ID,SMILES,CAS
D0001,Nc1ccc(S(=O)(=O)Nc2ccccn2)cc1,144-83-2 
D0002,CC(C)C[C@H](NC(=O)[C@@H](Cc1c[nH]c2ccccc12)NC(=O)[C@H](Cc1ccc(O)cc1)NC(=O)[C@H](CO)NC(=O)[C@H](Cc1c[nH]c2ccccc12)NC(=O)[C@H](Cc1c[nH]cn1)NC(=O)[C@@H]1CCC(=O)N1)C(=O)N[C@@H](CCCNC(N)=[NH2+])C(=O)N1CCC[C@H]1C(=O)NCC(N)=O,57773-63-4 
D0003,NCCc1cnc[nH]1,51-45-6
D0004,CC[C@@H](C)C1(CC)C(=O)NC(=O)NC1=O,125-40-6 
D0005,CC(=O)OCC(=O)[C@H]1CC[C@H]2[C@@H]3CCC4=CC(=O)CC[C@]4(C)[C@H]3CC[C@]12C,56-47-3
D0006,CC(C)(C)C(=O)OCC(=O)[C@H]1CC[C@H]2[C@@H]3CCC4=CC(=O)CC[C@]4(C)[C@H]3CC[C@]12C,808-48-0 
D0007,NC(N)=[NH2+],113-00-8 
D0008,CC1=CC(=O)c2ccccc2C1=O,58-27-5
D0009,Cn1c(=O)c2[nH]cnc2n(C)c1=O,58-55-9
D0010,C=C1CC[C@H](O)C/C1=C/C=C1\CCC[C@]2(C)[C@@H]([C@H](C)/C=C/[C@H](C)C(C)C)CC[C@@H]12,50-14-6
D0011,C[C@]12CC[C@@H]3c4ccc(O)cc4CC[C@H]3[C@@H]1CCC2=O,53-16-7
D0012,CC/C(=C(/CC)c1ccc(O)cc1)c1ccc(O)cc1,56-53-1
D0013,Nc1ccc(S(=O)(=O)Nc2ncccn2)cc1,68-35-9
D0014,CCOC(=O)C1(c2ccccc2)CCN(C)CC1,57-42-1
D0015,C[N+]1(C)[C@@H]2CC[C@H]1C[C@@H](OC(=O)[C@H](O)c1ccccc1)C2,80-49-9
D0016,COc1ccc2c3c1O[C@H]1C(=O)CC[C@H]4[C@@H](C2)N(C)CC[C@]314,125-29-1 
D0017,C[C@]12CC[C@@H]3c4ccc(O)cc4CC[C@H]3[C@@H]1CC[C@@H]2O,50-28-2
D0018,C#C[C@]1(O)CC[C@H]2[C@@H]3CCc4cc(O)ccc4[C@H]3CC[C@@]21C,57-63-6
D0019,CCCCC(=O)O[C@H]1CC[C@H]2[C@@H]3CCc4cc(O)ccc4[C@H]3CC[C@]12C,979-32-8 
D0020,C[C@]12CC[C@@H]3c4ccc(O)cc4CC[C@H]3[C@@H]1CC[C@@H]2OC(=O)CCC1CCCC1,313-06-4 
D0021,CC(=O)Oc1ccc2c(c1)CC[C@@H]1[C@@H]2CC[C@]2(C)[C@@H](O)CC[C@@H]12,4245-41-4
D0022,CN[C@@H](C)Cc1ccccc1,537-46-2 
D0023,O=c1c(Cc2c(O)oc3ccccc3c2=O)c(O)oc2ccccc12,66-76-2
D0024,CC1=C(/C=C/C(C)=C/C=C/C(C)=C/CO)C(C)(C)CCC1,68-26-8
D0025,COc1cc2c3cc1Oc1cc(ccc1O)C[C@H]1c4c(cc(OC)c(O)c4Oc4ccc(cc4)C[C@@H]3N(C)CC2)CC[N+]1(C)C,57-95-4
D0026,Nc1ccc(S(=O)(=O)NC(=O)c2ccccc2)cc1,127-71-9 
D0027,CC(=O)NS(=O)(=O)c1ccc(N)cc1,144-80-9 
D0028,Nc1ccc(S(=O)(=O)Nc2nccs2)cc1,72-14-0
D0030,CN(C)CCOC(c1ccccc1)c1ccccc1,58-73-1
D0031,C[C@H](Cc1cc2c(c(C(N)=O)c1)N(CCCO)CC2)NCCOc1ccccc1OCC(F)(F)F,160970-54-7
D0032,CN1C(=O)OC(C)(C)C1=O,127-48-0 
D0033,Nc1nc(=O)c2nc(CNc3ccc(C(=O)N[C@@H](CCC(=O)[O-])C(=O)[O-])cc3)cnc2[nH]1,59-30-3
D0034,CN(C)CCN(Cc1ccccc1)c1ccccn1,91-81-6
D0035,C[N+]1(C)[C@@H]2CC[C@H]1C[C@H](OC(=O)[C@@H](O)c1ccccc1)C2,80-49-9
D0036,CN1C[C@H](C(=O)N[C@]2(C)O[C@@]3(O)[C@@H]4CCCN4C(=O)[C@H](Cc4ccccc4)N3C2=O)C[C@@H]2c3cccc4[nH]cc(c34)C[C@H]21,511-12-6 
D0037,OC[C@H](S)CS,59-52-9
D0038,CCN(CC)CCC[C@@H](C)Nc1ccnc2cc(Cl)ccc12,54-05-7
D0039,CC[C@]1(c2ccccc2)NC(=O)N(C)C1=O,50-12-4
D0040,CC[C@@H](CO)NC(=O)[C@@H]1C=C2c3cccc4[nH]cc(c34)C[C@H]2N(C)C1,113-42-8 
D0041,O=[S@](O)CNc1ccc(S(=O)(=O)c2ccc(NC[S@](=O)O)cc2)cc1,144-76-3 
D0042,O=C1O[C@H]([C@@H](O)CO)C(O)=C1O,50-81-7
D0043,O=C([O-])CCCC[C@@H]1SC[C@@H]2NC(=O)N[C@@H]21,58-85-5
D0044,C[C@@H]1C[C@H]2[C@@H]3CCC4=CC(=O)C=C[C@]4(C)[C@@]3(Cl)[C@@H](O)C[C@]2(C)[C@@]1(OC(=O)c1ccco1)C(=O)CCl,83919-23-7 
D0045,NC(=O)c1cccnc1,98-92-0
D0046,Cc1ncc(CO)c(CO)c1O,65-23-6
D0047,Cc1ncc(C[n+]2csc(CCO)c2C)c(N)n1,59-43-8
D0048,Cc1c(C)c2c(c(C)c1O)CC[C@@](C)(CCC[C@H](C)CCC[C@H](C)CCCC(C)C)O2,59-02-9
D0049,C/C=C(C(=C/C)/c1ccc(O)cc1)\c1ccc(O)cc1,84-17-3
D0050,CCC(=O)C(C[C@@H](C)N(C)C)(c1ccccc1)c1ccccc1,76-99-3
D0051,CCCc1cc(=O)[nH]c(=S)[nH]1,51-52-5
D0052,CCCCOc1cc(C(=O)NCCN(CC)CC)c2ccccc2n1,85-79-0
D0053,Oc1c(Cl)cc(Cl)c(Cl)c1Cc1c(O)c(Cl)cc(Cl)c1Cl,70-30-4
D0054,OC[C@@H](S)CS,59-52-9
D0055,Cc1ccnc(NS(=O)(=O)c2ccc(N)cc2)n1,127-79-7 
D0056,Cc1cc(C)nc(NS(=O)(=O)c2ccc(N)cc2)n1,57-68-1
D0057,CC(C)NC[C@H](O)c1ccc(O)c(O)c1,7683-59-2
D0058,CC(C)NC[C@@H](O)c1ccc(O)c(O)c1,7683-59-2
D0059,c1ccc(CC2=NCCN2)cc1,59-98-3
D0060,CN(C)CCO[C@@](C)(c1ccccc1)c1ccccn1,469-21-6 
D0061,CCN(CC)Cc1cc(Nc2ccnc3cc(Cl)ccc23)ccc1O,86-42-0
D0062,CCN(CC)C(=O)N1CCN(C)CC1,90-89-1
D0063,CCN(CC)CC(=O)Nc1c(C)cccc1C,137-58-6 
D0064,CNC[C@H](O)c1ccc(O)c(O)c1,51-43-4
D0065,Cc1noc(NS(=O)(=O)c2ccc(N)cc2)c1C,127-69-5 
D0066,CC(=O)N(c1onc(C)c1C)S(=O)(=O)c1ccc(N)cc1,80-74-0
D0067,Nc1ccc(S(N)(=O)=O)cc1,63-74-1
D0068,C[C@H](C[N+](C)(C)C)OC(N)=O,590-63-6 
D0069,Cn1c(=O)c2c(ncn2C)n(C)c1=O,58-08-2
D0070,CN1C[C@H](C(=O)N[C@]2(C)O[C@@]3(O)[C@@H]4CCCN4C(=O)[C@H](Cc4ccccc4)N3C2=O)C=C2c3cccc4[nH]cc(c34)C[C@H]21,113-15-5 
D0071,COc1ccc2cc1Oc1cc3c(cc1OC)CC[N+](C)(C)[C@H]3Cc1ccc(cc1)Oc1c(OC)c(OC)cc3c1[C@@H](C2)[N+](C)(C)CC3,5152-30-7
D0072,CN(CCCl)CCCl,51-75-2
D0073,COc1ccc(OC)c([C@H](O)[C@@H](C)N)c1,390-28-3 
D0074,O[C@@](CCN1CCCCC1)(c1ccccc1)C1CCCCC1,144-11-6 
D0075,CC[C@]1(C)OC(=O)N(C)C1=O,115-67-3 
D0076,Nc1ccc(C(=O)[O-])c(O)c1,65-49-6
D0077,CN(C)CC[C@H](c1ccc(Cl)cc1)c1ccccn1,132-22-9 
D0078,Nc1ccc(C(=O)Oc2ccccc2)c(O)c1,133-11-9 
D0079,CN(C)CC[C@@H](c1ccc(Cl)cc1)c1ccccn1,25523-97-1 
D0080,C/C=C/C(=O)N(CC)c1ccccc1C,483-63-6 
D0081,O=C([O-])C1=C/C(=N/Nc2ccc(S(=O)(=O)Nc3ccccn3)cc2)C=CC1=O,599-79-1 
D0082,CC(=O)OCC(=O)[C@@]1(O)CC[C@H]2[C@@H]3CCC4=CC(=O)CC[C@]4(C)[C@H]3C(=O)C[C@@]21C,50-04-4
D0083,CCN(CC)CCNC(=O)c1ccc(N)cc1,51-06-9
D0084,CC(=O)Oc1ccccc1C(=O)[O-],50-78-2
D0085,COc1ccc2c3c1O[C@H]1C(=O)CC[C@@]4(O)[C@@H](C2)N(C)CC[C@]314,76-42-6
D0086,C=CCC1([C@H](C)CCC)C(=O)NC(=O)NC1=O,76-73-3
D0087,CCN(CC)CCOC(=O)C1(C2CCCCC2)CCCCC1,77-19-0
D0088,Cn1cc[nH]c1=S,60-56-0
D0089,C=C[C@H]1CN2CC[C@H]1C[C@@H]2[C@@H](O)c1ccnc2ccc(OC)cc12,56-54-2
D0090,C=CC[C@]1([C@H](C)CCC)C(=O)N=C(S)NC1=O,77-27-0
D0091,C=CC[C@]1([C@@H](C)CCC)C(=O)N=C(S)NC1=O,77-27-0
D0092,NC(=O)NC(=O)Cc1ccccc1,63-98-9
D0093,Cn1c(=O)c2c(ncn2C[C@H](O)CO)n(C)c1=O,479-18-5 
D0094,CCN(CC)CCOc1cccc(OCCN(CC)CC)c1OCCN(CC)CC,153-76-4 
D0095,CCN(CC)C(=S)SSC(=S)N(CC)CC,97-77-8
D0096,CCCN(CCC)S(=O)(=O)c1ccc(C(=O)[O-])cc1,57-66-9
D0097,C[C@@H](CN1c2ccccc2Sc2ccccc21)N(C)C,60-87-7
D0098,CNC[C@H](O)c1cccc(O)c1,59-42-7
D0099,C[C@H](CNC1CCCCC1)OC(=O)c1ccccc1,532-77-4 
D0100,COc1ccc(CN(CCN(C)C)c2ccccn2)cc1,91-84-9
D0101,CC[N+](C)(C)c1cccc(O)c1,312-48-1 
D0102,CN(C)CCO[C@@H](c1ccccc1)c1ccc(Br)cc1,1808-12-4
D0103,CN(Cc1cnc2nc(N)nc(N)c2n1)c1ccc(C(=O)N[C@@H](CCC(=O)[O-])C(=O)[O-])cc1,59-05-2
D0104,COc1ccc(C(Cl)=C(c2ccc(OC)cc2)c2ccc(OC)cc2)cc1,569-57-3 
D0105,Nc1nc(=O)c2c([nH]1)NC[C@@H](CNc1ccc(C(=O)N[C@@H](CCC(=O)[O-])C(=O)[O-])cc1)N2C=O,58-05-9
D0106,C[N+]1(C)CCC(=C(c2ccccc2)c2ccccc2)CC1,15394-62-4 
D0107,Oc1ccc(OCc2ccccc2)cc1,103-16-2 
D0108,C[C@]12CCC(=O)C=C1CC[C@@H]1[C@@H]2[C@@H](O)C[C@@]2(C)[C@H]1CC[C@]2(O)C(=O)CO,50-23-7
D0109,CC(=O)OCC(=O)[C@@]1(O)CC[C@H]2[C@@H]3CCC4=CC(=O)CC[C@]4(C)[C@H]3[C@@H](O)C[C@@]21C,50-03-3
D0110,CCCCC(=O)O[C@]1(C(=O)CO)CC[C@H]2[C@@H]3CCC4=CC(=O)CC[C@]4(C)[C@H]3[C@@H](O)C[C@@]21C,57524-89-7 
D0111,CCCC(=O)O[C@]1(C(=O)CO)CC[C@H]2[C@@H]3CCC4=CC(=O)CC[C@]4(C)[C@H]3[C@@H](O)C[C@@]21C,13609-67-1 
D0112,CNC(C)(C)Cc1ccccc1,100-92-5 
D0113,NNc1nncc2ccccc12,86-54-4
D0114,COc1ccc2c3c1O[C@H]1[C@@H](O)C=C[C@H]4[C@@H](C2)N(C)CC[C@@]341,76-57-3
D0115,CCCCC1C(=O)N(c2ccccc2)N(c2ccccc2)C1=O,50-33-9
D0116,CCC1(CC)C(=O)NC(=O)N(C)C1=O,50-11-3
D0117,NNC(=O)c1ccncc1,54-85-3
D0118,C[N+](C)(C)CCOC(=O)CCC(=O)OCC[N+](C)(C)C,306-40-1 
D0119,C[C@@H](CNC1CCCCC1)OC(=O)c1ccccc1,532-77-4 
D0120,Cc1nnc(NS(=O)(=O)c2ccc(N)cc2)s1,144-82-1 
D0121,CCc1nc(N)nc(N)c1-c1ccc(Cl)cc1,58-14-0
D0122,CCN(CC)CCOC(=O)c1ccc(N)cc1,59-46-1
D0123,C[C@H](COc1ccccc1)N(CCCl)Cc1ccccc1,59-96-1
D0124,C[C@H](N)[C@H](O)c1ccc(O)c(O)c1,829-74-3 
D0126,C[C@@H](COc1ccccc1)N(CCCl)Cc1ccccc1,59-96-1
D0127,CN1CC[C@]23CCCC[C@H]2[C@H]1Cc1ccc(O)cc13,77-07-6
D0128,CC(C)[N+](C)(CCOC(=O)C1c2ccccc2Oc2ccccc21)C(C)C,298-50-0 
D0129,O=C1NC(=O)C(c2ccccc2)(c2ccccc2)N1,57-41-0
D0130,CN(C)CCO[C@@H](c1ccc(Cl)cc1)c1ccccn1,486-16-8 
D0131,O=C1c2ccccc2C(=O)C1c1ccccc1,83-12-5
D0132,C[N+]1(C)[C@@H]2C[C@@H](OC(=O)[C@H](CO)c3ccccc3)C[C@H]1[C@@H]1O[C@@H]12,13265-10-6 
D0133,CN1C(=O)C[C@@H](c2ccccc2)C1=O,86-34-0
D0134,CCCOc1ccc(C(=O)OCCN(CC)CC)cc1N,499-67-2 
D0135,CN(C)CCO[C@H](c1ccc(Cl)cc1)c1ccccn1,486-16-8 
D0136,CC(=O)Nc1nnc(S(N)(=O)=O)s1,59-66-5
D0137,O[C@@](CCN1CCCCC1)(c1ccccc1)C1CCCC1,77-39-4
D0138,COc1c2occc2cc2ccc(=O)oc12,298-81-7 
D0139,S=c1nc[nH]c2nc[nH]c12,50-44-2
D0140,CCN(CC)[C@@H](C)CN1c2ccccc2Sc2ccccc21,522-00-9 
D0141,COC(=O)[C@H]1[C@H]2C[C@@H]3c4[nH]c5cc(OC)ccc5c4CCN3C[C@H]2C[C@@H](OC(=O)c2cc(OC)c(OC)c(OC)c2)[C@@H]1OC,50-55-5
D0142,CN(C)CCCN1c2ccccc2Sc2ccc(Cl)cc21,50-53-3
D0143,C[C@]12CC[C@H]3[C@@H](CCC4=CC(=O)CC[C@@]43C)[C@@H]1CC[C@@H]2O,58-22-0
D0144,CCC(=O)O[C@H]1CC[C@H]2[C@@H]3CCC4=CC(=O)CC[C@]4(C)[C@H]3CC[C@]12C,57-85-2
D0145,NC(=[NH2+])C1=CC(=O)/C(=C\C=c2ccc(=C(N)N)cc2)C=C1,495-99-8 
D0146,CCC1(c2ccccc2)C(=O)NCNC1=O,125-33-7 
D0147,CC(=O)C[C@@H](c1ccccc1)c1c(O)oc2ccccc2c1=O,81-81-2
D0148,CC(=O)[C@H]1CC[C@H]2[C@@H]3CCC4=CC(=O)CC[C@]4(C)[C@H]3CC[C@]12C,57-83-0
D0149,Cn1c(=O)c2[n-]cnc2n(C)c1=O,46155-92-4 
D0150,C[C@H]1O[C@@H](O[C@H]2CC[C@@]3(C)[C@H](CC[C@@H]4[C@@H]3C[C@@H](O)[C@]3(C)[C@@H](C5=CC(=O)OC5)CC[C@]43O)C2)C[C@H](O)[C@@H]1O[C@H]1C[C@H](O)[C@H](O[C@H]2C[C@H](O)[C@H](O[C@@H]3O[C@H](CO)[C@@H](O)[C@H](O)[C@H]3O)[C@@H](C)O2)[C@@H](C)O1,17598-65-1 
D0151,CC[N+](CC)(CC)CC[C@@](O)(c1ccccc1)C1CCCCC1,4310-35-4
D0152,C[C@H]1O[C@@H](O[C@H]2[C@@H](O)C[C@H](O[C@H]3[C@@H](O)C[C@H](O[C@H]4CC[C@@]5(C)[C@H](CC[C@@H]6[C@@H]5C[C@@H](O)[C@]5(C)[C@@H](C7=CC(=O)OC7)CC[C@]65O)C4)O[C@@H]3C)O[C@@H]2C)C[C@H](O)[C@@H]1O,20830-75-5 
D0153,NCCc1ccn[nH]1,105-20-4 
D0154,C[N+]1(CCCCC[N+]2(C)CCCC2)CCCC1,144-44-5 
D0155,CS(=O)(=O)OCCCCOS(C)(=O)=O,55-98-1
D0156,C=CCC1([C@H](C)CC)C(=O)NC(=O)NC1=O,115-44-6 
D0157,CCN(CC)CCOC(=O)c1ccc(N)cc1Cl,133-16-4 
D0158,CC(=O)O[C@H]1C[C@H](O[C@H]2[C@@H](O)C[C@H](O[C@H]3[C@@H](O)C[C@H](O[C@H]4CC[C@@]5(C)[C@H](CC[C@@H]6[C@@H]5CC[C@]5(C)[C@@H](C7=CC(=O)OC7)CC[C@]65O)C4)O[C@@H]3C)O[C@@H]2C)O[C@H](C)[C@H]1O,1111-39-3
D0159,CC[N+](CC)(CC)CC[C@](O)(c1ccccc1)C1CCCCC1,4310-35-4
D0160,C[C@H](N)[C@H](O)c1cccc(O)c1,54-49-9
D0161,CC[C@]1(c2ccccc2)CCC(=O)NC1=O,77-21-4
D0162,CCN(CCO)CCC[C@@H](C)Nc1ccnc2cc(Cl)ccc12,118-42-3 
D0163,CCC1(CC)C(=O)NC[C@@H](C)C1=O,125-64-4 
D0164,CCCC(C)(COC(N)=O)COC(N)=O,57-53-4
D0165,C#CC1(OC(N)=O)CCCCC1,126-52-3 
D0166,C[C@]12C=CC(=O)C=C1CC[C@@H]1[C@@H]2C(=O)C[C@@]2(C)[C@H]1CC[C@]2(O)C(=O)CO,53-03-2
D0167,CCN(CCO)CCC[C@H](C)Nc1ccnc2cc(Cl)ccc12,118-42-3 
D0168,O[C@](CCN1CCCC1)(c1ccccc1)C1CCCCC1,77-37-2
D0169,CN(C)C(=O)Oc1ccc[n+](C)c1,155-97-5 
D0170,CCCCOc1ccc(C(=O)CCN2CCCCC2)cc1,586-60-7 
D0171,C[C@]12C=CC(=O)C=C1CC[C@@H]1[C@@H]2[C@@H](O)C[C@@]2(C)[C@H]1CC[C@]2(O)C(=O)CO,50-24-8
D0172,CC(=O)OCC(=O)[C@@]1(O)CC[C@H]2[C@@H]3CCC4=CC(=O)C=C[C@]4(C)[C@H]3[C@@H](O)C[C@@]21C,52-21-1
D0173,Cc1cc2nc3c(=O)[nH]c(=O)nc-3n(C[C@H](O)[C@H](O)[C@H](O)CO)c2cc1C,83-88-5
D0174,C#C[C@](O)(/C=C/Cl)CC,113-18-8 
D0175,CC(=O)OCC(=O)[C@@]1(O)CC[C@H]2[C@@H]3CCC4=CC(=O)CC[C@]4(C)[C@@]3(F)[C@@H](O)C[C@@]21C,514-36-3 
D0176,COc1ccc(OC)c([C@@H](O)CN)c1,3600-87-1
D0177,C[C@@H](N)Cc1ccc(O)cc1,103-86-6 
D0178,CC1=C(C/C=C(\C)CCC[C@H](C)CCC[C@H](C)CCCC(C)C)C(=O)c2ccccc2C1=O,84-80-0
D0179,CC[N+](CC)(CCNC(=O)C(=O)NCC[N+](CC)(CC)Cc1ccccc1Cl)Cc1ccccc1Cl,7648-98-8
D0180,COC(=O)[C@@H](c1ccccc1)[C@@H]1CCCCN1,1037510-61-4 
D0181,CN[C@@]1(C)[C@H]2CC[C@H](C2)C1(C)C,60-40-2
D0182,CCCCCC(=O)O[C@]1(C(C)=O)CC[C@H]2[C@@H]3CCC4=CC(=O)CC[C@]4(C)[C@H]3CC[C@@]21C,630-56-8 
D0183,CN(C)CCCN1c2ccccc2Sc2ccccc21,58-40-2
D0184,C[N@+]12CC[C@H](CC1)[C@@H](OC(=O)C(O)(c1ccccc1)c1ccccc1)C2,3485-62-9
D0185,N[C@@H](Cc1cc(I)c(Oc2ccc(O)c(I)c2)c(I)c1)C(=O)[O-],6893-02-3
D0186,OCCOCCN1CCN([C@@H](c2ccccc2)c2ccc(Cl)cc2)CC1,68-88-2
D0187,CN1C(=O)C[C@@](C)(c2ccccc2)C1=O,39122-23-1 
D0188,C=CCN1CC[C@]23CCCC[C@H]2[C@H]1Cc1ccc(O)cc13,152-02-3 
D0189,C[C@H]1NCCO[C@@H]1c1ccccc1,134-49-6 
D0190,CCOC(=O)C1(c2ccccc2)CCN(CCc2ccc(N)cc2)CC1,144-14-9 
D0191,CCN(CC)CC(=O)OCC(=O)[C@@]1(O)CC[C@H]2[C@@H]3CCC4=CC(=O)CC[C@]4(C)[C@H]3[C@@H](O)C[C@@]21C,76-47-1
D0192,CN1CCN(CCCN2c3ccccc3Sc3ccc(Cl)cc32)CC1,58-38-8
D0193,Cc1ccccc1[C@H](OCCN(C)C)c1ccccc1,83-98-7
D0194,CN1C(=O)C[C@](C)(c2ccccc2)C1=O,39122-22-0 
D0195,C[C@]1(O)CC[C@H]2[C@@H]3CCC4=CC(=O)CC[C@]4(C)[C@@]3(F)[C@@H](O)C[C@@]21C,76-43-7
D0196,Cc1ccccc1[C@@H](OCCN(C)C)c1ccccc1,83-98-7
D0197,Cc1cccc(CN2CCN([C@H](c3ccccc3)c3ccc(Cl)cc3)CC2)c1,569-65-3 
D0198,CC(C)OP(=O)(F)OC(C)C,55-91-4
D0199,O=C([O-])CCCc1ccc(N(CCCl)CCCl)cc1,305-03-3 
D0200,CCCCNC(=O)NS(=O)(=O)c1ccc(C)cc1,64-77-7
D0201,C[N+]1(C)CCC[C@@H](OC(=O)C(O)(c2ccccc2)c2ccccc2)C1,25990-43-6 
D0202,COC(=O)[C@H]1[C@H]2C[C@@H]3c4[nH]c5cc(OC)ccc5c4CCN3C[C@H]2C[C@@H](OC(=O)/C=C/c2cc(OC)c(OC)c(OC)c2)[C@@H]1OC,24815-24-5 
D0203,Cc1cccc(CN2CCN([C@@H](c3ccccc3)c3ccc(Cl)cc3)CC2)c1,569-65-3 
D0204,CC(C)[N+](C)(CCC(C(N)=O)(c1ccccc1)c1ccccc1)C(C)C,7492-32-2
D0205,OCCN1CCN(CCCN2c3ccccc3Sc3ccc(Cl)cc32)CC1,58-39-9
D0206,COC(=O)[C@H]1[C@H]2C[C@@H]3c4[nH]c5ccccc5c4CCN3C[C@H]2C[C@@H](OC(=O)c2cc(OC)c(OC)c(OC)c2)[C@@H]1OC,131-01-1 
D0207,CN(C)CC[C@@H](c1ccc(Br)cc1)c1ccccn1,132-21-8 
D0208,CCN1C(=O)N[C@H](c2ccccc2)C1=O,86-35-1
D0209,C#C[C@]1(O)CC[C@H]2[C@@H]3CCC4=CC(=O)CC[C@@H]4[C@H]3CC[C@@]21C,68-22-4
D0210,C#C[C@]1(OC(C)=O)CC[C@H]2[C@@H]3CCC4=CC(=O)CC[C@@H]4[C@H]3CC[C@@]21C,51-98-9
D0211,COc1ccc(C2C(=O)c3ccccc3C2=O)cc1,117-37-3 
D0212,CC(C)(C)c1ccc(CN2CCN([C@@H](c3ccccc3)c3ccc(Cl)cc3)CC2)cc1,82-95-1
D0213,C#C[C@]1(O)CC[C@H]2[C@@H]3CCc4cc(OC)ccc4[C@H]3CC[C@@]21C,72-33-3
D0214,C#C[C@]1(O)CC[C@H]2[C@@H]3CCC4=C(CCC(=O)C4)[C@H]3CC[C@@]21C,68-23-5
D0215,CCC(=O)O[C@](Cc1ccccc1)(c1ccccc1)[C@H](C)CN(C)C,469-62-5 
D0216,COc1ccccc1OC[C@@H](O)COC(N)=O,532-03-6 
D0217,CCOc1ccc2nc(S(N)(=O)=O)sc2c1,452-35-7 
D0218,O=C([O-])c1cccnc1,59-67-6
D0219,Cc1ccc(/C(=C\CN2CCCC2)c2ccccn2)cc1,486-12-4 
D0220,CN(C)CCCN1c2ccccc2Sc2ccc(C(F)(F)F)cc21,146-54-3 
D0221,NS(=O)(=O)c1cc2c(cc1Cl)NC=NS2(=O)=O,58-94-6
D0222,C[C@H]1C[C@@H]2[C@H]([C@@H](O)C[C@@]3(C)[C@H]2CC[C@]3(O)C(=O)CO)[C@@]2(C)C=CC(=O)C=C12,83-43-2
D0223,C[C@H]1C[C@@H]2[C@H]([C@@H](O)C[C@@]3(C)[C@H]2CC[C@]3(O)C(=O)COC(=O)CCC(=O)[O-])[C@@]2(C)C=CC(=O)C=C12,2921-57-5
D0224,C[C@]12C=CC(=O)C=C1CC[C@H]1[C@@H]3C[C@@H](O)[C@](O)(C(=O)CO)[C@@]3(C)C[C@H](O)[C@@]12F,124-94-7 
D0225,CC1(C)O[C@@H]2C[C@H]3[C@@H]4CCC5=CC(=O)C=C[C@]5(C)[C@@]4(F)[C@@H](O)C[C@]3(C)[C@]2(C(=O)CO)O1,76-25-5
D0226,CC(=O)OCC(=O)[C@@]1(O)[C@H](OC(C)=O)C[C@H]2[C@@H]3CCC4=CC(=O)C=C[C@]4(C)[C@@]3(F)[C@@H](O)C[C@@]21C,67-78-7
D0227,CCCCNc1ccc(C(=O)OCCOCCOCCOCCOCCOCCOCCOCCOCCOC)cc1,104-31-4 
D0228,CC[C@@H](c1ccccc1)c1c(O)oc2ccccc2c1=O,435-97-2 
D0229,COc1ccc2c(c1)[C@]13CCCC[C@@H]1[C@H](C2)N(C)CC3,125-71-3 
D0230,CN1C(=O)CCS(=O)(=O)[C@@H]1c1ccc(Cl)cc1,80-77-3
D0232,O=c1[nH]c2cc(Cl)ccc2o1,95-25-0
D0233,C[C@@H](CN(C)C)CN1c2ccccc2Sc2ccccc21,84-96-8
D0234,FC(F)(F)[C@H](Cl)Br,151-67-7 
D0235,NS(=O)(=O)c1cc(Cl)c(Cl)c(S(N)(=O)=O)c1,120-97-8 
D0236,CN1C(=O)CCS(=O)(=O)[C@H]1c1ccc(Cl)cc1,80-77-3
D0237,CN1CCN(CCCN2c3ccccc3Sc3ccc(C(F)(F)F)cc32)CC1,117-89-5 
D0238,O=C1C(CC[S@](=O)c2ccccc2)C(=O)N(c2ccccc2)N1c1ccccc1,57-96-5
D0239,C=CC[C@@]1([C@@H](C)C#CCC)C(=O)NC(=O)N(C)C1=O,151-83-7 
D0240,CN1CCCN=C1COC(=O)[C@](O)(c1ccccc1)C1CCCCC1,125-53-1 
D0241,CC(C)(N)Cc1ccccc1,122-09-8 
D0242,CCCNC(=O)NS(=O)(=O)c1ccc(Cl)cc1,94-20-2
D0243,C[C@@H]1C[C@H]2[C@@H]3CCC4=CC(=O)C=C[C@]4(C)[C@@]3(F)[C@@H](O)C[C@]2(C)[C@@]1(O)C(=O)CO,50-02-2
D0244,C[C@@H]1C[C@H]2[C@@H]3CCC4=CC(=O)C=C[C@]4(C)[C@@]3(F)[C@@H](O)C[C@]2(C)[C@@]1(O)C(=O)COP(=O)([O-])[O-],312-93-6 
D0245,CC(=O)OCC(=O)[C@@]1(O)[C@H](C)C[C@H]2[C@@H]3CCC4=CC(=O)C=C[C@]4(C)[C@@]3(F)[C@@H](O)C[C@@]21C,1177-87-3
D0246,CCN(CC)[C@@H](C)C(=O)c1ccccc1,90-84-6
D0247,CCC[C@@H](C)C1(CC)C(=O)NC(=S)NC1=O,76-75-5
D0248,S=P(N1CC1)(N1CC1)N1CC1,52-24-4
D0249,C[C@@H](N)[C@@H](O)c1ccccc1,14838-15-4 
D0250,CN1CC[C@]23c4c5ccc(O)c4O[C@H]2C(=O)CC[C@@]3(O)[C@H]1C5,76-41-5
D0251,CC(=O)/N=c1\sc(S(N)(=O)=O)nn1C,554-57-4 
D0252,CC(=O)[C@@]1(O)CC[C@H]2[C@@H]3C[C@H](C)C4=CC(=O)C=C[C@]4(C)[C@@]3(F)[C@@H](O)C[C@@]21C,426-13-1 
D0253,OCCN1CCN(CCCN2c3ccccc3Sc3ccc(C(F)(F)F)cc32)CC1,69-23-8
D0254,CCC[C@@](C)(COC(N)=O)COC(=O)NC(C)C,78-44-4
D0255,CCC[C@](C)(COC(N)=O)COC(=O)NC(C)C,78-44-4
D0256,NS(=O)(=O)c1cc2c(cc1Cl)NCNS2(=O)=O,58-93-5
D0257,CSc1ccc2c(c1)N(CC[C@H]1CCCCN1C)c1ccccc1S2,50-52-2
D0258,CN(C)CCCN1c2ccccc2CCc2ccccc21,50-49-7
D0259,CN1CC[C@@H](CN2c3ccccc3Sc3ccccc32)C1,1982-37-2
D0260,CC(=O)O[C@]1(C(C)=O)CC[C@H]2[C@@H]3C[C@H](C)C4=CC(=O)CC[C@]4(C)[C@H]3CC[C@@]21C,71-58-9
D0261,CN(CCCCCCCCCCN(C)C(=O)Oc1cccc([N+](C)(C)C)c1)C(=O)Oc1cccc([N+](C)(C)C)c1,16505-84-3 
D0262,C[C@]12CC[C@H]3[C@@H](CCC4=CC(=O)CC[C@@H]43)[C@@H]1CC[C@@H]2O,434-22-0 
D0263,NNCCc1ccccc1,51-71-8
D0264,CN1CCC(OC(c2ccccc2)c2ccccc2)CC1,147-20-6 
D0265,NS(=O)(=O)c1cc2c(cc1C(F)(F)F)NCNS2(=O)=O,135-09-1 
D0266,CN1CC[C@H](CN2c3ccccc3Sc3ccccc32)C1,1982-37-2
D0267,Cc1cc(C(=O)NNCc2ccccc2)no1,59-63-2
D0268,CCOP(=O)(OCC)SCC[N+](C)(C)C,6736-03-4
D0269,Cc1cc(/C=C/c2ccc3cc(N(C)C)ccc3[n+]2C)c(C)n1-c1ccccc1,7187-62-4
D0270,O[C@@](CCN1CCCCC1)(c1ccccc1)[C@H]1C[C@H]2C=C[C@@H]1C2,514-65-8 
D0271,O=[N+]([O-])O[C@H]1CO[C@@H]2[C@H](O[N+](=O)[O-])CO[C@H+15]12,87-33-2
D0273,CCN(Cc1ccncc1)C(=O)[C@H](CO)c1ccccc1,1508-75-4
D0274,Cc1cccc(C)c1NC(=O)[C@H]1CCCCN1C,96-88-8
D0275,CN(C)CC[C@@](O)(c1ccccc1)c1ccccc1Cl,791-35-5 
D0276,NS(=O)(=O)c1cc2c(cc1Cl)NC(CSCc1ccccc1)=NS2(=O)=O,91-33-8
D0277,O=[P@]1(N(CCCl)CCCl)NCCCO1,50-18-0
D0278,CC(=O)S[C@@H]1CC2=CC(=O)CC[C@]2(C)[C@H]2CC[C@@]3(C)[C@@H](CC[C@@]34CCC(=O)O4)[C@H]12,52-01-7
D0279,NS(=O)(=O)c1cc2c(cc1C(F)(F)F)N[C@H](Cc1ccccc1)NS2(=O)=O,73-48-3
D0280,O=c1[nH]cc(F)c(=O)[nH]1,51-21-8
D0281,C[C@H]1[C@H](c2ccccc2)OCCN1C,634-03-7 
D0282,C/N=C1/CN(O)C(c2ccccc2)=c2cc(Cl)ccc2=N1,58-25-3
D0283,NS(=O)(=O)c1cc2c(cc1Cl)N[C@H](C(Cl)Cl)NS2(=O)=O,133-67-5 
D0284,NS(=O)(=O)c1cc([C@@]2(O)NC(=O)c3ccccc32)ccc1Cl,77-36-1
D0285,CC[C@H](C)[C@@H]1NC(=O)[C@H](Cc2ccc(O)cc2)NC(=O)[C@@H](N)CSSC[C@@H](C(=O)N2CCC[C@H]2C(=O)N[C@@H](CC(C)C)C(=O)NCC(N)=O)NC(=O)[C@H](CC(N)=O)NC(=O)[C@H](CCC(N)=O)NC1=O,50-56-6
D0286,N[C@H](Cc1cc(I)c(Oc2cc(I)c(O)c(I)c2)c(I)c1)C(=O)[O-],51-49-0
D0287,CC[C@H](NC(C)C)[C@@H](O)c1ccc(O)c(O)c1,788763-51-9
D0288,N[C@@H]1C[C@H]1c1ccccc1,155-09-9 
D0289,CC[C@]1(C)CC(=O)NC1=O,77-67-8
D0290,CCC(=O)c1ccc2c(c1)N(C[C@@H](C)N(C)C)c1ccccc1S2,362-29-8 
D0291,COc1cc2c(c(OC)c1OC)-c1ccc(OC)c(=O)cc1[C@@H](NC(C)=O)CC2,64-86-8
D0292,CN[C@@H](C)[C@@H](O)c1ccccc1,90-82-4
D0293,CN1[C@@H]2CC[C@H]1C[C@@H](OC(=O)[C@@H](CO)c1ccccc1)C2,51-55-8
D0294,C[C@@H](Cc1ccccc1)N(C)Cc1ccccc1,156-08-1 
D0295,Nc1nc(=S)c2[nH]cnc2[nH]1,154-42-7 
D0296,CN1[C@@H]2CC[C@H]1C[C@@H](OC(=O)[C@H](CO)c1ccccc1)C2,51-55-8
D0297,CCOC(=O)C1(c2ccccc2)CCN(CCC(C#N)(c2ccccc2)c2ccccc2)CC1,915-30-0 
D0298,CCCCCCc1ccc(O)cc1O,7527-91-5
D0299,CN(C)CC/C=C1/c2ccccc2Sc2ccc(Cl)cc21,113-59-7 
D0300,CN1[C@@H](CCl)Nc2cc(Cl)c(S(N)(=O)=O)cc2S1(=O)=O,135-07-9 
D0301,CCCC[C@H]1C(=O)N(c2ccccc2)N(c2ccc(O)cc2)C1=O,129-20-4 
D0303,CN1CCC(=C2c3ccccc3C=Cc3ccccc32)CC1,129-03-3 
D0304,C[C@H]1C[C@H]2[C@@H]3CCC4=CC(=O)C=C[C@]4(C)[C@@]3(F)[C@@H](O)C[C@]2(C)[C@@]1(O)C(=O)CO,378-44-9 
D0305,CC(=O)OCC(=O)[C@@]1(O)[C@@H](C)C[C@H]2[C@@H]3CCC4=CC(=O)C=C[C@]4(C)[C@@]3(F)[C@@H](O)C[C@@]21C,987-24-6 
D0306,CCCCC(=O)O[C@]1(C(=O)CO)[C@@H](C)C[C@H]2[C@@H]3CCC4=CC(=O)C=C[C@]4(C)[C@@]3(F)[C@@H](O)C[C@@]21C,2152-44-5
D0307,CC[C@]1(O)C[C@@H]2CN(CCc3c([nH]c4ccccc34)[C@@](C(=O)OC)(c3cc4c(cc3OC)N(C)[C@H]3[C@@](O)(C(=O)OC)[C@H](OC(C)=O)[C@]5(CC)C=CCN6CC[C@]43[C@@H]65)C2)C1,865-21-4 
D0308,Cc1cc2cc3c(C)cc(=O)oc3c(C)c2o1,3902-71-4
D0309,CN(C)CCC=C1c2ccccc2CCc2ccccc21,50-48-6
D0310,Cc1cc(NS(=O)(=O)c2ccc(N)cc2)no1,723-46-6 
D0311,CCSc1ccc2c(c1)N(CCCN1CCN(C)CC1)c1ccccc1S2,1420-55-9
D0312,CC1(C)O[C@@H]2C[C@H]3[C@@H]4C[C@H](F)C5=CC(=O)C=C[C@]5(C)[C@@]4(F)[C@@H](O)C[C@]3(C)[C@]2(C(=O)CO)O1,67-73-2
D0313,CC1(C)O[C@@H]2C[C@H]3[C@@H]4C[C@H](F)C5=CC(=O)CC[C@]5(C)[C@H]4[C@@H](O)C[C@]3(C)[C@]2(C(=O)CO)O1,1524-88-5
D0314,C[N+]1(C)CC[C@@H](OC(=O)[C@@](O)(c2ccccc2)C2CCCC2)C1,596-51-0 
D0315,OCCN(CCO)c1nc(N2CCCCC2)c2nc(N(CCO)CCO)nc(N3CCCCC3)c2n1,58-32-2
D0316,CN1[C@@H](CSCC(F)(F)F)Nc2cc(Cl)c(S(N)(=O)=O)cc2S1(=O)=O,346-18-9 
D0317,O=c1[nH]cc(N(CCCl)CCCl)c(=O)[nH]1,66-75-1
D0318,CC(C)(C(=O)c1cccnc1)c1cccnc1,54-36-4
D0319,CCc1cc(C(N)=S)ccn1,536-33-4 
D0320,COC(F)(F)C(Cl)Cl,76-38-0
D0321,NS(=O)(=O)c1cc2c(cc1Cl)N[C@H]([C@@H]1C[C@@H]3C=C[C@H]1C3)NS2(=O)=O,177468-84-7
D0322,Nc1nc(N)c2nc(-c3ccccc3)c(N)nc2n1,396-01-0 
D0323,Cc1cc(C)cc(OC[C@H]2CNC(=O)O2)c1,1665-48-1
D0324,CN1C(=O)CN=C(c2ccccc2)c2cc(Cl)ccc21,439-14-5 
D0325,CC[C@@H]1NC(=O)c2cc(S(N)(=O)=O)c(Cl)cc2N1,73-49-4
D0326,Nc1ccc(/N=N/c2ccccc2)c(N)n1,94-78-0
D0327,CC(=O)c1ccc(S(=O)(=O)NC(=O)NC2CCCCC2)cc1,968-81-0 
D0328,C[C@@](N)(Cc1ccc(O)c(O)c1)C(=O)[O-],555-30-6 
D0329,CCOC(=O)[C@](C)(N)Cc1ccc(O)c(O)c1,2508-79-4
D0330,CCCC(CCC)C(=O)O[C@H]1C[C@H]2CC[C@@H](C1)N2C,25333-49-7 
D0331,C#CCN(C)Cc1ccccc1,555-57-7 
D0332,CC(=O)N[C@@H](CS)C(=O)[O-],616-91-1 
D0333,CNCCCN1c2ccccc2CCc2ccccc21,50-47-5
D0334,C[C@]12COC(=O)C[C@@H]1CC[C@@H]1[C@@H]2CC[C@@]2(C)[C@H]1CC[C@]2(C)O,53-39-4
D0335,O=c1[nH]c(=O)n([C@H]2C[C@H](O)[C@@H](CO)O2)cc1I,54-42-2
D0336,CC[C@]1(O)CC[C@H]2[C@@H]3CCC4=CCCC[C@@H]4[C@H]3CC[C@@]21C,965-90-2 
D0337,CC[C@]1(O)C[C@@H]2CN(CCc3c([nH]c4ccccc34)[C@@](C(=O)OC)(c3cc4c(cc3OC)N(C=O)[C@H]3[C@@](O)(C(=O)OC)[C@H](OC(C)=O)[C@]5(CC)C=CCN6CC[C@]43[C@@H]65)C2)C1,57-22-7
D0338,C[n+]1ccccc1/C=N\O,6735-59-7
D0339,CCn1cc(C(=O)[O-])c(=O)c2ccc(C)nc21,389-08-2 
D0340,CCCCCCCCCc1ccc(OCCOCCOCCOCCOCCOCCOCCOCCOCCO)cc1,26027-38-3 
D0341,CNCCC=C1c2ccccc2CCc2ccccc21,72-69-5
D0342,N[C@@H](Cc1ccc(N(CCCl)CCCl)cc1)C(=O)[O-],148-82-3 
D0343,CC(C)(N)Cc1ccc(Cl)cc1,461-78-9 
D0344,CCCN[C@H](C)C(=O)Nc1ccccc1C,721-50-6 
D0345,CCN1C[C@@H](CCN2CCOCC2)C(c2ccccc2)(c2ccccc2)C1=O,309-29-5 
D0346,Cc1cccc(Nc2ccccc2C(=O)[O-])c1C,61-68-7
D0347,NCCCCCC(=O)[O-],60-32-2
D0348,Cc1ccc(S(=O)(=O)NC(=O)NN2CCCCCC2)cc1,1156-19-0
D0349,O=C1Nc2ccc(Cl)cc2C(c2ccccc2)=N[C@H]1O,604-75-1 
D0350,O=C(CCCN1CCC(O)(c2ccc(Cl)cc2)CC1)c1ccc(F)cc1,52-86-8
D0351,COc1cnc(NS(=O)(=O)c2ccc(N)cc2)nc1,651-06-9 
D0352,CNCCCC1c2ccccc2C=Cc2ccccc21,438-60-8 
D0353,N[C@]12C[C@H]3C[C@H](C[C@H](C3)C1)C2,768-94-5 
D0354,C#C[C@]1(OC(C)=O)CC[C@H]2[C@@H]3CCC4=C[C@@H](OC(C)=O)CC[C@@H]4[C@H]3CC[C@@]21C,297-76-7 
D0355,OC(CCCN1CCCCC1)(c1ccccc1)c1ccccc1,972-02-1 
D0356,O=C(CCCN1CC=C(n2c(=O)[nH]c3ccccc32)CC1)c1ccc(F)cc1,548-73-2 
D0357,CCC(=O)N(c1ccccc1)C1CCN(CCc2ccccc2)CC1,437-38-7 
D0358,COc1ccc2c(c1)c(CC(=O)[O-])c(C)n2C(=O)c1ccc(Cl)cc1,53-86-1
D0359,O=c1ncnc2[nH][nH]cc1-2,315-30-0 
D0360,COc1ccc(OC)c([C@H](O)CN)c1,3600-87-1
D0361,c1ccc2[nH]c(-c3cscn3)nc2c1,148-79-8 
D0362,CCOC(=O)C(C)(C)Oc1ccc(Cl)cc1,637-07-0 
D0363,C[C@]12C=CC(=O)C=C1CC[C@@H]1[C@@H]2CC[C@]2(C)OC(=O)CC[C@@H]12,968-93-4 
D0364,CCN(CC)CCOc1ccc(/C(=C(\Cl)c2ccccc2)c2ccccc2)cc1,911-45-5 
D0365,CC(C)=CCN1CC[C@]2(C)c3cc(O)ccc3C[C@H]1[C@H]2C,359-83-1 
D0366,CC(=O)OCC[N+](C)(C)C,51-84-3
D0367,O=C(CCBr)N1CCN(C(=O)CCBr)CC1,54-91-1
D0368,CC(=O)N(O)CCCCCNC(=O)CCC(=O)N(O)CCCCCNC(=O)CCC(=O)N(O)CCCCCN,70-51-9
D0369,NS(=O)(=O)c1cc(C(=O)[O-])c(NCc2ccco2)cc1Cl,54-31-9
D0370,NC(=O)NO,127-07-1 
D0371,CC[C@@H](CO)NCCN[C@@H](CC)CO,74-55-5
D0373,C[C@@H]1C[C@H]2[C@@H]3C[C@H](F)C4=CC(=O)C=C[C@]4(C)[C@@]3(F)[C@@H](O)C[C@]2(C)[C@@]1(O)C(=O)COC(=O)C(C)(C)C,2002-29-1
D0374,CC(=O)Nc1ccc(O)cc1,103-90-2 
D0375,CC(C)NC[C@H](O)COc1cccc2ccccc12,525-66-6 
D0376,CN1CCN(CC/C=C2/c3ccccc3Sc3ccc(S(=O)(=O)N(C)C)cc32)CC1,3313-26-6
D0377,NC(=O)N1c2ccccc2C=Cc2ccccc21,298-46-4 
D0378,CC(=O)[C@H]1CC[C@H]2[C@@H]3C[C@H](C)C4=CC(=O)CC[C@]4(C)[C@H]3[C@@H](O)C[C@]12C,2668-66-8
D0379,C=CCN1CC[C@]23c4c5ccc(O)c4O[C@H]2C(=O)CC[C@@]3(O)[C@H]1C5,465-65-6 
D0380,C#C[C@@]1(O)CC[C@H]2[C@@H]3CCC4=CC(=O)CC[C@@H]4[C@H]3CC[C@@]21CC,6533-00-2
D0381,CCN(CC)CCN1C(=O)CN=C(c2ccccc2F)c2cc(Cl)ccc21,17617-23-1 
D0382,NS(=O)(=O)c1cc2c(cc1Cl)N[C@H]([C@H]1C[C@H]3C=C[C@@H]1C3)NS2(=O)=O,134077-76-2
D0383,C#C[C@]1(O)CC[C@H]2[C@@H]3CCc4cc(OC5CCCC5)ccc4[C@H]3CC[C@@]21C,152-43-2 
D0384,Cc1c(-c2ccccc2)oc2c(C(=O)OCCN3CCCCC3)cccc2c1=O,15301-69-6 
D0385,CNNCc1ccc(C(=O)NC(C)C)cc1,671-16-9 
D0386,C[C@@H](CN(C)C)CN1c2ccccc2CCc2ccccc21,739-71-9 
D0387,Nc1ccn([C@@H]2O[C@H](CO)[C@@H](O)[C@@H]2O)c(=O)n1,147-94-4 
D0388,CN(C)CC/C=C1/c2ccccc2COc2ccccc21,1668-19-5
D0389,CN[C@]1(c2ccccc2Cl)CCCCC1=O,33643-46-8 
D0390,CCN(CC)C(=O)[C@@H]1CN2CCc3cc(OC)c(OC)cc3[C@@H]2C[C@H]1OC(C)=O,23844-24-8 
D0391,NC1=NC(=O)[C@@H](c2ccccc2)O1,2152-34-3
D0392,Clc1ccc([C@@H](c2ccccc2Cl)C(Cl)Cl)cc1,53-19-0
D0393,CC(=O)OCC(=O)[C@@]12OC(C)(C)O[C@@H]1C[C@H]1[C@@H]3C[C@H](F)C4=CC(=O)C=C[C@]4(C)[C@@]3(F)[C@@H](O)C[C@@]12C,356-12-7 
D0394,N[C@@H](Cc1ccc(O)c(O)c1)C(=O)[O-],59-92-7
D0395,CC1=C(/C=C/C(C)=C/C=C/C(C)=C/C(=O)[O-])C(C)(C)CCC1,302-79-4 
D0396,O=c1[nH]c(=O)n([C@H]2C[C@H](O)[C@@H](CO)O2)cc1F,50-91-9
D0397,Clc1cc(Cl)c(OCC#CI)cc1Cl,777-11-7 
D0398,CC[C@@H](c1cccc(O)c1)[C@@H](C)CN(C)C,175591-23-8
D0399,C[N+](C)(C)CCOC(N)=O,51-83-2
D0400,CC(=O)O[C@]1(C(C)=O)CC[C@H]2[C@@H]3C=C(C)C4=CC(=O)CC[C@]4(C)[C@H]3CC[C@@]21C,595-33-5 
D0401,O=C([O-])c1cc(=O)c2c(OCC(O)COc3cccc4oc(C(=O)[O-])cc(=O)c34)cccc2o1,16110-51-3 
D0402,CC1=NS(=O)(=O)c2cc(Cl)ccc2N1,364-98-7 
D0403,Nc1[nH]c(=O)ncc1F,2022-85-7
D0404,CC1(C)O[C@@H]2C[C@H]3[C@@H]4CCC5=CC(=O)C=C[C@]5(C)[C@H]4[C@@H](O)C[C@]3(C)[C@]2(C(=O)CO)O1,638-94-8 
D0405,CC(=O)O[C@H]1C[C@@H]2CC[C@@H]3[C@H](CC[C@@]4(C)[C@H]3C[C@H]([N+]3(C)CCCCC3)[C@@H]4OC(C)=O)[C@@]2(C)C[C@@H]1[N+]1(C)CCCCC1,15500-66-0 
D0406,CSCC[C@H](NC(=O)[C@H](Cc1c[nH]c2ccccc12)NC(=O)CCNC(=O)OC(C)(C)C)C(=O)N[C@@H](CC(=O)[O-])C(=O)N[C@@H](Cc1ccccc1)C(N)=O,5534-95-2
D0407,FC(F)OC(F)(F)[C@@H](F)Cl,13838-16-9 
D0408,CCc1c(C)[nH]c2c1C(=O)[C@H](CN1CCOCC1)CC2,7416-34-4
D0409,O[C@@]1(c2ccc(Cl)cc2)c2ccccc2C2=NCCN21,22232-71-9 
D0410,COc1cc(Cc2cnc(N)nc2N)cc(OC)c1OC,738-70-5 
D0411,Cc1ccccc1N1C(=O)c2cc(S(N)(=O)=O)c(Cl)cc2N[C@@H]1C,17560-51-9 
D0412,CC(=O)[C@H]1CC[C@H]2[C@@H]3C=CC4=CC(=O)CC[C@@]4(C)[C@@H]3CC[C@]12C,152-62-5 
D0413,NCCc1ccc(O)c(O)c1,51-61-6
D0414,Clc1cccc(Cl)c1N=C1NCCN1,4205-90-7
D0415,O=C1CN=C(c2ccccc2)c2cc(Cl)ccc2N1CC1CC1,2955-38-6
D0416,O=NN(CCCl)C(=O)NCCCl,154-93-8 
D0417,CC[C@@H]1C(=O)OC[C@@H]1Cc1cncn1C,92-13-7
D0418,CCCCC[C@H](O)/C=C/[C@@H]1[C@@H](C/C=C\CCCC(=O)[O-])[C@@H](O)C[C@H]1O,551-11-1 
D0419,COc1cc2nc(N3CCN(C(=O)c4ccco4)CC3)nc(N)c2cc1OC,19216-56-9 
D0420,O=C1CN(/N=C/c2ccc(-c3ccc([N+](=O)[O-])cc3)o2)C(=O)N1,7261-97-4
D0421,CC(C)N(CC[C@@](C(N)=O)(c1ccccc1)c1ccccn1)C(C)C,3737-09-5
D0422,Clc1ccc(CO[C@@H](Cn2ccnc2)c2ccc(Cl)cc2Cl)c(Cl)c1,22916-47-8 
D0423,CC(C)Cc1ccc([C@@H](C)C(=O)[O-])cc1,15687-27-1 
D0424,O=c1[nH]c2ccccc2n1C1CCN(CCCC(c2ccc(F)cc2)c2ccc(F)cc2)CC1,2062-78-4
D0425,COC(=O)Nc1nc2ccc(C(=O)c3ccccc3)cc2[nH]1,31431-39-7 
D0426,CN1CCN(C2=Nc3ccccc3Oc3ccc(Cl)cc32)CC1,1977-10-2
D0427,CCN(CC)CC#CCOC(=O)[C@](O)(c1ccccc1)C1CCCCC1,5633-20-5
D0428,COc1cc(C(=O)NCc2ccc(OCCN(C)C)cc2)cc(OC)c1OC,138-56-7 
D0430,C=CCC1(CC(C)C)C(=O)NC(=O)NC1=O,77-26-9
D0431,CC(C)(Sc1cc(C(C)(C)C)c(O)c(C(C)(C)C)c1)Sc1cc(C(C)(C)C)c(O)c(C(C)(C)C)c1,23288-49-5 
D0432,CNCCC[C@]12CC[C@H](c3ccccc31)c1ccccc12,10262-69-8 
D0433,C[C@@](Cc1ccc(O)c(O)c1)(NN)C(=O)[O-],28860-95-9 
D0434,CC1(C)O[C@@H]2C[C@H]3[C@@H]4CCC5=CC(=O)CC[C@]5(C)[C@@]4(F)[C@@H](O)C[C@]3(C)[C@]2(C(=O)CCl)O1,3093-35-4
D0435,C#C[C@]1(O)CC[C@H]2[C@@H]3CCC4=Cc5oncc5C[C@]4(C)[C@H]3CC[C@@]21C,17230-88-5 
D0436,C[C@H](C(=O)[O-])c1cccc(Oc2ccccc2)c1,29679-58-1 
D0437,CCn1ccc(NS(=O)(=O)c2ccc(N)cc2)nc1=O,17784-12-2 
D0438,CCC(=O)OCC(=O)[C@@]1(OC(=O)CC)[C@@H](C)C[C@H]2[C@@H]3CCC4=CC(=O)C=C[C@]4(C)[C@@]3(Cl)[C@@H](O)C[C@@]21C,5534-09-8
D0439,FC(F)O[C@@H](Cl)C(F)(F)F,26675-46-7 
D0440,CN(C)N/N=C1\N=CN=C1C(N)=O,4342-03-4
D0441,CCN(CC)CC#CCOC(=O)[C@@](O)(c1ccccc1)C1CCCCC1,5633-20-5
D0442,COc1ccc2cc([C@H](C)C(=O)[O-])ccc2c1,22204-53-1 
D0443,O=NN(CCCl)C(=O)NC1CCCCC1,13010-47-4 
D0444,Oc1c(Cl)cc(Cl)c2cccnc12,773-76-2 
D0445,C[C@@H](C(=O)[O-])c1cccc(Oc2ccccc2)c1,29679-58-1 
D0446,Clc1ccccc1C(c1ccccc1)(c1ccccc1)n1ccnc1,23593-75-1 
D0447,FC(F)O[C@H](Cl)C(F)(F)F,26675-46-7 
D0448,Cc1ccc(C(=O)c2ccc(CC(=O)[O-])n2C)cc1,26171-23-3 
D0449,OC[C@H]1O[C@@H](O[C@@H]2[C@@H](CO)O[C@](O)(CO)[C@H]2O)[C@H](O)[C@@H](O)[C@H]1O,4618-18-2
D0450,CN(C)C(=O)C(CCN1CCC(O)(c2ccc(Cl)cc2)CC1)(c1ccccc1)c1ccccc1,53179-11-6 
D0451,O=C1CN=C(c2ccccc2)c2cc(Cl)ccc2N1CC(F)(F)F,23092-17-3 
D0452,N#CC(CCN1CCC(C(=O)[O-])(c2ccccc2)CC1)(c1ccccc1)c1ccccc1,28782-42-5 
D0453,Cc1cnc(C(=O)NCCc2ccc(S(=O)(=O)NC(=O)NC3CCCCC3)cc2)cn1,29094-61-9 
D0454,NC(=O)CC[C@@H]1NC(=O)[C@H](Cc2ccccc2)NC(=O)[C@H](Cc2ccc(O)cc2)NC(=O)[C@@H](N)CSSC[C@@H](C(=O)N2CCC[C@H]2C(=O)N[C@@H](CCCN=C(N)N)C(=O)NCC(N)=O)NC(=O)[C@H](CC(N)=O)NC1=O,11000-17-2 
D0455,O=C1Nc2ccc(Cl)cc2C(c2ccccc2Cl)=N[C@@H]1O,846-49-1 
D0456,CCCCC[C@H](O)/C=C/[C@H]1[C@H](O)CC(=O)[C@@H]1C/C=C\CCCC(=O)[O-],363-24-6 
D0457,C[C@@H](CCc1ccc(O)cc1)NCCc1ccc(O)c(O)c1,34368-04-2 
D0458,CN(C)CCC=C1c2ccccc2C=Cc2ccccc21,303-53-7 
D0459,CC(O)(P(=O)([O-])[O-])P(=O)([O-])[O-],2809-21-4
D0460,NC[C@@H](CC(=O)[O-])c1ccc(Cl)cc1,1134-47-0
D0461,CCN(CC)CCNC(=O)c1cc(Cl)c(N)cc1OC,364-62-5 
D0462,C[C@@H]1C[C@H]2[C@@H]3CCC4=CC(=O)C=C[C@]4(C)[C@@]3(F)[C@@H](O)C[C@]2(C)[C@H]1C(=O)CO,382-67-2 
D0463,Oc1ccc2c(c1)[C@@]13CCCC[C@@]1(O)[C@@H](C2)N(CC1CCC1)CC3,42408-82-2 
D0464,COCCc1ccc(OC[C@H](O)CNC(C)C)cc1,37350-58-6 
D0465,C[C@](N)(Cc1ccc(O)cc1)C(=O)[O-],672-87-7 
D0466,CN1[C@@H]2C[C@@H](OC(=O)[C@H](CO)c3ccccc3)C[C@H]1[C@@H]1O[C@@H]12,51-34-3
D0467,Cc1nnc2n1-c1ccc(Cl)cc1C(c1ccccc1Cl)=NC2,28911-01-5 
D0468,CC1=C(CC(=O)[O-])c2cc(F)ccc2/C1=C\c1ccc([S@](C)=O)cc1,38194-50-2 
D0469,C/N=C(\NC#N)NCCSCc1nc[nH]c1C,51481-61-9 
D0470,CC(C)C[C@H]1C(=O)N2CCC[C@H]2[C@]2(O)O[C@](NC(=O)[C@@H]3C=C4c5cccc6[nH]c(Br)c(c56)C[C@H]4N(C)C3)(C(C)C)C(=O)N12,25614-03-3 
D0471,COCCc1ccc(OC[C@@H](O)CNC(C)C)cc1,37350-58-6 
D0472,CC(C)(C)NC[C@H](O)COc1cccc2c1C[C@H](O)[C@H](O)C2,42200-33-9 
D0473,CC/C(=C(\c1ccccc1)c1ccc(OCCN(C)C)cc1)c1ccccc1,10540-29-1 
D0475,CCCCC[C@@](C)(O)/C=C/[C@@H]1[C@@H](C/C=C\CCCC(=O)[O-])[C@@H](O)C[C@H]1O,35700-23-3 
D0476,Cc1ccc(Cl)c(Nc2ccccc2C(=O)[O-])c1Cl,644-62-2 
D0477,CC(C)(C)NC[C@H](O)COc1nsnc1N1CCOCC1,26839-75-8 
D0478,Clc1ccc2c(c1)C(N1CCNCC1)=Nc1ccccc1O2,14028-44-5 
D0479,Oc1ccc2c3c1O[C@H]1[C@@H](O)CC[C@@]4(O)[C@@H](C2)N(CC2CCC2)CC[C@]314,20594-83-6 
D0480,C=C1/C(=C\C=C2/CCC[C@]3(C)[C@@H]([C@H](C)CCCC(C)(C)O)CC[C@@H]23)C[C@@H](O)C[C@@H]1O,32222-06-3 
D0481,NC(N)=NC[C@@H]1COC2(CCCCC2)O1,40580-59-4 
D0482,CC(C)(C)NC[C@@H](O)COc1cccc2c1C[C@H](O)[C@H](O)C2,42200-33-9 
D0483,CCn1nc(C(=O)[O-])c(=O)c2cc3c(cc21)OCO3,28657-80-9 
D0485,CCCC(CCC)C(=O)[O-],99-66-1
D0486,NC(N)=NC[C@H]1COC2(CCCCC2)O1,40580-59-4 
D0487,CC(=O)OCC(=O)[C@@]12OC3(CCCC3)O[C@@H]1C[C@H]1[C@@H]3CCC4=CC(=O)C=C[C@]4(C)[C@@]3(F)[C@@H](O)C[C@@]12C,51022-69-6 
D0488,CN1/C(=C(/O)Nc2ccccn2)C(=O)c2ccccc2S1(=O)=O,36322-90-4 
D0489,CC1(C)O[C@@H]2C[C@H]3[C@@H]4C[C@H](F)C5=CC(=O)C=C[C@]5(C)[C@H]4[C@@H](O)C[C@]3(C)[C@]2(C(=O)CO)O1,3385-03-3
D0490,[H]/N=c1\nc(N2CCCCC2)cc(N)n1O,38304-91-5 
D0491,CN1C(=O)[C@@H](O)N=C(c2ccccc2)c2cc(Cl)ccc21,846-50-4 
D0492,C=CCOc1ccccc1OC[C@@H](O)CNC(C)C,6452-71-7
D0493,NC(=[NH2+])NC(=O)c1nc(Cl)c(N)nc1N,2609-46-3
D0494,CC[C@]1(c2ccc(N)cc2)CCC(=O)NC1=O,125-84-8 
D0495,O=c1n(CCCN2CCN(c3cccc(Cl)c3)CC2)nc2ccccn12,19794-93-5 
D0496,CCCCNc1cc(C(=O)[O-])cc(S(N)(=O)=O)c1Oc1ccccc1,28395-03-1 
D0497,CCOC(=O)c1cncn1[C@H](C)c1ccccc1,33125-97-2 
D0498,CNC[C@H](O)c1ccc(OC(=O)C(C)(C)C)c(OC(=O)C(C)(C)C)c1,52365-63-6 
D0499,CC(C)NC[C@H](O)COc1ccc(CC(N)=O)cc1,29122-68-7 
D0500,Cc1cccc(C)c1NC(=O)[C@@H](C)N,41708-72-9 
D0501,Cc1nnc2n1-c1ccc(Cl)cc1C(c1ccccc1)=NC2,28981-97-7 
D0502,CC(C)NC[C@@H](O)COc1cccc2[nH]ccc12,13523-86-9 
D0503,O=c1[nH]c(=O)n([C@H]2C[C@H](O)[C@@H](CO)O2)cc1C(F)(F)F,70-00-8
D0504,C[C@H](CS)C(=O)N1CCC[C@H]1C(=O)[O-],62571-86-2 
D0505,COc1ccc(CCN(C)CCC[C@@](C#N)(c2ccc(OC)c(OC)c2)C(C)C)cc1OC,52-53-9
D0506,CO[C@]12CC[C@@]3(C[C@@H]1[C@](C)(O)C(C)(C)C)[C@H]1Cc4ccc(O)c5c4[C@@]3(CCN1CC1CC1)[C@H]2O5,52485-79-7 
D0507,Cc1ccc(C)c(OCCCC(C)(C)C(=O)[O-])c1,25812-30-0 
D0508,O=C([O-])c1cc(-c2ccc(F)cc2F)ccc1O,22494-42-4 
D0509,Cc1cc(C(C)(C)C)c(O)c(C)c1CC1=NCCN1,1491-59-4
D0511,CCCCC[C@H](O)/C=C/[C@H]1[C@H](O)CC(=O)[C@@H]1CCCCCCC(=O)[O-],745-65-3 
D0512,COc1ccc(CCN(C)CCC[C@](C#N)(c2ccc(OC)c(OC)c2)C(C)C)cc1OC,52-53-9
D0513,C[C@H](CCC(=O)[O-])[C@H]1CC[C@H]2[C@@H]3[C@H](O)C[C@@H]4C[C@H](O)CC[C@]4(C)[C@H]3CC[C@]12C,474-25-9 
D0514,C[C@@H]1Cc2ccccc2N1NC(=O)c1ccc(Cl)c(S(N)(=O)=O)c1,26807-65-8 
D0516,CC(=O)N1CCN(c2ccc(OC[C@H]3CO[C@](Cn4ccnc4)(c4ccc(Cl)cc4Cl)O3)cc2)CC1,65277-42-1 
D0517,C[C@H]1Cc2ccccc2N1NC(=O)c1ccc(Cl)c(S(N)(=O)=O)c1,26807-65-8 
D0518,C[C@@H](C(=O)[O-])c1ccc2c(c1)[nH]c1ccc(Cl)cc12,53716-49-7 
D0520,C[C@@H](NCCc1ccc(O)cc1)[C@@H](O)c1ccc(O)cc1,26652-09-5 
D0521,COc1ncnc(NS(=O)(=O)c2ccc(N)cc2)c1OC,2447-57-6
D0522,NC(=[NH2+])N/N=C\c1c(Cl)cccc1Cl,5051-62-7
D0523,COc1ccc([C@@H]2Sc3ccccc3N(CCN(C)C)C(=O)[C@@H]2OC(C)=O)cc1,42399-41-7 
D0524,C[C@@H](NC(C)(C)C)C(=O)c1cccc(Cl)c1,34911-55-2 
D0525,Nc1nc2c(ncn2COCCO)c(=O)[nH]1,59277-89-3 
D0526,Clc1ccc([C@@H](Cn2ccnc2)OCc2ccsc2Cl)c(Cl)c1,65899-73-2 
D0527,CC(=O)CCCCn1c(=O)c2c(ncn2C)n(C)c1=O,6493-05-6
D0528,C[C@H](NC(C)(C)C)C(=O)c1cccc(Cl)c1,34911-55-2 
D0529,Cc1ncc2n1-c1ccc(Cl)cc1C(c1ccccc1F)=NC2,59467-70-8 
D0530,CC1=C(/C=C/C(C)=C/C=C/C(C)=C\C(=O)[O-])C(C)(C)CCC1,4759-48-2
D0531,C#C[C@]1(O)CC[C@H]2[C@@H]3CCC4=CC(=O)CC[C@@H]4[C@H]3CC[C@@]21CC,797-63-7 
D0532,O=C(Nc1ccc([N+](=O)[O-])cc1Cl)c1cc(Cl)ccc1O,50-65-7
D0533,CCCCCCC(C)(C)c1cc(O)c2c(c1)OC(C)(C)[C@@H]1CCC(=O)C[C@@H]21,51022-71-0 
D0534,Clc1ccc([C@H](Cn2ccnc2)OCc2ccsc2Cl)c(Cl)c1,65899-73-2 
D0535,C[C@H](CCc1ccccc1)NC[C@H](O)c1ccc(O)c(C(N)=O)c1,36894-69-6 
D0536,O=C(C1CCCCC1)N1CC(=O)N2CCc3ccccc3[C@@H]2C1,55268-74-1 
D0538,Fc1ccccc1C1=NCC(=S)N(CC(F)(F)F)c2ccc(Cl)cc21,36735-22-5 
D0539,O=C(C1CCCCC1)N1CC(=O)N2CCc3ccccc3[C@H]2C1,55268-74-1 
D0540,C[C@]12CC[C@H]3[C@@H](CC[C@@]45O[C@@H]4C(O)=C(C#N)C[C@]35C)[C@@H]1CC[C@@H]2O,13647-35-3 
D0541,CCN(CC)C(=O)[C@]1(c2ccccc2)C[C@@H]1CN,92623-85-3 
D0542,O=C1CC2(CCCC2)CC(=O)N1CCCCN1CCN(c2ncccn2)CC1,36505-84-7 
D0543,Clc1ccc(CS[C@@H](Cn2ccnc2)c2ccc(Cl)cc2Cl)cc1,61318-90-9 
D0544,c1ccc(CN(CC2=NCCN2)c2ccccc2)cc1,91-75-8
D0545,c1ccc2c(CC3=NCCN3)cccc2c1,835-31-4 
D0546,Cc1cc(C2CCCCC2)n(O)c(=O)c1,29342-05-0 
D0547,CC(=O)NO,546-88-3 
D0548,Clc1ccc(CO[C@H](Cn2ccnc2)c2ccc(Cl)cc2Cl)cc1,27220-47-9 
D0549,C[C@H](C(=O)[O-])c1cccc(C(=O)c2ccccc2)c1,22071-15-4 
D0550,C[C@H](C(=O)[O-])c1ccc(-c2ccccc2)c(F)c1,5104-49-4
D0551,COc1cc([C@@H]2c3cc4c(cc3[C@@H](O[C@@H]3O[C@@H]5CO[C@@H](C)O[C@H]5[C@H](O)[C@H]3O)[C@H]3COC(=O)[C@H]23)OCO4)cc(OC)c1O,33419-42-0 
D0552,CC(=O)O[C@H]1C[C@@H]2CC[C@@H]3[C@H](CC[C@@]4(C)[C@H]3C[C@H]([N+]3(C)CCCCC3)[C@@H]4OC(C)=O)[C@@]2(C)C[C@@H]1N1CCCCC1,50700-72-6 
D0553,O=C(NC[C@@H]1CCCCN1)c1cc(OCC(F)(F)F)ccc1OCC(F)(F)F,54143-55-4 
D0554,O=C([O-])CCc1nc(-c2ccccc2)c(-c2ccccc2)o1,21256-18-8 
D0555,NC(=O)c1ncn([C@@H]2O[C@H](CO)[C@@H](O)[C@H]2O)n1,36791-04-5 
D0557,Cc1cccc(C)c1OC[C@H](C)N,31828-71-4 
D0558,CCCC(=O)Nc1ccc(OC[C@H](O)CNC(C)C)c(C(C)=O)c1,37517-30-9 
D0559,CCc1cccc2c3c([nH]c12)[C@@](CC)(CC(=O)[O-])OCC3,41340-25-4 
D0560,O=C1CC[C@@]2(O)[C@H]3Cc4ccc(O)c5c4[C@@]2(CCN3CC2CC2)[C@H]1O5,16590-41-3 
D0561,CNCC[C@@H](Oc1ccc(C(F)(F)F)cc1)c1ccccc1,54910-89-3 
D0562,C[N+](C)(C)C[C@H](O)CC(=O)[O-],541-15-1 
D0563,CCCCc1oc2ccccc2c1C(=O)c1cc(I)c(OCCN(CC)CC)c(I)c1,1951-25-3
D0564,CCOC(=O)[C@H](CCc1ccccc1)N[C@@H](C)C(=O)N1CCC[C@H]1C(=O)[O-],75847-73-3 
D0565,CC(C)COC[C@H](CN(Cc1ccccc1)c1ccccc1)N1CCCC1,64706-54-3 
D0566,CCNC(=O)[C@@H]1CCCN1C(=O)[C@H](CCCNC(N)=[NH2+])NC(=O)[C@H](CC(C)C)NC(=O)[C@@H](CC(C)C)NC(=O)[C@H](Cc1ccc(O)cc1)NC(=O)[C@H](CO)NC(=O)[C@H](Cc1c[nH]c2ccccc12)NC(=O)[C@H](Cc1c[nH]cn1)NC(=O)[C@@H]1CCC(=O)N1,53714-56-0 
D0567,NC(N)=NC(=O)Cc1c(Cl)cccc1Cl,29110-47-2 
D0568,CN1CC[C@]23c4c5ccc(O)c4O[C@H]2C(=O)CC[C@H]3[C@H]1C5,466-99-9 
D0569,COc1cc2nc(N3CCN(C(=O)[C@@H]4CCCO4)CC3)nc(N)c2cc1OC,63590-64-7 
D0570,Clc1ccc2c(c1)C(c1ccccc1)=NCc1nncn1-2,29975-16-4 
D0571,C[C@@]12CCCCC[C@@H](Cc3ccc(O)cc31)[C@@H]2N,53648-55-8 
D0572,CC(C)[N@+]1(C)[C@@H]2CC[C@H]1C[C@@H](OC(=O)[C@H](CO)c1ccccc1)C2,60205-81-4 
D0573,CCCNC[C@H](O)COc1ccccc1C(=O)CCc1ccccc1,54063-53-5 
D0574,CC(=O)O[C@@H](C)C[N+](C)(C)C,55-92-5
D0575,NCCNCCNCCN,112-24-3 
D0576,O=C([O-])Cc1ccccc1Nc1c(Cl)cccc1Cl,15307-86-5 
D0577,CCCC[C@@](C)(O)C/C=C/[C@H]1[C@H](O)CC(=O)[C@@H]1CCCCCCC(=O)OC,59122-46-2 
D0578,CC(C)(C)NC[C@@H](O)COc1cccc2c1CCC(=O)N2,51781-06-7 
D0579,CC(C)(C)NC[C@H](O)COc1cccc2c1CCCC2=O,47141-42-4 
D0580,CCCC[C@](C)(O)C/C=C/[C@H]1[C@H](O)CC(=O)[C@@H]1CCCCCCC(=O)OC,59122-46-2 
D0581,CC(C)NC[C@H](O)COc1ccc(CCOCC2CC2)cc1,63659-18-7 
D0582,NC[C@H]1CC[C@H](C(=O)[O-])CC1,1197-18-8
D0583,O=C1c2c(O)ccc(O)c2C(=O)c2c(NCCNCCO)ccc(NCCNCCO)c21,65271-80-9 
D0584,CC(C)OC(=O)C(C)(C)Oc1ccc(C(=O)c2ccc(Cl)cc2)cc1,49562-28-9 
D0585,CCC(=O)O[C@]1(C(=O)CCl)[C@@H](C)C[C@H]2[C@@H]3CCC4=CC(=O)C=C[C@]4(C)[C@@]3(F)[C@@H](O)C[C@@]21C,25122-46-7 
D0586,C#CCN(C)[C@H](C)Cc1ccccc1,14611-51-9 
D0587,CCC(=O)N(c1ccccc1)C1(COC)CCN(CCn2nnn(CC)c2=O)CC1,71195-58-9 
D0588,CN(C/C=C/c1ccccc1)Cc1cccc2ccccc12,65472-88-0 
D0589,CCCCCCCC/C=C\CCCCCCCC(=O)OCCN,3282-75-5
D0590,CCOC(=O)/C=C(C)/C=C/C=C(C)/C=C/c1c(C)cc(OC)c(C)c1C,54350-48-0 
D0591,CCn1cc(C(=O)[O-])c(=O)c2cc(F)c(N3CCNCC3)cc21,70458-96-7 
D0592,CCCN1C[C@H](CSC)C[C@@H]2c3cccc4[nH]cc(c34)C[C@H]21,66104-22-1 
D0593,COC(=O)CCc1ccc(OC[C@@H](O)CNC(C)C)cc1,81147-92-4 
D0594,C[C@@H](C(=O)[O-])c1ccc(C(=O)c2cccs2)cc1,40828-46-4 
D0595,C[C@@H](N/C(=N/C#N)Nc1ccncc1)C(C)(C)C,60560-33-0 
D0596,CCCC[C@@](C)(O)C/C=C/[C@H]1[C@H](O)CC(=O)[C@@H]1CCCCCCC(=O)[O-],259218-80-9
D0597,COC(=O)C1=C(C)NC(C)=C(C(=O)OC(C)C)[C@H]1c1cccc2nonc12,75695-93-1 
D0598,C[C@H](N/C(=N/C#N)Nc1ccncc1)C(C)(C)C,60560-33-0 
D0599,NC(N)=Nc1nc(CSCC/C(N)=N/S(N)(=O)=O)cs1,76824-35-6 
D0600,O=C1O[C@H](CO)[C@@H](O)[C@H](O)[C@H]1O,90-80-2
D0601,COC(=O)C1=C(C)NC(C)=C(C(=O)OCCN(C)Cc2ccccc2)[C@H]1c1cccc([N+](=O)[O-])c1,55985-32-5 
D0602,CC(C)/N=c1\cc2n(-c3ccc(Cl)cc3)c3ccccc3nc-2cc1Nc1ccc(Cl)cc1,2030-63-9
D0604,O=C([O-])c1cn(C2CC2)c2cc(N3CCNCC3)c(F)cc2c1=O,85721-33-1 
D0605,C[C@@H]1C[C@H]2[C@@H]3CCC4=CC(=O)C=C[C@]4(C)[C@@]3(Cl)[C@@H](O)C[C@]2(C)[C@@]1(O)C(=O)CCl,105102-22-5
D0606,COC(=O)C1=C(C)NC(C)=C(C(=O)OC(C)C)[C@@H]1c1cccc2nonc12,75695-93-1 
D0607,NCCCC[C@H](N[C@@H](CCc1ccccc1)C(=O)[O-])C(=O)N1CCC[C@H]1C(=O)[O-],76547-98-3 
D0608,CCOC(=O)O[C@]1(C(=O)COC(=O)CC)CC[C@H]2[C@@H]3CCC4=CC(=O)C=C[C@]4(C)[C@H]3[C@@H](O)C[C@@]21C,73771-04-7 
D0609,O[C@@H](c1cc(C(F)(F)F)nc2c(C(F)(F)F)cccc12)[C@H]1CCCCN1,53230-10-7 
D0610,CC(C)N1CCN(c2ccc(OC[C@H]3CO[C@](Cn4cncn4)(c4ccc(Cl)cc4Cl)O3)cc2)CC1,67915-31-5 
D0611,COc1ccc2cc(CCC(C)=O)ccc2c1,42924-53-8 
D0612,C[C@H](CCC(=O)[O-])[C@H]1CC[C@H]2[C@@H]3[C@@H](O)C[C@@H]4C[C@H](O)CC[C@]4(C)[C@H]3CC[C@]12C,128-13-2 
D0613,O=C(c1ccccc1)c1ccc2n1CC[C@@H]2C(=O)[O-],74103-06-3 
D0614,CCn1cc(C(=O)[O-])c(=O)c2cc(F)c(N3CCNCC3)nc21,74011-58-8 
D0615,CC(C)c1cccc(C(C)C)c1O,2078-54-8
D0616,CC[C@H](C)C(=O)O[C@H]1C[C@@H](C)C=C2C=C[C@H](C)[C@H](CC[C@@H]3C[C@@H](O)CC(=O)O3)[C@H]21,75330-75-5 
D0617,O=C(c1ccccc1)c1ccc2n1CC[C@H]2C(=O)[O-],74103-06-3 
D0618,C[C@@H](N)[C@]12C[C@H]3C[C@H](C[C@H](C3)C1)C2,13392-28-4 
D0619,C#C[C@]1(OC(C)=O)CC[C@H]2[C@@H]3CCC4=C/C(=N/O)CC[C@@H]4[C@H]3CC[C@@]21CC,35189-28-7 
D0620,Cc1cn([C@H]2C[C@H](N=[N+]=[N-])[C@@H](CO)O2)c(=O)[nH]c1=O,30516-87-1 
D0621,CCOC(=O)N1CCC(=C2c3ccc(Cl)cc3CCc3cccnc32)CC1,79794-75-5 
D0622,CCCc1c2oc(C(=O)[O-])cc(=O)c2cc2c(=O)cc(C(=O)[O-])n(CC)c12,69049-73-6 
D0623,Nc1nc(=O)c2ncn(COC(CO)CO)c2[nH]1,82410-32-0 
D0624,CC(C)NCCCC1(C(N)=O)c2ccccc2-c2ccccc21,74517-78-5 
D0625,O=C([O-])C1=C/C(=N\Nc2ccc(O)c(C(=O)[O-])c2)C=CC1=O,15722-48-2 
D0626,C[C@@H]1COc2c(N3CCN(C)CC3)c(F)cc3c(=O)c(C(=O)[O-])cn1c23,82419-36-1 
D0627,CCOC(=O)Nc1ccc2c(c1)N(C(=O)CCN1CCOCC1)c1ccccc1S2,31883-05-3 
D0628,CN1CCN(C2=c3ccccc3=Nc3ccc(Cl)cc3N2)CC1,5786-21-0
D0629,O=[P@]1(NCCCl)OCCCN1CCCl,3778-73-2
D0630,O=S(=O)(O)CCS,19767-45-4 
D0631,CCC(C)(C)C(=O)O[C@H]1C[C@@H](C)C=C2C=C[C@H](C)[C@H](CC[C@@H]3C[C@@H](O)CC(=O)O3)[C@H]21,79902-63-9 
D0632,Nc1cc(Cl)c(NC2=NCCN2)c(Cl)c1,66711-21-5 
D0633,CCOC(=O)C1=C(COCCN)NC(C)=C(C(=O)OC)[C@@H]1c1ccccc1Cl,103129-82-4
D0634,COc1cc([C@@H]2c3cc4c(cc3[C@H](O)[C@H]3COC(=O)[C@H]23)OCO4)cc(OC)c1OC,518-28-5 
D0635,COc1ccc2nc([S@@](=O)Cc3ncc(C)c(OC)c3C)[nH]c2c1,73590-58-6 
D0636,COc1ccc(OC)c([C@@H](O)CNC(=O)CN)c1,42794-76-3 
D0637,COc1cc(C)c(/C=C/C(C)=C/C=C/C(C)=C/C(=O)[O-])c(C)c1C,55079-83-9 
D0638,Clc1ccc(CO/N=C(\Cn2ccnc2)c2ccc(Cl)cc2Cl)c(Cl)c1,64211-45-6 
D0639,CCOC(=O)C1=C(C)NC(C)=C(C(=O)OC)[C@@H]1c1cccc(Cl)c1Cl,72509-76-3 
D0640,O=C([O-])COCCN1CCN([C@@H](c2ccccc2)c2ccc(Cl)cc2)CC1,83881-52-1 
D0641,CN[C@H]1CC[C@@H](c2ccc(Cl)c(Cl)c2)c2ccccc21,79617-96-2 
D0642,Cc1ccccc1N1CCN(CCc2nnc3n2CCCC3)CC1,72822-12-9 
D0643,CCOC(=O)[C@H](CCc1ccccc1)N[C@H]1CCc2ccccc2N(CC(=O)[O-])C1=O,86541-75-5 
D0644,CC(C)(S)[C@@H](N)C(=O)[O-],52-67-5
D0645,CC(C)NC[C@H](O)c1ccc(NS(C)(=O)=O)cc1,3930-20-9
D0646,CC(C)NC[C@@H](O)c1ccc(NS(C)(=O)=O)cc1,3930-20-9
D0647,CCOC(=O)[C@H](CCc1ccccc1)N[C@@H](C)C(=O)N1Cc2ccccc2C[C@H]1C(=O)[O-],85441-61-8 
D0648,CC[C@H](C)C(=O)O[C@H]1C[C@H](O)C=C2C=C[C@H](C)[C@H](CC[C@@H](O)C[C@@H](O)CC(=O)[O-])[C@H]21,81093-37-0 
D0649,CCOC(=O)[C@H](CCc1ccccc1)N[C@@H](C)C(=O)N1[C@H](C(=O)[O-])C[C@@H]2CCC[C@@H]21,87333-19-5 
D0650,CN(C)CCCN1c2ccccc2CCc2ccc(Cl)cc21,303-49-1 
D0651,CC(=O)Oc1c(C)cc(OC[C@H](O)CNC(C)C)c(C)c1C,22664-55-7 
D0652,Cc1ccc(-c2nc3ccc(C)cn3c2CC(=O)N(C)C)cc1,82626-48-0 
D0653,CCC(=O)O[C@@H](O[P@](=O)(CCCCc1ccccc1)CC(=O)N1C[C@H](C2CCCCC2)C[C@H]1C(=O)[O-])C(C)C,98048-97-6 
D0654,CN(C)c1nc(N(C)C)nc(N(C)C)n1,645-05-6 
D0655,Nc1ncnc2c1ncn2[C@@H]1O[C@H](CO)[C@@H](O)[C@H]1O,58-61-7
D0656,C[C@H](Cc1ccc(O)c(O)c1)[C@@H](C)Cc1ccc(O)c(O)c1,27686-84-6 
D0657,COc1cc(C[C@@H]2c3c(cc(OC)c(OC)c3OC)CC[N@@+]2(C)CCCOC(=O)CCC(=O)OCCC[N@+]2(C)CCc3cc(OC)c(OC)c(OC)c3[C@@H]2Cc2cc(OC)c(OC)c(OC)c2)cc(OC)c1OC,106819-53-8
D0658,OC(Cn1cncn1)(Cn1cncn1)c1ccc(F)cc1F,86386-73-4 
D0659,CCC(=O)O[C@]1(C(=O)SCF)[C@H](C)C[C@H]2[C@@H]3C[C@H](F)C4=CC(=O)C=C[C@]4(C)[C@@]3(F)[C@@H](O)C[C@@]21C,80474-14-2 
D0660,CCC(=O)O[C@]1(C(=O)CCl)[C@@H](C)C[C@H]2[C@@H]3C[C@H](F)C4=CC(=O)C=C[C@]4(C)[C@@]3(F)[C@@H](O)C[C@@]21C,66852-54-8 
D0661,Clc1ccccc1CN1CCc2sccc2C1,55142-85-3 
D0662,CC(C)NC[C@H](O)COc1ccc(COCCOC(C)C)cc1,66722-44-9 
D0663,O=C([O-])[C@@H](S)[C@@H](S)C(=O)[O-],304-55-2 
D0664,Cc1nccn1C[C@@H]1CCc2c(c3ccccc3n2C)C1=O,99614-02-5 
D0665,CCn1cc(C(=O)[O-])c(=O)c2cc(F)c(N3CCN[C@H](C)C3)c(F)c21,98079-51-7 
D0666,Fc1ccc([C@@H]2CCNC[C@H]2COc2ccc3c(c2)OCO3)cc1,61869-08-7 
D0667,CN(C)CC[C@@H](c1ccccc1)c1ccccn1,86-21-5
D0668,c1ccc([C@H]2CN3CCSC3=N2)cc1,14769-73-4 
D0669,Nc1nc(F)nc2c1ncn2[C@@H]1O[C@H](COP(=O)([O-])[O-])[C@@H](O)[C@@H]1O,75607-67-9 
D0670,CC(C)(C)CC(C)(C)c1ccc(O)cc1,140-66-9 
D0671,CC[C@H](C)n1ncn(-c2ccc(N3CCN(c4ccc(OC[C@H]5CO[C@](Cn6cncn6)(c6ccc(Cl)cc6Cl)O5)cc4)CC3)cc2)c1=O,84625-61-6 
D0672,CN1CCC[C@@H](n2nc(Cc3ccc(Cl)cc3)c3ccccc3c2=O)CC1,58581-89-8 
D0673,CN(C)CC[C@H](c1ccccc1)c1ccccn1,86-21-5
D0674,O=C([O-])P(=O)([O-])[O-],4428-95-9
D0675,Nc1c2c(nc3ccccc13)CCCC2,321-64-2 
D0676,C#C[C@]1(O)CC[C@H]2[C@@H]3CCC4=CCCC[C@@H]4[C@H]3C(=C)C[C@@]21CC,54024-22-5 
D0677,CCOC(=O)c1ncn2c1CN(C)C(=O)c1cc(F)ccc1-2,78755-81-4 
D0678,CC[C@@H](C)n1ncn(-c2ccc(N3CCN(c4ccc(OC[C@H]5CO[C@](Cn6cncn6)(c6ccc(Cl)cc6Cl)O5)cc4)CC3)cc2)c1=O,84625-61-6 
D0679,COc1cc2c(cc1OC)[C@@H](Cc1cc(OC)c(OC)c(OC)c1)[N@+](C)(CCCOC(=O)CC/C=C/CCC(=O)OCCC[N@+]1(C)CCc3cc(OC)c(OC)cc3[C@H]1Cc1cc(OC)c(OC)c(OC)c1)CC2,133814-19-4
D0680,CN1CCC[C@H](n2nc(Cc3ccc(Cl)cc3)c3ccccc3c2=O)CC1,58581-89-8 
D0681,FC(F)O[C@H](F)C(F)(F)F,57041-67-5 
D0682,COc1cc([C@@H]2c3cc4c(cc3[C@@H](O[C@@H]3O[C@@H]5CO[C@@H](c6cccs6)O[C@H]5[C@H](O)[C@H]3O)[C@H]3COC(=O)[C@H]23)OCO4)cc(OC)c1O,29767-20-2 
D0683,OC[C@H]1O[C@@H](n2cnc3c2NC=NC[C@H]3O)C[C@H]1O,53910-25-1 
D0684,CCC[C@@H]1O[C@@H]2C[C@H]3[C@@H]4CCC5=CC(=O)C=C[C@]5(C)[C@H]4[C@@H](O)C[C@]3(C)[C@]2(C(=O)CO)O1,51333-22-3 
D0685,COc1ccc([C@@H](CN(C)C)C2(O)CCCCC2)cc1,93413-69-5 
D0686,COc1ccc([C@H](CN(C)C)C2(O)CCCCC2)cc1,93413-69-5 
D0687,CCc1nn(CCCN2CCN(c3cccc(Cl)c3)CC2)c(=O)n1CCOc1ccccc1,83366-66-9 
D0688,O=c1nc[nH]c2c1ncn2[C@H]1CC[C@@H](CO)O1,69655-05-6 
D0689,C[C@H](N)C(=O)N[C@@H](C)C(=O)N[C@H]1[C@@H]2CN(c3nc4c(cc3F)c(=O)c(C(=O)[O-])cn4-c3ccc(F)cc3F)C[C@@H]21,146961-76-4
D0691,CC(C)(C)NC(=O)[C@H]1CC[C@H]2[C@@H]3CC[C@H]4NC(=O)C=C[C@]4(C)[C@H]3CC[C@]12C,98319-26-7 
D0692,CCC[C@H](N[C@@H](C)C(=O)N1[C@H](C(=O)[O-])C[C@@H]2CCCC[C@@H]21)C(=O)OCC,82834-16-0 
D0693,NC(=O)OCC(COC(N)=O)c1ccccc1,25451-15-4 
D0694,CN(C/C=C/C#CC(C)(C)C)Cc1cccc2ccccc12,91161-71-6 
D0695,Nc1ccn([C@H]2CC[C@@H](CO)O2)c(=O)n1,7481-89-2
D0696,COc1cc(N)c(Cl)cc1C(=O)N[C@H]1CCN(CCCOc2ccc(F)cc2)C[C@@H]1OC,81098-60-4 
D0697,C[C@@H](CN1CC(=O)NC(=O)C1)N1CC(=O)NC(=O)C1,24584-09-6 
D0698,C[C@@H]1CN([C@H]2CC[C@](C#N)(c3ccc(F)cc3)CC2)CC[C@]1(C(=O)[O-])c1ccccc1,79516-68-0 
D0699,NCCCNCCSP(=O)([O-])[O-],20537-88-6 
D0700,CCOc1nc2cccc(C(=O)O[C@H](C)OC(=O)OC3CCCCC3)c2n1Cc1ccc(-c2ccccc2-c2nnn[nH]2)cc1,145040-37-5
D0701,Nc1nc(Cl)nc2c1ncn2[C@H]1C[C@H](O)[C@@H](CO)O1,4291-63-8
D0702,Oc1cc(Cl)ccc1Oc1ccc(Cl)cc1Cl,3380-34-5
D0703,CCC[C@H]1O[C@@H]2C[C@H]3[C@@H]4CCC5=CC(=O)C=C[C@]5(C)[C@H]4[C@@H](O)C[C@]3(C)[C@]2(C(=O)CO)O1,51333-22-3 
D0704,NCC1(CC(=O)[O-])CCCCC1,60142-96-3 
D0705,CN1[C@@H]2CCC[C@H]1C[C@@H](NC(=O)c1nn(C)c3ccccc13)C2,109889-09-0
D0706,CCOC(=O)[C@H](CCc1ccccc1)N[C@@H](C)C(=O)N1CC2(C[C@H]1C(=O)[O-])SCCS2,83647-97-6 
D0707,Nc1nnc(-c2cccc(Cl)c2Cl)c(N)n1,84057-84-1 
D0708,COCCCC/C(=N\OCCN)c1ccc(C(F)(F)F)cc1,54739-18-3 
D0709,CCCCN(CCCC)CC[C@@H](O)c1cc2c(Cl)cc(Cl)cc2c2cc(C(F)(F)F)ccc12,69756-53-2 
D0710,O=C1C(=O)C([C@H]2CC[C@H](c3ccc(Cl)cc3)CC2)=C(O)c2ccccc21,95233-18-4 
D0711,CC(C)n1c(/C=C/[C@H](O)C[C@H](O)CC(=O)[O-])c(-c2ccc(F)cc2)c2ccccc21,93957-54-1 
D0712,CC(=O)O[C@H]1C(=O)[C@@]2(C)[C@H]([C@H](OC(=O)c3ccccc3)[C@]3(O)C[C@H](OC(=O)[C@H](O)[C@@H](NC(=O)c4ccccc4)c4ccccc4)C(C)=C1C3(C)C)[C@]1(OC(C)=O)CO[C@@H]1C[C@@H]2O,33069-62-4 
D0713,Cc1nc2n(c(=O)c1CCN1CCC(c3noc4cc(F)ccc34)CC1)CCCC2,106266-06-2
D0714,COc1cccc([C@]2(O)CCCC[C@@H]2CN(C)C)c1,181289-59-8
D0715,COc1ccccc1OCCNC[C@@H](O)COc1cccc2[nH]c3ccccc3c12,72956-09-3 
D0716,CCOC(=O)[C@H](CCc1ccccc1)N[C@@H](C)C(=O)N1Cc2cc(OC)c(OC)cc2C[C@H]1C(=O)[O-],103775-10-6
D0717,O=C1CN2Cc3c(ccc(Cl)c3Cl)N=C2N1,68475-42-3 
D0718,COc1ccc(-c2ccc3cc(C(=O)[O-])ccc3c2)cc1[C@]12C[C@H]3C[C@H](C[C@H](C3)C1)C2,106685-40-9
D0719,CN1CCN2c3ncccc3Cc3ccccc3[C@H]2C1,61337-67-5 
D0720,COC(=O)C1=C(C)NC(C)=C(C(=O)OCC(C)C)[C@@H]1c1ccccc1[N+](=O)[O-],63675-72-9 
D0721,[H]/N=C(/NC(N)=[NH2+])N(C)C,657-24-9 
D0722,CC(=O)OCC(CCn1cnc2cnc(N)nc21)COC(C)=O,104227-87-4
D0723,CCCCc1nc(Cl)c(CO)n1Cc1ccc(-c2ccccc2-c2nn[nH]n2)cc1,114798-26-4
D0724,CCC1=C[C@H]2CN(C1)Cc1c([nH]c3ccccc13)[C@@](C(=O)OC)(c1cc3c(cc1OC)N(C)[C@H]1[C@@](O)(C(=O)OC)[C@H](OC(C)=O)[C@]4(CC)C=CCN5CC[C@]31[C@@H]54)C2,71486-22-1 
D0725,Clc1ccc2nsnc2c1NC1=NCCN1,51322-75-9 
D0726,Cc1c(OCC(F)(F)F)ccnc1C[S@](=O)c1nc2ccccc2[nH]1,103577-45-3
D0727,CCN[C@H]1C[C@H](C)S(=O)(=O)c2sc(S(N)(=O)=O)cc21,120279-96-1
D0728,Cc1cn([C@H]2C=C[C@@H](CO)O2)c(=O)[nH]c1=O,3056-17-5
D0729,CN1CCN2c3ncccc3Cc3ccccc3[C@@H]2C1,61337-67-5 
D0730,Oc1ccc(CCCCNC[C@H](O)c2ccc(O)c(O)c2)cc1,128470-16-6
D0731,O=C([O-])CCCCCCCC(=O)[O-],123-99-9 
D0732,CCCCC[C@H](O)/C=C/[C@@H]1[C@H]2C/C(=C/CCCC(=O)[O-])O[C@H]2C[C@H]1O,35121-78-9 
D0733,CC(=O)O[C@@]12CO[C@@H]1C[C@H](O)[C@@]1(C)C(=O)[C@H](O)C3=C(C)[C@@H](OC(=O)[C@H](O)[C@@H](NC(=O)OC(C)(C)C)c4ccccc4)C[C@@](O)([C@@H](OC(=O)c4ccccc4)[C@H]21)C3(C)C,114977-28-5
D0734,O=C1NC(c2ccccc2)(c2ccccc2)C(=O)N1COP(=O)([O-])[O-],93390-81-9 
D0735,C[C@@H](c1cc2ccccc2s1)N(O)C(N)=O,111406-87-2
D0736,C[C@H](c1cc2ccccc2s1)N(O)C(N)=O,111406-87-2
D0737,CCC(=O)[C@@]1(C)[C@H](C)C[C@H]2[C@@H]3CCC4=CC(=O)C=C[C@]4(C)[C@H]3[C@@H](O)C[C@@]21C,49697-38-3 
D0738,FCOC(C(F)(F)F)C(F)(F)F,28523-86-6 
D0739,C[C@H]1O[C@H](O[C@H]2[C@H](O)[C@@H](O)[C@@H](O[C@H]3[C@H](O)[C@@H](O)[C@@H](O)O[C@@H]3CO)O[C@@H]2CO)[C@H](O)[C@@H](O)[C@@H]1N[C@H]1C=C(CO)[C@@H](O)[C@H](O)[C@H]1O,56180-94-0 
D0740,CC(C)[C@H](N)C(=O)OCCOCn1cnc2c(=O)[nH]c(N)nc21,124832-26-4
D0741,Brc1c(NC2=NCCN2)ccc2nccnc12,59803-98-4 
D0742,CCC1=C(C)CN(C(=O)NCCc2ccc(S(=O)(=O)NC(=O)N[C@H]3CC[C@H](C)CC3)cc2)C1=O,93479-97-1 
D0743,C[C@@](O)(CS(=O)(=O)c1ccc(F)cc1)C(=O)Nc1ccc(C#N)c(C(F)(F)F)c1,90357-06-5 
D0744,CC1(C)O[C@@H]2[C@@H](CO[C@@]3(COS(N)(=O)=O)OC(C)(C)O[C@@H]23)O1,97240-79-4 
D0745,Nc1ccn([C@@H]2O[C@H](CO)[C@@H](O)C2(F)F)c(=O)n1,95058-81-4 
D0746,CC(C)c1ccc2oc3nc(N)c(C(=O)[O-])cc3c(=O)c2c1,68302-57-8 
D0747,CN(Cc1ccc(C(C)(C)C)cc1)Cc1cccc2ccccc12,101828-21-1
D0748,CCOC(=O)[C@H](CCc1ccccc1)N[C@@H](C)C(=O)N1[C@H](C(=O)[O-])C[C@H]2CCCC[C@@H]21,87679-37-6 
D0749,CC(C)(C(=O)[O-])c1ccc([C@H](O)CCCN2CCC(C(O)(c3ccccc3)c3ccccc3)CC2)cc1,138452-21-8
D0750,CC(C)(C#N)c1cc(Cn2cncn2)cc(C(C)(C)C#N)c1,120511-73-1
D0751,COc1cc(C(=O)NS(=O)(=O)c2ccccc2C)ccc1Cc1cn(C)c2ccc(NC(=O)OC3CCCC3)cc12,107753-78-6
D0752,COc1ccc(C[C@@H]2c3cc(OC)c(OC)cc3CC[N@+]2(C)CCC(=O)OCCCCCOC(=O)CC[N@@+]2(C)CCc3cc(OC)c(OC)cc3[C@H]2Cc2ccc(OC)c(OC)c2)cc1OC,96946-41-7 
D0753,NCCCC(O)(P(=O)([O-])[O-])P(=O)([O-])[O-],129318-43-0
D0754,Nc1ccn([C@@H]2CS[C@H](CO)O2)c(=O)n1,134678-17-4
D0755,CCc1c2c(nc3ccc(OC(=O)N4CCC(N5CCCCC5)CC4)cc13)-c1cc3c(c(=O)n1C2)COC(=O)[C@]3(O)CC,97682-44-5 
D0756,C[N+](C)(C)CC(=O)[O-],107-43-7 
D0757,CCOc1ccccc1OCCN[C@H](C)Cc1ccc(OC)c(S(N)(=O)=O)c1,106133-20-4
D0758,CCOC(=O)O[C@]1(C(=O)OCCl)CC[C@H]2[C@@H]3CCC4=CC(=O)C=C[C@]4(C)[C@H]3[C@@H](O)C[C@@]21C,82034-46-6 
D0759,Cc1cc2c(s1)=Nc1ccccc1NC=2N1CCN(C)CC1,132539-06-1
D0760,Cc1nc(-c2ccc(OCC(C)C)c(C#N)c2)sc1C(=O)[O-],144060-53-7
D0761,CC(C)OC(=O)CCC/C=C\C[C@@H]1[C@@H](CC[C@@H](O)CCc2ccccc2)[C@H](O)C[C@@H]1O,130209-82-4
D0762,Nc1nc2ccc(OC(F)(F)F)cc2s1,1744-22-5
D0763,CCOC(=O)c1ccc(C#Cc2ccc3c(c2)C(C)(C)CCS3)nc1,118292-40-3
D0764,CC(C)C[C@@H](N(C)C)C1(c2ccc(Cl)cc2)CCC1,106650-56-0
D0765,CC(C)(C(=O)[O-])c1ccc([C@@H](O)CCCN2CCC(C(O)(c3ccccc3)c3ccccc3)CC2)cc1,138452-21-8
D0766,Nc1nc(=O)c2ncn(CCC(CO)CO)c2[nH]1,39809-25-1 
D0767,CCC(=O)N(c1ccccc1)C1(C(=O)OC)CCN(CCC(=O)OC)CC1,132875-61-7
D0768,CC(C)C[C@H](N(C)C)C1(c2ccc(Cl)cc2)CCC1,106650-56-0
D0769,C[C@H]1COc2c(N3CCN(C)CC3)c(F)cc3c(=O)c(C(=O)[O-])cn1c23,100986-85-4
D0770,Cc1ccnc2c1NC(=O)c1cccnc1N2C1CC1,129618-40-2
D0771,Nc1ccn(C[C@@H](CO)OCP(=O)([O-])[O-])c(=O)n1,113852-37-2
D0772,Cc1ccsc1C(=CCCN1CCC[C@@H](C(=O)[O-])C1)c1sccc1C,115103-54-3
D0773,CCCN(CCC)CCc1cccc2c1CC(=O)N2,91374-21-9 
D0774,CC(C)c1nc(CN(C)C(=O)N[C@H](C(=O)N[C@@H](Cc2ccccc2)C[C@H](O)[C@H](Cc2ccccc2)NC(=O)OCc2cncs2)C(C)C)cs1,155213-67-5
D0775,C=CCN1C[C@H](C(=O)N(CCCN(C)C)C(=O)NCC)C[C@@H]2c3cccc4[nH]cc(c34)C[C@H]21,81409-90-7 
D0776,CCCCC(=O)N(Cc1ccc(-c2ccccc2-c2nn[nH]n2)cc1)[C@H](C(=O)[O-])C(C)C,137862-53-4
D0777,CCCSc1ccc2nc(NC(=O)OC)[nH]c2c1,54965-21-8 
D0778,CC[C@@]1(O)C(=O)OCc2c1cc1n(c2=O)Cc2cc3c(CN(C)C)c(O)ccc3nc2-1,123948-87-8
D0779,C[C@@H]1CN(c2c(F)c(N)c3c(=O)c(C(=O)[O-])cn(C4CC4)c3c2F)C[C@H](C)N1,110871-86-8
D0780,OCCN1C[C@H](O)[C@@H](O)[C@H](O)[C@H]1CO,72432-03-2 
D0781,CC#C[C@]1(O)CC[C@H]2[C@@H]3CCC4=CC(=O)CCC4=C3[C@@H](c3ccc(N(C)C)cc3)C[C@@]21C,84371-65-3 
D0782,CN(C)CC/C=C1/c2ccccc2COc2ccc(CC(=O)[O-])cc21,113806-05-6
D0783,COc1cc2c(cc1OC)C(=O)[C@@H](CC1CCN(Cc3ccccc3)CC1)C2,120014-06-4
D0784,Cc1c(F)c(N2CCN[C@@H](C)C2)cc2c1c(=O)c(C(=O)[O-])cn2C1CC1,119914-60-2
D0785,Cc1cn[nH]c1,7554-65-6
D0787,CC(C)c1c(C(=O)Nc2ccccc2)c(-c2ccccc2)c(-c2ccc(F)cc2)n1CC[C@@H](O)C[C@@H](O)CC(=O)[O-],134523-00-5
D0788,NC(=O)C[S@@](=O)C(c1ccccc1)c1ccccc1,68693-11-8 
D0789,NC(=O)[C@@H]1CSSCCC(=O)N[C@@H](CCCCN=C(N)N)C(=O)NCC(=O)N[C@@H](CC(=O)[O-])C(=O)N[C@@H](Cc2c[nH]c3ccccc23)C(=O)N2CCC[C@H]2C(=O)N1,148031-34-9
D0790,Cc1c(C)c2c(c(C)c1O)CC[C@@](C)(COc1ccc(C[C@H]3SC(=O)NC3=O)cc1)O2,97322-87-7 
D0791,CC(C)Cn1cnc2c(N)nc3ccccc3c21,99011-02-6 
D0792,N#Cc1ccc(C(c2ccc(C#N)cc2)n2cncn2)cc1,112809-51-5
D0793,COCc1c(C(C)C)nc(C(C)C)c(/C=C/[C@@H](O)C[C@@H](O)CC(=O)[O-])c1-c1ccc(F)cc1,145599-86-6
D0794,CCOc1cc(CC(=O)N[C@@H](CC(C)C)c2ccccc2N2CCCCC2)ccc1C(=O)[O-],135062-02-1
D0795,C=C1C[C@@H]2[C@H](CC[C@]3(C)C(=O)CC[C@@H]23)[C@@]2(C)C=CC(=O)C=C12,107868-30-4
D0796,CCCCC1=NC2(CCCC2)C(=O)N1Cc1ccc(-c2ccccc2-c2nn[nH]n2)cc1,138402-11-6
D0797,CNS(=O)(=O)CCc1ccc2[nH]cc(C3CCN(C)CC3)c2c1,121679-13-8
D0798,CCCCCCCCCCC[C@@H](C[C@@H]1OC(=O)[C@H]1CCCCCC)OC(=O)[C@H](CC(C)C)NC=O,96829-58-2 
D0799,CN(C)CCc1c[nH]c2ccc(C[C@H]3COC(=O)N3)cc12,139264-17-8
D0800,Cc1ccc(O)c([C@H](CCN(C(C)C)C(C)C)c2ccccc2)c1,124937-51-5
D0801,O=C1CC[C@H](N2C(=O)c3ccccc3C2=O)C(=O)N1,50-35-1
D0802,NS(=O)(=O)Cc1noc2ccccc12,68291-97-4 
D0804,O=C(c1ccc(OCCN2CCCCC2)cc1)c1c(-c2ccc(O)cc2)sc2cc(O)ccc12,84449-90-1 
D0805,CCN[C@H]1CN(CCCOC)S(=O)(=O)c2sc(S(N)(=O)=O)cc21,138890-62-7
D0806,C[C@@H](/C=C/[C@H](C)C(C)(C)O)[C@H]1CC[C@H]2/C(=C/C=C3C[C@@H](O)C[C@H](O)C3)CCC[C@]12C,131918-61-1
D0807,CCN(C)C(=O)Oc1cccc([C@H](C)N(C)C)c1,123441-03-2
D0808,O=C1Cc2cc(CCN3CCN(c4nsc5ccccc45)CC3)c(Cl)cc2N1,146939-27-7
D0809,CC(C)(O)c1ccccc1CC[C@@H](SCC1(CC(=O)[O-])CC1)c1cccc(/C=C/c2ccc3ccc(Cl)cc3n2)c1,158966-92-8
D0810,COc1ccc(C[C@H](C)NC[C@@H](O)c2ccc(O)c(NC=O)c2)cc1,73573-87-2 
D0811,C[C@@H]1CNc2c(cccc2S(=O)(=O)N[C@@H](CCCN=C(N)N)C(=O)N2CC[C@@H](C)C[C@@H]2C(=O)[O-])C1,74863-84-6 
D0812,O=P([O-])([O-])C(O)(Cc1cccnc1)P(=O)([O-])[O-],105462-24-6
D0813,CC(C)(C)NC[C@H](O)c1ccc(O)c(CO)c1,34391-04-3 
D0814,CCCc1nc2c(C)cc(-c3nc4ccccc4n3C)cc2n1Cc1ccc(-c2ccccc2C(=O)[O-])cc1,144701-48-4
D0815,CCN(C(C)=O)c1cccc(-c2ccnc3c(C#N)cnn23)c1,151319-34-5
D0816,O=C1CCc2cc(OCCCCc3nnnn3C3CCCCC3)ccc2N1,73963-72-1 
D0817,CN(C)CCOC(=O)[C@@H](c1ccccc1)C1(O)CCCC1,204990-63-6
D0818,C[C@@H]1CCN(C(=O)[C@H](CCCN=C(N)N)NS(=O)(=O)c2cccc3c2NC[C@H](C)C3)[C@@H](C(=O)[O-])C1,74863-84-6 
D0819,CC1=C(/C=C/C(C)=C\C=C\C(C)=C\C(=O)[O-])C(C)(C)CCC1,5300-03-8
D0820,CCCCC(=O)OCC(=O)[C@]1(O)Cc2c(O)c3c(c(O)c2[C@@H](O[C@H]2C[C@H](NC(=O)C(F)(F)F)[C@H](O)[C@H](C)O2)C1)C(=O)c1c(OC)cccc1C3=O,56124-62-0 
D0821,CCCCCOC(=O)Nc1nc(=O)n([C@@H]2O[C@H](C)[C@@H](O)[C@H]2O)cc1F,154361-50-9
D0822,Cc1oncc1C(=O)Nc1ccc(C(F)(F)F)cc1,75706-12-6 
D0823,CCCCS(=O)(=O)N[C@@H](Cc1ccc(OCCCCC2CCNCC2)cc1)C(=O)[O-],144494-65-5
D0824,C=C1CC[C@@H](O)C/C1=C/C=C1\CCC[C@]2(C)[C@@H]([C@H](C)CCCC(C)C)CC[C@@H]12,67-97-0
D0825,CCc1ccc(CCOc2ccc(C[C@@H]3SC(=O)NC3=O)cc2)nc1,111025-46-8
D0826,CN(CCOc1ccc(NS(C)(=O)=O)cc1)CCc1ccc(NS(C)(=O)=O)cc1,115256-11-6
D0827,CO/N=C1\CN(c2nc3c(cc2F)c(=O)c(C(=O)[O-])cn3C2CC2)C[C@@H]1CN,175463-14-6
D0828,Cc1cnc(N/C(O)=C2/C(=O)c3ccccc3S(=O)(=O)N2C)s1,71125-38-7 
D0829,CCCCCCCCCCCCCCCCCCCCCCO,661-19-8 
D0830,NCC(=O)CCC(=O)[O-],106-60-5 
D0831,O=C1Nc2ccc(Cl)cc2[C@@](C#CC2CC2)(C(F)(F)F)O1,154598-52-4
D0832,COCCCOc1ccnc(C[S@](=O)c2nc3ccccc3[nH]2)c1C,117976-89-3
D0833,COc1ccnc(C[S@@](=O)c2nc3ccc(OC(F)F)cc3[nH]2)c1OC,102625-70-7
D0834,C[C@@H]1O[C@@]2(CS1)CN1CCC2CC1,107233-08-9
D0835,CCCCN1CCCC[C@H]1C(=O)Nc1c(C)cccc1C,27262-47-1 
D0836,Cc1ccc(-c2cc(C(F)(F)F)nn2-c2ccc(S(N)(=O)=O)cc2)cc1,169590-42-5
D0837,CC(C)CN(C[C@@H](O)[C@H](Cc1ccccc1)NC(=O)O[C@H]1CCOC1)S(=O)(=O)c1ccc(N)cc1,161814-49-9
D0838,NC(=O)N1c2ccccc2CC(=O)c2ccccc21,28721-07-5 
D0839,CN1CCC[C@@H]1Cc1c[nH]c2cc(CCS(=O)(=O)c3ccccc3)ccc12,143322-58-1
D0840,C/C=C/C[C@@H](C)[C@@H](O)[C@H]1C(=O)N[C@@H](CC)C(=O)N(C)CC(=O)N(C)[C@@H](CC(C)C)C(=O)N[C@@H](C(C)C)C(=O)N(C)[C@@H](CC(C)C)C(=O)N[C@@H](C)C(=O)N[C@H](C)C(=O)N(C)[C@@H](CC(C)C)C(=O)N(C)[C@@H](CC(C)C)C(=O)N(C)[C@@H](C(C)C)C(=O)N1C,59865-13-3 
D0841,CO[C@H]1/C=C/O[C@@]2(C)Oc3c(C)c(O)c4c(O)c(c(/C=N/N5CCN(C6CCCC6)CC5)c(O)c4c3C2=O)NC(=O)/C(C)=C\C=C\[C@H](C)[C@H](O)[C@@H](C)[C@@H](O)[C@@H](C)[C@H](OC(C)=O)[C@@H]1C,61379-65-5 
D0842,Cn1nnc2c(C(N)=O)ncn2c1=O,85622-93-1 
D0843,CC[C@@H](C(N)=O)N1CCCC1=O,102767-28-2
D0844,CC(=O)N[C@H]1[C@H]([C@H](O)[C@H](O)CO)OC(C(=O)[O-])=C[C@@H]1N=C(N)N,139110-80-8
D0845,Cc1cccc([C@H](C)c2cnc[nH]2)c1C,113775-47-6
D0846,CS(=O)(=O)c1ccc(C2=C(c3ccccc3)C(=O)OC2)cc1,162011-90-7
D0847,C=C(c1ccc(C(=O)[O-])cc1)c1cc2c(cc1C)C(C)(C)CCC2(C)C,153559-49-0
D0848,COc1ccccc1OC[C@H](O)CO,93-14-1
D0849,CN1CCC(=C2c3ccccc3CC(=O)c3sccc32)CC1,34580-13-7 
D0850,CCc1ccc(CCOc2ccc(C[C@H]3SC(=O)NC3=O)cc2)nc1,111025-46-8
D0851,CC(C)/N=C(N)/N=C(\N)Nc1ccc(Cl)cc1,500-92-5 
D0852,Cc1cccn2c(=O)c(-c3nn[nH]n3)cnc12,69372-19-6 
D0853,CO[C@H]1C[C@@H]2CC[C@@H](C)[C@@](O)(O2)C(=O)C(=O)N2CCCC[C@H]2C(=O)O[C@H]([C@H](C)C[C@@H]2CC[C@@H](O)[C@H](OC)C2)CC(=O)[C@H](C)/C=C(\C)[C@@H](O)[C@@H](OC)C(=O)[C@H](C)C[C@H](C)/C=C/C=C/C=C/1C,53123-88-9 
D0854,COc1c(N2C[C@@H]3CCCN[C@@H]3C2)c(F)cc2c(=O)c(C(=O)[O-])cn(C3CC3)c12,151096-09-2
D0855,C[C@]12CCC(=O)C=C1[C@@H]1C[C@@H]1[C@H]1[C@@H]3[C@@H]4C[C@@H]4[C@@]4(CCC(=O)O4)[C@@]3(C)CC[C@@H]12,67392-87-4 
D0856,Cc1[nH]cnc1CN1CCc2c(c3ccccc3n2C)C1=O,122852-42-0
D0857,Oc1ccc(O)cc1,123-31-9 
D0858,N[C@@H](Cc1cc(I)c(Oc2cc(I)c(O)c(I)c2)c(I)c1)C(=O)[O-],51-48-9
D0859,COc1cc2nc(N(C)CCCNC(=O)[C@@H]3CCCO3)nc(N)c2cc1OC,81403-80-7 
D0860,CC(=O)NC[C@H]1CN(c2ccc(N3CCOCC3)c(F)c2)C(=O)O1,165800-03-3
D0861,CC(C)[C@H](N)C(=O)OC[C@@H](CO)OCn1cnc2c(=O)nc(N)[nH]c21,175865-60-8
D0862,CC[C@H]1OC(=O)[C@H](C)C(=O)[C@H](C)[C@@H](O[C@@H]2O[C@H](C)C[C@H](N(C)C)[C@H]2O)[C@](C)(OC)C[C@@H](C)C(=O)[C@H](C)[C@H]2N(CCCCn3cnc(-c4cccnc4)c3)C(=O)O[C@]12C,191114-48-4
D0863,CCCSc1nc(N[C@@H]2C[C@H]2c2ccc(F)c(F)c2)c2nnn([C@@H]3C[C@H](O)[C@@H](O)[C@H]3O)c2n1,220347-05-7
D0864,CO/N=C1\CN(c2nc3c(cc2F)c(=O)c(C(=O)[O-])cn3C2CC2)C[C@H]1CN,175463-14-6
D0865,Clc1ccc2c(c1)CCc1cccnc1C2=C1CCNCC1,100643-71-8
D0866,C#C[C@]1(O)CC[C@H]2[C@@H]3CCC4=CC(=O)CC[C@@H]4[C@H]3C(=C)C[C@@]21CC,54048-10-1 
D0867,CC(=O)N[C@H](Cc1ccc2ccccc2c1)C(=O)N[C@H](Cc1ccc(Cl)cc1)C(=O)N[C@H](Cc1cccnc1)C(=O)N[C@@H](CO)C(=O)N[C@@H](Cc1ccc(O)cc1)C(=O)N[C@H](CCCNC(N)=O)C(=O)N[C@@H](CC(C)C)C(=O)N[C@@H](CCCNC(N)=[NH2+])C(=O)N1CCC[C@H]1C(=O)N[C@H](C)C(N)=O,120287-85-6
D0868,[H]/N=C(\NCCCCC)N/N=C/c1c[nH]c2ccc(OC)cc12,145158-71-0
D0869,CC(C)[C@H]1CC[C@H](C(=O)N[C@H](Cc2ccccc2)C(=O)[O-])CC1,105816-04-4
D0870,Cc1cccc(C)c1OCC(=O)N[C@@H](Cc1ccccc1)[C@@H](O)C[C@H](Cc1ccccc1)NC(=O)[C@H](C(C)C)N1CCCNC1=O,192725-17-0
D0872,CC(C)OC(=O)CCC/C=C\C[C@@H]1[C@@H](/C=C/[C@@H](O)COc2cccc(C(F)(F)F)c2)[C@H](O)C[C@@H]1O,157283-68-6
D0873,CN1CCc2cccc3c2[C@H]1Cc1ccc(O)c(O)c1-3,58-00-4
D0874,C[C@@H](c1ncncc1F)[C@](O)(Cn1cncn1)c1ccc(F)cc1F,137234-62-9
D0875,CCCCC[C@H](O)CC[C@@H]1[C@H]2Cc3cccc(OCC(=O)[O-])c3C[C@H]2C[C@H]1O,81846-19-7 
D0876,CCNC(=O)CCC/C=C\C[C@@H]1[C@@H](/C=C/[C@@H](O)CCc2ccccc2)[C@H](O)C[C@@H]1O,155206-00-1
D0877,COc1ccccc1OC[C@@H](O)CO,93-14-1
D0878,CCCc1nc(C(C)(C)O)c(C(=O)OCc2oc(=O)oc2C)n1Cc1ccc(-c2ccccc2-c2nn[nH]n2)cc1,144689-63-4
D0879,COc1cc2nc(N(C)CCCNC(=O)[C@H]3CCCO3)nc(N)c2cc1OC,81403-80-7 
D0880,COc1ccccc1Oc1c(NS(=O)(=O)c2ccc(C(C)(C)C)cc2)nc(-c2ncccn2)nc1OCCO,147536-97-8
D0881,CC[C@@H]1/C=C(/C)C[C@H](C)C[C@H](OC)[C@H]2O[C@@](O)(C(=O)C(=O)N3CCCC[C@H]3C(=O)O[C@H](/C(C)=C/[C@@H]3CC[C@H](Cl)[C@H](OC)C3)[C@H](C)[C@@H](O)CC1=O)[C@H](C)C[C@@H]2OC,137071-32-0
D0882,CC(C)[C@H](N)C(=O)OC[C@H](CO)OCn1cnc2c(=O)nc(N)[nH]c21,175865-60-8
D0883,C[C@]12C=CC(=O)N[C@@H]1CC[C@@H]1[C@@H]2CC[C@]2(C)[C@@H](C(=O)Nc3cc(C(F)(F)F)ccc3C(F)(F)F)CC[C@@H]12,164656-23-9
D0884,CC(=O)N[C@H](Cc1ccc2ccccc2c1)C(=O)N[C@H](Cc1ccc(Cl)cc1)C(=O)N[C@H](Cc1cccnc1)C(=O)N[C@@H](CO)C(=O)N(C)[C@@H](Cc1ccc(O)cc1)C(=O)N[C@H](CC(N)=O)C(=O)N[C@@H](CC(C)C)C(=O)N[C@@H](CCCCNC(C)C)C(=O)N1CCC[C@H]1C(=O)N[C@H](C)C(N)=O,183552-38-7
D0885,C[C@@H](O)[C@H]1C(=O)N2C(C(=O)[O-])=C(S[C@@H]3CN[C@H](C(=O)Nc4cccc(C(=O)[O-])c4)C3)[C@H](C)[C@H]12,153832-46-3
D0886,Cc1onc(-c2ccccc2)c1-c1ccc(S(N)(=O)=O)cc1,181695-72-7
D0887,C[C@]12CC[C@@H]3c4ccc(O)cc4C[C@@H](CCCCCCCCC[S@](=O)CCCC(F)(F)C(F)(F)F)[C@H]3[C@@H]1CC[C@@H]2O,129453-61-8
D0888,CO[C@H]1O[C@H](COS(=O)(=O)O)[C@@H](O[C@@H]2O[C@@H](C(=O)[O-])[C@@H](O[C@H]3O[C@H](COS(=O)(=O)O)[C@@H](O[C@@H]4O[C@H](C(=O)[O-])[C@@H](O[C@H]5O[C@H](COS(=O)(=O)O)[C@@H](O)[C@H](O)[C@H]5NS(=O)(=O)O)[C@H](O)[C@H]4O)[C@H](OS(=O)(=O)O)[C@H]3NS(=O)(=O)O)[C@H](O)[C@H]2OS(=O)(=O)O)[C@H](O)[C@H]1NS(=O)(=O)O,104993-28-4
D0889,CCCCN1C[C@H](O)[C@@H](O)[C@H](O)[C@H]1CO,72599-27-0 
D0890,COc1c(N2CCN[C@H](C)C2)c(F)cc2c(=O)c(C(=O)[O-])cn(C3CC3)c12,112811-59-3
D0891,CO[C@H]1/C=C/O[C@@]2(C)Oc3c(C)c(O)c4c(O)c(c5c(nc6cc(C)ccn65)c4c3C2=O)NC(=O)/C(C)=C\C=C\[C@H](C)[C@H](O)[C@@H](C)[C@@H](O)[C@@H](C)[C@H](OC(C)=O)[C@@H]1C,80621-81-4 
D0892,CC(C)c1nc(N(C)S(C)(=O)=O)nc(-c2ccc(F)cc2)c1/C=C/[C@@H](O)C[C@@H](O)CC(=O)[O-],287714-41-4
D0893,CN1CC(=O)N2[C@H](c3ccc4c(c3)OCO4)c3[nH]c4ccccc4c3C[C@@H]2C1=O,171596-29-5
D0894,O=C1c2cccc3c2[C@H](CCC3)CN1[C@@H]1CN2CCC1CC2,135729-61-2
D0895,COc1cc2ncnc(Nc3ccc(F)c(Cl)c3)c2cc1OCCCN1CCOCC1,184475-35-2
D0896,CCCc1nc(C)c2c(=O)[nH]c(-c3cc(S(=O)(=O)N4CCN(CC)CC4)ccc3OCC)nn12,224785-90-4
D0897,CNCC[C@@H](Oc1ccccc1C)c1ccccc1,83015-26-3 
D0898,CNCC[C@H](Oc1cccc2ccccc12)c1cccs1,116539-59-4
D0899,CC(=O)NCCCS(=O)(=O)O,77337-76-9 
D0900,O=C1CCc2ccc(OCCCCN3CCN(c4cccc(Cl)c4Cl)CC3)cc2N1,129722-12-9
D0901,COC(=O)[C@@H]1CC2=CC(=O)CC[C@]2(C)[C@@]23O[C@@H]2C[C@@]2(C)[C@@H](CC[C@@]24CCC(=O)O4)[C@H]13,107724-20-9
D0902,O=C1[C@H](CC[C@H](O)c2ccc(F)cc2)[C@@H](c2ccc(O)cc2)N1c1ccc(F)cc1,163222-33-1
D0903,CC(C)C[C@H](CN)CC(=O)[O-],148553-50-8
D0904,CC(C)(C)C(=O)OCOP(=O)(COCCn1cnc2c(N)ncnc21)OCOC(=O)C(C)(C)C,142340-99-6
D0905,CCCCCN(C)CCC(O)(P(=O)([O-])[O-])P(=O)([O-])[O-],114084-78-5
D0906,CN1CCN(C(=O)O[C@H]2c3nccnc3C(=O)N2c2ccc(Cl)cn2)CC1,138729-47-2
D0907,C[C@]12C[C@@H]3C[C@](C)(C1)C[C@@](N)(C3)C2,19982-08-2 
D0908,COc1ccccc1OC[C@@H](O)CN1CCN(CC(=O)Nc2c(C)cccc2C)CC1,95635-55-5 
D0909,COc1c(N2CCN[C@@H](C)C2)c(F)cc2c(=O)c(C(=O)[O-])cn(C3CC3)c12,112811-59-3
D0911,Nc1nc(=O)n([C@@H]2CS[C@H](CO)O2)cc1F,143491-57-0
D0912,CCCCCOc1ccc(-c2cc(-c3ccc(C(=O)N[C@H]4C[C@@H](O)[C@@H](O)NC(=O)[C@@H]5[C@@H](O)[C@@H](C)CN5C(=O)[C@H]([C@H](O)CC(N)=O)NC(=O)[C@H]([C@H](O)[C@@H](O)c5ccc(O)c(OS(=O)(=O)O)c5)NC(=O)[C@@H]5C[C@@H](O)CN5C(=O)[C@H]([C@@H](C)O)NC4=O)cc3)no2)cc1,235114-32-6
D0913,COc1ccccc1OC[C@H](O)CN1CCN(CC(=O)Nc2c(C)cccc2C)CC1,95635-55-5 
D0914,CC(C)CN(C[C@@H](OP(=O)([O-])[O-])[C@H](Cc1ccccc1)NC(=O)O[C@H]1CCOC1)S(=O)(=O)c1ccc(N)cc1,226700-79-4
D0915,C[C@@H](O[C@H]1OCCN(Cc2nc(=O)[nH][nH]2)[C@H]1c1ccc(F)cc1)c1cc(C(F)(F)F)cc(C(F)(F)F)c1,170729-80-3
D0916,CC(=O)Oc1ccc(C(c2ccc(OC(C)=O)cc2)c2ccccn2)cc1,603-50-9 
D0917,NC1=NC[C@H]2c3ccccc3Cc3ccccc3N12,80012-43-7 
D0918,CCCCCCCCCC(=O)N[C@@H](Cc1c[nH]c2ccccc12)C(=O)N[C@H](CC(N)=O)C(=O)N[C@@H](CC(=O)[O-])C(=O)N[C@@H]1C(=O)NCC(=O)N[C@@H](CCCN)C(=O)N[C@@H](CC(=O)[O-])C(=O)N[C@H](C)C(=O)N[C@@H](CC(=O)[O-])C(=O)NCC(=O)N[C@H](CO)C(=O)N[C@@H]([C@H](C)CC(=O)[O-])C(=O)N[C@@H](CC(=O)c2ccccc2N)C(=O)O[C@@H]1C,103060-53-3
D0919,O=C(O[C@@H]1C[C@H]2CC[C@@H](C1)[N+]21CCCC1)C(O)(c1ccccc1)c1ccccc1,47608-32-2 
D0920,CC(C)C[C@H](NC(=O)[C@H](Cc1ccccc1)NC(=O)c1cnccn1)B(O)O,179324-69-7
D0922,CCCCCOc1ccc(-c2ccc(-c3ccc(C(=O)N[C@@H]4C[C@@H](O)[C@@H](O)NC(=O)[C@@H]5[C@@H](O)[C@@H](C)CN5C(=O)[C@H]([C@@H](C)O)NC(=O)[C@H]([C@H](O)[C@@H](O)c5ccc(O)cc5)NC(=O)[C@@H]5C[C@@H](O)CN5C(=O)[C@H]([C@@H](C)O)NC4=O)cc3)cc2)cc1,166663-25-8
D0923,CC(C)C(=O)OCC(=O)[C@@]12O[C@H](C3CCCCC3)O[C@@H]1C[C@H]1[C@@H]3CCC4=CC(=O)C=C[C@]4(C)[C@H]3[C@@H](O)C[C@@]12C,126544-47-6
D0924,Nc1c(CC(=O)[O-])cccc1C(=O)c1ccc(Br)cc1,91714-94-2 
D0925,Nc1nc(Cl)nc2c1ncn2[C@@H]1O[C@H](CO)[C@@H](O)[C@@H]1F,123318-82-1
D0926,C[C@@H](NCCCc1cccc(C(F)(F)F)c1)c1cccc2ccccc12,226256-56-0
D0927,Cc1nc2c([nH]1)CCN(C(=O)c1ccc(NC(=O)c3ccccc3-c3ccccc3)cc1)c1ccccc1-2,210101-16-9
D0928,C[C@@H](O)C(=O)[O-],50-21-5
D0929,O[C@@H](CNC[C@H](O)[C@H]1CCc2cc(F)ccc2O1)[C@@H]1CCc2cc(F)ccc2O1,118457-14-0
D0930,C#Cc1cccc(Nc2ncnc3cc(OCCOC)c(OCCOC)cc23)c1,183321-74-6
D0931,C[C@H]1CN(C[C@H](Cc2ccccc2)C(=O)NCC(=O)[O-])CC[C@@]1(C)c1cccc(O)c1,156053-89-3
D0932,CC#CC[C@H](C)[C@H](O)/C=C/[C@@H]1[C@H]2C/C(=C/CCCC(=O)[O-])C[C@H]2C[C@H]1O,78919-13-8 
D0933,CCC(=O)NCC[C@@H]1CCc2ccc3c(c21)CCO3,196597-26-9
D0934,Nc1ncn([C@H]2C[C@H](O)[C@@H](CO)O2)c(=O)n1,2353-33-5
D0935,Nc1ccc(S(=O)(=O)c2ccc(N)cc2)cc1,80-08-0
D0936,C=C1[C@H](CO)[C@@H](O)C[C@@H]1n1cnc2c(=O)nc(N)[nH]c21,142217-69-4
D0937,C=C[C@H]1CN2CC[C@H]1C[C@H]2[C@H](O)c1ccnc2ccc(OC)cc12,130-95-0 
D0938,CCC[C@@]1(CCc2ccccc2)CC(O)=C([C@H](CC)c2cccc(NS(=O)(=O)c3ccc(C(F)(F)F)cn3)c2)C(=O)O1,174484-41-4
D0939,CN(C)c1cc(NC(=O)CNC(C)(C)C)c(O)c2c1C[C@H]1C[C@H]3[C@H](N(C)C)C(O)=C(C(N)=O)C(=O)[C@@]3(O)C(O)=C1C2=O,220620-09-7
D0940,COc1nc(N)nc2c1ncn2[C@@H]1O[C@H](CO)[C@@H](O)[C@@H]1O,121032-29-9
D0941,Nc1cccc2c1CN([C@@H]1CCC(=O)NC1=O)C2=O,191732-72-6
D0942,O=C1C=CC=C/C1=C1\N/C(=C2/C=CC=CC2=O)N(c2ccc(C(=O)[O-])cc2)N1,201530-41-8
D0943,COc1cc2c(cc1OC)[C@@H]1CC(=O)[C@@H](CC(C)C)CN1CC2,58-46-8
D0944,CCCCC(F)(F)[C@@]1(O)CC[C@H]2[C@@H](CC(=O)[C@@H]2CCCCCCC(=O)[O-])O1,333963-40-9
D0945,COc1ccc(C[C@@H](C)NC[C@H](O)c2ccc(O)c(NC=O)c2)cc1,67346-49-0 
D0946,c1cnc2cc3c(cc2n1)[C@@H]1CNC[C@H]3C1,249296-44-4
D0947,Cc1nc(Nc2ncc(C(=O)Nc3c(C)cccc3Cl)s2)cc(N2CCN(CCO)CC2)n1,302962-49-8
D0948,O=C(CCCCCCC(=O)Nc1ccccc1)NO,149647-78-9
D0949,Cc1nc2n(c(=O)c1CCN1CCC(c3noc4cc(F)ccc34)CC1)CCC[C@@H]2O,144598-75-4
D0950,CC[C@@H]([C@H](C)O)n1ncn(-c2ccc(N3CCN(c4ccc(OC[C@@H]5CO[C@@](Cn6cncn6)(c6ccc(F)cc6F)C5)cc4)CC3)cc2)c1=O,171228-49-2
D0951,Cc1cn([C@@H]2C[C@@H](O)[C@H](CO)O2)c(=O)[nH]c1=O,3424-98-4
D0952,CC(C)[C@@H]1CC[C@@H](C)C[C@H]1O,89-78-1
D0953,CC1(C)S[C@@H]2[C@H](NC(=O)[C@@H](C(=O)[O-])c3ccccc3)C(=O)N2[C@H]1C(=O)[O-],4697-36-3
D0954,C=C[C@]1(C)C[C@@H](OC(=O)CS[C@@H]2C[C@H]3CC[C@@H](C2)N3C)[C@@]2(C)[C@H](C)CC[C@]3(CCC(=O)[C@H]32)[C@@H](C)[C@@H]1O,224452-66-8
D0955,C/C(=C\c1csc(C)n1)[C@@H]1C[C@@H]2O[C@]2(C)CCC[C@H](C)[C@H](O)[C@@H](C)C(=O)C(C)(C)[C@@H](O)CC(=O)N1,219989-84-1
D0956,CO[C@H]1C[C@@H]2CC[C@@H](C)[C@@](O)(O2)C(=O)C(=O)N2CCCC[C@H]2C(=O)O[C@H]([C@H](C)C[C@@H]2CC[C@@H](OC(=O)C(C)(CO)CO)[C@H](OC)C2)CC(=O)[C@H](C)/C=C(\C)[C@@H](O)[C@@H](OC)C(=O)[C@H](C)C[C@H](C)/C=C/C=C/C=C/1C,162635-04-3
D0957,C[C@@H](O)[C@H]1C(=O)N2C(C(=O)[O-])=C(S[C@@H]3CN[C@H](CNS(N)(=O)=O)C3)[C@H](C)[C@H]12,148016-81-3
D0958,Cc1nnc(C(C)C)n1[C@@H]1C[C@H]2CC[C@@H](C1)N2CC[C@H](NC(=O)C1CCC(F)(F)CC1)c1ccccc1,376348-65-1
D0959,CNC(=O)c1cnn(-c2nc(N)c3ncn([C@@H]4O[C@H](CO)[C@@H](O)[C@H]4O)c3n2)c1,313348-27-5
D0960,CN(C)CCOC(=O)[C@H](c1ccccc1)C1(O)CCCC1,204990-62-5
D0961,C[C@]12CC[C@@H]3c4ccc(OS(=O)(=O)O)cc4CC[C@H]3[C@@H]1CCC2=O,481-97-0 
D0962,Cn1c2nc(Cl)nc-2c(O)n(C)c1=O,85-18-7
D0963,C[C@H]1c2cccc(O)c2C(=O)C2=C(O)[C@]3(O)C(=O)C(C(N)=O)=C(O)[C@@H](N(C)C)[C@@H]3[C@@H](O)[C@@H]21,564-25-0 
D0964,CC[C@H]1OC(=O)[C@H](C)[C@@H](O[C@H]2C[C@@](C)(OC)[C@@H](O)[C@H](C)O2)[C@H](C)[C@@H](O[C@@H]2O[C@H](C)C[C@H](N(C)C)[C@H]2O)[C@](C)(O)C[C@@H](C)C(=O)[C@H](C)[C@@H](O)[C@]1(C)O,114-07-8 
D0965,CCC(=O)O[C@H]1[C@H](O[C@@H]2[C@@H](C)[C@H](O[C@H]3C[C@@](C)(OC)[C@@H](O)[C@H](C)O3)[C@@H](C)C(=O)O[C@H](CC)[C@@](C)(O)[C@H](O)[C@@H](C)C(=O)[C@H](C)C[C@@]2(C)O)O[C@H](C)C[C@@H]1N(C)C,3521-62-8
D0966,CCOC(=O)CCC(=O)O[C@H]1[C@H](O[C@@H]2[C@@H](C)[C@H](O[C@H]3C[C@@](C)(OC)[C@@H](O)[C@H](C)O3)[C@@H](C)C(=O)O[C@H](CC)[C@@](C)(O)[C@H](O)[C@@H](C)C(=O)[C@H](C)C[C@@]2(C)O)O[C@H](C)C[C@@H]1N(C)C,8000-15-5
D0967,Cc1onc(-c2c(Cl)cccc2Cl)c1C(=O)N[C@@H]1C(=O)N2[C@@H]1SC(C)(C)[C@@H]2C(=O)[O-],3116-76-5
D0968,NC[C@@H]1O[C@H](O[C@H]2[C@@H](O)[C@H](O[C@@H]3[C@@H](O)[C@H](N)C[C@H](N)[C@H]3O[C@H]3O[C@H](CN)[C@@H](O)[C@H](O)[C@H]3N)O[C@@H]2CO)[C@H](N)[C@@H](O)[C@@H]1O,1404-04-2
D0969,CN[C@@H](C)[C@@H]1CC[C@@H](N)[C@@H](O[C@H]2[C@H](O)[C@@H](O[C@H]3OC[C@](C)(O)[C@H](NC)[C@H]3O)[C@H](N)C[C@@H]2N)O1,1403-66-3
D0970,COC1=CC(=O)C[C@@H](C)[C@]12Oc1c(Cl)c(OC)cc(OC)c1C2=O,126-07-8 
D0971,CC1(C)S[C@@H]2[C@H](N3C(=O)[C@@H](c4ccccc4)NC3(C)C)C(=O)N2[C@H]1C(=O)[O-],3511-16-8
D0972,CCOC(=O)O[C@@H](C)OC(=O)[C@@H]1N2C(=O)[C@@H](NC(=O)[C@H](N)c3ccccc3)[C@H]2SC1(C)C,50972-17-3 
D0973,CC1(C)S[C@@H]2[C@H](NC(=O)[C@H](N)c3ccccc3)C(=O)N2[C@H]1C(=O)[O-],69-53-4
D0975,CCCCCCCCCCCCCCCC(=O)OC[C@@H](NC(=O)C(Cl)Cl)[C@H](O)c1ccc([N+](=O)[O-])cc1,530-43-8 
D0976,[H]/N=C1\NCC[C@@H]([C@@H]2NC(=O)/C(=C\NC(N)=O)NC(=O)[C@H](CNC(=O)C[C@@H](N)CCCN)NC(=O)[C@H](CO)NC(=O)[C@@H](N)CNC2=O)N1,11003-38-6 
D0977,CC[C@@H](C)CCCC(=O)N[C@@H](CCNCS(=O)(=O)O)C(=O)N[C@H](C(=O)N[C@@H](CCNCS(=O)(=O)O)C(=O)N[C@H]1CCNC(=O)[C@H]([C@@H](C)O)NC(=O)[C@H](CCNCS(=O)(=O)O)NC(=O)[C@H](CCNCS(=O)(=O)O)NC(=O)[C@H](CC(C)C)NC(=O)[C@@H](CC(C)C)NC(=O)[C@H](CCNCS(=O)(=O)O)NC1=O)[C@@H](C)O,8068-28-8
D0978,CCOc1ccc2ccccc2c1NC(=O)[C@@H]1C(=O)N2[C@@H]1SC(C)(C)[C@@H]2C(=O)[O-],147-52-4 
D0979,COc1cccc(OC)c1C(=O)N[C@@H]1C(=O)N2[C@@H]1SC(C)(C)[C@@H]2C(=O)[O-],61-32-5
D0980,Cc1onc(-c2ccccc2)c1C(=O)N[C@@H]1C(=O)N2[C@@H]1SC(C)(C)[C@@H]2C(=O)[O-],66-79-5
D0981,CC1(C)S[C@@H]2[C@H](NC(=O)Cc3ccccc3)C(=O)N2[C@H]1C(=O)[O-],61-33-6
D0982,CC1(C)S[C@@H]2[C@H](NC(=O)COc3ccccc3)C(=O)N2[C@H]1C(=O)[O-],87-08-1
D0983,CN(N=O)C(=O)N[C@@H]1[C@@H](O)[C@H](O)[C@@H](CO)O[C@@H]1O,18883-66-4 
D0984,CCC[C@@H]1C[C@@H](C(=O)N[C@@H]([C@H]2O[C@H](SC)[C@H](O)[C@@H](O)[C@H]2O)[C@H](C)Cl)N(C)C1,18323-44-9 
D0985,COCC1=C(C(=O)O[C@H](C)OC(=O)OC(C)C)N2C(=O)[C@@H](NC(=O)/C(=N\OC)c3csc(N)n3)[C@H]2SC1,87239-81-4 
D0986,Cc1onc(-c2ccccc2Cl)c1C(=O)N[C@@H]1C(=O)N2[C@@H]1SC(C)(C)[C@@H]2C(=O)[O-],61-72-3
D0987,CN(C)[C@@H]1C(O)=C(C(N)=O)C(=O)[C@@]2(O)C(O)=C3C(=O)c4c(O)cccc4[C@@](C)(O)[C@H]3C[C@@H]12,60-54-8
D0988,CCC[C@H](C)C1(CC)C(=O)NC(=O)NC1=O,76-74-4
D0989,CC(=O)OCC1=C(C(=O)[O-])N2C(=O)[C@@H](NC(=O)[C@H](N)c3ccccc3)[C@H]2SC1,3577-01-3
D0990,C[C@@H]1[C@H](O)[C@@H](C)/C=C/C=C/CC/C=C/C=C/C=C/C=C/[C@H](O[C@@H]2O[C@H](C)[C@@H](O)[C@H](N)[C@@H]2O)C[C@@H]2O[C@](O)(C[C@@H](O)[C@H](O)CC[C@@H](O)C[C@@H](O)C[C@@H](O)CC(=O)O[C@H]1C)C[C@H](O)[C@H]2C(=O)[O-],1400-61-9
D0991,Oc1c(I)cc(Cl)c2cccnc12,130-26-7 
D0992,CN(C)[C@@H]1C(O)=C(C(N)=O)C(=O)[C@@]2(O)C(O)=C3C(=O)c4c(O)ccc(Cl)c4[C@@H](O)[C@H]3C[C@@H]12,127-33-3 
D0993,CN(C)[C@@H]1C(O)=C(C(N)=O)C(=O)[C@@]2(O)C(O)=C3C(=O)c4c(O)cccc4[C@@](C)(O)[C@H]3[C@H](O)[C@@H]12,79-57-2
D0994,CC1(C)S[C@@H]2[C@H](NC(=O)[C@H](C(=O)[O-])c3ccccc3)C(=O)N2[C@H]1C(=O)[O-],4697-36-3
D0995,c1ccc2c(c1)CCC[C@H]2C1=NCCN1,84-22-0
D0996,C[C@@H]1[C@H](O)[C@@H](C)/C=C/C=C/C=C/C=C/C=C/C=C/C=C/[C@H](O[C@@H]2O[C@H](C)[C@@H](O)[C@H](N)[C@@H]2O)C[C@@H]2O[C@](O)(C[C@@H](O)C[C@@H](O)[C@H](O)CC[C@@H](O)C[C@@H](O)CC(=O)O[C@H]1C)C[C@H](O)[C@H]2C(=O)[O-],1397-89-3
D0997,CN(C)c1ccc(O)c2c1C[C@H]1C[C@H]3[C@H](N(C)C)C(O)=C(C(N)=O)C(=O)[C@@]3(O)C(O)=C1C2=O,10118-90-8 
D0998,CCC[C@@H]1C[C@@H](C(=O)N[C@@H]([C@H]2O[C@H](SC)[C@H](O)[C@@H](O)[C@H]2O)[C@@H](C)O)N(C)C1,154-21-2 
D0999,CO[C@H]1C[C@H](O[C@H]2[C@H](C)[C@@H](O[C@@H]3O[C@H](C)C[C@H](N(C)C)[C@H]3OC(C)=O)[C@@H](C)C[C@@]3(CO3)C(=O)[C@H](C)[C@@H](OC(C)=O)[C@@H](C)[C@@H](C)OC(=O)[C@@H]2C)O[C@@H](C)[C@@H]1OC(C)=O,2751-09-9
D1000,CO[C@@H]1[C@@H](OC(N)=O)[C@@H](O)[C@H](Oc2ccc3c(O)c(NC(=O)c4ccc(O)c(CC=C(C)C)c4)c(=O)oc3c2C)OC1(C)C,303-81-1 
D1001,CN[C@@H]1[C@H](O)[C@H](NC)[C@H]2O[C@@]3(O)C(=O)C[C@@H](C)O[C@H]3O[C@@H]2[C@H]1O,1695-77-8
D1002,CN(C)[C@@H]1C(O)=C(C(N)=O)C(=O)[C@@]2(O)C(O)=C3C(=O)c4c(O)ccc(Cl)c4[C@@](C)(O)[C@H]3C[C@@H]12,57-62-5
D1003,CC1=C(C(=O)[O-])N2C(=O)[C@@H](NC(=O)[C@H](N)c3ccccc3)[C@H]2SC1,15686-71-2 
D1004,[c:1]1([OH:48])[c:2]2[c:3](/[CH:43]=[N:45]/[N:46]3[CH2:40][CH2:39][N:47]([CH3:38])[CH2:42][CH2:41]3)[c:4]([OH:59])[c:10]3[c:5]4[c:6]([c:7]([CH3:14])[c:8]([OH:49])[c:9]13)[O:50][C@@:12]([CH3:13])([C:11]4=[O:51])[O:52]/[CH:29]=[CH:28]/[C@H:27]([O:53][CH3:37])[C@@H:26]([CH3:34])[C@@H:25]([O:54][C:35]([CH3:36])=[O:55])[C@H:24]([CH3:33])[C@H:23]([OH:56])[C@H:22]([CH3:32])[C@@H:21]([OH:57])[C@@H:20]([CH3:31])/[CH:19]=[CH:18]/[CH:17]=[C:16](/[CH3:30])[C:15](=[O:58])[NH:44]2,13292-46-1 
D1005,CC(=O)OCC1=C(C(=O)[O-])N2C(=O)[C@@H](NC(=O)CSc3ccncc3)[C@H]2SC1,21593-23-7 
D1006,CO[C@@]12[C@H](COC(N)=O)C3=C(C(=O)C(C)=C(N)C3=O)N1C[C@@H]1N[C@@H]12,50-07-7
D1007,CC1(C)S[C@@H]2[C@H](NC(=O)[C@H](N)c3ccc(O)cc3)C(=O)N2[C@H]1C(=O)[O-],26787-78-0 
D1008,Cc1nnc(SCC2=C(C(=O)[O-])N3C(=O)[C@@H](NC(=O)Cn4cnnn4)[C@H]3SC2)s1,25953-19-9 
D1009,COc1cccc2c1C(=O)c1c(O)c3c(c(O)c1C2=O)C[C@@](O)(C(=O)CO)C[C@@H]3O[C@H]1C[C@H](N)[C@H](O)[C@H](C)O1,23214-92-8 
D1010,CC(=O)OCC1=C(C(=O)[O-])N2C(=O)[C@@H](NC(=O)Cc3cccs3)[C@H]2SC1,153-61-7 
D1011,COc1cccc2c1C(=O)c1c(O)c3c(c(O)c1C2=O)C[C@@](O)(C(C)=O)C[C@@H]3O[C@H]1C[C@H](N)[C@H](O)[C@H](C)O1,20830-81-3 
D1012,Nc1ncnc2c1ncn2[C@@H]1O[C@H](CO)[C@@H](O)[C@@H]1O,5536-17-4
D1013,NCC[C@H](O)C(=O)N[C@@H]1C[C@H](N)[C@@H](O[C@H]2O[C@H](CN)[C@@H](O)[C@H](O)[C@H]2O)[C@H](O)[C@H]1O[C@H]1O[C@H](CO)[C@@H](O)[C@H](N)[C@H]1O,37517-28-5 
D1014,CC1(C)S[C@@H]2[C@H](NC(=O)[C@H](C(=O)[O-])c3cccs3)C(=O)N2[C@H]1C(=O)[O-],34787-01-4 
D1015,Cn1nnnc1SCC1=C(C(=O)[O-])N2C(=O)[C@@H](NC(=O)[C@H](OC=O)c3ccccc3)[C@H]2SC1,42540-40-9 
D1016,CC1(C)S[C@@H]2[C@H](NC(=O)C3(N)CCCCC3)C(=O)N2[C@H]1C(=O)[O-],3485-14-1
D1017,C[C@@H]1C/C=C/C=C/C=C/C=C/[C@H](O[C@@H]2O[C@H](C)[C@@H](O)[C@H](N)[C@@H]2O)C[C@@H]2O[C@](O)(C[C@@H](O)C[C@H]3O[C@@H]3/C=C/C(=O)O1)C[C@H](O)[C@H]2C(=O)[O-],7681-93-8
D1018,CO[C@@]1(NC(=O)Cc2cccs2)C(=O)N2C(C(=O)[O-])=C(COC(N)=O)CS[C@@H]21,35607-66-0 
D1019,C=C1c2c(Cl)ccc(O)c2C(=O)C2=C(O)[C@]3(O)C(=O)C(C(N)=O)=C(O)[C@@H](N(C)C)[C@@H]3[C@@H](O)[C@H]12,2013-58-3
D1020,CCOC(=O)O[C@H](C)OC(=O)[C@@H]1N2C(=O)[C@@H](NC(=O)[C@H](N)c3ccccc3)[C@H]2SC1(C)C,50972-17-3 
D1021,N[C@@H](C(=O)N[C@@H]1C(=O)N2C(C(=O)[O-])=C(Cl)CS[C@H]12)c1ccccc1,53994-73-3 
D1022,CC1=C(C(=O)[O-])N2C(=O)[C@@H](NC(=O)[C@H](N)C3=CCC=CC3)[C@H]2SC1,38821-53-3 
D1023,CCN[C@@H]1C[C@H](N)[C@@H](O[C@H]2OC(CN)=CC[C@H]2N)[C@H](O)[C@H]1O[C@H]1OC[C@](C)(O)[C@H](NC)[C@H]1O,56391-56-1 
D1024,CCN1CCN(C(=O)N[C@@H](C(=O)N[C@@H]2C(=O)N3[C@@H]2SC(C)(C)[C@@H]3C(=O)[O-])c2ccccc2)C(=O)C1=O,61477-96-1 
D1025,CO/N=C(\C(=O)N[C@@H]1C(=O)N2C(C(=O)[O-])=C(COC(C)=O)CS[C@H]12)c1csc(N)n1,63527-52-6 
D1026,CO[C@@]1(NC(=O)[C@H](C(=O)[O-])c2ccc(O)cc2)C(=O)N2C(C(=O)[O-])=C(CSc3nnnn3C)CO[C@@H]21,64952-97-2 
D1027,CCN1CCN(C(=O)N[C@@H](C(=O)N[C@@H]2C(=O)N3C(C(=O)[O-])=C(CSc4nnnn4C)CS[C@H]23)c2ccc(O)cc2)C(=O)C1=O,62893-19-0 
D1028,NCc1ccccc1CC(=O)N[C@@H]1C(=O)N2C(C(=O)[O-])=C(CSc3nnnn3CC(=O)[O-])CS[C@H]12,60925-61-3 
D1029,CO/N=C(\C(=O)N[C@@H]1C(=O)N2C(C(=O)[O-])=C(COC(N)=O)CS[C@H]12)c1ccco1,55268-75-2 
D1030,CO/N=C(\C(=O)N[C@@H]1C(=O)N2C(C(=O)O[C@H](C)OC(C)=O)=C(COC(N)=O)CS[C@H]12)c1ccco1,64544-07-6 
D1031,CO/N=C(\C(=O)N[C@@H]1C(=O)N2C(C(=O)O[C@@H](C)OC(C)=O)=C(COC(N)=O)CS[C@H]12)c1ccco1,64544-07-6 
D1032,CO/N=C(\C(=O)N[C@@H]1C(=O)N2C(C(=O)[O-])=CCS[C@H]12)c1csc(N)n1,68401-81-0 
D1033,CC1(C)S[C@@H]2[C@H](NC(=O)[C@H](NC(=O)N3CCNC3=O)c3ccccc3)C(=O)N2[C@H]1C(=O)[O-],37091-66-0 
D1034,O=C([O-])[C@H]1/C(=C/CO)O[C@@H]2CC(=O)N21,58001-44-8 
D1035,CC1(C)S[C@@H]2[C@H](/N=C/N3CCCCCC3)C(=O)N2[C@H]1C(=O)[O-],32887-01-7 
D1036,CO/N=C(\C(=O)N[C@@H]1C(=O)N2C(C(=O)[O-])=C(CSc3nnnn3C)CS[C@H]12)c1csc(N)n1,65085-01-0 
D1037,CN(N=O)C(=O)N[C@@H]1[C@@H](O)[C@H](O)[C@@H](CO)O[C@H]1O,18883-66-4 
D1038,CC(C)(O/N=C(\C(=O)N[C@@H]1C(=O)N2C(C(=O)[O-])=C(C[n+]3ccccc3)CS[C@H]12)c1csc(N)n1)C(=O)[O-],72558-82-8 
D1039,O=C([O-])C1=C(CSc2nnnn2CS(=O)(=O)O)CS[C@@H]2[C@H](NC(=O)[C@H](O)c3ccccc3)C(=O)N12,61270-58-4 
D1040,C[C@H]1[C@H](NC(=O)/C(=N\OC(C)(C)C(=O)[O-])c2csc(N)n2)C(=O)N1S(=O)(=O)O,78110-38-0 
D1041,CO/N=C(\C(=O)N[C@@H]1C(=O)N2C(C(=O)[O-])=C(CSc3nc(=O)c(=O)[nH]n3C)CS[C@H]12)c1csc(N)n1,73384-59-5 
D1042,CC1(C)C[C@@H]1C(=O)N/C(=C\CCCCSC[C@H](N)C(=O)[O-])C(=O)[O-],82009-34-5 
D1043,C[C@@H](O)[C@H]1C(=O)N2C(C(=O)[O-])=C(SCC/N=C/N)C[C@H]12,64221-86-9 
D1044,C/C(=C\C(=O)OCCCCCCCCC(=O)[O-])C[C@@H]1OC[C@H](C[C@@H]2O[C@H]2[C@@H](C)[C@H](C)O)[C@@H](O)[C@H]1O,12650-69-0 
D1045,CN(C)CCn1nnnc1SCC1=C(C(=O)[O-])N2C(=O)[C@@H](NC(=O)Cc3csc(N)n3)[C@H]2SC1,61622-34-2 
D1046,CN[C@H](CC(C)C)C(=O)N[C@H]1C(=O)N[C@@H](CC(N)=O)C(=O)N[C@H]2C(=O)N[C@H]3C(=O)N[C@H](C(=O)N[C@H](C(=O)[O-])c4cc(O)cc(O)c4-c4cc3ccc4O)[C@H](O)c3ccc(c(Cl)c3)Oc3cc2cc(c3O[C@@H]2O[C@H](CO)[C@@H](O)[C@H](O)[C@H]2O[C@H]2C[C@](C)(N)[C@H](O)[C@H](C)O2)Oc2ccc(cc2Cl)[C@H]1O,1404-90-6
D1047,C=CC1=C(C(=O)[O-])N2C(=O)[C@@H](NC(=O)/C(=N\OCC(=O)[O-])c3csc(N)n3)[C@H]2SC1,79350-37-1 
D1048,Cc1cc(=O)c(C(=O)N[C@@H](C(=O)N[C@@H]2C(=O)N3C(C(=O)[O-])=C(CSc4nnnn4C)CS[C@H]23)c2ccc(O)cc2)c[nH]1,70797-11-4 
D1049,CO[C@@]1(NC(=O)CSCC#N)C(=O)N2C(C(=O)[O-])=C(CSc3nnnn3C)CS[C@H]21,56796-20-4 
D1050,CC(=O)[C@]1(O)Cc2c(O)c3c(c(O)c2[C@@H](O[C@H]2C[C@H](N)[C@H](O)[C@H](C)O2)C1)C(=O)c1ccccc1C3=O,58957-92-9 
D1051,CC[C@H]1OC(=O)[C@H](C)[C@@H](O[C@H]2C[C@@](C)(OC)[C@@H](O)[C@H](C)O2)[C@H](C)[C@@H](O[C@@H]2O[C@H](C)C[C@H](N(C)C)[C@H]2O)[C@](C)(OC)C[C@@H](C)C(=O)[C@H](C)[C@@H](O)[C@]1(C)O,81103-11-9 
D1052,C/C=C/C1=C(C(=O)[O-])N2C(=O)[C@@H](NC(=O)[C@H](N)c3ccc(O)cc3)[C@H]2SC1,92665-29-7 
D1053,N[C@@H](C(=O)N[C@@H]1C(=O)N2C(C(=O)[O-])=C(Cl)CC[C@H]12)c1ccccc1,76470-66-1 
D1054,CC[C@H]1OC(=O)[C@H](C)[C@@H](O[C@H]2C[C@@](C)(OC)[C@@H](O)[C@H](C)O2)[C@H](C)[C@@H](O[C@@H]2O[C@H](C)C[C@H](N(C)C)[C@H]2O)[C@](C)(O)C[C@@H](C)CN(C)[C@H](C)[C@@H](O)[C@]1(C)O,83905-01-5 
D1055,COCC1=C(C(=O)O[C@@H](C)OC(=O)OC(C)C)N2C(=O)[C@@H](NC(=O)/C(=N\OC)c3csc(N)n3)[C@H]2SC1,87239-81-4 
D1056,CC[C@H]1OC(=O)[C@H](C)[C@H](O[C@H]2C[C@@](C)(OC)[C@@H](O)[C@H](C)O2)[C@H](C)[C@@H](O[C@@H]2O[C@H](C)C[C@H](N(C)C)[C@H]2O)[C@](C)(O)C[C@H](C)[C@@H]2N[C@@H](COCCOC)O[C@H]([C@H]2C)[C@]1(C)O,62013-04-1 
D1057,CO/N=C(\C(=O)N[C@@H]1C(=O)N2C(C(=O)[O-])=C(C[N+]3(C)CCCC3)CS[C@H]12)c1csc(N)n1,88040-23-7 
D1058,Cc1c2oc3c(C)ccc(C(=O)N[C@@H]4C(=O)N[C@H](C(C)C)C(=O)N5CCC[C@H]5C(=O)N(C)CC(=O)N(C)[C@@H](C(C)C)C(=O)O[C@@H]4C)c3nc-2c(C(=O)N[C@@H]2C(=O)N[C@H](C(C)C)C(=O)N3CCC[C@H]3C(=O)N(C)CC(=O)N(C)[C@@H](C(C)C)C(=O)O[C@@H]2C)c(N)c1=O,50-76-0
D1059,C[C@]1(Cn2ccnn2)[C@H](C(=O)[O-])N2C(=O)C[C@H]2S1(=O)=O,89786-04-9 
D1060,Nc1nc(/C(=C/CC(=O)[O-])C(=O)N[C@@H]2C(=O)N3C(C(=O)[O-])=CCS[C@H]23)cs1,97519-39-6 
D1061,CO[C@H]1/C=C/O[C@@]2(C)Oc3c(C)c(O)c4c(c3C2=O)C2=NC3(CCN(CC(C)C)CC3)NC2=C(NC(=O)/C(C)=C\C=C\[C@H](C)[C@H](O)[C@@H](C)[C@@H](O)[C@@H](C)[C@H](OC(C)=O)[C@@H]1C)C4=O,72559-06-9 
D1062,NC(=O)c1cnccn1,98-96-4
D1063,C[C@@H](O)[C@H]1C(=O)N2C(C(=O)[O-])=C(S[C@@H]3CN[C@H](C(=O)N(C)C)C3)[C@H](C)[C@H]12,96036-03-2 
D1064,C=CC[C@@H]1/C=C(\C)C[C@H](C)C[C@H](OC)[C@H]2O[C@@](O)(C(=O)C(=O)N3CCCC[C@H]3C(=O)O[C@H](/C(C)=C/[C@@H]3CC[C@@H](O)[C@H](OC)C3)[C@H](C)[C@@H](O)CC1=O)[C@H](C)C[C@@H]2OC,104987-11-3
D1065,C[C@@H]1O[C@@H]1P(=O)([O-])[O-],23155-02-4 
D1066,COc1c(C)c2c(c(O)c1C/C=C(\C)CCC(=O)OCCN1CCOCC1)C(=O)OC2,128794-94-5
D1067,C=CC1=C(C(=O)[O-])N2C(=O)[C@@H](NC(=O)/C(=N\O)c3csc(N)n3)[C@H]2SC1,91832-40-5 
D1068,CC[C@H](C)[C@H]1O[C@]2(CC[C@@H]1C)C[C@@H]1C[C@@H](C/C=C(\C)[C@@H](O[C@H]3C[C@H](OC)[C@@H](O[C@H]4C[C@H](OC)[C@@H](O)[C@H](C)O4)[C@H](C)O3)[C@@H](C)/C=C/C=C3\CO[C@@H]4[C@H](O)C(C)=C[C@@H](C(=O)O1)[C@]34O)O2,70288-86-7 
D1069,CC[C@@H]1NC(=O)[C@@H](NC(=O)c2ncccc2O)[C@H](C)OC(=O)[C@H](c2ccccc2)NC(=O)[C@@H]2CC(=O)[C@H](CS[C@@H]3CN4CCC3CC4)CN2C(=O)[C@H](Cc2ccc(N(C)C)cc2)N(C)C(=O)[C@@H]2CCCN2C1=O,120138-50-3
D1070,CCN(CC)CCS(=O)(=O)[C@@H]1CCN2C(=O)c3coc(n3)CC(=O)C[C@H](O)/C=C(C)/C=C/CNC(=O)/C=C/[C@@H](C)[C@@H](C(C)C)OC(=O)[C@@H]12,112362-50-2
D1071,COc1cccc2c1C(=O)c1c(O)c3c(c(O)c1C2=O)C[C@@](O)(C(=O)CO)C[C@@H]3O[C@H]1C[C@H](N)[C@@H](O)[C@H](C)O1,56420-45-2 
D1072,COc1c(C)c2c(c(O)c1C/C=C(\C)CCC(=O)[O-])C(=O)OC2,24280-93-1 
D1073,Nc1ncn([C@@H]2O[C@H](CO)[C@@H](O)[C@H]2O)c(=O)n1,320-67-2 
D1074,CN[C@@H]1[C@H](O[C@H]2[C@H](O[C@H]3[C@H](O)[C@@H](O)[C@H](NC(N)=[NH2+])[C@@H](O)[C@@H]3NC(N)=[NH2+])O[C@@H](C)[C@]2(O)C=O)O[C@@H](CO)[C@H](O)[C@H]1O,57-92-1
D1075,CC(C)C[C@@H]1NC(=O)[C@H](CCCN)NC(=O)[C@@H](C(C)C)NC(=O)[C@@H]2CCCN2C(=O)[C@@H](Cc2ccccc2)NC(=O)[C@H](CC(C)C)NC(=O)[C@H](CCCN)NC(=O)[C@H](C(C)C)NC(=O)[C@@H]2CCCN2C(=O)[C@@H](Cc2ccccc2)NC1=O,1405-97-6
D1076,NC[C@@H]1O[C@H](O[C@H]2[C@@H](O)[C@H](O[C@@H]3[C@@H](O)[C@H](N)C[C@H](N)[C@H]3O[C@H]3O[C@H](CO)[C@@H](O)[C@H](O)[C@H]3N)O[C@@H]2CO)[C@H](N)[C@@H](O)[C@@H]1O,7542-37-2
D1077,N[C@@H]1CONC1=O,68-41-7
D1078,C=C1c2cccc(O)c2C(=O)C2=C(O)[C@]3(O)C(=O)C(C(N)=O)=C(O)[C@@H](N(C)C)[C@@H]3[C@@H](O)[C@H]12,914-00-1 
D1079,C[C@H](C[C@H](C)[C@H](O)CC(=O)c1ccc(N)cc1)[C@H]1OC(=O)CC(=O)CCCC(=O)C[C@H](O)C[C@H](O)C[C@H](O)C[C@]2(O)C[C@H](O)[C@@H](C(=O)[O-])[C@H](C[C@@H](O[C@@H]3O[C@H](C)[C@@H](O)[C@H](N)[C@@H]3O)/C=C/C=C/C=C/C=C/C=C/C=C/C=C/[C@@H]1C)O2,1403-17-4
D1080,CCCCOc1ccc(OCCCN2CCOCC2)cc1,140-65-8 
D1081,CCC[C@@H](C)C1(CC)C(=O)NC(=O)NC1=O,76-74-4
D1082,CN(C)c1ccc(C(=C2C=CC(=[N+](C)C)C=C2)c2ccc(N(C)C)cc2)cc1,548-62-9 
D1083,C[C@H]1O[C@@H](O[C@H]2[C@@H](O)C[C@H](O[C@H]3[C@@H](O)C[C@H](O[C@H]4CC[C@@]5(C)[C@H](CC[C@@H]6[C@@H]5CC[C@]5(C)[C@@H](C7=CC(=O)OC7)CC[C@]65O)C4)O[C@@H]3C)O[C@@H]2C)C[C@H](O)[C@@H]1O,71-63-6
D1084,O=C(OCc1ccccc1)c1ccccc1,120-51-4 
D1085,c1ccc2c(c1)CCC[C@@H]2C1=NCCN1,84-22-0
D1086,CCCCc1oc2ccc(NS(C)(=O)=O)cc2c1C(=O)c1ccc(OCCCN(CCCC)CCCC)cc1,141626-36-0
D1087,CO[C@H]1O[C@@H]2O[C@@]3(C)CC[C@H]4[C@H](C)CC[C@@H]([C@H]1C)[C@@]24OO3,71963-77-4 
D1088,CCN(CC)CCC[C@H](C)Nc1ccnc2cc(Cl)ccc12,54-05-7
D1089,CC[C@@]1(c2ccccc2)NC(=O)N(C)C1=O,50-12-4
D1090,CCC(=O)C(C[C@H](C)N(C)C)(c1ccccc1)c1ccccc1,76-99-3
D1091,CN(C)CCO[C@](C)(c1ccccc1)c1ccccn1,469-21-6 
D1092,C[C@H]1[C@@H](O)O[C@@H]2O[C@@]3(C)CC[C@H]4[C@H](C)CC[C@@H]1[C@@]24OO3,71939-50-9 
D1093,C[C@@H](C[N+](C)(C)C)OC(N)=O,590-63-6 
D1094,O[C@](CCN1CCCCC1)(c1ccccc1)C1CCCCC1,144-11-6 
D1095,CC[C@@]1(C)OC(=O)N(C)C1=O,115-67-3 
D1096,C=CCC1([C@@H](C)CCC)C(=O)NC(=O)NC1=O,76-73-3
D1097,Cn1c(=O)c2c(ncn2C[C@@H](O)CO)n(C)c1=O,479-18-5 
D1098,C[C@H](CN1c2ccccc2Sc2ccccc21)N(C)C,60-87-7
D1099,CN(C)CCO[C@H](c1ccccc1)c1ccc(Br)cc1,1808-12-4
D1100,O[C@](CCN1CCCCC1)(c1ccccc1)C1CCCC1,77-39-4
D1101,CCN(CC)[C@H](C)CN1c2ccccc2Sc2ccccc21,522-00-9 
D1102,CC(=O)C[C@H](c1ccccc1)c1c(O)oc2ccccc2c1=O,81-81-2
D1103,CC[C@@]1(c2ccccc2)CCC(=O)NC1=O,77-21-4
D1104,O[C@@](CCN1CCCC1)(c1ccccc1)C1CCCCC1,77-37-2
D1105,C#C[C@@](O)(/C=C/Cl)CC,113-18-8 
D1106,C[C@@H](N)Cc1ccccc1,300-62-9 
D1107,CN[C@]1(C)[C@H]2CC[C@H](C2)C1(C)C,60-40-2
D1108,C[N@+]12CC[C@H](CC1)[C@H](OC(=O)C(O)(c1ccccc1)c1ccccc1)C2,3485-62-9
D1109,OCCOCCN1CCN([C@H](c2ccccc2)c2ccc(Cl)cc2)CC1,68-88-2
D1110,CN(C)CC[C@H](c1ccc(Br)cc1)c1ccccn1,86-22-6
D1111,CCN1C(=O)N[C@@H](c2ccccc2)C1=O,86-35-1
D1112,CC(C)(C)c1ccc(CN2CCN([C@H](c3ccccc3)c3ccc(Cl)cc3)CC2)cc1,82-95-1
D1113,COc1ccccc1OC[C@H](O)COC(N)=O,532-03-6 
D1114,CC[C@H](c1ccccc1)c1c(O)oc2ccccc2c1=O,435-97-2 
D1115,C[C@H](CN(C)C)CN1c2ccccc2Sc2ccccc21,84-96-8
D1116,CCCCN(CCCC)C[C@H](O)c1cc(Cl)cc2c1-c1ccc(Cl)cc1/C2=C/c1ccc(Cl)cc1,82186-77-4 
D1117,C=CC[C@]1([C@@H](C)C#CCC)C(=O)NC(=O)N(C)C1=O,151-83-7 
D1118,CN1CCCN=C1COC(=O)[C@@](O)(c1ccccc1)C1CCCCC1,125-53-1 
D1119,CCN(CC)[C@H](C)C(=O)c1ccccc1,90-84-6
D1120,CSc1ccc2c(c1)N(CC[C@@H]1CCCCN1C)c1ccccc1S2,50-52-2
D1121,O[C@](CCN1CCCCC1)(c1ccccc1)[C@H]1C[C@H]2C=C[C@@H]1C2,514-65-8 
D1122,CCN(Cc1ccncc1)C(=O)[C@@H](CO)c1ccccc1,1508-75-4
D1123,Cc1cccc(C)c1NC(=O)[C@@H]1CCCCN1C,96-88-8
D1124,CN(C)CC[C@](O)(c1ccccc1)c1ccccc1Cl,791-35-5 
D1125,NS(=O)(=O)c1cc2c(cc1C(F)(F)F)N[C@@H](Cc1ccccc1)NS2(=O)=O,73-48-3
D1126,NS(=O)(=O)c1cc2c(cc1Cl)N[C@@H](C(Cl)Cl)NS2(=O)=O,133-67-5 
D1127,NS(=O)(=O)c1cc([C@]2(O)NC(=O)c3ccccc32)ccc1Cl,77-36-1
D1128,CC[C@@]1(C)CC(=O)NC1=O,77-67-8
D1129,CCC(=O)c1ccc2c(c1)N(C[C@H](C)N(C)C)c1ccccc1S2,362-29-8 
D1130,Nc1c2ccccc2nc2ccccc12,7527-91-5
D1131,CN1[C@H](CCl)Nc2cc(Cl)c(S(N)(=O)=O)cc2S1(=O)=O,135-07-9 
D1132,CCCC[C@@H]1C(=O)N(c2ccccc2)N(c2ccc(O)cc2)C1=O,129-20-4 
D1133,CN1[C@H](CSCC(F)(F)F)Nc2cc(Cl)c(S(N)(=O)=O)cc2S1(=O)=O,346-18-9 
D1134,Cc1cc(C)cc(OC[C@@H]2CNC(=O)O2)c1,1665-48-1
D1135,CC[C@H]1NC(=O)c2cc(S(N)(=O)=O)c(Cl)cc2N1,73-49-4
D1136,CCCN[C@@H](C)C(=O)Nc1ccccc1C,721-50-6 
D1137,CCN1C[C@H](CCN2CCOCC2)C(c2ccccc2)(c2ccccc2)C1=O,309-29-5 
D1138,O=C1Nc2ccc(Cl)cc2C(c2ccccc2)=N[C@@H]1O,604-75-1 
D1139,CC(C)NC[C@@H](O)COc1cccc2ccccc12,525-66-6 
D1140,C[C@H](CN(C)C)CN1c2ccccc2CCc2ccccc21,739-71-9 
D1141,CN[C@@]1(c2ccccc2Cl)CCCCC1=O,6740-88-1
D1142,CCN(CC)C(=O)[C@H]1CN2CCc3cc(OC)c(OC)cc3[C@@H]2C[C@@H]1OC(C)=O,63-12-7
D1143,NC1=NC(=O)[C@H](c2ccccc2)O1,2152-34-3
D1144,Clc1ccc([C@H](c2ccccc2Cl)C(Cl)Cl)cc1,53-19-0
D1145,CCCCN1CCCC[C@@H]1C(=O)Nc1c(C)cccc1C,2180-92-9
D1146,FC(F)OC(F)(F)[C@H](F)Cl,13838-16-9 
D1147,CCc1c(C)[nH]c2c1C(=O)[C@@H](CN1CCOCC1)CC2,7416-34-4
D1148,O[C@]1(c2ccc(Cl)cc2)c2ccccc2C2=NCCN21,22232-71-9 
D1149,Cc1ccccc1N1C(=O)c2cc(S(N)(=O)=O)c(Cl)cc2N[C@H]1C,17560-51-9 
D1150,CC(C)N(CC[C@](C(N)=O)(c1ccccc1)c1ccccn1)C(C)C,3737-09-5
D1151,Clc1ccc(CO[C@H](Cn2ccnc2)c2ccc(Cl)cc2Cl)c(Cl)c1,22916-47-8 
D1152,CC(C)Cc1ccc([C@H](C)C(=O)[O-])cc1,15687-27-1 
D1153,CCCCN(CCCC)C[C@@H](O)c1cc(Cl)cc2c1-c1ccc(Cl)cc1/C2=C/c1ccc(Cl)cc1,82186-77-4 
D1154,O=C1Nc2ccc(Cl)cc2C(c2ccccc2Cl)=N[C@H]1O,846-49-1 
D1155,C[C@H](CCc1ccc(O)cc1)NCCc1ccc(O)c(O)c1,34368-04-2 
D1156,NC[C@H](CC(=O)[O-])c1ccc(Cl)cc1,1134-47-0
D1157,CN1C(=O)[C@H](O)N=C(c2ccccc2)c2cc(Cl)ccc21,846-50-4 
D1158,C=CCOc1ccccc1OC[C@H](O)CNC(C)C,6452-71-7
D1159,CC[C@@]1(c2ccc(N)cc2)CCC(=O)NC1=O,125-84-8 
D1160,CNC[C@@H](O)c1ccc(OC(=O)C(C)(C)C)c(OC(=O)C(C)(C)C)c1,52365-63-6 
D1161,CC(C)NC[C@@H](O)COc1ccc(CC(N)=O)cc1,29122-68-7 
D1162,Cc1cccc(C)c1NC(=O)[C@H](C)N,41708-72-9 
D1163,CC(C)NC[C@H](O)COc1cccc2[nH]ccc12,13523-86-9 
D1164,C[C@H](C(=O)[O-])c1ccc2c(c1)[nH]c1ccc(Cl)cc12,53716-49-7 
D1165,Clc1ccc(CS[C@H](Cn2ccnc2)c2ccc(Cl)cc2Cl)cc1,61318-90-9 
D1166,Clc1ccc(CO[C@@H](Cn2ccnc2)c2ccc(Cl)cc2Cl)cc1,27220-47-9 
D1167,C[C@@H](C(=O)[O-])c1cccc(C(=O)c2ccccc2)c1,22071-15-4 
D1168,C[C@@H](C(=O)[O-])c1ccc(-c2ccccc2)c(F)c1,5104-49-4
D1169,O=C(NC[C@H]1CCCCN1)c1cc(OCC(F)(F)F)ccc1OCC(F)(F)F,54143-55-4 
D1171,Cc1cccc(C)c1OC[C@@H](C)N,31828-71-4 
D1172,CCCC(=O)Nc1ccc(OC[C@@H](O)CNC(C)C)c(C(C)=O)c1,37517-30-9 
D1173,CCc1cccc2c3c([nH]c12)[C@](CC)(CC(=O)[O-])OCC3,41340-25-4 
D1174,CNCC[C@H](Oc1ccc(C(F)(F)F)cc1)c1ccccc1,54910-89-3 
D1175,CC(C)COC[C@@H](CN(Cc1ccccc1)c1ccccc1)N1CCCC1,64706-54-3 
D1176,COc1cc2nc(N3CCN(C(=O)[C@H]4CCCO4)CC3)nc(N)c2cc1OC,63590-64-7 
D1177,CC(C)[N@+]1(C)[C@@H]2CC[C@H]1C[C@@H](OC(=O)[C@@H](CO)c1ccccc1)C2,60205-81-4 
D1178,CCCNC[C@@H](O)COc1ccccc1C(=O)CCc1ccccc1,54063-53-5 
D1179,CC(=O)O[C@H](C)C[N+](C)(C)C,55-92-5
D1180,CC(C)(C)NC[C@H](O)COc1cccc2c1CCC(=O)N2,51781-06-7 
D1181,CC(C)NC[C@@H](O)COc1ccc(CCOCC2CC2)cc1,63659-18-7 
D1182,COC(=O)CCc1ccc(OC[C@H](O)CNC(C)C)cc1,81147-92-4 
D1183,C[C@H](C(=O)[O-])c1ccc(C(=O)c2cccs2)cc1,40828-46-4 
D1184,C[C@H](N)[C@]12C[C@H]3C[C@H](C[C@H](C3)C1)C2,13392-28-4 
D1185,CO[C@@H]1C[C@@H]2CC[C@@H](C)[C@@](O)(O2)C(=O)C(=O)N2CCCC[C@H]2C(=O)O[C@H]([C@H](C)C[C@@H]2CC[C@@H](OCCO)[C@H](OC)C2)CC(=O)[C@@H](C)/C=C(\C)[C@@H](O)[C@@H](OC)C(=O)[C@H](C)C[C@H](C)/C=C/C=C/C=C/1C,159351-69-6
D1186,CCOC(=O)C1=C(COCCN)NC(C)=C(C(=O)OC)[C@H]1c1ccccc1Cl,88150-42-9 
D1187,COc1ccc(OC)c([C@H](O)CNC(=O)CN)c1,42794-76-3 
D1188,CCOC(=O)C1=C(C)NC(C)=C(C(=O)OC)[C@H]1c1cccc(Cl)c1Cl,72509-76-3 
D1189,O=C([O-])COCCN1CCN([C@H](c2ccccc2)c2ccc(Cl)cc2)CC1,83881-52-1 
D1190,CC(=O)Oc1c(C)cc(OC[C@@H](O)CNC(C)C)c(C)c1C,22664-55-7 
D1191,CC(C)NC[C@@H](O)COc1ccc(COCCOC(C)C)cc1,66722-44-9 
D1192,Cc1nccn1C[C@H]1CCc2c(c3ccccc3n2C)C1=O,99614-02-5 
D1193,CCn1cc(C(=O)[O-])c(=O)c2cc(F)c(N3CCN[C@@H](C)C3)c(F)c21,98079-51-7 
D1194,FC(F)O[C@@H](F)C(F)(F)F,57041-67-5 
D1195,CCCCN(CCCC)CC[C@H](O)c1cc2c(Cl)cc(Cl)cc2c2cc(C(F)(F)F)ccc12,69756-53-2 
D1196,COc1ccccc1OCCNC[C@H](O)COc1cccc2[nH]c3ccccc3c12,72956-09-3 
D1197,C[C@](O)(CS(=O)(=O)c1ccc(F)cc1)C(=O)Nc1ccc(C#N)c(C(F)(F)F)c1,90357-06-5 
D1198,COc1cc2c(cc1OC)C(=O)[C@H](CC1CCN(Cc3ccccc3)CC1)C2,120014-06-4
D1199,Cc1c(F)c(N2CCN[C@H](C)C2)cc2c1c(=O)c(C(=O)[O-])cn2C1CC1,119914-60-2
D1200,O=C1CC[C@@H](N2C(=O)c3ccccc3C2=O)C(=O)N1,50-35-1
D1201,NC1=NC[C@@H]2c3ccccc3Cc3ccccc3N12,80012-43-7 
D1202,C[C@H](O)C(=O)[O-],50-21-5
D1203,CC#CC[C@@H](C)[C@H](O)/C=C/[C@@H]1[C@H]2C/C(=C/CCCC(=O)[O-])C[C@H]2C[C@H]1O,78919-13-8 
D1204,Nc1cccc2c1CN([C@H]1CCC(=O)NC1=O)C2=O,191732-72-6
D1205,Cc1nc2n(c(=O)c1CCN1CCC(c3noc4cc(F)ccc34)CC1)CCC[C@H]2O,144598-75-4
D1206,CC[N+](C)(CC)CCOC(=O)C1c2ccccc2Oc2ccccc21,5818-17-7
D1207,NC[C@H](O)c1ccc(O)c(O)c1,51-41-2
D1208,Cc1ccc(N(CC2=NCCN2)c2cccc(O)c2)cc1,50-60-2
D1209,COc1cc(N[C@H](C)CCCN)c2ncccc2c1,90-34-6
D1210,COc1cc(N[C@@H](C)CCCN)c2ncccc2c1,90-34-6
D1211,CC[N+](C)(CC)CCOC(=O)[C@@](O)(c1ccccc1)C1CCCCC1,14214-84-7 
D1212,CC[N+](C)(CC)CCOC(=O)[C@](O)(c1ccccc1)C1CCCCC1,14214-84-7 
D1213,CCC(C)(C)[C@H]1C(=O)N2CCC[C@H]2[C@]2(O)O[C@](NC(=O)[C@@H]3C[C@@H]4c5cccc6[nH]cc(c56)C[C@H]4N(C)C3)(C(C)C)C(=O)N12,8067-24-1
D1214,CN1[C@@H]2CC[C@H]1C[C@@H](OC(c1ccccc1)c1ccccc1)C2,86-13-5
D1215,CN1CCN(C(c2ccccc2)c2ccccc2)CC1,82-92-8
D1216,COc1ccc2c3c1O[C@H]1[C@@H](O)CC[C@H]4[C@@H](C2)N(C)CC[C@@]341,125-28-0 
D1217,CC(=O)c1ccc2c(c1)Sc1ccccc1N2CCCN1CCN(CCO)CC1,2751-68-0
D1218,NC(N)=NCCN1CCCCCCC1,55-65-2
D1219,CC[C@@H](CO)NC(=O)[C@@H]1C=C2c3cccc4c3c(cn4C)C[C@H]2N(C)C1,361-37-5 
D1220,CCC(=O)c1ccc2c(c1)N(CCCN1CCN(CCO)CC1)c1ccccc1S2,2622-30-2
D1221,CC(C)NC[C@@H](O)c1cc(O)cc(O)c1,586-06-1 
D1222,CC(C)NC[C@H](O)c1cc(O)cc(O)c1,586-06-1 
D1223,NCc1ccc(S(N)(=O)=O)cc1,138-39-6 
D1224,CN1CCCC[C@@H]1CCN1c2ccccc2Sc2ccc([S@@](C)=O)cc21,5588-33-0
D1225,CN1CCCC[C@H]1CCN1c2ccccc2Sc2ccc([S@@](C)=O)cc21,5588-33-0
D1226,O=C([O-])[C@H]1N=C(c2ccccc2)c2cc(Cl)ccc2NC1=O,23887-31-2 
D1227,CC(C)(C)NC[C@H](O)c1cc(O)cc(O)c1,23031-25-6 
D1228,O=C([O-])[C@@H]1N=C(c2ccccc2)c2cc(Cl)ccc2NC1=O,23887-31-2 
D1229,CC(C)(C)NC[C@@H](O)c1cc(O)cc(O)c1,23031-25-6 
D1230,CN1CCC(=C2c3ccccc3CCc3cccnc32)CC1,3964-81-6
D1231,CN1CCC[C@@H]1CCO[C@](C)(c1ccccc1)c1ccc(Cl)cc1,15686-51-8 
D1232,CNC(=NCc1ccccc1)NC,55-73-2
D1233,NC(=N\CCCCCC/N=C(N)/N=C(\N)Nc1ccc(Cl)cc1)/N=C(\N)Nc1ccc(Cl)cc1,55-56-1
D1234,NC(=O)CC[C@@H]1NC(=O)[C@H](Cc2ccccc2)NC(=O)[C@H](Cc2ccc(O)cc2)NC(=O)CCSSC[C@@H](C(=O)N2CCC[C@H]2C(=O)N[C@H](CCCN=C(N)N)C(=O)NCC(N)=O)NC(=O)[C@H](CC(N)=O)NC1=O,16679-58-6 
D1235,CSCC[C@H](NC(=O)[C@H](Cc1c[nH]c2ccccc12)NC(=O)CNC(=O)[C@@H](NC(=O)[C@H](Cc1ccc(OS(=O)(=O)O)cc1)NC(=O)[C@H](CC(=O)[O-])NC(=O)[C@H](CCC(N)=O)NC(=O)[C@@H]1CCC(=O)N1)[C@@H](C)O)C(=O)N[C@@H](CC(=O)[O-])C(=O)N[C@@H](Cc1ccccc1)C(N)=O,17650-98-5 
D1236,CN1CC[C@]23c4c5ccc(O)c4O[C@H]2[C@@H](O)C=C[C@H]3[C@H]1C5,57-27-2
D1237,CN1CCC[C@H]1c1cccnc1,54-11-5
D1238,Cc1ccc(C(=O)Oc2ccc([C@@H](O)CNC(C)(C)C)cc2OC(=O)c2ccc(C)cc2)cc1,30392-40-6 
D1239,Cc1ccc(C(=O)Oc2ccc([C@H](O)CNC(C)(C)C)cc2OC(=O)c2ccc(C)cc2)cc1,30392-40-6 
D1240,CC(C)(C)NC[C@H](O)COc1ccccc1C1CCCC1,38363-40-5 
D1241,CC(C)(C)NC[C@H](O)c1ccc(O)c(CO)n1,38677-81-5 
D1242,CC(C)(C)NC[C@@H](O)c1ccc(O)c(CO)n1,38677-81-5 
D1243,CCC(=O)N(c1ccccc1)C1(COC)CCN(CCc2cccs2)CC1,56030-54-7 
D1244,Clc1ccc(CC[C@H](Cn2ccnc2)Sc2c(Cl)cccc2Cl)cc1,64872-76-0 
D1245,Clc1ccc(CC[C@@H](Cn2ccnc2)Sc2c(Cl)cccc2Cl)cc1,64872-76-0 
D1246,NC(=[NH2+])c1ccc(OCCCCCOc2ccc(C(N)=[NH2+])cc2)cc1,100-33-4 
D1247,Cc1[nH]c(=O)c(C#N)cc1-c1ccncc1,78415-72-2 
D1248,CC(=O)O[C@H]1C[C@@H]2CC[C@@H]3[C@H](CC[C@@]4(C)[C@H]3C[C@H](N3CC[N+](C)(C)CC3)[C@@H]4OC(C)=O)[C@@]2(C)C[C@@H]1N1CC[N+](C)(C)CC1,68399-58-6 
D1249,C[C@@H](O)[C@@H]1NC(=O)[C@H](CCCCN)NC(=O)[C@@H](Cc2c[nH]c3ccccc23)NC(=O)[C@H](Cc2ccccc2)NC(=O)[C@@H](NC(=O)[C@H](N)Cc2ccccc2)CSSC[C@@H](C(=O)N[C@H](CO)[C@@H](C)O)NC1=O,83150-76-9 
D1250,COc1cc2nc(N3CCN(C(=O)[C@H]4COc5ccccc5O4)CC3)nc(N)c2cc1OC,74191-85-8 
D1251,COc1cc2nc(N3CCN(C(=O)[C@@H]4COc5ccccc5O4)CC3)nc(N)c2cc1OC,74191-85-8 
D1252,CC(C)C[C@H](NC(=O)[C@@H](COC(C)(C)C)NC(=O)[C@H](Cc1ccc(O)cc1)NC(=O)[C@H](CO)NC(=O)[C@H](Cc1c[nH]c2ccccc12)NC(=O)[C@H](Cc1c[nH]cn1)NC(=O)[C@@H]1CCC(=O)N1)C(=O)N[C@@H](CCCNC(N)=[NH2+])C(=O)N1CCC[C@H]1C(=O)NNC(N)=O,65807-02-5 
D1253,CC(C)C[C@H](NC(=O)[C@@H](Cc1ccc2ccccc2c1)NC(=O)[C@H](Cc1ccc(O)cc1)NC(=O)[C@H](CO)NC(=O)[C@H](Cc1c[nH]c2ccccc12)NC(=O)[C@H](Cc1c[nH]cn1)NC(=O)[C@@H]1CCC(=O)N1)C(=O)N[C@@H](CCCNC(N)=[NH2+])C(=O)N1CCC[C@H]1C(=O)NCC(N)=O,76932-56-4 
D1254,Oc1ccc([C@@H]2CNCCc3c2cc(O)c(O)c3Cl)cc1,67227-56-9 
D1255,Oc1ccc([C@H]2CNCCc3c2cc(O)c(O)c3Cl)cc1,67227-56-9 
D1256,NCCC(O)(P(=O)([O-])[O-])P(=O)([O-])[O-],57248-88-1 
D1257,CNS(=O)(=O)Cc1ccc2[nH]cc(CCN(C)C)c2c1,103628-46-2
D1258,O=S(=O)(O)O[C@@H]1[C@@H](OS(=O)(=O)O)[C@H](O[C@@H]2CO[C@@H](O)[C@H](OS(=O)(=O)O)[C@H]2S(=O)(=O)O)OC[C@H]1O,9014-63-5
D1259,C=CC[N+]1([C@H]2C[C@H]3[C@@H]4CC[C@H]5C[C@H](O)[C@@H](N6CCOCC6)C[C@]5(C)[C@H]4CC[C@]3(C)[C@H]2OC(C)=O)CCCC1,143558-00-3
D1260,CC[C@H](OC(C)=O)C(C[C@H](C)N(C)C)(c1ccccc1)c1ccccc1,1477-40-3
D1261,NCCS,60-23-1
D1262,CCCCCCCN(CC)CCC[C@H](O)c1ccc(NS(C)(=O)=O)cc1,122647-31-8
D1263,CCCCCCCN(CC)CCC[C@@H](O)c1ccc(NS(C)(=O)=O)cc1,122647-31-8
D1264,CN(C)CCOc1ccc(/C(=C(/CCCl)c2ccccc2)c2ccccc2)cc1,89778-26-7 
D1265,CCCN1CCCC[C@H]1C(=O)Nc1c(C)cccc1C,84057-95-4 
D1266,O=C([O-])CCNC(=O)c1ccc(/N=N/c2ccc(O)c(C(=O)[O-])c2)cc1,80573-04-2 
D1267,O=C(O[C@@H]1C[C@@H]2C[C@@H]3C[C@H](C1)N2CC3=O)c1c[nH]c2ccccc12,115956-12-2
D1268,CC(C)(C)NC(=O)[C@@H]1C[C@@H]2CCCC[C@@H]2CN1C[C@@H](O)[C@H](Cc1ccccc1)NC(=O)[C@H](CC(N)=O)NC(=O)c1ccc2ccccc2n1,127779-20-8
D1269,OCCOCCN1CCN(C2=Nc3ccccc3Sc3ccccc32)CC1,111974-69-7
D1270,CCCN[C@H]1CCc2nc(N)sc2C1,104632-26-0
D1271,CC(C)(C)NC(=O)[C@@H]1CN(Cc2cccnc2)CCN1C[C@@H](O)C[C@@H](Cc1ccccc1)C(=O)N[C@H]1c2ccccc2C[C@H]1O,150378-17-9
D1272,CC(C)Nc1cccnc1N1CCN(C(=O)c2cc3cc(NS(C)(=O)=O)ccc3[nH]2)CC1,136817-59-9
D1273,CCOCCn1c(N2CCCN(C)CC2)nc2ccccc21,87233-61-2 
D1274,O=P([O-])([O-])C(Sc1ccc(Cl)cc1)P(=O)([O-])[O-],89987-06-4 
D1275,CCCCc1ncc(/C=C(\Cc2cccs2)C(=O)[O-])n1Cc1ccc(C(=O)[O-])cc1,133040-01-4
D1276,N[C@H]1[C@H]2CN(c3nc4c(cc3F)c(=O)c(C(=O)[O-])cn4-c3ccc(F)cc3F)C[C@@H]12,147059-72-1
D1277,Cc1c(O)cccc1C(=O)N[C@@H](CSc1ccccc1)[C@H](O)CN1C[C@H]2CCCC[C@H]2C[C@H]1C(=O)NC(C)(C)C,159989-64-7
D1278,CN(C)CCC[C@]1(c2ccc(F)cc2)OCc2cc(C#N)ccc21,59729-33-8 
D1279,CN(C)CCC[C@@]1(c2ccc(F)cc2)OCc2cc(C#N)ccc21,128196-01-0
D1280,COC(=O)[C@H](c1ccccc1Cl)N1CCc2sccc2C1,113665-84-2
D1281,CN(C)CCc1c[nH]c2ccc(Cn3cncn3)cc12,144034-80-0
D1282,CCCc1nn(C)c2c(=O)nc(-c3cc(S(=O)(=O)N4CCN(C)CC4)ccc3OCC)[nH]c12,139755-83-2
D1283,Nc1nc(NC2CC2)c2ncn([C@H]3C=C[C@@H](CO)C3)c2n1,136470-78-5
D1284,C=CC[N+]1([C@H]2C[C@H]3[C@@H]4CC[C@H]5C[C@H](OC(C)=O)[C@@H](N6CCCCC6)C[C@]5(C)[C@H]4CC[C@]3(C)[C@H]2OC(=O)CC)CCCCC1,465499-11-0
D1285,CN(C)CCc1c[nH]c2ccc(CS(=O)(=O)N3CCCC3)cc12,154323-57-6
D1286,CN[C@@H]1CCc2[nH]c3ccc(C(N)=O)cc3c2C1,158747-02-5
D1287,CN(CCOc1ccc(C[C@@H]2SC(=O)NC2=O)cc1)c1ccccn1,122320-73-4
D1288,CN(CCOc1ccc(C[C@H]2SC(=O)NC2=O)cc1)c1ccccn1,122320-73-4
D1289,CCOC(=O)C1=C[C@@H](OC(CC)CC)[C@H](NC(C)=O)[C@@H](N)C1,196618-13-0
D1290,COc1ccc2c3c1O[C@H]1C[C@@H](O)C=C[C@@]31CCN(C)C2,357-70-0 
D1291,CC[C@H](C)C[C@H](C)CCCCCCCCC(=O)N[C@H]1C[C@@H](O)[C@H](NCCN)NC(=O)[C@@H]2[C@@H](O)CCN2C(=O)[C@@H]([C@H](O)CCN)NC(=O)[C@H]([C@H](O)[C@@H](O)c2ccc(O)cc2)NC(=O)[C@@H]2C[C@@H](O)CN2C(=O)[C@H]([C@@H](C)O)NC1=O,162808-62-0
D1292,Cc1ccc(NC(=O)c2ccc(CN3CCN(C)CC3)cc2)cc1Nc1nccc(-c2cccnc2)n1,152459-95-5
D1293,Clc1ccc([C@H](Cn2ccnc2)OCc2csc3c(Cl)cccc23)c(Cl)c1,99592-32-2 
D1294,Clc1ccc([C@@H](Cn2ccnc2)OCc2csc3c(Cl)cccc23)c(Cl)c1,99592-32-2 
D1295,C[N+]1(C)[C@@H]2C[C@@H](OC(=O)C(O)(c3cccs3)c3cccs3)C[C@H]1[C@@H]1O[C@@H]12,186691-13-4
D1296,COC(=O)CCC(=O)CN,33320-16-0 
D1297,Nc1nc(=O)c2c(CCc3ccc(C(=O)N[C@@H](CCC(=O)[O-])C(=O)[O-])cc3)c[nH]c2[nH]1,137281-23-3
D1298,NC(=O)C(c1ccccc1)(c1ccccc1)[C@@H]1CCN(CCc2ccc3c(c2)CCO3)C1,133099-04-4
D1299,O=C(O[C@H]1CN2CCC1CC2)N1CCc2ccccc2[C@@H]1c1ccccc1,242478-37-1
D1300,COC(=O)N[C@H](C(=O)N[C@@H](Cc1ccccc1)[C@@H](O)CN(Cc1ccc(-c2ccccn2)cc1)NC(=O)[C@@H](NC(=O)OC)C(C)(C)C)C(C)(C)C,198904-31-3
D1301,CCCCNc1ccc(C(=O)OCCN(C)C)cc1,94-24-6
D1302,C#CCN[C@@H]1CCc2ccccc21,136236-51-6
D1303,CNC(=O)c1cc(Oc2ccc(NC(=O)Nc3ccc(Cl)c(C(F)(F)F)c3)cc2)ccn1,284461-73-0
D1304,CCN(CC)CCNC(=O)c1c(C)[nH]c(/C=C2\C(=O)Nc3ccc(F)cc32)c1C,557795-19-4
D1305,CC(C)CN(C[C@@H](O)[C@H](Cc1ccccc1)NC(=O)O[C@H]1CO[C@H]2OCC[C@H]21)S(=O)(=O)c1ccc(N)cc1,206361-99-1
D1306,C[C@@H](Cc1ccccc1)NC(=O)[C@@H](N)CCCCN,608137-32-2
D1307,COCCCOc1cc(C[C@@H](C[C@H](N)[C@@H](O)C[C@H](C(=O)NCC(C)(C)C(N)=O)C(C)C)C(C)C)ccc1OC,173334-57-1
D1308,N[C@@H](CC(=O)N1CCn2c(nnc2C(F)(F)F)C1)Cc1cc(F)c(F)cc1F,486460-32-6
D1309,CS(=O)(=O)CCNCc1ccc(-c2ccc3ncnc(Nc4ccc(OCc5cccc(F)c5)c(Cl)c4)c3c2)o1,231277-92-2
D1310,Cc1cn(-c2cc(NC(=O)c3ccc(C)c(Nc4nccc(-c5cccnc5)n4)c3)cc(C(F)(F)F)c2)cn1,641571-10-0
D1311,CC[C@@H](C)[C@H](NC(=O)[C@@H](CCC(=O)[O-])NC(=O)[C@H](CC(C)C)NC(=O)[C@@H]1CSC([C@@H](N)[C@@H](C)CC)=N1)C(=O)N[C@H]1CCCCNC(=O)[C@H](CC(N)=O)NC(=O)[C@@H](CC(=O)[O-])NC(=O)[C@H](Cc2cnc[nH]2)NC(=O)[C@@H](Cc2ccccc2)NC(=O)[C@H]([C@H](C)CC)NC(=O)[C@@H](CCCN)NC1=O,1405-87-4
D1312,CC[C@@H](C)CCCC(=O)N[C@@H](CCN)C(=O)N[C@H](C(=O)N[C@@H](CCN)C(=O)N[C@H]1CCNC(=O)[C@H]([C@@H](C)O)NC(=O)[C@H](CCN)NC(=O)[C@H](CCN)NC(=O)[C@H](CC(C)C)NC(=O)[C@@H](CC(C)C)NC(=O)[C@H](CCN)NC1=O)[C@@H](C)O,1066-17-7
D1313,Cc1c(N)nc([C@H](CC(N)=O)NC[C@H](N)C(N)=O)nc1C(=O)N[C@H](C(=O)N[C@H](C)[C@@H](O)[C@H](C)C(=O)N[C@H](C(=O)NCCc1nc(-c2nc(C(=O)NCCC[S+](C)C)cs2)cs1)[C@@H](C)O)[C@@H](O[C@@H]1O[C@@H](CO)[C@@H](O)[C@H](O)[C@@H]1O[C@H]1O[C@H](CO)[C@@H](O)[C@H](OC(N)=O)[C@@H]1O)c1cnc[nH]1,11056-06-7 
D1314,NC[C@H]1O[C@H](O[C@H]2[C@H](O)[C@@H](O[C@H]3O[C@H](CO)[C@@H](O)[C@H](N)[C@H]3O)[C@H](N)C[C@@H]2N)[C@H](N)C[C@@H]1O,32986-56-4 
D1315,CC1(C)S[C@@H]2[C@H](NC(=O)[C@H](NC(=O)N3CCN(S(C)(=O)=O)C3=O)c3ccccc3)C(=O)N2[C@H]1C(=O)[O-],51481-65-3 
D1316,O=C(OOC(=O)c1ccccc1)c1ccccc1,94-36-0
D1317,CO[C@@]1(NC(=O)C2SC(=C(C(N)=O)C(=O)[O-])S2)C(=O)N2C(C(=O)[O-])=C(CSc3nnnn3C)CS[C@@H]21,69712-56-7 
D1318,NC[C@H]1O[C@H](O[C@H]2[C@H](O)[C@@H](O[C@H]3O[C@H](CO)[C@@H](O)[C@H](N)[C@H]3O)[C@H](N)C[C@@H]2N)[C@H](O)[C@@H](O)[C@@H]1O,59-01-8
D1319,C[C@H](N)Cc1ccc(O)cc1,103-86-6 
D1320,C[C@]12CCC(=O)C=C1CC[C@@H]1[C@@H]2CC[C@@]2(C)[C@H]1CC[C@]2(C)O,58-18-4
D1321,Cc1cc(O)c2ccccc2c1O,481-85-6 
D1322,C[C@]12CC[C@H]3C(=CCc4cc(O)ccc43)[C@@H]1CCC2=O,474-86-2 
D1323,CC(C)(CO)[C@@H](O)C(=O)NCCCO,81-13-0
D1324,Cc1cc2nc3c(=O)[nH]c(=O)nc-3n(C[C@H](O)[C@H](O)[C@H](O)COP(=O)([O-])[O-])c2cc1C,146-17-8 
D1325,CCCCCCCCCCCCCCCC(=O)OC/C=C(C)/C=C/C=C(C)/C=C/C1=C(C)CCCC1(C)C,79-81-2
D1326,Cc1ccc(-c2ccc(C)cn2)nc1,1762-34-1
D1327,C[C@]12CCC(=O)C=C1CC[C@@H]1[C@@H]2[C@@H](O)C[C@@]2(C)[C@H]1CC[C@]2(O)C(=O)COC(=O)CCC1CCCC1,508-99-6 
D1328,CCCC(=O)O[C@]1(C(=O)COC(=O)CC)CC[C@H]2[C@@H]3CCC4=CC(=O)CC[C@]4(C)[C@H]3[C@@H](O)C[C@@]21C,72590-77-3 
D1329,N[C@@H](Cc1ccc(O)cc1)C(=O)[O-],60-18-4
D1330,CCCOc1cc(N)ccc1C(=O)OCCN(CC)CC,86-43-1
D1331,C[C@@H](Cc1ccc2c(c1)OCO2)NC[C@H](O)c1ccc(O)c(O)c1,912804-63-8
D1332,C[C@H](N)Cc1ccccc1,51-64-9
D1333,O=C1N(Cc2ccccc2)[C@@H]2[C@H](C[S@@+]3CCC[C@@H]23)N1Cc1ccccc1,7187-66-8
D1334,CCCCCCC(=O)O[C@H]1CC[C@H]2[C@@H]3CCC4=CC(=O)CC[C@]4(C)[C@H]3CC[C@]12C,315-37-7 
D1335,C[C@]12CC[C@H]3[C@@H](CCC4=CC(=O)CC[C@@]43C)[C@@H]1CC[C@@H]2OC(=O)CCC1CCCC1,58-20-8
D1336,C[N+](C)(CCCCCC[N+](C)(C)C1c2ccccc2-c2ccccc21)C1c2ccccc2-c2ccccc21,4844-10-4
D1337,CC(C)(C)CC(=O)OCC(=O)[C@@]1(O)CC[C@H]2[C@@H]3CCC4=CC(=O)C=C[C@]4(C)[C@H]3[C@@H](O)C[C@@]21C,7681-14-3
D1338,C[N+]1(C)CCN(C[C@@](O)(c2ccccc2)C2CCCCC2)CC1,6004-98-4
D1339,C[N+]1(C)CCN(C[C@](O)(c2ccccc2)C2CCCCC2)CC1,6004-98-4
D1340,CC(=O)OCC(=O)[C@@]1(O)CC[C@H]2[C@@H]3C[C@H](C)C4=CC(=O)C=C[C@]4(C)[C@H]3[C@@H](O)C[C@@]21C,53-36-1
D1341,CC(C)(C)CC(=O)OCC(=O)[C@@]12OC(C)(C)O[C@@H]1C[C@H]1[C@@H]3CCC4=CC(=O)C=C[C@]4(C)[C@@]3(F)[C@@H](O)C[C@@]12C,5611-51-8
D1342,OCCN(CCO)CCO,102-71-6 
D1343,CCCCCCC(=O)OCCN1CCN(CCCN2c3ccccc3Sc3ccc(C(F)(F)F)cc32)CC1,2746-81-8
D1344,CCCCCCCCCC(=O)OCCN1CCN(CCCN2c3ccccc3Sc3ccc(C(F)(F)F)cc32)CC1,5002-47-1
D1345,C[C@]12CC[C@H]3[C@@H](CCC4=CC(=O)CC[C@@H]43)[C@@H]1CC[C@@H]2OC(=O)CCc1ccccc1,62-90-8
D1346,CCCCCCCCCC(=O)O[C@H]1CC[C@H]2[C@@H]3CCC4=CC(=O)CC[C@@H]4[C@H]3CC[C@]12C,360-70-3 
D1347,C[C@]12C=CC(=O)C=C1[C@@H](F)C[C@@H]1[C@@H]2[C@@H](O)C[C@@]2(C)[C@H]1CC[C@]2(O)C(=O)CO,53-34-9
D1348,C[C@H]1C[C@H]2[C@@H]3CCC4=CC(=O)C=C[C@]4(C)[C@@]3(F)[C@@H](O)C[C@]2(C)[C@@]1(OC(=O)c1ccccc1)C(=O)CO,22298-29-9 
D1349,CCC(=O)OCC(=O)[C@@]1(OC(=O)CC)[C@@H](C)C[C@H]2[C@@H]3CCC4=CC(=O)C=C[C@]4(C)[C@@]3(F)[C@@H](O)C[C@@]21C,5593-20-4
D1350,CC(=O)OCC(=O)[C@@]1(O)[C@H](C)C[C@H]2[C@@H]3C[C@H](F)C4=CC(=O)C=C[C@]4(C)[C@H]3[C@@H](O)C[C@@]21C,1597-82-6
D1351,C[C@]12Cc3cn[nH]c3C[C@@H]1CC[C@@H]1[C@@H]2CC[C@@]2(C)[C@H]1CC[C@]2(C)O,10418-03-8 
D1352,CCC(=O)O[C@@](Cc1ccccc1)(c1ccccc1)[C@@H](C)CN(C)C,2338-37-6
D1353,CCC(=O)O[C@H]1CC[C@H]2[C@@H]3CC[C@H]4CC(=O)[C@H](C)C[C@]4(C)[C@H]3CC[C@]12C,521-12-0 
D1354,Nc1ccc(S(=O)(=O)Nc2ccnn2-c2ccccc2)cc1,526-08-9 
D1355,CN1CCC[C@@H](CC2c3ccccc3Sc3ccccc32)C1,4969-02-2
D1356,CN1CCC[C@H](CC2c3ccccc3Sc3ccccc32)C1,4969-02-2
D1357,CC(=O)c1ccc2c(c1)N(CCCN1CCC(CCO)CC1)c1ccccc1S2,3819-00-9
D1358,NC(=O)OC[C@H](O)COc1ccc(Cl)cc1,886-74-8 
D1359,NC(=O)OC[C@@H](O)COc1ccc(Cl)cc1,886-74-8 
D1360,COc1ccc2c(c1)N(C[C@H](C)CN(C)C)c1ccccc1S2,60-99-1
D1361,C[C@@H](O)C(=O)OC1(c2ccc(Cl)cc2)CCN(CCCC(=O)c2ccc(F)cc2)CC1,75478-79-4 
D1362,CCCCCCCCCC(=O)OC1(c2ccc(Cl)cc2)CCN(CCCC(=O)c2ccc(F)cc2)CC1,74050-97-8 
D1363,C[C@H]1C[C@H]2[C@@H]3CCC4=CC(=O)C=C[C@]4(C)[C@H]3C(=O)C[C@]2(C)[C@@]1(O)C(=O)CO,1247-42-3
D1364,C=C(CC)C(=O)c1ccc(OCC(=O)[O-])c(Cl)c1Cl,6463-21-4
D1365,C1N2CN3CN1CN(C2)C3,100-97-0 
D1366,O=C([O-])CNC(=O)c1ccccc1,495-69-2 
D1367,NCCCC[C@H](NC(=O)[C@@H]1CCCN1C(=O)[C@@H]1CSSC[C@H](N)C(=O)N[C@@H](Cc2ccc(O)cc2)C(=O)N[C@H](Cc2ccccc2)C(=O)N[C@@H](CCC(N)=O)C(=O)N[C@@H](CC(N)=O)C(=O)N1)C(=O)NCC(N)=O,50-57-7
D1368,O=P([O-])([O-])OCC(Cl)(Cl)Cl,306-52-5 
D1369,C[C@]12C/C(=C/O)C(=O)C[C@@H]1CC[C@@H]1[C@@H]2CC[C@@]2(C)[C@H]1CC[C@]2(C)O,434-07-1 
D1370,CCCCCCCCCCCCCCCC[N+](C)(C)CCN(Cc1ccc(OC)cc1)c1ncccn1,553-08-2 
D1371,CC1=C(C(=O)[O-])N2C(=O)[C@@H](NC(=O)[C@H](N)c3ccc(O)cc3)[C@H]2SC1,50370-12-2 
D1372,CC1(C)[C@H](C(=O)[O-])N2C(=O)C[C@H]2S1(=O)=O,68373-14-8 
D1373,NCCC[C@H](N)CC(=O)N[C@H]1CNC(=O)[C@H]([C@H]2C[C@H](O)N=C(N)N2)NC(=O)/C(=C/NC(N)=O)NC(=O)[C@H](CO)NC(=O)[C@H](CO)NC1=O,32988-50-4 
D1374,C[C@H](Cc1ccc2c(c1)OCO2)NC[C@H](O)c1ccc(O)c(O)c1,912804-64-9
D1375,CCCCOc1cc(C(=O)OCCN(CC)CC)ccc1N,99-43-4
D1376,CC[C@H](C)C(C)(COC(N)=O)COC(N)=O,64-55-1
D1377,CC[C@@H](C)C(C)(COC(N)=O)COC(N)=O,64-55-1
D1378,COc1ccc(Cl)cc1C(=O)NCCc1ccc(S(=O)(=O)NC(=O)NC2CCCCC2)cc1,10238-21-8 
D1379,CC(C)(C)NC[C@@H](O)c1ccc(O)c(CO)c1,18559-94-9 
D1380,CC1=C(/C=C/C(C)=C/C=C/C(C)=C/C=C/C=C(C)/C=C/C=C(C)/C=C/C2=C(C)CCCC2(C)C)C(C)(C)CCC1,7235-40-7
D1381,NC(=O)[C@@H]1CCCN1C(=O)[C@H](Cc1c[nH]cn1)NC(=O)[C@@H]1CCC(=O)N1,24305-27-9 
D1382,CSCC[C@H](NC(=O)[C@H](Cc1ccc(OS(=O)(=O)O)cc1)NC(=O)[C@@H](N)CC(=O)[O-])C(=O)NCC(=O)N[C@@H](Cc1c[nH]c2ccccc12)C(=O)N[C@@H](CCSC)C(=O)N[C@@H](CC(=O)[O-])C(=O)N[C@@H](Cc1ccccc1)C(N)=O,25126-32-3 
D1383,CC(=O)OCC(=O)[C@@]1(OC(C)=O)[C@@H](C)C[C@H]2[C@@H]3C[C@H](F)C4=CC(=O)C=C[C@]4(C)[C@@]3(F)[C@@H](O)C[C@@]21C,33564-31-7 
D1384,CCCN(CC)[C@H](CC)C(=O)Nc1c(C)cccc1C,36637-18-0 
D1385,CCCN(CC)[C@@H](CC)C(=O)Nc1c(C)cccc1C,36637-18-0 
D1386,C[C@@H]1C[C@H]2[C@@H]3C[C@H](F)C4=CC(=O)C=C[C@]4(C)[C@@]3(Cl)[C@@H](O)C[C@]2(C)[C@H]1C(=O)COC(=O)C(C)(C)C,34097-16-0 
D1387,CC[N+](C)(C)Cc1ccccc1Br,59-41-6
D1388,CNCC(=O)N[C@@H](CCCNC(N)=[NH2+])C(=O)N[C@H](C(=O)N[C@@H](Cc1ccc(O)cc1)C(=O)N[C@H](C(=O)N[C@@H](Cc1c[nH]cn1)C(=O)N1CCC[C@H]1C(=O)N[C@@H](C)C(=O)[O-])C(C)C)C(C)C,34273-10-4 
D1389,C[C@]12CC[C@@H]3c4ccc(OC(=O)N(CCCl)CCCl)cc4CC[C@H]3[C@@H]1CC[C@@H]2OP(=O)([O-])[O-],4891-15-0
D1390,C=C1CC[C@H](O)C/C1=C/C=C1\CCC[C@]2(C)[C@@H]([C@H](C)CCCC(C)(C)O)CC[C@@H]12,19356-17-3 
D1391,N[C@@H](CCC(=O)N[C@@H](CSSC[C@H](NC(=O)CC[C@H](N)C(=O)[O-])C(=O)NCC(=O)[O-])C(=O)NCC(=O)[O-])C(=O)[O-],27025-41-8 
D1392,CCCCCc1cc(O)c2c(c1)OC(C)(C)[C@@H]1CCC(C)=C[C@@H]21,1972-08-3
D1393,Nc1cc(-c2ccncc2)c[nH]c1=O,60719-84-8 
D1394,CCC(=O)OCC(=O)[C@@]1(OC(=O)CC)[C@H](C)C[C@H]2[C@H]3[C@H]([C@@H](O)C[C@@]21C)[C@@]1(C)C=CC(=O)C=C1C[C@H]3Cl,66734-13-2 
D1395,COc1cc([C@@H]2c3cc4c(cc3[C@@H](O[C@@H]3O[C@@H]5CO[C@@H](C)O[C@H]5[C@H](O)[C@H]3O)[C@H]3COC(=O)[C@H]23)OCO4)cc(OC)c1OP(=O)([O-])[O-],117091-64-2
D1396,C[C@H](N[C@@H](CCc1ccccc1)C(=O)[O-])C(=O)N1CCC[C@H]1C(=O)[O-],76420-72-9 
D1397,C[C@@H](S)C(=O)NCC(=O)[O-],1953-02-2
D1398,C[C@H](S)C(=O)NCC(=O)[O-],1953-02-2
D1399,Nc1ccc(O)c(C(=O)[O-])c1,89-57-6
D1400,Cc1ccc(/C(=C\CN2CCCC2)c2cccc(/C=C/C(=O)[O-])n2)cc1,87848-99-5 
D1401,CCNC(=O)[C@@H]1CCCN1C(=O)[C@H](CCCNC(N)=[NH2+])NC(=O)[C@H](CC(C)C)NC(=O)[C@@H](Cc1cn(Cc2ccccc2)cn1)NC(=O)[C@H](Cc1ccc(O)cc1)NC(=O)[C@H](CO)NC(=O)[C@H](Cc1c[nH]c2ccccc12)NC(=O)[C@H](Cc1c[nH]cn1)NC(=O)[C@@H]1CCC(=O)N1,76712-82-8 
D1402,NCCC[C@](N)(C(=O)[O-])C(F)F,70052-12-9 
D1403,C[C@@H]1C[C@H]2[C@@H]3C[C@H](F)C4=CC(=O)C=C[C@]4(C)[C@@]3(F)[C@@H](O)C[C@]2(C)[C@@]1(OC(=O)c1ccco1)C(=O)SCF,397864-44-7
D1404,CCCCCCCCCCCCCCCC(=O)OC[C@H](CO[P@@](=O)([O-])OCC[N+](C)(C)C)OC(=O)CCCCCCCCCCCCCCC,63-89-8
D1405,CCCC[C@@H](CC)COC(=O)/C=C/c1ccc(OC)cc1,5466-77-3
D1406,CCCC[C@H](CC)COC(=O)/C=C/c1ccc(OC)cc1,5466-77-3
D1407,Cc1cccc(Nc2ccncc2S(=O)(=O)NC(=O)NC(C)C)c1,56211-40-6 
D1408,CC(C)(CO)[C@@H](O)C(=O)NCCC(=O)[O-],79-83-4
D1409,N#Cc1cc(NC(=O)C(=O)[O-])c(Cl)c(NC(=O)C(=O)[O-])c1,53882-12-5 
D1410,OCc1cc([C@H](O)CNCCCCCCOCCCCc2ccccc2)ccc1O,89365-50-4 
D1411,OCc1cc([C@@H](O)CNCCCCCCOCCCCc2ccccc2)ccc1O,89365-50-4 
D1412,C=C1/C(=C\C=C2/CCC[C@]3(C)[C@@H]([C@H](C)/C=C/[C@@H](O)C4CC4)CC[C@@H]23)C[C@@H](O)C[C@@H]1O,112965-21-6
D1413,COc1cc(NCc2ccc3nc(N)nc(N)c3c2C)cc(OC)c1OC,52128-35-5 
D1414,CCOc1nc2cccc(C(=O)O[C@@H](C)OC(=O)OC3CCCCC3)c2n1Cc1ccc(-c2ccccc2-c2nnn[nH]2)cc1,145040-37-5
D1415,C=C1CC[C@@]2(O)[C@H]3Cc4ccc(O)c5c4[C@@]2(CCN3CC2CC2)[C@H]1O5,55096-26-9 
D1416,O=C([O-])CCCc1ccccc1,1716-12-7
D1417,C=C1/C(=C\C=C2/CCC[C@]3(C)[C@@H]([C@H](C)/C=C/[C@H](C)C(C)C)CC[C@@H]23)C[C@@H](O)C[C@@H]1O,54573-75-0 
D1418,COc1ccc(O)cc1,150-76-5 
D1419,CC(=O)Oc1c(C)c(C)c2c(c1C)CC[C@@](C)(CCC[C@H](C)CCC[C@H](C)CCCC(C)C)O2,58-95-7
D1420,CCCN[C@@H](C)C(=O)Nc1c(C)csc1C(=O)OC,23964-58-1 
D1421,CCCCOCCOCCOCc1cc2c(cc1CCC)OCO2,51-03-6
D1422,CCNC(=NCCCC[C@H](NC(=O)[C@H](CC(C)C)NC(=O)[C@@H](CCCCN=C(NCC)NCC)NC(=O)[C@H](Cc1ccc(O)cc1)NC(=O)[C@H](CO)NC(=O)[C@@H](Cc1cccnc1)NC(=O)[C@@H](Cc1ccc(Cl)cc1)NC(=O)[C@@H](Cc1ccc2ccccc2c1)NC(C)=O)C(=O)N1CCC[C@H]1C(=O)N[C@H](C)C(N)=O)NCC,124904-93-4
D1423,C#C[C@]1(O)CC[C@H]2[C@@H]3CCC4=C/C(=N/O)CC[C@@H]4[C@H]3CC[C@@]21CC,53016-31-2 
D1424,CCCCCCCC(=O)CC[C@@H]1[C@@H](C/C=C\CCCC(=O)OC(C)C)[C@@H](O)C[C@H]1O,120373-24-2
D1425,CO/N=C(\C(=O)N[C@@H]1C(=O)N2C(C(=O)OCOC(=O)C(C)(C)C)=C(/C=C\c3scnc3C)CS[C@H]12)c1csc(N)n1,117467-28-4
D1426,O=P([O-])([O-])C(O)(Cn1ccnc1)P(=O)([O-])[O-],118072-93-8
D1427,COC(=O)[C@H](c1ccccc1)[C@H]1CCCCN1,1072298-18-0 
D1428,CC(C)OC(=O)OCOP(=O)(CO[C@H](C)Cn1cnc2c(N)ncnc21)OCOC(=O)OC(C)C,201341-05-1
D1429,CCCN(CCc1cccs1)[C@H]1CCc2c(O)cccc2C1,99755-59-6 
D1430,NC(=O)Cc1cccc(C(=O)c2ccccc2)c1N,78281-72-8 
D1431,C[N@@+]1(CC2CC2)CC[C@]23c4c5ccc(O)c4O[C@H]2C(=O)CC[C@@]3(O)[C@H]1C5,73232-52-7 
D1432,CN(C)C[C@H](c1ccc(O)cc1)C1(O)CCCCC1,93413-62-8 
D1433,CN(C)C[C@@H](c1ccc(O)cc1)C1(O)CCCCC1,93413-62-8 
D1434,C[C@@H](O[C@H]1OCCN(Cc2nn(P(=O)([O-])[O-])c(=O)[nH]2)[C@H]1c1ccc(F)cc1)c1cc(C(F)(F)F)cc(C(F)(F)F)c1,172673-20-0
D1435,COC(=O)c1ccccc1O,119-36-8 
D1436,CC(C)[C@@H]1NC(=O)[C@@H](CCCCN)NC(=O)[C@@H](Cc2c[nH]c3ccccc23)NC(=O)[C@H](Cc2ccc(O)cc2)NC(=O)[C@@H](NC(=O)[C@H](N)Cc2ccc3ccccc3c2)CSSC[C@@H](C(=O)N[C@H](C(N)=O)[C@@H](C)O)NC1=O,108736-35-2
D1437,COC(c1ccccc1)(c1ccccc1)[C@H](Oc1nc(C)cc(C)n1)C(=O)[O-],177036-94-1
D1438,Cc1nnc(C(=O)NC(C)(C)c2nc(C(=O)NCc3ccc(F)cc3)c(O)c(=O)n2C)o1,518048-05-0
D1439,CCCC(=O)OCOC(=O)C1=C(C)NC(C)=C(C(=O)OC)[C@H]1c1cccc(Cl)c1Cl,167221-71-8
D1440,C[C@H](O)[C@H](O)[C@H]1CNc2[nH]c(N)nc(=O)c2N1,62989-33-7 
D1441,Cc1cc(C#N)cc(C)c1Oc1nc(Nc2ccc(C#N)cc2)nc(N)c1Br,269055-15-4
D1442,CCCC(=O)O[C@]1(C(=O)COC(C)=O)CC[C@H]2[C@@H]3C[C@H](F)C4=CC(=O)C=C[C@]4(C)[C@@]3(F)[C@@H](O)C[C@@]21C,23674-86-4 
D1443,Cn1c(CCCC(=O)[O-])nc2cc(N(CCCl)CCCl)ccc21,16506-27-7 
D1444,CO[C@H](C(=O)[C@@H](O)[C@@H](C)O)[C@@H]1Cc2cc3cc(O[C@H]4C[C@@H](O[C@H]5C[C@@H](O)[C@H](O)[C@@H](C)O5)[C@H](O)[C@@H](C)O4)c(C)c(O)c3c(O)c2C(=O)[C@H]1O[C@H]1C[C@@H](O[C@H]2C[C@@H](O[C@H]3C[C@](C)(O)[C@H](O)[C@@H](C)O3)[C@@H](O)[C@@H](C)O2)[C@H](O)[C@@H](C)O1,18378-89-7 
D1445,CCC[C@@H]1C[C@@H](C(=O)N[C@@H]([C@H]2O[C@H](SC)[C@H](OP(=O)([O-])[O-])[C@@H](O)[C@H]2O)[C@H](C)Cl)N(C)C1,24729-96-2 
D1446,CCCCCCCCCCCCCCCC(=O)O[C@@H]1[C@@H](O)[C@@H](O)[C@@H]([C@H](NC(=O)[C@@H]2C[C@@H](CCC)CN2C)[C@H](C)Cl)O[C@@H]1SC,36688-78-5 
D1447,CC1(C)S[C@@H]2[C@H](NC(=O)[C@@H](C(=O)Oc3ccc4c(c3)CCC4)c3ccccc3)C(=O)N2[C@H]1C(=O)[O-],35531-88-5 
D1448,CC1(C)S[C@@H]2[C@H](NC(=O)[C@H](C(=O)Oc3ccc4c(c3)CCC4)c3ccccc3)C(=O)N2[C@H]1C(=O)[O-],35531-88-5 
D1449,c1cc(CN2CCCNCCNCCCNCC2)ccc1CN1CCCNCCNCCCNCC1,110078-46-1
D1450,CC1=NN(c2ccc(C)c(C)c2)C(=O)/C1=N\Nc1cccc(-c2cccc(C(=O)[O-])c2)c1O,496775-61-2
D1451,CC(=O)N[C@H](Cc1ccc2ccccc2c1)C(=O)N[C@@H](Cc1ccc(Cl)cc1)C(=O)N[C@H](Cc1cccnc1)C(=O)N[C@@H](CO)C(=O)N[C@H](Cc1ccc(NC(=O)[C@@H]2CC(=O)NC(=O)N2)cc1)C(=O)N[C@H](Cc1ccc(NC(N)=O)cc1)C(=O)N[C@H](CC(C)C)C(=O)N[C@@H](CCCCNC(C)C)C(=O)N1CCC[C@H]1C(=O)N[C@H](C)C(N)=O,214766-78-6
D1452,CC(C)C(=O)Oc1ccc(CO)cc1[C@H](CCN(C(C)C)C(C)C)c1ccccc1,286930-02-7
D1453,NC(=O)c1cn(Cc2c(F)cccc2F)nn1,106308-44-5
D1454,CC(C)c1cccc(C(C)C)c1OCOP(=O)([O-])[O-],258516-89-1
D1455,COC[C@@H](NC(C)=O)C(=O)NCc1ccccc1,175481-36-4
D1456,O[C@@H]1CO[C@H]2[C@@H]1OC[C@@H]2O,652-67-5 
D1457,C[C@H]1C[C@H]2[C@@H]3CCC4=CC(=O)C=C[C@]4(C)[C@@]3(F)[C@@H](O)C[C@]2(C)[C@@]1(O)C(=O)COP(=O)([O-])[O-],360-63-4 
D1458,OCc1ccccc1,100-51-6 
D1459,Cc1c(C)c2c(c(C)c1O)CC[C@@](C)(COc1ccc(C[C@@H]3SC(=O)NC3=O)cc1)O2,97322-87-7 
D1460,CCN(CC)C(=O)[C@H]1CN2CCc3cc(OC)c(OC)cc3[C@@H]2C[C@H]1OC(C)=O,63-12-7
D1461,NS(=O)(=O)c1cc2c(cc1Cl)N[C@@H]([C@H]1C[C@@H]3C=C[C@H]1C3)NS2(=O)=O,159405-29-5
D1462,NS(=O)(=O)c1cc2c(cc1Cl)N[C@H]([C@H]1C[C@@H]3C=C[C@H]1C3)NS2(=O)=O,159405-28-4
D1463,NS(=O)(=O)c1cc2c(cc1Cl)N[C@@H]([C@@H]1C[C@@H]3C=C[C@H]1C3)NS2(=O)=O,134077-75-1
D1464,NS(=O)(=O)c1cc2c(cc1Cl)N[C@@H]([C@@H]1C[C@H]3C=C[C@@H]1C3)NS2(=O)=O,134077-79-5
D1465,NS(=O)(=O)c1cc2c(cc1Cl)N[C@@H]([C@H]1C[C@H]3C=C[C@@H]1C3)NS2(=O)=O,134077-78-4
D1466,NS(=O)(=O)c1cc2c(cc1Cl)N[C@H]([C@@H]1C[C@H]3C=C[C@@H]1C3)NS2(=O)=O,134077-81-9
D1467,CC[C@@H](NC(C)C)[C@@H](O)c1ccc(O)c(O)c1,79490-84-9 
D1468,CC[C@H](NC(C)C)[C@H](O)c1ccc(O)c(O)c1,52553-26-1 
D1469,COC(=O)[C@@H](c1ccccc1)[C@H]1CCCCN1,29419-96-3 
D1470,COC(=O)[C@H](c1ccccc1)[C@@H]1CCCCN1,29419-97-4 
D1471,COc1cc(C(C)=O)ccc1OCCCN1CCC(c2noc3cc(F)ccc23)CC1,133454-47-4
D1472,Cc1ccccc1C(=O)Nc1ccc(C(=O)N2CCC[C@@H](O)c3cc(Cl)ccc32)c(C)c1,150683-30-0
D1473,N[C@@H]1CCCCN(c2c(F)cc3c(=O)c(C(=O)[O-])cn(C4CC4)c3c2Cl)C1,141388-76-3
D1474,CC(=O)Oc1cc2c(s1)CCN([C@H](C(=O)C1CC1)c1ccccc1F)C2,150322-43-3
D1475,O=C([O-])C[C@H](O)C[C@H](O)/C=C/c1c(C2CC2)nc2ccccc2c1-c1ccc(F)cc1,147511-69-1
D1476,N#C[C@@H]1C[C@@H]2C[C@@H]2N1C(=O)[C@@H](N)[C@@]12C[C@@H]3C[C@@H](C[C@@](O)(C3)C1)C2,361442-04-8
D1477,CN1C[C@@H]2c3ccccc3Oc3ccc(Cl)cc3[C@H]2C1,65576-45-6 
D1478,C=C[C@@H](N)CCC(=O)[O-],68506-86-5 
D1479,O=C([O-])CCCN1CCC(O[C@@H](c2ccc(Cl)cc2)c2ccccn2)CC1,125602-71-3
D1480,CCCCCCCCCCNCCN[C@@]1(C)C[C@H](O[C@H]2[C@H](Oc3c4cc5cc3Oc3ccc(cc3Cl)[C@@H](O)[C@@H](NC(=O)[C@@H](CC(C)C)NC)C(=O)N[C@@H](CC(N)=O)C(=O)N[C@H]5C(=O)N[C@H]3C(=O)N[C@H](C(=O)N[C@H](C(=O)[O-])c5cc(O)c(CNCP(=O)([O-])[O-])c(O)c5-c5cc3ccc5O)[C@H](O)c3ccc(c(Cl)c3)O4)O[C@H](CO)[C@@H](O)[C@@H]2O)O[C@@H](C)[C@H]1O,372151-71-8
D1481,C#CC[C@@H](Cc1cnc2nc(N)nc(N)c2n1)c1ccc(C(=O)N[C@@H](CCC(=O)[O-])C(=O)[O-])cc1,146464-95-1
D1482,Cc1ccc(Nc2nccc(N(C)c3ccc4c(C)n(C)nc4c3)n2)cc1S(N)(=O)=O,444731-52-6
D1483,C/C=C1\NC(=O)[C@H]2CSSCC/C=C/[C@H](CC(=O)N[C@H](C(C)C)C(=O)N2)OC(=O)[C@H](C(C)C)NC1=O,128517-07-7
D1484,Nc1ccncc1,504-24-5 
D1485,NC(=O)N[C@@H](CCC(=O)[O-])C(=O)[O-],1188-38-1
D1486,CC(C)(Oc1ccc(C(=O)c2ccc(Cl)cc2)cc1)C(=O)[O-],42017-89-0 
D1487,CCCCCCCCCCCCCCCC(=O)O[C@@H]1CCCn2c1nc(C)c(CCN1CCC(c3noc4cc(F)ccc34)CC1)c2=O,199739-10-1
D1488,CCCCCCCCCCCCCCCC(=O)O[C@H]1CCCn2c1nc(C)c(CCN1CCC(c3noc4cc(F)ccc34)CC1)c2=O,199739-10-1
D1489,C[C@]12CC[C@H](O)CC1=CC[C@@H]1[C@@H]2CC[C@]2(C)C(c3cccnc3)=CC[C@@H]12,154229-19-3
D1490,COc1cc(CNC(=O)CCCC/C=C/C(C)C)ccc1O,404-86-4 
D1491,C[C@H](Cn1cnc2c(N)ncnc21)OCP(=O)([O-])[O-],147127-20-6
D1492,Cc1ccccc1C(=O)Nc1ccc(C(=O)N2CCC[C@H](O)c3cc(Cl)ccc32)c(C)c1,150683-30-0
D1493,CC(=O)Oc1cc2c(s1)CCN([C@@H](C(=O)C1CC1)c1ccccc1F)C2,150322-43-3
D1494,C=C[C@H](N)CCC(=O)[O-],68506-86-5 
D1495,C#CC[C@H](Cc1cnc2nc(N)nc(N)c2n1)c1ccc(C(=O)N[C@@H](CCC(=O)[O-])C(=O)[O-])cc1,146464-95-1
D1496,CN1CCC(=C2c3ccccc3CCn3c(C=O)cnc32)CC1,147084-10-4
D1497,C[C@]12CCC3=C4CCC(=O)C=C4CC[C@H]3[C@@H]1CC[C@@]2(O)CC#N,65928-58-7 
D1498,CC(=O)O[C@]1(C(C)=O)CC[C@H]2[C@@H]3CCC4=CC(=O)CCC4=C3[C@@H](c3ccc(N(C)C)cc3)C[C@@]21C,126784-99-4
D1499,[H]/N=C(\NC(=O)OCCCCCC)c1ccc(NCc2nc3cc(C(=O)N(CCC(=O)OCC)c4ccccn4)ccc3n2C)cc1,211915-06-9
D1500,CCCCCCCCc1ccc(CCC(N)(CO)CO)cc1,162359-55-9
D1501,CN1c2c([nH]c(N)nc2=O)NC[C@@H]1CNc1ccc(C(=O)N[C@@H](CCC(=O)[O-])C(=O)[O-])cc1,151533-22-1
D1502,CCO/N=C(\C(=O)N[C@@H]1C(=O)N2C(C(=O)[O-])=C(Sc3nc(-c4cc[n+](C)cc4)cs3)CS[C@H]12)c1nsc(NP(=O)([O-])[O-])n1,402741-13-3
D1503,O=C1[C@@H]2[C@H]3CC[C@H](C3)[C@@H]2C(=O)N1C[C@@H]1CCCC[C@H]1CN1CCN(c2nsc3ccccc23)CC1,367514-87-2
D1504,CO[C@H]1C(=O)[C@]2(C)[C@@H](OC)C[C@H]3OC[C@@]3(OC(C)=O)[C@H]2[C@H](OC(=O)c2ccccc2)[C@]2(O)C[C@H](OC(=O)[C@H](O)[C@@H](NC(=O)OC(C)(C)C)c3ccccc3)C(C)=C1C2(C)C,183133-96-2
D1505,C=C1C[C@@H]2CC[C@@]34C[C@H]5O[C@H]6[C@@H](O3)[C@H]3O[C@H](CC[C@@H]3O[C@H]6[C@H]5O4)CC(=O)C[C@@H]3[C@@H](OC)[C@@H](C[C@H](O)CN)O[C@H]3C[C@H]3O[C@@H](CC[C@@H]1O2)C[C@@H](C)C3=C,253128-41-5
D1506,CCOC(=O)Nc1ccc(NCc2ccc(F)cc2)cc1N,150812-12-7
D1507,CC(C)C(=O)O[C@@H](C)OC(=O)NCC1(CC(=O)[O-])CCCCC1,478296-72-9
D1508,CC(C)C(=O)O[C@H](C)OC(=O)NCC1(CC(=O)[O-])CCCCC1,478296-72-9
D1509,COc1cc2c(Nc3ccc(Br)cc3F)ncnc2cc1OCC1CCN(C)CC1,443913-73-3
D1510,O=C(Nc1c(Cl)cncc1Cl)c1ccc(OC(F)F)c(OCC2CC2)c1,162401-32-3
D1511,N#Cc1ccc2[nH]cc(CCCCN3CCN(c4ccc5oc(C(N)=O)cc5c4)CC3)c2c1,163521-12-8
D1512,CCOc1nc2cccc(C(=O)OCc3oc(=O)oc3C)c2n1Cc1ccc(-c2ccccc2-c2noc(=O)[nH]2)cc1,863031-21-4
D1513,CC#CCn1c(N2CCC[C@@H](N)C2)nc2c1c(=O)n(Cc1nc(C)c3ccccc3n1)c(=O)n2C,668270-12-0
D1514,CCc1c(Cl)c(O)c(Cl)c(O)c1C(=O)O[C@H]1[C@H](O)[C@H](OC)[C@H](OC/C2=C\C=C\C[C@H](O)/C(C)=C/[C@H](CC)[C@@H](O[C@@H]3OC(C)(C)[C@@H](OC(=O)C(C)C)[C@H](O)[C@@H]3O)/C(C)=C/C(C)=C/C[C@@H]([C@@H](C)O)OC2=O)O[C@@H]1C,873857-62-6
D1515,CCC[C@H](NC(=O)[C@@H]1[C@H]2CCC[C@H]2CN1C(=O)[C@@H](NC(=O)[C@@H](NC(=O)c1cnccn1)C1CCCCC1)C(C)(C)C)C(=O)C(=O)NC1CC1,402957-28-2
D1516,Cc1cc(/C=C/C#N)cc(C)c1Nc1ccnc(Nc2ccc(C#N)cc2)n1,500287-72-9
D1517,CC(C)(C)NC(=O)N[C@H](C(=O)N1C[C@H]2[C@@H]([C@H]1C(=O)N[C@@H](CC1CCC1)C(=O)C(N)=O)C2(C)C)C(C)(C)C,394730-60-0
D1518,CC(C)(C)NC(=O)N[C@H](C(=O)N1C[C@H]2[C@@H]([C@H]1C(=O)N[C@H](CC1CCC1)C(=O)C(N)=O)C2(C)C)C(C)(C)C,394730-60-0
D1519,CC(=O)O[C@H]1CC[C@@]2(C)C(=CC[C@@H]3[C@@H]2CC[C@]2(C)C(c4cccnc4)=CC[C@@H]32)C1,154229-18-2
D1520,Cc1c(O)c(=O)ccn1C,30652-11-0 
D1521,NC(=[NH2+])NCCC[C@@H](N)C(=O)N[C@@H](CCCNC(N)=[NH2+])C(=O)N1CCC[C@H]1C(=O)N1C[C@H](O)C[C@H]1C(=O)NCC(=O)N[C@@H](Cc1cccs1)C(=O)N[C@@H](CO)C(=O)N1Cc2ccccc2C[C@@H]1C(=O)N1[C@H](C(=O)N[C@@H](CCCNC(N)=[NH2+])C(=O)[O-])C[C@@H]2CCCC[C@@H]21,130308-48-4
D1522,CCc1cc2c(cc1CC)CC(NC[C@H](O)c1ccc(O)c3[nH]c(=O)ccc13)C2,312753-06-3
D1523,O=C(NC[C@H]1CN(c2ccc(N3CCOCC3=O)cc2)C(=O)O1)c1ccc(Cl)s1,366789-02-8
D1524,CCCSc1nc(N[C@@H]2C[C@H]2c2ccc(F)c(F)c2)c2nnn([C@@H]3C[C@H](OCCO)[C@@H](O)[C@H]3O)c2n1,274693-27-5
D1525,CN1C(=O)CC(=O)N(c2ccccc2)c2cc(Cl)ccc21,22316-47-8 
D1526,N#CC[C@H](C1CCCC1)n1cc(-c2ncnc3[nH]ccc23)cn1,941678-49-5
D1527,CNC(=O)c1ccccc1Sc1ccc2c(/C=C/c3ccccn3)n[nH]c2c1,319460-85-0
D1528,CCCS(=O)(=O)Nc1ccc(F)c(C(=O)c2c[nH]c3ncc(-c4ccc(Cl)cc4)cc23)c1F,918504-65-1
D1529,CC(C)OC(=O)CCC/C=C\C[C@@H]1[C@@H](/C=C/C(F)(F)COc2ccccc2)[C@H](O)C[C@@H]1O,209860-87-7
D1530,C[C@@H](Oc1cc(-c2cnn(C3CCNCC3)c2)cnc1N)c1c(Cl)ccc(F)c1Cl,877399-52-5
D1531,C/C=C(/C)C(=O)O[C@H]1C(C)=C[C@]23C(=O)[C@H](C=C(CO)[C@@H](O)[C@]12O)[C@H]1[C@@H](C[C@H]3C)C1(C)C,75567-37-2 
D1532,CC(C)(C)c1cc(C(C)(C)C)c(NC(=O)c2c[nH]c3ccccc3c2=O)cc1O,873054-44-5
D1533,CS(=O)(=O)c1ccc(C(=O)Nc2ccc(Cl)c(-c3ccccn3)c2)c(Cl)c1,879085-55-9
D1534,O=C([O-])CCC/C=C\C[C@@H]1[C@@H](/C=C/C(F)(F)COc2ccccc2)[C@H](O)C[C@@H]1O,209860-88-8
D1535,CCc1c(Cl)c(O)c(Cl)c(O)c1C(=O)O[C@H]1[C@H](O)[C@H](OC)[C@H](OC/C2=C\C=C\C[C@H](O)/C(C)=C/[C@H](CC)[C@@H](O[C@@H]3OC(C)(C)[C@@H](O)[C@H](O)[C@@H]3O)/C(C)=C/C(C)=C/C[C@@H]([C@@H](C)O)OC2=O)O[C@@H]1C,1030825-28-5 
D1536,CCOc1nc2cccc(C(=O)[O-])c2n1Cc1ccc(-c2ccccc2-c2noc(=O)[nH]2)cc1,147403-03-0
D1537,O=C(N=c1c(Cl)cn(O)cc1Cl)c1ccc(OC(F)F)c(OCC2CC2)c1,1026258-58-1 
D1538,CCCCCCCCc1ccc(CC[C@](N)(CO)COP(=O)([O-])[O-])cc1,402616-26-6
D1539,Cn1c(CNc2ccc(C(N)=[NH2+])cc2)nc2cc(C(=O)N(CCC(=O)[O-])c3ccccn3)ccc21,211914-51-1
D1540,CNc1ccc([C@H]2C[C@@]3(C)[C@@H](CC[C@]3(OC(C)=O)C(C)=O)[C@@H]3CCC4=CC(=O)CCC4=C32)cc1,159681-66-0
D1541,CN1CCC(=C2c3ccccc3CCn3c(C(=O)[O-])cnc32)CC1,147083-93-0
D1542,O=C([O-])/C=C1/CN([C@@H](C(=O)C2CC2)c2ccccc2F)CC[C@H]1S,204204-73-9
D1543,O=C([O-])/C=C1/CN([C@@H](C(=O)C2CC2)c2ccccc2F)CC[C@@H]1S,204204-73-9
D1544,O=C([O-])/C=C1/CN([C@H](C(=O)C2CC2)c2ccccc2F)CC[C@@H]1S,204204-73-9
D1545,O=C([O-])/C=C1/CN([C@H](C(=O)C2CC2)c2ccccc2F)CC[C@H]1S,204204-73-9
D1546,N#C[C@@H]1C[C@@H]2C[C@@H]2N1C(=O)[C@@H](N)[C@@]12C[C@@H]3C[C@@](O)(C[C@@](O)(C3)C1)C2,841302-24-7
D1547,Cc1c(C)c2c(c(C)c1O)CC[C@](C)(COc1ccc(C[C@@H]3SC(=O)NC3=O)cc1)O2,97322-87-7 
D1548,Cc1c(C)c2c(c(C)c1O)CC[C@](C)(COc1ccc(C[C@H]3SC(=O)NC3=O)cc1)O2,97322-87-7 
D1549,CC(C)N(CC[C@H](c1ccccc1)c1cc(CO)ccc1O)C(C)C,207679-81-0
D1550,CCCC(=O)O[C@]1(C(=O)CO)CC[C@H]2[C@@H]3C[C@H](F)C4=CC(=O)C=C[C@]4(C)[C@@]3(F)[C@@H](O)C[C@@]21C,23640-96-2 
D1551,CCCC(=O)OCOC(=O)C1=C(C)NC(C)=C(C(=O)OC)[C@@H]1c1cccc(Cl)c1Cl,167221-71-8
D1552,Nc1c(CC(=O)[O-])cccc1C(=O)c1ccccc1,51579-82-9 
D1553,CO/N=C(\C(=O)N[C@@H]1C(=O)N2C(C(=O)[O-])=C(/C=C\c3scnc3C)CS[C@H]12)c1csc(N)n1,104145-95-1
D1554,CCCCCCCC(=O)CC[C@@H]1[C@@H](C/C=C\CCCC(=O)[O-])[C@@H](O)C[C@H]1O,120373-36-6
D1555,CCCN[C@H](C)C(=O)Nc1c(C)csc1C(=O)OC,23964-58-1 
D1556,C=C1/C(=C\C=C2/CCC[C@]3(C)[C@@H]([C@H](C)/C=C/[C@@](C)(O)C(C)(C)O)CC[C@@H]23)C[C@@H](O)C[C@@H]1O,100496-04-6
D1557,CCOc1nc2cccc(C(=O)[O-])c2n1Cc1ccc(-c2ccccc2-c2nnn[nH]2)cc1,139481-59-7
D1558,NCCC[C@@](N)(C(=O)[O-])C(F)F,70052-12-9 
D1559,C[C@]12CC[C@@H]3c4ccc(OC(=O)N(CCCl)CCCl)cc4CC[C@H]3[C@@H]1CC[C@@H]2O,4891-15-0
D1560,CCC(=O)O[C@](Cc1ccccc1)(c1ccccc1)[C@H](C)CNC,66796-40-5 
D1561,CCC(CC)O[C@@H]1C=C(C(=O)[O-])C[C@H](N)[C@H]1NC(C)=O,187227-45-8
D1562,C=CC[N+]1([C@H]2C[C@H]3[C@@H]4CC[C@H]5C[C@H](O)[C@@H](N6CCCCC6)C[C@]5(C)[C@H]4CC[C@]3(C)[C@H]2OC(=O)CC)CCCCC1,736123-17-4
D1563,CCCc1nn(C)c2c(=O)[nH]c(-c3cc(S(=O)(=O)N4CCNCC4)ccc3OCC)nc12,139755-82-1
D1564,COC(=O)[C@H](c1ccccc1Cl)N1CC[C@H](S)/C(=C/C(=O)[O-])C1,767612-34-0
D1565,COC(=O)[C@H](c1ccccc1Cl)N1CC[C@@H](S)/C(=C/C(=O)[O-])C1,767612-34-0
D1566,CCO/N=C(\C(=O)N[C@@H]1C(=O)N2C(C(=O)[O-])=C(Sc3nc(-c4cc[n+](C)cc4)cs3)CS[C@H]12)c1nsc(N)n1,700803-62-9
D1567,c1ccc2c(c1)N=C(N1CCNCC1)c1ccccc1S2,5747-48-8
D1568,O=C(O[C@@H]1C[C@@H]2C[C@@H]3C[C@H](C1)N2C[C@@H]3O)c1c[nH]c2ccccc12,127951-99-9
D1569,O=C(O[C@@H]1C[C@@H]2C[C@@H]3C[C@H](C1)N2C[C@H]3O)c1c[nH]c2ccccc12,127951-99-9
D1570,CCC(=O)O[C@]1(C(=O)CO)[C@@H](C)C[C@H]2[C@@H]3CCC4=CC(=O)C=C[C@]4(C)[C@@]3(Cl)[C@@H](O)C[C@@]21C,5534-18-9
D1571,COc1ccc(-n2nc(C(N)=O)c3c2C(=O)N(c2ccc(N4CCCCC4=O)cc2)CC3)cc1,503612-47-3
D1572,O=C(NC1CCN(CCCCC2(C(=O)NCC(F)(F)F)c3ccccc3-c3ccccc32)CC1)c1ccccc1-c1ccc(C(F)(F)F)cc1,182431-12-5
D1573,CC/C=C\C/C=C\C/C=C\C/C=C\C/C=C\CCCC(=O)OCC,86227-47-6 
D1574,CC/C=C\C/C=C\C/C=C\C/C=C\C/C=C\CCCC(=O)[O-],10417-94-4 
D1575,C[C@H]1CNCCc2ccc(Cl)cc21,616202-92-7
D1576,COc1cc2nccc(Oc3ccc(NC(=O)C4(C(=O)Nc5ccc(F)cc5)CC4)cc3)c2cc1OC,849217-68-1
D1577,NCCCC[C@@H]1NC(=O)[C@@H](Cc2c[nH]c3ccccc23)NC(=O)[C@H](c2ccccc2)NC(=O)[C@@H]2C[C@@H](OC(=O)NCCN)CN2C(=O)[C@H](Cc2ccccc2)NC(=O)[C@H](Cc2ccc(OCc3ccccc3)cc2)NC1=O,396091-73-9
D1578,C/C(O)=C(\C#N)C(=O)Nc1ccc(C(F)(F)F)cc1,163451-81-8
D1579,N#Cc1ccccc1-c1cc(-c2ccccn2)cn(-c2ccccc2)c1=O,380917-97-5
D1580,CC(C)C[C@H](NC(=O)[C@H](CCc1ccccc1)NC(=O)CN1CCOCC1)C(=O)N[C@@H](Cc1ccccc1)C(=O)N[C@@H](CC(C)C)C(=O)[C@@]1(C)CO1,868540-17-4
D1581,C[C@@H]1NC(=O)[C@@H]2CCCN2C(=O)[C@H](CC(N)=O)NC(=O)[C@H]2CSSC[C@H](N)C(=O)N[C@H]3CSSC[C@H](NC1=O)C(=O)N[C@@H]([C@@H](C)O)C(=O)NCC(=O)N[C@H](C(=O)N[C@@H](Cc1ccc(O)cc1)C(=O)[O-])CSSC[C@@H](NC(=O)[C@H](Cc1ccc(O)cc1)NC(=O)[C@H](CCC(=O)[O-])NC3=O)C(=O)N2,851199-59-2
D1582,C[C@@H]1NC(=O)[C@@H]2CCCN2C(=O)[C@H](CC(N)=O)NC(=O)[C@H]2CSSC[C@H](N)C(=O)N[C@H]3CSSC[C@H](NC1=O)C(=O)N[C@@H]([C@@H](C)O)C(=O)NCC(=O)N[C@H](C(=O)[O-])CSSC[C@@H](NC(=O)[C@H](Cc1ccc(O)cc1)NC(=O)[C@H](CCC(=O)[O-])NC3=O)C(=O)N2,851199-59-2
D1583,Nc1nc(CC(=O)Nc2ccc(CCNC[C@H](O)c3ccccc3)cc2)cs1,223673-61-8
D1584,COc1ccc(CNc2nc(N3CCC[C@H]3CO)ncc2C(=O)NCc2ncccn2)cc1Cl,330784-47-9
D1585,CNC(=O)c1cc(Oc2ccc(NC(=O)Nc3ccc(Cl)c(C(F)(F)F)c3)c(F)c2)ccn1,755037-03-7
D1586,COc1cc2c(cc1Cc1cccc(Cl)c1F)c(=O)c(C(=O)[O-])cn2[C@H](CO)C(C)C,697761-98-1
D1587,CC(C)c1nc(CN(C)C(=O)N[C@@H](CCN2CCOCC2)C(=O)N[C@H](CC[C@H](Cc2ccccc2)NC(=O)OCc2cncs2)Cc2ccccc2)cs1,1004316-88-4 
D1588,O=C(O[C@H]1C[N@+]2(CCCOc3ccccc3)CC[C@H]1CC2)C(O)(c1cccs1)c1cccs1,727649-81-2
D1589,C[C@@H]1CCN(C(=O)CC#N)C[C@@H]1N(C)c1ncnc2[nH]ccc12,477600-75-2
D1590,CNC(=O)c1ccc(N2C(=S)N(c3ccc(C#N)c(C(F)(F)F)c3)C(=O)C2(C)C)cc1F,915087-33-1
D1591,CC1(C)C(=O)N(c2ccc(C#N)c(C(F)(F)F)c2)C(=S)N1c1ccc(C(N)=O)c(F)c1,1242137-16-1 
D1592,COc1cc(Nc2c(C#N)cnc3cc(OCCCN4CCN(C)CC4)c(OC)cc23)c(Cl)cc1Cl,380843-75-4
D1593,Cc1ccc(C(=O)Nc2ccc(CN3CCN(C)CC3)c(C(F)(F)F)c2)cc1C#Cc1cnc2cccnn12,943319-70-8
D1594,COC(=O)C[C@](O)(CCCC(C)(C)O)C(=O)O[C@@H]1C(OC)=C[C@]23CCCN2CCc2cc4c(cc2[C@H]13)OCO4,26833-87-4 
D1595,COc1nc2ccc(Br)cc2cc1[C@@H](c1ccccc1)[C@@](O)(CCN(C)C)c1cccc2ccccc12,843663-66-1
D1596,Nc1cccc2c1C(=O)N([C@H]1CCC(=O)NC1=O)C2=O,19171-19-8 
D1597,OCCOc1ccc(/C(=C(/CCCl)c2ccccc2)c2ccccc2)cc1,128607-22-7
D1598,CC(C)(C)c1nc(-c2cccc(NS(=O)(=O)c3c(F)cccc3F)c2F)c(-c2cnc(N)cn2)s1,1195765-45-7 
D1599,Nc1cccc2c1C(=O)N([C@@H]1CCC(=O)NC1=O)C2=O,19171-19-8 
D1600,CC(=O)Nc1cccc(-n2c(=O)n(C3CC3)c(=O)c3c(Nc4ccc(I)cc4F)n(C)c(=O)c(C)c32)c1,871700-17-3
D1601,O=S(=O)(O)Oc1ccc(C(c2ccc(OS(=O)(=O)O)cc2)c2ccccn2)cc1,10040-45-6 
D1602,Cn1c(=O)cc(N2CCC[C@@H](N)C2)n(Cc2ccccc2C#N)c1=O,850649-61-5
D1603,Cc1ccc([C@@H]2O[C@H](CO)[C@@H](O)[C@H](O)[C@H]2O)cc1Cc1ccc(-c2ccc(F)cc2)s1,842133-18-0
D1604,O=C(CCCc1ccccc1)OCC(COC(=O)CCCc1ccccc1)OC(=O)CCCc1ccccc1,611168-24-2
D1605,OCc1cc([C@@H](O)CNCCCCCCOCCOCc2c(Cl)cccc2Cl)ccc1O,503068-34-6
D1606,CN(C)C(=O)Oc1cccc([N+](C)(C)C)c1,59-99-4
D1607,O=C([O-])Cc1ccccc1,7631-42-7
D1608,Oc1ccc(C(c2ccc(O)cc2)c2ccccn2)cc1,603-41-8 
D1609,NCC[C@H](Oc1ccc(C(F)(F)F)cc1)c1ccccc1,83891-03-6 
D1610,NCC[C@@H](Oc1ccc(C(F)(F)F)cc1)c1ccccc1,83891-03-6 
D1611,CC(=O)Nc1ccc(OC[C@@H](O)CNC(C)C)c(C(C)=O)c1,22568-64-5 
D1612,CC(=O)Nc1ccc(OC[C@H](O)CNC(C)C)c(C(C)=O)c1,22568-64-5 
D1613,O=C([O-])c1cnccn1,98-97-5
D1614,COC(=O)N(C)c1c(N)nc(-c2nn(Cc3ccccc3F)c3ncccc23)nc1N,625115-55-1
D1615,CCCNS(=O)(=O)Nc1ncnc(OCCOc2ncc(Br)cn2)c1-c1ccc(Br)cc1,441798-33-0
D1616,NS(=O)(=O)Nc1ncnc(OCCOc2ncc(Br)cn2)c1-c1ccc(Br)cc1,1103522-45-7 
D1617,Cc1ccc(Sc2ccccc2N2CCNCC2)c(C)c1,508233-74-7
D1618,CN(C)C/C=C/C(=O)Nc1cc2c(Nc3ccc(F)c(Cl)c3)ncnc2cc1O[C@H]1CCOC1,850140-72-6
D1619,CCN(CC)C(=O)[C@@]1(c2ccccc2)C[C@H]1CN,96847-54-0 
D1620,NC(=O)N1c2ccccc2C[C@H](O)c2ccccc21,104746-04-5
D1621,CC(=O)O[C@H]1Cc2ccccc2N(C(N)=O)c2ccccc21,236395-14-5
D1622,C[C@@H]1CCO[C@H]2Cn3cc(C(=O)NCc4ccc(F)cc4F)c(=O)c(O)c3C(=O)N12,1051375-16-6 
D1623,C=CC(=O)N1CCC[C@@H](n2nc(-c3ccc(Oc4ccccc4)cc3)c3c(N)ncnc32)C1,936563-96-1
D1624,COC(=O)/C=C/C(=O)[O-],2756-87-8
D1625,COC(=O)/C=C/C(=O)OC,624-49-7 
D1626,CC(C)OC(=O)[C@H](C)N[P@@](=O)(OC[C@H]1O[C@@H](n2ccc(=O)[nH]c2=O)[C@](C)(F)[C@@H]1O)Oc1ccccc1,1190307-88-0 
D1627,C[C@@]1(F)[C@H](O)[C@@H](CO[P@@](=O)([O-])O[P@](=O)([O-])OP(=O)([O-])[O-])O[C@H]1n1ccc(=O)[nH]c1=O,1015073-42-3 
D1628,COc1ccc2c(O[C@@H]3C[C@H]4C(=O)N[C@]5(C(=O)NS(=O)(=O)C6CC6)C[C@H]5/C=C\CCCCN(C)C(=O)[C@@H]4C3)cc(-c3nc(C(C)C)cs3)nc2c1C,923604-59-5
D1629,OC(c1ccccc1)(c1ccccc1)[C@]12CC[N@+](CCOCc3ccccc3)(CC1)CC2,869113-09-7
D1630,Cc1c(-c2ccc(O)cc2)n(Cc2ccc(OCCN3CCCCCC3)cc2)c2ccc(O)cc12,198481-32-2
D1631,N#C/C(=C1/SC[C@@H](c2ccc(Cl)cc2Cl)S1)n1ccnc1,187164-19-8
D1632,CCCCCCCCCCCCOCCOCCOCCOCCOCCOCCOCCOCCOCCO,9002-92-0
D1633,COCC1=C(C(=O)[O-])N2C(=O)[C@@H](NC(=O)/C(=N\OC)c3csc(N)n3)[C@H]2SC1,80210-62-4 
D1634,C/C=C\C1=C(C(=O)[O-])N2C(=O)[C@@H](NC(=O)[C@H](N)c3ccc(O)cc3)[C@H]2SC1,92665-29-7 
D1635,Cn1nnnc1SCC1=C(C(=O)[O-])N2C(=O)[C@@H](NC(=O)[C@H](O)c3ccccc3)[C@H]2SC1,34444-01-4 
D1636,COc1cccc2c1C(=O)c1c(O)c3c(c(O)c1C2=O)C[C@@](O)([C@H](C)O)C[C@@H]3O[C@H]1C[C@H](N)[C@H](O)[C@H](C)O1,28008-55-1 
D1637,COc1cc2c(cc1OC)[C@@H]1C[C@@H](O)[C@@H](CC(C)C)CN1CC2,85081-18-1 
D1638,COc1cc2c(cc1OC)[C@@H]1C[C@H](O)[C@@H](CC(C)C)CN1CC2,164104-49-8
D1639,Nc1nc(O)c2ncn([C@@H]3O[C@H](CO[P@@](=O)([O-])O[P@@](=O)([O-])OP(=O)([O-])[O-])[C@@H](O)[C@@H]3O)c2n1,72490-81-4 
D1640,C=C1[C@H](CO[P@@](=O)([O-])O[P@@](=O)([O-])OP(=O)([O-])[O-])[C@@H](O)C[C@@H]1n1cnc2c(=O)[nH]c(N)nc21,336608-44-7
D1641,Nc1nc(Cl)nc2c1ncn2[C@@H]1O[C@H](CO[P@](=O)([O-])O[P@](=O)([O-])OP(=O)([O-])[O-])[C@@H](O)[C@@H]1F,134646-41-6
D1642,C[C@]12C=CC(=O)C=C1CC[C@@H]1[C@@H]2[C@@H](O)C[C@@]2(C)[C@H]1C[C@H]1O[C@@H](C3CCCCC3)O[C@]12C(=O)CO,161115-59-9
D1643,O=C(Nc1ncc([N+](=O)[O-])s1)c1ccccc1O,173903-47-4
D1644,Nc1ncnc2c1ncn2CCOCP(=O)([O-])[O-],106941-25-7
D1645,Nc1nc2c(ncn2CO[C@@H](CO)CO[P@@](=O)([O-])O[P@@](=O)([O-])OP(=O)([O-])[O-])c(=O)[nH]1,86761-38-8 
D1646,Nc1nc2c(ncn2CO[C@H](CO)CO[P@@](=O)([O-])O[P@@](=O)([O-])OP(=O)([O-])[O-])c(=O)[nH]1,86761-38-8 
D1647,CCCc1nc(C(C)(C)O)c(C(=O)[O-])n1Cc1ccc(-c2ccccc2-c2nn[nH]n2)cc1,144689-24-7
D1648,O=C([O-])CCC/C=C\C[C@@H]1[C@@H](/C=C/[C@@H](O)COc2cccc(C(F)(F)F)c2)[C@H](O)C[C@@H]1O,54276-17-4 
D1649,Oc1cnc2c(c1)CCc1cc(Cl)ccc1C2=C1CCNCC1,119410-08-1
D1650,CC1(C)N=C(N)N=C(N)N1c1ccc(Cl)cc1,516-21-2 
D1651,CN/N=N/c1[nH]cnc1C(N)=O,3413-72-7
D1652,CO[C@H]1/C=C/O[C@@]2(C)Oc3c(C)c(O)c4c(O)c(c(/C=N/N5CCN(C6CCCC6)CC5)c(O)c4c3C2=O)NC(=O)/C(C)=C\C=C\[C@H](C)[C@H](O)[C@@H](C)[C@@H](O)[C@@H](C)[C@H](O)[C@@H]1C,79039-56-8 
D1653,NC(=O)N1c2ccccc2C[C@@H](O)c2ccccc21,104746-03-4
D1654,O=c1[nH]c(=O)n([C@H]2C[C@H](O)[C@@H](COP(=O)([O-])[O-])O2)cc1F,134-46-3 
D1655,O=c1[nH]c(=O)n([C@H]2C[C@H](O)[C@@H](CO[P@@](=O)([O-])O[P@](=O)([O-])OP(=O)([O-])[O-])O2)cc1F,2710-64-7
D1656,CCC[S@](=O)c1ccc2nc(NC(=O)OC)[nH]c2c1,54029-12-8 
D1657,CN[C@@H](CC(C)C)C1(c2ccc(Cl)cc2)CCC1,168835-59-4
D1658,CN[C@H](CC(C)C)C1(c2ccc(Cl)cc2)CCC1,168835-59-4
D1659,CC(C)C[C@@H](N)C1(c2ccc(Cl)cc2)CCC1,84467-54-9 
D1660,CC(C)C[C@H](N)C1(c2ccc(Cl)cc2)CCC1,84467-54-9 
D1661,Nc1nc(=O)c2ncn(CC[C@@H](CO)CO[P@](=O)([O-])O[P@](=O)([O-])OP(=O)([O-])[O-])c2[nH]1,145839-78-7
D1662,Nc1nc(=O)c2ncn(CC[C@H](CO)CO[P@](=O)([O-])O[P@](=O)([O-])OP(=O)([O-])[O-])c2[nH]1,145839-78-7
D1663,Nc1ccn(C[C@@H](CO)OC[P@](=O)([O-])OP(=O)([O-])[O-])c(=O)n1,142276-30-0
D1664,CC1(C)CCSc2ccc(C#Cc3ccc(C(=O)[O-])cn3)cc21,118292-41-4
D1665,O=C([O-])CCC/C=C\C[C@@H]1[C@@H](CC[C@@H](O)CCc2ccccc2)[C@H](O)C[C@@H]1O,41639-83-2 
D1666,Nc1ccn([C@@H]2CS[C@H](CO[P@@](=O)([O-])O[P@@](=O)([O-])OP(=O)([O-])[O-])O2)c(=O)n1,143188-53-8
D1667,C[C@H](N[C@@H](CCc1ccccc1)C(=O)[O-])C(=O)N1[C@H](C(=O)[O-])C[C@H]2CCCC[C@@H]21,87679-71-8 
D1668,Nc1ccn([C@@H]2O[C@H](CO[P@@](=O)([O-])OP(=O)([O-])[O-])[C@@H](O)C2(F)F)c(=O)n1,116371-66-5
D1669,Nc1ccn([C@@H]2O[C@H](CO[P@@](=O)([O-])O[P@](=O)([O-])OP(=O)([O-])[O-])[C@@H](O)C2(F)F)c(=O)n1,110988-86-8
D1670,Nc1nc2c(ncn2COCCO[P@@](=O)([O-])O[P@@](=O)([O-])OP(=O)([O-])[O-])c(=O)[nH]1,66341-18-2 
D1671,CCCCc1nc(Cl)c(C(=O)[O-])n1Cc1ccc(-c2ccccc2-c2nnn[nH]2)cc1,124750-92-1
D1672,COC(=O)C1=C(C)NC(C)=C(C(=O)OCC(C)C)[C@H]1c1ccccc1[N+](=O)[O-],63675-72-9 
D1673,C=C(O)[C@@H]1Cc2cc(OC)c(OC)cc2CN1C(=O)[C@H](C)N[C@@H](CCc1ccccc1)C(=O)[O-],103775-14-0
D1674,CN(C)C[C@H]1CCCC[C@@]1(O)c1cccc(O)c1,144830-14-8
D1675,COc1cccc([C@@]2(O)CCCC[C@H]2CN(C)C)c1,152538-36-8
D1676,CN(C)C[C@@H]1CCCC[C@]1(O)c1cccc(O)c1,330999-27-4
D1677,COc1cccc([C@]2(O)CCCC[C@H]2CN(C)C)c1,123134-25-8
D1678,CN(C)C[C@@H]1CCCC[C@@]1(O)c1cccc(O)c1,144830-15-9
D1679,COc1cccc([C@@]2(O)CCCC[C@@H]2CN(C)C)c1,27203-92-5 
D1680,CN(C)C[C@H]1CCCC[C@]1(O)c1cccc(O)c1,144830-14-8
D1681,C[C@H](N[C@@H](CCc1ccccc1)C(=O)[O-])C(=O)N1CC2(C[C@H]1C(=O)[O-])SCCS2,83602-05-5 
D1682,Nc1nc(Cl)nc2c1ncn2[C@H]1C[C@H](O)[C@@H](CO[P@](=O)([O-])O[P@@](=O)([O-])OP(=O)([O-])[O-])O1,106867-30-5
D1683,NCCCNCCS,31098-42-7 
D1684,Nc1ccn([C@H]2CC[C@@H](CO[P@@](=O)([O-])O[P@](=O)([O-])OP(=O)([O-])[O-])O2)c(=O)n1,66004-77-1 
D1685,CCC[C@H](N[C@@H](C)C(=O)N1[C@H](C(=O)[O-])C[C@@H]2CCCC[C@@H]21)C(=O)[O-],95153-31-4 
D1686,O=c1nc[nH]c2c1ncn2[C@H]1CC[C@@H](CO[P@](=O)([O-])O[P@](=O)([O-])OP(=O)([O-])[O-])O1,122406-02-4
D1687,Nc1nc(F)nc2c1ncn2[C@@H]1O[C@H](CO[P@](=O)([O-])O[P@](=O)([O-])OP(=O)([O-])[O-])[C@@H](O)[C@@H]1O,74832-57-8 
D1688,Nc1nc(F)nc2c1ncn2[C@@H]1O[C@H](CO)[C@@H](O)[C@@H]1O,21679-14-1 
D1689,O=C([O-])/C=C1/CN(Cc2ccccc2Cl)CC[C@H]1S,750643-90-4
D1690,O=C([O-])/C=C1/CN(Cc2ccccc2Cl)CC[C@@H]1S,750643-90-4
D1691,C[C@H]1C[C@H]2[C@@H]3C[C@H](F)C4=CC(=O)C=C[C@]4(C)[C@@]3(F)[C@@H](O)C[C@]2(C)[C@@]1(O)C(=O)CCl,98651-66-2 
D1692,O=C([O-])[C@@H]1C[C@@H](C2CCCCC2)CN1C(=O)C[P@@](=O)(O)CCCCc1ccccc1,95399-71-6 
D1693,CNCCCN1c2ccccc2CCc2ccc(Cl)cc21,303-48-0 
D1694,C[C@H](N[C@@H](CCc1ccccc1)C(=O)[O-])C(=O)N1[C@H](C(=O)[O-])C[C@@H]2CCC[C@@H]21,87269-97-4 
D1695,C[C@H](N[C@@H](CCc1ccccc1)C(=O)[O-])C(=O)N1Cc2ccccc2C[C@H]1C(=O)[O-],82768-85-2 
D1696,O=C([O-])CN1C(=O)[C@@H](N[C@@H](CCc2ccccc2)C(=O)[O-])CCc2ccccc21,86541-78-8 
D1697,CCC(C)(C)C(=O)O[C@H]1C[C@@H](C)C=C2C=C[C@H](C)[C@H](CC[C@@H](O)C[C@@H](O)CC(=O)[O-])[C@H]21,121009-77-6
D1698,O=S(=O)(O)CCSSCCS(=O)(=O)O,16208-51-8 
D1699,CC[C@H](C)C(=O)O[C@H]1C[C@@H](C)C=C2C=C[C@H](C)[C@H](CC[C@@H](O)C[C@@H](O)CC(=O)[O-])[C@H]21,75225-51-3 
D1700,COc1ccc2cc(CC(=O)[O-])ccc2c1,23981-47-7 
D1701,CCCC[C@](C)(O)C/C=C/[C@H]1[C@H](O)CC(=O)[C@@H]1CCCCCCC(=O)[O-],259218-79-6
D1702,C[C@@H](CCc1ccccc1)NC[C@H](O)c1ccc(O)c(C(N)=O)c1,36894-69-6 
D1703,C[C@H](CCc1ccccc1)NC[C@@H](O)c1ccc(O)c(C(N)=O)c1,36894-69-6 
D1704,C[C@@H](CCc1ccccc1)NC[C@@H](O)c1ccc(O)c(C(N)=O)c1,36894-69-6 
D1705,CC(C)(O)C(=O)Nc1ccc([N+](=O)[O-])c(C(F)(F)F)c1,52806-53-8 
D1706,[H]/N=c1\nc(N2CCCCC2)cc(N)n1OS(=O)(=O)O,83701-22-8 
D1707,CC/C(=C(\c1ccccc1)c1ccc(OCCNC)cc1)c1ccccc1,31750-48-8 
D1708,CSc1ccc(/C=C2/C(C)=C(CC(=O)[O-])c3cc(F)ccc32)cc1,49627-27-2 
D1709,O=C1CN=C(c2ccccc2)c2cc(Cl)ccc2N1,1088-11-5
D1710,CCOC(=O)N[C@@H]1CC[C@@H]2[C@@H](C1)C[C@H]1C(=O)O[C@H](C)[C@H]1[C@H]2/C=C/c1ccc(-c2cccc(F)c2)cn1,618385-01-6
D1711,CN[C@H]1C(=O)N[C@@H]2Cc3ccc(cc3)Oc3cc4cc(c3O[C@@H]3O[C@H](C(=O)[O-])[C@@H](O)[C@H](O)[C@H]3NC(=O)CCCCCCCCC(C)C)Oc3ccc(cc3Cl)[C@@H](O)[C@@H]3NC(=O)[C@H](NC(=O)[C@@H]4NC(=O)[C@@H](NC2=O)c2cc(cc(O)c2Cl)Oc2cc1ccc2O)c1ccc(O)c(c1)-c1c(O[C@H]2O[C@H](CO)[C@@H](O)[C@H](O)[C@@H]2O)cc(O)cc1[C@@H](C(=O)NCCCN(C)C)NC3=O,171500-79-1
D1712,C=C1CCN([C@@H](C)[C@](O)(Cn2cncn2)c2ccc(F)cc2F)CC1,164650-44-6
D1713,OB1OCc2cc(F)ccc21,174671-46-6
D1714,CN[C@H](CC(C)C)C(=O)N[C@H]1C(=O)N[C@@H](CC(N)=O)C(=O)N[C@H]2C(=O)N[C@H]3C(=O)N[C@H](C(=O)N[C@H](C(=O)[O-])c4cc(O)cc(O)c4-c4cc3ccc4O)[C@H](O[C@H]3C[C@](C)(N)[C@@H](O)[C@H](C)O3)c3ccc(c(Cl)c3)Oc3cc2cc(c3O[C@@H]2O[C@H](CO)[C@@H](O)[C@H](O)[C@H]2O[C@H]2C[C@](C)(NCc3ccc(-c4ccc(Cl)cc4)cc3)[C@@H](O)[C@H](C)O2)Oc2ccc(cc2Cl)[C@H]1O,171099-57-3
D1715,CCOc1cc([C@@H](CS(C)(=O)=O)N2C(=O)c3cccc(NC(C)=O)c3C2=O)ccc1OC,608141-41-9
D1716,Cn1nnc(-c2ccc(-c3ccc(N4C[C@H](CO)OC4=O)cc3F)cn2)n1,856866-72-3
D1717,Cn1nnc(-c2ccc(-c3ccc(N4C[C@H](COP(=O)([O-])[O-])OC4=O)cc3F)cn2)n1,856867-55-5
D1718,CCCCCCCCCCC(=O)O[C@H]1CC[C@H]2[C@@H]3CCC4=CC(=O)CC[C@]4(C)[C@H]3CC[C@]12C,5949-44-0
D1719,CCOc1ccc(Cc2cc([C@@H]3O[C@H](CO)[C@@H](O)[C@H](O)[C@H]3O)ccc2Cl)cc1,461432-26-8
D1720,OC[C@H]1O[C@@H](c2ccc(Cl)c(Cc3ccc(O[C@H]4CCOC4)cc3)c2)[C@H](O)[C@@H](O)[C@@H]1O,864070-44-0
D1721,Cc1ccc(-n2nccn2)c(C(=O)N2CCN(c3nc4cc(Cl)ccc4o3)CC[C@H]2C)c1,1030377-33-3 
D1722,N[C@H](C(=O)[O-])[C@H](O)c1ccc(O)c(O)c1,23651-95-8 
D1723,CCC(CC)[C@H](NC(C)=O)[C@@H]1[C@H](O)[C@@H](C(=O)[O-])C[C@H]1NC(N)=[NH2+],330600-85-6
D1724,N#Cc1c(N2C[C@@H]3NCCO[C@H]3C2)c(F)cc2c(=O)c(C(=O)[O-])cn(C3CC3)c12,209342-40-5
D1725,Cn1c(N)c(NC(=O)NCCN)c[n+]1CC1=C(C(=O)[O-])N2C(=O)[C@@H](NC(=O)/C(=N\OC(C)(C)C(=O)[O-])c3nsc(N)n3)[C@H]2SC1,689293-68-3
D1726,Cc1ccccc1-c1cc(N2CCN(C)CC2)ncc1N(C)C(=O)C(C)(C)c1cc(C(F)(F)F)cc(C(F)(F)F)c1,290297-26-6
D1727,C=CCN1CC[C@]23c4c5ccc(O)c4O[C@H]2[C@@H](OCCOCCOCCOCCOCCOCCOCCOC)CC[C@@]3(O)[C@H]1C5,854601-70-0
D1728,CCCCCCCC(=O)N[C@H](CN1CCCC1)[C@H](O)c1ccc2c(c1)OCCO2,491833-29-5
D1729,O=C(/C=C/c1cccc(S(=O)(=O)Nc2ccccc2)c1)NO,414864-00-9
D1730,CC[C@H](Nc1ncnc2nc[nH]c12)c1nc2cccc(F)c2c(=O)n1-c1ccccc1,870281-82-6
D1731,COC(=O)N[C@H](C(=O)N1CC2(CC2)C[C@H]1c1ncc(-c2ccc3c(c2)C(F)(F)c2cc(-c4ccc5nc([C@@H]6[C@H]7CC[C@H](C7)N6C(=O)[C@@H](NC(=O)OC)C(C)C)[nH]c5c4)ccc2-3)[nH]1)C(C)C,1256388-51-8 
D1732,CCCCCCCCCCCCCCCCO[P@@](=O)([O-])OCC[N+](C)(C)C,58066-85-6 
D1733,COC(=O)N[C@H](C(=O)N1CCC[C@H]1C(=O)Nc1ccc([C@@H]2CC[C@@H](c3ccc(NC(=O)[C@@H]4CCCN4C(=O)[C@@H](NC(=O)OC)C(C)C)cc3)N2c2ccc(C(C)(C)C)cc2)cc1)C(C)C,1258226-87-7 
D1734,Cc1cnc(C(=O)N[C@H]2CCCCC/C=C\[C@@H]3C[C@@]3(C(=O)NS(=O)(=O)C3CC3)NC(=O)[C@@H]3C[C@@H](Oc4nc5ccccc5c5ccccc45)CN3C2=O)cn1,1216941-48-8 
D1735,COc1c(-c2ccc3cc(NS(C)(=O)=O)ccc3c2)cc(-n2ccc(=O)[nH]c2=O)cc1C(C)(C)C,1132935-63-7 
D1736,CCC(=O)NC[C@@H]1C[C@H]1c1cccc2c1CCO2,609799-22-6
D1737,O=C(c1cc(Cc2n[nH]c(=O)c3ccccc23)ccc1F)N1CCN(C(=O)C2CC2)CC1,763113-22-0
D1738,Cc1cc(Nc2ncc(Cl)c(Nc3ccccc3S(=O)(=O)C(C)C)n2)c(OC(C)C)cc1C1CCNCC1,1032900-25-6 
D1739,Cc1ccc(=O)n(-c2ccccc2)c1,53179-13-8 
D1740,COC(=O)c1ccc2c(c1)NC(=O)/C2=C(\Nc1ccc(N(C)C(=O)CN2CCN(C)CC2)cc1)c1ccccc1,656247-17-5
D1741,COc1ccc(CC(C)(C)NC[C@H](O)c2cc(O)cc3c2OCC(=O)N3)cc1,868049-49-4
D1742,CN1CCc2nc(C(=O)N[C@@H]3C[C@@H](C(=O)N(C)C)CC[C@@H]3NC(=O)C(=O)Nc3ccc(Cl)cn3)sc2C1,480449-70-5
D1743,NC(=O)[C@@H]1CC[C@@H]2CN1C(=O)N2OS(=O)(=O)O,1192500-31-4 
D1744,Cc1[nH]c2ccccc2c1CCNCc1ccc(/C=C/C(=O)NO)cc1,404950-80-7
D1745,CC(=O)c1c(C)c2cnc(Nc3ccc(N4CCNCC4)cn3)nc2n(C2CCCC2)c1=O,571190-30-2
D1746,COc1cc2nccc(Oc3ccc(NC(=O)NC4CC4)c(Cl)c3)c2cc1C(N)=O,417716-92-8
D1747,CNCC/C=C1\c2ccccc2COc2ccccc21,67035-76-1 
D1748,CNCC/C=C1/c2ccccc2COc2ccccc21,58534-46-6 
D1749,CN(C)CC/C=C1\c2ccccc2COc2ccccc21,1668-19-5
D1750,Nc1ccn([C@@H]2O[C@H](CO[P@](=O)([O-])O[P@@](=O)([O-])OP(=O)([O-])[O-])[C@@H](O)[C@@H]2O)c(=O)n1,13191-15-6 
D1751,O=C1CN=C(c2ccccc2F)c2cc(Cl)ccc2N1,2886-65-9
D1752,NC(=O)N1c2ccccc2[C@H]2O[C@H]2c2ccccc21,36507-30-9 
D1753,CCN(CC)CCOc1ccc(/C(=C(/Cl)c2ccccc2)c2ccccc2)cc1,911-45-5 
D1754,CC(C)(Oc1ccc(Cl)cc1)C(=O)[O-],882-09-7 
D1755,O=c1[nH]c(=O)c2cn[nH]c2[nH]1,2465-59-0
D1756,CCn1cc(C(=O)[O-])c(=O)c2ccc(CO)nc21,3759-18-0
D1757,C[C@H](O)c1ccc(S(=O)(=O)NC(=O)NC2CCCCC2)cc1,968-80-9 
D1758,C[C@@H](O)c1ccc(S(=O)(=O)NC(=O)NC2CCCCC2)cc1,220948-25-4
D1759,Nc1nc(=S)c2ncn([C@@H]3O[C@H](COP(=O)([O-])[O-])[C@@H](O)[C@H]3O)c2[nH]1,15867-02-4 
D1760,CCC[C@H](C)C1(CC)C(=O)NC(=S)NC1=O,76-75-5
D1761,FC(F)(F)[C@@H](Cl)Br,151-67-7 
D1762,C[C@]1(c2ccccc2)CC(=O)NC1=O,39122-10-6 
D1763,C[C@@]1(c2ccccc2)CC(=O)NC1=O,39122-11-7 
D1764,C[C@H]1NCCO[C@H]1c1ccccc1,134-49-6 
D1765,C[C@@H]1NCCO[C@H]1c1ccccc1,134-49-6 
D1766,C[C@@H]1NCCO[C@@H]1c1ccccc1,134-49-6 
D1767,CCC1(CC)C(=O)NC[C@H](C)C1=O,125-64-4 
D1768,C=CCC1([C@@H](C)CC)C(=O)NC(=O)NC1=O,115-44-6 
D1769,CN1C(=O)C[C@H](c2ccccc2)C1=O,86-34-0
D1770,O=C([O-])c1ccccc1O,69-72-7
D1771,C[C@]12CCC(=O)C=C1CC[C@@H]1[C@@H]2C(=O)C[C@@]2(C)[C@H]1CC[C@]2(O)C(=O)CO,53-06-5
D1772,CCNCc1cc(Nc2ccnc3cc(Cl)ccc23)ccc1O,79352-78-6 
D1773,CC1(C)OC(=O)NC1=O,695-53-4 
D1774,CC[C@H](C)C1(CC)C(=O)NC(=O)NC1=O,125-40-6 
D1775,CNc1ccc(/C=C/c2ccc(OCCOCCOCCF)nc2)cc1,956103-76-7
D1776,CNc1ccc(-c2nc3ccc(O)cc3s2)cc1F,765922-62-1
D1777,CNc1ccc(/C=C/c2ccc(OCCOCCOCCF)cc2)cc1,902143-01-5
D1778,CSCCNc1nc(SCCC(F)(F)F)nc2c1ncn2[C@@H]1O[C@H](CO[P@](=O)([O-])O[P@@](=O)([O-])C(Cl)(Cl)P(=O)([O-])[O-])[C@@H](O)[C@H]1O,163706-06-7
D1779,Cc1c(C(=O)Nc2ccc(N3C[C@@H](C)O[C@@H](C)C3)nc2)cccc1-c1ccc(OC(F)(F)F)cc1,956697-53-3
D1780,O=c1ccc2ccc(OCCCCN3CCN(c4cccc5sccc45)CC3)cc2[nH]1,913611-97-9
D1781,C[C@H](CCC(=O)[O-])[C@H]1CC[C@H]2[C@@H]3[C@H](O)C[C@H]4C[C@H](O)CC[C@]4(C)[C@H]3C[C@H](O)[C@]12C,81-25-4
D1782,Cc1ccc(NC(=O)C2(c3ccc4c(c3)OC(F)(F)O4)CC2)nc1-c1cccc(C(=O)[O-])c1,936727-05-8
D1783,COc1cc2c(cc1OC)CC(=O)N(CCCN(C)C[C@H]1Cc3cc(OC)c(OC)cc31)CC2,155974-00-8
D1784,C[C@H](CCC(=O)[O-])[C@H]1CC[C@H]2[C@@H]3CC[C@@H]4C[C@H](O)CC[C@]4(C)[C@H]3C[C@H](O)[C@]12C,83-44-3
D1785,COC(=O)N[C@H](C(=O)N1CCC[C@H]1c1ncc(-c2ccc(-c3ccc(-c4cnc([C@@H]5CCCN5C(=O)[C@@H](NC(=O)OC)C(C)C)[nH]4)cc3)cc2)[nH]1)C(C)C,1009119-64-5 
D1786,COc1ccc(CN(C(=O)[C@@H](N)Cc2c(C)cc(C(N)=O)cc2C)[C@@H](C)c2ncc(-c3ccccc3)[nH]2)cc1C(=O)[O-],864821-90-9
D1787,CNCC(=O)OCc1cccnc1N(C)C(=O)O[C@@H](C)[n+]1cnn(C[C@](O)(c2cc(F)ccc2F)[C@@H](C)c2nc(-c3ccc(C#N)cc3)cs2)c1,742049-41-8
D1788,C[C@@H](c1nc(-c2ccc(C#N)cc2)cs1)[C@](O)(Cn1cncn1)c1cc(F)ccc1F,241479-67-4
D1789,CCOC(=O)[C@H](C)C[C@@H](Cc1ccc(-c2ccccc2)cc1)NC(=O)CCC(=O)[O-],149709-62-6
D1790,C[C@H](C[C@@H](Cc1ccc(-c2ccccc2)cc1)NC(=O)CCC(=O)[O-])C(=O)[O-],149709-44-4
D1791,C[C@]12CC[C@H]3[C@@H](CCC4=CC(=O)CC[C@@]43C)[C@@H]1CC[C@@H]2C(=O)CO,64-85-7
D1792,O=C([O-])CCSC[C@H]1O[C@@H]2O[C@H]3[C@H](O)[C@@H](O)[C@@H](O[C@H]4[C@H](O)[C@@H](O)[C@@H](O[C@H]5[C@H](O)[C@@H](O)[C@@H](O[C@H]6[C@H](O)[C@@H](O)[C@@H](O[C@H]7[C@H](O)[C@@H](O)[C@@H](O[C@H]8[C@H](O)[C@@H](O)[C@@H](O[C@H]9[C@H](O)[C@@H](O)[C@@H](O[C@H]1[C@H](O)[C@H]2O)O[C@@H]9CSCCC(=O)[O-])O[C@@H]8CSCCC(=O)[O-])O[C@@H]7CSCCC(=O)[O-])O[C@@H]6CSCCC(=O)[O-])O[C@@H]5CSCCC(=O)[O-])O[C@@H]4CSCCC(=O)[O-])O[C@@H]3CSCCC(=O)[O-],343306-71-8
D1793,O=c1[nH]c2ccccc2n1CCN1CCN(c2cccc(C(F)(F)F)c2)CC1,167933-07-5
D1794,CN(C)C(=O)N[C@H]1CC[C@H](CCN2CCN(c3cccc(Cl)c3Cl)CC2)CC1,839712-12-8
D1795,CNC(=O)N[C@H]1CC[C@H](CCN2CCN(c3cccc(Cl)c3Cl)CC2)CC1,839712-15-1
D1796,NC(=O)N[C@H]1CC[C@H](CCN2CCN(c3cccc(Cl)c3Cl)CC2)CC1,839712-25-3
D1797,CN(C)c1ccc2nc3ccc(N(C)C)cc3[s+]c2c1,61-73-4
D1798,CN(C)c1ccc2c(c1)Sc1cc(N(C)C)ccc1N2,613-11-6 
D1799,CCC[C@@H]1CC(=O)N([C@@H](CC)C(N)=O)C1,357336-20-0
D1800,O=C(c1ccc(F)c(F)c1Nc1ccc(I)cc1F)N1CC(O)([C@@H]2CCCCN2)C1,934660-93-2
D1801,C[C@@H](OC[C@@]1(c2ccccc2)CC[C@]2(CCC(=O)N2)CN1)c1cc(C(F)(F)F)cc(C(F)(F)F)c1,552292-08-7
D1802,CC(C)COc1ccc(CNC(=O)N(Cc2ccc(F)cc2)C2CCN(C)CC2)cc1,706779-91-1
D1803,CC(C)COc1ccc(CNC(=O)N(Cc2ccc(F)cc2)C2CCNCC2)cc1,639863-77-7
D1804,CCCCCCCCCCCC(=O)OCN1C(=O)CCc2ccc(OCCCCN3CCN(c4cccc(Cl)c4Cl)CC3)cc21,1259305-29-7 
D1805,CC(C)OC(=O)[C@H](C)N[P@](=O)(CO[C@H](C)Cn1cnc2c(N)ncnc21)Oc1ccccc1,379270-37-8
D1806,CC(C)N(CCCCOCC(=O)NS(C)(=O)=O)c1cnc(-c2ccccc2)c(-c2ccccc2)n1,475086-01-2
D1807,CC(C)N(CCCCOCC(N)=O)c1cnc(-c2ccccc2)c(-c2ccccc2)n1,475086-28-3
D1808,COc1cc2c(cc1O)CCN[C@]21CS[C@H]2c3c(OC(C)=O)c(C)c4c(c3[C@@H](COC1=O)N1[C@@H]2[C@H]2c3c(cc(C)c(OC)c3O)C[C@@H]([C@@H]1O)N2C)OCO4,114899-77-3
D1809,[H]/N=C1\CCCN1Cc1[nH]c(=O)[nH]c(=O)c1Cl,183204-74-2
D1810,O=C([O-])CSc1nnc(Br)n1-c1ccc(C2CC2)c2ccccc12,878672-00-5
D1811,CC[C@H]1[C@@H](O)[C@@H]2[C@H](CC[C@]3(C)[C@@H]([C@H](C)CCC(=O)[O-])CC[C@@H]23)[C@@]2(C)CC[C@@H](O)C[C@@H]12,459789-99-2
D1812,C=CC(=O)Nc1cc(Nc2nccc(-c3cn(C)c4ccccc34)n2)c(OC)cc1N(C)CCN(C)C,1421373-65-0 
D1813,CC(=O)OC[C@H]1O[C@@H](n2ccc(=O)[nH]c2=O)[C@H](OC(C)=O)[C@@H]1OC(C)=O,4105-38-8
D1814,O=c1ccn([C@@H]2O[C@H](CO)[C@@H](O)[C@H]2O)c(=O)[nH]1,58-96-8
D1815,COC(=O)N[C@H](C(=O)N1CCC[C@H]1c1nc(-c2ccc3c(c2)O[C@@H](c2ccccc2)n2c-3cc3cc(-c4c[nH]c([C@@H]5CCCN5C(=O)[C@@H](NC(=O)OC)C(C)C)n4)ccc32)c[nH]1)C(C)C,1370468-36-2 
D1816,C=C[C@@H]1C[C@]1(NC(=O)[C@@H]1C[C@@H]2CN1C(=O)[C@H](C(C)(C)C)NC(=O)O[C@@H]1C[C@H]1CCCCCc1nc3ccc(OC)cc3nc1O2)C(=O)NS(=O)(=O)C1CC1,1350514-68-9 
D1817,CN[C@@H](C)[C@H](O)c1ccccc1,299-42-3 
D1818,COC[C@H]1C[C@@H](c2ncc(-c3ccc4c(c3)COc3cc5c(ccc6nc([C@@H]7CC[C@H](C)N7C(=O)[C@@H](NC(=O)OC)C(C)C)[nH]c65)cc3-4)[nH]2)N(C(=O)[C@H](NC(=O)OC)c2ccccc2)C1,1377049-84-7 
D1819,CCc1cc2c(cc1N1CCC(N3CCOCC3)CC1)C(C)(C)c1[nH]c3cc(C#N)ccc3c1C2=O,1256580-46-7 
D1820,CC(C)C[C@H](NC(=O)CNC(=O)c1cc(Cl)ccc1Cl)B(O)O,1072833-77-2 
D1821,CC(C)C[C@H](NC(=O)CNC(=O)c1cc(Cl)ccc1Cl)B1OC(=O)C(CC(=O)[O-])(CC(=O)[O-])O1,1239908-20-3 
D1822,CC1(C)CCC(CN2CCN(c3ccc(C(=O)NS(=O)(=O)c4ccc(NCC5CCOCC5)c([N+](=O)[O-])c4)c(Oc4cnc5[nH]ccc5c4)c3)CC2)=C(c2ccc(Cl)cc2)C1,1257044-40-8 
D1823,N#Cc1ccc(Oc2ccc3c(c2)COB3O)cc1,906673-24-3
D1824,CS(=O)(=O)c1cccc(C[C@H](NC(=O)c2c(Cl)cc3c(c2Cl)CCN(C(=O)c2ccc4ccoc4c2)C3)C(=O)[O-])c1,1025967-78-5 
D1825,C[C@]12CC[C@H](O)CC1=CC[C@@H]1[C@@H]2CC[C@]2(C)C(=O)CC[C@@H]12,53-43-0
D1826,CNCc1ccc(-c2[nH]c3cc(F)cc4c3c2CCNC4=O)cc1,283173-50-2
D1827,C[C@H](NCc1ccc(OCc2cccc(F)c2)cc1)C(N)=O,133865-89-1
D1828,CO[C@@H]1[C@H](N(C)C(=O)c2ccccc2)C[C@H]2O[C@]1(C)n1c3ccccc3c3c4c(c5c6ccccc6n2c5c31)C(=O)NC4,120685-11-2
D1829,CN(C(=O)c1ccccc1)[C@@H]1C[C@H]2O[C@@](C)([C@@H]1O)n1c3ccccc3c3c4c(c5c6ccccc6n2c5c31)C(=O)NC4,740816-86-8
D1830,CO[C@@H]1[C@H](N(C)C(=O)c2ccccc2)C[C@H]2O[C@]1(C)n1c3ccccc3c3c4c(c5c6ccccc6n2c5c31)C(=O)N[C@H]4O,179237-49-1
D1831,CCOc1cc2ncc(C#N)c(Nc3ccc(OCc4ccccn4)c(Cl)c3)c2cc1NC(=O)/C=C/CN(C)C,698387-09-6
D1832,[H]/N=C(/c1ccc(C(=O)Nc2ccc(OC)cc2C(=O)Nc2ccc(Cl)cn2)cc1)N(C)C,330942-05-7
D1833,CC(=O)N[C@H](CSSC[C@H](N)C(=O)[O-])C(=O)N[C@H](C)C(=O)N[C@H](CCCNC(N)=[NH2+])C(=O)N[C@H](CCCNC(N)=[NH2+])C(=O)N[C@H](CCCNC(N)=[NH2+])C(=O)N[C@H](C)C(=O)N[C@H](CCCNC(N)=[NH2+])C(N)=O,1262780-97-1 
D1834,NC(=O)c1cccc2cn(-c3ccc([C@@H]4CCCNC4)cc3)nc12,1038915-60-4 
D1835,NC(=O)CC[C@H](N)C(=O)[O-],56-85-9
D1836,Nc1nc(-n2cc(C(=O)[O-])c(=O)c3cc(F)c(N4CC(O)C4)c(Cl)c32)c(F)cc1F,189279-58-1
D1837,CC(C)(O)CNc1nc(Nc2ccnc(C(F)(F)F)c2)nc(-c2cccc(C(F)(F)F)n2)n1,1446502-11-9 
D1838,CC(=O)OCC(=O)[C@@]12N=C(C)O[C@@H]1C[C@H]1[C@@H]3CCC4=CC(=O)C=C[C@]4(C)[C@H]3[C@@H](O)C[C@@]12C,14484-47-0 
D1839,CC1=N[C@]2(C(=O)CO)[C@@H](C[C@H]3[C@@H]4CCC5=CC(=O)C=C[C@]5(C)[C@H]4[C@@H](O)C[C@@]32C)O1,13649-57-5 
D1840,CC(C)C[C@H](NC(=O)[C@H]1CSSC[C@@H]2NC(=O)[C@@H](CC(C)C)NC(=O)[C@H](CCC(=O)[O-])NC(=O)[C@H](NC(=O)[C@H](CCC(=O)[O-])NC(=O)[C@H](CC(=O)[O-])NC(=O)[C@@H](N)CC(N)=O)CSSC[C@H](NC(=O)[C@H](C)NC(=O)[C@H](C(C)C)NC(=O)[C@H](CC(N)=O)NC(=O)[C@H](C(C)C)NC2=O)C(=O)N[C@@H]([C@@H](C)O)C(=O)NCC(=O)N1)C(=O)[O-],467426-54-6
D1841,COc1cc(N2CCC(N3CCN(C)CC3)CC2)ccc1Nc1ncc(Cl)c(Nc2ccccc2P(C)(C)=O)n1,1197953-54-0 
D1842,Cc1ccn(-c2cc(Cl)ccc2[C@@H](Oc2cc(-c3ccc(C[C@H](N)C(=O)[O-])cc3)nc(N)n2)C(F)(F)F)n1,1033805-28-5 
D1843,CCOC(=O)[C@@H](N)Cc1ccc(-c2cc(O[C@H](c3ccc(Cl)cc3-n3ccc(C)n3)C(F)(F)F)nc(N)n2)cc1,1033805-22-9 
D1844,CC(C)(NC(=O)C1=C(O)[C@@H]2Oc3c(O)ccc4c3[C@@]23CCN(CC2CC2)[C@H](C4)[C@]3(O)C1)c1nc(-c2ccccc2)no1,916072-89-4
D1845,CN(C)C(=O)c1cc2cnc(Nc3ccc(N4CCNCC4)cn3)nc2n1C1CCCC1,1211441-98-3 
D1846,CC1=NN(c2ccccc2)C(=O)C1,89-25-8
D1847,CC[C@@H]1[C@@H]2CN(C(=O)[C@H](C(C)(C)C)NC(=O)O[C@@H]3C[C@H]3CCCCC(F)(F)c3nc4ccc(OC)cc4nc3O2)[C@@H]1C(=O)N[C@]1(C(=O)NS(=O)(=O)C2(C)CC2)C[C@H]1C(F)F,1535212-07-7 
D1848,COc1cc2c(cc1OC)[C@H]1C[C@@H](OC(=O)[C@@H](N)C(C)C)[C@H](CC(C)C)CN1CC2,1025504-45-3 
D1849,COc1cc2c(cc1OC)[C@H]1C[C@@H](O)[C@H](CC(C)C)CN1CC2,3466-75-9
D1850,CC(C)(C)[C@@H]1NC(=O)O[C@@H]2CCC[C@H]2OC/C=C/C(F)(F)c2nc3ccccc3nc2O[C@@H]2C[C@@H](C(=O)N[C@]3(C(=O)NS(=O)(=O)C4(C)CC4)C[C@H]3C(F)F)N(C2)C1=O,1365970-03-1 
D1851,COC(=O)N[C@H](C(=O)N1CCC[C@H]1c1nc2cc([C@H]3CC[C@H](c4cc5nc([C@@H]6CCCN6C(=O)[C@@H](NC(=O)OC)[C@@H](C)OC)[nH]c5cc4F)N3c3cc(F)c(N4CCC(c5ccc(F)cc5)CC4)c(F)c3)c(F)cc2[nH]1)[C@@H](C)OC,1353900-92-1 
D1852,CO[C@@H]1[C@H](N(C)C(=O)c2ccccc2)C[C@H]2O[C@]1(C)n1c3ccccc3c3c4c(c5c6ccccc6n2c5c31)C(=O)N[C@@H]4O,179237-49-1
D1853,Nc1nc(=O)c2c([nH]1)NC[C@H](CNc1ccc(C(=O)N[C@@H](CCC(=O)[O-])C(=O)[O-])cc1)N2C=O,68538-85-2 
D1854,CCN(C(C)=O)[C@H]1CO[C@@H](O[C@H]2[C@H](O[C@H]3C#C/C=C\C#C[C@]4(O)CC(=O)C(NC(=O)[O-])=C3/C4=C\CCSSSC)O[C@H](C)[C@@H](NO[C@H]3C[C@H](O)[C@H](SC(=O)c4c(C)c(I)c(O[C@@H]5O[C@@H](C)[C@H](O)[C@@H](OC)[C@H]5O)c(OC)c4OC)[C@@H](C)O3)[C@@H]2O)C[C@@H]1OC,108212-76-6
D1855,COc1cc2cc(c1Cl)N(C)C(=O)C[C@H](OC(=O)[C@H](C)N(C)C(=O)CCS)[C@]1(C)O[C@H]1[C@H](C)[C@@H]1C[C@@](O)(NC(=O)O1)[C@H](OC)/C=C/C=C(\C)C2,139504-50-0
D1856,CC[C@H](C)[C@@H]([C@@H](CC(=O)N1CCC[C@H]1[C@H](OC)[C@@H](C)C(=O)N[C@H](C)[C@@H](O)c1ccccc1)OC)N(C)C(=O)[C@@H](NC(=O)[C@@H](NC)C(C)C)C(C)C,474645-27-7
D1857,CC(C)(N)C(=O)N[C@H](Cc1c[nH]c2ccccc12)C(=O)N[C@H](Cc1c[nH]c2ccccc12)NC=O,381231-18-1
D1858,O=C(CCC/C=C\C[C@@H]1[C@@H](CC[C@@H](O)CCc2ccccc2)[C@H](O)C[C@@H]1O)OCCCCO[N+](=O)[O-],860005-21-6
D1859,CCS(=O)(=O)N1CC(CC#N)(n2cc(-c3ncnc4[nH]ccc34)cn2)C1,1187594-09-7 
D1860,Cc1ccc(C(=O)OCc2ccc([C@@H](CN)C(=O)Nc3ccc4cnccc4c3)cc2)c(C)c1,1254032-66-0 
D1861,NC[C@@H](C(=O)Nc1ccc2cnccc2c1)c1ccc(CO)cc1,1254032-16-0 
D1862,COc1ccc2c3c1O[C@H]1C(OC(=O)c4ccccc4)=CC[C@H]4[C@@H](C2)N(C)CC[C@]314,1259440-61-3 
D1863,CCN1CCN(Cc2ccc(Nc3ncc(F)c(-c4cc(F)c5nc(C)n(C(C)C)c5c4)n3)nc2)CC1,1231929-97-7 
D1864,CNc1ncc(-c2ccc3c(=O)c(C(=O)[O-])cn(C4CC4)c3c2C)cc1C,245765-41-7
D1865,C[C@H](Oc1c(Cl)cccc1Cl)C1=NCCN1,31036-80-3 
D1866,C[C@@H](Oc1c(Cl)cccc1Cl)C1=NCCN1,31036-80-3 
D1867,COc1cc(Nc2ncc(F)c(Nc3ccc4c(n3)N(COP(=O)([O-])[O-])C(=O)C(C)(C)O4)n2)cc(OC)c1OC,901119-35-5
D1868,COc1cc(Nc2ncc(F)c(Nc3ccc4c(n3)NC(=O)C(C)(C)O4)n2)cc(OC)c1OC,841290-80-0
D1869,CC[C@H](C)[C@H](NC(=O)[C@H](Cc1ccc(O)cc1)NC(=O)[C@@H](NC(=O)[C@H](CCCNC(N)=[NH2+])NC(=O)[C@@H](N)CC(=O)[O-])C(C)C)C(=O)N[C@@H](Cc1cnc[nH]1)C(=O)N1CCC[C@H]1C(=O)N[C@@H](Cc1ccccc1)C(=O)[O-],4474-91-3
D1870,[n:1]1([CH2:7][C@H:8]([CH3:9])[OH:10])[c:2]([CH3:6])[n:3][cH:4][c:5]1[N+:11]([O-:12])=[O:13],3366-95-8
D1871,[n:1]1([CH2:7][C@@H:8]([CH3:9])[OH:10])[c:2]([CH3:6])[n:3][cH:4][c:5]1[N+:11](=[O:12])[O-:13],3366-95-8
D1872,[n:1]1([CH2:6][C:7]([NH:8][CH2:13][c:14]2[cH:15][cH:16][cH:17][cH:18][cH:19]2)=[O:12])[cH:2][cH:3][n:4][c:5]1[N+:9](=[O:10])[O-:11],22994-85-0 
D1873,O=C([O-])C[C@@H]1CC[C@H](NC(=O)Cc2cccs2)B(O)O1,1360457-46-0 
D1874,CCOc1ccc(Cc2cc([C@]34OC[C@](CO)(O3)[C@@H](O)[C@H](O)[C@H]4O)ccc2Cl)cc1,1210344-57-2 
D1875,COc1c(OCCCN2CCOCC2)ccc2c1N=C(NC(=O)c1cnc(N)nc1)N1CCN=C21,1032568-63-0 
D1876,COc1cccc(N2CCN(C3=Nc4c(F)cccc4[C@H](CC(=O)[O-])N3c3cc(C(F)(F)F)ccc3OC)CC2)c1,917389-32-3
D1877,COC(=O)[C@H]1[C@@H](OC(=O)c2ccccc2)C[C@@H]2CC[C@H]1N2C,50-36-2
D1878,O=C(Nc1nc(-c2cc(Cl)cs2)c(N2CCN(C3CCCCC3)CC2)s1)c1cnc(N2CCC(C(=O)[O-])CC2)c(Cl)c1,570406-98-3
D1879,O=C(NCc1c(F)cc(F)cc1F)c1cn2c(c(O)c1=O)C(=O)N1[C@H]3CC[C@H](C3)O[C@@H]1C2,1611493-60-7 
D1880,CC#CC(=O)N1CCC[C@H]1c1nc(-c2ccc(C(=O)Nc3ccccn3)cc2)c2c(N)nccn12,1420477-60-6 
D1881,CC(C)(CO)c1cc2cc(NC(=O)C3(c4ccc5c(c4)OC(F)(F)O5)CC3)c(F)cc2n1C[C@@H](O)CO,1152311-62-0 
D1882,Cc1ccccc1-c1cc(N2CC[N+](C)(COP(=O)([O-])[O-])CC2)ncc1N(C)C(=O)C(C)(C)c1cc(C(F)(F)F)cc(C(F)(F)F)c1,1703748-89-3 
D1883,CNC(=O)c1ccc(N2C(=S)N(c3cnc(C#N)c(C(F)(F)F)c3)C(=O)C23CCC3)cc1F,956104-40-8
D1884,N#Cc1ncc(N2C(=O)C3(CCC3)N(c3ccc(C(N)=O)c(F)c3)C2=S)cc1C(F)(F)F,1332391-11-3 
D1885,CC(C)(C)[C@@H](O)/C=C/c1ccc2c(c1)OCO2,137767-55-6
D1886,CC(C)(C)[C@H](O)/C=C/c1ccc2c(c1)OCO2,137767-55-6
D1887,Nc1ccncc1N,54-96-6
D1888,OC[C@H]1NC[C@H](O)[C@@H](O)[C@H]1O,108147-54-2
D1889,O=C(NN1C(=O)[C@@H]2[C@@H]3C=C[C@@H]([C@H]4C[C@@H]34)[C@@H]2C1=O)c1ccc(C(F)(F)F)cc1,869572-92-9
D1890,CSc1nc2cc(Cl)c(Oc3cccc(Cl)c3Cl)cc2[nH]1,68786-66-3 
D1891,C[S@@](=O)c1nc2cc(Cl)c(Oc3cccc(Cl)c3Cl)cc2[nH]1,100648-13-3
D1892,CS(=O)(=O)c1nc2cc(Cl)c(Oc3cccc(Cl)c3Cl)cc2[nH]1,106791-37-1
D1893,CON(C)Cc1ccc(O)c2c1C[C@H]1C[C@H]3[C@H](N(C)C)C(O)=C(C(N)=O)C(=O)[C@@]3(O)C(O)=C1C2=O,1035654-66-0 
D1894,C=C1C[C@H]2[C@@H]3CCC4=CC(=O)CC[C@@H]4[C@H]3CC[C@]2(C)[C@@]1(OC(C)=O)C(C)=O,7759-35-5
D1895,CN(C)c1cc(CNCC(C)(C)C)c(O)c2c1C[C@H]1C[C@H]3[C@H](N(C)C)C(O)=C(C(N)=O)C(=O)[C@@]3(O)C(O)=C1C2=O,389139-89-3
D1896,CCc1cc(/C(C)=N/OCc2ccc(C3CCCCC3)c(C(F)(F)F)c2)ccc1CN1CC(C(=O)[O-])C1,1230487-00-9 
D1897,COCCCN1CCC(NC(=O)c2cc(Cl)c(N)c3c2OCC3)CC1,179474-81-8
D1898,CN[C@@H]1[C@@H](O)[C@@H](O[C@@H]2[C@@H](O)[C@H](O[C@H]3OC(CNCCO)=CC[C@H]3N)[C@@H](N)C[C@H]2NC(=O)[C@@H](O)CCN)OC[C@]1(C)O,1154757-24-0 
D1899,C[N+]1(C)CC[C@@H](OC(=O)[C@](O)(c2ccccc2)C2CCCC2)C1,596-51-0 
D1900,C[N+]1(C)CC[C@H](OC(=O)[C@@](O)(c2ccccc2)C2CCCC2)C1,596-51-0 
D1901,C[N+]1(C)CC[C@H](OC(=O)[C@](O)(c2ccccc2)C2CCCC2)C1,596-51-0 
D1902,C=C(C)[C@@H]1CCC(C)=C[C@H]1c1c(O)cc(CCCCC)cc1O,13956-29-1 
D1903,C=C(C)[C@@H]1CCC(CO)=C[C@H]1c1c(O)cc(CCCCC)cc1O,50725-17-2 
D1904,COc1cccc(-c2c(C)n(Cc3c(F)cccc3C(F)(F)F)c(=O)n(C[C@H](NCCCC(=O)[O-])c3ccccc3)c2=O)c1F,834153-87-6
D1905,COC(=O)N[C@@H](C)CNc1nccc(-c2cn(C(C)C)nc2-c2cc(Cl)cc(NS(C)(=O)=O)c2F)n1,1269440-17-6 
D1906,Cn1cnc2c(F)c(Nc3ccc(Br)cc3F)c(C(=O)NOCCO)cc21,606143-89-9
D1907,COc1cc(C)c2c(Oc3cccc(C(F)(F)F)c3)c(OC)cc(N[C@H](C)CCCN)c2n1,106635-80-7
D1908,COc1cc(C)c2c(Oc3cccc(C(F)(F)F)c3)c(OC)cc(N[C@@H](C)CCCN)c2n1,106635-80-7
D1909,CN(CCN1CCC(OC(=O)Nc2ccccc2-c2ccccc2)CC1)C(=O)c1ccc(CN2CCC(C(N)=O)CC2)cc1,864750-70-9
D1910,CN(CCN1CCC(OC(=O)Nc2ccccc2-c2ccccc2)CC1)C(=O)c1ccc(CN2CCC(C(=O)[O-])CC2)cc1,909800-36-8
D1911,CN1CC[C@@H](NC(=O)Nc2ccc(C#N)cc2)C[C@@H]1c1nc2ccccc2[nH]1,1095173-27-5 
D1912,Cn1c(Cn2ccc(C(F)(F)F)c(Oc3cc(Cl)cc(C#N)c3)c2=O)n[nH]c1=O,1338225-97-0 
D1913,COC(=O)OCOc1c2n(ccc1=O)N([C@@H]1c3ccccc3SCc3c1ccc(F)c3F)[C@@H]1COCCN1C2=O,1985606-14-1 
D1914,O=C1c2c(O)c(=O)ccn2N([C@@H]2c3ccccc3SCc3c2ccc(F)c3F)[C@@H]2COCCN12,1985605-59-1 
D1915,O=C(Nc1cnn2ccc(N3CCC[C@@H]3c3cc(F)ccc3F)nc12)N1CC[C@H](O)C1,1223403-58-4 
D1916,CO/N=C1\C[C@]2(C[C@@H]3C[C@@H](C/C=C(\C)C[C@@H](C)/C=C/C=C4\CO[C@@H]5[C@H](O)C(C)=C[C@@H](C(=O)O3)[C@]45O)O2)O[C@H](/C(C)=C/C(C)C)[C@H]1C,113507-06-5
D1917,C[C@H]1Oc2cc(cnc2N)-c2c(nn(C)c2C#N)CN(C)C(=O)c2ccc(F)cc21,1454846-35-5 
D1918,CO[C@H]1/C=C/O[C@@]2(C)Oc3c(C)c(O)c4c(O)c(cc(O)c4c3C2=O)NC(=O)/C(C)=C\C=C\[C@H](C)[C@H](O)[C@@H](C)[C@@H](O)[C@@H](C)[C@H](OC(C)=O)[C@@H]1C,6998-60-3
D1919,CCCCCCO[C@@H](C)c1cccc(-c2csc(NC(=O)c3cc(Cl)c(/C=C(\C)C(=O)[O-])c(Cl)c3)n2)c1OC,1110766-97-6 
D1920,CN(C)[C@@H]1C(O)=C(C(N)=O)C(=O)[C@@]2(O)C(O)=C3C(=O)c4c(O)c(NC(=O)CN5CCCC5)cc(F)c4C[C@H]3C[C@@H]12,1207283-85-9 
D1921,C[C@H](Nc1ncnc2nc[nH]c12)c1cc2cccc(Cl)c2c(=O)n1-c1ccccc1,1201438-56-3 
D1922,N#Cc1ccnc(N2C(=O)CC[C@H]2C(=O)N(c2cncc(F)c2)[C@H](C(=O)NC2CC(F)(F)C2)c2ccccc2Cl)c1,1448347-49-6 
D1923,NC(=O)OC[C@H](N)Cc1ccccc1,178429-62-4
D1924,COc1cc2ncnc(Nc3ccc(F)c(Cl)c3)c2cc1NC(=O)/C=C/CN1CCCCC1,1110813-31-4 
D1925,CCc1nc(C(N)=O)c(Nc2ccc(N3CCC(N4CCN(C)CC4)CC3)c(OC)c2)nc1NC1CCOCC1,1254053-43-4 
D1926,CC(=O)[C@H]1CC[C@H]2[C@@H]3CC[C@H]4C[C@H](O)CC[C@]4(C)[C@H]3CC[C@]12C,516-54-1 
D1927,Cn1ncnc1[C@H]1c2n[nH]c(=O)c3cc(F)cc(c23)N[C@@H]1c1ccc(F)cc1,1207456-01-6 
D1928,O=C([O-])c1ccc2nc(-c3cc(Cl)cc(Cl)c3)oc2c1,594839-88-0
D1929,COc1cc(OC)cc(N(CCNC(C)C)c2ccc3ncc(-c4cnn(C)c4)nc3c2)c1,1346242-81-6 
D1930,Cc1nc(NC(=O)N2CCC[C@H]2C(N)=O)sc1-c1ccnc(C(C)(C)C(F)(F)F)c1,1217486-61-7 
D1931,CCn1c(=O)c2c(nc(/C=C/c3ccc(OC)c(OC)c3)n2C)n(CC)c1=O,155270-99-8
D1932,CC(C)(O/N=C(\C(=O)N[C@@H]1C(=O)N2C(C(=O)[O-])=C(C[N+]3(CCNC(=O)c4ccc(O)c(O)c4Cl)CCCC3)CS[C@H]12)c1csc(N)n1)C(=O)[O-],1225208-94-5 
D1933,CN1CCN2c3c(cccc31)[C@@H]1CN(CCCC(=O)c3ccc(F)cc3)CC[C@@H]12,313368-91-1
D1934,CCN1CCC[C@@H]1CNC(=O)c1cc(S(=O)(=O)CC)c(N)cc1OC,71675-85-9 
D1935,CCN1CCC[C@H]1CNC(=O)c1cc(S(=O)(=O)CC)c(N)cc1OC,71675-85-9 
D1936,CC(C)Oc1ccc(-c2nc(-c3cccc4c3CC[C@@H]4NCCO)no2)cc1C#N,1306760-87-1 
D1937,CC(C)Oc1ccc(-c2nc(-c3cccc4c3CCC4=O)no2)cc1C#N,2251699-84-8 
D1938,CC(C)Oc1ccc(-c2nc(-c3cccc4c3CC[C@H]4O)no2)cc1C#N,1306760-61-1 
D1939,CC(C)Oc1ccc(-c2nc(-c3cccc4c3CC[C@@H]4O)no2)cc1C#N,1306760-60-0 
D1940,CCCC[C@H](NC(C)=O)C(=O)N[C@H]1CC(=O)NCCCC[C@H](C(=O)[O-])NC(=O)[C@H](Cc2c[nH]c3ccccc23)NC(=O)[C@H](CCCNC(N)=[NH2+])NC(=O)[C@H](Cc2ccccc2)NC(=O)[C@H](Cc2cnc[nH]2)NC1=O,189691-06-3
D1941,CCCC[C@H](NC(=O)[C@H](CO)NC(=O)[C@H](Cc1ccc(O)cc1)NC(=O)[C@H](CO)NC(C)=O)C(=O)N[C@@H](CCC(=O)[O-])C(=O)N[C@@H](Cc1cnc[nH]1)C(=O)N[C@H](Cc1ccccc1)C(=O)N[C@@H](CCCNC(N)=[NH2+])C(=O)N[C@@H](Cc1c[nH]c2ccccc12)C(=O)NCC(=O)N[C@@H](CCCCN)C(=O)N1CCC[C@H]1C(=O)N[C@H](C(N)=O)C(C)C,75921-69-6 
D1942,Clc1ccc(CCCOCCCN2CCCCC2)cc1,362665-56-3
D1943,CN1CCC(C(=O)c2cccc(NC(=O)c3c(F)cc(F)cc3F)n2)CC1,439239-90-4
D1944,CC(C)(C)c1cc(-c2cc(-c3ccc(C(=O)[O-])cc3)ccc2OCCO)ccc1N1CCCC1,895542-09-3
D1945,CC(C)(CCCCCC(O)CCCCCC(C)(C)C(=O)[O-])C(=O)[O-],738606-46-7
D1946,C=C[C@]1(C)C[C@@H](OC(=O)CS[C@@H]2CC[C@@H](N)C[C@H]2O)[C@]2(C)[C@H](C)CC[C@]3(CCC(=O)[C@H]32)[C@@H](C)[C@@H]1O,1061337-51-6 
D1947,CC[C@@H]1CN(C(=O)NCC(F)(F)F)C[C@@H]1c1cnc2cnc3[nH]ccc3n12,1310726-60-3 
D1948,CCN(c1cc(-c2ccc(CN3CCOCC3)cc2)cc(C(=O)NCc2c(C)cc(C)[nH]c2=O)c1C)C1CCOCC1,1403254-99-8 
D1949,C[C@@H]1[C@H](c2ccccc2)C[C@H](NC(=O)c2cnc3c(c2)C[C@@]2(C3)C(=O)Nc3ncccc32)C(=O)N1CC(F)(F)F,1374248-77-7 
D1950,CN1Cc2c(Cl)cc(Cl)cc2[C@H](c2cccc(S(=O)(=O)NCCOCCOCCNC(=O)NCCCCNC(=O)NCCOCCOCCNS(=O)(=O)c3cccc([C@@H]4CN(C)Cc5c(Cl)cc(Cl)cc54)c3)c2)C1,1234423-95-0 
D1951,FC(F)(F)c1ccc(CNc2ccc(Cc3c[nH]c4ncc(Cl)cc34)cn2)cn1,1029044-16-3 
D1952,COC(=O)/C=C/C(=O)OCCN1C(=O)CCC1=O,1577222-14-0 
D1953,Cc1ncc(OC[C@@]2(c3cccc(F)c3)C[C@H]2C(=O)Nc2ccc(F)cn2)c(C)n1,1369764-02-2 
D1954,C[C@@H](Cn1ccc(-c2ccc(C#N)c(Cl)c2)n1)NC(=O)c1cc([C@@H](C)O)[nH]n1,1297538-32-9 
D1955,C[C@H](O)c1cc(C(=O)N[C@@H](C)Cn2ccc(-c3ccc(C#N)c(Cl)c3)n2)n[nH]1,1297538-32-9 
D1956,CC(=O)c1cc(C(=O)N[C@@H](C)Cn2ccc(-c3ccc(C#N)c(Cl)c3)n2)n[nH]1,1297537-33-7 
D1957,CCN[C@H](C)Cc1cccc(C(F)(F)F)c1,458-24-2 
D1958,CCN[C@@H](C)Cc1cccc(C(F)(F)F)c1,458-24-2 
D1959,C[C@H](N)Cc1cccc(C(F)(F)F)c1,1886-26-6
D1960,C[C@@H](N)Cc1cccc(C(F)(F)F)c1,1886-26-6
D1961,Fc1ccc(-c2ccc3c(c2)[nH]c2ccncc23)cn1,1522051-90-6 
D1962,Cc1nn(C)cc1S(=O)(=O)NC(=O)c1ccc(-n2ccc(OCC(C)(C)C(F)(F)F)n2)nc1N1C[C@@H](C)CC1(C)C,2216712-66-0 
D1963,COC(=O)CC[C@@H]1N=C(c2ccccn2)c2cc(Br)ccc2-n2c(C)cnc21,308242-62-8
D1964,O=C(/C=C\n1cnc(-c2cc(C(F)(F)F)cc(C(F)(F)F)c2)n1)NNc1cnccn1,1393477-72-9 
D1965,Cc1cnc(Nc2ccc(OCCN3CCCC3)cc2)nc1Nc1cccc(S(=O)(=O)NC(C)(C)C)c1,936091-26-8
D1966,[c:1]1(-[c:10]2[o:11][n:12][c:13](-[c:17]3[c:18]([Cl:27])[n+:19]([O-:26])[c:20]([CH3:25])[c:21]([Cl:24])[c:22]3[CH3:23])[n:14]2)[cH:2][c:3]([OH:7])[c:4]([OH:8])[c:5]([N+:9](=[O:15])[O-:16])[cH:6]1,923287-50-7
D1967,O=C1N[C@H](O)CCN1[C@@H]1O[C@H](CO)[C@@H](O)C1(F)F,1141397-80-9 
D1968,Cn1cc(-c2cc3c(N4CCN(c5ncc([C@@](C)(N)c6ccc(F)cc6)cn5)CC4)ncnn3c2)cn1,1703793-34-3 
D1969,CN1CCN(c2ccc(C(=O)Nc3n[nH]c4ccc(Cc5cc(F)cc(F)c5)cc34)c(NC3CCOCC3)c2)CC1,1108743-60-7 
D1970,O=C(Nc1n[nH]c2ccc(Cc3cc(F)cc(F)c3)cc12)c1ccc(N2CCNCC2)cc1NC1CCOCC1,1108743-80-1 
D1971,N[C@@H]1c2cccnc2[C@H](OC(=O)N2CCC(n3c(=O)[nH]c4ncccc43)CC2)CC[C@H]1c1cccc(F)c1F,1289023-67-1 
D1972,N#Cc1ccc([C@H]2CCc3cncn32)c(F)c1,928134-65-0
D1973,O=C(NC1CCNCC1)[C@@H]1CC[C@@H]2CN1C(=O)N2OS(=O)(=O)O,1174018-99-5 
D1974,NC(=O)O[C@@H](Cn1ncnn1)c1ccccc1Cl,913088-80-9
D1975,O=[N+]([O-])c1cn2c(n1)OC[C@@H](OCc1ccc(OC(F)(F)F)cc1)C2,187235-37-6
D1976,COc1cnc(-n2cnc(C)n2)c2c1c(C(=O)C(=O)N1CCN(C(=O)c3ccccc3)CC1)cn2COP(=O)([O-])[O-],864953-29-7
D1977,COc1cnc(-n2cnc(C)n2)c2[nH]cc(C(=O)C(=O)N3CCN(C(=O)c4ccccc4)CC3)c12,701213-36-7
D1978,C[C@H]1[C@H](OC(=O)CCC(=O)[O-])O[C@@H]2O[C@@]3(C)CC[C@H]4[C@H](C)CC[C@@H]1[C@@]24OO3,88495-63-0 
D1979,CC(C)n1nccc1-c1ncccc1COc1cccc(O)c1C=O,1446321-46-5 
D1980,C=CC(=O)N1CCC([C@@H]2CCNc3c(C(N)=O)c(-c4ccc(Oc5ccccc5)cc4)nn32)CC1,1691249-45-2 
D1981,COc1ccc(CN2[C@@H]3C[C@H]2CN(c2ccc(-c4cc(OCC(C)(C)O)cn5ncc(C#N)c45)cn2)C3)cn1,2152628-33-4 
D1982,Cc1cc(Nc2ncnc3ccc(NC4=NC(C)(C)CO4)cc23)ccc1Oc1ccn2ncnc2c1,937263-43-9
D1983,CNC(=O)c1ccc(-c2cnc3ncc(Cc4ccc5ncccc5c4)n3n2)cc1F,1029712-80-8 
D1984,CCCCCCC(=O)OCC(COC(=O)CCCCCC)OC(=O)CCCCCC,620-67-7 
D1985,CCCCCCC(=O)[O-],7563-37-3
D1986,COc1ccc2[nH]c3c(c2c1)CCN[C@]31CS[C@@H]2c3c(OC(C)=O)c(C)c4c(c3[C@H](COC1=O)N1[C@@H]2[C@H]2c3c(cc(C)c(OC)c3O)C[C@@H]([C@@H]1O)N2C)OCO4,497871-47-3
D1987,CCN1C(=O)N(c2c(F)c(OC)cc(OC)c2F)Cc2cnc3[nH]c(CN4CCOCC4)cc3c21,1513857-77-6 
D1988,Cn1cnc2c(F)c(Nc3ccc(Br)cc3Cl)c(C(=O)NOCCO)cc21,606143-52-6
D1989,O=C(NOCCO)c1cc2[nH]cnc2c(F)c1Nc1ccc(Br)cc1Cl,606143-88-8
D1990,CCn1c(=O)c(-c2cc(NC(=O)Nc3ccccc3)c(F)cc2Br)cc2cnc(NC)cc21,1442472-39-0 
D1991,CCn1c(=O)c(-c2cc(NC(=O)Nc3ccccc3)c(F)cc2Br)cc2cnc(N)cc21,1442473-09-7 
D1992,CCc1c2c(nc3ccc(O)cc13)-c1cc3c(c(=O)n1C2)COC(=O)[C@]3(O)CC,86639-52-3 
D1993,CC[C@@]1(O)C(=O)OCc2c1cc1n(c2=O)Cc2c-1nc1cc(F)c(C)c3c1c2[C@@H](N)CC3,171335-80-1
D1994,COc1ccsc1CNCC[C@@]1(c2ccccn2)CCOC2(CCCC2)C1,1401028-24-7 
D1995,CCOc1ccccc1OC[C@H]1CNCCO1,46817-91-8 
D1996,CCOc1ccccc1OC[C@@H]1CNCCO1,46817-91-8 
D1997,C[C@H]1CO[C@@H]2Cn3cc(C(=O)NCc4ccc(F)cc4F)c(=O)c(O)c3C(=O)N12,1051375-10-0 
D1998,COc1cc2nccc(Oc3ccc(NC(=O)Nc4cc(C)on4)c(Cl)c3)c2cc1OC,475108-18-0
D1999,COC(=O)[C@H](c1ccccc1)[C@H]1CCCCN1C(=O)OC[n+]1cccc(C(=O)N[C@@H](CO)C(=O)[O-])c1,1996626-29-9 
D2000,O=C(Nc1ccc(C[C@@H]2CC[C@H]([C@H](O)c3ccccc3)N2)cc1)[C@@H]1CCc2nccc(=O)n21,1190389-15-1 
D2001,CC(C)Oc1ccc(-c2nn([C@@H](C)c3oc4ccc(F)cc4c(=O)c3-c3cccc(F)c3)c3ncnc(N)c23)cc1F,1532533-67-7 
D2002,O=C(Cc1ccc(-c2ccc(OCCN3CCOCC3)cc2)cn1)NCc1ccccc1,897016-82-9
D2003,NC(=O)c1ccc2c(c1O)[C@]13CCN(CC4CC4)[C@H](C2)[C@]1(O)CCC(=O)C3,852626-89-2
D2004,CCC(=O)O[C@]1(C(=O)CO)CC[C@H]2[C@@H]3CCC4=CC(=O)CC[C@]4(C)[C@H]3CC[C@@]21C,19608-29-8 
D2005,C[C@H]1CS(=O)(=O)CCN1/N=C/c1ccc([N+](=O)[O-])o1,23256-30-6 
D2006,C[C@@H]1CS(=O)(=O)CCN1/N=C/c1ccc([N+](=O)[O-])o1,23256-30-6 
D2007,CCC/N=C1\S/C(=C/c2ccc(OC[C@H](O)CO)c(Cl)c2)C(=O)N1c1ccccc1C,854107-55-4
D2008,Cc1cn2nc(-c3cc(=O)n4cc(N5CCNC6(CC6)C5)ccc4n3)cc(C)c2n1,1825352-65-5 
D2009,C=C/C=C/C[C@@H](C)[C@@H](O)[C@H]1C(=O)N[C@@H](CC)C(=O)N(C)CC(=O)N(C)[C@@H](CC(C)C)C(=O)N[C@@H](C(C)C)C(=O)N(C)[C@@H](CC(C)C)C(=O)N[C@@H](C)C(=O)N[C@H](C)C(=O)N(C)[C@@H](CC(C)C)C(=O)N(C)[C@@H](CC(C)C)C(=O)N(C)[C@@H](C(C)C)C(=O)N1C,515814-01-4
D2010,CO[C@]1(C(=O)N[C@@H](C)c2ccc(-n3cc(F)cn3)nc2)CC[C@H](c2nc(C)cc(Nc3cc(C)[nH]n3)n2)CC1,2097132-94-8 
D2011,CC(=O)N[C@@H](CCCNC(N)=[NH2+])C(=O)N[C@H]1CSSC[C@@H](C(N)=O)NC(=O)[C@H](Cc2c[nH]c3ccccc23)NC(=O)[C@H](CCCNC(N)=[NH2+])NC(=O)[C@@H](Cc2ccccc2)NC(=O)[C@H](Cc2cnc[nH]2)NC(=O)[C@@H](C)NC1=O,920014-72-8
D2012,NC(=O)N1CCC(CC(=O)N2CCC([C@H]3c4ncc(Br)cc4CCc4cc(Cl)cc(Br)c43)CC2)CC1,193275-84-2
D2013,Nc1nc(=O)c2c([nH]1)N[C@@H]1O[C@@H]3CO[P@](=O)([O-])O[C@@H]3C(O)(O)[C@@H]1N2,150829-29-1
D2014,N#Cc1cccc([C@@H](NCC2CC2)c2ccc(F)c(NC(=O)c3cc(C(F)(F)F)nn3-c3cccc(CN)c3)c2)c1,1809010-50-1 
D2015,CN1CCC(COc2cnc(-c3cccc(Cn4nc(-c5cccc(C#N)c5)ccc4=O)c3)nc2)CC1,1100598-32-0 
D2016,C[C@]12CC[C@@H]3c4ccc(O)cc4CC[C@H]3[C@@H]1[C@@H](O)[C@@H](O)[C@@H]2O,15183-37-6 
D2017,CN1CCN(c2ccc(Nc3ncc4cc5n(c4n3)C3(CCCCC3)CNC5=O)nc2)CC1,1374743-00-6 
D2018,COC(=O)Nc1c(N)nc(-c2nn(Cc3ccccc3F)c3ncc(F)cc23)nc1N,1350653-20-1 
D2019,CCOC(=O)[C@H](Cc1ccc(F)cc1)NC(=O)[C@@H](N)Cc1ccc(N(CCCl)CCCl)cc1,380449-51-4
D2020,CCCCCCCCCCCCCCCCOCCCO[P@@](=O)([O-])CO[C@H](CO)Cn1ccc(N)nc1=O,444805-28-1
D2021,CONC(=O)Nc1ccc(-c2sc3c(c2CN(C)C)c(=O)n(-c2ccc(OC)nn2)c(=O)n3Cc2c(F)cccc2F)cc1,737789-87-6
D2022,CCN1CCN(c2ccc(Nc3cc(N(C)C(=O)Nc4c(Cl)c(OC)cc(OC)c4Cl)ncn3)cc2)CC1,872511-34-7
D2023,C=CC(=O)N1CCN(c2nc(=O)n(-c3c(C)ccnc3C(C)C)c3nc(-c4c(O)cccc4F)c(F)cc23)[C@@H](C)C1,2296729-00-3 
D2024,CCC(CC)COC(=O)[C@H](C)N[P@](=O)(OC[C@H]1O[C@@](C#N)(c2ccc3c(N)ncnn23)[C@H](O)[C@@H]1O)Oc1ccccc1,1809249-37-3 
D2025,N#C[C@@]1(c2ccc3c(N)ncnn23)O[C@H](CO)[C@@H](O)[C@H]1O,1191237-69-0 
D2026,CC(C)[C@@H](C)[C@@]1(C)CC[C@]2(C)[C@H]3CC[C@@H]4[C@@]5(COC[C@@]4(C)[C@@H](OC[C@](C)(N)C(C)(C)C)[C@H](n4ncnc4-c4ccncc4)C5)C3=CC[C@@]2(C)[C@@H]1C(=O)[O-],1207753-03-4 
D2027,CC[C@H](C)[C@@H]([C@@H](CC(=O)N1CCC[C@H]1[C@H](OC)[C@@H](C)C(=O)N[C@@H](Cc1ccccc1)C(=O)[O-])OC)N(C)C(=O)[C@@H](NC(=O)[C@H](C(C)C)N(C)C(=O)CCCCCN1C(=O)C=CC1=O)C(C)C,863971-19-1
D2028,COc1cc2c(cc1OCCCCCOc1cc3c(cc1OC)C(=O)N1C=C(C)C[C@H]1C=N3)N=C[C@@H]1CC(C)=CN1C2=O,1595275-71-0 
D2029,C1=N/C2=N/c3ccc(OCCN4CCCC4)c(c3)COC/C=C/COCc3cccc(c3)C(=C1)N2,937272-79-2
D2030,CCCS(=O)(=O)N[C@H]1C[C@@H](N(C)c2ncnc3[nH]ccc23)C1,1622902-68-4 
D2031,C[C@@H](O)CS(=O)(=O)N[C@H]1C[C@@H](N(C)c2ncnc3[nH]ccc23)C1,2744171-53-5 
D2032,C[C@H](O)CS(=O)(=O)N[C@H]1C[C@@H](N(C)c2ncnc3[nH]ccc23)C1,2744171-52-4 
D2033,CC(=O)N1CCN(c2ccc(OC[C@@H]3CO[C@@](Cn4ccnc4)(c4ccc(Cl)cc4Cl)O3)cc2)CC1,142128-57-2
D2034,CSc1ccc(OCc2ncc([N+](=O)[O-])n2C)cc1,59729-37-2 
D2035,Cn1c([N+](=O)[O-])cnc1COc1ccc([S@@](C)=O)cc1,62351-99-9 
D2036,Cn1c([N+](=O)[O-])cnc1COc1ccc(S(C)(=O)=O)cc1,64570-18-9 
D2037,Cc1ccc(NC(=O)[C@H]2CCCN(C(=O)c3c(C)cccc3F)[C@H]2c2ccc(NC3CCCC3)cc2)cc1C(F)(F)F,1346623-17-3 
D2038,CCCCC1(CCCC)CS(=O)(=O)c2ccc(N(C)C)cc2[C@@H](c2ccc(OCc3ccc(C[N+]45CCN(CC4)CC5)cc3)cc2)[C@H]1O,716313-53-0
D2039,CC(C)NC(=O)COc1cccc(-c2nc(Nc3ccc4[nH]ncc4c3)c3ccccc3n2)c1,911417-87-3
D2040,CC(C)C[C@@H](NC(=O)[C@@H](Cc1ccccc1)NC(=O)[C@H](N)Cc1ccccc1)C(=O)N[C@H](CCCCN)C(=O)N1CCC(N)(C(=O)[O-])CC1,1024828-77-0 
D2041,COc1ccc(-n2nccn2)c(C(=O)N2CCC[C@@]2(C)c2nc3ccc(Cl)c(C)c3[nH]2)c1,1505484-82-1 
D2042,CC(C)n1c(=O)cc(N[C@@H](C)c2ccccc2)[nH]c1=O,1642288-47-8 
D2043,CNCc1cc(-c2ccccc2F)n(S(=O)(=O)c2cccnc2)c1,881681-00-1
D2044,C[C@@H]1[C@H](c2c(F)ccc(F)c2F)C[C@H](NC(=O)c2cnc3c(c2)C[C@@]2(C3)C(=O)Nc3ncccc32)C(=O)N1CC(F)(F)F,1374248-81-3 
D2045,CC(C)c1c(O)cc(/C=C/c2ccccc2)cc1O,79338-84-4 
D2046,C=CC(=O)Nc1cc(Nc2ncc(C(=O)OC(C)C)c(-c3cn(C)c4ccccc34)n2)c(OC)cc1N(C)CCN(C)C,1847461-43-1 
D2047,C=CC(=O)Nc1cc(Nc2ncc(C(=O)OC(C)C)c(-c3cn(C)c4ccccc34)n2)c(OC)cc1N(C)CCNC,1847462-25-2 
D2048,C=CC(=O)Nc1cc(Nc2ncc(C(=O)OC(C)C)c(-c3c[nH]c4ccccc34)n2)c(OC)cc1N(C)CCN(C)C,1847461-70-4 
D2049,CCOc1ncc(C)c2c1[C@H](c1ccc(C#N)cc1OC)C(C(N)=O)=C(C)N2,1050477-31-0 
D2050,O=C(Nc1ccc(OC(F)(F)Cl)cc1)c1cnc(N2CC[C@@H](O)C2)c(-c2cc[nH]n2)c1,1492952-76-7 
D2051,CS(=O)(=O)c1ccc(Oc2cc(F)cc(C#N)c2)c2c1[C@H](O)[C@H](F)[C@@H]2F,1672668-24-4 
D2052,CCCCC1(CCCC)CN(c2ccccc2)c2cc(SC)c(OCC(=O)N[C@@H](C(=O)N[C@@H](CC)C(=O)[O-])c3ccc(O)cc3)cc2S(=O)(=O)N1,501692-44-0
D2053,CC(C)Nc1nc2cc(Cl)c(Cl)cc2n1[C@H]1O[C@@H](CO)[C@H](O)[C@@H]1O,176161-24-3
D2054,O[C@@](Cn1cnnn1)(c1ccc(F)cc1F)C(F)(F)c1ccc(-c2ccc(OCC(F)(F)F)cc2)cn1,1340593-59-0 
D2055,CC(=O)[C@H]1CC[C@H]2[C@@H]3CC[C@H]4C[C@](C)(O)CC[C@]4(C)[C@H]3CC[C@]12C,38398-32-2 
D2056,O=C(c1ccc(NS(=O)(=O)c2cccc3cccnc23)cc1)N1CCN(CC2CC2)CC1,1260075-17-9 
D2057,NCCCC[C@H](NC(=O)[C@@H]1CCCN1C(=O)[C@@H]1CSSC[C@H](NC(=O)CNC(=O)CNC(=O)CN)C(=O)N[C@@H](Cc2ccc(O)cc2)C(=O)N[C@@H](Cc2ccccc2)C(=O)N[C@@H](CCC(N)=O)C(=O)N[C@@H](CC(N)=O)C(=O)N1)C(=O)NCC(N)=O,14636-12-5 
D2058,OC[C@H]1O[C@@H](c2ccc(Cl)c(Cc3ccc(OCCOC4CC4)cc3)c2)[C@H](O)[C@@H](O)[C@@H]1O,1118567-05-7 
D2059,C=CC(=O)N1CC[C@H](n2nc(C#Cc3cc(OC)cc(OC)c3)c3c(N)ncnc32)C1,1448169-71-8 
D2060,[2H]C([2H])([2H])NC(=O)c1nnc(NC(=O)C2CC2)cc1Nc1cccc(-c2ncn(C)n2)c1OC,1609392-27-9 
D2061,[2H]C([2H])([2H])NC(=O)c1nnc(NC(=O)C2CC2)cc1Nc1cccc(-c2nc[nH]n2)c1OC,1609393-48-7 
D2062,CC(C)OC(=O)CNc1cccc(CN(Cc2ccc(-n3cccn3)cc2)S(=O)(=O)c2cccnc2)n1,1187451-19-9 
D2063,O=C([O-])CNc1cccc(CN(Cc2ccc(-n3cccn3)cc2)S(=O)(=O)c2cccnc2)n1,1187451-41-7 
D2064,C[C@H](Nc1ccc(C#N)n(C)c1=O)c1cc2cc(Cl)ccc2[nH]c1=O,1887014-12-1 
D2065,C=CC(=O)N1C[C@H](Nc2ncnc3[nH]ccc23)CC[C@@H]1C,1792180-81-4 
D2066,CCC1(c2ccccc2)C(=O)NC(=O)NC1=O,50-06-6
D2067,CC(C)(C#Cc1ccc(-c2ccc(Cl)c3c(NS(C)(=O)=O)nn(CC(F)(F)F)c23)c([C@H](Cc2cc(F)cc(F)c2)NC(=O)Cn2nc(C(F)(F)F)c3c2C(F)(F)[C@@H]2C[C@H]32)n1)S(C)(=O)=O,2189684-44-2 
D2068,COc1ccc(F)cc1C(=O)NCc1ccc(-c2nn([C@@H](C)C(F)(F)F)c(N)c2C(N)=O)cc1,2101700-15-4 
D2069,CCOc1ccc(Cc2cc([C@@H]3O[C@H](SC)[C@@H](O)[C@H](O)[C@H]3O)ccc2Cl)cc1,1018899-04-1 
D2070,C=C(F)C(=O)N1CCN(c2nc(OC[C@@H]3CCCN3C)nc3c2CCN(c2cccc4cccc(Cl)c24)C3)C[C@@H]1CC#N,2326521-71-3 
D2071,Cc1cc(C[C@@H](NC(=O)N2CCC(c3cc4ccccc4[nH]c3=O)CC2)C(=O)N2CCN(C3CCN(C)CC3)CC2)cc2cn[nH]c12,1337918-83-8 
D2072,CCCCC1=NC2(CCCC2)C(=O)N1Cc1ccc(-c2ccccc2S(=O)(=O)Nc2noc(C)c2C)c(COCC)c1,254740-64-2
D2073,Cc1nsc(-c2nnc3n2CCN(C(=O)c2ccc(F)cc2)[C@@H]3C)n1,1629229-37-3 
D2074,C[C@H](CCC(=O)NCCS(=O)(=O)O)[C@H]1CC[C@H]2[C@@H]3[C@@H](O)C[C@@H]4C[C@H](O)CC[C@]4(C)[C@H]3CC[C@]12C,14605-22-2 
D2075,CC1(C)CC[C@]2(NC(=O)C(C)(F)F)CC[C@]3(C)[C@H](C(=O)C=C4[C@@]5(C)C=C(C#N)C(=O)C(C)(C)[C@@H]5CC[C@]43C)[C@@H]2C1,1474034-05-3 
D2076,O=C([O-])CNC(=O)C1C(=O)N(C2CCCCC2)C(=O)N(C2CCCCC2)C1=O,960539-70-2
D2077,CC1=C[C@@H]2CN(C(=O)N2OS(=O)(=O)O)[C@@H]1C(N)=O,1467829-71-5 
D2078,C[C@@]1(C(=O)N[C@@H](CCC(=O)[O-])C(=O)[O-])CCCN1C(=O)CN,853400-76-7
D2079,CC(C)(C)[C@H](NC(=O)C(F)(F)F)C(=O)N1C[C@H]2[C@@H]([C@H]1C(=O)N[C@H](C#N)C[C@@H]1CCNC1=O)C2(C)C,2628280-40-8 
D2080,CCCCCOc1ccc(-c2ccc(-c3ccc(C(=O)N[C@H]4C[C@@H](O)[C@@H](OCC[N+](C)(C)C)NC(=O)[C@@H]5[C@@H](O)[C@@H](C)CN5C(=O)[C@H]([C@@H](C)O)NC(=O)[C@H]([C@H](O)[C@@H](O)c5ccc(O)cc5)NC(=O)[C@@H]5C[C@@H](O)CN5C(=O)[C@H]([C@@H](C)O)NC4=O)cc3)cc2)cc1,1396640-59-7 
D2081,CCNCCc1ccc(CN(CC)c2cc(OC)ccc2[C@@H]2CCc3cc(O)ccc3C2)cc1,722533-56-4
D2082,CCC(=O)N1CC[C@H](Nc2ncnc3c2CN(c2cnc(OC)c(C(F)(F)F)c2)CC3)C1,1354690-24-6 
D2083,COc1cc2cc(c1Cl)N(C)C(=O)C[C@H](OC(=O)[C@H](C)N(C)C(=O)CCC(C)(C)S)[C@]1(C)O[C@H]1[C@H](C)[C@@H]1C[C@@](O)(NC(=O)O1)[C@H](OC)/C=C/C=C(\C)C2,796073-69-3
D2084,CC1(C)CC(=O)N(CCCCN2CCN(c3ncccn3)CC2)C(=O)C1,83928-76-1 
D2085,CC1(C)CC(=O)N(CCCCN2CCN(c3ncccn3)CC2)C(=O)[C@H]1O,477930-33-9
D2086,c1cnc(N2CCNCC2)nc1,20980-22-7 
D2087,C[C@@]12C(=O)OC(=O)[C@]1(C)[C@H]1CC[C@@H]2O1,56-25-7
D2088,O=S1(=O)CCN(CN2CCS(=O)(=O)NC2)CN1,19388-87-5 
D2089,CC1(C)CC(=O)N(CCCCN2CCN(c3ncccn3)CC2)C(=O)[C@@H]1O,477930-32-8
D2090,O=C([O-])CNC(=O)c1ncc(-c2cccc(Cl)c2)cc1O,1000025-07-9 
D2091,C[C@@H]1C[C@H]2[C@@H]3CCC4=CC(=O)C=C[C@]4(C)C3=CC[C@]2(C)[C@@]1(O)C(=O)CO,13209-41-1 
D2092,CC1(C)CCC(C)(C)c2cc(Cn3cccn3)c(/C=C/c3ccc(C(=O)[O-])cc3)cc21,410528-02-8
D2093,Cn1cc[n+](C[C@@]2(C)[C@H](C(=O)[O-])N3C(=O)C[C@H]3S2(=O)=O)n1,1001404-83-6 
D2094,CC(C)(C)C(=O)OCOC(=O)[C@@H]1N2C(=O)[C@@H](/N=C/N3CCCCCC3)[C@H]2SC1(C)C,32886-97-8 
D2095,N#CCNC(=O)c1ccc(-c2ccnc(Nc3ccc(N4CCOCC4)cc3)n2)cc1,1056634-68-4 
D2096,N#CCNC(=O)c1ccc(-c2ccnc(Nc3ccc(N4CCOCC4=O)cc3)n2)cc1,1841094-23-2 
D2097,O=C([O-])C[C@H]1CCc2c1[nH]c1ccc(OCc3ccc(C4CCCC4)c(C(F)(F)F)c3)cc21,1206123-37-6 
D2098,CC(C)(C)c1cc(NC(=O)Nc2ccc(-c3cn4c(n3)sc3cc(OCCN5CCOCC5)ccc34)cc2)no1,950769-58-1
D2099,CC(C)(CO)c1cc(NC(=O)Nc2ccc(-c3cn4c(n3)sc3cc(OCCN5CCOCC5)ccc34)cc2)no1,1225542-12-0 
D2100,CCOC(=O)C[N@@+]1(C)CC[C@@H](OC(=O)[C@](O)(c2ccccc2)C2CCCC2)C1,1628251-49-9 
D2101,C[C@@]1(O)CC[C@H]2[C@H](CC[C@@H]3[C@@H]2CC[C@]2(C)[C@@H](C(=O)Cn4cc(C#N)cn4)CC[C@@H]32)C1,1632051-40-1 
D2102,CNC(=O)c1c(C)oc2cc(Oc3ncnc4cc(OC)c(OC)cc34)ccc12,1194506-26-7 
D2103,Cc1cc(C2=NO[C@@](c3cc(Cl)c(Cl)c(Cl)c3)(C(F)(F)F)C2)sc1C(=O)NCC(=O)NCC(F)(F)F,1369852-71-0 
D2104,CCC[C@H](N[C@H]1CCc2cc(F)cc(F)c2C1)C(=O)Nc1cn(C(C)(C)CNCC(C)(C)C)cn1,1290543-63-3 
D2105,C[C@@H](NC(=O)c1ncnc(N)c1Cl)c1ncc(C(=O)Nc2cc(C(F)(F)F)c(Cl)cn2)s1,1096708-71-2 
D2106,CC(C)c1cc(Oc2c(Cl)cc(-n3nc(C#N)c(=O)[nH]c3=O)cc2Cl)n[nH]c1=O,920509-32-6
D2107,CCN(CC)Cc1ccc2cc(COC(=O)Nc3ccc(C(=O)NO)cc3)ccc2c1,497833-27-9
D2108,CC(=O)c1nn(CC(=O)N2C[C@H](F)C[C@H]2C(=O)Nc2cccc(Br)n2)c2ccc(-c3cnc(C)nc3)cc12,1903768-17-1 
D2109,NC1(C(=O)N[C@@H](CCO)c2ccc(Cl)cc2)CCN(c2ncnc3[nH]ccc23)CC1,1143532-39-1 
D2110,C[C@H]1CNC(=O)c2cnn3ccc(nc23)N[C@H](C)c2cc(F)ccc2O1,1802220-02-5 
D2111,Cc1oc(=O)oc1COC(=O)N1CC[C@@H](N2CC/C(=C\C3=C(C(=O)[O-])N4C(=O)[C@@H](NC(=O)/C(=N\O)c5nsc(N)n5)[C@H]4SC3)C2=O)C1,376653-43-9
D2112,Nc1nc(/C(=N/O)C(=O)N[C@@H]2C(=O)N3C(C(=O)[O-])=C(/C=C4\CCN([C@@H]5CCNC5)C4=O)CS[C@H]23)ns1,209467-52-7
D2113,CCO[C@H]1CCN(Cc2c(OC)cc(C)c3[nH]ccc23)[C@H](c2ccc(C(=O)[O-])cc2)C1,1644670-37-0 
D2114,NCCCCN(Cc1nc2ccccc2[nH]1)[C@H]1CCCc2cccnc21,558447-26-0
D2115,CSc1ccc(C(=O)/C=C/c2cc(C)c(OC(C)(C)C(=O)[O-])c(C)c2)cc1,923978-27-2
D2116,CCN(CC)C(=O)[C@@H]1CN2CCc3cc(OC)c(OC)cc3[C@@H]2C[C@@H]1OC(C)=O,63-12-7
D2117,CC[C@@H](NC(C)C)[C@H](O)c1ccc(O)c(O)c1,530-08-5 
D2118,CSc1ccc(C(=O)CCc2cc(C)c(OC(C)(C)C(=O)[O-])c(C)c2)cc1,1000334-85-9 
