Molecule ChEMBL ID,Standard Type,Standard Value,APC2D1_C_C,APC2D1_C_N,APC2D1_C_O,APC2D1_C_S,APC2D1_C_F,APC2D1_C_X,APC2D1_O_S,APC2D2_C_C,APC2D2_C_N,APC2D2_C_O,APC2D2_C_S,APC2D2_C_F,APC2D2_C_Cl,APC2D2_C_Br,APC2D2_C_X,APC2D2_N_O,APC2D2_F_F,APC2D2_F_X,APC2D2_X_X,APC2D3_C_C,APC2D3_C_N,APC2D3_C_O,APC2D3_C_S,APC2D3_C_F,APC2D3_C_Cl,APC2D3_C_Br,APC2D3_C_X,APC2D3_N_O,APC2D3_O_S,APC2D4_C_C,APC2D4_C_N,APC2D4_C_O,APC2D4_C_S,APC2D4_C_F,APC2D4_C_Cl,APC2D4_C_Br,APC2D4_C_X,APC2D4_N_O,APC2D4_O_O,APC2D5_C_C,APC2D5_C_N,APC2D5_C_O,APC2D5_C_S,APC2D5_C_F,APC2D5_C_Cl,APC2D5_C_X,APC2D5_N_O,APC2D5_N_X,APC2D5_O_X,APC2D6_C_C,APC2D6_C_N,APC2D6_C_O,APC2D6_C_S,APC2D6_C_F,APC2D6_C_Cl,APC2D6_C_Br,APC2D6_C_X,APC2D6_N_O,APC2D6_O_F,APC2D6_O_X,APC2D7_C_C,APC2D7_C_N,APC2D7_C_O,APC2D7_C_S,APC2D7_C_F,APC2D7_C_Cl,APC2D7_C_Br,APC2D7_C_X,APC2D8_C_C,APC2D8_C_N,APC2D8_C_O,APC2D8_C_S,APC2D8_C_F,APC2D8_C_Cl,APC2D8_C_Br,APC2D8_C_X,APC2D8_O_F,APC2D8_O_X,APC2D9_C_C,APC2D9_C_N,APC2D9_C_O,APC2D9_C_S,APC2D9_C_F,APC2D9_C_Cl,APC2D9_C_Br,APC2D9_C_X,APC2D9_O_O,APC2D9_O_X,APC2D10_C_C,APC2D10_C_N,APC2D10_C_O,APC2D10_C_S,APC2D10_C_F,APC2D10_C_Cl,APC2D10_C_X,APC2D10_O_O,APC2D10_O_Cl,APC2D10_O_X,KRFPC1,KRFPC297,KRFPC298,KRFPC341,KRFPC344,KRFPC669,KRFPC1148,KRFPC1566,KRFPC1645,KRFPC2260,KRFPC2949,KRFPC2975,KRFPC3058,KRFPC3224,KRFPC3369,KRFPC3440,KRFPC3640,KRFPC3659,KRFPC3660,KRFPC3682,KRFPC3692,KRFPC3706,KRFPC3712,KRFPC3719,KRFPC3722,KRFPC3727,KRFPC3730,KRFPC3733,KRFPC3737,KRFPC3740,KRFPC3744,KRFPC3750,KRFPC3773,KRFPC3788,KRFPC3882,KRFPC3926,KRFPC3956,KRFPC4032,KRFPC4067,KRFPC4080,KRFPC4329,KRFPC4331,KRFPC4813,SubFPC1,SubFPC2,SubFPC9,SubFPC137,SubFPC172,SubFPC181,SubFPC184,SubFPC274,SubFPC275,SubFPC287,SubFPC295,SubFPC300,SubFPC301,SubFPC302,SubFPC307
CHEMBL481519,IC50,100.0,21.0,8.0,3.0,0.0,0.0,1.0,0.0,29.0,10.0,4.0,0.0,0.0,2.0,0.0,2.0,1.0,0.0,0.0,0.0,24.0,10.0,8.0,0.0,0.0,2.0,0.0,2.0,0.0,0.0,23.0,12.0,4.0,0.0,0.0,2.0,0.0,2.0,2.0,0.0,28.0,10.0,3.0,0.0,0.0,0.0,0.0,2.0,1.0,1.0,25.0,11.0,6.0,0.0,0.0,2.0,0.0,2.0,0.0,0.0,0.0,22.0,8.0,1.0,0.0,0.0,4.0,0.0,4.0,17.0,9.0,5.0,0.0,0.0,2.0,0.0,2.0,0.0,0.0,21.0,3.0,3.0,0.0,0.0,1.0,0.0,1.0,1.0,0.0,16.0,5.0,4.0,0.0,0.0,1.0,1.0,0.0,1.0,1.0,1.0,3.0,1.0,0.0,0.0,5.0,0.0,0.0,1.0,0.0,0.0,10.0,0.0,3.0,1.0,0.0,3.0,0.0,0.0,0.0,0.0,0.0,0.0,0.0,0.0,0.0,0.0,0.0,0.0,0.0,2.0,0.0,0.0,1.0,4.0,3.0,1.0,0.0,0.0,2.0,0.0,2.0,0.0,3.0,0.0,0.0,2.0,0.0,1.0,2.0,17.0,2.0,2.0,11.0,13.0,13.0,10.0,20.0
CHEMBL495294,IC50,31.62,21.0,5.0,4.0,0.0,0.0,1.0,0.0,25.0,11.0,5.0,0.0,0.0,2.0,0.0,2.0,1.0,0.0,0.0,0.0,22.0,8.0,9.0,0.0,0.0,2.0,0.0,2.0,1.0,0.0,21.0,7.0,6.0,0.0,0.0,2.0,0.0,2.0,2.0,0.0,23.0,10.0,6.0,0.0,0.0,0.0,0.0,1.0,1.0,1.0,25.0,8.0,5.0,0.0,0.0,2.0,0.0,2.0,1.0,0.0,0.0,20.0,8.0,5.0,0.0,0.0,4.0,0.0,4.0,17.0,6.0,3.0,0.0,0.0,3.0,0.0,3.0,0.0,0.0,18.0,3.0,4.0,0.0,0.0,0.0,0.0,0.0,0.0,1.0,15.0,1.0,4.0,0.0,0.0,1.0,1.0,0.0,0.0,0.0,1.0,3.0,1.0,0.0,0.0,3.0,1.0,0.0,1.0,0.0,1.0,8.0,0.0,3.0,1.0,0.0,3.0,0.0,0.0,0.0,0.0,0.0,0.0,0.0,0.0,0.0,0.0,0.0,0.0,0.0,2.0,0.0,0.0,1.0,1.0,0.0,2.0,0.0,0.0,1.0,0.0,3.0,1.0,3.0,0.0,0.0,1.0,0.0,1.0,2.0,17.0,2.0,2.0,9.0,11.0,11.0,9.0,19.0
CHEMBL495107,IC50,25.12,22.0,7.0,4.0,0.0,0.0,1.0,0.0,26.0,13.0,5.0,0.0,0.0,2.0,0.0,2.0,1.0,0.0,0.0,0.0,24.0,10.0,7.0,0.0,0.0,2.0,0.0,2.0,2.0,0.0,24.0,9.0,5.0,0.0,0.0,2.0,0.0,2.0,2.0,0.0,27.0,11.0,6.0,0.0,0.0,0.0,0.0,1.0,1.0,1.0,28.0,8.0,7.0,0.0,0.0,2.0,0.0,2.0,0.0,0.0,0.0,21.0,10.0,6.0,0.0,0.0,4.0,0.0,4.0,18.0,8.0,3.0,0.0,0.0,3.0,0.0,3.0,0.0,0.0,20.0,4.0,4.0,0.0,0.0,0.0,0.0,0.0,0.0,1.0,17.0,3.0,5.0,0.0,0.0,1.0,1.0,0.0,0.0,0.0,1.0,5.0,1.0,1.0,0.0,3.0,1.0,0.0,1.0,0.0,1.0,10.0,0.0,4.0,1.0,0.0,3.0,0.0,0.0,0.0,0.0,0.0,0.0,0.0,0.0,0.0,0.0,0.0,0.0,0.0,2.0,1.0,1.0,2.0,3.0,1.0,2.0,0.0,0.0,2.0,0.0,3.0,0.0,3.0,0.0,0.0,1.0,0.0,1.0,2.0,17.0,2.0,2.0,11.0,14.0,14.0,12.0,20.0
CHEMBL3127163,IC50,0.6,17.0,5.0,2.0,2.0,3.0,3.0,0.0,23.0,9.0,2.0,1.0,3.0,0.0,0.0,3.0,0.0,3.0,3.0,3.0,20.0,10.0,2.0,2.0,6.0,0.0,0.0,6.0,2.0,0.0,16.0,14.0,2.0,3.0,6.0,0.0,0.0,6.0,0.0,0.0,22.0,8.0,0.0,3.0,3.0,0.0,3.0,2.0,3.0,0.0,20.0,5.0,2.0,4.0,6.0,0.0,0.0,6.0,2.0,0.0,0.0,18.0,2.0,6.0,2.0,3.0,0.0,0.0,3.0,11.0,1.0,6.0,1.0,12.0,0.0,0.0,12.0,0.0,0.0,5.0,0.0,8.0,0.0,9.0,0.0,0.0,9.0,0.0,0.0,1.0,0.0,4.0,0.0,3.0,0.0,3.0,0.0,0.0,6.0,0.0,0.0,0.0,0.0,0.0,0.0,1.0,0.0,1.0,3.0,1.0,2.0,0.0,0.0,0.0,0.0,0.0,0.0,0.0,0.0,0.0,0.0,0.0,0.0,0.0,0.0,0.0,0.0,0.0,0.0,0.0,0.0,0.0,0.0,0.0,0.0,1.0,3.0,0.0,0.0,0.0,2.0,0.0,0.0,0.0,3.0,0.0,0.0,2.0,4.0,20.0,4.0,2.0,9.0,1.0,1.0,2.0,19.0
CHEMBL3127155,IC50,80.0,16.0,5.0,2.0,2.0,1.0,1.0,0.0,21.0,9.0,2.0,1.0,2.0,0.0,0.0,2.0,0.0,0.0,0.0,0.0,18.0,10.0,2.0,2.0,2.0,0.0,0.0,2.0,2.0,0.0,15.0,13.0,2.0,3.0,2.0,0.0,0.0,2.0,0.0,0.0,20.0,7.0,0.0,3.0,1.0,0.0,1.0,2.0,2.0,0.0,19.0,4.0,2.0,3.0,3.0,0.0,0.0,3.0,2.0,0.0,0.0,14.0,2.0,6.0,2.0,2.0,0.0,0.0,2.0,8.0,1.0,6.0,1.0,3.0,0.0,0.0,3.0,0.0,0.0,4.0,0.0,6.0,0.0,1.0,0.0,0.0,1.0,0.0,0.0,1.0,0.0,4.0,0.0,0.0,0.0,0.0,0.0,0.0,2.0,0.0,0.0,0.0,0.0,0.0,0.0,1.0,0.0,1.0,1.0,1.0,1.0,0.0,0.0,0.0,0.0,0.0,0.0,0.0,0.0,0.0,0.0,0.0,0.0,0.0,0.0,0.0,0.0,0.0,0.0,0.0,0.0,0.0,0.0,0.0,0.0,1.0,1.0,1.0,0.0,0.0,2.0,0.0,0.0,0.0,0.0,0.0,1.0,2.0,4.0,20.0,4.0,2.0,9.0,1.0,1.0,1.0,18.0
CHEMBL3127177,IC50,16.0,16.0,5.0,2.0,2.0,0.0,0.0,0.0,21.0,9.0,2.0,1.0,0.0,0.0,0.0,0.0,0.0,0.0,0.0,0.0,18.0,10.0,2.0,2.0,0.0,0.0,0.0,0.0,2.0,0.0,15.0,13.0,2.0,3.0,0.0,0.0,0.0,0.0,0.0,0.0,20.0,7.0,0.0,3.0,0.0,0.0,0.0,2.0,0.0,0.0,19.0,4.0,2.0,3.0,0.0,0.0,0.0,0.0,2.0,0.0,0.0,14.0,2.0,6.0,2.0,0.0,0.0,0.0,0.0,8.0,1.0,6.0,1.0,0.0,0.0,0.0,0.0,0.0,0.0,4.0,0.0,6.0,0.0,0.0,0.0,0.0,0.0,0.0,0.0,1.0,0.0,4.0,0.0,0.0,0.0,0.0,0.0,0.0,0.0,0.0,4.0,0.0,3.0,2.0,0.0,1.0,0.0,0.0,0.0,1.0,5.0,0.0,3.0,0.0,0.0,2.0,0.0,0.0,0.0,1.0,0.0,0.0,0.0,0.0,0.0,0.0,0.0,0.0,0.0,0.0,0.0,0.0,0.0,0.0,0.0,1.0,0.0,0.0,0.0,0.0,2.0,0.0,0.0,4.0,0.0,0.0,0.0,2.0,4.0,16.0,4.0,2.0,9.0,6.0,6.0,1.0,14.0
CHEMBL1915252,IC50,1.995,20.0,3.0,4.0,0.0,0.0,1.0,0.0,25.0,8.0,6.0,0.0,0.0,2.0,0.0,2.0,0.0,0.0,0.0,0.0,24.0,5.0,7.0,0.0,0.0,2.0,0.0,2.0,2.0,0.0,22.0,4.0,5.0,0.0,0.0,3.0,0.0,3.0,3.0,0.0,21.0,5.0,6.0,0.0,0.0,1.0,1.0,1.0,1.0,1.0,23.0,4.0,5.0,0.0,0.0,2.0,0.0,2.0,0.0,0.0,0.0,20.0,3.0,5.0,0.0,0.0,5.0,0.0,5.0,11.0,4.0,4.0,0.0,0.0,3.0,0.0,3.0,0.0,0.0,9.0,3.0,6.0,0.0,0.0,1.0,0.0,1.0,0.0,2.0,9.0,1.0,2.0,0.0,0.0,0.0,0.0,0.0,0.0,0.0,0.0,1.0,0.0,0.0,0.0,1.0,1.0,0.0,0.0,0.0,1.0,3.0,0.0,0.0,0.0,0.0,0.0,0.0,0.0,0.0,0.0,0.0,0.0,0.0,0.0,0.0,0.0,0.0,0.0,0.0,0.0,0.0,0.0,0.0,0.0,0.0,1.0,0.0,0.0,0.0,0.0,2.0,0.0,1.0,0.0,0.0,1.0,0.0,1.0,3.0,20.0,3.0,2.0,7.0,4.0,4.0,3.0,19.0
CHEMBL3092152,IC50,60.0,18.0,5.0,2.0,2.0,0.0,1.0,0.0,23.0,9.0,2.0,1.0,0.0,2.0,0.0,2.0,0.0,0.0,0.0,0.0,20.0,9.0,2.0,2.0,0.0,2.0,0.0,2.0,2.0,0.0,16.0,14.0,2.0,3.0,0.0,5.0,0.0,5.0,0.0,0.0,21.0,10.0,0.0,3.0,0.0,4.0,4.0,2.0,1.0,0.0,22.0,6.0,2.0,4.0,0.0,4.0,0.0,4.0,2.0,0.0,0.0,22.0,3.0,6.0,3.0,0.0,1.0,0.0,1.0,18.0,1.0,6.0,1.0,0.0,0.0,0.0,0.0,0.0,2.0,9.0,0.0,8.0,0.0,0.0,0.0,0.0,0.0,0.0,0.0,2.0,0.0,6.0,0.0,0.0,0.0,0.0,0.0,0.0,0.0,0.0,0.0,0.0,0.0,0.0,0.0,1.0,0.0,0.0,0.0,1.0,1.0,0.0,0.0,0.0,0.0,0.0,0.0,0.0,0.0,0.0,0.0,0.0,0.0,0.0,0.0,0.0,0.0,0.0,0.0,0.0,0.0,0.0,0.0,0.0,0.0,1.0,0.0,0.0,0.0,0.0,2.0,0.0,0.0,0.0,0.0,0.0,0.0,2.0,4.0,22.0,4.0,2.0,9.0,1.0,1.0,1.0,20.0
CHEMBL3092146,IC50,1000.0,21.0,3.0,2.0,2.0,0.0,0.0,0.0,26.0,8.0,2.0,3.0,0.0,0.0,0.0,0.0,0.0,0.0,0.0,0.0,24.0,11.0,2.0,1.0,0.0,0.0,0.0,0.0,0.0,2.0,24.0,11.0,4.0,3.0,0.0,0.0,0.0,0.0,0.0,0.0,29.0,7.0,0.0,4.0,0.0,0.0,0.0,2.0,0.0,0.0,30.0,2.0,2.0,4.0,0.0,0.0,0.0,0.0,2.0,0.0,0.0,26.0,0.0,6.0,3.0,0.0,0.0,0.0,0.0,19.0,0.0,8.0,1.0,0.0,0.0,0.0,0.0,0.0,0.0,9.0,0.0,8.0,0.0,0.0,0.0,0.0,0.0,0.0,0.0,2.0,0.0,6.0,0.0,0.0,0.0,0.0,0.0,0.0,0.0,0.0,0.0,0.0,0.0,0.0,1.0,1.0,0.0,0.0,0.0,1.0,2.0,0.0,0.0,0.0,0.0,0.0,0.0,0.0,0.0,0.0,0.0,0.0,0.0,0.0,0.0,0.0,0.0,0.0,0.0,0.0,0.0,0.0,0.0,0.0,0.0,1.0,0.0,0.0,0.0,0.0,2.0,0.0,1.0,0.0,0.0,1.0,0.0,1.0,3.0,22.0,3.0,2.0,7.0,2.0,2.0,1.0,21.0
CHEMBL232931,IC50,31.62,24.0,3.0,2.0,2.0,0.0,1.0,2.0,31.0,6.0,7.0,2.0,0.0,0.0,2.0,2.0,0.0,0.0,0.0,0.0,32.0,4.0,9.0,2.0,0.0,0.0,2.0,2.0,0.0,0.0,32.0,3.0,8.0,1.0,0.0,0.0,2.0,2.0,1.0,0.0,35.0,2.0,6.0,0.0,0.0,0.0,1.0,0.0,1.0,1.0,33.0,2.0,3.0,2.0,0.0,0.0,4.0,4.0,2.0,0.0,0.0,29.0,2.0,6.0,4.0,0.0,0.0,4.0,4.0,26.0,2.0,9.0,2.0,0.0,0.0,4.0,4.0,0.0,0.0,20.0,1.0,4.0,2.0,0.0,0.0,3.0,3.0,0.0,0.0,16.0,0.0,5.0,2.0,0.0,0.0,1.0,2.0,0.0,0.0,0.0,1.0,0.0,0.0,0.0,2.0,0.0,0.0,1.0,0.0,0.0,3.0,0.0,0.0,0.0,0.0,0.0,0.0,0.0,0.0,0.0,0.0,0.0,0.0,0.0,0.0,0.0,0.0,0.0,0.0,0.0,0.0,0.0,0.0,0.0,0.0,1.0,0.0,0.0,0.0,0.0,3.0,1.0,1.0,0.0,0.0,0.0,0.0,0.0,1.0,23.0,1.0,4.0,7.0,4.0,4.0,4.0,24.0
CHEMBL391287,IC50,5.012,29.0,5.0,4.0,1.0,0.0,0.0,2.0,35.0,11.0,9.0,3.0,0.0,0.0,0.0,0.0,3.0,0.0,0.0,0.0,35.0,9.0,14.0,3.0,0.0,0.0,0.0,0.0,0.0,2.0,35.0,8.0,13.0,2.0,0.0,0.0,0.0,0.0,4.0,4.0,42.0,4.0,12.0,2.0,0.0,0.0,0.0,1.0,0.0,0.0,45.0,4.0,12.0,1.0,0.0,0.0,0.0,0.0,1.0,0.0,0.0,38.0,9.0,10.0,2.0,0.0,0.0,0.0,0.0,32.0,8.0,10.0,4.0,0.0,0.0,0.0,0.0,0.0,0.0,30.0,6.0,11.0,2.0,0.0,0.0,0.0,0.0,1.0,0.0,29.0,4.0,8.0,2.0,0.0,0.0,0.0,0.0,0.0,0.0,0.0,1.0,0.0,0.0,0.0,3.0,0.0,1.0,0.0,0.0,0.0,5.0,0.0,0.0,0.0,0.0,0.0,0.0,0.0,0.0,0.0,0.0,0.0,0.0,0.0,0.0,0.0,0.0,0.0,0.0,0.0,0.0,0.0,0.0,1.0,0.0,1.0,0.0,0.0,1.0,2.0,4.0,1.0,3.0,0.0,0.0,2.0,0.0,1.0,3.0,28.0,3.0,6.0,10.0,7.0,7.0,7.0,29.0
CHEMBL520438,IC50,6.31,25.0,5.0,4.0,0.0,0.0,1.0,0.0,30.0,11.0,5.0,0.0,0.0,2.0,0.0,2.0,1.0,0.0,0.0,0.0,27.0,8.0,9.0,0.0,0.0,2.0,0.0,2.0,1.0,0.0,22.0,7.0,8.0,0.0,0.0,2.0,0.0,2.0,2.0,0.0,25.0,10.0,7.0,0.0,0.0,0.0,0.0,1.0,1.0,1.0,30.0,8.0,5.0,0.0,0.0,2.0,0.0,2.0,1.0,0.0,0.0,28.0,8.0,5.0,0.0,0.0,4.0,0.0,4.0,22.0,8.0,3.0,0.0,0.0,3.0,0.0,3.0,0.0,0.0,21.0,6.0,4.0,0.0,0.0,2.0,0.0,2.0,0.0,1.0,22.0,2.0,4.0,0.0,0.0,2.0,2.0,0.0,0.0,0.0,0.0,3.0,0.0,0.0,0.0,1.0,1.0,0.0,1.0,0.0,1.0,5.0,0.0,0.0,0.0,0.0,0.0,0.0,0.0,0.0,0.0,0.0,0.0,0.0,0.0,0.0,0.0,0.0,0.0,0.0,0.0,0.0,0.0,0.0,1.0,0.0,2.0,0.0,0.0,1.0,0.0,3.0,2.0,1.0,0.0,0.0,1.0,0.0,1.0,2.0,23.0,2.0,2.0,9.0,9.0,9.0,9.0,24.0
CHEMBL523158,IC50,7.943,22.0,7.0,3.0,0.0,0.0,1.0,0.0,26.0,13.0,4.0,0.0,0.0,2.0,0.0,2.0,1.0,0.0,0.0,0.0,24.0,10.0,7.0,0.0,0.0,2.0,0.0,2.0,1.0,0.0,24.0,9.0,4.0,0.0,0.0,2.0,0.0,2.0,2.0,0.0,27.0,11.0,5.0,0.0,0.0,0.0,0.0,1.0,1.0,1.0,28.0,8.0,5.0,0.0,0.0,2.0,0.0,2.0,0.0,0.0,0.0,21.0,10.0,4.0,0.0,0.0,4.0,0.0,4.0,18.0,8.0,2.0,0.0,0.0,3.0,0.0,3.0,0.0,0.0,20.0,4.0,4.0,0.0,0.0,0.0,0.0,0.0,0.0,1.0,17.0,3.0,4.0,0.0,0.0,1.0,1.0,0.0,0.0,0.0,1.0,4.0,1.0,0.0,0.0,4.0,0.0,0.0,1.0,0.0,0.0,10.0,0.0,4.0,1.0,0.0,3.0,0.0,0.0,0.0,0.0,0.0,0.0,0.0,0.0,0.0,0.0,0.0,0.0,0.0,2.0,1.0,1.0,1.0,3.0,1.0,1.0,0.0,0.0,2.0,0.0,2.0,0.0,4.0,0.0,0.0,1.0,0.0,1.0,2.0,17.0,2.0,2.0,10.0,13.0,13.0,11.0,20.0
CHEMBL494466,IC50,100.0,24.0,7.0,3.0,0.0,0.0,1.0,0.0,30.0,12.0,4.0,0.0,0.0,2.0,0.0,2.0,1.0,0.0,0.0,0.0,26.0,10.0,8.0,0.0,0.0,2.0,0.0,2.0,0.0,0.0,25.0,12.0,4.0,0.0,0.0,2.0,0.0,2.0,2.0,0.0,29.0,10.0,3.0,0.0,0.0,0.0,0.0,2.0,1.0,1.0,26.0,11.0,6.0,0.0,0.0,2.0,0.0,2.0,0.0,0.0,0.0,22.0,9.0,2.0,0.0,0.0,4.0,0.0,4.0,18.0,9.0,5.0,0.0,0.0,2.0,0.0,2.0,0.0,0.0,22.0,4.0,3.0,0.0,0.0,1.0,0.0,1.0,1.0,0.0,17.0,6.0,4.0,0.0,0.0,1.0,1.0,0.0,1.0,1.0,2.0,5.0,2.0,2.0,1.0,3.0,0.0,0.0,1.0,0.0,0.0,11.0,0.0,6.0,1.0,0.0,5.0,0.0,0.0,1.0,1.0,0.0,0.0,0.0,0.0,0.0,0.0,1.0,0.0,2.0,2.0,2.0,2.0,1.0,3.0,1.0,1.0,0.0,0.0,2.0,0.0,2.0,0.0,3.0,2.0,0.0,2.0,0.0,1.0,2.0,17.0,3.0,2.0,10.0,15.0,15.0,9.0,21.0
CHEMBL494268,IC50,50.12,25.0,7.0,3.0,0.0,0.0,1.0,0.0,31.0,12.0,4.0,0.0,0.0,2.0,0.0,2.0,1.0,0.0,0.0,0.0,27.0,12.0,8.0,0.0,0.0,2.0,0.0,2.0,0.0,0.0,27.0,12.0,4.0,0.0,0.0,2.0,0.0,2.0,2.0,0.0,33.0,10.0,3.0,0.0,0.0,0.0,0.0,2.0,1.0,1.0,31.0,11.0,6.0,0.0,0.0,2.0,0.0,2.0,0.0,0.0,0.0,26.0,9.0,2.0,0.0,0.0,4.0,0.0,4.0,21.0,8.0,4.0,0.0,0.0,2.0,0.0,2.0,0.0,0.0,23.0,5.0,4.0,0.0,0.0,1.0,0.0,1.0,1.0,0.0,17.0,7.0,6.0,0.0,0.0,1.0,1.0,0.0,1.0,1.0,3.0,3.0,2.0,0.0,0.0,6.0,0.0,0.0,1.0,0.0,0.0,13.0,0.0,7.0,2.0,0.0,6.0,0.0,0.0,1.0,0.0,0.0,0.0,0.0,0.0,0.0,0.0,0.0,0.0,2.0,2.0,2.0,2.0,1.0,3.0,1.0,1.0,0.0,0.0,2.0,0.0,2.0,0.0,6.0,0.0,0.0,2.0,0.0,1.0,2.0,17.0,2.0,2.0,10.0,16.0,16.0,12.0,22.0
CHEMBL467113,IC50,39.81,20.0,2.0,4.0,0.0,0.0,2.0,0.0,24.0,4.0,5.0,0.0,0.0,4.0,0.0,4.0,0.0,0.0,0.0,0.0,22.0,2.0,7.0,0.0,0.0,4.0,0.0,4.0,2.0,0.0,18.0,2.0,8.0,0.0,0.0,3.0,0.0,3.0,0.0,0.0,20.0,2.0,6.0,0.0,0.0,2.0,2.0,1.0,0.0,1.0,23.0,2.0,4.0,0.0,0.0,2.0,0.0,2.0,0.0,0.0,1.0,21.0,1.0,6.0,0.0,0.0,4.0,0.0,4.0,15.0,2.0,4.0,0.0,0.0,6.0,0.0,6.0,0.0,0.0,10.0,2.0,4.0,0.0,0.0,5.0,0.0,5.0,0.0,2.0,9.0,1.0,2.0,0.0,0.0,3.0,3.0,0.0,0.0,0.0,0.0,2.0,0.0,0.0,0.0,0.0,0.0,0.0,1.0,0.0,0.0,3.0,0.0,0.0,0.0,0.0,0.0,0.0,0.0,0.0,0.0,0.0,0.0,0.0,0.0,0.0,0.0,0.0,0.0,0.0,0.0,0.0,0.0,0.0,0.0,0.0,2.0,0.0,0.0,0.0,0.0,3.0,1.0,0.0,1.0,0.0,1.0,0.0,1.0,1.0,18.0,1.0,2.0,6.0,4.0,4.0,6.0,18.0
CHEMBL481813,IC50,6900.0,27.0,4.0,2.0,3.0,0.0,2.0,2.0,38.0,6.0,4.0,4.0,0.0,3.0,0.0,3.0,4.0,0.0,0.0,0.0,35.0,8.0,8.0,3.0,0.0,3.0,0.0,3.0,0.0,3.0,33.0,7.0,12.0,2.0,0.0,0.0,0.0,0.0,0.0,2.0,30.0,5.0,10.0,2.0,0.0,0.0,0.0,0.0,2.0,4.0,30.0,4.0,9.0,3.0,0.0,2.0,0.0,2.0,1.0,0.0,0.0,28.0,6.0,12.0,3.0,0.0,2.0,0.0,2.0,28.0,2.0,7.0,7.0,0.0,2.0,0.0,2.0,0.0,0.0,28.0,3.0,13.0,3.0,0.0,2.0,0.0,2.0,0.0,0.0,20.0,4.0,5.0,7.0,0.0,4.0,4.0,2.0,0.0,0.0,0.0,5.0,0.0,2.0,1.0,1.0,0.0,1.0,1.0,0.0,0.0,13.0,5.0,10.0,4.0,5.0,11.0,6.0,2.0,0.0,9.0,6.0,5.0,4.0,1.0,0.0,0.0,4.0,0.0,4.0,0.0,3.0,4.0,0.0,4.0,3.0,0.0,0.0,0.0,2.0,2.0,4.0,0.0,1.0,4.0,0.0,1.0,0.0,0.0,1.0,15.0,2.0,6.0,9.0,13.0,13.0,7.0,24.0
CHEMBL393376,IC50,199.53,23.0,4.0,2.0,1.0,1.0,2.0,2.0,27.0,8.0,4.0,4.0,2.0,2.0,0.0,4.0,4.0,0.0,0.0,0.0,24.0,8.0,9.0,5.0,2.0,3.0,0.0,5.0,1.0,0.0,19.0,8.0,13.0,4.0,1.0,1.0,0.0,2.0,0.0,0.0,22.0,10.0,13.0,3.0,1.0,1.0,2.0,2.0,0.0,0.0,24.0,13.0,12.0,1.0,1.0,2.0,0.0,3.0,2.0,0.0,2.0,25.0,11.0,5.0,1.0,0.0,2.0,0.0,2.0,22.0,6.0,3.0,2.0,1.0,3.0,0.0,4.0,0.0,0.0,21.0,3.0,5.0,2.0,1.0,2.0,0.0,3.0,0.0,0.0,23.0,1.0,4.0,1.0,0.0,2.0,2.0,0.0,0.0,0.0,0.0,2.0,0.0,0.0,0.0,2.0,0.0,0.0,0.0,1.0,0.0,4.0,0.0,0.0,0.0,0.0,0.0,0.0,0.0,0.0,0.0,0.0,0.0,0.0,0.0,0.0,0.0,0.0,0.0,0.0,0.0,0.0,0.0,0.0,1.0,0.0,0.0,1.0,1.0,1.0,2.0,2.0,0.0,2.0,1.0,0.0,0.0,1.0,2.0,3.0,23.0,3.0,4.0,7.0,6.0,6.0,7.0,22.0
CHEMBL231759,IC50,3.981,24.0,4.0,4.0,1.0,0.0,1.0,2.0,28.0,8.0,7.0,4.0,0.0,2.0,0.0,2.0,4.0,0.0,0.0,0.0,27.0,8.0,11.0,5.0,0.0,3.0,0.0,3.0,1.0,0.0,23.0,8.0,14.0,4.0,0.0,1.0,0.0,1.0,0.0,0.0,25.0,10.0,14.0,3.0,0.0,1.0,1.0,2.0,0.0,0.0,26.0,13.0,13.0,1.0,0.0,2.0,0.0,2.0,2.0,0.0,2.0,27.0,11.0,5.0,1.0,0.0,2.0,0.0,2.0,23.0,7.0,5.0,2.0,0.0,3.0,0.0,3.0,0.0,0.0,22.0,5.0,7.0,2.0,0.0,2.0,0.0,2.0,0.0,0.0,25.0,2.0,4.0,1.0,0.0,2.0,2.0,0.0,0.0,0.0,0.0,3.0,0.0,0.0,0.0,3.0,0.0,0.0,0.0,0.0,0.0,6.0,0.0,1.0,0.0,0.0,0.0,0.0,0.0,0.0,0.0,0.0,0.0,0.0,0.0,0.0,0.0,0.0,0.0,0.0,0.0,0.0,0.0,1.0,1.0,0.0,1.0,0.0,0.0,1.0,2.0,3.0,0.0,3.0,1.0,0.0,0.0,0.0,2.0,3.0,23.0,3.0,4.0,9.0,8.0,8.0,9.0,22.0
CHEMBL404481,IC50,50.12,23.0,7.0,3.0,0.0,0.0,1.0,0.0,28.0,11.0,4.0,0.0,0.0,2.0,0.0,2.0,1.0,0.0,0.0,0.0,26.0,8.0,7.0,0.0,0.0,2.0,0.0,2.0,0.0,0.0,19.0,11.0,6.0,0.0,0.0,2.0,0.0,2.0,2.0,0.0,24.0,10.0,5.0,0.0,0.0,0.0,0.0,2.0,1.0,1.0,28.0,8.0,5.0,0.0,0.0,2.0,0.0,2.0,1.0,0.0,0.0,26.0,10.0,1.0,0.0,0.0,4.0,0.0,4.0,21.0,9.0,3.0,0.0,0.0,2.0,0.0,2.0,0.0,0.0,21.0,5.0,3.0,0.0,0.0,3.0,0.0,3.0,1.0,0.0,18.0,5.0,3.0,0.0,0.0,2.0,2.0,0.0,1.0,1.0,0.0,3.0,0.0,0.0,0.0,1.0,0.0,0.0,1.0,0.0,0.0,5.0,0.0,1.0,0.0,0.0,0.0,0.0,0.0,0.0,0.0,0.0,0.0,0.0,0.0,0.0,0.0,0.0,0.0,0.0,0.0,1.0,0.0,0.0,1.0,0.0,1.0,0.0,0.0,1.0,0.0,2.0,1.0,1.0,1.0,0.0,0.0,0.0,2.0,3.0,23.0,3.0,0.0,10.0,9.0,9.0,9.0,23.0
CHEMBL257544,IC50,39.81,23.0,7.0,3.0,0.0,0.0,1.0,0.0,28.0,11.0,4.0,0.0,0.0,2.0,0.0,2.0,1.0,0.0,0.0,0.0,25.0,9.0,7.0,0.0,0.0,2.0,0.0,2.0,0.0,0.0,19.0,11.0,6.0,0.0,0.0,2.0,0.0,2.0,2.0,0.0,25.0,8.0,4.0,0.0,0.0,0.0,0.0,3.0,1.0,1.0,27.0,10.0,6.0,0.0,0.0,2.0,0.0,2.0,0.0,0.0,0.0,26.0,9.0,1.0,0.0,0.0,4.0,0.0,4.0,21.0,9.0,3.0,0.0,0.0,2.0,0.0,2.0,0.0,0.0,20.0,7.0,3.0,0.0,0.0,3.0,0.0,3.0,1.0,0.0,19.0,4.0,3.0,0.0,0.0,2.0,2.0,0.0,1.0,1.0,0.0,3.0,0.0,0.0,0.0,1.0,0.0,0.0,1.0,0.0,0.0,5.0,0.0,1.0,0.0,0.0,0.0,0.0,0.0,0.0,0.0,0.0,0.0,0.0,0.0,0.0,0.0,0.0,0.0,0.0,0.0,1.0,0.0,0.0,1.0,0.0,1.0,0.0,0.0,1.0,0.0,2.0,1.0,1.0,1.0,0.0,0.0,0.0,2.0,3.0,23.0,3.0,0.0,10.0,9.0,9.0,9.0,23.0
CHEMBL401023,IC50,12.59,30.0,7.0,3.0,0.0,0.0,1.0,0.0,39.0,10.0,4.0,0.0,0.0,2.0,0.0,2.0,1.0,0.0,0.0,0.0,37.0,10.0,8.0,0.0,0.0,2.0,0.0,2.0,0.0,0.0,37.0,6.0,7.0,0.0,0.0,2.0,0.0,2.0,1.0,0.0,41.0,6.0,7.0,0.0,0.0,1.0,1.0,0.0,1.0,1.0,44.0,2.0,4.0,0.0,0.0,4.0,0.0,4.0,2.0,0.0,0.0,39.0,7.0,5.0,0.0,0.0,4.0,0.0,4.0,32.0,9.0,5.0,0.0,0.0,4.0,0.0,4.0,0.0,0.0,29.0,6.0,3.0,0.0,0.0,3.0,0.0,3.0,0.0,0.0,27.0,3.0,2.0,0.0,0.0,2.0,2.0,1.0,0.0,0.0,0.0,2.0,0.0,0.0,0.0,1.0,0.0,0.0,1.0,0.0,0.0,4.0,0.0,0.0,0.0,0.0,0.0,0.0,0.0,0.0,0.0,0.0,0.0,0.0,0.0,0.0,0.0,0.0,0.0,0.0,0.0,0.0,0.0,0.0,2.0,1.0,1.0,0.0,0.0,1.0,0.0,2.0,1.0,1.0,0.0,0.0,2.0,0.0,1.0,2.0,29.0,2.0,2.0,10.0,6.0,6.0,7.0,30.0
CHEMBL439381,IC50,15.85,28.0,5.0,3.0,0.0,2.0,3.0,0.0,36.0,10.0,4.0,0.0,4.0,0.0,2.0,6.0,1.0,0.0,0.0,0.0,36.0,6.0,8.0,0.0,5.0,0.0,2.0,7.0,0.0,0.0,36.0,5.0,9.0,0.0,2.0,0.0,2.0,4.0,1.0,0.0,42.0,4.0,5.0,0.0,2.0,0.0,3.0,0.0,1.0,1.0,42.0,1.0,3.0,0.0,2.0,0.0,4.0,6.0,1.0,1.0,1.0,34.0,5.0,4.0,0.0,4.0,0.0,4.0,8.0,26.0,9.0,5.0,0.0,4.0,0.0,4.0,8.0,0.0,0.0,30.0,3.0,3.0,0.0,6.0,0.0,3.0,9.0,0.0,0.0,30.0,2.0,2.0,0.0,5.0,0.0,7.0,1.0,0.0,0.0,0.0,1.0,0.0,0.0,0.0,4.0,0.0,0.0,2.0,2.0,0.0,7.0,0.0,3.0,1.0,0.0,3.0,0.0,0.0,0.0,0.0,0.0,0.0,0.0,0.0,0.0,0.0,0.0,0.0,0.0,0.0,3.0,3.0,0.0,2.0,1.0,1.0,2.0,2.0,1.0,0.0,2.0,1.0,4.0,0.0,0.0,2.0,2.0,0.0,1.0,23.0,1.0,2.0,8.0,8.0,8.0,6.0,26.0
CHEMBL232932,IC50,7.943,25.0,4.0,3.0,0.0,2.0,3.0,0.0,32.0,7.0,4.0,0.0,4.0,0.0,2.0,6.0,1.0,0.0,0.0,0.0,32.0,6.0,7.0,0.0,5.0,0.0,2.0,7.0,0.0,0.0,31.0,5.0,6.0,0.0,2.0,0.0,2.0,4.0,1.0,0.0,34.0,4.0,5.0,0.0,2.0,0.0,3.0,0.0,1.0,1.0,35.0,1.0,3.0,0.0,2.0,0.0,4.0,6.0,1.0,1.0,1.0,31.0,4.0,4.0,0.0,4.0,0.0,4.0,8.0,24.0,6.0,5.0,0.0,4.0,0.0,4.0,8.0,0.0,0.0,20.0,3.0,3.0,0.0,6.0,0.0,3.0,9.0,0.0,0.0,16.0,2.0,2.0,0.0,5.0,0.0,7.0,1.0,0.0,0.0,0.0,1.0,0.0,0.0,0.0,1.0,0.0,0.0,2.0,2.0,0.0,3.0,0.0,0.0,0.0,0.0,0.0,0.0,0.0,0.0,0.0,0.0,0.0,0.0,0.0,0.0,0.0,0.0,0.0,0.0,0.0,0.0,0.0,0.0,1.0,0.0,1.0,2.0,2.0,1.0,0.0,2.0,1.0,1.0,0.0,0.0,2.0,2.0,0.0,1.0,23.0,1.0,2.0,7.0,4.0,4.0,4.0,24.0
CHEMBL214967,IC50,0.5248,18.0,3.0,4.0,0.0,2.0,3.0,0.0,21.0,8.0,5.0,0.0,4.0,0.0,2.0,6.0,0.0,0.0,0.0,0.0,19.0,5.0,7.0,0.0,5.0,0.0,2.0,7.0,2.0,0.0,16.0,4.0,5.0,0.0,2.0,0.0,2.0,4.0,3.0,0.0,19.0,4.0,6.0,0.0,2.0,0.0,2.0,1.0,1.0,1.0,22.0,3.0,5.0,0.0,2.0,0.0,2.0,4.0,0.0,1.0,1.0,19.0,3.0,5.0,0.0,4.0,0.0,4.0,8.0,12.0,4.0,4.0,0.0,3.0,0.0,3.0,6.0,0.0,0.0,10.0,3.0,4.0,0.0,4.0,0.0,2.0,6.0,0.0,2.0,9.0,1.0,2.0,0.0,4.0,0.0,5.0,0.0,0.0,0.0,0.0,2.0,0.0,0.0,0.0,1.0,1.0,0.0,2.0,2.0,1.0,4.0,0.0,0.0,0.0,0.0,0.0,0.0,0.0,0.0,0.0,0.0,0.0,0.0,0.0,0.0,0.0,0.0,0.0,0.0,0.0,0.0,0.0,0.0,0.0,0.0,2.0,2.0,2.0,0.0,0.0,3.0,1.0,1.0,0.0,0.0,1.0,2.0,1.0,2.0,17.0,2.0,2.0,7.0,6.0,6.0,6.0,17.0
CHEMBL233160,IC50,39.81,26.0,5.0,4.0,0.0,2.0,3.0,0.0,33.0,10.0,5.0,0.0,4.0,0.0,2.0,6.0,2.0,0.0,0.0,0.0,34.0,8.0,7.0,0.0,5.0,0.0,2.0,7.0,0.0,0.0,34.0,8.0,6.0,0.0,2.0,0.0,2.0,4.0,1.0,0.0,40.0,5.0,5.0,0.0,2.0,0.0,3.0,1.0,1.0,1.0,40.0,5.0,5.0,0.0,2.0,0.0,4.0,6.0,0.0,1.0,1.0,32.0,9.0,6.0,0.0,4.0,0.0,4.0,8.0,30.0,8.0,4.0,0.0,4.0,0.0,4.0,8.0,0.0,0.0,26.0,5.0,2.0,0.0,6.0,0.0,4.0,10.0,1.0,0.0,19.0,4.0,3.0,0.0,5.0,0.0,6.0,0.0,0.0,1.0,0.0,1.0,0.0,0.0,0.0,2.0,0.0,0.0,2.0,2.0,0.0,3.0,0.0,0.0,0.0,0.0,0.0,0.0,0.0,0.0,0.0,0.0,0.0,0.0,0.0,0.0,0.0,0.0,0.0,0.0,0.0,0.0,0.0,0.0,0.0,0.0,1.0,2.0,2.0,0.0,0.0,1.0,1.0,2.0,0.0,0.0,0.0,2.0,2.0,4.0,28.0,4.0,0.0,9.0,4.0,4.0,3.0,25.0
CHEMBL234721,IC50,3.981,25.0,3.0,4.0,0.0,2.0,4.0,0.0,32.0,6.0,5.0,0.0,4.0,4.0,0.0,8.0,0.0,0.0,0.0,0.0,32.0,4.0,9.0,0.0,5.0,4.0,0.0,9.0,0.0,0.0,31.0,4.0,8.0,0.0,2.0,4.0,0.0,6.0,1.0,0.0,36.0,2.0,6.0,0.0,2.0,3.0,5.0,2.0,1.0,3.0,37.0,1.0,7.0,0.0,2.0,8.0,0.0,10.0,0.0,1.0,1.0,29.0,2.0,10.0,0.0,4.0,6.0,0.0,10.0,24.0,2.0,6.0,0.0,4.0,6.0,0.0,10.0,0.0,1.0,20.0,1.0,4.0,0.0,6.0,6.0,0.0,12.0,2.0,0.0,15.0,0.0,4.0,0.0,5.0,2.0,7.0,0.0,2.0,2.0,0.0,1.0,0.0,0.0,0.0,1.0,1.0,0.0,2.0,2.0,1.0,3.0,0.0,0.0,0.0,0.0,0.0,0.0,0.0,0.0,0.0,0.0,0.0,0.0,0.0,0.0,0.0,0.0,0.0,0.0,0.0,0.0,0.0,0.0,0.0,0.0,2.0,2.0,2.0,0.0,0.0,3.0,2.0,1.0,0.0,0.0,2.0,2.0,0.0,1.0,23.0,1.0,2.0,7.0,4.0,4.0,4.0,24.0
CHEMBL402338,IC50,7.943,14.0,5.0,4.0,0.0,0.0,1.0,0.0,21.0,5.0,3.0,0.0,0.0,2.0,0.0,2.0,2.0,0.0,0.0,0.0,17.0,7.0,5.0,0.0,0.0,2.0,0.0,2.0,2.0,0.0,18.0,6.0,5.0,0.0,0.0,1.0,0.0,1.0,0.0,2.0,17.0,5.0,3.0,0.0,0.0,3.0,3.0,2.0,0.0,0.0,16.0,2.0,6.0,0.0,0.0,1.0,0.0,1.0,0.0,0.0,1.0,9.0,2.0,8.0,0.0,0.0,3.0,0.0,3.0,6.0,0.0,6.0,0.0,0.0,3.0,0.0,3.0,0.0,0.0,2.0,0.0,4.0,0.0,0.0,0.0,0.0,0.0,0.0,2.0,0.0,0.0,4.0,0.0,0.0,0.0,0.0,0.0,0.0,0.0,1.0,1.0,1.0,0.0,0.0,2.0,0.0,0.0,1.0,0.0,0.0,5.0,0.0,3.0,1.0,0.0,3.0,0.0,0.0,0.0,0.0,0.0,0.0,0.0,0.0,0.0,0.0,0.0,0.0,0.0,0.0,0.0,0.0,0.0,0.0,0.0,1.0,0.0,0.0,0.0,0.0,2.0,0.0,2.0,1.0,0.0,0.0,0.0,1.0,3.0,14.0,3.0,2.0,9.0,4.0,4.0,3.0,14.0
CHEMBL208882,IC50,15.85,25.0,3.0,4.0,0.0,1.0,3.0,0.0,32.0,6.0,5.0,0.0,2.0,2.0,2.0,6.0,0.0,0.0,0.0,0.0,32.0,4.0,9.0,0.0,2.0,3.0,2.0,7.0,0.0,0.0,31.0,4.0,8.0,0.0,1.0,1.0,2.0,4.0,1.0,0.0,36.0,2.0,6.0,0.0,1.0,1.0,3.0,2.0,1.0,1.0,37.0,1.0,7.0,0.0,0.0,2.0,4.0,6.0,0.0,1.0,1.0,29.0,2.0,10.0,0.0,1.0,3.0,4.0,8.0,24.0,2.0,6.0,0.0,2.0,2.0,4.0,8.0,0.0,0.0,20.0,1.0,4.0,0.0,3.0,3.0,4.0,10.0,2.0,0.0,15.0,0.0,4.0,0.0,2.0,3.0,6.0,0.0,0.0,2.0,0.0,1.0,0.0,0.0,0.0,1.0,1.0,0.0,2.0,1.0,1.0,3.0,0.0,0.0,0.0,0.0,0.0,0.0,0.0,0.0,0.0,0.0,0.0,0.0,0.0,0.0,0.0,0.0,0.0,0.0,0.0,0.0,0.0,0.0,0.0,0.0,2.0,1.0,1.0,0.0,0.0,3.0,2.0,1.0,0.0,0.0,2.0,1.0,0.0,1.0,23.0,1.0,2.0,7.0,4.0,4.0,4.0,24.0
CHEMBL380667,IC50,79.43,23.0,3.0,4.0,0.0,0.0,1.0,0.0,28.0,8.0,5.0,0.0,0.0,2.0,0.0,2.0,0.0,0.0,0.0,0.0,26.0,7.0,9.0,0.0,0.0,2.0,0.0,2.0,0.0,0.0,24.0,8.0,8.0,0.0,0.0,2.0,0.0,2.0,1.0,0.0,28.0,6.0,5.0,0.0,0.0,1.0,1.0,3.0,1.0,1.0,31.0,3.0,4.0,0.0,0.0,3.0,0.0,3.0,2.0,0.0,0.0,26.0,3.0,8.0,0.0,0.0,3.0,0.0,3.0,21.0,4.0,6.0,0.0,0.0,4.0,0.0,4.0,0.0,0.0,16.0,3.0,4.0,0.0,0.0,4.0,0.0,4.0,2.0,0.0,12.0,1.0,4.0,0.0,0.0,1.0,1.0,0.0,2.0,2.0,0.0,1.0,0.0,0.0,0.0,0.0,1.0,0.0,1.0,0.0,1.0,2.0,0.0,0.0,0.0,0.0,0.0,0.0,0.0,0.0,0.0,0.0,0.0,0.0,0.0,0.0,0.0,0.0,0.0,0.0,0.0,0.0,0.0,0.0,0.0,0.0,2.0,0.0,0.0,0.0,0.0,3.0,2.0,0.0,0.0,0.0,2.0,0.0,1.0,2.0,23.0,2.0,2.0,7.0,3.0,3.0,4.0,23.0
CHEMBL403330,IC50,3.162,15.0,0.0,6.0,0.0,0.0,1.0,0.0,18.0,0.0,9.0,0.0,0.0,2.0,0.0,2.0,0.0,0.0,0.0,0.0,15.0,0.0,8.0,0.0,0.0,2.0,0.0,2.0,0.0,0.0,15.0,0.0,8.0,0.0,0.0,2.0,0.0,2.0,0.0,0.0,17.0,0.0,5.0,0.0,0.0,1.0,1.0,0.0,0.0,1.0,16.0,0.0,6.0,0.0,0.0,2.0,0.0,2.0,0.0,0.0,1.0,11.0,0.0,6.0,0.0,0.0,3.0,0.0,3.0,6.0,0.0,6.0,0.0,0.0,3.0,0.0,3.0,0.0,0.0,5.0,0.0,4.0,0.0,0.0,0.0,0.0,0.0,0.0,2.0,2.0,0.0,2.0,0.0,0.0,0.0,0.0,0.0,0.0,0.0,1.0,2.0,1.0,0.0,0.0,2.0,0.0,0.0,1.0,0.0,0.0,6.0,0.0,3.0,1.0,0.0,3.0,0.0,0.0,0.0,0.0,0.0,0.0,0.0,0.0,0.0,0.0,0.0,0.0,0.0,2.0,0.0,0.0,1.0,0.0,0.0,2.0,0.0,0.0,0.0,0.0,3.0,0.0,2.0,1.0,0.0,1.0,0.0,0.0,1.0,11.0,1.0,2.0,6.0,6.0,6.0,6.0,12.0
CHEMBL255701,IC50,63.1,17.0,5.0,7.0,0.0,0.0,1.0,0.0,21.0,8.0,7.0,0.0,0.0,2.0,0.0,2.0,2.0,0.0,0.0,0.0,18.0,7.0,11.0,0.0,0.0,2.0,0.0,2.0,0.0,0.0,17.0,9.0,5.0,0.0,0.0,2.0,0.0,2.0,3.0,1.0,21.0,8.0,6.0,0.0,0.0,0.0,0.0,3.0,1.0,1.0,21.0,8.0,7.0,0.0,0.0,2.0,0.0,2.0,1.0,0.0,0.0,17.0,9.0,3.0,0.0,0.0,4.0,0.0,4.0,14.0,6.0,6.0,0.0,0.0,2.0,0.0,2.0,0.0,0.0,16.0,1.0,5.0,0.0,0.0,1.0,0.0,1.0,2.0,0.0,9.0,2.0,7.0,0.0,0.0,0.0,0.0,0.0,2.0,2.0,2.0,6.0,3.0,2.0,0.0,3.0,0.0,0.0,1.0,0.0,0.0,12.0,0.0,7.0,1.0,0.0,6.0,0.0,0.0,0.0,2.0,1.0,0.0,0.0,0.0,0.0,1.0,0.0,2.0,0.0,6.0,0.0,0.0,5.0,1.0,0.0,5.0,0.0,0.0,1.0,0.0,4.0,0.0,3.0,2.0,0.0,0.0,0.0,1.0,2.0,11.0,3.0,0.0,12.0,16.0,16.0,9.0,14.0
CHEMBL394173,IC50,79.43,31.0,4.0,3.0,1.0,0.0,1.0,2.0,38.0,8.0,6.0,3.0,0.0,2.0,0.0,2.0,3.0,0.0,0.0,0.0,36.0,8.0,13.0,3.0,0.0,2.0,0.0,2.0,0.0,1.0,34.0,7.0,13.0,3.0,0.0,2.0,0.0,2.0,1.0,2.0,40.0,4.0,13.0,4.0,0.0,1.0,1.0,2.0,1.0,1.0,42.0,4.0,13.0,5.0,0.0,4.0,0.0,4.0,0.0,0.0,0.0,39.0,7.0,13.0,2.0,0.0,4.0,0.0,4.0,36.0,6.0,7.0,2.0,0.0,4.0,0.0,4.0,0.0,0.0,32.0,5.0,8.0,2.0,0.0,3.0,0.0,3.0,2.0,0.0,31.0,3.0,7.0,1.0,0.0,1.0,1.0,0.0,2.0,2.0,0.0,1.0,0.0,0.0,0.0,1.0,0.0,0.0,1.0,0.0,0.0,3.0,0.0,0.0,0.0,0.0,0.0,0.0,0.0,0.0,0.0,0.0,0.0,0.0,0.0,0.0,0.0,0.0,0.0,0.0,0.0,0.0,0.0,0.0,1.0,0.0,1.0,0.0,0.0,1.0,2.0,4.0,1.0,1.0,0.0,0.0,2.0,0.0,0.0,1.0,29.0,1.0,6.0,8.0,5.0,5.0,7.0,32.0
CHEMBL395582,IC50,6.31,27.0,0.0,4.0,0.0,0.0,0.0,0.0,36.0,0.0,5.0,0.0,0.0,0.0,0.0,0.0,0.0,0.0,0.0,0.0,33.0,0.0,9.0,0.0,0.0,0.0,0.0,0.0,0.0,0.0,32.0,0.0,9.0,0.0,0.0,0.0,0.0,0.0,0.0,0.0,34.0,0.0,8.0,0.0,0.0,0.0,0.0,0.0,0.0,0.0,34.0,0.0,6.0,0.0,0.0,0.0,0.0,0.0,0.0,0.0,0.0,29.0,0.0,8.0,0.0,0.0,0.0,0.0,0.0,25.0,0.0,6.0,0.0,0.0,0.0,0.0,0.0,0.0,0.0,19.0,0.0,4.0,0.0,0.0,0.0,0.0,0.0,2.0,0.0,13.0,0.0,4.0,0.0,0.0,0.0,0.0,0.0,0.0,0.0,0.0,4.0,0.0,2.0,1.0,0.0,1.0,1.0,0.0,0.0,1.0,7.0,0.0,4.0,0.0,2.0,3.0,0.0,0.0,2.0,2.0,1.0,0.0,0.0,0.0,0.0,0.0,0.0,0.0,0.0,0.0,0.0,0.0,0.0,0.0,0.0,2.0,0.0,0.0,0.0,0.0,3.0,2.0,0.0,3.0,0.0,2.0,0.0,0.0,0.0,18.0,0.0,6.0,4.0,7.0,7.0,6.0,21.0
CHEMBL232531,IC50,79.43,23.0,4.0,2.0,1.0,0.0,2.0,2.0,27.0,8.0,4.0,4.0,0.0,4.0,0.0,4.0,4.0,0.0,0.0,0.0,24.0,8.0,9.0,5.0,0.0,6.0,0.0,6.0,1.0,0.0,19.0,8.0,13.0,4.0,0.0,3.0,0.0,3.0,0.0,0.0,22.0,10.0,13.0,3.0,0.0,1.0,1.0,2.0,1.0,1.0,24.0,13.0,12.0,1.0,0.0,3.0,0.0,3.0,2.0,0.0,2.0,25.0,11.0,5.0,1.0,0.0,3.0,0.0,3.0,22.0,6.0,3.0,2.0,0.0,3.0,0.0,3.0,0.0,0.0,21.0,3.0,5.0,2.0,0.0,3.0,0.0,3.0,0.0,0.0,23.0,1.0,4.0,1.0,0.0,5.0,5.0,0.0,2.0,2.0,0.0,2.0,0.0,0.0,0.0,2.0,0.0,1.0,0.0,0.0,0.0,4.0,0.0,0.0,0.0,0.0,0.0,0.0,0.0,0.0,0.0,0.0,0.0,0.0,0.0,0.0,0.0,0.0,0.0,0.0,0.0,0.0,0.0,0.0,1.0,0.0,0.0,0.0,0.0,1.0,2.0,2.0,0.0,2.0,1.0,0.0,0.0,0.0,2.0,3.0,23.0,3.0,4.0,7.0,6.0,6.0,7.0,22.0
CHEMBL233808,IC50,501.19,23.0,4.0,2.0,1.0,1.0,2.0,2.0,27.0,8.0,4.0,4.0,2.0,2.0,0.0,4.0,4.0,0.0,0.0,0.0,24.0,8.0,9.0,5.0,3.0,3.0,0.0,6.0,1.0,0.0,19.0,8.0,13.0,4.0,2.0,1.0,0.0,3.0,0.0,0.0,22.0,10.0,13.0,3.0,0.0,1.0,1.0,2.0,1.0,1.0,24.0,13.0,12.0,1.0,1.0,2.0,0.0,3.0,2.0,0.0,2.0,25.0,11.0,5.0,1.0,1.0,2.0,0.0,3.0,22.0,6.0,3.0,2.0,0.0,3.0,0.0,3.0,0.0,0.0,21.0,3.0,5.0,2.0,1.0,2.0,0.0,3.0,0.0,0.0,23.0,1.0,4.0,1.0,3.0,2.0,5.0,0.0,0.0,2.0,0.0,2.0,0.0,0.0,0.0,2.0,0.0,1.0,0.0,1.0,0.0,4.0,0.0,0.0,0.0,0.0,0.0,0.0,0.0,0.0,0.0,0.0,0.0,0.0,0.0,0.0,0.0,0.0,0.0,0.0,0.0,0.0,0.0,0.0,1.0,0.0,0.0,1.0,1.0,1.0,2.0,2.0,0.0,2.0,1.0,0.0,0.0,1.0,2.0,3.0,23.0,3.0,4.0,7.0,6.0,6.0,7.0,22.0
CHEMBL399613,IC50,6.31,23.0,4.0,4.0,1.0,0.0,1.0,2.0,28.0,8.0,6.0,4.0,0.0,2.0,0.0,2.0,4.0,0.0,0.0,0.0,26.0,8.0,11.0,5.0,0.0,3.0,0.0,3.0,1.0,0.0,21.0,8.0,14.0,4.0,0.0,1.0,0.0,1.0,0.0,0.0,23.0,10.0,14.0,3.0,0.0,1.0,1.0,2.0,0.0,0.0,25.0,13.0,13.0,1.0,0.0,2.0,0.0,2.0,2.0,0.0,2.0,26.0,11.0,5.0,1.0,0.0,2.0,0.0,2.0,22.0,7.0,5.0,2.0,0.0,3.0,0.0,3.0,0.0,0.0,22.0,4.0,6.0,2.0,0.0,2.0,0.0,2.0,0.0,0.0,24.0,1.0,4.0,1.0,0.0,2.0,2.0,0.0,0.0,0.0,0.0,2.0,0.0,0.0,0.0,3.0,0.0,0.0,0.0,0.0,0.0,5.0,0.0,0.0,0.0,0.0,0.0,0.0,0.0,0.0,0.0,0.0,0.0,0.0,0.0,0.0,0.0,0.0,0.0,0.0,0.0,0.0,0.0,0.0,1.0,0.0,1.0,0.0,0.0,1.0,2.0,3.0,0.0,2.0,1.0,0.0,0.0,0.0,2.0,3.0,23.0,3.0,4.0,9.0,7.0,7.0,8.0,22.0
CHEMBL232160,IC50,63.1,24.0,4.0,4.0,1.0,3.0,3.0,2.0,30.0,8.0,6.0,4.0,3.0,0.0,0.0,3.0,4.0,3.0,3.0,3.0,29.0,8.0,11.0,5.0,6.0,0.0,0.0,6.0,1.0,0.0,22.0,9.0,14.0,4.0,9.0,0.0,0.0,9.0,0.0,0.0,24.0,10.0,14.0,4.0,3.0,0.0,3.0,2.0,3.0,0.0,27.0,13.0,15.0,1.0,3.0,0.0,0.0,3.0,2.0,0.0,0.0,28.0,12.0,6.0,1.0,6.0,0.0,0.0,6.0,25.0,8.0,5.0,2.0,6.0,0.0,0.0,6.0,3.0,3.0,24.0,4.0,6.0,2.0,9.0,0.0,0.0,9.0,0.0,0.0,26.0,1.0,4.0,1.0,6.0,0.0,6.0,0.0,0.0,0.0,0.0,2.0,0.0,0.0,0.0,3.0,0.0,0.0,0.0,3.0,0.0,6.0,0.0,0.0,0.0,0.0,0.0,0.0,0.0,0.0,0.0,0.0,0.0,0.0,0.0,0.0,0.0,0.0,0.0,0.0,0.0,0.0,0.0,0.0,1.0,0.0,1.0,3.0,0.0,1.0,2.0,3.0,0.0,2.0,1.0,3.0,0.0,0.0,2.0,3.0,23.0,3.0,4.0,9.0,7.0,7.0,9.0,23.0
CHEMBL212680,IC50,39.81,23.0,3.0,6.0,0.0,0.0,1.0,0.0,30.0,6.0,7.0,0.0,0.0,2.0,0.0,2.0,0.0,0.0,0.0,0.0,31.0,4.0,10.0,0.0,0.0,2.0,0.0,2.0,0.0,0.0,30.0,4.0,9.0,0.0,0.0,2.0,0.0,2.0,1.0,0.0,36.0,2.0,5.0,0.0,0.0,1.0,1.0,2.0,1.0,1.0,36.0,1.0,8.0,0.0,0.0,4.0,0.0,4.0,0.0,0.0,0.0,27.0,2.0,12.0,0.0,0.0,4.0,0.0,4.0,21.0,2.0,9.0,0.0,0.0,4.0,0.0,4.0,0.0,0.0,18.0,0.0,6.0,0.0,0.0,4.0,0.0,4.0,2.0,0.0,12.0,0.0,7.0,0.0,0.0,0.0,0.0,0.0,3.0,3.0,1.0,5.0,3.0,2.0,0.0,1.0,1.0,0.0,1.0,0.0,1.0,8.0,1.0,5.0,1.0,0.0,5.0,2.0,1.0,0.0,4.0,1.0,0.0,0.0,0.0,0.0,1.0,0.0,6.0,0.0,4.0,0.0,0.0,3.0,0.0,0.0,4.0,0.0,0.0,0.0,0.0,4.0,1.0,1.0,2.0,0.0,2.0,0.0,0.0,1.0,17.0,2.0,2.0,9.0,10.0,10.0,4.0,19.0
CHEMBL208912,IC50,6.31,25.0,3.0,4.0,0.0,1.0,2.0,0.0,32.0,6.0,5.0,0.0,2.0,2.0,0.0,4.0,0.0,0.0,0.0,0.0,32.0,4.0,9.0,0.0,2.0,2.0,0.0,4.0,0.0,0.0,31.0,4.0,8.0,0.0,1.0,2.0,0.0,3.0,1.0,0.0,36.0,2.0,6.0,0.0,1.0,1.0,2.0,2.0,1.0,1.0,37.0,1.0,7.0,0.0,0.0,4.0,0.0,4.0,0.0,1.0,1.0,29.0,2.0,10.0,0.0,1.0,4.0,0.0,5.0,24.0,2.0,6.0,0.0,2.0,4.0,0.0,6.0,0.0,0.0,20.0,1.0,4.0,0.0,3.0,4.0,0.0,7.0,2.0,0.0,15.0,0.0,4.0,0.0,2.0,1.0,3.0,0.0,2.0,2.0,0.0,1.0,0.0,0.0,0.0,1.0,1.0,0.0,1.0,1.0,1.0,3.0,0.0,0.0,0.0,0.0,0.0,0.0,0.0,0.0,0.0,0.0,0.0,0.0,0.0,0.0,0.0,0.0,0.0,0.0,0.0,0.0,0.0,0.0,0.0,0.0,2.0,1.0,1.0,0.0,0.0,3.0,2.0,1.0,0.0,0.0,2.0,1.0,0.0,1.0,23.0,1.0,2.0,7.0,4.0,4.0,4.0,24.0
CHEMBL521609,IC50,1420.0,28.0,4.0,3.0,1.0,2.0,2.0,2.0,37.0,5.0,7.0,3.0,4.0,0.0,0.0,4.0,3.0,0.0,0.0,0.0,35.0,6.0,12.0,3.0,4.0,0.0,0.0,4.0,0.0,1.0,30.0,5.0,13.0,2.0,2.0,0.0,0.0,2.0,1.0,2.0,29.0,5.0,12.0,1.0,0.0,0.0,0.0,0.0,1.0,2.0,30.0,4.0,8.0,2.0,1.0,0.0,0.0,1.0,1.0,2.0,2.0,30.0,5.0,8.0,2.0,2.0,0.0,0.0,2.0,29.0,5.0,6.0,3.0,2.0,0.0,0.0,2.0,1.0,1.0,27.0,6.0,9.0,2.0,2.0,0.0,0.0,2.0,2.0,0.0,23.0,5.0,8.0,2.0,3.0,0.0,3.0,0.0,0.0,0.0,0.0,0.0,0.0,0.0,0.0,1.0,0.0,1.0,2.0,2.0,0.0,4.0,0.0,1.0,0.0,1.0,0.0,0.0,0.0,0.0,0.0,0.0,0.0,0.0,0.0,0.0,0.0,0.0,0.0,0.0,0.0,1.0,0.0,0.0,1.0,0.0,0.0,2.0,2.0,1.0,2.0,4.0,0.0,0.0,0.0,0.0,1.0,2.0,0.0,1.0,25.0,1.0,7.0,8.0,5.0,5.0,7.0,30.0
CHEMBL173299,IC50,912.0,22.0,0.0,5.0,2.0,0.0,0.0,0.0,25.0,0.0,8.0,3.0,0.0,0.0,0.0,0.0,0.0,0.0,0.0,0.0,22.0,0.0,9.0,3.0,0.0,0.0,0.0,0.0,0.0,1.0,20.0,0.0,8.0,2.0,0.0,0.0,0.0,0.0,0.0,1.0,20.0,0.0,10.0,1.0,0.0,0.0,0.0,0.0,0.0,0.0,18.0,0.0,11.0,2.0,0.0,0.0,0.0,0.0,0.0,0.0,0.0,16.0,0.0,7.0,3.0,0.0,0.0,0.0,0.0,18.0,0.0,6.0,1.0,0.0,0.0,0.0,0.0,0.0,0.0,18.0,0.0,10.0,1.0,0.0,0.0,0.0,0.0,0.0,0.0,14.0,0.0,12.0,1.0,0.0,0.0,0.0,2.0,0.0,0.0,5.0,10.0,6.0,6.0,4.0,0.0,4.0,0.0,0.0,0.0,4.0,16.0,2.0,16.0,2.0,0.0,18.0,8.0,10.0,0.0,21.0,20.0,20.0,19.0,17.0,12.0,11.0,0.0,10.0,0.0,8.0,0.0,0.0,7.0,0.0,0.0,4.0,0.0,0.0,0.0,0.0,5.0,0.0,0.0,9.0,0.0,0.0,0.0,0.0,0.0,6.0,0.0,0.0,7.0,21.0,21.0,13.0,12.0
CHEMBL258183,IC50,50.12,15.0,5.0,5.0,0.0,0.0,1.0,0.0,18.0,8.0,5.0,0.0,0.0,2.0,0.0,2.0,2.0,0.0,0.0,0.0,16.0,7.0,8.0,0.0,0.0,2.0,0.0,2.0,0.0,0.0,15.0,9.0,5.0,0.0,0.0,2.0,0.0,2.0,3.0,0.0,21.0,6.0,3.0,0.0,0.0,0.0,0.0,3.0,1.0,1.0,19.0,8.0,7.0,0.0,0.0,2.0,0.0,2.0,0.0,0.0,0.0,15.0,7.0,2.0,0.0,0.0,4.0,0.0,4.0,12.0,4.0,5.0,0.0,0.0,2.0,0.0,2.0,0.0,0.0,12.0,1.0,4.0,0.0,0.0,1.0,0.0,1.0,2.0,0.0,7.0,2.0,5.0,0.0,0.0,0.0,0.0,0.0,2.0,2.0,2.0,2.0,1.0,0.0,0.0,5.0,0.0,0.0,1.0,0.0,0.0,10.0,0.0,5.0,1.0,0.0,4.0,0.0,0.0,0.0,0.0,0.0,0.0,0.0,0.0,0.0,0.0,0.0,0.0,0.0,2.0,0.0,0.0,3.0,1.0,0.0,3.0,0.0,0.0,1.0,0.0,3.0,0.0,5.0,0.0,0.0,0.0,0.0,1.0,2.0,11.0,2.0,0.0,10.0,12.0,12.0,9.0,14.0
CHEMBL254963,IC50,79.43,24.0,5.0,5.0,0.0,0.0,1.0,0.0,30.0,8.0,4.0,0.0,0.0,2.0,0.0,2.0,2.0,0.0,0.0,0.0,25.0,7.0,10.0,0.0,0.0,2.0,0.0,2.0,0.0,0.0,19.0,8.0,8.0,0.0,0.0,2.0,0.0,2.0,3.0,0.0,24.0,8.0,7.0,0.0,0.0,0.0,0.0,3.0,1.0,1.0,26.0,9.0,9.0,0.0,0.0,2.0,0.0,2.0,0.0,0.0,0.0,26.0,9.0,3.0,0.0,0.0,4.0,0.0,4.0,20.0,10.0,5.0,0.0,0.0,2.0,0.0,2.0,0.0,0.0,21.0,7.0,4.0,0.0,0.0,3.0,0.0,3.0,2.0,0.0,19.0,4.0,5.0,0.0,0.0,1.0,1.0,0.0,2.0,2.0,0.0,3.0,0.0,0.0,0.0,1.0,0.0,0.0,1.0,0.0,0.0,5.0,0.0,0.0,0.0,0.0,0.0,0.0,0.0,0.0,0.0,0.0,0.0,0.0,0.0,0.0,0.0,0.0,0.0,0.0,0.0,0.0,0.0,0.0,1.0,0.0,3.0,0.0,0.0,1.0,0.0,3.0,2.0,1.0,0.0,0.0,0.0,0.0,1.0,2.0,23.0,2.0,0.0,10.0,9.0,9.0,10.0,24.0
CHEMBL256731,IC50,39.81,21.0,5.0,5.0,0.0,0.0,1.0,0.0,25.0,9.0,7.0,0.0,0.0,2.0,0.0,2.0,1.0,0.0,0.0,0.0,22.0,7.0,7.0,0.0,0.0,2.0,0.0,2.0,1.0,0.0,17.0,10.0,7.0,0.0,0.0,2.0,0.0,2.0,2.0,0.0,24.0,7.0,4.0,0.0,0.0,0.0,0.0,3.0,1.0,1.0,26.0,8.0,6.0,0.0,0.0,2.0,0.0,2.0,1.0,0.0,0.0,24.0,7.0,3.0,0.0,0.0,4.0,0.0,4.0,19.0,6.0,4.0,0.0,0.0,2.0,0.0,2.0,0.0,0.0,17.0,4.0,5.0,0.0,0.0,3.0,0.0,3.0,1.0,0.0,16.0,3.0,5.0,0.0,0.0,2.0,2.0,1.0,1.0,1.0,1.0,5.0,1.0,2.0,1.0,1.0,0.0,0.0,1.0,0.0,0.0,8.0,0.0,4.0,0.0,0.0,3.0,0.0,0.0,0.0,2.0,1.0,0.0,0.0,0.0,0.0,1.0,1.0,1.0,1.0,2.0,1.0,0.0,3.0,1.0,0.0,3.0,0.0,0.0,1.0,0.0,3.0,1.0,1.0,2.0,0.0,0.0,0.0,1.0,2.0,17.0,3.0,0.0,10.0,13.0,13.0,8.0,19.0
CHEMBL256579,IC50,79.43,24.0,5.0,3.0,0.0,1.0,2.0,0.0,28.0,11.0,4.0,0.0,2.0,2.0,0.0,4.0,1.0,0.0,0.0,0.0,25.0,8.0,7.0,0.0,2.0,2.0,0.0,4.0,1.0,0.0,21.0,7.0,6.0,0.0,1.0,2.0,0.0,3.0,2.0,0.0,25.0,9.0,6.0,0.0,0.0,0.0,0.0,1.0,2.0,1.0,29.0,8.0,5.0,0.0,1.0,2.0,0.0,3.0,0.0,0.0,0.0,27.0,8.0,3.0,0.0,1.0,4.0,0.0,5.0,21.0,7.0,2.0,0.0,1.0,3.0,0.0,4.0,0.0,0.0,20.0,5.0,3.0,0.0,1.0,2.0,0.0,3.0,0.0,1.0,20.0,2.0,3.0,0.0,2.0,2.0,4.0,0.0,0.0,0.0,0.0,2.0,0.0,0.0,0.0,1.0,0.0,0.0,1.0,1.0,0.0,4.0,0.0,0.0,0.0,0.0,0.0,0.0,0.0,0.0,0.0,0.0,0.0,0.0,0.0,0.0,0.0,0.0,0.0,0.0,0.0,0.0,0.0,0.0,1.0,0.0,1.0,1.0,1.0,1.0,0.0,2.0,1.0,1.0,0.0,0.0,1.0,1.0,1.0,2.0,23.0,2.0,2.0,8.0,7.0,7.0,8.0,24.0
CHEMBL257970,IC50,125.89,20.0,5.0,3.0,0.0,0.0,1.0,0.0,23.0,11.0,4.0,0.0,0.0,2.0,0.0,2.0,1.0,0.0,0.0,0.0,22.0,6.0,7.0,0.0,0.0,2.0,0.0,2.0,1.0,0.0,19.0,6.0,6.0,0.0,0.0,2.0,0.0,2.0,2.0,0.0,22.0,9.0,4.0,0.0,0.0,0.0,0.0,1.0,1.0,1.0,26.0,6.0,4.0,0.0,0.0,2.0,0.0,2.0,0.0,0.0,0.0,24.0,5.0,3.0,0.0,0.0,4.0,0.0,4.0,16.0,6.0,2.0,0.0,0.0,3.0,0.0,3.0,0.0,0.0,16.0,5.0,3.0,0.0,0.0,2.0,0.0,2.0,0.0,1.0,15.0,2.0,3.0,0.0,0.0,2.0,2.0,0.0,0.0,0.0,1.0,2.0,0.0,0.0,0.0,3.0,0.0,0.0,1.0,0.0,0.0,7.0,0.0,2.0,0.0,0.0,1.0,0.0,0.0,0.0,0.0,0.0,0.0,0.0,0.0,0.0,0.0,0.0,0.0,0.0,0.0,2.0,2.0,0.0,2.0,1.0,1.0,0.0,0.0,1.0,0.0,2.0,1.0,3.0,0.0,0.0,1.0,0.0,1.0,2.0,17.0,2.0,2.0,8.0,9.0,9.0,8.0,19.0
CHEMBL212471,IC50,12.59,26.0,3.0,4.0,0.0,4.0,5.0,0.0,34.0,6.0,5.0,0.0,5.0,0.0,2.0,7.0,0.0,3.0,3.0,3.0,34.0,4.0,9.0,0.0,9.0,0.0,2.0,11.0,0.0,0.0,32.0,4.0,8.0,0.0,8.0,0.0,2.0,10.0,1.0,0.0,37.0,2.0,6.0,0.0,4.0,0.0,5.0,2.0,1.0,1.0,37.0,1.0,8.0,0.0,5.0,0.0,4.0,9.0,0.0,0.0,0.0,30.0,2.0,10.0,0.0,3.0,0.0,4.0,7.0,26.0,2.0,6.0,0.0,5.0,0.0,4.0,9.0,0.0,0.0,23.0,1.0,4.0,0.0,9.0,0.0,4.0,13.0,2.0,0.0,17.0,1.0,4.0,0.0,12.0,0.0,13.0,0.0,0.0,2.0,0.0,1.0,0.0,0.0,0.0,1.0,1.0,0.0,2.0,4.0,1.0,4.0,0.0,0.0,0.0,0.0,0.0,0.0,0.0,0.0,0.0,0.0,0.0,0.0,0.0,0.0,0.0,0.0,0.0,0.0,0.0,0.0,0.0,0.0,0.0,0.0,2.0,4.0,1.0,0.0,0.0,3.0,2.0,1.0,0.0,3.0,2.0,1.0,0.0,1.0,23.0,1.0,2.0,7.0,4.0,4.0,5.0,25.0
CHEMBL380046,IC50,12.59,25.0,3.0,4.0,0.0,0.0,2.0,0.0,32.0,6.0,5.0,0.0,0.0,2.0,2.0,4.0,0.0,0.0,0.0,0.0,32.0,4.0,9.0,0.0,0.0,3.0,2.0,5.0,0.0,0.0,31.0,4.0,8.0,0.0,0.0,1.0,2.0,3.0,1.0,0.0,36.0,2.0,6.0,0.0,0.0,1.0,2.0,2.0,1.0,1.0,37.0,1.0,7.0,0.0,0.0,2.0,4.0,6.0,0.0,0.0,0.0,29.0,2.0,10.0,0.0,0.0,3.0,4.0,7.0,24.0,2.0,6.0,0.0,0.0,2.0,4.0,6.0,0.0,0.0,20.0,1.0,4.0,0.0,0.0,3.0,4.0,7.0,2.0,0.0,15.0,0.0,4.0,0.0,0.0,3.0,4.0,0.0,0.0,2.0,0.0,1.0,0.0,0.0,0.0,1.0,1.0,1.0,1.0,0.0,1.0,3.0,0.0,0.0,0.0,0.0,0.0,0.0,0.0,0.0,0.0,0.0,0.0,0.0,0.0,0.0,0.0,0.0,0.0,0.0,0.0,0.0,0.0,0.0,0.0,0.0,2.0,0.0,0.0,0.0,0.0,3.0,2.0,1.0,0.0,0.0,2.0,0.0,0.0,1.0,23.0,1.0,2.0,7.0,4.0,4.0,4.0,24.0
CHEMBL377910,IC50,15.85,25.0,3.0,6.0,0.0,3.0,4.0,0.0,33.0,6.0,7.0,0.0,0.0,0.0,2.0,2.0,0.0,3.0,3.0,3.0,34.0,4.0,11.0,0.0,3.0,0.0,2.0,5.0,0.0,0.0,33.0,4.0,9.0,0.0,6.0,0.0,2.0,8.0,1.0,0.0,37.0,2.0,7.0,0.0,6.0,0.0,7.0,2.0,1.0,1.0,38.0,1.0,7.0,0.0,3.0,0.0,4.0,7.0,0.0,0.0,0.0,29.0,2.0,12.0,0.0,3.0,0.0,4.0,7.0,25.0,2.0,8.0,0.0,0.0,0.0,4.0,4.0,3.0,3.0,22.0,1.0,7.0,0.0,3.0,0.0,4.0,7.0,2.0,0.0,18.0,0.0,6.0,0.0,6.0,0.0,7.0,0.0,0.0,2.0,0.0,1.0,0.0,0.0,0.0,1.0,1.0,0.0,1.0,3.0,1.0,4.0,0.0,0.0,0.0,0.0,0.0,0.0,0.0,0.0,0.0,0.0,0.0,0.0,0.0,0.0,0.0,0.0,0.0,0.0,0.0,0.0,0.0,0.0,0.0,0.0,3.0,3.0,0.0,0.0,0.0,4.0,2.0,1.0,0.0,3.0,2.0,0.0,0.0,1.0,23.0,1.0,2.0,9.0,4.0,4.0,6.0,25.0
CHEMBL404309,IC50,100.0,14.0,5.0,3.0,2.0,0.0,1.0,0.0,21.0,5.0,4.0,1.0,0.0,2.0,0.0,2.0,0.0,0.0,0.0,0.0,17.0,7.0,6.0,3.0,0.0,2.0,0.0,2.0,2.0,0.0,18.0,6.0,4.0,3.0,0.0,1.0,0.0,1.0,1.0,0.0,17.0,5.0,3.0,3.0,0.0,3.0,3.0,2.0,0.0,0.0,16.0,2.0,5.0,2.0,0.0,1.0,0.0,1.0,1.0,0.0,0.0,9.0,2.0,8.0,2.0,0.0,3.0,0.0,3.0,6.0,0.0,7.0,0.0,0.0,3.0,0.0,3.0,0.0,0.0,2.0,0.0,4.0,0.0,0.0,0.0,0.0,0.0,2.0,2.0,0.0,0.0,4.0,0.0,0.0,0.0,0.0,0.0,0.0,0.0,1.0,0.0,0.0,0.0,0.0,2.0,0.0,0.0,1.0,0.0,0.0,5.0,0.0,3.0,1.0,0.0,3.0,0.0,0.0,0.0,0.0,0.0,0.0,0.0,0.0,0.0,0.0,0.0,0.0,0.0,0.0,0.0,0.0,0.0,0.0,0.0,1.0,0.0,0.0,0.0,0.0,3.0,0.0,2.0,0.0,0.0,2.0,0.0,1.0,3.0,14.0,3.0,4.0,10.0,3.0,3.0,3.0,15.0
CHEMBL233361,IC50,63.1,25.0,5.0,3.0,0.0,0.0,1.0,0.0,31.0,9.0,4.0,0.0,0.0,2.0,0.0,2.0,1.0,0.0,0.0,0.0,33.0,6.0,6.0,0.0,0.0,2.0,0.0,2.0,0.0,0.0,34.0,4.0,6.0,0.0,0.0,2.0,0.0,2.0,1.0,0.0,37.0,5.0,6.0,0.0,0.0,1.0,1.0,0.0,1.0,1.0,36.0,6.0,4.0,0.0,0.0,4.0,0.0,4.0,1.0,0.0,0.0,33.0,4.0,4.0,0.0,0.0,4.0,0.0,4.0,28.0,4.0,5.0,0.0,0.0,4.0,0.0,4.0,0.0,0.0,22.0,3.0,3.0,0.0,0.0,3.0,0.0,3.0,0.0,0.0,18.0,1.0,3.0,0.0,0.0,2.0,2.0,1.0,0.0,0.0,0.0,1.0,0.0,0.0,0.0,2.0,0.0,0.0,1.0,0.0,0.0,4.0,0.0,1.0,0.0,0.0,0.0,0.0,0.0,0.0,0.0,0.0,0.0,0.0,0.0,0.0,0.0,0.0,0.0,0.0,0.0,1.0,0.0,0.0,1.0,0.0,1.0,0.0,0.0,1.0,0.0,2.0,1.0,2.0,0.0,0.0,0.0,0.0,0.0,1.0,23.0,1.0,0.0,8.0,6.0,6.0,5.0,25.0
CHEMBL1915254,IC50,5.012,20.0,4.0,3.0,0.0,0.0,1.0,0.0,25.0,9.0,5.0,0.0,0.0,2.0,0.0,2.0,1.0,0.0,0.0,0.0,24.0,6.0,6.0,0.0,0.0,2.0,0.0,2.0,1.0,0.0,22.0,5.0,4.0,0.0,0.0,3.0,0.0,3.0,2.0,0.0,21.0,7.0,4.0,0.0,0.0,1.0,1.0,1.0,1.0,1.0,23.0,5.0,4.0,0.0,0.0,2.0,0.0,2.0,0.0,0.0,0.0,20.0,5.0,3.0,0.0,0.0,5.0,0.0,5.0,11.0,6.0,2.0,0.0,0.0,3.0,0.0,3.0,0.0,0.0,9.0,6.0,3.0,0.0,0.0,1.0,0.0,1.0,0.0,1.0,9.0,2.0,1.0,0.0,0.0,0.0,0.0,0.0,0.0,0.0,0.0,1.0,0.0,0.0,0.0,1.0,0.0,0.0,0.0,0.0,0.0,3.0,0.0,0.0,0.0,0.0,0.0,0.0,0.0,0.0,0.0,0.0,0.0,0.0,0.0,0.0,0.0,0.0,0.0,0.0,0.0,0.0,0.0,0.0,1.0,0.0,0.0,0.0,0.0,1.0,0.0,1.0,0.0,1.0,0.0,0.0,1.0,0.0,1.0,3.0,20.0,3.0,2.0,7.0,4.0,4.0,3.0,19.0
CHEMBL382197,IC50,18550.0,28.0,3.0,4.0,2.0,0.0,0.0,0.0,35.0,4.0,5.0,4.0,0.0,0.0,0.0,0.0,1.0,0.0,0.0,0.0,35.0,2.0,7.0,1.0,0.0,0.0,0.0,0.0,0.0,2.0,31.0,2.0,9.0,1.0,0.0,0.0,0.0,0.0,0.0,0.0,30.0,2.0,7.0,0.0,0.0,0.0,0.0,1.0,0.0,0.0,26.0,3.0,9.0,2.0,0.0,0.0,0.0,0.0,0.0,0.0,0.0,25.0,3.0,7.0,3.0,0.0,0.0,0.0,0.0,27.0,2.0,6.0,1.0,0.0,0.0,0.0,0.0,0.0,0.0,23.0,2.0,9.0,1.0,0.0,0.0,0.0,0.0,0.0,0.0,20.0,2.0,9.0,1.0,0.0,0.0,0.0,2.0,0.0,0.0,2.0,8.0,4.0,4.0,1.0,0.0,2.0,0.0,0.0,0.0,2.0,12.0,0.0,9.0,0.0,0.0,7.0,0.0,0.0,1.0,5.0,4.0,3.0,2.0,1.0,1.0,1.0,2.0,1.0,4.0,1.0,4.0,8.0,2.0,3.0,3.0,2.0,0.0,0.0,1.0,0.0,4.0,0.0,0.0,7.0,0.0,1.0,0.0,0.0,1.0,17.0,2.0,2.0,9.0,15.0,15.0,10.0,21.0
CHEMBL388242,IC50,5.012,25.0,3.0,4.0,0.0,2.0,4.0,0.0,32.0,6.0,5.0,0.0,4.0,2.0,2.0,8.0,0.0,0.0,0.0,0.0,32.0,4.0,9.0,0.0,5.0,2.0,2.0,9.0,0.0,0.0,31.0,4.0,8.0,0.0,2.0,2.0,2.0,6.0,1.0,0.0,36.0,2.0,6.0,0.0,2.0,1.0,5.0,2.0,1.0,3.0,37.0,1.0,7.0,0.0,2.0,4.0,4.0,10.0,0.0,1.0,1.0,29.0,2.0,10.0,0.0,4.0,4.0,2.0,10.0,24.0,2.0,6.0,0.0,4.0,4.0,2.0,10.0,0.0,1.0,20.0,1.0,4.0,0.0,6.0,4.0,2.0,12.0,2.0,0.0,15.0,0.0,4.0,0.0,5.0,1.0,7.0,0.0,2.0,2.0,0.0,1.0,0.0,0.0,0.0,1.0,1.0,0.0,2.0,2.0,1.0,3.0,0.0,0.0,0.0,0.0,0.0,0.0,0.0,0.0,0.0,0.0,0.0,0.0,0.0,0.0,0.0,0.0,0.0,0.0,0.0,0.0,0.0,0.0,0.0,0.0,2.0,2.0,2.0,0.0,0.0,3.0,2.0,1.0,0.0,0.0,2.0,2.0,0.0,1.0,23.0,1.0,2.0,7.0,4.0,4.0,4.0,24.0
CHEMBL480790,IC50,12.59,26.0,7.0,3.0,0.0,0.0,1.0,0.0,31.0,13.0,4.0,0.0,0.0,2.0,0.0,2.0,1.0,0.0,0.0,0.0,29.0,10.0,7.0,0.0,0.0,2.0,0.0,2.0,1.0,0.0,25.0,9.0,6.0,0.0,0.0,2.0,0.0,2.0,2.0,0.0,29.0,11.0,6.0,0.0,0.0,0.0,0.0,1.0,1.0,1.0,33.0,8.0,5.0,0.0,0.0,2.0,0.0,2.0,0.0,0.0,0.0,29.0,10.0,4.0,0.0,0.0,4.0,0.0,4.0,23.0,10.0,2.0,0.0,0.0,3.0,0.0,3.0,0.0,0.0,23.0,7.0,4.0,0.0,0.0,2.0,0.0,2.0,0.0,1.0,24.0,4.0,4.0,0.0,0.0,2.0,2.0,0.0,0.0,0.0,0.0,4.0,0.0,0.0,0.0,2.0,0.0,0.0,1.0,0.0,0.0,7.0,0.0,1.0,0.0,0.0,0.0,0.0,0.0,0.0,0.0,0.0,0.0,0.0,0.0,0.0,0.0,0.0,0.0,0.0,0.0,1.0,1.0,0.0,3.0,1.0,1.0,0.0,0.0,2.0,0.0,2.0,1.0,2.0,0.0,0.0,1.0,0.0,1.0,2.0,23.0,2.0,2.0,10.0,11.0,11.0,11.0,25.0
CHEMBL234728,IC50,5.012,25.0,5.0,7.0,0.0,0.0,1.0,0.0,34.0,8.0,5.0,0.0,0.0,2.0,0.0,2.0,2.0,0.0,0.0,0.0,34.0,7.0,12.0,0.0,0.0,2.0,0.0,2.0,0.0,0.0,34.0,6.0,12.0,0.0,0.0,2.0,0.0,2.0,1.0,0.0,40.0,5.0,10.0,0.0,0.0,1.0,1.0,4.0,1.0,1.0,41.0,5.0,13.0,0.0,0.0,4.0,0.0,4.0,2.0,0.0,0.0,35.0,5.0,14.0,0.0,0.0,4.0,0.0,4.0,28.0,4.0,16.0,0.0,0.0,4.0,0.0,4.0,0.0,0.0,26.0,3.0,9.0,0.0,0.0,4.0,0.0,4.0,2.0,0.0,19.0,1.0,8.0,0.0,0.0,2.0,2.0,2.0,2.0,2.0,0.0,1.0,0.0,0.0,0.0,2.0,1.0,0.0,1.0,0.0,1.0,5.0,0.0,0.0,0.0,0.0,0.0,0.0,0.0,0.0,0.0,0.0,0.0,0.0,0.0,0.0,0.0,0.0,0.0,0.0,0.0,0.0,0.0,0.0,1.0,0.0,4.0,0.0,0.0,1.0,0.0,5.0,2.0,1.0,0.0,0.0,2.0,0.0,0.0,1.0,23.0,1.0,2.0,12.0,7.0,7.0,7.0,26.0
CHEMBL390660,IC50,5.012,27.0,5.0,4.0,1.0,0.0,1.0,2.0,34.0,10.0,7.0,3.0,0.0,2.0,0.0,2.0,2.0,0.0,0.0,0.0,36.0,6.0,15.0,2.0,0.0,2.0,0.0,2.0,0.0,0.0,37.0,6.0,12.0,2.0,0.0,2.0,0.0,2.0,1.0,0.0,42.0,5.0,10.0,2.0,0.0,1.0,1.0,4.0,1.0,1.0,43.0,7.0,13.0,2.0,0.0,4.0,0.0,4.0,2.0,0.0,0.0,37.0,4.0,18.0,4.0,0.0,4.0,0.0,4.0,34.0,4.0,14.0,2.0,0.0,4.0,0.0,4.0,0.0,0.0,26.0,3.0,9.0,2.0,0.0,4.0,0.0,4.0,2.0,0.0,21.0,1.0,10.0,2.0,0.0,2.0,2.0,2.0,2.0,2.0,0.0,4.0,0.0,2.0,1.0,1.0,1.0,0.0,1.0,0.0,1.0,6.0,0.0,2.0,0.0,0.0,1.0,0.0,0.0,0.0,0.0,0.0,0.0,0.0,0.0,0.0,0.0,0.0,0.0,1.0,0.0,1.0,0.0,0.0,1.0,0.0,2.0,0.0,0.0,1.0,2.0,5.0,2.0,1.0,1.0,0.0,2.0,0.0,0.0,1.0,23.0,3.0,2.0,10.0,8.0,8.0,5.0,26.0
CHEMBL388243,IC50,12.59,26.0,3.0,4.0,0.0,5.0,6.0,0.0,34.0,6.0,5.0,0.0,7.0,0.0,2.0,9.0,0.0,3.0,3.0,3.0,34.0,4.0,9.0,0.0,11.0,0.0,2.0,13.0,0.0,0.0,33.0,5.0,8.0,0.0,8.0,0.0,2.0,10.0,1.0,0.0,38.0,2.0,8.0,0.0,8.0,0.0,9.0,2.0,4.0,1.0,41.0,1.0,7.0,0.0,8.0,0.0,4.0,12.0,0.0,7.0,7.0,31.0,2.0,10.0,0.0,16.0,0.0,4.0,20.0,26.0,2.0,7.0,0.0,10.0,0.0,4.0,14.0,0.0,0.0,22.0,1.0,4.0,0.0,12.0,0.0,5.0,17.0,2.0,3.0,16.0,0.0,4.0,0.0,11.0,0.0,12.0,0.0,0.0,2.0,0.0,1.0,0.0,0.0,0.0,1.0,1.0,0.0,2.0,5.0,1.0,4.0,0.0,0.0,0.0,0.0,0.0,0.0,0.0,0.0,0.0,0.0,0.0,0.0,0.0,0.0,0.0,0.0,0.0,0.0,0.0,0.0,0.0,0.0,0.0,0.0,2.0,5.0,2.0,0.0,0.0,3.0,2.0,1.0,0.0,3.0,2.0,2.0,0.0,1.0,23.0,1.0,2.0,7.0,4.0,4.0,5.0,25.0
CHEMBL386532,IC50,1230.27,22.0,3.0,4.0,0.0,0.0,1.0,0.0,29.0,8.0,5.0,0.0,0.0,0.0,2.0,2.0,0.0,0.0,0.0,0.0,27.0,5.0,7.0,0.0,0.0,0.0,2.0,2.0,2.0,0.0,23.0,4.0,5.0,0.0,0.0,0.0,2.0,2.0,3.0,0.0,23.0,4.0,6.0,0.0,0.0,0.0,0.0,1.0,1.0,1.0,25.0,3.0,6.0,0.0,0.0,0.0,2.0,2.0,0.0,0.0,0.0,20.0,3.0,8.0,0.0,0.0,0.0,4.0,4.0,17.0,4.0,4.0,0.0,0.0,0.0,3.0,3.0,0.0,0.0,19.0,3.0,4.0,0.0,0.0,0.0,2.0,2.0,0.0,2.0,19.0,2.0,2.0,0.0,0.0,0.0,1.0,0.0,0.0,0.0,0.0,2.0,0.0,0.0,0.0,4.0,1.0,0.0,1.0,0.0,1.0,8.0,0.0,3.0,1.0,0.0,3.0,0.0,0.0,3.0,0.0,0.0,0.0,0.0,0.0,0.0,0.0,0.0,0.0,0.0,0.0,0.0,0.0,0.0,0.0,0.0,2.0,0.0,0.0,0.0,0.0,3.0,1.0,4.0,0.0,0.0,1.0,0.0,1.0,2.0,17.0,2.0,2.0,7.0,9.0,9.0,7.0,18.0
CHEMBL523679,IC50,7.943,23.0,8.0,5.0,0.0,0.0,1.0,0.0,29.0,14.0,6.0,0.0,0.0,2.0,0.0,2.0,1.0,0.0,0.0,0.0,28.0,10.0,7.0,0.0,0.0,2.0,0.0,2.0,2.0,0.0,27.0,9.0,5.0,0.0,0.0,2.0,0.0,2.0,2.0,0.0,31.0,11.0,6.0,0.0,0.0,0.0,0.0,1.0,1.0,1.0,31.0,8.0,7.0,0.0,0.0,2.0,0.0,2.0,0.0,0.0,0.0,22.0,11.0,6.0,0.0,0.0,4.0,0.0,4.0,19.0,9.0,3.0,0.0,0.0,3.0,0.0,3.0,0.0,0.0,22.0,4.0,5.0,0.0,0.0,0.0,0.0,0.0,0.0,1.0,19.0,4.0,6.0,0.0,0.0,1.0,1.0,0.0,0.0,0.0,1.0,7.0,1.0,2.0,0.0,3.0,0.0,0.0,1.0,0.0,0.0,12.0,0.0,5.0,1.0,0.0,3.0,0.0,0.0,0.0,0.0,0.0,0.0,0.0,0.0,0.0,0.0,0.0,0.0,0.0,2.0,2.0,4.0,3.0,4.0,3.0,3.0,0.0,0.0,2.0,0.0,3.0,0.0,3.0,0.0,0.0,1.0,0.0,1.0,2.0,17.0,4.0,2.0,13.0,17.0,17.0,10.0,20.0
CHEMBL460168,IC50,316.23,28.0,0.0,4.0,0.0,0.0,1.0,0.0,37.0,0.0,5.0,0.0,0.0,2.0,0.0,2.0,0.0,0.0,0.0,0.0,36.0,0.0,9.0,0.0,0.0,2.0,0.0,2.0,0.0,0.0,34.0,0.0,9.0,0.0,0.0,1.0,0.0,1.0,0.0,0.0,38.0,0.0,8.0,0.0,0.0,2.0,2.0,0.0,0.0,0.0,38.0,0.0,7.0,0.0,0.0,3.0,0.0,3.0,0.0,0.0,0.0,33.0,0.0,8.0,0.0,0.0,5.0,0.0,5.0,26.0,0.0,8.0,0.0,0.0,5.0,0.0,5.0,0.0,0.0,21.0,0.0,4.0,0.0,0.0,3.0,0.0,3.0,2.0,0.0,15.0,0.0,4.0,0.0,0.0,2.0,2.0,0.0,0.0,0.0,0.0,1.0,0.0,0.0,0.0,0.0,1.0,1.0,1.0,0.0,1.0,2.0,0.0,0.0,0.0,0.0,0.0,0.0,0.0,0.0,0.0,0.0,0.0,0.0,0.0,0.0,0.0,0.0,0.0,0.0,0.0,0.0,0.0,0.0,0.0,0.0,2.0,0.0,0.0,0.0,0.0,3.0,2.0,0.0,0.0,0.0,2.0,0.0,0.0,0.0,24.0,0.0,2.0,4.0,3.0,3.0,4.0,25.0
CHEMBL456496,IC50,6.31,30.0,2.0,5.0,0.0,0.0,1.0,0.0,39.0,3.0,6.0,0.0,0.0,2.0,0.0,2.0,1.0,0.0,0.0,0.0,39.0,3.0,11.0,0.0,0.0,2.0,0.0,2.0,0.0,0.0,39.0,3.0,11.0,0.0,0.0,2.0,0.0,2.0,0.0,0.0,45.0,2.0,10.0,0.0,0.0,2.0,2.0,2.0,0.0,1.0,45.0,3.0,12.0,0.0,0.0,4.0,0.0,4.0,0.0,0.0,0.0,41.0,3.0,12.0,0.0,0.0,4.0,0.0,4.0,34.0,2.0,13.0,0.0,0.0,4.0,0.0,4.0,0.0,0.0,29.0,2.0,8.0,0.0,0.0,4.0,0.0,4.0,2.0,0.0,22.0,1.0,7.0,0.0,0.0,2.0,2.0,1.0,2.0,2.0,0.0,2.0,0.0,0.0,0.0,1.0,1.0,1.0,1.0,0.0,1.0,5.0,0.0,2.0,0.0,0.0,1.0,0.0,0.0,0.0,0.0,0.0,0.0,0.0,0.0,0.0,0.0,0.0,0.0,1.0,0.0,1.0,0.0,0.0,1.0,0.0,2.0,0.0,0.0,1.0,0.0,4.0,2.0,1.0,1.0,0.0,2.0,0.0,0.0,0.0,24.0,0.0,2.0,7.0,7.0,7.0,7.0,27.0
CHEMBL377034,IC50,50.12,25.0,3.0,6.0,0.0,0.0,1.0,0.0,33.0,6.0,7.0,0.0,0.0,0.0,2.0,2.0,0.0,0.0,0.0,0.0,34.0,4.0,11.0,0.0,0.0,0.0,2.0,2.0,0.0,0.0,33.0,4.0,9.0,0.0,0.0,0.0,2.0,2.0,1.0,0.0,37.0,2.0,7.0,0.0,0.0,0.0,1.0,2.0,1.0,1.0,38.0,1.0,7.0,0.0,0.0,0.0,4.0,4.0,0.0,0.0,0.0,29.0,2.0,12.0,0.0,0.0,0.0,4.0,4.0,25.0,2.0,8.0,0.0,0.0,0.0,4.0,4.0,0.0,0.0,22.0,1.0,7.0,0.0,0.0,0.0,4.0,4.0,2.0,0.0,18.0,0.0,6.0,0.0,0.0,0.0,1.0,0.0,0.0,2.0,0.0,1.0,0.0,0.0,0.0,2.0,1.0,0.0,1.0,0.0,1.0,4.0,0.0,0.0,0.0,0.0,0.0,0.0,0.0,0.0,0.0,0.0,0.0,0.0,0.0,0.0,0.0,0.0,0.0,0.0,0.0,0.0,0.0,0.0,0.0,0.0,3.0,0.0,0.0,0.0,0.0,4.0,2.0,1.0,0.0,0.0,2.0,0.0,0.0,1.0,23.0,1.0,2.0,9.0,5.0,5.0,5.0,24.0
CHEMBL378641,IC50,6.31,25.0,3.0,4.0,0.0,2.0,3.0,0.0,32.0,6.0,5.0,0.0,4.0,0.0,2.0,6.0,0.0,0.0,0.0,0.0,32.0,4.0,9.0,0.0,5.0,0.0,2.0,7.0,0.0,0.0,31.0,4.0,8.0,0.0,3.0,0.0,2.0,5.0,1.0,0.0,36.0,2.0,6.0,0.0,1.0,0.0,2.0,2.0,1.0,2.0,37.0,1.0,7.0,0.0,3.0,0.0,4.0,7.0,0.0,0.0,0.0,29.0,2.0,10.0,0.0,5.0,0.0,4.0,9.0,24.0,2.0,6.0,0.0,5.0,0.0,4.0,9.0,0.0,0.0,20.0,1.0,4.0,0.0,5.0,0.0,4.0,9.0,2.0,0.0,15.0,0.0,4.0,0.0,6.0,0.0,7.0,0.0,0.0,2.0,0.0,1.0,0.0,0.0,0.0,1.0,1.0,0.0,1.0,2.0,1.0,3.0,0.0,0.0,0.0,0.0,0.0,0.0,0.0,0.0,0.0,0.0,0.0,0.0,0.0,0.0,0.0,0.0,0.0,0.0,0.0,0.0,0.0,0.0,0.0,0.0,2.0,2.0,2.0,0.0,0.0,3.0,2.0,1.0,0.0,0.0,2.0,2.0,0.0,1.0,23.0,1.0,2.0,7.0,4.0,4.0,4.0,24.0
CHEMBL176692,IC50,4600.0,23.0,0.0,5.0,2.0,0.0,0.0,0.0,27.0,0.0,8.0,3.0,0.0,0.0,0.0,0.0,0.0,0.0,0.0,0.0,24.0,0.0,9.0,3.0,0.0,0.0,0.0,0.0,0.0,1.0,21.0,0.0,8.0,3.0,0.0,0.0,0.0,0.0,0.0,1.0,21.0,0.0,10.0,1.0,0.0,0.0,0.0,0.0,0.0,0.0,19.0,0.0,11.0,2.0,0.0,0.0,0.0,0.0,0.0,0.0,0.0,17.0,0.0,8.0,3.0,0.0,0.0,0.0,0.0,19.0,0.0,6.0,1.0,0.0,0.0,0.0,0.0,0.0,0.0,19.0,0.0,10.0,1.0,0.0,0.0,0.0,0.0,0.0,0.0,16.0,0.0,12.0,1.0,0.0,0.0,0.0,2.0,0.0,0.0,5.0,10.0,6.0,6.0,4.0,1.0,4.0,0.0,0.0,0.0,4.0,17.0,2.0,16.0,2.0,0.0,18.0,8.0,10.0,0.0,21.0,20.0,20.0,19.0,17.0,12.0,11.0,0.0,10.0,0.0,8.0,0.0,0.0,7.0,0.0,0.0,4.0,0.0,0.0,0.0,0.0,5.0,0.0,1.0,9.0,0.0,0.0,0.0,0.0,0.0,6.0,0.0,0.0,7.0,22.0,22.0,13.0,12.0
CHEMBL258199,IC50,25.12,20.0,5.0,5.0,0.0,0.0,1.0,0.0,25.0,8.0,6.0,0.0,0.0,2.0,0.0,2.0,2.0,0.0,0.0,0.0,22.0,7.0,8.0,0.0,0.0,2.0,0.0,2.0,0.0,0.0,16.0,10.0,8.0,0.0,0.0,2.0,0.0,2.0,3.0,0.0,24.0,6.0,4.0,0.0,0.0,0.0,0.0,3.0,1.0,1.0,25.0,9.0,7.0,0.0,0.0,2.0,0.0,2.0,0.0,0.0,0.0,24.0,8.0,2.0,0.0,0.0,4.0,0.0,4.0,19.0,6.0,5.0,0.0,0.0,2.0,0.0,2.0,0.0,0.0,16.0,4.0,4.0,0.0,0.0,3.0,0.0,3.0,2.0,0.0,16.0,3.0,5.0,0.0,0.0,1.0,1.0,0.0,2.0,2.0,0.0,2.0,0.0,0.0,0.0,4.0,0.0,0.0,1.0,0.0,0.0,8.0,0.0,3.0,1.0,0.0,3.0,0.0,0.0,0.0,0.0,0.0,0.0,0.0,0.0,0.0,0.0,0.0,0.0,0.0,0.0,0.0,0.0,3.0,1.0,0.0,3.0,0.0,0.0,1.0,0.0,3.0,1.0,4.0,0.0,0.0,0.0,0.0,1.0,2.0,17.0,2.0,0.0,10.0,10.0,10.0,9.0,19.0
CHEMBL210268,IC50,316.23,26.0,2.0,4.0,0.0,0.0,1.0,0.0,35.0,2.0,5.0,0.0,0.0,2.0,0.0,2.0,0.0,0.0,0.0,0.0,34.0,2.0,9.0,0.0,0.0,2.0,0.0,2.0,0.0,0.0,31.0,3.0,9.0,0.0,0.0,2.0,0.0,2.0,0.0,0.0,34.0,4.0,8.0,0.0,0.0,2.0,2.0,0.0,0.0,1.0,34.0,4.0,6.0,0.0,0.0,4.0,0.0,4.0,1.0,0.0,0.0,31.0,2.0,6.0,0.0,0.0,3.0,0.0,3.0,25.0,1.0,8.0,0.0,0.0,4.0,0.0,4.0,0.0,0.0,19.0,2.0,4.0,0.0,0.0,4.0,0.0,4.0,2.0,0.0,13.0,2.0,4.0,0.0,0.0,1.0,1.0,0.0,2.0,2.0,0.0,1.0,0.0,0.0,0.0,0.0,1.0,0.0,1.0,0.0,1.0,2.0,0.0,0.0,0.0,0.0,0.0,0.0,0.0,0.0,0.0,0.0,0.0,0.0,0.0,0.0,0.0,0.0,0.0,0.0,0.0,0.0,0.0,0.0,0.0,0.0,2.0,0.0,0.0,0.0,0.0,3.0,2.0,0.0,0.0,0.0,2.0,0.0,1.0,1.0,24.0,1.0,2.0,6.0,3.0,3.0,4.0,24.0
CHEMBL207293,IC50,125.89,22.0,5.0,4.0,0.0,0.0,1.0,0.0,30.0,5.0,5.0,0.0,0.0,2.0,0.0,2.0,0.0,0.0,0.0,0.0,27.0,6.0,9.0,0.0,0.0,2.0,0.0,2.0,0.0,0.0,24.0,8.0,8.0,0.0,0.0,2.0,0.0,2.0,1.0,0.0,28.0,6.0,5.0,0.0,0.0,1.0,1.0,3.0,1.0,1.0,29.0,5.0,6.0,0.0,0.0,3.0,0.0,3.0,0.0,0.0,0.0,26.0,3.0,6.0,0.0,0.0,3.0,0.0,3.0,21.0,4.0,6.0,0.0,0.0,4.0,0.0,4.0,0.0,0.0,16.0,3.0,4.0,0.0,0.0,4.0,0.0,4.0,2.0,0.0,12.0,1.0,4.0,0.0,0.0,1.0,1.0,0.0,2.0,2.0,0.0,1.0,0.0,0.0,0.0,0.0,1.0,0.0,1.0,0.0,1.0,2.0,0.0,0.0,0.0,0.0,0.0,0.0,0.0,0.0,0.0,0.0,0.0,0.0,0.0,0.0,0.0,0.0,0.0,0.0,0.0,0.0,0.0,0.0,0.0,0.0,2.0,0.0,0.0,0.0,0.0,3.0,2.0,0.0,0.0,0.0,2.0,0.0,1.0,2.0,23.0,2.0,2.0,9.0,3.0,3.0,4.0,23.0
CHEMBL233359,IC50,199.53,26.0,6.0,3.0,0.0,2.0,3.0,0.0,33.0,10.0,5.0,0.0,4.0,0.0,2.0,6.0,1.0,0.0,0.0,0.0,34.0,9.0,6.0,0.0,5.0,0.0,2.0,7.0,0.0,0.0,34.0,8.0,6.0,0.0,2.0,0.0,2.0,4.0,1.0,0.0,40.0,4.0,6.0,0.0,2.0,0.0,3.0,0.0,1.0,1.0,40.0,6.0,4.0,0.0,2.0,0.0,4.0,6.0,1.0,1.0,1.0,32.0,11.0,4.0,0.0,4.0,0.0,4.0,8.0,30.0,6.0,6.0,0.0,4.0,0.0,4.0,8.0,0.0,0.0,26.0,5.0,2.0,0.0,6.0,0.0,4.0,10.0,0.0,0.0,19.0,4.0,3.0,0.0,5.0,0.0,6.0,1.0,0.0,0.0,0.0,1.0,0.0,0.0,0.0,2.0,0.0,0.0,2.0,2.0,0.0,3.0,0.0,0.0,0.0,0.0,0.0,0.0,0.0,0.0,0.0,0.0,0.0,0.0,0.0,0.0,0.0,0.0,0.0,0.0,0.0,0.0,0.0,0.0,0.0,0.0,1.0,2.0,2.0,0.0,0.0,1.0,1.0,2.0,0.0,0.0,0.0,2.0,2.0,4.0,28.0,4.0,0.0,9.0,4.0,4.0,3.0,25.0
CHEMBL392047,IC50,39.81,25.0,5.0,2.0,0.0,0.0,1.0,0.0,32.0,11.0,3.0,0.0,0.0,2.0,0.0,2.0,0.0,0.0,0.0,0.0,32.0,8.0,5.0,0.0,0.0,2.0,0.0,2.0,0.0,0.0,31.0,7.0,4.0,0.0,0.0,2.0,0.0,2.0,1.0,0.0,36.0,2.0,4.0,0.0,0.0,1.0,1.0,0.0,1.0,1.0,37.0,5.0,3.0,0.0,0.0,4.0,0.0,4.0,0.0,0.0,0.0,29.0,10.0,2.0,0.0,0.0,4.0,0.0,4.0,24.0,6.0,2.0,0.0,0.0,4.0,0.0,4.0,0.0,0.0,20.0,5.0,0.0,0.0,0.0,4.0,0.0,4.0,0.0,0.0,15.0,4.0,0.0,0.0,0.0,1.0,1.0,0.0,0.0,0.0,0.0,1.0,0.0,0.0,0.0,1.0,0.0,0.0,2.0,0.0,0.0,2.0,0.0,0.0,0.0,0.0,0.0,0.0,0.0,0.0,0.0,0.0,0.0,0.0,0.0,0.0,0.0,0.0,0.0,0.0,0.0,0.0,0.0,0.0,0.0,0.0,1.0,0.0,0.0,0.0,0.0,1.0,1.0,1.0,0.0,0.0,0.0,0.0,1.0,3.0,26.0,3.0,0.0,7.0,5.0,5.0,3.0,25.0
CHEMBL231722,IC50,19.95,25.0,5.0,3.0,0.0,2.0,3.0,0.0,33.0,7.0,4.0,0.0,4.0,0.0,2.0,6.0,1.0,0.0,0.0,0.0,33.0,6.0,8.0,0.0,5.0,0.0,2.0,7.0,0.0,0.0,33.0,6.0,6.0,0.0,2.0,0.0,2.0,4.0,1.0,0.0,38.0,3.0,5.0,0.0,2.0,0.0,3.0,1.0,1.0,1.0,38.0,4.0,5.0,0.0,2.0,0.0,4.0,6.0,0.0,1.0,1.0,31.0,6.0,6.0,0.0,4.0,0.0,4.0,8.0,28.0,4.0,4.0,0.0,4.0,0.0,4.0,8.0,0.0,0.0,22.0,3.0,2.0,0.0,6.0,0.0,4.0,10.0,1.0,0.0,17.0,2.0,3.0,0.0,5.0,0.0,6.0,0.0,0.0,1.0,0.0,1.0,0.0,0.0,0.0,2.0,0.0,0.0,2.0,2.0,0.0,4.0,0.0,0.0,0.0,0.0,0.0,0.0,0.0,0.0,0.0,0.0,0.0,0.0,0.0,0.0,0.0,0.0,0.0,0.0,0.0,0.0,0.0,0.0,2.0,1.0,1.0,2.0,2.0,1.0,0.0,2.0,1.0,1.0,0.0,0.0,2.0,2.0,0.0,1.0,23.0,1.0,2.0,8.0,5.0,5.0,5.0,25.0
CHEMBL234174,IC50,50.12,27.0,6.0,3.0,0.0,2.0,3.0,0.0,35.0,9.0,4.0,0.0,4.0,0.0,2.0,6.0,1.0,0.0,0.0,0.0,38.0,6.0,9.0,0.0,5.0,0.0,2.0,7.0,0.0,0.0,38.0,5.0,8.0,0.0,2.0,0.0,2.0,4.0,1.0,0.0,42.0,4.0,5.0,0.0,2.0,0.0,3.0,0.0,1.0,1.0,41.0,1.0,3.0,0.0,2.0,0.0,4.0,6.0,1.0,1.0,1.0,33.0,6.0,4.0,0.0,4.0,0.0,4.0,8.0,28.0,8.0,5.0,0.0,4.0,0.0,4.0,8.0,0.0,0.0,32.0,3.0,3.0,0.0,6.0,0.0,3.0,9.0,0.0,0.0,28.0,2.0,2.0,0.0,5.0,0.0,7.0,1.0,0.0,0.0,0.0,3.0,0.0,0.0,0.0,3.0,0.0,0.0,2.0,2.0,0.0,7.0,0.0,2.0,0.0,0.0,0.0,0.0,0.0,0.0,0.0,0.0,0.0,0.0,0.0,0.0,0.0,0.0,0.0,0.0,0.0,2.0,4.0,0.0,3.0,3.0,1.0,2.0,2.0,1.0,0.0,2.0,1.0,3.0,0.0,0.0,2.0,2.0,0.0,1.0,23.0,1.0,2.0,9.0,7.0,7.0,7.0,25.0
CHEMBL232734,IC50,199.53,24.0,3.0,2.0,2.0,0.0,1.0,2.0,31.0,6.0,7.0,2.0,0.0,0.0,2.0,2.0,0.0,0.0,0.0,0.0,32.0,4.0,9.0,2.0,0.0,0.0,2.0,2.0,0.0,0.0,32.0,3.0,8.0,1.0,0.0,0.0,2.0,2.0,1.0,0.0,35.0,3.0,6.0,2.0,0.0,0.0,1.0,2.0,1.0,1.0,35.0,1.0,7.0,4.0,0.0,0.0,4.0,4.0,0.0,0.0,0.0,31.0,2.0,10.0,2.0,0.0,0.0,4.0,4.0,24.0,2.0,5.0,2.0,0.0,0.0,4.0,4.0,0.0,0.0,20.0,1.0,5.0,2.0,0.0,0.0,3.0,3.0,2.0,0.0,16.0,0.0,4.0,1.0,0.0,0.0,2.0,0.0,0.0,2.0,0.0,1.0,0.0,0.0,0.0,2.0,0.0,0.0,1.0,0.0,0.0,3.0,0.0,0.0,0.0,0.0,0.0,0.0,0.0,0.0,0.0,0.0,0.0,0.0,0.0,0.0,0.0,0.0,0.0,0.0,0.0,0.0,0.0,0.0,0.0,0.0,1.0,0.0,0.0,0.0,0.0,3.0,1.0,1.0,0.0,0.0,0.0,0.0,0.0,1.0,23.0,1.0,4.0,7.0,4.0,4.0,4.0,24.0
CHEMBL232341,IC50,2.512,31.0,4.0,3.0,1.0,0.0,0.0,2.0,38.0,8.0,6.0,3.0,0.0,0.0,0.0,0.0,3.0,0.0,0.0,0.0,36.0,8.0,13.0,3.0,0.0,0.0,0.0,0.0,0.0,1.0,34.0,8.0,13.0,3.0,0.0,0.0,0.0,0.0,1.0,2.0,42.0,4.0,13.0,2.0,0.0,0.0,0.0,1.0,0.0,0.0,46.0,3.0,11.0,1.0,0.0,0.0,0.0,0.0,0.0,0.0,0.0,39.0,7.0,9.0,2.0,0.0,0.0,0.0,0.0,34.0,6.0,8.0,4.0,0.0,0.0,0.0,0.0,0.0,0.0,32.0,5.0,10.0,2.0,0.0,0.0,0.0,0.0,1.0,0.0,30.0,3.0,6.0,2.0,0.0,0.0,0.0,0.0,0.0,0.0,0.0,1.0,0.0,0.0,0.0,1.0,0.0,1.0,0.0,0.0,0.0,3.0,0.0,0.0,0.0,0.0,0.0,0.0,0.0,0.0,0.0,0.0,0.0,0.0,0.0,0.0,0.0,0.0,0.0,0.0,0.0,0.0,0.0,0.0,1.0,0.0,1.0,0.0,0.0,1.0,2.0,4.0,1.0,1.0,0.0,0.0,2.0,0.0,0.0,1.0,29.0,1.0,6.0,8.0,5.0,5.0,7.0,32.0
CHEMBL391286,IC50,3.981,25.0,4.0,3.0,1.0,2.0,3.0,2.0,32.0,8.0,6.0,1.0,4.0,0.0,2.0,6.0,3.0,0.0,0.0,0.0,33.0,6.0,9.0,1.0,5.0,0.0,2.0,7.0,0.0,1.0,32.0,6.0,9.0,2.0,2.0,0.0,2.0,4.0,1.0,2.0,38.0,3.0,9.0,2.0,2.0,0.0,3.0,1.0,1.0,1.0,39.0,3.0,9.0,1.0,2.0,0.0,4.0,6.0,0.0,1.0,1.0,30.0,7.0,8.0,2.0,4.0,0.0,4.0,8.0,26.0,4.0,8.0,4.0,4.0,0.0,4.0,8.0,0.0,0.0,24.0,3.0,10.0,2.0,6.0,0.0,4.0,10.0,1.0,0.0,17.0,2.0,6.0,2.0,5.0,0.0,6.0,0.0,0.0,1.0,0.0,1.0,0.0,0.0,0.0,2.0,0.0,0.0,2.0,2.0,0.0,4.0,0.0,0.0,0.0,0.0,0.0,0.0,0.0,0.0,0.0,0.0,0.0,0.0,0.0,0.0,0.0,0.0,0.0,0.0,0.0,0.0,0.0,0.0,1.0,0.0,1.0,2.0,2.0,1.0,2.0,4.0,1.0,1.0,0.0,0.0,2.0,2.0,0.0,1.0,23.0,1.0,2.0,8.0,6.0,6.0,6.0,26.0
CHEMBL378226,IC50,31.62,26.0,3.0,4.0,0.0,3.0,3.0,0.0,34.0,6.0,5.0,0.0,3.0,0.0,0.0,3.0,0.0,3.0,3.0,3.0,34.0,4.0,9.0,0.0,6.0,0.0,0.0,6.0,0.0,0.0,33.0,4.0,8.0,0.0,6.0,0.0,0.0,6.0,1.0,0.0,37.0,3.0,7.0,0.0,6.0,0.0,6.0,2.0,0.0,0.0,41.0,1.0,7.0,0.0,3.0,0.0,0.0,3.0,0.0,3.0,3.0,33.0,2.0,10.0,0.0,12.0,0.0,0.0,12.0,28.0,2.0,6.0,0.0,12.0,0.0,0.0,12.0,0.0,0.0,24.0,1.0,4.0,0.0,12.0,0.0,0.0,12.0,2.0,0.0,16.0,0.0,6.0,0.0,12.0,0.0,12.0,0.0,0.0,0.0,1.0,6.0,3.0,4.0,3.0,1.0,1.0,0.0,1.0,3.0,1.0,10.0,1.0,7.0,1.0,0.0,8.0,2.0,1.0,0.0,8.0,8.0,3.0,1.0,0.0,2.0,2.0,0.0,2.0,0.0,2.0,0.0,0.0,1.0,0.0,0.0,2.0,3.0,0.0,0.0,0.0,3.0,1.0,1.0,5.0,3.0,2.0,0.0,0.0,1.0,17.0,1.0,2.0,7.0,10.0,10.0,5.0,20.0
CHEMBL402604,IC50,316.23,18.0,5.0,3.0,0.0,0.0,1.0,0.0,21.0,9.0,4.0,0.0,0.0,2.0,0.0,2.0,1.0,0.0,0.0,0.0,20.0,6.0,6.0,0.0,0.0,2.0,0.0,2.0,0.0,0.0,16.0,8.0,4.0,0.0,0.0,2.0,0.0,2.0,2.0,0.0,21.0,6.0,3.0,0.0,0.0,0.0,0.0,2.0,1.0,1.0,23.0,5.0,5.0,0.0,0.0,2.0,0.0,2.0,0.0,0.0,0.0,20.0,5.0,1.0,0.0,0.0,4.0,0.0,4.0,14.0,6.0,3.0,0.0,0.0,2.0,0.0,2.0,0.0,0.0,13.0,4.0,3.0,0.0,0.0,3.0,0.0,3.0,1.0,0.0,10.0,3.0,2.0,0.0,0.0,2.0,2.0,0.0,1.0,1.0,0.0,2.0,0.0,0.0,0.0,2.0,0.0,0.0,1.0,0.0,0.0,5.0,0.0,1.0,0.0,0.0,0.0,0.0,0.0,0.0,0.0,0.0,0.0,0.0,0.0,0.0,0.0,0.0,0.0,0.0,0.0,1.0,0.0,0.0,1.0,0.0,1.0,0.0,0.0,1.0,0.0,2.0,1.0,2.0,0.0,0.0,0.0,0.0,1.0,2.0,17.0,2.0,0.0,8.0,8.0,8.0,7.0,18.0
CHEMBL257135,IC50,39.81,14.0,5.0,2.0,2.0,1.0,1.0,0.0,21.0,5.0,2.0,1.0,2.0,0.0,0.0,2.0,0.0,0.0,0.0,0.0,17.0,7.0,2.0,3.0,2.0,0.0,0.0,2.0,2.0,0.0,18.0,6.0,2.0,3.0,1.0,0.0,0.0,1.0,0.0,0.0,17.0,5.0,0.0,3.0,3.0,0.0,3.0,2.0,0.0,0.0,16.0,2.0,4.0,2.0,1.0,0.0,0.0,1.0,0.0,0.0,0.0,9.0,2.0,6.0,2.0,3.0,0.0,0.0,3.0,6.0,0.0,6.0,0.0,3.0,0.0,0.0,3.0,0.0,0.0,2.0,0.0,4.0,0.0,0.0,0.0,0.0,0.0,0.0,2.0,0.0,0.0,4.0,0.0,0.0,0.0,0.0,0.0,0.0,0.0,1.0,1.0,1.0,0.0,0.0,2.0,0.0,0.0,1.0,1.0,0.0,5.0,0.0,3.0,1.0,0.0,3.0,0.0,0.0,0.0,0.0,0.0,0.0,0.0,0.0,0.0,0.0,0.0,0.0,0.0,0.0,0.0,0.0,0.0,0.0,0.0,1.0,1.0,1.0,0.0,0.0,2.0,0.0,2.0,1.0,0.0,0.0,1.0,1.0,3.0,14.0,3.0,2.0,9.0,4.0,4.0,3.0,14.0
CHEMBL403890,IC50,39.81,13.0,5.0,2.0,2.0,0.0,1.0,0.0,20.0,5.0,2.0,1.0,0.0,2.0,0.0,2.0,0.0,0.0,0.0,0.0,17.0,7.0,2.0,3.0,0.0,2.0,0.0,2.0,2.0,0.0,16.0,7.0,2.0,3.0,0.0,1.0,0.0,1.0,0.0,0.0,16.0,3.0,0.0,3.0,0.0,3.0,3.0,2.0,0.0,0.0,11.0,3.0,4.0,3.0,0.0,1.0,0.0,1.0,0.0,0.0,0.0,9.0,0.0,6.0,0.0,0.0,4.0,0.0,4.0,3.0,0.0,6.0,0.0,0.0,1.0,0.0,1.0,0.0,0.0,0.0,0.0,6.0,0.0,0.0,0.0,0.0,0.0,0.0,2.0,0.0,0.0,0.0,0.0,0.0,0.0,0.0,0.0,0.0,0.0,1.0,0.0,0.0,0.0,0.0,2.0,0.0,0.0,1.0,0.0,0.0,4.0,0.0,2.0,0.0,0.0,1.0,0.0,0.0,0.0,0.0,0.0,0.0,0.0,0.0,0.0,0.0,0.0,0.0,0.0,0.0,0.0,0.0,0.0,0.0,0.0,1.0,0.0,0.0,0.0,0.0,2.0,0.0,2.0,0.0,0.0,0.0,0.0,1.0,3.0,14.0,3.0,2.0,9.0,3.0,3.0,2.0,14.0
CHEMBL1915257,IC50,63.1,25.0,7.0,3.0,0.0,0.0,1.0,0.0,32.0,11.0,5.0,0.0,0.0,2.0,0.0,2.0,1.0,0.0,0.0,0.0,31.0,8.0,7.0,0.0,0.0,2.0,0.0,2.0,0.0,0.0,25.0,11.0,6.0,0.0,0.0,3.0,0.0,3.0,2.0,0.0,26.0,11.0,5.0,0.0,0.0,1.0,1.0,2.0,1.0,1.0,29.0,9.0,5.0,0.0,0.0,2.0,0.0,2.0,1.0,0.0,0.0,27.0,10.0,1.0,0.0,0.0,5.0,0.0,5.0,19.0,10.0,3.0,0.0,0.0,2.0,0.0,2.0,0.0,0.0,21.0,5.0,3.0,0.0,0.0,2.0,0.0,2.0,1.0,0.0,19.0,5.0,4.0,0.0,0.0,1.0,1.0,0.0,1.0,1.0,1.0,6.0,3.0,2.0,0.0,1.0,0.0,0.0,0.0,0.0,0.0,9.0,1.0,6.0,1.0,0.0,6.0,3.0,3.0,0.0,6.0,3.0,0.0,0.0,0.0,0.0,0.0,6.0,0.0,3.0,0.0,3.0,2.0,0.0,3.0,1.0,0.0,0.0,0.0,2.0,0.0,1.0,0.0,1.0,3.0,0.0,0.0,0.0,1.0,3.0,20.0,4.0,0.0,10.0,13.0,13.0,6.0,22.0
CHEMBL1915260,IC50,25.12,25.0,8.0,3.0,0.0,3.0,4.0,0.0,33.0,12.0,5.0,0.0,3.0,2.0,0.0,5.0,1.0,3.0,3.0,3.0,33.0,9.0,8.0,0.0,0.0,2.0,0.0,2.0,0.0,0.0,27.0,11.0,6.0,0.0,6.0,3.0,0.0,9.0,2.0,0.0,29.0,9.0,3.0,0.0,6.0,1.0,7.0,3.0,1.0,1.0,29.0,12.0,6.0,0.0,3.0,2.0,0.0,5.0,0.0,0.0,0.0,28.0,9.0,2.0,0.0,3.0,5.0,0.0,8.0,20.0,9.0,3.0,0.0,0.0,2.0,0.0,2.0,3.0,3.0,21.0,8.0,3.0,0.0,3.0,2.0,0.0,5.0,1.0,0.0,22.0,5.0,5.0,0.0,3.0,1.0,4.0,0.0,1.0,1.0,1.0,6.0,2.0,2.0,0.0,1.0,0.0,0.0,0.0,3.0,0.0,10.0,1.0,6.0,1.0,0.0,5.0,2.0,1.0,0.0,4.0,1.0,0.0,0.0,0.0,0.0,0.0,6.0,0.0,4.0,0.0,4.0,6.0,0.0,4.0,3.0,0.0,3.0,0.0,2.0,0.0,1.0,0.0,1.0,2.0,3.0,0.0,0.0,1.0,3.0,20.0,4.0,0.0,11.0,14.0,14.0,7.0,23.0
CHEMBL1915262,IC50,6.31,24.0,5.0,5.0,0.0,0.0,1.0,0.0,30.0,10.0,8.0,0.0,0.0,2.0,0.0,2.0,1.0,0.0,0.0,0.0,28.0,7.0,7.0,0.0,0.0,2.0,0.0,2.0,2.0,0.0,25.0,8.0,6.0,0.0,0.0,3.0,0.0,3.0,2.0,0.0,26.0,9.0,6.0,0.0,0.0,1.0,1.0,1.0,1.0,1.0,29.0,7.0,7.0,0.0,0.0,2.0,0.0,2.0,1.0,0.0,0.0,26.0,8.0,4.0,0.0,0.0,5.0,0.0,5.0,18.0,8.0,4.0,0.0,0.0,3.0,0.0,3.0,0.0,0.0,18.0,6.0,5.0,0.0,0.0,1.0,0.0,1.0,0.0,1.0,18.0,2.0,4.0,0.0,0.0,1.0,1.0,0.0,0.0,0.0,1.0,5.0,2.0,2.0,1.0,1.0,0.0,0.0,0.0,0.0,0.0,8.0,0.0,4.0,0.0,0.0,3.0,0.0,0.0,0.0,2.0,1.0,0.0,0.0,0.0,0.0,1.0,1.0,1.0,1.0,2.0,1.0,1.0,3.0,2.0,1.0,2.0,0.0,0.0,1.0,0.0,2.0,0.0,1.0,2.0,0.0,1.0,0.0,1.0,3.0,20.0,4.0,2.0,10.0,11.0,11.0,6.0,21.0
CHEMBL1915261,IC50,7.943,26.0,5.0,4.0,0.0,0.0,1.0,0.0,32.0,11.0,7.0,0.0,0.0,2.0,0.0,2.0,1.0,0.0,0.0,0.0,30.0,8.0,9.0,0.0,0.0,2.0,0.0,2.0,1.0,0.0,27.0,7.0,7.0,0.0,0.0,3.0,0.0,3.0,2.0,0.0,27.0,10.0,6.0,0.0,0.0,1.0,1.0,2.0,1.0,1.0,30.0,9.0,6.0,0.0,0.0,2.0,0.0,2.0,0.0,0.0,0.0,28.0,8.0,4.0,0.0,0.0,5.0,0.0,5.0,20.0,7.0,3.0,0.0,0.0,3.0,0.0,3.0,0.0,0.0,19.0,6.0,5.0,0.0,0.0,1.0,0.0,1.0,0.0,1.0,21.0,2.0,5.0,0.0,0.0,1.0,1.0,0.0,0.0,0.0,2.0,5.0,4.0,2.0,0.0,1.0,1.0,0.0,0.0,0.0,1.0,9.0,0.0,6.0,0.0,0.0,6.0,0.0,0.0,0.0,6.0,6.0,1.0,0.0,0.0,1.0,2.0,2.0,2.0,2.0,2.0,2.0,2.0,2.0,2.0,1.0,1.0,0.0,0.0,1.0,0.0,2.0,0.0,1.0,4.0,0.0,1.0,0.0,1.0,3.0,20.0,3.0,2.0,9.0,12.0,12.0,5.0,22.0
CHEMBL1915017,IC50,251.19,16.0,3.0,4.0,0.0,0.0,1.0,0.0,20.0,8.0,6.0,0.0,0.0,2.0,0.0,2.0,0.0,0.0,0.0,0.0,20.0,5.0,6.0,0.0,0.0,2.0,0.0,2.0,2.0,0.0,18.0,5.0,4.0,0.0,0.0,2.0,0.0,2.0,2.0,0.0,17.0,5.0,4.0,0.0,0.0,2.0,2.0,1.0,1.0,0.0,19.0,3.0,3.0,0.0,0.0,2.0,0.0,2.0,1.0,0.0,0.0,10.0,3.0,7.0,0.0,0.0,5.0,0.0,5.0,7.0,2.0,7.0,0.0,0.0,1.0,0.0,1.0,0.0,0.0,7.0,0.0,4.0,0.0,0.0,0.0,0.0,0.0,2.0,2.0,2.0,0.0,2.0,0.0,0.0,0.0,0.0,0.0,0.0,0.0,1.0,1.0,0.0,0.0,0.0,3.0,1.0,0.0,0.0,0.0,1.0,6.0,0.0,2.0,0.0,0.0,1.0,0.0,0.0,0.0,0.0,0.0,0.0,0.0,0.0,0.0,0.0,0.0,0.0,0.0,0.0,0.0,0.0,0.0,0.0,0.0,1.0,0.0,0.0,0.0,0.0,2.0,0.0,3.0,0.0,0.0,1.0,0.0,1.0,3.0,14.0,3.0,2.0,7.0,7.0,7.0,4.0,14.0
CHEMBL1915259,IC50,39.81,24.0,7.0,3.0,0.0,1.0,2.0,0.0,31.0,11.0,5.0,0.0,3.0,2.0,0.0,5.0,1.0,0.0,0.0,0.0,29.0,9.0,8.0,0.0,2.0,2.0,0.0,4.0,0.0,0.0,24.0,11.0,6.0,0.0,1.0,3.0,0.0,4.0,2.0,0.0,27.0,9.0,3.0,0.0,1.0,1.0,2.0,3.0,2.0,1.0,28.0,11.0,5.0,0.0,1.0,2.0,0.0,3.0,0.0,0.0,0.0,27.0,8.0,1.0,0.0,2.0,5.0,0.0,7.0,18.0,8.0,3.0,0.0,1.0,2.0,0.0,3.0,0.0,0.0,19.0,6.0,3.0,0.0,2.0,2.0,0.0,4.0,1.0,0.0,19.0,4.0,5.0,0.0,2.0,1.0,3.0,0.0,1.0,2.0,0.0,5.0,0.0,2.0,0.0,1.0,0.0,0.0,0.0,1.0,0.0,8.0,1.0,5.0,1.0,0.0,5.0,2.0,1.0,0.0,4.0,1.0,0.0,0.0,0.0,0.0,0.0,6.0,0.0,4.0,0.0,3.0,2.0,0.0,3.0,1.0,0.0,1.0,0.0,2.0,0.0,1.0,0.0,1.0,2.0,1.0,0.0,0.0,1.0,3.0,20.0,4.0,0.0,10.0,11.0,11.0,5.0,22.0
CHEMBL213412,IC50,9.772,17.0,3.0,4.0,0.0,0.0,1.0,0.0,20.0,7.0,5.0,0.0,0.0,0.0,2.0,2.0,0.0,0.0,0.0,0.0,17.0,4.0,7.0,0.0,0.0,0.0,2.0,2.0,2.0,0.0,14.0,4.0,5.0,0.0,0.0,0.0,2.0,2.0,3.0,0.0,17.0,4.0,4.0,0.0,0.0,0.0,0.0,1.0,1.0,1.0,20.0,3.0,4.0,0.0,0.0,0.0,2.0,2.0,0.0,0.0,0.0,17.0,3.0,5.0,0.0,0.0,0.0,3.0,3.0,11.0,4.0,4.0,0.0,0.0,0.0,3.0,3.0,0.0,0.0,8.0,3.0,4.0,0.0,0.0,0.0,2.0,2.0,0.0,2.0,7.0,1.0,2.0,0.0,0.0,0.0,1.0,0.0,0.0,0.0,0.0,2.0,0.0,0.0,0.0,0.0,1.0,0.0,1.0,0.0,1.0,3.0,0.0,0.0,0.0,0.0,0.0,0.0,0.0,0.0,0.0,0.0,0.0,0.0,0.0,0.0,0.0,0.0,0.0,0.0,0.0,0.0,0.0,0.0,0.0,0.0,2.0,0.0,0.0,0.0,0.0,3.0,1.0,0.0,0.0,0.0,1.0,0.0,1.0,2.0,17.0,2.0,2.0,7.0,5.0,5.0,6.0,17.0
CHEMBL234182,IC50,125.89,29.0,5.0,2.0,0.0,2.0,3.0,0.0,38.0,8.0,3.0,0.0,4.0,0.0,2.0,6.0,0.0,0.0,0.0,0.0,39.0,6.0,5.0,0.0,5.0,0.0,2.0,7.0,0.0,0.0,38.0,6.0,4.0,0.0,2.0,0.0,2.0,4.0,1.0,0.0,42.0,6.0,4.0,0.0,2.0,0.0,3.0,0.0,1.0,1.0,44.0,3.0,3.0,0.0,2.0,0.0,4.0,6.0,0.0,1.0,1.0,40.0,5.0,2.0,0.0,4.0,0.0,4.0,8.0,34.0,6.0,2.0,0.0,4.0,0.0,4.0,8.0,0.0,0.0,30.0,3.0,2.0,0.0,6.0,0.0,4.0,10.0,0.0,0.0,23.0,2.0,1.0,0.0,5.0,0.0,8.0,0.0,0.0,0.0,0.0,1.0,0.0,0.0,0.0,1.0,0.0,0.0,2.0,2.0,0.0,2.0,0.0,0.0,0.0,0.0,0.0,0.0,0.0,0.0,0.0,0.0,0.0,0.0,0.0,0.0,0.0,0.0,0.0,0.0,0.0,0.0,0.0,0.0,0.0,0.0,1.0,2.0,2.0,0.0,0.0,1.0,1.0,1.0,0.0,0.0,0.0,2.0,1.0,2.0,29.0,2.0,0.0,7.0,3.0,3.0,3.0,28.0
CHEMBL233146,IC50,63.1,30.0,7.0,3.0,0.0,0.0,1.0,0.0,39.0,10.0,4.0,0.0,0.0,2.0,0.0,2.0,1.0,0.0,0.0,0.0,38.0,9.0,8.0,0.0,0.0,2.0,0.0,2.0,0.0,0.0,36.0,9.0,7.0,0.0,0.0,2.0,0.0,2.0,1.0,0.0,44.0,3.0,7.0,0.0,0.0,1.0,1.0,1.0,1.0,1.0,46.0,5.0,7.0,0.0,0.0,4.0,0.0,4.0,0.0,0.0,0.0,40.0,8.0,6.0,0.0,0.0,4.0,0.0,4.0,36.0,8.0,4.0,0.0,0.0,4.0,0.0,4.0,0.0,0.0,32.0,7.0,2.0,0.0,0.0,4.0,0.0,4.0,1.0,0.0,31.0,3.0,3.0,0.0,0.0,1.0,1.0,0.0,1.0,1.0,0.0,2.0,0.0,0.0,0.0,1.0,0.0,0.0,1.0,0.0,0.0,4.0,0.0,0.0,0.0,0.0,0.0,0.0,0.0,0.0,0.0,0.0,0.0,0.0,0.0,0.0,0.0,0.0,0.0,0.0,0.0,0.0,0.0,0.0,2.0,1.0,1.0,0.0,0.0,1.0,0.0,2.0,1.0,1.0,0.0,0.0,2.0,0.0,1.0,2.0,29.0,2.0,2.0,10.0,6.0,6.0,7.0,30.0
CHEMBL232733,IC50,125.89,24.0,3.0,2.0,2.0,0.0,1.0,2.0,31.0,6.0,7.0,2.0,0.0,2.0,0.0,2.0,0.0,0.0,0.0,0.0,32.0,4.0,9.0,2.0,0.0,2.0,0.0,2.0,0.0,0.0,32.0,3.0,8.0,1.0,0.0,2.0,0.0,2.0,1.0,0.0,35.0,3.0,6.0,2.0,0.0,1.0,1.0,2.0,1.0,1.0,35.0,1.0,7.0,4.0,0.0,4.0,0.0,4.0,0.0,0.0,0.0,31.0,2.0,10.0,2.0,0.0,4.0,0.0,4.0,24.0,2.0,5.0,2.0,0.0,4.0,0.0,4.0,0.0,0.0,20.0,1.0,5.0,2.0,0.0,3.0,0.0,3.0,2.0,0.0,16.0,0.0,4.0,1.0,0.0,2.0,2.0,0.0,2.0,2.0,0.0,1.0,0.0,0.0,0.0,2.0,0.0,0.0,1.0,0.0,0.0,3.0,0.0,0.0,0.0,0.0,0.0,0.0,0.0,0.0,0.0,0.0,0.0,0.0,0.0,0.0,0.0,0.0,0.0,0.0,0.0,0.0,0.0,0.0,0.0,0.0,1.0,0.0,0.0,0.0,0.0,3.0,1.0,1.0,0.0,0.0,0.0,0.0,0.0,1.0,23.0,1.0,4.0,7.0,4.0,4.0,4.0,24.0
CHEMBL459537,IC50,39.81,26.0,2.0,4.0,0.0,1.0,2.0,0.0,33.0,4.0,5.0,0.0,2.0,2.0,0.0,4.0,0.0,0.0,0.0,0.0,33.0,3.0,7.0,0.0,3.0,2.0,0.0,5.0,2.0,0.0,31.0,3.0,9.0,0.0,1.0,2.0,0.0,3.0,0.0,0.0,35.0,3.0,8.0,0.0,1.0,2.0,3.0,0.0,0.0,1.0,36.0,2.0,6.0,0.0,2.0,4.0,0.0,6.0,1.0,0.0,0.0,31.0,2.0,8.0,0.0,3.0,3.0,0.0,6.0,25.0,1.0,8.0,0.0,3.0,4.0,0.0,7.0,0.0,0.0,19.0,2.0,4.0,0.0,3.0,4.0,0.0,7.0,2.0,0.0,13.0,2.0,4.0,0.0,2.0,1.0,3.0,0.0,2.0,2.0,0.0,1.0,0.0,0.0,0.0,0.0,0.0,2.0,1.0,1.0,0.0,2.0,0.0,0.0,0.0,0.0,0.0,0.0,0.0,0.0,0.0,0.0,0.0,0.0,0.0,0.0,0.0,0.0,0.0,0.0,0.0,0.0,0.0,0.0,0.0,0.0,2.0,1.0,1.0,0.0,0.0,3.0,1.0,0.0,0.0,0.0,1.0,1.0,1.0,1.0,24.0,1.0,2.0,6.0,2.0,2.0,4.0,24.0
CHEMBL499155,IC50,100.0,22.0,2.0,4.0,0.0,0.0,1.0,0.0,27.0,4.0,5.0,0.0,0.0,2.0,0.0,2.0,0.0,0.0,0.0,0.0,29.0,3.0,6.0,0.0,0.0,2.0,0.0,2.0,2.0,0.0,29.0,3.0,8.0,0.0,0.0,2.0,0.0,2.0,0.0,0.0,32.0,3.0,7.0,0.0,0.0,2.0,2.0,0.0,0.0,1.0,30.0,2.0,6.0,0.0,0.0,4.0,0.0,4.0,1.0,0.0,0.0,23.0,2.0,8.0,0.0,0.0,3.0,0.0,3.0,16.0,1.0,8.0,0.0,0.0,3.0,0.0,3.0,0.0,0.0,11.0,1.0,4.0,0.0,0.0,3.0,0.0,3.0,2.0,0.0,6.0,1.0,4.0,0.0,0.0,0.0,0.0,0.0,2.0,2.0,0.0,3.0,0.0,2.0,1.0,1.0,0.0,1.0,1.0,0.0,0.0,5.0,0.0,3.0,0.0,0.0,2.0,0.0,0.0,0.0,1.0,0.0,0.0,0.0,0.0,0.0,0.0,0.0,1.0,0.0,1.0,0.0,0.0,1.0,0.0,0.0,2.0,0.0,0.0,0.0,0.0,3.0,0.0,1.0,2.0,0.0,1.0,0.0,1.0,1.0,18.0,1.0,2.0,6.0,4.0,4.0,5.0,18.0
CHEMBL36041,IC50,1360.0,22.0,0.0,7.0,0.0,0.0,1.0,0.0,25.0,0.0,11.0,0.0,0.0,2.0,0.0,2.0,0.0,0.0,0.0,0.0,22.0,0.0,12.0,0.0,0.0,2.0,0.0,2.0,0.0,0.0,20.0,0.0,10.0,0.0,0.0,1.0,0.0,1.0,0.0,1.0,20.0,0.0,11.0,0.0,0.0,1.0,1.0,0.0,0.0,0.0,18.0,0.0,13.0,0.0,0.0,1.0,0.0,1.0,0.0,0.0,0.0,16.0,0.0,10.0,0.0,0.0,1.0,0.0,1.0,18.0,0.0,7.0,0.0,0.0,1.0,0.0,1.0,0.0,0.0,18.0,0.0,11.0,0.0,0.0,1.0,0.0,1.0,0.0,0.0,14.0,0.0,13.0,0.0,0.0,2.0,2.0,2.0,0.0,0.0,5.0,10.0,6.0,6.0,4.0,0.0,4.0,0.0,0.0,0.0,4.0,16.0,2.0,16.0,2.0,0.0,18.0,8.0,10.0,0.0,21.0,20.0,20.0,19.0,17.0,14.0,12.0,0.0,11.0,0.0,9.0,0.0,0.0,8.0,0.0,0.0,5.0,0.0,0.0,0.0,0.0,6.0,0.0,0.0,9.0,0.0,0.0,0.0,0.0,0.0,6.0,0.0,0.0,7.0,21.0,21.0,13.0,12.0
CHEMBL378533,IC50,5248.07,20.0,3.0,4.0,0.0,6.0,7.0,0.0,25.0,8.0,5.0,0.0,6.0,0.0,2.0,8.0,0.0,6.0,6.0,6.0,23.0,5.0,7.0,0.0,12.0,0.0,2.0,14.0,2.0,0.0,21.0,4.0,5.0,0.0,12.0,0.0,2.0,14.0,3.0,0.0,19.0,4.0,8.0,0.0,18.0,0.0,18.0,1.0,1.0,1.0,24.0,3.0,5.0,0.0,0.0,0.0,2.0,2.0,0.0,6.0,6.0,23.0,3.0,5.0,0.0,6.0,0.0,4.0,10.0,18.0,4.0,4.0,0.0,12.0,0.0,3.0,15.0,0.0,0.0,12.0,5.0,4.0,0.0,18.0,0.0,2.0,20.0,0.0,2.0,11.0,3.0,2.0,0.0,6.0,0.0,9.0,0.0,0.0,0.0,0.0,2.0,0.0,0.0,0.0,1.0,1.0,0.0,1.0,6.0,1.0,6.0,0.0,0.0,0.0,0.0,0.0,0.0,0.0,0.0,0.0,0.0,0.0,0.0,0.0,0.0,0.0,0.0,0.0,0.0,0.0,0.0,0.0,0.0,0.0,0.0,2.0,6.0,0.0,0.0,0.0,3.0,1.0,1.0,0.0,6.0,1.0,0.0,1.0,2.0,17.0,2.0,2.0,7.0,6.0,6.0,8.0,19.0
CHEMBL212667,IC50,125.89,19.0,3.0,4.0,0.0,0.0,1.0,0.0,23.0,8.0,5.0,0.0,0.0,0.0,2.0,2.0,0.0,0.0,0.0,0.0,21.0,5.0,7.0,0.0,0.0,0.0,2.0,2.0,2.0,0.0,18.0,4.0,5.0,0.0,0.0,0.0,2.0,2.0,3.0,0.0,19.0,4.0,7.0,0.0,0.0,0.0,0.0,1.0,1.0,1.0,23.0,3.0,5.0,0.0,0.0,0.0,2.0,2.0,0.0,0.0,0.0,21.0,3.0,5.0,0.0,0.0,0.0,4.0,4.0,15.0,4.0,4.0,0.0,0.0,0.0,3.0,3.0,0.0,0.0,11.0,4.0,4.0,0.0,0.0,0.0,2.0,2.0,0.0,2.0,10.0,2.0,2.0,0.0,0.0,0.0,2.0,0.0,0.0,0.0,0.0,2.0,0.0,0.0,0.0,2.0,1.0,0.0,1.0,0.0,1.0,5.0,0.0,0.0,0.0,0.0,0.0,0.0,0.0,0.0,0.0,0.0,0.0,0.0,0.0,0.0,0.0,0.0,0.0,0.0,0.0,0.0,0.0,0.0,0.0,0.0,2.0,0.0,0.0,0.0,0.0,3.0,1.0,2.0,0.0,0.0,1.0,0.0,1.0,2.0,17.0,2.0,2.0,7.0,7.0,7.0,6.0,17.0
CHEMBL387454,IC50,17.78,18.0,3.0,4.0,0.0,0.0,2.0,0.0,21.0,8.0,5.0,0.0,0.0,0.0,4.0,4.0,0.0,0.0,0.0,0.0,19.0,5.0,7.0,0.0,0.0,0.0,4.0,4.0,2.0,0.0,16.0,4.0,5.0,0.0,0.0,0.0,4.0,4.0,3.0,0.0,19.0,4.0,6.0,0.0,0.0,0.0,0.0,1.0,1.0,2.0,22.0,3.0,5.0,0.0,0.0,0.0,3.0,3.0,0.0,0.0,0.0,19.0,3.0,5.0,0.0,0.0,0.0,6.0,6.0,12.0,4.0,4.0,0.0,0.0,0.0,6.0,6.0,0.0,0.0,10.0,3.0,4.0,0.0,0.0,0.0,3.0,3.0,0.0,2.0,9.0,1.0,2.0,0.0,0.0,0.0,2.0,0.0,0.0,0.0,0.0,2.0,0.0,0.0,0.0,1.0,1.0,0.0,1.0,0.0,1.0,4.0,0.0,0.0,0.0,0.0,0.0,0.0,0.0,0.0,0.0,0.0,0.0,0.0,0.0,0.0,0.0,0.0,0.0,0.0,0.0,0.0,0.0,0.0,0.0,0.0,2.0,0.0,0.0,0.0,0.0,3.0,1.0,1.0,0.0,0.0,1.0,0.0,1.0,2.0,17.0,2.0,2.0,7.0,6.0,6.0,6.0,17.0
CHEMBL207688,IC50,199.53,25.0,3.0,4.0,0.0,0.0,1.0,0.0,32.0,6.0,5.0,0.0,0.0,2.0,0.0,2.0,0.0,0.0,0.0,0.0,32.0,4.0,8.0,0.0,0.0,2.0,0.0,2.0,1.0,0.0,31.0,4.0,9.0,0.0,0.0,1.0,0.0,1.0,0.0,0.0,35.0,3.0,9.0,0.0,0.0,2.0,2.0,0.0,0.0,1.0,36.0,2.0,4.0,0.0,0.0,5.0,0.0,5.0,2.0,0.0,0.0,30.0,2.0,8.0,0.0,0.0,3.0,0.0,3.0,26.0,1.0,8.0,0.0,0.0,4.0,0.0,4.0,0.0,0.0,21.0,0.0,4.0,0.0,0.0,4.0,0.0,4.0,2.0,0.0,14.0,0.0,4.0,0.0,0.0,1.0,1.0,0.0,2.0,2.0,0.0,1.0,0.0,0.0,0.0,1.0,1.0,0.0,1.0,0.0,1.0,3.0,0.0,0.0,0.0,0.0,0.0,0.0,0.0,0.0,0.0,0.0,0.0,0.0,0.0,0.0,0.0,0.0,0.0,0.0,0.0,0.0,0.0,0.0,0.0,0.0,2.0,0.0,0.0,0.0,0.0,3.0,2.0,1.0,0.0,0.0,2.0,0.0,0.0,1.0,23.0,1.0,2.0,7.0,4.0,4.0,4.0,24.0
CHEMBL508276,IC50,79.43,20.0,2.0,4.0,0.0,1.0,2.0,0.0,24.0,4.0,5.0,0.0,2.0,2.0,0.0,4.0,0.0,0.0,0.0,0.0,22.0,2.0,7.0,0.0,3.0,2.0,0.0,5.0,2.0,0.0,18.0,2.0,8.0,0.0,1.0,2.0,0.0,3.0,0.0,0.0,20.0,2.0,6.0,0.0,1.0,1.0,2.0,1.0,0.0,1.0,23.0,2.0,4.0,0.0,2.0,2.0,0.0,4.0,0.0,0.0,0.0,21.0,1.0,6.0,0.0,3.0,3.0,0.0,6.0,15.0,2.0,4.0,0.0,2.0,4.0,0.0,6.0,0.0,0.0,10.0,2.0,4.0,0.0,1.0,2.0,0.0,3.0,0.0,2.0,9.0,1.0,2.0,0.0,2.0,1.0,3.0,0.0,0.0,0.0,0.0,2.0,0.0,0.0,0.0,0.0,0.0,1.0,1.0,1.0,0.0,3.0,0.0,0.0,0.0,0.0,0.0,0.0,0.0,0.0,0.0,0.0,0.0,0.0,0.0,0.0,0.0,0.0,0.0,0.0,0.0,0.0,0.0,0.0,0.0,0.0,2.0,1.0,1.0,0.0,0.0,3.0,1.0,0.0,1.0,0.0,1.0,1.0,1.0,1.0,18.0,1.0,2.0,6.0,4.0,4.0,6.0,18.0
CHEMBL466101,IC50,25.12,20.0,2.0,4.0,0.0,2.0,3.0,0.0,24.0,4.0,5.0,0.0,4.0,2.0,0.0,6.0,0.0,0.0,0.0,0.0,22.0,2.0,7.0,0.0,5.0,2.0,0.0,7.0,2.0,0.0,18.0,2.0,8.0,0.0,2.0,2.0,0.0,4.0,0.0,0.0,20.0,2.0,6.0,0.0,2.0,1.0,3.0,1.0,0.0,1.0,23.0,2.0,4.0,0.0,2.0,2.0,0.0,4.0,0.0,1.0,1.0,21.0,1.0,6.0,0.0,4.0,3.0,0.0,7.0,15.0,2.0,4.0,0.0,4.0,4.0,0.0,8.0,0.0,0.0,10.0,2.0,4.0,0.0,4.0,2.0,0.0,6.0,0.0,2.0,9.0,1.0,2.0,0.0,4.0,1.0,5.0,0.0,0.0,0.0,0.0,2.0,0.0,0.0,0.0,0.0,0.0,0.0,2.0,2.0,0.0,3.0,0.0,0.0,0.0,0.0,0.0,0.0,0.0,0.0,0.0,0.0,0.0,0.0,0.0,0.0,0.0,0.0,0.0,0.0,0.0,0.0,0.0,0.0,0.0,0.0,2.0,2.0,2.0,0.0,0.0,3.0,1.0,0.0,1.0,0.0,1.0,2.0,1.0,1.0,18.0,1.0,2.0,6.0,4.0,4.0,6.0,18.0
CHEMBL458008,IC50,100.0,29.0,0.0,4.0,0.0,0.0,1.0,0.0,39.0,0.0,5.0,0.0,0.0,2.0,0.0,2.0,0.0,0.0,0.0,0.0,39.0,0.0,9.0,0.0,0.0,2.0,0.0,2.0,0.0,0.0,38.0,0.0,9.0,0.0,0.0,2.0,0.0,2.0,0.0,0.0,42.0,0.0,8.0,0.0,0.0,2.0,2.0,0.0,0.0,1.0,42.0,0.0,8.0,0.0,0.0,4.0,0.0,4.0,0.0,0.0,0.0,35.0,0.0,10.0,0.0,0.0,5.0,0.0,5.0,27.0,0.0,8.0,0.0,0.0,4.0,0.0,4.0,0.0,0.0,23.0,0.0,4.0,0.0,0.0,4.0,0.0,4.0,2.0,0.0,17.0,0.0,4.0,0.0,0.0,1.0,1.0,0.0,2.0,2.0,0.0,1.0,0.0,0.0,0.0,1.0,0.0,0.0,1.0,0.0,0.0,3.0,0.0,0.0,0.0,0.0,0.0,0.0,0.0,0.0,0.0,0.0,0.0,0.0,0.0,0.0,0.0,0.0,0.0,0.0,0.0,0.0,0.0,0.0,0.0,0.0,2.0,0.0,0.0,0.0,0.0,3.0,2.0,1.0,0.0,0.0,2.0,0.0,0.0,0.0,24.0,0.0,2.0,4.0,3.0,3.0,4.0,25.0
CHEMBL2442486,IC50,430.0,12.0,5.0,4.0,2.0,3.0,3.0,0.0,16.0,9.0,4.0,1.0,3.0,0.0,0.0,3.0,0.0,3.0,3.0,3.0,15.0,7.0,4.0,2.0,3.0,0.0,0.0,3.0,2.0,0.0,11.0,10.0,3.0,3.0,6.0,0.0,0.0,6.0,0.0,0.0,15.0,5.0,1.0,1.0,3.0,0.0,3.0,2.0,3.0,0.0,11.0,3.0,3.0,2.0,12.0,0.0,0.0,12.0,3.0,0.0,0.0,8.0,3.0,7.0,2.0,9.0,0.0,0.0,9.0,7.0,2.0,4.0,1.0,3.0,0.0,0.0,3.0,6.0,6.0,6.0,0.0,4.0,0.0,0.0,0.0,0.0,0.0,0.0,3.0,1.0,1.0,6.0,1.0,3.0,0.0,3.0,0.0,0.0,0.0,0.0,0.0,0.0,0.0,0.0,1.0,1.0,0.0,0.0,3.0,1.0,3.0,0.0,0.0,0.0,0.0,0.0,0.0,0.0,0.0,0.0,0.0,0.0,0.0,0.0,0.0,0.0,0.0,0.0,0.0,0.0,0.0,0.0,0.0,0.0,0.0,2.0,3.0,0.0,0.0,0.0,3.0,0.0,0.0,0.0,3.0,0.0,0.0,2.0,4.0,16.0,4.0,2.0,11.0,2.0,2.0,3.0,15.0
CHEMBL1915012,IC50,5.012,16.0,3.0,4.0,0.0,0.0,1.0,0.0,20.0,8.0,6.0,0.0,0.0,2.0,0.0,2.0,0.0,0.0,0.0,0.0,19.0,5.0,7.0,0.0,0.0,2.0,0.0,2.0,2.0,0.0,19.0,4.0,3.0,0.0,0.0,3.0,0.0,3.0,3.0,0.0,16.0,5.0,5.0,0.0,0.0,1.0,1.0,1.0,1.0,1.0,17.0,4.0,5.0,0.0,0.0,2.0,0.0,2.0,0.0,0.0,0.0,12.0,3.0,5.0,0.0,0.0,5.0,0.0,5.0,8.0,2.0,4.0,0.0,0.0,1.0,0.0,1.0,0.0,0.0,7.0,0.0,6.0,0.0,0.0,0.0,0.0,0.0,0.0,2.0,2.0,0.0,2.0,0.0,0.0,0.0,0.0,0.0,0.0,0.0,1.0,1.0,0.0,0.0,0.0,3.0,1.0,0.0,0.0,0.0,1.0,6.0,0.0,2.0,0.0,0.0,1.0,0.0,0.0,0.0,0.0,0.0,0.0,0.0,0.0,0.0,0.0,0.0,0.0,0.0,0.0,0.0,0.0,0.0,0.0,0.0,1.0,0.0,0.0,0.0,0.0,2.0,0.0,3.0,0.0,0.0,1.0,0.0,1.0,3.0,14.0,3.0,2.0,7.0,7.0,7.0,4.0,14.0
CHEMBL1915014,IC50,25.12,16.0,3.0,4.0,0.0,0.0,1.0,0.0,19.0,8.0,6.0,0.0,0.0,2.0,0.0,2.0,0.0,0.0,0.0,0.0,19.0,5.0,6.0,0.0,0.0,2.0,0.0,2.0,2.0,0.0,18.0,4.0,4.0,0.0,0.0,3.0,0.0,3.0,3.0,0.0,16.0,5.0,5.0,0.0,0.0,1.0,1.0,1.0,1.0,1.0,16.0,4.0,5.0,0.0,0.0,2.0,0.0,2.0,0.0,0.0,0.0,15.0,2.0,5.0,0.0,0.0,4.0,0.0,4.0,7.0,2.0,4.0,0.0,0.0,2.0,0.0,2.0,0.0,0.0,5.0,1.0,6.0,0.0,0.0,0.0,0.0,0.0,0.0,2.0,4.0,0.0,2.0,0.0,0.0,0.0,0.0,0.0,0.0,0.0,0.0,3.0,0.0,1.0,0.0,2.0,1.0,0.0,0.0,0.0,1.0,6.0,0.0,2.0,0.0,0.0,1.0,0.0,0.0,0.0,0.0,0.0,0.0,0.0,0.0,0.0,0.0,0.0,0.0,0.0,0.0,0.0,0.0,0.0,0.0,0.0,1.0,0.0,0.0,0.0,0.0,2.0,0.0,2.0,2.0,0.0,1.0,0.0,1.0,3.0,14.0,3.0,2.0,7.0,7.0,7.0,5.0,13.0
CHEMBL1915015,IC50,3.981,20.0,3.0,4.0,0.0,0.0,1.0,0.0,25.0,8.0,6.0,0.0,0.0,2.0,0.0,2.0,0.0,0.0,0.0,0.0,24.0,5.0,7.0,0.0,0.0,2.0,0.0,2.0,2.0,0.0,22.0,4.0,5.0,0.0,0.0,3.0,0.0,3.0,3.0,0.0,21.0,5.0,6.0,0.0,0.0,1.0,1.0,1.0,1.0,1.0,23.0,4.0,5.0,0.0,0.0,2.0,0.0,2.0,0.0,0.0,0.0,20.0,3.0,5.0,0.0,0.0,5.0,0.0,5.0,11.0,4.0,4.0,0.0,0.0,3.0,0.0,3.0,0.0,0.0,9.0,3.0,6.0,0.0,0.0,1.0,0.0,1.0,0.0,2.0,9.0,1.0,2.0,0.0,0.0,0.0,0.0,0.0,0.0,0.0,1.0,6.0,2.0,4.0,3.0,1.0,1.0,0.0,0.0,0.0,1.0,9.0,0.0,6.0,0.0,0.0,6.0,0.0,0.0,0.0,6.0,6.0,1.0,0.0,0.0,0.0,0.0,0.0,0.0,0.0,0.0,0.0,0.0,0.0,0.0,0.0,1.0,0.0,0.0,0.0,0.0,2.0,0.0,1.0,5.0,0.0,1.0,0.0,1.0,3.0,14.0,3.0,2.0,7.0,11.0,11.0,4.0,14.0
CHEMBL1915246,IC50,63.1,23.0,7.0,3.0,0.0,0.0,1.0,0.0,30.0,12.0,5.0,0.0,0.0,2.0,0.0,2.0,1.0,0.0,0.0,0.0,28.0,10.0,7.0,0.0,0.0,2.0,0.0,2.0,1.0,0.0,27.0,9.0,4.0,0.0,0.0,3.0,0.0,3.0,2.0,0.0,24.0,12.0,5.0,0.0,0.0,1.0,1.0,1.0,1.0,1.0,26.0,9.0,5.0,0.0,0.0,2.0,0.0,2.0,0.0,0.0,0.0,21.0,10.0,4.0,0.0,0.0,5.0,0.0,5.0,19.0,7.0,2.0,0.0,0.0,1.0,0.0,1.0,0.0,0.0,19.0,5.0,5.0,0.0,0.0,0.0,0.0,0.0,0.0,1.0,17.0,3.0,3.0,0.0,0.0,1.0,1.0,0.0,0.0,0.0,1.0,2.0,0.0,0.0,0.0,4.0,0.0,0.0,0.0,0.0,0.0,8.0,0.0,2.0,0.0,0.0,1.0,0.0,0.0,0.0,0.0,0.0,0.0,0.0,0.0,0.0,0.0,0.0,0.0,0.0,0.0,0.0,0.0,0.0,3.0,1.0,0.0,0.0,0.0,2.0,0.0,1.0,0.0,3.0,0.0,0.0,1.0,0.0,1.0,3.0,20.0,3.0,2.0,10.0,11.0,11.0,8.0,22.0
CHEMBL1915250,IC50,100.0,20.0,6.0,3.0,0.0,0.0,1.0,0.0,24.0,14.0,5.0,0.0,0.0,2.0,0.0,2.0,1.0,0.0,0.0,0.0,23.0,10.0,6.0,0.0,0.0,2.0,0.0,2.0,2.0,0.0,23.0,7.0,4.0,0.0,0.0,3.0,0.0,3.0,2.0,0.0,21.0,10.0,5.0,0.0,0.0,1.0,1.0,1.0,1.0,1.0,22.0,11.0,5.0,0.0,0.0,2.0,0.0,2.0,0.0,0.0,0.0,19.0,9.0,3.0,0.0,0.0,5.0,0.0,5.0,15.0,7.0,2.0,0.0,0.0,1.0,0.0,1.0,0.0,0.0,15.0,5.0,3.0,0.0,0.0,0.0,0.0,0.0,0.0,1.0,11.0,4.0,3.0,0.0,0.0,0.0,0.0,0.0,0.0,0.0,1.0,6.0,0.0,4.0,3.0,3.0,0.0,0.0,0.0,0.0,0.0,11.0,0.0,6.0,0.0,0.0,4.0,0.0,0.0,0.0,2.0,1.0,0.0,0.0,0.0,0.0,0.0,2.0,0.0,2.0,0.0,2.0,2.0,0.0,3.0,1.0,0.0,0.0,0.0,2.0,0.0,1.0,0.0,3.0,3.0,0.0,1.0,0.0,1.0,3.0,14.0,4.0,2.0,9.0,14.0,14.0,6.0,16.0
CHEMBL1915264,IC50,10.0,22.0,6.0,5.0,0.0,0.0,1.0,0.0,27.0,14.0,7.0,0.0,0.0,2.0,0.0,2.0,1.0,0.0,0.0,0.0,28.0,9.0,6.0,0.0,0.0,2.0,0.0,2.0,3.0,0.0,26.0,6.0,6.0,0.0,0.0,3.0,0.0,3.0,3.0,0.0,25.0,10.0,7.0,0.0,0.0,1.0,1.0,1.0,1.0,1.0,27.0,11.0,5.0,0.0,0.0,2.0,0.0,2.0,0.0,0.0,0.0,26.0,8.0,4.0,0.0,0.0,5.0,0.0,5.0,17.0,8.0,3.0,0.0,0.0,3.0,0.0,3.0,0.0,0.0,15.0,8.0,5.0,0.0,0.0,1.0,0.0,1.0,0.0,1.0,17.0,5.0,4.0,0.0,0.0,0.0,0.0,0.0,0.0,0.0,0.0,5.0,0.0,2.0,0.0,1.0,0.0,0.0,0.0,0.0,0.0,7.0,0.0,2.0,0.0,0.0,0.0,0.0,0.0,0.0,0.0,0.0,0.0,0.0,0.0,0.0,0.0,0.0,0.0,0.0,0.0,2.0,2.0,2.0,3.0,1.0,2.0,0.0,0.0,2.0,0.0,2.0,0.0,1.0,0.0,0.0,1.0,0.0,1.0,3.0,20.0,5.0,2.0,11.0,11.0,11.0,5.0,21.0
CHEMBL1915247,IC50,63.1,20.0,5.0,5.0,0.0,0.0,1.0,0.0,25.0,11.0,7.0,0.0,0.0,2.0,0.0,2.0,1.0,0.0,0.0,0.0,24.0,8.0,8.0,0.0,0.0,2.0,0.0,2.0,1.0,0.0,24.0,6.0,4.0,0.0,0.0,3.0,0.0,3.0,3.0,0.0,21.0,10.0,6.0,0.0,0.0,1.0,1.0,1.0,1.0,1.0,23.0,9.0,5.0,0.0,0.0,2.0,0.0,2.0,0.0,0.0,0.0,19.0,7.0,4.0,0.0,0.0,5.0,0.0,5.0,16.0,4.0,3.0,0.0,0.0,1.0,0.0,1.0,0.0,0.0,15.0,3.0,6.0,0.0,0.0,0.0,0.0,0.0,0.0,1.0,13.0,1.0,4.0,0.0,0.0,1.0,1.0,0.0,0.0,0.0,2.0,5.0,2.0,2.0,0.0,3.0,0.0,0.0,0.0,0.0,0.0,11.0,0.0,6.0,0.0,0.0,4.0,0.0,0.0,0.0,2.0,1.0,0.0,0.0,0.0,0.0,1.0,0.0,2.0,2.0,2.0,2.0,2.0,2.0,2.0,1.0,2.0,0.0,0.0,1.0,0.0,2.0,0.0,3.0,2.0,0.0,1.0,0.0,1.0,3.0,14.0,4.0,2.0,10.0,14.0,14.0,6.0,16.0
CHEMBL1914467,IC50,5.012,23.0,5.0,3.0,0.0,0.0,1.0,0.0,26.0,11.0,5.0,0.0,0.0,2.0,0.0,2.0,1.0,0.0,0.0,0.0,27.0,6.0,7.0,0.0,0.0,2.0,0.0,2.0,1.0,0.0,25.0,6.0,6.0,0.0,0.0,3.0,0.0,3.0,2.0,0.0,24.0,10.0,4.0,0.0,0.0,1.0,1.0,1.0,1.0,1.0,27.0,7.0,4.0,0.0,0.0,2.0,0.0,2.0,0.0,0.0,0.0,25.0,5.0,3.0,0.0,0.0,5.0,0.0,5.0,15.0,6.0,2.0,0.0,0.0,3.0,0.0,3.0,0.0,0.0,15.0,6.0,4.0,0.0,0.0,1.0,0.0,1.0,0.0,1.0,16.0,2.0,3.0,0.0,0.0,1.0,1.0,0.0,0.0,0.0,1.0,2.0,0.0,0.0,0.0,1.0,0.0,0.0,0.0,0.0,0.0,6.0,1.0,3.0,1.0,0.0,1.0,0.0,0.0,0.0,0.0,0.0,0.0,0.0,0.0,0.0,0.0,0.0,0.0,1.0,0.0,2.0,2.0,0.0,2.0,1.0,0.0,0.0,0.0,1.0,0.0,1.0,0.0,1.0,1.0,0.0,1.0,0.0,1.0,3.0,20.0,3.0,2.0,8.0,8.0,8.0,5.0,23.0
CHEMBL1915256,IC50,19.95,25.0,7.0,3.0,0.0,0.0,1.0,0.0,32.0,12.0,5.0,0.0,0.0,2.0,0.0,2.0,1.0,0.0,0.0,0.0,30.0,9.0,7.0,0.0,0.0,2.0,0.0,2.0,1.0,0.0,26.0,9.0,5.0,0.0,0.0,3.0,0.0,3.0,2.0,0.0,27.0,9.0,6.0,0.0,0.0,1.0,1.0,1.0,1.0,1.0,30.0,9.0,6.0,0.0,0.0,2.0,0.0,2.0,0.0,0.0,0.0,27.0,10.0,3.0,0.0,0.0,5.0,0.0,5.0,20.0,9.0,2.0,0.0,0.0,3.0,0.0,3.0,0.0,0.0,19.0,7.0,4.0,0.0,0.0,1.0,0.0,1.0,0.0,1.0,20.0,4.0,2.0,0.0,0.0,1.0,1.0,0.0,0.0,0.0,1.0,6.0,3.0,2.0,0.0,1.0,0.0,0.0,0.0,0.0,0.0,9.0,1.0,5.0,1.0,0.0,5.0,2.0,1.0,0.0,4.0,1.0,0.0,0.0,0.0,0.0,0.0,6.0,0.0,4.0,0.0,3.0,3.0,0.0,4.0,2.0,0.0,0.0,0.0,2.0,0.0,1.0,0.0,1.0,2.0,0.0,1.0,0.0,1.0,3.0,20.0,4.0,2.0,10.0,12.0,12.0,6.0,22.0
CHEMBL456707,IC50,19.95,28.0,0.0,4.0,0.0,0.0,1.0,0.0,37.0,0.0,5.0,0.0,0.0,2.0,0.0,2.0,0.0,0.0,0.0,0.0,37.0,0.0,9.0,0.0,0.0,2.0,0.0,2.0,0.0,0.0,35.0,0.0,11.0,0.0,0.0,2.0,0.0,2.0,0.0,0.0,39.0,0.0,10.0,0.0,0.0,2.0,2.0,0.0,0.0,1.0,38.0,0.0,9.0,0.0,0.0,4.0,0.0,4.0,0.0,0.0,0.0,32.0,0.0,9.0,0.0,0.0,4.0,0.0,4.0,26.0,0.0,5.0,0.0,0.0,5.0,0.0,5.0,0.0,0.0,20.0,0.0,4.0,0.0,0.0,3.0,0.0,3.0,0.0,2.0,16.0,0.0,2.0,0.0,0.0,1.0,1.0,0.0,0.0,0.0,0.0,1.0,0.0,0.0,0.0,0.0,1.0,2.0,1.0,0.0,1.0,2.0,0.0,0.0,0.0,0.0,0.0,0.0,0.0,0.0,0.0,0.0,0.0,0.0,0.0,0.0,0.0,0.0,0.0,0.0,0.0,0.0,0.0,0.0,0.0,0.0,2.0,0.0,0.0,0.0,0.0,3.0,2.0,0.0,0.0,0.0,3.0,0.0,0.0,0.0,24.0,0.0,2.0,4.0,3.0,3.0,4.0,25.0
CHEMBL458858,IC50,158.49,25.0,2.0,4.0,0.0,0.0,1.0,0.0,32.0,4.0,5.0,0.0,0.0,2.0,0.0,2.0,0.0,0.0,0.0,0.0,30.0,3.0,7.0,0.0,0.0,2.0,0.0,2.0,2.0,0.0,30.0,3.0,9.0,0.0,0.0,2.0,0.0,2.0,0.0,0.0,35.0,3.0,7.0,0.0,0.0,2.0,2.0,0.0,0.0,1.0,35.0,2.0,6.0,0.0,0.0,4.0,0.0,4.0,1.0,0.0,0.0,29.0,2.0,8.0,0.0,0.0,3.0,0.0,3.0,22.0,1.0,8.0,0.0,0.0,4.0,0.0,4.0,0.0,0.0,16.0,2.0,4.0,0.0,0.0,4.0,0.0,4.0,2.0,0.0,10.0,2.0,4.0,0.0,0.0,0.0,0.0,0.0,2.0,2.0,1.0,5.0,3.0,3.0,1.0,0.0,0.0,1.0,1.0,0.0,0.0,7.0,1.0,6.0,1.0,0.0,7.0,2.0,1.0,0.0,7.0,3.0,1.0,0.0,0.0,1.0,2.0,0.0,2.0,0.0,2.0,0.0,0.0,1.0,0.0,0.0,2.0,0.0,0.0,0.0,0.0,3.0,0.0,0.0,4.0,0.0,1.0,0.0,1.0,1.0,18.0,1.0,2.0,6.0,7.0,7.0,4.0,19.0
CHEMBL228746,IC50,5.012,30.0,3.0,4.0,0.0,1.0,2.0,0.0,40.0,6.0,5.0,0.0,2.0,0.0,2.0,4.0,0.0,0.0,0.0,0.0,42.0,4.0,9.0,0.0,2.0,0.0,2.0,4.0,0.0,0.0,39.0,5.0,10.0,0.0,1.0,0.0,2.0,3.0,1.0,0.0,41.0,4.0,10.0,0.0,1.0,0.0,2.0,2.0,1.0,1.0,45.0,2.0,9.0,0.0,0.0,0.0,4.0,4.0,0.0,1.0,1.0,41.0,2.0,10.0,0.0,1.0,0.0,4.0,5.0,34.0,2.0,7.0,0.0,2.0,0.0,4.0,6.0,0.0,0.0,28.0,1.0,6.0,0.0,3.0,0.0,5.0,8.0,2.0,0.0,22.0,0.0,5.0,0.0,2.0,0.0,5.0,0.0,0.0,2.0,0.0,1.0,0.0,0.0,0.0,1.0,1.0,1.0,1.0,1.0,1.0,3.0,0.0,0.0,0.0,0.0,0.0,0.0,0.0,0.0,0.0,0.0,0.0,0.0,0.0,0.0,0.0,0.0,0.0,0.0,0.0,0.0,0.0,0.0,0.0,0.0,2.0,1.0,1.0,0.0,0.0,3.0,2.0,1.0,0.0,0.0,3.0,1.0,0.0,1.0,27.0,1.0,2.0,7.0,4.0,4.0,4.0,28.0
CHEMBL208684,IC50,15.85,24.0,3.0,4.0,0.0,0.0,1.0,0.0,31.0,6.0,5.0,0.0,0.0,0.0,2.0,2.0,0.0,0.0,0.0,0.0,29.0,4.0,9.0,0.0,0.0,0.0,2.0,2.0,0.0,0.0,30.0,4.0,8.0,0.0,0.0,0.0,2.0,2.0,1.0,0.0,36.0,2.0,5.0,0.0,0.0,0.0,1.0,2.0,1.0,1.0,36.0,1.0,7.0,0.0,0.0,0.0,4.0,4.0,0.0,0.0,0.0,27.0,2.0,10.0,0.0,0.0,0.0,4.0,4.0,21.0,2.0,6.0,0.0,0.0,0.0,4.0,4.0,0.0,0.0,18.0,0.0,4.0,0.0,0.0,0.0,4.0,4.0,2.0,0.0,12.0,0.0,4.0,0.0,0.0,0.0,0.0,0.0,0.0,2.0,1.0,5.0,3.0,3.0,1.0,1.0,1.0,0.0,1.0,0.0,1.0,8.0,1.0,6.0,1.0,0.0,7.0,2.0,1.0,0.0,7.0,3.0,1.0,0.0,0.0,1.0,2.0,0.0,2.0,0.0,2.0,0.0,0.0,1.0,0.0,0.0,2.0,0.0,0.0,0.0,0.0,3.0,1.0,1.0,4.0,0.0,2.0,0.0,0.0,1.0,17.0,1.0,2.0,7.0,9.0,9.0,4.0,19.0
CHEMBL438126,IC50,63.1,28.0,5.0,3.0,0.0,0.0,1.0,0.0,37.0,9.0,4.0,0.0,0.0,2.0,0.0,2.0,1.0,0.0,0.0,0.0,39.0,7.0,7.0,0.0,0.0,2.0,0.0,2.0,0.0,0.0,37.0,5.0,7.0,0.0,0.0,2.0,0.0,2.0,1.0,0.0,37.0,6.0,6.0,0.0,0.0,1.0,1.0,0.0,1.0,1.0,37.0,7.0,4.0,0.0,0.0,4.0,0.0,4.0,1.0,0.0,0.0,39.0,4.0,4.0,0.0,0.0,4.0,0.0,4.0,34.0,4.0,5.0,0.0,0.0,4.0,0.0,4.0,0.0,0.0,26.0,3.0,4.0,0.0,0.0,3.0,0.0,3.0,0.0,0.0,22.0,1.0,4.0,0.0,0.0,3.0,3.0,1.0,0.0,0.0,0.0,1.0,0.0,0.0,0.0,2.0,1.0,0.0,1.0,0.0,1.0,6.0,0.0,2.0,0.0,0.0,1.0,0.0,0.0,0.0,0.0,0.0,0.0,0.0,0.0,0.0,0.0,0.0,0.0,0.0,0.0,0.0,0.0,0.0,1.0,0.0,2.0,0.0,0.0,1.0,0.0,2.0,1.0,2.0,0.0,0.0,0.0,0.0,0.0,1.0,23.0,2.0,7.0,8.0,5.0,5.0,3.0,25.0
CHEMBL393743,IC50,125.89,27.0,7.0,2.0,0.0,2.0,3.0,0.0,35.0,10.0,3.0,0.0,4.0,0.0,2.0,6.0,0.0,0.0,0.0,0.0,35.0,10.0,5.0,0.0,5.0,0.0,2.0,7.0,0.0,0.0,36.0,8.0,4.0,0.0,2.0,0.0,2.0,4.0,1.0,0.0,42.0,4.0,4.0,0.0,2.0,0.0,3.0,0.0,1.0,1.0,41.0,7.0,3.0,0.0,2.0,0.0,4.0,6.0,0.0,1.0,1.0,34.0,11.0,2.0,0.0,4.0,0.0,4.0,8.0,34.0,6.0,2.0,0.0,4.0,0.0,4.0,8.0,0.0,0.0,28.0,5.0,0.0,0.0,6.0,0.0,4.0,10.0,0.0,0.0,21.0,4.0,2.0,0.0,5.0,0.0,6.0,0.0,0.0,0.0,0.0,1.0,0.0,0.0,0.0,1.0,0.0,0.0,2.0,2.0,0.0,2.0,0.0,0.0,0.0,0.0,0.0,0.0,0.0,0.0,0.0,0.0,0.0,0.0,0.0,0.0,0.0,0.0,0.0,0.0,0.0,0.0,0.0,0.0,0.0,0.0,1.0,2.0,2.0,0.0,0.0,1.0,1.0,1.0,0.0,0.0,0.0,2.0,2.0,3.0,29.0,3.0,0.0,9.0,3.0,3.0,3.0,27.0
CHEMBL399800,IC50,50.12,30.0,7.0,3.0,0.0,0.0,1.0,0.0,38.0,11.0,4.0,0.0,0.0,2.0,0.0,2.0,1.0,0.0,0.0,0.0,38.0,8.0,8.0,0.0,0.0,2.0,0.0,2.0,0.0,0.0,36.0,9.0,7.0,0.0,0.0,2.0,0.0,2.0,1.0,0.0,43.0,5.0,6.0,0.0,0.0,1.0,1.0,2.0,1.0,1.0,45.0,6.0,7.0,0.0,0.0,4.0,0.0,4.0,0.0,0.0,0.0,39.0,9.0,7.0,0.0,0.0,4.0,0.0,4.0,37.0,6.0,4.0,0.0,0.0,4.0,0.0,4.0,0.0,0.0,32.0,7.0,2.0,0.0,0.0,4.0,0.0,4.0,1.0,0.0,28.0,7.0,3.0,0.0,0.0,1.0,1.0,0.0,1.0,1.0,0.0,2.0,0.0,0.0,0.0,1.0,0.0,0.0,1.0,0.0,0.0,4.0,0.0,0.0,0.0,0.0,0.0,0.0,0.0,0.0,0.0,0.0,0.0,0.0,0.0,0.0,0.0,0.0,0.0,0.0,0.0,0.0,0.0,0.0,2.0,1.0,1.0,0.0,0.0,1.0,0.0,2.0,1.0,1.0,0.0,0.0,2.0,0.0,1.0,2.0,29.0,2.0,2.0,10.0,6.0,6.0,7.0,30.0
CHEMBL393374,IC50,501.19,25.0,4.0,3.0,0.0,2.0,2.0,0.0,32.0,7.0,4.0,0.0,4.0,0.0,0.0,4.0,1.0,0.0,0.0,0.0,32.0,6.0,7.0,0.0,5.0,0.0,0.0,5.0,0.0,0.0,31.0,6.0,6.0,0.0,2.0,0.0,0.0,2.0,1.0,0.0,36.0,3.0,5.0,0.0,2.0,0.0,2.0,1.0,0.0,0.0,37.0,3.0,5.0,0.0,2.0,0.0,0.0,2.0,0.0,1.0,1.0,29.0,6.0,6.0,0.0,4.0,0.0,0.0,4.0,24.0,4.0,4.0,0.0,4.0,0.0,0.0,4.0,0.0,0.0,20.0,3.0,2.0,0.0,6.0,0.0,0.0,6.0,1.0,0.0,15.0,2.0,2.0,0.0,5.0,0.0,5.0,0.0,0.0,0.0,0.0,1.0,0.0,0.0,0.0,1.0,0.0,1.0,1.0,2.0,0.0,3.0,0.0,0.0,0.0,0.0,0.0,0.0,0.0,0.0,0.0,0.0,0.0,0.0,0.0,0.0,0.0,0.0,0.0,0.0,0.0,0.0,0.0,0.0,1.0,0.0,1.0,2.0,2.0,1.0,0.0,2.0,1.0,1.0,0.0,0.0,2.0,2.0,0.0,1.0,23.0,1.0,2.0,7.0,4.0,4.0,4.0,24.0
CHEMBL233138,IC50,15.85,25.0,6.0,3.0,0.0,2.0,3.0,0.0,35.0,7.0,4.0,0.0,4.0,0.0,2.0,6.0,1.0,0.0,0.0,0.0,34.0,6.0,9.0,0.0,5.0,0.0,2.0,7.0,0.0,0.0,35.0,5.0,6.0,0.0,2.0,0.0,2.0,4.0,1.0,0.0,38.0,4.0,5.0,0.0,2.0,0.0,3.0,0.0,1.0,1.0,37.0,1.0,3.0,0.0,2.0,0.0,4.0,6.0,1.0,1.0,1.0,31.0,6.0,4.0,0.0,4.0,0.0,4.0,8.0,28.0,6.0,5.0,0.0,4.0,0.0,4.0,8.0,0.0,0.0,28.0,3.0,3.0,0.0,6.0,0.0,3.0,9.0,0.0,0.0,20.0,2.0,2.0,0.0,5.0,0.0,7.0,1.0,0.0,0.0,0.0,1.0,0.0,0.0,0.0,3.0,0.0,0.0,2.0,2.0,0.0,5.0,0.0,0.0,0.0,0.0,0.0,0.0,0.0,0.0,0.0,0.0,0.0,0.0,0.0,0.0,0.0,0.0,0.0,0.0,0.0,0.0,0.0,0.0,3.0,3.0,1.0,2.0,2.0,1.0,0.0,2.0,1.0,1.0,0.0,0.0,2.0,2.0,0.0,1.0,23.0,1.0,2.0,9.0,5.0,5.0,5.0,25.0
CHEMBL232544,IC50,25.12,27.0,3.0,3.0,0.0,8.0,9.0,0.0,35.0,6.0,6.0,0.0,10.0,0.0,2.0,12.0,0.0,6.0,6.0,6.0,36.0,4.0,7.0,0.0,17.0,0.0,2.0,19.0,0.0,0.0,35.0,4.0,6.0,0.0,14.0,0.0,2.0,16.0,1.0,0.0,38.0,4.0,5.0,0.0,14.0,0.0,15.0,1.0,1.0,1.0,41.0,1.0,5.0,0.0,8.0,0.0,4.0,12.0,0.0,1.0,1.0,37.0,2.0,6.0,0.0,16.0,0.0,4.0,20.0,28.0,2.0,4.0,0.0,28.0,0.0,4.0,32.0,0.0,0.0,24.0,1.0,4.0,0.0,18.0,0.0,4.0,22.0,1.0,0.0,19.0,0.0,2.0,0.0,17.0,0.0,20.0,0.0,0.0,7.0,0.0,1.0,0.0,0.0,0.0,1.0,1.0,0.0,2.0,8.0,1.0,5.0,0.0,2.0,0.0,0.0,1.0,0.0,0.0,2.0,0.0,0.0,0.0,0.0,0.0,0.0,0.0,0.0,0.0,0.0,0.0,0.0,0.0,2.0,0.0,0.0,2.0,8.0,2.0,0.0,0.0,2.0,2.0,1.0,0.0,6.0,0.0,2.0,0.0,1.0,23.0,1.0,0.0,6.0,4.0,4.0,6.0,26.0
CHEMBL232543,IC50,7.943,31.0,4.0,3.0,1.0,0.0,1.0,2.0,38.0,8.0,6.0,3.0,0.0,2.0,0.0,2.0,3.0,0.0,0.0,0.0,36.0,8.0,13.0,3.0,0.0,2.0,0.0,2.0,0.0,1.0,34.0,7.0,13.0,3.0,0.0,2.0,0.0,2.0,1.0,2.0,40.0,4.0,13.0,2.0,0.0,1.0,1.0,0.0,1.0,1.0,42.0,1.0,9.0,3.0,0.0,4.0,0.0,4.0,2.0,0.0,0.0,37.0,5.0,9.0,4.0,0.0,4.0,0.0,4.0,32.0,7.0,9.0,2.0,0.0,4.0,0.0,4.0,0.0,0.0,28.0,5.0,6.0,2.0,0.0,3.0,0.0,3.0,0.0,0.0,25.0,4.0,8.0,2.0,0.0,1.0,1.0,2.0,0.0,0.0,0.0,1.0,0.0,0.0,0.0,1.0,0.0,0.0,1.0,0.0,0.0,3.0,0.0,0.0,0.0,0.0,0.0,0.0,0.0,0.0,0.0,0.0,0.0,0.0,0.0,0.0,0.0,0.0,0.0,0.0,0.0,0.0,0.0,0.0,1.0,0.0,1.0,0.0,0.0,1.0,2.0,4.0,1.0,1.0,0.0,0.0,2.0,0.0,0.0,1.0,29.0,1.0,6.0,8.0,5.0,5.0,7.0,32.0
CHEMBL234924,IC50,100.0,28.0,1.0,4.0,0.0,0.0,0.0,0.0,38.0,1.0,5.0,0.0,0.0,0.0,0.0,0.0,0.0,0.0,0.0,0.0,35.0,2.0,9.0,0.0,0.0,0.0,0.0,0.0,0.0,0.0,34.0,2.0,9.0,0.0,0.0,0.0,0.0,0.0,0.0,0.0,36.0,2.0,9.0,0.0,0.0,0.0,0.0,0.0,0.0,0.0,38.0,2.0,6.0,0.0,0.0,0.0,0.0,0.0,1.0,0.0,0.0,32.0,4.0,8.0,0.0,0.0,0.0,0.0,0.0,29.0,3.0,6.0,0.0,0.0,0.0,0.0,0.0,0.0,0.0,23.0,4.0,4.0,0.0,0.0,0.0,0.0,0.0,2.0,0.0,14.0,4.0,6.0,0.0,0.0,0.0,0.0,0.0,0.0,0.0,0.0,4.0,0.0,2.0,1.0,0.0,1.0,0.0,1.0,0.0,1.0,8.0,0.0,4.0,0.0,2.0,3.0,0.0,0.0,2.0,2.0,1.0,0.0,0.0,0.0,0.0,0.0,0.0,0.0,0.0,0.0,0.0,0.0,0.0,0.0,0.0,2.0,0.0,0.0,1.0,0.0,3.0,2.0,0.0,3.0,0.0,2.0,0.0,0.0,0.0,18.0,0.0,6.0,5.0,7.0,7.0,6.0,21.0
CHEMBL265086,IC50,79.43,27.0,0.0,4.0,2.0,0.0,0.0,2.0,37.0,0.0,9.0,2.0,0.0,0.0,0.0,0.0,0.0,0.0,0.0,0.0,35.0,0.0,13.0,2.0,0.0,0.0,0.0,0.0,0.0,0.0,34.0,0.0,13.0,2.0,0.0,0.0,0.0,0.0,0.0,0.0,36.0,0.0,12.0,2.0,0.0,0.0,0.0,0.0,0.0,0.0,36.0,0.0,11.0,4.0,0.0,0.0,0.0,0.0,0.0,0.0,0.0,33.0,0.0,16.0,3.0,0.0,0.0,0.0,0.0,28.0,0.0,12.0,4.0,0.0,0.0,0.0,0.0,0.0,0.0,23.0,0.0,12.0,4.0,0.0,0.0,0.0,0.0,2.0,0.0,17.0,0.0,12.0,1.0,0.0,0.0,0.0,0.0,0.0,0.0,0.0,4.0,0.0,2.0,1.0,1.0,1.0,0.0,1.0,0.0,1.0,8.0,0.0,4.0,0.0,2.0,3.0,0.0,0.0,2.0,2.0,1.0,0.0,0.0,0.0,0.0,0.0,0.0,0.0,0.0,0.0,0.0,0.0,0.0,0.0,0.0,2.0,0.0,0.0,0.0,0.0,5.0,2.0,0.0,3.0,0.0,2.0,0.0,0.0,0.0,18.0,0.0,10.0,6.0,8.0,8.0,7.0,22.0
CHEMBL234709,IC50,15.85,27.0,0.0,4.0,2.0,2.0,2.0,0.0,37.0,0.0,5.0,2.0,4.0,0.0,0.0,4.0,0.0,0.0,0.0,0.0,35.0,0.0,9.0,2.0,5.0,0.0,0.0,5.0,0.0,0.0,34.0,0.0,9.0,2.0,2.0,0.0,0.0,2.0,0.0,0.0,36.0,0.0,8.0,2.0,2.0,0.0,2.0,0.0,0.0,0.0,36.0,0.0,7.0,4.0,2.0,0.0,0.0,2.0,0.0,1.0,1.0,33.0,0.0,8.0,3.0,4.0,0.0,0.0,4.0,28.0,0.0,6.0,4.0,5.0,0.0,0.0,5.0,0.0,0.0,23.0,0.0,4.0,4.0,6.0,0.0,0.0,6.0,2.0,0.0,17.0,0.0,4.0,1.0,6.0,0.0,6.0,0.0,0.0,0.0,0.0,4.0,0.0,2.0,1.0,1.0,1.0,0.0,2.0,2.0,1.0,8.0,0.0,4.0,0.0,2.0,3.0,0.0,0.0,2.0,2.0,1.0,0.0,0.0,0.0,0.0,0.0,0.0,0.0,0.0,0.0,0.0,0.0,0.0,0.0,0.0,2.0,2.0,2.0,0.0,0.0,3.0,2.0,0.0,3.0,0.0,2.0,2.0,0.0,0.0,18.0,0.0,6.0,6.0,8.0,8.0,7.0,21.0
CHEMBL389596,IC50,31.62,27.0,0.0,4.0,2.0,1.0,1.0,0.0,37.0,0.0,5.0,2.0,2.0,0.0,0.0,2.0,0.0,0.0,0.0,0.0,35.0,0.0,9.0,2.0,2.0,0.0,0.0,2.0,0.0,0.0,34.0,0.0,9.0,2.0,1.0,0.0,0.0,1.0,0.0,0.0,36.0,0.0,8.0,2.0,1.0,0.0,1.0,0.0,0.0,0.0,36.0,0.0,7.0,4.0,0.0,0.0,0.0,0.0,0.0,1.0,1.0,33.0,0.0,8.0,3.0,1.0,0.0,0.0,1.0,28.0,0.0,6.0,4.0,2.0,0.0,0.0,2.0,0.0,0.0,23.0,0.0,4.0,4.0,3.0,0.0,0.0,3.0,2.0,0.0,17.0,0.0,4.0,1.0,3.0,0.0,3.0,0.0,0.0,0.0,0.0,4.0,0.0,2.0,1.0,1.0,1.0,0.0,1.0,1.0,1.0,8.0,0.0,4.0,0.0,2.0,3.0,0.0,0.0,2.0,2.0,1.0,0.0,0.0,0.0,0.0,0.0,0.0,0.0,0.0,0.0,0.0,0.0,0.0,0.0,0.0,2.0,1.0,1.0,0.0,0.0,3.0,2.0,0.0,3.0,0.0,2.0,1.0,0.0,0.0,18.0,0.0,6.0,6.0,8.0,8.0,7.0,21.0
CHEMBL234281,IC50,63.1,27.0,0.0,4.0,2.0,0.0,0.0,0.0,37.0,0.0,5.0,2.0,0.0,0.0,0.0,0.0,0.0,0.0,0.0,0.0,35.0,0.0,9.0,2.0,0.0,0.0,0.0,0.0,0.0,0.0,34.0,0.0,9.0,2.0,0.0,0.0,0.0,0.0,0.0,0.0,36.0,0.0,8.0,2.0,0.0,0.0,0.0,0.0,0.0,0.0,36.0,0.0,7.0,4.0,0.0,0.0,0.0,0.0,0.0,0.0,0.0,33.0,0.0,8.0,3.0,0.0,0.0,0.0,0.0,28.0,0.0,6.0,4.0,0.0,0.0,0.0,0.0,0.0,0.0,23.0,0.0,4.0,4.0,0.0,0.0,0.0,0.0,2.0,0.0,17.0,0.0,4.0,1.0,0.0,0.0,0.0,0.0,0.0,0.0,0.0,4.0,0.0,2.0,1.0,1.0,1.0,0.0,1.0,0.0,1.0,8.0,0.0,4.0,0.0,2.0,3.0,0.0,0.0,2.0,2.0,1.0,0.0,0.0,0.0,0.0,0.0,0.0,0.0,0.0,0.0,0.0,0.0,0.0,0.0,0.0,2.0,0.0,0.0,0.0,0.0,3.0,2.0,0.0,3.0,0.0,2.0,0.0,0.0,0.0,18.0,0.0,6.0,6.0,8.0,8.0,7.0,21.0
CHEMBL233230,IC50,25.12,27.0,0.0,4.0,0.0,2.0,2.0,0.0,36.0,0.0,5.0,0.0,4.0,0.0,0.0,4.0,0.0,0.0,0.0,0.0,33.0,0.0,9.0,0.0,5.0,0.0,0.0,5.0,0.0,0.0,32.0,0.0,9.0,0.0,2.0,0.0,0.0,2.0,0.0,0.0,34.0,0.0,8.0,0.0,2.0,0.0,2.0,0.0,0.0,0.0,34.0,0.0,6.0,0.0,2.0,0.0,0.0,2.0,0.0,1.0,1.0,29.0,0.0,8.0,0.0,4.0,0.0,0.0,4.0,25.0,0.0,6.0,0.0,5.0,0.0,0.0,5.0,0.0,0.0,19.0,0.0,4.0,0.0,6.0,0.0,0.0,6.0,2.0,0.0,13.0,0.0,4.0,0.0,5.0,0.0,5.0,0.0,0.0,0.0,0.0,4.0,0.0,2.0,1.0,0.0,1.0,1.0,1.0,2.0,1.0,7.0,0.0,4.0,0.0,2.0,3.0,0.0,0.0,2.0,2.0,1.0,0.0,0.0,0.0,0.0,0.0,0.0,0.0,0.0,0.0,0.0,0.0,0.0,0.0,0.0,2.0,2.0,2.0,0.0,0.0,3.0,2.0,0.0,3.0,0.0,2.0,2.0,0.0,0.0,18.0,0.0,6.0,4.0,7.0,7.0,6.0,21.0
CHEMBL378197,IC50,2570.4,18.0,3.0,4.0,0.0,3.0,4.0,0.0,22.0,7.0,5.0,0.0,3.0,0.0,2.0,5.0,0.0,3.0,3.0,3.0,18.0,6.0,7.0,0.0,6.0,0.0,2.0,8.0,2.0,0.0,15.0,4.0,7.0,0.0,3.0,0.0,2.0,5.0,3.0,0.0,18.0,4.0,4.0,0.0,3.0,0.0,3.0,1.0,1.0,7.0,22.0,3.0,4.0,0.0,3.0,0.0,2.0,5.0,0.0,0.0,0.0,19.0,3.0,6.0,0.0,6.0,0.0,3.0,9.0,13.0,4.0,4.0,0.0,6.0,0.0,4.0,10.0,3.0,3.0,9.0,3.0,4.0,0.0,6.0,0.0,2.0,8.0,0.0,2.0,9.0,1.0,2.0,0.0,3.0,0.0,4.0,0.0,0.0,0.0,0.0,2.0,0.0,0.0,0.0,0.0,1.0,0.0,1.0,3.0,1.0,4.0,0.0,0.0,0.0,0.0,0.0,0.0,0.0,0.0,0.0,0.0,0.0,0.0,0.0,0.0,0.0,0.0,0.0,0.0,0.0,0.0,0.0,0.0,0.0,0.0,2.0,3.0,0.0,0.0,0.0,3.0,1.0,0.0,0.0,3.0,2.0,0.0,1.0,2.0,17.0,2.0,2.0,7.0,5.0,5.0,7.0,18.0
CHEMBL380297,IC50,426.58,18.0,3.0,4.0,0.0,0.0,1.0,0.0,22.0,7.0,5.0,0.0,0.0,0.0,2.0,2.0,0.0,0.0,0.0,0.0,18.0,6.0,7.0,0.0,0.0,0.0,2.0,2.0,2.0,0.0,15.0,4.0,7.0,0.0,0.0,0.0,2.0,2.0,3.0,0.0,18.0,4.0,4.0,0.0,0.0,0.0,0.0,1.0,1.0,1.0,22.0,3.0,4.0,0.0,0.0,0.0,2.0,2.0,0.0,0.0,0.0,19.0,3.0,6.0,0.0,0.0,0.0,3.0,3.0,13.0,4.0,4.0,0.0,0.0,0.0,4.0,4.0,0.0,0.0,9.0,3.0,4.0,0.0,0.0,0.0,2.0,2.0,0.0,2.0,9.0,1.0,2.0,0.0,0.0,0.0,1.0,0.0,0.0,0.0,0.0,2.0,0.0,0.0,0.0,1.0,1.0,0.0,1.0,0.0,1.0,4.0,0.0,0.0,0.0,0.0,0.0,0.0,0.0,0.0,0.0,0.0,0.0,0.0,0.0,0.0,0.0,0.0,0.0,0.0,0.0,0.0,0.0,0.0,0.0,0.0,2.0,0.0,0.0,0.0,0.0,3.0,1.0,1.0,0.0,0.0,2.0,0.0,1.0,2.0,17.0,2.0,2.0,7.0,6.0,6.0,6.0,17.0
CHEMBL232925,IC50,63.1,23.0,4.0,2.0,1.0,0.0,3.0,2.0,27.0,8.0,4.0,4.0,0.0,6.0,0.0,6.0,4.0,0.0,0.0,0.0,24.0,8.0,9.0,5.0,0.0,9.0,0.0,9.0,1.0,0.0,19.0,8.0,13.0,4.0,0.0,5.0,0.0,5.0,0.0,0.0,22.0,10.0,13.0,3.0,0.0,1.0,1.0,2.0,2.0,2.0,24.0,13.0,12.0,1.0,0.0,4.0,0.0,4.0,2.0,0.0,2.0,25.0,11.0,5.0,1.0,0.0,4.0,0.0,4.0,22.0,6.0,3.0,2.0,0.0,3.0,0.0,3.0,0.0,0.0,21.0,3.0,5.0,2.0,0.0,4.0,0.0,4.0,0.0,0.0,23.0,1.0,4.0,1.0,0.0,8.0,8.0,0.0,4.0,4.0,0.0,2.0,0.0,0.0,0.0,2.0,0.0,0.0,0.0,0.0,0.0,4.0,0.0,0.0,0.0,0.0,0.0,0.0,0.0,0.0,0.0,0.0,0.0,0.0,0.0,0.0,0.0,0.0,0.0,0.0,0.0,0.0,0.0,0.0,1.0,0.0,0.0,0.0,0.0,1.0,2.0,2.0,0.0,2.0,1.0,0.0,0.0,0.0,2.0,3.0,23.0,3.0,4.0,7.0,6.0,6.0,7.0,22.0
CHEMBL231964,IC50,1000.0,24.0,4.0,2.0,1.0,0.0,0.0,2.0,28.0,8.0,4.0,4.0,0.0,0.0,0.0,0.0,4.0,0.0,0.0,0.0,26.0,8.0,9.0,5.0,0.0,0.0,0.0,0.0,1.0,0.0,21.0,9.0,13.0,4.0,0.0,0.0,0.0,0.0,0.0,0.0,24.0,10.0,13.0,4.0,0.0,0.0,0.0,2.0,0.0,0.0,26.0,13.0,14.0,1.0,0.0,0.0,0.0,0.0,2.0,0.0,0.0,27.0,12.0,6.0,1.0,0.0,0.0,0.0,0.0,25.0,7.0,3.0,2.0,0.0,0.0,0.0,0.0,0.0,0.0,23.0,3.0,5.0,2.0,0.0,0.0,0.0,0.0,0.0,0.0,25.0,1.0,4.0,1.0,0.0,0.0,0.0,0.0,0.0,0.0,0.0,3.0,0.0,0.0,0.0,2.0,0.0,1.0,0.0,0.0,0.0,5.0,0.0,1.0,0.0,0.0,0.0,0.0,0.0,1.0,0.0,0.0,0.0,0.0,0.0,0.0,0.0,0.0,0.0,0.0,0.0,0.0,0.0,0.0,1.0,0.0,0.0,0.0,0.0,1.0,2.0,2.0,0.0,2.0,2.0,0.0,0.0,0.0,2.0,3.0,23.0,3.0,4.0,7.0,7.0,7.0,8.0,22.0
CHEMBL389994,IC50,199.53,23.0,4.0,4.0,0.0,0.0,1.0,0.0,31.0,4.0,5.0,0.0,0.0,2.0,0.0,2.0,0.0,0.0,0.0,0.0,29.0,4.0,7.0,0.0,0.0,2.0,0.0,2.0,2.0,0.0,27.0,5.0,9.0,0.0,0.0,2.0,0.0,2.0,0.0,0.0,30.0,4.0,6.0,0.0,0.0,2.0,2.0,2.0,0.0,1.0,29.0,5.0,5.0,0.0,0.0,4.0,0.0,4.0,1.0,0.0,0.0,25.0,4.0,8.0,0.0,0.0,2.0,0.0,2.0,22.0,3.0,5.0,0.0,0.0,4.0,0.0,4.0,0.0,0.0,15.0,4.0,4.0,0.0,0.0,3.0,0.0,3.0,2.0,0.0,10.0,3.0,4.0,0.0,0.0,1.0,1.0,0.0,2.0,2.0,0.0,4.0,0.0,2.0,1.0,0.0,1.0,0.0,1.0,0.0,1.0,7.0,0.0,4.0,0.0,2.0,3.0,0.0,0.0,1.0,2.0,1.0,0.0,0.0,0.0,0.0,0.0,0.0,0.0,0.0,0.0,0.0,0.0,0.0,0.0,0.0,2.0,0.0,0.0,0.0,0.0,3.0,1.0,0.0,3.0,0.0,1.0,0.0,2.0,2.0,18.0,2.0,6.0,8.0,7.0,7.0,6.0,19.0
CHEMBL387605,IC50,5.012,27.0,0.0,4.0,0.0,2.0,3.0,0.0,36.0,0.0,5.0,0.0,4.0,0.0,2.0,6.0,0.0,0.0,0.0,0.0,33.0,0.0,9.0,0.0,5.0,0.0,2.0,7.0,0.0,0.0,32.0,0.0,9.0,0.0,2.0,0.0,2.0,4.0,0.0,0.0,34.0,0.0,8.0,0.0,2.0,0.0,4.0,0.0,0.0,1.0,34.0,0.0,6.0,0.0,2.0,0.0,4.0,6.0,0.0,1.0,1.0,29.0,0.0,8.0,0.0,4.0,0.0,3.0,7.0,25.0,0.0,6.0,0.0,5.0,0.0,4.0,9.0,0.0,0.0,19.0,0.0,4.0,0.0,6.0,0.0,4.0,10.0,2.0,0.0,13.0,0.0,4.0,0.0,5.0,0.0,6.0,0.0,0.0,2.0,0.0,4.0,0.0,2.0,1.0,0.0,1.0,0.0,2.0,2.0,1.0,7.0,0.0,4.0,0.0,2.0,3.0,0.0,0.0,2.0,2.0,1.0,0.0,0.0,0.0,0.0,0.0,0.0,0.0,0.0,0.0,0.0,0.0,0.0,0.0,0.0,2.0,2.0,2.0,0.0,0.0,3.0,2.0,0.0,3.0,0.0,2.0,2.0,0.0,0.0,18.0,0.0,6.0,4.0,7.0,7.0,6.0,21.0
CHEMBL234069,IC50,100.0,27.0,0.0,4.0,0.0,0.0,3.0,0.0,36.0,0.0,5.0,0.0,0.0,4.0,2.0,6.0,0.0,0.0,0.0,0.0,33.0,0.0,9.0,0.0,0.0,4.0,2.0,6.0,0.0,0.0,32.0,0.0,9.0,0.0,0.0,3.0,2.0,5.0,0.0,0.0,34.0,0.0,8.0,0.0,0.0,1.0,3.0,0.0,0.0,2.0,34.0,0.0,6.0,0.0,0.0,1.0,4.0,5.0,0.0,0.0,1.0,29.0,0.0,8.0,0.0,0.0,3.0,3.0,6.0,25.0,0.0,6.0,0.0,0.0,5.0,4.0,9.0,0.0,0.0,19.0,0.0,4.0,0.0,0.0,6.0,4.0,10.0,2.0,0.0,13.0,0.0,4.0,0.0,0.0,6.0,7.0,0.0,0.0,2.0,0.0,4.0,0.0,2.0,1.0,0.0,1.0,0.0,2.0,0.0,1.0,7.0,0.0,4.0,0.0,2.0,3.0,0.0,0.0,2.0,2.0,1.0,0.0,0.0,0.0,0.0,0.0,0.0,0.0,0.0,0.0,0.0,0.0,0.0,0.0,0.0,2.0,0.0,0.0,0.0,0.0,3.0,2.0,0.0,3.0,0.0,2.0,0.0,0.0,0.0,18.0,0.0,6.0,4.0,7.0,7.0,6.0,21.0
CHEMBL467114,IC50,12.59,20.0,2.0,4.0,0.0,1.0,3.0,0.0,24.0,4.0,5.0,0.0,2.0,4.0,0.0,6.0,0.0,0.0,0.0,0.0,22.0,2.0,7.0,0.0,3.0,4.0,0.0,7.0,2.0,0.0,18.0,2.0,8.0,0.0,1.0,3.0,0.0,4.0,0.0,0.0,20.0,2.0,6.0,0.0,1.0,2.0,3.0,1.0,0.0,1.0,23.0,2.0,4.0,0.0,2.0,2.0,0.0,4.0,0.0,0.0,1.0,21.0,1.0,6.0,0.0,3.0,4.0,0.0,7.0,15.0,2.0,4.0,0.0,2.0,6.0,0.0,8.0,0.0,0.0,10.0,2.0,4.0,0.0,1.0,5.0,0.0,6.0,0.0,2.0,9.0,1.0,2.0,0.0,2.0,3.0,5.0,0.0,0.0,0.0,0.0,2.0,0.0,0.0,0.0,0.0,0.0,0.0,2.0,1.0,0.0,3.0,0.0,0.0,0.0,0.0,0.0,0.0,0.0,0.0,0.0,0.0,0.0,0.0,0.0,0.0,0.0,0.0,0.0,0.0,0.0,0.0,0.0,0.0,0.0,0.0,2.0,1.0,1.0,0.0,0.0,3.0,1.0,0.0,1.0,0.0,1.0,1.0,1.0,1.0,18.0,1.0,2.0,6.0,4.0,4.0,6.0,18.0
CHEMBL511919,IC50,199.53,17.0,2.0,4.0,0.0,0.0,1.0,0.0,18.0,4.0,5.0,0.0,0.0,2.0,0.0,2.0,0.0,0.0,0.0,0.0,17.0,2.0,7.0,0.0,0.0,2.0,0.0,2.0,2.0,0.0,17.0,2.0,6.0,0.0,0.0,2.0,0.0,2.0,0.0,0.0,18.0,2.0,5.0,0.0,0.0,1.0,1.0,1.0,0.0,1.0,18.0,2.0,4.0,0.0,0.0,2.0,0.0,2.0,0.0,0.0,0.0,13.0,1.0,6.0,0.0,0.0,3.0,0.0,3.0,8.0,2.0,4.0,0.0,0.0,4.0,0.0,4.0,0.0,0.0,6.0,0.0,4.0,0.0,0.0,0.0,0.0,0.0,0.0,2.0,4.0,0.0,2.0,0.0,0.0,0.0,0.0,0.0,0.0,0.0,1.0,3.0,1.0,0.0,0.0,0.0,0.0,0.0,1.0,0.0,0.0,6.0,2.0,4.0,2.0,0.0,3.0,0.0,0.0,0.0,1.0,0.0,0.0,0.0,0.0,0.0,0.0,0.0,1.0,0.0,2.0,0.0,0.0,1.0,0.0,0.0,2.0,0.0,0.0,0.0,0.0,3.0,0.0,0.0,2.0,0.0,1.0,0.0,1.0,1.0,12.0,1.0,2.0,6.0,7.0,7.0,6.0,15.0
CHEMBL402392,IC50,12.59,15.0,5.0,2.0,2.0,3.0,3.0,0.0,23.0,5.0,2.0,1.0,3.0,0.0,0.0,3.0,0.0,3.0,3.0,3.0,19.0,7.0,2.0,3.0,6.0,0.0,0.0,6.0,2.0,0.0,19.0,7.0,2.0,3.0,6.0,0.0,0.0,6.0,0.0,0.0,20.0,5.0,0.0,3.0,3.0,0.0,3.0,2.0,3.0,0.0,17.0,3.0,4.0,3.0,9.0,0.0,0.0,9.0,0.0,0.0,0.0,12.0,2.0,6.0,2.0,3.0,0.0,0.0,3.0,9.0,0.0,6.0,0.0,9.0,0.0,0.0,9.0,0.0,0.0,2.0,0.0,6.0,0.0,9.0,0.0,0.0,9.0,0.0,0.0,0.0,0.0,4.0,0.0,0.0,0.0,0.0,0.0,0.0,6.0,1.0,1.0,1.0,0.0,0.0,2.0,0.0,0.0,1.0,3.0,0.0,6.0,0.0,3.0,1.0,0.0,3.0,0.0,0.0,0.0,0.0,0.0,0.0,0.0,0.0,0.0,0.0,0.0,0.0,0.0,0.0,0.0,0.0,0.0,0.0,0.0,1.0,3.0,0.0,0.0,0.0,2.0,0.0,2.0,1.0,3.0,0.0,0.0,1.0,3.0,14.0,3.0,2.0,9.0,4.0,4.0,4.0,15.0
CHEMBL254764,IC50,31.62,15.0,5.0,2.0,2.0,0.0,1.0,0.0,24.0,5.0,2.0,1.0,0.0,2.0,0.0,2.0,0.0,0.0,0.0,0.0,18.0,7.0,2.0,3.0,0.0,2.0,0.0,2.0,2.0,0.0,20.0,6.0,2.0,3.0,0.0,1.0,0.0,1.0,0.0,0.0,19.0,6.0,0.0,3.0,0.0,3.0,3.0,2.0,0.0,0.0,19.0,2.0,4.0,2.0,0.0,1.0,0.0,1.0,0.0,0.0,0.0,10.0,3.0,6.0,3.0,0.0,3.0,0.0,3.0,8.0,0.0,6.0,0.0,0.0,4.0,0.0,4.0,0.0,0.0,3.0,0.0,4.0,0.0,0.0,0.0,0.0,0.0,0.0,2.0,0.0,0.0,6.0,0.0,0.0,0.0,0.0,0.0,0.0,0.0,0.0,1.0,0.0,0.0,0.0,3.0,0.0,0.0,1.0,0.0,0.0,6.0,0.0,4.0,4.0,0.0,6.0,0.0,0.0,0.0,0.0,0.0,0.0,0.0,0.0,0.0,0.0,0.0,0.0,0.0,0.0,0.0,0.0,0.0,0.0,0.0,1.0,0.0,0.0,0.0,0.0,2.0,0.0,3.0,1.0,0.0,0.0,0.0,1.0,3.0,14.0,3.0,2.0,9.0,5.0,5.0,3.0,14.0
CHEMBL257464,IC50,19.95,17.0,2.0,6.0,0.0,0.0,1.0,0.0,21.0,3.0,7.0,0.0,0.0,2.0,0.0,2.0,1.0,0.0,0.0,0.0,18.0,1.0,9.0,0.0,0.0,2.0,0.0,2.0,2.0,0.0,14.0,2.0,8.0,0.0,0.0,2.0,0.0,2.0,0.0,2.0,17.0,2.0,5.0,0.0,0.0,1.0,1.0,1.0,0.0,1.0,19.0,2.0,6.0,0.0,0.0,1.0,0.0,1.0,0.0,0.0,1.0,18.0,1.0,6.0,0.0,0.0,3.0,0.0,3.0,11.0,2.0,6.0,0.0,0.0,3.0,0.0,3.0,0.0,0.0,7.0,2.0,6.0,0.0,0.0,2.0,0.0,2.0,0.0,2.0,6.0,1.0,3.0,0.0,0.0,1.0,1.0,0.0,0.0,0.0,0.0,2.0,0.0,0.0,0.0,0.0,0.0,0.0,1.0,0.0,0.0,3.0,0.0,0.0,0.0,0.0,0.0,0.0,0.0,0.0,0.0,0.0,0.0,0.0,0.0,0.0,0.0,0.0,0.0,0.0,0.0,0.0,0.0,0.0,0.0,0.0,2.0,0.0,0.0,0.0,0.0,3.0,1.0,0.0,1.0,0.0,0.0,0.0,1.0,2.0,17.0,2.0,2.0,8.0,4.0,4.0,6.0,16.0
CHEMBL233134,IC50,19.95,21.0,4.0,4.0,1.0,0.0,3.0,2.0,24.0,8.0,6.0,4.0,0.0,6.0,0.0,6.0,4.0,0.0,0.0,0.0,22.0,7.0,11.0,5.0,0.0,6.0,0.0,6.0,1.0,0.0,18.0,8.0,14.0,3.0,0.0,4.0,0.0,4.0,0.0,0.0,21.0,10.0,12.0,2.0,0.0,3.0,3.0,2.0,0.0,2.0,23.0,11.0,10.0,1.0,0.0,4.0,0.0,4.0,2.0,0.0,5.0,21.0,10.0,5.0,1.0,0.0,7.0,0.0,7.0,17.0,7.0,5.0,2.0,0.0,8.0,0.0,8.0,0.0,0.0,18.0,3.0,5.0,2.0,0.0,5.0,0.0,5.0,0.0,1.0,20.0,0.0,4.0,1.0,0.0,5.0,5.0,0.0,0.0,0.0,0.0,2.0,0.0,0.0,0.0,1.0,0.0,0.0,0.0,0.0,0.0,3.0,0.0,0.0,0.0,0.0,0.0,0.0,0.0,0.0,0.0,0.0,0.0,0.0,0.0,0.0,0.0,0.0,0.0,0.0,0.0,0.0,0.0,0.0,1.0,0.0,1.0,0.0,0.0,1.0,2.0,3.0,0.0,0.0,1.0,0.0,0.0,0.0,2.0,3.0,23.0,3.0,4.0,9.0,5.0,5.0,8.0,22.0
CHEMBL401432,IC50,398.11,24.0,4.0,2.0,1.0,0.0,1.0,2.0,28.0,8.0,4.0,4.0,0.0,2.0,0.0,2.0,4.0,0.0,0.0,0.0,26.0,8.0,9.0,5.0,0.0,2.0,0.0,2.0,1.0,0.0,21.0,9.0,13.0,4.0,0.0,1.0,0.0,1.0,0.0,0.0,24.0,10.0,13.0,4.0,0.0,1.0,1.0,2.0,0.0,0.0,26.0,13.0,14.0,1.0,0.0,1.0,0.0,1.0,2.0,0.0,0.0,27.0,12.0,6.0,1.0,0.0,0.0,0.0,0.0,25.0,7.0,3.0,2.0,0.0,1.0,0.0,1.0,0.0,0.0,23.0,3.0,5.0,2.0,0.0,1.0,0.0,1.0,0.0,0.0,25.0,1.0,4.0,1.0,0.0,0.0,0.0,0.0,0.0,0.0,0.0,3.0,0.0,0.0,0.0,2.0,0.0,1.0,0.0,0.0,0.0,5.0,0.0,1.0,0.0,0.0,0.0,0.0,0.0,1.0,0.0,0.0,0.0,0.0,0.0,0.0,0.0,0.0,0.0,0.0,0.0,0.0,0.0,0.0,1.0,0.0,0.0,0.0,0.0,1.0,2.0,2.0,0.0,2.0,2.0,0.0,0.0,0.0,2.0,3.0,23.0,3.0,4.0,7.0,7.0,7.0,8.0,22.0
CHEMBL428370,IC50,12.59,27.0,0.0,4.0,0.0,0.0,2.0,0.0,36.0,0.0,5.0,0.0,0.0,2.0,2.0,4.0,0.0,0.0,0.0,0.0,33.0,0.0,9.0,0.0,0.0,2.0,2.0,4.0,0.0,0.0,32.0,0.0,9.0,0.0,0.0,1.0,2.0,3.0,0.0,0.0,34.0,0.0,8.0,0.0,0.0,1.0,3.0,0.0,0.0,1.0,34.0,0.0,6.0,0.0,0.0,0.0,4.0,4.0,0.0,0.0,1.0,29.0,0.0,8.0,0.0,0.0,1.0,3.0,4.0,25.0,0.0,6.0,0.0,0.0,2.0,4.0,6.0,0.0,0.0,19.0,0.0,4.0,0.0,0.0,3.0,4.0,7.0,2.0,0.0,13.0,0.0,4.0,0.0,0.0,3.0,4.0,0.0,0.0,2.0,0.0,4.0,0.0,2.0,1.0,0.0,1.0,0.0,1.0,0.0,1.0,7.0,0.0,4.0,0.0,2.0,3.0,0.0,0.0,2.0,2.0,1.0,0.0,0.0,0.0,0.0,0.0,0.0,0.0,0.0,0.0,0.0,0.0,0.0,0.0,0.0,2.0,0.0,0.0,0.0,0.0,3.0,2.0,0.0,3.0,0.0,2.0,0.0,0.0,0.0,18.0,0.0,6.0,4.0,7.0,7.0,6.0,21.0
CHEMBL1915253,IC50,10.0,22.0,5.0,3.0,0.0,0.0,1.0,0.0,27.0,11.0,5.0,0.0,0.0,2.0,0.0,2.0,1.0,0.0,0.0,0.0,27.0,6.0,7.0,0.0,0.0,2.0,0.0,2.0,1.0,0.0,25.0,6.0,6.0,0.0,0.0,3.0,0.0,3.0,2.0,0.0,24.0,10.0,4.0,0.0,0.0,1.0,1.0,1.0,1.0,1.0,27.0,7.0,4.0,0.0,0.0,2.0,0.0,2.0,0.0,0.0,0.0,25.0,5.0,3.0,0.0,0.0,5.0,0.0,5.0,15.0,6.0,2.0,0.0,0.0,3.0,0.0,3.0,0.0,0.0,15.0,6.0,4.0,0.0,0.0,1.0,0.0,1.0,0.0,1.0,16.0,2.0,3.0,0.0,0.0,1.0,1.0,0.0,0.0,0.0,1.0,1.0,0.0,0.0,0.0,3.0,0.0,0.0,0.0,0.0,0.0,6.0,0.0,2.0,0.0,0.0,1.0,0.0,0.0,0.0,0.0,0.0,0.0,0.0,0.0,0.0,0.0,0.0,0.0,0.0,0.0,2.0,2.0,0.0,2.0,1.0,0.0,0.0,0.0,1.0,0.0,1.0,0.0,3.0,0.0,0.0,1.0,0.0,1.0,3.0,20.0,3.0,2.0,8.0,7.0,7.0,5.0,21.0
CHEMBL390188,IC50,2.512,27.0,0.0,4.0,0.0,1.0,3.0,0.0,36.0,0.0,5.0,0.0,2.0,2.0,2.0,6.0,0.0,0.0,0.0,0.0,33.0,0.0,9.0,0.0,3.0,2.0,2.0,7.0,0.0,0.0,32.0,0.0,9.0,0.0,1.0,1.0,2.0,4.0,0.0,0.0,34.0,0.0,8.0,0.0,1.0,1.0,4.0,0.0,0.0,1.0,34.0,0.0,6.0,0.0,2.0,0.0,4.0,6.0,0.0,0.0,1.0,29.0,0.0,8.0,0.0,3.0,1.0,3.0,7.0,25.0,0.0,6.0,0.0,3.0,2.0,4.0,9.0,0.0,0.0,19.0,0.0,4.0,0.0,3.0,3.0,4.0,10.0,2.0,0.0,13.0,0.0,4.0,0.0,2.0,3.0,6.0,0.0,0.0,2.0,0.0,4.0,0.0,2.0,1.0,0.0,1.0,0.0,2.0,1.0,1.0,7.0,0.0,4.0,0.0,2.0,3.0,0.0,0.0,2.0,2.0,1.0,0.0,0.0,0.0,0.0,0.0,0.0,0.0,0.0,0.0,0.0,0.0,0.0,0.0,0.0,2.0,1.0,1.0,0.0,0.0,3.0,2.0,0.0,3.0,0.0,2.0,1.0,0.0,0.0,18.0,0.0,6.0,4.0,7.0,7.0,6.0,21.0
CHEMBL231699,IC50,251.19,23.0,4.0,1.0,1.0,0.0,1.0,2.0,27.0,6.0,3.0,4.0,0.0,2.0,0.0,2.0,3.0,0.0,0.0,0.0,24.0,6.0,9.0,5.0,0.0,2.0,0.0,2.0,1.0,0.0,19.0,7.0,12.0,4.0,0.0,1.0,0.0,1.0,0.0,0.0,22.0,7.0,12.0,3.0,0.0,1.0,1.0,2.0,0.0,0.0,24.0,8.0,13.0,1.0,0.0,1.0,0.0,1.0,0.0,0.0,0.0,25.0,5.0,7.0,1.0,0.0,0.0,0.0,0.0,22.0,3.0,4.0,2.0,0.0,1.0,0.0,1.0,0.0,0.0,21.0,2.0,5.0,2.0,0.0,1.0,0.0,1.0,0.0,1.0,23.0,0.0,4.0,1.0,0.0,0.0,0.0,0.0,0.0,0.0,0.0,3.0,0.0,1.0,0.0,2.0,0.0,1.0,0.0,0.0,0.0,6.0,0.0,2.0,0.0,0.0,0.0,0.0,0.0,1.0,0.0,0.0,0.0,0.0,0.0,0.0,0.0,0.0,0.0,0.0,0.0,3.0,2.0,0.0,3.0,1.0,0.0,0.0,0.0,2.0,2.0,3.0,0.0,2.0,1.0,0.0,0.0,0.0,0.0,0.0,18.0,0.0,4.0,6.0,8.0,8.0,9.0,22.0
CHEMBL399614,IC50,7.943,22.0,4.0,4.0,1.0,0.0,2.0,2.0,26.0,8.0,6.0,4.0,0.0,4.0,0.0,4.0,4.0,0.0,0.0,0.0,24.0,7.0,11.0,5.0,0.0,4.0,0.0,4.0,1.0,0.0,19.0,8.0,14.0,3.0,0.0,3.0,0.0,3.0,0.0,0.0,21.0,10.0,12.0,3.0,0.0,3.0,3.0,2.0,0.0,2.0,23.0,12.0,12.0,1.0,0.0,4.0,0.0,4.0,2.0,0.0,3.0,23.0,10.0,5.0,1.0,0.0,5.0,0.0,5.0,20.0,7.0,5.0,2.0,0.0,5.0,0.0,5.0,0.0,0.0,20.0,4.0,6.0,2.0,0.0,4.0,0.0,4.0,0.0,0.0,22.0,1.0,4.0,1.0,0.0,4.0,4.0,0.0,0.0,0.0,0.0,2.0,0.0,0.0,0.0,2.0,0.0,0.0,0.0,0.0,0.0,4.0,0.0,0.0,0.0,0.0,0.0,0.0,0.0,0.0,0.0,0.0,0.0,0.0,0.0,0.0,0.0,0.0,0.0,0.0,0.0,0.0,0.0,0.0,1.0,0.0,1.0,0.0,0.0,1.0,2.0,3.0,0.0,1.0,1.0,0.0,0.0,0.0,2.0,3.0,23.0,3.0,4.0,9.0,6.0,6.0,8.0,22.0
CHEMBL234082,IC50,398.11,28.0,1.0,4.0,0.0,1.0,1.0,0.0,38.0,1.0,5.0,0.0,2.0,0.0,0.0,2.0,0.0,0.0,0.0,0.0,35.0,2.0,9.0,0.0,2.0,0.0,0.0,2.0,0.0,0.0,34.0,2.0,9.0,0.0,1.0,0.0,0.0,1.0,0.0,0.0,36.0,2.0,9.0,0.0,1.0,0.0,1.0,0.0,0.0,0.0,38.0,2.0,6.0,0.0,0.0,0.0,0.0,0.0,1.0,1.0,1.0,32.0,4.0,8.0,0.0,1.0,0.0,0.0,1.0,29.0,3.0,6.0,0.0,2.0,0.0,0.0,2.0,0.0,0.0,23.0,4.0,4.0,0.0,3.0,0.0,0.0,3.0,2.0,0.0,14.0,4.0,6.0,0.0,3.0,0.0,3.0,0.0,0.0,0.0,0.0,4.0,0.0,2.0,1.0,0.0,1.0,0.0,1.0,1.0,1.0,8.0,0.0,4.0,0.0,2.0,3.0,0.0,0.0,2.0,2.0,1.0,0.0,0.0,0.0,0.0,0.0,0.0,0.0,0.0,0.0,0.0,0.0,0.0,0.0,0.0,2.0,1.0,1.0,1.0,0.0,3.0,2.0,0.0,3.0,0.0,2.0,1.0,0.0,0.0,18.0,0.0,6.0,5.0,7.0,7.0,6.0,21.0
CHEMBL479591,IC50,10.0,27.0,8.0,5.0,0.0,0.0,1.0,0.0,34.0,14.0,6.0,0.0,0.0,2.0,0.0,2.0,1.0,0.0,0.0,0.0,33.0,10.0,7.0,0.0,0.0,2.0,0.0,2.0,2.0,0.0,28.0,9.0,7.0,0.0,0.0,2.0,0.0,2.0,2.0,0.0,33.0,11.0,7.0,0.0,0.0,0.0,0.0,1.0,1.0,1.0,36.0,8.0,7.0,0.0,0.0,2.0,0.0,2.0,0.0,0.0,0.0,30.0,11.0,6.0,0.0,0.0,4.0,0.0,4.0,24.0,11.0,3.0,0.0,0.0,3.0,0.0,3.0,0.0,0.0,25.0,7.0,5.0,0.0,0.0,2.0,0.0,2.0,0.0,1.0,26.0,5.0,6.0,0.0,0.0,2.0,2.0,0.0,0.0,0.0,0.0,7.0,0.0,2.0,0.0,1.0,0.0,0.0,1.0,0.0,0.0,9.0,0.0,2.0,0.0,0.0,0.0,0.0,0.0,0.0,0.0,0.0,0.0,0.0,0.0,0.0,0.0,0.0,0.0,0.0,0.0,2.0,4.0,2.0,4.0,3.0,3.0,0.0,0.0,2.0,0.0,3.0,1.0,1.0,0.0,0.0,1.0,0.0,1.0,2.0,23.0,4.0,2.0,13.0,15.0,15.0,10.0,25.0
CHEMBL494282,IC50,6.31,24.0,8.0,3.0,0.0,0.0,1.0,0.0,30.0,14.0,4.0,0.0,0.0,2.0,0.0,2.0,1.0,0.0,0.0,0.0,26.0,10.0,7.0,0.0,0.0,2.0,0.0,2.0,1.0,0.0,27.0,9.0,4.0,0.0,0.0,2.0,0.0,2.0,2.0,0.0,31.0,11.0,5.0,0.0,0.0,0.0,0.0,1.0,1.0,1.0,31.0,8.0,5.0,0.0,0.0,2.0,0.0,2.0,0.0,0.0,0.0,22.0,11.0,4.0,0.0,0.0,4.0,0.0,4.0,19.0,9.0,2.0,0.0,0.0,3.0,0.0,3.0,0.0,0.0,22.0,4.0,5.0,0.0,0.0,0.0,0.0,0.0,0.0,1.0,19.0,4.0,5.0,0.0,0.0,1.0,1.0,0.0,0.0,0.0,1.0,7.0,1.0,3.0,1.0,3.0,0.0,0.0,1.0,0.0,0.0,12.0,0.0,6.0,1.0,0.0,5.0,0.0,0.0,0.0,1.0,0.0,0.0,0.0,0.0,0.0,0.0,1.0,0.0,2.0,2.0,2.0,4.0,1.0,4.0,3.0,1.0,0.0,0.0,2.0,0.0,2.0,0.0,3.0,2.0,0.0,1.0,0.0,1.0,2.0,17.0,3.0,2.0,11.0,16.0,16.0,10.0,20.0
CHEMBL494269,IC50,50.12,25.0,8.0,3.0,0.0,0.0,1.0,0.0,32.0,13.0,4.0,0.0,0.0,2.0,0.0,2.0,1.0,0.0,0.0,0.0,30.0,10.0,8.0,0.0,0.0,2.0,0.0,2.0,0.0,0.0,29.0,12.0,4.0,0.0,0.0,2.0,0.0,2.0,2.0,0.0,33.0,10.0,3.0,0.0,0.0,0.0,0.0,2.0,1.0,1.0,30.0,11.0,6.0,0.0,0.0,2.0,0.0,2.0,0.0,0.0,0.0,24.0,9.0,2.0,0.0,0.0,4.0,0.0,4.0,20.0,9.0,5.0,0.0,0.0,2.0,0.0,2.0,0.0,0.0,22.0,6.0,5.0,0.0,0.0,1.0,0.0,1.0,1.0,0.0,19.0,6.0,4.0,0.0,0.0,1.0,1.0,0.0,1.0,1.0,2.0,6.0,1.0,3.0,1.0,4.0,0.0,0.0,1.0,0.0,0.0,13.0,0.0,7.0,1.0,0.0,5.0,0.0,0.0,1.0,1.0,0.0,0.0,0.0,0.0,0.0,0.0,1.0,0.0,2.0,2.0,3.0,6.0,1.0,4.0,3.0,1.0,0.0,0.0,2.0,0.0,2.0,0.0,4.0,2.0,0.0,2.0,0.0,1.0,2.0,17.0,3.0,2.0,11.0,17.0,17.0,10.0,21.0
CHEMBL480002,IC50,25.12,21.0,5.0,4.0,0.0,0.0,1.0,0.0,26.0,9.0,5.0,0.0,0.0,2.0,0.0,2.0,1.0,0.0,0.0,0.0,23.0,8.0,10.0,0.0,0.0,2.0,0.0,2.0,0.0,0.0,19.0,11.0,8.0,0.0,0.0,2.0,0.0,2.0,2.0,0.0,24.0,9.0,4.0,0.0,0.0,0.0,0.0,3.0,1.0,1.0,24.0,10.0,6.0,0.0,0.0,2.0,0.0,2.0,0.0,0.0,0.0,20.0,9.0,2.0,0.0,0.0,4.0,0.0,4.0,18.0,5.0,4.0,0.0,0.0,2.0,0.0,2.0,0.0,0.0,19.0,1.0,5.0,0.0,0.0,1.0,0.0,1.0,1.0,0.0,14.0,2.0,5.0,0.0,0.0,1.0,1.0,0.0,1.0,1.0,1.0,3.0,1.0,0.0,0.0,3.0,1.0,1.0,1.0,0.0,1.0,8.0,0.0,3.0,1.0,0.0,3.0,0.0,0.0,0.0,0.0,0.0,0.0,0.0,0.0,0.0,0.0,0.0,0.0,0.0,2.0,0.0,0.0,1.0,1.0,0.0,2.0,0.0,0.0,1.0,0.0,3.0,1.0,3.0,0.0,0.0,3.0,0.0,1.0,2.0,17.0,2.0,2.0,9.0,11.0,11.0,9.0,19.0
CHEMBL379753,IC50,12.59,25.0,3.0,4.0,0.0,1.0,3.0,0.0,32.0,6.0,5.0,0.0,2.0,2.0,2.0,6.0,0.0,0.0,0.0,0.0,32.0,4.0,9.0,0.0,3.0,3.0,2.0,8.0,0.0,0.0,31.0,4.0,8.0,0.0,1.0,1.0,2.0,4.0,1.0,0.0,36.0,2.0,6.0,0.0,1.0,1.0,3.0,2.0,1.0,1.0,37.0,1.0,7.0,0.0,2.0,2.0,4.0,8.0,0.0,0.0,0.0,29.0,2.0,10.0,0.0,3.0,3.0,4.0,10.0,24.0,2.0,6.0,0.0,2.0,2.0,4.0,8.0,0.0,0.0,20.0,1.0,4.0,0.0,3.0,3.0,4.0,10.0,2.0,0.0,15.0,0.0,4.0,0.0,3.0,3.0,7.0,0.0,0.0,2.0,0.0,1.0,0.0,0.0,0.0,1.0,1.0,0.0,1.0,1.0,1.0,3.0,0.0,0.0,0.0,0.0,0.0,0.0,0.0,0.0,0.0,0.0,0.0,0.0,0.0,0.0,0.0,0.0,0.0,0.0,0.0,0.0,0.0,0.0,0.0,0.0,2.0,1.0,1.0,0.0,0.0,3.0,2.0,1.0,0.0,0.0,2.0,1.0,0.0,1.0,23.0,1.0,2.0,7.0,4.0,4.0,4.0,24.0
CHEMBL211534,IC50,1.0,25.0,3.0,4.0,0.0,2.0,3.0,0.0,32.0,6.0,5.0,0.0,4.0,0.0,2.0,6.0,0.0,0.0,0.0,0.0,32.0,4.0,9.0,0.0,6.0,0.0,2.0,8.0,0.0,0.0,31.0,4.0,8.0,0.0,2.0,0.0,2.0,4.0,1.0,0.0,36.0,2.0,6.0,0.0,2.0,0.0,3.0,2.0,1.0,1.0,37.0,1.0,7.0,0.0,4.0,0.0,4.0,8.0,0.0,0.0,0.0,29.0,2.0,10.0,0.0,6.0,0.0,4.0,10.0,24.0,2.0,6.0,0.0,4.0,0.0,4.0,8.0,0.0,0.0,20.0,1.0,4.0,0.0,6.0,0.0,4.0,10.0,2.0,0.0,15.0,0.0,4.0,0.0,6.0,0.0,7.0,0.0,0.0,2.0,0.0,1.0,0.0,0.0,0.0,1.0,1.0,0.0,1.0,2.0,1.0,3.0,0.0,0.0,0.0,0.0,0.0,0.0,0.0,0.0,0.0,0.0,0.0,0.0,0.0,0.0,0.0,0.0,0.0,0.0,0.0,0.0,0.0,0.0,0.0,0.0,2.0,2.0,2.0,0.0,0.0,3.0,2.0,1.0,0.0,0.0,2.0,2.0,0.0,1.0,23.0,1.0,2.0,7.0,4.0,4.0,4.0,24.0
CHEMBL209326,IC50,199.53,25.0,3.0,4.0,0.0,4.0,5.0,0.0,32.0,6.0,5.0,0.0,5.0,2.0,0.0,7.0,0.0,3.0,3.0,3.0,32.0,4.0,9.0,0.0,5.0,2.0,0.0,7.0,0.0,0.0,31.0,4.0,8.0,0.0,10.0,2.0,0.0,12.0,1.0,0.0,36.0,2.0,6.0,0.0,10.0,1.0,11.0,2.0,1.0,1.0,37.0,1.0,7.0,0.0,12.0,4.0,0.0,16.0,0.0,1.0,1.0,29.0,2.0,10.0,0.0,13.0,4.0,0.0,17.0,24.0,2.0,6.0,0.0,8.0,4.0,0.0,12.0,6.0,6.0,20.0,1.0,4.0,0.0,6.0,4.0,0.0,10.0,2.0,0.0,15.0,0.0,4.0,0.0,8.0,1.0,9.0,0.0,2.0,2.0,0.0,1.0,0.0,0.0,0.0,0.0,1.0,0.0,1.0,4.0,1.0,3.0,0.0,0.0,0.0,0.0,0.0,0.0,0.0,0.0,0.0,0.0,0.0,0.0,0.0,0.0,0.0,0.0,0.0,0.0,0.0,0.0,0.0,0.0,0.0,0.0,2.0,4.0,1.0,0.0,0.0,3.0,2.0,0.0,0.0,3.0,2.0,1.0,0.0,1.0,23.0,1.0,2.0,7.0,3.0,3.0,5.0,25.0
CHEMBL212742,IC50,25.12,25.0,3.0,4.0,2.0,0.0,0.0,2.0,33.0,6.0,9.0,2.0,0.0,0.0,0.0,0.0,0.0,0.0,0.0,0.0,34.0,4.0,13.0,2.0,0.0,0.0,0.0,0.0,0.0,0.0,33.0,4.0,12.0,2.0,0.0,0.0,0.0,0.0,1.0,0.0,38.0,2.0,10.0,1.0,0.0,0.0,0.0,2.0,0.0,0.0,38.0,2.0,10.0,4.0,0.0,0.0,0.0,0.0,2.0,0.0,0.0,33.0,2.0,18.0,4.0,0.0,0.0,0.0,0.0,28.0,2.0,14.0,4.0,0.0,0.0,0.0,0.0,0.0,0.0,24.0,1.0,12.0,4.0,0.0,0.0,0.0,0.0,2.0,0.0,19.0,0.0,12.0,1.0,0.0,0.0,0.0,0.0,0.0,0.0,0.0,1.0,0.0,0.0,0.0,2.0,1.0,0.0,1.0,0.0,1.0,4.0,0.0,0.0,0.0,0.0,0.0,0.0,0.0,0.0,0.0,0.0,0.0,0.0,0.0,0.0,0.0,0.0,0.0,0.0,0.0,0.0,0.0,0.0,0.0,0.0,2.0,0.0,0.0,0.0,0.0,5.0,2.0,1.0,0.0,0.0,2.0,0.0,0.0,1.0,23.0,1.0,6.0,9.0,5.0,5.0,5.0,25.0
CHEMBL215687,IC50,575.44,19.0,3.0,4.0,0.0,3.0,5.0,0.0,23.0,8.0,5.0,0.0,3.0,2.0,2.0,7.0,0.0,3.0,3.0,3.0,21.0,5.0,7.0,0.0,6.0,3.0,2.0,11.0,2.0,0.0,18.0,4.0,5.0,0.0,6.0,1.0,2.0,9.0,3.0,0.0,19.0,4.0,7.0,0.0,6.0,1.0,7.0,1.0,1.0,1.0,23.0,3.0,5.0,0.0,0.0,0.0,2.0,2.0,0.0,3.0,4.0,21.0,3.0,5.0,0.0,3.0,1.0,4.0,8.0,15.0,4.0,4.0,0.0,6.0,2.0,3.0,11.0,0.0,0.0,11.0,4.0,4.0,0.0,9.0,3.0,2.0,14.0,0.0,2.0,10.0,2.0,2.0,0.0,3.0,1.0,6.0,0.0,0.0,0.0,0.0,2.0,0.0,0.0,0.0,1.0,1.0,0.0,2.0,3.0,1.0,5.0,0.0,0.0,0.0,0.0,0.0,0.0,0.0,0.0,0.0,0.0,0.0,0.0,0.0,0.0,0.0,0.0,0.0,0.0,0.0,0.0,0.0,0.0,0.0,0.0,2.0,3.0,0.0,0.0,0.0,3.0,1.0,1.0,0.0,3.0,1.0,0.0,1.0,2.0,17.0,2.0,2.0,7.0,6.0,6.0,7.0,18.0
CHEMBL425076,IC50,309.03,19.0,3.0,4.0,0.0,3.0,4.0,0.0,23.0,8.0,5.0,0.0,3.0,0.0,2.0,5.0,0.0,3.0,3.0,3.0,21.0,5.0,7.0,0.0,6.0,0.0,2.0,8.0,2.0,0.0,18.0,4.0,5.0,0.0,6.0,0.0,2.0,8.0,3.0,0.0,19.0,4.0,7.0,0.0,6.0,0.0,6.0,1.0,1.0,1.0,23.0,3.0,5.0,0.0,0.0,0.0,2.0,2.0,0.0,3.0,3.0,21.0,3.0,5.0,0.0,3.0,0.0,4.0,7.0,15.0,4.0,4.0,0.0,6.0,0.0,3.0,9.0,0.0,0.0,11.0,4.0,4.0,0.0,9.0,0.0,2.0,11.0,0.0,2.0,10.0,2.0,2.0,0.0,3.0,0.0,5.0,0.0,0.0,0.0,0.0,2.0,0.0,0.0,0.0,1.0,1.0,0.0,1.0,3.0,1.0,5.0,0.0,0.0,0.0,0.0,0.0,0.0,0.0,0.0,0.0,0.0,0.0,0.0,0.0,0.0,0.0,0.0,0.0,0.0,0.0,0.0,0.0,0.0,0.0,0.0,2.0,3.0,0.0,0.0,0.0,3.0,1.0,1.0,0.0,3.0,1.0,0.0,1.0,2.0,17.0,2.0,2.0,7.0,6.0,6.0,7.0,18.0
CHEMBL214971,IC50,0.1318,18.0,3.0,4.0,0.0,0.0,3.0,0.0,21.0,8.0,5.0,0.0,0.0,4.0,2.0,6.0,0.0,0.0,0.0,0.0,19.0,5.0,7.0,0.0,0.0,5.0,2.0,7.0,2.0,0.0,16.0,4.0,5.0,0.0,0.0,2.0,2.0,4.0,3.0,0.0,19.0,4.0,6.0,0.0,0.0,2.0,2.0,1.0,1.0,1.0,22.0,3.0,5.0,0.0,0.0,2.0,2.0,4.0,0.0,0.0,1.0,19.0,3.0,5.0,0.0,0.0,4.0,4.0,8.0,12.0,4.0,4.0,0.0,0.0,3.0,3.0,6.0,0.0,0.0,10.0,3.0,4.0,0.0,0.0,4.0,2.0,6.0,0.0,2.0,9.0,1.0,2.0,0.0,0.0,4.0,5.0,0.0,0.0,0.0,0.0,2.0,0.0,0.0,0.0,1.0,1.0,0.0,2.0,0.0,1.0,4.0,0.0,0.0,0.0,0.0,0.0,0.0,0.0,0.0,0.0,0.0,0.0,0.0,0.0,0.0,0.0,0.0,0.0,0.0,0.0,0.0,0.0,0.0,0.0,0.0,2.0,0.0,0.0,0.0,0.0,3.0,1.0,1.0,0.0,0.0,1.0,0.0,1.0,2.0,17.0,2.0,2.0,7.0,6.0,6.0,6.0,17.0
CHEMBL402326,IC50,398.11,22.0,7.0,3.0,0.0,0.0,1.0,0.0,26.0,11.0,4.0,0.0,0.0,2.0,0.0,2.0,1.0,0.0,0.0,0.0,23.0,8.0,7.0,0.0,0.0,2.0,0.0,2.0,0.0,0.0,19.0,8.0,5.0,0.0,0.0,2.0,0.0,2.0,3.0,0.0,21.0,10.0,5.0,0.0,0.0,0.0,0.0,2.0,1.0,1.0,24.0,9.0,4.0,0.0,0.0,2.0,0.0,2.0,0.0,0.0,0.0,23.0,9.0,1.0,0.0,0.0,3.0,0.0,3.0,18.0,10.0,3.0,0.0,0.0,2.0,0.0,2.0,0.0,0.0,17.0,6.0,3.0,0.0,0.0,3.0,0.0,3.0,1.0,0.0,15.0,5.0,3.0,0.0,0.0,2.0,2.0,0.0,1.0,1.0,0.0,3.0,0.0,0.0,0.0,0.0,0.0,0.0,1.0,0.0,0.0,4.0,0.0,1.0,0.0,0.0,0.0,0.0,0.0,0.0,0.0,0.0,0.0,0.0,0.0,0.0,0.0,0.0,0.0,0.0,0.0,1.0,0.0,0.0,1.0,0.0,1.0,0.0,0.0,1.0,0.0,2.0,1.0,0.0,1.0,0.0,0.0,0.0,2.0,3.0,23.0,3.0,0.0,10.0,8.0,8.0,9.0,23.0
CHEMBL402202,IC50,251.19,16.0,6.0,5.0,0.0,0.0,1.0,0.0,18.0,14.0,6.0,0.0,0.0,2.0,0.0,2.0,1.0,0.0,0.0,0.0,18.0,9.0,6.0,0.0,0.0,2.0,0.0,2.0,3.0,0.0,19.0,6.0,4.0,0.0,0.0,2.0,0.0,2.0,3.0,0.0,21.0,9.0,6.0,0.0,0.0,0.0,0.0,1.0,1.0,1.0,21.0,10.0,5.0,0.0,0.0,2.0,0.0,2.0,0.0,0.0,0.0,17.0,8.0,4.0,0.0,0.0,4.0,0.0,4.0,13.0,6.0,3.0,0.0,0.0,3.0,0.0,3.0,0.0,0.0,13.0,4.0,4.0,0.0,0.0,0.0,0.0,0.0,0.0,1.0,10.0,3.0,4.0,0.0,0.0,0.0,0.0,0.0,0.0,0.0,1.0,6.0,1.0,2.0,0.0,3.0,0.0,0.0,1.0,0.0,0.0,11.0,0.0,5.0,1.0,0.0,3.0,0.0,0.0,0.0,0.0,0.0,0.0,0.0,0.0,0.0,0.0,0.0,0.0,0.0,2.0,2.0,2.0,3.0,3.0,1.0,3.0,0.0,0.0,2.0,0.0,3.0,0.0,3.0,0.0,0.0,1.0,0.0,1.0,2.0,11.0,4.0,2.0,11.0,15.0,15.0,8.0,14.0
CHEMBL256933,IC50,12.59,25.0,5.0,3.0,0.0,0.0,1.0,0.0,30.0,9.0,4.0,0.0,0.0,2.0,0.0,2.0,1.0,0.0,0.0,0.0,27.0,7.0,7.0,0.0,0.0,2.0,0.0,2.0,0.0,0.0,20.0,10.0,6.0,0.0,0.0,2.0,0.0,2.0,2.0,0.0,25.0,9.0,5.0,0.0,0.0,0.0,0.0,2.0,1.0,1.0,28.0,9.0,6.0,0.0,0.0,2.0,0.0,2.0,0.0,0.0,0.0,27.0,9.0,1.0,0.0,0.0,4.0,0.0,4.0,22.0,9.0,3.0,0.0,0.0,2.0,0.0,2.0,0.0,0.0,22.0,5.0,3.0,0.0,0.0,3.0,0.0,3.0,1.0,0.0,20.0,3.0,3.0,0.0,0.0,2.0,2.0,0.0,1.0,1.0,0.0,3.0,0.0,0.0,0.0,1.0,0.0,0.0,1.0,0.0,0.0,5.0,0.0,1.0,0.0,0.0,0.0,0.0,0.0,1.0,0.0,0.0,0.0,0.0,0.0,0.0,0.0,0.0,0.0,0.0,0.0,1.0,0.0,0.0,1.0,0.0,1.0,0.0,0.0,1.0,0.0,2.0,1.0,1.0,1.0,0.0,0.0,0.0,1.0,2.0,23.0,2.0,0.0,8.0,9.0,9.0,9.0,24.0
CHEMBL403940,IC50,39.81,21.0,5.0,5.0,0.0,0.0,1.0,0.0,26.0,9.0,6.0,0.0,0.0,2.0,0.0,2.0,1.0,0.0,0.0,0.0,21.0,8.0,9.0,0.0,0.0,2.0,0.0,2.0,0.0,0.0,18.0,9.0,5.0,0.0,0.0,2.0,0.0,2.0,3.0,1.0,24.0,8.0,4.0,0.0,0.0,0.0,0.0,2.0,1.0,1.0,26.0,8.0,6.0,0.0,0.0,2.0,0.0,2.0,1.0,0.0,0.0,25.0,6.0,2.0,0.0,0.0,4.0,0.0,4.0,18.0,6.0,5.0,0.0,0.0,2.0,0.0,2.0,0.0,0.0,18.0,4.0,4.0,0.0,0.0,3.0,0.0,3.0,1.0,0.0,16.0,3.0,6.0,0.0,0.0,2.0,2.0,0.0,1.0,1.0,1.0,5.0,2.0,1.0,0.0,1.0,0.0,0.0,1.0,0.0,0.0,8.0,1.0,4.0,1.0,0.0,4.0,1.0,0.0,0.0,2.0,0.0,0.0,0.0,0.0,0.0,0.0,1.0,2.0,2.0,3.0,1.0,0.0,2.0,1.0,0.0,3.0,0.0,0.0,1.0,0.0,3.0,1.0,1.0,1.0,0.0,0.0,0.0,1.0,2.0,17.0,3.0,0.0,10.0,13.0,13.0,8.0,19.0
CHEMBL256532,IC50,199.53,18.0,6.0,3.0,0.0,0.0,1.0,0.0,20.0,14.0,4.0,0.0,0.0,2.0,0.0,2.0,1.0,0.0,0.0,0.0,18.0,10.0,6.0,0.0,0.0,2.0,0.0,2.0,2.0,0.0,19.0,7.0,4.0,0.0,0.0,2.0,0.0,2.0,2.0,0.0,22.0,9.0,5.0,0.0,0.0,0.0,0.0,1.0,1.0,1.0,22.0,10.0,5.0,0.0,0.0,2.0,0.0,2.0,0.0,0.0,0.0,18.0,9.0,3.0,0.0,0.0,4.0,0.0,4.0,14.0,7.0,2.0,0.0,0.0,3.0,0.0,3.0,0.0,0.0,15.0,4.0,2.0,0.0,0.0,0.0,0.0,0.0,0.0,1.0,11.0,3.0,3.0,0.0,0.0,0.0,0.0,0.0,0.0,0.0,1.0,7.0,1.0,4.0,3.0,3.0,0.0,0.0,1.0,0.0,0.0,12.0,0.0,7.0,1.0,0.0,6.0,0.0,0.0,0.0,2.0,1.0,0.0,0.0,0.0,0.0,0.0,2.0,0.0,2.0,2.0,2.0,2.0,1.0,3.0,1.0,1.0,0.0,0.0,2.0,0.0,2.0,0.0,3.0,3.0,0.0,1.0,0.0,1.0,2.0,11.0,3.0,2.0,9.0,15.0,15.0,8.0,14.0
CHEMBL466549,IC50,12.59,26.0,2.0,4.0,0.0,3.0,4.0,0.0,33.0,4.0,5.0,0.0,6.0,2.0,0.0,8.0,0.0,0.0,0.0,0.0,33.0,3.0,7.0,0.0,8.0,2.0,0.0,10.0,2.0,0.0,31.0,3.0,9.0,0.0,3.0,2.0,0.0,5.0,0.0,0.0,35.0,3.0,8.0,0.0,3.0,2.0,5.0,0.0,0.0,1.0,36.0,2.0,6.0,0.0,4.0,4.0,0.0,8.0,1.0,1.0,1.0,31.0,2.0,8.0,0.0,7.0,3.0,0.0,10.0,25.0,1.0,8.0,0.0,8.0,4.0,0.0,12.0,0.0,0.0,19.0,2.0,4.0,0.0,9.0,4.0,0.0,13.0,2.0,0.0,13.0,2.0,4.0,0.0,7.0,1.0,8.0,0.0,2.0,2.0,0.0,1.0,0.0,0.0,0.0,0.0,0.0,1.0,1.0,3.0,0.0,2.0,0.0,0.0,0.0,0.0,0.0,0.0,0.0,0.0,0.0,0.0,0.0,0.0,0.0,0.0,0.0,0.0,0.0,0.0,0.0,0.0,0.0,0.0,0.0,0.0,2.0,3.0,3.0,0.0,0.0,3.0,1.0,0.0,0.0,0.0,1.0,3.0,1.0,1.0,24.0,1.0,2.0,6.0,2.0,2.0,4.0,24.0
CHEMBL516787,IC50,19.95,28.0,0.0,4.0,0.0,0.0,0.0,0.0,37.0,0.0,5.0,0.0,0.0,0.0,0.0,0.0,0.0,0.0,0.0,0.0,36.0,0.0,9.0,0.0,0.0,0.0,0.0,0.0,0.0,0.0,34.0,0.0,9.0,0.0,0.0,0.0,0.0,0.0,0.0,0.0,38.0,0.0,8.0,0.0,0.0,0.0,0.0,0.0,0.0,0.0,38.0,0.0,7.0,0.0,0.0,0.0,0.0,0.0,0.0,0.0,0.0,33.0,0.0,8.0,0.0,0.0,0.0,0.0,0.0,26.0,0.0,8.0,0.0,0.0,0.0,0.0,0.0,0.0,0.0,21.0,0.0,4.0,0.0,0.0,0.0,0.0,0.0,2.0,0.0,15.0,0.0,4.0,0.0,0.0,0.0,0.0,0.0,0.0,0.0,0.0,1.0,0.0,0.0,0.0,0.0,1.0,2.0,0.0,0.0,1.0,2.0,0.0,0.0,0.0,0.0,0.0,0.0,0.0,0.0,0.0,0.0,0.0,0.0,0.0,0.0,0.0,0.0,0.0,0.0,0.0,0.0,0.0,0.0,0.0,0.0,2.0,0.0,0.0,0.0,0.0,3.0,2.0,0.0,0.0,0.0,2.0,0.0,0.0,0.0,24.0,0.0,2.0,4.0,3.0,3.0,4.0,25.0
CHEMBL430360,IC50,0.7943,26.0,5.0,5.0,0.0,1.0,2.0,0.0,33.0,9.0,6.0,0.0,2.0,0.0,2.0,4.0,1.0,0.0,0.0,0.0,35.0,6.0,10.0,0.0,2.0,0.0,2.0,4.0,0.0,0.0,35.0,6.0,10.0,0.0,1.0,0.0,2.0,3.0,1.0,0.0,40.0,5.0,8.0,0.0,1.0,0.0,2.0,4.0,1.0,1.0,41.0,6.0,11.0,0.0,0.0,0.0,4.0,4.0,1.0,1.0,1.0,35.0,4.0,14.0,0.0,1.0,0.0,4.0,5.0,30.0,4.0,10.0,0.0,2.0,0.0,4.0,6.0,0.0,0.0,24.0,3.0,7.0,0.0,3.0,0.0,4.0,7.0,2.0,0.0,19.0,1.0,7.0,0.0,2.0,0.0,4.0,1.0,0.0,2.0,0.0,1.0,0.0,0.0,0.0,2.0,1.0,0.0,1.0,1.0,1.0,5.0,0.0,1.0,0.0,0.0,0.0,0.0,0.0,0.0,0.0,0.0,0.0,0.0,0.0,0.0,0.0,0.0,0.0,0.0,0.0,1.0,0.0,0.0,1.0,0.0,2.0,1.0,1.0,1.0,0.0,4.0,2.0,2.0,0.0,0.0,2.0,1.0,0.0,1.0,23.0,1.0,2.0,10.0,7.0,7.0,6.0,26.0
CHEMBL468723,IC50,100.0,20.0,2.0,4.0,0.0,0.0,1.0,0.0,24.0,4.0,5.0,0.0,0.0,2.0,0.0,2.0,0.0,0.0,0.0,0.0,22.0,2.0,7.0,0.0,0.0,2.0,0.0,2.0,2.0,0.0,18.0,2.0,8.0,0.0,0.0,2.0,0.0,2.0,0.0,0.0,20.0,2.0,6.0,0.0,0.0,1.0,1.0,1.0,0.0,1.0,23.0,2.0,4.0,0.0,0.0,2.0,0.0,2.0,0.0,0.0,0.0,21.0,1.0,6.0,0.0,0.0,3.0,0.0,3.0,15.0,2.0,4.0,0.0,0.0,4.0,0.0,4.0,0.0,0.0,10.0,2.0,4.0,0.0,0.0,2.0,0.0,2.0,0.0,2.0,9.0,1.0,2.0,0.0,0.0,1.0,1.0,0.0,0.0,0.0,1.0,7.0,3.0,4.0,3.0,0.0,0.0,0.0,1.0,0.0,0.0,9.0,1.0,7.0,1.0,0.0,8.0,2.0,1.0,0.0,8.0,8.0,3.0,1.0,0.0,2.0,2.0,0.0,2.0,0.0,2.0,0.0,0.0,1.0,0.0,0.0,2.0,0.0,0.0,0.0,0.0,3.0,0.0,0.0,6.0,0.0,1.0,0.0,1.0,1.0,12.0,1.0,2.0,6.0,10.0,10.0,6.0,13.0
CHEMBL258303,IC50,630.96,20.0,2.0,4.0,0.0,0.0,1.0,0.0,26.0,2.0,5.0,0.0,0.0,2.0,0.0,2.0,0.0,0.0,0.0,0.0,21.0,3.0,9.0,0.0,0.0,2.0,0.0,2.0,0.0,0.0,19.0,1.0,6.0,0.0,0.0,2.0,0.0,2.0,2.0,0.0,20.0,2.0,7.0,0.0,0.0,1.0,1.0,0.0,0.0,1.0,23.0,2.0,3.0,0.0,0.0,3.0,0.0,3.0,1.0,0.0,0.0,20.0,2.0,6.0,0.0,0.0,2.0,0.0,2.0,16.0,1.0,4.0,0.0,0.0,4.0,0.0,4.0,0.0,0.0,10.0,2.0,4.0,0.0,0.0,2.0,0.0,2.0,0.0,2.0,8.0,2.0,2.0,0.0,0.0,1.0,1.0,0.0,0.0,0.0,0.0,2.0,0.0,0.0,0.0,0.0,0.0,0.0,1.0,0.0,0.0,3.0,0.0,0.0,0.0,0.0,0.0,0.0,0.0,0.0,0.0,0.0,0.0,0.0,0.0,0.0,0.0,0.0,0.0,0.0,0.0,0.0,0.0,0.0,0.0,0.0,2.0,0.0,0.0,0.0,0.0,3.0,1.0,0.0,1.0,0.0,1.0,0.0,1.0,1.0,18.0,1.0,2.0,6.0,4.0,4.0,6.0,18.0
CHEMBL272793,IC50,6.31,19.0,0.0,6.0,0.0,0.0,1.0,0.0,23.0,0.0,9.0,0.0,0.0,2.0,0.0,2.0,0.0,0.0,0.0,0.0,20.0,0.0,8.0,0.0,0.0,2.0,0.0,2.0,0.0,0.0,16.0,0.0,10.0,0.0,0.0,2.0,0.0,2.0,0.0,0.0,19.0,0.0,6.0,0.0,0.0,1.0,1.0,0.0,0.0,1.0,21.0,0.0,6.0,0.0,0.0,2.0,0.0,2.0,0.0,0.0,1.0,19.0,0.0,6.0,0.0,0.0,3.0,0.0,3.0,13.0,0.0,6.0,0.0,0.0,3.0,0.0,3.0,0.0,0.0,9.0,0.0,6.0,0.0,0.0,2.0,0.0,2.0,0.0,2.0,7.0,0.0,3.0,0.0,0.0,1.0,1.0,0.0,0.0,0.0,0.0,2.0,0.0,0.0,0.0,0.0,0.0,0.0,1.0,0.0,0.0,3.0,0.0,0.0,0.0,0.0,0.0,0.0,0.0,0.0,0.0,0.0,0.0,0.0,0.0,0.0,0.0,0.0,0.0,0.0,0.0,0.0,0.0,0.0,0.0,0.0,2.0,0.0,0.0,0.0,0.0,3.0,1.0,0.0,1.0,0.0,1.0,0.0,0.0,1.0,17.0,1.0,2.0,6.0,4.0,4.0,6.0,17.0
CHEMBL535640,IC50,316.23,17.0,5.0,4.0,0.0,0.0,1.0,0.0,23.0,5.0,5.0,0.0,0.0,2.0,0.0,2.0,0.0,0.0,0.0,0.0,20.0,4.0,7.0,0.0,0.0,2.0,0.0,2.0,2.0,0.0,16.0,4.0,6.0,0.0,0.0,2.0,0.0,2.0,2.0,0.0,19.0,4.0,5.0,0.0,0.0,1.0,1.0,2.0,0.0,1.0,21.0,4.0,5.0,0.0,0.0,1.0,0.0,1.0,0.0,0.0,0.0,20.0,2.0,5.0,0.0,0.0,4.0,0.0,4.0,12.0,4.0,4.0,0.0,0.0,3.0,0.0,3.0,0.0,0.0,9.0,4.0,4.0,0.0,0.0,2.0,0.0,2.0,0.0,2.0,8.0,2.0,2.0,0.0,0.0,1.0,1.0,0.0,0.0,0.0,0.0,2.0,0.0,0.0,0.0,1.0,1.0,0.0,1.0,0.0,1.0,4.0,0.0,0.0,0.0,0.0,0.0,0.0,0.0,0.0,0.0,0.0,0.0,0.0,0.0,0.0,0.0,0.0,0.0,0.0,0.0,0.0,0.0,0.0,0.0,0.0,2.0,0.0,0.0,0.0,0.0,3.0,1.0,0.0,1.0,0.0,0.0,0.0,1.0,2.0,17.0,2.0,2.0,9.0,6.0,6.0,6.0,17.0
CHEMBL215453,IC50,7.413,18.0,3.0,4.0,0.0,1.0,2.0,0.0,21.0,8.0,5.0,0.0,2.0,0.0,2.0,4.0,0.0,0.0,0.0,0.0,19.0,5.0,7.0,0.0,2.0,0.0,2.0,4.0,2.0,0.0,16.0,4.0,5.0,0.0,1.0,0.0,2.0,3.0,3.0,0.0,19.0,4.0,6.0,0.0,1.0,0.0,1.0,1.0,1.0,1.0,22.0,3.0,5.0,0.0,0.0,0.0,2.0,2.0,0.0,1.0,1.0,19.0,3.0,5.0,0.0,1.0,0.0,4.0,5.0,12.0,4.0,4.0,0.0,2.0,0.0,3.0,5.0,0.0,0.0,10.0,3.0,4.0,0.0,3.0,0.0,2.0,5.0,0.0,2.0,9.0,1.0,2.0,0.0,1.0,0.0,2.0,0.0,0.0,0.0,0.0,2.0,0.0,0.0,0.0,1.0,1.0,0.0,1.0,1.0,1.0,4.0,0.0,0.0,0.0,0.0,0.0,0.0,0.0,0.0,0.0,0.0,0.0,0.0,0.0,0.0,0.0,0.0,0.0,0.0,0.0,0.0,0.0,0.0,0.0,0.0,2.0,1.0,1.0,0.0,0.0,3.0,1.0,1.0,0.0,0.0,1.0,1.0,1.0,2.0,17.0,2.0,2.0,7.0,6.0,6.0,6.0,17.0
CHEMBL523216,IC50,15.85,23.0,8.0,5.0,0.0,0.0,1.0,0.0,28.0,14.0,6.0,0.0,0.0,2.0,0.0,2.0,1.0,0.0,0.0,0.0,28.0,10.0,7.0,0.0,0.0,2.0,0.0,2.0,3.0,0.0,28.0,9.0,8.0,0.0,0.0,2.0,0.0,2.0,2.0,0.0,31.0,11.0,9.0,0.0,0.0,0.0,0.0,1.0,1.0,1.0,31.0,8.0,9.0,0.0,0.0,2.0,0.0,2.0,0.0,0.0,0.0,22.0,11.0,8.0,0.0,0.0,4.0,0.0,4.0,19.0,9.0,4.0,0.0,0.0,3.0,0.0,3.0,0.0,0.0,22.0,4.0,5.0,0.0,0.0,0.0,0.0,0.0,0.0,1.0,19.0,4.0,7.0,0.0,0.0,1.0,1.0,0.0,0.0,0.0,1.0,7.0,1.0,2.0,0.0,3.0,2.0,0.0,1.0,0.0,2.0,12.0,0.0,5.0,1.0,0.0,3.0,0.0,0.0,0.0,0.0,0.0,0.0,0.0,0.0,0.0,0.0,0.0,0.0,0.0,2.0,2.0,4.0,3.0,4.0,3.0,3.0,0.0,0.0,2.0,0.0,4.0,0.0,3.0,0.0,0.0,1.0,0.0,1.0,2.0,17.0,2.0,2.0,13.0,17.0,17.0,14.0,20.0
CHEMBL495091,IC50,50.12,25.0,8.0,3.0,0.0,0.0,1.0,0.0,33.0,12.0,4.0,0.0,0.0,2.0,0.0,2.0,1.0,0.0,0.0,0.0,35.0,10.0,8.0,0.0,0.0,2.0,0.0,2.0,0.0,0.0,29.0,12.0,4.0,0.0,0.0,2.0,0.0,2.0,2.0,0.0,31.0,12.0,4.0,0.0,0.0,0.0,0.0,2.0,1.0,1.0,29.0,12.0,7.0,0.0,0.0,2.0,0.0,2.0,0.0,0.0,0.0,25.0,10.0,2.0,0.0,0.0,4.0,0.0,4.0,21.0,10.0,4.0,0.0,0.0,2.0,0.0,2.0,0.0,0.0,24.0,6.0,4.0,0.0,0.0,1.0,0.0,1.0,1.0,0.0,20.0,5.0,4.0,0.0,0.0,1.0,1.0,0.0,1.0,1.0,1.0,7.0,1.0,2.0,0.0,4.0,0.0,0.0,2.0,0.0,0.0,13.0,0.0,6.0,1.0,0.0,3.0,0.0,0.0,2.0,0.0,0.0,0.0,0.0,0.0,0.0,0.0,0.0,0.0,0.0,2.0,3.0,6.0,1.0,4.0,3.0,1.0,0.0,0.0,2.0,0.0,2.0,0.0,4.0,2.0,0.0,2.0,0.0,1.0,2.0,17.0,3.0,2.0,11.0,17.0,17.0,9.0,20.0
CHEMBL493254,IC50,39.81,23.0,7.0,3.0,0.0,0.0,1.0,0.0,30.0,11.0,4.0,0.0,0.0,2.0,0.0,2.0,1.0,0.0,0.0,0.0,27.0,10.0,8.0,0.0,0.0,2.0,0.0,2.0,0.0,0.0,23.0,12.0,4.0,0.0,0.0,2.0,0.0,2.0,2.0,0.0,26.0,11.0,4.0,0.0,0.0,0.0,0.0,2.0,1.0,1.0,24.0,12.0,7.0,0.0,0.0,2.0,0.0,2.0,0.0,0.0,0.0,22.0,9.0,1.0,0.0,0.0,4.0,0.0,4.0,19.0,9.0,3.0,0.0,0.0,2.0,0.0,2.0,0.0,0.0,22.0,4.0,3.0,0.0,0.0,1.0,0.0,1.0,1.0,0.0,17.0,3.0,4.0,0.0,0.0,1.0,1.0,0.0,1.0,1.0,1.0,5.0,1.0,1.0,0.0,3.0,0.0,0.0,2.0,0.0,0.0,10.0,0.0,4.0,1.0,0.0,3.0,0.0,0.0,1.0,0.0,0.0,0.0,0.0,0.0,0.0,0.0,0.0,0.0,0.0,2.0,1.0,1.0,1.0,3.0,1.0,1.0,0.0,0.0,2.0,0.0,2.0,0.0,3.0,1.0,0.0,2.0,0.0,1.0,2.0,17.0,3.0,2.0,10.0,14.0,14.0,8.0,20.0
CHEMBL521988,IC50,50.12,23.0,8.0,5.0,0.0,0.0,1.0,0.0,30.0,12.0,6.0,0.0,0.0,2.0,0.0,2.0,1.0,0.0,0.0,0.0,28.0,10.0,8.0,0.0,0.0,2.0,0.0,2.0,1.0,0.0,25.0,12.0,5.0,0.0,0.0,2.0,0.0,2.0,2.0,0.0,32.0,10.0,4.0,0.0,0.0,0.0,0.0,2.0,1.0,1.0,29.0,11.0,8.0,0.0,0.0,2.0,0.0,2.0,0.0,0.0,0.0,24.0,8.0,3.0,0.0,0.0,4.0,0.0,4.0,19.0,9.0,6.0,0.0,0.0,2.0,0.0,2.0,0.0,0.0,21.0,5.0,6.0,0.0,0.0,1.0,0.0,1.0,1.0,0.0,18.0,5.0,4.0,0.0,0.0,1.0,1.0,1.0,1.0,1.0,1.0,7.0,1.0,2.0,0.0,3.0,0.0,0.0,1.0,0.0,0.0,12.0,0.0,5.0,1.0,0.0,3.0,0.0,0.0,0.0,0.0,0.0,0.0,0.0,0.0,0.0,0.0,0.0,0.0,0.0,2.0,2.0,4.0,3.0,4.0,3.0,3.0,0.0,0.0,2.0,0.0,3.0,0.0,3.0,0.0,0.0,2.0,0.0,1.0,2.0,17.0,4.0,2.0,13.0,17.0,17.0,10.0,20.0
CHEMBL481870,IC50,100.0,22.0,7.0,3.0,0.0,0.0,1.0,0.0,27.0,11.0,4.0,0.0,0.0,2.0,0.0,2.0,1.0,0.0,0.0,0.0,24.0,10.0,8.0,0.0,0.0,2.0,0.0,2.0,0.0,0.0,22.0,12.0,4.0,0.0,0.0,2.0,0.0,2.0,2.0,0.0,28.0,10.0,3.0,0.0,0.0,0.0,0.0,2.0,1.0,1.0,26.0,11.0,6.0,0.0,0.0,2.0,0.0,2.0,0.0,0.0,0.0,22.0,8.0,1.0,0.0,0.0,4.0,0.0,4.0,18.0,8.0,4.0,0.0,0.0,2.0,0.0,2.0,0.0,0.0,20.0,4.0,4.0,0.0,0.0,1.0,0.0,1.0,1.0,0.0,16.0,4.0,4.0,0.0,0.0,1.0,1.0,0.0,1.0,1.0,1.0,4.0,1.0,0.0,0.0,4.0,0.0,0.0,1.0,0.0,0.0,10.0,0.0,4.0,1.0,0.0,3.0,0.0,0.0,0.0,0.0,0.0,0.0,0.0,0.0,0.0,0.0,0.0,0.0,0.0,2.0,1.0,1.0,1.0,3.0,1.0,1.0,0.0,0.0,2.0,0.0,2.0,0.0,4.0,0.0,0.0,2.0,0.0,1.0,2.0,17.0,2.0,2.0,10.0,13.0,13.0,11.0,20.0
CHEMBL516608,IC50,501.19,22.0,7.0,3.0,0.0,0.0,1.0,0.0,27.0,11.0,4.0,0.0,0.0,2.0,0.0,2.0,1.0,0.0,0.0,0.0,24.0,10.0,8.0,0.0,0.0,2.0,0.0,2.0,0.0,0.0,23.0,12.0,4.0,0.0,0.0,2.0,0.0,2.0,2.0,0.0,27.0,12.0,4.0,0.0,0.0,0.0,0.0,2.0,1.0,1.0,28.0,9.0,5.0,0.0,0.0,2.0,0.0,2.0,1.0,0.0,0.0,22.0,11.0,2.0,0.0,0.0,4.0,0.0,4.0,18.0,8.0,4.0,0.0,0.0,2.0,0.0,2.0,0.0,0.0,22.0,3.0,3.0,0.0,0.0,1.0,0.0,1.0,1.0,0.0,15.0,6.0,4.0,0.0,0.0,1.0,1.0,0.0,1.0,1.0,1.0,4.0,1.0,0.0,0.0,4.0,0.0,0.0,1.0,0.0,0.0,10.0,0.0,4.0,1.0,0.0,3.0,0.0,0.0,0.0,0.0,0.0,0.0,0.0,0.0,0.0,0.0,0.0,0.0,0.0,2.0,1.0,1.0,1.0,3.0,1.0,1.0,0.0,0.0,2.0,0.0,2.0,0.0,4.0,0.0,0.0,2.0,0.0,1.0,2.0,17.0,2.0,2.0,10.0,13.0,13.0,11.0,20.0
CHEMBL233871,IC50,251.19,25.0,3.0,6.0,0.0,0.0,1.0,0.0,33.0,6.0,7.0,0.0,0.0,2.0,0.0,2.0,0.0,0.0,0.0,0.0,34.0,4.0,11.0,0.0,0.0,2.0,0.0,2.0,1.0,0.0,33.0,5.0,11.0,0.0,0.0,2.0,0.0,2.0,1.0,0.0,39.0,2.0,11.0,0.0,0.0,1.0,1.0,2.0,1.0,1.0,42.0,1.0,9.0,0.0,0.0,4.0,0.0,4.0,0.0,0.0,0.0,31.0,2.0,14.0,0.0,0.0,4.0,0.0,4.0,26.0,2.0,9.0,0.0,0.0,4.0,0.0,4.0,0.0,1.0,22.0,1.0,5.0,0.0,0.0,5.0,0.0,5.0,2.0,0.0,16.0,0.0,6.0,0.0,0.0,1.0,1.0,0.0,2.0,2.0,0.0,1.0,0.0,0.0,0.0,2.0,1.0,0.0,2.0,0.0,1.0,4.0,0.0,0.0,0.0,0.0,0.0,0.0,0.0,0.0,0.0,0.0,0.0,0.0,0.0,0.0,0.0,0.0,0.0,0.0,0.0,0.0,0.0,0.0,0.0,0.0,3.0,0.0,0.0,0.0,0.0,4.0,2.0,1.0,0.0,0.0,2.0,0.0,0.0,1.0,23.0,1.0,2.0,9.0,5.0,5.0,5.0,24.0
CHEMBL266258,IC50,6.31,25.0,3.0,4.0,0.0,3.0,4.0,0.0,32.0,6.0,5.0,0.0,6.0,2.0,0.0,8.0,0.0,0.0,0.0,0.0,32.0,4.0,9.0,0.0,7.0,2.0,0.0,9.0,0.0,0.0,31.0,4.0,8.0,0.0,5.0,2.0,0.0,7.0,1.0,0.0,36.0,2.0,6.0,0.0,7.0,1.0,8.0,2.0,1.0,1.0,37.0,1.0,7.0,0.0,4.0,4.0,0.0,8.0,0.0,3.0,3.0,29.0,2.0,10.0,0.0,6.0,4.0,0.0,10.0,24.0,2.0,6.0,0.0,6.0,4.0,0.0,10.0,0.0,0.0,20.0,1.0,4.0,0.0,7.0,4.0,0.0,11.0,2.0,0.0,15.0,0.0,4.0,0.0,7.0,1.0,8.0,0.0,2.0,2.0,0.0,1.0,0.0,0.0,0.0,1.0,1.0,0.0,3.0,3.0,1.0,3.0,0.0,0.0,0.0,0.0,0.0,0.0,0.0,0.0,0.0,0.0,0.0,0.0,0.0,0.0,0.0,0.0,0.0,0.0,0.0,0.0,0.0,0.0,0.0,0.0,2.0,3.0,3.0,0.0,0.0,3.0,2.0,1.0,0.0,0.0,2.0,3.0,0.0,1.0,23.0,1.0,2.0,7.0,4.0,4.0,4.0,24.0
CHEMBL475348,IC50,5320.0,23.0,4.0,3.0,1.0,3.0,5.0,2.0,29.0,5.0,7.0,3.0,6.0,4.0,0.0,10.0,3.0,0.0,0.0,0.0,26.0,6.0,12.0,3.0,6.0,4.0,0.0,10.0,0.0,1.0,24.0,5.0,12.0,2.0,3.0,2.0,0.0,5.0,1.0,2.0,26.0,5.0,10.0,1.0,1.0,1.0,2.0,0.0,1.0,3.0,26.0,4.0,7.0,2.0,2.0,3.0,0.0,5.0,1.0,3.0,3.0,22.0,5.0,8.0,2.0,3.0,5.0,0.0,8.0,18.0,4.0,6.0,3.0,3.0,6.0,0.0,9.0,1.0,1.0,16.0,4.0,9.0,2.0,4.0,5.0,0.0,9.0,2.0,0.0,15.0,4.0,8.0,2.0,5.0,3.0,8.0,0.0,0.0,0.0,0.0,0.0,0.0,0.0,0.0,1.0,0.0,0.0,1.0,3.0,0.0,4.0,0.0,1.0,0.0,1.0,0.0,0.0,0.0,0.0,0.0,0.0,0.0,0.0,0.0,0.0,0.0,0.0,0.0,0.0,0.0,1.0,0.0,0.0,1.0,0.0,0.0,3.0,3.0,1.0,2.0,4.0,0.0,0.0,0.0,0.0,1.0,3.0,0.0,1.0,21.0,1.0,7.0,8.0,5.0,5.0,7.0,26.0
CHEMBL374824,IC50,5.012,25.0,3.0,6.0,0.0,2.0,3.0,0.0,33.0,6.0,7.0,0.0,0.0,0.0,2.0,2.0,0.0,1.0,1.0,1.0,34.0,4.0,12.0,0.0,2.0,0.0,2.0,4.0,0.0,0.0,34.0,4.0,9.0,0.0,4.0,0.0,2.0,6.0,1.0,2.0,37.0,2.0,8.0,0.0,6.0,0.0,7.0,3.0,1.0,1.0,37.0,2.0,9.0,0.0,2.0,0.0,4.0,6.0,0.0,4.0,4.0,31.0,2.0,14.0,0.0,0.0,0.0,4.0,4.0,28.0,2.0,8.0,0.0,4.0,0.0,4.0,8.0,0.0,0.0,22.0,1.0,6.0,0.0,8.0,0.0,4.0,12.0,3.0,0.0,17.0,0.0,7.0,0.0,4.0,0.0,5.0,0.0,0.0,3.0,1.0,1.0,0.0,0.0,0.0,1.0,1.0,0.0,2.0,2.0,1.0,4.0,0.0,0.0,0.0,0.0,0.0,0.0,0.0,0.0,0.0,0.0,0.0,0.0,0.0,0.0,0.0,0.0,0.0,0.0,0.0,0.0,0.0,0.0,0.0,0.0,3.0,2.0,0.0,0.0,0.0,4.0,2.0,1.0,0.0,2.0,2.0,0.0,0.0,1.0,23.0,1.0,2.0,9.0,7.0,7.0,6.0,25.0
CHEMBL387878,IC50,0.631,25.0,3.0,6.0,0.0,4.0,5.0,0.0,33.0,6.0,7.0,0.0,4.0,0.0,2.0,6.0,0.0,1.0,1.0,1.0,34.0,4.0,12.0,0.0,7.0,0.0,2.0,9.0,0.0,0.0,34.0,4.0,9.0,0.0,6.0,0.0,2.0,8.0,1.0,2.0,37.0,2.0,8.0,0.0,8.0,0.0,9.0,3.0,1.0,1.0,37.0,2.0,9.0,0.0,4.0,0.0,4.0,8.0,0.0,5.0,5.0,31.0,2.0,14.0,0.0,4.0,0.0,4.0,8.0,28.0,2.0,8.0,0.0,8.0,0.0,4.0,12.0,0.0,0.0,22.0,1.0,6.0,0.0,14.0,0.0,4.0,18.0,3.0,0.0,17.0,0.0,7.0,0.0,9.0,0.0,10.0,0.0,0.0,3.0,1.0,1.0,0.0,0.0,0.0,1.0,1.0,0.0,3.0,4.0,1.0,4.0,0.0,0.0,0.0,0.0,0.0,0.0,0.0,0.0,0.0,0.0,0.0,0.0,0.0,0.0,0.0,0.0,0.0,0.0,0.0,0.0,0.0,0.0,0.0,0.0,3.0,4.0,2.0,0.0,0.0,4.0,2.0,1.0,0.0,2.0,2.0,2.0,0.0,1.0,23.0,1.0,2.0,9.0,7.0,7.0,6.0,25.0
CHEMBL257969,IC50,158.49,24.0,5.0,3.0,0.0,0.0,1.0,0.0,29.0,8.0,4.0,0.0,0.0,2.0,0.0,2.0,1.0,0.0,0.0,0.0,25.0,6.0,7.0,0.0,0.0,2.0,0.0,2.0,0.0,0.0,19.0,9.0,6.0,0.0,0.0,2.0,0.0,2.0,2.0,0.0,22.0,9.0,5.0,0.0,0.0,0.0,0.0,2.0,1.0,1.0,25.0,9.0,4.0,0.0,0.0,2.0,0.0,2.0,0.0,0.0,0.0,24.0,9.0,1.0,0.0,0.0,3.0,0.0,3.0,19.0,9.0,3.0,0.0,0.0,2.0,0.0,2.0,0.0,0.0,18.0,5.0,3.0,0.0,0.0,3.0,0.0,3.0,1.0,0.0,17.0,3.0,3.0,0.0,0.0,2.0,2.0,0.0,1.0,1.0,0.0,3.0,0.0,0.0,0.0,0.0,0.0,0.0,1.0,0.0,0.0,4.0,0.0,1.0,0.0,0.0,0.0,0.0,0.0,1.0,0.0,0.0,0.0,0.0,0.0,0.0,0.0,0.0,0.0,0.0,0.0,1.0,0.0,0.0,1.0,0.0,1.0,0.0,0.0,1.0,0.0,2.0,1.0,0.0,1.0,0.0,0.0,0.0,1.0,2.0,23.0,2.0,0.0,8.0,8.0,8.0,9.0,24.0
CHEMBL258439,IC50,199.53,17.0,5.0,5.0,0.0,0.0,1.0,0.0,22.0,8.0,3.0,0.0,0.0,2.0,0.0,2.0,2.0,0.0,0.0,0.0,19.0,7.0,8.0,0.0,0.0,2.0,0.0,2.0,0.0,0.0,16.0,7.0,5.0,0.0,0.0,2.0,0.0,2.0,3.0,0.0,21.0,6.0,4.0,0.0,0.0,0.0,0.0,3.0,1.0,1.0,22.0,6.0,7.0,0.0,0.0,2.0,0.0,2.0,0.0,0.0,0.0,21.0,5.0,2.0,0.0,0.0,4.0,0.0,4.0,13.0,6.0,5.0,0.0,0.0,2.0,0.0,2.0,0.0,0.0,13.0,4.0,4.0,0.0,0.0,3.0,0.0,3.0,2.0,0.0,10.0,3.0,5.0,0.0,0.0,1.0,1.0,0.0,2.0,2.0,0.0,2.0,0.0,0.0,0.0,2.0,0.0,0.0,1.0,0.0,0.0,5.0,0.0,0.0,0.0,0.0,0.0,0.0,0.0,0.0,0.0,0.0,0.0,0.0,0.0,0.0,0.0,0.0,0.0,0.0,0.0,0.0,0.0,0.0,1.0,0.0,3.0,0.0,0.0,1.0,0.0,3.0,1.0,1.0,0.0,0.0,0.0,0.0,1.0,2.0,17.0,2.0,0.0,10.0,8.0,8.0,8.0,18.0
CHEMBL257146,IC50,39.81,25.0,5.0,3.0,0.0,0.0,1.0,0.0,30.0,10.0,4.0,0.0,0.0,2.0,0.0,2.0,1.0,0.0,0.0,0.0,26.0,8.0,7.0,0.0,0.0,2.0,0.0,2.0,1.0,0.0,21.0,8.0,5.0,0.0,0.0,2.0,0.0,2.0,2.0,0.0,25.0,9.0,6.0,0.0,0.0,0.0,0.0,1.0,1.0,1.0,30.0,7.0,6.0,0.0,0.0,2.0,0.0,2.0,0.0,0.0,0.0,27.0,9.0,4.0,0.0,0.0,4.0,0.0,4.0,22.0,9.0,2.0,0.0,0.0,3.0,0.0,3.0,0.0,0.0,21.0,6.0,3.0,0.0,0.0,2.0,0.0,2.0,0.0,1.0,21.0,2.0,2.0,0.0,0.0,2.0,2.0,0.0,0.0,0.0,0.0,3.0,0.0,0.0,0.0,1.0,0.0,0.0,1.0,0.0,0.0,5.0,0.0,0.0,0.0,0.0,0.0,0.0,0.0,0.0,0.0,0.0,0.0,0.0,0.0,0.0,0.0,0.0,0.0,0.0,0.0,0.0,0.0,0.0,2.0,1.0,1.0,0.0,0.0,1.0,0.0,2.0,1.0,1.0,0.0,0.0,1.0,0.0,1.0,2.0,23.0,2.0,2.0,8.0,8.0,8.0,9.0,24.0
CHEMBL257147,IC50,125.89,22.0,7.0,3.0,0.0,0.0,1.0,0.0,26.0,12.0,4.0,0.0,0.0,2.0,0.0,2.0,1.0,0.0,0.0,0.0,23.0,10.0,7.0,0.0,0.0,2.0,0.0,2.0,1.0,0.0,20.0,8.0,5.0,0.0,0.0,2.0,0.0,2.0,3.0,0.0,24.0,9.0,6.0,0.0,0.0,0.0,0.0,1.0,1.0,1.0,28.0,8.0,5.0,0.0,0.0,2.0,0.0,2.0,0.0,0.0,0.0,25.0,10.0,3.0,0.0,0.0,4.0,0.0,4.0,20.0,8.0,2.0,0.0,0.0,3.0,0.0,3.0,0.0,0.0,18.0,7.0,3.0,0.0,0.0,2.0,0.0,2.0,0.0,1.0,18.0,4.0,2.0,0.0,0.0,2.0,2.0,0.0,0.0,0.0,0.0,2.0,0.0,0.0,0.0,1.0,0.0,0.0,1.0,0.0,0.0,4.0,0.0,0.0,0.0,0.0,0.0,0.0,0.0,0.0,0.0,0.0,0.0,0.0,0.0,0.0,0.0,0.0,0.0,0.0,0.0,0.0,0.0,0.0,1.0,0.0,1.0,0.0,0.0,1.0,0.0,2.0,1.0,1.0,0.0,0.0,1.0,0.0,2.0,3.0,23.0,3.0,2.0,10.0,7.0,7.0,8.0,23.0
CHEMBL404711,IC50,10.0,24.0,5.0,3.0,0.0,2.0,3.0,0.0,28.0,11.0,4.0,0.0,4.0,2.0,0.0,6.0,1.0,0.0,0.0,0.0,25.0,8.0,7.0,0.0,4.0,2.0,0.0,6.0,1.0,0.0,21.0,7.0,6.0,0.0,4.0,2.0,0.0,6.0,2.0,0.0,25.0,9.0,6.0,0.0,2.0,0.0,2.0,1.0,1.0,3.0,29.0,8.0,5.0,0.0,2.0,2.0,0.0,4.0,0.0,0.0,0.0,27.0,8.0,3.0,0.0,2.0,4.0,0.0,6.0,21.0,7.0,2.0,0.0,4.0,3.0,0.0,7.0,0.0,0.0,20.0,5.0,3.0,0.0,2.0,2.0,0.0,4.0,0.0,1.0,20.0,2.0,3.0,0.0,4.0,2.0,6.0,0.0,0.0,0.0,0.0,2.0,0.0,0.0,0.0,1.0,0.0,0.0,1.0,2.0,0.0,4.0,0.0,0.0,0.0,0.0,0.0,0.0,0.0,0.0,0.0,0.0,0.0,0.0,0.0,0.0,0.0,0.0,0.0,0.0,0.0,0.0,0.0,0.0,1.0,0.0,1.0,2.0,2.0,1.0,0.0,2.0,1.0,1.0,0.0,0.0,1.0,2.0,1.0,2.0,23.0,2.0,2.0,8.0,7.0,7.0,8.0,24.0
CHEMBL436656,IC50,158.49,18.0,5.0,2.0,2.0,0.0,1.0,0.0,26.0,5.0,2.0,1.0,0.0,2.0,0.0,2.0,0.0,0.0,0.0,0.0,22.0,7.0,2.0,3.0,0.0,2.0,0.0,2.0,2.0,0.0,21.0,6.0,2.0,3.0,0.0,1.0,0.0,1.0,0.0,0.0,22.0,5.0,0.0,3.0,0.0,3.0,3.0,2.0,0.0,0.0,22.0,4.0,4.0,2.0,0.0,1.0,0.0,1.0,0.0,0.0,0.0,17.0,3.0,6.0,2.0,0.0,3.0,0.0,3.0,11.0,2.0,6.0,2.0,0.0,3.0,0.0,3.0,0.0,0.0,7.0,1.0,4.0,1.0,0.0,2.0,0.0,2.0,0.0,2.0,4.0,0.0,4.0,0.0,0.0,1.0,1.0,0.0,0.0,0.0,0.0,1.0,0.0,0.0,0.0,0.0,0.0,0.0,1.0,0.0,0.0,2.0,0.0,0.0,0.0,0.0,0.0,0.0,0.0,0.0,0.0,0.0,0.0,0.0,0.0,0.0,0.0,0.0,0.0,0.0,0.0,0.0,0.0,0.0,0.0,0.0,1.0,0.0,0.0,0.0,0.0,2.0,0.0,0.0,1.0,0.0,0.0,0.0,1.0,3.0,20.0,3.0,2.0,9.0,2.0,2.0,3.0,19.0
CHEMBL254763,IC50,63.1,17.0,5.0,2.0,0.0,0.0,1.0,0.0,23.0,7.0,2.0,0.0,0.0,2.0,0.0,2.0,0.0,0.0,0.0,0.0,22.0,8.0,2.0,0.0,0.0,2.0,0.0,2.0,2.0,0.0,22.0,7.0,4.0,0.0,0.0,1.0,0.0,1.0,0.0,0.0,22.0,5.0,2.0,0.0,0.0,3.0,3.0,2.0,0.0,0.0,21.0,2.0,4.0,0.0,0.0,2.0,0.0,2.0,0.0,0.0,0.0,14.0,2.0,6.0,0.0,0.0,3.0,0.0,3.0,8.0,0.0,6.0,0.0,0.0,4.0,0.0,4.0,0.0,0.0,4.0,0.0,4.0,0.0,0.0,0.0,0.0,0.0,0.0,2.0,0.0,0.0,4.0,0.0,0.0,0.0,0.0,0.0,0.0,0.0,1.0,1.0,1.0,0.0,0.0,2.0,0.0,0.0,1.0,0.0,0.0,5.0,0.0,3.0,1.0,0.0,3.0,0.0,0.0,0.0,0.0,0.0,0.0,0.0,0.0,0.0,0.0,0.0,0.0,0.0,0.0,0.0,0.0,0.0,0.0,0.0,1.0,0.0,0.0,0.0,0.0,2.0,0.0,2.0,1.0,0.0,1.0,0.0,1.0,2.0,15.0,2.0,2.0,7.0,4.0,4.0,3.0,16.0
CHEMBL492238,IC50,5.012,21.0,8.0,3.0,0.0,0.0,1.0,0.0,28.0,12.0,4.0,0.0,0.0,2.0,0.0,2.0,1.0,0.0,0.0,0.0,24.0,10.0,7.0,0.0,0.0,2.0,0.0,2.0,1.0,0.0,25.0,9.0,4.0,0.0,0.0,2.0,0.0,2.0,2.0,0.0,27.0,11.0,5.0,0.0,0.0,0.0,0.0,1.0,1.0,1.0,27.0,8.0,5.0,0.0,0.0,2.0,0.0,2.0,0.0,0.0,0.0,20.0,11.0,4.0,0.0,0.0,4.0,0.0,4.0,19.0,7.0,2.0,0.0,0.0,3.0,0.0,3.0,0.0,0.0,20.0,4.0,5.0,0.0,0.0,0.0,0.0,0.0,0.0,1.0,17.0,4.0,3.0,0.0,0.0,1.0,1.0,0.0,0.0,0.0,1.0,3.0,1.0,0.0,0.0,5.0,0.0,0.0,1.0,0.0,0.0,10.0,0.0,3.0,1.0,0.0,3.0,0.0,0.0,0.0,0.0,0.0,0.0,0.0,0.0,0.0,0.0,0.0,0.0,0.0,2.0,0.0,0.0,1.0,4.0,3.0,1.0,0.0,0.0,2.0,0.0,2.0,0.0,3.0,0.0,0.0,1.0,0.0,1.0,2.0,17.0,2.0,2.0,11.0,13.0,13.0,10.0,20.0
CHEMBL495090,IC50,79.43,24.0,7.0,3.0,0.0,0.0,1.0,0.0,31.0,11.0,4.0,0.0,0.0,2.0,0.0,2.0,1.0,0.0,0.0,0.0,31.0,10.0,8.0,0.0,0.0,2.0,0.0,2.0,0.0,0.0,25.0,12.0,4.0,0.0,0.0,2.0,0.0,2.0,2.0,0.0,27.0,12.0,4.0,0.0,0.0,0.0,0.0,2.0,1.0,1.0,25.0,12.0,7.0,0.0,0.0,2.0,0.0,2.0,0.0,0.0,0.0,22.0,10.0,2.0,0.0,0.0,4.0,0.0,4.0,20.0,9.0,3.0,0.0,0.0,2.0,0.0,2.0,0.0,0.0,23.0,5.0,3.0,0.0,0.0,1.0,0.0,1.0,1.0,0.0,18.0,4.0,4.0,0.0,0.0,1.0,1.0,0.0,1.0,1.0,1.0,6.0,1.0,2.0,0.0,3.0,0.0,0.0,2.0,0.0,0.0,11.0,0.0,5.0,1.0,0.0,3.0,0.0,0.0,2.0,0.0,0.0,0.0,0.0,0.0,0.0,0.0,0.0,0.0,0.0,2.0,2.0,2.0,1.0,3.0,1.0,1.0,0.0,0.0,2.0,0.0,2.0,0.0,3.0,2.0,0.0,2.0,0.0,1.0,2.0,17.0,3.0,2.0,10.0,15.0,15.0,8.0,20.0
CHEMBL479989,IC50,12.59,28.0,8.0,3.0,0.0,0.0,1.0,0.0,35.0,14.0,4.0,0.0,0.0,2.0,0.0,2.0,1.0,0.0,0.0,0.0,31.0,10.0,7.0,0.0,0.0,2.0,0.0,2.0,1.0,0.0,28.0,9.0,6.0,0.0,0.0,2.0,0.0,2.0,2.0,0.0,33.0,11.0,6.0,0.0,0.0,0.0,0.0,1.0,1.0,1.0,36.0,8.0,5.0,0.0,0.0,2.0,0.0,2.0,0.0,0.0,0.0,30.0,11.0,4.0,0.0,0.0,4.0,0.0,4.0,24.0,11.0,2.0,0.0,0.0,3.0,0.0,3.0,0.0,0.0,25.0,7.0,5.0,0.0,0.0,2.0,0.0,2.0,0.0,1.0,26.0,5.0,5.0,0.0,0.0,2.0,2.0,0.0,0.0,0.0,0.0,7.0,0.0,3.0,1.0,1.0,0.0,0.0,1.0,0.0,0.0,9.0,0.0,3.0,0.0,0.0,2.0,0.0,0.0,0.0,1.0,0.0,0.0,0.0,0.0,0.0,0.0,1.0,0.0,2.0,0.0,2.0,4.0,0.0,4.0,3.0,1.0,0.0,0.0,2.0,0.0,2.0,1.0,1.0,2.0,0.0,1.0,0.0,1.0,2.0,23.0,3.0,2.0,11.0,14.0,14.0,10.0,25.0
CHEMBL493065,IC50,6.31,25.0,8.0,3.0,0.0,0.0,1.0,0.0,31.0,14.0,4.0,0.0,0.0,2.0,0.0,2.0,1.0,0.0,0.0,0.0,28.0,11.0,7.0,0.0,0.0,2.0,0.0,2.0,1.0,0.0,28.0,9.0,4.0,0.0,0.0,2.0,0.0,2.0,2.0,0.0,32.0,11.0,5.0,0.0,0.0,0.0,0.0,1.0,1.0,1.0,33.0,8.0,5.0,0.0,0.0,2.0,0.0,2.0,0.0,0.0,0.0,24.0,11.0,4.0,0.0,0.0,4.0,0.0,4.0,20.0,9.0,2.0,0.0,0.0,3.0,0.0,3.0,0.0,0.0,22.0,5.0,5.0,0.0,0.0,0.0,0.0,0.0,0.0,1.0,20.0,4.0,5.0,0.0,0.0,1.0,1.0,0.0,0.0,0.0,1.0,8.0,1.0,4.0,3.0,3.0,0.0,0.0,1.0,0.0,0.0,13.0,0.0,7.0,1.0,0.0,6.0,0.0,0.0,0.0,2.0,1.0,0.0,0.0,0.0,0.0,0.0,2.0,0.0,2.0,2.0,2.0,4.0,1.0,4.0,3.0,1.0,0.0,0.0,2.0,0.0,2.0,0.0,3.0,3.0,0.0,1.0,0.0,1.0,2.0,17.0,3.0,2.0,11.0,17.0,17.0,10.0,20.0
CHEMBL482132,IC50,501.19,25.0,8.0,3.0,0.0,0.0,1.0,0.0,32.0,12.0,4.0,0.0,0.0,2.0,0.0,2.0,1.0,0.0,0.0,0.0,28.0,11.0,8.0,0.0,0.0,2.0,0.0,2.0,0.0,0.0,27.0,12.0,4.0,0.0,0.0,2.0,0.0,2.0,2.0,0.0,32.0,12.0,4.0,0.0,0.0,0.0,0.0,2.0,1.0,1.0,34.0,9.0,5.0,0.0,0.0,2.0,0.0,2.0,1.0,0.0,0.0,26.0,12.0,3.0,0.0,0.0,4.0,0.0,4.0,21.0,9.0,5.0,0.0,0.0,2.0,0.0,2.0,0.0,0.0,24.0,5.0,4.0,0.0,0.0,1.0,0.0,1.0,1.0,0.0,18.0,8.0,4.0,0.0,0.0,1.0,1.0,0.0,1.0,1.0,1.0,8.0,1.0,4.0,3.0,3.0,0.0,0.0,1.0,0.0,0.0,13.0,0.0,7.0,1.0,0.0,6.0,0.0,0.0,0.0,2.0,1.0,0.0,0.0,0.0,0.0,0.0,2.0,0.0,2.0,2.0,2.0,4.0,1.0,4.0,3.0,1.0,0.0,0.0,2.0,0.0,2.0,0.0,3.0,3.0,0.0,2.0,0.0,1.0,2.0,17.0,3.0,2.0,11.0,17.0,17.0,10.0,20.0
CHEMBL480979,IC50,630.96,21.0,8.0,3.0,0.0,0.0,1.0,0.0,29.0,10.0,4.0,0.0,0.0,2.0,0.0,2.0,1.0,0.0,0.0,0.0,24.0,10.0,8.0,0.0,0.0,2.0,0.0,2.0,0.0,0.0,24.0,12.0,4.0,0.0,0.0,2.0,0.0,2.0,2.0,0.0,27.0,12.0,4.0,0.0,0.0,0.0,0.0,2.0,1.0,1.0,28.0,9.0,5.0,0.0,0.0,2.0,0.0,2.0,1.0,0.0,0.0,20.0,12.0,3.0,0.0,0.0,4.0,0.0,4.0,19.0,7.0,3.0,0.0,0.0,2.0,0.0,2.0,0.0,0.0,22.0,4.0,3.0,0.0,0.0,1.0,0.0,1.0,1.0,0.0,15.0,6.0,4.0,0.0,0.0,1.0,1.0,0.0,1.0,1.0,1.0,3.0,1.0,0.0,0.0,5.0,0.0,0.0,1.0,0.0,0.0,10.0,0.0,3.0,1.0,0.0,3.0,0.0,0.0,0.0,0.0,0.0,0.0,0.0,0.0,0.0,0.0,0.0,0.0,0.0,2.0,0.0,0.0,1.0,4.0,3.0,1.0,0.0,0.0,2.0,0.0,2.0,0.0,3.0,0.0,0.0,2.0,0.0,1.0,2.0,17.0,2.0,2.0,11.0,13.0,13.0,10.0,20.0
CHEMBL513491,IC50,12.59,20.0,2.0,4.0,0.0,1.0,3.0,0.0,24.0,4.0,5.0,0.0,2.0,4.0,0.0,6.0,0.0,0.0,0.0,0.0,22.0,2.0,7.0,0.0,2.0,5.0,0.0,7.0,2.0,0.0,18.0,2.0,8.0,0.0,1.0,3.0,0.0,4.0,0.0,0.0,20.0,2.0,6.0,0.0,1.0,2.0,3.0,1.0,0.0,1.0,23.0,2.0,4.0,0.0,0.0,4.0,0.0,4.0,0.0,1.0,1.0,21.0,1.0,6.0,0.0,1.0,6.0,0.0,7.0,15.0,2.0,4.0,0.0,2.0,6.0,0.0,8.0,0.0,0.0,10.0,2.0,4.0,0.0,3.0,3.0,0.0,6.0,0.0,2.0,9.0,1.0,2.0,0.0,2.0,3.0,5.0,0.0,0.0,0.0,0.0,2.0,0.0,0.0,0.0,0.0,0.0,0.0,2.0,1.0,0.0,3.0,0.0,0.0,0.0,0.0,0.0,0.0,0.0,0.0,0.0,0.0,0.0,0.0,0.0,0.0,0.0,0.0,0.0,0.0,0.0,0.0,0.0,0.0,0.0,0.0,2.0,1.0,1.0,0.0,0.0,3.0,1.0,0.0,1.0,0.0,1.0,1.0,1.0,1.0,18.0,1.0,2.0,6.0,4.0,4.0,6.0,18.0
CHEMBL255675,IC50,6.31,16.0,5.0,2.0,2.0,0.0,1.0,0.0,25.0,5.0,2.0,1.0,0.0,2.0,0.0,2.0,0.0,0.0,0.0,0.0,19.0,7.0,2.0,3.0,0.0,2.0,0.0,2.0,2.0,0.0,19.0,6.0,2.0,3.0,0.0,1.0,0.0,1.0,0.0,0.0,21.0,4.0,0.0,3.0,0.0,3.0,3.0,2.0,0.0,0.0,19.0,5.0,4.0,2.0,0.0,1.0,0.0,1.0,0.0,0.0,0.0,17.0,1.0,6.0,1.0,0.0,3.0,0.0,3.0,7.0,3.0,6.0,3.0,0.0,2.0,0.0,2.0,0.0,0.0,7.0,0.0,4.0,0.0,0.0,3.0,0.0,3.0,0.0,2.0,3.0,0.0,2.0,0.0,0.0,0.0,0.0,0.0,0.0,0.0,0.0,2.0,0.0,1.0,0.0,3.0,0.0,0.0,1.0,0.0,0.0,7.0,0.0,5.0,4.0,0.0,7.0,3.0,0.0,0.0,3.0,0.0,0.0,0.0,0.0,0.0,0.0,0.0,0.0,0.0,0.0,0.0,0.0,0.0,0.0,0.0,1.0,0.0,0.0,0.0,0.0,2.0,0.0,3.0,2.0,0.0,0.0,0.0,1.0,3.0,14.0,3.0,2.0,9.0,6.0,6.0,4.0,14.0
CHEMBL233545,IC50,31.62,21.0,6.0,4.0,1.0,0.0,1.0,2.0,26.0,9.0,5.0,4.0,0.0,2.0,0.0,2.0,5.0,0.0,0.0,0.0,23.0,10.0,11.0,5.0,0.0,3.0,0.0,3.0,1.0,0.0,19.0,10.0,14.0,4.0,0.0,1.0,0.0,1.0,0.0,0.0,23.0,9.0,13.0,3.0,0.0,1.0,1.0,3.0,0.0,0.0,23.0,15.0,13.0,0.0,0.0,2.0,0.0,2.0,2.0,0.0,2.0,23.0,14.0,3.0,1.0,0.0,2.0,0.0,2.0,17.0,12.0,5.0,2.0,0.0,3.0,0.0,3.0,0.0,0.0,19.0,7.0,6.0,2.0,0.0,1.0,0.0,1.0,0.0,0.0,23.0,2.0,4.0,1.0,0.0,2.0,2.0,0.0,0.0,0.0,0.0,1.0,0.0,0.0,0.0,3.0,0.0,0.0,0.0,0.0,0.0,4.0,0.0,0.0,0.0,0.0,0.0,0.0,0.0,0.0,0.0,0.0,0.0,0.0,0.0,0.0,0.0,0.0,0.0,0.0,0.0,0.0,0.0,0.0,1.0,0.0,1.0,0.0,0.0,2.0,2.0,3.0,0.0,2.0,0.0,0.0,0.0,0.0,2.0,3.0,23.0,3.0,4.0,11.0,7.0,7.0,8.0,23.0
CHEMBL256560,IC50,25.12,20.0,5.0,5.0,0.0,0.0,1.0,0.0,25.0,8.0,4.0,0.0,0.0,2.0,0.0,2.0,2.0,0.0,0.0,0.0,20.0,7.0,10.0,0.0,0.0,2.0,0.0,2.0,0.0,0.0,18.0,8.0,6.0,0.0,0.0,2.0,0.0,2.0,3.0,0.0,22.0,8.0,6.0,0.0,0.0,0.0,0.0,3.0,1.0,1.0,25.0,7.0,7.0,0.0,0.0,2.0,0.0,2.0,0.0,0.0,0.0,24.0,8.0,2.0,0.0,0.0,4.0,0.0,4.0,17.0,8.0,5.0,0.0,0.0,2.0,0.0,2.0,0.0,0.0,18.0,4.0,4.0,0.0,0.0,3.0,0.0,3.0,2.0,0.0,14.0,3.0,5.0,0.0,0.0,1.0,1.0,0.0,2.0,2.0,1.0,3.0,1.0,0.0,0.0,3.0,0.0,0.0,1.0,0.0,0.0,8.0,0.0,3.0,1.0,0.0,3.0,0.0,0.0,0.0,0.0,0.0,0.0,0.0,0.0,0.0,0.0,0.0,0.0,0.0,2.0,0.0,0.0,1.0,1.0,0.0,3.0,0.0,0.0,1.0,0.0,3.0,1.0,3.0,0.0,0.0,0.0,0.0,1.0,2.0,17.0,2.0,0.0,10.0,11.0,11.0,10.0,19.0
CHEMBL254150,IC50,10.0,22.0,5.0,3.0,0.0,0.0,1.0,0.0,28.0,9.0,4.0,0.0,0.0,2.0,0.0,2.0,1.0,0.0,0.0,0.0,23.0,7.0,7.0,0.0,0.0,2.0,0.0,2.0,0.0,0.0,17.0,11.0,7.0,0.0,0.0,2.0,0.0,2.0,2.0,0.0,25.0,7.0,3.0,0.0,0.0,0.0,0.0,2.0,1.0,1.0,27.0,9.0,5.0,0.0,0.0,2.0,0.0,2.0,0.0,0.0,0.0,25.0,8.0,1.0,0.0,0.0,4.0,0.0,4.0,21.0,6.0,3.0,0.0,0.0,2.0,0.0,2.0,0.0,0.0,18.0,4.0,3.0,0.0,0.0,3.0,0.0,3.0,1.0,0.0,18.0,3.0,3.0,0.0,0.0,2.0,2.0,0.0,1.0,1.0,0.0,3.0,0.0,0.0,0.0,4.0,0.0,0.0,1.0,0.0,0.0,9.0,0.0,5.0,4.0,0.0,7.0,3.0,0.0,0.0,3.0,0.0,0.0,0.0,0.0,0.0,0.0,3.0,0.0,1.0,0.0,1.0,0.0,0.0,1.0,0.0,1.0,0.0,0.0,1.0,0.0,2.0,1.0,4.0,1.0,0.0,0.0,0.0,1.0,2.0,17.0,2.0,0.0,8.0,12.0,12.0,9.0,19.0
CHEMBL414978,IC50,2.512,30.0,3.0,4.0,0.0,2.0,3.0,0.0,40.0,6.0,5.0,0.0,4.0,0.0,2.0,6.0,0.0,0.0,0.0,0.0,42.0,4.0,9.0,0.0,5.0,0.0,2.0,7.0,0.0,0.0,39.0,5.0,10.0,0.0,2.0,0.0,2.0,4.0,1.0,0.0,41.0,4.0,10.0,0.0,2.0,0.0,3.0,2.0,1.0,1.0,45.0,2.0,9.0,0.0,2.0,0.0,4.0,6.0,0.0,1.0,1.0,41.0,2.0,10.0,0.0,4.0,0.0,4.0,8.0,34.0,2.0,7.0,0.0,4.0,0.0,4.0,8.0,0.0,0.0,28.0,1.0,6.0,0.0,6.0,0.0,5.0,11.0,2.0,0.0,22.0,0.0,5.0,0.0,5.0,0.0,8.0,0.0,0.0,2.0,0.0,1.0,0.0,0.0,0.0,1.0,1.0,1.0,2.0,2.0,1.0,3.0,0.0,0.0,0.0,0.0,0.0,0.0,0.0,0.0,0.0,0.0,0.0,0.0,0.0,0.0,0.0,0.0,0.0,0.0,0.0,0.0,0.0,0.0,0.0,0.0,2.0,2.0,2.0,0.0,0.0,3.0,2.0,1.0,0.0,0.0,3.0,2.0,0.0,1.0,27.0,1.0,2.0,7.0,4.0,4.0,4.0,28.0
CHEMBL269514,IC50,79.43,31.0,3.0,4.0,0.0,1.0,1.0,0.0,42.0,6.0,5.0,0.0,2.0,0.0,0.0,2.0,0.0,0.0,0.0,0.0,44.0,4.0,9.0,0.0,2.0,0.0,0.0,2.0,0.0,0.0,41.0,5.0,10.0,0.0,1.0,0.0,0.0,1.0,1.0,0.0,42.0,5.0,11.0,0.0,1.0,0.0,1.0,2.0,0.0,0.0,49.0,2.0,9.0,0.0,0.0,0.0,0.0,0.0,0.0,1.0,1.0,45.0,2.0,10.0,0.0,1.0,0.0,0.0,1.0,38.0,2.0,7.0,0.0,2.0,0.0,0.0,2.0,0.0,0.0,33.0,1.0,6.0,0.0,3.0,0.0,0.0,3.0,2.0,0.0,25.0,0.0,7.0,0.0,2.0,0.0,2.0,0.0,0.0,0.0,0.0,1.0,0.0,0.0,0.0,2.0,1.0,1.0,1.0,1.0,1.0,4.0,0.0,0.0,0.0,0.0,0.0,0.0,0.0,0.0,0.0,0.0,0.0,0.0,0.0,0.0,0.0,0.0,0.0,0.0,0.0,0.0,0.0,0.0,0.0,0.0,2.0,1.0,1.0,0.0,0.0,3.0,2.0,2.0,0.0,0.0,3.0,1.0,0.0,1.0,27.0,1.0,2.0,7.0,5.0,5.0,4.0,28.0
CHEMBL397226,IC50,25.12,30.0,3.0,4.0,0.0,2.0,2.0,0.0,40.0,6.0,5.0,0.0,4.0,0.0,0.0,4.0,0.0,0.0,0.0,0.0,42.0,4.0,9.0,0.0,4.0,0.0,0.0,4.0,0.0,0.0,39.0,5.0,10.0,0.0,3.0,0.0,0.0,3.0,1.0,0.0,41.0,4.0,10.0,0.0,2.0,0.0,2.0,2.0,1.0,1.0,45.0,2.0,9.0,0.0,4.0,0.0,0.0,4.0,0.0,1.0,1.0,41.0,2.0,10.0,0.0,5.0,0.0,0.0,5.0,34.0,2.0,7.0,0.0,6.0,0.0,0.0,6.0,0.0,0.0,28.0,1.0,6.0,0.0,8.0,0.0,0.0,8.0,2.0,0.0,22.0,0.0,5.0,0.0,5.0,0.0,5.0,0.0,0.0,2.0,0.0,1.0,0.0,0.0,0.0,1.0,1.0,1.0,1.0,2.0,1.0,3.0,0.0,0.0,0.0,0.0,0.0,0.0,0.0,0.0,0.0,0.0,0.0,0.0,0.0,0.0,0.0,0.0,0.0,0.0,0.0,0.0,0.0,0.0,0.0,0.0,2.0,2.0,2.0,0.0,0.0,3.0,2.0,1.0,0.0,0.0,3.0,2.0,0.0,1.0,27.0,1.0,2.0,7.0,4.0,4.0,4.0,28.0
CHEMBL231184,IC50,5.012,26.0,3.0,4.0,0.0,1.0,2.0,0.0,34.0,6.0,5.0,0.0,2.0,2.0,0.0,4.0,0.0,0.0,0.0,0.0,35.0,4.0,9.0,0.0,2.0,2.0,0.0,4.0,0.0,0.0,32.0,4.0,10.0,0.0,1.0,2.0,0.0,3.0,1.0,0.0,36.0,3.0,6.0,0.0,1.0,1.0,2.0,2.0,1.0,1.0,39.0,1.0,7.0,0.0,0.0,4.0,0.0,4.0,0.0,1.0,1.0,33.0,2.0,10.0,0.0,1.0,4.0,0.0,5.0,26.0,2.0,6.0,0.0,2.0,4.0,0.0,6.0,0.0,0.0,22.0,1.0,5.0,0.0,3.0,4.0,0.0,7.0,2.0,0.0,17.0,0.0,4.0,0.0,2.0,2.0,4.0,0.0,2.0,2.0,0.0,1.0,0.0,0.0,0.0,2.0,1.0,0.0,2.0,1.0,1.0,4.0,0.0,0.0,0.0,0.0,0.0,0.0,0.0,0.0,0.0,0.0,0.0,0.0,0.0,0.0,0.0,0.0,0.0,0.0,0.0,0.0,0.0,0.0,0.0,0.0,2.0,1.0,1.0,0.0,0.0,3.0,2.0,2.0,0.0,0.0,3.0,1.0,0.0,1.0,23.0,1.0,2.0,7.0,5.0,5.0,4.0,24.0
CHEMBL565799,IC50,360.0,27.0,4.0,1.0,3.0,1.0,3.0,2.0,37.0,6.0,3.0,4.0,2.0,3.0,0.0,5.0,3.0,0.0,0.0,0.0,34.0,8.0,5.0,3.0,2.0,3.0,0.0,5.0,0.0,3.0,33.0,7.0,8.0,2.0,3.0,0.0,0.0,3.0,0.0,2.0,31.0,5.0,5.0,2.0,3.0,0.0,3.0,0.0,3.0,4.0,30.0,4.0,6.0,3.0,2.0,2.0,0.0,4.0,1.0,0.0,0.0,29.0,5.0,8.0,3.0,1.0,2.0,0.0,3.0,28.0,3.0,6.0,6.0,2.0,2.0,0.0,4.0,0.0,0.0,27.0,3.0,10.0,4.0,3.0,2.0,0.0,5.0,0.0,2.0,20.0,4.0,6.0,6.0,3.0,4.0,7.0,0.0,0.0,0.0,0.0,1.0,0.0,0.0,0.0,1.0,0.0,1.0,1.0,1.0,0.0,5.0,0.0,1.0,0.0,1.0,0.0,0.0,0.0,0.0,0.0,0.0,0.0,0.0,0.0,0.0,0.0,0.0,0.0,0.0,0.0,1.0,0.0,0.0,1.0,0.0,0.0,1.0,1.0,1.0,2.0,3.0,0.0,1.0,0.0,0.0,1.0,1.0,0.0,2.0,24.0,2.0,7.0,8.0,7.0,7.0,7.0,28.0
CHEMBL256092,IC50,31.62,19.0,5.0,5.0,0.0,0.0,1.0,0.0,23.0,8.0,5.0,0.0,0.0,2.0,0.0,2.0,2.0,0.0,0.0,0.0,21.0,7.0,8.0,0.0,0.0,2.0,0.0,2.0,0.0,0.0,16.0,9.0,7.0,0.0,0.0,2.0,0.0,2.0,3.0,0.0,23.0,6.0,4.0,0.0,0.0,0.0,0.0,3.0,1.0,1.0,24.0,8.0,7.0,0.0,0.0,2.0,0.0,2.0,0.0,0.0,0.0,23.0,7.0,2.0,0.0,0.0,4.0,0.0,4.0,17.0,6.0,5.0,0.0,0.0,2.0,0.0,2.0,0.0,0.0,15.0,4.0,4.0,0.0,0.0,3.0,0.0,3.0,2.0,0.0,14.0,3.0,5.0,0.0,0.0,1.0,1.0,0.0,2.0,2.0,1.0,2.0,0.0,0.0,0.0,3.0,0.0,0.0,1.0,0.0,0.0,7.0,0.0,2.0,0.0,0.0,1.0,0.0,0.0,0.0,0.0,0.0,0.0,0.0,0.0,0.0,0.0,0.0,0.0,0.0,0.0,0.0,0.0,2.0,1.0,0.0,3.0,0.0,0.0,1.0,0.0,3.0,1.0,3.0,0.0,0.0,0.0,0.0,1.0,2.0,17.0,2.0,0.0,10.0,10.0,10.0,9.0,19.0
CHEMBL258171,IC50,100.0,18.0,5.0,3.0,0.0,0.0,1.0,0.0,22.0,9.0,4.0,0.0,0.0,2.0,0.0,2.0,1.0,0.0,0.0,0.0,20.0,6.0,7.0,0.0,0.0,2.0,0.0,2.0,1.0,0.0,17.0,6.0,4.0,0.0,0.0,2.0,0.0,2.0,2.0,0.0,20.0,7.0,4.0,0.0,0.0,0.0,0.0,1.0,1.0,1.0,24.0,4.0,4.0,0.0,0.0,2.0,0.0,2.0,0.0,0.0,0.0,20.0,5.0,3.0,0.0,0.0,4.0,0.0,4.0,14.0,6.0,2.0,0.0,0.0,3.0,0.0,3.0,0.0,0.0,12.0,5.0,3.0,0.0,0.0,2.0,0.0,2.0,0.0,1.0,11.0,2.0,1.0,0.0,0.0,2.0,2.0,0.0,0.0,0.0,0.0,2.0,0.0,0.0,0.0,2.0,0.0,0.0,1.0,0.0,0.0,5.0,0.0,0.0,0.0,0.0,0.0,0.0,0.0,0.0,0.0,0.0,0.0,0.0,0.0,0.0,0.0,0.0,0.0,0.0,0.0,0.0,0.0,0.0,2.0,1.0,1.0,0.0,0.0,1.0,0.0,2.0,1.0,1.0,0.0,0.0,1.0,0.0,1.0,2.0,17.0,2.0,2.0,8.0,7.0,7.0,7.0,18.0
CHEMBL426913,IC50,1.995,26.0,4.0,4.0,0.0,0.0,1.0,0.0,34.0,8.0,5.0,0.0,0.0,2.0,0.0,2.0,0.0,0.0,0.0,0.0,35.0,7.0,9.0,0.0,0.0,2.0,0.0,2.0,0.0,0.0,32.0,6.0,10.0,0.0,0.0,2.0,0.0,2.0,1.0,0.0,36.0,5.0,6.0,0.0,0.0,1.0,1.0,4.0,1.0,1.0,39.0,5.0,7.0,0.0,0.0,4.0,0.0,4.0,0.0,0.0,0.0,33.0,4.0,10.0,0.0,0.0,4.0,0.0,4.0,26.0,4.0,6.0,0.0,0.0,4.0,0.0,4.0,0.0,0.0,22.0,3.0,5.0,0.0,0.0,4.0,0.0,4.0,2.0,0.0,17.0,1.0,4.0,0.0,0.0,2.0,2.0,0.0,2.0,2.0,0.0,1.0,0.0,0.0,0.0,2.0,1.0,0.0,1.0,0.0,1.0,4.0,0.0,0.0,0.0,0.0,0.0,0.0,0.0,0.0,0.0,0.0,0.0,0.0,0.0,0.0,0.0,0.0,0.0,0.0,0.0,0.0,0.0,0.0,0.0,0.0,2.0,0.0,0.0,1.0,0.0,3.0,2.0,2.0,0.0,0.0,3.0,0.0,0.0,1.0,23.0,1.0,2.0,8.0,6.0,6.0,4.0,24.0
CHEMBL215690,IC50,457.09,17.0,3.0,4.0,0.0,0.0,2.0,0.0,20.0,7.0,5.0,0.0,0.0,0.0,4.0,4.0,0.0,0.0,0.0,0.0,17.0,4.0,7.0,0.0,0.0,0.0,3.0,3.0,2.0,0.0,14.0,4.0,5.0,0.0,0.0,0.0,3.0,3.0,3.0,0.0,17.0,4.0,4.0,0.0,0.0,0.0,1.0,1.0,1.0,1.0,20.0,3.0,4.0,0.0,0.0,0.0,4.0,4.0,0.0,0.0,0.0,17.0,3.0,5.0,0.0,0.0,0.0,5.0,5.0,11.0,4.0,4.0,0.0,0.0,0.0,5.0,5.0,0.0,0.0,8.0,3.0,4.0,0.0,0.0,0.0,3.0,3.0,0.0,2.0,7.0,1.0,2.0,0.0,0.0,0.0,3.0,0.0,0.0,0.0,0.0,2.0,0.0,0.0,0.0,0.0,1.0,0.0,1.0,0.0,1.0,3.0,0.0,0.0,0.0,0.0,0.0,0.0,0.0,0.0,0.0,0.0,0.0,0.0,0.0,0.0,0.0,0.0,0.0,0.0,0.0,0.0,0.0,0.0,0.0,0.0,2.0,0.0,0.0,0.0,0.0,3.0,1.0,0.0,0.0,0.0,1.0,0.0,1.0,2.0,17.0,2.0,2.0,7.0,5.0,5.0,6.0,17.0
CHEMBL402608,IC50,50.12,16.0,3.0,2.0,2.0,0.0,1.0,0.0,22.0,4.0,2.0,3.0,0.0,2.0,0.0,2.0,0.0,0.0,0.0,0.0,20.0,5.0,2.0,2.0,0.0,2.0,0.0,2.0,0.0,2.0,21.0,3.0,4.0,3.0,0.0,1.0,0.0,1.0,0.0,0.0,20.0,2.0,0.0,3.0,0.0,3.0,3.0,2.0,0.0,0.0,18.0,0.0,4.0,2.0,0.0,2.0,0.0,2.0,0.0,0.0,0.0,11.0,0.0,6.0,2.0,0.0,3.0,0.0,3.0,6.0,0.0,6.0,0.0,0.0,3.0,0.0,3.0,0.0,0.0,2.0,0.0,4.0,0.0,0.0,0.0,0.0,0.0,0.0,2.0,0.0,0.0,4.0,0.0,0.0,0.0,0.0,0.0,0.0,0.0,1.0,1.0,1.0,0.0,0.0,2.0,0.0,0.0,1.0,0.0,0.0,5.0,0.0,3.0,1.0,0.0,3.0,0.0,0.0,0.0,0.0,0.0,0.0,0.0,0.0,0.0,0.0,0.0,0.0,0.0,0.0,0.0,0.0,0.0,0.0,0.0,1.0,0.0,0.0,0.0,0.0,2.0,0.0,2.0,1.0,0.0,1.0,0.0,0.0,2.0,14.0,2.0,2.0,7.0,4.0,4.0,3.0,15.0
CHEMBL401698,IC50,100.0,14.0,5.0,2.0,2.0,0.0,1.0,0.0,21.0,4.0,2.0,2.0,0.0,2.0,0.0,2.0,0.0,0.0,0.0,0.0,17.0,8.0,2.0,2.0,0.0,2.0,0.0,2.0,0.0,2.0,18.0,6.0,2.0,3.0,0.0,1.0,0.0,1.0,2.0,0.0,17.0,5.0,0.0,3.0,0.0,3.0,3.0,2.0,0.0,0.0,16.0,2.0,4.0,2.0,0.0,1.0,0.0,1.0,0.0,0.0,0.0,9.0,2.0,6.0,2.0,0.0,3.0,0.0,3.0,6.0,0.0,6.0,0.0,0.0,3.0,0.0,3.0,0.0,0.0,2.0,0.0,4.0,0.0,0.0,0.0,0.0,0.0,0.0,2.0,0.0,0.0,4.0,0.0,0.0,0.0,0.0,0.0,0.0,0.0,1.0,1.0,1.0,0.0,0.0,2.0,0.0,0.0,1.0,0.0,0.0,5.0,0.0,3.0,1.0,0.0,3.0,0.0,0.0,0.0,0.0,0.0,0.0,0.0,0.0,0.0,0.0,0.0,0.0,0.0,0.0,0.0,0.0,0.0,0.0,0.0,1.0,0.0,0.0,0.0,0.0,2.0,0.0,2.0,1.0,0.0,0.0,0.0,1.0,3.0,14.0,3.0,2.0,9.0,4.0,4.0,3.0,14.0
CHEMBL256334,IC50,39.81,14.0,5.0,2.0,2.0,0.0,1.0,0.0,21.0,5.0,2.0,1.0,0.0,2.0,0.0,2.0,0.0,0.0,0.0,0.0,17.0,7.0,2.0,3.0,0.0,2.0,0.0,2.0,2.0,0.0,18.0,6.0,2.0,3.0,0.0,2.0,0.0,2.0,0.0,0.0,17.0,5.0,0.0,3.0,0.0,2.0,2.0,2.0,1.0,0.0,16.0,2.0,4.0,2.0,0.0,2.0,0.0,2.0,0.0,0.0,0.0,9.0,2.0,6.0,2.0,0.0,2.0,0.0,2.0,6.0,0.0,6.0,0.0,0.0,2.0,0.0,2.0,0.0,0.0,2.0,0.0,4.0,0.0,0.0,1.0,0.0,1.0,0.0,0.0,0.0,0.0,4.0,0.0,0.0,0.0,0.0,0.0,2.0,2.0,1.0,1.0,1.0,0.0,0.0,2.0,0.0,0.0,1.0,0.0,0.0,5.0,0.0,3.0,1.0,0.0,3.0,0.0,0.0,0.0,0.0,0.0,0.0,0.0,0.0,0.0,0.0,0.0,0.0,0.0,0.0,0.0,0.0,0.0,0.0,0.0,1.0,0.0,0.0,0.0,0.0,2.0,0.0,2.0,1.0,0.0,0.0,0.0,1.0,3.0,14.0,3.0,2.0,9.0,4.0,4.0,3.0,14.0
CHEMBL1915018,IC50,125.89,15.0,6.0,2.0,0.0,0.0,1.0,0.0,20.0,12.0,2.0,0.0,0.0,2.0,0.0,2.0,0.0,0.0,0.0,0.0,21.0,8.0,2.0,0.0,0.0,1.0,0.0,1.0,2.0,0.0,18.0,6.0,2.0,0.0,0.0,3.0,0.0,3.0,2.0,0.0,16.0,6.0,4.0,0.0,0.0,2.0,2.0,0.0,1.0,0.0,17.0,7.0,2.0,0.0,0.0,2.0,0.0,2.0,0.0,0.0,0.0,12.0,4.0,4.0,0.0,0.0,5.0,0.0,5.0,8.0,2.0,4.0,0.0,0.0,1.0,0.0,1.0,0.0,0.0,7.0,0.0,6.0,0.0,0.0,0.0,0.0,0.0,0.0,2.0,2.0,0.0,2.0,0.0,0.0,0.0,0.0,0.0,0.0,0.0,1.0,1.0,0.0,0.0,0.0,3.0,1.0,0.0,0.0,0.0,1.0,6.0,0.0,2.0,0.0,0.0,1.0,0.0,0.0,0.0,0.0,0.0,0.0,0.0,0.0,0.0,0.0,0.0,0.0,0.0,0.0,0.0,0.0,0.0,0.0,0.0,1.0,0.0,0.0,0.0,0.0,2.0,0.0,3.0,0.0,0.0,1.0,0.0,1.0,3.0,14.0,3.0,2.0,8.0,7.0,7.0,4.0,15.0
CHEMBL1915019,IC50,501.19,13.0,8.0,2.0,0.0,0.0,1.0,0.0,17.0,14.0,2.0,0.0,0.0,2.0,0.0,2.0,0.0,0.0,0.0,0.0,16.0,13.0,2.0,0.0,0.0,1.0,0.0,1.0,2.0,0.0,17.0,6.0,2.0,0.0,0.0,3.0,0.0,3.0,2.0,0.0,15.0,6.0,4.0,0.0,0.0,1.0,1.0,0.0,2.0,0.0,14.0,10.0,2.0,0.0,0.0,2.0,0.0,2.0,0.0,0.0,0.0,11.0,5.0,4.0,0.0,0.0,5.0,0.0,5.0,8.0,2.0,2.0,0.0,0.0,1.0,0.0,1.0,0.0,0.0,7.0,0.0,6.0,0.0,0.0,0.0,0.0,0.0,0.0,2.0,2.0,0.0,2.0,0.0,0.0,0.0,0.0,0.0,0.0,0.0,1.0,1.0,0.0,0.0,0.0,3.0,1.0,0.0,0.0,0.0,1.0,6.0,0.0,2.0,0.0,0.0,1.0,0.0,0.0,0.0,0.0,0.0,0.0,0.0,0.0,0.0,0.0,0.0,0.0,0.0,0.0,0.0,0.0,0.0,0.0,0.0,1.0,0.0,0.0,0.0,0.0,2.0,0.0,3.0,0.0,0.0,1.0,0.0,2.0,4.0,14.0,4.0,2.0,10.0,7.0,7.0,4.0,14.0
CHEMBL1915245,IC50,50.12,22.0,7.0,2.0,0.0,0.0,1.0,0.0,28.0,14.0,4.0,0.0,0.0,2.0,0.0,2.0,0.0,0.0,0.0,0.0,26.0,11.0,5.0,0.0,0.0,2.0,0.0,2.0,0.0,0.0,25.0,10.0,1.0,0.0,0.0,3.0,0.0,3.0,1.0,0.0,22.0,13.0,1.0,0.0,0.0,1.0,1.0,1.0,1.0,1.0,25.0,10.0,3.0,0.0,0.0,2.0,0.0,2.0,0.0,0.0,0.0,20.0,9.0,1.0,0.0,0.0,5.0,0.0,5.0,18.0,6.0,0.0,0.0,0.0,1.0,0.0,1.0,0.0,0.0,17.0,6.0,2.0,0.0,0.0,0.0,0.0,0.0,0.0,0.0,16.0,2.0,2.0,0.0,0.0,2.0,2.0,0.0,0.0,0.0,1.0,1.0,0.0,0.0,0.0,3.0,0.0,1.0,0.0,0.0,0.0,5.0,0.0,2.0,0.0,0.0,1.0,0.0,0.0,0.0,0.0,0.0,0.0,0.0,0.0,0.0,0.0,0.0,0.0,0.0,0.0,0.0,0.0,0.0,0.0,0.0,0.0,0.0,0.0,0.0,0.0,0.0,0.0,3.0,0.0,0.0,0.0,0.0,2.0,5.0,23.0,5.0,0.0,9.0,8.0,8.0,3.0,21.0
CHEMBL1915248,IC50,316.23,22.0,5.0,5.0,0.0,0.0,1.0,0.0,28.0,11.0,7.0,0.0,0.0,2.0,0.0,2.0,1.0,0.0,0.0,0.0,27.0,8.0,9.0,0.0,0.0,2.0,0.0,2.0,1.0,0.0,26.0,7.0,5.0,0.0,0.0,3.0,0.0,3.0,2.0,0.0,23.0,10.0,5.0,0.0,0.0,1.0,1.0,2.0,1.0,1.0,24.0,10.0,6.0,0.0,0.0,2.0,0.0,2.0,0.0,0.0,0.0,21.0,8.0,4.0,0.0,0.0,5.0,0.0,5.0,18.0,5.0,4.0,0.0,0.0,1.0,0.0,1.0,0.0,0.0,18.0,4.0,5.0,0.0,0.0,0.0,0.0,0.0,0.0,1.0,15.0,2.0,5.0,0.0,0.0,1.0,1.0,0.0,0.0,0.0,3.0,5.0,4.0,2.0,0.0,4.0,0.0,0.0,0.0,0.0,0.0,13.0,0.0,8.0,0.0,0.0,7.0,0.0,0.0,0.0,6.0,6.0,1.0,0.0,0.0,1.0,2.0,2.0,2.0,2.0,2.0,2.0,2.0,2.0,2.0,1.0,2.0,0.0,0.0,1.0,0.0,2.0,0.0,3.0,4.0,0.0,1.0,0.0,1.0,3.0,14.0,3.0,2.0,10.0,16.0,16.0,7.0,17.0
CHEMBL521777,IC50,1370.0,23.0,4.0,3.0,1.0,4.0,5.0,2.0,29.0,5.0,7.0,3.0,8.0,2.0,0.0,10.0,3.0,0.0,0.0,0.0,26.0,6.0,12.0,3.0,8.0,2.0,0.0,10.0,0.0,1.0,24.0,5.0,12.0,2.0,4.0,1.0,0.0,5.0,1.0,2.0,26.0,5.0,10.0,1.0,2.0,0.0,2.0,0.0,1.0,3.0,26.0,4.0,7.0,2.0,4.0,1.0,0.0,5.0,1.0,3.0,3.0,22.0,5.0,8.0,2.0,6.0,2.0,0.0,8.0,18.0,4.0,6.0,3.0,6.0,3.0,0.0,9.0,1.0,1.0,16.0,4.0,9.0,2.0,6.0,3.0,0.0,9.0,2.0,0.0,15.0,4.0,8.0,2.0,6.0,2.0,8.0,0.0,0.0,0.0,0.0,0.0,0.0,0.0,0.0,1.0,0.0,0.0,1.0,4.0,0.0,4.0,0.0,1.0,0.0,1.0,0.0,0.0,0.0,0.0,0.0,0.0,0.0,0.0,0.0,0.0,0.0,0.0,0.0,0.0,0.0,1.0,0.0,0.0,1.0,0.0,0.0,4.0,4.0,1.0,2.0,4.0,0.0,0.0,0.0,0.0,1.0,4.0,0.0,1.0,21.0,1.0,7.0,8.0,5.0,5.0,7.0,26.0
CHEMBL257413,IC50,158.49,15.0,5.0,2.0,2.0,0.0,1.0,0.0,22.0,5.0,2.0,1.0,0.0,2.0,0.0,2.0,0.0,0.0,0.0,0.0,18.0,8.0,2.0,3.0,0.0,2.0,0.0,2.0,0.0,0.0,19.0,6.0,2.0,4.0,0.0,1.0,0.0,1.0,2.0,0.0,17.0,6.0,2.0,3.0,0.0,3.0,3.0,0.0,0.0,0.0,18.0,2.0,0.0,2.0,0.0,1.0,0.0,1.0,2.0,0.0,0.0,12.0,2.0,4.0,2.0,0.0,3.0,0.0,3.0,9.0,0.0,6.0,0.0,0.0,3.0,0.0,3.0,0.0,0.0,4.0,0.0,6.0,0.0,0.0,1.0,0.0,1.0,0.0,0.0,2.0,0.0,4.0,0.0,0.0,0.0,0.0,0.0,2.0,2.0,1.0,2.0,1.0,0.0,0.0,2.0,0.0,0.0,1.0,0.0,0.0,6.0,0.0,4.0,1.0,0.0,3.0,0.0,0.0,0.0,0.0,0.0,0.0,0.0,0.0,0.0,0.0,0.0,0.0,0.0,0.0,0.0,0.0,1.0,0.0,0.0,1.0,0.0,0.0,0.0,0.0,2.0,0.0,2.0,2.0,0.0,0.0,0.0,1.0,3.0,14.0,3.0,0.0,9.0,6.0,6.0,4.0,14.0
CHEMBL492829,IC50,39.81,25.0,8.0,3.0,0.0,0.0,1.0,0.0,32.0,12.0,4.0,0.0,0.0,2.0,0.0,2.0,1.0,0.0,0.0,0.0,28.0,11.0,8.0,0.0,0.0,2.0,0.0,2.0,0.0,0.0,26.0,12.0,4.0,0.0,0.0,2.0,0.0,2.0,2.0,0.0,33.0,10.0,3.0,0.0,0.0,0.0,0.0,2.0,1.0,1.0,31.0,11.0,6.0,0.0,0.0,2.0,0.0,2.0,0.0,0.0,0.0,26.0,8.0,1.0,0.0,0.0,4.0,0.0,4.0,20.0,9.0,5.0,0.0,0.0,2.0,0.0,2.0,0.0,0.0,22.0,5.0,5.0,0.0,0.0,1.0,0.0,1.0,1.0,0.0,18.0,6.0,5.0,0.0,0.0,1.0,1.0,0.0,1.0,1.0,1.0,8.0,1.0,4.0,3.0,3.0,0.0,0.0,1.0,0.0,0.0,13.0,0.0,7.0,1.0,0.0,6.0,0.0,0.0,0.0,2.0,1.0,0.0,0.0,0.0,0.0,0.0,2.0,0.0,2.0,2.0,2.0,4.0,1.0,4.0,3.0,1.0,0.0,0.0,2.0,0.0,2.0,0.0,3.0,3.0,0.0,2.0,0.0,1.0,2.0,17.0,3.0,2.0,11.0,17.0,17.0,10.0,20.0
CHEMBL404239,IC50,316.23,22.0,0.0,4.0,0.0,0.0,1.0,0.0,28.0,0.0,5.0,0.0,0.0,2.0,0.0,2.0,0.0,0.0,0.0,0.0,24.0,0.0,9.0,0.0,0.0,2.0,0.0,2.0,0.0,0.0,20.0,0.0,8.0,0.0,0.0,2.0,0.0,2.0,0.0,0.0,22.0,0.0,7.0,0.0,0.0,1.0,1.0,0.0,0.0,1.0,25.0,0.0,4.0,0.0,0.0,3.0,0.0,3.0,0.0,0.0,0.0,22.0,0.0,6.0,0.0,0.0,3.0,0.0,3.0,17.0,0.0,4.0,0.0,0.0,4.0,0.0,4.0,0.0,0.0,12.0,0.0,4.0,0.0,0.0,2.0,0.0,2.0,0.0,2.0,10.0,0.0,2.0,0.0,0.0,1.0,1.0,0.0,0.0,0.0,0.0,2.0,0.0,0.0,0.0,0.0,0.0,0.0,1.0,0.0,0.0,3.0,0.0,0.0,0.0,0.0,0.0,0.0,0.0,0.0,0.0,0.0,0.0,0.0,0.0,0.0,0.0,0.0,0.0,0.0,0.0,0.0,0.0,0.0,0.0,0.0,2.0,0.0,0.0,0.0,0.0,3.0,2.0,0.0,1.0,0.0,2.0,0.0,0.0,0.0,18.0,0.0,2.0,4.0,4.0,4.0,6.0,19.0
CHEMBL258057,IC50,25.12,17.0,2.0,4.0,2.0,0.0,1.0,0.0,21.0,3.0,5.0,2.0,0.0,2.0,0.0,2.0,0.0,0.0,0.0,0.0,19.0,1.0,5.0,1.0,0.0,2.0,0.0,2.0,2.0,2.0,15.0,2.0,8.0,1.0,0.0,2.0,0.0,2.0,0.0,0.0,17.0,2.0,4.0,2.0,0.0,1.0,1.0,1.0,0.0,1.0,19.0,2.0,3.0,2.0,0.0,2.0,0.0,2.0,0.0,0.0,0.0,17.0,1.0,5.0,2.0,0.0,2.0,0.0,2.0,12.0,2.0,4.0,1.0,0.0,3.0,0.0,3.0,0.0,0.0,7.0,2.0,4.0,2.0,0.0,2.0,0.0,2.0,0.0,2.0,5.0,1.0,2.0,2.0,0.0,1.0,1.0,0.0,0.0,0.0,0.0,2.0,0.0,0.0,0.0,0.0,0.0,0.0,1.0,0.0,0.0,3.0,0.0,0.0,0.0,0.0,0.0,0.0,0.0,0.0,0.0,0.0,0.0,0.0,0.0,0.0,0.0,0.0,0.0,0.0,0.0,0.0,0.0,0.0,0.0,0.0,2.0,0.0,0.0,0.0,0.0,3.0,1.0,0.0,1.0,0.0,0.0,0.0,1.0,2.0,17.0,2.0,2.0,8.0,4.0,4.0,6.0,16.0
CHEMBL1915013,IC50,50.12,17.0,3.0,4.0,0.0,0.0,1.0,0.0,19.0,8.0,6.0,0.0,0.0,2.0,0.0,2.0,0.0,0.0,0.0,0.0,19.0,5.0,7.0,0.0,0.0,2.0,0.0,2.0,2.0,0.0,19.0,4.0,3.0,0.0,0.0,3.0,0.0,3.0,3.0,0.0,16.0,5.0,5.0,0.0,0.0,1.0,1.0,1.0,1.0,1.0,17.0,4.0,5.0,0.0,0.0,2.0,0.0,2.0,0.0,0.0,0.0,12.0,3.0,5.0,0.0,0.0,5.0,0.0,5.0,8.0,2.0,4.0,0.0,0.0,1.0,0.0,1.0,0.0,0.0,7.0,0.0,6.0,0.0,0.0,0.0,0.0,0.0,0.0,2.0,2.0,0.0,2.0,0.0,0.0,0.0,0.0,0.0,0.0,0.0,1.0,2.0,0.0,0.0,0.0,1.0,1.0,0.0,0.0,0.0,1.0,6.0,1.0,3.0,1.0,0.0,1.0,0.0,0.0,0.0,0.0,0.0,0.0,0.0,0.0,0.0,0.0,0.0,0.0,0.0,0.0,0.0,0.0,0.0,0.0,0.0,1.0,0.0,0.0,0.0,0.0,2.0,0.0,1.0,1.0,0.0,1.0,0.0,1.0,3.0,14.0,3.0,2.0,7.0,8.0,8.0,4.0,16.0
CHEMBL1915249,IC50,794.33,20.0,7.0,3.0,0.0,0.0,1.0,0.0,25.0,13.0,5.0,0.0,0.0,2.0,0.0,2.0,1.0,0.0,0.0,0.0,24.0,9.0,7.0,0.0,0.0,2.0,0.0,2.0,1.0,0.0,24.0,6.0,4.0,0.0,0.0,3.0,0.0,3.0,2.0,0.0,21.0,11.0,5.0,0.0,0.0,1.0,1.0,1.0,1.0,1.0,23.0,10.0,4.0,0.0,0.0,2.0,0.0,2.0,1.0,0.0,0.0,19.0,8.0,3.0,0.0,0.0,5.0,0.0,5.0,16.0,5.0,2.0,0.0,0.0,1.0,0.0,1.0,0.0,0.0,15.0,5.0,4.0,0.0,0.0,0.0,0.0,0.0,0.0,1.0,13.0,2.0,3.0,0.0,0.0,1.0,1.0,0.0,0.0,0.0,2.0,5.0,2.0,2.0,0.0,3.0,0.0,0.0,0.0,0.0,0.0,11.0,0.0,6.0,0.0,0.0,4.0,0.0,0.0,0.0,2.0,1.0,0.0,0.0,0.0,0.0,0.0,2.0,0.0,4.0,0.0,4.0,4.0,0.0,4.0,2.0,0.0,0.0,0.0,2.0,0.0,1.0,0.0,3.0,2.0,0.0,1.0,0.0,1.0,3.0,14.0,4.0,2.0,10.0,14.0,14.0,6.0,17.0
CHEMBL234945,IC50,1.585,25.0,4.0,4.0,1.0,1.0,2.0,2.0,32.0,9.0,7.0,1.0,2.0,2.0,0.0,4.0,2.0,0.0,0.0,0.0,33.0,6.0,11.0,2.0,2.0,2.0,0.0,4.0,0.0,0.0,33.0,6.0,12.0,2.0,1.0,2.0,0.0,3.0,1.0,0.0,38.0,4.0,10.0,2.0,1.0,1.0,2.0,4.0,1.0,1.0,39.0,6.0,11.0,2.0,0.0,4.0,0.0,4.0,2.0,1.0,1.0,31.0,4.0,16.0,4.0,1.0,4.0,0.0,5.0,28.0,4.0,14.0,2.0,2.0,4.0,0.0,6.0,0.0,0.0,22.0,3.0,8.0,2.0,3.0,4.0,0.0,7.0,2.0,0.0,17.0,1.0,9.0,2.0,2.0,1.0,3.0,2.0,2.0,2.0,0.0,1.0,0.0,0.0,0.0,2.0,1.0,0.0,1.0,1.0,1.0,4.0,0.0,0.0,0.0,0.0,0.0,0.0,0.0,0.0,0.0,0.0,0.0,0.0,0.0,0.0,0.0,0.0,0.0,0.0,0.0,0.0,0.0,0.0,0.0,0.0,2.0,1.0,1.0,1.0,2.0,5.0,2.0,1.0,0.0,0.0,2.0,1.0,0.0,1.0,23.0,1.0,2.0,9.0,7.0,7.0,6.0,26.0
CHEMBL234519,IC50,1.259,26.0,5.0,5.0,0.0,0.0,1.0,0.0,33.0,9.0,6.0,0.0,0.0,0.0,2.0,2.0,1.0,0.0,0.0,0.0,35.0,6.0,10.0,0.0,0.0,0.0,2.0,2.0,0.0,0.0,35.0,6.0,10.0,0.0,0.0,0.0,2.0,2.0,1.0,0.0,40.0,5.0,8.0,0.0,0.0,0.0,1.0,4.0,1.0,1.0,41.0,6.0,11.0,0.0,0.0,0.0,4.0,4.0,1.0,0.0,0.0,35.0,4.0,14.0,0.0,0.0,0.0,4.0,4.0,30.0,4.0,10.0,0.0,0.0,0.0,4.0,4.0,0.0,0.0,24.0,3.0,7.0,0.0,0.0,0.0,4.0,4.0,2.0,0.0,19.0,1.0,7.0,0.0,0.0,0.0,2.0,1.0,0.0,2.0,0.0,1.0,0.0,0.0,0.0,2.0,1.0,0.0,1.0,0.0,1.0,5.0,0.0,1.0,0.0,0.0,0.0,0.0,0.0,0.0,0.0,0.0,0.0,0.0,0.0,0.0,0.0,0.0,0.0,0.0,0.0,1.0,0.0,0.0,1.0,0.0,2.0,0.0,0.0,1.0,0.0,4.0,2.0,2.0,0.0,0.0,2.0,0.0,0.0,1.0,23.0,1.0,2.0,10.0,7.0,7.0,6.0,26.0
CHEMBL429259,IC50,10.0,26.0,3.0,4.0,0.0,5.0,6.0,0.0,34.0,6.0,5.0,0.0,7.0,2.0,0.0,9.0,0.0,3.0,3.0,3.0,34.0,4.0,9.0,0.0,11.0,2.0,0.0,13.0,0.0,0.0,33.0,5.0,8.0,0.0,8.0,2.0,0.0,10.0,1.0,0.0,38.0,2.0,8.0,0.0,8.0,1.0,9.0,2.0,4.0,1.0,41.0,1.0,7.0,0.0,8.0,4.0,0.0,12.0,0.0,7.0,7.0,31.0,2.0,10.0,0.0,16.0,4.0,0.0,20.0,26.0,2.0,7.0,0.0,10.0,4.0,0.0,14.0,0.0,0.0,22.0,1.0,4.0,0.0,12.0,5.0,0.0,17.0,2.0,3.0,16.0,0.0,4.0,0.0,11.0,1.0,12.0,0.0,2.0,2.0,0.0,1.0,0.0,0.0,0.0,1.0,1.0,0.0,2.0,5.0,1.0,4.0,0.0,0.0,0.0,0.0,0.0,0.0,0.0,0.0,0.0,0.0,0.0,0.0,0.0,0.0,0.0,0.0,0.0,0.0,0.0,0.0,0.0,0.0,0.0,0.0,2.0,5.0,2.0,0.0,0.0,3.0,2.0,1.0,0.0,3.0,2.0,2.0,0.0,1.0,23.0,1.0,2.0,7.0,4.0,4.0,5.0,25.0
CHEMBL233665,IC50,316.23,25.0,3.0,4.0,0.0,1.0,3.0,0.0,32.0,6.0,5.0,0.0,2.0,4.0,0.0,6.0,0.0,0.0,0.0,0.0,32.0,4.0,9.0,0.0,2.0,4.0,0.0,6.0,0.0,0.0,31.0,4.0,8.0,0.0,1.0,5.0,0.0,6.0,1.0,0.0,36.0,2.0,6.0,0.0,1.0,6.0,7.0,2.0,1.0,1.0,37.0,1.0,7.0,0.0,0.0,6.0,0.0,6.0,0.0,1.0,3.0,29.0,2.0,10.0,0.0,1.0,6.0,0.0,7.0,24.0,2.0,6.0,0.0,2.0,6.0,0.0,8.0,0.0,0.0,20.0,1.0,4.0,0.0,3.0,5.0,0.0,8.0,2.0,0.0,15.0,0.0,4.0,0.0,2.0,3.0,5.0,0.0,2.0,2.0,0.0,1.0,0.0,0.0,0.0,1.0,1.0,0.0,2.0,1.0,1.0,3.0,0.0,0.0,0.0,0.0,0.0,0.0,0.0,0.0,0.0,0.0,0.0,0.0,0.0,0.0,0.0,0.0,0.0,0.0,0.0,0.0,0.0,0.0,0.0,0.0,2.0,1.0,1.0,0.0,0.0,3.0,2.0,1.0,0.0,0.0,2.0,1.0,0.0,1.0,23.0,1.0,2.0,7.0,4.0,4.0,4.0,24.0
CHEMBL234176,IC50,25.12,32.0,5.0,3.0,0.0,0.0,1.0,0.0,41.0,8.0,4.0,0.0,0.0,2.0,0.0,2.0,1.0,0.0,0.0,0.0,39.0,8.0,8.0,0.0,0.0,2.0,0.0,2.0,0.0,0.0,37.0,7.0,7.0,0.0,0.0,2.0,0.0,2.0,1.0,0.0,42.0,5.0,7.0,0.0,0.0,1.0,1.0,0.0,1.0,1.0,45.0,1.0,5.0,0.0,0.0,4.0,0.0,4.0,1.0,0.0,0.0,41.0,5.0,5.0,0.0,0.0,4.0,0.0,4.0,34.0,7.0,5.0,0.0,0.0,4.0,0.0,4.0,0.0,0.0,30.0,5.0,3.0,0.0,0.0,3.0,0.0,3.0,0.0,0.0,27.0,4.0,2.0,0.0,0.0,2.0,2.0,1.0,0.0,0.0,0.0,2.0,0.0,0.0,0.0,1.0,0.0,0.0,1.0,0.0,0.0,4.0,0.0,0.0,0.0,0.0,0.0,0.0,0.0,0.0,0.0,0.0,0.0,0.0,0.0,0.0,0.0,0.0,0.0,0.0,0.0,0.0,0.0,0.0,2.0,1.0,1.0,0.0,0.0,1.0,0.0,2.0,1.0,1.0,0.0,0.0,2.0,0.0,0.0,1.0,29.0,1.0,2.0,8.0,6.0,6.0,7.0,31.0
CHEMBL233155,IC50,25.12,23.0,4.0,6.0,1.0,0.0,0.0,2.0,27.0,8.0,9.0,4.0,0.0,0.0,0.0,0.0,4.0,0.0,0.0,0.0,27.0,7.0,12.0,5.0,0.0,0.0,0.0,0.0,2.0,0.0,23.0,7.0,15.0,4.0,0.0,0.0,0.0,0.0,1.0,0.0,25.0,9.0,14.0,4.0,0.0,0.0,0.0,2.0,0.0,0.0,26.0,13.0,17.0,1.0,0.0,0.0,0.0,0.0,3.0,0.0,0.0,28.0,13.0,9.0,0.0,0.0,0.0,0.0,0.0,24.0,8.0,4.0,1.0,0.0,0.0,0.0,0.0,0.0,0.0,16.0,5.0,10.0,2.0,0.0,0.0,0.0,0.0,0.0,0.0,18.0,3.0,9.0,2.0,0.0,0.0,0.0,0.0,0.0,0.0,0.0,3.0,0.0,0.0,0.0,3.0,0.0,1.0,0.0,0.0,0.0,6.0,0.0,1.0,0.0,0.0,0.0,0.0,0.0,1.0,0.0,0.0,0.0,0.0,0.0,0.0,0.0,0.0,0.0,0.0,0.0,0.0,0.0,0.0,1.0,0.0,2.0,0.0,0.0,1.0,2.0,4.0,0.0,2.0,1.0,0.0,0.0,0.0,2.0,3.0,23.0,3.0,4.0,11.0,8.0,8.0,10.0,22.0
CHEMBL439559,IC50,12.59,23.0,7.0,2.0,1.0,0.0,1.0,2.0,30.0,10.0,4.0,4.0,0.0,2.0,0.0,2.0,4.0,0.0,0.0,0.0,28.0,10.0,9.0,5.0,0.0,3.0,0.0,3.0,1.0,0.0,23.0,9.0,13.0,4.0,0.0,1.0,0.0,1.0,0.0,0.0,24.0,11.0,13.0,3.0,0.0,1.0,1.0,2.0,0.0,0.0,26.0,14.0,12.0,1.0,0.0,2.0,0.0,2.0,2.0,0.0,2.0,27.0,11.0,5.0,1.0,0.0,2.0,0.0,2.0,22.0,9.0,5.0,2.0,0.0,3.0,0.0,3.0,0.0,0.0,23.0,6.0,5.0,2.0,0.0,2.0,0.0,2.0,0.0,0.0,25.0,1.0,4.0,1.0,0.0,2.0,2.0,0.0,0.0,0.0,0.0,2.0,0.0,0.0,0.0,4.0,0.0,0.0,0.0,0.0,0.0,6.0,0.0,0.0,0.0,0.0,0.0,0.0,0.0,0.0,0.0,0.0,0.0,0.0,0.0,0.0,0.0,0.0,0.0,0.0,0.0,0.0,0.0,0.0,3.0,1.0,0.0,0.0,0.0,2.0,2.0,2.0,0.0,2.0,1.0,0.0,0.0,0.0,2.0,3.0,23.0,3.0,4.0,10.0,8.0,8.0,8.0,23.0
CHEMBL36911,IC50,3450.0,24.0,0.0,5.0,0.0,1.0,1.0,0.0,28.0,0.0,8.0,0.0,2.0,0.0,0.0,2.0,0.0,0.0,0.0,0.0,25.0,0.0,10.0,0.0,2.0,0.0,0.0,2.0,0.0,0.0,22.0,0.0,8.0,0.0,1.0,0.0,0.0,1.0,0.0,1.0,21.0,0.0,10.0,0.0,1.0,0.0,1.0,0.0,0.0,0.0,20.0,0.0,11.0,0.0,1.0,0.0,0.0,1.0,0.0,0.0,0.0,19.0,0.0,8.0,0.0,1.0,0.0,0.0,1.0,19.0,0.0,7.0,0.0,1.0,0.0,0.0,1.0,1.0,1.0,19.0,0.0,10.0,0.0,1.0,0.0,0.0,1.0,0.0,0.0,15.0,0.0,12.0,0.0,1.0,0.0,1.0,2.0,0.0,0.0,5.0,11.0,6.0,7.0,4.0,0.0,4.0,0.0,0.0,1.0,4.0,17.0,2.0,17.0,2.0,0.0,19.0,8.0,10.0,1.0,22.0,21.0,21.0,21.0,20.0,12.0,11.0,0.0,10.0,0.0,9.0,0.0,0.0,7.0,0.0,0.0,4.0,1.0,1.0,0.0,0.0,5.0,0.0,0.0,11.0,0.0,0.0,1.0,0.0,0.0,6.0,0.0,0.0,5.0,22.0,22.0,13.0,12.0
CHEMBL233335,IC50,2.512,23.0,4.0,4.0,1.0,3.0,5.0,2.0,26.0,8.0,7.0,4.0,3.0,4.0,0.0,7.0,4.0,3.0,3.0,3.0,25.0,7.0,11.0,5.0,6.0,4.0,0.0,10.0,1.0,0.0,21.0,8.0,14.0,3.0,6.0,3.0,0.0,9.0,0.0,0.0,23.0,10.0,12.0,3.0,3.0,3.0,6.0,2.0,0.0,2.0,24.0,12.0,12.0,1.0,0.0,4.0,0.0,4.0,2.0,0.0,3.0,24.0,10.0,5.0,1.0,0.0,5.0,0.0,5.0,21.0,7.0,5.0,2.0,6.0,5.0,0.0,11.0,0.0,0.0,20.0,5.0,7.0,2.0,9.0,4.0,0.0,13.0,0.0,0.0,23.0,2.0,4.0,1.0,6.0,4.0,10.0,0.0,0.0,3.0,0.0,3.0,0.0,0.0,0.0,1.0,0.0,0.0,0.0,3.0,0.0,5.0,0.0,1.0,0.0,0.0,0.0,0.0,0.0,0.0,0.0,0.0,0.0,0.0,0.0,0.0,0.0,0.0,0.0,0.0,0.0,0.0,0.0,1.0,1.0,0.0,1.0,3.0,0.0,1.0,2.0,3.0,0.0,1.0,1.0,3.0,0.0,0.0,2.0,3.0,23.0,3.0,4.0,9.0,6.0,6.0,10.0,23.0
CHEMBL232159,IC50,125.89,25.0,4.0,4.0,1.0,0.0,0.0,2.0,29.0,8.0,7.0,4.0,0.0,0.0,0.0,0.0,4.0,0.0,0.0,0.0,29.0,8.0,11.0,5.0,0.0,0.0,0.0,0.0,1.0,0.0,25.0,9.0,14.0,4.0,0.0,0.0,0.0,0.0,0.0,0.0,27.0,10.0,14.0,4.0,0.0,0.0,0.0,2.0,0.0,0.0,28.0,13.0,15.0,1.0,0.0,0.0,0.0,0.0,2.0,0.0,0.0,29.0,12.0,6.0,1.0,0.0,0.0,0.0,0.0,26.0,8.0,5.0,2.0,0.0,0.0,0.0,0.0,0.0,0.0,24.0,5.0,7.0,2.0,0.0,0.0,0.0,0.0,0.0,0.0,27.0,2.0,4.0,1.0,0.0,0.0,0.0,0.0,0.0,0.0,0.0,4.0,0.0,0.0,0.0,3.0,0.0,1.0,0.0,0.0,0.0,7.0,0.0,2.0,0.0,0.0,0.0,0.0,0.0,1.0,0.0,0.0,0.0,0.0,0.0,0.0,0.0,0.0,0.0,0.0,0.0,0.0,0.0,1.0,1.0,0.0,1.0,0.0,0.0,1.0,2.0,3.0,0.0,3.0,2.0,0.0,0.0,0.0,2.0,3.0,23.0,3.0,4.0,9.0,9.0,9.0,10.0,22.0
CHEMBL234399,IC50,7.943,24.0,4.0,5.0,1.0,0.0,0.0,2.0,30.0,6.0,7.0,4.0,0.0,0.0,0.0,0.0,3.0,0.0,0.0,0.0,30.0,6.0,13.0,5.0,0.0,0.0,0.0,0.0,1.0,0.0,25.0,8.0,17.0,4.0,0.0,0.0,0.0,0.0,0.0,0.0,28.0,7.0,14.0,4.0,0.0,0.0,0.0,2.0,0.0,0.0,28.0,8.0,16.0,1.0,0.0,0.0,0.0,0.0,1.0,0.0,0.0,28.0,7.0,9.0,1.0,0.0,0.0,0.0,0.0,26.0,4.0,6.0,2.0,0.0,0.0,0.0,0.0,0.0,0.0,25.0,2.0,7.0,2.0,0.0,0.0,0.0,0.0,1.0,0.0,26.0,1.0,6.0,1.0,0.0,0.0,0.0,0.0,0.0,0.0,0.0,4.0,0.0,1.0,0.0,4.0,0.0,1.0,1.0,0.0,0.0,9.0,0.0,3.0,0.0,0.0,0.0,0.0,0.0,2.0,0.0,0.0,0.0,0.0,0.0,0.0,0.0,0.0,0.0,0.0,0.0,3.0,2.0,0.0,3.0,1.0,2.0,0.0,0.0,2.0,2.0,5.0,0.0,2.0,2.0,0.0,0.0,0.0,0.0,0.0,18.0,0.0,4.0,10.0,11.0,11.0,12.0,22.0
CHEMBL515981,IC50,10.0,26.0,2.0,4.0,0.0,0.0,1.0,0.0,33.0,4.0,5.0,0.0,0.0,2.0,0.0,2.0,0.0,0.0,0.0,0.0,33.0,3.0,7.0,0.0,0.0,2.0,0.0,2.0,2.0,0.0,31.0,3.0,9.0,0.0,0.0,2.0,0.0,2.0,0.0,0.0,35.0,3.0,8.0,0.0,0.0,2.0,2.0,0.0,0.0,1.0,36.0,2.0,6.0,0.0,0.0,4.0,0.0,4.0,1.0,0.0,0.0,31.0,2.0,8.0,0.0,0.0,3.0,0.0,3.0,25.0,1.0,8.0,0.0,0.0,4.0,0.0,4.0,0.0,0.0,19.0,2.0,4.0,0.0,0.0,4.0,0.0,4.0,2.0,0.0,13.0,2.0,4.0,0.0,0.0,1.0,1.0,0.0,2.0,2.0,0.0,1.0,0.0,0.0,0.0,0.0,1.0,1.0,1.0,0.0,1.0,2.0,0.0,0.0,0.0,0.0,0.0,0.0,0.0,0.0,0.0,0.0,0.0,0.0,0.0,0.0,0.0,0.0,0.0,0.0,0.0,0.0,0.0,0.0,0.0,0.0,2.0,0.0,0.0,0.0,0.0,3.0,1.0,0.0,0.0,0.0,1.0,0.0,1.0,1.0,24.0,1.0,2.0,6.0,3.0,3.0,4.0,24.0
CHEMBL457797,IC50,125.89,28.0,0.0,4.0,0.0,0.0,1.0,0.0,37.0,0.0,5.0,0.0,0.0,2.0,0.0,2.0,0.0,0.0,0.0,0.0,36.0,0.0,9.0,0.0,0.0,3.0,0.0,3.0,0.0,0.0,34.0,0.0,9.0,0.0,0.0,1.0,0.0,1.0,0.0,0.0,38.0,0.0,8.0,0.0,0.0,1.0,1.0,0.0,0.0,0.0,38.0,0.0,7.0,0.0,0.0,2.0,0.0,2.0,0.0,0.0,0.0,33.0,0.0,8.0,0.0,0.0,3.0,0.0,3.0,26.0,0.0,8.0,0.0,0.0,3.0,0.0,3.0,0.0,0.0,21.0,0.0,4.0,0.0,0.0,2.0,0.0,2.0,2.0,1.0,15.0,0.0,4.0,0.0,0.0,2.0,2.0,0.0,0.0,0.0,0.0,1.0,0.0,0.0,0.0,0.0,1.0,2.0,1.0,0.0,1.0,2.0,0.0,0.0,0.0,0.0,0.0,0.0,0.0,0.0,0.0,0.0,0.0,0.0,0.0,0.0,0.0,0.0,0.0,0.0,0.0,0.0,0.0,0.0,0.0,0.0,2.0,0.0,0.0,0.0,0.0,3.0,2.0,0.0,0.0,0.0,2.0,0.0,0.0,0.0,24.0,0.0,2.0,4.0,3.0,3.0,4.0,25.0
CHEMBL215956,IC50,35.48,19.0,3.0,4.0,0.0,3.0,4.0,0.0,23.0,8.0,5.0,0.0,3.0,0.0,2.0,5.0,0.0,3.0,3.0,3.0,21.0,5.0,7.0,0.0,6.0,0.0,2.0,8.0,2.0,0.0,17.0,4.0,5.0,0.0,6.0,0.0,2.0,8.0,3.0,0.0,20.0,4.0,6.0,0.0,3.0,0.0,3.0,1.0,1.0,1.0,22.0,3.0,6.0,0.0,3.0,0.0,2.0,5.0,0.0,0.0,0.0,20.0,3.0,5.0,0.0,0.0,0.0,4.0,4.0,14.0,4.0,4.0,0.0,3.0,0.0,3.0,6.0,0.0,0.0,13.0,3.0,4.0,0.0,6.0,0.0,2.0,8.0,0.0,2.0,10.0,2.0,2.0,0.0,9.0,0.0,10.0,0.0,0.0,0.0,0.0,2.0,0.0,0.0,0.0,1.0,1.0,0.0,1.0,3.0,1.0,5.0,0.0,0.0,0.0,0.0,0.0,0.0,0.0,0.0,0.0,0.0,0.0,0.0,0.0,0.0,0.0,0.0,0.0,0.0,0.0,0.0,0.0,0.0,0.0,0.0,2.0,3.0,0.0,0.0,0.0,3.0,1.0,1.0,0.0,3.0,1.0,0.0,1.0,2.0,17.0,2.0,2.0,7.0,6.0,6.0,7.0,18.0
CHEMBL388510,IC50,15.85,27.0,4.0,4.0,0.0,1.0,1.0,0.0,36.0,8.0,5.0,0.0,2.0,0.0,0.0,2.0,0.0,0.0,0.0,0.0,37.0,7.0,9.0,0.0,2.0,0.0,0.0,2.0,0.0,0.0,34.0,6.0,10.0,0.0,1.0,0.0,0.0,1.0,1.0,0.0,37.0,6.0,7.0,0.0,1.0,0.0,1.0,4.0,0.0,0.0,43.0,5.0,7.0,0.0,0.0,0.0,0.0,0.0,0.0,1.0,1.0,37.0,4.0,10.0,0.0,1.0,0.0,0.0,1.0,30.0,4.0,6.0,0.0,2.0,0.0,0.0,2.0,0.0,0.0,26.0,4.0,5.0,0.0,3.0,0.0,0.0,3.0,2.0,0.0,19.0,1.0,6.0,0.0,2.0,0.0,2.0,0.0,0.0,0.0,0.0,1.0,0.0,0.0,0.0,3.0,1.0,0.0,1.0,1.0,1.0,5.0,0.0,0.0,0.0,0.0,0.0,0.0,0.0,0.0,0.0,0.0,0.0,0.0,0.0,0.0,0.0,0.0,0.0,0.0,0.0,0.0,0.0,0.0,0.0,0.0,2.0,1.0,1.0,1.0,0.0,3.0,2.0,3.0,0.0,0.0,3.0,1.0,0.0,1.0,23.0,1.0,2.0,8.0,7.0,7.0,4.0,24.0
CHEMBL391456,IC50,501.19,24.0,8.0,2.0,0.0,0.0,1.0,0.0,32.0,11.0,3.0,0.0,0.0,2.0,0.0,2.0,0.0,0.0,0.0,0.0,33.0,9.0,5.0,0.0,0.0,2.0,0.0,2.0,0.0,0.0,34.0,8.0,4.0,0.0,0.0,2.0,0.0,2.0,1.0,0.0,37.0,5.0,4.0,0.0,0.0,1.0,1.0,0.0,1.0,1.0,34.0,5.0,3.0,0.0,0.0,4.0,0.0,4.0,0.0,0.0,0.0,29.0,9.0,2.0,0.0,0.0,4.0,0.0,4.0,28.0,10.0,1.0,0.0,0.0,4.0,0.0,4.0,0.0,0.0,24.0,9.0,0.0,0.0,0.0,3.0,0.0,3.0,0.0,0.0,18.0,6.0,1.0,0.0,0.0,1.0,1.0,0.0,0.0,0.0,0.0,1.0,0.0,0.0,0.0,1.0,0.0,0.0,1.0,0.0,0.0,2.0,0.0,0.0,0.0,0.0,0.0,0.0,0.0,0.0,0.0,0.0,0.0,0.0,0.0,0.0,0.0,0.0,0.0,0.0,0.0,0.0,0.0,0.0,0.0,0.0,1.0,0.0,0.0,0.0,0.0,1.0,1.0,1.0,0.0,0.0,0.0,0.0,2.0,4.0,28.0,4.0,0.0,10.0,3.0,3.0,3.0,26.0
CHEMBL232930,IC50,19.95,24.0,3.0,2.0,2.0,0.0,1.0,2.0,31.0,6.0,7.0,2.0,0.0,2.0,0.0,2.0,0.0,0.0,0.0,0.0,32.0,4.0,9.0,2.0,0.0,2.0,0.0,2.0,0.0,0.0,32.0,3.0,8.0,1.0,0.0,2.0,0.0,2.0,1.0,0.0,35.0,2.0,6.0,0.0,0.0,1.0,1.0,0.0,1.0,1.0,33.0,2.0,3.0,2.0,0.0,4.0,0.0,4.0,2.0,0.0,0.0,29.0,2.0,6.0,4.0,0.0,4.0,0.0,4.0,26.0,2.0,9.0,2.0,0.0,4.0,0.0,4.0,0.0,0.0,20.0,1.0,4.0,2.0,0.0,3.0,0.0,3.0,0.0,0.0,16.0,0.0,5.0,2.0,0.0,1.0,1.0,2.0,0.0,0.0,0.0,1.0,0.0,0.0,0.0,2.0,0.0,0.0,1.0,0.0,0.0,3.0,0.0,0.0,0.0,0.0,0.0,0.0,0.0,0.0,0.0,0.0,0.0,0.0,0.0,0.0,0.0,0.0,0.0,0.0,0.0,0.0,0.0,0.0,0.0,0.0,1.0,0.0,0.0,0.0,0.0,3.0,1.0,1.0,0.0,0.0,0.0,0.0,0.0,1.0,23.0,1.0,4.0,7.0,4.0,4.0,4.0,24.0
CHEMBL233157,IC50,501.19,23.0,6.0,4.0,1.0,0.0,0.0,2.0,27.0,11.0,6.0,4.0,0.0,0.0,0.0,0.0,4.0,0.0,0.0,0.0,27.0,9.0,10.0,5.0,0.0,0.0,0.0,0.0,2.0,0.0,23.0,9.0,13.0,4.0,0.0,0.0,0.0,0.0,0.0,0.0,25.0,10.0,13.0,4.0,0.0,0.0,0.0,3.0,0.0,0.0,26.0,14.0,16.0,1.0,0.0,0.0,0.0,0.0,2.0,0.0,0.0,28.0,14.0,8.0,0.0,0.0,0.0,0.0,0.0,24.0,11.0,1.0,1.0,0.0,0.0,0.0,0.0,0.0,0.0,16.0,10.0,5.0,2.0,0.0,0.0,0.0,0.0,0.0,0.0,18.0,7.0,5.0,2.0,0.0,0.0,0.0,0.0,0.0,0.0,0.0,3.0,0.0,0.0,0.0,3.0,0.0,1.0,0.0,0.0,0.0,6.0,0.0,1.0,0.0,0.0,0.0,0.0,0.0,1.0,0.0,0.0,0.0,0.0,0.0,0.0,0.0,0.0,0.0,0.0,0.0,0.0,0.0,0.0,2.0,0.0,1.0,0.0,0.0,2.0,2.0,3.0,0.0,2.0,1.0,0.0,0.0,0.0,2.0,3.0,23.0,3.0,4.0,11.0,9.0,9.0,10.0,23.0
CHEMBL434173,IC50,5000.0,22.0,2.0,5.0,0.0,0.0,0.0,0.0,25.0,3.0,8.0,0.0,0.0,0.0,0.0,0.0,0.0,0.0,0.0,0.0,22.0,3.0,9.0,0.0,0.0,0.0,0.0,0.0,1.0,0.0,20.0,2.0,8.0,0.0,0.0,0.0,0.0,0.0,0.0,1.0,20.0,1.0,10.0,0.0,0.0,0.0,0.0,0.0,0.0,0.0,18.0,2.0,11.0,0.0,0.0,0.0,0.0,0.0,0.0,0.0,0.0,16.0,3.0,7.0,0.0,0.0,0.0,0.0,0.0,18.0,1.0,6.0,0.0,0.0,0.0,0.0,0.0,0.0,0.0,18.0,1.0,10.0,0.0,0.0,0.0,0.0,0.0,0.0,0.0,14.0,1.0,12.0,0.0,0.0,0.0,0.0,2.0,0.0,0.0,5.0,10.0,6.0,6.0,4.0,0.0,4.0,0.0,0.0,0.0,4.0,16.0,2.0,16.0,2.0,0.0,18.0,8.0,10.0,0.0,21.0,20.0,20.0,19.0,17.0,12.0,11.0,1.0,10.0,1.0,8.0,1.0,0.0,7.0,1.0,0.0,4.0,0.0,0.0,1.0,0.0,5.0,0.0,0.0,9.0,0.0,0.0,0.0,0.0,0.0,6.0,0.0,0.0,7.0,22.0,22.0,13.0,13.0
CHEMBL427844,IC50,0.3981,26.0,5.0,5.0,0.0,2.0,3.0,0.0,33.0,9.0,6.0,0.0,4.0,0.0,2.0,6.0,1.0,0.0,0.0,0.0,35.0,6.0,10.0,0.0,5.0,0.0,2.0,7.0,0.0,0.0,35.0,6.0,10.0,0.0,2.0,0.0,2.0,4.0,1.0,0.0,40.0,5.0,8.0,0.0,2.0,0.0,3.0,4.0,1.0,1.0,41.0,6.0,11.0,0.0,2.0,0.0,4.0,6.0,1.0,1.0,1.0,35.0,4.0,14.0,0.0,4.0,0.0,4.0,8.0,30.0,4.0,10.0,0.0,4.0,0.0,4.0,8.0,0.0,0.0,24.0,3.0,7.0,0.0,6.0,0.0,4.0,10.0,2.0,0.0,19.0,1.0,7.0,0.0,5.0,0.0,7.0,1.0,0.0,2.0,0.0,1.0,0.0,0.0,0.0,2.0,1.0,0.0,2.0,2.0,1.0,5.0,0.0,1.0,0.0,0.0,0.0,0.0,0.0,0.0,0.0,0.0,0.0,0.0,0.0,0.0,0.0,0.0,0.0,0.0,0.0,1.0,0.0,0.0,1.0,0.0,2.0,2.0,2.0,1.0,0.0,4.0,2.0,2.0,0.0,0.0,2.0,2.0,0.0,1.0,23.0,1.0,2.0,10.0,7.0,7.0,6.0,26.0
CHEMBL233872,IC50,125.89,26.0,3.0,6.0,0.0,0.0,1.0,0.0,33.0,6.0,8.0,0.0,0.0,2.0,0.0,2.0,0.0,0.0,0.0,0.0,35.0,4.0,11.0,0.0,0.0,2.0,0.0,2.0,1.0,0.0,35.0,5.0,11.0,0.0,0.0,2.0,0.0,2.0,1.0,0.0,41.0,3.0,11.0,0.0,0.0,1.0,1.0,2.0,1.0,1.0,45.0,1.0,9.0,0.0,0.0,4.0,0.0,4.0,0.0,0.0,0.0,36.0,2.0,14.0,0.0,0.0,4.0,0.0,4.0,28.0,2.0,11.0,0.0,0.0,4.0,0.0,4.0,0.0,1.0,24.0,1.0,6.0,0.0,0.0,5.0,0.0,5.0,2.0,0.0,18.0,0.0,6.0,0.0,0.0,2.0,2.0,0.0,2.0,2.0,0.0,2.0,0.0,0.0,0.0,2.0,1.0,0.0,2.0,0.0,1.0,5.0,0.0,1.0,0.0,0.0,0.0,0.0,0.0,0.0,0.0,0.0,0.0,0.0,0.0,0.0,0.0,0.0,0.0,0.0,0.0,0.0,0.0,1.0,0.0,0.0,3.0,0.0,0.0,0.0,0.0,4.0,2.0,2.0,0.0,0.0,2.0,0.0,0.0,1.0,23.0,1.0,2.0,9.0,6.0,6.0,6.0,24.0
CHEMBL234183,IC50,251.19,29.0,5.0,2.0,0.0,2.0,3.0,0.0,37.0,9.0,3.0,0.0,4.0,0.0,2.0,6.0,0.0,0.0,0.0,0.0,38.0,7.0,5.0,0.0,5.0,0.0,2.0,7.0,0.0,0.0,38.0,6.0,4.0,0.0,2.0,0.0,2.0,4.0,1.0,0.0,43.0,4.0,4.0,0.0,2.0,0.0,3.0,0.0,1.0,1.0,43.0,5.0,3.0,0.0,2.0,0.0,4.0,6.0,0.0,1.0,1.0,38.0,7.0,2.0,0.0,4.0,0.0,4.0,8.0,36.0,4.0,2.0,0.0,4.0,0.0,4.0,8.0,0.0,0.0,30.0,3.0,1.0,0.0,6.0,0.0,4.0,10.0,0.0,0.0,23.0,2.0,2.0,0.0,5.0,0.0,7.0,0.0,0.0,0.0,0.0,1.0,0.0,0.0,0.0,1.0,0.0,0.0,2.0,2.0,0.0,2.0,0.0,0.0,0.0,0.0,0.0,0.0,0.0,0.0,0.0,0.0,0.0,0.0,0.0,0.0,0.0,0.0,0.0,0.0,0.0,0.0,0.0,0.0,0.0,0.0,1.0,2.0,2.0,0.0,0.0,1.0,1.0,1.0,0.0,0.0,0.0,2.0,1.0,2.0,29.0,2.0,0.0,7.0,3.0,3.0,3.0,28.0
CHEMBL391228,IC50,316.23,33.0,5.0,3.0,0.0,0.0,1.0,0.0,42.0,9.0,4.0,0.0,0.0,2.0,0.0,2.0,1.0,0.0,0.0,0.0,42.0,8.0,8.0,0.0,0.0,2.0,0.0,2.0,0.0,0.0,40.0,8.0,8.0,0.0,0.0,2.0,0.0,2.0,1.0,0.0,47.0,4.0,7.0,0.0,0.0,1.0,1.0,1.0,1.0,1.0,49.0,4.0,7.0,0.0,0.0,4.0,0.0,4.0,0.0,0.0,0.0,42.0,8.0,7.0,0.0,0.0,4.0,0.0,4.0,40.0,6.0,4.0,0.0,0.0,4.0,0.0,4.0,0.0,0.0,38.0,5.0,2.0,0.0,0.0,4.0,0.0,4.0,1.0,0.0,34.0,3.0,3.0,0.0,0.0,1.0,1.0,0.0,1.0,1.0,1.0,1.0,0.0,0.0,0.0,2.0,0.0,0.0,1.0,0.0,0.0,5.0,0.0,1.0,0.0,0.0,0.0,0.0,0.0,1.0,0.0,0.0,0.0,0.0,0.0,0.0,0.0,0.0,0.0,0.0,0.0,1.0,1.0,0.0,2.0,1.0,1.0,0.0,0.0,1.0,0.0,2.0,1.0,2.0,0.0,0.0,2.0,0.0,0.0,1.0,29.0,1.0,2.0,8.0,7.0,7.0,7.0,32.0
CHEMBL393416,IC50,63.1,25.0,4.0,3.0,0.0,0.0,1.0,0.0,32.0,7.0,4.0,0.0,0.0,2.0,0.0,2.0,1.0,0.0,0.0,0.0,32.0,6.0,7.0,0.0,0.0,2.0,0.0,2.0,0.0,0.0,31.0,6.0,6.0,0.0,0.0,2.0,0.0,2.0,1.0,0.0,36.0,3.0,5.0,0.0,0.0,1.0,1.0,1.0,1.0,1.0,37.0,3.0,5.0,0.0,0.0,4.0,0.0,4.0,0.0,0.0,0.0,29.0,6.0,6.0,0.0,0.0,4.0,0.0,4.0,24.0,4.0,4.0,0.0,0.0,4.0,0.0,4.0,0.0,0.0,20.0,3.0,2.0,0.0,0.0,4.0,0.0,4.0,1.0,0.0,15.0,2.0,2.0,0.0,0.0,1.0,1.0,0.0,1.0,1.0,0.0,1.0,0.0,0.0,0.0,1.0,0.0,0.0,1.0,0.0,0.0,3.0,0.0,0.0,0.0,0.0,0.0,0.0,0.0,0.0,0.0,0.0,0.0,0.0,0.0,0.0,0.0,0.0,0.0,0.0,0.0,0.0,0.0,0.0,1.0,0.0,1.0,0.0,0.0,1.0,0.0,2.0,1.0,1.0,0.0,0.0,2.0,0.0,0.0,1.0,23.0,1.0,2.0,7.0,4.0,4.0,4.0,24.0
CHEMBL376996,IC50,251.19,26.0,3.0,4.0,0.0,3.0,4.0,0.0,34.0,6.0,5.0,0.0,3.0,0.0,2.0,5.0,0.0,3.0,3.0,3.0,34.0,4.0,9.0,0.0,6.0,0.0,2.0,8.0,0.0,0.0,33.0,4.0,8.0,0.0,6.0,0.0,2.0,8.0,1.0,0.0,36.0,2.0,7.0,0.0,6.0,0.0,7.0,2.0,1.0,1.0,38.0,1.0,7.0,0.0,0.0,0.0,4.0,4.0,0.0,3.0,3.0,31.0,2.0,10.0,0.0,3.0,0.0,4.0,7.0,27.0,2.0,6.0,0.0,6.0,0.0,4.0,10.0,0.0,0.0,22.0,2.0,4.0,0.0,9.0,0.0,4.0,13.0,2.0,0.0,18.0,0.0,4.0,0.0,6.0,0.0,8.0,0.0,0.0,2.0,0.0,1.0,0.0,0.0,0.0,1.0,1.0,0.0,1.0,3.0,1.0,4.0,0.0,0.0,0.0,0.0,0.0,0.0,0.0,0.0,0.0,0.0,0.0,0.0,0.0,0.0,0.0,0.0,0.0,0.0,0.0,0.0,0.0,0.0,0.0,0.0,2.0,3.0,0.0,0.0,0.0,3.0,2.0,1.0,0.0,3.0,2.0,0.0,0.0,1.0,23.0,1.0,2.0,7.0,4.0,4.0,5.0,25.0
CHEMBL209746,IC50,25.12,22.0,4.0,5.0,0.0,0.0,1.0,0.0,27.0,9.0,8.0,0.0,0.0,0.0,2.0,2.0,0.0,0.0,0.0,0.0,29.0,5.0,9.0,0.0,0.0,0.0,2.0,2.0,1.0,0.0,30.0,5.0,7.0,0.0,0.0,0.0,2.0,2.0,1.0,1.0,33.0,4.0,7.0,0.0,0.0,0.0,1.0,2.0,1.0,1.0,32.0,4.0,9.0,0.0,0.0,0.0,4.0,4.0,0.0,0.0,0.0,24.0,3.0,13.0,0.0,0.0,0.0,4.0,4.0,19.0,4.0,8.0,0.0,0.0,0.0,3.0,3.0,0.0,0.0,14.0,4.0,7.0,0.0,0.0,0.0,3.0,3.0,2.0,1.0,10.0,2.0,7.0,0.0,0.0,0.0,1.0,0.0,0.0,2.0,0.0,1.0,0.0,0.0,0.0,2.0,1.0,0.0,1.0,0.0,1.0,4.0,0.0,0.0,0.0,0.0,0.0,0.0,0.0,0.0,0.0,0.0,0.0,0.0,0.0,0.0,0.0,0.0,0.0,0.0,0.0,0.0,0.0,0.0,0.0,0.0,2.0,0.0,0.0,0.0,0.0,3.0,1.0,2.0,0.0,0.0,2.0,0.0,1.0,3.0,22.0,3.0,2.0,9.0,5.0,5.0,4.0,21.0
CHEMBL212679,IC50,199.53,23.0,4.0,5.0,0.0,0.0,1.0,0.0,29.0,9.0,8.0,0.0,0.0,0.0,2.0,2.0,0.0,0.0,0.0,0.0,31.0,6.0,11.0,0.0,0.0,0.0,2.0,2.0,0.0,0.0,31.0,4.0,8.0,0.0,0.0,0.0,2.0,2.0,2.0,1.0,36.0,3.0,6.0,0.0,0.0,0.0,1.0,2.0,1.0,1.0,36.0,3.0,9.0,0.0,0.0,0.0,4.0,4.0,0.0,0.0,0.0,27.0,5.0,13.0,0.0,0.0,0.0,4.0,4.0,21.0,4.0,8.0,0.0,0.0,0.0,4.0,4.0,0.0,0.0,18.0,3.0,7.0,0.0,0.0,0.0,4.0,4.0,2.0,1.0,12.0,3.0,7.0,0.0,0.0,0.0,0.0,0.0,0.0,2.0,0.0,1.0,0.0,0.0,0.0,3.0,1.0,0.0,1.0,0.0,1.0,5.0,0.0,0.0,0.0,0.0,0.0,0.0,0.0,0.0,0.0,0.0,0.0,0.0,0.0,0.0,0.0,0.0,0.0,0.0,0.0,0.0,0.0,0.0,0.0,0.0,2.0,0.0,0.0,0.0,0.0,3.0,1.0,3.0,0.0,0.0,2.0,0.0,1.0,3.0,22.0,3.0,2.0,9.0,6.0,6.0,4.0,21.0
CHEMBL378120,IC50,5.012,21.0,3.0,4.0,0.0,0.0,1.0,0.0,27.0,6.0,5.0,0.0,0.0,0.0,2.0,2.0,0.0,0.0,0.0,0.0,27.0,4.0,9.0,0.0,0.0,0.0,2.0,2.0,0.0,0.0,30.0,4.0,6.0,0.0,0.0,0.0,2.0,2.0,1.0,0.0,34.0,2.0,5.0,0.0,0.0,0.0,1.0,2.0,1.0,1.0,32.0,1.0,7.0,0.0,0.0,0.0,4.0,4.0,0.0,0.0,0.0,21.0,2.0,10.0,0.0,0.0,0.0,4.0,4.0,17.0,0.0,6.0,0.0,0.0,0.0,4.0,4.0,0.0,0.0,12.0,0.0,4.0,0.0,0.0,0.0,2.0,2.0,2.0,0.0,6.0,0.0,4.0,0.0,0.0,0.0,0.0,0.0,0.0,2.0,1.0,1.0,1.0,0.0,0.0,3.0,1.0,0.0,1.0,0.0,1.0,6.0,0.0,3.0,1.0,0.0,3.0,0.0,0.0,0.0,0.0,0.0,0.0,0.0,0.0,0.0,0.0,0.0,0.0,0.0,2.0,0.0,0.0,1.0,0.0,0.0,2.0,0.0,0.0,0.0,0.0,3.0,1.0,3.0,0.0,0.0,2.0,0.0,0.0,1.0,17.0,1.0,2.0,7.0,6.0,6.0,4.0,19.0
CHEMBL378090,IC50,39.81,22.0,3.0,6.0,0.0,0.0,1.0,0.0,28.0,6.0,8.0,0.0,0.0,2.0,0.0,2.0,0.0,0.0,0.0,0.0,29.0,4.0,8.0,0.0,0.0,2.0,0.0,2.0,0.0,0.0,29.0,4.0,9.0,0.0,0.0,2.0,0.0,2.0,1.0,0.0,34.0,2.0,7.0,0.0,0.0,1.0,1.0,2.0,1.0,1.0,33.0,1.0,10.0,0.0,0.0,4.0,0.0,4.0,0.0,0.0,0.0,25.0,1.0,12.0,0.0,0.0,4.0,0.0,4.0,18.0,2.0,9.0,0.0,0.0,3.0,0.0,3.0,0.0,1.0,15.0,0.0,7.0,0.0,0.0,4.0,0.0,4.0,2.0,0.0,10.0,0.0,6.0,0.0,0.0,0.0,0.0,0.0,2.0,2.0,1.0,4.0,2.0,2.0,1.0,1.0,1.0,0.0,1.0,0.0,1.0,7.0,0.0,4.0,0.0,0.0,3.0,0.0,0.0,0.0,2.0,1.0,0.0,0.0,0.0,0.0,2.0,0.0,2.0,0.0,3.0,0.0,0.0,4.0,0.0,0.0,4.0,0.0,0.0,0.0,0.0,4.0,1.0,1.0,2.0,0.0,2.0,0.0,0.0,1.0,17.0,2.0,2.0,9.0,9.0,9.0,4.0,19.0
CHEMBL379155,IC50,79.43,26.0,3.0,4.0,0.0,0.0,1.0,0.0,33.0,6.0,5.0,0.0,0.0,0.0,2.0,2.0,0.0,0.0,0.0,0.0,33.0,5.0,9.0,0.0,0.0,0.0,2.0,2.0,0.0,0.0,34.0,4.0,8.0,0.0,0.0,0.0,2.0,2.0,1.0,0.0,39.0,2.0,6.0,0.0,0.0,0.0,1.0,2.0,1.0,1.0,41.0,1.0,7.0,0.0,0.0,0.0,4.0,4.0,0.0,0.0,0.0,33.0,2.0,11.0,0.0,0.0,0.0,4.0,4.0,26.0,2.0,8.0,0.0,0.0,0.0,5.0,5.0,0.0,0.0,21.0,1.0,4.0,0.0,0.0,0.0,4.0,4.0,2.0,0.0,17.0,0.0,4.0,0.0,0.0,0.0,1.0,0.0,0.0,2.0,0.0,2.0,0.0,0.0,0.0,1.0,1.0,0.0,1.0,0.0,1.0,4.0,0.0,1.0,0.0,0.0,0.0,0.0,0.0,0.0,0.0,0.0,0.0,0.0,0.0,0.0,0.0,0.0,0.0,0.0,0.0,0.0,0.0,0.0,0.0,0.0,2.0,0.0,0.0,0.0,0.0,3.0,2.0,1.0,1.0,0.0,2.0,0.0,0.0,1.0,23.0,1.0,2.0,7.0,5.0,5.0,5.0,24.0
CHEMBL212688,IC50,5.012,26.0,3.0,4.0,0.0,3.0,3.0,0.0,34.0,6.0,5.0,0.0,3.0,0.0,0.0,3.0,0.0,3.0,3.0,3.0,34.0,4.0,9.0,0.0,6.0,0.0,0.0,6.0,0.0,0.0,33.0,4.0,8.0,0.0,6.0,0.0,0.0,6.0,1.0,0.0,37.0,3.0,7.0,0.0,6.0,0.0,6.0,2.0,0.0,0.0,41.0,1.0,7.0,0.0,3.0,0.0,0.0,3.0,0.0,3.0,3.0,33.0,2.0,10.0,0.0,12.0,0.0,0.0,12.0,28.0,2.0,6.0,0.0,12.0,0.0,0.0,12.0,0.0,0.0,24.0,1.0,4.0,0.0,12.0,0.0,0.0,12.0,2.0,0.0,16.0,0.0,6.0,0.0,12.0,0.0,12.0,0.0,0.0,0.0,0.0,1.0,0.0,0.0,0.0,1.0,1.0,0.0,1.0,3.0,1.0,4.0,0.0,0.0,0.0,0.0,0.0,0.0,0.0,0.0,0.0,0.0,0.0,0.0,0.0,0.0,0.0,0.0,0.0,0.0,0.0,0.0,0.0,0.0,0.0,0.0,2.0,3.0,0.0,0.0,0.0,3.0,2.0,1.0,0.0,3.0,2.0,0.0,0.0,1.0,23.0,1.0,2.0,7.0,4.0,4.0,5.0,25.0
CHEMBL228695,IC50,6.31,30.0,3.0,4.0,0.0,0.0,1.0,0.0,40.0,6.0,5.0,0.0,0.0,2.0,0.0,2.0,0.0,0.0,0.0,0.0,42.0,4.0,9.0,0.0,0.0,2.0,0.0,2.0,0.0,0.0,39.0,5.0,10.0,0.0,0.0,2.0,0.0,2.0,1.0,0.0,41.0,4.0,10.0,0.0,0.0,1.0,1.0,2.0,1.0,1.0,45.0,2.0,9.0,0.0,0.0,4.0,0.0,4.0,0.0,0.0,0.0,41.0,2.0,10.0,0.0,0.0,4.0,0.0,4.0,34.0,2.0,7.0,0.0,0.0,4.0,0.0,4.0,0.0,0.0,28.0,1.0,6.0,0.0,0.0,5.0,0.0,5.0,2.0,0.0,22.0,0.0,5.0,0.0,0.0,3.0,3.0,0.0,2.0,2.0,0.0,1.0,0.0,0.0,0.0,1.0,1.0,1.0,1.0,0.0,1.0,3.0,0.0,0.0,0.0,0.0,0.0,0.0,0.0,0.0,0.0,0.0,0.0,0.0,0.0,0.0,0.0,0.0,0.0,0.0,0.0,0.0,0.0,0.0,0.0,0.0,2.0,0.0,0.0,0.0,0.0,3.0,2.0,1.0,0.0,0.0,3.0,0.0,0.0,1.0,27.0,1.0,2.0,7.0,4.0,4.0,4.0,28.0
CHEMBL395248,IC50,1.259,26.0,3.0,4.0,0.0,2.0,3.0,0.0,34.0,6.0,5.0,0.0,4.0,0.0,2.0,6.0,0.0,0.0,0.0,0.0,35.0,4.0,9.0,0.0,5.0,0.0,2.0,7.0,0.0,0.0,32.0,4.0,10.0,0.0,2.0,0.0,2.0,4.0,1.0,0.0,36.0,3.0,6.0,0.0,2.0,0.0,3.0,2.0,1.0,1.0,39.0,1.0,7.0,0.0,2.0,0.0,4.0,6.0,0.0,1.0,1.0,33.0,2.0,10.0,0.0,4.0,0.0,4.0,8.0,26.0,2.0,6.0,0.0,4.0,0.0,4.0,8.0,0.0,0.0,22.0,1.0,5.0,0.0,6.0,0.0,4.0,10.0,2.0,0.0,17.0,0.0,4.0,0.0,5.0,0.0,7.0,0.0,0.0,2.0,0.0,1.0,0.0,0.0,0.0,2.0,1.0,0.0,3.0,2.0,1.0,4.0,0.0,0.0,0.0,0.0,0.0,0.0,0.0,0.0,0.0,0.0,0.0,0.0,0.0,0.0,0.0,0.0,0.0,0.0,0.0,0.0,0.0,0.0,0.0,0.0,2.0,2.0,2.0,0.0,0.0,3.0,2.0,2.0,0.0,0.0,3.0,2.0,0.0,1.0,23.0,1.0,2.0,7.0,5.0,5.0,4.0,24.0
CHEMBL397655,IC50,2.512,26.0,3.0,4.0,0.0,2.0,3.0,0.0,34.0,6.0,5.0,0.0,4.0,2.0,0.0,6.0,0.0,0.0,0.0,0.0,35.0,4.0,9.0,0.0,5.0,2.0,0.0,7.0,0.0,0.0,32.0,4.0,10.0,0.0,2.0,2.0,0.0,4.0,1.0,0.0,36.0,3.0,6.0,0.0,2.0,1.0,3.0,2.0,1.0,1.0,39.0,1.0,7.0,0.0,2.0,4.0,0.0,6.0,0.0,1.0,1.0,33.0,2.0,10.0,0.0,4.0,4.0,0.0,8.0,26.0,2.0,6.0,0.0,4.0,4.0,0.0,8.0,0.0,0.0,22.0,1.0,5.0,0.0,6.0,4.0,0.0,10.0,2.0,0.0,17.0,0.0,4.0,0.0,5.0,2.0,7.0,0.0,2.0,2.0,0.0,1.0,0.0,0.0,0.0,2.0,1.0,0.0,3.0,2.0,1.0,4.0,0.0,0.0,0.0,0.0,0.0,0.0,0.0,0.0,0.0,0.0,0.0,0.0,0.0,0.0,0.0,0.0,0.0,0.0,0.0,0.0,0.0,0.0,0.0,0.0,2.0,2.0,2.0,0.0,0.0,3.0,2.0,2.0,0.0,0.0,3.0,2.0,0.0,1.0,23.0,1.0,2.0,7.0,5.0,5.0,4.0,24.0
CHEMBL230875,IC50,2.512,25.0,3.0,4.0,0.0,1.0,3.0,0.0,32.0,6.0,5.0,0.0,2.0,2.0,2.0,6.0,0.0,0.0,0.0,0.0,32.0,4.0,9.0,0.0,2.0,3.0,2.0,7.0,0.0,0.0,31.0,4.0,8.0,0.0,1.0,1.0,2.0,4.0,1.0,0.0,36.0,2.0,6.0,0.0,1.0,0.0,2.0,2.0,2.0,1.0,37.0,1.0,7.0,0.0,0.0,2.0,4.0,6.0,0.0,1.0,1.0,29.0,2.0,10.0,0.0,1.0,4.0,4.0,9.0,24.0,2.0,6.0,0.0,2.0,2.0,4.0,8.0,0.0,0.0,20.0,1.0,4.0,0.0,3.0,2.0,4.0,9.0,2.0,1.0,15.0,0.0,4.0,0.0,2.0,2.0,5.0,0.0,0.0,2.0,0.0,1.0,0.0,0.0,0.0,1.0,1.0,0.0,2.0,1.0,1.0,3.0,0.0,0.0,0.0,0.0,0.0,0.0,0.0,0.0,0.0,0.0,0.0,0.0,0.0,0.0,0.0,0.0,0.0,0.0,0.0,0.0,0.0,0.0,0.0,0.0,2.0,1.0,1.0,0.0,0.0,3.0,2.0,1.0,0.0,0.0,2.0,1.0,0.0,1.0,23.0,1.0,2.0,7.0,4.0,4.0,4.0,24.0
CHEMBL230766,IC50,1.995,26.0,3.0,4.0,0.0,4.0,4.0,0.0,34.0,6.0,5.0,0.0,5.0,0.0,0.0,5.0,0.0,3.0,3.0,3.0,34.0,4.0,9.0,0.0,9.0,0.0,0.0,9.0,0.0,0.0,33.0,4.0,8.0,0.0,7.0,0.0,0.0,7.0,1.0,0.0,37.0,3.0,7.0,0.0,6.0,0.0,6.0,2.0,1.0,0.0,41.0,1.0,7.0,0.0,5.0,0.0,0.0,5.0,0.0,3.0,3.0,33.0,2.0,10.0,0.0,16.0,0.0,0.0,16.0,28.0,2.0,6.0,0.0,14.0,0.0,0.0,14.0,0.0,0.0,24.0,1.0,4.0,0.0,14.0,0.0,0.0,14.0,2.0,1.0,16.0,0.0,6.0,0.0,15.0,0.0,15.0,0.0,0.0,0.0,0.0,1.0,0.0,0.0,0.0,1.0,1.0,0.0,2.0,4.0,1.0,4.0,0.0,0.0,0.0,0.0,0.0,0.0,0.0,0.0,0.0,0.0,0.0,0.0,0.0,0.0,0.0,0.0,0.0,0.0,0.0,0.0,0.0,0.0,0.0,0.0,2.0,4.0,1.0,0.0,0.0,3.0,2.0,1.0,0.0,3.0,2.0,1.0,0.0,1.0,23.0,1.0,2.0,7.0,4.0,4.0,5.0,25.0
CHEMBL230765,IC50,1.259,25.0,3.0,4.0,0.0,2.0,3.0,0.0,32.0,6.0,5.0,0.0,4.0,0.0,2.0,6.0,0.0,0.0,0.0,0.0,32.0,4.0,9.0,0.0,5.0,0.0,2.0,7.0,0.0,0.0,31.0,4.0,8.0,0.0,2.0,0.0,2.0,4.0,1.0,0.0,36.0,2.0,6.0,0.0,1.0,0.0,2.0,2.0,2.0,1.0,37.0,1.0,7.0,0.0,2.0,0.0,4.0,6.0,0.0,1.0,1.0,29.0,2.0,10.0,0.0,5.0,0.0,4.0,9.0,24.0,2.0,6.0,0.0,4.0,0.0,4.0,8.0,0.0,0.0,20.0,1.0,4.0,0.0,5.0,0.0,4.0,9.0,2.0,1.0,15.0,0.0,4.0,0.0,4.0,0.0,5.0,0.0,0.0,2.0,0.0,1.0,0.0,0.0,0.0,1.0,1.0,0.0,2.0,2.0,1.0,3.0,0.0,0.0,0.0,0.0,0.0,0.0,0.0,0.0,0.0,0.0,0.0,0.0,0.0,0.0,0.0,0.0,0.0,0.0,0.0,0.0,0.0,0.0,0.0,0.0,2.0,2.0,2.0,0.0,0.0,3.0,2.0,1.0,0.0,0.0,2.0,2.0,0.0,1.0,23.0,1.0,2.0,7.0,4.0,4.0,4.0,24.0
CHEMBL3092131,IC50,0.9,20.0,5.0,2.0,2.0,0.0,0.0,0.0,28.0,9.0,2.0,1.0,0.0,0.0,0.0,0.0,0.0,0.0,0.0,0.0,24.0,11.0,2.0,2.0,0.0,0.0,0.0,0.0,2.0,0.0,21.0,14.0,2.0,3.0,0.0,0.0,0.0,0.0,0.0,0.0,24.0,11.0,0.0,4.0,0.0,0.0,0.0,2.0,0.0,0.0,26.0,6.0,2.0,4.0,0.0,0.0,0.0,0.0,2.0,0.0,0.0,23.0,3.0,6.0,3.0,0.0,0.0,0.0,0.0,16.0,1.0,8.0,1.0,0.0,0.0,0.0,0.0,0.0,0.0,7.0,0.0,8.0,0.0,0.0,0.0,0.0,0.0,0.0,0.0,1.0,0.0,6.0,0.0,0.0,0.0,0.0,0.0,0.0,0.0,0.0,1.0,0.0,0.0,0.0,0.0,1.0,1.0,0.0,0.0,1.0,2.0,0.0,0.0,0.0,0.0,0.0,0.0,0.0,0.0,0.0,0.0,0.0,0.0,0.0,0.0,0.0,0.0,0.0,0.0,0.0,0.0,0.0,0.0,0.0,0.0,1.0,0.0,0.0,0.0,0.0,2.0,0.0,0.0,1.0,0.0,0.0,0.0,2.0,4.0,22.0,4.0,2.0,9.0,3.0,3.0,1.0,20.0
CHEMBL3092135,IC50,80.0,16.0,5.0,2.0,4.0,0.0,0.0,0.0,22.0,9.0,2.0,3.0,0.0,0.0,0.0,0.0,0.0,0.0,0.0,0.0,18.0,11.0,2.0,3.0,0.0,0.0,0.0,0.0,2.0,0.0,19.0,13.0,2.0,4.0,0.0,0.0,0.0,0.0,0.0,0.0,21.0,9.0,0.0,7.0,0.0,0.0,0.0,2.0,0.0,0.0,22.0,4.0,2.0,4.0,0.0,0.0,0.0,0.0,2.0,0.0,0.0,18.0,2.0,6.0,6.0,0.0,0.0,0.0,0.0,11.0,1.0,8.0,4.0,0.0,0.0,0.0,0.0,0.0,0.0,5.0,0.0,6.0,1.0,0.0,0.0,0.0,0.0,0.0,0.0,1.0,0.0,4.0,0.0,0.0,0.0,0.0,0.0,0.0,0.0,0.0,0.0,0.0,0.0,0.0,1.0,1.0,0.0,0.0,0.0,1.0,2.0,0.0,0.0,0.0,0.0,0.0,0.0,0.0,0.0,0.0,0.0,0.0,0.0,0.0,0.0,0.0,0.0,0.0,0.0,0.0,0.0,0.0,0.0,0.0,0.0,1.0,0.0,0.0,0.0,0.0,2.0,0.0,1.0,0.0,0.0,0.0,0.0,2.0,5.0,21.0,5.0,2.0,11.0,2.0,2.0,1.0,18.0
CHEMBL228644,IC50,3.981,27.0,4.0,4.0,0.0,4.0,4.0,0.0,36.0,8.0,5.0,0.0,5.0,0.0,0.0,5.0,0.0,3.0,3.0,3.0,37.0,7.0,9.0,0.0,8.0,0.0,0.0,8.0,0.0,0.0,34.0,6.0,10.0,0.0,7.0,0.0,0.0,7.0,1.0,0.0,37.0,6.0,7.0,0.0,7.0,0.0,7.0,4.0,0.0,0.0,43.0,5.0,7.0,0.0,3.0,0.0,0.0,3.0,0.0,4.0,4.0,37.0,4.0,10.0,0.0,13.0,0.0,0.0,13.0,30.0,4.0,6.0,0.0,14.0,0.0,0.0,14.0,0.0,0.0,26.0,4.0,5.0,0.0,15.0,0.0,0.0,15.0,2.0,0.0,19.0,1.0,6.0,0.0,14.0,0.0,14.0,0.0,0.0,0.0,0.0,1.0,0.0,0.0,0.0,2.0,1.0,0.0,1.0,4.0,1.0,5.0,0.0,0.0,0.0,0.0,0.0,0.0,0.0,0.0,0.0,0.0,0.0,0.0,0.0,0.0,0.0,0.0,0.0,0.0,0.0,0.0,0.0,0.0,0.0,0.0,2.0,4.0,1.0,1.0,0.0,3.0,2.0,2.0,0.0,3.0,3.0,1.0,0.0,1.0,23.0,1.0,2.0,8.0,6.0,6.0,5.0,25.0
CHEMBL395488,IC50,1.995,25.0,3.0,5.0,0.0,2.0,3.0,0.0,32.0,6.0,7.0,0.0,4.0,0.0,2.0,6.0,0.0,0.0,0.0,0.0,32.0,4.0,12.0,0.0,5.0,0.0,2.0,7.0,0.0,0.0,31.0,4.0,9.0,0.0,2.0,0.0,2.0,4.0,1.0,2.0,36.0,2.0,6.0,0.0,2.0,0.0,3.0,3.0,1.0,1.0,37.0,1.0,9.0,0.0,2.0,0.0,4.0,6.0,0.0,1.0,1.0,29.0,2.0,14.0,0.0,4.0,0.0,4.0,8.0,24.0,2.0,8.0,0.0,4.0,0.0,4.0,8.0,0.0,0.0,20.0,1.0,6.0,0.0,6.0,0.0,4.0,10.0,3.0,0.0,15.0,0.0,6.0,0.0,5.0,0.0,6.0,0.0,0.0,3.0,0.0,1.0,0.0,0.0,0.0,1.0,2.0,0.0,3.0,2.0,2.0,3.0,0.0,0.0,0.0,0.0,0.0,0.0,0.0,0.0,0.0,0.0,0.0,0.0,0.0,0.0,0.0,0.0,0.0,0.0,0.0,0.0,0.0,0.0,0.0,0.0,2.0,2.0,2.0,0.0,0.0,4.0,2.0,1.0,0.0,0.0,2.0,2.0,0.0,1.0,23.0,1.0,2.0,8.0,5.0,5.0,4.0,24.0
CHEMBL255485,IC50,251.19,23.0,5.0,3.0,0.0,0.0,1.0,0.0,28.0,8.0,4.0,0.0,0.0,2.0,0.0,2.0,1.0,0.0,0.0,0.0,23.0,7.0,8.0,0.0,0.0,2.0,0.0,2.0,0.0,0.0,18.0,9.0,6.0,0.0,0.0,2.0,0.0,2.0,2.0,0.0,22.0,9.0,4.0,0.0,0.0,0.0,0.0,2.0,1.0,1.0,25.0,9.0,3.0,0.0,0.0,2.0,0.0,2.0,0.0,0.0,0.0,23.0,8.0,1.0,0.0,0.0,3.0,0.0,3.0,18.0,7.0,3.0,0.0,0.0,2.0,0.0,2.0,0.0,0.0,18.0,4.0,3.0,0.0,0.0,3.0,0.0,3.0,1.0,0.0,17.0,3.0,4.0,0.0,0.0,2.0,2.0,0.0,1.0,1.0,0.0,2.0,0.0,0.0,0.0,0.0,0.0,0.0,1.0,0.0,0.0,3.0,0.0,0.0,0.0,0.0,0.0,0.0,0.0,0.0,0.0,0.0,0.0,0.0,0.0,0.0,0.0,0.0,0.0,0.0,0.0,0.0,0.0,0.0,1.0,0.0,1.0,0.0,0.0,1.0,0.0,2.0,1.0,0.0,0.0,0.0,2.0,0.0,1.0,2.0,23.0,2.0,2.0,8.0,6.0,6.0,8.0,24.0
CHEMBL402770,IC50,31.62,16.0,5.0,5.0,0.0,0.0,1.0,0.0,20.0,8.0,6.0,0.0,0.0,2.0,0.0,2.0,2.0,0.0,0.0,0.0,17.0,7.0,8.0,0.0,0.0,2.0,0.0,2.0,0.0,0.0,15.0,10.0,6.0,0.0,0.0,2.0,0.0,2.0,3.0,0.0,22.0,6.0,3.0,0.0,0.0,0.0,0.0,3.0,1.0,1.0,20.0,9.0,7.0,0.0,0.0,2.0,0.0,2.0,0.0,0.0,0.0,16.0,8.0,2.0,0.0,0.0,4.0,0.0,4.0,14.0,4.0,5.0,0.0,0.0,2.0,0.0,2.0,0.0,0.0,13.0,1.0,4.0,0.0,0.0,1.0,0.0,1.0,2.0,0.0,9.0,2.0,5.0,0.0,0.0,0.0,0.0,0.0,2.0,2.0,1.0,2.0,1.0,0.0,0.0,6.0,0.0,0.0,1.0,0.0,0.0,11.0,0.0,6.0,2.0,0.0,6.0,0.0,0.0,0.0,0.0,0.0,0.0,0.0,0.0,0.0,0.0,0.0,0.0,0.0,2.0,0.0,0.0,4.0,1.0,0.0,3.0,0.0,0.0,1.0,0.0,3.0,0.0,6.0,0.0,0.0,0.0,0.0,1.0,2.0,11.0,2.0,0.0,10.0,12.0,12.0,9.0,14.0
CHEMBL258413,IC50,25.12,19.0,5.0,3.0,0.0,0.0,1.0,0.0,23.0,9.0,4.0,0.0,0.0,2.0,0.0,2.0,1.0,0.0,0.0,0.0,17.0,8.0,8.0,0.0,0.0,2.0,0.0,2.0,0.0,0.0,17.0,10.0,4.0,0.0,0.0,2.0,0.0,2.0,2.0,0.0,23.0,8.0,2.0,0.0,0.0,0.0,0.0,2.0,1.0,1.0,22.0,9.0,5.0,0.0,0.0,2.0,0.0,2.0,0.0,0.0,0.0,18.0,7.0,1.0,0.0,0.0,4.0,0.0,4.0,15.0,4.0,3.0,0.0,0.0,2.0,0.0,2.0,0.0,0.0,16.0,1.0,3.0,0.0,0.0,1.0,0.0,1.0,1.0,0.0,11.0,2.0,4.0,0.0,0.0,1.0,1.0,0.0,1.0,1.0,2.0,6.0,3.0,3.0,1.0,3.0,0.0,0.0,1.0,0.0,0.0,12.0,1.0,9.0,2.0,0.0,10.0,2.0,1.0,0.0,7.0,3.0,1.0,0.0,0.0,0.0,0.0,2.0,0.0,2.0,2.0,1.0,0.0,1.0,1.0,0.0,1.0,0.0,0.0,1.0,0.0,2.0,0.0,3.0,4.0,0.0,0.0,0.0,1.0,2.0,11.0,2.0,0.0,8.0,15.0,15.0,8.0,14.0
CHEMBL404026,IC50,12.59,24.0,5.0,3.0,0.0,2.0,3.0,0.0,29.0,9.0,4.0,0.0,4.0,2.0,0.0,6.0,1.0,0.0,0.0,0.0,25.0,8.0,8.0,0.0,6.0,2.0,0.0,8.0,0.0,0.0,19.0,10.0,6.0,0.0,2.0,2.0,0.0,4.0,2.0,0.0,25.0,9.0,4.0,0.0,2.0,0.0,2.0,2.0,1.0,1.0,28.0,9.0,5.0,0.0,2.0,2.0,0.0,4.0,0.0,0.0,0.0,27.0,8.0,1.0,0.0,2.0,4.0,0.0,6.0,21.0,7.0,3.0,0.0,4.0,2.0,0.0,6.0,0.0,0.0,21.0,4.0,3.0,0.0,2.0,3.0,0.0,5.0,1.0,0.0,19.0,3.0,4.0,0.0,4.0,2.0,6.0,0.0,1.0,1.0,0.0,2.0,0.0,0.0,0.0,1.0,0.0,0.0,1.0,2.0,0.0,4.0,0.0,0.0,0.0,0.0,0.0,0.0,0.0,0.0,0.0,0.0,0.0,0.0,0.0,0.0,0.0,0.0,0.0,0.0,0.0,0.0,0.0,0.0,1.0,0.0,1.0,2.0,2.0,1.0,0.0,2.0,1.0,1.0,0.0,0.0,2.0,2.0,1.0,2.0,23.0,2.0,2.0,8.0,7.0,7.0,8.0,24.0
CHEMBL254151,IC50,15.85,23.0,5.0,3.0,0.0,0.0,1.0,0.0,28.0,9.0,4.0,0.0,0.0,2.0,0.0,2.0,1.0,0.0,0.0,0.0,22.0,8.0,8.0,0.0,0.0,2.0,0.0,2.0,0.0,0.0,18.0,10.0,6.0,0.0,0.0,2.0,0.0,2.0,2.0,0.0,25.0,8.0,3.0,0.0,0.0,0.0,0.0,2.0,1.0,1.0,27.0,9.0,5.0,0.0,0.0,2.0,0.0,2.0,0.0,0.0,0.0,26.0,7.0,1.0,0.0,0.0,4.0,0.0,4.0,20.0,6.0,3.0,0.0,0.0,2.0,0.0,2.0,0.0,0.0,19.0,4.0,3.0,0.0,0.0,3.0,0.0,3.0,1.0,0.0,18.0,3.0,4.0,0.0,0.0,2.0,2.0,0.0,1.0,1.0,1.0,6.0,2.0,3.0,1.0,1.0,0.0,0.0,1.0,0.0,0.0,9.0,1.0,6.0,1.0,0.0,7.0,2.0,1.0,0.0,7.0,3.0,1.0,0.0,0.0,0.0,0.0,2.0,0.0,2.0,0.0,1.0,0.0,0.0,1.0,0.0,1.0,0.0,0.0,1.0,0.0,2.0,1.0,1.0,4.0,0.0,0.0,0.0,1.0,2.0,17.0,2.0,0.0,8.0,13.0,13.0,8.0,19.0
CHEMBL254152,IC50,25.12,20.0,5.0,3.0,0.0,0.0,1.0,0.0,24.0,9.0,4.0,0.0,0.0,2.0,0.0,2.0,1.0,0.0,0.0,0.0,20.0,8.0,8.0,0.0,0.0,2.0,0.0,2.0,0.0,0.0,18.0,8.0,4.0,0.0,0.0,2.0,0.0,2.0,2.0,0.0,23.0,8.0,3.0,0.0,0.0,0.0,0.0,2.0,1.0,1.0,25.0,7.0,5.0,0.0,0.0,2.0,0.0,2.0,0.0,0.0,0.0,24.0,5.0,1.0,0.0,0.0,4.0,0.0,4.0,16.0,6.0,3.0,0.0,0.0,2.0,0.0,2.0,0.0,0.0,17.0,4.0,3.0,0.0,0.0,3.0,0.0,3.0,1.0,0.0,14.0,3.0,4.0,0.0,0.0,2.0,2.0,0.0,1.0,1.0,1.0,2.0,0.0,0.0,0.0,3.0,0.0,0.0,1.0,0.0,0.0,7.0,0.0,3.0,1.0,0.0,3.0,0.0,0.0,0.0,0.0,0.0,0.0,0.0,0.0,0.0,0.0,0.0,0.0,2.0,0.0,1.0,0.0,0.0,1.0,0.0,1.0,0.0,0.0,1.0,0.0,2.0,1.0,3.0,0.0,0.0,0.0,0.0,1.0,2.0,17.0,2.0,0.0,8.0,10.0,10.0,8.0,19.0
CHEMBL254958,IC50,199.53,24.0,5.0,3.0,0.0,1.0,2.0,0.0,28.0,11.0,4.0,0.0,2.0,2.0,0.0,4.0,1.0,0.0,0.0,0.0,25.0,8.0,7.0,0.0,2.0,2.0,0.0,4.0,1.0,0.0,21.0,7.0,6.0,0.0,1.0,2.0,0.0,3.0,2.0,0.0,25.0,9.0,6.0,0.0,1.0,0.0,1.0,1.0,1.0,1.0,29.0,8.0,5.0,0.0,1.0,2.0,0.0,3.0,0.0,1.0,1.0,27.0,8.0,3.0,0.0,1.0,4.0,0.0,5.0,21.0,7.0,2.0,0.0,1.0,3.0,0.0,4.0,0.0,0.0,20.0,5.0,3.0,0.0,2.0,2.0,0.0,4.0,0.0,1.0,20.0,2.0,3.0,0.0,1.0,2.0,3.0,0.0,0.0,0.0,0.0,2.0,0.0,0.0,0.0,1.0,0.0,0.0,1.0,1.0,0.0,4.0,0.0,0.0,0.0,0.0,0.0,0.0,0.0,0.0,0.0,0.0,0.0,0.0,0.0,0.0,0.0,0.0,0.0,0.0,0.0,0.0,0.0,0.0,1.0,0.0,1.0,1.0,1.0,1.0,0.0,2.0,1.0,1.0,0.0,0.0,1.0,1.0,1.0,2.0,23.0,2.0,2.0,8.0,7.0,7.0,8.0,24.0
CHEMBL210261,IC50,10.0,25.0,3.0,4.0,0.0,0.0,2.0,0.0,32.0,6.0,5.0,0.0,0.0,2.0,2.0,4.0,0.0,0.0,0.0,0.0,32.0,4.0,9.0,0.0,0.0,2.0,2.0,4.0,0.0,0.0,31.0,4.0,8.0,0.0,0.0,2.0,2.0,4.0,1.0,0.0,36.0,2.0,6.0,0.0,0.0,0.0,1.0,2.0,1.0,2.0,37.0,1.0,7.0,0.0,0.0,1.0,4.0,5.0,0.0,0.0,0.0,29.0,2.0,10.0,0.0,0.0,2.0,4.0,6.0,24.0,2.0,6.0,0.0,0.0,3.0,4.0,7.0,0.0,0.0,20.0,1.0,4.0,0.0,0.0,2.0,4.0,6.0,2.0,0.0,15.0,0.0,4.0,0.0,0.0,3.0,4.0,0.0,0.0,2.0,0.0,1.0,0.0,0.0,0.0,1.0,1.0,0.0,1.0,0.0,1.0,3.0,0.0,0.0,0.0,0.0,0.0,0.0,0.0,0.0,0.0,0.0,0.0,0.0,0.0,0.0,0.0,0.0,0.0,0.0,0.0,0.0,0.0,0.0,0.0,0.0,2.0,0.0,0.0,0.0,0.0,3.0,2.0,1.0,0.0,0.0,2.0,0.0,0.0,1.0,23.0,1.0,2.0,7.0,4.0,4.0,4.0,24.0
CHEMBL385620,IC50,354.81,18.0,3.0,4.0,0.0,1.0,3.0,0.0,21.0,8.0,5.0,0.0,2.0,4.0,0.0,6.0,0.0,0.0,0.0,0.0,19.0,5.0,7.0,0.0,2.0,5.0,0.0,7.0,2.0,0.0,16.0,4.0,5.0,0.0,2.0,2.0,0.0,4.0,3.0,0.0,19.0,4.0,6.0,0.0,0.0,2.0,2.0,1.0,1.0,1.0,22.0,3.0,5.0,0.0,2.0,2.0,0.0,4.0,0.0,0.0,1.0,19.0,3.0,5.0,0.0,4.0,4.0,0.0,8.0,12.0,4.0,4.0,0.0,3.0,3.0,0.0,6.0,0.0,0.0,10.0,3.0,4.0,0.0,2.0,4.0,0.0,6.0,0.0,2.0,9.0,1.0,2.0,0.0,1.0,4.0,5.0,0.0,0.0,0.0,0.0,2.0,0.0,0.0,0.0,1.0,1.0,0.0,2.0,1.0,1.0,4.0,0.0,0.0,0.0,0.0,0.0,0.0,0.0,0.0,0.0,0.0,0.0,0.0,0.0,0.0,0.0,0.0,0.0,0.0,0.0,0.0,0.0,0.0,0.0,0.0,2.0,1.0,1.0,0.0,0.0,3.0,1.0,1.0,0.0,0.0,1.0,1.0,1.0,2.0,17.0,2.0,2.0,7.0,6.0,6.0,6.0,17.0
CHEMBL479439,IC50,11600.0,25.0,4.0,2.0,1.0,3.0,5.0,2.0,33.0,6.0,4.0,3.0,6.0,4.0,0.0,10.0,4.0,0.0,0.0,0.0,29.0,9.0,10.0,3.0,6.0,5.0,0.0,11.0,0.0,1.0,27.0,7.0,12.0,2.0,3.0,2.0,0.0,5.0,0.0,2.0,27.0,5.0,13.0,1.0,1.0,3.0,4.0,0.0,1.0,2.0,29.0,2.0,9.0,2.0,2.0,3.0,0.0,5.0,1.0,3.0,4.0,23.0,5.0,12.0,2.0,3.0,6.0,0.0,9.0,19.0,2.0,5.0,5.0,3.0,5.0,0.0,8.0,1.0,2.0,18.0,4.0,12.0,1.0,4.0,5.0,0.0,9.0,0.0,0.0,18.0,4.0,5.0,2.0,5.0,2.0,7.0,2.0,1.0,1.0,0.0,5.0,0.0,2.0,1.0,1.0,0.0,0.0,1.0,3.0,0.0,13.0,5.0,10.0,4.0,5.0,11.0,6.0,2.0,0.0,9.0,6.0,5.0,4.0,1.0,0.0,0.0,4.0,0.0,4.0,0.0,3.0,4.0,0.0,4.0,3.0,0.0,3.0,3.0,2.0,2.0,4.0,0.0,1.0,4.0,0.0,1.0,3.0,0.0,0.0,12.0,1.0,6.0,7.0,13.0,13.0,7.0,22.0
CHEMBL403329,IC50,39.81,16.0,2.0,4.0,0.0,0.0,1.0,0.0,19.0,4.0,5.0,0.0,0.0,2.0,0.0,2.0,0.0,0.0,0.0,0.0,17.0,2.0,7.0,0.0,0.0,2.0,0.0,2.0,2.0,0.0,17.0,2.0,6.0,0.0,0.0,2.0,0.0,2.0,0.0,0.0,18.0,2.0,5.0,0.0,0.0,1.0,1.0,1.0,0.0,1.0,18.0,2.0,4.0,0.0,0.0,2.0,0.0,2.0,0.0,0.0,0.0,13.0,1.0,6.0,0.0,0.0,3.0,0.0,3.0,8.0,2.0,4.0,0.0,0.0,4.0,0.0,4.0,0.0,0.0,6.0,0.0,4.0,0.0,0.0,0.0,0.0,0.0,0.0,2.0,4.0,0.0,2.0,0.0,0.0,0.0,0.0,0.0,0.0,0.0,1.0,2.0,1.0,0.0,0.0,2.0,1.0,0.0,1.0,0.0,1.0,6.0,0.0,3.0,1.0,0.0,3.0,0.0,0.0,0.0,0.0,0.0,0.0,0.0,0.0,0.0,0.0,0.0,0.0,0.0,2.0,0.0,0.0,1.0,0.0,0.0,2.0,0.0,0.0,0.0,0.0,3.0,0.0,2.0,1.0,0.0,1.0,0.0,1.0,1.0,12.0,1.0,2.0,6.0,7.0,7.0,6.0,13.0
CHEMBL257846,IC50,630.96,17.0,2.0,4.0,2.0,0.0,1.0,0.0,21.0,2.0,5.0,3.0,0.0,2.0,0.0,2.0,0.0,0.0,0.0,0.0,18.0,2.0,7.0,1.0,0.0,2.0,0.0,2.0,0.0,2.0,14.0,2.0,6.0,2.0,0.0,2.0,0.0,2.0,2.0,0.0,17.0,2.0,3.0,2.0,0.0,1.0,1.0,1.0,0.0,1.0,19.0,2.0,4.0,2.0,0.0,1.0,0.0,1.0,0.0,0.0,0.0,18.0,1.0,5.0,1.0,0.0,3.0,0.0,3.0,11.0,2.0,4.0,2.0,0.0,3.0,0.0,3.0,0.0,0.0,7.0,2.0,4.0,2.0,0.0,2.0,0.0,2.0,0.0,2.0,6.0,1.0,2.0,1.0,0.0,1.0,1.0,0.0,0.0,0.0,0.0,2.0,0.0,0.0,0.0,0.0,0.0,0.0,1.0,0.0,0.0,3.0,0.0,0.0,0.0,0.0,0.0,0.0,0.0,0.0,0.0,0.0,0.0,0.0,0.0,0.0,0.0,0.0,0.0,0.0,0.0,0.0,0.0,0.0,0.0,0.0,2.0,0.0,0.0,0.0,0.0,3.0,1.0,0.0,1.0,0.0,0.0,0.0,1.0,2.0,17.0,2.0,2.0,8.0,4.0,4.0,6.0,16.0
CHEMBL429321,IC50,79.43,20.0,5.0,7.0,0.0,0.0,1.0,0.0,25.0,8.0,7.0,0.0,0.0,2.0,0.0,2.0,2.0,0.0,0.0,0.0,21.0,7.0,9.0,0.0,0.0,2.0,0.0,2.0,0.0,0.0,17.0,9.0,8.0,0.0,0.0,2.0,0.0,2.0,3.0,0.0,23.0,7.0,5.0,0.0,0.0,0.0,0.0,4.0,1.0,1.0,25.0,8.0,8.0,0.0,0.0,2.0,0.0,2.0,0.0,0.0,0.0,24.0,8.0,3.0,0.0,0.0,4.0,0.0,4.0,18.0,7.0,6.0,0.0,0.0,2.0,0.0,2.0,0.0,0.0,17.0,4.0,6.0,0.0,0.0,3.0,0.0,3.0,2.0,0.0,15.0,3.0,6.0,0.0,0.0,1.0,1.0,0.0,2.0,2.0,1.0,5.0,2.0,1.0,0.0,1.0,0.0,0.0,1.0,0.0,0.0,8.0,0.0,3.0,0.0,0.0,2.0,0.0,0.0,0.0,1.0,0.0,0.0,0.0,0.0,0.0,0.0,0.0,1.0,0.0,3.0,0.0,0.0,4.0,1.0,0.0,5.0,0.0,0.0,1.0,0.0,4.0,1.0,1.0,1.0,0.0,0.0,0.0,1.0,2.0,17.0,3.0,0.0,12.0,13.0,13.0,9.0,19.0
CHEMBL403580,IC50,25.12,23.0,7.0,3.0,0.0,2.0,3.0,0.0,27.0,12.0,4.0,0.0,4.0,2.0,0.0,6.0,1.0,1.0,1.0,1.0,25.0,9.0,7.0,0.0,2.0,2.0,0.0,4.0,0.0,0.0,20.0,9.0,5.0,0.0,6.0,2.0,0.0,8.0,3.0,0.0,24.0,10.0,5.0,0.0,4.0,0.0,4.0,2.0,3.0,1.0,27.0,9.0,6.0,0.0,2.0,2.0,0.0,4.0,0.0,0.0,0.0,26.0,9.0,1.0,0.0,4.0,4.0,0.0,8.0,20.0,11.0,3.0,0.0,2.0,2.0,0.0,4.0,0.0,0.0,21.0,6.0,3.0,0.0,4.0,3.0,0.0,7.0,1.0,0.0,18.0,5.0,3.0,0.0,4.0,2.0,6.0,0.0,1.0,3.0,0.0,2.0,0.0,0.0,0.0,1.0,0.0,0.0,1.0,2.0,0.0,5.0,0.0,1.0,0.0,0.0,0.0,0.0,0.0,0.0,0.0,0.0,0.0,0.0,0.0,0.0,0.0,0.0,0.0,0.0,0.0,1.0,0.0,0.0,1.0,0.0,1.0,2.0,0.0,1.0,0.0,2.0,1.0,1.0,0.0,2.0,0.0,0.0,2.0,3.0,23.0,3.0,0.0,10.0,7.0,7.0,9.0,24.0
CHEMBL403892,IC50,6.31,15.0,5.0,2.0,2.0,0.0,1.0,0.0,21.0,7.0,2.0,2.0,0.0,2.0,0.0,2.0,0.0,0.0,0.0,0.0,21.0,3.0,2.0,1.0,0.0,2.0,0.0,2.0,2.0,0.0,18.0,6.0,2.0,2.0,0.0,1.0,0.0,1.0,0.0,0.0,16.0,6.0,2.0,3.0,0.0,3.0,3.0,0.0,0.0,0.0,17.0,3.0,0.0,3.0,0.0,2.0,0.0,2.0,2.0,0.0,0.0,13.0,2.0,4.0,2.0,0.0,1.0,0.0,1.0,7.0,2.0,6.0,2.0,0.0,4.0,0.0,4.0,0.0,0.0,6.0,0.0,6.0,0.0,0.0,1.0,0.0,1.0,0.0,0.0,2.0,0.0,4.0,0.0,0.0,0.0,0.0,0.0,2.0,2.0,1.0,2.0,1.0,0.0,0.0,2.0,0.0,0.0,1.0,0.0,0.0,6.0,0.0,3.0,1.0,0.0,3.0,0.0,0.0,0.0,0.0,0.0,0.0,0.0,0.0,0.0,0.0,0.0,0.0,0.0,0.0,0.0,0.0,0.0,0.0,0.0,1.0,0.0,0.0,0.0,0.0,2.0,0.0,2.0,1.0,0.0,0.0,0.0,1.0,3.0,14.0,3.0,2.0,9.0,6.0,6.0,5.0,14.0
CHEMBL403407,IC50,25.12,16.0,3.0,4.0,0.0,0.0,1.0,0.0,22.0,4.0,5.0,0.0,0.0,2.0,0.0,2.0,1.0,0.0,0.0,0.0,20.0,5.0,4.0,0.0,0.0,2.0,0.0,2.0,0.0,0.0,21.0,3.0,7.0,0.0,0.0,1.0,0.0,1.0,0.0,0.0,20.0,2.0,3.0,0.0,0.0,3.0,3.0,2.0,0.0,0.0,18.0,0.0,6.0,0.0,0.0,2.0,0.0,2.0,0.0,0.0,1.0,11.0,0.0,8.0,0.0,0.0,3.0,0.0,3.0,6.0,0.0,6.0,0.0,0.0,3.0,0.0,3.0,0.0,0.0,2.0,0.0,4.0,0.0,0.0,0.0,0.0,0.0,0.0,2.0,0.0,0.0,4.0,0.0,0.0,0.0,0.0,0.0,0.0,0.0,1.0,1.0,1.0,0.0,0.0,2.0,0.0,0.0,1.0,0.0,0.0,5.0,0.0,3.0,1.0,0.0,3.0,0.0,0.0,0.0,0.0,0.0,0.0,0.0,0.0,0.0,0.0,0.0,0.0,0.0,0.0,0.0,0.0,0.0,0.0,0.0,1.0,0.0,0.0,0.0,0.0,2.0,0.0,2.0,1.0,0.0,1.0,0.0,0.0,2.0,14.0,2.0,2.0,7.0,4.0,4.0,3.0,15.0
CHEMBL256336,IC50,251.19,12.0,5.0,2.0,2.0,3.0,4.0,0.0,18.0,5.0,2.0,1.0,3.0,2.0,0.0,5.0,0.0,3.0,3.0,3.0,15.0,7.0,2.0,3.0,3.0,2.0,0.0,5.0,2.0,0.0,14.0,6.0,2.0,3.0,6.0,1.0,0.0,7.0,0.0,0.0,13.0,3.0,0.0,3.0,6.0,3.0,9.0,2.0,3.0,0.0,10.0,2.0,4.0,2.0,9.0,1.0,0.0,10.0,0.0,0.0,0.0,7.0,0.0,6.0,0.0,3.0,3.0,0.0,6.0,2.0,0.0,6.0,0.0,6.0,1.0,0.0,7.0,0.0,0.0,0.0,0.0,4.0,0.0,3.0,0.0,0.0,3.0,0.0,2.0,0.0,0.0,0.0,0.0,0.0,0.0,0.0,0.0,0.0,6.0,0.0,1.0,0.0,0.0,0.0,0.0,0.0,0.0,1.0,3.0,0.0,3.0,0.0,1.0,0.0,0.0,0.0,0.0,0.0,0.0,0.0,0.0,0.0,0.0,0.0,0.0,0.0,0.0,0.0,0.0,0.0,0.0,0.0,0.0,0.0,0.0,1.0,3.0,0.0,0.0,0.0,2.0,0.0,0.0,1.0,3.0,0.0,0.0,1.0,3.0,14.0,3.0,2.0,9.0,2.0,2.0,3.0,14.0
CHEMBL256736,IC50,79.43,23.0,7.0,3.0,0.0,0.0,1.0,0.0,28.0,12.0,4.0,0.0,0.0,2.0,0.0,2.0,1.0,0.0,0.0,0.0,25.0,9.0,7.0,0.0,0.0,2.0,0.0,2.0,1.0,0.0,20.0,9.0,5.0,0.0,0.0,2.0,0.0,2.0,2.0,0.0,25.0,8.0,6.0,0.0,0.0,0.0,0.0,1.0,1.0,1.0,29.0,8.0,6.0,0.0,0.0,2.0,0.0,2.0,0.0,0.0,0.0,26.0,10.0,3.0,0.0,0.0,4.0,0.0,4.0,21.0,9.0,2.0,0.0,0.0,3.0,0.0,3.0,0.0,0.0,20.0,6.0,3.0,0.0,0.0,2.0,0.0,2.0,0.0,1.0,19.0,4.0,2.0,0.0,0.0,2.0,2.0,0.0,0.0,0.0,0.0,3.0,0.0,0.0,0.0,1.0,0.0,0.0,1.0,0.0,0.0,5.0,0.0,0.0,0.0,0.0,0.0,0.0,0.0,0.0,0.0,0.0,0.0,0.0,0.0,0.0,0.0,0.0,0.0,0.0,0.0,0.0,0.0,0.0,2.0,1.0,1.0,0.0,0.0,1.0,0.0,2.0,1.0,1.0,0.0,0.0,1.0,0.0,2.0,3.0,23.0,3.0,2.0,10.0,8.0,8.0,9.0,23.0
CHEMBL3092154,IC50,130.0,18.0,5.0,2.0,2.0,0.0,1.0,0.0,23.0,9.0,2.0,1.0,0.0,0.0,0.0,2.0,0.0,0.0,0.0,0.0,20.0,9.0,2.0,2.0,0.0,0.0,0.0,2.0,2.0,0.0,16.0,14.0,2.0,3.0,0.0,0.0,0.0,5.0,0.0,0.0,21.0,10.0,0.0,3.0,0.0,0.0,4.0,2.0,1.0,0.0,22.0,6.0,2.0,4.0,0.0,0.0,0.0,4.0,2.0,0.0,0.0,22.0,3.0,6.0,3.0,0.0,0.0,0.0,1.0,18.0,1.0,6.0,1.0,0.0,0.0,0.0,0.0,0.0,2.0,9.0,0.0,8.0,0.0,0.0,0.0,0.0,0.0,0.0,0.0,2.0,0.0,6.0,0.0,0.0,0.0,0.0,0.0,0.0,0.0,0.0,0.0,0.0,0.0,0.0,0.0,1.0,0.0,0.0,0.0,1.0,1.0,0.0,0.0,0.0,0.0,0.0,0.0,0.0,0.0,0.0,0.0,0.0,0.0,0.0,0.0,0.0,0.0,0.0,0.0,0.0,0.0,0.0,0.0,0.0,0.0,1.0,0.0,0.0,0.0,0.0,2.0,0.0,0.0,0.0,0.0,0.0,0.0,2.0,4.0,22.0,4.0,2.0,9.0,1.0,1.0,1.0,20.0
CHEMBL3092147,IC50,330.0,20.0,5.0,2.0,2.0,0.0,0.0,0.0,26.0,9.0,2.0,2.0,0.0,0.0,0.0,0.0,0.0,0.0,0.0,0.0,24.0,12.0,2.0,2.0,0.0,0.0,0.0,0.0,2.0,0.0,21.0,15.0,4.0,3.0,0.0,0.0,0.0,0.0,0.0,0.0,26.0,12.0,0.0,4.0,0.0,0.0,0.0,2.0,0.0,0.0,29.0,6.0,2.0,4.0,0.0,0.0,0.0,0.0,2.0,0.0,0.0,27.0,3.0,6.0,3.0,0.0,0.0,0.0,0.0,22.0,1.0,8.0,1.0,0.0,0.0,0.0,0.0,0.0,0.0,12.0,0.0,8.0,0.0,0.0,0.0,0.0,0.0,0.0,0.0,3.0,0.0,6.0,0.0,0.0,0.0,0.0,0.0,0.0,0.0,0.0,0.0,0.0,0.0,0.0,2.0,1.0,0.0,0.0,0.0,1.0,3.0,0.0,0.0,0.0,0.0,0.0,0.0,0.0,0.0,0.0,0.0,0.0,0.0,0.0,0.0,0.0,0.0,0.0,0.0,0.0,0.0,0.0,0.0,0.0,0.0,1.0,0.0,0.0,0.0,0.0,2.0,0.0,2.0,0.0,0.0,1.0,0.0,2.0,4.0,22.0,4.0,2.0,9.0,3.0,3.0,1.0,20.0
CHEMBL1479261,IC50,320.0,12.0,5.0,2.0,2.0,3.0,3.0,0.0,15.0,9.0,2.0,1.0,3.0,0.0,0.0,3.0,0.0,3.0,3.0,3.0,13.0,7.0,2.0,2.0,3.0,0.0,0.0,3.0,2.0,0.0,9.0,10.0,2.0,3.0,6.0,0.0,0.0,6.0,0.0,0.0,14.0,5.0,0.0,1.0,3.0,0.0,3.0,2.0,3.0,0.0,10.0,3.0,2.0,2.0,12.0,0.0,0.0,12.0,2.0,0.0,0.0,7.0,2.0,6.0,2.0,9.0,0.0,0.0,9.0,6.0,1.0,2.0,1.0,3.0,0.0,0.0,3.0,6.0,6.0,4.0,0.0,4.0,0.0,0.0,0.0,0.0,0.0,0.0,0.0,1.0,0.0,4.0,0.0,0.0,0.0,0.0,0.0,0.0,0.0,0.0,0.0,0.0,0.0,0.0,0.0,1.0,0.0,0.0,3.0,1.0,2.0,0.0,0.0,0.0,0.0,0.0,0.0,0.0,0.0,0.0,0.0,0.0,0.0,0.0,0.0,0.0,0.0,0.0,0.0,0.0,0.0,0.0,0.0,0.0,0.0,1.0,3.0,0.0,0.0,0.0,2.0,0.0,0.0,0.0,3.0,0.0,0.0,2.0,4.0,16.0,4.0,2.0,9.0,1.0,1.0,2.0,15.0
CHEMBL428367,IC50,1.259,29.0,6.0,5.0,0.0,2.0,3.0,0.0,38.0,10.0,6.0,0.0,4.0,0.0,2.0,6.0,1.0,0.0,0.0,0.0,40.0,7.0,12.0,0.0,5.0,0.0,2.0,7.0,0.0,0.0,40.0,6.0,11.0,0.0,2.0,0.0,2.0,4.0,1.0,0.0,46.0,6.0,8.0,0.0,2.0,0.0,3.0,4.0,1.0,1.0,47.0,7.0,13.0,0.0,2.0,0.0,4.0,6.0,1.0,1.0,1.0,43.0,5.0,16.0,0.0,4.0,0.0,4.0,8.0,38.0,4.0,12.0,0.0,4.0,0.0,4.0,8.0,0.0,0.0,32.0,3.0,8.0,0.0,6.0,0.0,4.0,10.0,2.0,0.0,25.0,1.0,8.0,0.0,5.0,0.0,8.0,1.0,0.0,2.0,0.0,5.0,0.0,3.0,2.0,1.0,1.0,0.0,2.0,2.0,1.0,8.0,0.0,4.0,0.0,0.0,3.0,0.0,0.0,0.0,2.0,1.0,0.0,0.0,0.0,0.0,0.0,2.0,0.0,2.0,0.0,2.0,2.0,0.0,2.0,1.0,2.0,2.0,2.0,1.0,0.0,4.0,2.0,1.0,3.0,0.0,2.0,2.0,0.0,1.0,23.0,2.0,2.0,11.0,9.0,9.0,5.0,26.0
CHEMBL234727,IC50,1.259,27.0,5.0,5.0,0.0,3.0,3.0,0.0,35.0,9.0,6.0,0.0,3.0,0.0,0.0,3.0,1.0,3.0,3.0,3.0,37.0,6.0,10.0,0.0,6.0,0.0,0.0,6.0,0.0,0.0,37.0,6.0,10.0,0.0,6.0,0.0,0.0,6.0,1.0,0.0,41.0,6.0,9.0,0.0,6.0,0.0,6.0,4.0,0.0,0.0,45.0,6.0,11.0,0.0,3.0,0.0,0.0,3.0,1.0,3.0,3.0,39.0,4.0,14.0,0.0,12.0,0.0,0.0,12.0,34.0,4.0,10.0,0.0,12.0,0.0,0.0,12.0,0.0,0.0,28.0,4.0,7.0,0.0,12.0,0.0,0.0,12.0,2.0,0.0,21.0,1.0,9.0,0.0,12.0,0.0,12.0,1.0,0.0,0.0,0.0,1.0,0.0,0.0,0.0,2.0,1.0,0.0,1.0,3.0,1.0,6.0,0.0,1.0,0.0,0.0,0.0,0.0,0.0,0.0,0.0,0.0,0.0,0.0,0.0,0.0,0.0,0.0,0.0,0.0,0.0,1.0,0.0,0.0,1.0,0.0,2.0,3.0,0.0,1.0,0.0,4.0,2.0,2.0,0.0,3.0,2.0,0.0,0.0,1.0,23.0,1.0,2.0,10.0,7.0,7.0,7.0,27.0
CHEMBL390038,IC50,1.585,26.0,5.0,5.0,0.0,2.0,3.0,0.0,33.0,9.0,6.0,0.0,4.0,0.0,0.0,6.0,1.0,0.0,0.0,0.0,35.0,6.0,10.0,0.0,5.0,0.0,0.0,7.0,0.0,0.0,35.0,6.0,10.0,0.0,2.0,0.0,0.0,4.0,1.0,0.0,40.0,5.0,8.0,0.0,2.0,0.0,3.0,4.0,1.0,1.0,41.0,6.0,11.0,0.0,2.0,0.0,0.0,6.0,1.0,1.0,1.0,35.0,4.0,14.0,0.0,4.0,0.0,0.0,8.0,30.0,4.0,10.0,0.0,4.0,0.0,0.0,8.0,0.0,0.0,24.0,3.0,7.0,0.0,6.0,0.0,0.0,10.0,2.0,0.0,19.0,1.0,7.0,0.0,5.0,0.0,7.0,1.0,0.0,2.0,0.0,1.0,0.0,0.0,0.0,2.0,1.0,0.0,2.0,2.0,1.0,5.0,0.0,1.0,0.0,0.0,0.0,0.0,0.0,0.0,0.0,0.0,0.0,0.0,0.0,0.0,0.0,0.0,0.0,0.0,0.0,1.0,0.0,0.0,1.0,0.0,2.0,2.0,2.0,1.0,0.0,4.0,2.0,2.0,0.0,0.0,2.0,2.0,0.0,1.0,23.0,1.0,2.0,10.0,7.0,7.0,6.0,26.0
CHEMBL234518,IC50,1.995,26.0,5.0,5.0,0.0,0.0,1.0,0.0,33.0,9.0,6.0,0.0,0.0,2.0,0.0,2.0,1.0,0.0,0.0,0.0,35.0,6.0,10.0,0.0,0.0,2.0,0.0,2.0,0.0,0.0,35.0,6.0,10.0,0.0,0.0,2.0,0.0,2.0,1.0,0.0,40.0,5.0,8.0,0.0,0.0,1.0,1.0,4.0,1.0,1.0,41.0,6.0,11.0,0.0,0.0,4.0,0.0,4.0,1.0,0.0,0.0,35.0,4.0,14.0,0.0,0.0,4.0,0.0,4.0,30.0,4.0,10.0,0.0,0.0,4.0,0.0,4.0,0.0,0.0,24.0,3.0,7.0,0.0,0.0,4.0,0.0,4.0,2.0,0.0,19.0,1.0,7.0,0.0,0.0,2.0,2.0,1.0,2.0,2.0,0.0,1.0,0.0,0.0,0.0,2.0,1.0,0.0,1.0,0.0,1.0,5.0,0.0,1.0,0.0,0.0,0.0,0.0,0.0,0.0,0.0,0.0,0.0,0.0,0.0,0.0,0.0,0.0,0.0,0.0,0.0,1.0,0.0,0.0,1.0,0.0,2.0,0.0,0.0,1.0,0.0,4.0,2.0,2.0,0.0,0.0,2.0,0.0,0.0,1.0,23.0,1.0,2.0,10.0,7.0,7.0,6.0,26.0
CHEMBL234301,IC50,3.981,25.0,4.0,4.0,0.0,0.0,1.0,0.0,32.0,8.0,5.0,0.0,0.0,2.0,0.0,2.0,0.0,0.0,0.0,0.0,32.0,6.0,9.0,0.0,0.0,2.0,0.0,2.0,0.0,0.0,31.0,6.0,8.0,0.0,0.0,2.0,0.0,2.0,1.0,0.0,36.0,4.0,6.0,0.0,0.0,1.0,1.0,4.0,1.0,1.0,37.0,5.0,7.0,0.0,0.0,4.0,0.0,4.0,0.0,0.0,0.0,29.0,4.0,10.0,0.0,0.0,4.0,0.0,4.0,24.0,4.0,6.0,0.0,0.0,4.0,0.0,4.0,0.0,0.0,20.0,3.0,4.0,0.0,0.0,4.0,0.0,4.0,2.0,0.0,15.0,1.0,4.0,0.0,0.0,1.0,1.0,0.0,2.0,2.0,0.0,1.0,0.0,0.0,0.0,1.0,1.0,0.0,1.0,0.0,1.0,3.0,0.0,0.0,0.0,0.0,0.0,0.0,0.0,0.0,0.0,0.0,0.0,0.0,0.0,0.0,0.0,0.0,0.0,0.0,0.0,0.0,0.0,0.0,0.0,0.0,2.0,0.0,0.0,1.0,0.0,3.0,2.0,1.0,0.0,0.0,2.0,0.0,0.0,1.0,23.0,1.0,2.0,8.0,5.0,5.0,4.0,24.0
CHEMBL234722,IC50,5.012,25.0,3.0,4.0,0.0,0.0,2.0,0.0,32.0,6.0,5.0,0.0,0.0,2.0,2.0,4.0,0.0,0.0,0.0,0.0,32.0,4.0,9.0,0.0,0.0,2.0,2.0,4.0,0.0,0.0,31.0,4.0,8.0,0.0,0.0,2.0,2.0,4.0,1.0,0.0,36.0,2.0,6.0,0.0,0.0,1.0,3.0,2.0,1.0,3.0,37.0,1.0,7.0,0.0,0.0,4.0,4.0,8.0,0.0,0.0,0.0,29.0,2.0,10.0,0.0,0.0,4.0,2.0,6.0,24.0,2.0,6.0,0.0,0.0,4.0,2.0,6.0,0.0,1.0,20.0,1.0,4.0,0.0,0.0,4.0,2.0,6.0,2.0,0.0,15.0,0.0,4.0,0.0,0.0,1.0,2.0,0.0,2.0,2.0,0.0,1.0,0.0,0.0,0.0,1.0,1.0,0.0,1.0,0.0,1.0,3.0,0.0,0.0,0.0,0.0,0.0,0.0,0.0,0.0,0.0,0.0,0.0,0.0,0.0,0.0,0.0,0.0,0.0,0.0,0.0,0.0,0.0,0.0,0.0,0.0,2.0,0.0,0.0,0.0,0.0,3.0,2.0,1.0,0.0,0.0,2.0,0.0,0.0,1.0,23.0,1.0,2.0,7.0,4.0,4.0,4.0,24.0
CHEMBL395756,IC50,158.49,25.0,3.0,4.0,0.0,2.0,4.0,0.0,32.0,6.0,5.0,0.0,4.0,4.0,0.0,8.0,0.0,0.0,0.0,0.0,32.0,4.0,9.0,0.0,5.0,4.0,0.0,9.0,0.0,0.0,31.0,4.0,8.0,0.0,2.0,5.0,0.0,7.0,1.0,0.0,36.0,2.0,6.0,0.0,2.0,6.0,8.0,2.0,1.0,1.0,37.0,1.0,7.0,0.0,2.0,6.0,0.0,8.0,0.0,1.0,3.0,29.0,2.0,10.0,0.0,4.0,6.0,0.0,10.0,24.0,2.0,6.0,0.0,4.0,6.0,0.0,10.0,0.0,0.0,20.0,1.0,4.0,0.0,6.0,5.0,0.0,11.0,2.0,0.0,15.0,0.0,4.0,0.0,5.0,3.0,8.0,0.0,2.0,2.0,0.0,1.0,0.0,0.0,0.0,1.0,1.0,0.0,3.0,2.0,1.0,3.0,0.0,0.0,0.0,0.0,0.0,0.0,0.0,0.0,0.0,0.0,0.0,0.0,0.0,0.0,0.0,0.0,0.0,0.0,0.0,0.0,0.0,0.0,0.0,0.0,2.0,2.0,2.0,0.0,0.0,3.0,2.0,1.0,0.0,0.0,2.0,2.0,0.0,1.0,23.0,1.0,2.0,7.0,4.0,4.0,4.0,24.0
CHEMBL3127157,IC50,1.0,17.0,5.0,2.0,2.0,0.0,0.0,0.0,23.0,9.0,2.0,1.0,0.0,0.0,0.0,0.0,0.0,0.0,0.0,0.0,20.0,10.0,2.0,2.0,0.0,0.0,0.0,0.0,2.0,0.0,16.0,14.0,2.0,3.0,0.0,0.0,0.0,0.0,0.0,0.0,22.0,8.0,0.0,3.0,0.0,0.0,0.0,2.0,0.0,0.0,20.0,5.0,2.0,4.0,0.0,0.0,0.0,0.0,2.0,0.0,0.0,18.0,2.0,6.0,2.0,0.0,0.0,0.0,0.0,11.0,1.0,6.0,1.0,0.0,0.0,0.0,0.0,0.0,0.0,5.0,0.0,8.0,0.0,0.0,0.0,0.0,0.0,0.0,0.0,1.0,0.0,4.0,0.0,0.0,0.0,0.0,0.0,0.0,0.0,0.0,0.0,0.0,0.0,0.0,1.0,1.0,0.0,1.0,0.0,1.0,2.0,0.0,0.0,0.0,0.0,0.0,0.0,0.0,0.0,0.0,0.0,0.0,0.0,0.0,0.0,0.0,0.0,0.0,0.0,0.0,0.0,0.0,0.0,0.0,0.0,1.0,0.0,0.0,0.0,0.0,2.0,0.0,1.0,0.0,0.0,0.0,0.0,2.0,4.0,20.0,4.0,2.0,9.0,2.0,2.0,1.0,18.0
CHEMBL3127178,IC50,1000.0,17.0,5.0,2.0,2.0,0.0,0.0,0.0,22.0,9.0,2.0,1.0,0.0,0.0,0.0,0.0,0.0,0.0,0.0,0.0,22.0,10.0,2.0,2.0,0.0,0.0,0.0,0.0,2.0,0.0,16.0,14.0,2.0,3.0,0.0,0.0,0.0,0.0,0.0,0.0,22.0,8.0,0.0,3.0,0.0,0.0,0.0,2.0,0.0,0.0,21.0,5.0,2.0,4.0,0.0,0.0,0.0,0.0,2.0,0.0,0.0,18.0,2.0,6.0,2.0,0.0,0.0,0.0,0.0,10.0,1.0,6.0,1.0,0.0,0.0,0.0,0.0,0.0,0.0,4.0,0.0,8.0,0.0,0.0,0.0,0.0,0.0,0.0,0.0,1.0,0.0,4.0,0.0,0.0,0.0,0.0,0.0,0.0,0.0,0.0,5.0,0.0,4.0,3.0,0.0,1.0,0.0,0.0,0.0,1.0,6.0,0.0,4.0,0.0,0.0,3.0,0.0,0.0,0.0,2.0,1.0,0.0,0.0,0.0,0.0,0.0,0.0,0.0,0.0,0.0,0.0,0.0,0.0,0.0,0.0,1.0,0.0,0.0,0.0,0.0,2.0,0.0,0.0,5.0,0.0,0.0,0.0,2.0,4.0,16.0,4.0,2.0,9.0,7.0,7.0,1.0,14.0
CHEMBL3127170,IC50,4.0,16.0,5.0,2.0,2.0,0.0,0.0,0.0,21.0,9.0,2.0,1.0,0.0,0.0,0.0,0.0,0.0,0.0,0.0,0.0,18.0,10.0,2.0,2.0,0.0,0.0,0.0,0.0,2.0,0.0,15.0,13.0,2.0,3.0,0.0,0.0,0.0,0.0,0.0,0.0,20.0,7.0,0.0,3.0,0.0,0.0,0.0,2.0,0.0,0.0,19.0,4.0,2.0,3.0,0.0,0.0,0.0,0.0,2.0,0.0,0.0,14.0,2.0,6.0,2.0,0.0,0.0,0.0,0.0,8.0,1.0,6.0,1.0,0.0,0.0,0.0,0.0,0.0,0.0,4.0,0.0,6.0,0.0,0.0,0.0,0.0,0.0,0.0,0.0,1.0,0.0,4.0,0.0,0.0,0.0,0.0,0.0,0.0,0.0,0.0,4.0,0.0,3.0,2.0,0.0,1.0,1.0,0.0,0.0,1.0,7.0,0.0,5.0,0.0,2.0,4.0,0.0,0.0,0.0,3.0,2.0,1.0,0.0,0.0,0.0,0.0,0.0,0.0,0.0,0.0,0.0,0.0,0.0,0.0,0.0,1.0,0.0,0.0,0.0,0.0,2.0,0.0,0.0,4.0,0.0,0.0,0.0,2.0,4.0,14.0,4.0,4.0,9.0,6.0,6.0,2.0,14.0
CHEMBL3127161,IC50,19.0,16.0,6.0,2.0,2.0,0.0,0.0,0.0,21.0,11.0,2.0,1.0,0.0,0.0,0.0,0.0,0.0,0.0,0.0,0.0,18.0,12.0,2.0,2.0,0.0,0.0,0.0,0.0,2.0,0.0,15.0,14.0,2.0,3.0,0.0,0.0,0.0,0.0,0.0,0.0,20.0,9.0,0.0,3.0,0.0,0.0,0.0,2.0,0.0,0.0,19.0,5.0,2.0,3.0,0.0,0.0,0.0,0.0,2.0,0.0,0.0,14.0,6.0,6.0,2.0,0.0,0.0,0.0,0.0,8.0,4.0,6.0,1.0,0.0,0.0,0.0,0.0,0.0,0.0,4.0,1.0,6.0,0.0,0.0,0.0,0.0,0.0,0.0,0.0,1.0,0.0,4.0,0.0,0.0,0.0,0.0,0.0,0.0,0.0,0.0,0.0,0.0,0.0,0.0,0.0,1.0,0.0,1.0,0.0,1.0,1.0,0.0,0.0,0.0,0.0,0.0,0.0,0.0,0.0,0.0,0.0,0.0,0.0,0.0,0.0,0.0,0.0,0.0,0.0,0.0,0.0,0.0,0.0,0.0,0.0,1.0,0.0,0.0,1.0,0.0,2.0,0.0,0.0,0.0,0.0,0.0,0.0,2.0,4.0,20.0,4.0,2.0,10.0,2.0,2.0,1.0,18.0
CHEMBL3127154,IC50,500.0,16.0,5.0,2.0,2.0,1.0,1.0,0.0,21.0,9.0,2.0,1.0,2.0,0.0,0.0,2.0,0.0,0.0,0.0,0.0,18.0,10.0,2.0,2.0,3.0,0.0,0.0,3.0,2.0,0.0,15.0,13.0,2.0,3.0,2.0,0.0,0.0,2.0,0.0,0.0,20.0,7.0,0.0,3.0,3.0,0.0,3.0,2.0,0.0,0.0,19.0,4.0,2.0,3.0,2.0,0.0,0.0,2.0,2.0,0.0,0.0,14.0,2.0,6.0,2.0,3.0,0.0,0.0,3.0,8.0,1.0,6.0,1.0,1.0,0.0,0.0,1.0,0.0,0.0,4.0,0.0,6.0,0.0,0.0,0.0,0.0,0.0,0.0,2.0,1.0,0.0,4.0,0.0,0.0,0.0,0.0,0.0,0.0,0.0,0.0,0.0,0.0,0.0,0.0,0.0,1.0,0.0,0.0,1.0,1.0,1.0,0.0,0.0,0.0,0.0,0.0,0.0,0.0,0.0,0.0,0.0,0.0,0.0,0.0,0.0,0.0,0.0,0.0,0.0,0.0,0.0,0.0,0.0,0.0,0.0,1.0,1.0,1.0,0.0,0.0,2.0,0.0,0.0,0.0,0.0,0.0,1.0,2.0,4.0,20.0,4.0,2.0,9.0,1.0,1.0,1.0,18.0
CHEMBL3127167,IC50,4.0,16.0,5.0,4.0,2.0,0.0,0.0,0.0,22.0,9.0,4.0,1.0,0.0,0.0,0.0,0.0,0.0,0.0,0.0,0.0,20.0,10.0,4.0,2.0,0.0,0.0,0.0,0.0,2.0,0.0,17.0,13.0,3.0,3.0,0.0,0.0,0.0,0.0,0.0,0.0,21.0,7.0,1.0,3.0,0.0,0.0,0.0,2.0,0.0,0.0,20.0,4.0,3.0,3.0,0.0,0.0,0.0,0.0,3.0,0.0,0.0,15.0,3.0,8.0,2.0,0.0,0.0,0.0,0.0,10.0,2.0,9.0,1.0,0.0,0.0,0.0,0.0,0.0,0.0,7.0,0.0,7.0,0.0,0.0,0.0,0.0,0.0,0.0,0.0,2.0,1.0,6.0,1.0,0.0,0.0,0.0,0.0,0.0,0.0,0.0,0.0,0.0,0.0,0.0,1.0,1.0,1.0,0.0,0.0,1.0,2.0,0.0,0.0,0.0,0.0,0.0,0.0,0.0,0.0,0.0,0.0,0.0,0.0,0.0,0.0,0.0,0.0,0.0,0.0,0.0,0.0,0.0,0.0,0.0,0.0,2.0,0.0,0.0,0.0,0.0,3.0,0.0,0.0,0.0,0.0,0.0,0.0,2.0,4.0,20.0,4.0,2.0,11.0,2.0,2.0,2.0,18.0
CHEMBL3127164,IC50,4.5,16.0,5.0,2.0,2.0,1.0,1.0,0.0,21.0,9.0,2.0,1.0,2.0,0.0,0.0,2.0,0.0,0.0,0.0,0.0,18.0,10.0,2.0,2.0,2.0,0.0,0.0,2.0,2.0,0.0,15.0,13.0,2.0,3.0,1.0,0.0,0.0,1.0,0.0,0.0,20.0,7.0,0.0,3.0,1.0,0.0,1.0,2.0,0.0,0.0,19.0,4.0,2.0,3.0,1.0,0.0,0.0,1.0,2.0,0.0,0.0,14.0,2.0,6.0,2.0,2.0,0.0,0.0,2.0,8.0,1.0,6.0,1.0,3.0,0.0,0.0,3.0,0.0,0.0,4.0,0.0,6.0,0.0,1.0,0.0,0.0,1.0,0.0,0.0,1.0,0.0,4.0,0.0,2.0,0.0,2.0,0.0,0.0,0.0,0.0,0.0,0.0,0.0,0.0,0.0,1.0,1.0,0.0,1.0,1.0,1.0,0.0,0.0,0.0,0.0,0.0,0.0,0.0,0.0,0.0,0.0,0.0,0.0,0.0,0.0,0.0,0.0,0.0,0.0,0.0,0.0,0.0,0.0,0.0,0.0,1.0,1.0,1.0,0.0,0.0,2.0,0.0,0.0,0.0,0.0,0.0,1.0,2.0,4.0,20.0,4.0,2.0,9.0,1.0,1.0,1.0,18.0
CHEMBL3127162,IC50,50.0,16.0,7.0,2.0,2.0,0.0,0.0,0.0,22.0,11.0,2.0,1.0,0.0,0.0,0.0,0.0,0.0,0.0,0.0,0.0,20.0,12.0,2.0,2.0,0.0,0.0,0.0,0.0,2.0,0.0,17.0,14.0,2.0,3.0,0.0,0.0,0.0,0.0,0.0,0.0,21.0,10.0,0.0,3.0,0.0,0.0,0.0,2.0,0.0,0.0,21.0,6.0,2.0,3.0,0.0,0.0,0.0,0.0,2.0,0.0,0.0,15.0,7.0,6.0,3.0,0.0,0.0,0.0,0.0,12.0,4.0,6.0,1.0,0.0,0.0,0.0,0.0,0.0,0.0,7.0,1.0,6.0,0.0,0.0,0.0,0.0,0.0,0.0,0.0,2.0,0.0,6.0,0.0,0.0,0.0,0.0,0.0,0.0,0.0,0.0,0.0,0.0,0.0,0.0,1.0,1.0,0.0,1.0,0.0,1.0,2.0,0.0,0.0,0.0,0.0,0.0,0.0,0.0,0.0,0.0,0.0,0.0,0.0,0.0,0.0,0.0,0.0,0.0,0.0,0.0,0.0,0.0,0.0,1.0,0.0,1.0,0.0,0.0,1.0,0.0,2.0,0.0,0.0,0.0,0.0,0.0,0.0,2.0,4.0,20.0,4.0,2.0,11.0,3.0,3.0,2.0,19.0
CHEMBL3092134,IC50,120.0,16.0,5.0,2.0,4.0,0.0,0.0,0.0,21.0,9.0,2.0,4.0,0.0,0.0,0.0,0.0,0.0,0.0,0.0,0.0,18.0,10.0,2.0,3.0,0.0,0.0,0.0,0.0,2.0,0.0,17.0,13.0,2.0,6.0,0.0,0.0,0.0,0.0,0.0,0.0,23.0,9.0,0.0,4.0,0.0,0.0,0.0,2.0,0.0,0.0,19.0,5.0,2.0,8.0,0.0,0.0,0.0,0.0,2.0,0.0,0.0,19.0,2.0,6.0,5.0,0.0,0.0,0.0,0.0,13.0,1.0,6.0,2.0,0.0,0.0,0.0,0.0,0.0,0.0,6.0,0.0,8.0,0.0,0.0,0.0,0.0,0.0,0.0,0.0,1.0,0.0,4.0,0.0,0.0,0.0,0.0,0.0,0.0,0.0,0.0,0.0,0.0,0.0,0.0,1.0,1.0,0.0,0.0,0.0,1.0,2.0,0.0,0.0,0.0,0.0,0.0,0.0,0.0,0.0,0.0,0.0,0.0,0.0,0.0,0.0,0.0,0.0,0.0,0.0,0.0,0.0,0.0,0.0,0.0,0.0,1.0,0.0,0.0,0.0,0.0,2.0,0.0,1.0,0.0,0.0,0.0,0.0,2.0,5.0,21.0,5.0,2.0,11.0,2.0,2.0,1.0,18.0
CHEMBL3127151,IC50,200.0,14.0,7.0,2.0,2.0,0.0,0.0,0.0,19.0,10.0,2.0,1.0,0.0,0.0,0.0,0.0,0.0,0.0,0.0,0.0,15.0,12.0,2.0,2.0,0.0,0.0,0.0,0.0,2.0,0.0,14.0,13.0,2.0,2.0,0.0,0.0,0.0,0.0,0.0,0.0,16.0,11.0,0.0,3.0,0.0,0.0,0.0,2.0,0.0,0.0,16.0,7.0,2.0,3.0,0.0,0.0,0.0,0.0,2.0,0.0,0.0,13.0,3.0,4.0,2.0,0.0,0.0,0.0,0.0,8.0,1.0,6.0,1.0,0.0,0.0,0.0,0.0,0.0,0.0,4.0,0.0,6.0,0.0,0.0,0.0,0.0,0.0,0.0,0.0,1.0,0.0,4.0,0.0,0.0,0.0,0.0,0.0,0.0,0.0,0.0,0.0,0.0,0.0,0.0,0.0,1.0,0.0,0.0,0.0,1.0,1.0,0.0,0.0,0.0,0.0,0.0,0.0,0.0,0.0,0.0,0.0,0.0,0.0,0.0,0.0,0.0,0.0,0.0,0.0,0.0,0.0,0.0,0.0,0.0,0.0,1.0,0.0,0.0,0.0,0.0,2.0,0.0,0.0,0.0,0.0,0.0,0.0,3.0,5.0,20.0,5.0,2.0,11.0,1.0,1.0,1.0,17.0
CHEMBL458448,IC50,10.0,31.0,2.0,5.0,0.0,0.0,1.0,0.0,41.0,3.0,6.0,0.0,0.0,2.0,0.0,2.0,1.0,0.0,0.0,0.0,39.0,4.0,12.0,0.0,0.0,2.0,0.0,2.0,0.0,0.0,40.0,3.0,11.0,0.0,0.0,2.0,0.0,2.0,0.0,0.0,47.0,2.0,10.0,0.0,0.0,2.0,2.0,2.0,0.0,1.0,47.0,3.0,12.0,0.0,0.0,4.0,0.0,4.0,0.0,0.0,0.0,44.0,3.0,12.0,0.0,0.0,4.0,0.0,4.0,36.0,2.0,15.0,0.0,0.0,4.0,0.0,4.0,0.0,0.0,32.0,2.0,8.0,0.0,0.0,4.0,0.0,4.0,2.0,0.0,25.0,1.0,7.0,0.0,0.0,2.0,2.0,1.0,2.0,2.0,1.0,1.0,0.0,0.0,0.0,2.0,1.0,1.0,1.0,0.0,1.0,6.0,0.0,3.0,1.0,0.0,3.0,0.0,0.0,0.0,0.0,0.0,0.0,0.0,0.0,0.0,0.0,0.0,0.0,2.0,0.0,1.0,0.0,0.0,1.0,0.0,2.0,0.0,0.0,1.0,0.0,4.0,2.0,2.0,0.0,0.0,2.0,0.0,0.0,0.0,24.0,0.0,2.0,7.0,8.0,8.0,7.0,28.0
CHEMBL2442489,IC50,580.0,12.0,5.0,3.0,2.0,3.0,3.0,0.0,15.0,9.0,4.0,1.0,3.0,0.0,0.0,3.0,0.0,3.0,3.0,3.0,13.0,7.0,4.0,2.0,3.0,0.0,0.0,3.0,2.0,0.0,9.0,10.0,4.0,3.0,6.0,0.0,0.0,6.0,0.0,0.0,14.0,5.0,1.0,1.0,3.0,0.0,3.0,3.0,3.0,0.0,10.0,3.0,3.0,2.0,12.0,0.0,0.0,12.0,3.0,0.0,0.0,7.0,2.0,8.0,2.0,9.0,0.0,0.0,9.0,6.0,1.0,2.0,1.0,3.0,0.0,0.0,3.0,9.0,9.0,4.0,0.0,6.0,0.0,0.0,0.0,0.0,0.0,0.0,0.0,1.0,0.0,5.0,0.0,0.0,0.0,0.0,0.0,0.0,0.0,0.0,0.0,0.0,0.0,0.0,0.0,2.0,0.0,0.0,3.0,2.0,2.0,0.0,0.0,0.0,0.0,0.0,0.0,0.0,0.0,0.0,0.0,0.0,0.0,0.0,0.0,0.0,0.0,0.0,0.0,0.0,0.0,0.0,0.0,0.0,0.0,1.0,3.0,0.0,0.0,0.0,3.0,0.0,0.0,0.0,3.0,0.0,0.0,2.0,4.0,16.0,4.0,2.0,10.0,2.0,2.0,2.0,15.0
CHEMBL3127165,IC50,20.0,16.0,5.0,2.0,2.0,1.0,1.0,0.0,21.0,9.0,2.0,1.0,2.0,0.0,0.0,2.0,0.0,0.0,0.0,0.0,18.0,10.0,2.0,2.0,2.0,0.0,0.0,2.0,2.0,0.0,15.0,13.0,2.0,3.0,2.0,0.0,0.0,2.0,0.0,0.0,20.0,7.0,0.0,3.0,1.0,0.0,1.0,2.0,1.0,0.0,19.0,4.0,2.0,3.0,2.0,0.0,0.0,2.0,2.0,0.0,0.0,14.0,2.0,6.0,2.0,3.0,0.0,0.0,3.0,8.0,1.0,6.0,1.0,1.0,0.0,0.0,1.0,0.0,0.0,4.0,0.0,6.0,0.0,2.0,0.0,0.0,2.0,0.0,0.0,1.0,0.0,4.0,0.0,1.0,0.0,1.0,0.0,0.0,0.0,0.0,0.0,0.0,0.0,0.0,0.0,1.0,1.0,0.0,1.0,1.0,1.0,0.0,0.0,0.0,0.0,0.0,0.0,0.0,0.0,0.0,0.0,0.0,0.0,0.0,0.0,0.0,0.0,0.0,0.0,0.0,0.0,0.0,0.0,0.0,0.0,1.0,1.0,1.0,0.0,0.0,2.0,0.0,0.0,0.0,0.0,0.0,1.0,2.0,4.0,20.0,4.0,2.0,9.0,1.0,1.0,1.0,18.0
CHEMBL459091,IC50,79.43,28.0,0.0,4.0,0.0,1.0,1.0,0.0,37.0,0.0,5.0,0.0,2.0,0.0,0.0,2.0,0.0,0.0,0.0,0.0,36.0,0.0,9.0,0.0,3.0,0.0,0.0,3.0,0.0,0.0,34.0,0.0,9.0,0.0,3.0,0.0,0.0,3.0,0.0,0.0,38.0,0.0,8.0,0.0,4.0,0.0,4.0,0.0,0.0,0.0,38.0,0.0,7.0,0.0,3.0,0.0,0.0,3.0,0.0,2.0,2.0,33.0,0.0,8.0,0.0,2.0,0.0,0.0,2.0,26.0,0.0,8.0,0.0,2.0,0.0,0.0,2.0,0.0,0.0,21.0,0.0,4.0,0.0,1.0,0.0,0.0,1.0,2.0,0.0,15.0,0.0,4.0,0.0,2.0,0.0,2.0,0.0,0.0,0.0,0.0,1.0,0.0,0.0,0.0,0.0,1.0,2.0,1.0,1.0,1.0,2.0,0.0,0.0,0.0,0.0,0.0,0.0,0.0,0.0,0.0,0.0,0.0,0.0,0.0,0.0,0.0,0.0,0.0,0.0,0.0,0.0,0.0,0.0,0.0,0.0,2.0,1.0,1.0,0.0,0.0,3.0,2.0,0.0,0.0,0.0,2.0,1.0,0.0,0.0,24.0,0.0,2.0,4.0,3.0,3.0,4.0,25.0
CHEMBL255880,IC50,31.62,13.0,5.0,2.0,2.0,0.0,1.0,0.0,19.0,5.0,2.0,1.0,0.0,2.0,0.0,2.0,0.0,0.0,0.0,0.0,16.0,7.0,2.0,3.0,0.0,2.0,0.0,2.0,2.0,0.0,16.0,6.0,2.0,3.0,0.0,1.0,0.0,1.0,0.0,0.0,15.0,4.0,0.0,3.0,0.0,3.0,3.0,2.0,0.0,0.0,13.0,2.0,4.0,2.0,0.0,1.0,0.0,1.0,0.0,0.0,0.0,8.0,1.0,6.0,1.0,0.0,3.0,0.0,3.0,4.0,0.0,6.0,0.0,0.0,2.0,0.0,2.0,0.0,0.0,1.0,0.0,4.0,0.0,0.0,0.0,0.0,0.0,0.0,2.0,0.0,0.0,2.0,0.0,0.0,0.0,0.0,0.0,0.0,0.0,0.0,2.0,0.0,1.0,0.0,1.0,0.0,0.0,1.0,0.0,0.0,4.0,0.0,2.0,0.0,0.0,1.0,0.0,0.0,0.0,0.0,0.0,0.0,0.0,0.0,0.0,0.0,0.0,0.0,0.0,0.0,0.0,0.0,0.0,0.0,0.0,1.0,0.0,0.0,0.0,0.0,2.0,0.0,1.0,2.0,0.0,0.0,0.0,1.0,3.0,14.0,3.0,2.0,9.0,3.0,3.0,3.0,13.0
CHEMBL3092133,IC50,2.0,21.0,5.0,2.0,2.0,0.0,0.0,0.0,29.0,9.0,2.0,1.0,0.0,0.0,0.0,0.0,0.0,0.0,0.0,0.0,27.0,11.0,2.0,2.0,0.0,0.0,0.0,0.0,2.0,0.0,23.0,16.0,2.0,3.0,0.0,0.0,0.0,0.0,0.0,0.0,27.0,11.0,0.0,4.0,0.0,0.0,0.0,2.0,0.0,0.0,27.0,7.0,2.0,5.0,0.0,0.0,0.0,0.0,2.0,0.0,0.0,26.0,3.0,6.0,3.0,0.0,0.0,0.0,0.0,19.0,1.0,8.0,1.0,0.0,0.0,0.0,0.0,0.0,0.0,9.0,0.0,10.0,0.0,0.0,0.0,0.0,0.0,0.0,0.0,2.0,0.0,6.0,0.0,0.0,0.0,0.0,0.0,0.0,0.0,0.0,2.0,0.0,1.0,0.0,0.0,1.0,1.0,0.0,0.0,1.0,3.0,0.0,1.0,0.0,0.0,0.0,0.0,0.0,1.0,0.0,0.0,0.0,0.0,0.0,0.0,0.0,0.0,0.0,0.0,0.0,0.0,0.0,0.0,0.0,0.0,1.0,0.0,0.0,0.0,0.0,2.0,0.0,0.0,2.0,0.0,0.0,0.0,2.0,4.0,22.0,4.0,2.0,9.0,4.0,4.0,1.0,20.0
CHEMBL3092141,IC50,100.0,19.0,5.0,2.0,2.0,1.0,1.0,0.0,25.0,9.0,2.0,1.0,2.0,0.0,0.0,2.0,0.0,0.0,0.0,0.0,22.0,11.0,2.0,2.0,2.0,0.0,0.0,2.0,2.0,0.0,21.0,14.0,2.0,3.0,1.0,0.0,0.0,1.0,0.0,0.0,25.0,11.0,0.0,4.0,1.0,0.0,1.0,2.0,0.0,0.0,26.0,6.0,2.0,4.0,1.0,0.0,0.0,1.0,2.0,0.0,0.0,23.0,3.0,6.0,3.0,3.0,0.0,0.0,3.0,18.0,1.0,8.0,1.0,1.0,0.0,0.0,1.0,0.0,0.0,9.0,0.0,8.0,0.0,4.0,0.0,0.0,4.0,0.0,0.0,2.0,0.0,6.0,0.0,3.0,0.0,3.0,0.0,0.0,0.0,0.0,0.0,0.0,0.0,0.0,1.0,1.0,0.0,0.0,1.0,1.0,2.0,0.0,0.0,0.0,0.0,0.0,0.0,0.0,0.0,0.0,0.0,0.0,0.0,0.0,0.0,0.0,0.0,0.0,0.0,0.0,0.0,0.0,0.0,0.0,0.0,1.0,1.0,1.0,0.0,0.0,2.0,0.0,1.0,0.0,0.0,0.0,1.0,2.0,4.0,22.0,4.0,2.0,9.0,2.0,2.0,1.0,20.0
CHEMBL3092140,IC50,50.0,19.0,5.0,2.0,2.0,1.0,1.0,0.0,25.0,9.0,2.0,1.0,2.0,0.0,0.0,2.0,0.0,0.0,0.0,0.0,22.0,11.0,2.0,2.0,2.0,0.0,0.0,2.0,2.0,0.0,21.0,14.0,2.0,3.0,2.0,0.0,0.0,2.0,0.0,0.0,25.0,11.0,0.0,4.0,1.0,0.0,1.0,2.0,1.0,0.0,26.0,6.0,2.0,4.0,3.0,0.0,0.0,3.0,2.0,0.0,0.0,23.0,3.0,6.0,3.0,1.0,0.0,0.0,1.0,18.0,1.0,8.0,1.0,4.0,0.0,0.0,4.0,0.0,0.0,9.0,0.0,8.0,0.0,3.0,0.0,0.0,3.0,0.0,0.0,2.0,0.0,6.0,0.0,1.0,0.0,1.0,0.0,0.0,2.0,0.0,0.0,0.0,0.0,0.0,1.0,1.0,0.0,0.0,1.0,1.0,2.0,0.0,0.0,0.0,0.0,0.0,0.0,0.0,0.0,0.0,0.0,0.0,0.0,0.0,0.0,0.0,0.0,0.0,0.0,0.0,0.0,0.0,0.0,0.0,0.0,1.0,1.0,1.0,0.0,0.0,2.0,0.0,1.0,0.0,0.0,0.0,1.0,2.0,4.0,22.0,4.0,2.0,9.0,2.0,2.0,1.0,20.0
CHEMBL3092130,IC50,20.0,18.0,6.0,2.0,2.0,0.0,0.0,0.0,23.0,11.0,2.0,1.0,0.0,0.0,0.0,0.0,0.0,0.0,0.0,0.0,20.0,11.0,2.0,2.0,0.0,0.0,0.0,0.0,2.0,0.0,16.0,19.0,2.0,3.0,0.0,0.0,0.0,0.0,0.0,0.0,21.0,14.0,0.0,3.0,0.0,0.0,0.0,2.0,0.0,0.0,22.0,10.0,2.0,4.0,0.0,0.0,0.0,0.0,2.0,0.0,0.0,22.0,4.0,6.0,3.0,0.0,0.0,0.0,0.0,18.0,1.0,6.0,1.0,0.0,0.0,0.0,0.0,0.0,0.0,9.0,0.0,8.0,0.0,0.0,0.0,0.0,0.0,0.0,0.0,2.0,0.0,6.0,0.0,0.0,0.0,0.0,0.0,0.0,0.0,0.0,0.0,0.0,0.0,0.0,0.0,1.0,0.0,0.0,0.0,1.0,1.0,0.0,0.0,0.0,0.0,0.0,0.0,0.0,0.0,0.0,0.0,0.0,0.0,0.0,0.0,0.0,0.0,0.0,0.0,0.0,0.0,0.0,0.0,0.0,0.0,1.0,0.0,0.0,1.0,0.0,2.0,0.0,0.0,0.0,0.0,0.0,0.0,2.0,4.0,22.0,4.0,2.0,10.0,2.0,2.0,1.0,20.0
CHEMBL3127174,IC50,32.0,14.0,8.0,2.0,2.0,0.0,0.0,0.0,20.0,11.0,2.0,1.0,0.0,0.0,0.0,0.0,0.0,0.0,0.0,0.0,17.0,12.0,2.0,2.0,0.0,0.0,0.0,0.0,2.0,0.0,12.0,17.0,2.0,3.0,0.0,0.0,0.0,0.0,0.0,0.0,20.0,7.0,0.0,2.0,0.0,0.0,0.0,2.0,0.0,0.0,18.0,7.0,2.0,3.0,0.0,0.0,0.0,0.0,2.0,0.0,0.0,15.0,4.0,6.0,2.0,0.0,0.0,0.0,0.0,11.0,1.0,4.0,1.0,0.0,0.0,0.0,0.0,0.0,0.0,5.0,1.0,6.0,1.0,0.0,0.0,0.0,0.0,0.0,0.0,3.0,0.0,4.0,0.0,0.0,0.0,0.0,0.0,0.0,0.0,1.0,4.0,2.0,2.0,0.0,1.0,1.0,1.0,0.0,0.0,1.0,7.0,1.0,5.0,1.0,0.0,5.0,2.0,1.0,0.0,4.0,1.0,0.0,0.0,0.0,0.0,0.0,4.0,0.0,2.0,0.0,2.0,2.0,0.0,2.0,1.0,1.0,0.0,0.0,1.0,0.0,2.0,0.0,1.0,2.0,0.0,0.0,0.0,2.0,4.0,14.0,5.0,2.0,12.0,8.0,8.0,2.0,14.0
CHEMBL456679,IC50,251.19,21.0,2.0,4.0,0.0,0.0,1.0,0.0,26.0,4.0,5.0,0.0,0.0,2.0,0.0,2.0,0.0,0.0,0.0,0.0,28.0,3.0,6.0,0.0,0.0,2.0,0.0,2.0,2.0,0.0,29.0,3.0,7.0,0.0,0.0,2.0,0.0,2.0,0.0,0.0,31.0,3.0,7.0,0.0,0.0,2.0,2.0,0.0,0.0,1.0,28.0,2.0,6.0,0.0,0.0,4.0,0.0,4.0,1.0,0.0,0.0,20.0,2.0,8.0,0.0,0.0,3.0,0.0,3.0,13.0,1.0,8.0,0.0,0.0,3.0,0.0,3.0,0.0,0.0,8.0,1.0,4.0,0.0,0.0,2.0,0.0,2.0,2.0,0.0,4.0,0.0,4.0,0.0,0.0,0.0,0.0,0.0,2.0,2.0,0.0,2.0,0.0,1.0,0.0,1.0,0.0,1.0,1.0,0.0,0.0,4.0,0.0,2.0,0.0,0.0,1.0,0.0,0.0,0.0,0.0,0.0,0.0,0.0,0.0,0.0,0.0,0.0,0.0,0.0,1.0,0.0,0.0,1.0,0.0,0.0,2.0,0.0,0.0,0.0,0.0,3.0,0.0,1.0,1.0,0.0,1.0,0.0,1.0,1.0,18.0,1.0,2.0,6.0,3.0,3.0,4.0,18.0
CHEMBL2442488,IC50,320.0,12.0,5.0,3.0,2.0,3.0,3.0,0.0,15.0,9.0,4.0,1.0,3.0,0.0,0.0,3.0,0.0,3.0,3.0,3.0,13.0,7.0,4.0,2.0,3.0,0.0,0.0,3.0,2.0,0.0,9.0,10.0,3.0,3.0,6.0,0.0,0.0,6.0,0.0,0.0,14.0,5.0,1.0,1.0,3.0,0.0,3.0,2.0,3.0,0.0,10.0,3.0,3.0,2.0,12.0,0.0,0.0,12.0,3.0,0.0,0.0,7.0,2.0,7.0,2.0,9.0,0.0,0.0,9.0,6.0,1.0,4.0,1.0,3.0,0.0,0.0,3.0,6.0,6.0,4.0,0.0,4.0,0.0,0.0,0.0,0.0,0.0,0.0,3.0,1.0,0.0,6.0,0.0,0.0,0.0,0.0,0.0,0.0,0.0,0.0,0.0,0.0,0.0,0.0,0.0,2.0,0.0,0.0,3.0,2.0,2.0,0.0,0.0,0.0,0.0,0.0,0.0,0.0,0.0,0.0,0.0,0.0,0.0,0.0,0.0,0.0,0.0,0.0,0.0,0.0,0.0,0.0,0.0,0.0,0.0,1.0,3.0,0.0,0.0,0.0,3.0,0.0,0.0,0.0,3.0,0.0,0.0,2.0,4.0,16.0,4.0,2.0,10.0,2.0,2.0,2.0,15.0
CHEMBL3092151,IC50,30.0,18.0,5.0,2.0,2.0,1.0,1.0,0.0,23.0,9.0,2.0,1.0,2.0,0.0,0.0,2.0,0.0,0.0,0.0,0.0,20.0,9.0,2.0,2.0,2.0,0.0,0.0,2.0,2.0,0.0,16.0,14.0,2.0,3.0,5.0,0.0,0.0,5.0,0.0,0.0,21.0,10.0,0.0,3.0,4.0,0.0,4.0,2.0,1.0,0.0,22.0,6.0,2.0,4.0,4.0,0.0,0.0,4.0,2.0,0.0,0.0,22.0,3.0,6.0,3.0,1.0,0.0,0.0,1.0,18.0,1.0,6.0,1.0,0.0,0.0,0.0,0.0,2.0,2.0,9.0,0.0,8.0,0.0,0.0,0.0,0.0,0.0,0.0,0.0,2.0,0.0,6.0,0.0,0.0,0.0,0.0,0.0,0.0,0.0,0.0,0.0,0.0,0.0,0.0,0.0,1.0,0.0,0.0,1.0,1.0,1.0,0.0,0.0,0.0,0.0,0.0,0.0,0.0,0.0,0.0,0.0,0.0,0.0,0.0,0.0,0.0,0.0,0.0,0.0,0.0,0.0,0.0,0.0,0.0,0.0,1.0,1.0,0.0,0.0,0.0,2.0,0.0,0.0,0.0,0.0,0.0,1.0,2.0,4.0,22.0,4.0,2.0,9.0,1.0,1.0,1.0,20.0
CHEMBL233356,IC50,19.95,22.0,6.0,4.0,1.0,0.0,1.0,2.0,26.0,11.0,6.0,4.0,0.0,2.0,0.0,2.0,4.0,0.0,0.0,0.0,25.0,9.0,10.0,5.0,0.0,3.0,0.0,3.0,2.0,0.0,21.0,8.0,13.0,4.0,0.0,1.0,0.0,1.0,0.0,0.0,23.0,10.0,13.0,3.0,0.0,1.0,1.0,3.0,0.0,0.0,24.0,14.0,14.0,1.0,0.0,2.0,0.0,2.0,2.0,0.0,2.0,26.0,13.0,7.0,0.0,0.0,2.0,0.0,2.0,21.0,10.0,1.0,1.0,0.0,3.0,0.0,3.0,0.0,0.0,14.0,10.0,5.0,2.0,0.0,2.0,0.0,2.0,0.0,0.0,17.0,6.0,5.0,2.0,0.0,1.0,1.0,0.0,0.0,0.0,0.0,2.0,0.0,0.0,0.0,3.0,0.0,0.0,0.0,0.0,0.0,5.0,0.0,0.0,0.0,0.0,0.0,0.0,0.0,0.0,0.0,0.0,0.0,0.0,0.0,0.0,0.0,0.0,0.0,0.0,0.0,0.0,0.0,0.0,2.0,0.0,1.0,0.0,0.0,2.0,2.0,3.0,0.0,2.0,0.0,0.0,0.0,0.0,2.0,3.0,23.0,3.0,4.0,11.0,8.0,8.0,9.0,23.0
CHEMBL232950,IC50,7.943,20.0,6.0,4.0,1.0,3.0,5.0,2.0,24.0,9.0,5.0,4.0,3.0,4.0,0.0,7.0,5.0,3.0,3.0,3.0,21.0,9.0,11.0,5.0,6.0,4.0,0.0,10.0,1.0,0.0,17.0,10.0,14.0,3.0,6.0,3.0,0.0,9.0,0.0,0.0,21.0,9.0,11.0,3.0,3.0,3.0,6.0,3.0,0.0,2.0,21.0,14.0,12.0,0.0,0.0,4.0,0.0,4.0,2.0,0.0,3.0,20.0,13.0,3.0,1.0,0.0,5.0,0.0,5.0,16.0,11.0,5.0,2.0,6.0,4.0,0.0,10.0,0.0,0.0,17.0,7.0,6.0,2.0,9.0,3.0,0.0,12.0,0.0,0.0,21.0,2.0,4.0,1.0,6.0,4.0,10.0,0.0,0.0,3.0,0.0,1.0,0.0,0.0,0.0,1.0,0.0,0.0,0.0,3.0,0.0,3.0,0.0,0.0,0.0,0.0,0.0,0.0,0.0,0.0,0.0,0.0,0.0,0.0,0.0,0.0,0.0,0.0,0.0,0.0,0.0,0.0,0.0,0.0,1.0,0.0,1.0,3.0,0.0,2.0,2.0,3.0,0.0,0.0,0.0,3.0,0.0,0.0,2.0,3.0,23.0,3.0,4.0,11.0,5.0,5.0,9.0,24.0
CHEMBL397957,IC50,39.81,28.0,1.0,4.0,0.0,2.0,2.0,0.0,38.0,1.0,5.0,0.0,4.0,0.0,0.0,4.0,0.0,0.0,0.0,0.0,35.0,2.0,9.0,0.0,5.0,0.0,0.0,5.0,0.0,0.0,34.0,2.0,9.0,0.0,2.0,0.0,0.0,2.0,0.0,0.0,36.0,2.0,9.0,0.0,2.0,0.0,2.0,0.0,0.0,0.0,38.0,2.0,6.0,0.0,2.0,0.0,0.0,2.0,1.0,1.0,1.0,32.0,4.0,8.0,0.0,4.0,0.0,0.0,4.0,29.0,3.0,6.0,0.0,5.0,0.0,0.0,5.0,0.0,0.0,23.0,4.0,4.0,0.0,7.0,0.0,0.0,7.0,2.0,0.0,14.0,4.0,6.0,0.0,5.0,0.0,5.0,0.0,0.0,0.0,0.0,4.0,0.0,2.0,1.0,0.0,1.0,0.0,2.0,2.0,1.0,8.0,0.0,4.0,0.0,2.0,3.0,0.0,0.0,2.0,2.0,1.0,0.0,0.0,0.0,0.0,0.0,0.0,0.0,0.0,0.0,0.0,0.0,0.0,0.0,0.0,2.0,2.0,2.0,1.0,0.0,3.0,2.0,0.0,3.0,0.0,2.0,2.0,0.0,0.0,18.0,0.0,6.0,5.0,7.0,7.0,6.0,21.0
CHEMBL395311,IC50,79.43,27.0,0.0,4.0,2.0,1.0,1.0,2.0,37.0,0.0,9.0,2.0,2.0,0.0,0.0,2.0,0.0,0.0,0.0,0.0,35.0,0.0,13.0,2.0,2.0,0.0,0.0,2.0,0.0,0.0,34.0,0.0,13.0,2.0,1.0,0.0,0.0,1.0,0.0,0.0,36.0,0.0,12.0,2.0,1.0,0.0,1.0,0.0,0.0,0.0,36.0,0.0,11.0,4.0,0.0,0.0,0.0,0.0,0.0,1.0,1.0,33.0,0.0,16.0,3.0,1.0,0.0,0.0,1.0,28.0,0.0,12.0,4.0,2.0,0.0,0.0,2.0,0.0,0.0,23.0,0.0,12.0,4.0,3.0,0.0,0.0,3.0,2.0,0.0,17.0,0.0,12.0,1.0,3.0,0.0,3.0,0.0,0.0,0.0,0.0,4.0,0.0,2.0,1.0,1.0,1.0,0.0,1.0,1.0,1.0,8.0,0.0,4.0,0.0,2.0,3.0,0.0,0.0,2.0,2.0,1.0,0.0,0.0,0.0,0.0,0.0,0.0,0.0,0.0,0.0,0.0,0.0,0.0,0.0,0.0,2.0,1.0,1.0,0.0,0.0,5.0,2.0,0.0,3.0,0.0,2.0,1.0,0.0,0.0,18.0,0.0,10.0,6.0,8.0,8.0,7.0,22.0
CHEMBL388478,IC50,7.943,26.0,3.0,4.0,0.0,5.0,5.0,0.0,34.0,6.0,5.0,0.0,7.0,0.0,0.0,7.0,0.0,3.0,3.0,3.0,34.0,4.0,9.0,0.0,11.0,0.0,0.0,11.0,0.0,0.0,33.0,4.0,8.0,0.0,8.0,0.0,0.0,8.0,1.0,0.0,37.0,3.0,7.0,0.0,7.0,0.0,7.0,2.0,1.0,0.0,41.0,1.0,7.0,0.0,5.0,0.0,0.0,5.0,0.0,4.0,4.0,33.0,2.0,10.0,0.0,17.0,0.0,0.0,17.0,28.0,2.0,6.0,0.0,16.0,0.0,0.0,16.0,0.0,0.0,24.0,1.0,4.0,0.0,17.0,0.0,0.0,17.0,2.0,1.0,16.0,0.0,6.0,0.0,17.0,0.0,17.0,0.0,0.0,0.0,0.0,1.0,0.0,0.0,0.0,1.0,1.0,0.0,2.0,5.0,1.0,4.0,0.0,0.0,0.0,0.0,0.0,0.0,0.0,0.0,0.0,0.0,0.0,0.0,0.0,0.0,0.0,0.0,0.0,0.0,0.0,0.0,0.0,0.0,0.0,0.0,2.0,5.0,2.0,0.0,0.0,3.0,2.0,1.0,0.0,3.0,2.0,2.0,0.0,1.0,23.0,1.0,2.0,7.0,4.0,4.0,5.0,25.0
CHEMBL228963,IC50,1.259,27.0,5.0,4.0,0.0,0.0,1.0,0.0,36.0,9.0,5.0,0.0,0.0,2.0,0.0,2.0,0.0,0.0,0.0,0.0,37.0,6.0,9.0,0.0,0.0,2.0,0.0,2.0,0.0,0.0,35.0,6.0,10.0,0.0,0.0,2.0,0.0,2.0,1.0,0.0,36.0,6.0,8.0,0.0,0.0,1.0,1.0,4.0,1.0,1.0,41.0,5.0,7.0,0.0,0.0,4.0,0.0,4.0,0.0,0.0,0.0,37.0,4.0,10.0,0.0,0.0,4.0,0.0,4.0,28.0,4.0,6.0,0.0,0.0,4.0,0.0,4.0,0.0,0.0,24.0,3.0,6.0,0.0,0.0,4.0,0.0,4.0,2.0,0.0,19.0,1.0,4.0,0.0,0.0,3.0,3.0,0.0,2.0,2.0,0.0,1.0,0.0,0.0,0.0,1.0,1.0,0.0,1.0,0.0,1.0,3.0,0.0,0.0,0.0,0.0,0.0,0.0,0.0,0.0,0.0,0.0,0.0,0.0,0.0,0.0,0.0,0.0,0.0,0.0,0.0,0.0,0.0,0.0,0.0,0.0,2.0,0.0,0.0,0.0,0.0,3.0,2.0,1.0,0.0,0.0,3.0,0.0,0.0,2.0,26.0,2.0,2.0,9.0,6.0,6.0,4.0,27.0
CHEMBL467578,IC50,50.12,26.0,2.0,4.0,0.0,1.0,3.0,0.0,33.0,4.0,5.0,0.0,2.0,2.0,2.0,6.0,0.0,0.0,0.0,0.0,33.0,3.0,7.0,0.0,3.0,2.0,2.0,7.0,2.0,0.0,31.0,3.0,9.0,0.0,1.0,2.0,1.0,4.0,0.0,0.0,35.0,3.0,8.0,0.0,1.0,2.0,4.0,0.0,0.0,1.0,36.0,2.0,6.0,0.0,2.0,4.0,0.0,6.0,1.0,0.0,1.0,31.0,2.0,8.0,0.0,3.0,3.0,1.0,7.0,25.0,1.0,8.0,0.0,3.0,4.0,2.0,9.0,0.0,0.0,19.0,2.0,4.0,0.0,3.0,4.0,3.0,10.0,2.0,0.0,13.0,2.0,4.0,0.0,2.0,1.0,6.0,0.0,2.0,2.0,0.0,1.0,0.0,0.0,0.0,0.0,0.0,1.0,2.0,1.0,0.0,2.0,0.0,0.0,0.0,0.0,0.0,0.0,0.0,0.0,0.0,0.0,0.0,0.0,0.0,0.0,0.0,0.0,0.0,0.0,0.0,0.0,0.0,0.0,0.0,0.0,2.0,1.0,1.0,0.0,0.0,3.0,1.0,0.0,0.0,0.0,1.0,1.0,1.0,1.0,24.0,1.0,2.0,6.0,2.0,2.0,4.0,24.0
CHEMBL254558,IC50,39.81,25.0,5.0,3.0,0.0,2.0,3.0,0.0,30.0,9.0,4.0,0.0,4.0,2.0,0.0,6.0,1.0,1.0,1.0,1.0,27.0,7.0,7.0,0.0,4.0,2.0,0.0,6.0,0.0,0.0,20.0,10.0,6.0,0.0,6.0,2.0,0.0,8.0,2.0,0.0,25.0,9.0,5.0,0.0,4.0,0.0,4.0,2.0,3.0,1.0,28.0,9.0,6.0,0.0,2.0,2.0,0.0,4.0,0.0,0.0,0.0,27.0,9.0,1.0,0.0,4.0,4.0,0.0,8.0,22.0,9.0,3.0,0.0,2.0,2.0,0.0,4.0,0.0,0.0,22.0,5.0,3.0,0.0,4.0,3.0,0.0,7.0,1.0,0.0,20.0,3.0,3.0,0.0,4.0,2.0,6.0,0.0,1.0,3.0,0.0,2.0,0.0,0.0,0.0,1.0,0.0,0.0,1.0,2.0,0.0,5.0,0.0,1.0,0.0,0.0,0.0,0.0,0.0,1.0,0.0,0.0,0.0,0.0,0.0,0.0,0.0,0.0,0.0,0.0,0.0,1.0,0.0,0.0,1.0,0.0,1.0,2.0,0.0,1.0,0.0,2.0,1.0,1.0,0.0,2.0,0.0,0.0,1.0,2.0,23.0,2.0,0.0,8.0,7.0,7.0,9.0,25.0
CHEMBL258200,IC50,31.62,20.0,5.0,3.0,0.0,0.0,1.0,0.0,24.0,9.0,4.0,0.0,0.0,2.0,0.0,2.0,1.0,0.0,0.0,0.0,20.0,8.0,8.0,0.0,0.0,2.0,0.0,2.0,0.0,0.0,18.0,10.0,4.0,0.0,0.0,2.0,0.0,2.0,2.0,0.0,23.0,9.0,3.0,0.0,0.0,0.0,0.0,2.0,1.0,1.0,23.0,9.0,5.0,0.0,0.0,2.0,0.0,2.0,0.0,0.0,0.0,19.0,8.0,1.0,0.0,0.0,4.0,0.0,4.0,16.0,5.0,3.0,0.0,0.0,2.0,0.0,2.0,0.0,0.0,18.0,1.0,3.0,0.0,0.0,1.0,0.0,1.0,1.0,0.0,12.0,2.0,4.0,0.0,0.0,1.0,1.0,0.0,1.0,1.0,2.0,7.0,3.0,4.0,3.0,3.0,0.0,0.0,1.0,0.0,0.0,13.0,1.0,10.0,2.0,0.0,11.0,2.0,1.0,0.0,8.0,8.0,3.0,1.0,0.0,0.0,0.0,2.0,0.0,2.0,2.0,1.0,0.0,1.0,1.0,0.0,1.0,0.0,0.0,1.0,0.0,2.0,0.0,3.0,5.0,0.0,0.0,0.0,1.0,2.0,11.0,2.0,0.0,8.0,16.0,16.0,8.0,14.0
CHEMBL233772,IC50,158.49,26.0,5.0,4.0,0.0,2.0,3.0,0.0,35.0,8.0,5.0,0.0,4.0,0.0,2.0,6.0,2.0,0.0,0.0,0.0,34.0,6.0,11.0,0.0,5.0,0.0,2.0,7.0,0.0,0.0,32.0,6.0,8.0,0.0,2.0,0.0,2.0,4.0,1.0,1.0,36.0,3.0,6.0,0.0,2.0,0.0,3.0,1.0,1.0,1.0,39.0,3.0,5.0,0.0,2.0,0.0,4.0,6.0,1.0,1.0,1.0,33.0,6.0,8.0,0.0,4.0,0.0,4.0,8.0,26.0,4.0,8.0,0.0,4.0,0.0,4.0,8.0,0.0,0.0,22.0,3.0,5.0,0.0,6.0,0.0,4.0,10.0,1.0,0.0,17.0,2.0,4.0,0.0,5.0,0.0,7.0,1.0,0.0,1.0,0.0,1.0,0.0,0.0,0.0,1.0,0.0,0.0,3.0,2.0,0.0,4.0,0.0,0.0,0.0,0.0,0.0,0.0,0.0,0.0,0.0,0.0,0.0,0.0,0.0,0.0,0.0,0.0,0.0,0.0,0.0,0.0,0.0,0.0,2.0,1.0,1.0,2.0,2.0,1.0,0.0,3.0,1.0,1.0,0.0,0.0,6.0,2.0,0.0,1.0,23.0,2.0,4.0,9.0,5.0,5.0,3.0,26.0
CHEMBL391930,IC50,501.19,31.0,5.0,3.0,0.0,2.0,3.0,0.0,39.0,9.0,4.0,0.0,4.0,0.0,2.0,6.0,1.0,0.0,0.0,0.0,38.0,8.0,8.0,0.0,5.0,0.0,2.0,7.0,0.0,0.0,37.0,7.0,8.0,0.0,2.0,0.0,2.0,4.0,1.0,0.0,45.0,3.0,7.0,0.0,2.0,0.0,3.0,1.0,1.0,1.0,47.0,4.0,6.0,0.0,2.0,0.0,4.0,6.0,0.0,1.0,1.0,39.0,8.0,6.0,0.0,4.0,0.0,4.0,8.0,36.0,6.0,4.0,0.0,4.0,0.0,4.0,8.0,0.0,0.0,35.0,4.0,2.0,0.0,6.0,0.0,4.0,10.0,1.0,0.0,31.0,2.0,3.0,0.0,5.0,0.0,6.0,0.0,0.0,1.0,0.0,1.0,0.0,0.0,0.0,1.0,0.0,0.0,2.0,2.0,0.0,3.0,0.0,0.0,0.0,0.0,0.0,0.0,0.0,0.0,0.0,0.0,0.0,0.0,0.0,0.0,0.0,0.0,0.0,0.0,0.0,0.0,0.0,0.0,1.0,0.0,1.0,2.0,2.0,1.0,0.0,2.0,1.0,1.0,0.0,0.0,2.0,2.0,0.0,1.0,29.0,1.0,2.0,8.0,5.0,5.0,6.0,31.0
CHEMBL390189,IC50,0.5012,25.0,4.0,4.0,0.0,2.0,3.0,0.0,32.0,8.0,5.0,0.0,4.0,0.0,2.0,6.0,0.0,0.0,0.0,0.0,32.0,6.0,9.0,0.0,5.0,0.0,2.0,7.0,0.0,0.0,31.0,6.0,8.0,0.0,2.0,0.0,2.0,4.0,1.0,0.0,36.0,4.0,6.0,0.0,2.0,0.0,3.0,4.0,1.0,1.0,37.0,5.0,7.0,0.0,2.0,0.0,4.0,6.0,0.0,1.0,1.0,29.0,4.0,10.0,0.0,4.0,0.0,4.0,8.0,24.0,4.0,6.0,0.0,4.0,0.0,4.0,8.0,0.0,0.0,20.0,3.0,4.0,0.0,6.0,0.0,4.0,10.0,2.0,0.0,15.0,1.0,4.0,0.0,5.0,0.0,6.0,0.0,0.0,2.0,0.0,1.0,0.0,0.0,0.0,1.0,1.0,0.0,2.0,2.0,1.0,3.0,0.0,0.0,0.0,0.0,0.0,0.0,0.0,0.0,0.0,0.0,0.0,0.0,0.0,0.0,0.0,0.0,0.0,0.0,0.0,0.0,0.0,0.0,0.0,0.0,2.0,2.0,2.0,1.0,0.0,3.0,2.0,1.0,0.0,0.0,2.0,2.0,0.0,1.0,23.0,1.0,2.0,8.0,5.0,5.0,4.0,24.0
CHEMBL289568,IC50,10000.0,24.0,0.0,5.0,0.0,1.0,1.0,0.0,28.0,0.0,8.0,0.0,2.0,0.0,0.0,2.0,0.0,0.0,0.0,0.0,25.0,0.0,10.0,0.0,2.0,0.0,0.0,2.0,0.0,0.0,22.0,0.0,8.0,0.0,2.0,0.0,0.0,2.0,0.0,1.0,21.0,0.0,10.0,0.0,1.0,0.0,1.0,0.0,0.0,0.0,20.0,0.0,11.0,0.0,1.0,0.0,0.0,1.0,0.0,0.0,0.0,19.0,0.0,8.0,0.0,1.0,0.0,0.0,1.0,19.0,0.0,7.0,0.0,1.0,0.0,0.0,1.0,0.0,0.0,19.0,0.0,10.0,0.0,1.0,0.0,0.0,1.0,0.0,0.0,15.0,0.0,12.0,0.0,2.0,0.0,2.0,2.0,0.0,0.0,5.0,11.0,6.0,7.0,4.0,0.0,4.0,0.0,0.0,1.0,4.0,17.0,2.0,17.0,2.0,0.0,19.0,8.0,10.0,1.0,22.0,21.0,21.0,21.0,20.0,12.0,11.0,0.0,10.0,0.0,9.0,0.0,0.0,7.0,0.0,0.0,4.0,1.0,1.0,0.0,0.0,5.0,0.0,0.0,11.0,0.0,0.0,1.0,0.0,0.0,6.0,0.0,0.0,5.0,22.0,22.0,13.0,12.0
CHEMBL213669,IC50,123.03,17.0,3.0,4.0,0.0,1.0,2.0,0.0,20.0,7.0,5.0,0.0,2.0,0.0,2.0,4.0,0.0,0.0,0.0,0.0,17.0,4.0,7.0,0.0,1.0,0.0,2.0,3.0,2.0,0.0,14.0,4.0,5.0,0.0,1.0,0.0,2.0,3.0,3.0,0.0,17.0,4.0,4.0,0.0,1.0,0.0,1.0,1.0,1.0,1.0,20.0,3.0,4.0,0.0,2.0,0.0,2.0,4.0,0.0,0.0,0.0,17.0,3.0,5.0,0.0,2.0,0.0,3.0,5.0,11.0,4.0,4.0,0.0,2.0,0.0,3.0,5.0,0.0,0.0,8.0,3.0,4.0,0.0,1.0,0.0,2.0,3.0,0.0,2.0,7.0,1.0,2.0,0.0,2.0,0.0,3.0,0.0,0.0,0.0,0.0,2.0,0.0,0.0,0.0,0.0,1.0,0.0,1.0,1.0,1.0,3.0,0.0,0.0,0.0,0.0,0.0,0.0,0.0,0.0,0.0,0.0,0.0,0.0,0.0,0.0,0.0,0.0,0.0,0.0,0.0,0.0,0.0,0.0,0.0,0.0,2.0,1.0,0.0,0.0,0.0,3.0,1.0,0.0,0.0,0.0,1.0,1.0,1.0,2.0,17.0,2.0,2.0,7.0,5.0,5.0,6.0,17.0
CHEMBL404760,IC50,50.12,17.0,2.0,4.0,2.0,0.0,1.0,0.0,21.0,3.0,5.0,2.0,0.0,2.0,0.0,2.0,0.0,0.0,0.0,0.0,17.0,3.0,7.0,3.0,0.0,2.0,0.0,2.0,0.0,0.0,15.0,2.0,5.0,3.0,0.0,2.0,0.0,2.0,3.0,0.0,17.0,2.0,5.0,2.0,0.0,0.0,0.0,0.0,1.0,1.0,20.0,1.0,3.0,1.0,0.0,3.0,0.0,3.0,0.0,0.0,0.0,16.0,2.0,5.0,2.0,0.0,2.0,0.0,2.0,12.0,2.0,4.0,2.0,0.0,3.0,0.0,3.0,0.0,0.0,8.0,1.0,4.0,1.0,0.0,2.0,0.0,2.0,0.0,2.0,6.0,0.0,2.0,0.0,0.0,1.0,1.0,0.0,0.0,0.0,0.0,2.0,0.0,0.0,0.0,0.0,0.0,0.0,1.0,0.0,0.0,3.0,0.0,1.0,0.0,0.0,0.0,0.0,0.0,0.0,0.0,0.0,0.0,0.0,0.0,0.0,0.0,0.0,0.0,0.0,0.0,0.0,0.0,1.0,0.0,0.0,2.0,0.0,0.0,0.0,0.0,3.0,1.0,0.0,1.0,0.0,0.0,0.0,1.0,2.0,17.0,2.0,0.0,8.0,4.0,4.0,5.0,16.0
CHEMBL270174,IC50,158.49,20.0,2.0,4.0,0.0,0.0,1.0,0.0,24.0,4.0,5.0,0.0,0.0,2.0,0.0,2.0,0.0,0.0,0.0,0.0,22.0,2.0,7.0,0.0,0.0,2.0,0.0,2.0,2.0,0.0,18.0,2.0,8.0,0.0,0.0,2.0,0.0,2.0,0.0,0.0,20.0,2.0,6.0,0.0,0.0,1.0,1.0,1.0,0.0,1.0,23.0,2.0,4.0,0.0,0.0,2.0,0.0,2.0,0.0,0.0,0.0,21.0,1.0,6.0,0.0,0.0,3.0,0.0,3.0,15.0,2.0,4.0,0.0,0.0,4.0,0.0,4.0,0.0,0.0,10.0,2.0,4.0,0.0,0.0,2.0,0.0,2.0,0.0,2.0,9.0,1.0,2.0,0.0,0.0,1.0,1.0,0.0,0.0,0.0,0.0,2.0,0.0,0.0,0.0,0.0,1.0,0.0,1.0,0.0,1.0,3.0,0.0,0.0,0.0,0.0,0.0,0.0,0.0,0.0,0.0,0.0,0.0,0.0,0.0,0.0,0.0,0.0,0.0,0.0,0.0,0.0,0.0,0.0,0.0,0.0,2.0,0.0,0.0,0.0,0.0,3.0,1.0,0.0,1.0,0.0,1.0,0.0,1.0,1.0,18.0,1.0,2.0,6.0,5.0,5.0,6.0,18.0
CHEMBL403460,IC50,79.43,17.0,3.0,4.0,0.0,0.0,1.0,0.0,20.0,7.0,5.0,0.0,0.0,2.0,0.0,2.0,0.0,0.0,0.0,0.0,17.0,4.0,7.0,0.0,0.0,2.0,0.0,2.0,2.0,0.0,14.0,4.0,5.0,0.0,0.0,2.0,0.0,2.0,3.0,0.0,17.0,4.0,4.0,0.0,0.0,0.0,0.0,1.0,1.0,1.0,20.0,3.0,4.0,0.0,0.0,2.0,0.0,2.0,0.0,0.0,0.0,17.0,3.0,5.0,0.0,0.0,3.0,0.0,3.0,11.0,4.0,4.0,0.0,0.0,3.0,0.0,3.0,0.0,0.0,8.0,3.0,4.0,0.0,0.0,2.0,0.0,2.0,0.0,2.0,7.0,1.0,2.0,0.0,0.0,1.0,1.0,0.0,0.0,0.0,0.0,2.0,0.0,0.0,0.0,0.0,0.0,0.0,1.0,0.0,0.0,3.0,0.0,0.0,0.0,0.0,0.0,0.0,0.0,0.0,0.0,0.0,0.0,0.0,0.0,0.0,0.0,0.0,0.0,0.0,0.0,0.0,0.0,0.0,0.0,0.0,2.0,0.0,0.0,0.0,0.0,3.0,1.0,0.0,0.0,0.0,1.0,0.0,1.0,2.0,17.0,2.0,2.0,7.0,4.0,4.0,6.0,17.0
CHEMBL209078,IC50,7.943,25.0,3.0,4.0,0.0,2.0,3.0,0.0,32.0,6.0,5.0,0.0,4.0,0.0,2.0,6.0,0.0,0.0,0.0,0.0,32.0,4.0,9.0,0.0,5.0,0.0,2.0,7.0,0.0,0.0,31.0,4.0,8.0,0.0,3.0,0.0,2.0,5.0,1.0,0.0,36.0,2.0,6.0,0.0,1.0,0.0,2.0,2.0,1.0,2.0,37.0,1.0,7.0,0.0,3.0,0.0,4.0,7.0,0.0,0.0,0.0,29.0,2.0,10.0,0.0,5.0,0.0,4.0,9.0,24.0,2.0,6.0,0.0,5.0,0.0,4.0,9.0,0.0,0.0,20.0,1.0,4.0,0.0,5.0,0.0,4.0,9.0,2.0,0.0,15.0,0.0,4.0,0.0,6.0,0.0,7.0,0.0,0.0,2.0,0.0,1.0,0.0,0.0,0.0,1.0,1.0,0.0,2.0,2.0,1.0,3.0,0.0,0.0,0.0,0.0,0.0,0.0,0.0,0.0,0.0,0.0,0.0,0.0,0.0,0.0,0.0,0.0,0.0,0.0,0.0,0.0,0.0,0.0,0.0,0.0,2.0,2.0,2.0,0.0,0.0,3.0,2.0,1.0,0.0,0.0,2.0,2.0,0.0,1.0,23.0,1.0,2.0,7.0,4.0,4.0,4.0,24.0
CHEMBL233159,IC50,63.1,31.0,7.0,2.0,0.0,2.0,3.0,0.0,40.0,12.0,3.0,0.0,4.0,0.0,2.0,6.0,0.0,0.0,0.0,0.0,39.0,12.0,5.0,0.0,5.0,0.0,2.0,7.0,0.0,0.0,39.0,10.0,4.0,0.0,2.0,0.0,2.0,4.0,1.0,0.0,46.0,4.0,4.0,0.0,2.0,0.0,3.0,0.0,1.0,1.0,47.0,7.0,3.0,0.0,2.0,0.0,4.0,6.0,0.0,1.0,1.0,39.0,12.0,2.0,0.0,4.0,0.0,4.0,8.0,38.0,8.0,2.0,0.0,4.0,0.0,4.0,8.0,0.0,0.0,36.0,5.0,0.0,0.0,6.0,0.0,4.0,10.0,0.0,0.0,31.0,4.0,2.0,0.0,5.0,0.0,6.0,0.0,0.0,0.0,0.0,1.0,0.0,0.0,0.0,1.0,0.0,1.0,2.0,2.0,0.0,2.0,0.0,0.0,0.0,0.0,0.0,0.0,0.0,0.0,0.0,0.0,0.0,0.0,0.0,0.0,0.0,0.0,0.0,0.0,0.0,0.0,0.0,0.0,0.0,0.0,1.0,2.0,2.0,0.0,0.0,1.0,1.0,1.0,0.0,0.0,0.0,2.0,1.0,3.0,32.0,3.0,0.0,9.0,5.0,5.0,3.0,31.0
CHEMBL391931,IC50,39.81,33.0,5.0,3.0,0.0,0.0,1.0,0.0,42.0,9.0,4.0,0.0,0.0,2.0,0.0,2.0,1.0,0.0,0.0,0.0,42.0,8.0,8.0,0.0,0.0,2.0,0.0,2.0,0.0,0.0,40.0,8.0,8.0,0.0,0.0,2.0,0.0,2.0,1.0,0.0,47.0,4.0,7.0,0.0,0.0,1.0,1.0,1.0,1.0,1.0,49.0,4.0,7.0,0.0,0.0,4.0,0.0,4.0,0.0,0.0,0.0,42.0,8.0,7.0,0.0,0.0,4.0,0.0,4.0,40.0,6.0,4.0,0.0,0.0,4.0,0.0,4.0,0.0,0.0,38.0,5.0,2.0,0.0,0.0,4.0,0.0,4.0,1.0,0.0,34.0,3.0,3.0,0.0,0.0,1.0,1.0,0.0,1.0,1.0,1.0,1.0,0.0,0.0,0.0,2.0,0.0,0.0,1.0,0.0,0.0,5.0,0.0,1.0,0.0,0.0,0.0,0.0,0.0,1.0,0.0,0.0,0.0,0.0,0.0,0.0,0.0,0.0,0.0,0.0,0.0,1.0,1.0,0.0,2.0,1.0,1.0,0.0,0.0,1.0,0.0,2.0,1.0,2.0,0.0,0.0,2.0,0.0,0.0,1.0,29.0,1.0,2.0,8.0,7.0,7.0,7.0,32.0
CHEMBL255319,IC50,1000.0,11.0,8.0,3.0,2.0,0.0,1.0,0.0,20.0,6.0,3.0,1.0,0.0,2.0,0.0,2.0,1.0,0.0,0.0,0.0,15.0,9.0,6.0,3.0,0.0,2.0,0.0,2.0,2.0,0.0,16.0,7.0,4.0,3.0,0.0,1.0,0.0,1.0,1.0,0.0,14.0,8.0,3.0,3.0,0.0,3.0,3.0,2.0,0.0,0.0,15.0,2.0,5.0,1.0,0.0,1.0,0.0,1.0,1.0,0.0,0.0,7.0,4.0,8.0,2.0,0.0,2.0,0.0,2.0,5.0,1.0,7.0,0.0,0.0,3.0,0.0,3.0,0.0,0.0,2.0,0.0,2.0,0.0,0.0,0.0,0.0,0.0,2.0,2.0,0.0,0.0,4.0,0.0,0.0,0.0,0.0,0.0,0.0,0.0,0.0,0.0,0.0,0.0,0.0,2.0,0.0,0.0,1.0,0.0,0.0,4.0,0.0,0.0,0.0,0.0,0.0,0.0,0.0,0.0,0.0,0.0,0.0,0.0,0.0,0.0,0.0,0.0,0.0,0.0,0.0,0.0,0.0,0.0,3.0,3.0,1.0,0.0,0.0,1.0,0.0,3.0,0.0,0.0,0.0,0.0,2.0,0.0,1.0,3.0,14.0,3.0,4.0,13.0,2.0,2.0,3.0,15.0
CHEMBL397687,IC50,12.59,27.0,0.0,4.0,0.0,0.0,1.0,0.0,36.0,0.0,5.0,0.0,0.0,0.0,2.0,2.0,0.0,0.0,0.0,0.0,33.0,0.0,9.0,0.0,0.0,0.0,2.0,2.0,0.0,0.0,32.0,0.0,9.0,0.0,0.0,0.0,2.0,2.0,0.0,0.0,34.0,0.0,8.0,0.0,0.0,0.0,2.0,0.0,0.0,1.0,34.0,0.0,6.0,0.0,0.0,0.0,4.0,4.0,0.0,0.0,0.0,29.0,0.0,8.0,0.0,0.0,0.0,3.0,3.0,25.0,0.0,6.0,0.0,0.0,0.0,4.0,4.0,0.0,0.0,19.0,0.0,4.0,0.0,0.0,0.0,4.0,4.0,2.0,0.0,13.0,0.0,4.0,0.0,0.0,0.0,1.0,0.0,0.0,2.0,0.0,4.0,0.0,2.0,1.0,0.0,1.0,0.0,1.0,0.0,1.0,7.0,0.0,4.0,0.0,2.0,3.0,0.0,0.0,2.0,2.0,1.0,0.0,0.0,0.0,0.0,0.0,0.0,0.0,0.0,0.0,0.0,0.0,0.0,0.0,0.0,2.0,0.0,0.0,0.0,0.0,3.0,2.0,0.0,3.0,0.0,2.0,0.0,0.0,0.0,18.0,0.0,6.0,4.0,7.0,7.0,6.0,21.0
CHEMBL273145,IC50,794.33,18.0,2.0,6.0,0.0,0.0,1.0,0.0,21.0,3.0,8.0,0.0,0.0,2.0,0.0,2.0,1.0,0.0,0.0,0.0,18.0,2.0,10.0,0.0,0.0,2.0,0.0,2.0,2.0,0.0,14.0,2.0,12.0,0.0,0.0,1.0,0.0,1.0,0.0,0.0,19.0,2.0,5.0,0.0,0.0,1.0,1.0,1.0,0.0,1.0,21.0,2.0,6.0,0.0,0.0,2.0,0.0,2.0,0.0,0.0,0.0,19.0,1.0,8.0,0.0,0.0,3.0,0.0,3.0,14.0,2.0,5.0,0.0,0.0,4.0,0.0,4.0,0.0,0.0,10.0,2.0,4.0,0.0,0.0,2.0,0.0,2.0,0.0,2.0,9.0,1.0,2.0,0.0,0.0,1.0,1.0,0.0,0.0,0.0,0.0,1.0,0.0,0.0,0.0,0.0,1.0,0.0,1.0,0.0,1.0,2.0,0.0,0.0,0.0,0.0,0.0,0.0,0.0,0.0,0.0,0.0,0.0,0.0,0.0,0.0,0.0,0.0,0.0,0.0,0.0,0.0,0.0,0.0,0.0,0.0,2.0,0.0,0.0,0.0,0.0,4.0,1.0,0.0,0.0,0.0,1.0,0.0,1.0,1.0,18.0,1.0,2.0,8.0,3.0,3.0,6.0,18.0
CHEMBL407175,IC50,10.0,20.0,0.0,6.0,0.0,0.0,1.0,0.0,25.0,0.0,9.0,0.0,0.0,2.0,0.0,2.0,0.0,0.0,0.0,0.0,22.0,0.0,9.0,0.0,0.0,2.0,0.0,2.0,0.0,0.0,18.0,0.0,10.0,0.0,0.0,2.0,0.0,2.0,0.0,0.0,21.0,0.0,8.0,0.0,0.0,1.0,1.0,0.0,0.0,1.0,23.0,0.0,7.0,0.0,0.0,2.0,0.0,2.0,0.0,0.0,1.0,21.0,0.0,6.0,0.0,0.0,4.0,0.0,4.0,14.0,0.0,6.0,0.0,0.0,3.0,0.0,3.0,0.0,0.0,11.0,0.0,6.0,0.0,0.0,2.0,0.0,2.0,0.0,2.0,9.0,0.0,3.0,0.0,0.0,1.0,1.0,0.0,0.0,0.0,0.0,2.0,0.0,0.0,0.0,1.0,0.0,0.0,1.0,0.0,0.0,4.0,0.0,0.0,0.0,0.0,0.0,0.0,0.0,0.0,0.0,0.0,0.0,0.0,0.0,0.0,0.0,0.0,0.0,0.0,0.0,0.0,0.0,0.0,0.0,0.0,2.0,0.0,0.0,0.0,0.0,3.0,1.0,1.0,1.0,0.0,1.0,0.0,0.0,1.0,17.0,1.0,2.0,6.0,5.0,5.0,6.0,17.0
CHEMBL255928,IC50,630.96,19.0,3.0,2.0,0.0,0.0,1.0,0.0,26.0,5.0,2.0,0.0,0.0,2.0,0.0,2.0,0.0,0.0,0.0,0.0,25.0,5.0,4.0,0.0,0.0,2.0,0.0,2.0,0.0,0.0,25.0,4.0,4.0,0.0,0.0,1.0,0.0,1.0,0.0,0.0,25.0,2.0,2.0,0.0,0.0,3.0,3.0,2.0,0.0,0.0,23.0,0.0,4.0,0.0,0.0,3.0,0.0,3.0,0.0,0.0,0.0,16.0,0.0,6.0,0.0,0.0,3.0,0.0,3.0,8.0,0.0,6.0,0.0,0.0,4.0,0.0,4.0,0.0,0.0,4.0,0.0,4.0,0.0,0.0,0.0,0.0,0.0,0.0,2.0,0.0,0.0,4.0,0.0,0.0,0.0,0.0,0.0,0.0,0.0,1.0,1.0,1.0,0.0,0.0,2.0,0.0,0.0,1.0,0.0,0.0,5.0,0.0,3.0,1.0,0.0,3.0,0.0,0.0,0.0,0.0,0.0,0.0,0.0,0.0,0.0,0.0,0.0,0.0,0.0,0.0,0.0,0.0,0.0,0.0,0.0,1.0,0.0,0.0,0.0,0.0,2.0,1.0,2.0,1.0,0.0,2.0,0.0,0.0,1.0,15.0,1.0,2.0,5.0,4.0,4.0,3.0,17.0
CHEMBL234946,IC50,1.995,28.0,6.0,5.0,0.0,2.0,3.0,0.0,37.0,10.0,6.0,0.0,4.0,0.0,2.0,6.0,1.0,0.0,0.0,0.0,38.0,6.0,12.0,0.0,5.0,0.0,2.0,7.0,0.0,0.0,39.0,6.0,10.0,0.0,2.0,0.0,2.0,4.0,1.0,0.0,44.0,6.0,8.0,0.0,2.0,0.0,3.0,4.0,1.0,1.0,45.0,7.0,13.0,0.0,2.0,0.0,4.0,6.0,1.0,1.0,1.0,41.0,4.0,16.0,0.0,4.0,0.0,4.0,8.0,36.0,4.0,10.0,0.0,4.0,0.0,4.0,8.0,0.0,0.0,28.0,3.0,8.0,0.0,6.0,0.0,4.0,10.0,2.0,0.0,23.0,1.0,8.0,0.0,5.0,0.0,8.0,1.0,0.0,2.0,0.0,4.0,0.0,2.0,1.0,1.0,1.0,0.0,2.0,2.0,1.0,7.0,0.0,3.0,0.0,0.0,2.0,0.0,0.0,0.0,1.0,0.0,0.0,0.0,0.0,0.0,0.0,1.0,0.0,2.0,0.0,2.0,2.0,0.0,2.0,1.0,2.0,2.0,2.0,1.0,0.0,4.0,2.0,1.0,2.0,0.0,2.0,2.0,0.0,1.0,23.0,2.0,2.0,11.0,8.0,8.0,5.0,26.0
CHEMBL458452,IC50,3.981,29.0,2.0,7.0,0.0,0.0,1.0,0.0,39.0,3.0,7.0,0.0,0.0,2.0,0.0,2.0,1.0,0.0,0.0,0.0,40.0,2.0,10.0,0.0,0.0,2.0,0.0,2.0,1.0,0.0,38.0,4.0,13.0,0.0,0.0,2.0,0.0,2.0,0.0,0.0,44.0,2.0,12.0,0.0,0.0,2.0,2.0,2.0,0.0,1.0,45.0,3.0,14.0,0.0,0.0,4.0,0.0,4.0,0.0,0.0,0.0,40.0,3.0,15.0,0.0,0.0,4.0,0.0,4.0,35.0,2.0,13.0,0.0,0.0,4.0,0.0,4.0,0.0,0.0,28.0,2.0,13.0,0.0,0.0,4.0,0.0,4.0,2.0,0.0,22.0,1.0,10.0,0.0,0.0,2.0,2.0,1.0,2.0,2.0,0.0,2.0,0.0,0.0,0.0,1.0,1.0,1.0,1.0,0.0,1.0,5.0,0.0,1.0,0.0,0.0,0.0,0.0,0.0,0.0,0.0,0.0,0.0,0.0,0.0,0.0,0.0,0.0,0.0,0.0,0.0,1.0,0.0,1.0,1.0,0.0,4.0,0.0,0.0,1.0,0.0,5.0,2.0,0.0,0.0,0.0,2.0,0.0,0.0,0.0,24.0,0.0,2.0,9.0,8.0,8.0,8.0,27.0
CHEMBL3127168,IC50,140.0,17.0,5.0,2.0,2.0,3.0,3.0,0.0,23.0,9.0,2.0,1.0,3.0,0.0,0.0,3.0,0.0,3.0,3.0,3.0,20.0,10.0,2.0,2.0,6.0,0.0,0.0,6.0,2.0,0.0,16.0,13.0,2.0,3.0,6.0,0.0,0.0,6.0,0.0,0.0,21.0,7.0,0.0,3.0,3.0,0.0,3.0,2.0,0.0,0.0,20.0,5.0,2.0,3.0,3.0,0.0,0.0,3.0,2.0,0.0,0.0,16.0,3.0,6.0,2.0,3.0,0.0,0.0,3.0,11.0,1.0,6.0,1.0,6.0,0.0,0.0,6.0,0.0,0.0,5.0,1.0,6.0,1.0,9.0,0.0,0.0,9.0,0.0,0.0,3.0,0.0,4.0,0.0,3.0,0.0,3.0,0.0,0.0,0.0,0.0,0.0,0.0,0.0,0.0,0.0,1.0,1.0,0.0,3.0,1.0,2.0,0.0,0.0,0.0,0.0,0.0,0.0,0.0,0.0,0.0,0.0,0.0,0.0,0.0,0.0,0.0,0.0,0.0,0.0,0.0,0.0,0.0,0.0,0.0,0.0,1.0,3.0,0.0,0.0,0.0,2.0,0.0,0.0,0.0,3.0,0.0,0.0,2.0,4.0,20.0,4.0,2.0,9.0,1.0,1.0,2.0,19.0
CHEMBL1915251,IC50,50.12,18.0,6.0,5.0,0.0,0.0,1.0,0.0,22.0,14.0,7.0,0.0,0.0,2.0,0.0,2.0,1.0,0.0,0.0,0.0,23.0,9.0,6.0,0.0,0.0,2.0,0.0,2.0,3.0,0.0,23.0,6.0,4.0,0.0,0.0,3.0,0.0,3.0,3.0,0.0,20.0,10.0,6.0,0.0,0.0,1.0,1.0,1.0,1.0,1.0,21.0,11.0,5.0,0.0,0.0,2.0,0.0,2.0,0.0,0.0,0.0,18.0,8.0,4.0,0.0,0.0,5.0,0.0,5.0,14.0,6.0,3.0,0.0,0.0,1.0,0.0,1.0,0.0,0.0,13.0,5.0,5.0,0.0,0.0,0.0,0.0,0.0,0.0,1.0,10.0,4.0,4.0,0.0,0.0,0.0,0.0,0.0,0.0,0.0,1.0,5.0,0.0,2.0,0.0,3.0,0.0,0.0,0.0,0.0,0.0,10.0,0.0,4.0,0.0,0.0,1.0,0.0,0.0,0.0,0.0,0.0,0.0,0.0,0.0,0.0,0.0,0.0,0.0,0.0,0.0,2.0,2.0,2.0,3.0,1.0,2.0,0.0,0.0,2.0,0.0,2.0,0.0,3.0,0.0,0.0,1.0,0.0,1.0,3.0,14.0,5.0,2.0,11.0,14.0,14.0,6.0,16.0
CHEMBL390190,IC50,2.512,26.0,5.0,5.0,0.0,1.0,2.0,0.0,33.0,9.0,6.0,0.0,2.0,2.0,0.0,4.0,1.0,0.0,0.0,0.0,35.0,6.0,10.0,0.0,2.0,2.0,0.0,4.0,0.0,0.0,35.0,6.0,10.0,0.0,1.0,2.0,0.0,3.0,1.0,0.0,40.0,5.0,8.0,0.0,1.0,1.0,2.0,4.0,1.0,1.0,41.0,6.0,11.0,0.0,0.0,4.0,0.0,4.0,1.0,1.0,1.0,35.0,4.0,14.0,0.0,1.0,4.0,0.0,5.0,30.0,4.0,10.0,0.0,2.0,4.0,0.0,6.0,0.0,0.0,24.0,3.0,7.0,0.0,3.0,4.0,0.0,7.0,2.0,0.0,19.0,1.0,7.0,0.0,2.0,2.0,4.0,1.0,2.0,2.0,0.0,1.0,0.0,0.0,0.0,2.0,1.0,0.0,1.0,1.0,1.0,5.0,0.0,1.0,0.0,0.0,0.0,0.0,0.0,0.0,0.0,0.0,0.0,0.0,0.0,0.0,0.0,0.0,0.0,0.0,0.0,1.0,0.0,0.0,1.0,0.0,2.0,1.0,1.0,1.0,0.0,4.0,2.0,2.0,0.0,0.0,2.0,1.0,0.0,1.0,23.0,1.0,2.0,10.0,7.0,7.0,6.0,26.0
CHEMBL234302,IC50,3.162,25.0,4.0,4.0,0.0,0.0,1.0,0.0,32.0,8.0,5.0,0.0,0.0,0.0,2.0,2.0,0.0,0.0,0.0,0.0,32.0,6.0,9.0,0.0,0.0,0.0,2.0,2.0,0.0,0.0,31.0,6.0,8.0,0.0,0.0,0.0,2.0,2.0,1.0,0.0,36.0,4.0,6.0,0.0,0.0,0.0,1.0,4.0,1.0,1.0,37.0,5.0,7.0,0.0,0.0,0.0,4.0,4.0,0.0,0.0,0.0,29.0,4.0,10.0,0.0,0.0,0.0,4.0,4.0,24.0,4.0,6.0,0.0,0.0,0.0,4.0,4.0,0.0,0.0,20.0,3.0,4.0,0.0,0.0,0.0,4.0,4.0,2.0,0.0,15.0,1.0,4.0,0.0,0.0,0.0,1.0,0.0,0.0,2.0,0.0,1.0,0.0,0.0,0.0,1.0,1.0,0.0,1.0,0.0,1.0,3.0,0.0,0.0,0.0,0.0,0.0,0.0,0.0,0.0,0.0,0.0,0.0,0.0,0.0,0.0,0.0,0.0,0.0,0.0,0.0,0.0,0.0,0.0,0.0,0.0,2.0,0.0,0.0,1.0,0.0,3.0,2.0,1.0,0.0,0.0,2.0,0.0,0.0,1.0,23.0,1.0,2.0,8.0,5.0,5.0,4.0,24.0
CHEMBL395310,IC50,6.31,25.0,3.0,4.0,0.0,2.0,3.0,0.0,32.0,6.0,5.0,0.0,4.0,0.0,2.0,6.0,0.0,0.0,0.0,0.0,32.0,4.0,9.0,0.0,4.0,0.0,2.0,6.0,0.0,0.0,31.0,4.0,8.0,0.0,4.0,0.0,2.0,6.0,1.0,0.0,36.0,2.0,6.0,0.0,6.0,0.0,7.0,2.0,1.0,1.0,37.0,1.0,7.0,0.0,2.0,0.0,4.0,6.0,0.0,3.0,3.0,29.0,2.0,10.0,0.0,3.0,0.0,4.0,7.0,24.0,2.0,6.0,0.0,4.0,0.0,4.0,8.0,0.0,0.0,20.0,1.0,4.0,0.0,4.0,0.0,4.0,8.0,2.0,0.0,15.0,0.0,4.0,0.0,4.0,0.0,5.0,0.0,0.0,2.0,0.0,1.0,0.0,0.0,0.0,1.0,1.0,0.0,2.0,2.0,1.0,3.0,0.0,0.0,0.0,0.0,0.0,0.0,0.0,0.0,0.0,0.0,0.0,0.0,0.0,0.0,0.0,0.0,0.0,0.0,0.0,0.0,0.0,0.0,0.0,0.0,2.0,2.0,2.0,0.0,0.0,3.0,2.0,1.0,0.0,0.0,2.0,2.0,0.0,1.0,23.0,1.0,2.0,7.0,4.0,4.0,4.0,24.0
CHEMBL230873,IC50,15.85,26.0,3.0,4.0,0.0,2.0,2.0,0.0,34.0,6.0,5.0,0.0,4.0,0.0,0.0,4.0,0.0,0.0,0.0,0.0,34.0,4.0,9.0,0.0,5.0,0.0,0.0,5.0,0.0,0.0,33.0,4.0,8.0,0.0,2.0,0.0,0.0,2.0,1.0,0.0,37.0,3.0,7.0,0.0,1.0,0.0,1.0,2.0,1.0,0.0,41.0,1.0,7.0,0.0,2.0,0.0,0.0,2.0,0.0,1.0,1.0,33.0,2.0,10.0,0.0,5.0,0.0,0.0,5.0,28.0,2.0,6.0,0.0,4.0,0.0,0.0,4.0,0.0,0.0,24.0,1.0,4.0,0.0,5.0,0.0,0.0,5.0,2.0,1.0,16.0,0.0,6.0,0.0,5.0,0.0,5.0,0.0,0.0,0.0,0.0,1.0,0.0,0.0,0.0,2.0,1.0,0.0,2.0,2.0,1.0,4.0,0.0,0.0,0.0,0.0,0.0,0.0,0.0,0.0,0.0,0.0,0.0,0.0,0.0,0.0,0.0,0.0,0.0,0.0,0.0,0.0,0.0,0.0,0.0,0.0,2.0,2.0,2.0,0.0,0.0,3.0,2.0,2.0,0.0,0.0,2.0,2.0,0.0,1.0,23.0,1.0,2.0,7.0,5.0,5.0,4.0,24.0
CHEMBL369797,IC50,1100.0,19.0,0.0,5.0,4.0,0.0,0.0,0.0,22.0,0.0,8.0,4.0,0.0,0.0,0.0,0.0,0.0,0.0,0.0,0.0,18.0,0.0,9.0,4.0,0.0,0.0,0.0,0.0,0.0,1.0,19.0,0.0,8.0,2.0,0.0,0.0,0.0,0.0,0.0,1.0,18.0,0.0,9.0,2.0,0.0,0.0,0.0,0.0,0.0,0.0,16.0,0.0,11.0,3.0,0.0,0.0,0.0,0.0,0.0,0.0,0.0,14.0,0.0,6.0,4.0,0.0,0.0,0.0,0.0,15.0,0.0,6.0,3.0,0.0,0.0,0.0,0.0,0.0,0.0,14.0,0.0,9.0,4.0,0.0,0.0,0.0,0.0,0.0,0.0,11.0,0.0,11.0,2.0,0.0,0.0,0.0,2.0,0.0,0.0,5.0,10.0,6.0,6.0,4.0,0.0,4.0,0.0,0.0,0.0,4.0,16.0,2.0,16.0,2.0,0.0,18.0,8.0,10.0,0.0,21.0,20.0,20.0,19.0,17.0,12.0,11.0,0.0,10.0,0.0,8.0,0.0,0.0,7.0,0.0,0.0,4.0,0.0,0.0,0.0,0.0,5.0,0.0,0.0,9.0,0.0,0.0,0.0,0.0,1.0,5.0,1.0,0.0,9.0,21.0,21.0,13.0,10.0
CHEMBL515697,IC50,501.19,29.0,0.0,4.0,0.0,0.0,0.0,0.0,39.0,0.0,5.0,0.0,0.0,0.0,0.0,0.0,0.0,0.0,0.0,0.0,40.0,0.0,9.0,0.0,0.0,0.0,0.0,0.0,0.0,0.0,37.0,0.0,11.0,0.0,0.0,0.0,0.0,0.0,0.0,0.0,41.0,0.0,8.0,0.0,0.0,0.0,0.0,0.0,0.0,0.0,41.0,0.0,7.0,0.0,0.0,0.0,0.0,0.0,0.0,0.0,0.0,35.0,0.0,9.0,0.0,0.0,0.0,0.0,0.0,28.0,0.0,8.0,0.0,0.0,0.0,0.0,0.0,0.0,0.0,22.0,0.0,4.0,0.0,0.0,0.0,0.0,0.0,2.0,0.0,17.0,0.0,4.0,0.0,0.0,0.0,0.0,0.0,0.0,0.0,0.0,1.0,0.0,0.0,0.0,1.0,1.0,2.0,0.0,0.0,1.0,3.0,0.0,0.0,0.0,0.0,0.0,0.0,0.0,0.0,0.0,0.0,0.0,0.0,0.0,0.0,0.0,0.0,0.0,0.0,0.0,0.0,0.0,0.0,0.0,0.0,2.0,0.0,0.0,0.0,0.0,3.0,2.0,1.0,0.0,0.0,3.0,0.0,0.0,0.0,24.0,0.0,2.0,4.0,4.0,4.0,4.0,25.0
CHEMBL456919,IC50,794.33,28.0,0.0,4.0,0.0,0.0,1.0,0.0,37.0,0.0,5.0,0.0,0.0,2.0,0.0,2.0,0.0,0.0,0.0,0.0,36.0,0.0,9.0,0.0,0.0,2.0,0.0,2.0,0.0,0.0,33.0,0.0,9.0,0.0,0.0,2.0,0.0,2.0,0.0,0.0,37.0,0.0,6.0,0.0,0.0,2.0,2.0,0.0,0.0,1.0,37.0,0.0,5.0,0.0,0.0,4.0,0.0,4.0,0.0,0.0,0.0,33.0,0.0,6.0,0.0,0.0,4.0,0.0,4.0,27.0,0.0,7.0,0.0,0.0,4.0,0.0,4.0,0.0,0.0,21.0,0.0,7.0,0.0,0.0,3.0,0.0,3.0,0.0,0.0,16.0,0.0,4.0,0.0,0.0,2.0,2.0,2.0,0.0,0.0,0.0,1.0,0.0,0.0,0.0,0.0,1.0,1.0,1.0,0.0,1.0,2.0,0.0,0.0,0.0,0.0,0.0,0.0,0.0,0.0,0.0,0.0,0.0,0.0,0.0,0.0,0.0,0.0,0.0,0.0,0.0,0.0,0.0,0.0,0.0,0.0,2.0,0.0,0.0,0.0,0.0,3.0,2.0,0.0,0.0,0.0,2.0,0.0,0.0,0.0,24.0,0.0,2.0,4.0,3.0,3.0,4.0,25.0
CHEMBL2110364,IC50,0.1288,18.0,3.0,4.0,0.0,0.0,3.0,0.0,21.0,8.0,5.0,0.0,0.0,4.0,2.0,6.0,0.0,0.0,0.0,0.0,19.0,5.0,7.0,0.0,0.0,5.0,2.0,7.0,2.0,0.0,16.0,4.0,5.0,0.0,0.0,2.0,2.0,4.0,3.0,0.0,19.0,4.0,6.0,0.0,0.0,2.0,2.0,1.0,1.0,1.0,22.0,3.0,5.0,0.0,0.0,2.0,2.0,4.0,0.0,0.0,1.0,19.0,3.0,5.0,0.0,0.0,4.0,4.0,8.0,12.0,4.0,4.0,0.0,0.0,3.0,3.0,6.0,0.0,0.0,10.0,3.0,4.0,0.0,0.0,4.0,2.0,6.0,0.0,2.0,9.0,1.0,2.0,0.0,0.0,4.0,5.0,0.0,0.0,0.0,0.0,2.0,0.0,0.0,0.0,1.0,0.0,0.0,2.0,0.0,0.0,4.0,0.0,0.0,0.0,0.0,0.0,0.0,0.0,0.0,0.0,0.0,0.0,0.0,0.0,0.0,0.0,0.0,0.0,0.0,0.0,0.0,0.0,0.0,0.0,0.0,2.0,0.0,0.0,0.0,0.0,3.0,1.0,1.0,0.0,0.0,1.0,0.0,1.0,2.0,17.0,2.0,2.0,7.0,5.0,5.0,6.0,17.0
CHEMBL511733,IC50,100.0,20.0,2.0,4.0,0.0,1.0,2.0,0.0,24.0,4.0,5.0,0.0,2.0,2.0,0.0,4.0,0.0,0.0,0.0,0.0,22.0,2.0,7.0,0.0,2.0,2.0,0.0,4.0,2.0,0.0,18.0,2.0,8.0,0.0,1.0,2.0,0.0,3.0,0.0,0.0,20.0,2.0,6.0,0.0,1.0,1.0,2.0,1.0,0.0,1.0,23.0,2.0,4.0,0.0,0.0,2.0,0.0,2.0,0.0,1.0,1.0,21.0,1.0,6.0,0.0,1.0,3.0,0.0,4.0,15.0,2.0,4.0,0.0,2.0,4.0,0.0,6.0,0.0,0.0,10.0,2.0,4.0,0.0,3.0,2.0,0.0,5.0,0.0,2.0,9.0,1.0,2.0,0.0,2.0,1.0,3.0,0.0,0.0,0.0,0.0,2.0,0.0,0.0,0.0,0.0,0.0,0.0,1.0,1.0,0.0,3.0,0.0,0.0,0.0,0.0,0.0,0.0,0.0,0.0,0.0,0.0,0.0,0.0,0.0,0.0,0.0,0.0,0.0,0.0,0.0,0.0,0.0,0.0,0.0,0.0,2.0,1.0,1.0,0.0,0.0,3.0,1.0,0.0,1.0,0.0,1.0,1.0,1.0,1.0,18.0,1.0,2.0,6.0,4.0,4.0,6.0,18.0
CHEMBL466102,IC50,79.43,20.0,2.0,4.0,0.0,3.0,4.0,0.0,24.0,4.0,5.0,0.0,6.0,2.0,0.0,8.0,0.0,0.0,0.0,0.0,22.0,2.0,7.0,0.0,8.0,2.0,0.0,10.0,2.0,0.0,18.0,2.0,8.0,0.0,3.0,2.0,0.0,5.0,0.0,0.0,20.0,2.0,6.0,0.0,3.0,1.0,4.0,1.0,0.0,1.0,23.0,2.0,4.0,0.0,4.0,2.0,0.0,6.0,0.0,1.0,1.0,21.0,1.0,6.0,0.0,7.0,3.0,0.0,10.0,15.0,2.0,4.0,0.0,6.0,4.0,0.0,10.0,0.0,0.0,10.0,2.0,4.0,0.0,5.0,2.0,0.0,7.0,0.0,2.0,9.0,1.0,2.0,0.0,6.0,1.0,7.0,0.0,0.0,0.0,0.0,2.0,0.0,0.0,0.0,0.0,0.0,0.0,1.0,3.0,0.0,3.0,0.0,0.0,0.0,0.0,0.0,0.0,0.0,0.0,0.0,0.0,0.0,0.0,0.0,0.0,0.0,0.0,0.0,0.0,0.0,0.0,0.0,0.0,0.0,0.0,2.0,3.0,3.0,0.0,0.0,3.0,1.0,0.0,1.0,0.0,1.0,3.0,1.0,1.0,18.0,1.0,2.0,6.0,4.0,4.0,6.0,18.0
CHEMBL466103,IC50,39.81,20.0,2.0,4.0,0.0,0.0,2.0,0.0,24.0,4.0,5.0,0.0,0.0,4.0,0.0,4.0,0.0,0.0,0.0,0.0,22.0,2.0,7.0,0.0,0.0,5.0,0.0,5.0,2.0,0.0,18.0,2.0,8.0,0.0,0.0,3.0,0.0,3.0,0.0,0.0,20.0,2.0,6.0,0.0,0.0,2.0,2.0,1.0,0.0,1.0,23.0,2.0,4.0,0.0,0.0,4.0,0.0,4.0,0.0,0.0,0.0,21.0,1.0,6.0,0.0,0.0,6.0,0.0,6.0,15.0,2.0,4.0,0.0,0.0,6.0,0.0,6.0,0.0,0.0,10.0,2.0,4.0,0.0,0.0,3.0,0.0,3.0,0.0,2.0,9.0,1.0,2.0,0.0,0.0,3.0,3.0,0.0,0.0,0.0,0.0,2.0,0.0,0.0,0.0,0.0,0.0,1.0,1.0,0.0,0.0,3.0,0.0,0.0,0.0,0.0,0.0,0.0,0.0,0.0,0.0,0.0,0.0,0.0,0.0,0.0,0.0,0.0,0.0,0.0,0.0,0.0,0.0,0.0,0.0,0.0,2.0,0.0,0.0,0.0,0.0,3.0,1.0,0.0,1.0,0.0,1.0,0.0,1.0,1.0,18.0,1.0,2.0,6.0,4.0,4.0,6.0,18.0
CHEMBL467720,IC50,10.0,20.0,2.0,4.0,0.0,0.0,3.0,0.0,24.0,4.0,5.0,0.0,0.0,6.0,0.0,6.0,0.0,0.0,0.0,0.0,22.0,2.0,7.0,0.0,0.0,7.0,0.0,7.0,2.0,0.0,18.0,2.0,8.0,0.0,0.0,4.0,0.0,4.0,0.0,0.0,20.0,2.0,6.0,0.0,0.0,3.0,3.0,1.0,0.0,1.0,23.0,2.0,4.0,0.0,0.0,4.0,0.0,4.0,0.0,0.0,1.0,21.0,1.0,6.0,0.0,0.0,7.0,0.0,7.0,15.0,2.0,4.0,0.0,0.0,8.0,0.0,8.0,0.0,0.0,10.0,2.0,4.0,0.0,0.0,6.0,0.0,6.0,0.0,2.0,9.0,1.0,2.0,0.0,0.0,5.0,5.0,0.0,0.0,0.0,0.0,2.0,0.0,0.0,0.0,0.0,0.0,0.0,2.0,0.0,0.0,3.0,0.0,0.0,0.0,0.0,0.0,0.0,0.0,0.0,0.0,0.0,0.0,0.0,0.0,0.0,0.0,0.0,0.0,0.0,0.0,0.0,0.0,0.0,0.0,0.0,2.0,0.0,0.0,0.0,0.0,3.0,1.0,0.0,1.0,0.0,1.0,0.0,1.0,1.0,18.0,1.0,2.0,6.0,4.0,4.0,6.0,18.0
CHEMBL511252,IC50,31.62,19.0,2.0,4.0,0.0,0.0,1.0,0.0,23.0,4.0,5.0,0.0,0.0,2.0,0.0,2.0,0.0,0.0,0.0,0.0,19.0,2.0,7.0,0.0,0.0,2.0,0.0,2.0,2.0,0.0,17.0,2.0,8.0,0.0,0.0,2.0,0.0,2.0,0.0,0.0,20.0,2.0,5.0,0.0,0.0,1.0,1.0,1.0,0.0,1.0,22.0,2.0,4.0,0.0,0.0,2.0,0.0,2.0,0.0,0.0,0.0,19.0,1.0,6.0,0.0,0.0,3.0,0.0,3.0,12.0,2.0,4.0,0.0,0.0,4.0,0.0,4.0,0.0,0.0,8.0,2.0,4.0,0.0,0.0,2.0,0.0,2.0,0.0,2.0,8.0,0.0,2.0,0.0,0.0,0.0,0.0,0.0,0.0,0.0,1.0,6.0,3.0,3.0,1.0,0.0,0.0,0.0,1.0,0.0,0.0,8.0,1.0,6.0,1.0,0.0,7.0,2.0,1.0,0.0,7.0,3.0,1.0,0.0,0.0,1.0,2.0,0.0,2.0,0.0,2.0,0.0,0.0,1.0,0.0,0.0,2.0,0.0,0.0,0.0,0.0,3.0,0.0,0.0,5.0,0.0,1.0,0.0,1.0,1.0,12.0,1.0,2.0,6.0,9.0,9.0,6.0,13.0
CHEMBL516324,IC50,1.995,31.0,2.0,5.0,0.0,0.0,1.0,0.0,40.0,3.0,6.0,0.0,0.0,2.0,0.0,2.0,1.0,0.0,0.0,0.0,40.0,3.0,11.0,0.0,0.0,2.0,0.0,2.0,0.0,0.0,39.0,4.0,12.0,0.0,0.0,2.0,0.0,2.0,0.0,0.0,46.0,2.0,10.0,0.0,0.0,2.0,2.0,2.0,0.0,1.0,47.0,3.0,12.0,0.0,0.0,4.0,0.0,4.0,0.0,0.0,0.0,43.0,3.0,12.0,0.0,0.0,4.0,0.0,4.0,37.0,2.0,13.0,0.0,0.0,4.0,0.0,4.0,0.0,0.0,31.0,2.0,10.0,0.0,0.0,4.0,0.0,4.0,2.0,0.0,25.0,1.0,7.0,0.0,0.0,2.0,2.0,1.0,2.0,2.0,0.0,3.0,0.0,1.0,0.0,1.0,1.0,1.0,1.0,0.0,1.0,6.0,0.0,3.0,0.0,0.0,2.0,0.0,0.0,0.0,1.0,0.0,0.0,0.0,0.0,0.0,0.0,1.0,0.0,1.0,0.0,1.0,0.0,0.0,1.0,0.0,2.0,0.0,0.0,1.0,0.0,4.0,2.0,1.0,2.0,0.0,2.0,0.0,0.0,0.0,24.0,0.0,2.0,7.0,8.0,8.0,8.0,27.0
CHEMBL456495,IC50,10.0,29.0,2.0,5.0,0.0,0.0,1.0,0.0,38.0,3.0,6.0,0.0,0.0,2.0,0.0,2.0,1.0,0.0,0.0,0.0,39.0,2.0,10.0,0.0,0.0,2.0,0.0,2.0,0.0,0.0,38.0,3.0,11.0,0.0,0.0,2.0,0.0,2.0,0.0,0.0,43.0,2.0,10.0,0.0,0.0,2.0,2.0,2.0,0.0,1.0,43.0,3.0,12.0,0.0,0.0,4.0,0.0,4.0,0.0,0.0,0.0,38.0,3.0,12.0,0.0,0.0,4.0,0.0,4.0,32.0,2.0,11.0,0.0,0.0,4.0,0.0,4.0,0.0,0.0,26.0,2.0,8.0,0.0,0.0,4.0,0.0,4.0,2.0,0.0,19.0,1.0,7.0,0.0,0.0,2.0,2.0,1.0,2.0,2.0,0.0,1.0,0.0,0.0,0.0,1.0,1.0,1.0,1.0,0.0,1.0,4.0,0.0,1.0,0.0,0.0,0.0,0.0,0.0,0.0,0.0,0.0,0.0,0.0,0.0,0.0,0.0,0.0,0.0,0.0,0.0,1.0,0.0,0.0,1.0,0.0,2.0,0.0,0.0,1.0,0.0,4.0,2.0,1.0,0.0,0.0,2.0,0.0,0.0,0.0,24.0,0.0,2.0,7.0,6.0,6.0,6.0,27.0
CHEMBL514425,IC50,63.1,28.0,0.0,4.0,0.0,1.0,1.0,0.0,37.0,0.0,5.0,0.0,2.0,0.0,0.0,2.0,0.0,0.0,0.0,0.0,36.0,0.0,9.0,0.0,2.0,0.0,0.0,2.0,0.0,0.0,34.0,0.0,9.0,0.0,3.0,0.0,0.0,3.0,0.0,0.0,38.0,0.0,8.0,0.0,2.0,0.0,2.0,0.0,0.0,2.0,38.0,0.0,7.0,0.0,3.0,0.0,0.0,3.0,0.0,0.0,0.0,33.0,0.0,8.0,0.0,3.0,0.0,0.0,3.0,26.0,0.0,8.0,0.0,2.0,0.0,0.0,2.0,1.0,1.0,21.0,0.0,4.0,0.0,2.0,0.0,0.0,2.0,2.0,0.0,15.0,0.0,4.0,0.0,1.0,0.0,1.0,0.0,0.0,0.0,0.0,1.0,0.0,0.0,0.0,0.0,1.0,2.0,0.0,1.0,1.0,2.0,0.0,0.0,0.0,0.0,0.0,0.0,0.0,0.0,0.0,0.0,0.0,0.0,0.0,0.0,0.0,0.0,0.0,0.0,0.0,0.0,0.0,0.0,0.0,0.0,2.0,1.0,1.0,0.0,0.0,3.0,2.0,0.0,0.0,0.0,2.0,1.0,0.0,0.0,24.0,0.0,2.0,4.0,3.0,3.0,4.0,25.0
CHEMBL37853,IC50,496.0,22.0,0.0,7.0,0.0,0.0,1.0,0.0,25.0,0.0,11.0,0.0,0.0,2.0,0.0,2.0,0.0,0.0,0.0,0.0,22.0,0.0,12.0,0.0,0.0,2.0,0.0,2.0,0.0,0.0,20.0,0.0,10.0,0.0,0.0,1.0,0.0,1.0,0.0,1.0,20.0,0.0,11.0,0.0,0.0,1.0,1.0,0.0,0.0,0.0,18.0,0.0,13.0,0.0,0.0,1.0,0.0,1.0,0.0,0.0,0.0,16.0,0.0,10.0,0.0,0.0,1.0,0.0,1.0,18.0,0.0,7.0,0.0,0.0,1.0,0.0,1.0,0.0,0.0,18.0,0.0,11.0,0.0,0.0,1.0,0.0,1.0,0.0,0.0,14.0,0.0,13.0,0.0,0.0,2.0,2.0,2.0,0.0,0.0,5.0,6.0,4.0,2.0,1.0,0.0,4.0,0.0,0.0,0.0,4.0,16.0,2.0,14.0,2.0,4.0,14.0,7.0,7.0,0.0,14.0,9.0,4.0,2.0,1.0,3.0,6.0,0.0,8.0,0.0,8.0,0.0,0.0,8.0,0.0,0.0,5.0,0.0,0.0,0.0,0.0,6.0,0.0,0.0,5.0,0.0,0.0,0.0,0.0,0.0,6.0,0.0,0.0,7.0,19.0,19.0,11.0,16.0
CHEMBL565992,IC50,7959.0,17.0,6.0,3.0,3.0,0.0,4.0,2.0,22.0,7.0,6.0,4.0,0.0,7.0,0.0,7.0,3.0,0.0,0.0,0.0,18.0,8.0,6.0,3.0,0.0,8.0,0.0,8.0,2.0,3.0,17.0,9.0,11.0,1.0,0.0,2.0,0.0,2.0,1.0,2.0,19.0,7.0,5.0,2.0,0.0,3.0,3.0,0.0,2.0,4.0,18.0,5.0,9.0,2.0,0.0,4.0,0.0,4.0,1.0,0.0,0.0,14.0,4.0,11.0,3.0,0.0,6.0,0.0,6.0,14.0,2.0,6.0,5.0,0.0,4.0,0.0,4.0,0.0,2.0,13.0,4.0,8.0,3.0,0.0,5.0,0.0,5.0,0.0,1.0,9.0,5.0,4.0,5.0,0.0,6.0,6.0,0.0,1.0,1.0,0.0,2.0,0.0,0.0,0.0,0.0,0.0,0.0,1.0,0.0,0.0,3.0,0.0,1.0,0.0,0.0,0.0,0.0,0.0,0.0,0.0,0.0,0.0,0.0,0.0,0.0,0.0,0.0,0.0,0.0,0.0,1.0,0.0,1.0,1.0,0.0,1.0,0.0,0.0,1.0,2.0,4.0,0.0,0.0,0.0,0.0,0.0,0.0,1.0,3.0,20.0,3.0,4.0,12.0,6.0,6.0,8.0,21.0
CHEMBL234289,IC50,199.53,28.0,1.0,4.0,0.0,0.0,1.0,0.0,38.0,1.0,5.0,0.0,0.0,2.0,0.0,2.0,0.0,0.0,0.0,0.0,35.0,2.0,9.0,0.0,0.0,2.0,0.0,2.0,0.0,0.0,34.0,2.0,9.0,0.0,0.0,1.0,0.0,1.0,0.0,0.0,36.0,2.0,9.0,0.0,0.0,1.0,1.0,0.0,0.0,0.0,38.0,2.0,6.0,0.0,0.0,0.0,0.0,0.0,1.0,0.0,1.0,32.0,4.0,8.0,0.0,0.0,1.0,0.0,1.0,29.0,3.0,6.0,0.0,0.0,2.0,0.0,2.0,0.0,0.0,23.0,4.0,4.0,0.0,0.0,3.0,0.0,3.0,2.0,0.0,14.0,4.0,6.0,0.0,0.0,3.0,3.0,0.0,0.0,0.0,0.0,4.0,0.0,2.0,1.0,0.0,1.0,0.0,1.0,0.0,1.0,8.0,0.0,4.0,0.0,2.0,3.0,0.0,0.0,2.0,2.0,1.0,0.0,0.0,0.0,0.0,0.0,0.0,0.0,0.0,0.0,0.0,0.0,0.0,0.0,0.0,2.0,0.0,0.0,1.0,0.0,3.0,2.0,0.0,3.0,0.0,2.0,0.0,0.0,0.0,18.0,0.0,6.0,5.0,7.0,7.0,6.0,21.0
CHEMBL214900,IC50,194.98,21.0,3.0,4.0,2.0,0.0,1.0,0.0,25.0,8.0,5.0,3.0,0.0,0.0,2.0,2.0,0.0,0.0,0.0,0.0,22.0,6.0,7.0,1.0,0.0,0.0,2.0,2.0,2.0,0.0,20.0,7.0,5.0,2.0,0.0,0.0,2.0,2.0,3.0,0.0,25.0,6.0,6.0,2.0,0.0,0.0,0.0,1.0,1.0,1.0,28.0,3.0,7.0,2.0,0.0,0.0,2.0,2.0,0.0,0.0,0.0,25.0,3.0,10.0,2.0,0.0,0.0,4.0,4.0,18.0,4.0,6.0,2.0,0.0,0.0,4.0,4.0,0.0,0.0,15.0,3.0,4.0,1.0,0.0,0.0,4.0,4.0,0.0,2.0,13.0,1.0,2.0,2.0,0.0,0.0,1.0,0.0,0.0,0.0,0.0,2.0,0.0,0.0,0.0,0.0,1.0,0.0,1.0,0.0,1.0,3.0,0.0,0.0,0.0,0.0,0.0,0.0,0.0,0.0,0.0,0.0,0.0,0.0,0.0,0.0,0.0,0.0,0.0,0.0,0.0,0.0,0.0,0.0,0.0,0.0,2.0,0.0,0.0,0.0,0.0,3.0,1.0,0.0,0.0,0.0,1.0,0.0,1.0,3.0,22.0,3.0,2.0,9.0,5.0,5.0,6.0,21.0
CHEMBL233971,IC50,630.96,24.0,5.0,2.0,0.0,2.0,2.0,0.0,30.0,12.0,3.0,0.0,4.0,0.0,0.0,4.0,0.0,0.0,0.0,0.0,30.0,10.0,5.0,0.0,5.0,0.0,0.0,5.0,0.0,0.0,30.0,7.0,4.0,0.0,2.0,0.0,0.0,2.0,1.0,0.0,34.0,4.0,4.0,0.0,2.0,0.0,2.0,0.0,0.0,0.0,33.0,9.0,3.0,0.0,2.0,0.0,0.0,2.0,0.0,1.0,1.0,27.0,12.0,2.0,0.0,4.0,0.0,0.0,4.0,22.0,8.0,1.0,0.0,4.0,0.0,0.0,4.0,0.0,0.0,18.0,7.0,0.0,0.0,6.0,0.0,0.0,6.0,0.0,0.0,14.0,5.0,0.0,0.0,5.0,0.0,5.0,0.0,0.0,0.0,0.0,1.0,0.0,0.0,0.0,1.0,0.0,1.0,2.0,2.0,0.0,2.0,0.0,0.0,0.0,0.0,0.0,0.0,0.0,0.0,0.0,0.0,0.0,0.0,0.0,0.0,0.0,0.0,0.0,0.0,0.0,0.0,0.0,0.0,0.0,0.0,1.0,2.0,2.0,0.0,0.0,1.0,1.0,1.0,0.0,0.0,0.0,2.0,2.0,4.0,26.0,4.0,0.0,7.0,5.0,5.0,3.0,24.0
CHEMBL256737,IC50,125.89,14.0,4.0,3.0,0.0,0.0,1.0,0.0,16.0,9.0,4.0,0.0,0.0,2.0,0.0,2.0,1.0,0.0,0.0,0.0,14.0,6.0,6.0,0.0,0.0,2.0,0.0,2.0,1.0,0.0,15.0,5.0,2.0,0.0,0.0,2.0,0.0,2.0,2.0,0.0,17.0,6.0,3.0,0.0,0.0,0.0,0.0,1.0,1.0,1.0,17.0,4.0,4.0,0.0,0.0,2.0,0.0,2.0,0.0,0.0,0.0,11.0,5.0,3.0,0.0,0.0,4.0,0.0,4.0,7.0,4.0,2.0,0.0,0.0,3.0,0.0,3.0,0.0,0.0,7.0,2.0,2.0,0.0,0.0,0.0,0.0,0.0,0.0,1.0,2.0,1.0,1.0,0.0,0.0,0.0,0.0,0.0,0.0,0.0,1.0,2.0,1.0,0.0,0.0,3.0,0.0,0.0,1.0,0.0,0.0,7.0,0.0,3.0,1.0,0.0,3.0,0.0,0.0,0.0,0.0,0.0,0.0,0.0,0.0,0.0,0.0,0.0,0.0,0.0,2.0,0.0,0.0,1.0,1.0,0.0,1.0,0.0,0.0,1.0,0.0,2.0,0.0,3.0,0.0,0.0,1.0,0.0,1.0,2.0,11.0,2.0,2.0,7.0,8.0,8.0,6.0,12.0
CHEMBL256785,IC50,10.0,19.0,3.0,4.0,0.0,0.0,1.0,0.0,22.0,9.0,5.0,0.0,0.0,2.0,0.0,2.0,0.0,0.0,0.0,0.0,22.0,6.0,7.0,0.0,0.0,2.0,0.0,2.0,2.0,0.0,21.0,4.0,6.0,0.0,0.0,2.0,0.0,2.0,3.0,0.0,22.0,4.0,6.0,0.0,0.0,1.0,1.0,1.0,1.0,1.0,23.0,3.0,7.0,0.0,0.0,2.0,0.0,2.0,0.0,0.0,0.0,21.0,3.0,5.0,0.0,0.0,4.0,0.0,4.0,14.0,4.0,4.0,0.0,0.0,3.0,0.0,3.0,0.0,0.0,11.0,3.0,4.0,0.0,0.0,2.0,0.0,2.0,0.0,2.0,9.0,1.0,2.0,0.0,0.0,1.0,1.0,0.0,0.0,0.0,1.0,1.0,0.0,0.0,0.0,2.0,0.0,0.0,1.0,0.0,0.0,5.0,0.0,1.0,0.0,0.0,0.0,0.0,0.0,1.0,0.0,0.0,0.0,0.0,0.0,0.0,0.0,0.0,0.0,0.0,0.0,0.0,0.0,0.0,0.0,0.0,2.0,0.0,0.0,0.0,0.0,3.0,1.0,2.0,0.0,0.0,1.0,0.0,1.0,2.0,17.0,2.0,2.0,7.0,6.0,6.0,6.0,18.0
CHEMBL253538,IC50,79.43,22.0,7.0,5.0,0.0,0.0,1.0,0.0,27.0,11.0,4.0,0.0,0.0,2.0,0.0,2.0,2.0,0.0,0.0,0.0,24.0,8.0,9.0,0.0,0.0,2.0,0.0,2.0,1.0,0.0,18.0,9.0,8.0,0.0,0.0,2.0,0.0,2.0,3.0,0.0,24.0,7.0,6.0,0.0,0.0,0.0,0.0,4.0,1.0,1.0,25.0,10.0,9.0,0.0,0.0,2.0,0.0,2.0,0.0,0.0,0.0,25.0,9.0,3.0,0.0,0.0,4.0,0.0,4.0,19.0,10.0,5.0,0.0,0.0,2.0,0.0,2.0,0.0,0.0,19.0,9.0,4.0,0.0,0.0,3.0,0.0,3.0,2.0,0.0,18.0,5.0,5.0,0.0,0.0,1.0,1.0,0.0,2.0,2.0,0.0,3.0,0.0,0.0,0.0,1.0,0.0,0.0,1.0,0.0,0.0,5.0,0.0,0.0,0.0,0.0,0.0,0.0,0.0,0.0,0.0,0.0,0.0,0.0,0.0,0.0,0.0,0.0,0.0,0.0,0.0,0.0,0.0,0.0,1.0,0.0,3.0,0.0,0.0,1.0,0.0,3.0,1.0,1.0,0.0,0.0,0.0,0.0,2.0,3.0,23.0,3.0,0.0,12.0,9.0,9.0,10.0,23.0
CHEMBL254559,IC50,63.1,27.0,5.0,3.0,0.0,0.0,1.0,0.0,35.0,9.0,4.0,0.0,0.0,2.0,0.0,2.0,1.0,0.0,0.0,0.0,31.0,9.0,9.0,0.0,0.0,2.0,0.0,2.0,0.0,0.0,26.0,10.0,6.0,0.0,0.0,2.0,0.0,2.0,2.0,0.0,29.0,11.0,5.0,0.0,0.0,0.0,0.0,2.0,1.0,1.0,30.0,11.0,6.0,0.0,0.0,2.0,0.0,2.0,0.0,0.0,0.0,31.0,9.0,1.0,0.0,0.0,4.0,0.0,4.0,24.0,9.0,3.0,0.0,0.0,2.0,0.0,2.0,0.0,0.0,26.0,5.0,3.0,0.0,0.0,3.0,0.0,3.0,1.0,0.0,24.0,3.0,5.0,0.0,0.0,2.0,2.0,0.0,1.0,1.0,0.0,2.0,0.0,0.0,0.0,3.0,0.0,0.0,1.0,0.0,0.0,7.0,0.0,3.0,1.0,0.0,3.0,0.0,0.0,3.0,0.0,0.0,0.0,0.0,0.0,0.0,0.0,0.0,0.0,2.0,0.0,1.0,0.0,0.0,1.0,0.0,1.0,0.0,0.0,1.0,0.0,2.0,1.0,3.0,0.0,0.0,0.0,0.0,1.0,2.0,23.0,2.0,0.0,8.0,9.0,9.0,9.0,25.0
CHEMBL480789,IC50,12.59,25.0,7.0,3.0,0.0,0.0,1.0,0.0,31.0,12.0,4.0,0.0,0.0,2.0,0.0,2.0,1.0,0.0,0.0,0.0,28.0,10.0,7.0,0.0,0.0,2.0,0.0,2.0,1.0,0.0,24.0,9.0,6.0,0.0,0.0,2.0,0.0,2.0,2.0,0.0,27.0,11.0,6.0,0.0,0.0,0.0,0.0,1.0,1.0,1.0,31.0,8.0,5.0,0.0,0.0,2.0,0.0,2.0,0.0,0.0,0.0,28.0,10.0,4.0,0.0,0.0,4.0,0.0,4.0,23.0,9.0,2.0,0.0,0.0,3.0,0.0,3.0,0.0,0.0,22.0,7.0,4.0,0.0,0.0,2.0,0.0,2.0,0.0,1.0,23.0,4.0,3.0,0.0,0.0,2.0,2.0,0.0,0.0,0.0,0.0,3.0,0.0,0.0,0.0,2.0,0.0,0.0,1.0,0.0,0.0,6.0,0.0,0.0,0.0,0.0,0.0,0.0,0.0,0.0,0.0,0.0,0.0,0.0,0.0,0.0,0.0,0.0,0.0,0.0,0.0,0.0,0.0,0.0,3.0,1.0,1.0,0.0,0.0,2.0,0.0,2.0,1.0,1.0,0.0,0.0,1.0,0.0,1.0,2.0,23.0,2.0,2.0,10.0,10.0,10.0,10.0,25.0
CHEMBL481689,IC50,50.12,24.0,8.0,3.0,0.0,0.0,1.0,0.0,31.0,12.0,4.0,0.0,0.0,2.0,0.0,2.0,1.0,0.0,0.0,0.0,26.0,10.0,8.0,0.0,0.0,2.0,0.0,2.0,0.0,0.0,25.0,12.0,4.0,0.0,0.0,2.0,0.0,2.0,2.0,0.0,32.0,10.0,3.0,0.0,0.0,0.0,0.0,2.0,1.0,1.0,29.0,11.0,6.0,0.0,0.0,2.0,0.0,2.0,0.0,0.0,0.0,24.0,8.0,1.0,0.0,0.0,4.0,0.0,4.0,19.0,9.0,5.0,0.0,0.0,2.0,0.0,2.0,0.0,0.0,21.0,5.0,5.0,0.0,0.0,1.0,0.0,1.0,1.0,0.0,18.0,5.0,4.0,0.0,0.0,1.0,1.0,0.0,1.0,1.0,1.0,7.0,1.0,3.0,1.0,3.0,0.0,0.0,1.0,0.0,0.0,12.0,0.0,6.0,1.0,0.0,5.0,0.0,0.0,0.0,1.0,0.0,0.0,0.0,0.0,0.0,0.0,1.0,0.0,2.0,2.0,2.0,4.0,1.0,4.0,3.0,1.0,0.0,0.0,2.0,0.0,2.0,0.0,3.0,2.0,0.0,2.0,0.0,1.0,2.0,17.0,3.0,2.0,11.0,16.0,16.0,10.0,20.0
CHEMBL447709,IC50,12.59,21.0,5.0,4.0,0.0,0.0,1.0,0.0,26.0,9.0,5.0,0.0,0.0,2.0,0.0,2.0,1.0,0.0,0.0,0.0,22.0,8.0,10.0,0.0,0.0,2.0,0.0,2.0,0.0,0.0,19.0,10.0,6.0,0.0,0.0,2.0,0.0,2.0,2.0,0.0,24.0,9.0,4.0,0.0,0.0,0.0,0.0,2.0,1.0,1.0,23.0,10.0,7.0,0.0,0.0,2.0,0.0,2.0,0.0,0.0,0.0,20.0,8.0,1.0,0.0,0.0,4.0,0.0,4.0,17.0,6.0,4.0,0.0,0.0,2.0,0.0,2.0,0.0,0.0,19.0,2.0,4.0,0.0,0.0,1.0,0.0,1.0,1.0,0.0,14.0,2.0,5.0,0.0,0.0,1.0,1.0,0.0,1.0,1.0,1.0,3.0,1.0,0.0,0.0,3.0,1.0,0.0,1.0,0.0,1.0,8.0,0.0,3.0,1.0,0.0,3.0,0.0,0.0,0.0,0.0,0.0,0.0,0.0,0.0,0.0,0.0,0.0,0.0,0.0,2.0,0.0,0.0,1.0,1.0,0.0,2.0,0.0,0.0,1.0,0.0,3.0,1.0,3.0,0.0,0.0,2.0,0.0,1.0,2.0,17.0,2.0,2.0,9.0,11.0,11.0,9.0,19.0
CHEMBL481137,IC50,125.89,24.0,8.0,3.0,0.0,0.0,1.0,0.0,31.0,12.0,4.0,0.0,0.0,2.0,0.0,2.0,1.0,0.0,0.0,0.0,26.0,10.0,8.0,0.0,0.0,2.0,0.0,2.0,0.0,0.0,26.0,12.0,4.0,0.0,0.0,2.0,0.0,2.0,2.0,0.0,31.0,12.0,4.0,0.0,0.0,0.0,0.0,2.0,1.0,1.0,32.0,9.0,5.0,0.0,0.0,2.0,0.0,2.0,1.0,0.0,0.0,24.0,12.0,3.0,0.0,0.0,4.0,0.0,4.0,19.0,9.0,5.0,0.0,0.0,2.0,0.0,2.0,0.0,0.0,24.0,4.0,3.0,0.0,0.0,1.0,0.0,1.0,1.0,0.0,17.0,8.0,4.0,0.0,0.0,1.0,1.0,0.0,1.0,1.0,1.0,7.0,1.0,3.0,1.0,3.0,0.0,0.0,1.0,0.0,0.0,12.0,0.0,6.0,1.0,0.0,5.0,0.0,0.0,0.0,1.0,0.0,0.0,0.0,0.0,0.0,0.0,1.0,0.0,2.0,2.0,2.0,4.0,1.0,4.0,3.0,1.0,0.0,0.0,2.0,0.0,2.0,0.0,3.0,2.0,0.0,2.0,0.0,1.0,2.0,17.0,3.0,2.0,11.0,16.0,16.0,10.0,20.0
CHEMBL234181,IC50,39.81,25.0,5.0,2.0,0.0,0.0,1.0,0.0,32.0,11.0,3.0,0.0,0.0,2.0,0.0,2.0,0.0,0.0,0.0,0.0,32.0,8.0,5.0,0.0,0.0,2.0,0.0,2.0,0.0,0.0,31.0,6.0,4.0,0.0,0.0,2.0,0.0,2.0,1.0,0.0,34.0,5.0,4.0,0.0,0.0,1.0,1.0,0.0,1.0,1.0,35.0,7.0,3.0,0.0,0.0,4.0,0.0,4.0,0.0,0.0,0.0,31.0,8.0,2.0,0.0,0.0,4.0,0.0,4.0,24.0,6.0,1.0,0.0,0.0,4.0,0.0,4.0,0.0,0.0,20.0,5.0,1.0,0.0,0.0,3.0,0.0,3.0,0.0,0.0,16.0,3.0,0.0,0.0,0.0,2.0,2.0,0.0,0.0,0.0,0.0,1.0,0.0,0.0,0.0,1.0,0.0,0.0,2.0,0.0,0.0,2.0,0.0,0.0,0.0,0.0,0.0,0.0,0.0,0.0,0.0,0.0,0.0,0.0,0.0,0.0,0.0,0.0,0.0,0.0,0.0,0.0,0.0,0.0,0.0,0.0,1.0,0.0,0.0,0.0,0.0,1.0,1.0,1.0,0.0,0.0,0.0,0.0,1.0,3.0,26.0,3.0,0.0,7.0,5.0,5.0,3.0,25.0
CHEMBL233141,IC50,63.1,30.0,7.0,3.0,0.0,0.0,1.0,0.0,39.0,10.0,4.0,0.0,0.0,2.0,0.0,2.0,1.0,0.0,0.0,0.0,37.0,10.0,8.0,0.0,0.0,2.0,0.0,2.0,0.0,0.0,37.0,7.0,7.0,0.0,0.0,2.0,0.0,2.0,1.0,0.0,43.0,5.0,7.0,0.0,0.0,1.0,1.0,1.0,1.0,1.0,46.0,5.0,6.0,0.0,0.0,4.0,0.0,4.0,1.0,0.0,0.0,39.0,9.0,7.0,0.0,0.0,4.0,0.0,4.0,36.0,8.0,4.0,0.0,0.0,4.0,0.0,4.0,0.0,0.0,33.0,5.0,2.0,0.0,0.0,4.0,0.0,4.0,1.0,0.0,30.0,5.0,3.0,0.0,0.0,1.0,1.0,0.0,1.0,1.0,0.0,2.0,0.0,0.0,0.0,1.0,0.0,0.0,1.0,0.0,0.0,4.0,0.0,0.0,0.0,0.0,0.0,0.0,0.0,0.0,0.0,0.0,0.0,0.0,0.0,0.0,0.0,0.0,0.0,0.0,0.0,0.0,0.0,0.0,2.0,1.0,1.0,0.0,0.0,1.0,0.0,2.0,1.0,1.0,0.0,0.0,2.0,0.0,1.0,2.0,29.0,2.0,2.0,10.0,6.0,6.0,7.0,30.0
CHEMBL391026,IC50,5.012,33.0,5.0,3.0,0.0,0.0,1.0,0.0,42.0,9.0,4.0,0.0,0.0,2.0,0.0,2.0,1.0,0.0,0.0,0.0,42.0,8.0,8.0,0.0,0.0,2.0,0.0,2.0,0.0,0.0,40.0,7.0,8.0,0.0,0.0,2.0,0.0,2.0,1.0,0.0,45.0,5.0,7.0,0.0,0.0,1.0,1.0,0.0,1.0,1.0,47.0,1.0,5.0,0.0,0.0,4.0,0.0,4.0,1.0,0.0,0.0,42.0,5.0,5.0,0.0,0.0,4.0,0.0,4.0,34.0,8.0,5.0,0.0,0.0,4.0,0.0,4.0,0.0,0.0,32.0,5.0,3.0,0.0,0.0,3.0,0.0,3.0,0.0,0.0,31.0,4.0,2.0,0.0,0.0,2.0,2.0,1.0,0.0,0.0,1.0,1.0,0.0,0.0,0.0,2.0,0.0,0.0,1.0,0.0,0.0,5.0,0.0,1.0,0.0,0.0,0.0,0.0,0.0,1.0,0.0,0.0,0.0,0.0,0.0,0.0,0.0,0.0,0.0,0.0,0.0,1.0,1.0,0.0,2.0,1.0,1.0,0.0,0.0,1.0,0.0,2.0,1.0,2.0,0.0,0.0,2.0,0.0,0.0,1.0,29.0,1.0,2.0,8.0,7.0,7.0,7.0,32.0
CHEMBL439388,IC50,501.19,24.0,3.0,2.0,2.0,0.0,0.0,2.0,31.0,6.0,7.0,2.0,0.0,0.0,0.0,0.0,0.0,0.0,0.0,0.0,32.0,4.0,9.0,2.0,0.0,0.0,0.0,0.0,0.0,0.0,32.0,3.0,8.0,1.0,0.0,0.0,0.0,0.0,1.0,0.0,35.0,2.0,6.0,0.0,0.0,0.0,0.0,0.0,0.0,0.0,33.0,2.0,3.0,2.0,0.0,0.0,0.0,0.0,2.0,0.0,0.0,29.0,2.0,6.0,4.0,0.0,0.0,0.0,0.0,26.0,2.0,9.0,2.0,0.0,0.0,0.0,0.0,0.0,0.0,20.0,1.0,4.0,2.0,0.0,0.0,0.0,0.0,0.0,0.0,16.0,0.0,5.0,2.0,0.0,0.0,0.0,2.0,0.0,0.0,0.0,1.0,0.0,0.0,0.0,2.0,0.0,1.0,0.0,0.0,0.0,3.0,0.0,0.0,0.0,0.0,0.0,0.0,0.0,0.0,0.0,0.0,0.0,0.0,0.0,0.0,0.0,0.0,0.0,0.0,0.0,0.0,0.0,0.0,0.0,0.0,1.0,0.0,0.0,0.0,0.0,3.0,1.0,1.0,0.0,0.0,0.0,0.0,0.0,1.0,23.0,1.0,4.0,7.0,4.0,4.0,4.0,24.0
CHEMBL3092132,IC50,20.0,18.0,5.0,4.0,2.0,0.0,0.0,0.0,24.0,9.0,6.0,1.0,0.0,0.0,0.0,0.0,0.0,0.0,0.0,0.0,21.0,9.0,5.0,2.0,0.0,0.0,0.0,0.0,4.0,0.0,17.0,14.0,6.0,3.0,0.0,0.0,0.0,0.0,0.0,0.0,22.0,10.0,2.0,3.0,0.0,0.0,0.0,3.0,0.0,0.0,23.0,6.0,5.0,4.0,0.0,0.0,0.0,0.0,2.0,0.0,0.0,22.0,3.0,7.0,3.0,0.0,0.0,0.0,0.0,16.0,1.0,6.0,1.0,0.0,0.0,0.0,0.0,0.0,0.0,7.0,0.0,8.0,0.0,0.0,0.0,0.0,0.0,0.0,0.0,1.0,0.0,6.0,0.0,0.0,0.0,0.0,0.0,0.0,0.0,0.0,0.0,0.0,0.0,0.0,0.0,1.0,1.0,0.0,0.0,1.0,1.0,0.0,0.0,0.0,0.0,0.0,0.0,0.0,0.0,0.0,0.0,0.0,0.0,0.0,0.0,0.0,0.0,0.0,0.0,0.0,0.0,0.0,0.0,0.0,0.0,1.0,0.0,0.0,0.0,0.0,2.0,0.0,0.0,0.0,0.0,0.0,0.0,2.0,5.0,23.0,5.0,2.0,11.0,1.0,1.0,1.0,20.0
CHEMBL172250,IC50,2700.0,23.0,0.0,5.0,2.0,3.0,3.0,0.0,27.0,0.0,8.0,3.0,3.0,0.0,0.0,3.0,0.0,3.0,3.0,3.0,24.0,0.0,9.0,3.0,6.0,0.0,0.0,6.0,0.0,1.0,21.0,0.0,8.0,3.0,6.0,0.0,0.0,6.0,0.0,1.0,21.0,0.0,10.0,1.0,3.0,0.0,3.0,0.0,0.0,0.0,19.0,0.0,11.0,2.0,3.0,0.0,0.0,3.0,0.0,0.0,0.0,17.0,0.0,8.0,3.0,3.0,0.0,0.0,3.0,19.0,0.0,6.0,1.0,3.0,0.0,0.0,3.0,3.0,3.0,19.0,0.0,10.0,1.0,3.0,0.0,0.0,3.0,0.0,0.0,16.0,0.0,12.0,1.0,3.0,0.0,3.0,2.0,0.0,0.0,5.0,10.0,6.0,6.0,4.0,0.0,4.0,0.0,0.0,3.0,4.0,17.0,2.0,16.0,2.0,0.0,18.0,8.0,10.0,0.0,21.0,20.0,20.0,19.0,17.0,12.0,11.0,0.0,10.0,0.0,8.0,0.0,0.0,7.0,0.0,0.0,4.0,3.0,0.0,0.0,0.0,5.0,0.0,0.0,9.0,3.0,0.0,0.0,0.0,0.0,6.0,0.0,0.0,7.0,21.0,21.0,14.0,13.0
CHEMBL173499,IC50,364.0,22.0,0.0,5.0,2.0,1.0,1.0,0.0,25.0,0.0,8.0,3.0,2.0,0.0,0.0,2.0,0.0,0.0,0.0,0.0,22.0,0.0,9.0,3.0,2.0,0.0,0.0,2.0,0.0,1.0,20.0,0.0,8.0,2.0,1.0,0.0,0.0,1.0,0.0,1.0,20.0,0.0,10.0,1.0,1.0,0.0,1.0,0.0,0.0,0.0,18.0,0.0,11.0,2.0,1.0,0.0,0.0,1.0,0.0,0.0,0.0,16.0,0.0,7.0,3.0,1.0,0.0,0.0,1.0,18.0,0.0,6.0,1.0,1.0,0.0,0.0,1.0,0.0,0.0,18.0,0.0,10.0,1.0,1.0,0.0,0.0,1.0,0.0,0.0,14.0,0.0,12.0,1.0,2.0,0.0,2.0,2.0,0.0,0.0,5.0,10.0,6.0,6.0,4.0,0.0,4.0,0.0,0.0,1.0,4.0,16.0,2.0,16.0,2.0,0.0,18.0,8.0,10.0,0.0,21.0,20.0,20.0,19.0,17.0,12.0,11.0,0.0,10.0,0.0,8.0,0.0,0.0,7.0,0.0,0.0,4.0,1.0,1.0,0.0,0.0,5.0,0.0,0.0,9.0,0.0,0.0,1.0,0.0,0.0,6.0,0.0,0.0,7.0,21.0,21.0,13.0,12.0
CHEMBL467579,IC50,19.95,26.0,2.0,4.0,0.0,1.0,3.0,0.0,33.0,4.0,5.0,0.0,2.0,4.0,0.0,6.0,0.0,0.0,0.0,0.0,33.0,3.0,7.0,0.0,3.0,4.0,0.0,7.0,2.0,0.0,31.0,3.0,9.0,0.0,1.0,3.0,0.0,4.0,0.0,0.0,35.0,3.0,8.0,0.0,1.0,3.0,4.0,0.0,0.0,1.0,36.0,2.0,6.0,0.0,2.0,4.0,0.0,6.0,1.0,0.0,1.0,31.0,2.0,8.0,0.0,3.0,4.0,0.0,7.0,25.0,1.0,8.0,0.0,3.0,6.0,0.0,9.0,0.0,0.0,19.0,2.0,4.0,0.0,3.0,7.0,0.0,10.0,2.0,0.0,13.0,2.0,4.0,0.0,2.0,4.0,6.0,0.0,2.0,2.0,0.0,1.0,0.0,0.0,0.0,0.0,0.0,1.0,2.0,1.0,0.0,2.0,0.0,0.0,0.0,0.0,0.0,0.0,0.0,0.0,0.0,0.0,0.0,0.0,0.0,0.0,0.0,0.0,0.0,0.0,0.0,0.0,0.0,0.0,0.0,0.0,2.0,1.0,1.0,0.0,0.0,3.0,1.0,0.0,0.0,0.0,1.0,1.0,1.0,1.0,24.0,1.0,2.0,6.0,2.0,2.0,4.0,24.0
CHEMBL512617,IC50,63.1,26.0,2.0,4.0,0.0,1.0,3.0,0.0,33.0,4.0,5.0,0.0,2.0,4.0,0.0,6.0,0.0,0.0,0.0,0.0,33.0,3.0,7.0,0.0,2.0,5.0,0.0,7.0,2.0,0.0,31.0,3.0,9.0,0.0,1.0,3.0,0.0,4.0,0.0,0.0,35.0,3.0,8.0,0.0,1.0,3.0,4.0,0.0,0.0,1.0,36.0,2.0,6.0,0.0,0.0,6.0,0.0,6.0,1.0,1.0,1.0,31.0,2.0,8.0,0.0,1.0,6.0,0.0,7.0,25.0,1.0,8.0,0.0,2.0,7.0,0.0,9.0,0.0,0.0,19.0,2.0,4.0,0.0,3.0,7.0,0.0,10.0,2.0,0.0,13.0,2.0,4.0,0.0,3.0,3.0,6.0,0.0,2.0,2.0,0.0,1.0,0.0,0.0,0.0,0.0,0.0,1.0,2.0,1.0,0.0,2.0,0.0,0.0,0.0,0.0,0.0,0.0,0.0,0.0,0.0,0.0,0.0,0.0,0.0,0.0,0.0,0.0,0.0,0.0,0.0,0.0,0.0,0.0,0.0,0.0,2.0,1.0,1.0,0.0,0.0,3.0,1.0,0.0,0.0,0.0,1.0,1.0,1.0,1.0,24.0,1.0,2.0,6.0,2.0,2.0,4.0,24.0
CHEMBL514574,IC50,3.981,26.0,2.0,4.0,0.0,2.0,3.0,0.0,33.0,4.0,5.0,0.0,4.0,2.0,0.0,6.0,0.0,0.0,0.0,0.0,33.0,3.0,7.0,0.0,5.0,2.0,0.0,7.0,2.0,0.0,31.0,3.0,9.0,0.0,2.0,2.0,0.0,4.0,0.0,0.0,35.0,3.0,8.0,0.0,2.0,2.0,4.0,0.0,0.0,1.0,36.0,2.0,6.0,0.0,2.0,4.0,0.0,6.0,1.0,1.0,1.0,31.0,2.0,8.0,0.0,4.0,3.0,0.0,7.0,25.0,1.0,8.0,0.0,5.0,4.0,0.0,9.0,0.0,0.0,19.0,2.0,4.0,0.0,6.0,4.0,0.0,10.0,2.0,0.0,13.0,2.0,4.0,0.0,5.0,1.0,6.0,0.0,2.0,2.0,0.0,1.0,0.0,0.0,0.0,0.0,1.0,1.0,2.0,2.0,1.0,2.0,0.0,0.0,0.0,0.0,0.0,0.0,0.0,0.0,0.0,0.0,0.0,0.0,0.0,0.0,0.0,0.0,0.0,0.0,0.0,0.0,0.0,0.0,0.0,0.0,2.0,2.0,2.0,0.0,0.0,3.0,1.0,0.0,0.0,0.0,1.0,2.0,1.0,1.0,24.0,1.0,2.0,6.0,3.0,3.0,4.0,24.0
CHEMBL457142,IC50,5.012,26.0,2.0,4.0,0.0,1.0,2.0,0.0,33.0,4.0,5.0,0.0,2.0,2.0,0.0,4.0,0.0,0.0,0.0,0.0,33.0,3.0,7.0,0.0,2.0,2.0,0.0,4.0,2.0,0.0,31.0,3.0,9.0,0.0,1.0,2.0,0.0,3.0,0.0,0.0,35.0,3.0,8.0,0.0,1.0,2.0,3.0,0.0,0.0,1.0,36.0,2.0,6.0,0.0,0.0,4.0,0.0,4.0,1.0,1.0,1.0,31.0,2.0,8.0,0.0,1.0,3.0,0.0,4.0,25.0,1.0,8.0,0.0,2.0,4.0,0.0,6.0,0.0,0.0,19.0,2.0,4.0,0.0,3.0,4.0,0.0,7.0,2.0,0.0,13.0,2.0,4.0,0.0,3.0,1.0,4.0,0.0,2.0,2.0,0.0,1.0,0.0,0.0,0.0,0.0,1.0,1.0,1.0,1.0,1.0,2.0,0.0,0.0,0.0,0.0,0.0,0.0,0.0,0.0,0.0,0.0,0.0,0.0,0.0,0.0,0.0,0.0,0.0,0.0,0.0,0.0,0.0,0.0,0.0,0.0,2.0,1.0,1.0,0.0,0.0,3.0,1.0,0.0,0.0,0.0,1.0,1.0,1.0,1.0,24.0,1.0,2.0,6.0,3.0,3.0,4.0,24.0
CHEMBL425681,IC50,713.0,22.0,0.0,7.0,0.0,0.0,0.0,0.0,25.0,0.0,11.0,0.0,0.0,0.0,0.0,0.0,0.0,0.0,0.0,0.0,22.0,0.0,12.0,0.0,0.0,0.0,0.0,0.0,0.0,0.0,20.0,0.0,10.0,0.0,0.0,0.0,0.0,0.0,0.0,1.0,20.0,0.0,11.0,0.0,0.0,0.0,0.0,0.0,0.0,0.0,18.0,0.0,13.0,0.0,0.0,0.0,0.0,0.0,0.0,0.0,0.0,16.0,0.0,10.0,0.0,0.0,0.0,0.0,0.0,18.0,0.0,7.0,0.0,0.0,0.0,0.0,0.0,0.0,0.0,18.0,0.0,11.0,0.0,0.0,0.0,0.0,0.0,0.0,0.0,14.0,0.0,13.0,0.0,0.0,0.0,0.0,2.0,0.0,0.0,5.0,10.0,6.0,6.0,4.0,0.0,4.0,0.0,0.0,0.0,4.0,16.0,2.0,16.0,2.0,0.0,18.0,8.0,10.0,0.0,21.0,20.0,20.0,19.0,17.0,14.0,12.0,0.0,11.0,0.0,9.0,0.0,0.0,8.0,0.0,0.0,5.0,0.0,0.0,0.0,0.0,6.0,0.0,0.0,9.0,0.0,0.0,0.0,0.0,0.0,6.0,0.0,0.0,7.0,21.0,21.0,13.0,12.0
CHEMBL390238,IC50,1.259,26.0,6.0,5.0,0.0,2.0,3.0,0.0,35.0,9.0,6.0,0.0,4.0,0.0,2.0,6.0,1.0,0.0,0.0,0.0,38.0,6.0,11.0,0.0,5.0,0.0,2.0,7.0,0.0,0.0,37.0,6.0,10.0,0.0,2.0,0.0,2.0,4.0,1.0,0.0,42.0,6.0,8.0,0.0,2.0,0.0,3.0,4.0,1.0,1.0,43.0,6.0,13.0,0.0,2.0,0.0,4.0,6.0,1.0,1.0,1.0,39.0,4.0,14.0,0.0,4.0,0.0,4.0,8.0,32.0,4.0,10.0,0.0,4.0,0.0,4.0,8.0,0.0,0.0,26.0,3.0,8.0,0.0,6.0,0.0,4.0,10.0,2.0,0.0,21.0,1.0,7.0,0.0,5.0,0.0,8.0,1.0,0.0,2.0,0.0,1.0,0.0,0.0,0.0,3.0,1.0,0.0,2.0,2.0,1.0,6.0,0.0,1.0,0.0,0.0,0.0,0.0,0.0,0.0,0.0,0.0,0.0,0.0,0.0,0.0,0.0,0.0,0.0,0.0,0.0,1.0,1.0,0.0,2.0,1.0,2.0,2.0,2.0,1.0,0.0,4.0,2.0,2.0,0.0,0.0,2.0,2.0,0.0,1.0,23.0,1.0,2.0,11.0,6.0,6.0,6.0,26.0
CHEMBL389995,IC50,3.981,25.0,3.0,4.0,0.0,2.0,4.0,0.0,32.0,6.0,5.0,0.0,4.0,2.0,2.0,8.0,0.0,0.0,0.0,0.0,32.0,4.0,9.0,0.0,5.0,2.0,2.0,9.0,0.0,0.0,31.0,4.0,8.0,0.0,2.0,2.0,2.0,6.0,1.0,0.0,36.0,2.0,6.0,0.0,2.0,2.0,5.0,2.0,1.0,3.0,37.0,1.0,7.0,0.0,2.0,4.0,4.0,10.0,0.0,1.0,1.0,29.0,2.0,10.0,0.0,4.0,2.0,4.0,10.0,24.0,2.0,6.0,0.0,4.0,2.0,4.0,10.0,0.0,1.0,20.0,1.0,4.0,0.0,6.0,2.0,4.0,12.0,2.0,0.0,15.0,0.0,4.0,0.0,5.0,1.0,7.0,0.0,0.0,2.0,0.0,1.0,0.0,0.0,0.0,1.0,1.0,0.0,2.0,2.0,1.0,3.0,0.0,0.0,0.0,0.0,0.0,0.0,0.0,0.0,0.0,0.0,0.0,0.0,0.0,0.0,0.0,0.0,0.0,0.0,0.0,0.0,0.0,0.0,0.0,0.0,2.0,2.0,2.0,0.0,0.0,3.0,2.0,1.0,0.0,0.0,2.0,2.0,0.0,1.0,23.0,1.0,2.0,7.0,4.0,4.0,4.0,24.0
CHEMBL1915258,IC50,100.0,24.0,7.0,3.0,0.0,0.0,1.0,0.0,31.0,11.0,5.0,0.0,0.0,2.0,0.0,2.0,1.0,0.0,0.0,0.0,29.0,9.0,8.0,0.0,0.0,2.0,0.0,2.0,0.0,0.0,24.0,11.0,6.0,0.0,0.0,3.0,0.0,3.0,2.0,0.0,27.0,9.0,3.0,0.0,0.0,1.0,1.0,3.0,1.0,1.0,28.0,11.0,5.0,0.0,0.0,2.0,0.0,2.0,0.0,0.0,0.0,27.0,8.0,1.0,0.0,0.0,5.0,0.0,5.0,18.0,8.0,3.0,0.0,0.0,2.0,0.0,2.0,0.0,0.0,19.0,6.0,3.0,0.0,0.0,2.0,0.0,2.0,1.0,0.0,19.0,4.0,5.0,0.0,0.0,1.0,1.0,0.0,1.0,1.0,1.0,5.0,2.0,2.0,0.0,1.0,0.0,0.0,0.0,0.0,0.0,8.0,1.0,5.0,1.0,0.0,5.0,2.0,1.0,0.0,4.0,1.0,0.0,0.0,0.0,0.0,0.0,6.0,0.0,4.0,0.0,3.0,2.0,0.0,3.0,1.0,0.0,0.0,0.0,2.0,0.0,1.0,0.0,1.0,2.0,0.0,0.0,0.0,1.0,3.0,20.0,4.0,0.0,10.0,12.0,12.0,5.0,22.0
CHEMBL388655,IC50,50.12,27.0,0.0,4.0,0.0,1.0,2.0,0.0,36.0,0.0,5.0,0.0,2.0,2.0,0.0,4.0,0.0,0.0,0.0,0.0,33.0,0.0,9.0,0.0,3.0,2.0,0.0,5.0,0.0,0.0,32.0,0.0,9.0,0.0,1.0,1.0,0.0,2.0,0.0,0.0,34.0,0.0,8.0,0.0,1.0,1.0,2.0,0.0,0.0,0.0,34.0,0.0,6.0,0.0,2.0,0.0,0.0,2.0,0.0,0.0,1.0,29.0,0.0,8.0,0.0,3.0,1.0,0.0,4.0,25.0,0.0,6.0,0.0,3.0,2.0,0.0,5.0,0.0,0.0,19.0,0.0,4.0,0.0,3.0,3.0,0.0,6.0,2.0,0.0,13.0,0.0,4.0,0.0,2.0,3.0,5.0,0.0,0.0,0.0,0.0,4.0,0.0,2.0,1.0,0.0,1.0,1.0,1.0,1.0,1.0,7.0,0.0,4.0,0.0,2.0,3.0,0.0,0.0,2.0,2.0,1.0,0.0,0.0,0.0,0.0,0.0,0.0,0.0,0.0,0.0,0.0,0.0,0.0,0.0,0.0,2.0,1.0,1.0,0.0,0.0,3.0,2.0,0.0,3.0,0.0,2.0,1.0,0.0,0.0,18.0,0.0,6.0,4.0,7.0,7.0,6.0,21.0
CHEMBL390081,IC50,12.59,30.0,3.0,4.0,0.0,0.0,1.0,0.0,40.0,6.0,5.0,0.0,0.0,0.0,2.0,2.0,0.0,0.0,0.0,0.0,42.0,4.0,9.0,0.0,0.0,0.0,2.0,2.0,0.0,0.0,39.0,5.0,10.0,0.0,0.0,0.0,2.0,2.0,1.0,0.0,41.0,4.0,10.0,0.0,0.0,0.0,1.0,2.0,1.0,1.0,45.0,2.0,9.0,0.0,0.0,0.0,4.0,4.0,0.0,0.0,0.0,41.0,2.0,10.0,0.0,0.0,0.0,4.0,4.0,34.0,2.0,7.0,0.0,0.0,0.0,4.0,4.0,0.0,0.0,28.0,1.0,6.0,0.0,0.0,0.0,5.0,5.0,2.0,0.0,22.0,0.0,5.0,0.0,0.0,0.0,3.0,0.0,0.0,2.0,0.0,1.0,0.0,0.0,0.0,1.0,1.0,1.0,1.0,0.0,1.0,3.0,0.0,0.0,0.0,0.0,0.0,0.0,0.0,0.0,0.0,0.0,0.0,0.0,0.0,0.0,0.0,0.0,0.0,0.0,0.0,0.0,0.0,0.0,0.0,0.0,2.0,0.0,0.0,0.0,0.0,3.0,2.0,1.0,0.0,0.0,3.0,0.0,0.0,1.0,27.0,1.0,2.0,7.0,4.0,4.0,4.0,28.0
CHEMBL231723,IC50,10.0,25.0,6.0,3.0,0.0,2.0,3.0,0.0,35.0,7.0,4.0,0.0,4.0,0.0,2.0,6.0,1.0,0.0,0.0,0.0,34.0,6.0,9.0,0.0,5.0,0.0,2.0,7.0,0.0,0.0,35.0,6.0,6.0,0.0,2.0,0.0,2.0,4.0,1.0,0.0,40.0,3.0,5.0,0.0,2.0,0.0,3.0,1.0,1.0,1.0,39.0,5.0,5.0,0.0,2.0,0.0,4.0,6.0,0.0,1.0,1.0,33.0,6.0,6.0,0.0,4.0,0.0,4.0,8.0,32.0,4.0,4.0,0.0,4.0,0.0,4.0,8.0,0.0,0.0,24.0,3.0,2.0,0.0,6.0,0.0,4.0,10.0,1.0,0.0,19.0,2.0,4.0,0.0,5.0,0.0,6.0,0.0,0.0,1.0,0.0,1.0,0.0,0.0,0.0,3.0,0.0,0.0,2.0,2.0,0.0,5.0,0.0,0.0,0.0,0.0,0.0,0.0,0.0,0.0,0.0,0.0,0.0,0.0,0.0,0.0,0.0,0.0,0.0,0.0,0.0,0.0,0.0,0.0,3.0,3.0,1.0,2.0,2.0,1.0,0.0,2.0,1.0,1.0,0.0,0.0,2.0,2.0,0.0,1.0,23.0,1.0,2.0,9.0,5.0,5.0,5.0,25.0
CHEMBL232537,IC50,63.1,30.0,7.0,3.0,0.0,0.0,1.0,0.0,39.0,10.0,4.0,0.0,0.0,2.0,0.0,2.0,1.0,0.0,0.0,0.0,38.0,9.0,8.0,0.0,0.0,2.0,0.0,2.0,0.0,0.0,36.0,8.0,7.0,0.0,0.0,2.0,0.0,2.0,1.0,0.0,42.0,4.0,7.0,0.0,0.0,1.0,1.0,0.0,1.0,1.0,44.0,2.0,5.0,0.0,0.0,4.0,0.0,4.0,1.0,0.0,0.0,40.0,6.0,4.0,0.0,0.0,4.0,0.0,4.0,32.0,9.0,5.0,0.0,0.0,4.0,0.0,4.0,0.0,0.0,28.0,7.0,3.0,0.0,0.0,3.0,0.0,3.0,0.0,0.0,26.0,5.0,2.0,0.0,0.0,2.0,2.0,1.0,0.0,0.0,0.0,2.0,0.0,0.0,0.0,1.0,0.0,0.0,1.0,0.0,0.0,4.0,0.0,0.0,0.0,0.0,0.0,0.0,0.0,0.0,0.0,0.0,0.0,0.0,0.0,0.0,0.0,0.0,0.0,0.0,0.0,0.0,0.0,0.0,2.0,1.0,1.0,0.0,0.0,1.0,0.0,2.0,1.0,1.0,0.0,0.0,2.0,0.0,1.0,2.0,29.0,2.0,2.0,10.0,6.0,6.0,7.0,30.0
CHEMBL402656,IC50,10.0,15.0,5.0,2.0,2.0,0.0,0.0,0.0,23.0,5.0,2.0,1.0,0.0,0.0,0.0,0.0,0.0,0.0,0.0,0.0,19.0,7.0,2.0,3.0,0.0,0.0,0.0,0.0,2.0,0.0,19.0,7.0,2.0,3.0,0.0,0.0,0.0,0.0,0.0,0.0,20.0,5.0,0.0,3.0,0.0,0.0,0.0,2.0,0.0,0.0,17.0,3.0,4.0,3.0,0.0,0.0,0.0,0.0,0.0,0.0,0.0,12.0,2.0,6.0,2.0,0.0,0.0,0.0,0.0,9.0,0.0,6.0,0.0,0.0,0.0,0.0,0.0,0.0,0.0,2.0,0.0,6.0,0.0,0.0,0.0,0.0,0.0,0.0,0.0,0.0,0.0,4.0,0.0,0.0,0.0,0.0,0.0,0.0,0.0,1.0,1.0,1.0,0.0,0.0,3.0,0.0,0.0,1.0,0.0,0.0,6.0,0.0,3.0,1.0,0.0,3.0,0.0,0.0,0.0,0.0,0.0,0.0,0.0,0.0,0.0,0.0,0.0,0.0,0.0,0.0,0.0,0.0,0.0,0.0,0.0,1.0,0.0,0.0,0.0,0.0,2.0,0.0,3.0,1.0,0.0,0.0,0.0,1.0,3.0,14.0,3.0,2.0,9.0,5.0,5.0,3.0,14.0
CHEMBL3092148,IC50,500.0,21.0,5.0,2.0,2.0,0.0,0.0,0.0,27.0,9.0,2.0,1.0,0.0,0.0,0.0,0.0,0.0,0.0,0.0,0.0,24.0,12.0,2.0,2.0,0.0,0.0,0.0,0.0,0.0,0.0,23.0,15.0,2.0,4.0,0.0,0.0,0.0,0.0,0.0,0.0,26.0,12.0,2.0,5.0,0.0,0.0,0.0,2.0,0.0,0.0,27.0,8.0,2.0,4.0,0.0,0.0,0.0,0.0,0.0,0.0,0.0,27.0,4.0,0.0,3.0,0.0,0.0,0.0,0.0,25.0,1.0,2.0,1.0,0.0,0.0,0.0,0.0,0.0,0.0,17.0,0.0,6.0,0.0,0.0,0.0,0.0,0.0,0.0,0.0,9.0,0.0,8.0,0.0,0.0,0.0,0.0,0.0,0.0,0.0,0.0,0.0,0.0,0.0,0.0,1.0,1.0,0.0,0.0,0.0,1.0,4.0,0.0,1.0,0.0,1.0,0.0,0.0,0.0,0.0,0.0,0.0,0.0,0.0,0.0,0.0,0.0,0.0,0.0,0.0,0.0,0.0,0.0,1.0,0.0,0.0,1.0,0.0,0.0,0.0,0.0,2.0,0.0,1.0,0.0,0.0,1.0,0.0,2.0,4.0,22.0,4.0,3.0,9.0,4.0,4.0,2.0,22.0
CHEMBL401785,IC50,158.49,14.0,5.0,2.0,2.0,0.0,0.0,0.0,21.0,5.0,2.0,1.0,0.0,0.0,0.0,0.0,0.0,0.0,0.0,0.0,17.0,7.0,2.0,3.0,0.0,0.0,0.0,0.0,2.0,0.0,18.0,6.0,2.0,3.0,0.0,0.0,0.0,0.0,0.0,0.0,17.0,5.0,0.0,3.0,0.0,0.0,0.0,2.0,0.0,0.0,16.0,2.0,4.0,2.0,0.0,0.0,0.0,0.0,0.0,0.0,0.0,9.0,2.0,6.0,2.0,0.0,0.0,0.0,0.0,6.0,0.0,6.0,0.0,0.0,0.0,0.0,0.0,0.0,0.0,2.0,0.0,4.0,0.0,0.0,0.0,0.0,0.0,0.0,0.0,0.0,0.0,4.0,0.0,0.0,0.0,0.0,0.0,0.0,0.0,1.0,1.0,1.0,0.0,0.0,2.0,0.0,1.0,0.0,0.0,0.0,5.0,0.0,3.0,1.0,0.0,3.0,0.0,0.0,0.0,0.0,0.0,0.0,0.0,0.0,0.0,0.0,0.0,0.0,0.0,0.0,0.0,0.0,0.0,0.0,0.0,1.0,0.0,0.0,0.0,0.0,2.0,0.0,2.0,1.0,0.0,0.0,0.0,1.0,3.0,14.0,3.0,2.0,9.0,4.0,4.0,3.0,14.0
CHEMBL467632,IC50,6354.0,25.0,3.0,3.0,3.0,0.0,2.0,2.0,33.0,5.0,6.0,4.0,0.0,3.0,0.0,3.0,3.0,0.0,0.0,0.0,31.0,4.0,7.0,3.0,0.0,3.0,0.0,3.0,1.0,3.0,28.0,5.0,11.0,1.0,0.0,0.0,0.0,0.0,1.0,2.0,26.0,5.0,5.0,2.0,0.0,0.0,0.0,0.0,2.0,4.0,23.0,6.0,10.0,2.0,0.0,2.0,0.0,2.0,0.0,0.0,0.0,21.0,5.0,11.0,4.0,0.0,2.0,0.0,2.0,23.0,3.0,9.0,5.0,0.0,0.0,0.0,0.0,0.0,2.0,22.0,4.0,10.0,4.0,0.0,2.0,0.0,2.0,0.0,0.0,18.0,3.0,5.0,5.0,0.0,4.0,4.0,0.0,0.0,0.0,0.0,2.0,0.0,0.0,0.0,0.0,0.0,1.0,1.0,0.0,0.0,3.0,0.0,1.0,0.0,0.0,0.0,0.0,0.0,0.0,0.0,0.0,0.0,0.0,0.0,0.0,0.0,0.0,0.0,0.0,0.0,1.0,0.0,1.0,1.0,0.0,1.0,0.0,0.0,1.0,2.0,4.0,0.0,0.0,1.0,0.0,0.0,0.0,0.0,2.0,24.0,2.0,4.0,9.0,8.0,8.0,8.0,26.0
CHEMBL403082,IC50,39.81,15.0,5.0,2.0,2.0,0.0,1.0,0.0,22.0,6.0,2.0,1.0,0.0,2.0,0.0,2.0,0.0,0.0,0.0,0.0,21.0,7.0,2.0,3.0,0.0,2.0,0.0,2.0,2.0,0.0,21.0,7.0,2.0,4.0,0.0,1.0,0.0,1.0,0.0,0.0,23.0,5.0,0.0,3.0,0.0,3.0,3.0,2.0,0.0,0.0,17.0,2.0,4.0,2.0,0.0,2.0,0.0,2.0,0.0,0.0,0.0,9.0,2.0,8.0,2.0,0.0,3.0,0.0,3.0,6.0,0.0,6.0,0.0,0.0,3.0,0.0,3.0,0.0,0.0,2.0,0.0,4.0,0.0,0.0,0.0,0.0,0.0,0.0,2.0,0.0,0.0,4.0,0.0,0.0,0.0,0.0,0.0,0.0,0.0,1.0,1.0,1.0,0.0,0.0,3.0,0.0,0.0,1.0,0.0,0.0,6.0,0.0,3.0,1.0,0.0,3.0,0.0,0.0,0.0,0.0,0.0,0.0,0.0,0.0,0.0,0.0,0.0,0.0,0.0,0.0,0.0,0.0,0.0,0.0,0.0,1.0,0.0,0.0,0.0,0.0,2.0,0.0,3.0,1.0,0.0,0.0,0.0,1.0,3.0,14.0,3.0,2.0,9.0,5.0,5.0,3.0,14.0
CHEMBL3127152,IC50,39.0,14.0,7.0,2.0,2.0,0.0,0.0,0.0,19.0,11.0,2.0,1.0,0.0,0.0,0.0,0.0,0.0,0.0,0.0,0.0,17.0,10.0,2.0,2.0,0.0,0.0,0.0,0.0,2.0,0.0,13.0,14.0,2.0,3.0,0.0,0.0,0.0,0.0,0.0,0.0,19.0,7.0,0.0,2.0,0.0,0.0,0.0,2.0,0.0,0.0,15.0,8.0,2.0,3.0,0.0,0.0,0.0,0.0,2.0,0.0,0.0,11.0,5.0,6.0,2.0,0.0,0.0,0.0,0.0,7.0,2.0,4.0,1.0,0.0,0.0,0.0,0.0,0.0,0.0,4.0,0.0,6.0,0.0,0.0,0.0,0.0,0.0,0.0,0.0,1.0,0.0,4.0,0.0,0.0,0.0,0.0,0.0,0.0,0.0,0.0,0.0,0.0,0.0,0.0,0.0,1.0,0.0,0.0,0.0,1.0,1.0,0.0,0.0,0.0,0.0,0.0,0.0,0.0,0.0,0.0,0.0,0.0,0.0,0.0,0.0,0.0,0.0,0.0,0.0,0.0,0.0,0.0,0.0,0.0,0.0,1.0,0.0,0.0,0.0,0.0,2.0,0.0,0.0,0.0,0.0,0.0,0.0,3.0,5.0,20.0,5.0,2.0,11.0,1.0,1.0,1.0,17.0
CHEMBL3127176,IC50,120.0,17.0,5.0,2.0,2.0,0.0,0.0,0.0,25.0,5.0,2.0,1.0,0.0,0.0,0.0,0.0,0.0,0.0,0.0,0.0,22.0,7.0,2.0,3.0,0.0,0.0,0.0,0.0,2.0,0.0,21.0,7.0,2.0,3.0,0.0,0.0,0.0,0.0,0.0,0.0,22.0,5.0,0.0,3.0,0.0,0.0,0.0,2.0,0.0,0.0,19.0,4.0,4.0,3.0,0.0,0.0,0.0,0.0,0.0,0.0,0.0,14.0,2.0,6.0,2.0,0.0,0.0,0.0,0.0,8.0,1.0,6.0,1.0,0.0,0.0,0.0,0.0,0.0,0.0,4.0,0.0,6.0,0.0,0.0,0.0,0.0,0.0,0.0,0.0,1.0,0.0,4.0,0.0,0.0,0.0,0.0,0.0,0.0,0.0,0.0,0.0,0.0,0.0,0.0,0.0,1.0,1.0,0.0,0.0,1.0,1.0,0.0,0.0,0.0,0.0,0.0,0.0,0.0,0.0,0.0,0.0,0.0,0.0,0.0,0.0,0.0,0.0,0.0,0.0,0.0,0.0,0.0,0.0,0.0,0.0,1.0,0.0,0.0,0.0,0.0,2.0,0.0,0.0,0.0,0.0,0.0,0.0,1.0,3.0,20.0,3.0,2.0,9.0,1.0,1.0,1.0,19.0
CHEMBL3127156,IC50,2.0,16.0,5.0,2.0,2.0,1.0,1.0,0.0,21.0,9.0,2.0,1.0,2.0,0.0,0.0,2.0,0.0,0.0,0.0,0.0,18.0,10.0,2.0,2.0,2.0,0.0,0.0,2.0,2.0,0.0,15.0,13.0,2.0,3.0,1.0,0.0,0.0,1.0,0.0,0.0,20.0,7.0,0.0,3.0,2.0,0.0,2.0,2.0,1.0,0.0,19.0,4.0,2.0,3.0,1.0,0.0,0.0,1.0,2.0,0.0,0.0,14.0,2.0,6.0,2.0,4.0,0.0,0.0,4.0,8.0,1.0,6.0,1.0,3.0,0.0,0.0,3.0,0.0,0.0,4.0,0.0,6.0,0.0,1.0,0.0,0.0,1.0,0.0,2.0,1.0,0.0,4.0,0.0,0.0,0.0,0.0,0.0,0.0,0.0,0.0,0.0,0.0,0.0,0.0,0.0,1.0,0.0,1.0,1.0,1.0,1.0,0.0,0.0,0.0,0.0,0.0,0.0,0.0,0.0,0.0,0.0,0.0,0.0,0.0,0.0,0.0,0.0,0.0,0.0,0.0,0.0,0.0,0.0,0.0,0.0,1.0,1.0,1.0,0.0,0.0,2.0,0.0,0.0,0.0,0.0,0.0,1.0,2.0,4.0,20.0,4.0,2.0,9.0,1.0,1.0,1.0,18.0
CHEMBL2442497,IC50,500.0,18.0,7.0,2.0,2.0,0.0,0.0,0.0,25.0,9.0,2.0,2.0,0.0,0.0,0.0,0.0,0.0,0.0,0.0,0.0,23.0,10.0,2.0,2.0,0.0,0.0,0.0,0.0,2.0,0.0,22.0,12.0,2.0,2.0,0.0,0.0,0.0,0.0,0.0,0.0,24.0,12.0,2.0,4.0,0.0,0.0,0.0,0.0,0.0,0.0,26.0,6.0,2.0,4.0,0.0,0.0,0.0,0.0,2.0,0.0,0.0,23.0,3.0,4.0,3.0,0.0,0.0,0.0,0.0,18.0,1.0,8.0,1.0,0.0,0.0,0.0,0.0,0.0,0.0,9.0,0.0,8.0,0.0,0.0,0.0,0.0,0.0,0.0,0.0,2.0,0.0,6.0,0.0,0.0,0.0,0.0,0.0,0.0,0.0,0.0,0.0,0.0,0.0,0.0,1.0,1.0,0.0,0.0,0.0,1.0,2.0,0.0,0.0,0.0,0.0,0.0,0.0,0.0,0.0,0.0,0.0,0.0,0.0,0.0,0.0,0.0,0.0,0.0,0.0,0.0,0.0,0.0,0.0,0.0,0.0,1.0,0.0,0.0,0.0,0.0,2.0,0.0,0.0,0.0,0.0,0.0,0.0,2.0,4.0,22.0,4.0,2.0,11.0,2.0,2.0,1.0,20.0
CHEMBL482330,IC50,1400.0,25.0,4.0,4.0,1.0,2.0,2.0,2.0,34.0,6.0,6.0,3.0,4.0,0.0,0.0,4.0,4.0,0.0,0.0,0.0,31.0,9.0,12.0,3.0,4.0,0.0,0.0,4.0,0.0,1.0,29.0,7.0,14.0,2.0,2.0,0.0,0.0,2.0,0.0,2.0,29.0,5.0,13.0,1.0,0.0,0.0,0.0,1.0,1.0,2.0,29.0,3.0,11.0,2.0,1.0,0.0,0.0,1.0,1.0,2.0,2.0,25.0,5.0,15.0,2.0,2.0,0.0,0.0,2.0,22.0,2.0,10.0,5.0,2.0,0.0,0.0,2.0,1.0,1.0,22.0,4.0,14.0,1.0,2.0,0.0,0.0,2.0,0.0,0.0,20.0,4.0,6.0,2.0,3.0,0.0,3.0,2.0,0.0,0.0,0.0,5.0,0.0,2.0,1.0,2.0,0.0,0.0,1.0,2.0,0.0,14.0,5.0,10.0,4.0,5.0,11.0,6.0,2.0,0.0,9.0,6.0,5.0,4.0,1.0,0.0,0.0,4.0,0.0,4.0,0.0,3.0,4.0,0.0,4.0,3.0,1.0,2.0,2.0,2.0,2.0,5.0,0.0,1.0,4.0,0.0,1.0,2.0,0.0,0.0,12.0,1.0,6.0,9.0,14.0,14.0,8.0,22.0
CHEMBL480950,IC50,7.943,25.0,8.0,3.0,0.0,0.0,1.0,0.0,33.0,12.0,4.0,0.0,0.0,2.0,0.0,2.0,1.0,0.0,0.0,0.0,29.0,10.0,7.0,0.0,0.0,2.0,0.0,2.0,1.0,0.0,26.0,9.0,6.0,0.0,0.0,2.0,0.0,2.0,2.0,0.0,29.0,11.0,6.0,0.0,0.0,0.0,0.0,1.0,1.0,1.0,32.0,8.0,5.0,0.0,0.0,2.0,0.0,2.0,0.0,0.0,0.0,28.0,11.0,4.0,0.0,0.0,4.0,0.0,4.0,24.0,9.0,2.0,0.0,0.0,3.0,0.0,3.0,0.0,0.0,23.0,7.0,5.0,0.0,0.0,2.0,0.0,2.0,0.0,1.0,24.0,5.0,3.0,0.0,0.0,2.0,2.0,0.0,0.0,0.0,0.0,3.0,0.0,0.0,0.0,3.0,0.0,0.0,1.0,0.0,0.0,7.0,0.0,0.0,0.0,0.0,0.0,0.0,0.0,0.0,0.0,0.0,0.0,0.0,0.0,0.0,0.0,0.0,0.0,0.0,0.0,0.0,0.0,0.0,4.0,3.0,1.0,0.0,0.0,2.0,0.0,2.0,1.0,1.0,0.0,0.0,1.0,0.0,1.0,2.0,23.0,2.0,2.0,11.0,11.0,11.0,10.0,25.0
CHEMBL492840,IC50,100.0,25.0,8.0,3.0,0.0,0.0,1.0,0.0,33.0,13.0,4.0,0.0,0.0,2.0,0.0,2.0,1.0,0.0,0.0,0.0,33.0,10.0,8.0,0.0,0.0,2.0,0.0,2.0,0.0,0.0,29.0,12.0,4.0,0.0,0.0,2.0,0.0,2.0,2.0,0.0,32.0,11.0,4.0,0.0,0.0,0.0,0.0,2.0,1.0,1.0,29.0,12.0,7.0,0.0,0.0,2.0,0.0,2.0,0.0,0.0,0.0,25.0,9.0,1.0,0.0,0.0,4.0,0.0,4.0,21.0,10.0,4.0,0.0,0.0,2.0,0.0,2.0,0.0,0.0,23.0,6.0,5.0,0.0,0.0,1.0,0.0,1.0,1.0,0.0,20.0,4.0,4.0,0.0,0.0,1.0,1.0,0.0,1.0,1.0,2.0,5.0,1.0,1.0,0.0,5.0,0.0,0.0,2.0,0.0,0.0,13.0,0.0,6.0,1.0,0.0,4.0,0.0,0.0,1.0,0.0,0.0,0.0,0.0,0.0,0.0,0.0,0.0,0.0,0.0,2.0,3.0,6.0,1.0,4.0,3.0,1.0,0.0,0.0,2.0,0.0,2.0,0.0,5.0,1.0,0.0,2.0,0.0,1.0,2.0,17.0,3.0,2.0,11.0,17.0,17.0,9.0,21.0
CHEMBL210394,IC50,1.585,25.0,3.0,4.0,0.0,3.0,4.0,0.0,32.0,6.0,5.0,0.0,6.0,0.0,2.0,8.0,0.0,0.0,0.0,0.0,32.0,4.0,9.0,0.0,8.0,0.0,2.0,10.0,0.0,0.0,31.0,4.0,8.0,0.0,3.0,0.0,2.0,5.0,1.0,0.0,36.0,2.0,6.0,0.0,3.0,0.0,4.0,2.0,1.0,1.0,37.0,1.0,7.0,0.0,4.0,0.0,4.0,8.0,0.0,1.0,1.0,29.0,2.0,10.0,0.0,7.0,0.0,4.0,11.0,24.0,2.0,6.0,0.0,6.0,0.0,4.0,10.0,0.0,0.0,20.0,1.0,4.0,0.0,9.0,0.0,4.0,13.0,2.0,0.0,15.0,0.0,4.0,0.0,8.0,0.0,9.0,0.0,0.0,2.0,0.0,1.0,0.0,0.0,0.0,1.0,1.0,0.0,1.0,3.0,1.0,3.0,0.0,0.0,0.0,0.0,0.0,0.0,0.0,0.0,0.0,0.0,0.0,0.0,0.0,0.0,0.0,0.0,0.0,0.0,0.0,0.0,0.0,0.0,0.0,0.0,2.0,3.0,3.0,0.0,0.0,3.0,2.0,1.0,0.0,0.0,2.0,3.0,0.0,1.0,23.0,1.0,2.0,7.0,4.0,4.0,4.0,24.0
CHEMBL377134,IC50,50.12,25.0,3.0,6.0,0.0,0.0,1.0,0.0,33.0,6.0,7.0,0.0,0.0,0.0,2.0,2.0,0.0,0.0,0.0,0.0,34.0,4.0,11.0,0.0,0.0,0.0,2.0,2.0,0.0,0.0,33.0,4.0,10.0,0.0,0.0,0.0,2.0,2.0,1.0,0.0,38.0,2.0,6.0,0.0,0.0,0.0,1.0,2.0,1.0,1.0,37.0,1.0,9.0,0.0,0.0,0.0,4.0,4.0,0.0,0.0,0.0,30.0,2.0,12.0,0.0,0.0,0.0,4.0,4.0,26.0,2.0,9.0,0.0,0.0,0.0,4.0,4.0,0.0,0.0,23.0,1.0,6.0,0.0,0.0,0.0,4.0,4.0,2.0,0.0,17.0,1.0,7.0,0.0,0.0,0.0,1.0,0.0,0.0,3.0,0.0,1.0,0.0,0.0,0.0,2.0,1.0,0.0,1.0,0.0,1.0,4.0,0.0,0.0,0.0,0.0,0.0,0.0,0.0,0.0,0.0,0.0,0.0,0.0,0.0,0.0,0.0,0.0,0.0,0.0,0.0,0.0,0.0,0.0,0.0,0.0,3.0,0.0,0.0,0.0,0.0,4.0,2.0,1.0,0.0,0.0,2.0,0.0,0.0,1.0,23.0,1.0,2.0,9.0,5.0,5.0,5.0,24.0
CHEMBL210987,IC50,39.81,25.0,3.0,4.0,0.0,0.0,1.0,0.0,32.0,6.0,5.0,0.0,0.0,0.0,2.0,2.0,0.0,0.0,0.0,0.0,32.0,4.0,9.0,0.0,0.0,0.0,2.0,2.0,0.0,0.0,31.0,4.0,8.0,0.0,0.0,0.0,2.0,2.0,1.0,0.0,36.0,2.0,6.0,0.0,0.0,0.0,1.0,2.0,1.0,1.0,37.0,1.0,7.0,0.0,0.0,0.0,4.0,4.0,0.0,0.0,0.0,29.0,2.0,10.0,0.0,0.0,0.0,4.0,4.0,24.0,2.0,6.0,0.0,0.0,0.0,4.0,4.0,0.0,0.0,20.0,1.0,4.0,0.0,0.0,0.0,4.0,4.0,2.0,0.0,15.0,0.0,4.0,0.0,0.0,0.0,1.0,0.0,0.0,2.0,1.0,6.0,3.0,4.0,3.0,1.0,1.0,0.0,1.0,0.0,1.0,9.0,1.0,7.0,1.0,0.0,8.0,2.0,1.0,0.0,8.0,8.0,3.0,1.0,0.0,2.0,2.0,0.0,2.0,0.0,2.0,0.0,0.0,1.0,0.0,0.0,2.0,0.0,0.0,0.0,0.0,3.0,1.0,1.0,5.0,0.0,2.0,0.0,0.0,1.0,17.0,1.0,2.0,7.0,10.0,10.0,4.0,19.0
CHEMBL377831,IC50,125.89,25.0,3.0,4.0,0.0,0.0,1.0,0.0,32.0,6.0,5.0,0.0,0.0,2.0,0.0,2.0,0.0,0.0,0.0,0.0,32.0,4.0,9.0,0.0,0.0,2.0,0.0,2.0,0.0,0.0,31.0,4.0,8.0,0.0,0.0,2.0,0.0,2.0,1.0,0.0,36.0,2.0,6.0,0.0,0.0,1.0,1.0,2.0,1.0,1.0,37.0,1.0,7.0,0.0,0.0,4.0,0.0,4.0,0.0,0.0,0.0,29.0,2.0,10.0,0.0,0.0,4.0,0.0,4.0,24.0,2.0,6.0,0.0,0.0,4.0,0.0,4.0,0.0,0.0,20.0,1.0,4.0,0.0,0.0,4.0,0.0,4.0,2.0,0.0,15.0,0.0,4.0,0.0,0.0,1.0,1.0,0.0,2.0,2.0,1.0,6.0,3.0,4.0,3.0,1.0,1.0,0.0,1.0,0.0,1.0,9.0,1.0,7.0,1.0,0.0,8.0,2.0,1.0,0.0,8.0,8.0,3.0,1.0,0.0,2.0,2.0,0.0,2.0,0.0,2.0,0.0,0.0,1.0,0.0,0.0,2.0,0.0,0.0,0.0,0.0,3.0,1.0,1.0,5.0,0.0,2.0,0.0,0.0,1.0,17.0,1.0,2.0,7.0,10.0,10.0,4.0,19.0
CHEMBL209685,IC50,2.512,26.0,3.0,4.0,0.0,0.0,1.0,0.0,34.0,6.0,5.0,0.0,0.0,0.0,2.0,2.0,0.0,0.0,0.0,0.0,34.0,4.0,9.0,0.0,0.0,0.0,2.0,2.0,0.0,0.0,32.0,4.0,8.0,0.0,0.0,0.0,2.0,2.0,1.0,0.0,37.0,2.0,6.0,0.0,0.0,0.0,1.0,2.0,1.0,1.0,37.0,1.0,8.0,0.0,0.0,0.0,4.0,4.0,0.0,0.0,0.0,30.0,2.0,10.0,0.0,0.0,0.0,4.0,4.0,26.0,2.0,6.0,0.0,0.0,0.0,4.0,4.0,0.0,0.0,23.0,1.0,4.0,0.0,0.0,0.0,4.0,4.0,2.0,0.0,17.0,1.0,4.0,0.0,0.0,0.0,1.0,0.0,0.0,2.0,0.0,1.0,0.0,0.0,0.0,2.0,1.0,0.0,1.0,0.0,1.0,4.0,0.0,0.0,0.0,0.0,0.0,0.0,0.0,0.0,0.0,0.0,0.0,0.0,0.0,0.0,0.0,0.0,0.0,0.0,0.0,0.0,0.0,0.0,0.0,0.0,2.0,0.0,0.0,0.0,0.0,3.0,2.0,2.0,0.0,0.0,2.0,0.0,0.0,1.0,23.0,1.0,2.0,7.0,5.0,5.0,4.0,24.0
CHEMBL228586,IC50,0.3981,25.0,3.0,6.0,0.0,2.0,3.0,0.0,33.0,6.0,7.0,0.0,4.0,0.0,2.0,6.0,0.0,0.0,0.0,0.0,34.0,4.0,12.0,0.0,5.0,0.0,2.0,7.0,0.0,0.0,34.0,4.0,9.0,0.0,2.0,0.0,2.0,4.0,1.0,2.0,37.0,2.0,8.0,0.0,2.0,0.0,3.0,3.0,1.0,1.0,37.0,2.0,9.0,0.0,2.0,0.0,4.0,6.0,0.0,1.0,1.0,31.0,2.0,14.0,0.0,4.0,0.0,4.0,8.0,28.0,2.0,8.0,0.0,4.0,0.0,4.0,8.0,0.0,0.0,22.0,1.0,6.0,0.0,6.0,0.0,4.0,10.0,3.0,0.0,17.0,0.0,7.0,0.0,5.0,0.0,6.0,0.0,0.0,3.0,0.0,1.0,0.0,0.0,0.0,2.0,1.0,0.0,3.0,2.0,1.0,4.0,0.0,0.0,0.0,0.0,0.0,0.0,0.0,0.0,0.0,0.0,0.0,0.0,0.0,0.0,0.0,0.0,0.0,0.0,0.0,0.0,0.0,0.0,0.0,0.0,3.0,2.0,2.0,0.0,0.0,4.0,2.0,1.0,0.0,0.0,2.0,2.0,0.0,1.0,23.0,1.0,2.0,9.0,5.0,5.0,5.0,24.0
CHEMBL37244,IC50,10000.0,25.0,0.0,5.0,0.0,0.0,0.0,0.0,30.0,0.0,8.0,0.0,0.0,0.0,0.0,0.0,0.0,0.0,0.0,0.0,28.0,0.0,10.0,0.0,0.0,0.0,0.0,0.0,0.0,0.0,24.0,0.0,8.0,0.0,0.0,0.0,0.0,0.0,0.0,1.0,22.0,0.0,10.0,0.0,0.0,0.0,0.0,0.0,0.0,0.0,21.0,0.0,12.0,0.0,0.0,0.0,0.0,0.0,0.0,0.0,0.0,20.0,0.0,8.0,0.0,0.0,0.0,0.0,0.0,20.0,0.0,7.0,0.0,0.0,0.0,0.0,0.0,0.0,0.0,21.0,0.0,10.0,0.0,0.0,0.0,0.0,0.0,0.0,0.0,18.0,0.0,13.0,0.0,0.0,0.0,0.0,2.0,0.0,0.0,5.0,11.0,6.0,7.0,4.0,1.0,4.0,1.0,0.0,0.0,4.0,18.0,2.0,17.0,2.0,0.0,19.0,8.0,10.0,1.0,22.0,21.0,21.0,21.0,20.0,12.0,11.0,0.0,10.0,0.0,9.0,0.0,0.0,7.0,0.0,0.0,4.0,0.0,0.0,0.0,0.0,5.0,0.0,1.0,11.0,0.0,0.0,0.0,0.0,0.0,6.0,0.0,0.0,5.0,23.0,23.0,13.0,12.0
CHEMBL214639,IC50,676.08,18.0,3.0,5.0,0.0,0.0,1.0,0.0,22.0,7.0,6.0,0.0,0.0,0.0,2.0,2.0,0.0,0.0,0.0,0.0,18.0,6.0,9.0,0.0,0.0,0.0,2.0,2.0,2.0,0.0,15.0,4.0,8.0,0.0,0.0,0.0,2.0,2.0,5.0,0.0,18.0,4.0,5.0,0.0,0.0,0.0,0.0,1.0,1.0,1.0,22.0,3.0,5.0,0.0,0.0,0.0,2.0,2.0,0.0,0.0,0.0,19.0,3.0,8.0,0.0,0.0,0.0,3.0,3.0,13.0,4.0,6.0,0.0,0.0,0.0,4.0,4.0,0.0,0.0,9.0,3.0,6.0,0.0,0.0,0.0,2.0,2.0,0.0,3.0,9.0,1.0,3.0,0.0,0.0,0.0,1.0,0.0,0.0,0.0,0.0,3.0,0.0,0.0,0.0,0.0,2.0,0.0,1.0,0.0,2.0,4.0,0.0,0.0,0.0,0.0,0.0,0.0,0.0,0.0,0.0,0.0,0.0,0.0,0.0,0.0,0.0,0.0,0.0,0.0,0.0,0.0,0.0,0.0,0.0,0.0,3.0,0.0,0.0,0.0,0.0,4.0,1.0,0.0,0.0,0.0,2.0,0.0,1.0,2.0,17.0,2.0,2.0,8.0,7.0,7.0,7.0,17.0
CHEMBL2442494,IC50,84.0,13.0,5.0,2.0,2.0,3.0,3.0,0.0,17.0,9.0,2.0,1.0,3.0,0.0,0.0,3.0,0.0,3.0,3.0,3.0,15.0,9.0,2.0,2.0,3.0,0.0,0.0,3.0,2.0,0.0,12.0,10.0,2.0,3.0,9.0,0.0,0.0,9.0,0.0,0.0,16.0,6.0,0.0,2.0,3.0,0.0,3.0,2.0,3.0,0.0,13.0,3.0,2.0,2.0,12.0,0.0,0.0,12.0,2.0,0.0,0.0,8.0,2.0,6.0,2.0,9.0,0.0,0.0,9.0,6.0,1.0,4.0,1.0,3.0,0.0,0.0,3.0,6.0,6.0,4.0,0.0,4.0,0.0,0.0,0.0,0.0,0.0,0.0,0.0,1.0,0.0,4.0,0.0,0.0,0.0,0.0,0.0,0.0,0.0,0.0,0.0,0.0,0.0,0.0,1.0,1.0,0.0,0.0,3.0,1.0,3.0,0.0,0.0,0.0,0.0,0.0,0.0,0.0,0.0,0.0,0.0,0.0,0.0,0.0,0.0,0.0,0.0,0.0,0.0,0.0,0.0,0.0,0.0,0.0,0.0,1.0,3.0,0.0,0.0,0.0,2.0,0.0,1.0,0.0,3.0,0.0,0.0,2.0,4.0,16.0,4.0,2.0,9.0,2.0,2.0,2.0,15.0
CHEMBL2442487,IC50,3000.0,13.0,5.0,2.0,2.0,3.0,3.0,0.0,17.0,9.0,2.0,1.0,3.0,0.0,0.0,3.0,0.0,3.0,3.0,3.0,15.0,7.0,2.0,2.0,3.0,0.0,0.0,3.0,2.0,0.0,10.0,10.0,2.0,3.0,6.0,0.0,0.0,6.0,0.0,0.0,15.0,5.0,0.0,1.0,3.0,0.0,3.0,2.0,3.0,0.0,11.0,4.0,2.0,2.0,12.0,0.0,0.0,12.0,2.0,0.0,0.0,8.0,3.0,6.0,2.0,9.0,0.0,0.0,9.0,8.0,1.0,2.0,1.0,3.0,0.0,0.0,3.0,6.0,6.0,4.0,1.0,4.0,1.0,3.0,0.0,0.0,3.0,0.0,0.0,3.0,0.0,4.0,0.0,0.0,0.0,0.0,0.0,0.0,0.0,0.0,0.0,0.0,0.0,0.0,1.0,1.0,0.0,0.0,3.0,1.0,3.0,0.0,0.0,0.0,0.0,0.0,0.0,0.0,0.0,0.0,0.0,0.0,0.0,0.0,0.0,0.0,0.0,0.0,0.0,0.0,0.0,0.0,0.0,0.0,0.0,1.0,3.0,0.0,0.0,0.0,2.0,0.0,1.0,0.0,3.0,0.0,0.0,2.0,4.0,16.0,4.0,2.0,9.0,2.0,2.0,2.0,15.0
CHEMBL480181,IC50,12.59,29.0,8.0,3.0,0.0,0.0,1.0,0.0,36.0,14.0,4.0,0.0,0.0,2.0,0.0,2.0,1.0,0.0,0.0,0.0,33.0,11.0,7.0,0.0,0.0,2.0,0.0,2.0,1.0,0.0,29.0,9.0,6.0,0.0,0.0,2.0,0.0,2.0,2.0,0.0,34.0,11.0,6.0,0.0,0.0,0.0,0.0,1.0,1.0,1.0,38.0,8.0,5.0,0.0,0.0,2.0,0.0,2.0,0.0,0.0,0.0,32.0,11.0,4.0,0.0,0.0,4.0,0.0,4.0,25.0,11.0,2.0,0.0,0.0,3.0,0.0,3.0,0.0,0.0,25.0,8.0,5.0,0.0,0.0,2.0,0.0,2.0,0.0,1.0,27.0,5.0,5.0,0.0,0.0,2.0,2.0,0.0,0.0,0.0,0.0,8.0,0.0,4.0,3.0,1.0,0.0,0.0,1.0,0.0,0.0,10.0,0.0,4.0,0.0,0.0,3.0,0.0,0.0,0.0,2.0,1.0,0.0,0.0,0.0,0.0,0.0,2.0,0.0,2.0,0.0,2.0,4.0,0.0,4.0,3.0,1.0,0.0,0.0,2.0,0.0,2.0,1.0,1.0,3.0,0.0,1.0,0.0,1.0,2.0,23.0,3.0,2.0,11.0,15.0,15.0,10.0,25.0
CHEMBL388294,IC50,3.162,26.0,4.0,4.0,0.0,0.0,1.0,0.0,34.0,8.0,5.0,0.0,0.0,0.0,2.0,2.0,0.0,0.0,0.0,0.0,35.0,7.0,9.0,0.0,0.0,0.0,2.0,2.0,0.0,0.0,32.0,6.0,10.0,0.0,0.0,0.0,2.0,2.0,1.0,0.0,36.0,5.0,6.0,0.0,0.0,0.0,1.0,4.0,1.0,1.0,39.0,5.0,7.0,0.0,0.0,0.0,4.0,4.0,0.0,0.0,0.0,33.0,4.0,10.0,0.0,0.0,0.0,4.0,4.0,26.0,4.0,6.0,0.0,0.0,0.0,4.0,4.0,0.0,0.0,22.0,3.0,5.0,0.0,0.0,0.0,4.0,4.0,2.0,0.0,17.0,1.0,4.0,0.0,0.0,0.0,2.0,0.0,0.0,2.0,0.0,1.0,0.0,0.0,0.0,2.0,1.0,0.0,1.0,0.0,1.0,4.0,0.0,0.0,0.0,0.0,0.0,0.0,0.0,0.0,0.0,0.0,0.0,0.0,0.0,0.0,0.0,0.0,0.0,0.0,0.0,0.0,0.0,0.0,0.0,0.0,2.0,0.0,0.0,1.0,0.0,3.0,2.0,2.0,0.0,0.0,3.0,0.0,0.0,1.0,23.0,1.0,2.0,8.0,6.0,6.0,4.0,24.0
CHEMBL377338,IC50,25.12,24.0,3.0,4.0,0.0,0.0,2.0,0.0,31.0,5.0,5.0,0.0,0.0,3.0,0.0,3.0,0.0,0.0,0.0,0.0,29.0,4.0,9.0,0.0,0.0,5.0,0.0,5.0,0.0,0.0,28.0,4.0,8.0,0.0,0.0,5.0,0.0,5.0,1.0,0.0,32.0,2.0,6.0,0.0,0.0,5.0,5.0,2.0,1.0,1.0,33.0,1.0,6.0,0.0,0.0,8.0,0.0,8.0,0.0,0.0,1.0,27.0,2.0,8.0,0.0,0.0,5.0,0.0,5.0,23.0,2.0,6.0,0.0,0.0,5.0,0.0,5.0,0.0,0.0,18.0,1.0,4.0,0.0,0.0,6.0,0.0,6.0,2.0,0.0,13.0,0.0,4.0,0.0,0.0,3.0,3.0,0.0,2.0,2.0,0.0,1.0,0.0,0.0,0.0,0.0,1.0,0.0,1.0,0.0,1.0,2.0,0.0,0.0,0.0,0.0,0.0,0.0,0.0,0.0,0.0,0.0,0.0,0.0,0.0,0.0,0.0,0.0,0.0,0.0,0.0,0.0,0.0,0.0,0.0,0.0,2.0,0.0,0.0,0.0,0.0,3.0,2.0,0.0,0.0,0.0,2.0,0.0,0.0,1.0,23.0,1.0,2.0,7.0,3.0,3.0,4.0,24.0
CHEMBL388038,IC50,7.943,28.0,5.0,4.0,1.0,4.0,4.0,2.0,36.0,10.0,7.0,3.0,5.0,0.0,0.0,5.0,2.0,3.0,3.0,3.0,38.0,6.0,15.0,2.0,8.0,0.0,0.0,8.0,0.0,0.0,39.0,6.0,12.0,2.0,7.0,0.0,0.0,7.0,1.0,0.0,43.0,6.0,11.0,2.0,7.0,0.0,7.0,4.0,0.0,0.0,47.0,7.0,13.0,2.0,3.0,0.0,0.0,3.0,2.0,4.0,4.0,41.0,4.0,18.0,4.0,13.0,0.0,0.0,13.0,38.0,4.0,14.0,2.0,14.0,0.0,0.0,14.0,0.0,0.0,30.0,4.0,9.0,2.0,15.0,0.0,0.0,15.0,2.0,0.0,23.0,1.0,12.0,3.0,14.0,0.0,14.0,2.0,0.0,0.0,0.0,4.0,0.0,2.0,1.0,1.0,1.0,0.0,1.0,4.0,1.0,7.0,0.0,2.0,0.0,0.0,1.0,0.0,0.0,0.0,0.0,0.0,0.0,0.0,0.0,0.0,0.0,0.0,0.0,1.0,0.0,1.0,0.0,0.0,1.0,0.0,2.0,4.0,1.0,1.0,2.0,5.0,2.0,1.0,1.0,3.0,2.0,1.0,0.0,1.0,23.0,3.0,2.0,10.0,8.0,8.0,6.0,27.0
CHEMBL234303,IC50,3.981,26.0,5.0,5.0,0.0,2.0,2.0,0.0,33.0,9.0,6.0,0.0,4.0,0.0,0.0,4.0,1.0,0.0,0.0,0.0,35.0,6.0,10.0,0.0,4.0,0.0,0.0,4.0,0.0,0.0,35.0,6.0,10.0,0.0,3.0,0.0,0.0,3.0,1.0,0.0,40.0,5.0,8.0,0.0,2.0,0.0,2.0,4.0,1.0,1.0,41.0,6.0,11.0,0.0,4.0,0.0,0.0,4.0,1.0,1.0,1.0,35.0,4.0,14.0,0.0,5.0,0.0,0.0,5.0,30.0,4.0,10.0,0.0,6.0,0.0,0.0,6.0,0.0,0.0,24.0,3.0,7.0,0.0,7.0,0.0,0.0,7.0,2.0,0.0,19.0,1.0,7.0,0.0,4.0,0.0,4.0,1.0,0.0,2.0,0.0,1.0,0.0,0.0,0.0,2.0,1.0,0.0,1.0,2.0,1.0,5.0,0.0,1.0,0.0,0.0,0.0,0.0,0.0,0.0,0.0,0.0,0.0,0.0,0.0,0.0,0.0,0.0,0.0,0.0,0.0,1.0,0.0,0.0,1.0,0.0,2.0,2.0,2.0,1.0,0.0,4.0,2.0,2.0,0.0,0.0,2.0,2.0,0.0,1.0,23.0,1.0,2.0,10.0,7.0,7.0,6.0,26.0
CHEMBL377245,IC50,398.11,32.0,3.0,4.0,0.0,0.0,0.0,0.0,42.0,6.0,5.0,0.0,0.0,0.0,0.0,0.0,0.0,0.0,0.0,0.0,43.0,4.0,9.0,0.0,0.0,0.0,0.0,0.0,0.0,0.0,42.0,4.0,8.0,0.0,0.0,0.0,0.0,0.0,1.0,0.0,47.0,3.0,7.0,0.0,0.0,0.0,0.0,2.0,0.0,0.0,49.0,3.0,9.0,0.0,0.0,0.0,0.0,0.0,0.0,0.0,0.0,45.0,4.0,12.0,0.0,0.0,0.0,0.0,0.0,45.0,3.0,7.0,0.0,0.0,0.0,0.0,0.0,0.0,0.0,44.0,1.0,4.0,0.0,0.0,0.0,0.0,0.0,2.0,0.0,36.0,0.0,6.0,0.0,0.0,0.0,0.0,0.0,0.0,0.0,0.0,1.0,0.0,0.0,0.0,1.0,1.0,0.0,1.0,0.0,1.0,3.0,0.0,0.0,0.0,0.0,0.0,0.0,0.0,0.0,0.0,0.0,0.0,0.0,0.0,0.0,0.0,0.0,0.0,0.0,0.0,0.0,0.0,0.0,0.0,0.0,2.0,0.0,0.0,0.0,0.0,3.0,2.0,1.0,0.0,0.0,2.0,0.0,0.0,1.0,29.0,1.0,2.0,7.0,4.0,4.0,4.0,30.0
CHEMBL228592,IC50,3.981,27.0,4.0,4.0,0.0,3.0,3.0,0.0,36.0,8.0,5.0,0.0,3.0,0.0,0.0,3.0,0.0,3.0,3.0,3.0,37.0,7.0,9.0,0.0,6.0,0.0,0.0,6.0,0.0,0.0,34.0,6.0,10.0,0.0,6.0,0.0,0.0,6.0,1.0,0.0,37.0,6.0,7.0,0.0,6.0,0.0,6.0,4.0,0.0,0.0,43.0,5.0,7.0,0.0,3.0,0.0,0.0,3.0,0.0,3.0,3.0,37.0,4.0,10.0,0.0,12.0,0.0,0.0,12.0,30.0,4.0,6.0,0.0,12.0,0.0,0.0,12.0,0.0,0.0,26.0,4.0,5.0,0.0,12.0,0.0,0.0,12.0,2.0,0.0,19.0,1.0,6.0,0.0,12.0,0.0,12.0,0.0,0.0,0.0,0.0,1.0,0.0,0.0,0.0,2.0,1.0,0.0,1.0,3.0,1.0,5.0,0.0,0.0,0.0,0.0,0.0,0.0,0.0,0.0,0.0,0.0,0.0,0.0,0.0,0.0,0.0,0.0,0.0,0.0,0.0,0.0,0.0,0.0,0.0,0.0,2.0,3.0,0.0,1.0,0.0,3.0,2.0,2.0,0.0,3.0,3.0,0.0,0.0,1.0,23.0,1.0,2.0,8.0,6.0,6.0,5.0,25.0
CHEMBL387969,IC50,0.3981,26.0,5.0,5.0,0.0,2.0,3.0,0.0,33.0,9.0,6.0,0.0,4.0,0.0,2.0,6.0,1.0,0.0,0.0,0.0,35.0,7.0,10.0,0.0,5.0,0.0,2.0,7.0,0.0,0.0,36.0,5.0,10.0,0.0,2.0,0.0,2.0,4.0,3.0,0.0,40.0,2.0,11.0,0.0,2.0,0.0,3.0,2.0,1.0,1.0,38.0,4.0,10.0,0.0,2.0,0.0,4.0,6.0,0.0,1.0,1.0,31.0,7.0,10.0,0.0,4.0,0.0,4.0,8.0,30.0,4.0,8.0,0.0,4.0,0.0,4.0,8.0,0.0,0.0,26.0,3.0,8.0,0.0,6.0,0.0,4.0,10.0,2.0,0.0,19.0,2.0,7.0,0.0,5.0,0.0,6.0,0.0,0.0,2.0,0.0,1.0,0.0,0.0,0.0,2.0,1.0,0.0,3.0,2.0,1.0,5.0,0.0,1.0,0.0,0.0,0.0,0.0,0.0,0.0,0.0,0.0,0.0,0.0,0.0,0.0,0.0,0.0,0.0,0.0,0.0,1.0,0.0,0.0,1.0,0.0,2.0,2.0,2.0,1.0,0.0,4.0,2.0,2.0,0.0,0.0,2.0,2.0,0.0,1.0,23.0,1.0,2.0,10.0,7.0,7.0,6.0,26.0
CHEMBL209244,IC50,79.43,26.0,2.0,4.0,0.0,0.0,1.0,0.0,35.0,2.0,5.0,0.0,0.0,2.0,0.0,2.0,0.0,0.0,0.0,0.0,34.0,2.0,9.0,0.0,0.0,2.0,0.0,2.0,0.0,0.0,31.0,3.0,9.0,0.0,0.0,2.0,0.0,2.0,0.0,0.0,34.0,4.0,7.0,0.0,0.0,2.0,2.0,1.0,0.0,1.0,34.0,4.0,7.0,0.0,0.0,3.0,0.0,3.0,0.0,0.0,0.0,30.0,3.0,8.0,0.0,0.0,4.0,0.0,4.0,24.0,2.0,6.0,0.0,0.0,4.0,0.0,4.0,0.0,0.0,19.0,2.0,4.0,0.0,0.0,4.0,0.0,4.0,2.0,0.0,14.0,1.0,4.0,0.0,0.0,1.0,1.0,0.0,2.0,2.0,0.0,1.0,0.0,0.0,0.0,0.0,1.0,0.0,1.0,0.0,1.0,2.0,0.0,0.0,0.0,0.0,0.0,0.0,0.0,0.0,0.0,0.0,0.0,0.0,0.0,0.0,0.0,0.0,0.0,0.0,0.0,0.0,0.0,0.0,0.0,0.0,2.0,0.0,0.0,0.0,0.0,3.0,2.0,0.0,0.0,0.0,2.0,0.0,1.0,1.0,24.0,1.0,2.0,6.0,3.0,3.0,4.0,24.0
CHEMBL206096,IC50,100.0,26.0,2.0,4.0,0.0,0.0,1.0,0.0,34.0,3.0,5.0,0.0,0.0,2.0,0.0,2.0,0.0,0.0,0.0,0.0,32.0,4.0,9.0,0.0,0.0,2.0,0.0,2.0,0.0,0.0,30.0,4.0,9.0,0.0,0.0,2.0,0.0,2.0,0.0,0.0,34.0,4.0,7.0,0.0,0.0,2.0,2.0,1.0,0.0,1.0,36.0,2.0,5.0,0.0,0.0,3.0,0.0,3.0,2.0,0.0,0.0,32.0,1.0,8.0,0.0,0.0,4.0,0.0,4.0,24.0,2.0,8.0,0.0,0.0,4.0,0.0,4.0,0.0,0.0,19.0,2.0,4.0,0.0,0.0,4.0,0.0,4.0,2.0,0.0,14.0,1.0,4.0,0.0,0.0,1.0,1.0,0.0,2.0,2.0,0.0,1.0,0.0,0.0,0.0,0.0,1.0,0.0,1.0,0.0,1.0,2.0,0.0,0.0,0.0,0.0,0.0,0.0,0.0,0.0,0.0,0.0,0.0,0.0,0.0,0.0,0.0,0.0,0.0,0.0,0.0,0.0,0.0,0.0,0.0,0.0,2.0,0.0,0.0,0.0,0.0,3.0,2.0,0.0,0.0,0.0,2.0,0.0,1.0,1.0,24.0,1.0,2.0,6.0,3.0,3.0,4.0,24.0
CHEMBL208934,IC50,5.012,25.0,3.0,4.0,0.0,2.0,3.0,0.0,32.0,6.0,5.0,0.0,4.0,0.0,2.0,6.0,0.0,0.0,0.0,0.0,32.0,4.0,9.0,0.0,4.0,0.0,2.0,6.0,0.0,0.0,31.0,4.0,8.0,0.0,3.0,0.0,2.0,5.0,1.0,0.0,36.0,2.0,6.0,0.0,1.0,0.0,2.0,2.0,1.0,2.0,37.0,1.0,7.0,0.0,1.0,0.0,4.0,5.0,0.0,1.0,1.0,29.0,2.0,10.0,0.0,3.0,0.0,4.0,7.0,24.0,2.0,6.0,0.0,5.0,0.0,4.0,9.0,0.0,0.0,20.0,1.0,4.0,0.0,5.0,0.0,4.0,9.0,2.0,0.0,15.0,0.0,4.0,0.0,5.0,0.0,6.0,0.0,0.0,2.0,0.0,1.0,0.0,0.0,0.0,1.0,1.0,0.0,2.0,2.0,1.0,3.0,0.0,0.0,0.0,0.0,0.0,0.0,0.0,0.0,0.0,0.0,0.0,0.0,0.0,0.0,0.0,0.0,0.0,0.0,0.0,0.0,0.0,0.0,0.0,0.0,2.0,2.0,2.0,0.0,0.0,3.0,2.0,1.0,0.0,0.0,2.0,2.0,0.0,1.0,23.0,1.0,2.0,7.0,4.0,4.0,4.0,24.0
CHEMBL208660,IC50,100.0,25.0,3.0,4.0,0.0,5.0,6.0,0.0,32.0,6.0,5.0,0.0,7.0,2.0,0.0,9.0,0.0,3.0,3.0,3.0,32.0,4.0,9.0,0.0,8.0,2.0,0.0,10.0,0.0,0.0,31.0,4.0,8.0,0.0,11.0,2.0,0.0,13.0,1.0,0.0,36.0,2.0,6.0,0.0,11.0,1.0,12.0,2.0,1.0,1.0,37.0,1.0,7.0,0.0,14.0,4.0,0.0,18.0,0.0,1.0,1.0,29.0,2.0,10.0,0.0,16.0,4.0,0.0,20.0,24.0,2.0,6.0,0.0,10.0,4.0,0.0,14.0,6.0,6.0,20.0,1.0,4.0,0.0,9.0,4.0,0.0,13.0,2.0,0.0,15.0,0.0,4.0,0.0,11.0,1.0,12.0,0.0,2.0,2.0,0.0,1.0,0.0,0.0,0.0,0.0,1.0,0.0,2.0,5.0,1.0,3.0,0.0,0.0,0.0,0.0,0.0,0.0,0.0,0.0,0.0,0.0,0.0,0.0,0.0,0.0,0.0,0.0,0.0,0.0,0.0,0.0,0.0,0.0,0.0,0.0,2.0,5.0,2.0,0.0,0.0,3.0,2.0,0.0,0.0,3.0,2.0,2.0,0.0,1.0,23.0,1.0,2.0,7.0,3.0,3.0,5.0,25.0
CHEMBL379143,IC50,100.0,26.0,3.0,4.0,0.0,0.0,1.0,0.0,33.0,6.0,5.0,0.0,0.0,2.0,0.0,2.0,0.0,0.0,0.0,0.0,33.0,5.0,9.0,0.0,0.0,2.0,0.0,2.0,0.0,0.0,34.0,4.0,8.0,0.0,0.0,2.0,0.0,2.0,1.0,0.0,39.0,2.0,6.0,0.0,0.0,1.0,1.0,2.0,1.0,1.0,41.0,1.0,7.0,0.0,0.0,4.0,0.0,4.0,0.0,0.0,0.0,33.0,2.0,11.0,0.0,0.0,4.0,0.0,4.0,26.0,2.0,8.0,0.0,0.0,5.0,0.0,5.0,0.0,0.0,21.0,1.0,4.0,0.0,0.0,4.0,0.0,4.0,2.0,0.0,17.0,0.0,4.0,0.0,0.0,1.0,1.0,0.0,2.0,2.0,0.0,2.0,0.0,0.0,0.0,1.0,1.0,0.0,1.0,0.0,1.0,4.0,0.0,1.0,0.0,0.0,0.0,0.0,0.0,0.0,0.0,0.0,0.0,0.0,0.0,0.0,0.0,0.0,0.0,0.0,0.0,0.0,0.0,0.0,0.0,0.0,2.0,0.0,0.0,0.0,0.0,3.0,2.0,1.0,1.0,0.0,2.0,0.0,0.0,1.0,23.0,1.0,2.0,7.0,5.0,5.0,5.0,24.0
CHEMBL215573,IC50,14.79,18.0,3.0,4.0,0.0,2.0,3.0,0.0,21.0,8.0,5.0,0.0,4.0,0.0,2.0,6.0,0.0,0.0,0.0,0.0,19.0,5.0,7.0,0.0,6.0,0.0,2.0,8.0,2.0,0.0,16.0,4.0,5.0,0.0,2.0,0.0,2.0,4.0,3.0,0.0,19.0,4.0,6.0,0.0,2.0,0.0,2.0,1.0,1.0,1.0,22.0,3.0,5.0,0.0,4.0,0.0,2.0,6.0,0.0,0.0,0.0,19.0,3.0,5.0,0.0,6.0,0.0,4.0,10.0,12.0,4.0,4.0,0.0,2.0,0.0,3.0,5.0,0.0,0.0,10.0,3.0,4.0,0.0,2.0,0.0,2.0,4.0,0.0,2.0,9.0,1.0,2.0,0.0,6.0,0.0,7.0,0.0,0.0,0.0,0.0,2.0,0.0,0.0,0.0,1.0,1.0,0.0,1.0,2.0,1.0,4.0,0.0,0.0,0.0,0.0,0.0,0.0,0.0,0.0,0.0,0.0,0.0,0.0,0.0,0.0,0.0,0.0,0.0,0.0,0.0,0.0,0.0,0.0,0.0,0.0,2.0,2.0,2.0,0.0,0.0,3.0,1.0,1.0,0.0,0.0,1.0,2.0,1.0,2.0,17.0,2.0,2.0,7.0,6.0,6.0,6.0,17.0
CHEMBL402880,IC50,3.162,18.0,3.0,4.0,0.0,0.0,2.0,0.0,21.0,8.0,5.0,0.0,0.0,2.0,2.0,4.0,0.0,0.0,0.0,0.0,19.0,5.0,7.0,0.0,0.0,3.0,2.0,5.0,2.0,0.0,16.0,4.0,5.0,0.0,0.0,1.0,2.0,3.0,3.0,0.0,19.0,4.0,6.0,0.0,0.0,1.0,1.0,1.0,1.0,1.0,22.0,3.0,5.0,0.0,0.0,2.0,2.0,4.0,0.0,0.0,0.0,19.0,3.0,5.0,0.0,0.0,3.0,4.0,7.0,12.0,4.0,4.0,0.0,0.0,1.0,3.0,4.0,0.0,0.0,10.0,3.0,4.0,0.0,0.0,1.0,2.0,3.0,0.0,2.0,9.0,1.0,2.0,0.0,0.0,3.0,4.0,0.0,0.0,0.0,0.0,2.0,0.0,0.0,0.0,1.0,1.0,1.0,1.0,0.0,1.0,4.0,0.0,0.0,0.0,0.0,0.0,0.0,0.0,0.0,0.0,0.0,0.0,0.0,0.0,0.0,0.0,0.0,0.0,0.0,0.0,0.0,0.0,0.0,0.0,0.0,2.0,0.0,0.0,0.0,0.0,3.0,1.0,1.0,0.0,0.0,1.0,0.0,1.0,2.0,17.0,2.0,2.0,7.0,6.0,6.0,6.0,17.0
CHEMBL1915255,IC50,10.0,23.0,5.0,3.0,0.0,0.0,1.0,0.0,29.0,12.0,5.0,0.0,0.0,2.0,0.0,2.0,1.0,0.0,0.0,0.0,28.0,6.0,7.0,0.0,0.0,2.0,0.0,2.0,1.0,0.0,26.0,6.0,7.0,0.0,0.0,3.0,0.0,3.0,2.0,0.0,25.0,11.0,4.0,0.0,0.0,1.0,1.0,1.0,1.0,1.0,28.0,8.0,4.0,0.0,0.0,2.0,0.0,2.0,0.0,0.0,0.0,27.0,5.0,3.0,0.0,0.0,5.0,0.0,5.0,16.0,6.0,2.0,0.0,0.0,3.0,0.0,3.0,0.0,0.0,17.0,6.0,4.0,0.0,0.0,1.0,0.0,1.0,0.0,1.0,18.0,2.0,4.0,0.0,0.0,1.0,1.0,0.0,0.0,0.0,0.0,1.0,0.0,0.0,0.0,4.0,0.0,0.0,0.0,0.0,0.0,7.0,0.0,3.0,1.0,0.0,3.0,0.0,0.0,0.0,0.0,0.0,0.0,0.0,0.0,0.0,0.0,0.0,0.0,0.0,0.0,3.0,3.0,0.0,2.0,1.0,0.0,0.0,0.0,1.0,0.0,1.0,0.0,4.0,0.0,0.0,1.0,0.0,1.0,3.0,20.0,3.0,2.0,8.0,8.0,8.0,5.0,21.0
CHEMBL379163,IC50,630.96,29.0,3.0,4.0,2.0,0.0,0.0,0.0,39.0,6.0,5.0,2.0,0.0,0.0,0.0,0.0,0.0,0.0,0.0,0.0,39.0,4.0,9.0,1.0,0.0,0.0,0.0,0.0,0.0,0.0,39.0,4.0,8.0,2.0,0.0,0.0,0.0,0.0,1.0,0.0,43.0,3.0,7.0,2.0,0.0,0.0,0.0,2.0,0.0,0.0,45.0,3.0,9.0,2.0,0.0,0.0,0.0,0.0,0.0,0.0,0.0,42.0,3.0,11.0,1.0,0.0,0.0,0.0,0.0,40.0,2.0,6.0,4.0,0.0,0.0,0.0,0.0,0.0,0.0,36.0,1.0,4.0,4.0,0.0,0.0,0.0,0.0,2.0,0.0,28.0,0.0,6.0,4.0,0.0,0.0,0.0,0.0,0.0,0.0,0.0,1.0,0.0,0.0,0.0,1.0,1.0,0.0,1.0,0.0,1.0,3.0,0.0,0.0,0.0,0.0,0.0,0.0,0.0,0.0,0.0,0.0,0.0,0.0,0.0,0.0,0.0,0.0,0.0,0.0,0.0,0.0,0.0,0.0,0.0,0.0,2.0,0.0,0.0,0.0,0.0,3.0,2.0,1.0,0.0,0.0,2.0,0.0,0.0,2.0,28.0,2.0,2.0,9.0,4.0,4.0,4.0,28.0
CHEMBL230874,IC50,12.59,25.0,3.0,4.0,0.0,3.0,3.0,0.0,32.0,6.0,5.0,0.0,6.0,0.0,0.0,6.0,0.0,0.0,0.0,0.0,32.0,4.0,9.0,0.0,7.0,0.0,0.0,7.0,0.0,0.0,31.0,4.0,8.0,0.0,4.0,0.0,0.0,4.0,1.0,0.0,36.0,2.0,6.0,0.0,2.0,0.0,2.0,2.0,2.0,1.0,37.0,1.0,7.0,0.0,6.0,0.0,0.0,6.0,0.0,1.0,1.0,29.0,2.0,10.0,0.0,9.0,0.0,0.0,9.0,24.0,2.0,6.0,0.0,8.0,0.0,0.0,8.0,0.0,0.0,20.0,1.0,4.0,0.0,9.0,0.0,0.0,9.0,2.0,1.0,15.0,0.0,4.0,0.0,5.0,0.0,5.0,0.0,0.0,2.0,0.0,1.0,0.0,0.0,0.0,1.0,1.0,0.0,2.0,3.0,1.0,3.0,0.0,0.0,0.0,0.0,0.0,0.0,0.0,0.0,0.0,0.0,0.0,0.0,0.0,0.0,0.0,0.0,0.0,0.0,0.0,0.0,0.0,0.0,0.0,0.0,2.0,3.0,3.0,0.0,0.0,3.0,2.0,1.0,0.0,0.0,2.0,3.0,0.0,1.0,23.0,1.0,2.0,7.0,4.0,4.0,4.0,24.0
CHEMBL379514,IC50,39.81,26.0,3.0,4.0,0.0,3.0,4.0,0.0,34.0,6.0,5.0,0.0,3.0,0.0,2.0,5.0,0.0,3.0,3.0,3.0,34.0,4.0,9.0,0.0,6.0,0.0,2.0,8.0,0.0,0.0,32.0,4.0,8.0,0.0,6.0,0.0,2.0,8.0,1.0,0.0,37.0,2.0,6.0,0.0,3.0,0.0,4.0,2.0,1.0,1.0,37.0,1.0,8.0,0.0,3.0,0.0,4.0,7.0,0.0,0.0,0.0,30.0,2.0,10.0,0.0,0.0,0.0,4.0,4.0,26.0,2.0,6.0,0.0,3.0,0.0,4.0,7.0,0.0,0.0,23.0,1.0,4.0,0.0,6.0,0.0,4.0,10.0,2.0,0.0,17.0,1.0,4.0,0.0,9.0,0.0,10.0,0.0,0.0,2.0,0.0,1.0,0.0,0.0,0.0,1.0,1.0,0.0,1.0,3.0,1.0,4.0,0.0,0.0,0.0,0.0,0.0,0.0,0.0,0.0,0.0,0.0,0.0,0.0,0.0,0.0,0.0,0.0,0.0,0.0,0.0,0.0,0.0,0.0,0.0,0.0,2.0,3.0,0.0,0.0,0.0,3.0,2.0,1.0,0.0,3.0,2.0,0.0,0.0,1.0,23.0,1.0,2.0,7.0,4.0,4.0,5.0,25.0
CHEMBL380197,IC50,25.12,24.0,3.0,4.0,0.0,0.0,1.0,0.0,31.0,6.0,5.0,0.0,0.0,2.0,0.0,2.0,0.0,0.0,0.0,0.0,29.0,4.0,9.0,0.0,0.0,2.0,0.0,2.0,0.0,0.0,30.0,4.0,8.0,0.0,0.0,2.0,0.0,2.0,1.0,0.0,36.0,2.0,5.0,0.0,0.0,1.0,1.0,2.0,1.0,1.0,36.0,1.0,7.0,0.0,0.0,4.0,0.0,4.0,0.0,0.0,0.0,27.0,2.0,10.0,0.0,0.0,4.0,0.0,4.0,21.0,2.0,6.0,0.0,0.0,4.0,0.0,4.0,0.0,0.0,18.0,0.0,4.0,0.0,0.0,4.0,0.0,4.0,2.0,0.0,12.0,0.0,4.0,0.0,0.0,0.0,0.0,0.0,2.0,2.0,1.0,5.0,3.0,3.0,1.0,1.0,1.0,0.0,1.0,0.0,1.0,8.0,1.0,6.0,1.0,0.0,7.0,2.0,1.0,0.0,7.0,3.0,1.0,0.0,0.0,1.0,2.0,0.0,2.0,0.0,2.0,0.0,0.0,1.0,0.0,0.0,2.0,0.0,0.0,0.0,0.0,3.0,1.0,1.0,4.0,0.0,2.0,0.0,0.0,1.0,17.0,1.0,2.0,7.0,9.0,9.0,4.0,19.0
CHEMBL208891,IC50,100.0,26.0,3.0,4.0,0.0,4.0,5.0,0.0,34.0,6.0,5.0,0.0,5.0,0.0,2.0,7.0,0.0,3.0,3.0,3.0,35.0,4.0,9.0,0.0,9.0,0.0,2.0,11.0,0.0,0.0,32.0,4.0,9.0,0.0,11.0,0.0,2.0,13.0,1.0,0.0,37.0,2.0,6.0,0.0,4.0,0.0,5.0,2.0,1.0,4.0,39.0,1.0,7.0,0.0,5.0,0.0,4.0,9.0,0.0,0.0,0.0,32.0,2.0,10.0,0.0,9.0,0.0,4.0,13.0,26.0,3.0,6.0,0.0,11.0,0.0,4.0,15.0,0.0,0.0,23.0,1.0,4.0,0.0,9.0,0.0,5.0,14.0,2.0,0.0,18.0,0.0,4.0,0.0,12.0,0.0,13.0,0.0,0.0,2.0,0.0,1.0,0.0,0.0,0.0,1.0,1.0,0.0,1.0,4.0,1.0,4.0,0.0,0.0,0.0,0.0,0.0,0.0,0.0,0.0,0.0,0.0,0.0,0.0,0.0,0.0,0.0,0.0,0.0,0.0,0.0,0.0,0.0,0.0,0.0,0.0,2.0,4.0,1.0,0.0,0.0,3.0,2.0,1.0,0.0,3.0,2.0,1.0,0.0,1.0,23.0,1.0,2.0,7.0,4.0,4.0,5.0,25.0
CHEMBL211700,IC50,10.0,25.0,3.0,4.0,0.0,0.0,2.0,0.0,32.0,6.0,5.0,0.0,0.0,2.0,2.0,4.0,0.0,0.0,0.0,0.0,32.0,4.0,9.0,0.0,0.0,2.0,2.0,4.0,0.0,0.0,31.0,4.0,8.0,0.0,0.0,1.0,2.0,3.0,1.0,0.0,36.0,2.0,6.0,0.0,0.0,1.0,2.0,2.0,1.0,1.0,37.0,1.0,7.0,0.0,0.0,0.0,4.0,4.0,0.0,0.0,1.0,29.0,2.0,10.0,0.0,0.0,1.0,4.0,5.0,24.0,2.0,6.0,0.0,0.0,2.0,4.0,6.0,0.0,0.0,20.0,1.0,4.0,0.0,0.0,3.0,4.0,7.0,2.0,0.0,15.0,0.0,4.0,0.0,0.0,2.0,3.0,0.0,0.0,2.0,0.0,1.0,0.0,0.0,0.0,1.0,1.0,0.0,1.0,0.0,1.0,3.0,0.0,0.0,0.0,0.0,0.0,0.0,0.0,0.0,0.0,0.0,0.0,0.0,0.0,0.0,0.0,0.0,0.0,0.0,0.0,0.0,0.0,0.0,0.0,0.0,2.0,0.0,0.0,0.0,0.0,3.0,2.0,1.0,0.0,0.0,2.0,0.0,0.0,1.0,23.0,1.0,2.0,7.0,4.0,4.0,4.0,24.0
CHEMBL215667,IC50,114.82,18.0,3.0,4.0,0.0,0.0,2.0,0.0,21.0,8.0,5.0,0.0,0.0,2.0,2.0,4.0,0.0,0.0,0.0,0.0,19.0,5.0,7.0,0.0,0.0,2.0,2.0,4.0,2.0,0.0,16.0,4.0,5.0,0.0,0.0,2.0,2.0,4.0,3.0,0.0,19.0,4.0,6.0,0.0,0.0,0.0,0.0,1.0,1.0,2.0,22.0,3.0,5.0,0.0,0.0,1.0,2.0,3.0,0.0,0.0,0.0,19.0,3.0,5.0,0.0,0.0,2.0,4.0,6.0,12.0,4.0,4.0,0.0,0.0,3.0,3.0,6.0,0.0,0.0,10.0,3.0,4.0,0.0,0.0,1.0,2.0,3.0,0.0,2.0,9.0,1.0,2.0,0.0,0.0,1.0,2.0,0.0,0.0,0.0,0.0,2.0,0.0,0.0,0.0,1.0,1.0,0.0,1.0,0.0,1.0,4.0,0.0,0.0,0.0,0.0,0.0,0.0,0.0,0.0,0.0,0.0,0.0,0.0,0.0,0.0,0.0,0.0,0.0,0.0,0.0,0.0,0.0,0.0,0.0,0.0,2.0,0.0,0.0,0.0,0.0,3.0,1.0,1.0,0.0,0.0,1.0,0.0,1.0,2.0,17.0,2.0,2.0,7.0,6.0,6.0,6.0,17.0
CHEMBL228593,IC50,0.7943,26.0,4.0,4.0,0.0,1.0,2.0,0.0,34.0,8.0,5.0,0.0,2.0,0.0,2.0,4.0,0.0,0.0,0.0,0.0,35.0,7.0,9.0,0.0,2.0,0.0,2.0,4.0,0.0,0.0,32.0,6.0,10.0,0.0,1.0,0.0,2.0,3.0,1.0,0.0,36.0,5.0,6.0,0.0,1.0,0.0,2.0,4.0,1.0,1.0,39.0,5.0,7.0,0.0,0.0,0.0,4.0,4.0,0.0,1.0,1.0,33.0,4.0,10.0,0.0,1.0,0.0,4.0,5.0,26.0,4.0,6.0,0.0,2.0,0.0,4.0,6.0,0.0,0.0,22.0,3.0,5.0,0.0,3.0,0.0,4.0,7.0,2.0,0.0,17.0,1.0,4.0,0.0,2.0,0.0,4.0,0.0,0.0,2.0,0.0,1.0,0.0,0.0,0.0,2.0,1.0,0.0,1.0,1.0,1.0,4.0,0.0,0.0,0.0,0.0,0.0,0.0,0.0,0.0,0.0,0.0,0.0,0.0,0.0,0.0,0.0,0.0,0.0,0.0,0.0,0.0,0.0,0.0,0.0,0.0,2.0,1.0,1.0,1.0,0.0,3.0,2.0,2.0,0.0,0.0,3.0,1.0,0.0,1.0,23.0,1.0,2.0,8.0,6.0,6.0,4.0,24.0
CHEMBL228638,IC50,1.995,25.0,3.0,6.0,0.0,3.0,4.0,0.0,33.0,6.0,7.0,0.0,2.0,0.0,2.0,4.0,0.0,1.0,1.0,1.0,34.0,4.0,12.0,0.0,4.0,0.0,2.0,6.0,0.0,0.0,34.0,4.0,9.0,0.0,5.0,0.0,2.0,7.0,1.0,2.0,37.0,2.0,8.0,0.0,7.0,0.0,8.0,3.0,1.0,1.0,37.0,2.0,9.0,0.0,2.0,0.0,4.0,6.0,0.0,5.0,5.0,31.0,2.0,14.0,0.0,1.0,0.0,4.0,5.0,28.0,2.0,8.0,0.0,6.0,0.0,4.0,10.0,0.0,0.0,22.0,1.0,6.0,0.0,11.0,0.0,4.0,15.0,3.0,0.0,17.0,0.0,7.0,0.0,6.0,0.0,7.0,0.0,0.0,3.0,1.0,1.0,0.0,0.0,0.0,1.0,1.0,0.0,2.0,3.0,1.0,4.0,0.0,0.0,0.0,0.0,0.0,0.0,0.0,0.0,0.0,0.0,0.0,0.0,0.0,0.0,0.0,0.0,0.0,0.0,0.0,0.0,0.0,0.0,0.0,0.0,3.0,3.0,1.0,0.0,0.0,4.0,2.0,1.0,0.0,2.0,2.0,1.0,0.0,1.0,23.0,1.0,2.0,9.0,7.0,7.0,6.0,25.0
CHEMBL408367,IC50,50.12,19.0,0.0,4.0,2.0,0.0,1.0,0.0,23.0,0.0,5.0,4.0,0.0,2.0,0.0,2.0,0.0,0.0,0.0,0.0,20.0,0.0,7.0,1.0,0.0,2.0,0.0,2.0,0.0,2.0,16.0,0.0,8.0,2.0,0.0,2.0,0.0,2.0,0.0,0.0,19.0,0.0,4.0,2.0,0.0,1.0,1.0,0.0,0.0,1.0,21.0,0.0,4.0,2.0,0.0,2.0,0.0,2.0,0.0,0.0,0.0,19.0,0.0,5.0,1.0,0.0,3.0,0.0,3.0,13.0,0.0,4.0,2.0,0.0,3.0,0.0,3.0,0.0,0.0,9.0,0.0,4.0,2.0,0.0,2.0,0.0,2.0,0.0,2.0,7.0,0.0,2.0,1.0,0.0,1.0,1.0,0.0,0.0,0.0,0.0,2.0,0.0,0.0,0.0,0.0,0.0,0.0,1.0,0.0,0.0,3.0,0.0,0.0,0.0,0.0,0.0,0.0,0.0,0.0,0.0,0.0,0.0,0.0,0.0,0.0,0.0,0.0,0.0,0.0,0.0,0.0,0.0,0.0,0.0,0.0,2.0,0.0,0.0,0.0,0.0,3.0,1.0,0.0,1.0,0.0,1.0,0.0,0.0,1.0,17.0,1.0,2.0,6.0,4.0,4.0,6.0,17.0
CHEMBL208030,IC50,79.43,25.0,0.0,7.0,0.0,0.0,1.0,0.0,34.0,0.0,8.0,0.0,0.0,2.0,0.0,2.0,0.0,0.0,0.0,0.0,31.0,0.0,14.0,0.0,0.0,2.0,0.0,2.0,0.0,0.0,28.0,0.0,16.0,0.0,0.0,2.0,0.0,2.0,0.0,0.0,30.0,0.0,15.0,0.0,0.0,2.0,2.0,0.0,0.0,1.0,30.0,0.0,14.0,0.0,0.0,3.0,0.0,3.0,0.0,0.0,1.0,28.0,0.0,9.0,0.0,0.0,3.0,0.0,3.0,23.0,0.0,9.0,0.0,0.0,4.0,0.0,4.0,0.0,0.0,17.0,0.0,8.0,0.0,0.0,4.0,0.0,4.0,2.0,0.0,12.0,0.0,7.0,0.0,0.0,1.0,1.0,0.0,2.0,2.0,0.0,2.0,0.0,0.0,0.0,0.0,1.0,0.0,1.0,0.0,1.0,6.0,0.0,2.0,0.0,2.0,0.0,0.0,0.0,2.0,0.0,0.0,0.0,0.0,0.0,0.0,0.0,0.0,0.0,0.0,0.0,0.0,0.0,2.0,0.0,0.0,4.0,0.0,0.0,0.0,0.0,5.0,2.0,0.0,0.0,0.0,4.0,0.0,0.0,0.0,18.0,1.0,7.0,7.0,5.0,5.0,6.0,22.0
CHEMBL289373,IC50,3100.0,24.0,0.0,5.0,0.0,1.0,1.0,0.0,28.0,0.0,8.0,0.0,2.0,0.0,0.0,2.0,0.0,0.0,0.0,0.0,25.0,0.0,10.0,0.0,3.0,0.0,0.0,3.0,0.0,0.0,22.0,0.0,8.0,0.0,2.0,0.0,0.0,2.0,0.0,1.0,21.0,0.0,10.0,0.0,1.0,0.0,1.0,0.0,0.0,0.0,20.0,0.0,11.0,0.0,1.0,0.0,0.0,1.0,0.0,1.0,1.0,19.0,0.0,8.0,0.0,1.0,0.0,0.0,1.0,19.0,0.0,7.0,0.0,1.0,0.0,0.0,1.0,0.0,0.0,19.0,0.0,10.0,0.0,2.0,0.0,0.0,2.0,0.0,0.0,15.0,0.0,12.0,0.0,3.0,0.0,3.0,2.0,0.0,1.0,5.0,11.0,6.0,7.0,4.0,0.0,4.0,1.0,0.0,1.0,4.0,17.0,2.0,17.0,2.0,0.0,19.0,8.0,10.0,1.0,22.0,21.0,21.0,21.0,20.0,12.0,11.0,0.0,10.0,0.0,9.0,0.0,0.0,7.0,0.0,0.0,4.0,1.0,1.0,0.0,0.0,5.0,0.0,0.0,11.0,0.0,0.0,1.0,0.0,0.0,6.0,0.0,0.0,5.0,22.0,22.0,13.0,12.0
CHEMBL208797,IC50,19.95,26.0,3.0,4.0,0.0,0.0,1.0,0.0,34.0,6.0,5.0,0.0,0.0,0.0,2.0,2.0,0.0,0.0,0.0,0.0,35.0,4.0,9.0,0.0,0.0,0.0,2.0,2.0,0.0,0.0,32.0,4.0,9.0,0.0,0.0,0.0,2.0,2.0,1.0,0.0,37.0,2.0,6.0,0.0,0.0,0.0,1.0,2.0,1.0,1.0,39.0,1.0,7.0,0.0,0.0,0.0,4.0,4.0,0.0,0.0,0.0,32.0,2.0,10.0,0.0,0.0,0.0,4.0,4.0,26.0,3.0,6.0,0.0,0.0,0.0,4.0,4.0,0.0,0.0,23.0,1.0,4.0,0.0,0.0,0.0,5.0,5.0,2.0,0.0,18.0,0.0,4.0,0.0,0.0,0.0,1.0,0.0,0.0,2.0,0.0,1.0,0.0,0.0,0.0,2.0,1.0,1.0,1.0,0.0,1.0,4.0,0.0,0.0,0.0,0.0,0.0,0.0,0.0,0.0,0.0,0.0,0.0,0.0,0.0,0.0,0.0,0.0,0.0,0.0,0.0,0.0,0.0,0.0,0.0,0.0,2.0,0.0,0.0,0.0,0.0,3.0,2.0,2.0,0.0,0.0,2.0,0.0,0.0,1.0,23.0,1.0,2.0,7.0,5.0,5.0,4.0,24.0
CHEMBL377135,IC50,794.33,25.0,3.0,4.0,0.0,0.0,2.0,0.0,32.0,6.0,5.0,0.0,0.0,2.0,2.0,4.0,0.0,0.0,0.0,0.0,32.0,4.0,9.0,0.0,0.0,2.0,2.0,4.0,0.0,0.0,31.0,4.0,8.0,0.0,0.0,2.0,2.0,4.0,1.0,0.0,36.0,2.0,6.0,0.0,0.0,1.0,5.0,2.0,1.0,1.0,37.0,1.0,7.0,0.0,0.0,4.0,4.0,8.0,0.0,0.0,1.0,29.0,2.0,10.0,0.0,0.0,4.0,4.0,8.0,24.0,2.0,6.0,0.0,0.0,4.0,1.0,5.0,0.0,2.0,20.0,1.0,4.0,0.0,0.0,4.0,2.0,6.0,2.0,0.0,15.0,0.0,4.0,0.0,0.0,1.0,3.0,0.0,2.0,2.0,0.0,1.0,0.0,0.0,0.0,1.0,1.0,0.0,1.0,0.0,1.0,3.0,0.0,0.0,0.0,0.0,0.0,0.0,0.0,0.0,0.0,0.0,0.0,0.0,0.0,0.0,0.0,0.0,0.0,0.0,0.0,0.0,0.0,0.0,0.0,0.0,2.0,0.0,0.0,0.0,0.0,3.0,2.0,1.0,0.0,0.0,2.0,0.0,0.0,1.0,23.0,1.0,2.0,7.0,4.0,4.0,4.0,24.0
CHEMBL211776,IC50,19.95,25.0,3.0,4.0,0.0,0.0,0.0,0.0,32.0,6.0,5.0,0.0,0.0,0.0,0.0,0.0,0.0,0.0,0.0,0.0,32.0,4.0,9.0,0.0,0.0,0.0,0.0,0.0,0.0,0.0,31.0,4.0,8.0,0.0,0.0,0.0,0.0,0.0,1.0,0.0,36.0,2.0,6.0,0.0,0.0,0.0,0.0,2.0,0.0,0.0,37.0,1.0,7.0,0.0,0.0,0.0,0.0,0.0,0.0,0.0,0.0,29.0,2.0,10.0,0.0,0.0,0.0,0.0,0.0,24.0,2.0,6.0,0.0,0.0,0.0,0.0,0.0,0.0,0.0,20.0,1.0,4.0,0.0,0.0,0.0,0.0,0.0,2.0,0.0,15.0,0.0,4.0,0.0,0.0,0.0,0.0,0.0,0.0,0.0,0.0,1.0,0.0,0.0,0.0,1.0,1.0,1.0,0.0,0.0,1.0,3.0,0.0,0.0,0.0,0.0,0.0,0.0,0.0,0.0,0.0,0.0,0.0,0.0,0.0,0.0,0.0,0.0,0.0,0.0,0.0,0.0,0.0,0.0,0.0,0.0,2.0,0.0,0.0,0.0,0.0,3.0,2.0,1.0,0.0,0.0,2.0,0.0,0.0,1.0,23.0,1.0,2.0,7.0,4.0,4.0,4.0,24.0
CHEMBL207175,IC50,398.11,24.0,4.0,4.0,0.0,0.0,1.0,0.0,31.0,6.0,5.0,0.0,0.0,2.0,0.0,2.0,0.0,0.0,0.0,0.0,29.0,6.0,9.0,0.0,0.0,2.0,0.0,2.0,0.0,0.0,26.0,8.0,8.0,0.0,0.0,2.0,0.0,2.0,1.0,0.0,30.0,8.0,7.0,0.0,0.0,1.0,1.0,1.0,1.0,1.0,33.0,5.0,5.0,0.0,0.0,3.0,0.0,3.0,2.0,0.0,0.0,30.0,3.0,6.0,0.0,0.0,4.0,0.0,4.0,22.0,4.0,8.0,0.0,0.0,4.0,0.0,4.0,0.0,0.0,18.0,3.0,4.0,0.0,0.0,4.0,0.0,4.0,2.0,0.0,14.0,1.0,4.0,0.0,0.0,1.0,1.0,0.0,2.0,2.0,0.0,1.0,0.0,0.0,0.0,0.0,1.0,0.0,1.0,0.0,1.0,2.0,0.0,0.0,0.0,0.0,0.0,0.0,0.0,0.0,0.0,0.0,0.0,0.0,0.0,0.0,0.0,0.0,0.0,0.0,0.0,0.0,0.0,0.0,0.0,0.0,2.0,0.0,0.0,0.0,0.0,3.0,2.0,0.0,0.0,0.0,2.0,0.0,2.0,2.0,24.0,2.0,2.0,8.0,3.0,3.0,4.0,23.0
CHEMBL3127173,IC50,16.0,13.0,8.0,2.0,2.0,0.0,0.0,0.0,18.0,11.0,2.0,1.0,0.0,0.0,0.0,0.0,0.0,0.0,0.0,0.0,15.0,12.0,2.0,2.0,0.0,0.0,0.0,0.0,2.0,0.0,12.0,16.0,2.0,3.0,0.0,0.0,0.0,0.0,0.0,0.0,19.0,7.0,0.0,2.0,0.0,0.0,0.0,2.0,0.0,0.0,17.0,6.0,2.0,3.0,0.0,0.0,0.0,0.0,2.0,0.0,0.0,13.0,3.0,6.0,2.0,0.0,0.0,0.0,0.0,8.0,1.0,4.0,1.0,0.0,0.0,0.0,0.0,0.0,0.0,4.0,0.0,6.0,0.0,0.0,0.0,0.0,0.0,0.0,0.0,1.0,0.0,4.0,0.0,0.0,0.0,0.0,0.0,0.0,0.0,0.0,5.0,0.0,4.0,3.0,0.0,1.0,1.0,0.0,0.0,1.0,6.0,0.0,4.0,0.0,0.0,3.0,0.0,0.0,0.0,2.0,1.0,0.0,0.0,0.0,0.0,0.0,2.0,0.0,2.0,0.0,2.0,2.0,0.0,2.0,1.0,1.0,0.0,0.0,1.0,0.0,2.0,0.0,0.0,3.0,0.0,0.0,0.0,2.0,4.0,14.0,5.0,2.0,12.0,7.0,7.0,2.0,13.0
CHEMBL256674,IC50,39.81,19.0,0.0,4.0,2.0,0.0,1.0,0.0,24.0,0.0,5.0,3.0,0.0,2.0,0.0,2.0,0.0,0.0,0.0,0.0,19.0,0.0,9.0,2.0,0.0,2.0,0.0,2.0,0.0,0.0,16.0,0.0,6.0,2.0,0.0,2.0,0.0,2.0,0.0,0.0,19.0,0.0,4.0,2.0,0.0,1.0,1.0,0.0,0.0,1.0,21.0,0.0,4.0,2.0,0.0,2.0,0.0,2.0,0.0,0.0,0.0,19.0,0.0,5.0,1.0,0.0,3.0,0.0,3.0,13.0,0.0,4.0,2.0,0.0,3.0,0.0,3.0,0.0,0.0,9.0,0.0,4.0,2.0,0.0,2.0,0.0,2.0,0.0,2.0,7.0,0.0,2.0,1.0,0.0,1.0,1.0,0.0,0.0,0.0,0.0,2.0,0.0,0.0,0.0,0.0,0.0,0.0,1.0,0.0,0.0,3.0,0.0,0.0,0.0,0.0,0.0,0.0,0.0,0.0,0.0,0.0,0.0,0.0,0.0,0.0,0.0,0.0,0.0,0.0,0.0,0.0,0.0,0.0,0.0,0.0,2.0,0.0,0.0,0.0,0.0,3.0,1.0,0.0,1.0,0.0,1.0,0.0,0.0,1.0,17.0,1.0,2.0,6.0,4.0,4.0,6.0,17.0
CHEMBL389996,IC50,1.995,23.0,4.0,4.0,0.0,2.0,3.0,0.0,30.0,6.0,5.0,0.0,4.0,2.0,0.0,6.0,0.0,0.0,0.0,0.0,28.0,4.0,7.0,0.0,5.0,2.0,0.0,7.0,2.0,0.0,27.0,5.0,7.0,0.0,2.0,2.0,0.0,4.0,2.0,0.0,29.0,5.0,8.0,0.0,2.0,2.0,4.0,0.0,0.0,1.0,30.0,4.0,5.0,0.0,2.0,4.0,0.0,6.0,1.0,1.0,1.0,25.0,4.0,7.0,0.0,4.0,2.0,0.0,6.0,22.0,3.0,6.0,0.0,5.0,3.0,0.0,8.0,0.0,0.0,16.0,3.0,4.0,0.0,6.0,4.0,0.0,10.0,2.0,0.0,9.0,4.0,4.0,0.0,4.0,1.0,5.0,0.0,2.0,2.0,0.0,4.0,0.0,2.0,1.0,0.0,1.0,0.0,2.0,2.0,1.0,7.0,0.0,4.0,0.0,2.0,3.0,0.0,0.0,1.0,2.0,1.0,0.0,0.0,0.0,0.0,0.0,0.0,0.0,0.0,0.0,0.0,0.0,0.0,0.0,0.0,2.0,2.0,2.0,0.0,0.0,3.0,1.0,0.0,3.0,0.0,0.0,2.0,2.0,2.0,18.0,2.0,6.0,8.0,7.0,7.0,6.0,19.0
CHEMBL234939,IC50,158.49,23.0,4.0,4.0,0.0,0.0,1.0,0.0,30.0,5.0,5.0,0.0,0.0,2.0,0.0,2.0,0.0,0.0,0.0,0.0,27.0,6.0,7.0,0.0,0.0,2.0,0.0,2.0,2.0,0.0,25.0,7.0,9.0,0.0,0.0,2.0,0.0,2.0,0.0,0.0,30.0,4.0,6.0,0.0,0.0,2.0,2.0,2.0,0.0,1.0,30.0,4.0,4.0,0.0,0.0,4.0,0.0,4.0,2.0,0.0,0.0,25.0,4.0,8.0,0.0,0.0,1.0,0.0,1.0,23.0,2.0,6.0,0.0,0.0,4.0,0.0,4.0,0.0,0.0,15.0,4.0,4.0,0.0,0.0,4.0,0.0,4.0,2.0,0.0,9.0,4.0,4.0,0.0,0.0,1.0,1.0,0.0,2.0,2.0,0.0,4.0,0.0,2.0,1.0,0.0,1.0,0.0,1.0,0.0,1.0,7.0,0.0,4.0,0.0,2.0,3.0,0.0,0.0,1.0,2.0,1.0,0.0,0.0,0.0,0.0,0.0,0.0,0.0,0.0,0.0,0.0,0.0,0.0,0.0,0.0,2.0,0.0,0.0,0.0,0.0,3.0,1.0,0.0,3.0,0.0,1.0,0.0,2.0,2.0,18.0,2.0,6.0,8.0,7.0,7.0,6.0,19.0
CHEMBL233245,IC50,6.31,24.0,2.0,4.0,0.0,2.0,3.0,0.0,31.0,5.0,5.0,0.0,4.0,2.0,0.0,6.0,0.0,0.0,0.0,0.0,27.0,6.0,9.0,0.0,5.0,2.0,0.0,7.0,0.0,0.0,26.0,6.0,7.0,0.0,2.0,2.0,0.0,4.0,2.0,0.0,29.0,5.0,6.0,0.0,2.0,2.0,4.0,2.0,0.0,1.0,30.0,4.0,5.0,0.0,2.0,4.0,0.0,6.0,1.0,1.0,1.0,25.0,4.0,7.0,0.0,4.0,2.0,0.0,6.0,22.0,3.0,6.0,0.0,5.0,3.0,0.0,8.0,0.0,0.0,16.0,3.0,4.0,0.0,6.0,4.0,0.0,10.0,2.0,0.0,9.0,4.0,4.0,0.0,4.0,1.0,5.0,0.0,2.0,2.0,0.0,4.0,0.0,2.0,1.0,0.0,1.0,0.0,2.0,2.0,1.0,7.0,0.0,4.0,0.0,2.0,3.0,0.0,0.0,1.0,2.0,1.0,0.0,0.0,0.0,0.0,0.0,0.0,0.0,0.0,0.0,0.0,0.0,0.0,0.0,0.0,2.0,2.0,2.0,0.0,0.0,3.0,1.0,0.0,3.0,0.0,1.0,2.0,2.0,2.0,18.0,2.0,6.0,6.0,7.0,7.0,6.0,19.0
CHEMBL233044,IC50,39.81,24.0,2.0,4.0,0.0,0.0,1.0,0.0,31.0,5.0,5.0,0.0,0.0,2.0,0.0,2.0,0.0,0.0,0.0,0.0,29.0,4.0,7.0,0.0,0.0,2.0,0.0,2.0,2.0,0.0,29.0,3.0,7.0,0.0,0.0,2.0,0.0,2.0,2.0,0.0,29.0,5.0,8.0,0.0,0.0,2.0,2.0,0.0,0.0,1.0,29.0,5.0,6.0,0.0,0.0,4.0,0.0,4.0,0.0,0.0,0.0,25.0,4.0,7.0,0.0,0.0,3.0,0.0,3.0,21.0,4.0,5.0,0.0,0.0,3.0,0.0,3.0,0.0,0.0,16.0,3.0,4.0,0.0,0.0,3.0,0.0,3.0,2.0,0.0,10.0,3.0,4.0,0.0,0.0,1.0,1.0,0.0,2.0,2.0,0.0,4.0,0.0,2.0,1.0,0.0,1.0,0.0,1.0,0.0,1.0,7.0,0.0,4.0,0.0,2.0,3.0,0.0,0.0,1.0,2.0,1.0,0.0,0.0,0.0,0.0,0.0,0.0,0.0,0.0,0.0,0.0,0.0,0.0,0.0,0.0,2.0,0.0,0.0,0.0,0.0,3.0,1.0,0.0,3.0,0.0,1.0,0.0,2.0,2.0,18.0,2.0,6.0,6.0,7.0,7.0,6.0,19.0
CHEMBL2442490,IC50,180.0,12.0,5.0,3.0,2.0,3.0,3.0,0.0,15.0,9.0,4.0,1.0,3.0,0.0,0.0,3.0,0.0,3.0,3.0,3.0,13.0,7.0,5.0,2.0,3.0,0.0,0.0,3.0,2.0,0.0,9.0,10.0,4.0,3.0,6.0,0.0,0.0,6.0,1.0,0.0,14.0,5.0,1.0,1.0,3.0,0.0,3.0,3.0,3.0,0.0,10.0,3.0,4.0,2.0,12.0,0.0,0.0,12.0,2.0,0.0,0.0,7.0,2.0,6.0,2.0,9.0,0.0,0.0,9.0,6.0,1.0,4.0,1.0,3.0,0.0,0.0,3.0,6.0,6.0,4.0,0.0,5.0,0.0,0.0,0.0,0.0,0.0,0.0,0.0,1.0,0.0,4.0,0.0,0.0,0.0,0.0,2.0,0.0,0.0,0.0,0.0,0.0,0.0,0.0,0.0,2.0,1.0,0.0,3.0,2.0,2.0,0.0,0.0,0.0,0.0,0.0,0.0,0.0,0.0,0.0,0.0,0.0,0.0,0.0,0.0,0.0,0.0,0.0,0.0,0.0,0.0,0.0,0.0,0.0,0.0,1.0,3.0,0.0,0.0,0.0,3.0,0.0,0.0,0.0,3.0,0.0,0.0,2.0,4.0,16.0,4.0,2.0,10.0,2.0,2.0,2.0,15.0
CHEMBL233231,IC50,398.11,27.0,0.0,4.0,0.0,0.0,2.0,0.0,36.0,0.0,5.0,0.0,0.0,4.0,0.0,4.0,0.0,0.0,0.0,0.0,33.0,0.0,9.0,0.0,0.0,4.0,0.0,4.0,0.0,0.0,32.0,0.0,9.0,0.0,0.0,3.0,0.0,3.0,0.0,0.0,34.0,0.0,8.0,0.0,0.0,1.0,1.0,0.0,0.0,1.0,34.0,0.0,6.0,0.0,0.0,1.0,0.0,1.0,0.0,0.0,1.0,29.0,0.0,8.0,0.0,0.0,3.0,0.0,3.0,25.0,0.0,6.0,0.0,0.0,5.0,0.0,5.0,0.0,0.0,19.0,0.0,4.0,0.0,0.0,6.0,0.0,6.0,2.0,0.0,13.0,0.0,4.0,0.0,0.0,6.0,6.0,0.0,0.0,0.0,0.0,4.0,0.0,2.0,1.0,0.0,1.0,1.0,1.0,0.0,1.0,7.0,0.0,4.0,0.0,2.0,3.0,0.0,0.0,2.0,2.0,1.0,0.0,0.0,0.0,0.0,0.0,0.0,0.0,0.0,0.0,0.0,0.0,0.0,0.0,0.0,2.0,0.0,0.0,0.0,0.0,3.0,2.0,0.0,3.0,0.0,2.0,0.0,0.0,0.0,18.0,0.0,6.0,4.0,7.0,7.0,6.0,21.0
CHEMBL2442485,IC50,1000.0,12.0,5.0,4.0,2.0,3.0,3.0,0.0,16.0,9.0,4.0,1.0,3.0,0.0,0.0,3.0,0.0,3.0,3.0,3.0,15.0,7.0,4.0,2.0,3.0,0.0,0.0,3.0,2.0,0.0,13.0,10.0,3.0,3.0,3.0,0.0,0.0,3.0,0.0,0.0,15.0,7.0,1.0,3.0,6.0,0.0,6.0,2.0,0.0,0.0,14.0,3.0,3.0,2.0,6.0,0.0,0.0,6.0,3.0,0.0,0.0,9.0,2.0,8.0,1.0,12.0,0.0,0.0,12.0,6.0,1.0,7.0,0.0,6.0,0.0,0.0,6.0,0.0,0.0,2.0,1.0,6.0,1.0,0.0,0.0,0.0,0.0,0.0,9.0,2.0,0.0,3.0,0.0,3.0,0.0,3.0,0.0,0.0,0.0,0.0,0.0,0.0,0.0,0.0,1.0,1.0,0.0,0.0,3.0,1.0,3.0,0.0,0.0,0.0,0.0,0.0,0.0,0.0,0.0,0.0,0.0,0.0,0.0,0.0,0.0,0.0,0.0,0.0,0.0,0.0,0.0,0.0,0.0,0.0,0.0,2.0,3.0,0.0,0.0,0.0,3.0,0.0,0.0,0.0,3.0,0.0,0.0,2.0,4.0,16.0,4.0,2.0,11.0,2.0,2.0,3.0,15.0
CHEMBL1915263,IC50,25.12,22.0,5.0,4.0,0.0,3.0,4.0,0.0,27.0,10.0,7.0,0.0,3.0,2.0,0.0,5.0,1.0,3.0,3.0,3.0,26.0,7.0,7.0,0.0,3.0,2.0,0.0,5.0,2.0,0.0,25.0,6.0,6.0,0.0,0.0,3.0,0.0,3.0,2.0,0.0,24.0,9.0,6.0,0.0,3.0,1.0,4.0,1.0,1.0,1.0,27.0,7.0,5.0,0.0,3.0,2.0,0.0,5.0,1.0,3.0,3.0,24.0,6.0,4.0,0.0,3.0,5.0,0.0,8.0,16.0,6.0,4.0,0.0,3.0,3.0,0.0,6.0,0.0,0.0,14.0,6.0,5.0,0.0,6.0,1.0,0.0,7.0,0.0,1.0,16.0,2.0,4.0,0.0,3.0,1.0,4.0,0.0,0.0,0.0,1.0,2.0,1.0,0.0,0.0,1.0,1.0,0.0,0.0,3.0,1.0,6.0,0.0,2.0,0.0,0.0,1.0,0.0,0.0,0.0,0.0,0.0,0.0,0.0,0.0,0.0,0.0,0.0,0.0,1.0,0.0,1.0,1.0,2.0,2.0,1.0,1.0,3.0,0.0,1.0,0.0,2.0,0.0,1.0,0.0,3.0,1.0,0.0,1.0,3.0,20.0,3.0,2.0,9.0,8.0,8.0,7.0,22.0
CHEMBL585581,IC50,8104.0,21.0,4.0,1.0,3.0,0.0,2.0,2.0,27.0,6.0,3.0,4.0,0.0,4.0,0.0,4.0,3.0,0.0,0.0,0.0,23.0,7.0,5.0,3.0,0.0,5.0,0.0,5.0,0.0,3.0,23.0,7.0,8.0,2.0,0.0,2.0,0.0,2.0,0.0,2.0,24.0,4.0,5.0,2.0,0.0,3.0,3.0,0.0,0.0,0.0,24.0,2.0,6.0,3.0,0.0,3.0,0.0,3.0,1.0,0.0,0.0,19.0,4.0,8.0,3.0,0.0,5.0,0.0,5.0,15.0,2.0,5.0,6.0,0.0,5.0,0.0,5.0,0.0,0.0,14.0,3.0,10.0,3.0,0.0,4.0,0.0,4.0,0.0,0.0,10.0,4.0,4.0,6.0,0.0,2.0,2.0,0.0,1.0,1.0,0.0,1.0,0.0,0.0,0.0,0.0,0.0,0.0,1.0,0.0,0.0,4.0,0.0,1.0,0.0,1.0,0.0,0.0,0.0,0.0,0.0,0.0,0.0,0.0,0.0,0.0,0.0,0.0,0.0,0.0,0.0,1.0,0.0,0.0,1.0,0.0,0.0,0.0,0.0,1.0,2.0,3.0,0.0,0.0,0.0,0.0,1.0,0.0,0.0,2.0,20.0,2.0,7.0,8.0,6.0,6.0,7.0,24.0
CHEMBL3127171,IC50,30.0,13.0,5.0,2.0,4.0,0.0,0.0,0.0,18.0,9.0,2.0,3.0,0.0,0.0,0.0,0.0,0.0,0.0,0.0,0.0,14.0,10.0,2.0,3.0,0.0,0.0,0.0,0.0,2.0,0.0,13.0,12.0,2.0,4.0,0.0,0.0,0.0,0.0,0.0,0.0,17.0,5.0,0.0,5.0,0.0,0.0,0.0,2.0,0.0,0.0,14.0,3.0,2.0,6.0,0.0,0.0,0.0,0.0,2.0,0.0,0.0,10.0,1.0,6.0,2.0,0.0,0.0,0.0,0.0,5.0,0.0,6.0,2.0,0.0,0.0,0.0,0.0,0.0,0.0,1.0,0.0,6.0,1.0,0.0,0.0,0.0,0.0,0.0,0.0,0.0,0.0,2.0,0.0,0.0,0.0,0.0,0.0,0.0,0.0,0.0,0.0,0.0,0.0,0.0,0.0,1.0,1.0,0.0,0.0,1.0,1.0,0.0,0.0,0.0,0.0,0.0,0.0,0.0,0.0,0.0,0.0,0.0,0.0,0.0,0.0,0.0,0.0,0.0,0.0,0.0,0.0,0.0,0.0,0.0,0.0,1.0,0.0,0.0,0.0,0.0,2.0,0.0,0.0,0.0,0.0,0.0,0.0,2.0,5.0,19.0,5.0,2.0,11.0,1.0,1.0,1.0,16.0
CHEMBL3127160,IC50,100.0,17.0,5.0,4.0,2.0,0.0,0.0,0.0,22.0,9.0,5.0,1.0,0.0,0.0,0.0,0.0,0.0,0.0,0.0,0.0,21.0,10.0,4.0,2.0,0.0,0.0,0.0,0.0,2.0,0.0,19.0,13.0,3.0,3.0,0.0,0.0,0.0,0.0,1.0,0.0,23.0,8.0,2.0,3.0,0.0,0.0,0.0,3.0,0.0,0.0,22.0,6.0,3.0,3.0,0.0,0.0,0.0,0.0,3.0,0.0,0.0,17.0,4.0,10.0,3.0,0.0,0.0,0.0,0.0,13.0,2.0,9.0,2.0,0.0,0.0,0.0,0.0,0.0,0.0,11.0,0.0,7.0,0.0,0.0,0.0,0.0,0.0,2.0,0.0,5.0,0.0,6.0,0.0,0.0,0.0,0.0,0.0,0.0,0.0,0.0,1.0,0.0,0.0,0.0,1.0,1.0,0.0,1.0,0.0,1.0,3.0,0.0,1.0,0.0,0.0,0.0,0.0,0.0,0.0,0.0,0.0,0.0,0.0,0.0,0.0,0.0,0.0,0.0,0.0,0.0,0.0,0.0,1.0,0.0,0.0,2.0,0.0,0.0,0.0,0.0,3.0,0.0,1.0,0.0,0.0,0.0,0.0,2.0,4.0,20.0,4.0,2.0,11.0,3.0,3.0,3.0,18.0
CHEMBL3127159,IC50,1.1,16.0,5.0,4.0,2.0,0.0,0.0,0.0,22.0,9.0,4.0,1.0,0.0,0.0,0.0,0.0,0.0,0.0,0.0,0.0,20.0,10.0,4.0,2.0,0.0,0.0,0.0,0.0,2.0,0.0,17.0,13.0,3.0,3.0,0.0,0.0,0.0,0.0,1.0,0.0,21.0,8.0,2.0,3.0,0.0,0.0,0.0,3.0,0.0,0.0,21.0,5.0,3.0,3.0,0.0,0.0,0.0,0.0,3.0,0.0,0.0,15.0,3.0,10.0,3.0,0.0,0.0,0.0,0.0,12.0,1.0,9.0,1.0,0.0,0.0,0.0,0.0,0.0,0.0,7.0,0.0,7.0,0.0,0.0,0.0,0.0,0.0,2.0,0.0,2.0,0.0,6.0,0.0,0.0,0.0,0.0,0.0,0.0,0.0,0.0,0.0,0.0,0.0,0.0,1.0,1.0,0.0,1.0,0.0,1.0,2.0,0.0,0.0,0.0,0.0,0.0,0.0,0.0,0.0,0.0,0.0,0.0,0.0,0.0,0.0,0.0,0.0,0.0,0.0,0.0,0.0,0.0,0.0,0.0,0.0,2.0,0.0,0.0,0.0,0.0,3.0,0.0,0.0,0.0,0.0,0.0,0.0,2.0,4.0,20.0,4.0,2.0,11.0,2.0,2.0,2.0,18.0
CHEMBL3127158,IC50,140.0,16.0,5.0,3.0,2.0,0.0,0.0,0.0,21.0,9.0,4.0,1.0,0.0,0.0,0.0,0.0,0.0,0.0,0.0,0.0,18.0,10.0,4.0,2.0,0.0,0.0,0.0,0.0,2.0,0.0,15.0,13.0,3.0,3.0,0.0,0.0,0.0,0.0,1.0,0.0,20.0,7.0,2.0,3.0,0.0,0.0,0.0,3.0,0.0,0.0,19.0,4.0,3.0,3.0,0.0,0.0,0.0,0.0,3.0,0.0,0.0,14.0,2.0,10.0,2.0,0.0,0.0,0.0,0.0,8.0,1.0,9.0,1.0,0.0,0.0,0.0,0.0,0.0,0.0,4.0,0.0,7.0,0.0,0.0,0.0,0.0,0.0,2.0,0.0,1.0,0.0,4.0,0.0,0.0,0.0,0.0,0.0,0.0,0.0,0.0,0.0,0.0,0.0,0.0,0.0,2.0,0.0,1.0,0.0,2.0,1.0,0.0,0.0,0.0,0.0,0.0,0.0,0.0,0.0,0.0,0.0,0.0,0.0,0.0,0.0,0.0,0.0,0.0,0.0,0.0,0.0,0.0,0.0,0.0,0.0,1.0,0.0,0.0,0.0,0.0,3.0,0.0,0.0,0.0,0.0,0.0,0.0,2.0,4.0,20.0,4.0,2.0,10.0,2.0,2.0,1.0,18.0
CHEMBL378464,IC50,100.0,25.0,3.0,4.0,0.0,0.0,3.0,0.0,32.0,6.0,5.0,0.0,0.0,4.0,2.0,6.0,0.0,0.0,0.0,0.0,32.0,4.0,9.0,0.0,0.0,4.0,2.0,6.0,0.0,0.0,31.0,4.0,8.0,0.0,0.0,3.0,2.0,5.0,1.0,0.0,36.0,2.0,6.0,0.0,0.0,1.0,2.0,2.0,1.0,2.0,37.0,1.0,7.0,0.0,0.0,1.0,4.0,5.0,0.0,0.0,1.0,29.0,2.0,10.0,0.0,0.0,3.0,4.0,7.0,24.0,2.0,6.0,0.0,0.0,5.0,4.0,9.0,0.0,0.0,20.0,1.0,4.0,0.0,0.0,5.0,4.0,9.0,2.0,0.0,15.0,0.0,4.0,0.0,0.0,5.0,6.0,0.0,0.0,2.0,0.0,1.0,0.0,0.0,0.0,1.0,1.0,0.0,2.0,0.0,1.0,3.0,0.0,0.0,0.0,0.0,0.0,0.0,0.0,0.0,0.0,0.0,0.0,0.0,0.0,0.0,0.0,0.0,0.0,0.0,0.0,0.0,0.0,0.0,0.0,0.0,2.0,0.0,0.0,0.0,0.0,3.0,2.0,1.0,0.0,0.0,2.0,0.0,0.0,1.0,23.0,1.0,2.0,7.0,4.0,4.0,4.0,24.0
CHEMBL211059,IC50,5.012,25.0,3.0,4.0,0.0,0.0,3.0,0.0,32.0,6.0,5.0,0.0,0.0,4.0,2.0,6.0,0.0,0.0,0.0,0.0,32.0,4.0,9.0,0.0,0.0,5.0,2.0,7.0,0.0,0.0,31.0,4.0,8.0,0.0,0.0,2.0,2.0,4.0,1.0,0.0,36.0,2.0,6.0,0.0,0.0,2.0,3.0,2.0,1.0,1.0,37.0,1.0,7.0,0.0,0.0,2.0,4.0,6.0,0.0,0.0,1.0,29.0,2.0,10.0,0.0,0.0,4.0,4.0,8.0,24.0,2.0,6.0,0.0,0.0,4.0,4.0,8.0,0.0,0.0,20.0,1.0,4.0,0.0,0.0,6.0,4.0,10.0,2.0,0.0,15.0,0.0,4.0,0.0,0.0,5.0,6.0,0.0,0.0,2.0,0.0,1.0,0.0,0.0,0.0,1.0,1.0,0.0,2.0,0.0,1.0,3.0,0.0,0.0,0.0,0.0,0.0,0.0,0.0,0.0,0.0,0.0,0.0,0.0,0.0,0.0,0.0,0.0,0.0,0.0,0.0,0.0,0.0,0.0,0.0,0.0,2.0,0.0,0.0,0.0,0.0,3.0,2.0,1.0,0.0,0.0,2.0,0.0,0.0,1.0,23.0,1.0,2.0,7.0,4.0,4.0,4.0,24.0
CHEMBL211088,IC50,3.981,25.0,3.0,4.0,0.0,2.0,3.0,0.0,32.0,6.0,5.0,0.0,4.0,2.0,0.0,6.0,0.0,0.0,0.0,0.0,32.0,4.0,9.0,0.0,5.0,2.0,0.0,7.0,0.0,0.0,31.0,4.0,8.0,0.0,2.0,2.0,0.0,4.0,1.0,0.0,36.0,2.0,6.0,0.0,2.0,1.0,3.0,2.0,1.0,1.0,37.0,1.0,7.0,0.0,2.0,4.0,0.0,6.0,0.0,1.0,1.0,29.0,2.0,10.0,0.0,4.0,4.0,0.0,8.0,24.0,2.0,6.0,0.0,4.0,4.0,0.0,8.0,0.0,0.0,20.0,1.0,4.0,0.0,6.0,4.0,0.0,10.0,2.0,0.0,15.0,0.0,4.0,0.0,5.0,1.0,6.0,0.0,2.0,2.0,0.0,1.0,0.0,0.0,0.0,1.0,1.0,0.0,2.0,2.0,1.0,3.0,0.0,0.0,0.0,0.0,0.0,0.0,0.0,0.0,0.0,0.0,0.0,0.0,0.0,0.0,0.0,0.0,0.0,0.0,0.0,0.0,0.0,0.0,0.0,0.0,2.0,2.0,2.0,0.0,0.0,3.0,2.0,1.0,0.0,0.0,2.0,2.0,0.0,1.0,23.0,1.0,2.0,7.0,4.0,4.0,4.0,24.0
CHEMBL233768,IC50,1.585,33.0,5.0,3.0,0.0,0.0,1.0,0.0,42.0,9.0,4.0,0.0,0.0,2.0,0.0,2.0,1.0,0.0,0.0,0.0,42.0,8.0,8.0,0.0,0.0,2.0,0.0,2.0,0.0,0.0,40.0,7.0,8.0,0.0,0.0,2.0,0.0,2.0,1.0,0.0,45.0,5.0,7.0,0.0,0.0,1.0,1.0,0.0,1.0,1.0,47.0,1.0,5.0,0.0,0.0,4.0,0.0,4.0,1.0,0.0,0.0,42.0,5.0,5.0,0.0,0.0,4.0,0.0,4.0,34.0,8.0,5.0,0.0,0.0,4.0,0.0,4.0,0.0,0.0,32.0,5.0,3.0,0.0,0.0,3.0,0.0,3.0,0.0,0.0,31.0,4.0,2.0,0.0,0.0,2.0,2.0,1.0,0.0,0.0,1.0,1.0,0.0,0.0,0.0,2.0,0.0,0.0,1.0,0.0,0.0,5.0,0.0,1.0,0.0,0.0,0.0,0.0,0.0,1.0,0.0,0.0,0.0,0.0,0.0,0.0,0.0,0.0,0.0,0.0,0.0,1.0,1.0,0.0,2.0,1.0,1.0,0.0,0.0,1.0,0.0,2.0,1.0,2.0,0.0,0.0,2.0,0.0,0.0,1.0,29.0,1.0,2.0,8.0,7.0,7.0,7.0,32.0
CHEMBL492237,IC50,7.943,21.0,7.0,3.0,0.0,0.0,1.0,0.0,26.0,12.0,4.0,0.0,0.0,2.0,0.0,2.0,1.0,0.0,0.0,0.0,23.0,10.0,7.0,0.0,0.0,2.0,0.0,2.0,1.0,0.0,23.0,9.0,4.0,0.0,0.0,2.0,0.0,2.0,2.0,0.0,25.0,11.0,5.0,0.0,0.0,0.0,0.0,1.0,1.0,1.0,26.0,8.0,5.0,0.0,0.0,2.0,0.0,2.0,0.0,0.0,0.0,20.0,10.0,4.0,0.0,0.0,4.0,0.0,4.0,18.0,7.0,2.0,0.0,0.0,3.0,0.0,3.0,0.0,0.0,19.0,4.0,4.0,0.0,0.0,0.0,0.0,0.0,0.0,1.0,16.0,3.0,3.0,0.0,0.0,1.0,1.0,0.0,0.0,0.0,1.0,3.0,1.0,0.0,0.0,4.0,0.0,0.0,1.0,0.0,0.0,9.0,0.0,3.0,1.0,0.0,3.0,0.0,0.0,0.0,0.0,0.0,0.0,0.0,0.0,0.0,0.0,0.0,0.0,0.0,2.0,0.0,0.0,1.0,3.0,1.0,1.0,0.0,0.0,2.0,0.0,2.0,0.0,3.0,0.0,0.0,1.0,0.0,1.0,2.0,17.0,2.0,2.0,10.0,12.0,12.0,10.0,20.0
CHEMBL520950,IC50,251.19,23.0,8.0,5.0,0.0,0.0,1.0,0.0,30.0,12.0,6.0,0.0,0.0,2.0,0.0,2.0,1.0,0.0,0.0,0.0,28.0,10.0,8.0,0.0,0.0,2.0,0.0,2.0,1.0,0.0,26.0,12.0,5.0,0.0,0.0,2.0,0.0,2.0,2.0,0.0,31.0,12.0,5.0,0.0,0.0,0.0,0.0,2.0,1.0,1.0,32.0,9.0,7.0,0.0,0.0,2.0,0.0,2.0,1.0,0.0,0.0,24.0,12.0,5.0,0.0,0.0,4.0,0.0,4.0,19.0,9.0,7.0,0.0,0.0,2.0,0.0,2.0,0.0,0.0,24.0,4.0,3.0,0.0,0.0,1.0,0.0,1.0,2.0,0.0,17.0,8.0,5.0,0.0,0.0,1.0,1.0,0.0,1.0,1.0,1.0,7.0,1.0,2.0,0.0,3.0,0.0,0.0,1.0,0.0,0.0,12.0,0.0,5.0,1.0,0.0,3.0,0.0,0.0,0.0,0.0,0.0,0.0,0.0,0.0,0.0,0.0,0.0,0.0,0.0,2.0,2.0,4.0,3.0,4.0,3.0,3.0,0.0,0.0,2.0,0.0,3.0,0.0,3.0,0.0,0.0,2.0,0.0,1.0,2.0,17.0,4.0,2.0,13.0,17.0,17.0,10.0,20.0
CHEMBL391270,IC50,39.81,20.0,6.0,4.0,1.0,0.0,2.0,2.0,24.0,9.0,5.0,4.0,0.0,4.0,0.0,4.0,5.0,0.0,0.0,0.0,21.0,9.0,11.0,5.0,0.0,4.0,0.0,4.0,1.0,0.0,17.0,10.0,14.0,3.0,0.0,3.0,0.0,3.0,0.0,0.0,21.0,9.0,11.0,3.0,0.0,3.0,3.0,3.0,0.0,2.0,21.0,14.0,12.0,0.0,0.0,4.0,0.0,4.0,2.0,0.0,3.0,20.0,13.0,3.0,1.0,0.0,5.0,0.0,5.0,16.0,11.0,5.0,2.0,0.0,4.0,0.0,4.0,0.0,0.0,17.0,7.0,6.0,2.0,0.0,3.0,0.0,3.0,0.0,0.0,21.0,2.0,4.0,1.0,0.0,4.0,4.0,0.0,0.0,0.0,0.0,1.0,0.0,0.0,0.0,2.0,0.0,0.0,0.0,0.0,0.0,3.0,0.0,0.0,0.0,0.0,0.0,0.0,0.0,0.0,0.0,0.0,0.0,0.0,0.0,0.0,0.0,0.0,0.0,0.0,0.0,0.0,0.0,0.0,1.0,0.0,1.0,0.0,0.0,2.0,2.0,3.0,0.0,1.0,0.0,0.0,0.0,0.0,2.0,3.0,23.0,3.0,4.0,11.0,6.0,6.0,8.0,23.0
CHEMBL232926,IC50,63.1,23.0,4.0,2.0,1.0,0.0,3.0,2.0,27.0,8.0,4.0,4.0,0.0,6.0,0.0,6.0,4.0,0.0,0.0,0.0,24.0,8.0,9.0,5.0,0.0,8.0,0.0,8.0,1.0,0.0,19.0,8.0,13.0,4.0,0.0,4.0,0.0,4.0,0.0,0.0,22.0,10.0,13.0,3.0,0.0,2.0,2.0,2.0,1.0,1.0,24.0,13.0,12.0,1.0,0.0,4.0,0.0,4.0,2.0,0.0,2.0,25.0,11.0,5.0,1.0,0.0,3.0,0.0,3.0,22.0,6.0,3.0,2.0,0.0,4.0,0.0,4.0,0.0,0.0,21.0,3.0,5.0,2.0,0.0,4.0,0.0,4.0,0.0,0.0,23.0,1.0,4.0,1.0,0.0,5.0,5.0,0.0,2.0,2.0,0.0,2.0,0.0,0.0,0.0,2.0,0.0,0.0,1.0,0.0,0.0,4.0,0.0,0.0,0.0,0.0,0.0,0.0,0.0,0.0,0.0,0.0,0.0,0.0,0.0,0.0,0.0,0.0,0.0,0.0,0.0,0.0,0.0,0.0,1.0,0.0,0.0,0.0,0.0,1.0,2.0,2.0,0.0,2.0,1.0,0.0,0.0,0.0,2.0,3.0,23.0,3.0,4.0,7.0,6.0,6.0,7.0,22.0
CHEMBL400025,IC50,316.23,23.0,4.0,2.0,1.0,1.0,2.0,2.0,27.0,8.0,4.0,4.0,2.0,2.0,0.0,4.0,4.0,0.0,0.0,0.0,24.0,8.0,9.0,5.0,2.0,3.0,0.0,5.0,1.0,0.0,19.0,8.0,13.0,4.0,2.0,1.0,0.0,3.0,0.0,0.0,22.0,10.0,13.0,3.0,1.0,1.0,2.0,2.0,0.0,0.0,24.0,13.0,12.0,1.0,0.0,2.0,0.0,2.0,2.0,1.0,3.0,25.0,11.0,5.0,1.0,1.0,2.0,0.0,3.0,22.0,6.0,3.0,2.0,1.0,3.0,0.0,4.0,0.0,0.0,21.0,3.0,5.0,2.0,0.0,2.0,0.0,2.0,0.0,0.0,23.0,1.0,4.0,1.0,1.0,2.0,3.0,0.0,0.0,0.0,0.0,2.0,0.0,0.0,0.0,2.0,0.0,0.0,0.0,1.0,0.0,4.0,0.0,0.0,0.0,0.0,0.0,0.0,0.0,0.0,0.0,0.0,0.0,0.0,0.0,0.0,0.0,0.0,0.0,0.0,0.0,0.0,0.0,0.0,1.0,0.0,0.0,1.0,1.0,1.0,2.0,2.0,0.0,2.0,1.0,0.0,0.0,1.0,2.0,3.0,23.0,3.0,4.0,7.0,6.0,6.0,7.0,22.0
CHEMBL233975,IC50,25.12,24.0,5.0,2.0,0.0,0.0,1.0,0.0,30.0,12.0,3.0,0.0,0.0,2.0,0.0,2.0,0.0,0.0,0.0,0.0,30.0,10.0,5.0,0.0,0.0,2.0,0.0,2.0,0.0,0.0,30.0,7.0,4.0,0.0,0.0,2.0,0.0,2.0,1.0,0.0,34.0,4.0,4.0,0.0,0.0,1.0,1.0,0.0,1.0,1.0,33.0,9.0,3.0,0.0,0.0,4.0,0.0,4.0,0.0,0.0,0.0,27.0,12.0,2.0,0.0,0.0,4.0,0.0,4.0,22.0,8.0,1.0,0.0,0.0,4.0,0.0,4.0,0.0,0.0,18.0,7.0,0.0,0.0,0.0,3.0,0.0,3.0,0.0,0.0,14.0,5.0,0.0,0.0,0.0,1.0,1.0,0.0,0.0,0.0,0.0,1.0,0.0,0.0,0.0,1.0,0.0,0.0,2.0,0.0,0.0,2.0,0.0,0.0,0.0,0.0,0.0,0.0,0.0,0.0,0.0,0.0,0.0,0.0,0.0,0.0,0.0,0.0,0.0,0.0,0.0,0.0,0.0,0.0,0.0,0.0,1.0,0.0,0.0,0.0,0.0,1.0,1.0,1.0,0.0,0.0,0.0,0.0,2.0,4.0,26.0,4.0,0.0,7.0,5.0,5.0,3.0,24.0
CHEMBL393187,IC50,19.95,24.0,3.0,2.0,1.0,0.0,1.0,2.0,30.0,7.0,5.0,2.0,0.0,2.0,0.0,2.0,2.0,0.0,0.0,0.0,30.0,6.0,9.0,2.0,0.0,2.0,0.0,2.0,0.0,0.0,30.0,5.0,8.0,1.0,0.0,2.0,0.0,2.0,1.0,0.0,34.0,3.0,6.0,0.0,0.0,1.0,1.0,0.0,1.0,1.0,33.0,1.0,3.0,2.0,0.0,4.0,0.0,4.0,2.0,0.0,0.0,27.0,4.0,6.0,4.0,0.0,4.0,0.0,4.0,22.0,6.0,9.0,2.0,0.0,4.0,0.0,4.0,0.0,0.0,18.0,3.0,4.0,2.0,0.0,3.0,0.0,3.0,0.0,0.0,14.0,2.0,4.0,2.0,0.0,1.0,1.0,2.0,0.0,0.0,0.0,1.0,0.0,0.0,0.0,1.0,0.0,0.0,1.0,0.0,0.0,2.0,0.0,0.0,0.0,0.0,0.0,0.0,0.0,0.0,0.0,0.0,0.0,0.0,0.0,0.0,0.0,0.0,0.0,0.0,0.0,0.0,0.0,0.0,0.0,0.0,1.0,0.0,0.0,1.0,2.0,3.0,1.0,1.0,0.0,0.0,0.0,0.0,0.0,1.0,23.0,1.0,4.0,6.0,4.0,4.0,4.0,24.0
CHEMBL395523,IC50,6.31,26.0,3.0,4.0,0.0,4.0,4.0,0.0,34.0,6.0,5.0,0.0,5.0,0.0,0.0,5.0,0.0,3.0,3.0,3.0,34.0,4.0,9.0,0.0,8.0,0.0,0.0,8.0,0.0,0.0,33.0,4.0,8.0,0.0,9.0,0.0,0.0,9.0,1.0,0.0,37.0,3.0,7.0,0.0,11.0,0.0,11.0,2.0,0.0,0.0,41.0,1.0,7.0,0.0,5.0,0.0,0.0,5.0,0.0,5.0,5.0,33.0,2.0,10.0,0.0,14.0,0.0,0.0,14.0,28.0,2.0,6.0,0.0,15.0,0.0,0.0,15.0,0.0,0.0,24.0,1.0,4.0,0.0,13.0,0.0,0.0,13.0,2.0,0.0,16.0,0.0,6.0,0.0,14.0,0.0,14.0,0.0,0.0,0.0,0.0,1.0,0.0,0.0,0.0,1.0,1.0,0.0,2.0,4.0,1.0,4.0,0.0,0.0,0.0,0.0,0.0,0.0,0.0,0.0,0.0,0.0,0.0,0.0,0.0,0.0,0.0,0.0,0.0,0.0,0.0,0.0,0.0,0.0,0.0,0.0,2.0,4.0,1.0,0.0,0.0,3.0,2.0,1.0,0.0,3.0,2.0,1.0,0.0,1.0,23.0,1.0,2.0,7.0,4.0,4.0,5.0,25.0
CHEMBL232924,IC50,158.49,23.0,4.0,2.0,1.0,0.0,2.0,2.0,27.0,8.0,4.0,4.0,0.0,4.0,0.0,4.0,4.0,0.0,0.0,0.0,24.0,8.0,9.0,5.0,0.0,5.0,0.0,5.0,1.0,0.0,19.0,8.0,13.0,4.0,0.0,3.0,0.0,3.0,0.0,0.0,22.0,10.0,13.0,3.0,0.0,2.0,2.0,2.0,0.0,0.0,24.0,13.0,12.0,1.0,0.0,2.0,0.0,2.0,2.0,0.0,3.0,25.0,11.0,5.0,1.0,0.0,3.0,0.0,3.0,22.0,6.0,3.0,2.0,0.0,4.0,0.0,4.0,0.0,0.0,21.0,3.0,5.0,2.0,0.0,2.0,0.0,2.0,0.0,0.0,23.0,1.0,4.0,1.0,0.0,3.0,3.0,0.0,0.0,0.0,0.0,2.0,0.0,0.0,0.0,2.0,0.0,0.0,0.0,0.0,0.0,4.0,0.0,0.0,0.0,0.0,0.0,0.0,0.0,0.0,0.0,0.0,0.0,0.0,0.0,0.0,0.0,0.0,0.0,0.0,0.0,0.0,0.0,0.0,1.0,0.0,0.0,0.0,0.0,1.0,2.0,2.0,0.0,2.0,1.0,0.0,0.0,0.0,2.0,3.0,23.0,3.0,4.0,7.0,6.0,6.0,7.0,22.0
CHEMBL395542,IC50,3.162,25.0,2.0,4.0,0.0,1.0,2.0,0.0,33.0,3.0,5.0,0.0,2.0,0.0,2.0,4.0,0.0,0.0,0.0,0.0,30.0,3.0,9.0,0.0,2.0,0.0,2.0,4.0,0.0,0.0,28.0,4.0,9.0,0.0,1.0,0.0,2.0,3.0,0.0,0.0,32.0,2.0,6.0,0.0,1.0,0.0,3.0,2.0,0.0,1.0,32.0,2.0,5.0,0.0,0.0,0.0,4.0,4.0,1.0,1.0,1.0,27.0,2.0,8.0,0.0,1.0,0.0,2.0,3.0,24.0,1.0,6.0,0.0,2.0,0.0,4.0,6.0,0.0,0.0,17.0,2.0,4.0,0.0,3.0,0.0,4.0,7.0,2.0,0.0,11.0,2.0,4.0,0.0,3.0,0.0,4.0,0.0,0.0,2.0,0.0,4.0,0.0,2.0,1.0,0.0,1.0,0.0,1.0,1.0,1.0,7.0,0.0,4.0,0.0,2.0,3.0,0.0,0.0,1.0,2.0,1.0,0.0,0.0,0.0,0.0,0.0,0.0,0.0,0.0,0.0,0.0,0.0,0.0,0.0,0.0,2.0,1.0,1.0,0.0,0.0,3.0,1.0,0.0,3.0,0.0,2.0,1.0,1.0,1.0,18.0,1.0,6.0,6.0,7.0,7.0,6.0,20.0
CHEMBL234290,IC50,39.81,26.0,2.0,4.0,0.0,3.0,3.0,0.0,35.0,3.0,5.0,0.0,3.0,0.0,0.0,3.0,0.0,3.0,3.0,3.0,34.0,1.0,7.0,0.0,6.0,0.0,0.0,6.0,2.0,0.0,33.0,1.0,9.0,0.0,6.0,0.0,0.0,6.0,0.0,0.0,34.0,2.0,9.0,0.0,6.0,0.0,6.0,0.0,0.0,0.0,35.0,3.0,6.0,0.0,6.0,0.0,0.0,6.0,0.0,3.0,3.0,30.0,2.0,8.0,0.0,12.0,0.0,0.0,12.0,27.0,2.0,5.0,0.0,9.0,0.0,0.0,9.0,0.0,0.0,20.0,3.0,4.0,0.0,12.0,0.0,0.0,12.0,2.0,0.0,13.0,1.0,6.0,0.0,9.0,0.0,9.0,0.0,0.0,0.0,0.0,4.0,0.0,2.0,1.0,0.0,1.0,0.0,1.0,3.0,1.0,8.0,0.0,4.0,0.0,2.0,3.0,0.0,0.0,1.0,2.0,1.0,0.0,0.0,0.0,0.0,0.0,0.0,0.0,0.0,0.0,0.0,0.0,0.0,0.0,0.0,2.0,3.0,0.0,0.0,0.0,3.0,1.0,0.0,3.0,3.0,1.0,0.0,1.0,1.0,18.0,1.0,6.0,6.0,7.0,7.0,7.0,21.0
CHEMBL234710,IC50,15.85,27.0,0.0,4.0,2.0,2.0,2.0,2.0,37.0,0.0,9.0,2.0,4.0,0.0,0.0,4.0,0.0,0.0,0.0,0.0,35.0,0.0,13.0,2.0,5.0,0.0,0.0,5.0,0.0,0.0,34.0,0.0,13.0,2.0,2.0,0.0,0.0,2.0,0.0,0.0,36.0,0.0,12.0,2.0,2.0,0.0,2.0,0.0,0.0,0.0,36.0,0.0,11.0,4.0,2.0,0.0,0.0,2.0,0.0,1.0,1.0,33.0,0.0,16.0,3.0,4.0,0.0,0.0,4.0,28.0,0.0,12.0,4.0,5.0,0.0,0.0,5.0,0.0,0.0,23.0,0.0,12.0,4.0,6.0,0.0,0.0,6.0,2.0,0.0,17.0,0.0,12.0,1.0,6.0,0.0,6.0,0.0,0.0,2.0,0.0,4.0,0.0,2.0,1.0,1.0,1.0,0.0,2.0,2.0,1.0,8.0,0.0,4.0,0.0,2.0,3.0,0.0,0.0,2.0,2.0,1.0,0.0,0.0,0.0,0.0,0.0,0.0,0.0,0.0,0.0,0.0,0.0,0.0,0.0,0.0,2.0,2.0,2.0,0.0,0.0,5.0,2.0,0.0,3.0,0.0,2.0,2.0,0.0,0.0,18.0,0.0,10.0,6.0,8.0,8.0,7.0,22.0
CHEMBL215400,IC50,8.71,18.0,3.0,4.0,0.0,0.0,2.0,0.0,21.0,8.0,5.0,0.0,0.0,2.0,2.0,4.0,0.0,0.0,0.0,0.0,19.0,5.0,7.0,0.0,0.0,2.0,2.0,4.0,2.0,0.0,16.0,4.0,5.0,0.0,0.0,1.0,2.0,3.0,3.0,0.0,19.0,4.0,6.0,0.0,0.0,1.0,1.0,1.0,1.0,1.0,22.0,3.0,5.0,0.0,0.0,0.0,2.0,2.0,0.0,0.0,1.0,19.0,3.0,5.0,0.0,0.0,1.0,4.0,5.0,12.0,4.0,4.0,0.0,0.0,2.0,3.0,5.0,0.0,0.0,10.0,3.0,4.0,0.0,0.0,3.0,2.0,5.0,0.0,2.0,9.0,1.0,2.0,0.0,0.0,1.0,2.0,0.0,0.0,0.0,0.0,2.0,0.0,0.0,0.0,1.0,1.0,0.0,1.0,0.0,1.0,4.0,0.0,0.0,0.0,0.0,0.0,0.0,0.0,0.0,0.0,0.0,0.0,0.0,0.0,0.0,0.0,0.0,0.0,0.0,0.0,0.0,0.0,0.0,0.0,0.0,2.0,0.0,0.0,0.0,0.0,3.0,1.0,1.0,0.0,0.0,1.0,0.0,1.0,2.0,17.0,2.0,2.0,7.0,6.0,6.0,6.0,17.0
CHEMBL548,IC50,1.1,20.0,0.0,5.0,0.0,0.0,0.0,0.0,22.0,0.0,8.0,0.0,0.0,0.0,0.0,0.0,0.0,0.0,0.0,0.0,20.0,0.0,10.0,0.0,0.0,0.0,0.0,0.0,0.0,0.0,19.0,0.0,8.0,0.0,0.0,0.0,0.0,0.0,0.0,1.0,18.0,0.0,9.0,0.0,0.0,0.0,0.0,0.0,0.0,0.0,17.0,0.0,10.0,0.0,0.0,0.0,0.0,0.0,0.0,0.0,0.0,16.0,0.0,7.0,0.0,0.0,0.0,0.0,0.0,15.0,0.0,7.0,0.0,0.0,0.0,0.0,0.0,0.0,0.0,13.0,0.0,9.0,0.0,0.0,0.0,0.0,0.0,0.0,0.0,9.0,0.0,10.0,0.0,0.0,0.0,0.0,2.0,0.0,0.0,4.0,9.0,3.0,5.0,3.0,1.0,3.0,0.0,0.0,0.0,3.0,20.0,2.0,18.0,2.0,4.0,18.0,7.0,7.0,0.0,18.0,12.0,6.0,3.0,1.0,3.0,5.0,0.0,5.0,0.0,5.0,0.0,0.0,5.0,0.0,0.0,3.0,0.0,0.0,0.0,0.0,5.0,0.0,1.0,9.0,0.0,0.0,0.0,0.0,0.0,0.0,0.0,0.0,5.0,21.0,21.0,12.0,10.0
CHEMBL3127169,IC50,80.0,15.0,5.0,2.0,2.0,0.0,0.0,0.0,20.0,9.0,2.0,1.0,0.0,0.0,0.0,0.0,0.0,0.0,0.0,0.0,15.0,10.0,2.0,2.0,0.0,0.0,0.0,0.0,2.0,0.0,14.0,13.0,2.0,3.0,0.0,0.0,0.0,0.0,0.0,0.0,19.0,6.0,0.0,3.0,0.0,0.0,0.0,2.0,0.0,0.0,17.0,3.0,2.0,3.0,0.0,0.0,0.0,0.0,2.0,0.0,0.0,11.0,2.0,6.0,2.0,0.0,0.0,0.0,0.0,7.0,0.0,6.0,0.0,0.0,0.0,0.0,0.0,0.0,0.0,2.0,0.0,6.0,0.0,0.0,0.0,0.0,0.0,0.0,0.0,0.0,0.0,4.0,0.0,0.0,0.0,0.0,0.0,0.0,0.0,0.0,3.0,0.0,2.0,1.0,0.0,1.0,1.0,0.0,0.0,1.0,6.0,0.0,4.0,0.0,2.0,3.0,0.0,0.0,0.0,2.0,1.0,0.0,0.0,0.0,0.0,0.0,0.0,0.0,0.0,0.0,0.0,0.0,0.0,0.0,0.0,1.0,0.0,0.0,0.0,0.0,2.0,0.0,0.0,3.0,0.0,0.0,0.0,2.0,4.0,14.0,4.0,4.0,9.0,5.0,5.0,2.0,14.0
CHEMBL3127166,IC50,12.0,16.0,5.0,2.0,2.0,0.0,1.0,0.0,21.0,9.0,2.0,1.0,0.0,2.0,0.0,2.0,0.0,0.0,0.0,0.0,18.0,10.0,2.0,2.0,0.0,2.0,0.0,2.0,2.0,0.0,15.0,13.0,2.0,3.0,0.0,1.0,0.0,1.0,0.0,0.0,20.0,7.0,0.0,3.0,0.0,1.0,1.0,2.0,0.0,0.0,19.0,4.0,2.0,3.0,0.0,1.0,0.0,1.0,2.0,0.0,0.0,14.0,2.0,6.0,2.0,0.0,2.0,0.0,2.0,8.0,1.0,6.0,1.0,0.0,3.0,0.0,3.0,0.0,0.0,4.0,0.0,6.0,0.0,0.0,1.0,0.0,1.0,0.0,0.0,1.0,0.0,4.0,0.0,0.0,2.0,2.0,0.0,0.0,0.0,0.0,0.0,0.0,0.0,0.0,0.0,1.0,1.0,0.0,0.0,1.0,1.0,0.0,0.0,0.0,0.0,0.0,0.0,0.0,0.0,0.0,0.0,0.0,0.0,0.0,0.0,0.0,0.0,0.0,0.0,0.0,0.0,0.0,0.0,0.0,0.0,1.0,0.0,0.0,0.0,0.0,2.0,0.0,0.0,0.0,0.0,0.0,0.0,2.0,4.0,20.0,4.0,2.0,9.0,1.0,1.0,1.0,18.0
CHEMBL3127175,IC50,2.4,16.0,5.0,2.0,2.0,0.0,0.0,0.0,21.0,9.0,2.0,1.0,0.0,0.0,0.0,0.0,0.0,0.0,0.0,0.0,18.0,10.0,2.0,2.0,0.0,0.0,0.0,0.0,2.0,0.0,15.0,13.0,2.0,3.0,0.0,0.0,0.0,0.0,0.0,0.0,20.0,7.0,0.0,3.0,0.0,0.0,0.0,2.0,0.0,0.0,19.0,4.0,2.0,3.0,0.0,0.0,0.0,0.0,2.0,0.0,0.0,14.0,2.0,6.0,2.0,0.0,0.0,0.0,0.0,8.0,1.0,6.0,1.0,0.0,0.0,0.0,0.0,0.0,0.0,4.0,0.0,6.0,0.0,0.0,0.0,0.0,0.0,0.0,0.0,1.0,0.0,4.0,0.0,0.0,0.0,0.0,0.0,0.0,0.0,0.0,0.0,0.0,0.0,0.0,0.0,1.0,1.0,0.0,0.0,1.0,1.0,0.0,0.0,0.0,0.0,0.0,0.0,0.0,0.0,0.0,0.0,0.0,0.0,0.0,0.0,0.0,0.0,0.0,0.0,0.0,0.0,0.0,0.0,0.0,0.0,1.0,0.0,0.0,0.0,0.0,2.0,0.0,0.0,0.0,0.0,0.0,0.0,2.0,4.0,20.0,4.0,2.0,9.0,1.0,1.0,1.0,18.0
CHEMBL270162,IC50,630.96,16.0,2.0,4.0,2.0,0.0,1.0,0.0,20.0,3.0,5.0,2.0,0.0,2.0,0.0,2.0,0.0,0.0,0.0,0.0,16.0,2.0,7.0,3.0,0.0,2.0,0.0,2.0,2.0,0.0,14.0,2.0,5.0,2.0,0.0,2.0,0.0,2.0,1.0,0.0,16.0,2.0,5.0,2.0,0.0,0.0,0.0,0.0,1.0,1.0,18.0,1.0,5.0,1.0,0.0,3.0,0.0,3.0,0.0,0.0,0.0,14.0,2.0,4.0,2.0,0.0,2.0,0.0,2.0,10.0,2.0,4.0,2.0,0.0,2.0,0.0,2.0,0.0,2.0,7.0,1.0,2.0,1.0,0.0,2.0,0.0,2.0,0.0,0.0,4.0,0.0,4.0,0.0,0.0,1.0,1.0,0.0,0.0,0.0,0.0,1.0,0.0,0.0,0.0,0.0,0.0,0.0,1.0,0.0,0.0,2.0,0.0,0.0,0.0,0.0,0.0,0.0,0.0,0.0,0.0,0.0,0.0,0.0,0.0,0.0,0.0,0.0,0.0,0.0,0.0,0.0,0.0,0.0,0.0,0.0,2.0,0.0,0.0,0.0,0.0,3.0,1.0,0.0,0.0,0.0,0.0,0.0,1.0,2.0,17.0,2.0,2.0,8.0,2.0,2.0,4.0,16.0
CHEMBL270208,IC50,10.0,14.0,3.0,4.0,0.0,0.0,1.0,0.0,16.0,8.0,5.0,0.0,0.0,2.0,0.0,2.0,0.0,0.0,0.0,0.0,14.0,5.0,7.0,0.0,0.0,2.0,0.0,2.0,2.0,0.0,15.0,4.0,3.0,0.0,0.0,2.0,0.0,2.0,3.0,0.0,17.0,4.0,5.0,0.0,0.0,0.0,0.0,1.0,1.0,1.0,17.0,3.0,5.0,0.0,0.0,2.0,0.0,2.0,0.0,0.0,0.0,11.0,3.0,5.0,0.0,0.0,4.0,0.0,4.0,7.0,2.0,4.0,0.0,0.0,3.0,0.0,3.0,0.0,0.0,7.0,0.0,4.0,0.0,0.0,0.0,0.0,0.0,0.0,2.0,2.0,0.0,2.0,0.0,0.0,0.0,0.0,0.0,0.0,0.0,1.0,2.0,1.0,0.0,0.0,3.0,0.0,0.0,1.0,0.0,0.0,7.0,0.0,3.0,1.0,0.0,3.0,0.0,0.0,0.0,0.0,0.0,0.0,0.0,0.0,0.0,0.0,0.0,0.0,0.0,2.0,0.0,0.0,1.0,0.0,0.0,2.0,0.0,0.0,0.0,0.0,3.0,0.0,3.0,0.0,0.0,1.0,0.0,1.0,2.0,11.0,2.0,2.0,7.0,7.0,7.0,6.0,12.0
CHEMBL403459,IC50,158.49,19.0,3.0,4.0,0.0,0.0,1.0,0.0,25.0,4.0,5.0,0.0,0.0,2.0,0.0,2.0,0.0,0.0,0.0,0.0,21.0,3.0,9.0,0.0,0.0,2.0,0.0,2.0,0.0,0.0,18.0,2.0,5.0,0.0,0.0,2.0,0.0,2.0,3.0,0.0,21.0,2.0,7.0,0.0,0.0,0.0,0.0,0.0,1.0,1.0,24.0,1.0,5.0,0.0,0.0,3.0,0.0,3.0,0.0,0.0,0.0,20.0,2.0,5.0,0.0,0.0,4.0,0.0,4.0,14.0,2.0,4.0,0.0,0.0,3.0,0.0,3.0,0.0,0.0,12.0,1.0,4.0,0.0,0.0,2.0,0.0,2.0,0.0,2.0,10.0,0.0,2.0,0.0,0.0,1.0,1.0,0.0,0.0,0.0,0.0,2.0,0.0,0.0,0.0,1.0,1.0,0.0,1.0,0.0,1.0,4.0,0.0,0.0,0.0,0.0,0.0,0.0,0.0,0.0,0.0,0.0,0.0,0.0,0.0,0.0,0.0,0.0,0.0,0.0,0.0,0.0,0.0,0.0,0.0,0.0,2.0,0.0,0.0,0.0,0.0,3.0,1.0,1.0,0.0,0.0,1.0,0.0,0.0,1.0,17.0,1.0,2.0,7.0,6.0,6.0,6.0,18.0
CHEMBL258226,IC50,79.43,18.0,5.0,5.0,0.0,0.0,1.0,0.0,22.0,8.0,4.0,0.0,0.0,2.0,0.0,2.0,2.0,0.0,0.0,0.0,20.0,7.0,8.0,0.0,0.0,2.0,0.0,2.0,0.0,0.0,16.0,8.0,6.0,0.0,0.0,2.0,0.0,2.0,3.0,0.0,22.0,6.0,4.0,0.0,0.0,0.0,0.0,3.0,1.0,1.0,23.0,7.0,7.0,0.0,0.0,2.0,0.0,2.0,0.0,0.0,0.0,22.0,6.0,2.0,0.0,0.0,4.0,0.0,4.0,15.0,6.0,5.0,0.0,0.0,2.0,0.0,2.0,0.0,0.0,14.0,4.0,4.0,0.0,0.0,3.0,0.0,3.0,2.0,0.0,12.0,3.0,5.0,0.0,0.0,1.0,1.0,0.0,2.0,2.0,0.0,3.0,0.0,0.0,0.0,2.0,0.0,0.0,1.0,0.0,0.0,6.0,0.0,1.0,0.0,0.0,0.0,0.0,0.0,0.0,0.0,0.0,0.0,0.0,0.0,0.0,0.0,0.0,0.0,0.0,0.0,0.0,0.0,1.0,1.0,0.0,3.0,0.0,0.0,1.0,0.0,3.0,1.0,2.0,0.0,0.0,0.0,0.0,1.0,2.0,17.0,2.0,0.0,10.0,9.0,9.0,9.0,18.0
CHEMBL437796,IC50,15.85,25.0,7.0,3.0,0.0,0.0,1.0,0.0,32.0,12.0,4.0,0.0,0.0,2.0,0.0,2.0,1.0,0.0,0.0,0.0,27.0,13.0,9.0,0.0,0.0,2.0,0.0,2.0,0.0,0.0,26.0,9.0,5.0,0.0,0.0,2.0,0.0,2.0,3.0,0.0,28.0,12.0,5.0,0.0,0.0,0.0,0.0,2.0,1.0,1.0,29.0,11.0,6.0,0.0,0.0,2.0,0.0,2.0,0.0,0.0,0.0,30.0,9.0,1.0,0.0,0.0,4.0,0.0,4.0,22.0,11.0,3.0,0.0,0.0,2.0,0.0,2.0,0.0,0.0,25.0,6.0,3.0,0.0,0.0,3.0,0.0,3.0,1.0,0.0,22.0,5.0,5.0,0.0,0.0,2.0,2.0,0.0,1.0,1.0,0.0,2.0,0.0,0.0,0.0,3.0,0.0,0.0,1.0,0.0,0.0,7.0,0.0,3.0,1.0,0.0,3.0,0.0,0.0,0.0,0.0,0.0,0.0,0.0,0.0,0.0,0.0,0.0,0.0,2.0,0.0,1.0,0.0,0.0,1.0,0.0,1.0,0.0,0.0,1.0,0.0,2.0,1.0,3.0,0.0,0.0,0.0,0.0,2.0,3.0,23.0,3.0,0.0,10.0,9.0,9.0,9.0,24.0
CHEMBL403939,IC50,63.1,22.0,5.0,5.0,0.0,0.0,1.0,0.0,27.0,9.0,6.0,0.0,0.0,2.0,0.0,2.0,1.0,0.0,0.0,0.0,24.0,8.0,9.0,0.0,0.0,2.0,0.0,2.0,0.0,0.0,18.0,10.0,7.0,0.0,0.0,2.0,0.0,2.0,2.0,0.0,25.0,8.0,3.0,0.0,0.0,0.0,0.0,3.0,1.0,1.0,27.0,9.0,6.0,0.0,0.0,2.0,0.0,2.0,0.0,0.0,0.0,26.0,7.0,2.0,0.0,0.0,4.0,0.0,4.0,20.0,6.0,4.0,0.0,0.0,2.0,0.0,2.0,0.0,0.0,19.0,4.0,5.0,0.0,0.0,3.0,0.0,3.0,1.0,0.0,18.0,3.0,5.0,0.0,0.0,2.0,2.0,0.0,1.0,1.0,1.0,6.0,2.0,2.0,0.0,1.0,0.0,0.0,1.0,0.0,0.0,9.0,1.0,5.0,1.0,0.0,5.0,2.0,1.0,0.0,4.0,1.0,0.0,0.0,0.0,0.0,1.0,2.0,4.0,2.0,2.0,1.0,0.0,2.0,1.0,0.0,3.0,0.0,0.0,1.0,0.0,3.0,1.0,1.0,2.0,0.0,0.0,0.0,1.0,2.0,17.0,3.0,0.0,10.0,14.0,14.0,8.0,19.0
CHEMBL233565,IC50,39.81,26.0,7.0,2.0,0.0,2.0,3.0,0.0,35.0,9.0,3.0,0.0,4.0,0.0,2.0,6.0,0.0,0.0,0.0,0.0,35.0,7.0,5.0,0.0,5.0,0.0,2.0,7.0,0.0,0.0,35.0,7.0,4.0,0.0,2.0,0.0,2.0,4.0,1.0,0.0,37.0,6.0,4.0,0.0,2.0,0.0,3.0,0.0,1.0,1.0,36.0,3.0,3.0,0.0,2.0,0.0,4.0,6.0,0.0,1.0,1.0,33.0,5.0,2.0,0.0,4.0,0.0,4.0,8.0,30.0,8.0,1.0,0.0,4.0,0.0,4.0,8.0,0.0,0.0,26.0,7.0,1.0,0.0,6.0,0.0,3.0,9.0,0.0,0.0,20.0,4.0,1.0,0.0,5.0,0.0,7.0,0.0,0.0,0.0,0.0,1.0,0.0,0.0,0.0,1.0,0.0,0.0,2.0,2.0,0.0,2.0,0.0,0.0,0.0,0.0,0.0,0.0,0.0,0.0,0.0,0.0,0.0,0.0,0.0,0.0,0.0,0.0,0.0,0.0,0.0,0.0,0.0,0.0,0.0,0.0,1.0,2.0,2.0,0.0,0.0,1.0,1.0,1.0,0.0,0.0,0.0,2.0,1.0,3.0,28.0,3.0,0.0,9.0,5.0,5.0,3.0,27.0
CHEMBL233137,IC50,3.981,25.0,5.0,3.0,0.0,2.0,3.0,0.0,33.0,7.0,4.0,0.0,4.0,0.0,2.0,6.0,1.0,0.0,0.0,0.0,33.0,6.0,8.0,0.0,5.0,0.0,2.0,7.0,0.0,0.0,33.0,5.0,6.0,0.0,2.0,0.0,2.0,4.0,1.0,0.0,36.0,4.0,5.0,0.0,2.0,0.0,3.0,0.0,1.0,1.0,36.0,1.0,3.0,0.0,2.0,0.0,4.0,6.0,1.0,1.0,1.0,31.0,5.0,4.0,0.0,4.0,0.0,4.0,8.0,26.0,6.0,5.0,0.0,4.0,0.0,4.0,8.0,0.0,0.0,24.0,3.0,3.0,0.0,6.0,0.0,3.0,9.0,0.0,0.0,18.0,2.0,2.0,0.0,5.0,0.0,7.0,1.0,0.0,0.0,0.0,1.0,0.0,0.0,0.0,2.0,0.0,0.0,2.0,2.0,0.0,4.0,0.0,0.0,0.0,0.0,0.0,0.0,0.0,0.0,0.0,0.0,0.0,0.0,0.0,0.0,0.0,0.0,0.0,0.0,0.0,0.0,0.0,0.0,2.0,1.0,1.0,2.0,2.0,1.0,0.0,2.0,1.0,1.0,0.0,0.0,2.0,2.0,0.0,1.0,23.0,1.0,2.0,8.0,5.0,5.0,5.0,25.0
CHEMBL232340,IC50,2.512,31.0,4.0,3.0,1.0,0.0,1.0,2.0,38.0,8.0,6.0,3.0,0.0,2.0,0.0,2.0,3.0,0.0,0.0,0.0,36.0,8.0,13.0,3.0,0.0,2.0,0.0,2.0,0.0,1.0,34.0,8.0,13.0,3.0,0.0,2.0,0.0,2.0,1.0,2.0,42.0,4.0,13.0,2.0,0.0,1.0,1.0,1.0,1.0,1.0,46.0,3.0,11.0,1.0,0.0,4.0,0.0,4.0,0.0,0.0,0.0,39.0,7.0,9.0,2.0,0.0,4.0,0.0,4.0,34.0,6.0,8.0,4.0,0.0,4.0,0.0,4.0,0.0,0.0,32.0,5.0,10.0,2.0,0.0,4.0,0.0,4.0,1.0,0.0,30.0,3.0,6.0,2.0,0.0,1.0,1.0,0.0,1.0,1.0,0.0,1.0,0.0,0.0,0.0,1.0,0.0,0.0,1.0,0.0,0.0,3.0,0.0,0.0,0.0,0.0,0.0,0.0,0.0,0.0,0.0,0.0,0.0,0.0,0.0,0.0,0.0,0.0,0.0,0.0,0.0,0.0,0.0,0.0,1.0,0.0,1.0,0.0,0.0,1.0,2.0,4.0,1.0,1.0,0.0,0.0,2.0,0.0,0.0,1.0,29.0,1.0,6.0,8.0,5.0,5.0,7.0,32.0
CHEMBL232389,IC50,50.12,24.0,4.0,2.0,1.0,3.0,4.0,2.0,29.0,8.0,4.0,4.0,3.0,2.0,0.0,5.0,4.0,3.0,3.0,3.0,26.0,8.0,9.0,5.0,6.0,3.0,0.0,9.0,1.0,0.0,20.0,8.0,13.0,4.0,6.0,1.0,0.0,7.0,0.0,0.0,23.0,10.0,13.0,3.0,3.0,1.0,4.0,2.0,0.0,0.0,25.0,13.0,12.0,1.0,3.0,2.0,0.0,5.0,2.0,0.0,2.0,25.0,12.0,6.0,1.0,3.0,2.0,0.0,5.0,23.0,7.0,3.0,2.0,0.0,3.0,0.0,3.0,3.0,3.0,22.0,3.0,5.0,2.0,3.0,2.0,0.0,5.0,0.0,0.0,23.0,2.0,4.0,1.0,3.0,2.0,5.0,0.0,0.0,0.0,0.0,2.0,0.0,0.0,0.0,2.0,0.0,0.0,0.0,3.0,0.0,5.0,0.0,0.0,0.0,0.0,0.0,0.0,0.0,0.0,0.0,0.0,0.0,0.0,0.0,0.0,0.0,0.0,0.0,0.0,0.0,0.0,0.0,0.0,1.0,0.0,0.0,3.0,0.0,1.0,2.0,2.0,0.0,2.0,1.0,3.0,0.0,0.0,2.0,3.0,23.0,3.0,4.0,7.0,6.0,6.0,8.0,23.0
CHEMBL441126,IC50,6.31,23.0,4.0,4.0,1.0,0.0,2.0,2.0,26.0,8.0,7.0,4.0,0.0,4.0,0.0,4.0,4.0,0.0,0.0,0.0,25.0,7.0,11.0,5.0,0.0,4.0,0.0,4.0,1.0,0.0,21.0,8.0,14.0,3.0,0.0,3.0,0.0,3.0,0.0,0.0,23.0,10.0,12.0,3.0,0.0,3.0,3.0,2.0,0.0,2.0,24.0,12.0,12.0,1.0,0.0,4.0,0.0,4.0,2.0,0.0,3.0,24.0,10.0,5.0,1.0,0.0,5.0,0.0,5.0,21.0,7.0,5.0,2.0,0.0,5.0,0.0,5.0,0.0,0.0,20.0,5.0,7.0,2.0,0.0,4.0,0.0,4.0,0.0,0.0,23.0,2.0,4.0,1.0,0.0,4.0,4.0,0.0,0.0,0.0,0.0,3.0,0.0,0.0,0.0,2.0,0.0,0.0,0.0,0.0,0.0,5.0,0.0,1.0,0.0,0.0,0.0,0.0,0.0,0.0,0.0,0.0,0.0,0.0,0.0,0.0,0.0,0.0,0.0,0.0,0.0,0.0,0.0,1.0,1.0,0.0,1.0,0.0,0.0,1.0,2.0,3.0,0.0,2.0,1.0,0.0,0.0,0.0,2.0,3.0,23.0,3.0,4.0,9.0,7.0,7.0,9.0,22.0
CHEMBL389796,IC50,1.585,26.0,2.0,4.0,0.0,1.0,2.0,0.0,35.0,3.0,5.0,0.0,2.0,2.0,0.0,4.0,0.0,0.0,0.0,0.0,33.0,3.0,9.0,0.0,2.0,2.0,0.0,4.0,0.0,0.0,31.0,2.0,9.0,0.0,1.0,2.0,0.0,3.0,2.0,0.0,32.0,3.0,8.0,0.0,1.0,2.0,3.0,0.0,0.0,1.0,34.0,2.0,6.0,0.0,0.0,4.0,0.0,4.0,0.0,1.0,1.0,30.0,2.0,7.0,0.0,1.0,3.0,0.0,4.0,25.0,2.0,6.0,0.0,2.0,3.0,0.0,5.0,0.0,0.0,20.0,1.0,5.0,0.0,3.0,4.0,0.0,7.0,2.0,0.0,13.0,2.0,4.0,0.0,3.0,2.0,5.0,0.0,2.0,2.0,0.0,4.0,0.0,2.0,1.0,1.0,1.0,0.0,1.0,1.0,1.0,8.0,0.0,4.0,0.0,2.0,3.0,0.0,0.0,1.0,2.0,1.0,0.0,0.0,0.0,0.0,0.0,0.0,0.0,0.0,0.0,0.0,0.0,0.0,0.0,0.0,2.0,1.0,1.0,0.0,0.0,3.0,1.0,1.0,3.0,0.0,2.0,1.0,1.0,1.0,18.0,1.0,6.0,6.0,8.0,8.0,6.0,20.0
CHEMBL234280,IC50,39.81,27.0,0.0,6.0,0.0,0.0,1.0,0.0,37.0,0.0,7.0,0.0,0.0,0.0,2.0,2.0,0.0,0.0,0.0,0.0,35.0,0.0,11.0,0.0,0.0,0.0,2.0,2.0,0.0,0.0,34.0,0.0,10.0,0.0,0.0,0.0,2.0,2.0,0.0,0.0,35.0,0.0,9.0,0.0,0.0,0.0,2.0,0.0,0.0,1.0,35.0,0.0,6.0,0.0,0.0,0.0,4.0,4.0,0.0,0.0,0.0,29.0,0.0,10.0,0.0,0.0,0.0,3.0,3.0,26.0,0.0,8.0,0.0,0.0,0.0,4.0,4.0,0.0,0.0,21.0,0.0,7.0,0.0,0.0,0.0,4.0,4.0,2.0,0.0,16.0,0.0,7.0,0.0,0.0,0.0,1.0,0.0,0.0,2.0,0.0,4.0,0.0,2.0,1.0,1.0,1.0,0.0,1.0,0.0,1.0,8.0,0.0,4.0,0.0,2.0,3.0,0.0,0.0,2.0,2.0,1.0,0.0,0.0,0.0,0.0,0.0,0.0,0.0,0.0,0.0,0.0,0.0,0.0,0.0,0.0,3.0,0.0,0.0,0.0,0.0,4.0,2.0,0.0,3.0,0.0,2.0,0.0,0.0,0.0,18.0,0.0,6.0,6.0,8.0,8.0,7.0,21.0
CHEMBL395284,IC50,19.95,27.0,0.0,4.0,0.0,1.0,2.0,0.0,36.0,0.0,5.0,0.0,2.0,0.0,2.0,4.0,0.0,0.0,0.0,0.0,33.0,0.0,9.0,0.0,2.0,0.0,2.0,4.0,0.0,0.0,32.0,0.0,9.0,0.0,1.0,0.0,2.0,3.0,0.0,0.0,34.0,0.0,8.0,0.0,1.0,0.0,3.0,0.0,0.0,1.0,34.0,0.0,6.0,0.0,0.0,0.0,4.0,4.0,0.0,1.0,1.0,29.0,0.0,8.0,0.0,1.0,0.0,3.0,4.0,25.0,0.0,6.0,0.0,2.0,0.0,4.0,6.0,0.0,0.0,19.0,0.0,4.0,0.0,3.0,0.0,4.0,7.0,2.0,0.0,13.0,0.0,4.0,0.0,3.0,0.0,4.0,0.0,0.0,2.0,0.0,4.0,0.0,2.0,1.0,0.0,1.0,0.0,1.0,1.0,1.0,7.0,0.0,4.0,0.0,2.0,3.0,0.0,0.0,2.0,2.0,1.0,0.0,0.0,0.0,0.0,0.0,0.0,0.0,0.0,0.0,0.0,0.0,0.0,0.0,0.0,2.0,1.0,1.0,0.0,0.0,3.0,2.0,0.0,3.0,0.0,2.0,1.0,0.0,0.0,18.0,0.0,6.0,4.0,7.0,7.0,6.0,21.0
CHEMBL233858,IC50,100.0,27.0,0.0,6.0,0.0,0.0,0.0,0.0,37.0,0.0,7.0,0.0,0.0,0.0,0.0,0.0,0.0,0.0,0.0,0.0,35.0,0.0,11.0,0.0,0.0,0.0,0.0,0.0,0.0,0.0,34.0,0.0,10.0,0.0,0.0,0.0,0.0,0.0,0.0,0.0,35.0,0.0,9.0,0.0,0.0,0.0,0.0,0.0,0.0,0.0,35.0,0.0,6.0,0.0,0.0,0.0,0.0,0.0,0.0,0.0,0.0,29.0,0.0,10.0,0.0,0.0,0.0,0.0,0.0,26.0,0.0,8.0,0.0,0.0,0.0,0.0,0.0,0.0,0.0,21.0,0.0,7.0,0.0,0.0,0.0,0.0,0.0,2.0,0.0,16.0,0.0,7.0,0.0,0.0,0.0,0.0,0.0,0.0,0.0,0.0,4.0,0.0,2.0,1.0,1.0,1.0,1.0,0.0,0.0,1.0,8.0,0.0,4.0,0.0,2.0,3.0,0.0,0.0,2.0,2.0,1.0,0.0,0.0,0.0,0.0,0.0,0.0,0.0,0.0,0.0,0.0,0.0,0.0,0.0,0.0,3.0,0.0,0.0,0.0,0.0,4.0,2.0,0.0,3.0,0.0,2.0,0.0,0.0,0.0,18.0,0.0,6.0,6.0,8.0,8.0,7.0,21.0
CHEMBL459885,IC50,3860.0,23.0,4.0,3.0,1.0,2.0,4.0,2.0,29.0,5.0,7.0,3.0,4.0,4.0,0.0,8.0,3.0,0.0,0.0,0.0,26.0,6.0,12.0,3.0,4.0,4.0,0.0,8.0,0.0,1.0,24.0,5.0,12.0,2.0,2.0,3.0,0.0,5.0,1.0,2.0,26.0,5.0,10.0,1.0,0.0,2.0,2.0,0.0,1.0,3.0,26.0,4.0,7.0,2.0,1.0,4.0,0.0,5.0,1.0,2.0,2.0,22.0,5.0,8.0,2.0,2.0,5.0,0.0,7.0,18.0,4.0,6.0,3.0,2.0,5.0,0.0,7.0,1.0,1.0,16.0,4.0,9.0,2.0,2.0,4.0,0.0,6.0,2.0,0.0,15.0,4.0,8.0,2.0,3.0,2.0,5.0,0.0,1.0,1.0,0.0,0.0,0.0,0.0,0.0,1.0,0.0,0.0,2.0,2.0,0.0,4.0,0.0,1.0,0.0,1.0,0.0,0.0,0.0,0.0,0.0,0.0,0.0,0.0,0.0,0.0,0.0,0.0,0.0,0.0,0.0,1.0,0.0,0.0,1.0,0.0,0.0,2.0,2.0,1.0,2.0,4.0,0.0,0.0,0.0,0.0,1.0,2.0,0.0,1.0,21.0,1.0,7.0,8.0,5.0,5.0,7.0,26.0
CHEMBL212672,IC50,3.162,25.0,3.0,4.0,0.0,1.0,2.0,0.0,32.0,6.0,5.0,0.0,2.0,0.0,2.0,4.0,0.0,0.0,0.0,0.0,32.0,4.0,9.0,0.0,3.0,0.0,2.0,5.0,0.0,0.0,31.0,4.0,8.0,0.0,1.0,0.0,2.0,3.0,1.0,0.0,36.0,2.0,6.0,0.0,1.0,0.0,2.0,2.0,1.0,1.0,37.0,1.0,7.0,0.0,2.0,0.0,4.0,6.0,0.0,0.0,0.0,29.0,2.0,10.0,0.0,3.0,0.0,4.0,7.0,24.0,2.0,6.0,0.0,2.0,0.0,4.0,6.0,0.0,0.0,20.0,1.0,4.0,0.0,3.0,0.0,4.0,7.0,2.0,0.0,15.0,0.0,4.0,0.0,3.0,0.0,4.0,0.0,0.0,2.0,0.0,1.0,0.0,0.0,0.0,1.0,1.0,1.0,1.0,1.0,1.0,3.0,0.0,0.0,0.0,0.0,0.0,0.0,0.0,0.0,0.0,0.0,0.0,0.0,0.0,0.0,0.0,0.0,0.0,0.0,0.0,0.0,0.0,0.0,0.0,0.0,2.0,1.0,1.0,0.0,0.0,3.0,2.0,1.0,0.0,0.0,2.0,1.0,0.0,1.0,23.0,1.0,2.0,7.0,4.0,4.0,4.0,24.0
CHEMBL210994,IC50,79.43,25.0,3.0,6.0,0.0,2.0,3.0,0.0,33.0,6.0,7.0,0.0,0.0,0.0,2.0,2.0,0.0,1.0,1.0,1.0,34.0,4.0,11.0,0.0,2.0,0.0,2.0,4.0,0.0,0.0,33.0,4.0,10.0,0.0,4.0,0.0,2.0,6.0,1.0,0.0,38.0,2.0,6.0,0.0,4.0,0.0,5.0,2.0,1.0,1.0,37.0,1.0,9.0,0.0,4.0,0.0,4.0,8.0,0.0,0.0,0.0,30.0,2.0,12.0,0.0,0.0,0.0,4.0,4.0,26.0,2.0,9.0,0.0,2.0,0.0,4.0,6.0,0.0,0.0,23.0,1.0,6.0,0.0,4.0,0.0,4.0,8.0,2.0,0.0,17.0,1.0,7.0,0.0,6.0,0.0,7.0,0.0,0.0,3.0,1.0,1.0,0.0,0.0,0.0,1.0,1.0,0.0,1.0,2.0,1.0,4.0,0.0,0.0,0.0,0.0,0.0,0.0,0.0,0.0,0.0,0.0,0.0,0.0,0.0,0.0,0.0,0.0,0.0,0.0,0.0,0.0,0.0,0.0,0.0,0.0,3.0,2.0,0.0,0.0,0.0,4.0,2.0,1.0,0.0,2.0,2.0,0.0,0.0,1.0,23.0,1.0,2.0,9.0,7.0,7.0,6.0,25.0
CHEMBL1915016,IC50,63.1,17.0,3.0,4.0,0.0,0.0,1.0,0.0,23.0,8.0,6.0,0.0,0.0,2.0,0.0,2.0,0.0,0.0,0.0,0.0,20.0,5.0,8.0,0.0,0.0,2.0,0.0,2.0,2.0,0.0,21.0,4.0,3.0,0.0,0.0,3.0,0.0,3.0,3.0,0.0,18.0,5.0,5.0,0.0,0.0,1.0,1.0,1.0,1.0,1.0,20.0,4.0,5.0,0.0,0.0,2.0,0.0,2.0,0.0,0.0,0.0,12.0,4.0,5.0,0.0,0.0,6.0,0.0,6.0,9.0,3.0,4.0,0.0,0.0,1.0,0.0,1.0,0.0,0.0,10.0,0.0,6.0,0.0,0.0,0.0,0.0,0.0,0.0,2.0,3.0,0.0,2.0,0.0,0.0,0.0,0.0,0.0,0.0,0.0,0.0,1.0,0.0,0.0,0.0,4.0,1.0,0.0,0.0,0.0,1.0,7.0,0.0,3.0,1.0,0.0,3.0,0.0,0.0,0.0,0.0,0.0,0.0,0.0,0.0,0.0,0.0,0.0,0.0,0.0,0.0,0.0,0.0,0.0,0.0,0.0,1.0,0.0,0.0,0.0,0.0,2.0,0.0,4.0,0.0,0.0,1.0,0.0,1.0,3.0,14.0,3.0,2.0,7.0,7.0,7.0,4.0,14.0
CHEMBL255876,IC50,50.12,16.0,5.0,5.0,0.0,3.0,4.0,0.0,20.0,8.0,6.0,0.0,3.0,2.0,0.0,5.0,2.0,3.0,3.0,3.0,17.0,7.0,8.0,0.0,6.0,2.0,0.0,8.0,0.0,0.0,15.0,10.0,6.0,0.0,3.0,2.0,0.0,5.0,3.0,0.0,22.0,6.0,3.0,0.0,0.0,0.0,0.0,3.0,4.0,4.0,20.0,9.0,7.0,0.0,3.0,2.0,0.0,5.0,0.0,0.0,0.0,16.0,8.0,2.0,0.0,3.0,4.0,0.0,7.0,14.0,4.0,5.0,0.0,3.0,2.0,0.0,5.0,0.0,0.0,13.0,1.0,4.0,0.0,6.0,1.0,0.0,7.0,2.0,0.0,9.0,2.0,5.0,0.0,3.0,0.0,3.0,0.0,2.0,2.0,1.0,2.0,1.0,0.0,0.0,5.0,0.0,0.0,1.0,3.0,0.0,11.0,0.0,6.0,2.0,0.0,6.0,0.0,0.0,0.0,0.0,0.0,0.0,0.0,0.0,0.0,0.0,0.0,0.0,0.0,2.0,0.0,0.0,4.0,1.0,0.0,3.0,3.0,0.0,1.0,0.0,3.0,0.0,5.0,0.0,3.0,0.0,0.0,1.0,2.0,11.0,2.0,0.0,10.0,11.0,11.0,10.0,15.0
CHEMBL257138,IC50,19.95,23.0,7.0,3.0,0.0,0.0,1.0,0.0,27.0,12.0,4.0,0.0,0.0,2.0,0.0,2.0,1.0,0.0,0.0,0.0,25.0,9.0,7.0,0.0,0.0,2.0,0.0,2.0,0.0,0.0,20.0,9.0,5.0,0.0,0.0,2.0,0.0,2.0,3.0,0.0,24.0,10.0,5.0,0.0,0.0,0.0,0.0,2.0,1.0,1.0,27.0,9.0,6.0,0.0,0.0,2.0,0.0,2.0,0.0,0.0,0.0,26.0,9.0,1.0,0.0,0.0,4.0,0.0,4.0,20.0,11.0,3.0,0.0,0.0,2.0,0.0,2.0,0.0,0.0,21.0,6.0,3.0,0.0,0.0,3.0,0.0,3.0,1.0,0.0,18.0,5.0,3.0,0.0,0.0,2.0,2.0,0.0,1.0,1.0,0.0,3.0,0.0,0.0,0.0,1.0,0.0,0.0,1.0,0.0,0.0,5.0,0.0,1.0,0.0,0.0,0.0,0.0,0.0,0.0,0.0,0.0,0.0,0.0,0.0,0.0,0.0,0.0,0.0,0.0,0.0,1.0,0.0,0.0,1.0,0.0,1.0,0.0,0.0,1.0,0.0,2.0,1.0,1.0,1.0,0.0,0.0,0.0,2.0,3.0,23.0,3.0,0.0,10.0,9.0,9.0,9.0,23.0
CHEMBL404297,IC50,6.31,25.0,5.0,3.0,0.0,0.0,1.0,0.0,30.0,9.0,4.0,0.0,0.0,2.0,0.0,2.0,1.0,0.0,0.0,0.0,27.0,7.0,7.0,0.0,0.0,2.0,0.0,2.0,0.0,0.0,20.0,10.0,6.0,0.0,0.0,2.0,0.0,2.0,2.0,0.0,25.0,9.0,5.0,0.0,0.0,0.0,0.0,2.0,1.0,1.0,28.0,9.0,6.0,0.0,0.0,2.0,0.0,2.0,0.0,0.0,0.0,27.0,9.0,1.0,0.0,0.0,4.0,0.0,4.0,22.0,9.0,3.0,0.0,0.0,2.0,0.0,2.0,0.0,0.0,22.0,5.0,3.0,0.0,0.0,3.0,0.0,3.0,1.0,0.0,20.0,3.0,3.0,0.0,0.0,2.0,2.0,0.0,1.0,1.0,1.0,8.0,3.0,4.0,3.0,1.0,0.0,0.0,1.0,0.0,0.0,11.0,1.0,8.0,1.0,0.0,9.0,3.0,3.0,0.0,10.0,10.0,5.0,3.0,1.0,0.0,0.0,2.0,0.0,1.0,0.0,1.0,0.0,0.0,1.0,0.0,1.0,0.0,0.0,1.0,0.0,2.0,1.0,1.0,6.0,0.0,0.0,0.0,1.0,2.0,17.0,2.0,0.0,8.0,15.0,15.0,9.0,19.0
CHEMBL254553,IC50,50.12,23.0,7.0,3.0,0.0,0.0,1.0,0.0,28.0,12.0,4.0,0.0,0.0,2.0,0.0,2.0,1.0,0.0,0.0,0.0,24.0,10.0,7.0,0.0,0.0,2.0,0.0,2.0,1.0,0.0,21.0,7.0,5.0,0.0,0.0,2.0,0.0,2.0,2.0,0.0,24.0,10.0,6.0,0.0,0.0,0.0,0.0,1.0,1.0,1.0,29.0,8.0,5.0,0.0,0.0,2.0,0.0,2.0,1.0,0.0,0.0,26.0,9.0,4.0,0.0,0.0,4.0,0.0,4.0,21.0,9.0,2.0,0.0,0.0,3.0,0.0,3.0,0.0,0.0,19.0,8.0,3.0,0.0,0.0,2.0,0.0,2.0,0.0,1.0,20.0,3.0,2.0,0.0,0.0,2.0,2.0,0.0,0.0,0.0,0.0,3.0,0.0,0.0,0.0,1.0,0.0,0.0,1.0,0.0,0.0,5.0,0.0,0.0,0.0,0.0,0.0,0.0,0.0,0.0,0.0,0.0,0.0,0.0,0.0,0.0,0.0,0.0,0.0,0.0,0.0,0.0,0.0,0.0,2.0,1.0,1.0,0.0,0.0,1.0,0.0,2.0,1.0,1.0,0.0,0.0,1.0,0.0,2.0,3.0,23.0,3.0,2.0,10.0,8.0,8.0,9.0,23.0
CHEMBL254554,IC50,25.12,23.0,7.0,3.0,0.0,0.0,1.0,0.0,27.0,13.0,4.0,0.0,0.0,2.0,0.0,2.0,1.0,0.0,0.0,0.0,25.0,8.0,7.0,0.0,0.0,2.0,0.0,2.0,1.0,0.0,20.0,9.0,5.0,0.0,0.0,2.0,0.0,2.0,2.0,0.0,24.0,10.0,5.0,0.0,0.0,0.0,0.0,2.0,1.0,1.0,29.0,7.0,6.0,0.0,0.0,2.0,0.0,2.0,0.0,0.0,0.0,26.0,9.0,4.0,0.0,0.0,4.0,0.0,4.0,20.0,11.0,2.0,0.0,0.0,3.0,0.0,3.0,0.0,0.0,20.0,7.0,3.0,0.0,0.0,2.0,0.0,2.0,0.0,1.0,19.0,4.0,2.0,0.0,0.0,2.0,2.0,0.0,0.0,0.0,0.0,3.0,0.0,0.0,0.0,1.0,0.0,0.0,1.0,0.0,0.0,5.0,0.0,0.0,0.0,0.0,0.0,0.0,0.0,0.0,0.0,0.0,0.0,0.0,0.0,0.0,0.0,0.0,0.0,0.0,0.0,0.0,0.0,0.0,2.0,1.0,1.0,0.0,0.0,1.0,0.0,2.0,1.0,1.0,0.0,0.0,1.0,0.0,2.0,3.0,23.0,3.0,2.0,10.0,8.0,8.0,9.0,23.0
CHEMBL437399,IC50,125.89,18.0,4.0,3.0,0.0,0.0,1.0,0.0,21.0,9.0,4.0,0.0,0.0,2.0,0.0,2.0,1.0,0.0,0.0,0.0,19.0,6.0,6.0,0.0,0.0,2.0,0.0,2.0,1.0,0.0,16.0,5.0,4.0,0.0,0.0,2.0,0.0,2.0,2.0,0.0,19.0,6.0,4.0,0.0,0.0,0.0,0.0,1.0,1.0,1.0,22.0,4.0,4.0,0.0,0.0,2.0,0.0,2.0,0.0,0.0,0.0,19.0,5.0,3.0,0.0,0.0,4.0,0.0,4.0,12.0,6.0,2.0,0.0,0.0,3.0,0.0,3.0,0.0,0.0,10.0,5.0,2.0,0.0,0.0,2.0,0.0,2.0,0.0,1.0,9.0,2.0,1.0,0.0,0.0,1.0,1.0,0.0,0.0,0.0,0.0,2.0,0.0,0.0,0.0,1.0,0.0,0.0,1.0,0.0,0.0,4.0,0.0,0.0,0.0,0.0,0.0,0.0,0.0,0.0,0.0,0.0,0.0,0.0,0.0,0.0,0.0,0.0,0.0,0.0,0.0,0.0,0.0,0.0,1.0,0.0,1.0,0.0,0.0,1.0,0.0,2.0,1.0,1.0,0.0,0.0,1.0,0.0,1.0,2.0,17.0,2.0,2.0,7.0,6.0,6.0,6.0,17.0
CHEMBL257134,IC50,3.981,14.0,5.0,2.0,2.0,0.0,1.0,0.0,21.0,5.0,2.0,1.0,0.0,0.0,2.0,2.0,0.0,0.0,0.0,0.0,17.0,7.0,2.0,3.0,0.0,0.0,2.0,2.0,2.0,0.0,18.0,6.0,2.0,3.0,0.0,0.0,1.0,1.0,0.0,0.0,17.0,5.0,0.0,3.0,0.0,0.0,3.0,2.0,0.0,0.0,16.0,2.0,4.0,2.0,0.0,0.0,1.0,1.0,0.0,0.0,0.0,9.0,2.0,6.0,2.0,0.0,0.0,3.0,3.0,6.0,0.0,6.0,0.0,0.0,0.0,3.0,3.0,0.0,0.0,2.0,0.0,4.0,0.0,0.0,0.0,0.0,0.0,0.0,2.0,0.0,0.0,4.0,0.0,0.0,0.0,0.0,0.0,0.0,0.0,1.0,1.0,1.0,0.0,0.0,2.0,0.0,0.0,1.0,0.0,0.0,5.0,0.0,3.0,1.0,0.0,3.0,0.0,0.0,0.0,0.0,0.0,0.0,0.0,0.0,0.0,0.0,0.0,0.0,0.0,0.0,0.0,0.0,0.0,0.0,0.0,1.0,0.0,0.0,0.0,0.0,2.0,0.0,2.0,1.0,0.0,0.0,0.0,1.0,3.0,14.0,3.0,2.0,9.0,4.0,4.0,3.0,14.0
CHEMBL404176,IC50,125.89,12.0,5.0,2.0,2.0,0.0,1.0,0.0,18.0,5.0,2.0,1.0,0.0,2.0,0.0,2.0,0.0,0.0,0.0,0.0,15.0,7.0,2.0,3.0,0.0,2.0,0.0,2.0,2.0,0.0,14.0,6.0,2.0,3.0,0.0,1.0,0.0,1.0,0.0,0.0,13.0,3.0,0.0,3.0,0.0,3.0,3.0,2.0,0.0,0.0,10.0,2.0,4.0,2.0,0.0,1.0,0.0,1.0,0.0,0.0,0.0,7.0,0.0,6.0,0.0,0.0,3.0,0.0,3.0,2.0,0.0,6.0,0.0,0.0,1.0,0.0,1.0,0.0,0.0,0.0,0.0,4.0,0.0,0.0,0.0,0.0,0.0,0.0,2.0,0.0,0.0,0.0,0.0,0.0,0.0,0.0,0.0,0.0,0.0,0.0,1.0,0.0,0.0,0.0,1.0,0.0,0.0,1.0,0.0,0.0,3.0,0.0,1.0,0.0,0.0,0.0,0.0,0.0,0.0,0.0,0.0,0.0,0.0,0.0,0.0,0.0,0.0,0.0,0.0,0.0,0.0,0.0,0.0,0.0,0.0,1.0,0.0,0.0,0.0,0.0,2.0,0.0,1.0,1.0,0.0,0.0,0.0,1.0,3.0,14.0,3.0,2.0,9.0,2.0,2.0,2.0,13.0
CHEMBL3895324,IC50,782.0,22.0,0.0,5.0,0.0,0.0,0.0,0.0,27.0,0.0,8.0,0.0,0.0,0.0,0.0,0.0,0.0,0.0,0.0,0.0,24.0,0.0,14.0,0.0,0.0,0.0,0.0,0.0,0.0,0.0,23.0,0.0,8.0,0.0,0.0,0.0,0.0,0.0,0.0,1.0,22.0,0.0,9.0,0.0,0.0,0.0,0.0,0.0,0.0,0.0,21.0,0.0,10.0,0.0,0.0,0.0,0.0,0.0,0.0,0.0,0.0,20.0,0.0,9.0,0.0,0.0,0.0,0.0,0.0,19.0,0.0,7.0,0.0,0.0,0.0,0.0,0.0,0.0,0.0,17.0,0.0,9.0,0.0,0.0,0.0,0.0,0.0,0.0,0.0,13.0,0.0,10.0,0.0,0.0,0.0,0.0,2.0,0.0,0.0,4.0,8.0,2.0,5.0,3.0,3.0,3.0,0.0,0.0,0.0,3.0,22.0,6.0,20.0,6.0,4.0,23.0,13.0,9.0,0.0,22.0,20.0,14.0,5.0,1.0,5.0,5.0,0.0,5.0,0.0,7.0,0.0,0.0,5.0,0.0,0.0,3.0,0.0,0.0,0.0,0.0,5.0,0.0,3.0,8.0,0.0,0.0,0.0,0.0,0.0,0.0,0.0,0.0,5.0,22.0,22.0,12.0,11.0
CHEMBL3092150,IC50,150.0,19.0,5.0,2.0,2.0,3.0,3.0,0.0,25.0,9.0,2.0,1.0,3.0,0.0,0.0,3.0,0.0,3.0,3.0,3.0,22.0,11.0,2.0,2.0,6.0,0.0,0.0,6.0,2.0,0.0,21.0,14.0,2.0,3.0,6.0,0.0,0.0,6.0,0.0,0.0,25.0,11.0,0.0,4.0,15.0,0.0,15.0,2.0,0.0,0.0,26.0,6.0,2.0,4.0,12.0,0.0,0.0,12.0,2.0,0.0,0.0,23.0,3.0,6.0,3.0,12.0,0.0,0.0,12.0,18.0,1.0,8.0,1.0,3.0,0.0,0.0,3.0,0.0,0.0,9.0,0.0,8.0,0.0,0.0,0.0,0.0,0.0,0.0,6.0,2.0,0.0,6.0,0.0,0.0,0.0,0.0,0.0,0.0,0.0,0.0,0.0,0.0,0.0,0.0,0.0,1.0,0.0,0.0,3.0,1.0,2.0,0.0,0.0,0.0,0.0,0.0,0.0,0.0,0.0,0.0,0.0,0.0,0.0,0.0,0.0,0.0,0.0,0.0,0.0,0.0,0.0,0.0,0.0,0.0,0.0,1.0,3.0,0.0,0.0,0.0,2.0,0.0,0.0,0.0,3.0,0.0,0.0,2.0,4.0,22.0,4.0,2.0,9.0,1.0,1.0,2.0,21.0
CHEMBL3092155,IC50,60.0,18.0,5.0,3.0,2.0,0.0,0.0,0.0,23.0,9.0,4.0,1.0,0.0,0.0,0.0,0.0,0.0,0.0,0.0,0.0,20.0,9.0,4.0,2.0,0.0,0.0,0.0,0.0,4.0,0.0,16.0,14.0,7.0,3.0,0.0,0.0,0.0,0.0,0.0,0.0,21.0,10.0,4.0,3.0,0.0,0.0,0.0,3.0,0.0,0.0,22.0,6.0,6.0,4.0,0.0,0.0,0.0,0.0,2.0,0.0,0.0,22.0,3.0,7.0,3.0,0.0,0.0,0.0,0.0,18.0,1.0,6.0,1.0,0.0,0.0,0.0,0.0,0.0,0.0,9.0,0.0,8.0,0.0,0.0,0.0,0.0,0.0,0.0,0.0,2.0,0.0,6.0,0.0,0.0,0.0,0.0,0.0,0.0,0.0,0.0,0.0,0.0,0.0,0.0,0.0,2.0,0.0,0.0,0.0,2.0,1.0,0.0,0.0,0.0,0.0,0.0,0.0,0.0,0.0,0.0,0.0,0.0,0.0,0.0,0.0,0.0,0.0,0.0,0.0,0.0,0.0,0.0,0.0,0.0,0.0,1.0,0.0,0.0,0.0,0.0,3.0,0.0,0.0,0.0,0.0,0.0,0.0,2.0,4.0,22.0,4.0,2.0,10.0,2.0,2.0,1.0,20.0
CHEMBL3092153,IC50,20.0,18.0,5.0,2.0,2.0,0.0,1.0,0.0,23.0,9.0,2.0,1.0,0.0,0.0,2.0,2.0,0.0,0.0,0.0,0.0,20.0,9.0,2.0,2.0,0.0,0.0,2.0,2.0,2.0,0.0,16.0,14.0,2.0,3.0,0.0,0.0,5.0,5.0,0.0,0.0,21.0,10.0,0.0,3.0,0.0,0.0,4.0,2.0,1.0,0.0,22.0,6.0,2.0,4.0,0.0,0.0,4.0,4.0,2.0,0.0,0.0,22.0,3.0,6.0,3.0,0.0,0.0,1.0,1.0,18.0,1.0,6.0,1.0,0.0,0.0,0.0,0.0,0.0,2.0,9.0,0.0,8.0,0.0,0.0,0.0,0.0,0.0,0.0,0.0,2.0,0.0,6.0,0.0,0.0,0.0,0.0,0.0,0.0,0.0,0.0,0.0,0.0,0.0,0.0,0.0,1.0,0.0,0.0,0.0,1.0,1.0,0.0,0.0,0.0,0.0,0.0,0.0,0.0,0.0,0.0,0.0,0.0,0.0,0.0,0.0,0.0,0.0,0.0,0.0,0.0,0.0,0.0,0.0,0.0,0.0,1.0,0.0,0.0,0.0,0.0,2.0,0.0,0.0,0.0,0.0,0.0,0.0,2.0,4.0,22.0,4.0,2.0,9.0,1.0,1.0,1.0,20.0
CHEMBL3928703,IC50,638.0,26.0,0.0,6.0,0.0,0.0,0.0,0.0,34.0,0.0,8.0,0.0,0.0,0.0,0.0,0.0,0.0,0.0,0.0,0.0,30.0,0.0,15.0,0.0,0.0,0.0,0.0,0.0,0.0,0.0,27.0,0.0,8.0,0.0,0.0,0.0,0.0,0.0,0.0,1.0,26.0,0.0,10.0,0.0,0.0,0.0,0.0,0.0,0.0,0.0,25.0,0.0,11.0,0.0,0.0,0.0,0.0,0.0,0.0,0.0,0.0,24.0,0.0,10.0,0.0,0.0,0.0,0.0,0.0,24.0,0.0,7.0,0.0,0.0,0.0,0.0,0.0,0.0,0.0,24.0,0.0,10.0,0.0,0.0,0.0,0.0,0.0,0.0,0.0,23.0,0.0,12.0,0.0,0.0,0.0,0.0,2.0,0.0,0.0,4.0,6.0,2.0,3.0,1.0,3.0,2.0,0.0,0.0,0.0,2.0,20.0,6.0,17.0,6.0,4.0,20.0,13.0,9.0,1.0,19.0,17.0,12.0,4.0,1.0,4.0,4.0,0.0,4.0,0.0,7.0,0.0,0.0,5.0,0.0,0.0,4.0,0.0,0.0,0.0,0.0,5.0,0.0,2.0,6.0,0.0,0.0,0.0,0.0,0.0,6.0,0.0,0.0,6.0,20.0,20.0,12.0,17.0
