Molecule ChEMBL ID,Standard Type,Standard Value,APC2D1_C_C,APC2D1_C_N,APC2D1_C_O,APC2D1_C_S,APC2D1_C_F,APC2D1_C_Cl,APC2D1_C_X,APC2D1_N_N,APC2D2_C_C,APC2D2_C_N,APC2D2_C_O,APC2D2_C_S,APC2D2_C_F,APC2D2_C_Cl,APC2D2_C_X,APC2D2_N_N,APC2D2_N_O,APC2D2_O_F,APC2D2_O_X,APC2D2_F_F,APC2D2_F_X,APC2D2_X_X,APC2D3_C_C,APC2D3_C_N,APC2D3_C_O,APC2D3_C_S,APC2D3_C_F,APC2D3_C_Cl,APC2D3_C_X,APC2D3_N_N,APC2D3_N_O,APC2D4_C_C,APC2D4_C_N,APC2D4_C_O,APC2D4_C_S,APC2D4_C_F,APC2D4_C_Cl,APC2D4_C_X,APC2D4_N_O,APC2D4_N_F,APC2D4_N_X,APC2D4_O_O,APC2D5_C_C,APC2D5_C_N,APC2D5_C_O,APC2D5_C_S,APC2D5_C_F,APC2D5_C_Cl,APC2D5_C_X,APC2D5_N_N,APC2D5_N_O,APC2D5_N_F,APC2D5_N_Cl,APC2D5_N_X,APC2D5_O_O,APC2D6_C_C,APC2D6_C_N,APC2D6_C_O,APC2D6_C_S,APC2D6_C_F,APC2D6_C_Cl,APC2D6_C_X,APC2D6_N_N,APC2D6_N_O,APC2D6_N_F,APC2D6_N_Cl,APC2D6_N_X,APC2D6_O_O,APC2D6_O_X,APC2D6_F_F,APC2D6_F_X,APC2D6_X_X,APC2D7_C_C,APC2D7_C_N,APC2D7_C_O,APC2D7_C_S,APC2D7_C_F,APC2D7_C_Cl,APC2D7_C_X,APC2D7_N_N,APC2D7_N_O,APC2D7_N_F,APC2D7_N_X,APC2D7_O_O,APC2D8_C_C,APC2D8_C_N,APC2D8_C_O,APC2D8_C_S,APC2D8_C_F,APC2D8_C_Cl,APC2D8_C_X,APC2D8_N_N,APC2D8_N_O,APC2D8_N_F,APC2D8_N_X,APC2D8_O_O,APC2D9_C_C,APC2D9_C_N,APC2D9_C_O,APC2D9_C_S,APC2D9_C_F,APC2D9_C_Cl,APC2D9_C_X,APC2D9_N_N,APC2D9_N_O,APC2D9_N_F,APC2D9_N_X,APC2D9_O_O,APC2D9_O_F,APC2D9_O_X,APC2D10_C_C,APC2D10_C_N,APC2D10_C_O,APC2D10_C_S,APC2D10_C_F,APC2D10_C_Cl,APC2D10_C_X,APC2D10_N_N,APC2D10_N_O,APC2D10_N_F,APC2D10_N_X,APC2D10_O_O,APC2D10_O_F,APC2D10_O_X,KRFPC1,KRFPC14,KRFPC16,KRFPC20,KRFPC297,KRFPC298,KRFPC302,KRFPC303,KRFPC314,KRFPC341,KRFPC344,KRFPC467,KRFPC504,KRFPC669,KRFPC677,KRFPC678,KRFPC839,KRFPC840,KRFPC1146,KRFPC1148,KRFPC1154,KRFPC1193,KRFPC1405,KRFPC1642,KRFPC1645,KRFPC2259,KRFPC2260,KRFPC2547,KRFPC2949,KRFPC2975,KRFPC3025,KRFPC3224,KRFPC3295,KRFPC3302,KRFPC3369,KRFPC3382,KRFPC3402,KRFPC3404,KRFPC3418,KRFPC3455,KRFPC3640,KRFPC3647,KRFPC3648,KRFPC3649,KRFPC3657,KRFPC3659,KRFPC3660,KRFPC3661,KRFPC3662,KRFPC3671,KRFPC3682,KRFPC3692,KRFPC3693,KRFPC3701,KRFPC3704,KRFPC3706,KRFPC3707,KRFPC3709,KRFPC3712,KRFPC3717,KRFPC3719,KRFPC3722,KRFPC3726,KRFPC3729,KRFPC3733,KRFPC3735,KRFPC3740,KRFPC3741,KRFPC3742,KRFPC3744,KRFPC3750,KRFPC3751,KRFPC3752,KRFPC3773,KRFPC3775,KRFPC3777,KRFPC3781,KRFPC3782,KRFPC3783,KRFPC3785,KRFPC3786,KRFPC3788,KRFPC3821,KRFPC3869,KRFPC3882,KRFPC3926,KRFPC3928,KRFPC3937,KRFPC3942,KRFPC3943,KRFPC3945,KRFPC3948,KRFPC3956,KRFPC4000,KRFPC4032,KRFPC4080,KRFPC4237,KRFPC4281,KRFPC4286,KRFPC4293,KRFPC4294,KRFPC4295,KRFPC4331,KRFPC4521,KRFPC4531,KRFPC4692,KRFPC4826,SubFPC1,SubFPC2,SubFPC3,SubFPC9,SubFPC12,SubFPC62,SubFPC63,SubFPC88,SubFPC99,SubFPC100,SubFPC127,SubFPC137,SubFPC171,SubFPC181,SubFPC184,SubFPC274,SubFPC275,SubFPC287,SubFPC295,SubFPC300,SubFPC301,SubFPC302,SubFPC307
CHEMBL62892,Ki,11.0,36.0,4.0,4.0,0.0,0.0,0.0,0.0,0.0,49.0,5.0,4.0,0.0,0.0,0.0,0.0,0.0,2.0,0.0,0.0,0.0,0.0,0.0,47.0,7.0,8.0,0.0,0.0,0.0,0.0,0.0,0.0,42.0,6.0,8.0,0.0,0.0,0.0,0.0,2.0,0.0,0.0,0.0,41.0,6.0,10.0,0.0,0.0,0.0,0.0,0.0,0.0,0.0,0.0,0.0,0.0,42.0,6.0,7.0,0.0,0.0,0.0,0.0,0.0,0.0,0.0,0.0,0.0,2.0,0.0,0.0,0.0,0.0,44.0,5.0,8.0,0.0,0.0,0.0,0.0,0.0,0.0,0.0,0.0,0.0,39.0,7.0,12.0,0.0,0.0,0.0,0.0,0.0,0.0,0.0,0.0,0.0,43.0,2.0,6.0,0.0,0.0,0.0,0.0,1.0,2.0,0.0,0.0,1.0,0.0,0.0,43.0,4.0,7.0,0.0,0.0,0.0,0.0,0.0,0.0,0.0,0.0,0.0,0.0,0.0,1.0,0.0,0.0,1.0,3.0,1.0,1.0,1.0,0.0,1.0,0.0,1.0,1.0,3.0,2.0,0.0,2.0,1.0,0.0,1.0,1.0,3.0,0.0,3.0,0.0,0.0,0.0,0.0,1.0,11.0,3.0,7.0,1.0,0.0,1.0,4.0,0.0,0.0,0.0,2.0,5.0,1.0,0.0,0.0,0.0,0.0,0.0,0.0,0.0,2.0,6.0,0.0,0.0,0.0,1.0,0.0,0.0,0.0,0.0,0.0,0.0,0.0,0.0,0.0,0.0,0.0,2.0,0.0,1.0,1.0,2.0,0.0,0.0,1.0,0.0,0.0,1.0,0.0,0.0,0.0,0.0,1.0,0.0,0.0,3.0,1.0,0.0,0.0,1.0,1.0,0.0,0.0,1.0,0.0,0.0,2.0,2.0,0.0,0.0,1.0,0.0,0.0,4.0,1.0,0.0,0.0,0.0,3.0,2.0,1.0,0.0,0.0,0.0,0.0,3.0,0.0,2.0,0.0,2.0,0.0,0.0,0.0,24.0,0.0,2.0,8.0,14.0,14.0,12.0,31.0
CHEMBL3680836,Ki,20.0,31.0,6.0,3.0,0.0,1.0,0.0,1.0,0.0,41.0,8.0,3.0,0.0,2.0,0.0,2.0,0.0,1.0,0.0,0.0,0.0,0.0,0.0,42.0,8.0,4.0,0.0,2.0,0.0,2.0,1.0,1.0,37.0,9.0,3.0,0.0,1.0,0.0,1.0,2.0,0.0,0.0,0.0,37.0,9.0,4.0,0.0,1.0,0.0,1.0,0.0,0.0,0.0,0.0,0.0,0.0,36.0,8.0,3.0,0.0,2.0,0.0,2.0,1.0,0.0,0.0,0.0,0.0,2.0,0.0,0.0,0.0,0.0,31.0,10.0,4.0,0.0,2.0,0.0,2.0,0.0,2.0,0.0,0.0,0.0,30.0,7.0,7.0,0.0,1.0,0.0,1.0,0.0,0.0,0.0,0.0,0.0,32.0,4.0,4.0,0.0,0.0,0.0,0.0,1.0,1.0,1.0,1.0,0.0,0.0,0.0,31.0,5.0,5.0,0.0,1.0,0.0,1.0,0.0,0.0,0.0,0.0,0.0,0.0,0.0,1.0,1.0,0.0,0.0,3.0,0.0,0.0,0.0,0.0,1.0,0.0,2.0,1.0,2.0,2.0,0.0,1.0,0.0,0.0,1.0,0.0,2.0,0.0,2.0,1.0,0.0,1.0,0.0,1.0,8.0,2.0,4.0,0.0,0.0,0.0,1.0,0.0,0.0,0.0,1.0,2.0,0.0,0.0,0.0,0.0,0.0,0.0,0.0,0.0,1.0,2.0,0.0,0.0,0.0,0.0,0.0,0.0,0.0,0.0,0.0,0.0,0.0,0.0,0.0,0.0,0.0,1.0,0.0,1.0,1.0,1.0,0.0,0.0,1.0,0.0,0.0,1.0,0.0,0.0,0.0,0.0,1.0,0.0,0.0,3.0,1.0,0.0,0.0,1.0,1.0,0.0,0.0,1.0,0.0,1.0,2.0,1.0,0.0,0.0,1.0,0.0,0.0,3.0,0.0,0.0,0.0,0.0,2.0,1.0,1.0,0.0,0.0,0.0,0.0,2.0,0.0,1.0,0.0,1.0,0.0,1.0,1.0,24.0,1.0,2.0,9.0,11.0,11.0,9.0,28.0
CHEMBL62704,Ki,80.0,31.0,4.0,4.0,0.0,0.0,0.0,0.0,0.0,42.0,5.0,4.0,0.0,0.0,0.0,0.0,0.0,2.0,0.0,0.0,0.0,0.0,0.0,40.0,7.0,8.0,0.0,0.0,0.0,0.0,0.0,0.0,35.0,7.0,8.0,0.0,0.0,0.0,0.0,2.0,0.0,0.0,0.0,35.0,6.0,10.0,0.0,0.0,0.0,0.0,0.0,0.0,0.0,0.0,0.0,0.0,39.0,4.0,8.0,0.0,0.0,0.0,0.0,0.0,0.0,0.0,0.0,0.0,2.0,0.0,0.0,0.0,0.0,43.0,3.0,8.0,0.0,0.0,0.0,0.0,0.0,0.0,0.0,0.0,0.0,38.0,6.0,10.0,0.0,0.0,0.0,0.0,0.0,0.0,0.0,0.0,0.0,40.0,2.0,4.0,0.0,0.0,0.0,0.0,1.0,2.0,0.0,0.0,1.0,0.0,0.0,35.0,4.0,6.0,0.0,0.0,0.0,0.0,0.0,0.0,0.0,0.0,0.0,0.0,0.0,1.0,0.0,0.0,1.0,4.0,1.0,1.0,1.0,0.0,1.0,0.0,1.0,1.0,4.0,2.0,0.0,2.0,1.0,0.0,1.0,1.0,3.0,0.0,2.0,0.0,0.0,0.0,0.0,1.0,13.0,3.0,8.0,1.0,0.0,1.0,4.0,0.0,0.0,0.0,2.0,5.0,1.0,0.0,0.0,0.0,0.0,0.0,0.0,0.0,2.0,7.0,0.0,0.0,0.0,1.0,0.0,0.0,0.0,0.0,0.0,0.0,0.0,0.0,0.0,0.0,0.0,2.0,0.0,1.0,1.0,2.0,0.0,0.0,1.0,0.0,0.0,1.0,0.0,0.0,0.0,0.0,1.0,0.0,0.0,3.0,1.0,0.0,0.0,1.0,1.0,0.0,0.0,1.0,0.0,0.0,2.0,2.0,0.0,0.0,1.0,0.0,0.0,4.0,1.0,0.0,0.0,0.0,4.0,3.0,1.0,0.0,0.0,0.0,0.0,3.0,0.0,2.0,0.0,2.0,0.0,0.0,0.0,18.0,0.0,2.0,8.0,16.0,16.0,13.0,25.0
CHEMBL2381839,Ki,1900.0,22.0,5.0,5.0,0.0,0.0,0.0,0.0,1.0,26.0,9.0,7.0,0.0,0.0,0.0,0.0,0.0,1.0,0.0,0.0,0.0,0.0,0.0,24.0,9.0,10.0,0.0,0.0,0.0,0.0,0.0,0.0,27.0,5.0,7.0,0.0,0.0,0.0,0.0,2.0,0.0,0.0,0.0,32.0,2.0,5.0,0.0,0.0,0.0,0.0,0.0,1.0,0.0,0.0,0.0,0.0,28.0,2.0,5.0,0.0,0.0,0.0,0.0,0.0,1.0,0.0,0.0,0.0,2.0,0.0,0.0,0.0,0.0,20.0,4.0,7.0,0.0,0.0,0.0,0.0,0.0,1.0,0.0,0.0,1.0,15.0,7.0,8.0,0.0,0.0,0.0,0.0,0.0,0.0,0.0,0.0,0.0,15.0,9.0,6.0,0.0,0.0,0.0,0.0,0.0,0.0,0.0,0.0,0.0,0.0,0.0,18.0,6.0,5.0,0.0,0.0,0.0,0.0,0.0,0.0,0.0,0.0,0.0,0.0,0.0,1.0,0.0,0.0,0.0,4.0,1.0,0.0,0.0,0.0,2.0,0.0,1.0,1.0,2.0,1.0,0.0,1.0,0.0,0.0,1.0,0.0,2.0,0.0,2.0,0.0,0.0,0.0,1.0,1.0,9.0,2.0,5.0,0.0,0.0,0.0,0.0,0.0,0.0,0.0,1.0,3.0,0.0,0.0,0.0,0.0,0.0,0.0,0.0,0.0,1.0,1.0,1.0,0.0,0.0,1.0,0.0,0.0,0.0,0.0,0.0,0.0,0.0,0.0,0.0,0.0,0.0,1.0,0.0,1.0,2.0,1.0,0.0,0.0,1.0,0.0,0.0,1.0,0.0,0.0,0.0,0.0,2.0,0.0,0.0,2.0,1.0,0.0,0.0,1.0,0.0,0.0,0.0,2.0,1.0,0.0,1.0,1.0,0.0,0.0,1.0,0.0,0.0,4.0,0.0,0.0,0.0,0.0,2.0,3.0,0.0,0.0,0.0,0.0,0.0,2.0,0.0,1.0,0.0,2.0,0.0,1.0,2.0,17.0,2.0,2.0,10.0,11.0,11.0,10.0,20.0
CHEMBL2381822,Ki,170.0,20.0,9.0,3.0,0.0,3.0,0.0,3.0,1.0,24.0,14.0,3.0,0.0,3.0,0.0,3.0,1.0,1.0,0.0,0.0,3.0,3.0,3.0,22.0,14.0,5.0,0.0,6.0,0.0,6.0,2.0,0.0,24.0,12.0,3.0,0.0,0.0,0.0,0.0,2.0,6.0,6.0,0.0,29.0,6.0,4.0,0.0,3.0,0.0,3.0,1.0,0.0,0.0,0.0,0.0,0.0,25.0,7.0,3.0,0.0,3.0,0.0,3.0,1.0,0.0,3.0,0.0,3.0,2.0,0.0,0.0,0.0,0.0,17.0,9.0,5.0,0.0,6.0,0.0,6.0,1.0,1.0,0.0,0.0,0.0,14.0,10.0,6.0,0.0,3.0,0.0,3.0,0.0,0.0,0.0,0.0,0.0,14.0,11.0,5.0,0.0,0.0,0.0,0.0,0.0,0.0,3.0,3.0,0.0,0.0,0.0,18.0,6.0,3.0,0.0,3.0,0.0,3.0,1.0,1.0,0.0,0.0,0.0,0.0,0.0,1.0,0.0,0.0,0.0,4.0,1.0,0.0,0.0,0.0,2.0,0.0,1.0,1.0,1.0,2.0,1.0,1.0,0.0,0.0,1.0,1.0,2.0,0.0,1.0,0.0,0.0,3.0,0.0,1.0,9.0,2.0,5.0,0.0,0.0,0.0,0.0,0.0,0.0,0.0,1.0,3.0,0.0,0.0,0.0,0.0,0.0,0.0,0.0,0.0,1.0,1.0,1.0,0.0,0.0,1.0,0.0,0.0,0.0,0.0,0.0,0.0,0.0,0.0,0.0,1.0,0.0,2.0,0.0,1.0,1.0,2.0,0.0,0.0,1.0,0.0,0.0,1.0,0.0,0.0,0.0,0.0,1.0,0.0,0.0,3.0,1.0,0.0,0.0,1.0,0.0,0.0,0.0,1.0,0.0,3.0,2.0,1.0,0.0,0.0,1.0,0.0,0.0,3.0,0.0,0.0,0.0,0.0,1.0,3.0,0.0,3.0,0.0,0.0,0.0,2.0,0.0,1.0,0.0,2.0,0.0,2.0,3.0,17.0,3.0,2.0,12.0,11.0,11.0,11.0,21.0
CHEMBL149138,Ki,95000.0,22.0,4.0,7.0,2.0,0.0,0.0,0.0,0.0,29.0,4.0,11.0,1.0,0.0,0.0,0.0,1.0,0.0,0.0,0.0,0.0,0.0,0.0,23.0,6.0,14.0,3.0,0.0,0.0,0.0,0.0,0.0,17.0,4.0,13.0,4.0,0.0,0.0,0.0,1.0,0.0,0.0,0.0,16.0,3.0,10.0,4.0,0.0,0.0,0.0,0.0,3.0,0.0,0.0,0.0,1.0,20.0,6.0,3.0,1.0,0.0,0.0,0.0,0.0,0.0,0.0,0.0,0.0,3.0,0.0,0.0,0.0,0.0,20.0,7.0,6.0,1.0,0.0,0.0,0.0,0.0,0.0,0.0,0.0,0.0,19.0,6.0,8.0,1.0,0.0,0.0,0.0,0.0,2.0,0.0,0.0,0.0,16.0,4.0,7.0,2.0,0.0,0.0,0.0,0.0,2.0,0.0,0.0,1.0,0.0,0.0,12.0,2.0,9.0,2.0,0.0,0.0,0.0,0.0,2.0,0.0,0.0,0.0,0.0,0.0,0.0,0.0,0.0,0.0,2.0,0.0,0.0,0.0,0.0,0.0,0.0,0.0,1.0,0.0,0.0,0.0,0.0,0.0,0.0,3.0,0.0,2.0,0.0,0.0,2.0,0.0,0.0,1.0,3.0,4.0,2.0,1.0,0.0,0.0,0.0,0.0,0.0,0.0,0.0,1.0,0.0,0.0,0.0,0.0,0.0,0.0,0.0,0.0,0.0,0.0,1.0,0.0,0.0,0.0,0.0,0.0,0.0,0.0,0.0,0.0,0.0,0.0,0.0,0.0,0.0,0.0,0.0,0.0,0.0,0.0,0.0,0.0,0.0,0.0,0.0,0.0,0.0,0.0,0.0,0.0,0.0,0.0,0.0,0.0,0.0,0.0,0.0,0.0,0.0,0.0,0.0,0.0,2.0,1.0,0.0,0.0,0.0,0.0,0.0,0.0,0.0,0.0,6.0,0.0,0.0,0.0,0.0,0.0,0.0,0.0,0.0,0.0,0.0,0.0,1.0,0.0,0.0,0.0,4.0,0.0,1.0,2.0,21.0,2.0,4.0,13.0,9.0,9.0,8.0,22.0
CHEMBL148905,Ki,73000.0,14.0,2.0,3.0,4.0,0.0,0.0,0.0,0.0,18.0,2.0,6.0,3.0,0.0,0.0,0.0,0.0,0.0,0.0,0.0,0.0,0.0,0.0,13.0,3.0,6.0,6.0,0.0,0.0,0.0,0.0,0.0,8.0,2.0,6.0,6.0,0.0,0.0,0.0,0.0,0.0,0.0,0.0,7.0,1.0,3.0,5.0,0.0,0.0,0.0,0.0,1.0,0.0,0.0,0.0,1.0,8.0,2.0,3.0,3.0,0.0,0.0,0.0,0.0,0.0,0.0,0.0,0.0,1.0,0.0,0.0,0.0,0.0,9.0,2.0,3.0,2.0,0.0,0.0,0.0,0.0,0.0,0.0,0.0,0.0,10.0,1.0,3.0,1.0,0.0,0.0,0.0,0.0,1.0,0.0,0.0,0.0,10.0,0.0,2.0,0.0,0.0,0.0,0.0,0.0,1.0,0.0,0.0,0.0,0.0,0.0,6.0,0.0,4.0,0.0,0.0,0.0,0.0,0.0,0.0,0.0,0.0,0.0,0.0,0.0,0.0,0.0,0.0,0.0,1.0,0.0,0.0,0.0,0.0,0.0,0.0,0.0,1.0,0.0,0.0,0.0,0.0,0.0,0.0,2.0,0.0,1.0,0.0,0.0,1.0,0.0,0.0,0.0,2.0,2.0,1.0,1.0,0.0,0.0,0.0,0.0,0.0,0.0,0.0,1.0,0.0,0.0,0.0,0.0,0.0,0.0,0.0,0.0,0.0,0.0,1.0,0.0,0.0,0.0,0.0,0.0,0.0,0.0,0.0,0.0,0.0,0.0,0.0,0.0,0.0,0.0,0.0,0.0,0.0,0.0,0.0,0.0,0.0,0.0,0.0,0.0,0.0,0.0,0.0,0.0,0.0,0.0,0.0,0.0,0.0,0.0,0.0,0.0,0.0,0.0,0.0,0.0,0.0,0.0,0.0,0.0,0.0,0.0,0.0,0.0,0.0,0.0,3.0,0.0,0.0,0.0,0.0,0.0,0.0,0.0,0.0,0.0,0.0,0.0,0.0,0.0,0.0,0.0,2.0,0.0,1.0,2.0,15.0,2.0,2.0,9.0,4.0,4.0,4.0,14.0
CHEMBL3617570,Ki,22.0,24.0,8.0,3.0,0.0,3.0,0.0,3.0,0.0,31.0,10.0,3.0,0.0,3.0,0.0,3.0,1.0,1.0,0.0,0.0,3.0,3.0,3.0,32.0,6.0,3.0,0.0,6.0,0.0,6.0,4.0,2.0,28.0,11.0,3.0,0.0,6.0,0.0,6.0,2.0,0.0,0.0,0.0,31.0,9.0,4.0,0.0,3.0,0.0,3.0,0.0,0.0,0.0,0.0,0.0,0.0,29.0,9.0,2.0,0.0,3.0,0.0,3.0,1.0,1.0,0.0,0.0,0.0,2.0,0.0,0.0,0.0,0.0,21.0,12.0,1.0,0.0,6.0,0.0,6.0,0.0,4.0,0.0,0.0,0.0,21.0,7.0,6.0,0.0,6.0,0.0,6.0,0.0,0.0,0.0,0.0,0.0,22.0,7.0,5.0,0.0,3.0,0.0,3.0,0.0,0.0,0.0,0.0,0.0,0.0,0.0,19.0,9.0,4.0,0.0,3.0,0.0,3.0,0.0,2.0,0.0,0.0,0.0,0.0,0.0,2.0,1.0,0.0,0.0,3.0,2.0,0.0,0.0,0.0,1.0,0.0,1.0,1.0,2.0,2.0,1.0,1.0,0.0,0.0,1.0,1.0,2.0,0.0,2.0,0.0,0.0,3.0,0.0,1.0,10.0,2.0,6.0,0.0,0.0,1.0,0.0,0.0,0.0,0.0,1.0,5.0,0.0,0.0,0.0,0.0,1.0,0.0,0.0,0.0,1.0,1.0,2.0,0.0,0.0,1.0,0.0,0.0,0.0,0.0,0.0,0.0,0.0,0.0,0.0,2.0,0.0,2.0,0.0,1.0,1.0,2.0,0.0,0.0,1.0,0.0,0.0,1.0,0.0,0.0,0.0,0.0,1.0,0.0,0.0,3.0,1.0,0.0,0.0,1.0,0.0,0.0,0.0,1.0,0.0,3.0,2.0,1.0,0.0,0.0,1.0,0.0,0.0,3.0,0.0,0.0,0.0,0.0,2.0,2.0,1.0,3.0,0.0,0.0,0.0,2.0,0.0,1.0,0.0,0.0,0.0,2.0,2.0,18.0,2.0,2.0,11.0,12.0,12.0,11.0,23.0
CHEMBL3675867,Ki,33.8,29.0,6.0,3.0,0.0,3.0,3.0,6.0,0.0,38.0,8.0,3.0,0.0,3.0,6.0,9.0,0.0,1.0,0.0,0.0,3.0,3.0,3.0,38.0,8.0,4.0,0.0,6.0,8.0,14.0,1.0,1.0,33.0,9.0,3.0,0.0,6.0,6.0,12.0,2.0,0.0,0.0,0.0,33.0,9.0,4.0,0.0,6.0,4.0,10.0,0.0,0.0,0.0,1.0,1.0,0.0,30.0,8.0,3.0,0.0,9.0,6.0,15.0,1.0,0.0,0.0,0.0,0.0,2.0,0.0,0.0,0.0,0.0,29.0,6.0,4.0,0.0,3.0,5.0,8.0,0.0,2.0,6.0,8.0,0.0,26.0,7.0,7.0,0.0,6.0,5.0,11.0,0.0,0.0,0.0,0.0,0.0,26.0,4.0,4.0,0.0,9.0,3.0,12.0,1.0,1.0,0.0,1.0,0.0,0.0,0.0,27.0,3.0,3.0,0.0,6.0,4.0,10.0,0.0,0.0,3.0,4.0,0.0,3.0,4.0,0.0,0.0,0.0,0.0,3.0,0.0,0.0,0.0,0.0,1.0,0.0,2.0,1.0,0.0,2.0,0.0,1.0,0.0,0.0,1.0,1.0,2.0,0.0,1.0,1.0,3.0,3.0,0.0,1.0,6.0,2.0,2.0,0.0,0.0,0.0,0.0,0.0,0.0,0.0,1.0,1.0,0.0,0.0,0.0,0.0,0.0,0.0,0.0,0.0,1.0,0.0,0.0,0.0,0.0,0.0,0.0,0.0,0.0,0.0,0.0,0.0,0.0,0.0,0.0,0.0,0.0,1.0,0.0,1.0,1.0,1.0,0.0,0.0,1.0,0.0,0.0,1.0,0.0,0.0,0.0,0.0,1.0,3.0,3.0,3.0,1.0,0.0,0.0,1.0,1.0,0.0,0.0,1.0,0.0,3.0,2.0,1.0,0.0,0.0,1.0,0.0,0.0,3.0,0.0,0.0,0.0,0.0,0.0,1.0,0.0,3.0,0.0,0.0,0.0,2.0,0.0,1.0,0.0,1.0,3.0,1.0,1.0,24.0,1.0,2.0,9.0,8.0,8.0,9.0,28.0
CHEMBL3675869,Ki,60.6,28.0,6.0,3.0,0.0,3.0,1.0,4.0,0.0,36.0,8.0,3.0,0.0,6.0,2.0,8.0,0.0,1.0,0.0,0.0,0.0,0.0,0.0,36.0,8.0,4.0,0.0,8.0,2.0,10.0,1.0,1.0,31.0,9.0,3.0,0.0,7.0,2.0,9.0,2.0,1.0,1.0,0.0,30.0,9.0,4.0,0.0,6.0,3.0,9.0,0.0,0.0,0.0,0.0,0.0,0.0,29.0,6.0,3.0,0.0,5.0,1.0,6.0,1.0,0.0,0.0,2.0,2.0,2.0,0.0,0.0,0.0,0.0,27.0,6.0,4.0,0.0,4.0,2.0,6.0,0.0,2.0,1.0,1.0,0.0,23.0,7.0,7.0,0.0,5.0,3.0,8.0,0.0,0.0,0.0,0.0,0.0,24.0,3.0,3.0,0.0,4.0,2.0,6.0,1.0,1.0,1.0,2.0,0.0,0.0,1.0,25.0,3.0,3.0,0.0,4.0,2.0,6.0,0.0,0.0,1.0,1.0,0.0,0.0,0.0,0.0,0.0,0.0,0.0,3.0,0.0,0.0,0.0,0.0,1.0,0.0,2.0,1.0,0.0,2.0,0.0,1.0,0.0,0.0,1.0,0.0,2.0,0.0,0.0,3.0,1.0,3.0,0.0,1.0,5.0,2.0,2.0,0.0,0.0,0.0,0.0,0.0,0.0,0.0,1.0,1.0,0.0,0.0,0.0,0.0,0.0,0.0,0.0,0.0,1.0,0.0,0.0,0.0,0.0,0.0,0.0,0.0,0.0,0.0,0.0,0.0,0.0,0.0,0.0,0.0,0.0,1.0,0.0,1.0,1.0,1.0,0.0,0.0,1.0,0.0,0.0,1.0,0.0,0.0,0.0,0.0,1.0,1.0,1.0,3.0,1.0,0.0,0.0,1.0,1.0,0.0,0.0,1.0,0.0,3.0,2.0,1.0,0.0,0.0,1.0,0.0,0.0,3.0,0.0,0.0,0.0,0.0,0.0,1.0,0.0,0.0,0.0,0.0,0.0,2.0,0.0,1.0,0.0,1.0,1.0,1.0,1.0,24.0,1.0,2.0,9.0,8.0,8.0,8.0,27.0
CHEMBL3675802,Ki,40.1,28.0,6.0,3.0,0.0,0.0,2.0,2.0,0.0,36.0,8.0,3.0,0.0,0.0,4.0,4.0,0.0,1.0,0.0,0.0,0.0,0.0,0.0,36.0,8.0,4.0,0.0,0.0,4.0,4.0,1.0,1.0,31.0,9.0,3.0,0.0,0.0,3.0,3.0,2.0,0.0,0.0,0.0,30.0,9.0,4.0,0.0,0.0,4.0,4.0,0.0,0.0,0.0,0.0,0.0,0.0,29.0,6.0,3.0,0.0,0.0,3.0,3.0,1.0,0.0,0.0,2.0,2.0,2.0,0.0,0.0,0.0,0.0,27.0,6.0,4.0,0.0,0.0,4.0,4.0,0.0,2.0,0.0,0.0,0.0,23.0,7.0,7.0,0.0,0.0,4.0,4.0,0.0,0.0,0.0,0.0,0.0,24.0,3.0,3.0,0.0,0.0,2.0,2.0,1.0,1.0,0.0,2.0,0.0,0.0,1.0,25.0,3.0,3.0,0.0,0.0,3.0,3.0,0.0,0.0,0.0,0.0,0.0,0.0,0.0,0.0,0.0,0.0,0.0,3.0,0.0,0.0,0.0,0.0,1.0,0.0,2.0,1.0,0.0,2.0,0.0,1.0,0.0,0.0,1.0,0.0,2.0,0.0,2.0,1.0,2.0,0.0,0.0,1.0,5.0,2.0,2.0,0.0,0.0,0.0,0.0,0.0,0.0,0.0,1.0,1.0,0.0,0.0,0.0,0.0,0.0,0.0,0.0,0.0,1.0,0.0,0.0,0.0,0.0,0.0,0.0,0.0,0.0,0.0,0.0,0.0,0.0,0.0,0.0,0.0,0.0,1.0,0.0,1.0,1.0,1.0,0.0,0.0,1.0,0.0,0.0,1.0,0.0,0.0,0.0,0.0,1.0,2.0,2.0,3.0,1.0,0.0,0.0,1.0,1.0,0.0,0.0,1.0,0.0,0.0,2.0,1.0,0.0,0.0,1.0,0.0,0.0,3.0,0.0,0.0,0.0,0.0,0.0,1.0,0.0,0.0,0.0,0.0,0.0,2.0,0.0,1.0,0.0,1.0,2.0,1.0,1.0,24.0,1.0,2.0,9.0,8.0,8.0,8.0,27.0
CHEMBL3675862,Ki,27.8,30.0,6.0,3.0,0.0,3.0,2.0,5.0,0.0,40.0,8.0,3.0,0.0,3.0,4.0,7.0,0.0,1.0,0.0,0.0,3.0,3.0,3.0,41.0,8.0,4.0,0.0,6.0,5.0,11.0,1.0,1.0,36.0,10.0,3.0,0.0,6.0,4.0,10.0,2.0,0.0,1.0,0.0,36.0,9.0,4.0,0.0,6.0,4.0,10.0,0.0,0.0,0.0,0.0,0.0,0.0,32.0,8.0,3.0,0.0,9.0,5.0,14.0,1.0,0.0,0.0,1.0,1.0,2.0,0.0,0.0,0.0,0.0,31.0,6.0,4.0,0.0,3.0,6.0,9.0,0.0,2.0,6.0,6.0,0.0,29.0,7.0,7.0,0.0,6.0,4.0,10.0,0.0,0.0,0.0,0.0,0.0,29.0,4.0,4.0,0.0,9.0,1.0,10.0,1.0,1.0,0.0,2.0,0.0,0.0,1.0,29.0,4.0,3.0,0.0,6.0,4.0,10.0,0.0,0.0,3.0,3.0,0.0,3.0,3.0,0.0,0.0,0.0,0.0,3.0,0.0,0.0,0.0,0.0,1.0,0.0,2.0,1.0,1.0,2.0,0.0,1.0,0.0,0.0,1.0,1.0,2.0,0.0,1.0,1.0,2.0,3.0,0.0,1.0,7.0,2.0,2.0,0.0,0.0,0.0,0.0,0.0,0.0,0.0,1.0,1.0,0.0,0.0,0.0,0.0,0.0,0.0,0.0,0.0,1.0,0.0,0.0,0.0,0.0,0.0,0.0,0.0,0.0,0.0,0.0,0.0,0.0,0.0,0.0,0.0,0.0,1.0,0.0,1.0,1.0,1.0,0.0,0.0,1.0,0.0,0.0,1.0,0.0,0.0,0.0,0.0,1.0,2.0,2.0,3.0,1.0,0.0,0.0,1.0,1.0,0.0,0.0,1.0,0.0,3.0,2.0,1.0,0.0,0.0,1.0,0.0,0.0,3.0,0.0,0.0,0.0,0.0,1.0,1.0,0.0,3.0,0.0,0.0,0.0,2.0,0.0,1.0,0.0,1.0,2.0,1.0,1.0,24.0,1.0,2.0,9.0,9.0,9.0,9.0,28.0
CHEMBL3675878,Ki,21.3,29.0,6.0,3.0,0.0,6.0,1.0,7.0,0.0,38.0,8.0,3.0,0.0,9.0,2.0,11.0,0.0,1.0,0.0,0.0,3.0,3.0,3.0,38.0,8.0,4.0,0.0,13.0,3.0,16.0,1.0,1.0,33.0,9.0,3.0,0.0,11.0,3.0,14.0,2.0,0.0,1.0,0.0,32.0,9.0,4.0,0.0,11.0,3.0,14.0,0.0,0.0,1.0,0.0,1.0,0.0,31.0,6.0,3.0,0.0,12.0,3.0,15.0,1.0,0.0,2.0,0.0,2.0,2.0,0.0,0.0,0.0,0.0,28.0,6.0,4.0,0.0,13.0,2.0,15.0,0.0,2.0,1.0,1.0,0.0,23.0,8.0,7.0,0.0,10.0,3.0,13.0,0.0,0.0,0.0,0.0,0.0,25.0,3.0,3.0,0.0,4.0,3.0,7.0,1.0,1.0,5.0,5.0,0.0,1.0,1.0,26.0,3.0,3.0,0.0,7.0,1.0,8.0,0.0,0.0,1.0,2.0,0.0,1.0,1.0,0.0,0.0,0.0,0.0,3.0,0.0,0.0,0.0,0.0,1.0,0.0,2.0,1.0,0.0,2.0,0.0,1.0,0.0,0.0,1.0,1.0,2.0,0.0,0.0,2.0,1.0,6.0,0.0,1.0,6.0,2.0,2.0,0.0,0.0,0.0,0.0,0.0,0.0,0.0,1.0,1.0,0.0,0.0,0.0,0.0,0.0,0.0,0.0,0.0,1.0,0.0,0.0,0.0,0.0,0.0,0.0,0.0,0.0,0.0,0.0,0.0,0.0,0.0,0.0,0.0,0.0,1.0,0.0,1.0,1.0,1.0,0.0,0.0,1.0,0.0,0.0,1.0,0.0,0.0,0.0,0.0,1.0,1.0,1.0,3.0,1.0,0.0,0.0,1.0,1.0,0.0,0.0,1.0,0.0,6.0,2.0,1.0,0.0,0.0,1.0,0.0,0.0,3.0,0.0,0.0,0.0,0.0,0.0,1.0,0.0,3.0,0.0,0.0,0.0,2.0,0.0,1.0,0.0,1.0,1.0,1.0,1.0,24.0,1.0,2.0,9.0,8.0,8.0,9.0,28.0
CHEMBL3675887,Ki,69.6,29.0,7.0,3.0,0.0,3.0,1.0,4.0,0.0,38.0,9.0,3.0,0.0,6.0,2.0,8.0,0.0,1.0,0.0,0.0,0.0,0.0,0.0,39.0,10.0,4.0,0.0,7.0,2.0,9.0,1.0,1.0,34.0,13.0,3.0,0.0,7.0,1.0,8.0,2.0,0.0,0.0,0.0,33.0,12.0,4.0,0.0,7.0,1.0,8.0,1.0,0.0,1.0,0.0,1.0,0.0,31.0,9.0,3.0,0.0,5.0,2.0,7.0,1.0,0.0,3.0,0.0,3.0,2.0,0.0,0.0,0.0,0.0,29.0,8.0,4.0,0.0,5.0,3.0,8.0,0.0,2.0,2.0,2.0,0.0,26.0,9.0,7.0,0.0,7.0,1.0,8.0,0.0,0.0,0.0,1.0,0.0,27.0,6.0,3.0,0.0,6.0,0.0,6.0,1.0,1.0,1.0,2.0,0.0,1.0,1.0,26.0,7.0,3.0,0.0,6.0,1.0,7.0,0.0,0.0,2.0,2.0,0.0,1.0,1.0,0.0,0.0,0.0,0.0,3.0,0.0,0.0,0.0,0.0,1.0,0.0,2.0,1.0,0.0,2.0,0.0,1.0,0.0,0.0,1.0,0.0,2.0,0.0,0.0,2.0,1.0,3.0,0.0,1.0,6.0,2.0,2.0,0.0,0.0,0.0,0.0,0.0,0.0,0.0,1.0,1.0,0.0,0.0,0.0,0.0,0.0,0.0,0.0,0.0,1.0,0.0,0.0,0.0,0.0,0.0,0.0,0.0,0.0,0.0,0.0,0.0,0.0,0.0,0.0,0.0,0.0,1.0,0.0,1.0,1.0,1.0,0.0,0.0,1.0,0.0,0.0,1.0,0.0,0.0,0.0,0.0,1.0,1.0,1.0,3.0,1.0,0.0,0.0,1.0,1.0,0.0,0.0,1.0,0.0,3.0,3.0,1.0,0.0,0.0,1.0,0.0,0.0,3.0,0.0,0.0,0.0,0.0,0.0,1.0,0.0,0.0,0.0,0.0,0.0,2.0,0.0,1.0,0.0,1.0,1.0,1.0,1.0,24.0,1.0,2.0,10.0,8.0,8.0,8.0,27.0
CHEMBL3675889,Ki,58.3,30.0,7.0,3.0,0.0,5.0,1.0,6.0,0.0,40.0,9.0,3.0,0.0,7.0,2.0,9.0,0.0,1.0,0.0,0.0,3.0,3.0,3.0,41.0,10.0,4.0,0.0,10.0,3.0,13.0,1.0,1.0,36.0,13.0,3.0,0.0,10.0,1.0,11.0,2.0,0.0,0.0,0.0,35.0,12.0,4.0,0.0,10.0,1.0,11.0,1.0,0.0,1.0,0.0,1.0,0.0,34.0,9.0,3.0,0.0,10.0,2.0,12.0,1.0,0.0,2.0,0.0,2.0,2.0,0.0,0.0,0.0,0.0,30.0,9.0,4.0,0.0,14.0,3.0,17.0,0.0,2.0,1.0,1.0,0.0,26.0,10.0,7.0,0.0,9.0,1.0,10.0,0.0,0.0,3.0,4.0,0.0,28.0,6.0,3.0,0.0,5.0,0.0,5.0,1.0,1.0,4.0,5.0,0.0,1.0,1.0,27.0,7.0,3.0,0.0,7.0,1.0,8.0,0.0,0.0,2.0,2.0,0.0,1.0,1.0,0.0,0.0,0.0,0.0,3.0,0.0,0.0,0.0,0.0,1.0,0.0,2.0,1.0,0.0,2.0,0.0,1.0,0.0,0.0,1.0,1.0,2.0,0.0,0.0,2.0,1.0,5.0,0.0,1.0,7.0,2.0,2.0,0.0,0.0,0.0,0.0,0.0,0.0,0.0,1.0,1.0,0.0,0.0,0.0,0.0,0.0,0.0,0.0,0.0,1.0,0.0,0.0,0.0,0.0,0.0,0.0,0.0,0.0,0.0,0.0,0.0,0.0,0.0,0.0,0.0,0.0,1.0,0.0,1.0,1.0,1.0,0.0,0.0,1.0,0.0,0.0,1.0,0.0,0.0,0.0,0.0,1.0,1.0,1.0,3.0,1.0,0.0,0.0,1.0,1.0,0.0,0.0,1.0,0.0,5.0,3.0,1.0,0.0,0.0,1.0,0.0,0.0,3.0,0.0,0.0,0.0,0.0,0.0,1.0,0.0,3.0,0.0,0.0,0.0,2.0,0.0,1.0,0.0,1.0,1.0,1.0,1.0,24.0,1.0,2.0,10.0,8.0,8.0,9.0,28.0
CHEMBL3680842,Ki,27.0,35.0,6.0,3.0,0.0,0.0,2.0,2.0,0.0,46.0,8.0,3.0,0.0,0.0,4.0,4.0,0.0,1.0,0.0,0.0,0.0,0.0,0.0,47.0,8.0,4.0,0.0,0.0,5.0,5.0,1.0,1.0,42.0,9.0,3.0,0.0,0.0,4.0,4.0,2.0,0.0,0.0,0.0,43.0,9.0,4.0,0.0,0.0,3.0,3.0,0.0,0.0,0.0,0.0,0.0,0.0,42.0,8.0,3.0,0.0,0.0,3.0,3.0,1.0,0.0,0.0,0.0,0.0,2.0,0.0,0.0,0.0,0.0,39.0,10.0,4.0,0.0,0.0,2.0,2.0,0.0,2.0,0.0,1.0,0.0,35.0,11.0,7.0,0.0,0.0,2.0,2.0,0.0,0.0,0.0,0.0,0.0,37.0,6.0,4.0,0.0,0.0,1.0,1.0,1.0,1.0,0.0,1.0,0.0,0.0,0.0,39.0,5.0,5.0,0.0,0.0,3.0,3.0,0.0,0.0,0.0,0.0,0.0,0.0,0.0,0.0,0.0,0.0,0.0,3.0,0.0,0.0,0.0,0.0,1.0,0.0,2.0,1.0,0.0,2.0,0.0,1.0,0.0,0.0,1.0,0.0,2.0,0.0,1.0,2.0,2.0,0.0,0.0,1.0,5.0,2.0,2.0,0.0,0.0,0.0,0.0,0.0,0.0,0.0,1.0,1.0,0.0,0.0,0.0,0.0,0.0,0.0,0.0,0.0,1.0,0.0,0.0,0.0,0.0,0.0,0.0,0.0,0.0,0.0,0.0,0.0,0.0,0.0,0.0,0.0,0.0,1.0,0.0,1.0,1.0,1.0,0.0,0.0,1.0,0.0,0.0,1.0,0.0,0.0,0.0,0.0,1.0,2.0,2.0,3.0,1.0,0.0,0.0,1.0,1.0,0.0,0.0,1.0,0.0,0.0,2.0,1.0,0.0,0.0,1.0,0.0,0.0,3.0,0.0,0.0,0.0,0.0,0.0,1.0,0.0,0.0,0.0,0.0,0.0,2.0,0.0,1.0,0.0,1.0,2.0,1.0,1.0,30.0,1.0,2.0,9.0,8.0,8.0,8.0,33.0
CHEMBL3680845,Ki,40.0,35.0,6.0,3.0,0.0,0.0,2.0,2.0,0.0,46.0,8.0,3.0,0.0,0.0,4.0,4.0,0.0,1.0,0.0,0.0,0.0,0.0,0.0,47.0,8.0,4.0,0.0,0.0,5.0,5.0,1.0,1.0,42.0,9.0,3.0,0.0,0.0,4.0,4.0,2.0,0.0,0.0,0.0,43.0,9.0,4.0,0.0,0.0,3.0,3.0,0.0,0.0,0.0,0.0,0.0,0.0,42.0,8.0,3.0,0.0,0.0,3.0,3.0,1.0,0.0,0.0,0.0,0.0,2.0,0.0,0.0,0.0,0.0,39.0,10.0,4.0,0.0,0.0,2.0,2.0,0.0,2.0,0.0,1.0,0.0,35.0,11.0,7.0,0.0,0.0,2.0,2.0,0.0,0.0,0.0,0.0,0.0,37.0,6.0,4.0,0.0,0.0,1.0,1.0,1.0,1.0,0.0,1.0,0.0,0.0,0.0,39.0,5.0,5.0,0.0,0.0,3.0,3.0,0.0,0.0,0.0,0.0,0.0,0.0,0.0,0.0,0.0,0.0,0.0,7.0,0.0,0.0,0.0,0.0,4.0,2.0,2.0,1.0,0.0,2.0,0.0,1.0,0.0,0.0,1.0,0.0,2.0,0.0,1.0,2.0,2.0,0.0,0.0,1.0,11.0,2.0,7.0,0.0,0.0,0.0,0.0,0.0,0.0,0.0,1.0,5.0,0.0,0.0,0.0,0.0,0.0,0.0,0.0,0.0,1.0,1.0,3.0,0.0,0.0,1.0,2.0,0.0,0.0,1.0,0.0,0.0,0.0,0.0,0.0,0.0,0.0,1.0,0.0,1.0,1.0,1.0,0.0,0.0,1.0,0.0,0.0,1.0,0.0,0.0,0.0,0.0,1.0,2.0,2.0,3.0,1.0,0.0,0.0,1.0,1.0,0.0,0.0,1.0,0.0,0.0,2.0,1.0,0.0,0.0,1.0,0.0,0.0,3.0,0.0,0.0,0.0,0.0,0.0,5.0,0.0,0.0,0.0,0.0,0.0,2.0,0.0,1.0,0.0,1.0,2.0,1.0,1.0,24.0,1.0,4.0,9.0,13.0,13.0,9.0,29.0
CHEMBL3675809,Ki,39.3,28.0,6.0,3.0,0.0,2.0,2.0,4.0,0.0,36.0,8.0,3.0,0.0,4.0,4.0,8.0,0.0,1.0,0.0,0.0,0.0,0.0,0.0,36.0,8.0,4.0,0.0,4.0,4.0,8.0,1.0,1.0,31.0,9.0,3.0,0.0,5.0,3.0,8.0,2.0,0.0,0.0,0.0,30.0,9.0,4.0,0.0,5.0,4.0,9.0,0.0,0.0,0.0,0.0,0.0,0.0,29.0,6.0,3.0,0.0,6.0,3.0,9.0,1.0,0.0,0.0,2.0,2.0,2.0,0.0,0.0,0.0,0.0,27.0,6.0,4.0,0.0,5.0,4.0,9.0,0.0,2.0,0.0,0.0,0.0,23.0,7.0,7.0,0.0,3.0,4.0,7.0,0.0,0.0,1.0,1.0,0.0,24.0,3.0,3.0,0.0,2.0,2.0,4.0,1.0,1.0,1.0,3.0,0.0,0.0,1.0,25.0,3.0,3.0,0.0,2.0,3.0,5.0,0.0,0.0,0.0,0.0,0.0,0.0,0.0,0.0,0.0,0.0,0.0,3.0,0.0,0.0,0.0,0.0,1.0,0.0,2.0,1.0,0.0,2.0,0.0,1.0,0.0,0.0,1.0,0.0,2.0,0.0,0.0,3.0,2.0,2.0,0.0,1.0,5.0,2.0,2.0,0.0,0.0,0.0,0.0,0.0,0.0,0.0,1.0,1.0,0.0,0.0,0.0,0.0,0.0,0.0,0.0,0.0,1.0,0.0,0.0,0.0,0.0,0.0,0.0,0.0,0.0,0.0,0.0,0.0,0.0,0.0,0.0,0.0,0.0,1.0,0.0,1.0,1.0,1.0,0.0,0.0,1.0,0.0,0.0,1.0,0.0,0.0,0.0,0.0,1.0,2.0,2.0,3.0,1.0,0.0,0.0,1.0,1.0,0.0,0.0,1.0,0.0,2.0,2.0,1.0,0.0,0.0,1.0,0.0,0.0,3.0,0.0,0.0,0.0,0.0,0.0,1.0,0.0,0.0,0.0,0.0,0.0,2.0,0.0,1.0,0.0,1.0,2.0,1.0,1.0,24.0,1.0,2.0,9.0,8.0,8.0,8.0,27.0
CHEMBL3675849,Ki,37.4,29.0,6.0,3.0,0.0,4.0,0.0,4.0,0.0,38.0,8.0,3.0,0.0,5.0,0.0,5.0,0.0,1.0,0.0,0.0,3.0,3.0,3.0,38.0,8.0,4.0,0.0,8.0,0.0,8.0,1.0,1.0,33.0,9.0,3.0,0.0,8.0,0.0,8.0,2.0,0.0,0.0,0.0,33.0,9.0,4.0,0.0,8.0,0.0,8.0,0.0,0.0,0.0,0.0,0.0,0.0,30.0,8.0,3.0,0.0,11.0,0.0,11.0,1.0,0.0,0.0,0.0,0.0,2.0,0.0,0.0,0.0,0.0,29.0,6.0,4.0,0.0,4.0,0.0,4.0,0.0,2.0,6.0,6.0,0.0,26.0,7.0,7.0,0.0,6.0,0.0,6.0,0.0,0.0,1.0,1.0,0.0,26.0,4.0,4.0,0.0,10.0,0.0,10.0,1.0,1.0,0.0,0.0,0.0,0.0,0.0,27.0,3.0,3.0,0.0,7.0,0.0,7.0,0.0,0.0,3.0,3.0,0.0,3.0,3.0,0.0,0.0,0.0,0.0,3.0,0.0,0.0,0.0,0.0,1.0,0.0,2.0,1.0,0.0,2.0,0.0,1.0,0.0,0.0,1.0,1.0,2.0,0.0,1.0,1.0,0.0,4.0,0.0,1.0,6.0,2.0,2.0,0.0,0.0,0.0,0.0,0.0,0.0,0.0,1.0,1.0,0.0,0.0,0.0,0.0,0.0,0.0,0.0,0.0,1.0,0.0,0.0,0.0,0.0,0.0,0.0,0.0,0.0,0.0,0.0,0.0,0.0,0.0,0.0,0.0,0.0,1.0,0.0,1.0,1.0,1.0,0.0,0.0,1.0,0.0,0.0,1.0,0.0,0.0,0.0,0.0,1.0,0.0,0.0,3.0,1.0,0.0,0.0,1.0,1.0,0.0,0.0,1.0,0.0,4.0,2.0,1.0,0.0,0.0,1.0,0.0,0.0,3.0,0.0,0.0,0.0,0.0,0.0,1.0,0.0,3.0,0.0,0.0,0.0,2.0,0.0,1.0,0.0,1.0,0.0,1.0,1.0,24.0,1.0,2.0,9.0,8.0,8.0,9.0,28.0
CHEMBL3675868,Ki,44.3,28.0,6.0,3.0,0.0,2.0,1.0,3.0,0.0,36.0,8.0,3.0,0.0,4.0,2.0,6.0,0.0,1.0,0.0,0.0,0.0,0.0,0.0,36.0,8.0,4.0,0.0,5.0,2.0,7.0,1.0,1.0,31.0,9.0,3.0,0.0,4.0,2.0,6.0,2.0,1.0,1.0,0.0,30.0,9.0,4.0,0.0,4.0,3.0,7.0,0.0,0.0,0.0,0.0,0.0,0.0,29.0,6.0,3.0,0.0,4.0,1.0,5.0,1.0,0.0,0.0,2.0,2.0,2.0,0.0,0.0,0.0,0.0,27.0,6.0,4.0,0.0,4.0,2.0,6.0,0.0,2.0,0.0,0.0,0.0,23.0,7.0,7.0,0.0,4.0,3.0,7.0,0.0,0.0,0.0,0.0,0.0,24.0,3.0,3.0,0.0,3.0,2.0,5.0,1.0,1.0,1.0,2.0,0.0,0.0,1.0,25.0,3.0,3.0,0.0,2.0,2.0,4.0,0.0,0.0,1.0,1.0,0.0,0.0,0.0,0.0,0.0,0.0,0.0,3.0,0.0,0.0,0.0,0.0,1.0,0.0,2.0,1.0,0.0,2.0,0.0,1.0,0.0,0.0,1.0,0.0,2.0,0.0,1.0,2.0,1.0,2.0,0.0,1.0,5.0,2.0,2.0,0.0,0.0,0.0,0.0,0.0,0.0,0.0,1.0,1.0,0.0,0.0,0.0,0.0,0.0,0.0,0.0,0.0,1.0,0.0,0.0,0.0,0.0,0.0,0.0,0.0,0.0,0.0,0.0,0.0,0.0,0.0,0.0,0.0,0.0,1.0,0.0,1.0,1.0,1.0,0.0,0.0,1.0,0.0,0.0,1.0,0.0,0.0,0.0,0.0,1.0,1.0,1.0,3.0,1.0,0.0,0.0,1.0,1.0,0.0,0.0,1.0,0.0,2.0,2.0,1.0,0.0,0.0,1.0,0.0,0.0,3.0,0.0,0.0,0.0,0.0,0.0,1.0,0.0,0.0,0.0,0.0,0.0,2.0,0.0,1.0,0.0,1.0,1.0,1.0,1.0,24.0,1.0,2.0,9.0,8.0,8.0,8.0,27.0
CHEMBL3675881,Ki,33.0,29.0,6.0,3.0,0.0,3.0,1.0,4.0,0.0,38.0,8.0,3.0,0.0,6.0,2.0,8.0,0.0,1.0,0.0,0.0,0.0,0.0,0.0,38.0,8.0,4.0,0.0,7.0,3.0,10.0,1.0,1.0,32.0,9.0,3.0,0.0,8.0,3.0,11.0,2.0,0.0,1.0,0.0,31.0,9.0,4.0,0.0,6.0,3.0,9.0,0.0,0.0,1.0,0.0,1.0,0.0,31.0,6.0,3.0,0.0,5.0,2.0,7.0,1.0,0.0,2.0,0.0,2.0,2.0,0.0,0.0,0.0,0.0,29.0,6.0,4.0,0.0,5.0,3.0,8.0,0.0,2.0,2.0,2.0,0.0,24.0,7.0,7.0,0.0,7.0,3.0,10.0,0.0,0.0,0.0,0.0,0.0,24.0,4.0,3.0,0.0,5.0,3.0,8.0,1.0,1.0,1.0,1.0,0.0,1.0,1.0,26.0,3.0,3.0,0.0,5.0,1.0,6.0,0.0,0.0,1.0,2.0,0.0,1.0,1.0,0.0,0.0,0.0,0.0,3.0,0.0,0.0,0.0,0.0,1.0,0.0,2.0,1.0,1.0,2.0,0.0,1.0,0.0,0.0,1.0,0.0,2.0,0.0,0.0,2.0,1.0,3.0,0.0,1.0,6.0,2.0,2.0,0.0,0.0,0.0,0.0,0.0,0.0,0.0,1.0,1.0,0.0,0.0,0.0,0.0,0.0,0.0,0.0,0.0,1.0,0.0,0.0,0.0,0.0,0.0,0.0,0.0,0.0,0.0,0.0,0.0,0.0,0.0,0.0,0.0,0.0,1.0,0.0,1.0,1.0,1.0,0.0,0.0,1.0,0.0,0.0,1.0,0.0,0.0,0.0,0.0,1.0,1.0,1.0,3.0,1.0,0.0,0.0,1.0,1.0,0.0,0.0,1.0,0.0,3.0,2.0,1.0,0.0,0.0,1.0,0.0,0.0,3.0,0.0,0.0,0.0,0.0,1.0,1.0,0.0,0.0,0.0,0.0,0.0,2.0,0.0,1.0,0.0,1.0,1.0,1.0,1.0,24.0,1.0,2.0,9.0,9.0,9.0,8.0,27.0
CHEMBL3675883,Ki,23.7,29.0,6.0,3.0,0.0,5.0,2.0,7.0,0.0,38.0,8.0,3.0,0.0,7.0,4.0,11.0,0.0,1.0,0.0,0.0,3.0,3.0,3.0,38.0,8.0,4.0,0.0,10.0,7.0,17.0,1.0,1.0,33.0,9.0,3.0,0.0,10.0,6.0,16.0,2.0,0.0,1.0,0.0,32.0,9.0,4.0,0.0,10.0,5.0,15.0,0.0,0.0,1.0,0.0,1.0,0.0,31.0,6.0,3.0,0.0,10.0,4.0,14.0,1.0,0.0,2.0,0.0,2.0,2.0,0.0,0.0,0.0,0.0,28.0,6.0,4.0,0.0,11.0,2.0,13.0,0.0,2.0,1.0,2.0,0.0,23.0,8.0,7.0,0.0,9.0,4.0,13.0,0.0,0.0,0.0,0.0,0.0,25.0,3.0,3.0,0.0,4.0,4.0,8.0,1.0,1.0,4.0,4.0,0.0,1.0,1.0,26.0,3.0,3.0,0.0,6.0,3.0,9.0,0.0,0.0,1.0,2.0,0.0,1.0,1.0,0.0,0.0,0.0,0.0,3.0,0.0,0.0,0.0,0.0,1.0,0.0,2.0,1.0,0.0,2.0,0.0,1.0,0.0,0.0,1.0,1.0,2.0,0.0,0.0,1.0,2.0,5.0,0.0,1.0,6.0,2.0,2.0,0.0,0.0,0.0,0.0,0.0,0.0,0.0,1.0,1.0,0.0,0.0,0.0,0.0,0.0,0.0,0.0,0.0,1.0,0.0,0.0,0.0,0.0,0.0,0.0,0.0,0.0,0.0,0.0,0.0,0.0,0.0,0.0,0.0,0.0,1.0,0.0,1.0,1.0,1.0,0.0,0.0,1.0,0.0,0.0,1.0,0.0,0.0,0.0,0.0,1.0,2.0,2.0,3.0,1.0,0.0,0.0,1.0,1.0,0.0,0.0,1.0,0.0,5.0,2.0,1.0,0.0,0.0,1.0,0.0,0.0,3.0,0.0,0.0,0.0,0.0,0.0,1.0,0.0,3.0,0.0,0.0,0.0,2.0,0.0,1.0,0.0,1.0,2.0,1.0,1.0,24.0,1.0,2.0,9.0,8.0,8.0,9.0,28.0
CHEMBL3675890,Ki,40.4,29.0,7.0,3.0,0.0,2.0,2.0,4.0,0.0,38.0,9.0,3.0,0.0,4.0,4.0,8.0,0.0,1.0,0.0,0.0,0.0,0.0,0.0,39.0,10.0,4.0,0.0,4.0,5.0,9.0,1.0,1.0,34.0,13.0,3.0,0.0,4.0,4.0,8.0,2.0,0.0,0.0,0.0,33.0,12.0,4.0,0.0,4.0,4.0,8.0,1.0,0.0,1.0,0.0,1.0,0.0,31.0,9.0,3.0,0.0,4.0,3.0,7.0,1.0,0.0,2.0,1.0,3.0,2.0,0.0,0.0,0.0,0.0,29.0,8.0,4.0,0.0,5.0,3.0,8.0,0.0,2.0,1.0,2.0,0.0,26.0,9.0,7.0,0.0,6.0,2.0,8.0,0.0,0.0,0.0,1.0,0.0,27.0,6.0,3.0,0.0,5.0,1.0,6.0,1.0,1.0,1.0,2.0,0.0,1.0,1.0,26.0,7.0,3.0,0.0,4.0,3.0,7.0,0.0,0.0,2.0,2.0,0.0,1.0,1.0,0.0,0.0,0.0,0.0,3.0,0.0,0.0,0.0,0.0,1.0,0.0,2.0,1.0,0.0,2.0,0.0,1.0,0.0,0.0,1.0,0.0,2.0,0.0,0.0,2.0,2.0,2.0,0.0,1.0,6.0,2.0,2.0,0.0,0.0,0.0,0.0,0.0,0.0,0.0,1.0,1.0,0.0,0.0,0.0,0.0,0.0,0.0,0.0,0.0,1.0,0.0,0.0,0.0,0.0,0.0,0.0,0.0,0.0,0.0,0.0,0.0,0.0,0.0,0.0,0.0,0.0,1.0,0.0,1.0,1.0,1.0,0.0,0.0,1.0,0.0,0.0,1.0,0.0,0.0,0.0,0.0,1.0,2.0,2.0,3.0,1.0,0.0,0.0,1.0,1.0,0.0,0.0,1.0,0.0,2.0,3.0,1.0,0.0,0.0,1.0,0.0,0.0,3.0,0.0,0.0,0.0,0.0,0.0,1.0,0.0,0.0,0.0,0.0,0.0,2.0,0.0,1.0,0.0,1.0,2.0,1.0,1.0,24.0,1.0,2.0,10.0,8.0,8.0,8.0,27.0
CHEMBL3675902,Ki,28.6,28.0,6.0,3.0,0.0,2.0,1.0,3.0,0.0,36.0,8.0,3.0,0.0,4.0,2.0,6.0,0.0,1.0,0.0,0.0,0.0,0.0,0.0,36.0,8.0,4.0,0.0,4.0,2.0,6.0,1.0,1.0,31.0,9.0,3.0,0.0,3.0,2.0,5.0,2.0,0.0,0.0,0.0,30.0,9.0,4.0,0.0,3.0,3.0,6.0,0.0,0.0,0.0,0.0,0.0,0.0,29.0,6.0,3.0,0.0,4.0,1.0,5.0,1.0,0.0,0.0,2.0,2.0,2.0,0.0,0.0,0.0,0.0,27.0,6.0,4.0,0.0,3.0,2.0,5.0,0.0,2.0,0.0,0.0,0.0,23.0,7.0,7.0,0.0,1.0,3.0,4.0,0.0,0.0,1.0,1.0,0.0,24.0,3.0,3.0,0.0,1.0,2.0,3.0,1.0,1.0,1.0,2.0,0.0,0.0,1.0,25.0,3.0,3.0,0.0,2.0,2.0,4.0,0.0,0.0,0.0,0.0,0.0,0.0,0.0,0.0,0.0,0.0,0.0,3.0,0.0,0.0,0.0,0.0,1.0,0.0,2.0,1.0,0.0,2.0,0.0,1.0,0.0,0.0,1.0,0.0,2.0,0.0,1.0,2.0,1.0,2.0,0.0,1.0,5.0,2.0,2.0,0.0,0.0,0.0,0.0,0.0,0.0,0.0,1.0,1.0,0.0,0.0,0.0,0.0,0.0,0.0,0.0,0.0,1.0,0.0,0.0,0.0,0.0,0.0,0.0,0.0,0.0,0.0,0.0,0.0,0.0,0.0,0.0,0.0,0.0,1.0,0.0,1.0,1.0,1.0,0.0,0.0,1.0,0.0,0.0,1.0,0.0,0.0,0.0,0.0,1.0,1.0,1.0,3.0,1.0,0.0,0.0,1.0,1.0,0.0,0.0,1.0,0.0,2.0,2.0,1.0,0.0,0.0,1.0,0.0,0.0,3.0,0.0,0.0,0.0,0.0,0.0,1.0,0.0,0.0,0.0,0.0,0.0,2.0,0.0,1.0,0.0,1.0,1.0,1.0,1.0,24.0,1.0,2.0,9.0,8.0,8.0,8.0,27.0
CHEMBL3680829,Ki,16.5,29.0,6.0,3.0,0.0,1.0,1.0,2.0,0.0,38.0,8.0,3.0,0.0,2.0,2.0,4.0,0.0,1.0,0.0,0.0,0.0,0.0,0.0,39.0,8.0,4.0,0.0,2.0,2.0,4.0,1.0,1.0,34.0,9.0,3.0,0.0,2.0,2.0,4.0,2.0,0.0,0.0,0.0,32.0,9.0,4.0,0.0,1.0,3.0,4.0,0.0,0.0,0.0,0.0,0.0,0.0,30.0,6.0,3.0,0.0,2.0,1.0,3.0,1.0,0.0,0.0,2.0,2.0,2.0,0.0,0.0,0.0,0.0,27.0,7.0,4.0,0.0,2.0,2.0,4.0,0.0,2.0,0.0,0.0,0.0,24.0,7.0,7.0,0.0,1.0,3.0,4.0,0.0,0.0,0.0,0.0,0.0,25.0,3.0,3.0,0.0,0.0,2.0,2.0,1.0,1.0,1.0,2.0,0.0,0.0,1.0,27.0,3.0,3.0,0.0,1.0,2.0,3.0,0.0,0.0,0.0,0.0,0.0,0.0,0.0,0.0,0.0,0.0,0.0,3.0,0.0,0.0,0.0,0.0,1.0,0.0,2.0,1.0,1.0,2.0,0.0,1.0,0.0,0.0,1.0,0.0,2.0,0.0,1.0,2.0,1.0,1.0,0.0,1.0,6.0,2.0,2.0,0.0,0.0,0.0,0.0,0.0,0.0,0.0,1.0,1.0,0.0,0.0,0.0,0.0,0.0,0.0,0.0,0.0,1.0,0.0,0.0,0.0,0.0,0.0,0.0,0.0,0.0,0.0,0.0,0.0,0.0,0.0,0.0,0.0,0.0,1.0,0.0,1.0,1.0,1.0,0.0,0.0,1.0,0.0,0.0,1.0,0.0,0.0,0.0,0.0,1.0,1.0,1.0,3.0,1.0,0.0,0.0,1.0,1.0,0.0,0.0,1.0,0.0,1.0,2.0,1.0,0.0,0.0,1.0,0.0,0.0,3.0,0.0,0.0,0.0,0.0,1.0,1.0,0.0,0.0,0.0,0.0,0.0,2.0,0.0,1.0,0.0,1.0,1.0,1.0,1.0,24.0,1.0,2.0,9.0,9.0,9.0,8.0,27.0
CHEMBL3680830,Ki,31.6,28.0,6.0,3.0,0.0,1.0,2.0,3.0,0.0,36.0,8.0,3.0,0.0,2.0,4.0,6.0,0.0,1.0,0.0,0.0,0.0,0.0,0.0,36.0,8.0,4.0,0.0,2.0,5.0,7.0,1.0,1.0,31.0,9.0,3.0,0.0,1.0,5.0,6.0,2.0,0.0,0.0,0.0,30.0,9.0,4.0,0.0,1.0,5.0,6.0,0.0,0.0,0.0,0.0,0.0,0.0,29.0,6.0,3.0,0.0,2.0,2.0,4.0,1.0,0.0,0.0,2.0,2.0,2.0,0.0,0.0,0.0,0.0,27.0,6.0,4.0,0.0,2.0,2.0,4.0,0.0,2.0,0.0,1.0,0.0,23.0,7.0,7.0,0.0,1.0,4.0,5.0,0.0,0.0,0.0,0.0,0.0,24.0,3.0,3.0,0.0,0.0,3.0,3.0,1.0,1.0,1.0,2.0,0.0,0.0,1.0,25.0,3.0,3.0,0.0,1.0,4.0,5.0,0.0,0.0,0.0,0.0,0.0,0.0,0.0,0.0,0.0,0.0,0.0,3.0,0.0,0.0,0.0,0.0,1.0,0.0,2.0,1.0,0.0,2.0,0.0,1.0,0.0,0.0,1.0,0.0,2.0,0.0,1.0,2.0,2.0,1.0,0.0,1.0,5.0,2.0,2.0,0.0,0.0,0.0,0.0,0.0,0.0,0.0,1.0,1.0,0.0,0.0,0.0,0.0,0.0,0.0,0.0,0.0,1.0,0.0,0.0,0.0,0.0,0.0,0.0,0.0,0.0,0.0,0.0,0.0,0.0,0.0,0.0,0.0,0.0,1.0,0.0,1.0,1.0,1.0,0.0,0.0,1.0,0.0,0.0,1.0,0.0,0.0,0.0,0.0,1.0,2.0,2.0,3.0,1.0,0.0,0.0,1.0,1.0,0.0,0.0,1.0,0.0,1.0,2.0,1.0,0.0,0.0,1.0,0.0,0.0,3.0,0.0,0.0,0.0,0.0,0.0,1.0,0.0,0.0,0.0,0.0,0.0,2.0,0.0,1.0,0.0,1.0,2.0,1.0,1.0,24.0,1.0,2.0,9.0,8.0,8.0,8.0,27.0
CHEMBL148645,Ki,250000.0,14.0,2.0,5.0,2.0,0.0,0.0,0.0,0.0,18.0,2.0,8.0,1.0,0.0,0.0,0.0,0.0,1.0,0.0,0.0,0.0,0.0,0.0,13.0,3.0,9.0,3.0,0.0,0.0,0.0,0.0,0.0,8.0,2.0,8.0,4.0,0.0,0.0,0.0,0.0,0.0,0.0,0.0,7.0,1.0,4.0,4.0,0.0,0.0,0.0,0.0,1.0,0.0,0.0,0.0,2.0,8.0,2.0,5.0,1.0,0.0,0.0,0.0,0.0,0.0,0.0,0.0,0.0,1.0,0.0,0.0,0.0,0.0,9.0,2.0,5.0,0.0,0.0,0.0,0.0,0.0,0.0,0.0,0.0,0.0,10.0,1.0,4.0,0.0,0.0,0.0,0.0,0.0,1.0,0.0,0.0,1.0,10.0,0.0,2.0,0.0,0.0,0.0,0.0,0.0,1.0,0.0,0.0,1.0,0.0,0.0,6.0,0.0,4.0,0.0,0.0,0.0,0.0,0.0,0.0,0.0,0.0,0.0,0.0,0.0,0.0,0.0,0.0,0.0,1.0,0.0,0.0,0.0,0.0,0.0,0.0,0.0,1.0,0.0,0.0,0.0,0.0,0.0,0.0,2.0,0.0,1.0,0.0,0.0,1.0,0.0,0.0,0.0,2.0,2.0,1.0,1.0,0.0,0.0,0.0,0.0,0.0,0.0,0.0,1.0,0.0,0.0,0.0,0.0,0.0,0.0,0.0,0.0,0.0,0.0,1.0,0.0,0.0,0.0,0.0,0.0,0.0,0.0,0.0,0.0,0.0,0.0,0.0,0.0,0.0,0.0,0.0,0.0,0.0,0.0,0.0,0.0,0.0,0.0,0.0,0.0,0.0,0.0,0.0,0.0,0.0,0.0,0.0,0.0,0.0,0.0,0.0,0.0,0.0,0.0,0.0,0.0,0.0,0.0,0.0,0.0,0.0,0.0,0.0,0.0,0.0,0.0,3.0,0.0,0.0,0.0,0.0,0.0,0.0,0.0,0.0,0.0,0.0,0.0,0.0,0.0,0.0,0.0,2.0,0.0,1.0,2.0,15.0,2.0,2.0,9.0,4.0,4.0,4.0,14.0
CHEMBL3680832,Ki,30.1,30.0,6.0,4.0,0.0,3.0,1.0,4.0,0.0,40.0,8.0,4.0,0.0,3.0,2.0,5.0,0.0,2.0,0.0,0.0,3.0,3.0,3.0,41.0,8.0,7.0,0.0,6.0,2.0,8.0,1.0,1.0,36.0,9.0,8.0,0.0,6.0,2.0,8.0,2.0,0.0,0.0,0.0,35.0,9.0,9.0,0.0,6.0,1.0,7.0,0.0,0.0,0.0,0.0,0.0,0.0,31.0,8.0,6.0,0.0,9.0,2.0,11.0,1.0,1.0,0.0,0.0,0.0,2.0,0.0,0.0,0.0,0.0,29.0,7.0,6.0,0.0,3.0,2.0,5.0,0.0,2.0,6.0,6.0,0.0,27.0,7.0,10.0,0.0,6.0,1.0,7.0,0.0,0.0,0.0,0.0,0.0,27.0,4.0,7.0,0.0,9.0,0.0,9.0,1.0,2.0,0.0,1.0,1.0,0.0,0.0,29.0,3.0,5.0,0.0,6.0,1.0,7.0,0.0,0.0,3.0,3.0,0.0,3.0,3.0,0.0,0.0,0.0,0.0,2.0,0.0,0.0,0.0,0.0,1.0,0.0,1.0,1.0,1.0,2.0,0.0,2.0,0.0,0.0,1.0,1.0,3.0,0.0,1.0,2.0,1.0,3.0,0.0,1.0,7.0,3.0,2.0,0.0,0.0,0.0,0.0,0.0,0.0,0.0,1.0,1.0,0.0,0.0,0.0,0.0,0.0,0.0,0.0,0.0,1.0,0.0,0.0,0.0,0.0,0.0,0.0,0.0,0.0,0.0,0.0,0.0,0.0,0.0,0.0,0.0,0.0,1.0,0.0,1.0,1.0,1.0,0.0,0.0,1.0,0.0,0.0,1.0,0.0,0.0,0.0,0.0,1.0,1.0,1.0,3.0,1.0,0.0,0.0,1.0,1.0,0.0,0.0,1.0,0.0,3.0,2.0,2.0,0.0,0.0,1.0,0.0,0.0,4.0,0.0,0.0,0.0,0.0,1.0,1.0,0.0,3.0,0.0,0.0,0.0,3.0,0.0,2.0,0.0,4.0,1.0,1.0,1.0,24.0,1.0,4.0,10.0,8.0,8.0,9.0,29.0
CHEMBL3675798,Ki,187.3,28.0,6.0,3.0,0.0,0.0,1.0,1.0,0.0,36.0,8.0,3.0,0.0,0.0,2.0,2.0,0.0,1.0,0.0,0.0,0.0,0.0,0.0,36.0,8.0,4.0,0.0,0.0,2.0,2.0,1.0,1.0,31.0,9.0,3.0,0.0,0.0,1.0,1.0,2.0,0.0,0.0,0.0,30.0,9.0,4.0,0.0,0.0,1.0,1.0,0.0,0.0,0.0,0.0,0.0,0.0,29.0,6.0,3.0,0.0,0.0,2.0,2.0,1.0,0.0,0.0,0.0,0.0,2.0,0.0,0.0,0.0,0.0,27.0,6.0,4.0,0.0,0.0,2.0,2.0,0.0,2.0,0.0,0.0,0.0,23.0,7.0,7.0,0.0,0.0,1.0,1.0,0.0,0.0,0.0,0.0,0.0,24.0,3.0,3.0,0.0,0.0,0.0,0.0,1.0,1.0,0.0,1.0,0.0,0.0,0.0,25.0,3.0,3.0,0.0,0.0,1.0,1.0,0.0,0.0,0.0,0.0,0.0,0.0,0.0,0.0,0.0,0.0,0.0,3.0,0.0,0.0,0.0,0.0,1.0,0.0,2.0,1.0,0.0,2.0,0.0,1.0,0.0,0.0,1.0,0.0,2.0,0.0,2.0,0.0,1.0,0.0,0.0,1.0,5.0,2.0,2.0,0.0,0.0,0.0,0.0,0.0,0.0,0.0,1.0,1.0,0.0,0.0,0.0,0.0,0.0,0.0,0.0,0.0,1.0,0.0,0.0,0.0,0.0,0.0,0.0,0.0,0.0,0.0,0.0,0.0,0.0,0.0,0.0,0.0,0.0,1.0,0.0,1.0,1.0,1.0,0.0,0.0,1.0,0.0,0.0,1.0,0.0,0.0,0.0,0.0,1.0,1.0,1.0,3.0,1.0,0.0,0.0,1.0,1.0,0.0,0.0,1.0,0.0,0.0,2.0,1.0,0.0,0.0,1.0,0.0,0.0,3.0,0.0,0.0,0.0,0.0,0.0,1.0,0.0,0.0,0.0,0.0,0.0,2.0,0.0,1.0,0.0,1.0,1.0,1.0,1.0,24.0,1.0,2.0,9.0,8.0,8.0,8.0,27.0
CHEMBL1933359,Ki,1980.0,21.0,5.0,7.0,0.0,0.0,0.0,0.0,1.0,25.0,9.0,9.0,0.0,0.0,0.0,0.0,0.0,1.0,0.0,0.0,0.0,0.0,0.0,26.0,7.0,10.0,0.0,0.0,0.0,0.0,0.0,2.0,26.0,7.0,8.0,0.0,0.0,0.0,0.0,2.0,0.0,0.0,0.0,27.0,6.0,7.0,0.0,0.0,0.0,0.0,0.0,1.0,0.0,0.0,0.0,0.0,22.0,8.0,7.0,0.0,0.0,0.0,0.0,0.0,1.0,0.0,0.0,0.0,2.0,0.0,0.0,0.0,0.0,19.0,8.0,8.0,0.0,0.0,0.0,0.0,0.0,1.0,0.0,0.0,1.0,22.0,4.0,7.0,0.0,0.0,0.0,0.0,0.0,0.0,0.0,0.0,1.0,19.0,5.0,8.0,0.0,0.0,0.0,0.0,0.0,0.0,0.0,0.0,0.0,0.0,0.0,19.0,0.0,5.0,0.0,0.0,0.0,0.0,2.0,2.0,0.0,0.0,0.0,0.0,0.0,1.0,0.0,0.0,0.0,4.0,1.0,0.0,0.0,0.0,2.0,0.0,1.0,1.0,2.0,1.0,0.0,1.0,0.0,0.0,1.0,0.0,2.0,0.0,2.0,0.0,0.0,0.0,2.0,1.0,9.0,2.0,5.0,0.0,0.0,0.0,0.0,0.0,0.0,0.0,1.0,3.0,0.0,0.0,0.0,0.0,0.0,0.0,0.0,0.0,1.0,1.0,1.0,0.0,0.0,1.0,0.0,0.0,0.0,0.0,0.0,0.0,0.0,0.0,0.0,0.0,0.0,1.0,0.0,1.0,2.0,1.0,0.0,0.0,1.0,0.0,0.0,1.0,0.0,0.0,0.0,0.0,2.0,0.0,0.0,2.0,1.0,0.0,0.0,1.0,0.0,0.0,0.0,3.0,1.0,0.0,1.0,1.0,0.0,0.0,1.0,0.0,0.0,5.0,0.0,0.0,0.0,0.0,1.0,3.0,0.0,0.0,0.0,0.0,0.0,2.0,0.0,1.0,0.0,2.0,0.0,1.0,2.0,17.0,2.0,2.0,12.0,11.0,11.0,11.0,20.0
CHEMBL147173,Ki,380000.0,14.0,4.0,2.0,2.0,0.0,0.0,0.0,0.0,18.0,4.0,4.0,1.0,0.0,0.0,0.0,1.0,0.0,0.0,0.0,0.0,0.0,0.0,13.0,6.0,4.0,3.0,0.0,0.0,0.0,0.0,0.0,8.0,4.0,5.0,4.0,0.0,0.0,0.0,0.0,0.0,0.0,0.0,7.0,2.0,2.0,4.0,0.0,0.0,0.0,0.0,2.0,0.0,0.0,0.0,1.0,8.0,4.0,2.0,1.0,0.0,0.0,0.0,0.0,0.0,0.0,0.0,0.0,0.0,0.0,0.0,0.0,0.0,9.0,4.0,3.0,0.0,0.0,0.0,0.0,0.0,0.0,0.0,0.0,0.0,10.0,2.0,2.0,0.0,0.0,0.0,0.0,0.0,2.0,0.0,0.0,0.0,10.0,0.0,2.0,0.0,0.0,0.0,0.0,0.0,0.0,0.0,0.0,0.0,0.0,0.0,6.0,0.0,2.0,0.0,0.0,0.0,0.0,0.0,0.0,0.0,0.0,0.0,0.0,0.0,0.0,0.0,0.0,0.0,1.0,0.0,0.0,0.0,0.0,0.0,0.0,0.0,1.0,0.0,0.0,0.0,0.0,0.0,0.0,1.0,0.0,1.0,0.0,0.0,0.0,0.0,0.0,0.0,1.0,2.0,1.0,1.0,0.0,0.0,0.0,0.0,0.0,0.0,0.0,1.0,0.0,0.0,0.0,0.0,0.0,0.0,0.0,0.0,0.0,0.0,1.0,0.0,0.0,0.0,0.0,0.0,0.0,0.0,0.0,0.0,0.0,0.0,0.0,0.0,0.0,0.0,0.0,0.0,0.0,0.0,0.0,0.0,0.0,0.0,0.0,0.0,0.0,0.0,0.0,0.0,0.0,0.0,0.0,0.0,0.0,0.0,0.0,0.0,0.0,0.0,0.0,0.0,0.0,0.0,0.0,0.0,0.0,0.0,0.0,0.0,0.0,0.0,2.0,0.0,0.0,0.0,0.0,0.0,0.0,0.0,0.0,0.0,0.0,0.0,0.0,0.0,0.0,0.0,2.0,0.0,1.0,2.0,15.0,2.0,2.0,8.0,5.0,5.0,4.0,15.0
CHEMBL62123,Ki,6.0,36.0,4.0,4.0,0.0,0.0,2.0,2.0,0.0,49.0,5.0,4.0,0.0,0.0,4.0,4.0,0.0,2.0,0.0,0.0,0.0,0.0,0.0,47.0,7.0,8.0,0.0,0.0,5.0,5.0,0.0,0.0,42.0,6.0,8.0,0.0,0.0,4.0,4.0,2.0,0.0,0.0,0.0,41.0,6.0,10.0,0.0,0.0,3.0,3.0,0.0,0.0,0.0,0.0,0.0,0.0,42.0,6.0,7.0,0.0,0.0,3.0,3.0,0.0,0.0,0.0,0.0,0.0,2.0,0.0,0.0,0.0,0.0,44.0,5.0,8.0,0.0,0.0,2.0,2.0,0.0,0.0,0.0,1.0,0.0,39.0,7.0,12.0,0.0,0.0,2.0,2.0,0.0,0.0,0.0,0.0,0.0,43.0,2.0,6.0,0.0,0.0,1.0,1.0,1.0,2.0,0.0,1.0,1.0,0.0,1.0,43.0,4.0,7.0,0.0,0.0,3.0,3.0,0.0,0.0,0.0,0.0,0.0,0.0,0.0,1.0,0.0,0.0,1.0,3.0,1.0,1.0,1.0,0.0,1.0,0.0,1.0,1.0,3.0,2.0,0.0,2.0,1.0,0.0,1.0,1.0,3.0,0.0,3.0,1.0,2.0,0.0,0.0,1.0,11.0,3.0,7.0,1.0,0.0,1.0,4.0,0.0,0.0,0.0,2.0,5.0,1.0,0.0,0.0,0.0,0.0,0.0,0.0,0.0,2.0,6.0,0.0,0.0,0.0,1.0,0.0,0.0,0.0,0.0,0.0,0.0,0.0,0.0,0.0,0.0,0.0,2.0,0.0,1.0,1.0,2.0,0.0,0.0,1.0,0.0,0.0,1.0,0.0,0.0,0.0,0.0,1.0,2.0,2.0,3.0,1.0,0.0,0.0,1.0,1.0,0.0,0.0,1.0,0.0,0.0,2.0,2.0,0.0,0.0,1.0,0.0,0.0,4.0,1.0,0.0,0.0,0.0,3.0,2.0,1.0,0.0,0.0,0.0,0.0,3.0,0.0,2.0,0.0,2.0,2.0,0.0,0.0,24.0,0.0,2.0,8.0,14.0,14.0,12.0,31.0
CHEMBL1933355,Ki,214.0,23.0,5.0,5.0,0.0,0.0,0.0,0.0,1.0,27.0,9.0,7.0,0.0,0.0,0.0,0.0,0.0,1.0,0.0,0.0,0.0,0.0,0.0,28.0,7.0,8.0,0.0,0.0,0.0,0.0,0.0,2.0,27.0,7.0,7.0,0.0,0.0,0.0,0.0,2.0,0.0,0.0,0.0,27.0,7.0,7.0,0.0,0.0,0.0,0.0,0.0,0.0,0.0,0.0,0.0,0.0,23.0,9.0,6.0,0.0,0.0,0.0,0.0,0.0,0.0,0.0,0.0,0.0,2.0,0.0,0.0,0.0,0.0,21.0,8.0,6.0,0.0,0.0,0.0,0.0,0.0,1.0,0.0,0.0,1.0,22.0,4.0,8.0,0.0,0.0,0.0,0.0,0.0,0.0,0.0,0.0,0.0,20.0,5.0,7.0,0.0,0.0,0.0,0.0,0.0,0.0,0.0,0.0,0.0,0.0,0.0,21.0,0.0,3.0,0.0,0.0,0.0,0.0,2.0,2.0,0.0,0.0,0.0,0.0,0.0,1.0,0.0,0.0,0.0,5.0,1.0,0.0,0.0,0.0,2.0,0.0,1.0,1.0,2.0,1.0,0.0,1.0,0.0,0.0,1.0,0.0,2.0,0.0,2.0,0.0,0.0,0.0,1.0,1.0,10.0,2.0,6.0,0.0,0.0,0.0,0.0,0.0,0.0,0.0,1.0,3.0,0.0,0.0,0.0,0.0,0.0,0.0,0.0,0.0,1.0,2.0,1.0,0.0,0.0,1.0,0.0,0.0,0.0,0.0,0.0,0.0,0.0,0.0,0.0,0.0,0.0,1.0,0.0,1.0,2.0,1.0,0.0,0.0,1.0,0.0,0.0,1.0,0.0,0.0,0.0,0.0,2.0,0.0,0.0,2.0,1.0,0.0,0.0,1.0,0.0,0.0,0.0,2.0,0.0,0.0,1.0,1.0,0.0,0.0,1.0,0.0,0.0,4.0,0.0,0.0,0.0,0.0,2.0,4.0,0.0,0.0,0.0,0.0,0.0,2.0,0.0,1.0,0.0,2.0,0.0,1.0,2.0,17.0,2.0,2.0,10.0,12.0,12.0,11.0,20.0
CHEMBL1933356,Ki,1090.0,21.0,5.0,5.0,0.0,0.0,1.0,1.0,1.0,24.0,9.0,7.0,0.0,0.0,2.0,2.0,0.0,1.0,0.0,0.0,0.0,0.0,0.0,24.0,7.0,8.0,0.0,0.0,2.0,2.0,0.0,2.0,24.0,7.0,7.0,0.0,0.0,1.0,1.0,2.0,0.0,1.0,0.0,26.0,6.0,7.0,0.0,0.0,1.0,1.0,0.0,0.0,0.0,1.0,1.0,0.0,22.0,7.0,6.0,0.0,0.0,2.0,2.0,0.0,0.0,0.0,0.0,0.0,2.0,0.0,0.0,0.0,0.0,18.0,7.0,6.0,0.0,0.0,0.0,0.0,0.0,1.0,0.0,0.0,1.0,20.0,4.0,7.0,0.0,0.0,1.0,1.0,0.0,0.0,0.0,0.0,0.0,19.0,5.0,6.0,0.0,0.0,2.0,2.0,0.0,0.0,0.0,0.0,0.0,0.0,0.0,18.0,0.0,3.0,0.0,0.0,3.0,3.0,2.0,2.0,0.0,0.0,0.0,0.0,0.0,1.0,0.0,0.0,0.0,4.0,1.0,0.0,0.0,0.0,2.0,0.0,1.0,1.0,1.0,1.0,0.0,1.0,0.0,0.0,1.0,0.0,2.0,0.0,1.0,0.0,1.0,0.0,1.0,1.0,8.0,2.0,5.0,0.0,0.0,0.0,0.0,0.0,0.0,0.0,1.0,3.0,0.0,0.0,0.0,0.0,0.0,0.0,0.0,0.0,1.0,1.0,1.0,0.0,0.0,1.0,0.0,0.0,0.0,0.0,0.0,0.0,0.0,0.0,0.0,0.0,0.0,1.0,0.0,1.0,2.0,1.0,0.0,0.0,1.0,0.0,0.0,1.0,0.0,0.0,0.0,0.0,2.0,1.0,1.0,2.0,1.0,0.0,0.0,1.0,0.0,0.0,0.0,2.0,0.0,0.0,1.0,1.0,0.0,0.0,1.0,0.0,0.0,4.0,0.0,0.0,0.0,0.0,1.0,3.0,0.0,0.0,0.0,0.0,0.0,2.0,0.0,1.0,0.0,2.0,1.0,1.0,2.0,17.0,2.0,2.0,10.0,10.0,10.0,10.0,20.0
CHEMBL487476,Ki,85.0,29.0,7.0,5.0,0.0,0.0,2.0,2.0,0.0,38.0,7.0,5.0,0.0,0.0,4.0,4.0,1.0,3.0,0.0,0.0,0.0,0.0,0.0,34.0,12.0,8.0,0.0,0.0,4.0,4.0,0.0,1.0,30.0,11.0,9.0,0.0,0.0,2.0,2.0,2.0,0.0,2.0,0.0,34.0,9.0,11.0,0.0,0.0,2.0,2.0,0.0,0.0,0.0,0.0,0.0,1.0,36.0,8.0,9.0,0.0,0.0,0.0,0.0,0.0,0.0,0.0,2.0,2.0,2.0,2.0,0.0,0.0,0.0,39.0,4.0,8.0,0.0,0.0,4.0,4.0,1.0,1.0,0.0,0.0,0.0,35.0,7.0,10.0,0.0,0.0,6.0,6.0,0.0,0.0,0.0,0.0,0.0,33.0,5.0,7.0,0.0,0.0,8.0,8.0,1.0,2.0,0.0,0.0,1.0,0.0,0.0,30.0,6.0,7.0,0.0,0.0,6.0,6.0,0.0,1.0,0.0,0.0,0.0,0.0,0.0,1.0,0.0,0.0,1.0,6.0,1.0,1.0,0.0,0.0,3.0,2.0,1.0,0.0,0.0,2.0,0.0,2.0,0.0,0.0,2.0,0.0,3.0,0.0,2.0,0.0,2.0,0.0,0.0,2.0,12.0,3.0,7.0,0.0,0.0,0.0,0.0,0.0,0.0,0.0,1.0,5.0,0.0,0.0,0.0,0.0,0.0,0.0,0.0,0.0,1.0,1.0,3.0,0.0,0.0,1.0,2.0,0.0,0.0,1.0,0.0,0.0,0.0,0.0,0.0,0.0,0.0,1.0,0.0,1.0,1.0,1.0,0.0,0.0,1.0,0.0,0.0,1.0,0.0,0.0,0.0,0.0,3.0,2.0,2.0,5.0,2.0,0.0,0.0,2.0,3.0,0.0,1.0,2.0,0.0,0.0,3.0,3.0,0.0,0.0,1.0,0.0,1.0,5.0,0.0,0.0,0.0,1.0,0.0,4.0,0.0,0.0,1.0,0.0,0.0,2.0,0.0,1.0,0.0,2.0,2.0,0.0,0.0,18.0,0.0,4.0,12.0,15.0,15.0,12.0,27.0
CHEMBL1933350,Ki,4.0,31.0,4.0,3.0,0.0,1.0,1.0,2.0,0.0,42.0,5.0,3.0,0.0,2.0,2.0,4.0,0.0,1.0,0.0,0.0,0.0,0.0,0.0,44.0,6.0,5.0,0.0,2.0,2.0,4.0,0.0,0.0,48.0,5.0,3.0,0.0,4.0,1.0,5.0,2.0,0.0,0.0,0.0,55.0,6.0,4.0,0.0,1.0,1.0,2.0,0.0,0.0,0.0,0.0,0.0,0.0,56.0,6.0,3.0,0.0,2.0,2.0,4.0,0.0,0.0,0.0,0.0,0.0,2.0,0.0,0.0,0.0,0.0,47.0,6.0,6.0,0.0,4.0,4.0,8.0,0.0,0.0,0.0,0.0,0.0,34.0,4.0,7.0,0.0,5.0,5.0,10.0,0.0,0.0,0.0,1.0,0.0,21.0,6.0,7.0,0.0,4.0,5.0,9.0,0.0,0.0,0.0,0.0,0.0,0.0,0.0,15.0,4.0,6.0,0.0,1.0,3.0,4.0,1.0,1.0,0.0,0.0,0.0,0.0,0.0,2.0,0.0,0.0,0.0,4.0,1.0,0.0,0.0,0.0,2.0,0.0,1.0,1.0,2.0,1.0,0.0,1.0,0.0,0.0,1.0,0.0,2.0,0.0,2.0,0.0,1.0,1.0,0.0,1.0,10.0,2.0,6.0,0.0,0.0,0.0,1.0,0.0,0.0,0.0,1.0,4.0,0.0,0.0,0.0,0.0,0.0,0.0,0.0,0.0,1.0,3.0,2.0,0.0,0.0,2.0,1.0,0.0,0.0,0.0,0.0,0.0,0.0,0.0,0.0,0.0,0.0,1.0,0.0,1.0,1.0,1.0,0.0,0.0,1.0,0.0,0.0,1.0,0.0,0.0,0.0,0.0,1.0,1.0,1.0,2.0,1.0,0.0,0.0,1.0,0.0,0.0,0.0,1.0,0.0,1.0,1.0,1.0,0.0,0.0,1.0,0.0,0.0,3.0,0.0,0.0,0.0,0.0,2.0,3.0,2.0,0.0,0.0,0.0,0.0,2.0,0.0,1.0,0.0,2.0,1.0,0.0,1.0,21.0,1.0,2.0,7.0,15.0,15.0,11.0,26.0
CHEMBL1933361,Ki,1190.0,20.0,7.0,5.0,0.0,3.0,0.0,3.0,1.0,24.0,10.0,7.0,0.0,3.0,0.0,3.0,1.0,1.0,0.0,0.0,3.0,3.0,3.0,23.0,9.0,8.0,0.0,6.0,0.0,6.0,1.0,2.0,23.0,9.0,7.0,0.0,3.0,0.0,3.0,2.0,3.0,3.0,0.0,26.0,7.0,6.0,0.0,3.0,0.0,3.0,0.0,1.0,0.0,0.0,0.0,0.0,22.0,9.0,6.0,0.0,0.0,0.0,0.0,0.0,0.0,3.0,0.0,3.0,2.0,0.0,0.0,0.0,0.0,18.0,9.0,6.0,0.0,3.0,0.0,3.0,0.0,1.0,3.0,3.0,1.0,17.0,7.0,8.0,0.0,6.0,0.0,6.0,0.0,0.0,0.0,0.0,0.0,17.0,8.0,6.0,0.0,0.0,0.0,0.0,0.0,0.0,0.0,0.0,0.0,3.0,3.0,19.0,1.0,3.0,0.0,3.0,0.0,3.0,2.0,2.0,0.0,0.0,0.0,0.0,0.0,1.0,0.0,0.0,0.0,4.0,1.0,0.0,0.0,0.0,2.0,0.0,1.0,1.0,1.0,1.0,0.0,1.0,0.0,0.0,1.0,1.0,2.0,0.0,1.0,0.0,0.0,3.0,1.0,1.0,9.0,2.0,5.0,0.0,0.0,0.0,0.0,0.0,0.0,0.0,1.0,3.0,0.0,0.0,0.0,0.0,0.0,0.0,0.0,0.0,1.0,1.0,1.0,0.0,0.0,1.0,0.0,0.0,0.0,0.0,0.0,0.0,0.0,0.0,0.0,0.0,0.0,1.0,0.0,1.0,2.0,1.0,0.0,0.0,1.0,0.0,0.0,1.0,0.0,0.0,0.0,0.0,2.0,0.0,0.0,2.0,1.0,0.0,0.0,1.0,0.0,0.0,0.0,2.0,0.0,3.0,1.0,1.0,0.0,0.0,1.0,0.0,0.0,4.0,0.0,0.0,0.0,0.0,1.0,3.0,0.0,3.0,0.0,0.0,0.0,2.0,0.0,1.0,0.0,2.0,0.0,2.0,3.0,17.0,3.0,2.0,12.0,10.0,10.0,11.0,20.0
CHEMBL3675888,Ki,76.5,30.0,7.0,3.0,0.0,3.0,0.0,3.0,0.0,40.0,9.0,3.0,0.0,6.0,0.0,6.0,0.0,1.0,0.0,0.0,0.0,0.0,0.0,41.0,10.0,4.0,0.0,7.0,0.0,7.0,1.0,1.0,35.0,13.0,3.0,0.0,8.0,0.0,8.0,2.0,0.0,0.0,0.0,34.0,12.0,4.0,0.0,7.0,0.0,7.0,1.0,0.0,1.0,0.0,1.0,0.0,33.0,9.0,3.0,0.0,5.0,0.0,5.0,1.0,0.0,3.0,0.0,3.0,2.0,0.0,0.0,0.0,0.0,32.0,8.0,4.0,0.0,5.0,0.0,5.0,0.0,2.0,2.0,2.0,0.0,27.0,10.0,7.0,0.0,7.0,0.0,7.0,0.0,0.0,0.0,0.0,0.0,27.0,7.0,3.0,0.0,6.0,0.0,6.0,1.0,1.0,1.0,1.0,0.0,1.0,1.0,27.0,7.0,3.0,0.0,6.0,0.0,6.0,0.0,0.0,2.0,2.0,0.0,1.0,1.0,0.0,0.0,0.0,0.0,3.0,0.0,0.0,0.0,0.0,1.0,0.0,2.0,1.0,1.0,2.0,0.0,1.0,0.0,0.0,1.0,0.0,2.0,0.0,0.0,2.0,0.0,3.0,0.0,1.0,7.0,2.0,2.0,0.0,0.0,0.0,0.0,0.0,0.0,0.0,1.0,1.0,0.0,0.0,0.0,0.0,0.0,0.0,0.0,0.0,1.0,0.0,0.0,0.0,0.0,0.0,0.0,0.0,0.0,0.0,0.0,0.0,0.0,0.0,0.0,0.0,0.0,1.0,0.0,1.0,1.0,1.0,0.0,0.0,1.0,0.0,0.0,1.0,0.0,0.0,0.0,0.0,1.0,0.0,0.0,3.0,1.0,0.0,0.0,1.0,1.0,0.0,0.0,1.0,0.0,3.0,3.0,1.0,0.0,0.0,1.0,0.0,0.0,3.0,0.0,0.0,0.0,0.0,1.0,1.0,0.0,0.0,0.0,0.0,0.0,2.0,0.0,1.0,0.0,1.0,0.0,1.0,1.0,24.0,1.0,2.0,10.0,9.0,9.0,8.0,27.0
CHEMBL3675895,Ki,84.6,28.0,6.0,5.0,0.0,3.0,1.0,4.0,0.0,37.0,8.0,5.0,0.0,0.0,2.0,2.0,0.0,1.0,3.0,3.0,3.0,3.0,3.0,38.0,8.0,6.0,0.0,3.0,2.0,5.0,1.0,1.0,33.0,9.0,5.0,0.0,6.0,2.0,8.0,2.0,0.0,0.0,0.0,32.0,9.0,6.0,0.0,6.0,3.0,9.0,0.0,0.0,0.0,0.0,0.0,0.0,31.0,6.0,5.0,0.0,6.0,1.0,7.0,1.0,0.0,0.0,2.0,2.0,2.0,0.0,0.0,0.0,0.0,29.0,6.0,5.0,0.0,6.0,2.0,8.0,0.0,2.0,0.0,0.0,0.0,24.0,7.0,7.0,0.0,6.0,3.0,9.0,0.0,1.0,0.0,0.0,0.0,24.0,4.0,4.0,0.0,3.0,2.0,5.0,1.0,1.0,0.0,1.0,0.0,0.0,1.0,26.0,3.0,4.0,0.0,0.0,2.0,2.0,0.0,0.0,3.0,3.0,0.0,0.0,0.0,0.0,0.0,0.0,0.0,3.0,0.0,0.0,0.0,0.0,1.0,0.0,2.0,1.0,0.0,2.0,0.0,1.0,0.0,0.0,1.0,1.0,2.0,0.0,1.0,1.0,1.0,3.0,1.0,1.0,6.0,2.0,2.0,0.0,0.0,0.0,0.0,0.0,0.0,0.0,1.0,1.0,0.0,0.0,0.0,0.0,0.0,0.0,0.0,0.0,1.0,0.0,0.0,0.0,0.0,0.0,0.0,0.0,0.0,0.0,0.0,0.0,0.0,0.0,0.0,0.0,0.0,1.0,0.0,1.0,1.0,1.0,0.0,0.0,1.0,0.0,0.0,1.0,0.0,0.0,0.0,0.0,1.0,1.0,1.0,3.0,1.0,0.0,0.0,1.0,1.0,0.0,0.0,2.0,1.0,3.0,2.0,1.0,0.0,0.0,1.0,0.0,0.0,4.0,0.0,0.0,3.0,0.0,0.0,1.0,0.0,3.0,0.0,3.0,3.0,2.0,0.0,1.0,0.0,1.0,1.0,1.0,1.0,24.0,1.0,2.0,11.0,8.0,8.0,10.0,28.0
CHEMBL3675896,Ki,62.6,29.0,6.0,3.0,0.0,3.0,1.0,4.0,0.0,38.0,8.0,3.0,0.0,3.0,2.0,5.0,0.0,1.0,0.0,0.0,3.0,3.0,3.0,38.0,8.0,4.0,0.0,6.0,2.0,8.0,1.0,1.0,33.0,9.0,3.0,0.0,6.0,2.0,8.0,2.0,0.0,0.0,0.0,32.0,9.0,4.0,0.0,6.0,3.0,9.0,0.0,0.0,0.0,0.0,0.0,0.0,31.0,6.0,3.0,0.0,6.0,1.0,7.0,1.0,0.0,0.0,2.0,2.0,2.0,0.0,0.0,0.0,0.0,28.0,6.0,4.0,0.0,6.0,2.0,8.0,0.0,2.0,0.0,0.0,0.0,23.0,8.0,7.0,0.0,3.0,3.0,6.0,0.0,0.0,0.0,0.0,0.0,25.0,3.0,3.0,0.0,0.0,2.0,2.0,1.0,1.0,3.0,4.0,0.0,0.0,1.0,26.0,3.0,3.0,0.0,3.0,2.0,5.0,0.0,0.0,0.0,0.0,0.0,0.0,0.0,0.0,0.0,0.0,0.0,3.0,0.0,0.0,0.0,0.0,1.0,0.0,2.0,1.0,0.0,2.0,0.0,1.0,0.0,0.0,1.0,1.0,2.0,0.0,1.0,1.0,1.0,3.0,0.0,1.0,6.0,2.0,2.0,0.0,0.0,0.0,0.0,0.0,0.0,0.0,1.0,1.0,0.0,0.0,0.0,0.0,0.0,0.0,0.0,0.0,1.0,0.0,0.0,0.0,0.0,0.0,0.0,0.0,0.0,0.0,0.0,0.0,0.0,0.0,0.0,0.0,0.0,1.0,0.0,1.0,1.0,1.0,0.0,0.0,1.0,0.0,0.0,1.0,0.0,0.0,0.0,0.0,1.0,1.0,1.0,3.0,1.0,0.0,0.0,1.0,1.0,0.0,0.0,1.0,0.0,3.0,2.0,1.0,0.0,0.0,1.0,0.0,0.0,3.0,0.0,0.0,0.0,0.0,0.0,1.0,0.0,3.0,0.0,0.0,0.0,2.0,0.0,1.0,0.0,1.0,1.0,1.0,1.0,24.0,1.0,2.0,9.0,8.0,8.0,9.0,28.0
CHEMBL3675826,Ki,22.1,30.0,6.0,3.0,0.0,7.0,1.0,8.0,0.0,40.0,8.0,3.0,0.0,8.0,2.0,10.0,0.0,1.0,0.0,0.0,6.0,6.0,6.0,40.0,8.0,4.0,0.0,15.0,3.0,18.0,1.0,1.0,35.0,9.0,3.0,0.0,13.0,3.0,16.0,2.0,0.0,1.0,0.0,35.0,9.0,4.0,0.0,13.0,3.0,16.0,0.0,0.0,0.0,0.0,0.0,0.0,32.0,8.0,3.0,0.0,17.0,3.0,20.0,1.0,0.0,0.0,0.0,0.0,2.0,0.0,0.0,0.0,0.0,30.0,6.0,4.0,0.0,11.0,2.0,13.0,0.0,2.0,6.0,6.0,0.0,26.0,8.0,7.0,0.0,10.0,3.0,13.0,0.0,0.0,0.0,0.0,0.0,27.0,4.0,4.0,0.0,9.0,3.0,12.0,1.0,1.0,4.0,4.0,0.0,0.0,0.0,28.0,3.0,3.0,0.0,10.0,2.0,12.0,0.0,0.0,3.0,4.0,0.0,3.0,3.0,0.0,0.0,0.0,0.0,3.0,0.0,0.0,0.0,0.0,1.0,0.0,2.0,1.0,0.0,2.0,0.0,1.0,0.0,0.0,1.0,2.0,2.0,0.0,0.0,3.0,1.0,7.0,0.0,1.0,7.0,2.0,2.0,0.0,0.0,0.0,0.0,0.0,0.0,0.0,1.0,1.0,0.0,0.0,0.0,0.0,0.0,0.0,0.0,0.0,1.0,0.0,0.0,0.0,0.0,0.0,0.0,0.0,0.0,0.0,0.0,0.0,0.0,0.0,0.0,0.0,0.0,1.0,0.0,1.0,1.0,1.0,0.0,0.0,1.0,0.0,0.0,1.0,0.0,0.0,0.0,0.0,1.0,1.0,1.0,3.0,1.0,0.0,0.0,1.0,1.0,0.0,0.0,1.0,0.0,7.0,2.0,1.0,0.0,0.0,1.0,0.0,0.0,3.0,0.0,0.0,0.0,0.0,0.0,1.0,0.0,6.0,0.0,0.0,0.0,2.0,0.0,1.0,0.0,1.0,1.0,1.0,1.0,24.0,1.0,2.0,9.0,8.0,8.0,10.0,29.0
CHEMBL3675827,Ki,25.1,30.0,6.0,3.0,0.0,6.0,2.0,8.0,0.0,40.0,8.0,3.0,0.0,6.0,4.0,10.0,0.0,1.0,0.0,0.0,6.0,6.0,6.0,40.0,8.0,4.0,0.0,12.0,6.0,18.0,1.0,1.0,35.0,9.0,3.0,0.0,12.0,4.0,16.0,2.0,0.0,1.0,0.0,35.0,9.0,4.0,0.0,12.0,4.0,16.0,0.0,0.0,0.0,0.0,0.0,0.0,32.0,8.0,3.0,0.0,15.0,5.0,20.0,1.0,0.0,0.0,0.0,0.0,2.0,0.0,0.0,0.0,0.0,30.0,6.0,4.0,0.0,9.0,4.0,13.0,0.0,2.0,6.0,6.0,0.0,26.0,8.0,7.0,0.0,9.0,4.0,13.0,0.0,0.0,0.0,0.0,0.0,27.0,4.0,4.0,0.0,9.0,3.0,12.0,1.0,1.0,3.0,4.0,0.0,0.0,0.0,28.0,3.0,3.0,0.0,9.0,3.0,12.0,0.0,0.0,3.0,4.0,0.0,3.0,3.0,0.0,0.0,0.0,0.0,3.0,0.0,0.0,0.0,0.0,1.0,0.0,2.0,1.0,0.0,2.0,0.0,1.0,0.0,0.0,1.0,2.0,2.0,0.0,0.0,3.0,2.0,6.0,0.0,1.0,7.0,2.0,2.0,0.0,0.0,0.0,0.0,0.0,0.0,0.0,1.0,1.0,0.0,0.0,0.0,0.0,0.0,0.0,0.0,0.0,1.0,0.0,0.0,0.0,0.0,0.0,0.0,0.0,0.0,0.0,0.0,0.0,0.0,0.0,0.0,0.0,0.0,1.0,0.0,1.0,1.0,1.0,0.0,0.0,1.0,0.0,0.0,1.0,0.0,0.0,0.0,0.0,1.0,2.0,2.0,3.0,1.0,0.0,0.0,1.0,1.0,0.0,0.0,1.0,0.0,6.0,2.0,1.0,0.0,0.0,1.0,0.0,0.0,3.0,0.0,0.0,0.0,0.0,0.0,1.0,0.0,6.0,0.0,0.0,0.0,2.0,0.0,1.0,0.0,1.0,2.0,1.0,1.0,24.0,1.0,2.0,9.0,8.0,8.0,10.0,29.0
CHEMBL3675828,Ki,21.3,29.0,6.0,3.0,0.0,4.0,2.0,6.0,0.0,38.0,8.0,3.0,0.0,5.0,4.0,9.0,0.0,1.0,0.0,0.0,3.0,3.0,3.0,38.0,8.0,4.0,0.0,8.0,6.0,14.0,1.0,1.0,33.0,9.0,3.0,0.0,7.0,6.0,13.0,2.0,0.0,1.0,0.0,33.0,9.0,4.0,0.0,7.0,5.0,12.0,0.0,0.0,0.0,0.0,0.0,0.0,30.0,8.0,3.0,0.0,11.0,3.0,14.0,1.0,0.0,0.0,0.0,0.0,2.0,0.0,0.0,0.0,0.0,29.0,6.0,4.0,0.0,5.0,2.0,7.0,0.0,2.0,6.0,7.0,0.0,26.0,7.0,7.0,0.0,7.0,4.0,11.0,0.0,0.0,0.0,0.0,0.0,26.0,4.0,4.0,0.0,9.0,4.0,13.0,1.0,1.0,1.0,1.0,0.0,0.0,0.0,27.0,3.0,3.0,0.0,7.0,4.0,11.0,0.0,0.0,3.0,4.0,0.0,3.0,3.0,0.0,0.0,0.0,0.0,3.0,0.0,0.0,0.0,0.0,1.0,0.0,2.0,1.0,0.0,2.0,0.0,1.0,0.0,0.0,1.0,1.0,2.0,0.0,0.0,3.0,2.0,4.0,0.0,1.0,6.0,2.0,2.0,0.0,0.0,0.0,0.0,0.0,0.0,0.0,1.0,1.0,0.0,0.0,0.0,0.0,0.0,0.0,0.0,0.0,1.0,0.0,0.0,0.0,0.0,0.0,0.0,0.0,0.0,0.0,0.0,0.0,0.0,0.0,0.0,0.0,0.0,1.0,0.0,1.0,1.0,1.0,0.0,0.0,1.0,0.0,0.0,1.0,0.0,0.0,0.0,0.0,1.0,2.0,2.0,3.0,1.0,0.0,0.0,1.0,1.0,0.0,0.0,1.0,0.0,4.0,2.0,1.0,0.0,0.0,1.0,0.0,0.0,3.0,0.0,0.0,0.0,0.0,0.0,1.0,0.0,3.0,0.0,0.0,0.0,2.0,0.0,1.0,0.0,1.0,2.0,1.0,1.0,24.0,1.0,2.0,9.0,8.0,8.0,9.0,28.0
CHEMBL3675842,Ki,48.5,29.0,6.0,5.0,0.0,3.0,1.0,4.0,0.0,39.0,8.0,5.0,0.0,3.0,2.0,5.0,0.0,1.0,0.0,0.0,3.0,3.0,3.0,40.0,8.0,7.0,0.0,6.0,2.0,8.0,1.0,1.0,35.0,9.0,6.0,0.0,6.0,2.0,8.0,3.0,0.0,0.0,0.0,34.0,10.0,7.0,0.0,3.0,3.0,6.0,0.0,0.0,0.0,0.0,0.0,0.0,34.0,6.0,5.0,0.0,3.0,1.0,4.0,1.0,0.0,0.0,2.0,2.0,2.0,0.0,0.0,0.0,0.0,31.0,6.0,7.0,0.0,6.0,2.0,8.0,0.0,2.0,0.0,0.0,0.0,27.0,7.0,10.0,0.0,6.0,3.0,9.0,0.0,0.0,0.0,0.0,0.0,27.0,4.0,6.0,0.0,6.0,2.0,8.0,1.0,1.0,0.0,1.0,0.0,0.0,1.0,29.0,3.0,4.0,0.0,0.0,2.0,2.0,0.0,1.0,3.0,3.0,0.0,0.0,1.0,0.0,0.0,0.0,0.0,3.0,0.0,0.0,0.0,0.0,1.0,0.0,2.0,1.0,1.0,2.0,0.0,1.0,0.0,0.0,1.0,1.0,2.0,0.0,1.0,2.0,1.0,3.0,1.0,1.0,7.0,2.0,2.0,0.0,0.0,0.0,0.0,0.0,0.0,0.0,1.0,1.0,0.0,0.0,0.0,0.0,0.0,0.0,0.0,0.0,1.0,0.0,0.0,0.0,0.0,0.0,0.0,0.0,0.0,0.0,0.0,0.0,0.0,0.0,0.0,0.0,0.0,1.0,0.0,1.0,1.0,1.0,0.0,0.0,1.0,0.0,0.0,1.0,0.0,0.0,0.0,0.0,1.0,1.0,1.0,3.0,1.0,0.0,0.0,1.0,1.0,0.0,0.0,2.0,1.0,3.0,2.0,1.0,0.0,0.0,1.0,0.0,0.0,4.0,0.0,0.0,0.0,0.0,0.0,1.0,0.0,3.0,0.0,0.0,0.0,2.0,0.0,1.0,0.0,1.0,1.0,1.0,1.0,24.0,1.0,2.0,11.0,9.0,9.0,10.0,28.0
CHEMBL2381833,Ki,420.0,25.0,5.0,5.0,0.0,3.0,0.0,3.0,1.0,31.0,9.0,7.0,0.0,3.0,0.0,3.0,0.0,1.0,0.0,0.0,3.0,3.0,3.0,26.0,9.0,11.0,0.0,6.0,0.0,6.0,0.0,0.0,31.0,5.0,8.0,0.0,0.0,0.0,0.0,2.0,6.0,6.0,0.0,39.0,2.0,5.0,0.0,3.0,0.0,3.0,0.0,1.0,0.0,0.0,0.0,0.0,35.0,2.0,5.0,0.0,6.0,0.0,6.0,0.0,1.0,0.0,0.0,0.0,2.0,0.0,0.0,0.0,0.0,25.0,4.0,7.0,0.0,6.0,0.0,6.0,0.0,1.0,0.0,0.0,1.0,17.0,9.0,9.0,0.0,3.0,0.0,3.0,0.0,0.0,0.0,0.0,0.0,17.0,12.0,7.0,0.0,0.0,0.0,0.0,0.0,0.0,0.0,0.0,0.0,3.0,3.0,23.0,7.0,5.0,0.0,3.0,0.0,3.0,0.0,0.0,0.0,0.0,0.0,0.0,0.0,2.0,0.0,0.0,0.0,6.0,2.0,0.0,0.0,0.0,4.0,1.0,1.0,1.0,0.0,1.0,0.0,1.0,0.0,0.0,1.0,1.0,2.0,0.0,2.0,0.0,0.0,3.0,1.0,1.0,11.0,2.0,8.0,0.0,0.0,1.0,0.0,0.0,0.0,0.0,1.0,8.0,0.0,0.0,0.0,0.0,2.0,1.0,0.0,0.0,1.0,1.0,7.0,0.0,0.0,2.0,3.0,0.0,0.0,1.0,0.0,0.0,0.0,0.0,0.0,0.0,0.0,1.0,0.0,1.0,3.0,1.0,0.0,0.0,1.0,0.0,0.0,1.0,0.0,0.0,0.0,0.0,2.0,0.0,0.0,2.0,1.0,0.0,0.0,1.0,0.0,0.0,0.0,2.0,1.0,3.0,1.0,1.0,0.0,0.0,1.0,0.0,0.0,4.0,0.0,0.0,0.0,0.0,0.0,5.0,1.0,3.0,0.0,0.0,0.0,2.0,0.0,1.0,0.0,2.0,0.0,1.0,2.0,17.0,2.0,2.0,10.0,13.0,13.0,10.0,22.0
CHEMBL2381823,Ki,100.0,18.0,11.0,3.0,0.0,3.0,0.0,3.0,1.0,23.0,13.0,3.0,0.0,3.0,0.0,3.0,3.0,1.0,0.0,0.0,3.0,3.0,3.0,20.0,14.0,5.0,0.0,6.0,0.0,6.0,4.0,0.0,21.0,15.0,3.0,0.0,0.0,0.0,0.0,2.0,6.0,6.0,0.0,26.0,9.0,4.0,0.0,3.0,0.0,3.0,1.0,0.0,0.0,0.0,0.0,0.0,22.0,10.0,3.0,0.0,0.0,0.0,0.0,1.0,0.0,6.0,0.0,6.0,2.0,0.0,0.0,0.0,0.0,14.0,12.0,5.0,0.0,6.0,0.0,6.0,1.0,1.0,0.0,0.0,0.0,13.0,11.0,6.0,0.0,3.0,0.0,3.0,0.0,0.0,0.0,0.0,0.0,13.0,12.0,5.0,0.0,0.0,0.0,0.0,0.0,0.0,3.0,3.0,0.0,0.0,0.0,18.0,5.0,2.0,0.0,3.0,0.0,3.0,2.0,2.0,0.0,0.0,0.0,0.0,0.0,1.0,0.0,0.0,0.0,4.0,1.0,0.0,0.0,0.0,2.0,0.0,1.0,1.0,1.0,2.0,1.0,1.0,0.0,0.0,1.0,1.0,2.0,0.0,1.0,0.0,0.0,3.0,0.0,1.0,9.0,2.0,5.0,0.0,0.0,0.0,0.0,0.0,0.0,0.0,1.0,3.0,0.0,0.0,0.0,0.0,0.0,0.0,0.0,0.0,1.0,1.0,1.0,0.0,0.0,1.0,0.0,0.0,0.0,0.0,0.0,0.0,0.0,0.0,0.0,1.0,0.0,2.0,0.0,1.0,1.0,2.0,0.0,0.0,1.0,0.0,0.0,1.0,0.0,0.0,0.0,0.0,1.0,0.0,0.0,3.0,1.0,0.0,0.0,1.0,0.0,0.0,0.0,1.0,0.0,3.0,2.0,1.0,0.0,0.0,1.0,0.0,0.0,3.0,0.0,0.0,0.0,0.0,1.0,3.0,0.0,3.0,0.0,0.0,0.0,2.0,0.0,1.0,0.0,2.0,0.0,3.0,4.0,17.0,4.0,2.0,14.0,11.0,11.0,11.0,20.0
CHEMBL2381829,Ki,230.0,20.0,7.0,5.0,0.0,3.0,0.0,3.0,1.0,24.0,10.0,7.0,0.0,3.0,0.0,3.0,1.0,1.0,0.0,0.0,3.0,3.0,3.0,22.0,10.0,9.0,0.0,6.0,0.0,6.0,1.0,1.0,24.0,8.0,7.0,0.0,0.0,0.0,0.0,2.0,6.0,6.0,0.0,29.0,5.0,5.0,0.0,3.0,0.0,3.0,0.0,1.0,0.0,0.0,0.0,0.0,25.0,5.0,5.0,0.0,3.0,0.0,3.0,0.0,1.0,3.0,0.0,3.0,2.0,0.0,0.0,0.0,0.0,17.0,7.0,7.0,0.0,6.0,0.0,6.0,0.0,1.0,0.0,0.0,1.0,14.0,8.0,8.0,0.0,3.0,0.0,3.0,0.0,0.0,0.0,0.0,0.0,14.0,10.0,6.0,0.0,0.0,0.0,0.0,0.0,0.0,0.0,0.0,0.0,3.0,3.0,18.0,5.0,4.0,0.0,3.0,0.0,3.0,1.0,1.0,0.0,0.0,0.0,0.0,0.0,1.0,0.0,0.0,0.0,4.0,1.0,0.0,0.0,0.0,2.0,0.0,1.0,1.0,1.0,1.0,0.0,1.0,0.0,0.0,1.0,1.0,2.0,0.0,1.0,0.0,0.0,3.0,1.0,1.0,9.0,2.0,5.0,0.0,0.0,0.0,0.0,0.0,0.0,0.0,1.0,3.0,0.0,0.0,0.0,0.0,0.0,0.0,0.0,0.0,1.0,1.0,1.0,0.0,0.0,1.0,0.0,0.0,0.0,0.0,0.0,0.0,0.0,0.0,0.0,0.0,0.0,1.0,0.0,1.0,2.0,1.0,0.0,0.0,1.0,0.0,0.0,1.0,0.0,0.0,0.0,0.0,2.0,0.0,0.0,2.0,1.0,0.0,0.0,1.0,0.0,0.0,0.0,2.0,0.0,3.0,1.0,1.0,0.0,0.0,1.0,0.0,0.0,4.0,0.0,0.0,0.0,0.0,1.0,3.0,0.0,3.0,0.0,0.0,0.0,2.0,0.0,1.0,0.0,2.0,0.0,2.0,3.0,17.0,3.0,2.0,12.0,10.0,10.0,11.0,20.0
CHEMBL2381824,Ki,890.0,22.0,5.0,5.0,0.0,3.0,0.0,3.0,1.0,26.0,9.0,7.0,0.0,3.0,0.0,3.0,0.0,1.0,0.0,0.0,3.0,3.0,3.0,24.0,9.0,10.0,0.0,6.0,0.0,6.0,0.0,0.0,27.0,5.0,7.0,0.0,0.0,0.0,0.0,2.0,6.0,6.0,0.0,32.0,2.0,5.0,0.0,3.0,0.0,3.0,0.0,1.0,0.0,0.0,0.0,0.0,28.0,2.0,5.0,0.0,6.0,0.0,6.0,0.0,1.0,0.0,0.0,0.0,2.0,0.0,0.0,0.0,0.0,20.0,4.0,7.0,0.0,6.0,0.0,6.0,0.0,1.0,0.0,0.0,1.0,15.0,7.0,8.0,0.0,3.0,0.0,3.0,0.0,0.0,0.0,0.0,0.0,15.0,9.0,6.0,0.0,0.0,0.0,0.0,0.0,0.0,0.0,0.0,0.0,3.0,3.0,18.0,6.0,5.0,0.0,3.0,0.0,3.0,0.0,0.0,0.0,0.0,0.0,0.0,0.0,1.0,0.0,0.0,0.0,4.0,1.0,0.0,0.0,0.0,2.0,0.0,1.0,1.0,1.0,1.0,0.0,1.0,0.0,0.0,1.0,1.0,2.0,0.0,2.0,0.0,0.0,3.0,1.0,1.0,9.0,2.0,5.0,0.0,0.0,0.0,0.0,0.0,0.0,0.0,1.0,3.0,0.0,0.0,0.0,0.0,0.0,0.0,0.0,0.0,1.0,1.0,1.0,0.0,0.0,1.0,0.0,0.0,0.0,0.0,0.0,0.0,0.0,0.0,0.0,0.0,0.0,1.0,0.0,1.0,2.0,1.0,0.0,0.0,1.0,0.0,0.0,1.0,0.0,0.0,0.0,0.0,2.0,0.0,0.0,2.0,1.0,0.0,0.0,1.0,0.0,0.0,0.0,2.0,1.0,3.0,1.0,1.0,0.0,0.0,1.0,0.0,0.0,4.0,0.0,0.0,0.0,0.0,1.0,3.0,0.0,3.0,0.0,0.0,0.0,2.0,0.0,1.0,0.0,2.0,0.0,1.0,2.0,17.0,2.0,2.0,10.0,10.0,10.0,11.0,21.0
CHEMBL356726,Ki,9200.0,22.0,4.0,7.0,2.0,0.0,1.0,1.0,0.0,30.0,4.0,9.0,1.0,0.0,2.0,2.0,1.0,0.0,0.0,0.0,0.0,0.0,0.0,24.0,6.0,13.0,3.0,0.0,2.0,2.0,0.0,0.0,19.0,4.0,11.0,4.0,0.0,2.0,2.0,1.0,0.0,0.0,0.0,18.0,3.0,9.0,4.0,0.0,1.0,1.0,0.0,3.0,0.0,0.0,0.0,0.0,22.0,6.0,3.0,1.0,0.0,0.0,0.0,0.0,0.0,0.0,0.0,0.0,3.0,0.0,0.0,0.0,0.0,20.0,7.0,6.0,1.0,0.0,1.0,1.0,0.0,0.0,0.0,0.0,0.0,20.0,6.0,8.0,1.0,0.0,0.0,0.0,0.0,0.0,0.0,2.0,0.0,18.0,4.0,5.0,2.0,0.0,2.0,2.0,0.0,2.0,0.0,0.0,1.0,0.0,0.0,14.0,2.0,7.0,2.0,0.0,2.0,2.0,0.0,2.0,0.0,0.0,0.0,0.0,0.0,0.0,0.0,0.0,0.0,2.0,0.0,0.0,0.0,0.0,0.0,0.0,0.0,1.0,1.0,0.0,0.0,0.0,0.0,0.0,1.0,0.0,2.0,0.0,0.0,2.0,1.0,0.0,2.0,1.0,5.0,2.0,1.0,0.0,0.0,0.0,0.0,0.0,0.0,0.0,1.0,0.0,0.0,0.0,0.0,0.0,0.0,0.0,0.0,0.0,0.0,1.0,0.0,0.0,0.0,0.0,0.0,0.0,0.0,0.0,0.0,0.0,0.0,0.0,0.0,0.0,0.0,0.0,0.0,0.0,0.0,0.0,0.0,0.0,0.0,0.0,0.0,0.0,0.0,0.0,0.0,0.0,0.0,1.0,1.0,0.0,0.0,0.0,0.0,0.0,0.0,0.0,0.0,3.0,1.0,0.0,0.0,0.0,0.0,0.0,0.0,0.0,0.0,5.0,0.0,0.0,0.0,0.0,0.0,0.0,0.0,0.0,0.0,0.0,0.0,1.0,0.0,0.0,0.0,4.0,1.0,1.0,2.0,21.0,2.0,4.0,13.0,8.0,8.0,9.0,22.0
CHEMBL359176,Ki,42000.0,14.0,4.0,5.0,2.0,0.0,0.0,0.0,0.0,19.0,4.0,8.0,1.0,0.0,0.0,0.0,1.0,0.0,0.0,0.0,0.0,0.0,0.0,15.0,6.0,8.0,3.0,0.0,0.0,0.0,0.0,0.0,10.0,4.0,7.0,4.0,0.0,0.0,0.0,1.0,0.0,0.0,0.0,8.0,3.0,4.0,4.0,0.0,0.0,0.0,0.0,3.0,0.0,0.0,0.0,1.0,9.0,5.0,3.0,1.0,0.0,0.0,0.0,0.0,0.0,0.0,0.0,0.0,1.0,0.0,0.0,0.0,0.0,9.0,4.0,4.0,1.0,0.0,0.0,0.0,0.0,0.0,0.0,0.0,0.0,11.0,2.0,4.0,0.0,0.0,0.0,0.0,0.0,2.0,0.0,0.0,0.0,11.0,0.0,3.0,0.0,0.0,0.0,0.0,0.0,2.0,0.0,0.0,1.0,0.0,0.0,7.0,0.0,7.0,0.0,0.0,0.0,0.0,0.0,0.0,0.0,0.0,0.0,0.0,0.0,0.0,0.0,0.0,0.0,1.0,0.0,0.0,0.0,0.0,0.0,0.0,0.0,1.0,1.0,0.0,0.0,0.0,0.0,0.0,2.0,0.0,1.0,0.0,0.0,2.0,0.0,0.0,1.0,2.0,3.0,1.0,1.0,0.0,0.0,0.0,0.0,0.0,0.0,0.0,1.0,0.0,0.0,0.0,0.0,0.0,0.0,0.0,0.0,0.0,0.0,1.0,0.0,0.0,0.0,0.0,0.0,0.0,0.0,0.0,0.0,0.0,0.0,0.0,0.0,0.0,0.0,0.0,0.0,0.0,0.0,0.0,0.0,0.0,0.0,0.0,0.0,0.0,0.0,0.0,0.0,0.0,0.0,0.0,0.0,0.0,0.0,0.0,0.0,0.0,0.0,0.0,0.0,1.0,1.0,0.0,0.0,0.0,0.0,0.0,0.0,0.0,0.0,4.0,0.0,0.0,0.0,0.0,0.0,0.0,0.0,0.0,0.0,0.0,0.0,0.0,0.0,0.0,0.0,2.0,0.0,1.0,2.0,15.0,2.0,2.0,11.0,7.0,7.0,5.0,15.0
CHEMBL346451,Ki,20000.0,14.0,4.0,3.0,2.0,0.0,0.0,0.0,0.0,18.0,4.0,6.0,1.0,0.0,0.0,0.0,1.0,0.0,0.0,0.0,0.0,0.0,0.0,13.0,6.0,6.0,3.0,0.0,0.0,0.0,0.0,0.0,8.0,4.0,6.0,4.0,0.0,0.0,0.0,0.0,0.0,0.0,0.0,7.0,2.0,3.0,4.0,0.0,0.0,0.0,0.0,2.0,0.0,0.0,0.0,1.0,8.0,4.0,3.0,1.0,0.0,0.0,0.0,0.0,0.0,0.0,0.0,0.0,1.0,0.0,0.0,0.0,0.0,9.0,4.0,3.0,0.0,0.0,0.0,0.0,0.0,0.0,0.0,0.0,0.0,10.0,2.0,3.0,0.0,0.0,0.0,0.0,0.0,2.0,0.0,0.0,0.0,10.0,0.0,2.0,0.0,0.0,0.0,0.0,0.0,2.0,0.0,0.0,0.0,0.0,0.0,6.0,0.0,4.0,0.0,0.0,0.0,0.0,0.0,0.0,0.0,0.0,0.0,0.0,0.0,0.0,0.0,0.0,0.0,1.0,0.0,0.0,0.0,0.0,0.0,0.0,0.0,1.0,0.0,0.0,0.0,0.0,0.0,0.0,2.0,0.0,1.0,0.0,0.0,1.0,0.0,0.0,0.0,2.0,2.0,1.0,1.0,0.0,0.0,0.0,0.0,0.0,0.0,0.0,1.0,0.0,0.0,0.0,0.0,0.0,0.0,0.0,0.0,0.0,0.0,1.0,0.0,0.0,0.0,0.0,0.0,0.0,0.0,0.0,0.0,0.0,0.0,0.0,0.0,0.0,0.0,0.0,0.0,0.0,0.0,0.0,0.0,0.0,0.0,0.0,0.0,0.0,0.0,0.0,0.0,0.0,0.0,0.0,0.0,0.0,0.0,0.0,0.0,0.0,0.0,0.0,0.0,0.0,0.0,0.0,0.0,0.0,0.0,0.0,0.0,0.0,0.0,3.0,0.0,0.0,0.0,0.0,0.0,0.0,0.0,0.0,0.0,0.0,0.0,0.0,0.0,0.0,0.0,2.0,0.0,1.0,2.0,15.0,2.0,2.0,9.0,6.0,6.0,4.0,15.0
CHEMBL1933349,Ki,70.0,32.0,5.0,5.0,0.0,0.0,2.0,2.0,1.0,42.0,11.0,5.0,0.0,0.0,4.0,4.0,0.0,1.0,0.0,0.0,0.0,0.0,0.0,43.0,13.0,7.0,0.0,0.0,4.0,4.0,0.0,0.0,39.0,14.0,5.0,0.0,0.0,4.0,4.0,2.0,0.0,0.0,0.0,42.0,11.0,6.0,0.0,0.0,2.0,2.0,0.0,0.0,0.0,2.0,2.0,0.0,47.0,8.0,4.0,0.0,0.0,2.0,2.0,0.0,0.0,0.0,2.0,2.0,2.0,0.0,0.0,0.0,0.0,48.0,5.0,6.0,0.0,0.0,4.0,4.0,1.0,1.0,0.0,0.0,0.0,46.0,3.0,6.0,0.0,0.0,8.0,8.0,1.0,2.0,0.0,0.0,0.0,38.0,6.0,7.0,0.0,0.0,8.0,8.0,0.0,1.0,0.0,0.0,0.0,0.0,0.0,31.0,6.0,8.0,0.0,0.0,8.0,8.0,0.0,0.0,0.0,0.0,0.0,0.0,0.0,1.0,1.0,0.0,0.0,2.0,0.0,0.0,0.0,0.0,1.0,0.0,1.0,1.0,2.0,1.0,0.0,1.0,0.0,0.0,1.0,0.0,2.0,0.0,1.0,2.0,2.0,0.0,1.0,1.0,7.0,2.0,3.0,0.0,0.0,0.0,0.0,0.0,0.0,0.0,1.0,1.0,0.0,0.0,0.0,0.0,0.0,0.0,0.0,0.0,1.0,1.0,0.0,0.0,0.0,0.0,0.0,0.0,0.0,0.0,0.0,0.0,0.0,0.0,0.0,0.0,0.0,1.0,0.0,1.0,1.0,1.0,0.0,0.0,1.0,0.0,0.0,1.0,0.0,0.0,0.0,0.0,1.0,2.0,2.0,2.0,1.0,0.0,0.0,1.0,0.0,0.0,0.0,2.0,1.0,0.0,1.0,1.0,0.0,0.0,1.0,0.0,0.0,4.0,0.0,0.0,0.0,0.0,1.0,1.0,0.0,0.0,0.0,0.0,0.0,2.0,0.0,1.0,0.0,2.0,2.0,1.0,2.0,27.0,2.0,2.0,10.0,9.0,9.0,8.0,30.0
CHEMBL3675864,Ki,24.0,29.0,6.0,3.0,0.0,3.0,3.0,6.0,0.0,38.0,8.0,3.0,0.0,3.0,6.0,9.0,0.0,1.0,0.0,0.0,3.0,3.0,3.0,38.0,8.0,4.0,0.0,6.0,8.0,14.0,1.0,1.0,33.0,9.0,3.0,0.0,6.0,6.0,12.0,2.0,0.0,1.0,0.0,33.0,9.0,4.0,0.0,6.0,5.0,11.0,0.0,0.0,0.0,1.0,1.0,0.0,30.0,8.0,3.0,0.0,9.0,7.0,16.0,1.0,0.0,0.0,0.0,0.0,2.0,0.0,0.0,0.0,0.0,29.0,6.0,4.0,0.0,3.0,7.0,10.0,0.0,2.0,6.0,7.0,0.0,26.0,7.0,7.0,0.0,6.0,7.0,13.0,0.0,0.0,0.0,0.0,0.0,26.0,4.0,4.0,0.0,9.0,5.0,14.0,1.0,1.0,0.0,1.0,0.0,0.0,0.0,27.0,3.0,3.0,0.0,6.0,4.0,10.0,0.0,0.0,3.0,5.0,0.0,3.0,4.0,0.0,0.0,0.0,0.0,3.0,0.0,0.0,0.0,0.0,1.0,0.0,2.0,1.0,0.0,2.0,0.0,1.0,0.0,0.0,1.0,1.0,2.0,0.0,1.0,1.0,3.0,3.0,0.0,1.0,6.0,2.0,2.0,0.0,0.0,0.0,0.0,0.0,0.0,0.0,1.0,1.0,0.0,0.0,0.0,0.0,0.0,0.0,0.0,0.0,1.0,0.0,0.0,0.0,0.0,0.0,0.0,0.0,0.0,0.0,0.0,0.0,0.0,0.0,0.0,0.0,0.0,1.0,0.0,1.0,1.0,1.0,0.0,0.0,1.0,0.0,0.0,1.0,0.0,0.0,0.0,0.0,1.0,3.0,3.0,3.0,1.0,0.0,0.0,1.0,1.0,0.0,0.0,1.0,0.0,3.0,2.0,1.0,0.0,0.0,1.0,0.0,0.0,3.0,0.0,0.0,0.0,0.0,0.0,1.0,0.0,3.0,0.0,0.0,0.0,2.0,0.0,1.0,0.0,1.0,3.0,1.0,1.0,24.0,1.0,2.0,9.0,8.0,8.0,9.0,28.0
CHEMBL3675901,Ki,63.9,28.0,6.0,3.0,0.0,0.0,2.0,2.0,0.0,36.0,8.0,3.0,0.0,0.0,4.0,4.0,0.0,1.0,0.0,0.0,0.0,0.0,0.0,36.0,8.0,4.0,0.0,0.0,5.0,5.0,1.0,1.0,31.0,9.0,3.0,0.0,0.0,5.0,5.0,2.0,0.0,0.0,0.0,30.0,9.0,4.0,0.0,0.0,5.0,5.0,0.0,0.0,0.0,0.0,0.0,0.0,29.0,6.0,3.0,0.0,0.0,2.0,2.0,1.0,0.0,0.0,2.0,2.0,2.0,0.0,0.0,0.0,0.0,27.0,6.0,4.0,0.0,0.0,2.0,2.0,0.0,2.0,0.0,1.0,0.0,23.0,7.0,7.0,0.0,0.0,4.0,4.0,0.0,0.0,0.0,0.0,0.0,24.0,3.0,3.0,0.0,0.0,3.0,3.0,1.0,1.0,0.0,1.0,0.0,0.0,1.0,25.0,3.0,3.0,0.0,0.0,4.0,4.0,0.0,0.0,0.0,0.0,0.0,0.0,0.0,0.0,0.0,0.0,0.0,3.0,0.0,0.0,0.0,0.0,1.0,0.0,2.0,1.0,0.0,2.0,0.0,1.0,0.0,0.0,1.0,0.0,2.0,0.0,1.0,1.0,2.0,0.0,0.0,1.0,5.0,2.0,2.0,0.0,0.0,0.0,0.0,0.0,0.0,0.0,1.0,1.0,0.0,0.0,0.0,0.0,0.0,0.0,0.0,0.0,1.0,0.0,0.0,0.0,0.0,0.0,0.0,0.0,0.0,0.0,0.0,0.0,0.0,0.0,0.0,0.0,0.0,1.0,0.0,1.0,1.0,1.0,0.0,0.0,1.0,0.0,0.0,1.0,0.0,0.0,0.0,0.0,1.0,2.0,2.0,3.0,1.0,0.0,0.0,1.0,1.0,0.0,0.0,1.0,0.0,0.0,2.0,1.0,0.0,0.0,1.0,0.0,0.0,3.0,0.0,0.0,0.0,0.0,0.0,1.0,0.0,0.0,0.0,0.0,0.0,2.0,0.0,1.0,0.0,1.0,2.0,1.0,1.0,24.0,1.0,2.0,9.0,8.0,8.0,8.0,27.0
CHEMBL3680825,Ki,15.7,29.0,6.0,3.0,0.0,3.0,2.0,5.0,0.0,38.0,8.0,3.0,0.0,3.0,4.0,7.0,0.0,1.0,0.0,0.0,3.0,3.0,3.0,38.0,8.0,4.0,0.0,6.0,5.0,11.0,1.0,1.0,32.0,9.0,3.0,0.0,6.0,6.0,12.0,2.0,0.0,0.0,0.0,31.0,9.0,4.0,0.0,3.0,5.0,8.0,0.0,0.0,0.0,0.0,0.0,0.0,31.0,6.0,3.0,0.0,3.0,2.0,5.0,1.0,0.0,0.0,2.0,2.0,2.0,0.0,0.0,0.0,0.0,29.0,6.0,4.0,0.0,6.0,2.0,8.0,0.0,2.0,0.0,1.0,0.0,24.0,7.0,7.0,0.0,6.0,4.0,10.0,0.0,0.0,0.0,0.0,0.0,24.0,4.0,3.0,0.0,3.0,3.0,6.0,1.0,1.0,0.0,1.0,0.0,0.0,1.0,26.0,3.0,3.0,0.0,0.0,4.0,4.0,0.0,0.0,3.0,3.0,0.0,0.0,0.0,0.0,0.0,0.0,0.0,3.0,0.0,0.0,0.0,0.0,1.0,0.0,2.0,1.0,0.0,2.0,0.0,1.0,0.0,0.0,1.0,1.0,2.0,0.0,1.0,2.0,2.0,3.0,0.0,1.0,6.0,2.0,2.0,0.0,0.0,0.0,0.0,0.0,0.0,0.0,1.0,1.0,0.0,0.0,0.0,0.0,0.0,0.0,0.0,0.0,1.0,0.0,0.0,0.0,0.0,0.0,0.0,0.0,0.0,0.0,0.0,0.0,0.0,0.0,0.0,0.0,0.0,1.0,0.0,1.0,1.0,1.0,0.0,0.0,1.0,0.0,0.0,1.0,0.0,0.0,0.0,0.0,1.0,2.0,2.0,3.0,1.0,0.0,0.0,1.0,1.0,0.0,0.0,1.0,0.0,3.0,2.0,1.0,0.0,0.0,1.0,0.0,0.0,3.0,0.0,0.0,0.0,0.0,0.0,1.0,0.0,3.0,0.0,0.0,0.0,2.0,0.0,1.0,0.0,1.0,2.0,1.0,1.0,24.0,1.0,2.0,9.0,8.0,8.0,9.0,28.0
CHEMBL3680837,Ki,37.9,32.0,6.0,3.0,0.0,0.0,2.0,2.0,0.0,44.0,8.0,3.0,0.0,0.0,4.0,4.0,0.0,1.0,0.0,0.0,0.0,0.0,0.0,44.0,8.0,4.0,0.0,0.0,5.0,5.0,1.0,1.0,38.0,9.0,3.0,0.0,0.0,5.0,5.0,2.0,0.0,1.0,0.0,34.0,9.0,4.0,0.0,0.0,6.0,6.0,0.0,0.0,0.0,0.0,0.0,0.0,34.0,6.0,3.0,0.0,0.0,3.0,3.0,1.0,0.0,0.0,2.0,2.0,2.0,0.0,0.0,0.0,0.0,35.0,6.0,4.0,0.0,0.0,5.0,5.0,0.0,2.0,0.0,0.0,0.0,30.0,7.0,7.0,0.0,0.0,9.0,9.0,0.0,0.0,0.0,0.0,0.0,27.0,4.0,3.0,0.0,0.0,5.0,5.0,1.0,1.0,0.0,1.0,0.0,0.0,1.0,26.0,6.0,3.0,0.0,0.0,3.0,3.0,0.0,0.0,0.0,1.0,0.0,0.0,0.0,0.0,0.0,0.0,0.0,3.0,0.0,0.0,0.0,0.0,1.0,0.0,2.0,1.0,3.0,2.0,0.0,1.0,0.0,0.0,1.0,1.0,2.0,0.0,1.0,2.0,2.0,0.0,0.0,1.0,9.0,2.0,5.0,0.0,0.0,1.0,3.0,0.0,0.0,0.0,1.0,4.0,0.0,0.0,0.0,0.0,0.0,0.0,0.0,0.0,1.0,3.0,0.0,0.0,0.0,0.0,0.0,0.0,0.0,0.0,0.0,0.0,0.0,0.0,0.0,0.0,0.0,1.0,0.0,1.0,1.0,1.0,0.0,0.0,1.0,0.0,0.0,1.0,0.0,0.0,0.0,0.0,1.0,2.0,2.0,3.0,1.0,0.0,0.0,1.0,1.0,0.0,0.0,1.0,0.0,0.0,2.0,1.0,0.0,0.0,1.0,0.0,0.0,3.0,0.0,0.0,0.0,0.0,3.0,1.0,0.0,0.0,0.0,0.0,0.0,2.0,0.0,1.0,0.0,1.0,2.0,1.0,1.0,24.0,1.0,2.0,9.0,11.0,11.0,9.0,28.0
CHEMBL3675906,Ki,30.9,28.0,6.0,3.0,0.0,1.0,2.0,3.0,0.0,36.0,8.0,3.0,0.0,2.0,4.0,6.0,0.0,1.0,0.0,0.0,0.0,0.0,0.0,36.0,8.0,4.0,0.0,3.0,5.0,8.0,1.0,1.0,31.0,9.0,3.0,0.0,3.0,5.0,8.0,2.0,0.0,0.0,0.0,30.0,9.0,4.0,0.0,2.0,5.0,7.0,0.0,0.0,0.0,0.0,0.0,0.0,29.0,6.0,3.0,0.0,1.0,2.0,3.0,1.0,0.0,0.0,2.0,2.0,2.0,0.0,0.0,0.0,0.0,27.0,6.0,4.0,0.0,0.0,2.0,2.0,0.0,2.0,1.0,2.0,0.0,23.0,7.0,7.0,0.0,1.0,4.0,5.0,0.0,0.0,0.0,0.0,0.0,24.0,3.0,3.0,0.0,1.0,3.0,4.0,1.0,1.0,0.0,1.0,0.0,0.0,1.0,25.0,3.0,3.0,0.0,2.0,4.0,6.0,0.0,0.0,0.0,0.0,0.0,0.0,0.0,0.0,0.0,0.0,0.0,3.0,0.0,0.0,0.0,0.0,1.0,0.0,2.0,1.0,0.0,2.0,0.0,1.0,0.0,0.0,1.0,0.0,2.0,0.0,1.0,1.0,2.0,1.0,0.0,1.0,5.0,2.0,2.0,0.0,0.0,0.0,0.0,0.0,0.0,0.0,1.0,1.0,0.0,0.0,0.0,0.0,0.0,0.0,0.0,0.0,1.0,0.0,0.0,0.0,0.0,0.0,0.0,0.0,0.0,0.0,0.0,0.0,0.0,0.0,0.0,0.0,0.0,1.0,0.0,1.0,1.0,1.0,0.0,0.0,1.0,0.0,0.0,1.0,0.0,0.0,0.0,0.0,1.0,2.0,2.0,3.0,1.0,0.0,0.0,1.0,1.0,0.0,0.0,1.0,0.0,1.0,2.0,1.0,0.0,0.0,1.0,0.0,0.0,3.0,0.0,0.0,0.0,0.0,0.0,1.0,0.0,0.0,0.0,0.0,0.0,2.0,0.0,1.0,0.0,1.0,2.0,1.0,1.0,24.0,1.0,2.0,9.0,8.0,8.0,8.0,27.0
CHEMBL3675907,Ki,31.3,29.0,6.0,3.0,0.0,4.0,2.0,6.0,0.0,38.0,8.0,3.0,0.0,5.0,4.0,9.0,0.0,1.0,0.0,0.0,3.0,3.0,3.0,39.0,8.0,4.0,0.0,8.0,5.0,13.0,1.0,1.0,34.0,9.0,3.0,0.0,11.0,5.0,16.0,2.0,0.0,1.0,0.0,32.0,9.0,4.0,0.0,10.0,7.0,17.0,0.0,0.0,0.0,0.0,0.0,0.0,30.0,6.0,3.0,0.0,8.0,3.0,11.0,1.0,0.0,0.0,2.0,2.0,2.0,0.0,0.0,3.0,3.0,27.0,7.0,4.0,0.0,5.0,4.0,9.0,0.0,2.0,0.0,0.0,0.0,24.0,7.0,7.0,0.0,1.0,6.0,7.0,0.0,0.0,3.0,3.0,0.0,25.0,3.0,3.0,0.0,3.0,5.0,8.0,1.0,1.0,1.0,2.0,0.0,0.0,1.0,27.0,3.0,3.0,0.0,4.0,3.0,7.0,0.0,0.0,0.0,1.0,0.0,0.0,0.0,0.0,0.0,0.0,0.0,3.0,0.0,0.0,0.0,0.0,1.0,0.0,2.0,1.0,0.0,2.0,0.0,1.0,0.0,0.0,1.0,1.0,2.0,0.0,0.0,3.0,2.0,4.0,0.0,1.0,6.0,2.0,2.0,0.0,0.0,0.0,0.0,0.0,0.0,0.0,1.0,1.0,0.0,0.0,0.0,0.0,0.0,0.0,0.0,0.0,1.0,0.0,0.0,0.0,0.0,0.0,0.0,0.0,0.0,0.0,0.0,0.0,0.0,0.0,0.0,0.0,0.0,1.0,0.0,1.0,1.0,1.0,0.0,0.0,1.0,0.0,0.0,1.0,0.0,0.0,0.0,0.0,1.0,2.0,2.0,3.0,1.0,0.0,0.0,1.0,1.0,0.0,0.0,1.0,0.0,4.0,2.0,1.0,0.0,0.0,1.0,0.0,0.0,3.0,0.0,0.0,0.0,0.0,0.0,1.0,0.0,3.0,0.0,0.0,0.0,2.0,0.0,1.0,0.0,1.0,2.0,1.0,1.0,24.0,1.0,2.0,9.0,8.0,8.0,9.0,28.0
CHEMBL3680826,Ki,18.7,29.0,6.0,3.0,0.0,0.0,2.0,2.0,0.0,38.0,8.0,3.0,0.0,0.0,4.0,4.0,0.0,1.0,0.0,0.0,0.0,0.0,0.0,39.0,8.0,4.0,0.0,0.0,4.0,4.0,1.0,1.0,34.0,9.0,3.0,0.0,0.0,4.0,4.0,2.0,0.0,0.0,0.0,32.0,9.0,4.0,0.0,0.0,4.0,4.0,0.0,0.0,0.0,0.0,0.0,0.0,30.0,6.0,3.0,0.0,0.0,3.0,3.0,1.0,0.0,0.0,2.0,2.0,2.0,0.0,0.0,0.0,0.0,27.0,7.0,4.0,0.0,0.0,4.0,4.0,0.0,2.0,0.0,0.0,0.0,24.0,7.0,7.0,0.0,0.0,4.0,4.0,0.0,0.0,0.0,0.0,0.0,25.0,3.0,3.0,0.0,0.0,2.0,2.0,1.0,1.0,0.0,2.0,0.0,0.0,1.0,27.0,3.0,3.0,0.0,0.0,3.0,3.0,0.0,0.0,0.0,0.0,0.0,0.0,0.0,0.0,0.0,0.0,0.0,3.0,0.0,0.0,0.0,0.0,1.0,0.0,2.0,1.0,1.0,2.0,0.0,1.0,0.0,0.0,1.0,0.0,2.0,0.0,1.0,2.0,2.0,0.0,0.0,1.0,6.0,2.0,2.0,0.0,0.0,0.0,0.0,0.0,0.0,0.0,1.0,1.0,0.0,0.0,0.0,0.0,0.0,0.0,0.0,0.0,1.0,0.0,0.0,0.0,0.0,0.0,0.0,0.0,0.0,0.0,0.0,0.0,0.0,0.0,0.0,0.0,0.0,1.0,0.0,1.0,1.0,1.0,0.0,0.0,1.0,0.0,0.0,1.0,0.0,0.0,0.0,0.0,1.0,2.0,2.0,3.0,1.0,0.0,0.0,1.0,1.0,0.0,0.0,1.0,0.0,0.0,2.0,1.0,0.0,0.0,1.0,0.0,0.0,3.0,0.0,0.0,0.0,0.0,1.0,1.0,0.0,0.0,0.0,0.0,0.0,2.0,0.0,1.0,0.0,1.0,2.0,1.0,1.0,24.0,1.0,2.0,9.0,9.0,9.0,8.0,27.0
CHEMBL3680833,Ki,234.8,29.0,6.0,3.0,0.0,1.0,1.0,2.0,0.0,37.0,9.0,3.0,0.0,2.0,2.0,4.0,0.0,1.0,0.0,0.0,0.0,0.0,0.0,39.0,8.0,4.0,0.0,2.0,2.0,4.0,1.0,1.0,36.0,9.0,3.0,0.0,1.0,2.0,3.0,2.0,0.0,0.0,0.0,35.0,9.0,4.0,0.0,1.0,3.0,4.0,0.0,0.0,0.0,0.0,0.0,0.0,31.0,7.0,3.0,0.0,2.0,2.0,4.0,1.0,0.0,0.0,2.0,2.0,2.0,0.0,0.0,0.0,0.0,29.0,6.0,4.0,0.0,2.0,2.0,4.0,0.0,2.0,0.0,0.0,0.0,26.0,7.0,7.0,0.0,1.0,3.0,4.0,0.0,0.0,0.0,0.0,0.0,26.0,4.0,4.0,0.0,0.0,2.0,2.0,1.0,1.0,1.0,2.0,0.0,0.0,1.0,27.0,3.0,3.0,0.0,1.0,2.0,3.0,0.0,0.0,0.0,0.0,0.0,0.0,0.0,1.0,1.0,0.0,0.0,2.0,0.0,0.0,0.0,0.0,1.0,0.0,1.0,1.0,1.0,2.0,1.0,1.0,0.0,0.0,1.0,0.0,2.0,0.0,2.0,1.0,1.0,1.0,0.0,1.0,6.0,2.0,3.0,0.0,0.0,0.0,0.0,0.0,0.0,0.0,1.0,1.0,0.0,0.0,0.0,0.0,0.0,0.0,0.0,0.0,1.0,1.0,0.0,0.0,0.0,0.0,0.0,0.0,0.0,0.0,0.0,0.0,0.0,0.0,0.0,0.0,0.0,1.0,0.0,1.0,1.0,2.0,0.0,0.0,1.0,0.0,0.0,1.0,0.0,0.0,0.0,0.0,1.0,1.0,1.0,3.0,1.0,0.0,0.0,1.0,1.0,0.0,0.0,1.0,0.0,1.0,2.0,1.0,0.0,0.0,1.0,0.0,0.0,3.0,0.0,0.0,0.0,0.0,1.0,1.0,0.0,0.0,0.0,0.0,0.0,2.0,0.0,1.0,0.0,1.0,1.0,1.0,1.0,24.0,1.0,2.0,9.0,9.0,9.0,8.0,28.0
CHEMBL3680843,Ki,18.3,35.0,6.0,3.0,0.0,1.0,0.0,1.0,0.0,46.0,8.0,3.0,0.0,2.0,0.0,2.0,0.0,1.0,0.0,0.0,0.0,0.0,0.0,47.0,8.0,4.0,0.0,2.0,0.0,2.0,1.0,1.0,42.0,9.0,3.0,0.0,1.0,0.0,1.0,2.0,0.0,0.0,0.0,43.0,9.0,4.0,0.0,1.0,0.0,1.0,0.0,0.0,0.0,0.0,0.0,0.0,42.0,8.0,3.0,0.0,2.0,0.0,2.0,1.0,0.0,0.0,0.0,0.0,2.0,0.0,0.0,0.0,0.0,39.0,10.0,4.0,0.0,2.0,0.0,2.0,0.0,2.0,0.0,0.0,0.0,35.0,11.0,7.0,0.0,1.0,0.0,1.0,0.0,0.0,0.0,0.0,0.0,37.0,6.0,4.0,0.0,0.0,0.0,0.0,1.0,1.0,1.0,1.0,0.0,0.0,0.0,39.0,5.0,5.0,0.0,1.0,0.0,1.0,0.0,0.0,0.0,0.0,0.0,0.0,0.0,0.0,0.0,0.0,0.0,7.0,0.0,0.0,0.0,0.0,4.0,2.0,2.0,1.0,0.0,2.0,0.0,1.0,0.0,0.0,1.0,0.0,2.0,0.0,2.0,1.0,0.0,1.0,0.0,1.0,11.0,2.0,7.0,0.0,0.0,0.0,0.0,0.0,0.0,0.0,1.0,5.0,0.0,0.0,0.0,0.0,0.0,0.0,0.0,0.0,1.0,1.0,3.0,0.0,0.0,1.0,2.0,0.0,0.0,1.0,0.0,0.0,0.0,0.0,0.0,0.0,0.0,1.0,0.0,1.0,1.0,1.0,0.0,0.0,1.0,0.0,0.0,1.0,0.0,0.0,0.0,0.0,1.0,0.0,0.0,3.0,1.0,0.0,0.0,1.0,1.0,0.0,0.0,1.0,0.0,1.0,2.0,1.0,0.0,0.0,1.0,0.0,0.0,3.0,0.0,0.0,0.0,0.0,0.0,5.0,0.0,0.0,0.0,0.0,0.0,2.0,0.0,1.0,0.0,1.0,0.0,1.0,1.0,24.0,1.0,4.0,9.0,13.0,13.0,9.0,29.0
CHEMBL3675815,Ki,61.4,28.0,6.0,4.0,0.0,1.0,1.0,2.0,0.0,36.0,8.0,4.0,0.0,2.0,2.0,4.0,0.0,2.0,0.0,0.0,0.0,0.0,0.0,36.0,8.0,7.0,0.0,2.0,2.0,4.0,1.0,1.0,31.0,9.0,8.0,0.0,1.0,2.0,3.0,2.0,0.0,0.0,0.0,30.0,9.0,9.0,0.0,1.0,3.0,4.0,0.0,0.0,0.0,0.0,0.0,0.0,29.0,6.0,5.0,0.0,2.0,1.0,3.0,1.0,1.0,0.0,2.0,2.0,2.0,1.0,0.0,0.0,0.0,27.0,6.0,6.0,0.0,2.0,2.0,4.0,0.0,2.0,0.0,0.0,0.0,23.0,7.0,10.0,0.0,1.0,3.0,4.0,0.0,0.0,0.0,0.0,0.0,24.0,3.0,5.0,0.0,0.0,2.0,2.0,1.0,2.0,1.0,2.0,1.0,0.0,1.0,25.0,3.0,5.0,0.0,1.0,2.0,3.0,0.0,0.0,0.0,0.0,0.0,0.0,0.0,0.0,0.0,0.0,0.0,2.0,0.0,0.0,0.0,0.0,1.0,0.0,1.0,1.0,0.0,2.0,0.0,2.0,0.0,0.0,1.0,0.0,3.0,0.0,2.0,1.0,1.0,1.0,0.0,1.0,5.0,3.0,2.0,0.0,0.0,0.0,0.0,0.0,0.0,0.0,1.0,1.0,0.0,0.0,0.0,0.0,0.0,0.0,0.0,0.0,1.0,0.0,0.0,0.0,0.0,0.0,0.0,0.0,0.0,0.0,0.0,0.0,0.0,0.0,0.0,0.0,0.0,1.0,0.0,1.0,1.0,1.0,0.0,0.0,1.0,0.0,0.0,1.0,0.0,0.0,0.0,0.0,1.0,1.0,1.0,3.0,1.0,0.0,0.0,1.0,1.0,0.0,0.0,1.0,0.0,1.0,2.0,2.0,0.0,0.0,1.0,0.0,0.0,4.0,0.0,0.0,0.0,0.0,0.0,1.0,0.0,0.0,0.0,0.0,0.0,3.0,0.0,2.0,0.0,4.0,1.0,1.0,1.0,24.0,1.0,4.0,10.0,7.0,7.0,8.0,28.0
CHEMBL3675850,Ki,22.6,28.0,6.0,3.0,0.0,2.0,2.0,4.0,0.0,36.0,8.0,3.0,0.0,4.0,4.0,8.0,0.0,1.0,0.0,0.0,0.0,0.0,0.0,36.0,8.0,4.0,0.0,5.0,5.0,10.0,1.0,1.0,31.0,9.0,3.0,0.0,4.0,5.0,9.0,2.0,0.0,1.0,0.0,30.0,9.0,4.0,0.0,3.0,6.0,9.0,0.0,0.0,0.0,0.0,0.0,0.0,29.0,6.0,3.0,0.0,3.0,3.0,6.0,1.0,0.0,0.0,2.0,2.0,2.0,0.0,0.0,0.0,0.0,27.0,6.0,4.0,0.0,2.0,4.0,6.0,0.0,2.0,1.0,1.0,0.0,23.0,7.0,7.0,0.0,2.0,6.0,8.0,0.0,0.0,0.0,0.0,0.0,24.0,3.0,3.0,0.0,1.0,5.0,6.0,1.0,1.0,1.0,2.0,0.0,0.0,1.0,25.0,3.0,3.0,0.0,3.0,3.0,6.0,0.0,0.0,0.0,1.0,0.0,0.0,0.0,0.0,0.0,0.0,0.0,3.0,0.0,0.0,0.0,0.0,1.0,0.0,2.0,1.0,0.0,2.0,0.0,1.0,0.0,0.0,1.0,0.0,2.0,0.0,0.0,3.0,2.0,2.0,0.0,1.0,5.0,2.0,2.0,0.0,0.0,0.0,0.0,0.0,0.0,0.0,1.0,1.0,0.0,0.0,0.0,0.0,0.0,0.0,0.0,0.0,1.0,0.0,0.0,0.0,0.0,0.0,0.0,0.0,0.0,0.0,0.0,0.0,0.0,0.0,0.0,0.0,0.0,1.0,0.0,1.0,1.0,1.0,0.0,0.0,1.0,0.0,0.0,1.0,0.0,0.0,0.0,0.0,1.0,2.0,2.0,3.0,1.0,0.0,0.0,1.0,1.0,0.0,0.0,1.0,0.0,2.0,2.0,1.0,0.0,0.0,1.0,0.0,0.0,3.0,0.0,0.0,0.0,0.0,0.0,1.0,0.0,0.0,0.0,0.0,0.0,2.0,0.0,1.0,0.0,1.0,2.0,1.0,1.0,24.0,1.0,2.0,9.0,8.0,8.0,8.0,27.0
CHEMBL64646,Ki,66.0,32.0,6.0,4.0,0.0,0.0,0.0,0.0,3.0,44.0,6.0,6.0,0.0,0.0,0.0,0.0,5.0,2.0,0.0,0.0,0.0,0.0,0.0,42.0,7.0,9.0,0.0,0.0,0.0,0.0,2.0,1.0,36.0,10.0,11.0,0.0,0.0,0.0,0.0,2.0,0.0,0.0,0.0,34.0,12.0,11.0,0.0,0.0,0.0,0.0,0.0,2.0,0.0,0.0,0.0,0.0,35.0,13.0,7.0,0.0,0.0,0.0,0.0,0.0,1.0,0.0,0.0,0.0,1.0,0.0,0.0,0.0,0.0,36.0,11.0,9.0,0.0,0.0,0.0,0.0,0.0,0.0,0.0,0.0,0.0,36.0,9.0,9.0,0.0,0.0,0.0,0.0,0.0,2.0,0.0,0.0,0.0,39.0,4.0,6.0,0.0,0.0,0.0,0.0,1.0,4.0,0.0,0.0,1.0,0.0,0.0,38.0,10.0,7.0,0.0,0.0,0.0,0.0,0.0,0.0,0.0,0.0,0.0,0.0,0.0,1.0,0.0,0.0,1.0,0.0,0.0,0.0,0.0,0.0,0.0,0.0,0.0,0.0,3.0,2.0,0.0,2.0,1.0,0.0,0.0,1.0,2.0,0.0,3.0,0.0,0.0,0.0,1.0,0.0,7.0,2.0,4.0,1.0,0.0,1.0,3.0,0.0,0.0,0.0,1.0,3.0,0.0,0.0,0.0,0.0,0.0,0.0,0.0,0.0,0.0,4.0,0.0,0.0,0.0,0.0,0.0,0.0,0.0,0.0,0.0,0.0,0.0,0.0,0.0,0.0,0.0,0.0,0.0,0.0,0.0,1.0,0.0,0.0,0.0,0.0,0.0,0.0,0.0,0.0,0.0,0.0,1.0,0.0,0.0,2.0,0.0,0.0,0.0,0.0,1.0,0.0,0.0,1.0,1.0,0.0,2.0,2.0,0.0,0.0,0.0,0.0,1.0,3.0,0.0,0.0,0.0,0.0,3.0,0.0,0.0,0.0,0.0,0.0,0.0,2.0,0.0,2.0,0.0,2.0,0.0,3.0,4.0,29.0,4.0,2.0,10.0,12.0,12.0,10.0,32.0
CHEMBL3675800,Ki,64.9,28.0,6.0,3.0,0.0,0.0,2.0,2.0,0.0,36.0,8.0,3.0,0.0,0.0,4.0,4.0,0.0,1.0,0.0,0.0,0.0,0.0,0.0,36.0,8.0,4.0,0.0,0.0,4.0,4.0,1.0,1.0,31.0,9.0,3.0,0.0,0.0,3.0,3.0,2.0,0.0,0.0,0.0,30.0,9.0,4.0,0.0,0.0,2.0,2.0,0.0,0.0,0.0,1.0,1.0,0.0,29.0,6.0,3.0,0.0,0.0,5.0,5.0,1.0,0.0,0.0,0.0,0.0,2.0,0.0,0.0,0.0,0.0,27.0,6.0,4.0,0.0,0.0,5.0,5.0,0.0,2.0,0.0,1.0,0.0,23.0,7.0,7.0,0.0,0.0,4.0,4.0,0.0,0.0,0.0,0.0,0.0,24.0,3.0,3.0,0.0,0.0,2.0,2.0,1.0,1.0,0.0,1.0,0.0,0.0,0.0,25.0,3.0,3.0,0.0,0.0,2.0,2.0,0.0,0.0,0.0,1.0,0.0,0.0,1.0,0.0,0.0,0.0,0.0,3.0,0.0,0.0,0.0,0.0,1.0,0.0,2.0,1.0,0.0,2.0,0.0,1.0,0.0,0.0,1.0,0.0,2.0,0.0,2.0,1.0,2.0,0.0,0.0,1.0,5.0,2.0,2.0,0.0,0.0,0.0,0.0,0.0,0.0,0.0,1.0,1.0,0.0,0.0,0.0,0.0,0.0,0.0,0.0,0.0,1.0,0.0,0.0,0.0,0.0,0.0,0.0,0.0,0.0,0.0,0.0,0.0,0.0,0.0,0.0,0.0,0.0,1.0,0.0,1.0,1.0,1.0,0.0,0.0,1.0,0.0,0.0,1.0,0.0,0.0,0.0,0.0,1.0,2.0,2.0,3.0,1.0,0.0,0.0,1.0,1.0,0.0,0.0,1.0,0.0,0.0,2.0,1.0,0.0,0.0,1.0,0.0,0.0,3.0,0.0,0.0,0.0,0.0,0.0,1.0,0.0,0.0,0.0,0.0,0.0,2.0,0.0,1.0,0.0,1.0,2.0,1.0,1.0,24.0,1.0,2.0,9.0,8.0,8.0,8.0,27.0
CHEMBL3675884,Ki,23.9,28.0,6.0,3.0,0.0,2.0,3.0,5.0,0.0,36.0,8.0,3.0,0.0,4.0,6.0,10.0,0.0,1.0,0.0,0.0,0.0,0.0,0.0,36.0,8.0,4.0,0.0,4.0,8.0,12.0,1.0,1.0,31.0,9.0,3.0,0.0,4.0,7.0,11.0,2.0,0.0,1.0,0.0,30.0,9.0,4.0,0.0,4.0,6.0,10.0,0.0,0.0,1.0,0.0,1.0,0.0,29.0,6.0,3.0,0.0,4.0,5.0,9.0,1.0,0.0,2.0,0.0,2.0,2.0,0.0,0.0,0.0,0.0,27.0,6.0,4.0,0.0,5.0,4.0,9.0,0.0,2.0,1.0,2.0,0.0,23.0,7.0,7.0,0.0,6.0,5.0,11.0,0.0,0.0,0.0,0.0,0.0,24.0,3.0,3.0,0.0,4.0,4.0,8.0,1.0,1.0,1.0,2.0,0.0,1.0,1.0,25.0,3.0,3.0,0.0,3.0,4.0,7.0,0.0,0.0,1.0,2.0,0.0,1.0,1.0,0.0,0.0,0.0,0.0,3.0,0.0,0.0,0.0,0.0,1.0,0.0,2.0,1.0,0.0,2.0,0.0,1.0,0.0,0.0,1.0,0.0,2.0,0.0,0.0,2.0,3.0,2.0,0.0,1.0,5.0,2.0,2.0,0.0,0.0,0.0,0.0,0.0,0.0,0.0,1.0,1.0,0.0,0.0,0.0,0.0,0.0,0.0,0.0,0.0,1.0,0.0,0.0,0.0,0.0,0.0,0.0,0.0,0.0,0.0,0.0,0.0,0.0,0.0,0.0,0.0,0.0,1.0,0.0,1.0,1.0,1.0,0.0,0.0,1.0,0.0,0.0,1.0,0.0,0.0,0.0,0.0,1.0,3.0,3.0,3.0,1.0,0.0,0.0,1.0,1.0,0.0,0.0,1.0,0.0,2.0,2.0,1.0,0.0,0.0,1.0,0.0,0.0,3.0,0.0,0.0,0.0,0.0,0.0,1.0,0.0,0.0,0.0,0.0,0.0,2.0,0.0,1.0,0.0,1.0,3.0,1.0,1.0,24.0,1.0,2.0,9.0,8.0,8.0,8.0,27.0
CHEMBL3617566,Ki,26.0,28.0,7.0,3.0,0.0,0.0,0.0,0.0,1.0,34.0,13.0,3.0,0.0,0.0,0.0,0.0,0.0,1.0,0.0,0.0,0.0,0.0,0.0,33.0,14.0,5.0,0.0,0.0,0.0,0.0,0.0,0.0,32.0,13.0,3.0,0.0,0.0,0.0,0.0,2.0,0.0,0.0,0.0,36.0,7.0,4.0,0.0,0.0,0.0,0.0,1.0,0.0,0.0,0.0,0.0,0.0,34.0,6.0,3.0,0.0,0.0,0.0,0.0,1.0,0.0,0.0,0.0,0.0,2.0,0.0,0.0,0.0,0.0,29.0,6.0,5.0,0.0,0.0,0.0,0.0,1.0,1.0,0.0,0.0,0.0,23.0,9.0,6.0,0.0,0.0,0.0,0.0,0.0,0.0,0.0,0.0,0.0,19.0,12.0,5.0,0.0,0.0,0.0,0.0,0.0,0.0,0.0,0.0,0.0,0.0,0.0,21.0,9.0,4.0,0.0,0.0,0.0,0.0,0.0,0.0,0.0,0.0,0.0,0.0,0.0,1.0,0.0,0.0,0.0,4.0,1.0,0.0,0.0,0.0,2.0,0.0,1.0,1.0,1.0,2.0,1.0,1.0,0.0,0.0,1.0,0.0,2.0,0.0,2.0,0.0,0.0,0.0,0.0,1.0,8.0,2.0,5.0,0.0,0.0,0.0,0.0,0.0,0.0,0.0,1.0,3.0,0.0,0.0,0.0,0.0,0.0,0.0,0.0,0.0,1.0,1.0,1.0,0.0,0.0,1.0,0.0,0.0,0.0,0.0,0.0,0.0,0.0,0.0,0.0,1.0,0.0,2.0,0.0,1.0,1.0,2.0,0.0,0.0,1.0,0.0,0.0,1.0,0.0,0.0,0.0,0.0,1.0,0.0,0.0,3.0,1.0,0.0,0.0,1.0,1.0,0.0,0.0,1.0,0.0,0.0,2.0,1.0,0.0,0.0,1.0,0.0,0.0,3.0,0.0,0.0,0.0,0.0,1.0,3.0,0.0,0.0,0.0,0.0,0.0,2.0,0.0,1.0,0.0,2.0,0.0,1.0,2.0,23.0,2.0,2.0,10.0,11.0,11.0,10.0,27.0
CHEMBL3675880,Ki,25.4,28.0,6.0,3.0,0.0,3.0,2.0,5.0,0.0,36.0,8.0,3.0,0.0,6.0,4.0,10.0,0.0,1.0,0.0,0.0,0.0,0.0,0.0,36.0,8.0,4.0,0.0,7.0,5.0,12.0,1.0,1.0,31.0,9.0,3.0,0.0,7.0,4.0,11.0,2.0,0.0,1.0,0.0,30.0,9.0,4.0,0.0,6.0,4.0,10.0,0.0,0.0,1.0,0.0,1.0,0.0,29.0,6.0,3.0,0.0,5.0,4.0,9.0,1.0,0.0,2.0,0.0,2.0,2.0,0.0,0.0,0.0,0.0,27.0,6.0,4.0,0.0,5.0,4.0,9.0,0.0,2.0,2.0,2.0,0.0,23.0,7.0,7.0,0.0,7.0,4.0,11.0,0.0,0.0,0.0,0.0,0.0,24.0,3.0,3.0,0.0,5.0,3.0,8.0,1.0,1.0,1.0,2.0,0.0,1.0,1.0,25.0,3.0,3.0,0.0,5.0,2.0,7.0,0.0,0.0,1.0,2.0,0.0,1.0,1.0,0.0,0.0,0.0,0.0,3.0,0.0,0.0,0.0,0.0,1.0,0.0,2.0,1.0,0.0,2.0,0.0,1.0,0.0,0.0,1.0,0.0,2.0,0.0,0.0,2.0,2.0,3.0,0.0,1.0,5.0,2.0,2.0,0.0,0.0,0.0,0.0,0.0,0.0,0.0,1.0,1.0,0.0,0.0,0.0,0.0,0.0,0.0,0.0,0.0,1.0,0.0,0.0,0.0,0.0,0.0,0.0,0.0,0.0,0.0,0.0,0.0,0.0,0.0,0.0,0.0,0.0,1.0,0.0,1.0,1.0,1.0,0.0,0.0,1.0,0.0,0.0,1.0,0.0,0.0,0.0,0.0,1.0,2.0,2.0,3.0,1.0,0.0,0.0,1.0,1.0,0.0,0.0,1.0,0.0,3.0,2.0,1.0,0.0,0.0,1.0,0.0,0.0,3.0,0.0,0.0,0.0,0.0,0.0,1.0,0.0,0.0,0.0,0.0,0.0,2.0,0.0,1.0,0.0,1.0,2.0,1.0,1.0,24.0,1.0,2.0,9.0,8.0,8.0,8.0,27.0
CHEMBL3675839,Ki,16.8,28.0,6.0,3.0,0.0,0.0,4.0,4.0,0.0,36.0,8.0,3.0,0.0,0.0,8.0,8.0,0.0,1.0,0.0,0.0,0.0,0.0,0.0,36.0,8.0,4.0,0.0,0.0,10.0,10.0,1.0,1.0,31.0,9.0,3.0,0.0,0.0,9.0,9.0,2.0,0.0,1.0,0.0,30.0,9.0,4.0,0.0,0.0,9.0,9.0,0.0,0.0,0.0,0.0,0.0,0.0,29.0,6.0,3.0,0.0,0.0,6.0,6.0,1.0,0.0,0.0,2.0,2.0,2.0,0.0,0.0,0.0,0.0,27.0,6.0,4.0,0.0,0.0,6.0,6.0,0.0,2.0,0.0,1.0,0.0,23.0,7.0,7.0,0.0,0.0,8.0,8.0,0.0,0.0,0.0,0.0,0.0,24.0,3.0,3.0,0.0,0.0,6.0,6.0,1.0,1.0,0.0,2.0,0.0,0.0,1.0,25.0,3.0,3.0,0.0,0.0,6.0,6.0,0.0,0.0,0.0,1.0,0.0,0.0,0.0,0.0,0.0,0.0,0.0,3.0,0.0,0.0,0.0,0.0,1.0,0.0,2.0,1.0,0.0,2.0,0.0,1.0,0.0,0.0,1.0,0.0,2.0,0.0,0.0,3.0,4.0,0.0,0.0,1.0,5.0,2.0,2.0,0.0,0.0,0.0,0.0,0.0,0.0,0.0,1.0,1.0,0.0,0.0,0.0,0.0,0.0,0.0,0.0,0.0,1.0,0.0,0.0,0.0,0.0,0.0,0.0,0.0,0.0,0.0,0.0,0.0,0.0,0.0,0.0,0.0,0.0,1.0,0.0,1.0,1.0,1.0,0.0,0.0,1.0,0.0,0.0,1.0,0.0,0.0,0.0,0.0,1.0,4.0,4.0,3.0,1.0,0.0,0.0,1.0,1.0,0.0,0.0,1.0,0.0,0.0,2.0,1.0,0.0,0.0,1.0,0.0,0.0,3.0,0.0,0.0,0.0,0.0,0.0,1.0,0.0,0.0,0.0,0.0,0.0,2.0,0.0,1.0,0.0,1.0,4.0,1.0,1.0,24.0,1.0,2.0,9.0,8.0,8.0,8.0,27.0
CHEMBL3675824,Ki,30.4,30.0,6.0,3.0,0.0,6.0,0.0,6.0,0.0,40.0,8.0,3.0,0.0,6.0,0.0,6.0,0.0,1.0,0.0,0.0,6.0,6.0,6.0,40.0,8.0,4.0,0.0,12.0,0.0,12.0,1.0,1.0,34.0,9.0,3.0,0.0,12.0,0.0,12.0,2.0,0.0,0.0,0.0,34.0,9.0,4.0,0.0,9.0,0.0,9.0,0.0,0.0,0.0,0.0,0.0,0.0,32.0,8.0,3.0,0.0,12.0,0.0,12.0,1.0,0.0,0.0,0.0,0.0,2.0,0.0,0.0,0.0,0.0,31.0,6.0,4.0,0.0,9.0,0.0,9.0,0.0,2.0,6.0,6.0,0.0,27.0,7.0,7.0,0.0,12.0,0.0,12.0,0.0,0.0,0.0,0.0,0.0,26.0,5.0,4.0,0.0,12.0,0.0,12.0,1.0,1.0,0.0,0.0,0.0,0.0,0.0,28.0,3.0,3.0,0.0,6.0,0.0,6.0,0.0,0.0,6.0,6.0,0.0,3.0,3.0,0.0,0.0,0.0,0.0,3.0,0.0,0.0,0.0,0.0,1.0,0.0,2.0,1.0,0.0,2.0,0.0,1.0,0.0,0.0,1.0,2.0,2.0,0.0,2.0,1.0,0.0,6.0,0.0,1.0,7.0,2.0,2.0,0.0,0.0,0.0,0.0,0.0,0.0,0.0,1.0,1.0,0.0,0.0,0.0,0.0,0.0,0.0,0.0,0.0,1.0,0.0,0.0,0.0,0.0,0.0,0.0,0.0,0.0,0.0,0.0,0.0,0.0,0.0,0.0,0.0,0.0,1.0,0.0,1.0,1.0,1.0,0.0,0.0,1.0,0.0,0.0,1.0,0.0,0.0,0.0,0.0,1.0,0.0,0.0,3.0,1.0,0.0,0.0,1.0,1.0,0.0,0.0,1.0,0.0,6.0,2.0,1.0,0.0,0.0,1.0,0.0,0.0,3.0,0.0,0.0,0.0,0.0,0.0,1.0,0.0,6.0,0.0,0.0,0.0,2.0,0.0,1.0,0.0,1.0,0.0,1.0,1.0,24.0,1.0,2.0,9.0,8.0,8.0,10.0,29.0
CHEMBL2381828,Ki,220.0,21.0,7.0,5.0,0.0,3.0,0.0,3.0,0.0,27.0,7.0,7.0,0.0,3.0,0.0,3.0,1.0,1.0,0.0,0.0,3.0,3.0,3.0,26.0,7.0,10.0,0.0,3.0,0.0,3.0,0.0,0.0,27.0,5.0,7.0,0.0,3.0,0.0,3.0,2.0,3.0,3.0,0.0,31.0,3.0,5.0,0.0,3.0,0.0,3.0,0.0,1.0,0.0,0.0,0.0,0.0,27.0,3.0,6.0,0.0,6.0,0.0,6.0,0.0,0.0,0.0,0.0,0.0,2.0,0.0,0.0,0.0,0.0,21.0,3.0,6.0,0.0,6.0,0.0,6.0,0.0,2.0,0.0,0.0,1.0,16.0,6.0,8.0,0.0,3.0,0.0,3.0,0.0,0.0,0.0,0.0,0.0,16.0,8.0,6.0,0.0,0.0,0.0,0.0,0.0,0.0,0.0,0.0,0.0,3.0,3.0,18.0,6.0,5.0,0.0,3.0,0.0,3.0,0.0,0.0,0.0,0.0,0.0,0.0,0.0,1.0,0.0,0.0,0.0,4.0,1.0,0.0,0.0,0.0,2.0,0.0,1.0,1.0,1.0,1.0,0.0,1.0,0.0,0.0,1.0,1.0,2.0,0.0,2.0,0.0,0.0,3.0,1.0,1.0,9.0,2.0,5.0,0.0,0.0,0.0,0.0,0.0,0.0,0.0,1.0,3.0,0.0,0.0,0.0,0.0,0.0,0.0,0.0,0.0,1.0,1.0,1.0,0.0,0.0,1.0,0.0,0.0,0.0,0.0,0.0,0.0,0.0,0.0,0.0,0.0,0.0,1.0,0.0,1.0,2.0,1.0,0.0,0.0,1.0,0.0,0.0,1.0,0.0,0.0,0.0,0.0,2.0,0.0,0.0,2.0,1.0,0.0,0.0,1.0,0.0,0.0,0.0,2.0,1.0,3.0,1.0,1.0,0.0,0.0,1.0,0.0,0.0,4.0,0.0,0.0,0.0,0.0,1.0,3.0,0.0,3.0,0.0,0.0,0.0,2.0,0.0,1.0,0.0,2.0,0.0,1.0,2.0,17.0,2.0,2.0,12.0,10.0,10.0,11.0,21.0
CHEMBL3675644,Ki,93.3,30.0,4.0,3.0,0.0,3.0,0.0,3.0,3.0,43.0,3.0,5.0,0.0,3.0,0.0,3.0,5.0,1.0,0.0,0.0,3.0,3.0,3.0,41.0,4.0,8.0,0.0,6.0,0.0,6.0,2.0,0.0,39.0,6.0,8.0,0.0,6.0,0.0,6.0,2.0,0.0,0.0,0.0,40.0,7.0,6.0,0.0,3.0,0.0,3.0,0.0,2.0,0.0,0.0,0.0,0.0,42.0,9.0,4.0,0.0,3.0,0.0,3.0,0.0,0.0,0.0,0.0,0.0,0.0,0.0,0.0,0.0,0.0,42.0,7.0,3.0,0.0,6.0,0.0,6.0,0.0,1.0,0.0,0.0,1.0,34.0,6.0,4.0,0.0,12.0,0.0,12.0,0.0,0.0,0.0,0.0,0.0,33.0,7.0,4.0,0.0,3.0,0.0,3.0,0.0,2.0,0.0,0.0,0.0,0.0,0.0,25.0,11.0,5.0,0.0,0.0,0.0,0.0,0.0,2.0,0.0,0.0,0.0,3.0,3.0,1.0,0.0,0.0,0.0,2.0,1.0,0.0,0.0,0.0,1.0,0.0,0.0,0.0,5.0,1.0,0.0,1.0,0.0,0.0,0.0,2.0,1.0,0.0,2.0,0.0,0.0,3.0,1.0,0.0,11.0,1.0,6.0,0.0,0.0,4.0,0.0,0.0,0.0,0.0,0.0,8.0,0.0,0.0,0.0,1.0,3.0,0.0,0.0,0.0,0.0,1.0,4.0,0.0,0.0,1.0,3.0,0.0,0.0,0.0,0.0,0.0,0.0,0.0,0.0,0.0,0.0,0.0,0.0,0.0,1.0,0.0,0.0,0.0,0.0,0.0,0.0,0.0,0.0,0.0,0.0,0.0,1.0,0.0,0.0,1.0,0.0,0.0,0.0,0.0,0.0,0.0,0.0,1.0,1.0,3.0,1.0,1.0,0.0,0.0,0.0,0.0,0.0,2.0,0.0,0.0,0.0,0.0,5.0,2.0,0.0,3.0,0.0,0.0,0.0,1.0,0.0,1.0,0.0,2.0,0.0,3.0,4.0,23.0,4.0,2.0,7.0,14.0,14.0,10.0,25.0
CHEMBL3675870,Ki,33.6,29.0,6.0,3.0,0.0,4.0,1.0,5.0,0.0,38.0,8.0,3.0,0.0,5.0,2.0,7.0,0.0,1.0,0.0,0.0,3.0,3.0,3.0,38.0,8.0,4.0,0.0,9.0,2.0,11.0,1.0,1.0,32.0,9.0,3.0,0.0,9.0,2.0,11.0,2.0,1.0,1.0,0.0,31.0,9.0,4.0,0.0,6.0,3.0,9.0,0.0,0.0,0.0,0.0,0.0,0.0,31.0,6.0,3.0,0.0,5.0,1.0,6.0,1.0,0.0,0.0,2.0,2.0,2.0,0.0,0.0,0.0,0.0,29.0,6.0,4.0,0.0,9.0,2.0,11.0,0.0,2.0,0.0,0.0,0.0,24.0,7.0,7.0,0.0,9.0,3.0,12.0,0.0,0.0,0.0,0.0,0.0,24.0,4.0,3.0,0.0,6.0,2.0,8.0,1.0,1.0,0.0,1.0,0.0,0.0,1.0,26.0,3.0,3.0,0.0,1.0,2.0,3.0,0.0,0.0,4.0,4.0,0.0,0.0,0.0,0.0,0.0,0.0,0.0,3.0,0.0,0.0,0.0,0.0,1.0,0.0,2.0,1.0,0.0,2.0,0.0,1.0,0.0,0.0,1.0,1.0,2.0,0.0,1.0,2.0,1.0,4.0,0.0,1.0,6.0,2.0,2.0,0.0,0.0,0.0,0.0,0.0,0.0,0.0,1.0,1.0,0.0,0.0,0.0,0.0,0.0,0.0,0.0,0.0,1.0,0.0,0.0,0.0,0.0,0.0,0.0,0.0,0.0,0.0,0.0,0.0,0.0,0.0,0.0,0.0,0.0,1.0,0.0,1.0,1.0,1.0,0.0,0.0,1.0,0.0,0.0,1.0,0.0,0.0,0.0,0.0,1.0,1.0,1.0,3.0,1.0,0.0,0.0,1.0,1.0,0.0,0.0,1.0,0.0,4.0,2.0,1.0,0.0,0.0,1.0,0.0,0.0,3.0,0.0,0.0,0.0,0.0,0.0,1.0,0.0,3.0,0.0,0.0,0.0,2.0,0.0,1.0,0.0,1.0,1.0,1.0,1.0,24.0,1.0,2.0,9.0,8.0,8.0,9.0,28.0
CHEMBL3675832,Ki,23.2,29.0,6.0,3.0,0.0,4.0,2.0,6.0,0.0,38.0,8.0,3.0,0.0,5.0,4.0,9.0,0.0,1.0,0.0,0.0,3.0,3.0,3.0,38.0,8.0,4.0,0.0,9.0,5.0,14.0,1.0,1.0,33.0,9.0,3.0,0.0,9.0,4.0,13.0,2.0,0.0,1.0,0.0,33.0,9.0,4.0,0.0,8.0,4.0,12.0,0.0,0.0,0.0,0.0,0.0,0.0,30.0,8.0,3.0,0.0,10.0,4.0,14.0,1.0,0.0,0.0,0.0,0.0,2.0,0.0,0.0,0.0,0.0,29.0,6.0,4.0,0.0,3.0,4.0,7.0,0.0,2.0,7.0,7.0,0.0,26.0,7.0,7.0,0.0,7.0,4.0,11.0,0.0,0.0,0.0,0.0,0.0,26.0,4.0,4.0,0.0,10.0,3.0,13.0,1.0,1.0,0.0,1.0,0.0,0.0,0.0,27.0,3.0,3.0,0.0,8.0,3.0,11.0,0.0,0.0,3.0,4.0,0.0,3.0,3.0,0.0,0.0,0.0,0.0,3.0,0.0,0.0,0.0,0.0,1.0,0.0,2.0,1.0,0.0,2.0,0.0,1.0,0.0,0.0,1.0,1.0,2.0,0.0,0.0,3.0,2.0,4.0,0.0,1.0,6.0,2.0,2.0,0.0,0.0,0.0,0.0,0.0,0.0,0.0,1.0,1.0,0.0,0.0,0.0,0.0,0.0,0.0,0.0,0.0,1.0,0.0,0.0,0.0,0.0,0.0,0.0,0.0,0.0,0.0,0.0,0.0,0.0,0.0,0.0,0.0,0.0,1.0,0.0,1.0,1.0,1.0,0.0,0.0,1.0,0.0,0.0,1.0,0.0,0.0,0.0,0.0,1.0,2.0,2.0,3.0,1.0,0.0,0.0,1.0,1.0,0.0,0.0,1.0,0.0,4.0,2.0,1.0,0.0,0.0,1.0,0.0,0.0,3.0,0.0,0.0,0.0,0.0,0.0,1.0,0.0,3.0,0.0,0.0,0.0,2.0,0.0,1.0,0.0,1.0,2.0,1.0,1.0,24.0,1.0,2.0,9.0,8.0,8.0,9.0,28.0
CHEMBL3675863,Ki,24.2,30.0,6.0,3.0,0.0,3.0,2.0,5.0,0.0,40.0,8.0,3.0,0.0,3.0,4.0,7.0,0.0,1.0,0.0,0.0,3.0,3.0,3.0,41.0,8.0,4.0,0.0,6.0,5.0,11.0,1.0,1.0,36.0,9.0,3.0,0.0,6.0,4.0,10.0,2.0,0.0,0.0,0.0,35.0,9.0,4.0,0.0,6.0,2.0,8.0,0.0,0.0,0.0,1.0,1.0,0.0,31.0,8.0,3.0,0.0,9.0,5.0,14.0,1.0,0.0,0.0,0.0,0.0,2.0,0.0,0.0,0.0,0.0,29.0,7.0,4.0,0.0,3.0,5.0,8.0,0.0,2.0,6.0,7.0,0.0,27.0,7.0,7.0,0.0,6.0,4.0,10.0,0.0,0.0,0.0,0.0,0.0,27.0,4.0,4.0,0.0,9.0,2.0,11.0,1.0,1.0,0.0,1.0,0.0,0.0,0.0,29.0,3.0,3.0,0.0,6.0,2.0,8.0,0.0,0.0,3.0,4.0,0.0,3.0,4.0,0.0,0.0,0.0,0.0,3.0,0.0,0.0,0.0,0.0,1.0,0.0,2.0,1.0,1.0,2.0,0.0,1.0,0.0,0.0,1.0,1.0,2.0,0.0,1.0,1.0,2.0,3.0,0.0,1.0,7.0,2.0,2.0,0.0,0.0,0.0,0.0,0.0,0.0,0.0,1.0,1.0,0.0,0.0,0.0,0.0,0.0,0.0,0.0,0.0,1.0,0.0,0.0,0.0,0.0,0.0,0.0,0.0,0.0,0.0,0.0,0.0,0.0,0.0,0.0,0.0,0.0,1.0,0.0,1.0,1.0,1.0,0.0,0.0,1.0,0.0,0.0,1.0,0.0,0.0,0.0,0.0,1.0,2.0,2.0,3.0,1.0,0.0,0.0,1.0,1.0,0.0,0.0,1.0,0.0,3.0,2.0,1.0,0.0,0.0,1.0,0.0,0.0,3.0,0.0,0.0,0.0,0.0,1.0,1.0,0.0,3.0,0.0,0.0,0.0,2.0,0.0,1.0,0.0,1.0,2.0,1.0,1.0,24.0,1.0,2.0,9.0,9.0,9.0,9.0,28.0
CHEMBL3675846,Ki,72.4,32.0,6.0,3.0,0.0,0.0,1.0,1.0,0.0,44.0,8.0,3.0,0.0,0.0,2.0,2.0,0.0,1.0,0.0,0.0,0.0,0.0,0.0,44.0,8.0,4.0,0.0,0.0,2.0,2.0,1.0,1.0,38.0,9.0,3.0,0.0,0.0,2.0,2.0,2.0,0.0,0.0,0.0,34.0,9.0,4.0,0.0,0.0,3.0,3.0,0.0,0.0,0.0,0.0,0.0,0.0,34.0,6.0,3.0,0.0,0.0,1.0,1.0,1.0,0.0,0.0,2.0,2.0,2.0,0.0,0.0,0.0,0.0,35.0,6.0,4.0,0.0,0.0,2.0,2.0,0.0,2.0,0.0,0.0,0.0,30.0,7.0,7.0,0.0,0.0,3.0,3.0,0.0,0.0,0.0,0.0,0.0,27.0,4.0,3.0,0.0,0.0,2.0,2.0,1.0,1.0,0.0,1.0,0.0,0.0,1.0,26.0,6.0,3.0,0.0,0.0,2.0,2.0,0.0,0.0,0.0,0.0,0.0,0.0,0.0,0.0,0.0,0.0,0.0,3.0,0.0,0.0,0.0,0.0,1.0,0.0,2.0,1.0,3.0,2.0,0.0,1.0,0.0,0.0,1.0,1.0,2.0,0.0,2.0,1.0,1.0,0.0,0.0,1.0,9.0,2.0,5.0,0.0,0.0,1.0,3.0,0.0,0.0,0.0,1.0,4.0,0.0,0.0,0.0,0.0,0.0,0.0,0.0,0.0,1.0,3.0,0.0,0.0,0.0,0.0,0.0,0.0,0.0,0.0,0.0,0.0,0.0,0.0,0.0,0.0,0.0,1.0,0.0,1.0,1.0,1.0,0.0,0.0,1.0,0.0,0.0,1.0,0.0,0.0,0.0,0.0,1.0,1.0,1.0,3.0,1.0,0.0,0.0,1.0,1.0,0.0,0.0,1.0,0.0,0.0,2.0,1.0,0.0,0.0,1.0,0.0,0.0,3.0,0.0,0.0,0.0,0.0,3.0,1.0,0.0,0.0,0.0,0.0,0.0,2.0,0.0,1.0,0.0,1.0,1.0,1.0,1.0,24.0,1.0,2.0,9.0,11.0,11.0,9.0,28.0
CHEMBL2381844,Ki,6500.0,22.0,8.0,6.0,0.0,0.0,0.0,0.0,1.0,29.0,10.0,8.0,0.0,0.0,0.0,0.0,0.0,2.0,0.0,0.0,0.0,0.0,0.0,26.0,11.0,14.0,0.0,0.0,0.0,0.0,0.0,0.0,31.0,5.0,7.0,0.0,0.0,0.0,0.0,4.0,0.0,0.0,0.0,32.0,7.0,6.0,0.0,0.0,0.0,0.0,0.0,1.0,0.0,0.0,0.0,0.0,30.0,4.0,7.0,0.0,0.0,0.0,0.0,0.0,1.0,0.0,0.0,0.0,2.0,0.0,0.0,0.0,0.0,24.0,6.0,9.0,0.0,0.0,0.0,0.0,0.0,1.0,0.0,0.0,1.0,19.0,8.0,9.0,0.0,0.0,0.0,0.0,0.0,0.0,0.0,0.0,0.0,17.0,9.0,6.0,0.0,0.0,0.0,0.0,0.0,1.0,0.0,0.0,1.0,0.0,0.0,18.0,7.0,8.0,0.0,0.0,0.0,0.0,0.0,0.0,0.0,0.0,0.0,0.0,0.0,1.0,0.0,0.0,0.0,4.0,1.0,0.0,0.0,0.0,2.0,0.0,1.0,1.0,3.0,1.0,0.0,1.0,0.0,0.0,1.0,0.0,3.0,0.0,2.0,0.0,0.0,0.0,1.0,1.0,11.0,3.0,5.0,0.0,0.0,0.0,0.0,0.0,0.0,0.0,1.0,3.0,0.0,0.0,0.0,0.0,0.0,0.0,0.0,0.0,1.0,1.0,1.0,0.0,0.0,1.0,0.0,0.0,0.0,0.0,0.0,0.0,0.0,0.0,0.0,0.0,0.0,1.0,0.0,1.0,2.0,1.0,0.0,0.0,1.0,0.0,0.0,1.0,0.0,0.0,0.0,0.0,2.0,0.0,0.0,5.0,4.0,0.0,0.0,3.0,0.0,0.0,0.0,2.0,1.0,0.0,2.0,2.0,0.0,0.0,1.0,0.0,0.0,5.0,0.0,0.0,0.0,0.0,1.0,3.0,0.0,0.0,0.0,0.0,0.0,3.0,0.0,1.0,0.0,2.0,0.0,1.0,2.0,17.0,2.0,4.0,14.0,12.0,12.0,12.0,22.0
CHEMBL2381821,Ki,160.0,22.0,7.0,3.0,0.0,3.0,0.0,3.0,1.0,26.0,13.0,3.0,0.0,3.0,0.0,3.0,0.0,1.0,0.0,0.0,3.0,3.0,3.0,24.0,14.0,5.0,0.0,6.0,0.0,6.0,0.0,0.0,27.0,9.0,3.0,0.0,0.0,0.0,0.0,2.0,6.0,6.0,0.0,32.0,3.0,4.0,0.0,3.0,0.0,3.0,1.0,0.0,0.0,0.0,0.0,0.0,28.0,4.0,3.0,0.0,6.0,0.0,6.0,1.0,0.0,0.0,0.0,0.0,2.0,0.0,0.0,0.0,0.0,20.0,6.0,5.0,0.0,6.0,0.0,6.0,1.0,1.0,0.0,0.0,0.0,15.0,9.0,6.0,0.0,3.0,0.0,3.0,0.0,0.0,0.0,0.0,0.0,15.0,10.0,5.0,0.0,0.0,0.0,0.0,0.0,0.0,3.0,3.0,0.0,0.0,0.0,18.0,7.0,4.0,0.0,3.0,0.0,3.0,0.0,0.0,0.0,0.0,0.0,0.0,0.0,1.0,0.0,0.0,0.0,4.0,1.0,0.0,0.0,0.0,2.0,0.0,1.0,1.0,1.0,2.0,1.0,1.0,0.0,0.0,1.0,1.0,2.0,0.0,2.0,0.0,0.0,3.0,0.0,1.0,9.0,2.0,5.0,0.0,0.0,0.0,0.0,0.0,0.0,0.0,1.0,3.0,0.0,0.0,0.0,0.0,0.0,0.0,0.0,0.0,1.0,1.0,1.0,0.0,0.0,1.0,0.0,0.0,0.0,0.0,0.0,0.0,0.0,0.0,0.0,1.0,0.0,2.0,0.0,1.0,1.0,2.0,0.0,0.0,1.0,0.0,0.0,1.0,0.0,0.0,0.0,0.0,1.0,0.0,0.0,3.0,1.0,0.0,0.0,1.0,1.0,0.0,0.0,1.0,0.0,3.0,2.0,1.0,0.0,0.0,1.0,0.0,0.0,3.0,0.0,0.0,0.0,0.0,1.0,3.0,0.0,3.0,0.0,0.0,0.0,2.0,0.0,1.0,0.0,2.0,0.0,1.0,2.0,17.0,2.0,2.0,10.0,11.0,11.0,11.0,22.0
CHEMBL3680844,Ki,24.2,35.0,6.0,3.0,0.0,1.0,0.0,1.0,0.0,46.0,8.0,3.0,0.0,2.0,0.0,2.0,0.0,1.0,0.0,0.0,0.0,0.0,0.0,47.0,8.0,4.0,0.0,2.0,0.0,2.0,1.0,1.0,42.0,9.0,3.0,0.0,1.0,0.0,1.0,2.0,0.0,0.0,0.0,43.0,9.0,4.0,0.0,1.0,0.0,1.0,0.0,0.0,0.0,0.0,0.0,0.0,42.0,8.0,3.0,0.0,2.0,0.0,2.0,1.0,0.0,0.0,0.0,0.0,2.0,0.0,0.0,0.0,0.0,39.0,10.0,4.0,0.0,2.0,0.0,2.0,0.0,2.0,0.0,0.0,0.0,35.0,11.0,7.0,0.0,1.0,0.0,1.0,0.0,0.0,0.0,0.0,0.0,37.0,6.0,4.0,0.0,0.0,0.0,0.0,1.0,1.0,1.0,1.0,0.0,0.0,0.0,39.0,5.0,5.0,0.0,1.0,0.0,1.0,0.0,0.0,0.0,0.0,0.0,0.0,0.0,1.0,0.0,0.0,0.0,8.0,2.0,0.0,0.0,0.0,5.0,3.0,2.0,1.0,0.0,2.0,0.0,1.0,0.0,0.0,1.0,0.0,2.0,0.0,2.0,1.0,0.0,1.0,0.0,1.0,11.0,2.0,8.0,0.0,0.0,0.0,1.0,0.0,0.0,0.0,1.0,7.0,0.0,0.0,0.0,0.0,0.0,0.0,0.0,0.0,1.0,2.0,6.0,0.0,0.0,2.0,6.0,0.0,0.0,1.0,0.0,0.0,0.0,0.0,0.0,0.0,0.0,1.0,0.0,1.0,1.0,1.0,0.0,0.0,1.0,0.0,0.0,1.0,0.0,0.0,0.0,0.0,1.0,0.0,0.0,3.0,1.0,0.0,0.0,1.0,1.0,0.0,0.0,1.0,0.0,1.0,2.0,1.0,0.0,0.0,1.0,0.0,0.0,3.0,0.0,0.0,0.0,0.0,0.0,6.0,1.0,0.0,0.0,0.0,0.0,2.0,0.0,1.0,0.0,1.0,0.0,1.0,1.0,24.0,1.0,2.0,9.0,15.0,15.0,9.0,28.0
CHEMBL3680823,Ki,36.3,29.0,6.0,4.0,0.0,0.0,1.0,1.0,0.0,38.0,8.0,4.0,0.0,0.0,2.0,2.0,0.0,2.0,0.0,0.0,0.0,0.0,0.0,38.0,8.0,7.0,0.0,0.0,2.0,2.0,1.0,1.0,33.0,9.0,8.0,0.0,0.0,1.0,1.0,2.0,0.0,0.0,0.0,33.0,9.0,9.0,0.0,0.0,1.0,1.0,0.0,0.0,0.0,0.0,0.0,0.0,30.0,8.0,6.0,0.0,0.0,2.0,2.0,1.0,1.0,0.0,0.0,0.0,2.0,0.0,0.0,0.0,0.0,29.0,6.0,6.0,0.0,0.0,2.0,2.0,0.0,2.0,0.0,0.0,0.0,26.0,7.0,10.0,0.0,0.0,1.0,1.0,0.0,0.0,0.0,0.0,0.0,26.0,4.0,6.0,0.0,0.0,0.0,0.0,1.0,2.0,0.0,1.0,1.0,0.0,0.0,27.0,3.0,5.0,0.0,0.0,1.0,1.0,0.0,0.0,0.0,0.0,0.0,0.0,0.0,0.0,0.0,0.0,0.0,2.0,0.0,0.0,0.0,0.0,1.0,0.0,1.0,1.0,1.0,2.0,0.0,2.0,0.0,0.0,1.0,0.0,3.0,0.0,2.0,1.0,1.0,0.0,0.0,1.0,6.0,3.0,2.0,0.0,0.0,0.0,0.0,0.0,0.0,0.0,1.0,1.0,0.0,0.0,0.0,0.0,0.0,0.0,0.0,0.0,1.0,0.0,0.0,0.0,0.0,0.0,0.0,0.0,0.0,0.0,0.0,0.0,0.0,0.0,0.0,0.0,0.0,1.0,0.0,1.0,1.0,1.0,0.0,0.0,1.0,0.0,0.0,1.0,0.0,0.0,0.0,0.0,1.0,1.0,1.0,3.0,1.0,0.0,0.0,1.0,1.0,0.0,0.0,1.0,0.0,0.0,2.0,2.0,0.0,0.0,1.0,0.0,0.0,4.0,0.0,0.0,0.0,0.0,1.0,1.0,0.0,0.0,0.0,0.0,0.0,3.0,0.0,2.0,0.0,4.0,1.0,1.0,1.0,24.0,1.0,4.0,10.0,8.0,8.0,8.0,28.0
CHEMBL3675845,Ki,47.3,28.0,6.0,3.0,0.0,0.0,3.0,3.0,0.0,36.0,8.0,3.0,0.0,0.0,6.0,6.0,0.0,1.0,0.0,0.0,0.0,0.0,0.0,36.0,8.0,4.0,0.0,0.0,6.0,6.0,1.0,1.0,31.0,9.0,3.0,0.0,0.0,5.0,5.0,2.0,0.0,0.0,0.0,30.0,9.0,4.0,0.0,0.0,6.0,6.0,0.0,0.0,0.0,0.0,0.0,0.0,29.0,6.0,3.0,0.0,0.0,5.0,5.0,1.0,0.0,0.0,2.0,2.0,2.0,0.0,0.0,0.0,0.0,27.0,6.0,4.0,0.0,0.0,5.0,5.0,0.0,2.0,0.0,0.0,0.0,23.0,7.0,7.0,0.0,0.0,4.0,4.0,0.0,0.0,0.0,1.0,0.0,24.0,3.0,3.0,0.0,0.0,3.0,3.0,1.0,1.0,0.0,2.0,0.0,0.0,1.0,25.0,3.0,3.0,0.0,0.0,4.0,4.0,0.0,0.0,0.0,0.0,0.0,0.0,0.0,0.0,0.0,0.0,0.0,3.0,0.0,0.0,0.0,0.0,1.0,0.0,2.0,1.0,0.0,2.0,0.0,1.0,0.0,0.0,1.0,0.0,2.0,0.0,1.0,2.0,3.0,0.0,0.0,1.0,5.0,2.0,2.0,0.0,0.0,0.0,0.0,0.0,0.0,0.0,1.0,1.0,0.0,0.0,0.0,0.0,0.0,0.0,0.0,0.0,1.0,0.0,0.0,0.0,0.0,0.0,0.0,0.0,0.0,0.0,0.0,0.0,0.0,0.0,0.0,0.0,0.0,1.0,0.0,1.0,1.0,1.0,0.0,0.0,1.0,0.0,0.0,1.0,0.0,0.0,0.0,0.0,1.0,3.0,3.0,3.0,1.0,0.0,0.0,1.0,1.0,0.0,0.0,1.0,0.0,0.0,2.0,1.0,0.0,0.0,1.0,0.0,0.0,3.0,0.0,0.0,0.0,0.0,0.0,1.0,0.0,0.0,0.0,0.0,0.0,2.0,0.0,1.0,0.0,1.0,3.0,1.0,1.0,24.0,1.0,2.0,9.0,8.0,8.0,8.0,27.0
CHEMBL3675873,Ki,53.4,28.0,6.0,3.0,0.0,2.0,2.0,4.0,0.0,36.0,8.0,3.0,0.0,4.0,4.0,8.0,0.0,1.0,0.0,0.0,0.0,0.0,0.0,36.0,8.0,4.0,0.0,5.0,4.0,9.0,1.0,1.0,31.0,9.0,3.0,0.0,5.0,3.0,8.0,2.0,1.0,1.0,0.0,30.0,9.0,4.0,0.0,5.0,4.0,9.0,0.0,0.0,0.0,0.0,0.0,0.0,29.0,6.0,3.0,0.0,4.0,3.0,7.0,1.0,0.0,0.0,2.0,2.0,2.0,0.0,1.0,1.0,1.0,27.0,6.0,4.0,0.0,3.0,4.0,7.0,0.0,2.0,0.0,0.0,0.0,23.0,7.0,7.0,0.0,3.0,4.0,7.0,0.0,0.0,1.0,1.0,0.0,24.0,3.0,3.0,0.0,4.0,2.0,6.0,1.0,1.0,0.0,2.0,0.0,0.0,1.0,25.0,3.0,3.0,0.0,2.0,3.0,5.0,0.0,0.0,1.0,1.0,0.0,0.0,0.0,0.0,0.0,0.0,0.0,3.0,0.0,0.0,0.0,0.0,1.0,0.0,2.0,1.0,0.0,2.0,0.0,1.0,0.0,0.0,1.0,0.0,2.0,0.0,0.0,3.0,2.0,2.0,0.0,1.0,5.0,2.0,2.0,0.0,0.0,0.0,0.0,0.0,0.0,0.0,1.0,1.0,0.0,0.0,0.0,0.0,0.0,0.0,0.0,0.0,1.0,0.0,0.0,0.0,0.0,0.0,0.0,0.0,0.0,0.0,0.0,0.0,0.0,0.0,0.0,0.0,0.0,1.0,0.0,1.0,1.0,1.0,0.0,0.0,1.0,0.0,0.0,1.0,0.0,0.0,0.0,0.0,1.0,2.0,2.0,3.0,1.0,0.0,0.0,1.0,1.0,0.0,0.0,1.0,0.0,2.0,2.0,1.0,0.0,0.0,1.0,0.0,0.0,3.0,0.0,0.0,0.0,0.0,0.0,1.0,0.0,0.0,0.0,0.0,0.0,2.0,0.0,1.0,0.0,1.0,2.0,1.0,1.0,24.0,1.0,2.0,9.0,8.0,8.0,8.0,27.0
CHEMBL3675643,Ki,63.4,31.0,4.0,3.0,0.0,3.0,0.0,3.0,3.0,43.0,6.0,5.0,0.0,3.0,0.0,3.0,3.0,1.0,0.0,0.0,3.0,3.0,3.0,45.0,4.0,8.0,0.0,3.0,0.0,3.0,2.0,0.0,43.0,4.0,9.0,0.0,3.0,0.0,3.0,0.0,0.0,0.0,0.0,42.0,5.0,3.0,0.0,3.0,0.0,3.0,0.0,2.0,0.0,0.0,0.0,0.0,38.0,7.0,4.0,0.0,9.0,0.0,9.0,0.0,2.0,0.0,0.0,0.0,0.0,0.0,0.0,0.0,0.0,37.0,9.0,3.0,0.0,12.0,0.0,12.0,0.0,1.0,0.0,0.0,1.0,38.0,8.0,4.0,0.0,9.0,0.0,9.0,0.0,0.0,0.0,0.0,0.0,25.0,7.0,5.0,0.0,12.0,0.0,12.0,0.0,0.0,0.0,0.0,0.0,0.0,0.0,24.0,6.0,5.0,0.0,3.0,0.0,3.0,0.0,2.0,3.0,3.0,0.0,3.0,3.0,1.0,0.0,0.0,0.0,3.0,1.0,0.0,0.0,0.0,1.0,0.0,1.0,0.0,5.0,1.0,0.0,1.0,0.0,0.0,0.0,2.0,1.0,0.0,2.0,0.0,0.0,3.0,1.0,0.0,12.0,1.0,6.0,0.0,0.0,1.0,3.0,0.0,0.0,0.0,0.0,5.0,0.0,0.0,0.0,0.0,0.0,0.0,0.0,0.0,0.0,4.0,1.0,0.0,0.0,1.0,0.0,0.0,0.0,0.0,0.0,0.0,0.0,0.0,0.0,0.0,0.0,0.0,0.0,0.0,1.0,0.0,0.0,0.0,0.0,0.0,0.0,0.0,0.0,0.0,0.0,0.0,1.0,0.0,0.0,2.0,1.0,0.0,0.0,1.0,0.0,0.0,0.0,1.0,1.0,3.0,1.0,1.0,0.0,0.0,0.0,0.0,0.0,2.0,0.0,0.0,0.0,0.0,5.0,2.0,0.0,3.0,0.0,0.0,0.0,1.0,0.0,1.0,0.0,2.0,0.0,3.0,4.0,23.0,4.0,2.0,7.0,15.0,15.0,11.0,25.0
CHEMBL62738,Ki,26.0,31.0,4.0,4.0,0.0,0.0,0.0,0.0,0.0,42.0,5.0,4.0,0.0,0.0,0.0,0.0,0.0,2.0,0.0,0.0,0.0,0.0,0.0,40.0,7.0,8.0,0.0,0.0,0.0,0.0,0.0,0.0,35.0,6.0,8.0,0.0,0.0,0.0,0.0,2.0,0.0,0.0,0.0,34.0,6.0,10.0,0.0,0.0,0.0,0.0,0.0,0.0,0.0,0.0,0.0,0.0,38.0,5.0,7.0,0.0,0.0,0.0,0.0,0.0,0.0,0.0,0.0,0.0,2.0,0.0,0.0,0.0,0.0,42.0,3.0,8.0,0.0,0.0,0.0,0.0,0.0,0.0,0.0,0.0,0.0,36.0,6.0,11.0,0.0,0.0,0.0,0.0,0.0,0.0,0.0,0.0,0.0,38.0,2.0,4.0,0.0,0.0,0.0,0.0,1.0,2.0,0.0,0.0,1.0,0.0,0.0,35.0,4.0,6.0,0.0,0.0,0.0,0.0,0.0,0.0,0.0,0.0,0.0,0.0,0.0,1.0,0.0,0.0,1.0,4.0,1.0,1.0,1.0,0.0,1.0,0.0,1.0,1.0,4.0,2.0,0.0,2.0,1.0,0.0,1.0,1.0,3.0,0.0,3.0,0.0,0.0,0.0,0.0,1.0,13.0,3.0,8.0,1.0,0.0,1.0,4.0,0.0,0.0,0.0,2.0,5.0,1.0,0.0,0.0,0.0,0.0,0.0,0.0,0.0,2.0,7.0,0.0,0.0,0.0,1.0,0.0,0.0,0.0,0.0,0.0,0.0,0.0,0.0,0.0,0.0,0.0,2.0,0.0,1.0,1.0,2.0,0.0,0.0,1.0,0.0,0.0,1.0,0.0,0.0,0.0,0.0,1.0,0.0,0.0,3.0,1.0,0.0,0.0,1.0,1.0,0.0,0.0,1.0,0.0,0.0,2.0,2.0,0.0,0.0,1.0,0.0,0.0,4.0,1.0,0.0,0.0,0.0,4.0,3.0,1.0,0.0,0.0,0.0,0.0,3.0,0.0,2.0,0.0,2.0,0.0,0.0,0.0,18.0,0.0,2.0,8.0,16.0,16.0,13.0,25.0
CHEMBL2381848,Ki,14.0,24.0,5.0,5.0,0.0,3.0,0.0,3.0,1.0,30.0,9.0,7.0,0.0,3.0,0.0,3.0,0.0,1.0,0.0,0.0,3.0,3.0,3.0,28.0,11.0,10.0,0.0,6.0,0.0,6.0,0.0,0.0,32.0,7.0,9.0,0.0,0.0,0.0,0.0,2.0,6.0,6.0,0.0,38.0,2.0,5.0,0.0,3.0,0.0,3.0,0.0,1.0,0.0,0.0,0.0,0.0,34.0,2.0,5.0,0.0,6.0,0.0,6.0,0.0,1.0,0.0,0.0,0.0,2.0,0.0,0.0,0.0,0.0,26.0,4.0,7.0,0.0,12.0,0.0,12.0,0.0,1.0,0.0,0.0,1.0,21.0,7.0,8.0,0.0,3.0,0.0,3.0,0.0,0.0,0.0,0.0,0.0,17.0,9.0,6.0,0.0,0.0,0.0,0.0,0.0,0.0,0.0,0.0,0.0,3.0,3.0,20.0,6.0,5.0,0.0,3.0,0.0,3.0,0.0,0.0,0.0,0.0,0.0,0.0,0.0,1.0,0.0,0.0,0.0,4.0,1.0,0.0,0.0,0.0,2.0,0.0,1.0,1.0,3.0,1.0,0.0,1.0,0.0,0.0,1.0,1.0,2.0,0.0,1.0,0.0,0.0,3.0,1.0,1.0,11.0,2.0,5.0,0.0,0.0,0.0,0.0,0.0,0.0,0.0,1.0,3.0,0.0,0.0,0.0,0.0,0.0,0.0,0.0,0.0,1.0,1.0,1.0,0.0,0.0,1.0,0.0,0.0,0.0,0.0,0.0,0.0,0.0,0.0,0.0,0.0,0.0,1.0,0.0,1.0,2.0,1.0,0.0,0.0,1.0,0.0,0.0,1.0,0.0,0.0,0.0,0.0,2.0,0.0,0.0,2.0,1.0,0.0,0.0,1.0,0.0,0.0,0.0,2.0,1.0,3.0,1.0,1.0,0.0,0.0,1.0,0.0,0.0,4.0,0.0,0.0,0.0,0.0,3.0,3.0,0.0,3.0,0.0,0.0,0.0,2.0,0.0,1.0,0.0,2.0,0.0,1.0,2.0,17.0,2.0,2.0,10.0,12.0,12.0,11.0,21.0
CHEMBL2381838,Ki,1100.0,21.0,5.0,5.0,0.0,0.0,1.0,1.0,1.0,24.0,9.0,7.0,0.0,0.0,2.0,2.0,0.0,1.0,0.0,0.0,0.0,0.0,0.0,24.0,7.0,10.0,0.0,0.0,0.0,0.0,0.0,0.0,26.0,5.0,7.0,0.0,0.0,1.0,1.0,2.0,0.0,0.0,0.0,30.0,2.0,5.0,0.0,0.0,2.0,2.0,0.0,1.0,0.0,0.0,0.0,0.0,26.0,2.0,5.0,0.0,0.0,2.0,2.0,0.0,1.0,0.0,0.0,0.0,2.0,0.0,0.0,0.0,0.0,19.0,4.0,7.0,0.0,0.0,1.0,1.0,0.0,1.0,0.0,0.0,1.0,15.0,7.0,7.0,0.0,0.0,0.0,0.0,0.0,0.0,0.0,0.0,0.0,14.0,9.0,6.0,0.0,0.0,1.0,1.0,0.0,0.0,0.0,0.0,0.0,0.0,0.0,16.0,6.0,5.0,0.0,0.0,2.0,2.0,0.0,0.0,0.0,0.0,0.0,0.0,0.0,1.0,0.0,0.0,0.0,4.0,1.0,0.0,0.0,0.0,2.0,0.0,1.0,1.0,1.0,1.0,0.0,1.0,0.0,0.0,1.0,0.0,2.0,0.0,2.0,0.0,1.0,0.0,1.0,1.0,8.0,2.0,5.0,0.0,0.0,0.0,0.0,0.0,0.0,0.0,1.0,3.0,0.0,0.0,0.0,0.0,0.0,0.0,0.0,0.0,1.0,1.0,1.0,0.0,0.0,1.0,0.0,0.0,0.0,0.0,0.0,0.0,0.0,0.0,0.0,0.0,0.0,1.0,0.0,1.0,2.0,1.0,0.0,0.0,1.0,0.0,0.0,1.0,0.0,0.0,0.0,0.0,2.0,1.0,0.0,2.0,1.0,0.0,0.0,1.0,0.0,0.0,0.0,2.0,1.0,0.0,1.0,1.0,0.0,0.0,1.0,0.0,0.0,4.0,0.0,0.0,0.0,0.0,1.0,3.0,0.0,0.0,0.0,0.0,0.0,2.0,0.0,1.0,0.0,2.0,1.0,1.0,2.0,17.0,2.0,2.0,10.0,10.0,10.0,10.0,20.0
CHEMBL2381836,Ki,1300.0,23.0,5.0,5.0,0.0,3.0,0.0,3.0,1.0,26.0,9.0,7.0,0.0,3.0,0.0,3.0,0.0,1.0,0.0,0.0,3.0,3.0,3.0,24.0,9.0,11.0,0.0,6.0,0.0,6.0,0.0,0.0,29.0,5.0,6.0,0.0,0.0,0.0,0.0,2.0,6.0,6.0,0.0,33.0,2.0,5.0,0.0,3.0,0.0,3.0,0.0,1.0,0.0,0.0,0.0,0.0,27.0,2.0,5.0,0.0,6.0,0.0,6.0,0.0,1.0,0.0,0.0,0.0,2.0,0.0,0.0,0.0,0.0,19.0,4.0,7.0,0.0,6.0,0.0,6.0,0.0,1.0,0.0,0.0,1.0,13.0,9.0,9.0,0.0,3.0,0.0,3.0,0.0,0.0,0.0,0.0,0.0,17.0,8.0,5.0,0.0,0.0,0.0,0.0,0.0,0.0,0.0,0.0,0.0,3.0,3.0,19.0,5.0,5.0,0.0,3.0,0.0,3.0,0.0,0.0,0.0,0.0,0.0,0.0,0.0,2.0,0.0,0.0,0.0,3.0,0.0,0.0,0.0,0.0,1.0,0.0,1.0,1.0,0.0,1.0,0.0,1.0,0.0,0.0,1.0,1.0,2.0,0.0,2.0,0.0,0.0,3.0,1.0,1.0,9.0,2.0,6.0,0.0,0.0,2.0,0.0,0.0,0.0,0.0,1.0,4.0,0.0,0.0,0.0,0.0,0.0,0.0,0.0,0.0,1.0,1.0,1.0,0.0,0.0,2.0,0.0,0.0,0.0,0.0,0.0,0.0,0.0,0.0,0.0,0.0,0.0,1.0,0.0,1.0,3.0,1.0,0.0,0.0,1.0,0.0,0.0,1.0,0.0,0.0,0.0,0.0,2.0,0.0,0.0,2.0,1.0,0.0,0.0,1.0,0.0,0.0,0.0,2.0,1.0,3.0,1.0,1.0,0.0,0.0,1.0,0.0,0.0,4.0,0.0,0.0,0.0,0.0,0.0,2.0,1.0,3.0,0.0,0.0,0.0,2.0,0.0,1.0,0.0,2.0,0.0,1.0,2.0,17.0,2.0,2.0,10.0,11.0,11.0,10.0,24.0
CHEMBL2381826,Ki,670.0,20.0,9.0,3.0,0.0,3.0,0.0,3.0,1.0,24.0,14.0,3.0,0.0,3.0,0.0,3.0,1.0,1.0,0.0,0.0,3.0,3.0,3.0,22.0,15.0,5.0,0.0,6.0,0.0,6.0,1.0,0.0,24.0,11.0,3.0,0.0,0.0,0.0,0.0,2.0,6.0,6.0,0.0,27.0,8.0,4.0,0.0,3.0,0.0,3.0,1.0,0.0,0.0,0.0,0.0,0.0,24.0,8.0,3.0,0.0,6.0,0.0,6.0,1.0,0.0,0.0,0.0,0.0,2.0,0.0,0.0,0.0,0.0,19.0,7.0,5.0,0.0,3.0,0.0,3.0,1.0,1.0,3.0,3.0,0.0,14.0,10.0,6.0,0.0,3.0,0.0,3.0,0.0,0.0,0.0,0.0,0.0,15.0,9.0,4.0,0.0,0.0,0.0,0.0,1.0,1.0,3.0,3.0,0.0,0.0,0.0,17.0,8.0,4.0,0.0,3.0,0.0,3.0,0.0,0.0,0.0,0.0,0.0,0.0,0.0,1.0,0.0,0.0,0.0,4.0,1.0,0.0,0.0,0.0,2.0,0.0,1.0,1.0,1.0,2.0,1.0,1.0,0.0,0.0,1.0,1.0,2.0,0.0,1.0,0.0,0.0,3.0,0.0,1.0,9.0,2.0,5.0,0.0,0.0,0.0,0.0,0.0,0.0,0.0,1.0,3.0,0.0,0.0,0.0,0.0,0.0,0.0,0.0,0.0,1.0,1.0,1.0,0.0,0.0,1.0,0.0,0.0,0.0,0.0,0.0,0.0,0.0,0.0,0.0,1.0,0.0,2.0,0.0,1.0,1.0,2.0,0.0,0.0,1.0,0.0,0.0,1.0,0.0,0.0,0.0,0.0,1.0,0.0,0.0,3.0,1.0,0.0,0.0,1.0,0.0,0.0,0.0,1.0,0.0,3.0,2.0,1.0,0.0,0.0,1.0,0.0,0.0,3.0,0.0,0.0,0.0,0.0,1.0,3.0,0.0,3.0,0.0,0.0,0.0,2.0,0.0,1.0,0.0,2.0,0.0,2.0,3.0,17.0,3.0,2.0,12.0,11.0,11.0,11.0,21.0
CHEMBL66087,Ki,6.0,29.0,4.0,6.0,0.0,0.0,2.0,2.0,0.0,34.0,5.0,8.0,0.0,0.0,4.0,4.0,0.0,2.0,0.0,0.0,0.0,0.0,0.0,33.0,6.0,10.0,0.0,0.0,5.0,5.0,0.0,1.0,31.0,5.0,10.0,0.0,0.0,4.0,4.0,2.0,0.0,0.0,0.0,31.0,5.0,13.0,0.0,0.0,3.0,3.0,0.0,0.0,0.0,0.0,0.0,0.0,30.0,5.0,9.0,0.0,0.0,3.0,3.0,0.0,1.0,0.0,0.0,0.0,3.0,0.0,0.0,0.0,0.0,30.0,5.0,11.0,0.0,0.0,2.0,2.0,0.0,0.0,0.0,1.0,0.0,30.0,5.0,12.0,0.0,0.0,2.0,2.0,0.0,0.0,0.0,0.0,0.0,31.0,1.0,8.0,0.0,0.0,1.0,1.0,1.0,2.0,0.0,1.0,1.0,0.0,1.0,29.0,3.0,6.0,0.0,0.0,2.0,2.0,0.0,0.0,0.0,0.0,2.0,0.0,1.0,1.0,0.0,0.0,1.0,7.0,1.0,1.0,1.0,0.0,5.0,3.0,1.0,1.0,1.0,2.0,0.0,2.0,1.0,0.0,1.0,0.0,3.0,0.0,2.0,1.0,2.0,0.0,1.0,1.0,12.0,3.0,9.0,1.0,0.0,0.0,0.0,0.0,0.0,0.0,2.0,7.0,1.0,0.0,0.0,0.0,0.0,0.0,0.0,0.0,2.0,0.0,5.0,1.0,1.0,0.0,4.0,1.0,1.0,3.0,0.0,2.0,1.0,0.0,1.0,1.0,0.0,2.0,0.0,1.0,2.0,2.0,0.0,0.0,1.0,0.0,0.0,1.0,0.0,0.0,0.0,0.0,3.0,2.0,2.0,3.0,1.0,0.0,0.0,1.0,1.0,0.0,0.0,2.0,1.0,0.0,2.0,2.0,0.0,0.0,1.0,0.0,1.0,5.0,0.0,0.0,0.0,0.0,1.0,6.0,0.0,0.0,0.0,0.0,0.0,3.0,0.0,2.0,0.0,2.0,2.0,0.0,0.0,18.0,0.0,2.0,10.0,15.0,15.0,15.0,24.0
CHEMBL147634,Ki,160000.0,17.0,2.0,3.0,2.0,0.0,0.0,0.0,0.0,21.0,3.0,6.0,2.0,0.0,0.0,0.0,0.0,0.0,0.0,0.0,0.0,0.0,0.0,18.0,4.0,6.0,3.0,0.0,0.0,0.0,0.0,0.0,12.0,2.0,6.0,4.0,0.0,0.0,0.0,0.0,0.0,0.0,0.0,10.0,1.0,4.0,4.0,0.0,0.0,0.0,0.0,1.0,0.0,0.0,0.0,1.0,10.0,2.0,3.0,2.0,0.0,0.0,0.0,0.0,0.0,0.0,0.0,0.0,1.0,0.0,0.0,0.0,0.0,12.0,2.0,3.0,0.0,0.0,0.0,0.0,0.0,0.0,0.0,0.0,0.0,12.0,1.0,4.0,0.0,0.0,0.0,0.0,0.0,1.0,0.0,0.0,0.0,11.0,0.0,4.0,0.0,0.0,0.0,0.0,0.0,1.0,0.0,0.0,0.0,0.0,0.0,8.0,0.0,4.0,0.0,0.0,0.0,0.0,0.0,0.0,0.0,0.0,0.0,0.0,0.0,0.0,0.0,0.0,0.0,1.0,0.0,0.0,0.0,0.0,0.0,0.0,0.0,1.0,0.0,0.0,0.0,0.0,0.0,0.0,2.0,0.0,1.0,0.0,0.0,1.0,0.0,0.0,0.0,2.0,2.0,1.0,1.0,0.0,0.0,0.0,0.0,0.0,0.0,0.0,1.0,0.0,0.0,0.0,0.0,0.0,0.0,0.0,0.0,0.0,0.0,1.0,0.0,0.0,0.0,0.0,0.0,0.0,0.0,0.0,0.0,0.0,0.0,0.0,0.0,0.0,0.0,0.0,0.0,0.0,0.0,0.0,0.0,0.0,0.0,0.0,0.0,0.0,0.0,0.0,0.0,0.0,0.0,0.0,0.0,0.0,0.0,0.0,0.0,0.0,0.0,0.0,0.0,0.0,0.0,0.0,0.0,0.0,0.0,0.0,0.0,0.0,0.0,3.0,0.0,0.0,0.0,0.0,0.0,0.0,0.0,0.0,0.0,0.0,0.0,0.0,0.0,0.0,0.0,2.0,0.0,1.0,1.0,16.0,1.0,2.0,7.0,4.0,4.0,4.0,16.0
CHEMBL358886,Ki,5400.0,18.0,4.0,3.0,2.0,0.0,0.0,0.0,0.0,26.0,4.0,6.0,1.0,0.0,0.0,0.0,1.0,0.0,0.0,0.0,0.0,0.0,0.0,21.0,6.0,6.0,3.0,0.0,0.0,0.0,0.0,0.0,15.0,5.0,6.0,4.0,0.0,0.0,0.0,0.0,0.0,0.0,0.0,11.0,6.0,3.0,4.0,0.0,0.0,0.0,0.0,2.0,0.0,0.0,0.0,1.0,11.0,7.0,3.0,2.0,0.0,0.0,0.0,0.0,0.0,0.0,0.0,0.0,1.0,0.0,0.0,0.0,0.0,10.0,4.0,3.0,3.0,0.0,0.0,0.0,0.0,0.0,0.0,0.0,0.0,14.0,2.0,3.0,0.0,0.0,0.0,0.0,0.0,2.0,0.0,0.0,0.0,14.0,0.0,3.0,0.0,0.0,0.0,0.0,0.0,2.0,0.0,0.0,0.0,0.0,0.0,11.0,0.0,7.0,0.0,0.0,0.0,0.0,0.0,0.0,0.0,0.0,0.0,0.0,0.0,0.0,0.0,0.0,0.0,1.0,0.0,0.0,0.0,0.0,0.0,0.0,0.0,1.0,3.0,0.0,0.0,0.0,0.0,0.0,2.0,1.0,1.0,0.0,0.0,2.0,0.0,0.0,0.0,2.0,6.0,1.0,4.0,0.0,0.0,1.0,3.0,0.0,0.0,0.0,1.0,3.0,0.0,0.0,0.0,0.0,0.0,0.0,0.0,0.0,0.0,4.0,0.0,0.0,0.0,0.0,0.0,0.0,0.0,0.0,0.0,0.0,0.0,0.0,0.0,0.0,0.0,0.0,0.0,0.0,0.0,0.0,0.0,0.0,0.0,0.0,0.0,0.0,0.0,0.0,0.0,0.0,0.0,0.0,0.0,0.0,0.0,0.0,0.0,0.0,0.0,0.0,0.0,0.0,0.0,0.0,0.0,0.0,0.0,0.0,0.0,0.0,0.0,3.0,0.0,0.0,0.0,0.0,3.0,0.0,0.0,0.0,0.0,0.0,0.0,0.0,0.0,0.0,0.0,2.0,0.0,1.0,2.0,15.0,2.0,2.0,9.0,9.0,9.0,5.0,16.0
CHEMBL148045,Ki,200000.0,15.0,4.0,4.0,2.0,0.0,0.0,0.0,0.0,20.0,4.0,6.0,1.0,0.0,0.0,0.0,1.0,0.0,0.0,0.0,0.0,0.0,0.0,15.0,6.0,9.0,3.0,0.0,0.0,0.0,0.0,0.0,10.0,4.0,8.0,4.0,0.0,0.0,0.0,0.0,0.0,0.0,2.0,8.0,2.0,7.0,4.0,0.0,0.0,0.0,0.0,2.0,0.0,0.0,0.0,0.0,8.0,4.0,5.0,2.0,0.0,0.0,0.0,0.0,0.0,0.0,0.0,0.0,3.0,0.0,0.0,0.0,0.0,10.0,4.0,2.0,0.0,0.0,0.0,0.0,0.0,0.0,0.0,0.0,0.0,10.0,4.0,5.0,0.0,0.0,0.0,0.0,0.0,0.0,0.0,0.0,0.0,12.0,0.0,0.0,0.0,0.0,0.0,0.0,0.0,6.0,0.0,0.0,0.0,0.0,0.0,8.0,0.0,6.0,0.0,0.0,0.0,0.0,0.0,0.0,0.0,0.0,0.0,0.0,0.0,0.0,0.0,0.0,0.0,1.0,0.0,0.0,0.0,0.0,0.0,0.0,0.0,1.0,0.0,0.0,0.0,0.0,0.0,0.0,2.0,0.0,2.0,0.0,0.0,1.0,0.0,0.0,0.0,2.0,3.0,2.0,1.0,0.0,0.0,0.0,0.0,0.0,0.0,0.0,1.0,0.0,0.0,0.0,0.0,0.0,0.0,0.0,0.0,0.0,0.0,1.0,0.0,0.0,0.0,0.0,0.0,0.0,0.0,0.0,0.0,0.0,0.0,0.0,0.0,0.0,0.0,0.0,0.0,0.0,0.0,0.0,0.0,0.0,0.0,0.0,0.0,0.0,0.0,0.0,0.0,0.0,0.0,0.0,0.0,0.0,0.0,0.0,0.0,0.0,0.0,0.0,0.0,1.0,0.0,0.0,0.0,0.0,0.0,0.0,0.0,0.0,0.0,4.0,0.0,0.0,0.0,0.0,0.0,0.0,0.0,0.0,0.0,0.0,0.0,1.0,0.0,0.0,0.0,4.0,0.0,1.0,2.0,15.0,2.0,4.0,10.0,6.0,6.0,5.0,16.0
CHEMBL358546,Ki,55000.0,15.0,4.0,3.0,2.0,0.0,0.0,0.0,1.0,19.0,4.0,6.0,1.0,0.0,0.0,0.0,2.0,0.0,0.0,0.0,0.0,0.0,0.0,14.0,7.0,6.0,2.0,0.0,0.0,0.0,0.0,0.0,8.0,9.0,6.0,3.0,0.0,0.0,0.0,0.0,0.0,0.0,0.0,7.0,7.0,3.0,4.0,0.0,0.0,0.0,0.0,2.0,0.0,0.0,0.0,1.0,7.0,6.0,2.0,3.0,0.0,0.0,0.0,0.0,1.0,0.0,0.0,0.0,1.0,0.0,0.0,0.0,0.0,8.0,6.0,2.0,1.0,0.0,0.0,0.0,0.0,0.0,0.0,0.0,0.0,9.0,4.0,3.0,0.0,0.0,0.0,0.0,0.0,2.0,0.0,0.0,0.0,10.0,1.0,3.0,0.0,0.0,0.0,0.0,0.0,3.0,0.0,0.0,0.0,0.0,0.0,10.0,0.0,3.0,0.0,0.0,0.0,0.0,0.0,1.0,0.0,0.0,0.0,0.0,0.0,0.0,0.0,0.0,0.0,1.0,0.0,0.0,0.0,0.0,0.0,0.0,0.0,1.0,0.0,0.0,0.0,0.0,0.0,0.0,2.0,0.0,1.0,0.0,0.0,1.0,0.0,0.0,0.0,2.0,2.0,1.0,1.0,0.0,0.0,0.0,0.0,0.0,0.0,0.0,1.0,0.0,0.0,0.0,0.0,0.0,0.0,0.0,0.0,0.0,0.0,1.0,0.0,0.0,0.0,0.0,0.0,0.0,0.0,0.0,0.0,0.0,0.0,0.0,0.0,0.0,0.0,0.0,0.0,0.0,0.0,0.0,0.0,0.0,0.0,0.0,0.0,0.0,0.0,0.0,0.0,0.0,0.0,0.0,0.0,0.0,0.0,0.0,0.0,0.0,0.0,0.0,0.0,0.0,0.0,0.0,0.0,0.0,0.0,0.0,0.0,0.0,0.0,3.0,0.0,0.0,0.0,0.0,0.0,0.0,0.0,0.0,0.0,0.0,0.0,0.0,0.0,0.0,0.0,2.0,0.0,2.0,3.0,17.0,3.0,2.0,9.0,6.0,6.0,4.0,16.0
CHEMBL62432,Ki,112.0,34.0,4.0,7.0,0.0,0.0,0.0,0.0,0.0,45.0,5.0,10.0,0.0,0.0,0.0,0.0,0.0,2.0,0.0,0.0,0.0,0.0,0.0,43.0,6.0,11.0,0.0,0.0,0.0,0.0,0.0,2.0,38.0,6.0,13.0,0.0,0.0,0.0,0.0,2.0,0.0,0.0,0.0,37.0,6.0,15.0,0.0,0.0,0.0,0.0,0.0,0.0,0.0,0.0,0.0,1.0,39.0,5.0,11.0,0.0,0.0,0.0,0.0,0.0,1.0,0.0,0.0,0.0,3.0,0.0,0.0,0.0,0.0,39.0,5.0,15.0,0.0,0.0,0.0,0.0,0.0,0.0,0.0,0.0,0.0,37.0,7.0,15.0,0.0,0.0,0.0,0.0,0.0,0.0,0.0,0.0,0.0,40.0,2.0,9.0,0.0,0.0,0.0,0.0,1.0,2.0,0.0,0.0,2.0,0.0,0.0,41.0,4.0,8.0,0.0,0.0,0.0,0.0,0.0,0.0,0.0,0.0,2.0,0.0,0.0,2.0,0.0,0.0,2.0,1.0,1.0,1.0,0.0,0.0,0.0,0.0,1.0,0.0,3.0,2.0,0.0,2.0,1.0,0.0,2.0,1.0,3.0,0.0,3.0,0.0,0.0,0.0,1.0,2.0,10.0,3.0,6.0,1.0,0.0,1.0,3.0,0.0,0.0,0.0,2.0,4.0,0.0,0.0,0.0,0.0,0.0,0.0,0.0,0.0,1.0,4.0,0.0,0.0,0.0,0.0,0.0,0.0,0.0,0.0,0.0,0.0,0.0,0.0,0.0,0.0,0.0,1.0,0.0,1.0,1.0,2.0,0.0,0.0,1.0,0.0,0.0,1.0,0.0,0.0,0.0,0.0,4.0,0.0,0.0,3.0,1.0,0.0,0.0,1.0,1.0,0.0,1.0,3.0,1.0,0.0,2.0,2.0,0.0,0.0,1.0,0.0,2.0,6.0,0.0,0.0,0.0,1.0,3.0,0.0,0.0,0.0,1.0,0.0,0.0,3.0,0.0,2.0,0.0,2.0,0.0,0.0,0.0,24.0,0.0,2.0,11.0,14.0,14.0,12.0,32.0
CHEMBL3675844,Ki,98.8,29.0,6.0,3.0,0.0,5.0,0.0,5.0,0.0,38.0,8.0,3.0,0.0,7.0,0.0,7.0,0.0,1.0,0.0,0.0,3.0,3.0,3.0,38.0,8.0,4.0,0.0,11.0,0.0,11.0,1.0,1.0,32.0,9.0,3.0,0.0,11.0,0.0,11.0,2.0,1.0,1.0,0.0,31.0,9.0,4.0,0.0,9.0,0.0,9.0,0.0,0.0,0.0,0.0,0.0,0.0,31.0,6.0,3.0,0.0,6.0,0.0,6.0,1.0,0.0,2.0,0.0,2.0,2.0,0.0,0.0,0.0,0.0,29.0,6.0,4.0,0.0,11.0,0.0,11.0,0.0,2.0,0.0,0.0,0.0,24.0,7.0,7.0,0.0,12.0,0.0,12.0,0.0,0.0,0.0,0.0,0.0,24.0,4.0,3.0,0.0,8.0,0.0,8.0,1.0,1.0,1.0,1.0,0.0,1.0,1.0,26.0,3.0,3.0,0.0,3.0,0.0,3.0,0.0,0.0,4.0,4.0,0.0,0.0,0.0,0.0,0.0,0.0,0.0,3.0,0.0,0.0,0.0,0.0,1.0,0.0,2.0,1.0,0.0,2.0,0.0,1.0,0.0,0.0,1.0,1.0,2.0,0.0,1.0,2.0,0.0,5.0,0.0,1.0,6.0,2.0,2.0,0.0,0.0,0.0,0.0,0.0,0.0,0.0,1.0,1.0,0.0,0.0,0.0,0.0,0.0,0.0,0.0,0.0,1.0,0.0,0.0,0.0,0.0,0.0,0.0,0.0,0.0,0.0,0.0,0.0,0.0,0.0,0.0,0.0,0.0,1.0,0.0,1.0,1.0,1.0,0.0,0.0,1.0,0.0,0.0,1.0,0.0,0.0,0.0,0.0,1.0,0.0,0.0,3.0,1.0,0.0,0.0,1.0,1.0,0.0,0.0,1.0,0.0,5.0,2.0,1.0,0.0,0.0,1.0,0.0,0.0,3.0,0.0,0.0,0.0,0.0,0.0,1.0,0.0,3.0,0.0,0.0,0.0,2.0,0.0,1.0,0.0,1.0,0.0,1.0,1.0,24.0,1.0,2.0,9.0,8.0,8.0,9.0,28.0
CHEMBL150172,Ki,12000.0,14.0,4.0,2.0,2.0,0.0,1.0,1.0,0.0,18.0,4.0,4.0,1.0,0.0,2.0,2.0,1.0,0.0,0.0,0.0,0.0,0.0,0.0,13.0,6.0,4.0,3.0,0.0,2.0,2.0,0.0,0.0,8.0,4.0,4.0,4.0,0.0,2.0,2.0,0.0,0.0,0.0,0.0,7.0,2.0,2.0,4.0,0.0,1.0,1.0,0.0,2.0,0.0,0.0,0.0,0.0,8.0,4.0,3.0,1.0,0.0,0.0,0.0,0.0,0.0,0.0,0.0,0.0,1.0,0.0,0.0,0.0,0.0,9.0,4.0,2.0,0.0,0.0,1.0,1.0,0.0,0.0,0.0,0.0,0.0,10.0,2.0,3.0,0.0,0.0,0.0,0.0,0.0,0.0,0.0,2.0,0.0,10.0,0.0,0.0,0.0,0.0,2.0,2.0,0.0,2.0,0.0,0.0,0.0,0.0,0.0,6.0,0.0,2.0,0.0,0.0,2.0,2.0,0.0,0.0,0.0,0.0,0.0,0.0,0.0,0.0,0.0,0.0,0.0,1.0,0.0,0.0,0.0,0.0,0.0,0.0,0.0,1.0,0.0,0.0,0.0,0.0,0.0,0.0,1.0,0.0,1.0,0.0,0.0,1.0,1.0,0.0,0.0,1.0,2.0,1.0,1.0,0.0,0.0,0.0,0.0,0.0,0.0,0.0,1.0,0.0,0.0,0.0,0.0,0.0,0.0,0.0,0.0,0.0,0.0,1.0,0.0,0.0,0.0,0.0,0.0,0.0,0.0,0.0,0.0,0.0,0.0,0.0,0.0,0.0,0.0,0.0,0.0,0.0,0.0,0.0,0.0,0.0,0.0,0.0,0.0,0.0,0.0,0.0,0.0,0.0,0.0,1.0,1.0,0.0,0.0,0.0,0.0,0.0,0.0,0.0,0.0,0.0,0.0,0.0,0.0,0.0,0.0,0.0,0.0,0.0,0.0,2.0,0.0,0.0,0.0,0.0,0.0,0.0,0.0,0.0,0.0,0.0,0.0,0.0,0.0,0.0,0.0,2.0,1.0,1.0,2.0,15.0,2.0,2.0,8.0,5.0,5.0,4.0,15.0
CHEMBL147331,Ki,55000.0,14.0,5.0,3.0,2.0,0.0,0.0,0.0,0.0,18.0,6.0,8.0,1.0,0.0,0.0,0.0,1.0,0.0,0.0,0.0,0.0,0.0,0.0,13.0,8.0,10.0,3.0,0.0,0.0,0.0,0.0,0.0,8.0,5.0,10.0,4.0,0.0,0.0,0.0,0.0,0.0,0.0,0.0,7.0,3.0,5.0,4.0,0.0,0.0,0.0,1.0,4.0,0.0,0.0,0.0,1.0,8.0,4.0,5.0,1.0,0.0,0.0,0.0,0.0,2.0,0.0,0.0,0.0,1.0,0.0,0.0,0.0,0.0,9.0,5.0,3.0,0.0,0.0,0.0,0.0,0.0,0.0,0.0,0.0,0.0,10.0,3.0,5.0,0.0,0.0,0.0,0.0,0.0,2.0,0.0,0.0,0.0,10.0,1.0,4.0,0.0,0.0,0.0,0.0,0.0,3.0,0.0,0.0,0.0,0.0,0.0,6.0,2.0,6.0,0.0,0.0,0.0,0.0,0.0,0.0,0.0,0.0,2.0,0.0,0.0,0.0,0.0,0.0,0.0,1.0,0.0,0.0,0.0,0.0,0.0,0.0,0.0,1.0,0.0,0.0,0.0,0.0,0.0,0.0,2.0,0.0,1.0,0.0,0.0,2.0,0.0,0.0,0.0,2.0,2.0,1.0,1.0,0.0,0.0,0.0,0.0,0.0,0.0,0.0,1.0,0.0,0.0,0.0,0.0,0.0,0.0,0.0,0.0,0.0,0.0,1.0,0.0,0.0,0.0,0.0,0.0,0.0,0.0,0.0,0.0,0.0,0.0,0.0,0.0,0.0,0.0,0.0,0.0,0.0,0.0,0.0,0.0,0.0,0.0,0.0,0.0,0.0,0.0,0.0,0.0,0.0,0.0,0.0,0.0,0.0,0.0,0.0,0.0,0.0,0.0,0.0,0.0,0.0,0.0,0.0,1.0,0.0,0.0,0.0,0.0,0.0,0.0,5.0,0.0,0.0,0.0,0.0,0.0,0.0,0.0,0.0,0.0,0.0,0.0,0.0,0.0,0.0,0.0,2.0,0.0,1.0,2.0,15.0,2.0,4.0,10.0,6.0,6.0,5.0,16.0
CHEMBL3675855,Ki,40.0,29.0,6.0,3.0,0.0,0.0,1.0,1.0,0.0,38.0,8.0,3.0,0.0,0.0,2.0,2.0,0.0,1.0,0.0,0.0,0.0,0.0,0.0,38.0,8.0,4.0,0.0,0.0,2.0,2.0,1.0,1.0,33.0,9.0,3.0,0.0,0.0,1.0,1.0,2.0,0.0,0.0,0.0,33.0,9.0,4.0,0.0,0.0,1.0,1.0,0.0,0.0,0.0,0.0,0.0,0.0,30.0,8.0,3.0,0.0,0.0,2.0,2.0,1.0,0.0,0.0,0.0,0.0,2.0,0.0,0.0,0.0,0.0,29.0,6.0,4.0,0.0,0.0,2.0,2.0,0.0,2.0,0.0,0.0,0.0,26.0,7.0,7.0,0.0,0.0,1.0,1.0,0.0,0.0,0.0,0.0,0.0,26.0,4.0,4.0,0.0,0.0,0.0,0.0,1.0,1.0,0.0,1.0,0.0,0.0,0.0,27.0,3.0,3.0,0.0,0.0,1.0,1.0,0.0,0.0,0.0,0.0,0.0,0.0,0.0,0.0,0.0,0.0,0.0,3.0,0.0,0.0,0.0,0.0,1.0,0.0,2.0,1.0,1.0,2.0,0.0,1.0,0.0,0.0,1.0,0.0,2.0,0.0,2.0,1.0,1.0,0.0,0.0,1.0,6.0,2.0,2.0,0.0,0.0,0.0,0.0,0.0,0.0,0.0,1.0,1.0,0.0,0.0,0.0,0.0,0.0,0.0,0.0,0.0,1.0,0.0,0.0,0.0,0.0,0.0,0.0,0.0,0.0,0.0,0.0,0.0,0.0,0.0,0.0,0.0,0.0,1.0,0.0,1.0,1.0,1.0,0.0,0.0,1.0,0.0,0.0,1.0,0.0,0.0,0.0,0.0,1.0,1.0,1.0,3.0,1.0,0.0,0.0,1.0,1.0,0.0,0.0,1.0,0.0,0.0,2.0,1.0,0.0,0.0,1.0,0.0,0.0,3.0,0.0,0.0,0.0,0.0,1.0,1.0,0.0,0.0,0.0,0.0,0.0,2.0,0.0,1.0,0.0,1.0,1.0,1.0,1.0,24.0,1.0,2.0,9.0,9.0,9.0,8.0,27.0
CHEMBL3675892,Ki,182.6,30.0,7.0,3.0,0.0,6.0,0.0,6.0,0.0,40.0,9.0,3.0,0.0,9.0,0.0,9.0,0.0,1.0,0.0,0.0,3.0,3.0,3.0,41.0,10.0,4.0,0.0,12.0,0.0,12.0,1.0,1.0,36.0,13.0,3.0,0.0,13.0,0.0,13.0,2.0,0.0,0.0,0.0,35.0,12.0,4.0,0.0,12.0,0.0,12.0,1.0,0.0,1.0,0.0,1.0,0.0,34.0,9.0,3.0,0.0,13.0,0.0,13.0,1.0,0.0,2.0,0.0,2.0,2.0,0.0,0.0,0.0,0.0,30.0,9.0,4.0,0.0,15.0,0.0,15.0,0.0,2.0,2.0,2.0,0.0,26.0,10.0,7.0,0.0,9.0,0.0,9.0,0.0,0.0,4.0,4.0,0.0,28.0,6.0,3.0,0.0,6.0,0.0,6.0,1.0,1.0,4.0,4.0,0.0,1.0,1.0,27.0,7.0,3.0,0.0,8.0,0.0,8.0,0.0,0.0,2.0,2.0,0.0,1.0,1.0,0.0,0.0,0.0,0.0,3.0,0.0,0.0,0.0,0.0,1.0,0.0,2.0,1.0,0.0,2.0,0.0,1.0,0.0,0.0,1.0,1.0,2.0,0.0,0.0,1.0,0.0,6.0,0.0,1.0,7.0,2.0,2.0,0.0,0.0,0.0,0.0,0.0,0.0,0.0,1.0,1.0,0.0,0.0,0.0,0.0,0.0,0.0,0.0,0.0,1.0,0.0,0.0,0.0,0.0,0.0,0.0,0.0,0.0,0.0,0.0,0.0,0.0,0.0,0.0,0.0,0.0,1.0,0.0,1.0,1.0,1.0,0.0,0.0,1.0,0.0,0.0,1.0,0.0,0.0,0.0,0.0,1.0,0.0,0.0,3.0,1.0,0.0,0.0,1.0,1.0,0.0,0.0,1.0,0.0,6.0,3.0,1.0,0.0,0.0,1.0,0.0,0.0,3.0,0.0,0.0,0.0,0.0,0.0,1.0,0.0,3.0,0.0,0.0,0.0,2.0,0.0,1.0,0.0,1.0,0.0,1.0,1.0,24.0,1.0,2.0,10.0,8.0,8.0,9.0,28.0
CHEMBL3675894,Ki,67.8,28.0,6.0,3.0,0.0,2.0,2.0,4.0,0.0,36.0,8.0,3.0,0.0,4.0,4.0,8.0,0.0,1.0,0.0,0.0,0.0,0.0,0.0,36.0,8.0,4.0,0.0,4.0,5.0,9.0,1.0,1.0,31.0,9.0,3.0,0.0,4.0,4.0,8.0,2.0,0.0,0.0,0.0,30.0,9.0,4.0,0.0,4.0,3.0,7.0,0.0,0.0,1.0,0.0,1.0,0.0,29.0,6.0,3.0,0.0,4.0,3.0,7.0,1.0,0.0,2.0,0.0,2.0,2.0,0.0,0.0,0.0,0.0,27.0,6.0,4.0,0.0,5.0,2.0,7.0,0.0,2.0,1.0,2.0,0.0,23.0,7.0,7.0,0.0,6.0,2.0,8.0,0.0,0.0,0.0,0.0,0.0,24.0,3.0,3.0,0.0,4.0,1.0,5.0,1.0,1.0,1.0,2.0,0.0,1.0,1.0,25.0,3.0,3.0,0.0,3.0,3.0,6.0,0.0,0.0,1.0,1.0,0.0,1.0,1.0,0.0,0.0,0.0,0.0,3.0,0.0,0.0,0.0,0.0,1.0,0.0,2.0,1.0,0.0,2.0,0.0,1.0,0.0,0.0,1.0,0.0,2.0,0.0,1.0,1.0,2.0,2.0,0.0,1.0,5.0,2.0,2.0,0.0,0.0,0.0,0.0,0.0,0.0,0.0,1.0,1.0,0.0,0.0,0.0,0.0,0.0,0.0,0.0,0.0,1.0,0.0,0.0,0.0,0.0,0.0,0.0,0.0,0.0,0.0,0.0,0.0,0.0,0.0,0.0,0.0,0.0,1.0,0.0,1.0,1.0,1.0,0.0,0.0,1.0,0.0,0.0,1.0,0.0,0.0,0.0,0.0,1.0,2.0,2.0,3.0,1.0,0.0,0.0,1.0,1.0,0.0,0.0,1.0,0.0,2.0,2.0,1.0,0.0,0.0,1.0,0.0,0.0,3.0,0.0,0.0,0.0,0.0,0.0,1.0,0.0,0.0,0.0,0.0,0.0,2.0,0.0,1.0,0.0,1.0,2.0,1.0,1.0,24.0,1.0,2.0,9.0,8.0,8.0,8.0,27.0
CHEMBL3675898,Ki,122.8,28.0,6.0,5.0,0.0,3.0,1.0,4.0,0.0,37.0,8.0,5.0,0.0,0.0,2.0,2.0,0.0,1.0,3.0,3.0,3.0,3.0,3.0,38.0,8.0,7.0,0.0,3.0,2.0,5.0,1.0,1.0,34.0,9.0,6.0,0.0,6.0,2.0,8.0,2.0,0.0,0.0,0.0,33.0,9.0,6.0,0.0,9.0,3.0,12.0,0.0,0.0,0.0,0.0,0.0,0.0,31.0,6.0,4.0,0.0,9.0,1.0,10.0,1.0,0.0,0.0,2.0,2.0,2.0,0.0,0.0,0.0,0.0,28.0,6.0,4.0,0.0,6.0,2.0,8.0,0.0,3.0,0.0,0.0,0.0,23.0,8.0,8.0,0.0,3.0,3.0,6.0,0.0,0.0,0.0,0.0,0.0,25.0,3.0,4.0,0.0,0.0,2.0,2.0,1.0,1.0,3.0,4.0,0.0,0.0,1.0,26.0,3.0,5.0,0.0,3.0,2.0,5.0,0.0,0.0,0.0,0.0,0.0,0.0,0.0,0.0,0.0,0.0,0.0,3.0,0.0,0.0,0.0,0.0,1.0,0.0,2.0,1.0,0.0,2.0,0.0,1.0,0.0,0.0,1.0,1.0,2.0,0.0,1.0,1.0,1.0,3.0,1.0,1.0,6.0,2.0,2.0,0.0,0.0,0.0,0.0,0.0,0.0,0.0,1.0,1.0,0.0,0.0,0.0,0.0,0.0,0.0,0.0,0.0,1.0,0.0,0.0,0.0,0.0,0.0,0.0,0.0,0.0,0.0,0.0,0.0,0.0,0.0,0.0,0.0,0.0,1.0,0.0,1.0,1.0,1.0,0.0,0.0,1.0,0.0,0.0,1.0,0.0,0.0,0.0,0.0,1.0,1.0,1.0,3.0,1.0,0.0,0.0,1.0,1.0,0.0,0.0,2.0,1.0,3.0,2.0,1.0,0.0,0.0,1.0,0.0,0.0,4.0,0.0,0.0,3.0,0.0,0.0,1.0,0.0,3.0,0.0,3.0,3.0,2.0,0.0,1.0,0.0,1.0,1.0,1.0,1.0,24.0,1.0,2.0,11.0,8.0,8.0,10.0,28.0
CHEMBL1933352,Ki,1110.0,22.0,5.0,5.0,0.0,0.0,0.0,0.0,1.0,26.0,9.0,7.0,0.0,0.0,0.0,0.0,0.0,1.0,0.0,0.0,0.0,0.0,0.0,26.0,7.0,8.0,0.0,0.0,0.0,0.0,0.0,2.0,25.0,8.0,7.0,0.0,0.0,0.0,0.0,2.0,0.0,0.0,0.0,27.0,7.0,7.0,0.0,0.0,0.0,0.0,0.0,0.0,0.0,0.0,0.0,0.0,24.0,7.0,6.0,0.0,0.0,0.0,0.0,0.0,0.0,0.0,0.0,0.0,2.0,0.0,0.0,0.0,0.0,18.0,7.0,7.0,0.0,0.0,0.0,0.0,0.0,1.0,0.0,0.0,1.0,21.0,4.0,7.0,0.0,0.0,0.0,0.0,0.0,0.0,0.0,0.0,0.0,21.0,5.0,6.0,0.0,0.0,0.0,0.0,0.0,0.0,0.0,0.0,0.0,0.0,0.0,21.0,0.0,3.0,0.0,0.0,0.0,0.0,2.0,2.0,0.0,0.0,0.0,0.0,0.0,1.0,0.0,0.0,0.0,4.0,1.0,0.0,0.0,0.0,2.0,0.0,1.0,1.0,2.0,1.0,0.0,1.0,0.0,0.0,1.0,0.0,2.0,0.0,1.0,0.0,0.0,0.0,1.0,1.0,9.0,2.0,5.0,0.0,0.0,0.0,0.0,0.0,0.0,0.0,1.0,3.0,0.0,0.0,0.0,0.0,0.0,0.0,0.0,0.0,1.0,1.0,1.0,0.0,0.0,1.0,0.0,0.0,0.0,0.0,0.0,0.0,0.0,0.0,0.0,0.0,0.0,1.0,0.0,1.0,2.0,1.0,0.0,0.0,1.0,0.0,0.0,1.0,0.0,0.0,0.0,0.0,2.0,0.0,0.0,2.0,1.0,0.0,0.0,1.0,0.0,0.0,0.0,2.0,0.0,0.0,1.0,1.0,0.0,0.0,1.0,0.0,0.0,4.0,0.0,0.0,0.0,0.0,2.0,3.0,0.0,0.0,0.0,0.0,0.0,2.0,0.0,1.0,0.0,2.0,0.0,1.0,2.0,17.0,2.0,2.0,10.0,11.0,11.0,10.0,20.0
CHEMBL1933348,Ki,356.0,24.0,0.0,1.0,0.0,1.0,0.0,1.0,0.0,33.0,0.0,2.0,0.0,2.0,0.0,2.0,0.0,0.0,0.0,0.0,0.0,0.0,0.0,39.0,0.0,2.0,0.0,2.0,0.0,2.0,0.0,0.0,44.0,0.0,4.0,0.0,1.0,0.0,1.0,0.0,0.0,0.0,0.0,46.0,0.0,6.0,0.0,1.0,0.0,1.0,0.0,0.0,0.0,0.0,0.0,0.0,39.0,0.0,4.0,0.0,2.0,0.0,2.0,0.0,0.0,0.0,0.0,0.0,0.0,0.0,0.0,0.0,0.0,21.0,0.0,4.0,0.0,4.0,0.0,4.0,0.0,0.0,0.0,0.0,0.0,7.0,0.0,0.0,0.0,5.0,0.0,5.0,0.0,0.0,0.0,0.0,0.0,0.0,0.0,0.0,0.0,5.0,0.0,5.0,0.0,0.0,0.0,0.0,0.0,0.0,0.0,0.0,0.0,0.0,0.0,0.0,0.0,0.0,0.0,0.0,0.0,0.0,0.0,0.0,0.0,3.0,3.0,0.0,0.0,2.0,0.0,0.0,0.0,0.0,1.0,0.0,0.0,0.0,6.0,0.0,0.0,0.0,0.0,0.0,1.0,0.0,0.0,0.0,1.0,0.0,0.0,1.0,0.0,1.0,11.0,0.0,7.0,0.0,0.0,0.0,2.0,0.0,0.0,0.0,0.0,3.0,0.0,0.0,0.0,0.0,0.0,0.0,0.0,0.0,0.0,6.0,0.0,0.0,0.0,1.0,0.0,0.0,0.0,0.0,0.0,0.0,0.0,0.0,0.0,0.0,0.0,0.0,0.0,0.0,0.0,0.0,0.0,0.0,0.0,0.0,0.0,0.0,0.0,0.0,0.0,0.0,1.0,0.0,0.0,0.0,0.0,0.0,0.0,0.0,0.0,0.0,0.0,1.0,0.0,1.0,0.0,0.0,0.0,0.0,0.0,0.0,0.0,1.0,0.0,0.0,0.0,0.0,6.0,2.0,2.0,0.0,1.0,0.0,0.0,0.0,0.0,0.0,0.0,0.0,0.0,0.0,0.0,12.0,0.0,0.0,1.0,12.0,12.0,5.0,15.0
CHEMBL3680821,Ki,28.2,28.0,6.0,5.0,0.0,0.0,2.0,2.0,0.0,37.0,8.0,5.0,0.0,0.0,4.0,4.0,0.0,1.0,0.0,0.0,0.0,0.0,0.0,38.0,8.0,6.0,0.0,0.0,5.0,5.0,1.0,1.0,33.0,9.0,4.0,0.0,0.0,5.0,5.0,2.0,0.0,0.0,0.0,31.0,9.0,5.0,0.0,0.0,6.0,6.0,0.0,0.0,0.0,0.0,0.0,0.0,30.0,6.0,5.0,0.0,0.0,2.0,2.0,1.0,0.0,0.0,2.0,2.0,2.0,0.0,0.0,0.0,0.0,29.0,6.0,6.0,0.0,0.0,2.0,2.0,0.0,2.0,0.0,1.0,0.0,25.0,7.0,8.0,0.0,0.0,4.0,4.0,0.0,0.0,0.0,0.0,0.0,25.0,3.0,3.0,0.0,0.0,3.0,3.0,1.0,2.0,0.0,1.0,0.0,0.0,1.0,25.0,4.0,4.0,0.0,0.0,4.0,4.0,0.0,0.0,0.0,0.0,0.0,0.0,0.0,0.0,0.0,0.0,0.0,3.0,0.0,0.0,0.0,0.0,1.0,0.0,2.0,1.0,1.0,2.0,0.0,1.0,0.0,0.0,1.0,0.0,2.0,0.0,1.0,2.0,2.0,0.0,1.0,1.0,6.0,2.0,2.0,0.0,0.0,0.0,0.0,0.0,0.0,0.0,1.0,1.0,0.0,0.0,0.0,0.0,0.0,0.0,0.0,0.0,1.0,0.0,0.0,0.0,0.0,0.0,0.0,0.0,0.0,0.0,0.0,0.0,0.0,0.0,0.0,0.0,0.0,1.0,0.0,1.0,1.0,1.0,0.0,0.0,1.0,0.0,0.0,1.0,0.0,0.0,0.0,0.0,1.0,2.0,2.0,3.0,1.0,0.0,0.0,1.0,1.0,0.0,0.0,2.0,1.0,0.0,2.0,1.0,0.0,0.0,1.0,0.0,0.0,4.0,0.0,0.0,0.0,0.0,0.0,1.0,0.0,0.0,0.0,0.0,0.0,2.0,0.0,1.0,0.0,1.0,2.0,1.0,1.0,24.0,1.0,2.0,11.0,9.0,9.0,9.0,27.0
CHEMBL3675833,Ki,22.5,30.0,6.0,3.0,0.0,6.0,2.0,8.0,0.0,40.0,8.0,3.0,0.0,6.0,4.0,10.0,0.0,1.0,0.0,0.0,6.0,6.0,6.0,40.0,8.0,4.0,0.0,12.0,7.0,19.0,1.0,1.0,35.0,9.0,3.0,0.0,12.0,6.0,18.0,2.0,0.0,1.0,0.0,35.0,9.0,4.0,0.0,12.0,5.0,17.0,0.0,0.0,0.0,0.0,0.0,0.0,32.0,8.0,3.0,0.0,15.0,4.0,19.0,1.0,0.0,0.0,0.0,0.0,2.0,0.0,0.0,0.0,0.0,30.0,6.0,4.0,0.0,9.0,2.0,11.0,0.0,2.0,6.0,7.0,0.0,26.0,8.0,7.0,0.0,9.0,4.0,13.0,0.0,0.0,0.0,0.0,0.0,27.0,4.0,4.0,0.0,9.0,4.0,13.0,1.0,1.0,3.0,3.0,0.0,0.0,0.0,28.0,3.0,3.0,0.0,9.0,4.0,13.0,0.0,0.0,3.0,4.0,0.0,3.0,3.0,0.0,0.0,0.0,0.0,3.0,0.0,0.0,0.0,0.0,1.0,0.0,2.0,1.0,0.0,2.0,0.0,1.0,0.0,0.0,1.0,2.0,2.0,0.0,0.0,2.0,2.0,6.0,0.0,1.0,7.0,2.0,2.0,0.0,0.0,0.0,0.0,0.0,0.0,0.0,1.0,1.0,0.0,0.0,0.0,0.0,0.0,0.0,0.0,0.0,1.0,0.0,0.0,0.0,0.0,0.0,0.0,0.0,0.0,0.0,0.0,0.0,0.0,0.0,0.0,0.0,0.0,1.0,0.0,1.0,1.0,1.0,0.0,0.0,1.0,0.0,0.0,1.0,0.0,0.0,0.0,0.0,1.0,2.0,2.0,3.0,1.0,0.0,0.0,1.0,1.0,0.0,0.0,1.0,0.0,6.0,2.0,1.0,0.0,0.0,1.0,0.0,0.0,3.0,0.0,0.0,0.0,0.0,0.0,1.0,0.0,6.0,0.0,0.0,0.0,2.0,0.0,1.0,0.0,1.0,2.0,1.0,1.0,24.0,1.0,2.0,9.0,8.0,8.0,10.0,29.0
CHEMBL3680841,Ki,26.9,29.0,6.0,3.0,0.0,0.0,2.0,2.0,0.0,38.0,8.0,3.0,0.0,0.0,4.0,4.0,0.0,1.0,0.0,0.0,0.0,0.0,0.0,38.0,8.0,4.0,0.0,0.0,5.0,5.0,1.0,1.0,32.0,9.0,3.0,0.0,0.0,5.0,5.0,2.0,0.0,1.0,0.0,31.0,9.0,4.0,0.0,0.0,6.0,6.0,0.0,0.0,0.0,0.0,0.0,0.0,31.0,6.0,3.0,0.0,0.0,3.0,3.0,1.0,0.0,0.0,2.0,2.0,2.0,0.0,0.0,0.0,0.0,29.0,6.0,4.0,0.0,0.0,5.0,5.0,0.0,2.0,0.0,0.0,0.0,24.0,7.0,7.0,0.0,0.0,6.0,6.0,0.0,0.0,0.0,0.0,0.0,24.0,4.0,3.0,0.0,0.0,5.0,5.0,1.0,1.0,0.0,1.0,0.0,0.0,1.0,26.0,3.0,3.0,0.0,0.0,3.0,3.0,0.0,0.0,0.0,1.0,0.0,0.0,0.0,0.0,0.0,0.0,0.0,3.0,0.0,0.0,0.0,0.0,1.0,0.0,2.0,1.0,1.0,2.0,0.0,1.0,0.0,0.0,1.0,0.0,2.0,0.0,1.0,2.0,2.0,0.0,0.0,1.0,6.0,2.0,2.0,0.0,0.0,0.0,0.0,0.0,0.0,0.0,1.0,1.0,0.0,0.0,0.0,0.0,0.0,0.0,0.0,0.0,1.0,0.0,0.0,0.0,0.0,0.0,0.0,0.0,0.0,0.0,0.0,0.0,0.0,0.0,0.0,0.0,0.0,1.0,0.0,1.0,1.0,1.0,0.0,0.0,1.0,0.0,0.0,1.0,0.0,0.0,0.0,0.0,1.0,2.0,2.0,3.0,1.0,0.0,0.0,1.0,1.0,0.0,0.0,1.0,0.0,0.0,2.0,1.0,0.0,0.0,1.0,0.0,0.0,3.0,0.0,0.0,0.0,0.0,1.0,1.0,0.0,0.0,0.0,0.0,0.0,2.0,0.0,1.0,0.0,1.0,2.0,1.0,1.0,24.0,1.0,2.0,9.0,9.0,9.0,8.0,27.0
CHEMBL2381849,Ki,1600.0,24.0,5.0,5.0,0.0,3.0,0.0,3.0,1.0,30.0,9.0,7.0,0.0,3.0,0.0,3.0,0.0,1.0,0.0,0.0,3.0,3.0,3.0,28.0,11.0,10.0,0.0,6.0,0.0,6.0,0.0,0.0,32.0,7.0,9.0,0.0,0.0,0.0,0.0,2.0,6.0,6.0,0.0,38.0,2.0,5.0,0.0,3.0,0.0,3.0,0.0,1.0,0.0,0.0,0.0,0.0,34.0,2.0,5.0,0.0,6.0,0.0,6.0,0.0,1.0,0.0,0.0,0.0,2.0,0.0,0.0,0.0,0.0,26.0,4.0,7.0,0.0,12.0,0.0,12.0,0.0,1.0,0.0,0.0,1.0,21.0,7.0,8.0,0.0,3.0,0.0,3.0,0.0,0.0,0.0,0.0,0.0,17.0,9.0,6.0,0.0,0.0,0.0,0.0,0.0,0.0,0.0,0.0,0.0,3.0,3.0,20.0,6.0,5.0,0.0,3.0,0.0,3.0,0.0,0.0,0.0,0.0,0.0,0.0,0.0,1.0,0.0,0.0,0.0,4.0,1.0,0.0,0.0,0.0,2.0,0.0,1.0,1.0,3.0,1.0,0.0,1.0,0.0,0.0,1.0,1.0,2.0,0.0,1.0,0.0,0.0,3.0,1.0,1.0,11.0,2.0,5.0,0.0,0.0,0.0,0.0,0.0,0.0,0.0,1.0,3.0,0.0,0.0,0.0,0.0,0.0,0.0,0.0,0.0,1.0,1.0,1.0,0.0,0.0,1.0,0.0,0.0,0.0,0.0,0.0,0.0,0.0,0.0,0.0,0.0,0.0,1.0,0.0,1.0,2.0,1.0,0.0,0.0,1.0,0.0,0.0,1.0,0.0,0.0,0.0,0.0,2.0,0.0,0.0,2.0,1.0,0.0,0.0,1.0,0.0,0.0,0.0,2.0,1.0,3.0,1.0,1.0,0.0,0.0,1.0,0.0,0.0,4.0,0.0,0.0,0.0,0.0,3.0,3.0,0.0,3.0,0.0,0.0,0.0,2.0,0.0,1.0,0.0,2.0,0.0,1.0,2.0,17.0,2.0,2.0,10.0,12.0,12.0,11.0,21.0
CHEMBL359177,Ki,180000.0,23.0,4.0,3.0,2.0,0.0,0.0,0.0,0.0,30.0,4.0,6.0,1.0,0.0,0.0,0.0,1.0,0.0,0.0,0.0,0.0,0.0,0.0,25.0,8.0,6.0,3.0,0.0,0.0,0.0,0.0,0.0,20.0,10.0,6.0,4.0,0.0,0.0,0.0,0.0,0.0,0.0,0.0,21.0,8.0,3.0,6.0,0.0,0.0,0.0,0.0,2.0,0.0,0.0,0.0,1.0,22.0,6.0,3.0,5.0,0.0,0.0,0.0,0.0,0.0,0.0,0.0,0.0,1.0,0.0,0.0,0.0,0.0,23.0,4.0,3.0,2.0,0.0,0.0,0.0,0.0,0.0,0.0,0.0,0.0,22.0,2.0,5.0,0.0,0.0,0.0,0.0,0.0,2.0,0.0,0.0,0.0,21.0,0.0,6.0,0.0,0.0,0.0,0.0,0.0,2.0,0.0,0.0,0.0,0.0,0.0,20.0,0.0,6.0,0.0,0.0,0.0,0.0,0.0,0.0,0.0,0.0,0.0,0.0,0.0,0.0,0.0,0.0,0.0,1.0,0.0,0.0,0.0,0.0,0.0,0.0,0.0,1.0,0.0,0.0,0.0,0.0,0.0,0.0,2.0,0.0,1.0,0.0,0.0,1.0,0.0,0.0,0.0,2.0,2.0,1.0,1.0,0.0,0.0,0.0,0.0,0.0,0.0,0.0,1.0,0.0,0.0,0.0,0.0,0.0,0.0,0.0,0.0,0.0,0.0,1.0,0.0,0.0,0.0,0.0,0.0,0.0,0.0,0.0,0.0,0.0,0.0,0.0,0.0,0.0,0.0,0.0,0.0,0.0,0.0,0.0,0.0,0.0,0.0,0.0,0.0,0.0,0.0,0.0,0.0,0.0,0.0,0.0,0.0,0.0,0.0,0.0,0.0,0.0,0.0,0.0,0.0,0.0,0.0,0.0,0.0,0.0,0.0,0.0,0.0,0.0,0.0,3.0,0.0,0.0,0.0,0.0,0.0,0.0,0.0,0.0,0.0,0.0,0.0,0.0,0.0,0.0,0.0,2.0,0.0,1.0,2.0,23.0,2.0,2.0,9.0,6.0,6.0,4.0,23.0
CHEMBL62531,Ki,5000.0,30.0,4.0,6.0,0.0,3.0,0.0,3.0,0.0,42.0,5.0,5.0,0.0,0.0,0.0,0.0,0.0,2.0,3.0,3.0,3.0,3.0,3.0,39.0,7.0,10.0,0.0,3.0,0.0,3.0,0.0,0.0,35.0,6.0,10.0,0.0,3.0,0.0,3.0,2.0,0.0,0.0,0.0,35.0,6.0,11.0,0.0,6.0,0.0,6.0,0.0,0.0,0.0,0.0,0.0,0.0,39.0,4.0,7.0,0.0,6.0,0.0,6.0,0.0,1.0,0.0,0.0,0.0,2.0,0.0,0.0,0.0,0.0,41.0,4.0,9.0,0.0,3.0,0.0,3.0,0.0,0.0,0.0,0.0,0.0,36.0,6.0,11.0,0.0,0.0,0.0,0.0,0.0,0.0,3.0,3.0,1.0,37.0,2.0,7.0,0.0,3.0,0.0,3.0,1.0,2.0,0.0,0.0,1.0,0.0,0.0,34.0,4.0,9.0,0.0,3.0,0.0,3.0,0.0,0.0,0.0,0.0,0.0,3.0,3.0,1.0,0.0,0.0,1.0,4.0,1.0,1.0,1.0,0.0,1.0,0.0,1.0,1.0,3.0,2.0,0.0,2.0,1.0,0.0,1.0,2.0,3.0,0.0,3.0,0.0,0.0,3.0,1.0,1.0,13.0,3.0,7.0,1.0,0.0,1.0,4.0,0.0,0.0,0.0,2.0,5.0,1.0,0.0,0.0,0.0,0.0,0.0,0.0,0.0,2.0,6.0,0.0,0.0,0.0,1.0,0.0,0.0,0.0,0.0,0.0,0.0,0.0,0.0,0.0,0.0,0.0,2.0,0.0,1.0,1.0,2.0,0.0,0.0,1.0,0.0,0.0,1.0,0.0,0.0,0.0,0.0,1.0,0.0,0.0,3.0,1.0,0.0,0.0,1.0,1.0,0.0,0.0,3.0,0.0,3.0,2.0,2.0,0.0,0.0,1.0,0.0,0.0,5.0,1.0,0.0,3.0,0.0,3.0,2.0,1.0,3.0,0.0,3.0,3.0,3.0,0.0,2.0,0.0,2.0,0.0,0.0,0.0,18.0,0.0,2.0,10.0,16.0,16.0,15.0,26.0
CHEMBL146683,Ki,41000.0,14.0,4.0,4.0,2.0,0.0,0.0,0.0,0.0,19.0,4.0,6.0,1.0,0.0,0.0,0.0,1.0,0.0,0.0,0.0,0.0,0.0,0.0,15.0,6.0,6.0,3.0,0.0,0.0,0.0,0.0,0.0,10.0,4.0,7.0,4.0,0.0,0.0,0.0,0.0,0.0,0.0,0.0,9.0,2.0,3.0,4.0,0.0,0.0,0.0,0.0,2.0,0.0,0.0,0.0,1.0,9.0,4.0,4.0,1.0,0.0,0.0,0.0,0.0,0.0,0.0,0.0,0.0,1.0,0.0,0.0,0.0,0.0,9.0,4.0,3.0,1.0,0.0,0.0,0.0,0.0,0.0,0.0,0.0,0.0,11.0,2.0,3.0,0.0,0.0,0.0,0.0,0.0,2.0,0.0,0.0,0.0,10.0,2.0,2.0,0.0,0.0,0.0,0.0,0.0,2.0,0.0,0.0,0.0,0.0,0.0,8.0,0.0,4.0,0.0,0.0,0.0,0.0,0.0,0.0,0.0,0.0,0.0,0.0,0.0,0.0,0.0,0.0,0.0,1.0,0.0,0.0,0.0,0.0,0.0,0.0,0.0,1.0,1.0,0.0,0.0,0.0,0.0,0.0,1.0,0.0,1.0,0.0,0.0,1.0,0.0,0.0,1.0,1.0,3.0,1.0,1.0,0.0,0.0,0.0,0.0,0.0,0.0,0.0,1.0,0.0,0.0,0.0,0.0,0.0,0.0,0.0,0.0,0.0,0.0,1.0,0.0,0.0,0.0,0.0,0.0,0.0,0.0,0.0,0.0,0.0,0.0,0.0,0.0,0.0,0.0,0.0,0.0,0.0,0.0,0.0,0.0,0.0,0.0,0.0,0.0,0.0,0.0,0.0,0.0,0.0,0.0,0.0,0.0,0.0,0.0,0.0,0.0,0.0,0.0,0.0,0.0,1.0,1.0,0.0,0.0,0.0,0.0,0.0,0.0,0.0,0.0,3.0,0.0,0.0,0.0,0.0,0.0,0.0,0.0,0.0,0.0,0.0,0.0,0.0,0.0,0.0,0.0,2.0,0.0,1.0,2.0,15.0,2.0,2.0,10.0,6.0,6.0,5.0,15.0
CHEMBL3675900,Ki,38.3,28.0,6.0,3.0,0.0,1.0,1.0,2.0,0.0,36.0,8.0,3.0,0.0,2.0,2.0,4.0,0.0,1.0,0.0,0.0,0.0,0.0,0.0,36.0,8.0,4.0,0.0,2.0,2.0,4.0,1.0,1.0,31.0,9.0,3.0,0.0,2.0,2.0,4.0,2.0,0.0,0.0,0.0,30.0,9.0,4.0,0.0,2.0,3.0,5.0,0.0,0.0,0.0,0.0,0.0,0.0,29.0,6.0,3.0,0.0,2.0,1.0,3.0,1.0,0.0,0.0,2.0,2.0,2.0,0.0,0.0,0.0,0.0,27.0,6.0,4.0,0.0,1.0,2.0,3.0,0.0,2.0,0.0,0.0,0.0,23.0,7.0,7.0,0.0,0.0,3.0,3.0,0.0,0.0,1.0,1.0,0.0,24.0,3.0,3.0,0.0,1.0,2.0,3.0,1.0,1.0,0.0,1.0,0.0,0.0,1.0,25.0,3.0,3.0,0.0,1.0,2.0,3.0,0.0,0.0,0.0,0.0,0.0,0.0,0.0,0.0,0.0,0.0,0.0,3.0,0.0,0.0,0.0,0.0,1.0,0.0,2.0,1.0,0.0,2.0,0.0,1.0,0.0,0.0,1.0,0.0,2.0,0.0,1.0,1.0,1.0,1.0,0.0,1.0,5.0,2.0,2.0,0.0,0.0,0.0,0.0,0.0,0.0,0.0,1.0,1.0,0.0,0.0,0.0,0.0,0.0,0.0,0.0,0.0,1.0,0.0,0.0,0.0,0.0,0.0,0.0,0.0,0.0,0.0,0.0,0.0,0.0,0.0,0.0,0.0,0.0,1.0,0.0,1.0,1.0,1.0,0.0,0.0,1.0,0.0,0.0,1.0,0.0,0.0,0.0,0.0,1.0,1.0,1.0,3.0,1.0,0.0,0.0,1.0,1.0,0.0,0.0,1.0,0.0,1.0,2.0,1.0,0.0,0.0,1.0,0.0,0.0,3.0,0.0,0.0,0.0,0.0,0.0,1.0,0.0,0.0,0.0,0.0,0.0,2.0,0.0,1.0,0.0,1.0,1.0,1.0,1.0,24.0,1.0,2.0,9.0,8.0,8.0,8.0,27.0
CHEMBL3680822,Ki,12.4,29.0,6.0,3.0,0.0,4.0,2.0,6.0,0.0,38.0,8.0,3.0,0.0,5.0,4.0,9.0,0.0,1.0,0.0,0.0,3.0,3.0,3.0,38.0,8.0,4.0,0.0,9.0,5.0,14.0,1.0,1.0,33.0,9.0,3.0,0.0,7.0,5.0,12.0,2.0,0.0,1.0,0.0,32.0,9.0,4.0,0.0,7.0,6.0,13.0,0.0,0.0,0.0,0.0,0.0,0.0,31.0,6.0,3.0,0.0,8.0,4.0,12.0,1.0,0.0,0.0,2.0,2.0,2.0,0.0,0.0,0.0,0.0,28.0,6.0,4.0,0.0,8.0,4.0,12.0,0.0,2.0,0.0,0.0,0.0,23.0,8.0,7.0,0.0,4.0,6.0,10.0,0.0,0.0,0.0,0.0,0.0,25.0,3.0,3.0,0.0,0.0,5.0,5.0,1.0,1.0,4.0,5.0,0.0,0.0,1.0,26.0,3.0,3.0,0.0,4.0,3.0,7.0,0.0,0.0,0.0,1.0,0.0,0.0,0.0,0.0,0.0,0.0,0.0,3.0,0.0,0.0,0.0,0.0,1.0,0.0,2.0,1.0,0.0,2.0,0.0,1.0,0.0,0.0,1.0,1.0,2.0,0.0,0.0,3.0,2.0,4.0,0.0,1.0,6.0,2.0,2.0,0.0,0.0,0.0,0.0,0.0,0.0,0.0,1.0,1.0,0.0,0.0,0.0,0.0,0.0,0.0,0.0,0.0,1.0,0.0,0.0,0.0,0.0,0.0,0.0,0.0,0.0,0.0,0.0,0.0,0.0,0.0,0.0,0.0,0.0,1.0,0.0,1.0,1.0,1.0,0.0,0.0,1.0,0.0,0.0,1.0,0.0,0.0,0.0,0.0,1.0,2.0,2.0,3.0,1.0,0.0,0.0,1.0,1.0,0.0,0.0,1.0,0.0,4.0,2.0,1.0,0.0,0.0,1.0,0.0,0.0,3.0,0.0,0.0,0.0,0.0,0.0,1.0,0.0,3.0,0.0,0.0,0.0,2.0,0.0,1.0,0.0,1.0,2.0,1.0,1.0,24.0,1.0,2.0,9.0,8.0,8.0,9.0,28.0
CHEMBL3675859,Ki,20.3,29.0,6.0,3.0,0.0,3.0,3.0,6.0,0.0,38.0,8.0,3.0,0.0,3.0,6.0,9.0,0.0,1.0,0.0,0.0,3.0,3.0,3.0,38.0,8.0,4.0,0.0,6.0,8.0,14.0,1.0,1.0,33.0,9.0,3.0,0.0,6.0,7.0,13.0,2.0,0.0,1.0,0.0,33.0,9.0,4.0,0.0,6.0,6.0,12.0,0.0,0.0,0.0,0.0,0.0,0.0,30.0,8.0,3.0,0.0,9.0,6.0,15.0,1.0,0.0,0.0,1.0,1.0,2.0,0.0,0.0,0.0,0.0,29.0,6.0,4.0,0.0,3.0,5.0,8.0,0.0,2.0,6.0,7.0,0.0,26.0,7.0,7.0,0.0,6.0,4.0,10.0,0.0,0.0,0.0,0.0,0.0,26.0,4.0,4.0,0.0,9.0,2.0,11.0,1.0,1.0,0.0,2.0,0.0,0.0,1.0,27.0,3.0,3.0,0.0,6.0,6.0,12.0,0.0,0.0,3.0,3.0,0.0,3.0,3.0,0.0,0.0,0.0,0.0,3.0,0.0,0.0,0.0,0.0,1.0,0.0,2.0,1.0,0.0,2.0,0.0,1.0,0.0,0.0,1.0,1.0,2.0,0.0,1.0,1.0,3.0,3.0,0.0,1.0,6.0,2.0,2.0,0.0,0.0,0.0,0.0,0.0,0.0,0.0,1.0,1.0,0.0,0.0,0.0,0.0,0.0,0.0,0.0,0.0,1.0,0.0,0.0,0.0,0.0,0.0,0.0,0.0,0.0,0.0,0.0,0.0,0.0,0.0,0.0,0.0,0.0,1.0,0.0,1.0,1.0,1.0,0.0,0.0,1.0,0.0,0.0,1.0,0.0,0.0,0.0,0.0,1.0,3.0,3.0,3.0,1.0,0.0,0.0,1.0,1.0,0.0,0.0,1.0,0.0,3.0,2.0,1.0,0.0,0.0,1.0,0.0,0.0,3.0,0.0,0.0,0.0,0.0,0.0,1.0,0.0,3.0,0.0,0.0,0.0,2.0,0.0,1.0,0.0,1.0,3.0,1.0,1.0,24.0,1.0,2.0,9.0,8.0,8.0,9.0,28.0
CHEMBL3675876,Ki,33.8,29.0,6.0,4.0,0.0,5.0,0.0,5.0,0.0,38.0,8.0,4.0,0.0,7.0,0.0,7.0,0.0,2.0,0.0,0.0,3.0,3.0,3.0,38.0,8.0,7.0,0.0,10.0,0.0,10.0,1.0,1.0,32.0,9.0,8.0,0.0,10.0,0.0,10.0,2.0,0.0,0.0,0.0,31.0,9.0,9.0,0.0,7.0,0.0,7.0,0.0,0.0,1.0,0.0,1.0,0.0,31.0,6.0,5.0,0.0,7.0,0.0,7.0,1.0,1.0,2.0,0.0,2.0,2.0,1.0,0.0,0.0,0.0,29.0,6.0,6.0,0.0,11.0,0.0,11.0,0.0,2.0,1.0,1.0,0.0,24.0,7.0,10.0,0.0,12.0,0.0,12.0,0.0,0.0,0.0,0.0,0.0,24.0,4.0,5.0,0.0,7.0,0.0,7.0,1.0,2.0,1.0,1.0,1.0,1.0,1.0,26.0,3.0,5.0,0.0,3.0,0.0,3.0,0.0,0.0,4.0,4.0,0.0,1.0,1.0,0.0,0.0,0.0,0.0,2.0,0.0,0.0,0.0,0.0,1.0,0.0,1.0,1.0,0.0,2.0,0.0,2.0,0.0,0.0,1.0,1.0,3.0,0.0,2.0,0.0,0.0,5.0,0.0,1.0,6.0,3.0,2.0,0.0,0.0,0.0,0.0,0.0,0.0,0.0,1.0,1.0,0.0,0.0,0.0,0.0,0.0,0.0,0.0,0.0,1.0,0.0,0.0,0.0,0.0,0.0,0.0,0.0,0.0,0.0,0.0,0.0,0.0,0.0,0.0,0.0,0.0,1.0,0.0,1.0,1.0,1.0,0.0,0.0,1.0,0.0,0.0,1.0,0.0,0.0,0.0,0.0,1.0,0.0,0.0,3.0,1.0,0.0,0.0,1.0,1.0,0.0,0.0,1.0,0.0,5.0,2.0,2.0,0.0,0.0,1.0,0.0,0.0,4.0,0.0,0.0,0.0,0.0,0.0,1.0,0.0,3.0,0.0,0.0,0.0,3.0,0.0,2.0,0.0,4.0,0.0,1.0,1.0,24.0,1.0,4.0,10.0,7.0,7.0,9.0,29.0
CHEMBL3675852,Ki,139.1,29.0,6.0,3.0,0.0,0.0,1.0,1.0,0.0,38.0,8.0,3.0,0.0,0.0,2.0,2.0,0.0,1.0,0.0,0.0,0.0,0.0,0.0,39.0,8.0,4.0,0.0,0.0,2.0,2.0,1.0,1.0,33.0,10.0,3.0,0.0,0.0,1.0,1.0,2.0,0.0,0.0,0.0,33.0,9.0,4.0,0.0,0.0,1.0,1.0,0.0,0.0,0.0,0.0,0.0,0.0,32.0,7.0,3.0,0.0,0.0,2.0,2.0,1.0,0.0,0.0,0.0,0.0,2.0,0.0,0.0,0.0,0.0,30.0,6.0,4.0,0.0,0.0,2.0,2.0,0.0,2.0,0.0,0.0,0.0,25.0,7.0,7.0,0.0,0.0,1.0,1.0,0.0,0.0,0.0,0.0,0.0,25.0,4.0,4.0,0.0,0.0,0.0,0.0,1.0,1.0,0.0,1.0,0.0,0.0,0.0,28.0,3.0,3.0,0.0,0.0,1.0,1.0,0.0,0.0,0.0,0.0,0.0,0.0,0.0,0.0,0.0,0.0,0.0,3.0,0.0,0.0,0.0,0.0,1.0,0.0,2.0,1.0,1.0,2.0,0.0,1.0,0.0,0.0,1.0,0.0,2.0,0.0,2.0,0.0,1.0,0.0,0.0,1.0,6.0,2.0,2.0,0.0,0.0,0.0,0.0,0.0,0.0,0.0,1.0,1.0,0.0,0.0,0.0,0.0,0.0,0.0,0.0,0.0,1.0,0.0,0.0,0.0,0.0,0.0,0.0,0.0,0.0,0.0,0.0,0.0,0.0,0.0,0.0,0.0,0.0,1.0,0.0,1.0,1.0,1.0,0.0,0.0,1.0,0.0,0.0,1.0,0.0,0.0,0.0,0.0,1.0,1.0,1.0,3.0,1.0,0.0,0.0,1.0,1.0,0.0,0.0,1.0,0.0,0.0,2.0,1.0,0.0,0.0,1.0,0.0,0.0,3.0,0.0,0.0,0.0,0.0,1.0,1.0,0.0,0.0,0.0,0.0,0.0,2.0,0.0,1.0,0.0,1.0,1.0,1.0,1.0,24.0,1.0,2.0,9.0,9.0,9.0,8.0,27.0
CHEMBL3675891,Ki,95.7,30.0,7.0,3.0,0.0,3.0,0.0,3.0,0.0,40.0,9.0,3.0,0.0,6.0,0.0,6.0,0.0,1.0,0.0,0.0,0.0,0.0,0.0,41.0,10.0,4.0,0.0,7.0,0.0,7.0,1.0,1.0,36.0,13.0,3.0,0.0,5.0,0.0,5.0,2.0,0.0,0.0,0.0,35.0,12.0,4.0,0.0,5.0,0.0,5.0,1.0,0.0,1.0,0.0,1.0,0.0,34.0,9.0,3.0,0.0,6.0,0.0,6.0,1.0,0.0,2.0,0.0,2.0,2.0,0.0,0.0,0.0,0.0,30.0,9.0,4.0,0.0,8.0,0.0,8.0,0.0,2.0,1.0,1.0,0.0,26.0,10.0,7.0,0.0,7.0,0.0,7.0,0.0,0.0,1.0,1.0,0.0,28.0,6.0,3.0,0.0,5.0,0.0,5.0,1.0,1.0,2.0,2.0,0.0,1.0,1.0,27.0,7.0,3.0,0.0,5.0,0.0,5.0,0.0,0.0,2.0,2.0,0.0,1.0,1.0,0.0,0.0,0.0,0.0,3.0,0.0,0.0,0.0,0.0,1.0,0.0,2.0,1.0,1.0,2.0,0.0,1.0,0.0,0.0,1.0,0.0,2.0,0.0,0.0,2.0,0.0,3.0,0.0,1.0,7.0,2.0,2.0,0.0,0.0,0.0,0.0,0.0,0.0,0.0,1.0,1.0,0.0,0.0,0.0,0.0,0.0,0.0,0.0,0.0,1.0,0.0,0.0,0.0,0.0,0.0,0.0,0.0,0.0,0.0,0.0,0.0,0.0,0.0,0.0,0.0,0.0,1.0,0.0,1.0,1.0,1.0,0.0,0.0,1.0,0.0,0.0,1.0,0.0,0.0,0.0,0.0,1.0,0.0,0.0,3.0,1.0,0.0,0.0,1.0,1.0,0.0,0.0,1.0,0.0,3.0,3.0,1.0,0.0,0.0,1.0,0.0,0.0,3.0,0.0,0.0,0.0,0.0,1.0,1.0,0.0,0.0,0.0,0.0,0.0,2.0,0.0,1.0,0.0,1.0,0.0,1.0,1.0,24.0,1.0,2.0,10.0,9.0,9.0,8.0,27.0
CHEMBL3675886,Ki,43.5,29.0,7.0,3.0,0.0,2.0,1.0,3.0,0.0,38.0,9.0,3.0,0.0,4.0,2.0,6.0,0.0,1.0,0.0,0.0,0.0,0.0,0.0,39.0,10.0,4.0,0.0,4.0,2.0,6.0,1.0,1.0,34.0,13.0,3.0,0.0,4.0,1.0,5.0,2.0,0.0,0.0,0.0,33.0,12.0,4.0,0.0,4.0,1.0,5.0,1.0,0.0,1.0,0.0,1.0,0.0,31.0,9.0,3.0,0.0,4.0,2.0,6.0,1.0,0.0,2.0,0.0,2.0,2.0,0.0,0.0,0.0,0.0,29.0,8.0,4.0,0.0,5.0,3.0,8.0,0.0,2.0,1.0,1.0,0.0,26.0,9.0,7.0,0.0,6.0,1.0,7.0,0.0,0.0,0.0,1.0,0.0,27.0,6.0,3.0,0.0,5.0,0.0,5.0,1.0,1.0,1.0,2.0,0.0,1.0,1.0,26.0,7.0,3.0,0.0,4.0,1.0,5.0,0.0,0.0,2.0,2.0,0.0,1.0,1.0,0.0,0.0,0.0,0.0,3.0,0.0,0.0,0.0,0.0,1.0,0.0,2.0,1.0,0.0,2.0,0.0,1.0,0.0,0.0,1.0,0.0,2.0,0.0,1.0,1.0,1.0,2.0,0.0,1.0,6.0,2.0,2.0,0.0,0.0,0.0,0.0,0.0,0.0,0.0,1.0,1.0,0.0,0.0,0.0,0.0,0.0,0.0,0.0,0.0,1.0,0.0,0.0,0.0,0.0,0.0,0.0,0.0,0.0,0.0,0.0,0.0,0.0,0.0,0.0,0.0,0.0,1.0,0.0,1.0,1.0,1.0,0.0,0.0,1.0,0.0,0.0,1.0,0.0,0.0,0.0,0.0,1.0,1.0,1.0,3.0,1.0,0.0,0.0,1.0,1.0,0.0,0.0,1.0,0.0,2.0,3.0,1.0,0.0,0.0,1.0,0.0,0.0,3.0,0.0,0.0,0.0,0.0,0.0,1.0,0.0,0.0,0.0,0.0,0.0,2.0,0.0,1.0,0.0,1.0,1.0,1.0,1.0,24.0,1.0,2.0,10.0,8.0,8.0,8.0,27.0
CHEMBL3675848,Ki,97.7,29.0,6.0,4.0,0.0,0.0,2.0,2.0,0.0,38.0,8.0,4.0,0.0,0.0,4.0,4.0,0.0,1.0,0.0,0.0,0.0,0.0,0.0,38.0,8.0,6.0,0.0,0.0,4.0,4.0,1.0,1.0,33.0,9.0,5.0,0.0,0.0,3.0,3.0,2.0,0.0,0.0,0.0,31.0,10.0,6.0,0.0,0.0,3.0,3.0,0.0,0.0,0.0,0.0,0.0,0.0,32.0,6.0,4.0,0.0,0.0,4.0,4.0,1.0,1.0,0.0,0.0,0.0,2.0,0.0,0.0,0.0,0.0,30.0,7.0,7.0,0.0,0.0,3.0,3.0,0.0,2.0,0.0,0.0,0.0,26.0,7.0,10.0,0.0,0.0,1.0,1.0,0.0,1.0,0.0,1.0,0.0,26.0,3.0,6.0,0.0,0.0,1.0,1.0,1.0,1.0,0.0,1.0,0.0,0.0,0.0,26.0,4.0,6.0,0.0,0.0,2.0,2.0,0.0,0.0,0.0,0.0,0.0,0.0,0.0,0.0,0.0,0.0,0.0,4.0,0.0,0.0,0.0,0.0,1.0,0.0,2.0,1.0,0.0,2.0,0.0,1.0,0.0,0.0,2.0,0.0,2.0,0.0,1.0,2.0,2.0,0.0,0.0,2.0,6.0,2.0,2.0,0.0,0.0,0.0,0.0,0.0,0.0,0.0,1.0,1.0,0.0,0.0,0.0,0.0,0.0,0.0,0.0,0.0,1.0,0.0,0.0,0.0,0.0,0.0,0.0,0.0,0.0,0.0,0.0,0.0,0.0,0.0,0.0,0.0,0.0,1.0,0.0,1.0,1.0,1.0,0.0,0.0,1.0,0.0,0.0,1.0,0.0,0.0,0.0,0.0,1.0,2.0,2.0,3.0,1.0,0.0,0.0,1.0,1.0,0.0,0.0,2.0,0.0,0.0,2.0,1.0,0.0,0.0,1.0,0.0,0.0,4.0,0.0,0.0,0.0,0.0,0.0,1.0,0.0,0.0,1.0,0.0,0.0,2.0,0.0,1.0,0.0,1.0,2.0,1.0,1.0,24.0,1.0,2.0,10.0,10.0,10.0,9.0,27.0
CHEMBL3675875,Ki,139.1,28.0,6.0,4.0,0.0,3.0,0.0,3.0,0.0,36.0,8.0,4.0,0.0,6.0,0.0,6.0,0.0,2.0,0.0,0.0,0.0,0.0,0.0,36.0,8.0,7.0,0.0,6.0,0.0,6.0,1.0,1.0,31.0,9.0,8.0,0.0,5.0,0.0,5.0,2.0,0.0,0.0,0.0,30.0,9.0,9.0,0.0,5.0,0.0,5.0,0.0,0.0,1.0,0.0,1.0,0.0,29.0,6.0,5.0,0.0,6.0,0.0,6.0,1.0,1.0,2.0,0.0,2.0,2.0,1.0,0.0,0.0,0.0,27.0,6.0,6.0,0.0,7.0,0.0,7.0,0.0,2.0,1.0,1.0,0.0,23.0,7.0,10.0,0.0,7.0,0.0,7.0,0.0,0.0,0.0,0.0,0.0,24.0,3.0,5.0,0.0,4.0,0.0,4.0,1.0,2.0,2.0,2.0,1.0,1.0,1.0,25.0,3.0,5.0,0.0,4.0,0.0,4.0,0.0,0.0,1.0,1.0,0.0,1.0,1.0,0.0,0.0,0.0,0.0,2.0,0.0,0.0,0.0,0.0,1.0,0.0,1.0,1.0,0.0,2.0,0.0,2.0,0.0,0.0,1.0,0.0,3.0,0.0,2.0,0.0,0.0,3.0,0.0,1.0,5.0,3.0,2.0,0.0,0.0,0.0,0.0,0.0,0.0,0.0,1.0,1.0,0.0,0.0,0.0,0.0,0.0,0.0,0.0,0.0,1.0,0.0,0.0,0.0,0.0,0.0,0.0,0.0,0.0,0.0,0.0,0.0,0.0,0.0,0.0,0.0,0.0,1.0,0.0,1.0,1.0,1.0,0.0,0.0,1.0,0.0,0.0,1.0,0.0,0.0,0.0,0.0,1.0,0.0,0.0,3.0,1.0,0.0,0.0,1.0,1.0,0.0,0.0,1.0,0.0,3.0,2.0,2.0,0.0,0.0,1.0,0.0,0.0,4.0,0.0,0.0,0.0,0.0,0.0,1.0,0.0,0.0,0.0,0.0,0.0,3.0,0.0,2.0,0.0,4.0,0.0,1.0,1.0,24.0,1.0,4.0,10.0,7.0,7.0,8.0,28.0
CHEMBL3675882,Ki,26.1,29.0,6.0,3.0,0.0,5.0,2.0,7.0,0.0,38.0,8.0,3.0,0.0,7.0,4.0,11.0,0.0,1.0,0.0,0.0,3.0,3.0,3.0,38.0,8.0,4.0,0.0,10.0,6.0,16.0,1.0,1.0,33.0,9.0,3.0,0.0,10.0,4.0,14.0,2.0,0.0,1.0,0.0,32.0,9.0,4.0,0.0,10.0,4.0,14.0,0.0,0.0,1.0,0.0,1.0,0.0,31.0,6.0,3.0,0.0,10.0,5.0,15.0,1.0,0.0,2.0,0.0,2.0,2.0,0.0,0.0,0.0,0.0,28.0,6.0,4.0,0.0,11.0,4.0,15.0,0.0,2.0,1.0,1.0,0.0,23.0,8.0,7.0,0.0,9.0,4.0,13.0,0.0,0.0,0.0,0.0,0.0,25.0,3.0,3.0,0.0,4.0,3.0,7.0,1.0,1.0,4.0,5.0,0.0,1.0,1.0,26.0,3.0,3.0,0.0,6.0,2.0,8.0,0.0,0.0,1.0,2.0,0.0,1.0,1.0,0.0,0.0,0.0,0.0,3.0,0.0,0.0,0.0,0.0,1.0,0.0,2.0,1.0,0.0,2.0,0.0,1.0,0.0,0.0,1.0,1.0,2.0,0.0,0.0,2.0,2.0,5.0,0.0,1.0,6.0,2.0,2.0,0.0,0.0,0.0,0.0,0.0,0.0,0.0,1.0,1.0,0.0,0.0,0.0,0.0,0.0,0.0,0.0,0.0,1.0,0.0,0.0,0.0,0.0,0.0,0.0,0.0,0.0,0.0,0.0,0.0,0.0,0.0,0.0,0.0,0.0,1.0,0.0,1.0,1.0,1.0,0.0,0.0,1.0,0.0,0.0,1.0,0.0,0.0,0.0,0.0,1.0,2.0,2.0,3.0,1.0,0.0,0.0,1.0,1.0,0.0,0.0,1.0,0.0,5.0,2.0,1.0,0.0,0.0,1.0,0.0,0.0,3.0,0.0,0.0,0.0,0.0,0.0,1.0,0.0,3.0,0.0,0.0,0.0,2.0,0.0,1.0,0.0,1.0,2.0,1.0,1.0,24.0,1.0,2.0,9.0,8.0,8.0,9.0,28.0
CHEMBL3639747,Ki,74.2,28.0,6.0,3.0,0.0,2.0,2.0,4.0,0.0,36.0,8.0,3.0,0.0,4.0,4.0,8.0,0.0,1.0,0.0,0.0,0.0,0.0,0.0,36.0,8.0,4.0,0.0,5.0,5.0,10.0,1.0,1.0,31.0,9.0,3.0,0.0,5.0,4.0,9.0,2.0,1.0,1.0,0.0,30.0,9.0,4.0,0.0,6.0,3.0,9.0,0.0,0.0,0.0,0.0,0.0,0.0,29.0,6.0,3.0,0.0,3.0,3.0,6.0,1.0,0.0,2.0,0.0,2.0,2.0,0.0,0.0,0.0,0.0,27.0,6.0,4.0,0.0,4.0,2.0,6.0,0.0,2.0,0.0,1.0,0.0,23.0,7.0,7.0,0.0,6.0,2.0,8.0,0.0,0.0,0.0,0.0,0.0,24.0,3.0,3.0,0.0,5.0,1.0,6.0,1.0,1.0,1.0,2.0,0.0,1.0,1.0,25.0,3.0,3.0,0.0,3.0,3.0,6.0,0.0,0.0,1.0,1.0,0.0,0.0,0.0,0.0,0.0,0.0,0.0,3.0,0.0,0.0,0.0,0.0,1.0,0.0,2.0,1.0,0.0,2.0,0.0,1.0,0.0,0.0,1.0,0.0,2.0,0.0,0.0,3.0,2.0,2.0,0.0,1.0,5.0,2.0,2.0,0.0,0.0,0.0,0.0,0.0,0.0,0.0,1.0,1.0,0.0,0.0,0.0,0.0,0.0,0.0,0.0,0.0,1.0,0.0,0.0,0.0,0.0,0.0,0.0,0.0,0.0,0.0,0.0,0.0,0.0,0.0,0.0,0.0,0.0,1.0,0.0,1.0,1.0,1.0,0.0,0.0,1.0,0.0,0.0,1.0,0.0,0.0,0.0,0.0,1.0,2.0,2.0,3.0,1.0,0.0,0.0,1.0,1.0,0.0,0.0,1.0,0.0,2.0,2.0,1.0,0.0,0.0,1.0,0.0,0.0,3.0,0.0,0.0,0.0,0.0,0.0,1.0,0.0,0.0,0.0,0.0,0.0,2.0,0.0,1.0,0.0,1.0,2.0,1.0,1.0,24.0,1.0,2.0,9.0,8.0,8.0,8.0,27.0
CHEMBL3680824,Ki,28.1,29.0,6.0,3.0,0.0,1.0,1.0,2.0,0.0,38.0,8.0,3.0,0.0,2.0,2.0,4.0,0.0,1.0,0.0,0.0,0.0,0.0,0.0,38.0,8.0,4.0,0.0,3.0,2.0,5.0,1.0,1.0,33.0,9.0,3.0,0.0,1.0,2.0,3.0,2.0,0.0,0.0,0.0,32.0,9.0,4.0,0.0,1.0,3.0,4.0,0.0,0.0,0.0,0.0,0.0,0.0,31.0,6.0,3.0,0.0,2.0,1.0,3.0,1.0,0.0,0.0,2.0,2.0,2.0,0.0,0.0,0.0,0.0,28.0,6.0,4.0,0.0,2.0,2.0,4.0,0.0,2.0,0.0,0.0,0.0,23.0,8.0,7.0,0.0,1.0,3.0,4.0,0.0,0.0,0.0,0.0,0.0,25.0,3.0,3.0,0.0,0.0,2.0,2.0,1.0,1.0,1.0,2.0,0.0,0.0,1.0,26.0,3.0,3.0,0.0,1.0,2.0,3.0,0.0,0.0,0.0,0.0,0.0,0.0,0.0,0.0,0.0,0.0,0.0,3.0,0.0,0.0,0.0,0.0,1.0,0.0,2.0,1.0,1.0,2.0,0.0,1.0,0.0,0.0,1.0,0.0,2.0,0.0,1.0,2.0,1.0,1.0,0.0,1.0,6.0,2.0,2.0,0.0,0.0,0.0,0.0,0.0,0.0,0.0,1.0,1.0,0.0,0.0,0.0,0.0,0.0,0.0,0.0,0.0,1.0,0.0,0.0,0.0,0.0,0.0,0.0,0.0,0.0,0.0,0.0,0.0,0.0,0.0,0.0,0.0,0.0,1.0,0.0,1.0,1.0,1.0,0.0,0.0,1.0,0.0,0.0,1.0,0.0,0.0,0.0,0.0,1.0,1.0,1.0,3.0,1.0,0.0,0.0,1.0,1.0,0.0,0.0,1.0,0.0,1.0,2.0,1.0,0.0,0.0,1.0,0.0,0.0,3.0,0.0,0.0,0.0,0.0,1.0,1.0,0.0,0.0,0.0,0.0,0.0,2.0,0.0,1.0,0.0,1.0,1.0,1.0,1.0,24.0,1.0,2.0,9.0,9.0,9.0,8.0,27.0
CHEMBL3680831,Ki,32.9,29.0,6.0,4.0,0.0,0.0,2.0,2.0,0.0,38.0,8.0,4.0,0.0,0.0,4.0,4.0,0.0,2.0,0.0,0.0,0.0,0.0,0.0,39.0,8.0,7.0,0.0,0.0,4.0,4.0,1.0,1.0,34.0,9.0,8.0,0.0,0.0,4.0,4.0,2.0,0.0,0.0,0.0,32.0,9.0,9.0,0.0,0.0,4.0,4.0,0.0,0.0,0.0,0.0,0.0,0.0,30.0,6.0,5.0,0.0,0.0,3.0,3.0,1.0,1.0,0.0,2.0,2.0,2.0,1.0,0.0,0.0,0.0,27.0,7.0,6.0,0.0,0.0,4.0,4.0,0.0,2.0,0.0,0.0,0.0,24.0,7.0,10.0,0.0,0.0,4.0,4.0,0.0,0.0,0.0,0.0,0.0,25.0,3.0,6.0,0.0,0.0,2.0,2.0,1.0,2.0,0.0,2.0,1.0,0.0,1.0,27.0,3.0,5.0,0.0,0.0,3.0,3.0,0.0,0.0,0.0,0.0,0.0,0.0,0.0,0.0,0.0,0.0,0.0,2.0,0.0,0.0,0.0,0.0,1.0,0.0,1.0,1.0,1.0,2.0,0.0,2.0,0.0,0.0,1.0,0.0,3.0,0.0,1.0,2.0,2.0,0.0,0.0,1.0,6.0,3.0,2.0,0.0,0.0,0.0,0.0,0.0,0.0,0.0,1.0,1.0,0.0,0.0,0.0,0.0,0.0,0.0,0.0,0.0,1.0,0.0,0.0,0.0,0.0,0.0,0.0,0.0,0.0,0.0,0.0,0.0,0.0,0.0,0.0,0.0,0.0,1.0,0.0,1.0,1.0,1.0,0.0,0.0,1.0,0.0,0.0,1.0,0.0,0.0,0.0,0.0,1.0,2.0,2.0,3.0,1.0,0.0,0.0,1.0,1.0,0.0,0.0,1.0,0.0,0.0,2.0,2.0,0.0,0.0,1.0,0.0,0.0,4.0,0.0,0.0,0.0,0.0,1.0,1.0,0.0,0.0,0.0,0.0,0.0,3.0,0.0,2.0,0.0,4.0,2.0,1.0,1.0,24.0,1.0,4.0,10.0,8.0,8.0,8.0,28.0
CHEMBL3680834,Ki,37.8,30.0,6.0,4.0,0.0,0.0,1.0,1.0,0.0,39.0,8.0,5.0,0.0,0.0,2.0,2.0,0.0,1.0,0.0,0.0,0.0,0.0,0.0,40.0,8.0,6.0,0.0,0.0,2.0,2.0,1.0,1.0,34.0,9.0,5.0,0.0,0.0,2.0,2.0,2.0,0.0,0.0,0.0,32.0,9.0,5.0,0.0,0.0,3.0,3.0,0.0,0.0,0.0,0.0,0.0,0.0,32.0,6.0,4.0,0.0,0.0,1.0,1.0,1.0,0.0,0.0,2.0,2.0,2.0,0.0,0.0,0.0,0.0,31.0,6.0,6.0,0.0,0.0,2.0,2.0,0.0,2.0,0.0,0.0,0.0,26.0,7.0,9.0,0.0,0.0,3.0,3.0,0.0,0.0,0.0,0.0,0.0,25.0,4.0,4.0,0.0,0.0,2.0,2.0,1.0,1.0,0.0,1.0,0.0,0.0,1.0,26.0,4.0,3.0,0.0,0.0,2.0,2.0,0.0,1.0,0.0,0.0,0.0,0.0,0.0,0.0,0.0,0.0,0.0,3.0,0.0,0.0,0.0,0.0,1.0,0.0,2.0,1.0,1.0,2.0,0.0,1.0,0.0,0.0,1.0,0.0,3.0,0.0,2.0,1.0,1.0,0.0,0.0,1.0,7.0,3.0,3.0,0.0,0.0,0.0,0.0,0.0,0.0,0.0,2.0,1.0,0.0,0.0,0.0,0.0,0.0,0.0,0.0,0.0,1.0,1.0,0.0,0.0,0.0,0.0,0.0,0.0,0.0,0.0,0.0,0.0,0.0,0.0,0.0,0.0,0.0,1.0,0.0,1.0,1.0,1.0,0.0,0.0,1.0,0.0,0.0,1.0,0.0,0.0,0.0,0.0,1.0,1.0,1.0,3.0,1.0,0.0,0.0,1.0,1.0,0.0,0.0,1.0,0.0,0.0,2.0,1.0,0.0,0.0,1.0,0.0,0.0,4.0,0.0,0.0,0.0,0.0,1.0,1.0,0.0,0.0,0.0,0.0,0.0,2.0,0.0,1.0,0.0,3.0,1.0,1.0,1.0,24.0,1.0,4.0,10.0,9.0,9.0,9.0,28.0
CHEMBL3680839,Ki,20.7,29.0,6.0,3.0,0.0,3.0,2.0,5.0,0.0,38.0,8.0,3.0,0.0,3.0,4.0,7.0,0.0,1.0,0.0,0.0,3.0,3.0,3.0,38.0,8.0,4.0,0.0,6.0,5.0,11.0,1.0,1.0,33.0,9.0,3.0,0.0,6.0,5.0,11.0,2.0,0.0,1.0,0.0,32.0,9.0,4.0,0.0,6.0,6.0,12.0,0.0,0.0,0.0,0.0,0.0,0.0,31.0,6.0,3.0,0.0,6.0,4.0,10.0,1.0,0.0,0.0,2.0,2.0,2.0,0.0,0.0,0.0,0.0,28.0,6.0,4.0,0.0,6.0,4.0,10.0,0.0,2.0,0.0,0.0,0.0,23.0,8.0,7.0,0.0,3.0,6.0,9.0,0.0,0.0,0.0,0.0,0.0,25.0,3.0,3.0,0.0,0.0,5.0,5.0,1.0,1.0,3.0,4.0,0.0,0.0,1.0,26.0,3.0,3.0,0.0,3.0,3.0,6.0,0.0,0.0,0.0,1.0,0.0,0.0,0.0,0.0,0.0,0.0,0.0,3.0,0.0,0.0,0.0,0.0,1.0,0.0,2.0,1.0,0.0,2.0,0.0,1.0,0.0,0.0,1.0,1.0,2.0,0.0,0.0,2.0,2.0,3.0,0.0,1.0,6.0,2.0,2.0,0.0,0.0,0.0,0.0,0.0,0.0,0.0,1.0,1.0,0.0,0.0,0.0,0.0,0.0,0.0,0.0,0.0,1.0,0.0,0.0,0.0,0.0,0.0,0.0,0.0,0.0,0.0,0.0,0.0,0.0,0.0,0.0,0.0,0.0,1.0,0.0,1.0,1.0,1.0,0.0,0.0,1.0,0.0,0.0,1.0,0.0,0.0,0.0,0.0,1.0,2.0,2.0,3.0,1.0,0.0,0.0,1.0,1.0,0.0,0.0,1.0,0.0,3.0,2.0,1.0,0.0,0.0,1.0,0.0,0.0,3.0,0.0,0.0,0.0,0.0,0.0,1.0,0.0,3.0,0.0,0.0,0.0,2.0,0.0,1.0,0.0,1.0,2.0,1.0,1.0,24.0,1.0,2.0,9.0,8.0,8.0,9.0,28.0
CHEMBL3675822,Ki,21.5,29.0,6.0,3.0,0.0,3.0,3.0,6.0,0.0,38.0,8.0,3.0,0.0,3.0,6.0,9.0,0.0,1.0,0.0,0.0,3.0,3.0,3.0,38.0,8.0,4.0,0.0,6.0,8.0,14.0,1.0,1.0,33.0,9.0,3.0,0.0,6.0,7.0,13.0,2.0,0.0,1.0,0.0,33.0,9.0,4.0,0.0,6.0,6.0,12.0,0.0,0.0,0.0,0.0,0.0,0.0,30.0,8.0,3.0,0.0,9.0,5.0,14.0,1.0,0.0,0.0,0.0,0.0,2.0,0.0,0.0,0.0,0.0,29.0,6.0,4.0,0.0,3.0,4.0,7.0,0.0,2.0,6.0,7.0,0.0,26.0,7.0,7.0,0.0,6.0,5.0,11.0,0.0,0.0,0.0,0.0,0.0,26.0,4.0,4.0,0.0,9.0,4.0,13.0,1.0,1.0,0.0,1.0,0.0,0.0,0.0,27.0,3.0,3.0,0.0,6.0,5.0,11.0,0.0,0.0,3.0,4.0,0.0,3.0,3.0,0.0,0.0,0.0,0.0,3.0,0.0,0.0,0.0,0.0,1.0,0.0,2.0,1.0,0.0,2.0,0.0,1.0,0.0,0.0,1.0,1.0,2.0,0.0,0.0,3.0,3.0,3.0,0.0,1.0,6.0,2.0,2.0,0.0,0.0,0.0,0.0,0.0,0.0,0.0,1.0,1.0,0.0,0.0,0.0,0.0,0.0,0.0,0.0,0.0,1.0,0.0,0.0,0.0,0.0,0.0,0.0,0.0,0.0,0.0,0.0,0.0,0.0,0.0,0.0,0.0,0.0,1.0,0.0,1.0,1.0,1.0,0.0,0.0,1.0,0.0,0.0,1.0,0.0,0.0,0.0,0.0,1.0,3.0,3.0,3.0,1.0,0.0,0.0,1.0,1.0,0.0,0.0,1.0,0.0,3.0,2.0,1.0,0.0,0.0,1.0,0.0,0.0,3.0,0.0,0.0,0.0,0.0,0.0,1.0,0.0,3.0,0.0,0.0,0.0,2.0,0.0,1.0,0.0,1.0,3.0,1.0,1.0,24.0,1.0,2.0,9.0,8.0,8.0,9.0,28.0
CHEMBL3675834,Ki,26.6,30.0,6.0,3.0,0.0,7.0,1.0,8.0,0.0,40.0,8.0,3.0,0.0,8.0,2.0,10.0,0.0,1.0,0.0,0.0,6.0,6.0,6.0,40.0,8.0,4.0,0.0,15.0,3.0,18.0,1.0,1.0,34.0,9.0,3.0,0.0,14.0,3.0,17.0,2.0,0.0,1.0,0.0,34.0,9.0,4.0,0.0,11.0,3.0,14.0,0.0,0.0,0.0,0.0,0.0,0.0,32.0,8.0,3.0,0.0,14.0,2.0,16.0,1.0,0.0,0.0,0.0,0.0,2.0,0.0,0.0,1.0,1.0,31.0,6.0,4.0,0.0,10.0,3.0,13.0,0.0,2.0,6.0,6.0,0.0,27.0,7.0,7.0,0.0,12.0,3.0,15.0,0.0,0.0,1.0,1.0,0.0,26.0,5.0,4.0,0.0,13.0,3.0,16.0,1.0,1.0,0.0,0.0,0.0,0.0,0.0,28.0,3.0,3.0,0.0,7.0,2.0,9.0,0.0,0.0,6.0,7.0,0.0,3.0,3.0,0.0,0.0,0.0,0.0,3.0,0.0,0.0,0.0,0.0,1.0,0.0,2.0,1.0,0.0,2.0,0.0,1.0,0.0,0.0,1.0,2.0,2.0,0.0,0.0,3.0,1.0,7.0,0.0,1.0,7.0,2.0,2.0,0.0,0.0,0.0,0.0,0.0,0.0,0.0,1.0,1.0,0.0,0.0,0.0,0.0,0.0,0.0,0.0,0.0,1.0,0.0,0.0,0.0,0.0,0.0,0.0,0.0,0.0,0.0,0.0,0.0,0.0,0.0,0.0,0.0,0.0,1.0,0.0,1.0,1.0,1.0,0.0,0.0,1.0,0.0,0.0,1.0,0.0,0.0,0.0,0.0,1.0,1.0,1.0,3.0,1.0,0.0,0.0,1.0,1.0,0.0,0.0,1.0,0.0,7.0,2.0,1.0,0.0,0.0,1.0,0.0,0.0,3.0,0.0,0.0,0.0,0.0,0.0,1.0,0.0,6.0,0.0,0.0,0.0,2.0,0.0,1.0,0.0,1.0,1.0,1.0,1.0,24.0,1.0,2.0,9.0,8.0,8.0,10.0,29.0
CHEMBL3680835,Ki,33.5,31.0,6.0,3.0,0.0,1.0,0.0,1.0,0.0,41.0,8.0,3.0,0.0,2.0,0.0,2.0,0.0,1.0,0.0,0.0,0.0,0.0,0.0,42.0,8.0,4.0,0.0,2.0,0.0,2.0,1.0,1.0,37.0,9.0,3.0,0.0,1.0,0.0,1.0,2.0,0.0,0.0,0.0,37.0,9.0,4.0,0.0,1.0,0.0,1.0,0.0,0.0,0.0,0.0,0.0,0.0,36.0,8.0,3.0,0.0,2.0,0.0,2.0,1.0,0.0,0.0,0.0,0.0,2.0,0.0,0.0,0.0,0.0,31.0,10.0,4.0,0.0,2.0,0.0,2.0,0.0,2.0,0.0,0.0,0.0,30.0,7.0,7.0,0.0,1.0,0.0,1.0,0.0,0.0,0.0,0.0,0.0,32.0,4.0,4.0,0.0,0.0,0.0,0.0,1.0,1.0,1.0,1.0,0.0,0.0,0.0,31.0,5.0,5.0,0.0,1.0,0.0,1.0,0.0,0.0,0.0,0.0,0.0,0.0,0.0,0.0,0.0,0.0,0.0,3.0,0.0,0.0,0.0,0.0,1.0,0.0,2.0,1.0,1.0,2.0,0.0,1.0,0.0,0.0,1.0,0.0,2.0,0.0,2.0,1.0,0.0,1.0,0.0,1.0,8.0,2.0,3.0,0.0,0.0,0.0,0.0,0.0,0.0,0.0,1.0,1.0,0.0,0.0,0.0,0.0,0.0,0.0,0.0,0.0,1.0,1.0,0.0,0.0,0.0,0.0,0.0,0.0,0.0,0.0,0.0,0.0,0.0,0.0,0.0,0.0,0.0,1.0,0.0,1.0,1.0,1.0,0.0,0.0,1.0,0.0,0.0,1.0,0.0,0.0,0.0,0.0,1.0,0.0,0.0,3.0,1.0,0.0,0.0,1.0,1.0,0.0,0.0,1.0,0.0,1.0,2.0,1.0,0.0,0.0,1.0,0.0,0.0,3.0,0.0,0.0,0.0,0.0,1.0,1.0,0.0,0.0,0.0,0.0,0.0,2.0,0.0,1.0,0.0,1.0,0.0,1.0,1.0,24.0,1.0,4.0,9.0,9.0,9.0,9.0,28.0
CHEMBL3675885,Ki,30.4,30.0,7.0,3.0,0.0,6.0,0.0,6.0,0.0,40.0,9.0,3.0,0.0,9.0,0.0,9.0,0.0,1.0,0.0,0.0,3.0,3.0,3.0,41.0,10.0,4.0,0.0,13.0,0.0,13.0,1.0,1.0,36.0,13.0,3.0,0.0,11.0,0.0,11.0,2.0,0.0,0.0,0.0,35.0,12.0,4.0,0.0,11.0,0.0,11.0,1.0,0.0,1.0,0.0,1.0,0.0,34.0,9.0,3.0,0.0,12.0,0.0,12.0,1.0,0.0,2.0,0.0,2.0,2.0,0.0,0.0,0.0,0.0,30.0,9.0,4.0,0.0,17.0,0.0,17.0,0.0,2.0,1.0,1.0,0.0,26.0,10.0,7.0,0.0,10.0,0.0,10.0,0.0,0.0,4.0,4.0,0.0,28.0,6.0,3.0,0.0,5.0,0.0,5.0,1.0,1.0,5.0,5.0,0.0,1.0,1.0,27.0,7.0,3.0,0.0,8.0,0.0,8.0,0.0,0.0,2.0,2.0,0.0,1.0,1.0,0.0,0.0,0.0,0.0,3.0,0.0,0.0,0.0,0.0,1.0,0.0,2.0,1.0,0.0,2.0,0.0,1.0,0.0,0.0,1.0,1.0,2.0,0.0,0.0,2.0,0.0,6.0,0.0,1.0,7.0,2.0,2.0,0.0,0.0,0.0,0.0,0.0,0.0,0.0,1.0,1.0,0.0,0.0,0.0,0.0,0.0,0.0,0.0,0.0,1.0,0.0,0.0,0.0,0.0,0.0,0.0,0.0,0.0,0.0,0.0,0.0,0.0,0.0,0.0,0.0,0.0,1.0,0.0,1.0,1.0,1.0,0.0,0.0,1.0,0.0,0.0,1.0,0.0,0.0,0.0,0.0,1.0,0.0,0.0,3.0,1.0,0.0,0.0,1.0,1.0,0.0,0.0,1.0,0.0,6.0,3.0,1.0,0.0,0.0,1.0,0.0,0.0,3.0,0.0,0.0,0.0,0.0,0.0,1.0,0.0,3.0,0.0,0.0,0.0,2.0,0.0,1.0,0.0,1.0,0.0,1.0,1.0,24.0,1.0,2.0,10.0,8.0,8.0,9.0,28.0
CHEMBL3675897,Ki,71.3,29.0,6.0,3.0,0.0,3.0,1.0,4.0,0.0,38.0,8.0,3.0,0.0,3.0,2.0,5.0,0.0,1.0,0.0,0.0,3.0,3.0,3.0,39.0,8.0,4.0,0.0,6.0,2.0,8.0,1.0,1.0,34.0,9.0,3.0,0.0,9.0,2.0,11.0,2.0,0.0,0.0,0.0,32.0,9.0,4.0,0.0,9.0,3.0,12.0,0.0,0.0,0.0,0.0,0.0,0.0,30.0,6.0,3.0,0.0,6.0,1.0,7.0,1.0,0.0,0.0,2.0,2.0,2.0,0.0,0.0,0.0,0.0,27.0,7.0,4.0,0.0,3.0,2.0,5.0,0.0,2.0,0.0,0.0,0.0,24.0,7.0,7.0,0.0,0.0,3.0,3.0,0.0,0.0,3.0,3.0,0.0,25.0,3.0,3.0,0.0,3.0,2.0,5.0,1.0,1.0,0.0,1.0,0.0,0.0,1.0,27.0,3.0,3.0,0.0,3.0,2.0,5.0,0.0,0.0,0.0,0.0,0.0,0.0,0.0,0.0,0.0,0.0,0.0,3.0,0.0,0.0,0.0,0.0,1.0,0.0,2.0,1.0,0.0,2.0,0.0,1.0,0.0,0.0,1.0,1.0,2.0,0.0,1.0,1.0,1.0,3.0,0.0,1.0,6.0,2.0,2.0,0.0,0.0,0.0,0.0,0.0,0.0,0.0,1.0,1.0,0.0,0.0,0.0,0.0,0.0,0.0,0.0,0.0,1.0,0.0,0.0,0.0,0.0,0.0,0.0,0.0,0.0,0.0,0.0,0.0,0.0,0.0,0.0,0.0,0.0,1.0,0.0,1.0,1.0,1.0,0.0,0.0,1.0,0.0,0.0,1.0,0.0,0.0,0.0,0.0,1.0,1.0,1.0,3.0,1.0,0.0,0.0,1.0,1.0,0.0,0.0,1.0,0.0,3.0,2.0,1.0,0.0,0.0,1.0,0.0,0.0,3.0,0.0,0.0,0.0,0.0,0.0,1.0,0.0,3.0,0.0,0.0,0.0,2.0,0.0,1.0,0.0,1.0,1.0,1.0,1.0,24.0,1.0,2.0,9.0,8.0,8.0,9.0,28.0
CHEMBL1933357,Ki,600.0,21.0,5.0,5.0,0.0,0.0,1.0,1.0,1.0,24.0,9.0,7.0,0.0,0.0,2.0,2.0,0.0,1.0,0.0,0.0,0.0,0.0,0.0,24.0,7.0,8.0,0.0,0.0,2.0,2.0,0.0,2.0,24.0,7.0,7.0,0.0,0.0,1.0,1.0,2.0,0.0,0.0,0.0,26.0,6.0,7.0,0.0,0.0,0.0,0.0,0.0,0.0,0.0,1.0,1.0,0.0,22.0,7.0,6.0,0.0,0.0,1.0,1.0,0.0,0.0,0.0,1.0,1.0,2.0,0.0,0.0,0.0,0.0,18.0,7.0,6.0,0.0,0.0,2.0,2.0,0.0,1.0,0.0,0.0,1.0,20.0,4.0,7.0,0.0,0.0,0.0,0.0,0.0,0.0,0.0,0.0,0.0,19.0,5.0,6.0,0.0,0.0,1.0,1.0,0.0,0.0,0.0,0.0,0.0,0.0,0.0,18.0,0.0,3.0,0.0,0.0,2.0,2.0,2.0,2.0,0.0,0.0,0.0,0.0,0.0,1.0,0.0,0.0,0.0,4.0,1.0,0.0,0.0,0.0,2.0,0.0,1.0,1.0,1.0,1.0,0.0,1.0,0.0,0.0,1.0,0.0,2.0,0.0,2.0,0.0,1.0,0.0,1.0,1.0,8.0,2.0,5.0,0.0,0.0,0.0,0.0,0.0,0.0,0.0,1.0,3.0,0.0,0.0,0.0,0.0,0.0,0.0,0.0,0.0,1.0,1.0,1.0,0.0,0.0,1.0,0.0,0.0,0.0,0.0,0.0,0.0,0.0,0.0,0.0,0.0,0.0,1.0,0.0,1.0,2.0,1.0,0.0,0.0,1.0,0.0,0.0,1.0,0.0,0.0,0.0,0.0,2.0,1.0,1.0,2.0,1.0,0.0,0.0,1.0,0.0,0.0,0.0,2.0,0.0,0.0,1.0,1.0,0.0,0.0,1.0,0.0,0.0,4.0,0.0,0.0,0.0,0.0,1.0,3.0,0.0,0.0,0.0,0.0,0.0,2.0,0.0,1.0,0.0,2.0,1.0,1.0,2.0,17.0,2.0,2.0,10.0,10.0,10.0,10.0,20.0
CHEMBL2381850,Ki,200.0,23.0,5.0,5.0,0.0,3.0,0.0,3.0,1.0,28.0,9.0,7.0,0.0,3.0,0.0,3.0,0.0,1.0,0.0,0.0,3.0,3.0,3.0,26.0,10.0,10.0,0.0,6.0,0.0,6.0,0.0,0.0,29.0,6.0,8.0,0.0,0.0,0.0,0.0,2.0,6.0,6.0,0.0,35.0,2.0,5.0,0.0,3.0,0.0,3.0,0.0,1.0,0.0,0.0,0.0,0.0,31.0,2.0,5.0,0.0,6.0,0.0,6.0,0.0,1.0,0.0,0.0,0.0,2.0,0.0,0.0,0.0,0.0,23.0,4.0,7.0,0.0,9.0,0.0,9.0,0.0,1.0,0.0,0.0,1.0,18.0,7.0,8.0,0.0,3.0,0.0,3.0,0.0,0.0,0.0,0.0,0.0,16.0,9.0,6.0,0.0,0.0,0.0,0.0,0.0,0.0,0.0,0.0,0.0,3.0,3.0,19.0,6.0,5.0,0.0,3.0,0.0,3.0,0.0,0.0,0.0,0.0,0.0,0.0,0.0,1.0,0.0,0.0,0.0,4.0,1.0,0.0,0.0,0.0,2.0,0.0,1.0,1.0,2.0,1.0,0.0,1.0,0.0,0.0,1.0,1.0,2.0,0.0,1.0,1.0,0.0,3.0,1.0,1.0,10.0,2.0,5.0,0.0,0.0,0.0,0.0,0.0,0.0,0.0,1.0,3.0,0.0,0.0,0.0,0.0,0.0,0.0,0.0,0.0,1.0,1.0,1.0,0.0,0.0,1.0,0.0,0.0,0.0,0.0,0.0,0.0,0.0,0.0,0.0,0.0,0.0,1.0,0.0,1.0,2.0,1.0,0.0,0.0,1.0,0.0,0.0,1.0,0.0,0.0,0.0,0.0,2.0,0.0,0.0,2.0,1.0,0.0,0.0,1.0,0.0,0.0,0.0,2.0,1.0,3.0,1.0,1.0,0.0,0.0,1.0,0.0,0.0,4.0,0.0,0.0,0.0,0.0,2.0,3.0,0.0,3.0,0.0,0.0,0.0,2.0,0.0,1.0,0.0,2.0,0.0,1.0,2.0,17.0,2.0,2.0,10.0,11.0,11.0,11.0,21.0
CHEMBL2381825,Ki,290.0,26.0,5.0,5.0,0.0,0.0,0.0,0.0,1.0,31.0,10.0,7.0,0.0,0.0,0.0,0.0,0.0,1.0,0.0,0.0,0.0,0.0,0.0,29.0,11.0,10.0,0.0,0.0,0.0,0.0,0.0,0.0,29.0,8.0,7.0,0.0,0.0,0.0,0.0,2.0,0.0,0.0,0.0,36.0,2.0,5.0,0.0,0.0,0.0,0.0,0.0,1.0,0.0,0.0,0.0,0.0,34.0,2.0,5.0,0.0,0.0,0.0,0.0,0.0,1.0,0.0,0.0,0.0,2.0,0.0,0.0,0.0,0.0,25.0,4.0,7.0,0.0,0.0,0.0,0.0,0.0,1.0,0.0,0.0,1.0,17.0,7.0,9.0,0.0,0.0,0.0,0.0,0.0,0.0,0.0,0.0,0.0,16.0,9.0,8.0,0.0,0.0,0.0,0.0,0.0,0.0,0.0,0.0,0.0,0.0,0.0,22.0,6.0,5.0,0.0,0.0,0.0,0.0,0.0,0.0,0.0,0.0,0.0,0.0,0.0,1.0,0.0,0.0,0.0,4.0,1.0,0.0,0.0,0.0,2.0,0.0,1.0,1.0,1.0,1.0,0.0,1.0,0.0,0.0,1.0,0.0,2.0,0.0,2.0,0.0,0.0,0.0,1.0,1.0,8.0,2.0,5.0,0.0,0.0,0.0,0.0,0.0,0.0,0.0,1.0,3.0,0.0,0.0,0.0,0.0,0.0,0.0,0.0,0.0,1.0,1.0,1.0,0.0,0.0,1.0,0.0,0.0,0.0,0.0,0.0,0.0,0.0,0.0,0.0,0.0,0.0,1.0,0.0,1.0,2.0,1.0,0.0,0.0,1.0,0.0,0.0,1.0,0.0,0.0,0.0,0.0,2.0,0.0,0.0,2.0,1.0,0.0,0.0,1.0,0.0,0.0,0.0,2.0,1.0,0.0,1.0,1.0,0.0,0.0,1.0,0.0,0.0,4.0,0.0,0.0,0.0,0.0,1.0,3.0,0.0,0.0,0.0,0.0,0.0,2.0,0.0,1.0,0.0,2.0,0.0,1.0,2.0,21.0,2.0,2.0,10.0,10.0,10.0,10.0,24.0
CHEMBL2381845,Ki,1100.0,23.0,5.0,5.0,0.0,3.0,0.0,3.0,1.0,27.0,10.0,7.0,0.0,3.0,0.0,3.0,0.0,1.0,0.0,0.0,3.0,3.0,3.0,26.0,10.0,10.0,0.0,6.0,0.0,6.0,0.0,0.0,28.0,5.0,7.0,0.0,3.0,0.0,3.0,2.0,6.0,6.0,0.0,34.0,2.0,5.0,0.0,3.0,0.0,3.0,0.0,1.0,0.0,0.0,0.0,0.0,30.0,2.0,5.0,0.0,6.0,0.0,6.0,0.0,1.0,0.0,0.0,0.0,2.0,0.0,0.0,0.0,0.0,21.0,4.0,7.0,0.0,6.0,0.0,6.0,0.0,1.0,0.0,0.0,1.0,15.0,7.0,9.0,0.0,3.0,0.0,3.0,0.0,0.0,0.0,0.0,0.0,16.0,9.0,6.0,0.0,0.0,0.0,0.0,0.0,0.0,0.0,0.0,0.0,3.0,3.0,20.0,6.0,5.0,0.0,3.0,0.0,3.0,0.0,0.0,0.0,0.0,0.0,0.0,0.0,1.0,0.0,0.0,0.0,4.0,1.0,0.0,0.0,0.0,2.0,0.0,1.0,1.0,2.0,1.0,0.0,1.0,0.0,0.0,1.0,1.0,2.0,0.0,2.0,0.0,0.0,3.0,1.0,1.0,10.0,2.0,5.0,0.0,0.0,0.0,0.0,0.0,0.0,0.0,1.0,3.0,0.0,0.0,0.0,0.0,0.0,0.0,0.0,0.0,1.0,1.0,1.0,0.0,0.0,1.0,0.0,0.0,0.0,0.0,0.0,0.0,0.0,0.0,0.0,0.0,0.0,1.0,0.0,1.0,2.0,1.0,0.0,0.0,1.0,0.0,0.0,1.0,0.0,0.0,0.0,0.0,2.0,0.0,0.0,2.0,1.0,0.0,0.0,1.0,0.0,0.0,0.0,2.0,1.0,3.0,1.0,1.0,0.0,0.0,1.0,0.0,0.0,4.0,0.0,0.0,0.0,0.0,2.0,3.0,0.0,3.0,0.0,0.0,0.0,2.0,0.0,1.0,0.0,2.0,0.0,1.0,2.0,17.0,2.0,2.0,10.0,11.0,11.0,11.0,21.0
CHEMBL2381834,Ki,170.0,23.0,5.0,5.0,0.0,3.0,0.0,3.0,1.0,30.0,9.0,7.0,0.0,3.0,0.0,3.0,0.0,1.0,0.0,0.0,3.0,3.0,3.0,25.0,9.0,12.0,0.0,6.0,0.0,6.0,0.0,0.0,32.0,5.0,6.0,0.0,0.0,0.0,0.0,2.0,6.0,6.0,0.0,37.0,2.0,5.0,0.0,3.0,0.0,3.0,0.0,1.0,0.0,0.0,0.0,0.0,30.0,2.0,5.0,0.0,6.0,0.0,6.0,0.0,1.0,0.0,0.0,0.0,2.0,0.0,0.0,0.0,0.0,21.0,4.0,7.0,0.0,6.0,0.0,6.0,0.0,1.0,0.0,0.0,1.0,13.0,11.0,10.0,0.0,3.0,0.0,3.0,0.0,0.0,0.0,0.0,0.0,19.0,9.0,5.0,0.0,0.0,0.0,0.0,0.0,0.0,0.0,0.0,0.0,3.0,3.0,22.0,5.0,5.0,0.0,3.0,0.0,3.0,0.0,0.0,0.0,0.0,0.0,0.0,0.0,1.0,0.0,0.0,0.0,2.0,0.0,0.0,0.0,0.0,1.0,0.0,1.0,1.0,3.0,1.0,0.0,1.0,0.0,0.0,1.0,2.0,2.0,0.0,2.0,0.0,0.0,3.0,1.0,1.0,10.0,2.0,6.0,0.0,0.0,4.0,0.0,0.0,0.0,0.0,1.0,7.0,0.0,0.0,0.0,0.0,0.0,0.0,0.0,0.0,1.0,1.0,0.0,0.0,0.0,3.0,0.0,0.0,0.0,0.0,0.0,0.0,0.0,0.0,0.0,0.0,0.0,1.0,0.0,1.0,4.0,1.0,0.0,0.0,1.0,0.0,0.0,1.0,0.0,0.0,0.0,0.0,2.0,0.0,0.0,2.0,1.0,0.0,0.0,1.0,0.0,0.0,0.0,2.0,1.0,3.0,1.0,1.0,0.0,0.0,1.0,0.0,0.0,4.0,0.0,0.0,0.0,0.0,3.0,1.0,0.0,3.0,0.0,0.0,0.0,2.0,0.0,1.0,0.0,2.0,0.0,1.0,2.0,17.0,2.0,2.0,10.0,11.0,11.0,10.0,22.0
CHEMBL1933358,Ki,2160.0,21.0,5.0,7.0,0.0,0.0,0.0,0.0,1.0,25.0,9.0,9.0,0.0,0.0,0.0,0.0,0.0,1.0,0.0,0.0,0.0,0.0,0.0,26.0,7.0,10.0,0.0,0.0,0.0,0.0,0.0,2.0,26.0,7.0,8.0,0.0,0.0,0.0,0.0,3.0,0.0,0.0,0.0,27.0,7.0,8.0,0.0,0.0,0.0,0.0,0.0,1.0,0.0,0.0,0.0,0.0,23.0,8.0,8.0,0.0,0.0,0.0,0.0,0.0,0.0,0.0,0.0,0.0,2.0,0.0,0.0,0.0,0.0,20.0,7.0,6.0,0.0,0.0,0.0,0.0,0.0,1.0,0.0,0.0,2.0,20.0,4.0,9.0,0.0,0.0,0.0,0.0,0.0,0.0,0.0,0.0,0.0,20.0,5.0,8.0,0.0,0.0,0.0,0.0,0.0,0.0,0.0,0.0,0.0,0.0,0.0,20.0,0.0,6.0,0.0,0.0,0.0,0.0,2.0,2.0,0.0,0.0,0.0,0.0,0.0,1.0,0.0,0.0,0.0,4.0,1.0,0.0,0.0,0.0,2.0,0.0,1.0,1.0,2.0,1.0,0.0,1.0,0.0,0.0,1.0,0.0,2.0,0.0,1.0,0.0,0.0,0.0,2.0,1.0,9.0,2.0,5.0,0.0,0.0,0.0,0.0,0.0,0.0,0.0,1.0,3.0,0.0,0.0,0.0,0.0,0.0,0.0,0.0,0.0,1.0,1.0,1.0,0.0,0.0,1.0,0.0,0.0,0.0,0.0,0.0,0.0,0.0,0.0,0.0,0.0,0.0,1.0,0.0,1.0,2.0,1.0,0.0,0.0,1.0,0.0,0.0,1.0,0.0,0.0,0.0,0.0,2.0,0.0,0.0,2.0,1.0,0.0,0.0,1.0,0.0,0.0,0.0,3.0,1.0,0.0,1.0,1.0,0.0,0.0,1.0,0.0,0.0,5.0,0.0,0.0,0.0,0.0,1.0,3.0,0.0,0.0,0.0,0.0,0.0,2.0,0.0,1.0,0.0,2.0,0.0,1.0,2.0,17.0,2.0,2.0,12.0,11.0,11.0,11.0,20.0
CHEMBL2381846,Ki,690.0,26.0,5.0,5.0,0.0,0.0,0.0,0.0,1.0,31.0,10.0,7.0,0.0,0.0,0.0,0.0,0.0,1.0,0.0,0.0,0.0,0.0,0.0,29.0,11.0,10.0,0.0,0.0,0.0,0.0,0.0,0.0,29.0,8.0,7.0,0.0,0.0,0.0,0.0,2.0,0.0,0.0,0.0,36.0,2.0,5.0,0.0,0.0,0.0,0.0,0.0,1.0,0.0,0.0,0.0,0.0,34.0,2.0,5.0,0.0,0.0,0.0,0.0,0.0,1.0,0.0,0.0,0.0,2.0,0.0,0.0,0.0,0.0,25.0,4.0,7.0,0.0,0.0,0.0,0.0,0.0,1.0,0.0,0.0,1.0,17.0,7.0,9.0,0.0,0.0,0.0,0.0,0.0,0.0,0.0,0.0,0.0,16.0,9.0,8.0,0.0,0.0,0.0,0.0,0.0,0.0,0.0,0.0,0.0,0.0,0.0,22.0,6.0,5.0,0.0,0.0,0.0,0.0,0.0,0.0,0.0,0.0,0.0,0.0,0.0,1.0,0.0,0.0,0.0,8.0,1.0,0.0,0.0,0.0,5.0,2.0,1.0,1.0,1.0,1.0,0.0,1.0,0.0,0.0,1.0,0.0,2.0,0.0,2.0,0.0,0.0,0.0,1.0,1.0,12.0,2.0,8.0,0.0,0.0,0.0,0.0,0.0,0.0,0.0,1.0,5.0,0.0,0.0,0.0,0.0,0.0,0.0,0.0,0.0,1.0,1.0,2.0,0.0,0.0,1.0,0.0,0.0,0.0,0.0,0.0,0.0,0.0,0.0,0.0,0.0,0.0,1.0,0.0,1.0,2.0,1.0,0.0,0.0,1.0,0.0,0.0,1.0,0.0,0.0,0.0,0.0,2.0,0.0,0.0,2.0,1.0,0.0,0.0,1.0,0.0,0.0,0.0,2.0,1.0,0.0,1.0,1.0,0.0,0.0,1.0,0.0,0.0,4.0,0.0,0.0,0.0,0.0,1.0,7.0,0.0,0.0,0.0,0.0,0.0,2.0,0.0,1.0,0.0,2.0,0.0,1.0,2.0,17.0,2.0,2.0,10.0,15.0,15.0,10.0,20.0
CHEMBL2381842,Ki,4100.0,22.0,6.0,5.0,0.0,0.0,0.0,0.0,1.0,26.0,10.0,7.0,0.0,0.0,0.0,0.0,0.0,1.0,0.0,0.0,0.0,0.0,0.0,24.0,11.0,10.0,0.0,0.0,0.0,0.0,0.0,0.0,27.0,5.0,7.0,0.0,0.0,0.0,0.0,2.0,0.0,0.0,0.0,32.0,3.0,5.0,0.0,0.0,0.0,0.0,0.0,1.0,0.0,0.0,0.0,0.0,28.0,4.0,5.0,0.0,0.0,0.0,0.0,0.0,1.0,0.0,0.0,0.0,2.0,0.0,0.0,0.0,0.0,20.0,6.0,7.0,0.0,0.0,0.0,0.0,0.0,1.0,0.0,0.0,1.0,15.0,8.0,8.0,0.0,0.0,0.0,0.0,0.0,0.0,0.0,0.0,0.0,15.0,9.0,6.0,0.0,0.0,0.0,0.0,0.0,1.0,0.0,0.0,0.0,0.0,0.0,18.0,7.0,5.0,0.0,0.0,0.0,0.0,0.0,0.0,0.0,0.0,0.0,0.0,0.0,1.0,0.0,0.0,0.0,4.0,1.0,0.0,0.0,0.0,2.0,0.0,1.0,1.0,1.0,1.0,0.0,1.0,0.0,0.0,1.0,0.0,2.0,0.0,2.0,0.0,0.0,0.0,1.0,1.0,9.0,2.0,5.0,0.0,0.0,0.0,0.0,0.0,0.0,0.0,1.0,3.0,0.0,0.0,0.0,0.0,0.0,0.0,0.0,0.0,1.0,1.0,1.0,0.0,0.0,1.0,0.0,0.0,0.0,0.0,0.0,0.0,0.0,0.0,0.0,0.0,0.0,1.0,0.0,1.0,2.0,1.0,0.0,0.0,1.0,0.0,0.0,1.0,0.0,0.0,0.0,0.0,2.0,0.0,0.0,2.0,1.0,0.0,0.0,1.0,0.0,0.0,0.0,2.0,1.0,0.0,2.0,1.0,0.0,0.0,1.0,0.0,0.0,4.0,0.0,0.0,0.0,0.0,1.0,3.0,0.0,0.0,0.0,0.0,0.0,2.0,0.0,1.0,0.0,2.0,0.0,1.0,2.0,17.0,2.0,2.0,11.0,10.0,10.0,10.0,20.0
CHEMBL2381841,Ki,4100.0,21.0,5.0,5.0,0.0,0.0,0.0,0.0,1.0,24.0,9.0,7.0,0.0,0.0,0.0,0.0,0.0,1.0,0.0,0.0,0.0,0.0,0.0,24.0,7.0,10.0,0.0,0.0,0.0,0.0,0.0,0.0,26.0,5.0,7.0,0.0,0.0,0.0,0.0,2.0,0.0,0.0,0.0,30.0,2.0,5.0,0.0,0.0,0.0,0.0,0.0,1.0,0.0,0.0,0.0,0.0,26.0,2.0,5.0,0.0,0.0,0.0,0.0,0.0,1.0,0.0,0.0,0.0,2.0,0.0,0.0,0.0,0.0,19.0,4.0,7.0,0.0,0.0,0.0,0.0,0.0,1.0,0.0,0.0,1.0,15.0,7.0,7.0,0.0,0.0,0.0,0.0,0.0,0.0,0.0,0.0,0.0,14.0,9.0,6.0,0.0,0.0,0.0,0.0,0.0,0.0,0.0,0.0,0.0,0.0,0.0,16.0,6.0,5.0,0.0,0.0,0.0,0.0,0.0,0.0,0.0,0.0,0.0,0.0,0.0,1.0,0.0,0.0,0.0,4.0,1.0,0.0,0.0,0.0,2.0,0.0,1.0,1.0,1.0,1.0,0.0,1.0,0.0,0.0,1.0,0.0,2.0,0.0,2.0,0.0,0.0,0.0,1.0,1.0,8.0,2.0,5.0,0.0,0.0,0.0,0.0,0.0,0.0,0.0,1.0,3.0,0.0,0.0,0.0,0.0,0.0,0.0,0.0,0.0,1.0,1.0,1.0,0.0,0.0,1.0,0.0,0.0,0.0,0.0,0.0,0.0,0.0,0.0,0.0,0.0,0.0,1.0,0.0,1.0,2.0,1.0,0.0,0.0,1.0,0.0,0.0,1.0,0.0,0.0,0.0,0.0,2.0,0.0,0.0,2.0,1.0,0.0,0.0,1.0,0.0,0.0,0.0,2.0,1.0,0.0,1.0,1.0,0.0,0.0,1.0,0.0,0.0,4.0,0.0,0.0,0.0,0.0,1.0,3.0,0.0,0.0,0.0,0.0,0.0,2.0,0.0,1.0,0.0,2.0,0.0,1.0,2.0,17.0,2.0,2.0,10.0,10.0,10.0,10.0,20.0
CHEMBL2381840,Ki,1700.0,21.0,5.0,5.0,0.0,1.0,0.0,1.0,1.0,24.0,9.0,7.0,0.0,2.0,0.0,2.0,0.0,1.0,0.0,0.0,0.0,0.0,0.0,24.0,7.0,10.0,0.0,0.0,0.0,0.0,0.0,0.0,26.0,5.0,7.0,0.0,1.0,0.0,1.0,2.0,0.0,0.0,0.0,30.0,2.0,5.0,0.0,2.0,0.0,2.0,0.0,1.0,0.0,0.0,0.0,0.0,26.0,2.0,5.0,0.0,2.0,0.0,2.0,0.0,1.0,0.0,0.0,0.0,2.0,0.0,0.0,0.0,0.0,19.0,4.0,7.0,0.0,1.0,0.0,1.0,0.0,1.0,0.0,0.0,1.0,15.0,7.0,7.0,0.0,0.0,0.0,0.0,0.0,0.0,0.0,0.0,0.0,14.0,9.0,6.0,0.0,1.0,0.0,1.0,0.0,0.0,0.0,0.0,0.0,0.0,0.0,16.0,6.0,5.0,0.0,2.0,0.0,2.0,0.0,0.0,0.0,0.0,0.0,0.0,0.0,1.0,0.0,0.0,0.0,4.0,1.0,0.0,0.0,0.0,2.0,0.0,1.0,1.0,1.0,1.0,0.0,1.0,0.0,0.0,1.0,0.0,2.0,0.0,2.0,0.0,0.0,1.0,1.0,1.0,8.0,2.0,5.0,0.0,0.0,0.0,0.0,0.0,0.0,0.0,1.0,3.0,0.0,0.0,0.0,0.0,0.0,0.0,0.0,0.0,1.0,1.0,1.0,0.0,0.0,1.0,0.0,0.0,0.0,0.0,0.0,0.0,0.0,0.0,0.0,0.0,0.0,1.0,0.0,1.0,2.0,1.0,0.0,0.0,1.0,0.0,0.0,1.0,0.0,0.0,0.0,0.0,2.0,0.0,0.0,2.0,1.0,0.0,0.0,1.0,0.0,0.0,0.0,2.0,1.0,1.0,1.0,1.0,0.0,0.0,1.0,0.0,0.0,4.0,0.0,0.0,0.0,0.0,1.0,3.0,0.0,0.0,0.0,0.0,0.0,2.0,0.0,1.0,0.0,2.0,0.0,1.0,2.0,17.0,2.0,2.0,10.0,10.0,10.0,10.0,20.0
CHEMBL2381832,Ki,549.0,23.0,5.0,5.0,0.0,3.0,0.0,3.0,1.0,28.0,9.0,7.0,0.0,3.0,0.0,3.0,0.0,1.0,0.0,0.0,3.0,3.0,3.0,25.0,9.0,10.0,0.0,6.0,0.0,6.0,0.0,0.0,28.0,5.0,8.0,0.0,0.0,0.0,0.0,2.0,6.0,6.0,0.0,35.0,2.0,5.0,0.0,3.0,0.0,3.0,0.0,1.0,0.0,0.0,0.0,0.0,32.0,2.0,5.0,0.0,6.0,0.0,6.0,0.0,1.0,0.0,0.0,0.0,2.0,0.0,0.0,0.0,0.0,23.0,4.0,7.0,0.0,6.0,0.0,6.0,0.0,1.0,0.0,0.0,1.0,17.0,7.0,8.0,0.0,3.0,0.0,3.0,0.0,0.0,0.0,0.0,0.0,15.0,11.0,7.0,0.0,0.0,0.0,0.0,0.0,0.0,0.0,0.0,0.0,3.0,3.0,20.0,7.0,5.0,0.0,3.0,0.0,3.0,0.0,0.0,0.0,0.0,0.0,0.0,0.0,2.0,1.0,0.0,0.0,3.0,2.0,0.0,0.0,0.0,1.0,0.0,1.0,1.0,2.0,1.0,0.0,1.0,0.0,0.0,1.0,1.0,2.0,0.0,2.0,0.0,0.0,3.0,1.0,1.0,10.0,2.0,6.0,0.0,0.0,1.0,0.0,0.0,0.0,0.0,1.0,5.0,0.0,0.0,0.0,0.0,1.0,0.0,0.0,0.0,1.0,1.0,2.0,0.0,0.0,1.0,0.0,0.0,0.0,0.0,0.0,0.0,0.0,0.0,0.0,0.0,0.0,1.0,0.0,1.0,2.0,1.0,0.0,0.0,1.0,0.0,0.0,1.0,0.0,0.0,0.0,0.0,2.0,0.0,0.0,2.0,1.0,0.0,0.0,1.0,0.0,0.0,0.0,2.0,1.0,3.0,1.0,1.0,0.0,0.0,1.0,0.0,0.0,4.0,0.0,0.0,0.0,0.0,2.0,2.0,1.0,3.0,0.0,0.0,0.0,2.0,0.0,1.0,0.0,2.0,0.0,1.0,2.0,17.0,2.0,2.0,10.0,11.0,11.0,11.0,22.0
CHEMBL2381820,Ki,680.0,21.0,9.0,3.0,0.0,3.0,0.0,3.0,0.0,27.0,11.0,3.0,0.0,3.0,0.0,3.0,1.0,1.0,0.0,0.0,3.0,3.0,3.0,26.0,12.0,5.0,0.0,3.0,0.0,3.0,0.0,0.0,27.0,9.0,3.0,0.0,3.0,0.0,3.0,2.0,3.0,3.0,0.0,31.0,4.0,4.0,0.0,3.0,0.0,3.0,1.0,0.0,0.0,0.0,0.0,0.0,27.0,6.0,3.0,0.0,6.0,0.0,6.0,0.0,0.0,0.0,0.0,0.0,2.0,0.0,0.0,0.0,0.0,21.0,4.0,5.0,0.0,6.0,0.0,6.0,2.0,1.0,0.0,0.0,0.0,16.0,8.0,6.0,0.0,3.0,0.0,3.0,0.0,0.0,0.0,0.0,0.0,16.0,9.0,5.0,0.0,0.0,0.0,0.0,0.0,0.0,3.0,3.0,0.0,0.0,0.0,18.0,7.0,4.0,0.0,3.0,0.0,3.0,0.0,0.0,0.0,0.0,0.0,0.0,0.0,1.0,0.0,0.0,0.0,4.0,1.0,0.0,0.0,0.0,2.0,0.0,1.0,1.0,1.0,2.0,1.0,1.0,0.0,0.0,1.0,1.0,2.0,0.0,2.0,0.0,0.0,3.0,0.0,1.0,9.0,2.0,5.0,0.0,0.0,0.0,0.0,0.0,0.0,0.0,1.0,3.0,0.0,0.0,0.0,0.0,0.0,0.0,0.0,0.0,1.0,1.0,1.0,0.0,0.0,1.0,0.0,0.0,0.0,0.0,0.0,0.0,0.0,0.0,0.0,1.0,0.0,2.0,0.0,1.0,1.0,2.0,0.0,0.0,1.0,0.0,0.0,1.0,0.0,0.0,0.0,0.0,1.0,0.0,0.0,3.0,1.0,0.0,0.0,1.0,1.0,0.0,0.0,1.0,0.0,3.0,2.0,1.0,0.0,0.0,1.0,0.0,0.0,3.0,0.0,0.0,0.0,0.0,1.0,3.0,0.0,3.0,0.0,0.0,0.0,2.0,0.0,1.0,0.0,2.0,0.0,1.0,2.0,17.0,2.0,2.0,12.0,11.0,11.0,11.0,22.0
CHEMBL3617574,Ki,33.0,30.0,4.0,3.0,0.0,0.0,3.0,3.0,0.0,39.0,5.0,3.0,0.0,0.0,6.0,6.0,0.0,1.0,0.0,0.0,0.0,0.0,0.0,38.0,7.0,5.0,0.0,0.0,7.0,7.0,0.0,0.0,34.0,6.0,3.0,0.0,0.0,6.0,6.0,2.0,0.0,0.0,0.0,34.0,5.0,4.0,0.0,0.0,6.0,6.0,0.0,0.0,0.0,0.0,0.0,0.0,31.0,5.0,3.0,0.0,0.0,5.0,5.0,0.0,0.0,0.0,1.0,1.0,2.0,0.0,0.0,0.0,0.0,28.0,5.0,6.0,0.0,0.0,4.0,4.0,0.0,0.0,0.0,1.0,0.0,25.0,5.0,7.0,0.0,0.0,5.0,5.0,0.0,0.0,0.0,0.0,0.0,26.0,1.0,3.0,0.0,0.0,3.0,3.0,1.0,1.0,0.0,2.0,0.0,0.0,1.0,26.0,2.0,3.0,0.0,0.0,5.0,5.0,0.0,0.0,0.0,0.0,0.0,0.0,0.0,0.0,0.0,0.0,0.0,3.0,0.0,0.0,0.0,0.0,1.0,0.0,2.0,1.0,0.0,2.0,0.0,1.0,0.0,0.0,1.0,0.0,2.0,0.0,2.0,2.0,3.0,0.0,0.0,1.0,5.0,2.0,2.0,0.0,0.0,0.0,0.0,0.0,0.0,0.0,1.0,1.0,0.0,0.0,0.0,0.0,0.0,0.0,0.0,0.0,1.0,0.0,0.0,0.0,0.0,0.0,0.0,0.0,0.0,0.0,0.0,0.0,0.0,0.0,0.0,0.0,0.0,1.0,0.0,1.0,1.0,1.0,0.0,0.0,1.0,0.0,0.0,1.0,0.0,0.0,0.0,0.0,1.0,3.0,3.0,3.0,1.0,0.0,0.0,1.0,1.0,0.0,0.0,1.0,0.0,0.0,2.0,1.0,0.0,0.0,1.0,0.0,0.0,3.0,0.0,0.0,0.0,0.0,0.0,1.0,0.0,0.0,0.0,0.0,0.0,2.0,0.0,1.0,0.0,2.0,3.0,0.0,0.0,24.0,0.0,2.0,7.0,8.0,8.0,8.0,28.0
CHEMBL3675819,Ki,28.3,30.0,6.0,3.0,0.0,6.0,1.0,7.0,0.0,40.0,8.0,3.0,0.0,6.0,2.0,8.0,0.0,1.0,0.0,0.0,6.0,6.0,6.0,40.0,8.0,4.0,0.0,12.0,3.0,15.0,1.0,1.0,34.0,9.0,3.0,0.0,12.0,4.0,16.0,2.0,0.0,0.0,0.0,34.0,9.0,4.0,0.0,9.0,2.0,11.0,0.0,0.0,0.0,0.0,0.0,0.0,32.0,8.0,3.0,0.0,12.0,1.0,13.0,1.0,0.0,0.0,0.0,0.0,2.0,0.0,0.0,0.0,0.0,31.0,6.0,4.0,0.0,9.0,0.0,9.0,0.0,2.0,6.0,7.0,0.0,27.0,7.0,7.0,0.0,12.0,1.0,13.0,0.0,0.0,0.0,0.0,0.0,26.0,5.0,4.0,0.0,12.0,1.0,13.0,1.0,1.0,0.0,0.0,0.0,0.0,0.0,28.0,3.0,3.0,0.0,6.0,2.0,8.0,0.0,0.0,6.0,6.0,0.0,3.0,3.0,0.0,0.0,0.0,0.0,3.0,0.0,0.0,0.0,0.0,1.0,0.0,2.0,1.0,0.0,2.0,0.0,1.0,0.0,0.0,1.0,2.0,2.0,0.0,1.0,2.0,1.0,6.0,0.0,1.0,7.0,2.0,2.0,0.0,0.0,0.0,0.0,0.0,0.0,0.0,1.0,1.0,0.0,0.0,0.0,0.0,0.0,0.0,0.0,0.0,1.0,0.0,0.0,0.0,0.0,0.0,0.0,0.0,0.0,0.0,0.0,0.0,0.0,0.0,0.0,0.0,0.0,1.0,0.0,1.0,1.0,1.0,0.0,0.0,1.0,0.0,0.0,1.0,0.0,0.0,0.0,0.0,1.0,1.0,1.0,3.0,1.0,0.0,0.0,1.0,1.0,0.0,0.0,1.0,0.0,6.0,2.0,1.0,0.0,0.0,1.0,0.0,0.0,3.0,0.0,0.0,0.0,0.0,0.0,1.0,0.0,6.0,0.0,0.0,0.0,2.0,0.0,1.0,0.0,1.0,1.0,1.0,1.0,24.0,1.0,2.0,9.0,8.0,8.0,10.0,29.0
CHEMBL3675854,Ki,18.8,29.0,6.0,3.0,0.0,3.0,2.0,5.0,0.0,38.0,8.0,3.0,0.0,3.0,4.0,7.0,0.0,1.0,0.0,0.0,3.0,3.0,3.0,38.0,8.0,4.0,0.0,6.0,5.0,11.0,1.0,1.0,33.0,9.0,3.0,0.0,6.0,4.0,10.0,2.0,0.0,1.0,0.0,33.0,9.0,4.0,0.0,6.0,4.0,10.0,0.0,0.0,0.0,0.0,0.0,0.0,30.0,8.0,3.0,0.0,9.0,5.0,14.0,1.0,0.0,0.0,1.0,1.0,2.0,0.0,0.0,0.0,0.0,29.0,6.0,4.0,0.0,3.0,5.0,8.0,0.0,2.0,6.0,6.0,0.0,26.0,7.0,7.0,0.0,6.0,3.0,9.0,0.0,0.0,0.0,0.0,0.0,26.0,4.0,4.0,0.0,9.0,1.0,10.0,1.0,1.0,0.0,2.0,0.0,0.0,1.0,27.0,3.0,3.0,0.0,6.0,4.0,10.0,0.0,0.0,3.0,3.0,0.0,3.0,3.0,0.0,0.0,0.0,0.0,3.0,0.0,0.0,0.0,0.0,1.0,0.0,2.0,1.0,0.0,2.0,0.0,1.0,0.0,0.0,1.0,1.0,2.0,0.0,2.0,0.0,2.0,3.0,0.0,1.0,6.0,2.0,2.0,0.0,0.0,0.0,0.0,0.0,0.0,0.0,1.0,1.0,0.0,0.0,0.0,0.0,0.0,0.0,0.0,0.0,1.0,0.0,0.0,0.0,0.0,0.0,0.0,0.0,0.0,0.0,0.0,0.0,0.0,0.0,0.0,0.0,0.0,1.0,0.0,1.0,1.0,1.0,0.0,0.0,1.0,0.0,0.0,1.0,0.0,0.0,0.0,0.0,1.0,2.0,2.0,3.0,1.0,0.0,0.0,1.0,1.0,0.0,0.0,1.0,0.0,3.0,2.0,1.0,0.0,0.0,1.0,0.0,0.0,3.0,0.0,0.0,0.0,0.0,0.0,1.0,0.0,3.0,0.0,0.0,0.0,2.0,0.0,1.0,0.0,1.0,2.0,1.0,1.0,24.0,1.0,2.0,9.0,8.0,8.0,9.0,28.0
CHEMBL3675860,Ki,19.5,30.0,6.0,3.0,0.0,3.0,2.0,5.0,0.0,40.0,8.0,3.0,0.0,3.0,4.0,7.0,0.0,1.0,0.0,0.0,3.0,3.0,3.0,41.0,8.0,4.0,0.0,6.0,5.0,11.0,1.0,1.0,36.0,9.0,3.0,0.0,6.0,5.0,11.0,2.0,0.0,1.0,0.0,35.0,9.0,4.0,0.0,6.0,4.0,10.0,0.0,0.0,0.0,0.0,0.0,0.0,31.0,8.0,3.0,0.0,9.0,5.0,14.0,1.0,0.0,0.0,1.0,1.0,2.0,0.0,0.0,0.0,0.0,29.0,7.0,4.0,0.0,3.0,5.0,8.0,0.0,2.0,6.0,6.0,0.0,27.0,7.0,7.0,0.0,6.0,3.0,9.0,0.0,0.0,0.0,0.0,0.0,27.0,4.0,4.0,0.0,9.0,1.0,10.0,1.0,1.0,0.0,2.0,0.0,0.0,1.0,29.0,3.0,3.0,0.0,6.0,4.0,10.0,0.0,0.0,3.0,3.0,0.0,3.0,3.0,0.0,0.0,0.0,0.0,3.0,0.0,0.0,0.0,0.0,1.0,0.0,2.0,1.0,1.0,2.0,0.0,1.0,0.0,0.0,1.0,1.0,2.0,0.0,1.0,1.0,2.0,3.0,0.0,1.0,7.0,2.0,2.0,0.0,0.0,0.0,0.0,0.0,0.0,0.0,1.0,1.0,0.0,0.0,0.0,0.0,0.0,0.0,0.0,0.0,1.0,0.0,0.0,0.0,0.0,0.0,0.0,0.0,0.0,0.0,0.0,0.0,0.0,0.0,0.0,0.0,0.0,1.0,0.0,1.0,1.0,1.0,0.0,0.0,1.0,0.0,0.0,1.0,0.0,0.0,0.0,0.0,1.0,2.0,2.0,3.0,1.0,0.0,0.0,1.0,1.0,0.0,0.0,1.0,0.0,3.0,2.0,1.0,0.0,0.0,1.0,0.0,0.0,3.0,0.0,0.0,0.0,0.0,1.0,1.0,0.0,3.0,0.0,0.0,0.0,2.0,0.0,1.0,0.0,1.0,2.0,1.0,1.0,24.0,1.0,2.0,9.0,9.0,9.0,9.0,28.0
CHEMBL62412,Ki,51.0,29.0,4.0,6.0,0.0,3.0,0.0,3.0,0.0,40.0,5.0,6.0,0.0,0.0,0.0,0.0,0.0,2.0,3.0,3.0,3.0,3.0,3.0,38.0,7.0,10.0,0.0,3.0,0.0,3.0,0.0,0.0,34.0,6.0,9.0,0.0,6.0,0.0,6.0,2.0,0.0,0.0,0.0,34.0,5.0,10.0,0.0,6.0,0.0,6.0,0.0,1.0,0.0,0.0,0.0,0.0,37.0,5.0,8.0,0.0,3.0,0.0,3.0,0.0,0.0,0.0,0.0,0.0,2.0,0.0,0.0,0.0,0.0,41.0,3.0,8.0,0.0,0.0,0.0,0.0,0.0,0.0,3.0,3.0,1.0,34.0,6.0,13.0,0.0,3.0,0.0,3.0,0.0,0.0,0.0,0.0,0.0,35.0,2.0,7.0,0.0,3.0,0.0,3.0,1.0,2.0,0.0,0.0,1.0,3.0,3.0,31.0,4.0,10.0,0.0,6.0,0.0,6.0,0.0,0.0,0.0,0.0,0.0,0.0,0.0,1.0,0.0,0.0,1.0,3.0,1.0,1.0,1.0,0.0,1.0,0.0,1.0,1.0,3.0,2.0,0.0,2.0,1.0,0.0,1.0,2.0,3.0,0.0,3.0,0.0,0.0,3.0,1.0,1.0,12.0,3.0,7.0,1.0,0.0,1.0,4.0,0.0,0.0,0.0,2.0,5.0,1.0,0.0,0.0,0.0,0.0,0.0,0.0,0.0,2.0,6.0,0.0,0.0,0.0,1.0,0.0,0.0,0.0,0.0,0.0,0.0,0.0,0.0,0.0,0.0,0.0,2.0,0.0,1.0,1.0,2.0,0.0,0.0,1.0,0.0,0.0,1.0,0.0,0.0,0.0,0.0,1.0,0.0,0.0,3.0,1.0,0.0,0.0,1.0,1.0,0.0,0.0,2.0,1.0,3.0,2.0,2.0,0.0,0.0,1.0,0.0,0.0,5.0,1.0,0.0,3.0,0.0,3.0,2.0,1.0,3.0,0.0,3.0,3.0,3.0,0.0,2.0,0.0,2.0,0.0,0.0,0.0,18.0,0.0,2.0,10.0,14.0,14.0,14.0,26.0
CHEMBL3675877,Ki,57.4,28.0,6.0,4.0,0.0,2.0,1.0,3.0,0.0,36.0,8.0,4.0,0.0,4.0,2.0,6.0,0.0,2.0,0.0,0.0,0.0,0.0,0.0,36.0,8.0,7.0,0.0,4.0,2.0,6.0,1.0,1.0,31.0,9.0,8.0,0.0,4.0,1.0,5.0,2.0,0.0,0.0,0.0,30.0,9.0,9.0,0.0,4.0,1.0,5.0,0.0,0.0,1.0,0.0,1.0,0.0,29.0,6.0,5.0,0.0,4.0,2.0,6.0,1.0,1.0,2.0,0.0,2.0,2.0,1.0,0.0,0.0,0.0,27.0,6.0,6.0,0.0,5.0,2.0,7.0,0.0,2.0,1.0,1.0,0.0,23.0,7.0,10.0,0.0,6.0,1.0,7.0,0.0,0.0,0.0,0.0,0.0,24.0,3.0,5.0,0.0,4.0,0.0,4.0,1.0,2.0,1.0,2.0,1.0,1.0,1.0,25.0,3.0,5.0,0.0,3.0,1.0,4.0,0.0,0.0,1.0,1.0,0.0,1.0,1.0,0.0,0.0,0.0,0.0,2.0,0.0,0.0,0.0,0.0,1.0,0.0,1.0,1.0,0.0,2.0,0.0,2.0,0.0,0.0,1.0,0.0,3.0,0.0,2.0,0.0,1.0,2.0,0.0,1.0,5.0,3.0,2.0,0.0,0.0,0.0,0.0,0.0,0.0,0.0,1.0,1.0,0.0,0.0,0.0,0.0,0.0,0.0,0.0,0.0,1.0,0.0,0.0,0.0,0.0,0.0,0.0,0.0,0.0,0.0,0.0,0.0,0.0,0.0,0.0,0.0,0.0,1.0,0.0,1.0,1.0,1.0,0.0,0.0,1.0,0.0,0.0,1.0,0.0,0.0,0.0,0.0,1.0,1.0,1.0,3.0,1.0,0.0,0.0,1.0,1.0,0.0,0.0,1.0,0.0,2.0,2.0,2.0,0.0,0.0,1.0,0.0,0.0,4.0,0.0,0.0,0.0,0.0,0.0,1.0,0.0,0.0,0.0,0.0,0.0,3.0,0.0,2.0,0.0,4.0,1.0,1.0,1.0,24.0,1.0,4.0,10.0,7.0,7.0,8.0,28.0
CHEMBL3675893,Ki,43.5,28.0,6.0,3.0,0.0,2.0,1.0,3.0,0.0,36.0,8.0,3.0,0.0,4.0,2.0,6.0,0.0,1.0,0.0,0.0,0.0,0.0,0.0,36.0,8.0,4.0,0.0,4.0,2.0,6.0,1.0,1.0,31.0,9.0,3.0,0.0,4.0,1.0,5.0,2.0,0.0,0.0,0.0,30.0,9.0,4.0,0.0,4.0,1.0,5.0,0.0,0.0,1.0,0.0,1.0,0.0,29.0,6.0,3.0,0.0,4.0,2.0,6.0,1.0,0.0,2.0,0.0,2.0,2.0,0.0,0.0,0.0,0.0,27.0,6.0,4.0,0.0,5.0,2.0,7.0,0.0,2.0,1.0,1.0,0.0,23.0,7.0,7.0,0.0,6.0,1.0,7.0,0.0,0.0,0.0,0.0,0.0,24.0,3.0,3.0,0.0,4.0,0.0,4.0,1.0,1.0,1.0,2.0,0.0,1.0,1.0,25.0,3.0,3.0,0.0,3.0,1.0,4.0,0.0,0.0,1.0,1.0,0.0,1.0,1.0,0.0,0.0,0.0,0.0,3.0,0.0,0.0,0.0,0.0,1.0,0.0,2.0,1.0,0.0,2.0,0.0,1.0,0.0,0.0,1.0,0.0,2.0,0.0,2.0,0.0,1.0,2.0,0.0,1.0,5.0,2.0,2.0,0.0,0.0,0.0,0.0,0.0,0.0,0.0,1.0,1.0,0.0,0.0,0.0,0.0,0.0,0.0,0.0,0.0,1.0,0.0,0.0,0.0,0.0,0.0,0.0,0.0,0.0,0.0,0.0,0.0,0.0,0.0,0.0,0.0,0.0,1.0,0.0,1.0,1.0,1.0,0.0,0.0,1.0,0.0,0.0,1.0,0.0,0.0,0.0,0.0,1.0,1.0,1.0,3.0,1.0,0.0,0.0,1.0,1.0,0.0,0.0,1.0,0.0,2.0,2.0,1.0,0.0,0.0,1.0,0.0,0.0,3.0,0.0,0.0,0.0,0.0,0.0,1.0,0.0,0.0,0.0,0.0,0.0,2.0,0.0,1.0,0.0,1.0,1.0,1.0,1.0,24.0,1.0,2.0,9.0,8.0,8.0,8.0,27.0
CHEMBL2381830,Ki,1100.0,18.0,9.0,5.0,0.0,3.0,0.0,3.0,1.0,23.0,9.0,7.0,0.0,3.0,0.0,3.0,3.0,1.0,0.0,0.0,3.0,3.0,3.0,20.0,11.0,8.0,0.0,6.0,0.0,6.0,2.0,2.0,21.0,11.0,7.0,0.0,0.0,0.0,0.0,2.0,6.0,6.0,0.0,26.0,8.0,5.0,0.0,3.0,0.0,3.0,0.0,1.0,0.0,0.0,0.0,0.0,22.0,8.0,5.0,0.0,0.0,0.0,0.0,0.0,1.0,6.0,0.0,6.0,2.0,0.0,0.0,0.0,0.0,14.0,10.0,7.0,0.0,6.0,0.0,6.0,0.0,1.0,0.0,0.0,1.0,13.0,9.0,8.0,0.0,3.0,0.0,3.0,0.0,0.0,0.0,0.0,0.0,13.0,11.0,6.0,0.0,0.0,0.0,0.0,0.0,0.0,0.0,0.0,0.0,3.0,3.0,18.0,4.0,3.0,0.0,3.0,0.0,3.0,2.0,2.0,0.0,0.0,0.0,0.0,0.0,1.0,0.0,0.0,0.0,4.0,1.0,0.0,0.0,0.0,2.0,0.0,1.0,1.0,1.0,1.0,0.0,1.0,0.0,0.0,1.0,1.0,2.0,0.0,1.0,0.0,0.0,3.0,1.0,1.0,9.0,2.0,5.0,0.0,0.0,0.0,0.0,0.0,0.0,0.0,1.0,3.0,0.0,0.0,0.0,0.0,0.0,0.0,0.0,0.0,1.0,1.0,1.0,0.0,0.0,1.0,0.0,0.0,0.0,0.0,0.0,0.0,0.0,0.0,0.0,0.0,0.0,1.0,0.0,1.0,2.0,1.0,0.0,0.0,1.0,0.0,0.0,1.0,0.0,0.0,0.0,0.0,2.0,0.0,0.0,2.0,1.0,0.0,0.0,1.0,0.0,0.0,0.0,2.0,0.0,3.0,1.0,1.0,0.0,0.0,1.0,0.0,0.0,4.0,0.0,0.0,0.0,0.0,1.0,3.0,0.0,3.0,0.0,0.0,0.0,2.0,0.0,1.0,0.0,2.0,0.0,3.0,4.0,17.0,4.0,2.0,14.0,10.0,10.0,11.0,19.0
CHEMBL62444,Ki,63.0,26.0,7.0,6.0,0.0,3.0,0.0,3.0,0.0,37.0,7.0,5.0,0.0,0.0,0.0,0.0,1.0,3.0,3.0,3.0,3.0,3.0,3.0,33.0,12.0,10.0,0.0,3.0,0.0,3.0,0.0,0.0,29.0,11.0,9.0,0.0,6.0,0.0,6.0,2.0,0.0,0.0,0.0,30.0,9.0,10.0,0.0,6.0,0.0,6.0,0.0,1.0,0.0,0.0,0.0,0.0,32.0,10.0,8.0,0.0,3.0,0.0,3.0,0.0,0.0,0.0,0.0,0.0,2.0,0.0,0.0,0.0,0.0,41.0,2.0,6.0,0.0,0.0,0.0,0.0,1.0,2.0,3.0,3.0,1.0,32.0,8.0,13.0,0.0,3.0,0.0,3.0,0.0,0.0,0.0,0.0,0.0,34.0,3.0,7.0,0.0,0.0,0.0,0.0,1.0,2.0,3.0,3.0,1.0,3.0,3.0,30.0,5.0,10.0,0.0,6.0,0.0,6.0,0.0,0.0,0.0,0.0,0.0,0.0,0.0,2.0,0.0,0.0,0.0,7.0,4.0,0.0,0.0,0.0,3.0,0.0,1.0,1.0,3.0,2.0,0.0,2.0,0.0,0.0,1.0,2.0,3.0,0.0,2.0,0.0,0.0,3.0,1.0,1.0,17.0,3.0,12.0,0.0,0.0,5.0,0.0,1.0,1.0,0.0,1.0,15.0,0.0,0.0,0.0,2.0,11.0,7.0,2.0,2.0,1.0,0.0,14.0,0.0,0.0,0.0,14.0,0.0,0.0,9.0,6.0,7.0,3.0,7.0,4.0,2.0,2.0,3.0,2.0,3.0,1.0,3.0,2.0,0.0,5.0,0.0,0.0,3.0,0.0,0.0,0.0,0.0,1.0,0.0,0.0,6.0,4.0,0.0,2.0,3.0,1.0,0.0,0.0,2.0,1.0,3.0,3.0,3.0,0.0,0.0,1.0,0.0,0.0,5.0,0.0,0.0,3.0,0.0,3.0,5.0,1.0,3.0,0.0,3.0,3.0,2.0,0.0,1.0,0.0,2.0,0.0,0.0,0.0,12.0,0.0,2.0,13.0,20.0,20.0,14.0,22.0
CHEMBL62863,Ki,400.0,32.0,8.0,4.0,0.0,0.0,0.0,0.0,0.0,46.0,9.0,4.0,0.0,0.0,0.0,0.0,0.0,2.0,0.0,0.0,0.0,0.0,0.0,47.0,7.0,9.0,0.0,0.0,0.0,0.0,1.0,0.0,41.0,8.0,8.0,0.0,0.0,0.0,0.0,2.0,0.0,0.0,0.0,40.0,9.0,8.0,0.0,0.0,0.0,0.0,0.0,1.0,0.0,0.0,0.0,0.0,43.0,8.0,7.0,0.0,0.0,0.0,0.0,0.0,0.0,0.0,0.0,0.0,2.0,0.0,0.0,0.0,0.0,43.0,7.0,9.0,0.0,0.0,0.0,0.0,0.0,0.0,0.0,0.0,0.0,34.0,11.0,12.0,0.0,0.0,0.0,0.0,0.0,0.0,0.0,0.0,0.0,43.0,5.0,5.0,0.0,0.0,0.0,0.0,1.0,2.0,0.0,0.0,1.0,0.0,0.0,41.0,7.0,8.0,0.0,0.0,0.0,0.0,0.0,0.0,0.0,0.0,0.0,0.0,0.0,1.0,0.0,0.0,1.0,7.0,1.0,1.0,0.0,0.0,3.0,0.0,1.0,1.0,4.0,1.0,0.0,1.0,0.0,0.0,1.0,1.0,3.0,0.0,3.0,0.0,0.0,0.0,0.0,1.0,16.0,3.0,9.0,1.0,0.0,1.0,4.0,0.0,0.0,0.0,2.0,5.0,1.0,2.0,0.0,0.0,0.0,0.0,0.0,0.0,2.0,6.0,0.0,0.0,0.0,1.0,0.0,0.0,0.0,0.0,0.0,0.0,0.0,0.0,0.0,0.0,0.0,2.0,1.0,1.0,1.0,6.0,3.0,3.0,9.0,2.0,2.0,3.0,4.0,0.0,0.0,0.0,1.0,0.0,0.0,7.0,5.0,2.0,0.0,3.0,2.0,0.0,0.0,1.0,0.0,0.0,3.0,2.0,0.0,0.0,1.0,2.0,0.0,4.0,1.0,0.0,0.0,0.0,4.0,2.0,1.0,0.0,0.0,0.0,0.0,3.0,0.0,1.0,0.0,2.0,0.0,0.0,0.0,18.0,2.0,2.0,12.0,19.0,19.0,12.0,26.0
CHEMBL65705,Ki,70.0,31.0,7.0,4.0,0.0,0.0,0.0,0.0,1.0,41.0,12.0,4.0,0.0,0.0,0.0,0.0,0.0,2.0,0.0,0.0,0.0,0.0,0.0,40.0,11.0,8.0,0.0,0.0,0.0,0.0,0.0,0.0,38.0,9.0,8.0,0.0,0.0,0.0,0.0,2.0,0.0,0.0,0.0,38.0,6.0,10.0,0.0,0.0,0.0,0.0,1.0,0.0,0.0,0.0,0.0,0.0,39.0,6.0,7.0,0.0,0.0,0.0,0.0,1.0,0.0,0.0,0.0,0.0,2.0,0.0,0.0,0.0,0.0,41.0,7.0,7.0,0.0,0.0,0.0,0.0,0.0,1.0,0.0,0.0,0.0,36.0,9.0,11.0,0.0,0.0,0.0,0.0,0.0,1.0,0.0,0.0,0.0,37.0,7.0,6.0,0.0,0.0,0.0,0.0,1.0,2.0,0.0,0.0,1.0,0.0,0.0,35.0,11.0,6.0,0.0,0.0,0.0,0.0,0.0,0.0,0.0,0.0,0.0,0.0,0.0,1.0,0.0,0.0,1.0,3.0,1.0,1.0,1.0,0.0,1.0,0.0,1.0,1.0,3.0,2.0,0.0,2.0,1.0,0.0,1.0,1.0,3.0,0.0,3.0,0.0,0.0,0.0,0.0,1.0,11.0,3.0,7.0,1.0,0.0,1.0,4.0,0.0,0.0,0.0,2.0,5.0,1.0,0.0,0.0,0.0,0.0,0.0,0.0,0.0,2.0,6.0,0.0,0.0,0.0,1.0,0.0,0.0,0.0,0.0,0.0,0.0,0.0,0.0,0.0,0.0,0.0,2.0,0.0,1.0,1.0,2.0,0.0,0.0,1.0,0.0,0.0,1.0,0.0,0.0,0.0,0.0,1.0,0.0,0.0,3.0,1.0,0.0,0.0,1.0,1.0,0.0,0.0,1.0,0.0,0.0,2.0,2.0,0.0,0.0,1.0,0.0,0.0,4.0,1.0,0.0,0.0,0.0,3.0,2.0,1.0,0.0,0.0,0.0,0.0,3.0,0.0,2.0,0.0,2.0,0.0,1.0,2.0,23.0,2.0,2.0,11.0,14.0,14.0,12.0,29.0
CHEMBL63923,Ki,73.0,33.0,7.0,4.0,0.0,0.0,0.0,0.0,0.0,45.0,9.0,4.0,0.0,0.0,0.0,0.0,0.0,2.0,0.0,0.0,0.0,0.0,0.0,44.0,10.0,8.0,0.0,0.0,0.0,0.0,0.0,0.0,41.0,7.0,8.0,0.0,0.0,0.0,0.0,2.0,0.0,0.0,0.0,41.0,5.0,10.0,0.0,0.0,0.0,0.0,1.0,0.0,0.0,0.0,0.0,0.0,41.0,7.0,7.0,0.0,0.0,0.0,0.0,0.0,0.0,0.0,0.0,0.0,2.0,0.0,0.0,0.0,0.0,43.0,6.0,7.0,0.0,0.0,0.0,0.0,0.0,1.0,0.0,0.0,0.0,37.0,9.0,12.0,0.0,0.0,0.0,0.0,0.0,0.0,0.0,0.0,0.0,40.0,5.0,6.0,0.0,0.0,0.0,0.0,1.0,2.0,0.0,0.0,1.0,0.0,0.0,39.0,8.0,7.0,0.0,0.0,0.0,0.0,0.0,0.0,0.0,0.0,0.0,0.0,0.0,1.0,0.0,0.0,1.0,8.0,1.0,1.0,1.0,0.0,5.0,3.0,1.0,1.0,3.0,2.0,0.0,2.0,1.0,0.0,1.0,1.0,3.0,0.0,3.0,0.0,0.0,0.0,0.0,1.0,16.0,3.0,11.0,1.0,0.0,1.0,4.0,0.0,0.0,0.0,2.0,8.0,1.0,0.0,0.0,0.0,0.0,0.0,0.0,0.0,2.0,6.0,2.0,0.0,0.0,1.0,1.0,0.0,0.0,0.0,0.0,0.0,0.0,0.0,1.0,2.0,0.0,4.0,0.0,1.0,1.0,4.0,0.0,0.0,3.0,0.0,0.0,1.0,1.0,0.0,0.0,0.0,1.0,0.0,0.0,5.0,2.0,0.0,0.0,1.0,3.0,0.0,0.0,1.0,0.0,0.0,3.0,2.0,0.0,0.0,1.0,0.0,0.0,4.0,1.0,0.0,0.0,0.0,3.0,5.0,1.0,0.0,0.0,0.0,0.0,3.0,0.0,2.0,0.0,2.0,0.0,0.0,0.0,18.0,1.0,2.0,11.0,20.0,20.0,13.0,26.0
CHEMBL1933362,Ki,1450.0,20.0,7.0,5.0,0.0,3.0,0.0,3.0,1.0,23.0,12.0,7.0,0.0,3.0,0.0,3.0,0.0,1.0,0.0,0.0,3.0,3.0,3.0,25.0,7.0,8.0,0.0,3.0,0.0,3.0,1.0,2.0,24.0,7.0,7.0,0.0,6.0,0.0,6.0,2.0,0.0,0.0,0.0,24.0,9.0,7.0,0.0,3.0,0.0,3.0,0.0,0.0,0.0,0.0,0.0,0.0,23.0,8.0,5.0,0.0,0.0,0.0,0.0,0.0,1.0,3.0,0.0,3.0,2.0,0.0,0.0,0.0,0.0,19.0,8.0,6.0,0.0,3.0,0.0,3.0,0.0,1.0,3.0,3.0,1.0,18.0,6.0,8.0,0.0,6.0,0.0,6.0,0.0,0.0,0.0,0.0,0.0,17.0,8.0,6.0,0.0,0.0,0.0,0.0,0.0,0.0,0.0,0.0,0.0,3.0,3.0,17.0,3.0,3.0,0.0,3.0,0.0,3.0,2.0,2.0,0.0,0.0,0.0,0.0,0.0,1.0,0.0,0.0,0.0,4.0,1.0,0.0,0.0,0.0,2.0,0.0,1.0,1.0,1.0,1.0,0.0,1.0,0.0,0.0,1.0,1.0,2.0,0.0,1.0,0.0,0.0,3.0,1.0,1.0,9.0,2.0,5.0,0.0,0.0,0.0,0.0,0.0,0.0,0.0,1.0,3.0,0.0,0.0,0.0,0.0,0.0,0.0,0.0,0.0,1.0,1.0,1.0,0.0,0.0,1.0,0.0,0.0,0.0,0.0,0.0,0.0,0.0,0.0,0.0,0.0,0.0,1.0,0.0,1.0,2.0,1.0,0.0,0.0,1.0,0.0,0.0,1.0,0.0,0.0,0.0,0.0,2.0,0.0,0.0,2.0,1.0,0.0,0.0,1.0,0.0,0.0,0.0,2.0,0.0,3.0,1.0,1.0,0.0,0.0,1.0,0.0,0.0,4.0,0.0,0.0,0.0,0.0,1.0,3.0,0.0,3.0,0.0,0.0,0.0,2.0,0.0,1.0,0.0,2.0,0.0,2.0,3.0,17.0,3.0,2.0,12.0,10.0,10.0,11.0,20.0
CHEMBL2381843,Ki,4400.0,21.0,5.0,7.0,0.0,0.0,0.0,0.0,1.0,25.0,9.0,9.0,0.0,0.0,0.0,0.0,0.0,1.0,0.0,0.0,0.0,0.0,0.0,26.0,7.0,10.0,0.0,0.0,0.0,0.0,0.0,2.0,26.0,7.0,8.0,0.0,0.0,0.0,0.0,2.0,0.0,0.0,0.0,31.0,2.0,7.0,0.0,0.0,0.0,0.0,0.0,1.0,0.0,0.0,0.0,0.0,28.0,2.0,7.0,0.0,0.0,0.0,0.0,0.0,1.0,0.0,0.0,0.0,2.0,0.0,0.0,0.0,0.0,21.0,4.0,8.0,0.0,0.0,0.0,0.0,0.0,1.0,0.0,0.0,1.0,16.0,7.0,7.0,0.0,0.0,0.0,0.0,0.0,0.0,0.0,0.0,1.0,14.0,9.0,8.0,0.0,0.0,0.0,0.0,0.0,0.0,0.0,0.0,0.0,0.0,0.0,17.0,6.0,7.0,0.0,0.0,0.0,0.0,0.0,0.0,0.0,0.0,0.0,0.0,0.0,1.0,0.0,0.0,0.0,4.0,1.0,0.0,0.0,0.0,2.0,0.0,1.0,1.0,2.0,1.0,0.0,1.0,0.0,0.0,1.0,0.0,2.0,0.0,2.0,0.0,0.0,0.0,2.0,1.0,9.0,2.0,5.0,0.0,0.0,0.0,0.0,0.0,0.0,0.0,1.0,3.0,0.0,0.0,0.0,0.0,0.0,0.0,0.0,0.0,1.0,1.0,1.0,0.0,0.0,1.0,0.0,0.0,0.0,0.0,0.0,0.0,0.0,0.0,0.0,0.0,0.0,1.0,0.0,1.0,2.0,1.0,0.0,0.0,1.0,0.0,0.0,1.0,0.0,0.0,0.0,0.0,2.0,0.0,0.0,2.0,1.0,0.0,0.0,1.0,0.0,0.0,0.0,3.0,1.0,0.0,1.0,1.0,0.0,0.0,1.0,0.0,0.0,5.0,0.0,0.0,0.0,0.0,1.0,3.0,0.0,0.0,0.0,0.0,0.0,2.0,0.0,1.0,0.0,2.0,0.0,1.0,2.0,17.0,2.0,2.0,12.0,11.0,11.0,11.0,20.0
CHEMBL1933351,Ki,14700.0,22.0,5.0,5.0,0.0,0.0,0.0,0.0,1.0,26.0,9.0,7.0,0.0,0.0,0.0,0.0,0.0,1.0,0.0,0.0,0.0,0.0,0.0,26.0,8.0,8.0,0.0,0.0,0.0,0.0,0.0,2.0,26.0,8.0,7.0,0.0,0.0,0.0,0.0,2.0,0.0,0.0,0.0,28.0,6.0,7.0,0.0,0.0,0.0,0.0,0.0,0.0,0.0,0.0,0.0,0.0,22.0,7.0,7.0,0.0,0.0,0.0,0.0,0.0,0.0,0.0,0.0,0.0,2.0,0.0,0.0,0.0,0.0,19.0,7.0,6.0,0.0,0.0,0.0,0.0,0.0,1.0,0.0,0.0,1.0,22.0,4.0,7.0,0.0,0.0,0.0,0.0,0.0,0.0,0.0,0.0,0.0,22.0,5.0,6.0,0.0,0.0,0.0,0.0,0.0,0.0,0.0,0.0,0.0,0.0,0.0,21.0,0.0,3.0,0.0,0.0,0.0,0.0,2.0,2.0,0.0,0.0,0.0,0.0,0.0,1.0,0.0,0.0,0.0,4.0,1.0,0.0,0.0,0.0,2.0,0.0,1.0,1.0,2.0,1.0,0.0,1.0,0.0,0.0,1.0,0.0,2.0,0.0,1.0,0.0,0.0,0.0,1.0,1.0,9.0,2.0,5.0,0.0,0.0,0.0,0.0,0.0,0.0,0.0,1.0,3.0,0.0,0.0,0.0,0.0,0.0,0.0,0.0,0.0,1.0,1.0,1.0,0.0,0.0,1.0,0.0,0.0,0.0,0.0,0.0,0.0,0.0,0.0,0.0,0.0,0.0,1.0,0.0,1.0,2.0,1.0,0.0,0.0,1.0,0.0,0.0,1.0,0.0,0.0,0.0,0.0,2.0,0.0,0.0,2.0,1.0,0.0,0.0,1.0,0.0,0.0,0.0,2.0,0.0,0.0,1.0,1.0,0.0,0.0,1.0,0.0,0.0,4.0,0.0,0.0,0.0,0.0,2.0,3.0,0.0,0.0,0.0,0.0,0.0,2.0,0.0,1.0,0.0,2.0,0.0,1.0,2.0,17.0,2.0,2.0,10.0,11.0,11.0,10.0,20.0
CHEMBL64955,Ki,29.0,30.0,4.0,5.0,0.0,0.0,0.0,0.0,0.0,41.0,5.0,5.0,0.0,0.0,0.0,0.0,0.0,2.0,0.0,0.0,0.0,0.0,0.0,38.0,7.0,10.0,0.0,0.0,0.0,0.0,0.0,0.0,33.0,6.0,10.0,0.0,0.0,0.0,0.0,2.0,0.0,0.0,0.0,33.0,6.0,11.0,0.0,0.0,0.0,0.0,0.0,0.0,0.0,0.0,0.0,0.0,38.0,4.0,7.0,0.0,0.0,0.0,0.0,0.0,1.0,0.0,0.0,0.0,2.0,0.0,0.0,0.0,0.0,41.0,3.0,9.0,0.0,0.0,0.0,0.0,0.0,0.0,0.0,0.0,0.0,35.0,6.0,11.0,0.0,0.0,0.0,0.0,0.0,0.0,0.0,0.0,1.0,36.0,2.0,6.0,0.0,0.0,0.0,0.0,1.0,2.0,0.0,0.0,1.0,0.0,0.0,32.0,4.0,9.0,0.0,0.0,0.0,0.0,0.0,0.0,0.0,0.0,0.0,0.0,0.0,1.0,0.0,0.0,1.0,4.0,1.0,1.0,1.0,0.0,1.0,0.0,1.0,1.0,3.0,2.0,0.0,2.0,1.0,0.0,2.0,1.0,3.0,0.0,3.0,0.0,0.0,0.0,0.0,2.0,12.0,3.0,7.0,1.0,0.0,1.0,4.0,0.0,0.0,0.0,2.0,5.0,1.0,0.0,0.0,0.0,0.0,0.0,0.0,0.0,2.0,6.0,0.0,0.0,0.0,1.0,0.0,0.0,0.0,0.0,0.0,0.0,0.0,0.0,0.0,0.0,0.0,2.0,0.0,1.0,1.0,2.0,0.0,0.0,1.0,0.0,0.0,1.0,0.0,0.0,0.0,0.0,1.0,0.0,0.0,3.0,1.0,0.0,0.0,1.0,1.0,0.0,0.0,2.0,0.0,0.0,2.0,2.0,0.0,0.0,1.0,0.0,0.0,5.0,1.0,0.0,0.0,0.0,3.0,2.0,1.0,0.0,1.0,0.0,0.0,3.0,0.0,2.0,0.0,2.0,0.0,0.0,0.0,18.0,0.0,2.0,9.0,16.0,16.0,13.0,25.0
CHEMBL146839,Ki,20000.0,14.0,4.0,3.0,2.0,0.0,2.0,2.0,0.0,18.0,4.0,6.0,1.0,0.0,4.0,4.0,1.0,0.0,0.0,0.0,0.0,0.0,0.0,13.0,6.0,6.0,3.0,0.0,4.0,4.0,0.0,0.0,8.0,4.0,6.0,4.0,0.0,2.0,2.0,0.0,0.0,2.0,0.0,7.0,2.0,3.0,4.0,0.0,2.0,2.0,0.0,2.0,0.0,2.0,2.0,1.0,8.0,4.0,3.0,1.0,0.0,0.0,0.0,0.0,0.0,0.0,0.0,0.0,1.0,0.0,0.0,0.0,0.0,9.0,4.0,3.0,0.0,0.0,2.0,2.0,0.0,0.0,0.0,0.0,0.0,10.0,2.0,3.0,0.0,0.0,2.0,2.0,0.0,2.0,0.0,0.0,0.0,10.0,0.0,2.0,0.0,0.0,2.0,2.0,0.0,2.0,0.0,0.0,0.0,0.0,2.0,6.0,0.0,4.0,0.0,0.0,4.0,4.0,0.0,0.0,0.0,0.0,0.0,0.0,0.0,0.0,0.0,0.0,0.0,1.0,0.0,0.0,0.0,0.0,0.0,0.0,0.0,1.0,0.0,0.0,0.0,0.0,0.0,0.0,2.0,0.0,1.0,0.0,0.0,1.0,2.0,0.0,0.0,2.0,2.0,1.0,1.0,0.0,0.0,0.0,0.0,0.0,0.0,0.0,1.0,0.0,0.0,0.0,0.0,0.0,0.0,0.0,0.0,0.0,0.0,1.0,0.0,0.0,0.0,0.0,0.0,0.0,0.0,0.0,0.0,0.0,0.0,0.0,0.0,0.0,0.0,0.0,0.0,0.0,0.0,0.0,0.0,0.0,0.0,0.0,0.0,0.0,0.0,0.0,0.0,0.0,0.0,2.0,2.0,0.0,0.0,0.0,0.0,0.0,0.0,0.0,0.0,0.0,0.0,0.0,0.0,0.0,0.0,0.0,0.0,0.0,0.0,3.0,0.0,0.0,0.0,0.0,0.0,0.0,0.0,0.0,0.0,0.0,0.0,0.0,0.0,0.0,0.0,2.0,2.0,1.0,2.0,15.0,2.0,2.0,9.0,6.0,6.0,4.0,15.0
CHEMBL418468,Ki,11.0,32.0,6.0,4.0,0.0,0.0,0.0,0.0,0.0,44.0,8.0,4.0,0.0,0.0,0.0,0.0,0.0,2.0,0.0,0.0,0.0,0.0,0.0,42.0,9.0,8.0,0.0,0.0,0.0,0.0,1.0,0.0,36.0,9.0,8.0,0.0,0.0,0.0,0.0,2.0,0.0,0.0,0.0,35.0,8.0,9.0,0.0,0.0,0.0,0.0,0.0,1.0,0.0,0.0,0.0,0.0,38.0,7.0,8.0,0.0,0.0,0.0,0.0,0.0,0.0,0.0,0.0,0.0,2.0,0.0,0.0,0.0,0.0,42.0,6.0,9.0,0.0,0.0,0.0,0.0,0.0,0.0,0.0,0.0,0.0,37.0,10.0,11.0,0.0,0.0,0.0,0.0,0.0,0.0,0.0,0.0,0.0,42.0,5.0,4.0,0.0,0.0,0.0,0.0,1.0,2.0,0.0,0.0,1.0,0.0,0.0,40.0,6.0,6.0,0.0,0.0,0.0,0.0,0.0,0.0,0.0,0.0,0.0,0.0,0.0,1.0,0.0,0.0,1.0,3.0,1.0,1.0,1.0,0.0,1.0,0.0,1.0,1.0,3.0,2.0,0.0,2.0,1.0,0.0,1.0,1.0,3.0,0.0,2.0,0.0,0.0,0.0,0.0,1.0,11.0,3.0,7.0,1.0,0.0,1.0,4.0,0.0,0.0,0.0,2.0,5.0,1.0,0.0,0.0,0.0,0.0,0.0,0.0,0.0,2.0,6.0,0.0,0.0,0.0,1.0,0.0,0.0,0.0,0.0,0.0,0.0,0.0,0.0,0.0,0.0,0.0,2.0,0.0,1.0,1.0,2.0,0.0,0.0,1.0,0.0,0.0,1.0,0.0,0.0,0.0,0.0,1.0,0.0,0.0,3.0,1.0,0.0,0.0,1.0,0.0,0.0,0.0,1.0,0.0,0.0,2.0,2.0,0.0,0.0,1.0,0.0,0.0,4.0,1.0,0.0,0.0,0.0,3.0,2.0,1.0,0.0,0.0,0.0,0.0,3.0,0.0,2.0,0.0,2.0,0.0,1.0,1.0,22.0,1.0,2.0,10.0,14.0,14.0,12.0,28.0
CHEMBL305151,Ki,4.0,38.0,4.0,6.0,0.0,0.0,0.0,0.0,0.0,52.0,5.0,8.0,0.0,0.0,0.0,0.0,0.0,2.0,0.0,0.0,0.0,0.0,0.0,49.0,7.0,12.0,0.0,0.0,0.0,0.0,0.0,0.0,44.0,6.0,11.0,0.0,0.0,0.0,0.0,2.0,0.0,0.0,0.0,44.0,6.0,11.0,0.0,0.0,0.0,0.0,0.0,0.0,0.0,0.0,0.0,0.0,48.0,5.0,7.0,0.0,0.0,0.0,0.0,0.0,1.0,0.0,0.0,0.0,2.0,0.0,0.0,0.0,0.0,48.0,5.0,9.0,0.0,0.0,0.0,0.0,0.0,0.0,0.0,0.0,0.0,40.0,8.0,12.0,0.0,0.0,0.0,0.0,0.0,0.0,0.0,0.0,1.0,42.0,4.0,8.0,0.0,0.0,0.0,0.0,1.0,2.0,0.0,0.0,1.0,0.0,0.0,43.0,4.0,11.0,0.0,0.0,0.0,0.0,0.0,0.0,0.0,0.0,0.0,0.0,0.0,1.0,0.0,0.0,1.0,3.0,1.0,1.0,1.0,0.0,1.0,0.0,1.0,1.0,3.0,2.0,0.0,2.0,1.0,0.0,1.0,1.0,3.0,0.0,3.0,0.0,0.0,0.0,0.0,1.0,11.0,3.0,7.0,1.0,0.0,1.0,4.0,0.0,0.0,0.0,2.0,5.0,1.0,0.0,0.0,0.0,0.0,0.0,0.0,0.0,2.0,6.0,0.0,0.0,0.0,1.0,0.0,0.0,0.0,0.0,0.0,0.0,0.0,0.0,0.0,0.0,0.0,2.0,0.0,1.0,1.0,2.0,0.0,0.0,1.0,0.0,0.0,1.0,0.0,0.0,0.0,0.0,1.0,0.0,0.0,3.0,1.0,0.0,0.0,1.0,1.0,0.0,0.0,1.0,0.0,0.0,2.0,2.0,0.0,0.0,1.0,0.0,0.0,4.0,1.0,0.0,0.0,0.0,3.0,2.0,1.0,0.0,0.0,0.0,0.0,3.0,0.0,2.0,0.0,2.0,0.0,0.0,1.0,27.0,1.0,2.0,10.0,14.0,14.0,12.0,33.0
CHEMBL418135,Ki,3.0,31.0,4.0,8.0,0.0,0.0,0.0,0.0,0.0,37.0,5.0,12.0,0.0,0.0,0.0,0.0,0.0,2.0,0.0,0.0,0.0,0.0,0.0,35.0,6.0,14.0,0.0,0.0,0.0,0.0,0.0,1.0,33.0,5.0,13.0,0.0,0.0,0.0,0.0,2.0,0.0,0.0,0.0,34.0,5.0,14.0,0.0,0.0,0.0,0.0,0.0,0.0,0.0,0.0,0.0,0.0,36.0,4.0,9.0,0.0,0.0,0.0,0.0,0.0,2.0,0.0,0.0,0.0,3.0,0.0,0.0,0.0,0.0,34.0,5.0,12.0,0.0,0.0,0.0,0.0,0.0,0.0,0.0,0.0,0.0,31.0,6.0,12.0,0.0,0.0,0.0,0.0,0.0,0.0,0.0,0.0,1.0,31.0,3.0,8.0,0.0,0.0,0.0,0.0,1.0,2.0,0.0,0.0,2.0,0.0,0.0,30.0,3.0,9.0,0.0,0.0,0.0,0.0,0.0,0.0,0.0,0.0,2.0,0.0,0.0,1.0,0.0,0.0,1.0,7.0,1.0,1.0,1.0,0.0,5.0,3.0,1.0,1.0,1.0,2.0,0.0,2.0,1.0,0.0,1.0,0.0,3.0,0.0,2.0,0.0,0.0,0.0,1.0,1.0,12.0,3.0,9.0,1.0,0.0,0.0,0.0,0.0,0.0,0.0,2.0,7.0,1.0,0.0,0.0,0.0,0.0,0.0,0.0,0.0,2.0,0.0,5.0,1.0,1.0,0.0,4.0,1.0,1.0,3.0,0.0,2.0,1.0,0.0,1.0,1.0,0.0,2.0,0.0,1.0,2.0,2.0,0.0,0.0,1.0,0.0,0.0,1.0,0.0,0.0,0.0,0.0,3.0,0.0,0.0,3.0,1.0,0.0,0.0,1.0,1.0,0.0,0.0,2.0,1.0,0.0,2.0,2.0,0.0,0.0,1.0,0.0,1.0,5.0,0.0,0.0,0.0,0.0,1.0,6.0,0.0,0.0,0.0,0.0,0.0,3.0,0.0,2.0,0.0,2.0,0.0,0.0,1.0,21.0,1.0,2.0,12.0,15.0,15.0,15.0,26.0
CHEMBL412661,Ki,26.0,34.0,4.0,6.0,0.0,1.0,0.0,1.0,0.0,45.0,5.0,8.0,0.0,2.0,0.0,2.0,0.0,2.0,0.0,0.0,0.0,0.0,0.0,43.0,6.0,11.0,0.0,0.0,0.0,0.0,0.0,1.0,38.0,6.0,12.0,0.0,1.0,0.0,1.0,2.0,0.0,0.0,0.0,37.0,6.0,14.0,0.0,1.0,0.0,1.0,0.0,0.0,0.0,0.0,0.0,0.0,39.0,5.0,9.0,0.0,2.0,0.0,2.0,0.0,1.0,0.0,0.0,0.0,3.0,0.0,0.0,0.0,0.0,39.0,5.0,13.0,0.0,2.0,0.0,2.0,0.0,0.0,0.0,0.0,0.0,37.0,7.0,14.0,0.0,1.0,0.0,1.0,0.0,0.0,0.0,0.0,0.0,40.0,2.0,9.0,0.0,0.0,0.0,0.0,1.0,2.0,0.0,0.0,1.0,1.0,1.0,41.0,4.0,7.0,0.0,1.0,0.0,1.0,0.0,0.0,0.0,0.0,2.0,0.0,0.0,2.0,0.0,0.0,2.0,1.0,1.0,1.0,0.0,0.0,0.0,0.0,1.0,0.0,3.0,2.0,0.0,2.0,1.0,0.0,1.0,1.0,3.0,0.0,3.0,0.0,0.0,1.0,1.0,1.0,10.0,3.0,6.0,1.0,0.0,1.0,3.0,0.0,0.0,0.0,2.0,4.0,0.0,0.0,0.0,0.0,0.0,0.0,0.0,0.0,1.0,4.0,0.0,0.0,0.0,0.0,0.0,0.0,0.0,0.0,0.0,0.0,0.0,0.0,0.0,0.0,0.0,1.0,0.0,1.0,1.0,2.0,0.0,0.0,1.0,0.0,0.0,1.0,0.0,0.0,0.0,0.0,2.0,0.0,0.0,3.0,1.0,0.0,0.0,1.0,1.0,0.0,0.0,2.0,1.0,1.0,2.0,2.0,0.0,0.0,1.0,0.0,1.0,5.0,0.0,0.0,0.0,0.0,3.0,0.0,0.0,1.0,0.0,0.0,0.0,3.0,0.0,2.0,0.0,2.0,0.0,0.0,0.0,24.0,0.0,2.0,10.0,14.0,14.0,12.0,32.0
CHEMBL1933354,Ki,556.0,23.0,5.0,5.0,0.0,0.0,0.0,0.0,1.0,27.0,9.0,7.0,0.0,0.0,0.0,0.0,0.0,1.0,0.0,0.0,0.0,0.0,0.0,28.0,7.0,8.0,0.0,0.0,0.0,0.0,0.0,2.0,27.0,8.0,7.0,0.0,0.0,0.0,0.0,2.0,0.0,0.0,0.0,28.0,8.0,7.0,0.0,0.0,0.0,0.0,0.0,0.0,0.0,0.0,0.0,0.0,25.0,8.0,6.0,0.0,0.0,0.0,0.0,0.0,0.0,0.0,0.0,0.0,2.0,0.0,0.0,0.0,0.0,20.0,7.0,7.0,0.0,0.0,0.0,0.0,0.0,1.0,0.0,0.0,1.0,21.0,4.0,8.0,0.0,0.0,0.0,0.0,0.0,0.0,0.0,0.0,0.0,22.0,5.0,6.0,0.0,0.0,0.0,0.0,0.0,0.0,0.0,0.0,0.0,0.0,0.0,23.0,0.0,3.0,0.0,0.0,0.0,0.0,2.0,2.0,0.0,0.0,0.0,0.0,0.0,1.0,0.0,0.0,0.0,5.0,1.0,0.0,0.0,0.0,2.0,0.0,1.0,1.0,2.0,1.0,0.0,1.0,0.0,0.0,1.0,0.0,2.0,0.0,1.0,0.0,0.0,0.0,1.0,1.0,10.0,2.0,6.0,0.0,0.0,0.0,0.0,0.0,0.0,0.0,1.0,3.0,0.0,0.0,0.0,0.0,0.0,0.0,0.0,0.0,1.0,2.0,1.0,0.0,0.0,1.0,0.0,0.0,0.0,0.0,0.0,0.0,0.0,0.0,0.0,0.0,0.0,1.0,0.0,1.0,2.0,1.0,0.0,0.0,1.0,0.0,0.0,1.0,0.0,0.0,0.0,0.0,2.0,0.0,0.0,2.0,1.0,0.0,0.0,1.0,0.0,0.0,0.0,2.0,0.0,0.0,1.0,1.0,0.0,0.0,1.0,0.0,0.0,4.0,0.0,0.0,0.0,0.0,2.0,4.0,0.0,0.0,0.0,0.0,0.0,2.0,0.0,1.0,0.0,2.0,0.0,1.0,2.0,17.0,2.0,2.0,10.0,12.0,12.0,11.0,20.0
CHEMBL2381827,Ki,12.0,24.0,7.0,3.0,0.0,3.0,0.0,3.0,1.0,30.0,13.0,3.0,0.0,3.0,0.0,3.0,0.0,1.0,0.0,0.0,3.0,3.0,3.0,28.0,16.0,5.0,0.0,6.0,0.0,6.0,0.0,0.0,32.0,13.0,3.0,0.0,0.0,0.0,0.0,2.0,6.0,6.0,0.0,38.0,3.0,4.0,0.0,3.0,0.0,3.0,1.0,0.0,0.0,0.0,0.0,0.0,34.0,4.0,3.0,0.0,6.0,0.0,6.0,1.0,0.0,0.0,0.0,0.0,2.0,0.0,0.0,0.0,0.0,26.0,6.0,5.0,0.0,12.0,0.0,12.0,1.0,1.0,0.0,0.0,0.0,21.0,9.0,6.0,0.0,3.0,0.0,3.0,0.0,0.0,0.0,0.0,0.0,17.0,10.0,5.0,0.0,0.0,0.0,0.0,0.0,0.0,3.0,3.0,0.0,0.0,0.0,20.0,7.0,4.0,0.0,3.0,0.0,3.0,0.0,0.0,0.0,0.0,0.0,0.0,0.0,1.0,0.0,0.0,0.0,4.0,1.0,0.0,0.0,0.0,2.0,0.0,1.0,1.0,3.0,2.0,1.0,1.0,0.0,0.0,1.0,1.0,2.0,0.0,1.0,0.0,0.0,3.0,0.0,1.0,11.0,2.0,5.0,0.0,0.0,0.0,0.0,0.0,0.0,0.0,1.0,3.0,0.0,0.0,0.0,0.0,0.0,0.0,0.0,0.0,1.0,1.0,1.0,0.0,0.0,1.0,0.0,0.0,0.0,0.0,0.0,0.0,0.0,0.0,0.0,1.0,0.0,2.0,0.0,1.0,1.0,2.0,0.0,0.0,1.0,0.0,0.0,1.0,0.0,0.0,0.0,0.0,1.0,0.0,0.0,3.0,1.0,0.0,0.0,1.0,1.0,0.0,0.0,1.0,0.0,3.0,2.0,1.0,0.0,0.0,1.0,0.0,0.0,3.0,0.0,0.0,0.0,0.0,3.0,3.0,0.0,3.0,0.0,0.0,0.0,2.0,0.0,1.0,0.0,2.0,0.0,1.0,2.0,17.0,2.0,2.0,10.0,13.0,13.0,11.0,22.0
CHEMBL64475,Ki,9.0,34.0,4.0,6.0,0.0,0.0,0.0,0.0,0.0,45.0,5.0,8.0,0.0,0.0,0.0,0.0,0.0,2.0,0.0,0.0,0.0,0.0,0.0,43.0,6.0,11.0,0.0,0.0,0.0,0.0,0.0,1.0,38.0,6.0,12.0,0.0,0.0,0.0,0.0,2.0,0.0,0.0,0.0,37.0,6.0,14.0,0.0,0.0,0.0,0.0,0.0,0.0,0.0,0.0,0.0,0.0,39.0,5.0,9.0,0.0,0.0,0.0,0.0,0.0,1.0,0.0,0.0,0.0,3.0,0.0,0.0,0.0,0.0,39.0,5.0,13.0,0.0,0.0,0.0,0.0,0.0,0.0,0.0,0.0,0.0,37.0,7.0,14.0,0.0,0.0,0.0,0.0,0.0,0.0,0.0,0.0,0.0,40.0,2.0,9.0,0.0,0.0,0.0,0.0,1.0,2.0,0.0,0.0,1.0,0.0,0.0,41.0,4.0,7.0,0.0,0.0,0.0,0.0,0.0,0.0,0.0,0.0,2.0,0.0,0.0,1.0,0.0,0.0,1.0,2.0,0.0,0.0,0.0,0.0,1.0,0.0,1.0,1.0,3.0,2.0,0.0,2.0,1.0,0.0,1.0,1.0,3.0,0.0,3.0,0.0,0.0,0.0,1.0,1.0,10.0,3.0,6.0,1.0,0.0,1.0,3.0,0.0,0.0,0.0,2.0,4.0,0.0,0.0,0.0,0.0,0.0,0.0,0.0,0.0,1.0,4.0,0.0,0.0,0.0,0.0,0.0,0.0,0.0,0.0,0.0,0.0,0.0,0.0,0.0,0.0,0.0,1.0,0.0,1.0,1.0,2.0,0.0,0.0,1.0,0.0,0.0,1.0,0.0,0.0,0.0,0.0,2.0,0.0,0.0,3.0,1.0,0.0,0.0,1.0,1.0,0.0,0.0,2.0,1.0,0.0,2.0,2.0,0.0,0.0,1.0,0.0,1.0,5.0,0.0,0.0,0.0,0.0,3.0,1.0,0.0,0.0,0.0,0.0,0.0,3.0,0.0,2.0,0.0,2.0,0.0,0.0,0.0,24.0,0.0,2.0,10.0,13.0,13.0,12.0,31.0
CHEMBL265552,Ki,16000.0,22.0,4.0,8.0,2.0,0.0,0.0,0.0,0.0,30.0,4.0,11.0,1.0,0.0,0.0,0.0,1.0,0.0,0.0,0.0,0.0,0.0,0.0,24.0,6.0,15.0,3.0,0.0,0.0,0.0,0.0,0.0,19.0,4.0,13.0,4.0,0.0,0.0,0.0,1.0,0.0,0.0,0.0,18.0,3.0,10.0,4.0,0.0,0.0,0.0,0.0,3.0,0.0,0.0,0.0,1.0,22.0,6.0,3.0,1.0,0.0,0.0,0.0,0.0,0.0,0.0,0.0,0.0,3.0,0.0,0.0,0.0,0.0,20.0,7.0,7.0,1.0,0.0,0.0,0.0,0.0,0.0,0.0,0.0,0.0,20.0,6.0,8.0,1.0,0.0,0.0,0.0,0.0,2.0,0.0,0.0,0.0,18.0,4.0,7.0,2.0,0.0,0.0,0.0,0.0,2.0,0.0,0.0,1.0,0.0,0.0,14.0,2.0,9.0,2.0,0.0,0.0,0.0,0.0,2.0,0.0,0.0,0.0,0.0,0.0,0.0,0.0,0.0,0.0,2.0,0.0,0.0,0.0,0.0,0.0,0.0,0.0,1.0,1.0,0.0,0.0,0.0,0.0,0.0,2.0,0.0,2.0,0.0,0.0,2.0,0.0,0.0,2.0,2.0,5.0,2.0,1.0,0.0,0.0,0.0,0.0,0.0,0.0,0.0,1.0,0.0,0.0,0.0,0.0,0.0,0.0,0.0,0.0,0.0,0.0,1.0,0.0,0.0,0.0,0.0,0.0,0.0,0.0,0.0,0.0,0.0,0.0,0.0,0.0,0.0,0.0,0.0,0.0,0.0,0.0,0.0,0.0,0.0,0.0,0.0,0.0,0.0,0.0,0.0,0.0,0.0,0.0,0.0,0.0,0.0,0.0,0.0,0.0,0.0,0.0,0.0,0.0,3.0,1.0,0.0,0.0,0.0,0.0,0.0,0.0,0.0,0.0,6.0,0.0,0.0,0.0,0.0,0.0,0.0,0.0,0.0,0.0,0.0,0.0,1.0,0.0,0.0,0.0,4.0,0.0,1.0,2.0,21.0,2.0,4.0,14.0,9.0,9.0,9.0,22.0
CHEMBL3617573,Ki,30.0,36.0,4.0,3.0,0.0,6.0,1.0,7.0,0.0,50.0,5.0,3.0,0.0,6.0,2.0,8.0,0.0,1.0,0.0,0.0,6.0,6.0,6.0,52.0,7.0,5.0,0.0,12.0,3.0,15.0,0.0,0.0,50.0,6.0,3.0,0.0,15.0,3.0,18.0,2.0,0.0,1.0,0.0,46.0,7.0,4.0,0.0,21.0,4.0,25.0,0.0,0.0,0.0,0.0,0.0,0.0,41.0,7.0,3.0,0.0,15.0,2.0,17.0,0.0,0.0,3.0,0.0,3.0,2.0,0.0,0.0,0.0,0.0,43.0,6.0,6.0,0.0,12.0,3.0,15.0,0.0,0.0,0.0,0.0,0.0,40.0,6.0,8.0,0.0,15.0,3.0,18.0,0.0,0.0,0.0,0.0,0.0,37.0,2.0,3.0,0.0,9.0,5.0,14.0,1.0,1.0,3.0,3.0,0.0,3.0,3.0,36.0,3.0,4.0,0.0,6.0,4.0,10.0,0.0,0.0,3.0,3.0,0.0,0.0,0.0,1.0,1.0,0.0,0.0,3.0,0.0,0.0,0.0,0.0,1.0,0.0,2.0,1.0,3.0,2.0,0.0,1.0,0.0,0.0,1.0,2.0,2.0,0.0,1.0,2.0,1.0,6.0,0.0,1.0,11.0,2.0,4.0,0.0,0.0,0.0,1.0,0.0,0.0,0.0,1.0,2.0,0.0,0.0,0.0,0.0,0.0,0.0,0.0,0.0,1.0,2.0,0.0,0.0,0.0,0.0,0.0,0.0,0.0,0.0,0.0,0.0,0.0,0.0,0.0,0.0,0.0,1.0,0.0,1.0,1.0,1.0,0.0,0.0,1.0,0.0,0.0,1.0,0.0,0.0,0.0,0.0,1.0,1.0,1.0,3.0,1.0,0.0,0.0,1.0,1.0,0.0,0.0,1.0,0.0,6.0,2.0,1.0,0.0,0.0,1.0,0.0,0.0,3.0,0.0,0.0,0.0,0.0,3.0,1.0,1.0,6.0,0.0,0.0,0.0,2.0,0.0,1.0,0.0,2.0,1.0,0.0,0.0,24.0,0.0,2.0,7.0,12.0,12.0,11.0,31.0
CHEMBL3675801,Ki,67.1,28.0,6.0,3.0,0.0,0.0,3.0,3.0,0.0,36.0,8.0,3.0,0.0,0.0,6.0,6.0,0.0,1.0,0.0,0.0,0.0,0.0,0.0,36.0,8.0,4.0,0.0,0.0,7.0,7.0,1.0,1.0,31.0,9.0,3.0,0.0,0.0,6.0,6.0,2.0,0.0,0.0,0.0,30.0,9.0,4.0,0.0,0.0,4.0,4.0,0.0,0.0,0.0,1.0,1.0,0.0,29.0,6.0,3.0,0.0,0.0,6.0,6.0,1.0,0.0,0.0,0.0,0.0,2.0,0.0,0.0,0.0,0.0,27.0,6.0,4.0,0.0,0.0,5.0,5.0,0.0,2.0,0.0,2.0,0.0,23.0,7.0,7.0,0.0,0.0,5.0,5.0,0.0,0.0,0.0,0.0,0.0,24.0,3.0,3.0,0.0,0.0,3.0,3.0,1.0,1.0,0.0,1.0,0.0,0.0,0.0,25.0,3.0,3.0,0.0,0.0,4.0,4.0,0.0,0.0,0.0,1.0,0.0,0.0,1.0,0.0,0.0,0.0,0.0,3.0,0.0,0.0,0.0,0.0,1.0,0.0,2.0,1.0,0.0,2.0,0.0,1.0,0.0,0.0,1.0,0.0,2.0,0.0,1.0,2.0,3.0,0.0,0.0,1.0,5.0,2.0,2.0,0.0,0.0,0.0,0.0,0.0,0.0,0.0,1.0,1.0,0.0,0.0,0.0,0.0,0.0,0.0,0.0,0.0,1.0,0.0,0.0,0.0,0.0,0.0,0.0,0.0,0.0,0.0,0.0,0.0,0.0,0.0,0.0,0.0,0.0,1.0,0.0,1.0,1.0,1.0,0.0,0.0,1.0,0.0,0.0,1.0,0.0,0.0,0.0,0.0,1.0,3.0,3.0,3.0,1.0,0.0,0.0,1.0,1.0,0.0,0.0,1.0,0.0,0.0,2.0,1.0,0.0,0.0,1.0,0.0,0.0,3.0,0.0,0.0,0.0,0.0,0.0,1.0,0.0,0.0,0.0,0.0,0.0,2.0,0.0,1.0,0.0,1.0,3.0,1.0,1.0,24.0,1.0,2.0,9.0,8.0,8.0,8.0,27.0
CHEMBL293907,Ki,6.0,33.0,4.0,6.0,0.0,0.0,0.0,0.0,0.0,41.0,5.0,8.0,0.0,0.0,0.0,0.0,0.0,2.0,0.0,0.0,0.0,0.0,0.0,38.0,7.0,12.0,0.0,0.0,0.0,0.0,0.0,0.0,36.0,5.0,10.0,0.0,0.0,0.0,0.0,2.0,0.0,0.0,0.0,38.0,5.0,10.0,0.0,0.0,0.0,0.0,0.0,0.0,0.0,0.0,0.0,0.0,39.0,5.0,7.0,0.0,0.0,0.0,0.0,0.0,1.0,0.0,0.0,0.0,2.0,0.0,0.0,0.0,0.0,37.0,5.0,9.0,0.0,0.0,0.0,0.0,0.0,0.0,0.0,0.0,0.0,33.0,6.0,10.0,0.0,0.0,0.0,0.0,0.0,0.0,0.0,0.0,1.0,33.0,3.0,7.0,0.0,0.0,0.0,0.0,1.0,2.0,0.0,0.0,1.0,0.0,0.0,32.0,3.0,9.0,0.0,0.0,0.0,0.0,0.0,0.0,0.0,0.0,0.0,0.0,0.0,1.0,0.0,0.0,1.0,8.0,2.0,2.0,2.0,0.0,5.0,3.0,1.0,1.0,1.0,2.0,0.0,2.0,1.0,0.0,1.0,0.0,3.0,0.0,2.0,0.0,0.0,0.0,0.0,1.0,13.0,3.0,10.0,1.0,0.0,1.0,0.0,0.0,0.0,0.0,2.0,9.0,2.0,0.0,0.0,0.0,1.0,0.0,0.0,0.0,3.0,1.0,6.0,1.0,1.0,2.0,5.0,1.0,1.0,4.0,0.0,3.0,2.0,0.0,1.0,1.0,0.0,3.0,0.0,1.0,1.0,2.0,0.0,0.0,1.0,0.0,0.0,1.0,0.0,0.0,0.0,0.0,1.0,0.0,0.0,3.0,1.0,0.0,0.0,1.0,1.0,0.0,0.0,1.0,0.0,0.0,2.0,2.0,0.0,0.0,1.0,0.0,0.0,4.0,1.0,0.0,0.0,0.0,1.0,7.0,1.0,0.0,0.0,0.0,0.0,3.0,0.0,2.0,0.0,2.0,0.0,0.0,1.0,21.0,1.0,2.0,10.0,16.0,16.0,15.0,26.0
CHEMBL1933353,Ki,968.0,22.0,5.0,5.0,0.0,0.0,0.0,0.0,1.0,26.0,9.0,7.0,0.0,0.0,0.0,0.0,0.0,1.0,0.0,0.0,0.0,0.0,0.0,26.0,7.0,8.0,0.0,0.0,0.0,0.0,0.0,2.0,25.0,7.0,7.0,0.0,0.0,0.0,0.0,2.0,0.0,0.0,0.0,26.0,7.0,7.0,0.0,0.0,0.0,0.0,0.0,0.0,0.0,0.0,0.0,0.0,23.0,8.0,6.0,0.0,0.0,0.0,0.0,0.0,0.0,0.0,0.0,0.0,2.0,0.0,0.0,0.0,0.0,20.0,7.0,6.0,0.0,0.0,0.0,0.0,0.0,1.0,0.0,0.0,1.0,20.0,4.0,8.0,0.0,0.0,0.0,0.0,0.0,0.0,0.0,0.0,0.0,20.0,5.0,6.0,0.0,0.0,0.0,0.0,0.0,0.0,0.0,0.0,0.0,0.0,0.0,20.0,0.0,3.0,0.0,0.0,0.0,0.0,2.0,2.0,0.0,0.0,0.0,0.0,0.0,1.0,0.0,0.0,0.0,4.0,1.0,0.0,0.0,0.0,2.0,0.0,1.0,1.0,2.0,1.0,0.0,1.0,0.0,0.0,1.0,0.0,2.0,0.0,2.0,0.0,0.0,0.0,1.0,1.0,9.0,2.0,5.0,0.0,0.0,0.0,0.0,0.0,0.0,0.0,1.0,3.0,0.0,0.0,0.0,0.0,0.0,0.0,0.0,0.0,1.0,1.0,1.0,0.0,0.0,1.0,0.0,0.0,0.0,0.0,0.0,0.0,0.0,0.0,0.0,0.0,0.0,1.0,0.0,1.0,2.0,1.0,0.0,0.0,1.0,0.0,0.0,1.0,0.0,0.0,0.0,0.0,2.0,0.0,0.0,2.0,1.0,0.0,0.0,1.0,0.0,0.0,0.0,2.0,0.0,0.0,1.0,1.0,0.0,0.0,1.0,0.0,0.0,4.0,0.0,0.0,0.0,0.0,2.0,3.0,0.0,0.0,0.0,0.0,0.0,2.0,0.0,1.0,0.0,2.0,0.0,1.0,2.0,17.0,2.0,2.0,10.0,11.0,11.0,10.0,20.0
CHEMBL424134,Ki,18000.0,21.0,4.0,5.0,2.0,0.0,0.0,0.0,0.0,27.0,4.0,9.0,1.0,0.0,0.0,0.0,1.0,0.0,0.0,0.0,0.0,0.0,0.0,21.0,6.0,10.0,3.0,0.0,0.0,0.0,0.0,0.0,15.0,4.0,9.0,4.0,0.0,0.0,0.0,1.0,0.0,0.0,0.0,16.0,3.0,5.0,4.0,0.0,0.0,0.0,0.0,3.0,0.0,0.0,0.0,1.0,19.0,6.0,3.0,1.0,0.0,0.0,0.0,0.0,0.0,0.0,0.0,0.0,1.0,0.0,0.0,0.0,0.0,18.0,7.0,4.0,1.0,0.0,0.0,0.0,0.0,0.0,0.0,0.0,0.0,17.0,6.0,4.0,1.0,0.0,0.0,0.0,0.0,2.0,0.0,0.0,0.0,15.0,3.0,3.0,2.0,0.0,0.0,0.0,0.0,2.0,0.0,0.0,1.0,0.0,0.0,11.0,1.0,7.0,2.0,0.0,0.0,0.0,0.0,0.0,0.0,0.0,0.0,0.0,0.0,0.0,0.0,0.0,0.0,2.0,0.0,0.0,0.0,0.0,0.0,0.0,0.0,1.0,0.0,0.0,0.0,0.0,0.0,0.0,2.0,0.0,1.0,0.0,0.0,2.0,0.0,0.0,1.0,2.0,3.0,1.0,1.0,0.0,0.0,0.0,0.0,0.0,0.0,0.0,1.0,0.0,0.0,0.0,0.0,0.0,0.0,0.0,0.0,0.0,0.0,1.0,0.0,0.0,0.0,0.0,0.0,0.0,0.0,0.0,0.0,0.0,0.0,0.0,0.0,0.0,0.0,0.0,0.0,0.0,0.0,0.0,0.0,0.0,0.0,0.0,0.0,0.0,0.0,0.0,0.0,0.0,0.0,0.0,0.0,0.0,0.0,0.0,0.0,0.0,0.0,0.0,0.0,1.0,1.0,0.0,0.0,0.0,0.0,0.0,0.0,0.0,0.0,4.0,0.0,0.0,0.0,0.0,0.0,0.0,0.0,0.0,0.0,0.0,0.0,0.0,0.0,0.0,0.0,2.0,0.0,1.0,2.0,21.0,2.0,2.0,11.0,8.0,8.0,7.0,21.0
CHEMBL2381847,Ki,64.0,24.0,5.0,5.0,0.0,3.0,0.0,3.0,1.0,30.0,9.0,7.0,0.0,3.0,0.0,3.0,0.0,1.0,0.0,0.0,3.0,3.0,3.0,28.0,11.0,10.0,0.0,6.0,0.0,6.0,0.0,0.0,32.0,7.0,9.0,0.0,0.0,0.0,0.0,2.0,6.0,6.0,0.0,38.0,2.0,5.0,0.0,3.0,0.0,3.0,0.0,1.0,0.0,0.0,0.0,0.0,34.0,2.0,5.0,0.0,6.0,0.0,6.0,0.0,1.0,0.0,0.0,0.0,2.0,0.0,0.0,0.0,0.0,26.0,4.0,7.0,0.0,12.0,0.0,12.0,0.0,1.0,0.0,0.0,1.0,21.0,7.0,8.0,0.0,3.0,0.0,3.0,0.0,0.0,0.0,0.0,0.0,17.0,9.0,6.0,0.0,0.0,0.0,0.0,0.0,0.0,0.0,0.0,0.0,3.0,3.0,20.0,6.0,5.0,0.0,3.0,0.0,3.0,0.0,0.0,0.0,0.0,0.0,0.0,0.0,1.0,0.0,0.0,0.0,4.0,1.0,0.0,0.0,0.0,2.0,0.0,1.0,1.0,3.0,1.0,0.0,1.0,0.0,0.0,1.0,1.0,2.0,0.0,1.0,0.0,0.0,3.0,1.0,1.0,11.0,2.0,5.0,0.0,0.0,0.0,0.0,0.0,0.0,0.0,1.0,3.0,0.0,0.0,0.0,0.0,0.0,0.0,0.0,0.0,1.0,1.0,1.0,0.0,0.0,1.0,0.0,0.0,0.0,0.0,0.0,0.0,0.0,0.0,0.0,0.0,0.0,1.0,0.0,1.0,2.0,1.0,0.0,0.0,1.0,0.0,0.0,1.0,0.0,0.0,0.0,0.0,2.0,0.0,0.0,2.0,1.0,0.0,0.0,1.0,0.0,0.0,0.0,2.0,1.0,3.0,1.0,1.0,0.0,0.0,1.0,0.0,0.0,4.0,0.0,0.0,0.0,0.0,3.0,3.0,0.0,3.0,0.0,0.0,0.0,2.0,0.0,1.0,0.0,2.0,0.0,1.0,2.0,17.0,2.0,2.0,10.0,12.0,12.0,11.0,21.0
CHEMBL2381837,Ki,1400.0,21.0,5.0,5.0,0.0,3.0,0.0,3.0,1.0,25.0,9.0,7.0,0.0,3.0,0.0,3.0,0.0,1.0,0.0,0.0,3.0,3.0,3.0,23.0,9.0,10.0,0.0,6.0,0.0,6.0,0.0,0.0,26.0,5.0,6.0,0.0,0.0,0.0,0.0,2.0,6.0,6.0,0.0,29.0,2.0,5.0,0.0,3.0,0.0,3.0,0.0,1.0,0.0,0.0,0.0,0.0,24.0,2.0,5.0,0.0,6.0,0.0,6.0,0.0,1.0,0.0,0.0,0.0,2.0,0.0,0.0,0.0,0.0,17.0,4.0,7.0,0.0,6.0,0.0,6.0,0.0,1.0,0.0,0.0,1.0,13.0,7.0,8.0,0.0,3.0,0.0,3.0,0.0,0.0,0.0,0.0,0.0,15.0,7.0,5.0,0.0,0.0,0.0,0.0,0.0,0.0,0.0,0.0,0.0,3.0,3.0,16.0,5.0,5.0,0.0,3.0,0.0,3.0,0.0,0.0,0.0,0.0,0.0,0.0,0.0,1.0,0.0,0.0,0.0,3.0,1.0,0.0,0.0,0.0,1.0,0.0,1.0,1.0,1.0,1.0,0.0,1.0,0.0,0.0,1.0,1.0,2.0,0.0,2.0,0.0,0.0,3.0,1.0,1.0,8.0,2.0,4.0,0.0,0.0,0.0,0.0,0.0,0.0,0.0,1.0,2.0,0.0,0.0,0.0,0.0,0.0,0.0,0.0,0.0,1.0,1.0,0.0,0.0,0.0,1.0,0.0,0.0,0.0,0.0,0.0,0.0,0.0,0.0,0.0,0.0,0.0,1.0,0.0,1.0,2.0,1.0,0.0,0.0,1.0,0.0,0.0,1.0,0.0,0.0,0.0,0.0,2.0,0.0,0.0,2.0,1.0,0.0,0.0,1.0,0.0,0.0,0.0,2.0,1.0,3.0,1.0,1.0,0.0,0.0,1.0,0.0,0.0,4.0,0.0,0.0,0.0,0.0,1.0,2.0,0.0,3.0,0.0,0.0,0.0,2.0,0.0,1.0,0.0,2.0,0.0,1.0,2.0,17.0,2.0,2.0,10.0,9.0,9.0,10.0,21.0
CHEMBL2381835,Ki,720.0,22.0,5.0,5.0,0.0,3.0,0.0,3.0,1.0,27.0,9.0,7.0,0.0,3.0,0.0,3.0,0.0,1.0,0.0,0.0,3.0,3.0,3.0,24.0,9.0,11.0,0.0,6.0,0.0,6.0,0.0,0.0,29.0,5.0,6.0,0.0,0.0,0.0,0.0,2.0,6.0,6.0,0.0,33.0,2.0,5.0,0.0,3.0,0.0,3.0,0.0,1.0,0.0,0.0,0.0,0.0,27.0,2.0,5.0,0.0,6.0,0.0,6.0,0.0,1.0,0.0,0.0,0.0,2.0,0.0,0.0,0.0,0.0,19.0,4.0,7.0,0.0,6.0,0.0,6.0,0.0,1.0,0.0,0.0,1.0,13.0,9.0,9.0,0.0,3.0,0.0,3.0,0.0,0.0,0.0,0.0,0.0,17.0,8.0,5.0,0.0,0.0,0.0,0.0,0.0,0.0,0.0,0.0,0.0,3.0,3.0,19.0,5.0,5.0,0.0,3.0,0.0,3.0,0.0,0.0,0.0,0.0,0.0,0.0,0.0,2.0,1.0,0.0,0.0,2.0,0.0,0.0,0.0,0.0,1.0,0.0,1.0,1.0,2.0,1.0,0.0,1.0,0.0,0.0,1.0,1.0,2.0,0.0,2.0,0.0,0.0,3.0,1.0,1.0,9.0,2.0,5.0,0.0,0.0,1.0,0.0,0.0,0.0,0.0,1.0,4.0,0.0,0.0,0.0,0.0,0.0,0.0,0.0,0.0,1.0,1.0,0.0,0.0,0.0,2.0,0.0,0.0,0.0,0.0,0.0,0.0,0.0,0.0,0.0,0.0,0.0,1.0,0.0,1.0,3.0,1.0,0.0,0.0,1.0,0.0,0.0,1.0,0.0,0.0,0.0,0.0,2.0,0.0,0.0,2.0,1.0,0.0,0.0,1.0,0.0,0.0,0.0,2.0,1.0,3.0,1.0,1.0,0.0,0.0,1.0,0.0,0.0,4.0,0.0,0.0,0.0,0.0,2.0,1.0,1.0,3.0,0.0,0.0,0.0,2.0,0.0,1.0,0.0,2.0,0.0,1.0,2.0,17.0,2.0,2.0,10.0,10.0,10.0,10.0,22.0
CHEMBL2381831,Ki,700.0,24.0,5.0,5.0,0.0,3.0,0.0,3.0,1.0,28.0,9.0,7.0,0.0,3.0,0.0,3.0,0.0,1.0,0.0,0.0,3.0,3.0,3.0,25.0,9.0,11.0,0.0,6.0,0.0,6.0,0.0,0.0,30.0,5.0,7.0,0.0,0.0,0.0,0.0,2.0,6.0,6.0,0.0,36.0,2.0,5.0,0.0,3.0,0.0,3.0,0.0,1.0,0.0,0.0,0.0,0.0,31.0,2.0,5.0,0.0,6.0,0.0,6.0,0.0,1.0,0.0,0.0,0.0,2.0,0.0,0.0,0.0,0.0,22.0,4.0,7.0,0.0,6.0,0.0,6.0,0.0,1.0,0.0,0.0,1.0,15.0,9.0,9.0,0.0,3.0,0.0,3.0,0.0,0.0,0.0,0.0,0.0,17.0,10.0,6.0,0.0,0.0,0.0,0.0,0.0,0.0,0.0,0.0,0.0,3.0,3.0,21.0,6.0,5.0,0.0,3.0,0.0,3.0,0.0,0.0,0.0,0.0,0.0,0.0,0.0,2.0,0.0,0.0,0.0,5.0,1.0,0.0,0.0,0.0,2.0,0.0,1.0,1.0,0.0,1.0,0.0,1.0,0.0,0.0,1.0,1.0,2.0,0.0,2.0,0.0,0.0,3.0,1.0,1.0,10.0,2.0,7.0,0.0,0.0,1.0,0.0,0.0,0.0,0.0,1.0,7.0,0.0,0.0,0.0,0.0,1.0,0.0,0.0,0.0,1.0,1.0,3.0,0.0,0.0,2.0,1.0,0.0,0.0,0.0,0.0,0.0,0.0,0.0,0.0,0.0,0.0,1.0,0.0,1.0,3.0,1.0,0.0,0.0,1.0,0.0,0.0,1.0,0.0,0.0,0.0,0.0,2.0,0.0,0.0,2.0,1.0,0.0,0.0,1.0,0.0,0.0,0.0,2.0,1.0,3.0,1.0,1.0,0.0,0.0,1.0,0.0,0.0,4.0,0.0,0.0,0.0,0.0,0.0,4.0,1.0,3.0,0.0,0.0,0.0,2.0,0.0,1.0,0.0,2.0,0.0,1.0,2.0,17.0,2.0,2.0,10.0,12.0,12.0,10.0,22.0
CHEMBL3617569,Ki,14.0,27.0,6.0,3.0,0.0,1.0,0.0,1.0,0.0,36.0,8.0,3.0,0.0,2.0,0.0,2.0,1.0,1.0,0.0,0.0,0.0,0.0,0.0,29.0,15.0,5.0,0.0,2.0,0.0,2.0,0.0,0.0,31.0,10.0,3.0,0.0,2.0,0.0,2.0,2.0,0.0,0.0,0.0,34.0,10.0,4.0,0.0,1.0,0.0,1.0,0.0,0.0,1.0,0.0,1.0,0.0,39.0,6.0,3.0,0.0,2.0,0.0,2.0,0.0,0.0,0.0,0.0,0.0,2.0,0.0,0.0,0.0,0.0,37.0,4.0,5.0,0.0,0.0,0.0,0.0,1.0,1.0,1.0,1.0,0.0,32.0,5.0,7.0,0.0,1.0,0.0,1.0,0.0,0.0,0.0,0.0,0.0,26.0,3.0,4.0,0.0,2.0,0.0,2.0,1.0,1.0,0.0,0.0,0.0,0.0,0.0,17.0,7.0,7.0,0.0,4.0,0.0,4.0,0.0,0.0,0.0,0.0,0.0,0.0,0.0,2.0,0.0,0.0,0.0,4.0,1.0,0.0,0.0,0.0,1.0,0.0,1.0,1.0,3.0,2.0,1.0,1.0,0.0,0.0,1.0,1.0,2.0,0.0,1.0,1.0,0.0,1.0,0.0,1.0,12.0,2.0,9.0,0.0,0.0,5.0,0.0,0.0,0.0,0.0,1.0,12.0,0.0,0.0,0.0,1.0,5.0,0.0,0.0,0.0,1.0,1.0,7.0,0.0,0.0,2.0,7.0,0.0,0.0,0.0,0.0,0.0,0.0,0.0,5.0,2.0,0.0,3.0,0.0,1.0,1.0,2.0,0.0,0.0,1.0,0.0,0.0,1.0,0.0,0.0,0.0,0.0,1.0,0.0,0.0,3.0,1.0,0.0,0.0,1.0,0.0,0.0,0.0,1.0,0.0,1.0,2.0,1.0,0.0,0.0,1.0,0.0,0.0,3.0,0.0,0.0,0.0,0.0,3.0,3.0,1.0,0.0,0.0,0.0,0.0,2.0,0.0,1.0,0.0,2.0,0.0,1.0,1.0,16.0,1.0,2.0,9.0,16.0,16.0,9.0,22.0
CHEMBL3675804,Ki,94.3,28.0,6.0,3.0,0.0,0.0,2.0,2.0,0.0,36.0,8.0,3.0,0.0,0.0,4.0,4.0,0.0,1.0,0.0,0.0,0.0,0.0,0.0,36.0,8.0,4.0,0.0,0.0,4.0,4.0,1.0,1.0,31.0,9.0,3.0,0.0,0.0,3.0,3.0,2.0,0.0,0.0,0.0,30.0,9.0,4.0,0.0,0.0,3.0,3.0,0.0,0.0,0.0,0.0,0.0,0.0,29.0,6.0,3.0,0.0,0.0,4.0,4.0,1.0,0.0,0.0,0.0,0.0,2.0,0.0,0.0,0.0,0.0,27.0,6.0,4.0,0.0,0.0,3.0,3.0,0.0,2.0,0.0,0.0,0.0,23.0,7.0,7.0,0.0,0.0,1.0,1.0,0.0,0.0,0.0,1.0,0.0,24.0,3.0,3.0,0.0,0.0,1.0,1.0,1.0,1.0,0.0,1.0,0.0,0.0,0.0,25.0,3.0,3.0,0.0,0.0,2.0,2.0,0.0,0.0,0.0,0.0,0.0,0.0,0.0,0.0,0.0,0.0,0.0,3.0,0.0,0.0,0.0,0.0,1.0,0.0,2.0,1.0,0.0,2.0,0.0,1.0,0.0,0.0,1.0,0.0,2.0,0.0,1.0,1.0,2.0,0.0,0.0,1.0,5.0,2.0,2.0,0.0,0.0,0.0,0.0,0.0,0.0,0.0,1.0,1.0,0.0,0.0,0.0,0.0,0.0,0.0,0.0,0.0,1.0,0.0,0.0,0.0,0.0,0.0,0.0,0.0,0.0,0.0,0.0,0.0,0.0,0.0,0.0,0.0,0.0,1.0,0.0,1.0,1.0,1.0,0.0,0.0,1.0,0.0,0.0,1.0,0.0,0.0,0.0,0.0,1.0,2.0,2.0,3.0,1.0,0.0,0.0,1.0,1.0,0.0,0.0,1.0,0.0,0.0,2.0,1.0,0.0,0.0,1.0,0.0,0.0,3.0,0.0,0.0,0.0,0.0,0.0,1.0,0.0,0.0,0.0,0.0,0.0,2.0,0.0,1.0,0.0,1.0,2.0,1.0,1.0,24.0,1.0,2.0,9.0,8.0,8.0,8.0,27.0
CHEMBL3675808,Ki,53.0,28.0,6.0,3.0,0.0,1.0,2.0,3.0,0.0,36.0,8.0,3.0,0.0,2.0,4.0,6.0,0.0,1.0,0.0,0.0,0.0,0.0,0.0,36.0,8.0,4.0,0.0,2.0,4.0,6.0,1.0,1.0,31.0,9.0,3.0,0.0,3.0,3.0,6.0,2.0,0.0,0.0,0.0,30.0,9.0,4.0,0.0,3.0,4.0,7.0,0.0,0.0,0.0,0.0,0.0,0.0,29.0,6.0,3.0,0.0,4.0,3.0,7.0,1.0,0.0,0.0,2.0,2.0,2.0,0.0,0.0,0.0,0.0,27.0,6.0,4.0,0.0,4.0,4.0,8.0,0.0,2.0,0.0,0.0,0.0,23.0,7.0,7.0,0.0,3.0,4.0,7.0,0.0,0.0,0.0,0.0,0.0,24.0,3.0,3.0,0.0,1.0,2.0,3.0,1.0,1.0,1.0,3.0,0.0,0.0,1.0,25.0,3.0,3.0,0.0,1.0,3.0,4.0,0.0,0.0,0.0,0.0,0.0,0.0,0.0,0.0,0.0,0.0,0.0,3.0,0.0,0.0,0.0,0.0,1.0,0.0,2.0,1.0,0.0,2.0,0.0,1.0,0.0,0.0,1.0,0.0,2.0,0.0,1.0,2.0,2.0,1.0,0.0,1.0,5.0,2.0,2.0,0.0,0.0,0.0,0.0,0.0,0.0,0.0,1.0,1.0,0.0,0.0,0.0,0.0,0.0,0.0,0.0,0.0,1.0,0.0,0.0,0.0,0.0,0.0,0.0,0.0,0.0,0.0,0.0,0.0,0.0,0.0,0.0,0.0,0.0,1.0,0.0,1.0,1.0,1.0,0.0,0.0,1.0,0.0,0.0,1.0,0.0,0.0,0.0,0.0,1.0,2.0,2.0,3.0,1.0,0.0,0.0,1.0,1.0,0.0,0.0,1.0,0.0,1.0,2.0,1.0,0.0,0.0,1.0,0.0,0.0,3.0,0.0,0.0,0.0,0.0,0.0,1.0,0.0,0.0,0.0,0.0,0.0,2.0,0.0,1.0,0.0,1.0,2.0,1.0,1.0,24.0,1.0,2.0,9.0,8.0,8.0,8.0,27.0
CHEMBL3675812,Ki,43.8,28.0,6.0,4.0,0.0,0.0,2.0,2.0,0.0,36.0,8.0,4.0,0.0,0.0,4.0,4.0,0.0,2.0,0.0,0.0,0.0,0.0,0.0,36.0,8.0,7.0,0.0,0.0,4.0,4.0,1.0,1.0,31.0,9.0,8.0,0.0,0.0,3.0,3.0,2.0,0.0,0.0,0.0,30.0,9.0,9.0,0.0,0.0,4.0,4.0,0.0,0.0,0.0,0.0,0.0,0.0,29.0,6.0,5.0,0.0,0.0,3.0,3.0,1.0,1.0,0.0,2.0,2.0,2.0,1.0,0.0,0.0,0.0,27.0,6.0,6.0,0.0,0.0,4.0,4.0,0.0,2.0,0.0,0.0,0.0,23.0,7.0,10.0,0.0,0.0,4.0,4.0,0.0,0.0,0.0,0.0,0.0,24.0,3.0,5.0,0.0,0.0,2.0,2.0,1.0,2.0,0.0,2.0,1.0,0.0,1.0,25.0,3.0,5.0,0.0,0.0,3.0,3.0,0.0,0.0,0.0,0.0,0.0,0.0,0.0,0.0,0.0,0.0,0.0,2.0,0.0,0.0,0.0,0.0,1.0,0.0,1.0,1.0,0.0,2.0,0.0,2.0,0.0,0.0,1.0,0.0,3.0,0.0,2.0,1.0,2.0,0.0,0.0,1.0,5.0,3.0,2.0,0.0,0.0,0.0,0.0,0.0,0.0,0.0,1.0,1.0,0.0,0.0,0.0,0.0,0.0,0.0,0.0,0.0,1.0,0.0,0.0,0.0,0.0,0.0,0.0,0.0,0.0,0.0,0.0,0.0,0.0,0.0,0.0,0.0,0.0,1.0,0.0,1.0,1.0,1.0,0.0,0.0,1.0,0.0,0.0,1.0,0.0,0.0,0.0,0.0,1.0,2.0,2.0,3.0,1.0,0.0,0.0,1.0,1.0,0.0,0.0,1.0,0.0,0.0,2.0,2.0,0.0,0.0,1.0,0.0,0.0,4.0,0.0,0.0,0.0,0.0,0.0,1.0,0.0,0.0,0.0,0.0,0.0,3.0,0.0,2.0,0.0,4.0,2.0,1.0,1.0,24.0,1.0,4.0,10.0,7.0,7.0,8.0,28.0
CHEMBL3675813,Ki,1478.1,28.0,7.0,3.0,0.0,0.0,2.0,2.0,0.0,38.0,8.0,3.0,0.0,0.0,4.0,4.0,0.0,1.0,0.0,0.0,0.0,0.0,0.0,39.0,8.0,4.0,0.0,0.0,4.0,4.0,1.0,1.0,35.0,9.0,3.0,0.0,0.0,3.0,3.0,2.0,0.0,0.0,0.0,34.0,9.0,4.0,0.0,0.0,4.0,4.0,0.0,0.0,0.0,0.0,0.0,0.0,33.0,6.0,3.0,0.0,0.0,3.0,3.0,1.0,0.0,0.0,2.0,2.0,2.0,0.0,0.0,0.0,0.0,30.0,7.0,4.0,0.0,0.0,5.0,5.0,0.0,2.0,0.0,0.0,0.0,26.0,7.0,7.0,0.0,0.0,4.0,4.0,0.0,0.0,0.0,0.0,0.0,26.0,3.0,3.0,0.0,0.0,2.0,2.0,1.0,1.0,0.0,2.0,0.0,0.0,1.0,25.0,4.0,4.0,0.0,0.0,4.0,4.0,0.0,0.0,0.0,0.0,0.0,0.0,0.0,0.0,0.0,0.0,0.0,3.0,0.0,0.0,0.0,0.0,1.0,0.0,1.0,1.0,1.0,1.0,0.0,1.0,0.0,0.0,1.0,0.0,2.0,0.0,2.0,1.0,2.0,0.0,0.0,1.0,6.0,2.0,2.0,0.0,0.0,0.0,0.0,0.0,0.0,0.0,1.0,1.0,0.0,0.0,0.0,0.0,0.0,0.0,0.0,0.0,1.0,0.0,0.0,0.0,0.0,0.0,0.0,0.0,0.0,0.0,0.0,0.0,0.0,0.0,0.0,0.0,0.0,1.0,0.0,1.0,1.0,1.0,0.0,0.0,1.0,0.0,0.0,1.0,0.0,0.0,0.0,0.0,1.0,2.0,2.0,4.0,2.0,0.0,0.0,1.0,2.0,0.0,0.0,1.0,0.0,0.0,2.0,1.0,0.0,0.0,1.0,0.0,0.0,3.0,0.0,0.0,0.0,0.0,0.0,1.0,0.0,0.0,0.0,0.0,0.0,2.0,0.0,1.0,0.0,1.0,2.0,1.0,1.0,24.0,1.0,2.0,10.0,8.0,8.0,8.0,27.0
CHEMBL3675817,Ki,25.2,30.0,6.0,3.0,0.0,3.0,1.0,4.0,0.0,40.0,8.0,3.0,0.0,3.0,2.0,5.0,0.0,1.0,0.0,0.0,3.0,3.0,3.0,41.0,8.0,4.0,0.0,6.0,2.0,8.0,1.0,1.0,36.0,9.0,3.0,0.0,6.0,2.0,8.0,2.0,0.0,0.0,0.0,35.0,9.0,4.0,0.0,6.0,1.0,7.0,0.0,0.0,0.0,0.0,0.0,0.0,31.0,8.0,3.0,0.0,9.0,2.0,11.0,1.0,0.0,0.0,0.0,0.0,2.0,0.0,0.0,0.0,0.0,29.0,7.0,4.0,0.0,3.0,2.0,5.0,0.0,2.0,6.0,6.0,0.0,27.0,7.0,7.0,0.0,6.0,1.0,7.0,0.0,0.0,0.0,0.0,0.0,27.0,4.0,4.0,0.0,9.0,0.0,9.0,1.0,1.0,0.0,1.0,0.0,0.0,0.0,29.0,3.0,3.0,0.0,6.0,1.0,7.0,0.0,0.0,3.0,3.0,0.0,3.0,3.0,0.0,0.0,0.0,0.0,3.0,0.0,0.0,0.0,0.0,1.0,0.0,2.0,1.0,1.0,2.0,0.0,1.0,0.0,0.0,1.0,1.0,2.0,0.0,1.0,2.0,1.0,3.0,0.0,1.0,7.0,2.0,2.0,0.0,0.0,0.0,0.0,0.0,0.0,0.0,1.0,1.0,0.0,0.0,0.0,0.0,0.0,0.0,0.0,0.0,1.0,0.0,0.0,0.0,0.0,0.0,0.0,0.0,0.0,0.0,0.0,0.0,0.0,0.0,0.0,0.0,0.0,1.0,0.0,1.0,1.0,1.0,0.0,0.0,1.0,0.0,0.0,1.0,0.0,0.0,0.0,0.0,1.0,1.0,1.0,3.0,1.0,0.0,0.0,1.0,1.0,0.0,0.0,1.0,0.0,3.0,2.0,1.0,0.0,0.0,1.0,0.0,0.0,3.0,0.0,0.0,0.0,0.0,1.0,1.0,0.0,3.0,0.0,0.0,0.0,2.0,0.0,1.0,0.0,1.0,1.0,1.0,1.0,24.0,1.0,2.0,9.0,9.0,9.0,9.0,28.0
CHEMBL3675847,Ki,193.9,28.0,6.0,5.0,0.0,0.0,2.0,2.0,0.0,37.0,8.0,5.0,0.0,0.0,4.0,4.0,0.0,1.0,0.0,0.0,0.0,0.0,0.0,38.0,8.0,6.0,0.0,0.0,5.0,5.0,1.0,1.0,33.0,9.0,5.0,0.0,0.0,4.0,4.0,2.0,0.0,0.0,0.0,32.0,9.0,5.0,0.0,0.0,3.0,3.0,0.0,1.0,0.0,0.0,0.0,0.0,30.0,7.0,6.0,0.0,0.0,3.0,3.0,1.0,0.0,0.0,0.0,0.0,2.0,0.0,0.0,0.0,0.0,30.0,6.0,7.0,0.0,0.0,2.0,2.0,0.0,3.0,0.0,1.0,0.0,26.0,8.0,10.0,0.0,0.0,2.0,2.0,0.0,0.0,0.0,0.0,0.0,27.0,3.0,5.0,0.0,0.0,1.0,1.0,1.0,1.0,0.0,1.0,0.0,0.0,0.0,27.0,3.0,4.0,0.0,0.0,3.0,3.0,0.0,1.0,0.0,0.0,1.0,0.0,0.0,0.0,0.0,0.0,0.0,3.0,0.0,0.0,0.0,0.0,1.0,0.0,2.0,1.0,1.0,2.0,0.0,1.0,0.0,0.0,1.0,0.0,2.0,0.0,1.0,2.0,2.0,0.0,1.0,1.0,6.0,2.0,2.0,0.0,0.0,0.0,0.0,0.0,0.0,0.0,1.0,1.0,0.0,0.0,0.0,0.0,0.0,0.0,0.0,0.0,1.0,0.0,0.0,0.0,0.0,0.0,0.0,0.0,0.0,0.0,0.0,0.0,0.0,0.0,0.0,0.0,0.0,1.0,0.0,1.0,1.0,1.0,0.0,0.0,1.0,0.0,0.0,1.0,0.0,0.0,0.0,0.0,1.0,2.0,2.0,3.0,1.0,0.0,0.0,1.0,1.0,0.0,0.0,2.0,1.0,0.0,2.0,1.0,0.0,0.0,1.0,0.0,0.0,4.0,0.0,0.0,0.0,0.0,0.0,1.0,0.0,0.0,0.0,0.0,0.0,2.0,0.0,1.0,0.0,1.0,2.0,1.0,1.0,24.0,1.0,2.0,11.0,9.0,9.0,9.0,27.0
CHEMBL3680838,Ki,39.0,29.0,6.0,3.0,0.0,3.0,3.0,6.0,0.0,38.0,8.0,3.0,0.0,3.0,6.0,9.0,0.0,1.0,0.0,0.0,3.0,3.0,3.0,38.0,8.0,4.0,0.0,6.0,8.0,14.0,1.0,1.0,33.0,9.0,3.0,0.0,6.0,6.0,12.0,2.0,0.0,1.0,0.0,32.0,9.0,4.0,0.0,6.0,7.0,13.0,0.0,0.0,0.0,0.0,0.0,0.0,31.0,6.0,3.0,0.0,6.0,6.0,12.0,1.0,0.0,0.0,2.0,2.0,2.0,0.0,0.0,0.0,0.0,28.0,6.0,4.0,0.0,6.0,6.0,12.0,0.0,2.0,0.0,0.0,0.0,23.0,8.0,7.0,0.0,3.0,7.0,10.0,0.0,0.0,0.0,0.0,0.0,25.0,3.0,3.0,0.0,0.0,5.0,5.0,1.0,1.0,3.0,5.0,0.0,0.0,1.0,26.0,3.0,3.0,0.0,3.0,4.0,7.0,0.0,0.0,0.0,1.0,0.0,0.0,0.0,0.0,0.0,0.0,0.0,3.0,0.0,0.0,0.0,0.0,1.0,0.0,2.0,1.0,0.0,2.0,0.0,1.0,0.0,0.0,1.0,1.0,2.0,0.0,0.0,3.0,3.0,3.0,0.0,1.0,6.0,2.0,2.0,0.0,0.0,0.0,0.0,0.0,0.0,0.0,1.0,1.0,0.0,0.0,0.0,0.0,0.0,0.0,0.0,0.0,1.0,0.0,0.0,0.0,0.0,0.0,0.0,0.0,0.0,0.0,0.0,0.0,0.0,0.0,0.0,0.0,0.0,1.0,0.0,1.0,1.0,1.0,0.0,0.0,1.0,0.0,0.0,1.0,0.0,0.0,0.0,0.0,1.0,3.0,3.0,3.0,1.0,0.0,0.0,1.0,1.0,0.0,0.0,1.0,0.0,3.0,2.0,1.0,0.0,0.0,1.0,0.0,0.0,3.0,0.0,0.0,0.0,0.0,0.0,1.0,0.0,3.0,0.0,0.0,0.0,2.0,0.0,1.0,0.0,1.0,3.0,1.0,1.0,24.0,1.0,2.0,9.0,8.0,8.0,9.0,28.0
CHEMBL3680840,Ki,36.0,28.0,6.0,3.0,0.0,1.0,3.0,4.0,0.0,36.0,8.0,3.0,0.0,2.0,6.0,8.0,0.0,1.0,0.0,0.0,0.0,0.0,0.0,36.0,8.0,4.0,0.0,2.0,7.0,9.0,1.0,1.0,31.0,9.0,3.0,0.0,1.0,7.0,8.0,2.0,0.0,1.0,0.0,30.0,9.0,4.0,0.0,1.0,8.0,9.0,0.0,0.0,0.0,0.0,0.0,0.0,29.0,6.0,3.0,0.0,2.0,5.0,7.0,1.0,0.0,0.0,2.0,2.0,2.0,0.0,0.0,0.0,1.0,27.0,6.0,4.0,0.0,2.0,5.0,7.0,0.0,2.0,0.0,0.0,0.0,23.0,7.0,7.0,0.0,1.0,6.0,7.0,0.0,0.0,0.0,1.0,0.0,24.0,3.0,3.0,0.0,0.0,6.0,6.0,1.0,1.0,1.0,2.0,0.0,0.0,1.0,25.0,3.0,3.0,0.0,1.0,4.0,5.0,0.0,0.0,0.0,1.0,0.0,0.0,0.0,0.0,0.0,0.0,0.0,3.0,0.0,0.0,0.0,0.0,1.0,0.0,2.0,1.0,0.0,2.0,0.0,1.0,0.0,0.0,1.0,0.0,2.0,0.0,0.0,3.0,3.0,1.0,0.0,1.0,5.0,2.0,2.0,0.0,0.0,0.0,0.0,0.0,0.0,0.0,1.0,1.0,0.0,0.0,0.0,0.0,0.0,0.0,0.0,0.0,1.0,0.0,0.0,0.0,0.0,0.0,0.0,0.0,0.0,0.0,0.0,0.0,0.0,0.0,0.0,0.0,0.0,1.0,0.0,1.0,1.0,1.0,0.0,0.0,1.0,0.0,0.0,1.0,0.0,0.0,0.0,0.0,1.0,3.0,3.0,3.0,1.0,0.0,0.0,1.0,1.0,0.0,0.0,1.0,0.0,1.0,2.0,1.0,0.0,0.0,1.0,0.0,0.0,3.0,0.0,0.0,0.0,0.0,0.0,1.0,0.0,0.0,0.0,0.0,0.0,2.0,0.0,1.0,0.0,1.0,3.0,1.0,1.0,24.0,1.0,2.0,9.0,8.0,8.0,8.0,27.0
CHEMBL3675807,Ki,41.2,28.0,6.0,3.0,0.0,1.0,3.0,4.0,0.0,36.0,8.0,3.0,0.0,2.0,6.0,8.0,0.0,1.0,0.0,0.0,0.0,0.0,0.0,36.0,8.0,4.0,0.0,2.0,7.0,9.0,1.0,1.0,31.0,9.0,3.0,0.0,3.0,6.0,9.0,2.0,0.0,0.0,0.0,30.0,9.0,4.0,0.0,3.0,6.0,9.0,0.0,0.0,0.0,0.0,0.0,0.0,29.0,6.0,3.0,0.0,4.0,4.0,8.0,1.0,0.0,0.0,2.0,2.0,2.0,0.0,0.0,1.0,1.0,27.0,6.0,4.0,0.0,4.0,4.0,8.0,0.0,2.0,0.0,1.0,0.0,23.0,7.0,7.0,0.0,3.0,5.0,8.0,0.0,0.0,0.0,0.0,0.0,24.0,3.0,3.0,0.0,1.0,3.0,4.0,1.0,1.0,1.0,3.0,0.0,0.0,1.0,25.0,3.0,3.0,0.0,1.0,5.0,6.0,0.0,0.0,0.0,0.0,0.0,0.0,0.0,0.0,0.0,0.0,0.0,3.0,0.0,0.0,0.0,0.0,1.0,0.0,2.0,1.0,0.0,2.0,0.0,1.0,0.0,0.0,1.0,0.0,2.0,0.0,0.0,3.0,3.0,1.0,0.0,1.0,5.0,2.0,2.0,0.0,0.0,0.0,0.0,0.0,0.0,0.0,1.0,1.0,0.0,0.0,0.0,0.0,0.0,0.0,0.0,0.0,1.0,0.0,0.0,0.0,0.0,0.0,0.0,0.0,0.0,0.0,0.0,0.0,0.0,0.0,0.0,0.0,0.0,1.0,0.0,1.0,1.0,1.0,0.0,0.0,1.0,0.0,0.0,1.0,0.0,0.0,0.0,0.0,1.0,3.0,3.0,3.0,1.0,0.0,0.0,1.0,1.0,0.0,0.0,1.0,0.0,1.0,2.0,1.0,0.0,0.0,1.0,0.0,0.0,3.0,0.0,0.0,0.0,0.0,0.0,1.0,0.0,0.0,0.0,0.0,0.0,2.0,0.0,1.0,0.0,1.0,3.0,1.0,1.0,24.0,1.0,2.0,9.0,8.0,8.0,8.0,27.0
CHEMBL3675835,Ki,26.3,29.0,6.0,3.0,0.0,4.0,1.0,5.0,0.0,38.0,8.0,3.0,0.0,5.0,2.0,7.0,0.0,1.0,0.0,0.0,3.0,3.0,3.0,38.0,8.0,4.0,0.0,9.0,2.0,11.0,1.0,1.0,33.0,9.0,3.0,0.0,9.0,1.0,10.0,2.0,0.0,0.0,0.0,33.0,9.0,4.0,0.0,8.0,1.0,9.0,0.0,0.0,0.0,0.0,0.0,0.0,30.0,8.0,3.0,0.0,10.0,2.0,12.0,1.0,0.0,0.0,0.0,0.0,2.0,0.0,0.0,0.0,0.0,29.0,6.0,4.0,0.0,3.0,2.0,5.0,0.0,2.0,7.0,7.0,0.0,26.0,7.0,7.0,0.0,7.0,1.0,8.0,0.0,0.0,0.0,0.0,0.0,26.0,4.0,4.0,0.0,10.0,0.0,10.0,1.0,1.0,0.0,1.0,0.0,0.0,0.0,27.0,3.0,3.0,0.0,8.0,1.0,9.0,0.0,0.0,3.0,3.0,0.0,3.0,3.0,0.0,0.0,0.0,0.0,3.0,0.0,0.0,0.0,0.0,1.0,0.0,2.0,1.0,0.0,2.0,0.0,1.0,0.0,0.0,1.0,1.0,2.0,0.0,1.0,2.0,1.0,4.0,0.0,1.0,6.0,2.0,2.0,0.0,0.0,0.0,0.0,0.0,0.0,0.0,1.0,1.0,0.0,0.0,0.0,0.0,0.0,0.0,0.0,0.0,1.0,0.0,0.0,0.0,0.0,0.0,0.0,0.0,0.0,0.0,0.0,0.0,0.0,0.0,0.0,0.0,0.0,1.0,0.0,1.0,1.0,1.0,0.0,0.0,1.0,0.0,0.0,1.0,0.0,0.0,0.0,0.0,1.0,1.0,1.0,3.0,1.0,0.0,0.0,1.0,1.0,0.0,0.0,1.0,0.0,4.0,2.0,1.0,0.0,0.0,1.0,0.0,0.0,3.0,0.0,0.0,0.0,0.0,0.0,1.0,0.0,3.0,0.0,0.0,0.0,2.0,0.0,1.0,0.0,1.0,1.0,1.0,1.0,24.0,1.0,2.0,9.0,8.0,8.0,9.0,28.0
CHEMBL3675836,Ki,20.4,30.0,6.0,3.0,0.0,6.0,1.0,7.0,0.0,40.0,8.0,3.0,0.0,6.0,2.0,8.0,0.0,1.0,0.0,0.0,6.0,6.0,6.0,40.0,8.0,4.0,0.0,12.0,4.0,16.0,1.0,1.0,35.0,9.0,3.0,0.0,12.0,3.0,15.0,2.0,0.0,0.0,0.0,35.0,9.0,4.0,0.0,12.0,2.0,14.0,0.0,0.0,0.0,0.0,0.0,0.0,32.0,8.0,3.0,0.0,15.0,1.0,16.0,1.0,0.0,0.0,0.0,0.0,2.0,0.0,0.0,0.0,0.0,30.0,6.0,4.0,0.0,9.0,0.0,9.0,0.0,2.0,6.0,7.0,0.0,26.0,8.0,7.0,0.0,9.0,1.0,10.0,0.0,0.0,0.0,0.0,0.0,27.0,4.0,4.0,0.0,9.0,1.0,10.0,1.0,1.0,3.0,3.0,0.0,0.0,0.0,28.0,3.0,3.0,0.0,9.0,2.0,11.0,0.0,0.0,3.0,3.0,0.0,3.0,3.0,0.0,0.0,0.0,0.0,3.0,0.0,0.0,0.0,0.0,1.0,0.0,2.0,1.0,0.0,2.0,0.0,1.0,0.0,0.0,1.0,2.0,2.0,0.0,1.0,1.0,1.0,6.0,0.0,1.0,7.0,2.0,2.0,0.0,0.0,0.0,0.0,0.0,0.0,0.0,1.0,1.0,0.0,0.0,0.0,0.0,0.0,0.0,0.0,0.0,1.0,0.0,0.0,0.0,0.0,0.0,0.0,0.0,0.0,0.0,0.0,0.0,0.0,0.0,0.0,0.0,0.0,1.0,0.0,1.0,1.0,1.0,0.0,0.0,1.0,0.0,0.0,1.0,0.0,0.0,0.0,0.0,1.0,1.0,1.0,3.0,1.0,0.0,0.0,1.0,1.0,0.0,0.0,1.0,0.0,6.0,2.0,1.0,0.0,0.0,1.0,0.0,0.0,3.0,0.0,0.0,0.0,0.0,0.0,1.0,0.0,6.0,0.0,0.0,0.0,2.0,0.0,1.0,0.0,1.0,1.0,1.0,1.0,24.0,1.0,2.0,9.0,8.0,8.0,10.0,29.0
CHEMBL3675838,Ki,18.4,29.0,6.0,3.0,0.0,3.0,1.0,4.0,0.0,38.0,8.0,3.0,0.0,3.0,2.0,5.0,0.0,1.0,0.0,0.0,3.0,3.0,3.0,38.0,8.0,4.0,0.0,6.0,2.0,8.0,1.0,1.0,33.0,9.0,3.0,0.0,6.0,1.0,7.0,2.0,0.0,0.0,0.0,33.0,9.0,4.0,0.0,6.0,1.0,7.0,0.0,0.0,0.0,0.0,0.0,0.0,30.0,8.0,3.0,0.0,9.0,2.0,11.0,1.0,0.0,0.0,0.0,0.0,2.0,0.0,0.0,0.0,0.0,29.0,6.0,4.0,0.0,3.0,2.0,5.0,0.0,2.0,6.0,6.0,0.0,26.0,7.0,7.0,0.0,6.0,1.0,7.0,0.0,0.0,0.0,0.0,0.0,26.0,4.0,4.0,0.0,9.0,0.0,9.0,1.0,1.0,0.0,1.0,0.0,0.0,0.0,27.0,3.0,3.0,0.0,6.0,1.0,7.0,0.0,0.0,3.0,3.0,0.0,3.0,3.0,0.0,0.0,0.0,0.0,3.0,0.0,0.0,0.0,0.0,1.0,0.0,2.0,1.0,0.0,2.0,0.0,1.0,0.0,0.0,1.0,1.0,2.0,0.0,2.0,1.0,1.0,3.0,0.0,1.0,6.0,2.0,2.0,0.0,0.0,0.0,0.0,0.0,0.0,0.0,1.0,1.0,0.0,0.0,0.0,0.0,0.0,0.0,0.0,0.0,1.0,0.0,0.0,0.0,0.0,0.0,0.0,0.0,0.0,0.0,0.0,0.0,0.0,0.0,0.0,0.0,0.0,1.0,0.0,1.0,1.0,1.0,0.0,0.0,1.0,0.0,0.0,1.0,0.0,0.0,0.0,0.0,1.0,1.0,1.0,3.0,1.0,0.0,0.0,1.0,1.0,0.0,0.0,1.0,0.0,3.0,2.0,1.0,0.0,0.0,1.0,0.0,0.0,3.0,0.0,0.0,0.0,0.0,0.0,1.0,0.0,3.0,0.0,0.0,0.0,2.0,0.0,1.0,0.0,1.0,1.0,1.0,1.0,24.0,1.0,2.0,9.0,8.0,8.0,9.0,28.0
CHEMBL3675840,Ki,19.9,28.0,6.0,3.0,0.0,1.0,2.0,3.0,0.0,36.0,8.0,3.0,0.0,2.0,4.0,6.0,0.0,1.0,0.0,0.0,0.0,0.0,0.0,36.0,8.0,4.0,0.0,2.0,5.0,7.0,1.0,1.0,31.0,9.0,3.0,0.0,1.0,5.0,6.0,2.0,0.0,1.0,0.0,30.0,9.0,4.0,0.0,1.0,6.0,7.0,0.0,0.0,0.0,0.0,0.0,0.0,29.0,6.0,3.0,0.0,2.0,3.0,5.0,1.0,0.0,0.0,2.0,2.0,2.0,0.0,0.0,0.0,0.0,27.0,6.0,4.0,0.0,2.0,4.0,6.0,0.0,2.0,0.0,0.0,0.0,23.0,7.0,7.0,0.0,1.0,6.0,7.0,0.0,0.0,0.0,0.0,0.0,24.0,3.0,3.0,0.0,0.0,5.0,5.0,1.0,1.0,1.0,2.0,0.0,0.0,1.0,25.0,3.0,3.0,0.0,1.0,3.0,4.0,0.0,0.0,0.0,1.0,0.0,0.0,0.0,0.0,0.0,0.0,0.0,3.0,0.0,0.0,0.0,0.0,1.0,0.0,2.0,1.0,0.0,2.0,0.0,1.0,0.0,0.0,1.0,0.0,2.0,0.0,1.0,2.0,2.0,1.0,0.0,1.0,5.0,2.0,2.0,0.0,0.0,0.0,0.0,0.0,0.0,0.0,1.0,1.0,0.0,0.0,0.0,0.0,0.0,0.0,0.0,0.0,1.0,0.0,0.0,0.0,0.0,0.0,0.0,0.0,0.0,0.0,0.0,0.0,0.0,0.0,0.0,0.0,0.0,1.0,0.0,1.0,1.0,1.0,0.0,0.0,1.0,0.0,0.0,1.0,0.0,0.0,0.0,0.0,1.0,2.0,2.0,3.0,1.0,0.0,0.0,1.0,1.0,0.0,0.0,1.0,0.0,1.0,2.0,1.0,0.0,0.0,1.0,0.0,0.0,3.0,0.0,0.0,0.0,0.0,0.0,1.0,0.0,0.0,0.0,0.0,0.0,2.0,0.0,1.0,0.0,1.0,2.0,1.0,1.0,24.0,1.0,2.0,9.0,8.0,8.0,8.0,27.0
CHEMBL3617567,Ki,5.6,22.0,11.0,3.0,0.0,3.0,0.0,3.0,1.0,30.0,13.0,3.0,0.0,3.0,0.0,3.0,3.0,1.0,0.0,0.0,3.0,3.0,3.0,23.0,15.0,5.0,0.0,6.0,0.0,6.0,4.0,0.0,26.0,15.0,3.0,0.0,0.0,0.0,0.0,2.0,6.0,6.0,0.0,32.0,11.0,4.0,0.0,3.0,0.0,3.0,1.0,0.0,0.0,0.0,0.0,0.0,29.0,12.0,3.0,0.0,0.0,0.0,0.0,1.0,0.0,6.0,0.0,6.0,2.0,0.0,0.0,0.0,0.0,24.0,12.0,5.0,0.0,6.0,0.0,6.0,1.0,1.0,0.0,0.0,0.0,15.0,17.0,7.0,0.0,3.0,0.0,3.0,0.0,0.0,0.0,0.0,0.0,19.0,13.0,5.0,0.0,0.0,0.0,0.0,0.0,0.0,3.0,3.0,0.0,0.0,0.0,21.0,9.0,4.0,0.0,3.0,0.0,3.0,2.0,2.0,0.0,0.0,0.0,0.0,0.0,2.0,0.0,0.0,0.0,4.0,1.0,0.0,0.0,0.0,1.0,0.0,1.0,1.0,2.0,2.0,1.0,1.0,0.0,0.0,1.0,2.0,2.0,0.0,1.0,0.0,0.0,3.0,0.0,1.0,12.0,2.0,9.0,0.0,0.0,5.0,0.0,0.0,0.0,0.0,1.0,12.0,0.0,0.0,0.0,1.0,5.0,0.0,0.0,0.0,1.0,1.0,7.0,0.0,0.0,2.0,7.0,0.0,0.0,0.0,0.0,0.0,0.0,0.0,5.0,2.0,0.0,3.0,0.0,1.0,1.0,2.0,0.0,0.0,1.0,0.0,0.0,1.0,0.0,0.0,0.0,0.0,1.0,0.0,0.0,3.0,1.0,0.0,0.0,1.0,0.0,0.0,0.0,1.0,0.0,3.0,2.0,1.0,0.0,0.0,1.0,0.0,0.0,3.0,0.0,0.0,0.0,0.0,2.0,3.0,1.0,3.0,0.0,0.0,0.0,2.0,0.0,1.0,0.0,2.0,0.0,3.0,4.0,17.0,4.0,2.0,14.0,15.0,15.0,10.0,22.0
CHEMBL3617568,Ki,53.0,27.0,6.0,3.0,0.0,0.0,0.0,0.0,0.0,36.0,8.0,3.0,0.0,0.0,0.0,0.0,1.0,1.0,0.0,0.0,0.0,0.0,0.0,29.0,15.0,5.0,0.0,0.0,0.0,0.0,0.0,0.0,31.0,10.0,3.0,0.0,0.0,0.0,0.0,2.0,0.0,0.0,0.0,34.0,10.0,4.0,0.0,0.0,0.0,0.0,0.0,0.0,0.0,0.0,0.0,0.0,39.0,6.0,3.0,0.0,0.0,0.0,0.0,0.0,0.0,0.0,0.0,0.0,2.0,0.0,0.0,0.0,0.0,37.0,4.0,5.0,0.0,0.0,0.0,0.0,1.0,1.0,0.0,0.0,0.0,32.0,5.0,7.0,0.0,0.0,0.0,0.0,0.0,0.0,0.0,0.0,0.0,26.0,3.0,4.0,0.0,0.0,0.0,0.0,1.0,1.0,0.0,0.0,0.0,0.0,0.0,17.0,7.0,7.0,0.0,0.0,0.0,0.0,0.0,0.0,0.0,0.0,0.0,0.0,0.0,2.0,0.0,0.0,0.0,4.0,1.0,0.0,0.0,0.0,1.0,0.0,1.0,1.0,3.0,2.0,1.0,1.0,0.0,0.0,1.0,1.0,2.0,0.0,1.0,0.0,0.0,0.0,0.0,1.0,12.0,2.0,9.0,0.0,0.0,5.0,0.0,0.0,0.0,0.0,1.0,12.0,0.0,0.0,0.0,1.0,5.0,0.0,0.0,0.0,1.0,1.0,7.0,0.0,0.0,2.0,7.0,0.0,0.0,0.0,0.0,0.0,0.0,0.0,5.0,2.0,0.0,3.0,0.0,1.0,1.0,2.0,0.0,0.0,1.0,0.0,0.0,1.0,0.0,0.0,0.0,0.0,1.0,0.0,0.0,3.0,1.0,0.0,0.0,1.0,0.0,0.0,0.0,1.0,0.0,0.0,2.0,1.0,0.0,0.0,1.0,0.0,0.0,3.0,0.0,0.0,0.0,0.0,3.0,3.0,1.0,0.0,0.0,0.0,0.0,2.0,0.0,1.0,0.0,2.0,0.0,1.0,1.0,16.0,1.0,2.0,9.0,16.0,16.0,9.0,22.0
CHEMBL3617575,Ki,20.0,30.0,6.0,3.0,0.0,3.0,2.0,5.0,0.0,40.0,8.0,3.0,0.0,3.0,4.0,7.0,0.0,1.0,0.0,0.0,3.0,3.0,3.0,42.0,8.0,4.0,0.0,6.0,4.0,10.0,1.0,1.0,38.0,9.0,3.0,0.0,9.0,5.0,14.0,2.0,0.0,0.0,0.0,33.0,11.0,4.0,0.0,12.0,2.0,14.0,0.0,0.0,0.0,1.0,1.0,0.0,32.0,6.0,3.0,0.0,3.0,5.0,8.0,1.0,0.0,6.0,0.0,6.0,2.0,0.0,0.0,0.0,0.0,30.0,7.0,4.0,0.0,6.0,5.0,11.0,0.0,2.0,0.0,1.0,0.0,26.0,8.0,8.0,0.0,9.0,4.0,13.0,0.0,0.0,0.0,0.0,0.0,27.0,3.0,3.0,0.0,6.0,2.0,8.0,1.0,1.0,3.0,4.0,0.0,3.0,3.0,29.0,3.0,3.0,0.0,6.0,2.0,8.0,0.0,0.0,0.0,1.0,0.0,0.0,1.0,0.0,0.0,0.0,0.0,3.0,0.0,0.0,0.0,0.0,1.0,0.0,2.0,1.0,1.0,2.0,0.0,1.0,0.0,0.0,1.0,1.0,2.0,0.0,1.0,1.0,2.0,3.0,0.0,1.0,7.0,2.0,2.0,0.0,0.0,0.0,0.0,0.0,0.0,0.0,1.0,1.0,0.0,0.0,0.0,0.0,0.0,0.0,0.0,0.0,1.0,0.0,0.0,0.0,0.0,0.0,0.0,0.0,0.0,0.0,0.0,0.0,0.0,0.0,0.0,0.0,0.0,1.0,0.0,1.0,1.0,1.0,0.0,0.0,1.0,0.0,0.0,1.0,0.0,0.0,0.0,0.0,1.0,2.0,2.0,3.0,1.0,0.0,0.0,1.0,1.0,0.0,0.0,1.0,0.0,3.0,2.0,1.0,0.0,0.0,1.0,0.0,0.0,3.0,0.0,0.0,0.0,0.0,1.0,1.0,0.0,3.0,0.0,0.0,0.0,2.0,0.0,1.0,0.0,1.0,2.0,1.0,1.0,24.0,1.0,2.0,9.0,9.0,9.0,9.0,28.0
CHEMBL3675810,Ki,65.1,28.0,6.0,3.0,0.0,0.0,2.0,2.0,0.0,36.0,8.0,3.0,0.0,0.0,4.0,4.0,0.0,1.0,0.0,0.0,0.0,0.0,0.0,36.0,8.0,4.0,0.0,0.0,4.0,4.0,1.0,1.0,31.0,9.0,3.0,0.0,0.0,4.0,4.0,2.0,0.0,0.0,0.0,30.0,9.0,4.0,0.0,0.0,5.0,5.0,0.0,0.0,0.0,0.0,0.0,0.0,29.0,6.0,3.0,0.0,0.0,3.0,3.0,1.0,0.0,0.0,2.0,2.0,2.0,0.0,0.0,0.0,0.0,27.0,6.0,4.0,0.0,0.0,3.0,3.0,0.0,2.0,0.0,0.0,0.0,23.0,7.0,7.0,0.0,0.0,3.0,3.0,0.0,0.0,0.0,1.0,0.0,24.0,3.0,3.0,0.0,0.0,3.0,3.0,1.0,1.0,0.0,1.0,0.0,0.0,1.0,25.0,3.0,3.0,0.0,0.0,3.0,3.0,0.0,0.0,0.0,0.0,0.0,0.0,0.0,0.0,0.0,0.0,0.0,3.0,0.0,0.0,0.0,0.0,1.0,0.0,2.0,1.0,0.0,2.0,0.0,1.0,0.0,0.0,1.0,0.0,2.0,0.0,1.0,1.0,2.0,0.0,0.0,1.0,5.0,2.0,2.0,0.0,0.0,0.0,0.0,0.0,0.0,0.0,1.0,1.0,0.0,0.0,0.0,0.0,0.0,0.0,0.0,0.0,1.0,0.0,0.0,0.0,0.0,0.0,0.0,0.0,0.0,0.0,0.0,0.0,0.0,0.0,0.0,0.0,0.0,1.0,0.0,1.0,1.0,1.0,0.0,0.0,1.0,0.0,0.0,1.0,0.0,0.0,0.0,0.0,1.0,2.0,2.0,3.0,1.0,0.0,0.0,1.0,1.0,0.0,0.0,1.0,0.0,0.0,2.0,1.0,0.0,0.0,1.0,0.0,0.0,3.0,0.0,0.0,0.0,0.0,0.0,1.0,0.0,0.0,0.0,0.0,0.0,2.0,0.0,1.0,0.0,1.0,2.0,1.0,1.0,24.0,1.0,2.0,9.0,8.0,8.0,8.0,27.0
CHEMBL3675821,Ki,29.6,30.0,6.0,3.0,0.0,7.0,0.0,7.0,0.0,40.0,8.0,3.0,0.0,8.0,0.0,8.0,0.0,1.0,0.0,0.0,6.0,6.0,6.0,40.0,8.0,4.0,0.0,15.0,0.0,15.0,1.0,1.0,35.0,9.0,3.0,0.0,13.0,0.0,13.0,2.0,0.0,0.0,0.0,35.0,9.0,4.0,0.0,13.0,0.0,13.0,0.0,0.0,0.0,0.0,0.0,0.0,32.0,8.0,3.0,0.0,17.0,0.0,17.0,1.0,0.0,0.0,0.0,0.0,2.0,0.0,0.0,0.0,0.0,30.0,6.0,4.0,0.0,11.0,0.0,11.0,0.0,2.0,6.0,6.0,0.0,26.0,8.0,7.0,0.0,10.0,0.0,10.0,0.0,0.0,0.0,0.0,0.0,27.0,4.0,4.0,0.0,9.0,0.0,9.0,1.0,1.0,4.0,4.0,0.0,0.0,0.0,28.0,3.0,3.0,0.0,10.0,0.0,10.0,0.0,0.0,3.0,3.0,0.0,3.0,3.0,0.0,0.0,0.0,0.0,3.0,0.0,0.0,0.0,0.0,1.0,0.0,2.0,1.0,0.0,2.0,0.0,1.0,0.0,0.0,1.0,2.0,2.0,0.0,1.0,2.0,0.0,7.0,0.0,1.0,7.0,2.0,2.0,0.0,0.0,0.0,0.0,0.0,0.0,0.0,1.0,1.0,0.0,0.0,0.0,0.0,0.0,0.0,0.0,0.0,1.0,0.0,0.0,0.0,0.0,0.0,0.0,0.0,0.0,0.0,0.0,0.0,0.0,0.0,0.0,0.0,0.0,1.0,0.0,1.0,1.0,1.0,0.0,0.0,1.0,0.0,0.0,1.0,0.0,0.0,0.0,0.0,1.0,0.0,0.0,3.0,1.0,0.0,0.0,1.0,1.0,0.0,0.0,1.0,0.0,7.0,2.0,1.0,0.0,0.0,1.0,0.0,0.0,3.0,0.0,0.0,0.0,0.0,0.0,1.0,0.0,6.0,0.0,0.0,0.0,2.0,0.0,1.0,0.0,1.0,0.0,1.0,1.0,24.0,1.0,2.0,9.0,8.0,8.0,10.0,29.0
CHEMBL3675825,Ki,19.3,31.0,6.0,3.0,0.0,6.0,0.0,6.0,0.0,42.0,8.0,3.0,0.0,6.0,0.0,6.0,0.0,1.0,0.0,0.0,6.0,6.0,6.0,43.0,8.0,4.0,0.0,12.0,0.0,12.0,1.0,1.0,38.0,9.0,3.0,0.0,12.0,0.0,12.0,2.0,0.0,0.0,0.0,36.0,9.0,4.0,0.0,12.0,0.0,12.0,0.0,0.0,0.0,0.0,0.0,0.0,33.0,8.0,3.0,0.0,12.0,0.0,12.0,1.0,0.0,0.0,0.0,0.0,2.0,0.0,0.0,0.0,0.0,31.0,7.0,4.0,0.0,9.0,0.0,9.0,0.0,2.0,6.0,6.0,0.0,28.0,7.0,7.0,0.0,12.0,0.0,12.0,0.0,0.0,0.0,0.0,0.0,27.0,5.0,4.0,0.0,12.0,0.0,12.0,1.0,1.0,0.0,0.0,0.0,0.0,0.0,30.0,3.0,3.0,0.0,6.0,0.0,6.0,0.0,0.0,6.0,6.0,0.0,3.0,3.0,0.0,0.0,0.0,0.0,3.0,0.0,0.0,0.0,0.0,1.0,0.0,2.0,1.0,1.0,2.0,0.0,1.0,0.0,0.0,1.0,2.0,2.0,0.0,1.0,2.0,0.0,6.0,0.0,1.0,8.0,2.0,2.0,0.0,0.0,0.0,0.0,0.0,0.0,0.0,1.0,1.0,0.0,0.0,0.0,0.0,0.0,0.0,0.0,0.0,1.0,0.0,0.0,0.0,0.0,0.0,0.0,0.0,0.0,0.0,0.0,0.0,0.0,0.0,0.0,0.0,0.0,1.0,0.0,1.0,1.0,1.0,0.0,0.0,1.0,0.0,0.0,1.0,0.0,0.0,0.0,0.0,1.0,0.0,0.0,3.0,1.0,0.0,0.0,1.0,1.0,0.0,0.0,1.0,0.0,6.0,2.0,1.0,0.0,0.0,1.0,0.0,0.0,3.0,0.0,0.0,0.0,0.0,1.0,1.0,0.0,6.0,0.0,0.0,0.0,2.0,0.0,1.0,0.0,1.0,0.0,1.0,1.0,24.0,1.0,2.0,9.0,9.0,9.0,10.0,29.0
CHEMBL3675829,Ki,23.8,30.0,6.0,3.0,0.0,3.0,2.0,5.0,0.0,40.0,8.0,3.0,0.0,3.0,4.0,7.0,0.0,1.0,0.0,0.0,3.0,3.0,3.0,41.0,8.0,4.0,0.0,6.0,5.0,11.0,1.0,1.0,36.0,9.0,3.0,0.0,6.0,5.0,11.0,2.0,0.0,1.0,0.0,35.0,9.0,4.0,0.0,6.0,5.0,11.0,0.0,0.0,0.0,0.0,0.0,0.0,31.0,8.0,3.0,0.0,9.0,4.0,13.0,1.0,0.0,0.0,0.0,0.0,2.0,0.0,0.0,0.0,0.0,29.0,7.0,4.0,0.0,3.0,4.0,7.0,0.0,2.0,6.0,6.0,0.0,27.0,7.0,7.0,0.0,6.0,4.0,10.0,0.0,0.0,0.0,0.0,0.0,27.0,4.0,4.0,0.0,9.0,3.0,12.0,1.0,1.0,0.0,1.0,0.0,0.0,0.0,29.0,3.0,3.0,0.0,6.0,3.0,9.0,0.0,0.0,3.0,4.0,0.0,3.0,3.0,0.0,0.0,0.0,0.0,3.0,0.0,0.0,0.0,0.0,1.0,0.0,2.0,1.0,1.0,2.0,0.0,1.0,0.0,0.0,1.0,1.0,2.0,0.0,0.0,3.0,2.0,3.0,0.0,1.0,7.0,2.0,2.0,0.0,0.0,0.0,0.0,0.0,0.0,0.0,1.0,1.0,0.0,0.0,0.0,0.0,0.0,0.0,0.0,0.0,1.0,0.0,0.0,0.0,0.0,0.0,0.0,0.0,0.0,0.0,0.0,0.0,0.0,0.0,0.0,0.0,0.0,1.0,0.0,1.0,1.0,1.0,0.0,0.0,1.0,0.0,0.0,1.0,0.0,0.0,0.0,0.0,1.0,2.0,2.0,3.0,1.0,0.0,0.0,1.0,1.0,0.0,0.0,1.0,0.0,3.0,2.0,1.0,0.0,0.0,1.0,0.0,0.0,3.0,0.0,0.0,0.0,0.0,1.0,1.0,0.0,3.0,0.0,0.0,0.0,2.0,0.0,1.0,0.0,1.0,2.0,1.0,1.0,24.0,1.0,2.0,9.0,9.0,9.0,9.0,28.0
CHEMBL3675831,Ki,67.3,28.0,6.0,4.0,0.0,2.0,1.0,3.0,0.0,36.0,8.0,4.0,0.0,4.0,2.0,6.0,0.0,2.0,0.0,0.0,0.0,0.0,0.0,36.0,8.0,7.0,0.0,5.0,2.0,7.0,1.0,1.0,31.0,9.0,8.0,0.0,4.0,2.0,6.0,2.0,0.0,0.0,0.0,30.0,9.0,9.0,0.0,3.0,3.0,6.0,0.0,0.0,0.0,0.0,0.0,0.0,29.0,6.0,5.0,0.0,3.0,1.0,4.0,1.0,1.0,0.0,2.0,2.0,2.0,1.0,0.0,0.0,0.0,27.0,6.0,6.0,0.0,2.0,2.0,4.0,0.0,2.0,1.0,1.0,0.0,23.0,7.0,10.0,0.0,2.0,3.0,5.0,0.0,0.0,0.0,0.0,0.0,24.0,3.0,5.0,0.0,1.0,2.0,3.0,1.0,2.0,1.0,2.0,1.0,1.0,2.0,25.0,3.0,5.0,0.0,3.0,2.0,5.0,0.0,0.0,0.0,0.0,0.0,0.0,0.0,0.0,0.0,0.0,0.0,2.0,0.0,0.0,0.0,0.0,1.0,0.0,1.0,1.0,0.0,2.0,0.0,2.0,0.0,0.0,1.0,0.0,3.0,0.0,1.0,2.0,1.0,2.0,0.0,1.0,5.0,3.0,2.0,0.0,0.0,0.0,0.0,0.0,0.0,0.0,1.0,1.0,0.0,0.0,0.0,0.0,0.0,0.0,0.0,0.0,1.0,0.0,0.0,0.0,0.0,0.0,0.0,0.0,0.0,0.0,0.0,0.0,0.0,0.0,0.0,0.0,0.0,1.0,0.0,1.0,1.0,1.0,0.0,0.0,1.0,0.0,0.0,1.0,0.0,0.0,0.0,0.0,1.0,1.0,1.0,3.0,1.0,0.0,0.0,1.0,1.0,0.0,0.0,1.0,0.0,2.0,2.0,2.0,0.0,0.0,1.0,0.0,0.0,4.0,0.0,0.0,0.0,0.0,0.0,1.0,0.0,0.0,0.0,0.0,0.0,3.0,0.0,2.0,0.0,4.0,1.0,1.0,1.0,24.0,1.0,4.0,10.0,7.0,7.0,8.0,28.0
CHEMBL3675837,Ki,16.5,30.0,6.0,3.0,0.0,6.0,2.0,8.0,0.0,40.0,8.0,3.0,0.0,6.0,4.0,10.0,0.0,1.0,0.0,0.0,6.0,6.0,6.0,40.0,8.0,4.0,0.0,12.0,6.0,18.0,1.0,1.0,34.0,9.0,3.0,0.0,12.0,7.0,19.0,2.0,0.0,1.0,0.0,34.0,9.0,4.0,0.0,9.0,5.0,14.0,0.0,0.0,0.0,0.0,0.0,0.0,32.0,8.0,3.0,0.0,12.0,3.0,15.0,1.0,0.0,0.0,0.0,0.0,2.0,0.0,0.0,0.0,0.0,31.0,6.0,4.0,0.0,9.0,3.0,12.0,0.0,2.0,6.0,7.0,0.0,27.0,7.0,7.0,0.0,12.0,4.0,16.0,0.0,0.0,0.0,0.0,0.0,26.0,5.0,4.0,0.0,12.0,4.0,16.0,1.0,1.0,0.0,0.0,0.0,0.0,0.0,28.0,3.0,3.0,0.0,6.0,4.0,10.0,0.0,0.0,6.0,7.0,0.0,3.0,3.0,0.0,0.0,0.0,0.0,3.0,0.0,0.0,0.0,0.0,1.0,0.0,2.0,1.0,0.0,2.0,0.0,1.0,0.0,0.0,1.0,2.0,2.0,0.0,0.0,3.0,2.0,6.0,0.0,1.0,7.0,2.0,2.0,0.0,0.0,0.0,0.0,0.0,0.0,0.0,1.0,1.0,0.0,0.0,0.0,0.0,0.0,0.0,0.0,0.0,1.0,0.0,0.0,0.0,0.0,0.0,0.0,0.0,0.0,0.0,0.0,0.0,0.0,0.0,0.0,0.0,0.0,1.0,0.0,1.0,1.0,1.0,0.0,0.0,1.0,0.0,0.0,1.0,0.0,0.0,0.0,0.0,1.0,2.0,2.0,3.0,1.0,0.0,0.0,1.0,1.0,0.0,0.0,1.0,0.0,6.0,2.0,1.0,0.0,0.0,1.0,0.0,0.0,3.0,0.0,0.0,0.0,0.0,0.0,1.0,0.0,6.0,0.0,0.0,0.0,2.0,0.0,1.0,0.0,1.0,2.0,1.0,1.0,24.0,1.0,2.0,9.0,8.0,8.0,10.0,29.0
CHEMBL3675851,Ki,95.7,29.0,6.0,3.0,0.0,3.0,1.0,4.0,0.0,38.0,8.0,3.0,0.0,3.0,2.0,5.0,0.0,1.0,0.0,0.0,3.0,3.0,3.0,39.0,8.0,4.0,0.0,6.0,2.0,8.0,1.0,1.0,35.0,9.0,3.0,0.0,9.0,1.0,10.0,2.0,0.0,0.0,0.0,31.0,11.0,4.0,0.0,12.0,1.0,13.0,0.0,0.0,0.0,0.0,0.0,0.0,31.0,6.0,3.0,0.0,3.0,2.0,5.0,1.0,0.0,6.0,0.0,6.0,2.0,0.0,0.0,0.0,0.0,30.0,6.0,4.0,0.0,6.0,2.0,8.0,0.0,2.0,0.0,0.0,0.0,25.0,8.0,8.0,0.0,9.0,1.0,10.0,0.0,0.0,0.0,0.0,0.0,26.0,3.0,3.0,0.0,6.0,0.0,6.0,1.0,1.0,3.0,4.0,0.0,3.0,3.0,27.0,3.0,3.0,0.0,6.0,1.0,7.0,0.0,0.0,0.0,0.0,0.0,0.0,0.0,0.0,0.0,0.0,0.0,3.0,0.0,0.0,0.0,0.0,1.0,0.0,2.0,1.0,0.0,2.0,0.0,1.0,0.0,0.0,1.0,1.0,2.0,0.0,2.0,0.0,1.0,3.0,0.0,1.0,6.0,2.0,2.0,0.0,0.0,0.0,0.0,0.0,0.0,0.0,1.0,1.0,0.0,0.0,0.0,0.0,0.0,0.0,0.0,0.0,1.0,0.0,0.0,0.0,0.0,0.0,0.0,0.0,0.0,0.0,0.0,0.0,0.0,0.0,0.0,0.0,0.0,1.0,0.0,1.0,1.0,1.0,0.0,0.0,1.0,0.0,0.0,1.0,0.0,0.0,0.0,0.0,1.0,1.0,1.0,3.0,1.0,0.0,0.0,1.0,1.0,0.0,0.0,1.0,0.0,3.0,2.0,1.0,0.0,0.0,1.0,0.0,0.0,3.0,0.0,0.0,0.0,0.0,0.0,1.0,0.0,3.0,0.0,0.0,0.0,2.0,0.0,1.0,0.0,1.0,1.0,1.0,1.0,24.0,1.0,2.0,9.0,8.0,8.0,9.0,28.0
CHEMBL3675853,Ki,68.7,29.0,7.0,3.0,0.0,0.0,1.0,1.0,0.0,38.0,9.0,3.0,0.0,0.0,2.0,2.0,0.0,1.0,0.0,0.0,0.0,0.0,0.0,39.0,10.0,4.0,0.0,0.0,2.0,2.0,1.0,1.0,35.0,12.0,3.0,0.0,0.0,1.0,1.0,2.0,0.0,0.0,0.0,31.0,15.0,4.0,0.0,0.0,1.0,1.0,0.0,0.0,0.0,0.0,0.0,0.0,31.0,7.0,3.0,0.0,0.0,2.0,2.0,3.0,0.0,0.0,0.0,0.0,2.0,0.0,0.0,0.0,0.0,30.0,8.0,4.0,0.0,0.0,2.0,2.0,0.0,2.0,0.0,0.0,0.0,25.0,11.0,8.0,0.0,0.0,1.0,1.0,0.0,0.0,0.0,0.0,0.0,26.0,5.0,3.0,0.0,0.0,0.0,0.0,2.0,2.0,0.0,1.0,0.0,0.0,0.0,27.0,5.0,3.0,0.0,0.0,1.0,1.0,0.0,0.0,0.0,0.0,0.0,0.0,0.0,0.0,0.0,0.0,0.0,3.0,0.0,0.0,0.0,0.0,1.0,0.0,2.0,1.0,0.0,2.0,0.0,1.0,0.0,0.0,1.0,0.0,2.0,0.0,2.0,0.0,1.0,0.0,0.0,1.0,6.0,2.0,2.0,0.0,0.0,0.0,0.0,0.0,0.0,0.0,1.0,1.0,0.0,0.0,0.0,0.0,0.0,0.0,0.0,0.0,1.0,0.0,0.0,0.0,0.0,0.0,0.0,0.0,0.0,0.0,0.0,0.0,0.0,0.0,0.0,0.0,0.0,1.0,0.0,1.0,1.0,1.0,0.0,0.0,1.0,0.0,0.0,1.0,0.0,0.0,0.0,0.0,1.0,1.0,1.0,3.0,1.0,0.0,0.0,1.0,1.0,0.0,0.0,1.0,0.0,0.0,3.0,1.0,0.0,0.0,1.0,0.0,0.0,3.0,0.0,0.0,0.0,0.0,0.0,1.0,0.0,0.0,0.0,0.0,0.0,2.0,0.0,1.0,0.0,1.0,1.0,1.0,1.0,24.0,1.0,2.0,10.0,8.0,8.0,8.0,27.0
CHEMBL3675856,Ki,85.2,29.0,6.0,3.0,0.0,0.0,1.0,1.0,0.0,38.0,8.0,3.0,0.0,0.0,2.0,2.0,0.0,1.0,0.0,0.0,0.0,0.0,0.0,39.0,8.0,4.0,0.0,0.0,2.0,2.0,1.0,1.0,35.0,9.0,3.0,0.0,0.0,1.0,1.0,2.0,0.0,0.0,0.0,31.0,11.0,4.0,0.0,0.0,1.0,1.0,0.0,0.0,0.0,0.0,0.0,0.0,31.0,6.0,3.0,0.0,0.0,2.0,2.0,1.0,0.0,0.0,0.0,0.0,2.0,0.0,0.0,0.0,0.0,30.0,6.0,4.0,0.0,0.0,2.0,2.0,0.0,2.0,0.0,0.0,0.0,25.0,8.0,8.0,0.0,0.0,1.0,1.0,0.0,0.0,0.0,0.0,0.0,26.0,3.0,3.0,0.0,0.0,0.0,0.0,1.0,1.0,0.0,1.0,0.0,0.0,0.0,27.0,3.0,3.0,0.0,0.0,1.0,1.0,0.0,0.0,0.0,0.0,0.0,0.0,0.0,0.0,0.0,0.0,0.0,3.0,0.0,0.0,0.0,0.0,1.0,0.0,2.0,1.0,1.0,2.0,0.0,1.0,0.0,0.0,1.0,0.0,2.0,0.0,2.0,0.0,1.0,0.0,0.0,1.0,6.0,2.0,2.0,0.0,0.0,0.0,0.0,0.0,0.0,0.0,1.0,1.0,0.0,0.0,0.0,0.0,0.0,0.0,0.0,0.0,1.0,0.0,0.0,0.0,0.0,0.0,0.0,0.0,0.0,0.0,0.0,0.0,0.0,0.0,0.0,0.0,0.0,1.0,0.0,1.0,1.0,1.0,0.0,0.0,1.0,0.0,0.0,1.0,0.0,0.0,0.0,0.0,1.0,1.0,1.0,3.0,1.0,0.0,0.0,1.0,1.0,0.0,0.0,1.0,0.0,0.0,2.0,1.0,0.0,0.0,1.0,0.0,0.0,3.0,0.0,0.0,0.0,0.0,1.0,1.0,0.0,0.0,0.0,0.0,0.0,2.0,0.0,1.0,0.0,1.0,1.0,1.0,1.0,24.0,1.0,2.0,9.0,9.0,9.0,8.0,27.0
CHEMBL3675858,Ki,31.3,30.0,6.0,3.0,0.0,6.0,1.0,7.0,0.0,40.0,8.0,3.0,0.0,6.0,2.0,8.0,0.0,1.0,0.0,0.0,6.0,6.0,6.0,41.0,8.0,4.0,0.0,12.0,2.0,14.0,1.0,1.0,36.0,10.0,3.0,0.0,15.0,1.0,16.0,2.0,0.0,0.0,0.0,36.0,9.0,4.0,0.0,18.0,1.0,19.0,0.0,0.0,3.0,0.0,3.0,0.0,33.0,9.0,3.0,0.0,18.0,2.0,20.0,1.0,0.0,0.0,0.0,0.0,2.0,0.0,9.0,9.0,9.0,32.0,6.0,4.0,0.0,12.0,2.0,14.0,0.0,2.0,9.0,9.0,0.0,28.0,7.0,7.0,0.0,15.0,1.0,16.0,0.0,0.0,0.0,0.0,0.0,27.0,5.0,5.0,0.0,15.0,0.0,15.0,1.0,1.0,0.0,1.0,0.0,0.0,0.0,30.0,3.0,3.0,0.0,9.0,1.0,10.0,0.0,0.0,6.0,6.0,0.0,6.0,6.0,0.0,0.0,0.0,0.0,3.0,0.0,0.0,0.0,0.0,1.0,0.0,2.0,1.0,0.0,2.0,0.0,1.0,0.0,0.0,1.0,2.0,2.0,0.0,2.0,0.0,1.0,6.0,0.0,1.0,7.0,2.0,2.0,0.0,0.0,0.0,0.0,0.0,0.0,0.0,1.0,1.0,0.0,0.0,0.0,0.0,0.0,0.0,0.0,0.0,1.0,0.0,0.0,0.0,0.0,0.0,0.0,0.0,0.0,0.0,0.0,0.0,0.0,0.0,0.0,0.0,0.0,1.0,0.0,1.0,1.0,1.0,0.0,0.0,1.0,0.0,0.0,1.0,0.0,0.0,0.0,0.0,1.0,1.0,1.0,3.0,1.0,0.0,0.0,1.0,1.0,0.0,0.0,1.0,0.0,6.0,2.0,1.0,0.0,0.0,1.0,0.0,0.0,3.0,0.0,0.0,0.0,0.0,0.0,1.0,0.0,6.0,0.0,0.0,0.0,2.0,0.0,1.0,0.0,1.0,1.0,1.0,1.0,24.0,1.0,2.0,9.0,8.0,8.0,10.0,29.0
CHEMBL3675866,Ki,28.6,29.0,6.0,3.0,0.0,3.0,2.0,5.0,0.0,38.0,8.0,3.0,0.0,3.0,4.0,7.0,0.0,1.0,0.0,0.0,3.0,3.0,3.0,38.0,8.0,4.0,0.0,6.0,5.0,11.0,1.0,1.0,33.0,9.0,3.0,0.0,6.0,3.0,9.0,2.0,0.0,0.0,0.0,33.0,9.0,4.0,0.0,6.0,2.0,8.0,0.0,0.0,0.0,1.0,1.0,0.0,30.0,8.0,3.0,0.0,9.0,5.0,14.0,1.0,0.0,0.0,0.0,0.0,2.0,0.0,0.0,0.0,0.0,29.0,6.0,4.0,0.0,3.0,5.0,8.0,0.0,2.0,6.0,7.0,0.0,26.0,7.0,7.0,0.0,6.0,4.0,10.0,0.0,0.0,0.0,0.0,0.0,26.0,4.0,4.0,0.0,9.0,2.0,11.0,1.0,1.0,0.0,1.0,0.0,0.0,0.0,27.0,3.0,3.0,0.0,6.0,2.0,8.0,0.0,0.0,3.0,4.0,0.0,3.0,4.0,0.0,0.0,0.0,0.0,3.0,0.0,0.0,0.0,0.0,1.0,0.0,2.0,1.0,0.0,2.0,0.0,1.0,0.0,0.0,1.0,1.0,2.0,0.0,2.0,0.0,2.0,3.0,0.0,1.0,6.0,2.0,2.0,0.0,0.0,0.0,0.0,0.0,0.0,0.0,1.0,1.0,0.0,0.0,0.0,0.0,0.0,0.0,0.0,0.0,1.0,0.0,0.0,0.0,0.0,0.0,0.0,0.0,0.0,0.0,0.0,0.0,0.0,0.0,0.0,0.0,0.0,1.0,0.0,1.0,1.0,1.0,0.0,0.0,1.0,0.0,0.0,1.0,0.0,0.0,0.0,0.0,1.0,2.0,2.0,3.0,1.0,0.0,0.0,1.0,1.0,0.0,0.0,1.0,0.0,3.0,2.0,1.0,0.0,0.0,1.0,0.0,0.0,3.0,0.0,0.0,0.0,0.0,0.0,1.0,0.0,3.0,0.0,0.0,0.0,2.0,0.0,1.0,0.0,1.0,2.0,1.0,1.0,24.0,1.0,2.0,9.0,8.0,8.0,9.0,28.0
CHEMBL3675871,Ki,33.4,28.0,6.0,3.0,0.0,1.0,2.0,3.0,0.0,36.0,8.0,3.0,0.0,2.0,4.0,6.0,0.0,1.0,0.0,0.0,0.0,0.0,0.0,36.0,8.0,4.0,0.0,3.0,4.0,7.0,1.0,1.0,31.0,9.0,3.0,0.0,3.0,3.0,6.0,2.0,1.0,1.0,0.0,30.0,9.0,4.0,0.0,3.0,4.0,7.0,0.0,0.0,0.0,0.0,0.0,0.0,29.0,6.0,3.0,0.0,2.0,3.0,5.0,1.0,0.0,0.0,2.0,2.0,2.0,0.0,0.0,0.0,0.0,27.0,6.0,4.0,0.0,2.0,4.0,6.0,0.0,2.0,0.0,0.0,0.0,23.0,7.0,7.0,0.0,3.0,4.0,7.0,0.0,0.0,0.0,0.0,0.0,24.0,3.0,3.0,0.0,3.0,2.0,5.0,1.0,1.0,0.0,2.0,0.0,0.0,1.0,25.0,3.0,3.0,0.0,1.0,3.0,4.0,0.0,0.0,1.0,1.0,0.0,0.0,0.0,0.0,0.0,0.0,0.0,3.0,0.0,0.0,0.0,0.0,1.0,0.0,2.0,1.0,0.0,2.0,0.0,1.0,0.0,0.0,1.0,0.0,2.0,0.0,1.0,2.0,2.0,1.0,0.0,1.0,5.0,2.0,2.0,0.0,0.0,0.0,0.0,0.0,0.0,0.0,1.0,1.0,0.0,0.0,0.0,0.0,0.0,0.0,0.0,0.0,1.0,0.0,0.0,0.0,0.0,0.0,0.0,0.0,0.0,0.0,0.0,0.0,0.0,0.0,0.0,0.0,0.0,1.0,0.0,1.0,1.0,1.0,0.0,0.0,1.0,0.0,0.0,1.0,0.0,0.0,0.0,0.0,1.0,2.0,2.0,3.0,1.0,0.0,0.0,1.0,1.0,0.0,0.0,1.0,0.0,1.0,2.0,1.0,0.0,0.0,1.0,0.0,0.0,3.0,0.0,0.0,0.0,0.0,0.0,1.0,0.0,0.0,0.0,0.0,0.0,2.0,0.0,1.0,0.0,1.0,2.0,1.0,1.0,24.0,1.0,2.0,9.0,8.0,8.0,8.0,27.0
CHEMBL3675879,Ki,22.9,28.0,6.0,3.0,0.0,2.0,2.0,4.0,0.0,36.0,8.0,3.0,0.0,4.0,4.0,8.0,0.0,1.0,0.0,0.0,0.0,0.0,0.0,36.0,8.0,4.0,0.0,4.0,5.0,9.0,1.0,1.0,31.0,9.0,3.0,0.0,4.0,4.0,8.0,2.0,0.0,1.0,0.0,30.0,9.0,4.0,0.0,4.0,4.0,8.0,0.0,0.0,1.0,0.0,1.0,0.0,29.0,6.0,3.0,0.0,4.0,4.0,8.0,1.0,0.0,2.0,0.0,2.0,2.0,0.0,0.0,0.0,0.0,27.0,6.0,4.0,0.0,5.0,4.0,9.0,0.0,2.0,1.0,1.0,0.0,23.0,7.0,7.0,0.0,6.0,4.0,10.0,0.0,0.0,0.0,0.0,0.0,24.0,3.0,3.0,0.0,4.0,3.0,7.0,1.0,1.0,1.0,2.0,0.0,1.0,1.0,25.0,3.0,3.0,0.0,3.0,2.0,5.0,0.0,0.0,1.0,2.0,0.0,1.0,1.0,0.0,0.0,0.0,0.0,3.0,0.0,0.0,0.0,0.0,1.0,0.0,2.0,1.0,0.0,2.0,0.0,1.0,0.0,0.0,1.0,0.0,2.0,0.0,1.0,1.0,2.0,2.0,0.0,1.0,5.0,2.0,2.0,0.0,0.0,0.0,0.0,0.0,0.0,0.0,1.0,1.0,0.0,0.0,0.0,0.0,0.0,0.0,0.0,0.0,1.0,0.0,0.0,0.0,0.0,0.0,0.0,0.0,0.0,0.0,0.0,0.0,0.0,0.0,0.0,0.0,0.0,1.0,0.0,1.0,1.0,1.0,0.0,0.0,1.0,0.0,0.0,1.0,0.0,0.0,0.0,0.0,1.0,2.0,2.0,3.0,1.0,0.0,0.0,1.0,1.0,0.0,0.0,1.0,0.0,2.0,2.0,1.0,0.0,0.0,1.0,0.0,0.0,3.0,0.0,0.0,0.0,0.0,0.0,1.0,0.0,0.0,0.0,0.0,0.0,2.0,0.0,1.0,0.0,1.0,2.0,1.0,1.0,24.0,1.0,2.0,9.0,8.0,8.0,8.0,27.0
CHEMBL3675903,Ki,61.1,28.0,6.0,3.0,0.0,2.0,1.0,3.0,0.0,36.0,8.0,3.0,0.0,4.0,2.0,6.0,0.0,1.0,0.0,0.0,0.0,0.0,0.0,36.0,8.0,4.0,0.0,4.0,2.0,6.0,1.0,1.0,31.0,9.0,3.0,0.0,4.0,2.0,6.0,2.0,0.0,0.0,0.0,30.0,9.0,4.0,0.0,4.0,3.0,7.0,0.0,0.0,0.0,0.0,0.0,0.0,29.0,6.0,3.0,0.0,4.0,1.0,5.0,1.0,0.0,0.0,2.0,2.0,2.0,0.0,0.0,0.0,0.0,27.0,6.0,4.0,0.0,2.0,2.0,4.0,0.0,2.0,0.0,0.0,0.0,23.0,7.0,7.0,0.0,0.0,3.0,3.0,0.0,0.0,2.0,2.0,0.0,24.0,3.0,3.0,0.0,2.0,2.0,4.0,1.0,1.0,0.0,1.0,0.0,0.0,1.0,25.0,3.0,3.0,0.0,2.0,2.0,4.0,0.0,0.0,0.0,0.0,0.0,0.0,0.0,0.0,0.0,0.0,0.0,3.0,0.0,0.0,0.0,0.0,1.0,0.0,2.0,1.0,0.0,2.0,0.0,1.0,0.0,0.0,1.0,0.0,2.0,0.0,1.0,1.0,1.0,2.0,0.0,1.0,5.0,2.0,2.0,0.0,0.0,0.0,0.0,0.0,0.0,0.0,1.0,1.0,0.0,0.0,0.0,0.0,0.0,0.0,0.0,0.0,1.0,0.0,0.0,0.0,0.0,0.0,0.0,0.0,0.0,0.0,0.0,0.0,0.0,0.0,0.0,0.0,0.0,1.0,0.0,1.0,1.0,1.0,0.0,0.0,1.0,0.0,0.0,1.0,0.0,0.0,0.0,0.0,1.0,1.0,1.0,3.0,1.0,0.0,0.0,1.0,1.0,0.0,0.0,1.0,0.0,2.0,2.0,1.0,0.0,0.0,1.0,0.0,0.0,3.0,0.0,0.0,0.0,0.0,0.0,1.0,0.0,0.0,0.0,0.0,0.0,2.0,0.0,1.0,0.0,1.0,1.0,1.0,1.0,24.0,1.0,2.0,9.0,8.0,8.0,8.0,27.0
CHEMBL3675805,Ki,95.7,29.0,6.0,3.0,0.0,3.0,0.0,3.0,0.0,38.0,8.0,3.0,0.0,3.0,0.0,3.0,0.0,1.0,0.0,0.0,3.0,3.0,3.0,38.0,8.0,4.0,0.0,6.0,0.0,6.0,1.0,1.0,32.0,9.0,3.0,0.0,6.0,0.0,6.0,2.0,0.0,0.0,0.0,31.0,9.0,4.0,0.0,3.0,0.0,3.0,0.0,0.0,0.0,0.0,0.0,0.0,31.0,6.0,3.0,0.0,3.0,0.0,3.0,1.0,0.0,0.0,0.0,0.0,2.0,0.0,0.0,0.0,0.0,29.0,6.0,4.0,0.0,6.0,0.0,6.0,0.0,2.0,0.0,0.0,0.0,24.0,7.0,7.0,0.0,6.0,0.0,6.0,0.0,0.0,0.0,0.0,0.0,24.0,4.0,3.0,0.0,3.0,0.0,3.0,1.0,1.0,0.0,0.0,0.0,0.0,0.0,26.0,3.0,3.0,0.0,0.0,0.0,0.0,0.0,0.0,3.0,3.0,0.0,0.0,0.0,0.0,0.0,0.0,0.0,3.0,0.0,0.0,0.0,0.0,1.0,0.0,2.0,1.0,0.0,2.0,0.0,1.0,0.0,0.0,1.0,1.0,2.0,0.0,2.0,0.0,0.0,3.0,0.0,1.0,6.0,2.0,2.0,0.0,0.0,0.0,0.0,0.0,0.0,0.0,1.0,1.0,0.0,0.0,0.0,0.0,0.0,0.0,0.0,0.0,1.0,0.0,0.0,0.0,0.0,0.0,0.0,0.0,0.0,0.0,0.0,0.0,0.0,0.0,0.0,0.0,0.0,1.0,0.0,1.0,1.0,1.0,0.0,0.0,1.0,0.0,0.0,1.0,0.0,0.0,0.0,0.0,1.0,0.0,0.0,3.0,1.0,0.0,0.0,1.0,1.0,0.0,0.0,1.0,0.0,3.0,2.0,1.0,0.0,0.0,1.0,0.0,0.0,3.0,0.0,0.0,0.0,0.0,0.0,1.0,0.0,3.0,0.0,0.0,0.0,2.0,0.0,1.0,0.0,1.0,0.0,1.0,1.0,24.0,1.0,2.0,9.0,8.0,8.0,9.0,28.0
CHEMBL3675814,Ki,39.6,28.0,6.0,4.0,0.0,0.0,3.0,3.0,0.0,36.0,8.0,4.0,0.0,0.0,6.0,6.0,0.0,2.0,0.0,0.0,0.0,0.0,0.0,36.0,8.0,7.0,0.0,0.0,7.0,7.0,1.0,1.0,31.0,9.0,8.0,0.0,0.0,6.0,6.0,2.0,0.0,0.0,0.0,30.0,9.0,9.0,0.0,0.0,6.0,6.0,0.0,0.0,0.0,0.0,0.0,0.0,29.0,6.0,5.0,0.0,0.0,4.0,4.0,1.0,1.0,0.0,2.0,2.0,2.0,1.0,0.0,0.0,0.0,27.0,6.0,6.0,0.0,0.0,4.0,4.0,0.0,2.0,0.0,1.0,0.0,23.0,7.0,10.0,0.0,0.0,5.0,5.0,0.0,0.0,0.0,0.0,0.0,24.0,3.0,5.0,0.0,0.0,3.0,3.0,1.0,2.0,0.0,2.0,1.0,0.0,2.0,25.0,3.0,5.0,0.0,0.0,5.0,5.0,0.0,0.0,0.0,0.0,0.0,0.0,0.0,0.0,0.0,0.0,0.0,2.0,0.0,0.0,0.0,0.0,1.0,0.0,1.0,1.0,0.0,2.0,0.0,2.0,0.0,0.0,1.0,0.0,3.0,0.0,1.0,2.0,3.0,0.0,0.0,1.0,5.0,3.0,2.0,0.0,0.0,0.0,0.0,0.0,0.0,0.0,1.0,1.0,0.0,0.0,0.0,0.0,0.0,0.0,0.0,0.0,1.0,0.0,0.0,0.0,0.0,0.0,0.0,0.0,0.0,0.0,0.0,0.0,0.0,0.0,0.0,0.0,0.0,1.0,0.0,1.0,1.0,1.0,0.0,0.0,1.0,0.0,0.0,1.0,0.0,0.0,0.0,0.0,1.0,3.0,3.0,3.0,1.0,0.0,0.0,1.0,1.0,0.0,0.0,1.0,0.0,0.0,2.0,2.0,0.0,0.0,1.0,0.0,0.0,4.0,0.0,0.0,0.0,0.0,0.0,1.0,0.0,0.0,0.0,0.0,0.0,3.0,0.0,2.0,0.0,4.0,3.0,1.0,1.0,24.0,1.0,4.0,10.0,7.0,7.0,8.0,28.0
CHEMBL3675818,Ki,26.1,29.0,6.0,3.0,0.0,4.0,1.0,5.0,0.0,38.0,8.0,3.0,0.0,5.0,2.0,7.0,0.0,1.0,0.0,0.0,3.0,3.0,3.0,38.0,8.0,4.0,0.0,8.0,3.0,11.0,1.0,1.0,33.0,9.0,3.0,0.0,7.0,3.0,10.0,2.0,0.0,0.0,0.0,33.0,9.0,4.0,0.0,7.0,2.0,9.0,0.0,0.0,0.0,0.0,0.0,0.0,30.0,8.0,3.0,0.0,11.0,1.0,12.0,1.0,0.0,0.0,0.0,0.0,2.0,0.0,0.0,0.0,0.0,29.0,6.0,4.0,0.0,5.0,0.0,5.0,0.0,2.0,6.0,7.0,0.0,26.0,7.0,7.0,0.0,7.0,1.0,8.0,0.0,0.0,0.0,0.0,0.0,26.0,4.0,4.0,0.0,9.0,1.0,10.0,1.0,1.0,1.0,1.0,0.0,0.0,0.0,27.0,3.0,3.0,0.0,7.0,2.0,9.0,0.0,0.0,3.0,3.0,0.0,3.0,3.0,0.0,0.0,0.0,0.0,3.0,0.0,0.0,0.0,0.0,1.0,0.0,2.0,1.0,0.0,2.0,0.0,1.0,0.0,0.0,1.0,1.0,2.0,0.0,1.0,2.0,1.0,4.0,0.0,1.0,6.0,2.0,2.0,0.0,0.0,0.0,0.0,0.0,0.0,0.0,1.0,1.0,0.0,0.0,0.0,0.0,0.0,0.0,0.0,0.0,1.0,0.0,0.0,0.0,0.0,0.0,0.0,0.0,0.0,0.0,0.0,0.0,0.0,0.0,0.0,0.0,0.0,1.0,0.0,1.0,1.0,1.0,0.0,0.0,1.0,0.0,0.0,1.0,0.0,0.0,0.0,0.0,1.0,1.0,1.0,3.0,1.0,0.0,0.0,1.0,1.0,0.0,0.0,1.0,0.0,4.0,2.0,1.0,0.0,0.0,1.0,0.0,0.0,3.0,0.0,0.0,0.0,0.0,0.0,1.0,0.0,3.0,0.0,0.0,0.0,2.0,0.0,1.0,0.0,1.0,1.0,1.0,1.0,24.0,1.0,2.0,9.0,8.0,8.0,9.0,28.0
CHEMBL3675823,Ki,28.0,29.0,6.0,3.0,0.0,3.0,2.0,5.0,0.0,38.0,8.0,3.0,0.0,3.0,4.0,7.0,0.0,1.0,0.0,0.0,3.0,3.0,3.0,38.0,8.0,4.0,0.0,6.0,5.0,11.0,1.0,1.0,33.0,9.0,3.0,0.0,6.0,4.0,10.0,2.0,0.0,1.0,0.0,33.0,9.0,4.0,0.0,6.0,4.0,10.0,0.0,0.0,0.0,0.0,0.0,0.0,30.0,8.0,3.0,0.0,9.0,4.0,13.0,1.0,0.0,0.0,0.0,0.0,2.0,0.0,0.0,0.0,0.0,29.0,6.0,4.0,0.0,3.0,4.0,7.0,0.0,2.0,6.0,6.0,0.0,26.0,7.0,7.0,0.0,6.0,4.0,10.0,0.0,0.0,0.0,0.0,0.0,26.0,4.0,4.0,0.0,9.0,3.0,12.0,1.0,1.0,0.0,1.0,0.0,0.0,0.0,27.0,3.0,3.0,0.0,6.0,3.0,9.0,0.0,0.0,3.0,4.0,0.0,3.0,3.0,0.0,0.0,0.0,0.0,3.0,0.0,0.0,0.0,0.0,1.0,0.0,2.0,1.0,0.0,2.0,0.0,1.0,0.0,0.0,1.0,1.0,2.0,0.0,1.0,2.0,2.0,3.0,0.0,1.0,6.0,2.0,2.0,0.0,0.0,0.0,0.0,0.0,0.0,0.0,1.0,1.0,0.0,0.0,0.0,0.0,0.0,0.0,0.0,0.0,1.0,0.0,0.0,0.0,0.0,0.0,0.0,0.0,0.0,0.0,0.0,0.0,0.0,0.0,0.0,0.0,0.0,1.0,0.0,1.0,1.0,1.0,0.0,0.0,1.0,0.0,0.0,1.0,0.0,0.0,0.0,0.0,1.0,2.0,2.0,3.0,1.0,0.0,0.0,1.0,1.0,0.0,0.0,1.0,0.0,3.0,2.0,1.0,0.0,0.0,1.0,0.0,0.0,3.0,0.0,0.0,0.0,0.0,0.0,1.0,0.0,3.0,0.0,0.0,0.0,2.0,0.0,1.0,0.0,1.0,2.0,1.0,1.0,24.0,1.0,2.0,9.0,8.0,8.0,9.0,28.0
CHEMBL3675899,Ki,104.4,28.0,6.0,3.0,0.0,1.0,1.0,2.0,0.0,36.0,8.0,3.0,0.0,2.0,2.0,4.0,0.0,1.0,0.0,0.0,0.0,0.0,0.0,36.0,8.0,4.0,0.0,3.0,2.0,5.0,1.0,1.0,31.0,9.0,3.0,0.0,3.0,2.0,5.0,2.0,0.0,0.0,0.0,30.0,9.0,4.0,0.0,2.0,3.0,5.0,0.0,0.0,0.0,0.0,0.0,0.0,29.0,6.0,3.0,0.0,1.0,1.0,2.0,1.0,0.0,0.0,2.0,2.0,2.0,0.0,0.0,0.0,0.0,27.0,6.0,4.0,0.0,0.0,2.0,2.0,0.0,2.0,1.0,1.0,0.0,23.0,7.0,7.0,0.0,1.0,3.0,4.0,0.0,0.0,0.0,0.0,0.0,24.0,3.0,3.0,0.0,1.0,2.0,3.0,1.0,1.0,0.0,1.0,0.0,0.0,1.0,25.0,3.0,3.0,0.0,2.0,2.0,4.0,0.0,0.0,0.0,0.0,0.0,0.0,0.0,0.0,0.0,0.0,0.0,3.0,0.0,0.0,0.0,0.0,1.0,0.0,2.0,1.0,0.0,2.0,0.0,1.0,0.0,0.0,1.0,0.0,2.0,0.0,1.0,1.0,1.0,1.0,0.0,1.0,5.0,2.0,2.0,0.0,0.0,0.0,0.0,0.0,0.0,0.0,1.0,1.0,0.0,0.0,0.0,0.0,0.0,0.0,0.0,0.0,1.0,0.0,0.0,0.0,0.0,0.0,0.0,0.0,0.0,0.0,0.0,0.0,0.0,0.0,0.0,0.0,0.0,1.0,0.0,1.0,1.0,1.0,0.0,0.0,1.0,0.0,0.0,1.0,0.0,0.0,0.0,0.0,1.0,1.0,1.0,3.0,1.0,0.0,0.0,1.0,1.0,0.0,0.0,1.0,0.0,1.0,2.0,1.0,0.0,0.0,1.0,0.0,0.0,3.0,0.0,0.0,0.0,0.0,0.0,1.0,0.0,0.0,0.0,0.0,0.0,2.0,0.0,1.0,0.0,1.0,1.0,1.0,1.0,24.0,1.0,2.0,9.0,8.0,8.0,8.0,27.0
CHEMBL3675905,Ki,21.5,28.0,6.0,5.0,0.0,3.0,2.0,5.0,0.0,37.0,8.0,5.0,0.0,0.0,4.0,4.0,0.0,1.0,3.0,3.0,3.0,3.0,3.0,38.0,8.0,6.0,0.0,3.0,5.0,8.0,1.0,1.0,33.0,9.0,4.0,0.0,6.0,5.0,11.0,2.0,0.0,1.0,0.0,31.0,9.0,5.0,0.0,6.0,6.0,12.0,0.0,0.0,0.0,0.0,0.0,0.0,30.0,6.0,5.0,0.0,3.0,3.0,6.0,1.0,0.0,0.0,2.0,2.0,2.0,0.0,0.0,0.0,0.0,29.0,6.0,6.0,0.0,3.0,4.0,7.0,0.0,2.0,0.0,0.0,0.0,25.0,7.0,8.0,0.0,6.0,7.0,13.0,0.0,0.0,0.0,0.0,0.0,25.0,3.0,3.0,0.0,6.0,5.0,11.0,1.0,2.0,0.0,1.0,0.0,0.0,1.0,25.0,4.0,4.0,0.0,3.0,3.0,6.0,0.0,0.0,0.0,1.0,0.0,0.0,0.0,0.0,0.0,0.0,0.0,3.0,0.0,0.0,0.0,0.0,1.0,0.0,2.0,1.0,0.0,2.0,0.0,1.0,0.0,0.0,1.0,1.0,2.0,0.0,1.0,2.0,2.0,3.0,1.0,1.0,6.0,2.0,2.0,0.0,0.0,0.0,0.0,0.0,0.0,0.0,1.0,1.0,0.0,0.0,0.0,0.0,0.0,0.0,0.0,0.0,1.0,0.0,0.0,0.0,0.0,0.0,0.0,0.0,0.0,0.0,0.0,0.0,0.0,0.0,0.0,0.0,0.0,1.0,0.0,1.0,1.0,1.0,0.0,0.0,1.0,0.0,0.0,1.0,0.0,0.0,0.0,0.0,1.0,2.0,2.0,3.0,1.0,0.0,0.0,1.0,1.0,0.0,0.0,2.0,1.0,3.0,2.0,1.0,0.0,0.0,1.0,0.0,0.0,4.0,0.0,0.0,3.0,0.0,0.0,1.0,0.0,3.0,0.0,3.0,3.0,2.0,0.0,1.0,0.0,1.0,2.0,1.0,1.0,24.0,1.0,2.0,11.0,8.0,8.0,10.0,28.0
CHEMBL3675803,Ki,22.4,28.0,6.0,3.0,0.0,0.0,3.0,3.0,0.0,36.0,8.0,3.0,0.0,0.0,6.0,6.0,0.0,1.0,0.0,0.0,0.0,0.0,0.0,36.0,8.0,4.0,0.0,0.0,7.0,7.0,1.0,1.0,31.0,9.0,3.0,0.0,0.0,6.0,6.0,2.0,0.0,0.0,0.0,30.0,9.0,4.0,0.0,0.0,6.0,6.0,0.0,0.0,0.0,0.0,0.0,0.0,29.0,6.0,3.0,0.0,0.0,4.0,4.0,1.0,0.0,0.0,2.0,2.0,2.0,0.0,0.0,0.0,0.0,27.0,6.0,4.0,0.0,0.0,4.0,4.0,0.0,2.0,0.0,1.0,0.0,23.0,7.0,7.0,0.0,0.0,5.0,5.0,0.0,0.0,0.0,0.0,0.0,24.0,3.0,3.0,0.0,0.0,3.0,3.0,1.0,1.0,0.0,2.0,0.0,0.0,1.0,25.0,3.0,3.0,0.0,0.0,5.0,5.0,0.0,0.0,0.0,0.0,0.0,0.0,0.0,0.0,0.0,0.0,0.0,3.0,0.0,0.0,0.0,0.0,1.0,0.0,2.0,1.0,0.0,2.0,0.0,1.0,0.0,0.0,1.0,0.0,2.0,0.0,1.0,2.0,3.0,0.0,0.0,1.0,5.0,2.0,2.0,0.0,0.0,0.0,0.0,0.0,0.0,0.0,1.0,1.0,0.0,0.0,0.0,0.0,0.0,0.0,0.0,0.0,1.0,0.0,0.0,0.0,0.0,0.0,0.0,0.0,0.0,0.0,0.0,0.0,0.0,0.0,0.0,0.0,0.0,1.0,0.0,1.0,1.0,1.0,0.0,0.0,1.0,0.0,0.0,1.0,0.0,0.0,0.0,0.0,1.0,3.0,3.0,3.0,1.0,0.0,0.0,1.0,1.0,0.0,0.0,1.0,0.0,0.0,2.0,1.0,0.0,0.0,1.0,0.0,0.0,3.0,0.0,0.0,0.0,0.0,0.0,1.0,0.0,0.0,0.0,0.0,0.0,2.0,0.0,1.0,0.0,1.0,3.0,1.0,1.0,24.0,1.0,2.0,9.0,8.0,8.0,8.0,27.0
CHEMBL3675806,Ki,31.2,28.0,6.0,3.0,0.0,0.0,3.0,3.0,0.0,36.0,8.0,3.0,0.0,0.0,6.0,6.0,0.0,1.0,0.0,0.0,0.0,0.0,0.0,36.0,8.0,4.0,0.0,0.0,7.0,7.0,1.0,1.0,31.0,9.0,3.0,0.0,0.0,6.0,6.0,2.0,0.0,1.0,0.0,30.0,9.0,4.0,0.0,0.0,7.0,7.0,0.0,0.0,0.0,0.0,0.0,0.0,29.0,6.0,3.0,0.0,0.0,5.0,5.0,1.0,0.0,0.0,2.0,2.0,2.0,0.0,0.0,0.0,0.0,27.0,6.0,4.0,0.0,0.0,6.0,6.0,0.0,2.0,0.0,0.0,0.0,23.0,7.0,7.0,0.0,0.0,7.0,7.0,0.0,0.0,0.0,0.0,0.0,24.0,3.0,3.0,0.0,0.0,5.0,5.0,1.0,1.0,0.0,2.0,0.0,0.0,1.0,25.0,3.0,3.0,0.0,0.0,4.0,4.0,0.0,0.0,0.0,1.0,0.0,0.0,0.0,0.0,0.0,0.0,0.0,3.0,0.0,0.0,0.0,0.0,1.0,0.0,2.0,1.0,0.0,2.0,0.0,1.0,0.0,0.0,1.0,0.0,2.0,0.0,1.0,2.0,3.0,0.0,0.0,1.0,5.0,2.0,2.0,0.0,0.0,0.0,0.0,0.0,0.0,0.0,1.0,1.0,0.0,0.0,0.0,0.0,0.0,0.0,0.0,0.0,1.0,0.0,0.0,0.0,0.0,0.0,0.0,0.0,0.0,0.0,0.0,0.0,0.0,0.0,0.0,0.0,0.0,1.0,0.0,1.0,1.0,1.0,0.0,0.0,1.0,0.0,0.0,1.0,0.0,0.0,0.0,0.0,1.0,3.0,3.0,3.0,1.0,0.0,0.0,1.0,1.0,0.0,0.0,1.0,0.0,0.0,2.0,1.0,0.0,0.0,1.0,0.0,0.0,3.0,0.0,0.0,0.0,0.0,0.0,1.0,0.0,0.0,0.0,0.0,0.0,2.0,0.0,1.0,0.0,1.0,3.0,1.0,1.0,24.0,1.0,2.0,9.0,8.0,8.0,8.0,27.0
CHEMBL3675843,Ki,156.5,29.0,6.0,3.0,0.0,3.0,3.0,6.0,0.0,38.0,8.0,3.0,0.0,3.0,6.0,9.0,0.0,1.0,0.0,0.0,3.0,3.0,3.0,39.0,8.0,4.0,0.0,6.0,6.0,12.0,1.0,1.0,34.0,10.0,3.0,0.0,9.0,5.0,14.0,2.0,0.0,0.0,0.0,33.0,9.0,4.0,0.0,9.0,6.0,15.0,0.0,0.0,3.0,0.0,3.0,0.0,31.0,6.0,3.0,0.0,9.0,6.0,15.0,1.0,0.0,0.0,2.0,2.0,2.0,0.0,0.0,0.0,0.0,29.0,6.0,4.0,0.0,6.0,6.0,12.0,0.0,2.0,0.0,0.0,0.0,26.0,7.0,7.0,0.0,6.0,4.0,10.0,0.0,0.0,0.0,1.0,0.0,27.0,3.0,3.0,0.0,9.0,3.0,12.0,1.0,1.0,0.0,2.0,0.0,0.0,1.0,26.0,4.0,3.0,0.0,9.0,5.0,14.0,0.0,0.0,0.0,0.0,0.0,0.0,0.0,0.0,0.0,0.0,0.0,3.0,0.0,0.0,0.0,0.0,1.0,0.0,2.0,1.0,0.0,2.0,0.0,1.0,0.0,0.0,1.0,1.0,2.0,0.0,0.0,3.0,3.0,3.0,0.0,1.0,6.0,2.0,2.0,0.0,0.0,0.0,0.0,0.0,0.0,0.0,1.0,1.0,0.0,0.0,0.0,0.0,0.0,0.0,0.0,0.0,1.0,0.0,0.0,0.0,0.0,0.0,0.0,0.0,0.0,0.0,0.0,0.0,0.0,0.0,0.0,0.0,0.0,1.0,0.0,1.0,1.0,1.0,0.0,0.0,1.0,0.0,0.0,1.0,0.0,0.0,0.0,0.0,1.0,3.0,3.0,3.0,1.0,0.0,0.0,1.0,1.0,0.0,0.0,1.0,0.0,3.0,2.0,1.0,0.0,0.0,1.0,0.0,0.0,3.0,0.0,0.0,0.0,0.0,0.0,1.0,0.0,3.0,0.0,0.0,0.0,2.0,0.0,1.0,0.0,1.0,3.0,1.0,1.0,24.0,1.0,2.0,9.0,8.0,8.0,9.0,28.0
CHEMBL3675857,Ki,52.2,28.0,6.0,3.0,2.0,0.0,1.0,1.0,0.0,37.0,8.0,7.0,2.0,0.0,2.0,2.0,0.0,1.0,0.0,0.0,0.0,0.0,0.0,38.0,8.0,8.0,2.0,0.0,2.0,2.0,1.0,1.0,33.0,9.0,7.0,2.0,0.0,1.0,1.0,2.0,0.0,0.0,0.0,32.0,9.0,8.0,3.0,0.0,1.0,1.0,0.0,0.0,0.0,0.0,0.0,0.0,32.0,6.0,9.0,1.0,0.0,2.0,2.0,1.0,0.0,0.0,0.0,0.0,2.0,0.0,0.0,0.0,0.0,28.0,8.0,6.0,2.0,0.0,2.0,2.0,0.0,6.0,0.0,0.0,0.0,25.0,7.0,11.0,3.0,0.0,1.0,1.0,0.0,0.0,0.0,0.0,0.0,27.0,3.0,9.0,2.0,0.0,0.0,0.0,1.0,1.0,0.0,1.0,0.0,0.0,0.0,27.0,4.0,8.0,2.0,0.0,1.0,1.0,0.0,2.0,0.0,0.0,2.0,0.0,0.0,0.0,0.0,0.0,0.0,3.0,0.0,0.0,0.0,0.0,1.0,0.0,2.0,1.0,1.0,2.0,0.0,1.0,0.0,0.0,1.0,0.0,2.0,0.0,2.0,1.0,1.0,0.0,0.0,1.0,6.0,2.0,2.0,0.0,0.0,0.0,0.0,0.0,0.0,0.0,1.0,1.0,0.0,0.0,0.0,0.0,0.0,0.0,0.0,0.0,1.0,0.0,0.0,0.0,0.0,0.0,0.0,0.0,0.0,0.0,0.0,0.0,0.0,0.0,0.0,0.0,0.0,1.0,0.0,1.0,1.0,1.0,0.0,0.0,1.0,0.0,0.0,1.0,0.0,0.0,0.0,0.0,1.0,1.0,1.0,3.0,1.0,0.0,0.0,1.0,1.0,0.0,0.0,1.0,0.0,0.0,2.0,1.0,0.0,0.0,1.0,0.0,0.0,5.0,0.0,0.0,0.0,0.0,0.0,1.0,0.0,0.0,0.0,0.0,0.0,2.0,0.0,1.0,0.0,1.0,1.0,1.0,1.0,24.0,1.0,6.0,11.0,9.0,9.0,9.0,28.0
CHEMBL3675811,Ki,33.9,28.0,6.0,3.0,0.0,1.0,1.0,2.0,0.0,36.0,8.0,3.0,0.0,2.0,2.0,4.0,0.0,1.0,0.0,0.0,0.0,0.0,0.0,36.0,8.0,4.0,0.0,2.0,2.0,4.0,1.0,1.0,31.0,9.0,3.0,0.0,1.0,2.0,3.0,2.0,0.0,0.0,0.0,30.0,9.0,4.0,0.0,1.0,3.0,4.0,0.0,0.0,0.0,0.0,0.0,0.0,29.0,6.0,3.0,0.0,2.0,1.0,3.0,1.0,0.0,0.0,2.0,2.0,2.0,0.0,0.0,0.0,0.0,27.0,6.0,4.0,0.0,2.0,2.0,4.0,0.0,2.0,0.0,0.0,0.0,23.0,7.0,7.0,0.0,1.0,3.0,4.0,0.0,0.0,0.0,0.0,0.0,24.0,3.0,3.0,0.0,0.0,2.0,2.0,1.0,1.0,1.0,2.0,0.0,0.0,1.0,25.0,3.0,3.0,0.0,1.0,2.0,3.0,0.0,0.0,0.0,0.0,0.0,0.0,0.0,0.0,0.0,0.0,0.0,3.0,0.0,0.0,0.0,0.0,1.0,0.0,2.0,1.0,0.0,2.0,0.0,1.0,0.0,0.0,1.0,0.0,2.0,0.0,2.0,1.0,1.0,1.0,0.0,1.0,5.0,2.0,2.0,0.0,0.0,0.0,0.0,0.0,0.0,0.0,1.0,1.0,0.0,0.0,0.0,0.0,0.0,0.0,0.0,0.0,1.0,0.0,0.0,0.0,0.0,0.0,0.0,0.0,0.0,0.0,0.0,0.0,0.0,0.0,0.0,0.0,0.0,1.0,0.0,1.0,1.0,1.0,0.0,0.0,1.0,0.0,0.0,1.0,0.0,0.0,0.0,0.0,1.0,1.0,1.0,3.0,1.0,0.0,0.0,1.0,1.0,0.0,0.0,1.0,0.0,1.0,2.0,1.0,0.0,0.0,1.0,0.0,0.0,3.0,0.0,0.0,0.0,0.0,0.0,1.0,0.0,0.0,0.0,0.0,0.0,2.0,0.0,1.0,0.0,1.0,1.0,1.0,1.0,24.0,1.0,2.0,9.0,8.0,8.0,8.0,27.0
CHEMBL3675816,Ki,19.4,29.0,6.0,3.0,0.0,3.0,2.0,5.0,0.0,38.0,8.0,3.0,0.0,3.0,4.0,7.0,0.0,1.0,0.0,0.0,3.0,3.0,3.0,38.0,8.0,4.0,0.0,6.0,5.0,11.0,1.0,1.0,33.0,9.0,3.0,0.0,6.0,4.0,10.0,2.0,0.0,0.0,0.0,33.0,9.0,4.0,0.0,6.0,3.0,9.0,0.0,0.0,0.0,0.0,0.0,0.0,30.0,8.0,3.0,0.0,9.0,3.0,12.0,1.0,0.0,0.0,0.0,0.0,2.0,0.0,0.0,0.0,0.0,29.0,6.0,4.0,0.0,3.0,2.0,5.0,0.0,2.0,6.0,7.0,0.0,26.0,7.0,7.0,0.0,6.0,2.0,8.0,0.0,0.0,0.0,0.0,0.0,26.0,4.0,4.0,0.0,9.0,1.0,10.0,1.0,1.0,0.0,1.0,0.0,0.0,0.0,27.0,3.0,3.0,0.0,6.0,3.0,9.0,0.0,0.0,3.0,3.0,0.0,3.0,3.0,0.0,0.0,0.0,0.0,3.0,0.0,0.0,0.0,0.0,1.0,0.0,2.0,1.0,0.0,2.0,0.0,1.0,0.0,0.0,1.0,1.0,2.0,0.0,1.0,2.0,2.0,3.0,0.0,1.0,6.0,2.0,2.0,0.0,0.0,0.0,0.0,0.0,0.0,0.0,1.0,1.0,0.0,0.0,0.0,0.0,0.0,0.0,0.0,0.0,1.0,0.0,0.0,0.0,0.0,0.0,0.0,0.0,0.0,0.0,0.0,0.0,0.0,0.0,0.0,0.0,0.0,1.0,0.0,1.0,1.0,1.0,0.0,0.0,1.0,0.0,0.0,1.0,0.0,0.0,0.0,0.0,1.0,2.0,2.0,3.0,1.0,0.0,0.0,1.0,1.0,0.0,0.0,1.0,0.0,3.0,2.0,1.0,0.0,0.0,1.0,0.0,0.0,3.0,0.0,0.0,0.0,0.0,0.0,1.0,0.0,3.0,0.0,0.0,0.0,2.0,0.0,1.0,0.0,1.0,2.0,1.0,1.0,24.0,1.0,2.0,9.0,8.0,8.0,9.0,28.0
CHEMBL3675820,Ki,47.0,30.0,6.0,3.0,0.0,6.0,1.0,7.0,0.0,40.0,8.0,3.0,0.0,6.0,2.0,8.0,0.0,1.0,0.0,0.0,6.0,6.0,6.0,41.0,8.0,4.0,0.0,12.0,2.0,14.0,1.0,1.0,36.0,9.0,3.0,0.0,15.0,2.0,17.0,2.0,0.0,0.0,0.0,35.0,9.0,4.0,0.0,15.0,1.0,16.0,0.0,0.0,0.0,0.0,0.0,0.0,31.0,8.0,3.0,0.0,15.0,2.0,17.0,1.0,0.0,0.0,0.0,0.0,2.0,0.0,0.0,0.0,0.0,29.0,7.0,4.0,0.0,6.0,2.0,8.0,0.0,2.0,6.0,6.0,0.0,27.0,7.0,7.0,0.0,6.0,1.0,7.0,0.0,0.0,3.0,3.0,0.0,27.0,4.0,4.0,0.0,12.0,0.0,12.0,1.0,1.0,0.0,1.0,0.0,0.0,0.0,29.0,3.0,3.0,0.0,9.0,1.0,10.0,0.0,0.0,3.0,3.0,0.0,3.0,3.0,0.0,0.0,0.0,0.0,3.0,0.0,0.0,0.0,0.0,1.0,0.0,2.0,1.0,0.0,2.0,0.0,1.0,0.0,0.0,1.0,2.0,2.0,0.0,1.0,2.0,1.0,6.0,0.0,1.0,7.0,2.0,2.0,0.0,0.0,0.0,0.0,0.0,0.0,0.0,1.0,1.0,0.0,0.0,0.0,0.0,0.0,0.0,0.0,0.0,1.0,0.0,0.0,0.0,0.0,0.0,0.0,0.0,0.0,0.0,0.0,0.0,0.0,0.0,0.0,0.0,0.0,1.0,0.0,1.0,1.0,1.0,0.0,0.0,1.0,0.0,0.0,1.0,0.0,0.0,0.0,0.0,1.0,1.0,1.0,3.0,1.0,0.0,0.0,1.0,1.0,0.0,0.0,1.0,0.0,6.0,2.0,1.0,0.0,0.0,1.0,0.0,0.0,3.0,0.0,0.0,0.0,0.0,0.0,1.0,0.0,6.0,0.0,0.0,0.0,2.0,0.0,1.0,0.0,1.0,1.0,1.0,1.0,24.0,1.0,2.0,9.0,8.0,8.0,10.0,29.0
CHEMBL3617571,Ki,15.0,22.0,10.0,3.0,0.0,3.0,0.0,3.0,0.0,29.0,11.0,3.0,0.0,3.0,0.0,3.0,2.0,1.0,0.0,0.0,3.0,3.0,3.0,23.0,19.0,5.0,0.0,6.0,0.0,6.0,0.0,0.0,24.0,12.0,2.0,0.0,6.0,0.0,6.0,3.0,0.0,0.0,0.0,27.0,13.0,4.0,0.0,3.0,0.0,3.0,0.0,0.0,0.0,0.0,0.0,0.0,24.0,12.0,2.0,0.0,3.0,0.0,3.0,3.0,1.0,0.0,0.0,0.0,2.0,0.0,0.0,0.0,0.0,23.0,10.0,5.0,0.0,0.0,0.0,0.0,0.0,0.0,6.0,6.0,0.0,20.0,8.0,4.0,0.0,6.0,0.0,6.0,0.0,2.0,0.0,0.0,0.0,20.0,9.0,5.0,0.0,3.0,0.0,3.0,0.0,0.0,0.0,0.0,0.0,0.0,0.0,21.0,5.0,2.0,0.0,3.0,0.0,3.0,2.0,4.0,0.0,0.0,0.0,0.0,0.0,2.0,1.0,0.0,0.0,3.0,2.0,0.0,0.0,0.0,1.0,0.0,1.0,1.0,2.0,2.0,1.0,1.0,0.0,0.0,1.0,1.0,2.0,0.0,1.0,0.0,0.0,3.0,0.0,1.0,10.0,2.0,6.0,0.0,0.0,1.0,0.0,0.0,0.0,0.0,1.0,5.0,0.0,0.0,0.0,0.0,1.0,0.0,0.0,0.0,1.0,0.0,2.0,0.0,0.0,0.0,0.0,0.0,0.0,0.0,0.0,0.0,0.0,0.0,0.0,2.0,0.0,2.0,0.0,1.0,1.0,2.0,0.0,0.0,1.0,0.0,0.0,1.0,0.0,0.0,0.0,0.0,1.0,0.0,0.0,3.0,1.0,0.0,0.0,1.0,0.0,0.0,0.0,1.0,0.0,3.0,2.0,1.0,0.0,0.0,1.0,0.0,0.0,3.0,0.0,0.0,0.0,0.0,2.0,2.0,1.0,3.0,0.0,0.0,0.0,2.0,0.0,1.0,0.0,1.0,0.0,3.0,3.0,18.0,3.0,2.0,13.0,12.0,12.0,11.0,22.0
CHEMBL3675830,Ki,14.4,29.0,6.0,3.0,0.0,4.0,2.0,6.0,0.0,38.0,8.0,3.0,0.0,5.0,4.0,9.0,0.0,1.0,0.0,0.0,3.0,3.0,3.0,38.0,8.0,4.0,0.0,8.0,5.0,13.0,1.0,1.0,33.0,9.0,3.0,0.0,7.0,5.0,12.0,2.0,0.0,1.0,0.0,33.0,9.0,4.0,0.0,7.0,5.0,12.0,0.0,0.0,0.0,0.0,0.0,0.0,30.0,8.0,3.0,0.0,11.0,4.0,15.0,1.0,0.0,0.0,0.0,0.0,2.0,0.0,0.0,0.0,1.0,29.0,6.0,4.0,0.0,5.0,3.0,8.0,0.0,2.0,6.0,6.0,0.0,26.0,7.0,7.0,0.0,7.0,3.0,10.0,0.0,0.0,0.0,1.0,0.0,26.0,4.0,4.0,0.0,9.0,4.0,13.0,1.0,1.0,1.0,1.0,0.0,0.0,0.0,27.0,3.0,3.0,0.0,7.0,3.0,10.0,0.0,0.0,3.0,4.0,0.0,3.0,3.0,0.0,0.0,0.0,0.0,3.0,0.0,0.0,0.0,0.0,1.0,0.0,2.0,1.0,0.0,2.0,0.0,1.0,0.0,0.0,1.0,1.0,2.0,0.0,0.0,3.0,2.0,4.0,0.0,1.0,6.0,2.0,2.0,0.0,0.0,0.0,0.0,0.0,0.0,0.0,1.0,1.0,0.0,0.0,0.0,0.0,0.0,0.0,0.0,0.0,1.0,0.0,0.0,0.0,0.0,0.0,0.0,0.0,0.0,0.0,0.0,0.0,0.0,0.0,0.0,0.0,0.0,1.0,0.0,1.0,1.0,1.0,0.0,0.0,1.0,0.0,0.0,1.0,0.0,0.0,0.0,0.0,1.0,2.0,2.0,3.0,1.0,0.0,0.0,1.0,1.0,0.0,0.0,1.0,0.0,4.0,2.0,1.0,0.0,0.0,1.0,0.0,0.0,3.0,0.0,0.0,0.0,0.0,0.0,1.0,0.0,3.0,0.0,0.0,0.0,2.0,0.0,1.0,0.0,1.0,2.0,1.0,1.0,24.0,1.0,2.0,9.0,8.0,8.0,9.0,28.0
CHEMBL3675841,Ki,102.9,28.0,6.0,3.0,0.0,2.0,2.0,4.0,0.0,36.0,8.0,3.0,0.0,4.0,4.0,8.0,0.0,1.0,0.0,0.0,0.0,0.0,0.0,36.0,8.0,4.0,0.0,5.0,4.0,9.0,1.0,1.0,31.0,9.0,3.0,0.0,5.0,3.0,8.0,2.0,1.0,1.0,0.0,30.0,9.0,4.0,0.0,6.0,3.0,9.0,0.0,0.0,0.0,0.0,0.0,0.0,29.0,6.0,3.0,0.0,3.0,4.0,7.0,1.0,0.0,2.0,0.0,2.0,2.0,0.0,0.0,1.0,1.0,27.0,6.0,4.0,0.0,4.0,3.0,7.0,0.0,2.0,0.0,0.0,0.0,23.0,7.0,7.0,0.0,6.0,1.0,7.0,0.0,0.0,0.0,1.0,0.0,24.0,3.0,3.0,0.0,5.0,1.0,6.0,1.0,1.0,1.0,2.0,0.0,1.0,1.0,25.0,3.0,3.0,0.0,3.0,2.0,5.0,0.0,0.0,1.0,1.0,0.0,0.0,0.0,0.0,0.0,0.0,0.0,3.0,0.0,0.0,0.0,0.0,1.0,0.0,2.0,1.0,0.0,2.0,0.0,1.0,0.0,0.0,1.0,0.0,2.0,0.0,0.0,3.0,2.0,2.0,0.0,1.0,5.0,2.0,2.0,0.0,0.0,0.0,0.0,0.0,0.0,0.0,1.0,1.0,0.0,0.0,0.0,0.0,0.0,0.0,0.0,0.0,1.0,0.0,0.0,0.0,0.0,0.0,0.0,0.0,0.0,0.0,0.0,0.0,0.0,0.0,0.0,0.0,0.0,1.0,0.0,1.0,1.0,1.0,0.0,0.0,1.0,0.0,0.0,1.0,0.0,0.0,0.0,0.0,1.0,2.0,2.0,3.0,1.0,0.0,0.0,1.0,1.0,0.0,0.0,1.0,0.0,2.0,2.0,1.0,0.0,0.0,1.0,0.0,0.0,3.0,0.0,0.0,0.0,0.0,0.0,1.0,0.0,0.0,0.0,0.0,0.0,2.0,0.0,1.0,0.0,1.0,2.0,1.0,1.0,24.0,1.0,2.0,9.0,8.0,8.0,8.0,27.0
CHEMBL3675861,Ki,14.9,29.0,6.0,3.0,0.0,3.0,3.0,6.0,0.0,38.0,8.0,3.0,0.0,3.0,6.0,9.0,0.0,1.0,0.0,0.0,3.0,3.0,3.0,38.0,8.0,4.0,0.0,6.0,8.0,14.0,1.0,1.0,33.0,9.0,3.0,0.0,6.0,7.0,13.0,2.0,0.0,2.0,0.0,33.0,9.0,4.0,0.0,6.0,7.0,13.0,0.0,0.0,0.0,0.0,0.0,0.0,30.0,8.0,3.0,0.0,9.0,7.0,16.0,1.0,0.0,0.0,1.0,1.0,2.0,0.0,0.0,0.0,0.0,29.0,6.0,4.0,0.0,3.0,7.0,10.0,0.0,2.0,6.0,6.0,0.0,26.0,7.0,7.0,0.0,6.0,6.0,12.0,0.0,0.0,0.0,0.0,0.0,26.0,4.0,4.0,0.0,9.0,4.0,13.0,1.0,1.0,0.0,2.0,0.0,0.0,1.0,27.0,3.0,3.0,0.0,6.0,6.0,12.0,0.0,0.0,3.0,4.0,0.0,3.0,3.0,0.0,0.0,0.0,0.0,3.0,0.0,0.0,0.0,0.0,1.0,0.0,2.0,1.0,0.0,2.0,0.0,1.0,0.0,0.0,1.0,1.0,2.0,0.0,1.0,1.0,3.0,3.0,0.0,1.0,6.0,2.0,2.0,0.0,0.0,0.0,0.0,0.0,0.0,0.0,1.0,1.0,0.0,0.0,0.0,0.0,0.0,0.0,0.0,0.0,1.0,0.0,0.0,0.0,0.0,0.0,0.0,0.0,0.0,0.0,0.0,0.0,0.0,0.0,0.0,0.0,0.0,1.0,0.0,1.0,1.0,1.0,0.0,0.0,1.0,0.0,0.0,1.0,0.0,0.0,0.0,0.0,1.0,3.0,3.0,3.0,1.0,0.0,0.0,1.0,1.0,0.0,0.0,1.0,0.0,3.0,2.0,1.0,0.0,0.0,1.0,0.0,0.0,3.0,0.0,0.0,0.0,0.0,0.0,1.0,0.0,3.0,0.0,0.0,0.0,2.0,0.0,1.0,0.0,1.0,3.0,1.0,1.0,24.0,1.0,2.0,9.0,8.0,8.0,9.0,28.0
CHEMBL3675865,Ki,24.0,30.0,6.0,3.0,0.0,3.0,2.0,5.0,0.0,40.0,8.0,3.0,0.0,3.0,4.0,7.0,0.0,1.0,0.0,0.0,3.0,3.0,3.0,41.0,8.0,4.0,0.0,6.0,5.0,11.0,1.0,1.0,36.0,10.0,3.0,0.0,6.0,3.0,9.0,2.0,0.0,0.0,0.0,36.0,9.0,4.0,0.0,6.0,2.0,8.0,0.0,0.0,0.0,1.0,1.0,0.0,32.0,8.0,3.0,0.0,9.0,5.0,14.0,1.0,0.0,0.0,0.0,0.0,2.0,0.0,0.0,0.0,0.0,31.0,6.0,4.0,0.0,3.0,6.0,9.0,0.0,2.0,6.0,7.0,0.0,29.0,7.0,7.0,0.0,6.0,4.0,10.0,0.0,0.0,0.0,0.0,0.0,29.0,4.0,4.0,0.0,9.0,3.0,12.0,1.0,1.0,0.0,1.0,0.0,0.0,0.0,29.0,4.0,3.0,0.0,6.0,2.0,8.0,0.0,0.0,3.0,4.0,0.0,3.0,4.0,0.0,0.0,0.0,0.0,3.0,0.0,0.0,0.0,0.0,1.0,0.0,2.0,1.0,1.0,2.0,0.0,1.0,0.0,0.0,1.0,1.0,2.0,0.0,1.0,1.0,2.0,3.0,0.0,1.0,7.0,2.0,2.0,0.0,0.0,0.0,0.0,0.0,0.0,0.0,1.0,1.0,0.0,0.0,0.0,0.0,0.0,0.0,0.0,0.0,1.0,0.0,0.0,0.0,0.0,0.0,0.0,0.0,0.0,0.0,0.0,0.0,0.0,0.0,0.0,0.0,0.0,1.0,0.0,1.0,1.0,1.0,0.0,0.0,1.0,0.0,0.0,1.0,0.0,0.0,0.0,0.0,1.0,2.0,2.0,3.0,1.0,0.0,0.0,1.0,1.0,0.0,0.0,1.0,0.0,3.0,2.0,1.0,0.0,0.0,1.0,0.0,0.0,3.0,0.0,0.0,0.0,0.0,1.0,1.0,0.0,3.0,0.0,0.0,0.0,2.0,0.0,1.0,0.0,1.0,2.0,1.0,1.0,24.0,1.0,2.0,9.0,9.0,9.0,9.0,28.0
CHEMBL3675872,Ki,19.4,28.0,6.0,3.0,0.0,1.0,3.0,4.0,0.0,36.0,8.0,3.0,0.0,2.0,6.0,8.0,0.0,1.0,0.0,0.0,0.0,0.0,0.0,36.0,8.0,4.0,0.0,3.0,7.0,10.0,1.0,1.0,31.0,9.0,3.0,0.0,3.0,6.0,9.0,2.0,1.0,1.0,0.0,30.0,9.0,4.0,0.0,3.0,6.0,9.0,0.0,0.0,0.0,0.0,0.0,0.0,29.0,6.0,3.0,0.0,2.0,4.0,6.0,1.0,0.0,0.0,2.0,2.0,2.0,0.0,0.0,0.0,0.0,27.0,6.0,4.0,0.0,2.0,4.0,6.0,0.0,2.0,0.0,1.0,0.0,23.0,7.0,7.0,0.0,3.0,5.0,8.0,0.0,0.0,0.0,0.0,0.0,24.0,3.0,3.0,0.0,3.0,3.0,6.0,1.0,1.0,0.0,2.0,0.0,0.0,1.0,25.0,3.0,3.0,0.0,1.0,5.0,6.0,0.0,0.0,1.0,1.0,0.0,0.0,0.0,0.0,0.0,0.0,0.0,3.0,0.0,0.0,0.0,0.0,1.0,0.0,2.0,1.0,0.0,2.0,0.0,1.0,0.0,0.0,1.0,0.0,2.0,0.0,0.0,3.0,3.0,1.0,0.0,1.0,5.0,2.0,2.0,0.0,0.0,0.0,0.0,0.0,0.0,0.0,1.0,1.0,0.0,0.0,0.0,0.0,0.0,0.0,0.0,0.0,1.0,0.0,0.0,0.0,0.0,0.0,0.0,0.0,0.0,0.0,0.0,0.0,0.0,0.0,0.0,0.0,0.0,1.0,0.0,1.0,1.0,1.0,0.0,0.0,1.0,0.0,0.0,1.0,0.0,0.0,0.0,0.0,1.0,3.0,3.0,3.0,1.0,0.0,0.0,1.0,1.0,0.0,0.0,1.0,0.0,1.0,2.0,1.0,0.0,0.0,1.0,0.0,0.0,3.0,0.0,0.0,0.0,0.0,0.0,1.0,0.0,0.0,0.0,0.0,0.0,2.0,0.0,1.0,0.0,1.0,3.0,1.0,1.0,24.0,1.0,2.0,9.0,8.0,8.0,8.0,27.0
CHEMBL3675874,Ki,33.5,28.0,6.0,4.0,0.0,2.0,2.0,4.0,0.0,36.0,8.0,4.0,0.0,4.0,4.0,8.0,0.0,2.0,0.0,0.0,0.0,0.0,0.0,36.0,8.0,7.0,0.0,4.0,5.0,9.0,1.0,1.0,31.0,9.0,8.0,0.0,4.0,4.0,8.0,2.0,0.0,0.0,0.0,30.0,9.0,9.0,0.0,4.0,3.0,7.0,0.0,0.0,1.0,0.0,1.0,0.0,29.0,6.0,5.0,0.0,4.0,3.0,7.0,1.0,1.0,2.0,0.0,2.0,2.0,1.0,0.0,0.0,0.0,27.0,6.0,6.0,0.0,5.0,2.0,7.0,0.0,2.0,1.0,2.0,0.0,23.0,7.0,10.0,0.0,6.0,2.0,8.0,0.0,0.0,0.0,0.0,0.0,24.0,3.0,5.0,0.0,4.0,1.0,5.0,1.0,2.0,1.0,2.0,1.0,1.0,2.0,25.0,3.0,5.0,0.0,3.0,3.0,6.0,0.0,0.0,1.0,1.0,0.0,1.0,1.0,0.0,0.0,0.0,0.0,2.0,0.0,0.0,0.0,0.0,1.0,0.0,1.0,1.0,0.0,2.0,0.0,2.0,0.0,0.0,1.0,0.0,3.0,0.0,1.0,1.0,2.0,2.0,0.0,1.0,5.0,3.0,2.0,0.0,0.0,0.0,0.0,0.0,0.0,0.0,1.0,1.0,0.0,0.0,0.0,0.0,0.0,0.0,0.0,0.0,1.0,0.0,0.0,0.0,0.0,0.0,0.0,0.0,0.0,0.0,0.0,0.0,0.0,0.0,0.0,0.0,0.0,1.0,0.0,1.0,1.0,1.0,0.0,0.0,1.0,0.0,0.0,1.0,0.0,0.0,0.0,0.0,1.0,2.0,2.0,3.0,1.0,0.0,0.0,1.0,1.0,0.0,0.0,1.0,0.0,2.0,2.0,2.0,0.0,0.0,1.0,0.0,0.0,4.0,0.0,0.0,0.0,0.0,0.0,1.0,0.0,0.0,0.0,0.0,0.0,3.0,0.0,2.0,0.0,4.0,2.0,1.0,1.0,24.0,1.0,4.0,10.0,7.0,7.0,8.0,28.0
CHEMBL3675904,Ki,29.1,29.0,6.0,3.0,0.0,1.0,2.0,3.0,0.0,38.0,8.0,3.0,0.0,2.0,4.0,6.0,0.0,1.0,0.0,0.0,0.0,0.0,0.0,38.0,8.0,4.0,0.0,3.0,5.0,8.0,1.0,1.0,33.0,9.0,3.0,0.0,1.0,5.0,6.0,2.0,0.0,1.0,0.0,32.0,9.0,4.0,0.0,1.0,6.0,7.0,0.0,0.0,0.0,0.0,0.0,0.0,31.0,6.0,3.0,0.0,2.0,4.0,6.0,1.0,0.0,0.0,2.0,2.0,2.0,0.0,0.0,0.0,0.0,28.0,6.0,4.0,0.0,2.0,4.0,6.0,0.0,2.0,0.0,0.0,0.0,23.0,8.0,7.0,0.0,1.0,6.0,7.0,0.0,0.0,0.0,0.0,0.0,25.0,3.0,3.0,0.0,0.0,5.0,5.0,1.0,1.0,1.0,2.0,0.0,0.0,1.0,26.0,3.0,3.0,0.0,1.0,3.0,4.0,0.0,0.0,0.0,1.0,0.0,0.0,0.0,0.0,0.0,0.0,0.0,3.0,0.0,0.0,0.0,0.0,1.0,0.0,2.0,1.0,1.0,2.0,0.0,1.0,0.0,0.0,1.0,0.0,2.0,0.0,0.0,3.0,2.0,1.0,0.0,1.0,6.0,2.0,2.0,0.0,0.0,0.0,0.0,0.0,0.0,0.0,1.0,1.0,0.0,0.0,0.0,0.0,0.0,0.0,0.0,0.0,1.0,0.0,0.0,0.0,0.0,0.0,0.0,0.0,0.0,0.0,0.0,0.0,0.0,0.0,0.0,0.0,0.0,1.0,0.0,1.0,1.0,1.0,0.0,0.0,1.0,0.0,0.0,1.0,0.0,0.0,0.0,0.0,1.0,2.0,2.0,3.0,1.0,0.0,0.0,1.0,1.0,0.0,0.0,1.0,0.0,1.0,2.0,1.0,0.0,0.0,1.0,0.0,0.0,3.0,0.0,0.0,0.0,0.0,1.0,1.0,0.0,0.0,0.0,0.0,0.0,2.0,0.0,1.0,0.0,1.0,2.0,1.0,1.0,24.0,1.0,2.0,9.0,9.0,9.0,8.0,27.0
CHEMBL3680827,Ki,40.0,29.0,6.0,3.0,0.0,4.0,1.0,5.0,0.0,38.0,8.0,3.0,0.0,5.0,2.0,7.0,0.0,1.0,0.0,0.0,3.0,3.0,3.0,39.0,8.0,4.0,0.0,8.0,2.0,10.0,1.0,1.0,34.0,9.0,3.0,0.0,11.0,2.0,13.0,2.0,0.0,0.0,0.0,32.0,9.0,4.0,0.0,10.0,3.0,13.0,0.0,0.0,0.0,0.0,0.0,0.0,30.0,6.0,3.0,0.0,8.0,1.0,9.0,1.0,0.0,0.0,2.0,2.0,2.0,0.0,0.0,0.0,0.0,27.0,7.0,4.0,0.0,5.0,2.0,7.0,0.0,2.0,0.0,0.0,0.0,24.0,7.0,7.0,0.0,1.0,3.0,4.0,0.0,0.0,3.0,3.0,0.0,25.0,3.0,3.0,0.0,3.0,2.0,5.0,1.0,1.0,1.0,2.0,0.0,0.0,1.0,27.0,3.0,3.0,0.0,4.0,2.0,6.0,0.0,0.0,0.0,0.0,0.0,0.0,0.0,0.0,0.0,0.0,0.0,3.0,0.0,0.0,0.0,0.0,1.0,0.0,2.0,1.0,0.0,2.0,0.0,1.0,0.0,0.0,1.0,1.0,2.0,0.0,1.0,2.0,1.0,4.0,0.0,1.0,6.0,2.0,2.0,0.0,0.0,0.0,0.0,0.0,0.0,0.0,1.0,1.0,0.0,0.0,0.0,0.0,0.0,0.0,0.0,0.0,1.0,0.0,0.0,0.0,0.0,0.0,0.0,0.0,0.0,0.0,0.0,0.0,0.0,0.0,0.0,0.0,0.0,1.0,0.0,1.0,1.0,1.0,0.0,0.0,1.0,0.0,0.0,1.0,0.0,0.0,0.0,0.0,1.0,1.0,1.0,3.0,1.0,0.0,0.0,1.0,1.0,0.0,0.0,1.0,0.0,4.0,2.0,1.0,0.0,0.0,1.0,0.0,0.0,3.0,0.0,0.0,0.0,0.0,0.0,1.0,0.0,3.0,0.0,0.0,0.0,2.0,0.0,1.0,0.0,1.0,1.0,1.0,1.0,24.0,1.0,2.0,9.0,8.0,8.0,9.0,28.0
CHEMBL3680828,Ki,27.7,28.0,6.0,3.0,0.0,1.0,2.0,3.0,0.0,36.0,8.0,3.0,0.0,2.0,4.0,6.0,0.0,1.0,0.0,0.0,0.0,0.0,0.0,36.0,8.0,4.0,0.0,2.0,4.0,6.0,1.0,1.0,31.0,9.0,3.0,0.0,1.0,4.0,5.0,2.0,0.0,0.0,0.0,30.0,9.0,4.0,0.0,1.0,5.0,6.0,0.0,0.0,0.0,0.0,0.0,0.0,29.0,6.0,3.0,0.0,2.0,3.0,5.0,1.0,0.0,0.0,2.0,2.0,2.0,0.0,0.0,0.0,0.0,27.0,6.0,4.0,0.0,2.0,3.0,5.0,0.0,2.0,0.0,0.0,0.0,23.0,7.0,7.0,0.0,1.0,3.0,4.0,0.0,0.0,0.0,1.0,0.0,24.0,3.0,3.0,0.0,0.0,3.0,3.0,1.0,1.0,1.0,2.0,0.0,0.0,1.0,25.0,3.0,3.0,0.0,1.0,3.0,4.0,0.0,0.0,0.0,0.0,0.0,0.0,0.0,0.0,0.0,0.0,0.0,3.0,0.0,0.0,0.0,0.0,1.0,0.0,2.0,1.0,0.0,2.0,0.0,1.0,0.0,0.0,1.0,0.0,2.0,0.0,1.0,2.0,2.0,1.0,0.0,1.0,5.0,2.0,2.0,0.0,0.0,0.0,0.0,0.0,0.0,0.0,1.0,1.0,0.0,0.0,0.0,0.0,0.0,0.0,0.0,0.0,1.0,0.0,0.0,0.0,0.0,0.0,0.0,0.0,0.0,0.0,0.0,0.0,0.0,0.0,0.0,0.0,0.0,1.0,0.0,1.0,1.0,1.0,0.0,0.0,1.0,0.0,0.0,1.0,0.0,0.0,0.0,0.0,1.0,2.0,2.0,3.0,1.0,0.0,0.0,1.0,1.0,0.0,0.0,1.0,0.0,1.0,2.0,1.0,0.0,0.0,1.0,0.0,0.0,3.0,0.0,0.0,0.0,0.0,0.0,1.0,0.0,0.0,0.0,0.0,0.0,2.0,0.0,1.0,0.0,1.0,2.0,1.0,1.0,24.0,1.0,2.0,9.0,8.0,8.0,8.0,27.0
CHEMBL3707351,Ki,6.6,32.0,2.0,5.0,0.0,3.0,0.0,3.0,0.0,44.0,2.0,7.0,0.0,3.0,0.0,3.0,0.0,1.0,0.0,0.0,3.0,3.0,3.0,45.0,3.0,10.0,0.0,3.0,0.0,3.0,0.0,0.0,44.0,2.0,9.0,0.0,3.0,0.0,3.0,2.0,0.0,0.0,0.0,43.0,1.0,6.0,0.0,3.0,0.0,3.0,0.0,0.0,0.0,0.0,0.0,0.0,40.0,1.0,6.0,0.0,9.0,0.0,9.0,0.0,0.0,0.0,0.0,0.0,2.0,0.0,0.0,0.0,0.0,39.0,1.0,7.0,0.0,12.0,0.0,12.0,0.0,1.0,0.0,0.0,1.0,39.0,2.0,8.0,0.0,9.0,0.0,9.0,0.0,0.0,0.0,0.0,0.0,26.0,3.0,7.0,0.0,12.0,0.0,12.0,0.0,0.0,0.0,0.0,0.0,0.0,0.0,25.0,2.0,8.0,0.0,3.0,0.0,3.0,0.0,0.0,3.0,3.0,0.0,3.0,3.0,1.0,0.0,0.0,0.0,4.0,1.0,0.0,0.0,0.0,2.0,0.0,1.0,1.0,5.0,1.0,0.0,1.0,0.0,0.0,1.0,2.0,2.0,0.0,2.0,0.0,0.0,3.0,1.0,1.0,14.0,2.0,8.0,0.0,0.0,1.0,3.0,0.0,0.0,0.0,1.0,6.0,0.0,0.0,0.0,0.0,0.0,0.0,0.0,0.0,1.0,4.0,1.0,0.0,0.0,1.0,0.0,0.0,0.0,0.0,0.0,0.0,0.0,0.0,0.0,0.0,0.0,1.0,0.0,1.0,2.0,1.0,0.0,0.0,1.0,0.0,0.0,1.0,0.0,0.0,0.0,0.0,2.0,0.0,0.0,2.0,1.0,0.0,0.0,1.0,0.0,0.0,0.0,2.0,1.0,3.0,1.0,1.0,0.0,0.0,1.0,0.0,0.0,4.0,0.0,0.0,0.0,0.0,5.0,3.0,0.0,3.0,0.0,0.0,0.0,2.0,0.0,1.0,0.0,2.0,0.0,0.0,0.0,18.0,0.0,2.0,7.0,15.0,15.0,12.0,24.0
