Molecule ChEMBL ID,Standard Type,Standard Value,APC2D1_C_C,APC2D1_C_N,APC2D1_C_O,APC2D1_C_S,APC2D1_C_F,APC2D1_C_X,APC2D2_C_C,APC2D2_C_N,APC2D2_C_O,APC2D2_C_S,APC2D2_C_F,APC2D2_C_Cl,APC2D2_C_X,APC2D2_N_N,APC2D2_N_O,APC2D2_F_F,APC2D2_F_X,APC2D2_X_X,APC2D3_C_C,APC2D3_C_N,APC2D3_C_O,APC2D3_C_S,APC2D3_C_F,APC2D3_C_Cl,APC2D3_C_X,APC2D3_N_N,APC2D3_N_O,APC2D4_C_C,APC2D4_C_N,APC2D4_C_O,APC2D4_C_S,APC2D4_C_F,APC2D4_C_X,APC2D4_N_N,APC2D4_N_O,APC2D4_N_F,APC2D4_N_X,APC2D5_C_C,APC2D5_C_N,APC2D5_C_O,APC2D5_C_S,APC2D5_C_F,APC2D5_C_X,APC2D5_N_N,APC2D5_N_O,APC2D5_N_F,APC2D5_N_X,APC2D5_O_O,APC2D6_C_C,APC2D6_C_N,APC2D6_C_O,APC2D6_C_S,APC2D6_C_F,APC2D6_C_X,APC2D6_N_N,APC2D6_N_O,APC2D6_O_O,APC2D7_C_C,APC2D7_C_N,APC2D7_C_O,APC2D7_C_S,APC2D7_C_F,APC2D7_C_Cl,APC2D7_C_X,APC2D7_N_N,APC2D7_N_O,APC2D7_N_F,APC2D7_N_X,APC2D8_C_C,APC2D8_C_N,APC2D8_C_O,APC2D8_C_S,APC2D8_C_F,APC2D8_C_X,APC2D8_N_N,APC2D8_N_O,APC2D8_N_F,APC2D8_N_X,APC2D8_O_O,APC2D9_C_C,APC2D9_C_N,APC2D9_C_O,APC2D9_C_S,APC2D9_C_F,APC2D9_C_X,APC2D9_N_N,APC2D9_N_O,APC2D10_C_C,APC2D10_C_N,APC2D10_C_O,APC2D10_C_F,APC2D10_C_X,APC2D10_N_N,APC2D10_N_O,APC2D10_N_F,APC2D10_N_X,KRFPC1,KRFPC297,KRFPC298,KRFPC341,KRFPC344,KRFPC444,KRFPC467,KRFPC605,KRFPC608,KRFPC647,KRFPC669,KRFPC677,KRFPC839,KRFPC1193,KRFPC2260,KRFPC2262,KRFPC2547,KRFPC2975,KRFPC3025,KRFPC3224,KRFPC3295,KRFPC3369,KRFPC3440,KRFPC3455,KRFPC3640,KRFPC3659,KRFPC3660,KRFPC3661,KRFPC3671,KRFPC3682,KRFPC3692,KRFPC3706,KRFPC3712,KRFPC3719,KRFPC3722,KRFPC3729,KRFPC3733,KRFPC3737,KRFPC3740,KRFPC3741,KRFPC3744,KRFPC3750,KRFPC3751,KRFPC3752,KRFPC3773,KRFPC3775,KRFPC3777,KRFPC3781,KRFPC3782,KRFPC3786,KRFPC3788,KRFPC3789,KRFPC3882,KRFPC3926,KRFPC3937,KRFPC3942,KRFPC3943,KRFPC3948,KRFPC3956,KRFPC4000,KRFPC4032,KRFPC4080,KRFPC4237,KRFPC4294,KRFPC4295,KRFPC4331,SubFPC1,SubFPC2,SubFPC9,SubFPC18,SubFPC23,SubFPC88,SubFPC137,SubFPC181,SubFPC184,SubFPC274,SubFPC275,SubFPC287,SubFPC295,SubFPC300,SubFPC301,SubFPC302,SubFPC307
CHEMBL419409,Inhibition,-11.0,25.0,3.0,3.0,0.0,2.0,2.0,32.0,7.0,4.0,0.0,4.0,0.0,4.0,0.0,0.0,0.0,0.0,0.0,30.0,5.0,7.0,0.0,4.0,0.0,4.0,0.0,0.0,29.0,3.0,6.0,0.0,3.0,3.0,0.0,0.0,0.0,0.0,31.0,3.0,7.0,0.0,2.0,2.0,0.0,0.0,1.0,1.0,0.0,29.0,3.0,4.0,0.0,3.0,3.0,0.0,1.0,0.0,23.0,4.0,4.0,0.0,3.0,0.0,3.0,0.0,0.0,0.0,0.0,17.0,3.0,6.0,0.0,3.0,3.0,0.0,3.0,0.0,0.0,0.0,18.0,6.0,3.0,0.0,2.0,2.0,0.0,0.0,17.0,3.0,3.0,3.0,3.0,0.0,0.0,0.0,0.0,0.0,0.0,0.0,0.0,0.0,0.0,0.0,0.0,0.0,0.0,3.0,1.0,0.0,1.0,2.0,0.0,1.0,7.0,1.0,3.0,0.0,1.0,0.0,0.0,3.0,0.0,0.0,0.0,0.0,0.0,0.0,0.0,0.0,0.0,0.0,0.0,0.0,0.0,0.0,0.0,0.0,3.0,0.0,0.0,0.0,0.0,0.0,0.0,0.0,0.0,0.0,0.0,1.0,0.0,0.0,0.0,0.0,0.0,1.0,1.0,2.0,2.0,0.0,0.0,0.0,2.0,2.0,0.0,0.0,1.0,0.0,0.0,4.0,0.0,0.0,18.0,0.0,4.0,6.0,6.0,6.0,5.0,21.0
CHEMBL400754,Inhibition,25.0,17.0,6.0,4.0,0.0,0.0,0.0,22.0,8.0,6.0,0.0,0.0,0.0,0.0,0.0,1.0,0.0,0.0,0.0,22.0,7.0,4.0,0.0,0.0,0.0,0.0,1.0,2.0,16.0,11.0,7.0,0.0,0.0,0.0,0.0,0.0,0.0,0.0,19.0,6.0,6.0,0.0,0.0,0.0,0.0,2.0,0.0,0.0,0.0,21.0,2.0,7.0,0.0,0.0,0.0,1.0,3.0,0.0,18.0,4.0,9.0,0.0,0.0,0.0,0.0,0.0,0.0,0.0,0.0,16.0,3.0,6.0,0.0,0.0,0.0,0.0,0.0,0.0,0.0,1.0,11.0,2.0,5.0,0.0,0.0,0.0,1.0,0.0,5.0,4.0,3.0,0.0,0.0,0.0,0.0,0.0,0.0,1.0,5.0,2.0,2.0,0.0,0.0,0.0,1.0,0.0,0.0,1.0,1.0,1.0,1.0,0.0,1.0,0.0,9.0,1.0,5.0,0.0,1.0,0.0,0.0,5.0,2.0,1.0,0.0,0.0,0.0,4.0,1.0,0.0,0.0,0.0,1.0,4.0,0.0,2.0,0.0,0.0,2.0,0.0,0.0,2.0,0.0,0.0,0.0,1.0,0.0,0.0,0.0,3.0,1.0,0.0,0.0,3.0,0.0,1.0,0.0,0.0,3.0,1.0,0.0,0.0,2.0,1.0,2.0,0.0,0.0,1.0,1.0,1.0,0.0,1.0,11.0,2.0,2.0,10.0,11.0,11.0,5.0,14.0
CHEMBL2376144,Inhibition,-7.0,18.0,15.0,2.0,0.0,0.0,1.0,25.0,21.0,2.0,0.0,0.0,2.0,2.0,1.0,2.0,0.0,0.0,0.0,22.0,20.0,6.0,0.0,0.0,2.0,2.0,4.0,1.0,23.0,14.0,5.0,0.0,0.0,1.0,5.0,2.0,0.0,1.0,21.0,15.0,3.0,0.0,0.0,2.0,2.0,2.0,0.0,1.0,1.0,17.0,20.0,6.0,0.0,0.0,1.0,1.0,1.0,0.0,21.0,10.0,3.0,0.0,0.0,1.0,1.0,5.0,3.0,0.0,1.0,18.0,12.0,4.0,0.0,0.0,1.0,2.0,2.0,0.0,1.0,0.0,11.0,14.0,5.0,0.0,0.0,2.0,0.0,1.0,13.0,9.0,2.0,0.0,2.0,1.0,1.0,0.0,1.0,2.0,2.0,1.0,0.0,0.0,0.0,0.0,0.0,0.0,0.0,2.0,1.0,1.0,2.0,0.0,1.0,0.0,9.0,2.0,5.0,1.0,1.0,0.0,1.0,4.0,0.0,0.0,0.0,1.0,0.0,0.0,0.0,0.0,0.0,0.0,0.0,0.0,0.0,4.0,2.0,0.0,5.0,2.0,1.0,7.0,2.0,2.0,4.0,2.0,0.0,0.0,0.0,5.0,4.0,1.0,3.0,0.0,0.0,0.0,0.0,0.0,3.0,2.0,1.0,0.0,2.0,1.0,0.0,0.0,0.0,0.0,2.0,1.0,3.0,5.0,18.0,6.0,2.0,17.0,12.0,12.0,5.0,21.0
CHEMBL2425646,Inhibition,85.0,16.0,9.0,1.0,0.0,0.0,0.0,22.0,8.0,2.0,0.0,0.0,0.0,0.0,4.0,0.0,0.0,0.0,0.0,18.0,14.0,2.0,0.0,0.0,0.0,0.0,0.0,0.0,16.0,10.0,1.0,0.0,0.0,0.0,2.0,0.0,0.0,0.0,15.0,11.0,0.0,0.0,0.0,0.0,0.0,1.0,0.0,0.0,0.0,13.0,11.0,1.0,0.0,0.0,0.0,0.0,0.0,0.0,13.0,6.0,0.0,0.0,0.0,0.0,0.0,0.0,2.0,0.0,0.0,13.0,3.0,2.0,0.0,0.0,0.0,0.0,0.0,0.0,0.0,0.0,13.0,0.0,1.0,0.0,0.0,0.0,0.0,1.0,9.0,0.0,2.0,0.0,0.0,0.0,0.0,0.0,0.0,2.0,4.0,4.0,2.0,0.0,0.0,0.0,0.0,0.0,0.0,0.0,1.0,0.0,0.0,0.0,0.0,0.0,6.0,0.0,6.0,0.0,0.0,0.0,0.0,6.0,0.0,0.0,2.0,0.0,0.0,6.0,6.0,1.0,0.0,0.0,2.0,2.0,2.0,2.0,0.0,2.0,2.0,0.0,0.0,0.0,0.0,0.0,0.0,0.0,0.0,2.0,0.0,1.0,0.0,0.0,0.0,0.0,0.0,1.0,0.0,0.0,1.0,0.0,0.0,0.0,1.0,0.0,4.0,0.0,0.0,0.0,0.0,0.0,2.0,3.0,15.0,3.0,0.0,10.0,9.0,9.0,2.0,16.0
CHEMBL464211,Inhibition,80.0,22.0,15.0,4.0,2.0,2.0,2.0,33.0,13.0,4.0,4.0,4.0,0.0,4.0,3.0,4.0,0.0,0.0,0.0,30.0,14.0,11.0,2.0,4.0,0.0,4.0,0.0,0.0,28.0,12.0,8.0,3.0,3.0,3.0,1.0,3.0,1.0,1.0,30.0,11.0,7.0,3.0,3.0,3.0,1.0,1.0,1.0,1.0,0.0,27.0,13.0,8.0,3.0,4.0,4.0,1.0,1.0,0.0,24.0,12.0,5.0,1.0,5.0,0.0,5.0,0.0,2.0,2.0,2.0,21.0,10.0,6.0,0.0,3.0,3.0,0.0,0.0,1.0,1.0,0.0,22.0,8.0,4.0,1.0,2.0,2.0,1.0,1.0,21.0,8.0,4.0,4.0,4.0,0.0,0.0,1.0,1.0,0.0,3.0,0.0,1.0,0.0,0.0,0.0,0.0,0.0,0.0,1.0,1.0,1.0,2.0,2.0,2.0,1.0,6.0,2.0,2.0,0.0,0.0,0.0,0.0,0.0,0.0,0.0,0.0,0.0,0.0,0.0,0.0,0.0,0.0,0.0,0.0,0.0,0.0,0.0,0.0,0.0,2.0,1.0,0.0,3.0,0.0,0.0,3.0,0.0,0.0,0.0,0.0,6.0,4.0,0.0,5.0,3.0,0.0,0.0,0.0,2.0,3.0,4.0,1.0,0.0,3.0,1.0,0.0,0.0,0.0,0.0,0.0,0.0,2.0,4.0,26.0,6.0,0.0,21.0,7.0,7.0,7.0,28.0
CHEMBL3301610,Inhibition,35.5,20.0,19.0,0.0,0.0,2.0,2.0,30.0,20.0,0.0,0.0,4.0,0.0,4.0,5.0,0.0,0.0,0.0,0.0,35.0,20.0,0.0,0.0,3.0,0.0,3.0,1.0,0.0,32.0,16.0,0.0,0.0,6.0,6.0,3.0,0.0,1.0,1.0,26.0,19.0,0.0,0.0,5.0,5.0,1.0,0.0,2.0,2.0,0.0,24.0,17.0,0.0,0.0,6.0,6.0,2.0,0.0,0.0,22.0,15.0,0.0,0.0,3.0,0.0,3.0,3.0,0.0,4.0,4.0,22.0,11.0,0.0,0.0,6.0,6.0,4.0,0.0,0.0,0.0,0.0,15.0,16.0,0.0,0.0,2.0,2.0,2.0,0.0,16.0,13.0,0.0,3.0,3.0,1.0,0.0,0.0,0.0,1.0,6.0,0.0,2.0,0.0,0.0,0.0,6.0,0.0,0.0,4.0,1.0,0.0,0.0,2.0,2.0,0.0,11.0,0.0,5.0,0.0,0.0,0.0,0.0,1.0,0.0,0.0,0.0,0.0,0.0,0.0,0.0,0.0,0.0,0.0,0.0,0.0,0.0,0.0,0.0,0.0,5.0,5.0,4.0,10.0,0.0,0.0,0.0,4.0,0.0,0.0,0.0,6.0,6.0,0.0,0.0,0.0,0.0,0.0,0.0,2.0,3.0,0.0,2.0,0.0,0.0,4.0,0.0,0.0,0.0,2.0,0.0,0.0,4.0,5.0,21.0,7.0,0.0,19.0,16.0,16.0,6.0,21.0
CHEMBL1917776,Inhibition,19.3,26.0,9.0,2.0,0.0,3.0,4.0,33.0,15.0,2.0,0.0,3.0,2.0,5.0,1.0,2.0,3.0,3.0,3.0,32.0,14.0,5.0,0.0,6.0,3.0,9.0,4.0,0.0,26.0,17.0,6.0,0.0,6.0,7.0,0.0,2.0,0.0,0.0,28.0,15.0,8.0,0.0,6.0,7.0,1.0,1.0,0.0,0.0,0.0,29.0,14.0,5.0,0.0,0.0,0.0,0.0,0.0,0.0,28.0,11.0,4.0,0.0,3.0,1.0,4.0,1.0,2.0,0.0,0.0,25.0,6.0,5.0,0.0,6.0,8.0,2.0,0.0,0.0,0.0,0.0,23.0,6.0,4.0,0.0,6.0,8.0,0.0,1.0,21.0,7.0,2.0,6.0,8.0,0.0,2.0,0.0,0.0,0.0,2.0,0.0,0.0,0.0,0.0,0.0,0.0,0.0,0.0,0.0,2.0,2.0,2.0,3.0,0.0,0.0,6.0,2.0,2.0,1.0,0.0,0.0,1.0,1.0,0.0,0.0,0.0,1.0,1.0,0.0,0.0,0.0,0.0,0.0,0.0,0.0,0.0,1.0,0.0,0.0,1.0,0.0,0.0,0.0,0.0,0.0,0.0,0.0,0.0,0.0,0.0,2.0,0.0,0.0,0.0,1.0,0.0,0.0,0.0,3.0,3.0,2.0,0.0,0.0,2.0,0.0,1.0,3.0,0.0,0.0,2.0,2.0,1.0,2.0,23.0,4.0,6.0,11.0,8.0,8.0,7.0,28.0
CHEMBL2376158,Inhibition,24.0,16.0,17.0,2.0,0.0,2.0,2.0,24.0,19.0,2.0,0.0,4.0,0.0,4.0,2.0,2.0,0.0,0.0,0.0,20.0,19.0,6.0,0.0,3.0,0.0,3.0,4.0,1.0,21.0,13.0,5.0,0.0,5.0,5.0,5.0,2.0,1.0,1.0,19.0,14.0,3.0,0.0,2.0,2.0,2.0,2.0,2.0,2.0,1.0,16.0,19.0,6.0,0.0,2.0,2.0,1.0,1.0,0.0,19.0,10.0,3.0,0.0,3.0,0.0,3.0,5.0,3.0,1.0,1.0,16.0,11.0,4.0,0.0,3.0,3.0,2.0,2.0,2.0,2.0,0.0,11.0,13.0,4.0,0.0,2.0,2.0,0.0,1.0,12.0,9.0,2.0,3.0,3.0,1.0,1.0,1.0,1.0,2.0,2.0,1.0,0.0,0.0,0.0,0.0,0.0,0.0,0.0,1.0,1.0,1.0,2.0,2.0,1.0,0.0,8.0,2.0,5.0,1.0,1.0,0.0,1.0,4.0,0.0,0.0,0.0,1.0,0.0,0.0,0.0,0.0,0.0,0.0,0.0,0.0,0.0,4.0,2.0,0.0,5.0,2.0,1.0,7.0,2.0,2.0,4.0,2.0,0.0,0.0,0.0,5.0,4.0,1.0,3.0,0.0,0.0,0.0,0.0,2.0,3.0,2.0,1.0,0.0,2.0,1.0,0.0,0.0,0.0,0.0,2.0,1.0,3.0,5.0,18.0,6.0,2.0,19.0,11.0,11.0,5.0,21.0
CHEMBL2376154,Inhibition,97.0,21.0,15.0,2.0,0.0,0.0,1.0,27.0,21.0,2.0,0.0,0.0,2.0,2.0,1.0,2.0,0.0,0.0,0.0,24.0,22.0,6.0,0.0,0.0,2.0,2.0,4.0,1.0,25.0,16.0,7.0,0.0,0.0,1.0,5.0,2.0,0.0,1.0,27.0,15.0,5.0,0.0,0.0,2.0,2.0,2.0,0.0,1.0,1.0,23.0,20.0,6.0,0.0,0.0,1.0,1.0,1.0,0.0,25.0,14.0,3.0,0.0,0.0,1.0,1.0,5.0,3.0,0.0,1.0,20.0,16.0,4.0,0.0,0.0,1.0,2.0,2.0,0.0,1.0,0.0,15.0,14.0,5.0,0.0,0.0,2.0,0.0,1.0,15.0,11.0,2.0,0.0,2.0,1.0,1.0,0.0,1.0,3.0,3.0,1.0,0.0,0.0,0.0,0.0,0.0,0.0,0.0,1.0,1.0,1.0,2.0,0.0,1.0,0.0,11.0,2.0,8.0,1.0,3.0,0.0,1.0,7.0,1.0,0.0,2.0,1.0,0.0,3.0,1.0,0.0,0.0,0.0,1.0,3.0,0.0,6.0,2.0,0.0,5.0,2.0,1.0,7.0,2.0,2.0,4.0,2.0,0.0,0.0,0.0,5.0,4.0,1.0,3.0,0.0,0.0,0.0,0.0,0.0,3.0,2.0,1.0,0.0,2.0,0.0,1.0,0.0,0.0,0.0,2.0,1.0,3.0,5.0,18.0,6.0,2.0,17.0,15.0,15.0,6.0,24.0
CHEMBL4465609,Inhibition,55.0,31.0,14.0,4.0,0.0,0.0,1.0,40.0,22.0,4.0,0.0,0.0,1.0,1.0,1.0,4.0,1.0,1.0,1.0,42.0,17.0,9.0,0.0,8.0,0.0,8.0,1.0,0.0,37.0,19.0,11.0,0.0,14.0,15.0,1.0,1.0,0.0,0.0,39.0,12.0,7.0,0.0,4.0,6.0,3.0,4.0,0.0,0.0,0.0,36.0,16.0,10.0,0.0,2.0,4.0,0.0,1.0,0.0,29.0,13.0,10.0,0.0,0.0,2.0,2.0,3.0,2.0,2.0,2.0,26.0,12.0,9.0,0.0,2.0,4.0,2.0,2.0,0.0,1.0,2.0,22.0,15.0,11.0,0.0,2.0,3.0,0.0,2.0,24.0,8.0,8.0,0.0,1.0,2.0,2.0,2.0,3.0,0.0,5.0,0.0,2.0,0.0,0.0,2.0,0.0,0.0,0.0,4.0,4.0,4.0,4.0,2.0,0.0,0.0,20.0,4.0,9.0,3.0,0.0,5.0,3.0,3.0,0.0,0.0,0.0,1.0,1.0,0.0,0.0,0.0,0.0,0.0,0.0,0.0,0.0,2.0,0.0,0.0,6.0,0.0,0.0,3.0,1.0,1.0,2.0,1.0,0.0,0.0,0.0,7.0,2.0,0.0,2.0,2.0,0.0,0.0,0.0,2.0,5.0,4.0,1.0,0.0,4.0,4.0,2.0,0.0,0.0,0.0,4.0,4.0,0.0,2.0,16.0,5.0,12.0,18.0,23.0,23.0,13.0,33.0
CHEMBL4545562,Inhibition,0.0,20.0,20.0,3.0,0.0,0.0,0.0,30.0,19.0,2.0,0.0,0.0,0.0,0.0,5.0,2.0,0.0,0.0,0.0,35.0,21.0,3.0,0.0,0.0,0.0,0.0,1.0,1.0,31.0,17.0,5.0,0.0,0.0,0.0,2.0,0.0,0.0,0.0,30.0,12.0,4.0,0.0,0.0,0.0,4.0,1.0,0.0,0.0,0.0,21.0,20.0,4.0,0.0,0.0,0.0,0.0,0.0,0.0,23.0,9.0,2.0,0.0,0.0,0.0,0.0,6.0,2.0,0.0,0.0,18.0,19.0,4.0,0.0,0.0,0.0,0.0,1.0,0.0,0.0,0.0,21.0,14.0,3.0,0.0,0.0,0.0,3.0,2.0,25.0,11.0,1.0,0.0,0.0,1.0,2.0,0.0,0.0,0.0,10.0,0.0,4.0,0.0,2.0,0.0,4.0,0.0,2.0,2.0,2.0,1.0,1.0,0.0,4.0,1.0,13.0,1.0,6.0,0.0,0.0,0.0,0.0,0.0,0.0,0.0,0.0,0.0,0.0,0.0,0.0,0.0,0.0,0.0,0.0,0.0,0.0,0.0,0.0,0.0,8.0,2.0,1.0,10.0,0.0,0.0,2.0,4.0,1.0,2.0,2.0,10.0,6.0,0.0,2.0,5.0,2.0,2.0,0.0,0.0,6.0,2.0,2.0,2.0,2.0,2.0,0.0,0.0,0.0,2.0,0.0,0.0,2.0,2.0,18.0,6.0,0.0,23.0,20.0,20.0,10.0,23.0
CHEMBL4455755,Inhibition,17.2,21.0,20.0,6.0,0.0,0.0,0.0,33.0,18.0,5.0,0.0,0.0,0.0,0.0,5.0,3.0,0.0,0.0,0.0,35.0,21.0,7.0,0.0,0.0,0.0,0.0,1.0,2.0,29.0,18.0,10.0,0.0,0.0,0.0,2.0,0.0,0.0,0.0,32.0,14.0,6.0,0.0,0.0,0.0,3.0,1.0,0.0,0.0,1.0,26.0,17.0,6.0,0.0,0.0,0.0,1.0,1.0,0.0,23.0,11.0,6.0,0.0,0.0,0.0,0.0,5.0,1.0,0.0,0.0,20.0,17.0,3.0,0.0,0.0,0.0,1.0,3.0,0.0,0.0,1.0,21.0,14.0,5.0,0.0,0.0,0.0,3.0,3.0,21.0,16.0,6.0,0.0,0.0,0.0,2.0,0.0,0.0,0.0,12.0,0.0,6.0,0.0,4.0,0.0,4.0,0.0,4.0,0.0,2.0,1.0,2.0,0.0,4.0,2.0,14.0,2.0,6.0,0.0,0.0,0.0,0.0,0.0,0.0,0.0,0.0,0.0,0.0,0.0,0.0,0.0,0.0,0.0,0.0,0.0,0.0,0.0,0.0,0.0,8.0,4.0,2.0,12.0,0.0,0.0,4.0,4.0,2.0,4.0,4.0,11.0,8.0,0.0,4.0,3.0,6.0,4.0,0.0,0.0,6.0,3.0,2.0,4.0,4.0,0.0,0.0,0.0,0.0,1.0,1.0,2.0,2.0,2.0,18.0,8.0,2.0,26.0,22.0,22.0,9.0,24.0
CHEMBL4466665,Inhibition,53.9,18.0,17.0,3.0,2.0,0.0,0.0,28.0,15.0,6.0,2.0,0.0,0.0,0.0,5.0,2.0,0.0,0.0,0.0,29.0,19.0,7.0,2.0,0.0,0.0,0.0,1.0,1.0,24.0,16.0,9.0,1.0,0.0,0.0,2.0,0.0,0.0,0.0,25.0,12.0,6.0,0.0,0.0,0.0,3.0,1.0,0.0,0.0,0.0,19.0,18.0,4.0,1.0,0.0,0.0,0.0,2.0,0.0,22.0,7.0,4.0,0.0,0.0,0.0,0.0,5.0,1.0,0.0,0.0,16.0,16.0,3.0,2.0,0.0,0.0,0.0,3.0,0.0,0.0,2.0,19.0,10.0,5.0,2.0,0.0,0.0,3.0,2.0,19.0,11.0,5.0,0.0,0.0,0.0,2.0,0.0,0.0,0.0,8.0,0.0,4.0,0.0,2.0,0.0,3.0,0.0,2.0,1.0,2.0,1.0,1.0,0.0,3.0,1.0,10.0,1.0,4.0,0.0,0.0,0.0,0.0,0.0,0.0,0.0,0.0,0.0,0.0,0.0,0.0,0.0,0.0,0.0,0.0,0.0,0.0,0.0,0.0,0.0,6.0,2.0,1.0,8.0,0.0,0.0,2.0,3.0,1.0,2.0,2.0,8.0,5.0,0.0,2.0,3.0,2.0,2.0,0.0,0.0,5.0,2.0,2.0,2.0,4.0,0.0,0.0,0.0,0.0,1.0,0.0,0.0,2.0,2.0,18.0,6.0,4.0,22.0,17.0,17.0,8.0,23.0
CHEMBL4435861,Inhibition,15.9,19.0,18.0,3.0,0.0,0.0,0.0,29.0,16.0,2.0,0.0,0.0,0.0,0.0,5.0,2.0,0.0,0.0,0.0,29.0,21.0,3.0,0.0,0.0,0.0,0.0,1.0,1.0,23.0,19.0,5.0,0.0,0.0,0.0,2.0,0.0,0.0,0.0,25.0,13.0,4.0,0.0,0.0,0.0,4.0,1.0,0.0,0.0,0.0,19.0,19.0,5.0,0.0,0.0,0.0,0.0,0.0,0.0,23.0,7.0,2.0,0.0,0.0,0.0,0.0,6.0,2.0,0.0,0.0,18.0,17.0,2.0,0.0,0.0,0.0,0.0,1.0,0.0,0.0,0.0,17.0,13.0,1.0,0.0,0.0,0.0,3.0,2.0,18.0,11.0,1.0,0.0,0.0,1.0,2.0,0.0,0.0,0.0,8.0,0.0,4.0,0.0,2.0,0.0,3.0,0.0,2.0,0.0,2.0,1.0,1.0,0.0,3.0,1.0,10.0,1.0,4.0,0.0,0.0,0.0,0.0,0.0,0.0,0.0,0.0,0.0,0.0,0.0,0.0,0.0,0.0,0.0,0.0,0.0,0.0,0.0,0.0,0.0,6.0,2.0,1.0,8.0,0.0,0.0,2.0,3.0,1.0,2.0,2.0,8.0,5.0,0.0,2.0,3.0,2.0,2.0,0.0,0.0,6.0,2.0,2.0,2.0,2.0,0.0,0.0,0.0,0.0,1.0,0.0,0.0,2.0,2.0,18.0,6.0,0.0,21.0,16.0,16.0,7.0,22.0
CHEMBL4078141,Inhibition,61.0,19.0,5.0,0.0,0.0,0.0,1.0,26.0,5.0,1.0,0.0,0.0,2.0,2.0,2.0,0.0,0.0,0.0,0.0,24.0,10.0,1.0,0.0,0.0,2.0,2.0,0.0,1.0,17.0,10.0,2.0,0.0,0.0,2.0,0.0,0.0,0.0,0.0,15.0,7.0,2.0,0.0,0.0,3.0,0.0,0.0,0.0,0.0,0.0,14.0,7.0,1.0,0.0,0.0,1.0,0.0,0.0,0.0,14.0,6.0,1.0,0.0,0.0,1.0,1.0,0.0,0.0,0.0,0.0,12.0,4.0,1.0,0.0,0.0,2.0,0.0,0.0,0.0,0.0,0.0,7.0,6.0,1.0,0.0,0.0,2.0,0.0,0.0,4.0,4.0,2.0,0.0,1.0,4.0,0.0,0.0,0.0,0.0,0.0,0.0,0.0,0.0,0.0,0.0,0.0,0.0,0.0,0.0,0.0,0.0,0.0,0.0,0.0,0.0,3.0,0.0,0.0,0.0,0.0,0.0,0.0,0.0,0.0,0.0,0.0,0.0,0.0,0.0,0.0,0.0,0.0,0.0,0.0,0.0,0.0,0.0,0.0,0.0,0.0,0.0,0.0,0.0,0.0,0.0,0.0,0.0,0.0,0.0,0.0,1.0,0.0,0.0,0.0,0.0,0.0,0.0,0.0,0.0,3.0,0.0,0.0,0.0,1.0,0.0,0.0,0.0,0.0,0.0,1.0,0.0,1.0,1.0,16.0,1.0,2.0,5.0,3.0,3.0,1.0,16.0
CHEMBL484324,Inhibition,0.0,24.0,12.0,1.0,0.0,0.0,0.0,38.0,11.0,1.0,0.0,0.0,0.0,0.0,2.0,1.0,0.0,0.0,0.0,36.0,18.0,4.0,0.0,0.0,0.0,0.0,0.0,0.0,34.0,12.0,5.0,0.0,0.0,0.0,4.0,0.0,0.0,0.0,32.0,15.0,5.0,0.0,0.0,0.0,0.0,0.0,0.0,0.0,0.0,33.0,10.0,1.0,0.0,0.0,0.0,1.0,4.0,0.0,28.0,14.0,4.0,0.0,0.0,0.0,0.0,0.0,0.0,0.0,0.0,24.0,15.0,2.0,0.0,0.0,0.0,0.0,0.0,0.0,0.0,0.0,22.0,11.0,2.0,0.0,0.0,0.0,0.0,0.0,22.0,3.0,2.0,0.0,0.0,3.0,0.0,0.0,0.0,0.0,3.0,0.0,1.0,0.0,0.0,0.0,1.0,0.0,0.0,3.0,1.0,0.0,1.0,0.0,2.0,0.0,7.0,1.0,1.0,0.0,0.0,0.0,0.0,0.0,0.0,0.0,0.0,0.0,0.0,0.0,0.0,0.0,0.0,0.0,0.0,0.0,0.0,0.0,0.0,0.0,1.0,1.0,0.0,2.0,0.0,0.0,1.0,0.0,0.0,0.0,0.0,5.0,4.0,0.0,2.0,2.0,0.0,0.0,0.0,0.0,3.0,1.0,0.0,0.0,1.0,1.0,1.0,0.0,0.0,1.0,1.0,3.0,2.0,2.0,22.0,3.0,2.0,13.0,10.0,10.0,5.0,24.0
CHEMBL446087,Inhibition,0.0,19.0,13.0,0.0,0.0,0.0,0.0,30.0,11.0,0.0,0.0,0.0,0.0,0.0,3.0,0.0,0.0,0.0,0.0,29.0,14.0,0.0,0.0,0.0,0.0,0.0,1.0,0.0,26.0,10.0,0.0,0.0,0.0,0.0,3.0,0.0,0.0,0.0,23.0,14.0,0.0,0.0,0.0,0.0,1.0,0.0,0.0,0.0,0.0,20.0,15.0,0.0,0.0,0.0,0.0,0.0,0.0,0.0,21.0,7.0,0.0,0.0,0.0,0.0,0.0,2.0,0.0,0.0,0.0,14.0,12.0,0.0,0.0,0.0,0.0,0.0,0.0,0.0,0.0,0.0,18.0,6.0,0.0,0.0,0.0,0.0,0.0,0.0,14.0,8.0,0.0,0.0,0.0,0.0,0.0,0.0,0.0,0.0,5.0,0.0,2.0,0.0,0.0,0.0,4.0,0.0,0.0,3.0,0.0,0.0,0.0,0.0,3.0,0.0,8.0,0.0,2.0,0.0,0.0,0.0,0.0,0.0,0.0,0.0,0.0,0.0,0.0,0.0,0.0,0.0,0.0,0.0,0.0,0.0,0.0,0.0,0.0,0.0,4.0,2.0,1.0,6.0,0.0,0.0,0.0,2.0,0.0,0.0,0.0,6.0,4.0,0.0,0.0,1.0,0.0,0.0,0.0,0.0,3.0,0.0,2.0,0.0,0.0,2.0,0.0,0.0,0.0,1.0,0.0,0.0,2.0,2.0,18.0,4.0,0.0,13.0,11.0,11.0,5.0,19.0
CHEMBL3593320,Inhibition,38.9,18.0,10.0,2.0,0.0,1.0,1.0,26.0,11.0,3.0,0.0,2.0,0.0,2.0,3.0,2.0,0.0,0.0,0.0,21.0,13.0,5.0,0.0,1.0,0.0,1.0,0.0,1.0,17.0,13.0,4.0,0.0,3.0,3.0,1.0,1.0,0.0,0.0,14.0,11.0,3.0,0.0,1.0,1.0,0.0,1.0,0.0,0.0,1.0,18.0,6.0,3.0,0.0,2.0,2.0,1.0,0.0,0.0,13.0,8.0,6.0,0.0,2.0,0.0,2.0,1.0,0.0,0.0,0.0,12.0,5.0,3.0,0.0,1.0,1.0,1.0,1.0,0.0,0.0,0.0,13.0,5.0,2.0,0.0,0.0,0.0,1.0,1.0,12.0,5.0,3.0,1.0,1.0,1.0,0.0,0.0,0.0,0.0,0.0,0.0,0.0,0.0,0.0,0.0,0.0,0.0,0.0,3.0,1.0,0.0,0.0,1.0,0.0,0.0,5.0,0.0,3.0,0.0,1.0,0.0,0.0,3.0,0.0,0.0,0.0,0.0,0.0,0.0,0.0,0.0,0.0,0.0,0.0,0.0,0.0,0.0,0.0,0.0,0.0,0.0,0.0,0.0,0.0,0.0,0.0,0.0,0.0,0.0,0.0,1.0,0.0,0.0,0.0,1.0,0.0,1.0,0.0,1.0,2.0,0.0,0.0,0.0,1.0,3.0,0.0,0.0,0.0,0.0,0.0,0.0,2.0,4.0,20.0,4.0,2.0,12.0,6.0,6.0,4.0,20.0
CHEMBL482710,Inhibition,0.0,20.0,16.0,1.0,0.0,0.0,0.0,33.0,16.0,1.0,0.0,0.0,0.0,0.0,2.0,1.0,0.0,0.0,0.0,34.0,17.0,4.0,0.0,0.0,0.0,0.0,1.0,0.0,29.0,10.0,4.0,0.0,0.0,0.0,5.0,1.0,0.0,0.0,27.0,17.0,2.0,0.0,0.0,0.0,1.0,1.0,0.0,0.0,0.0,27.0,15.0,1.0,0.0,0.0,0.0,0.0,0.0,0.0,23.0,10.0,1.0,0.0,0.0,0.0,0.0,3.0,1.0,0.0,0.0,18.0,15.0,3.0,0.0,0.0,0.0,0.0,0.0,0.0,0.0,0.0,23.0,9.0,1.0,0.0,0.0,0.0,1.0,2.0,20.0,11.0,2.0,0.0,0.0,0.0,0.0,0.0,0.0,0.0,8.0,0.0,3.0,0.0,0.0,0.0,5.0,0.0,0.0,3.0,0.0,0.0,1.0,0.0,3.0,0.0,12.0,1.0,3.0,0.0,0.0,0.0,0.0,0.0,0.0,0.0,0.0,0.0,0.0,0.0,0.0,0.0,0.0,0.0,0.0,0.0,0.0,0.0,0.0,0.0,5.0,3.0,1.0,8.0,0.0,0.0,2.0,2.0,0.0,0.0,0.0,8.0,7.0,0.0,2.0,0.0,0.0,0.0,0.0,0.0,3.0,1.0,2.0,0.0,1.0,2.0,1.0,0.0,0.0,1.0,1.0,2.0,2.0,3.0,17.0,6.0,2.0,17.0,16.0,16.0,5.0,19.0
CHEMBL3747023,Inhibition,6.0,19.0,15.0,3.0,0.0,0.0,2.0,30.0,12.0,5.0,0.0,0.0,4.0,4.0,4.0,1.0,0.0,0.0,0.0,28.0,17.0,6.0,0.0,0.0,4.0,4.0,1.0,1.0,25.0,12.0,6.0,0.0,0.0,4.0,2.0,1.0,0.0,0.0,24.0,14.0,4.0,0.0,0.0,4.0,1.0,2.0,0.0,0.0,0.0,23.0,14.0,3.0,0.0,0.0,2.0,0.0,2.0,0.0,23.0,10.0,2.0,0.0,0.0,6.0,6.0,2.0,1.0,0.0,0.0,17.0,12.0,3.0,0.0,0.0,0.0,1.0,0.0,0.0,4.0,0.0,12.0,11.0,4.0,0.0,0.0,2.0,1.0,0.0,13.0,7.0,3.0,0.0,0.0,2.0,0.0,0.0,2.0,0.0,4.0,0.0,2.0,0.0,0.0,0.0,2.0,2.0,0.0,2.0,1.0,0.0,0.0,0.0,2.0,1.0,9.0,1.0,3.0,0.0,0.0,1.0,1.0,0.0,0.0,0.0,0.0,0.0,0.0,0.0,0.0,0.0,0.0,0.0,0.0,0.0,0.0,0.0,0.0,0.0,4.0,2.0,1.0,6.0,0.0,0.0,0.0,2.0,0.0,1.0,0.0,6.0,4.0,0.0,0.0,2.0,0.0,1.0,1.0,0.0,4.0,0.0,2.0,0.0,2.0,0.0,0.0,0.0,0.0,2.0,0.0,1.0,2.0,2.0,18.0,5.0,6.0,18.0,11.0,11.0,5.0,22.0
CHEMBL1892026,Inhibition,3.0,17.0,4.0,1.0,0.0,0.0,0.0,20.0,8.0,2.0,0.0,0.0,0.0,0.0,1.0,0.0,0.0,0.0,0.0,17.0,10.0,3.0,0.0,0.0,0.0,0.0,1.0,0.0,11.0,10.0,2.0,0.0,0.0,0.0,0.0,1.0,0.0,0.0,9.0,9.0,0.0,0.0,0.0,0.0,0.0,1.0,0.0,0.0,0.0,10.0,6.0,1.0,0.0,0.0,0.0,0.0,0.0,0.0,13.0,3.0,1.0,0.0,0.0,0.0,0.0,0.0,1.0,0.0,0.0,14.0,1.0,2.0,0.0,0.0,0.0,0.0,0.0,0.0,0.0,0.0,12.0,0.0,2.0,0.0,0.0,0.0,0.0,0.0,8.0,0.0,2.0,0.0,0.0,0.0,0.0,0.0,0.0,0.0,0.0,0.0,0.0,0.0,0.0,0.0,0.0,0.0,0.0,1.0,1.0,0.0,0.0,0.0,0.0,0.0,2.0,0.0,1.0,0.0,0.0,0.0,0.0,0.0,0.0,0.0,0.0,0.0,1.0,0.0,0.0,0.0,0.0,0.0,0.0,0.0,0.0,0.0,0.0,0.0,0.0,0.0,0.0,0.0,0.0,0.0,0.0,0.0,0.0,0.0,0.0,0.0,0.0,0.0,0.0,0.0,0.0,0.0,0.0,0.0,2.0,0.0,0.0,0.0,1.0,1.0,0.0,0.0,0.0,0.0,0.0,0.0,1.0,1.0,16.0,1.0,2.0,5.0,4.0,4.0,3.0,17.0
CHEMBL3799359,Inhibition,62.0,17.0,4.0,1.0,0.0,0.0,0.0,21.0,7.0,2.0,0.0,0.0,0.0,0.0,1.0,0.0,0.0,0.0,0.0,18.0,9.0,2.0,0.0,0.0,0.0,0.0,1.0,0.0,10.0,12.0,1.0,0.0,0.0,0.0,0.0,0.0,0.0,0.0,8.0,9.0,1.0,0.0,0.0,0.0,0.0,0.0,0.0,0.0,0.0,9.0,6.0,0.0,0.0,0.0,0.0,0.0,1.0,0.0,12.0,3.0,0.0,0.0,0.0,0.0,0.0,0.0,1.0,0.0,0.0,14.0,1.0,1.0,0.0,0.0,0.0,0.0,0.0,0.0,0.0,0.0,13.0,0.0,1.0,0.0,0.0,0.0,0.0,1.0,9.0,0.0,2.0,0.0,0.0,0.0,0.0,0.0,0.0,0.0,0.0,0.0,0.0,0.0,0.0,0.0,0.0,0.0,0.0,1.0,1.0,0.0,0.0,0.0,0.0,0.0,2.0,0.0,0.0,0.0,0.0,0.0,0.0,0.0,0.0,0.0,0.0,0.0,0.0,0.0,0.0,0.0,0.0,0.0,0.0,0.0,0.0,0.0,0.0,0.0,0.0,0.0,0.0,0.0,0.0,0.0,0.0,0.0,0.0,0.0,0.0,0.0,0.0,0.0,0.0,0.0,0.0,0.0,0.0,0.0,2.0,0.0,0.0,0.0,1.0,1.0,0.0,0.0,0.0,0.0,1.0,0.0,1.0,1.0,16.0,1.0,2.0,5.0,5.0,5.0,3.0,17.0
CHEMBL1762788,Inhibition,14.0,13.0,14.0,1.0,0.0,0.0,0.0,20.0,8.0,2.0,0.0,0.0,0.0,0.0,10.0,0.0,0.0,0.0,0.0,14.0,23.0,2.0,0.0,0.0,0.0,0.0,0.0,0.0,13.0,16.0,1.0,0.0,0.0,0.0,7.0,1.0,0.0,0.0,16.0,20.0,1.0,0.0,0.0,0.0,0.0,0.0,0.0,0.0,0.0,20.0,14.0,0.0,0.0,0.0,0.0,4.0,2.0,0.0,20.0,10.0,3.0,0.0,0.0,0.0,0.0,0.0,0.0,0.0,0.0,13.0,8.0,2.0,0.0,0.0,0.0,0.0,2.0,0.0,0.0,0.0,6.0,4.0,4.0,0.0,0.0,0.0,0.0,0.0,1.0,2.0,1.0,0.0,0.0,0.0,2.0,0.0,0.0,0.0,0.0,0.0,0.0,0.0,0.0,0.0,0.0,0.0,0.0,1.0,1.0,0.0,0.0,0.0,0.0,0.0,1.0,0.0,0.0,0.0,0.0,0.0,0.0,0.0,0.0,0.0,0.0,0.0,0.0,0.0,0.0,0.0,0.0,0.0,0.0,0.0,0.0,0.0,0.0,0.0,0.0,0.0,0.0,0.0,0.0,0.0,0.0,0.0,0.0,0.0,0.0,0.0,0.0,0.0,0.0,0.0,0.0,0.0,0.0,0.0,2.0,0.0,0.0,0.0,1.0,1.0,0.0,0.0,0.0,0.0,0.0,0.0,4.0,5.0,21.0,5.0,0.0,15.0,5.0,5.0,2.0,18.0
CHEMBL1822146,Inhibition,7.0,15.0,9.0,2.0,2.0,3.0,4.0,22.0,10.0,2.0,2.0,3.0,0.0,5.0,2.0,2.0,3.0,3.0,3.0,20.0,11.0,4.0,2.0,6.0,0.0,8.0,1.0,1.0,19.0,8.0,6.0,1.0,6.0,6.0,2.0,0.0,0.0,3.0,13.0,9.0,8.0,1.0,6.0,8.0,1.0,1.0,0.0,1.0,1.0,9.0,9.0,5.0,2.0,3.0,4.0,0.0,2.0,0.0,14.0,2.0,4.0,3.0,6.0,0.0,6.0,2.0,1.0,0.0,1.0,13.0,6.0,4.0,3.0,3.0,5.0,1.0,0.0,0.0,0.0,0.0,13.0,8.0,0.0,1.0,0.0,3.0,0.0,2.0,7.0,9.0,1.0,3.0,6.0,0.0,1.0,0.0,0.0,0.0,1.0,0.0,0.0,0.0,0.0,0.0,0.0,0.0,0.0,0.0,1.0,1.0,1.0,3.0,0.0,0.0,6.0,2.0,2.0,1.0,0.0,1.0,2.0,0.0,0.0,0.0,0.0,0.0,0.0,0.0,0.0,0.0,0.0,0.0,0.0,0.0,0.0,0.0,0.0,0.0,2.0,0.0,0.0,0.0,0.0,0.0,0.0,0.0,0.0,0.0,0.0,2.0,0.0,0.0,0.0,1.0,0.0,0.0,0.0,3.0,2.0,1.0,1.0,0.0,2.0,0.0,0.0,3.0,0.0,1.0,1.0,1.0,2.0,4.0,16.0,5.0,6.0,13.0,8.0,8.0,5.0,19.0
CHEMBL3330850,Inhibition,20.5,14.0,14.0,1.0,2.0,0.0,1.0,21.0,10.0,1.0,2.0,0.0,2.0,2.0,5.0,1.0,0.0,0.0,0.0,17.0,21.0,3.0,3.0,0.0,0.0,0.0,0.0,0.0,16.0,9.0,2.0,1.0,0.0,2.0,6.0,1.0,0.0,0.0,13.0,18.0,2.0,2.0,0.0,2.0,0.0,0.0,0.0,1.0,0.0,16.0,11.0,1.0,1.0,0.0,4.0,3.0,1.0,0.0,11.0,17.0,2.0,1.0,0.0,1.0,1.0,0.0,0.0,0.0,2.0,13.0,6.0,0.0,2.0,0.0,3.0,4.0,2.0,0.0,0.0,0.0,9.0,10.0,1.0,3.0,0.0,2.0,0.0,0.0,13.0,2.0,0.0,0.0,2.0,2.0,1.0,0.0,0.0,0.0,4.0,0.0,2.0,0.0,0.0,2.0,0.0,0.0,0.0,1.0,4.0,1.0,1.0,0.0,0.0,0.0,6.0,1.0,2.0,0.0,0.0,0.0,0.0,0.0,0.0,0.0,0.0,0.0,0.0,0.0,0.0,0.0,0.0,0.0,0.0,0.0,0.0,0.0,0.0,0.0,2.0,0.0,0.0,2.0,0.0,0.0,0.0,1.0,0.0,0.0,0.0,4.0,2.0,0.0,1.0,0.0,0.0,0.0,0.0,0.0,4.0,1.0,0.0,0.0,1.0,0.0,2.0,0.0,0.0,0.0,1.0,2.0,3.0,4.0,17.0,5.0,2.0,17.0,12.0,12.0,6.0,18.0
CHEMBL1807390,Inhibition,61.0,23.0,5.0,3.0,1.0,0.0,0.0,27.0,10.0,5.0,3.0,0.0,0.0,0.0,1.0,3.0,0.0,0.0,0.0,21.0,11.0,13.0,4.0,0.0,0.0,0.0,1.0,0.0,15.0,13.0,15.0,3.0,0.0,0.0,0.0,1.0,0.0,0.0,18.0,11.0,10.0,2.0,0.0,0.0,1.0,1.0,0.0,0.0,0.0,20.0,9.0,8.0,1.0,0.0,0.0,1.0,0.0,0.0,21.0,5.0,4.0,1.0,0.0,0.0,0.0,1.0,4.0,0.0,0.0,20.0,6.0,6.0,0.0,0.0,0.0,0.0,2.0,0.0,0.0,0.0,17.0,7.0,3.0,1.0,0.0,0.0,0.0,5.0,13.0,7.0,4.0,0.0,0.0,0.0,2.0,0.0,0.0,0.0,0.0,0.0,0.0,0.0,0.0,0.0,0.0,0.0,0.0,0.0,2.0,1.0,2.0,0.0,0.0,0.0,2.0,2.0,0.0,0.0,0.0,0.0,0.0,0.0,0.0,0.0,0.0,0.0,0.0,0.0,0.0,0.0,0.0,0.0,0.0,0.0,0.0,0.0,0.0,0.0,0.0,0.0,0.0,0.0,0.0,0.0,0.0,0.0,0.0,0.0,0.0,1.0,0.0,0.0,0.0,0.0,0.0,1.0,0.0,0.0,2.0,1.0,0.0,0.0,5.0,0.0,0.0,0.0,0.0,0.0,2.0,4.0,1.0,2.0,23.0,2.0,8.0,9.0,7.0,7.0,7.0,27.0
CHEMBL1807391,Inhibition,56.0,23.0,5.0,3.0,1.0,0.0,0.0,27.0,10.0,5.0,3.0,0.0,0.0,0.0,1.0,3.0,0.0,0.0,0.0,21.0,11.0,13.0,4.0,0.0,0.0,0.0,1.0,0.0,16.0,13.0,15.0,3.0,0.0,0.0,0.0,1.0,0.0,0.0,17.0,12.0,13.0,2.0,0.0,0.0,1.0,1.0,0.0,0.0,0.0,21.0,8.0,5.0,1.0,0.0,0.0,1.0,2.0,2.0,21.0,6.0,6.0,1.0,0.0,0.0,0.0,1.0,2.0,0.0,0.0,20.0,6.0,6.0,0.0,0.0,0.0,0.0,4.0,0.0,0.0,0.0,17.0,6.0,3.0,1.0,0.0,0.0,0.0,5.0,14.0,7.0,4.0,0.0,0.0,0.0,0.0,0.0,0.0,0.0,0.0,0.0,0.0,0.0,0.0,0.0,0.0,0.0,0.0,0.0,2.0,1.0,2.0,0.0,0.0,0.0,2.0,2.0,0.0,0.0,0.0,0.0,0.0,0.0,0.0,0.0,0.0,0.0,0.0,0.0,0.0,0.0,0.0,0.0,0.0,0.0,0.0,0.0,0.0,0.0,0.0,0.0,0.0,0.0,0.0,0.0,0.0,0.0,0.0,0.0,0.0,1.0,0.0,0.0,0.0,0.0,0.0,1.0,0.0,0.0,2.0,1.0,0.0,0.0,5.0,0.0,0.0,0.0,0.0,0.0,2.0,4.0,1.0,2.0,23.0,2.0,8.0,9.0,7.0,7.0,7.0,27.0
CHEMBL501728,Inhibition,0.0,17.0,13.0,4.0,0.0,0.0,0.0,25.0,10.0,5.0,0.0,0.0,0.0,0.0,5.0,1.0,0.0,0.0,0.0,24.0,16.0,5.0,0.0,0.0,0.0,0.0,0.0,1.0,20.0,10.0,5.0,0.0,0.0,0.0,5.0,0.0,0.0,0.0,18.0,15.0,3.0,0.0,0.0,0.0,1.0,2.0,0.0,0.0,0.0,15.0,16.0,6.0,0.0,0.0,0.0,0.0,0.0,0.0,20.0,5.0,3.0,0.0,0.0,0.0,0.0,1.0,5.0,0.0,0.0,17.0,7.0,6.0,0.0,0.0,0.0,0.0,0.0,0.0,0.0,0.0,14.0,3.0,3.0,0.0,0.0,0.0,3.0,3.0,9.0,8.0,5.0,0.0,0.0,0.0,0.0,0.0,0.0,1.0,10.0,2.0,5.0,0.0,2.0,1.0,2.0,0.0,2.0,0.0,1.0,1.0,1.0,0.0,2.0,1.0,12.0,1.0,8.0,1.0,1.0,0.0,1.0,5.0,2.0,1.0,0.0,2.0,1.0,4.0,1.0,0.0,0.0,0.0,1.0,6.0,0.0,4.0,0.0,0.0,6.0,0.0,0.0,6.0,1.0,2.0,1.0,3.0,1.0,2.0,2.0,6.0,3.0,0.0,1.0,0.0,2.0,2.0,0.0,0.0,4.0,1.0,0.0,2.0,3.0,0.0,3.0,0.0,0.0,0.0,1.0,0.0,2.0,2.0,12.0,5.0,0.0,17.0,19.0,19.0,7.0,15.0
CHEMBL3735890,Inhibition,68.0,19.0,9.0,5.0,0.0,0.0,0.0,27.0,13.0,8.0,0.0,0.0,0.0,0.0,1.0,0.0,0.0,0.0,0.0,30.0,9.0,10.0,0.0,0.0,0.0,0.0,2.0,0.0,28.0,9.0,8.0,0.0,0.0,0.0,0.0,3.0,0.0,0.0,24.0,10.0,12.0,0.0,0.0,0.0,0.0,2.0,0.0,0.0,0.0,26.0,8.0,9.0,0.0,0.0,0.0,0.0,3.0,1.0,22.0,10.0,6.0,0.0,0.0,0.0,0.0,0.0,3.0,0.0,0.0,16.0,11.0,4.0,0.0,0.0,0.0,1.0,1.0,0.0,0.0,0.0,12.0,10.0,2.0,0.0,0.0,0.0,1.0,2.0,12.0,8.0,1.0,0.0,0.0,1.0,1.0,0.0,0.0,1.0,4.0,0.0,2.0,0.0,0.0,2.0,1.0,0.0,0.0,2.0,1.0,0.0,1.0,0.0,1.0,2.0,10.0,1.0,4.0,0.0,0.0,1.0,1.0,0.0,0.0,0.0,0.0,0.0,2.0,0.0,0.0,0.0,0.0,0.0,0.0,0.0,0.0,0.0,0.0,0.0,5.0,3.0,3.0,8.0,0.0,0.0,0.0,4.0,0.0,1.0,0.0,5.0,4.0,0.0,0.0,0.0,0.0,2.0,2.0,0.0,2.0,0.0,2.0,0.0,3.0,1.0,0.0,0.0,1.0,1.0,0.0,3.0,2.0,3.0,15.0,6.0,5.0,14.0,13.0,13.0,4.0,19.0
CHEMBL521851,Inhibition,59.0,17.0,14.0,2.0,3.0,0.0,0.0,25.0,19.0,4.0,6.0,0.0,0.0,0.0,2.0,2.0,0.0,0.0,0.0,30.0,16.0,4.0,2.0,0.0,0.0,0.0,1.0,1.0,22.0,22.0,5.0,5.0,0.0,0.0,1.0,0.0,0.0,0.0,28.0,11.0,1.0,6.0,0.0,0.0,5.0,3.0,0.0,0.0,0.0,30.0,13.0,4.0,3.0,0.0,0.0,2.0,0.0,0.0,24.0,16.0,5.0,4.0,0.0,0.0,0.0,2.0,1.0,0.0,0.0,21.0,15.0,5.0,4.0,0.0,0.0,1.0,0.0,0.0,0.0,0.0,19.0,10.0,7.0,1.0,0.0,0.0,2.0,1.0,15.0,5.0,5.0,0.0,0.0,2.0,4.0,0.0,0.0,0.0,9.0,0.0,4.0,0.0,2.0,0.0,5.0,0.0,2.0,1.0,0.0,0.0,0.0,0.0,3.0,1.0,10.0,0.0,4.0,0.0,0.0,0.0,0.0,0.0,0.0,0.0,0.0,0.0,0.0,0.0,0.0,0.0,0.0,0.0,0.0,0.0,0.0,0.0,0.0,0.0,6.0,2.0,1.0,8.0,0.0,0.0,0.0,3.0,1.0,2.0,2.0,7.0,5.0,0.0,0.0,0.0,2.0,2.0,0.0,0.0,3.0,0.0,2.0,2.0,3.0,0.0,0.0,0.0,0.0,1.0,0.0,0.0,3.0,5.0,18.0,9.0,0.0,19.0,17.0,17.0,4.0,18.0
CHEMBL484713,Inhibition,0.0,17.0,10.0,4.0,0.0,0.0,0.0,23.0,7.0,6.0,0.0,0.0,0.0,0.0,3.0,2.0,0.0,0.0,0.0,21.0,10.0,8.0,0.0,0.0,0.0,0.0,1.0,0.0,18.0,10.0,6.0,0.0,0.0,0.0,0.0,2.0,0.0,0.0,21.0,6.0,4.0,0.0,0.0,0.0,2.0,1.0,0.0,0.0,0.0,16.0,12.0,5.0,0.0,0.0,0.0,0.0,0.0,0.0,17.0,9.0,1.0,0.0,0.0,0.0,0.0,0.0,4.0,0.0,0.0,16.0,8.0,5.0,0.0,0.0,0.0,0.0,0.0,0.0,0.0,0.0,15.0,5.0,4.0,0.0,0.0,0.0,0.0,0.0,11.0,5.0,2.0,0.0,0.0,0.0,1.0,0.0,0.0,0.0,8.0,0.0,5.0,2.0,0.0,0.0,2.0,0.0,0.0,2.0,0.0,0.0,2.0,0.0,2.0,1.0,12.0,2.0,8.0,1.0,0.0,0.0,3.0,5.0,0.0,0.0,0.0,2.0,0.0,4.0,3.0,2.0,1.0,0.0,1.0,1.0,0.0,1.0,1.0,0.0,5.0,3.0,3.0,8.0,2.0,2.0,2.0,4.0,0.0,0.0,0.0,5.0,4.0,0.0,2.0,0.0,0.0,0.0,0.0,0.0,2.0,1.0,2.0,0.0,3.0,2.0,4.0,0.0,0.0,0.0,1.0,0.0,2.0,2.0,12.0,4.0,0.0,14.0,13.0,13.0,9.0,14.0
CHEMBL4210315,Inhibition,97.4,21.0,6.0,10.0,0.0,0.0,0.0,30.0,10.0,8.0,0.0,0.0,0.0,0.0,0.0,2.0,0.0,0.0,0.0,30.0,9.0,16.0,0.0,0.0,0.0,0.0,0.0,2.0,25.0,9.0,18.0,0.0,0.0,0.0,1.0,1.0,0.0,0.0,27.0,6.0,15.0,0.0,0.0,0.0,1.0,3.0,0.0,0.0,2.0,27.0,9.0,17.0,0.0,0.0,0.0,0.0,2.0,4.0,23.0,7.0,18.0,0.0,0.0,0.0,0.0,0.0,2.0,0.0,0.0,23.0,4.0,11.0,0.0,0.0,0.0,1.0,4.0,0.0,0.0,1.0,15.0,3.0,17.0,0.0,0.0,0.0,0.0,2.0,13.0,5.0,14.0,0.0,0.0,0.0,0.0,0.0,0.0,1.0,2.0,1.0,1.0,0.0,0.0,0.0,0.0,0.0,0.0,4.0,2.0,2.0,5.0,0.0,0.0,2.0,14.0,5.0,5.0,1.0,0.0,1.0,3.0,3.0,0.0,0.0,1.0,2.0,1.0,2.0,1.0,0.0,0.0,0.0,0.0,1.0,2.0,1.0,0.0,2.0,3.0,0.0,0.0,2.0,0.0,0.0,2.0,0.0,0.0,2.0,2.0,3.0,1.0,1.0,1.0,1.0,1.0,5.0,0.0,0.0,2.0,2.0,0.0,1.0,8.0,2.0,2.0,0.0,0.0,0.0,5.0,6.0,0.0,1.0,11.0,2.0,9.0,16.0,16.0,16.0,11.0,21.0
CHEMBL1173410,Inhibition,17.5,28.0,8.0,4.0,0.0,0.0,0.0,39.0,11.0,3.0,0.0,0.0,0.0,0.0,1.0,3.0,0.0,0.0,0.0,39.0,12.0,7.0,0.0,0.0,0.0,0.0,0.0,0.0,33.0,12.0,8.0,0.0,0.0,0.0,1.0,0.0,0.0,0.0,30.0,12.0,7.0,0.0,0.0,0.0,1.0,2.0,0.0,0.0,0.0,30.0,10.0,6.0,0.0,0.0,0.0,1.0,2.0,0.0,30.0,7.0,5.0,0.0,0.0,0.0,0.0,0.0,1.0,0.0,0.0,27.0,7.0,5.0,0.0,0.0,0.0,1.0,1.0,0.0,0.0,1.0,23.0,9.0,6.0,0.0,0.0,0.0,0.0,0.0,21.0,5.0,6.0,0.0,0.0,1.0,1.0,0.0,0.0,0.0,0.0,0.0,0.0,0.0,0.0,0.0,0.0,0.0,0.0,3.0,2.0,1.0,1.0,0.0,0.0,1.0,7.0,1.0,1.0,1.0,0.0,1.0,1.0,0.0,0.0,0.0,0.0,0.0,1.0,0.0,0.0,0.0,0.0,0.0,0.0,0.0,0.0,0.0,0.0,0.0,1.0,0.0,0.0,0.0,0.0,0.0,0.0,0.0,0.0,0.0,0.0,2.0,0.0,0.0,0.0,2.0,0.0,2.0,1.0,0.0,3.0,1.0,0.0,0.0,3.0,2.0,0.0,0.0,1.0,0.0,1.0,1.0,0.0,1.0,23.0,2.0,7.0,12.0,11.0,11.0,5.0,29.0
CHEMBL4288300,Inhibition,59.1,14.0,8.0,6.0,0.0,0.0,0.0,20.0,8.0,6.0,0.0,0.0,0.0,0.0,3.0,0.0,0.0,0.0,0.0,19.0,12.0,6.0,0.0,0.0,0.0,0.0,0.0,1.0,18.0,7.0,4.0,0.0,0.0,0.0,3.0,2.0,0.0,0.0,18.0,10.0,3.0,0.0,0.0,0.0,0.0,1.0,0.0,0.0,1.0,14.0,11.0,6.0,0.0,0.0,0.0,0.0,2.0,0.0,13.0,10.0,4.0,0.0,0.0,0.0,0.0,0.0,2.0,0.0,0.0,12.0,6.0,1.0,0.0,0.0,0.0,0.0,4.0,0.0,0.0,0.0,11.0,4.0,4.0,0.0,0.0,0.0,0.0,0.0,12.0,0.0,6.0,0.0,0.0,0.0,0.0,0.0,0.0,0.0,0.0,0.0,0.0,0.0,0.0,0.0,0.0,0.0,0.0,3.0,2.0,0.0,0.0,0.0,0.0,3.0,3.0,0.0,0.0,0.0,0.0,0.0,0.0,0.0,0.0,0.0,0.0,0.0,0.0,0.0,0.0,0.0,0.0,0.0,0.0,0.0,0.0,0.0,0.0,0.0,0.0,0.0,0.0,0.0,0.0,0.0,0.0,0.0,0.0,0.0,0.0,0.0,0.0,0.0,0.0,0.0,0.0,3.0,3.0,0.0,2.0,0.0,0.0,0.0,3.0,0.0,0.0,0.0,3.0,0.0,0.0,0.0,2.0,2.0,18.0,2.0,0.0,14.0,7.0,7.0,7.0,18.0
CHEMBL380316,Inhibition,33.0,24.0,6.0,0.0,0.0,0.0,1.0,32.0,10.0,0.0,0.0,0.0,2.0,2.0,1.0,0.0,0.0,0.0,0.0,31.0,14.0,0.0,0.0,0.0,2.0,2.0,1.0,0.0,25.0,18.0,0.0,0.0,0.0,1.0,0.0,0.0,0.0,0.0,27.0,16.0,0.0,0.0,0.0,0.0,0.0,0.0,0.0,1.0,0.0,30.0,9.0,0.0,0.0,0.0,1.0,1.0,0.0,0.0,26.0,6.0,0.0,0.0,0.0,1.0,1.0,1.0,0.0,0.0,1.0,17.0,6.0,0.0,0.0,0.0,2.0,0.0,0.0,0.0,1.0,0.0,15.0,1.0,0.0,0.0,0.0,3.0,1.0,0.0,14.0,1.0,0.0,0.0,2.0,0.0,0.0,0.0,0.0,0.0,0.0,0.0,0.0,0.0,0.0,0.0,0.0,0.0,0.0,0.0,1.0,0.0,0.0,0.0,0.0,0.0,0.0,0.0,0.0,0.0,0.0,0.0,0.0,0.0,0.0,0.0,0.0,0.0,0.0,0.0,0.0,0.0,0.0,0.0,0.0,0.0,0.0,0.0,0.0,0.0,0.0,0.0,0.0,0.0,0.0,0.0,0.0,0.0,0.0,0.0,0.0,0.0,0.0,0.0,0.0,0.0,0.0,0.0,0.0,0.0,1.0,0.0,0.0,0.0,0.0,0.0,0.0,0.0,0.0,0.0,0.0,0.0,3.0,3.0,26.0,3.0,0.0,6.0,2.0,2.0,2.0,24.0
CHEMBL4247506,Inhibition,7.0,25.0,10.0,0.0,0.0,3.0,3.0,35.0,14.0,0.0,0.0,3.0,0.0,3.0,3.0,0.0,3.0,3.0,3.0,35.0,19.0,0.0,0.0,6.0,0.0,6.0,1.0,0.0,33.0,13.0,0.0,0.0,6.0,6.0,5.0,0.0,0.0,0.0,31.0,12.0,0.0,0.0,6.0,6.0,0.0,0.0,0.0,0.0,0.0,28.0,13.0,0.0,0.0,3.0,3.0,0.0,0.0,0.0,27.0,12.0,0.0,0.0,6.0,0.0,6.0,1.0,0.0,0.0,0.0,25.0,14.0,0.0,0.0,6.0,6.0,1.0,0.0,0.0,0.0,0.0,22.0,9.0,0.0,0.0,6.0,6.0,3.0,0.0,15.0,9.0,0.0,6.0,6.0,0.0,0.0,0.0,0.0,1.0,0.0,0.0,0.0,0.0,0.0,0.0,0.0,0.0,0.0,2.0,0.0,0.0,0.0,3.0,0.0,0.0,6.0,0.0,2.0,0.0,0.0,0.0,0.0,1.0,0.0,0.0,0.0,0.0,0.0,0.0,0.0,0.0,0.0,0.0,0.0,0.0,0.0,0.0,0.0,0.0,0.0,0.0,0.0,0.0,0.0,0.0,0.0,0.0,0.0,0.0,0.0,0.0,0.0,0.0,0.0,0.0,0.0,0.0,0.0,3.0,1.0,0.0,0.0,0.0,0.0,2.0,0.0,3.0,0.0,0.0,0.0,0.0,4.0,5.0,25.0,5.0,0.0,10.0,4.0,4.0,2.0,23.0
CHEMBL521145,Inhibition,0.0,19.0,13.0,0.0,0.0,0.0,0.0,28.0,12.0,0.0,0.0,0.0,0.0,0.0,3.0,0.0,0.0,0.0,0.0,26.0,17.0,0.0,0.0,0.0,0.0,0.0,1.0,0.0,22.0,15.0,0.0,0.0,0.0,0.0,3.0,0.0,0.0,0.0,24.0,14.0,0.0,0.0,0.0,0.0,2.0,0.0,0.0,0.0,0.0,20.0,11.0,0.0,0.0,0.0,0.0,4.0,0.0,0.0,16.0,14.0,0.0,0.0,0.0,0.0,0.0,0.0,0.0,0.0,0.0,14.0,13.0,0.0,0.0,0.0,0.0,0.0,0.0,0.0,0.0,0.0,15.0,6.0,0.0,0.0,0.0,0.0,2.0,0.0,14.0,6.0,0.0,0.0,0.0,0.0,0.0,0.0,0.0,1.0,5.0,0.0,2.0,0.0,0.0,0.0,4.0,0.0,0.0,1.0,0.0,0.0,0.0,0.0,2.0,0.0,8.0,0.0,3.0,0.0,0.0,0.0,0.0,0.0,0.0,0.0,0.0,0.0,0.0,0.0,0.0,0.0,0.0,0.0,0.0,0.0,0.0,0.0,0.0,0.0,4.0,2.0,1.0,6.0,0.0,0.0,0.0,2.0,0.0,0.0,0.0,5.0,4.0,0.0,0.0,0.0,0.0,0.0,0.0,0.0,3.0,0.0,2.0,0.0,0.0,1.0,0.0,0.0,0.0,1.0,0.0,0.0,3.0,3.0,18.0,5.0,0.0,13.0,12.0,12.0,5.0,18.0
CHEMBL519310,Inhibition,0.0,15.0,9.0,7.0,0.0,0.0,0.0,21.0,8.0,7.0,0.0,0.0,0.0,0.0,3.0,2.0,0.0,0.0,0.0,18.0,10.0,10.0,0.0,0.0,0.0,0.0,1.0,4.0,15.0,14.0,10.0,0.0,0.0,0.0,0.0,2.0,0.0,0.0,22.0,6.0,6.0,0.0,0.0,0.0,2.0,2.0,0.0,0.0,3.0,18.0,10.0,9.0,0.0,0.0,0.0,0.0,3.0,0.0,14.0,10.0,10.0,0.0,0.0,0.0,0.0,0.0,1.0,0.0,0.0,18.0,5.0,2.0,0.0,0.0,0.0,0.0,6.0,0.0,0.0,0.0,13.0,4.0,10.0,0.0,0.0,0.0,0.0,0.0,12.0,2.0,5.0,0.0,0.0,0.0,0.0,0.0,0.0,2.0,4.0,2.0,2.0,1.0,0.0,0.0,0.0,0.0,0.0,2.0,1.0,1.0,2.0,0.0,1.0,2.0,10.0,2.0,6.0,1.0,0.0,0.0,2.0,4.0,0.0,0.0,1.0,2.0,0.0,2.0,1.0,0.0,0.0,0.0,2.0,2.0,0.0,3.0,0.0,2.0,6.0,0.0,0.0,6.0,2.0,2.0,2.0,4.0,2.0,2.0,1.0,4.0,2.0,2.0,1.0,0.0,2.0,3.0,0.0,0.0,2.0,1.0,1.0,2.0,5.0,1.0,2.0,0.0,0.0,0.0,2.0,0.0,2.0,2.0,12.0,3.0,0.0,16.0,13.0,13.0,9.0,16.0
CHEMBL519311,Inhibition,0.0,13.0,16.0,3.0,0.0,0.0,0.0,25.0,11.0,3.0,0.0,0.0,0.0,0.0,5.0,1.0,0.0,0.0,0.0,19.0,21.0,3.0,0.0,0.0,0.0,0.0,0.0,1.0,25.0,8.0,4.0,0.0,0.0,0.0,6.0,0.0,0.0,0.0,17.0,16.0,4.0,0.0,0.0,0.0,1.0,2.0,0.0,0.0,0.0,17.0,16.0,3.0,0.0,0.0,0.0,0.0,1.0,0.0,19.0,7.0,3.0,0.0,0.0,0.0,0.0,1.0,4.0,0.0,0.0,12.0,11.0,4.0,0.0,0.0,0.0,0.0,0.0,0.0,0.0,0.0,14.0,1.0,2.0,0.0,0.0,0.0,4.0,3.0,7.0,11.0,3.0,0.0,0.0,0.0,0.0,0.0,0.0,1.0,10.0,2.0,4.0,0.0,2.0,1.0,2.0,1.0,2.0,4.0,1.0,1.0,1.0,0.0,3.0,1.0,17.0,1.0,11.0,1.0,5.0,0.0,1.0,11.0,2.0,1.0,0.0,2.0,0.0,4.0,1.0,0.0,0.0,0.0,1.0,6.0,0.0,10.0,3.0,0.0,7.0,1.0,0.0,8.0,1.0,2.0,1.0,3.0,1.0,2.0,2.0,9.0,6.0,0.0,1.0,0.0,2.0,2.0,0.0,0.0,5.0,1.0,0.0,2.0,2.0,2.0,2.0,0.0,0.0,1.0,1.0,0.0,2.0,2.0,6.0,5.0,0.0,19.0,23.0,23.0,8.0,11.0
CHEMBL502827,Inhibition,67.0,23.0,13.0,1.0,2.0,0.0,0.0,33.0,13.0,1.0,2.0,0.0,0.0,0.0,3.0,1.0,0.0,0.0,0.0,30.0,18.0,2.0,2.0,0.0,0.0,0.0,0.0,0.0,27.0,11.0,4.0,1.0,0.0,0.0,3.0,0.0,0.0,0.0,25.0,14.0,4.0,1.0,0.0,0.0,1.0,0.0,0.0,0.0,0.0,24.0,14.0,2.0,1.0,0.0,0.0,0.0,0.0,0.0,25.0,10.0,1.0,1.0,0.0,0.0,0.0,1.0,2.0,0.0,0.0,22.0,10.0,1.0,2.0,0.0,0.0,0.0,0.0,0.0,0.0,0.0,21.0,7.0,1.0,2.0,0.0,0.0,1.0,1.0,18.0,9.0,2.0,0.0,0.0,0.0,0.0,0.0,0.0,0.0,1.0,0.0,0.0,0.0,0.0,0.0,0.0,0.0,0.0,2.0,2.0,1.0,1.0,0.0,1.0,0.0,4.0,1.0,1.0,1.0,0.0,0.0,1.0,0.0,0.0,0.0,0.0,0.0,1.0,0.0,0.0,0.0,0.0,0.0,0.0,0.0,0.0,0.0,0.0,0.0,1.0,0.0,0.0,0.0,0.0,0.0,0.0,0.0,0.0,0.0,0.0,2.0,0.0,0.0,0.0,2.0,0.0,0.0,0.0,0.0,3.0,1.0,0.0,0.0,1.0,1.0,1.0,0.0,0.0,0.0,1.0,0.0,3.0,4.0,27.0,4.0,0.0,16.0,8.0,8.0,8.0,27.0
CHEMBL575566,Inhibition,94.0,23.0,11.0,3.0,0.0,0.0,0.0,31.0,13.0,4.0,0.0,0.0,0.0,0.0,1.0,2.0,0.0,0.0,0.0,28.0,12.0,6.0,0.0,0.0,0.0,0.0,2.0,2.0,20.0,15.0,6.0,0.0,0.0,0.0,0.0,1.0,0.0,0.0,21.0,12.0,7.0,0.0,0.0,0.0,1.0,0.0,0.0,0.0,0.0,24.0,12.0,5.0,0.0,0.0,0.0,1.0,0.0,0.0,25.0,10.0,2.0,0.0,0.0,0.0,0.0,3.0,2.0,0.0,0.0,22.0,11.0,2.0,0.0,0.0,0.0,1.0,1.0,0.0,0.0,0.0,19.0,8.0,1.0,0.0,0.0,0.0,0.0,1.0,16.0,7.0,2.0,0.0,0.0,1.0,1.0,0.0,0.0,1.0,5.0,3.0,2.0,0.0,0.0,3.0,0.0,0.0,0.0,0.0,2.0,1.0,1.0,0.0,0.0,1.0,7.0,1.0,5.0,0.0,1.0,0.0,0.0,5.0,2.0,1.0,0.0,0.0,0.0,4.0,1.0,0.0,0.0,0.0,1.0,6.0,0.0,4.0,0.0,0.0,3.0,0.0,0.0,3.0,0.0,0.0,1.0,1.0,0.0,0.0,0.0,4.0,2.0,0.0,1.0,0.0,0.0,0.0,0.0,0.0,3.0,1.0,0.0,0.0,2.0,0.0,2.0,0.0,0.0,0.0,1.0,2.0,2.0,3.0,21.0,4.0,2.0,14.0,12.0,12.0,6.0,23.0
CHEMBL4554618,Inhibition,31.28,20.0,14.0,2.0,0.0,0.0,0.0,31.0,15.0,3.0,0.0,0.0,0.0,0.0,2.0,1.0,0.0,0.0,0.0,28.0,20.0,6.0,0.0,0.0,0.0,0.0,1.0,0.0,31.0,13.0,1.0,0.0,0.0,0.0,2.0,5.0,0.0,0.0,29.0,16.0,5.0,0.0,0.0,0.0,0.0,0.0,0.0,0.0,0.0,28.0,8.0,5.0,0.0,0.0,0.0,4.0,2.0,0.0,20.0,13.0,7.0,0.0,0.0,0.0,0.0,0.0,0.0,0.0,0.0,20.0,7.0,3.0,0.0,0.0,0.0,1.0,0.0,0.0,0.0,0.0,16.0,7.0,3.0,0.0,0.0,0.0,2.0,0.0,11.0,11.0,2.0,0.0,0.0,0.0,1.0,0.0,0.0,1.0,8.0,2.0,5.0,1.0,0.0,0.0,2.0,2.0,0.0,1.0,0.0,0.0,2.0,0.0,3.0,0.0,14.0,2.0,10.0,1.0,1.0,0.0,2.0,8.0,0.0,0.0,2.0,4.0,0.0,5.0,1.0,0.0,0.0,0.0,1.0,2.0,0.0,6.0,0.0,0.0,8.0,2.0,1.0,9.0,0.0,0.0,0.0,4.0,0.0,0.0,0.0,8.0,5.0,1.0,0.0,2.0,0.0,0.0,0.0,0.0,4.0,1.0,2.0,0.0,2.0,0.0,4.0,0.0,0.0,2.0,1.0,1.0,2.0,2.0,12.0,5.0,5.0,16.0,16.0,16.0,3.0,18.0
CHEMBL4211090,Inhibition,66.4,35.0,8.0,8.0,0.0,0.0,0.0,47.0,13.0,7.0,0.0,0.0,0.0,0.0,0.0,3.0,0.0,0.0,0.0,46.0,12.0,14.0,0.0,0.0,0.0,0.0,0.0,4.0,38.0,14.0,20.0,0.0,0.0,0.0,1.0,1.0,0.0,0.0,42.0,12.0,20.0,0.0,0.0,0.0,1.0,1.0,0.0,0.0,4.0,44.0,12.0,28.0,0.0,0.0,0.0,1.0,1.0,0.0,44.0,9.0,23.0,0.0,0.0,0.0,0.0,0.0,3.0,0.0,0.0,46.0,8.0,12.0,0.0,0.0,0.0,2.0,3.0,0.0,0.0,1.0,37.0,10.0,14.0,0.0,0.0,0.0,0.0,2.0,32.0,11.0,13.0,0.0,0.0,0.0,0.0,0.0,0.0,2.0,2.0,2.0,0.0,0.0,0.0,0.0,0.0,0.0,0.0,3.0,3.0,3.0,5.0,0.0,0.0,1.0,14.0,5.0,5.0,1.0,0.0,1.0,3.0,2.0,0.0,0.0,0.0,2.0,3.0,0.0,0.0,0.0,0.0,0.0,0.0,0.0,0.0,0.0,0.0,2.0,5.0,0.0,0.0,4.0,0.0,0.0,4.0,0.0,0.0,2.0,1.0,5.0,2.0,2.0,2.0,1.0,2.0,3.0,0.0,0.0,3.0,3.0,0.0,2.0,7.0,2.0,2.0,0.0,0.0,0.0,5.0,6.0,0.0,1.0,23.0,2.0,9.0,16.0,19.0,19.0,14.0,35.0
CHEMBL4208199,Inhibition,74.2,35.0,8.0,8.0,0.0,0.0,0.0,47.0,13.0,7.0,0.0,0.0,0.0,0.0,0.0,3.0,0.0,0.0,0.0,46.0,12.0,14.0,0.0,0.0,0.0,0.0,0.0,4.0,38.0,14.0,20.0,0.0,0.0,0.0,1.0,1.0,0.0,0.0,42.0,12.0,20.0,0.0,0.0,0.0,1.0,1.0,0.0,0.0,4.0,44.0,12.0,28.0,0.0,0.0,0.0,1.0,1.0,0.0,44.0,9.0,23.0,0.0,0.0,0.0,0.0,0.0,3.0,0.0,0.0,45.0,7.0,12.0,0.0,0.0,0.0,2.0,3.0,0.0,0.0,1.0,38.0,10.0,14.0,0.0,0.0,0.0,0.0,2.0,33.0,12.0,13.0,0.0,0.0,0.0,0.0,0.0,0.0,2.0,2.0,2.0,0.0,0.0,0.0,0.0,0.0,0.0,0.0,3.0,3.0,3.0,5.0,0.0,0.0,1.0,14.0,5.0,5.0,1.0,0.0,1.0,3.0,2.0,0.0,0.0,0.0,2.0,3.0,0.0,0.0,0.0,0.0,0.0,0.0,0.0,0.0,0.0,0.0,2.0,5.0,0.0,0.0,4.0,0.0,0.0,4.0,0.0,0.0,2.0,1.0,5.0,2.0,2.0,2.0,1.0,2.0,3.0,0.0,0.0,3.0,3.0,0.0,2.0,7.0,2.0,2.0,0.0,0.0,0.0,5.0,6.0,0.0,1.0,23.0,2.0,9.0,16.0,19.0,19.0,14.0,35.0
CHEMBL4061152,Inhibition,6.0,16.0,6.0,0.0,4.0,0.0,0.0,21.0,6.0,0.0,6.0,0.0,0.0,0.0,1.0,0.0,0.0,0.0,0.0,21.0,6.0,0.0,9.0,0.0,0.0,0.0,2.0,0.0,18.0,10.0,0.0,4.0,0.0,0.0,0.0,0.0,0.0,0.0,17.0,12.0,0.0,4.0,0.0,0.0,0.0,0.0,0.0,0.0,0.0,15.0,8.0,0.0,4.0,0.0,0.0,0.0,0.0,0.0,13.0,5.0,0.0,4.0,0.0,0.0,0.0,0.0,0.0,0.0,0.0,13.0,1.0,0.0,1.0,0.0,0.0,0.0,0.0,0.0,0.0,0.0,11.0,0.0,0.0,0.0,0.0,0.0,0.0,0.0,6.0,0.0,0.0,0.0,0.0,0.0,0.0,0.0,0.0,0.0,0.0,0.0,0.0,0.0,0.0,0.0,0.0,0.0,0.0,1.0,0.0,0.0,0.0,0.0,0.0,0.0,2.0,0.0,1.0,0.0,0.0,0.0,0.0,0.0,0.0,0.0,0.0,0.0,1.0,0.0,0.0,0.0,0.0,0.0,0.0,0.0,0.0,0.0,0.0,0.0,0.0,0.0,0.0,0.0,0.0,0.0,0.0,0.0,0.0,0.0,0.0,0.0,0.0,0.0,0.0,0.0,0.0,0.0,0.0,0.0,1.0,0.0,0.0,0.0,0.0,1.0,0.0,0.0,0.0,0.0,0.0,0.0,2.0,2.0,18.0,4.0,4.0,10.0,1.0,1.0,2.0,17.0
CHEMBL3798991,Inhibition,0.0,14.0,10.0,6.0,0.0,0.0,0.0,21.0,13.0,6.0,0.0,0.0,0.0,0.0,2.0,0.0,0.0,0.0,0.0,24.0,11.0,4.0,0.0,0.0,0.0,0.0,3.0,1.0,17.0,16.0,6.0,0.0,0.0,0.0,1.0,0.0,0.0,0.0,18.0,12.0,2.0,0.0,0.0,0.0,0.0,2.0,0.0,0.0,0.0,18.0,7.0,2.0,0.0,0.0,0.0,2.0,4.0,0.0,15.0,11.0,5.0,0.0,0.0,0.0,0.0,1.0,1.0,0.0,0.0,15.0,9.0,5.0,0.0,0.0,0.0,0.0,1.0,0.0,0.0,0.0,12.0,5.0,3.0,0.0,0.0,0.0,0.0,3.0,9.0,3.0,4.0,0.0,0.0,0.0,1.0,0.0,0.0,0.0,6.0,0.0,3.0,0.0,2.0,1.0,3.0,0.0,2.0,2.0,1.0,0.0,0.0,0.0,1.0,3.0,8.0,0.0,3.0,0.0,0.0,0.0,0.0,0.0,0.0,0.0,0.0,0.0,0.0,0.0,0.0,0.0,0.0,0.0,0.0,0.0,0.0,0.0,0.0,0.0,4.0,3.0,3.0,6.0,0.0,0.0,0.0,3.0,3.0,2.0,2.0,4.0,3.0,0.0,0.0,0.0,4.0,4.0,2.0,0.0,2.0,0.0,1.0,2.0,3.0,0.0,0.0,0.0,2.0,1.0,0.0,0.0,2.0,3.0,15.0,5.0,0.0,16.0,12.0,12.0,6.0,15.0
CHEMBL501463,Inhibition,11.0,20.0,14.0,1.0,2.0,0.0,1.0,28.0,13.0,1.0,2.0,0.0,0.0,2.0,5.0,1.0,0.0,0.0,0.0,25.0,17.0,2.0,2.0,0.0,0.0,2.0,1.0,1.0,21.0,14.0,4.0,1.0,0.0,2.0,5.0,0.0,0.0,0.0,21.0,16.0,2.0,1.0,0.0,1.0,2.0,1.0,0.0,0.0,0.0,17.0,22.0,4.0,1.0,0.0,0.0,0.0,0.0,0.0,21.0,11.0,2.0,2.0,0.0,0.0,1.0,4.0,3.0,0.0,0.0,24.0,12.0,2.0,0.0,0.0,1.0,0.0,0.0,0.0,0.0,0.0,20.0,11.0,2.0,2.0,0.0,1.0,3.0,0.0,17.0,9.0,2.0,0.0,3.0,0.0,0.0,0.0,0.0,1.0,5.0,1.0,3.0,1.0,0.0,1.0,0.0,0.0,0.0,0.0,2.0,1.0,1.0,0.0,1.0,0.0,7.0,1.0,5.0,1.0,0.0,0.0,1.0,3.0,0.0,0.0,1.0,1.0,1.0,2.0,1.0,0.0,0.0,0.0,2.0,2.0,0.0,3.0,0.0,0.0,5.0,0.0,0.0,5.0,1.0,1.0,1.0,3.0,0.0,0.0,0.0,4.0,2.0,1.0,1.0,0.0,0.0,0.0,0.0,0.0,4.0,1.0,1.0,0.0,1.0,0.0,3.0,0.0,0.0,0.0,1.0,0.0,3.0,4.0,21.0,5.0,0.0,17.0,13.0,13.0,8.0,22.0
CHEMBL3329686,Inhibition,34.0,23.0,6.0,5.0,0.0,0.0,0.0,32.0,6.0,4.0,0.0,0.0,0.0,0.0,1.0,4.0,0.0,0.0,0.0,28.0,9.0,10.0,0.0,0.0,0.0,0.0,0.0,0.0,22.0,8.0,9.0,0.0,0.0,0.0,1.0,1.0,0.0,0.0,19.0,10.0,11.0,0.0,0.0,0.0,0.0,0.0,0.0,0.0,0.0,21.0,6.0,7.0,0.0,0.0,0.0,1.0,3.0,1.0,18.0,7.0,9.0,0.0,0.0,0.0,0.0,0.0,0.0,0.0,0.0,18.0,4.0,2.0,0.0,0.0,0.0,0.0,3.0,0.0,0.0,2.0,14.0,6.0,6.0,0.0,0.0,0.0,0.0,0.0,13.0,5.0,6.0,0.0,0.0,0.0,0.0,0.0,0.0,0.0,0.0,0.0,0.0,0.0,0.0,0.0,0.0,0.0,0.0,1.0,3.0,4.0,3.0,0.0,0.0,1.0,6.0,3.0,1.0,1.0,0.0,1.0,1.0,0.0,0.0,0.0,0.0,0.0,1.0,0.0,0.0,0.0,0.0,0.0,0.0,0.0,0.0,0.0,0.0,0.0,1.0,0.0,0.0,0.0,0.0,0.0,0.0,0.0,0.0,0.0,0.0,4.0,1.0,0.0,2.0,2.0,0.0,1.0,1.0,0.0,3.0,4.0,0.0,0.0,4.0,0.0,0.0,0.0,1.0,0.0,2.0,3.0,0.0,0.0,18.0,1.0,7.0,11.0,8.0,8.0,7.0,26.0
CHEMBL1162963,Inhibition,86.0,30.0,13.0,2.0,0.0,0.0,0.0,48.0,14.0,2.0,0.0,0.0,0.0,0.0,1.0,2.0,0.0,0.0,0.0,50.0,18.0,6.0,0.0,0.0,0.0,0.0,0.0,0.0,55.0,16.0,6.0,0.0,0.0,0.0,1.0,0.0,0.0,0.0,54.0,17.0,8.0,0.0,0.0,0.0,2.0,2.0,0.0,0.0,0.0,57.0,15.0,10.0,0.0,0.0,0.0,3.0,2.0,0.0,54.0,23.0,10.0,0.0,0.0,0.0,0.0,1.0,0.0,0.0,0.0,61.0,22.0,6.0,0.0,0.0,0.0,0.0,0.0,0.0,0.0,0.0,46.0,13.0,4.0,0.0,0.0,0.0,1.0,1.0,28.0,7.0,6.0,0.0,0.0,0.0,1.0,0.0,0.0,0.0,5.0,0.0,3.0,1.0,0.0,0.0,0.0,0.0,0.0,2.0,1.0,2.0,2.0,0.0,1.0,0.0,11.0,2.0,5.0,2.0,0.0,2.0,2.0,1.0,0.0,0.0,0.0,0.0,0.0,0.0,0.0,0.0,0.0,0.0,0.0,0.0,0.0,0.0,0.0,0.0,2.0,0.0,0.0,2.0,2.0,0.0,2.0,1.0,0.0,0.0,0.0,4.0,2.0,0.0,2.0,0.0,0.0,0.0,0.0,0.0,2.0,2.0,0.0,0.0,2.0,0.0,3.0,0.0,0.0,0.0,2.0,4.0,1.0,3.0,24.0,4.0,6.0,15.0,11.0,11.0,1.0,29.0
CHEMBL247067,Inhibition,71.0,31.0,13.0,2.0,0.0,0.0,0.0,49.0,14.0,2.0,0.0,0.0,0.0,0.0,1.0,2.0,0.0,0.0,0.0,52.0,16.0,6.0,0.0,0.0,0.0,0.0,0.0,0.0,55.0,17.0,6.0,0.0,0.0,0.0,0.0,0.0,0.0,0.0,57.0,14.0,8.0,0.0,0.0,0.0,3.0,2.0,0.0,0.0,0.0,56.0,19.0,10.0,0.0,0.0,0.0,0.0,2.0,0.0,59.0,14.0,10.0,0.0,0.0,0.0,0.0,4.0,0.0,0.0,0.0,58.0,23.0,6.0,0.0,0.0,0.0,0.0,0.0,0.0,0.0,0.0,50.0,16.0,4.0,0.0,0.0,0.0,0.0,0.0,35.0,11.0,5.0,0.0,0.0,1.0,1.0,0.0,0.0,0.0,6.0,0.0,4.0,2.0,0.0,0.0,0.0,0.0,0.0,2.0,1.0,2.0,2.0,0.0,1.0,0.0,12.0,2.0,6.0,2.0,0.0,2.0,2.0,2.0,0.0,0.0,0.0,0.0,0.0,0.0,0.0,0.0,0.0,0.0,0.0,0.0,0.0,0.0,0.0,0.0,2.0,0.0,0.0,2.0,2.0,0.0,2.0,1.0,0.0,0.0,0.0,4.0,2.0,0.0,2.0,0.0,0.0,0.0,0.0,0.0,2.0,2.0,0.0,0.0,2.0,0.0,4.0,0.0,0.0,0.0,2.0,4.0,1.0,3.0,24.0,4.0,6.0,15.0,12.0,12.0,1.0,29.0
CHEMBL3747351,Inhibition,3.0,15.0,9.0,5.0,0.0,0.0,2.0,22.0,6.0,7.0,0.0,0.0,4.0,4.0,4.0,1.0,0.0,0.0,0.0,17.0,15.0,7.0,0.0,0.0,4.0,4.0,0.0,1.0,17.0,8.0,6.0,0.0,0.0,4.0,2.0,2.0,0.0,0.0,16.0,12.0,5.0,0.0,0.0,4.0,0.0,2.0,0.0,0.0,0.0,19.0,7.0,3.0,0.0,0.0,2.0,0.0,4.0,0.0,17.0,7.0,4.0,0.0,0.0,6.0,6.0,0.0,1.0,0.0,0.0,13.0,5.0,4.0,0.0,0.0,0.0,0.0,1.0,0.0,4.0,0.0,5.0,4.0,7.0,0.0,0.0,2.0,0.0,0.0,5.0,2.0,3.0,0.0,0.0,0.0,0.0,0.0,2.0,1.0,4.0,2.0,2.0,0.0,2.0,0.0,0.0,0.0,2.0,1.0,1.0,0.0,0.0,0.0,0.0,2.0,9.0,1.0,5.0,0.0,0.0,1.0,1.0,3.0,0.0,0.0,2.0,0.0,0.0,2.0,1.0,0.0,0.0,0.0,0.0,0.0,2.0,2.0,0.0,2.0,2.0,0.0,0.0,0.0,0.0,0.0,0.0,0.0,0.0,3.0,2.0,2.0,0.0,0.0,0.0,0.0,0.0,3.0,1.0,0.0,2.0,0.0,0.0,0.0,3.0,0.0,2.0,0.0,0.0,0.0,0.0,1.0,2.0,2.0,12.0,4.0,6.0,14.0,10.0,10.0,4.0,15.0
CHEMBL482722,Inhibition,0.0,16.0,14.0,3.0,0.0,0.0,0.0,24.0,10.0,4.0,0.0,0.0,0.0,0.0,4.0,2.0,0.0,0.0,0.0,19.0,13.0,6.0,0.0,0.0,0.0,0.0,1.0,1.0,17.0,14.0,6.0,0.0,0.0,0.0,1.0,2.0,0.0,0.0,22.0,9.0,3.0,0.0,0.0,0.0,2.0,2.0,0.0,0.0,0.0,17.0,13.0,5.0,0.0,0.0,0.0,1.0,1.0,0.0,19.0,9.0,3.0,0.0,0.0,0.0,0.0,1.0,1.0,0.0,0.0,16.0,13.0,3.0,0.0,0.0,0.0,0.0,1.0,0.0,0.0,0.0,21.0,4.0,3.0,0.0,0.0,0.0,3.0,0.0,13.0,11.0,3.0,0.0,0.0,0.0,0.0,0.0,0.0,1.0,6.0,1.0,4.0,2.0,0.0,1.0,0.0,0.0,0.0,1.0,1.0,1.0,1.0,0.0,1.0,1.0,9.0,1.0,6.0,1.0,0.0,0.0,1.0,4.0,0.0,0.0,1.0,1.0,0.0,2.0,1.0,0.0,0.0,0.0,2.0,2.0,0.0,4.0,0.0,0.0,5.0,0.0,0.0,5.0,1.0,1.0,1.0,3.0,0.0,0.0,0.0,4.0,2.0,1.0,1.0,0.0,0.0,0.0,0.0,0.0,2.0,1.0,1.0,0.0,2.0,1.0,3.0,0.0,0.0,0.0,1.0,0.0,3.0,4.0,17.0,5.0,0.0,17.0,12.0,12.0,9.0,18.0
CHEMBL520331,Inhibition,0.0,26.0,16.0,1.0,0.0,0.0,0.0,43.0,14.0,1.0,0.0,0.0,0.0,0.0,2.0,1.0,0.0,0.0,0.0,43.0,19.0,4.0,0.0,0.0,0.0,0.0,1.0,0.0,41.0,14.0,5.0,0.0,0.0,0.0,4.0,0.0,0.0,0.0,38.0,18.0,3.0,0.0,0.0,0.0,1.0,1.0,0.0,0.0,0.0,35.0,14.0,2.0,0.0,0.0,0.0,1.0,1.0,0.0,27.0,15.0,3.0,0.0,0.0,0.0,0.0,2.0,1.0,0.0,0.0,25.0,17.0,3.0,0.0,0.0,0.0,0.0,0.0,0.0,0.0,0.0,29.0,10.0,1.0,0.0,0.0,0.0,1.0,2.0,25.0,12.0,2.0,0.0,0.0,0.0,0.0,0.0,0.0,0.0,8.0,0.0,3.0,0.0,0.0,0.0,5.0,0.0,0.0,2.0,0.0,0.0,1.0,0.0,4.0,0.0,11.0,1.0,3.0,0.0,0.0,0.0,0.0,0.0,0.0,0.0,0.0,0.0,0.0,0.0,0.0,0.0,0.0,0.0,0.0,0.0,0.0,0.0,0.0,0.0,5.0,3.0,1.0,8.0,0.0,0.0,2.0,2.0,0.0,0.0,0.0,10.0,8.0,0.0,2.0,2.0,0.0,0.0,0.0,0.0,4.0,1.0,2.0,0.0,1.0,0.0,1.0,0.0,0.0,2.0,1.0,3.0,2.0,2.0,22.0,5.0,2.0,17.0,15.0,15.0,6.0,25.0
CHEMBL1173733,Inhibition,5.0,28.0,8.0,2.0,0.0,0.0,0.0,38.0,11.0,1.0,0.0,0.0,0.0,0.0,1.0,3.0,0.0,0.0,0.0,37.0,12.0,5.0,0.0,0.0,0.0,0.0,0.0,0.0,31.0,13.0,7.0,0.0,0.0,0.0,0.0,0.0,0.0,0.0,30.0,11.0,7.0,0.0,0.0,0.0,2.0,1.0,0.0,0.0,0.0,30.0,11.0,6.0,0.0,0.0,0.0,0.0,1.0,0.0,30.0,6.0,5.0,0.0,0.0,0.0,0.0,2.0,1.0,0.0,0.0,29.0,8.0,3.0,0.0,0.0,0.0,0.0,1.0,0.0,0.0,1.0,26.0,7.0,4.0,0.0,0.0,0.0,1.0,1.0,19.0,9.0,6.0,0.0,0.0,0.0,0.0,0.0,0.0,0.0,0.0,0.0,0.0,0.0,0.0,0.0,0.0,0.0,0.0,2.0,2.0,1.0,1.0,0.0,0.0,0.0,6.0,1.0,1.0,1.0,0.0,1.0,1.0,0.0,0.0,0.0,0.0,0.0,1.0,0.0,0.0,0.0,0.0,0.0,0.0,0.0,0.0,0.0,0.0,0.0,1.0,0.0,0.0,0.0,0.0,0.0,0.0,0.0,0.0,0.0,0.0,2.0,0.0,0.0,0.0,2.0,0.0,1.0,0.0,0.0,3.0,1.0,0.0,0.0,2.0,2.0,0.0,0.0,0.0,0.0,1.0,1.0,0.0,1.0,23.0,2.0,7.0,10.0,10.0,10.0,4.0,29.0
CHEMBL3416156,Inhibition,94.1,20.0,5.0,0.0,0.0,0.0,0.0,28.0,6.0,0.0,0.0,0.0,0.0,0.0,1.0,0.0,0.0,0.0,0.0,28.0,6.0,0.0,0.0,0.0,0.0,0.0,0.0,0.0,22.0,7.0,0.0,0.0,0.0,0.0,0.0,0.0,0.0,0.0,19.0,7.0,0.0,0.0,0.0,0.0,0.0,0.0,0.0,0.0,0.0,16.0,6.0,0.0,0.0,0.0,0.0,0.0,0.0,0.0,14.0,3.0,0.0,0.0,0.0,0.0,0.0,0.0,0.0,0.0,0.0,13.0,0.0,0.0,0.0,0.0,0.0,0.0,0.0,0.0,0.0,0.0,11.0,0.0,0.0,0.0,0.0,0.0,0.0,0.0,9.0,0.0,0.0,0.0,0.0,0.0,0.0,0.0,0.0,0.0,0.0,0.0,0.0,0.0,0.0,0.0,0.0,0.0,0.0,1.0,0.0,0.0,0.0,0.0,0.0,0.0,1.0,0.0,0.0,0.0,0.0,0.0,0.0,0.0,0.0,0.0,0.0,0.0,0.0,0.0,0.0,0.0,0.0,0.0,0.0,0.0,0.0,0.0,0.0,0.0,0.0,0.0,0.0,0.0,0.0,0.0,0.0,0.0,0.0,0.0,0.0,0.0,0.0,0.0,0.0,0.0,0.0,0.0,0.0,0.0,0.0,0.0,0.0,0.0,0.0,1.0,0.0,0.0,0.0,0.0,0.0,0.0,1.0,2.0,21.0,2.0,0.0,5.0,1.0,1.0,0.0,20.0
CHEMBL572910,Inhibition,86.0,21.0,11.0,3.0,0.0,0.0,0.0,28.0,14.0,4.0,0.0,0.0,0.0,0.0,1.0,2.0,0.0,0.0,0.0,25.0,10.0,6.0,0.0,0.0,0.0,0.0,3.0,2.0,20.0,13.0,7.0,0.0,0.0,0.0,0.0,1.0,0.0,0.0,20.0,13.0,6.0,0.0,0.0,0.0,0.0,1.0,0.0,0.0,0.0,22.0,13.0,3.0,0.0,0.0,0.0,1.0,0.0,0.0,20.0,11.0,2.0,0.0,0.0,0.0,0.0,3.0,1.0,0.0,0.0,18.0,10.0,2.0,0.0,0.0,0.0,1.0,1.0,0.0,0.0,0.0,17.0,8.0,1.0,0.0,0.0,0.0,0.0,1.0,14.0,7.0,2.0,0.0,0.0,2.0,1.0,0.0,0.0,1.0,3.0,2.0,1.0,0.0,0.0,2.0,0.0,0.0,0.0,0.0,2.0,1.0,1.0,0.0,0.0,1.0,5.0,1.0,3.0,0.0,0.0,0.0,0.0,2.0,0.0,0.0,1.0,0.0,0.0,1.0,0.0,0.0,0.0,0.0,0.0,1.0,0.0,3.0,0.0,0.0,4.0,0.0,0.0,4.0,0.0,0.0,2.0,1.0,0.0,0.0,0.0,4.0,2.0,1.0,1.0,0.0,0.0,0.0,0.0,0.0,3.0,1.0,1.0,0.0,2.0,0.0,1.0,0.0,0.0,0.0,1.0,2.0,2.0,3.0,21.0,4.0,2.0,14.0,10.0,10.0,5.0,23.0
CHEMBL3326802,Inhibition,97.0,21.0,12.0,1.0,0.0,0.0,0.0,29.0,18.0,3.0,0.0,0.0,0.0,0.0,2.0,0.0,0.0,0.0,0.0,28.0,16.0,0.0,0.0,0.0,0.0,0.0,2.0,1.0,26.0,16.0,1.0,0.0,0.0,0.0,2.0,1.0,0.0,0.0,25.0,16.0,2.0,0.0,0.0,0.0,0.0,0.0,0.0,0.0,0.0,24.0,14.0,1.0,0.0,0.0,0.0,1.0,0.0,0.0,23.0,12.0,2.0,0.0,0.0,0.0,0.0,1.0,0.0,0.0,0.0,18.0,11.0,2.0,0.0,0.0,0.0,1.0,0.0,0.0,0.0,0.0,17.0,7.0,1.0,0.0,0.0,0.0,2.0,0.0,14.0,9.0,1.0,0.0,0.0,2.0,0.0,0.0,0.0,0.0,1.0,0.0,0.0,0.0,0.0,0.0,0.0,0.0,0.0,2.0,1.0,0.0,0.0,0.0,0.0,0.0,4.0,0.0,3.0,0.0,1.0,0.0,0.0,3.0,0.0,0.0,0.0,0.0,0.0,0.0,0.0,0.0,0.0,0.0,0.0,0.0,0.0,0.0,0.0,0.0,0.0,0.0,0.0,0.0,0.0,0.0,0.0,0.0,0.0,3.0,0.0,0.0,0.0,0.0,0.0,0.0,0.0,1.0,0.0,0.0,1.0,0.0,0.0,0.0,1.0,2.0,0.0,0.0,0.0,0.0,0.0,0.0,4.0,6.0,26.0,6.0,0.0,13.0,7.0,7.0,4.0,24.0
CHEMBL508964,Inhibition,96.7,14.0,4.0,1.0,0.0,0.0,0.0,16.0,9.0,1.0,0.0,0.0,0.0,0.0,0.0,1.0,0.0,0.0,0.0,13.0,8.0,2.0,0.0,0.0,0.0,0.0,1.0,1.0,8.0,7.0,4.0,0.0,0.0,0.0,1.0,1.0,0.0,0.0,8.0,5.0,4.0,0.0,0.0,0.0,0.0,0.0,0.0,0.0,0.0,9.0,5.0,2.0,0.0,0.0,0.0,0.0,0.0,0.0,10.0,3.0,0.0,0.0,0.0,0.0,0.0,0.0,0.0,0.0,0.0,8.0,1.0,0.0,0.0,0.0,0.0,0.0,0.0,0.0,0.0,0.0,4.0,0.0,0.0,0.0,0.0,0.0,0.0,0.0,1.0,0.0,0.0,0.0,0.0,0.0,0.0,0.0,0.0,0.0,0.0,0.0,0.0,0.0,0.0,0.0,0.0,0.0,0.0,0.0,1.0,1.0,1.0,0.0,0.0,0.0,1.0,1.0,0.0,0.0,0.0,0.0,0.0,0.0,0.0,0.0,0.0,0.0,0.0,0.0,0.0,0.0,0.0,0.0,0.0,0.0,0.0,0.0,0.0,0.0,0.0,0.0,0.0,0.0,0.0,0.0,0.0,0.0,0.0,0.0,0.0,1.0,0.0,0.0,0.0,1.0,0.0,0.0,0.0,0.0,1.0,1.0,0.0,0.0,1.0,0.0,0.0,0.0,0.0,0.0,1.0,2.0,1.0,2.0,15.0,2.0,2.0,5.0,4.0,4.0,3.0,16.0
CHEMBL1957502,Inhibition,50.0,14.0,14.0,3.0,0.0,0.0,0.0,22.0,18.0,3.0,0.0,0.0,0.0,0.0,2.0,1.0,0.0,0.0,0.0,25.0,13.0,2.0,0.0,0.0,0.0,0.0,5.0,2.0,17.0,25.0,2.0,0.0,0.0,0.0,1.0,1.0,0.0,0.0,21.0,18.0,3.0,0.0,0.0,0.0,2.0,1.0,0.0,0.0,0.0,26.0,9.0,2.0,0.0,0.0,0.0,4.0,4.0,0.0,20.0,13.0,7.0,0.0,0.0,0.0,0.0,2.0,0.0,0.0,0.0,15.0,11.0,7.0,0.0,0.0,0.0,2.0,0.0,0.0,0.0,0.0,7.0,9.0,6.0,0.0,0.0,0.0,0.0,1.0,3.0,1.0,3.0,0.0,0.0,2.0,4.0,0.0,0.0,0.0,4.0,0.0,2.0,0.0,2.0,0.0,1.0,0.0,2.0,1.0,1.0,1.0,1.0,0.0,1.0,1.0,6.0,1.0,2.0,0.0,0.0,0.0,0.0,0.0,0.0,0.0,0.0,0.0,0.0,0.0,0.0,0.0,0.0,0.0,0.0,0.0,0.0,0.0,0.0,0.0,2.0,0.0,0.0,2.0,0.0,0.0,0.0,1.0,1.0,2.0,2.0,4.0,2.0,0.0,1.0,0.0,2.0,2.0,0.0,0.0,2.0,1.0,0.0,2.0,2.0,0.0,0.0,0.0,0.0,0.0,1.0,0.0,3.0,5.0,18.0,7.0,2.0,17.0,10.0,10.0,3.0,18.0
CHEMBL2206015,Inhibition,98.0,17.0,5.0,5.0,0.0,0.0,1.0,26.0,4.0,6.0,0.0,0.0,2.0,2.0,0.0,1.0,0.0,0.0,0.0,25.0,3.0,7.0,0.0,0.0,2.0,2.0,0.0,1.0,20.0,3.0,10.0,0.0,0.0,2.0,0.0,0.0,0.0,0.0,20.0,4.0,7.0,0.0,0.0,2.0,0.0,0.0,0.0,1.0,0.0,19.0,4.0,5.0,0.0,0.0,1.0,0.0,1.0,0.0,16.0,3.0,7.0,0.0,0.0,2.0,2.0,0.0,1.0,0.0,0.0,13.0,2.0,5.0,0.0,0.0,2.0,0.0,1.0,0.0,0.0,1.0,9.0,2.0,4.0,0.0,0.0,1.0,0.0,0.0,7.0,3.0,2.0,0.0,1.0,0.0,0.0,0.0,0.0,0.0,2.0,0.0,1.0,0.0,1.0,0.0,0.0,1.0,1.0,3.0,1.0,1.0,1.0,0.0,1.0,2.0,8.0,1.0,2.0,1.0,0.0,1.0,1.0,0.0,0.0,0.0,0.0,0.0,1.0,0.0,0.0,0.0,0.0,0.0,0.0,0.0,0.0,0.0,0.0,0.0,2.0,1.0,0.0,2.0,0.0,0.0,0.0,0.0,0.0,1.0,0.0,4.0,3.0,0.0,0.0,1.0,2.0,2.0,2.0,0.0,2.0,1.0,0.0,1.0,3.0,0.0,0.0,0.0,2.0,1.0,1.0,1.0,0.0,0.0,12.0,1.0,5.0,10.0,9.0,9.0,6.0,17.0
CHEMBL1082876,Inhibition,82.0,20.0,13.0,2.0,0.0,3.0,4.0,28.0,11.0,3.0,0.0,3.0,2.0,5.0,5.0,1.0,3.0,3.0,3.0,23.0,20.0,3.0,0.0,6.0,3.0,9.0,0.0,1.0,25.0,14.0,5.0,0.0,6.0,7.0,3.0,0.0,0.0,0.0,25.0,15.0,4.0,0.0,6.0,7.0,2.0,2.0,0.0,0.0,0.0,26.0,12.0,4.0,0.0,0.0,0.0,2.0,0.0,0.0,25.0,10.0,1.0,0.0,3.0,1.0,4.0,1.0,3.0,0.0,0.0,20.0,12.0,5.0,0.0,6.0,8.0,0.0,0.0,0.0,0.0,0.0,19.0,8.0,3.0,0.0,6.0,8.0,2.0,2.0,15.0,9.0,4.0,6.0,8.0,0.0,0.0,0.0,0.0,1.0,1.0,1.0,0.0,0.0,0.0,1.0,0.0,0.0,0.0,1.0,2.0,1.0,1.0,3.0,0.0,0.0,5.0,1.0,2.0,0.0,0.0,0.0,0.0,1.0,0.0,0.0,0.0,0.0,0.0,0.0,0.0,0.0,0.0,0.0,0.0,0.0,0.0,1.0,0.0,0.0,1.0,0.0,0.0,0.0,0.0,0.0,0.0,0.0,0.0,2.0,0.0,2.0,0.0,0.0,0.0,1.0,0.0,1.0,0.0,3.0,2.0,1.0,0.0,1.0,2.0,1.0,0.0,3.0,0.0,0.0,1.0,2.0,3.0,4.0,23.0,4.0,2.0,15.0,7.0,7.0,7.0,25.0
CHEMBL3415268,Inhibition,4.1,23.0,12.0,1.0,2.0,0.0,1.0,36.0,10.0,0.0,2.0,0.0,2.0,2.0,2.0,2.0,0.0,0.0,0.0,29.0,16.0,1.0,3.0,0.0,2.0,2.0,1.0,1.0,26.0,14.0,1.0,2.0,0.0,1.0,2.0,1.0,0.0,0.0,25.0,13.0,3.0,0.0,0.0,1.0,2.0,0.0,0.0,0.0,0.0,22.0,15.0,4.0,3.0,0.0,0.0,1.0,0.0,0.0,21.0,13.0,4.0,1.0,0.0,2.0,2.0,2.0,1.0,0.0,0.0,13.0,16.0,4.0,2.0,0.0,3.0,0.0,0.0,0.0,0.0,0.0,16.0,8.0,2.0,2.0,0.0,3.0,2.0,1.0,15.0,10.0,4.0,0.0,1.0,1.0,0.0,0.0,1.0,0.0,2.0,0.0,0.0,0.0,0.0,0.0,0.0,1.0,0.0,2.0,1.0,0.0,0.0,0.0,1.0,0.0,6.0,0.0,0.0,0.0,0.0,0.0,0.0,0.0,0.0,0.0,0.0,0.0,0.0,0.0,0.0,0.0,0.0,0.0,0.0,0.0,0.0,0.0,0.0,0.0,0.0,0.0,0.0,0.0,0.0,0.0,0.0,0.0,0.0,0.0,0.0,4.0,3.0,0.0,0.0,0.0,0.0,1.0,0.0,0.0,4.0,0.0,0.0,0.0,1.0,0.0,0.0,0.0,0.0,1.0,1.0,0.0,1.0,3.0,24.0,3.0,3.0,15.0,10.0,10.0,8.0,26.0
CHEMBL4546713,Inhibition,39.8,19.0,18.0,4.0,0.0,0.0,0.0,29.0,16.0,3.0,0.0,0.0,0.0,0.0,5.0,3.0,0.0,0.0,0.0,29.0,21.0,5.0,0.0,0.0,0.0,0.0,1.0,1.0,23.0,19.0,7.0,0.0,0.0,0.0,2.0,0.0,0.0,0.0,25.0,13.0,5.0,0.0,0.0,0.0,4.0,2.0,0.0,0.0,0.0,19.0,19.0,6.0,0.0,0.0,0.0,0.0,0.0,0.0,23.0,7.0,2.0,0.0,0.0,0.0,0.0,6.0,3.0,0.0,0.0,18.0,17.0,4.0,0.0,0.0,0.0,0.0,1.0,0.0,0.0,0.0,17.0,13.0,3.0,0.0,0.0,0.0,3.0,2.0,18.0,11.0,1.0,0.0,0.0,1.0,3.0,0.0,0.0,0.0,8.0,0.0,4.0,0.0,2.0,0.0,3.0,0.0,2.0,0.0,2.0,1.0,2.0,0.0,3.0,1.0,10.0,2.0,4.0,0.0,0.0,0.0,0.0,0.0,0.0,0.0,0.0,0.0,0.0,0.0,0.0,0.0,0.0,0.0,0.0,0.0,0.0,0.0,0.0,0.0,6.0,2.0,1.0,8.0,0.0,0.0,2.0,3.0,1.0,2.0,2.0,9.0,5.0,0.0,2.0,3.0,2.0,2.0,0.0,0.0,6.0,3.0,2.0,2.0,3.0,0.0,0.0,0.0,0.0,1.0,1.0,2.0,2.0,2.0,18.0,6.0,2.0,22.0,17.0,17.0,8.0,23.0
CHEMBL1170854,Inhibition,28.5,22.0,6.0,5.0,0.0,0.0,0.0,30.0,7.0,5.0,0.0,0.0,0.0,0.0,1.0,3.0,0.0,0.0,0.0,27.0,9.0,9.0,0.0,0.0,0.0,0.0,0.0,0.0,21.0,8.0,11.0,0.0,0.0,0.0,1.0,0.0,0.0,0.0,20.0,9.0,10.0,0.0,0.0,0.0,0.0,0.0,0.0,0.0,0.0,22.0,5.0,7.0,0.0,0.0,0.0,1.0,2.0,0.0,21.0,5.0,8.0,0.0,0.0,0.0,0.0,0.0,1.0,0.0,0.0,17.0,6.0,6.0,0.0,0.0,0.0,0.0,2.0,0.0,0.0,2.0,14.0,5.0,5.0,0.0,0.0,0.0,0.0,0.0,11.0,4.0,5.0,0.0,0.0,0.0,1.0,0.0,0.0,0.0,0.0,0.0,0.0,0.0,0.0,0.0,0.0,0.0,0.0,1.0,2.0,1.0,1.0,0.0,0.0,1.0,5.0,1.0,1.0,1.0,0.0,1.0,1.0,0.0,0.0,0.0,0.0,0.0,1.0,0.0,0.0,0.0,0.0,0.0,0.0,0.0,0.0,0.0,0.0,0.0,1.0,0.0,0.0,0.0,0.0,0.0,0.0,0.0,0.0,0.0,0.0,2.0,0.0,0.0,0.0,2.0,0.0,2.0,1.0,0.0,3.0,1.0,0.0,0.0,4.0,0.0,0.0,0.0,1.0,0.0,1.0,1.0,0.0,0.0,18.0,1.0,7.0,11.0,8.0,8.0,5.0,24.0
CHEMBL1173409,Inhibition,2.5,22.0,6.0,6.0,0.0,0.0,0.0,31.0,7.0,5.0,0.0,0.0,0.0,0.0,1.0,3.0,0.0,0.0,0.0,29.0,9.0,9.0,0.0,0.0,0.0,0.0,0.0,0.0,23.0,8.0,10.0,0.0,0.0,0.0,1.0,0.0,0.0,0.0,21.0,9.0,9.0,0.0,0.0,0.0,0.0,1.0,0.0,0.0,0.0,22.0,6.0,7.0,0.0,0.0,0.0,1.0,2.0,0.0,22.0,5.0,6.0,0.0,0.0,0.0,0.0,0.0,2.0,0.0,0.0,17.0,7.0,6.0,0.0,0.0,0.0,0.0,1.0,0.0,0.0,1.0,15.0,5.0,5.0,0.0,0.0,0.0,0.0,0.0,13.0,4.0,6.0,0.0,0.0,0.0,1.0,0.0,0.0,0.0,0.0,0.0,0.0,0.0,0.0,0.0,0.0,0.0,0.0,2.0,2.0,1.0,1.0,0.0,0.0,2.0,6.0,1.0,1.0,1.0,0.0,1.0,1.0,0.0,0.0,0.0,0.0,0.0,1.0,0.0,0.0,0.0,0.0,0.0,0.0,0.0,0.0,0.0,0.0,0.0,1.0,0.0,0.0,0.0,0.0,0.0,0.0,0.0,0.0,0.0,0.0,2.0,0.0,0.0,0.0,2.0,0.0,3.0,2.0,0.0,3.0,1.0,0.0,0.0,4.0,0.0,0.0,0.0,2.0,0.0,1.0,1.0,0.0,0.0,18.0,1.0,7.0,12.0,8.0,8.0,6.0,24.0
CHEMBL1172983,Inhibition,16.7,26.0,7.0,6.0,0.0,0.0,0.0,35.0,9.0,9.0,0.0,0.0,0.0,0.0,1.0,3.0,0.0,0.0,0.0,32.0,11.0,14.0,0.0,0.0,0.0,0.0,0.0,0.0,26.0,11.0,16.0,0.0,0.0,0.0,0.0,0.0,0.0,0.0,25.0,8.0,14.0,0.0,0.0,0.0,1.0,3.0,0.0,0.0,1.0,25.0,10.0,10.0,0.0,0.0,0.0,0.0,1.0,2.0,27.0,5.0,9.0,0.0,0.0,0.0,0.0,1.0,3.0,0.0,0.0,26.0,8.0,8.0,0.0,0.0,0.0,0.0,1.0,0.0,0.0,1.0,25.0,8.0,8.0,0.0,0.0,0.0,0.0,1.0,20.0,9.0,12.0,0.0,0.0,1.0,1.0,0.0,0.0,0.0,0.0,0.0,0.0,0.0,0.0,0.0,0.0,0.0,0.0,1.0,2.0,1.0,1.0,0.0,0.0,1.0,5.0,1.0,1.0,1.0,0.0,1.0,1.0,0.0,0.0,0.0,0.0,0.0,1.0,0.0,0.0,0.0,0.0,0.0,0.0,0.0,0.0,0.0,0.0,0.0,1.0,0.0,0.0,0.0,0.0,0.0,0.0,0.0,0.0,0.0,0.0,2.0,0.0,0.0,0.0,2.0,0.0,2.0,1.0,0.0,4.0,1.0,0.0,0.0,5.0,0.0,0.0,0.0,1.0,0.0,1.0,1.0,0.0,1.0,23.0,2.0,9.0,13.0,7.0,7.0,6.0,29.0
CHEMBL1173045,Inhibition,1.1,23.0,8.0,6.0,0.0,0.0,0.0,32.0,11.0,5.0,0.0,0.0,0.0,0.0,1.0,3.0,0.0,0.0,0.0,32.0,12.0,9.0,0.0,0.0,0.0,0.0,1.0,0.0,25.0,14.0,12.0,0.0,0.0,0.0,0.0,0.0,0.0,0.0,23.0,8.0,13.0,0.0,0.0,0.0,2.0,6.0,0.0,0.0,0.0,23.0,12.0,11.0,0.0,0.0,0.0,0.0,0.0,0.0,27.0,7.0,5.0,0.0,0.0,0.0,0.0,1.0,2.0,0.0,0.0,23.0,9.0,9.0,0.0,0.0,0.0,0.0,0.0,0.0,0.0,0.0,19.0,4.0,9.0,0.0,0.0,0.0,1.0,3.0,13.0,5.0,11.0,0.0,0.0,0.0,1.0,0.0,0.0,0.0,1.0,0.0,0.0,0.0,0.0,0.0,0.0,0.0,0.0,3.0,3.0,3.0,3.0,0.0,0.0,1.0,9.0,3.0,2.0,1.0,0.0,1.0,2.0,0.0,0.0,0.0,0.0,0.0,1.0,0.0,0.0,0.0,0.0,0.0,0.0,0.0,0.0,0.0,0.0,0.0,1.0,0.0,0.0,0.0,0.0,0.0,0.0,0.0,0.0,1.0,0.0,3.0,0.0,0.0,0.0,3.0,0.0,2.0,1.0,0.0,3.0,3.0,0.0,0.0,5.0,2.0,1.0,0.0,1.0,0.0,2.0,1.0,0.0,1.0,17.0,2.0,5.0,14.0,15.0,15.0,8.0,25.0
CHEMBL3815093,Inhibition,10.0,13.0,10.0,4.0,1.0,0.0,0.0,22.0,9.0,6.0,3.0,0.0,0.0,0.0,2.0,2.0,0.0,0.0,0.0,22.0,15.0,10.0,2.0,0.0,0.0,0.0,1.0,0.0,20.0,14.0,9.0,1.0,0.0,0.0,1.0,1.0,0.0,0.0,22.0,8.0,4.0,1.0,0.0,0.0,2.0,5.0,0.0,0.0,0.0,17.0,13.0,4.0,3.0,0.0,0.0,1.0,4.0,0.0,18.0,10.0,9.0,3.0,0.0,0.0,0.0,2.0,2.0,0.0,0.0,14.0,8.0,10.0,2.0,0.0,0.0,0.0,1.0,0.0,0.0,0.0,10.0,3.0,9.0,1.0,0.0,0.0,1.0,3.0,7.0,3.0,5.0,0.0,0.0,0.0,1.0,0.0,0.0,0.0,0.0,0.0,0.0,0.0,0.0,0.0,0.0,0.0,0.0,5.0,2.0,0.0,0.0,0.0,1.0,2.0,5.0,0.0,0.0,0.0,0.0,0.0,0.0,0.0,0.0,0.0,0.0,0.0,0.0,0.0,0.0,0.0,0.0,0.0,0.0,0.0,0.0,0.0,0.0,0.0,0.0,0.0,0.0,0.0,0.0,0.0,0.0,0.0,0.0,0.0,0.0,3.0,1.0,0.0,0.0,2.0,0.0,2.0,2.0,0.0,3.0,0.0,0.0,0.0,4.0,0.0,0.0,0.0,2.0,1.0,0.0,0.0,2.0,2.0,16.0,2.0,4.0,15.0,8.0,8.0,7.0,18.0
CHEMBL2206011,Inhibition,99.0,21.0,5.0,3.0,0.0,0.0,1.0,27.0,6.0,4.0,0.0,0.0,2.0,2.0,0.0,1.0,0.0,0.0,0.0,28.0,4.0,6.0,0.0,0.0,2.0,2.0,0.0,0.0,24.0,3.0,5.0,0.0,0.0,2.0,0.0,0.0,0.0,0.0,22.0,2.0,5.0,0.0,0.0,2.0,0.0,1.0,0.0,1.0,0.0,19.0,3.0,5.0,0.0,0.0,1.0,0.0,0.0,0.0,15.0,3.0,5.0,0.0,0.0,2.0,2.0,0.0,0.0,0.0,0.0,15.0,2.0,2.0,0.0,0.0,2.0,0.0,1.0,0.0,0.0,1.0,15.0,2.0,3.0,0.0,0.0,1.0,0.0,0.0,13.0,2.0,2.0,0.0,0.0,0.0,0.0,0.0,0.0,0.0,6.0,0.0,3.0,2.0,1.0,0.0,3.0,0.0,1.0,2.0,1.0,1.0,1.0,0.0,1.0,1.0,11.0,1.0,6.0,1.0,0.0,1.0,1.0,2.0,0.0,0.0,0.0,0.0,1.0,1.0,0.0,0.0,0.0,0.0,0.0,1.0,1.0,1.0,1.0,1.0,4.0,3.0,3.0,6.0,0.0,0.0,0.0,3.0,0.0,1.0,0.0,4.0,3.0,0.0,0.0,1.0,0.0,1.0,1.0,0.0,2.0,1.0,0.0,0.0,2.0,2.0,2.0,0.0,1.0,1.0,1.0,1.0,0.0,0.0,12.0,1.0,5.0,8.0,12.0,12.0,9.0,17.0
CHEMBL2206030,Inhibition,85.0,16.0,2.0,3.0,0.0,0.0,1.0,22.0,3.0,3.0,0.0,0.0,2.0,2.0,0.0,1.0,0.0,0.0,0.0,20.0,3.0,5.0,0.0,0.0,2.0,2.0,0.0,0.0,16.0,2.0,4.0,0.0,0.0,2.0,0.0,0.0,0.0,0.0,13.0,2.0,5.0,0.0,0.0,2.0,0.0,0.0,0.0,1.0,0.0,12.0,2.0,3.0,0.0,0.0,1.0,0.0,0.0,0.0,9.0,1.0,3.0,0.0,0.0,2.0,2.0,0.0,0.0,0.0,0.0,6.0,0.0,2.0,0.0,0.0,2.0,0.0,1.0,0.0,0.0,1.0,3.0,1.0,3.0,0.0,0.0,1.0,0.0,0.0,2.0,0.0,1.0,0.0,0.0,0.0,0.0,0.0,0.0,0.0,0.0,0.0,0.0,0.0,0.0,0.0,0.0,0.0,0.0,1.0,1.0,1.0,1.0,0.0,0.0,1.0,4.0,1.0,1.0,1.0,0.0,1.0,1.0,0.0,0.0,0.0,0.0,0.0,1.0,0.0,0.0,0.0,0.0,0.0,0.0,0.0,0.0,0.0,0.0,0.0,1.0,0.0,0.0,0.0,0.0,0.0,0.0,0.0,0.0,0.0,0.0,1.0,0.0,0.0,0.0,1.0,0.0,1.0,1.0,0.0,1.0,1.0,0.0,0.0,2.0,0.0,0.0,0.0,1.0,0.0,1.0,1.0,0.0,0.0,12.0,1.0,5.0,5.0,4.0,4.0,2.0,16.0
CHEMBL3329687,Inhibition,6.0,23.0,6.0,5.0,0.0,0.0,1.0,32.0,6.0,4.0,0.0,0.0,2.0,2.0,1.0,4.0,0.0,0.0,0.0,28.0,9.0,10.0,0.0,0.0,2.0,2.0,0.0,0.0,22.0,8.0,9.0,0.0,0.0,1.0,1.0,1.0,0.0,0.0,19.0,10.0,11.0,0.0,0.0,1.0,0.0,0.0,0.0,0.0,0.0,21.0,6.0,7.0,0.0,0.0,1.0,1.0,3.0,1.0,18.0,7.0,9.0,0.0,0.0,2.0,2.0,0.0,0.0,0.0,0.0,18.0,4.0,2.0,0.0,0.0,2.0,0.0,3.0,0.0,1.0,2.0,14.0,6.0,6.0,0.0,0.0,2.0,0.0,0.0,13.0,5.0,6.0,0.0,1.0,0.0,0.0,0.0,0.0,0.0,0.0,0.0,0.0,0.0,0.0,0.0,0.0,0.0,0.0,1.0,3.0,4.0,3.0,0.0,0.0,1.0,6.0,3.0,1.0,1.0,0.0,1.0,1.0,0.0,0.0,0.0,0.0,0.0,1.0,0.0,0.0,0.0,0.0,0.0,0.0,0.0,0.0,0.0,0.0,0.0,1.0,0.0,0.0,0.0,0.0,0.0,0.0,0.0,0.0,0.0,0.0,4.0,1.0,0.0,2.0,2.0,0.0,1.0,1.0,0.0,3.0,4.0,0.0,0.0,4.0,0.0,0.0,0.0,1.0,0.0,2.0,3.0,0.0,0.0,18.0,1.0,7.0,11.0,8.0,8.0,7.0,26.0
CHEMBL3309549,Inhibition,68.4,20.0,15.0,2.0,0.0,3.0,4.0,28.0,12.0,2.0,0.0,3.0,2.0,5.0,6.0,2.0,3.0,3.0,3.0,24.0,20.0,2.0,0.0,6.0,3.0,9.0,0.0,1.0,21.0,18.0,5.0,0.0,6.0,7.0,3.0,0.0,0.0,0.0,23.0,19.0,4.0,0.0,3.0,3.0,0.0,2.0,3.0,4.0,0.0,24.0,13.0,6.0,0.0,3.0,4.0,4.0,0.0,0.0,26.0,12.0,2.0,0.0,0.0,0.0,0.0,0.0,1.0,3.0,4.0,26.0,7.0,2.0,0.0,3.0,4.0,3.0,2.0,0.0,0.0,0.0,18.0,13.0,5.0,0.0,6.0,8.0,0.0,1.0,16.0,7.0,2.0,6.0,8.0,3.0,1.0,0.0,0.0,1.0,2.0,1.0,0.0,0.0,0.0,1.0,0.0,0.0,0.0,1.0,2.0,0.0,0.0,3.0,0.0,0.0,6.0,0.0,2.0,0.0,0.0,0.0,0.0,1.0,0.0,0.0,0.0,0.0,0.0,0.0,0.0,0.0,0.0,0.0,0.0,0.0,0.0,1.0,0.0,0.0,1.0,0.0,0.0,0.0,0.0,0.0,0.0,0.0,0.0,2.0,0.0,2.0,0.0,0.0,0.0,1.0,0.0,2.0,0.0,3.0,3.0,0.0,0.0,1.0,2.0,1.0,1.0,3.0,0.0,0.0,0.0,0.0,3.0,4.0,23.0,4.0,2.0,17.0,10.0,10.0,9.0,25.0
CHEMBL4163870,Inhibition,98.0,18.0,15.0,1.0,0.0,0.0,0.0,23.0,22.0,1.0,0.0,0.0,0.0,0.0,2.0,1.0,0.0,0.0,0.0,24.0,16.0,2.0,0.0,0.0,0.0,0.0,4.0,1.0,23.0,14.0,3.0,0.0,0.0,0.0,3.0,2.0,0.0,0.0,24.0,11.0,3.0,0.0,0.0,0.0,3.0,0.0,0.0,0.0,0.0,17.0,20.0,2.0,0.0,0.0,0.0,1.0,1.0,0.0,11.0,20.0,3.0,0.0,0.0,0.0,0.0,2.0,1.0,0.0,0.0,12.0,8.0,5.0,0.0,0.0,0.0,3.0,1.0,0.0,0.0,0.0,16.0,7.0,2.0,0.0,0.0,0.0,2.0,0.0,17.0,11.0,0.0,0.0,0.0,0.0,1.0,0.0,0.0,0.0,7.0,0.0,4.0,1.0,0.0,2.0,1.0,0.0,0.0,1.0,3.0,1.0,1.0,0.0,1.0,0.0,9.0,1.0,4.0,0.0,0.0,0.0,0.0,1.0,0.0,0.0,0.0,0.0,0.0,0.0,0.0,0.0,0.0,0.0,0.0,0.0,0.0,0.0,0.0,0.0,4.0,0.0,0.0,4.0,0.0,0.0,0.0,2.0,0.0,0.0,0.0,5.0,2.0,0.0,0.0,3.0,0.0,0.0,0.0,0.0,4.0,1.0,2.0,0.0,1.0,1.0,3.0,0.0,0.0,1.0,1.0,1.0,3.0,4.0,17.0,6.0,2.0,16.0,17.0,17.0,6.0,19.0
CHEMBL4207647,Inhibition,76.8,35.0,8.0,7.0,0.0,0.0,0.0,46.0,13.0,7.0,0.0,0.0,0.0,0.0,0.0,3.0,0.0,0.0,0.0,45.0,12.0,13.0,0.0,0.0,0.0,0.0,0.0,4.0,37.0,13.0,20.0,0.0,0.0,0.0,1.0,1.0,0.0,0.0,40.0,12.0,20.0,0.0,0.0,0.0,1.0,1.0,0.0,0.0,4.0,41.0,12.0,27.0,0.0,0.0,0.0,1.0,1.0,0.0,40.0,9.0,23.0,0.0,0.0,0.0,0.0,0.0,3.0,0.0,0.0,42.0,7.0,12.0,0.0,0.0,0.0,2.0,3.0,0.0,0.0,1.0,36.0,10.0,14.0,0.0,0.0,0.0,0.0,2.0,31.0,11.0,13.0,0.0,0.0,0.0,0.0,0.0,0.0,2.0,2.0,2.0,0.0,0.0,0.0,0.0,0.0,0.0,0.0,2.0,3.0,3.0,5.0,0.0,0.0,0.0,13.0,5.0,5.0,1.0,0.0,1.0,3.0,2.0,0.0,0.0,0.0,2.0,3.0,0.0,0.0,0.0,0.0,0.0,0.0,0.0,0.0,0.0,0.0,2.0,5.0,0.0,0.0,4.0,0.0,0.0,4.0,0.0,0.0,2.0,0.0,5.0,2.0,2.0,2.0,1.0,2.0,2.0,0.0,0.0,3.0,3.0,0.0,2.0,7.0,2.0,2.0,0.0,0.0,0.0,5.0,6.0,0.0,1.0,23.0,2.0,9.0,15.0,19.0,19.0,13.0,35.0
CHEMBL4216208,Inhibition,93.5,35.0,8.0,8.0,0.0,0.0,0.0,47.0,13.0,7.0,0.0,0.0,0.0,0.0,0.0,3.0,0.0,0.0,0.0,46.0,12.0,14.0,0.0,0.0,0.0,0.0,0.0,4.0,38.0,14.0,20.0,0.0,0.0,0.0,1.0,1.0,0.0,0.0,42.0,12.0,20.0,0.0,0.0,0.0,1.0,1.0,0.0,0.0,4.0,44.0,12.0,28.0,0.0,0.0,0.0,1.0,1.0,0.0,44.0,9.0,23.0,0.0,0.0,0.0,0.0,0.0,3.0,0.0,0.0,46.0,8.0,12.0,0.0,0.0,0.0,2.0,3.0,0.0,0.0,1.0,37.0,10.0,14.0,0.0,0.0,0.0,0.0,2.0,32.0,11.0,13.0,0.0,0.0,0.0,0.0,0.0,0.0,2.0,2.0,2.0,0.0,0.0,0.0,0.0,0.0,0.0,0.0,3.0,3.0,3.0,5.0,0.0,0.0,1.0,14.0,5.0,5.0,1.0,0.0,1.0,3.0,2.0,0.0,0.0,0.0,2.0,3.0,0.0,0.0,0.0,0.0,0.0,0.0,0.0,0.0,0.0,0.0,2.0,5.0,0.0,0.0,4.0,0.0,0.0,4.0,0.0,0.0,2.0,1.0,5.0,2.0,2.0,2.0,1.0,2.0,3.0,0.0,0.0,3.0,3.0,0.0,2.0,7.0,2.0,2.0,0.0,0.0,0.0,5.0,6.0,0.0,1.0,23.0,2.0,9.0,16.0,19.0,19.0,14.0,35.0
CHEMBL4203323,Inhibition,28.9,35.0,8.0,8.0,0.0,0.0,0.0,47.0,13.0,7.0,0.0,0.0,0.0,0.0,0.0,3.0,0.0,0.0,0.0,46.0,12.0,14.0,0.0,0.0,0.0,0.0,0.0,4.0,38.0,14.0,20.0,0.0,0.0,0.0,1.0,1.0,0.0,0.0,42.0,12.0,20.0,0.0,0.0,0.0,1.0,1.0,0.0,0.0,4.0,44.0,12.0,28.0,0.0,0.0,0.0,1.0,1.0,0.0,44.0,9.0,23.0,0.0,0.0,0.0,0.0,0.0,3.0,0.0,0.0,45.0,7.0,12.0,0.0,0.0,0.0,2.0,3.0,0.0,0.0,1.0,38.0,10.0,14.0,0.0,0.0,0.0,0.0,2.0,33.0,12.0,13.0,0.0,0.0,0.0,0.0,0.0,0.0,2.0,2.0,2.0,0.0,0.0,0.0,0.0,0.0,0.0,0.0,3.0,3.0,3.0,5.0,0.0,0.0,1.0,14.0,5.0,5.0,1.0,0.0,1.0,3.0,2.0,0.0,0.0,0.0,2.0,3.0,0.0,0.0,0.0,0.0,0.0,0.0,0.0,0.0,0.0,0.0,2.0,5.0,0.0,0.0,4.0,0.0,0.0,4.0,0.0,0.0,2.0,1.0,5.0,2.0,2.0,2.0,1.0,2.0,3.0,0.0,0.0,3.0,3.0,0.0,2.0,7.0,2.0,2.0,0.0,0.0,0.0,5.0,6.0,0.0,1.0,23.0,2.0,9.0,16.0,19.0,19.0,14.0,35.0
CHEMBL4204458,Inhibition,67.7,30.0,8.0,11.0,0.0,0.0,0.0,41.0,13.0,9.0,0.0,0.0,0.0,0.0,0.0,3.0,0.0,0.0,0.0,41.0,12.0,17.0,0.0,0.0,0.0,0.0,0.0,4.0,35.0,13.0,22.0,0.0,0.0,0.0,1.0,1.0,0.0,0.0,39.0,10.0,20.0,0.0,0.0,0.0,1.0,3.0,0.0,0.0,4.0,40.0,12.0,25.0,0.0,0.0,0.0,1.0,1.0,4.0,38.0,9.0,25.0,0.0,0.0,0.0,0.0,0.0,3.0,0.0,0.0,39.0,7.0,16.0,0.0,0.0,0.0,2.0,3.0,0.0,0.0,1.0,32.0,10.0,18.0,0.0,0.0,0.0,0.0,2.0,27.0,11.0,17.0,0.0,0.0,0.0,0.0,0.0,0.0,2.0,3.0,2.0,1.0,0.0,0.0,0.0,0.0,0.0,0.0,4.0,3.0,3.0,6.0,0.0,0.0,2.0,17.0,6.0,7.0,1.0,0.0,1.0,4.0,4.0,0.0,0.0,1.0,3.0,2.0,2.0,1.0,0.0,0.0,0.0,0.0,1.0,2.0,1.0,0.0,3.0,5.0,0.0,0.0,4.0,0.0,0.0,4.0,0.0,0.0,3.0,2.0,5.0,2.0,2.0,2.0,1.0,2.0,5.0,0.0,0.0,3.0,3.0,0.0,2.0,9.0,2.0,3.0,0.0,0.0,0.0,6.0,6.0,0.0,1.0,17.0,2.0,9.0,19.0,21.0,21.0,16.0,30.0
CHEMBL4559825,Inhibition,-6.35,28.0,9.0,3.0,0.0,6.0,7.0,38.0,14.0,2.0,0.0,6.0,2.0,8.0,1.0,2.0,6.0,6.0,6.0,37.0,16.0,4.0,0.0,12.0,2.0,14.0,0.0,0.0,31.0,20.0,5.0,0.0,12.0,15.0,1.0,0.0,0.0,0.0,33.0,16.0,5.0,0.0,12.0,13.0,1.0,0.0,6.0,7.0,0.0,38.0,9.0,5.0,0.0,6.0,8.0,3.0,2.0,0.0,40.0,8.0,3.0,0.0,0.0,3.0,3.0,1.0,2.0,6.0,6.0,33.0,14.0,5.0,0.0,6.0,10.0,0.0,0.0,0.0,0.0,0.0,25.0,13.0,6.0,0.0,12.0,14.0,0.0,0.0,20.0,11.0,6.0,12.0,13.0,1.0,1.0,0.0,1.0,0.0,0.0,0.0,0.0,0.0,0.0,0.0,0.0,0.0,0.0,1.0,1.0,0.0,0.0,6.0,0.0,1.0,4.0,0.0,0.0,0.0,0.0,0.0,0.0,0.0,0.0,0.0,0.0,0.0,0.0,0.0,0.0,0.0,0.0,0.0,0.0,0.0,0.0,0.0,0.0,0.0,0.0,0.0,0.0,0.0,0.0,0.0,0.0,0.0,0.0,0.0,0.0,1.0,0.0,0.0,0.0,1.0,0.0,2.0,1.0,6.0,2.0,0.0,0.0,0.0,2.0,0.0,0.0,6.0,1.0,0.0,0.0,0.0,2.0,3.0,29.0,3.0,2.0,12.0,4.0,4.0,6.0,31.0
CHEMBL2206024,Inhibition,48.0,16.0,2.0,3.0,2.0,0.0,1.0,23.0,3.0,7.0,2.0,0.0,2.0,2.0,0.0,1.0,0.0,0.0,0.0,22.0,3.0,9.0,2.0,0.0,2.0,2.0,0.0,0.0,18.0,2.0,10.0,2.0,0.0,2.0,0.0,0.0,0.0,0.0,16.0,2.0,9.0,1.0,0.0,2.0,0.0,0.0,0.0,1.0,0.0,13.0,2.0,6.0,1.0,0.0,1.0,0.0,0.0,0.0,11.0,1.0,5.0,2.0,0.0,2.0,2.0,0.0,1.0,0.0,0.0,8.0,1.0,7.0,2.0,0.0,2.0,0.0,0.0,0.0,0.0,0.0,5.0,1.0,6.0,2.0,0.0,1.0,0.0,2.0,3.0,0.0,4.0,0.0,1.0,0.0,0.0,0.0,0.0,0.0,0.0,0.0,0.0,0.0,0.0,0.0,0.0,0.0,0.0,2.0,1.0,1.0,1.0,0.0,0.0,1.0,5.0,1.0,1.0,1.0,0.0,1.0,1.0,0.0,0.0,0.0,0.0,0.0,1.0,0.0,0.0,0.0,0.0,0.0,0.0,0.0,0.0,0.0,0.0,0.0,1.0,0.0,0.0,0.0,0.0,0.0,0.0,0.0,0.0,0.0,0.0,1.0,0.0,0.0,0.0,1.0,0.0,1.0,1.0,0.0,1.0,1.0,0.0,0.0,4.0,0.0,0.0,0.0,1.0,0.0,1.0,1.0,0.0,0.0,12.0,1.0,9.0,7.0,5.0,5.0,3.0,17.0
CHEMBL4531751,Inhibition,16.68,13.0,11.0,2.0,2.0,0.0,0.0,20.0,12.0,1.0,3.0,0.0,0.0,0.0,1.0,3.0,0.0,0.0,0.0,19.0,10.0,2.0,1.0,0.0,0.0,0.0,2.0,0.0,13.0,12.0,4.0,1.0,0.0,0.0,0.0,0.0,0.0,0.0,13.0,11.0,3.0,0.0,0.0,0.0,1.0,0.0,0.0,0.0,0.0,10.0,11.0,1.0,1.0,0.0,0.0,1.0,1.0,0.0,11.0,6.0,0.0,2.0,0.0,0.0,0.0,2.0,1.0,0.0,0.0,11.0,3.0,2.0,2.0,0.0,0.0,3.0,0.0,0.0,0.0,0.0,9.0,8.0,2.0,1.0,0.0,0.0,0.0,0.0,9.0,5.0,0.0,0.0,0.0,1.0,1.0,0.0,0.0,0.0,4.0,0.0,2.0,0.0,0.0,0.0,2.0,2.0,0.0,1.0,1.0,0.0,0.0,0.0,2.0,0.0,6.0,0.0,2.0,0.0,0.0,0.0,0.0,0.0,0.0,0.0,0.0,0.0,0.0,0.0,0.0,0.0,0.0,0.0,0.0,0.0,0.0,0.0,0.0,0.0,4.0,2.0,1.0,6.0,0.0,0.0,0.0,2.0,0.0,0.0,0.0,5.0,4.0,0.0,0.0,2.0,0.0,0.0,0.0,0.0,4.0,0.0,2.0,0.0,0.0,0.0,0.0,0.0,0.0,2.0,0.0,0.0,2.0,4.0,16.0,6.0,0.0,15.0,9.0,9.0,3.0,15.0
CHEMBL3330971,Inhibition,40.0,23.0,9.0,5.0,0.0,0.0,0.0,35.0,8.0,4.0,0.0,0.0,0.0,0.0,1.0,4.0,0.0,0.0,0.0,32.0,11.0,10.0,0.0,0.0,0.0,0.0,0.0,0.0,26.0,9.0,9.0,0.0,0.0,0.0,1.0,1.0,0.0,0.0,21.0,11.0,11.0,0.0,0.0,0.0,0.0,0.0,0.0,0.0,0.0,23.0,7.0,7.0,0.0,0.0,0.0,1.0,3.0,1.0,20.0,9.0,9.0,0.0,0.0,0.0,0.0,0.0,0.0,0.0,0.0,22.0,6.0,2.0,0.0,0.0,0.0,1.0,4.0,0.0,0.0,2.0,18.0,10.0,8.0,0.0,0.0,0.0,0.0,0.0,17.0,6.0,6.0,0.0,0.0,0.0,0.0,0.0,0.0,0.0,0.0,0.0,0.0,0.0,0.0,0.0,0.0,0.0,0.0,3.0,3.0,4.0,3.0,0.0,1.0,1.0,8.0,3.0,1.0,1.0,0.0,1.0,1.0,0.0,0.0,0.0,0.0,0.0,1.0,0.0,0.0,0.0,0.0,0.0,0.0,0.0,0.0,0.0,0.0,0.0,1.0,0.0,0.0,0.0,0.0,0.0,0.0,0.0,0.0,0.0,0.0,6.0,2.0,0.0,2.0,4.0,0.0,1.0,1.0,0.0,4.0,4.0,0.0,0.0,4.0,0.0,0.0,0.0,1.0,1.0,2.0,3.0,0.0,0.0,18.0,1.0,7.0,14.0,10.0,10.0,8.0,27.0
CHEMBL3797579,Inhibition,12.3,19.0,9.0,0.0,0.0,3.0,3.0,25.0,13.0,0.0,0.0,6.0,0.0,6.0,4.0,0.0,1.0,1.0,1.0,23.0,14.0,0.0,0.0,6.0,0.0,6.0,4.0,0.0,17.0,17.0,0.0,0.0,7.0,7.0,0.0,0.0,4.0,4.0,15.0,17.0,0.0,0.0,7.0,7.0,0.0,0.0,2.0,2.0,0.0,14.0,17.0,0.0,0.0,7.0,7.0,0.0,0.0,0.0,15.0,12.0,0.0,0.0,6.0,0.0,6.0,2.0,0.0,2.0,2.0,14.0,9.0,0.0,0.0,6.0,6.0,2.0,0.0,0.0,0.0,0.0,15.0,4.0,0.0,0.0,3.0,3.0,1.0,0.0,13.0,3.0,0.0,1.0,1.0,0.0,0.0,0.0,0.0,0.0,0.0,0.0,0.0,0.0,0.0,0.0,0.0,0.0,0.0,0.0,0.0,0.0,0.0,3.0,0.0,0.0,1.0,0.0,0.0,0.0,0.0,0.0,0.0,0.0,0.0,0.0,0.0,0.0,0.0,0.0,0.0,0.0,0.0,0.0,0.0,0.0,0.0,0.0,0.0,0.0,0.0,0.0,0.0,0.0,0.0,0.0,0.0,0.0,0.0,0.0,0.0,0.0,0.0,0.0,0.0,0.0,0.0,0.0,0.0,3.0,0.0,0.0,0.0,0.0,0.0,0.0,0.0,2.0,0.0,0.0,0.0,0.0,5.0,6.0,25.0,6.0,0.0,9.0,0.0,0.0,2.0,21.0
CHEMBL3593660,Inhibition,44.2,18.0,10.0,2.0,0.0,0.0,1.0,26.0,11.0,3.0,0.0,0.0,2.0,2.0,3.0,2.0,0.0,0.0,0.0,21.0,13.0,5.0,0.0,0.0,2.0,2.0,0.0,1.0,17.0,13.0,4.0,0.0,0.0,0.0,1.0,1.0,0.0,2.0,14.0,11.0,3.0,0.0,0.0,2.0,0.0,1.0,0.0,0.0,1.0,18.0,6.0,3.0,0.0,0.0,1.0,1.0,0.0,0.0,13.0,8.0,6.0,0.0,0.0,2.0,2.0,1.0,0.0,0.0,0.0,12.0,5.0,3.0,0.0,0.0,2.0,1.0,1.0,0.0,0.0,0.0,13.0,5.0,2.0,0.0,0.0,1.0,1.0,1.0,12.0,5.0,3.0,0.0,0.0,1.0,0.0,0.0,1.0,0.0,0.0,0.0,0.0,0.0,0.0,0.0,0.0,0.0,0.0,3.0,1.0,0.0,0.0,0.0,0.0,0.0,5.0,0.0,3.0,0.0,1.0,0.0,0.0,3.0,0.0,0.0,0.0,0.0,0.0,0.0,0.0,0.0,0.0,0.0,0.0,0.0,0.0,0.0,0.0,0.0,0.0,0.0,0.0,0.0,0.0,0.0,0.0,0.0,0.0,0.0,0.0,1.0,0.0,0.0,0.0,1.0,0.0,1.0,0.0,0.0,2.0,0.0,0.0,0.0,1.0,3.0,0.0,0.0,0.0,0.0,0.0,0.0,2.0,4.0,20.0,4.0,2.0,12.0,6.0,6.0,4.0,20.0
CHEMBL3758602,Inhibition,67.3,16.0,10.0,2.0,0.0,0.0,1.0,22.0,16.0,4.0,0.0,0.0,2.0,2.0,3.0,0.0,0.0,0.0,0.0,16.0,23.0,1.0,0.0,0.0,2.0,2.0,1.0,1.0,18.0,11.0,1.0,0.0,0.0,2.0,6.0,2.0,0.0,1.0,16.0,18.0,2.0,0.0,0.0,0.0,1.0,0.0,0.0,1.0,0.0,21.0,12.0,3.0,0.0,0.0,1.0,3.0,1.0,0.0,15.0,17.0,2.0,0.0,0.0,1.0,1.0,1.0,3.0,0.0,1.0,15.0,8.0,2.0,0.0,0.0,3.0,2.0,0.0,0.0,0.0,0.0,10.0,5.0,1.0,0.0,0.0,2.0,2.0,0.0,4.0,4.0,0.0,0.0,4.0,0.0,0.0,0.0,0.0,0.0,1.0,0.0,0.0,0.0,0.0,0.0,0.0,0.0,1.0,2.0,1.0,0.0,0.0,0.0,0.0,1.0,4.0,0.0,2.0,0.0,0.0,0.0,0.0,1.0,0.0,0.0,0.0,0.0,0.0,0.0,0.0,0.0,0.0,0.0,0.0,0.0,0.0,0.0,0.0,0.0,0.0,0.0,0.0,0.0,0.0,0.0,0.0,0.0,0.0,2.0,2.0,0.0,0.0,0.0,0.0,0.0,0.0,2.0,0.0,0.0,1.0,0.0,0.0,0.0,1.0,2.0,0.0,0.0,0.0,0.0,0.0,0.0,4.0,6.0,20.0,7.0,0.0,12.0,10.0,10.0,2.0,18.0
CHEMBL501471,Inhibition,54.0,23.0,13.0,1.0,0.0,0.0,0.0,33.0,11.0,1.0,0.0,0.0,0.0,0.0,4.0,1.0,0.0,0.0,0.0,27.0,19.0,3.0,0.0,0.0,0.0,0.0,0.0,0.0,22.0,16.0,3.0,0.0,0.0,0.0,2.0,0.0,0.0,0.0,25.0,12.0,3.0,0.0,0.0,0.0,1.0,1.0,0.0,0.0,0.0,25.0,14.0,3.0,0.0,0.0,0.0,1.0,0.0,0.0,25.0,11.0,2.0,0.0,0.0,0.0,0.0,1.0,1.0,0.0,0.0,22.0,12.0,2.0,0.0,0.0,0.0,0.0,1.0,0.0,0.0,0.0,23.0,5.0,2.0,0.0,0.0,0.0,2.0,2.0,23.0,8.0,1.0,0.0,0.0,0.0,0.0,0.0,0.0,0.0,1.0,0.0,0.0,0.0,0.0,1.0,0.0,0.0,0.0,3.0,3.0,1.0,1.0,0.0,1.0,0.0,5.0,1.0,0.0,0.0,0.0,0.0,0.0,0.0,0.0,0.0,0.0,0.0,0.0,0.0,0.0,0.0,0.0,0.0,0.0,0.0,0.0,0.0,0.0,0.0,0.0,0.0,0.0,0.0,0.0,0.0,0.0,0.0,0.0,0.0,0.0,4.0,2.0,0.0,1.0,2.0,0.0,0.0,0.0,0.0,4.0,1.0,0.0,0.0,1.0,1.0,0.0,0.0,0.0,1.0,1.0,2.0,2.0,2.0,24.0,2.0,2.0,14.0,10.0,10.0,9.0,27.0
CHEMBL500661,Inhibition,99.0,19.0,12.0,3.0,2.0,0.0,0.0,26.0,11.0,4.0,2.0,0.0,0.0,0.0,4.0,1.0,0.0,0.0,0.0,20.0,18.0,3.0,2.0,0.0,0.0,0.0,0.0,1.0,17.0,15.0,4.0,1.0,0.0,0.0,2.0,0.0,0.0,0.0,21.0,11.0,3.0,1.0,0.0,0.0,2.0,1.0,0.0,0.0,1.0,20.0,14.0,5.0,1.0,0.0,0.0,0.0,0.0,0.0,21.0,9.0,2.0,2.0,0.0,0.0,0.0,3.0,2.0,0.0,0.0,18.0,11.0,3.0,0.0,0.0,0.0,0.0,1.0,0.0,0.0,0.0,16.0,7.0,2.0,1.0,0.0,0.0,3.0,1.0,16.0,5.0,1.0,0.0,0.0,0.0,2.0,0.0,0.0,1.0,4.0,2.0,2.0,1.0,1.0,1.0,0.0,0.0,1.0,0.0,3.0,1.0,1.0,0.0,0.0,1.0,6.0,1.0,4.0,0.0,0.0,0.0,0.0,3.0,0.0,0.0,0.0,0.0,0.0,2.0,1.0,0.0,0.0,0.0,1.0,1.0,1.0,1.0,0.0,2.0,1.0,0.0,0.0,1.0,0.0,0.0,1.0,0.0,0.0,3.0,3.0,2.0,1.0,0.0,1.0,0.0,1.0,2.0,0.0,0.0,3.0,1.0,0.0,1.0,2.0,0.0,2.0,0.0,0.0,0.0,1.0,2.0,3.0,4.0,21.0,5.0,2.0,17.0,12.0,12.0,8.0,22.0
CHEMBL483710,Inhibition,0.0,23.0,13.0,0.0,2.0,0.0,1.0,35.0,12.0,0.0,4.0,0.0,2.0,2.0,2.0,0.0,0.0,0.0,0.0,33.0,15.0,0.0,2.0,0.0,2.0,2.0,1.0,0.0,29.0,10.0,0.0,3.0,0.0,2.0,4.0,0.0,0.0,0.0,27.0,15.0,0.0,2.0,0.0,1.0,1.0,0.0,0.0,0.0,0.0,27.0,14.0,0.0,0.0,0.0,1.0,0.0,0.0,0.0,26.0,10.0,0.0,1.0,0.0,0.0,0.0,2.0,0.0,0.0,1.0,21.0,13.0,0.0,1.0,0.0,2.0,0.0,0.0,0.0,0.0,0.0,20.0,10.0,0.0,3.0,0.0,2.0,0.0,0.0,21.0,6.0,0.0,0.0,0.0,0.0,0.0,0.0,1.0,0.0,9.0,0.0,3.0,0.0,0.0,0.0,7.0,0.0,0.0,0.0,0.0,0.0,0.0,0.0,3.0,0.0,9.0,0.0,3.0,0.0,0.0,0.0,0.0,0.0,0.0,0.0,0.0,0.0,0.0,0.0,0.0,0.0,0.0,0.0,0.0,0.0,0.0,0.0,0.0,0.0,5.0,3.0,1.0,8.0,0.0,0.0,0.0,2.0,0.0,0.0,0.0,8.0,7.0,0.0,0.0,0.0,0.0,0.0,0.0,0.0,3.0,0.0,2.0,0.0,0.0,0.0,1.0,0.0,0.0,2.0,0.0,0.0,2.0,3.0,21.0,6.0,0.0,15.0,15.0,15.0,5.0,21.0
CHEMBL1822067,Inhibition,52.0,14.0,7.0,3.0,1.0,2.0,2.0,17.0,12.0,4.0,2.0,4.0,0.0,4.0,1.0,4.0,0.0,0.0,0.0,13.0,12.0,9.0,3.0,6.0,0.0,6.0,2.0,1.0,12.0,12.0,11.0,2.0,2.0,2.0,0.0,1.0,2.0,2.0,15.0,3.0,7.0,2.0,3.0,3.0,3.0,3.0,1.0,1.0,0.0,16.0,6.0,7.0,0.0,5.0,5.0,0.0,0.0,0.0,13.0,7.0,2.0,1.0,4.0,0.0,4.0,0.0,4.0,2.0,2.0,9.0,7.0,6.0,2.0,5.0,5.0,1.0,0.0,0.0,0.0,0.0,7.0,7.0,7.0,1.0,1.0,1.0,0.0,0.0,6.0,3.0,3.0,2.0,2.0,2.0,3.0,0.0,0.0,0.0,2.0,0.0,1.0,0.0,0.0,0.0,0.0,0.0,0.0,2.0,2.0,1.0,1.0,2.0,0.0,1.0,5.0,1.0,2.0,0.0,0.0,0.0,0.0,1.0,0.0,0.0,0.0,0.0,0.0,0.0,0.0,0.0,0.0,0.0,0.0,0.0,0.0,0.0,0.0,0.0,0.0,0.0,0.0,0.0,0.0,0.0,0.0,0.0,0.0,0.0,0.0,1.0,0.0,0.0,0.0,0.0,0.0,1.0,0.0,2.0,2.0,1.0,0.0,0.0,4.0,1.0,1.0,0.0,1.0,0.0,1.0,2.0,2.0,3.0,15.0,3.0,2.0,11.0,10.0,10.0,8.0,17.0
CHEMBL446637,Inhibition,0.0,27.0,18.0,1.0,2.0,0.0,1.0,42.0,17.0,1.0,1.0,0.0,2.0,2.0,3.0,1.0,0.0,0.0,0.0,38.0,21.0,3.0,5.0,0.0,2.0,2.0,2.0,1.0,34.0,16.0,4.0,5.0,0.0,1.0,5.0,1.0,0.0,0.0,34.0,23.0,2.0,2.0,0.0,1.0,1.0,1.0,0.0,0.0,0.0,38.0,20.0,3.0,2.0,0.0,0.0,1.0,0.0,0.0,39.0,14.0,2.0,2.0,0.0,1.0,1.0,3.0,1.0,0.0,0.0,34.0,17.0,5.0,0.0,0.0,0.0,1.0,0.0,0.0,2.0,0.0,31.0,16.0,3.0,1.0,0.0,3.0,1.0,2.0,30.0,12.0,3.0,0.0,3.0,2.0,0.0,0.0,0.0,0.0,9.0,0.0,3.0,0.0,0.0,0.0,5.0,0.0,0.0,0.0,0.0,0.0,1.0,0.0,3.0,0.0,10.0,1.0,3.0,0.0,0.0,0.0,0.0,0.0,0.0,0.0,0.0,0.0,0.0,0.0,0.0,0.0,0.0,0.0,0.0,0.0,0.0,0.0,0.0,0.0,5.0,3.0,1.0,8.0,0.0,0.0,2.0,2.0,0.0,0.0,0.0,8.0,7.0,0.0,2.0,0.0,0.0,0.0,0.0,0.0,3.0,1.0,2.0,0.0,1.0,0.0,1.0,0.0,0.0,1.0,1.0,1.0,3.0,4.0,27.0,7.0,2.0,21.0,15.0,15.0,8.0,28.0
CHEMBL499866,Inhibition,86.0,22.0,13.0,1.0,0.0,0.0,0.0,30.0,12.0,1.0,0.0,0.0,0.0,0.0,4.0,1.0,0.0,0.0,0.0,25.0,18.0,4.0,0.0,0.0,0.0,0.0,0.0,0.0,22.0,14.0,3.0,0.0,0.0,0.0,3.0,0.0,0.0,0.0,25.0,14.0,2.0,0.0,0.0,0.0,1.0,1.0,0.0,0.0,0.0,24.0,17.0,2.0,0.0,0.0,0.0,0.0,1.0,0.0,25.0,10.0,3.0,0.0,0.0,0.0,0.0,1.0,1.0,0.0,0.0,21.0,13.0,3.0,0.0,0.0,0.0,0.0,0.0,0.0,0.0,0.0,25.0,3.0,0.0,0.0,0.0,0.0,3.0,2.0,20.0,9.0,1.0,0.0,0.0,0.0,0.0,0.0,0.0,0.0,2.0,0.0,1.0,0.0,0.0,0.0,0.0,1.0,0.0,2.0,2.0,0.0,1.0,0.0,1.0,0.0,5.0,1.0,1.0,0.0,0.0,0.0,0.0,0.0,0.0,0.0,0.0,0.0,0.0,0.0,0.0,0.0,0.0,0.0,0.0,0.0,0.0,0.0,0.0,0.0,1.0,1.0,0.0,2.0,0.0,0.0,1.0,0.0,0.0,0.0,0.0,3.0,3.0,0.0,2.0,0.0,0.0,0.0,0.0,0.0,3.0,1.0,0.0,0.0,1.0,1.0,1.0,0.0,0.0,0.0,1.0,2.0,3.0,3.0,24.0,3.0,2.0,14.0,9.0,9.0,9.0,25.0
CHEMBL4212680,Inhibition,4.0,7.0,8.0,2.0,0.0,0.0,1.0,11.0,8.0,1.0,0.0,0.0,0.0,2.0,2.0,3.0,0.0,0.0,0.0,12.0,8.0,6.0,0.0,0.0,0.0,1.0,1.0,0.0,10.0,8.0,6.0,0.0,0.0,1.0,0.0,2.0,0.0,1.0,10.0,1.0,4.0,0.0,0.0,2.0,0.0,1.0,0.0,1.0,0.0,5.0,0.0,3.0,0.0,0.0,2.0,0.0,0.0,0.0,0.0,0.0,0.0,0.0,0.0,0.0,2.0,0.0,0.0,0.0,0.0,0.0,0.0,0.0,0.0,0.0,0.0,0.0,0.0,0.0,0.0,0.0,0.0,0.0,0.0,0.0,0.0,0.0,0.0,0.0,0.0,0.0,0.0,0.0,0.0,0.0,0.0,0.0,0.0,0.0,0.0,0.0,0.0,0.0,0.0,0.0,0.0,0.0,0.0,2.0,0.0,0.0,1.0,0.0,1.0,0.0,6.0,2.0,2.0,1.0,0.0,1.0,1.0,0.0,0.0,0.0,0.0,0.0,0.0,0.0,0.0,0.0,0.0,0.0,0.0,0.0,0.0,0.0,0.0,0.0,2.0,0.0,0.0,1.0,0.0,0.0,1.0,0.0,0.0,0.0,0.0,3.0,1.0,0.0,1.0,0.0,0.0,0.0,0.0,0.0,2.0,2.0,0.0,0.0,2.0,2.0,0.0,0.0,0.0,0.0,1.0,0.0,1.0,1.0,6.0,3.0,3.0,10.0,2.0,2.0,2.0,9.0
CHEMBL4218930,Inhibition,87.0,26.0,6.0,6.0,0.0,0.0,0.0,35.0,10.0,6.0,0.0,0.0,0.0,0.0,0.0,2.0,0.0,0.0,0.0,34.0,9.0,12.0,0.0,0.0,0.0,0.0,0.0,2.0,27.0,9.0,16.0,0.0,0.0,0.0,1.0,1.0,0.0,0.0,28.0,8.0,15.0,0.0,0.0,0.0,1.0,1.0,0.0,0.0,2.0,28.0,9.0,19.0,0.0,0.0,0.0,0.0,2.0,0.0,25.0,7.0,16.0,0.0,0.0,0.0,0.0,0.0,2.0,0.0,0.0,26.0,4.0,7.0,0.0,0.0,0.0,1.0,4.0,0.0,0.0,1.0,21.0,5.0,11.0,0.0,0.0,0.0,0.0,0.0,15.0,5.0,12.0,0.0,0.0,0.0,0.0,0.0,0.0,1.0,1.0,1.0,0.0,0.0,0.0,0.0,0.0,0.0,0.0,2.0,2.0,2.0,4.0,0.0,0.0,0.0,10.0,4.0,3.0,1.0,0.0,1.0,2.0,1.0,0.0,0.0,0.0,1.0,2.0,0.0,0.0,0.0,0.0,0.0,0.0,0.0,0.0,0.0,0.0,1.0,3.0,0.0,0.0,2.0,0.0,0.0,2.0,0.0,0.0,1.0,0.0,3.0,1.0,1.0,1.0,1.0,1.0,2.0,0.0,0.0,2.0,2.0,0.0,1.0,6.0,2.0,1.0,0.0,0.0,0.0,4.0,6.0,0.0,1.0,17.0,2.0,9.0,12.0,14.0,14.0,8.0,26.0
CHEMBL4215101,Inhibition,74.2,30.0,8.0,11.0,0.0,0.0,0.0,41.0,13.0,9.0,0.0,0.0,0.0,0.0,0.0,3.0,0.0,0.0,0.0,41.0,12.0,17.0,0.0,0.0,0.0,0.0,0.0,4.0,35.0,13.0,22.0,0.0,0.0,0.0,1.0,1.0,0.0,0.0,39.0,10.0,20.0,0.0,0.0,0.0,1.0,3.0,0.0,0.0,4.0,40.0,12.0,25.0,0.0,0.0,0.0,1.0,1.0,4.0,38.0,9.0,25.0,0.0,0.0,0.0,0.0,0.0,3.0,0.0,0.0,39.0,7.0,16.0,0.0,0.0,0.0,2.0,3.0,0.0,0.0,1.0,30.0,8.0,20.0,0.0,0.0,0.0,0.0,4.0,29.0,11.0,15.0,0.0,0.0,0.0,0.0,0.0,0.0,2.0,3.0,2.0,1.0,0.0,0.0,0.0,0.0,0.0,0.0,4.0,3.0,3.0,6.0,0.0,0.0,2.0,17.0,6.0,7.0,1.0,0.0,1.0,4.0,4.0,0.0,0.0,1.0,3.0,2.0,2.0,1.0,0.0,0.0,0.0,0.0,1.0,2.0,1.0,0.0,3.0,5.0,0.0,0.0,4.0,0.0,0.0,4.0,0.0,0.0,3.0,2.0,5.0,2.0,2.0,2.0,1.0,2.0,5.0,0.0,0.0,3.0,3.0,0.0,2.0,9.0,2.0,3.0,0.0,0.0,0.0,6.0,6.0,0.0,1.0,17.0,2.0,9.0,19.0,21.0,21.0,16.0,30.0
CHEMBL4208790,Inhibition,58.7,30.0,8.0,11.0,0.0,0.0,0.0,41.0,13.0,9.0,0.0,0.0,0.0,0.0,0.0,3.0,0.0,0.0,0.0,41.0,12.0,17.0,0.0,0.0,0.0,0.0,0.0,4.0,35.0,13.0,22.0,0.0,0.0,0.0,1.0,1.0,0.0,0.0,39.0,10.0,20.0,0.0,0.0,0.0,1.0,3.0,0.0,0.0,4.0,40.0,12.0,25.0,0.0,0.0,0.0,1.0,1.0,4.0,38.0,9.0,25.0,0.0,0.0,0.0,0.0,0.0,3.0,0.0,0.0,39.0,7.0,16.0,0.0,0.0,0.0,2.0,3.0,0.0,0.0,1.0,32.0,10.0,18.0,0.0,0.0,0.0,0.0,2.0,27.0,11.0,17.0,0.0,0.0,0.0,0.0,0.0,0.0,2.0,3.0,2.0,1.0,0.0,0.0,0.0,0.0,0.0,0.0,4.0,3.0,3.0,6.0,0.0,0.0,2.0,17.0,6.0,7.0,1.0,0.0,1.0,4.0,4.0,0.0,0.0,1.0,3.0,2.0,2.0,1.0,0.0,0.0,0.0,0.0,1.0,2.0,1.0,0.0,3.0,5.0,0.0,0.0,4.0,0.0,0.0,4.0,0.0,0.0,3.0,2.0,5.0,2.0,2.0,2.0,1.0,2.0,5.0,0.0,0.0,3.0,3.0,0.0,2.0,9.0,2.0,3.0,0.0,0.0,0.0,6.0,6.0,0.0,1.0,17.0,2.0,9.0,19.0,21.0,21.0,16.0,30.0
CHEMBL4216457,Inhibition,87.1,26.0,6.0,6.0,0.0,0.0,0.0,35.0,10.0,6.0,0.0,0.0,0.0,0.0,0.0,2.0,0.0,0.0,0.0,34.0,9.0,12.0,0.0,0.0,0.0,0.0,0.0,2.0,27.0,8.0,17.0,0.0,0.0,0.0,0.0,2.0,0.0,0.0,27.0,8.0,14.0,0.0,0.0,0.0,1.0,1.0,0.0,0.0,2.0,27.0,8.0,18.0,0.0,0.0,0.0,1.0,1.0,0.0,27.0,6.0,15.0,0.0,0.0,0.0,0.0,0.0,1.0,0.0,0.0,26.0,3.0,11.0,0.0,0.0,0.0,1.0,3.0,0.0,0.0,2.0,19.0,5.0,13.0,0.0,0.0,0.0,0.0,2.0,16.0,6.0,9.0,0.0,0.0,0.0,0.0,0.0,0.0,1.0,1.0,1.0,0.0,0.0,0.0,0.0,0.0,0.0,0.0,2.0,2.0,2.0,4.0,0.0,0.0,0.0,10.0,4.0,3.0,1.0,0.0,1.0,2.0,1.0,0.0,0.0,0.0,1.0,2.0,0.0,0.0,0.0,0.0,0.0,0.0,0.0,0.0,0.0,0.0,1.0,3.0,0.0,0.0,2.0,0.0,0.0,2.0,0.0,0.0,1.0,0.0,3.0,1.0,1.0,1.0,1.0,1.0,2.0,0.0,0.0,2.0,2.0,0.0,1.0,6.0,2.0,1.0,0.0,0.0,0.0,4.0,6.0,0.0,1.0,17.0,2.0,9.0,12.0,14.0,14.0,8.0,26.0
CHEMBL4083546,Inhibition,41.0,19.0,5.0,0.0,0.0,0.0,1.0,26.0,5.0,1.0,0.0,0.0,2.0,2.0,2.0,0.0,0.0,0.0,0.0,24.0,10.0,1.0,0.0,0.0,2.0,2.0,0.0,1.0,17.0,10.0,2.0,0.0,0.0,2.0,0.0,0.0,0.0,0.0,15.0,7.0,2.0,0.0,0.0,3.0,0.0,0.0,0.0,0.0,0.0,14.0,7.0,1.0,0.0,0.0,1.0,0.0,0.0,0.0,14.0,6.0,1.0,0.0,0.0,1.0,1.0,0.0,0.0,0.0,0.0,12.0,4.0,1.0,0.0,0.0,2.0,0.0,0.0,0.0,0.0,0.0,7.0,6.0,1.0,0.0,0.0,2.0,0.0,0.0,4.0,4.0,2.0,0.0,1.0,4.0,0.0,0.0,0.0,0.0,0.0,0.0,0.0,0.0,0.0,0.0,0.0,0.0,0.0,0.0,0.0,0.0,0.0,0.0,0.0,0.0,3.0,0.0,0.0,0.0,0.0,0.0,0.0,0.0,0.0,0.0,0.0,0.0,0.0,0.0,0.0,0.0,0.0,0.0,0.0,0.0,0.0,0.0,0.0,0.0,0.0,0.0,0.0,0.0,0.0,0.0,0.0,0.0,0.0,0.0,0.0,1.0,0.0,0.0,0.0,0.0,0.0,0.0,0.0,0.0,3.0,0.0,0.0,0.0,1.0,0.0,0.0,0.0,0.0,0.0,1.0,0.0,1.0,1.0,16.0,1.0,6.0,5.0,5.0,5.0,3.0,18.0
CHEMBL4100557,Inhibition,1.0,17.0,9.0,0.0,0.0,0.0,0.0,24.0,10.0,0.0,0.0,0.0,0.0,0.0,2.0,0.0,0.0,0.0,0.0,22.0,10.0,0.0,0.0,0.0,0.0,0.0,1.0,0.0,17.0,12.0,0.0,0.0,0.0,0.0,0.0,0.0,0.0,0.0,16.0,6.0,0.0,0.0,0.0,0.0,1.0,0.0,0.0,0.0,0.0,14.0,7.0,0.0,0.0,0.0,0.0,0.0,0.0,0.0,13.0,8.0,0.0,0.0,0.0,0.0,0.0,0.0,0.0,0.0,0.0,10.0,6.0,0.0,0.0,0.0,0.0,0.0,0.0,0.0,0.0,0.0,6.0,7.0,0.0,0.0,0.0,0.0,0.0,0.0,6.0,5.0,0.0,0.0,0.0,4.0,0.0,0.0,0.0,0.0,2.0,0.0,1.0,0.0,0.0,1.0,0.0,0.0,0.0,0.0,1.0,0.0,0.0,0.0,0.0,0.0,5.0,0.0,1.0,0.0,0.0,0.0,0.0,0.0,0.0,0.0,0.0,0.0,0.0,0.0,0.0,0.0,0.0,0.0,0.0,0.0,0.0,0.0,0.0,0.0,2.0,0.0,0.0,1.0,0.0,0.0,0.0,0.0,0.0,0.0,0.0,3.0,1.0,0.0,0.0,0.0,0.0,0.0,0.0,0.0,3.0,0.0,1.0,0.0,0.0,0.0,0.0,0.0,0.0,0.0,1.0,0.0,1.0,2.0,15.0,4.0,2.0,9.0,7.0,7.0,1.0,16.0
CHEMBL574646,Inhibition,69.0,16.0,6.0,1.0,0.0,0.0,0.0,20.0,8.0,2.0,0.0,0.0,0.0,0.0,0.0,0.0,0.0,0.0,0.0,18.0,7.0,4.0,0.0,0.0,0.0,0.0,0.0,0.0,15.0,6.0,2.0,0.0,0.0,0.0,0.0,1.0,0.0,0.0,16.0,4.0,2.0,0.0,0.0,0.0,2.0,2.0,0.0,0.0,0.0,13.0,8.0,4.0,0.0,0.0,0.0,0.0,0.0,0.0,12.0,4.0,2.0,0.0,0.0,0.0,0.0,0.0,0.0,0.0,0.0,9.0,2.0,0.0,0.0,0.0,0.0,1.0,0.0,0.0,0.0,0.0,6.0,4.0,0.0,0.0,0.0,0.0,0.0,0.0,6.0,2.0,0.0,0.0,0.0,0.0,0.0,0.0,0.0,0.0,2.0,0.0,0.0,0.0,0.0,2.0,0.0,0.0,0.0,0.0,1.0,0.0,1.0,0.0,0.0,0.0,7.0,1.0,4.0,0.0,0.0,4.0,2.0,3.0,0.0,0.0,0.0,2.0,0.0,2.0,1.0,0.0,0.0,0.0,1.0,2.0,0.0,2.0,0.0,0.0,2.0,0.0,0.0,2.0,0.0,0.0,0.0,1.0,0.0,0.0,0.0,2.0,1.0,0.0,0.0,0.0,0.0,0.0,0.0,0.0,1.0,0.0,0.0,0.0,1.0,0.0,0.0,0.0,0.0,0.0,0.0,2.0,2.0,2.0,12.0,3.0,6.0,7.0,6.0,6.0,2.0,16.0
CHEMBL3288854,Inhibition,100.0,19.0,12.0,2.0,0.0,1.0,1.0,28.0,15.0,2.0,0.0,2.0,0.0,2.0,0.0,2.0,0.0,0.0,0.0,29.0,10.0,5.0,0.0,2.0,0.0,2.0,2.0,0.0,24.0,8.0,5.0,0.0,2.0,2.0,1.0,1.0,0.0,0.0,21.0,9.0,8.0,0.0,2.0,2.0,1.0,2.0,1.0,1.0,0.0,19.0,13.0,6.0,0.0,1.0,1.0,0.0,0.0,0.0,20.0,7.0,2.0,0.0,1.0,0.0,1.0,3.0,2.0,1.0,1.0,20.0,8.0,4.0,0.0,3.0,3.0,0.0,0.0,0.0,0.0,0.0,16.0,7.0,3.0,0.0,1.0,1.0,0.0,1.0,11.0,6.0,3.0,1.0,1.0,1.0,0.0,0.0,0.0,0.0,6.0,0.0,3.0,0.0,0.0,0.0,4.0,2.0,0.0,3.0,2.0,2.0,2.0,1.0,2.0,0.0,13.0,2.0,5.0,2.0,0.0,1.0,2.0,1.0,0.0,0.0,0.0,1.0,1.0,0.0,0.0,0.0,0.0,0.0,0.0,0.0,0.0,2.0,1.0,0.0,7.0,5.0,4.0,10.0,0.0,0.0,0.0,4.0,0.0,0.0,0.0,8.0,6.0,0.0,0.0,1.0,0.0,0.0,0.0,1.0,4.0,2.0,2.0,0.0,2.0,2.0,1.0,0.0,0.0,2.0,2.0,1.0,0.0,1.0,11.0,4.0,5.0,14.0,19.0,19.0,6.0,19.0
CHEMBL1957500,Inhibition,50.0,16.0,17.0,2.0,1.0,0.0,1.0,25.0,23.0,4.0,2.0,0.0,1.0,1.0,2.0,2.0,0.0,0.0,0.0,32.0,13.0,4.0,2.0,0.0,3.0,3.0,6.0,1.0,22.0,27.0,5.0,0.0,0.0,4.0,1.0,0.0,0.0,1.0,24.0,23.0,1.0,1.0,0.0,4.0,2.0,3.0,0.0,1.0,0.0,31.0,12.0,3.0,1.0,0.0,3.0,5.0,2.0,0.0,26.0,16.0,6.0,1.0,0.0,4.0,4.0,3.0,0.0,0.0,0.0,21.0,18.0,5.0,1.0,0.0,2.0,2.0,2.0,0.0,0.0,0.0,18.0,11.0,5.0,2.0,0.0,0.0,2.0,3.0,16.0,4.0,7.0,0.0,0.0,2.0,2.0,0.0,0.0,0.0,9.0,0.0,4.0,0.0,2.0,0.0,5.0,0.0,2.0,1.0,0.0,0.0,0.0,0.0,3.0,1.0,10.0,0.0,4.0,0.0,0.0,0.0,0.0,0.0,0.0,0.0,0.0,0.0,0.0,0.0,0.0,0.0,0.0,0.0,0.0,0.0,0.0,0.0,0.0,0.0,6.0,2.0,1.0,8.0,0.0,0.0,0.0,3.0,1.0,2.0,2.0,7.0,5.0,0.0,0.0,0.0,2.0,2.0,0.0,0.0,3.0,0.0,2.0,2.0,3.0,0.0,0.0,0.0,0.0,1.0,0.0,0.0,3.0,5.0,18.0,9.0,0.0,20.0,17.0,17.0,4.0,19.0
CHEMBL4214010,Inhibition,100.0,26.0,6.0,6.0,0.0,0.0,0.0,35.0,10.0,6.0,0.0,0.0,0.0,0.0,0.0,2.0,0.0,0.0,0.0,34.0,9.0,12.0,0.0,0.0,0.0,0.0,0.0,2.0,27.0,9.0,16.0,0.0,0.0,0.0,1.0,1.0,0.0,0.0,28.0,8.0,15.0,0.0,0.0,0.0,1.0,1.0,0.0,0.0,2.0,28.0,9.0,19.0,0.0,0.0,0.0,0.0,2.0,0.0,25.0,7.0,16.0,0.0,0.0,0.0,0.0,0.0,2.0,0.0,0.0,26.0,4.0,7.0,0.0,0.0,0.0,1.0,4.0,0.0,0.0,1.0,21.0,5.0,11.0,0.0,0.0,0.0,0.0,0.0,15.0,5.0,12.0,0.0,0.0,0.0,0.0,0.0,0.0,1.0,1.0,1.0,0.0,0.0,0.0,0.0,0.0,0.0,0.0,2.0,2.0,2.0,4.0,0.0,0.0,0.0,10.0,4.0,3.0,1.0,0.0,1.0,2.0,1.0,0.0,0.0,0.0,1.0,2.0,0.0,0.0,0.0,0.0,0.0,0.0,0.0,0.0,0.0,0.0,1.0,3.0,0.0,0.0,2.0,0.0,0.0,2.0,0.0,0.0,1.0,0.0,3.0,1.0,1.0,1.0,1.0,1.0,2.0,0.0,0.0,2.0,2.0,0.0,1.0,6.0,2.0,1.0,0.0,0.0,0.0,4.0,6.0,0.0,1.0,17.0,2.0,9.0,12.0,14.0,14.0,8.0,26.0
CHEMBL2206018,Inhibition,100.0,17.0,5.0,5.0,0.0,0.0,1.0,26.0,4.0,6.0,0.0,0.0,2.0,2.0,0.0,1.0,0.0,0.0,0.0,25.0,3.0,8.0,0.0,0.0,2.0,2.0,0.0,1.0,21.0,3.0,8.0,0.0,0.0,2.0,0.0,0.0,0.0,0.0,19.0,4.0,9.0,0.0,0.0,2.0,0.0,0.0,0.0,1.0,0.0,20.0,4.0,6.0,0.0,0.0,1.0,0.0,1.0,1.0,17.0,3.0,6.0,0.0,0.0,2.0,2.0,0.0,1.0,0.0,0.0,11.0,2.0,5.0,0.0,0.0,2.0,0.0,1.0,0.0,0.0,1.0,10.0,2.0,3.0,0.0,0.0,2.0,0.0,0.0,6.0,3.0,2.0,0.0,0.0,0.0,0.0,0.0,0.0,0.0,2.0,0.0,1.0,0.0,1.0,0.0,0.0,1.0,1.0,3.0,1.0,1.0,1.0,0.0,1.0,2.0,8.0,1.0,2.0,1.0,0.0,1.0,1.0,0.0,0.0,0.0,0.0,0.0,1.0,0.0,0.0,0.0,0.0,0.0,0.0,0.0,0.0,0.0,0.0,0.0,2.0,1.0,0.0,2.0,0.0,0.0,0.0,0.0,0.0,1.0,0.0,4.0,3.0,0.0,0.0,1.0,2.0,2.0,2.0,0.0,2.0,1.0,0.0,1.0,3.0,0.0,0.0,0.0,2.0,1.0,1.0,1.0,0.0,0.0,12.0,1.0,5.0,10.0,9.0,9.0,6.0,17.0
CHEMBL2206014,Inhibition,97.0,16.0,2.0,2.0,0.0,0.0,3.0,21.0,3.0,3.0,0.0,0.0,2.0,6.0,0.0,1.0,0.0,0.0,0.0,18.0,3.0,5.0,0.0,0.0,2.0,6.0,0.0,0.0,14.0,2.0,4.0,0.0,0.0,6.0,0.0,0.0,0.0,0.0,12.0,2.0,5.0,0.0,0.0,4.0,0.0,0.0,0.0,1.0,0.0,11.0,2.0,3.0,0.0,0.0,5.0,0.0,0.0,0.0,8.0,1.0,3.0,0.0,0.0,2.0,6.0,0.0,0.0,0.0,2.0,4.0,0.0,2.0,0.0,0.0,6.0,0.0,1.0,0.0,0.0,1.0,1.0,0.0,2.0,0.0,0.0,3.0,0.0,0.0,0.0,0.0,1.0,0.0,0.0,0.0,0.0,0.0,0.0,0.0,0.0,0.0,0.0,0.0,0.0,0.0,0.0,0.0,0.0,0.0,1.0,1.0,1.0,0.0,0.0,0.0,3.0,1.0,1.0,1.0,0.0,1.0,1.0,0.0,0.0,0.0,0.0,0.0,1.0,0.0,0.0,0.0,0.0,0.0,0.0,0.0,0.0,0.0,0.0,0.0,1.0,0.0,0.0,0.0,0.0,0.0,0.0,0.0,0.0,0.0,0.0,1.0,0.0,0.0,0.0,1.0,0.0,0.0,0.0,0.0,1.0,1.0,0.0,0.0,2.0,0.0,0.0,0.0,0.0,0.0,1.0,1.0,0.0,0.0,12.0,1.0,5.0,4.0,4.0,4.0,1.0,16.0
CHEMBL3715238,Inhibition,66.5,20.0,9.0,2.0,0.0,3.0,3.0,24.0,15.0,1.0,0.0,3.0,0.0,3.0,1.0,0.0,3.0,3.0,3.0,22.0,16.0,0.0,0.0,6.0,0.0,6.0,0.0,1.0,24.0,12.0,2.0,0.0,3.0,3.0,1.0,0.0,6.0,6.0,25.0,8.0,2.0,0.0,6.0,6.0,2.0,0.0,0.0,0.0,0.0,23.0,8.0,1.0,0.0,3.0,3.0,2.0,0.0,0.0,23.0,9.0,1.0,0.0,3.0,0.0,3.0,1.0,0.0,3.0,3.0,16.0,12.0,1.0,0.0,6.0,6.0,0.0,1.0,0.0,0.0,0.0,16.0,4.0,2.0,0.0,9.0,9.0,1.0,1.0,9.0,7.0,2.0,12.0,12.0,0.0,0.0,0.0,0.0,6.0,6.0,4.0,0.0,0.0,0.0,0.0,1.0,0.0,1.0,0.0,0.0,0.0,0.0,3.0,1.0,1.0,13.0,0.0,11.0,0.0,5.0,0.0,0.0,9.0,1.0,0.0,0.0,0.0,0.0,4.0,1.0,0.0,0.0,0.0,1.0,3.0,0.0,4.0,3.0,1.0,4.0,4.0,5.0,8.0,0.0,0.0,0.0,5.0,4.0,2.0,1.0,3.0,3.0,2.0,0.0,0.0,4.0,2.0,0.0,3.0,2.0,0.0,0.0,2.0,1.0,0.0,1.0,3.0,0.0,1.0,0.0,0.0,2.0,3.0,11.0,5.0,0.0,11.0,19.0,19.0,5.0,18.0
CHEMBL3719135,Inhibition,52.5,17.0,9.0,4.0,0.0,3.0,3.0,22.0,16.0,3.0,0.0,0.0,0.0,0.0,1.0,0.0,3.0,3.0,3.0,24.0,13.0,1.0,0.0,3.0,0.0,3.0,0.0,3.0,24.0,12.0,4.0,0.0,6.0,6.0,1.0,0.0,0.0,0.0,23.0,7.0,3.0,0.0,3.0,3.0,2.0,1.0,6.0,6.0,0.0,21.0,8.0,2.0,0.0,6.0,6.0,2.0,1.0,0.0,15.0,12.0,3.0,0.0,3.0,0.0,3.0,1.0,0.0,3.0,3.0,15.0,8.0,5.0,0.0,3.0,3.0,0.0,1.0,3.0,3.0,0.0,14.0,5.0,4.0,0.0,6.0,6.0,1.0,1.0,7.0,4.0,3.0,12.0,12.0,0.0,1.0,0.0,0.0,6.0,4.0,3.0,0.0,0.0,0.0,0.0,1.0,0.0,1.0,2.0,0.0,0.0,0.0,3.0,1.0,2.0,12.0,0.0,9.0,0.0,3.0,0.0,0.0,7.0,1.0,0.0,0.0,0.0,0.0,3.0,1.0,0.0,0.0,0.0,1.0,3.0,0.0,4.0,3.0,1.0,4.0,4.0,5.0,8.0,0.0,0.0,0.0,5.0,4.0,2.0,1.0,3.0,3.0,2.0,0.0,0.0,4.0,3.0,0.0,3.0,2.0,0.0,0.0,2.0,2.0,2.0,0.0,3.0,0.0,1.0,0.0,0.0,2.0,3.0,11.0,5.0,0.0,13.0,17.0,17.0,5.0,16.0
CHEMBL2206012,Inhibition,96.0,19.0,3.0,3.0,0.0,0.0,1.0,24.0,4.0,4.0,0.0,0.0,2.0,2.0,0.0,1.0,0.0,0.0,0.0,22.0,4.0,6.0,0.0,0.0,2.0,2.0,0.0,0.0,19.0,3.0,5.0,0.0,0.0,2.0,0.0,0.0,0.0,0.0,18.0,2.0,5.0,0.0,0.0,2.0,0.0,1.0,0.0,1.0,0.0,17.0,3.0,3.0,0.0,0.0,1.0,0.0,0.0,0.0,13.0,3.0,3.0,0.0,0.0,2.0,2.0,0.0,0.0,0.0,0.0,9.0,2.0,2.0,0.0,0.0,2.0,0.0,1.0,0.0,0.0,1.0,7.0,2.0,3.0,0.0,0.0,1.0,0.0,0.0,7.0,2.0,2.0,0.0,0.0,0.0,0.0,0.0,0.0,0.0,3.0,0.0,2.0,1.0,1.0,0.0,0.0,0.0,1.0,0.0,1.0,1.0,1.0,0.0,0.0,1.0,7.0,1.0,4.0,1.0,0.0,1.0,1.0,2.0,0.0,0.0,0.0,0.0,1.0,1.0,0.0,0.0,0.0,0.0,0.0,0.0,1.0,0.0,0.0,1.0,1.0,0.0,0.0,0.0,0.0,0.0,0.0,0.0,0.0,1.0,0.0,1.0,0.0,0.0,0.0,1.0,0.0,1.0,1.0,0.0,2.0,1.0,0.0,0.0,2.0,0.0,2.0,0.0,1.0,0.0,1.0,1.0,0.0,0.0,12.0,1.0,5.0,6.0,7.0,7.0,5.0,16.0
CHEMBL499617,Inhibition,98.0,23.0,12.0,2.0,2.0,0.0,0.0,31.0,11.0,3.0,2.0,0.0,0.0,0.0,4.0,1.0,0.0,0.0,0.0,25.0,18.0,5.0,2.0,0.0,0.0,0.0,0.0,0.0,20.0,15.0,4.0,1.0,0.0,0.0,2.0,0.0,0.0,0.0,22.0,13.0,3.0,1.0,0.0,0.0,2.0,1.0,0.0,0.0,0.0,22.0,15.0,4.0,1.0,0.0,0.0,0.0,0.0,0.0,24.0,9.0,2.0,2.0,0.0,0.0,0.0,3.0,3.0,0.0,0.0,23.0,11.0,4.0,0.0,0.0,0.0,0.0,0.0,0.0,0.0,0.0,22.0,7.0,2.0,1.0,0.0,0.0,3.0,1.0,20.0,7.0,3.0,0.0,0.0,0.0,0.0,0.0,0.0,0.0,2.0,0.0,1.0,0.0,0.0,1.0,0.0,0.0,0.0,0.0,3.0,1.0,1.0,0.0,0.0,0.0,3.0,1.0,1.0,0.0,0.0,0.0,0.0,0.0,0.0,0.0,0.0,0.0,1.0,0.0,0.0,0.0,0.0,0.0,0.0,0.0,0.0,0.0,0.0,0.0,1.0,0.0,0.0,1.0,0.0,0.0,1.0,0.0,0.0,0.0,0.0,2.0,1.0,0.0,1.0,0.0,0.0,0.0,0.0,0.0,3.0,1.0,0.0,0.0,2.0,0.0,1.0,0.0,0.0,0.0,1.0,2.0,3.0,4.0,27.0,4.0,2.0,16.0,9.0,9.0,9.0,27.0
CHEMBL483715,Inhibition,0.0,18.0,15.0,4.0,0.0,0.0,0.0,26.0,15.0,6.0,0.0,0.0,0.0,0.0,4.0,1.0,0.0,0.0,0.0,26.0,16.0,5.0,0.0,0.0,0.0,0.0,2.0,1.0,20.0,14.0,6.0,0.0,0.0,0.0,4.0,1.0,0.0,0.0,19.0,17.0,6.0,0.0,0.0,0.0,1.0,0.0,0.0,0.0,0.0,17.0,16.0,2.0,0.0,0.0,0.0,1.0,4.0,0.0,18.0,11.0,4.0,0.0,0.0,0.0,0.0,3.0,0.0,0.0,0.0,20.0,9.0,3.0,0.0,0.0,0.0,1.0,3.0,0.0,0.0,0.0,16.0,10.0,4.0,0.0,0.0,0.0,1.0,1.0,12.0,8.0,4.0,0.0,0.0,2.0,2.0,0.0,0.0,0.0,5.0,0.0,2.0,0.0,0.0,0.0,4.0,0.0,0.0,1.0,1.0,0.0,0.0,0.0,2.0,1.0,6.0,0.0,2.0,0.0,0.0,0.0,0.0,0.0,0.0,0.0,0.0,0.0,0.0,0.0,0.0,0.0,0.0,0.0,0.0,0.0,0.0,0.0,0.0,0.0,4.0,2.0,1.0,6.0,0.0,0.0,0.0,2.0,0.0,0.0,0.0,5.0,4.0,0.0,0.0,0.0,0.0,1.0,1.0,0.0,3.0,0.0,2.0,0.0,2.0,0.0,0.0,0.0,1.0,1.0,0.0,0.0,4.0,5.0,23.0,7.0,0.0,19.0,12.0,12.0,6.0,21.0
CHEMBL4100501,Inhibition,33.49,23.0,6.0,7.0,0.0,3.0,4.0,31.0,8.0,8.0,0.0,3.0,2.0,5.0,1.0,2.0,3.0,3.0,3.0,31.0,9.0,10.0,0.0,6.0,3.0,9.0,0.0,1.0,25.0,9.0,12.0,0.0,6.0,7.0,0.0,1.0,0.0,0.0,26.0,7.0,9.0,0.0,3.0,3.0,0.0,2.0,3.0,4.0,0.0,24.0,7.0,8.0,0.0,3.0,4.0,0.0,0.0,1.0,26.0,3.0,3.0,0.0,0.0,0.0,0.0,0.0,1.0,3.0,4.0,22.0,3.0,6.0,0.0,3.0,4.0,1.0,0.0,0.0,0.0,0.0,16.0,5.0,8.0,0.0,6.0,8.0,0.0,0.0,13.0,4.0,7.0,6.0,8.0,1.0,1.0,0.0,0.0,0.0,0.0,0.0,0.0,0.0,0.0,0.0,0.0,0.0,0.0,3.0,1.0,0.0,0.0,3.0,0.0,3.0,5.0,0.0,0.0,0.0,0.0,0.0,0.0,0.0,0.0,0.0,0.0,0.0,0.0,0.0,0.0,0.0,0.0,0.0,0.0,0.0,0.0,0.0,0.0,0.0,0.0,0.0,0.0,0.0,0.0,0.0,0.0,0.0,0.0,0.0,0.0,1.0,0.0,0.0,0.0,1.0,0.0,3.0,2.0,3.0,2.0,0.0,0.0,0.0,4.0,1.0,0.0,3.0,2.0,0.0,0.0,0.0,1.0,1.0,22.0,1.0,2.0,13.0,6.0,6.0,8.0,24.0
CHEMBL499606,Inhibition,0.0,25.0,12.0,1.0,0.0,0.0,0.0,36.0,12.0,1.0,0.0,0.0,0.0,0.0,3.0,1.0,0.0,0.0,0.0,34.0,18.0,4.0,0.0,0.0,0.0,0.0,0.0,0.0,33.0,11.0,5.0,0.0,0.0,0.0,3.0,0.0,0.0,0.0,34.0,11.0,4.0,0.0,0.0,0.0,1.0,1.0,0.0,0.0,0.0,29.0,15.0,2.0,0.0,0.0,0.0,0.0,0.0,0.0,27.0,12.0,1.0,0.0,0.0,0.0,0.0,1.0,1.0,0.0,0.0,20.0,15.0,2.0,0.0,0.0,0.0,0.0,0.0,0.0,0.0,0.0,25.0,4.0,0.0,0.0,0.0,0.0,2.0,2.0,22.0,9.0,2.0,0.0,0.0,0.0,0.0,0.0,0.0,2.0,7.0,3.0,5.0,3.0,0.0,0.0,0.0,0.0,0.0,2.0,1.0,0.0,1.0,0.0,2.0,0.0,12.0,1.0,9.0,0.0,1.0,0.0,0.0,10.0,3.0,3.0,3.0,0.0,0.0,11.0,12.0,7.0,5.0,3.0,4.0,4.0,0.0,4.0,4.0,0.0,3.0,3.0,2.0,6.0,0.0,0.0,3.0,2.0,0.0,0.0,0.0,4.0,3.0,2.0,2.0,1.0,0.0,0.0,0.0,0.0,3.0,1.0,0.0,0.0,1.0,1.0,6.0,0.0,0.0,0.0,1.0,2.0,2.0,2.0,18.0,3.0,2.0,13.0,15.0,15.0,6.0,22.0
CHEMBL3593674,Inhibition,28.5,18.0,10.0,2.0,0.0,0.0,1.0,26.0,11.0,3.0,0.0,0.0,1.0,1.0,3.0,2.0,0.0,0.0,0.0,21.0,13.0,5.0,0.0,0.0,3.0,3.0,0.0,1.0,17.0,13.0,4.0,0.0,0.0,2.0,1.0,1.0,0.0,1.0,14.0,11.0,3.0,0.0,0.0,1.0,0.0,1.0,0.0,0.0,1.0,18.0,6.0,3.0,0.0,0.0,2.0,1.0,0.0,0.0,13.0,8.0,6.0,0.0,0.0,2.0,2.0,1.0,0.0,0.0,0.0,12.0,5.0,3.0,0.0,0.0,1.0,1.0,1.0,0.0,0.0,0.0,13.0,5.0,2.0,0.0,0.0,0.0,1.0,1.0,12.0,5.0,3.0,0.0,1.0,1.0,0.0,0.0,0.0,0.0,0.0,0.0,0.0,0.0,0.0,0.0,0.0,0.0,0.0,3.0,1.0,0.0,0.0,0.0,0.0,0.0,5.0,0.0,3.0,0.0,1.0,0.0,0.0,3.0,0.0,0.0,0.0,0.0,0.0,0.0,0.0,0.0,0.0,0.0,0.0,0.0,0.0,0.0,0.0,0.0,0.0,0.0,0.0,0.0,0.0,0.0,0.0,0.0,0.0,0.0,0.0,1.0,0.0,0.0,0.0,1.0,0.0,1.0,0.0,0.0,2.0,0.0,0.0,0.0,1.0,3.0,0.0,0.0,0.0,0.0,0.0,0.0,2.0,4.0,20.0,4.0,2.0,12.0,6.0,6.0,4.0,20.0
CHEMBL3593313,Inhibition,19.9,16.0,12.0,2.0,0.0,0.0,0.0,25.0,10.0,3.0,0.0,0.0,0.0,0.0,5.0,2.0,0.0,0.0,0.0,18.0,16.0,5.0,0.0,0.0,0.0,0.0,0.0,1.0,16.0,14.0,4.0,0.0,0.0,0.0,1.0,1.0,0.0,0.0,12.0,13.0,3.0,0.0,0.0,0.0,0.0,1.0,0.0,0.0,1.0,16.0,8.0,3.0,0.0,0.0,0.0,1.0,0.0,0.0,12.0,9.0,6.0,0.0,0.0,0.0,0.0,1.0,0.0,0.0,0.0,12.0,4.0,3.0,0.0,0.0,0.0,2.0,1.0,0.0,0.0,0.0,12.0,6.0,2.0,0.0,0.0,0.0,1.0,1.0,12.0,4.0,2.0,0.0,0.0,2.0,1.0,0.0,0.0,0.0,0.0,0.0,0.0,0.0,0.0,0.0,0.0,0.0,0.0,3.0,1.0,0.0,0.0,0.0,0.0,0.0,5.0,0.0,3.0,0.0,1.0,0.0,0.0,3.0,0.0,0.0,0.0,0.0,0.0,0.0,0.0,0.0,0.0,0.0,0.0,0.0,0.0,0.0,0.0,0.0,0.0,0.0,0.0,0.0,0.0,0.0,0.0,0.0,0.0,0.0,0.0,1.0,0.0,0.0,0.0,1.0,0.0,1.0,0.0,0.0,2.0,0.0,0.0,0.0,1.0,3.0,0.0,0.0,0.0,0.0,0.0,0.0,3.0,5.0,20.0,5.0,2.0,14.0,6.0,6.0,4.0,19.0
CHEMBL4555442,Inhibition,-13.0,17.0,7.0,0.0,2.0,1.0,1.0,23.0,14.0,4.0,2.0,2.0,0.0,2.0,0.0,0.0,0.0,0.0,0.0,21.0,13.0,4.0,3.0,2.0,0.0,2.0,0.0,0.0,18.0,11.0,6.0,1.0,2.0,2.0,2.0,0.0,0.0,0.0,17.0,8.0,2.0,1.0,0.0,0.0,4.0,2.0,1.0,1.0,0.0,17.0,9.0,2.0,2.0,2.0,2.0,0.0,0.0,0.0,17.0,4.0,4.0,2.0,2.0,0.0,2.0,2.0,0.0,0.0,0.0,13.0,7.0,4.0,2.0,2.0,2.0,0.0,0.0,0.0,0.0,0.0,11.0,6.0,4.0,1.0,2.0,2.0,0.0,0.0,7.0,8.0,2.0,1.0,1.0,0.0,4.0,2.0,2.0,0.0,1.0,0.0,0.0,0.0,0.0,1.0,0.0,0.0,0.0,2.0,1.0,0.0,0.0,1.0,0.0,0.0,3.0,0.0,0.0,0.0,0.0,0.0,0.0,0.0,0.0,0.0,0.0,0.0,0.0,0.0,0.0,0.0,0.0,0.0,0.0,0.0,0.0,0.0,0.0,0.0,0.0,0.0,0.0,0.0,0.0,0.0,0.0,0.0,0.0,0.0,0.0,1.0,0.0,0.0,0.0,1.0,0.0,0.0,0.0,1.0,1.0,0.0,0.0,0.0,2.0,0.0,0.0,0.0,0.0,0.0,0.0,0.0,2.0,4.0,20.0,4.0,4.0,9.0,7.0,7.0,4.0,20.0
CHEMBL482721,Inhibition,0.0,16.0,11.0,4.0,0.0,0.0,0.0,23.0,10.0,7.0,0.0,0.0,0.0,0.0,3.0,2.0,0.0,0.0,0.0,21.0,13.0,10.0,0.0,0.0,0.0,0.0,1.0,0.0,18.0,11.0,6.0,0.0,0.0,0.0,1.0,4.0,0.0,0.0,23.0,7.0,4.0,0.0,0.0,0.0,2.0,1.0,0.0,0.0,0.0,15.0,14.0,5.0,0.0,0.0,0.0,0.0,0.0,0.0,14.0,9.0,0.0,0.0,0.0,0.0,0.0,1.0,4.0,0.0,0.0,13.0,10.0,4.0,0.0,0.0,0.0,0.0,0.0,0.0,0.0,0.0,14.0,6.0,2.0,0.0,0.0,0.0,2.0,2.0,13.0,4.0,5.0,0.0,0.0,0.0,0.0,0.0,0.0,0.0,4.0,0.0,2.0,0.0,0.0,0.0,2.0,0.0,0.0,3.0,0.0,0.0,1.0,0.0,2.0,1.0,8.0,1.0,2.0,0.0,0.0,0.0,0.0,0.0,0.0,0.0,0.0,0.0,0.0,0.0,0.0,0.0,0.0,0.0,0.0,0.0,0.0,0.0,0.0,0.0,4.0,2.0,1.0,6.0,0.0,0.0,2.0,2.0,0.0,0.0,0.0,5.0,4.0,0.0,2.0,0.0,0.0,0.0,0.0,0.0,2.0,1.0,2.0,0.0,2.0,3.0,0.0,0.0,0.0,0.0,1.0,2.0,3.0,4.0,17.0,6.0,2.0,15.0,9.0,9.0,5.0,16.0
CHEMBL3752265,Inhibition,27.0,18.0,2.0,3.0,1.0,0.0,1.0,22.0,4.0,7.0,2.0,0.0,2.0,2.0,0.0,3.0,0.0,0.0,0.0,20.0,5.0,8.0,2.0,0.0,3.0,3.0,0.0,1.0,15.0,5.0,12.0,1.0,0.0,2.0,0.0,0.0,0.0,0.0,16.0,2.0,8.0,0.0,0.0,1.0,0.0,0.0,0.0,0.0,0.0,13.0,2.0,5.0,1.0,0.0,2.0,1.0,2.0,0.0,10.0,4.0,6.0,1.0,0.0,1.0,1.0,0.0,0.0,0.0,0.0,11.0,2.0,3.0,1.0,0.0,0.0,0.0,1.0,0.0,1.0,2.0,12.0,1.0,2.0,2.0,0.0,1.0,0.0,1.0,10.0,2.0,4.0,0.0,2.0,0.0,0.0,0.0,0.0,0.0,0.0,0.0,0.0,0.0,0.0,0.0,0.0,0.0,0.0,1.0,1.0,1.0,1.0,0.0,0.0,0.0,2.0,1.0,0.0,0.0,0.0,0.0,0.0,0.0,0.0,0.0,0.0,0.0,0.0,0.0,0.0,0.0,0.0,0.0,0.0,0.0,0.0,0.0,0.0,0.0,0.0,0.0,0.0,0.0,0.0,0.0,0.0,0.0,0.0,0.0,0.0,1.0,0.0,0.0,0.0,1.0,0.0,0.0,0.0,0.0,2.0,1.0,0.0,0.0,3.0,1.0,0.0,0.0,0.0,0.0,1.0,1.0,0.0,1.0,17.0,1.0,6.0,6.0,4.0,4.0,4.0,19.0
CHEMBL2047981,Inhibition,17.7,20.0,10.0,3.0,0.0,6.0,7.0,25.0,12.0,4.0,0.0,6.0,2.0,8.0,2.0,2.0,6.0,6.0,6.0,23.0,10.0,6.0,0.0,9.0,3.0,12.0,2.0,0.0,18.0,13.0,6.0,0.0,9.0,10.0,0.0,1.0,3.0,3.0,22.0,8.0,4.0,0.0,6.0,6.0,0.0,3.0,3.0,4.0,0.0,20.0,8.0,6.0,0.0,6.0,7.0,0.0,0.0,0.0,19.0,8.0,1.0,0.0,6.0,0.0,6.0,0.0,1.0,3.0,4.0,18.0,8.0,2.0,0.0,6.0,7.0,0.0,0.0,0.0,0.0,0.0,15.0,5.0,4.0,0.0,9.0,11.0,1.0,0.0,11.0,3.0,4.0,12.0,14.0,2.0,0.0,0.0,0.0,0.0,0.0,0.0,0.0,0.0,0.0,0.0,0.0,0.0,0.0,0.0,1.0,0.0,0.0,6.0,0.0,1.0,3.0,0.0,0.0,0.0,0.0,0.0,0.0,0.0,0.0,0.0,0.0,0.0,0.0,0.0,0.0,0.0,0.0,0.0,0.0,0.0,0.0,0.0,0.0,0.0,0.0,0.0,0.0,0.0,0.0,0.0,0.0,0.0,0.0,0.0,0.0,1.0,0.0,0.0,0.0,1.0,0.0,1.0,0.0,6.0,2.0,0.0,0.0,0.0,2.0,0.0,0.0,6.0,0.0,0.0,0.0,0.0,2.0,3.0,23.0,3.0,2.0,13.0,5.0,5.0,7.0,25.0
CHEMBL1644639,Inhibition,8.0,26.0,10.0,3.0,0.0,0.0,0.0,35.0,14.0,2.0,0.0,0.0,0.0,0.0,3.0,2.0,0.0,0.0,0.0,33.0,20.0,4.0,0.0,0.0,0.0,0.0,0.0,1.0,28.0,22.0,5.0,0.0,0.0,0.0,0.0,1.0,0.0,0.0,35.0,12.0,7.0,0.0,0.0,0.0,4.0,1.0,0.0,0.0,0.0,39.0,12.0,5.0,0.0,0.0,0.0,2.0,1.0,1.0,38.0,15.0,4.0,0.0,0.0,0.0,0.0,0.0,2.0,0.0,0.0,32.0,16.0,6.0,0.0,0.0,0.0,0.0,0.0,0.0,0.0,0.0,29.0,12.0,6.0,0.0,0.0,0.0,0.0,0.0,28.0,5.0,4.0,0.0,0.0,0.0,2.0,0.0,0.0,2.0,9.0,4.0,6.0,3.0,2.0,0.0,0.0,0.0,2.0,0.0,1.0,0.0,1.0,0.0,2.0,1.0,13.0,1.0,10.0,0.0,0.0,0.0,0.0,9.0,0.0,0.0,4.0,0.0,0.0,8.0,7.0,1.0,0.0,0.0,2.0,2.0,2.0,4.0,0.0,2.0,4.0,0.0,0.0,2.0,0.0,0.0,2.0,0.0,0.0,2.0,2.0,6.0,2.0,1.0,2.0,2.0,0.0,2.0,0.0,0.0,4.0,2.0,0.0,0.0,2.0,0.0,7.0,0.0,0.0,0.0,0.0,0.0,1.0,1.0,16.0,5.0,3.0,13.0,15.0,15.0,3.0,22.0
CHEMBL1644618,Inhibition,12.0,22.0,9.0,1.0,0.0,0.0,0.0,30.0,11.0,0.0,0.0,0.0,0.0,0.0,3.0,2.0,0.0,0.0,0.0,28.0,15.0,2.0,0.0,0.0,0.0,0.0,0.0,1.0,22.0,18.0,3.0,0.0,0.0,0.0,0.0,0.0,0.0,0.0,25.0,10.0,4.0,0.0,0.0,0.0,4.0,0.0,0.0,0.0,0.0,23.0,12.0,4.0,0.0,0.0,0.0,2.0,0.0,0.0,20.0,13.0,2.0,0.0,0.0,0.0,0.0,0.0,2.0,0.0,0.0,17.0,12.0,2.0,0.0,0.0,0.0,0.0,0.0,0.0,0.0,0.0,16.0,8.0,2.0,0.0,0.0,0.0,0.0,0.0,14.0,5.0,2.0,0.0,0.0,0.0,0.0,0.0,0.0,1.0,5.0,2.0,4.0,3.0,0.0,0.0,0.0,0.0,0.0,0.0,4.0,0.0,0.0,0.0,1.0,0.0,8.0,1.0,6.0,0.0,0.0,0.0,0.0,6.0,0.0,0.0,2.0,0.0,0.0,6.0,6.0,1.0,0.0,0.0,2.0,2.0,0.0,2.0,0.0,0.0,2.0,0.0,0.0,0.0,0.0,0.0,0.0,0.0,0.0,0.0,0.0,3.0,1.0,0.0,1.0,2.0,0.0,0.0,0.0,0.0,4.0,1.0,0.0,0.0,1.0,0.0,5.0,0.0,0.0,0.0,1.0,0.0,1.0,1.0,16.0,4.0,3.0,10.0,11.0,11.0,4.0,19.0
CHEMBL3593672,Inhibition,39.9,20.0,10.0,2.0,0.0,0.0,0.0,29.0,11.0,3.0,0.0,0.0,0.0,0.0,3.0,2.0,0.0,0.0,0.0,24.0,14.0,5.0,0.0,0.0,0.0,0.0,0.0,1.0,20.0,14.0,4.0,0.0,0.0,0.0,1.0,1.0,0.0,0.0,17.0,12.0,3.0,0.0,0.0,0.0,0.0,1.0,0.0,0.0,1.0,20.0,7.0,3.0,0.0,0.0,0.0,1.0,0.0,0.0,16.0,8.0,6.0,0.0,0.0,0.0,0.0,1.0,0.0,0.0,0.0,16.0,5.0,3.0,0.0,0.0,0.0,1.0,1.0,0.0,0.0,0.0,16.0,5.0,2.0,0.0,0.0,0.0,1.0,1.0,13.0,6.0,3.0,0.0,0.0,1.0,0.0,0.0,0.0,0.0,0.0,0.0,0.0,0.0,0.0,0.0,0.0,0.0,0.0,3.0,2.0,2.0,1.0,0.0,0.0,0.0,7.0,1.0,3.0,0.0,1.0,0.0,0.0,3.0,0.0,0.0,0.0,0.0,0.0,0.0,0.0,0.0,0.0,0.0,0.0,0.0,0.0,0.0,0.0,0.0,0.0,0.0,0.0,0.0,0.0,0.0,0.0,0.0,0.0,0.0,0.0,2.0,0.0,0.0,0.0,1.0,0.0,0.0,0.0,0.0,2.0,2.0,0.0,0.0,1.0,3.0,0.0,0.0,0.0,0.0,0.0,0.0,2.0,4.0,20.0,4.0,0.0,12.0,7.0,7.0,5.0,21.0
CHEMBL4066861,Inhibition,90.0,16.0,14.0,0.0,0.0,0.0,1.0,22.0,14.0,0.0,0.0,0.0,2.0,2.0,6.0,0.0,0.0,0.0,0.0,18.0,20.0,0.0,0.0,0.0,2.0,2.0,4.0,0.0,15.0,19.0,0.0,0.0,0.0,1.0,5.0,0.0,0.0,1.0,18.0,17.0,0.0,0.0,0.0,1.0,3.0,0.0,0.0,0.0,0.0,17.0,24.0,0.0,0.0,0.0,1.0,0.0,0.0,0.0,22.0,14.0,0.0,0.0,0.0,2.0,2.0,2.0,0.0,0.0,1.0,24.0,10.0,0.0,0.0,0.0,1.0,1.0,0.0,0.0,3.0,0.0,21.0,5.0,0.0,0.0,0.0,2.0,0.0,0.0,12.0,2.0,0.0,0.0,4.0,0.0,0.0,0.0,0.0,3.0,4.0,2.0,3.0,2.0,0.0,0.0,0.0,0.0,0.0,2.0,2.0,0.0,0.0,0.0,0.0,0.0,9.0,0.0,8.0,0.0,0.0,0.0,0.0,7.0,0.0,0.0,4.0,0.0,0.0,6.0,6.0,1.0,0.0,0.0,4.0,4.0,0.0,4.0,0.0,0.0,4.0,0.0,0.0,0.0,0.0,0.0,0.0,0.0,0.0,0.0,0.0,2.0,0.0,0.0,0.0,0.0,0.0,0.0,0.0,0.0,3.0,0.0,1.0,0.0,0.0,2.0,4.0,0.0,0.0,0.0,0.0,0.0,3.0,4.0,15.0,4.0,0.0,14.0,14.0,14.0,5.0,17.0
CHEMBL1682017,Inhibition,12.0,15.0,8.0,1.0,2.0,0.0,1.0,22.0,8.0,1.0,2.0,0.0,2.0,2.0,2.0,1.0,0.0,0.0,0.0,19.0,11.0,2.0,2.0,0.0,2.0,2.0,0.0,0.0,17.0,8.0,3.0,1.0,0.0,0.0,2.0,0.0,0.0,3.0,11.0,9.0,6.0,2.0,0.0,2.0,1.0,0.0,0.0,1.0,0.0,9.0,7.0,3.0,2.0,0.0,1.0,0.0,2.0,0.0,13.0,3.0,1.0,3.0,0.0,1.0,1.0,1.0,2.0,0.0,0.0,13.0,6.0,0.0,3.0,0.0,2.0,0.0,0.0,0.0,0.0,0.0,11.0,9.0,0.0,0.0,0.0,3.0,0.0,0.0,3.0,12.0,0.0,0.0,3.0,0.0,0.0,0.0,0.0,0.0,1.0,0.0,0.0,0.0,0.0,0.0,0.0,0.0,0.0,0.0,1.0,1.0,1.0,0.0,0.0,0.0,2.0,1.0,1.0,1.0,0.0,0.0,1.0,0.0,0.0,0.0,0.0,0.0,1.0,0.0,0.0,0.0,0.0,0.0,0.0,0.0,0.0,0.0,0.0,0.0,1.0,0.0,0.0,0.0,0.0,0.0,0.0,0.0,0.0,0.0,0.0,1.0,0.0,0.0,0.0,0.0,0.0,0.0,0.0,0.0,1.0,1.0,0.0,0.0,1.0,0.0,1.0,0.0,0.0,0.0,1.0,0.0,3.0,5.0,20.0,5.0,0.0,11.0,6.0,6.0,4.0,18.0
CHEMBL4216982,Inhibition,98.7,35.0,8.0,7.0,0.0,0.0,0.0,46.0,13.0,7.0,0.0,0.0,0.0,0.0,0.0,3.0,0.0,0.0,0.0,45.0,12.0,13.0,0.0,0.0,0.0,0.0,0.0,4.0,37.0,13.0,20.0,0.0,0.0,0.0,1.0,1.0,0.0,0.0,40.0,12.0,20.0,0.0,0.0,0.0,1.0,1.0,0.0,0.0,4.0,41.0,12.0,27.0,0.0,0.0,0.0,1.0,1.0,0.0,40.0,9.0,23.0,0.0,0.0,0.0,0.0,0.0,3.0,0.0,0.0,42.0,7.0,12.0,0.0,0.0,0.0,2.0,3.0,0.0,0.0,1.0,36.0,10.0,14.0,0.0,0.0,0.0,0.0,2.0,31.0,11.0,13.0,0.0,0.0,0.0,0.0,0.0,0.0,2.0,2.0,2.0,0.0,0.0,0.0,0.0,0.0,0.0,0.0,2.0,3.0,3.0,5.0,0.0,0.0,0.0,13.0,5.0,5.0,1.0,0.0,1.0,3.0,2.0,0.0,0.0,0.0,2.0,3.0,0.0,0.0,0.0,0.0,0.0,0.0,0.0,0.0,0.0,0.0,2.0,5.0,0.0,0.0,4.0,0.0,0.0,4.0,0.0,0.0,2.0,0.0,5.0,2.0,2.0,2.0,1.0,2.0,2.0,0.0,0.0,3.0,3.0,0.0,2.0,7.0,2.0,2.0,0.0,0.0,0.0,5.0,6.0,0.0,1.0,23.0,2.0,9.0,15.0,19.0,19.0,13.0,35.0
CHEMBL254760,Inhibition,96.0,22.0,11.0,3.0,3.0,1.0,1.0,31.0,9.0,5.0,4.0,2.0,0.0,2.0,2.0,1.0,0.0,0.0,0.0,27.0,10.0,6.0,4.0,2.0,0.0,2.0,0.0,0.0,23.0,10.0,5.0,6.0,2.0,2.0,0.0,2.0,1.0,1.0,24.0,10.0,4.0,6.0,3.0,3.0,1.0,1.0,0.0,0.0,0.0,23.0,11.0,5.0,5.0,2.0,2.0,1.0,1.0,0.0,21.0,10.0,3.0,3.0,3.0,0.0,3.0,0.0,2.0,1.0,1.0,20.0,8.0,3.0,2.0,2.0,2.0,0.0,0.0,0.0,0.0,0.0,19.0,8.0,1.0,3.0,2.0,2.0,1.0,0.0,18.0,7.0,2.0,3.0,3.0,0.0,0.0,1.0,1.0,0.0,1.0,0.0,0.0,0.0,0.0,0.0,0.0,0.0,0.0,1.0,2.0,1.0,1.0,1.0,0.0,1.0,4.0,1.0,1.0,1.0,0.0,0.0,1.0,0.0,0.0,0.0,0.0,0.0,1.0,0.0,0.0,0.0,0.0,0.0,0.0,0.0,0.0,0.0,0.0,0.0,1.0,0.0,0.0,1.0,0.0,0.0,0.0,0.0,0.0,0.0,0.0,3.0,1.0,0.0,1.0,1.0,0.0,0.0,0.0,1.0,2.0,1.0,0.0,0.0,2.0,0.0,1.0,0.0,0.0,0.0,1.0,0.0,2.0,4.0,26.0,4.0,0.0,17.0,7.0,7.0,8.0,27.0
CHEMBL4067875,Inhibition,64.0,18.0,9.0,6.0,0.0,0.0,0.0,26.0,10.0,10.0,0.0,0.0,0.0,0.0,1.0,0.0,0.0,0.0,0.0,29.0,7.0,8.0,0.0,0.0,0.0,0.0,0.0,3.0,20.0,9.0,11.0,0.0,0.0,0.0,0.0,1.0,0.0,0.0,19.0,7.0,8.0,0.0,0.0,0.0,1.0,2.0,0.0,0.0,2.0,20.0,9.0,6.0,0.0,0.0,0.0,0.0,1.0,2.0,21.0,7.0,6.0,0.0,0.0,0.0,0.0,1.0,0.0,0.0,0.0,18.0,5.0,5.0,0.0,0.0,0.0,1.0,3.0,0.0,0.0,0.0,13.0,5.0,8.0,0.0,0.0,0.0,0.0,1.0,9.0,4.0,7.0,0.0,0.0,0.0,1.0,0.0,0.0,0.0,6.0,0.0,3.0,0.0,3.0,0.0,3.0,0.0,3.0,0.0,0.0,0.0,0.0,0.0,1.0,2.0,9.0,0.0,4.0,0.0,0.0,1.0,0.0,0.0,0.0,0.0,0.0,0.0,0.0,0.0,0.0,0.0,0.0,0.0,0.0,0.0,0.0,0.0,0.0,0.0,3.0,3.0,3.0,6.0,0.0,0.0,0.0,3.0,5.0,3.0,2.0,3.0,3.0,0.0,0.0,0.0,6.0,4.0,1.0,0.0,2.0,0.0,0.0,3.0,4.0,0.0,0.0,0.0,1.0,1.0,0.0,0.0,1.0,2.0,15.0,5.0,10.0,15.0,11.0,11.0,5.0,17.0
CHEMBL3629013,Inhibition,65.4,19.0,11.0,2.0,0.0,0.0,0.0,24.0,17.0,1.0,0.0,0.0,0.0,0.0,2.0,0.0,0.0,0.0,0.0,24.0,16.0,0.0,0.0,0.0,0.0,0.0,1.0,1.0,23.0,17.0,2.0,0.0,0.0,0.0,1.0,0.0,0.0,0.0,24.0,11.0,2.0,0.0,0.0,0.0,4.0,0.0,0.0,0.0,0.0,21.0,14.0,1.0,0.0,0.0,0.0,1.0,0.0,0.0,22.0,12.0,1.0,0.0,0.0,0.0,0.0,2.0,0.0,0.0,0.0,22.0,11.0,1.0,0.0,0.0,0.0,1.0,1.0,0.0,0.0,0.0,23.0,5.0,2.0,0.0,0.0,0.0,1.0,1.0,15.0,7.0,2.0,0.0,0.0,0.0,1.0,0.0,0.0,3.0,10.0,5.0,5.0,1.0,0.0,0.0,1.0,0.0,1.0,0.0,1.0,0.0,0.0,0.0,1.0,1.0,14.0,0.0,11.0,0.0,0.0,0.0,0.0,9.0,0.0,0.0,0.0,0.0,0.0,7.0,2.0,0.0,0.0,0.0,1.0,2.0,0.0,2.0,2.0,1.0,4.0,4.0,5.0,8.0,0.0,0.0,0.0,5.0,4.0,2.0,1.0,3.0,3.0,2.0,0.0,0.0,4.0,2.0,0.0,0.0,3.0,0.0,0.0,2.0,1.0,0.0,6.0,0.0,0.0,1.0,0.0,0.0,2.0,3.0,11.0,5.0,0.0,13.0,20.0,20.0,5.0,14.0
CHEMBL3747489,Inhibition,8.0,15.0,11.0,3.0,0.0,2.0,2.0,22.0,8.0,5.0,2.0,4.0,0.0,4.0,5.0,5.0,0.0,0.0,0.0,17.0,18.0,10.0,2.0,4.0,0.0,4.0,0.0,1.0,17.0,10.0,10.0,1.0,3.0,3.0,3.0,1.0,0.0,0.0,16.0,14.0,6.0,0.0,2.0,2.0,0.0,2.0,0.0,0.0,0.0,19.0,7.0,3.0,1.0,2.0,2.0,3.0,4.0,0.0,17.0,10.0,4.0,0.0,5.0,0.0,5.0,0.0,1.0,0.0,0.0,13.0,6.0,3.0,2.0,1.0,1.0,3.0,4.0,3.0,3.0,0.0,5.0,9.0,8.0,1.0,4.0,4.0,0.0,0.0,5.0,4.0,4.0,0.0,0.0,1.0,3.0,3.0,3.0,1.0,4.0,2.0,2.0,0.0,0.0,0.0,1.0,0.0,0.0,1.0,1.0,0.0,0.0,2.0,1.0,1.0,9.0,1.0,5.0,0.0,0.0,1.0,0.0,3.0,0.0,0.0,2.0,0.0,0.0,2.0,1.0,0.0,0.0,0.0,1.0,2.0,0.0,4.0,0.0,0.0,4.0,0.0,0.0,2.0,0.0,0.0,0.0,1.0,0.0,1.0,0.0,5.0,2.0,0.0,1.0,0.0,0.0,1.0,1.0,2.0,4.0,1.0,0.0,0.0,4.0,0.0,2.0,0.0,0.0,0.0,0.0,1.0,2.0,2.0,12.0,4.0,6.0,14.0,11.0,11.0,5.0,17.0
CHEMBL519962,Inhibition,0.0,16.0,13.0,5.0,0.0,0.0,0.0,24.0,13.0,4.0,0.0,0.0,0.0,0.0,5.0,1.0,0.0,0.0,0.0,24.0,14.0,6.0,0.0,0.0,0.0,0.0,1.0,2.0,21.0,13.0,10.0,0.0,0.0,0.0,5.0,1.0,0.0,0.0,26.0,16.0,3.0,0.0,0.0,0.0,1.0,1.0,0.0,0.0,1.0,20.0,20.0,5.0,0.0,0.0,0.0,0.0,2.0,0.0,18.0,11.0,5.0,0.0,0.0,0.0,0.0,3.0,3.0,0.0,0.0,21.0,10.0,2.0,0.0,0.0,0.0,0.0,4.0,0.0,0.0,0.0,11.0,15.0,6.0,0.0,0.0,0.0,0.0,0.0,14.0,2.0,5.0,0.0,0.0,0.0,3.0,0.0,0.0,2.0,7.0,3.0,4.0,2.0,0.0,0.0,0.0,0.0,1.0,2.0,1.0,0.0,1.0,0.0,2.0,2.0,12.0,1.0,8.0,1.0,0.0,0.0,1.0,6.0,0.0,0.0,2.0,1.0,0.0,4.0,2.0,0.0,0.0,0.0,3.0,3.0,1.0,5.0,2.0,1.0,7.0,4.0,5.0,11.0,3.0,3.0,3.0,7.0,2.0,1.0,1.0,5.0,4.0,3.0,2.0,0.0,2.0,3.0,1.0,0.0,4.0,1.0,1.0,1.0,3.0,0.0,4.0,0.0,1.0,0.0,1.0,0.0,2.0,2.0,12.0,4.0,0.0,18.0,18.0,18.0,8.0,16.0
CHEMBL524898,Inhibition,0.0,21.0,15.0,1.0,0.0,0.0,0.0,33.0,14.0,1.0,0.0,0.0,0.0,0.0,3.0,1.0,0.0,0.0,0.0,33.0,16.0,3.0,0.0,0.0,0.0,0.0,1.0,0.0,28.0,12.0,4.0,0.0,0.0,0.0,3.0,0.0,0.0,0.0,24.0,14.0,2.0,0.0,0.0,0.0,2.0,2.0,0.0,0.0,0.0,21.0,18.0,3.0,0.0,0.0,0.0,0.0,0.0,0.0,24.0,10.0,2.0,0.0,0.0,0.0,0.0,2.0,1.0,0.0,0.0,19.0,11.0,2.0,0.0,0.0,0.0,1.0,0.0,0.0,0.0,0.0,18.0,9.0,0.0,0.0,0.0,0.0,0.0,2.0,16.0,8.0,2.0,0.0,0.0,1.0,0.0,0.0,0.0,0.0,5.0,0.0,2.0,0.0,0.0,0.0,2.0,0.0,0.0,2.0,0.0,0.0,1.0,0.0,3.0,0.0,8.0,1.0,3.0,1.0,0.0,0.0,1.0,0.0,0.0,0.0,0.0,0.0,0.0,0.0,0.0,0.0,0.0,0.0,0.0,0.0,0.0,0.0,0.0,0.0,5.0,3.0,3.0,8.0,2.0,0.0,2.0,4.0,0.0,0.0,0.0,6.0,4.0,0.0,2.0,1.0,0.0,0.0,0.0,0.0,3.0,1.0,2.0,0.0,1.0,1.0,1.0,0.0,0.0,0.0,1.0,0.0,2.0,3.0,21.0,5.0,0.0,16.0,12.0,12.0,6.0,23.0
CHEMBL4461102,Inhibition,-0.36,14.0,11.0,3.0,2.0,0.0,0.0,22.0,11.0,2.0,3.0,0.0,0.0,0.0,1.0,4.0,0.0,0.0,0.0,19.0,10.0,6.0,1.0,0.0,0.0,0.0,2.0,0.0,12.0,13.0,8.0,1.0,0.0,0.0,0.0,0.0,0.0,0.0,15.0,12.0,4.0,0.0,0.0,0.0,0.0,1.0,0.0,0.0,0.0,14.0,8.0,2.0,1.0,0.0,0.0,2.0,2.0,0.0,11.0,9.0,2.0,2.0,0.0,0.0,0.0,1.0,0.0,0.0,0.0,13.0,4.0,0.0,2.0,0.0,0.0,2.0,2.0,0.0,0.0,1.0,11.0,4.0,3.0,1.0,0.0,0.0,2.0,1.0,7.0,9.0,3.0,0.0,0.0,0.0,0.0,0.0,0.0,0.0,4.0,0.0,2.0,0.0,0.0,0.0,2.0,2.0,0.0,1.0,1.0,0.0,1.0,0.0,2.0,0.0,7.0,1.0,2.0,0.0,0.0,0.0,0.0,0.0,0.0,0.0,0.0,0.0,0.0,0.0,0.0,0.0,0.0,0.0,0.0,0.0,0.0,0.0,0.0,0.0,4.0,4.0,2.0,8.0,0.0,0.0,2.0,2.0,0.0,0.0,0.0,6.0,6.0,0.0,2.0,0.0,0.0,0.0,0.0,0.0,4.0,1.0,2.0,0.0,1.0,0.0,0.0,0.0,0.0,1.0,1.0,2.0,2.0,4.0,16.0,6.0,2.0,16.0,9.0,9.0,4.0,16.0
CHEMBL4582560,Inhibition,29.95,14.0,11.0,4.0,2.0,0.0,0.0,22.0,11.0,3.0,3.0,0.0,0.0,0.0,1.0,5.0,0.0,0.0,0.0,19.0,10.0,8.0,1.0,0.0,0.0,0.0,2.0,0.0,12.0,13.0,9.0,1.0,0.0,0.0,0.0,0.0,0.0,0.0,15.0,12.0,5.0,0.0,0.0,0.0,0.0,1.0,0.0,0.0,0.0,14.0,8.0,2.0,1.0,0.0,0.0,2.0,3.0,1.0,11.0,9.0,3.0,2.0,0.0,0.0,0.0,1.0,1.0,0.0,0.0,13.0,4.0,0.0,2.0,0.0,0.0,2.0,3.0,0.0,0.0,1.0,11.0,4.0,4.0,1.0,0.0,0.0,2.0,1.0,7.0,9.0,5.0,0.0,0.0,0.0,0.0,0.0,0.0,0.0,4.0,0.0,2.0,0.0,0.0,0.0,2.0,2.0,0.0,1.0,1.0,0.0,2.0,0.0,2.0,0.0,7.0,2.0,2.0,0.0,0.0,0.0,0.0,0.0,0.0,0.0,0.0,0.0,0.0,0.0,0.0,0.0,0.0,0.0,0.0,0.0,0.0,0.0,0.0,0.0,4.0,4.0,2.0,8.0,0.0,0.0,2.0,2.0,0.0,0.0,0.0,7.0,6.0,0.0,2.0,0.0,0.0,0.0,0.0,0.0,4.0,2.0,2.0,0.0,2.0,0.0,0.0,0.0,0.0,1.0,2.0,3.0,2.0,4.0,16.0,6.0,4.0,17.0,10.0,10.0,5.0,17.0
CHEMBL576620,Inhibition,17.0,18.0,7.0,1.0,0.0,1.0,1.0,23.0,9.0,1.0,0.0,2.0,0.0,2.0,1.0,0.0,0.0,0.0,0.0,25.0,10.0,1.0,0.0,2.0,0.0,2.0,0.0,0.0,25.0,12.0,1.0,0.0,1.0,1.0,0.0,0.0,0.0,0.0,30.0,8.0,1.0,0.0,1.0,1.0,1.0,0.0,0.0,0.0,0.0,30.0,4.0,0.0,0.0,1.0,1.0,1.0,2.0,0.0,21.0,4.0,3.0,0.0,2.0,0.0,2.0,0.0,0.0,1.0,1.0,12.0,3.0,3.0,0.0,4.0,4.0,0.0,0.0,0.0,0.0,0.0,5.0,2.0,4.0,0.0,4.0,4.0,0.0,0.0,1.0,1.0,4.0,1.0,1.0,0.0,0.0,1.0,1.0,0.0,2.0,0.0,1.0,0.0,0.0,0.0,0.0,0.0,0.0,0.0,0.0,0.0,0.0,1.0,0.0,0.0,6.0,0.0,2.0,0.0,0.0,0.0,0.0,1.0,0.0,0.0,0.0,0.0,0.0,0.0,0.0,0.0,0.0,0.0,0.0,0.0,0.0,0.0,0.0,1.0,0.0,0.0,0.0,0.0,0.0,0.0,0.0,0.0,0.0,1.0,0.0,0.0,0.0,0.0,0.0,0.0,0.0,1.0,0.0,1.0,0.0,0.0,0.0,0.0,1.0,0.0,1.0,0.0,0.0,0.0,0.0,0.0,2.0,3.0,17.0,3.0,0.0,8.0,3.0,3.0,1.0,15.0
CHEMBL515560,Inhibition,48.0,18.0,8.0,4.0,0.0,0.0,0.0,21.0,15.0,4.0,0.0,0.0,0.0,0.0,1.0,2.0,0.0,0.0,0.0,19.0,15.0,6.0,0.0,0.0,0.0,0.0,2.0,0.0,15.0,11.0,6.0,0.0,0.0,0.0,5.0,3.0,0.0,0.0,17.0,11.0,5.0,0.0,0.0,0.0,1.0,1.0,0.0,0.0,0.0,17.0,14.0,3.0,0.0,0.0,0.0,0.0,3.0,0.0,15.0,16.0,3.0,0.0,0.0,0.0,0.0,0.0,1.0,0.0,0.0,14.0,12.0,5.0,0.0,0.0,0.0,3.0,0.0,0.0,0.0,1.0,14.0,7.0,5.0,0.0,0.0,0.0,1.0,1.0,12.0,7.0,4.0,0.0,0.0,0.0,4.0,0.0,0.0,0.0,0.0,0.0,0.0,0.0,0.0,0.0,0.0,0.0,0.0,3.0,3.0,2.0,2.0,0.0,0.0,1.0,6.0,2.0,1.0,1.0,0.0,0.0,1.0,0.0,0.0,0.0,0.0,0.0,0.0,0.0,0.0,0.0,0.0,0.0,0.0,0.0,0.0,0.0,0.0,0.0,1.0,0.0,0.0,0.0,0.0,0.0,0.0,0.0,0.0,0.0,0.0,2.0,0.0,0.0,0.0,2.0,0.0,1.0,1.0,0.0,4.0,2.0,0.0,0.0,3.0,2.0,0.0,0.0,1.0,0.0,3.0,1.0,1.0,2.0,17.0,2.0,4.0,12.0,12.0,12.0,9.0,22.0
CHEMBL521479,Inhibition,0.0,18.0,14.0,1.0,0.0,0.0,0.0,25.0,13.0,1.0,0.0,0.0,0.0,0.0,4.0,1.0,0.0,0.0,0.0,21.0,17.0,3.0,0.0,0.0,0.0,0.0,1.0,1.0,18.0,16.0,4.0,0.0,0.0,0.0,3.0,0.0,0.0,0.0,26.0,11.0,1.0,0.0,0.0,0.0,2.0,2.0,0.0,0.0,0.0,19.0,17.0,3.0,0.0,0.0,0.0,0.0,1.0,0.0,21.0,9.0,3.0,0.0,0.0,0.0,0.0,2.0,1.0,0.0,0.0,20.0,12.0,2.0,0.0,0.0,0.0,0.0,0.0,0.0,0.0,0.0,20.0,6.0,2.0,0.0,0.0,0.0,2.0,0.0,14.0,9.0,2.0,0.0,0.0,0.0,0.0,0.0,0.0,1.0,5.0,1.0,3.0,1.0,0.0,0.0,0.0,1.0,0.0,1.0,1.0,0.0,1.0,0.0,2.0,0.0,8.0,1.0,5.0,1.0,0.0,0.0,1.0,3.0,0.0,0.0,1.0,1.0,0.0,2.0,1.0,0.0,0.0,0.0,2.0,2.0,0.0,3.0,1.0,0.0,5.0,2.0,1.0,7.0,1.0,1.0,1.0,3.0,0.0,0.0,0.0,5.0,4.0,1.0,2.0,0.0,0.0,0.0,0.0,0.0,3.0,1.0,1.0,0.0,1.0,0.0,3.0,0.0,0.0,0.0,1.0,0.0,3.0,3.0,18.0,4.0,0.0,15.0,12.0,12.0,8.0,20.0
CHEMBL2216825,Inhibition,4.0,23.0,3.0,11.0,0.0,0.0,0.0,35.0,2.0,20.0,0.0,0.0,0.0,0.0,0.0,0.0,0.0,0.0,0.0,39.0,2.0,24.0,0.0,0.0,0.0,0.0,0.0,1.0,36.0,2.0,25.0,0.0,0.0,0.0,0.0,1.0,0.0,0.0,31.0,2.0,24.0,0.0,0.0,0.0,0.0,0.0,0.0,0.0,4.0,26.0,2.0,19.0,0.0,0.0,0.0,0.0,1.0,3.0,22.0,2.0,15.0,0.0,0.0,0.0,0.0,0.0,0.0,0.0,0.0,17.0,2.0,14.0,0.0,0.0,0.0,0.0,1.0,0.0,0.0,1.0,15.0,2.0,11.0,0.0,0.0,0.0,0.0,1.0,12.0,2.0,11.0,0.0,0.0,0.0,1.0,0.0,0.0,7.0,2.0,3.0,0.0,0.0,0.0,0.0,0.0,0.0,0.0,4.0,0.0,0.0,3.0,0.0,1.0,3.0,18.0,3.0,13.0,0.0,0.0,4.0,3.0,10.0,0.0,0.0,2.0,3.0,3.0,7.0,4.0,2.0,0.0,0.0,0.0,1.0,5.0,2.0,2.0,10.0,2.0,2.0,0.0,4.0,0.0,0.0,0.0,0.0,0.0,12.0,10.0,3.0,3.0,2.0,0.0,0.0,2.0,7.0,0.0,0.0,1.0,0.0,0.0,1.0,8.0,2.0,2.0,0.0,0.0,1.0,1.0,10.0,0.0,0.0,6.0,3.0,6.0,14.0,22.0,22.0,2.0,19.0
CHEMBL3593667,Inhibition,31.8,18.0,10.0,2.0,0.0,1.0,1.0,26.0,11.0,3.0,0.0,2.0,0.0,2.0,3.0,2.0,0.0,0.0,0.0,21.0,13.0,5.0,0.0,1.0,0.0,1.0,0.0,1.0,17.0,13.0,4.0,0.0,2.0,2.0,1.0,1.0,0.0,0.0,14.0,11.0,3.0,0.0,1.0,1.0,0.0,1.0,1.0,1.0,1.0,18.0,6.0,3.0,0.0,1.0,1.0,1.0,0.0,0.0,13.0,8.0,6.0,0.0,2.0,0.0,2.0,1.0,0.0,0.0,0.0,12.0,5.0,3.0,0.0,2.0,2.0,1.0,1.0,0.0,0.0,0.0,13.0,5.0,2.0,0.0,1.0,1.0,1.0,1.0,12.0,5.0,3.0,0.0,0.0,1.0,0.0,1.0,1.0,0.0,0.0,0.0,0.0,0.0,0.0,0.0,0.0,0.0,0.0,3.0,1.0,0.0,0.0,1.0,0.0,0.0,5.0,0.0,3.0,0.0,1.0,0.0,0.0,3.0,0.0,0.0,0.0,0.0,0.0,0.0,0.0,0.0,0.0,0.0,0.0,0.0,0.0,0.0,0.0,0.0,0.0,0.0,0.0,0.0,0.0,0.0,0.0,0.0,0.0,0.0,0.0,1.0,0.0,0.0,0.0,1.0,0.0,1.0,0.0,1.0,2.0,0.0,0.0,0.0,1.0,3.0,0.0,0.0,0.0,0.0,0.0,0.0,2.0,4.0,20.0,4.0,2.0,12.0,6.0,6.0,4.0,20.0
CHEMBL3593663,Inhibition,57.8,20.0,10.0,2.0,0.0,0.0,0.0,29.0,11.0,3.0,0.0,0.0,0.0,0.0,3.0,2.0,0.0,0.0,0.0,25.0,13.0,5.0,0.0,0.0,0.0,0.0,0.0,1.0,19.0,15.0,4.0,0.0,0.0,0.0,1.0,1.0,0.0,0.0,16.0,13.0,3.0,0.0,0.0,0.0,0.0,1.0,0.0,0.0,1.0,21.0,6.0,3.0,0.0,0.0,0.0,1.0,0.0,0.0,16.0,8.0,6.0,0.0,0.0,0.0,0.0,1.0,0.0,0.0,0.0,16.0,5.0,3.0,0.0,0.0,0.0,1.0,1.0,0.0,0.0,0.0,16.0,5.0,2.0,0.0,0.0,0.0,1.0,1.0,13.0,6.0,3.0,0.0,0.0,1.0,0.0,0.0,0.0,0.0,0.0,0.0,0.0,0.0,0.0,0.0,0.0,0.0,0.0,3.0,2.0,2.0,1.0,0.0,0.0,0.0,7.0,1.0,3.0,0.0,1.0,0.0,0.0,3.0,0.0,0.0,0.0,0.0,0.0,0.0,0.0,0.0,0.0,0.0,0.0,0.0,0.0,0.0,0.0,0.0,0.0,0.0,0.0,0.0,0.0,0.0,0.0,0.0,0.0,0.0,0.0,2.0,0.0,0.0,0.0,1.0,0.0,0.0,0.0,0.0,2.0,2.0,0.0,0.0,1.0,3.0,0.0,0.0,0.0,0.0,0.0,0.0,2.0,4.0,20.0,4.0,0.0,12.0,7.0,7.0,5.0,21.0
CHEMBL3798751,Inhibition,66.3,19.0,14.0,3.0,0.0,4.0,5.0,28.0,13.0,4.0,0.0,5.0,2.0,7.0,3.0,2.0,3.0,3.0,3.0,26.0,12.0,6.0,0.0,8.0,3.0,11.0,3.0,0.0,18.0,20.0,6.0,0.0,8.0,9.0,1.0,1.0,1.0,1.0,26.0,11.0,4.0,0.0,6.0,6.0,2.0,3.0,3.0,4.0,0.0,22.0,14.0,6.0,0.0,5.0,6.0,1.0,1.0,0.0,21.0,13.0,1.0,0.0,2.0,0.0,2.0,0.0,1.0,4.0,5.0,22.0,11.0,2.0,0.0,5.0,6.0,0.0,1.0,2.0,2.0,0.0,17.0,8.0,6.0,0.0,10.0,12.0,1.0,0.0,13.0,6.0,4.0,9.0,11.0,2.0,0.0,0.0,0.0,0.0,2.0,0.0,1.0,0.0,0.0,0.0,0.0,1.0,0.0,2.0,1.0,0.0,0.0,4.0,1.0,1.0,6.0,0.0,1.0,0.0,0.0,0.0,0.0,0.0,0.0,0.0,0.0,0.0,0.0,0.0,0.0,0.0,0.0,0.0,0.0,0.0,0.0,0.0,0.0,0.0,1.0,1.0,0.0,2.0,0.0,0.0,0.0,0.0,0.0,0.0,0.0,4.0,3.0,0.0,0.0,1.0,0.0,1.0,0.0,4.0,3.0,0.0,0.0,0.0,2.0,0.0,0.0,3.0,0.0,1.0,0.0,0.0,3.0,4.0,23.0,4.0,2.0,17.0,8.0,8.0,9.0,24.0
CHEMBL3797752,Inhibition,22.0,21.0,14.0,5.0,0.0,1.0,3.0,28.0,15.0,6.0,0.0,2.0,4.0,6.0,3.0,2.0,0.0,0.0,0.0,28.0,14.0,6.0,0.0,2.0,4.0,6.0,2.0,1.0,23.0,15.0,7.0,0.0,2.0,5.0,2.0,1.0,1.0,1.0,24.0,16.0,5.0,0.0,3.0,3.0,0.0,3.0,0.0,2.0,0.0,25.0,12.0,6.0,0.0,2.0,4.0,2.0,1.0,0.0,26.0,14.0,1.0,0.0,2.0,2.0,4.0,1.0,2.0,1.0,2.0,21.0,18.0,5.0,0.0,2.0,5.0,0.0,0.0,2.0,2.0,0.0,20.0,10.0,5.0,0.0,4.0,7.0,1.0,3.0,18.0,5.0,7.0,2.0,4.0,2.0,1.0,0.0,0.0,0.0,7.0,0.0,4.0,1.0,2.0,0.0,3.0,0.0,2.0,0.0,2.0,2.0,1.0,1.0,1.0,2.0,8.0,1.0,4.0,0.0,0.0,0.0,0.0,1.0,0.0,0.0,0.0,0.0,0.0,0.0,0.0,0.0,0.0,0.0,0.0,0.0,0.0,1.0,1.0,0.0,3.0,3.0,3.0,6.0,0.0,0.0,0.0,3.0,3.0,2.0,2.0,5.0,3.0,0.0,0.0,2.0,4.0,2.0,0.0,1.0,3.0,2.0,0.0,2.0,3.0,0.0,1.0,0.0,0.0,1.0,0.0,0.0,3.0,4.0,23.0,6.0,0.0,19.0,14.0,14.0,10.0,24.0
CHEMBL3799650,Inhibition,38.5,22.0,14.0,5.0,0.0,4.0,5.0,30.0,15.0,6.0,0.0,5.0,2.0,7.0,3.0,2.0,3.0,3.0,3.0,30.0,14.0,6.0,0.0,8.0,3.0,11.0,2.0,1.0,24.0,16.0,7.0,0.0,8.0,9.0,2.0,1.0,1.0,1.0,25.0,16.0,5.0,0.0,6.0,6.0,0.0,3.0,3.0,4.0,0.0,25.0,13.0,7.0,0.0,5.0,6.0,2.0,1.0,0.0,27.0,14.0,1.0,0.0,2.0,0.0,2.0,1.0,2.0,4.0,5.0,23.0,18.0,5.0,0.0,5.0,6.0,0.0,0.0,2.0,2.0,0.0,22.0,10.0,5.0,0.0,10.0,12.0,1.0,3.0,19.0,5.0,7.0,9.0,11.0,2.0,1.0,0.0,0.0,0.0,7.0,0.0,4.0,1.0,2.0,0.0,3.0,0.0,2.0,0.0,1.0,0.0,0.0,4.0,1.0,2.0,9.0,0.0,4.0,0.0,0.0,0.0,0.0,1.0,0.0,0.0,0.0,0.0,0.0,0.0,0.0,0.0,0.0,0.0,0.0,0.0,0.0,1.0,1.0,0.0,3.0,3.0,3.0,6.0,0.0,0.0,0.0,3.0,3.0,2.0,2.0,4.0,3.0,0.0,0.0,1.0,4.0,3.0,0.0,4.0,3.0,0.0,0.0,2.0,3.0,0.0,1.0,3.0,0.0,1.0,0.0,0.0,3.0,4.0,23.0,6.0,2.0,19.0,13.0,13.0,10.0,24.0
CHEMBL2206022,Inhibition,83.0,24.0,7.0,3.0,0.0,0.0,1.0,33.0,8.0,5.0,0.0,0.0,2.0,2.0,1.0,1.0,0.0,0.0,0.0,31.0,7.0,7.0,0.0,0.0,2.0,2.0,0.0,0.0,29.0,5.0,5.0,0.0,0.0,2.0,0.0,0.0,0.0,0.0,28.0,4.0,5.0,0.0,0.0,2.0,0.0,1.0,0.0,1.0,0.0,23.0,4.0,5.0,0.0,0.0,1.0,0.0,0.0,0.0,18.0,3.0,4.0,0.0,0.0,2.0,2.0,0.0,1.0,0.0,0.0,16.0,3.0,3.0,0.0,0.0,2.0,0.0,1.0,0.0,0.0,1.0,17.0,4.0,3.0,0.0,0.0,1.0,0.0,0.0,17.0,5.0,3.0,0.0,0.0,0.0,0.0,0.0,0.0,0.0,0.0,0.0,0.0,0.0,0.0,0.0,0.0,0.0,0.0,1.0,1.0,1.0,1.0,0.0,0.0,1.0,4.0,1.0,1.0,1.0,0.0,1.0,1.0,0.0,0.0,0.0,0.0,0.0,1.0,0.0,0.0,0.0,0.0,0.0,0.0,0.0,0.0,0.0,0.0,0.0,1.0,0.0,0.0,0.0,0.0,0.0,0.0,0.0,0.0,0.0,0.0,1.0,0.0,0.0,0.0,1.0,0.0,0.0,0.0,0.0,1.0,1.0,0.0,0.0,2.0,1.0,0.0,0.0,0.0,0.0,1.0,1.0,1.0,2.0,23.0,3.0,5.0,10.0,4.0,4.0,3.0,26.0
CHEMBL2206016,Inhibition,99.0,19.0,5.0,5.0,0.0,0.0,1.0,26.0,6.0,6.0,0.0,0.0,2.0,2.0,0.0,1.0,0.0,0.0,0.0,29.0,3.0,7.0,0.0,0.0,2.0,2.0,0.0,1.0,23.0,3.0,10.0,0.0,0.0,2.0,0.0,0.0,0.0,0.0,20.0,4.0,9.0,0.0,0.0,2.0,0.0,0.0,0.0,1.0,0.0,21.0,4.0,5.0,0.0,0.0,1.0,0.0,1.0,0.0,20.0,3.0,7.0,0.0,0.0,2.0,2.0,0.0,1.0,0.0,0.0,17.0,2.0,7.0,0.0,0.0,2.0,0.0,1.0,0.0,0.0,1.0,13.0,2.0,4.0,0.0,0.0,1.0,0.0,0.0,9.0,3.0,2.0,0.0,1.0,0.0,0.0,0.0,0.0,0.0,4.0,0.0,1.0,0.0,1.0,0.0,3.0,0.0,1.0,3.0,1.0,1.0,1.0,0.0,1.0,2.0,10.0,1.0,4.0,1.0,0.0,1.0,1.0,0.0,0.0,0.0,0.0,0.0,1.0,0.0,0.0,0.0,0.0,0.0,0.0,0.0,0.0,0.0,0.0,0.0,4.0,3.0,3.0,6.0,0.0,0.0,0.0,3.0,2.0,1.0,0.0,4.0,3.0,0.0,0.0,1.0,2.0,2.0,2.0,0.0,2.0,1.0,0.0,1.0,3.0,2.0,0.0,0.0,2.0,1.0,1.0,1.0,0.0,0.0,12.0,1.0,5.0,10.0,11.0,11.0,8.0,17.0
CHEMBL2206013,Inhibition,96.0,19.0,5.0,5.0,0.0,0.0,1.0,26.0,6.0,6.0,0.0,0.0,2.0,2.0,0.0,1.0,0.0,0.0,0.0,27.0,3.0,5.0,0.0,0.0,2.0,2.0,0.0,2.0,20.0,3.0,7.0,0.0,0.0,2.0,0.0,0.0,0.0,0.0,17.0,4.0,8.0,0.0,0.0,2.0,0.0,0.0,0.0,1.0,0.0,19.0,4.0,3.0,0.0,0.0,1.0,0.0,0.0,1.0,18.0,2.0,4.0,0.0,0.0,2.0,2.0,0.0,0.0,0.0,0.0,13.0,1.0,4.0,0.0,0.0,2.0,0.0,1.0,0.0,0.0,1.0,9.0,2.0,5.0,0.0,0.0,1.0,0.0,0.0,8.0,3.0,3.0,0.0,0.0,0.0,0.0,0.0,0.0,0.0,6.0,0.0,3.0,0.0,3.0,0.0,3.0,0.0,3.0,0.0,1.0,1.0,1.0,0.0,1.0,2.0,9.0,1.0,4.0,1.0,0.0,1.0,1.0,0.0,0.0,0.0,0.0,0.0,1.0,0.0,0.0,0.0,0.0,0.0,0.0,0.0,0.0,0.0,0.0,0.0,4.0,3.0,3.0,6.0,0.0,0.0,0.0,3.0,5.0,3.0,2.0,4.0,3.0,0.0,0.0,1.0,6.0,3.0,1.0,0.0,2.0,1.0,0.0,3.0,3.0,0.0,0.0,0.0,1.0,1.0,1.0,1.0,0.0,0.0,12.0,3.0,5.0,10.0,12.0,12.0,5.0,17.0
CHEMBL2206025,Inhibition,74.0,18.0,7.0,3.0,0.0,0.0,1.0,27.0,8.0,3.0,0.0,0.0,2.0,2.0,1.0,1.0,0.0,0.0,0.0,26.0,7.0,5.0,0.0,0.0,2.0,2.0,0.0,1.0,23.0,6.0,7.0,0.0,0.0,2.0,0.0,0.0,0.0,0.0,22.0,5.0,6.0,0.0,0.0,2.0,0.0,1.0,0.0,1.0,0.0,18.0,5.0,5.0,0.0,0.0,1.0,0.0,0.0,0.0,15.0,4.0,3.0,0.0,0.0,2.0,2.0,0.0,1.0,0.0,0.0,12.0,4.0,3.0,0.0,0.0,2.0,1.0,1.0,0.0,0.0,0.0,10.0,6.0,3.0,0.0,0.0,1.0,0.0,0.0,9.0,4.0,1.0,0.0,1.0,1.0,1.0,0.0,1.0,0.0,0.0,0.0,0.0,0.0,0.0,0.0,0.0,0.0,0.0,2.0,1.0,1.0,1.0,0.0,0.0,1.0,5.0,1.0,1.0,1.0,0.0,1.0,1.0,0.0,0.0,0.0,0.0,0.0,1.0,0.0,0.0,0.0,0.0,0.0,0.0,0.0,0.0,0.0,0.0,0.0,1.0,0.0,0.0,0.0,0.0,0.0,0.0,0.0,0.0,0.0,0.0,1.0,0.0,0.0,0.0,1.0,0.0,1.0,1.0,0.0,1.0,1.0,0.0,0.0,2.0,1.0,0.0,0.0,1.0,0.0,1.0,1.0,1.0,2.0,17.0,3.0,5.0,10.0,5.0,5.0,2.0,20.0
CHEMBL4519028,Inhibition,21.7,18.0,17.0,5.0,0.0,0.0,0.0,28.0,15.0,4.0,0.0,0.0,0.0,0.0,5.0,2.0,0.0,0.0,0.0,29.0,19.0,5.0,0.0,0.0,0.0,0.0,1.0,1.0,24.0,16.0,6.0,0.0,0.0,0.0,2.0,0.0,0.0,0.0,25.0,12.0,4.0,0.0,0.0,0.0,3.0,2.0,0.0,0.0,0.0,19.0,18.0,5.0,0.0,0.0,0.0,0.0,0.0,0.0,22.0,7.0,2.0,0.0,0.0,0.0,0.0,5.0,2.0,0.0,0.0,16.0,16.0,5.0,0.0,0.0,0.0,0.0,1.0,0.0,0.0,0.0,19.0,10.0,3.0,0.0,0.0,0.0,3.0,2.0,19.0,11.0,1.0,0.0,0.0,0.0,3.0,0.0,0.0,0.0,8.0,0.0,4.0,0.0,2.0,0.0,3.0,0.0,2.0,1.0,2.0,1.0,1.0,0.0,3.0,2.0,10.0,1.0,4.0,0.0,0.0,0.0,0.0,0.0,0.0,0.0,0.0,0.0,0.0,0.0,0.0,0.0,0.0,0.0,0.0,0.0,0.0,0.0,0.0,0.0,6.0,2.0,1.0,8.0,0.0,0.0,2.0,3.0,1.0,2.0,2.0,8.0,5.0,0.0,2.0,3.0,2.0,3.0,1.0,0.0,5.0,2.0,2.0,2.0,3.0,0.0,0.0,0.0,1.0,1.0,0.0,0.0,2.0,2.0,18.0,6.0,0.0,22.0,17.0,17.0,8.0,22.0
CHEMBL4457210,Inhibition,77.6,20.0,17.0,2.0,2.0,0.0,0.0,30.0,15.0,2.0,2.0,0.0,0.0,0.0,5.0,2.0,0.0,0.0,0.0,31.0,19.0,5.0,0.0,0.0,0.0,0.0,1.0,0.0,25.0,16.0,6.0,1.0,0.0,0.0,2.0,0.0,0.0,0.0,25.0,13.0,3.0,2.0,0.0,0.0,3.0,1.0,0.0,0.0,0.0,20.0,18.0,2.0,2.0,0.0,0.0,0.0,1.0,0.0,22.0,8.0,3.0,1.0,0.0,0.0,0.0,5.0,1.0,0.0,0.0,18.0,16.0,3.0,0.0,0.0,0.0,0.0,1.0,0.0,0.0,1.0,21.0,10.0,2.0,1.0,0.0,0.0,3.0,2.0,19.0,12.0,3.0,0.0,0.0,0.0,0.0,0.0,0.0,0.0,8.0,0.0,4.0,0.0,0.0,0.0,3.0,0.0,0.0,1.0,2.0,1.0,2.0,0.0,3.0,0.0,11.0,2.0,5.0,0.0,0.0,0.0,1.0,0.0,0.0,0.0,0.0,0.0,1.0,0.0,0.0,0.0,0.0,0.0,0.0,0.0,0.0,0.0,0.0,0.0,6.0,2.0,1.0,8.0,0.0,0.0,2.0,3.0,0.0,0.0,0.0,8.0,5.0,0.0,2.0,3.0,0.0,0.0,0.0,0.0,5.0,2.0,2.0,0.0,2.0,1.0,0.0,0.0,0.0,1.0,0.0,2.0,2.0,2.0,18.0,6.0,2.0,21.0,17.0,17.0,8.0,23.0
CHEMBL4782133,Inhibition,9.0,11.0,15.0,5.0,2.0,0.0,0.0,22.0,6.0,5.0,2.0,0.0,0.0,0.0,6.0,3.0,0.0,0.0,0.0,16.0,18.0,8.0,0.0,0.0,0.0,0.0,0.0,1.0,15.0,15.0,5.0,2.0,0.0,0.0,3.0,2.0,0.0,0.0,18.0,13.0,5.0,0.0,0.0,0.0,2.0,2.0,0.0,0.0,0.0,16.0,12.0,5.0,3.0,0.0,0.0,2.0,2.0,1.0,17.0,10.0,4.0,4.0,0.0,0.0,0.0,2.0,2.0,0.0,0.0,19.0,9.0,2.0,2.0,0.0,0.0,2.0,2.0,0.0,0.0,0.0,10.0,14.0,5.0,1.0,0.0,0.0,0.0,1.0,10.0,4.0,3.0,0.0,0.0,2.0,3.0,0.0,0.0,0.0,4.0,0.0,2.0,0.0,2.0,0.0,1.0,0.0,2.0,2.0,0.0,0.0,1.0,0.0,2.0,2.0,7.0,1.0,2.0,0.0,0.0,0.0,0.0,0.0,0.0,0.0,0.0,0.0,0.0,0.0,0.0,0.0,0.0,0.0,0.0,0.0,0.0,0.0,0.0,0.0,2.0,0.0,0.0,2.0,0.0,0.0,0.0,1.0,1.0,2.0,2.0,5.0,4.0,0.0,2.0,0.0,2.0,2.0,0.0,0.0,3.0,1.0,0.0,2.0,3.0,0.0,0.0,0.0,0.0,0.0,1.0,2.0,4.0,5.0,17.0,7.0,2.0,22.0,9.0,9.0,5.0,15.0
CHEMBL3797614,Inhibition,72.1,19.0,14.0,3.0,0.0,2.0,3.0,27.0,13.0,4.0,0.0,4.0,2.0,6.0,3.0,2.0,0.0,0.0,0.0,24.0,14.0,6.0,0.0,4.0,2.0,6.0,2.0,0.0,21.0,15.0,6.0,0.0,3.0,4.0,2.0,1.0,1.0,2.0,22.0,16.0,4.0,0.0,3.0,4.0,0.0,3.0,1.0,1.0,0.0,25.0,10.0,5.0,0.0,3.0,3.0,2.0,1.0,0.0,22.0,14.0,1.0,0.0,2.0,1.0,3.0,1.0,1.0,2.0,2.0,19.0,14.0,3.0,0.0,3.0,5.0,0.0,0.0,2.0,2.0,0.0,18.0,8.0,4.0,0.0,6.0,8.0,1.0,1.0,14.0,5.0,6.0,4.0,5.0,2.0,0.0,0.0,0.0,0.0,3.0,0.0,2.0,1.0,0.0,0.0,0.0,1.0,0.0,2.0,1.0,0.0,0.0,2.0,1.0,1.0,6.0,0.0,2.0,0.0,0.0,0.0,0.0,1.0,0.0,0.0,0.0,0.0,0.0,0.0,0.0,0.0,0.0,0.0,0.0,0.0,0.0,1.0,1.0,0.0,1.0,1.0,0.0,2.0,0.0,0.0,0.0,0.0,0.0,0.0,0.0,4.0,3.0,0.0,0.0,1.0,0.0,1.0,0.0,2.0,3.0,0.0,0.0,0.0,2.0,0.0,1.0,0.0,0.0,1.0,0.0,0.0,3.0,4.0,23.0,4.0,2.0,17.0,9.0,9.0,9.0,23.0
CHEMBL3416137,Inhibition,23.8,5.0,5.0,0.0,0.0,0.0,1.0,7.0,5.0,0.0,0.0,0.0,2.0,2.0,1.0,0.0,0.0,0.0,0.0,6.0,3.0,0.0,0.0,0.0,2.0,2.0,0.0,0.0,3.0,1.0,0.0,0.0,0.0,0.0,0.0,0.0,0.0,2.0,0.0,0.0,0.0,0.0,0.0,2.0,0.0,0.0,0.0,0.0,0.0,0.0,0.0,0.0,0.0,0.0,0.0,0.0,0.0,0.0,0.0,0.0,0.0,0.0,0.0,0.0,0.0,0.0,0.0,0.0,0.0,0.0,0.0,0.0,0.0,0.0,0.0,0.0,0.0,0.0,0.0,0.0,0.0,0.0,0.0,0.0,0.0,0.0,0.0,0.0,0.0,0.0,0.0,0.0,0.0,0.0,0.0,0.0,0.0,0.0,0.0,0.0,0.0,0.0,0.0,0.0,0.0,0.0,0.0,0.0,0.0,0.0,0.0,0.0,0.0,0.0,0.0,0.0,0.0,0.0,0.0,0.0,0.0,0.0,0.0,0.0,0.0,0.0,0.0,0.0,0.0,0.0,0.0,0.0,0.0,0.0,0.0,0.0,0.0,0.0,0.0,0.0,0.0,0.0,0.0,0.0,0.0,0.0,0.0,0.0,0.0,0.0,0.0,0.0,0.0,0.0,0.0,0.0,0.0,0.0,0.0,0.0,0.0,0.0,0.0,0.0,0.0,0.0,0.0,0.0,0.0,0.0,1.0,2.0,9.0,2.0,0.0,5.0,0.0,0.0,0.0,8.0
CHEMBL3416144,Inhibition,0.0,12.0,5.0,0.0,0.0,0.0,0.0,17.0,5.0,0.0,0.0,0.0,0.0,0.0,1.0,0.0,0.0,0.0,0.0,17.0,3.0,0.0,0.0,0.0,0.0,0.0,0.0,0.0,12.0,3.0,0.0,0.0,0.0,0.0,0.0,0.0,0.0,0.0,8.0,4.0,0.0,0.0,0.0,0.0,0.0,0.0,0.0,0.0,0.0,6.0,4.0,0.0,0.0,0.0,0.0,0.0,0.0,0.0,4.0,2.0,0.0,0.0,0.0,0.0,0.0,0.0,0.0,0.0,0.0,2.0,0.0,0.0,0.0,0.0,0.0,0.0,0.0,0.0,0.0,0.0,0.0,0.0,0.0,0.0,0.0,0.0,0.0,0.0,0.0,0.0,0.0,0.0,0.0,0.0,0.0,0.0,0.0,0.0,0.0,0.0,0.0,0.0,0.0,0.0,0.0,0.0,0.0,0.0,0.0,0.0,0.0,0.0,0.0,0.0,0.0,0.0,0.0,0.0,0.0,0.0,0.0,0.0,0.0,0.0,0.0,0.0,0.0,0.0,0.0,0.0,0.0,0.0,0.0,0.0,0.0,0.0,0.0,0.0,0.0,0.0,0.0,0.0,0.0,0.0,0.0,0.0,0.0,0.0,0.0,0.0,0.0,0.0,0.0,0.0,0.0,0.0,0.0,0.0,0.0,0.0,0.0,0.0,0.0,0.0,0.0,0.0,0.0,0.0,0.0,0.0,1.0,2.0,15.0,2.0,0.0,5.0,0.0,0.0,0.0,14.0
CHEMBL3330976,Inhibition,4.0,21.0,8.0,5.0,0.0,0.0,0.0,30.0,8.0,4.0,0.0,0.0,0.0,0.0,1.0,4.0,0.0,0.0,0.0,27.0,10.0,10.0,0.0,0.0,0.0,0.0,0.0,0.0,21.0,9.0,9.0,0.0,0.0,0.0,1.0,1.0,0.0,0.0,18.0,11.0,11.0,0.0,0.0,0.0,0.0,0.0,0.0,0.0,0.0,19.0,8.0,7.0,0.0,0.0,0.0,1.0,3.0,1.0,16.0,8.0,8.0,0.0,0.0,0.0,0.0,1.0,1.0,0.0,0.0,16.0,6.0,2.0,0.0,0.0,0.0,0.0,3.0,0.0,0.0,2.0,13.0,7.0,6.0,0.0,0.0,0.0,0.0,0.0,13.0,4.0,6.0,0.0,0.0,1.0,0.0,0.0,0.0,0.0,0.0,0.0,0.0,0.0,0.0,0.0,0.0,0.0,0.0,1.0,3.0,4.0,3.0,0.0,0.0,1.0,6.0,3.0,1.0,1.0,0.0,1.0,1.0,0.0,0.0,0.0,0.0,0.0,1.0,0.0,0.0,0.0,0.0,0.0,0.0,0.0,0.0,0.0,0.0,0.0,1.0,0.0,0.0,0.0,0.0,0.0,0.0,0.0,0.0,0.0,0.0,4.0,1.0,0.0,2.0,2.0,0.0,1.0,1.0,0.0,3.0,4.0,0.0,0.0,4.0,0.0,0.0,0.0,1.0,0.0,2.0,3.0,1.0,1.0,18.0,2.0,7.0,13.0,8.0,8.0,7.0,25.0
CHEMBL2152768,Inhibition,3.0,24.0,14.0,3.0,0.0,1.0,1.0,35.0,18.0,5.0,0.0,2.0,0.0,2.0,2.0,0.0,0.0,0.0,0.0,38.0,16.0,2.0,0.0,3.0,0.0,3.0,4.0,1.0,30.0,24.0,3.0,0.0,2.0,2.0,1.0,0.0,2.0,2.0,30.0,22.0,1.0,0.0,3.0,3.0,2.0,2.0,1.0,1.0,0.0,40.0,10.0,3.0,0.0,2.0,2.0,3.0,1.0,0.0,33.0,17.0,4.0,0.0,3.0,0.0,3.0,1.0,1.0,1.0,1.0,29.0,16.0,5.0,0.0,3.0,3.0,1.0,1.0,0.0,0.0,0.0,27.0,8.0,5.0,0.0,1.0,1.0,0.0,1.0,19.0,7.0,6.0,0.0,0.0,0.0,1.0,1.0,1.0,1.0,9.0,2.0,4.0,0.0,2.0,0.0,4.0,0.0,2.0,2.0,0.0,0.0,0.0,1.0,2.0,1.0,13.0,0.0,9.0,0.0,2.0,0.0,0.0,8.0,6.0,5.0,0.0,0.0,0.0,8.0,5.0,0.0,0.0,0.0,5.0,4.0,2.0,2.0,2.0,2.0,4.0,2.0,1.0,6.0,0.0,0.0,0.0,2.0,1.0,5.0,2.0,5.0,4.0,0.0,0.0,0.0,2.0,3.0,0.0,1.0,2.0,0.0,0.0,2.0,2.0,2.0,2.0,0.0,0.0,1.0,0.0,0.0,3.0,4.0,19.0,7.0,0.0,17.0,20.0,20.0,4.0,20.0
CHEMBL3593666,Inhibition,27.4,19.0,10.0,5.0,0.0,0.0,0.0,27.0,11.0,7.0,0.0,0.0,0.0,0.0,3.0,2.0,0.0,0.0,0.0,24.0,13.0,8.0,0.0,0.0,0.0,0.0,0.0,1.0,21.0,13.0,6.0,0.0,0.0,0.0,1.0,3.0,0.0,0.0,16.0,13.0,7.0,0.0,0.0,0.0,0.0,1.0,0.0,0.0,1.0,20.0,8.0,4.0,0.0,0.0,0.0,1.0,2.0,0.0,16.0,8.0,10.0,0.0,0.0,0.0,0.0,1.0,0.0,0.0,0.0,15.0,5.0,6.0,0.0,0.0,0.0,1.0,1.0,0.0,0.0,0.0,17.0,5.0,5.0,0.0,0.0,0.0,1.0,1.0,15.0,5.0,5.0,0.0,0.0,1.0,1.0,0.0,0.0,0.0,0.0,0.0,0.0,0.0,0.0,0.0,0.0,0.0,0.0,4.0,1.0,0.0,1.0,0.0,0.0,1.0,7.0,1.0,4.0,0.0,1.0,0.0,1.0,3.0,0.0,0.0,0.0,0.0,0.0,0.0,0.0,0.0,0.0,0.0,0.0,0.0,0.0,0.0,0.0,0.0,0.0,0.0,0.0,0.0,0.0,0.0,0.0,0.0,0.0,1.0,0.0,1.0,0.0,0.0,0.0,0.0,0.0,2.0,0.0,0.0,2.0,0.0,0.0,0.0,3.0,4.0,0.0,0.0,0.0,0.0,1.0,0.0,2.0,4.0,20.0,4.0,2.0,15.0,7.0,7.0,6.0,21.0
CHEMBL1957497,Inhibition,50.0,16.0,17.0,2.0,1.0,0.0,0.0,25.0,23.0,4.0,2.0,0.0,0.0,0.0,2.0,2.0,0.0,0.0,0.0,32.0,13.0,4.0,2.0,0.0,0.0,0.0,6.0,1.0,22.0,27.0,5.0,0.0,0.0,0.0,1.0,0.0,0.0,0.0,24.0,23.0,1.0,1.0,0.0,0.0,2.0,3.0,0.0,0.0,0.0,31.0,12.0,3.0,1.0,0.0,0.0,5.0,2.0,0.0,26.0,16.0,6.0,1.0,0.0,0.0,0.0,3.0,0.0,0.0,0.0,21.0,18.0,5.0,1.0,0.0,0.0,2.0,2.0,0.0,0.0,0.0,18.0,11.0,5.0,2.0,0.0,0.0,2.0,3.0,16.0,4.0,7.0,0.0,0.0,2.0,2.0,0.0,0.0,0.0,9.0,0.0,4.0,0.0,2.0,0.0,5.0,0.0,2.0,1.0,0.0,0.0,0.0,0.0,3.0,1.0,10.0,0.0,4.0,0.0,0.0,0.0,0.0,0.0,0.0,0.0,0.0,0.0,0.0,0.0,0.0,0.0,0.0,0.0,0.0,0.0,0.0,0.0,0.0,0.0,6.0,2.0,1.0,8.0,0.0,0.0,0.0,3.0,1.0,2.0,2.0,7.0,5.0,0.0,0.0,0.0,2.0,2.0,0.0,0.0,3.0,0.0,2.0,2.0,3.0,0.0,0.0,0.0,0.0,1.0,0.0,0.0,3.0,5.0,18.0,9.0,0.0,20.0,17.0,17.0,4.0,19.0
CHEMBL4755646,Inhibition,41.9,30.0,15.0,7.0,2.0,0.0,0.0,44.0,17.0,8.0,2.0,0.0,0.0,0.0,2.0,4.0,0.0,0.0,0.0,40.0,19.0,9.0,4.0,0.0,0.0,0.0,1.0,2.0,32.0,17.0,14.0,2.0,0.0,0.0,0.0,1.0,0.0,0.0,29.0,16.0,11.0,3.0,0.0,0.0,1.0,2.0,0.0,0.0,0.0,38.0,8.0,6.0,3.0,0.0,0.0,2.0,2.0,1.0,36.0,13.0,10.0,1.0,0.0,0.0,0.0,1.0,0.0,0.0,0.0,34.0,9.0,5.0,2.0,0.0,0.0,2.0,3.0,0.0,0.0,1.0,29.0,13.0,8.0,3.0,0.0,0.0,1.0,1.0,27.0,16.0,7.0,0.0,0.0,0.0,1.0,0.0,0.0,0.0,6.0,0.0,3.0,0.0,3.0,0.0,3.0,0.0,3.0,3.0,3.0,3.0,2.0,0.0,1.0,2.0,12.0,2.0,6.0,0.0,1.0,0.0,0.0,3.0,0.0,0.0,0.0,0.0,0.0,0.0,0.0,0.0,0.0,0.0,0.0,0.0,0.0,0.0,0.0,0.0,3.0,3.0,3.0,6.0,0.0,0.0,0.0,3.0,5.0,3.0,2.0,6.0,3.0,0.0,0.0,2.0,6.0,3.0,1.0,0.0,4.0,3.0,0.0,3.0,4.0,3.0,0.0,0.0,1.0,1.0,1.0,2.0,2.0,5.0,29.0,7.0,2.0,24.0,18.0,18.0,12.0,32.0
CHEMBL2012574,Inhibition,74.0,15.0,6.0,2.0,0.0,3.0,3.0,21.0,9.0,2.0,0.0,3.0,0.0,3.0,0.0,0.0,3.0,3.0,3.0,25.0,7.0,2.0,0.0,3.0,0.0,3.0,1.0,0.0,24.0,7.0,1.0,0.0,6.0,6.0,0.0,1.0,3.0,3.0,20.0,4.0,3.0,0.0,12.0,12.0,1.0,0.0,0.0,0.0,0.0,16.0,5.0,3.0,0.0,9.0,9.0,0.0,0.0,0.0,9.0,5.0,3.0,0.0,9.0,0.0,9.0,0.0,1.0,0.0,0.0,5.0,5.0,1.0,0.0,3.0,3.0,1.0,0.0,0.0,0.0,0.0,1.0,2.0,0.0,0.0,3.0,3.0,0.0,1.0,0.0,1.0,0.0,0.0,0.0,0.0,0.0,0.0,0.0,0.0,4.0,0.0,3.0,2.0,0.0,0.0,0.0,0.0,0.0,1.0,0.0,0.0,0.0,3.0,0.0,1.0,6.0,0.0,3.0,0.0,0.0,0.0,0.0,2.0,0.0,0.0,0.0,0.0,0.0,1.0,0.0,0.0,0.0,0.0,0.0,1.0,0.0,1.0,0.0,0.0,1.0,0.0,0.0,0.0,0.0,0.0,0.0,0.0,0.0,0.0,0.0,1.0,0.0,0.0,0.0,0.0,0.0,1.0,1.0,3.0,1.0,0.0,0.0,0.0,1.0,0.0,2.0,3.0,1.0,0.0,0.0,0.0,1.0,2.0,13.0,2.0,0.0,8.0,6.0,6.0,6.0,13.0
CHEMBL2206008,Inhibition,100.0,19.0,5.0,3.0,0.0,0.0,1.0,25.0,6.0,4.0,0.0,0.0,2.0,2.0,0.0,1.0,0.0,0.0,0.0,27.0,3.0,5.0,0.0,0.0,2.0,2.0,0.0,1.0,21.0,3.0,6.0,0.0,0.0,2.0,0.0,0.0,0.0,0.0,17.0,4.0,7.0,0.0,0.0,2.0,0.0,0.0,0.0,1.0,0.0,19.0,4.0,3.0,0.0,0.0,1.0,0.0,0.0,0.0,18.0,2.0,3.0,0.0,0.0,2.0,2.0,0.0,0.0,0.0,0.0,13.0,1.0,2.0,0.0,0.0,2.0,0.0,1.0,0.0,0.0,1.0,9.0,2.0,3.0,0.0,0.0,1.0,0.0,0.0,8.0,3.0,2.0,0.0,0.0,0.0,0.0,0.0,0.0,0.0,4.0,0.0,1.0,0.0,1.0,0.0,3.0,0.0,1.0,2.0,1.0,1.0,1.0,0.0,1.0,1.0,9.0,1.0,4.0,1.0,0.0,1.0,1.0,0.0,0.0,0.0,0.0,0.0,1.0,0.0,0.0,0.0,0.0,0.0,0.0,0.0,0.0,0.0,0.0,0.0,4.0,3.0,3.0,6.0,0.0,0.0,0.0,3.0,2.0,1.0,0.0,4.0,3.0,0.0,0.0,1.0,2.0,1.0,1.0,0.0,2.0,1.0,0.0,1.0,2.0,2.0,0.0,0.0,1.0,1.0,1.0,1.0,0.0,0.0,12.0,1.0,5.0,8.0,10.0,10.0,7.0,17.0
CHEMBL1084036,Inhibition,53.0,19.0,15.0,1.0,0.0,3.0,3.0,28.0,18.0,0.0,0.0,3.0,0.0,3.0,4.0,2.0,3.0,3.0,3.0,26.0,16.0,2.0,0.0,6.0,0.0,6.0,3.0,0.0,20.0,20.0,4.0,0.0,6.0,6.0,1.0,0.0,0.0,0.0,24.0,15.0,4.0,0.0,3.0,3.0,0.0,0.0,6.0,6.0,0.0,20.0,12.0,4.0,0.0,9.0,9.0,4.0,1.0,0.0,16.0,14.0,3.0,0.0,3.0,0.0,3.0,0.0,0.0,6.0,6.0,18.0,5.0,1.0,0.0,6.0,6.0,4.0,3.0,0.0,0.0,0.0,16.0,9.0,3.0,0.0,6.0,6.0,1.0,0.0,15.0,10.0,1.0,6.0,6.0,1.0,1.0,0.0,0.0,0.0,0.0,0.0,0.0,0.0,0.0,0.0,0.0,0.0,0.0,2.0,1.0,0.0,0.0,3.0,0.0,0.0,4.0,0.0,0.0,0.0,0.0,0.0,0.0,0.0,0.0,0.0,0.0,0.0,0.0,0.0,0.0,0.0,0.0,0.0,0.0,0.0,0.0,0.0,0.0,0.0,0.0,0.0,0.0,0.0,0.0,0.0,0.0,0.0,0.0,0.0,0.0,1.0,0.0,0.0,0.0,1.0,0.0,1.0,0.0,3.0,2.0,0.0,0.0,0.0,1.0,2.0,0.0,3.0,0.0,0.0,0.0,0.0,3.0,6.0,25.0,6.0,2.0,16.0,9.0,9.0,4.0,25.0
CHEMBL1822258,Inhibition,77.0,18.0,7.0,3.0,1.0,3.0,3.0,22.0,12.0,4.0,3.0,6.0,0.0,6.0,1.0,4.0,0.0,0.0,0.0,16.0,13.0,11.0,4.0,8.0,0.0,8.0,2.0,1.0,13.0,13.0,13.0,3.0,3.0,3.0,0.0,1.0,2.0,2.0,18.0,4.0,9.0,2.0,3.0,3.0,3.0,3.0,2.0,2.0,0.0,21.0,6.0,7.0,0.0,7.0,7.0,0.0,0.0,0.0,19.0,7.0,2.0,1.0,7.0,0.0,7.0,0.0,4.0,2.0,2.0,13.0,8.0,7.0,2.0,9.0,9.0,1.0,0.0,0.0,0.0,0.0,10.0,8.0,8.0,1.0,4.0,4.0,0.0,0.0,9.0,4.0,4.0,3.0,3.0,2.0,3.0,1.0,1.0,0.0,0.0,0.0,0.0,0.0,0.0,0.0,0.0,0.0,0.0,1.0,2.0,1.0,1.0,3.0,0.0,1.0,2.0,1.0,0.0,0.0,0.0,0.0,0.0,0.0,0.0,0.0,0.0,0.0,0.0,0.0,0.0,0.0,0.0,0.0,0.0,0.0,0.0,0.0,0.0,0.0,0.0,0.0,0.0,0.0,0.0,0.0,0.0,0.0,0.0,0.0,0.0,1.0,0.0,0.0,0.0,0.0,0.0,1.0,0.0,3.0,2.0,1.0,0.0,0.0,4.0,0.0,0.0,0.0,1.0,0.0,1.0,2.0,2.0,3.0,21.0,3.0,6.0,11.0,7.0,7.0,7.0,23.0
CHEMBL1173159,Inhibition,15.9,22.0,7.0,2.0,0.0,0.0,0.0,29.0,9.0,3.0,0.0,0.0,0.0,0.0,1.0,3.0,0.0,0.0,0.0,25.0,11.0,9.0,0.0,0.0,0.0,0.0,0.0,0.0,19.0,9.0,11.0,0.0,0.0,0.0,1.0,0.0,0.0,0.0,18.0,10.0,10.0,0.0,0.0,0.0,0.0,0.0,0.0,0.0,0.0,21.0,6.0,6.0,0.0,0.0,0.0,1.0,2.0,0.0,19.0,7.0,6.0,0.0,0.0,0.0,0.0,0.0,0.0,0.0,0.0,15.0,7.0,5.0,0.0,0.0,0.0,1.0,2.0,0.0,0.0,1.0,12.0,7.0,6.0,0.0,0.0,0.0,0.0,2.0,10.0,5.0,8.0,0.0,0.0,0.0,0.0,0.0,0.0,0.0,0.0,0.0,0.0,0.0,0.0,0.0,0.0,0.0,0.0,0.0,2.0,1.0,1.0,0.0,0.0,0.0,4.0,1.0,1.0,1.0,0.0,1.0,1.0,0.0,0.0,0.0,0.0,0.0,1.0,0.0,0.0,0.0,0.0,0.0,0.0,0.0,0.0,0.0,0.0,0.0,1.0,0.0,0.0,0.0,0.0,0.0,0.0,0.0,0.0,0.0,0.0,2.0,0.0,0.0,0.0,2.0,0.0,1.0,0.0,0.0,4.0,1.0,0.0,0.0,4.0,0.0,0.0,0.0,0.0,0.0,1.0,1.0,0.0,0.0,18.0,1.0,9.0,9.0,6.0,6.0,5.0,25.0
CHEMBL1173668,Inhibition,0.0,22.0,6.0,2.0,0.0,0.0,1.0,29.0,7.0,1.0,0.0,0.0,2.0,2.0,1.0,3.0,0.0,0.0,0.0,25.0,9.0,5.0,0.0,0.0,2.0,2.0,0.0,0.0,19.0,9.0,7.0,0.0,0.0,1.0,0.0,0.0,0.0,0.0,19.0,8.0,8.0,0.0,0.0,0.0,1.0,0.0,0.0,1.0,0.0,21.0,7.0,5.0,0.0,0.0,1.0,0.0,1.0,0.0,20.0,5.0,4.0,0.0,0.0,0.0,0.0,1.0,1.0,0.0,1.0,18.0,4.0,1.0,0.0,0.0,1.0,0.0,1.0,0.0,0.0,1.0,14.0,5.0,3.0,0.0,0.0,2.0,0.0,0.0,11.0,4.0,4.0,0.0,2.0,0.0,0.0,0.0,0.0,0.0,0.0,0.0,0.0,0.0,0.0,0.0,0.0,0.0,0.0,0.0,2.0,1.0,1.0,0.0,0.0,0.0,4.0,1.0,1.0,1.0,0.0,1.0,1.0,0.0,0.0,0.0,0.0,0.0,1.0,0.0,0.0,0.0,0.0,0.0,0.0,0.0,0.0,0.0,0.0,0.0,1.0,0.0,0.0,0.0,0.0,0.0,0.0,0.0,0.0,0.0,0.0,2.0,0.0,0.0,0.0,2.0,0.0,1.0,0.0,0.0,3.0,1.0,0.0,0.0,2.0,0.0,0.0,0.0,0.0,0.0,1.0,1.0,0.0,0.0,18.0,1.0,7.0,8.0,6.0,6.0,4.0,24.0
CHEMBL3746973,Inhibition,8.0,21.0,12.0,3.0,0.0,2.0,2.0,30.0,10.0,5.0,0.0,4.0,0.0,4.0,4.0,1.0,0.0,0.0,0.0,26.0,18.0,6.0,0.0,4.0,0.0,4.0,0.0,1.0,26.0,10.0,6.0,0.0,3.0,3.0,2.0,1.0,0.0,0.0,25.0,12.0,4.0,0.0,2.0,2.0,1.0,2.0,0.0,0.0,0.0,23.0,12.0,3.0,0.0,2.0,2.0,0.0,2.0,0.0,22.0,9.0,2.0,0.0,5.0,0.0,5.0,2.0,1.0,0.0,0.0,16.0,13.0,3.0,0.0,1.0,1.0,0.0,0.0,3.0,3.0,0.0,13.0,9.0,4.0,0.0,4.0,4.0,1.0,0.0,12.0,9.0,3.0,0.0,0.0,0.0,0.0,3.0,3.0,0.0,5.0,0.0,4.0,3.0,0.0,0.0,1.0,0.0,0.0,1.0,1.0,0.0,0.0,2.0,1.0,1.0,9.0,1.0,5.0,0.0,0.0,1.0,0.0,3.0,0.0,0.0,0.0,0.0,0.0,2.0,1.0,0.0,0.0,0.0,1.0,2.0,0.0,2.0,0.0,0.0,2.0,0.0,0.0,2.0,0.0,0.0,0.0,1.0,0.0,1.0,0.0,4.0,2.0,0.0,1.0,2.0,0.0,1.0,1.0,2.0,3.0,1.0,0.0,0.0,2.0,0.0,3.0,0.0,0.0,1.0,1.0,0.0,2.0,2.0,18.0,4.0,8.0,15.0,10.0,10.0,5.0,21.0
CHEMBL3745857,Inhibition,4.0,12.0,12.0,3.0,0.0,2.0,2.0,21.0,6.0,5.0,0.0,4.0,0.0,4.0,4.0,1.0,0.0,0.0,0.0,16.0,13.0,6.0,0.0,4.0,0.0,4.0,1.0,1.0,15.0,9.0,6.0,0.0,3.0,3.0,2.0,1.0,0.0,0.0,16.0,8.0,4.0,0.0,2.0,2.0,2.0,2.0,0.0,0.0,0.0,14.0,12.0,3.0,0.0,2.0,2.0,0.0,2.0,0.0,16.0,6.0,2.0,0.0,5.0,0.0,5.0,1.0,1.0,0.0,0.0,8.0,10.0,2.0,0.0,1.0,1.0,0.0,0.0,3.0,3.0,0.0,9.0,5.0,1.0,0.0,4.0,4.0,0.0,1.0,6.0,2.0,2.0,0.0,0.0,0.0,1.0,3.0,3.0,0.0,2.0,0.0,1.0,0.0,0.0,1.0,0.0,1.0,0.0,3.0,1.0,0.0,0.0,2.0,1.0,1.0,8.0,1.0,2.0,0.0,0.0,1.0,1.0,0.0,0.0,0.0,0.0,0.0,0.0,0.0,0.0,0.0,0.0,0.0,0.0,0.0,0.0,0.0,0.0,0.0,2.0,1.0,0.0,2.0,0.0,0.0,0.0,0.0,0.0,1.0,0.0,5.0,3.0,0.0,0.0,0.0,0.0,1.0,1.0,2.0,3.0,0.0,1.0,0.0,2.0,0.0,0.0,0.0,0.0,1.0,0.0,1.0,2.0,2.0,12.0,3.0,6.0,15.0,8.0,8.0,6.0,15.0
CHEMBL3593662,Inhibition,69.0,19.0,10.0,2.0,0.0,0.0,0.0,28.0,11.0,3.0,0.0,0.0,0.0,0.0,3.0,2.0,0.0,0.0,0.0,23.0,13.0,5.0,0.0,0.0,0.0,0.0,0.0,1.0,17.0,15.0,4.0,0.0,0.0,0.0,1.0,1.0,0.0,0.0,16.0,11.0,3.0,0.0,0.0,0.0,0.0,1.0,0.0,0.0,1.0,19.0,6.0,3.0,0.0,0.0,0.0,1.0,0.0,0.0,15.0,8.0,6.0,0.0,0.0,0.0,0.0,1.0,0.0,0.0,0.0,14.0,5.0,3.0,0.0,0.0,0.0,1.0,1.0,0.0,0.0,0.0,14.0,5.0,2.0,0.0,0.0,0.0,1.0,1.0,12.0,6.0,3.0,0.0,0.0,1.0,0.0,0.0,0.0,0.0,0.0,0.0,0.0,0.0,0.0,0.0,0.0,0.0,0.0,4.0,1.0,0.0,0.0,0.0,0.0,0.0,6.0,0.0,3.0,0.0,1.0,0.0,0.0,3.0,0.0,0.0,0.0,0.0,0.0,0.0,0.0,0.0,0.0,0.0,0.0,0.0,0.0,0.0,0.0,0.0,0.0,0.0,0.0,0.0,0.0,0.0,0.0,0.0,0.0,0.0,0.0,1.0,0.0,0.0,0.0,1.0,0.0,1.0,0.0,0.0,2.0,0.0,0.0,0.0,1.0,4.0,0.0,0.0,0.0,0.0,0.0,0.0,2.0,4.0,20.0,4.0,2.0,12.0,7.0,7.0,4.0,20.0
CHEMBL4437369,Inhibition,25.1,19.0,12.0,1.0,0.0,0.0,0.0,28.0,11.0,1.0,0.0,0.0,0.0,0.0,3.0,1.0,0.0,0.0,0.0,24.0,17.0,3.0,0.0,0.0,0.0,0.0,0.0,0.0,20.0,12.0,4.0,0.0,0.0,0.0,1.0,0.0,0.0,0.0,20.0,10.0,3.0,0.0,0.0,0.0,0.0,0.0,0.0,0.0,0.0,23.0,7.0,1.0,0.0,0.0,0.0,0.0,1.0,0.0,23.0,4.0,1.0,0.0,0.0,0.0,0.0,1.0,1.0,0.0,0.0,19.0,6.0,1.0,0.0,0.0,0.0,0.0,0.0,0.0,0.0,0.0,15.0,3.0,0.0,0.0,0.0,0.0,2.0,2.0,8.0,8.0,3.0,0.0,0.0,0.0,0.0,0.0,0.0,1.0,6.0,2.0,2.0,0.0,0.0,1.0,1.0,2.0,0.0,2.0,2.0,1.0,1.0,0.0,1.0,0.0,10.0,1.0,5.0,0.0,0.0,0.0,0.0,3.0,0.0,0.0,2.0,0.0,0.0,2.0,1.0,0.0,0.0,0.0,1.0,2.0,0.0,4.0,2.0,0.0,4.0,2.0,1.0,6.0,0.0,0.0,2.0,1.0,0.0,0.0,0.0,6.0,4.0,1.0,1.0,0.0,0.0,0.0,0.0,0.0,3.0,1.0,0.0,0.0,1.0,1.0,2.0,0.0,0.0,1.0,1.0,2.0,1.0,2.0,15.0,3.0,2.0,13.0,14.0,14.0,7.0,19.0
CHEMBL4454055,Inhibition,45.09,18.0,17.0,2.0,0.0,0.0,0.0,30.0,14.0,1.0,0.0,0.0,0.0,0.0,5.0,3.0,0.0,0.0,0.0,23.0,21.0,7.0,0.0,0.0,0.0,0.0,2.0,0.0,22.0,16.0,7.0,0.0,0.0,0.0,3.0,1.0,0.0,0.0,23.0,16.0,6.0,0.0,0.0,0.0,1.0,1.0,0.0,0.0,0.0,25.0,11.0,0.0,0.0,0.0,0.0,1.0,3.0,0.0,18.0,14.0,3.0,0.0,0.0,0.0,0.0,0.0,0.0,0.0,0.0,20.0,7.0,2.0,0.0,0.0,0.0,2.0,2.0,0.0,0.0,0.0,17.0,9.0,4.0,0.0,0.0,0.0,0.0,0.0,14.0,6.0,2.0,0.0,0.0,2.0,1.0,0.0,0.0,2.0,8.0,4.0,5.0,1.0,0.0,0.0,1.0,2.0,0.0,2.0,2.0,1.0,2.0,0.0,3.0,0.0,14.0,2.0,9.0,0.0,0.0,0.0,0.0,8.0,0.0,0.0,4.0,0.0,0.0,7.0,2.0,0.0,0.0,0.0,2.0,4.0,0.0,6.0,2.0,0.0,6.0,2.0,1.0,8.0,0.0,0.0,4.0,1.0,0.0,0.0,0.0,9.0,6.0,2.0,3.0,0.0,0.0,0.0,0.0,0.0,5.0,3.0,0.0,0.0,2.0,0.0,6.0,0.0,0.0,1.0,1.0,2.0,2.0,2.0,12.0,5.0,4.0,19.0,18.0,18.0,6.0,19.0
CHEMBL4592500,Inhibition,22.9,20.0,17.0,5.0,0.0,0.0,0.0,29.0,15.0,6.0,0.0,0.0,0.0,0.0,5.0,2.0,0.0,0.0,0.0,31.0,19.0,5.0,0.0,0.0,0.0,0.0,1.0,1.0,28.0,16.0,6.0,0.0,0.0,0.0,2.0,0.0,0.0,0.0,29.0,12.0,4.0,0.0,0.0,0.0,3.0,2.0,0.0,0.0,0.0,21.0,18.0,5.0,0.0,0.0,0.0,0.0,0.0,0.0,22.0,9.0,2.0,0.0,0.0,0.0,0.0,5.0,2.0,0.0,0.0,18.0,16.0,5.0,0.0,0.0,0.0,0.0,1.0,0.0,0.0,0.0,19.0,12.0,5.0,0.0,0.0,0.0,3.0,2.0,23.0,11.0,1.0,0.0,0.0,0.0,3.0,0.0,0.0,1.0,8.0,0.0,4.0,0.0,2.0,0.0,3.0,0.0,2.0,2.0,2.0,1.0,1.0,0.0,3.0,2.0,12.0,1.0,6.0,0.0,0.0,0.0,0.0,1.0,0.0,0.0,0.0,0.0,0.0,0.0,0.0,0.0,0.0,0.0,0.0,0.0,0.0,0.0,0.0,0.0,6.0,2.0,1.0,8.0,0.0,0.0,2.0,3.0,1.0,4.0,2.0,8.0,5.0,0.0,2.0,3.0,2.0,3.0,1.0,0.0,5.0,2.0,2.0,2.0,3.0,2.0,0.0,0.0,1.0,1.0,0.0,0.0,2.0,2.0,18.0,6.0,0.0,22.0,19.0,19.0,9.0,23.0
CHEMBL4474522,Inhibition,36.5,19.0,17.0,3.0,0.0,3.0,3.0,29.0,15.0,2.0,0.0,3.0,0.0,3.0,5.0,2.0,3.0,3.0,3.0,29.0,19.0,3.0,0.0,6.0,0.0,6.0,1.0,1.0,23.0,16.0,5.0,0.0,6.0,6.0,2.0,0.0,0.0,0.0,24.0,13.0,4.0,0.0,3.0,3.0,3.0,1.0,0.0,0.0,0.0,20.0,17.0,4.0,0.0,0.0,0.0,0.0,0.0,0.0,21.0,8.0,3.0,0.0,3.0,0.0,3.0,5.0,1.0,0.0,0.0,18.0,15.0,2.0,0.0,0.0,0.0,0.0,1.0,3.0,3.0,0.0,19.0,10.0,1.0,0.0,6.0,6.0,3.0,2.0,17.0,12.0,1.0,6.0,6.0,0.0,2.0,0.0,0.0,0.0,8.0,0.0,4.0,0.0,2.0,0.0,3.0,0.0,2.0,0.0,2.0,1.0,1.0,3.0,3.0,1.0,10.0,1.0,4.0,0.0,0.0,0.0,0.0,0.0,0.0,0.0,0.0,0.0,0.0,0.0,0.0,0.0,0.0,0.0,0.0,0.0,0.0,0.0,0.0,0.0,6.0,2.0,1.0,8.0,0.0,0.0,2.0,3.0,1.0,2.0,2.0,8.0,5.0,0.0,2.0,3.0,2.0,2.0,0.0,3.0,5.0,2.0,2.0,2.0,2.0,0.0,0.0,3.0,0.0,1.0,0.0,0.0,2.0,2.0,18.0,6.0,0.0,20.0,16.0,16.0,8.0,23.0
CHEMBL4554852,Inhibition,13.8,20.0,17.0,4.0,0.0,0.0,0.0,30.0,15.0,4.0,0.0,0.0,0.0,0.0,5.0,2.0,0.0,0.0,0.0,31.0,20.0,5.0,0.0,0.0,0.0,0.0,1.0,1.0,26.0,17.0,7.0,0.0,0.0,0.0,2.0,1.0,0.0,0.0,26.0,13.0,7.0,0.0,0.0,0.0,3.0,1.0,0.0,0.0,0.0,21.0,18.0,5.0,0.0,0.0,0.0,0.0,1.0,1.0,25.0,7.0,4.0,0.0,0.0,0.0,0.0,5.0,1.0,0.0,0.0,18.0,16.0,4.0,0.0,0.0,0.0,0.0,1.0,0.0,0.0,0.0,18.0,11.0,1.0,0.0,0.0,0.0,3.0,3.0,19.0,12.0,2.0,0.0,0.0,0.0,2.0,0.0,0.0,0.0,8.0,0.0,4.0,0.0,2.0,0.0,3.0,0.0,2.0,1.0,2.0,1.0,2.0,0.0,3.0,1.0,11.0,2.0,5.0,0.0,0.0,0.0,1.0,0.0,0.0,0.0,0.0,0.0,1.0,0.0,0.0,0.0,0.0,0.0,0.0,0.0,0.0,0.0,0.0,0.0,6.0,2.0,1.0,8.0,0.0,0.0,2.0,3.0,1.0,2.0,2.0,8.0,5.0,0.0,2.0,3.0,2.0,2.0,0.0,0.0,5.0,2.0,2.0,2.0,3.0,1.0,0.0,0.0,0.0,1.0,0.0,2.0,2.0,2.0,18.0,6.0,2.0,21.0,17.0,17.0,8.0,23.0
CHEMBL3322567,Inhibition,56.0,24.0,8.0,3.0,0.0,1.0,1.0,30.0,12.0,3.0,0.0,2.0,0.0,2.0,0.0,3.0,0.0,0.0,0.0,23.0,14.0,11.0,0.0,2.0,0.0,2.0,0.0,0.0,25.0,6.0,7.0,0.0,1.0,1.0,2.0,2.0,0.0,0.0,27.0,8.0,9.0,0.0,0.0,0.0,1.0,1.0,1.0,1.0,0.0,24.0,10.0,8.0,0.0,1.0,1.0,0.0,2.0,0.0,18.0,9.0,7.0,0.0,1.0,0.0,1.0,0.0,0.0,0.0,0.0,18.0,3.0,4.0,0.0,3.0,3.0,2.0,1.0,0.0,0.0,1.0,15.0,6.0,6.0,0.0,0.0,0.0,0.0,0.0,16.0,4.0,2.0,1.0,1.0,0.0,2.0,0.0,0.0,0.0,1.0,0.0,0.0,0.0,0.0,0.0,0.0,0.0,0.0,0.0,3.0,3.0,3.0,1.0,0.0,0.0,8.0,3.0,6.0,3.0,5.0,1.0,3.0,6.0,1.0,0.0,0.0,6.0,1.0,2.0,0.0,0.0,0.0,0.0,0.0,2.0,0.0,6.0,0.0,0.0,3.0,0.0,0.0,0.0,0.0,0.0,0.0,0.0,0.0,0.0,0.0,3.0,0.0,0.0,0.0,3.0,0.0,0.0,0.0,1.0,3.0,3.0,0.0,0.0,3.0,0.0,1.0,0.0,0.0,0.0,3.0,1.0,0.0,1.0,17.0,2.0,5.0,11.0,12.0,12.0,7.0,28.0
CHEMBL484707,Inhibition,0.0,22.0,12.0,1.0,0.0,0.0,0.0,32.0,11.0,1.0,0.0,0.0,0.0,0.0,3.0,1.0,0.0,0.0,0.0,26.0,19.0,4.0,0.0,0.0,0.0,0.0,0.0,0.0,33.0,10.0,4.0,0.0,0.0,0.0,3.0,0.0,0.0,0.0,34.0,11.0,5.0,0.0,0.0,0.0,1.0,1.0,0.0,0.0,0.0,32.0,15.0,1.0,0.0,0.0,0.0,0.0,0.0,0.0,26.0,11.0,1.0,0.0,0.0,0.0,0.0,1.0,1.0,0.0,0.0,18.0,16.0,2.0,0.0,0.0,0.0,0.0,0.0,0.0,0.0,0.0,24.0,2.0,0.0,0.0,0.0,0.0,2.0,2.0,20.0,10.0,2.0,0.0,0.0,0.0,0.0,0.0,0.0,2.0,2.0,2.0,0.0,0.0,0.0,0.0,1.0,0.0,0.0,6.0,1.0,0.0,1.0,0.0,2.0,0.0,11.0,1.0,6.0,0.0,2.0,0.0,0.0,6.0,0.0,0.0,0.0,0.0,0.0,0.0,0.0,0.0,0.0,0.0,0.0,0.0,0.0,4.0,4.0,0.0,2.0,2.0,1.0,4.0,0.0,0.0,2.0,1.0,0.0,0.0,0.0,4.0,3.0,0.0,2.0,1.0,0.0,0.0,0.0,0.0,3.0,1.0,0.0,0.0,1.0,5.0,0.0,0.0,0.0,0.0,1.0,2.0,2.0,2.0,18.0,2.0,2.0,13.0,12.0,12.0,10.0,22.0
CHEMBL4227266,Inhibition,74.0,16.0,19.0,1.0,0.0,3.0,3.0,27.0,15.0,0.0,0.0,3.0,0.0,3.0,5.0,2.0,3.0,3.0,3.0,27.0,17.0,2.0,0.0,6.0,0.0,6.0,2.0,0.0,22.0,16.0,4.0,0.0,9.0,9.0,2.0,0.0,0.0,0.0,23.0,13.0,3.0,0.0,3.0,3.0,2.0,1.0,6.0,6.0,0.0,21.0,13.0,3.0,0.0,9.0,9.0,1.0,0.0,0.0,18.0,10.0,2.0,0.0,6.0,0.0,6.0,3.0,1.0,3.0,3.0,17.0,11.0,2.0,0.0,3.0,3.0,1.0,1.0,3.0,3.0,0.0,17.0,7.0,2.0,0.0,9.0,9.0,3.0,2.0,12.0,12.0,3.0,6.0,6.0,0.0,0.0,3.0,3.0,1.0,9.0,2.0,3.0,0.0,0.0,0.0,7.0,0.0,0.0,2.0,3.0,2.0,1.0,3.0,3.0,0.0,14.0,1.0,6.0,0.0,0.0,0.0,0.0,2.0,0.0,0.0,1.0,0.0,0.0,1.0,0.0,0.0,0.0,0.0,0.0,1.0,0.0,3.0,0.0,0.0,9.0,5.0,4.0,14.0,0.0,0.0,2.0,5.0,0.0,0.0,0.0,12.0,8.0,1.0,1.0,1.0,0.0,0.0,0.0,3.0,6.0,2.0,3.0,0.0,1.0,1.0,1.0,3.0,0.0,2.0,0.0,0.0,2.0,2.0,12.0,5.0,0.0,20.0,21.0,21.0,10.0,19.0
CHEMBL573177,Inhibition,93.0,22.0,11.0,3.0,0.0,0.0,0.0,30.0,13.0,4.0,0.0,0.0,0.0,0.0,1.0,2.0,0.0,0.0,0.0,25.0,12.0,6.0,0.0,0.0,0.0,0.0,2.0,2.0,20.0,13.0,6.0,0.0,0.0,0.0,1.0,1.0,0.0,0.0,20.0,13.0,7.0,0.0,0.0,0.0,0.0,0.0,0.0,0.0,0.0,23.0,12.0,4.0,0.0,0.0,0.0,1.0,1.0,0.0,23.0,11.0,2.0,0.0,0.0,0.0,0.0,3.0,1.0,0.0,0.0,20.0,11.0,2.0,0.0,0.0,0.0,1.0,1.0,0.0,0.0,0.0,18.0,7.0,1.0,0.0,0.0,0.0,0.0,1.0,15.0,7.0,2.0,0.0,0.0,1.0,1.0,0.0,0.0,1.0,4.0,3.0,1.0,0.0,0.0,3.0,0.0,0.0,0.0,0.0,2.0,1.0,1.0,0.0,0.0,1.0,6.0,1.0,4.0,0.0,1.0,0.0,0.0,4.0,1.0,0.0,0.0,0.0,0.0,2.0,0.0,0.0,0.0,0.0,0.0,3.0,0.0,5.0,0.0,0.0,3.0,0.0,0.0,3.0,0.0,0.0,1.0,1.0,0.0,0.0,0.0,4.0,2.0,0.0,1.0,0.0,0.0,0.0,0.0,0.0,3.0,1.0,0.0,0.0,2.0,0.0,1.0,0.0,0.0,0.0,1.0,2.0,2.0,3.0,21.0,4.0,2.0,14.0,11.0,11.0,6.0,23.0
CHEMBL4278763,Inhibition,49.0,28.0,6.0,0.0,1.0,0.0,0.0,38.0,12.0,2.0,2.0,0.0,0.0,0.0,1.0,2.0,0.0,0.0,0.0,39.0,14.0,4.0,3.0,0.0,0.0,0.0,1.0,0.0,33.0,17.0,6.0,3.0,0.0,0.0,0.0,0.0,0.0,0.0,25.0,19.0,6.0,2.0,0.0,0.0,0.0,0.0,0.0,0.0,0.0,22.0,16.0,4.0,2.0,0.0,0.0,0.0,0.0,0.0,23.0,10.0,4.0,0.0,0.0,0.0,0.0,0.0,0.0,0.0,0.0,19.0,5.0,0.0,2.0,0.0,0.0,5.0,6.0,0.0,0.0,0.0,19.0,7.0,4.0,1.0,0.0,0.0,1.0,0.0,21.0,4.0,2.0,0.0,0.0,0.0,0.0,0.0,0.0,0.0,3.0,0.0,1.0,0.0,0.0,0.0,0.0,0.0,0.0,0.0,0.0,0.0,0.0,0.0,0.0,0.0,4.0,0.0,4.0,0.0,0.0,0.0,0.0,4.0,0.0,0.0,1.0,0.0,2.0,1.0,0.0,0.0,0.0,0.0,0.0,1.0,0.0,2.0,0.0,0.0,2.0,0.0,0.0,0.0,0.0,0.0,0.0,0.0,0.0,0.0,0.0,1.0,0.0,0.0,0.0,0.0,0.0,0.0,0.0,0.0,2.0,0.0,0.0,0.0,2.0,0.0,3.0,0.0,0.0,0.0,0.0,0.0,2.0,3.0,25.0,3.0,4.0,7.0,6.0,6.0,2.0,25.0
CHEMBL499865,Inhibition,0.0,21.0,14.0,3.0,0.0,0.0,0.0,29.0,13.0,3.0,0.0,0.0,0.0,0.0,5.0,1.0,0.0,0.0,0.0,26.0,19.0,6.0,0.0,0.0,0.0,0.0,0.0,0.0,25.0,11.0,4.0,0.0,0.0,0.0,6.0,1.0,0.0,0.0,26.0,16.0,3.0,0.0,0.0,0.0,1.0,1.0,0.0,0.0,0.0,24.0,20.0,3.0,0.0,0.0,0.0,0.0,2.0,0.0,22.0,17.0,5.0,0.0,0.0,0.0,0.0,1.0,1.0,0.0,0.0,21.0,16.0,3.0,0.0,0.0,0.0,0.0,3.0,0.0,0.0,0.0,24.0,6.0,1.0,0.0,0.0,0.0,4.0,3.0,19.0,11.0,3.0,0.0,0.0,0.0,0.0,0.0,0.0,0.0,2.0,0.0,1.0,0.0,0.0,0.0,0.0,1.0,0.0,2.0,2.0,0.0,1.0,0.0,1.0,1.0,5.0,1.0,1.0,0.0,0.0,0.0,0.0,0.0,0.0,0.0,0.0,0.0,0.0,0.0,0.0,0.0,0.0,0.0,0.0,0.0,0.0,0.0,0.0,0.0,1.0,1.0,0.0,2.0,0.0,0.0,1.0,0.0,0.0,0.0,0.0,3.0,3.0,0.0,2.0,0.0,0.0,1.0,1.0,0.0,4.0,1.0,0.0,0.0,2.0,0.0,1.0,0.0,1.0,0.0,1.0,2.0,3.0,3.0,24.0,3.0,2.0,17.0,10.0,10.0,10.0,25.0
CHEMBL483507,Inhibition,98.0,21.0,15.0,1.0,2.0,0.0,0.0,30.0,14.0,1.0,2.0,0.0,0.0,0.0,4.0,1.0,0.0,0.0,0.0,25.0,20.0,4.0,2.0,0.0,0.0,0.0,0.0,0.0,23.0,14.0,3.0,1.0,0.0,0.0,3.0,0.0,0.0,0.0,24.0,15.0,2.0,1.0,0.0,0.0,2.0,1.0,0.0,0.0,0.0,24.0,17.0,2.0,1.0,0.0,0.0,0.0,1.0,0.0,24.0,11.0,2.0,2.0,0.0,0.0,0.0,3.0,2.0,0.0,0.0,21.0,15.0,3.0,0.0,0.0,0.0,0.0,0.0,0.0,0.0,0.0,23.0,7.0,1.0,1.0,0.0,0.0,4.0,1.0,20.0,9.0,1.0,0.0,0.0,0.0,0.0,0.0,0.0,0.0,2.0,0.0,1.0,0.0,0.0,0.0,0.0,1.0,0.0,1.0,2.0,0.0,1.0,0.0,1.0,0.0,4.0,1.0,1.0,0.0,0.0,0.0,0.0,0.0,0.0,0.0,0.0,0.0,0.0,0.0,0.0,0.0,0.0,0.0,0.0,0.0,0.0,0.0,0.0,0.0,1.0,1.0,0.0,2.0,0.0,0.0,1.0,0.0,0.0,0.0,0.0,3.0,3.0,0.0,2.0,0.0,0.0,0.0,0.0,0.0,3.0,1.0,0.0,0.0,1.0,0.0,1.0,0.0,0.0,0.0,1.0,2.0,4.0,5.0,27.0,5.0,2.0,18.0,8.0,8.0,9.0,26.0
CHEMBL526914,Inhibition,11.0,21.0,13.0,3.0,0.0,0.0,0.0,30.0,13.0,2.0,0.0,0.0,0.0,0.0,3.0,2.0,0.0,0.0,0.0,28.0,17.0,4.0,0.0,0.0,0.0,0.0,1.0,0.0,26.0,11.0,5.0,0.0,0.0,0.0,3.0,0.0,0.0,0.0,25.0,14.0,3.0,0.0,0.0,0.0,0.0,2.0,0.0,0.0,0.0,22.0,15.0,3.0,0.0,0.0,0.0,0.0,0.0,0.0,23.0,11.0,1.0,0.0,0.0,0.0,0.0,1.0,1.0,0.0,0.0,20.0,11.0,3.0,0.0,0.0,0.0,0.0,0.0,0.0,0.0,0.0,19.0,6.0,3.0,0.0,0.0,0.0,1.0,1.0,18.0,6.0,4.0,0.0,0.0,1.0,0.0,0.0,0.0,0.0,1.0,0.0,0.0,0.0,0.0,0.0,0.0,0.0,0.0,3.0,2.0,1.0,1.0,0.0,1.0,1.0,5.0,1.0,1.0,1.0,0.0,0.0,1.0,0.0,0.0,0.0,0.0,0.0,1.0,0.0,0.0,0.0,0.0,0.0,0.0,0.0,0.0,0.0,0.0,0.0,1.0,0.0,0.0,0.0,0.0,0.0,0.0,0.0,0.0,0.0,0.0,2.0,0.0,0.0,0.0,1.0,0.0,1.0,0.0,0.0,3.0,1.0,0.0,0.0,2.0,1.0,1.0,0.0,1.0,0.0,1.0,0.0,3.0,3.0,24.0,3.0,0.0,16.0,9.0,9.0,9.0,25.0
CHEMBL501459,Inhibition,99.0,19.0,15.0,1.0,2.0,0.0,0.0,31.0,12.0,1.0,2.0,0.0,0.0,0.0,4.0,1.0,0.0,0.0,0.0,20.0,23.0,3.0,2.0,0.0,0.0,0.0,0.0,0.0,25.0,13.0,3.0,1.0,0.0,0.0,3.0,0.0,0.0,0.0,21.0,14.0,4.0,1.0,0.0,0.0,2.0,1.0,0.0,0.0,0.0,24.0,15.0,1.0,1.0,0.0,0.0,0.0,1.0,0.0,23.0,11.0,2.0,2.0,0.0,0.0,0.0,3.0,2.0,0.0,0.0,20.0,15.0,2.0,0.0,0.0,0.0,0.0,0.0,0.0,0.0,0.0,20.0,6.0,1.0,1.0,0.0,0.0,4.0,1.0,16.0,12.0,1.0,0.0,0.0,0.0,0.0,0.0,0.0,0.0,2.0,0.0,0.0,0.0,0.0,1.0,0.0,1.0,0.0,4.0,3.0,1.0,1.0,0.0,1.0,0.0,8.0,1.0,4.0,0.0,4.0,0.0,0.0,6.0,0.0,0.0,0.0,0.0,0.0,0.0,0.0,0.0,0.0,0.0,0.0,0.0,0.0,6.0,3.0,0.0,2.0,1.0,0.0,3.0,0.0,0.0,1.0,0.0,0.0,0.0,0.0,5.0,4.0,0.0,1.0,0.0,0.0,0.0,0.0,0.0,4.0,1.0,0.0,0.0,1.0,2.0,0.0,0.0,0.0,1.0,1.0,2.0,3.0,4.0,21.0,4.0,2.0,18.0,13.0,13.0,10.0,23.0
CHEMBL2206023,Inhibition,77.0,22.0,7.0,1.0,0.0,0.0,0.0,30.0,11.0,1.0,0.0,0.0,0.0,0.0,0.0,1.0,0.0,0.0,0.0,26.0,13.0,3.0,0.0,0.0,0.0,0.0,0.0,0.0,22.0,9.0,3.0,0.0,0.0,0.0,0.0,0.0,0.0,0.0,22.0,5.0,4.0,0.0,0.0,0.0,1.0,0.0,0.0,0.0,0.0,21.0,6.0,2.0,0.0,0.0,0.0,1.0,0.0,0.0,17.0,7.0,1.0,0.0,0.0,0.0,0.0,0.0,0.0,0.0,0.0,13.0,6.0,0.0,0.0,0.0,0.0,1.0,1.0,0.0,0.0,0.0,12.0,6.0,0.0,0.0,0.0,0.0,1.0,1.0,13.0,5.0,1.0,0.0,0.0,0.0,0.0,0.0,0.0,0.0,0.0,0.0,0.0,0.0,0.0,0.0,0.0,0.0,0.0,2.0,1.0,1.0,1.0,0.0,1.0,0.0,5.0,1.0,1.0,1.0,0.0,1.0,1.0,0.0,0.0,0.0,0.0,0.0,1.0,0.0,0.0,0.0,0.0,0.0,0.0,0.0,0.0,0.0,0.0,0.0,1.0,0.0,0.0,0.0,0.0,0.0,0.0,0.0,0.0,0.0,0.0,3.0,1.0,0.0,0.0,3.0,0.0,0.0,0.0,0.0,4.0,1.0,0.0,0.0,1.0,0.0,0.0,0.0,0.0,1.0,1.0,1.0,0.0,0.0,18.0,1.0,9.0,8.0,5.0,5.0,4.0,23.0
CHEMBL2206021,Inhibition,77.0,24.0,3.0,3.0,0.0,0.0,1.0,32.0,4.0,4.0,0.0,0.0,2.0,2.0,0.0,1.0,0.0,0.0,0.0,28.0,5.0,7.0,0.0,0.0,2.0,2.0,0.0,0.0,23.0,4.0,6.0,0.0,0.0,2.0,0.0,0.0,0.0,0.0,21.0,4.0,7.0,0.0,0.0,2.0,0.0,0.0,0.0,1.0,0.0,23.0,2.0,3.0,0.0,0.0,1.0,0.0,1.0,0.0,20.0,2.0,3.0,0.0,0.0,2.0,2.0,0.0,0.0,0.0,0.0,15.0,2.0,2.0,0.0,0.0,2.0,0.0,1.0,0.0,0.0,1.0,11.0,3.0,3.0,0.0,0.0,1.0,0.0,0.0,12.0,2.0,2.0,0.0,0.0,0.0,0.0,0.0,0.0,0.0,1.0,0.0,0.0,0.0,0.0,0.0,0.0,0.0,1.0,0.0,1.0,1.0,1.0,0.0,0.0,1.0,5.0,1.0,1.0,1.0,0.0,1.0,1.0,0.0,0.0,0.0,0.0,0.0,1.0,0.0,0.0,0.0,0.0,0.0,0.0,0.0,0.0,0.0,0.0,0.0,1.0,0.0,0.0,0.0,0.0,0.0,0.0,0.0,0.0,0.0,0.0,1.0,0.0,0.0,0.0,1.0,0.0,1.0,1.0,0.0,2.0,1.0,0.0,0.0,2.0,0.0,0.0,0.0,1.0,0.0,1.0,1.0,0.0,0.0,18.0,1.0,5.0,6.0,5.0,5.0,4.0,22.0
CHEMBL3330401,Inhibition,-2.0,22.0,4.0,3.0,1.0,0.0,0.0,28.0,10.0,5.0,2.0,0.0,0.0,0.0,0.0,3.0,0.0,0.0,0.0,26.0,12.0,8.0,2.0,0.0,0.0,0.0,0.0,1.0,20.0,14.0,12.0,2.0,0.0,0.0,0.0,0.0,0.0,0.0,22.0,8.0,11.0,1.0,0.0,0.0,2.0,0.0,0.0,0.0,0.0,22.0,7.0,7.0,2.0,0.0,0.0,1.0,2.0,0.0,20.0,6.0,7.0,2.0,0.0,0.0,0.0,1.0,4.0,0.0,0.0,18.0,5.0,7.0,1.0,0.0,0.0,0.0,2.0,0.0,0.0,0.0,14.0,7.0,6.0,1.0,0.0,0.0,1.0,2.0,13.0,5.0,5.0,0.0,0.0,0.0,0.0,0.0,0.0,1.0,0.0,0.0,0.0,0.0,0.0,0.0,0.0,0.0,0.0,1.0,1.0,1.0,1.0,0.0,0.0,1.0,3.0,1.0,1.0,1.0,0.0,0.0,1.0,0.0,0.0,0.0,0.0,0.0,1.0,0.0,0.0,0.0,0.0,0.0,0.0,0.0,0.0,0.0,0.0,0.0,1.0,0.0,0.0,0.0,0.0,0.0,0.0,0.0,0.0,1.0,1.0,1.0,0.0,0.0,0.0,1.0,0.0,2.0,0.0,0.0,2.0,1.0,0.0,1.0,4.0,0.0,0.0,0.0,0.0,0.0,1.0,0.0,1.0,2.0,21.0,2.0,4.0,8.0,9.0,9.0,6.0,24.0
CHEMBL3416151,Inhibition,97.8,18.0,6.0,2.0,0.0,0.0,0.0,25.0,7.0,3.0,0.0,0.0,0.0,0.0,1.0,0.0,0.0,0.0,0.0,25.0,7.0,2.0,0.0,0.0,0.0,0.0,0.0,0.0,21.0,9.0,2.0,0.0,0.0,0.0,0.0,0.0,0.0,0.0,18.0,7.0,0.0,0.0,0.0,0.0,0.0,2.0,0.0,0.0,0.0,13.0,7.0,2.0,0.0,0.0,0.0,0.0,0.0,0.0,14.0,3.0,1.0,0.0,0.0,0.0,0.0,0.0,0.0,0.0,0.0,11.0,2.0,2.0,0.0,0.0,0.0,1.0,0.0,0.0,0.0,0.0,10.0,2.0,2.0,0.0,0.0,0.0,1.0,0.0,7.0,2.0,1.0,0.0,0.0,0.0,0.0,0.0,0.0,0.0,1.0,0.0,0.0,0.0,0.0,0.0,0.0,0.0,0.0,0.0,0.0,0.0,0.0,0.0,0.0,0.0,2.0,0.0,1.0,0.0,0.0,0.0,0.0,0.0,0.0,0.0,0.0,0.0,1.0,0.0,0.0,0.0,0.0,0.0,0.0,0.0,0.0,0.0,0.0,0.0,0.0,0.0,0.0,0.0,0.0,0.0,0.0,0.0,0.0,0.0,0.0,0.0,0.0,0.0,0.0,0.0,0.0,0.0,0.0,0.0,1.0,0.0,0.0,0.0,0.0,0.0,1.0,0.0,0.0,0.0,0.0,0.0,1.0,3.0,20.0,3.0,0.0,8.0,2.0,2.0,1.0,18.0
CHEMBL3298678,Inhibition,14.7,17.0,11.0,4.0,0.0,1.0,2.0,25.0,9.0,3.0,0.0,2.0,2.0,4.0,4.0,2.0,0.0,0.0,0.0,21.0,16.0,5.0,0.0,2.0,2.0,4.0,1.0,1.0,13.0,18.0,7.0,0.0,2.0,3.0,0.0,1.0,0.0,0.0,18.0,9.0,6.0,0.0,1.0,2.0,3.0,2.0,1.0,1.0,1.0,19.0,9.0,7.0,0.0,1.0,2.0,0.0,2.0,0.0,20.0,5.0,5.0,0.0,0.0,1.0,1.0,2.0,2.0,1.0,1.0,18.0,7.0,4.0,0.0,2.0,2.0,0.0,1.0,0.0,1.0,0.0,13.0,8.0,5.0,0.0,2.0,4.0,0.0,1.0,9.0,7.0,4.0,1.0,3.0,0.0,2.0,1.0,1.0,2.0,8.0,3.0,3.0,0.0,2.0,0.0,1.0,0.0,2.0,0.0,2.0,1.0,1.0,1.0,1.0,1.0,11.0,1.0,6.0,0.0,0.0,0.0,0.0,3.0,0.0,0.0,2.0,0.0,1.0,2.0,1.0,0.0,0.0,0.0,0.0,0.0,2.0,2.0,0.0,2.0,4.0,1.0,0.0,3.0,0.0,0.0,2.0,0.0,0.0,3.0,2.0,6.0,4.0,0.0,3.0,0.0,1.0,3.0,0.0,1.0,3.0,2.0,0.0,1.0,3.0,0.0,3.0,0.0,0.0,0.0,0.0,0.0,2.0,2.0,12.0,4.0,0.0,15.0,18.0,18.0,7.0,16.0
CHEMBL3361347,Inhibition,15.0,20.0,6.0,7.0,0.0,0.0,0.0,28.0,6.0,7.0,0.0,0.0,0.0,0.0,1.0,4.0,0.0,0.0,0.0,24.0,9.0,11.0,0.0,0.0,0.0,0.0,0.0,0.0,19.0,8.0,11.0,0.0,0.0,0.0,1.0,1.0,0.0,0.0,16.0,9.0,12.0,0.0,0.0,0.0,0.0,1.0,0.0,0.0,1.0,17.0,6.0,9.0,0.0,0.0,0.0,1.0,3.0,1.0,15.0,6.0,9.0,0.0,0.0,0.0,0.0,0.0,0.0,0.0,0.0,16.0,3.0,2.0,0.0,0.0,0.0,0.0,4.0,0.0,0.0,2.0,12.0,6.0,7.0,0.0,0.0,0.0,0.0,0.0,13.0,3.0,5.0,0.0,0.0,0.0,1.0,0.0,0.0,0.0,0.0,0.0,0.0,0.0,0.0,0.0,0.0,0.0,0.0,1.0,3.0,4.0,3.0,0.0,0.0,1.0,6.0,3.0,1.0,1.0,0.0,1.0,1.0,0.0,0.0,0.0,0.0,0.0,1.0,0.0,0.0,0.0,0.0,0.0,0.0,0.0,0.0,0.0,0.0,0.0,1.0,0.0,0.0,0.0,0.0,0.0,0.0,0.0,0.0,0.0,0.0,4.0,1.0,0.0,2.0,2.0,0.0,1.0,1.0,0.0,3.0,4.0,0.0,0.0,4.0,0.0,0.0,0.0,1.0,0.0,2.0,3.0,0.0,1.0,17.0,2.0,7.0,13.0,8.0,8.0,7.0,24.0
CHEMBL3416139,Inhibition,20.0,14.0,6.0,0.0,0.0,0.0,0.0,19.0,7.0,0.0,0.0,0.0,0.0,0.0,1.0,0.0,0.0,0.0,0.0,19.0,7.0,0.0,0.0,0.0,0.0,0.0,0.0,0.0,15.0,7.0,0.0,0.0,0.0,0.0,0.0,0.0,0.0,0.0,12.0,5.0,0.0,0.0,0.0,0.0,0.0,0.0,0.0,0.0,0.0,10.0,3.0,0.0,0.0,0.0,0.0,0.0,0.0,0.0,7.0,3.0,0.0,0.0,0.0,0.0,0.0,0.0,0.0,0.0,0.0,5.0,2.0,0.0,0.0,0.0,0.0,1.0,0.0,0.0,0.0,0.0,3.0,2.0,0.0,0.0,0.0,0.0,1.0,0.0,1.0,2.0,0.0,0.0,0.0,0.0,0.0,0.0,0.0,0.0,1.0,0.0,0.0,0.0,0.0,0.0,0.0,0.0,0.0,0.0,0.0,0.0,0.0,0.0,0.0,0.0,2.0,0.0,1.0,0.0,0.0,0.0,0.0,0.0,0.0,0.0,0.0,0.0,1.0,0.0,0.0,0.0,0.0,0.0,0.0,0.0,0.0,0.0,0.0,0.0,0.0,0.0,0.0,0.0,0.0,0.0,0.0,0.0,0.0,0.0,0.0,0.0,0.0,0.0,0.0,0.0,0.0,0.0,0.0,0.0,1.0,0.0,0.0,0.0,0.0,0.0,1.0,0.0,0.0,0.0,0.0,0.0,1.0,2.0,15.0,2.0,0.0,6.0,2.0,2.0,1.0,14.0
CHEMBL4202516,Inhibition,90.9,27.0,6.0,7.0,0.0,0.0,0.0,36.0,10.0,7.0,0.0,0.0,0.0,0.0,0.0,2.0,0.0,0.0,0.0,36.0,9.0,13.0,0.0,0.0,0.0,0.0,0.0,2.0,30.0,8.0,18.0,0.0,0.0,0.0,0.0,2.0,0.0,0.0,32.0,9.0,14.0,0.0,0.0,0.0,1.0,1.0,0.0,0.0,2.0,31.0,9.0,18.0,0.0,0.0,0.0,1.0,1.0,0.0,29.0,6.0,15.0,0.0,0.0,0.0,0.0,0.0,1.0,0.0,0.0,29.0,3.0,11.0,0.0,0.0,0.0,1.0,3.0,0.0,0.0,2.0,23.0,6.0,14.0,0.0,0.0,0.0,0.0,2.0,20.0,7.0,10.0,0.0,0.0,0.0,0.0,0.0,0.0,1.0,2.0,1.0,0.0,0.0,0.0,0.0,0.0,0.0,1.0,3.0,2.0,2.0,4.0,0.0,0.0,1.0,12.0,4.0,4.0,1.0,0.0,1.0,2.0,1.0,0.0,0.0,0.0,1.0,2.0,0.0,0.0,0.0,0.0,0.0,0.0,0.0,0.0,0.0,0.0,1.0,3.0,0.0,0.0,2.0,0.0,0.0,2.0,0.0,0.0,2.0,1.0,3.0,1.0,1.0,1.0,1.0,1.0,3.0,0.0,0.0,2.0,2.0,0.0,1.0,6.0,3.0,1.0,0.0,0.0,0.0,4.0,6.0,0.0,1.0,17.0,2.0,9.0,13.0,15.0,15.0,10.0,26.0
CHEMBL4206876,Inhibition,90.9,26.0,6.0,7.0,0.0,0.0,0.0,36.0,10.0,6.0,0.0,0.0,0.0,0.0,0.0,2.0,0.0,0.0,0.0,35.0,9.0,13.0,0.0,0.0,0.0,0.0,0.0,2.0,29.0,9.0,16.0,0.0,0.0,0.0,1.0,1.0,0.0,0.0,30.0,8.0,15.0,0.0,0.0,0.0,1.0,1.0,0.0,0.0,2.0,30.0,9.0,19.0,0.0,0.0,0.0,0.0,2.0,0.0,27.0,8.0,16.0,0.0,0.0,0.0,0.0,0.0,2.0,0.0,0.0,27.0,4.0,8.0,0.0,0.0,0.0,1.0,4.0,0.0,0.0,1.0,22.0,6.0,11.0,0.0,0.0,0.0,0.0,0.0,18.0,5.0,12.0,0.0,0.0,0.0,0.0,0.0,0.0,1.0,1.0,1.0,0.0,0.0,0.0,0.0,0.0,0.0,0.0,3.0,2.0,2.0,4.0,0.0,0.0,1.0,11.0,4.0,3.0,1.0,0.0,1.0,2.0,1.0,0.0,0.0,0.0,1.0,2.0,0.0,0.0,0.0,0.0,0.0,0.0,0.0,0.0,0.0,0.0,1.0,3.0,0.0,0.0,2.0,0.0,0.0,2.0,0.0,0.0,1.0,0.0,3.0,1.0,1.0,1.0,1.0,1.0,3.0,0.0,0.0,2.0,2.0,0.0,1.0,6.0,2.0,1.0,0.0,0.0,0.0,4.0,6.0,0.0,1.0,17.0,2.0,9.0,13.0,14.0,14.0,9.0,26.0
CHEMBL4211246,Inhibition,94.8,35.0,8.0,8.0,0.0,0.0,0.0,47.0,13.0,7.0,0.0,0.0,0.0,0.0,0.0,3.0,0.0,0.0,0.0,46.0,12.0,14.0,0.0,0.0,0.0,0.0,0.0,4.0,38.0,14.0,20.0,0.0,0.0,0.0,1.0,1.0,0.0,0.0,42.0,12.0,20.0,0.0,0.0,0.0,1.0,1.0,0.0,0.0,4.0,44.0,12.0,28.0,0.0,0.0,0.0,1.0,1.0,0.0,44.0,9.0,23.0,0.0,0.0,0.0,0.0,0.0,3.0,0.0,0.0,46.0,8.0,12.0,0.0,0.0,0.0,2.0,3.0,0.0,0.0,1.0,37.0,10.0,14.0,0.0,0.0,0.0,0.0,2.0,32.0,11.0,13.0,0.0,0.0,0.0,0.0,0.0,0.0,2.0,2.0,2.0,0.0,0.0,0.0,0.0,0.0,0.0,0.0,3.0,3.0,3.0,5.0,0.0,0.0,1.0,14.0,5.0,5.0,1.0,0.0,1.0,3.0,2.0,0.0,0.0,0.0,2.0,3.0,0.0,0.0,0.0,0.0,0.0,0.0,0.0,0.0,0.0,0.0,2.0,5.0,0.0,0.0,4.0,0.0,0.0,4.0,0.0,0.0,2.0,1.0,5.0,2.0,2.0,2.0,1.0,2.0,3.0,0.0,0.0,3.0,3.0,0.0,2.0,7.0,2.0,2.0,0.0,0.0,0.0,5.0,6.0,0.0,1.0,23.0,2.0,9.0,16.0,19.0,19.0,14.0,35.0
CHEMBL4212572,Inhibition,98.7,30.0,8.0,11.0,0.0,0.0,0.0,41.0,13.0,9.0,0.0,0.0,0.0,0.0,0.0,3.0,0.0,0.0,0.0,41.0,12.0,17.0,0.0,0.0,0.0,0.0,0.0,4.0,35.0,13.0,22.0,0.0,0.0,0.0,1.0,1.0,0.0,0.0,39.0,10.0,20.0,0.0,0.0,0.0,1.0,3.0,0.0,0.0,4.0,40.0,12.0,25.0,0.0,0.0,0.0,1.0,1.0,4.0,38.0,9.0,25.0,0.0,0.0,0.0,0.0,0.0,3.0,0.0,0.0,39.0,7.0,16.0,0.0,0.0,0.0,2.0,3.0,0.0,0.0,1.0,30.0,8.0,20.0,0.0,0.0,0.0,0.0,4.0,29.0,11.0,15.0,0.0,0.0,0.0,0.0,0.0,0.0,2.0,3.0,2.0,1.0,0.0,0.0,0.0,0.0,0.0,0.0,4.0,3.0,3.0,6.0,0.0,0.0,2.0,17.0,6.0,7.0,1.0,0.0,1.0,4.0,4.0,0.0,0.0,1.0,3.0,2.0,2.0,1.0,0.0,0.0,0.0,0.0,1.0,2.0,1.0,0.0,3.0,5.0,0.0,0.0,4.0,0.0,0.0,4.0,0.0,0.0,3.0,2.0,5.0,2.0,2.0,2.0,1.0,2.0,5.0,0.0,0.0,3.0,3.0,0.0,2.0,9.0,2.0,3.0,0.0,0.0,0.0,6.0,6.0,0.0,1.0,17.0,2.0,9.0,19.0,21.0,21.0,16.0,30.0
CHEMBL240158,Inhibition,0.3,15.0,16.0,1.0,2.0,1.0,2.0,22.0,15.0,1.0,2.0,1.0,2.0,3.0,4.0,1.0,0.0,0.0,0.0,23.0,17.0,2.0,1.0,0.0,2.0,2.0,1.0,0.0,20.0,10.0,3.0,2.0,2.0,5.0,5.0,1.0,0.0,0.0,18.0,13.0,3.0,4.0,2.0,3.0,2.0,1.0,0.0,0.0,0.0,17.0,13.0,2.0,4.0,0.0,1.0,2.0,0.0,0.0,14.0,14.0,1.0,3.0,1.0,1.0,2.0,3.0,1.0,0.0,1.0,12.0,14.0,2.0,2.0,1.0,1.0,0.0,0.0,1.0,2.0,0.0,15.0,6.0,1.0,0.0,2.0,3.0,3.0,2.0,12.0,10.0,2.0,1.0,2.0,0.0,0.0,2.0,3.0,0.0,6.0,0.0,3.0,0.0,0.0,0.0,4.0,0.0,0.0,2.0,2.0,1.0,1.0,1.0,2.0,0.0,9.0,1.0,3.0,0.0,0.0,0.0,0.0,0.0,0.0,0.0,0.0,0.0,0.0,0.0,0.0,0.0,0.0,0.0,0.0,0.0,0.0,0.0,0.0,0.0,5.0,3.0,3.0,8.0,0.0,0.0,0.0,4.0,0.0,0.0,0.0,6.0,4.0,0.0,0.0,1.0,0.0,0.0,0.0,1.0,4.0,1.0,2.0,0.0,1.0,2.0,0.0,1.0,0.0,1.0,1.0,0.0,3.0,4.0,17.0,6.0,2.0,19.0,15.0,15.0,8.0,18.0
CHEMBL1796254,Inhibition,82.0,19.0,12.0,4.0,1.0,0.0,1.0,28.0,13.0,5.0,1.0,0.0,2.0,2.0,4.0,2.0,0.0,0.0,0.0,31.0,17.0,4.0,2.0,0.0,0.0,0.0,1.0,2.0,24.0,16.0,9.0,2.0,0.0,2.0,2.0,0.0,0.0,0.0,27.0,15.0,8.0,2.0,0.0,2.0,1.0,4.0,0.0,1.0,0.0,24.0,16.0,9.0,1.0,0.0,3.0,1.0,1.0,0.0,21.0,14.0,6.0,2.0,0.0,3.0,3.0,2.0,3.0,0.0,0.0,21.0,9.0,8.0,0.0,0.0,3.0,2.0,0.0,0.0,0.0,0.0,20.0,10.0,2.0,1.0,0.0,3.0,0.0,5.0,18.0,7.0,7.0,0.0,2.0,1.0,1.0,0.0,0.0,2.0,10.0,2.0,6.0,2.0,1.0,0.0,3.0,0.0,1.0,3.0,3.0,0.0,0.0,0.0,1.0,2.0,15.0,0.0,9.0,0.0,0.0,0.0,0.0,6.0,0.0,0.0,4.0,0.0,2.0,6.0,6.0,1.0,0.0,0.0,4.0,4.0,0.0,4.0,0.0,0.0,7.0,3.0,3.0,6.0,0.0,0.0,0.0,3.0,2.0,1.0,1.0,5.0,3.0,0.0,0.0,0.0,2.0,3.0,1.0,0.0,4.0,0.0,1.0,1.0,4.0,0.0,6.0,0.0,1.0,1.0,0.0,0.0,2.0,2.0,12.0,3.0,0.0,17.0,24.0,24.0,10.0,17.0
CHEMBL397771,Inhibition,77.0,34.0,13.0,2.0,0.0,0.0,0.0,51.0,16.0,2.0,0.0,0.0,0.0,0.0,1.0,2.0,0.0,0.0,0.0,54.0,16.0,6.0,0.0,0.0,0.0,0.0,0.0,0.0,57.0,19.0,6.0,0.0,0.0,0.0,0.0,0.0,0.0,0.0,61.0,14.0,8.0,0.0,0.0,0.0,3.0,2.0,0.0,0.0,0.0,62.0,19.0,10.0,0.0,0.0,0.0,0.0,2.0,0.0,63.0,14.0,10.0,0.0,0.0,0.0,0.0,4.0,0.0,0.0,0.0,62.0,23.0,6.0,0.0,0.0,0.0,0.0,0.0,0.0,0.0,0.0,50.0,20.0,4.0,0.0,0.0,0.0,0.0,0.0,43.0,11.0,5.0,0.0,0.0,1.0,1.0,0.0,0.0,0.0,10.0,0.0,7.0,3.0,0.0,0.0,1.0,0.0,0.0,0.0,1.0,2.0,2.0,0.0,1.0,0.0,14.0,2.0,9.0,2.0,0.0,2.0,2.0,4.0,0.0,0.0,0.0,0.0,0.0,1.0,0.0,0.0,0.0,0.0,0.0,1.0,0.0,2.0,0.0,0.0,4.0,0.0,0.0,4.0,2.0,0.0,2.0,2.0,0.0,0.0,0.0,4.0,2.0,0.0,2.0,0.0,0.0,0.0,0.0,0.0,2.0,2.0,0.0,0.0,2.0,0.0,6.0,0.0,0.0,0.0,2.0,4.0,1.0,3.0,24.0,5.0,6.0,15.0,15.0,15.0,1.0,29.0
CHEMBL1644615,Inhibition,11.0,25.0,12.0,3.0,0.0,0.0,0.0,34.0,16.0,2.0,0.0,0.0,0.0,0.0,3.0,2.0,0.0,0.0,0.0,33.0,19.0,4.0,0.0,0.0,0.0,0.0,1.0,1.0,27.0,22.0,4.0,0.0,0.0,0.0,1.0,1.0,0.0,0.0,33.0,15.0,6.0,0.0,0.0,0.0,5.0,1.0,0.0,0.0,0.0,35.0,16.0,7.0,0.0,0.0,0.0,2.0,1.0,0.0,33.0,20.0,5.0,0.0,0.0,0.0,0.0,0.0,2.0,0.0,0.0,34.0,18.0,4.0,0.0,0.0,0.0,0.0,0.0,0.0,0.0,0.0,36.0,10.0,2.0,0.0,0.0,0.0,2.0,2.0,28.0,11.0,4.0,0.0,0.0,0.0,1.0,0.0,0.0,1.0,5.0,2.0,2.0,0.0,2.0,0.0,0.0,0.0,2.0,0.0,1.0,0.0,0.0,0.0,1.0,1.0,8.0,1.0,4.0,0.0,0.0,0.0,0.0,3.0,0.0,0.0,2.0,0.0,0.0,2.0,1.0,0.0,0.0,0.0,0.0,0.0,2.0,2.0,0.0,2.0,2.0,0.0,0.0,0.0,0.0,0.0,0.0,0.0,0.0,2.0,2.0,4.0,1.0,0.0,1.0,1.0,0.0,2.0,0.0,0.0,4.0,1.0,0.0,0.0,2.0,0.0,2.0,0.0,0.0,0.0,1.0,0.0,2.0,2.0,22.0,6.0,5.0,15.0,10.0,10.0,6.0,25.0
CHEMBL4225781,Inhibition,46.7,22.0,18.0,6.0,0.0,0.0,0.0,31.0,18.0,5.0,0.0,0.0,0.0,0.0,5.0,3.0,0.0,0.0,0.0,33.0,23.0,6.0,0.0,0.0,0.0,0.0,0.0,2.0,33.0,13.0,8.0,0.0,0.0,0.0,5.0,2.0,0.0,0.0,29.0,18.0,10.0,0.0,0.0,0.0,1.0,2.0,0.0,0.0,0.0,25.0,17.0,8.0,0.0,0.0,0.0,3.0,4.0,0.0,28.0,14.0,5.0,0.0,0.0,0.0,0.0,2.0,2.0,0.0,0.0,23.0,19.0,5.0,0.0,0.0,0.0,1.0,2.0,0.0,0.0,1.0,21.0,16.0,8.0,0.0,0.0,0.0,2.0,1.0,22.0,13.0,8.0,0.0,0.0,2.0,1.0,0.0,0.0,1.0,8.0,2.0,4.0,0.0,2.0,0.0,2.0,0.0,2.0,1.0,4.0,3.0,2.0,0.0,2.0,2.0,14.0,2.0,7.0,1.0,0.0,1.0,1.0,3.0,0.0,0.0,2.0,0.0,0.0,2.0,1.0,0.0,0.0,0.0,1.0,2.0,0.0,4.0,2.0,0.0,7.0,4.0,5.0,10.0,0.0,0.0,0.0,6.0,5.0,2.0,2.0,8.0,4.0,2.0,0.0,4.0,4.0,3.0,1.0,0.0,6.0,3.0,0.0,2.0,4.0,0.0,2.0,0.0,1.0,2.0,1.0,0.0,2.0,2.0,18.0,5.0,1.0,24.0,23.0,23.0,12.0,26.0
CHEMBL3699588,Inhibition,50.8,20.0,14.0,6.0,0.0,3.0,3.0,28.0,14.0,7.0,0.0,3.0,0.0,3.0,3.0,3.0,3.0,3.0,3.0,29.0,16.0,11.0,0.0,6.0,0.0,6.0,1.0,1.0,29.0,13.0,7.0,0.0,0.0,0.0,0.0,4.0,6.0,6.0,29.0,14.0,6.0,0.0,6.0,6.0,1.0,3.0,0.0,0.0,0.0,26.0,15.0,9.0,0.0,6.0,6.0,1.0,0.0,1.0,26.0,11.0,7.0,0.0,9.0,0.0,9.0,2.0,1.0,0.0,0.0,22.0,10.0,8.0,0.0,9.0,9.0,3.0,1.0,3.0,3.0,0.0,23.0,11.0,7.0,0.0,9.0,9.0,0.0,1.0,22.0,7.0,5.0,9.0,9.0,2.0,3.0,0.0,0.0,0.0,4.0,0.0,2.0,0.0,0.0,0.0,2.0,0.0,0.0,2.0,2.0,1.0,2.0,3.0,2.0,2.0,11.0,2.0,4.0,2.0,0.0,1.0,2.0,0.0,0.0,0.0,0.0,0.0,0.0,0.0,0.0,0.0,0.0,0.0,0.0,0.0,0.0,0.0,0.0,0.0,6.0,3.0,3.0,8.0,2.0,0.0,2.0,4.0,0.0,0.0,0.0,6.0,4.0,0.0,2.0,3.0,0.0,1.0,1.0,3.0,4.0,2.0,2.0,0.0,4.0,1.0,0.0,3.0,1.0,1.0,2.0,0.0,2.0,2.0,18.0,4.0,1.0,20.0,13.0,13.0,11.0,24.0
CHEMBL1778718,Inhibition,98.1,21.0,5.0,1.0,0.0,0.0,0.0,28.0,9.0,1.0,0.0,0.0,0.0,0.0,0.0,1.0,0.0,0.0,0.0,27.0,7.0,3.0,0.0,0.0,0.0,0.0,0.0,0.0,23.0,8.0,3.0,0.0,0.0,0.0,0.0,0.0,0.0,0.0,22.0,7.0,3.0,0.0,0.0,0.0,1.0,1.0,0.0,0.0,0.0,21.0,8.0,3.0,0.0,0.0,0.0,1.0,0.0,0.0,19.0,6.0,3.0,0.0,0.0,0.0,0.0,0.0,0.0,0.0,0.0,15.0,4.0,2.0,0.0,0.0,0.0,0.0,0.0,0.0,0.0,0.0,9.0,3.0,1.0,0.0,0.0,0.0,1.0,1.0,4.0,2.0,0.0,0.0,0.0,0.0,0.0,0.0,0.0,0.0,0.0,0.0,0.0,0.0,0.0,0.0,0.0,0.0,0.0,1.0,1.0,1.0,1.0,0.0,0.0,0.0,4.0,1.0,1.0,1.0,0.0,1.0,1.0,0.0,0.0,0.0,0.0,0.0,1.0,0.0,0.0,0.0,0.0,0.0,0.0,0.0,0.0,0.0,0.0,0.0,1.0,0.0,0.0,0.0,0.0,0.0,0.0,0.0,0.0,0.0,0.0,1.0,0.0,0.0,0.0,1.0,0.0,0.0,0.0,0.0,2.0,1.0,0.0,0.0,1.0,1.0,0.0,0.0,0.0,0.0,1.0,1.0,0.0,1.0,17.0,2.0,5.0,6.0,7.0,7.0,1.0,21.0
CHEMBL3914639,Inhibition,82.0,17.0,15.0,2.0,0.0,0.0,0.0,23.0,23.0,2.0,0.0,0.0,0.0,0.0,2.0,0.0,0.0,0.0,0.0,24.0,21.0,1.0,0.0,0.0,0.0,0.0,4.0,2.0,23.0,19.0,3.0,0.0,0.0,0.0,4.0,0.0,0.0,0.0,26.0,16.0,2.0,0.0,0.0,0.0,3.0,1.0,0.0,0.0,0.0,23.0,17.0,2.0,0.0,0.0,0.0,3.0,2.0,0.0,20.0,17.0,3.0,0.0,0.0,0.0,0.0,3.0,0.0,0.0,0.0,22.0,10.0,2.0,0.0,0.0,0.0,3.0,0.0,0.0,0.0,0.0,16.0,11.0,1.0,0.0,0.0,0.0,1.0,1.0,12.0,9.0,1.0,0.0,0.0,1.0,1.0,0.0,0.0,1.0,4.0,2.0,2.0,1.0,0.0,0.0,1.0,0.0,0.0,2.0,0.0,0.0,0.0,0.0,1.0,1.0,7.0,0.0,4.0,0.0,0.0,0.0,0.0,3.0,0.0,0.0,1.0,0.0,0.0,2.0,1.0,0.0,0.0,0.0,1.0,3.0,0.0,3.0,0.0,0.0,4.0,0.0,0.0,2.0,0.0,0.0,0.0,1.0,0.0,0.0,0.0,3.0,1.0,0.0,0.0,0.0,0.0,1.0,0.0,0.0,2.0,0.0,1.0,0.0,1.0,1.0,2.0,0.0,1.0,0.0,0.0,0.0,5.0,6.0,21.0,7.0,0.0,17.0,9.0,9.0,2.0,18.0
CHEMBL4294156,Inhibition,10.5,12.0,8.0,5.0,0.0,0.0,0.0,15.0,7.0,5.0,0.0,0.0,0.0,0.0,3.0,1.0,0.0,0.0,0.0,13.0,11.0,6.0,0.0,0.0,0.0,0.0,0.0,0.0,13.0,5.0,5.0,0.0,0.0,0.0,3.0,2.0,0.0,0.0,12.0,9.0,6.0,0.0,0.0,0.0,0.0,0.0,0.0,0.0,0.0,11.0,8.0,1.0,0.0,0.0,0.0,0.0,5.0,2.0,9.0,8.0,5.0,0.0,0.0,0.0,0.0,0.0,0.0,0.0,0.0,9.0,4.0,4.0,0.0,0.0,0.0,0.0,4.0,0.0,0.0,0.0,6.0,4.0,7.0,0.0,0.0,0.0,0.0,0.0,7.0,0.0,2.0,0.0,0.0,0.0,4.0,0.0,0.0,0.0,3.0,0.0,2.0,1.0,0.0,0.0,0.0,0.0,0.0,1.0,2.0,1.0,2.0,0.0,0.0,1.0,6.0,2.0,4.0,1.0,0.0,0.0,2.0,3.0,0.0,0.0,0.0,2.0,0.0,2.0,1.0,0.0,0.0,0.0,1.0,1.0,1.0,1.0,0.0,1.0,1.0,0.0,0.0,0.0,0.0,0.0,0.0,0.0,0.0,1.0,0.0,1.0,0.0,0.0,0.0,0.0,0.0,2.0,1.0,0.0,2.0,1.0,0.0,0.0,4.0,0.0,3.0,0.0,1.0,0.0,2.0,0.0,2.0,2.0,12.0,2.0,0.0,13.0,10.0,10.0,9.0,14.0
CHEMBL4515647,Inhibition,39.62,16.0,10.0,6.0,2.0,0.0,0.0,22.0,11.0,5.0,3.0,0.0,0.0,0.0,1.0,5.0,0.0,0.0,0.0,19.0,12.0,7.0,1.0,0.0,0.0,0.0,1.0,1.0,14.0,11.0,9.0,1.0,0.0,0.0,1.0,0.0,0.0,0.0,13.0,14.0,7.0,0.0,0.0,0.0,0.0,0.0,0.0,0.0,0.0,14.0,9.0,2.0,1.0,0.0,0.0,2.0,4.0,1.0,14.0,8.0,5.0,2.0,0.0,0.0,0.0,1.0,2.0,0.0,0.0,17.0,4.0,3.0,2.0,0.0,0.0,2.0,3.0,0.0,0.0,1.0,17.0,5.0,4.0,1.0,0.0,0.0,1.0,1.0,13.0,5.0,6.0,0.0,0.0,1.0,0.0,0.0,0.0,0.0,7.0,0.0,4.0,1.0,2.0,1.0,3.0,0.0,2.0,0.0,2.0,1.0,2.0,0.0,1.0,1.0,9.0,2.0,4.0,0.0,0.0,0.0,0.0,1.0,0.0,0.0,0.0,0.0,0.0,0.0,0.0,0.0,0.0,0.0,0.0,0.0,0.0,2.0,1.0,0.0,4.0,3.0,3.0,7.0,0.0,0.0,1.0,3.0,3.0,2.0,2.0,6.0,4.0,0.0,1.0,0.0,4.0,2.0,0.0,0.0,4.0,2.0,0.0,2.0,3.0,0.0,1.0,0.0,0.0,1.0,2.0,3.0,2.0,4.0,16.0,6.0,4.0,18.0,14.0,14.0,9.0,17.0
CHEMBL2206026,Inhibition,69.0,23.0,5.0,1.0,0.0,0.0,1.0,34.0,7.0,1.0,0.0,0.0,2.0,2.0,0.0,1.0,0.0,0.0,0.0,34.0,7.0,3.0,0.0,0.0,2.0,2.0,0.0,0.0,30.0,4.0,3.0,0.0,0.0,2.0,0.0,0.0,0.0,0.0,24.0,3.0,4.0,0.0,0.0,2.0,0.0,0.0,0.0,1.0,0.0,21.0,3.0,2.0,0.0,0.0,1.0,0.0,0.0,0.0,18.0,4.0,2.0,0.0,0.0,2.0,2.0,0.0,0.0,0.0,0.0,17.0,4.0,2.0,0.0,0.0,2.0,1.0,1.0,0.0,0.0,0.0,14.0,5.0,3.0,0.0,0.0,2.0,0.0,0.0,10.0,2.0,1.0,0.0,2.0,0.0,0.0,0.0,1.0,0.0,0.0,0.0,0.0,0.0,0.0,0.0,0.0,0.0,0.0,1.0,1.0,1.0,1.0,0.0,0.0,0.0,4.0,1.0,1.0,1.0,0.0,1.0,1.0,0.0,0.0,0.0,0.0,0.0,1.0,0.0,0.0,0.0,0.0,0.0,0.0,0.0,0.0,0.0,0.0,0.0,1.0,0.0,0.0,0.0,0.0,0.0,0.0,0.0,0.0,0.0,0.0,1.0,0.0,0.0,0.0,1.0,0.0,0.0,0.0,0.0,1.0,1.0,0.0,0.0,1.0,0.0,0.0,0.0,0.0,0.0,1.0,1.0,0.0,1.0,19.0,2.0,5.0,6.0,4.0,4.0,1.0,23.0
CHEMBL4456331,Inhibition,37.42,19.0,13.0,2.0,0.0,0.0,0.0,28.0,13.0,2.0,0.0,0.0,0.0,0.0,3.0,2.0,0.0,0.0,0.0,25.0,19.0,5.0,0.0,0.0,0.0,0.0,0.0,0.0,19.0,18.0,6.0,0.0,0.0,0.0,0.0,0.0,0.0,0.0,25.0,8.0,3.0,0.0,0.0,0.0,3.0,2.0,0.0,0.0,0.0,25.0,9.0,4.0,0.0,0.0,0.0,1.0,1.0,0.0,22.0,4.0,1.0,0.0,0.0,0.0,0.0,3.0,2.0,0.0,0.0,14.0,10.0,2.0,0.0,0.0,0.0,0.0,0.0,0.0,0.0,0.0,11.0,10.0,2.0,0.0,0.0,0.0,0.0,2.0,10.0,8.0,5.0,0.0,0.0,1.0,0.0,0.0,0.0,1.0,5.0,2.0,2.0,0.0,0.0,0.0,1.0,2.0,0.0,2.0,2.0,1.0,2.0,0.0,1.0,0.0,10.0,2.0,6.0,1.0,1.0,0.0,1.0,5.0,2.0,1.0,0.0,2.0,0.0,4.0,1.0,0.0,0.0,0.0,1.0,6.0,0.0,4.0,2.0,0.0,3.0,2.0,1.0,4.0,0.0,0.0,0.0,1.0,0.0,0.0,0.0,5.0,3.0,0.0,0.0,1.0,0.0,0.0,0.0,0.0,4.0,2.0,0.0,0.0,2.0,1.0,2.0,0.0,0.0,1.0,2.0,2.0,1.0,2.0,15.0,3.0,2.0,15.0,15.0,15.0,7.0,20.0
CHEMBL2333112,Inhibition,96.0,16.0,7.0,1.0,0.0,0.0,0.0,20.0,13.0,1.0,0.0,0.0,0.0,0.0,0.0,1.0,0.0,0.0,0.0,22.0,11.0,1.0,0.0,0.0,0.0,0.0,2.0,1.0,21.0,9.0,1.0,0.0,0.0,0.0,3.0,2.0,0.0,0.0,18.0,13.0,3.0,0.0,0.0,0.0,0.0,0.0,0.0,0.0,0.0,11.0,13.0,4.0,0.0,0.0,0.0,0.0,0.0,0.0,8.0,6.0,1.0,0.0,0.0,0.0,0.0,1.0,0.0,0.0,0.0,8.0,4.0,1.0,0.0,0.0,0.0,1.0,0.0,0.0,0.0,0.0,8.0,3.0,2.0,0.0,0.0,0.0,1.0,0.0,4.0,4.0,2.0,0.0,0.0,0.0,0.0,0.0,0.0,1.0,0.0,0.0,0.0,0.0,0.0,0.0,0.0,0.0,0.0,2.0,1.0,0.0,1.0,0.0,0.0,0.0,4.0,1.0,2.0,0.0,0.0,0.0,0.0,1.0,0.0,0.0,0.0,0.0,0.0,0.0,0.0,0.0,0.0,0.0,0.0,0.0,0.0,0.0,0.0,0.0,2.0,0.0,0.0,0.0,0.0,0.0,0.0,0.0,0.0,0.0,0.0,2.0,0.0,0.0,0.0,0.0,0.0,0.0,0.0,0.0,2.0,1.0,0.0,0.0,1.0,2.0,0.0,0.0,0.0,0.0,1.0,1.0,3.0,3.0,16.0,3.0,2.0,8.0,5.0,5.0,3.0,16.0
CHEMBL519534,Inhibition,0.0,20.0,17.0,1.0,2.0,0.0,0.0,32.0,14.0,1.0,1.0,0.0,0.0,0.0,4.0,1.0,0.0,0.0,0.0,31.0,17.0,1.0,2.0,0.0,0.0,0.0,2.0,1.0,26.0,15.0,2.0,3.0,0.0,0.0,3.0,1.0,0.0,0.0,23.0,17.0,4.0,2.0,0.0,0.0,2.0,0.0,0.0,0.0,0.0,18.0,19.0,1.0,3.0,0.0,0.0,1.0,1.0,0.0,23.0,11.0,3.0,2.0,0.0,0.0,0.0,2.0,0.0,0.0,0.0,20.0,11.0,3.0,0.0,0.0,0.0,2.0,1.0,0.0,0.0,0.0,18.0,12.0,3.0,1.0,0.0,0.0,0.0,0.0,20.0,5.0,0.0,0.0,0.0,3.0,2.0,0.0,0.0,0.0,5.0,0.0,2.0,0.0,0.0,0.0,4.0,0.0,0.0,2.0,1.0,1.0,1.0,0.0,3.0,0.0,8.0,1.0,3.0,1.0,0.0,0.0,1.0,0.0,0.0,0.0,0.0,0.0,0.0,0.0,0.0,0.0,0.0,0.0,0.0,0.0,0.0,0.0,0.0,0.0,6.0,3.0,3.0,8.0,0.0,0.0,0.0,4.0,0.0,0.0,0.0,7.0,4.0,0.0,0.0,1.0,0.0,0.0,0.0,0.0,4.0,1.0,3.0,0.0,1.0,1.0,0.0,0.0,0.0,1.0,1.0,0.0,3.0,4.0,23.0,6.0,0.0,20.0,12.0,12.0,7.0,24.0
CHEMBL1684800,Inhibition,13.0,24.0,10.0,4.0,0.0,3.0,4.0,32.0,14.0,3.0,0.0,3.0,2.0,5.0,2.0,3.0,3.0,3.0,3.0,30.0,13.0,7.0,0.0,6.0,3.0,9.0,4.0,0.0,19.0,20.0,10.0,0.0,6.0,7.0,0.0,0.0,0.0,0.0,23.0,15.0,6.0,0.0,3.0,3.0,1.0,4.0,3.0,4.0,0.0,24.0,17.0,6.0,0.0,3.0,4.0,0.0,1.0,0.0,22.0,16.0,3.0,0.0,0.0,0.0,0.0,1.0,3.0,3.0,4.0,25.0,7.0,6.0,0.0,3.0,4.0,3.0,1.0,0.0,0.0,0.0,24.0,9.0,6.0,0.0,6.0,8.0,0.0,1.0,23.0,4.0,4.0,6.0,8.0,3.0,3.0,0.0,0.0,0.0,1.0,0.0,0.0,0.0,0.0,0.0,0.0,0.0,0.0,2.0,3.0,3.0,2.0,3.0,0.0,1.0,6.0,2.0,0.0,0.0,0.0,0.0,0.0,0.0,0.0,0.0,0.0,0.0,0.0,0.0,0.0,0.0,0.0,0.0,0.0,0.0,0.0,0.0,0.0,0.0,0.0,0.0,0.0,0.0,0.0,0.0,0.0,0.0,0.0,0.0,0.0,3.0,0.0,0.0,0.0,2.0,0.0,1.0,1.0,3.0,4.0,3.0,0.0,0.0,3.0,1.0,0.0,3.0,1.0,0.0,1.0,3.0,1.0,2.0,23.0,2.0,2.0,14.0,11.0,11.0,11.0,28.0
CHEMBL483506,Inhibition,13.0,21.0,13.0,1.0,0.0,0.0,0.0,30.0,12.0,1.0,0.0,0.0,0.0,0.0,3.0,1.0,0.0,0.0,0.0,26.0,18.0,3.0,0.0,0.0,0.0,0.0,0.0,0.0,23.0,13.0,3.0,0.0,0.0,0.0,3.0,0.0,0.0,0.0,26.0,11.0,3.0,0.0,0.0,0.0,2.0,1.0,0.0,0.0,0.0,23.0,15.0,3.0,0.0,0.0,0.0,0.0,0.0,0.0,24.0,11.0,1.0,0.0,0.0,0.0,0.0,1.0,2.0,0.0,0.0,18.0,15.0,2.0,0.0,0.0,0.0,0.0,0.0,0.0,0.0,0.0,21.0,5.0,0.0,0.0,0.0,0.0,2.0,2.0,18.0,7.0,2.0,0.0,0.0,1.0,0.0,0.0,0.0,0.0,1.0,0.0,0.0,0.0,0.0,1.0,0.0,0.0,0.0,2.0,2.0,1.0,1.0,0.0,1.0,0.0,4.0,1.0,0.0,0.0,0.0,0.0,0.0,0.0,0.0,0.0,0.0,0.0,0.0,0.0,0.0,0.0,0.0,0.0,0.0,0.0,0.0,0.0,0.0,0.0,0.0,0.0,0.0,0.0,0.0,0.0,0.0,0.0,0.0,0.0,0.0,3.0,1.0,0.0,1.0,1.0,0.0,0.0,0.0,0.0,3.0,1.0,0.0,0.0,1.0,1.0,0.0,0.0,0.0,0.0,1.0,2.0,3.0,3.0,24.0,3.0,2.0,14.0,7.0,7.0,8.0,25.0
CHEMBL525070,Inhibition,0.0,20.0,14.0,2.0,2.0,0.0,0.0,28.0,14.0,2.0,2.0,0.0,0.0,0.0,5.0,1.0,0.0,0.0,0.0,26.0,18.0,3.0,2.0,0.0,0.0,0.0,1.0,2.0,23.0,14.0,8.0,1.0,0.0,0.0,5.0,0.0,0.0,0.0,23.0,16.0,6.0,1.0,0.0,0.0,2.0,1.0,0.0,0.0,1.0,20.0,22.0,6.0,1.0,0.0,0.0,0.0,1.0,0.0,23.0,12.0,4.0,2.0,0.0,0.0,0.0,4.0,3.0,0.0,0.0,25.0,12.0,2.0,0.0,0.0,0.0,0.0,1.0,0.0,0.0,0.0,18.0,13.0,4.0,2.0,0.0,0.0,3.0,0.0,14.0,11.0,2.0,0.0,0.0,0.0,3.0,0.0,0.0,2.0,4.0,2.0,2.0,1.0,0.0,0.0,0.0,0.0,0.0,0.0,2.0,1.0,1.0,0.0,1.0,0.0,7.0,1.0,5.0,1.0,0.0,0.0,1.0,3.0,0.0,0.0,1.0,1.0,1.0,2.0,1.0,0.0,0.0,0.0,2.0,2.0,0.0,3.0,0.0,0.0,5.0,0.0,0.0,5.0,1.0,1.0,1.0,3.0,1.0,1.0,0.0,4.0,2.0,1.0,1.0,0.0,1.0,1.0,0.0,0.0,4.0,1.0,1.0,1.0,2.0,0.0,2.0,0.0,0.0,0.0,1.0,0.0,3.0,4.0,21.0,5.0,0.0,18.0,14.0,14.0,8.0,23.0
CHEMBL520451,Inhibition,0.0,21.0,15.0,1.0,0.0,2.0,2.0,31.0,15.0,1.0,0.0,4.0,0.0,4.0,2.0,1.0,0.0,0.0,0.0,30.0,16.0,1.0,0.0,4.0,0.0,4.0,2.0,1.0,26.0,12.0,4.0,0.0,3.0,3.0,4.0,0.0,1.0,1.0,24.0,17.0,4.0,0.0,2.0,2.0,1.0,0.0,0.0,0.0,0.0,26.0,13.0,1.0,0.0,1.0,1.0,1.0,1.0,0.0,25.0,11.0,1.0,0.0,2.0,0.0,2.0,2.0,0.0,1.0,1.0,21.0,13.0,1.0,0.0,4.0,4.0,1.0,1.0,0.0,0.0,0.0,18.0,12.0,3.0,0.0,2.0,2.0,0.0,0.0,17.0,6.0,1.0,1.0,1.0,2.0,2.0,1.0,1.0,0.0,9.0,0.0,3.0,0.0,0.0,0.0,7.0,0.0,0.0,0.0,1.0,1.0,1.0,2.0,3.0,0.0,10.0,1.0,4.0,1.0,0.0,0.0,1.0,0.0,0.0,0.0,0.0,0.0,0.0,0.0,0.0,0.0,0.0,0.0,0.0,0.0,0.0,0.0,0.0,0.0,7.0,4.0,3.0,10.0,0.0,0.0,0.0,4.0,0.0,0.0,0.0,9.0,7.0,0.0,0.0,1.0,0.0,0.0,0.0,2.0,4.0,1.0,3.0,0.0,1.0,0.0,1.0,0.0,0.0,2.0,1.0,0.0,2.0,2.0,18.0,5.0,0.0,16.0,17.0,17.0,7.0,21.0
CHEMBL482910,Inhibition,0.0,13.0,13.0,3.0,2.0,0.0,0.0,20.0,10.0,3.0,3.0,0.0,0.0,0.0,5.0,1.0,0.0,0.0,0.0,19.0,16.0,3.0,0.0,0.0,0.0,0.0,0.0,1.0,17.0,10.0,4.0,1.0,0.0,0.0,5.0,0.0,0.0,0.0,17.0,13.0,2.0,1.0,0.0,0.0,1.0,2.0,0.0,0.0,0.0,13.0,15.0,5.0,2.0,0.0,0.0,0.0,0.0,0.0,17.0,5.0,1.0,2.0,0.0,0.0,0.0,1.0,4.0,0.0,0.0,12.0,7.0,4.0,0.0,0.0,0.0,0.0,0.0,0.0,0.0,0.0,8.0,3.0,2.0,1.0,0.0,0.0,3.0,3.0,7.0,6.0,3.0,0.0,0.0,0.0,0.0,0.0,0.0,1.0,9.0,2.0,4.0,0.0,2.0,1.0,2.0,0.0,2.0,0.0,1.0,1.0,1.0,0.0,2.0,1.0,11.0,1.0,7.0,1.0,1.0,0.0,1.0,5.0,2.0,1.0,0.0,2.0,0.0,4.0,1.0,0.0,0.0,0.0,1.0,6.0,0.0,4.0,0.0,0.0,5.0,0.0,0.0,5.0,0.0,0.0,0.0,2.0,1.0,2.0,2.0,6.0,3.0,0.0,1.0,0.0,2.0,2.0,0.0,0.0,4.0,1.0,0.0,2.0,2.0,0.0,2.0,0.0,0.0,0.0,1.0,0.0,2.0,3.0,11.0,6.0,0.0,18.0,17.0,17.0,6.0,13.0
CHEMBL483318,Inhibition,27.0,20.0,11.0,3.0,0.0,0.0,0.0,26.0,11.0,5.0,0.0,0.0,0.0,0.0,3.0,1.0,0.0,0.0,0.0,23.0,16.0,4.0,0.0,0.0,0.0,0.0,0.0,2.0,25.0,10.0,8.0,0.0,0.0,0.0,3.0,0.0,0.0,0.0,28.0,9.0,7.0,0.0,0.0,0.0,1.0,1.0,0.0,0.0,2.0,24.0,15.0,7.0,0.0,0.0,0.0,0.0,0.0,1.0,20.0,11.0,5.0,0.0,0.0,0.0,0.0,1.0,1.0,0.0,0.0,14.0,14.0,4.0,0.0,0.0,0.0,0.0,2.0,0.0,0.0,0.0,20.0,2.0,2.0,0.0,0.0,0.0,2.0,2.0,18.0,7.0,3.0,0.0,0.0,0.0,2.0,0.0,0.0,2.0,2.0,2.0,0.0,0.0,0.0,0.0,1.0,0.0,0.0,3.0,2.0,0.0,1.0,0.0,1.0,0.0,8.0,1.0,4.0,0.0,0.0,0.0,0.0,2.0,0.0,0.0,0.0,0.0,0.0,0.0,0.0,0.0,0.0,0.0,0.0,0.0,0.0,2.0,2.0,0.0,2.0,2.0,1.0,4.0,0.0,0.0,2.0,1.0,2.0,4.0,0.0,3.0,3.0,0.0,2.0,0.0,4.0,2.0,0.0,0.0,3.0,1.0,0.0,2.0,3.0,3.0,0.0,0.0,0.0,0.0,1.0,2.0,2.0,2.0,18.0,2.0,2.0,14.0,13.0,13.0,10.0,22.0
CHEMBL521469,Inhibition,0.0,22.0,14.0,1.0,0.0,0.0,0.0,32.0,13.0,1.0,0.0,0.0,0.0,0.0,3.0,1.0,0.0,0.0,0.0,29.0,18.0,4.0,0.0,0.0,0.0,0.0,0.0,0.0,28.0,11.0,3.0,0.0,0.0,0.0,4.0,0.0,0.0,0.0,28.0,15.0,2.0,0.0,0.0,0.0,1.0,1.0,0.0,0.0,0.0,25.0,17.0,2.0,0.0,0.0,0.0,0.0,1.0,0.0,25.0,12.0,3.0,0.0,0.0,0.0,0.0,1.0,1.0,0.0,0.0,21.0,15.0,3.0,0.0,0.0,0.0,0.0,0.0,0.0,0.0,0.0,27.0,3.0,0.0,0.0,0.0,0.0,3.0,2.0,20.0,10.0,2.0,0.0,0.0,0.0,0.0,0.0,0.0,0.0,2.0,0.0,1.0,0.0,0.0,0.0,0.0,1.0,0.0,3.0,1.0,0.0,1.0,0.0,2.0,0.0,6.0,1.0,1.0,0.0,0.0,0.0,0.0,0.0,0.0,0.0,0.0,0.0,0.0,0.0,0.0,0.0,0.0,0.0,0.0,0.0,0.0,0.0,0.0,0.0,1.0,1.0,0.0,2.0,0.0,0.0,1.0,0.0,0.0,0.0,0.0,4.0,3.0,0.0,2.0,1.0,0.0,0.0,0.0,0.0,3.0,1.0,0.0,0.0,1.0,1.0,1.0,0.0,0.0,0.0,1.0,2.0,3.0,3.0,24.0,3.0,2.0,15.0,8.0,8.0,9.0,25.0
CHEMBL1215346,Inhibition,95.0,27.0,8.0,2.0,1.0,0.0,0.0,37.0,11.0,5.0,3.0,0.0,0.0,0.0,0.0,3.0,0.0,0.0,0.0,33.0,12.0,12.0,4.0,0.0,0.0,0.0,0.0,0.0,30.0,11.0,14.0,3.0,0.0,0.0,0.0,1.0,0.0,0.0,32.0,9.0,11.0,2.0,0.0,0.0,2.0,1.0,0.0,0.0,0.0,36.0,9.0,9.0,2.0,0.0,0.0,1.0,1.0,0.0,38.0,11.0,9.0,1.0,0.0,0.0,0.0,1.0,3.0,0.0,0.0,32.0,11.0,10.0,1.0,0.0,0.0,0.0,1.0,0.0,0.0,3.0,24.0,8.0,6.0,3.0,0.0,0.0,1.0,3.0,16.0,10.0,11.0,0.0,0.0,0.0,1.0,0.0,0.0,0.0,6.0,0.0,4.0,2.0,0.0,0.0,0.0,1.0,0.0,2.0,2.0,1.0,2.0,0.0,1.0,0.0,12.0,2.0,6.0,1.0,0.0,1.0,2.0,3.0,0.0,0.0,0.0,1.0,1.0,1.0,0.0,0.0,0.0,0.0,0.0,0.0,0.0,1.0,1.0,0.0,2.0,1.0,0.0,2.0,0.0,0.0,0.0,0.0,0.0,0.0,0.0,4.0,3.0,0.0,0.0,1.0,0.0,0.0,0.0,0.0,3.0,1.0,0.0,0.0,4.0,0.0,5.0,0.0,0.0,1.0,1.0,4.0,0.0,1.0,17.0,2.0,11.0,11.0,17.0,17.0,8.0,25.0
CHEMBL1412853,Inhibition,27.0,13.0,5.0,0.0,1.0,0.0,0.0,16.0,5.0,2.0,4.0,0.0,0.0,0.0,3.0,2.0,0.0,0.0,0.0,12.0,8.0,8.0,4.0,0.0,0.0,0.0,0.0,0.0,9.0,8.0,8.0,3.0,0.0,0.0,0.0,4.0,0.0,0.0,10.0,7.0,6.0,2.0,0.0,0.0,0.0,0.0,0.0,0.0,0.0,11.0,5.0,4.0,0.0,0.0,0.0,0.0,0.0,0.0,10.0,2.0,0.0,0.0,0.0,0.0,0.0,0.0,0.0,0.0,0.0,6.0,2.0,0.0,0.0,0.0,0.0,0.0,0.0,0.0,0.0,0.0,3.0,0.0,0.0,0.0,0.0,0.0,0.0,0.0,1.0,0.0,0.0,0.0,0.0,0.0,0.0,0.0,0.0,0.0,0.0,0.0,0.0,0.0,0.0,0.0,0.0,0.0,0.0,1.0,0.0,0.0,0.0,0.0,0.0,0.0,1.0,0.0,0.0,0.0,0.0,0.0,0.0,0.0,0.0,0.0,0.0,0.0,0.0,0.0,0.0,0.0,0.0,0.0,0.0,0.0,0.0,0.0,0.0,0.0,0.0,0.0,0.0,0.0,0.0,0.0,0.0,0.0,0.0,0.0,0.0,0.0,0.0,0.0,0.0,0.0,0.0,0.0,0.0,0.0,1.0,0.0,0.0,0.0,2.0,1.0,0.0,0.0,0.0,0.0,0.0,0.0,1.0,2.0,15.0,2.0,8.0,6.0,2.0,2.0,2.0,15.0
CHEMBL1934353,Inhibition,104.0,23.0,13.0,1.0,1.0,0.0,1.0,32.0,17.0,3.0,2.0,0.0,2.0,2.0,3.0,3.0,0.0,0.0,0.0,36.0,16.0,4.0,2.0,0.0,2.0,2.0,3.0,1.0,31.0,19.0,6.0,3.0,0.0,1.0,1.0,0.0,0.0,2.0,27.0,21.0,8.0,2.0,0.0,3.0,1.0,0.0,0.0,0.0,0.0,25.0,18.0,5.0,2.0,0.0,2.0,0.0,2.0,0.0,25.0,12.0,5.0,2.0,0.0,3.0,3.0,2.0,2.0,0.0,0.0,22.0,12.0,6.0,0.0,0.0,3.0,1.0,0.0,0.0,0.0,0.0,18.0,14.0,2.0,1.0,0.0,2.0,0.0,4.0,21.0,6.0,3.0,0.0,1.0,2.0,0.0,0.0,0.0,1.0,5.0,2.0,2.0,0.0,0.0,0.0,3.0,0.0,0.0,2.0,1.0,0.0,1.0,0.0,2.0,0.0,9.0,1.0,5.0,1.0,0.0,0.0,1.0,3.0,0.0,0.0,0.0,0.0,2.0,2.0,1.0,0.0,0.0,0.0,1.0,2.0,0.0,2.0,2.0,0.0,4.0,3.0,3.0,6.0,0.0,0.0,0.0,3.0,0.0,0.0,0.0,5.0,3.0,0.0,0.0,1.0,0.0,0.0,0.0,0.0,4.0,1.0,1.0,0.0,3.0,0.0,2.0,0.0,0.0,1.0,1.0,0.0,2.0,3.0,21.0,4.0,0.0,15.0,14.0,14.0,7.0,25.0
CHEMBL4160587,Inhibition,100.0,27.0,8.0,3.0,0.0,0.0,0.0,37.0,10.0,3.0,0.0,0.0,0.0,0.0,1.0,2.0,0.0,0.0,0.0,36.0,11.0,7.0,0.0,0.0,0.0,0.0,0.0,1.0,33.0,15.0,11.0,0.0,0.0,0.0,0.0,0.0,0.0,0.0,36.0,14.0,11.0,0.0,0.0,0.0,2.0,2.0,0.0,0.0,1.0,35.0,12.0,12.0,0.0,0.0,0.0,1.0,1.0,0.0,31.0,8.0,6.0,0.0,0.0,0.0,0.0,0.0,1.0,0.0,0.0,26.0,4.0,5.0,0.0,0.0,0.0,2.0,2.0,0.0,0.0,0.0,18.0,8.0,8.0,0.0,0.0,0.0,0.0,1.0,18.0,7.0,5.0,0.0,0.0,0.0,0.0,0.0,0.0,1.0,1.0,1.0,0.0,0.0,0.0,0.0,0.0,0.0,0.0,0.0,2.0,2.0,2.0,0.0,0.0,0.0,6.0,2.0,2.0,1.0,0.0,1.0,1.0,0.0,0.0,0.0,0.0,0.0,2.0,0.0,0.0,0.0,0.0,0.0,0.0,0.0,0.0,0.0,0.0,0.0,2.0,0.0,0.0,1.0,0.0,0.0,1.0,0.0,0.0,1.0,0.0,3.0,1.0,0.0,1.0,1.0,1.0,1.0,0.0,0.0,2.0,2.0,0.0,1.0,3.0,0.0,0.0,0.0,0.0,0.0,2.0,4.0,1.0,2.0,23.0,3.0,9.0,11.0,9.0,9.0,7.0,29.0
CHEMBL4092825,Inhibition,6.0,19.0,7.0,0.0,0.0,0.0,0.0,25.0,10.0,0.0,0.0,0.0,0.0,0.0,2.0,0.0,0.0,0.0,0.0,23.0,12.0,0.0,0.0,0.0,0.0,0.0,1.0,0.0,19.0,12.0,0.0,0.0,0.0,0.0,0.0,0.0,0.0,0.0,18.0,8.0,0.0,0.0,0.0,0.0,0.0,0.0,0.0,0.0,0.0,15.0,8.0,0.0,0.0,0.0,0.0,0.0,0.0,0.0,14.0,8.0,0.0,0.0,0.0,0.0,0.0,0.0,0.0,0.0,0.0,12.0,6.0,0.0,0.0,0.0,0.0,0.0,0.0,0.0,0.0,0.0,8.0,7.0,0.0,0.0,0.0,0.0,0.0,0.0,7.0,5.0,0.0,0.0,0.0,4.0,0.0,0.0,0.0,0.0,2.0,0.0,1.0,0.0,0.0,1.0,0.0,0.0,0.0,0.0,1.0,0.0,0.0,0.0,0.0,0.0,5.0,0.0,1.0,0.0,0.0,0.0,0.0,0.0,0.0,0.0,0.0,0.0,0.0,0.0,0.0,0.0,0.0,0.0,0.0,0.0,0.0,0.0,0.0,0.0,2.0,0.0,0.0,1.0,0.0,0.0,0.0,0.0,0.0,0.0,0.0,3.0,1.0,0.0,0.0,0.0,0.0,0.0,0.0,0.0,3.0,0.0,1.0,0.0,0.0,0.0,0.0,0.0,0.0,0.0,1.0,0.0,2.0,2.0,16.0,4.0,2.0,7.0,5.0,5.0,1.0,16.0
CHEMBL4159505,Inhibition,38.0,12.0,11.0,1.0,0.0,0.0,0.0,22.0,7.0,2.0,0.0,0.0,0.0,0.0,3.0,0.0,0.0,0.0,0.0,19.0,12.0,2.0,0.0,0.0,0.0,0.0,1.0,0.0,16.0,12.0,2.0,0.0,0.0,0.0,3.0,0.0,0.0,0.0,16.0,12.0,2.0,0.0,0.0,0.0,1.0,0.0,0.0,0.0,0.0,12.0,14.0,2.0,0.0,0.0,0.0,0.0,1.0,0.0,11.0,5.0,1.0,0.0,0.0,0.0,0.0,2.0,3.0,0.0,0.0,6.0,6.0,2.0,0.0,0.0,0.0,0.0,0.0,0.0,0.0,0.0,4.0,1.0,0.0,0.0,0.0,0.0,0.0,1.0,2.0,0.0,2.0,0.0,0.0,0.0,0.0,0.0,0.0,0.0,2.0,0.0,1.0,0.0,0.0,0.0,0.0,1.0,0.0,2.0,0.0,0.0,0.0,0.0,1.0,0.0,4.0,0.0,1.0,0.0,0.0,0.0,0.0,0.0,0.0,0.0,0.0,0.0,0.0,0.0,0.0,0.0,0.0,0.0,0.0,0.0,0.0,0.0,0.0,0.0,1.0,1.0,0.0,2.0,0.0,0.0,0.0,0.0,0.0,0.0,0.0,3.0,3.0,0.0,0.0,0.0,0.0,0.0,0.0,0.0,2.0,0.0,0.0,0.0,1.0,0.0,0.0,0.0,0.0,1.0,0.0,0.0,2.0,3.0,15.0,3.0,0.0,12.0,7.0,7.0,3.0,14.0
CHEMBL2436976,Inhibition,98.0,16.0,9.0,6.0,0.0,0.0,0.0,28.0,6.0,6.0,0.0,0.0,0.0,0.0,4.0,0.0,0.0,0.0,0.0,27.0,13.0,6.0,0.0,0.0,0.0,0.0,0.0,0.0,24.0,11.0,9.0,0.0,0.0,0.0,0.0,0.0,0.0,0.0,22.0,10.0,7.0,0.0,0.0,0.0,2.0,0.0,0.0,0.0,0.0,21.0,8.0,4.0,0.0,0.0,0.0,2.0,2.0,0.0,15.0,11.0,5.0,0.0,0.0,0.0,0.0,1.0,1.0,0.0,0.0,13.0,7.0,6.0,0.0,0.0,0.0,1.0,2.0,0.0,0.0,0.0,10.0,8.0,6.0,0.0,0.0,0.0,0.0,1.0,8.0,5.0,2.0,0.0,0.0,0.0,4.0,0.0,0.0,0.0,0.0,0.0,0.0,0.0,0.0,0.0,0.0,0.0,0.0,3.0,0.0,0.0,0.0,0.0,0.0,3.0,3.0,0.0,0.0,0.0,0.0,0.0,0.0,0.0,0.0,0.0,0.0,0.0,0.0,0.0,0.0,0.0,0.0,0.0,0.0,0.0,0.0,0.0,0.0,0.0,0.0,0.0,0.0,0.0,0.0,0.0,0.0,0.0,0.0,0.0,0.0,0.0,0.0,0.0,0.0,0.0,0.0,3.0,3.0,0.0,1.0,0.0,0.0,0.0,3.0,0.0,0.0,0.0,3.0,0.0,0.0,0.0,3.0,4.0,21.0,4.0,0.0,15.0,6.0,6.0,3.0,18.0
CHEMBL572878,Inhibition,102.0,17.0,16.0,1.0,2.0,0.0,0.0,22.0,17.0,1.0,2.0,0.0,0.0,0.0,4.0,1.0,0.0,0.0,0.0,20.0,18.0,3.0,4.0,0.0,0.0,0.0,2.0,0.0,20.0,13.0,2.0,2.0,0.0,0.0,4.0,0.0,0.0,0.0,22.0,17.0,2.0,3.0,0.0,0.0,2.0,0.0,0.0,0.0,0.0,20.0,19.0,1.0,4.0,0.0,0.0,2.0,0.0,0.0,24.0,9.0,0.0,2.0,0.0,0.0,0.0,6.0,0.0,0.0,0.0,19.0,19.0,1.0,4.0,0.0,0.0,0.0,0.0,0.0,0.0,0.0,22.0,12.0,0.0,0.0,0.0,0.0,3.0,2.0,15.0,16.0,2.0,0.0,0.0,1.0,0.0,0.0,0.0,1.0,5.0,0.0,2.0,0.0,0.0,0.0,2.0,2.0,0.0,2.0,2.0,1.0,1.0,0.0,2.0,0.0,10.0,1.0,6.0,1.0,2.0,0.0,1.0,3.0,0.0,0.0,0.0,2.0,0.0,1.0,0.0,0.0,0.0,0.0,0.0,1.0,0.0,2.0,0.0,0.0,5.0,2.0,1.0,6.0,0.0,0.0,0.0,2.0,0.0,0.0,0.0,6.0,4.0,0.0,0.0,1.0,0.0,0.0,0.0,0.0,4.0,1.0,2.0,0.0,1.0,1.0,1.0,0.0,0.0,1.0,1.0,0.0,3.0,4.0,17.0,6.0,0.0,19.0,18.0,18.0,8.0,22.0
CHEMBL1957505,Inhibition,50.0,16.0,17.0,3.0,0.0,0.0,0.0,26.0,20.0,3.0,0.0,0.0,0.0,0.0,2.0,1.0,0.0,0.0,0.0,28.0,15.0,2.0,0.0,0.0,0.0,0.0,5.0,2.0,21.0,25.0,3.0,0.0,0.0,0.0,2.0,1.0,0.0,0.0,23.0,22.0,4.0,0.0,0.0,0.0,2.0,1.0,0.0,0.0,0.0,30.0,12.0,2.0,0.0,0.0,0.0,4.0,5.0,0.0,25.0,15.0,9.0,0.0,0.0,0.0,0.0,3.0,0.0,0.0,0.0,20.0,16.0,7.0,0.0,0.0,0.0,3.0,0.0,0.0,0.0,0.0,13.0,15.0,6.0,0.0,0.0,0.0,0.0,1.0,14.0,2.0,3.0,0.0,0.0,4.0,4.0,0.0,0.0,0.0,7.0,0.0,4.0,1.0,2.0,1.0,1.0,1.0,2.0,2.0,1.0,1.0,1.0,0.0,2.0,1.0,10.0,1.0,4.0,0.0,0.0,0.0,0.0,1.0,0.0,0.0,0.0,0.0,0.0,0.0,0.0,0.0,0.0,0.0,0.0,0.0,0.0,2.0,1.0,0.0,4.0,1.0,0.0,5.0,0.0,0.0,1.0,1.0,1.0,2.0,2.0,7.0,5.0,0.0,1.0,0.0,2.0,2.0,0.0,0.0,3.0,1.0,0.0,2.0,2.0,0.0,1.0,0.0,0.0,1.0,1.0,0.0,3.0,5.0,18.0,7.0,2.0,20.0,15.0,15.0,7.0,19.0
CHEMBL2347710,Inhibition,94.0,14.0,6.0,3.0,2.0,0.0,0.0,21.0,3.0,2.0,2.0,0.0,0.0,0.0,2.0,2.0,0.0,0.0,0.0,19.0,7.0,5.0,3.0,0.0,0.0,0.0,0.0,0.0,18.0,4.0,4.0,2.0,0.0,0.0,1.0,1.0,0.0,0.0,15.0,6.0,4.0,3.0,0.0,0.0,0.0,0.0,0.0,0.0,0.0,12.0,6.0,3.0,3.0,0.0,0.0,0.0,0.0,0.0,9.0,6.0,3.0,2.0,0.0,0.0,0.0,0.0,1.0,0.0,0.0,8.0,5.0,1.0,0.0,0.0,0.0,0.0,1.0,0.0,0.0,0.0,5.0,4.0,3.0,0.0,0.0,0.0,0.0,0.0,5.0,2.0,2.0,0.0,0.0,0.0,1.0,0.0,0.0,0.0,1.0,0.0,0.0,0.0,0.0,1.0,0.0,0.0,0.0,2.0,1.0,0.0,0.0,0.0,0.0,1.0,4.0,0.0,1.0,0.0,0.0,0.0,0.0,0.0,0.0,0.0,0.0,0.0,0.0,0.0,0.0,0.0,0.0,0.0,0.0,0.0,0.0,0.0,0.0,0.0,1.0,0.0,0.0,1.0,0.0,0.0,0.0,0.0,0.0,0.0,0.0,2.0,1.0,0.0,0.0,0.0,0.0,2.0,1.0,0.0,2.0,0.0,0.0,0.0,2.0,1.0,0.0,0.0,1.0,0.0,0.0,0.0,1.0,2.0,15.0,2.0,2.0,11.0,5.0,5.0,4.0,15.0
CHEMBL521000,Inhibition,0.0,16.0,14.0,1.0,0.0,0.0,0.0,26.0,11.0,1.0,0.0,0.0,0.0,0.0,4.0,1.0,0.0,0.0,0.0,16.0,20.0,2.0,0.0,0.0,0.0,0.0,1.0,1.0,21.0,14.0,4.0,0.0,0.0,0.0,3.0,0.0,0.0,0.0,22.0,10.0,3.0,0.0,0.0,0.0,2.0,2.0,0.0,0.0,0.0,18.0,16.0,2.0,0.0,0.0,0.0,0.0,1.0,0.0,22.0,8.0,3.0,0.0,0.0,0.0,0.0,2.0,1.0,0.0,0.0,15.0,15.0,1.0,0.0,0.0,0.0,0.0,0.0,0.0,0.0,0.0,22.0,3.0,2.0,0.0,0.0,0.0,2.0,0.0,9.0,11.0,2.0,0.0,0.0,0.0,0.0,0.0,0.0,1.0,5.0,1.0,2.0,1.0,0.0,1.0,0.0,1.0,0.0,4.0,2.0,1.0,1.0,0.0,2.0,0.0,12.0,1.0,8.0,1.0,4.0,0.0,1.0,9.0,0.0,0.0,1.0,1.0,0.0,2.0,1.0,0.0,0.0,0.0,2.0,2.0,0.0,9.0,3.0,0.0,6.0,1.0,0.0,7.0,1.0,1.0,1.0,3.0,0.0,0.0,0.0,7.0,5.0,1.0,1.0,0.0,0.0,0.0,0.0,0.0,4.0,1.0,1.0,0.0,1.0,2.0,2.0,0.0,0.0,1.0,1.0,0.0,2.0,2.0,12.0,3.0,0.0,15.0,17.0,17.0,9.0,17.0
CHEMBL484706,Inhibition,0.0,16.0,12.0,2.0,0.0,0.0,0.0,23.0,10.0,3.0,0.0,0.0,0.0,0.0,4.0,1.0,0.0,0.0,0.0,17.0,16.0,5.0,0.0,0.0,0.0,0.0,0.0,1.0,17.0,11.0,5.0,0.0,0.0,0.0,2.0,0.0,0.0,0.0,22.0,8.0,1.0,0.0,0.0,0.0,1.0,1.0,0.0,0.0,1.0,15.0,12.0,3.0,0.0,0.0,0.0,0.0,0.0,0.0,13.0,7.0,2.0,0.0,0.0,0.0,0.0,2.0,2.0,0.0,0.0,12.0,9.0,2.0,0.0,0.0,0.0,0.0,1.0,0.0,0.0,0.0,13.0,5.0,2.0,0.0,0.0,0.0,1.0,1.0,12.0,3.0,1.0,0.0,0.0,0.0,2.0,0.0,0.0,2.0,7.0,4.0,3.0,0.0,0.0,0.0,2.0,0.0,0.0,0.0,1.0,0.0,1.0,0.0,2.0,0.0,10.0,1.0,8.0,1.0,1.0,0.0,1.0,7.0,2.0,1.0,0.0,2.0,0.0,5.0,1.0,0.0,0.0,0.0,1.0,7.0,0.0,6.0,3.0,1.0,5.0,3.0,3.0,8.0,2.0,4.0,2.0,4.0,2.0,2.0,0.0,5.0,4.0,0.0,2.0,0.0,2.0,1.0,0.0,0.0,3.0,1.0,0.0,1.0,2.0,0.0,3.0,0.0,0.0,0.0,1.0,0.0,2.0,2.0,12.0,4.0,0.0,14.0,15.0,15.0,5.0,16.0
CHEMBL2436980,Inhibition,98.0,22.0,6.0,6.0,0.0,0.0,0.0,35.0,7.0,6.0,0.0,0.0,0.0,0.0,1.0,0.0,0.0,0.0,0.0,35.0,9.0,6.0,0.0,0.0,0.0,0.0,0.0,0.0,32.0,7.0,9.0,0.0,0.0,0.0,0.0,0.0,0.0,0.0,29.0,8.0,7.0,0.0,0.0,0.0,0.0,0.0,0.0,0.0,0.0,27.0,9.0,4.0,0.0,0.0,0.0,0.0,2.0,0.0,22.0,9.0,5.0,0.0,0.0,0.0,0.0,1.0,1.0,0.0,0.0,20.0,4.0,6.0,0.0,0.0,0.0,1.0,2.0,0.0,0.0,0.0,18.0,4.0,6.0,0.0,0.0,0.0,0.0,1.0,14.0,3.0,6.0,0.0,0.0,0.0,0.0,0.0,0.0,0.0,0.0,0.0,0.0,0.0,0.0,0.0,0.0,0.0,0.0,3.0,0.0,0.0,0.0,0.0,0.0,3.0,3.0,0.0,0.0,0.0,0.0,0.0,0.0,0.0,0.0,0.0,0.0,0.0,0.0,0.0,0.0,0.0,0.0,0.0,0.0,0.0,0.0,0.0,0.0,0.0,0.0,0.0,0.0,0.0,0.0,0.0,0.0,0.0,0.0,0.0,0.0,0.0,0.0,0.0,0.0,0.0,0.0,3.0,3.0,0.0,0.0,0.0,0.0,0.0,3.0,0.0,0.0,0.0,3.0,0.0,0.0,0.0,1.0,3.0,24.0,3.0,0.0,12.0,7.0,7.0,3.0,23.0
CHEMBL1957508,Inhibition,50.0,16.0,14.0,5.0,0.0,0.0,0.0,24.0,19.0,4.0,0.0,0.0,0.0,0.0,2.0,1.0,0.0,0.0,0.0,27.0,14.0,3.0,0.0,0.0,0.0,0.0,5.0,2.0,20.0,25.0,3.0,0.0,0.0,0.0,1.0,2.0,0.0,0.0,23.0,20.0,5.0,0.0,0.0,0.0,2.0,1.0,0.0,0.0,0.0,29.0,11.0,3.0,0.0,0.0,0.0,4.0,4.0,1.0,24.0,14.0,9.0,0.0,0.0,0.0,0.0,2.0,1.0,0.0,0.0,19.0,14.0,8.0,0.0,0.0,0.0,2.0,1.0,0.0,0.0,0.0,12.0,12.0,8.0,0.0,0.0,0.0,0.0,1.0,12.0,1.0,4.0,0.0,0.0,2.0,6.0,0.0,0.0,0.0,7.0,0.0,4.0,1.0,3.0,1.0,1.0,0.0,3.0,1.0,1.0,1.0,1.0,0.0,1.0,2.0,9.0,1.0,4.0,0.0,0.0,0.0,0.0,1.0,0.0,0.0,0.0,0.0,0.0,0.0,0.0,0.0,0.0,0.0,0.0,0.0,0.0,1.0,0.0,1.0,3.0,0.0,0.0,3.0,0.0,0.0,1.0,1.0,1.0,3.0,3.0,4.0,2.0,0.0,1.0,0.0,2.0,4.0,0.0,0.0,2.0,1.0,0.0,2.0,3.0,0.0,1.0,0.0,0.0,0.0,1.0,0.0,3.0,5.0,18.0,7.0,2.0,19.0,14.0,14.0,7.0,18.0
CHEMBL3746959,Inhibition,11.0,21.0,12.0,4.0,0.0,2.0,2.0,30.0,10.0,7.0,0.0,4.0,0.0,4.0,4.0,1.0,0.0,0.0,0.0,26.0,18.0,8.0,0.0,4.0,0.0,4.0,0.0,1.0,26.0,10.0,6.0,0.0,3.0,3.0,2.0,2.0,0.0,0.0,25.0,12.0,5.0,0.0,2.0,2.0,1.0,2.0,0.0,0.0,0.0,23.0,12.0,5.0,0.0,2.0,2.0,0.0,2.0,0.0,22.0,9.0,4.0,0.0,5.0,0.0,5.0,2.0,1.0,0.0,0.0,16.0,13.0,4.0,0.0,1.0,1.0,0.0,0.0,3.0,3.0,0.0,13.0,9.0,4.0,0.0,4.0,4.0,1.0,1.0,12.0,9.0,4.0,0.0,0.0,0.0,0.0,3.0,3.0,1.0,4.0,2.0,2.0,0.0,0.0,0.0,1.0,0.0,0.0,1.0,1.0,0.0,0.0,2.0,1.0,1.0,9.0,1.0,5.0,0.0,0.0,1.0,1.0,3.0,0.0,0.0,0.0,0.0,0.0,2.0,1.0,0.0,0.0,0.0,1.0,2.0,0.0,2.0,0.0,2.0,2.0,0.0,0.0,2.0,0.0,0.0,0.0,1.0,0.0,3.0,0.0,3.0,1.0,0.0,0.0,2.0,0.0,2.0,1.0,2.0,3.0,0.0,0.0,0.0,3.0,0.0,2.0,0.0,0.0,1.0,0.0,1.0,2.0,2.0,18.0,4.0,6.0,16.0,11.0,11.0,5.0,22.0
CHEMBL3792850,Inhibition,100.0,23.0,10.0,1.0,0.0,0.0,0.0,30.0,16.0,1.0,0.0,0.0,0.0,0.0,0.0,1.0,0.0,0.0,0.0,30.0,12.0,2.0,0.0,0.0,0.0,0.0,2.0,1.0,23.0,12.0,4.0,0.0,0.0,0.0,1.0,1.0,0.0,0.0,23.0,10.0,4.0,0.0,0.0,0.0,0.0,0.0,0.0,0.0,0.0,21.0,9.0,2.0,0.0,0.0,0.0,1.0,0.0,0.0,19.0,9.0,1.0,0.0,0.0,0.0,0.0,0.0,0.0,0.0,0.0,20.0,6.0,0.0,0.0,0.0,0.0,0.0,1.0,0.0,0.0,0.0,20.0,2.0,2.0,0.0,0.0,0.0,2.0,0.0,15.0,6.0,2.0,0.0,0.0,1.0,0.0,0.0,0.0,0.0,5.0,0.0,2.0,0.0,0.0,0.0,4.0,0.0,0.0,0.0,1.0,1.0,1.0,0.0,2.0,0.0,6.0,1.0,2.0,0.0,0.0,0.0,0.0,0.0,0.0,0.0,0.0,0.0,0.0,0.0,0.0,0.0,0.0,0.0,0.0,0.0,0.0,0.0,0.0,0.0,4.0,2.0,1.0,6.0,0.0,0.0,0.0,2.0,0.0,0.0,0.0,6.0,4.0,0.0,0.0,3.0,0.0,0.0,0.0,0.0,3.0,1.0,2.0,0.0,1.0,0.0,0.0,0.0,0.0,2.0,1.0,2.0,1.0,2.0,21.0,4.0,2.0,11.0,12.0,12.0,6.0,24.0
CHEMBL411043,Inhibition,13.0,18.0,9.0,0.0,0.0,0.0,1.0,24.0,10.0,0.0,0.0,0.0,2.0,2.0,3.0,0.0,0.0,0.0,0.0,18.0,16.0,0.0,0.0,0.0,2.0,2.0,1.0,0.0,16.0,8.0,0.0,0.0,0.0,3.0,5.0,0.0,0.0,1.0,14.0,13.0,0.0,0.0,0.0,3.0,0.0,0.0,0.0,1.0,0.0,18.0,12.0,0.0,0.0,0.0,2.0,0.0,0.0,0.0,18.0,12.0,0.0,0.0,0.0,0.0,0.0,0.0,0.0,0.0,2.0,13.0,11.0,0.0,0.0,0.0,1.0,0.0,0.0,0.0,0.0,0.0,9.0,7.0,0.0,0.0,0.0,1.0,0.0,0.0,9.0,2.0,0.0,0.0,2.0,0.0,0.0,0.0,0.0,1.0,2.0,1.0,0.0,0.0,0.0,1.0,0.0,0.0,0.0,0.0,1.0,0.0,0.0,0.0,0.0,0.0,3.0,0.0,1.0,0.0,0.0,0.0,0.0,0.0,0.0,0.0,0.0,0.0,1.0,0.0,0.0,0.0,0.0,0.0,0.0,0.0,0.0,0.0,0.0,0.0,0.0,0.0,0.0,0.0,0.0,0.0,0.0,0.0,0.0,0.0,0.0,1.0,0.0,0.0,0.0,0.0,0.0,0.0,0.0,0.0,1.0,0.0,0.0,0.0,0.0,0.0,0.0,0.0,0.0,0.0,0.0,0.0,3.0,4.0,21.0,4.0,0.0,9.0,7.0,7.0,6.0,20.0
CHEMBL2333115,Inhibition,101.0,14.0,7.0,1.0,0.0,0.0,0.0,17.0,15.0,1.0,0.0,0.0,0.0,0.0,0.0,1.0,0.0,0.0,0.0,18.0,12.0,1.0,0.0,0.0,0.0,0.0,2.0,1.0,18.0,11.0,1.0,0.0,0.0,0.0,3.0,2.0,0.0,0.0,16.0,14.0,3.0,0.0,0.0,0.0,0.0,0.0,0.0,0.0,0.0,10.0,15.0,4.0,0.0,0.0,0.0,0.0,0.0,0.0,8.0,6.0,2.0,0.0,0.0,0.0,0.0,4.0,0.0,0.0,0.0,4.0,6.0,2.0,0.0,0.0,0.0,2.0,0.0,0.0,0.0,0.0,0.0,4.0,0.0,0.0,0.0,0.0,2.0,2.0,0.0,0.0,0.0,0.0,0.0,0.0,0.0,0.0,0.0,1.0,0.0,0.0,0.0,0.0,0.0,0.0,0.0,0.0,0.0,2.0,1.0,0.0,1.0,0.0,0.0,0.0,4.0,1.0,2.0,0.0,0.0,0.0,0.0,1.0,0.0,0.0,0.0,0.0,0.0,0.0,0.0,0.0,0.0,0.0,0.0,0.0,0.0,0.0,0.0,0.0,2.0,0.0,0.0,0.0,0.0,0.0,0.0,0.0,0.0,0.0,0.0,2.0,0.0,0.0,0.0,0.0,0.0,0.0,0.0,0.0,2.0,1.0,0.0,0.0,1.0,2.0,0.0,0.0,0.0,0.0,1.0,1.0,3.0,4.0,15.0,4.0,2.0,8.0,7.0,7.0,3.0,15.0
CHEMBL2333114,Inhibition,102.0,16.0,7.0,1.0,0.0,0.0,0.0,20.0,13.0,1.0,0.0,0.0,0.0,0.0,0.0,1.0,0.0,0.0,0.0,22.0,11.0,1.0,0.0,0.0,0.0,0.0,2.0,1.0,22.0,8.0,1.0,0.0,0.0,0.0,3.0,2.0,0.0,0.0,20.0,12.0,3.0,0.0,0.0,0.0,0.0,0.0,0.0,0.0,0.0,14.0,13.0,4.0,0.0,0.0,0.0,0.0,0.0,0.0,10.0,10.0,2.0,0.0,0.0,0.0,0.0,0.0,0.0,0.0,0.0,8.0,5.0,2.0,0.0,0.0,0.0,2.0,0.0,0.0,0.0,0.0,4.0,4.0,2.0,0.0,0.0,0.0,1.0,0.0,0.0,2.0,0.0,0.0,0.0,1.0,1.0,0.0,0.0,1.0,0.0,0.0,0.0,0.0,0.0,0.0,0.0,0.0,0.0,2.0,1.0,0.0,1.0,0.0,0.0,0.0,4.0,1.0,2.0,0.0,0.0,0.0,0.0,1.0,0.0,0.0,0.0,0.0,0.0,0.0,0.0,0.0,0.0,0.0,0.0,0.0,0.0,0.0,0.0,0.0,2.0,0.0,0.0,0.0,0.0,0.0,0.0,0.0,0.0,0.0,0.0,2.0,0.0,0.0,0.0,0.0,0.0,0.0,0.0,0.0,2.0,1.0,0.0,0.0,1.0,2.0,0.0,0.0,0.0,0.0,1.0,1.0,3.0,3.0,16.0,3.0,2.0,8.0,5.0,5.0,3.0,16.0
CHEMBL499624,Inhibition,0.0,27.0,14.0,1.0,0.0,0.0,0.0,38.0,14.0,1.0,0.0,0.0,0.0,0.0,4.0,1.0,0.0,0.0,0.0,34.0,19.0,3.0,0.0,0.0,0.0,0.0,1.0,0.0,29.0,16.0,4.0,0.0,0.0,0.0,2.0,0.0,0.0,0.0,31.0,11.0,3.0,0.0,0.0,0.0,3.0,1.0,0.0,0.0,0.0,27.0,16.0,3.0,0.0,0.0,0.0,0.0,0.0,0.0,27.0,13.0,3.0,0.0,0.0,0.0,0.0,2.0,1.0,0.0,0.0,27.0,15.0,2.0,0.0,0.0,0.0,0.0,0.0,0.0,0.0,0.0,27.0,10.0,0.0,0.0,0.0,0.0,2.0,2.0,22.0,12.0,2.0,0.0,0.0,0.0,0.0,0.0,0.0,1.0,6.0,2.0,2.0,0.0,0.0,0.0,2.0,0.0,0.0,0.0,2.0,1.0,1.0,0.0,2.0,0.0,8.0,1.0,4.0,0.0,0.0,0.0,0.0,1.0,0.0,0.0,0.0,0.0,2.0,0.0,0.0,0.0,0.0,0.0,0.0,0.0,0.0,0.0,0.0,0.0,6.0,0.0,0.0,6.0,0.0,0.0,2.0,2.0,0.0,0.0,0.0,6.0,3.0,1.0,1.0,2.0,0.0,0.0,0.0,0.0,4.0,1.0,2.0,0.0,1.0,0.0,2.0,0.0,0.0,1.0,1.0,2.0,2.0,2.0,24.0,4.0,2.0,15.0,14.0,14.0,7.0,28.0
CHEMBL502826,Inhibition,21.0,23.0,14.0,1.0,0.0,0.0,0.0,35.0,12.0,1.0,0.0,0.0,0.0,0.0,3.0,1.0,0.0,0.0,0.0,31.0,19.0,3.0,0.0,0.0,0.0,0.0,0.0,0.0,28.0,13.0,3.0,0.0,0.0,0.0,3.0,0.0,0.0,0.0,28.0,13.0,3.0,0.0,0.0,0.0,1.0,1.0,0.0,0.0,0.0,26.0,14.0,3.0,0.0,0.0,0.0,1.0,0.0,0.0,25.0,13.0,2.0,0.0,0.0,0.0,0.0,1.0,1.0,0.0,0.0,22.0,14.0,2.0,0.0,0.0,0.0,0.0,1.0,0.0,0.0,0.0,25.0,5.0,2.0,0.0,0.0,0.0,2.0,2.0,23.0,9.0,2.0,0.0,0.0,0.0,0.0,0.0,0.0,0.0,1.0,0.0,0.0,0.0,0.0,1.0,0.0,0.0,0.0,4.0,2.0,1.0,1.0,0.0,2.0,0.0,6.0,1.0,0.0,0.0,0.0,0.0,0.0,0.0,0.0,0.0,0.0,0.0,0.0,0.0,0.0,0.0,0.0,0.0,0.0,0.0,0.0,0.0,0.0,0.0,0.0,0.0,0.0,0.0,0.0,0.0,0.0,0.0,0.0,0.0,0.0,5.0,2.0,0.0,1.0,3.0,0.0,0.0,0.0,0.0,4.0,1.0,0.0,0.0,1.0,1.0,0.0,0.0,0.0,1.0,1.0,2.0,2.0,2.0,24.0,2.0,2.0,15.0,9.0,9.0,9.0,27.0
CHEMBL2035810,Inhibition,0.0,18.0,13.0,5.0,0.0,0.0,1.0,23.0,14.0,6.0,0.0,0.0,2.0,2.0,3.0,2.0,0.0,0.0,0.0,19.0,18.0,8.0,0.0,0.0,2.0,2.0,1.0,1.0,22.0,6.0,4.0,0.0,0.0,2.0,7.0,5.0,0.0,1.0,21.0,18.0,5.0,0.0,0.0,2.0,0.0,2.0,0.0,0.0,0.0,22.0,17.0,5.0,0.0,0.0,2.0,0.0,0.0,1.0,21.0,8.0,5.0,0.0,0.0,5.0,5.0,4.0,1.0,0.0,0.0,15.0,11.0,6.0,0.0,0.0,1.0,1.0,0.0,0.0,3.0,0.0,14.0,10.0,0.0,0.0,0.0,2.0,0.0,7.0,11.0,12.0,5.0,0.0,1.0,1.0,0.0,0.0,0.0,0.0,2.0,0.0,0.0,0.0,0.0,1.0,0.0,0.0,1.0,0.0,2.0,1.0,1.0,0.0,0.0,1.0,5.0,1.0,1.0,1.0,0.0,1.0,1.0,0.0,0.0,0.0,0.0,0.0,0.0,0.0,0.0,0.0,0.0,0.0,0.0,0.0,0.0,0.0,0.0,0.0,1.0,0.0,0.0,1.0,0.0,0.0,0.0,0.0,0.0,0.0,0.0,2.0,1.0,0.0,1.0,0.0,0.0,1.0,1.0,0.0,3.0,1.0,0.0,0.0,2.0,0.0,0.0,0.0,1.0,0.0,1.0,0.0,4.0,5.0,23.0,5.0,1.0,18.0,9.0,9.0,9.0,22.0
CHEMBL51085,Inhibition,0.0,13.0,2.0,1.0,0.0,0.0,0.0,15.0,4.0,1.0,0.0,0.0,0.0,0.0,0.0,1.0,0.0,0.0,0.0,12.0,4.0,3.0,0.0,0.0,0.0,0.0,0.0,0.0,9.0,3.0,4.0,0.0,0.0,0.0,0.0,0.0,0.0,0.0,11.0,0.0,3.0,0.0,0.0,0.0,0.0,0.0,0.0,0.0,0.0,10.0,0.0,1.0,0.0,0.0,0.0,0.0,0.0,0.0,6.0,0.0,0.0,0.0,0.0,0.0,0.0,0.0,0.0,0.0,0.0,2.0,0.0,0.0,0.0,0.0,0.0,0.0,0.0,0.0,0.0,0.0,0.0,0.0,0.0,0.0,0.0,0.0,0.0,0.0,0.0,0.0,0.0,0.0,0.0,0.0,0.0,0.0,0.0,0.0,0.0,0.0,0.0,0.0,0.0,0.0,0.0,0.0,0.0,0.0,0.0,0.0,0.0,0.0,1.0,0.0,1.0,1.0,0.0,0.0,0.0,0.0,0.0,0.0,0.0,0.0,0.0,0.0,0.0,0.0,0.0,0.0,0.0,0.0,0.0,0.0,0.0,0.0,0.0,0.0,0.0,0.0,0.0,0.0,0.0,0.0,0.0,0.0,0.0,0.0,0.0,1.0,0.0,0.0,0.0,1.0,0.0,0.0,0.0,0.0,1.0,1.0,0.0,0.0,1.0,0.0,0.0,0.0,0.0,0.0,0.0,0.0,0.0,0.0,12.0,2.0,5.0,3.0,0.0,0.0,1.0,13.0
CHEMBL483518,Inhibition,0.0,20.0,12.0,4.0,0.0,0.0,0.0,27.0,11.0,5.0,0.0,0.0,0.0,0.0,5.0,1.0,0.0,0.0,0.0,25.0,15.0,6.0,0.0,0.0,0.0,0.0,1.0,1.0,21.0,13.0,6.0,0.0,0.0,0.0,5.0,1.0,0.0,0.0,22.0,16.0,4.0,0.0,0.0,0.0,1.0,1.0,0.0,0.0,0.0,17.0,21.0,6.0,0.0,0.0,0.0,0.0,1.0,0.0,21.0,10.0,4.0,0.0,0.0,0.0,0.0,3.0,4.0,0.0,0.0,24.0,10.0,3.0,0.0,0.0,0.0,0.0,3.0,0.0,0.0,0.0,20.0,11.0,5.0,0.0,0.0,0.0,0.0,0.0,17.0,7.0,6.0,0.0,0.0,0.0,1.0,0.0,0.0,1.0,5.0,1.0,3.0,1.0,0.0,1.0,0.0,0.0,0.0,1.0,2.0,1.0,1.0,0.0,1.0,1.0,8.0,1.0,5.0,1.0,0.0,0.0,1.0,3.0,0.0,0.0,1.0,1.0,1.0,2.0,1.0,0.0,0.0,0.0,2.0,2.0,0.0,3.0,0.0,0.0,5.0,0.0,0.0,5.0,1.0,1.0,1.0,3.0,0.0,0.0,0.0,4.0,2.0,1.0,1.0,0.0,0.0,1.0,1.0,0.0,4.0,1.0,1.0,0.0,3.0,0.0,3.0,0.0,1.0,0.0,1.0,0.0,2.0,2.0,18.0,3.0,0.0,16.0,15.0,15.0,9.0,21.0
CHEMBL482717,Inhibition,0.0,18.0,11.0,3.0,0.0,0.0,0.0,25.0,9.0,4.0,0.0,0.0,0.0,0.0,3.0,2.0,0.0,0.0,0.0,19.0,14.0,6.0,0.0,0.0,0.0,0.0,1.0,1.0,16.0,14.0,6.0,0.0,0.0,0.0,1.0,2.0,0.0,0.0,23.0,7.0,4.0,0.0,0.0,0.0,2.0,2.0,0.0,0.0,0.0,18.0,13.0,6.0,0.0,0.0,0.0,0.0,1.0,0.0,21.0,9.0,2.0,0.0,0.0,0.0,0.0,1.0,1.0,0.0,0.0,17.0,13.0,2.0,0.0,0.0,0.0,0.0,0.0,0.0,0.0,0.0,19.0,4.0,3.0,0.0,0.0,0.0,2.0,0.0,13.0,6.0,4.0,0.0,0.0,0.0,0.0,0.0,0.0,1.0,4.0,1.0,2.0,1.0,0.0,1.0,0.0,0.0,0.0,1.0,1.0,1.0,1.0,0.0,1.0,1.0,7.0,1.0,4.0,1.0,0.0,0.0,1.0,3.0,0.0,0.0,1.0,1.0,0.0,2.0,1.0,0.0,0.0,0.0,2.0,2.0,0.0,3.0,0.0,0.0,4.0,0.0,0.0,4.0,0.0,0.0,0.0,2.0,0.0,0.0,0.0,4.0,2.0,1.0,1.0,0.0,0.0,0.0,0.0,0.0,2.0,1.0,1.0,0.0,2.0,1.0,2.0,0.0,0.0,0.0,1.0,0.0,3.0,3.0,18.0,4.0,0.0,14.0,10.0,10.0,7.0,19.0
CHEMBL2347818,Inhibition,44.0,23.0,8.0,3.0,0.0,0.0,0.0,31.0,11.0,1.0,0.0,0.0,0.0,0.0,0.0,2.0,0.0,0.0,0.0,32.0,14.0,4.0,0.0,0.0,0.0,0.0,0.0,0.0,33.0,6.0,4.0,0.0,0.0,0.0,3.0,0.0,0.0,0.0,32.0,8.0,4.0,0.0,0.0,0.0,0.0,0.0,0.0,0.0,0.0,26.0,11.0,2.0,0.0,0.0,0.0,0.0,0.0,0.0,20.0,10.0,2.0,0.0,0.0,0.0,0.0,0.0,0.0,0.0,0.0,18.0,4.0,4.0,0.0,0.0,0.0,1.0,0.0,0.0,0.0,0.0,15.0,7.0,4.0,0.0,0.0,0.0,0.0,0.0,15.0,4.0,2.0,0.0,0.0,1.0,2.0,0.0,0.0,2.0,1.0,0.0,0.0,0.0,0.0,0.0,0.0,0.0,0.0,1.0,1.0,0.0,0.0,0.0,1.0,0.0,9.0,2.0,5.0,0.0,2.0,0.0,0.0,4.0,1.0,0.0,2.0,0.0,0.0,3.0,1.0,0.0,0.0,0.0,0.0,1.0,0.0,2.0,0.0,0.0,2.0,0.0,0.0,0.0,0.0,0.0,0.0,0.0,0.0,0.0,0.0,3.0,1.0,0.0,2.0,2.0,0.0,1.0,0.0,0.0,3.0,2.0,0.0,0.0,2.0,1.0,1.0,0.0,0.0,0.0,0.0,0.0,1.0,1.0,16.0,3.0,1.0,11.0,9.0,9.0,4.0,23.0
CHEMBL2325901,Inhibition,46.0,11.0,8.0,1.0,0.0,0.0,0.0,12.0,11.0,1.0,0.0,0.0,0.0,0.0,1.0,1.0,0.0,0.0,0.0,10.0,11.0,3.0,0.0,0.0,0.0,0.0,2.0,0.0,12.0,5.0,3.0,0.0,0.0,0.0,2.0,2.0,0.0,0.0,12.0,4.0,1.0,0.0,0.0,0.0,1.0,1.0,0.0,0.0,0.0,7.0,9.0,2.0,0.0,0.0,0.0,0.0,0.0,0.0,4.0,4.0,2.0,0.0,0.0,0.0,0.0,0.0,0.0,0.0,0.0,6.0,0.0,0.0,0.0,0.0,0.0,0.0,0.0,0.0,0.0,0.0,4.0,0.0,0.0,0.0,0.0,0.0,0.0,0.0,0.0,0.0,0.0,0.0,0.0,0.0,0.0,0.0,0.0,2.0,1.0,0.0,0.0,0.0,0.0,0.0,0.0,0.0,0.0,2.0,1.0,1.0,1.0,0.0,0.0,0.0,7.0,1.0,5.0,0.0,1.0,0.0,0.0,2.0,0.0,0.0,0.0,0.0,0.0,0.0,0.0,0.0,0.0,0.0,0.0,0.0,0.0,0.0,0.0,0.0,2.0,0.0,0.0,2.0,0.0,0.0,2.0,0.0,0.0,0.0,0.0,2.0,1.0,1.0,1.0,0.0,0.0,0.0,0.0,0.0,1.0,1.0,0.0,0.0,1.0,2.0,1.0,0.0,0.0,0.0,1.0,1.0,2.0,3.0,9.0,3.0,2.0,9.0,10.0,10.0,4.0,13.0
CHEMBL1822099,Inhibition,85.0,15.0,9.0,3.0,0.0,2.0,2.0,19.0,13.0,2.0,3.0,4.0,0.0,4.0,2.0,6.0,0.0,0.0,0.0,12.0,14.0,11.0,4.0,6.0,0.0,6.0,2.0,1.0,11.0,15.0,13.0,2.0,2.0,2.0,0.0,1.0,2.0,2.0,16.0,5.0,7.0,2.0,2.0,2.0,3.0,3.0,2.0,2.0,0.0,18.0,8.0,7.0,0.0,6.0,6.0,0.0,0.0,0.0,17.0,6.0,1.0,1.0,4.0,0.0,4.0,1.0,5.0,3.0,3.0,10.0,9.0,7.0,2.0,6.0,6.0,1.0,0.0,0.0,0.0,0.0,6.0,10.0,8.0,1.0,2.0,2.0,0.0,0.0,8.0,3.0,3.0,2.0,2.0,3.0,3.0,0.0,0.0,0.0,4.0,0.0,3.0,1.0,0.0,0.0,1.0,0.0,0.0,1.0,2.0,1.0,1.0,2.0,1.0,1.0,6.0,1.0,3.0,0.0,0.0,0.0,0.0,2.0,0.0,0.0,0.0,0.0,0.0,1.0,0.0,0.0,0.0,0.0,0.0,1.0,0.0,2.0,0.0,0.0,2.0,0.0,0.0,2.0,0.0,0.0,0.0,1.0,0.0,0.0,0.0,3.0,1.0,0.0,0.0,0.0,0.0,1.0,0.0,2.0,3.0,1.0,0.0,0.0,4.0,0.0,2.0,0.0,1.0,0.0,1.0,2.0,2.0,3.0,15.0,4.0,2.0,12.0,12.0,12.0,7.0,18.0
CHEMBL396327,Inhibition,85.0,34.0,13.0,2.0,0.0,0.0,0.0,51.0,16.0,2.0,0.0,0.0,0.0,0.0,1.0,2.0,0.0,0.0,0.0,53.0,18.0,6.0,0.0,0.0,0.0,0.0,0.0,0.0,58.0,19.0,6.0,0.0,0.0,0.0,0.0,0.0,0.0,0.0,62.0,14.0,8.0,0.0,0.0,0.0,3.0,2.0,0.0,0.0,0.0,62.0,16.0,10.0,0.0,0.0,0.0,2.0,2.0,0.0,60.0,19.0,10.0,0.0,0.0,0.0,0.0,2.0,0.0,0.0,0.0,60.0,25.0,6.0,0.0,0.0,0.0,0.0,0.0,0.0,0.0,0.0,60.0,19.0,4.0,0.0,0.0,0.0,0.0,0.0,46.0,10.0,5.0,0.0,0.0,1.0,1.0,0.0,0.0,0.0,10.0,0.0,7.0,3.0,0.0,0.0,1.0,0.0,0.0,0.0,1.0,2.0,2.0,0.0,1.0,0.0,14.0,2.0,9.0,2.0,0.0,2.0,2.0,4.0,0.0,0.0,0.0,0.0,0.0,1.0,0.0,0.0,0.0,0.0,0.0,1.0,0.0,2.0,0.0,0.0,4.0,0.0,0.0,4.0,2.0,0.0,2.0,2.0,0.0,0.0,0.0,4.0,2.0,0.0,2.0,0.0,0.0,0.0,0.0,0.0,2.0,2.0,0.0,0.0,2.0,0.0,6.0,0.0,0.0,0.0,2.0,4.0,1.0,3.0,24.0,5.0,6.0,15.0,15.0,15.0,1.0,29.0
CHEMBL2347824,Inhibition,84.0,15.0,8.0,0.0,0.0,0.0,0.0,21.0,13.0,0.0,0.0,0.0,0.0,0.0,0.0,0.0,0.0,0.0,0.0,22.0,12.0,0.0,0.0,0.0,0.0,0.0,0.0,0.0,21.0,9.0,0.0,0.0,0.0,0.0,3.0,0.0,0.0,0.0,20.0,11.0,0.0,0.0,0.0,0.0,0.0,0.0,0.0,0.0,0.0,13.0,9.0,0.0,0.0,0.0,0.0,2.0,0.0,0.0,7.0,8.0,0.0,0.0,0.0,0.0,0.0,0.0,0.0,0.0,0.0,8.0,3.0,0.0,0.0,0.0,0.0,2.0,0.0,0.0,0.0,0.0,5.0,7.0,0.0,0.0,0.0,0.0,0.0,0.0,2.0,4.0,0.0,0.0,0.0,2.0,0.0,0.0,0.0,1.0,0.0,0.0,0.0,0.0,0.0,0.0,0.0,0.0,0.0,3.0,1.0,0.0,0.0,0.0,0.0,0.0,5.0,0.0,2.0,0.0,0.0,0.0,0.0,1.0,0.0,0.0,0.0,0.0,0.0,0.0,0.0,0.0,0.0,0.0,0.0,0.0,0.0,0.0,0.0,0.0,2.0,0.0,0.0,0.0,0.0,0.0,0.0,0.0,0.0,0.0,0.0,1.0,0.0,0.0,0.0,0.0,0.0,0.0,0.0,0.0,2.0,0.0,0.0,0.0,0.0,2.0,0.0,0.0,0.0,0.0,0.0,0.0,2.0,3.0,15.0,3.0,0.0,8.0,5.0,5.0,2.0,15.0
CHEMBL2347823,Inhibition,16.0,19.0,5.0,0.0,2.0,0.0,0.0,26.0,8.0,4.0,2.0,0.0,0.0,0.0,0.0,0.0,0.0,0.0,0.0,27.0,10.0,4.0,2.0,0.0,0.0,0.0,0.0,0.0,27.0,5.0,4.0,1.0,0.0,0.0,3.0,0.0,0.0,0.0,25.0,7.0,2.0,1.0,0.0,0.0,0.0,0.0,0.0,0.0,0.0,16.0,9.0,2.0,2.0,0.0,0.0,0.0,0.0,0.0,13.0,4.0,4.0,2.0,0.0,0.0,0.0,0.0,0.0,0.0,0.0,12.0,3.0,4.0,1.0,0.0,0.0,0.0,0.0,0.0,0.0,0.0,10.0,4.0,2.0,2.0,0.0,0.0,0.0,2.0,8.0,2.0,4.0,0.0,0.0,0.0,0.0,0.0,0.0,1.0,0.0,0.0,0.0,0.0,0.0,0.0,0.0,0.0,0.0,3.0,1.0,0.0,0.0,0.0,0.0,0.0,5.0,0.0,2.0,0.0,0.0,0.0,0.0,1.0,0.0,0.0,0.0,0.0,0.0,0.0,0.0,0.0,0.0,0.0,0.0,0.0,0.0,0.0,0.0,0.0,2.0,0.0,0.0,0.0,0.0,0.0,0.0,0.0,0.0,0.0,0.0,1.0,0.0,0.0,0.0,0.0,0.0,0.0,0.0,0.0,2.0,0.0,0.0,0.0,2.0,2.0,0.0,0.0,0.0,0.0,0.0,0.0,1.0,1.0,16.0,1.0,4.0,7.0,5.0,5.0,3.0,18.0
CHEMBL3746022,Inhibition,0.0,15.0,15.0,3.0,0.0,2.0,2.0,25.0,10.0,5.0,0.0,4.0,0.0,4.0,4.0,1.0,0.0,0.0,0.0,22.0,15.0,6.0,0.0,4.0,0.0,4.0,1.0,1.0,20.0,8.0,6.0,0.0,3.0,3.0,3.0,1.0,0.0,0.0,17.0,14.0,4.0,0.0,2.0,2.0,0.0,2.0,0.0,0.0,0.0,19.0,9.0,3.0,0.0,2.0,2.0,2.0,2.0,0.0,16.0,12.0,2.0,0.0,5.0,0.0,5.0,1.0,1.0,0.0,0.0,13.0,12.0,2.0,0.0,1.0,1.0,1.0,0.0,3.0,3.0,0.0,11.0,9.0,2.0,0.0,4.0,4.0,2.0,0.0,12.0,9.0,1.0,0.0,0.0,0.0,1.0,3.0,3.0,0.0,7.0,0.0,4.0,1.0,0.0,1.0,4.0,2.0,0.0,2.0,1.0,0.0,0.0,2.0,2.0,1.0,12.0,1.0,5.0,0.0,0.0,1.0,1.0,1.0,0.0,0.0,0.0,0.0,0.0,0.0,0.0,0.0,0.0,0.0,0.0,0.0,0.0,2.0,1.0,0.0,6.0,5.0,4.0,10.0,0.0,0.0,0.0,4.0,0.0,1.0,0.0,8.0,6.0,0.0,0.0,0.0,0.0,1.0,1.0,2.0,4.0,0.0,2.0,0.0,2.0,0.0,1.0,0.0,0.0,2.0,0.0,1.0,2.0,2.0,12.0,5.0,6.0,18.0,14.0,14.0,7.0,16.0
CHEMBL3330255,Inhibition,-5.0,22.0,4.0,1.0,1.0,0.0,0.0,27.0,10.0,3.0,2.0,0.0,0.0,0.0,0.0,3.0,0.0,0.0,0.0,24.0,12.0,6.0,2.0,0.0,0.0,0.0,0.0,0.0,18.0,13.0,8.0,2.0,0.0,0.0,0.0,0.0,0.0,0.0,19.0,8.0,8.0,1.0,0.0,0.0,2.0,0.0,0.0,0.0,0.0,19.0,7.0,5.0,2.0,0.0,0.0,1.0,2.0,0.0,18.0,6.0,5.0,2.0,0.0,0.0,0.0,1.0,4.0,0.0,0.0,16.0,5.0,6.0,1.0,0.0,0.0,0.0,0.0,0.0,0.0,0.0,13.0,5.0,4.0,1.0,0.0,0.0,1.0,2.0,11.0,5.0,3.0,0.0,0.0,0.0,0.0,0.0,0.0,0.0,1.0,0.0,0.0,0.0,0.0,0.0,0.0,0.0,0.0,0.0,1.0,1.0,1.0,0.0,0.0,0.0,2.0,1.0,1.0,1.0,0.0,0.0,1.0,0.0,0.0,0.0,0.0,0.0,1.0,0.0,0.0,0.0,0.0,0.0,0.0,0.0,0.0,0.0,0.0,0.0,1.0,0.0,0.0,0.0,0.0,0.0,0.0,0.0,0.0,0.0,0.0,1.0,0.0,0.0,0.0,1.0,0.0,0.0,0.0,0.0,2.0,1.0,0.0,0.0,3.0,0.0,1.0,0.0,0.0,0.0,1.0,0.0,1.0,2.0,21.0,2.0,4.0,6.0,7.0,7.0,5.0,23.0
CHEMBL1957504,Inhibition,50.0,17.0,17.0,5.0,0.0,0.0,0.0,26.0,22.0,5.0,0.0,0.0,0.0,0.0,2.0,1.0,0.0,0.0,0.0,32.0,13.0,2.0,0.0,0.0,0.0,0.0,6.0,3.0,20.0,28.0,4.0,0.0,0.0,0.0,1.0,1.0,0.0,0.0,24.0,22.0,4.0,0.0,0.0,0.0,2.0,2.0,0.0,0.0,0.0,31.0,11.0,4.0,0.0,0.0,0.0,5.0,5.0,0.0,26.0,16.0,10.0,0.0,0.0,0.0,0.0,3.0,0.0,0.0,0.0,20.0,19.0,8.0,0.0,0.0,0.0,2.0,0.0,0.0,0.0,1.0,16.0,12.0,7.0,0.0,0.0,0.0,2.0,2.0,13.0,8.0,4.0,0.0,0.0,2.0,5.0,0.0,0.0,0.0,10.0,0.0,5.0,0.0,4.0,1.0,4.0,0.0,4.0,0.0,1.0,1.0,1.0,0.0,2.0,2.0,11.0,1.0,5.0,0.0,0.0,0.0,0.0,0.0,0.0,0.0,0.0,0.0,0.0,0.0,0.0,0.0,0.0,0.0,0.0,0.0,0.0,0.0,0.0,0.0,6.0,3.0,3.0,9.0,0.0,0.0,1.0,4.0,4.0,4.0,4.0,7.0,5.0,0.0,1.0,0.0,6.0,4.0,0.0,0.0,3.0,1.0,1.0,4.0,3.0,0.0,0.0,0.0,0.0,1.0,1.0,0.0,3.0,5.0,18.0,9.0,2.0,22.0,18.0,18.0,6.0,19.0
CHEMBL4103440,Inhibition,0.0,21.0,7.0,3.0,2.0,0.0,1.0,30.0,8.0,3.0,1.0,0.0,2.0,2.0,2.0,1.0,0.0,0.0,0.0,24.0,16.0,6.0,4.0,0.0,2.0,2.0,1.0,0.0,21.0,16.0,4.0,4.0,0.0,1.0,1.0,2.0,0.0,1.0,22.0,15.0,5.0,5.0,0.0,2.0,1.0,1.0,0.0,0.0,0.0,25.0,12.0,3.0,4.0,0.0,1.0,0.0,1.0,0.0,24.0,10.0,4.0,3.0,0.0,3.0,3.0,0.0,1.0,0.0,0.0,25.0,5.0,2.0,0.0,0.0,2.0,0.0,1.0,0.0,1.0,0.0,21.0,2.0,3.0,0.0,0.0,2.0,0.0,0.0,18.0,0.0,2.0,0.0,1.0,0.0,1.0,0.0,0.0,0.0,0.0,0.0,0.0,0.0,0.0,0.0,0.0,0.0,0.0,1.0,0.0,0.0,0.0,0.0,0.0,1.0,3.0,1.0,0.0,0.0,0.0,0.0,0.0,0.0,0.0,0.0,0.0,0.0,0.0,0.0,0.0,0.0,0.0,0.0,0.0,0.0,0.0,0.0,0.0,0.0,0.0,0.0,0.0,0.0,0.0,0.0,0.0,0.0,0.0,0.0,0.0,1.0,0.0,0.0,0.0,0.0,0.0,1.0,1.0,0.0,2.0,0.0,0.0,0.0,2.0,0.0,0.0,0.0,1.0,0.0,1.0,2.0,2.0,3.0,23.0,5.0,11.0,12.0,1.0,1.0,3.0,22.0
CHEMBL482513,Inhibition,35.0,20.0,12.0,1.0,0.0,0.0,1.0,26.0,12.0,1.0,0.0,0.0,0.0,2.0,3.0,1.0,0.0,0.0,0.0,21.0,17.0,3.0,0.0,0.0,0.0,2.0,0.0,0.0,18.0,12.0,3.0,0.0,0.0,1.0,3.0,0.0,0.0,1.0,23.0,9.0,3.0,0.0,0.0,1.0,2.0,1.0,0.0,0.0,0.0,21.0,14.0,3.0,0.0,0.0,1.0,0.0,0.0,0.0,20.0,11.0,1.0,0.0,0.0,0.0,2.0,1.0,2.0,0.0,0.0,16.0,13.0,2.0,0.0,0.0,0.0,0.0,0.0,0.0,2.0,0.0,18.0,5.0,0.0,0.0,0.0,1.0,2.0,2.0,16.0,6.0,1.0,0.0,2.0,1.0,0.0,0.0,0.0,0.0,1.0,0.0,0.0,0.0,0.0,1.0,0.0,0.0,0.0,0.0,3.0,1.0,1.0,0.0,0.0,0.0,2.0,1.0,0.0,0.0,0.0,0.0,0.0,0.0,0.0,0.0,0.0,0.0,0.0,0.0,0.0,0.0,0.0,0.0,0.0,0.0,0.0,0.0,0.0,0.0,0.0,0.0,0.0,0.0,0.0,0.0,0.0,0.0,0.0,0.0,0.0,2.0,1.0,0.0,1.0,0.0,0.0,0.0,0.0,0.0,3.0,1.0,0.0,0.0,1.0,0.0,0.0,0.0,0.0,0.0,1.0,2.0,3.0,3.0,24.0,3.0,2.0,13.0,7.0,7.0,8.0,25.0
CHEMBL485524,Inhibition,0.0,17.0,14.0,3.0,0.0,0.0,0.0,24.0,12.0,3.0,0.0,0.0,0.0,0.0,5.0,1.0,0.0,0.0,0.0,23.0,17.0,3.0,0.0,0.0,0.0,0.0,0.0,1.0,19.0,11.0,4.0,0.0,0.0,0.0,5.0,0.0,0.0,0.0,18.0,16.0,3.0,0.0,0.0,0.0,0.0,1.0,0.0,0.0,0.0,17.0,13.0,4.0,0.0,0.0,0.0,2.0,1.0,0.0,18.0,10.0,3.0,0.0,0.0,0.0,0.0,0.0,3.0,0.0,0.0,20.0,6.0,2.0,0.0,0.0,0.0,1.0,2.0,0.0,0.0,0.0,14.0,9.0,4.0,0.0,0.0,0.0,0.0,0.0,10.0,5.0,2.0,0.0,0.0,3.0,3.0,0.0,0.0,0.0,6.0,0.0,3.0,0.0,2.0,1.0,1.0,0.0,2.0,0.0,2.0,1.0,1.0,0.0,1.0,1.0,7.0,1.0,3.0,0.0,0.0,0.0,0.0,0.0,0.0,0.0,0.0,0.0,0.0,0.0,0.0,0.0,0.0,0.0,0.0,0.0,0.0,0.0,0.0,0.0,3.0,0.0,0.0,3.0,0.0,0.0,1.0,1.0,1.0,2.0,2.0,4.0,2.0,0.0,1.0,0.0,2.0,2.0,0.0,0.0,4.0,1.0,0.0,2.0,2.0,0.0,1.0,0.0,0.0,0.0,1.0,2.0,3.0,3.0,18.0,5.0,2.0,17.0,13.0,13.0,8.0,19.0
CHEMBL501200,Inhibition,0.0,23.0,17.0,1.0,2.0,0.0,2.0,34.0,16.0,1.0,1.0,0.0,2.0,4.0,4.0,1.0,0.0,0.0,0.0,31.0,18.0,3.0,5.0,0.0,2.0,4.0,2.0,1.0,26.0,15.0,4.0,5.0,0.0,2.0,4.0,1.0,0.0,1.0,27.0,20.0,2.0,2.0,0.0,2.0,1.0,1.0,0.0,0.0,0.0,28.0,21.0,3.0,2.0,0.0,1.0,1.0,0.0,0.0,33.0,11.0,2.0,2.0,0.0,1.0,3.0,3.0,1.0,0.0,0.0,30.0,12.0,4.0,0.0,0.0,0.0,1.0,0.0,0.0,4.0,0.0,24.0,13.0,2.0,1.0,0.0,5.0,1.0,2.0,22.0,10.0,2.0,0.0,5.0,2.0,0.0,0.0,0.0,0.0,5.0,0.0,2.0,0.0,0.0,0.0,2.0,0.0,0.0,0.0,1.0,0.0,1.0,0.0,2.0,0.0,6.0,1.0,2.0,0.0,0.0,0.0,0.0,0.0,0.0,0.0,0.0,0.0,0.0,0.0,0.0,0.0,0.0,0.0,0.0,0.0,0.0,0.0,0.0,0.0,4.0,2.0,1.0,6.0,0.0,0.0,2.0,2.0,0.0,0.0,0.0,5.0,4.0,0.0,2.0,0.0,0.0,0.0,0.0,0.0,3.0,1.0,2.0,0.0,1.0,0.0,0.0,0.0,0.0,0.0,1.0,1.0,3.0,4.0,27.0,6.0,2.0,20.0,10.0,10.0,8.0,28.0
CHEMBL3747699,Inhibition,0.0,15.0,11.0,3.0,1.0,2.0,2.0,22.0,9.0,7.0,2.0,4.0,0.0,4.0,4.0,3.0,0.0,0.0,0.0,19.0,16.0,10.0,2.0,4.0,0.0,4.0,0.0,1.0,19.0,8.0,10.0,1.0,3.0,3.0,3.0,1.0,0.0,0.0,17.0,13.0,6.0,0.0,2.0,2.0,0.0,2.0,0.0,0.0,0.0,19.0,8.0,3.0,1.0,2.0,2.0,2.0,4.0,0.0,18.0,9.0,4.0,0.0,5.0,0.0,5.0,0.0,1.0,0.0,0.0,13.0,8.0,3.0,2.0,1.0,1.0,1.0,4.0,3.0,3.0,0.0,7.0,7.0,8.0,1.0,4.0,4.0,0.0,0.0,6.0,4.0,4.0,0.0,0.0,0.0,3.0,3.0,3.0,1.0,4.0,2.0,2.0,0.0,0.0,0.0,1.0,0.0,0.0,2.0,1.0,0.0,0.0,2.0,1.0,1.0,10.0,1.0,5.0,0.0,0.0,1.0,0.0,3.0,0.0,0.0,2.0,0.0,0.0,2.0,1.0,0.0,0.0,0.0,1.0,2.0,0.0,4.0,0.0,0.0,4.0,0.0,0.0,2.0,0.0,0.0,0.0,1.0,0.0,1.0,0.0,5.0,2.0,0.0,1.0,0.0,0.0,1.0,1.0,2.0,3.0,1.0,0.0,0.0,4.0,0.0,2.0,0.0,0.0,0.0,1.0,0.0,2.0,2.0,12.0,4.0,8.0,15.0,11.0,11.0,5.0,17.0
CHEMBL578229,Inhibition,82.3,23.0,9.0,2.0,0.0,0.0,0.0,34.0,13.0,2.0,0.0,0.0,0.0,0.0,0.0,0.0,0.0,0.0,0.0,38.0,11.0,2.0,0.0,0.0,0.0,0.0,1.0,0.0,36.0,13.0,3.0,0.0,0.0,0.0,1.0,0.0,0.0,0.0,35.0,15.0,1.0,0.0,0.0,0.0,0.0,1.0,0.0,0.0,0.0,34.0,10.0,3.0,0.0,0.0,0.0,3.0,1.0,0.0,28.0,16.0,3.0,0.0,0.0,0.0,0.0,0.0,0.0,0.0,0.0,24.0,13.0,2.0,0.0,0.0,0.0,0.0,1.0,0.0,0.0,0.0,21.0,8.0,1.0,0.0,0.0,0.0,1.0,1.0,18.0,4.0,2.0,0.0,0.0,2.0,0.0,0.0,0.0,0.0,1.0,0.0,0.0,0.0,0.0,0.0,0.0,0.0,0.0,4.0,0.0,0.0,0.0,0.0,1.0,1.0,6.0,0.0,1.0,0.0,0.0,0.0,0.0,0.0,0.0,0.0,0.0,0.0,0.0,0.0,0.0,0.0,0.0,0.0,0.0,0.0,0.0,0.0,0.0,0.0,0.0,0.0,0.0,0.0,0.0,0.0,0.0,0.0,0.0,0.0,0.0,2.0,1.0,0.0,0.0,2.0,0.0,1.0,1.0,0.0,2.0,0.0,0.0,0.0,1.0,1.0,0.0,0.0,1.0,1.0,0.0,0.0,2.0,3.0,23.0,3.0,0.0,11.0,6.0,6.0,3.0,22.0
CHEMBL1076310,Inhibition,31.0,18.0,17.0,8.0,0.0,0.0,0.0,31.0,10.0,11.0,0.0,0.0,0.0,0.0,6.0,5.0,0.0,0.0,0.0,29.0,19.0,15.0,0.0,0.0,0.0,0.0,3.0,2.0,28.0,16.0,16.0,0.0,0.0,0.0,4.0,3.0,0.0,0.0,32.0,19.0,15.0,0.0,0.0,0.0,2.0,5.0,0.0,0.0,5.0,39.0,20.0,14.0,0.0,0.0,0.0,2.0,8.0,0.0,36.0,26.0,17.0,0.0,0.0,0.0,0.0,3.0,4.0,0.0,0.0,32.0,30.0,13.0,0.0,0.0,0.0,0.0,7.0,0.0,0.0,3.0,32.0,22.0,14.0,0.0,0.0,0.0,4.0,3.0,22.0,23.0,11.0,0.0,0.0,0.0,4.0,0.0,0.0,4.0,3.0,2.0,0.0,0.0,0.0,1.0,0.0,0.0,1.0,7.0,4.0,4.0,3.0,0.0,0.0,3.0,18.0,3.0,10.0,0.0,2.0,0.0,1.0,9.0,3.0,3.0,0.0,1.0,0.0,6.0,3.0,0.0,0.0,0.0,2.0,2.0,7.0,1.0,0.0,6.0,1.0,0.0,0.0,1.0,0.0,0.0,1.0,0.0,0.0,7.0,5.0,6.0,2.0,0.0,2.0,1.0,1.0,5.0,0.0,0.0,4.0,4.0,0.0,1.0,6.0,4.0,1.0,0.0,0.0,0.0,1.0,0.0,3.0,4.0,15.0,5.0,0.0,25.0,25.0,25.0,16.0,25.0
CHEMBL1940999,Inhibition,0.0,15.0,4.0,8.0,0.0,0.0,0.0,17.0,5.0,12.0,0.0,0.0,0.0,0.0,0.0,3.0,0.0,0.0,0.0,15.0,6.0,13.0,0.0,0.0,0.0,0.0,0.0,1.0,11.0,6.0,12.0,0.0,0.0,0.0,0.0,1.0,0.0,0.0,13.0,0.0,9.0,0.0,0.0,0.0,1.0,3.0,0.0,0.0,2.0,11.0,2.0,9.0,0.0,0.0,0.0,0.0,0.0,2.0,9.0,3.0,6.0,0.0,0.0,0.0,0.0,0.0,2.0,0.0,0.0,7.0,4.0,7.0,0.0,0.0,0.0,0.0,1.0,0.0,0.0,0.0,6.0,4.0,8.0,0.0,0.0,0.0,0.0,1.0,10.0,0.0,7.0,0.0,0.0,0.0,2.0,0.0,0.0,5.0,4.0,1.0,2.0,1.0,0.0,0.0,0.0,0.0,0.0,0.0,1.0,1.0,1.0,0.0,1.0,1.0,11.0,2.0,8.0,1.0,0.0,0.0,1.0,6.0,0.0,0.0,0.0,1.0,0.0,4.0,2.0,1.0,0.0,0.0,1.0,3.0,6.0,3.0,0.0,8.0,3.0,0.0,0.0,3.0,1.0,1.0,2.0,1.0,1.0,10.0,3.0,4.0,2.0,0.0,2.0,0.0,1.0,6.0,0.0,0.0,2.0,2.0,0.0,1.0,7.0,0.0,2.0,0.0,0.0,0.0,1.0,0.0,0.0,0.0,6.0,3.0,5.0,12.0,17.0,17.0,7.0,14.0
CHEMBL3417204,Inhibition,31.0,13.0,11.0,4.0,2.0,0.0,0.0,22.0,9.0,3.0,3.0,0.0,0.0,0.0,2.0,2.0,0.0,0.0,0.0,18.0,14.0,6.0,3.0,0.0,0.0,0.0,1.0,1.0,16.0,15.0,6.0,1.0,0.0,0.0,1.0,1.0,0.0,0.0,19.0,7.0,5.0,2.0,0.0,0.0,2.0,2.0,0.0,0.0,0.0,17.0,10.0,5.0,3.0,0.0,0.0,2.0,2.0,1.0,19.0,7.0,5.0,1.0,0.0,0.0,0.0,1.0,1.0,0.0,0.0,11.0,9.0,6.0,4.0,0.0,0.0,0.0,0.0,0.0,0.0,0.0,10.0,3.0,2.0,0.0,0.0,0.0,1.0,3.0,5.0,5.0,5.0,0.0,0.0,0.0,2.0,0.0,0.0,0.0,3.0,0.0,2.0,1.0,1.0,1.0,0.0,0.0,1.0,4.0,1.0,1.0,2.0,0.0,0.0,1.0,13.0,2.0,6.0,1.0,0.0,3.0,1.0,3.0,0.0,0.0,0.0,1.0,0.0,0.0,0.0,0.0,0.0,0.0,0.0,0.0,0.0,2.0,0.0,1.0,2.0,0.0,0.0,2.0,0.0,0.0,1.0,0.0,0.0,1.0,1.0,4.0,2.0,0.0,2.0,0.0,0.0,2.0,0.0,0.0,3.0,2.0,0.0,0.0,3.0,2.0,1.0,0.0,0.0,0.0,2.0,2.0,2.0,3.0,9.0,4.0,8.0,17.0,13.0,13.0,7.0,14.0
CHEMBL2170414,Inhibition,95.0,15.0,9.0,1.0,0.0,1.0,2.0,19.0,8.0,1.0,0.0,2.0,2.0,4.0,4.0,1.0,0.0,0.0,0.0,14.0,15.0,2.0,0.0,0.0,2.0,2.0,0.0,0.0,11.0,11.0,2.0,0.0,2.0,4.0,2.0,0.0,0.0,0.0,13.0,11.0,1.0,0.0,2.0,3.0,0.0,0.0,1.0,2.0,0.0,13.0,9.0,0.0,0.0,3.0,5.0,1.0,1.0,0.0,10.0,9.0,1.0,0.0,3.0,0.0,3.0,0.0,0.0,0.0,2.0,11.0,3.0,0.0,0.0,2.0,3.0,2.0,2.0,0.0,0.0,0.0,11.0,3.0,2.0,0.0,1.0,3.0,0.0,0.0,9.0,1.0,1.0,1.0,3.0,1.0,1.0,0.0,0.0,0.0,0.0,0.0,0.0,0.0,0.0,0.0,0.0,0.0,0.0,0.0,2.0,0.0,1.0,1.0,0.0,0.0,1.0,1.0,0.0,0.0,0.0,0.0,0.0,0.0,0.0,0.0,0.0,0.0,0.0,0.0,0.0,0.0,0.0,0.0,0.0,0.0,0.0,0.0,0.0,0.0,0.0,0.0,0.0,0.0,0.0,0.0,0.0,0.0,0.0,0.0,0.0,1.0,0.0,0.0,0.0,0.0,0.0,0.0,0.0,1.0,3.0,1.0,0.0,0.0,1.0,0.0,0.0,0.0,0.0,0.0,1.0,2.0,2.0,2.0,18.0,2.0,2.0,10.0,5.0,5.0,5.0,19.0
CHEMBL2333120,Inhibition,99.0,13.0,8.0,3.0,0.0,0.0,0.0,16.0,15.0,3.0,0.0,0.0,0.0,0.0,0.0,1.0,0.0,0.0,0.0,20.0,12.0,1.0,0.0,0.0,0.0,0.0,2.0,2.0,20.0,8.0,2.0,0.0,0.0,0.0,4.0,2.0,0.0,0.0,17.0,11.0,5.0,0.0,0.0,0.0,1.0,0.0,0.0,0.0,0.0,10.0,11.0,6.0,0.0,0.0,0.0,1.0,0.0,0.0,6.0,7.0,2.0,0.0,0.0,0.0,0.0,0.0,1.0,0.0,0.0,6.0,4.0,1.0,0.0,0.0,0.0,1.0,2.0,0.0,0.0,0.0,8.0,2.0,3.0,0.0,0.0,0.0,0.0,1.0,4.0,2.0,4.0,0.0,0.0,0.0,0.0,0.0,0.0,1.0,4.0,0.0,2.0,0.0,2.0,0.0,1.0,0.0,2.0,2.0,1.0,0.0,1.0,0.0,1.0,1.0,8.0,1.0,4.0,0.0,0.0,0.0,0.0,1.0,0.0,0.0,0.0,0.0,0.0,0.0,0.0,0.0,0.0,0.0,0.0,0.0,0.0,0.0,0.0,0.0,4.0,0.0,0.0,2.0,0.0,0.0,0.0,1.0,1.0,2.0,2.0,4.0,1.0,0.0,0.0,2.0,2.0,2.0,0.0,0.0,3.0,1.0,0.0,2.0,2.0,2.0,0.0,0.0,0.0,2.0,1.0,1.0,2.0,2.0,10.0,4.0,2.0,11.0,11.0,11.0,4.0,12.0
CHEMBL2333129,Inhibition,72.0,20.0,5.0,1.0,2.0,0.0,0.0,24.0,11.0,5.0,2.0,0.0,0.0,0.0,0.0,1.0,0.0,0.0,0.0,25.0,11.0,5.0,2.0,0.0,0.0,0.0,2.0,1.0,25.0,8.0,5.0,1.0,0.0,0.0,3.0,2.0,0.0,0.0,23.0,11.0,5.0,1.0,0.0,0.0,0.0,0.0,0.0,0.0,0.0,17.0,12.0,6.0,2.0,0.0,0.0,0.0,0.0,0.0,13.0,8.0,6.0,2.0,0.0,0.0,0.0,0.0,0.0,0.0,0.0,12.0,4.0,5.0,1.0,0.0,0.0,0.0,0.0,0.0,0.0,0.0,11.0,4.0,4.0,1.0,0.0,0.0,0.0,2.0,9.0,3.0,4.0,0.0,0.0,0.0,2.0,0.0,0.0,1.0,3.0,1.0,1.0,0.0,0.0,0.0,0.0,0.0,0.0,1.0,1.0,0.0,1.0,0.0,0.0,0.0,6.0,1.0,4.0,0.0,0.0,0.0,0.0,4.0,0.0,0.0,1.0,0.0,0.0,1.0,0.0,0.0,0.0,0.0,0.0,1.0,0.0,2.0,0.0,0.0,2.0,0.0,0.0,0.0,0.0,0.0,0.0,0.0,0.0,0.0,0.0,2.0,0.0,0.0,0.0,0.0,0.0,0.0,0.0,0.0,2.0,1.0,0.0,0.0,3.0,0.0,3.0,0.0,0.0,0.0,1.0,1.0,2.0,2.0,16.0,2.0,6.0,8.0,8.0,8.0,4.0,18.0
CHEMBL2333128,Inhibition,80.0,21.0,5.0,1.0,2.0,0.0,0.0,25.0,11.0,5.0,2.0,0.0,0.0,0.0,0.0,1.0,0.0,0.0,0.0,27.0,12.0,5.0,2.0,0.0,0.0,0.0,2.0,1.0,26.0,8.0,5.0,1.0,0.0,0.0,3.0,2.0,0.0,0.0,25.0,11.0,5.0,1.0,0.0,0.0,0.0,0.0,0.0,0.0,0.0,20.0,13.0,6.0,2.0,0.0,0.0,0.0,0.0,0.0,15.0,10.0,7.0,2.0,0.0,0.0,0.0,0.0,0.0,0.0,0.0,13.0,4.0,5.0,1.0,0.0,0.0,0.0,0.0,0.0,0.0,0.0,12.0,4.0,4.0,1.0,0.0,0.0,0.0,2.0,11.0,3.0,4.0,0.0,0.0,0.0,2.0,0.0,0.0,2.0,1.0,0.0,0.0,0.0,0.0,0.0,0.0,0.0,0.0,2.0,1.0,0.0,1.0,0.0,0.0,0.0,7.0,1.0,5.0,0.0,2.0,0.0,0.0,4.0,1.0,0.0,2.0,0.0,0.0,3.0,1.0,0.0,0.0,0.0,0.0,1.0,0.0,2.0,0.0,0.0,2.0,0.0,0.0,0.0,0.0,0.0,0.0,0.0,0.0,0.0,0.0,2.0,0.0,0.0,0.0,0.0,0.0,0.0,0.0,0.0,2.0,1.0,0.0,0.0,3.0,1.0,1.0,0.0,0.0,0.0,1.0,1.0,2.0,2.0,16.0,2.0,6.0,8.0,9.0,9.0,5.0,21.0
CHEMBL2333125,Inhibition,75.0,19.0,5.0,1.0,2.0,0.0,0.0,26.0,8.0,5.0,2.0,0.0,0.0,0.0,0.0,1.0,0.0,0.0,0.0,27.0,10.0,6.0,2.0,0.0,0.0,0.0,0.0,0.0,27.0,5.0,5.0,1.0,0.0,0.0,3.0,2.0,0.0,0.0,25.0,7.0,5.0,1.0,0.0,0.0,0.0,0.0,0.0,0.0,0.0,16.0,9.0,6.0,2.0,0.0,0.0,0.0,0.0,0.0,13.0,4.0,5.0,2.0,0.0,0.0,0.0,0.0,0.0,0.0,0.0,12.0,3.0,5.0,1.0,0.0,0.0,0.0,0.0,0.0,0.0,0.0,10.0,4.0,4.0,2.0,0.0,0.0,0.0,2.0,8.0,2.0,6.0,0.0,0.0,0.0,0.0,0.0,0.0,1.0,0.0,0.0,0.0,0.0,0.0,0.0,0.0,0.0,0.0,3.0,1.0,0.0,1.0,0.0,0.0,0.0,5.0,1.0,2.0,0.0,0.0,0.0,0.0,1.0,0.0,0.0,0.0,0.0,0.0,0.0,0.0,0.0,0.0,0.0,0.0,0.0,0.0,0.0,0.0,0.0,2.0,0.0,0.0,0.0,0.0,0.0,0.0,0.0,0.0,0.0,0.0,2.0,0.0,0.0,0.0,0.0,0.0,0.0,0.0,0.0,2.0,1.0,0.0,0.0,3.0,2.0,0.0,0.0,0.0,0.0,1.0,1.0,1.0,1.0,16.0,1.0,6.0,8.0,6.0,6.0,4.0,19.0
CHEMBL4589581,Inhibition,7.52,16.0,10.0,5.0,2.0,0.0,0.0,22.0,11.0,4.0,3.0,0.0,0.0,0.0,1.0,4.0,0.0,0.0,0.0,19.0,12.0,5.0,1.0,0.0,0.0,0.0,1.0,1.0,14.0,11.0,8.0,1.0,0.0,0.0,1.0,0.0,0.0,0.0,13.0,14.0,6.0,0.0,0.0,0.0,0.0,0.0,0.0,0.0,0.0,14.0,9.0,2.0,1.0,0.0,0.0,2.0,3.0,0.0,14.0,8.0,4.0,2.0,0.0,0.0,0.0,1.0,1.0,0.0,0.0,17.0,4.0,3.0,2.0,0.0,0.0,2.0,2.0,0.0,0.0,1.0,17.0,5.0,3.0,1.0,0.0,0.0,1.0,1.0,13.0,5.0,4.0,0.0,0.0,1.0,0.0,0.0,0.0,0.0,7.0,0.0,4.0,1.0,2.0,1.0,3.0,0.0,2.0,0.0,2.0,1.0,1.0,0.0,1.0,1.0,9.0,1.0,4.0,0.0,0.0,0.0,0.0,1.0,0.0,0.0,0.0,0.0,0.0,0.0,0.0,0.0,0.0,0.0,0.0,0.0,0.0,2.0,1.0,0.0,4.0,3.0,3.0,7.0,0.0,0.0,1.0,3.0,3.0,2.0,2.0,5.0,4.0,0.0,1.0,0.0,4.0,2.0,0.0,0.0,4.0,1.0,0.0,2.0,2.0,0.0,1.0,0.0,0.0,1.0,1.0,2.0,2.0,4.0,16.0,6.0,2.0,17.0,13.0,13.0,8.0,16.0
CHEMBL3800078,Inhibition,42.2,19.0,14.0,3.0,0.0,4.0,4.0,28.0,13.0,4.0,0.0,5.0,0.0,5.0,3.0,2.0,3.0,3.0,3.0,26.0,12.0,6.0,0.0,8.0,0.0,8.0,3.0,0.0,18.0,20.0,6.0,0.0,8.0,8.0,1.0,1.0,1.0,1.0,26.0,11.0,4.0,0.0,6.0,6.0,2.0,3.0,3.0,3.0,0.0,22.0,14.0,6.0,0.0,5.0,5.0,1.0,1.0,0.0,21.0,13.0,1.0,0.0,2.0,0.0,2.0,0.0,1.0,4.0,4.0,22.0,11.0,2.0,0.0,5.0,5.0,0.0,1.0,2.0,2.0,0.0,17.0,8.0,6.0,0.0,10.0,10.0,1.0,0.0,13.0,6.0,4.0,9.0,9.0,2.0,0.0,0.0,0.0,0.0,2.0,0.0,1.0,0.0,0.0,0.0,0.0,1.0,0.0,2.0,1.0,0.0,0.0,4.0,1.0,1.0,6.0,0.0,1.0,0.0,0.0,0.0,0.0,0.0,0.0,0.0,0.0,0.0,0.0,0.0,0.0,0.0,0.0,0.0,0.0,0.0,0.0,0.0,0.0,0.0,1.0,1.0,0.0,2.0,0.0,0.0,0.0,0.0,0.0,0.0,0.0,4.0,3.0,0.0,0.0,1.0,0.0,1.0,0.0,4.0,3.0,0.0,0.0,0.0,2.0,0.0,0.0,3.0,0.0,1.0,0.0,0.0,3.0,4.0,23.0,4.0,2.0,17.0,8.0,8.0,9.0,24.0
CHEMBL3798042,Inhibition,86.9,20.0,14.0,3.0,0.0,4.0,5.0,29.0,13.0,4.0,0.0,5.0,2.0,7.0,3.0,2.0,3.0,3.0,3.0,26.0,14.0,6.0,0.0,8.0,3.0,11.0,2.0,0.0,22.0,16.0,6.0,0.0,8.0,9.0,2.0,1.0,1.0,1.0,23.0,16.0,4.0,0.0,6.0,6.0,0.0,3.0,3.0,4.0,0.0,25.0,11.0,6.0,0.0,5.0,6.0,2.0,1.0,0.0,23.0,14.0,1.0,0.0,2.0,0.0,2.0,1.0,1.0,4.0,5.0,21.0,14.0,3.0,0.0,5.0,6.0,0.0,0.0,2.0,2.0,0.0,20.0,8.0,4.0,0.0,10.0,12.0,1.0,1.0,15.0,5.0,6.0,9.0,11.0,2.0,0.0,0.0,0.0,0.0,3.0,0.0,2.0,1.0,0.0,0.0,0.0,1.0,0.0,2.0,1.0,0.0,0.0,4.0,1.0,1.0,7.0,0.0,2.0,0.0,0.0,0.0,0.0,1.0,0.0,0.0,0.0,0.0,0.0,0.0,0.0,0.0,0.0,0.0,0.0,0.0,0.0,1.0,1.0,0.0,1.0,1.0,0.0,2.0,0.0,0.0,0.0,0.0,0.0,0.0,0.0,4.0,3.0,0.0,0.0,1.0,0.0,1.0,0.0,4.0,3.0,0.0,0.0,0.0,2.0,0.0,1.0,3.0,0.0,1.0,0.0,0.0,3.0,4.0,23.0,4.0,2.0,17.0,9.0,9.0,10.0,24.0
CHEMBL3798667,Inhibition,44.3,19.0,14.0,3.0,0.0,3.0,3.0,27.0,13.0,4.0,0.0,6.0,0.0,6.0,3.0,2.0,0.0,0.0,0.0,24.0,14.0,6.0,0.0,6.0,0.0,6.0,2.0,0.0,21.0,15.0,6.0,0.0,4.0,4.0,2.0,1.0,2.0,2.0,22.0,16.0,4.0,0.0,4.0,4.0,0.0,3.0,1.0,1.0,0.0,25.0,10.0,5.0,0.0,3.0,3.0,2.0,1.0,0.0,22.0,14.0,1.0,0.0,3.0,0.0,3.0,1.0,1.0,2.0,2.0,19.0,14.0,3.0,0.0,5.0,5.0,0.0,0.0,2.0,2.0,0.0,18.0,8.0,4.0,0.0,8.0,8.0,1.0,1.0,14.0,5.0,6.0,5.0,5.0,2.0,0.0,0.0,0.0,0.0,3.0,0.0,2.0,1.0,0.0,0.0,0.0,1.0,0.0,2.0,1.0,0.0,0.0,3.0,1.0,1.0,6.0,0.0,2.0,0.0,0.0,0.0,0.0,1.0,0.0,0.0,0.0,0.0,0.0,0.0,0.0,0.0,0.0,0.0,0.0,0.0,0.0,1.0,1.0,0.0,1.0,1.0,0.0,2.0,0.0,0.0,0.0,0.0,0.0,0.0,0.0,4.0,3.0,0.0,0.0,1.0,0.0,1.0,0.0,3.0,3.0,0.0,0.0,0.0,2.0,0.0,1.0,0.0,0.0,1.0,0.0,0.0,3.0,4.0,23.0,4.0,2.0,17.0,9.0,9.0,9.0,23.0
CHEMBL3326761,Inhibition,92.0,15.0,9.0,0.0,2.0,0.0,0.0,21.0,12.0,4.0,2.0,0.0,0.0,0.0,2.0,0.0,0.0,0.0,0.0,21.0,11.0,4.0,2.0,0.0,0.0,0.0,2.0,0.0,18.0,10.0,4.0,1.0,0.0,0.0,2.0,0.0,0.0,0.0,16.0,12.0,2.0,1.0,0.0,0.0,0.0,0.0,0.0,0.0,0.0,15.0,12.0,2.0,2.0,0.0,0.0,1.0,0.0,0.0,13.0,9.0,4.0,1.0,0.0,0.0,0.0,1.0,0.0,0.0,0.0,10.0,5.0,2.0,1.0,0.0,0.0,1.0,2.0,0.0,0.0,0.0,10.0,2.0,2.0,1.0,0.0,0.0,0.0,2.0,7.0,4.0,2.0,0.0,0.0,0.0,4.0,0.0,0.0,0.0,0.0,0.0,0.0,0.0,0.0,0.0,0.0,0.0,0.0,1.0,1.0,0.0,0.0,0.0,0.0,0.0,1.0,0.0,0.0,0.0,0.0,0.0,0.0,0.0,0.0,0.0,0.0,0.0,0.0,0.0,0.0,0.0,0.0,0.0,0.0,0.0,0.0,0.0,0.0,0.0,0.0,0.0,0.0,0.0,0.0,0.0,0.0,0.0,0.0,0.0,0.0,0.0,0.0,0.0,0.0,0.0,0.0,0.0,0.0,0.0,1.0,0.0,0.0,0.0,2.0,0.0,0.0,0.0,0.0,0.0,0.0,0.0,3.0,4.0,21.0,4.0,4.0,11.0,3.0,3.0,3.0,20.0
CHEMBL2386796,Inhibition,100.0,26.0,15.0,3.0,0.0,0.0,0.0,39.0,17.0,4.0,0.0,0.0,0.0,0.0,3.0,3.0,0.0,0.0,0.0,34.0,17.0,8.0,0.0,0.0,0.0,0.0,2.0,1.0,27.0,21.0,7.0,0.0,0.0,0.0,1.0,2.0,0.0,0.0,25.0,21.0,6.0,0.0,0.0,0.0,0.0,2.0,0.0,0.0,1.0,27.0,17.0,5.0,0.0,0.0,0.0,1.0,0.0,0.0,24.0,16.0,8.0,0.0,0.0,0.0,0.0,2.0,1.0,0.0,0.0,27.0,9.0,8.0,0.0,0.0,0.0,2.0,1.0,0.0,0.0,0.0,27.0,10.0,6.0,0.0,0.0,0.0,2.0,1.0,30.0,7.0,1.0,0.0,0.0,4.0,3.0,0.0,0.0,0.0,5.0,0.0,2.0,0.0,0.0,0.0,4.0,2.0,0.0,5.0,3.0,3.0,2.0,0.0,2.0,0.0,13.0,2.0,5.0,0.0,1.0,0.0,0.0,3.0,0.0,0.0,0.0,0.0,0.0,0.0,0.0,0.0,0.0,0.0,0.0,0.0,0.0,0.0,0.0,0.0,4.0,4.0,2.0,8.0,0.0,0.0,0.0,2.0,0.0,0.0,0.0,9.0,6.0,0.0,0.0,1.0,0.0,0.0,0.0,0.0,5.0,3.0,2.0,0.0,2.0,4.0,0.0,0.0,0.0,2.0,1.0,2.0,2.0,4.0,22.0,6.0,2.0,18.0,21.0,21.0,10.0,27.0
CHEMBL2087023,Inhibition,76.0,16.0,4.0,5.0,2.0,0.0,0.0,23.0,2.0,5.0,2.0,0.0,0.0,0.0,1.0,1.0,0.0,0.0,0.0,18.0,6.0,9.0,3.0,0.0,0.0,0.0,0.0,0.0,13.0,6.0,7.0,3.0,0.0,0.0,0.0,1.0,0.0,0.0,10.0,7.0,6.0,3.0,0.0,0.0,0.0,0.0,0.0,0.0,0.0,11.0,5.0,3.0,3.0,0.0,0.0,0.0,1.0,1.0,11.0,4.0,6.0,1.0,0.0,0.0,0.0,0.0,0.0,0.0,0.0,12.0,1.0,4.0,0.0,0.0,0.0,0.0,3.0,0.0,0.0,0.0,11.0,1.0,3.0,1.0,0.0,0.0,0.0,2.0,11.0,0.0,4.0,0.0,0.0,0.0,0.0,0.0,0.0,0.0,0.0,0.0,0.0,0.0,0.0,0.0,0.0,0.0,0.0,1.0,1.0,1.0,2.0,0.0,0.0,1.0,3.0,2.0,0.0,0.0,0.0,0.0,0.0,0.0,0.0,0.0,0.0,0.0,0.0,0.0,0.0,0.0,0.0,0.0,0.0,0.0,0.0,0.0,0.0,0.0,0.0,0.0,0.0,0.0,0.0,0.0,0.0,0.0,0.0,0.0,0.0,1.0,0.0,0.0,0.0,0.0,0.0,2.0,1.0,0.0,1.0,1.0,0.0,0.0,4.0,0.0,0.0,0.0,1.0,0.0,2.0,4.0,1.0,2.0,17.0,2.0,4.0,11.0,4.0,4.0,5.0,18.0
CHEMBL3110144,Inhibition,30.0,17.0,8.0,2.0,0.0,0.0,2.0,24.0,14.0,2.0,0.0,0.0,4.0,4.0,1.0,2.0,0.0,0.0,0.0,23.0,15.0,6.0,0.0,0.0,4.0,4.0,1.0,0.0,23.0,18.0,5.0,0.0,0.0,3.0,1.0,1.0,0.0,1.0,24.0,10.0,6.0,0.0,0.0,2.0,2.0,3.0,0.0,2.0,0.0,21.0,2.0,4.0,0.0,0.0,5.0,0.0,2.0,0.0,14.0,2.0,3.0,0.0,0.0,6.0,6.0,0.0,0.0,0.0,1.0,6.0,2.0,4.0,0.0,0.0,5.0,0.0,0.0,0.0,1.0,0.0,1.0,1.0,3.0,0.0,0.0,4.0,0.0,0.0,0.0,0.0,1.0,0.0,1.0,0.0,0.0,0.0,1.0,0.0,0.0,0.0,0.0,0.0,0.0,0.0,0.0,0.0,0.0,1.0,1.0,2.0,2.0,0.0,0.0,0.0,5.0,2.0,2.0,2.0,0.0,2.0,2.0,0.0,0.0,0.0,0.0,0.0,0.0,0.0,0.0,0.0,0.0,0.0,0.0,0.0,0.0,0.0,0.0,0.0,2.0,0.0,0.0,2.0,2.0,0.0,2.0,1.0,0.0,0.0,0.0,2.0,1.0,0.0,2.0,0.0,0.0,0.0,0.0,0.0,1.0,2.0,0.0,0.0,2.0,1.0,0.0,0.0,0.0,0.0,2.0,4.0,1.0,3.0,16.0,4.0,6.0,10.0,3.0,3.0,0.0,20.0
CHEMBL4463273,Inhibition,27.8,18.0,17.0,3.0,0.0,0.0,0.0,27.0,15.0,2.0,0.0,0.0,0.0,0.0,5.0,2.0,0.0,0.0,0.0,27.0,19.0,3.0,0.0,0.0,0.0,0.0,1.0,1.0,22.0,16.0,5.0,0.0,0.0,0.0,2.0,0.0,0.0,0.0,24.0,12.0,4.0,0.0,0.0,0.0,3.0,1.0,0.0,0.0,0.0,19.0,17.0,4.0,0.0,0.0,0.0,0.0,0.0,0.0,21.0,7.0,2.0,0.0,0.0,0.0,0.0,5.0,1.0,0.0,0.0,16.0,15.0,2.0,0.0,0.0,0.0,0.0,1.0,0.0,0.0,0.0,17.0,10.0,1.0,0.0,0.0,0.0,3.0,2.0,17.0,11.0,1.0,0.0,0.0,0.0,2.0,0.0,0.0,0.0,8.0,0.0,4.0,0.0,2.0,0.0,3.0,0.0,2.0,0.0,2.0,1.0,1.0,0.0,3.0,1.0,9.0,1.0,4.0,0.0,0.0,0.0,0.0,0.0,0.0,0.0,0.0,0.0,0.0,0.0,0.0,0.0,0.0,0.0,0.0,0.0,0.0,0.0,0.0,0.0,6.0,2.0,1.0,8.0,0.0,0.0,2.0,3.0,1.0,2.0,2.0,8.0,5.0,0.0,2.0,3.0,2.0,2.0,0.0,0.0,5.0,2.0,2.0,2.0,2.0,0.0,0.0,0.0,0.0,1.0,0.0,0.0,2.0,2.0,18.0,6.0,0.0,20.0,16.0,16.0,7.0,22.0
CHEMBL4536858,Inhibition,79.7,18.0,17.0,3.0,1.0,0.0,0.0,27.0,16.0,4.0,2.0,0.0,0.0,0.0,5.0,4.0,0.0,0.0,0.0,27.0,21.0,7.0,2.0,0.0,0.0,0.0,1.0,1.0,22.0,18.0,9.0,1.0,0.0,0.0,2.0,0.0,0.0,0.0,24.0,13.0,6.0,0.0,0.0,0.0,3.0,1.0,0.0,0.0,0.0,19.0,17.0,4.0,1.0,0.0,0.0,1.0,2.0,0.0,21.0,8.0,4.0,0.0,0.0,0.0,0.0,5.0,1.0,0.0,0.0,16.0,15.0,2.0,2.0,0.0,0.0,1.0,4.0,0.0,0.0,2.0,17.0,12.0,5.0,2.0,0.0,0.0,3.0,2.0,17.0,13.0,5.0,0.0,0.0,0.0,2.0,0.0,0.0,0.0,8.0,0.0,4.0,0.0,2.0,0.0,3.0,0.0,2.0,0.0,2.0,1.0,1.0,0.0,3.0,1.0,9.0,1.0,4.0,0.0,0.0,0.0,0.0,0.0,0.0,0.0,0.0,0.0,0.0,0.0,0.0,0.0,0.0,0.0,0.0,0.0,0.0,0.0,0.0,0.0,6.0,2.0,1.0,8.0,0.0,0.0,2.0,3.0,1.0,2.0,2.0,8.0,5.0,0.0,2.0,3.0,2.0,2.0,0.0,0.0,6.0,2.0,2.0,2.0,4.0,0.0,0.0,0.0,0.0,1.0,0.0,0.0,2.0,2.0,18.0,6.0,4.0,21.0,17.0,17.0,8.0,23.0
CHEMBL4591333,Inhibition,3.3,20.0,17.0,4.0,0.0,0.0,0.0,30.0,15.0,4.0,0.0,0.0,0.0,0.0,5.0,2.0,0.0,0.0,0.0,31.0,19.0,5.0,0.0,0.0,0.0,0.0,1.0,1.0,25.0,17.0,7.0,0.0,0.0,0.0,2.0,0.0,0.0,0.0,26.0,13.0,5.0,0.0,0.0,0.0,3.0,2.0,0.0,0.0,0.0,20.0,18.0,6.0,0.0,0.0,0.0,0.0,0.0,0.0,23.0,8.0,3.0,0.0,0.0,0.0,0.0,5.0,2.0,0.0,0.0,20.0,15.0,4.0,0.0,0.0,0.0,0.0,1.0,0.0,0.0,0.0,19.0,11.0,3.0,0.0,0.0,0.0,3.0,2.0,18.0,12.0,1.0,0.0,0.0,0.0,3.0,0.0,0.0,0.0,8.0,0.0,4.0,0.0,2.0,0.0,3.0,0.0,2.0,1.0,2.0,1.0,2.0,0.0,3.0,1.0,11.0,2.0,5.0,0.0,0.0,0.0,1.0,0.0,0.0,0.0,0.0,0.0,1.0,0.0,0.0,0.0,0.0,0.0,0.0,0.0,0.0,0.0,0.0,0.0,6.0,2.0,1.0,8.0,0.0,0.0,2.0,3.0,1.0,2.0,2.0,8.0,5.0,0.0,2.0,3.0,2.0,2.0,0.0,0.0,5.0,2.0,2.0,2.0,3.0,1.0,0.0,0.0,0.0,1.0,0.0,2.0,2.0,2.0,18.0,6.0,2.0,21.0,17.0,17.0,8.0,23.0
CHEMBL4177361,Inhibition,16.0,19.0,6.0,2.0,2.0,0.0,0.0,26.0,5.0,3.0,3.0,0.0,0.0,0.0,2.0,0.0,0.0,0.0,0.0,21.0,11.0,3.0,4.0,0.0,0.0,0.0,0.0,1.0,20.0,7.0,4.0,2.0,0.0,0.0,1.0,0.0,0.0,0.0,20.0,8.0,4.0,2.0,0.0,0.0,0.0,1.0,0.0,0.0,0.0,18.0,10.0,5.0,2.0,0.0,0.0,0.0,0.0,0.0,16.0,8.0,3.0,2.0,0.0,0.0,0.0,0.0,1.0,0.0,0.0,14.0,4.0,2.0,2.0,0.0,0.0,0.0,1.0,0.0,0.0,0.0,12.0,1.0,3.0,1.0,0.0,0.0,0.0,2.0,11.0,0.0,3.0,0.0,0.0,0.0,0.0,0.0,0.0,1.0,1.0,1.0,0.0,0.0,0.0,0.0,0.0,0.0,0.0,0.0,1.0,0.0,0.0,0.0,0.0,0.0,2.0,0.0,1.0,0.0,0.0,0.0,0.0,0.0,0.0,0.0,0.0,0.0,1.0,0.0,0.0,0.0,0.0,0.0,0.0,0.0,0.0,0.0,0.0,0.0,1.0,0.0,0.0,0.0,0.0,0.0,0.0,0.0,0.0,1.0,0.0,1.0,0.0,0.0,0.0,0.0,0.0,1.0,0.0,0.0,1.0,0.0,0.0,1.0,2.0,0.0,0.0,0.0,0.0,0.0,0.0,0.0,2.0,3.0,21.0,3.0,0.0,10.0,6.0,6.0,4.0,20.0
CHEMBL4743669,Inhibition,99.6,23.0,13.0,6.0,2.0,0.0,0.0,35.0,14.0,7.0,2.0,0.0,0.0,0.0,2.0,3.0,0.0,0.0,0.0,32.0,15.0,6.0,4.0,0.0,0.0,0.0,1.0,2.0,25.0,14.0,10.0,2.0,0.0,0.0,0.0,1.0,0.0,0.0,20.0,14.0,8.0,3.0,0.0,0.0,1.0,2.0,0.0,0.0,0.0,27.0,8.0,5.0,3.0,0.0,0.0,1.0,1.0,1.0,27.0,11.0,8.0,1.0,0.0,0.0,0.0,1.0,0.0,0.0,0.0,26.0,7.0,5.0,2.0,0.0,0.0,2.0,1.0,0.0,0.0,0.0,22.0,8.0,6.0,3.0,0.0,0.0,2.0,1.0,20.0,11.0,5.0,0.0,0.0,0.0,1.0,0.0,0.0,0.0,6.0,0.0,3.0,0.0,3.0,0.0,3.0,0.0,3.0,3.0,2.0,2.0,1.0,0.0,1.0,2.0,11.0,1.0,6.0,0.0,1.0,0.0,0.0,3.0,0.0,0.0,0.0,0.0,0.0,0.0,0.0,0.0,0.0,0.0,0.0,0.0,0.0,0.0,0.0,0.0,3.0,3.0,3.0,6.0,0.0,0.0,0.0,3.0,5.0,3.0,2.0,5.0,3.0,0.0,0.0,1.0,6.0,3.0,1.0,0.0,3.0,2.0,0.0,3.0,3.0,3.0,0.0,0.0,1.0,1.0,0.0,0.0,2.0,5.0,23.0,7.0,0.0,21.0,16.0,16.0,9.0,24.0
CHEMBL575565,Inhibition,100.0,22.0,11.0,3.0,0.0,0.0,0.0,29.0,14.0,4.0,0.0,0.0,0.0,0.0,1.0,2.0,0.0,0.0,0.0,26.0,10.0,6.0,0.0,0.0,0.0,0.0,3.0,2.0,19.0,15.0,6.0,0.0,0.0,0.0,0.0,1.0,0.0,0.0,20.0,13.0,6.0,0.0,0.0,0.0,0.0,1.0,0.0,0.0,0.0,22.0,13.0,5.0,0.0,0.0,0.0,1.0,0.0,0.0,23.0,11.0,2.0,0.0,0.0,0.0,0.0,3.0,1.0,0.0,0.0,21.0,10.0,2.0,0.0,0.0,0.0,1.0,1.0,0.0,0.0,0.0,18.0,7.0,1.0,0.0,0.0,0.0,0.0,1.0,15.0,6.0,2.0,0.0,0.0,2.0,1.0,0.0,0.0,1.0,4.0,2.0,2.0,1.0,0.0,2.0,0.0,0.0,0.0,0.0,2.0,1.0,1.0,0.0,0.0,1.0,6.0,1.0,4.0,0.0,0.0,0.0,0.0,3.0,0.0,0.0,1.0,0.0,0.0,2.0,1.0,0.0,0.0,0.0,2.0,2.0,0.0,3.0,0.0,0.0,4.0,0.0,0.0,4.0,0.0,0.0,1.0,2.0,0.0,0.0,0.0,4.0,2.0,1.0,1.0,0.0,0.0,0.0,0.0,0.0,3.0,1.0,1.0,0.0,2.0,0.0,2.0,0.0,0.0,0.0,1.0,2.0,2.0,3.0,21.0,4.0,2.0,14.0,11.0,11.0,6.0,23.0
CHEMBL3261228,Inhibition,87.0,8.0,4.0,4.0,2.0,0.0,0.0,10.0,4.0,4.0,3.0,0.0,0.0,0.0,0.0,1.0,0.0,0.0,0.0,9.0,4.0,5.0,2.0,0.0,0.0,0.0,0.0,0.0,7.0,3.0,4.0,3.0,0.0,0.0,0.0,2.0,0.0,0.0,8.0,1.0,5.0,1.0,0.0,0.0,1.0,0.0,0.0,0.0,0.0,4.0,3.0,7.0,0.0,0.0,0.0,0.0,0.0,0.0,3.0,1.0,4.0,0.0,0.0,0.0,0.0,0.0,1.0,0.0,0.0,4.0,0.0,0.0,0.0,0.0,0.0,0.0,2.0,0.0,0.0,0.0,2.0,1.0,0.0,0.0,0.0,0.0,0.0,0.0,0.0,1.0,0.0,0.0,0.0,0.0,0.0,0.0,0.0,0.0,1.0,0.0,0.0,0.0,0.0,0.0,0.0,0.0,1.0,1.0,0.0,0.0,1.0,0.0,0.0,1.0,3.0,1.0,1.0,0.0,0.0,0.0,0.0,0.0,0.0,0.0,0.0,0.0,0.0,0.0,0.0,0.0,0.0,0.0,0.0,0.0,0.0,0.0,0.0,0.0,0.0,0.0,0.0,0.0,0.0,0.0,0.0,0.0,0.0,1.0,1.0,0.0,0.0,0.0,0.0,0.0,0.0,2.0,0.0,0.0,0.0,0.0,0.0,0.0,3.0,1.0,0.0,0.0,0.0,0.0,1.0,0.0,2.0,3.0,11.0,3.0,2.0,10.0,3.0,3.0,3.0,9.0
CHEMBL3218350,Inhibition,15.3,26.0,8.0,4.0,0.0,4.0,5.0,37.0,10.0,5.0,0.0,5.0,2.0,7.0,1.0,3.0,3.0,3.0,3.0,33.0,13.0,11.0,0.0,9.0,2.0,11.0,0.0,0.0,28.0,9.0,9.0,0.0,7.0,9.0,1.0,1.0,0.0,1.0,28.0,9.0,8.0,0.0,3.0,6.0,0.0,1.0,4.0,4.0,0.0,27.0,9.0,8.0,0.0,4.0,7.0,0.0,2.0,0.0,28.0,5.0,2.0,0.0,0.0,3.0,3.0,0.0,1.0,4.0,5.0,24.0,7.0,3.0,0.0,4.0,8.0,0.0,0.0,0.0,0.0,0.0,18.0,6.0,6.0,0.0,8.0,13.0,1.0,0.0,11.0,7.0,7.0,8.0,10.0,0.0,0.0,0.0,0.0,0.0,0.0,0.0,0.0,0.0,0.0,0.0,0.0,0.0,0.0,2.0,2.0,1.0,1.0,4.0,0.0,1.0,6.0,1.0,3.0,1.0,1.0,0.0,1.0,3.0,0.0,0.0,0.0,2.0,3.0,0.0,0.0,0.0,0.0,0.0,0.0,0.0,0.0,2.0,0.0,0.0,1.0,0.0,0.0,0.0,0.0,0.0,0.0,0.0,0.0,0.0,0.0,2.0,0.0,0.0,0.0,2.0,0.0,1.0,0.0,4.0,3.0,1.0,0.0,0.0,3.0,2.0,0.0,3.0,0.0,0.0,1.0,0.0,1.0,1.0,22.0,2.0,2.0,12.0,7.0,7.0,6.0,27.0
CHEMBL566083,Inhibition,102.0,22.0,11.0,3.0,0.0,0.0,0.0,29.0,14.0,4.0,0.0,0.0,0.0,0.0,1.0,2.0,0.0,0.0,0.0,27.0,12.0,6.0,0.0,0.0,0.0,0.0,2.0,2.0,21.0,12.0,7.0,0.0,0.0,0.0,1.0,1.0,0.0,0.0,21.0,13.0,7.0,0.0,0.0,0.0,0.0,0.0,0.0,0.0,0.0,24.0,12.0,3.0,0.0,0.0,0.0,1.0,1.0,0.0,22.0,11.0,2.0,0.0,0.0,0.0,0.0,3.0,1.0,0.0,0.0,19.0,11.0,2.0,0.0,0.0,0.0,1.0,1.0,0.0,0.0,0.0,18.0,8.0,1.0,0.0,0.0,0.0,0.0,1.0,15.0,8.0,2.0,0.0,0.0,1.0,1.0,0.0,0.0,1.0,4.0,2.0,2.0,0.0,0.0,2.0,0.0,0.0,0.0,0.0,2.0,1.0,1.0,0.0,0.0,1.0,6.0,1.0,4.0,0.0,0.0,0.0,0.0,3.0,0.0,0.0,2.0,0.0,0.0,2.0,1.0,0.0,0.0,0.0,1.0,2.0,0.0,4.0,0.0,0.0,4.0,0.0,0.0,4.0,0.0,0.0,2.0,1.0,0.0,0.0,0.0,4.0,2.0,1.0,1.0,0.0,0.0,0.0,0.0,0.0,3.0,1.0,0.0,0.0,2.0,0.0,2.0,0.0,0.0,0.0,1.0,2.0,2.0,3.0,21.0,4.0,2.0,14.0,11.0,11.0,5.0,23.0
CHEMBL2436983,Inhibition,97.0,18.0,11.0,0.0,0.0,0.0,0.0,29.0,9.0,0.0,0.0,0.0,0.0,0.0,4.0,0.0,0.0,0.0,0.0,25.0,15.0,0.0,0.0,0.0,0.0,0.0,0.0,0.0,22.0,12.0,0.0,0.0,0.0,0.0,0.0,0.0,0.0,0.0,20.0,9.0,0.0,0.0,0.0,0.0,2.0,0.0,0.0,0.0,0.0,17.0,15.0,0.0,0.0,0.0,0.0,0.0,0.0,0.0,14.0,10.0,0.0,0.0,0.0,0.0,0.0,4.0,0.0,0.0,0.0,11.0,9.0,0.0,0.0,0.0,0.0,1.0,0.0,0.0,0.0,0.0,8.0,8.0,0.0,0.0,0.0,0.0,1.0,0.0,4.0,8.0,0.0,0.0,0.0,0.0,0.0,0.0,0.0,0.0,0.0,0.0,0.0,0.0,0.0,0.0,0.0,0.0,0.0,0.0,0.0,0.0,0.0,0.0,0.0,0.0,0.0,0.0,0.0,0.0,0.0,0.0,0.0,0.0,0.0,0.0,0.0,0.0,0.0,0.0,0.0,0.0,0.0,0.0,0.0,0.0,0.0,0.0,0.0,0.0,0.0,0.0,0.0,0.0,0.0,0.0,0.0,0.0,0.0,0.0,0.0,0.0,0.0,0.0,0.0,0.0,0.0,0.0,0.0,0.0,1.0,0.0,0.0,0.0,0.0,0.0,0.0,0.0,0.0,0.0,0.0,0.0,3.0,5.0,24.0,5.0,0.0,11.0,5.0,5.0,0.0,21.0
CHEMBL4064839,Inhibition,10.0,19.0,13.0,3.0,0.0,0.0,2.0,24.0,15.0,3.0,0.0,0.0,4.0,4.0,4.0,3.0,0.0,0.0,0.0,25.0,18.0,8.0,0.0,0.0,4.0,4.0,1.0,2.0,25.0,12.0,10.0,0.0,0.0,4.0,3.0,2.0,0.0,2.0,24.0,13.0,8.0,0.0,0.0,4.0,2.0,1.0,0.0,2.0,1.0,21.0,13.0,6.0,0.0,0.0,6.0,0.0,3.0,0.0,16.0,12.0,4.0,0.0,0.0,6.0,6.0,3.0,2.0,0.0,0.0,16.0,10.0,4.0,0.0,0.0,2.0,0.0,1.0,0.0,3.0,0.0,14.0,9.0,4.0,0.0,0.0,2.0,2.0,1.0,12.0,8.0,4.0,0.0,2.0,0.0,2.0,0.0,1.0,1.0,1.0,0.0,0.0,0.0,0.0,0.0,0.0,0.0,0.0,1.0,2.0,2.0,3.0,0.0,0.0,0.0,12.0,3.0,9.0,3.0,2.0,2.0,3.0,5.0,0.0,0.0,0.0,4.0,1.0,1.0,0.0,0.0,0.0,0.0,0.0,1.0,0.0,4.0,0.0,0.0,5.0,0.0,0.0,4.0,2.0,2.0,2.0,2.0,0.0,0.0,0.0,5.0,2.0,0.0,2.0,0.0,0.0,0.0,0.0,0.0,4.0,3.0,0.0,0.0,3.0,1.0,1.0,0.0,0.0,0.0,2.0,0.0,2.0,2.0,12.0,4.0,7.0,16.0,12.0,12.0,5.0,24.0
CHEMBL567391,Inhibition,61.0,23.0,9.0,3.0,0.0,0.0,2.0,30.0,10.0,4.0,0.0,0.0,4.0,4.0,1.0,2.0,0.0,0.0,0.0,27.0,11.0,6.0,0.0,0.0,6.0,6.0,2.0,2.0,21.0,12.0,7.0,0.0,0.0,4.0,1.0,0.0,0.0,0.0,22.0,13.0,6.0,0.0,0.0,2.0,0.0,0.0,0.0,0.0,0.0,24.0,12.0,4.0,0.0,0.0,2.0,0.0,1.0,0.0,24.0,11.0,3.0,0.0,0.0,2.0,2.0,1.0,1.0,0.0,4.0,23.0,7.0,2.0,0.0,0.0,4.0,1.0,1.0,0.0,0.0,0.0,20.0,5.0,1.0,0.0,0.0,4.0,0.0,1.0,16.0,5.0,2.0,0.0,4.0,1.0,1.0,0.0,0.0,2.0,5.0,3.0,2.0,1.0,0.0,3.0,0.0,0.0,0.0,1.0,2.0,1.0,1.0,0.0,0.0,1.0,9.0,1.0,6.0,0.0,1.0,0.0,0.0,5.0,1.0,0.0,0.0,0.0,1.0,3.0,2.0,0.0,0.0,0.0,3.0,3.0,0.0,5.0,0.0,0.0,3.0,0.0,0.0,3.0,0.0,0.0,1.0,1.0,0.0,1.0,0.0,4.0,2.0,0.0,1.0,0.0,0.0,1.0,0.0,0.0,3.0,1.0,0.0,0.0,2.0,1.0,2.0,0.0,1.0,0.0,1.0,2.0,2.0,2.0,18.0,3.0,2.0,12.0,13.0,13.0,7.0,21.0
CHEMBL2436982,Inhibition,99.0,18.0,7.0,6.0,0.0,0.0,0.0,29.0,7.0,6.0,0.0,0.0,0.0,0.0,2.0,0.0,0.0,0.0,0.0,29.0,11.0,6.0,0.0,0.0,0.0,0.0,0.0,0.0,26.0,9.0,9.0,0.0,0.0,0.0,0.0,0.0,0.0,0.0,24.0,9.0,7.0,0.0,0.0,0.0,1.0,0.0,0.0,0.0,0.0,22.0,8.0,4.0,0.0,0.0,0.0,1.0,2.0,0.0,17.0,9.0,5.0,0.0,0.0,0.0,0.0,1.0,1.0,0.0,0.0,15.0,5.0,6.0,0.0,0.0,0.0,1.0,2.0,0.0,0.0,0.0,12.0,6.0,6.0,0.0,0.0,0.0,0.0,1.0,9.0,4.0,4.0,0.0,0.0,0.0,2.0,0.0,0.0,0.0,0.0,0.0,0.0,0.0,0.0,0.0,0.0,0.0,0.0,3.0,0.0,0.0,0.0,0.0,0.0,3.0,3.0,0.0,0.0,0.0,0.0,0.0,0.0,0.0,0.0,0.0,0.0,0.0,0.0,0.0,0.0,0.0,0.0,0.0,0.0,0.0,0.0,0.0,0.0,0.0,0.0,0.0,0.0,0.0,0.0,0.0,0.0,0.0,0.0,0.0,0.0,0.0,0.0,0.0,0.0,0.0,0.0,3.0,3.0,0.0,1.0,0.0,0.0,0.0,3.0,0.0,0.0,0.0,3.0,0.0,0.0,0.0,2.0,3.0,21.0,3.0,0.0,13.0,6.0,6.0,3.0,19.0
CHEMBL2436979,Inhibition,88.0,17.0,11.0,7.0,0.0,0.0,0.0,28.0,12.0,6.0,0.0,0.0,0.0,0.0,3.0,2.0,0.0,0.0,0.0,28.0,13.0,9.0,0.0,0.0,0.0,0.0,3.0,0.0,24.0,15.0,11.0,0.0,0.0,0.0,0.0,2.0,0.0,0.0,23.0,13.0,9.0,0.0,0.0,0.0,1.0,2.0,0.0,0.0,0.0,21.0,15.0,6.0,0.0,0.0,0.0,0.0,3.0,0.0,19.0,11.0,6.0,0.0,0.0,0.0,0.0,2.0,4.0,0.0,0.0,18.0,6.0,7.0,0.0,0.0,0.0,1.0,3.0,0.0,0.0,0.0,17.0,5.0,7.0,0.0,0.0,0.0,0.0,1.0,14.0,3.0,8.0,0.0,0.0,0.0,0.0,0.0,0.0,0.0,0.0,0.0,0.0,0.0,0.0,0.0,0.0,0.0,0.0,3.0,3.0,0.0,0.0,0.0,1.0,3.0,4.0,1.0,0.0,0.0,0.0,0.0,0.0,0.0,0.0,0.0,0.0,0.0,0.0,0.0,0.0,0.0,0.0,0.0,0.0,0.0,0.0,0.0,0.0,0.0,0.0,0.0,0.0,0.0,0.0,0.0,0.0,0.0,0.0,0.0,0.0,1.0,0.0,0.0,0.0,1.0,0.0,3.0,3.0,0.0,2.0,1.0,0.0,0.0,4.0,0.0,0.0,0.0,3.0,0.0,0.0,0.0,2.0,3.0,21.0,5.0,2.0,18.0,8.0,8.0,4.0,20.0
CHEMBL2325903,Inhibition,49.0,14.0,8.0,1.0,0.0,0.0,0.0,18.0,11.0,1.0,0.0,0.0,0.0,0.0,1.0,1.0,0.0,0.0,0.0,13.0,14.0,3.0,0.0,0.0,0.0,0.0,2.0,0.0,15.0,5.0,3.0,0.0,0.0,0.0,2.0,2.0,0.0,0.0,15.0,4.0,4.0,0.0,0.0,0.0,1.0,1.0,0.0,0.0,0.0,13.0,9.0,2.0,0.0,0.0,0.0,0.0,0.0,0.0,7.0,10.0,2.0,0.0,0.0,0.0,0.0,0.0,0.0,0.0,0.0,9.0,3.0,0.0,0.0,0.0,0.0,0.0,0.0,0.0,0.0,0.0,10.0,0.0,0.0,0.0,0.0,0.0,0.0,0.0,6.0,0.0,0.0,0.0,0.0,0.0,0.0,0.0,0.0,2.0,1.0,0.0,0.0,0.0,0.0,0.0,0.0,0.0,0.0,4.0,1.0,1.0,1.0,0.0,0.0,0.0,10.0,1.0,8.0,0.0,5.0,0.0,0.0,8.0,3.0,0.0,3.0,0.0,0.0,3.0,0.0,0.0,0.0,0.0,0.0,0.0,0.0,3.0,0.0,0.0,2.0,0.0,0.0,2.0,0.0,0.0,2.0,0.0,0.0,0.0,0.0,2.0,1.0,1.0,1.0,0.0,0.0,0.0,0.0,0.0,1.0,1.0,0.0,0.0,1.0,4.0,1.0,0.0,0.0,0.0,1.0,1.0,2.0,3.0,9.0,3.0,2.0,9.0,13.0,13.0,5.0,14.0
CHEMBL4434658,Inhibition,81.1,19.0,18.0,4.0,0.0,0.0,0.0,29.0,16.0,3.0,0.0,0.0,0.0,0.0,5.0,3.0,0.0,0.0,0.0,29.0,21.0,5.0,0.0,0.0,0.0,0.0,1.0,1.0,23.0,18.0,7.0,0.0,0.0,0.0,2.0,0.0,0.0,0.0,24.0,14.0,5.0,0.0,0.0,0.0,3.0,1.0,0.0,0.0,0.0,20.0,17.0,4.0,0.0,0.0,0.0,1.0,1.0,0.0,21.0,9.0,4.0,0.0,0.0,0.0,0.0,5.0,1.0,0.0,0.0,18.0,15.0,2.0,0.0,0.0,0.0,1.0,3.0,0.0,0.0,1.0,19.0,12.0,3.0,0.0,0.0,0.0,3.0,2.0,17.0,14.0,3.0,0.0,0.0,0.0,2.0,0.0,0.0,0.0,8.0,0.0,4.0,0.0,2.0,0.0,3.0,0.0,2.0,0.0,2.0,1.0,2.0,0.0,3.0,1.0,10.0,2.0,4.0,0.0,0.0,0.0,0.0,0.0,0.0,0.0,0.0,0.0,0.0,0.0,0.0,0.0,0.0,0.0,0.0,0.0,0.0,0.0,0.0,0.0,6.0,2.0,1.0,8.0,0.0,0.0,2.0,3.0,1.0,2.0,2.0,9.0,5.0,0.0,2.0,3.0,2.0,2.0,0.0,0.0,6.0,3.0,2.0,2.0,3.0,0.0,0.0,0.0,0.0,1.0,1.0,2.0,2.0,2.0,18.0,6.0,2.0,22.0,17.0,17.0,8.0,23.0
CHEMBL4437409,Inhibition,36.5,19.0,17.0,3.0,0.0,3.0,3.0,29.0,15.0,2.0,0.0,3.0,0.0,3.0,5.0,2.0,3.0,3.0,3.0,29.0,19.0,3.0,0.0,6.0,0.0,6.0,1.0,1.0,23.0,17.0,5.0,0.0,6.0,6.0,2.0,0.0,0.0,0.0,25.0,12.0,4.0,0.0,3.0,3.0,3.0,1.0,3.0,3.0,0.0,19.0,18.0,5.0,0.0,3.0,3.0,0.0,0.0,0.0,23.0,7.0,2.0,0.0,0.0,0.0,0.0,5.0,1.0,3.0,3.0,18.0,15.0,2.0,0.0,6.0,6.0,0.0,1.0,0.0,0.0,0.0,17.0,11.0,1.0,0.0,6.0,6.0,3.0,2.0,18.0,11.0,1.0,0.0,0.0,0.0,2.0,3.0,3.0,0.0,8.0,0.0,4.0,0.0,2.0,0.0,3.0,0.0,2.0,0.0,2.0,1.0,1.0,3.0,3.0,1.0,10.0,1.0,4.0,0.0,0.0,0.0,0.0,0.0,0.0,0.0,0.0,0.0,0.0,0.0,0.0,0.0,0.0,0.0,0.0,0.0,0.0,0.0,0.0,0.0,6.0,2.0,1.0,8.0,0.0,0.0,2.0,3.0,1.0,2.0,2.0,8.0,5.0,0.0,2.0,3.0,2.0,2.0,0.0,3.0,5.0,2.0,2.0,2.0,2.0,0.0,0.0,3.0,0.0,1.0,0.0,0.0,2.0,2.0,18.0,6.0,0.0,20.0,16.0,16.0,8.0,23.0
CHEMBL1173590,Inhibition,49.3,26.0,7.0,6.0,0.0,0.0,0.0,35.0,9.0,9.0,0.0,0.0,0.0,0.0,1.0,3.0,0.0,0.0,0.0,32.0,11.0,14.0,0.0,0.0,0.0,0.0,0.0,0.0,26.0,10.0,16.0,0.0,0.0,0.0,1.0,0.0,0.0,0.0,24.0,9.0,14.0,0.0,0.0,0.0,0.0,3.0,0.0,0.0,1.0,25.0,8.0,9.0,0.0,0.0,0.0,1.0,2.0,2.0,26.0,6.0,9.0,0.0,0.0,0.0,0.0,0.0,1.0,0.0,0.0,24.0,8.0,7.0,0.0,0.0,0.0,0.0,2.0,0.0,0.0,1.0,22.0,9.0,9.0,0.0,0.0,0.0,0.0,0.0,20.0,6.0,10.0,0.0,0.0,1.0,2.0,0.0,0.0,0.0,0.0,0.0,0.0,0.0,0.0,0.0,0.0,0.0,0.0,1.0,2.0,1.0,1.0,0.0,0.0,1.0,5.0,1.0,1.0,1.0,0.0,1.0,1.0,0.0,0.0,0.0,0.0,0.0,1.0,0.0,0.0,0.0,0.0,0.0,0.0,0.0,0.0,0.0,0.0,0.0,1.0,0.0,0.0,0.0,0.0,0.0,0.0,0.0,0.0,0.0,0.0,2.0,0.0,0.0,0.0,2.0,0.0,2.0,1.0,0.0,4.0,1.0,0.0,0.0,5.0,0.0,0.0,0.0,1.0,0.0,1.0,1.0,0.0,1.0,23.0,2.0,9.0,13.0,7.0,7.0,6.0,29.0
CHEMBL1173046,Inhibition,50.3,22.0,6.0,4.0,0.0,0.0,2.0,30.0,7.0,3.0,0.0,0.0,4.0,4.0,1.0,3.0,0.0,0.0,0.0,27.0,9.0,7.0,0.0,0.0,4.0,4.0,0.0,0.0,21.0,8.0,8.0,0.0,0.0,3.0,1.0,0.0,0.0,0.0,19.0,9.0,8.0,0.0,0.0,2.0,0.0,1.0,0.0,0.0,0.0,21.0,6.0,5.0,0.0,0.0,3.0,1.0,2.0,0.0,20.0,5.0,4.0,0.0,0.0,4.0,4.0,0.0,1.0,0.0,1.0,15.0,6.0,3.0,0.0,0.0,4.0,0.0,1.0,0.0,1.0,1.0,13.0,5.0,4.0,0.0,0.0,3.0,0.0,0.0,12.0,4.0,6.0,0.0,1.0,0.0,0.0,0.0,1.0,0.0,0.0,0.0,0.0,0.0,0.0,0.0,0.0,0.0,0.0,1.0,2.0,1.0,1.0,0.0,0.0,1.0,5.0,1.0,1.0,1.0,0.0,1.0,1.0,0.0,0.0,0.0,0.0,0.0,1.0,0.0,0.0,0.0,0.0,0.0,0.0,0.0,0.0,0.0,0.0,0.0,1.0,0.0,0.0,0.0,0.0,0.0,0.0,0.0,0.0,0.0,0.0,2.0,0.0,0.0,0.0,2.0,0.0,2.0,1.0,0.0,3.0,1.0,0.0,0.0,3.0,0.0,0.0,0.0,1.0,0.0,1.0,1.0,0.0,0.0,18.0,1.0,7.0,10.0,7.0,7.0,5.0,24.0
CHEMBL2206009,Inhibition,97.0,19.0,5.0,3.0,0.0,0.0,0.0,25.0,6.0,4.0,0.0,0.0,0.0,0.0,0.0,1.0,0.0,0.0,0.0,27.0,3.0,5.0,0.0,0.0,0.0,0.0,0.0,1.0,21.0,3.0,6.0,0.0,0.0,0.0,0.0,0.0,0.0,0.0,17.0,4.0,7.0,0.0,0.0,0.0,0.0,0.0,0.0,0.0,0.0,19.0,4.0,3.0,0.0,0.0,0.0,0.0,0.0,0.0,18.0,2.0,3.0,0.0,0.0,0.0,0.0,0.0,0.0,0.0,0.0,13.0,1.0,2.0,0.0,0.0,0.0,0.0,1.0,0.0,0.0,1.0,9.0,2.0,3.0,0.0,0.0,0.0,0.0,0.0,8.0,3.0,2.0,0.0,0.0,0.0,0.0,0.0,0.0,0.0,4.0,0.0,1.0,0.0,1.0,0.0,3.0,0.0,1.0,2.0,1.0,1.0,1.0,0.0,1.0,1.0,9.0,1.0,4.0,1.0,0.0,1.0,1.0,0.0,0.0,0.0,0.0,0.0,1.0,0.0,0.0,0.0,0.0,0.0,0.0,0.0,0.0,0.0,0.0,0.0,4.0,3.0,3.0,6.0,0.0,0.0,0.0,3.0,2.0,1.0,0.0,4.0,3.0,0.0,0.0,1.0,2.0,1.0,1.0,0.0,2.0,1.0,0.0,1.0,2.0,2.0,0.0,0.0,1.0,1.0,1.0,1.0,0.0,0.0,12.0,1.0,5.0,8.0,10.0,10.0,7.0,17.0
CHEMBL4448754,Inhibition,13.0,21.0,14.0,3.0,0.0,0.0,0.0,32.0,14.0,6.0,0.0,0.0,0.0,0.0,5.0,1.0,0.0,0.0,0.0,26.0,24.0,7.0,0.0,0.0,0.0,0.0,0.0,1.0,26.0,16.0,9.0,0.0,0.0,0.0,6.0,1.0,0.0,0.0,31.0,16.0,5.0,0.0,0.0,0.0,0.0,3.0,0.0,0.0,1.0,30.0,19.0,5.0,0.0,0.0,0.0,1.0,3.0,0.0,32.0,16.0,7.0,0.0,0.0,0.0,0.0,0.0,2.0,0.0,0.0,24.0,17.0,6.0,0.0,0.0,0.0,2.0,5.0,0.0,0.0,0.0,22.0,9.0,5.0,0.0,0.0,0.0,0.0,1.0,21.0,6.0,5.0,0.0,0.0,3.0,2.0,0.0,0.0,1.0,4.0,2.0,2.0,0.0,0.0,2.0,0.0,0.0,0.0,3.0,4.0,1.0,1.0,0.0,0.0,1.0,9.0,1.0,4.0,0.0,0.0,0.0,0.0,3.0,0.0,0.0,2.0,0.0,0.0,2.0,1.0,0.0,0.0,0.0,1.0,2.0,0.0,4.0,0.0,0.0,4.0,0.0,0.0,4.0,0.0,0.0,2.0,1.0,0.0,0.0,0.0,4.0,2.0,1.0,1.0,0.0,0.0,1.0,1.0,0.0,4.0,1.0,0.0,0.0,3.0,0.0,2.0,0.0,1.0,1.0,1.0,2.0,2.0,3.0,21.0,4.0,4.0,17.0,17.0,17.0,9.0,26.0
CHEMBL3786892,Inhibition,100.0,23.0,9.0,2.0,2.0,0.0,1.0,33.0,9.0,6.0,4.0,0.0,2.0,2.0,4.0,0.0,0.0,0.0,0.0,33.0,17.0,10.0,2.0,0.0,0.0,0.0,0.0,1.0,30.0,14.0,7.0,2.0,0.0,2.0,2.0,2.0,0.0,0.0,27.0,15.0,8.0,1.0,0.0,2.0,0.0,2.0,0.0,1.0,0.0,23.0,18.0,5.0,2.0,0.0,3.0,0.0,3.0,0.0,22.0,13.0,5.0,0.0,0.0,4.0,4.0,1.0,1.0,0.0,0.0,19.0,14.0,1.0,1.0,0.0,4.0,0.0,4.0,0.0,0.0,0.0,21.0,6.0,4.0,2.0,0.0,3.0,2.0,0.0,21.0,5.0,6.0,0.0,2.0,0.0,0.0,0.0,0.0,2.0,2.0,1.0,1.0,0.0,0.0,0.0,0.0,0.0,0.0,5.0,2.0,0.0,0.0,0.0,0.0,1.0,10.0,0.0,7.0,0.0,1.0,0.0,0.0,6.0,1.0,0.0,3.0,0.0,4.0,3.0,2.0,0.0,0.0,0.0,0.0,0.0,0.0,3.0,0.0,0.0,2.0,0.0,0.0,0.0,0.0,0.0,0.0,0.0,0.0,0.0,0.0,1.0,0.0,0.0,0.0,0.0,0.0,1.0,1.0,0.0,3.0,0.0,0.0,0.0,3.0,4.0,2.0,0.0,1.0,0.0,0.0,0.0,2.0,2.0,18.0,2.0,4.0,13.0,15.0,15.0,7.0,22.0
CHEMBL2206017,Inhibition,87.0,19.0,3.0,5.0,0.0,0.0,1.0,25.0,4.0,6.0,0.0,0.0,2.0,2.0,0.0,1.0,0.0,0.0,0.0,24.0,4.0,8.0,0.0,0.0,2.0,2.0,0.0,0.0,21.0,3.0,9.0,0.0,0.0,2.0,0.0,0.0,0.0,0.0,21.0,2.0,7.0,0.0,0.0,2.0,0.0,1.0,0.0,1.0,0.0,19.0,3.0,6.0,0.0,0.0,1.0,0.0,0.0,0.0,16.0,3.0,6.0,0.0,0.0,2.0,2.0,0.0,1.0,0.0,0.0,12.0,3.0,5.0,0.0,0.0,2.0,0.0,2.0,0.0,0.0,1.0,9.0,3.0,4.0,0.0,0.0,1.0,0.0,0.0,8.0,2.0,2.0,0.0,1.0,0.0,0.0,0.0,0.0,0.0,3.0,0.0,2.0,1.0,1.0,0.0,0.0,0.0,1.0,1.0,1.0,1.0,1.0,0.0,0.0,2.0,8.0,1.0,4.0,1.0,0.0,1.0,1.0,2.0,0.0,0.0,0.0,0.0,1.0,1.0,0.0,0.0,0.0,0.0,0.0,0.0,1.0,0.0,0.0,1.0,1.0,0.0,0.0,0.0,0.0,0.0,0.0,0.0,0.0,1.0,0.0,1.0,0.0,0.0,0.0,1.0,0.0,2.0,2.0,0.0,2.0,1.0,0.0,0.0,3.0,0.0,2.0,0.0,2.0,0.0,1.0,1.0,0.0,0.0,12.0,1.0,5.0,8.0,8.0,8.0,6.0,16.0
CHEMBL2089212,Inhibition,90.0,15.0,13.0,1.0,0.0,1.0,2.0,20.0,13.0,0.0,0.0,2.0,2.0,4.0,6.0,2.0,0.0,0.0,0.0,13.0,21.0,2.0,0.0,2.0,2.0,4.0,2.0,0.0,10.0,13.0,4.0,0.0,1.0,2.0,6.0,0.0,0.0,1.0,12.0,13.0,4.0,0.0,0.0,1.0,1.0,0.0,1.0,1.0,0.0,16.0,7.0,2.0,0.0,1.0,1.0,4.0,1.0,0.0,16.0,11.0,1.0,0.0,0.0,1.0,1.0,0.0,0.0,1.0,1.0,14.0,8.0,0.0,0.0,1.0,3.0,3.0,2.0,0.0,0.0,0.0,8.0,11.0,2.0,0.0,2.0,4.0,1.0,0.0,6.0,8.0,1.0,2.0,3.0,2.0,1.0,0.0,1.0,0.0,0.0,0.0,0.0,0.0,0.0,0.0,0.0,0.0,0.0,0.0,2.0,0.0,0.0,1.0,0.0,0.0,1.0,0.0,0.0,0.0,0.0,0.0,0.0,0.0,0.0,0.0,0.0,0.0,0.0,0.0,0.0,0.0,0.0,0.0,0.0,0.0,0.0,0.0,0.0,0.0,0.0,0.0,0.0,0.0,0.0,0.0,0.0,0.0,0.0,0.0,0.0,1.0,0.0,0.0,0.0,1.0,0.0,1.0,0.0,1.0,4.0,0.0,0.0,0.0,1.0,0.0,0.0,0.0,0.0,0.0,0.0,0.0,3.0,4.0,21.0,4.0,2.0,14.0,8.0,8.0,5.0,21.0
CHEMBL3264108,Inhibition,6.0,19.0,6.0,3.0,0.0,0.0,0.0,24.0,6.0,7.0,0.0,0.0,0.0,0.0,2.0,0.0,0.0,0.0,0.0,24.0,9.0,8.0,0.0,0.0,0.0,0.0,0.0,0.0,25.0,8.0,9.0,0.0,0.0,0.0,1.0,1.0,0.0,0.0,26.0,9.0,6.0,0.0,0.0,0.0,0.0,0.0,0.0,0.0,0.0,24.0,9.0,2.0,0.0,0.0,0.0,0.0,4.0,0.0,19.0,8.0,3.0,0.0,0.0,0.0,0.0,0.0,0.0,0.0,0.0,17.0,5.0,4.0,0.0,0.0,0.0,0.0,2.0,0.0,0.0,0.0,18.0,2.0,6.0,0.0,0.0,0.0,0.0,0.0,15.0,3.0,4.0,0.0,0.0,0.0,2.0,0.0,0.0,0.0,4.0,0.0,1.0,0.0,0.0,0.0,0.0,0.0,1.0,3.0,1.0,0.0,0.0,0.0,0.0,2.0,7.0,0.0,3.0,0.0,0.0,0.0,0.0,1.0,0.0,0.0,0.0,0.0,0.0,0.0,0.0,0.0,0.0,0.0,0.0,0.0,0.0,0.0,0.0,0.0,0.0,0.0,0.0,0.0,0.0,0.0,0.0,0.0,0.0,1.0,0.0,0.0,0.0,0.0,0.0,0.0,0.0,2.0,1.0,0.0,1.0,0.0,0.0,0.0,3.0,2.0,1.0,0.0,1.0,0.0,0.0,0.0,2.0,2.0,18.0,2.0,0.0,9.0,10.0,10.0,9.0,18.0
CHEMBL567174,Inhibition,99.0,23.0,11.0,3.0,0.0,0.0,0.0,31.0,13.0,4.0,0.0,0.0,0.0,0.0,1.0,2.0,0.0,0.0,0.0,27.0,13.0,6.0,0.0,0.0,0.0,0.0,2.0,2.0,21.0,13.0,6.0,0.0,0.0,0.0,1.0,1.0,0.0,0.0,20.0,14.0,7.0,0.0,0.0,0.0,0.0,0.0,0.0,0.0,0.0,24.0,12.0,4.0,0.0,0.0,0.0,1.0,1.0,0.0,24.0,11.0,3.0,0.0,0.0,0.0,0.0,3.0,1.0,0.0,0.0,22.0,11.0,2.0,0.0,0.0,0.0,1.0,1.0,0.0,0.0,0.0,20.0,7.0,1.0,0.0,0.0,0.0,0.0,1.0,16.0,7.0,2.0,0.0,0.0,1.0,1.0,0.0,0.0,1.0,5.0,3.0,2.0,1.0,0.0,3.0,0.0,0.0,0.0,0.0,2.0,1.0,1.0,0.0,0.0,1.0,7.0,1.0,5.0,0.0,1.0,0.0,0.0,5.0,1.0,0.0,0.0,0.0,0.0,3.0,2.0,0.0,0.0,0.0,3.0,3.0,0.0,5.0,0.0,0.0,3.0,0.0,0.0,3.0,0.0,0.0,1.0,1.0,0.0,0.0,0.0,4.0,2.0,0.0,1.0,0.0,0.0,0.0,0.0,0.0,3.0,1.0,0.0,0.0,2.0,0.0,2.0,0.0,0.0,0.0,1.0,2.0,2.0,3.0,21.0,4.0,2.0,14.0,12.0,12.0,6.0,23.0
CHEMBL3758739,Inhibition,38.1,17.0,10.0,2.0,0.0,2.0,3.0,23.0,17.0,4.0,0.0,2.0,2.0,4.0,3.0,0.0,1.0,1.0,1.0,18.0,24.0,1.0,0.0,2.0,2.0,4.0,1.0,1.0,18.0,13.0,1.0,0.0,4.0,6.0,6.0,2.0,2.0,3.0,18.0,18.0,2.0,0.0,0.0,0.0,1.0,0.0,4.0,5.0,0.0,23.0,13.0,3.0,0.0,4.0,5.0,3.0,1.0,0.0,19.0,17.0,3.0,0.0,4.0,1.0,5.0,1.0,3.0,2.0,3.0,16.0,9.0,2.0,0.0,8.0,11.0,2.0,0.0,0.0,0.0,0.0,12.0,6.0,1.0,0.0,2.0,4.0,2.0,0.0,6.0,4.0,0.0,4.0,8.0,0.0,0.0,2.0,2.0,1.0,1.0,0.0,0.0,0.0,0.0,0.0,0.0,0.0,1.0,2.0,1.0,0.0,0.0,2.0,0.0,1.0,5.0,0.0,2.0,0.0,0.0,0.0,0.0,1.0,0.0,0.0,0.0,0.0,0.0,0.0,0.0,0.0,0.0,0.0,0.0,0.0,0.0,0.0,0.0,0.0,0.0,0.0,0.0,0.0,0.0,0.0,0.0,0.0,0.0,2.0,2.0,0.0,0.0,0.0,0.0,0.0,0.0,2.0,0.0,2.0,1.0,0.0,0.0,0.0,1.0,2.0,0.0,2.0,0.0,0.0,0.0,0.0,4.0,6.0,20.0,7.0,0.0,12.0,13.0,13.0,3.0,19.0
CHEMBL1173230,Inhibition,71.4,22.0,6.0,7.0,0.0,0.0,0.0,31.0,7.0,7.0,0.0,0.0,0.0,0.0,1.0,3.0,0.0,0.0,0.0,29.0,9.0,11.0,0.0,0.0,0.0,0.0,0.0,0.0,23.0,8.0,12.0,0.0,0.0,0.0,1.0,0.0,0.0,0.0,21.0,9.0,10.0,0.0,0.0,0.0,0.0,1.0,0.0,0.0,0.0,22.0,6.0,8.0,0.0,0.0,0.0,1.0,2.0,0.0,22.0,5.0,8.0,0.0,0.0,0.0,0.0,0.0,2.0,0.0,0.0,17.0,7.0,8.0,0.0,0.0,0.0,0.0,2.0,0.0,0.0,2.0,15.0,5.0,7.0,0.0,0.0,0.0,0.0,0.0,13.0,4.0,7.0,0.0,0.0,0.0,1.0,0.0,0.0,0.0,0.0,0.0,0.0,0.0,0.0,0.0,0.0,0.0,0.0,2.0,2.0,1.0,1.0,0.0,0.0,2.0,6.0,1.0,1.0,1.0,0.0,1.0,1.0,0.0,0.0,0.0,0.0,0.0,1.0,0.0,0.0,0.0,0.0,0.0,0.0,0.0,0.0,0.0,0.0,0.0,1.0,0.0,0.0,0.0,0.0,0.0,0.0,0.0,0.0,0.0,0.0,2.0,0.0,0.0,0.0,2.0,0.0,3.0,2.0,0.0,3.0,1.0,0.0,0.0,5.0,0.0,0.0,0.0,2.0,0.0,1.0,1.0,0.0,0.0,18.0,1.0,7.0,13.0,9.0,9.0,6.0,24.0
CHEMBL3330410,Inhibition,3.0,22.0,7.0,1.0,3.0,0.0,0.0,29.0,14.0,3.0,4.0,0.0,0.0,0.0,0.0,3.0,0.0,0.0,0.0,26.0,14.0,6.0,3.0,0.0,0.0,0.0,1.0,1.0,24.0,17.0,10.0,3.0,0.0,0.0,0.0,0.0,0.0,0.0,26.0,11.0,9.0,3.0,0.0,0.0,2.0,0.0,0.0,0.0,0.0,26.0,8.0,4.0,5.0,0.0,0.0,1.0,2.0,0.0,23.0,8.0,5.0,4.0,0.0,0.0,0.0,1.0,4.0,0.0,0.0,20.0,6.0,6.0,3.0,0.0,0.0,2.0,0.0,0.0,0.0,0.0,15.0,11.0,4.0,3.0,0.0,0.0,1.0,2.0,14.0,9.0,3.0,0.0,0.0,0.0,0.0,0.0,0.0,1.0,4.0,0.0,3.0,1.0,0.0,0.0,1.0,0.0,0.0,0.0,1.0,1.0,1.0,0.0,1.0,0.0,6.0,1.0,4.0,1.0,0.0,0.0,1.0,2.0,0.0,0.0,0.0,0.0,0.0,1.0,0.0,0.0,0.0,0.0,0.0,1.0,0.0,2.0,1.0,0.0,4.0,3.0,3.0,6.0,0.0,0.0,0.0,3.0,0.0,0.0,0.0,4.0,3.0,0.0,0.0,1.0,0.0,0.0,0.0,0.0,3.0,1.0,1.0,0.0,3.0,0.0,2.0,0.0,0.0,1.0,1.0,0.0,1.0,3.0,20.0,4.0,4.0,11.0,13.0,13.0,6.0,23.0
CHEMBL2206006,Inhibition,83.0,19.0,4.0,3.0,0.0,0.0,1.0,24.0,7.0,4.0,0.0,0.0,2.0,2.0,3.0,1.0,0.0,0.0,0.0,22.0,7.0,6.0,0.0,0.0,2.0,2.0,0.0,0.0,19.0,6.0,5.0,0.0,0.0,2.0,0.0,0.0,0.0,0.0,18.0,4.0,5.0,0.0,0.0,2.0,0.0,2.0,0.0,1.0,0.0,17.0,4.0,3.0,0.0,0.0,1.0,0.0,2.0,0.0,13.0,7.0,3.0,0.0,0.0,2.0,2.0,0.0,0.0,0.0,0.0,9.0,8.0,2.0,0.0,0.0,2.0,0.0,1.0,0.0,0.0,1.0,7.0,7.0,3.0,0.0,0.0,1.0,0.0,0.0,7.0,5.0,2.0,0.0,0.0,0.0,0.0,0.0,0.0,0.0,3.0,0.0,2.0,1.0,1.0,0.0,0.0,0.0,1.0,0.0,1.0,1.0,1.0,0.0,0.0,1.0,6.0,1.0,3.0,1.0,0.0,1.0,1.0,1.0,0.0,0.0,0.0,0.0,1.0,0.0,0.0,0.0,0.0,0.0,0.0,0.0,0.0,0.0,0.0,1.0,1.0,0.0,0.0,0.0,0.0,0.0,0.0,0.0,0.0,1.0,0.0,1.0,0.0,0.0,0.0,1.0,0.0,1.0,1.0,0.0,1.0,1.0,0.0,0.0,2.0,0.0,2.0,0.0,1.0,0.0,1.0,1.0,3.0,4.0,17.0,5.0,5.0,7.0,9.0,9.0,6.0,18.0
CHEMBL2206020,Inhibition,58.0,24.0,2.0,6.0,0.0,0.0,1.0,33.0,3.0,6.0,0.0,0.0,2.0,2.0,0.0,1.0,0.0,0.0,0.0,29.0,3.0,12.0,0.0,0.0,2.0,2.0,0.0,0.0,24.0,2.0,10.0,0.0,0.0,2.0,0.0,0.0,0.0,0.0,24.0,2.0,8.0,0.0,0.0,2.0,0.0,0.0,0.0,1.0,0.0,23.0,2.0,6.0,0.0,0.0,1.0,0.0,0.0,0.0,20.0,1.0,3.0,0.0,0.0,2.0,2.0,0.0,0.0,0.0,0.0,15.0,0.0,5.0,0.0,0.0,2.0,0.0,1.0,0.0,0.0,1.0,13.0,1.0,7.0,0.0,0.0,1.0,0.0,0.0,14.0,1.0,6.0,0.0,0.0,0.0,0.0,0.0,0.0,0.0,1.0,0.0,0.0,0.0,0.0,0.0,0.0,0.0,1.0,1.0,1.0,1.0,2.0,0.0,0.0,2.0,6.0,2.0,1.0,1.0,0.0,1.0,1.0,0.0,0.0,0.0,0.0,0.0,1.0,0.0,0.0,0.0,0.0,0.0,0.0,0.0,0.0,0.0,0.0,0.0,1.0,0.0,0.0,0.0,0.0,0.0,0.0,0.0,0.0,0.0,0.0,1.0,0.0,0.0,0.0,1.0,0.0,3.0,1.0,0.0,1.0,1.0,0.0,0.0,4.0,0.0,0.0,0.0,1.0,0.0,2.0,3.0,0.0,0.0,18.0,1.0,7.0,8.0,6.0,6.0,6.0,23.0
CHEMBL4436746,Inhibition,-2.82,28.0,9.0,3.0,0.0,6.0,7.0,38.0,14.0,2.0,0.0,6.0,2.0,8.0,1.0,2.0,6.0,6.0,6.0,37.0,16.0,4.0,0.0,12.0,2.0,14.0,0.0,0.0,31.0,20.0,6.0,0.0,12.0,14.0,1.0,0.0,0.0,0.0,34.0,16.0,5.0,0.0,12.0,14.0,1.0,1.0,6.0,7.0,0.0,38.0,10.0,6.0,0.0,6.0,8.0,3.0,2.0,0.0,41.0,8.0,4.0,0.0,0.0,3.0,3.0,1.0,1.0,6.0,6.0,34.0,13.0,6.0,0.0,6.0,10.0,0.0,0.0,0.0,0.0,0.0,26.0,13.0,4.0,0.0,12.0,14.0,0.0,1.0,18.0,12.0,5.0,12.0,13.0,1.0,1.0,0.0,1.0,0.0,0.0,0.0,0.0,0.0,0.0,0.0,0.0,0.0,0.0,1.0,1.0,0.0,0.0,6.0,0.0,1.0,4.0,0.0,0.0,0.0,0.0,0.0,0.0,0.0,0.0,0.0,0.0,0.0,0.0,0.0,0.0,0.0,0.0,0.0,0.0,0.0,0.0,0.0,0.0,0.0,0.0,0.0,0.0,0.0,0.0,0.0,0.0,0.0,0.0,0.0,0.0,1.0,0.0,0.0,0.0,1.0,0.0,2.0,1.0,6.0,2.0,0.0,0.0,0.0,2.0,0.0,0.0,6.0,1.0,0.0,0.0,0.0,2.0,3.0,29.0,3.0,2.0,12.0,4.0,4.0,6.0,31.0
CHEMBL4763985,Inhibition,97.2,20.0,10.0,4.0,2.0,0.0,0.0,31.0,11.0,4.0,2.0,0.0,0.0,0.0,2.0,3.0,0.0,0.0,0.0,25.0,15.0,6.0,4.0,0.0,0.0,0.0,1.0,0.0,21.0,13.0,7.0,2.0,0.0,0.0,0.0,1.0,0.0,0.0,16.0,12.0,5.0,3.0,0.0,0.0,1.0,2.0,0.0,0.0,0.0,20.0,6.0,5.0,2.0,0.0,0.0,1.0,1.0,0.0,18.0,9.0,7.0,1.0,0.0,0.0,0.0,1.0,0.0,0.0,0.0,19.0,5.0,3.0,0.0,0.0,0.0,1.0,1.0,0.0,0.0,0.0,17.0,5.0,4.0,1.0,0.0,0.0,1.0,1.0,15.0,6.0,4.0,0.0,0.0,0.0,1.0,0.0,0.0,0.0,0.0,0.0,0.0,0.0,0.0,0.0,0.0,0.0,0.0,4.0,1.0,0.0,0.0,0.0,0.0,1.0,6.0,0.0,3.0,0.0,1.0,0.0,0.0,3.0,0.0,0.0,0.0,0.0,0.0,0.0,0.0,0.0,0.0,0.0,0.0,0.0,0.0,0.0,0.0,0.0,0.0,0.0,0.0,0.0,0.0,0.0,0.0,0.0,0.0,0.0,0.0,1.0,0.0,0.0,0.0,1.0,0.0,2.0,1.0,0.0,2.0,0.0,0.0,0.0,2.0,3.0,0.0,0.0,1.0,0.0,0.0,0.0,2.0,5.0,23.0,5.0,2.0,16.0,7.0,7.0,5.0,22.0
CHEMBL4753769,Inhibition,35.8,28.0,15.0,7.0,2.0,0.0,0.0,39.0,16.0,9.0,2.0,0.0,0.0,0.0,3.0,3.0,0.0,0.0,0.0,39.0,17.0,6.0,4.0,0.0,0.0,0.0,0.0,3.0,30.0,16.0,12.0,2.0,0.0,0.0,1.0,1.0,0.0,0.0,28.0,15.0,11.0,3.0,0.0,0.0,0.0,2.0,0.0,0.0,1.0,34.0,11.0,6.0,3.0,0.0,0.0,1.0,1.0,1.0,39.0,8.0,6.0,1.0,0.0,0.0,0.0,2.0,1.0,0.0,0.0,33.0,9.0,8.0,2.0,0.0,0.0,1.0,1.0,0.0,0.0,0.0,25.0,10.0,6.0,3.0,0.0,0.0,2.0,3.0,22.0,15.0,7.0,0.0,0.0,0.0,0.0,0.0,0.0,0.0,7.0,0.0,3.0,0.0,3.0,0.0,3.0,0.0,3.0,1.0,3.0,3.0,2.0,0.0,1.0,2.0,10.0,2.0,4.0,1.0,0.0,0.0,1.0,0.0,0.0,0.0,0.0,0.0,1.0,0.0,0.0,0.0,0.0,0.0,0.0,0.0,0.0,0.0,0.0,0.0,4.0,3.0,3.0,6.0,0.0,0.0,0.0,3.0,5.0,3.0,2.0,6.0,3.0,0.0,0.0,2.0,6.0,3.0,1.0,0.0,4.0,3.0,0.0,3.0,4.0,1.0,1.0,0.0,1.0,1.0,1.0,0.0,2.0,5.0,29.0,7.0,0.0,24.0,18.0,18.0,12.0,31.0
CHEMBL2436981,Inhibition,98.0,20.0,9.0,0.0,0.0,0.0,0.0,30.0,10.0,0.0,0.0,0.0,0.0,0.0,2.0,0.0,0.0,0.0,0.0,27.0,13.0,0.0,0.0,0.0,0.0,0.0,0.0,0.0,24.0,10.0,0.0,0.0,0.0,0.0,0.0,0.0,0.0,0.0,21.0,9.0,0.0,0.0,0.0,0.0,1.0,0.0,0.0,0.0,0.0,19.0,13.0,0.0,0.0,0.0,0.0,0.0,0.0,0.0,16.0,9.0,0.0,0.0,0.0,0.0,0.0,3.0,0.0,0.0,0.0,13.0,7.0,0.0,0.0,0.0,0.0,1.0,0.0,0.0,0.0,0.0,10.0,6.0,0.0,0.0,0.0,0.0,1.0,0.0,6.0,6.0,0.0,0.0,0.0,0.0,0.0,0.0,0.0,0.0,0.0,0.0,0.0,0.0,0.0,0.0,0.0,0.0,0.0,0.0,0.0,0.0,0.0,0.0,0.0,0.0,0.0,0.0,0.0,0.0,0.0,0.0,0.0,0.0,0.0,0.0,0.0,0.0,0.0,0.0,0.0,0.0,0.0,0.0,0.0,0.0,0.0,0.0,0.0,0.0,0.0,0.0,0.0,0.0,0.0,0.0,0.0,0.0,0.0,0.0,0.0,0.0,0.0,0.0,0.0,0.0,0.0,0.0,0.0,0.0,1.0,0.0,0.0,0.0,0.0,0.0,0.0,0.0,0.0,0.0,0.0,0.0,2.0,4.0,24.0,4.0,0.0,9.0,5.0,5.0,0.0,22.0
CHEMBL1916891,Inhibition,-8.0,18.0,15.0,1.0,0.0,1.0,1.0,29.0,15.0,1.0,0.0,2.0,0.0,2.0,2.0,1.0,0.0,0.0,0.0,28.0,17.0,3.0,0.0,2.0,0.0,2.0,2.0,0.0,26.0,15.0,3.0,0.0,3.0,3.0,3.0,0.0,1.0,1.0,26.0,14.0,2.0,0.0,2.0,2.0,2.0,1.0,1.0,1.0,0.0,25.0,17.0,3.0,0.0,3.0,3.0,1.0,1.0,0.0,29.0,10.0,2.0,0.0,3.0,0.0,3.0,1.0,1.0,1.0,1.0,20.0,9.0,2.0,0.0,2.0,2.0,0.0,1.0,1.0,1.0,0.0,15.0,6.0,0.0,0.0,5.0,5.0,1.0,1.0,10.0,9.0,1.0,1.0,1.0,1.0,0.0,0.0,0.0,0.0,1.0,0.0,0.0,0.0,0.0,0.0,0.0,1.0,0.0,4.0,1.0,0.0,1.0,1.0,2.0,0.0,8.0,1.0,2.0,1.0,0.0,2.0,1.0,0.0,0.0,0.0,0.0,0.0,0.0,0.0,0.0,0.0,0.0,0.0,0.0,0.0,0.0,0.0,0.0,0.0,2.0,1.0,0.0,3.0,0.0,0.0,0.0,0.0,0.0,0.0,0.0,5.0,4.0,0.0,1.0,2.0,0.0,0.0,0.0,1.0,3.0,1.0,0.0,0.0,1.0,1.0,0.0,0.0,0.0,1.0,1.0,1.0,2.0,3.0,19.0,3.0,1.0,16.0,9.0,9.0,7.0,23.0
CHEMBL2036807,Inhibition,82.0,28.0,15.0,0.0,0.0,0.0,0.0,38.0,18.0,0.0,0.0,0.0,0.0,0.0,4.0,0.0,0.0,0.0,0.0,35.0,23.0,0.0,0.0,0.0,0.0,0.0,2.0,0.0,32.0,19.0,0.0,0.0,0.0,0.0,3.0,0.0,0.0,0.0,30.0,24.0,0.0,0.0,0.0,0.0,1.0,0.0,0.0,0.0,0.0,31.0,20.0,0.0,0.0,0.0,0.0,2.0,0.0,0.0,30.0,22.0,0.0,0.0,0.0,0.0,0.0,2.0,0.0,0.0,0.0,33.0,20.0,0.0,0.0,0.0,0.0,3.0,0.0,0.0,0.0,0.0,32.0,20.0,0.0,0.0,0.0,0.0,1.0,0.0,30.0,14.0,0.0,0.0,0.0,4.0,0.0,0.0,0.0,2.0,12.0,5.0,6.0,1.0,0.0,3.0,1.0,0.0,0.0,0.0,2.0,0.0,0.0,0.0,1.0,0.0,14.0,0.0,11.0,0.0,1.0,0.0,0.0,9.0,2.0,1.0,2.0,0.0,1.0,8.0,8.0,3.0,1.0,0.0,4.0,2.0,0.0,3.0,0.0,0.0,7.0,0.0,0.0,4.0,0.0,0.0,0.0,2.0,0.0,0.0,0.0,6.0,2.0,0.0,0.0,2.0,0.0,0.0,0.0,0.0,4.0,0.0,2.0,0.0,0.0,0.0,6.0,0.0,0.0,1.0,0.0,0.0,3.0,4.0,21.0,6.0,0.0,15.0,20.0,20.0,8.0,23.0
CHEMBL482488,Inhibition,0.0,17.0,14.0,3.0,2.0,0.0,0.0,25.0,12.0,4.0,2.0,0.0,0.0,0.0,4.0,1.0,0.0,0.0,0.0,23.0,15.0,4.0,2.0,0.0,0.0,0.0,1.0,1.0,18.0,12.0,6.0,1.0,0.0,0.0,2.0,0.0,0.0,0.0,19.0,10.0,4.0,1.0,0.0,0.0,3.0,1.0,0.0,0.0,0.0,18.0,14.0,3.0,1.0,0.0,0.0,0.0,1.0,0.0,19.0,11.0,2.0,2.0,0.0,0.0,0.0,2.0,2.0,0.0,0.0,20.0,8.0,2.0,0.0,0.0,0.0,0.0,2.0,0.0,0.0,0.0,12.0,9.0,3.0,2.0,0.0,0.0,2.0,1.0,11.0,9.0,2.0,0.0,0.0,0.0,1.0,0.0,0.0,0.0,5.0,0.0,2.0,0.0,0.0,0.0,2.0,0.0,1.0,0.0,1.0,0.0,1.0,0.0,2.0,1.0,6.0,1.0,3.0,1.0,0.0,0.0,1.0,0.0,0.0,0.0,0.0,0.0,0.0,0.0,0.0,0.0,0.0,0.0,0.0,0.0,0.0,0.0,0.0,0.0,5.0,3.0,3.0,8.0,2.0,0.0,2.0,4.0,2.0,1.0,0.0,5.0,4.0,0.0,2.0,0.0,2.0,1.0,1.0,0.0,3.0,1.0,2.0,1.0,2.0,0.0,0.0,0.0,1.0,0.0,1.0,0.0,3.0,4.0,21.0,6.0,0.0,19.0,10.0,10.0,7.0,21.0
CHEMBL520980,Inhibition,1.0,18.0,16.0,3.0,0.0,0.0,0.0,26.0,13.0,3.0,0.0,0.0,0.0,0.0,6.0,1.0,0.0,0.0,0.0,22.0,19.0,5.0,0.0,0.0,0.0,0.0,0.0,0.0,22.0,11.0,4.0,0.0,0.0,0.0,6.0,1.0,0.0,0.0,22.0,16.0,3.0,0.0,0.0,0.0,1.0,1.0,0.0,0.0,0.0,20.0,19.0,2.0,0.0,0.0,0.0,1.0,2.0,0.0,18.0,18.0,5.0,0.0,0.0,0.0,0.0,1.0,1.0,0.0,0.0,18.0,16.0,3.0,0.0,0.0,0.0,0.0,4.0,0.0,0.0,0.0,21.0,7.0,1.0,0.0,0.0,0.0,4.0,3.0,18.0,10.0,3.0,0.0,0.0,0.0,0.0,0.0,0.0,0.0,3.0,0.0,2.0,1.0,0.0,1.0,0.0,0.0,0.0,1.0,3.0,1.0,1.0,0.0,0.0,1.0,5.0,1.0,2.0,0.0,0.0,0.0,0.0,1.0,0.0,0.0,0.0,0.0,0.0,0.0,0.0,0.0,0.0,0.0,0.0,0.0,0.0,1.0,0.0,0.0,1.0,0.0,0.0,1.0,0.0,0.0,1.0,0.0,0.0,0.0,0.0,2.0,1.0,0.0,1.0,0.0,0.0,1.0,1.0,0.0,4.0,1.0,0.0,0.0,2.0,0.0,1.0,0.0,1.0,0.0,1.0,2.0,3.0,4.0,23.0,4.0,2.0,19.0,11.0,11.0,11.0,24.0
CHEMBL3322568,Inhibition,44.0,24.0,8.0,5.0,0.0,0.0,0.0,31.0,12.0,5.0,0.0,0.0,0.0,0.0,0.0,3.0,0.0,0.0,0.0,25.0,14.0,13.0,0.0,0.0,0.0,0.0,0.0,0.0,27.0,6.0,8.0,0.0,0.0,0.0,2.0,2.0,0.0,0.0,28.0,8.0,9.0,0.0,0.0,0.0,1.0,2.0,0.0,0.0,0.0,24.0,11.0,9.0,0.0,0.0,0.0,0.0,2.0,0.0,19.0,9.0,8.0,0.0,0.0,0.0,0.0,0.0,0.0,0.0,0.0,19.0,3.0,8.0,0.0,0.0,0.0,2.0,1.0,0.0,0.0,1.0,18.0,6.0,6.0,0.0,0.0,0.0,0.0,1.0,16.0,5.0,4.0,0.0,0.0,0.0,2.0,0.0,0.0,0.0,1.0,0.0,0.0,0.0,0.0,0.0,0.0,0.0,0.0,1.0,3.0,3.0,3.0,0.0,0.0,1.0,9.0,3.0,6.0,3.0,5.0,1.0,3.0,6.0,1.0,0.0,0.0,6.0,1.0,2.0,0.0,0.0,0.0,0.0,0.0,2.0,0.0,6.0,0.0,0.0,3.0,0.0,0.0,0.0,0.0,0.0,0.0,0.0,0.0,0.0,0.0,3.0,0.0,0.0,0.0,3.0,0.0,1.0,1.0,0.0,3.0,3.0,0.0,0.0,4.0,0.0,1.0,0.0,1.0,0.0,3.0,1.0,0.0,1.0,17.0,2.0,5.0,13.0,13.0,13.0,8.0,28.0
CHEMBL2206031,Inhibition,79.0,19.0,2.0,3.0,0.0,0.0,1.0,24.0,3.0,4.0,0.0,0.0,2.0,2.0,0.0,1.0,0.0,0.0,0.0,22.0,3.0,6.0,0.0,0.0,2.0,2.0,0.0,0.0,19.0,2.0,5.0,0.0,0.0,2.0,0.0,0.0,0.0,0.0,18.0,2.0,5.0,0.0,0.0,2.0,0.0,0.0,0.0,1.0,0.0,17.0,2.0,3.0,0.0,0.0,1.0,0.0,0.0,0.0,13.0,1.0,3.0,0.0,0.0,2.0,2.0,0.0,0.0,0.0,0.0,9.0,0.0,2.0,0.0,0.0,2.0,0.0,1.0,0.0,0.0,1.0,7.0,1.0,3.0,0.0,0.0,1.0,0.0,0.0,7.0,1.0,2.0,0.0,0.0,0.0,0.0,0.0,0.0,0.0,3.0,0.0,2.0,1.0,1.0,0.0,0.0,0.0,1.0,1.0,1.0,1.0,1.0,0.0,0.0,1.0,7.0,1.0,4.0,1.0,0.0,1.0,1.0,2.0,0.0,0.0,0.0,0.0,1.0,1.0,0.0,0.0,0.0,0.0,0.0,0.0,1.0,0.0,0.0,1.0,1.0,0.0,0.0,0.0,0.0,0.0,0.0,0.0,0.0,1.0,0.0,1.0,0.0,0.0,0.0,1.0,0.0,1.0,1.0,0.0,1.0,1.0,0.0,0.0,2.0,1.0,2.0,0.0,1.0,0.0,1.0,1.0,0.0,0.0,12.0,1.0,5.0,5.0,7.0,7.0,5.0,16.0
CHEMBL520971,Inhibition,15.0,19.0,16.0,1.0,0.0,0.0,0.0,29.0,13.0,1.0,0.0,0.0,0.0,0.0,4.0,1.0,0.0,0.0,0.0,25.0,18.0,3.0,0.0,0.0,0.0,0.0,0.0,0.0,25.0,11.0,3.0,0.0,0.0,0.0,4.0,0.0,0.0,0.0,24.0,15.0,2.0,0.0,0.0,0.0,1.0,1.0,0.0,0.0,0.0,21.0,16.0,1.0,0.0,0.0,0.0,1.0,1.0,0.0,21.0,13.0,3.0,0.0,0.0,0.0,0.0,1.0,1.0,0.0,0.0,18.0,15.0,3.0,0.0,0.0,0.0,0.0,1.0,0.0,0.0,0.0,24.0,4.0,0.0,0.0,0.0,0.0,3.0,2.0,19.0,10.0,2.0,0.0,0.0,0.0,0.0,0.0,0.0,0.0,3.0,0.0,2.0,1.0,0.0,1.0,0.0,0.0,0.0,2.0,2.0,1.0,1.0,0.0,1.0,0.0,6.0,1.0,2.0,0.0,0.0,0.0,0.0,1.0,0.0,0.0,0.0,0.0,0.0,0.0,0.0,0.0,0.0,0.0,0.0,0.0,0.0,1.0,0.0,0.0,1.0,0.0,0.0,1.0,0.0,0.0,1.0,0.0,0.0,0.0,0.0,3.0,1.0,0.0,1.0,1.0,0.0,0.0,0.0,0.0,3.0,1.0,0.0,0.0,1.0,1.0,1.0,0.0,0.0,0.0,1.0,2.0,3.0,4.0,23.0,4.0,2.0,17.0,9.0,9.0,10.0,24.0
CHEMBL3797930,Inhibition,59.6,20.0,14.0,3.0,0.0,2.0,3.0,26.0,15.0,4.0,0.0,4.0,2.0,6.0,3.0,2.0,0.0,0.0,0.0,28.0,12.0,6.0,0.0,4.0,2.0,6.0,3.0,0.0,20.0,19.0,6.0,0.0,3.0,4.0,1.0,1.0,1.0,2.0,25.0,13.0,4.0,0.0,3.0,4.0,2.0,3.0,1.0,1.0,0.0,26.0,13.0,5.0,0.0,3.0,3.0,1.0,1.0,0.0,22.0,17.0,1.0,0.0,2.0,1.0,3.0,0.0,1.0,2.0,2.0,22.0,13.0,2.0,0.0,3.0,5.0,0.0,1.0,2.0,2.0,0.0,19.0,8.0,6.0,0.0,6.0,8.0,1.0,0.0,14.0,6.0,6.0,4.0,5.0,2.0,0.0,0.0,0.0,0.0,4.0,0.0,1.0,0.0,0.0,0.0,3.0,0.0,0.0,2.0,1.0,0.0,0.0,2.0,1.0,1.0,7.0,0.0,3.0,0.0,0.0,0.0,0.0,0.0,0.0,0.0,0.0,0.0,0.0,0.0,0.0,0.0,0.0,0.0,0.0,0.0,0.0,0.0,0.0,0.0,3.0,3.0,3.0,6.0,0.0,0.0,0.0,3.0,0.0,0.0,0.0,4.0,3.0,0.0,0.0,1.0,0.0,1.0,0.0,2.0,3.0,0.0,0.0,0.0,2.0,2.0,0.0,0.0,0.0,1.0,0.0,0.0,3.0,4.0,23.0,4.0,2.0,17.0,10.0,10.0,10.0,23.0
CHEMBL1214141,Inhibition,69.0,23.0,16.0,2.0,0.0,3.0,3.0,36.0,14.0,1.0,0.0,3.0,0.0,3.0,5.0,3.0,3.0,3.0,3.0,29.0,26.0,7.0,0.0,6.0,0.0,6.0,1.0,0.0,31.0,13.0,7.0,0.0,6.0,6.0,5.0,1.0,0.0,0.0,26.0,21.0,9.0,0.0,6.0,6.0,2.0,0.0,0.0,0.0,0.0,33.0,13.0,2.0,0.0,0.0,0.0,2.0,4.0,0.0,28.0,18.0,5.0,0.0,3.0,0.0,3.0,1.0,0.0,0.0,0.0,26.0,13.0,4.0,0.0,6.0,6.0,2.0,1.0,0.0,0.0,1.0,22.0,12.0,6.0,0.0,6.0,6.0,1.0,1.0,26.0,7.0,3.0,3.0,3.0,1.0,2.0,3.0,3.0,0.0,1.0,0.0,0.0,0.0,0.0,0.0,0.0,0.0,0.0,3.0,2.0,1.0,2.0,3.0,2.0,0.0,7.0,2.0,0.0,0.0,0.0,0.0,0.0,0.0,0.0,0.0,0.0,0.0,0.0,0.0,0.0,0.0,0.0,0.0,0.0,0.0,0.0,0.0,0.0,0.0,0.0,0.0,0.0,0.0,0.0,0.0,0.0,0.0,0.0,0.0,0.0,5.0,2.0,0.0,2.0,3.0,0.0,0.0,0.0,3.0,4.0,3.0,0.0,0.0,2.0,2.0,0.0,3.0,0.0,0.0,1.0,2.0,3.0,3.0,24.0,5.0,2.0,18.0,9.0,9.0,7.0,28.0
CHEMBL1644619,Inhibition,23.0,20.0,9.0,3.0,0.0,0.0,0.0,28.0,11.0,2.0,0.0,0.0,0.0,0.0,3.0,2.0,0.0,0.0,0.0,27.0,14.0,3.0,0.0,0.0,0.0,0.0,0.0,2.0,21.0,18.0,4.0,0.0,0.0,0.0,0.0,0.0,0.0,0.0,24.0,9.0,5.0,0.0,0.0,0.0,4.0,1.0,0.0,0.0,0.0,21.0,12.0,6.0,0.0,0.0,0.0,2.0,0.0,0.0,18.0,13.0,4.0,0.0,0.0,0.0,0.0,0.0,2.0,0.0,0.0,17.0,10.0,2.0,0.0,0.0,0.0,0.0,2.0,0.0,0.0,0.0,14.0,7.0,4.0,0.0,0.0,0.0,0.0,1.0,12.0,5.0,3.0,0.0,0.0,0.0,0.0,0.0,0.0,1.0,4.0,2.0,2.0,1.0,1.0,0.0,0.0,0.0,2.0,0.0,4.0,0.0,0.0,0.0,1.0,1.0,7.0,1.0,4.0,0.0,0.0,0.0,0.0,3.0,0.0,0.0,1.0,0.0,0.0,2.0,1.0,0.0,0.0,0.0,0.0,1.0,2.0,1.0,0.0,2.0,2.0,0.0,0.0,0.0,0.0,0.0,0.0,0.0,0.0,2.0,2.0,3.0,1.0,0.0,1.0,2.0,0.0,2.0,0.0,0.0,4.0,1.0,0.0,1.0,2.0,0.0,2.0,0.0,0.0,0.0,1.0,0.0,1.0,1.0,16.0,5.0,3.0,12.0,11.0,11.0,4.0,19.0
CHEMBL607535,Inhibition,0.0,17.0,5.0,2.0,0.0,0.0,0.0,26.0,6.0,2.0,0.0,0.0,0.0,0.0,0.0,2.0,0.0,0.0,0.0,25.0,6.0,7.0,0.0,0.0,0.0,0.0,0.0,0.0,21.0,6.0,8.0,0.0,0.0,0.0,0.0,0.0,0.0,0.0,17.0,4.0,8.0,0.0,0.0,0.0,1.0,2.0,0.0,0.0,1.0,14.0,5.0,5.0,0.0,0.0,0.0,0.0,0.0,0.0,10.0,2.0,2.0,0.0,0.0,0.0,0.0,0.0,0.0,0.0,0.0,5.0,0.0,0.0,0.0,0.0,0.0,0.0,0.0,0.0,0.0,0.0,1.0,0.0,0.0,0.0,0.0,0.0,0.0,0.0,0.0,0.0,0.0,0.0,0.0,0.0,0.0,0.0,0.0,0.0,0.0,0.0,0.0,0.0,0.0,0.0,0.0,0.0,0.0,1.0,1.0,1.0,2.0,0.0,1.0,0.0,5.0,2.0,2.0,2.0,0.0,2.0,2.0,0.0,0.0,0.0,0.0,0.0,2.0,0.0,0.0,0.0,0.0,0.0,0.0,0.0,0.0,0.0,0.0,0.0,2.0,0.0,0.0,1.0,0.0,0.0,0.0,0.0,0.0,0.0,0.0,3.0,1.0,0.0,1.0,3.0,0.0,0.0,0.0,0.0,2.0,2.0,0.0,0.0,2.0,0.0,0.0,0.0,0.0,0.0,2.0,4.0,0.0,0.0,12.0,2.0,6.0,7.0,3.0,3.0,0.0,18.0
CHEMBL2206028,Inhibition,98.0,18.0,2.0,3.0,0.0,0.0,2.0,23.0,3.0,4.0,0.0,0.0,3.0,3.0,0.0,1.0,0.0,0.0,0.0,21.0,3.0,6.0,0.0,0.0,3.0,3.0,0.0,0.0,19.0,2.0,4.0,0.0,0.0,2.0,0.0,0.0,0.0,0.0,17.0,2.0,5.0,0.0,0.0,3.0,0.0,0.0,0.0,1.0,0.0,15.0,2.0,3.0,0.0,0.0,3.0,0.0,0.0,0.0,11.0,1.0,3.0,0.0,0.0,4.0,4.0,0.0,0.0,0.0,0.0,8.0,0.0,2.0,0.0,0.0,3.0,0.0,1.0,0.0,0.0,1.0,6.0,1.0,3.0,0.0,0.0,2.0,0.0,0.0,6.0,1.0,2.0,0.0,1.0,0.0,0.0,0.0,0.0,0.0,3.0,0.0,2.0,1.0,1.0,0.0,0.0,0.0,1.0,0.0,1.0,1.0,1.0,0.0,0.0,1.0,6.0,1.0,3.0,1.0,0.0,1.0,1.0,1.0,0.0,0.0,0.0,0.0,1.0,0.0,0.0,0.0,0.0,0.0,0.0,0.0,0.0,0.0,0.0,1.0,1.0,0.0,0.0,0.0,0.0,0.0,0.0,0.0,0.0,1.0,0.0,1.0,0.0,0.0,0.0,1.0,0.0,1.0,1.0,0.0,1.0,1.0,0.0,0.0,2.0,0.0,1.0,0.0,1.0,0.0,1.0,1.0,0.0,0.0,12.0,1.0,5.0,5.0,7.0,7.0,5.0,16.0
CHEMBL3797892,Inhibition,13.5,18.0,14.0,3.0,0.0,3.0,3.0,26.0,13.0,4.0,0.0,6.0,0.0,6.0,3.0,2.0,0.0,0.0,0.0,24.0,12.0,6.0,0.0,6.0,0.0,6.0,3.0,0.0,17.0,19.0,6.0,0.0,4.0,4.0,1.0,1.0,2.0,2.0,25.0,11.0,4.0,0.0,4.0,4.0,2.0,3.0,1.0,1.0,0.0,22.0,13.0,5.0,0.0,3.0,3.0,1.0,1.0,0.0,20.0,13.0,1.0,0.0,3.0,0.0,3.0,0.0,1.0,2.0,2.0,20.0,11.0,2.0,0.0,5.0,5.0,0.0,1.0,2.0,2.0,0.0,15.0,8.0,6.0,0.0,8.0,8.0,1.0,0.0,12.0,6.0,4.0,5.0,5.0,2.0,0.0,0.0,0.0,0.0,2.0,0.0,1.0,0.0,0.0,0.0,0.0,1.0,0.0,2.0,1.0,0.0,0.0,3.0,1.0,1.0,5.0,0.0,1.0,0.0,0.0,0.0,0.0,0.0,0.0,0.0,0.0,0.0,0.0,0.0,0.0,0.0,0.0,0.0,0.0,0.0,0.0,0.0,0.0,0.0,1.0,1.0,0.0,2.0,0.0,0.0,0.0,0.0,0.0,0.0,0.0,4.0,3.0,0.0,0.0,1.0,0.0,1.0,0.0,3.0,3.0,0.0,0.0,0.0,2.0,0.0,0.0,0.0,0.0,1.0,0.0,0.0,3.0,4.0,23.0,4.0,2.0,17.0,8.0,8.0,8.0,23.0
CHEMBL565807,Inhibition,100.0,26.0,11.0,4.0,2.0,1.0,1.0,33.0,13.0,6.0,4.0,2.0,0.0,2.0,1.0,2.0,0.0,0.0,0.0,28.0,15.0,12.0,2.0,2.0,0.0,2.0,0.0,0.0,31.0,7.0,7.0,3.0,2.0,2.0,1.0,3.0,1.0,1.0,36.0,7.0,7.0,3.0,3.0,3.0,1.0,1.0,0.0,0.0,0.0,32.0,11.0,8.0,3.0,3.0,3.0,1.0,1.0,0.0,25.0,12.0,6.0,1.0,5.0,0.0,5.0,0.0,1.0,1.0,1.0,21.0,9.0,7.0,0.0,1.0,1.0,0.0,0.0,1.0,1.0,0.0,25.0,6.0,3.0,1.0,2.0,2.0,1.0,1.0,24.0,6.0,4.0,3.0,3.0,0.0,0.0,1.0,1.0,0.0,2.0,0.0,0.0,0.0,0.0,0.0,0.0,0.0,0.0,1.0,2.0,2.0,2.0,1.0,0.0,1.0,7.0,2.0,6.0,2.0,5.0,0.0,2.0,6.0,1.0,0.0,0.0,6.0,0.0,2.0,0.0,0.0,0.0,0.0,0.0,2.0,0.0,6.0,0.0,0.0,2.0,0.0,0.0,0.0,0.0,0.0,0.0,0.0,0.0,0.0,0.0,2.0,0.0,0.0,0.0,2.0,0.0,0.0,0.0,1.0,2.0,2.0,0.0,0.0,3.0,1.0,1.0,0.0,0.0,0.0,2.0,0.0,2.0,4.0,26.0,4.0,0.0,17.0,9.0,9.0,9.0,30.0
CHEMBL1173158,Inhibition,26.8,22.0,6.0,2.0,0.0,0.0,2.0,29.0,7.0,1.0,0.0,0.0,4.0,4.0,1.0,3.0,0.0,0.0,0.0,25.0,9.0,5.0,0.0,0.0,4.0,4.0,0.0,0.0,19.0,8.0,7.0,0.0,0.0,3.0,1.0,0.0,0.0,0.0,18.0,9.0,8.0,0.0,0.0,2.0,0.0,0.0,0.0,0.0,0.0,21.0,5.0,4.0,0.0,0.0,3.0,1.0,2.0,0.0,19.0,5.0,4.0,0.0,0.0,4.0,4.0,0.0,0.0,0.0,1.0,15.0,5.0,1.0,0.0,0.0,4.0,0.0,1.0,0.0,1.0,1.0,12.0,5.0,2.0,0.0,0.0,3.0,0.0,0.0,10.0,4.0,4.0,0.0,1.0,0.0,0.0,0.0,1.0,0.0,0.0,0.0,0.0,0.0,0.0,0.0,0.0,0.0,0.0,0.0,2.0,1.0,1.0,0.0,0.0,0.0,4.0,1.0,1.0,1.0,0.0,1.0,1.0,0.0,0.0,0.0,0.0,0.0,1.0,0.0,0.0,0.0,0.0,0.0,0.0,0.0,0.0,0.0,0.0,0.0,1.0,0.0,0.0,0.0,0.0,0.0,0.0,0.0,0.0,0.0,0.0,2.0,0.0,0.0,0.0,2.0,0.0,1.0,0.0,0.0,3.0,1.0,0.0,0.0,2.0,0.0,0.0,0.0,0.0,0.0,1.0,1.0,0.0,0.0,18.0,1.0,7.0,8.0,6.0,6.0,4.0,24.0
CHEMBL1644642,Inhibition,20.0,27.0,12.0,1.0,0.0,0.0,0.0,37.0,15.0,0.0,0.0,0.0,0.0,0.0,3.0,2.0,0.0,0.0,0.0,34.0,20.0,3.0,0.0,0.0,0.0,0.0,0.0,1.0,27.0,24.0,4.0,0.0,0.0,0.0,0.0,0.0,0.0,0.0,35.0,14.0,6.0,0.0,0.0,0.0,5.0,0.0,0.0,0.0,0.0,37.0,15.0,6.0,0.0,0.0,0.0,3.0,0.0,0.0,38.0,16.0,2.0,0.0,0.0,0.0,0.0,1.0,3.0,0.0,0.0,38.0,16.0,2.0,0.0,0.0,0.0,0.0,0.0,0.0,0.0,0.0,34.0,16.0,2.0,0.0,0.0,0.0,0.0,0.0,29.0,13.0,2.0,0.0,0.0,0.0,0.0,0.0,0.0,1.0,6.0,2.0,4.0,3.0,0.0,0.0,0.0,0.0,0.0,0.0,1.0,0.0,0.0,0.0,1.0,0.0,9.0,1.0,6.0,0.0,0.0,0.0,0.0,6.0,0.0,0.0,2.0,0.0,0.0,6.0,6.0,1.0,0.0,0.0,2.0,2.0,0.0,2.0,0.0,0.0,2.0,0.0,0.0,0.0,0.0,0.0,0.0,0.0,0.0,0.0,0.0,4.0,1.0,0.0,1.0,1.0,0.0,0.0,0.0,0.0,4.0,1.0,0.0,0.0,1.0,0.0,5.0,0.0,0.0,0.0,1.0,0.0,2.0,2.0,22.0,5.0,5.0,13.0,10.0,10.0,6.0,25.0
CHEMBL1172984,Inhibition,42.5,22.0,8.0,2.0,0.0,0.0,0.0,29.0,10.0,1.0,0.0,0.0,0.0,0.0,1.0,3.0,0.0,0.0,0.0,26.0,10.0,5.0,0.0,0.0,0.0,0.0,0.0,0.0,21.0,11.0,7.0,0.0,0.0,0.0,0.0,0.0,0.0,0.0,19.0,10.0,7.0,0.0,0.0,0.0,2.0,1.0,0.0,0.0,0.0,19.0,10.0,5.0,0.0,0.0,0.0,0.0,1.0,0.0,18.0,6.0,4.0,0.0,0.0,0.0,0.0,2.0,1.0,0.0,0.0,17.0,6.0,2.0,0.0,0.0,0.0,0.0,1.0,0.0,0.0,1.0,16.0,4.0,3.0,0.0,0.0,0.0,1.0,1.0,14.0,5.0,4.0,0.0,0.0,0.0,0.0,0.0,0.0,0.0,1.0,0.0,0.0,0.0,0.0,0.0,0.0,0.0,0.0,0.0,2.0,1.0,1.0,0.0,0.0,0.0,7.0,1.0,2.0,1.0,0.0,2.0,1.0,0.0,0.0,0.0,0.0,0.0,2.0,0.0,0.0,0.0,0.0,0.0,0.0,0.0,0.0,0.0,0.0,0.0,1.0,0.0,0.0,0.0,0.0,0.0,0.0,0.0,0.0,0.0,0.0,2.0,0.0,0.0,0.0,2.0,0.0,1.0,0.0,0.0,3.0,1.0,0.0,0.0,2.0,0.0,1.0,0.0,0.0,0.0,1.0,1.0,0.0,1.0,17.0,2.0,7.0,10.0,10.0,10.0,6.0,24.0
CHEMBL1173047,Inhibition,35.5,22.0,6.0,10.0,0.0,0.0,0.0,33.0,7.0,9.0,0.0,0.0,0.0,0.0,1.0,3.0,0.0,0.0,0.0,33.0,9.0,14.0,0.0,0.0,0.0,0.0,0.0,0.0,28.0,8.0,17.0,0.0,0.0,0.0,1.0,0.0,0.0,0.0,26.0,9.0,14.0,0.0,0.0,0.0,0.0,1.0,0.0,0.0,0.0,26.0,6.0,10.0,0.0,0.0,0.0,1.0,3.0,1.0,25.0,6.0,11.0,0.0,0.0,0.0,0.0,0.0,2.0,0.0,0.0,21.0,7.0,9.0,0.0,0.0,0.0,0.0,2.0,0.0,0.0,2.0,18.0,6.0,8.0,0.0,0.0,0.0,0.0,1.0,15.0,5.0,8.0,0.0,0.0,0.0,1.0,0.0,0.0,0.0,0.0,0.0,0.0,0.0,0.0,0.0,0.0,0.0,0.0,4.0,2.0,1.0,1.0,0.0,0.0,4.0,8.0,1.0,1.0,1.0,0.0,1.0,1.0,0.0,0.0,0.0,0.0,0.0,1.0,0.0,0.0,0.0,0.0,0.0,0.0,0.0,0.0,0.0,0.0,0.0,1.0,0.0,0.0,0.0,0.0,0.0,0.0,0.0,0.0,0.0,0.0,2.0,0.0,0.0,0.0,2.0,0.0,5.0,4.0,0.0,3.0,1.0,0.0,0.0,6.0,0.0,0.0,0.0,4.0,0.0,1.0,1.0,0.0,0.0,18.0,1.0,7.0,16.0,10.0,10.0,8.0,24.0
CHEMBL1173589,Inhibition,22.9,26.0,7.0,4.0,0.0,0.0,1.0,34.0,9.0,7.0,0.0,0.0,2.0,2.0,1.0,3.0,0.0,0.0,0.0,30.0,11.0,12.0,0.0,0.0,2.0,2.0,0.0,0.0,24.0,10.0,15.0,0.0,0.0,1.0,1.0,0.0,0.0,0.0,23.0,9.0,14.0,0.0,0.0,0.0,0.0,2.0,0.0,1.0,1.0,25.0,7.0,8.0,0.0,0.0,1.0,1.0,2.0,2.0,25.0,6.0,9.0,0.0,0.0,0.0,0.0,0.0,0.0,0.0,1.0,24.0,7.0,5.0,0.0,0.0,1.0,0.0,2.0,0.0,0.0,1.0,21.0,9.0,7.0,0.0,0.0,2.0,0.0,0.0,18.0,6.0,8.0,0.0,2.0,1.0,2.0,0.0,0.0,0.0,0.0,0.0,0.0,0.0,0.0,0.0,0.0,0.0,0.0,0.0,2.0,1.0,1.0,0.0,0.0,0.0,4.0,1.0,1.0,1.0,0.0,1.0,1.0,0.0,0.0,0.0,0.0,0.0,1.0,0.0,0.0,0.0,0.0,0.0,0.0,0.0,0.0,0.0,0.0,0.0,1.0,0.0,0.0,0.0,0.0,0.0,0.0,0.0,0.0,0.0,0.0,2.0,0.0,0.0,0.0,2.0,0.0,1.0,0.0,0.0,4.0,1.0,0.0,0.0,4.0,0.0,0.0,0.0,0.0,0.0,1.0,1.0,0.0,1.0,23.0,2.0,9.0,11.0,6.0,6.0,5.0,29.0
CHEMBL2376153,Inhibition,28.0,19.0,15.0,2.0,0.0,0.0,1.0,26.0,21.0,2.0,0.0,0.0,2.0,2.0,1.0,2.0,0.0,0.0,0.0,23.0,21.0,6.0,0.0,0.0,2.0,2.0,4.0,1.0,24.0,15.0,6.0,0.0,0.0,1.0,5.0,2.0,0.0,1.0,24.0,15.0,4.0,0.0,0.0,2.0,2.0,2.0,0.0,1.0,1.0,20.0,20.0,6.0,0.0,0.0,1.0,1.0,1.0,0.0,23.0,12.0,3.0,0.0,0.0,1.0,1.0,5.0,3.0,0.0,1.0,19.0,14.0,4.0,0.0,0.0,1.0,2.0,2.0,0.0,1.0,0.0,13.0,14.0,5.0,0.0,0.0,2.0,0.0,1.0,14.0,10.0,2.0,0.0,2.0,1.0,1.0,0.0,1.0,2.0,3.0,2.0,0.0,0.0,0.0,0.0,0.0,0.0,0.0,2.0,1.0,1.0,2.0,0.0,1.0,0.0,10.0,2.0,6.0,1.0,1.0,0.0,1.0,5.0,0.0,0.0,1.0,1.0,0.0,1.0,0.0,0.0,0.0,0.0,0.0,1.0,0.0,5.0,2.0,0.0,5.0,2.0,1.0,7.0,2.0,2.0,4.0,2.0,0.0,0.0,0.0,5.0,4.0,1.0,3.0,0.0,0.0,0.0,0.0,0.0,3.0,2.0,1.0,0.0,2.0,1.0,1.0,0.0,0.0,0.0,2.0,1.0,3.0,5.0,18.0,6.0,2.0,17.0,13.0,13.0,6.0,21.0
CHEMBL1957498,Inhibition,50.0,16.0,17.0,2.0,1.0,0.0,1.0,25.0,23.0,4.0,2.0,0.0,0.0,1.0,2.0,2.0,0.0,0.0,0.0,32.0,13.0,4.0,2.0,0.0,0.0,3.0,6.0,1.0,22.0,27.0,5.0,0.0,0.0,2.0,1.0,0.0,0.0,1.0,24.0,23.0,1.0,1.0,0.0,3.0,2.0,3.0,0.0,2.0,0.0,31.0,12.0,3.0,1.0,0.0,6.0,5.0,2.0,0.0,26.0,16.0,6.0,1.0,0.0,0.0,5.0,3.0,0.0,0.0,1.0,21.0,18.0,5.0,1.0,0.0,1.0,2.0,2.0,0.0,2.0,0.0,18.0,11.0,5.0,2.0,0.0,1.0,2.0,3.0,16.0,4.0,7.0,0.0,0.0,2.0,2.0,0.0,0.0,0.0,9.0,0.0,4.0,0.0,2.0,0.0,5.0,0.0,2.0,1.0,0.0,0.0,0.0,0.0,3.0,1.0,10.0,0.0,4.0,0.0,0.0,0.0,0.0,0.0,0.0,0.0,0.0,0.0,0.0,0.0,0.0,0.0,0.0,0.0,0.0,0.0,0.0,0.0,0.0,0.0,6.0,2.0,1.0,8.0,0.0,0.0,0.0,3.0,1.0,2.0,2.0,7.0,5.0,0.0,0.0,0.0,2.0,2.0,0.0,0.0,3.0,0.0,2.0,2.0,3.0,0.0,0.0,0.0,0.0,1.0,0.0,0.0,3.0,5.0,18.0,9.0,0.0,20.0,17.0,17.0,4.0,19.0
CHEMBL521002,Inhibition,0.0,19.0,14.0,1.0,0.0,0.0,0.0,25.0,13.0,1.0,0.0,0.0,0.0,0.0,5.0,1.0,0.0,0.0,0.0,22.0,19.0,3.0,0.0,0.0,0.0,0.0,0.0,0.0,20.0,10.0,3.0,0.0,0.0,0.0,6.0,0.0,0.0,0.0,20.0,15.0,1.0,0.0,0.0,0.0,1.0,1.0,0.0,0.0,0.0,17.0,18.0,2.0,0.0,0.0,0.0,0.0,1.0,0.0,18.0,13.0,3.0,0.0,0.0,0.0,0.0,1.0,1.0,0.0,0.0,18.0,12.0,3.0,0.0,0.0,0.0,0.0,0.0,0.0,0.0,0.0,19.0,2.0,0.0,0.0,0.0,0.0,4.0,3.0,12.0,8.0,1.0,0.0,0.0,0.0,0.0,0.0,0.0,1.0,6.0,2.0,3.0,0.0,0.0,1.0,1.0,0.0,0.0,0.0,2.0,1.0,1.0,0.0,1.0,0.0,8.0,1.0,6.0,1.0,1.0,0.0,1.0,5.0,2.0,1.0,0.0,2.0,0.0,4.0,1.0,0.0,0.0,0.0,1.0,6.0,0.0,4.0,0.0,0.0,4.0,0.0,0.0,4.0,1.0,2.0,1.0,2.0,0.0,0.0,0.0,4.0,2.0,0.0,1.0,0.0,0.0,0.0,0.0,0.0,4.0,1.0,0.0,0.0,1.0,0.0,3.0,0.0,0.0,0.0,1.0,0.0,3.0,3.0,18.0,4.0,0.0,15.0,14.0,14.0,8.0,20.0
CHEMBL520512,Inhibition,0.0,23.0,12.0,3.0,0.0,0.0,0.0,33.0,10.0,4.0,0.0,0.0,0.0,0.0,3.0,2.0,0.0,0.0,0.0,32.0,12.0,5.0,0.0,0.0,0.0,0.0,2.0,1.0,24.0,15.0,6.0,0.0,0.0,0.0,0.0,2.0,0.0,0.0,25.0,10.0,7.0,0.0,0.0,0.0,2.0,0.0,0.0,0.0,0.0,21.0,13.0,5.0,0.0,0.0,0.0,1.0,1.0,0.0,23.0,12.0,2.0,0.0,0.0,0.0,0.0,0.0,1.0,0.0,0.0,24.0,8.0,1.0,0.0,0.0,0.0,2.0,2.0,0.0,0.0,0.0,20.0,9.0,3.0,0.0,0.0,0.0,0.0,0.0,14.0,10.0,1.0,0.0,0.0,0.0,1.0,0.0,0.0,0.0,9.0,0.0,5.0,2.0,0.0,0.0,4.0,0.0,0.0,1.0,1.0,1.0,1.0,0.0,2.0,1.0,11.0,1.0,6.0,1.0,0.0,0.0,1.0,2.0,0.0,0.0,0.0,0.0,2.0,1.0,0.0,0.0,0.0,0.0,0.0,0.0,0.0,0.0,0.0,0.0,6.0,3.0,3.0,8.0,0.0,0.0,0.0,4.0,0.0,0.0,0.0,6.0,4.0,0.0,0.0,1.0,0.0,0.0,0.0,0.0,3.0,1.0,3.0,0.0,2.0,1.0,4.0,0.0,0.0,1.0,1.0,0.0,2.0,2.0,18.0,4.0,0.0,15.0,16.0,16.0,7.0,20.0
CHEMBL3416149,Inhibition,99.1,16.0,5.0,0.0,2.0,1.0,1.0,22.0,6.0,0.0,3.0,2.0,0.0,2.0,1.0,0.0,0.0,0.0,0.0,21.0,6.0,0.0,2.0,2.0,0.0,2.0,0.0,0.0,18.0,7.0,0.0,2.0,1.0,1.0,0.0,0.0,0.0,0.0,16.0,5.0,0.0,0.0,1.0,1.0,0.0,0.0,0.0,0.0,0.0,11.0,5.0,0.0,2.0,1.0,1.0,0.0,0.0,0.0,11.0,0.0,0.0,1.0,2.0,0.0,2.0,0.0,0.0,1.0,1.0,7.0,0.0,0.0,2.0,2.0,2.0,0.0,0.0,0.0,0.0,0.0,7.0,0.0,0.0,2.0,1.0,1.0,0.0,0.0,5.0,0.0,0.0,1.0,1.0,0.0,0.0,0.0,0.0,0.0,0.0,0.0,0.0,0.0,0.0,0.0,0.0,0.0,0.0,0.0,0.0,0.0,0.0,1.0,0.0,0.0,0.0,0.0,0.0,0.0,0.0,0.0,0.0,0.0,0.0,0.0,0.0,0.0,0.0,0.0,0.0,0.0,0.0,0.0,0.0,0.0,0.0,0.0,0.0,0.0,0.0,0.0,0.0,0.0,0.0,0.0,0.0,0.0,0.0,0.0,0.0,0.0,0.0,0.0,0.0,0.0,0.0,0.0,0.0,1.0,0.0,0.0,0.0,0.0,0.0,0.0,0.0,0.0,0.0,0.0,0.0,0.0,1.0,3.0,20.0,3.0,0.0,7.0,0.0,0.0,0.0,18.0
CHEMBL3416146,Inhibition,29.7,17.0,6.0,0.0,2.0,1.0,1.0,24.0,7.0,0.0,3.0,2.0,0.0,2.0,1.0,0.0,0.0,0.0,0.0,23.0,8.0,0.0,2.0,3.0,0.0,3.0,0.0,0.0,20.0,9.0,0.0,2.0,1.0,1.0,0.0,0.0,1.0,1.0,17.0,8.0,0.0,0.0,1.0,1.0,0.0,0.0,0.0,0.0,0.0,13.0,7.0,0.0,2.0,1.0,1.0,1.0,0.0,0.0,13.0,2.0,0.0,1.0,2.0,0.0,2.0,1.0,0.0,1.0,1.0,8.0,2.0,0.0,2.0,2.0,2.0,0.0,0.0,0.0,0.0,0.0,8.0,1.0,0.0,2.0,1.0,1.0,0.0,0.0,6.0,1.0,0.0,1.0,1.0,0.0,0.0,0.0,0.0,0.0,0.0,0.0,0.0,0.0,0.0,0.0,0.0,0.0,0.0,0.0,0.0,0.0,0.0,1.0,0.0,0.0,1.0,0.0,0.0,0.0,0.0,0.0,0.0,0.0,0.0,0.0,0.0,0.0,0.0,0.0,0.0,0.0,0.0,0.0,0.0,0.0,0.0,0.0,0.0,0.0,0.0,0.0,0.0,0.0,0.0,0.0,0.0,0.0,0.0,0.0,0.0,0.0,0.0,0.0,0.0,0.0,0.0,0.0,0.0,1.0,1.0,0.0,0.0,0.0,0.0,0.0,0.0,0.0,0.0,0.0,0.0,0.0,1.0,3.0,20.0,3.0,0.0,8.0,0.0,0.0,0.0,18.0
CHEMBL3416157,Inhibition,98.8,19.0,5.0,0.0,0.0,1.0,1.0,26.0,6.0,0.0,0.0,2.0,0.0,2.0,1.0,0.0,0.0,0.0,0.0,26.0,6.0,0.0,0.0,2.0,0.0,2.0,0.0,0.0,21.0,7.0,0.0,0.0,1.0,1.0,0.0,0.0,0.0,0.0,18.0,7.0,0.0,0.0,1.0,1.0,0.0,0.0,0.0,0.0,0.0,15.0,5.0,0.0,0.0,1.0,1.0,0.0,0.0,0.0,12.0,2.0,0.0,0.0,2.0,0.0,2.0,0.0,0.0,1.0,1.0,11.0,0.0,0.0,0.0,2.0,2.0,0.0,0.0,0.0,0.0,0.0,10.0,0.0,0.0,0.0,1.0,1.0,0.0,0.0,8.0,0.0,0.0,1.0,1.0,0.0,0.0,0.0,0.0,0.0,0.0,0.0,0.0,0.0,0.0,0.0,0.0,0.0,0.0,0.0,0.0,0.0,0.0,1.0,0.0,0.0,0.0,0.0,0.0,0.0,0.0,0.0,0.0,0.0,0.0,0.0,0.0,0.0,0.0,0.0,0.0,0.0,0.0,0.0,0.0,0.0,0.0,0.0,0.0,0.0,0.0,0.0,0.0,0.0,0.0,0.0,0.0,0.0,0.0,0.0,0.0,0.0,0.0,0.0,0.0,0.0,0.0,0.0,0.0,1.0,0.0,0.0,0.0,0.0,0.0,0.0,0.0,0.0,0.0,0.0,0.0,0.0,1.0,2.0,21.0,2.0,0.0,5.0,0.0,0.0,0.0,20.0
CHEMBL4160278,Inhibition,-5.0,22.0,11.0,1.0,0.0,0.0,0.0,32.0,9.0,1.0,0.0,0.0,0.0,0.0,4.0,1.0,0.0,0.0,0.0,25.0,19.0,3.0,0.0,0.0,0.0,0.0,0.0,0.0,22.0,11.0,1.0,0.0,0.0,0.0,2.0,3.0,0.0,0.0,21.0,13.0,3.0,0.0,0.0,0.0,0.0,0.0,0.0,0.0,0.0,19.0,12.0,3.0,0.0,0.0,0.0,0.0,0.0,0.0,18.0,7.0,3.0,0.0,0.0,0.0,0.0,1.0,0.0,0.0,0.0,15.0,8.0,2.0,0.0,0.0,0.0,0.0,0.0,0.0,0.0,0.0,17.0,3.0,1.0,0.0,0.0,0.0,2.0,0.0,14.0,8.0,1.0,0.0,0.0,0.0,0.0,0.0,0.0,1.0,8.0,1.0,4.0,3.0,0.0,0.0,3.0,0.0,0.0,0.0,1.0,0.0,0.0,0.0,1.0,0.0,12.0,1.0,7.0,0.0,1.0,0.0,1.0,6.0,0.0,0.0,0.0,2.0,1.0,2.0,1.0,0.0,0.0,0.0,1.0,2.0,0.0,4.0,2.0,0.0,3.0,2.0,1.0,4.0,0.0,0.0,0.0,1.0,0.0,0.0,0.0,7.0,3.0,0.0,0.0,1.0,0.0,0.0,0.0,0.0,5.0,0.0,0.0,0.0,1.0,0.0,4.0,0.0,0.0,1.0,1.0,0.0,0.0,0.0,12.0,4.0,2.0,12.0,16.0,16.0,4.0,17.0
CHEMBL4171176,Inhibition,7.0,20.0,14.0,1.0,0.0,0.0,1.0,32.0,11.0,1.0,0.0,0.0,2.0,2.0,4.0,1.0,0.0,0.0,0.0,27.0,18.0,3.0,0.0,0.0,2.0,2.0,1.0,0.0,21.0,13.0,1.0,0.0,0.0,2.0,2.0,3.0,0.0,0.0,21.0,14.0,3.0,0.0,0.0,1.0,0.0,0.0,0.0,1.0,0.0,18.0,14.0,3.0,0.0,0.0,2.0,0.0,0.0,0.0,18.0,9.0,3.0,0.0,0.0,0.0,0.0,1.0,0.0,0.0,2.0,16.0,9.0,2.0,0.0,0.0,1.0,0.0,0.0,0.0,0.0,0.0,17.0,4.0,1.0,0.0,0.0,0.0,2.0,0.0,15.0,7.0,1.0,0.0,1.0,1.0,0.0,0.0,0.0,1.0,7.0,1.0,2.0,0.0,0.0,0.0,4.0,2.0,0.0,1.0,1.0,0.0,0.0,0.0,2.0,0.0,12.0,1.0,5.0,0.0,1.0,0.0,1.0,3.0,0.0,0.0,0.0,2.0,1.0,0.0,0.0,0.0,0.0,0.0,0.0,0.0,0.0,2.0,0.0,0.0,5.0,4.0,2.0,8.0,0.0,0.0,0.0,2.0,0.0,0.0,0.0,10.0,6.0,0.0,0.0,1.0,0.0,0.0,0.0,0.0,6.0,0.0,2.0,0.0,1.0,0.0,1.0,0.0,0.0,2.0,1.0,0.0,0.0,0.0,12.0,5.0,2.0,15.0,17.0,17.0,4.0,18.0
CHEMBL3415260,Inhibition,34.1,15.0,11.0,2.0,2.0,1.0,1.0,24.0,10.0,1.0,2.0,2.0,0.0,2.0,2.0,3.0,0.0,0.0,0.0,17.0,14.0,3.0,3.0,2.0,0.0,2.0,2.0,2.0,14.0,12.0,3.0,2.0,2.0,2.0,2.0,2.0,0.0,0.0,10.0,12.0,7.0,0.0,1.0,1.0,1.0,0.0,2.0,2.0,0.0,8.0,10.0,4.0,3.0,0.0,0.0,2.0,2.0,1.0,8.0,11.0,5.0,2.0,1.0,0.0,1.0,1.0,0.0,0.0,0.0,8.0,9.0,2.0,2.0,0.0,0.0,1.0,1.0,1.0,1.0,0.0,13.0,5.0,2.0,2.0,1.0,1.0,1.0,1.0,13.0,5.0,4.0,0.0,0.0,1.0,0.0,1.0,1.0,0.0,1.0,0.0,0.0,0.0,0.0,0.0,0.0,1.0,0.0,2.0,3.0,3.0,2.0,1.0,1.0,0.0,6.0,2.0,1.0,1.0,0.0,0.0,1.0,0.0,0.0,0.0,0.0,0.0,1.0,0.0,0.0,0.0,0.0,0.0,0.0,0.0,0.0,0.0,0.0,0.0,1.0,0.0,0.0,0.0,0.0,0.0,0.0,0.0,0.0,0.0,0.0,6.0,3.0,0.0,0.0,1.0,0.0,0.0,0.0,1.0,5.0,3.0,0.0,0.0,2.0,0.0,0.0,0.0,0.0,1.0,1.0,0.0,1.0,2.0,15.0,3.0,3.0,15.0,10.0,10.0,6.0,20.0
CHEMBL2325906,Inhibition,-22.0,14.0,9.0,1.0,0.0,0.0,0.0,18.0,12.0,1.0,0.0,0.0,0.0,0.0,1.0,1.0,0.0,0.0,0.0,13.0,17.0,3.0,0.0,0.0,0.0,0.0,2.0,0.0,15.0,6.0,3.0,0.0,0.0,0.0,3.0,2.0,0.0,0.0,15.0,5.0,4.0,0.0,0.0,0.0,1.0,1.0,0.0,0.0,0.0,13.0,10.0,2.0,0.0,0.0,0.0,0.0,1.0,0.0,7.0,12.0,2.0,0.0,0.0,0.0,0.0,0.0,0.0,0.0,0.0,9.0,4.0,0.0,0.0,0.0,0.0,2.0,0.0,0.0,0.0,0.0,10.0,1.0,0.0,0.0,0.0,0.0,1.0,0.0,6.0,2.0,0.0,0.0,0.0,0.0,0.0,0.0,0.0,2.0,1.0,0.0,0.0,0.0,0.0,0.0,0.0,0.0,0.0,3.0,1.0,1.0,1.0,0.0,0.0,0.0,10.0,1.0,8.0,0.0,5.0,0.0,0.0,8.0,3.0,0.0,3.0,0.0,0.0,3.0,0.0,0.0,0.0,0.0,0.0,0.0,0.0,3.0,0.0,0.0,2.0,0.0,0.0,2.0,0.0,0.0,2.0,0.0,0.0,0.0,0.0,2.0,1.0,1.0,1.0,0.0,0.0,0.0,0.0,0.0,2.0,1.0,0.0,0.0,1.0,3.0,1.0,0.0,0.0,0.0,1.0,1.0,2.0,3.0,9.0,3.0,2.0,10.0,12.0,12.0,5.0,14.0
CHEMBL1915326,Inhibition,41.0,15.0,7.0,3.0,2.0,3.0,3.0,19.0,10.0,3.0,3.0,0.0,0.0,0.0,0.0,1.0,3.0,3.0,3.0,17.0,10.0,4.0,0.0,3.0,0.0,3.0,1.0,0.0,13.0,7.0,5.0,2.0,6.0,6.0,2.0,1.0,0.0,0.0,16.0,3.0,3.0,3.0,6.0,6.0,1.0,1.0,0.0,0.0,0.0,16.0,7.0,3.0,4.0,3.0,3.0,0.0,0.0,0.0,13.0,8.0,3.0,3.0,0.0,0.0,0.0,0.0,0.0,3.0,3.0,9.0,5.0,4.0,0.0,3.0,3.0,1.0,1.0,0.0,0.0,0.0,10.0,1.0,2.0,1.0,3.0,3.0,1.0,2.0,11.0,4.0,1.0,3.0,3.0,0.0,0.0,0.0,0.0,0.0,1.0,0.0,0.0,0.0,0.0,1.0,0.0,0.0,0.0,0.0,2.0,1.0,1.0,3.0,0.0,1.0,3.0,1.0,0.0,0.0,0.0,0.0,0.0,0.0,0.0,0.0,0.0,0.0,0.0,0.0,0.0,0.0,0.0,0.0,0.0,0.0,0.0,0.0,0.0,0.0,0.0,0.0,0.0,0.0,0.0,0.0,0.0,0.0,0.0,0.0,0.0,2.0,0.0,0.0,0.0,1.0,0.0,1.0,1.0,3.0,3.0,1.0,0.0,0.0,2.0,0.0,0.0,3.0,0.0,0.0,1.0,1.0,1.0,2.0,17.0,2.0,2.0,12.0,6.0,6.0,8.0,19.0
CHEMBL483847,Inhibition,32.0,16.0,7.0,3.0,0.0,3.0,3.0,22.0,7.0,3.0,0.0,0.0,0.0,0.0,2.0,1.0,3.0,3.0,3.0,20.0,11.0,4.0,0.0,3.0,0.0,3.0,0.0,0.0,17.0,9.0,3.0,0.0,6.0,6.0,1.0,0.0,0.0,0.0,15.0,11.0,2.0,0.0,6.0,6.0,0.0,1.0,0.0,0.0,0.0,13.0,9.0,2.0,0.0,3.0,3.0,1.0,1.0,0.0,11.0,8.0,3.0,0.0,0.0,0.0,0.0,0.0,1.0,3.0,3.0,12.0,2.0,2.0,0.0,3.0,3.0,2.0,2.0,0.0,0.0,0.0,12.0,1.0,2.0,0.0,3.0,3.0,0.0,1.0,7.0,3.0,4.0,6.0,6.0,0.0,0.0,0.0,0.0,0.0,0.0,0.0,0.0,0.0,0.0,0.0,0.0,0.0,0.0,0.0,1.0,0.0,1.0,3.0,0.0,1.0,2.0,1.0,0.0,0.0,0.0,0.0,0.0,0.0,0.0,0.0,0.0,0.0,0.0,0.0,0.0,0.0,0.0,0.0,0.0,0.0,0.0,0.0,0.0,0.0,0.0,0.0,0.0,0.0,0.0,0.0,0.0,0.0,0.0,0.0,0.0,1.0,0.0,0.0,0.0,0.0,0.0,1.0,1.0,3.0,2.0,1.0,0.0,0.0,2.0,0.0,0.0,3.0,0.0,0.0,1.0,2.0,2.0,2.0,18.0,2.0,2.0,10.0,3.0,3.0,5.0,19.0
CHEMBL519349,Inhibition,0.0,16.0,12.0,3.0,0.0,0.0,0.0,23.0,12.0,2.0,0.0,0.0,0.0,0.0,4.0,1.0,0.0,0.0,0.0,20.0,14.0,4.0,0.0,0.0,0.0,0.0,1.0,2.0,16.0,16.0,9.0,0.0,0.0,0.0,2.0,0.0,0.0,0.0,27.0,9.0,1.0,0.0,0.0,0.0,2.0,2.0,0.0,0.0,1.0,20.0,14.0,4.0,0.0,0.0,0.0,0.0,1.0,0.0,14.0,12.0,4.0,0.0,0.0,0.0,0.0,1.0,1.0,0.0,0.0,21.0,5.0,1.0,0.0,0.0,0.0,0.0,2.0,0.0,0.0,0.0,13.0,7.0,4.0,0.0,0.0,0.0,0.0,0.0,12.0,2.0,3.0,0.0,0.0,0.0,1.0,0.0,0.0,2.0,7.0,3.0,4.0,2.0,0.0,0.0,0.0,0.0,1.0,1.0,1.0,0.0,1.0,0.0,2.0,1.0,11.0,1.0,8.0,1.0,0.0,0.0,1.0,6.0,0.0,0.0,2.0,1.0,0.0,4.0,2.0,0.0,0.0,0.0,3.0,3.0,1.0,5.0,2.0,1.0,7.0,4.0,5.0,11.0,3.0,3.0,3.0,7.0,2.0,1.0,1.0,5.0,4.0,3.0,2.0,0.0,2.0,2.0,0.0,0.0,3.0,1.0,1.0,1.0,2.0,0.0,4.0,0.0,0.0,0.0,1.0,0.0,2.0,2.0,12.0,4.0,0.0,15.0,16.0,16.0,7.0,16.0
CHEMBL2376152,Inhibition,17.0,18.0,15.0,2.0,0.0,1.0,2.0,25.0,21.0,2.0,0.0,2.0,2.0,4.0,1.0,2.0,0.0,0.0,0.0,22.0,20.0,6.0,0.0,3.0,2.0,5.0,4.0,1.0,23.0,14.0,5.0,0.0,2.0,3.0,5.0,2.0,2.0,3.0,21.0,15.0,3.0,0.0,2.0,4.0,2.0,2.0,1.0,2.0,1.0,17.0,20.0,6.0,0.0,1.0,2.0,1.0,1.0,0.0,21.0,10.0,3.0,0.0,2.0,1.0,3.0,5.0,3.0,0.0,1.0,18.0,12.0,4.0,0.0,2.0,3.0,2.0,2.0,1.0,2.0,0.0,11.0,14.0,5.0,0.0,0.0,2.0,0.0,1.0,13.0,9.0,2.0,1.0,3.0,1.0,1.0,0.0,1.0,2.0,2.0,1.0,0.0,0.0,0.0,0.0,0.0,0.0,0.0,2.0,1.0,1.0,2.0,1.0,1.0,0.0,9.0,2.0,5.0,1.0,1.0,0.0,1.0,4.0,0.0,0.0,0.0,1.0,0.0,0.0,0.0,0.0,0.0,0.0,0.0,0.0,0.0,4.0,2.0,0.0,5.0,2.0,1.0,7.0,2.0,2.0,4.0,2.0,0.0,0.0,0.0,5.0,4.0,1.0,3.0,0.0,0.0,0.0,0.0,1.0,3.0,2.0,1.0,0.0,2.0,1.0,0.0,0.0,0.0,0.0,2.0,1.0,3.0,5.0,18.0,6.0,2.0,17.0,12.0,12.0,5.0,21.0
CHEMBL573761,Inhibition,72.0,22.0,10.0,8.0,0.0,1.0,1.0,33.0,9.0,8.0,0.0,2.0,0.0,2.0,2.0,4.0,0.0,0.0,0.0,31.0,12.0,16.0,0.0,2.0,0.0,2.0,0.0,0.0,29.0,8.0,13.0,0.0,2.0,2.0,1.0,4.0,1.0,1.0,31.0,8.0,10.0,0.0,3.0,3.0,0.0,2.0,0.0,0.0,1.0,26.0,10.0,11.0,0.0,3.0,3.0,0.0,0.0,1.0,22.0,8.0,8.0,0.0,4.0,0.0,4.0,0.0,1.0,1.0,1.0,18.0,7.0,9.0,0.0,2.0,2.0,0.0,0.0,1.0,1.0,0.0,20.0,4.0,6.0,0.0,2.0,2.0,1.0,1.0,18.0,6.0,6.0,3.0,3.0,0.0,1.0,0.0,0.0,0.0,2.0,0.0,1.0,0.0,0.0,0.0,0.0,0.0,0.0,2.0,1.0,1.0,2.0,1.0,2.0,3.0,6.0,2.0,1.0,0.0,0.0,0.0,0.0,0.0,0.0,0.0,0.0,0.0,0.0,0.0,0.0,0.0,0.0,0.0,0.0,0.0,0.0,0.0,0.0,0.0,2.0,1.0,0.0,3.0,0.0,0.0,3.0,0.0,0.0,0.0,0.0,6.0,4.0,0.0,5.0,3.0,0.0,2.0,2.0,1.0,3.0,4.0,1.0,0.0,5.0,0.0,0.0,0.0,2.0,0.0,0.0,0.0,1.0,1.0,22.0,3.0,0.0,18.0,7.0,7.0,8.0,26.0
CHEMBL4063444,Inhibition,43.0,24.0,7.0,0.0,0.0,0.0,1.0,31.0,8.0,0.0,0.0,0.0,2.0,2.0,2.0,0.0,0.0,0.0,0.0,29.0,13.0,0.0,0.0,0.0,2.0,2.0,0.0,0.0,24.0,12.0,0.0,0.0,0.0,2.0,0.0,0.0,0.0,0.0,23.0,7.0,0.0,0.0,0.0,3.0,0.0,0.0,0.0,0.0,0.0,22.0,7.0,0.0,0.0,0.0,1.0,0.0,0.0,0.0,21.0,6.0,0.0,0.0,0.0,1.0,1.0,0.0,0.0,0.0,0.0,17.0,4.0,0.0,0.0,0.0,2.0,0.0,0.0,0.0,0.0,0.0,12.0,6.0,0.0,0.0,0.0,2.0,0.0,0.0,11.0,4.0,0.0,0.0,1.0,4.0,0.0,0.0,0.0,2.0,2.0,1.0,0.0,0.0,0.0,0.0,0.0,0.0,0.0,0.0,1.0,0.0,0.0,0.0,0.0,0.0,8.0,0.0,5.0,0.0,2.0,0.0,0.0,4.0,1.0,0.0,2.0,0.0,0.0,3.0,1.0,0.0,0.0,0.0,1.0,3.0,0.0,3.0,0.0,0.0,3.0,0.0,0.0,2.0,0.0,0.0,0.0,0.0,0.0,0.0,0.0,3.0,1.0,1.0,0.0,0.0,0.0,0.0,0.0,0.0,3.0,0.0,1.0,0.0,0.0,0.0,1.0,0.0,0.0,0.0,1.0,0.0,1.0,1.0,16.0,3.0,2.0,7.0,9.0,9.0,2.0,21.0
CHEMBL1215218,Inhibition,97.0,28.0,5.0,5.0,1.0,0.0,0.0,35.0,10.0,8.0,3.0,0.0,0.0,0.0,0.0,3.0,0.0,0.0,0.0,33.0,11.0,15.0,4.0,0.0,0.0,0.0,0.0,0.0,30.0,10.0,17.0,3.0,0.0,0.0,0.0,1.0,0.0,0.0,32.0,7.0,15.0,2.0,0.0,0.0,2.0,1.0,0.0,0.0,0.0,35.0,6.0,15.0,2.0,0.0,0.0,0.0,3.0,0.0,37.0,7.0,15.0,1.0,0.0,0.0,0.0,1.0,2.0,0.0,0.0,32.0,9.0,15.0,1.0,0.0,0.0,0.0,1.0,0.0,0.0,3.0,24.0,6.0,11.0,3.0,0.0,0.0,0.0,4.0,17.0,7.0,14.0,0.0,0.0,0.0,1.0,0.0,0.0,0.0,6.0,0.0,3.0,1.0,0.0,0.0,0.0,0.0,1.0,1.0,2.0,1.0,3.0,0.0,0.0,1.0,12.0,3.0,7.0,1.0,0.0,1.0,3.0,3.0,0.0,0.0,0.0,2.0,1.0,1.0,0.0,0.0,0.0,0.0,0.0,0.0,0.0,0.0,0.0,1.0,1.0,0.0,0.0,0.0,0.0,0.0,0.0,0.0,0.0,2.0,2.0,1.0,0.0,0.0,0.0,1.0,0.0,2.0,0.0,0.0,2.0,1.0,0.0,0.0,6.0,1.0,5.0,0.0,0.0,0.0,2.0,4.0,0.0,1.0,17.0,2.0,11.0,11.0,16.0,16.0,9.0,25.0
CHEMBL1173231,Inhibition,36.2,20.0,8.0,4.0,0.0,0.0,0.0,28.0,9.0,3.0,0.0,0.0,0.0,0.0,1.0,3.0,0.0,0.0,0.0,26.0,10.0,7.0,0.0,0.0,0.0,0.0,0.0,0.0,20.0,9.0,8.0,0.0,0.0,0.0,1.0,0.0,0.0,0.0,18.0,10.0,8.0,0.0,0.0,0.0,0.0,1.0,0.0,0.0,0.0,19.0,8.0,5.0,0.0,0.0,0.0,1.0,2.0,0.0,18.0,6.0,3.0,0.0,0.0,0.0,0.0,1.0,2.0,0.0,0.0,13.0,8.0,3.0,0.0,0.0,0.0,0.0,1.0,0.0,0.0,1.0,12.0,6.0,4.0,0.0,0.0,0.0,0.0,0.0,12.0,3.0,6.0,0.0,0.0,1.0,0.0,0.0,0.0,0.0,0.0,0.0,0.0,0.0,0.0,0.0,0.0,0.0,0.0,1.0,2.0,1.0,1.0,0.0,0.0,1.0,5.0,1.0,1.0,1.0,0.0,1.0,1.0,0.0,0.0,0.0,0.0,0.0,1.0,0.0,0.0,0.0,0.0,0.0,0.0,0.0,0.0,0.0,0.0,0.0,1.0,0.0,0.0,0.0,0.0,0.0,0.0,0.0,0.0,0.0,0.0,2.0,0.0,0.0,0.0,2.0,0.0,2.0,1.0,0.0,3.0,1.0,0.0,0.0,3.0,0.0,0.0,0.0,1.0,0.0,1.0,1.0,1.0,1.0,18.0,2.0,7.0,12.0,7.0,7.0,5.0,23.0
CHEMBL1173232,Inhibition,18.1,20.0,8.0,4.0,0.0,0.0,0.0,27.0,10.0,3.0,0.0,0.0,0.0,0.0,1.0,3.0,0.0,0.0,0.0,25.0,11.0,7.0,0.0,0.0,0.0,0.0,0.0,0.0,19.0,10.0,8.0,0.0,0.0,0.0,1.0,0.0,0.0,0.0,17.0,10.0,7.0,0.0,0.0,0.0,1.0,2.0,0.0,0.0,0.0,19.0,8.0,5.0,0.0,0.0,0.0,1.0,2.0,0.0,19.0,6.0,4.0,0.0,0.0,0.0,0.0,0.0,1.0,0.0,0.0,15.0,5.0,3.0,0.0,0.0,0.0,1.0,1.0,0.0,0.0,1.0,12.0,6.0,4.0,0.0,0.0,0.0,0.0,0.0,12.0,3.0,5.0,0.0,0.0,1.0,1.0,0.0,0.0,0.0,0.0,0.0,0.0,0.0,0.0,0.0,0.0,0.0,0.0,1.0,2.0,1.0,1.0,0.0,0.0,1.0,5.0,1.0,1.0,1.0,0.0,1.0,1.0,0.0,0.0,0.0,0.0,0.0,1.0,0.0,0.0,0.0,0.0,0.0,0.0,0.0,0.0,0.0,0.0,0.0,1.0,0.0,0.0,0.0,0.0,0.0,0.0,0.0,0.0,0.0,0.0,2.0,0.0,0.0,0.0,2.0,0.0,2.0,1.0,0.0,3.0,1.0,0.0,0.0,3.0,0.0,0.0,0.0,1.0,0.0,1.0,1.0,1.0,1.0,18.0,2.0,7.0,12.0,7.0,7.0,5.0,23.0
CHEMBL1173821,Inhibition,76.8,19.0,6.0,4.0,2.0,0.0,0.0,27.0,7.0,3.0,2.0,0.0,0.0,0.0,1.0,3.0,0.0,0.0,0.0,23.0,9.0,7.0,1.0,0.0,0.0,0.0,0.0,0.0,19.0,8.0,8.0,1.0,0.0,0.0,1.0,0.0,0.0,0.0,16.0,9.0,8.0,2.0,0.0,0.0,0.0,1.0,0.0,0.0,0.0,17.0,5.0,4.0,2.0,0.0,0.0,1.0,2.0,0.0,16.0,4.0,3.0,2.0,0.0,0.0,0.0,0.0,1.0,0.0,0.0,12.0,6.0,3.0,1.0,0.0,0.0,0.0,1.0,0.0,0.0,1.0,12.0,4.0,4.0,0.0,0.0,0.0,0.0,0.0,11.0,3.0,6.0,0.0,0.0,0.0,0.0,0.0,0.0,0.0,0.0,0.0,0.0,0.0,0.0,0.0,0.0,0.0,0.0,1.0,2.0,1.0,1.0,0.0,0.0,1.0,5.0,1.0,1.0,1.0,0.0,1.0,1.0,0.0,0.0,0.0,0.0,0.0,1.0,0.0,0.0,0.0,0.0,0.0,0.0,0.0,0.0,0.0,0.0,0.0,1.0,0.0,0.0,0.0,0.0,0.0,0.0,0.0,0.0,0.0,0.0,2.0,0.0,0.0,0.0,2.0,0.0,2.0,1.0,0.0,3.0,1.0,0.0,0.0,3.0,0.0,0.0,0.0,1.0,0.0,1.0,1.0,0.0,1.0,17.0,2.0,7.0,12.0,7.0,7.0,5.0,22.0
CHEMBL1173411,Inhibition,96.5,21.0,8.0,6.0,0.0,0.0,0.0,30.0,10.0,5.0,0.0,0.0,0.0,0.0,1.0,3.0,0.0,0.0,0.0,27.0,12.0,11.0,0.0,0.0,0.0,0.0,0.0,0.0,20.0,10.0,12.0,0.0,0.0,0.0,1.0,2.0,0.0,0.0,19.0,10.0,9.0,0.0,0.0,0.0,1.0,2.0,0.0,0.0,0.0,21.0,9.0,8.0,0.0,0.0,0.0,1.0,2.0,0.0,21.0,6.0,8.0,0.0,0.0,0.0,0.0,0.0,1.0,0.0,0.0,16.0,5.0,7.0,0.0,0.0,0.0,1.0,3.0,0.0,0.0,3.0,12.0,7.0,8.0,0.0,0.0,0.0,0.0,0.0,13.0,3.0,7.0,0.0,0.0,1.0,1.0,0.0,0.0,0.0,0.0,0.0,0.0,0.0,0.0,0.0,0.0,0.0,0.0,2.0,3.0,3.0,3.0,0.0,0.0,1.0,7.0,3.0,1.0,1.0,0.0,1.0,1.0,0.0,0.0,0.0,0.0,0.0,1.0,0.0,0.0,0.0,0.0,0.0,0.0,0.0,0.0,0.0,0.0,0.0,1.0,0.0,0.0,0.0,0.0,0.0,0.0,0.0,0.0,0.0,0.0,3.0,0.0,0.0,0.0,3.0,0.0,2.0,1.0,0.0,3.0,3.0,0.0,0.0,5.0,1.0,0.0,0.0,1.0,0.0,2.0,3.0,0.0,1.0,17.0,2.0,7.0,14.0,12.0,12.0,7.0,25.0
CHEMBL2206027,Inhibition,78.0,23.0,5.0,1.0,0.0,0.0,0.0,34.0,7.0,1.0,0.0,0.0,0.0,0.0,0.0,1.0,0.0,0.0,0.0,34.0,7.0,3.0,0.0,0.0,0.0,0.0,0.0,0.0,30.0,4.0,3.0,0.0,0.0,0.0,0.0,0.0,0.0,0.0,24.0,3.0,4.0,0.0,0.0,0.0,0.0,0.0,0.0,0.0,0.0,21.0,3.0,2.0,0.0,0.0,0.0,0.0,0.0,0.0,18.0,4.0,2.0,0.0,0.0,0.0,0.0,0.0,0.0,0.0,0.0,17.0,4.0,2.0,0.0,0.0,0.0,1.0,1.0,0.0,0.0,0.0,14.0,5.0,3.0,0.0,0.0,0.0,0.0,0.0,10.0,2.0,1.0,0.0,0.0,0.0,0.0,0.0,0.0,0.0,0.0,0.0,0.0,0.0,0.0,0.0,0.0,0.0,0.0,1.0,1.0,1.0,1.0,0.0,0.0,0.0,4.0,1.0,1.0,1.0,0.0,1.0,1.0,0.0,0.0,0.0,0.0,0.0,1.0,0.0,0.0,0.0,0.0,0.0,0.0,0.0,0.0,0.0,0.0,0.0,1.0,0.0,0.0,0.0,0.0,0.0,0.0,0.0,0.0,0.0,0.0,1.0,0.0,0.0,0.0,1.0,0.0,0.0,0.0,0.0,1.0,1.0,0.0,0.0,1.0,0.0,0.0,0.0,0.0,0.0,1.0,1.0,0.0,1.0,19.0,2.0,5.0,6.0,4.0,4.0,1.0,23.0
CHEMBL2206007,Inhibition,99.0,17.0,5.0,3.0,0.0,0.0,1.0,25.0,4.0,4.0,0.0,0.0,2.0,2.0,0.0,1.0,0.0,0.0,0.0,23.0,3.0,5.0,0.0,0.0,2.0,2.0,0.0,1.0,18.0,3.0,6.0,0.0,0.0,2.0,0.0,0.0,0.0,0.0,17.0,4.0,5.0,0.0,0.0,2.0,0.0,0.0,0.0,1.0,0.0,17.0,4.0,3.0,0.0,0.0,1.0,0.0,0.0,0.0,14.0,2.0,3.0,0.0,0.0,2.0,2.0,0.0,0.0,0.0,0.0,9.0,1.0,2.0,0.0,0.0,2.0,0.0,1.0,0.0,0.0,1.0,7.0,2.0,3.0,0.0,0.0,1.0,0.0,0.0,6.0,3.0,2.0,0.0,0.0,0.0,0.0,0.0,0.0,0.0,2.0,0.0,1.0,0.0,1.0,0.0,0.0,1.0,1.0,2.0,1.0,1.0,1.0,0.0,1.0,1.0,7.0,1.0,2.0,1.0,0.0,1.0,1.0,0.0,0.0,0.0,0.0,0.0,1.0,0.0,0.0,0.0,0.0,0.0,0.0,0.0,0.0,0.0,0.0,0.0,2.0,1.0,0.0,2.0,0.0,0.0,0.0,0.0,0.0,1.0,0.0,4.0,3.0,0.0,0.0,1.0,2.0,1.0,1.0,0.0,2.0,1.0,0.0,1.0,2.0,0.0,0.0,0.0,1.0,1.0,1.0,1.0,0.0,0.0,12.0,1.0,5.0,8.0,8.0,8.0,5.0,17.0
CHEMBL2206029,Inhibition,94.0,16.0,2.0,2.0,0.0,0.0,1.0,21.0,3.0,3.0,0.0,0.0,2.0,2.0,0.0,1.0,0.0,0.0,0.0,18.0,3.0,5.0,0.0,0.0,2.0,2.0,0.0,0.0,14.0,2.0,4.0,0.0,0.0,2.0,0.0,0.0,0.0,0.0,12.0,2.0,5.0,0.0,0.0,2.0,0.0,0.0,0.0,1.0,0.0,11.0,2.0,3.0,0.0,0.0,1.0,0.0,0.0,0.0,8.0,1.0,3.0,0.0,0.0,2.0,2.0,0.0,0.0,0.0,0.0,4.0,0.0,2.0,0.0,0.0,2.0,0.0,1.0,0.0,0.0,1.0,1.0,0.0,2.0,0.0,0.0,1.0,0.0,0.0,0.0,0.0,1.0,0.0,0.0,0.0,0.0,0.0,0.0,0.0,0.0,0.0,0.0,0.0,0.0,0.0,0.0,0.0,0.0,0.0,1.0,1.0,1.0,0.0,0.0,0.0,3.0,1.0,1.0,1.0,0.0,1.0,1.0,0.0,0.0,0.0,0.0,0.0,1.0,0.0,0.0,0.0,0.0,0.0,0.0,0.0,0.0,0.0,0.0,0.0,1.0,0.0,0.0,0.0,0.0,0.0,0.0,0.0,0.0,0.0,0.0,1.0,0.0,0.0,0.0,1.0,0.0,0.0,0.0,0.0,1.0,1.0,0.0,0.0,2.0,0.0,0.0,0.0,0.0,0.0,1.0,1.0,0.0,0.0,12.0,1.0,5.0,4.0,4.0,4.0,1.0,16.0
CHEMBL3319467,Inhibition,7.0,23.0,8.0,7.0,0.0,0.0,0.0,36.0,9.0,7.0,0.0,0.0,0.0,0.0,1.0,1.0,0.0,0.0,0.0,37.0,12.0,8.0,0.0,0.0,0.0,0.0,0.0,1.0,33.0,10.0,10.0,0.0,0.0,0.0,1.0,1.0,0.0,0.0,32.0,12.0,5.0,0.0,0.0,0.0,0.0,0.0,0.0,0.0,1.0,28.0,10.0,7.0,0.0,0.0,0.0,1.0,1.0,0.0,24.0,9.0,7.0,0.0,0.0,0.0,0.0,0.0,3.0,0.0,0.0,23.0,6.0,5.0,0.0,0.0,0.0,2.0,2.0,0.0,0.0,0.0,19.0,8.0,7.0,0.0,0.0,0.0,0.0,0.0,16.0,6.0,8.0,0.0,0.0,1.0,1.0,0.0,0.0,0.0,4.0,0.0,2.0,0.0,2.0,0.0,1.0,0.0,2.0,2.0,0.0,0.0,1.0,0.0,1.0,3.0,7.0,1.0,2.0,0.0,0.0,0.0,0.0,0.0,0.0,0.0,0.0,0.0,0.0,0.0,0.0,0.0,0.0,0.0,0.0,0.0,0.0,0.0,0.0,0.0,2.0,2.0,1.0,4.0,0.0,0.0,2.0,1.0,1.0,2.0,2.0,3.0,3.0,0.0,2.0,0.0,4.0,4.0,2.0,0.0,2.0,1.0,0.0,2.0,4.0,0.0,0.0,0.0,2.0,0.0,1.0,2.0,1.0,2.0,21.0,4.0,2.0,15.0,11.0,11.0,4.0,22.0
CHEMBL591924,Inhibition,50.0,23.0,11.0,5.0,2.0,4.0,4.0,31.0,13.0,7.0,4.0,5.0,0.0,5.0,1.0,1.0,3.0,3.0,3.0,30.0,11.0,8.0,2.0,5.0,0.0,5.0,0.0,1.0,30.0,8.0,8.0,3.0,8.0,8.0,1.0,2.0,1.0,1.0,32.0,7.0,5.0,3.0,9.0,9.0,1.0,1.0,3.0,3.0,1.0,27.0,11.0,7.0,2.0,13.0,13.0,1.0,1.0,0.0,22.0,12.0,6.0,1.0,12.0,0.0,12.0,0.0,2.0,1.0,1.0,23.0,9.0,4.0,0.0,7.0,7.0,0.0,0.0,1.0,1.0,0.0,24.0,6.0,2.0,1.0,11.0,11.0,1.0,1.0,23.0,6.0,4.0,9.0,9.0,0.0,0.0,1.0,1.0,1.0,1.0,1.0,0.0,0.0,0.0,0.0,0.0,0.0,0.0,2.0,2.0,1.0,1.0,4.0,0.0,2.0,6.0,1.0,3.0,1.0,0.0,0.0,1.0,2.0,0.0,0.0,1.0,1.0,0.0,1.0,0.0,0.0,0.0,0.0,0.0,1.0,0.0,2.0,0.0,0.0,3.0,0.0,0.0,0.0,0.0,0.0,0.0,0.0,0.0,0.0,0.0,2.0,0.0,0.0,0.0,2.0,0.0,1.0,1.0,4.0,2.0,1.0,0.0,0.0,3.0,0.0,1.0,3.0,1.0,0.0,1.0,0.0,2.0,4.0,26.0,4.0,0.0,18.0,9.0,9.0,10.0,28.0
CHEMBL501182,Inhibition,98.0,22.0,10.0,1.0,2.0,0.0,0.0,29.0,14.0,1.0,2.0,0.0,0.0,0.0,1.0,1.0,0.0,0.0,0.0,24.0,17.0,3.0,2.0,0.0,0.0,0.0,1.0,0.0,21.0,13.0,3.0,1.0,0.0,0.0,1.0,0.0,0.0,0.0,19.0,14.0,4.0,1.0,0.0,0.0,1.0,0.0,0.0,0.0,0.0,21.0,10.0,2.0,1.0,0.0,0.0,1.0,2.0,0.0,20.0,9.0,2.0,1.0,0.0,0.0,0.0,2.0,1.0,0.0,0.0,20.0,9.0,1.0,1.0,0.0,0.0,1.0,0.0,0.0,0.0,0.0,20.0,6.0,0.0,1.0,0.0,0.0,1.0,1.0,17.0,7.0,1.0,0.0,0.0,1.0,0.0,0.0,0.0,0.0,1.0,0.0,0.0,0.0,0.0,1.0,0.0,0.0,0.0,0.0,2.0,1.0,1.0,0.0,0.0,0.0,2.0,1.0,0.0,0.0,0.0,0.0,0.0,0.0,0.0,0.0,0.0,0.0,0.0,0.0,0.0,0.0,0.0,0.0,0.0,0.0,0.0,0.0,0.0,0.0,0.0,0.0,0.0,0.0,0.0,0.0,0.0,0.0,0.0,0.0,0.0,2.0,1.0,0.0,1.0,0.0,0.0,0.0,0.0,0.0,2.0,1.0,0.0,0.0,1.0,0.0,0.0,0.0,0.0,0.0,1.0,2.0,4.0,5.0,27.0,5.0,2.0,13.0,5.0,5.0,6.0,25.0
CHEMBL3800152,Inhibition,69.2,20.0,14.0,3.0,0.0,4.0,4.0,29.0,13.0,4.0,0.0,5.0,0.0,5.0,3.0,2.0,3.0,3.0,3.0,26.0,14.0,6.0,0.0,8.0,0.0,8.0,2.0,0.0,22.0,16.0,6.0,0.0,8.0,8.0,2.0,1.0,1.0,1.0,23.0,16.0,4.0,0.0,6.0,6.0,0.0,3.0,3.0,3.0,0.0,25.0,11.0,6.0,0.0,5.0,5.0,2.0,1.0,0.0,23.0,14.0,1.0,0.0,2.0,0.0,2.0,1.0,1.0,4.0,4.0,21.0,14.0,3.0,0.0,5.0,5.0,0.0,0.0,2.0,2.0,0.0,20.0,8.0,4.0,0.0,10.0,10.0,1.0,1.0,15.0,5.0,6.0,9.0,9.0,2.0,0.0,0.0,0.0,0.0,3.0,0.0,2.0,1.0,0.0,0.0,0.0,1.0,0.0,2.0,1.0,0.0,0.0,4.0,1.0,1.0,7.0,0.0,2.0,0.0,0.0,0.0,0.0,1.0,0.0,0.0,0.0,0.0,0.0,0.0,0.0,0.0,0.0,0.0,0.0,0.0,0.0,1.0,1.0,0.0,1.0,1.0,0.0,2.0,0.0,0.0,0.0,0.0,0.0,0.0,0.0,4.0,3.0,0.0,0.0,1.0,0.0,1.0,0.0,4.0,3.0,0.0,0.0,0.0,2.0,0.0,1.0,3.0,0.0,1.0,0.0,0.0,3.0,4.0,23.0,4.0,2.0,17.0,9.0,9.0,10.0,24.0
CHEMBL3261517,Inhibition,100.0,12.0,8.0,3.0,2.0,0.0,1.0,17.0,7.0,3.0,3.0,0.0,2.0,2.0,3.0,1.0,0.0,0.0,0.0,17.0,9.0,3.0,2.0,0.0,3.0,3.0,1.0,0.0,13.0,11.0,3.0,4.0,0.0,2.0,1.0,1.0,0.0,1.0,14.0,6.0,4.0,2.0,0.0,3.0,2.0,0.0,0.0,0.0,0.0,11.0,9.0,4.0,1.0,0.0,1.0,1.0,2.0,0.0,8.0,10.0,5.0,0.0,0.0,1.0,1.0,0.0,0.0,0.0,1.0,7.0,5.0,1.0,1.0,0.0,2.0,2.0,3.0,0.0,0.0,1.0,3.0,5.0,2.0,0.0,0.0,0.0,0.0,1.0,1.0,3.0,2.0,0.0,0.0,0.0,0.0,0.0,0.0,0.0,0.0,0.0,0.0,0.0,0.0,0.0,0.0,0.0,0.0,1.0,0.0,0.0,1.0,0.0,0.0,1.0,2.0,1.0,0.0,0.0,0.0,0.0,0.0,0.0,0.0,0.0,0.0,0.0,0.0,0.0,0.0,0.0,0.0,0.0,0.0,0.0,0.0,0.0,0.0,0.0,0.0,0.0,0.0,0.0,0.0,0.0,0.0,0.0,0.0,0.0,0.0,1.0,0.0,0.0,0.0,0.0,0.0,1.0,1.0,0.0,2.0,1.0,0.0,0.0,2.0,0.0,0.0,0.0,1.0,0.0,1.0,1.0,3.0,4.0,17.0,4.0,2.0,13.0,3.0,3.0,2.0,14.0
CHEMBL3416161,Inhibition,98.6,19.0,5.0,2.0,0.0,1.0,1.0,27.0,6.0,2.0,0.0,2.0,0.0,2.0,1.0,0.0,0.0,0.0,0.0,28.0,6.0,2.0,0.0,2.0,0.0,2.0,0.0,0.0,23.0,7.0,1.0,0.0,1.0,1.0,0.0,0.0,0.0,0.0,19.0,7.0,1.0,0.0,1.0,1.0,0.0,0.0,0.0,0.0,0.0,16.0,5.0,2.0,0.0,1.0,1.0,0.0,0.0,0.0,14.0,2.0,2.0,0.0,2.0,0.0,2.0,0.0,0.0,1.0,1.0,13.0,0.0,0.0,0.0,2.0,2.0,0.0,2.0,0.0,0.0,0.0,10.0,2.0,2.0,0.0,1.0,1.0,0.0,0.0,10.0,0.0,1.0,1.0,1.0,0.0,0.0,0.0,0.0,0.0,0.0,0.0,0.0,0.0,0.0,0.0,0.0,0.0,0.0,1.0,0.0,0.0,0.0,1.0,0.0,1.0,1.0,0.0,0.0,0.0,0.0,0.0,0.0,0.0,0.0,0.0,0.0,0.0,0.0,0.0,0.0,0.0,0.0,0.0,0.0,0.0,0.0,0.0,0.0,0.0,0.0,0.0,0.0,0.0,0.0,0.0,0.0,0.0,0.0,0.0,0.0,0.0,0.0,0.0,0.0,0.0,0.0,1.0,1.0,1.0,0.0,0.0,0.0,0.0,1.0,0.0,0.0,0.0,1.0,0.0,0.0,0.0,1.0,2.0,21.0,2.0,0.0,7.0,1.0,1.0,1.0,20.0
CHEMBL377488,Inhibition,14.6,5.0,5.0,0.0,0.0,0.0,0.0,7.0,5.0,0.0,0.0,0.0,0.0,0.0,1.0,0.0,0.0,0.0,0.0,6.0,3.0,0.0,0.0,0.0,0.0,0.0,0.0,0.0,3.0,1.0,0.0,0.0,0.0,0.0,0.0,0.0,0.0,0.0,0.0,0.0,0.0,0.0,0.0,0.0,0.0,0.0,0.0,0.0,0.0,0.0,0.0,0.0,0.0,0.0,0.0,0.0,0.0,0.0,0.0,0.0,0.0,0.0,0.0,0.0,0.0,0.0,0.0,0.0,0.0,0.0,0.0,0.0,0.0,0.0,0.0,0.0,0.0,0.0,0.0,0.0,0.0,0.0,0.0,0.0,0.0,0.0,0.0,0.0,0.0,0.0,0.0,0.0,0.0,0.0,0.0,0.0,0.0,0.0,0.0,0.0,0.0,0.0,0.0,0.0,0.0,0.0,0.0,0.0,0.0,0.0,0.0,0.0,0.0,0.0,0.0,0.0,0.0,0.0,0.0,0.0,0.0,0.0,0.0,0.0,0.0,0.0,0.0,0.0,0.0,0.0,0.0,0.0,0.0,0.0,0.0,0.0,0.0,0.0,0.0,0.0,0.0,0.0,0.0,0.0,0.0,0.0,0.0,0.0,0.0,0.0,0.0,0.0,0.0,0.0,0.0,0.0,0.0,0.0,0.0,0.0,0.0,0.0,0.0,0.0,0.0,0.0,0.0,0.0,0.0,0.0,1.0,2.0,9.0,2.0,0.0,5.0,0.0,0.0,0.0,8.0
CHEMBL1796257,Inhibition,99.0,19.0,13.0,4.0,1.0,0.0,1.0,29.0,13.0,5.0,2.0,0.0,2.0,2.0,4.0,2.0,0.0,0.0,0.0,34.0,17.0,6.0,2.0,0.0,0.0,0.0,1.0,2.0,26.0,17.0,9.0,2.0,0.0,2.0,2.0,0.0,0.0,0.0,29.0,15.0,8.0,2.0,0.0,2.0,1.0,4.0,0.0,1.0,0.0,25.0,17.0,9.0,1.0,0.0,3.0,1.0,1.0,0.0,23.0,14.0,6.0,2.0,0.0,4.0,4.0,2.0,3.0,0.0,0.0,21.0,11.0,8.0,0.0,0.0,3.0,2.0,0.0,0.0,0.0,0.0,21.0,10.0,2.0,1.0,0.0,3.0,0.0,5.0,20.0,7.0,7.0,0.0,2.0,1.0,1.0,0.0,0.0,2.0,10.0,2.0,6.0,2.0,1.0,0.0,3.0,0.0,1.0,4.0,2.0,0.0,0.0,0.0,2.0,2.0,16.0,0.0,9.0,0.0,0.0,0.0,0.0,6.0,0.0,0.0,4.0,0.0,2.0,6.0,6.0,1.0,0.0,0.0,4.0,4.0,0.0,4.0,0.0,0.0,7.0,3.0,3.0,8.0,0.0,0.0,0.0,3.0,2.0,1.0,1.0,6.0,4.0,1.0,0.0,0.0,2.0,3.0,1.0,0.0,4.0,0.0,1.0,1.0,4.0,0.0,6.0,0.0,1.0,1.0,0.0,0.0,2.0,2.0,12.0,3.0,0.0,18.0,24.0,24.0,10.0,17.0
CHEMBL4101506,Inhibition,56.0,22.0,7.0,0.0,0.0,0.0,1.0,31.0,9.0,0.0,0.0,0.0,2.0,2.0,2.0,0.0,0.0,0.0,0.0,28.0,12.0,0.0,0.0,0.0,2.0,2.0,0.0,0.0,23.0,10.0,0.0,0.0,0.0,2.0,0.0,0.0,0.0,0.0,23.0,7.0,0.0,0.0,0.0,3.0,0.0,0.0,0.0,0.0,0.0,20.0,7.0,0.0,0.0,0.0,1.0,0.0,0.0,0.0,18.0,6.0,0.0,0.0,0.0,1.0,1.0,0.0,0.0,0.0,0.0,16.0,4.0,0.0,0.0,0.0,2.0,0.0,0.0,0.0,0.0,0.0,11.0,6.0,0.0,0.0,0.0,2.0,0.0,0.0,10.0,4.0,0.0,0.0,1.0,4.0,0.0,0.0,0.0,0.0,1.0,0.0,0.0,0.0,0.0,0.0,0.0,0.0,0.0,2.0,1.0,0.0,0.0,0.0,0.0,0.0,7.0,0.0,3.0,0.0,1.0,0.0,0.0,3.0,0.0,0.0,0.0,0.0,0.0,0.0,0.0,0.0,0.0,0.0,0.0,0.0,0.0,2.0,0.0,0.0,4.0,0.0,0.0,3.0,0.0,0.0,0.0,0.0,0.0,0.0,0.0,3.0,1.0,3.0,0.0,0.0,0.0,0.0,0.0,0.0,3.0,0.0,1.0,0.0,0.0,2.0,0.0,0.0,0.0,0.0,1.0,0.0,1.0,1.0,16.0,3.0,2.0,7.0,7.0,7.0,1.0,18.0
CHEMBL3264107,Inhibition,12.0,18.0,6.0,3.0,0.0,0.0,0.0,23.0,6.0,7.0,0.0,0.0,0.0,0.0,2.0,0.0,0.0,0.0,0.0,24.0,9.0,8.0,0.0,0.0,0.0,0.0,0.0,0.0,24.0,8.0,7.0,0.0,0.0,0.0,1.0,1.0,0.0,0.0,24.0,9.0,6.0,0.0,0.0,0.0,0.0,0.0,0.0,0.0,0.0,21.0,9.0,2.0,0.0,0.0,0.0,0.0,4.0,0.0,17.0,8.0,3.0,0.0,0.0,0.0,0.0,0.0,0.0,0.0,0.0,16.0,4.0,4.0,0.0,0.0,0.0,0.0,2.0,0.0,0.0,0.0,17.0,2.0,6.0,0.0,0.0,0.0,0.0,0.0,14.0,2.0,4.0,0.0,0.0,0.0,2.0,0.0,0.0,0.0,3.0,0.0,0.0,0.0,0.0,0.0,0.0,0.0,1.0,3.0,1.0,0.0,0.0,0.0,0.0,2.0,6.0,0.0,2.0,0.0,0.0,0.0,0.0,0.0,0.0,0.0,0.0,0.0,0.0,0.0,0.0,0.0,0.0,0.0,0.0,0.0,0.0,0.0,0.0,0.0,0.0,0.0,0.0,0.0,0.0,0.0,0.0,0.0,0.0,1.0,0.0,0.0,0.0,0.0,0.0,0.0,0.0,2.0,1.0,0.0,1.0,0.0,0.0,0.0,3.0,2.0,0.0,0.0,1.0,0.0,0.0,0.0,2.0,2.0,18.0,2.0,0.0,9.0,9.0,9.0,8.0,18.0
CHEMBL4581423,Inhibition,80.7,20.0,17.0,4.0,0.0,0.0,0.0,30.0,15.0,4.0,0.0,0.0,0.0,0.0,5.0,2.0,0.0,0.0,0.0,31.0,19.0,5.0,0.0,0.0,0.0,0.0,1.0,1.0,25.0,16.0,7.0,0.0,0.0,0.0,2.0,0.0,0.0,0.0,25.0,13.0,5.0,0.0,0.0,0.0,3.0,1.0,0.0,0.0,0.0,20.0,18.0,4.0,0.0,0.0,0.0,0.0,1.0,0.0,22.0,8.0,4.0,0.0,0.0,0.0,0.0,5.0,1.0,0.0,0.0,18.0,16.0,3.0,0.0,0.0,0.0,0.0,2.0,0.0,0.0,1.0,21.0,10.0,3.0,0.0,0.0,0.0,3.0,2.0,19.0,12.0,3.0,0.0,0.0,0.0,2.0,0.0,0.0,0.0,8.0,0.0,4.0,0.0,2.0,0.0,3.0,0.0,2.0,1.0,2.0,1.0,2.0,0.0,3.0,1.0,11.0,2.0,5.0,0.0,0.0,0.0,1.0,0.0,0.0,0.0,0.0,0.0,1.0,0.0,0.0,0.0,0.0,0.0,0.0,0.0,0.0,0.0,0.0,0.0,6.0,2.0,1.0,8.0,0.0,0.0,2.0,3.0,1.0,2.0,2.0,8.0,5.0,0.0,2.0,3.0,2.0,2.0,0.0,0.0,5.0,2.0,2.0,2.0,3.0,1.0,0.0,0.0,0.0,1.0,0.0,2.0,2.0,2.0,18.0,6.0,2.0,21.0,17.0,17.0,8.0,23.0
CHEMBL4533885,Inhibition,87.5,20.0,20.0,2.0,0.0,0.0,0.0,32.0,17.0,2.0,0.0,0.0,0.0,0.0,5.0,2.0,0.0,0.0,0.0,33.0,19.0,5.0,0.0,0.0,0.0,0.0,2.0,0.0,25.0,18.0,6.0,0.0,0.0,0.0,2.0,0.0,0.0,0.0,26.0,15.0,3.0,0.0,0.0,0.0,3.0,1.0,0.0,0.0,0.0,22.0,20.0,2.0,0.0,0.0,0.0,0.0,1.0,0.0,24.0,9.0,3.0,0.0,0.0,0.0,0.0,5.0,1.0,0.0,0.0,19.0,16.0,3.0,0.0,0.0,0.0,1.0,1.0,0.0,0.0,1.0,21.0,12.0,2.0,0.0,0.0,0.0,3.0,2.0,20.0,12.0,3.0,0.0,0.0,2.0,0.0,0.0,0.0,0.0,8.0,0.0,4.0,0.0,0.0,0.0,4.0,2.0,0.0,2.0,2.0,1.0,2.0,0.0,4.0,0.0,12.0,2.0,5.0,0.0,0.0,0.0,1.0,0.0,0.0,0.0,0.0,0.0,1.0,0.0,0.0,0.0,0.0,0.0,0.0,0.0,0.0,0.0,0.0,0.0,8.0,4.0,2.0,12.0,0.0,0.0,2.0,4.0,0.0,0.0,0.0,11.0,8.0,0.0,2.0,3.0,0.0,0.0,0.0,0.0,6.0,2.0,4.0,0.0,2.0,1.0,0.0,0.0,0.0,2.0,0.0,2.0,2.0,2.0,18.0,6.0,2.0,22.0,18.0,18.0,8.0,24.0
CHEMBL4438820,Inhibition,82.0,20.0,17.0,3.0,1.0,0.0,0.0,29.0,15.0,5.0,2.0,0.0,0.0,0.0,5.0,4.0,0.0,0.0,0.0,26.0,19.0,9.0,2.0,0.0,0.0,0.0,1.0,1.0,20.0,18.0,11.0,1.0,0.0,0.0,2.0,0.0,0.0,0.0,23.0,15.0,6.0,0.0,0.0,0.0,2.0,2.0,0.0,0.0,0.0,24.0,17.0,3.0,1.0,0.0,0.0,1.0,2.0,0.0,28.0,8.0,3.0,0.0,0.0,0.0,0.0,3.0,3.0,0.0,0.0,21.0,11.0,4.0,2.0,0.0,0.0,2.0,3.0,0.0,0.0,2.0,17.0,12.0,5.0,2.0,0.0,0.0,2.0,3.0,16.0,12.0,7.0,0.0,0.0,2.0,0.0,0.0,0.0,0.0,10.0,0.0,6.0,1.0,1.0,0.0,5.0,0.0,1.0,0.0,2.0,1.0,1.0,0.0,3.0,1.0,11.0,1.0,6.0,0.0,0.0,0.0,0.0,2.0,0.0,0.0,0.0,0.0,0.0,1.0,0.0,0.0,0.0,0.0,0.0,1.0,0.0,2.0,1.0,0.0,7.0,5.0,4.0,12.0,0.0,0.0,2.0,5.0,2.0,1.0,0.0,9.0,7.0,0.0,2.0,1.0,2.0,1.0,1.0,0.0,6.0,2.0,2.0,1.0,4.0,0.0,2.0,0.0,1.0,1.0,0.0,0.0,2.0,2.0,18.0,5.0,4.0,21.0,19.0,19.0,11.0,23.0
CHEMBL4473346,Inhibition,27.4,20.0,17.0,3.0,0.0,0.0,0.0,30.0,15.0,2.0,0.0,0.0,0.0,0.0,5.0,2.0,0.0,0.0,0.0,31.0,19.0,3.0,0.0,0.0,0.0,0.0,1.0,1.0,25.0,16.0,5.0,0.0,0.0,0.0,2.0,0.0,0.0,0.0,25.0,13.0,4.0,0.0,0.0,0.0,3.0,1.0,0.0,0.0,0.0,20.0,18.0,4.0,0.0,0.0,0.0,0.0,0.0,0.0,22.0,8.0,3.0,0.0,0.0,0.0,0.0,5.0,1.0,0.0,0.0,18.0,16.0,3.0,0.0,0.0,0.0,0.0,1.0,0.0,0.0,0.0,21.0,10.0,1.0,0.0,0.0,0.0,3.0,2.0,19.0,12.0,1.0,0.0,0.0,0.0,2.0,0.0,0.0,0.0,9.0,0.0,4.0,0.0,2.0,0.0,3.0,0.0,2.0,1.0,2.0,1.0,1.0,0.0,3.0,1.0,11.0,1.0,5.0,0.0,0.0,0.0,0.0,0.0,0.0,0.0,0.0,0.0,1.0,0.0,0.0,0.0,0.0,0.0,0.0,0.0,0.0,0.0,0.0,0.0,6.0,2.0,1.0,8.0,0.0,0.0,2.0,3.0,1.0,2.0,2.0,8.0,5.0,0.0,2.0,3.0,2.0,2.0,0.0,0.0,5.0,2.0,2.0,2.0,2.0,1.0,1.0,0.0,0.0,1.0,0.0,0.0,2.0,2.0,18.0,6.0,0.0,20.0,18.0,18.0,8.0,22.0
CHEMBL179242,Inhibition,36.0,13.0,8.0,3.0,0.0,0.0,0.0,20.0,8.0,3.0,0.0,0.0,0.0,0.0,2.0,1.0,0.0,0.0,0.0,21.0,11.0,3.0,0.0,0.0,0.0,0.0,0.0,1.0,17.0,8.0,3.0,0.0,0.0,0.0,1.0,2.0,0.0,0.0,14.0,7.0,5.0,0.0,0.0,0.0,0.0,1.0,0.0,0.0,0.0,12.0,5.0,6.0,0.0,0.0,0.0,0.0,0.0,0.0,13.0,1.0,2.0,0.0,0.0,0.0,0.0,0.0,1.0,0.0,0.0,8.0,0.0,3.0,0.0,0.0,0.0,0.0,0.0,0.0,0.0,0.0,2.0,0.0,3.0,0.0,0.0,0.0,0.0,0.0,0.0,0.0,1.0,0.0,0.0,0.0,0.0,0.0,0.0,0.0,4.0,0.0,2.0,0.0,2.0,0.0,1.0,0.0,2.0,0.0,0.0,0.0,0.0,0.0,1.0,1.0,7.0,1.0,3.0,0.0,0.0,1.0,1.0,0.0,0.0,0.0,0.0,0.0,0.0,0.0,0.0,0.0,0.0,0.0,0.0,0.0,0.0,0.0,0.0,0.0,2.0,2.0,1.0,4.0,0.0,0.0,0.0,1.0,1.0,2.0,2.0,4.0,3.0,0.0,0.0,0.0,4.0,2.0,0.0,0.0,2.0,0.0,0.0,2.0,2.0,0.0,1.0,0.0,0.0,0.0,1.0,0.0,0.0,0.0,6.0,4.0,1.0,11.0,13.0,13.0,1.0,11.0
CHEMBL519658,Inhibition,0.0,15.0,17.0,1.0,0.0,0.0,0.0,24.0,13.0,1.0,0.0,0.0,0.0,0.0,5.0,1.0,0.0,0.0,0.0,19.0,17.0,3.0,0.0,0.0,0.0,0.0,1.0,1.0,18.0,16.0,4.0,0.0,0.0,0.0,3.0,0.0,0.0,0.0,24.0,12.0,1.0,0.0,0.0,0.0,2.0,2.0,0.0,0.0,0.0,18.0,17.0,2.0,0.0,0.0,0.0,1.0,1.0,0.0,20.0,10.0,3.0,0.0,0.0,0.0,0.0,2.0,1.0,0.0,0.0,17.0,13.0,2.0,0.0,0.0,0.0,0.0,1.0,0.0,0.0,0.0,20.0,5.0,2.0,0.0,0.0,0.0,3.0,0.0,12.0,12.0,2.0,0.0,0.0,0.0,0.0,0.0,0.0,1.0,6.0,1.0,4.0,2.0,0.0,0.0,0.0,1.0,0.0,1.0,1.0,0.0,1.0,0.0,2.0,0.0,9.0,1.0,6.0,1.0,0.0,0.0,1.0,4.0,0.0,0.0,1.0,1.0,0.0,2.0,1.0,0.0,0.0,0.0,2.0,2.0,0.0,4.0,2.0,0.0,5.0,2.0,1.0,7.0,1.0,1.0,1.0,3.0,0.0,0.0,0.0,5.0,4.0,1.0,2.0,0.0,0.0,0.0,0.0,0.0,3.0,1.0,1.0,0.0,1.0,0.0,3.0,0.0,0.0,0.0,1.0,0.0,3.0,4.0,17.0,5.0,0.0,18.0,13.0,13.0,9.0,19.0
CHEMBL484521,Inhibition,0.0,16.0,12.0,3.0,0.0,0.0,1.0,23.0,13.0,2.0,0.0,0.0,0.0,2.0,3.0,1.0,0.0,0.0,0.0,22.0,12.0,4.0,0.0,0.0,0.0,2.0,1.0,2.0,19.0,12.0,9.0,0.0,0.0,1.0,3.0,0.0,0.0,1.0,25.0,12.0,2.0,0.0,0.0,1.0,1.0,1.0,0.0,0.0,1.0,19.0,15.0,4.0,0.0,0.0,1.0,0.0,1.0,0.0,17.0,8.0,3.0,0.0,0.0,0.0,2.0,2.0,2.0,0.0,0.0,19.0,7.0,2.0,0.0,0.0,0.0,0.0,1.0,0.0,2.0,0.0,11.0,9.0,4.0,0.0,0.0,2.0,0.0,0.0,12.0,2.0,2.0,0.0,3.0,0.0,2.0,0.0,0.0,2.0,7.0,3.0,4.0,2.0,0.0,0.0,0.0,0.0,1.0,1.0,1.0,0.0,1.0,0.0,2.0,1.0,11.0,1.0,8.0,1.0,0.0,0.0,1.0,6.0,0.0,0.0,2.0,1.0,0.0,4.0,2.0,0.0,0.0,0.0,3.0,3.0,1.0,5.0,2.0,1.0,7.0,4.0,5.0,11.0,3.0,3.0,3.0,7.0,2.0,1.0,1.0,5.0,4.0,3.0,2.0,0.0,2.0,2.0,0.0,0.0,3.0,1.0,1.0,1.0,2.0,0.0,4.0,0.0,0.0,0.0,1.0,0.0,2.0,2.0,12.0,4.0,0.0,15.0,16.0,16.0,7.0,16.0
CHEMBL508307,Inhibition,91.0,26.0,16.0,3.0,0.0,1.0,2.0,35.0,16.0,3.0,0.0,2.0,2.0,4.0,4.0,3.0,0.0,0.0,0.0,34.0,18.0,8.0,0.0,0.0,2.0,2.0,1.0,0.0,26.0,16.0,10.0,0.0,2.0,4.0,2.0,0.0,0.0,0.0,30.0,16.0,5.0,0.0,2.0,3.0,0.0,2.0,1.0,1.0,0.0,34.0,12.0,4.0,0.0,3.0,5.0,1.0,1.0,0.0,28.0,13.0,3.0,0.0,3.0,2.0,5.0,1.0,1.0,0.0,0.0,23.0,13.0,3.0,0.0,3.0,4.0,1.0,1.0,0.0,0.0,0.0,23.0,11.0,4.0,0.0,1.0,1.0,2.0,2.0,22.0,10.0,4.0,2.0,3.0,3.0,2.0,0.0,0.0,0.0,5.0,0.0,2.0,0.0,0.0,0.0,2.0,0.0,0.0,1.0,3.0,1.0,3.0,1.0,2.0,0.0,9.0,3.0,4.0,2.0,0.0,0.0,2.0,0.0,0.0,0.0,0.0,0.0,1.0,0.0,0.0,0.0,0.0,0.0,0.0,0.0,0.0,0.0,0.0,0.0,6.0,6.0,6.0,12.0,4.0,0.0,4.0,6.0,0.0,0.0,0.0,7.0,6.0,0.0,4.0,1.0,0.0,0.0,0.0,1.0,5.0,3.0,2.0,0.0,3.0,1.0,1.0,0.0,0.0,0.0,3.0,2.0,2.0,2.0,24.0,4.0,2.0,19.0,15.0,15.0,11.0,30.0
CHEMBL3798176,Inhibition,84.9,21.0,14.0,3.0,0.0,4.0,5.0,28.0,15.0,4.0,0.0,5.0,2.0,7.0,3.0,2.0,3.0,3.0,3.0,30.0,12.0,6.0,0.0,8.0,3.0,11.0,3.0,0.0,21.0,20.0,6.0,0.0,8.0,9.0,1.0,1.0,1.0,1.0,26.0,13.0,4.0,0.0,6.0,6.0,2.0,3.0,3.0,4.0,0.0,26.0,14.0,6.0,0.0,5.0,6.0,1.0,1.0,0.0,23.0,17.0,1.0,0.0,2.0,0.0,2.0,0.0,1.0,4.0,5.0,24.0,13.0,2.0,0.0,5.0,6.0,0.0,1.0,2.0,2.0,0.0,21.0,8.0,6.0,0.0,10.0,12.0,1.0,0.0,15.0,6.0,6.0,9.0,11.0,2.0,0.0,0.0,0.0,0.0,4.0,0.0,1.0,0.0,0.0,0.0,3.0,0.0,0.0,2.0,1.0,0.0,0.0,4.0,1.0,1.0,8.0,0.0,3.0,0.0,0.0,0.0,0.0,0.0,0.0,0.0,0.0,0.0,0.0,0.0,0.0,0.0,0.0,0.0,0.0,0.0,0.0,0.0,0.0,0.0,3.0,3.0,3.0,6.0,0.0,0.0,0.0,3.0,0.0,0.0,0.0,4.0,3.0,0.0,0.0,1.0,0.0,1.0,0.0,4.0,3.0,0.0,0.0,0.0,2.0,2.0,0.0,3.0,0.0,1.0,0.0,0.0,3.0,4.0,23.0,4.0,2.0,17.0,10.0,10.0,11.0,24.0
CHEMBL3416150,Inhibition,98.7,17.0,6.0,2.0,0.0,1.0,1.0,24.0,7.0,3.0,0.0,2.0,0.0,2.0,1.0,0.0,0.0,0.0,0.0,23.0,8.0,2.0,0.0,3.0,0.0,3.0,0.0,0.0,20.0,9.0,2.0,0.0,1.0,1.0,0.0,0.0,1.0,1.0,17.0,8.0,0.0,0.0,1.0,1.0,0.0,2.0,0.0,0.0,0.0,13.0,7.0,2.0,0.0,1.0,1.0,1.0,0.0,0.0,13.0,2.0,1.0,0.0,2.0,0.0,2.0,1.0,0.0,1.0,1.0,8.0,2.0,2.0,0.0,2.0,2.0,0.0,0.0,0.0,0.0,0.0,8.0,1.0,2.0,0.0,1.0,1.0,0.0,0.0,6.0,1.0,2.0,1.0,1.0,0.0,0.0,0.0,0.0,0.0,0.0,0.0,0.0,0.0,0.0,0.0,0.0,0.0,0.0,0.0,0.0,0.0,0.0,1.0,0.0,0.0,1.0,0.0,0.0,0.0,0.0,0.0,0.0,0.0,0.0,0.0,0.0,0.0,0.0,0.0,0.0,0.0,0.0,0.0,0.0,0.0,0.0,0.0,0.0,0.0,0.0,0.0,0.0,0.0,0.0,0.0,0.0,0.0,0.0,0.0,0.0,0.0,0.0,0.0,0.0,0.0,0.0,0.0,0.0,1.0,1.0,0.0,0.0,0.0,0.0,0.0,0.0,0.0,0.0,0.0,0.0,0.0,1.0,3.0,20.0,3.0,0.0,8.0,0.0,0.0,0.0,18.0
CHEMBL3416153,Inhibition,99.3,16.0,5.0,2.0,0.0,1.0,1.0,22.0,6.0,3.0,0.0,2.0,0.0,2.0,1.0,0.0,0.0,0.0,0.0,21.0,6.0,2.0,0.0,2.0,0.0,2.0,0.0,0.0,18.0,7.0,2.0,0.0,1.0,1.0,0.0,0.0,0.0,0.0,16.0,5.0,0.0,0.0,1.0,1.0,0.0,2.0,0.0,0.0,0.0,11.0,5.0,2.0,0.0,1.0,1.0,0.0,0.0,0.0,11.0,0.0,1.0,0.0,2.0,0.0,2.0,0.0,0.0,1.0,1.0,7.0,0.0,2.0,0.0,2.0,2.0,0.0,0.0,0.0,0.0,0.0,7.0,0.0,2.0,0.0,1.0,1.0,0.0,0.0,5.0,0.0,1.0,1.0,1.0,0.0,0.0,0.0,0.0,0.0,0.0,0.0,0.0,0.0,0.0,0.0,0.0,0.0,0.0,0.0,0.0,0.0,0.0,1.0,0.0,0.0,0.0,0.0,0.0,0.0,0.0,0.0,0.0,0.0,0.0,0.0,0.0,0.0,0.0,0.0,0.0,0.0,0.0,0.0,0.0,0.0,0.0,0.0,0.0,0.0,0.0,0.0,0.0,0.0,0.0,0.0,0.0,0.0,0.0,0.0,0.0,0.0,0.0,0.0,0.0,0.0,0.0,0.0,0.0,1.0,0.0,0.0,0.0,0.0,0.0,0.0,0.0,0.0,0.0,0.0,0.0,0.0,1.0,3.0,20.0,3.0,0.0,7.0,0.0,0.0,0.0,18.0
CHEMBL1940997,Inhibition,0.0,19.0,4.0,16.0,0.0,0.0,0.0,21.0,5.0,20.0,0.0,0.0,0.0,0.0,0.0,3.0,0.0,0.0,0.0,26.0,6.0,17.0,0.0,0.0,0.0,0.0,0.0,1.0,24.0,7.0,26.0,0.0,0.0,0.0,0.0,1.0,0.0,0.0,27.0,2.0,27.0,0.0,0.0,0.0,1.0,4.0,0.0,0.0,9.0,27.0,5.0,27.0,0.0,0.0,0.0,0.0,1.0,7.0,24.0,5.0,24.0,0.0,0.0,0.0,0.0,0.0,4.0,0.0,0.0,20.0,4.0,22.0,0.0,0.0,0.0,0.0,1.0,0.0,0.0,5.0,16.0,5.0,18.0,0.0,0.0,0.0,0.0,1.0,17.0,2.0,12.0,0.0,0.0,0.0,3.0,0.0,0.0,5.0,4.0,1.0,2.0,1.0,0.0,0.0,0.0,0.0,1.0,4.0,1.0,1.0,6.0,0.0,1.0,5.0,19.0,6.0,12.0,1.0,0.0,0.0,5.0,6.0,0.0,0.0,0.0,1.0,0.0,4.0,2.0,1.0,0.0,0.0,1.0,3.0,6.0,3.0,0.0,8.0,3.0,0.0,0.0,3.0,1.0,1.0,2.0,1.0,1.0,14.0,14.0,4.0,2.0,0.0,2.0,0.0,1.0,10.0,0.0,0.0,2.0,2.0,0.0,1.0,11.0,4.0,2.0,0.0,0.0,0.0,6.0,2.0,0.0,0.0,6.0,3.0,3.0,20.0,21.0,21.0,15.0,19.0
CHEMBL4529164,Inhibition,32.0,20.0,10.0,2.0,1.0,0.0,0.0,26.0,15.0,4.0,2.0,0.0,0.0,0.0,0.0,4.0,0.0,0.0,0.0,30.0,11.0,10.0,2.0,0.0,0.0,0.0,1.0,0.0,24.0,12.0,11.0,2.0,0.0,0.0,1.0,1.0,0.0,0.0,24.0,10.0,8.0,2.0,0.0,0.0,2.0,2.0,0.0,0.0,0.0,25.0,10.0,10.0,2.0,0.0,0.0,0.0,1.0,0.0,23.0,10.0,10.0,1.0,0.0,0.0,0.0,2.0,2.0,0.0,0.0,23.0,9.0,5.0,1.0,0.0,0.0,1.0,2.0,0.0,0.0,3.0,16.0,9.0,6.0,3.0,0.0,0.0,0.0,2.0,12.0,5.0,8.0,0.0,0.0,1.0,1.0,0.0,0.0,0.0,5.0,0.0,1.0,0.0,0.0,1.0,3.0,0.0,0.0,5.0,3.0,2.0,2.0,0.0,1.0,0.0,14.0,2.0,5.0,1.0,0.0,1.0,1.0,0.0,0.0,0.0,0.0,0.0,1.0,0.0,0.0,0.0,0.0,0.0,0.0,0.0,0.0,0.0,0.0,0.0,5.0,3.0,3.0,7.0,0.0,0.0,1.0,3.0,0.0,0.0,0.0,6.0,4.0,0.0,1.0,1.0,0.0,0.0,0.0,0.0,4.0,2.0,1.0,0.0,4.0,5.0,0.0,0.0,0.0,1.0,2.0,4.0,0.0,1.0,11.0,2.0,7.0,13.0,19.0,19.0,11.0,20.0
CHEMBL4167749,Inhibition,42.0,21.0,10.0,1.0,0.0,0.0,0.0,29.0,10.0,1.0,0.0,0.0,0.0,0.0,3.0,1.0,0.0,0.0,0.0,26.0,17.0,2.0,0.0,0.0,0.0,0.0,0.0,0.0,26.0,12.0,2.0,0.0,0.0,0.0,3.0,0.0,0.0,0.0,25.0,14.0,2.0,0.0,0.0,0.0,0.0,0.0,0.0,0.0,0.0,23.0,15.0,1.0,0.0,0.0,0.0,0.0,0.0,0.0,23.0,10.0,1.0,0.0,0.0,0.0,0.0,1.0,0.0,0.0,0.0,22.0,5.0,2.0,0.0,0.0,0.0,3.0,0.0,0.0,0.0,0.0,16.0,8.0,2.0,0.0,0.0,0.0,0.0,1.0,12.0,6.0,0.0,0.0,0.0,0.0,3.0,0.0,0.0,1.0,1.0,0.0,0.0,0.0,0.0,0.0,0.0,0.0,0.0,2.0,2.0,1.0,1.0,0.0,0.0,0.0,5.0,1.0,3.0,1.0,0.0,0.0,1.0,1.0,0.0,0.0,0.0,1.0,1.0,0.0,0.0,0.0,0.0,0.0,0.0,0.0,0.0,1.0,0.0,0.0,2.0,0.0,0.0,0.0,0.0,0.0,0.0,0.0,0.0,0.0,0.0,2.0,0.0,0.0,0.0,1.0,0.0,0.0,0.0,0.0,2.0,1.0,0.0,0.0,1.0,2.0,1.0,0.0,0.0,0.0,1.0,0.0,2.0,3.0,21.0,3.0,0.0,11.0,10.0,10.0,6.0,23.0
CHEMBL1644620,Inhibition,32.0,20.0,9.0,3.0,0.0,0.0,0.0,28.0,11.0,2.0,0.0,0.0,0.0,0.0,3.0,2.0,0.0,0.0,0.0,27.0,15.0,3.0,0.0,0.0,0.0,0.0,0.0,1.0,22.0,17.0,3.0,0.0,0.0,0.0,0.0,1.0,0.0,0.0,24.0,10.0,5.0,0.0,0.0,0.0,4.0,0.0,0.0,0.0,0.0,22.0,11.0,5.0,0.0,0.0,0.0,2.0,1.0,0.0,18.0,13.0,4.0,0.0,0.0,0.0,0.0,0.0,2.0,0.0,0.0,15.0,12.0,4.0,0.0,0.0,0.0,0.0,0.0,0.0,0.0,0.0,16.0,6.0,2.0,0.0,0.0,0.0,0.0,2.0,12.0,4.0,4.0,0.0,0.0,0.0,1.0,0.0,0.0,1.0,4.0,2.0,2.0,0.0,2.0,0.0,0.0,0.0,2.0,0.0,4.0,0.0,0.0,0.0,1.0,1.0,7.0,1.0,4.0,0.0,0.0,0.0,0.0,3.0,0.0,0.0,2.0,0.0,0.0,2.0,1.0,0.0,0.0,0.0,0.0,0.0,2.0,2.0,0.0,2.0,2.0,0.0,0.0,0.0,0.0,0.0,0.0,0.0,0.0,2.0,2.0,3.0,1.0,0.0,1.0,2.0,0.0,2.0,0.0,0.0,4.0,1.0,0.0,0.0,2.0,0.0,2.0,0.0,0.0,0.0,1.0,0.0,1.0,1.0,16.0,5.0,3.0,12.0,11.0,11.0,4.0,19.0
CHEMBL3319468,Inhibition,1.6,20.0,4.0,10.0,0.0,0.0,0.0,33.0,4.0,10.0,0.0,0.0,0.0,0.0,1.0,0.0,0.0,0.0,0.0,35.0,7.0,10.0,0.0,0.0,0.0,0.0,0.0,0.0,32.0,6.0,14.0,0.0,0.0,0.0,0.0,0.0,0.0,0.0,30.0,7.0,10.0,0.0,0.0,0.0,0.0,0.0,0.0,0.0,0.0,26.0,6.0,8.0,0.0,0.0,0.0,0.0,3.0,0.0,23.0,6.0,8.0,0.0,0.0,0.0,0.0,0.0,3.0,0.0,0.0,20.0,4.0,9.0,0.0,0.0,0.0,0.0,3.0,0.0,0.0,0.0,17.0,3.0,10.0,0.0,0.0,0.0,0.0,1.0,14.0,1.0,10.0,0.0,0.0,0.0,0.0,0.0,0.0,0.0,0.0,0.0,0.0,0.0,0.0,0.0,0.0,0.0,0.0,5.0,0.0,0.0,0.0,0.0,0.0,5.0,5.0,0.0,0.0,0.0,0.0,0.0,0.0,0.0,0.0,0.0,0.0,0.0,0.0,0.0,0.0,0.0,0.0,0.0,0.0,0.0,0.0,0.0,0.0,0.0,0.0,0.0,0.0,0.0,0.0,0.0,0.0,0.0,0.0,0.0,0.0,0.0,0.0,0.0,0.0,0.0,0.0,5.0,5.0,0.0,0.0,0.0,0.0,0.0,5.0,0.0,0.0,0.0,5.0,0.0,0.0,0.0,1.0,2.0,21.0,2.0,0.0,14.0,7.0,7.0,5.0,20.0
CHEMBL3319470,Inhibition,18.0,20.0,5.0,6.0,0.0,0.0,0.0,31.0,6.0,6.0,0.0,0.0,0.0,0.0,1.0,0.0,0.0,0.0,0.0,31.0,9.0,6.0,0.0,0.0,0.0,0.0,0.0,1.0,28.0,9.0,6.0,0.0,0.0,0.0,0.0,0.0,0.0,0.0,24.0,9.0,4.0,0.0,0.0,0.0,0.0,0.0,0.0,0.0,0.0,21.0,7.0,6.0,0.0,0.0,0.0,1.0,1.0,0.0,21.0,6.0,4.0,0.0,0.0,0.0,0.0,0.0,3.0,0.0,0.0,16.0,6.0,5.0,0.0,0.0,0.0,1.0,1.0,0.0,0.0,0.0,13.0,3.0,6.0,0.0,0.0,0.0,0.0,1.0,10.0,3.0,6.0,0.0,0.0,0.0,0.0,0.0,0.0,0.0,0.0,0.0,0.0,0.0,0.0,0.0,0.0,0.0,0.0,3.0,0.0,0.0,0.0,0.0,0.0,3.0,3.0,0.0,0.0,0.0,0.0,0.0,0.0,0.0,0.0,0.0,0.0,0.0,0.0,0.0,0.0,0.0,0.0,0.0,0.0,0.0,0.0,0.0,0.0,0.0,0.0,0.0,0.0,0.0,0.0,0.0,0.0,0.0,0.0,0.0,0.0,0.0,0.0,0.0,0.0,0.0,0.0,3.0,3.0,0.0,1.0,0.0,0.0,0.0,3.0,0.0,0.0,0.0,3.0,0.0,0.0,0.0,1.0,2.0,21.0,2.0,0.0,11.0,6.0,6.0,3.0,20.0
CHEMBL1257653,Inhibition,27.0,19.0,7.0,2.0,2.0,0.0,0.0,26.0,13.0,8.0,2.0,0.0,0.0,0.0,1.0,0.0,0.0,0.0,0.0,26.0,12.0,9.0,2.0,0.0,0.0,0.0,1.0,0.0,24.0,12.0,6.0,1.0,0.0,0.0,0.0,3.0,0.0,0.0,25.0,9.0,5.0,0.0,0.0,0.0,2.0,0.0,0.0,0.0,0.0,22.0,15.0,4.0,1.0,0.0,0.0,0.0,0.0,2.0,22.0,12.0,3.0,2.0,0.0,0.0,0.0,2.0,2.0,0.0,0.0,18.0,10.0,4.0,3.0,0.0,0.0,2.0,0.0,0.0,0.0,0.0,14.0,4.0,6.0,1.0,0.0,0.0,0.0,0.0,6.0,7.0,2.0,0.0,0.0,0.0,6.0,0.0,0.0,0.0,0.0,0.0,0.0,0.0,0.0,0.0,0.0,0.0,0.0,2.0,0.0,0.0,0.0,0.0,0.0,1.0,2.0,0.0,0.0,0.0,0.0,0.0,0.0,0.0,0.0,0.0,0.0,0.0,0.0,0.0,0.0,0.0,0.0,0.0,0.0,0.0,0.0,0.0,0.0,0.0,0.0,0.0,0.0,0.0,0.0,0.0,0.0,0.0,0.0,0.0,0.0,0.0,0.0,0.0,0.0,0.0,0.0,0.0,0.0,0.0,0.0,0.0,0.0,0.0,3.0,0.0,0.0,0.0,0.0,0.0,0.0,0.0,3.0,5.0,24.0,5.0,4.0,11.0,4.0,4.0,3.0,22.0
CHEMBL3319457,Inhibition,25.0,20.0,5.0,6.0,0.0,0.0,0.0,31.0,6.0,6.0,0.0,0.0,0.0,0.0,1.0,0.0,0.0,0.0,0.0,31.0,9.0,6.0,0.0,0.0,0.0,0.0,0.0,0.0,28.0,8.0,9.0,0.0,0.0,0.0,0.0,0.0,0.0,0.0,26.0,9.0,7.0,0.0,0.0,0.0,0.0,0.0,0.0,0.0,0.0,23.0,7.0,6.0,0.0,0.0,0.0,1.0,2.0,0.0,21.0,7.0,4.0,0.0,0.0,0.0,0.0,0.0,3.0,0.0,0.0,16.0,6.0,5.0,0.0,0.0,0.0,1.0,1.0,0.0,0.0,0.0,13.0,3.0,6.0,0.0,0.0,0.0,0.0,0.0,10.0,2.0,6.0,0.0,0.0,0.0,0.0,0.0,0.0,0.0,0.0,0.0,0.0,0.0,0.0,0.0,0.0,0.0,0.0,3.0,0.0,0.0,0.0,0.0,0.0,3.0,3.0,0.0,0.0,0.0,0.0,0.0,0.0,0.0,0.0,0.0,0.0,0.0,0.0,0.0,0.0,0.0,0.0,0.0,0.0,0.0,0.0,0.0,0.0,0.0,0.0,0.0,0.0,0.0,0.0,0.0,0.0,0.0,0.0,0.0,0.0,0.0,0.0,0.0,0.0,0.0,0.0,3.0,3.0,0.0,1.0,0.0,0.0,0.0,3.0,0.0,0.0,0.0,3.0,0.0,0.0,0.0,1.0,2.0,21.0,2.0,0.0,11.0,6.0,6.0,3.0,20.0
CHEMBL1940993,Inhibition,0.0,24.0,2.0,28.0,0.0,0.0,0.0,27.0,3.0,36.0,0.0,0.0,0.0,0.0,0.0,2.0,0.0,0.0,0.0,38.0,4.0,28.0,0.0,0.0,0.0,0.0,0.0,1.0,37.0,5.0,48.0,0.0,0.0,0.0,0.0,1.0,0.0,0.0,44.0,2.0,53.0,0.0,0.0,0.0,0.0,3.0,0.0,0.0,20.0,52.0,3.0,58.0,0.0,0.0,0.0,0.0,1.0,16.0,52.0,2.0,64.0,0.0,0.0,0.0,0.0,0.0,2.0,0.0,0.0,52.0,2.0,58.0,0.0,0.0,0.0,0.0,1.0,0.0,0.0,18.0,49.0,3.0,57.0,0.0,0.0,0.0,0.0,1.0,41.0,2.0,50.0,0.0,0.0,0.0,3.0,0.0,0.0,10.0,2.0,2.0,0.0,0.0,0.0,0.0,0.0,0.0,2.0,7.0,0.0,0.0,8.0,0.0,1.0,10.0,27.0,8.0,17.0,0.0,0.0,0.0,7.0,8.0,0.0,0.0,0.0,0.0,0.0,6.0,4.0,2.0,0.0,0.0,1.0,1.0,13.0,1.0,0.0,17.0,1.0,0.0,0.0,1.0,0.0,0.0,1.0,0.0,0.0,28.0,28.0,2.0,1.0,0.0,1.0,0.0,1.0,20.0,0.0,0.0,1.0,1.0,0.0,1.0,18.0,7.0,0.0,0.0,0.0,0.0,8.0,2.0,0.0,0.0,6.0,4.0,3.0,30.0,31.0,31.0,19.0,25.0
CHEMBL3416143,Inhibition,67.1,9.0,5.0,2.0,0.0,0.0,0.0,13.0,5.0,3.0,0.0,0.0,0.0,0.0,1.0,0.0,0.0,0.0,0.0,12.0,3.0,2.0,0.0,0.0,0.0,0.0,0.0,0.0,9.0,3.0,2.0,0.0,0.0,0.0,0.0,0.0,0.0,0.0,6.0,2.0,0.0,0.0,0.0,0.0,0.0,2.0,0.0,0.0,0.0,2.0,4.0,2.0,0.0,0.0,0.0,0.0,0.0,0.0,4.0,0.0,0.0,0.0,0.0,0.0,0.0,0.0,0.0,0.0,0.0,0.0,0.0,0.0,0.0,0.0,0.0,0.0,0.0,0.0,0.0,0.0,0.0,0.0,0.0,0.0,0.0,0.0,0.0,0.0,0.0,0.0,0.0,0.0,0.0,0.0,0.0,0.0,0.0,0.0,0.0,0.0,0.0,0.0,0.0,0.0,0.0,0.0,0.0,0.0,0.0,0.0,0.0,0.0,0.0,0.0,0.0,0.0,0.0,0.0,0.0,0.0,0.0,0.0,0.0,0.0,0.0,0.0,0.0,0.0,0.0,0.0,0.0,0.0,0.0,0.0,0.0,0.0,0.0,0.0,0.0,0.0,0.0,0.0,0.0,0.0,0.0,0.0,0.0,0.0,0.0,0.0,0.0,0.0,0.0,0.0,0.0,0.0,0.0,0.0,0.0,0.0,0.0,0.0,0.0,0.0,0.0,0.0,0.0,0.0,0.0,0.0,1.0,3.0,14.0,3.0,0.0,7.0,0.0,0.0,0.0,12.0
CHEMBL3416154,Inhibition,94.1,20.0,6.0,0.0,0.0,1.0,1.0,28.0,7.0,0.0,0.0,2.0,0.0,2.0,1.0,0.0,0.0,0.0,0.0,28.0,8.0,0.0,0.0,3.0,0.0,3.0,0.0,0.0,23.0,9.0,0.0,0.0,1.0,1.0,0.0,0.0,1.0,1.0,19.0,10.0,0.0,0.0,1.0,1.0,0.0,0.0,0.0,0.0,0.0,17.0,7.0,0.0,0.0,1.0,1.0,1.0,0.0,0.0,14.0,4.0,0.0,0.0,2.0,0.0,2.0,1.0,0.0,1.0,1.0,12.0,2.0,0.0,0.0,2.0,2.0,0.0,0.0,0.0,0.0,0.0,11.0,1.0,0.0,0.0,1.0,1.0,0.0,0.0,10.0,1.0,0.0,1.0,1.0,0.0,0.0,0.0,0.0,0.0,0.0,0.0,0.0,0.0,0.0,0.0,0.0,0.0,0.0,0.0,0.0,0.0,0.0,1.0,0.0,0.0,1.0,0.0,0.0,0.0,0.0,0.0,0.0,0.0,0.0,0.0,0.0,0.0,0.0,0.0,0.0,0.0,0.0,0.0,0.0,0.0,0.0,0.0,0.0,0.0,0.0,0.0,0.0,0.0,0.0,0.0,0.0,0.0,0.0,0.0,0.0,0.0,0.0,0.0,0.0,0.0,0.0,0.0,0.0,1.0,1.0,0.0,0.0,0.0,0.0,0.0,0.0,0.0,0.0,0.0,0.0,0.0,1.0,2.0,21.0,2.0,0.0,6.0,0.0,0.0,0.0,20.0
CHEMBL3593673,Inhibition,30.5,22.0,10.0,2.0,0.0,0.0,0.0,30.0,11.0,3.0,0.0,0.0,0.0,0.0,3.0,2.0,0.0,0.0,0.0,26.0,14.0,5.0,0.0,0.0,0.0,0.0,0.0,1.0,21.0,15.0,4.0,0.0,0.0,0.0,1.0,1.0,0.0,0.0,19.0,12.0,3.0,0.0,0.0,0.0,0.0,1.0,0.0,0.0,1.0,21.0,8.0,3.0,0.0,0.0,0.0,1.0,0.0,0.0,17.0,8.0,6.0,0.0,0.0,0.0,0.0,1.0,0.0,0.0,0.0,18.0,5.0,3.0,0.0,0.0,0.0,1.0,1.0,0.0,0.0,0.0,18.0,5.0,2.0,0.0,0.0,0.0,1.0,1.0,14.0,6.0,3.0,0.0,0.0,1.0,0.0,0.0,0.0,1.0,1.0,0.0,0.0,0.0,0.0,0.0,0.0,0.0,0.0,3.0,1.0,0.0,0.0,0.0,0.0,0.0,8.0,0.0,6.0,0.0,2.0,0.0,0.0,4.0,0.0,0.0,0.0,0.0,0.0,0.0,0.0,0.0,0.0,0.0,0.0,0.0,0.0,0.0,0.0,0.0,0.0,0.0,0.0,0.0,0.0,0.0,0.0,0.0,0.0,0.0,0.0,1.0,0.0,0.0,0.0,1.0,0.0,1.0,0.0,0.0,2.0,0.0,0.0,0.0,1.0,3.0,1.0,0.0,0.0,0.0,0.0,0.0,2.0,4.0,20.0,4.0,2.0,12.0,10.0,10.0,5.0,23.0
CHEMBL3593664,Inhibition,57.4,18.0,10.0,4.0,0.0,0.0,0.0,27.0,11.0,5.0,0.0,0.0,0.0,0.0,3.0,2.0,0.0,0.0,0.0,23.0,13.0,7.0,0.0,0.0,0.0,0.0,0.0,1.0,19.0,13.0,4.0,0.0,0.0,0.0,1.0,3.0,0.0,0.0,14.0,13.0,5.0,0.0,0.0,0.0,0.0,1.0,0.0,0.0,1.0,20.0,6.0,4.0,0.0,0.0,0.0,1.0,0.0,0.0,14.0,8.0,8.0,0.0,0.0,0.0,0.0,1.0,0.0,0.0,0.0,14.0,5.0,5.0,0.0,0.0,0.0,1.0,1.0,0.0,0.0,0.0,15.0,5.0,3.0,0.0,0.0,0.0,1.0,1.0,13.0,5.0,3.0,0.0,0.0,1.0,1.0,0.0,0.0,0.0,0.0,0.0,0.0,0.0,0.0,0.0,0.0,0.0,0.0,4.0,1.0,0.0,0.0,0.0,0.0,1.0,6.0,0.0,3.0,0.0,1.0,0.0,0.0,3.0,0.0,0.0,0.0,0.0,0.0,0.0,0.0,0.0,0.0,0.0,0.0,0.0,0.0,0.0,0.0,0.0,0.0,0.0,0.0,0.0,0.0,0.0,0.0,0.0,0.0,0.0,0.0,1.0,0.0,0.0,0.0,1.0,0.0,2.0,0.0,0.0,2.0,0.0,0.0,0.0,2.0,3.0,0.0,0.0,1.0,0.0,0.0,0.0,2.0,4.0,20.0,4.0,2.0,14.0,7.0,7.0,5.0,20.0
CHEMBL3593322,Inhibition,13.6,19.0,10.0,2.0,0.0,0.0,0.0,28.0,11.0,3.0,0.0,0.0,0.0,0.0,3.0,2.0,0.0,0.0,0.0,22.0,15.0,5.0,0.0,0.0,0.0,0.0,0.0,1.0,20.0,13.0,4.0,0.0,0.0,0.0,1.0,1.0,0.0,0.0,15.0,11.0,3.0,0.0,0.0,0.0,0.0,1.0,0.0,0.0,1.0,20.0,6.0,3.0,0.0,0.0,0.0,1.0,0.0,0.0,15.0,8.0,6.0,0.0,0.0,0.0,0.0,1.0,0.0,0.0,0.0,13.0,5.0,3.0,0.0,0.0,0.0,1.0,1.0,0.0,0.0,0.0,13.0,6.0,2.0,0.0,0.0,0.0,1.0,1.0,13.0,5.0,3.0,0.0,0.0,1.0,0.0,0.0,0.0,0.0,0.0,0.0,0.0,0.0,0.0,0.0,0.0,0.0,0.0,4.0,1.0,0.0,0.0,0.0,0.0,0.0,6.0,0.0,3.0,0.0,1.0,0.0,0.0,3.0,0.0,0.0,0.0,0.0,0.0,0.0,0.0,0.0,0.0,0.0,0.0,0.0,0.0,0.0,0.0,0.0,0.0,0.0,0.0,0.0,0.0,0.0,0.0,0.0,0.0,0.0,0.0,1.0,0.0,0.0,0.0,1.0,0.0,1.0,0.0,0.0,2.0,0.0,0.0,0.0,1.0,4.0,0.0,0.0,0.0,0.0,0.0,0.0,2.0,4.0,20.0,4.0,2.0,12.0,7.0,7.0,4.0,20.0
CHEMBL3593319,Inhibition,14.7,19.0,7.0,2.0,2.0,0.0,0.0,26.0,8.0,3.0,3.0,0.0,0.0,0.0,2.0,2.0,0.0,0.0,0.0,19.0,11.0,5.0,4.0,0.0,0.0,0.0,0.0,1.0,16.0,11.0,4.0,3.0,0.0,0.0,1.0,1.0,0.0,0.0,15.0,9.0,3.0,1.0,0.0,0.0,0.0,1.0,0.0,0.0,1.0,19.0,4.0,3.0,0.0,0.0,0.0,1.0,0.0,0.0,12.0,9.0,6.0,1.0,0.0,0.0,0.0,0.0,0.0,0.0,0.0,13.0,3.0,2.0,0.0,0.0,0.0,1.0,1.0,0.0,0.0,0.0,12.0,6.0,3.0,1.0,0.0,0.0,0.0,0.0,12.0,3.0,3.0,0.0,0.0,1.0,0.0,0.0,0.0,0.0,0.0,0.0,0.0,0.0,0.0,0.0,0.0,0.0,0.0,3.0,1.0,0.0,0.0,0.0,0.0,0.0,5.0,0.0,3.0,0.0,1.0,0.0,0.0,3.0,0.0,0.0,0.0,0.0,0.0,0.0,0.0,0.0,0.0,0.0,0.0,0.0,0.0,0.0,0.0,0.0,0.0,0.0,0.0,0.0,0.0,0.0,0.0,0.0,0.0,0.0,0.0,1.0,0.0,0.0,0.0,1.0,0.0,1.0,0.0,0.0,2.0,0.0,0.0,0.0,1.0,3.0,0.0,0.0,0.0,0.0,0.0,0.0,2.0,4.0,20.0,4.0,2.0,11.0,6.0,6.0,4.0,19.0
CHEMBL3593318,Inhibition,21.8,19.0,7.0,4.0,0.0,0.0,0.0,26.0,8.0,6.0,0.0,0.0,0.0,0.0,2.0,3.0,0.0,0.0,0.0,19.0,11.0,9.0,0.0,0.0,0.0,0.0,0.0,1.0,16.0,11.0,7.0,0.0,0.0,0.0,1.0,1.0,0.0,0.0,15.0,9.0,4.0,0.0,0.0,0.0,0.0,1.0,0.0,0.0,1.0,19.0,4.0,3.0,0.0,0.0,0.0,1.0,1.0,0.0,12.0,9.0,7.0,0.0,0.0,0.0,0.0,0.0,0.0,0.0,0.0,13.0,3.0,2.0,0.0,0.0,0.0,1.0,2.0,0.0,0.0,1.0,12.0,6.0,4.0,0.0,0.0,0.0,0.0,0.0,12.0,3.0,4.0,0.0,0.0,1.0,1.0,0.0,0.0,0.0,0.0,0.0,0.0,0.0,0.0,0.0,0.0,0.0,0.0,3.0,1.0,0.0,0.0,0.0,0.0,0.0,5.0,0.0,3.0,0.0,1.0,0.0,0.0,3.0,0.0,0.0,0.0,0.0,0.0,0.0,0.0,0.0,0.0,0.0,0.0,0.0,0.0,0.0,0.0,0.0,0.0,0.0,0.0,0.0,0.0,0.0,0.0,0.0,0.0,0.0,0.0,1.0,0.0,0.0,0.0,1.0,0.0,1.0,0.0,0.0,2.0,0.0,0.0,0.0,1.0,3.0,0.0,0.0,0.0,0.0,0.0,0.0,2.0,4.0,20.0,4.0,2.0,11.0,6.0,6.0,4.0,19.0
CHEMBL3593315,Inhibition,30.9,17.0,10.0,2.0,0.0,0.0,0.0,23.0,14.0,3.0,0.0,0.0,0.0,0.0,3.0,2.0,0.0,0.0,0.0,19.0,14.0,5.0,0.0,0.0,0.0,0.0,1.0,1.0,16.0,14.0,4.0,0.0,0.0,0.0,1.0,1.0,0.0,0.0,12.0,13.0,3.0,0.0,0.0,0.0,0.0,1.0,0.0,0.0,1.0,16.0,8.0,3.0,0.0,0.0,0.0,1.0,0.0,0.0,12.0,9.0,6.0,0.0,0.0,0.0,0.0,1.0,0.0,0.0,0.0,12.0,4.0,3.0,0.0,0.0,0.0,2.0,1.0,0.0,0.0,0.0,12.0,6.0,2.0,0.0,0.0,0.0,1.0,1.0,12.0,4.0,2.0,0.0,0.0,2.0,1.0,0.0,0.0,0.0,0.0,0.0,0.0,0.0,0.0,0.0,0.0,0.0,0.0,3.0,1.0,0.0,0.0,0.0,0.0,0.0,5.0,0.0,3.0,0.0,1.0,0.0,0.0,3.0,0.0,0.0,0.0,0.0,0.0,0.0,0.0,0.0,0.0,0.0,0.0,0.0,0.0,0.0,0.0,0.0,0.0,0.0,0.0,0.0,0.0,0.0,0.0,0.0,0.0,0.0,0.0,1.0,0.0,0.0,0.0,1.0,0.0,1.0,0.0,0.0,2.0,0.0,0.0,0.0,1.0,3.0,0.0,0.0,0.0,0.0,0.0,0.0,3.0,5.0,20.0,5.0,2.0,12.0,6.0,6.0,4.0,19.0
CHEMBL3416160,Inhibition,91.4,20.0,5.0,2.0,0.0,0.0,0.0,29.0,6.0,2.0,0.0,0.0,0.0,0.0,1.0,0.0,0.0,0.0,0.0,30.0,6.0,2.0,0.0,0.0,0.0,0.0,0.0,0.0,24.0,7.0,1.0,0.0,0.0,0.0,0.0,0.0,0.0,0.0,20.0,7.0,1.0,0.0,0.0,0.0,0.0,0.0,0.0,0.0,0.0,17.0,6.0,2.0,0.0,0.0,0.0,0.0,0.0,0.0,16.0,3.0,2.0,0.0,0.0,0.0,0.0,0.0,0.0,0.0,0.0,15.0,0.0,0.0,0.0,0.0,0.0,0.0,2.0,0.0,0.0,0.0,11.0,2.0,2.0,0.0,0.0,0.0,0.0,0.0,11.0,0.0,1.0,0.0,0.0,0.0,0.0,0.0,0.0,0.0,0.0,0.0,0.0,0.0,0.0,0.0,0.0,0.0,0.0,2.0,0.0,0.0,0.0,0.0,0.0,1.0,2.0,0.0,0.0,0.0,0.0,0.0,0.0,0.0,0.0,0.0,0.0,0.0,0.0,0.0,0.0,0.0,0.0,0.0,0.0,0.0,0.0,0.0,0.0,0.0,0.0,0.0,0.0,0.0,0.0,0.0,0.0,0.0,0.0,0.0,0.0,0.0,0.0,0.0,0.0,0.0,0.0,1.0,1.0,0.0,0.0,0.0,0.0,0.0,1.0,1.0,0.0,0.0,1.0,0.0,0.0,0.0,1.0,2.0,21.0,2.0,0.0,7.0,2.0,2.0,1.0,20.0
CHEMBL3330972,Inhibition,21.0,24.0,6.0,7.0,0.0,0.0,0.0,34.0,6.0,6.0,0.0,0.0,0.0,0.0,1.0,4.0,0.0,0.0,0.0,30.0,9.0,14.0,0.0,0.0,0.0,0.0,0.0,0.0,24.0,8.0,13.0,0.0,0.0,0.0,1.0,1.0,0.0,0.0,20.0,10.0,15.0,0.0,0.0,0.0,0.0,0.0,0.0,0.0,0.0,23.0,6.0,9.0,0.0,0.0,0.0,1.0,3.0,1.0,20.0,8.0,14.0,0.0,0.0,0.0,0.0,0.0,0.0,0.0,0.0,20.0,4.0,6.0,0.0,0.0,0.0,0.0,5.0,0.0,0.0,4.0,15.0,6.0,10.0,0.0,0.0,0.0,0.0,0.0,13.0,6.0,8.0,0.0,0.0,0.0,0.0,0.0,0.0,0.0,0.0,0.0,0.0,0.0,0.0,0.0,0.0,0.0,0.0,1.0,3.0,4.0,4.0,0.0,0.0,1.0,7.0,4.0,1.0,1.0,0.0,1.0,1.0,0.0,0.0,0.0,0.0,0.0,1.0,0.0,0.0,0.0,0.0,0.0,0.0,0.0,0.0,0.0,0.0,0.0,1.0,0.0,0.0,0.0,0.0,0.0,0.0,0.0,0.0,0.0,0.0,4.0,1.0,0.0,2.0,2.0,0.0,2.0,1.0,0.0,3.0,4.0,0.0,0.0,6.0,0.0,0.0,0.0,1.0,0.0,3.0,5.0,0.0,0.0,18.0,1.0,9.0,13.0,9.0,9.0,8.0,27.0
CHEMBL1241462,Inhibition,0.0,12.0,6.0,0.0,0.0,0.0,0.0,15.0,10.0,0.0,0.0,0.0,0.0,0.0,0.0,0.0,0.0,0.0,0.0,14.0,8.0,0.0,0.0,0.0,0.0,0.0,0.0,0.0,9.0,10.0,0.0,0.0,0.0,0.0,0.0,0.0,0.0,0.0,8.0,6.0,0.0,0.0,0.0,0.0,2.0,0.0,0.0,0.0,0.0,8.0,2.0,0.0,0.0,0.0,0.0,2.0,0.0,0.0,8.0,2.0,0.0,0.0,0.0,0.0,0.0,0.0,0.0,0.0,0.0,4.0,4.0,0.0,0.0,0.0,0.0,0.0,0.0,0.0,0.0,0.0,0.0,4.0,0.0,0.0,0.0,0.0,0.0,0.0,0.0,0.0,0.0,0.0,0.0,1.0,0.0,0.0,0.0,1.0,4.0,2.0,2.0,0.0,0.0,2.0,0.0,0.0,0.0,0.0,1.0,0.0,0.0,0.0,0.0,0.0,5.0,0.0,4.0,0.0,0.0,0.0,0.0,3.0,0.0,0.0,0.0,0.0,0.0,2.0,1.0,0.0,0.0,0.0,1.0,2.0,0.0,2.0,0.0,0.0,2.0,0.0,0.0,2.0,0.0,0.0,0.0,1.0,0.0,0.0,0.0,2.0,1.0,0.0,0.0,0.0,0.0,0.0,0.0,0.0,1.0,0.0,0.0,0.0,0.0,0.0,2.0,0.0,0.0,0.0,0.0,0.0,2.0,3.0,11.0,4.0,0.0,6.0,9.0,9.0,1.0,11.0
CHEMBL1276179,Inhibition,23.0,28.0,15.0,0.0,0.0,2.0,2.0,41.0,25.0,0.0,0.0,4.0,0.0,4.0,1.0,0.0,0.0,0.0,0.0,44.0,20.0,0.0,0.0,6.0,0.0,6.0,2.0,0.0,41.0,26.0,0.0,0.0,4.0,4.0,0.0,0.0,4.0,4.0,42.0,26.0,0.0,0.0,8.0,8.0,1.0,0.0,2.0,2.0,0.0,46.0,15.0,0.0,0.0,10.0,10.0,8.0,0.0,0.0,43.0,17.0,0.0,0.0,4.0,0.0,4.0,2.0,0.0,2.0,2.0,32.0,22.0,0.0,0.0,10.0,10.0,1.0,0.0,0.0,0.0,0.0,27.0,15.0,0.0,0.0,10.0,10.0,3.0,0.0,18.0,16.0,0.0,2.0,2.0,1.0,0.0,6.0,6.0,2.0,3.0,4.0,0.0,0.0,0.0,0.0,0.0,1.0,0.0,1.0,0.0,0.0,0.0,2.0,2.0,0.0,6.0,0.0,4.0,0.0,0.0,0.0,0.0,3.0,0.0,0.0,2.0,0.0,0.0,2.0,1.0,0.0,0.0,0.0,2.0,2.0,0.0,4.0,1.0,0.0,6.0,3.0,2.0,9.0,0.0,0.0,0.0,4.0,0.0,0.0,0.0,5.0,4.0,3.0,0.0,2.0,0.0,0.0,0.0,2.0,2.0,0.0,2.0,0.0,0.0,0.0,1.0,0.0,0.0,2.0,0.0,0.0,4.0,6.0,30.0,8.0,0.0,15.0,11.0,11.0,1.0,30.0
CHEMBL3601472,Inhibition,16.0,10.0,14.0,2.0,1.0,0.0,0.0,15.0,17.0,4.0,1.0,0.0,0.0,0.0,5.0,2.0,0.0,0.0,0.0,15.0,21.0,2.0,1.0,0.0,0.0,0.0,3.0,1.0,16.0,14.0,3.0,1.0,0.0,0.0,6.0,0.0,0.0,0.0,18.0,16.0,3.0,2.0,0.0,0.0,2.0,3.0,0.0,0.0,0.0,21.0,9.0,6.0,2.0,0.0,0.0,6.0,3.0,0.0,10.0,16.0,7.0,1.0,0.0,0.0,0.0,1.0,1.0,0.0,0.0,6.0,10.0,5.0,4.0,0.0,0.0,3.0,4.0,0.0,0.0,0.0,6.0,6.0,8.0,2.0,0.0,0.0,0.0,3.0,2.0,4.0,5.0,0.0,0.0,1.0,4.0,0.0,0.0,0.0,5.0,0.0,2.0,0.0,2.0,1.0,1.0,0.0,2.0,1.0,1.0,0.0,0.0,0.0,1.0,1.0,6.0,0.0,2.0,0.0,0.0,0.0,0.0,0.0,0.0,0.0,0.0,0.0,0.0,0.0,0.0,0.0,0.0,0.0,0.0,0.0,0.0,0.0,0.0,0.0,2.0,0.0,0.0,2.0,0.0,0.0,0.0,1.0,1.0,2.0,2.0,3.0,1.0,0.0,0.0,0.0,2.0,2.0,0.0,0.0,3.0,0.0,0.0,2.0,3.0,0.0,0.0,0.0,0.0,0.0,0.0,0.0,4.0,5.0,15.0,7.0,0.0,17.0,11.0,11.0,4.0,14.0
CHEMBL607196,Inhibition,0.0,26.0,5.0,2.0,0.0,0.0,0.0,36.0,7.0,2.0,0.0,0.0,0.0,0.0,0.0,2.0,0.0,0.0,0.0,35.0,7.0,7.0,0.0,0.0,0.0,0.0,0.0,0.0,31.0,7.0,9.0,0.0,0.0,0.0,0.0,0.0,0.0,0.0,28.0,6.0,9.0,0.0,0.0,0.0,1.0,2.0,0.0,0.0,1.0,28.0,7.0,6.0,0.0,0.0,0.0,0.0,0.0,0.0,28.0,4.0,5.0,0.0,0.0,0.0,0.0,0.0,0.0,0.0,0.0,26.0,1.0,3.0,0.0,0.0,0.0,0.0,0.0,0.0,0.0,0.0,21.0,1.0,2.0,0.0,0.0,0.0,0.0,0.0,16.0,2.0,2.0,0.0,0.0,0.0,0.0,0.0,0.0,0.0,3.0,0.0,2.0,1.0,0.0,0.0,0.0,0.0,0.0,0.0,1.0,1.0,2.0,0.0,1.0,0.0,7.0,2.0,4.0,2.0,0.0,2.0,2.0,1.0,0.0,0.0,0.0,0.0,3.0,0.0,0.0,0.0,0.0,0.0,0.0,0.0,0.0,1.0,0.0,0.0,3.0,0.0,0.0,2.0,1.0,0.0,1.0,1.0,0.0,0.0,0.0,3.0,1.0,0.0,1.0,3.0,0.0,0.0,0.0,0.0,2.0,2.0,0.0,0.0,2.0,0.0,2.0,0.0,0.0,0.0,2.0,4.0,0.0,0.0,18.0,2.0,6.0,7.0,6.0,6.0,4.0,24.0
CHEMBL4290876,Inhibition,46.63,12.0,8.0,2.0,2.0,0.0,0.0,20.0,4.0,1.0,6.0,0.0,0.0,0.0,2.0,7.0,0.0,0.0,0.0,16.0,12.0,10.0,7.0,0.0,0.0,0.0,0.0,0.0,18.0,10.0,7.0,5.0,0.0,0.0,1.0,1.0,0.0,0.0,15.0,15.0,10.0,4.0,0.0,0.0,0.0,0.0,0.0,0.0,0.0,12.0,9.0,10.0,4.0,0.0,0.0,3.0,3.0,1.0,10.0,11.0,14.0,0.0,0.0,0.0,0.0,0.0,0.0,0.0,0.0,11.0,2.0,2.0,3.0,0.0,0.0,3.0,6.0,0.0,0.0,2.0,2.0,6.0,4.0,0.0,0.0,0.0,0.0,0.0,2.0,0.0,0.0,0.0,0.0,1.0,3.0,0.0,0.0,1.0,0.0,0.0,0.0,0.0,0.0,0.0,0.0,0.0,0.0,5.0,3.0,2.0,2.0,0.0,1.0,0.0,8.0,2.0,2.0,0.0,0.0,0.0,0.0,1.0,0.0,0.0,0.0,0.0,2.0,0.0,0.0,0.0,0.0,0.0,0.0,0.0,0.0,0.0,0.0,0.0,0.0,0.0,0.0,0.0,0.0,0.0,0.0,0.0,0.0,0.0,0.0,6.0,2.0,0.0,1.0,0.0,0.0,0.0,0.0,0.0,5.0,3.0,0.0,0.0,4.0,2.0,0.0,0.0,0.0,0.0,1.0,2.0,0.0,1.0,9.0,1.0,2.0,12.0,12.0,12.0,8.0,16.0
CHEMBL2036808,Inhibition,82.0,20.0,10.0,0.0,0.0,1.0,1.0,26.0,12.0,0.0,0.0,2.0,0.0,2.0,4.0,0.0,0.0,0.0,0.0,20.0,21.0,0.0,0.0,2.0,0.0,2.0,1.0,0.0,19.0,17.0,0.0,0.0,1.0,1.0,3.0,0.0,0.0,0.0,21.0,19.0,0.0,0.0,1.0,1.0,1.0,0.0,0.0,0.0,0.0,24.0,15.0,0.0,0.0,1.0,1.0,1.0,0.0,0.0,24.0,12.0,0.0,0.0,2.0,0.0,2.0,1.0,0.0,1.0,1.0,22.0,10.0,0.0,0.0,1.0,1.0,1.0,0.0,2.0,2.0,0.0,20.0,7.0,0.0,0.0,2.0,2.0,0.0,0.0,16.0,2.0,0.0,2.0,2.0,2.0,0.0,1.0,1.0,2.0,8.0,5.0,4.0,1.0,0.0,1.0,0.0,0.0,0.0,1.0,1.0,0.0,0.0,1.0,0.0,0.0,11.0,0.0,10.0,0.0,1.0,0.0,0.0,10.0,2.0,1.0,2.0,0.0,0.0,9.0,8.0,3.0,1.0,0.0,4.0,3.0,0.0,3.0,0.0,0.0,3.0,0.0,0.0,0.0,0.0,0.0,0.0,0.0,0.0,0.0,0.0,2.0,0.0,0.0,0.0,0.0,0.0,0.0,0.0,1.0,2.0,0.0,0.0,0.0,0.0,1.0,6.0,0.0,0.0,0.0,0.0,0.0,3.0,4.0,15.0,4.0,0.0,10.0,14.0,14.0,6.0,15.0
CHEMBL4483368,Inhibition,86.0,18.0,20.0,1.0,1.0,0.0,0.0,29.0,18.0,2.0,2.0,0.0,0.0,0.0,5.0,4.0,0.0,0.0,0.0,29.0,21.0,7.0,2.0,0.0,0.0,0.0,2.0,0.0,22.0,20.0,8.0,1.0,0.0,0.0,2.0,0.0,0.0,0.0,25.0,15.0,4.0,0.0,0.0,0.0,3.0,1.0,0.0,0.0,0.0,21.0,19.0,2.0,1.0,0.0,0.0,1.0,2.0,0.0,23.0,9.0,3.0,0.0,0.0,0.0,0.0,5.0,1.0,0.0,0.0,17.0,15.0,2.0,2.0,0.0,0.0,2.0,3.0,0.0,0.0,2.0,17.0,14.0,4.0,2.0,0.0,0.0,3.0,2.0,18.0,13.0,5.0,0.0,0.0,2.0,0.0,0.0,0.0,0.0,8.0,0.0,4.0,0.0,0.0,0.0,4.0,2.0,0.0,1.0,2.0,1.0,1.0,0.0,4.0,0.0,10.0,1.0,4.0,0.0,0.0,0.0,0.0,0.0,0.0,0.0,0.0,0.0,0.0,0.0,0.0,0.0,0.0,0.0,0.0,0.0,0.0,0.0,0.0,0.0,8.0,4.0,2.0,12.0,0.0,0.0,2.0,4.0,0.0,0.0,0.0,11.0,8.0,0.0,2.0,3.0,0.0,0.0,0.0,0.0,7.0,2.0,4.0,0.0,3.0,0.0,0.0,0.0,0.0,2.0,0.0,0.0,2.0,2.0,18.0,6.0,4.0,22.0,18.0,18.0,8.0,24.0
CHEMBL4461284,Inhibition,84.4,18.0,18.0,3.0,0.0,0.0,0.0,27.0,17.0,4.0,0.0,0.0,0.0,0.0,5.0,2.0,0.0,0.0,0.0,27.0,21.0,7.0,0.0,0.0,0.0,0.0,1.0,1.0,22.0,17.0,9.0,0.0,0.0,0.0,2.0,0.0,0.0,0.0,24.0,12.0,6.0,0.0,0.0,0.0,4.0,1.0,0.0,0.0,0.0,19.0,18.0,4.0,0.0,0.0,0.0,0.0,2.0,0.0,21.0,7.0,4.0,0.0,0.0,0.0,0.0,6.0,2.0,0.0,0.0,16.0,17.0,2.0,0.0,0.0,0.0,0.0,3.0,0.0,0.0,2.0,17.0,12.0,5.0,0.0,0.0,0.0,3.0,2.0,17.0,11.0,5.0,0.0,0.0,1.0,2.0,0.0,0.0,0.0,8.0,0.0,4.0,0.0,2.0,0.0,3.0,0.0,2.0,0.0,2.0,1.0,1.0,0.0,3.0,1.0,9.0,1.0,4.0,0.0,0.0,0.0,0.0,0.0,0.0,0.0,0.0,0.0,0.0,0.0,0.0,0.0,0.0,0.0,0.0,0.0,0.0,0.0,0.0,0.0,6.0,2.0,1.0,8.0,0.0,0.0,2.0,3.0,1.0,2.0,2.0,8.0,5.0,0.0,2.0,3.0,2.0,2.0,0.0,0.0,6.0,2.0,2.0,2.0,4.0,0.0,0.0,0.0,0.0,1.0,0.0,0.0,2.0,2.0,18.0,6.0,2.0,21.0,16.0,16.0,8.0,23.0
CHEMBL4175024,Inhibition,43.0,20.0,8.0,2.0,0.0,0.0,0.0,28.0,8.0,2.0,0.0,0.0,0.0,0.0,3.0,0.0,0.0,0.0,0.0,23.0,15.0,3.0,0.0,0.0,0.0,0.0,0.0,1.0,21.0,9.0,5.0,0.0,0.0,0.0,3.0,0.0,0.0,0.0,21.0,10.0,4.0,0.0,0.0,0.0,0.0,1.0,0.0,0.0,0.0,19.0,13.0,5.0,0.0,0.0,0.0,0.0,0.0,0.0,18.0,10.0,2.0,0.0,0.0,0.0,0.0,0.0,3.0,0.0,0.0,15.0,7.0,3.0,0.0,0.0,0.0,0.0,0.0,0.0,0.0,0.0,13.0,4.0,3.0,0.0,0.0,0.0,0.0,1.0,12.0,0.0,3.0,0.0,0.0,0.0,2.0,0.0,0.0,1.0,2.0,1.0,0.0,0.0,0.0,0.0,0.0,0.0,0.0,0.0,1.0,0.0,0.0,0.0,0.0,0.0,3.0,0.0,1.0,0.0,0.0,0.0,0.0,0.0,0.0,0.0,0.0,0.0,1.0,0.0,0.0,0.0,0.0,0.0,0.0,0.0,0.0,0.0,0.0,0.0,1.0,0.0,0.0,0.0,0.0,0.0,0.0,0.0,0.0,1.0,0.0,1.0,0.0,0.0,0.0,0.0,0.0,2.0,0.0,0.0,1.0,0.0,0.0,1.0,2.0,0.0,0.0,0.0,0.0,0.0,0.0,0.0,2.0,3.0,21.0,3.0,0.0,10.0,9.0,9.0,5.0,21.0
CHEMBL4750894,Inhibition,4.5,17.0,9.0,5.0,2.0,0.0,0.0,23.0,9.0,5.0,2.0,0.0,0.0,0.0,2.0,4.0,0.0,0.0,0.0,19.0,11.0,8.0,3.0,0.0,0.0,0.0,1.0,0.0,14.0,12.0,6.0,2.0,0.0,0.0,0.0,2.0,0.0,0.0,13.0,9.0,9.0,2.0,0.0,0.0,1.0,2.0,0.0,0.0,0.0,15.0,8.0,7.0,2.0,0.0,0.0,0.0,1.0,0.0,16.0,6.0,6.0,2.0,0.0,0.0,0.0,1.0,1.0,0.0,0.0,17.0,6.0,4.0,1.0,0.0,0.0,0.0,0.0,0.0,0.0,1.0,17.0,1.0,3.0,0.0,0.0,0.0,2.0,2.0,10.0,6.0,5.0,0.0,0.0,0.0,0.0,0.0,0.0,0.0,1.0,0.0,0.0,0.0,0.0,0.0,0.0,0.0,0.0,2.0,2.0,1.0,1.0,0.0,0.0,1.0,5.0,1.0,1.0,1.0,0.0,0.0,1.0,0.0,0.0,0.0,0.0,0.0,1.0,0.0,0.0,0.0,0.0,0.0,0.0,0.0,0.0,0.0,0.0,0.0,1.0,0.0,0.0,0.0,0.0,0.0,0.0,0.0,0.0,0.0,0.0,2.0,0.0,0.0,0.0,1.0,0.0,2.0,1.0,0.0,3.0,1.0,0.0,0.0,3.0,1.0,1.0,0.0,1.0,0.0,1.0,0.0,2.0,4.0,20.0,4.0,2.0,16.0,9.0,9.0,8.0,20.0
CHEMBL4745741,Inhibition,67.3,17.0,10.0,4.0,2.0,0.0,0.0,25.0,10.0,5.0,2.0,0.0,0.0,0.0,3.0,2.0,0.0,0.0,0.0,22.0,14.0,4.0,4.0,0.0,0.0,0.0,0.0,1.0,18.0,12.0,5.0,2.0,0.0,0.0,1.0,1.0,0.0,0.0,16.0,10.0,4.0,3.0,0.0,0.0,0.0,2.0,0.0,0.0,1.0,17.0,7.0,4.0,2.0,0.0,0.0,1.0,1.0,0.0,18.0,6.0,4.0,1.0,0.0,0.0,0.0,1.0,0.0,0.0,0.0,16.0,4.0,4.0,0.0,0.0,0.0,1.0,1.0,0.0,0.0,0.0,11.0,5.0,4.0,1.0,0.0,0.0,1.0,1.0,9.0,6.0,4.0,0.0,0.0,1.0,0.0,0.0,0.0,0.0,0.0,0.0,0.0,0.0,0.0,0.0,0.0,0.0,0.0,2.0,1.0,0.0,0.0,0.0,0.0,1.0,3.0,0.0,0.0,0.0,0.0,0.0,0.0,0.0,0.0,0.0,0.0,0.0,0.0,0.0,0.0,0.0,0.0,0.0,0.0,0.0,0.0,0.0,0.0,0.0,0.0,0.0,0.0,0.0,0.0,0.0,0.0,0.0,0.0,0.0,0.0,1.0,0.0,0.0,0.0,1.0,0.0,2.0,1.0,0.0,2.0,0.0,0.0,0.0,2.0,1.0,0.0,0.0,1.0,0.0,0.0,0.0,2.0,5.0,23.0,5.0,2.0,16.0,5.0,5.0,4.0,21.0
CHEMBL4749162,Inhibition,99.3,23.0,13.0,6.0,2.0,0.0,0.0,35.0,14.0,7.0,2.0,0.0,0.0,0.0,2.0,3.0,0.0,0.0,0.0,32.0,15.0,6.0,4.0,0.0,0.0,0.0,1.0,2.0,25.0,14.0,10.0,2.0,0.0,0.0,0.0,1.0,0.0,0.0,20.0,14.0,8.0,3.0,0.0,0.0,2.0,1.0,0.0,0.0,0.0,27.0,8.0,5.0,2.0,0.0,0.0,1.0,1.0,1.0,27.0,10.0,8.0,2.0,0.0,0.0,0.0,1.0,2.0,0.0,0.0,26.0,8.0,5.0,1.0,0.0,0.0,1.0,1.0,0.0,0.0,0.0,22.0,8.0,6.0,2.0,0.0,0.0,1.0,1.0,20.0,9.0,5.0,0.0,0.0,2.0,1.0,0.0,0.0,0.0,6.0,0.0,3.0,0.0,3.0,0.0,3.0,0.0,3.0,3.0,2.0,2.0,1.0,0.0,1.0,2.0,11.0,1.0,6.0,0.0,1.0,0.0,0.0,3.0,0.0,0.0,0.0,0.0,0.0,0.0,0.0,0.0,0.0,0.0,0.0,0.0,0.0,0.0,0.0,0.0,3.0,3.0,3.0,6.0,0.0,0.0,0.0,3.0,5.0,3.0,2.0,5.0,3.0,0.0,0.0,1.0,6.0,3.0,1.0,0.0,3.0,2.0,0.0,3.0,3.0,3.0,0.0,0.0,1.0,1.0,0.0,0.0,2.0,5.0,23.0,7.0,0.0,21.0,16.0,16.0,9.0,24.0
CHEMBL3798597,Inhibition,50.0,17.0,4.0,2.0,0.0,0.0,0.0,22.0,7.0,2.0,0.0,0.0,0.0,0.0,1.0,0.0,0.0,0.0,0.0,20.0,9.0,2.0,0.0,0.0,0.0,0.0,1.0,0.0,12.0,12.0,1.0,0.0,0.0,0.0,0.0,0.0,0.0,0.0,9.0,9.0,1.0,0.0,0.0,0.0,0.0,0.0,0.0,0.0,0.0,10.0,6.0,0.0,0.0,0.0,0.0,0.0,1.0,0.0,12.0,4.0,0.0,0.0,0.0,0.0,0.0,0.0,1.0,0.0,0.0,14.0,2.0,1.0,0.0,0.0,0.0,0.0,0.0,0.0,0.0,0.0,14.0,0.0,1.0,0.0,0.0,0.0,0.0,1.0,10.0,1.0,2.0,0.0,0.0,0.0,0.0,0.0,0.0,0.0,0.0,0.0,0.0,0.0,0.0,0.0,0.0,0.0,0.0,2.0,1.0,0.0,0.0,0.0,0.0,1.0,3.0,0.0,0.0,0.0,0.0,0.0,0.0,0.0,0.0,0.0,0.0,0.0,0.0,0.0,0.0,0.0,0.0,0.0,0.0,0.0,0.0,0.0,0.0,0.0,0.0,0.0,0.0,0.0,0.0,0.0,0.0,0.0,0.0,0.0,0.0,0.0,0.0,0.0,0.0,0.0,0.0,1.0,1.0,0.0,2.0,0.0,0.0,0.0,1.0,1.0,0.0,0.0,1.0,0.0,1.0,0.0,1.0,1.0,16.0,1.0,2.0,6.0,5.0,5.0,4.0,17.0
CHEMBL3261514,Inhibition,66.0,12.0,8.0,1.0,2.0,0.0,2.0,16.0,7.0,1.0,3.0,0.0,4.0,4.0,3.0,1.0,0.0,0.0,0.0,15.0,9.0,1.0,2.0,0.0,5.0,5.0,1.0,0.0,11.0,11.0,2.0,4.0,0.0,3.0,1.0,1.0,0.0,1.0,13.0,6.0,3.0,2.0,0.0,3.0,2.0,0.0,0.0,0.0,0.0,10.0,9.0,3.0,1.0,0.0,2.0,1.0,1.0,0.0,7.0,9.0,3.0,0.0,0.0,3.0,3.0,0.0,0.0,0.0,1.0,5.0,5.0,0.0,0.0,0.0,3.0,2.0,2.0,0.0,1.0,0.0,2.0,4.0,0.0,0.0,0.0,1.0,0.0,0.0,0.0,2.0,0.0,0.0,2.0,0.0,0.0,0.0,0.0,0.0,0.0,0.0,0.0,0.0,0.0,0.0,0.0,0.0,0.0,0.0,0.0,0.0,1.0,0.0,0.0,0.0,1.0,1.0,0.0,0.0,0.0,0.0,0.0,0.0,0.0,0.0,0.0,0.0,0.0,0.0,0.0,0.0,0.0,0.0,0.0,0.0,0.0,0.0,0.0,0.0,0.0,0.0,0.0,0.0,0.0,0.0,0.0,0.0,0.0,0.0,0.0,1.0,0.0,0.0,0.0,0.0,0.0,0.0,0.0,0.0,2.0,1.0,0.0,0.0,1.0,0.0,0.0,0.0,0.0,0.0,1.0,1.0,3.0,4.0,17.0,4.0,2.0,11.0,2.0,2.0,1.0,14.0
CHEMBL3416158,Inhibition,81.4,20.0,6.0,2.0,0.0,1.0,1.0,29.0,7.0,2.0,0.0,2.0,0.0,2.0,1.0,0.0,0.0,0.0,0.0,30.0,8.0,2.0,0.0,3.0,0.0,3.0,0.0,0.0,25.0,9.0,1.0,0.0,1.0,1.0,0.0,0.0,1.0,1.0,20.0,10.0,1.0,0.0,1.0,1.0,0.0,0.0,0.0,0.0,0.0,18.0,7.0,2.0,0.0,1.0,1.0,1.0,0.0,0.0,16.0,4.0,2.0,0.0,2.0,0.0,2.0,1.0,0.0,1.0,1.0,14.0,2.0,0.0,0.0,2.0,2.0,0.0,2.0,0.0,0.0,0.0,11.0,3.0,2.0,0.0,1.0,1.0,0.0,0.0,12.0,1.0,1.0,1.0,1.0,0.0,0.0,0.0,0.0,0.0,0.0,0.0,0.0,0.0,0.0,0.0,0.0,0.0,0.0,1.0,0.0,0.0,0.0,1.0,0.0,1.0,2.0,0.0,0.0,0.0,0.0,0.0,0.0,0.0,0.0,0.0,0.0,0.0,0.0,0.0,0.0,0.0,0.0,0.0,0.0,0.0,0.0,0.0,0.0,0.0,0.0,0.0,0.0,0.0,0.0,0.0,0.0,0.0,0.0,0.0,0.0,0.0,0.0,0.0,0.0,0.0,0.0,1.0,1.0,1.0,1.0,0.0,0.0,0.0,1.0,0.0,0.0,0.0,1.0,0.0,0.0,0.0,1.0,2.0,21.0,2.0,0.0,8.0,1.0,1.0,1.0,20.0
CHEMBL3416159,Inhibition,91.0,21.0,6.0,2.0,0.0,0.0,0.0,30.0,7.0,2.0,0.0,0.0,0.0,0.0,1.0,0.0,0.0,0.0,0.0,32.0,7.0,2.0,0.0,0.0,0.0,0.0,0.0,0.0,26.0,9.0,1.0,0.0,0.0,0.0,0.0,0.0,0.0,0.0,21.0,9.0,1.0,0.0,0.0,0.0,0.0,0.0,0.0,0.0,0.0,18.0,7.0,2.0,0.0,0.0,0.0,0.0,0.0,0.0,17.0,5.0,2.0,0.0,0.0,0.0,0.0,0.0,0.0,0.0,0.0,17.0,2.0,0.0,0.0,0.0,0.0,1.0,2.0,0.0,0.0,0.0,13.0,4.0,2.0,0.0,0.0,0.0,1.0,0.0,12.0,2.0,1.0,0.0,0.0,0.0,0.0,0.0,0.0,0.0,1.0,0.0,0.0,0.0,0.0,0.0,0.0,0.0,0.0,1.0,0.0,0.0,0.0,0.0,0.0,1.0,3.0,0.0,1.0,0.0,0.0,0.0,0.0,0.0,0.0,0.0,0.0,0.0,1.0,0.0,0.0,0.0,0.0,0.0,0.0,0.0,0.0,0.0,0.0,0.0,0.0,0.0,0.0,0.0,0.0,0.0,0.0,0.0,0.0,0.0,0.0,0.0,0.0,0.0,0.0,0.0,0.0,1.0,1.0,0.0,1.0,0.0,0.0,0.0,1.0,0.0,1.0,0.0,1.0,0.0,0.0,0.0,1.0,2.0,21.0,2.0,0.0,8.0,3.0,3.0,2.0,20.0
CHEMBL4159506,Inhibition,7.17,23.0,13.0,11.0,0.0,0.0,0.0,34.0,12.0,11.0,0.0,0.0,0.0,0.0,4.0,3.0,0.0,0.0,0.0,35.0,15.0,12.0,0.0,0.0,0.0,0.0,2.0,2.0,28.0,18.0,13.0,0.0,0.0,0.0,0.0,4.0,0.0,0.0,31.0,14.0,11.0,0.0,0.0,0.0,4.0,4.0,0.0,0.0,1.0,27.0,20.0,10.0,0.0,0.0,0.0,0.0,3.0,2.0,25.0,19.0,12.0,0.0,0.0,0.0,0.0,3.0,3.0,0.0,0.0,27.0,21.0,11.0,0.0,0.0,0.0,0.0,2.0,0.0,0.0,1.0,33.0,16.0,9.0,0.0,0.0,0.0,0.0,5.0,34.0,10.0,15.0,0.0,0.0,1.0,2.0,0.0,0.0,0.0,4.0,0.0,2.0,0.0,2.0,0.0,1.0,0.0,2.0,4.0,2.0,0.0,0.0,0.0,1.0,5.0,9.0,0.0,2.0,0.0,0.0,0.0,0.0,0.0,0.0,0.0,0.0,0.0,0.0,0.0,0.0,0.0,0.0,0.0,0.0,0.0,0.0,0.0,0.0,0.0,2.0,0.0,0.0,2.0,0.0,0.0,0.0,1.0,1.0,2.0,2.0,3.0,1.0,0.0,0.0,2.0,2.0,6.0,3.0,0.0,4.0,0.0,0.0,2.0,6.0,1.0,0.0,0.0,3.0,1.0,0.0,0.0,2.0,2.0,24.0,4.0,2.0,24.0,15.0,15.0,11.0,26.0
CHEMBL5089073,Inhibition,16.0,23.0,11.0,4.0,0.0,0.0,0.0,34.0,14.0,4.0,0.0,0.0,0.0,0.0,1.0,2.0,0.0,0.0,0.0,33.0,18.0,8.0,0.0,0.0,0.0,0.0,0.0,1.0,31.0,16.0,6.0,0.0,0.0,0.0,1.0,1.0,0.0,0.0,33.0,6.0,5.0,0.0,0.0,0.0,4.0,1.0,0.0,0.0,0.0,27.0,14.0,8.0,0.0,0.0,0.0,0.0,0.0,0.0,28.0,11.0,5.0,0.0,0.0,0.0,0.0,0.0,3.0,0.0,0.0,21.0,12.0,5.0,0.0,0.0,0.0,2.0,3.0,0.0,0.0,0.0,19.0,9.0,5.0,0.0,0.0,0.0,0.0,0.0,21.0,2.0,7.0,0.0,0.0,2.0,0.0,0.0,0.0,0.0,5.0,0.0,2.0,0.0,0.0,1.0,1.0,0.0,0.0,1.0,2.0,1.0,2.0,0.0,1.0,1.0,11.0,2.0,6.0,1.0,1.0,1.0,1.0,5.0,2.0,1.0,0.0,0.0,0.0,4.0,1.0,0.0,0.0,0.0,1.0,6.0,0.0,4.0,2.0,0.0,4.0,3.0,3.0,7.0,2.0,0.0,3.0,3.0,0.0,0.0,0.0,5.0,4.0,0.0,3.0,0.0,0.0,1.0,1.0,0.0,3.0,2.0,0.0,0.0,3.0,0.0,2.0,0.0,1.0,0.0,2.0,2.0,1.0,2.0,17.0,4.0,3.0,15.0,15.0,15.0,5.0,23.0
CHEMBL2325904,Inhibition,62.0,13.0,8.0,2.0,0.0,0.0,0.0,15.0,11.0,4.0,0.0,0.0,0.0,0.0,1.0,1.0,0.0,0.0,0.0,12.0,13.0,4.0,0.0,0.0,0.0,0.0,2.0,1.0,14.0,5.0,4.0,0.0,0.0,0.0,2.0,2.0,0.0,0.0,14.0,4.0,4.0,0.0,0.0,0.0,1.0,1.0,0.0,0.0,1.0,11.0,9.0,4.0,0.0,0.0,0.0,0.0,0.0,0.0,6.0,8.0,3.0,0.0,0.0,0.0,0.0,0.0,2.0,0.0,0.0,8.0,2.0,1.0,0.0,0.0,0.0,0.0,1.0,0.0,0.0,0.0,8.0,0.0,2.0,0.0,0.0,0.0,0.0,0.0,4.0,0.0,2.0,0.0,0.0,0.0,0.0,0.0,0.0,2.0,1.0,0.0,0.0,0.0,0.0,0.0,0.0,0.0,0.0,3.0,1.0,1.0,1.0,0.0,0.0,0.0,9.0,1.0,7.0,0.0,2.0,0.0,0.0,5.0,1.0,0.0,2.0,0.0,0.0,2.0,0.0,0.0,0.0,0.0,0.0,0.0,0.0,2.0,0.0,1.0,2.0,0.0,0.0,2.0,0.0,0.0,2.0,0.0,0.0,3.0,0.0,2.0,1.0,1.0,1.0,0.0,1.0,1.0,0.0,0.0,1.0,1.0,0.0,1.0,2.0,3.0,1.0,0.0,0.0,0.0,1.0,1.0,2.0,3.0,9.0,3.0,2.0,10.0,13.0,13.0,5.0,14.0
CHEMBL2312142,Inhibition,50.0,20.0,11.0,2.0,0.0,0.0,0.0,30.0,12.0,2.0,0.0,0.0,0.0,0.0,1.0,0.0,0.0,0.0,0.0,33.0,10.0,2.0,0.0,0.0,0.0,0.0,1.0,1.0,27.0,12.0,3.0,0.0,0.0,0.0,0.0,1.0,0.0,0.0,27.0,11.0,3.0,0.0,0.0,0.0,1.0,0.0,0.0,0.0,0.0,22.0,12.0,1.0,0.0,0.0,0.0,0.0,2.0,0.0,17.0,12.0,3.0,0.0,0.0,0.0,0.0,1.0,0.0,0.0,0.0,20.0,4.0,2.0,0.0,0.0,0.0,3.0,0.0,0.0,0.0,0.0,18.0,7.0,2.0,0.0,0.0,0.0,0.0,0.0,17.0,5.0,2.0,0.0,0.0,1.0,0.0,0.0,0.0,0.0,4.0,0.0,2.0,0.0,0.0,0.0,2.0,2.0,0.0,2.0,1.0,0.0,0.0,0.0,2.0,1.0,7.0,0.0,2.0,0.0,0.0,0.0,0.0,0.0,0.0,0.0,0.0,0.0,0.0,0.0,0.0,0.0,0.0,0.0,0.0,0.0,0.0,0.0,0.0,0.0,4.0,2.0,1.0,6.0,0.0,0.0,0.0,2.0,0.0,0.0,0.0,5.0,4.0,0.0,0.0,2.0,0.0,1.0,1.0,0.0,4.0,0.0,2.0,0.0,1.0,0.0,0.0,0.0,1.0,2.0,0.0,0.0,1.0,1.0,18.0,3.0,0.0,13.0,10.0,10.0,4.0,20.0
CHEMBL526526,Inhibition,0.0,17.0,15.0,3.0,0.0,0.0,0.0,24.0,14.0,3.0,0.0,0.0,0.0,0.0,5.0,1.0,0.0,0.0,0.0,24.0,15.0,4.0,0.0,0.0,0.0,0.0,2.0,1.0,20.0,14.0,5.0,0.0,0.0,0.0,5.0,1.0,0.0,0.0,21.0,17.0,2.0,0.0,0.0,0.0,1.0,2.0,0.0,0.0,0.0,16.0,21.0,5.0,0.0,0.0,0.0,1.0,1.0,0.0,18.0,13.0,4.0,0.0,0.0,0.0,0.0,3.0,3.0,0.0,0.0,23.0,10.0,2.0,0.0,0.0,0.0,1.0,3.0,0.0,0.0,0.0,18.0,13.0,4.0,0.0,0.0,0.0,0.0,0.0,17.0,4.0,5.0,0.0,0.0,3.0,0.0,0.0,0.0,1.0,10.0,1.0,7.0,4.0,0.0,1.0,3.0,0.0,0.0,1.0,2.0,1.0,1.0,0.0,2.0,1.0,13.0,1.0,9.0,1.0,0.0,0.0,1.0,6.0,0.0,0.0,1.0,1.0,0.0,4.0,2.0,0.0,0.0,0.0,3.0,4.0,0.0,5.0,2.0,0.0,8.0,3.0,3.0,11.0,1.0,1.0,1.0,6.0,0.0,0.0,0.0,7.0,5.0,1.0,1.0,0.0,0.0,1.0,1.0,0.0,5.0,1.0,2.0,0.0,2.0,0.0,5.0,0.0,1.0,1.0,1.0,0.0,2.0,2.0,12.0,4.0,0.0,18.0,20.0,20.0,9.0,16.0
CHEMBL3330968,Inhibition,19.0,23.0,6.0,5.0,0.0,0.0,2.0,32.0,6.0,4.0,0.0,0.0,4.0,4.0,1.0,4.0,0.0,0.0,0.0,28.0,9.0,10.0,0.0,0.0,4.0,4.0,0.0,0.0,22.0,8.0,9.0,0.0,0.0,3.0,1.0,1.0,0.0,0.0,19.0,10.0,11.0,0.0,0.0,2.0,0.0,0.0,0.0,0.0,0.0,21.0,6.0,7.0,0.0,0.0,3.0,1.0,3.0,1.0,18.0,7.0,9.0,0.0,0.0,4.0,4.0,0.0,0.0,0.0,1.0,18.0,4.0,2.0,0.0,0.0,4.0,0.0,3.0,0.0,1.0,2.0,14.0,6.0,6.0,0.0,0.0,3.0,0.0,0.0,13.0,5.0,6.0,0.0,1.0,0.0,0.0,0.0,1.0,0.0,0.0,0.0,0.0,0.0,0.0,0.0,0.0,0.0,0.0,1.0,3.0,4.0,3.0,0.0,0.0,1.0,6.0,3.0,1.0,1.0,0.0,1.0,1.0,0.0,0.0,0.0,0.0,0.0,1.0,0.0,0.0,0.0,0.0,0.0,0.0,0.0,0.0,0.0,0.0,0.0,1.0,0.0,0.0,0.0,0.0,0.0,0.0,0.0,0.0,0.0,0.0,4.0,1.0,0.0,2.0,2.0,0.0,1.0,1.0,0.0,3.0,4.0,0.0,0.0,4.0,0.0,0.0,0.0,1.0,0.0,2.0,3.0,0.0,0.0,18.0,1.0,7.0,11.0,8.0,8.0,7.0,26.0
CHEMBL3330970,Inhibition,43.0,23.0,6.0,7.0,0.0,0.0,0.0,33.0,6.0,6.0,0.0,0.0,0.0,0.0,1.0,4.0,0.0,0.0,0.0,30.0,9.0,12.0,0.0,0.0,0.0,0.0,0.0,0.0,24.0,8.0,10.0,0.0,0.0,0.0,1.0,1.0,0.0,0.0,20.0,10.0,12.0,0.0,0.0,0.0,0.0,0.0,0.0,0.0,0.0,22.0,6.0,8.0,0.0,0.0,0.0,1.0,3.0,1.0,19.0,7.0,11.0,0.0,0.0,0.0,0.0,0.0,0.0,0.0,0.0,20.0,4.0,4.0,0.0,0.0,0.0,0.0,4.0,0.0,0.0,3.0,16.0,7.0,9.0,0.0,0.0,0.0,0.0,0.0,15.0,5.0,7.0,0.0,0.0,0.0,0.0,0.0,0.0,0.0,0.0,0.0,0.0,0.0,0.0,0.0,0.0,0.0,0.0,2.0,3.0,4.0,3.0,0.0,0.0,2.0,7.0,3.0,1.0,1.0,0.0,1.0,1.0,0.0,0.0,0.0,0.0,0.0,1.0,0.0,0.0,0.0,0.0,0.0,0.0,0.0,0.0,0.0,0.0,0.0,1.0,0.0,0.0,0.0,0.0,0.0,0.0,0.0,0.0,0.0,0.0,4.0,1.0,0.0,2.0,2.0,0.0,2.0,2.0,0.0,3.0,4.0,0.0,0.0,5.0,0.0,0.0,0.0,2.0,0.0,2.0,3.0,0.0,0.0,18.0,1.0,7.0,13.0,9.0,9.0,8.0,26.0
CHEMBL519146,Inhibition,0.0,20.0,10.0,1.0,0.0,0.0,0.0,30.0,12.0,1.0,0.0,0.0,0.0,0.0,1.0,1.0,0.0,0.0,0.0,30.0,13.0,4.0,0.0,0.0,0.0,0.0,0.0,0.0,22.0,10.0,4.0,0.0,0.0,0.0,3.0,1.0,0.0,0.0,23.0,12.0,4.0,0.0,0.0,0.0,0.0,0.0,0.0,0.0,0.0,28.0,8.0,1.0,0.0,0.0,0.0,0.0,2.0,0.0,26.0,8.0,2.0,0.0,0.0,0.0,0.0,0.0,0.0,0.0,0.0,20.0,7.0,2.0,0.0,0.0,0.0,2.0,0.0,0.0,0.0,0.0,16.0,6.0,2.0,0.0,0.0,0.0,0.0,0.0,14.0,2.0,2.0,0.0,0.0,0.0,0.0,0.0,0.0,0.0,3.0,0.0,1.0,0.0,0.0,0.0,1.0,0.0,0.0,4.0,1.0,0.0,1.0,0.0,1.0,0.0,8.0,1.0,1.0,0.0,0.0,0.0,0.0,0.0,0.0,0.0,0.0,0.0,0.0,0.0,0.0,0.0,0.0,0.0,0.0,0.0,0.0,0.0,0.0,0.0,1.0,1.0,0.0,2.0,0.0,0.0,1.0,0.0,0.0,0.0,0.0,3.0,3.0,0.0,2.0,0.0,0.0,0.0,0.0,0.0,2.0,1.0,0.0,0.0,1.0,3.0,1.0,0.0,0.0,0.0,1.0,2.0,1.0,2.0,17.0,3.0,2.0,11.0,11.0,11.0,4.0,19.0
CHEMBL4535944,Inhibition,54.0,23.0,17.0,2.0,0.0,0.0,0.0,34.0,15.0,2.0,0.0,0.0,0.0,0.0,5.0,2.0,0.0,0.0,0.0,33.0,20.0,5.0,0.0,0.0,0.0,0.0,1.0,0.0,26.0,17.0,6.0,0.0,0.0,0.0,2.0,0.0,0.0,0.0,28.0,13.0,3.0,0.0,0.0,0.0,3.0,1.0,0.0,0.0,0.0,24.0,18.0,2.0,0.0,0.0,0.0,0.0,1.0,0.0,25.0,8.0,3.0,0.0,0.0,0.0,0.0,5.0,1.0,0.0,0.0,19.0,17.0,3.0,0.0,0.0,0.0,0.0,1.0,0.0,0.0,1.0,22.0,11.0,2.0,0.0,0.0,0.0,3.0,2.0,20.0,14.0,3.0,0.0,0.0,0.0,0.0,0.0,0.0,1.0,8.0,2.0,4.0,0.0,0.0,0.0,3.0,0.0,0.0,2.0,2.0,1.0,2.0,0.0,3.0,0.0,13.0,2.0,8.0,0.0,1.0,0.0,1.0,5.0,2.0,1.0,0.0,0.0,1.0,4.0,1.0,0.0,0.0,0.0,1.0,4.0,0.0,2.0,0.0,0.0,6.0,2.0,1.0,8.0,0.0,0.0,2.0,3.0,0.0,0.0,0.0,8.0,5.0,0.0,2.0,3.0,0.0,0.0,0.0,0.0,5.0,2.0,2.0,0.0,2.0,2.0,2.0,0.0,0.0,1.0,0.0,2.0,2.0,2.0,18.0,5.0,2.0,19.0,18.0,18.0,8.0,24.0
CHEMBL4864387,Inhibition,32.0,15.0,12.0,0.0,1.0,4.0,4.0,20.0,16.0,2.0,2.0,2.0,0.0,2.0,3.0,2.0,3.0,3.0,3.0,19.0,17.0,4.0,3.0,1.0,0.0,1.0,0.0,0.0,18.0,13.0,6.0,2.0,9.0,9.0,3.0,0.0,0.0,0.0,14.0,15.0,4.0,1.0,9.0,9.0,2.0,0.0,3.0,3.0,0.0,16.0,8.0,2.0,0.0,8.0,8.0,4.0,0.0,0.0,15.0,9.0,0.0,1.0,6.0,0.0,6.0,2.0,2.0,0.0,0.0,14.0,9.0,2.0,0.0,3.0,3.0,1.0,0.0,3.0,3.0,0.0,9.0,12.0,0.0,2.0,5.0,5.0,0.0,4.0,9.0,6.0,4.0,1.0,1.0,2.0,0.0,7.0,7.0,0.0,2.0,0.0,1.0,0.0,0.0,0.0,0.0,0.0,0.0,0.0,1.0,0.0,0.0,4.0,0.0,0.0,4.0,0.0,2.0,0.0,0.0,0.0,0.0,1.0,0.0,0.0,0.0,0.0,0.0,0.0,0.0,0.0,0.0,0.0,0.0,0.0,0.0,0.0,0.0,0.0,0.0,0.0,0.0,0.0,0.0,0.0,0.0,0.0,0.0,0.0,0.0,0.0,0.0,0.0,0.0,0.0,0.0,0.0,0.0,4.0,2.0,0.0,0.0,0.0,2.0,0.0,1.0,3.0,0.0,0.0,0.0,0.0,3.0,5.0,20.0,5.0,4.0,13.0,5.0,5.0,6.0,20.0
CHEMBL5088737,Inhibition,1.0,19.0,14.0,5.0,0.0,3.0,3.0,28.0,16.0,5.0,0.0,3.0,0.0,3.0,3.0,1.0,3.0,3.0,3.0,30.0,18.0,7.0,0.0,3.0,0.0,3.0,2.0,0.0,27.0,15.0,7.0,0.0,3.0,3.0,5.0,0.0,0.0,0.0,27.0,17.0,4.0,0.0,0.0,0.0,0.0,3.0,3.0,3.0,0.0,25.0,15.0,5.0,0.0,6.0,6.0,1.0,2.0,0.0,21.0,13.0,3.0,0.0,6.0,0.0,6.0,1.0,6.0,0.0,0.0,17.0,15.0,5.0,0.0,0.0,0.0,1.0,0.0,3.0,3.0,0.0,19.0,9.0,3.0,0.0,3.0,3.0,1.0,0.0,18.0,6.0,3.0,3.0,3.0,3.0,0.0,0.0,0.0,0.0,9.0,0.0,6.0,3.0,0.0,0.0,4.0,0.0,0.0,2.0,0.0,0.0,1.0,3.0,2.0,2.0,15.0,1.0,8.0,1.0,0.0,2.0,1.0,3.0,0.0,0.0,0.0,0.0,0.0,2.0,1.0,0.0,0.0,0.0,1.0,1.0,0.0,1.0,1.0,0.0,6.0,6.0,6.0,12.0,2.0,0.0,2.0,6.0,0.0,0.0,0.0,6.0,6.0,0.0,2.0,0.0,0.0,2.0,2.0,3.0,3.0,1.0,2.0,0.0,3.0,0.0,3.0,3.0,2.0,1.0,1.0,1.0,3.0,4.0,15.0,6.0,1.0,19.0,17.0,17.0,11.0,18.0
CHEMBL3355059,Inhibition,90.0,20.0,6.0,3.0,0.0,0.0,0.0,28.0,9.0,3.0,0.0,0.0,0.0,0.0,0.0,1.0,0.0,0.0,0.0,30.0,8.0,6.0,0.0,0.0,0.0,0.0,0.0,0.0,21.0,10.0,6.0,0.0,0.0,0.0,0.0,1.0,0.0,0.0,17.0,10.0,7.0,0.0,0.0,0.0,0.0,0.0,0.0,0.0,0.0,18.0,4.0,5.0,0.0,0.0,0.0,1.0,2.0,0.0,16.0,7.0,6.0,0.0,0.0,0.0,0.0,0.0,0.0,0.0,0.0,17.0,1.0,3.0,0.0,0.0,0.0,2.0,3.0,0.0,0.0,0.0,16.0,4.0,2.0,0.0,0.0,0.0,0.0,0.0,12.0,6.0,1.0,0.0,0.0,0.0,1.0,0.0,0.0,0.0,4.0,0.0,2.0,0.0,0.0,2.0,0.0,0.0,0.0,1.0,2.0,1.0,1.0,0.0,0.0,1.0,6.0,1.0,2.0,0.0,0.0,0.0,0.0,0.0,0.0,0.0,0.0,0.0,2.0,0.0,0.0,0.0,0.0,0.0,0.0,0.0,0.0,0.0,0.0,0.0,2.0,0.0,0.0,2.0,0.0,0.0,0.0,1.0,0.0,0.0,0.0,3.0,1.0,0.0,0.0,1.0,0.0,1.0,1.0,0.0,2.0,1.0,0.0,0.0,2.0,0.0,2.0,0.0,1.0,0.0,1.0,2.0,1.0,2.0,17.0,3.0,2.0,9.0,11.0,11.0,4.0,19.0
CHEMBL4249147,Inhibition,69.68,13.0,10.0,4.0,2.0,0.0,0.0,19.0,16.0,5.0,1.0,0.0,0.0,0.0,2.0,0.0,0.0,0.0,0.0,19.0,11.0,5.0,3.0,0.0,0.0,0.0,2.0,2.0,17.0,7.0,4.0,1.0,0.0,0.0,2.0,4.0,0.0,0.0,12.0,14.0,4.0,1.0,0.0,0.0,2.0,0.0,0.0,0.0,0.0,11.0,16.0,2.0,1.0,0.0,0.0,2.0,0.0,1.0,9.0,13.0,4.0,2.0,0.0,0.0,0.0,4.0,0.0,0.0,0.0,11.0,8.0,1.0,3.0,0.0,0.0,2.0,2.0,0.0,0.0,0.0,11.0,5.0,1.0,2.0,0.0,0.0,0.0,2.0,10.0,7.0,1.0,0.0,0.0,0.0,2.0,0.0,0.0,0.0,1.0,0.0,0.0,0.0,0.0,0.0,0.0,0.0,1.0,2.0,0.0,0.0,0.0,0.0,0.0,2.0,3.0,0.0,0.0,0.0,0.0,0.0,0.0,0.0,0.0,0.0,0.0,0.0,0.0,0.0,0.0,0.0,0.0,0.0,0.0,0.0,0.0,0.0,0.0,0.0,0.0,0.0,0.0,0.0,0.0,0.0,0.0,0.0,0.0,0.0,0.0,0.0,0.0,0.0,0.0,0.0,0.0,2.0,1.0,0.0,0.0,0.0,0.0,0.0,2.0,0.0,0.0,0.0,2.0,0.0,0.0,0.0,5.0,8.0,23.0,8.0,0.0,16.0,4.0,4.0,4.0,17.0
CHEMBL4438263,Inhibition,62.8,19.0,17.0,6.0,0.0,0.0,0.0,30.0,15.0,4.0,0.0,0.0,0.0,0.0,5.0,2.0,0.0,0.0,0.0,30.0,19.0,8.0,0.0,0.0,0.0,0.0,1.0,1.0,25.0,16.0,9.0,0.0,0.0,0.0,2.0,0.0,0.0,0.0,26.0,13.0,6.0,0.0,0.0,0.0,3.0,1.0,0.0,0.0,0.0,21.0,17.0,4.0,0.0,0.0,0.0,0.0,2.0,0.0,21.0,9.0,5.0,0.0,0.0,0.0,0.0,5.0,1.0,0.0,0.0,19.0,15.0,2.0,0.0,0.0,0.0,0.0,3.0,0.0,0.0,2.0,19.0,11.0,6.0,0.0,0.0,0.0,3.0,2.0,19.0,12.0,5.0,0.0,0.0,0.0,2.0,0.0,0.0,0.0,8.0,0.0,4.0,0.0,2.0,0.0,3.0,0.0,2.0,1.0,2.0,1.0,2.0,0.0,3.0,2.0,11.0,2.0,4.0,0.0,0.0,0.0,0.0,0.0,0.0,0.0,0.0,0.0,0.0,0.0,0.0,0.0,0.0,0.0,0.0,0.0,0.0,0.0,0.0,0.0,6.0,2.0,1.0,8.0,0.0,0.0,2.0,3.0,1.0,2.0,2.0,8.0,5.0,0.0,2.0,3.0,2.0,4.0,0.0,0.0,5.0,2.0,2.0,2.0,4.0,0.0,0.0,0.0,0.0,1.0,1.0,2.0,2.0,2.0,18.0,6.0,2.0,23.0,17.0,17.0,9.0,23.0
CHEMBL4555838,Inhibition,85.0,19.0,21.0,2.0,0.0,0.0,0.0,31.0,18.0,1.0,0.0,0.0,0.0,0.0,5.0,3.0,0.0,0.0,0.0,31.0,21.0,5.0,0.0,0.0,0.0,0.0,2.0,0.0,23.0,20.0,6.0,0.0,0.0,0.0,2.0,0.0,0.0,0.0,25.0,16.0,3.0,0.0,0.0,0.0,3.0,1.0,0.0,0.0,0.0,22.0,19.0,2.0,0.0,0.0,0.0,1.0,1.0,0.0,23.0,10.0,3.0,0.0,0.0,0.0,0.0,5.0,1.0,0.0,0.0,19.0,15.0,2.0,0.0,0.0,0.0,2.0,2.0,0.0,0.0,1.0,19.0,14.0,2.0,0.0,0.0,0.0,3.0,2.0,18.0,14.0,3.0,0.0,0.0,2.0,0.0,0.0,0.0,0.0,8.0,0.0,4.0,0.0,0.0,0.0,4.0,2.0,0.0,1.0,2.0,1.0,2.0,0.0,4.0,0.0,11.0,2.0,4.0,0.0,0.0,0.0,0.0,0.0,0.0,0.0,0.0,0.0,0.0,0.0,0.0,0.0,0.0,0.0,0.0,0.0,0.0,0.0,0.0,0.0,8.0,4.0,2.0,12.0,0.0,0.0,2.0,4.0,0.0,0.0,0.0,12.0,8.0,0.0,2.0,3.0,0.0,0.0,0.0,0.0,7.0,3.0,4.0,0.0,2.0,0.0,0.0,0.0,0.0,2.0,1.0,2.0,2.0,2.0,18.0,6.0,2.0,23.0,18.0,18.0,8.0,24.0
CHEMBL4468367,Inhibition,74.0,21.0,18.0,4.0,0.0,0.0,0.0,31.0,15.0,4.0,0.0,0.0,0.0,0.0,5.0,3.0,0.0,0.0,0.0,28.0,19.0,7.0,0.0,0.0,0.0,0.0,1.0,1.0,21.0,18.0,9.0,0.0,0.0,0.0,2.0,0.0,0.0,0.0,23.0,16.0,5.0,0.0,0.0,0.0,2.0,2.0,0.0,0.0,0.0,25.0,17.0,3.0,0.0,0.0,0.0,1.0,1.0,0.0,28.0,9.0,3.0,0.0,0.0,0.0,0.0,3.0,3.0,0.0,0.0,23.0,11.0,4.0,0.0,0.0,0.0,2.0,2.0,0.0,0.0,1.0,19.0,12.0,3.0,0.0,0.0,0.0,2.0,3.0,16.0,13.0,5.0,0.0,0.0,2.0,0.0,0.0,0.0,0.0,10.0,0.0,6.0,1.0,1.0,0.0,5.0,0.0,1.0,0.0,2.0,1.0,2.0,0.0,3.0,1.0,12.0,2.0,6.0,0.0,0.0,0.0,0.0,2.0,0.0,0.0,0.0,0.0,0.0,1.0,0.0,0.0,0.0,0.0,0.0,1.0,0.0,2.0,1.0,0.0,7.0,5.0,4.0,12.0,0.0,0.0,2.0,5.0,2.0,1.0,0.0,10.0,7.0,0.0,2.0,1.0,2.0,1.0,1.0,0.0,6.0,3.0,2.0,1.0,3.0,0.0,2.0,0.0,1.0,1.0,1.0,2.0,2.0,2.0,18.0,5.0,2.0,22.0,19.0,19.0,11.0,23.0
CHEMBL4545456,Inhibition,59.0,20.0,17.0,0.0,0.0,1.0,1.0,30.0,18.0,0.0,0.0,2.0,0.0,2.0,4.0,0.0,0.0,0.0,0.0,28.0,24.0,0.0,0.0,1.0,0.0,1.0,1.0,0.0,28.0,15.0,0.0,0.0,3.0,3.0,5.0,0.0,0.0,0.0,22.0,20.0,0.0,0.0,1.0,1.0,1.0,0.0,3.0,3.0,0.0,20.0,16.0,0.0,0.0,4.0,4.0,4.0,0.0,0.0,20.0,12.0,0.0,0.0,3.0,0.0,3.0,3.0,0.0,1.0,1.0,14.0,17.0,0.0,0.0,2.0,2.0,2.0,0.0,0.0,0.0,0.0,17.0,12.0,0.0,0.0,1.0,1.0,1.0,0.0,16.0,12.0,0.0,0.0,0.0,0.0,0.0,1.0,1.0,1.0,9.0,1.0,3.0,2.0,0.0,0.0,1.0,0.0,0.0,2.0,1.0,0.0,0.0,1.0,2.0,0.0,13.0,0.0,10.0,0.0,4.0,0.0,0.0,10.0,0.0,0.0,0.0,0.0,0.0,3.0,2.0,1.0,0.0,0.0,0.0,0.0,0.0,10.0,2.0,0.0,5.0,2.0,1.0,6.0,0.0,0.0,0.0,2.0,0.0,0.0,0.0,5.0,4.0,0.0,0.0,0.0,0.0,0.0,0.0,1.0,3.0,0.0,0.0,0.0,0.0,2.0,3.0,0.0,0.0,2.0,0.0,0.0,4.0,5.0,17.0,7.0,0.0,17.0,19.0,19.0,4.0,18.0
CHEMBL92361,Inhibition,41.0,17.0,5.0,3.0,0.0,0.0,0.0,24.0,7.0,3.0,0.0,0.0,0.0,0.0,1.0,1.0,0.0,0.0,0.0,24.0,11.0,5.0,0.0,0.0,0.0,0.0,0.0,0.0,24.0,8.0,7.0,0.0,0.0,0.0,0.0,1.0,0.0,0.0,22.0,3.0,8.0,0.0,0.0,0.0,0.0,4.0,0.0,0.0,0.0,16.0,0.0,11.0,0.0,0.0,0.0,0.0,0.0,0.0,7.0,0.0,8.0,0.0,0.0,0.0,0.0,0.0,0.0,0.0,0.0,2.0,0.0,4.0,0.0,0.0,0.0,0.0,0.0,0.0,0.0,0.0,0.0,0.0,2.0,0.0,0.0,0.0,0.0,0.0,0.0,0.0,0.0,0.0,0.0,0.0,0.0,0.0,0.0,0.0,1.0,0.0,0.0,0.0,0.0,0.0,0.0,0.0,0.0,0.0,1.0,1.0,2.0,0.0,0.0,0.0,3.0,2.0,1.0,0.0,0.0,0.0,1.0,0.0,0.0,0.0,0.0,0.0,0.0,0.0,0.0,0.0,0.0,0.0,0.0,0.0,0.0,0.0,0.0,0.0,0.0,0.0,0.0,0.0,0.0,0.0,0.0,0.0,0.0,1.0,0.0,1.0,0.0,0.0,0.0,0.0,0.0,1.0,0.0,0.0,1.0,1.0,0.0,0.0,3.0,0.0,1.0,0.0,0.0,0.0,2.0,2.0,0.0,1.0,15.0,2.0,2.0,8.0,5.0,5.0,2.0,18.0
CHEMBL4212551,Inhibition,74.2,35.0,8.0,7.0,0.0,0.0,0.0,46.0,13.0,7.0,0.0,0.0,0.0,0.0,0.0,3.0,0.0,0.0,0.0,45.0,12.0,13.0,0.0,0.0,0.0,0.0,0.0,4.0,37.0,13.0,20.0,0.0,0.0,0.0,1.0,1.0,0.0,0.0,40.0,12.0,20.0,0.0,0.0,0.0,1.0,1.0,0.0,0.0,4.0,41.0,12.0,27.0,0.0,0.0,0.0,1.0,1.0,0.0,40.0,9.0,23.0,0.0,0.0,0.0,0.0,0.0,3.0,0.0,0.0,42.0,7.0,12.0,0.0,0.0,0.0,2.0,3.0,0.0,0.0,1.0,36.0,10.0,14.0,0.0,0.0,0.0,0.0,2.0,31.0,11.0,13.0,0.0,0.0,0.0,0.0,0.0,0.0,2.0,2.0,2.0,0.0,0.0,0.0,0.0,0.0,0.0,0.0,2.0,3.0,3.0,5.0,0.0,0.0,0.0,13.0,5.0,5.0,1.0,0.0,1.0,3.0,2.0,0.0,0.0,0.0,2.0,3.0,0.0,0.0,0.0,0.0,0.0,0.0,0.0,0.0,0.0,0.0,2.0,5.0,0.0,0.0,4.0,0.0,0.0,4.0,0.0,0.0,2.0,0.0,5.0,2.0,2.0,2.0,1.0,2.0,2.0,0.0,0.0,3.0,3.0,0.0,2.0,7.0,2.0,2.0,0.0,0.0,0.0,5.0,6.0,0.0,1.0,23.0,2.0,9.0,15.0,19.0,19.0,13.0,35.0
CHEMBL3745734,Inhibition,6.0,19.0,15.0,3.0,0.0,2.0,2.0,30.0,12.0,5.0,0.0,4.0,0.0,4.0,4.0,1.0,0.0,0.0,0.0,28.0,17.0,6.0,0.0,4.0,0.0,4.0,1.0,1.0,25.0,12.0,6.0,0.0,3.0,3.0,2.0,1.0,0.0,0.0,24.0,14.0,4.0,0.0,2.0,2.0,1.0,2.0,0.0,0.0,0.0,23.0,14.0,3.0,0.0,2.0,2.0,0.0,2.0,0.0,23.0,10.0,2.0,0.0,5.0,0.0,5.0,2.0,1.0,0.0,0.0,17.0,12.0,3.0,0.0,1.0,1.0,1.0,0.0,3.0,3.0,0.0,12.0,11.0,4.0,0.0,4.0,4.0,1.0,0.0,13.0,7.0,3.0,0.0,0.0,2.0,0.0,3.0,3.0,0.0,4.0,0.0,2.0,0.0,0.0,0.0,2.0,2.0,0.0,2.0,1.0,0.0,0.0,2.0,2.0,1.0,9.0,1.0,3.0,0.0,0.0,1.0,1.0,0.0,0.0,0.0,0.0,0.0,0.0,0.0,0.0,0.0,0.0,0.0,0.0,0.0,0.0,0.0,0.0,0.0,4.0,2.0,1.0,6.0,0.0,0.0,0.0,2.0,0.0,1.0,0.0,6.0,4.0,0.0,0.0,2.0,0.0,1.0,1.0,2.0,4.0,0.0,2.0,0.0,2.0,0.0,0.0,0.0,0.0,2.0,0.0,1.0,2.0,2.0,18.0,5.0,6.0,18.0,11.0,11.0,5.0,22.0
CHEMBL4535740,Inhibition,89.0,42.0,13.0,5.0,1.0,0.0,0.0,56.0,22.0,8.0,2.0,0.0,0.0,0.0,1.0,5.0,1.0,1.0,1.0,64.0,21.0,13.0,2.0,8.0,0.0,8.0,1.0,1.0,61.0,24.0,15.0,2.0,14.0,14.0,1.0,1.0,0.0,0.0,65.0,19.0,12.0,2.0,10.0,10.0,2.0,3.0,0.0,0.0,0.0,69.0,16.0,14.0,2.0,8.0,8.0,0.0,2.0,0.0,57.0,12.0,14.0,1.0,4.0,0.0,4.0,2.0,4.0,0.0,0.0,41.0,13.0,15.0,1.0,2.0,2.0,1.0,2.0,0.0,0.0,4.0,29.0,14.0,18.0,3.0,0.0,0.0,0.0,3.0,30.0,8.0,18.0,2.0,2.0,3.0,4.0,0.0,0.0,0.0,5.0,0.0,1.0,0.0,0.0,2.0,0.0,0.0,1.0,8.0,4.0,3.0,3.0,2.0,0.0,1.0,25.0,3.0,10.0,2.0,0.0,6.0,2.0,4.0,0.0,0.0,0.0,0.0,1.0,2.0,1.0,0.0,0.0,0.0,0.0,0.0,0.0,1.0,0.0,0.0,5.0,0.0,0.0,3.0,1.0,0.0,2.0,1.0,1.0,1.0,0.0,6.0,2.0,0.0,2.0,1.0,1.0,1.0,1.0,2.0,5.0,3.0,1.0,1.0,6.0,8.0,2.0,0.0,1.0,0.0,3.0,4.0,0.0,2.0,22.0,5.0,16.0,19.0,25.0,25.0,16.0,40.0
CHEMBL4528675,Inhibition,16.6,24.0,6.0,7.0,1.0,1.0,1.0,32.0,10.0,9.0,3.0,2.0,0.0,2.0,0.0,4.0,0.0,0.0,0.0,33.0,10.0,14.0,4.0,2.0,0.0,2.0,1.0,2.0,32.0,10.0,16.0,2.0,1.0,1.0,0.0,0.0,0.0,0.0,32.0,8.0,13.0,3.0,0.0,0.0,0.0,3.0,0.0,0.0,2.0,30.0,7.0,19.0,2.0,0.0,0.0,1.0,0.0,0.0,31.0,6.0,15.0,2.0,1.0,0.0,1.0,1.0,1.0,0.0,0.0,29.0,6.0,11.0,1.0,2.0,2.0,0.0,3.0,0.0,0.0,1.0,22.0,7.0,8.0,2.0,1.0,1.0,0.0,3.0,17.0,5.0,11.0,3.0,3.0,0.0,0.0,0.0,0.0,0.0,1.0,0.0,0.0,0.0,0.0,0.0,0.0,0.0,1.0,2.0,1.0,0.0,1.0,1.0,1.0,3.0,4.0,1.0,1.0,1.0,0.0,0.0,1.0,0.0,0.0,0.0,0.0,0.0,0.0,0.0,0.0,0.0,0.0,0.0,0.0,0.0,0.0,0.0,0.0,0.0,1.0,0.0,0.0,0.0,0.0,0.0,0.0,0.0,0.0,1.0,0.0,1.0,0.0,0.0,0.0,2.0,0.0,3.0,2.0,1.0,2.0,1.0,0.0,1.0,6.0,0.0,0.0,0.0,3.0,0.0,1.0,0.0,1.0,1.0,24.0,3.0,4.0,14.0,6.0,6.0,6.0,27.0
CHEMBL404115,Inhibition,68.0,19.0,7.0,0.0,2.0,1.0,1.0,25.0,10.0,0.0,2.0,2.0,0.0,2.0,2.0,0.0,0.0,0.0,0.0,23.0,13.0,0.0,3.0,3.0,0.0,3.0,1.0,0.0,19.0,16.0,0.0,4.0,2.0,2.0,0.0,0.0,1.0,1.0,20.0,15.0,0.0,3.0,2.0,2.0,0.0,0.0,1.0,1.0,0.0,21.0,9.0,0.0,1.0,2.0,2.0,0.0,0.0,0.0,16.0,7.0,0.0,2.0,2.0,0.0,2.0,3.0,0.0,0.0,0.0,12.0,3.0,0.0,2.0,1.0,1.0,3.0,0.0,0.0,0.0,0.0,9.0,7.0,0.0,1.0,1.0,1.0,0.0,0.0,7.0,9.0,0.0,0.0,0.0,0.0,0.0,1.0,1.0,1.0,1.0,1.0,0.0,0.0,0.0,0.0,0.0,0.0,0.0,2.0,1.0,0.0,0.0,1.0,0.0,0.0,4.0,0.0,3.0,0.0,0.0,0.0,0.0,2.0,0.0,0.0,1.0,0.0,0.0,1.0,0.0,0.0,0.0,0.0,0.0,0.0,0.0,1.0,0.0,0.0,2.0,0.0,0.0,0.0,0.0,0.0,0.0,0.0,0.0,0.0,0.0,1.0,0.0,0.0,0.0,0.0,0.0,0.0,0.0,1.0,2.0,0.0,0.0,0.0,0.0,2.0,1.0,0.0,0.0,0.0,0.0,0.0,2.0,4.0,20.0,4.0,0.0,9.0,8.0,8.0,3.0,19.0
CHEMBL4855209,Inhibition,36.0,20.0,8.0,6.0,2.0,2.0,2.0,27.0,9.0,8.0,0.0,4.0,0.0,4.0,0.0,3.0,0.0,0.0,0.0,25.0,7.0,12.0,2.0,4.0,0.0,4.0,2.0,2.0,24.0,9.0,10.0,2.0,3.0,3.0,0.0,2.0,1.0,1.0,26.0,8.0,7.0,2.0,4.0,4.0,0.0,2.0,0.0,0.0,1.0,22.0,10.0,9.0,3.0,4.0,4.0,0.0,0.0,0.0,20.0,8.0,6.0,3.0,4.0,0.0,4.0,0.0,0.0,3.0,3.0,20.0,5.0,5.0,2.0,2.0,2.0,0.0,1.0,2.0,2.0,0.0,17.0,3.0,5.0,1.0,5.0,5.0,1.0,0.0,13.0,3.0,5.0,5.0,5.0,1.0,1.0,0.0,0.0,0.0,0.0,0.0,0.0,0.0,0.0,0.0,0.0,0.0,0.0,2.0,2.0,2.0,2.0,2.0,0.0,1.0,4.0,2.0,0.0,0.0,0.0,0.0,0.0,0.0,0.0,0.0,0.0,0.0,0.0,0.0,0.0,0.0,0.0,0.0,0.0,0.0,0.0,0.0,0.0,0.0,0.0,0.0,0.0,0.0,0.0,0.0,0.0,0.0,0.0,0.0,0.0,3.0,1.0,0.0,1.0,1.0,0.0,0.0,0.0,2.0,2.0,2.0,0.0,0.0,3.0,0.0,0.0,0.0,0.0,0.0,2.0,2.0,2.0,3.0,23.0,3.0,4.0,16.0,5.0,5.0,8.0,24.0
CHEMBL4163273,Inhibition,-12.0,21.0,14.0,1.0,0.0,0.0,0.0,34.0,11.0,1.0,0.0,0.0,0.0,0.0,4.0,1.0,0.0,0.0,0.0,29.0,18.0,3.0,0.0,0.0,0.0,0.0,1.0,0.0,23.0,13.0,1.0,0.0,0.0,0.0,2.0,3.0,0.0,0.0,22.0,15.0,3.0,0.0,0.0,0.0,0.0,0.0,0.0,0.0,0.0,20.0,14.0,3.0,0.0,0.0,0.0,0.0,0.0,0.0,18.0,11.0,4.0,0.0,0.0,0.0,0.0,1.0,0.0,0.0,0.0,17.0,9.0,2.0,0.0,0.0,0.0,0.0,0.0,0.0,0.0,0.0,17.0,5.0,1.0,0.0,0.0,0.0,2.0,0.0,16.0,7.0,1.0,0.0,0.0,1.0,0.0,0.0,0.0,0.0,6.0,0.0,2.0,0.0,0.0,0.0,4.0,2.0,0.0,2.0,1.0,0.0,0.0,0.0,2.0,0.0,10.0,1.0,2.0,0.0,0.0,0.0,0.0,0.0,0.0,0.0,0.0,0.0,0.0,0.0,0.0,0.0,0.0,0.0,0.0,0.0,0.0,0.0,0.0,0.0,4.0,4.0,2.0,8.0,0.0,0.0,0.0,2.0,0.0,0.0,0.0,9.0,6.0,0.0,0.0,0.0,0.0,0.0,0.0,0.0,5.0,0.0,2.0,0.0,1.0,1.0,0.0,0.0,0.0,2.0,0.0,1.0,1.0,1.0,16.0,5.0,5.0,15.0,14.0,14.0,4.0,19.0
CHEMBL4061775,Inhibition,54.0,19.0,5.0,0.0,0.0,0.0,1.0,26.0,5.0,1.0,0.0,0.0,2.0,2.0,2.0,0.0,0.0,0.0,0.0,24.0,10.0,1.0,0.0,0.0,2.0,2.0,0.0,1.0,18.0,10.0,2.0,0.0,0.0,2.0,0.0,0.0,0.0,0.0,15.0,9.0,2.0,0.0,0.0,3.0,0.0,0.0,0.0,0.0,0.0,14.0,7.0,2.0,0.0,0.0,1.0,0.0,0.0,0.0,15.0,6.0,1.0,0.0,0.0,1.0,1.0,0.0,0.0,0.0,0.0,12.0,8.0,1.0,0.0,0.0,2.0,0.0,0.0,0.0,0.0,0.0,8.0,4.0,2.0,0.0,0.0,2.0,4.0,0.0,2.0,6.0,2.0,0.0,2.0,0.0,2.0,0.0,0.0,0.0,0.0,0.0,0.0,0.0,0.0,0.0,0.0,0.0,0.0,0.0,0.0,0.0,0.0,0.0,0.0,0.0,3.0,0.0,0.0,0.0,0.0,0.0,0.0,0.0,0.0,0.0,0.0,0.0,0.0,0.0,0.0,0.0,0.0,0.0,0.0,0.0,0.0,0.0,0.0,0.0,0.0,0.0,0.0,0.0,0.0,0.0,0.0,0.0,0.0,0.0,0.0,1.0,0.0,0.0,0.0,0.0,0.0,0.0,0.0,0.0,3.0,0.0,0.0,0.0,1.0,0.0,0.0,0.0,0.0,0.0,1.0,0.0,1.0,1.0,16.0,1.0,2.0,5.0,3.0,3.0,1.0,16.0
CHEMBL4078898,Inhibition,93.0,16.0,15.0,0.0,0.0,0.0,1.0,22.0,16.0,0.0,0.0,0.0,2.0,2.0,6.0,0.0,0.0,0.0,0.0,18.0,22.0,0.0,0.0,0.0,2.0,2.0,4.0,0.0,15.0,20.0,0.0,0.0,0.0,1.0,6.0,0.0,0.0,2.0,18.0,18.0,0.0,0.0,0.0,1.0,3.0,0.0,0.0,0.0,0.0,17.0,25.0,0.0,0.0,0.0,1.0,1.0,0.0,0.0,22.0,16.0,0.0,0.0,0.0,2.0,2.0,3.0,0.0,0.0,1.0,24.0,11.0,0.0,0.0,0.0,1.0,4.0,0.0,0.0,3.0,0.0,21.0,7.0,0.0,0.0,0.0,2.0,0.0,0.0,12.0,6.0,0.0,0.0,4.0,0.0,0.0,0.0,0.0,3.0,4.0,2.0,3.0,2.0,0.0,0.0,0.0,0.0,0.0,2.0,2.0,0.0,0.0,0.0,0.0,0.0,9.0,0.0,8.0,0.0,0.0,0.0,0.0,7.0,0.0,0.0,4.0,0.0,0.0,6.0,6.0,1.0,0.0,0.0,4.0,4.0,0.0,4.0,0.0,0.0,4.0,0.0,0.0,0.0,0.0,0.0,0.0,0.0,0.0,0.0,0.0,2.0,0.0,0.0,0.0,0.0,0.0,0.0,0.0,0.0,4.0,0.0,1.0,0.0,0.0,2.0,4.0,0.0,0.0,0.0,0.0,0.0,3.0,4.0,15.0,4.0,0.0,15.0,15.0,15.0,5.0,17.0
CHEMBL1173669,Inhibition,0.0,22.0,6.0,4.0,0.0,0.0,0.0,30.0,7.0,3.0,0.0,0.0,0.0,0.0,1.0,3.0,0.0,0.0,0.0,27.0,9.0,7.0,0.0,0.0,0.0,0.0,0.0,0.0,21.0,9.0,8.0,0.0,0.0,0.0,0.0,0.0,0.0,0.0,20.0,8.0,8.0,0.0,0.0,0.0,1.0,1.0,0.0,0.0,0.0,21.0,8.0,6.0,0.0,0.0,0.0,0.0,1.0,0.0,21.0,5.0,4.0,0.0,0.0,0.0,0.0,1.0,2.0,0.0,0.0,18.0,5.0,3.0,0.0,0.0,0.0,0.0,1.0,0.0,0.0,1.0,15.0,5.0,5.0,0.0,0.0,0.0,0.0,0.0,13.0,4.0,6.0,0.0,0.0,0.0,0.0,0.0,0.0,0.0,0.0,0.0,0.0,0.0,0.0,0.0,0.0,0.0,0.0,1.0,2.0,1.0,1.0,0.0,0.0,1.0,5.0,1.0,1.0,1.0,0.0,1.0,1.0,0.0,0.0,0.0,0.0,0.0,1.0,0.0,0.0,0.0,0.0,0.0,0.0,0.0,0.0,0.0,0.0,0.0,1.0,0.0,0.0,0.0,0.0,0.0,0.0,0.0,0.0,0.0,0.0,2.0,0.0,0.0,0.0,2.0,0.0,2.0,1.0,0.0,3.0,1.0,0.0,0.0,3.0,0.0,0.0,0.0,1.0,0.0,1.0,1.0,0.0,0.0,18.0,1.0,7.0,10.0,7.0,7.0,5.0,24.0
CHEMBL1173732,Inhibition,59.8,19.0,8.0,2.0,0.0,0.0,0.0,25.0,10.0,1.0,0.0,0.0,0.0,0.0,1.0,3.0,0.0,0.0,0.0,21.0,10.0,5.0,0.0,0.0,0.0,0.0,0.0,0.0,16.0,11.0,7.0,0.0,0.0,0.0,0.0,0.0,0.0,0.0,16.0,9.0,7.0,0.0,0.0,0.0,2.0,1.0,0.0,0.0,0.0,17.0,9.0,5.0,0.0,0.0,0.0,0.0,1.0,0.0,17.0,4.0,3.0,0.0,0.0,0.0,0.0,2.0,1.0,0.0,0.0,15.0,5.0,1.0,0.0,0.0,0.0,0.0,1.0,0.0,0.0,1.0,13.0,3.0,2.0,0.0,0.0,0.0,1.0,1.0,9.0,5.0,4.0,0.0,0.0,0.0,0.0,0.0,0.0,0.0,0.0,0.0,0.0,0.0,0.0,0.0,0.0,0.0,0.0,0.0,2.0,1.0,1.0,0.0,0.0,0.0,4.0,1.0,1.0,1.0,0.0,1.0,1.0,0.0,0.0,0.0,0.0,0.0,1.0,0.0,0.0,0.0,0.0,0.0,0.0,0.0,0.0,0.0,0.0,0.0,1.0,0.0,0.0,0.0,0.0,0.0,0.0,0.0,0.0,0.0,0.0,2.0,0.0,0.0,0.0,2.0,0.0,1.0,0.0,0.0,3.0,1.0,0.0,0.0,2.0,0.0,0.0,0.0,0.0,0.0,1.0,1.0,0.0,1.0,17.0,2.0,7.0,10.0,8.0,8.0,4.0,23.0
CHEMBL1173048,Inhibition,19.2,26.0,7.0,4.0,0.0,0.0,0.0,34.0,9.0,7.0,0.0,0.0,0.0,0.0,1.0,3.0,0.0,0.0,0.0,30.0,11.0,12.0,0.0,0.0,0.0,0.0,0.0,0.0,24.0,10.0,15.0,0.0,0.0,0.0,1.0,0.0,0.0,0.0,23.0,9.0,14.0,0.0,0.0,0.0,0.0,2.0,0.0,0.0,1.0,25.0,7.0,8.0,0.0,0.0,0.0,1.0,2.0,2.0,25.0,6.0,9.0,0.0,0.0,0.0,0.0,0.0,0.0,0.0,0.0,24.0,7.0,5.0,0.0,0.0,0.0,0.0,2.0,0.0,0.0,1.0,21.0,9.0,7.0,0.0,0.0,0.0,0.0,0.0,18.0,6.0,8.0,0.0,0.0,1.0,2.0,0.0,0.0,0.0,0.0,0.0,0.0,0.0,0.0,0.0,0.0,0.0,0.0,0.0,2.0,1.0,1.0,0.0,0.0,0.0,4.0,1.0,1.0,1.0,0.0,1.0,1.0,0.0,0.0,0.0,0.0,0.0,1.0,0.0,0.0,0.0,0.0,0.0,0.0,0.0,0.0,0.0,0.0,0.0,1.0,0.0,0.0,0.0,0.0,0.0,0.0,0.0,0.0,0.0,0.0,2.0,0.0,0.0,0.0,2.0,0.0,1.0,0.0,0.0,4.0,1.0,0.0,0.0,4.0,0.0,0.0,0.0,0.0,0.0,1.0,1.0,0.0,1.0,23.0,2.0,9.0,11.0,6.0,6.0,5.0,29.0
CHEMBL1173757,Inhibition,0.0,19.0,6.0,4.0,2.0,0.0,0.0,27.0,7.0,3.0,2.0,0.0,0.0,0.0,1.0,3.0,0.0,0.0,0.0,23.0,9.0,7.0,1.0,0.0,0.0,0.0,1.0,0.0,19.0,11.0,8.0,1.0,0.0,0.0,0.0,0.0,0.0,0.0,18.0,7.0,8.0,2.0,0.0,0.0,1.0,3.0,0.0,0.0,0.0,16.0,8.0,7.0,2.0,0.0,0.0,0.0,0.0,0.0,18.0,5.0,1.0,2.0,0.0,0.0,0.0,0.0,2.0,0.0,0.0,16.0,5.0,4.0,1.0,0.0,0.0,0.0,0.0,0.0,0.0,0.0,13.0,3.0,6.0,1.0,0.0,0.0,0.0,0.0,11.0,1.0,5.0,0.0,0.0,0.0,1.0,0.0,0.0,0.0,0.0,0.0,0.0,0.0,0.0,0.0,0.0,0.0,0.0,1.0,2.0,1.0,1.0,0.0,0.0,1.0,5.0,1.0,1.0,1.0,0.0,1.0,1.0,0.0,0.0,0.0,0.0,0.0,1.0,0.0,0.0,0.0,0.0,0.0,0.0,0.0,0.0,0.0,0.0,0.0,1.0,0.0,0.0,0.0,0.0,0.0,0.0,0.0,0.0,0.0,0.0,2.0,0.0,0.0,0.0,2.0,0.0,2.0,1.0,0.0,3.0,1.0,0.0,0.0,3.0,0.0,0.0,0.0,1.0,0.0,1.0,1.0,0.0,1.0,17.0,2.0,7.0,12.0,7.0,7.0,5.0,22.0
CHEMBL5173378,Inhibition,89.0,23.0,8.0,3.0,0.0,3.0,3.0,30.0,12.0,4.0,0.0,3.0,0.0,3.0,1.0,3.0,3.0,3.0,3.0,31.0,13.0,6.0,0.0,6.0,0.0,6.0,1.0,1.0,27.0,12.0,10.0,0.0,9.0,9.0,1.0,0.0,0.0,0.0,27.0,10.0,8.0,0.0,3.0,3.0,0.0,0.0,6.0,6.0,0.0,23.0,9.0,5.0,0.0,6.0,6.0,1.0,1.0,0.0,17.0,8.0,4.0,0.0,9.0,0.0,9.0,0.0,0.0,0.0,0.0,14.0,4.0,3.0,0.0,9.0,9.0,3.0,2.0,0.0,0.0,1.0,15.0,6.0,6.0,0.0,3.0,3.0,0.0,0.0,19.0,4.0,4.0,3.0,3.0,0.0,3.0,0.0,0.0,0.0,0.0,0.0,0.0,0.0,0.0,0.0,0.0,0.0,0.0,1.0,2.0,2.0,2.0,3.0,0.0,0.0,6.0,2.0,1.0,1.0,0.0,1.0,1.0,0.0,0.0,0.0,0.0,0.0,0.0,0.0,0.0,0.0,0.0,0.0,0.0,0.0,0.0,0.0,0.0,0.0,1.0,0.0,0.0,0.0,0.0,0.0,0.0,0.0,0.0,0.0,0.0,2.0,0.0,0.0,0.0,2.0,0.0,0.0,0.0,3.0,3.0,2.0,0.0,0.0,2.0,1.0,0.0,3.0,0.0,0.0,2.0,3.0,2.0,3.0,21.0,3.0,3.0,11.0,7.0,7.0,7.0,24.0
CHEMBL4534925,Inhibition,12.5,19.0,18.0,4.0,0.0,0.0,0.0,29.0,16.0,3.0,0.0,0.0,0.0,0.0,5.0,3.0,0.0,0.0,0.0,29.0,22.0,5.0,0.0,0.0,0.0,0.0,1.0,1.0,24.0,18.0,7.0,0.0,0.0,0.0,3.0,1.0,0.0,0.0,24.0,15.0,7.0,0.0,0.0,0.0,3.0,1.0,0.0,0.0,0.0,21.0,17.0,4.0,0.0,0.0,0.0,1.0,2.0,1.0,23.0,9.0,4.0,0.0,0.0,0.0,0.0,5.0,1.0,0.0,0.0,16.0,18.0,4.0,0.0,0.0,0.0,0.0,1.0,0.0,0.0,0.0,18.0,10.0,1.0,0.0,0.0,0.0,4.0,3.0,18.0,13.0,2.0,0.0,0.0,0.0,2.0,0.0,0.0,0.0,8.0,0.0,4.0,0.0,2.0,0.0,3.0,0.0,2.0,0.0,2.0,1.0,2.0,0.0,3.0,1.0,10.0,2.0,4.0,0.0,0.0,0.0,0.0,0.0,0.0,0.0,0.0,0.0,0.0,0.0,0.0,0.0,0.0,0.0,0.0,0.0,0.0,0.0,0.0,0.0,6.0,2.0,1.0,8.0,0.0,0.0,2.0,3.0,1.0,2.0,2.0,9.0,5.0,0.0,2.0,3.0,2.0,2.0,0.0,0.0,6.0,3.0,2.0,2.0,3.0,0.0,0.0,0.0,0.0,1.0,1.0,2.0,2.0,2.0,18.0,6.0,2.0,22.0,17.0,17.0,8.0,23.0
CHEMBL4447742,Inhibition,69.0,22.0,17.0,4.0,0.0,0.0,0.0,32.0,14.0,5.0,0.0,0.0,0.0,0.0,5.0,2.0,0.0,0.0,0.0,30.0,17.0,7.0,0.0,0.0,0.0,0.0,1.0,1.0,23.0,16.0,9.0,0.0,0.0,0.0,2.0,0.0,0.0,0.0,24.0,15.0,5.0,0.0,0.0,0.0,2.0,2.0,0.0,0.0,0.0,25.0,18.0,3.0,0.0,0.0,0.0,0.0,1.0,0.0,29.0,8.0,3.0,0.0,0.0,0.0,0.0,3.0,3.0,0.0,0.0,23.0,12.0,5.0,0.0,0.0,0.0,1.0,1.0,0.0,0.0,1.0,21.0,10.0,3.0,0.0,0.0,0.0,2.0,3.0,18.0,11.0,5.0,0.0,0.0,2.0,0.0,0.0,0.0,0.0,10.0,0.0,6.0,1.0,1.0,0.0,5.0,0.0,1.0,1.0,2.0,1.0,2.0,0.0,3.0,1.0,13.0,2.0,7.0,0.0,0.0,0.0,1.0,2.0,0.0,0.0,0.0,0.0,1.0,1.0,0.0,0.0,0.0,0.0,0.0,1.0,0.0,2.0,1.0,0.0,7.0,5.0,4.0,12.0,0.0,0.0,2.0,5.0,2.0,1.0,0.0,9.0,7.0,0.0,2.0,1.0,2.0,1.0,1.0,0.0,5.0,2.0,2.0,1.0,3.0,1.0,2.0,0.0,1.0,1.0,0.0,2.0,2.0,2.0,18.0,5.0,2.0,21.0,19.0,19.0,11.0,23.0
CHEMBL4514314,Inhibition,70.6,21.0,17.0,6.0,0.0,0.0,0.0,31.0,14.0,7.0,0.0,0.0,0.0,0.0,5.0,2.0,0.0,0.0,0.0,32.0,17.0,7.0,0.0,0.0,0.0,0.0,1.0,2.0,23.0,16.0,10.0,0.0,0.0,0.0,2.0,0.0,0.0,0.0,24.0,15.0,6.0,0.0,0.0,0.0,2.0,2.0,0.0,0.0,0.0,25.0,18.0,3.0,0.0,0.0,0.0,0.0,1.0,1.0,29.0,8.0,4.0,0.0,0.0,0.0,0.0,3.0,3.0,0.0,0.0,23.0,12.0,7.0,0.0,0.0,0.0,1.0,1.0,0.0,0.0,1.0,21.0,10.0,5.0,0.0,0.0,0.0,2.0,3.0,18.0,11.0,6.0,0.0,0.0,2.0,0.0,0.0,0.0,0.0,10.0,0.0,5.0,0.0,3.0,0.0,5.0,0.0,3.0,1.0,2.0,1.0,2.0,0.0,3.0,2.0,13.0,2.0,6.0,0.0,0.0,0.0,1.0,0.0,0.0,0.0,0.0,0.0,1.0,0.0,0.0,0.0,0.0,0.0,0.0,0.0,0.0,0.0,0.0,0.0,7.0,5.0,4.0,12.0,0.0,0.0,2.0,5.0,5.0,3.0,2.0,9.0,7.0,0.0,2.0,1.0,6.0,3.0,1.0,0.0,5.0,2.0,2.0,3.0,4.0,1.0,0.0,0.0,1.0,1.0,0.0,2.0,2.0,2.0,18.0,6.0,2.0,23.0,20.0,20.0,11.0,23.0
CHEMBL124660,Inhibition,46.1,23.0,15.0,7.0,0.0,0.0,0.0,34.0,13.0,9.0,0.0,0.0,0.0,0.0,3.0,2.0,0.0,0.0,0.0,35.0,17.0,10.0,0.0,0.0,0.0,0.0,1.0,0.0,33.0,14.0,10.0,0.0,0.0,0.0,1.0,2.0,0.0,0.0,35.0,9.0,7.0,0.0,0.0,0.0,2.0,5.0,0.0,0.0,0.0,26.0,16.0,9.0,0.0,0.0,0.0,0.0,2.0,0.0,26.0,12.0,6.0,0.0,0.0,0.0,0.0,2.0,3.0,0.0,0.0,24.0,13.0,10.0,0.0,0.0,0.0,1.0,1.0,0.0,0.0,0.0,24.0,14.0,9.0,0.0,0.0,0.0,1.0,2.0,32.0,7.0,3.0,0.0,0.0,2.0,2.0,0.0,0.0,1.0,12.0,0.0,8.0,4.0,1.0,0.0,5.0,0.0,1.0,3.0,1.0,1.0,1.0,0.0,3.0,3.0,17.0,1.0,10.0,0.0,0.0,0.0,0.0,5.0,0.0,0.0,0.0,0.0,0.0,2.0,1.0,0.0,0.0,0.0,1.0,2.0,0.0,3.0,3.0,1.0,7.0,5.0,4.0,12.0,0.0,0.0,2.0,5.0,0.0,3.0,0.0,9.0,7.0,0.0,2.0,1.0,0.0,3.0,3.0,0.0,4.0,2.0,2.0,0.0,4.0,2.0,4.0,0.0,3.0,1.0,0.0,0.0,2.0,2.0,16.0,5.0,0.0,22.0,22.0,22.0,12.0,20.0
CHEMBL1077739,Inhibition,26.0,17.0,9.0,1.0,0.0,0.0,1.0,23.0,11.0,1.0,0.0,0.0,2.0,2.0,1.0,1.0,0.0,0.0,0.0,23.0,9.0,2.0,0.0,0.0,2.0,2.0,1.0,1.0,18.0,8.0,4.0,0.0,0.0,2.0,1.0,1.0,0.0,0.0,16.0,10.0,4.0,0.0,0.0,1.0,0.0,0.0,0.0,0.0,0.0,17.0,9.0,3.0,0.0,0.0,1.0,1.0,0.0,0.0,15.0,9.0,2.0,0.0,0.0,2.0,2.0,0.0,0.0,0.0,1.0,12.0,5.0,2.0,0.0,0.0,2.0,1.0,0.0,0.0,0.0,0.0,12.0,0.0,0.0,0.0,0.0,2.0,1.0,1.0,10.0,1.0,0.0,0.0,2.0,0.0,0.0,0.0,0.0,1.0,4.0,2.0,2.0,0.0,0.0,2.0,0.0,0.0,0.0,0.0,2.0,1.0,1.0,0.0,0.0,0.0,6.0,1.0,4.0,0.0,0.0,0.0,0.0,3.0,0.0,0.0,0.0,0.0,0.0,2.0,1.0,0.0,0.0,0.0,1.0,2.0,0.0,2.0,0.0,0.0,2.0,0.0,0.0,2.0,0.0,0.0,0.0,1.0,0.0,0.0,0.0,3.0,1.0,0.0,0.0,1.0,0.0,0.0,0.0,0.0,2.0,1.0,0.0,0.0,1.0,0.0,2.0,0.0,0.0,0.0,1.0,0.0,1.0,2.0,15.0,3.0,2.0,10.0,9.0,9.0,4.0,18.0
CHEMBL597211,Inhibition,33.0,20.0,10.0,0.0,0.0,0.0,0.0,32.0,10.0,0.0,0.0,0.0,0.0,0.0,3.0,0.0,0.0,0.0,0.0,27.0,16.0,0.0,0.0,0.0,0.0,0.0,0.0,0.0,27.0,7.0,0.0,0.0,0.0,0.0,4.0,0.0,0.0,0.0,23.0,9.0,0.0,0.0,0.0,0.0,0.0,0.0,0.0,0.0,0.0,17.0,9.0,0.0,0.0,0.0,0.0,1.0,0.0,0.0,14.0,9.0,0.0,0.0,0.0,0.0,0.0,0.0,0.0,0.0,0.0,16.0,9.0,0.0,0.0,0.0,0.0,2.0,0.0,0.0,0.0,0.0,16.0,5.0,0.0,0.0,0.0,0.0,0.0,0.0,10.0,8.0,0.0,0.0,0.0,0.0,0.0,0.0,0.0,0.0,5.0,0.0,2.0,0.0,0.0,0.0,1.0,0.0,0.0,3.0,0.0,0.0,0.0,0.0,1.0,0.0,10.0,0.0,8.0,0.0,2.0,0.0,0.0,8.0,2.0,1.0,4.0,0.0,4.0,4.0,1.0,0.0,0.0,0.0,1.0,4.0,0.0,4.0,0.0,0.0,5.0,0.0,0.0,2.0,0.0,0.0,0.0,1.0,0.0,0.0,0.0,3.0,1.0,0.0,0.0,0.0,0.0,0.0,0.0,0.0,2.0,0.0,0.0,0.0,0.0,3.0,3.0,0.0,0.0,0.0,0.0,0.0,2.0,3.0,15.0,4.0,0.0,10.0,14.0,14.0,4.0,16.0
CHEMBL3824068,Inhibition,96.0,20.0,13.0,2.0,0.0,0.0,0.0,29.0,17.0,3.0,0.0,0.0,0.0,0.0,0.0,0.0,0.0,0.0,0.0,32.0,10.0,4.0,0.0,0.0,0.0,0.0,1.0,1.0,25.0,13.0,5.0,0.0,0.0,0.0,0.0,0.0,0.0,0.0,27.0,10.0,0.0,0.0,0.0,0.0,1.0,3.0,0.0,0.0,0.0,25.0,10.0,1.0,0.0,0.0,0.0,3.0,0.0,0.0,24.0,14.0,2.0,0.0,0.0,0.0,0.0,0.0,0.0,0.0,0.0,22.0,11.0,2.0,0.0,0.0,0.0,2.0,0.0,0.0,0.0,0.0,14.0,13.0,1.0,0.0,0.0,0.0,1.0,0.0,16.0,6.0,0.0,0.0,0.0,2.0,1.0,0.0,0.0,1.0,9.0,3.0,4.0,0.0,0.0,2.0,2.0,2.0,1.0,1.0,1.0,0.0,0.0,0.0,2.0,1.0,11.0,0.0,7.0,0.0,1.0,0.0,0.0,5.0,2.0,1.0,0.0,0.0,0.0,4.0,1.0,0.0,0.0,0.0,1.0,4.0,2.0,2.0,0.0,2.0,6.0,2.0,1.0,8.0,0.0,0.0,0.0,3.0,0.0,1.0,0.0,7.0,5.0,0.0,0.0,2.0,0.0,1.0,0.0,0.0,3.0,0.0,2.0,0.0,1.0,0.0,2.0,0.0,1.0,2.0,0.0,0.0,2.0,3.0,17.0,6.0,0.0,15.0,15.0,15.0,4.0,19.0
CHEMBL1079596,Inhibition,33.0,12.0,17.0,6.0,0.0,0.0,0.0,21.0,10.0,7.0,0.0,0.0,0.0,0.0,6.0,5.0,0.0,0.0,0.0,14.0,19.0,9.0,0.0,0.0,0.0,0.0,3.0,2.0,15.0,14.0,9.0,0.0,0.0,0.0,4.0,5.0,0.0,0.0,14.0,14.0,11.0,0.0,0.0,0.0,2.0,5.0,0.0,0.0,1.0,13.0,14.0,9.0,0.0,0.0,0.0,2.0,7.0,1.0,15.0,12.0,5.0,0.0,0.0,0.0,0.0,3.0,4.0,0.0,0.0,11.0,17.0,5.0,0.0,0.0,0.0,0.0,3.0,0.0,0.0,1.0,12.0,8.0,5.0,0.0,0.0,0.0,4.0,3.0,8.0,10.0,6.0,0.0,0.0,0.0,1.0,0.0,0.0,4.0,1.0,1.0,0.0,0.0,0.0,1.0,0.0,0.0,0.0,1.0,3.0,2.0,1.0,0.0,0.0,1.0,8.0,1.0,4.0,0.0,0.0,0.0,0.0,3.0,0.0,0.0,0.0,0.0,0.0,2.0,1.0,0.0,0.0,0.0,1.0,1.0,2.0,1.0,0.0,5.0,1.0,0.0,0.0,1.0,0.0,0.0,1.0,0.0,0.0,7.0,3.0,5.0,2.0,0.0,2.0,1.0,1.0,5.0,0.0,0.0,4.0,2.0,0.0,1.0,5.0,0.0,0.0,0.0,0.0,0.0,0.0,0.0,3.0,4.0,15.0,5.0,2.0,23.0,16.0,16.0,8.0,21.0
CHEMBL1164847,Inhibition,50.0,23.0,12.0,2.0,0.0,6.0,6.0,32.0,11.0,1.0,0.0,6.0,0.0,6.0,4.0,3.0,6.0,6.0,6.0,29.0,18.0,3.0,0.0,12.0,0.0,12.0,0.0,0.0,26.0,14.0,4.0,0.0,12.0,12.0,3.0,2.0,0.0,0.0,22.0,15.0,6.0,0.0,12.0,12.0,1.0,0.0,6.0,6.0,0.0,18.0,15.0,7.0,0.0,6.0,6.0,2.0,0.0,0.0,20.0,13.0,3.0,0.0,0.0,0.0,0.0,0.0,1.0,6.0,6.0,21.0,12.0,3.0,0.0,6.0,6.0,1.0,1.0,0.0,0.0,0.0,23.0,8.0,2.0,0.0,0.0,0.0,1.0,0.0,19.0,10.0,2.0,12.0,12.0,0.0,0.0,0.0,0.0,0.0,0.0,0.0,0.0,0.0,0.0,0.0,0.0,0.0,0.0,1.0,2.0,1.0,1.0,6.0,0.0,0.0,5.0,1.0,1.0,1.0,0.0,0.0,1.0,0.0,0.0,0.0,0.0,0.0,0.0,0.0,0.0,0.0,0.0,0.0,0.0,0.0,0.0,0.0,0.0,0.0,1.0,0.0,0.0,0.0,0.0,0.0,0.0,0.0,0.0,0.0,0.0,2.0,0.0,0.0,0.0,2.0,0.0,1.0,0.0,6.0,3.0,1.0,0.0,0.0,2.0,1.0,0.0,6.0,0.0,0.0,1.0,0.0,3.0,3.0,24.0,3.0,2.0,14.0,6.0,6.0,7.0,27.0
CHEMBL3329653,Inhibition,7.0,20.0,8.0,5.0,0.0,0.0,0.0,28.0,9.0,4.0,0.0,0.0,0.0,0.0,1.0,4.0,0.0,0.0,0.0,24.0,10.0,10.0,0.0,0.0,0.0,0.0,1.0,0.0,19.0,13.0,9.0,0.0,0.0,0.0,0.0,1.0,0.0,0.0,18.0,9.0,10.0,0.0,0.0,0.0,2.0,3.0,0.0,0.0,0.0,16.0,11.0,10.0,0.0,0.0,0.0,0.0,1.0,1.0,17.0,6.0,6.0,0.0,0.0,0.0,0.0,1.0,2.0,0.0,0.0,17.0,6.0,5.0,0.0,0.0,0.0,0.0,1.0,0.0,0.0,1.0,16.0,4.0,5.0,0.0,0.0,0.0,1.0,1.0,13.0,4.0,7.0,0.0,0.0,0.0,0.0,0.0,0.0,0.0,0.0,0.0,0.0,0.0,0.0,0.0,0.0,0.0,0.0,1.0,3.0,4.0,3.0,0.0,0.0,1.0,6.0,3.0,1.0,1.0,0.0,1.0,1.0,0.0,0.0,0.0,0.0,0.0,1.0,0.0,0.0,0.0,0.0,0.0,0.0,0.0,0.0,0.0,0.0,0.0,1.0,0.0,0.0,0.0,0.0,0.0,0.0,0.0,0.0,0.0,0.0,4.0,1.0,0.0,2.0,2.0,0.0,1.0,1.0,0.0,3.0,4.0,0.0,0.0,4.0,0.0,0.0,0.0,1.0,0.0,2.0,3.0,0.0,1.0,17.0,2.0,7.0,13.0,10.0,10.0,7.0,25.0
CHEMBL521478,Inhibition,29.0,19.0,15.0,2.0,0.0,0.0,0.0,29.0,14.0,2.0,0.0,0.0,0.0,0.0,3.0,2.0,0.0,0.0,0.0,30.0,15.0,6.0,0.0,0.0,0.0,0.0,1.0,0.0,26.0,12.0,6.0,0.0,0.0,0.0,3.0,0.0,0.0,0.0,27.0,13.0,1.0,0.0,0.0,0.0,1.0,3.0,0.0,0.0,0.0,22.0,17.0,3.0,0.0,0.0,0.0,0.0,0.0,0.0,21.0,13.0,3.0,0.0,0.0,0.0,0.0,1.0,1.0,0.0,0.0,18.0,13.0,4.0,0.0,0.0,0.0,1.0,0.0,0.0,0.0,0.0,23.0,4.0,2.0,0.0,0.0,0.0,2.0,2.0,18.0,8.0,3.0,0.0,0.0,1.0,1.0,0.0,0.0,0.0,4.0,0.0,2.0,0.0,0.0,0.0,2.0,0.0,0.0,3.0,1.0,0.0,2.0,0.0,3.0,0.0,9.0,2.0,3.0,1.0,0.0,0.0,1.0,0.0,0.0,0.0,0.0,0.0,0.0,0.0,0.0,0.0,0.0,0.0,0.0,0.0,0.0,0.0,0.0,0.0,5.0,5.0,4.0,10.0,2.0,0.0,4.0,4.0,0.0,0.0,0.0,7.0,6.0,0.0,4.0,1.0,0.0,0.0,0.0,0.0,4.0,2.0,2.0,0.0,2.0,2.0,0.0,0.0,0.0,0.0,2.0,2.0,2.0,2.0,18.0,4.0,2.0,17.0,11.0,11.0,7.0,22.0
CHEMBL3616960,Inhibition,2.12,21.0,11.0,3.0,0.0,3.0,3.0,30.0,14.0,5.0,0.0,3.0,0.0,3.0,0.0,2.0,3.0,3.0,3.0,30.0,13.0,7.0,0.0,6.0,0.0,6.0,1.0,0.0,25.0,10.0,7.0,0.0,6.0,6.0,2.0,2.0,0.0,0.0,29.0,8.0,8.0,0.0,6.0,6.0,1.0,1.0,3.0,3.0,0.0,30.0,9.0,6.0,0.0,6.0,6.0,0.0,2.0,0.0,22.0,14.0,8.0,0.0,9.0,0.0,9.0,0.0,0.0,0.0,0.0,23.0,6.0,3.0,0.0,6.0,6.0,2.0,2.0,3.0,3.0,1.0,19.0,6.0,6.0,0.0,9.0,9.0,1.0,0.0,18.0,7.0,4.0,3.0,3.0,0.0,1.0,3.0,3.0,0.0,4.0,0.0,2.0,0.0,0.0,0.0,2.0,2.0,0.0,3.0,2.0,2.0,2.0,3.0,2.0,0.0,10.0,2.0,2.0,0.0,0.0,0.0,0.0,0.0,0.0,0.0,0.0,0.0,0.0,0.0,0.0,0.0,0.0,0.0,0.0,0.0,0.0,0.0,0.0,0.0,4.0,2.0,1.0,6.0,0.0,0.0,0.0,2.0,0.0,0.0,0.0,7.0,4.0,0.0,0.0,4.0,0.0,0.0,0.0,3.0,4.0,2.0,2.0,0.0,2.0,2.0,0.0,3.0,0.0,2.0,2.0,3.0,1.0,2.0,17.0,4.0,4.0,14.0,13.0,13.0,8.0,22.0
CHEMBL1957499,Inhibition,50.0,17.0,18.0,2.0,1.0,0.0,0.0,26.0,25.0,4.0,2.0,0.0,0.0,0.0,2.0,2.0,0.0,0.0,0.0,35.0,15.0,4.0,2.0,0.0,0.0,0.0,7.0,1.0,26.0,31.0,5.0,0.0,0.0,0.0,2.0,0.0,0.0,0.0,28.0,28.0,1.0,1.0,0.0,0.0,3.0,3.0,0.0,0.0,0.0,34.0,19.0,3.0,1.0,0.0,0.0,6.0,2.0,0.0,30.0,19.0,6.0,1.0,0.0,0.0,0.0,6.0,0.0,0.0,0.0,23.0,22.0,6.0,1.0,0.0,0.0,2.0,2.0,0.0,0.0,0.0,18.0,14.0,5.0,2.0,0.0,0.0,2.0,4.0,16.0,4.0,7.0,0.0,0.0,3.0,2.0,0.0,0.0,0.0,9.0,0.0,4.0,0.0,2.0,0.0,5.0,0.0,2.0,1.0,0.0,0.0,0.0,0.0,3.0,1.0,11.0,0.0,4.0,0.0,0.0,0.0,0.0,0.0,0.0,0.0,0.0,0.0,0.0,0.0,0.0,0.0,0.0,0.0,0.0,0.0,0.0,0.0,0.0,0.0,6.0,2.0,1.0,8.0,0.0,0.0,0.0,3.0,1.0,2.0,2.0,7.0,5.0,0.0,0.0,0.0,2.0,2.0,0.0,0.0,4.0,0.0,2.0,2.0,3.0,0.0,0.0,0.0,0.0,1.0,0.0,0.0,3.0,5.0,18.0,9.0,0.0,21.0,17.0,17.0,4.0,19.0
CHEMBL1929247,Inhibition,38.0,12.0,4.0,2.0,2.0,0.0,0.0,16.0,3.0,1.0,2.0,0.0,0.0,0.0,0.0,2.0,0.0,0.0,0.0,14.0,1.0,6.0,2.0,0.0,0.0,0.0,1.0,0.0,10.0,3.0,4.0,2.0,0.0,0.0,0.0,0.0,0.0,0.0,9.0,2.0,2.0,1.0,0.0,0.0,0.0,2.0,0.0,0.0,0.0,8.0,2.0,2.0,2.0,0.0,0.0,0.0,0.0,0.0,7.0,3.0,3.0,2.0,0.0,0.0,0.0,0.0,0.0,0.0,0.0,6.0,3.0,4.0,1.0,0.0,0.0,0.0,0.0,0.0,0.0,0.0,5.0,2.0,3.0,0.0,0.0,0.0,0.0,0.0,3.0,2.0,1.0,0.0,0.0,0.0,0.0,0.0,0.0,1.0,9.0,3.0,6.0,3.0,0.0,0.0,0.0,0.0,0.0,0.0,0.0,0.0,2.0,0.0,1.0,0.0,14.0,2.0,11.0,1.0,1.0,2.0,1.0,10.0,3.0,3.0,0.0,0.0,0.0,11.0,12.0,7.0,5.0,3.0,0.0,0.0,0.0,0.0,0.0,0.0,3.0,2.0,1.0,4.0,1.0,0.0,3.0,1.0,0.0,0.0,0.0,4.0,3.0,0.0,4.0,0.0,0.0,0.0,0.0,0.0,2.0,2.0,1.0,0.0,2.0,0.0,7.0,0.0,0.0,0.0,1.0,1.0,0.0,0.0,0.0,2.0,1.0,8.0,12.0,12.0,5.0,6.0
CHEMBL3416145,Inhibition,33.9,12.0,5.0,2.0,0.0,0.0,0.0,18.0,5.0,2.0,0.0,0.0,0.0,0.0,1.0,0.0,0.0,0.0,0.0,19.0,3.0,2.0,0.0,0.0,0.0,0.0,0.0,0.0,14.0,3.0,1.0,0.0,0.0,0.0,0.0,0.0,0.0,0.0,9.0,4.0,1.0,0.0,0.0,0.0,0.0,0.0,0.0,0.0,0.0,7.0,4.0,2.0,0.0,0.0,0.0,0.0,0.0,0.0,6.0,2.0,2.0,0.0,0.0,0.0,0.0,0.0,0.0,0.0,0.0,4.0,0.0,0.0,0.0,0.0,0.0,0.0,2.0,0.0,0.0,0.0,0.0,2.0,2.0,0.0,0.0,0.0,0.0,0.0,2.0,0.0,0.0,0.0,0.0,0.0,0.0,0.0,0.0,0.0,0.0,0.0,0.0,0.0,0.0,0.0,0.0,0.0,0.0,1.0,0.0,0.0,0.0,0.0,0.0,1.0,1.0,0.0,0.0,0.0,0.0,0.0,0.0,0.0,0.0,0.0,0.0,0.0,0.0,0.0,0.0,0.0,0.0,0.0,0.0,0.0,0.0,0.0,0.0,0.0,0.0,0.0,0.0,0.0,0.0,0.0,0.0,0.0,0.0,0.0,0.0,0.0,0.0,0.0,0.0,0.0,0.0,1.0,1.0,0.0,0.0,0.0,0.0,0.0,1.0,0.0,0.0,0.0,1.0,0.0,0.0,0.0,1.0,2.0,15.0,2.0,0.0,7.0,1.0,1.0,1.0,14.0
CHEMBL3416147,Inhibition,98.0,18.0,6.0,0.0,2.0,0.0,0.0,25.0,7.0,0.0,3.0,0.0,0.0,0.0,1.0,0.0,0.0,0.0,0.0,25.0,7.0,0.0,2.0,0.0,0.0,0.0,0.0,0.0,21.0,9.0,0.0,2.0,0.0,0.0,0.0,0.0,0.0,0.0,18.0,7.0,0.0,0.0,0.0,0.0,0.0,0.0,0.0,0.0,0.0,13.0,7.0,0.0,2.0,0.0,0.0,0.0,0.0,0.0,14.0,3.0,0.0,1.0,0.0,0.0,0.0,0.0,0.0,0.0,0.0,11.0,2.0,0.0,2.0,0.0,0.0,1.0,0.0,0.0,0.0,0.0,10.0,2.0,0.0,2.0,0.0,0.0,1.0,0.0,7.0,2.0,0.0,0.0,0.0,0.0,0.0,0.0,0.0,0.0,1.0,0.0,0.0,0.0,0.0,0.0,0.0,0.0,0.0,0.0,0.0,0.0,0.0,0.0,0.0,0.0,2.0,0.0,1.0,0.0,0.0,0.0,0.0,0.0,0.0,0.0,0.0,0.0,1.0,0.0,0.0,0.0,0.0,0.0,0.0,0.0,0.0,0.0,0.0,0.0,0.0,0.0,0.0,0.0,0.0,0.0,0.0,0.0,0.0,0.0,0.0,0.0,0.0,0.0,0.0,0.0,0.0,0.0,0.0,0.0,1.0,0.0,0.0,0.0,0.0,0.0,1.0,0.0,0.0,0.0,0.0,0.0,1.0,3.0,20.0,3.0,0.0,8.0,2.0,2.0,1.0,18.0
CHEMBL5077776,Inhibition,85.0,21.0,13.0,4.0,0.0,0.0,0.0,32.0,14.0,4.0,0.0,0.0,0.0,0.0,3.0,2.0,0.0,0.0,0.0,30.0,20.0,8.0,0.0,0.0,0.0,0.0,1.0,1.0,27.0,20.0,6.0,0.0,0.0,0.0,1.0,1.0,0.0,0.0,29.0,10.0,4.0,0.0,0.0,0.0,4.0,2.0,0.0,0.0,0.0,22.0,18.0,7.0,0.0,0.0,0.0,1.0,1.0,0.0,26.0,13.0,5.0,0.0,0.0,0.0,0.0,0.0,3.0,0.0,0.0,21.0,11.0,5.0,0.0,0.0,0.0,3.0,3.0,0.0,0.0,0.0,18.0,10.0,5.0,0.0,0.0,0.0,0.0,0.0,20.0,3.0,6.0,0.0,0.0,2.0,1.0,0.0,0.0,0.0,5.0,0.0,2.0,0.0,0.0,1.0,1.0,0.0,0.0,1.0,2.0,1.0,2.0,0.0,1.0,1.0,11.0,2.0,6.0,1.0,1.0,1.0,1.0,5.0,2.0,1.0,0.0,0.0,0.0,4.0,1.0,0.0,0.0,0.0,1.0,6.0,0.0,4.0,2.0,0.0,4.0,3.0,3.0,7.0,2.0,0.0,3.0,3.0,0.0,0.0,0.0,5.0,4.0,0.0,3.0,0.0,0.0,1.0,1.0,0.0,3.0,2.0,0.0,0.0,3.0,0.0,2.0,0.0,1.0,0.0,2.0,2.0,2.0,3.0,17.0,5.0,3.0,17.0,15.0,15.0,5.0,22.0
CHEMBL3986609,Inhibition,85.0,23.0,5.0,3.0,1.0,0.0,0.0,26.0,12.0,5.0,3.0,0.0,0.0,0.0,0.0,3.0,0.0,0.0,0.0,22.0,14.0,10.0,4.0,0.0,0.0,0.0,0.0,0.0,19.0,14.0,13.0,3.0,0.0,0.0,0.0,0.0,0.0,0.0,25.0,6.0,8.0,2.0,0.0,0.0,3.0,2.0,0.0,0.0,2.0,26.0,6.0,8.0,1.0,0.0,0.0,1.0,0.0,0.0,22.0,8.0,7.0,2.0,0.0,0.0,0.0,0.0,5.0,0.0,0.0,18.0,8.0,10.0,2.0,0.0,0.0,1.0,1.0,0.0,0.0,0.0,16.0,7.0,10.0,1.0,0.0,0.0,0.0,0.0,15.0,5.0,5.0,0.0,0.0,0.0,5.0,0.0,0.0,0.0,0.0,0.0,0.0,0.0,0.0,0.0,0.0,0.0,0.0,0.0,2.0,1.0,2.0,0.0,0.0,0.0,4.0,2.0,2.0,1.0,0.0,2.0,2.0,0.0,0.0,0.0,0.0,0.0,0.0,0.0,0.0,0.0,0.0,0.0,0.0,0.0,0.0,0.0,0.0,0.0,1.0,0.0,0.0,0.0,0.0,0.0,0.0,0.0,0.0,1.0,0.0,1.0,0.0,0.0,0.0,1.0,0.0,1.0,0.0,0.0,2.0,1.0,0.0,0.0,5.0,0.0,0.0,0.0,0.0,0.0,2.0,2.0,1.0,2.0,21.0,2.0,6.0,9.0,9.0,9.0,7.0,27.0
CHEMBL2325895,Inhibition,16.0,17.0,12.0,2.0,0.0,0.0,0.0,23.0,14.0,2.0,0.0,0.0,0.0,0.0,1.0,2.0,0.0,0.0,0.0,16.0,18.0,6.0,0.0,0.0,0.0,0.0,3.0,1.0,19.0,11.0,8.0,0.0,0.0,0.0,3.0,2.0,0.0,0.0,25.0,7.0,6.0,0.0,0.0,0.0,1.0,2.0,0.0,0.0,1.0,20.0,13.0,6.0,0.0,0.0,0.0,0.0,1.0,0.0,16.0,12.0,4.0,0.0,0.0,0.0,0.0,3.0,2.0,0.0,0.0,14.0,12.0,2.0,0.0,0.0,0.0,1.0,1.0,0.0,0.0,0.0,15.0,7.0,2.0,0.0,0.0,0.0,0.0,1.0,12.0,7.0,2.0,0.0,0.0,0.0,0.0,0.0,0.0,3.0,3.0,1.0,0.0,0.0,0.0,0.0,0.0,0.0,0.0,3.0,1.0,1.0,2.0,0.0,1.0,0.0,14.0,2.0,11.0,1.0,6.0,0.0,1.0,11.0,3.0,0.0,3.0,1.0,0.0,3.0,0.0,0.0,0.0,0.0,0.0,3.0,0.0,7.0,2.0,0.0,5.0,2.0,1.0,7.0,2.0,2.0,4.0,2.0,0.0,0.0,0.0,5.0,4.0,1.0,3.0,0.0,0.0,0.0,0.0,0.0,3.0,2.0,1.0,0.0,2.0,3.0,1.0,0.0,0.0,0.0,2.0,1.0,2.0,3.0,9.0,4.0,2.0,14.0,18.0,18.0,7.0,17.0
CHEMBL3736320,Inhibition,29.0,22.0,10.0,1.0,0.0,3.0,3.0,29.0,14.0,1.0,0.0,3.0,0.0,3.0,3.0,1.0,3.0,3.0,3.0,26.0,19.0,3.0,0.0,6.0,0.0,6.0,1.0,0.0,25.0,12.0,4.0,0.0,6.0,6.0,5.0,0.0,0.0,0.0,25.0,11.0,4.0,0.0,6.0,6.0,0.0,0.0,0.0,0.0,0.0,24.0,12.0,2.0,0.0,0.0,0.0,0.0,0.0,0.0,24.0,10.0,1.0,0.0,3.0,0.0,3.0,1.0,0.0,0.0,0.0,22.0,10.0,1.0,0.0,6.0,6.0,1.0,0.0,0.0,0.0,0.0,18.0,6.0,1.0,0.0,6.0,6.0,3.0,1.0,12.0,9.0,2.0,6.0,6.0,0.0,1.0,0.0,0.0,1.0,0.0,0.0,0.0,0.0,0.0,0.0,0.0,0.0,0.0,2.0,1.0,1.0,1.0,3.0,0.0,0.0,7.0,1.0,2.0,0.0,0.0,0.0,0.0,1.0,0.0,0.0,0.0,0.0,0.0,0.0,0.0,0.0,0.0,0.0,0.0,0.0,0.0,0.0,0.0,0.0,0.0,0.0,0.0,0.0,0.0,0.0,0.0,0.0,0.0,0.0,0.0,1.0,0.0,0.0,0.0,1.0,0.0,0.0,0.0,3.0,2.0,1.0,0.0,0.0,1.0,2.0,0.0,3.0,0.0,0.0,1.0,2.0,3.0,4.0,21.0,4.0,2.0,11.0,6.0,6.0,5.0,22.0
CHEMBL3355737,Inhibition,70.0,24.0,8.0,1.0,2.0,0.0,0.0,28.0,12.0,6.0,4.0,0.0,0.0,0.0,3.0,0.0,0.0,0.0,0.0,22.0,14.0,10.0,4.0,0.0,0.0,0.0,1.0,0.0,22.0,13.0,9.0,1.0,0.0,0.0,2.0,0.0,0.0,0.0,24.0,15.0,2.0,2.0,0.0,0.0,1.0,7.0,0.0,0.0,0.0,22.0,16.0,5.0,3.0,0.0,0.0,1.0,0.0,0.0,23.0,14.0,7.0,3.0,0.0,0.0,0.0,1.0,3.0,0.0,0.0,26.0,13.0,8.0,2.0,0.0,0.0,0.0,2.0,0.0,0.0,0.0,28.0,10.0,5.0,2.0,0.0,0.0,0.0,1.0,24.0,8.0,6.0,0.0,0.0,0.0,0.0,0.0,0.0,3.0,8.0,6.0,5.0,1.0,0.0,0.0,0.0,0.0,0.0,0.0,2.0,0.0,0.0,0.0,0.0,0.0,11.0,0.0,11.0,0.0,0.0,0.0,0.0,11.0,0.0,0.0,2.0,0.0,0.0,11.0,7.0,1.0,0.0,0.0,2.0,2.0,2.0,2.0,0.0,2.0,2.0,0.0,0.0,0.0,0.0,0.0,0.0,0.0,0.0,2.0,0.0,1.0,0.0,0.0,0.0,0.0,0.0,1.0,0.0,0.0,2.0,0.0,0.0,0.0,3.0,0.0,8.0,0.0,0.0,0.0,0.0,0.0,2.0,3.0,17.0,3.0,8.0,11.0,19.0,19.0,7.0,21.0
CHEMBL4096190,Inhibition,36.0,20.0,6.0,0.0,0.0,0.0,0.0,28.0,6.0,0.0,0.0,0.0,0.0,0.0,1.0,0.0,0.0,0.0,0.0,26.0,7.0,0.0,0.0,0.0,0.0,0.0,0.0,0.0,21.0,7.0,0.0,0.0,0.0,0.0,0.0,0.0,0.0,0.0,19.0,4.0,0.0,0.0,0.0,0.0,0.0,0.0,0.0,0.0,0.0,16.0,4.0,0.0,0.0,0.0,0.0,0.0,0.0,0.0,16.0,4.0,0.0,0.0,0.0,0.0,0.0,0.0,0.0,0.0,0.0,14.0,3.0,0.0,0.0,0.0,0.0,0.0,0.0,0.0,0.0,0.0,9.0,5.0,0.0,0.0,0.0,0.0,0.0,0.0,8.0,4.0,0.0,0.0,0.0,2.0,0.0,0.0,0.0,0.0,2.0,0.0,1.0,0.0,0.0,1.0,0.0,0.0,0.0,0.0,1.0,0.0,0.0,0.0,0.0,0.0,5.0,0.0,1.0,0.0,0.0,0.0,0.0,0.0,0.0,0.0,0.0,0.0,0.0,0.0,0.0,0.0,0.0,0.0,0.0,0.0,0.0,0.0,0.0,0.0,2.0,0.0,0.0,1.0,0.0,0.0,0.0,0.0,0.0,0.0,0.0,3.0,1.0,0.0,0.0,0.0,0.0,0.0,0.0,0.0,2.0,0.0,1.0,0.0,0.0,0.0,0.0,0.0,0.0,0.0,1.0,0.0,1.0,1.0,16.0,3.0,2.0,6.0,4.0,4.0,1.0,17.0
CHEMBL4074823,Inhibition,51.0,25.0,11.0,0.0,0.0,0.0,1.0,36.0,11.0,0.0,0.0,0.0,2.0,2.0,2.0,0.0,0.0,0.0,0.0,36.0,12.0,0.0,0.0,0.0,2.0,2.0,1.0,0.0,28.0,15.0,0.0,0.0,0.0,2.0,0.0,0.0,0.0,0.0,28.0,11.0,0.0,0.0,0.0,3.0,1.0,0.0,0.0,0.0,0.0,27.0,12.0,0.0,0.0,0.0,1.0,0.0,0.0,0.0,28.0,10.0,0.0,0.0,0.0,1.0,1.0,0.0,0.0,0.0,0.0,26.0,6.0,0.0,0.0,0.0,2.0,0.0,0.0,0.0,0.0,0.0,19.0,7.0,0.0,0.0,0.0,2.0,0.0,0.0,17.0,5.0,0.0,0.0,1.0,4.0,0.0,0.0,0.0,0.0,9.0,0.0,6.0,3.0,0.0,0.0,4.0,0.0,0.0,0.0,0.0,0.0,0.0,0.0,2.0,0.0,12.0,0.0,6.0,0.0,0.0,0.0,0.0,3.0,0.0,0.0,0.0,0.0,0.0,2.0,1.0,0.0,0.0,0.0,1.0,2.0,0.0,2.0,2.0,0.0,6.0,5.0,4.0,10.0,0.0,0.0,0.0,4.0,0.0,0.0,0.0,7.0,6.0,0.0,0.0,0.0,0.0,0.0,0.0,0.0,4.0,0.0,2.0,0.0,0.0,0.0,3.0,0.0,0.0,1.0,1.0,0.0,1.0,1.0,16.0,4.0,2.0,11.0,13.0,13.0,4.0,18.0
CHEMBL4085073,Inhibition,60.0,20.0,7.0,0.0,0.0,0.0,1.0,28.0,7.0,0.0,0.0,0.0,2.0,2.0,2.0,0.0,0.0,0.0,0.0,26.0,10.0,0.0,0.0,0.0,2.0,2.0,0.0,0.0,21.0,10.0,0.0,0.0,0.0,2.0,0.0,0.0,0.0,0.0,19.0,7.0,0.0,0.0,0.0,3.0,0.0,0.0,0.0,0.0,0.0,16.0,7.0,0.0,0.0,0.0,1.0,0.0,0.0,0.0,16.0,6.0,0.0,0.0,0.0,1.0,1.0,0.0,0.0,0.0,0.0,14.0,4.0,0.0,0.0,0.0,2.0,0.0,0.0,0.0,0.0,0.0,9.0,6.0,0.0,0.0,0.0,2.0,0.0,0.0,8.0,4.0,0.0,0.0,1.0,4.0,0.0,0.0,0.0,0.0,2.0,0.0,1.0,0.0,0.0,1.0,0.0,0.0,0.0,0.0,1.0,0.0,0.0,0.0,0.0,0.0,5.0,0.0,1.0,0.0,0.0,0.0,0.0,0.0,0.0,0.0,0.0,0.0,0.0,0.0,0.0,0.0,0.0,0.0,0.0,0.0,0.0,0.0,0.0,0.0,2.0,0.0,0.0,1.0,0.0,0.0,0.0,0.0,0.0,0.0,0.0,3.0,1.0,0.0,0.0,0.0,0.0,0.0,0.0,0.0,3.0,0.0,1.0,0.0,0.0,0.0,0.0,0.0,0.0,0.0,1.0,0.0,1.0,1.0,16.0,3.0,2.0,7.0,5.0,5.0,1.0,17.0
CHEMBL4796495,Inhibition,45.9,28.0,15.0,7.0,2.0,0.0,0.0,39.0,17.0,8.0,2.0,0.0,0.0,0.0,2.0,4.0,0.0,0.0,0.0,39.0,15.0,8.0,4.0,0.0,0.0,0.0,1.0,2.0,30.0,17.0,11.0,2.0,0.0,0.0,0.0,1.0,0.0,0.0,28.0,14.0,12.0,3.0,0.0,0.0,1.0,2.0,0.0,0.0,0.0,34.0,10.0,7.0,3.0,0.0,0.0,1.0,1.0,1.0,39.0,8.0,6.0,1.0,0.0,0.0,0.0,2.0,1.0,0.0,0.0,33.0,10.0,7.0,2.0,0.0,0.0,1.0,1.0,0.0,0.0,0.0,25.0,10.0,6.0,3.0,0.0,0.0,2.0,3.0,22.0,15.0,7.0,0.0,0.0,0.0,0.0,0.0,0.0,0.0,7.0,0.0,3.0,0.0,3.0,0.0,3.0,0.0,3.0,1.0,3.0,3.0,2.0,0.0,1.0,2.0,10.0,2.0,4.0,1.0,0.0,0.0,1.0,0.0,0.0,0.0,0.0,0.0,1.0,0.0,0.0,0.0,0.0,0.0,0.0,0.0,0.0,0.0,0.0,0.0,4.0,3.0,3.0,6.0,0.0,0.0,0.0,3.0,5.0,3.0,2.0,6.0,3.0,0.0,0.0,2.0,6.0,3.0,1.0,0.0,4.0,3.0,0.0,3.0,4.0,1.0,1.0,0.0,1.0,1.0,1.0,0.0,2.0,5.0,29.0,7.0,0.0,24.0,18.0,18.0,12.0,31.0
CHEMBL4847460,Inhibition,50.0,21.0,14.0,4.0,2.0,1.0,1.0,32.0,13.0,6.0,0.0,2.0,0.0,2.0,1.0,2.0,0.0,0.0,0.0,31.0,12.0,8.0,3.0,2.0,0.0,2.0,3.0,2.0,30.0,16.0,8.0,3.0,1.0,1.0,1.0,2.0,0.0,0.0,36.0,13.0,6.0,2.0,1.0,1.0,1.0,2.0,0.0,0.0,1.0,30.0,19.0,8.0,5.0,1.0,1.0,0.0,0.0,0.0,32.0,12.0,4.0,3.0,3.0,0.0,3.0,1.0,1.0,1.0,1.0,28.0,10.0,6.0,2.0,1.0,1.0,0.0,1.0,1.0,1.0,0.0,24.0,5.0,5.0,1.0,2.0,2.0,1.0,1.0,18.0,6.0,5.0,4.0,4.0,1.0,1.0,0.0,0.0,0.0,2.0,0.0,1.0,0.0,0.0,0.0,0.0,1.0,0.0,4.0,2.0,2.0,2.0,1.0,1.0,1.0,8.0,2.0,1.0,0.0,0.0,0.0,0.0,0.0,0.0,0.0,0.0,0.0,0.0,0.0,0.0,0.0,0.0,0.0,0.0,0.0,0.0,0.0,0.0,0.0,1.0,1.0,0.0,2.0,0.0,0.0,0.0,0.0,0.0,0.0,0.0,6.0,4.0,0.0,1.0,1.0,0.0,0.0,0.0,1.0,3.0,2.0,0.0,0.0,3.0,0.0,0.0,0.0,0.0,1.0,2.0,2.0,2.0,3.0,23.0,3.0,4.0,20.0,10.0,10.0,11.0,26.0
CHEMBL3732044,Inhibition,38.0,12.0,4.0,2.0,2.0,0.0,0.0,16.0,3.0,1.0,2.0,0.0,0.0,0.0,0.0,2.0,0.0,0.0,0.0,14.0,1.0,6.0,2.0,0.0,0.0,0.0,1.0,0.0,10.0,3.0,4.0,2.0,0.0,0.0,0.0,0.0,0.0,0.0,9.0,2.0,2.0,1.0,0.0,0.0,0.0,2.0,0.0,0.0,0.0,8.0,2.0,2.0,2.0,0.0,0.0,0.0,0.0,0.0,7.0,3.0,3.0,2.0,0.0,0.0,0.0,0.0,0.0,0.0,0.0,6.0,3.0,4.0,1.0,0.0,0.0,0.0,0.0,0.0,0.0,0.0,5.0,2.0,3.0,0.0,0.0,0.0,0.0,0.0,3.0,2.0,1.0,0.0,0.0,0.0,0.0,0.0,0.0,1.0,9.0,3.0,6.0,3.0,0.0,0.0,0.0,0.0,0.0,0.0,0.0,0.0,2.0,0.0,1.0,0.0,14.0,2.0,11.0,1.0,1.0,2.0,1.0,10.0,3.0,3.0,0.0,0.0,0.0,11.0,12.0,7.0,5.0,3.0,0.0,0.0,0.0,0.0,0.0,0.0,3.0,2.0,1.0,4.0,1.0,0.0,3.0,1.0,0.0,0.0,0.0,4.0,3.0,0.0,4.0,0.0,0.0,0.0,0.0,0.0,2.0,2.0,1.0,0.0,2.0,0.0,7.0,0.0,0.0,0.0,1.0,1.0,0.0,0.0,0.0,2.0,1.0,8.0,12.0,12.0,5.0,6.0
CHEMBL4861930,Inhibition,2.0,13.0,5.0,1.0,3.0,0.0,0.0,19.0,5.0,2.0,1.0,0.0,0.0,0.0,0.0,1.0,0.0,0.0,0.0,16.0,5.0,4.0,5.0,0.0,0.0,0.0,0.0,0.0,13.0,5.0,3.0,5.0,0.0,0.0,0.0,0.0,0.0,0.0,15.0,1.0,3.0,8.0,0.0,0.0,1.0,0.0,0.0,0.0,0.0,12.0,2.0,2.0,7.0,0.0,0.0,0.0,0.0,0.0,9.0,2.0,0.0,1.0,0.0,0.0,0.0,0.0,1.0,0.0,0.0,6.0,2.0,0.0,0.0,0.0,0.0,0.0,0.0,0.0,0.0,0.0,2.0,2.0,0.0,0.0,0.0,0.0,0.0,0.0,0.0,1.0,0.0,0.0,0.0,0.0,0.0,0.0,0.0,0.0,2.0,0.0,0.0,0.0,0.0,0.0,0.0,0.0,0.0,0.0,0.0,0.0,0.0,0.0,1.0,0.0,4.0,0.0,1.0,0.0,0.0,0.0,0.0,0.0,0.0,0.0,0.0,0.0,1.0,0.0,0.0,0.0,0.0,0.0,0.0,0.0,0.0,0.0,0.0,0.0,1.0,1.0,0.0,2.0,0.0,0.0,0.0,0.0,0.0,1.0,0.0,3.0,3.0,0.0,0.0,0.0,0.0,1.0,0.0,0.0,1.0,0.0,0.0,0.0,1.0,0.0,0.0,0.0,0.0,0.0,0.0,0.0,1.0,1.0,12.0,3.0,0.0,9.0,5.0,5.0,3.0,14.0
CHEMBL4204781,Inhibition,97.4,26.0,6.0,6.0,0.0,0.0,0.0,35.0,10.0,6.0,0.0,0.0,0.0,0.0,0.0,2.0,0.0,0.0,0.0,34.0,9.0,12.0,0.0,0.0,0.0,0.0,0.0,2.0,27.0,8.0,17.0,0.0,0.0,0.0,0.0,2.0,0.0,0.0,27.0,8.0,14.0,0.0,0.0,0.0,1.0,1.0,0.0,0.0,2.0,27.0,8.0,18.0,0.0,0.0,0.0,1.0,1.0,0.0,27.0,6.0,15.0,0.0,0.0,0.0,0.0,0.0,1.0,0.0,0.0,26.0,3.0,11.0,0.0,0.0,0.0,1.0,3.0,0.0,0.0,2.0,19.0,5.0,13.0,0.0,0.0,0.0,0.0,2.0,16.0,6.0,9.0,0.0,0.0,0.0,0.0,0.0,0.0,1.0,1.0,1.0,0.0,0.0,0.0,0.0,0.0,0.0,0.0,2.0,2.0,2.0,4.0,0.0,0.0,0.0,10.0,4.0,3.0,1.0,0.0,1.0,2.0,1.0,0.0,0.0,0.0,1.0,2.0,0.0,0.0,0.0,0.0,0.0,0.0,0.0,0.0,0.0,0.0,1.0,3.0,0.0,0.0,2.0,0.0,0.0,2.0,0.0,0.0,1.0,0.0,3.0,1.0,1.0,1.0,1.0,1.0,2.0,0.0,0.0,2.0,2.0,0.0,1.0,6.0,2.0,1.0,0.0,0.0,0.0,4.0,6.0,0.0,1.0,17.0,2.0,9.0,12.0,14.0,14.0,8.0,26.0
CHEMBL4215513,Inhibition,89.6,35.0,8.0,8.0,0.0,0.0,0.0,47.0,13.0,7.0,0.0,0.0,0.0,0.0,0.0,3.0,0.0,0.0,0.0,46.0,12.0,14.0,0.0,0.0,0.0,0.0,0.0,4.0,38.0,14.0,20.0,0.0,0.0,0.0,1.0,1.0,0.0,0.0,42.0,12.0,20.0,0.0,0.0,0.0,1.0,1.0,0.0,0.0,4.0,44.0,12.0,28.0,0.0,0.0,0.0,1.0,1.0,0.0,44.0,9.0,23.0,0.0,0.0,0.0,0.0,0.0,3.0,0.0,0.0,45.0,7.0,12.0,0.0,0.0,0.0,2.0,3.0,0.0,0.0,1.0,38.0,10.0,14.0,0.0,0.0,0.0,0.0,2.0,33.0,12.0,13.0,0.0,0.0,0.0,0.0,0.0,0.0,2.0,2.0,2.0,0.0,0.0,0.0,0.0,0.0,0.0,0.0,3.0,3.0,3.0,5.0,0.0,0.0,1.0,14.0,5.0,5.0,1.0,0.0,1.0,3.0,2.0,0.0,0.0,0.0,2.0,3.0,0.0,0.0,0.0,0.0,0.0,0.0,0.0,0.0,0.0,0.0,2.0,5.0,0.0,0.0,4.0,0.0,0.0,4.0,0.0,0.0,2.0,1.0,5.0,2.0,2.0,2.0,1.0,2.0,3.0,0.0,0.0,3.0,3.0,0.0,2.0,7.0,2.0,2.0,0.0,0.0,0.0,5.0,6.0,0.0,1.0,23.0,2.0,9.0,16.0,19.0,19.0,14.0,35.0
CHEMBL274654,Inhibition,76.7,18.0,4.0,3.0,0.0,0.0,0.0,24.0,7.0,3.0,0.0,0.0,0.0,0.0,0.0,1.0,0.0,0.0,0.0,24.0,6.0,5.0,0.0,0.0,0.0,0.0,0.0,0.0,20.0,5.0,5.0,0.0,0.0,0.0,0.0,0.0,0.0,0.0,17.0,4.0,7.0,0.0,0.0,0.0,1.0,1.0,0.0,0.0,0.0,15.0,5.0,9.0,0.0,0.0,0.0,0.0,2.0,0.0,14.0,3.0,4.0,0.0,0.0,0.0,0.0,0.0,0.0,0.0,0.0,11.0,1.0,3.0,0.0,0.0,0.0,0.0,0.0,0.0,0.0,0.0,6.0,1.0,5.0,0.0,0.0,0.0,0.0,0.0,3.0,0.0,4.0,0.0,0.0,0.0,2.0,0.0,0.0,0.0,2.0,0.0,1.0,0.0,0.0,0.0,0.0,0.0,0.0,2.0,1.0,1.0,2.0,0.0,0.0,0.0,8.0,2.0,3.0,1.0,0.0,1.0,2.0,1.0,0.0,0.0,0.0,1.0,1.0,0.0,0.0,0.0,0.0,0.0,0.0,0.0,0.0,0.0,0.0,1.0,1.0,0.0,0.0,0.0,0.0,0.0,0.0,0.0,0.0,1.0,0.0,1.0,0.0,0.0,0.0,1.0,0.0,1.0,0.0,0.0,1.0,1.0,0.0,0.0,3.0,2.0,2.0,0.0,0.0,0.0,2.0,1.0,0.0,1.0,11.0,2.0,5.0,7.0,11.0,11.0,4.0,16.0
CHEMBL3628627,Inhibition,95.65,25.0,12.0,2.0,5.0,2.0,2.0,34.0,12.0,8.0,7.0,4.0,0.0,4.0,4.0,2.0,0.0,0.0,0.0,29.0,20.0,10.0,10.0,4.0,0.0,4.0,0.0,1.0,25.0,21.0,13.0,10.0,2.0,2.0,1.0,0.0,2.0,2.0,35.0,17.0,8.0,5.0,2.0,2.0,2.0,3.0,0.0,0.0,0.0,39.0,16.0,8.0,3.0,4.0,4.0,2.0,0.0,0.0,40.0,13.0,4.0,6.0,4.0,0.0,4.0,4.0,6.0,0.0,0.0,34.0,17.0,11.0,6.0,4.0,4.0,0.0,1.0,0.0,0.0,0.0,26.0,16.0,10.0,8.0,2.0,2.0,2.0,4.0,29.0,9.0,11.0,4.0,4.0,0.0,3.0,0.0,0.0,0.0,4.0,0.0,2.0,0.0,2.0,0.0,1.0,0.0,2.0,1.0,2.0,0.0,0.0,2.0,1.0,1.0,5.0,0.0,2.0,0.0,0.0,0.0,0.0,0.0,0.0,0.0,0.0,0.0,0.0,0.0,0.0,0.0,0.0,0.0,0.0,0.0,0.0,0.0,0.0,0.0,2.0,0.0,0.0,2.0,0.0,0.0,0.0,1.0,1.0,2.0,2.0,2.0,1.0,0.0,0.0,0.0,2.0,2.0,0.0,2.0,3.0,0.0,0.0,2.0,5.0,0.0,0.0,0.0,0.0,0.0,0.0,0.0,3.0,4.0,29.0,6.0,8.0,19.0,11.0,11.0,7.0,30.0
CHEMBL4290750,Inhibition,11.5,14.0,8.0,6.0,0.0,0.0,0.0,17.0,7.0,6.0,0.0,0.0,0.0,0.0,3.0,1.0,0.0,0.0,0.0,15.0,11.0,9.0,0.0,0.0,0.0,0.0,0.0,0.0,15.0,5.0,9.0,0.0,0.0,0.0,3.0,1.0,0.0,0.0,15.0,9.0,7.0,0.0,0.0,0.0,0.0,0.0,0.0,0.0,0.0,14.0,8.0,0.0,0.0,0.0,0.0,0.0,6.0,2.0,10.0,9.0,5.0,0.0,0.0,0.0,0.0,0.0,0.0,0.0,0.0,10.0,5.0,6.0,0.0,0.0,0.0,0.0,4.0,0.0,0.0,0.0,8.0,5.0,10.0,0.0,0.0,0.0,0.0,0.0,10.0,1.0,1.0,0.0,0.0,0.0,8.0,0.0,0.0,0.0,4.0,0.0,2.0,1.0,0.0,0.0,0.0,0.0,1.0,1.0,2.0,1.0,3.0,0.0,0.0,1.0,8.0,3.0,5.0,1.0,0.0,0.0,2.0,3.0,0.0,0.0,0.0,2.0,0.0,2.0,1.0,0.0,0.0,0.0,1.0,1.0,1.0,1.0,0.0,1.0,1.0,0.0,0.0,0.0,0.0,0.0,0.0,0.0,0.0,2.0,1.0,1.0,0.0,0.0,0.0,0.0,0.0,3.0,0.0,0.0,2.0,1.0,0.0,0.0,5.0,1.0,3.0,0.0,0.0,0.0,3.0,2.0,2.0,2.0,12.0,2.0,2.0,14.0,11.0,11.0,11.0,15.0
CHEMBL3742114,Inhibition,4.0,16.0,9.0,5.0,2.0,1.0,2.0,22.0,11.0,5.0,2.0,2.0,0.0,4.0,1.0,0.0,0.0,0.0,0.0,26.0,7.0,5.0,0.0,2.0,0.0,5.0,3.0,1.0,21.0,15.0,6.0,2.0,1.0,3.0,0.0,4.0,0.0,1.0,28.0,12.0,7.0,3.0,1.0,4.0,1.0,2.0,0.0,0.0,0.0,28.0,12.0,11.0,3.0,1.0,3.0,1.0,1.0,0.0,24.0,12.0,9.0,4.0,3.0,0.0,4.0,0.0,2.0,0.0,2.0,24.0,5.0,6.0,4.0,2.0,7.0,0.0,1.0,1.0,1.0,2.0,17.0,1.0,3.0,1.0,1.0,3.0,0.0,1.0,4.0,0.0,5.0,5.0,5.0,0.0,0.0,0.0,0.0,1.0,6.0,0.0,2.0,0.0,2.0,0.0,3.0,0.0,3.0,1.0,1.0,0.0,1.0,1.0,1.0,2.0,12.0,1.0,6.0,0.0,0.0,3.0,1.0,1.0,0.0,0.0,0.0,1.0,1.0,0.0,0.0,0.0,0.0,0.0,0.0,0.0,0.0,1.0,0.0,1.0,5.0,3.0,3.0,7.0,0.0,0.0,0.0,3.0,3.0,4.0,4.0,6.0,4.0,0.0,0.0,0.0,4.0,4.0,0.0,1.0,3.0,0.0,1.0,2.0,3.0,1.0,0.0,0.0,0.0,1.0,2.0,1.0,1.0,2.0,11.0,6.0,4.0,16.0,14.0,14.0,7.0,16.0
CHEMBL3102948,Inhibition,2.2,20.0,4.0,8.0,0.0,0.0,0.0,32.0,4.0,8.0,0.0,0.0,0.0,0.0,1.0,0.0,0.0,0.0,0.0,33.0,7.0,8.0,0.0,0.0,0.0,0.0,0.0,0.0,30.0,6.0,10.0,0.0,0.0,0.0,0.0,0.0,0.0,0.0,27.0,7.0,6.0,0.0,0.0,0.0,0.0,0.0,0.0,0.0,0.0,23.0,6.0,7.0,0.0,0.0,0.0,0.0,2.0,0.0,22.0,5.0,6.0,0.0,0.0,0.0,0.0,0.0,3.0,0.0,0.0,18.0,4.0,7.0,0.0,0.0,0.0,0.0,2.0,0.0,0.0,0.0,15.0,2.0,8.0,0.0,0.0,0.0,0.0,1.0,12.0,1.0,8.0,0.0,0.0,0.0,0.0,0.0,0.0,0.0,0.0,0.0,0.0,0.0,0.0,0.0,0.0,0.0,0.0,4.0,0.0,0.0,0.0,0.0,0.0,4.0,4.0,0.0,0.0,0.0,0.0,0.0,0.0,0.0,0.0,0.0,0.0,0.0,0.0,0.0,0.0,0.0,0.0,0.0,0.0,0.0,0.0,0.0,0.0,0.0,0.0,0.0,0.0,0.0,0.0,0.0,0.0,0.0,0.0,0.0,0.0,0.0,0.0,0.0,0.0,0.0,0.0,4.0,4.0,0.0,0.0,0.0,0.0,0.0,4.0,0.0,0.0,0.0,4.0,0.0,0.0,0.0,1.0,2.0,21.0,2.0,0.0,12.0,6.0,6.0,4.0,20.0
CHEMBL4798867,Inhibition,6.4,20.0,9.0,5.0,2.0,0.0,0.0,29.0,9.0,5.0,2.0,0.0,0.0,0.0,2.0,4.0,0.0,0.0,0.0,22.0,14.0,8.0,3.0,0.0,0.0,0.0,1.0,0.0,17.0,12.0,9.0,2.0,0.0,0.0,0.0,2.0,0.0,0.0,13.0,12.0,9.0,2.0,0.0,0.0,1.0,2.0,0.0,0.0,0.0,18.0,8.0,7.0,2.0,0.0,0.0,0.0,1.0,0.0,16.0,9.0,9.0,2.0,0.0,0.0,0.0,1.0,1.0,0.0,0.0,20.0,6.0,4.0,1.0,0.0,0.0,0.0,0.0,0.0,0.0,1.0,23.0,1.0,3.0,0.0,0.0,0.0,2.0,2.0,16.0,6.0,5.0,0.0,0.0,0.0,0.0,0.0,0.0,0.0,1.0,0.0,0.0,0.0,0.0,0.0,0.0,0.0,0.0,4.0,2.0,1.0,1.0,0.0,0.0,1.0,8.0,1.0,4.0,1.0,1.0,0.0,1.0,3.0,0.0,0.0,0.0,0.0,1.0,0.0,0.0,0.0,0.0,0.0,0.0,0.0,0.0,0.0,0.0,0.0,1.0,0.0,0.0,0.0,0.0,0.0,0.0,0.0,0.0,0.0,0.0,2.0,0.0,0.0,0.0,1.0,0.0,2.0,1.0,0.0,3.0,1.0,0.0,0.0,3.0,3.0,1.0,0.0,1.0,0.0,1.0,0.0,2.0,4.0,20.0,4.0,2.0,16.0,11.0,11.0,9.0,21.0
CHEMBL4794819,Inhibition,36.0,31.0,15.0,7.0,2.0,0.0,0.0,45.0,16.0,9.0,2.0,0.0,0.0,0.0,3.0,3.0,0.0,0.0,0.0,42.0,17.0,9.0,4.0,0.0,0.0,0.0,0.0,3.0,33.0,19.0,12.0,2.0,0.0,0.0,1.0,1.0,0.0,0.0,28.0,18.0,11.0,3.0,0.0,0.0,0.0,2.0,0.0,0.0,1.0,37.0,11.0,6.0,3.0,0.0,0.0,1.0,1.0,1.0,39.0,11.0,9.0,1.0,0.0,0.0,0.0,2.0,1.0,0.0,0.0,36.0,9.0,8.0,2.0,0.0,0.0,1.0,1.0,0.0,0.0,0.0,31.0,10.0,6.0,3.0,0.0,0.0,2.0,3.0,28.0,15.0,7.0,0.0,0.0,0.0,0.0,0.0,0.0,0.0,7.0,0.0,3.0,0.0,3.0,0.0,3.0,0.0,3.0,3.0,3.0,3.0,2.0,0.0,1.0,2.0,13.0,2.0,7.0,1.0,1.0,0.0,1.0,3.0,0.0,0.0,0.0,0.0,1.0,0.0,0.0,0.0,0.0,0.0,0.0,0.0,0.0,0.0,0.0,0.0,4.0,3.0,3.0,6.0,0.0,0.0,0.0,3.0,5.0,3.0,2.0,6.0,3.0,0.0,0.0,2.0,6.0,3.0,1.0,0.0,4.0,3.0,0.0,3.0,4.0,3.0,1.0,0.0,1.0,1.0,1.0,0.0,2.0,5.0,29.0,7.0,0.0,24.0,20.0,20.0,13.0,32.0
CHEMBL4761496,Inhibition,35.0,30.0,15.0,7.0,2.0,0.0,0.0,44.0,16.0,9.0,2.0,0.0,0.0,0.0,3.0,3.0,0.0,0.0,0.0,40.0,18.0,10.0,4.0,0.0,0.0,0.0,0.0,3.0,32.0,19.0,12.0,2.0,0.0,0.0,1.0,1.0,0.0,0.0,29.0,17.0,10.0,3.0,0.0,0.0,0.0,2.0,0.0,0.0,1.0,38.0,9.0,5.0,3.0,0.0,0.0,2.0,2.0,1.0,36.0,13.0,10.0,1.0,0.0,0.0,0.0,1.0,0.0,0.0,0.0,34.0,8.0,6.0,2.0,0.0,0.0,2.0,3.0,0.0,0.0,1.0,29.0,13.0,8.0,3.0,0.0,0.0,1.0,1.0,27.0,15.0,8.0,0.0,0.0,1.0,1.0,0.0,0.0,0.0,6.0,0.0,3.0,0.0,3.0,0.0,3.0,0.0,3.0,3.0,3.0,3.0,2.0,0.0,1.0,2.0,12.0,2.0,6.0,0.0,1.0,0.0,0.0,3.0,0.0,0.0,0.0,0.0,0.0,0.0,0.0,0.0,0.0,0.0,0.0,0.0,0.0,0.0,0.0,0.0,3.0,3.0,3.0,6.0,0.0,0.0,0.0,3.0,5.0,3.0,2.0,6.0,3.0,0.0,0.0,2.0,6.0,3.0,1.0,0.0,4.0,3.0,0.0,3.0,4.0,3.0,0.0,0.0,1.0,1.0,1.0,2.0,2.0,5.0,29.0,7.0,2.0,24.0,18.0,18.0,12.0,32.0
CHEMBL4785812,Inhibition,8.5,16.0,9.0,4.0,0.0,5.0,5.0,22.0,13.0,5.0,0.0,7.0,0.0,7.0,1.0,2.0,4.0,4.0,4.0,23.0,11.0,8.0,0.0,7.0,0.0,7.0,3.0,4.0,17.0,13.0,10.0,0.0,8.0,8.0,1.0,1.0,2.0,2.0,16.0,9.0,5.0,0.0,7.0,7.0,1.0,2.0,3.0,3.0,2.0,11.0,10.0,8.0,0.0,8.0,8.0,1.0,2.0,0.0,11.0,8.0,7.0,0.0,3.0,0.0,3.0,1.0,2.0,8.0,8.0,15.0,6.0,4.0,0.0,2.0,2.0,1.0,2.0,3.0,3.0,0.0,11.0,9.0,4.0,0.0,7.0,7.0,0.0,0.0,12.0,5.0,2.0,6.0,6.0,0.0,0.0,2.0,2.0,1.0,1.0,1.0,0.0,0.0,0.0,0.0,0.0,0.0,1.0,1.0,1.0,1.0,2.0,5.0,1.0,1.0,7.0,2.0,3.0,1.0,0.0,0.0,1.0,1.0,0.0,0.0,0.0,1.0,0.0,0.0,0.0,0.0,0.0,0.0,0.0,0.0,0.0,1.0,0.0,1.0,3.0,0.0,0.0,3.0,0.0,0.0,2.0,0.0,0.0,1.0,0.0,4.0,2.0,1.0,2.0,2.0,1.0,1.0,1.0,5.0,2.0,2.0,1.0,1.0,3.0,0.0,0.0,5.0,1.0,0.0,2.0,2.0,2.0,3.0,15.0,5.0,2.0,13.0,8.0,8.0,5.0,20.0
CHEMBL4875968,Inhibition,27.0,22.0,7.0,5.0,2.0,1.0,2.0,30.0,11.0,7.0,0.0,2.0,0.0,4.0,0.0,2.0,0.0,0.0,0.0,28.0,9.0,10.0,2.0,2.0,0.0,4.0,1.0,1.0,25.0,9.0,9.0,2.0,1.0,3.0,0.0,1.0,0.0,1.0,26.0,6.0,6.0,2.0,1.0,5.0,0.0,3.0,0.0,1.0,0.0,23.0,9.0,8.0,3.0,1.0,3.0,0.0,0.0,0.0,22.0,8.0,4.0,3.0,2.0,0.0,3.0,0.0,0.0,1.0,1.0,21.0,6.0,3.0,2.0,0.0,0.0,0.0,1.0,1.0,2.0,0.0,17.0,5.0,4.0,1.0,2.0,3.0,0.0,0.0,14.0,2.0,5.0,2.0,3.0,2.0,0.0,0.0,0.0,0.0,0.0,0.0,0.0,0.0,0.0,0.0,0.0,0.0,0.0,2.0,1.0,1.0,1.0,1.0,0.0,1.0,3.0,1.0,0.0,0.0,0.0,0.0,0.0,0.0,0.0,0.0,0.0,0.0,0.0,0.0,0.0,0.0,0.0,0.0,0.0,0.0,0.0,0.0,0.0,0.0,0.0,0.0,0.0,0.0,0.0,0.0,0.0,0.0,0.0,0.0,0.0,1.0,0.0,0.0,0.0,1.0,0.0,0.0,0.0,1.0,1.0,1.0,0.0,0.0,2.0,0.0,0.0,0.0,0.0,0.0,1.0,1.0,2.0,4.0,26.0,4.0,2.0,14.0,4.0,4.0,6.0,25.0
CHEMBL4646281,Inhibition,99.0,28.0,6.0,3.0,0.0,2.0,2.0,36.0,12.0,4.0,0.0,2.0,0.0,2.0,0.0,1.0,1.0,1.0,1.0,35.0,10.0,5.0,0.0,4.0,0.0,4.0,1.0,1.0,30.0,12.0,5.0,0.0,4.0,4.0,1.0,1.0,0.0,0.0,32.0,11.0,3.0,0.0,2.0,2.0,0.0,0.0,2.0,2.0,1.0,31.0,11.0,5.0,0.0,2.0,2.0,0.0,1.0,0.0,32.0,10.0,6.0,0.0,2.0,0.0,2.0,1.0,1.0,0.0,0.0,33.0,8.0,6.0,0.0,2.0,2.0,0.0,0.0,2.0,2.0,0.0,29.0,8.0,4.0,0.0,4.0,4.0,1.0,1.0,24.0,10.0,3.0,4.0,4.0,1.0,0.0,0.0,0.0,1.0,3.0,0.0,1.0,0.0,1.0,1.0,0.0,0.0,1.0,0.0,1.0,1.0,1.0,2.0,0.0,1.0,7.0,1.0,2.0,1.0,0.0,1.0,1.0,0.0,0.0,0.0,0.0,0.0,0.0,0.0,0.0,0.0,0.0,0.0,0.0,0.0,0.0,0.0,0.0,0.0,2.0,0.0,0.0,2.0,1.0,0.0,1.0,1.0,1.0,1.0,0.0,2.0,1.0,0.0,1.0,0.0,1.0,1.0,1.0,2.0,1.0,1.0,0.0,1.0,2.0,0.0,1.0,2.0,1.0,0.0,1.0,0.0,1.0,3.0,24.0,3.0,1.0,9.0,14.0,14.0,9.0,27.0
CHEMBL4209898,Inhibition,93.5,21.0,6.0,10.0,0.0,0.0,0.0,30.0,10.0,8.0,0.0,0.0,0.0,0.0,0.0,2.0,0.0,0.0,0.0,30.0,9.0,16.0,0.0,0.0,0.0,0.0,0.0,2.0,25.0,9.0,18.0,0.0,0.0,0.0,1.0,1.0,0.0,0.0,27.0,6.0,15.0,0.0,0.0,0.0,1.0,3.0,0.0,0.0,2.0,27.0,9.0,17.0,0.0,0.0,0.0,0.0,2.0,4.0,23.0,7.0,18.0,0.0,0.0,0.0,0.0,0.0,2.0,0.0,0.0,23.0,4.0,11.0,0.0,0.0,0.0,1.0,4.0,0.0,0.0,1.0,15.0,3.0,17.0,0.0,0.0,0.0,0.0,2.0,13.0,5.0,14.0,0.0,0.0,0.0,0.0,0.0,0.0,1.0,2.0,1.0,1.0,0.0,0.0,0.0,0.0,0.0,0.0,4.0,2.0,2.0,5.0,0.0,0.0,2.0,14.0,5.0,5.0,1.0,0.0,1.0,3.0,3.0,0.0,0.0,1.0,2.0,1.0,2.0,1.0,0.0,0.0,0.0,0.0,1.0,2.0,1.0,0.0,2.0,3.0,0.0,0.0,2.0,0.0,0.0,2.0,0.0,0.0,2.0,2.0,3.0,1.0,1.0,1.0,1.0,1.0,5.0,0.0,0.0,2.0,2.0,0.0,1.0,8.0,2.0,2.0,0.0,0.0,0.0,5.0,6.0,0.0,1.0,11.0,2.0,9.0,16.0,16.0,16.0,11.0,21.0
CHEMBL4465022,Inhibition,83.2,23.0,17.0,4.0,0.0,0.0,0.0,33.0,14.0,5.0,0.0,0.0,0.0,0.0,5.0,2.0,0.0,0.0,0.0,30.0,18.0,8.0,0.0,0.0,0.0,0.0,1.0,0.0,26.0,15.0,7.0,0.0,0.0,0.0,2.0,1.0,0.0,0.0,26.0,14.0,5.0,0.0,0.0,0.0,2.0,2.0,0.0,0.0,0.0,23.0,18.0,5.0,0.0,0.0,0.0,0.0,1.0,0.0,28.0,9.0,3.0,0.0,0.0,0.0,0.0,3.0,3.0,0.0,0.0,25.0,14.0,5.0,0.0,0.0,0.0,0.0,1.0,0.0,0.0,1.0,26.0,7.0,3.0,0.0,0.0,0.0,3.0,3.0,18.0,14.0,5.0,0.0,0.0,0.0,0.0,0.0,0.0,0.0,11.0,0.0,7.0,2.0,1.0,0.0,5.0,0.0,1.0,1.0,2.0,1.0,2.0,0.0,3.0,1.0,14.0,2.0,8.0,0.0,0.0,0.0,1.0,3.0,0.0,0.0,0.0,0.0,1.0,1.0,0.0,0.0,0.0,0.0,0.0,1.0,0.0,3.0,2.0,1.0,7.0,5.0,4.0,12.0,0.0,0.0,2.0,5.0,0.0,1.0,0.0,9.0,7.0,0.0,2.0,1.0,0.0,1.0,1.0,0.0,5.0,2.0,2.0,0.0,3.0,1.0,3.0,0.0,1.0,1.0,0.0,2.0,2.0,2.0,18.0,5.0,2.0,21.0,20.0,20.0,12.0,23.0
CHEMBL3355065,Inhibition,92.0,22.0,9.0,2.0,0.0,3.0,3.0,32.0,8.0,3.0,0.0,3.0,0.0,3.0,1.0,0.0,3.0,3.0,3.0,33.0,7.0,3.0,0.0,6.0,0.0,6.0,1.0,0.0,25.0,8.0,3.0,0.0,9.0,9.0,0.0,0.0,0.0,0.0,25.0,6.0,3.0,0.0,3.0,3.0,0.0,0.0,3.0,3.0,0.0,23.0,4.0,2.0,0.0,9.0,9.0,0.0,1.0,0.0,16.0,6.0,4.0,0.0,9.0,0.0,9.0,0.0,0.0,0.0,0.0,17.0,3.0,3.0,0.0,3.0,3.0,0.0,1.0,3.0,3.0,0.0,19.0,3.0,1.0,0.0,3.0,3.0,0.0,1.0,18.0,4.0,0.0,6.0,6.0,0.0,1.0,0.0,0.0,0.0,6.0,0.0,2.0,0.0,0.0,2.0,3.0,0.0,1.0,1.0,2.0,0.0,0.0,3.0,1.0,1.0,10.0,0.0,3.0,0.0,0.0,0.0,0.0,0.0,0.0,0.0,0.0,0.0,0.0,0.0,0.0,0.0,0.0,0.0,0.0,0.0,0.0,0.0,0.0,0.0,4.0,2.0,1.0,6.0,0.0,0.0,0.0,2.0,0.0,1.0,0.0,6.0,4.0,0.0,0.0,0.0,0.0,1.0,1.0,3.0,3.0,0.0,2.0,0.0,1.0,0.0,0.0,3.0,1.0,1.0,0.0,0.0,1.0,1.0,16.0,3.0,0.0,11.0,12.0,12.0,6.0,19.0
CHEMBL3416138,Inhibition,61.3,13.0,6.0,0.0,0.0,1.0,1.0,18.0,7.0,0.0,0.0,2.0,0.0,2.0,1.0,0.0,0.0,0.0,0.0,17.0,8.0,0.0,0.0,3.0,0.0,3.0,0.0,0.0,14.0,7.0,0.0,0.0,1.0,1.0,0.0,0.0,1.0,1.0,11.0,6.0,0.0,0.0,1.0,1.0,0.0,0.0,0.0,0.0,0.0,10.0,3.0,0.0,0.0,1.0,1.0,1.0,0.0,0.0,6.0,2.0,0.0,0.0,2.0,0.0,2.0,1.0,0.0,1.0,1.0,2.0,2.0,0.0,0.0,2.0,2.0,0.0,0.0,0.0,0.0,0.0,0.0,1.0,0.0,0.0,1.0,1.0,0.0,0.0,0.0,0.0,0.0,0.0,0.0,0.0,0.0,0.0,0.0,0.0,0.0,0.0,0.0,0.0,0.0,0.0,0.0,0.0,0.0,0.0,0.0,0.0,0.0,1.0,0.0,0.0,1.0,0.0,0.0,0.0,0.0,0.0,0.0,0.0,0.0,0.0,0.0,0.0,0.0,0.0,0.0,0.0,0.0,0.0,0.0,0.0,0.0,0.0,0.0,0.0,0.0,0.0,0.0,0.0,0.0,0.0,0.0,0.0,0.0,0.0,0.0,0.0,0.0,0.0,0.0,0.0,0.0,0.0,0.0,1.0,1.0,0.0,0.0,0.0,0.0,0.0,0.0,0.0,0.0,0.0,0.0,0.0,1.0,2.0,15.0,2.0,0.0,6.0,0.0,0.0,0.0,14.0
CHEMBL3416140,Inhibition,77.0,13.0,5.0,0.0,0.0,0.0,0.0,18.0,6.0,0.0,0.0,0.0,0.0,0.0,1.0,0.0,0.0,0.0,0.0,17.0,6.0,0.0,0.0,0.0,0.0,0.0,0.0,0.0,13.0,5.0,0.0,0.0,0.0,0.0,0.0,0.0,0.0,0.0,11.0,3.0,0.0,0.0,0.0,0.0,0.0,0.0,0.0,0.0,0.0,9.0,2.0,0.0,0.0,0.0,0.0,0.0,0.0,0.0,6.0,1.0,0.0,0.0,0.0,0.0,0.0,0.0,0.0,0.0,0.0,3.0,0.0,0.0,0.0,0.0,0.0,0.0,0.0,0.0,0.0,0.0,1.0,0.0,0.0,0.0,0.0,0.0,0.0,0.0,0.0,0.0,0.0,0.0,0.0,0.0,0.0,0.0,0.0,0.0,0.0,0.0,0.0,0.0,0.0,0.0,0.0,0.0,0.0,1.0,0.0,0.0,0.0,0.0,0.0,0.0,1.0,0.0,0.0,0.0,0.0,0.0,0.0,0.0,0.0,0.0,0.0,0.0,0.0,0.0,0.0,0.0,0.0,0.0,0.0,0.0,0.0,0.0,0.0,0.0,0.0,0.0,0.0,0.0,0.0,0.0,0.0,0.0,0.0,0.0,0.0,0.0,0.0,0.0,0.0,0.0,0.0,0.0,0.0,0.0,0.0,0.0,0.0,0.0,0.0,1.0,0.0,0.0,0.0,0.0,0.0,0.0,1.0,2.0,15.0,2.0,0.0,5.0,1.0,1.0,0.0,14.0
CHEMBL3416141,Inhibition,94.8,12.0,5.0,0.0,0.0,1.0,1.0,16.0,6.0,0.0,0.0,2.0,0.0,2.0,1.0,0.0,0.0,0.0,0.0,15.0,6.0,0.0,0.0,2.0,0.0,2.0,0.0,0.0,12.0,5.0,0.0,0.0,1.0,1.0,0.0,0.0,0.0,0.0,10.0,3.0,0.0,0.0,1.0,1.0,0.0,0.0,0.0,0.0,0.0,8.0,1.0,0.0,0.0,1.0,1.0,0.0,0.0,0.0,4.0,0.0,0.0,0.0,2.0,0.0,2.0,0.0,0.0,1.0,1.0,1.0,0.0,0.0,0.0,2.0,2.0,0.0,0.0,0.0,0.0,0.0,0.0,0.0,0.0,0.0,1.0,1.0,0.0,0.0,0.0,0.0,0.0,0.0,0.0,0.0,0.0,0.0,0.0,0.0,0.0,0.0,0.0,0.0,0.0,0.0,0.0,0.0,0.0,0.0,0.0,0.0,0.0,1.0,0.0,0.0,0.0,0.0,0.0,0.0,0.0,0.0,0.0,0.0,0.0,0.0,0.0,0.0,0.0,0.0,0.0,0.0,0.0,0.0,0.0,0.0,0.0,0.0,0.0,0.0,0.0,0.0,0.0,0.0,0.0,0.0,0.0,0.0,0.0,0.0,0.0,0.0,0.0,0.0,0.0,0.0,0.0,0.0,0.0,1.0,0.0,0.0,0.0,0.0,0.0,0.0,0.0,0.0,0.0,0.0,0.0,0.0,1.0,2.0,15.0,2.0,0.0,5.0,0.0,0.0,0.0,14.0
CHEMBL3416142,Inhibition,79.8,9.0,5.0,0.0,2.0,0.0,0.0,13.0,5.0,0.0,3.0,0.0,0.0,0.0,1.0,0.0,0.0,0.0,0.0,12.0,3.0,0.0,2.0,0.0,0.0,0.0,0.0,0.0,9.0,3.0,0.0,2.0,0.0,0.0,0.0,0.0,0.0,0.0,6.0,2.0,0.0,0.0,0.0,0.0,0.0,0.0,0.0,0.0,0.0,2.0,4.0,0.0,2.0,0.0,0.0,0.0,0.0,0.0,4.0,0.0,0.0,0.0,0.0,0.0,0.0,0.0,0.0,0.0,0.0,0.0,0.0,0.0,0.0,0.0,0.0,0.0,0.0,0.0,0.0,0.0,0.0,0.0,0.0,0.0,0.0,0.0,0.0,0.0,0.0,0.0,0.0,0.0,0.0,0.0,0.0,0.0,0.0,0.0,0.0,0.0,0.0,0.0,0.0,0.0,0.0,0.0,0.0,0.0,0.0,0.0,0.0,0.0,0.0,0.0,0.0,0.0,0.0,0.0,0.0,0.0,0.0,0.0,0.0,0.0,0.0,0.0,0.0,0.0,0.0,0.0,0.0,0.0,0.0,0.0,0.0,0.0,0.0,0.0,0.0,0.0,0.0,0.0,0.0,0.0,0.0,0.0,0.0,0.0,0.0,0.0,0.0,0.0,0.0,0.0,0.0,0.0,0.0,0.0,0.0,0.0,0.0,0.0,0.0,0.0,0.0,0.0,0.0,0.0,0.0,0.0,1.0,3.0,14.0,3.0,0.0,7.0,0.0,0.0,0.0,12.0
CHEMBL3416148,Inhibition,89.7,17.0,5.0,0.0,2.0,0.0,0.0,24.0,6.0,0.0,3.0,0.0,0.0,0.0,1.0,0.0,0.0,0.0,0.0,23.0,6.0,0.0,2.0,0.0,0.0,0.0,0.0,0.0,19.0,7.0,0.0,2.0,0.0,0.0,0.0,0.0,0.0,0.0,17.0,5.0,0.0,0.0,0.0,0.0,0.0,0.0,0.0,0.0,0.0,12.0,6.0,0.0,2.0,0.0,0.0,0.0,0.0,0.0,13.0,1.0,0.0,1.0,0.0,0.0,0.0,0.0,0.0,0.0,0.0,9.0,0.0,0.0,2.0,0.0,0.0,0.0,0.0,0.0,0.0,0.0,8.0,0.0,0.0,2.0,0.0,0.0,0.0,0.0,6.0,0.0,0.0,0.0,0.0,0.0,0.0,0.0,0.0,0.0,0.0,0.0,0.0,0.0,0.0,0.0,0.0,0.0,0.0,1.0,0.0,0.0,0.0,0.0,0.0,0.0,1.0,0.0,0.0,0.0,0.0,0.0,0.0,0.0,0.0,0.0,0.0,0.0,0.0,0.0,0.0,0.0,0.0,0.0,0.0,0.0,0.0,0.0,0.0,0.0,0.0,0.0,0.0,0.0,0.0,0.0,0.0,0.0,0.0,0.0,0.0,0.0,0.0,0.0,0.0,0.0,0.0,0.0,0.0,0.0,0.0,0.0,0.0,0.0,0.0,1.0,0.0,0.0,0.0,0.0,0.0,0.0,1.0,3.0,20.0,3.0,0.0,7.0,1.0,1.0,0.0,18.0
CHEMBL3416152,Inhibition,95.5,17.0,5.0,2.0,0.0,0.0,0.0,24.0,6.0,3.0,0.0,0.0,0.0,0.0,1.0,0.0,0.0,0.0,0.0,23.0,6.0,2.0,0.0,0.0,0.0,0.0,0.0,0.0,19.0,7.0,2.0,0.0,0.0,0.0,0.0,0.0,0.0,0.0,17.0,5.0,0.0,0.0,0.0,0.0,0.0,2.0,0.0,0.0,0.0,12.0,6.0,2.0,0.0,0.0,0.0,0.0,0.0,0.0,13.0,1.0,1.0,0.0,0.0,0.0,0.0,0.0,0.0,0.0,0.0,9.0,0.0,2.0,0.0,0.0,0.0,0.0,0.0,0.0,0.0,0.0,8.0,0.0,2.0,0.0,0.0,0.0,0.0,0.0,6.0,0.0,1.0,0.0,0.0,0.0,0.0,0.0,0.0,0.0,0.0,0.0,0.0,0.0,0.0,0.0,0.0,0.0,0.0,1.0,0.0,0.0,0.0,0.0,0.0,0.0,1.0,0.0,0.0,0.0,0.0,0.0,0.0,0.0,0.0,0.0,0.0,0.0,0.0,0.0,0.0,0.0,0.0,0.0,0.0,0.0,0.0,0.0,0.0,0.0,0.0,0.0,0.0,0.0,0.0,0.0,0.0,0.0,0.0,0.0,0.0,0.0,0.0,0.0,0.0,0.0,0.0,0.0,0.0,0.0,0.0,0.0,0.0,0.0,0.0,1.0,0.0,0.0,0.0,0.0,0.0,0.0,1.0,3.0,20.0,3.0,0.0,7.0,1.0,1.0,0.0,18.0
CHEMBL3416155,Inhibition,96.4,21.0,6.0,0.0,0.0,0.0,0.0,29.0,7.0,0.0,0.0,0.0,0.0,0.0,1.0,0.0,0.0,0.0,0.0,30.0,7.0,0.0,0.0,0.0,0.0,0.0,0.0,0.0,24.0,9.0,0.0,0.0,0.0,0.0,0.0,0.0,0.0,0.0,20.0,9.0,0.0,0.0,0.0,0.0,0.0,0.0,0.0,0.0,0.0,17.0,7.0,0.0,0.0,0.0,0.0,0.0,0.0,0.0,15.0,5.0,0.0,0.0,0.0,0.0,0.0,0.0,0.0,0.0,0.0,15.0,2.0,0.0,0.0,0.0,0.0,1.0,0.0,0.0,0.0,0.0,13.0,2.0,0.0,0.0,0.0,0.0,1.0,0.0,10.0,2.0,0.0,0.0,0.0,0.0,0.0,0.0,0.0,0.0,1.0,0.0,0.0,0.0,0.0,0.0,0.0,0.0,0.0,0.0,0.0,0.0,0.0,0.0,0.0,0.0,2.0,0.0,1.0,0.0,0.0,0.0,0.0,0.0,0.0,0.0,0.0,0.0,1.0,0.0,0.0,0.0,0.0,0.0,0.0,0.0,0.0,0.0,0.0,0.0,0.0,0.0,0.0,0.0,0.0,0.0,0.0,0.0,0.0,0.0,0.0,0.0,0.0,0.0,0.0,0.0,0.0,0.0,0.0,0.0,1.0,0.0,0.0,0.0,0.0,0.0,1.0,0.0,0.0,0.0,0.0,0.0,1.0,2.0,21.0,2.0,0.0,6.0,2.0,2.0,1.0,20.0
CHEMBL4128926,Inhibition,0.0,30.0,5.0,3.0,3.0,0.0,0.0,37.0,10.0,5.0,6.0,0.0,0.0,0.0,0.0,3.0,0.0,0.0,0.0,35.0,5.0,11.0,9.0,0.0,0.0,0.0,1.0,1.0,33.0,11.0,18.0,8.0,0.0,0.0,0.0,0.0,0.0,0.0,37.0,12.0,9.0,9.0,0.0,0.0,0.0,2.0,0.0,0.0,0.0,43.0,10.0,10.0,5.0,0.0,0.0,0.0,0.0,0.0,42.0,8.0,9.0,4.0,0.0,0.0,0.0,0.0,0.0,0.0,0.0,39.0,7.0,9.0,3.0,0.0,0.0,1.0,4.0,0.0,0.0,0.0,36.0,5.0,10.0,5.0,0.0,0.0,0.0,0.0,33.0,5.0,8.0,0.0,0.0,1.0,3.0,0.0,0.0,3.0,8.0,5.0,4.0,3.0,0.0,0.0,0.0,0.0,0.0,3.0,2.0,1.0,2.0,0.0,0.0,0.0,17.0,2.0,15.0,0.0,3.0,0.0,1.0,17.0,3.0,1.0,1.0,2.0,0.0,11.0,9.0,3.0,1.0,0.0,0.0,3.0,2.0,2.0,0.0,2.0,5.0,0.0,0.0,2.0,0.0,0.0,2.0,0.0,0.0,1.0,0.0,3.0,1.0,1.0,1.0,0.0,0.0,1.0,0.0,0.0,2.0,1.0,0.0,0.0,5.0,3.0,8.0,0.0,0.0,0.0,2.0,0.0,1.0,2.0,15.0,2.0,6.0,11.0,21.0,21.0,9.0,22.0
CHEMBL4795155,Inhibition,28.1,27.0,15.0,7.0,2.0,0.0,0.0,38.0,17.0,8.0,2.0,0.0,0.0,0.0,2.0,4.0,0.0,0.0,0.0,37.0,16.0,9.0,4.0,0.0,0.0,0.0,1.0,2.0,29.0,17.0,11.0,2.0,0.0,0.0,0.0,1.0,0.0,0.0,29.0,13.0,11.0,3.0,0.0,0.0,1.0,2.0,0.0,0.0,0.0,35.0,8.0,6.0,3.0,0.0,0.0,2.0,2.0,1.0,36.0,10.0,7.0,1.0,0.0,0.0,0.0,1.0,0.0,0.0,0.0,31.0,9.0,5.0,2.0,0.0,0.0,2.0,3.0,0.0,0.0,1.0,23.0,13.0,8.0,3.0,0.0,0.0,1.0,1.0,21.0,16.0,7.0,0.0,0.0,0.0,1.0,0.0,0.0,0.0,6.0,0.0,3.0,0.0,3.0,0.0,3.0,0.0,3.0,1.0,2.0,1.0,1.0,0.0,1.0,2.0,9.0,1.0,3.0,0.0,0.0,0.0,0.0,0.0,0.0,0.0,0.0,0.0,0.0,0.0,0.0,0.0,0.0,0.0,0.0,0.0,0.0,0.0,0.0,0.0,3.0,3.0,3.0,6.0,0.0,0.0,0.0,3.0,5.0,3.0,2.0,5.0,3.0,0.0,0.0,2.0,6.0,4.0,1.0,0.0,4.0,1.0,0.0,3.0,4.0,1.0,0.0,0.0,1.0,1.0,1.0,2.0,2.0,5.0,29.0,7.0,4.0,24.0,15.0,15.0,10.0,30.0
CHEMBL4795939,Inhibition,76.9,20.0,13.0,6.0,2.0,0.0,0.0,29.0,14.0,7.0,2.0,0.0,0.0,0.0,2.0,3.0,0.0,0.0,0.0,29.0,12.0,6.0,4.0,0.0,0.0,0.0,1.0,2.0,22.0,14.0,7.0,2.0,0.0,0.0,0.0,1.0,0.0,0.0,20.0,11.0,8.0,3.0,0.0,0.0,2.0,1.0,0.0,0.0,0.0,24.0,8.0,5.0,2.0,0.0,0.0,1.0,1.0,1.0,27.0,7.0,5.0,2.0,0.0,0.0,0.0,1.0,2.0,0.0,0.0,23.0,8.0,5.0,1.0,0.0,0.0,1.0,1.0,0.0,0.0,0.0,16.0,8.0,6.0,2.0,0.0,0.0,1.0,1.0,14.0,9.0,5.0,0.0,0.0,2.0,1.0,0.0,0.0,0.0,6.0,0.0,3.0,0.0,3.0,0.0,3.0,0.0,3.0,1.0,1.0,0.0,0.0,0.0,1.0,2.0,8.0,0.0,3.0,0.0,0.0,0.0,0.0,0.0,0.0,0.0,0.0,0.0,0.0,0.0,0.0,0.0,0.0,0.0,0.0,0.0,0.0,0.0,0.0,0.0,3.0,3.0,3.0,6.0,0.0,0.0,0.0,3.0,5.0,3.0,2.0,4.0,3.0,0.0,0.0,1.0,6.0,4.0,1.0,0.0,3.0,0.0,0.0,3.0,3.0,1.0,0.0,0.0,1.0,1.0,0.0,0.0,2.0,5.0,23.0,7.0,2.0,21.0,13.0,13.0,7.0,22.0
CHEMBL4094080,Inhibition,17.0,18.0,8.0,2.0,0.0,0.0,0.0,22.0,13.0,3.0,0.0,0.0,0.0,0.0,1.0,1.0,0.0,0.0,0.0,22.0,12.0,2.0,0.0,0.0,0.0,0.0,1.0,1.0,19.0,12.0,2.0,0.0,0.0,0.0,0.0,1.0,0.0,0.0,17.0,11.0,2.0,0.0,0.0,0.0,0.0,1.0,0.0,0.0,0.0,17.0,10.0,2.0,0.0,0.0,0.0,1.0,0.0,0.0,16.0,8.0,2.0,0.0,0.0,0.0,0.0,2.0,0.0,0.0,0.0,14.0,4.0,2.0,0.0,0.0,0.0,2.0,0.0,0.0,0.0,0.0,10.0,4.0,2.0,0.0,0.0,0.0,1.0,0.0,8.0,3.0,0.0,0.0,0.0,0.0,1.0,0.0,0.0,2.0,2.0,2.0,0.0,0.0,0.0,0.0,0.0,0.0,0.0,0.0,0.0,0.0,0.0,0.0,0.0,1.0,4.0,0.0,4.0,0.0,0.0,0.0,0.0,4.0,0.0,0.0,1.0,0.0,0.0,1.0,0.0,0.0,0.0,0.0,0.0,1.0,1.0,2.0,0.0,2.0,2.0,0.0,0.0,0.0,0.0,0.0,0.0,0.0,0.0,2.0,0.0,1.0,0.0,0.0,0.0,0.0,0.0,1.0,0.0,0.0,1.0,0.0,0.0,0.0,1.0,0.0,2.0,0.0,1.0,0.0,0.0,0.0,3.0,4.0,19.0,4.0,0.0,10.0,6.0,6.0,2.0,18.0
CHEMBL4203834,Inhibition,58.6,35.0,8.0,8.0,0.0,0.0,0.0,47.0,13.0,7.0,0.0,0.0,0.0,0.0,0.0,3.0,0.0,0.0,0.0,46.0,12.0,14.0,0.0,0.0,0.0,0.0,0.0,4.0,38.0,14.0,20.0,0.0,0.0,0.0,1.0,1.0,0.0,0.0,42.0,12.0,20.0,0.0,0.0,0.0,1.0,1.0,0.0,0.0,4.0,44.0,12.0,28.0,0.0,0.0,0.0,1.0,1.0,0.0,44.0,9.0,23.0,0.0,0.0,0.0,0.0,0.0,3.0,0.0,0.0,45.0,7.0,12.0,0.0,0.0,0.0,2.0,3.0,0.0,0.0,1.0,38.0,10.0,14.0,0.0,0.0,0.0,0.0,2.0,33.0,12.0,13.0,0.0,0.0,0.0,0.0,0.0,0.0,2.0,2.0,2.0,0.0,0.0,0.0,0.0,0.0,0.0,0.0,3.0,3.0,3.0,5.0,0.0,0.0,1.0,14.0,5.0,5.0,1.0,0.0,1.0,3.0,2.0,0.0,0.0,0.0,2.0,3.0,0.0,0.0,0.0,0.0,0.0,0.0,0.0,0.0,0.0,0.0,2.0,5.0,0.0,0.0,4.0,0.0,0.0,4.0,0.0,0.0,2.0,1.0,5.0,2.0,2.0,2.0,1.0,2.0,3.0,0.0,0.0,3.0,3.0,0.0,2.0,7.0,2.0,2.0,0.0,0.0,0.0,5.0,6.0,0.0,1.0,23.0,2.0,9.0,16.0,19.0,19.0,14.0,35.0
CHEMBL2206005,Inhibition,47.0,19.0,5.0,3.0,0.0,0.0,0.0,25.0,6.0,4.0,0.0,0.0,0.0,0.0,0.0,1.0,0.0,0.0,0.0,27.0,3.0,5.0,0.0,0.0,0.0,0.0,0.0,1.0,21.0,3.0,6.0,0.0,0.0,0.0,0.0,0.0,0.0,0.0,17.0,4.0,7.0,0.0,0.0,0.0,0.0,0.0,0.0,0.0,0.0,19.0,4.0,3.0,0.0,0.0,0.0,0.0,0.0,0.0,18.0,2.0,3.0,0.0,0.0,0.0,0.0,0.0,0.0,0.0,0.0,13.0,1.0,2.0,0.0,0.0,0.0,0.0,1.0,0.0,0.0,1.0,9.0,2.0,3.0,0.0,0.0,0.0,0.0,0.0,8.0,3.0,2.0,0.0,0.0,0.0,0.0,0.0,0.0,1.0,5.0,1.0,1.0,0.0,1.0,0.0,3.0,0.0,1.0,2.0,1.0,1.0,1.0,0.0,1.0,1.0,9.0,1.0,5.0,1.0,0.0,0.0,1.0,1.0,0.0,0.0,0.0,1.0,3.0,0.0,0.0,0.0,0.0,0.0,0.0,0.0,0.0,1.0,0.0,0.0,4.0,3.0,3.0,6.0,0.0,0.0,0.0,3.0,2.0,1.0,0.0,4.0,3.0,0.0,0.0,1.0,2.0,1.0,1.0,0.0,2.0,1.0,0.0,1.0,2.0,2.0,1.0,0.0,1.0,1.0,1.0,0.0,0.0,0.0,12.0,1.0,0.0,8.0,13.0,13.0,8.0,16.0
CHEMBL2206019,Inhibition,75.0,24.0,3.0,3.0,0.0,0.0,1.0,32.0,4.0,4.0,0.0,0.0,2.0,2.0,0.0,1.0,0.0,0.0,0.0,28.0,5.0,7.0,0.0,0.0,2.0,2.0,0.0,0.0,22.0,4.0,6.0,0.0,0.0,2.0,0.0,0.0,0.0,0.0,22.0,3.0,6.0,0.0,0.0,2.0,0.0,0.0,0.0,1.0,0.0,22.0,3.0,4.0,0.0,0.0,1.0,0.0,0.0,0.0,19.0,1.0,3.0,0.0,0.0,2.0,2.0,0.0,1.0,0.0,0.0,15.0,1.0,2.0,0.0,0.0,2.0,0.0,1.0,0.0,0.0,1.0,12.0,3.0,3.0,0.0,0.0,1.0,0.0,0.0,12.0,3.0,2.0,0.0,0.0,0.0,0.0,0.0,0.0,0.0,1.0,0.0,0.0,0.0,0.0,0.0,0.0,0.0,1.0,0.0,1.0,1.0,1.0,0.0,0.0,1.0,5.0,1.0,1.0,1.0,0.0,1.0,1.0,0.0,0.0,0.0,0.0,0.0,1.0,0.0,0.0,0.0,0.0,0.0,0.0,0.0,0.0,0.0,0.0,0.0,1.0,0.0,0.0,0.0,0.0,0.0,0.0,0.0,0.0,0.0,0.0,1.0,0.0,0.0,0.0,1.0,0.0,1.0,1.0,0.0,2.0,1.0,0.0,0.0,2.0,0.0,0.0,0.0,1.0,0.0,1.0,1.0,0.0,0.0,18.0,1.0,5.0,6.0,5.0,5.0,4.0,22.0
CHEMBL2206010,Inhibition,99.0,20.0,5.0,3.0,0.0,0.0,1.0,26.0,6.0,4.0,0.0,0.0,2.0,2.0,0.0,1.0,0.0,0.0,0.0,27.0,4.0,6.0,0.0,0.0,2.0,2.0,0.0,0.0,24.0,2.0,4.0,0.0,0.0,2.0,0.0,1.0,0.0,0.0,19.0,3.0,7.0,0.0,0.0,2.0,0.0,0.0,0.0,1.0,0.0,17.0,4.0,5.0,0.0,0.0,1.0,0.0,0.0,0.0,17.0,3.0,3.0,0.0,0.0,2.0,2.0,0.0,0.0,0.0,0.0,16.0,1.0,2.0,0.0,0.0,2.0,0.0,1.0,0.0,0.0,1.0,12.0,2.0,3.0,0.0,0.0,1.0,0.0,0.0,10.0,2.0,2.0,0.0,0.0,0.0,0.0,0.0,0.0,0.0,5.0,0.0,2.0,1.0,1.0,0.0,3.0,0.0,1.0,2.0,1.0,1.0,1.0,0.0,1.0,1.0,10.0,1.0,5.0,1.0,0.0,1.0,1.0,1.0,0.0,0.0,0.0,0.0,1.0,0.0,0.0,0.0,0.0,0.0,0.0,0.0,0.0,1.0,1.0,1.0,4.0,3.0,3.0,6.0,0.0,0.0,0.0,3.0,0.0,1.0,0.0,4.0,3.0,0.0,0.0,1.0,0.0,1.0,1.0,0.0,2.0,1.0,0.0,0.0,2.0,2.0,1.0,0.0,1.0,1.0,1.0,1.0,0.0,0.0,12.0,1.0,5.0,8.0,11.0,11.0,8.0,17.0
CHEMBL4168618,Inhibition,97.78,22.0,9.0,0.0,1.0,0.0,2.0,28.0,15.0,2.0,4.0,0.0,4.0,4.0,0.0,2.0,0.0,0.0,0.0,25.0,16.0,8.0,4.0,0.0,4.0,4.0,0.0,0.0,24.0,9.0,8.0,3.0,0.0,2.0,3.0,0.0,0.0,2.0,27.0,9.0,6.0,1.0,0.0,4.0,0.0,0.0,0.0,0.0,0.0,25.0,8.0,2.0,2.0,0.0,4.0,1.0,4.0,0.0,20.0,10.0,4.0,2.0,0.0,4.0,4.0,1.0,0.0,0.0,0.0,19.0,9.0,4.0,1.0,0.0,2.0,1.0,0.0,0.0,4.0,0.0,18.0,9.0,2.0,0.0,0.0,4.0,0.0,0.0,16.0,6.0,0.0,0.0,4.0,1.0,2.0,0.0,0.0,1.0,7.0,2.0,3.0,0.0,0.0,0.0,2.0,2.0,0.0,1.0,1.0,0.0,0.0,0.0,2.0,0.0,9.0,0.0,5.0,0.0,0.0,0.0,0.0,3.0,0.0,0.0,2.0,0.0,0.0,2.0,1.0,0.0,0.0,0.0,1.0,2.0,0.0,4.0,2.0,0.0,5.0,2.0,1.0,5.0,0.0,0.0,0.0,1.0,0.0,0.0,0.0,6.0,4.0,0.0,0.0,1.0,0.0,0.0,0.0,0.0,3.0,0.0,0.0,0.0,2.0,0.0,3.0,0.0,0.0,1.0,0.0,0.0,1.0,2.0,17.0,4.0,4.0,10.0,16.0,16.0,4.0,21.0
CHEMBL1807387,Inhibition,54.0,22.0,5.0,1.0,1.0,0.0,0.0,25.0,10.0,3.0,3.0,0.0,0.0,0.0,1.0,3.0,0.0,0.0,0.0,19.0,11.0,9.0,4.0,0.0,0.0,0.0,1.0,0.0,14.0,13.0,11.0,3.0,0.0,0.0,0.0,1.0,0.0,0.0,17.0,11.0,8.0,2.0,0.0,0.0,1.0,1.0,0.0,0.0,0.0,20.0,8.0,5.0,1.0,0.0,0.0,1.0,0.0,0.0,20.0,5.0,4.0,1.0,0.0,0.0,0.0,1.0,2.0,0.0,0.0,19.0,5.0,4.0,0.0,0.0,0.0,0.0,2.0,0.0,0.0,0.0,16.0,6.0,1.0,1.0,0.0,0.0,0.0,3.0,12.0,7.0,2.0,0.0,0.0,0.0,0.0,0.0,0.0,0.0,0.0,0.0,0.0,0.0,0.0,0.0,0.0,0.0,0.0,0.0,2.0,1.0,1.0,0.0,0.0,0.0,1.0,1.0,0.0,0.0,0.0,0.0,0.0,0.0,0.0,0.0,0.0,0.0,0.0,0.0,0.0,0.0,0.0,0.0,0.0,0.0,0.0,0.0,0.0,0.0,0.0,0.0,0.0,0.0,0.0,0.0,0.0,0.0,0.0,0.0,0.0,1.0,0.0,0.0,0.0,0.0,0.0,0.0,0.0,0.0,2.0,1.0,0.0,0.0,3.0,0.0,0.0,0.0,0.0,0.0,1.0,2.0,1.0,2.0,23.0,2.0,6.0,7.0,6.0,6.0,6.0,26.0
CHEMBL4212003,Inhibition,103.9,35.0,8.0,7.0,0.0,0.0,0.0,46.0,13.0,7.0,0.0,0.0,0.0,0.0,0.0,3.0,0.0,0.0,0.0,45.0,12.0,13.0,0.0,0.0,0.0,0.0,0.0,4.0,37.0,13.0,20.0,0.0,0.0,0.0,1.0,1.0,0.0,0.0,40.0,12.0,20.0,0.0,0.0,0.0,1.0,1.0,0.0,0.0,4.0,41.0,12.0,27.0,0.0,0.0,0.0,1.0,1.0,0.0,40.0,9.0,23.0,0.0,0.0,0.0,0.0,0.0,3.0,0.0,0.0,42.0,7.0,12.0,0.0,0.0,0.0,2.0,3.0,0.0,0.0,1.0,36.0,10.0,14.0,0.0,0.0,0.0,0.0,2.0,31.0,11.0,13.0,0.0,0.0,0.0,0.0,0.0,0.0,2.0,2.0,2.0,0.0,0.0,0.0,0.0,0.0,0.0,0.0,2.0,3.0,3.0,5.0,0.0,0.0,0.0,13.0,5.0,5.0,1.0,0.0,1.0,3.0,2.0,0.0,0.0,0.0,2.0,3.0,0.0,0.0,0.0,0.0,0.0,0.0,0.0,0.0,0.0,0.0,2.0,5.0,0.0,0.0,4.0,0.0,0.0,4.0,0.0,0.0,2.0,0.0,5.0,2.0,2.0,2.0,1.0,2.0,2.0,0.0,0.0,3.0,3.0,0.0,2.0,7.0,2.0,2.0,0.0,0.0,0.0,5.0,6.0,0.0,1.0,23.0,2.0,9.0,15.0,19.0,19.0,13.0,35.0
CHEMBL4476224,Inhibition,0.53,16.0,10.0,3.0,2.0,0.0,0.0,23.0,11.0,2.0,3.0,0.0,0.0,0.0,1.0,4.0,0.0,0.0,0.0,18.0,13.0,5.0,1.0,0.0,0.0,0.0,1.0,0.0,13.0,11.0,8.0,1.0,0.0,0.0,1.0,0.0,0.0,0.0,14.0,13.0,6.0,0.0,0.0,0.0,0.0,0.0,0.0,0.0,0.0,17.0,7.0,1.0,1.0,0.0,0.0,2.0,3.0,0.0,14.0,8.0,3.0,2.0,0.0,0.0,0.0,1.0,0.0,0.0,0.0,14.0,5.0,0.0,2.0,0.0,0.0,2.0,2.0,0.0,0.0,1.0,12.0,6.0,2.0,1.0,0.0,0.0,1.0,1.0,9.0,6.0,3.0,0.0,0.0,1.0,0.0,0.0,0.0,1.0,4.0,2.0,2.0,0.0,0.0,0.0,1.0,2.0,0.0,1.0,2.0,1.0,1.0,0.0,1.0,0.0,8.0,1.0,4.0,0.0,0.0,0.0,0.0,3.0,0.0,0.0,2.0,0.0,0.0,2.0,1.0,0.0,0.0,0.0,1.0,2.0,0.0,4.0,2.0,0.0,4.0,2.0,1.0,6.0,0.0,0.0,2.0,1.0,0.0,0.0,0.0,5.0,4.0,1.0,1.0,0.0,0.0,0.0,0.0,0.0,4.0,1.0,0.0,0.0,1.0,0.0,2.0,0.0,0.0,1.0,1.0,2.0,2.0,4.0,16.0,5.0,2.0,15.0,11.0,11.0,5.0,17.0
CHEMBL3746951,Inhibition,5.0,17.0,11.0,3.0,0.0,2.0,2.0,24.0,8.0,5.0,0.0,4.0,0.0,4.0,4.0,1.0,0.0,0.0,0.0,19.0,16.0,6.0,0.0,4.0,0.0,4.0,0.0,1.0,19.0,7.0,6.0,0.0,3.0,3.0,3.0,1.0,0.0,0.0,16.0,13.0,4.0,0.0,2.0,2.0,0.0,2.0,0.0,0.0,0.0,18.0,9.0,3.0,0.0,2.0,2.0,2.0,2.0,0.0,16.0,12.0,2.0,0.0,5.0,0.0,5.0,0.0,1.0,0.0,0.0,14.0,9.0,2.0,0.0,1.0,1.0,1.0,0.0,3.0,3.0,0.0,11.0,9.0,2.0,0.0,4.0,4.0,0.0,0.0,12.0,4.0,2.0,0.0,0.0,0.0,1.0,3.0,3.0,0.0,2.0,0.0,1.0,0.0,0.0,1.0,0.0,0.0,0.0,1.0,1.0,0.0,0.0,2.0,0.0,1.0,6.0,1.0,2.0,0.0,0.0,1.0,1.0,0.0,0.0,0.0,0.0,0.0,0.0,0.0,0.0,0.0,0.0,0.0,0.0,0.0,0.0,0.0,0.0,0.0,1.0,0.0,0.0,0.0,0.0,0.0,0.0,0.0,0.0,1.0,0.0,2.0,0.0,0.0,0.0,0.0,0.0,1.0,1.0,2.0,2.0,0.0,0.0,0.0,2.0,0.0,1.0,0.0,0.0,0.0,0.0,1.0,3.0,3.0,18.0,4.0,6.0,14.0,6.0,6.0,6.0,19.0
CHEMBL4476644,Inhibition,20.02,13.0,11.0,2.0,2.0,0.0,0.0,20.0,12.0,1.0,3.0,0.0,0.0,0.0,1.0,3.0,0.0,0.0,0.0,19.0,10.0,2.0,1.0,0.0,0.0,0.0,2.0,0.0,13.0,12.0,4.0,1.0,0.0,0.0,1.0,0.0,0.0,0.0,13.0,14.0,3.0,0.0,0.0,0.0,0.0,0.0,0.0,0.0,0.0,12.0,10.0,1.0,1.0,0.0,0.0,2.0,2.0,0.0,11.0,7.0,2.0,2.0,0.0,0.0,0.0,3.0,0.0,0.0,0.0,11.0,7.0,2.0,2.0,0.0,0.0,1.0,0.0,0.0,0.0,0.0,12.0,4.0,0.0,1.0,0.0,0.0,1.0,1.0,8.0,6.0,1.0,0.0,0.0,1.0,0.0,0.0,0.0,0.0,4.0,0.0,2.0,0.0,0.0,0.0,2.0,2.0,0.0,1.0,1.0,0.0,0.0,0.0,2.0,0.0,6.0,0.0,2.0,0.0,0.0,0.0,0.0,0.0,0.0,0.0,0.0,0.0,0.0,0.0,0.0,0.0,0.0,0.0,0.0,0.0,0.0,0.0,0.0,0.0,4.0,2.0,1.0,6.0,0.0,0.0,0.0,2.0,0.0,0.0,0.0,5.0,4.0,0.0,0.0,2.0,0.0,0.0,0.0,0.0,4.0,0.0,2.0,0.0,0.0,0.0,0.0,0.0,0.0,2.0,0.0,0.0,2.0,4.0,16.0,6.0,0.0,15.0,9.0,9.0,3.0,15.0
CHEMBL4434878,Inhibition,-4.78,14.0,11.0,3.0,2.0,0.0,0.0,22.0,11.0,2.0,3.0,0.0,0.0,0.0,1.0,4.0,0.0,0.0,0.0,19.0,10.0,6.0,1.0,0.0,0.0,0.0,2.0,0.0,12.0,14.0,8.0,1.0,0.0,0.0,0.0,0.0,0.0,0.0,16.0,11.0,4.0,0.0,0.0,0.0,1.0,2.0,0.0,0.0,0.0,13.0,12.0,4.0,1.0,0.0,0.0,1.0,1.0,0.0,14.0,8.0,0.0,2.0,0.0,0.0,0.0,2.0,2.0,0.0,0.0,13.0,4.0,3.0,2.0,0.0,0.0,3.0,1.0,0.0,0.0,0.0,11.0,8.0,3.0,2.0,0.0,0.0,0.0,0.0,11.0,5.0,1.0,0.0,0.0,1.0,1.0,0.0,0.0,0.0,4.0,0.0,2.0,0.0,0.0,0.0,2.0,2.0,0.0,1.0,1.0,0.0,1.0,0.0,2.0,0.0,7.0,1.0,2.0,0.0,0.0,0.0,0.0,0.0,0.0,0.0,0.0,0.0,0.0,0.0,0.0,0.0,0.0,0.0,0.0,0.0,0.0,0.0,0.0,0.0,4.0,4.0,2.0,8.0,0.0,0.0,2.0,2.0,0.0,0.0,0.0,6.0,6.0,0.0,2.0,0.0,0.0,0.0,0.0,0.0,4.0,1.0,2.0,0.0,1.0,0.0,0.0,0.0,0.0,1.0,1.0,2.0,2.0,4.0,16.0,6.0,2.0,16.0,9.0,9.0,4.0,16.0
CHEMBL4585533,Inhibition,66.5,13.0,11.0,3.0,2.0,0.0,0.0,20.0,12.0,2.0,3.0,0.0,0.0,0.0,1.0,4.0,0.0,0.0,0.0,19.0,10.0,4.0,1.0,0.0,0.0,0.0,2.0,0.0,13.0,12.0,5.0,1.0,0.0,0.0,1.0,0.0,0.0,0.0,13.0,14.0,4.0,0.0,0.0,0.0,0.0,0.0,0.0,0.0,0.0,12.0,10.0,1.0,1.0,0.0,0.0,2.0,3.0,1.0,11.0,7.0,3.0,2.0,0.0,0.0,0.0,3.0,1.0,0.0,0.0,11.0,7.0,2.0,2.0,0.0,0.0,1.0,1.0,0.0,0.0,0.0,12.0,4.0,1.0,1.0,0.0,0.0,1.0,1.0,8.0,6.0,3.0,0.0,0.0,1.0,0.0,0.0,0.0,0.0,4.0,0.0,2.0,0.0,0.0,0.0,2.0,2.0,0.0,1.0,1.0,0.0,1.0,0.0,2.0,0.0,6.0,1.0,2.0,0.0,0.0,0.0,0.0,0.0,0.0,0.0,0.0,0.0,0.0,0.0,0.0,0.0,0.0,0.0,0.0,0.0,0.0,0.0,0.0,0.0,4.0,2.0,1.0,6.0,0.0,0.0,0.0,2.0,0.0,0.0,0.0,6.0,4.0,0.0,0.0,2.0,0.0,0.0,0.0,0.0,4.0,1.0,2.0,0.0,1.0,0.0,0.0,0.0,0.0,2.0,1.0,1.0,2.0,4.0,16.0,6.0,2.0,16.0,10.0,10.0,4.0,16.0
CHEMBL4564829,Inhibition,10.22,23.0,10.0,0.0,2.0,3.0,4.0,32.0,14.0,0.0,3.0,3.0,1.0,4.0,1.0,0.0,3.0,3.0,3.0,32.0,11.0,0.0,1.0,6.0,2.0,8.0,2.0,0.0,27.0,14.0,0.0,2.0,6.0,7.0,0.0,0.0,0.0,0.0,29.0,15.0,0.0,1.0,3.0,4.0,1.0,0.0,0.0,1.0,0.0,25.0,16.0,0.0,3.0,3.0,5.0,0.0,0.0,0.0,29.0,8.0,0.0,4.0,3.0,1.0,4.0,1.0,0.0,0.0,1.0,28.0,7.0,0.0,3.0,6.0,9.0,2.0,0.0,0.0,0.0,0.0,23.0,8.0,0.0,2.0,3.0,7.0,0.0,0.0,19.0,6.0,0.0,6.0,9.0,1.0,0.0,0.0,0.0,0.0,5.0,0.0,2.0,0.0,0.0,0.0,2.0,2.0,0.0,1.0,1.0,0.0,0.0,3.0,2.0,0.0,7.0,0.0,2.0,0.0,0.0,0.0,0.0,0.0,0.0,0.0,0.0,0.0,0.0,0.0,0.0,0.0,0.0,0.0,0.0,0.0,0.0,0.0,0.0,0.0,4.0,2.0,1.0,6.0,0.0,0.0,0.0,2.0,0.0,0.0,0.0,5.0,4.0,0.0,0.0,2.0,0.0,0.0,0.0,3.0,3.0,0.0,2.0,0.0,0.0,0.0,1.0,3.0,0.0,2.0,0.0,0.0,1.0,3.0,22.0,5.0,0.0,12.0,13.0,13.0,6.0,24.0
CHEMBL3799169,Inhibition,52.2,18.0,14.0,3.0,0.0,2.0,3.0,26.0,13.0,4.0,0.0,4.0,2.0,6.0,3.0,2.0,0.0,0.0,0.0,24.0,12.0,6.0,0.0,4.0,2.0,6.0,3.0,0.0,17.0,19.0,6.0,0.0,3.0,4.0,1.0,1.0,1.0,2.0,25.0,11.0,4.0,0.0,3.0,4.0,2.0,3.0,1.0,1.0,0.0,22.0,13.0,5.0,0.0,3.0,3.0,1.0,1.0,0.0,20.0,13.0,1.0,0.0,2.0,1.0,3.0,0.0,1.0,2.0,2.0,20.0,11.0,2.0,0.0,3.0,5.0,0.0,1.0,2.0,2.0,0.0,15.0,8.0,6.0,0.0,6.0,8.0,1.0,0.0,12.0,6.0,4.0,4.0,5.0,2.0,0.0,0.0,0.0,0.0,2.0,0.0,1.0,0.0,0.0,0.0,0.0,1.0,0.0,2.0,1.0,0.0,0.0,2.0,1.0,1.0,5.0,0.0,1.0,0.0,0.0,0.0,0.0,0.0,0.0,0.0,0.0,0.0,0.0,0.0,0.0,0.0,0.0,0.0,0.0,0.0,0.0,0.0,0.0,0.0,1.0,1.0,0.0,2.0,0.0,0.0,0.0,0.0,0.0,0.0,0.0,4.0,3.0,0.0,0.0,1.0,0.0,1.0,0.0,2.0,3.0,0.0,0.0,0.0,2.0,0.0,0.0,0.0,0.0,1.0,0.0,0.0,3.0,4.0,23.0,4.0,2.0,17.0,8.0,8.0,8.0,23.0
CHEMBL4537754,Inhibition,13.57,16.0,2.0,8.0,2.0,0.0,2.0,22.0,4.0,8.0,4.0,0.0,4.0,4.0,0.0,2.0,0.0,0.0,0.0,21.0,5.0,9.0,2.0,0.0,5.0,5.0,0.0,2.0,14.0,7.0,15.0,1.0,0.0,3.0,0.0,0.0,0.0,1.0,13.0,7.0,8.0,1.0,0.0,3.0,0.0,2.0,0.0,1.0,3.0,9.0,7.0,7.0,1.0,0.0,2.0,0.0,3.0,1.0,9.0,5.0,7.0,2.0,0.0,1.0,1.0,0.0,1.0,0.0,1.0,13.0,1.0,6.0,2.0,0.0,2.0,0.0,0.0,0.0,1.0,2.0,14.0,0.0,7.0,1.0,0.0,3.0,0.0,0.0,13.0,0.0,6.0,0.0,2.0,0.0,0.0,0.0,0.0,0.0,0.0,0.0,0.0,0.0,0.0,0.0,0.0,0.0,0.0,3.0,2.0,2.0,2.0,0.0,0.0,3.0,5.0,2.0,0.0,0.0,0.0,0.0,0.0,0.0,0.0,0.0,0.0,0.0,0.0,0.0,0.0,0.0,0.0,0.0,0.0,0.0,0.0,0.0,0.0,0.0,0.0,0.0,0.0,0.0,0.0,0.0,0.0,0.0,0.0,0.0,0.0,2.0,0.0,0.0,0.0,0.0,0.0,3.0,3.0,0.0,2.0,2.0,0.0,0.0,5.0,0.0,0.0,0.0,3.0,0.0,2.0,3.0,0.0,1.0,15.0,1.0,4.0,12.0,6.0,6.0,8.0,18.0
CHEMBL4066592,Inhibition,-0.3,16.0,7.0,4.0,0.0,0.0,0.0,22.0,12.0,3.0,0.0,0.0,0.0,0.0,1.0,2.0,0.0,0.0,0.0,21.0,13.0,5.0,0.0,0.0,0.0,0.0,1.0,1.0,19.0,13.0,5.0,0.0,0.0,0.0,1.0,2.0,0.0,0.0,18.0,13.0,6.0,0.0,0.0,0.0,0.0,0.0,0.0,0.0,2.0,17.0,8.0,7.0,0.0,0.0,0.0,0.0,2.0,0.0,13.0,7.0,3.0,0.0,0.0,0.0,0.0,2.0,1.0,0.0,0.0,8.0,4.0,4.0,0.0,0.0,0.0,3.0,0.0,0.0,0.0,0.0,6.0,5.0,5.0,0.0,0.0,0.0,1.0,0.0,4.0,4.0,4.0,0.0,0.0,0.0,4.0,0.0,0.0,0.0,0.0,0.0,0.0,0.0,0.0,0.0,0.0,0.0,0.0,2.0,1.0,1.0,1.0,0.0,0.0,1.0,3.0,1.0,0.0,0.0,0.0,0.0,0.0,0.0,0.0,0.0,0.0,0.0,0.0,0.0,0.0,0.0,0.0,0.0,0.0,0.0,0.0,0.0,0.0,0.0,0.0,0.0,0.0,0.0,0.0,0.0,0.0,0.0,0.0,0.0,0.0,1.0,0.0,0.0,0.0,0.0,0.0,2.0,0.0,0.0,1.0,1.0,0.0,0.0,2.0,1.0,0.0,0.0,0.0,0.0,0.0,0.0,3.0,5.0,20.0,5.0,0.0,11.0,6.0,6.0,3.0,18.0
CHEMBL4796210,Inhibition,38.5,31.0,15.0,7.0,2.0,0.0,0.0,45.0,17.0,8.0,2.0,0.0,0.0,0.0,2.0,4.0,0.0,0.0,0.0,42.0,18.0,8.0,4.0,0.0,0.0,0.0,1.0,2.0,33.0,17.0,14.0,2.0,0.0,0.0,0.0,1.0,0.0,0.0,28.0,17.0,12.0,3.0,0.0,0.0,1.0,2.0,0.0,0.0,0.0,37.0,10.0,7.0,3.0,0.0,0.0,1.0,1.0,1.0,39.0,11.0,9.0,1.0,0.0,0.0,0.0,2.0,1.0,0.0,0.0,36.0,10.0,7.0,2.0,0.0,0.0,1.0,1.0,0.0,0.0,0.0,31.0,10.0,6.0,3.0,0.0,0.0,2.0,3.0,28.0,15.0,7.0,0.0,0.0,0.0,0.0,0.0,0.0,0.0,7.0,0.0,3.0,0.0,3.0,0.0,3.0,0.0,3.0,3.0,3.0,3.0,2.0,0.0,1.0,2.0,13.0,2.0,7.0,1.0,1.0,0.0,1.0,3.0,0.0,0.0,0.0,0.0,1.0,0.0,0.0,0.0,0.0,0.0,0.0,0.0,0.0,0.0,0.0,0.0,4.0,3.0,3.0,6.0,0.0,0.0,0.0,3.0,5.0,3.0,2.0,6.0,3.0,0.0,0.0,2.0,6.0,3.0,1.0,0.0,4.0,3.0,0.0,3.0,4.0,3.0,1.0,0.0,1.0,1.0,1.0,0.0,2.0,5.0,29.0,7.0,0.0,24.0,20.0,20.0,13.0,32.0
CHEMBL4757873,Inhibition,98.8,23.0,13.0,6.0,2.0,0.0,0.0,35.0,13.0,8.0,2.0,0.0,0.0,0.0,3.0,2.0,0.0,0.0,0.0,32.0,14.0,7.0,4.0,0.0,0.0,0.0,0.0,3.0,25.0,16.0,8.0,2.0,0.0,0.0,1.0,1.0,0.0,0.0,20.0,15.0,7.0,3.0,0.0,0.0,1.0,1.0,0.0,0.0,1.0,27.0,9.0,4.0,2.0,0.0,0.0,1.0,1.0,1.0,27.0,10.0,8.0,2.0,0.0,0.0,0.0,1.0,2.0,0.0,0.0,26.0,7.0,6.0,1.0,0.0,0.0,1.0,1.0,0.0,0.0,0.0,22.0,8.0,6.0,2.0,0.0,0.0,2.0,0.0,20.0,9.0,5.0,0.0,0.0,2.0,1.0,0.0,0.0,0.0,6.0,0.0,3.0,0.0,3.0,0.0,3.0,0.0,3.0,3.0,1.0,0.0,0.0,0.0,1.0,2.0,11.0,0.0,6.0,0.0,1.0,0.0,0.0,3.0,0.0,0.0,0.0,0.0,0.0,0.0,0.0,0.0,0.0,0.0,0.0,0.0,0.0,0.0,0.0,0.0,3.0,3.0,3.0,6.0,0.0,0.0,0.0,3.0,5.0,3.0,2.0,4.0,3.0,0.0,0.0,1.0,6.0,4.0,1.0,0.0,3.0,0.0,0.0,3.0,3.0,3.0,0.0,0.0,1.0,1.0,0.0,0.0,2.0,5.0,23.0,7.0,2.0,21.0,15.0,15.0,8.0,23.0
CHEMBL4210170,Inhibition,39.2,30.0,8.0,11.0,0.0,0.0,0.0,41.0,13.0,9.0,0.0,0.0,0.0,0.0,0.0,3.0,0.0,0.0,0.0,41.0,12.0,17.0,0.0,0.0,0.0,0.0,0.0,4.0,35.0,13.0,22.0,0.0,0.0,0.0,1.0,1.0,0.0,0.0,39.0,10.0,20.0,0.0,0.0,0.0,1.0,3.0,0.0,0.0,4.0,40.0,12.0,25.0,0.0,0.0,0.0,1.0,1.0,4.0,38.0,9.0,25.0,0.0,0.0,0.0,0.0,0.0,3.0,0.0,0.0,39.0,7.0,16.0,0.0,0.0,0.0,2.0,3.0,0.0,0.0,1.0,30.0,8.0,20.0,0.0,0.0,0.0,0.0,4.0,29.0,11.0,15.0,0.0,0.0,0.0,0.0,0.0,0.0,2.0,3.0,2.0,1.0,0.0,0.0,0.0,0.0,0.0,0.0,4.0,3.0,3.0,6.0,0.0,0.0,2.0,17.0,6.0,7.0,1.0,0.0,1.0,4.0,4.0,0.0,0.0,1.0,3.0,2.0,2.0,1.0,0.0,0.0,0.0,0.0,1.0,2.0,1.0,0.0,3.0,5.0,0.0,0.0,4.0,0.0,0.0,4.0,0.0,0.0,3.0,2.0,5.0,2.0,2.0,2.0,1.0,2.0,5.0,0.0,0.0,3.0,3.0,0.0,2.0,9.0,2.0,3.0,0.0,0.0,0.0,6.0,6.0,0.0,1.0,17.0,2.0,9.0,19.0,21.0,21.0,16.0,30.0
CHEMBL4213727,Inhibition,70.3,30.0,8.0,11.0,0.0,0.0,0.0,41.0,13.0,9.0,0.0,0.0,0.0,0.0,0.0,3.0,0.0,0.0,0.0,41.0,12.0,17.0,0.0,0.0,0.0,0.0,0.0,4.0,35.0,13.0,22.0,0.0,0.0,0.0,1.0,1.0,0.0,0.0,39.0,10.0,20.0,0.0,0.0,0.0,1.0,3.0,0.0,0.0,4.0,40.0,12.0,25.0,0.0,0.0,0.0,1.0,1.0,4.0,38.0,9.0,25.0,0.0,0.0,0.0,0.0,0.0,3.0,0.0,0.0,39.0,7.0,16.0,0.0,0.0,0.0,2.0,3.0,0.0,0.0,1.0,32.0,10.0,18.0,0.0,0.0,0.0,0.0,2.0,27.0,11.0,17.0,0.0,0.0,0.0,0.0,0.0,0.0,2.0,3.0,2.0,1.0,0.0,0.0,0.0,0.0,0.0,0.0,4.0,3.0,3.0,6.0,0.0,0.0,2.0,17.0,6.0,7.0,1.0,0.0,1.0,4.0,4.0,0.0,0.0,1.0,3.0,2.0,2.0,1.0,0.0,0.0,0.0,0.0,1.0,2.0,1.0,0.0,3.0,5.0,0.0,0.0,4.0,0.0,0.0,4.0,0.0,0.0,3.0,2.0,5.0,2.0,2.0,2.0,1.0,2.0,5.0,0.0,0.0,3.0,3.0,0.0,2.0,9.0,2.0,3.0,0.0,0.0,0.0,6.0,6.0,0.0,1.0,17.0,2.0,9.0,19.0,21.0,21.0,16.0,30.0
CHEMBL3735816,Inhibition,55.5,18.0,9.0,5.0,0.0,0.0,0.0,26.0,12.0,8.0,0.0,0.0,0.0,0.0,1.0,0.0,0.0,0.0,0.0,26.0,9.0,10.0,0.0,0.0,0.0,0.0,2.0,0.0,24.0,9.0,6.0,0.0,0.0,0.0,0.0,3.0,0.0,0.0,20.0,9.0,12.0,0.0,0.0,0.0,0.0,2.0,0.0,0.0,0.0,25.0,8.0,8.0,0.0,0.0,0.0,0.0,3.0,1.0,21.0,10.0,6.0,0.0,0.0,0.0,0.0,0.0,3.0,0.0,0.0,15.0,10.0,4.0,0.0,0.0,0.0,1.0,1.0,0.0,0.0,0.0,10.0,9.0,2.0,0.0,0.0,0.0,1.0,2.0,11.0,7.0,1.0,0.0,0.0,1.0,1.0,0.0,0.0,0.0,5.0,0.0,2.0,0.0,0.0,2.0,3.0,0.0,0.0,1.0,1.0,0.0,1.0,0.0,1.0,2.0,9.0,1.0,3.0,0.0,0.0,1.0,1.0,0.0,0.0,0.0,0.0,0.0,1.0,0.0,0.0,0.0,0.0,0.0,0.0,0.0,0.0,0.0,0.0,0.0,4.0,2.0,1.0,6.0,0.0,0.0,0.0,2.0,0.0,1.0,0.0,5.0,4.0,0.0,0.0,0.0,0.0,2.0,2.0,0.0,2.0,0.0,2.0,0.0,3.0,0.0,0.0,0.0,1.0,1.0,0.0,3.0,2.0,3.0,15.0,6.0,5.0,14.0,12.0,12.0,4.0,18.0
CHEMBL4757546,Inhibition,9.0,18.0,20.0,2.0,0.0,0.0,0.0,30.0,20.0,2.0,0.0,0.0,0.0,0.0,4.0,2.0,0.0,0.0,0.0,33.0,20.0,5.0,0.0,0.0,0.0,0.0,2.0,2.0,31.0,15.0,10.0,0.0,0.0,0.0,4.0,1.0,0.0,0.0,26.0,17.0,7.0,0.0,0.0,0.0,3.0,1.0,0.0,0.0,1.0,22.0,22.0,4.0,0.0,0.0,0.0,0.0,1.0,0.0,27.0,8.0,1.0,0.0,0.0,0.0,0.0,6.0,2.0,0.0,0.0,18.0,19.0,3.0,0.0,0.0,0.0,0.0,1.0,0.0,0.0,0.0,18.0,14.0,4.0,0.0,0.0,0.0,3.0,0.0,19.0,13.0,0.0,0.0,0.0,1.0,3.0,0.0,0.0,0.0,12.0,0.0,8.0,4.0,0.0,0.0,4.0,1.0,0.0,3.0,2.0,1.0,2.0,0.0,4.0,0.0,22.0,2.0,16.0,2.0,1.0,0.0,2.0,13.0,2.0,1.0,7.0,2.0,0.0,11.0,9.0,2.0,0.0,0.0,8.0,10.0,0.0,11.0,7.0,0.0,16.0,9.0,11.0,23.0,6.0,6.0,6.0,14.0,0.0,0.0,0.0,14.0,11.0,5.0,3.0,0.0,0.0,0.0,0.0,0.0,6.0,2.0,4.0,0.0,2.0,1.0,6.0,0.0,0.0,2.0,2.0,3.0,2.0,2.0,6.0,6.0,4.0,22.0,25.0,25.0,7.0,17.0
CHEMBL3793843,Inhibition,99.7,23.0,10.0,2.0,0.0,0.0,0.0,30.0,16.0,2.0,0.0,0.0,0.0,0.0,0.0,2.0,0.0,0.0,0.0,30.0,12.0,6.0,0.0,0.0,0.0,0.0,2.0,1.0,23.0,12.0,8.0,0.0,0.0,0.0,1.0,1.0,0.0,0.0,23.0,10.0,5.0,0.0,0.0,0.0,0.0,1.0,0.0,0.0,0.0,21.0,9.0,3.0,0.0,0.0,0.0,1.0,1.0,0.0,19.0,9.0,4.0,0.0,0.0,0.0,0.0,0.0,0.0,0.0,0.0,20.0,6.0,3.0,0.0,0.0,0.0,0.0,1.0,0.0,0.0,1.0,20.0,2.0,4.0,0.0,0.0,0.0,2.0,1.0,15.0,6.0,4.0,0.0,0.0,1.0,1.0,0.0,0.0,0.0,4.0,0.0,2.0,0.0,0.0,0.0,2.0,0.0,0.0,0.0,1.0,1.0,2.0,0.0,2.0,0.0,6.0,2.0,2.0,0.0,0.0,0.0,0.0,0.0,0.0,0.0,0.0,0.0,0.0,0.0,0.0,0.0,0.0,0.0,0.0,0.0,0.0,0.0,0.0,0.0,4.0,2.0,1.0,6.0,0.0,0.0,2.0,2.0,0.0,0.0,0.0,6.0,4.0,0.0,2.0,3.0,0.0,0.0,0.0,0.0,3.0,2.0,2.0,0.0,2.0,0.0,0.0,0.0,0.0,1.0,2.0,4.0,1.0,2.0,21.0,4.0,4.0,12.0,10.0,10.0,6.0,25.0
CHEMBL3797607,Inhibition,39.0,20.0,14.0,3.0,0.0,3.0,3.0,26.0,15.0,4.0,0.0,6.0,0.0,6.0,3.0,2.0,0.0,0.0,0.0,28.0,12.0,6.0,0.0,6.0,0.0,6.0,3.0,0.0,20.0,19.0,6.0,0.0,4.0,4.0,1.0,1.0,2.0,2.0,25.0,13.0,4.0,0.0,4.0,4.0,2.0,3.0,1.0,1.0,0.0,26.0,13.0,5.0,0.0,3.0,3.0,1.0,1.0,0.0,22.0,17.0,1.0,0.0,3.0,0.0,3.0,0.0,1.0,2.0,2.0,22.0,13.0,2.0,0.0,5.0,5.0,0.0,1.0,2.0,2.0,0.0,19.0,8.0,6.0,0.0,8.0,8.0,1.0,0.0,14.0,6.0,6.0,5.0,5.0,2.0,0.0,0.0,0.0,0.0,4.0,0.0,1.0,0.0,0.0,0.0,3.0,0.0,0.0,2.0,1.0,0.0,0.0,3.0,1.0,1.0,7.0,0.0,3.0,0.0,0.0,0.0,0.0,0.0,0.0,0.0,0.0,0.0,0.0,0.0,0.0,0.0,0.0,0.0,0.0,0.0,0.0,0.0,0.0,0.0,3.0,3.0,3.0,6.0,0.0,0.0,0.0,3.0,0.0,0.0,0.0,4.0,3.0,0.0,0.0,1.0,0.0,1.0,0.0,3.0,3.0,0.0,0.0,0.0,2.0,2.0,0.0,0.0,0.0,1.0,0.0,0.0,3.0,4.0,23.0,4.0,2.0,17.0,10.0,10.0,10.0,23.0
CHEMBL4755004,Inhibition,52.6,17.0,10.0,4.0,2.0,0.0,0.0,25.0,11.0,4.0,2.0,0.0,0.0,0.0,2.0,3.0,0.0,0.0,0.0,22.0,12.0,6.0,4.0,0.0,0.0,0.0,1.0,0.0,18.0,13.0,4.0,2.0,0.0,0.0,0.0,1.0,0.0,0.0,16.0,9.0,5.0,3.0,0.0,0.0,1.0,2.0,0.0,0.0,0.0,17.0,6.0,5.0,2.0,0.0,0.0,1.0,1.0,0.0,18.0,6.0,4.0,1.0,0.0,0.0,0.0,1.0,0.0,0.0,0.0,16.0,5.0,3.0,0.0,0.0,0.0,1.0,1.0,0.0,0.0,0.0,11.0,5.0,4.0,1.0,0.0,0.0,1.0,1.0,9.0,6.0,4.0,0.0,0.0,0.0,1.0,0.0,0.0,0.0,0.0,0.0,0.0,0.0,0.0,0.0,0.0,0.0,0.0,2.0,1.0,0.0,0.0,0.0,0.0,1.0,3.0,0.0,0.0,0.0,0.0,0.0,0.0,0.0,0.0,0.0,0.0,0.0,0.0,0.0,0.0,0.0,0.0,0.0,0.0,0.0,0.0,0.0,0.0,0.0,0.0,0.0,0.0,0.0,0.0,0.0,0.0,0.0,0.0,0.0,0.0,1.0,0.0,0.0,0.0,1.0,0.0,2.0,1.0,0.0,2.0,0.0,0.0,0.0,2.0,1.0,0.0,0.0,1.0,0.0,0.0,0.0,2.0,5.0,23.0,5.0,2.0,16.0,5.0,5.0,4.0,21.0
CHEMBL4553144,Inhibition,-5.65,28.0,7.0,3.0,0.0,3.0,4.0,37.0,13.0,3.0,0.0,3.0,2.0,5.0,0.0,1.0,3.0,3.0,3.0,36.0,14.0,5.0,0.0,6.0,2.0,8.0,0.0,0.0,32.0,15.0,5.0,0.0,6.0,9.0,1.0,0.0,0.0,0.0,34.0,14.0,5.0,0.0,6.0,7.0,1.0,0.0,0.0,1.0,0.0,41.0,6.0,2.0,0.0,0.0,2.0,2.0,2.0,0.0,39.0,9.0,3.0,0.0,3.0,3.0,6.0,0.0,2.0,0.0,0.0,30.0,13.0,5.0,0.0,6.0,10.0,0.0,0.0,0.0,0.0,0.0,23.0,11.0,6.0,0.0,6.0,8.0,0.0,0.0,23.0,4.0,6.0,3.0,4.0,1.0,1.0,3.0,4.0,0.0,0.0,0.0,0.0,0.0,0.0,0.0,0.0,0.0,0.0,1.0,1.0,1.0,1.0,3.0,0.0,1.0,3.0,1.0,0.0,0.0,0.0,0.0,0.0,0.0,0.0,0.0,0.0,0.0,0.0,0.0,0.0,0.0,0.0,0.0,0.0,0.0,0.0,0.0,0.0,0.0,0.0,0.0,0.0,0.0,0.0,0.0,0.0,0.0,0.0,0.0,0.0,1.0,0.0,0.0,0.0,1.0,0.0,1.0,1.0,3.0,1.0,1.0,0.0,0.0,2.0,0.0,0.0,3.0,1.0,0.0,1.0,2.0,2.0,3.0,29.0,3.0,2.0,10.0,3.0,3.0,5.0,30.0
CHEMBL4483816,Inhibition,59.0,19.0,12.0,1.0,2.0,0.0,0.0,25.0,19.0,1.0,3.0,0.0,0.0,0.0,2.0,1.0,0.0,0.0,0.0,25.0,19.0,3.0,1.0,0.0,0.0,0.0,1.0,0.0,23.0,14.0,3.0,1.0,0.0,0.0,5.0,1.0,0.0,0.0,20.0,15.0,5.0,1.0,0.0,0.0,0.0,0.0,0.0,0.0,0.0,25.0,10.0,2.0,2.0,0.0,0.0,2.0,4.0,0.0,26.0,11.0,1.0,3.0,0.0,0.0,0.0,1.0,0.0,0.0,0.0,20.0,11.0,1.0,2.0,0.0,0.0,2.0,0.0,0.0,0.0,0.0,12.0,14.0,1.0,1.0,0.0,0.0,0.0,1.0,9.0,7.0,2.0,0.0,0.0,4.0,0.0,0.0,0.0,0.0,1.0,0.0,0.0,0.0,0.0,0.0,0.0,0.0,0.0,2.0,1.0,1.0,1.0,0.0,0.0,0.0,4.0,1.0,0.0,0.0,0.0,0.0,0.0,0.0,0.0,0.0,0.0,0.0,0.0,0.0,0.0,0.0,0.0,0.0,0.0,0.0,0.0,0.0,0.0,0.0,0.0,0.0,0.0,0.0,0.0,0.0,0.0,0.0,0.0,0.0,0.0,1.0,0.0,0.0,0.0,1.0,0.0,0.0,0.0,0.0,2.0,1.0,0.0,0.0,1.0,2.0,0.0,0.0,0.0,0.0,1.0,1.0,4.0,6.0,24.0,6.0,2.0,15.0,7.0,7.0,5.0,21.0
CHEMBL4793906,Inhibition,87.75,26.0,8.0,3.0,0.0,3.0,3.0,35.0,13.0,3.0,0.0,3.0,0.0,3.0,1.0,1.0,3.0,3.0,3.0,36.0,13.0,3.0,0.0,6.0,0.0,6.0,1.0,1.0,31.0,13.0,5.0,0.0,6.0,6.0,0.0,0.0,3.0,3.0,29.0,8.0,6.0,0.0,12.0,12.0,0.0,0.0,0.0,0.0,0.0,29.0,4.0,5.0,0.0,6.0,6.0,1.0,1.0,0.0,26.0,11.0,4.0,0.0,3.0,0.0,3.0,0.0,0.0,0.0,0.0,20.0,13.0,4.0,0.0,6.0,6.0,0.0,0.0,0.0,0.0,0.0,20.0,6.0,2.0,0.0,6.0,6.0,3.0,1.0,20.0,5.0,4.0,6.0,6.0,0.0,0.0,0.0,0.0,0.0,4.0,0.0,2.0,0.0,2.0,0.0,1.0,0.0,2.0,0.0,1.0,1.0,1.0,3.0,1.0,1.0,8.0,1.0,2.0,0.0,0.0,0.0,0.0,0.0,0.0,0.0,0.0,0.0,0.0,0.0,0.0,0.0,0.0,0.0,0.0,0.0,0.0,0.0,0.0,0.0,2.0,0.0,0.0,2.0,0.0,0.0,0.0,1.0,1.0,2.0,2.0,3.0,1.0,0.0,0.0,3.0,2.0,2.0,0.0,3.0,3.0,1.0,0.0,2.0,2.0,0.0,0.0,3.0,0.0,1.0,1.0,2.0,1.0,2.0,21.0,4.0,2.0,11.0,11.0,11.0,5.0,24.0
CHEMBL3917405,Inhibition,67.0,26.0,7.0,7.0,0.0,0.0,0.0,33.0,6.0,9.0,0.0,0.0,0.0,0.0,3.0,1.0,0.0,0.0,0.0,31.0,11.0,12.0,0.0,0.0,0.0,0.0,0.0,0.0,31.0,12.0,10.0,0.0,0.0,0.0,0.0,0.0,0.0,0.0,35.0,11.0,8.0,0.0,0.0,0.0,0.0,2.0,0.0,0.0,1.0,36.0,11.0,10.0,0.0,0.0,0.0,0.0,1.0,0.0,38.0,8.0,9.0,0.0,0.0,0.0,0.0,0.0,4.0,0.0,0.0,38.0,7.0,11.0,0.0,0.0,0.0,0.0,3.0,0.0,0.0,1.0,34.0,8.0,9.0,0.0,0.0,0.0,0.0,0.0,21.0,6.0,10.0,0.0,0.0,0.0,0.0,0.0,0.0,0.0,10.0,0.0,5.0,4.0,1.0,0.0,0.0,0.0,5.0,0.0,2.0,1.0,1.0,0.0,0.0,3.0,13.0,1.0,8.0,1.0,0.0,2.0,1.0,5.0,0.0,0.0,0.0,1.0,0.0,4.0,3.0,2.0,1.0,0.0,1.0,1.0,1.0,1.0,0.0,1.0,1.0,0.0,0.0,0.0,0.0,0.0,0.0,0.0,0.0,3.0,2.0,1.0,0.0,0.0,0.0,0.0,0.0,5.0,1.0,0.0,2.0,1.0,0.0,0.0,5.0,0.0,5.0,0.0,1.0,0.0,1.0,0.0,2.0,2.0,18.0,5.0,0.0,14.0,19.0,19.0,9.0,21.0
CHEMBL4088144,Inhibition,19.0,16.0,14.0,0.0,0.0,0.0,1.0,22.0,14.0,0.0,0.0,0.0,2.0,2.0,6.0,0.0,0.0,0.0,0.0,18.0,20.0,0.0,0.0,0.0,2.0,2.0,4.0,0.0,15.0,19.0,0.0,0.0,0.0,1.0,5.0,0.0,0.0,1.0,18.0,17.0,0.0,0.0,0.0,1.0,3.0,0.0,0.0,0.0,0.0,17.0,24.0,0.0,0.0,0.0,1.0,0.0,0.0,0.0,22.0,14.0,0.0,0.0,0.0,2.0,2.0,2.0,0.0,0.0,1.0,24.0,10.0,0.0,0.0,0.0,1.0,1.0,0.0,0.0,3.0,0.0,21.0,5.0,0.0,0.0,0.0,2.0,0.0,0.0,12.0,2.0,0.0,0.0,4.0,0.0,0.0,0.0,0.0,3.0,4.0,2.0,3.0,2.0,0.0,0.0,0.0,0.0,0.0,2.0,2.0,0.0,0.0,0.0,0.0,0.0,9.0,0.0,8.0,0.0,0.0,0.0,0.0,7.0,0.0,0.0,4.0,0.0,0.0,6.0,6.0,1.0,0.0,0.0,4.0,4.0,0.0,4.0,0.0,0.0,4.0,0.0,0.0,0.0,0.0,0.0,0.0,0.0,0.0,0.0,0.0,2.0,0.0,0.0,0.0,0.0,0.0,0.0,0.0,0.0,3.0,0.0,1.0,0.0,0.0,2.0,4.0,0.0,0.0,0.0,0.0,0.0,3.0,4.0,15.0,4.0,0.0,14.0,14.0,14.0,5.0,17.0
CHEMBL3746293,Inhibition,11.6,24.0,12.0,2.0,2.0,1.0,1.0,32.0,20.0,2.0,4.0,2.0,0.0,2.0,1.0,2.0,0.0,0.0,0.0,34.0,15.0,3.0,2.0,2.0,0.0,2.0,3.0,2.0,26.0,18.0,6.0,2.0,3.0,3.0,2.0,0.0,0.0,0.0,24.0,16.0,7.0,2.0,2.0,2.0,3.0,1.0,0.0,0.0,0.0,25.0,14.0,7.0,3.0,2.0,2.0,3.0,1.0,0.0,28.0,12.0,6.0,2.0,3.0,0.0,3.0,2.0,1.0,1.0,1.0,28.0,13.0,3.0,1.0,3.0,3.0,1.0,3.0,1.0,1.0,0.0,25.0,12.0,3.0,1.0,3.0,3.0,2.0,1.0,21.0,11.0,2.0,1.0,1.0,1.0,0.0,1.0,1.0,0.0,4.0,0.0,1.0,0.0,0.0,0.0,1.0,2.0,0.0,2.0,1.0,1.0,1.0,1.0,1.0,0.0,10.0,2.0,4.0,0.0,0.0,0.0,1.0,2.0,0.0,0.0,0.0,1.0,1.0,1.0,0.0,0.0,0.0,0.0,0.0,0.0,0.0,0.0,0.0,0.0,1.0,1.0,0.0,2.0,0.0,0.0,0.0,0.0,0.0,0.0,0.0,4.0,3.0,0.0,0.0,1.0,0.0,0.0,0.0,1.0,5.0,1.0,0.0,0.0,2.0,1.0,1.0,0.0,0.0,1.0,1.0,1.0,1.0,3.0,20.0,6.0,9.0,16.0,11.0,11.0,5.0,23.0
CHEMBL4542239,Inhibition,23.0,31.0,14.0,4.0,0.0,0.0,0.0,40.0,22.0,4.0,0.0,0.0,0.0,0.0,1.0,4.0,1.0,1.0,1.0,42.0,17.0,9.0,0.0,8.0,0.0,8.0,1.0,0.0,37.0,19.0,11.0,0.0,14.0,14.0,1.0,1.0,0.0,0.0,39.0,12.0,7.0,0.0,4.0,4.0,3.0,4.0,0.0,0.0,0.0,36.0,16.0,10.0,0.0,2.0,2.0,0.0,1.0,0.0,29.0,13.0,10.0,0.0,0.0,0.0,0.0,3.0,2.0,2.0,2.0,26.0,12.0,9.0,0.0,2.0,2.0,2.0,2.0,0.0,0.0,2.0,22.0,15.0,11.0,0.0,2.0,2.0,0.0,2.0,24.0,8.0,8.0,0.0,0.0,2.0,2.0,2.0,2.0,0.0,4.0,0.0,2.0,0.0,0.0,2.0,0.0,0.0,0.0,5.0,4.0,4.0,4.0,2.0,0.0,0.0,20.0,4.0,9.0,3.0,0.0,5.0,3.0,3.0,0.0,0.0,0.0,1.0,1.0,0.0,0.0,0.0,0.0,0.0,0.0,0.0,0.0,2.0,0.0,0.0,6.0,0.0,0.0,3.0,1.0,1.0,2.0,1.0,0.0,0.0,0.0,7.0,2.0,0.0,2.0,2.0,0.0,0.0,0.0,2.0,5.0,4.0,1.0,0.0,4.0,5.0,2.0,0.0,0.0,0.0,4.0,4.0,0.0,2.0,16.0,5.0,12.0,18.0,22.0,22.0,12.0,33.0
CHEMBL3593675,Inhibition,41.5,19.0,10.0,2.0,0.0,0.0,0.0,27.0,12.0,3.0,0.0,0.0,0.0,0.0,3.0,2.0,0.0,0.0,0.0,24.0,13.0,5.0,0.0,0.0,0.0,0.0,0.0,1.0,19.0,14.0,4.0,0.0,0.0,0.0,1.0,1.0,0.0,0.0,15.0,11.0,3.0,0.0,0.0,0.0,0.0,1.0,0.0,0.0,1.0,20.0,6.0,3.0,0.0,0.0,0.0,1.0,0.0,0.0,15.0,8.0,6.0,0.0,0.0,0.0,0.0,1.0,0.0,0.0,0.0,13.0,5.0,3.0,0.0,0.0,0.0,1.0,1.0,0.0,0.0,0.0,13.0,6.0,2.0,0.0,0.0,0.0,1.0,1.0,13.0,5.0,3.0,0.0,0.0,1.0,0.0,0.0,0.0,0.0,0.0,0.0,0.0,0.0,0.0,0.0,0.0,0.0,0.0,4.0,1.0,0.0,0.0,0.0,0.0,0.0,6.0,0.0,3.0,0.0,1.0,0.0,0.0,3.0,0.0,0.0,0.0,0.0,0.0,0.0,0.0,0.0,0.0,0.0,0.0,0.0,0.0,0.0,0.0,0.0,0.0,0.0,0.0,0.0,0.0,0.0,0.0,0.0,0.0,0.0,0.0,1.0,0.0,0.0,0.0,1.0,0.0,1.0,0.0,0.0,2.0,0.0,0.0,0.0,1.0,4.0,0.0,0.0,0.0,0.0,0.0,0.0,2.0,4.0,20.0,4.0,2.0,12.0,7.0,7.0,4.0,20.0
CHEMBL3593671,Inhibition,48.8,19.0,10.0,2.0,0.0,0.0,0.0,28.0,11.0,3.0,0.0,0.0,0.0,0.0,3.0,2.0,0.0,0.0,0.0,22.0,14.0,5.0,0.0,0.0,0.0,0.0,0.0,1.0,19.0,13.0,4.0,0.0,0.0,0.0,1.0,1.0,0.0,0.0,15.0,12.0,3.0,0.0,0.0,0.0,0.0,1.0,0.0,0.0,1.0,19.0,6.0,3.0,0.0,0.0,0.0,1.0,0.0,0.0,15.0,8.0,6.0,0.0,0.0,0.0,0.0,1.0,0.0,0.0,0.0,14.0,5.0,3.0,0.0,0.0,0.0,1.0,1.0,0.0,0.0,0.0,14.0,5.0,2.0,0.0,0.0,0.0,1.0,1.0,12.0,6.0,3.0,0.0,0.0,1.0,0.0,0.0,0.0,0.0,0.0,0.0,0.0,0.0,0.0,0.0,0.0,0.0,0.0,4.0,1.0,0.0,0.0,0.0,0.0,0.0,6.0,0.0,3.0,0.0,1.0,0.0,0.0,3.0,0.0,0.0,0.0,0.0,0.0,0.0,0.0,0.0,0.0,0.0,0.0,0.0,0.0,0.0,0.0,0.0,0.0,0.0,0.0,0.0,0.0,0.0,0.0,0.0,0.0,0.0,0.0,1.0,0.0,0.0,0.0,1.0,0.0,1.0,0.0,0.0,2.0,0.0,0.0,0.0,1.0,4.0,0.0,0.0,0.0,0.0,0.0,0.0,2.0,4.0,20.0,4.0,2.0,12.0,7.0,7.0,4.0,20.0
CHEMBL3593670,Inhibition,29.3,18.0,10.0,2.0,0.0,0.0,1.0,26.0,11.0,3.0,0.0,0.0,0.0,2.0,3.0,2.0,0.0,0.0,0.0,21.0,13.0,5.0,0.0,0.0,0.0,1.0,0.0,1.0,17.0,13.0,4.0,0.0,0.0,2.0,1.0,1.0,0.0,0.0,14.0,11.0,3.0,0.0,0.0,1.0,0.0,1.0,0.0,1.0,1.0,18.0,6.0,3.0,0.0,0.0,1.0,1.0,0.0,0.0,13.0,8.0,6.0,0.0,0.0,0.0,2.0,1.0,0.0,0.0,0.0,12.0,5.0,3.0,0.0,0.0,2.0,1.0,1.0,0.0,0.0,0.0,13.0,5.0,2.0,0.0,0.0,1.0,1.0,1.0,12.0,5.0,3.0,0.0,0.0,1.0,0.0,0.0,1.0,0.0,0.0,0.0,0.0,0.0,0.0,0.0,0.0,0.0,0.0,3.0,1.0,0.0,0.0,0.0,0.0,0.0,5.0,0.0,3.0,0.0,1.0,0.0,0.0,3.0,0.0,0.0,0.0,0.0,0.0,0.0,0.0,0.0,0.0,0.0,0.0,0.0,0.0,0.0,0.0,0.0,0.0,0.0,0.0,0.0,0.0,0.0,0.0,0.0,0.0,0.0,0.0,1.0,0.0,0.0,0.0,1.0,0.0,1.0,0.0,0.0,2.0,0.0,0.0,0.0,1.0,3.0,0.0,0.0,0.0,0.0,0.0,0.0,2.0,4.0,20.0,4.0,2.0,12.0,6.0,6.0,4.0,20.0
CHEMBL3593669,Inhibition,28.4,18.0,10.0,2.0,0.0,0.0,1.0,26.0,11.0,3.0,0.0,0.0,0.0,2.0,3.0,2.0,0.0,0.0,0.0,21.0,13.0,5.0,0.0,0.0,0.0,1.0,0.0,1.0,17.0,13.0,4.0,0.0,0.0,2.0,1.0,1.0,0.0,0.0,14.0,11.0,3.0,0.0,0.0,1.0,0.0,1.0,0.0,1.0,1.0,18.0,6.0,3.0,0.0,0.0,1.0,1.0,0.0,0.0,13.0,8.0,6.0,0.0,0.0,0.0,2.0,1.0,0.0,0.0,0.0,12.0,5.0,3.0,0.0,0.0,2.0,1.0,1.0,0.0,0.0,0.0,13.0,5.0,2.0,0.0,0.0,1.0,1.0,1.0,12.0,5.0,3.0,0.0,0.0,1.0,0.0,0.0,1.0,0.0,0.0,0.0,0.0,0.0,0.0,0.0,0.0,0.0,0.0,3.0,1.0,0.0,0.0,0.0,0.0,0.0,5.0,0.0,3.0,0.0,1.0,0.0,0.0,3.0,0.0,0.0,0.0,0.0,0.0,0.0,0.0,0.0,0.0,0.0,0.0,0.0,0.0,0.0,0.0,0.0,0.0,0.0,0.0,0.0,0.0,0.0,0.0,0.0,0.0,0.0,0.0,1.0,0.0,0.0,0.0,1.0,0.0,1.0,0.0,0.0,2.0,0.0,0.0,0.0,1.0,3.0,0.0,0.0,0.0,0.0,0.0,0.0,2.0,4.0,20.0,4.0,2.0,12.0,6.0,6.0,4.0,20.0
CHEMBL3593665,Inhibition,44.2,19.0,10.0,4.0,0.0,0.0,0.0,27.0,11.0,6.0,0.0,0.0,0.0,0.0,3.0,2.0,0.0,0.0,0.0,24.0,13.0,7.0,0.0,0.0,0.0,0.0,0.0,1.0,21.0,13.0,4.0,0.0,0.0,0.0,1.0,3.0,0.0,0.0,16.0,13.0,5.0,0.0,0.0,0.0,0.0,1.0,0.0,0.0,1.0,20.0,8.0,4.0,0.0,0.0,0.0,1.0,0.0,0.0,16.0,8.0,8.0,0.0,0.0,0.0,0.0,1.0,0.0,0.0,0.0,15.0,5.0,5.0,0.0,0.0,0.0,1.0,1.0,0.0,0.0,0.0,17.0,5.0,3.0,0.0,0.0,0.0,1.0,1.0,15.0,5.0,3.0,0.0,0.0,1.0,1.0,0.0,0.0,0.0,1.0,0.0,0.0,0.0,0.0,0.0,0.0,0.0,1.0,4.0,1.0,0.0,0.0,0.0,0.0,1.0,7.0,0.0,4.0,0.0,1.0,0.0,0.0,3.0,0.0,0.0,0.0,0.0,0.0,0.0,0.0,0.0,0.0,0.0,0.0,0.0,0.0,0.0,0.0,0.0,0.0,0.0,0.0,0.0,0.0,0.0,0.0,0.0,0.0,1.0,0.0,1.0,0.0,0.0,0.0,1.0,0.0,2.0,0.0,0.0,2.0,0.0,0.0,0.0,2.0,4.0,0.0,0.0,1.0,0.0,0.0,0.0,2.0,4.0,20.0,4.0,2.0,14.0,8.0,8.0,6.0,20.0
CHEMBL3593317,Inhibition,11.5,21.0,5.0,4.0,0.0,0.0,0.0,29.0,5.0,7.0,0.0,0.0,0.0,0.0,2.0,2.0,0.0,0.0,0.0,23.0,7.0,9.0,0.0,0.0,0.0,0.0,0.0,1.0,19.0,8.0,7.0,0.0,0.0,0.0,1.0,1.0,0.0,0.0,16.0,8.0,4.0,0.0,0.0,0.0,0.0,1.0,0.0,0.0,1.0,19.0,5.0,3.0,0.0,0.0,0.0,0.0,1.0,0.0,13.0,8.0,7.0,0.0,0.0,0.0,0.0,0.0,0.0,0.0,0.0,13.0,4.0,3.0,0.0,0.0,0.0,0.0,1.0,0.0,0.0,1.0,13.0,5.0,4.0,0.0,0.0,0.0,0.0,0.0,13.0,3.0,4.0,0.0,0.0,0.0,1.0,0.0,0.0,0.0,0.0,0.0,0.0,0.0,0.0,0.0,0.0,0.0,0.0,3.0,1.0,0.0,0.0,0.0,0.0,0.0,5.0,0.0,3.0,0.0,1.0,0.0,0.0,3.0,0.0,0.0,0.0,0.0,0.0,0.0,0.0,0.0,0.0,0.0,0.0,0.0,0.0,0.0,0.0,0.0,0.0,0.0,0.0,0.0,0.0,0.0,0.0,0.0,0.0,0.0,0.0,1.0,0.0,0.0,0.0,1.0,0.0,1.0,0.0,0.0,2.0,0.0,0.0,0.0,1.0,3.0,0.0,0.0,0.0,0.0,0.0,0.0,1.0,3.0,20.0,3.0,2.0,9.0,6.0,6.0,4.0,20.0
CHEMBL3593316,Inhibition,3.8,21.0,5.0,2.0,2.0,0.0,0.0,29.0,5.0,3.0,4.0,0.0,0.0,0.0,2.0,2.0,0.0,0.0,0.0,23.0,7.0,5.0,4.0,0.0,0.0,0.0,0.0,1.0,19.0,8.0,4.0,3.0,0.0,0.0,1.0,1.0,0.0,0.0,16.0,8.0,3.0,1.0,0.0,0.0,0.0,1.0,0.0,0.0,1.0,19.0,5.0,3.0,0.0,0.0,0.0,0.0,0.0,0.0,13.0,8.0,6.0,1.0,0.0,0.0,0.0,0.0,0.0,0.0,0.0,13.0,4.0,3.0,0.0,0.0,0.0,0.0,0.0,0.0,0.0,0.0,13.0,5.0,3.0,1.0,0.0,0.0,0.0,0.0,13.0,3.0,3.0,0.0,0.0,0.0,0.0,0.0,0.0,0.0,0.0,0.0,0.0,0.0,0.0,0.0,0.0,0.0,0.0,3.0,1.0,0.0,0.0,0.0,0.0,0.0,5.0,0.0,3.0,0.0,1.0,0.0,0.0,3.0,0.0,0.0,0.0,0.0,0.0,0.0,0.0,0.0,0.0,0.0,0.0,0.0,0.0,0.0,0.0,0.0,0.0,0.0,0.0,0.0,0.0,0.0,0.0,0.0,0.0,0.0,0.0,1.0,0.0,0.0,0.0,1.0,0.0,1.0,0.0,0.0,2.0,0.0,0.0,0.0,1.0,3.0,0.0,0.0,0.0,0.0,0.0,0.0,1.0,3.0,20.0,3.0,2.0,9.0,6.0,6.0,4.0,20.0
CHEMBL3593314,Inhibition,35.5,16.0,12.0,2.0,0.0,0.0,0.0,24.0,13.0,3.0,0.0,0.0,0.0,0.0,3.0,2.0,0.0,0.0,0.0,21.0,11.0,5.0,0.0,0.0,0.0,0.0,2.0,1.0,15.0,15.0,4.0,0.0,0.0,0.0,1.0,1.0,0.0,0.0,13.0,12.0,3.0,0.0,0.0,0.0,0.0,1.0,0.0,0.0,1.0,16.0,8.0,3.0,0.0,0.0,0.0,1.0,0.0,0.0,11.0,10.0,6.0,0.0,0.0,0.0,0.0,1.0,0.0,0.0,0.0,11.0,6.0,3.0,0.0,0.0,0.0,1.0,1.0,0.0,0.0,0.0,13.0,4.0,2.0,0.0,0.0,0.0,2.0,1.0,11.0,6.0,3.0,0.0,0.0,1.0,0.0,0.0,0.0,0.0,0.0,0.0,0.0,0.0,0.0,0.0,0.0,0.0,0.0,3.0,1.0,0.0,0.0,0.0,0.0,0.0,5.0,0.0,3.0,0.0,1.0,0.0,0.0,3.0,0.0,0.0,0.0,0.0,0.0,0.0,0.0,0.0,0.0,0.0,0.0,0.0,0.0,0.0,0.0,0.0,0.0,0.0,0.0,0.0,0.0,0.0,0.0,0.0,0.0,0.0,0.0,1.0,0.0,0.0,0.0,1.0,0.0,1.0,0.0,0.0,2.0,0.0,0.0,0.0,1.0,3.0,0.0,0.0,0.0,0.0,0.0,0.0,3.0,5.0,20.0,5.0,2.0,14.0,6.0,6.0,4.0,19.0
CHEMBL4782874,Inhibition,2.5,20.0,9.0,5.0,2.0,0.0,0.0,29.0,8.0,6.0,2.0,0.0,0.0,0.0,3.0,3.0,0.0,0.0,0.0,22.0,13.0,9.0,3.0,0.0,0.0,0.0,0.0,1.0,17.0,14.0,7.0,2.0,0.0,0.0,1.0,2.0,0.0,0.0,13.0,13.0,8.0,2.0,0.0,0.0,0.0,2.0,0.0,0.0,1.0,18.0,9.0,6.0,2.0,0.0,0.0,0.0,1.0,0.0,16.0,9.0,9.0,2.0,0.0,0.0,0.0,1.0,1.0,0.0,0.0,20.0,5.0,5.0,1.0,0.0,0.0,0.0,0.0,0.0,0.0,1.0,23.0,1.0,3.0,0.0,0.0,0.0,2.0,2.0,16.0,6.0,5.0,0.0,0.0,0.0,0.0,0.0,0.0,0.0,1.0,0.0,0.0,0.0,0.0,0.0,0.0,0.0,0.0,4.0,2.0,1.0,1.0,0.0,0.0,1.0,8.0,1.0,4.0,1.0,1.0,0.0,1.0,3.0,0.0,0.0,0.0,0.0,1.0,0.0,0.0,0.0,0.0,0.0,0.0,0.0,0.0,0.0,0.0,0.0,1.0,0.0,0.0,0.0,0.0,0.0,0.0,0.0,0.0,0.0,0.0,2.0,0.0,0.0,0.0,1.0,0.0,2.0,1.0,0.0,3.0,1.0,0.0,0.0,3.0,3.0,1.0,0.0,1.0,0.0,1.0,0.0,2.0,4.0,20.0,4.0,2.0,16.0,11.0,11.0,9.0,21.0
CHEMBL4086319,Inhibition,4.0,13.0,13.0,3.0,0.0,0.0,0.0,16.0,15.0,3.0,0.0,0.0,0.0,0.0,4.0,3.0,0.0,0.0,0.0,18.0,14.0,8.0,0.0,0.0,0.0,0.0,1.0,2.0,16.0,8.0,10.0,0.0,0.0,0.0,3.0,2.0,0.0,0.0,13.0,11.0,4.0,0.0,0.0,0.0,2.0,1.0,0.0,0.0,1.0,12.0,11.0,2.0,0.0,0.0,0.0,0.0,3.0,0.0,10.0,10.0,2.0,0.0,0.0,0.0,0.0,3.0,2.0,0.0,0.0,11.0,7.0,4.0,0.0,0.0,0.0,0.0,1.0,0.0,0.0,0.0,7.0,7.0,4.0,0.0,0.0,0.0,2.0,1.0,7.0,3.0,4.0,0.0,0.0,0.0,2.0,0.0,0.0,1.0,1.0,0.0,0.0,0.0,0.0,0.0,0.0,0.0,0.0,2.0,2.0,2.0,3.0,0.0,0.0,0.0,13.0,3.0,10.0,3.0,2.0,2.0,3.0,6.0,0.0,0.0,0.0,4.0,0.0,1.0,0.0,0.0,0.0,0.0,0.0,1.0,0.0,4.0,0.0,0.0,7.0,0.0,0.0,6.0,4.0,4.0,4.0,4.0,0.0,0.0,0.0,5.0,2.0,2.0,2.0,0.0,0.0,0.0,0.0,0.0,4.0,3.0,0.0,0.0,3.0,2.0,1.0,0.0,0.0,0.0,2.0,0.0,2.0,2.0,6.0,4.0,7.0,16.0,14.0,14.0,4.0,18.0
CHEMBL4288081,Inhibition,56.82,15.0,6.0,2.0,5.0,0.0,0.0,22.0,5.0,3.0,7.0,0.0,0.0,0.0,1.0,5.0,0.0,0.0,0.0,17.0,10.0,8.0,9.0,0.0,0.0,0.0,0.0,0.0,19.0,10.0,11.0,6.0,0.0,0.0,1.0,1.0,0.0,0.0,17.0,13.0,10.0,6.0,0.0,0.0,0.0,0.0,0.0,0.0,0.0,17.0,6.0,10.0,6.0,0.0,0.0,3.0,3.0,1.0,15.0,7.0,14.0,4.0,0.0,0.0,0.0,0.0,0.0,0.0,0.0,13.0,4.0,3.0,6.0,0.0,0.0,1.0,5.0,0.0,0.0,2.0,11.0,3.0,3.0,2.0,0.0,0.0,0.0,0.0,1.0,5.0,3.0,0.0,0.0,0.0,2.0,0.0,0.0,1.0,0.0,0.0,0.0,0.0,0.0,0.0,0.0,0.0,0.0,3.0,3.0,2.0,2.0,0.0,0.0,0.0,6.0,2.0,2.0,0.0,0.0,0.0,0.0,1.0,0.0,0.0,0.0,0.0,2.0,0.0,0.0,0.0,0.0,0.0,0.0,0.0,0.0,0.0,0.0,0.0,0.0,0.0,0.0,0.0,0.0,0.0,0.0,0.0,0.0,0.0,0.0,4.0,1.0,0.0,1.0,0.0,0.0,0.0,0.0,0.0,4.0,3.0,0.0,0.0,4.0,2.0,0.0,0.0,0.0,0.0,1.0,2.0,0.0,2.0,14.0,2.0,6.0,13.0,10.0,10.0,8.0,19.0
CHEMBL4283970,Inhibition,16.4,8.0,9.0,5.0,0.0,0.0,0.0,11.0,7.0,5.0,0.0,0.0,0.0,0.0,3.0,1.0,0.0,0.0,0.0,11.0,10.0,4.0,0.0,0.0,0.0,0.0,0.0,1.0,11.0,4.0,5.0,0.0,0.0,0.0,3.0,1.0,0.0,0.0,8.0,8.0,6.0,0.0,0.0,0.0,0.0,1.0,0.0,0.0,0.0,6.0,7.0,2.0,0.0,0.0,0.0,0.0,4.0,2.0,7.0,3.0,4.0,0.0,0.0,0.0,0.0,0.0,2.0,0.0,0.0,6.0,2.0,5.0,0.0,0.0,0.0,0.0,2.0,0.0,0.0,0.0,4.0,2.0,5.0,0.0,0.0,0.0,0.0,0.0,4.0,0.0,1.0,0.0,0.0,0.0,4.0,0.0,0.0,0.0,7.0,0.0,4.0,1.0,2.0,0.0,1.0,0.0,2.0,0.0,1.0,1.0,2.0,0.0,1.0,1.0,9.0,2.0,6.0,1.0,0.0,0.0,2.0,3.0,0.0,0.0,0.0,2.0,0.0,2.0,1.0,0.0,0.0,0.0,1.0,1.0,1.0,1.0,0.0,1.0,3.0,0.0,0.0,2.0,0.0,0.0,0.0,1.0,1.0,3.0,2.0,3.0,1.0,0.0,0.0,0.0,2.0,3.0,0.0,0.0,2.0,1.0,0.0,2.0,4.0,0.0,3.0,0.0,0.0,0.0,2.0,0.0,2.0,2.0,6.0,4.0,0.0,14.0,13.0,13.0,7.0,8.0
CHEMBL4203305,Inhibition,97.4,26.0,6.0,7.0,0.0,0.0,0.0,36.0,10.0,6.0,0.0,0.0,0.0,0.0,0.0,2.0,0.0,0.0,0.0,35.0,9.0,13.0,0.0,0.0,0.0,0.0,0.0,2.0,28.0,10.0,16.0,0.0,0.0,0.0,1.0,1.0,0.0,0.0,30.0,8.0,15.0,0.0,0.0,0.0,1.0,1.0,0.0,0.0,2.0,31.0,9.0,20.0,0.0,0.0,0.0,0.0,2.0,0.0,29.0,7.0,16.0,0.0,0.0,0.0,0.0,0.0,2.0,0.0,0.0,30.0,5.0,7.0,0.0,0.0,0.0,1.0,4.0,0.0,0.0,1.0,22.0,5.0,11.0,0.0,0.0,0.0,0.0,0.0,16.0,5.0,12.0,0.0,0.0,0.0,0.0,0.0,0.0,1.0,1.0,1.0,0.0,0.0,0.0,0.0,0.0,0.0,0.0,3.0,2.0,2.0,4.0,0.0,0.0,1.0,11.0,4.0,3.0,1.0,0.0,1.0,2.0,1.0,0.0,0.0,0.0,1.0,2.0,0.0,0.0,0.0,0.0,0.0,0.0,0.0,0.0,0.0,0.0,1.0,3.0,0.0,0.0,2.0,0.0,0.0,2.0,0.0,0.0,1.0,1.0,3.0,1.0,1.0,1.0,1.0,1.0,3.0,0.0,0.0,2.0,2.0,0.0,1.0,6.0,2.0,1.0,0.0,0.0,0.0,4.0,6.0,0.0,1.0,17.0,2.0,9.0,13.0,14.0,14.0,9.0,26.0
CHEMBL3764798,Inhibition,1.16,27.0,14.0,3.0,0.0,3.0,3.0,36.0,21.0,3.0,0.0,3.0,0.0,3.0,1.0,3.0,3.0,3.0,3.0,35.0,19.0,6.0,0.0,6.0,0.0,6.0,2.0,2.0,30.0,19.0,9.0,0.0,6.0,6.0,2.0,1.0,0.0,0.0,34.0,13.0,7.0,0.0,6.0,6.0,3.0,2.0,3.0,3.0,1.0,35.0,15.0,6.0,0.0,6.0,6.0,1.0,1.0,0.0,30.0,12.0,4.0,0.0,9.0,0.0,9.0,3.0,4.0,3.0,3.0,26.0,15.0,4.0,0.0,6.0,6.0,0.0,0.0,0.0,0.0,0.0,24.0,14.0,4.0,0.0,6.0,6.0,1.0,0.0,23.0,9.0,4.0,6.0,6.0,3.0,1.0,0.0,0.0,1.0,1.0,0.0,0.0,0.0,0.0,1.0,0.0,0.0,0.0,2.0,3.0,2.0,3.0,3.0,0.0,0.0,8.0,3.0,2.0,1.0,0.0,0.0,1.0,1.0,0.0,0.0,0.0,1.0,0.0,0.0,0.0,0.0,0.0,0.0,0.0,0.0,0.0,1.0,0.0,0.0,3.0,0.0,0.0,2.0,0.0,0.0,2.0,0.0,0.0,0.0,0.0,5.0,1.0,1.0,1.0,2.0,0.0,0.0,0.0,3.0,4.0,3.0,1.0,0.0,3.0,2.0,0.0,3.0,0.0,0.0,3.0,4.0,2.0,4.0,26.0,4.0,4.0,17.0,13.0,13.0,11.0,32.0
CHEMBL4552541,Inhibition,21.9,16.0,4.0,8.0,0.0,0.0,0.0,22.0,8.0,8.0,0.0,0.0,0.0,0.0,0.0,2.0,0.0,0.0,0.0,21.0,7.0,9.0,0.0,0.0,0.0,0.0,1.0,3.0,14.0,8.0,15.0,0.0,0.0,0.0,1.0,0.0,0.0,0.0,13.0,8.0,8.0,0.0,0.0,0.0,0.0,2.0,0.0,0.0,3.0,9.0,8.0,7.0,0.0,0.0,0.0,0.0,4.0,1.0,9.0,7.0,7.0,0.0,0.0,0.0,0.0,0.0,1.0,0.0,0.0,13.0,3.0,6.0,0.0,0.0,0.0,0.0,0.0,0.0,0.0,2.0,14.0,1.0,7.0,0.0,0.0,0.0,0.0,2.0,13.0,2.0,6.0,0.0,0.0,0.0,1.0,0.0,0.0,0.0,0.0,0.0,0.0,0.0,0.0,0.0,0.0,0.0,0.0,3.0,2.0,2.0,2.0,0.0,0.0,3.0,5.0,2.0,0.0,0.0,0.0,0.0,0.0,0.0,0.0,0.0,0.0,0.0,0.0,0.0,0.0,0.0,0.0,0.0,0.0,0.0,0.0,0.0,0.0,0.0,0.0,0.0,0.0,0.0,0.0,0.0,0.0,0.0,0.0,0.0,0.0,2.0,0.0,0.0,0.0,0.0,0.0,3.0,3.0,0.0,2.0,2.0,0.0,0.0,5.0,0.0,0.0,0.0,3.0,0.0,2.0,3.0,0.0,1.0,15.0,1.0,4.0,12.0,8.0,8.0,8.0,19.0
CHEMBL4864264,Inhibition,36.0,25.0,13.0,4.0,0.0,3.0,4.0,36.0,13.0,6.0,0.0,3.0,2.0,5.0,3.0,2.0,3.0,3.0,3.0,29.0,22.0,12.0,0.0,6.0,2.0,8.0,0.0,0.0,34.0,10.0,6.0,0.0,6.0,10.0,2.0,6.0,0.0,0.0,36.0,12.0,8.0,0.0,3.0,5.0,0.0,1.0,0.0,1.0,0.0,34.0,12.0,9.0,0.0,0.0,4.0,1.0,1.0,0.0,27.0,12.0,8.0,0.0,6.0,1.0,7.0,1.0,0.0,0.0,1.0,24.0,10.0,6.0,0.0,6.0,7.0,0.0,0.0,3.0,3.0,0.0,23.0,5.0,4.0,0.0,12.0,14.0,2.0,2.0,19.0,6.0,7.0,3.0,5.0,0.0,0.0,3.0,3.0,0.0,0.0,0.0,0.0,0.0,0.0,0.0,0.0,0.0,0.0,0.0,1.0,1.0,2.0,3.0,1.0,1.0,5.0,2.0,3.0,1.0,1.0,0.0,2.0,3.0,0.0,0.0,0.0,4.0,0.0,0.0,0.0,0.0,0.0,0.0,0.0,0.0,0.0,4.0,0.0,0.0,2.0,0.0,0.0,0.0,0.0,0.0,0.0,0.0,0.0,0.0,0.0,2.0,0.0,0.0,0.0,2.0,0.0,0.0,0.0,3.0,2.0,1.0,0.0,0.0,3.0,0.0,0.0,3.0,0.0,0.0,1.0,2.0,3.0,4.0,27.0,5.0,5.0,17.0,6.0,6.0,6.0,31.0
CHEMBL2386802,Inhibition,100.0,26.0,12.0,7.0,0.0,0.0,0.0,36.0,14.0,9.0,0.0,0.0,0.0,0.0,3.0,3.0,0.0,0.0,0.0,32.0,14.0,10.0,0.0,0.0,0.0,0.0,1.0,3.0,24.0,18.0,10.0,0.0,0.0,0.0,1.0,2.0,0.0,0.0,20.0,19.0,9.0,0.0,0.0,0.0,0.0,2.0,0.0,0.0,1.0,26.0,15.0,5.0,0.0,0.0,0.0,0.0,1.0,2.0,26.0,14.0,10.0,0.0,0.0,0.0,0.0,1.0,0.0,0.0,0.0,27.0,9.0,9.0,0.0,0.0,0.0,1.0,1.0,0.0,0.0,0.0,27.0,4.0,7.0,0.0,0.0,0.0,3.0,3.0,24.0,10.0,7.0,0.0,0.0,1.0,1.0,0.0,0.0,0.0,7.0,0.0,3.0,0.0,3.0,1.0,3.0,0.0,3.0,3.0,3.0,3.0,2.0,0.0,1.0,2.0,13.0,2.0,6.0,0.0,1.0,0.0,0.0,3.0,0.0,0.0,0.0,0.0,0.0,0.0,0.0,0.0,0.0,0.0,0.0,0.0,0.0,0.0,0.0,0.0,3.0,3.0,3.0,6.0,0.0,0.0,0.0,3.0,5.0,3.0,2.0,7.0,4.0,0.0,1.0,0.0,6.0,3.0,1.0,0.0,4.0,3.0,0.0,3.0,4.0,3.0,0.0,0.0,1.0,1.0,1.0,2.0,2.0,4.0,22.0,6.0,2.0,19.0,21.0,21.0,13.0,26.0
CHEMBL4459587,Inhibition,8.0,20.0,1.0,0.0,1.0,0.0,0.0,25.0,3.0,2.0,2.0,0.0,0.0,0.0,0.0,2.0,0.0,0.0,0.0,24.0,3.0,4.0,2.0,0.0,0.0,0.0,0.0,0.0,20.0,1.0,4.0,2.0,0.0,0.0,0.0,0.0,0.0,0.0,19.0,1.0,4.0,1.0,0.0,0.0,0.0,0.0,0.0,0.0,0.0,16.0,1.0,2.0,1.0,0.0,0.0,0.0,0.0,0.0,13.0,2.0,2.0,1.0,0.0,0.0,0.0,0.0,0.0,0.0,0.0,10.0,2.0,2.0,2.0,0.0,0.0,0.0,0.0,0.0,0.0,0.0,7.0,2.0,4.0,2.0,0.0,0.0,0.0,0.0,5.0,2.0,4.0,0.0,0.0,0.0,0.0,0.0,0.0,0.0,1.0,0.0,0.0,0.0,0.0,0.0,0.0,0.0,0.0,0.0,1.0,0.0,0.0,0.0,0.0,0.0,3.0,0.0,0.0,0.0,0.0,0.0,0.0,0.0,0.0,0.0,0.0,0.0,0.0,0.0,0.0,0.0,0.0,0.0,0.0,0.0,0.0,0.0,0.0,0.0,0.0,0.0,0.0,0.0,0.0,0.0,0.0,0.0,0.0,0.0,0.0,0.0,0.0,0.0,0.0,0.0,0.0,0.0,0.0,0.0,1.0,0.0,0.0,0.0,2.0,0.0,1.0,0.0,0.0,0.0,0.0,0.0,0.0,0.0,16.0,0.0,2.0,2.0,5.0,5.0,5.0,19.0
CHEMBL4743414,Inhibition,-2.0,17.0,9.0,5.0,2.0,0.0,0.0,23.0,8.0,6.0,2.0,0.0,0.0,0.0,3.0,3.0,0.0,0.0,0.0,19.0,13.0,6.0,3.0,0.0,0.0,0.0,0.0,1.0,14.0,11.0,7.0,2.0,0.0,0.0,1.0,2.0,0.0,0.0,13.0,10.0,8.0,2.0,0.0,0.0,0.0,2.0,0.0,0.0,1.0,15.0,9.0,6.0,2.0,0.0,0.0,0.0,1.0,0.0,16.0,6.0,6.0,2.0,0.0,0.0,0.0,1.0,1.0,0.0,0.0,17.0,5.0,5.0,1.0,0.0,0.0,0.0,0.0,0.0,0.0,1.0,17.0,1.0,3.0,0.0,0.0,0.0,2.0,2.0,10.0,6.0,5.0,0.0,0.0,0.0,0.0,0.0,0.0,0.0,1.0,0.0,0.0,0.0,0.0,0.0,0.0,0.0,0.0,2.0,2.0,1.0,1.0,0.0,0.0,1.0,5.0,1.0,1.0,1.0,0.0,0.0,1.0,0.0,0.0,0.0,0.0,0.0,1.0,0.0,0.0,0.0,0.0,0.0,0.0,0.0,0.0,0.0,0.0,0.0,1.0,0.0,0.0,0.0,0.0,0.0,0.0,0.0,0.0,0.0,0.0,2.0,0.0,0.0,0.0,1.0,0.0,2.0,1.0,0.0,3.0,1.0,0.0,0.0,3.0,1.0,1.0,0.0,1.0,0.0,1.0,0.0,2.0,4.0,20.0,4.0,2.0,16.0,9.0,9.0,8.0,20.0
CHEMBL4763841,Inhibition,79.9,20.0,13.0,6.0,2.0,0.0,0.0,29.0,13.0,8.0,2.0,0.0,0.0,0.0,3.0,2.0,0.0,0.0,0.0,29.0,14.0,4.0,4.0,0.0,0.0,0.0,0.0,3.0,22.0,13.0,8.0,2.0,0.0,0.0,1.0,1.0,0.0,0.0,20.0,12.0,7.0,3.0,0.0,0.0,0.0,2.0,0.0,0.0,1.0,24.0,9.0,4.0,3.0,0.0,0.0,1.0,1.0,1.0,27.0,8.0,5.0,1.0,0.0,0.0,0.0,1.0,0.0,0.0,0.0,23.0,6.0,6.0,2.0,0.0,0.0,2.0,1.0,0.0,0.0,0.0,16.0,8.0,6.0,3.0,0.0,0.0,2.0,1.0,14.0,11.0,5.0,0.0,0.0,1.0,0.0,0.0,0.0,0.0,6.0,0.0,3.0,0.0,3.0,0.0,3.0,0.0,3.0,1.0,1.0,0.0,0.0,0.0,1.0,2.0,8.0,0.0,3.0,0.0,0.0,0.0,0.0,0.0,0.0,0.0,0.0,0.0,0.0,0.0,0.0,0.0,0.0,0.0,0.0,0.0,0.0,0.0,0.0,0.0,3.0,3.0,3.0,6.0,0.0,0.0,0.0,3.0,5.0,3.0,2.0,4.0,3.0,0.0,0.0,1.0,6.0,4.0,1.0,0.0,3.0,0.0,0.0,3.0,3.0,1.0,0.0,0.0,1.0,1.0,0.0,0.0,2.0,5.0,23.0,7.0,2.0,21.0,13.0,13.0,7.0,22.0
CHEMBL4072065,Inhibition,21.0,15.0,7.0,0.0,0.0,0.0,1.0,20.0,7.0,0.0,0.0,0.0,2.0,2.0,2.0,0.0,0.0,0.0,0.0,17.0,9.0,0.0,0.0,0.0,3.0,3.0,0.0,0.0,14.0,7.0,0.0,0.0,0.0,1.0,0.0,0.0,0.0,2.0,14.0,4.0,0.0,0.0,0.0,1.0,0.0,0.0,0.0,0.0,0.0,11.0,6.0,0.0,0.0,0.0,2.0,0.0,0.0,0.0,9.0,6.0,0.0,0.0,0.0,2.0,2.0,0.0,0.0,0.0,0.0,7.0,4.0,0.0,0.0,0.0,1.0,0.0,0.0,0.0,0.0,0.0,4.0,6.0,0.0,0.0,0.0,1.0,0.0,0.0,5.0,2.0,0.0,0.0,0.0,4.0,0.0,0.0,2.0,0.0,2.0,0.0,1.0,0.0,0.0,1.0,0.0,0.0,0.0,0.0,1.0,0.0,0.0,0.0,0.0,0.0,5.0,0.0,1.0,0.0,0.0,0.0,0.0,0.0,0.0,0.0,0.0,0.0,0.0,0.0,0.0,0.0,0.0,0.0,0.0,0.0,0.0,0.0,0.0,0.0,2.0,0.0,0.0,1.0,0.0,0.0,0.0,0.0,0.0,0.0,0.0,3.0,1.0,0.0,0.0,0.0,0.0,0.0,0.0,0.0,3.0,0.0,1.0,0.0,0.0,0.0,0.0,0.0,0.0,0.0,1.0,0.0,1.0,1.0,12.0,3.0,2.0,7.0,5.0,5.0,1.0,13.0
CHEMBL4645320,Inhibition,100.0,23.0,11.0,6.0,0.0,0.0,1.0,31.0,16.0,8.0,0.0,0.0,2.0,2.0,3.0,2.0,0.0,0.0,0.0,29.0,16.0,7.0,0.0,0.0,2.0,2.0,0.0,3.0,21.0,20.0,8.0,0.0,0.0,2.0,1.0,1.0,0.0,1.0,18.0,18.0,6.0,0.0,0.0,2.0,0.0,2.0,0.0,1.0,1.0,25.0,11.0,4.0,0.0,0.0,2.0,1.0,1.0,1.0,26.0,10.0,8.0,0.0,0.0,2.0,2.0,2.0,1.0,0.0,1.0,25.0,7.0,6.0,0.0,0.0,4.0,2.0,1.0,0.0,0.0,0.0,20.0,8.0,5.0,0.0,0.0,3.0,3.0,2.0,17.0,12.0,5.0,0.0,0.0,2.0,0.0,0.0,1.0,0.0,6.0,0.0,3.0,0.0,3.0,0.0,3.0,0.0,3.0,3.0,1.0,0.0,0.0,0.0,1.0,2.0,11.0,0.0,6.0,0.0,1.0,0.0,0.0,3.0,0.0,0.0,0.0,0.0,0.0,0.0,0.0,0.0,0.0,0.0,0.0,0.0,0.0,0.0,0.0,0.0,3.0,3.0,3.0,6.0,0.0,0.0,0.0,3.0,5.0,3.0,2.0,4.0,3.0,0.0,0.0,1.0,6.0,4.0,1.0,0.0,3.0,0.0,0.0,3.0,3.0,3.0,0.0,0.0,1.0,1.0,0.0,0.0,3.0,5.0,22.0,7.0,2.0,17.0,15.0,15.0,8.0,22.0
CHEMBL4094975,Inhibition,55.0,12.0,12.0,2.0,0.0,0.0,1.0,17.0,14.0,2.0,0.0,0.0,2.0,2.0,4.0,2.0,0.0,0.0,0.0,16.0,15.0,5.0,0.0,0.0,2.0,2.0,1.0,2.0,17.0,7.0,9.0,0.0,0.0,2.0,3.0,1.0,0.0,2.0,13.0,7.0,6.0,0.0,0.0,3.0,2.0,1.0,0.0,0.0,1.0,9.0,11.0,2.0,0.0,0.0,3.0,0.0,1.0,0.0,9.0,6.0,1.0,0.0,0.0,2.0,2.0,3.0,2.0,0.0,0.0,8.0,8.0,1.0,0.0,0.0,0.0,0.0,1.0,0.0,2.0,0.0,4.0,6.0,2.0,0.0,0.0,0.0,2.0,0.0,0.0,4.0,0.0,0.0,0.0,0.0,2.0,0.0,0.0,0.0,4.0,0.0,3.0,1.0,0.0,0.0,0.0,0.0,0.0,0.0,1.0,1.0,2.0,0.0,0.0,0.0,11.0,2.0,9.0,2.0,0.0,2.0,2.0,7.0,0.0,0.0,4.0,2.0,0.0,5.0,1.0,0.0,0.0,0.0,2.0,4.0,0.0,6.0,0.0,0.0,6.0,0.0,0.0,6.0,4.0,4.0,4.0,4.0,0.0,0.0,0.0,4.0,2.0,2.0,2.0,0.0,0.0,0.0,0.0,0.0,4.0,2.0,0.0,0.0,2.0,0.0,4.0,0.0,0.0,0.0,1.0,0.0,2.0,2.0,6.0,4.0,7.0,14.0,11.0,11.0,1.0,13.0
CHEMBL4207668,Inhibition,90.9,30.0,8.0,11.0,0.0,0.0,0.0,41.0,13.0,9.0,0.0,0.0,0.0,0.0,0.0,3.0,0.0,0.0,0.0,41.0,12.0,17.0,0.0,0.0,0.0,0.0,0.0,4.0,35.0,13.0,22.0,0.0,0.0,0.0,1.0,1.0,0.0,0.0,39.0,10.0,20.0,0.0,0.0,0.0,1.0,3.0,0.0,0.0,4.0,40.0,12.0,25.0,0.0,0.0,0.0,1.0,1.0,4.0,38.0,9.0,25.0,0.0,0.0,0.0,0.0,0.0,3.0,0.0,0.0,39.0,7.0,16.0,0.0,0.0,0.0,2.0,3.0,0.0,0.0,1.0,30.0,8.0,20.0,0.0,0.0,0.0,0.0,4.0,29.0,11.0,15.0,0.0,0.0,0.0,0.0,0.0,0.0,2.0,3.0,2.0,1.0,0.0,0.0,0.0,0.0,0.0,0.0,4.0,3.0,3.0,6.0,0.0,0.0,2.0,17.0,6.0,7.0,1.0,0.0,1.0,4.0,4.0,0.0,0.0,1.0,3.0,2.0,2.0,1.0,0.0,0.0,0.0,0.0,1.0,2.0,1.0,0.0,3.0,5.0,0.0,0.0,4.0,0.0,0.0,4.0,0.0,0.0,3.0,2.0,5.0,2.0,2.0,2.0,1.0,2.0,5.0,0.0,0.0,3.0,3.0,0.0,2.0,9.0,2.0,3.0,0.0,0.0,0.0,6.0,6.0,0.0,1.0,17.0,2.0,9.0,19.0,21.0,21.0,16.0,30.0
CHEMBL4850066,Inhibition,56.0,20.0,8.0,4.0,4.0,1.0,1.0,27.0,9.0,10.0,2.0,2.0,0.0,2.0,0.0,2.0,0.0,0.0,0.0,25.0,7.0,8.0,6.0,2.0,0.0,2.0,2.0,4.0,24.0,9.0,12.0,4.0,1.0,1.0,0.0,1.0,0.0,0.0,26.0,8.0,9.0,4.0,1.0,1.0,0.0,2.0,0.0,0.0,1.0,22.0,10.0,11.0,5.0,1.0,1.0,0.0,2.0,2.0,20.0,8.0,10.0,5.0,2.0,0.0,2.0,0.0,0.0,1.0,1.0,20.0,5.0,10.0,3.0,0.0,0.0,0.0,1.0,1.0,1.0,0.0,17.0,3.0,9.0,1.0,2.0,2.0,1.0,0.0,13.0,3.0,6.0,2.0,2.0,1.0,1.0,0.0,0.0,0.0,0.0,0.0,0.0,0.0,0.0,0.0,0.0,0.0,0.0,2.0,2.0,2.0,2.0,1.0,0.0,1.0,4.0,2.0,0.0,0.0,0.0,0.0,0.0,0.0,0.0,0.0,0.0,0.0,0.0,0.0,0.0,0.0,0.0,0.0,0.0,0.0,0.0,0.0,0.0,0.0,0.0,0.0,0.0,0.0,0.0,0.0,0.0,0.0,0.0,0.0,0.0,3.0,1.0,0.0,1.0,1.0,0.0,0.0,0.0,1.0,2.0,2.0,0.0,0.0,5.0,0.0,0.0,0.0,0.0,0.0,2.0,2.0,2.0,3.0,23.0,3.0,8.0,16.0,5.0,5.0,8.0,25.0
CHEMBL4853006,Inhibition,44.0,20.0,8.0,4.0,0.0,1.0,1.0,24.0,13.0,6.0,0.0,2.0,0.0,2.0,1.0,2.0,0.0,0.0,0.0,23.0,11.0,8.0,0.0,2.0,0.0,2.0,2.0,2.0,20.0,12.0,7.0,0.0,1.0,1.0,2.0,3.0,0.0,0.0,21.0,13.0,5.0,0.0,1.0,1.0,0.0,2.0,0.0,0.0,1.0,17.0,14.0,6.0,0.0,1.0,1.0,0.0,0.0,0.0,15.0,12.0,4.0,0.0,1.0,0.0,1.0,0.0,0.0,2.0,2.0,16.0,7.0,4.0,0.0,0.0,0.0,0.0,1.0,1.0,1.0,0.0,15.0,3.0,4.0,0.0,1.0,1.0,1.0,2.0,11.0,5.0,4.0,2.0,2.0,1.0,1.0,0.0,0.0,0.0,0.0,0.0,0.0,0.0,0.0,0.0,0.0,0.0,0.0,1.0,2.0,2.0,2.0,1.0,0.0,1.0,3.0,2.0,0.0,0.0,0.0,0.0,0.0,0.0,0.0,0.0,0.0,0.0,0.0,0.0,0.0,0.0,0.0,0.0,0.0,0.0,0.0,0.0,0.0,0.0,0.0,0.0,0.0,0.0,0.0,0.0,0.0,0.0,0.0,0.0,0.0,3.0,1.0,0.0,1.0,1.0,0.0,0.0,0.0,1.0,2.0,2.0,0.0,0.0,3.0,0.0,0.0,0.0,0.0,0.0,2.0,2.0,3.0,4.0,23.0,4.0,4.0,12.0,6.0,6.0,7.0,24.0
CHEMBL3819210,Inhibition,-4.0,25.0,11.0,5.0,0.0,0.0,0.0,33.0,10.0,5.0,0.0,0.0,0.0,0.0,5.0,3.0,0.0,0.0,0.0,30.0,17.0,8.0,0.0,0.0,0.0,0.0,3.0,0.0,23.0,23.0,8.0,0.0,0.0,0.0,1.0,2.0,0.0,0.0,28.0,21.0,4.0,0.0,0.0,0.0,0.0,2.0,0.0,0.0,0.0,29.0,25.0,5.0,0.0,0.0,0.0,0.0,0.0,0.0,31.0,19.0,6.0,0.0,0.0,0.0,0.0,0.0,2.0,0.0,0.0,33.0,10.0,6.0,0.0,0.0,0.0,3.0,4.0,0.0,0.0,0.0,35.0,8.0,5.0,0.0,0.0,0.0,0.0,1.0,33.0,6.0,2.0,0.0,0.0,2.0,3.0,0.0,0.0,2.0,6.0,3.0,2.0,0.0,2.0,1.0,0.0,0.0,2.0,1.0,2.0,1.0,1.0,0.0,0.0,2.0,11.0,1.0,8.0,0.0,2.0,0.0,0.0,6.0,2.0,1.0,0.0,0.0,0.0,4.0,1.0,0.0,0.0,0.0,0.0,2.0,4.0,3.0,0.0,2.0,3.0,0.0,0.0,2.0,0.0,0.0,2.0,0.0,0.0,2.0,2.0,3.0,1.0,1.0,1.0,0.0,0.0,2.0,0.0,0.0,2.0,1.0,0.0,0.0,3.0,1.0,3.0,0.0,0.0,0.0,1.0,3.0,3.0,4.0,21.0,5.0,2.0,16.0,15.0,15.0,8.0,25.0
CHEMBL4091670,Inhibition,92.0,16.0,7.0,0.0,0.0,0.0,1.0,20.0,11.0,0.0,0.0,0.0,0.0,2.0,2.0,0.0,0.0,0.0,0.0,16.0,16.0,0.0,0.0,0.0,0.0,2.0,2.0,0.0,9.0,16.0,0.0,0.0,0.0,2.0,2.0,0.0,0.0,0.0,9.0,13.0,0.0,0.0,0.0,2.0,0.0,0.0,0.0,1.0,0.0,12.0,7.0,0.0,0.0,0.0,0.0,2.0,0.0,0.0,14.0,4.0,0.0,0.0,0.0,0.0,1.0,2.0,0.0,0.0,0.0,12.0,4.0,0.0,0.0,0.0,2.0,0.0,0.0,0.0,0.0,0.0,7.0,6.0,0.0,0.0,0.0,2.0,0.0,0.0,4.0,4.0,0.0,0.0,1.0,4.0,0.0,0.0,0.0,0.0,0.0,0.0,0.0,0.0,0.0,0.0,0.0,0.0,0.0,0.0,0.0,0.0,0.0,0.0,0.0,0.0,1.0,0.0,0.0,0.0,0.0,0.0,0.0,0.0,0.0,0.0,0.0,0.0,0.0,0.0,0.0,0.0,0.0,0.0,0.0,0.0,0.0,0.0,0.0,0.0,0.0,0.0,0.0,0.0,0.0,0.0,0.0,0.0,0.0,0.0,0.0,1.0,0.0,0.0,0.0,0.0,0.0,0.0,0.0,0.0,5.0,0.0,0.0,0.0,0.0,0.0,0.0,0.0,0.0,0.0,1.0,0.0,1.0,1.0,16.0,1.0,6.0,7.0,2.0,2.0,3.0,16.0
CHEMBL4516793,Inhibition,14.0,26.0,12.0,3.0,0.0,0.0,0.0,40.0,16.0,3.0,0.0,0.0,0.0,0.0,1.0,1.0,0.0,0.0,0.0,41.0,17.0,6.0,0.0,0.0,0.0,0.0,1.0,0.0,35.0,15.0,5.0,0.0,0.0,0.0,1.0,0.0,0.0,0.0,32.0,11.0,7.0,0.0,0.0,0.0,2.0,1.0,0.0,0.0,0.0,28.0,14.0,3.0,0.0,0.0,0.0,1.0,0.0,1.0,24.0,11.0,4.0,0.0,0.0,0.0,0.0,2.0,1.0,0.0,0.0,23.0,13.0,3.0,0.0,0.0,0.0,1.0,1.0,0.0,0.0,0.0,23.0,10.0,2.0,0.0,0.0,0.0,1.0,1.0,19.0,10.0,3.0,0.0,0.0,1.0,1.0,0.0,0.0,1.0,5.0,0.0,2.0,0.0,0.0,0.0,2.0,2.0,0.0,2.0,1.0,1.0,1.0,0.0,2.0,1.0,10.0,1.0,6.0,1.0,2.0,0.0,1.0,3.0,0.0,0.0,0.0,2.0,5.0,1.0,0.0,0.0,0.0,0.0,0.0,1.0,0.0,2.0,0.0,0.0,5.0,2.0,1.0,6.0,0.0,0.0,0.0,2.0,0.0,0.0,0.0,6.0,4.0,0.0,0.0,1.0,0.0,1.0,1.0,0.0,3.0,1.0,2.0,0.0,2.0,0.0,1.0,0.0,1.0,1.0,1.0,0.0,2.0,3.0,21.0,6.0,0.0,15.0,16.0,16.0,3.0,26.0
CHEMBL4456385,Inhibition,13.77,16.0,10.0,3.0,2.0,0.0,0.0,21.0,11.0,2.0,3.0,0.0,0.0,0.0,1.0,4.0,0.0,0.0,0.0,19.0,12.0,5.0,1.0,0.0,0.0,0.0,1.0,0.0,15.0,11.0,7.0,1.0,0.0,0.0,1.0,0.0,0.0,0.0,13.0,14.0,5.0,0.0,0.0,0.0,0.0,0.0,0.0,0.0,0.0,14.0,9.0,1.0,1.0,0.0,0.0,2.0,3.0,0.0,14.0,8.0,4.0,2.0,0.0,0.0,0.0,1.0,0.0,0.0,0.0,17.0,4.0,2.0,2.0,0.0,0.0,2.0,2.0,0.0,0.0,1.0,17.0,5.0,2.0,1.0,0.0,0.0,1.0,1.0,13.0,5.0,2.0,0.0,0.0,1.0,0.0,0.0,0.0,0.0,5.0,0.0,2.0,1.0,0.0,1.0,3.0,0.0,0.0,2.0,2.0,1.0,1.0,0.0,1.0,0.0,9.0,1.0,4.0,0.0,0.0,0.0,0.0,1.0,0.0,0.0,0.0,0.0,0.0,0.0,0.0,0.0,0.0,0.0,0.0,0.0,0.0,2.0,1.0,0.0,4.0,3.0,3.0,7.0,0.0,0.0,1.0,3.0,0.0,0.0,0.0,5.0,4.0,0.0,1.0,0.0,0.0,0.0,0.0,0.0,4.0,1.0,0.0,0.0,1.0,2.0,1.0,0.0,0.0,1.0,1.0,2.0,2.0,4.0,16.0,4.0,2.0,15.0,11.0,11.0,10.0,16.0
CHEMBL4520082,Inhibition,52.78,16.0,10.0,4.0,2.0,0.0,0.0,21.0,11.0,3.0,3.0,0.0,0.0,0.0,1.0,5.0,0.0,0.0,0.0,19.0,12.0,7.0,1.0,0.0,0.0,0.0,1.0,0.0,15.0,11.0,8.0,1.0,0.0,0.0,1.0,0.0,0.0,0.0,13.0,14.0,6.0,0.0,0.0,0.0,0.0,0.0,0.0,0.0,0.0,14.0,9.0,1.0,1.0,0.0,0.0,2.0,4.0,1.0,14.0,8.0,5.0,2.0,0.0,0.0,0.0,1.0,1.0,0.0,0.0,17.0,4.0,2.0,2.0,0.0,0.0,2.0,3.0,0.0,0.0,1.0,17.0,5.0,3.0,1.0,0.0,0.0,1.0,1.0,13.0,5.0,4.0,0.0,0.0,1.0,0.0,0.0,0.0,0.0,5.0,0.0,2.0,1.0,0.0,1.0,3.0,0.0,0.0,2.0,2.0,1.0,2.0,0.0,1.0,0.0,9.0,2.0,4.0,0.0,0.0,0.0,0.0,1.0,0.0,0.0,0.0,0.0,0.0,0.0,0.0,0.0,0.0,0.0,0.0,0.0,0.0,2.0,1.0,0.0,4.0,3.0,3.0,7.0,0.0,0.0,1.0,3.0,0.0,0.0,0.0,6.0,4.0,0.0,1.0,0.0,0.0,0.0,0.0,0.0,4.0,2.0,0.0,0.0,2.0,2.0,1.0,0.0,0.0,1.0,2.0,3.0,2.0,4.0,16.0,4.0,4.0,16.0,12.0,12.0,11.0,17.0
CHEMBL4541282,Inhibition,10.39,21.0,10.0,0.0,2.0,0.0,1.0,29.0,14.0,0.0,3.0,0.0,0.0,1.0,1.0,0.0,0.0,0.0,0.0,27.0,11.0,0.0,1.0,0.0,0.0,2.0,2.0,0.0,25.0,14.0,0.0,2.0,0.0,1.0,0.0,0.0,0.0,0.0,27.0,15.0,0.0,1.0,0.0,1.0,1.0,0.0,0.0,1.0,0.0,22.0,16.0,0.0,3.0,0.0,2.0,0.0,0.0,0.0,26.0,5.0,0.0,4.0,0.0,0.0,1.0,1.0,0.0,0.0,1.0,25.0,4.0,0.0,2.0,0.0,3.0,2.0,0.0,0.0,0.0,0.0,17.0,8.0,0.0,1.0,0.0,4.0,0.0,0.0,13.0,6.0,0.0,0.0,2.0,1.0,0.0,0.0,0.0,1.0,9.0,3.0,5.0,1.0,0.0,0.0,2.0,2.0,0.0,1.0,1.0,0.0,0.0,0.0,2.0,0.0,11.0,0.0,8.0,0.0,1.0,0.0,0.0,7.0,2.0,1.0,0.0,0.0,0.0,7.0,3.0,1.0,0.0,0.0,0.0,0.0,0.0,0.0,0.0,0.0,4.0,2.0,1.0,6.0,0.0,0.0,0.0,2.0,0.0,0.0,0.0,5.0,4.0,0.0,0.0,2.0,0.0,0.0,0.0,0.0,3.0,0.0,2.0,0.0,0.0,0.0,5.0,0.0,0.0,2.0,0.0,0.0,1.0,3.0,16.0,5.0,0.0,12.0,18.0,18.0,5.0,18.0
CHEMBL4860361,Inhibition,10.2,17.0,2.0,4.0,1.0,0.0,1.0,21.0,4.0,8.0,2.0,0.0,2.0,2.0,0.0,3.0,0.0,0.0,0.0,17.0,6.0,12.0,2.0,0.0,2.0,2.0,0.0,0.0,13.0,5.0,15.0,2.0,0.0,1.0,0.0,0.0,0.0,1.0,17.0,4.0,9.0,0.0,0.0,1.0,0.0,0.0,0.0,0.0,0.0,18.0,0.0,1.0,1.0,0.0,0.0,1.0,5.0,2.0,12.0,2.0,5.0,2.0,0.0,1.0,1.0,0.0,0.0,0.0,0.0,7.0,5.0,6.0,2.0,0.0,2.0,0.0,0.0,0.0,0.0,2.0,7.0,2.0,9.0,1.0,0.0,2.0,0.0,0.0,6.0,1.0,9.0,0.0,1.0,0.0,0.0,0.0,0.0,0.0,0.0,0.0,0.0,0.0,0.0,0.0,0.0,0.0,0.0,3.0,1.0,1.0,2.0,0.0,0.0,1.0,6.0,2.0,3.0,0.0,1.0,0.0,0.0,3.0,0.0,0.0,0.0,0.0,0.0,0.0,0.0,0.0,0.0,0.0,0.0,0.0,0.0,0.0,0.0,0.0,0.0,0.0,0.0,0.0,0.0,0.0,0.0,0.0,0.0,3.0,3.0,1.0,0.0,0.0,0.0,1.0,0.0,2.0,0.0,0.0,2.0,1.0,0.0,0.0,5.0,3.0,0.0,0.0,0.0,0.0,2.0,4.0,0.0,0.0,12.0,0.0,8.0,7.0,6.0,6.0,7.0,17.0
CHEMBL598797,Inhibition,85.0,21.0,7.0,5.0,0.0,0.0,0.0,27.0,7.0,7.0,0.0,0.0,0.0,0.0,2.0,1.0,0.0,0.0,0.0,26.0,12.0,7.0,0.0,0.0,0.0,0.0,0.0,0.0,23.0,10.0,8.0,0.0,0.0,0.0,1.0,1.0,0.0,0.0,25.0,8.0,6.0,0.0,0.0,0.0,0.0,3.0,0.0,0.0,0.0,25.0,8.0,6.0,0.0,0.0,0.0,0.0,2.0,0.0,23.0,9.0,7.0,0.0,0.0,0.0,0.0,0.0,0.0,0.0,0.0,22.0,5.0,6.0,0.0,0.0,0.0,0.0,1.0,0.0,0.0,1.0,19.0,5.0,6.0,0.0,0.0,0.0,0.0,0.0,16.0,5.0,7.0,0.0,0.0,0.0,0.0,0.0,0.0,0.0,6.0,0.0,5.0,4.0,1.0,0.0,0.0,0.0,1.0,1.0,2.0,1.0,1.0,0.0,0.0,2.0,10.0,1.0,6.0,1.0,0.0,0.0,1.0,5.0,0.0,0.0,0.0,1.0,0.0,4.0,3.0,2.0,1.0,0.0,1.0,1.0,1.0,1.0,0.0,1.0,1.0,0.0,0.0,0.0,0.0,0.0,0.0,0.0,0.0,1.0,0.0,1.0,0.0,0.0,0.0,0.0,0.0,2.0,2.0,0.0,2.0,1.0,0.0,0.0,4.0,0.0,5.0,0.0,2.0,0.0,1.0,0.0,2.0,2.0,16.0,2.0,0.0,12.0,12.0,12.0,12.0,17.0
CHEMBL4082539,Inhibition,34.0,19.0,4.0,0.0,0.0,0.0,1.0,26.0,4.0,0.0,0.0,0.0,2.0,2.0,1.0,0.0,0.0,0.0,0.0,24.0,8.0,0.0,0.0,0.0,2.0,2.0,0.0,0.0,17.0,8.0,0.0,0.0,0.0,2.0,0.0,0.0,0.0,0.0,15.0,6.0,0.0,0.0,0.0,3.0,0.0,0.0,0.0,0.0,0.0,14.0,6.0,0.0,0.0,0.0,1.0,0.0,0.0,0.0,14.0,5.0,0.0,0.0,0.0,1.0,1.0,0.0,0.0,0.0,0.0,12.0,3.0,0.0,0.0,0.0,2.0,0.0,0.0,0.0,0.0,0.0,7.0,4.0,0.0,0.0,0.0,2.0,0.0,0.0,4.0,2.0,0.0,0.0,1.0,2.0,0.0,0.0,0.0,0.0,0.0,0.0,0.0,0.0,0.0,0.0,0.0,0.0,0.0,0.0,0.0,0.0,0.0,0.0,0.0,0.0,3.0,0.0,0.0,0.0,0.0,0.0,0.0,0.0,0.0,0.0,0.0,0.0,0.0,0.0,0.0,0.0,0.0,0.0,0.0,0.0,0.0,0.0,0.0,0.0,0.0,0.0,0.0,0.0,0.0,0.0,0.0,0.0,0.0,0.0,0.0,0.0,0.0,0.0,0.0,0.0,0.0,0.0,0.0,0.0,2.0,0.0,0.0,0.0,0.0,0.0,0.0,0.0,0.0,0.0,0.0,0.0,1.0,1.0,16.0,1.0,0.0,4.0,1.0,1.0,0.0,15.0
CHEMBL4577619,Inhibition,70.8,19.0,18.0,3.0,0.0,0.0,0.0,29.0,16.0,2.0,0.0,0.0,0.0,0.0,5.0,2.0,0.0,0.0,0.0,29.0,21.0,3.0,0.0,0.0,0.0,0.0,1.0,1.0,23.0,18.0,5.0,0.0,0.0,0.0,2.0,0.0,0.0,0.0,24.0,14.0,4.0,0.0,0.0,0.0,3.0,1.0,0.0,0.0,0.0,20.0,17.0,4.0,0.0,0.0,0.0,1.0,0.0,0.0,21.0,9.0,3.0,0.0,0.0,0.0,0.0,5.0,1.0,0.0,0.0,18.0,15.0,2.0,0.0,0.0,0.0,1.0,2.0,0.0,0.0,0.0,19.0,12.0,1.0,0.0,0.0,0.0,3.0,2.0,17.0,14.0,1.0,0.0,0.0,0.0,2.0,0.0,0.0,0.0,8.0,0.0,4.0,0.0,2.0,0.0,3.0,0.0,2.0,0.0,2.0,1.0,1.0,0.0,3.0,1.0,10.0,1.0,4.0,0.0,0.0,0.0,0.0,0.0,0.0,0.0,0.0,0.0,0.0,0.0,0.0,0.0,0.0,0.0,0.0,0.0,0.0,0.0,0.0,0.0,6.0,2.0,1.0,8.0,0.0,0.0,2.0,3.0,1.0,2.0,2.0,8.0,5.0,0.0,2.0,3.0,2.0,2.0,0.0,0.0,6.0,2.0,2.0,2.0,2.0,0.0,0.0,0.0,0.0,1.0,0.0,0.0,2.0,2.0,18.0,6.0,0.0,21.0,16.0,16.0,7.0,22.0
CHEMBL4531536,Inhibition,35.8,19.0,19.0,4.0,0.0,0.0,0.0,30.0,16.0,3.0,0.0,0.0,0.0,0.0,5.0,3.0,0.0,0.0,0.0,30.0,21.0,6.0,0.0,0.0,0.0,0.0,1.0,1.0,25.0,18.0,7.0,0.0,0.0,0.0,2.0,0.0,0.0,0.0,26.0,14.0,5.0,0.0,0.0,0.0,3.0,1.0,0.0,0.0,0.0,21.0,17.0,4.0,0.0,0.0,0.0,1.0,1.0,0.0,21.0,10.0,4.0,0.0,0.0,0.0,0.0,5.0,1.0,0.0,0.0,19.0,15.0,2.0,0.0,0.0,0.0,1.0,3.0,0.0,0.0,1.0,19.0,13.0,4.0,0.0,0.0,0.0,3.0,2.0,19.0,14.0,3.0,0.0,0.0,0.0,2.0,0.0,0.0,0.0,8.0,0.0,4.0,0.0,2.0,0.0,3.0,0.0,2.0,1.0,3.0,2.0,2.0,0.0,3.0,1.0,11.0,2.0,4.0,0.0,0.0,0.0,0.0,0.0,0.0,0.0,0.0,0.0,0.0,0.0,0.0,0.0,0.0,0.0,0.0,0.0,0.0,0.0,0.0,0.0,6.0,2.0,1.0,8.0,0.0,0.0,2.0,3.0,1.0,2.0,2.0,10.0,6.0,0.0,3.0,3.0,2.0,2.0,0.0,0.0,6.0,3.0,2.0,2.0,3.0,0.0,0.0,0.0,0.0,1.0,1.0,2.0,2.0,2.0,18.0,6.0,2.0,23.0,18.0,18.0,9.0,24.0
CHEMBL4519874,Inhibition,33.1,20.0,19.0,7.0,0.0,0.0,0.0,31.0,17.0,5.0,0.0,0.0,0.0,0.0,5.0,3.0,0.0,0.0,0.0,32.0,21.0,7.0,0.0,0.0,0.0,0.0,1.0,3.0,26.0,19.0,10.0,0.0,0.0,0.0,2.0,0.0,0.0,0.0,29.0,14.0,7.0,0.0,0.0,0.0,3.0,1.0,0.0,0.0,2.0,24.0,17.0,9.0,0.0,0.0,0.0,1.0,1.0,0.0,24.0,10.0,8.0,0.0,0.0,0.0,0.0,5.0,1.0,0.0,0.0,21.0,16.0,4.0,0.0,0.0,0.0,1.0,3.0,0.0,0.0,1.0,21.0,13.0,4.0,0.0,0.0,0.0,3.0,4.0,19.0,16.0,6.0,0.0,0.0,0.0,2.0,0.0,0.0,0.0,9.0,0.0,4.0,0.0,2.0,1.0,3.0,0.0,2.0,1.0,3.0,2.0,3.0,0.0,3.0,2.0,13.0,3.0,5.0,0.0,0.0,0.0,1.0,0.0,0.0,0.0,0.0,0.0,0.0,0.0,0.0,0.0,0.0,0.0,0.0,0.0,0.0,0.0,0.0,0.0,7.0,2.0,1.0,9.0,0.0,0.0,3.0,3.0,1.0,3.0,3.0,10.0,6.0,0.0,3.0,3.0,3.0,4.0,0.0,0.0,6.0,3.0,2.0,3.0,5.0,0.0,0.0,0.0,0.0,1.0,2.0,2.0,2.0,2.0,18.0,6.0,2.0,26.0,20.0,20.0,12.0,25.0
CHEMBL4536625,Inhibition,27.8,18.0,17.0,3.0,0.0,1.0,1.0,27.0,15.0,2.0,0.0,2.0,0.0,2.0,5.0,2.0,0.0,0.0,0.0,27.0,19.0,3.0,0.0,2.0,0.0,2.0,1.0,1.0,22.0,16.0,5.0,0.0,1.0,1.0,2.0,0.0,0.0,0.0,24.0,12.0,4.0,0.0,0.0,0.0,3.0,1.0,1.0,1.0,0.0,19.0,17.0,4.0,0.0,1.0,1.0,0.0,0.0,0.0,21.0,7.0,2.0,0.0,0.0,0.0,0.0,5.0,1.0,1.0,1.0,16.0,15.0,2.0,0.0,2.0,2.0,0.0,1.0,0.0,0.0,0.0,17.0,10.0,1.0,0.0,2.0,2.0,3.0,2.0,17.0,11.0,1.0,0.0,0.0,0.0,2.0,1.0,1.0,0.0,8.0,0.0,4.0,0.0,2.0,0.0,3.0,0.0,2.0,0.0,2.0,1.0,1.0,1.0,3.0,1.0,9.0,1.0,4.0,0.0,0.0,0.0,0.0,0.0,0.0,0.0,0.0,0.0,0.0,0.0,0.0,0.0,0.0,0.0,0.0,0.0,0.0,0.0,0.0,0.0,6.0,2.0,1.0,8.0,0.0,0.0,2.0,3.0,1.0,2.0,2.0,8.0,5.0,0.0,2.0,3.0,2.0,2.0,0.0,1.0,5.0,2.0,2.0,2.0,2.0,0.0,0.0,0.0,0.0,1.0,0.0,0.0,2.0,2.0,18.0,6.0,0.0,20.0,16.0,16.0,7.0,22.0
CHEMBL4282460,Inhibition,35.5,12.0,8.0,3.0,0.0,0.0,1.0,14.0,7.0,3.0,0.0,0.0,2.0,2.0,3.0,1.0,0.0,0.0,0.0,11.0,11.0,4.0,0.0,0.0,2.0,2.0,0.0,0.0,11.0,5.0,4.0,0.0,0.0,1.0,3.0,1.0,0.0,1.0,11.0,8.0,5.0,0.0,0.0,1.0,0.0,0.0,0.0,0.0,0.0,10.0,8.0,0.0,0.0,0.0,1.0,0.0,4.0,2.0,8.0,7.0,3.0,0.0,0.0,2.0,2.0,0.0,0.0,0.0,0.0,7.0,4.0,4.0,0.0,0.0,0.0,0.0,2.0,0.0,2.0,0.0,6.0,2.0,6.0,0.0,0.0,1.0,0.0,0.0,6.0,0.0,1.0,0.0,1.0,0.0,4.0,0.0,0.0,0.0,3.0,0.0,2.0,1.0,0.0,0.0,0.0,0.0,0.0,0.0,2.0,1.0,2.0,0.0,0.0,0.0,5.0,2.0,4.0,1.0,0.0,0.0,2.0,3.0,0.0,0.0,0.0,2.0,0.0,2.0,1.0,0.0,0.0,0.0,1.0,1.0,1.0,1.0,0.0,1.0,1.0,0.0,0.0,0.0,0.0,0.0,0.0,0.0,0.0,1.0,0.0,1.0,0.0,0.0,0.0,0.0,0.0,1.0,0.0,0.0,2.0,1.0,0.0,0.0,3.0,0.0,3.0,0.0,0.0,0.0,2.0,0.0,2.0,2.0,12.0,2.0,0.0,11.0,9.0,9.0,8.0,14.0
CHEMBL2376143,Inhibition,66.0,19.0,15.0,2.0,0.0,0.0,1.0,29.0,17.0,2.0,0.0,0.0,2.0,2.0,1.0,2.0,0.0,0.0,0.0,25.0,18.0,6.0,0.0,0.0,2.0,2.0,3.0,1.0,26.0,12.0,5.0,0.0,0.0,1.0,4.0,2.0,0.0,1.0,23.0,13.0,3.0,0.0,0.0,3.0,2.0,2.0,0.0,0.0,1.0,19.0,19.0,6.0,0.0,0.0,1.0,0.0,1.0,0.0,21.0,11.0,4.0,0.0,0.0,1.0,1.0,4.0,2.0,0.0,1.0,19.0,11.0,4.0,0.0,0.0,1.0,2.0,2.0,0.0,1.0,0.0,13.0,12.0,5.0,0.0,0.0,2.0,0.0,1.0,13.0,10.0,3.0,0.0,2.0,0.0,0.0,0.0,1.0,2.0,2.0,1.0,0.0,0.0,0.0,0.0,0.0,0.0,0.0,2.0,1.0,1.0,2.0,0.0,1.0,0.0,9.0,2.0,5.0,1.0,1.0,0.0,1.0,4.0,0.0,0.0,0.0,1.0,0.0,0.0,0.0,0.0,0.0,0.0,0.0,0.0,0.0,4.0,2.0,0.0,5.0,2.0,1.0,7.0,2.0,2.0,4.0,2.0,0.0,0.0,0.0,5.0,4.0,1.0,3.0,0.0,0.0,0.0,0.0,0.0,3.0,2.0,1.0,0.0,2.0,1.0,0.0,0.0,0.0,0.0,2.0,1.0,2.0,4.0,18.0,5.0,2.0,17.0,12.0,12.0,5.0,22.0
CHEMBL4448596,Inhibition,2.0,28.0,10.0,3.0,0.0,0.0,0.0,42.0,15.0,3.0,0.0,0.0,0.0,0.0,0.0,1.0,0.0,0.0,0.0,45.0,13.0,6.0,0.0,0.0,0.0,0.0,1.0,0.0,38.0,13.0,5.0,0.0,0.0,0.0,0.0,0.0,0.0,0.0,34.0,11.0,7.0,0.0,0.0,0.0,0.0,1.0,0.0,0.0,0.0,31.0,11.0,3.0,0.0,0.0,0.0,1.0,0.0,1.0,25.0,10.0,4.0,0.0,0.0,0.0,0.0,2.0,1.0,0.0,0.0,24.0,12.0,3.0,0.0,0.0,0.0,1.0,1.0,0.0,0.0,0.0,25.0,8.0,2.0,0.0,0.0,0.0,1.0,1.0,21.0,8.0,3.0,0.0,0.0,1.0,1.0,0.0,0.0,1.0,5.0,0.0,2.0,0.0,0.0,0.0,2.0,2.0,0.0,2.0,1.0,1.0,1.0,0.0,2.0,1.0,10.0,1.0,6.0,1.0,2.0,0.0,1.0,3.0,0.0,0.0,0.0,2.0,5.0,1.0,0.0,0.0,0.0,0.0,0.0,1.0,0.0,2.0,0.0,0.0,5.0,2.0,1.0,6.0,0.0,0.0,0.0,2.0,0.0,0.0,0.0,6.0,4.0,0.0,0.0,3.0,0.0,1.0,1.0,0.0,3.0,1.0,2.0,0.0,2.0,0.0,1.0,0.0,1.0,2.0,1.0,0.0,1.0,2.0,21.0,5.0,0.0,13.0,16.0,16.0,3.0,27.0
CHEMBL3353341,Inhibition,55.0,28.0,12.0,3.0,0.0,0.0,0.0,42.0,16.0,3.0,0.0,0.0,0.0,0.0,1.0,1.0,0.0,0.0,0.0,43.0,16.0,6.0,0.0,0.0,0.0,0.0,1.0,0.0,36.0,14.0,5.0,0.0,0.0,0.0,0.0,0.0,0.0,0.0,33.0,11.0,7.0,0.0,0.0,0.0,1.0,1.0,0.0,0.0,0.0,31.0,15.0,3.0,0.0,0.0,0.0,1.0,0.0,1.0,28.0,11.0,4.0,0.0,0.0,0.0,0.0,2.0,1.0,0.0,0.0,24.0,10.0,3.0,0.0,0.0,0.0,2.0,1.0,0.0,0.0,0.0,21.0,10.0,2.0,0.0,0.0,0.0,1.0,1.0,21.0,11.0,2.0,0.0,0.0,0.0,1.0,0.0,0.0,1.0,5.0,0.0,2.0,0.0,0.0,0.0,2.0,2.0,0.0,2.0,1.0,1.0,1.0,0.0,2.0,1.0,12.0,1.0,6.0,1.0,2.0,0.0,1.0,3.0,0.0,0.0,0.0,2.0,5.0,1.0,0.0,0.0,0.0,0.0,0.0,1.0,0.0,2.0,0.0,0.0,5.0,2.0,1.0,6.0,0.0,0.0,0.0,2.0,0.0,0.0,0.0,6.0,4.0,0.0,0.0,1.0,0.0,1.0,1.0,0.0,3.0,1.0,2.0,0.0,2.0,0.0,1.0,0.0,1.0,1.0,1.0,0.0,2.0,3.0,21.0,6.0,4.0,15.0,18.0,18.0,5.0,28.0
CHEMBL3797345,Inhibition,17.6,19.0,14.0,3.0,0.0,4.0,4.0,28.0,13.0,4.0,0.0,5.0,0.0,5.0,3.0,2.0,3.0,3.0,3.0,26.0,13.0,6.0,0.0,8.0,0.0,8.0,3.0,0.0,19.0,19.0,6.0,0.0,8.0,8.0,1.0,1.0,4.0,4.0,25.0,12.0,5.0,0.0,9.0,9.0,2.0,3.0,0.0,0.0,0.0,23.0,13.0,5.0,0.0,2.0,2.0,1.0,1.0,0.0,22.0,13.0,1.0,0.0,5.0,0.0,5.0,0.0,1.0,1.0,1.0,22.0,11.0,2.0,0.0,8.0,8.0,0.0,1.0,2.0,2.0,0.0,16.0,8.0,6.0,0.0,11.0,11.0,1.0,0.0,12.0,6.0,5.0,5.0,5.0,2.0,0.0,0.0,0.0,0.0,2.0,0.0,1.0,0.0,0.0,0.0,0.0,1.0,0.0,2.0,1.0,0.0,0.0,4.0,1.0,1.0,6.0,0.0,1.0,0.0,0.0,0.0,0.0,0.0,0.0,0.0,0.0,0.0,0.0,0.0,0.0,0.0,0.0,0.0,0.0,0.0,0.0,0.0,0.0,0.0,1.0,1.0,0.0,2.0,0.0,0.0,0.0,0.0,0.0,0.0,0.0,4.0,3.0,0.0,0.0,1.0,0.0,1.0,0.0,4.0,3.0,0.0,0.0,0.0,2.0,0.0,0.0,3.0,0.0,1.0,0.0,0.0,3.0,4.0,23.0,4.0,2.0,17.0,8.0,8.0,9.0,24.0
CHEMBL3798031,Inhibition,61.0,21.0,14.0,3.0,0.0,4.0,4.0,28.0,15.0,4.0,0.0,5.0,0.0,5.0,3.0,2.0,3.0,3.0,3.0,30.0,12.0,6.0,0.0,8.0,0.0,8.0,3.0,0.0,21.0,20.0,6.0,0.0,8.0,8.0,1.0,1.0,1.0,1.0,26.0,13.0,4.0,0.0,6.0,6.0,2.0,3.0,3.0,3.0,0.0,26.0,14.0,6.0,0.0,5.0,5.0,1.0,1.0,0.0,23.0,17.0,1.0,0.0,2.0,0.0,2.0,0.0,1.0,4.0,4.0,24.0,13.0,2.0,0.0,5.0,5.0,0.0,1.0,2.0,2.0,0.0,21.0,8.0,6.0,0.0,10.0,10.0,1.0,0.0,15.0,6.0,6.0,9.0,9.0,2.0,0.0,0.0,0.0,0.0,4.0,0.0,1.0,0.0,0.0,0.0,3.0,0.0,0.0,2.0,1.0,0.0,0.0,4.0,1.0,1.0,8.0,0.0,3.0,0.0,0.0,0.0,0.0,0.0,0.0,0.0,0.0,0.0,0.0,0.0,0.0,0.0,0.0,0.0,0.0,0.0,0.0,0.0,0.0,0.0,3.0,3.0,3.0,6.0,0.0,0.0,0.0,3.0,0.0,0.0,0.0,4.0,3.0,0.0,0.0,1.0,0.0,1.0,0.0,4.0,3.0,0.0,0.0,0.0,2.0,2.0,0.0,3.0,0.0,1.0,0.0,0.0,3.0,4.0,23.0,4.0,2.0,17.0,10.0,10.0,11.0,24.0
CHEMBL1336,Inhibition,98.5,18.0,8.0,4.0,0.0,3.0,4.0,23.0,8.0,5.0,0.0,3.0,2.0,5.0,1.0,3.0,3.0,3.0,3.0,21.0,8.0,8.0,0.0,6.0,3.0,9.0,1.0,1.0,16.0,10.0,8.0,0.0,6.0,7.0,0.0,1.0,0.0,0.0,19.0,6.0,5.0,0.0,3.0,3.0,0.0,2.0,3.0,4.0,1.0,17.0,7.0,6.0,0.0,3.0,4.0,0.0,0.0,0.0,17.0,6.0,2.0,0.0,0.0,0.0,0.0,0.0,1.0,3.0,4.0,15.0,6.0,4.0,0.0,3.0,4.0,0.0,0.0,0.0,0.0,0.0,11.0,4.0,5.0,0.0,6.0,8.0,1.0,0.0,8.0,3.0,4.0,6.0,8.0,1.0,1.0,0.0,0.0,0.0,0.0,0.0,0.0,0.0,0.0,0.0,0.0,0.0,0.0,1.0,3.0,3.0,2.0,3.0,0.0,1.0,4.0,2.0,0.0,0.0,0.0,0.0,0.0,0.0,0.0,0.0,0.0,0.0,0.0,0.0,0.0,0.0,0.0,0.0,0.0,0.0,0.0,0.0,0.0,0.0,0.0,0.0,0.0,0.0,0.0,0.0,0.0,0.0,0.0,0.0,0.0,4.0,1.0,0.0,1.0,2.0,0.0,0.0,0.0,3.0,3.0,3.0,0.0,0.0,3.0,0.0,0.0,3.0,0.0,0.0,1.0,1.0,1.0,1.0,18.0,1.0,2.0,12.0,6.0,6.0,9.0,23.0
CHEMBL5092315,Inhibition,10.0,24.0,17.0,5.0,0.0,0.0,0.0,37.0,15.0,6.0,0.0,0.0,0.0,0.0,3.0,3.0,0.0,0.0,0.0,36.0,20.0,9.0,0.0,0.0,0.0,0.0,1.0,2.0,35.0,13.0,10.0,0.0,0.0,0.0,3.0,4.0,0.0,0.0,36.0,19.0,10.0,0.0,0.0,0.0,0.0,2.0,0.0,0.0,0.0,32.0,20.0,12.0,0.0,0.0,0.0,2.0,2.0,1.0,31.0,17.0,11.0,0.0,0.0,0.0,0.0,2.0,2.0,0.0,0.0,31.0,16.0,8.0,0.0,0.0,0.0,1.0,4.0,0.0,0.0,0.0,30.0,11.0,10.0,0.0,0.0,0.0,2.0,1.0,24.0,13.0,8.0,0.0,0.0,1.0,1.0,0.0,0.0,1.0,7.0,0.0,3.0,1.0,0.0,0.0,2.0,2.0,0.0,3.0,1.0,1.0,2.0,0.0,3.0,1.0,16.0,3.0,6.0,1.0,0.0,0.0,1.0,2.0,0.0,0.0,0.0,0.0,0.0,0.0,0.0,0.0,0.0,0.0,0.0,0.0,0.0,1.0,0.0,0.0,5.0,4.0,2.0,9.0,1.0,0.0,2.0,2.0,0.0,2.0,0.0,9.0,7.0,0.0,3.0,0.0,0.0,1.0,0.0,0.0,4.0,3.0,2.0,0.0,4.0,2.0,2.0,0.0,1.0,1.0,1.0,2.0,3.0,3.0,18.0,6.0,2.0,22.0,18.0,18.0,8.0,23.0
CHEMBL3754324,Inhibition,93.8,19.0,8.0,3.0,0.0,0.0,2.0,26.0,9.0,5.0,0.0,0.0,4.0,4.0,0.0,1.0,0.0,0.0,0.0,27.0,5.0,4.0,0.0,0.0,5.0,5.0,1.0,1.0,21.0,6.0,7.0,0.0,0.0,4.0,0.0,0.0,0.0,0.0,21.0,3.0,6.0,0.0,0.0,3.0,1.0,0.0,0.0,0.0,0.0,16.0,7.0,5.0,0.0,0.0,3.0,0.0,0.0,0.0,14.0,6.0,3.0,0.0,0.0,1.0,1.0,0.0,1.0,0.0,1.0,15.0,2.0,3.0,0.0,0.0,1.0,1.0,1.0,0.0,1.0,0.0,14.0,4.0,4.0,0.0,0.0,3.0,0.0,0.0,15.0,2.0,2.0,0.0,4.0,0.0,1.0,0.0,0.0,0.0,4.0,0.0,2.0,0.0,0.0,0.0,2.0,2.0,0.0,1.0,1.0,1.0,1.0,0.0,2.0,0.0,6.0,1.0,2.0,0.0,0.0,0.0,0.0,0.0,0.0,0.0,0.0,0.0,0.0,0.0,0.0,0.0,0.0,0.0,0.0,0.0,0.0,0.0,0.0,0.0,4.0,2.0,1.0,6.0,0.0,0.0,0.0,2.0,0.0,0.0,0.0,6.0,4.0,0.0,0.0,3.0,0.0,0.0,0.0,0.0,3.0,1.0,2.0,0.0,1.0,0.0,0.0,0.0,0.0,2.0,1.0,1.0,0.0,1.0,17.0,3.0,2.0,11.0,9.0,9.0,4.0,20.0
CHEMBL3593668,Inhibition,35.7,18.0,10.0,2.0,0.0,0.0,1.0,26.0,11.0,3.0,0.0,0.0,2.0,2.0,3.0,2.0,0.0,0.0,0.0,21.0,13.0,5.0,0.0,0.0,1.0,1.0,0.0,1.0,17.0,13.0,4.0,0.0,0.0,2.0,1.0,1.0,0.0,0.0,14.0,11.0,3.0,0.0,0.0,1.0,0.0,1.0,0.0,1.0,1.0,18.0,6.0,3.0,0.0,0.0,1.0,1.0,0.0,0.0,13.0,8.0,6.0,0.0,0.0,2.0,2.0,1.0,0.0,0.0,0.0,12.0,5.0,3.0,0.0,0.0,2.0,1.0,1.0,0.0,0.0,0.0,13.0,5.0,2.0,0.0,0.0,1.0,1.0,1.0,12.0,5.0,3.0,0.0,0.0,1.0,0.0,0.0,1.0,0.0,0.0,0.0,0.0,0.0,0.0,0.0,0.0,0.0,0.0,3.0,1.0,0.0,0.0,0.0,0.0,0.0,5.0,0.0,3.0,0.0,1.0,0.0,0.0,3.0,0.0,0.0,0.0,0.0,0.0,0.0,0.0,0.0,0.0,0.0,0.0,0.0,0.0,0.0,0.0,0.0,0.0,0.0,0.0,0.0,0.0,0.0,0.0,0.0,0.0,0.0,0.0,1.0,0.0,0.0,0.0,1.0,0.0,1.0,0.0,0.0,2.0,0.0,0.0,0.0,1.0,3.0,0.0,0.0,0.0,0.0,0.0,0.0,2.0,4.0,20.0,4.0,2.0,12.0,6.0,6.0,4.0,20.0
CHEMBL5084426,Inhibition,88.0,22.0,11.0,7.0,0.0,2.0,2.0,29.0,17.0,8.0,0.0,4.0,0.0,4.0,2.0,0.0,0.0,0.0,0.0,31.0,18.0,3.0,0.0,6.0,0.0,6.0,2.0,5.0,26.0,21.0,6.0,0.0,2.0,2.0,4.0,0.0,2.0,2.0,32.0,17.0,7.0,0.0,4.0,4.0,1.0,1.0,2.0,2.0,0.0,35.0,13.0,7.0,0.0,8.0,8.0,2.0,2.0,1.0,30.0,16.0,7.0,0.0,6.0,0.0,6.0,0.0,4.0,0.0,0.0,25.0,16.0,8.0,0.0,2.0,2.0,1.0,1.0,4.0,4.0,0.0,27.0,9.0,7.0,0.0,4.0,4.0,1.0,2.0,26.0,5.0,7.0,2.0,2.0,1.0,3.0,2.0,2.0,0.0,3.0,0.0,1.0,0.0,1.0,0.0,0.0,0.0,1.0,2.0,1.0,0.0,0.0,2.0,0.0,3.0,5.0,0.0,1.0,0.0,0.0,0.0,0.0,0.0,0.0,0.0,0.0,0.0,0.0,0.0,0.0,0.0,0.0,0.0,0.0,0.0,0.0,0.0,0.0,0.0,0.0,0.0,0.0,0.0,0.0,0.0,0.0,0.0,0.0,2.0,0.0,0.0,0.0,0.0,0.0,0.0,0.0,4.0,1.0,2.0,1.0,0.0,0.0,0.0,4.0,0.0,0.0,0.0,3.0,0.0,0.0,0.0,4.0,5.0,27.0,5.0,0.0,18.0,9.0,9.0,9.0,24.0
CHEMBL4167512,Inhibition,46.0,21.0,13.0,3.0,0.0,0.0,0.0,30.0,14.0,3.0,0.0,0.0,0.0,0.0,4.0,1.0,0.0,0.0,0.0,28.0,17.0,4.0,0.0,0.0,0.0,0.0,3.0,1.0,22.0,14.0,2.0,0.0,0.0,0.0,3.0,3.0,0.0,0.0,21.0,15.0,4.0,0.0,0.0,0.0,1.0,0.0,0.0,0.0,0.0,23.0,10.0,5.0,0.0,0.0,0.0,2.0,0.0,0.0,17.0,14.0,4.0,0.0,0.0,0.0,0.0,0.0,1.0,0.0,0.0,16.0,9.0,2.0,0.0,0.0,0.0,1.0,1.0,0.0,0.0,0.0,17.0,7.0,3.0,0.0,0.0,0.0,1.0,0.0,15.0,9.0,2.0,0.0,0.0,0.0,0.0,0.0,0.0,2.0,6.0,2.0,3.0,0.0,0.0,0.0,3.0,0.0,0.0,2.0,2.0,0.0,0.0,0.0,1.0,1.0,13.0,1.0,7.0,0.0,0.0,0.0,1.0,4.0,0.0,0.0,2.0,1.0,1.0,2.0,1.0,0.0,0.0,0.0,1.0,2.0,0.0,5.0,2.0,0.0,8.0,3.0,3.0,6.0,0.0,0.0,0.0,3.0,0.0,0.0,0.0,8.0,3.0,0.0,0.0,2.0,0.0,1.0,1.0,0.0,6.0,0.0,1.0,0.0,2.0,1.0,3.0,0.0,1.0,1.0,1.0,0.0,0.0,0.0,12.0,5.0,2.0,16.0,18.0,18.0,5.0,19.0
CHEMBL3818239,Inhibition,10.0,31.0,9.0,2.0,0.0,0.0,0.0,38.0,18.0,3.0,0.0,0.0,0.0,0.0,0.0,1.0,0.0,0.0,0.0,40.0,17.0,5.0,0.0,0.0,0.0,0.0,1.0,0.0,37.0,15.0,6.0,0.0,0.0,0.0,0.0,1.0,0.0,0.0,39.0,10.0,6.0,0.0,0.0,0.0,0.0,1.0,0.0,0.0,0.0,35.0,5.0,5.0,0.0,0.0,0.0,3.0,2.0,0.0,29.0,10.0,5.0,0.0,0.0,0.0,0.0,1.0,0.0,0.0,0.0,27.0,16.0,3.0,0.0,0.0,0.0,0.0,0.0,0.0,0.0,0.0,28.0,15.0,2.0,0.0,0.0,0.0,2.0,0.0,29.0,7.0,1.0,0.0,0.0,1.0,2.0,0.0,0.0,5.0,5.0,6.0,1.0,0.0,0.0,0.0,0.0,0.0,0.0,0.0,1.0,1.0,1.0,0.0,1.0,0.0,12.0,1.0,11.0,0.0,2.0,0.0,0.0,10.0,0.0,0.0,4.0,0.0,0.0,8.0,7.0,7.0,1.0,0.0,3.0,4.0,2.0,6.0,0.0,2.0,5.0,0.0,0.0,5.0,0.0,0.0,1.0,4.0,0.0,2.0,0.0,4.0,2.0,2.0,1.0,2.0,0.0,1.0,0.0,0.0,2.0,1.0,0.0,0.0,2.0,0.0,5.0,0.0,0.0,1.0,1.0,2.0,2.0,3.0,21.0,4.0,2.0,11.0,19.0,19.0,6.0,29.0
CHEMBL3628628,Inhibition,27.65,18.0,11.0,5.0,0.0,0.0,1.0,26.0,14.0,3.0,0.0,0.0,2.0,2.0,2.0,1.0,0.0,0.0,0.0,26.0,14.0,3.0,0.0,0.0,2.0,2.0,2.0,2.0,22.0,17.0,6.0,0.0,0.0,1.0,2.0,0.0,0.0,0.0,25.0,12.0,5.0,0.0,0.0,1.0,1.0,2.0,0.0,0.0,1.0,22.0,12.0,7.0,0.0,0.0,0.0,1.0,2.0,0.0,21.0,12.0,6.0,0.0,0.0,2.0,2.0,0.0,1.0,0.0,0.0,22.0,7.0,5.0,0.0,0.0,1.0,1.0,2.0,0.0,0.0,0.0,21.0,3.0,4.0,0.0,0.0,0.0,1.0,3.0,15.0,5.0,7.0,0.0,3.0,0.0,0.0,0.0,0.0,0.0,4.0,0.0,2.0,0.0,2.0,1.0,0.0,0.0,2.0,2.0,1.0,1.0,1.0,0.0,0.0,2.0,7.0,1.0,2.0,0.0,0.0,0.0,0.0,0.0,0.0,0.0,0.0,0.0,0.0,0.0,0.0,0.0,0.0,0.0,0.0,0.0,0.0,0.0,0.0,0.0,1.0,0.0,0.0,1.0,0.0,0.0,1.0,0.0,0.0,2.0,2.0,2.0,1.0,0.0,1.0,0.0,1.0,4.0,0.0,0.0,1.0,1.0,0.0,1.0,3.0,0.0,0.0,0.0,0.0,0.0,1.0,2.0,2.0,4.0,20.0,4.0,2.0,16.0,11.0,11.0,8.0,20.0
CHEMBL4448847,Inhibition,15.2,12.0,12.0,0.0,0.0,0.0,0.0,16.0,13.0,0.0,0.0,0.0,0.0,0.0,5.0,0.0,0.0,0.0,0.0,10.0,17.0,0.0,0.0,0.0,0.0,0.0,2.0,0.0,11.0,12.0,0.0,0.0,0.0,0.0,5.0,0.0,0.0,0.0,15.0,9.0,0.0,0.0,0.0,0.0,4.0,0.0,0.0,0.0,0.0,14.0,15.0,0.0,0.0,0.0,0.0,0.0,0.0,0.0,13.0,8.0,0.0,0.0,0.0,0.0,0.0,4.0,0.0,0.0,0.0,7.0,9.0,0.0,0.0,0.0,0.0,0.0,0.0,0.0,0.0,0.0,5.0,4.0,0.0,0.0,0.0,0.0,0.0,0.0,2.0,4.0,0.0,0.0,0.0,0.0,0.0,0.0,0.0,0.0,0.0,0.0,0.0,0.0,0.0,0.0,0.0,0.0,0.0,0.0,2.0,0.0,0.0,0.0,0.0,0.0,0.0,0.0,0.0,0.0,0.0,0.0,0.0,0.0,0.0,0.0,0.0,0.0,0.0,0.0,0.0,0.0,0.0,0.0,0.0,0.0,0.0,0.0,0.0,0.0,0.0,0.0,0.0,0.0,0.0,0.0,0.0,0.0,0.0,0.0,0.0,0.0,0.0,0.0,0.0,0.0,0.0,0.0,0.0,0.0,2.0,0.0,0.0,0.0,0.0,0.0,0.0,0.0,0.0,0.0,0.0,0.0,3.0,5.0,20.0,5.0,0.0,12.0,8.0,8.0,4.0,19.0
CHEMBL4453646,Inhibition,78.7,10.0,10.0,0.0,0.0,0.0,2.0,12.0,11.0,0.0,0.0,0.0,4.0,4.0,4.0,0.0,0.0,0.0,0.0,9.0,11.0,0.0,0.0,0.0,2.0,2.0,2.0,0.0,8.0,10.0,0.0,0.0,0.0,3.0,2.0,0.0,0.0,1.0,12.0,5.0,0.0,0.0,0.0,3.0,4.0,0.0,0.0,1.0,0.0,8.0,11.0,0.0,0.0,0.0,4.0,0.0,0.0,0.0,6.0,6.0,0.0,0.0,0.0,5.0,5.0,2.0,0.0,0.0,0.0,6.0,4.0,0.0,0.0,0.0,0.0,0.0,0.0,0.0,4.0,0.0,5.0,4.0,0.0,0.0,0.0,1.0,0.0,0.0,2.0,4.0,0.0,0.0,2.0,0.0,0.0,0.0,0.0,0.0,0.0,0.0,0.0,0.0,0.0,0.0,0.0,0.0,0.0,0.0,2.0,0.0,0.0,0.0,0.0,0.0,0.0,0.0,0.0,0.0,0.0,0.0,0.0,0.0,0.0,0.0,0.0,0.0,0.0,0.0,0.0,0.0,0.0,0.0,0.0,0.0,0.0,0.0,0.0,0.0,0.0,0.0,0.0,0.0,0.0,0.0,0.0,0.0,0.0,0.0,0.0,0.0,0.0,0.0,0.0,0.0,0.0,0.0,0.0,0.0,2.0,0.0,0.0,0.0,0.0,0.0,0.0,0.0,0.0,0.0,0.0,0.0,3.0,4.0,17.0,4.0,0.0,10.0,6.0,6.0,4.0,16.0
CHEMBL502835,Inhibition,97.0,26.0,13.0,5.0,0.0,0.0,0.0,40.0,15.0,4.0,0.0,0.0,0.0,0.0,0.0,2.0,0.0,0.0,0.0,42.0,11.0,10.0,0.0,0.0,0.0,0.0,2.0,1.0,35.0,15.0,11.0,0.0,0.0,0.0,1.0,1.0,0.0,0.0,42.0,11.0,11.0,0.0,0.0,0.0,1.0,2.0,0.0,0.0,0.0,44.0,11.0,10.0,0.0,0.0,0.0,1.0,1.0,0.0,40.0,11.0,6.0,0.0,0.0,0.0,0.0,0.0,1.0,0.0,0.0,33.0,7.0,5.0,0.0,0.0,0.0,1.0,2.0,0.0,0.0,0.0,25.0,10.0,8.0,0.0,0.0,0.0,1.0,1.0,23.0,10.0,14.0,0.0,0.0,0.0,0.0,0.0,0.0,0.0,5.0,0.0,2.0,0.0,0.0,0.0,4.0,2.0,0.0,3.0,2.0,1.0,3.0,0.0,3.0,1.0,13.0,3.0,4.0,2.0,0.0,1.0,2.0,0.0,0.0,0.0,0.0,0.0,1.0,0.0,0.0,0.0,0.0,0.0,0.0,0.0,0.0,0.0,0.0,0.0,7.0,5.0,4.0,11.0,0.0,0.0,0.0,4.0,0.0,0.0,0.0,10.0,7.0,0.0,1.0,4.0,0.0,2.0,0.0,0.0,5.0,2.0,3.0,0.0,4.0,0.0,0.0,0.0,0.0,3.0,3.0,3.0,0.0,0.0,18.0,3.0,7.0,18.0,15.0,15.0,9.0,28.0
CHEMBL4168811,Inhibition,91.0,28.0,10.0,7.0,0.0,0.0,0.0,41.0,14.0,6.0,0.0,0.0,0.0,0.0,0.0,2.0,0.0,0.0,0.0,43.0,11.0,10.0,0.0,0.0,0.0,0.0,1.0,2.0,37.0,13.0,13.0,0.0,0.0,0.0,2.0,1.0,0.0,0.0,40.0,15.0,12.0,0.0,0.0,0.0,0.0,2.0,0.0,0.0,0.0,48.0,11.0,10.0,0.0,0.0,0.0,0.0,2.0,1.0,47.0,9.0,8.0,0.0,0.0,0.0,0.0,1.0,0.0,0.0,0.0,40.0,8.0,9.0,0.0,0.0,0.0,1.0,3.0,0.0,0.0,0.0,31.0,11.0,15.0,0.0,0.0,0.0,0.0,0.0,26.0,6.0,14.0,0.0,0.0,0.0,2.0,0.0,0.0,0.0,7.0,0.0,3.0,0.0,2.0,0.0,3.0,0.0,2.0,1.0,0.0,0.0,2.0,0.0,2.0,2.0,11.0,2.0,4.0,1.0,0.0,0.0,1.0,0.0,0.0,0.0,0.0,0.0,1.0,0.0,0.0,0.0,0.0,0.0,0.0,0.0,0.0,0.0,0.0,0.0,5.0,3.0,3.0,8.0,1.0,0.0,1.0,4.0,3.0,2.0,2.0,5.0,4.0,0.0,1.0,2.0,4.0,4.0,0.0,0.0,3.0,1.0,1.0,2.0,5.0,0.0,1.0,0.0,0.0,1.0,2.0,2.0,0.0,1.0,21.0,4.0,8.0,17.0,15.0,15.0,8.0,26.0
CHEMBL4548043,Inhibition,15.0,19.0,17.0,3.0,0.0,3.0,3.0,29.0,15.0,2.0,0.0,3.0,0.0,3.0,5.0,2.0,3.0,3.0,3.0,29.0,20.0,3.0,0.0,6.0,0.0,6.0,1.0,1.0,24.0,16.0,5.0,0.0,6.0,6.0,2.0,0.0,3.0,3.0,24.0,13.0,5.0,0.0,6.0,6.0,3.0,1.0,0.0,0.0,0.0,21.0,17.0,4.0,0.0,0.0,0.0,0.0,0.0,0.0,23.0,7.0,2.0,0.0,6.0,0.0,6.0,5.0,1.0,0.0,0.0,16.0,16.0,2.0,0.0,6.0,6.0,0.0,1.0,0.0,0.0,0.0,18.0,10.0,1.0,0.0,0.0,0.0,3.0,2.0,18.0,12.0,1.0,3.0,3.0,0.0,2.0,0.0,0.0,0.0,8.0,0.0,4.0,0.0,2.0,0.0,3.0,0.0,2.0,0.0,2.0,1.0,1.0,3.0,3.0,1.0,10.0,1.0,4.0,0.0,0.0,0.0,0.0,0.0,0.0,0.0,0.0,0.0,0.0,0.0,0.0,0.0,0.0,0.0,0.0,0.0,0.0,0.0,0.0,0.0,6.0,2.0,1.0,8.0,0.0,0.0,2.0,3.0,1.0,2.0,2.0,8.0,5.0,0.0,2.0,3.0,2.0,2.0,0.0,3.0,5.0,2.0,2.0,2.0,2.0,0.0,0.0,3.0,0.0,1.0,0.0,0.0,2.0,2.0,18.0,6.0,0.0,20.0,16.0,16.0,8.0,23.0
CHEMBL4561700,Inhibition,70.9,22.0,17.0,6.0,0.0,0.0,0.0,32.0,14.0,7.0,0.0,0.0,0.0,0.0,5.0,2.0,0.0,0.0,0.0,32.0,18.0,8.0,0.0,0.0,0.0,0.0,1.0,1.0,26.0,15.0,8.0,0.0,0.0,0.0,2.0,1.0,0.0,0.0,26.0,14.0,6.0,0.0,0.0,0.0,2.0,2.0,0.0,0.0,0.0,23.0,18.0,6.0,0.0,0.0,0.0,0.0,1.0,0.0,28.0,9.0,3.0,0.0,0.0,0.0,0.0,3.0,3.0,0.0,0.0,25.0,14.0,6.0,0.0,0.0,0.0,0.0,1.0,0.0,0.0,1.0,26.0,7.0,5.0,0.0,0.0,0.0,3.0,3.0,18.0,14.0,7.0,0.0,0.0,0.0,0.0,0.0,0.0,0.0,11.0,0.0,6.0,1.0,3.0,0.0,5.0,0.0,3.0,1.0,2.0,1.0,2.0,0.0,3.0,2.0,14.0,2.0,7.0,0.0,0.0,0.0,1.0,1.0,0.0,0.0,0.0,0.0,1.0,0.0,0.0,0.0,0.0,0.0,0.0,0.0,0.0,1.0,1.0,1.0,7.0,5.0,4.0,12.0,0.0,0.0,2.0,5.0,3.0,3.0,2.0,9.0,7.0,0.0,2.0,1.0,4.0,3.0,1.0,0.0,5.0,2.0,2.0,2.0,4.0,1.0,1.0,0.0,1.0,1.0,0.0,2.0,2.0,2.0,18.0,6.0,2.0,23.0,21.0,21.0,12.0,23.0
CHEMBL4104658,Inhibition,56.0,23.0,17.0,3.0,0.0,0.0,0.0,38.0,16.0,3.0,0.0,0.0,0.0,0.0,3.0,1.0,0.0,0.0,0.0,40.0,19.0,4.0,0.0,0.0,0.0,0.0,2.0,1.0,37.0,22.0,4.0,0.0,0.0,0.0,2.0,1.0,0.0,0.0,36.0,20.0,4.0,0.0,0.0,0.0,1.0,4.0,0.0,0.0,0.0,33.0,19.0,7.0,0.0,0.0,0.0,5.0,1.0,0.0,33.0,17.0,5.0,0.0,0.0,0.0,0.0,2.0,1.0,0.0,0.0,25.0,20.0,6.0,0.0,0.0,0.0,1.0,3.0,0.0,0.0,0.0,30.0,14.0,6.0,0.0,0.0,0.0,0.0,1.0,32.0,6.0,5.0,0.0,0.0,3.0,0.0,0.0,0.0,0.0,5.0,0.0,3.0,1.0,0.0,0.0,0.0,2.0,0.0,4.0,2.0,1.0,1.0,0.0,2.0,1.0,12.0,1.0,4.0,1.0,0.0,1.0,1.0,1.0,0.0,0.0,0.0,0.0,1.0,0.0,0.0,0.0,0.0,0.0,0.0,0.0,0.0,0.0,0.0,0.0,3.0,1.0,0.0,3.0,0.0,0.0,0.0,0.0,0.0,0.0,0.0,6.0,4.0,0.0,0.0,3.0,0.0,1.0,1.0,0.0,4.0,1.0,1.0,0.0,2.0,0.0,2.0,0.0,1.0,2.0,1.0,0.0,2.0,3.0,21.0,3.0,1.0,20.0,16.0,16.0,10.0,25.0
CHEMBL3593661,Inhibition,39.5,18.0,10.0,2.0,0.0,0.0,1.0,26.0,11.0,3.0,0.0,0.0,0.0,2.0,3.0,2.0,0.0,0.0,0.0,21.0,13.0,5.0,0.0,0.0,0.0,2.0,0.0,1.0,17.0,13.0,4.0,0.0,0.0,0.0,1.0,1.0,0.0,2.0,14.0,11.0,3.0,0.0,0.0,2.0,0.0,1.0,0.0,0.0,1.0,18.0,6.0,3.0,0.0,0.0,1.0,1.0,0.0,0.0,13.0,8.0,6.0,0.0,0.0,0.0,2.0,1.0,0.0,0.0,0.0,12.0,5.0,3.0,0.0,0.0,2.0,1.0,1.0,0.0,0.0,0.0,13.0,5.0,2.0,0.0,0.0,1.0,1.0,1.0,12.0,5.0,3.0,0.0,0.0,1.0,0.0,0.0,1.0,0.0,0.0,0.0,0.0,0.0,0.0,0.0,0.0,0.0,0.0,3.0,1.0,0.0,0.0,0.0,0.0,0.0,5.0,0.0,3.0,0.0,1.0,0.0,0.0,3.0,0.0,0.0,0.0,0.0,0.0,0.0,0.0,0.0,0.0,0.0,0.0,0.0,0.0,0.0,0.0,0.0,0.0,0.0,0.0,0.0,0.0,0.0,0.0,0.0,0.0,0.0,0.0,1.0,0.0,0.0,0.0,1.0,0.0,1.0,0.0,0.0,2.0,0.0,0.0,0.0,1.0,3.0,0.0,0.0,0.0,0.0,0.0,0.0,2.0,4.0,20.0,4.0,2.0,12.0,6.0,6.0,4.0,20.0
CHEMBL3593659,Inhibition,2.5,19.0,10.0,2.0,0.0,3.0,3.0,28.0,11.0,3.0,0.0,3.0,0.0,3.0,3.0,2.0,3.0,3.0,3.0,22.0,15.0,5.0,0.0,6.0,0.0,6.0,0.0,1.0,20.0,13.0,4.0,0.0,3.0,3.0,1.0,1.0,6.0,6.0,15.0,11.0,3.0,0.0,9.0,9.0,0.0,1.0,0.0,0.0,1.0,20.0,6.0,3.0,0.0,3.0,3.0,1.0,0.0,0.0,15.0,8.0,6.0,0.0,6.0,0.0,6.0,1.0,0.0,0.0,0.0,13.0,5.0,3.0,0.0,6.0,6.0,1.0,1.0,0.0,0.0,0.0,13.0,6.0,2.0,0.0,3.0,3.0,1.0,1.0,13.0,5.0,3.0,0.0,0.0,1.0,0.0,3.0,3.0,0.0,0.0,0.0,0.0,0.0,0.0,0.0,0.0,0.0,0.0,3.0,1.0,0.0,0.0,3.0,0.0,0.0,6.0,0.0,3.0,0.0,1.0,0.0,0.0,3.0,0.0,0.0,0.0,0.0,0.0,0.0,0.0,0.0,0.0,0.0,0.0,0.0,0.0,0.0,0.0,0.0,0.0,0.0,0.0,0.0,0.0,0.0,0.0,0.0,0.0,0.0,0.0,1.0,0.0,0.0,0.0,1.0,0.0,1.0,0.0,3.0,2.0,0.0,0.0,0.0,1.0,3.0,0.0,3.0,0.0,0.0,0.0,0.0,2.0,4.0,20.0,4.0,2.0,12.0,6.0,6.0,5.0,21.0
CHEMBL3593321,Inhibition,12.5,18.0,10.0,2.0,0.0,0.0,1.0,26.0,11.0,3.0,0.0,0.0,2.0,2.0,3.0,2.0,0.0,0.0,0.0,21.0,13.0,5.0,0.0,0.0,1.0,1.0,0.0,1.0,17.0,13.0,4.0,0.0,0.0,3.0,1.0,1.0,0.0,0.0,14.0,11.0,3.0,0.0,0.0,1.0,0.0,1.0,0.0,0.0,1.0,18.0,6.0,3.0,0.0,0.0,2.0,1.0,0.0,0.0,13.0,8.0,6.0,0.0,0.0,2.0,2.0,1.0,0.0,0.0,0.0,12.0,5.0,3.0,0.0,0.0,1.0,1.0,1.0,0.0,0.0,0.0,13.0,5.0,2.0,0.0,0.0,0.0,1.0,1.0,12.0,5.0,3.0,0.0,1.0,1.0,0.0,0.0,0.0,0.0,0.0,0.0,0.0,0.0,0.0,0.0,0.0,0.0,0.0,3.0,1.0,0.0,0.0,0.0,0.0,0.0,5.0,0.0,3.0,0.0,1.0,0.0,0.0,3.0,0.0,0.0,0.0,0.0,0.0,0.0,0.0,0.0,0.0,0.0,0.0,0.0,0.0,0.0,0.0,0.0,0.0,0.0,0.0,0.0,0.0,0.0,0.0,0.0,0.0,0.0,0.0,1.0,0.0,0.0,0.0,1.0,0.0,1.0,0.0,0.0,2.0,0.0,0.0,0.0,1.0,3.0,0.0,0.0,0.0,0.0,0.0,0.0,2.0,4.0,20.0,4.0,2.0,12.0,6.0,6.0,4.0,20.0
CHEMBL3593312,Inhibition,65.7,18.0,10.0,2.0,0.0,0.0,0.0,26.0,11.0,3.0,0.0,0.0,0.0,0.0,3.0,2.0,0.0,0.0,0.0,21.0,13.0,5.0,0.0,0.0,0.0,0.0,0.0,1.0,17.0,13.0,4.0,0.0,0.0,0.0,1.0,1.0,0.0,0.0,14.0,11.0,3.0,0.0,0.0,0.0,0.0,1.0,0.0,0.0,1.0,18.0,6.0,3.0,0.0,0.0,0.0,1.0,0.0,0.0,13.0,8.0,6.0,0.0,0.0,0.0,0.0,1.0,0.0,0.0,0.0,12.0,5.0,3.0,0.0,0.0,0.0,1.0,1.0,0.0,0.0,0.0,13.0,5.0,2.0,0.0,0.0,0.0,1.0,1.0,12.0,5.0,3.0,0.0,0.0,1.0,0.0,0.0,0.0,0.0,0.0,0.0,0.0,0.0,0.0,0.0,0.0,0.0,0.0,3.0,1.0,0.0,0.0,0.0,0.0,0.0,5.0,0.0,3.0,0.0,1.0,0.0,0.0,3.0,0.0,0.0,0.0,0.0,0.0,0.0,0.0,0.0,0.0,0.0,0.0,0.0,0.0,0.0,0.0,0.0,0.0,0.0,0.0,0.0,0.0,0.0,0.0,0.0,0.0,0.0,0.0,1.0,0.0,0.0,0.0,1.0,0.0,1.0,0.0,0.0,2.0,0.0,0.0,0.0,1.0,3.0,0.0,0.0,0.0,0.0,0.0,0.0,2.0,4.0,20.0,4.0,2.0,12.0,6.0,6.0,4.0,20.0
CHEMBL4754456,Inhibition,66.7,20.0,13.0,6.0,2.0,0.0,0.0,29.0,14.0,7.0,2.0,0.0,0.0,0.0,2.0,3.0,0.0,0.0,0.0,29.0,12.0,6.0,4.0,0.0,0.0,0.0,1.0,2.0,22.0,14.0,7.0,2.0,0.0,0.0,0.0,1.0,0.0,0.0,20.0,11.0,8.0,3.0,0.0,0.0,1.0,2.0,0.0,0.0,0.0,24.0,8.0,5.0,3.0,0.0,0.0,1.0,1.0,1.0,27.0,8.0,5.0,1.0,0.0,0.0,0.0,1.0,0.0,0.0,0.0,23.0,7.0,5.0,2.0,0.0,0.0,2.0,1.0,0.0,0.0,0.0,16.0,8.0,6.0,3.0,0.0,0.0,2.0,1.0,14.0,11.0,5.0,0.0,0.0,0.0,1.0,0.0,0.0,0.0,6.0,0.0,3.0,0.0,3.0,0.0,3.0,0.0,3.0,1.0,1.0,0.0,0.0,0.0,1.0,2.0,8.0,0.0,3.0,0.0,0.0,0.0,0.0,0.0,0.0,0.0,0.0,0.0,0.0,0.0,0.0,0.0,0.0,0.0,0.0,0.0,0.0,0.0,0.0,0.0,3.0,3.0,3.0,6.0,0.0,0.0,0.0,3.0,5.0,3.0,2.0,4.0,3.0,0.0,0.0,1.0,6.0,4.0,1.0,0.0,3.0,0.0,0.0,3.0,3.0,1.0,0.0,0.0,1.0,1.0,0.0,0.0,2.0,5.0,23.0,7.0,2.0,21.0,13.0,13.0,7.0,22.0
CHEMBL4740352,Inhibition,82.5,20.0,13.0,6.0,2.0,0.0,0.0,29.0,13.0,8.0,2.0,0.0,0.0,0.0,3.0,2.0,0.0,0.0,0.0,29.0,14.0,4.0,4.0,0.0,0.0,0.0,0.0,3.0,22.0,13.0,8.0,2.0,0.0,0.0,1.0,1.0,0.0,0.0,20.0,12.0,7.0,3.0,0.0,0.0,1.0,1.0,0.0,0.0,1.0,24.0,9.0,4.0,2.0,0.0,0.0,1.0,1.0,1.0,27.0,7.0,5.0,2.0,0.0,0.0,0.0,1.0,2.0,0.0,0.0,23.0,7.0,6.0,1.0,0.0,0.0,1.0,1.0,0.0,0.0,0.0,16.0,8.0,6.0,2.0,0.0,0.0,2.0,0.0,14.0,9.0,5.0,0.0,0.0,2.0,1.0,0.0,0.0,0.0,6.0,0.0,3.0,0.0,3.0,0.0,3.0,0.0,3.0,1.0,1.0,0.0,0.0,0.0,1.0,2.0,8.0,0.0,3.0,0.0,0.0,0.0,0.0,0.0,0.0,0.0,0.0,0.0,0.0,0.0,0.0,0.0,0.0,0.0,0.0,0.0,0.0,0.0,0.0,0.0,3.0,3.0,3.0,6.0,0.0,0.0,0.0,3.0,5.0,3.0,2.0,4.0,3.0,0.0,0.0,1.0,6.0,4.0,1.0,0.0,3.0,0.0,0.0,3.0,3.0,1.0,0.0,0.0,1.0,1.0,0.0,0.0,2.0,5.0,23.0,7.0,2.0,21.0,13.0,13.0,7.0,22.0
CHEMBL5081774,Inhibition,-18.0,17.0,9.0,2.0,0.0,1.0,1.0,23.0,17.0,4.0,0.0,2.0,0.0,2.0,1.0,0.0,0.0,0.0,0.0,25.0,15.0,1.0,0.0,1.0,0.0,1.0,2.0,1.0,23.0,17.0,2.0,0.0,1.0,1.0,1.0,1.0,0.0,0.0,23.0,19.0,3.0,0.0,1.0,1.0,0.0,0.0,0.0,0.0,0.0,23.0,11.0,4.0,0.0,1.0,1.0,6.0,1.0,0.0,21.0,8.0,2.0,0.0,2.0,0.0,2.0,3.0,3.0,1.0,1.0,14.0,9.0,1.0,0.0,4.0,4.0,0.0,0.0,0.0,0.0,0.0,2.0,9.0,0.0,0.0,4.0,4.0,0.0,0.0,0.0,0.0,0.0,2.0,2.0,0.0,0.0,3.0,3.0,0.0,2.0,0.0,0.0,0.0,0.0,0.0,0.0,0.0,1.0,2.0,0.0,0.0,0.0,1.0,0.0,1.0,5.0,0.0,3.0,0.0,1.0,0.0,0.0,3.0,0.0,0.0,0.0,0.0,0.0,0.0,0.0,0.0,0.0,0.0,0.0,0.0,0.0,0.0,0.0,0.0,0.0,0.0,0.0,0.0,0.0,0.0,0.0,0.0,0.0,3.0,3.0,0.0,0.0,0.0,0.0,0.0,0.0,2.0,0.0,1.0,0.0,0.0,0.0,0.0,1.0,2.0,0.0,0.0,0.0,0.0,0.0,0.0,4.0,6.0,20.0,7.0,0.0,11.0,8.0,8.0,0.0,17.0
CHEMBL5183704,Inhibition,48.0,24.0,6.0,1.0,0.0,3.0,3.0,33.0,7.0,1.0,0.0,3.0,0.0,3.0,1.0,1.0,3.0,3.0,3.0,30.0,9.0,2.0,0.0,6.0,0.0,6.0,0.0,0.0,25.0,6.0,3.0,0.0,9.0,9.0,0.0,0.0,0.0,0.0,22.0,6.0,4.0,0.0,3.0,3.0,0.0,0.0,3.0,3.0,0.0,21.0,6.0,4.0,0.0,3.0,3.0,0.0,0.0,0.0,20.0,5.0,3.0,0.0,3.0,0.0,3.0,0.0,0.0,0.0,0.0,18.0,5.0,2.0,0.0,3.0,3.0,0.0,0.0,0.0,0.0,0.0,18.0,2.0,1.0,0.0,3.0,3.0,1.0,1.0,16.0,4.0,2.0,6.0,6.0,0.0,0.0,0.0,0.0,0.0,2.0,0.0,1.0,0.0,0.0,0.0,0.0,0.0,0.0,1.0,1.0,1.0,1.0,3.0,0.0,0.0,5.0,1.0,2.0,1.0,0.0,0.0,1.0,1.0,0.0,0.0,0.0,1.0,1.0,0.0,0.0,0.0,0.0,0.0,0.0,0.0,0.0,1.0,0.0,0.0,1.0,0.0,0.0,0.0,0.0,0.0,0.0,0.0,0.0,0.0,0.0,1.0,0.0,0.0,0.0,1.0,0.0,0.0,0.0,3.0,1.0,1.0,0.0,0.0,1.0,1.0,2.0,3.0,0.0,0.0,1.0,0.0,1.0,2.0,21.0,2.0,0.0,7.0,8.0,8.0,6.0,23.0
CHEMBL4544879,Inhibition,48.51,22.0,10.0,0.0,2.0,0.0,1.0,30.0,14.0,0.0,3.0,0.0,0.0,1.0,1.0,0.0,0.0,0.0,0.0,30.0,11.0,0.0,1.0,0.0,0.0,2.0,2.0,0.0,26.0,14.0,0.0,2.0,0.0,1.0,0.0,0.0,0.0,0.0,28.0,15.0,0.0,1.0,0.0,1.0,1.0,0.0,0.0,1.0,0.0,24.0,16.0,0.0,3.0,0.0,2.0,0.0,0.0,0.0,27.0,8.0,0.0,4.0,0.0,0.0,1.0,1.0,0.0,0.0,1.0,27.0,4.0,0.0,3.0,0.0,3.0,2.0,0.0,0.0,0.0,0.0,21.0,8.0,0.0,1.0,0.0,4.0,0.0,0.0,15.0,6.0,0.0,0.0,3.0,1.0,0.0,0.0,0.0,0.0,5.0,0.0,2.0,0.0,0.0,0.0,2.0,2.0,0.0,1.0,1.0,0.0,0.0,0.0,2.0,0.0,6.0,0.0,2.0,0.0,0.0,0.0,0.0,0.0,0.0,0.0,0.0,0.0,0.0,0.0,0.0,0.0,0.0,0.0,0.0,0.0,0.0,0.0,0.0,0.0,4.0,2.0,1.0,6.0,0.0,0.0,0.0,2.0,0.0,0.0,0.0,5.0,4.0,0.0,0.0,2.0,0.0,0.0,0.0,0.0,3.0,0.0,2.0,0.0,0.0,0.0,1.0,0.0,0.0,2.0,0.0,0.0,1.0,3.0,22.0,5.0,0.0,12.0,13.0,13.0,5.0,23.0
CHEMBL4451403,Inhibition,12.24,22.0,10.0,2.0,2.0,0.0,1.0,31.0,14.0,2.0,3.0,0.0,1.0,1.0,1.0,0.0,0.0,0.0,0.0,32.0,11.0,2.0,1.0,0.0,2.0,2.0,2.0,0.0,28.0,14.0,1.0,2.0,0.0,1.0,0.0,0.0,0.0,0.0,29.0,15.0,1.0,1.0,0.0,1.0,1.0,0.0,0.0,1.0,0.0,25.0,16.0,1.0,3.0,0.0,2.0,0.0,0.0,0.0,28.0,8.0,2.0,4.0,0.0,1.0,1.0,1.0,0.0,0.0,1.0,29.0,4.0,1.0,3.0,0.0,3.0,2.0,3.0,0.0,0.0,0.0,22.0,11.0,2.0,1.0,0.0,4.0,0.0,0.0,17.0,6.0,4.0,0.0,3.0,1.0,0.0,0.0,0.0,0.0,5.0,0.0,2.0,0.0,0.0,0.0,2.0,2.0,0.0,2.0,1.0,0.0,0.0,0.0,2.0,1.0,7.0,0.0,2.0,0.0,0.0,0.0,0.0,0.0,0.0,0.0,0.0,0.0,0.0,0.0,0.0,0.0,0.0,0.0,0.0,0.0,0.0,0.0,0.0,0.0,4.0,2.0,1.0,6.0,0.0,0.0,0.0,2.0,0.0,0.0,0.0,5.0,4.0,0.0,0.0,2.0,0.0,1.0,1.0,0.0,3.0,0.0,2.0,0.0,1.0,0.0,1.0,0.0,1.0,2.0,0.0,0.0,1.0,3.0,22.0,5.0,0.0,14.0,14.0,14.0,6.0,23.0
CHEMBL4211763,Inhibition,91.0,26.0,6.0,7.0,0.0,0.0,0.0,36.0,10.0,6.0,0.0,0.0,0.0,0.0,0.0,2.0,0.0,0.0,0.0,35.0,9.0,13.0,0.0,0.0,0.0,0.0,0.0,2.0,29.0,9.0,16.0,0.0,0.0,0.0,1.0,1.0,0.0,0.0,30.0,8.0,15.0,0.0,0.0,0.0,1.0,1.0,0.0,0.0,2.0,30.0,9.0,19.0,0.0,0.0,0.0,0.0,2.0,0.0,27.0,8.0,16.0,0.0,0.0,0.0,0.0,0.0,2.0,0.0,0.0,27.0,4.0,8.0,0.0,0.0,0.0,1.0,4.0,0.0,0.0,1.0,22.0,6.0,11.0,0.0,0.0,0.0,0.0,0.0,18.0,5.0,12.0,0.0,0.0,0.0,0.0,0.0,0.0,1.0,1.0,1.0,0.0,0.0,0.0,0.0,0.0,0.0,0.0,3.0,2.0,2.0,4.0,0.0,0.0,1.0,11.0,4.0,3.0,1.0,0.0,1.0,2.0,1.0,0.0,0.0,0.0,1.0,2.0,0.0,0.0,0.0,0.0,0.0,0.0,0.0,0.0,0.0,0.0,1.0,3.0,0.0,0.0,2.0,0.0,0.0,2.0,0.0,0.0,1.0,0.0,3.0,1.0,1.0,1.0,1.0,1.0,3.0,0.0,0.0,2.0,2.0,0.0,1.0,6.0,2.0,1.0,0.0,0.0,0.0,4.0,6.0,0.0,1.0,17.0,2.0,9.0,13.0,14.0,14.0,9.0,26.0
CHEMBL4209328,Inhibition,73.0,30.0,8.0,11.0,0.0,0.0,0.0,41.0,13.0,9.0,0.0,0.0,0.0,0.0,0.0,3.0,0.0,0.0,0.0,41.0,12.0,17.0,0.0,0.0,0.0,0.0,0.0,4.0,35.0,13.0,22.0,0.0,0.0,0.0,1.0,1.0,0.0,0.0,39.0,10.0,20.0,0.0,0.0,0.0,1.0,3.0,0.0,0.0,4.0,40.0,12.0,25.0,0.0,0.0,0.0,1.0,1.0,4.0,38.0,9.0,25.0,0.0,0.0,0.0,0.0,0.0,3.0,0.0,0.0,39.0,7.0,16.0,0.0,0.0,0.0,2.0,3.0,0.0,0.0,1.0,32.0,10.0,18.0,0.0,0.0,0.0,0.0,2.0,27.0,11.0,17.0,0.0,0.0,0.0,0.0,0.0,0.0,2.0,3.0,2.0,1.0,0.0,0.0,0.0,0.0,0.0,0.0,4.0,3.0,3.0,6.0,0.0,0.0,2.0,17.0,6.0,7.0,1.0,0.0,1.0,4.0,4.0,0.0,0.0,1.0,3.0,2.0,2.0,1.0,0.0,0.0,0.0,0.0,1.0,2.0,1.0,0.0,3.0,5.0,0.0,0.0,4.0,0.0,0.0,4.0,0.0,0.0,3.0,2.0,5.0,2.0,2.0,2.0,1.0,2.0,5.0,0.0,0.0,3.0,3.0,0.0,2.0,9.0,2.0,3.0,0.0,0.0,0.0,6.0,6.0,0.0,1.0,17.0,2.0,9.0,19.0,21.0,21.0,16.0,30.0
CHEMBL32147,Inhibition,39.5,16.0,0.0,2.0,0.0,0.0,0.0,19.0,0.0,4.0,0.0,0.0,0.0,0.0,0.0,0.0,0.0,0.0,0.0,16.0,0.0,6.0,0.0,0.0,0.0,0.0,0.0,0.0,11.0,0.0,5.0,0.0,0.0,0.0,0.0,0.0,0.0,0.0,10.0,0.0,4.0,0.0,0.0,0.0,0.0,0.0,0.0,0.0,0.0,10.0,0.0,3.0,0.0,0.0,0.0,0.0,0.0,0.0,10.0,0.0,3.0,0.0,0.0,0.0,0.0,0.0,0.0,0.0,0.0,8.0,0.0,2.0,0.0,0.0,0.0,0.0,0.0,0.0,0.0,0.0,4.0,0.0,1.0,0.0,0.0,0.0,0.0,0.0,1.0,0.0,0.0,0.0,0.0,0.0,0.0,0.0,0.0,0.0,0.0,0.0,0.0,0.0,0.0,0.0,0.0,0.0,0.0,0.0,0.0,0.0,1.0,0.0,0.0,0.0,3.0,1.0,1.0,0.0,0.0,1.0,1.0,0.0,0.0,0.0,0.0,0.0,1.0,0.0,0.0,0.0,0.0,0.0,0.0,0.0,0.0,0.0,0.0,0.0,0.0,0.0,0.0,0.0,0.0,0.0,0.0,0.0,0.0,0.0,0.0,0.0,0.0,0.0,0.0,0.0,0.0,0.0,0.0,0.0,0.0,0.0,0.0,0.0,2.0,0.0,0.0,0.0,0.0,0.0,0.0,3.0,0.0,0.0,12.0,0.0,5.0,2.0,3.0,3.0,3.0,15.0
CHEMBL5273112,Inhibition,10.72,24.0,2.0,10.0,0.0,0.0,0.0,34.0,3.0,13.0,0.0,0.0,0.0,0.0,0.0,1.0,0.0,0.0,0.0,34.0,4.0,18.0,0.0,0.0,0.0,0.0,0.0,0.0,30.0,3.0,19.0,0.0,0.0,0.0,0.0,0.0,0.0,0.0,30.0,3.0,18.0,0.0,0.0,0.0,0.0,0.0,0.0,0.0,2.0,30.0,1.0,10.0,0.0,0.0,0.0,0.0,1.0,2.0,26.0,2.0,12.0,0.0,0.0,0.0,0.0,0.0,0.0,0.0,0.0,23.0,2.0,10.0,0.0,0.0,0.0,0.0,1.0,0.0,0.0,1.0,20.0,2.0,11.0,0.0,0.0,0.0,0.0,0.0,19.0,1.0,6.0,0.0,0.0,0.0,2.0,0.0,0.0,0.0,0.0,0.0,0.0,0.0,0.0,0.0,0.0,0.0,0.0,4.0,1.0,1.0,2.0,0.0,0.0,3.0,8.0,2.0,1.0,0.0,0.0,0.0,1.0,0.0,0.0,0.0,0.0,0.0,1.0,0.0,0.0,0.0,0.0,0.0,0.0,0.0,0.0,0.0,0.0,0.0,0.0,0.0,0.0,0.0,0.0,0.0,0.0,0.0,0.0,0.0,0.0,1.0,0.0,0.0,0.0,1.0,0.0,4.0,3.0,0.0,1.0,1.0,0.0,0.0,6.0,1.0,0.0,0.0,3.0,0.0,1.0,2.0,0.0,0.0,18.0,1.0,7.0,12.0,7.0,7.0,7.0,22.0
CHEMBL4870763,Inhibition,39.0,21.0,8.0,4.0,2.0,4.0,4.0,26.0,10.0,6.0,3.0,5.0,0.0,5.0,0.0,2.0,3.0,3.0,3.0,27.0,6.0,8.0,3.0,2.0,0.0,2.0,2.0,2.0,24.0,9.0,8.0,2.0,7.0,7.0,0.0,1.0,0.0,0.0,26.0,9.0,6.0,2.0,7.0,7.0,0.0,2.0,0.0,0.0,1.0,23.0,9.0,6.0,2.0,7.0,7.0,0.0,0.0,0.0,20.0,8.0,4.0,2.0,11.0,0.0,11.0,0.0,0.0,1.0,1.0,19.0,5.0,4.0,1.0,10.0,10.0,0.0,1.0,1.0,1.0,0.0,16.0,3.0,5.0,0.0,7.0,7.0,1.0,0.0,12.0,3.0,5.0,5.0,5.0,1.0,1.0,0.0,0.0,0.0,0.0,0.0,0.0,0.0,0.0,0.0,0.0,0.0,0.0,1.0,2.0,2.0,2.0,4.0,0.0,1.0,4.0,2.0,0.0,0.0,0.0,0.0,0.0,0.0,0.0,0.0,0.0,0.0,0.0,0.0,0.0,0.0,0.0,0.0,0.0,0.0,0.0,0.0,0.0,0.0,0.0,0.0,0.0,0.0,0.0,0.0,0.0,0.0,0.0,0.0,0.0,3.0,1.0,0.0,1.0,1.0,0.0,0.0,0.0,4.0,2.0,2.0,0.0,0.0,3.0,0.0,0.0,3.0,0.0,0.0,2.0,2.0,2.0,3.0,23.0,3.0,4.0,14.0,4.0,4.0,8.0,25.0
CHEMBL5189396,Inhibition,13.24,26.0,9.0,9.0,0.0,3.0,4.0,35.0,11.0,11.0,0.0,3.0,2.0,5.0,1.0,2.0,3.0,3.0,3.0,38.0,9.0,10.0,0.0,6.0,3.0,9.0,0.0,3.0,29.0,10.0,15.0,0.0,6.0,7.0,0.0,1.0,0.0,0.0,30.0,9.0,13.0,0.0,3.0,3.0,0.0,2.0,3.0,4.0,0.0,32.0,10.0,8.0,0.0,3.0,4.0,0.0,1.0,2.0,36.0,5.0,6.0,0.0,0.0,0.0,0.0,1.0,1.0,3.0,4.0,32.0,7.0,10.0,0.0,3.0,4.0,1.0,0.0,0.0,0.0,0.0,24.0,9.0,11.0,0.0,6.0,8.0,0.0,0.0,22.0,4.0,9.0,6.0,8.0,1.0,3.0,0.0,0.0,0.0,6.0,0.0,3.0,0.0,3.0,0.0,3.0,0.0,3.0,2.0,1.0,0.0,0.0,3.0,1.0,4.0,10.0,0.0,3.0,0.0,0.0,0.0,0.0,0.0,0.0,0.0,0.0,0.0,0.0,0.0,0.0,0.0,0.0,0.0,0.0,0.0,0.0,0.0,0.0,0.0,3.0,3.0,3.0,6.0,0.0,0.0,0.0,3.0,5.0,3.0,2.0,4.0,3.0,0.0,0.0,1.0,6.0,5.0,2.0,3.0,3.0,0.0,0.0,3.0,5.0,1.0,0.0,3.0,2.0,1.0,0.0,0.0,1.0,1.0,22.0,3.0,2.0,18.0,14.0,14.0,11.0,25.0
CHEMBL2425652,Inhibition,92.0,14.0,10.0,0.0,0.0,0.0,0.0,17.0,14.0,0.0,0.0,0.0,0.0,0.0,5.0,0.0,0.0,0.0,0.0,12.0,21.0,0.0,0.0,0.0,0.0,0.0,1.0,0.0,10.0,16.0,0.0,0.0,0.0,0.0,3.0,0.0,0.0,0.0,13.0,11.0,0.0,0.0,0.0,0.0,3.0,0.0,0.0,0.0,0.0,12.0,11.0,0.0,0.0,0.0,0.0,2.0,0.0,0.0,10.0,9.0,0.0,0.0,0.0,0.0,0.0,2.0,0.0,0.0,0.0,9.0,9.0,0.0,0.0,0.0,0.0,0.0,0.0,0.0,0.0,0.0,10.0,4.0,0.0,0.0,0.0,0.0,1.0,0.0,8.0,2.0,0.0,0.0,0.0,1.0,0.0,0.0,0.0,2.0,4.0,4.0,2.0,0.0,0.0,0.0,0.0,0.0,0.0,0.0,1.0,0.0,0.0,0.0,0.0,0.0,6.0,0.0,6.0,0.0,0.0,0.0,0.0,6.0,0.0,0.0,4.0,0.0,0.0,6.0,6.0,1.0,0.0,0.0,4.0,4.0,0.0,4.0,0.0,0.0,4.0,0.0,0.0,0.0,0.0,0.0,0.0,0.0,0.0,0.0,0.0,2.0,0.0,0.0,0.0,0.0,0.0,0.0,0.0,0.0,2.0,0.0,0.0,0.0,0.0,0.0,4.0,0.0,0.0,0.0,0.0,0.0,4.0,5.0,15.0,5.0,0.0,10.0,9.0,9.0,2.0,14.0
CHEMBL4283823,Inhibition,6.9,15.0,8.0,3.0,0.0,0.0,0.0,20.0,7.0,3.0,0.0,0.0,0.0,0.0,3.0,1.0,0.0,0.0,0.0,16.0,12.0,5.0,0.0,0.0,0.0,0.0,0.0,0.0,14.0,6.0,4.0,0.0,0.0,0.0,3.0,1.0,0.0,0.0,14.0,9.0,3.0,0.0,0.0,0.0,0.0,1.0,0.0,0.0,0.0,13.0,10.0,1.0,0.0,0.0,0.0,0.0,2.0,0.0,11.0,9.0,2.0,0.0,0.0,0.0,0.0,0.0,1.0,0.0,0.0,9.0,7.0,4.0,0.0,0.0,0.0,0.0,0.0,0.0,0.0,0.0,11.0,2.0,2.0,0.0,0.0,0.0,0.0,2.0,10.0,2.0,2.0,0.0,0.0,0.0,0.0,0.0,0.0,0.0,0.0,0.0,0.0,0.0,0.0,0.0,0.0,0.0,0.0,1.0,2.0,1.0,1.0,0.0,0.0,1.0,2.0,1.0,0.0,0.0,0.0,0.0,0.0,0.0,0.0,0.0,0.0,0.0,0.0,0.0,0.0,0.0,0.0,0.0,0.0,0.0,0.0,0.0,0.0,0.0,0.0,0.0,0.0,0.0,0.0,0.0,0.0,0.0,0.0,0.0,0.0,1.0,0.0,0.0,0.0,0.0,0.0,1.0,1.0,0.0,2.0,1.0,0.0,0.0,2.0,0.0,0.0,0.0,1.0,0.0,1.0,2.0,2.0,2.0,18.0,2.0,2.0,11.0,5.0,5.0,6.0,19.0
CHEMBL5270178,Inhibition,4.4,19.0,8.0,4.0,0.0,0.0,0.0,28.0,9.0,4.0,0.0,0.0,0.0,0.0,0.0,2.0,0.0,0.0,0.0,30.0,6.0,7.0,0.0,0.0,0.0,0.0,1.0,2.0,25.0,10.0,9.0,0.0,0.0,0.0,0.0,0.0,0.0,0.0,29.0,6.0,4.0,0.0,0.0,0.0,0.0,0.0,0.0,0.0,1.0,24.0,5.0,6.0,0.0,0.0,0.0,0.0,0.0,0.0,17.0,5.0,6.0,0.0,0.0,0.0,0.0,0.0,0.0,0.0,0.0,16.0,3.0,4.0,0.0,0.0,0.0,1.0,1.0,0.0,0.0,0.0,12.0,5.0,5.0,0.0,0.0,0.0,1.0,1.0,12.0,5.0,3.0,0.0,0.0,0.0,1.0,0.0,0.0,0.0,5.0,0.0,2.0,0.0,2.0,0.0,1.0,0.0,2.0,1.0,0.0,0.0,1.0,0.0,1.0,1.0,12.0,2.0,4.0,0.0,0.0,2.0,0.0,0.0,0.0,0.0,0.0,0.0,0.0,0.0,0.0,0.0,0.0,0.0,0.0,0.0,0.0,0.0,0.0,0.0,3.0,2.0,1.0,5.0,0.0,0.0,2.0,1.0,1.0,2.0,2.0,5.0,4.0,0.0,2.0,0.0,4.0,2.0,0.0,0.0,2.0,1.0,0.0,2.0,3.0,1.0,0.0,0.0,0.0,1.0,1.0,4.0,0.0,1.0,11.0,4.0,11.0,12.0,12.0,12.0,5.0,18.0
CHEMBL166031,Inhibition,98.6,16.0,7.0,4.0,0.0,0.0,0.0,21.0,7.0,7.0,0.0,0.0,0.0,0.0,2.0,2.0,0.0,0.0,0.0,16.0,8.0,9.0,0.0,0.0,0.0,0.0,0.0,1.0,15.0,8.0,5.0,0.0,0.0,0.0,1.0,2.0,0.0,0.0,14.0,8.0,3.0,0.0,0.0,0.0,0.0,2.0,0.0,0.0,1.0,14.0,7.0,4.0,0.0,0.0,0.0,0.0,0.0,0.0,9.0,9.0,5.0,0.0,0.0,0.0,0.0,0.0,1.0,0.0,0.0,10.0,5.0,4.0,0.0,0.0,0.0,0.0,0.0,0.0,0.0,0.0,12.0,2.0,4.0,0.0,0.0,0.0,1.0,1.0,10.0,4.0,3.0,0.0,0.0,0.0,0.0,0.0,0.0,0.0,0.0,0.0,0.0,0.0,0.0,0.0,0.0,0.0,0.0,3.0,1.0,0.0,0.0,0.0,0.0,1.0,5.0,0.0,3.0,0.0,1.0,0.0,0.0,3.0,0.0,0.0,0.0,0.0,0.0,0.0,0.0,0.0,0.0,0.0,0.0,0.0,0.0,0.0,0.0,0.0,0.0,0.0,0.0,0.0,0.0,0.0,0.0,0.0,0.0,0.0,0.0,1.0,0.0,0.0,0.0,1.0,0.0,1.0,0.0,0.0,2.0,0.0,0.0,0.0,2.0,3.0,0.0,0.0,0.0,0.0,0.0,0.0,2.0,3.0,17.0,3.0,2.0,11.0,6.0,6.0,6.0,17.0
CHEMBL5270672,Inhibition,50.77,18.0,9.0,3.0,0.0,1.0,1.0,20.0,16.0,4.0,0.0,2.0,0.0,2.0,2.0,1.0,0.0,0.0,0.0,23.0,12.0,7.0,0.0,2.0,0.0,2.0,3.0,2.0,27.0,11.0,7.0,0.0,2.0,2.0,2.0,3.0,0.0,0.0,27.0,18.0,5.0,0.0,1.0,1.0,1.0,0.0,1.0,1.0,1.0,31.0,17.0,4.0,0.0,3.0,3.0,1.0,3.0,0.0,27.0,9.0,5.0,0.0,2.0,0.0,2.0,0.0,1.0,1.0,1.0,14.0,5.0,3.0,0.0,3.0,3.0,0.0,0.0,2.0,2.0,0.0,3.0,2.0,2.0,0.0,3.0,3.0,0.0,0.0,0.0,1.0,0.0,1.0,1.0,0.0,0.0,1.0,1.0,1.0,3.0,1.0,0.0,0.0,0.0,0.0,0.0,0.0,1.0,1.0,2.0,1.0,1.0,1.0,0.0,1.0,8.0,1.0,6.0,0.0,2.0,0.0,0.0,4.0,0.0,0.0,1.0,0.0,1.0,1.0,0.0,0.0,0.0,0.0,0.0,0.0,1.0,2.0,0.0,2.0,4.0,0.0,0.0,3.0,0.0,0.0,3.0,0.0,0.0,1.0,0.0,3.0,1.0,3.0,1.0,0.0,1.0,1.0,1.0,1.0,2.0,1.0,0.0,1.0,2.0,1.0,2.0,0.0,1.0,0.0,1.0,0.0,2.0,3.0,15.0,6.0,2.0,12.0,12.0,12.0,1.0,20.0
CHEMBL4171939,Inhibition,37.0,18.0,16.0,3.0,0.0,0.0,0.0,29.0,15.0,3.0,0.0,0.0,0.0,0.0,4.0,1.0,0.0,0.0,0.0,27.0,17.0,4.0,0.0,0.0,0.0,0.0,4.0,1.0,21.0,15.0,2.0,0.0,0.0,0.0,2.0,4.0,0.0,0.0,22.0,14.0,4.0,0.0,0.0,0.0,1.0,1.0,0.0,0.0,0.0,18.0,16.0,5.0,0.0,0.0,0.0,0.0,0.0,0.0,19.0,10.0,3.0,0.0,0.0,0.0,0.0,1.0,2.0,0.0,0.0,14.0,13.0,4.0,0.0,0.0,0.0,0.0,0.0,0.0,0.0,0.0,16.0,6.0,1.0,0.0,0.0,0.0,2.0,1.0,14.0,9.0,2.0,0.0,0.0,1.0,0.0,0.0,0.0,0.0,6.0,0.0,2.0,0.0,0.0,0.0,4.0,2.0,0.0,2.0,1.0,0.0,0.0,0.0,2.0,1.0,10.0,1.0,2.0,0.0,0.0,0.0,0.0,0.0,0.0,0.0,0.0,0.0,0.0,0.0,0.0,0.0,0.0,0.0,0.0,0.0,0.0,0.0,0.0,0.0,4.0,4.0,2.0,8.0,0.0,0.0,0.0,2.0,0.0,0.0,0.0,9.0,6.0,0.0,0.0,0.0,0.0,1.0,1.0,0.0,5.0,0.0,2.0,0.0,2.0,0.0,0.0,0.0,1.0,2.0,0.0,0.0,2.0,2.0,16.0,6.0,5.0,19.0,14.0,14.0,5.0,18.0
CHEMBL5087055,Inhibition,25.0,15.0,17.0,2.0,0.0,0.0,0.0,24.0,20.0,2.0,0.0,0.0,0.0,0.0,6.0,0.0,0.0,0.0,0.0,21.0,29.0,0.0,0.0,0.0,0.0,0.0,2.0,1.0,26.0,20.0,1.0,0.0,0.0,0.0,8.0,1.0,0.0,0.0,24.0,17.0,3.0,0.0,0.0,0.0,9.0,0.0,0.0,0.0,0.0,14.0,23.0,0.0,0.0,0.0,0.0,1.0,1.0,0.0,14.0,17.0,1.0,0.0,0.0,0.0,0.0,5.0,0.0,0.0,0.0,12.0,16.0,0.0,0.0,0.0,0.0,0.0,2.0,0.0,0.0,0.0,15.0,9.0,2.0,0.0,0.0,0.0,2.0,0.0,16.0,8.0,1.0,0.0,0.0,2.0,2.0,0.0,0.0,2.0,6.0,3.0,3.0,1.0,1.0,0.0,0.0,0.0,2.0,3.0,1.0,0.0,0.0,0.0,1.0,1.0,12.0,0.0,7.0,0.0,0.0,0.0,0.0,5.0,0.0,0.0,1.0,0.0,0.0,3.0,1.0,0.0,0.0,0.0,1.0,1.0,1.0,2.0,0.0,2.0,3.0,0.0,0.0,3.0,0.0,0.0,0.0,2.0,0.0,2.0,2.0,2.0,1.0,1.0,0.0,0.0,0.0,2.0,0.0,0.0,4.0,0.0,0.0,0.0,1.0,2.0,3.0,0.0,0.0,0.0,0.0,0.0,3.0,5.0,14.0,7.0,0.0,19.0,17.0,17.0,4.0,15.0
CHEMBL4752104,Inhibition,29.0,27.0,15.0,7.0,2.0,0.0,0.0,38.0,16.0,9.0,2.0,0.0,0.0,0.0,3.0,3.0,0.0,0.0,0.0,37.0,18.0,7.0,4.0,0.0,0.0,0.0,0.0,3.0,29.0,16.0,12.0,2.0,0.0,0.0,1.0,1.0,0.0,0.0,29.0,14.0,10.0,3.0,0.0,0.0,0.0,2.0,0.0,0.0,1.0,35.0,9.0,5.0,3.0,0.0,0.0,2.0,2.0,1.0,36.0,10.0,7.0,1.0,0.0,0.0,0.0,1.0,0.0,0.0,0.0,31.0,8.0,6.0,2.0,0.0,0.0,2.0,3.0,0.0,0.0,1.0,23.0,13.0,8.0,3.0,0.0,0.0,1.0,1.0,21.0,15.0,8.0,0.0,0.0,1.0,1.0,0.0,0.0,0.0,6.0,0.0,3.0,0.0,3.0,0.0,3.0,0.0,3.0,1.0,3.0,3.0,2.0,0.0,1.0,2.0,9.0,2.0,3.0,0.0,0.0,0.0,0.0,0.0,0.0,0.0,0.0,0.0,0.0,0.0,0.0,0.0,0.0,0.0,0.0,0.0,0.0,0.0,0.0,0.0,3.0,3.0,3.0,6.0,0.0,0.0,0.0,3.0,5.0,3.0,2.0,6.0,3.0,0.0,0.0,2.0,6.0,3.0,1.0,0.0,4.0,3.0,0.0,3.0,4.0,1.0,0.0,0.0,1.0,1.0,1.0,2.0,2.0,5.0,29.0,7.0,2.0,24.0,16.0,16.0,11.0,31.0
CHEMBL5202188,Inhibition,28.39,26.0,9.0,9.0,0.0,4.0,4.0,35.0,11.0,11.0,0.0,5.0,0.0,5.0,1.0,2.0,3.0,3.0,3.0,38.0,9.0,10.0,0.0,9.0,0.0,9.0,0.0,3.0,29.0,10.0,15.0,0.0,7.0,7.0,0.0,1.0,0.0,0.0,30.0,9.0,13.0,0.0,3.0,3.0,0.0,2.0,4.0,4.0,0.0,32.0,10.0,8.0,0.0,4.0,4.0,0.0,1.0,2.0,36.0,5.0,6.0,0.0,0.0,0.0,0.0,1.0,1.0,4.0,4.0,32.0,7.0,10.0,0.0,4.0,4.0,1.0,0.0,0.0,0.0,0.0,24.0,9.0,11.0,0.0,8.0,8.0,0.0,0.0,22.0,4.0,9.0,8.0,8.0,1.0,3.0,0.0,0.0,0.0,6.0,0.0,3.0,0.0,3.0,0.0,3.0,0.0,3.0,2.0,1.0,0.0,0.0,4.0,1.0,4.0,10.0,0.0,3.0,0.0,0.0,0.0,0.0,0.0,0.0,0.0,0.0,0.0,0.0,0.0,0.0,0.0,0.0,0.0,0.0,0.0,0.0,0.0,0.0,0.0,3.0,3.0,3.0,6.0,0.0,0.0,0.0,3.0,5.0,3.0,2.0,4.0,3.0,0.0,0.0,1.0,6.0,5.0,2.0,4.0,3.0,0.0,0.0,3.0,5.0,1.0,0.0,3.0,2.0,1.0,0.0,0.0,1.0,1.0,22.0,3.0,2.0,18.0,14.0,14.0,11.0,25.0
CHEMBL5174740,Inhibition,20.5,27.0,9.0,9.0,0.0,6.0,6.0,37.0,11.0,11.0,0.0,6.0,0.0,6.0,1.0,2.0,6.0,6.0,6.0,40.0,9.0,10.0,0.0,12.0,0.0,12.0,0.0,3.0,31.0,11.0,15.0,0.0,12.0,12.0,0.0,1.0,0.0,0.0,31.0,9.0,13.0,0.0,12.0,12.0,0.0,2.0,6.0,6.0,0.0,32.0,11.0,9.0,0.0,6.0,6.0,0.0,1.0,2.0,37.0,5.0,6.0,0.0,0.0,0.0,0.0,1.0,1.0,6.0,6.0,34.0,7.0,10.0,0.0,6.0,6.0,1.0,0.0,0.0,0.0,0.0,26.0,9.0,11.0,0.0,12.0,12.0,0.0,0.0,23.0,4.0,9.0,12.0,12.0,1.0,3.0,0.0,0.0,0.0,6.0,0.0,3.0,0.0,3.0,0.0,3.0,0.0,3.0,2.0,2.0,2.0,1.0,6.0,1.0,4.0,11.0,1.0,3.0,0.0,0.0,0.0,0.0,0.0,0.0,0.0,0.0,0.0,0.0,0.0,0.0,0.0,0.0,0.0,0.0,0.0,0.0,0.0,0.0,0.0,3.0,3.0,3.0,6.0,0.0,0.0,0.0,3.0,5.0,3.0,2.0,5.0,3.0,0.0,0.0,2.0,6.0,4.0,2.0,6.0,3.0,2.0,0.0,3.0,5.0,1.0,0.0,6.0,2.0,1.0,0.0,0.0,1.0,1.0,22.0,3.0,0.0,18.0,15.0,15.0,13.0,27.0
CHEMBL5207391,Inhibition,6.0,23.0,8.0,3.0,0.0,0.0,0.0,29.0,12.0,4.0,0.0,0.0,0.0,0.0,1.0,3.0,0.0,0.0,0.0,30.0,12.0,5.0,0.0,0.0,0.0,0.0,1.0,1.0,27.0,10.0,9.0,0.0,0.0,0.0,1.0,0.0,0.0,0.0,24.0,11.0,9.0,0.0,0.0,0.0,0.0,0.0,0.0,0.0,0.0,19.0,11.0,5.0,0.0,0.0,0.0,0.0,0.0,0.0,17.0,6.0,3.0,0.0,0.0,0.0,0.0,1.0,1.0,0.0,0.0,16.0,3.0,4.0,0.0,0.0,0.0,3.0,1.0,0.0,0.0,0.0,14.0,6.0,5.0,0.0,0.0,0.0,0.0,1.0,14.0,6.0,4.0,0.0,0.0,0.0,3.0,0.0,0.0,0.0,1.0,0.0,0.0,0.0,0.0,0.0,0.0,0.0,0.0,1.0,2.0,2.0,2.0,0.0,0.0,0.0,6.0,2.0,2.0,2.0,0.0,1.0,2.0,0.0,0.0,0.0,0.0,0.0,1.0,0.0,0.0,0.0,0.0,0.0,0.0,0.0,0.0,0.0,0.0,0.0,2.0,0.0,0.0,0.0,0.0,0.0,0.0,0.0,0.0,0.0,0.0,2.0,0.0,0.0,0.0,2.0,0.0,0.0,0.0,0.0,3.0,2.0,0.0,0.0,2.0,1.0,1.0,0.0,0.0,0.0,2.0,0.0,2.0,3.0,21.0,3.0,1.0,11.0,9.0,9.0,7.0,23.0
CHEMBL5271697,Inhibition,4.5,13.0,12.0,1.0,0.0,0.0,0.0,17.0,13.0,1.0,0.0,0.0,0.0,0.0,5.0,1.0,0.0,0.0,0.0,15.0,16.0,2.0,0.0,0.0,0.0,0.0,2.0,1.0,14.0,14.0,2.0,0.0,0.0,0.0,4.0,1.0,0.0,0.0,16.0,16.0,1.0,0.0,0.0,0.0,2.0,1.0,0.0,0.0,0.0,17.0,15.0,3.0,0.0,0.0,0.0,2.0,0.0,0.0,17.0,12.0,3.0,0.0,0.0,0.0,0.0,4.0,1.0,0.0,0.0,9.0,14.0,3.0,0.0,0.0,0.0,0.0,0.0,0.0,0.0,0.0,2.0,0.0,0.0,0.0,0.0,0.0,1.0,2.0,0.0,0.0,0.0,0.0,0.0,0.0,0.0,0.0,0.0,0.0,2.0,0.0,1.0,0.0,0.0,1.0,0.0,0.0,0.0,0.0,3.0,1.0,1.0,0.0,0.0,0.0,3.0,1.0,1.0,0.0,0.0,0.0,0.0,0.0,0.0,0.0,0.0,0.0,1.0,0.0,0.0,0.0,0.0,0.0,0.0,0.0,0.0,0.0,0.0,0.0,1.0,0.0,0.0,1.0,0.0,0.0,1.0,0.0,0.0,0.0,0.0,2.0,1.0,0.0,1.0,0.0,0.0,0.0,0.0,0.0,3.0,1.0,0.0,0.0,1.0,0.0,1.0,0.0,0.0,0.0,1.0,1.0,3.0,4.0,17.0,4.0,2.0,13.0,10.0,10.0,0.0,18.0
CHEMBL3353187,Inhibition,99.6,15.0,10.0,6.0,0.0,0.0,0.0,18.0,18.0,6.0,0.0,0.0,0.0,0.0,0.0,3.0,0.0,0.0,0.0,19.0,11.0,7.0,0.0,0.0,0.0,0.0,4.0,2.0,18.0,11.0,6.0,0.0,0.0,0.0,2.0,4.0,0.0,0.0,17.0,10.0,7.0,0.0,0.0,0.0,1.0,4.0,0.0,0.0,0.0,13.0,12.0,10.0,0.0,0.0,0.0,2.0,1.0,1.0,11.0,9.0,9.0,0.0,0.0,0.0,0.0,1.0,4.0,0.0,0.0,12.0,6.0,6.0,0.0,0.0,0.0,1.0,3.0,0.0,0.0,2.0,12.0,8.0,4.0,0.0,0.0,0.0,0.0,0.0,10.0,8.0,5.0,0.0,0.0,0.0,1.0,0.0,0.0,1.0,4.0,2.0,2.0,0.0,2.0,0.0,0.0,0.0,2.0,1.0,1.0,1.0,2.0,0.0,0.0,1.0,8.0,2.0,4.0,0.0,0.0,0.0,0.0,3.0,0.0,0.0,0.0,0.0,0.0,2.0,1.0,0.0,0.0,0.0,0.0,0.0,2.0,0.0,0.0,2.0,0.0,0.0,0.0,0.0,0.0,0.0,0.0,0.0,0.0,2.0,2.0,2.0,0.0,0.0,0.0,0.0,0.0,2.0,0.0,0.0,2.0,2.0,0.0,0.0,3.0,1.0,2.0,0.0,0.0,0.0,2.0,1.0,3.0,5.0,16.0,6.0,4.0,16.0,11.0,11.0,5.0,16.0
CHEMBL5268484,Inhibition,6.0,20.0,8.0,8.0,0.0,0.0,0.0,31.0,10.0,8.0,0.0,0.0,0.0,0.0,0.0,2.0,0.0,0.0,0.0,36.0,6.0,13.0,0.0,0.0,0.0,0.0,1.0,2.0,33.0,10.0,15.0,0.0,0.0,0.0,0.0,1.0,0.0,0.0,37.0,8.0,12.0,0.0,0.0,0.0,0.0,2.0,0.0,0.0,3.0,33.0,7.0,18.0,0.0,0.0,0.0,0.0,2.0,0.0,30.0,7.0,13.0,0.0,0.0,0.0,0.0,0.0,1.0,0.0,0.0,25.0,4.0,9.0,0.0,0.0,0.0,1.0,1.0,0.0,0.0,2.0,17.0,5.0,9.0,0.0,0.0,0.0,1.0,1.0,14.0,6.0,5.0,0.0,0.0,0.0,1.0,0.0,0.0,0.0,5.0,0.0,2.0,0.0,2.0,0.0,1.0,0.0,2.0,4.0,0.0,0.0,1.0,0.0,1.0,3.0,15.0,2.0,4.0,0.0,0.0,2.0,0.0,0.0,0.0,0.0,0.0,0.0,0.0,0.0,0.0,0.0,0.0,0.0,0.0,0.0,0.0,0.0,0.0,0.0,3.0,2.0,1.0,5.0,0.0,0.0,2.0,1.0,1.0,2.0,2.0,5.0,4.0,0.0,2.0,0.0,4.0,4.0,2.0,0.0,2.0,1.0,0.0,2.0,5.0,2.0,0.0,0.0,2.0,1.0,1.0,4.0,0.0,1.0,11.0,4.0,11.0,16.0,15.0,15.0,7.0,18.0
CHEMBL4849505,Inhibition,31.0,22.0,13.0,1.0,0.0,2.0,2.0,33.0,18.0,1.0,0.0,4.0,0.0,4.0,1.0,1.0,0.0,0.0,0.0,33.0,15.0,3.0,0.0,4.0,0.0,4.0,3.0,0.0,26.0,13.0,3.0,0.0,4.0,4.0,2.0,1.0,0.0,0.0,27.0,14.0,3.0,0.0,0.0,0.0,0.0,1.0,2.0,2.0,0.0,29.0,11.0,1.0,0.0,4.0,4.0,1.0,2.0,0.0,21.0,15.0,5.0,0.0,8.0,0.0,8.0,0.0,0.0,0.0,0.0,17.0,12.0,3.0,0.0,2.0,2.0,1.0,0.0,2.0,2.0,0.0,18.0,7.0,2.0,0.0,0.0,0.0,2.0,1.0,18.0,7.0,3.0,2.0,2.0,1.0,0.0,0.0,0.0,0.0,6.0,0.0,2.0,0.0,0.0,0.0,3.0,2.0,0.0,3.0,1.0,1.0,1.0,2.0,3.0,0.0,11.0,1.0,4.0,0.0,0.0,0.0,0.0,1.0,0.0,0.0,0.0,0.0,0.0,0.0,0.0,0.0,0.0,0.0,0.0,0.0,0.0,0.0,0.0,0.0,6.0,4.0,1.0,10.0,0.0,0.0,0.0,2.0,0.0,0.0,0.0,9.0,7.0,2.0,0.0,2.0,0.0,0.0,0.0,2.0,4.0,1.0,2.0,0.0,1.0,2.0,0.0,0.0,0.0,3.0,1.0,2.0,1.0,2.0,17.0,5.0,2.0,14.0,17.0,17.0,6.0,22.0
CHEMBL5201248,Inhibition,18.0,25.0,7.0,0.0,0.0,0.0,0.0,33.0,14.0,0.0,0.0,0.0,0.0,0.0,0.0,0.0,0.0,0.0,0.0,33.0,15.0,0.0,0.0,0.0,0.0,0.0,0.0,0.0,28.0,15.0,0.0,0.0,0.0,0.0,0.0,0.0,0.0,0.0,29.0,8.0,0.0,0.0,0.0,0.0,3.0,0.0,0.0,0.0,0.0,27.0,10.0,0.0,0.0,0.0,0.0,1.0,0.0,0.0,23.0,9.0,0.0,0.0,0.0,0.0,0.0,1.0,0.0,0.0,0.0,20.0,9.0,0.0,0.0,0.0,0.0,1.0,0.0,0.0,0.0,0.0,18.0,9.0,0.0,0.0,0.0,0.0,0.0,0.0,17.0,6.0,0.0,0.0,0.0,0.0,0.0,0.0,0.0,1.0,3.0,1.0,2.0,1.0,0.0,0.0,0.0,0.0,0.0,1.0,1.0,0.0,0.0,0.0,0.0,0.0,6.0,0.0,3.0,0.0,0.0,0.0,0.0,2.0,0.0,0.0,0.0,0.0,2.0,1.0,0.0,0.0,0.0,0.0,0.0,1.0,0.0,1.0,0.0,0.0,1.0,0.0,0.0,0.0,0.0,0.0,0.0,0.0,0.0,0.0,0.0,1.0,0.0,0.0,0.0,1.0,0.0,0.0,0.0,0.0,2.0,0.0,0.0,0.0,0.0,1.0,3.0,0.0,0.0,0.0,0.0,0.0,2.0,3.0,21.0,3.0,0.0,7.0,10.0,10.0,2.0,21.0
CHEMBL5180688,Inhibition,65.0,23.0,8.0,3.0,0.0,0.0,0.0,29.0,12.0,4.0,0.0,0.0,0.0,0.0,1.0,3.0,0.0,0.0,0.0,30.0,12.0,5.0,0.0,0.0,0.0,0.0,1.0,1.0,27.0,11.0,9.0,0.0,0.0,0.0,1.0,0.0,0.0,0.0,25.0,11.0,9.0,0.0,0.0,0.0,0.0,0.0,0.0,0.0,0.0,20.0,10.0,6.0,0.0,0.0,0.0,1.0,1.0,0.0,17.0,8.0,4.0,0.0,0.0,0.0,0.0,0.0,0.0,0.0,0.0,16.0,4.0,3.0,0.0,0.0,0.0,3.0,2.0,0.0,0.0,1.0,15.0,6.0,6.0,0.0,0.0,0.0,0.0,0.0,16.0,4.0,4.0,0.0,0.0,0.0,3.0,0.0,0.0,0.0,1.0,0.0,0.0,0.0,0.0,0.0,0.0,0.0,0.0,1.0,2.0,2.0,2.0,0.0,0.0,0.0,6.0,2.0,2.0,2.0,0.0,1.0,2.0,0.0,0.0,0.0,0.0,0.0,1.0,0.0,0.0,0.0,0.0,0.0,0.0,0.0,0.0,0.0,0.0,0.0,2.0,0.0,0.0,0.0,0.0,0.0,0.0,0.0,0.0,0.0,0.0,2.0,0.0,0.0,0.0,2.0,0.0,0.0,0.0,0.0,3.0,2.0,0.0,0.0,2.0,1.0,1.0,0.0,0.0,0.0,2.0,0.0,2.0,3.0,21.0,3.0,1.0,11.0,9.0,9.0,7.0,23.0
CHEMBL5079430,Inhibition,22.0,23.0,13.0,4.0,0.0,0.0,0.0,33.0,14.0,6.0,0.0,0.0,0.0,0.0,3.0,2.0,0.0,0.0,0.0,32.0,20.0,8.0,0.0,0.0,0.0,0.0,1.0,1.0,31.0,20.0,6.0,0.0,0.0,0.0,1.0,1.0,0.0,0.0,33.0,12.0,4.0,0.0,0.0,0.0,4.0,2.0,0.0,0.0,0.0,26.0,18.0,7.0,0.0,0.0,0.0,1.0,1.0,0.0,26.0,17.0,5.0,0.0,0.0,0.0,0.0,0.0,3.0,0.0,0.0,25.0,11.0,5.0,0.0,0.0,0.0,3.0,3.0,0.0,0.0,0.0,22.0,10.0,5.0,0.0,0.0,0.0,0.0,0.0,22.0,5.0,6.0,0.0,0.0,2.0,1.0,0.0,0.0,1.0,5.0,0.0,2.0,0.0,0.0,1.0,1.0,0.0,0.0,2.0,2.0,1.0,2.0,0.0,1.0,1.0,13.0,2.0,8.0,1.0,1.0,1.0,1.0,6.0,2.0,1.0,0.0,0.0,0.0,4.0,1.0,0.0,0.0,0.0,1.0,6.0,0.0,4.0,2.0,0.0,4.0,3.0,3.0,7.0,2.0,0.0,3.0,3.0,0.0,2.0,0.0,5.0,4.0,0.0,3.0,0.0,0.0,1.0,1.0,0.0,3.0,2.0,0.0,0.0,3.0,2.0,2.0,0.0,1.0,0.0,2.0,2.0,2.0,3.0,17.0,5.0,3.0,17.0,17.0,17.0,6.0,23.0
CHEMBL5092087,Inhibition,1.9,15.0,17.0,2.0,0.0,0.0,0.0,24.0,20.0,2.0,0.0,0.0,0.0,0.0,6.0,0.0,0.0,0.0,0.0,21.0,29.0,0.0,0.0,0.0,0.0,0.0,2.0,1.0,26.0,20.0,1.0,0.0,0.0,0.0,8.0,1.0,0.0,0.0,24.0,17.0,3.0,0.0,0.0,0.0,9.0,0.0,0.0,0.0,0.0,14.0,23.0,0.0,0.0,0.0,0.0,1.0,1.0,0.0,14.0,17.0,1.0,0.0,0.0,0.0,0.0,5.0,0.0,0.0,0.0,12.0,16.0,0.0,0.0,0.0,0.0,0.0,2.0,0.0,0.0,0.0,15.0,9.0,2.0,0.0,0.0,0.0,2.0,0.0,16.0,8.0,1.0,0.0,0.0,2.0,2.0,0.0,0.0,2.0,6.0,3.0,3.0,1.0,1.0,0.0,0.0,0.0,2.0,3.0,1.0,0.0,0.0,0.0,1.0,1.0,12.0,0.0,7.0,0.0,0.0,0.0,0.0,5.0,0.0,0.0,1.0,0.0,0.0,3.0,1.0,0.0,0.0,0.0,1.0,1.0,1.0,2.0,0.0,2.0,3.0,0.0,0.0,3.0,0.0,0.0,0.0,2.0,0.0,2.0,2.0,2.0,1.0,1.0,0.0,0.0,0.0,2.0,0.0,0.0,4.0,0.0,0.0,0.0,1.0,2.0,3.0,0.0,0.0,0.0,0.0,0.0,3.0,5.0,14.0,7.0,0.0,19.0,17.0,17.0,4.0,15.0
CHEMBL4060201,Inhibition,27.0,13.0,10.0,1.0,0.0,0.0,0.0,17.0,12.0,2.0,0.0,0.0,0.0,0.0,2.0,1.0,0.0,0.0,0.0,14.0,14.0,2.0,0.0,0.0,0.0,0.0,0.0,0.0,16.0,8.0,2.0,0.0,0.0,0.0,3.0,0.0,0.0,0.0,9.0,14.0,2.0,0.0,0.0,0.0,0.0,0.0,0.0,0.0,0.0,9.0,6.0,2.0,0.0,0.0,0.0,4.0,0.0,0.0,9.0,6.0,2.0,0.0,0.0,0.0,0.0,0.0,0.0,0.0,0.0,9.0,4.0,1.0,0.0,0.0,0.0,1.0,1.0,0.0,0.0,0.0,8.0,4.0,1.0,0.0,0.0,0.0,1.0,2.0,6.0,5.0,3.0,0.0,0.0,0.0,1.0,0.0,0.0,0.0,6.0,0.0,5.0,4.0,0.0,0.0,0.0,0.0,0.0,0.0,1.0,1.0,1.0,0.0,0.0,0.0,7.0,1.0,6.0,1.0,0.0,0.0,1.0,5.0,0.0,0.0,0.0,1.0,0.0,4.0,3.0,2.0,1.0,0.0,1.0,1.0,0.0,1.0,0.0,0.0,1.0,0.0,0.0,0.0,0.0,0.0,0.0,0.0,0.0,0.0,0.0,1.0,0.0,0.0,0.0,0.0,0.0,0.0,0.0,0.0,1.0,1.0,0.0,0.0,2.0,0.0,5.0,0.0,0.0,0.0,1.0,0.0,3.0,5.0,14.0,5.0,0.0,11.0,11.0,11.0,8.0,13.0
CHEMBL5282240,Inhibition,15.0,19.0,5.0,4.0,0.0,0.0,0.0,28.0,6.0,6.0,0.0,0.0,0.0,0.0,0.0,1.0,0.0,0.0,0.0,30.0,4.0,8.0,0.0,0.0,0.0,0.0,1.0,1.0,26.0,8.0,10.0,0.0,0.0,0.0,0.0,0.0,0.0,0.0,27.0,5.0,7.0,0.0,0.0,0.0,0.0,1.0,0.0,0.0,1.0,24.0,5.0,8.0,0.0,0.0,0.0,0.0,1.0,0.0,20.0,4.0,5.0,0.0,0.0,0.0,0.0,0.0,0.0,0.0,0.0,15.0,3.0,5.0,0.0,0.0,0.0,0.0,1.0,0.0,0.0,0.0,11.0,2.0,5.0,0.0,0.0,0.0,0.0,1.0,5.0,0.0,3.0,0.0,0.0,0.0,0.0,0.0,0.0,0.0,1.0,0.0,0.0,0.0,0.0,0.0,0.0,0.0,0.0,4.0,0.0,0.0,0.0,0.0,0.0,1.0,11.0,1.0,4.0,0.0,0.0,2.0,0.0,1.0,0.0,0.0,0.0,0.0,2.0,0.0,0.0,0.0,0.0,0.0,0.0,0.0,0.0,0.0,0.0,0.0,1.0,0.0,0.0,1.0,0.0,0.0,0.0,0.0,0.0,2.0,0.0,2.0,1.0,0.0,0.0,0.0,0.0,2.0,1.0,0.0,1.0,0.0,0.0,0.0,3.0,3.0,0.0,0.0,1.0,1.0,0.0,2.0,0.0,1.0,11.0,2.0,9.0,9.0,10.0,10.0,5.0,17.0
CHEMBL5190298,Inhibition,74.0,6.0,11.0,0.0,0.0,0.0,1.0,11.0,8.0,0.0,0.0,0.0,1.0,1.0,4.0,0.0,0.0,0.0,0.0,8.0,11.0,0.0,0.0,0.0,2.0,2.0,2.0,0.0,5.0,12.0,0.0,0.0,0.0,0.0,0.0,0.0,0.0,2.0,9.0,0.0,0.0,0.0,0.0,2.0,4.0,0.0,0.0,0.0,0.0,3.0,6.0,0.0,0.0,0.0,3.0,0.0,0.0,0.0,2.0,2.0,0.0,0.0,0.0,0.0,0.0,0.0,0.0,0.0,2.0,1.0,0.0,0.0,0.0,0.0,1.0,0.0,0.0,0.0,0.0,0.0,0.0,0.0,0.0,0.0,0.0,0.0,0.0,0.0,0.0,0.0,0.0,0.0,0.0,0.0,0.0,0.0,0.0,0.0,0.0,0.0,0.0,0.0,0.0,0.0,0.0,0.0,0.0,0.0,0.0,0.0,0.0,0.0,0.0,0.0,0.0,0.0,0.0,0.0,0.0,0.0,0.0,0.0,0.0,0.0,0.0,0.0,0.0,0.0,0.0,0.0,0.0,0.0,0.0,0.0,0.0,0.0,0.0,0.0,0.0,0.0,0.0,0.0,0.0,0.0,0.0,0.0,0.0,0.0,0.0,0.0,0.0,0.0,0.0,0.0,0.0,0.0,0.0,0.0,0.0,0.0,0.0,0.0,0.0,0.0,0.0,0.0,0.0,0.0,0.0,0.0,4.0,5.0,15.0,5.0,0.0,11.0,0.0,0.0,0.0,11.0
CHEMBL5182176,Inhibition,16.0,22.0,8.0,3.0,0.0,0.0,1.0,28.0,12.0,4.0,0.0,0.0,2.0,2.0,1.0,3.0,0.0,0.0,0.0,28.0,13.0,6.0,0.0,0.0,2.0,2.0,1.0,1.0,26.0,10.0,9.0,0.0,0.0,3.0,1.0,0.0,0.0,0.0,25.0,10.0,8.0,0.0,0.0,1.0,0.0,0.0,0.0,1.0,0.0,20.0,9.0,4.0,0.0,0.0,2.0,1.0,1.0,0.0,14.0,8.0,4.0,0.0,0.0,2.0,2.0,0.0,0.0,0.0,0.0,13.0,4.0,3.0,0.0,0.0,2.0,3.0,2.0,0.0,0.0,1.0,14.0,6.0,6.0,0.0,0.0,1.0,0.0,0.0,17.0,4.0,4.0,0.0,1.0,0.0,3.0,0.0,0.0,0.0,0.0,0.0,0.0,0.0,0.0,0.0,0.0,0.0,0.0,1.0,2.0,2.0,2.0,0.0,0.0,0.0,5.0,2.0,1.0,1.0,0.0,1.0,1.0,0.0,0.0,0.0,0.0,0.0,0.0,0.0,0.0,0.0,0.0,0.0,0.0,0.0,0.0,0.0,0.0,0.0,1.0,0.0,0.0,0.0,0.0,0.0,0.0,0.0,0.0,0.0,0.0,2.0,0.0,0.0,0.0,2.0,0.0,0.0,0.0,0.0,3.0,2.0,0.0,0.0,2.0,1.0,0.0,0.0,0.0,0.0,2.0,2.0,2.0,3.0,21.0,3.0,3.0,11.0,7.0,7.0,6.0,23.0
CHEMBL3236549,Inhibition,-12.0,8.0,9.0,0.0,0.0,0.0,0.0,12.0,8.0,0.0,0.0,0.0,0.0,0.0,4.0,0.0,0.0,0.0,0.0,9.0,11.0,0.0,0.0,0.0,0.0,0.0,1.0,0.0,10.0,7.0,0.0,0.0,0.0,0.0,2.0,0.0,0.0,0.0,6.0,11.0,0.0,0.0,0.0,0.0,1.0,0.0,0.0,0.0,0.0,6.0,6.0,0.0,0.0,0.0,0.0,0.0,0.0,0.0,4.0,1.0,0.0,0.0,0.0,0.0,0.0,2.0,0.0,0.0,0.0,0.0,2.0,0.0,0.0,0.0,0.0,0.0,0.0,0.0,0.0,0.0,0.0,0.0,0.0,0.0,0.0,0.0,0.0,0.0,0.0,0.0,0.0,0.0,0.0,0.0,0.0,0.0,0.0,2.0,3.0,2.0,1.0,0.0,0.0,0.0,1.0,0.0,0.0,2.0,0.0,0.0,0.0,0.0,1.0,0.0,7.0,0.0,5.0,0.0,0.0,0.0,0.0,3.0,0.0,0.0,1.0,0.0,0.0,1.0,0.0,0.0,0.0,0.0,0.0,1.0,0.0,3.0,0.0,0.0,4.0,0.0,0.0,2.0,0.0,0.0,0.0,1.0,0.0,0.0,0.0,3.0,1.0,0.0,0.0,0.0,0.0,0.0,0.0,0.0,3.0,0.0,1.0,0.0,0.0,2.0,1.0,0.0,0.0,0.0,0.0,0.0,2.0,2.0,6.0,3.0,0.0,9.0,10.0,10.0,2.0,7.0
CHEMBL5085118,Inhibition,100.0,22.0,13.0,4.0,0.0,0.0,0.0,34.0,14.0,4.0,0.0,0.0,0.0,0.0,3.0,2.0,0.0,0.0,0.0,31.0,22.0,8.0,0.0,0.0,0.0,0.0,1.0,1.0,29.0,21.0,6.0,0.0,0.0,0.0,1.0,1.0,0.0,0.0,31.0,11.0,4.0,0.0,0.0,0.0,4.0,2.0,0.0,0.0,0.0,25.0,18.0,7.0,0.0,0.0,0.0,1.0,1.0,0.0,31.0,14.0,6.0,0.0,0.0,0.0,0.0,0.0,3.0,0.0,0.0,25.0,11.0,6.0,0.0,0.0,0.0,3.0,3.0,0.0,0.0,0.0,20.0,11.0,5.0,0.0,0.0,0.0,0.0,0.0,21.0,3.0,6.0,0.0,0.0,2.0,1.0,0.0,0.0,0.0,5.0,0.0,2.0,0.0,0.0,1.0,1.0,0.0,0.0,2.0,2.0,1.0,2.0,0.0,1.0,1.0,12.0,2.0,6.0,1.0,1.0,1.0,1.0,5.0,2.0,1.0,0.0,0.0,0.0,4.0,1.0,0.0,0.0,0.0,1.0,6.0,0.0,4.0,2.0,0.0,4.0,3.0,3.0,7.0,2.0,0.0,3.0,3.0,0.0,0.0,0.0,5.0,4.0,0.0,3.0,0.0,0.0,1.0,1.0,0.0,3.0,2.0,0.0,0.0,3.0,1.0,2.0,0.0,1.0,0.0,2.0,2.0,2.0,3.0,17.0,5.0,3.0,17.0,16.0,16.0,5.0,22.0
CHEMBL5186068,Inhibition,24.0,15.0,14.0,3.0,0.0,1.0,1.0,23.0,13.0,5.0,0.0,2.0,0.0,2.0,2.0,1.0,0.0,0.0,0.0,24.0,11.0,4.0,0.0,2.0,0.0,2.0,4.0,2.0,19.0,18.0,6.0,0.0,1.0,1.0,2.0,0.0,0.0,0.0,23.0,14.0,3.0,0.0,1.0,1.0,1.0,2.0,1.0,1.0,0.0,24.0,10.0,3.0,0.0,3.0,3.0,2.0,4.0,0.0,21.0,11.0,6.0,0.0,1.0,0.0,1.0,1.0,1.0,1.0,1.0,17.0,14.0,3.0,0.0,2.0,2.0,0.0,0.0,1.0,1.0,0.0,18.0,7.0,2.0,0.0,3.0,3.0,1.0,1.0,9.0,5.0,3.0,1.0,1.0,2.0,0.0,0.0,0.0,1.0,3.0,0.0,2.0,1.0,0.0,1.0,0.0,1.0,0.0,5.0,2.0,1.0,1.0,1.0,1.0,1.0,10.0,1.0,4.0,0.0,0.0,0.0,0.0,2.0,0.0,0.0,0.0,0.0,0.0,0.0,0.0,0.0,0.0,0.0,0.0,0.0,0.0,2.0,1.0,0.0,2.0,1.0,0.0,3.0,0.0,0.0,1.0,0.0,0.0,2.0,0.0,5.0,4.0,0.0,1.0,0.0,0.0,1.0,1.0,1.0,3.0,1.0,0.0,0.0,2.0,2.0,1.0,0.0,1.0,1.0,1.0,1.0,2.0,3.0,15.0,3.0,2.0,17.0,13.0,13.0,10.0,18.0
