Molecule ChEMBL ID,Standard Type,Standard Value,APC2D1_C_C,APC2D1_C_N,APC2D1_C_O,APC2D1_C_S,APC2D1_C_F,APC2D1_C_X,APC2D2_C_C,APC2D2_C_N,APC2D2_C_O,APC2D2_C_S,APC2D2_C_F,APC2D2_C_Cl,APC2D2_C_X,APC2D2_N_N,APC2D2_N_O,APC2D2_F_F,APC2D2_F_X,APC2D2_X_X,APC2D3_C_C,APC2D3_C_N,APC2D3_C_O,APC2D3_C_S,APC2D3_C_F,APC2D3_C_Cl,APC2D3_C_X,APC2D3_N_N,APC2D3_N_O,APC2D4_C_C,APC2D4_C_N,APC2D4_C_O,APC2D4_C_S,APC2D4_C_F,APC2D4_C_X,APC2D4_N_N,APC2D4_N_O,APC2D4_N_F,APC2D4_N_X,APC2D5_C_C,APC2D5_C_N,APC2D5_C_O,APC2D5_C_S,APC2D5_C_F,APC2D5_C_X,APC2D5_N_N,APC2D5_N_O,APC2D5_N_F,APC2D5_N_X,APC2D5_O_O,APC2D6_C_C,APC2D6_C_N,APC2D6_C_O,APC2D6_C_S,APC2D6_C_F,APC2D6_C_X,APC2D6_N_N,APC2D6_N_O,APC2D6_O_O,APC2D7_C_C,APC2D7_C_N,APC2D7_C_O,APC2D7_C_S,APC2D7_C_F,APC2D7_C_Cl,APC2D7_C_X,APC2D7_N_N,APC2D7_N_O,APC2D7_N_F,APC2D7_N_X,APC2D8_C_C,APC2D8_C_N,APC2D8_C_O,APC2D8_C_S,APC2D8_C_F,APC2D8_C_X,APC2D8_N_N,APC2D8_N_O,APC2D8_N_F,APC2D8_N_X,APC2D8_O_O,APC2D9_C_C,APC2D9_C_N,APC2D9_C_O,APC2D9_C_S,APC2D9_C_F,APC2D9_C_X,APC2D9_N_N,APC2D9_N_O,APC2D10_C_C,APC2D10_C_N,APC2D10_C_O,APC2D10_C_F,APC2D10_C_X,APC2D10_N_N,APC2D10_N_O,APC2D10_N_F,APC2D10_N_X,KRFPC1,KRFPC297,KRFPC298,KRFPC341,KRFPC344,KRFPC444,KRFPC467,KRFPC605,KRFPC608,KRFPC647,KRFPC669,KRFPC677,KRFPC839,KRFPC1193,KRFPC2260,KRFPC2262,KRFPC2547,KRFPC2975,KRFPC3025,KRFPC3224,KRFPC3295,KRFPC3369,KRFPC3440,KRFPC3455,KRFPC3640,KRFPC3659,KRFPC3660,KRFPC3661,KRFPC3671,KRFPC3682,KRFPC3692,KRFPC3706,KRFPC3712,KRFPC3719,KRFPC3722,KRFPC3729,KRFPC3733,KRFPC3737,KRFPC3740,KRFPC3741,KRFPC3744,KRFPC3750,KRFPC3751,KRFPC3752,KRFPC3773,KRFPC3775,KRFPC3777,KRFPC3781,KRFPC3782,KRFPC3786,KRFPC3788,KRFPC3789,KRFPC3882,KRFPC3926,KRFPC3937,KRFPC3942,KRFPC3943,KRFPC3948,KRFPC3956,KRFPC4000,KRFPC4032,KRFPC4080,KRFPC4237,KRFPC4294,KRFPC4295,KRFPC4331,SubFPC1,SubFPC2,SubFPC9,SubFPC18,SubFPC23,SubFPC88,SubFPC137,SubFPC181,SubFPC184,SubFPC274,SubFPC275,SubFPC287,SubFPC295,SubFPC300,SubFPC301,SubFPC302,SubFPC307
CHEMBL2148120,Kd,2.3,24.0,17.0,1.0,2.0,3.0,3.0,34.0,18.0,1.0,1.0,3.0,0.0,3.0,4.0,1.0,3.0,3.0,3.0,32.0,21.0,3.0,3.0,6.0,0.0,6.0,2.0,0.0,30.0,14.0,4.0,3.0,6.0,6.0,5.0,0.0,0.0,0.0,29.0,19.0,4.0,4.0,3.0,3.0,1.0,0.0,3.0,3.0,0.0,31.0,13.0,3.0,3.0,3.0,3.0,4.0,1.0,0.0,26.0,18.0,2.0,4.0,3.0,0.0,3.0,2.0,0.0,0.0,0.0,26.0,14.0,1.0,2.0,6.0,6.0,2.0,0.0,0.0,0.0,0.0,25.0,13.0,1.0,1.0,6.0,6.0,2.0,1.0,24.0,11.0,0.0,6.0,6.0,1.0,1.0,0.0,0.0,0.0,4.0,0.0,2.0,0.0,0.0,2.0,1.0,0.0,0.0,1.0,3.0,1.0,1.0,3.0,1.0,0.0,7.0,1.0,2.0,0.0,0.0,0.0,0.0,0.0,0.0,0.0,0.0,0.0,0.0,0.0,0.0,0.0,0.0,0.0,0.0,0.0,0.0,0.0,0.0,0.0,4.0,0.0,0.0,4.0,0.0,0.0,0.0,2.0,0.0,0.0,0.0,5.0,2.0,0.0,0.0,1.0,0.0,0.0,0.0,3.0,4.0,1.0,2.0,0.0,1.0,1.0,0.0,3.0,0.0,0.0,1.0,2.0,4.0,5.0,27.0,7.0,2.0,20.0,11.0,11.0,7.0,28.0
CHEMBL1236904,Kd,1.2,19.0,19.0,1.0,0.0,0.0,1.0,29.0,23.0,3.0,0.0,0.0,0.0,2.0,2.0,0.0,0.0,0.0,0.0,34.0,15.0,1.0,0.0,0.0,0.0,1.0,5.0,0.0,29.0,18.0,0.0,0.0,0.0,3.0,2.0,1.0,0.0,1.0,26.0,20.0,2.0,0.0,0.0,3.0,0.0,0.0,0.0,1.0,0.0,25.0,13.0,2.0,0.0,0.0,1.0,4.0,0.0,0.0,22.0,14.0,0.0,0.0,0.0,0.0,3.0,2.0,1.0,0.0,0.0,21.0,14.0,1.0,0.0,0.0,3.0,1.0,0.0,0.0,0.0,0.0,20.0,11.0,2.0,0.0,0.0,2.0,4.0,0.0,16.0,16.0,2.0,0.0,1.0,2.0,1.0,0.0,1.0,0.0,9.0,0.0,4.0,0.0,0.0,0.0,6.0,2.0,0.0,2.0,0.0,0.0,0.0,0.0,4.0,0.0,11.0,0.0,4.0,0.0,0.0,0.0,0.0,0.0,0.0,0.0,0.0,0.0,0.0,0.0,0.0,0.0,0.0,0.0,0.0,0.0,0.0,0.0,0.0,0.0,8.0,4.0,2.0,12.0,0.0,0.0,0.0,4.0,0.0,0.0,0.0,10.0,8.0,0.0,0.0,2.0,0.0,0.0,0.0,0.0,4.0,0.0,4.0,0.0,0.0,1.0,0.0,0.0,0.0,4.0,0.0,0.0,3.0,5.0,20.0,9.0,0.0,20.0,18.0,18.0,4.0,20.0
CHEMBL1081166,Kd,510.0,20.0,7.0,3.0,0.0,0.0,0.0,26.0,8.0,4.0,0.0,0.0,0.0,0.0,2.0,3.0,0.0,0.0,0.0,20.0,10.0,7.0,0.0,0.0,0.0,0.0,0.0,1.0,15.0,11.0,8.0,0.0,0.0,0.0,1.0,1.0,0.0,0.0,13.0,9.0,7.0,0.0,0.0,0.0,1.0,1.0,0.0,0.0,1.0,17.0,7.0,5.0,0.0,0.0,0.0,0.0,0.0,0.0,17.0,6.0,5.0,0.0,0.0,0.0,0.0,1.0,2.0,0.0,0.0,17.0,4.0,4.0,0.0,0.0,0.0,0.0,0.0,0.0,0.0,0.0,15.0,4.0,2.0,0.0,0.0,0.0,1.0,1.0,12.0,5.0,2.0,0.0,0.0,0.0,1.0,0.0,0.0,0.0,1.0,0.0,0.0,0.0,0.0,0.0,0.0,0.0,0.0,3.0,2.0,1.0,1.0,0.0,0.0,0.0,7.0,1.0,4.0,1.0,1.0,0.0,1.0,3.0,0.0,0.0,0.0,0.0,1.0,0.0,0.0,0.0,0.0,0.0,0.0,0.0,0.0,0.0,0.0,0.0,1.0,0.0,0.0,0.0,0.0,0.0,0.0,0.0,0.0,0.0,0.0,2.0,0.0,0.0,0.0,2.0,0.0,1.0,0.0,0.0,3.0,1.0,0.0,0.0,2.0,3.0,1.0,0.0,0.0,0.0,1.0,0.0,1.0,2.0,17.0,2.0,2.0,10.0,10.0,10.0,8.0,20.0
CHEMBL1080783,Kd,25.0,17.0,9.0,3.0,0.0,0.0,0.0,23.0,10.0,4.0,0.0,0.0,0.0,0.0,2.0,3.0,0.0,0.0,0.0,17.0,11.0,8.0,0.0,0.0,0.0,0.0,1.0,1.0,13.0,12.0,8.0,0.0,0.0,0.0,1.0,1.0,0.0,0.0,13.0,10.0,5.0,0.0,0.0,0.0,0.0,2.0,0.0,0.0,1.0,17.0,6.0,4.0,0.0,0.0,0.0,1.0,1.0,0.0,12.0,10.0,7.0,0.0,0.0,0.0,0.0,0.0,0.0,0.0,0.0,13.0,4.0,2.0,0.0,0.0,0.0,1.0,2.0,0.0,0.0,1.0,13.0,4.0,3.0,0.0,0.0,0.0,1.0,0.0,10.0,5.0,4.0,0.0,0.0,1.0,1.0,0.0,0.0,0.0,0.0,0.0,0.0,0.0,0.0,0.0,0.0,0.0,0.0,3.0,2.0,1.0,1.0,0.0,0.0,0.0,6.0,1.0,3.0,0.0,1.0,0.0,0.0,3.0,0.0,0.0,0.0,0.0,0.0,0.0,0.0,0.0,0.0,0.0,0.0,0.0,0.0,0.0,0.0,0.0,0.0,0.0,0.0,0.0,0.0,0.0,0.0,0.0,0.0,0.0,0.0,2.0,0.0,0.0,0.0,1.0,0.0,1.0,0.0,0.0,3.0,1.0,0.0,0.0,2.0,3.0,0.0,0.0,0.0,0.0,1.0,2.0,2.0,3.0,17.0,3.0,4.0,12.0,8.0,8.0,7.0,19.0
CHEMBL4798876,Kd,400.0,17.0,7.0,3.0,2.0,0.0,1.0,22.0,7.0,5.0,2.0,0.0,2.0,2.0,2.0,0.0,0.0,0.0,0.0,17.0,10.0,6.0,3.0,0.0,2.0,2.0,0.0,1.0,12.0,9.0,5.0,3.0,0.0,1.0,0.0,0.0,0.0,0.0,16.0,4.0,1.0,3.0,0.0,1.0,0.0,4.0,0.0,0.0,0.0,20.0,4.0,2.0,2.0,0.0,2.0,0.0,1.0,0.0,17.0,6.0,3.0,2.0,0.0,2.0,2.0,0.0,0.0,0.0,0.0,11.0,7.0,4.0,2.0,0.0,1.0,0.0,0.0,0.0,0.0,0.0,7.0,6.0,2.0,0.0,0.0,1.0,0.0,0.0,6.0,4.0,2.0,0.0,0.0,2.0,0.0,0.0,1.0,2.0,5.0,2.0,3.0,2.0,0.0,0.0,0.0,0.0,1.0,0.0,1.0,0.0,0.0,0.0,0.0,1.0,7.0,0.0,6.0,0.0,0.0,0.0,0.0,6.0,0.0,0.0,2.0,0.0,0.0,6.0,6.0,1.0,0.0,0.0,2.0,2.0,2.0,2.0,0.0,2.0,2.0,0.0,0.0,0.0,0.0,0.0,0.0,0.0,0.0,2.0,0.0,1.0,0.0,0.0,0.0,0.0,0.0,2.0,1.0,0.0,2.0,0.0,0.0,1.0,2.0,0.0,4.0,0.0,1.0,0.0,0.0,0.0,2.0,3.0,15.0,3.0,0.0,12.0,12.0,12.0,5.0,15.0
CHEMBL4227505,Kd,8700.0,17.0,8.0,4.0,2.0,0.0,0.0,22.0,8.0,7.0,2.0,0.0,0.0,0.0,1.0,1.0,0.0,0.0,0.0,19.0,9.0,8.0,3.0,0.0,0.0,0.0,1.0,2.0,16.0,9.0,6.0,3.0,0.0,0.0,0.0,1.0,0.0,0.0,19.0,6.0,2.0,3.0,0.0,0.0,0.0,3.0,0.0,0.0,1.0,20.0,5.0,4.0,3.0,0.0,0.0,0.0,1.0,0.0,17.0,7.0,5.0,2.0,0.0,0.0,0.0,0.0,0.0,0.0,0.0,12.0,7.0,6.0,1.0,0.0,0.0,0.0,0.0,0.0,0.0,0.0,9.0,5.0,3.0,0.0,0.0,0.0,1.0,0.0,9.0,2.0,3.0,0.0,0.0,2.0,1.0,0.0,0.0,2.0,4.0,2.0,3.0,2.0,0.0,0.0,0.0,0.0,0.0,1.0,2.0,1.0,1.0,0.0,0.0,1.0,8.0,1.0,6.0,0.0,0.0,0.0,0.0,6.0,0.0,0.0,2.0,0.0,0.0,6.0,6.0,1.0,0.0,0.0,2.0,2.0,2.0,2.0,0.0,2.0,2.0,0.0,0.0,0.0,0.0,0.0,0.0,0.0,0.0,2.0,0.0,3.0,1.0,0.0,1.0,0.0,0.0,1.0,0.0,0.0,2.0,1.0,0.0,1.0,3.0,0.0,4.0,0.0,0.0,0.0,1.0,1.0,2.0,3.0,15.0,3.0,2.0,14.0,11.0,11.0,6.0,17.0
CHEMBL2331570,Kd,6.6,16.0,10.0,3.0,0.0,3.0,3.0,22.0,10.0,3.0,0.0,3.0,0.0,3.0,3.0,3.0,3.0,3.0,3.0,16.0,14.0,7.0,0.0,6.0,0.0,6.0,1.0,0.0,14.0,10.0,5.0,0.0,6.0,6.0,2.0,3.0,0.0,0.0,16.0,9.0,4.0,0.0,3.0,3.0,0.0,1.0,3.0,3.0,0.0,15.0,11.0,4.0,0.0,3.0,3.0,0.0,0.0,0.0,15.0,7.0,0.0,0.0,0.0,0.0,0.0,1.0,1.0,3.0,3.0,11.0,8.0,2.0,0.0,3.0,3.0,0.0,0.0,0.0,0.0,0.0,10.0,1.0,3.0,0.0,6.0,6.0,4.0,1.0,5.0,7.0,5.0,6.0,6.0,0.0,0.0,0.0,0.0,0.0,0.0,0.0,0.0,0.0,0.0,0.0,0.0,0.0,0.0,0.0,1.0,0.0,0.0,3.0,0.0,1.0,2.0,0.0,0.0,0.0,0.0,0.0,0.0,0.0,0.0,0.0,0.0,0.0,0.0,0.0,0.0,0.0,0.0,0.0,0.0,0.0,0.0,0.0,0.0,0.0,0.0,0.0,0.0,0.0,0.0,0.0,0.0,0.0,0.0,0.0,0.0,1.0,0.0,0.0,0.0,1.0,0.0,1.0,0.0,3.0,2.0,0.0,0.0,0.0,2.0,0.0,0.0,3.0,0.0,0.0,0.0,0.0,3.0,4.0,21.0,4.0,2.0,13.0,5.0,5.0,6.0,21.0
CHEMBL1080063,Kd,0.77,22.0,7.0,3.0,2.0,0.0,0.0,30.0,8.0,4.0,4.0,0.0,0.0,0.0,2.0,3.0,0.0,0.0,0.0,24.0,10.0,7.0,2.0,0.0,0.0,0.0,0.0,1.0,19.0,11.0,8.0,2.0,0.0,0.0,1.0,1.0,0.0,0.0,15.0,9.0,7.0,3.0,0.0,0.0,1.0,1.0,0.0,0.0,1.0,18.0,8.0,6.0,2.0,0.0,0.0,0.0,0.0,0.0,18.0,7.0,6.0,1.0,0.0,0.0,0.0,1.0,2.0,0.0,0.0,20.0,4.0,4.0,0.0,0.0,0.0,0.0,0.0,0.0,0.0,0.0,19.0,4.0,2.0,1.0,0.0,0.0,1.0,1.0,15.0,5.0,2.0,0.0,0.0,0.0,1.0,0.0,0.0,0.0,0.0,0.0,0.0,0.0,0.0,0.0,0.0,0.0,0.0,4.0,2.0,1.0,1.0,0.0,0.0,0.0,7.0,1.0,3.0,0.0,1.0,0.0,0.0,3.0,0.0,0.0,0.0,0.0,0.0,0.0,0.0,0.0,0.0,0.0,0.0,0.0,0.0,0.0,0.0,0.0,0.0,0.0,0.0,0.0,0.0,0.0,0.0,0.0,0.0,0.0,0.0,2.0,0.0,0.0,0.0,2.0,0.0,1.0,0.0,0.0,3.0,1.0,0.0,0.0,2.0,4.0,0.0,0.0,0.0,0.0,1.0,1.0,1.0,3.0,20.0,3.0,4.0,12.0,9.0,9.0,7.0,22.0
CHEMBL1080064,Kd,0.74,22.0,9.0,3.0,0.0,0.0,0.0,30.0,11.0,4.0,0.0,0.0,0.0,0.0,2.0,3.0,0.0,0.0,0.0,26.0,12.0,7.0,0.0,0.0,0.0,0.0,1.0,2.0,19.0,15.0,9.0,0.0,0.0,0.0,1.0,1.0,0.0,0.0,15.0,13.0,8.0,0.0,0.0,0.0,1.0,1.0,0.0,0.0,1.0,20.0,9.0,5.0,0.0,0.0,0.0,0.0,0.0,0.0,21.0,7.0,5.0,0.0,0.0,0.0,0.0,1.0,2.0,0.0,0.0,20.0,4.0,4.0,0.0,0.0,0.0,1.0,0.0,0.0,0.0,0.0,16.0,6.0,2.0,0.0,0.0,0.0,1.0,1.0,13.0,6.0,2.0,0.0,0.0,1.0,2.0,0.0,0.0,0.0,0.0,0.0,0.0,0.0,0.0,0.0,0.0,0.0,0.0,3.0,2.0,1.0,1.0,0.0,0.0,0.0,6.0,1.0,3.0,0.0,1.0,0.0,0.0,3.0,0.0,0.0,0.0,0.0,0.0,0.0,0.0,0.0,0.0,0.0,0.0,0.0,0.0,0.0,0.0,0.0,0.0,0.0,0.0,0.0,0.0,0.0,0.0,0.0,0.0,0.0,0.0,2.0,0.0,0.0,0.0,2.0,0.0,1.0,0.0,0.0,3.0,1.0,0.0,0.0,2.0,3.0,0.0,0.0,0.0,0.0,1.0,2.0,2.0,3.0,21.0,3.0,4.0,12.0,8.0,8.0,7.0,23.0
CHEMBL4755663,Kd,82.0,23.0,8.0,1.0,0.0,0.0,0.0,35.0,7.0,1.0,0.0,0.0,0.0,0.0,2.0,1.0,0.0,0.0,0.0,29.0,13.0,3.0,0.0,0.0,0.0,0.0,0.0,0.0,26.0,9.0,3.0,0.0,0.0,0.0,1.0,0.0,0.0,0.0,22.0,7.0,3.0,0.0,0.0,0.0,0.0,0.0,0.0,0.0,0.0,19.0,7.0,3.0,0.0,0.0,0.0,0.0,0.0,0.0,16.0,6.0,4.0,0.0,0.0,0.0,0.0,1.0,0.0,0.0,0.0,15.0,6.0,1.0,0.0,0.0,0.0,0.0,0.0,0.0,0.0,0.0,15.0,2.0,1.0,0.0,0.0,0.0,2.0,1.0,17.0,4.0,3.0,0.0,0.0,0.0,0.0,0.0,0.0,0.0,1.0,0.0,0.0,0.0,0.0,1.0,0.0,0.0,0.0,3.0,1.0,1.0,1.0,0.0,0.0,0.0,6.0,1.0,3.0,0.0,1.0,0.0,0.0,3.0,0.0,0.0,0.0,0.0,3.0,0.0,0.0,0.0,0.0,0.0,0.0,0.0,0.0,0.0,0.0,0.0,0.0,0.0,0.0,0.0,0.0,0.0,0.0,0.0,0.0,0.0,0.0,2.0,1.0,0.0,1.0,0.0,0.0,0.0,0.0,0.0,1.0,1.0,0.0,0.0,1.0,3.0,0.0,0.0,0.0,0.0,1.0,2.0,2.0,3.0,21.0,3.0,2.0,9.0,8.0,8.0,5.0,22.0
CHEMBL1082075,Kd,10.1,17.0,9.0,3.0,0.0,0.0,0.0,23.0,10.0,4.0,0.0,0.0,0.0,0.0,2.0,3.0,0.0,0.0,0.0,17.0,12.0,8.0,0.0,0.0,0.0,0.0,0.0,1.0,13.0,12.0,8.0,0.0,0.0,0.0,1.0,1.0,0.0,0.0,14.0,7.0,5.0,0.0,0.0,0.0,2.0,2.0,0.0,0.0,1.0,17.0,7.0,4.0,0.0,0.0,0.0,0.0,0.0,0.0,13.0,8.0,5.0,0.0,0.0,0.0,0.0,1.0,2.0,0.0,0.0,11.0,7.0,4.0,0.0,0.0,0.0,0.0,0.0,0.0,0.0,0.0,12.0,5.0,2.0,0.0,0.0,0.0,1.0,1.0,11.0,4.0,3.0,0.0,0.0,1.0,1.0,0.0,0.0,0.0,0.0,0.0,0.0,0.0,0.0,0.0,0.0,0.0,0.0,3.0,2.0,1.0,1.0,0.0,0.0,0.0,6.0,1.0,3.0,0.0,1.0,0.0,0.0,3.0,0.0,0.0,0.0,0.0,0.0,0.0,0.0,0.0,0.0,0.0,0.0,0.0,0.0,0.0,0.0,0.0,0.0,0.0,0.0,0.0,0.0,0.0,0.0,0.0,0.0,0.0,0.0,2.0,0.0,0.0,0.0,2.0,0.0,1.0,0.0,0.0,3.0,1.0,0.0,0.0,2.0,3.0,0.0,0.0,0.0,0.0,1.0,2.0,2.0,3.0,17.0,3.0,4.0,12.0,8.0,8.0,7.0,19.0
CHEMBL1079544,Kd,2.5,17.0,9.0,4.0,0.0,0.0,0.0,22.0,11.0,5.0,0.0,0.0,0.0,0.0,2.0,4.0,0.0,0.0,0.0,17.0,11.0,9.0,0.0,0.0,0.0,0.0,1.0,2.0,13.0,12.0,10.0,0.0,0.0,0.0,1.0,1.0,0.0,0.0,12.0,10.0,6.0,0.0,0.0,0.0,1.0,2.0,0.0,0.0,2.0,16.0,8.0,5.0,0.0,0.0,0.0,0.0,0.0,0.0,14.0,7.0,7.0,0.0,0.0,0.0,0.0,1.0,2.0,0.0,0.0,13.0,4.0,6.0,0.0,0.0,0.0,1.0,0.0,0.0,0.0,0.0,12.0,5.0,3.0,0.0,0.0,0.0,1.0,1.0,11.0,4.0,2.0,0.0,0.0,1.0,3.0,0.0,0.0,0.0,0.0,0.0,0.0,0.0,0.0,0.0,0.0,0.0,0.0,3.0,2.0,1.0,1.0,0.0,0.0,0.0,6.0,1.0,3.0,0.0,1.0,0.0,0.0,3.0,0.0,0.0,0.0,0.0,0.0,0.0,0.0,0.0,0.0,0.0,0.0,0.0,0.0,0.0,0.0,0.0,0.0,0.0,0.0,0.0,0.0,0.0,0.0,0.0,0.0,0.0,0.0,2.0,0.0,0.0,0.0,2.0,0.0,1.0,0.0,0.0,3.0,1.0,0.0,0.0,3.0,3.0,0.0,0.0,0.0,0.0,1.0,1.0,2.0,3.0,17.0,3.0,4.0,13.0,9.0,9.0,7.0,19.0
CHEMBL3128043,Kd,1443.0,19.0,16.0,1.0,2.0,0.0,0.0,30.0,19.0,0.0,3.0,0.0,0.0,0.0,4.0,2.0,0.0,0.0,0.0,28.0,21.0,3.0,0.0,0.0,0.0,0.0,3.0,0.0,20.0,25.0,6.0,2.0,0.0,0.0,4.0,0.0,0.0,0.0,26.0,17.0,3.0,2.0,0.0,0.0,3.0,2.0,0.0,0.0,0.0,29.0,16.0,4.0,2.0,0.0,0.0,4.0,2.0,0.0,31.0,20.0,2.0,1.0,0.0,0.0,0.0,1.0,0.0,0.0,0.0,30.0,12.0,1.0,3.0,0.0,0.0,3.0,1.0,0.0,0.0,0.0,20.0,14.0,2.0,0.0,0.0,0.0,2.0,0.0,7.0,15.0,3.0,0.0,0.0,1.0,1.0,0.0,0.0,1.0,2.0,1.0,0.0,0.0,0.0,0.0,0.0,1.0,0.0,5.0,2.0,1.0,1.0,0.0,2.0,0.0,10.0,1.0,3.0,0.0,0.0,0.0,0.0,1.0,0.0,0.0,0.0,0.0,1.0,0.0,0.0,0.0,0.0,0.0,0.0,0.0,0.0,0.0,0.0,0.0,4.0,3.0,0.0,7.0,0.0,0.0,3.0,0.0,0.0,0.0,0.0,8.0,7.0,2.0,3.0,0.0,0.0,0.0,0.0,0.0,4.0,2.0,1.0,0.0,1.0,3.0,0.0,0.0,0.0,1.0,0.0,0.0,3.0,5.0,20.0,6.0,0.0,19.0,16.0,16.0,8.0,23.0
CHEMBL1081169,Kd,0.98,19.0,7.0,3.0,0.0,0.0,0.0,25.0,8.0,4.0,0.0,0.0,0.0,0.0,2.0,3.0,0.0,0.0,0.0,18.0,11.0,8.0,0.0,0.0,0.0,0.0,0.0,1.0,14.0,11.0,8.0,0.0,0.0,0.0,1.0,1.0,0.0,0.0,14.0,8.0,6.0,0.0,0.0,0.0,1.0,1.0,0.0,0.0,1.0,18.0,6.0,4.0,0.0,0.0,0.0,0.0,0.0,0.0,15.0,6.0,5.0,0.0,0.0,0.0,0.0,1.0,2.0,0.0,0.0,13.0,5.0,4.0,0.0,0.0,0.0,0.0,0.0,0.0,0.0,0.0,13.0,4.0,2.0,0.0,0.0,0.0,1.0,1.0,11.0,5.0,3.0,0.0,0.0,0.0,1.0,0.0,0.0,0.0,0.0,0.0,0.0,0.0,0.0,0.0,0.0,0.0,0.0,3.0,2.0,1.0,1.0,0.0,0.0,0.0,6.0,1.0,3.0,0.0,1.0,0.0,0.0,3.0,0.0,0.0,0.0,0.0,0.0,0.0,0.0,0.0,0.0,0.0,0.0,0.0,0.0,0.0,0.0,0.0,0.0,0.0,0.0,0.0,0.0,0.0,0.0,0.0,0.0,0.0,0.0,2.0,0.0,0.0,0.0,2.0,0.0,1.0,0.0,0.0,3.0,1.0,0.0,0.0,2.0,3.0,0.0,0.0,0.0,0.0,1.0,2.0,1.0,2.0,17.0,2.0,4.0,10.0,8.0,8.0,7.0,20.0
CHEMBL1081167,Kd,240.0,17.0,9.0,3.0,0.0,0.0,0.0,23.0,10.0,4.0,0.0,0.0,0.0,0.0,2.0,3.0,0.0,0.0,0.0,17.0,12.0,8.0,0.0,0.0,0.0,0.0,0.0,1.0,13.0,12.0,8.0,0.0,0.0,0.0,1.0,1.0,0.0,0.0,14.0,7.0,5.0,0.0,0.0,0.0,2.0,2.0,0.0,0.0,1.0,17.0,7.0,4.0,0.0,0.0,0.0,0.0,0.0,0.0,13.0,8.0,5.0,0.0,0.0,0.0,0.0,1.0,2.0,0.0,0.0,11.0,7.0,4.0,0.0,0.0,0.0,0.0,0.0,0.0,0.0,0.0,12.0,5.0,2.0,0.0,0.0,0.0,1.0,1.0,11.0,4.0,3.0,0.0,0.0,1.0,1.0,0.0,0.0,1.0,4.0,2.0,2.0,0.0,0.0,2.0,0.0,0.0,0.0,3.0,3.0,1.0,1.0,0.0,0.0,0.0,11.0,1.0,8.0,1.0,2.0,0.0,1.0,8.0,2.0,1.0,0.0,2.0,0.0,4.0,1.0,0.0,0.0,0.0,1.0,6.0,0.0,4.0,0.0,0.0,3.0,0.0,0.0,2.0,0.0,0.0,0.0,1.0,0.0,0.0,0.0,4.0,1.0,0.0,0.0,2.0,0.0,1.0,0.0,0.0,4.0,1.0,0.0,0.0,2.0,3.0,2.0,0.0,0.0,0.0,1.0,0.0,1.0,2.0,11.0,3.0,2.0,12.0,15.0,15.0,7.0,16.0
CHEMBL1080784,Kd,38.4,17.0,9.0,3.0,0.0,0.0,0.0,23.0,10.0,4.0,0.0,0.0,0.0,0.0,2.0,3.0,0.0,0.0,0.0,17.0,12.0,8.0,0.0,0.0,0.0,0.0,0.0,1.0,14.0,10.0,8.0,0.0,0.0,0.0,2.0,1.0,0.0,0.0,13.0,10.0,6.0,0.0,0.0,0.0,0.0,1.0,0.0,0.0,1.0,18.0,5.0,3.0,0.0,0.0,0.0,1.0,2.0,0.0,12.0,10.0,7.0,0.0,0.0,0.0,0.0,0.0,0.0,0.0,0.0,12.0,5.0,2.0,0.0,0.0,0.0,1.0,2.0,0.0,0.0,1.0,12.0,6.0,3.0,0.0,0.0,0.0,0.0,0.0,11.0,3.0,4.0,0.0,0.0,2.0,1.0,0.0,0.0,0.0,0.0,0.0,0.0,0.0,0.0,0.0,0.0,0.0,0.0,3.0,2.0,1.0,1.0,0.0,0.0,0.0,6.0,1.0,3.0,0.0,1.0,0.0,0.0,3.0,0.0,0.0,0.0,0.0,0.0,0.0,0.0,0.0,0.0,0.0,0.0,0.0,0.0,0.0,0.0,0.0,0.0,0.0,0.0,0.0,0.0,0.0,0.0,0.0,0.0,0.0,0.0,2.0,0.0,0.0,0.0,1.0,0.0,1.0,0.0,0.0,3.0,1.0,0.0,0.0,2.0,3.0,0.0,0.0,0.0,0.0,1.0,2.0,2.0,3.0,17.0,3.0,4.0,12.0,8.0,8.0,7.0,19.0
CHEMBL3545137,Kd,50.0,21.0,10.0,2.0,0.0,0.0,0.0,29.0,18.0,2.0,0.0,0.0,0.0,0.0,0.0,2.0,0.0,0.0,0.0,30.0,18.0,4.0,0.0,0.0,0.0,0.0,1.0,2.0,24.0,17.0,8.0,0.0,0.0,0.0,4.0,0.0,0.0,0.0,18.0,21.0,6.0,0.0,0.0,0.0,2.0,2.0,0.0,0.0,0.0,21.0,13.0,5.0,0.0,0.0,0.0,3.0,1.0,0.0,17.0,14.0,5.0,0.0,0.0,0.0,0.0,3.0,1.0,0.0,0.0,19.0,7.0,3.0,0.0,0.0,0.0,3.0,4.0,0.0,0.0,0.0,14.0,10.0,5.0,0.0,0.0,0.0,1.0,0.0,13.0,9.0,2.0,0.0,0.0,0.0,2.0,0.0,0.0,2.0,5.0,2.0,4.0,3.0,0.0,0.0,0.0,0.0,0.0,1.0,1.0,1.0,1.0,0.0,0.0,0.0,9.0,1.0,8.0,1.0,1.0,0.0,1.0,9.0,3.0,3.0,2.0,1.0,0.0,10.0,10.0,5.0,3.0,1.0,4.0,4.0,0.0,3.0,0.0,0.0,3.0,0.0,0.0,0.0,0.0,0.0,0.0,0.0,0.0,0.0,0.0,2.0,0.0,0.0,0.0,1.0,0.0,0.0,0.0,0.0,2.0,1.0,1.0,0.0,2.0,0.0,5.0,0.0,0.0,0.0,1.0,0.0,2.0,5.0,18.0,5.0,0.0,12.0,17.0,17.0,4.0,20.0
CHEMBL3545396,Kd,2011.0,15.0,11.0,3.0,0.0,0.0,0.0,21.0,15.0,4.0,0.0,0.0,0.0,0.0,2.0,0.0,0.0,0.0,0.0,20.0,15.0,3.0,0.0,0.0,0.0,0.0,2.0,2.0,17.0,13.0,3.0,0.0,0.0,0.0,3.0,1.0,0.0,0.0,21.0,9.0,2.0,0.0,0.0,0.0,3.0,0.0,0.0,0.0,0.0,18.0,16.0,3.0,0.0,0.0,0.0,0.0,1.0,0.0,15.0,15.0,4.0,0.0,0.0,0.0,0.0,0.0,2.0,0.0,0.0,13.0,9.0,3.0,0.0,0.0,0.0,1.0,4.0,0.0,0.0,0.0,13.0,2.0,2.0,0.0,0.0,0.0,3.0,1.0,8.0,3.0,4.0,0.0,0.0,0.0,0.0,0.0,0.0,2.0,4.0,2.0,1.0,0.0,0.0,0.0,3.0,0.0,0.0,1.0,1.0,0.0,0.0,0.0,1.0,1.0,7.0,0.0,4.0,0.0,0.0,0.0,0.0,3.0,0.0,0.0,2.0,0.0,0.0,2.0,1.0,0.0,0.0,0.0,1.0,2.0,1.0,4.0,2.0,1.0,4.0,2.0,1.0,4.0,0.0,0.0,0.0,1.0,1.0,2.0,0.0,4.0,3.0,0.0,0.0,0.0,2.0,2.0,1.0,0.0,3.0,0.0,0.0,2.0,2.0,0.0,1.0,0.0,1.0,1.0,0.0,0.0,2.0,3.0,15.0,4.0,0.0,14.0,13.0,13.0,5.0,17.0
CHEMBL274654,Kd,0.8,18.0,4.0,3.0,0.0,0.0,0.0,24.0,7.0,3.0,0.0,0.0,0.0,0.0,0.0,1.0,0.0,0.0,0.0,24.0,6.0,5.0,0.0,0.0,0.0,0.0,0.0,0.0,20.0,5.0,5.0,0.0,0.0,0.0,0.0,0.0,0.0,0.0,17.0,4.0,7.0,0.0,0.0,0.0,1.0,1.0,0.0,0.0,0.0,15.0,5.0,9.0,0.0,0.0,0.0,0.0,2.0,0.0,14.0,3.0,4.0,0.0,0.0,0.0,0.0,0.0,0.0,0.0,0.0,11.0,1.0,3.0,0.0,0.0,0.0,0.0,0.0,0.0,0.0,0.0,6.0,1.0,5.0,0.0,0.0,0.0,0.0,0.0,3.0,0.0,4.0,0.0,0.0,0.0,2.0,0.0,0.0,0.0,2.0,0.0,1.0,0.0,0.0,0.0,0.0,0.0,0.0,2.0,1.0,1.0,2.0,0.0,0.0,0.0,8.0,2.0,3.0,1.0,0.0,1.0,2.0,1.0,0.0,0.0,0.0,1.0,1.0,0.0,0.0,0.0,0.0,0.0,0.0,0.0,0.0,0.0,0.0,1.0,1.0,0.0,0.0,0.0,0.0,0.0,0.0,0.0,0.0,1.0,0.0,1.0,0.0,0.0,0.0,1.0,0.0,1.0,0.0,0.0,1.0,1.0,0.0,0.0,3.0,2.0,2.0,0.0,0.0,0.0,2.0,1.0,0.0,1.0,11.0,2.0,5.0,7.0,11.0,11.0,4.0,16.0
CHEMBL1983111,Kd,37.0,20.0,13.0,2.0,0.0,3.0,3.0,27.0,14.0,2.0,0.0,3.0,0.0,3.0,4.0,2.0,3.0,3.0,3.0,25.0,17.0,3.0,0.0,6.0,0.0,6.0,1.0,1.0,24.0,14.0,6.0,0.0,0.0,0.0,2.0,0.0,9.0,9.0,22.0,16.0,3.0,0.0,6.0,6.0,1.0,1.0,0.0,0.0,1.0,21.0,15.0,4.0,0.0,6.0,6.0,0.0,0.0,0.0,20.0,11.0,4.0,0.0,6.0,0.0,6.0,2.0,1.0,0.0,0.0,20.0,8.0,3.0,0.0,6.0,6.0,1.0,0.0,0.0,0.0,0.0,18.0,7.0,2.0,0.0,6.0,6.0,1.0,2.0,15.0,5.0,2.0,6.0,6.0,2.0,1.0,0.0,0.0,3.0,6.0,3.0,2.0,0.0,0.0,1.0,0.0,0.0,0.0,1.0,3.0,1.0,2.0,3.0,1.0,0.0,13.0,2.0,9.0,2.0,0.0,0.0,2.0,6.0,0.0,0.0,1.0,0.0,2.0,2.0,0.0,0.0,0.0,0.0,0.0,2.0,0.0,4.0,1.0,0.0,7.0,3.0,3.0,8.0,3.0,0.0,3.0,4.0,0.0,0.0,0.0,6.0,4.0,0.0,3.0,0.0,0.0,0.0,0.0,3.0,4.0,2.0,1.0,0.0,2.0,1.0,5.0,3.0,0.0,0.0,2.0,0.0,2.0,2.0,12.0,3.0,0.0,15.0,19.0,19.0,9.0,20.0
CHEMBL3991934,Kd,465.0,22.0,13.0,5.0,0.0,5.0,5.0,33.0,16.0,3.0,0.0,7.0,0.0,7.0,3.0,2.0,3.0,3.0,3.0,36.0,16.0,4.0,0.0,10.0,0.0,10.0,3.0,1.0,29.0,22.0,8.0,0.0,11.0,11.0,2.0,1.0,0.0,0.0,30.0,25.0,8.0,0.0,6.0,6.0,0.0,2.0,5.0,5.0,0.0,31.0,18.0,9.0,0.0,8.0,8.0,2.0,3.0,0.0,31.0,15.0,7.0,0.0,5.0,0.0,5.0,1.0,1.0,6.0,6.0,26.0,9.0,5.0,0.0,9.0,9.0,3.0,1.0,1.0,1.0,1.0,17.0,8.0,7.0,0.0,11.0,11.0,2.0,3.0,15.0,5.0,3.0,9.0,9.0,3.0,4.0,0.0,0.0,0.0,6.0,0.0,2.0,0.0,2.0,0.0,3.0,0.0,3.0,1.0,1.0,0.0,0.0,5.0,1.0,2.0,9.0,0.0,2.0,0.0,0.0,0.0,0.0,0.0,0.0,0.0,0.0,0.0,0.0,0.0,0.0,0.0,0.0,0.0,0.0,0.0,0.0,0.0,0.0,0.0,2.0,2.0,1.0,4.0,0.0,0.0,0.0,1.0,1.0,2.0,2.0,4.0,3.0,0.0,0.0,1.0,4.0,5.0,0.0,5.0,4.0,0.0,0.0,2.0,3.0,0.0,0.0,3.0,0.0,1.0,0.0,0.0,2.0,3.0,21.0,5.0,2.0,18.0,15.0,15.0,8.0,23.0
CHEMBL2029988,Kd,550.0,19.0,9.0,8.0,0.0,3.0,3.0,29.0,8.0,10.0,0.0,3.0,0.0,3.0,3.0,3.0,3.0,3.0,3.0,24.0,13.0,14.0,0.0,9.0,0.0,9.0,0.0,1.0,21.0,13.0,12.0,0.0,3.0,3.0,1.0,4.0,0.0,0.0,21.0,13.0,7.0,0.0,3.0,3.0,0.0,3.0,3.0,3.0,2.0,23.0,10.0,6.0,0.0,0.0,0.0,1.0,2.0,2.0,18.0,13.0,11.0,0.0,3.0,0.0,3.0,0.0,0.0,0.0,0.0,19.0,5.0,8.0,0.0,0.0,0.0,2.0,2.0,3.0,3.0,0.0,18.0,7.0,8.0,0.0,3.0,3.0,0.0,1.0,16.0,5.0,6.0,6.0,6.0,2.0,2.0,0.0,0.0,0.0,0.0,0.0,0.0,0.0,0.0,0.0,0.0,0.0,0.0,4.0,1.0,0.0,0.0,3.0,0.0,3.0,7.0,0.0,3.0,0.0,1.0,0.0,0.0,3.0,0.0,0.0,0.0,0.0,0.0,0.0,0.0,0.0,0.0,0.0,0.0,0.0,0.0,0.0,0.0,0.0,0.0,0.0,0.0,0.0,0.0,0.0,0.0,0.0,0.0,0.0,0.0,1.0,0.0,0.0,0.0,1.0,0.0,3.0,2.0,3.0,2.0,0.0,0.0,0.0,4.0,2.0,0.0,3.0,2.0,0.0,0.0,0.0,3.0,4.0,21.0,4.0,2.0,17.0,7.0,7.0,9.0,21.0
CHEMBL575448,Kd,1798.0,19.0,16.0,1.0,0.0,1.0,1.0,23.0,23.0,1.0,0.0,1.0,0.0,1.0,5.0,1.0,0.0,0.0,0.0,22.0,21.0,3.0,0.0,2.0,0.0,2.0,6.0,1.0,15.0,29.0,5.0,0.0,1.0,1.0,3.0,0.0,0.0,0.0,23.0,20.0,1.0,0.0,0.0,0.0,4.0,3.0,1.0,1.0,0.0,30.0,18.0,2.0,0.0,1.0,1.0,5.0,1.0,0.0,26.0,20.0,2.0,0.0,1.0,0.0,1.0,3.0,1.0,0.0,0.0,19.0,18.0,3.0,0.0,2.0,2.0,2.0,0.0,1.0,1.0,0.0,18.0,15.0,1.0,0.0,3.0,3.0,2.0,1.0,18.0,6.0,1.0,0.0,0.0,2.0,1.0,2.0,2.0,1.0,4.0,0.0,2.0,1.0,0.0,0.0,0.0,0.0,0.0,1.0,2.0,1.0,1.0,1.0,1.0,0.0,9.0,1.0,8.0,1.0,2.0,0.0,1.0,6.0,1.0,0.0,2.0,2.0,0.0,3.0,2.0,0.0,0.0,0.0,3.0,2.0,0.0,4.0,0.0,0.0,5.0,0.0,0.0,4.0,0.0,0.0,0.0,3.0,0.0,0.0,0.0,3.0,1.0,3.0,0.0,0.0,0.0,0.0,0.0,1.0,3.0,1.0,1.0,0.0,1.0,1.0,3.0,0.0,0.0,0.0,1.0,0.0,4.0,6.0,20.0,7.0,0.0,17.0,15.0,15.0,7.0,24.0
CHEMBL4759047,Kd,74.0,17.0,7.0,3.0,2.0,0.0,1.0,22.0,7.0,5.0,2.0,0.0,2.0,2.0,2.0,0.0,0.0,0.0,0.0,17.0,10.0,6.0,3.0,0.0,2.0,2.0,0.0,1.0,12.0,9.0,5.0,3.0,0.0,1.0,0.0,0.0,0.0,0.0,16.0,4.0,1.0,3.0,0.0,1.0,0.0,4.0,0.0,0.0,0.0,20.0,4.0,2.0,2.0,0.0,2.0,0.0,1.0,0.0,17.0,6.0,3.0,2.0,0.0,2.0,2.0,0.0,0.0,0.0,0.0,11.0,7.0,4.0,2.0,0.0,1.0,0.0,0.0,0.0,0.0,0.0,7.0,6.0,2.0,0.0,0.0,1.0,0.0,0.0,6.0,4.0,2.0,0.0,0.0,2.0,0.0,0.0,1.0,2.0,5.0,2.0,3.0,2.0,0.0,0.0,0.0,0.0,1.0,0.0,1.0,0.0,0.0,0.0,0.0,1.0,7.0,0.0,6.0,0.0,0.0,0.0,0.0,6.0,0.0,0.0,2.0,0.0,0.0,6.0,6.0,1.0,0.0,0.0,2.0,2.0,2.0,2.0,0.0,2.0,2.0,0.0,0.0,0.0,0.0,0.0,0.0,0.0,0.0,2.0,0.0,1.0,0.0,0.0,0.0,0.0,0.0,2.0,1.0,0.0,2.0,0.0,0.0,1.0,2.0,0.0,4.0,0.0,1.0,0.0,0.0,0.0,2.0,3.0,15.0,3.0,0.0,12.0,12.0,12.0,5.0,15.0
CHEMBL4763875,Kd,1300.0,17.0,7.0,3.0,2.0,1.0,2.0,22.0,7.0,5.0,2.0,2.0,2.0,4.0,2.0,0.0,0.0,0.0,0.0,17.0,10.0,6.0,3.0,2.0,2.0,4.0,0.0,1.0,12.0,9.0,5.0,3.0,2.0,3.0,0.0,0.0,0.0,0.0,16.0,4.0,1.0,3.0,1.0,2.0,0.0,4.0,1.0,1.0,0.0,20.0,4.0,2.0,2.0,2.0,4.0,0.0,1.0,0.0,17.0,6.0,3.0,2.0,4.0,2.0,6.0,0.0,0.0,0.0,0.0,11.0,7.0,4.0,2.0,4.0,5.0,0.0,0.0,0.0,0.0,0.0,7.0,6.0,2.0,0.0,1.0,2.0,0.0,0.0,6.0,4.0,2.0,0.0,0.0,2.0,0.0,0.0,1.0,2.0,5.0,2.0,3.0,2.0,0.0,0.0,0.0,0.0,1.0,0.0,1.0,0.0,0.0,1.0,0.0,1.0,7.0,0.0,6.0,0.0,0.0,0.0,0.0,6.0,0.0,0.0,2.0,0.0,0.0,6.0,6.0,1.0,0.0,0.0,2.0,2.0,2.0,2.0,0.0,2.0,2.0,0.0,0.0,0.0,0.0,0.0,0.0,0.0,0.0,2.0,0.0,1.0,0.0,0.0,0.0,0.0,0.0,2.0,1.0,1.0,2.0,0.0,0.0,1.0,2.0,0.0,4.0,0.0,1.0,0.0,0.0,0.0,2.0,3.0,15.0,3.0,0.0,12.0,12.0,12.0,5.0,15.0
CHEMBL2203428,Kd,0.9,20.0,15.0,3.0,0.0,0.0,0.0,30.0,16.0,4.0,0.0,0.0,0.0,0.0,2.0,3.0,0.0,0.0,0.0,26.0,14.0,7.0,0.0,0.0,0.0,0.0,2.0,2.0,20.0,15.0,8.0,0.0,0.0,0.0,2.0,1.0,0.0,0.0,20.0,14.0,6.0,0.0,0.0,0.0,1.0,1.0,0.0,0.0,1.0,21.0,14.0,5.0,0.0,0.0,0.0,0.0,0.0,0.0,21.0,8.0,5.0,0.0,0.0,0.0,0.0,3.0,3.0,0.0,0.0,18.0,9.0,6.0,0.0,0.0,0.0,1.0,0.0,0.0,0.0,0.0,17.0,10.0,4.0,0.0,0.0,0.0,1.0,1.0,19.0,6.0,2.0,0.0,0.0,2.0,3.0,0.0,0.0,0.0,5.0,0.0,2.0,0.0,0.0,0.0,4.0,2.0,0.0,4.0,3.0,3.0,2.0,0.0,2.0,0.0,12.0,2.0,5.0,0.0,1.0,0.0,0.0,3.0,0.0,0.0,0.0,0.0,0.0,0.0,0.0,0.0,0.0,0.0,0.0,0.0,0.0,0.0,0.0,0.0,4.0,4.0,2.0,8.0,0.0,0.0,0.0,2.0,0.0,0.0,0.0,9.0,6.0,0.0,0.0,2.0,0.0,0.0,0.0,0.0,5.0,3.0,2.0,0.0,2.0,3.0,0.0,0.0,0.0,2.0,1.0,1.0,2.0,3.0,17.0,5.0,2.0,18.0,18.0,18.0,10.0,22.0
CHEMBL2311806,Kd,1200.0,24.0,15.0,1.0,0.0,0.0,0.0,35.0,15.0,1.0,0.0,0.0,0.0,0.0,4.0,1.0,0.0,0.0,0.0,31.0,21.0,3.0,0.0,0.0,0.0,0.0,0.0,0.0,27.0,19.0,4.0,0.0,0.0,0.0,2.0,0.0,0.0,0.0,30.0,19.0,3.0,0.0,0.0,0.0,1.0,1.0,0.0,0.0,0.0,31.0,13.0,4.0,0.0,0.0,0.0,3.0,1.0,0.0,32.0,9.0,2.0,0.0,0.0,0.0,0.0,2.0,2.0,0.0,0.0,29.0,11.0,3.0,0.0,0.0,0.0,0.0,1.0,0.0,0.0,0.0,24.0,14.0,3.0,0.0,0.0,0.0,1.0,0.0,21.0,14.0,2.0,0.0,0.0,0.0,0.0,0.0,0.0,0.0,0.0,0.0,0.0,0.0,0.0,0.0,0.0,0.0,0.0,3.0,2.0,1.0,1.0,0.0,0.0,0.0,4.0,1.0,0.0,0.0,0.0,0.0,0.0,0.0,0.0,0.0,0.0,0.0,0.0,0.0,0.0,0.0,0.0,0.0,0.0,0.0,0.0,0.0,0.0,0.0,0.0,0.0,0.0,0.0,0.0,0.0,0.0,0.0,0.0,0.0,0.0,1.0,0.0,0.0,0.0,1.0,0.0,0.0,0.0,0.0,2.0,1.0,0.0,0.0,1.0,3.0,0.0,0.0,0.0,0.0,1.0,2.0,4.0,5.0,29.0,5.0,2.0,16.0,7.0,7.0,5.0,28.0
CHEMBL2172308,Kd,42.0,30.0,12.0,3.0,0.0,1.0,1.0,42.0,13.0,5.0,0.0,2.0,0.0,2.0,3.0,2.0,0.0,0.0,0.0,39.0,19.0,8.0,0.0,2.0,0.0,2.0,0.0,0.0,35.0,19.0,8.0,0.0,1.0,1.0,0.0,2.0,0.0,0.0,38.0,17.0,5.0,0.0,1.0,1.0,1.0,1.0,0.0,0.0,0.0,43.0,11.0,5.0,0.0,0.0,0.0,2.0,1.0,0.0,42.0,13.0,7.0,0.0,1.0,0.0,1.0,1.0,0.0,0.0,0.0,43.0,12.0,6.0,0.0,0.0,0.0,2.0,2.0,2.0,2.0,0.0,42.0,11.0,6.0,0.0,3.0,3.0,0.0,1.0,33.0,14.0,6.0,4.0,4.0,0.0,2.0,0.0,0.0,4.0,9.0,6.0,4.0,0.0,0.0,0.0,3.0,0.0,0.0,4.0,2.0,1.0,2.0,1.0,2.0,0.0,21.0,2.0,16.0,1.0,3.0,0.0,1.0,17.0,8.0,6.0,2.0,2.0,0.0,16.0,13.0,3.0,1.0,0.0,11.0,8.0,2.0,6.0,2.0,2.0,7.0,2.0,1.0,9.0,2.0,4.0,2.0,3.0,0.0,3.0,0.0,9.0,5.0,2.0,1.0,3.0,0.0,1.0,0.0,1.0,5.0,2.0,0.0,0.0,3.0,4.0,6.0,0.0,0.0,1.0,2.0,2.0,0.0,0.0,12.0,3.0,5.0,15.0,26.0,26.0,9.0,24.0
CHEMBL2206279,Kd,0.3,25.0,11.0,5.0,0.0,0.0,0.0,33.0,17.0,8.0,0.0,0.0,0.0,0.0,2.0,3.0,0.0,0.0,0.0,31.0,12.0,10.0,0.0,0.0,0.0,0.0,1.0,3.0,28.0,13.0,13.0,0.0,0.0,0.0,1.0,2.0,0.0,0.0,23.0,13.0,7.0,0.0,0.0,0.0,1.0,1.0,0.0,0.0,1.0,29.0,12.0,4.0,0.0,0.0,0.0,0.0,1.0,1.0,22.0,13.0,7.0,0.0,0.0,0.0,0.0,2.0,2.0,0.0,0.0,20.0,7.0,8.0,0.0,0.0,0.0,1.0,0.0,0.0,0.0,0.0,20.0,8.0,6.0,0.0,0.0,0.0,1.0,1.0,19.0,8.0,7.0,0.0,0.0,2.0,3.0,0.0,0.0,1.0,2.0,2.0,0.0,0.0,0.0,0.0,0.0,0.0,0.0,7.0,4.0,3.0,2.0,0.0,0.0,1.0,15.0,2.0,11.0,0.0,3.0,0.0,0.0,12.0,2.0,0.0,4.0,0.0,0.0,6.0,5.0,4.0,4.0,0.0,1.0,2.0,4.0,2.0,0.0,2.0,6.0,0.0,0.0,6.0,0.0,0.0,0.0,9.0,0.0,2.0,0.0,5.0,1.0,6.0,0.0,2.0,0.0,1.0,0.0,0.0,4.0,3.0,0.0,0.0,3.0,7.0,2.0,0.0,1.0,1.0,1.0,1.0,2.0,3.0,17.0,4.0,2.0,16.0,20.0,20.0,10.0,24.0
CHEMBL584710,Kd,1.6,21.0,10.0,4.0,2.0,0.0,0.0,32.0,10.0,5.0,2.0,0.0,0.0,0.0,3.0,2.0,0.0,0.0,0.0,25.0,14.0,9.0,4.0,0.0,0.0,0.0,0.0,1.0,20.0,15.0,8.0,3.0,0.0,0.0,1.0,1.0,0.0,0.0,16.0,14.0,5.0,2.0,0.0,0.0,0.0,1.0,0.0,0.0,1.0,20.0,7.0,5.0,2.0,0.0,0.0,1.0,2.0,0.0,18.0,8.0,8.0,1.0,0.0,0.0,0.0,1.0,2.0,0.0,0.0,19.0,4.0,5.0,0.0,0.0,0.0,1.0,1.0,0.0,0.0,0.0,18.0,5.0,4.0,1.0,0.0,0.0,1.0,1.0,15.0,6.0,6.0,0.0,0.0,1.0,0.0,0.0,0.0,0.0,0.0,0.0,0.0,0.0,0.0,0.0,0.0,0.0,0.0,3.0,2.0,2.0,2.0,0.0,0.0,0.0,6.0,2.0,3.0,0.0,1.0,0.0,0.0,3.0,0.0,0.0,0.0,0.0,0.0,0.0,0.0,0.0,0.0,0.0,0.0,0.0,0.0,0.0,0.0,0.0,0.0,0.0,0.0,0.0,0.0,0.0,0.0,0.0,0.0,0.0,0.0,2.0,0.0,0.0,0.0,1.0,0.0,1.0,0.0,0.0,2.0,2.0,0.0,0.0,3.0,3.0,0.0,0.0,0.0,0.0,1.0,2.0,2.0,5.0,23.0,5.0,2.0,16.0,8.0,8.0,6.0,24.0
CHEMBL2311808,Kd,1400.0,23.0,15.0,1.0,0.0,0.0,0.0,33.0,15.0,1.0,0.0,0.0,0.0,0.0,4.0,1.0,0.0,0.0,0.0,29.0,21.0,3.0,0.0,0.0,0.0,0.0,0.0,0.0,26.0,17.0,4.0,0.0,0.0,0.0,2.0,0.0,0.0,0.0,27.0,19.0,3.0,0.0,0.0,0.0,1.0,1.0,0.0,0.0,0.0,29.0,12.0,3.0,0.0,0.0,0.0,3.0,1.0,0.0,29.0,9.0,2.0,0.0,0.0,0.0,0.0,2.0,2.0,0.0,0.0,27.0,11.0,3.0,0.0,0.0,0.0,0.0,1.0,0.0,0.0,0.0,23.0,13.0,3.0,0.0,0.0,0.0,1.0,0.0,19.0,14.0,2.0,0.0,0.0,0.0,0.0,0.0,0.0,0.0,0.0,0.0,0.0,0.0,0.0,0.0,0.0,0.0,0.0,2.0,2.0,1.0,1.0,0.0,0.0,0.0,3.0,1.0,0.0,0.0,0.0,0.0,0.0,0.0,0.0,0.0,0.0,0.0,0.0,0.0,0.0,0.0,0.0,0.0,0.0,0.0,0.0,0.0,0.0,0.0,0.0,0.0,0.0,0.0,0.0,0.0,0.0,0.0,0.0,0.0,0.0,1.0,0.0,0.0,0.0,1.0,0.0,0.0,0.0,0.0,2.0,1.0,0.0,0.0,1.0,2.0,0.0,0.0,0.0,0.0,1.0,2.0,4.0,5.0,29.0,5.0,2.0,16.0,6.0,6.0,5.0,28.0
CHEMBL4792981,Kd,190.0,22.0,6.0,0.0,0.0,2.0,2.0,26.0,13.0,0.0,0.0,4.0,0.0,4.0,0.0,0.0,0.0,0.0,0.0,25.0,12.0,0.0,0.0,4.0,0.0,4.0,0.0,0.0,21.0,10.0,0.0,0.0,4.0,4.0,0.0,0.0,0.0,0.0,22.0,5.0,0.0,0.0,2.0,2.0,3.0,0.0,2.0,2.0,0.0,22.0,8.0,0.0,0.0,2.0,2.0,1.0,0.0,0.0,21.0,10.0,0.0,0.0,4.0,0.0,4.0,0.0,0.0,0.0,0.0,18.0,7.0,0.0,0.0,4.0,4.0,1.0,0.0,0.0,0.0,0.0,13.0,7.0,0.0,0.0,4.0,4.0,0.0,0.0,10.0,5.0,0.0,2.0,2.0,0.0,0.0,4.0,4.0,1.0,0.0,0.0,0.0,0.0,0.0,0.0,0.0,0.0,0.0,1.0,1.0,0.0,0.0,2.0,0.0,0.0,4.0,0.0,1.0,0.0,0.0,0.0,0.0,0.0,0.0,0.0,0.0,0.0,1.0,0.0,0.0,0.0,0.0,0.0,0.0,0.0,0.0,0.0,0.0,0.0,1.0,0.0,0.0,0.0,0.0,0.0,0.0,0.0,0.0,0.0,0.0,1.0,0.0,0.0,0.0,1.0,0.0,0.0,0.0,2.0,1.0,0.0,0.0,0.0,0.0,1.0,0.0,0.0,0.0,0.0,0.0,0.0,2.0,3.0,21.0,3.0,4.0,6.0,8.0,8.0,5.0,23.0
CHEMBL1079545,Kd,0.74,17.0,9.0,4.0,0.0,0.0,0.0,22.0,11.0,6.0,0.0,0.0,0.0,0.0,2.0,3.0,0.0,0.0,0.0,17.0,11.0,9.0,0.0,0.0,0.0,0.0,1.0,3.0,13.0,12.0,9.0,0.0,0.0,0.0,1.0,2.0,0.0,0.0,12.0,10.0,7.0,0.0,0.0,0.0,1.0,1.0,0.0,0.0,1.0,16.0,8.0,6.0,0.0,0.0,0.0,0.0,0.0,0.0,14.0,7.0,7.0,0.0,0.0,0.0,0.0,1.0,2.0,0.0,0.0,13.0,4.0,5.0,0.0,0.0,0.0,1.0,0.0,0.0,0.0,0.0,12.0,5.0,2.0,0.0,0.0,0.0,1.0,2.0,11.0,4.0,3.0,0.0,0.0,1.0,2.0,0.0,0.0,0.0,0.0,0.0,0.0,0.0,0.0,0.0,0.0,0.0,0.0,3.0,2.0,1.0,1.0,0.0,0.0,0.0,6.0,1.0,3.0,0.0,1.0,0.0,0.0,3.0,0.0,0.0,0.0,0.0,0.0,0.0,0.0,0.0,0.0,0.0,0.0,0.0,0.0,0.0,0.0,0.0,0.0,0.0,0.0,0.0,0.0,0.0,0.0,0.0,0.0,0.0,0.0,2.0,0.0,0.0,0.0,2.0,0.0,1.0,0.0,0.0,3.0,1.0,0.0,0.0,3.0,3.0,0.0,0.0,0.0,0.0,1.0,1.0,2.0,3.0,17.0,3.0,4.0,13.0,9.0,9.0,7.0,19.0
CHEMBL1081510,Kd,7.4,19.0,7.0,3.0,0.0,0.0,0.0,25.0,8.0,4.0,0.0,0.0,0.0,0.0,2.0,3.0,0.0,0.0,0.0,18.0,11.0,8.0,0.0,0.0,0.0,0.0,0.0,1.0,14.0,11.0,8.0,0.0,0.0,0.0,1.0,1.0,0.0,0.0,14.0,9.0,6.0,0.0,0.0,0.0,0.0,1.0,0.0,0.0,1.0,19.0,4.0,4.0,0.0,0.0,0.0,1.0,1.0,0.0,14.0,8.0,7.0,0.0,0.0,0.0,0.0,0.0,0.0,0.0,0.0,14.0,3.0,2.0,0.0,0.0,0.0,1.0,2.0,0.0,0.0,1.0,13.0,5.0,3.0,0.0,0.0,0.0,0.0,0.0,11.0,4.0,4.0,0.0,0.0,1.0,1.0,0.0,0.0,0.0,0.0,0.0,0.0,0.0,0.0,0.0,0.0,0.0,0.0,3.0,2.0,1.0,1.0,0.0,0.0,0.0,6.0,1.0,3.0,0.0,1.0,0.0,0.0,3.0,0.0,0.0,0.0,0.0,0.0,0.0,0.0,0.0,0.0,0.0,0.0,0.0,0.0,0.0,0.0,0.0,0.0,0.0,0.0,0.0,0.0,0.0,0.0,0.0,0.0,0.0,0.0,2.0,0.0,0.0,0.0,2.0,0.0,1.0,0.0,0.0,3.0,1.0,0.0,0.0,2.0,3.0,0.0,0.0,0.0,0.0,1.0,2.0,1.0,2.0,17.0,2.0,4.0,10.0,8.0,8.0,7.0,20.0
CHEMBL575269,Kd,1.5,25.0,13.0,4.0,2.0,0.0,0.0,37.0,13.0,6.0,2.0,0.0,0.0,0.0,3.0,2.0,0.0,0.0,0.0,32.0,15.0,7.0,4.0,0.0,0.0,0.0,0.0,2.0,26.0,16.0,7.0,2.0,0.0,0.0,1.0,1.0,0.0,0.0,21.0,15.0,6.0,3.0,0.0,0.0,0.0,2.0,0.0,0.0,1.0,27.0,9.0,5.0,3.0,0.0,0.0,1.0,1.0,0.0,28.0,11.0,7.0,1.0,0.0,0.0,0.0,1.0,0.0,0.0,0.0,28.0,6.0,4.0,2.0,0.0,0.0,2.0,1.0,0.0,0.0,0.0,24.0,8.0,4.0,3.0,0.0,0.0,2.0,1.0,21.0,11.0,4.0,0.0,0.0,1.0,0.0,0.0,0.0,0.0,7.0,0.0,5.0,3.0,1.0,0.0,3.0,0.0,1.0,3.0,1.0,0.0,0.0,0.0,1.0,1.0,12.0,0.0,8.0,0.0,1.0,0.0,0.0,6.0,0.0,0.0,0.0,0.0,0.0,2.0,1.0,0.0,0.0,0.0,1.0,2.0,0.0,2.0,2.0,0.0,3.0,3.0,3.0,6.0,0.0,0.0,0.0,3.0,2.0,1.0,0.0,4.0,3.0,0.0,0.0,1.0,2.0,2.0,1.0,0.0,3.0,0.0,0.0,1.0,2.0,3.0,3.0,0.0,1.0,1.0,0.0,0.0,2.0,5.0,23.0,6.0,2.0,19.0,15.0,15.0,8.0,23.0
CHEMBL941,Kd,6300.0,24.0,16.0,1.0,0.0,0.0,0.0,36.0,15.0,1.0,0.0,0.0,0.0,0.0,3.0,1.0,0.0,0.0,0.0,33.0,19.0,3.0,0.0,0.0,0.0,0.0,1.0,0.0,26.0,17.0,4.0,0.0,0.0,0.0,2.0,0.0,0.0,0.0,29.0,19.0,3.0,0.0,0.0,0.0,0.0,0.0,0.0,0.0,0.0,33.0,9.0,2.0,0.0,0.0,0.0,4.0,1.0,0.0,30.0,11.0,2.0,0.0,0.0,0.0,0.0,1.0,1.0,0.0,0.0,27.0,12.0,2.0,0.0,0.0,0.0,0.0,2.0,0.0,0.0,0.0,21.0,15.0,4.0,0.0,0.0,0.0,0.0,0.0,22.0,9.0,2.0,0.0,0.0,2.0,1.0,0.0,0.0,0.0,5.0,0.0,2.0,0.0,0.0,0.0,4.0,2.0,0.0,2.0,2.0,1.0,1.0,0.0,2.0,0.0,8.0,1.0,2.0,0.0,0.0,0.0,0.0,0.0,0.0,0.0,0.0,0.0,0.0,0.0,0.0,0.0,0.0,0.0,0.0,0.0,0.0,0.0,0.0,0.0,4.0,4.0,2.0,8.0,0.0,0.0,0.0,2.0,0.0,0.0,0.0,7.0,6.0,0.0,0.0,1.0,0.0,0.0,0.0,0.0,4.0,1.0,2.0,0.0,1.0,1.0,0.0,0.0,0.0,2.0,1.0,2.0,3.0,3.0,24.0,5.0,2.0,17.0,14.0,14.0,7.0,26.0
CHEMBL513909,Kd,3000.0,21.0,17.0,4.0,0.0,0.0,0.0,33.0,17.0,4.0,0.0,0.0,0.0,0.0,4.0,2.0,0.0,0.0,0.0,32.0,21.0,8.0,0.0,0.0,0.0,0.0,3.0,2.0,32.0,20.0,11.0,0.0,0.0,0.0,3.0,0.0,0.0,0.0,36.0,18.0,5.0,0.0,0.0,0.0,1.0,5.0,0.0,0.0,1.0,29.0,19.0,7.0,0.0,0.0,0.0,1.0,2.0,0.0,25.0,16.0,5.0,0.0,0.0,0.0,0.0,0.0,2.0,0.0,0.0,28.0,8.0,5.0,0.0,0.0,0.0,2.0,3.0,0.0,0.0,0.0,27.0,10.0,9.0,0.0,0.0,0.0,0.0,1.0,23.0,7.0,7.0,0.0,0.0,2.0,1.0,0.0,0.0,3.0,9.0,5.0,5.0,1.0,0.0,0.0,1.0,2.0,0.0,4.0,2.0,1.0,2.0,0.0,3.0,1.0,18.0,2.0,12.0,1.0,0.0,0.0,1.0,10.0,0.0,0.0,5.0,1.0,0.0,8.0,2.0,0.0,0.0,0.0,2.0,5.0,0.0,8.0,2.0,0.0,9.0,2.0,1.0,11.0,0.0,0.0,2.0,5.0,0.0,0.0,0.0,9.0,6.0,3.0,2.0,0.0,0.0,1.0,1.0,0.0,5.0,2.0,1.0,0.0,3.0,1.0,7.0,0.0,1.0,1.0,2.0,2.0,2.0,2.0,12.0,5.0,2.0,21.0,23.0,23.0,8.0,20.0
CHEMBL2203427,Kd,0.4,24.0,12.0,3.0,0.0,0.0,0.0,33.0,14.0,4.0,0.0,0.0,0.0,0.0,2.0,3.0,0.0,0.0,0.0,30.0,13.0,7.0,0.0,0.0,0.0,0.0,1.0,2.0,24.0,14.0,8.0,0.0,0.0,0.0,1.0,1.0,0.0,0.0,22.0,13.0,6.0,0.0,0.0,0.0,1.0,1.0,0.0,0.0,1.0,23.0,13.0,5.0,0.0,0.0,0.0,0.0,0.0,0.0,22.0,9.0,6.0,0.0,0.0,0.0,0.0,2.0,2.0,0.0,0.0,21.0,8.0,6.0,0.0,0.0,0.0,1.0,0.0,0.0,0.0,0.0,20.0,9.0,4.0,0.0,0.0,0.0,1.0,1.0,22.0,4.0,2.0,0.0,0.0,2.0,3.0,0.0,0.0,1.0,6.0,3.0,2.0,0.0,0.0,0.0,3.0,0.0,0.0,4.0,3.0,3.0,2.0,0.0,1.0,0.0,14.0,2.0,9.0,0.0,2.0,0.0,0.0,8.0,2.0,1.0,0.0,0.0,0.0,4.0,1.0,0.0,0.0,0.0,1.0,4.0,0.0,2.0,2.0,0.0,3.0,3.0,3.0,6.0,0.0,0.0,0.0,3.0,0.0,0.0,0.0,6.0,3.0,0.0,0.0,2.0,0.0,0.0,0.0,0.0,4.0,3.0,0.0,0.0,2.0,4.0,3.0,0.0,0.0,1.0,1.0,1.0,2.0,3.0,17.0,4.0,2.0,15.0,19.0,19.0,11.0,22.0
CHEMBL2203426,Kd,1.5,23.0,12.0,3.0,0.0,0.0,0.0,32.0,14.0,4.0,0.0,0.0,0.0,0.0,2.0,3.0,0.0,0.0,0.0,30.0,13.0,7.0,0.0,0.0,0.0,0.0,1.0,2.0,23.0,15.0,8.0,0.0,0.0,0.0,1.0,1.0,0.0,0.0,19.0,14.0,6.0,0.0,0.0,0.0,1.0,1.0,0.0,0.0,1.0,23.0,10.0,5.0,0.0,0.0,0.0,1.0,0.0,0.0,20.0,11.0,7.0,0.0,0.0,0.0,0.0,1.0,2.0,0.0,0.0,19.0,8.0,6.0,0.0,0.0,0.0,1.0,0.0,0.0,0.0,0.0,22.0,5.0,2.0,0.0,0.0,0.0,2.0,2.0,21.0,6.0,3.0,0.0,0.0,1.0,2.0,0.0,0.0,1.0,5.0,2.0,2.0,0.0,0.0,0.0,3.0,0.0,0.0,4.0,3.0,3.0,2.0,0.0,1.0,0.0,13.0,2.0,8.0,0.0,1.0,0.0,0.0,6.0,0.0,0.0,0.0,0.0,0.0,2.0,1.0,0.0,0.0,0.0,1.0,2.0,0.0,2.0,2.0,0.0,3.0,3.0,3.0,6.0,0.0,0.0,0.0,3.0,0.0,0.0,0.0,6.0,3.0,0.0,0.0,2.0,0.0,0.0,0.0,0.0,4.0,3.0,0.0,0.0,2.0,4.0,2.0,0.0,0.0,1.0,1.0,1.0,2.0,3.0,17.0,4.0,2.0,15.0,18.0,18.0,10.0,22.0
CHEMBL2207504,Kd,5.9,13.0,19.0,0.0,0.0,0.0,1.0,22.0,22.0,0.0,0.0,0.0,2.0,2.0,3.0,0.0,0.0,0.0,0.0,22.0,20.0,0.0,0.0,0.0,1.0,1.0,3.0,0.0,24.0,10.0,0.0,0.0,0.0,3.0,8.0,0.0,0.0,1.0,17.0,23.0,0.0,0.0,0.0,3.0,0.0,0.0,0.0,1.0,0.0,16.0,17.0,0.0,0.0,0.0,1.0,3.0,0.0,0.0,17.0,8.0,0.0,0.0,0.0,3.0,3.0,6.0,0.0,0.0,0.0,15.0,12.0,0.0,0.0,0.0,2.0,0.0,0.0,0.0,2.0,0.0,11.0,14.0,0.0,0.0,0.0,3.0,0.0,0.0,9.0,9.0,0.0,0.0,0.0,4.0,0.0,0.0,2.0,0.0,5.0,0.0,2.0,0.0,0.0,0.0,4.0,0.0,0.0,2.0,0.0,0.0,0.0,0.0,2.0,0.0,7.0,0.0,2.0,0.0,0.0,0.0,0.0,0.0,0.0,0.0,0.0,0.0,0.0,0.0,0.0,0.0,0.0,0.0,0.0,0.0,0.0,0.0,0.0,0.0,4.0,2.0,1.0,6.0,0.0,0.0,0.0,2.0,0.0,0.0,0.0,5.0,4.0,0.0,0.0,0.0,0.0,0.0,0.0,0.0,2.0,0.0,2.0,0.0,0.0,1.0,0.0,0.0,0.0,2.0,0.0,0.0,5.0,7.0,20.0,9.0,0.0,19.0,12.0,12.0,3.0,17.0
CHEMBL2207501,Kd,5.6,12.0,18.0,1.0,0.0,0.0,1.0,18.0,24.0,2.0,0.0,0.0,2.0,2.0,3.0,1.0,0.0,0.0,0.0,23.0,15.0,1.0,0.0,0.0,1.0,1.0,5.0,0.0,20.0,15.0,0.0,0.0,0.0,3.0,6.0,1.0,0.0,1.0,15.0,23.0,2.0,0.0,0.0,3.0,0.0,0.0,0.0,1.0,0.0,18.0,11.0,2.0,0.0,0.0,1.0,5.0,0.0,0.0,15.0,11.0,0.0,0.0,0.0,3.0,3.0,4.0,1.0,0.0,0.0,12.0,14.0,1.0,0.0,0.0,2.0,0.0,0.0,0.0,2.0,0.0,9.0,12.0,2.0,0.0,0.0,1.0,2.0,0.0,9.0,4.0,2.0,0.0,1.0,6.0,1.0,0.0,0.0,0.0,5.0,0.0,2.0,0.0,0.0,0.0,4.0,0.0,0.0,3.0,0.0,0.0,0.0,0.0,2.0,0.0,8.0,0.0,2.0,0.0,0.0,0.0,0.0,0.0,0.0,0.0,0.0,0.0,0.0,0.0,0.0,0.0,0.0,0.0,0.0,0.0,0.0,0.0,0.0,0.0,4.0,2.0,1.0,6.0,0.0,0.0,0.0,2.0,0.0,0.0,0.0,5.0,4.0,0.0,0.0,0.0,0.0,0.0,0.0,0.0,2.0,0.0,2.0,0.0,0.0,2.0,0.0,0.0,0.0,2.0,0.0,0.0,5.0,8.0,19.0,10.0,0.0,19.0,13.0,13.0,3.0,15.0
CHEMBL3932957,Kd,52.0,16.0,11.0,2.0,2.0,3.0,3.0,23.0,9.0,3.0,0.0,3.0,0.0,3.0,6.0,1.0,3.0,3.0,3.0,17.0,17.0,4.0,2.0,6.0,0.0,6.0,1.0,0.0,15.0,16.0,1.0,1.0,6.0,6.0,1.0,2.0,0.0,0.0,15.0,17.0,2.0,1.0,3.0,3.0,0.0,0.0,3.0,3.0,0.0,14.0,14.0,0.0,2.0,3.0,3.0,0.0,2.0,0.0,15.0,10.0,1.0,2.0,0.0,0.0,0.0,0.0,1.0,6.0,6.0,16.0,5.0,0.0,1.0,3.0,3.0,2.0,1.0,3.0,3.0,0.0,12.0,9.0,1.0,1.0,3.0,3.0,1.0,0.0,10.0,3.0,2.0,6.0,6.0,5.0,0.0,0.0,0.0,0.0,0.0,0.0,0.0,0.0,0.0,0.0,0.0,0.0,0.0,1.0,1.0,0.0,0.0,3.0,0.0,1.0,2.0,0.0,0.0,0.0,0.0,0.0,0.0,0.0,0.0,0.0,0.0,0.0,0.0,0.0,0.0,0.0,0.0,0.0,0.0,0.0,0.0,0.0,0.0,0.0,0.0,0.0,0.0,0.0,0.0,0.0,0.0,0.0,0.0,0.0,0.0,0.0,0.0,0.0,0.0,0.0,0.0,0.0,0.0,3.0,2.0,0.0,0.0,0.0,1.0,0.0,0.0,3.0,0.0,0.0,0.0,0.0,4.0,5.0,23.0,5.0,0.0,15.0,6.0,6.0,6.0,21.0
CHEMBL578024,Kd,1.9,20.0,10.0,2.0,2.0,0.0,0.0,30.0,10.0,3.0,2.0,0.0,0.0,0.0,3.0,2.0,0.0,0.0,0.0,23.0,14.0,5.0,4.0,0.0,0.0,0.0,0.0,1.0,19.0,15.0,4.0,2.0,0.0,0.0,1.0,1.0,0.0,0.0,15.0,13.0,3.0,2.0,0.0,0.0,0.0,1.0,0.0,0.0,1.0,19.0,6.0,3.0,2.0,0.0,0.0,1.0,0.0,0.0,17.0,8.0,6.0,1.0,0.0,0.0,0.0,1.0,0.0,0.0,0.0,18.0,4.0,3.0,0.0,0.0,0.0,1.0,1.0,0.0,0.0,0.0,16.0,5.0,2.0,1.0,0.0,0.0,1.0,1.0,13.0,6.0,2.0,0.0,0.0,1.0,0.0,0.0,0.0,0.0,0.0,0.0,0.0,0.0,0.0,0.0,0.0,0.0,0.0,3.0,1.0,0.0,0.0,0.0,0.0,0.0,5.0,0.0,3.0,0.0,1.0,0.0,0.0,3.0,0.0,0.0,0.0,0.0,0.0,0.0,0.0,0.0,0.0,0.0,0.0,0.0,0.0,0.0,0.0,0.0,0.0,0.0,0.0,0.0,0.0,0.0,0.0,0.0,0.0,0.0,0.0,1.0,0.0,0.0,0.0,1.0,0.0,1.0,0.0,0.0,2.0,0.0,0.0,0.0,1.0,3.0,0.0,0.0,0.0,0.0,0.0,0.0,2.0,5.0,23.0,5.0,2.0,14.0,6.0,6.0,4.0,22.0
CHEMBL3301622,Kd,7.0,21.0,18.0,5.0,0.0,0.0,0.0,30.0,23.0,5.0,0.0,0.0,0.0,0.0,2.0,1.0,0.0,0.0,0.0,36.0,19.0,4.0,0.0,0.0,0.0,0.0,5.0,2.0,35.0,16.0,4.0,0.0,0.0,0.0,4.0,4.0,0.0,0.0,34.0,21.0,7.0,0.0,0.0,0.0,1.0,0.0,0.0,0.0,0.0,29.0,22.0,6.0,0.0,0.0,0.0,1.0,3.0,0.0,30.0,14.0,7.0,0.0,0.0,0.0,0.0,2.0,3.0,0.0,0.0,29.0,14.0,8.0,0.0,0.0,0.0,1.0,3.0,0.0,0.0,1.0,29.0,11.0,9.0,0.0,0.0,0.0,3.0,1.0,22.0,14.0,7.0,0.0,0.0,0.0,2.0,0.0,0.0,2.0,13.0,4.0,6.0,0.0,2.0,0.0,3.0,2.0,2.0,3.0,2.0,0.0,1.0,0.0,3.0,2.0,19.0,1.0,11.0,0.0,0.0,0.0,0.0,6.0,0.0,0.0,4.0,0.0,0.0,4.0,2.0,0.0,0.0,0.0,1.0,2.0,2.0,6.0,2.0,2.0,10.0,6.0,6.0,14.0,0.0,0.0,0.0,7.0,0.0,2.0,2.0,10.0,7.0,2.0,0.0,2.0,0.0,3.0,1.0,0.0,6.0,1.0,2.0,0.0,3.0,1.0,5.0,0.0,1.0,3.0,1.0,0.0,2.0,2.0,12.0,6.0,2.0,23.0,28.0,28.0,9.0,18.0
CHEMBL1091644,Kd,308.0,26.0,10.0,1.0,0.0,0.0,0.0,35.0,14.0,3.0,0.0,0.0,0.0,0.0,2.0,0.0,0.0,0.0,0.0,34.0,17.0,1.0,0.0,0.0,0.0,0.0,2.0,0.0,33.0,16.0,1.0,0.0,0.0,0.0,2.0,0.0,0.0,0.0,34.0,13.0,0.0,0.0,0.0,0.0,1.0,2.0,0.0,0.0,0.0,33.0,13.0,3.0,0.0,0.0,0.0,1.0,0.0,0.0,29.0,10.0,3.0,0.0,0.0,0.0,0.0,2.0,0.0,0.0,0.0,23.0,13.0,2.0,0.0,0.0,0.0,0.0,2.0,0.0,0.0,0.0,21.0,9.0,2.0,0.0,0.0,0.0,0.0,0.0,18.0,8.0,1.0,0.0,0.0,0.0,1.0,0.0,0.0,1.0,2.0,1.0,0.0,0.0,0.0,0.0,0.0,0.0,0.0,1.0,0.0,0.0,0.0,0.0,0.0,0.0,5.0,0.0,5.0,0.0,1.0,0.0,0.0,6.0,1.0,0.0,0.0,0.0,0.0,3.0,1.0,0.0,0.0,0.0,0.0,0.0,1.0,0.0,0.0,2.0,0.0,0.0,0.0,0.0,0.0,0.0,0.0,0.0,0.0,3.0,0.0,0.0,0.0,0.0,0.0,0.0,0.0,1.0,0.0,0.0,1.0,0.0,0.0,0.0,1.0,1.0,2.0,0.0,0.0,0.0,0.0,0.0,3.0,4.0,25.0,4.0,0.0,11.0,8.0,8.0,1.0,24.0
CHEMBL3699142,Kd,148.0,27.0,9.0,2.0,0.0,0.0,0.0,38.0,10.0,2.0,0.0,0.0,0.0,0.0,0.0,2.0,0.0,0.0,0.0,36.0,12.0,5.0,0.0,0.0,0.0,0.0,0.0,0.0,36.0,11.0,5.0,0.0,0.0,0.0,1.0,1.0,0.0,0.0,40.0,11.0,7.0,0.0,0.0,0.0,0.0,0.0,0.0,0.0,0.0,42.0,8.0,7.0,0.0,0.0,0.0,1.0,0.0,0.0,37.0,8.0,5.0,0.0,0.0,0.0,0.0,1.0,1.0,0.0,0.0,30.0,7.0,4.0,0.0,0.0,0.0,0.0,0.0,0.0,0.0,0.0,25.0,8.0,2.0,0.0,0.0,0.0,0.0,1.0,25.0,5.0,2.0,0.0,0.0,2.0,2.0,0.0,0.0,0.0,2.0,0.0,0.0,0.0,0.0,1.0,0.0,1.0,0.0,3.0,1.0,1.0,1.0,0.0,1.0,0.0,9.0,1.0,2.0,1.0,0.0,0.0,1.0,0.0,0.0,0.0,0.0,0.0,0.0,0.0,0.0,0.0,0.0,0.0,0.0,0.0,0.0,0.0,0.0,0.0,2.0,0.0,0.0,2.0,1.0,0.0,1.0,1.0,0.0,0.0,0.0,5.0,4.0,0.0,1.0,0.0,0.0,0.0,0.0,0.0,3.0,1.0,0.0,0.0,2.0,1.0,0.0,0.0,0.0,1.0,1.0,0.0,0.0,1.0,21.0,1.0,7.0,11.0,10.0,10.0,7.0,25.0
CHEMBL1946170,Kd,562.0,18.0,8.0,4.0,0.0,4.0,5.0,23.0,8.0,5.0,0.0,5.0,2.0,7.0,1.0,3.0,3.0,3.0,3.0,21.0,8.0,8.0,0.0,8.0,3.0,11.0,1.0,1.0,16.0,10.0,8.0,0.0,8.0,9.0,0.0,1.0,0.0,0.0,19.0,6.0,5.0,0.0,4.0,4.0,0.0,2.0,4.0,5.0,1.0,17.0,7.0,6.0,0.0,6.0,7.0,0.0,0.0,0.0,17.0,6.0,2.0,0.0,4.0,0.0,4.0,0.0,1.0,3.0,4.0,15.0,6.0,4.0,0.0,6.0,7.0,0.0,0.0,1.0,1.0,0.0,11.0,4.0,5.0,0.0,8.0,10.0,1.0,0.0,8.0,3.0,4.0,7.0,9.0,1.0,1.0,0.0,0.0,0.0,0.0,0.0,0.0,0.0,0.0,0.0,0.0,0.0,0.0,1.0,2.0,1.0,1.0,4.0,0.0,1.0,4.0,1.0,0.0,0.0,0.0,0.0,0.0,0.0,0.0,0.0,0.0,0.0,0.0,0.0,0.0,0.0,0.0,0.0,0.0,0.0,0.0,0.0,0.0,0.0,0.0,0.0,0.0,0.0,0.0,0.0,0.0,0.0,0.0,0.0,0.0,3.0,1.0,0.0,1.0,1.0,0.0,1.0,0.0,4.0,3.0,1.0,0.0,0.0,3.0,0.0,0.0,3.0,0.0,0.0,1.0,1.0,1.0,1.0,18.0,1.0,4.0,12.0,5.0,5.0,8.0,22.0
CHEMBL1952329,Kd,143.0,16.0,10.0,2.0,0.0,3.0,3.0,23.0,13.0,2.0,0.0,0.0,0.0,0.0,2.0,0.0,3.0,3.0,3.0,22.0,13.0,2.0,0.0,3.0,0.0,3.0,2.0,0.0,17.0,14.0,2.0,0.0,6.0,6.0,0.0,0.0,0.0,0.0,18.0,10.0,1.0,0.0,6.0,6.0,2.0,1.0,0.0,0.0,0.0,16.0,12.0,1.0,0.0,6.0,6.0,0.0,2.0,0.0,16.0,8.0,2.0,0.0,3.0,0.0,3.0,1.0,0.0,3.0,3.0,16.0,5.0,1.0,0.0,3.0,3.0,1.0,1.0,6.0,6.0,0.0,13.0,6.0,1.0,0.0,6.0,6.0,0.0,0.0,12.0,2.0,1.0,3.0,3.0,1.0,0.0,3.0,3.0,1.0,5.0,3.0,2.0,0.0,0.0,1.0,1.0,2.0,0.0,1.0,1.0,0.0,0.0,3.0,1.0,1.0,8.0,0.0,5.0,0.0,1.0,0.0,0.0,5.0,2.0,1.0,0.0,0.0,0.0,4.0,1.0,0.0,0.0,0.0,1.0,6.0,0.0,4.0,2.0,0.0,3.0,2.0,1.0,4.0,0.0,0.0,0.0,1.0,0.0,0.0,0.0,4.0,3.0,0.0,0.0,0.0,0.0,1.0,1.0,3.0,2.0,0.0,0.0,0.0,1.0,0.0,2.0,3.0,0.0,1.0,0.0,0.0,2.0,3.0,15.0,4.0,0.0,12.0,10.0,10.0,5.0,17.0
CHEMBL1084546,Kd,1324.0,16.0,14.0,1.0,1.0,3.0,3.0,24.0,13.0,3.0,2.0,3.0,0.0,3.0,5.0,3.0,3.0,3.0,3.0,18.0,24.0,6.0,1.0,6.0,0.0,6.0,0.0,0.0,19.0,12.0,4.0,3.0,0.0,0.0,4.0,2.0,9.0,9.0,17.0,15.0,8.0,1.0,6.0,6.0,1.0,0.0,0.0,0.0,0.0,19.0,13.0,2.0,1.0,3.0,3.0,2.0,3.0,0.0,17.0,16.0,3.0,1.0,9.0,0.0,9.0,2.0,0.0,0.0,0.0,19.0,7.0,2.0,3.0,9.0,9.0,4.0,4.0,6.0,6.0,0.0,15.0,8.0,8.0,0.0,12.0,12.0,1.0,0.0,12.0,8.0,1.0,9.0,9.0,0.0,5.0,0.0,0.0,0.0,2.0,0.0,0.0,0.0,0.0,1.0,0.0,0.0,0.0,2.0,3.0,1.0,1.0,3.0,1.0,0.0,6.0,1.0,1.0,1.0,0.0,0.0,1.0,0.0,0.0,0.0,0.0,0.0,1.0,0.0,0.0,0.0,0.0,0.0,0.0,0.0,0.0,0.0,0.0,0.0,1.0,0.0,0.0,0.0,0.0,0.0,0.0,0.0,0.0,0.0,0.0,3.0,0.0,0.0,0.0,1.0,0.0,0.0,0.0,3.0,4.0,1.0,0.0,0.0,3.0,0.0,1.0,3.0,0.0,0.0,1.0,0.0,3.0,3.0,18.0,4.0,0.0,16.0,11.0,11.0,8.0,22.0
CHEMBL1231124,Kd,1685.0,9.0,14.0,0.0,0.0,1.0,2.0,11.0,15.0,0.0,0.0,2.0,2.0,4.0,6.0,0.0,0.0,0.0,0.0,9.0,16.0,0.0,0.0,0.0,0.0,0.0,3.0,0.0,9.0,13.0,0.0,0.0,1.0,3.0,3.0,0.0,0.0,0.0,12.0,8.0,0.0,0.0,1.0,2.0,5.0,0.0,0.0,2.0,0.0,7.0,15.0,0.0,0.0,1.0,3.0,2.0,0.0,0.0,9.0,7.0,0.0,0.0,1.0,3.0,4.0,4.0,0.0,0.0,0.0,7.0,9.0,0.0,0.0,0.0,0.0,0.0,0.0,2.0,4.0,0.0,6.0,5.0,0.0,0.0,2.0,4.0,2.0,0.0,5.0,4.0,0.0,1.0,2.0,2.0,0.0,1.0,1.0,1.0,0.0,0.0,0.0,0.0,0.0,0.0,0.0,0.0,0.0,2.0,2.0,0.0,0.0,1.0,0.0,0.0,3.0,0.0,1.0,0.0,0.0,0.0,0.0,0.0,0.0,0.0,0.0,0.0,0.0,0.0,0.0,0.0,0.0,0.0,0.0,0.0,0.0,0.0,0.0,0.0,1.0,0.0,0.0,0.0,0.0,0.0,0.0,0.0,0.0,0.0,0.0,1.0,0.0,0.0,0.0,0.0,0.0,0.0,0.0,1.0,2.0,0.0,0.0,0.0,0.0,2.0,0.0,0.0,0.0,0.0,0.0,0.0,5.0,6.0,17.0,6.0,0.0,14.0,9.0,9.0,5.0,15.0
CHEMBL230011,Kd,44.0,17.0,10.0,2.0,0.0,0.0,0.0,23.0,10.0,4.0,0.0,0.0,0.0,0.0,5.0,0.0,0.0,0.0,0.0,21.0,15.0,4.0,0.0,0.0,0.0,0.0,4.0,0.0,19.0,14.0,4.0,0.0,0.0,0.0,5.0,0.0,0.0,0.0,23.0,14.0,2.0,0.0,0.0,0.0,1.0,2.0,0.0,0.0,0.0,23.0,14.0,4.0,0.0,0.0,0.0,0.0,2.0,0.0,17.0,14.0,7.0,0.0,0.0,0.0,0.0,0.0,1.0,0.0,0.0,8.0,11.0,6.0,0.0,0.0,0.0,0.0,3.0,0.0,0.0,0.0,2.0,5.0,3.0,0.0,0.0,0.0,0.0,3.0,0.0,1.0,0.0,0.0,0.0,0.0,1.0,0.0,0.0,0.0,0.0,0.0,0.0,0.0,0.0,0.0,0.0,0.0,0.0,0.0,0.0,0.0,0.0,0.0,0.0,0.0,0.0,0.0,0.0,0.0,0.0,0.0,0.0,0.0,0.0,0.0,0.0,0.0,0.0,0.0,0.0,0.0,0.0,0.0,0.0,0.0,0.0,0.0,0.0,0.0,0.0,0.0,0.0,0.0,0.0,0.0,0.0,0.0,0.0,0.0,0.0,0.0,0.0,0.0,0.0,0.0,0.0,0.0,0.0,0.0,2.0,0.0,0.0,0.0,2.0,0.0,0.0,0.0,0.0,0.0,0.0,0.0,4.0,4.0,22.0,4.0,0.0,12.0,4.0,4.0,0.0,18.0
CHEMBL2332840,Kd,4.3,16.0,10.0,3.0,0.0,3.0,4.0,22.0,10.0,3.0,0.0,3.0,2.0,5.0,3.0,3.0,3.0,3.0,3.0,16.0,14.0,7.0,0.0,6.0,3.0,9.0,1.0,0.0,14.0,10.0,5.0,0.0,6.0,7.0,2.0,3.0,0.0,0.0,16.0,9.0,4.0,0.0,3.0,3.0,0.0,1.0,3.0,4.0,0.0,15.0,11.0,4.0,0.0,3.0,4.0,0.0,0.0,0.0,15.0,7.0,0.0,0.0,0.0,0.0,0.0,1.0,1.0,3.0,4.0,11.0,8.0,2.0,0.0,3.0,4.0,0.0,0.0,0.0,0.0,0.0,10.0,1.0,3.0,0.0,6.0,8.0,4.0,1.0,5.0,7.0,5.0,6.0,8.0,0.0,0.0,0.0,0.0,0.0,0.0,0.0,0.0,0.0,0.0,0.0,0.0,0.0,0.0,0.0,1.0,0.0,0.0,3.0,0.0,1.0,2.0,0.0,0.0,0.0,0.0,0.0,0.0,0.0,0.0,0.0,0.0,0.0,0.0,0.0,0.0,0.0,0.0,0.0,0.0,0.0,0.0,0.0,0.0,0.0,0.0,0.0,0.0,0.0,0.0,0.0,0.0,0.0,0.0,0.0,0.0,1.0,0.0,0.0,0.0,1.0,0.0,1.0,0.0,3.0,2.0,0.0,0.0,0.0,2.0,0.0,0.0,3.0,0.0,0.0,0.0,0.0,3.0,4.0,21.0,4.0,2.0,13.0,5.0,5.0,6.0,21.0
CHEMBL2103830,Kd,843.0,15.0,13.0,10.0,0.0,1.0,1.0,25.0,10.0,12.0,0.0,2.0,0.0,2.0,6.0,2.0,0.0,0.0,0.0,23.0,21.0,16.0,0.0,0.0,0.0,0.0,0.0,2.0,26.0,11.0,12.0,0.0,2.0,2.0,4.0,7.0,0.0,0.0,21.0,18.0,16.0,0.0,1.0,1.0,0.0,2.0,2.0,2.0,1.0,19.0,10.0,10.0,0.0,3.0,3.0,3.0,9.0,3.0,13.0,17.0,19.0,0.0,3.0,0.0,3.0,0.0,3.0,1.0,1.0,18.0,8.0,11.0,0.0,4.0,4.0,2.0,7.0,0.0,0.0,0.0,16.0,11.0,10.0,0.0,2.0,2.0,0.0,3.0,16.0,6.0,7.0,4.0,4.0,0.0,9.0,0.0,0.0,0.0,1.0,0.0,0.0,0.0,0.0,0.0,0.0,0.0,1.0,5.0,2.0,0.0,1.0,1.0,1.0,5.0,8.0,1.0,3.0,1.0,1.0,0.0,1.0,3.0,0.0,0.0,0.0,2.0,0.0,0.0,0.0,0.0,0.0,0.0,0.0,0.0,0.0,2.0,0.0,0.0,1.0,0.0,0.0,1.0,0.0,0.0,0.0,0.0,0.0,3.0,0.0,2.0,1.0,0.0,1.0,0.0,1.0,5.0,3.0,1.0,3.0,1.0,0.0,1.0,9.0,2.0,0.0,0.0,4.0,0.0,1.0,0.0,3.0,3.0,18.0,5.0,0.0,23.0,12.0,12.0,10.0,20.0
CHEMBL3137331,Kd,340.0,13.0,16.0,1.0,1.0,3.0,3.0,20.0,14.0,3.0,2.0,3.0,0.0,3.0,5.0,3.0,3.0,3.0,3.0,17.0,21.0,7.0,1.0,6.0,0.0,6.0,3.0,0.0,17.0,14.0,4.0,2.0,0.0,0.0,4.0,2.0,9.0,9.0,16.0,17.0,5.0,1.0,6.0,6.0,1.0,2.0,0.0,0.0,0.0,17.0,13.0,2.0,1.0,3.0,3.0,3.0,3.0,0.0,15.0,16.0,3.0,1.0,6.0,0.0,6.0,2.0,0.0,3.0,3.0,18.0,5.0,2.0,3.0,9.0,9.0,6.0,4.0,6.0,6.0,0.0,11.0,13.0,8.0,0.0,12.0,12.0,0.0,0.0,11.0,9.0,1.0,6.0,6.0,1.0,5.0,0.0,0.0,0.0,1.0,0.0,0.0,0.0,0.0,1.0,0.0,0.0,0.0,3.0,3.0,1.0,1.0,3.0,1.0,0.0,6.0,1.0,0.0,0.0,0.0,0.0,0.0,0.0,0.0,0.0,0.0,0.0,0.0,0.0,0.0,0.0,0.0,0.0,0.0,0.0,0.0,0.0,0.0,0.0,0.0,0.0,0.0,0.0,0.0,0.0,0.0,0.0,0.0,0.0,0.0,4.0,1.0,0.0,1.0,0.0,0.0,0.0,0.0,3.0,4.0,1.0,0.0,0.0,3.0,0.0,0.0,3.0,0.0,0.0,1.0,2.0,4.0,4.0,18.0,4.0,2.0,18.0,9.0,9.0,10.0,21.0
CHEMBL574526,Kd,1.5,25.0,13.0,5.0,2.0,0.0,0.0,38.0,13.0,6.0,2.0,0.0,0.0,0.0,3.0,3.0,0.0,0.0,0.0,34.0,15.0,8.0,4.0,0.0,0.0,0.0,0.0,2.0,28.0,16.0,8.0,3.0,0.0,0.0,1.0,1.0,0.0,0.0,23.0,16.0,6.0,3.0,0.0,0.0,0.0,1.0,0.0,0.0,2.0,28.0,10.0,6.0,3.0,0.0,0.0,1.0,0.0,0.0,28.0,11.0,8.0,1.0,0.0,0.0,0.0,1.0,0.0,0.0,0.0,27.0,6.0,6.0,2.0,0.0,0.0,2.0,2.0,0.0,0.0,0.0,24.0,8.0,5.0,3.0,0.0,0.0,2.0,2.0,22.0,11.0,4.0,0.0,0.0,1.0,0.0,0.0,0.0,0.0,6.0,0.0,3.0,0.0,2.0,0.0,1.0,0.0,2.0,3.0,2.0,2.0,2.0,0.0,1.0,1.0,12.0,2.0,7.0,1.0,1.0,0.0,1.0,4.0,0.0,0.0,0.0,1.0,1.0,0.0,0.0,0.0,0.0,0.0,0.0,0.0,0.0,1.0,1.0,0.0,3.0,3.0,3.0,6.0,2.0,2.0,2.0,3.0,3.0,2.0,2.0,5.0,3.0,0.0,2.0,1.0,4.0,2.0,0.0,0.0,3.0,3.0,0.0,2.0,3.0,3.0,2.0,0.0,0.0,0.0,1.0,0.0,2.0,5.0,23.0,7.0,0.0,20.0,16.0,16.0,9.0,25.0
CHEMBL2207514,Kd,12.0,13.0,16.0,1.0,0.0,0.0,1.0,19.0,22.0,3.0,0.0,0.0,2.0,2.0,2.0,0.0,0.0,0.0,0.0,21.0,15.0,1.0,0.0,0.0,1.0,1.0,4.0,0.0,21.0,11.0,0.0,0.0,0.0,3.0,6.0,1.0,0.0,1.0,15.0,21.0,2.0,0.0,0.0,3.0,0.0,0.0,0.0,1.0,0.0,17.0,11.0,2.0,0.0,0.0,1.0,4.0,0.0,0.0,14.0,9.0,0.0,0.0,0.0,3.0,3.0,4.0,1.0,0.0,0.0,12.0,12.0,1.0,0.0,0.0,1.0,0.0,0.0,0.0,2.0,0.0,9.0,11.0,2.0,0.0,0.0,2.0,1.0,0.0,10.0,4.0,2.0,0.0,1.0,4.0,1.0,0.0,0.0,0.0,5.0,0.0,2.0,0.0,0.0,0.0,4.0,0.0,0.0,2.0,0.0,0.0,0.0,0.0,2.0,0.0,7.0,0.0,2.0,0.0,0.0,0.0,0.0,0.0,0.0,0.0,0.0,0.0,0.0,0.0,0.0,0.0,0.0,0.0,0.0,0.0,0.0,0.0,0.0,0.0,4.0,2.0,1.0,6.0,0.0,0.0,0.0,2.0,0.0,0.0,0.0,5.0,4.0,0.0,0.0,0.0,0.0,0.0,0.0,0.0,2.0,0.0,2.0,0.0,0.0,1.0,0.0,0.0,0.0,2.0,0.0,0.0,4.0,7.0,19.0,9.0,0.0,17.0,12.0,12.0,3.0,16.0
CHEMBL574349,Kd,0.99,24.0,13.0,6.0,2.0,0.0,0.0,36.0,13.0,8.0,2.0,0.0,0.0,0.0,3.0,2.0,0.0,0.0,0.0,32.0,15.0,8.0,4.0,0.0,0.0,0.0,0.0,2.0,28.0,15.0,6.0,2.0,0.0,0.0,1.0,2.0,0.0,0.0,22.0,14.0,7.0,3.0,0.0,0.0,0.0,2.0,0.0,0.0,1.0,25.0,9.0,7.0,3.0,0.0,0.0,1.0,1.0,0.0,26.0,12.0,7.0,2.0,0.0,0.0,0.0,1.0,0.0,0.0,0.0,29.0,7.0,5.0,0.0,0.0,0.0,1.0,1.0,0.0,0.0,0.0,25.0,7.0,6.0,3.0,0.0,0.0,2.0,1.0,21.0,9.0,6.0,0.0,0.0,2.0,0.0,0.0,0.0,0.0,7.0,0.0,4.0,1.0,3.0,0.0,3.0,0.0,3.0,3.0,1.0,0.0,0.0,0.0,1.0,2.0,12.0,0.0,7.0,0.0,1.0,0.0,0.0,4.0,0.0,0.0,0.0,0.0,0.0,0.0,0.0,0.0,0.0,0.0,0.0,0.0,0.0,1.0,1.0,1.0,3.0,3.0,3.0,6.0,0.0,0.0,0.0,3.0,3.0,3.0,2.0,4.0,3.0,0.0,0.0,1.0,4.0,4.0,1.0,0.0,3.0,0.0,0.0,2.0,3.0,3.0,1.0,0.0,1.0,1.0,0.0,0.0,2.0,5.0,23.0,7.0,2.0,21.0,16.0,16.0,9.0,23.0
CHEMBL574576,Kd,2.0,26.0,16.0,3.0,2.0,0.0,0.0,40.0,16.0,4.0,2.0,0.0,0.0,0.0,3.0,3.0,0.0,0.0,0.0,38.0,15.0,8.0,4.0,0.0,0.0,0.0,1.0,1.0,30.0,18.0,7.0,3.0,0.0,0.0,1.0,1.0,0.0,0.0,24.0,18.0,5.0,3.0,0.0,0.0,0.0,2.0,0.0,0.0,1.0,30.0,11.0,6.0,3.0,0.0,0.0,1.0,0.0,0.0,30.0,12.0,8.0,1.0,0.0,0.0,0.0,1.0,0.0,0.0,0.0,29.0,8.0,4.0,2.0,0.0,0.0,2.0,2.0,0.0,0.0,0.0,27.0,10.0,3.0,3.0,0.0,0.0,2.0,2.0,26.0,12.0,3.0,0.0,0.0,1.0,0.0,0.0,0.0,0.0,7.0,0.0,3.0,0.0,0.0,0.0,4.0,0.0,0.0,4.0,2.0,2.0,2.0,0.0,2.0,0.0,14.0,2.0,8.0,1.0,1.0,0.0,1.0,4.0,0.0,0.0,0.0,1.0,1.0,0.0,0.0,0.0,0.0,0.0,0.0,0.0,0.0,1.0,1.0,0.0,6.0,6.0,6.0,12.0,2.0,2.0,2.0,6.0,0.0,0.0,0.0,8.0,6.0,0.0,2.0,1.0,0.0,0.0,0.0,0.0,4.0,3.0,2.0,0.0,2.0,4.0,2.0,0.0,0.0,1.0,1.0,0.0,2.0,5.0,23.0,7.0,0.0,21.0,18.0,18.0,10.0,26.0
CHEMBL2203438,Kd,0.4,24.0,12.0,5.0,0.0,0.0,0.0,29.0,15.0,8.0,0.0,0.0,0.0,0.0,2.0,3.0,0.0,0.0,0.0,29.0,12.0,10.0,0.0,0.0,0.0,0.0,1.0,3.0,25.0,13.0,9.0,0.0,0.0,0.0,1.0,2.0,0.0,0.0,21.0,13.0,8.0,0.0,0.0,0.0,1.0,1.0,0.0,0.0,1.0,22.0,12.0,6.0,0.0,0.0,0.0,0.0,1.0,1.0,22.0,9.0,7.0,0.0,0.0,0.0,0.0,2.0,2.0,0.0,0.0,21.0,8.0,8.0,0.0,0.0,0.0,1.0,0.0,0.0,0.0,0.0,19.0,10.0,6.0,0.0,0.0,0.0,1.0,1.0,22.0,4.0,3.0,0.0,0.0,2.0,3.0,0.0,0.0,2.0,5.0,2.0,2.0,0.0,0.0,0.0,1.0,0.0,0.0,3.0,3.0,3.0,2.0,0.0,1.0,1.0,14.0,2.0,10.0,0.0,2.0,0.0,0.0,7.0,0.0,0.0,0.0,0.0,0.0,2.0,1.0,0.0,0.0,0.0,1.0,2.0,0.0,3.0,3.0,2.0,4.0,4.0,5.0,8.0,0.0,0.0,0.0,5.0,0.0,2.0,0.0,6.0,3.0,2.0,0.0,2.0,0.0,1.0,0.0,0.0,4.0,3.0,0.0,0.0,3.0,3.0,3.0,0.0,1.0,1.0,1.0,1.0,2.0,3.0,17.0,4.0,2.0,17.0,20.0,20.0,11.0,25.0
CHEMBL2203435,Kd,0.6,23.0,12.0,5.0,0.0,0.0,0.0,30.0,15.0,8.0,0.0,0.0,0.0,0.0,2.0,3.0,0.0,0.0,0.0,29.0,12.0,10.0,0.0,0.0,0.0,0.0,1.0,3.0,25.0,13.0,9.0,0.0,0.0,0.0,1.0,2.0,0.0,0.0,21.0,13.0,8.0,0.0,0.0,0.0,1.0,1.0,0.0,0.0,1.0,22.0,12.0,6.0,0.0,0.0,0.0,0.0,1.0,1.0,22.0,9.0,7.0,0.0,0.0,0.0,0.0,2.0,2.0,0.0,0.0,21.0,8.0,8.0,0.0,0.0,0.0,1.0,0.0,0.0,0.0,0.0,19.0,10.0,6.0,0.0,0.0,0.0,1.0,1.0,22.0,4.0,3.0,0.0,0.0,2.0,3.0,0.0,0.0,2.0,4.0,2.0,2.0,0.0,0.0,0.0,1.0,0.0,0.0,5.0,3.0,3.0,2.0,0.0,1.0,1.0,14.0,2.0,9.0,0.0,1.0,0.0,0.0,7.0,0.0,0.0,0.0,0.0,0.0,2.0,1.0,0.0,0.0,0.0,1.0,2.0,0.0,2.0,2.0,2.0,4.0,4.0,5.0,8.0,0.0,0.0,0.0,5.0,0.0,2.0,0.0,6.0,3.0,2.0,0.0,2.0,0.0,1.0,0.0,0.0,4.0,3.0,0.0,0.0,3.0,5.0,2.0,0.0,1.0,1.0,1.0,1.0,2.0,3.0,17.0,4.0,2.0,17.0,19.0,19.0,11.0,23.0
CHEMBL2203433,Kd,0.7,21.0,11.0,5.0,0.0,0.0,0.0,27.0,13.0,8.0,0.0,0.0,0.0,0.0,2.0,3.0,0.0,0.0,0.0,23.0,12.0,10.0,0.0,0.0,0.0,0.0,1.0,3.0,20.0,13.0,9.0,0.0,0.0,0.0,1.0,2.0,0.0,0.0,19.0,13.0,7.0,0.0,0.0,0.0,1.0,1.0,0.0,0.0,1.0,21.0,12.0,4.0,0.0,0.0,0.0,0.0,1.0,1.0,18.0,9.0,7.0,0.0,0.0,0.0,0.0,2.0,2.0,0.0,0.0,16.0,7.0,8.0,0.0,0.0,0.0,1.0,0.0,0.0,0.0,0.0,16.0,8.0,6.0,0.0,0.0,0.0,1.0,1.0,19.0,4.0,3.0,0.0,0.0,2.0,3.0,0.0,0.0,1.0,4.0,2.0,2.0,0.0,0.0,2.0,0.0,0.0,0.0,3.0,3.0,1.0,1.0,0.0,0.0,1.0,11.0,1.0,7.0,0.0,1.0,0.0,0.0,6.0,0.0,0.0,0.0,0.0,0.0,2.0,1.0,0.0,0.0,0.0,1.0,2.0,0.0,2.0,0.0,2.0,2.0,0.0,0.0,2.0,0.0,0.0,0.0,1.0,0.0,2.0,0.0,4.0,1.0,0.0,0.0,2.0,0.0,2.0,0.0,0.0,4.0,1.0,0.0,0.0,3.0,3.0,2.0,0.0,1.0,0.0,1.0,1.0,2.0,3.0,17.0,4.0,4.0,16.0,15.0,15.0,9.0,21.0
CHEMBL2203432,Kd,1.0,22.0,12.0,5.0,0.0,0.0,0.0,29.0,14.0,8.0,0.0,0.0,0.0,0.0,2.0,3.0,0.0,0.0,0.0,27.0,12.0,11.0,0.0,0.0,0.0,0.0,1.0,2.0,24.0,12.0,9.0,0.0,0.0,0.0,1.0,3.0,0.0,0.0,22.0,12.0,7.0,0.0,0.0,0.0,1.0,2.0,0.0,0.0,2.0,23.0,13.0,7.0,0.0,0.0,0.0,0.0,0.0,0.0,20.0,13.0,9.0,0.0,0.0,0.0,0.0,1.0,2.0,0.0,0.0,21.0,7.0,8.0,0.0,0.0,0.0,2.0,0.0,0.0,0.0,0.0,23.0,6.0,3.0,0.0,0.0,0.0,2.0,2.0,21.0,7.0,3.0,0.0,0.0,1.0,3.0,0.0,0.0,1.0,5.0,2.0,2.0,0.0,0.0,0.0,3.0,0.0,0.0,4.0,2.0,1.0,1.0,0.0,1.0,1.0,13.0,1.0,8.0,0.0,1.0,0.0,0.0,6.0,0.0,0.0,0.0,0.0,0.0,2.0,1.0,0.0,0.0,0.0,1.0,2.0,0.0,2.0,2.0,2.0,3.0,3.0,3.0,6.0,0.0,0.0,0.0,3.0,0.0,2.0,0.0,5.0,3.0,0.0,0.0,2.0,0.0,2.0,0.0,0.0,4.0,1.0,0.0,0.0,3.0,4.0,2.0,0.0,1.0,1.0,1.0,1.0,2.0,3.0,17.0,4.0,4.0,17.0,17.0,17.0,10.0,21.0
CHEMBL2203429,Kd,0.8,18.0,9.0,3.0,0.0,0.0,0.0,24.0,11.0,4.0,0.0,0.0,0.0,0.0,2.0,3.0,0.0,0.0,0.0,19.0,11.0,7.0,0.0,0.0,0.0,0.0,1.0,2.0,14.0,13.0,8.0,0.0,0.0,0.0,1.0,1.0,0.0,0.0,12.0,11.0,7.0,0.0,0.0,0.0,1.0,1.0,0.0,0.0,1.0,17.0,8.0,4.0,0.0,0.0,0.0,0.0,0.0,0.0,16.0,7.0,5.0,0.0,0.0,0.0,0.0,1.0,2.0,0.0,0.0,15.0,4.0,4.0,0.0,0.0,0.0,1.0,0.0,0.0,0.0,0.0,13.0,5.0,2.0,0.0,0.0,0.0,1.0,1.0,11.0,5.0,2.0,0.0,0.0,1.0,2.0,0.0,0.0,0.0,0.0,0.0,0.0,0.0,0.0,0.0,0.0,0.0,0.0,4.0,2.0,1.0,1.0,0.0,0.0,0.0,7.0,1.0,3.0,0.0,1.0,0.0,0.0,3.0,0.0,0.0,0.0,0.0,0.0,0.0,0.0,0.0,0.0,0.0,0.0,0.0,0.0,0.0,0.0,0.0,0.0,0.0,0.0,0.0,0.0,0.0,0.0,0.0,0.0,0.0,0.0,2.0,0.0,0.0,0.0,2.0,0.0,1.0,0.0,0.0,3.0,1.0,0.0,0.0,2.0,4.0,0.0,0.0,0.0,0.0,1.0,1.0,2.0,3.0,17.0,3.0,4.0,12.0,9.0,9.0,7.0,19.0
CHEMBL2332849,Kd,910.0,16.0,10.0,3.0,0.0,3.0,3.0,22.0,10.0,3.0,0.0,3.0,0.0,3.0,3.0,3.0,3.0,3.0,3.0,16.0,14.0,7.0,0.0,6.0,0.0,6.0,1.0,0.0,14.0,9.0,5.0,0.0,6.0,6.0,2.0,3.0,0.0,0.0,15.0,10.0,4.0,0.0,3.0,3.0,0.0,1.0,0.0,0.0,0.0,16.0,10.0,3.0,0.0,0.0,0.0,0.0,0.0,0.0,14.0,8.0,1.0,0.0,3.0,0.0,3.0,1.0,1.0,0.0,0.0,10.0,8.0,2.0,0.0,0.0,0.0,0.0,0.0,3.0,3.0,0.0,10.0,1.0,3.0,0.0,3.0,3.0,4.0,1.0,6.0,7.0,5.0,6.0,6.0,0.0,0.0,0.0,0.0,0.0,0.0,0.0,0.0,0.0,0.0,0.0,0.0,0.0,0.0,0.0,1.0,0.0,0.0,3.0,0.0,1.0,2.0,0.0,0.0,0.0,0.0,0.0,0.0,0.0,0.0,0.0,0.0,0.0,0.0,0.0,0.0,0.0,0.0,0.0,0.0,0.0,0.0,0.0,0.0,0.0,0.0,0.0,0.0,0.0,0.0,0.0,0.0,0.0,0.0,0.0,0.0,1.0,0.0,0.0,0.0,1.0,0.0,1.0,0.0,3.0,2.0,0.0,0.0,0.0,2.0,0.0,0.0,3.0,0.0,0.0,0.0,0.0,3.0,4.0,21.0,4.0,2.0,13.0,5.0,5.0,6.0,21.0
CHEMBL2203775,Kd,5.4,19.0,19.0,1.0,0.0,0.0,1.0,29.0,23.0,3.0,0.0,0.0,2.0,2.0,2.0,0.0,0.0,0.0,0.0,34.0,15.0,1.0,0.0,0.0,1.0,1.0,5.0,0.0,29.0,19.0,0.0,0.0,0.0,3.0,2.0,1.0,0.0,1.0,28.0,19.0,2.0,0.0,0.0,3.0,2.0,0.0,0.0,1.0,0.0,25.0,19.0,2.0,0.0,0.0,1.0,2.0,0.0,0.0,24.0,14.0,0.0,0.0,0.0,3.0,3.0,3.0,1.0,0.0,0.0,24.0,12.0,1.0,0.0,0.0,3.0,3.0,0.0,0.0,0.0,0.0,19.0,17.0,2.0,0.0,0.0,2.0,1.0,0.0,20.0,11.0,2.0,0.0,3.0,3.0,1.0,0.0,0.0,0.0,9.0,0.0,4.0,0.0,0.0,0.0,6.0,2.0,0.0,2.0,0.0,0.0,0.0,0.0,4.0,0.0,11.0,0.0,4.0,0.0,0.0,0.0,0.0,0.0,0.0,0.0,0.0,0.0,0.0,0.0,0.0,0.0,0.0,0.0,0.0,0.0,0.0,0.0,0.0,0.0,8.0,4.0,2.0,12.0,0.0,0.0,0.0,4.0,0.0,0.0,0.0,10.0,8.0,0.0,0.0,2.0,0.0,0.0,0.0,0.0,4.0,0.0,4.0,0.0,0.0,1.0,0.0,0.0,0.0,4.0,0.0,0.0,3.0,5.0,20.0,9.0,0.0,20.0,18.0,18.0,4.0,20.0
CHEMBL2206277,Kd,0.5,25.0,12.0,5.0,0.0,0.0,0.0,35.0,17.0,8.0,0.0,0.0,0.0,0.0,2.0,3.0,0.0,0.0,0.0,37.0,12.0,10.0,0.0,0.0,0.0,0.0,1.0,3.0,29.0,13.0,13.0,0.0,0.0,0.0,1.0,2.0,0.0,0.0,23.0,13.0,8.0,0.0,0.0,0.0,1.0,1.0,0.0,0.0,1.0,30.0,12.0,4.0,0.0,0.0,0.0,0.0,1.0,1.0,24.0,13.0,7.0,0.0,0.0,0.0,0.0,2.0,2.0,0.0,0.0,21.0,8.0,8.0,0.0,0.0,0.0,1.0,0.0,0.0,0.0,0.0,21.0,8.0,6.0,0.0,0.0,0.0,1.0,1.0,20.0,8.0,7.0,0.0,0.0,2.0,3.0,0.0,0.0,1.0,2.0,2.0,0.0,0.0,0.0,0.0,0.0,0.0,0.0,8.0,3.0,3.0,2.0,0.0,1.0,1.0,16.0,2.0,11.0,0.0,3.0,0.0,0.0,12.0,2.0,0.0,4.0,0.0,0.0,6.0,5.0,4.0,4.0,0.0,1.0,2.0,4.0,2.0,2.0,2.0,6.0,6.0,9.0,12.0,0.0,0.0,0.0,9.0,0.0,2.0,0.0,6.0,3.0,12.0,0.0,2.0,0.0,1.0,0.0,0.0,4.0,3.0,0.0,0.0,3.0,7.0,2.0,0.0,1.0,1.0,1.0,1.0,2.0,3.0,17.0,4.0,2.0,17.0,19.0,19.0,10.0,24.0
CHEMBL2203430,Kd,0.6,18.0,9.0,3.0,0.0,0.0,0.0,24.0,11.0,4.0,0.0,0.0,0.0,0.0,2.0,3.0,0.0,0.0,0.0,18.0,12.0,7.0,0.0,0.0,0.0,0.0,1.0,2.0,14.0,12.0,8.0,0.0,0.0,0.0,1.0,1.0,0.0,0.0,13.0,10.0,6.0,0.0,0.0,0.0,1.0,1.0,0.0,0.0,1.0,16.0,9.0,5.0,0.0,0.0,0.0,0.0,0.0,0.0,15.0,7.0,5.0,0.0,0.0,0.0,0.0,1.0,2.0,0.0,0.0,15.0,4.0,4.0,0.0,0.0,0.0,1.0,0.0,0.0,0.0,0.0,14.0,5.0,2.0,0.0,0.0,0.0,1.0,1.0,12.0,4.0,2.0,0.0,0.0,1.0,2.0,0.0,0.0,0.0,0.0,0.0,0.0,0.0,0.0,0.0,0.0,0.0,0.0,4.0,2.0,1.0,1.0,0.0,0.0,0.0,7.0,1.0,3.0,0.0,1.0,0.0,0.0,3.0,0.0,0.0,0.0,0.0,0.0,0.0,0.0,0.0,0.0,0.0,0.0,0.0,0.0,0.0,0.0,0.0,0.0,0.0,0.0,0.0,0.0,0.0,0.0,0.0,0.0,0.0,0.0,2.0,0.0,0.0,0.0,2.0,0.0,1.0,0.0,0.0,3.0,1.0,0.0,0.0,2.0,4.0,0.0,0.0,0.0,0.0,1.0,1.0,2.0,3.0,17.0,3.0,4.0,12.0,9.0,9.0,7.0,19.0
CHEMBL2203434,Kd,0.5,22.0,12.0,5.0,0.0,0.0,0.0,29.0,14.0,8.0,0.0,0.0,0.0,0.0,2.0,3.0,0.0,0.0,0.0,27.0,12.0,10.0,0.0,0.0,0.0,0.0,1.0,3.0,23.0,13.0,9.0,0.0,0.0,0.0,1.0,2.0,0.0,0.0,20.0,13.0,8.0,0.0,0.0,0.0,1.0,1.0,0.0,0.0,1.0,22.0,12.0,5.0,0.0,0.0,0.0,0.0,1.0,1.0,21.0,9.0,7.0,0.0,0.0,0.0,0.0,2.0,2.0,0.0,0.0,19.0,8.0,8.0,0.0,0.0,0.0,1.0,0.0,0.0,0.0,0.0,18.0,9.0,6.0,0.0,0.0,0.0,1.0,1.0,21.0,4.0,3.0,0.0,0.0,2.0,3.0,0.0,0.0,1.0,5.0,2.0,2.0,0.0,0.0,0.0,3.0,0.0,0.0,4.0,2.0,1.0,1.0,0.0,1.0,1.0,13.0,1.0,8.0,0.0,1.0,0.0,0.0,6.0,0.0,0.0,0.0,0.0,0.0,2.0,1.0,0.0,0.0,0.0,1.0,2.0,0.0,2.0,2.0,2.0,3.0,3.0,3.0,6.0,0.0,0.0,0.0,3.0,0.0,2.0,0.0,5.0,3.0,0.0,0.0,2.0,0.0,2.0,0.0,0.0,4.0,1.0,0.0,0.0,3.0,4.0,2.0,0.0,1.0,1.0,1.0,1.0,2.0,3.0,17.0,4.0,4.0,17.0,17.0,17.0,10.0,21.0
CHEMBL2203431,Kd,1.2,21.0,11.0,5.0,0.0,0.0,0.0,27.0,13.0,8.0,0.0,0.0,0.0,0.0,2.0,3.0,0.0,0.0,0.0,23.0,12.0,11.0,0.0,0.0,0.0,0.0,1.0,2.0,21.0,12.0,9.0,0.0,0.0,0.0,1.0,3.0,0.0,0.0,21.0,12.0,6.0,0.0,0.0,0.0,1.0,2.0,0.0,0.0,2.0,22.0,13.0,6.0,0.0,0.0,0.0,0.0,0.0,0.0,17.0,13.0,9.0,0.0,0.0,0.0,0.0,1.0,2.0,0.0,0.0,17.0,7.0,8.0,0.0,0.0,0.0,2.0,0.0,0.0,0.0,0.0,20.0,5.0,3.0,0.0,0.0,0.0,2.0,2.0,20.0,5.0,2.0,0.0,0.0,1.0,3.0,0.0,0.0,1.0,4.0,2.0,2.0,0.0,0.0,2.0,0.0,0.0,0.0,3.0,3.0,1.0,1.0,0.0,0.0,1.0,11.0,1.0,7.0,0.0,1.0,0.0,0.0,6.0,0.0,0.0,0.0,0.0,0.0,2.0,1.0,0.0,0.0,0.0,1.0,2.0,0.0,2.0,0.0,2.0,2.0,0.0,0.0,2.0,0.0,0.0,0.0,1.0,0.0,2.0,0.0,4.0,1.0,0.0,0.0,2.0,0.0,2.0,0.0,0.0,4.0,1.0,0.0,0.0,3.0,3.0,2.0,0.0,1.0,0.0,1.0,1.0,2.0,3.0,17.0,4.0,4.0,16.0,15.0,15.0,9.0,21.0
CHEMBL2207500,Kd,4.4,11.0,18.0,1.0,0.0,0.0,1.0,18.0,23.0,1.0,0.0,0.0,2.0,2.0,3.0,1.0,0.0,0.0,0.0,22.0,14.0,1.0,0.0,0.0,1.0,1.0,5.0,0.0,19.0,15.0,0.0,0.0,0.0,3.0,6.0,1.0,0.0,1.0,15.0,22.0,2.0,0.0,0.0,3.0,0.0,0.0,0.0,1.0,0.0,16.0,11.0,2.0,0.0,0.0,1.0,5.0,0.0,0.0,13.0,11.0,0.0,0.0,0.0,3.0,3.0,4.0,1.0,0.0,0.0,12.0,13.0,1.0,0.0,0.0,2.0,0.0,0.0,0.0,2.0,0.0,8.0,12.0,2.0,0.0,0.0,1.0,2.0,0.0,7.0,4.0,2.0,0.0,1.0,6.0,1.0,0.0,0.0,0.0,5.0,0.0,2.0,0.0,0.0,0.0,4.0,0.0,0.0,2.0,0.0,0.0,0.0,0.0,2.0,0.0,7.0,0.0,2.0,0.0,0.0,0.0,0.0,0.0,0.0,0.0,0.0,0.0,0.0,0.0,0.0,0.0,0.0,0.0,0.0,0.0,0.0,0.0,0.0,0.0,4.0,2.0,1.0,6.0,0.0,0.0,0.0,2.0,0.0,0.0,0.0,5.0,4.0,0.0,0.0,0.0,0.0,0.0,0.0,0.0,2.0,0.0,2.0,0.0,0.0,1.0,0.0,0.0,0.0,2.0,0.0,0.0,5.0,8.0,19.0,10.0,0.0,19.0,12.0,12.0,3.0,15.0
CHEMBL2207518,Kd,2.4,14.0,16.0,1.0,0.0,0.0,1.0,20.0,23.0,3.0,0.0,0.0,2.0,2.0,2.0,0.0,0.0,0.0,0.0,23.0,16.0,1.0,0.0,0.0,1.0,1.0,4.0,0.0,22.0,13.0,0.0,0.0,0.0,3.0,6.0,1.0,0.0,1.0,17.0,21.0,2.0,0.0,0.0,3.0,0.0,0.0,0.0,1.0,0.0,18.0,12.0,2.0,0.0,0.0,1.0,4.0,0.0,0.0,16.0,10.0,0.0,0.0,0.0,3.0,3.0,4.0,1.0,0.0,0.0,14.0,12.0,1.0,0.0,0.0,2.0,0.0,0.0,0.0,2.0,0.0,11.0,11.0,2.0,0.0,0.0,2.0,1.0,0.0,10.0,5.0,2.0,0.0,1.0,4.0,1.0,0.0,0.0,0.0,5.0,0.0,2.0,0.0,0.0,0.0,4.0,0.0,0.0,3.0,0.0,0.0,0.0,0.0,2.0,0.0,8.0,0.0,2.0,0.0,0.0,0.0,0.0,0.0,0.0,0.0,0.0,0.0,0.0,0.0,0.0,0.0,0.0,0.0,0.0,0.0,0.0,0.0,0.0,0.0,4.0,2.0,1.0,6.0,0.0,0.0,0.0,2.0,0.0,0.0,0.0,5.0,4.0,0.0,0.0,0.0,0.0,0.0,0.0,0.0,2.0,0.0,2.0,0.0,0.0,2.0,0.0,0.0,0.0,2.0,0.0,0.0,4.0,7.0,19.0,9.0,0.0,17.0,13.0,13.0,3.0,16.0
CHEMBL2206278,Kd,0.5,26.0,12.0,5.0,0.0,0.0,0.0,35.0,18.0,8.0,0.0,0.0,0.0,0.0,2.0,3.0,0.0,0.0,0.0,39.0,12.0,10.0,0.0,0.0,0.0,0.0,1.0,3.0,35.0,13.0,13.0,0.0,0.0,0.0,1.0,2.0,0.0,0.0,24.0,13.0,8.0,0.0,0.0,0.0,1.0,1.0,0.0,0.0,1.0,30.0,12.0,5.0,0.0,0.0,0.0,0.0,1.0,1.0,25.0,13.0,7.0,0.0,0.0,0.0,0.0,2.0,2.0,0.0,0.0,23.0,8.0,8.0,0.0,0.0,0.0,1.0,0.0,0.0,0.0,0.0,22.0,9.0,6.0,0.0,0.0,0.0,1.0,1.0,21.0,8.0,7.0,0.0,0.0,2.0,3.0,0.0,0.0,1.0,3.0,2.0,0.0,0.0,0.0,0.0,0.0,0.0,0.0,8.0,3.0,3.0,2.0,0.0,1.0,1.0,17.0,2.0,12.0,0.0,3.0,0.0,0.0,12.0,2.0,0.0,4.0,0.0,0.0,6.0,5.0,4.0,4.0,0.0,1.0,2.0,4.0,2.0,2.0,2.0,7.0,7.0,15.0,14.0,0.0,0.0,0.0,15.0,0.0,2.0,0.0,6.0,3.0,12.0,0.0,2.0,0.0,1.0,0.0,0.0,4.0,3.0,0.0,0.0,3.0,8.0,2.0,0.0,1.0,1.0,1.0,1.0,2.0,3.0,17.0,4.0,2.0,17.0,20.0,20.0,11.0,24.0
CHEMBL2311807,Kd,58.0,23.0,15.0,1.0,0.0,1.0,1.0,33.0,15.0,1.0,0.0,2.0,0.0,2.0,4.0,1.0,0.0,0.0,0.0,29.0,21.0,3.0,0.0,2.0,0.0,2.0,0.0,0.0,26.0,17.0,4.0,0.0,1.0,1.0,2.0,0.0,2.0,2.0,27.0,19.0,3.0,0.0,3.0,3.0,1.0,1.0,0.0,0.0,0.0,29.0,12.0,3.0,0.0,2.0,2.0,3.0,1.0,0.0,29.0,9.0,2.0,0.0,3.0,0.0,3.0,2.0,2.0,0.0,0.0,27.0,11.0,3.0,0.0,2.0,2.0,0.0,1.0,0.0,0.0,0.0,23.0,13.0,3.0,0.0,1.0,1.0,1.0,0.0,19.0,14.0,2.0,2.0,2.0,0.0,0.0,0.0,0.0,0.0,0.0,0.0,0.0,0.0,0.0,0.0,0.0,0.0,0.0,2.0,2.0,1.0,1.0,1.0,0.0,0.0,3.0,1.0,0.0,0.0,0.0,0.0,0.0,0.0,0.0,0.0,0.0,0.0,0.0,0.0,0.0,0.0,0.0,0.0,0.0,0.0,0.0,0.0,0.0,0.0,0.0,0.0,0.0,0.0,0.0,0.0,0.0,0.0,0.0,0.0,0.0,1.0,0.0,0.0,0.0,1.0,0.0,0.0,0.0,1.0,2.0,1.0,0.0,0.0,1.0,2.0,0.0,0.0,0.0,0.0,1.0,2.0,4.0,5.0,29.0,5.0,2.0,16.0,6.0,6.0,5.0,28.0
CHEMBL574039,Kd,1.7,24.0,16.0,4.0,2.0,0.0,0.0,38.0,15.0,6.0,2.0,0.0,0.0,0.0,3.0,2.0,0.0,0.0,0.0,34.0,15.0,8.0,4.0,0.0,0.0,0.0,1.0,1.0,28.0,17.0,5.0,2.0,0.0,0.0,1.0,2.0,0.0,0.0,23.0,15.0,6.0,3.0,0.0,0.0,0.0,2.0,0.0,0.0,1.0,26.0,10.0,6.0,3.0,0.0,0.0,1.0,1.0,0.0,27.0,12.0,7.0,2.0,0.0,0.0,0.0,1.0,1.0,0.0,0.0,29.0,8.0,5.0,0.0,0.0,0.0,1.0,1.0,0.0,0.0,0.0,26.0,9.0,4.0,3.0,0.0,0.0,2.0,1.0,23.0,11.0,4.0,0.0,0.0,2.0,0.0,0.0,0.0,0.0,7.0,0.0,4.0,1.0,1.0,0.0,4.0,2.0,1.0,4.0,1.0,0.0,0.0,0.0,2.0,1.0,13.0,0.0,7.0,0.0,1.0,0.0,0.0,4.0,0.0,0.0,0.0,0.0,0.0,0.0,0.0,0.0,0.0,0.0,0.0,0.0,0.0,1.0,1.0,1.0,5.0,5.0,4.0,10.0,0.0,0.0,0.0,4.0,0.0,1.0,0.0,7.0,6.0,0.0,0.0,1.0,0.0,2.0,1.0,0.0,4.0,0.0,2.0,0.0,2.0,3.0,1.0,0.0,1.0,2.0,0.0,0.0,2.0,5.0,23.0,7.0,2.0,22.0,17.0,17.0,9.0,24.0
CHEMBL1173442,Kd,300.0,18.0,0.0,7.0,0.0,0.0,0.0,21.0,0.0,12.0,0.0,0.0,0.0,0.0,0.0,0.0,0.0,0.0,0.0,22.0,0.0,15.0,0.0,0.0,0.0,0.0,0.0,0.0,20.0,0.0,17.0,0.0,0.0,0.0,0.0,0.0,0.0,0.0,22.0,0.0,14.0,0.0,0.0,0.0,0.0,0.0,0.0,0.0,0.0,24.0,0.0,12.0,0.0,0.0,0.0,0.0,0.0,3.0,17.0,0.0,12.0,0.0,0.0,0.0,0.0,0.0,0.0,0.0,0.0,7.0,0.0,11.0,0.0,0.0,0.0,0.0,0.0,0.0,0.0,1.0,2.0,0.0,6.0,0.0,0.0,0.0,0.0,0.0,0.0,0.0,2.0,0.0,0.0,0.0,0.0,0.0,0.0,3.0,3.0,2.0,1.0,0.0,0.0,0.0,0.0,0.0,0.0,1.0,0.0,0.0,1.0,0.0,0.0,1.0,12.0,1.0,8.0,0.0,0.0,3.0,0.0,6.0,0.0,0.0,0.0,0.0,0.0,4.0,2.0,1.0,0.0,0.0,0.0,0.0,2.0,0.0,0.0,4.0,0.0,0.0,0.0,0.0,0.0,0.0,0.0,0.0,0.0,6.0,2.0,0.0,0.0,0.0,0.0,0.0,0.0,4.0,0.0,0.0,0.0,0.0,0.0,0.0,6.0,1.0,3.0,0.0,0.0,0.0,1.0,3.0,0.0,0.0,6.0,1.0,4.0,7.0,14.0,14.0,0.0,14.0
CHEMBL482967,Kd,276.0,13.0,12.0,2.0,2.0,0.0,0.0,19.0,11.0,2.0,2.0,0.0,0.0,0.0,4.0,0.0,0.0,0.0,0.0,20.0,14.0,0.0,2.0,0.0,0.0,0.0,0.0,1.0,16.0,14.0,1.0,2.0,0.0,0.0,1.0,0.0,0.0,0.0,17.0,9.0,2.0,0.0,0.0,0.0,2.0,0.0,0.0,0.0,0.0,11.0,11.0,2.0,1.0,0.0,0.0,2.0,0.0,0.0,12.0,3.0,1.0,2.0,0.0,0.0,0.0,4.0,0.0,0.0,0.0,10.0,9.0,0.0,2.0,0.0,0.0,0.0,1.0,0.0,0.0,0.0,9.0,10.0,1.0,1.0,0.0,0.0,0.0,0.0,10.0,4.0,0.0,0.0,0.0,0.0,2.0,0.0,0.0,0.0,4.0,0.0,2.0,0.0,2.0,0.0,1.0,0.0,2.0,1.0,1.0,0.0,0.0,0.0,1.0,1.0,5.0,0.0,2.0,0.0,0.0,0.0,0.0,0.0,0.0,0.0,0.0,0.0,0.0,0.0,0.0,0.0,0.0,0.0,0.0,0.0,0.0,0.0,0.0,0.0,2.0,0.0,0.0,2.0,0.0,0.0,0.0,1.0,1.0,2.0,2.0,2.0,1.0,0.0,0.0,2.0,2.0,2.0,0.0,0.0,3.0,0.0,0.0,2.0,1.0,1.0,0.0,0.0,0.0,1.0,0.0,0.0,3.0,4.0,17.0,6.0,0.0,16.0,10.0,10.0,3.0,15.0
CHEMBL253969,Kd,894.0,16.0,9.0,4.0,1.0,2.0,3.0,21.0,8.0,3.0,2.0,4.0,0.0,6.0,1.0,4.0,0.0,0.0,0.0,14.0,10.0,8.0,2.0,6.0,0.0,8.0,1.0,0.0,14.0,6.0,4.0,1.0,2.0,3.0,2.0,4.0,0.0,0.0,13.0,8.0,7.0,2.0,2.0,3.0,2.0,1.0,0.0,0.0,0.0,14.0,9.0,2.0,3.0,2.0,2.0,1.0,3.0,2.0,12.0,10.0,5.0,3.0,4.0,0.0,5.0,1.0,1.0,0.0,0.0,10.0,10.0,7.0,2.0,0.0,1.0,0.0,0.0,4.0,5.0,0.0,8.0,9.0,7.0,0.0,2.0,4.0,0.0,0.0,9.0,5.0,4.0,0.0,0.0,1.0,0.0,2.0,4.0,0.0,9.0,0.0,6.0,3.0,0.0,1.0,3.0,0.0,1.0,0.0,2.0,2.0,2.0,2.0,1.0,1.0,11.0,2.0,6.0,0.0,0.0,0.0,0.0,4.0,0.0,0.0,0.0,0.0,0.0,2.0,0.0,0.0,0.0,0.0,0.0,3.0,0.0,4.0,2.0,0.0,4.0,3.0,3.0,7.0,0.0,0.0,1.0,3.0,0.0,0.0,0.0,7.0,4.0,0.0,1.0,0.0,0.0,1.0,0.0,2.0,4.0,3.0,0.0,0.0,3.0,0.0,4.0,0.0,1.0,1.0,1.0,0.0,1.0,2.0,11.0,3.0,2.0,14.0,16.0,16.0,12.0,14.0
CHEMBL3545085,Kd,5.0,16.0,17.0,1.0,0.0,0.0,0.0,21.0,18.0,3.0,0.0,0.0,0.0,0.0,6.0,0.0,0.0,0.0,0.0,19.0,22.0,1.0,0.0,0.0,0.0,0.0,2.0,1.0,18.0,14.0,3.0,0.0,0.0,0.0,7.0,0.0,0.0,0.0,15.0,22.0,0.0,0.0,0.0,0.0,2.0,2.0,0.0,0.0,0.0,15.0,21.0,2.0,0.0,0.0,0.0,5.0,0.0,0.0,21.0,14.0,1.0,0.0,0.0,0.0,0.0,6.0,2.0,0.0,0.0,18.0,21.0,3.0,0.0,0.0,0.0,2.0,0.0,0.0,0.0,0.0,19.0,17.0,3.0,0.0,0.0,0.0,1.0,1.0,20.0,12.0,1.0,0.0,0.0,2.0,2.0,0.0,0.0,2.0,6.0,0.0,2.0,0.0,0.0,1.0,2.0,2.0,0.0,3.0,2.0,0.0,0.0,0.0,2.0,0.0,12.0,0.0,7.0,0.0,1.0,0.0,0.0,2.0,0.0,0.0,0.0,0.0,0.0,0.0,0.0,0.0,0.0,0.0,0.0,0.0,0.0,0.0,0.0,0.0,4.0,2.0,1.0,6.0,0.0,0.0,0.0,2.0,0.0,0.0,0.0,6.0,4.0,0.0,0.0,0.0,0.0,0.0,0.0,0.0,4.0,0.0,2.0,0.0,0.0,2.0,1.0,0.0,0.0,1.0,0.0,0.0,4.0,6.0,16.0,8.0,0.0,18.0,21.0,21.0,8.0,19.0
CHEMBL3813873,Kd,55.0,18.0,10.0,0.0,0.0,3.0,4.0,25.0,11.0,0.0,0.0,3.0,2.0,5.0,2.0,0.0,3.0,3.0,3.0,20.0,15.0,0.0,0.0,3.0,1.0,4.0,0.0,0.0,19.0,7.0,0.0,0.0,6.0,8.0,1.0,0.0,0.0,0.0,16.0,10.0,0.0,0.0,3.0,5.0,0.0,0.0,0.0,1.0,0.0,15.0,9.0,0.0,0.0,3.0,4.0,2.0,0.0,0.0,13.0,8.0,0.0,0.0,0.0,2.0,2.0,1.0,0.0,3.0,3.0,11.0,6.0,0.0,0.0,3.0,4.0,1.0,0.0,0.0,1.0,0.0,11.0,3.0,0.0,0.0,3.0,4.0,1.0,0.0,10.0,4.0,0.0,6.0,6.0,0.0,0.0,0.0,1.0,0.0,2.0,0.0,0.0,0.0,0.0,1.0,0.0,0.0,0.0,0.0,1.0,0.0,0.0,3.0,0.0,0.0,3.0,0.0,0.0,0.0,0.0,0.0,0.0,0.0,0.0,0.0,0.0,0.0,0.0,0.0,0.0,0.0,0.0,0.0,0.0,0.0,0.0,0.0,0.0,0.0,0.0,0.0,0.0,0.0,0.0,0.0,0.0,0.0,0.0,0.0,0.0,1.0,0.0,0.0,0.0,0.0,0.0,0.0,0.0,3.0,1.0,0.0,0.0,0.0,0.0,0.0,1.0,3.0,0.0,0.0,0.0,0.0,3.0,4.0,21.0,4.0,0.0,10.0,7.0,7.0,6.0,20.0
CHEMBL3545328,Kd,12492.0,21.0,13.0,3.0,0.0,0.0,0.0,28.0,15.0,3.0,0.0,0.0,0.0,0.0,3.0,1.0,0.0,0.0,0.0,28.0,15.0,2.0,0.0,0.0,0.0,0.0,1.0,2.0,24.0,15.0,5.0,0.0,0.0,0.0,0.0,0.0,0.0,0.0,25.0,12.0,4.0,0.0,0.0,0.0,1.0,0.0,0.0,0.0,0.0,22.0,12.0,3.0,0.0,0.0,0.0,1.0,0.0,0.0,21.0,8.0,2.0,0.0,0.0,0.0,0.0,2.0,0.0,0.0,0.0,19.0,8.0,1.0,0.0,0.0,0.0,2.0,2.0,0.0,0.0,0.0,17.0,11.0,3.0,0.0,0.0,0.0,1.0,0.0,17.0,10.0,0.0,0.0,0.0,0.0,4.0,0.0,0.0,1.0,7.0,1.0,4.0,1.0,2.0,1.0,1.0,0.0,2.0,0.0,3.0,1.0,1.0,0.0,1.0,1.0,9.0,1.0,6.0,1.0,0.0,0.0,1.0,3.0,0.0,0.0,1.0,1.0,0.0,2.0,1.0,0.0,0.0,0.0,2.0,2.0,0.0,3.0,0.0,0.0,6.0,0.0,0.0,5.0,0.0,0.0,0.0,3.0,1.0,2.0,2.0,5.0,2.0,1.0,0.0,3.0,2.0,2.0,0.0,0.0,4.0,1.0,1.0,2.0,2.0,0.0,2.0,0.0,0.0,1.0,1.0,0.0,2.0,2.0,18.0,5.0,0.0,16.0,16.0,16.0,6.0,22.0
CHEMBL1873475,Kd,1578.0,22.0,11.0,3.0,0.0,0.0,0.0,29.0,14.0,5.0,0.0,0.0,0.0,0.0,3.0,1.0,0.0,0.0,0.0,27.0,19.0,7.0,0.0,0.0,0.0,0.0,2.0,0.0,29.0,14.0,4.0,0.0,0.0,0.0,6.0,0.0,0.0,0.0,31.0,17.0,2.0,0.0,0.0,0.0,1.0,1.0,0.0,0.0,0.0,28.0,18.0,2.0,0.0,0.0,0.0,0.0,2.0,0.0,25.0,10.0,4.0,0.0,0.0,0.0,0.0,2.0,2.0,0.0,0.0,21.0,10.0,4.0,0.0,0.0,0.0,0.0,3.0,0.0,0.0,0.0,18.0,10.0,5.0,0.0,0.0,0.0,0.0,2.0,16.0,11.0,3.0,0.0,0.0,0.0,1.0,0.0,0.0,1.0,4.0,2.0,2.0,1.0,0.0,0.0,1.0,0.0,0.0,0.0,0.0,0.0,1.0,0.0,1.0,1.0,8.0,1.0,5.0,1.0,0.0,1.0,1.0,3.0,0.0,0.0,0.0,0.0,0.0,2.0,1.0,0.0,0.0,0.0,1.0,2.0,0.0,2.0,2.0,0.0,3.0,3.0,3.0,6.0,2.0,0.0,2.0,3.0,0.0,0.0,0.0,3.0,3.0,0.0,2.0,0.0,0.0,0.0,0.0,0.0,2.0,1.0,0.0,0.0,2.0,0.0,2.0,0.0,0.0,0.0,1.0,0.0,3.0,4.0,21.0,5.0,1.0,14.0,9.0,9.0,5.0,22.0
CHEMBL581849,Kd,1.1,24.0,16.0,2.0,2.0,0.0,0.0,38.0,16.0,3.0,2.0,0.0,0.0,0.0,3.0,2.0,0.0,0.0,0.0,35.0,16.0,5.0,4.0,0.0,0.0,0.0,1.0,1.0,28.0,19.0,4.0,3.0,0.0,0.0,1.0,1.0,0.0,0.0,25.0,17.0,3.0,2.0,0.0,0.0,0.0,1.0,0.0,0.0,1.0,28.0,10.0,3.0,4.0,0.0,0.0,2.0,0.0,0.0,25.0,13.0,6.0,3.0,0.0,0.0,0.0,2.0,0.0,0.0,0.0,27.0,10.0,3.0,0.0,0.0,0.0,1.0,1.0,0.0,0.0,0.0,25.0,9.0,2.0,2.0,0.0,0.0,2.0,1.0,21.0,10.0,2.0,0.0,0.0,2.0,0.0,0.0,0.0,0.0,6.0,0.0,2.0,0.0,0.0,0.0,6.0,0.0,0.0,4.0,1.0,0.0,0.0,0.0,2.0,0.0,12.0,0.0,6.0,0.0,1.0,0.0,0.0,3.0,0.0,0.0,0.0,0.0,0.0,0.0,0.0,0.0,0.0,0.0,0.0,0.0,0.0,0.0,0.0,0.0,5.0,5.0,4.0,10.0,0.0,0.0,0.0,4.0,0.0,0.0,0.0,7.0,6.0,0.0,0.0,1.0,0.0,1.0,0.0,0.0,4.0,0.0,2.0,0.0,1.0,4.0,0.0,0.0,0.0,2.0,0.0,0.0,2.0,5.0,23.0,7.0,2.0,20.0,16.0,16.0,7.0,24.0
CHEMBL1081346,Kd,0.76,17.0,9.0,3.0,0.0,0.0,0.0,22.0,11.0,4.0,0.0,0.0,0.0,0.0,2.0,3.0,0.0,0.0,0.0,17.0,11.0,7.0,0.0,0.0,0.0,0.0,1.0,2.0,13.0,12.0,8.0,0.0,0.0,0.0,1.0,1.0,0.0,0.0,12.0,10.0,6.0,0.0,0.0,0.0,1.0,1.0,0.0,0.0,1.0,16.0,8.0,4.0,0.0,0.0,0.0,0.0,0.0,0.0,14.0,7.0,5.0,0.0,0.0,0.0,0.0,1.0,2.0,0.0,0.0,13.0,4.0,4.0,0.0,0.0,0.0,1.0,0.0,0.0,0.0,0.0,12.0,5.0,2.0,0.0,0.0,0.0,1.0,1.0,11.0,4.0,2.0,0.0,0.0,1.0,2.0,0.0,0.0,0.0,0.0,0.0,0.0,0.0,0.0,0.0,0.0,0.0,0.0,3.0,2.0,1.0,1.0,0.0,0.0,0.0,6.0,1.0,3.0,0.0,1.0,0.0,0.0,3.0,0.0,0.0,0.0,0.0,0.0,0.0,0.0,0.0,0.0,0.0,0.0,0.0,0.0,0.0,0.0,0.0,0.0,0.0,0.0,0.0,0.0,0.0,0.0,0.0,0.0,0.0,0.0,2.0,0.0,0.0,0.0,2.0,0.0,1.0,0.0,0.0,3.0,1.0,0.0,0.0,2.0,3.0,0.0,0.0,0.0,0.0,1.0,1.0,2.0,3.0,17.0,3.0,4.0,12.0,8.0,8.0,7.0,19.0
CHEMBL1078027,Kd,15.0,17.0,9.0,3.0,0.0,0.0,0.0,23.0,10.0,4.0,0.0,0.0,0.0,0.0,2.0,3.0,0.0,0.0,0.0,16.0,13.0,8.0,0.0,0.0,0.0,0.0,0.0,1.0,14.0,10.0,7.0,0.0,0.0,0.0,2.0,2.0,0.0,0.0,13.0,9.0,6.0,0.0,0.0,0.0,1.0,1.0,0.0,0.0,1.0,16.0,8.0,4.0,0.0,0.0,0.0,0.0,0.0,0.0,13.0,8.0,5.0,0.0,0.0,0.0,0.0,1.0,2.0,0.0,0.0,12.0,6.0,4.0,0.0,0.0,0.0,0.0,0.0,0.0,0.0,0.0,13.0,3.0,2.0,0.0,0.0,0.0,2.0,1.0,10.0,6.0,3.0,0.0,0.0,0.0,1.0,0.0,0.0,0.0,0.0,0.0,0.0,0.0,0.0,0.0,0.0,0.0,0.0,3.0,2.0,1.0,1.0,0.0,0.0,0.0,6.0,1.0,3.0,0.0,1.0,0.0,0.0,3.0,0.0,0.0,0.0,0.0,0.0,0.0,0.0,0.0,0.0,0.0,0.0,0.0,0.0,0.0,0.0,0.0,0.0,0.0,0.0,0.0,0.0,0.0,0.0,0.0,0.0,0.0,0.0,2.0,0.0,0.0,0.0,2.0,0.0,1.0,0.0,0.0,3.0,1.0,0.0,0.0,2.0,3.0,0.0,0.0,0.0,0.0,1.0,1.0,2.0,3.0,17.0,3.0,4.0,12.0,8.0,8.0,7.0,19.0
CHEMBL1079354,Kd,8.15,17.0,9.0,3.0,0.0,0.0,0.0,23.0,9.0,4.0,0.0,0.0,0.0,0.0,3.0,3.0,0.0,0.0,0.0,16.0,13.0,8.0,0.0,0.0,0.0,0.0,0.0,1.0,13.0,12.0,7.0,0.0,0.0,0.0,1.0,2.0,0.0,0.0,12.0,11.0,6.0,0.0,0.0,0.0,0.0,1.0,0.0,0.0,1.0,17.0,6.0,4.0,0.0,0.0,0.0,1.0,1.0,0.0,13.0,9.0,7.0,0.0,0.0,0.0,0.0,0.0,0.0,0.0,0.0,14.0,2.0,2.0,0.0,0.0,0.0,2.0,2.0,0.0,0.0,1.0,12.0,6.0,3.0,0.0,0.0,0.0,0.0,0.0,11.0,3.0,3.0,0.0,0.0,2.0,2.0,0.0,0.0,0.0,0.0,0.0,0.0,0.0,0.0,0.0,0.0,0.0,0.0,3.0,2.0,1.0,1.0,0.0,0.0,0.0,6.0,1.0,3.0,0.0,1.0,0.0,0.0,3.0,0.0,0.0,0.0,0.0,0.0,0.0,0.0,0.0,0.0,0.0,0.0,0.0,0.0,0.0,0.0,0.0,0.0,0.0,0.0,0.0,0.0,0.0,0.0,0.0,0.0,0.0,0.0,2.0,0.0,0.0,0.0,1.0,0.0,1.0,0.0,0.0,3.0,1.0,0.0,0.0,2.0,3.0,0.0,0.0,0.0,0.0,1.0,2.0,2.0,3.0,17.0,3.0,4.0,12.0,8.0,8.0,7.0,19.0
CHEMBL1761512,Kd,1258.93,23.0,5.0,1.0,1.0,0.0,0.0,31.0,7.0,3.0,3.0,0.0,0.0,0.0,0.0,3.0,0.0,0.0,0.0,32.0,8.0,8.0,3.0,0.0,0.0,0.0,0.0,0.0,32.0,7.0,8.0,1.0,0.0,0.0,1.0,1.0,0.0,0.0,29.0,9.0,6.0,1.0,0.0,0.0,0.0,0.0,0.0,0.0,0.0,26.0,7.0,5.0,2.0,0.0,0.0,1.0,0.0,0.0,21.0,8.0,8.0,2.0,0.0,0.0,0.0,0.0,0.0,0.0,0.0,15.0,8.0,7.0,2.0,0.0,0.0,0.0,2.0,0.0,0.0,0.0,12.0,3.0,4.0,3.0,0.0,0.0,1.0,1.0,9.0,3.0,6.0,0.0,0.0,0.0,0.0,0.0,0.0,1.0,6.0,2.0,3.0,0.0,0.0,0.0,1.0,0.0,0.0,1.0,0.0,0.0,1.0,0.0,1.0,0.0,9.0,1.0,6.0,0.0,0.0,0.0,0.0,4.0,0.0,0.0,0.0,0.0,0.0,2.0,1.0,0.0,0.0,0.0,1.0,2.0,0.0,2.0,0.0,0.0,2.0,0.0,0.0,2.0,0.0,0.0,0.0,1.0,0.0,0.0,0.0,3.0,1.0,0.0,0.0,0.0,0.0,0.0,0.0,0.0,2.0,1.0,0.0,0.0,3.0,1.0,3.0,0.0,0.0,0.0,1.0,2.0,0.0,1.0,15.0,2.0,2.0,7.0,13.0,13.0,5.0,19.0
CHEMBL585002,Kd,9.7,24.0,15.0,4.0,3.0,0.0,0.0,36.0,16.0,8.0,4.0,0.0,0.0,0.0,3.0,4.0,0.0,0.0,0.0,34.0,15.0,12.0,6.0,0.0,0.0,0.0,1.0,1.0,30.0,16.0,9.0,2.0,0.0,0.0,1.0,2.0,0.0,0.0,22.0,16.0,6.0,4.0,0.0,0.0,0.0,4.0,0.0,0.0,1.0,26.0,10.0,8.0,4.0,0.0,0.0,1.0,1.0,0.0,27.0,12.0,9.0,3.0,0.0,0.0,0.0,1.0,1.0,0.0,0.0,30.0,8.0,6.0,0.0,0.0,0.0,1.0,1.0,0.0,0.0,0.0,25.0,9.0,5.0,4.0,0.0,0.0,2.0,1.0,22.0,11.0,6.0,0.0,0.0,2.0,0.0,0.0,0.0,0.0,7.0,0.0,4.0,1.0,1.0,0.0,4.0,0.0,1.0,4.0,1.0,0.0,0.0,0.0,2.0,1.0,13.0,0.0,7.0,0.0,1.0,0.0,0.0,4.0,0.0,0.0,0.0,0.0,0.0,0.0,0.0,0.0,0.0,0.0,0.0,0.0,0.0,1.0,1.0,1.0,5.0,3.0,3.0,8.0,0.0,0.0,0.0,4.0,0.0,1.0,0.0,6.0,4.0,0.0,0.0,1.0,0.0,2.0,1.0,0.0,4.0,0.0,2.0,0.0,4.0,3.0,1.0,0.0,1.0,1.0,0.0,0.0,2.0,5.0,23.0,7.0,2.0,22.0,17.0,17.0,10.0,25.0
CHEMBL567839,Kd,2.3,23.0,13.0,6.0,2.0,0.0,0.0,35.0,13.0,8.0,2.0,0.0,0.0,0.0,3.0,2.0,0.0,0.0,0.0,32.0,14.0,7.0,4.0,0.0,0.0,0.0,0.0,3.0,25.0,16.0,8.0,2.0,0.0,0.0,1.0,2.0,0.0,0.0,20.0,16.0,8.0,2.0,0.0,0.0,0.0,1.0,0.0,0.0,1.0,28.0,9.0,4.0,3.0,0.0,0.0,1.0,1.0,1.0,28.0,10.0,8.0,2.0,0.0,0.0,0.0,2.0,0.0,0.0,0.0,26.0,9.0,7.0,0.0,0.0,0.0,1.0,1.0,0.0,0.0,0.0,25.0,8.0,6.0,3.0,0.0,0.0,2.0,1.0,23.0,9.0,4.0,0.0,0.0,1.0,1.0,0.0,0.0,0.0,6.0,0.0,3.0,0.0,3.0,0.0,3.0,0.0,3.0,3.0,1.0,0.0,0.0,0.0,1.0,2.0,11.0,0.0,6.0,0.0,1.0,0.0,0.0,3.0,0.0,0.0,0.0,0.0,0.0,0.0,0.0,0.0,0.0,0.0,0.0,0.0,0.0,0.0,0.0,0.0,3.0,3.0,3.0,6.0,0.0,0.0,0.0,3.0,5.0,3.0,2.0,4.0,3.0,0.0,0.0,1.0,6.0,4.0,1.0,0.0,3.0,0.0,0.0,3.0,3.0,3.0,0.0,0.0,1.0,1.0,0.0,0.0,2.0,5.0,23.0,7.0,2.0,21.0,15.0,15.0,8.0,23.0
CHEMBL3425865,Kd,110.0,14.0,6.0,8.0,1.0,0.0,0.0,22.0,9.0,8.0,2.0,0.0,0.0,0.0,0.0,0.0,0.0,0.0,0.0,26.0,4.0,6.0,3.0,0.0,0.0,0.0,3.0,1.0,19.0,10.0,10.0,4.0,0.0,0.0,0.0,0.0,0.0,0.0,20.0,9.0,8.0,1.0,0.0,0.0,0.0,0.0,0.0,0.0,0.0,17.0,4.0,5.0,2.0,0.0,0.0,0.0,4.0,0.0,11.0,5.0,5.0,2.0,0.0,0.0,0.0,0.0,3.0,0.0,0.0,10.0,5.0,4.0,1.0,0.0,0.0,0.0,1.0,0.0,0.0,0.0,11.0,2.0,2.0,2.0,0.0,0.0,0.0,2.0,7.0,2.0,6.0,0.0,0.0,0.0,1.0,0.0,0.0,0.0,4.0,0.0,2.0,0.0,2.0,0.0,1.0,0.0,2.0,3.0,0.0,0.0,0.0,0.0,1.0,4.0,7.0,0.0,2.0,0.0,0.0,0.0,0.0,0.0,0.0,0.0,0.0,0.0,0.0,0.0,0.0,0.0,0.0,0.0,0.0,0.0,0.0,0.0,0.0,0.0,2.0,0.0,0.0,2.0,0.0,0.0,0.0,1.0,1.0,2.0,2.0,2.0,1.0,0.0,0.0,0.0,2.0,5.0,3.0,0.0,1.0,0.0,0.0,2.0,4.0,0.0,0.0,0.0,3.0,0.0,0.0,0.0,2.0,3.0,15.0,5.0,0.0,15.0,9.0,9.0,4.0,13.0
CHEMBL583418,Kd,1.3,23.0,10.0,4.0,2.0,0.0,0.0,34.0,10.0,5.0,2.0,0.0,0.0,0.0,3.0,2.0,0.0,0.0,0.0,28.0,14.0,7.0,4.0,0.0,0.0,0.0,0.0,1.0,24.0,15.0,6.0,3.0,0.0,0.0,1.0,1.0,0.0,0.0,19.0,14.0,7.0,3.0,0.0,0.0,0.0,1.0,0.0,0.0,1.0,22.0,8.0,7.0,3.0,0.0,0.0,1.0,0.0,0.0,20.0,10.0,8.0,1.0,0.0,0.0,0.0,1.0,0.0,0.0,0.0,21.0,5.0,5.0,0.0,0.0,0.0,1.0,3.0,0.0,0.0,0.0,20.0,5.0,4.0,1.0,0.0,0.0,1.0,3.0,18.0,6.0,4.0,0.0,0.0,1.0,0.0,0.0,0.0,0.0,2.0,0.0,1.0,0.0,0.0,0.0,0.0,0.0,0.0,3.0,2.0,2.0,2.0,0.0,0.0,0.0,8.0,2.0,5.0,0.0,1.0,0.0,1.0,4.0,0.0,0.0,0.0,1.0,1.0,0.0,0.0,0.0,0.0,0.0,0.0,0.0,0.0,0.0,0.0,1.0,0.0,0.0,0.0,0.0,0.0,0.0,0.0,0.0,0.0,1.0,0.0,2.0,0.0,0.0,0.0,1.0,0.0,1.0,0.0,0.0,2.0,2.0,0.0,0.0,3.0,3.0,2.0,0.0,0.0,0.0,1.0,0.0,2.0,5.0,23.0,5.0,0.0,16.0,11.0,11.0,8.0,24.0
CHEMBL584293,Kd,1.3,25.0,13.0,4.0,2.0,0.0,0.0,38.0,13.0,5.0,2.0,0.0,0.0,0.0,3.0,2.0,0.0,0.0,0.0,34.0,15.0,5.0,4.0,0.0,0.0,0.0,0.0,2.0,28.0,16.0,5.0,3.0,0.0,0.0,1.0,1.0,0.0,0.0,23.0,16.0,4.0,3.0,0.0,0.0,0.0,1.0,0.0,0.0,1.0,28.0,10.0,4.0,3.0,0.0,0.0,1.0,0.0,0.0,28.0,11.0,7.0,1.0,0.0,0.0,0.0,1.0,0.0,0.0,0.0,27.0,6.0,5.0,2.0,0.0,0.0,2.0,1.0,0.0,0.0,0.0,24.0,8.0,4.0,3.0,0.0,0.0,2.0,1.0,22.0,11.0,3.0,0.0,0.0,1.0,0.0,0.0,0.0,0.0,7.0,0.0,4.0,1.0,2.0,0.0,3.0,0.0,2.0,3.0,1.0,0.0,0.0,0.0,1.0,1.0,12.0,0.0,7.0,0.0,1.0,0.0,0.0,4.0,0.0,0.0,0.0,0.0,1.0,0.0,0.0,0.0,0.0,0.0,0.0,0.0,0.0,1.0,1.0,0.0,3.0,3.0,3.0,6.0,0.0,0.0,0.0,3.0,3.0,2.0,2.0,4.0,3.0,0.0,0.0,1.0,4.0,3.0,0.0,0.0,3.0,0.0,0.0,2.0,2.0,3.0,2.0,0.0,0.0,1.0,0.0,0.0,2.0,5.0,23.0,7.0,2.0,19.0,16.0,16.0,8.0,23.0
CHEMBL511337,Kd,30.0,16.0,5.0,1.0,0.0,1.0,1.0,19.0,9.0,1.0,0.0,2.0,0.0,2.0,1.0,1.0,0.0,0.0,0.0,16.0,9.0,2.0,0.0,2.0,0.0,2.0,1.0,0.0,11.0,11.0,2.0,0.0,1.0,1.0,0.0,0.0,0.0,0.0,9.0,11.0,1.0,0.0,1.0,1.0,0.0,0.0,0.0,0.0,0.0,9.0,6.0,0.0,0.0,1.0,1.0,1.0,1.0,0.0,10.0,4.0,1.0,0.0,1.0,0.0,1.0,0.0,0.0,1.0,1.0,11.0,2.0,1.0,0.0,0.0,0.0,1.0,1.0,1.0,1.0,0.0,9.0,1.0,1.0,0.0,1.0,1.0,1.0,1.0,6.0,1.0,1.0,2.0,2.0,0.0,0.0,0.0,0.0,0.0,0.0,0.0,0.0,0.0,0.0,0.0,0.0,0.0,0.0,0.0,1.0,0.0,1.0,1.0,0.0,0.0,1.0,1.0,0.0,0.0,0.0,0.0,0.0,0.0,0.0,0.0,0.0,0.0,0.0,0.0,0.0,0.0,0.0,0.0,0.0,0.0,0.0,0.0,0.0,0.0,0.0,0.0,0.0,0.0,0.0,0.0,0.0,0.0,0.0,0.0,0.0,1.0,0.0,0.0,0.0,0.0,0.0,0.0,0.0,1.0,2.0,1.0,0.0,0.0,1.0,0.0,0.0,0.0,0.0,0.0,1.0,2.0,1.0,2.0,17.0,2.0,2.0,6.0,5.0,5.0,3.0,18.0
CHEMBL575312,Kd,1.2,22.0,16.0,2.0,2.0,0.0,0.0,36.0,16.0,3.0,2.0,0.0,0.0,0.0,3.0,2.0,0.0,0.0,0.0,33.0,16.0,5.0,4.0,0.0,0.0,0.0,1.0,1.0,27.0,18.0,4.0,2.0,0.0,0.0,1.0,1.0,0.0,0.0,22.0,16.0,3.0,4.0,0.0,0.0,1.0,1.0,0.0,0.0,1.0,25.0,11.0,3.0,4.0,0.0,0.0,2.0,0.0,0.0,23.0,14.0,6.0,1.0,0.0,0.0,0.0,1.0,0.0,0.0,0.0,23.0,8.0,3.0,1.0,0.0,0.0,2.0,1.0,0.0,0.0,0.0,21.0,9.0,2.0,1.0,0.0,0.0,2.0,1.0,20.0,10.0,2.0,0.0,0.0,1.0,0.0,0.0,0.0,0.0,4.0,0.0,2.0,0.0,0.0,0.0,2.0,2.0,0.0,4.0,1.0,0.0,0.0,0.0,2.0,0.0,10.0,0.0,5.0,0.0,1.0,0.0,0.0,3.0,0.0,0.0,0.0,0.0,0.0,0.0,0.0,0.0,0.0,0.0,0.0,0.0,0.0,0.0,0.0,0.0,4.0,2.0,1.0,6.0,0.0,0.0,0.0,2.0,0.0,0.0,0.0,6.0,4.0,0.0,0.0,3.0,0.0,1.0,0.0,0.0,4.0,0.0,2.0,0.0,1.0,3.0,0.0,0.0,0.0,2.0,0.0,0.0,2.0,5.0,23.0,7.0,2.0,20.0,13.0,13.0,5.0,24.0
CHEMBL577406,Kd,5.2,23.0,13.0,6.0,2.0,0.0,0.0,35.0,13.0,8.0,2.0,0.0,0.0,0.0,3.0,2.0,0.0,0.0,0.0,32.0,14.0,7.0,4.0,0.0,0.0,0.0,0.0,4.0,25.0,17.0,10.0,2.0,0.0,0.0,1.0,1.0,0.0,0.0,22.0,16.0,7.0,3.0,0.0,0.0,0.0,2.0,0.0,0.0,1.0,29.0,9.0,4.0,3.0,0.0,0.0,2.0,0.0,1.0,27.0,14.0,9.0,1.0,0.0,0.0,0.0,1.0,0.0,0.0,0.0,31.0,7.0,7.0,2.0,0.0,0.0,2.0,1.0,0.0,0.0,0.0,28.0,8.0,5.0,3.0,0.0,0.0,1.0,2.0,20.0,10.0,5.0,0.0,0.0,1.0,1.0,0.0,0.0,0.0,6.0,0.0,3.0,0.0,3.0,0.0,3.0,0.0,3.0,3.0,1.0,0.0,0.0,0.0,1.0,2.0,11.0,0.0,6.0,0.0,1.0,0.0,0.0,3.0,0.0,0.0,0.0,0.0,0.0,0.0,0.0,0.0,0.0,0.0,0.0,0.0,0.0,0.0,0.0,0.0,3.0,3.0,3.0,6.0,0.0,0.0,0.0,3.0,5.0,3.0,2.0,4.0,3.0,0.0,0.0,1.0,6.0,4.0,1.0,0.0,3.0,0.0,0.0,3.0,3.0,3.0,0.0,0.0,1.0,1.0,0.0,0.0,2.0,5.0,23.0,7.0,2.0,21.0,15.0,15.0,8.0,23.0
CHEMBL405130,Kd,1313.0,13.0,6.0,5.0,0.0,0.0,0.0,19.0,6.0,6.0,0.0,0.0,0.0,0.0,2.0,0.0,0.0,0.0,0.0,17.0,11.0,6.0,0.0,0.0,0.0,0.0,0.0,0.0,14.0,8.0,6.0,0.0,0.0,0.0,1.0,1.0,0.0,0.0,16.0,6.0,2.0,0.0,0.0,0.0,0.0,4.0,0.0,0.0,0.0,14.0,6.0,3.0,0.0,0.0,0.0,0.0,2.0,0.0,11.0,4.0,4.0,0.0,0.0,0.0,0.0,0.0,1.0,0.0,0.0,7.0,1.0,7.0,0.0,0.0,0.0,0.0,0.0,0.0,0.0,0.0,5.0,0.0,5.0,0.0,0.0,0.0,0.0,1.0,3.0,0.0,2.0,0.0,0.0,0.0,0.0,0.0,0.0,0.0,0.0,0.0,0.0,0.0,0.0,0.0,0.0,0.0,0.0,2.0,1.0,0.0,0.0,0.0,0.0,2.0,2.0,0.0,0.0,0.0,0.0,0.0,0.0,0.0,0.0,0.0,0.0,0.0,0.0,0.0,0.0,0.0,0.0,0.0,0.0,0.0,0.0,0.0,0.0,0.0,0.0,0.0,0.0,0.0,0.0,0.0,0.0,0.0,0.0,0.0,0.0,0.0,0.0,0.0,0.0,0.0,0.0,2.0,2.0,0.0,1.0,0.0,0.0,0.0,3.0,0.0,0.0,0.0,2.0,0.0,0.0,0.0,2.0,2.0,16.0,2.0,0.0,11.0,5.0,5.0,4.0,15.0
CHEMBL2203437,Kd,0.4,24.0,12.0,5.0,0.0,0.0,0.0,32.0,16.0,8.0,0.0,0.0,0.0,0.0,2.0,3.0,0.0,0.0,0.0,31.0,12.0,10.0,0.0,0.0,0.0,0.0,1.0,3.0,27.0,13.0,9.0,0.0,0.0,0.0,1.0,2.0,0.0,0.0,22.0,13.0,8.0,0.0,0.0,0.0,1.0,1.0,0.0,0.0,1.0,22.0,12.0,7.0,0.0,0.0,0.0,0.0,1.0,1.0,23.0,9.0,7.0,0.0,0.0,0.0,0.0,2.0,2.0,0.0,0.0,23.0,8.0,8.0,0.0,0.0,0.0,1.0,0.0,0.0,0.0,0.0,20.0,11.0,6.0,0.0,0.0,0.0,1.0,1.0,23.0,4.0,3.0,0.0,0.0,2.0,3.0,0.0,0.0,1.0,4.0,2.0,2.0,0.0,0.0,0.0,1.0,0.0,0.0,6.0,3.0,3.0,2.0,0.0,1.0,1.0,15.0,2.0,10.0,0.0,2.0,0.0,0.0,9.0,0.0,0.0,0.0,0.0,0.0,2.0,1.0,0.0,0.0,0.0,1.0,2.0,0.0,2.0,2.0,2.0,5.0,5.0,7.0,10.0,0.0,0.0,0.0,7.0,0.0,2.0,0.0,6.0,3.0,6.0,0.0,2.0,0.0,1.0,0.0,0.0,4.0,3.0,0.0,0.0,3.0,6.0,2.0,0.0,1.0,1.0,1.0,1.0,2.0,3.0,17.0,4.0,2.0,17.0,19.0,19.0,11.0,23.0
CHEMBL2203436,Kd,3.4,22.0,12.0,5.0,0.0,3.0,3.0,29.0,14.0,8.0,0.0,3.0,0.0,3.0,2.0,3.0,3.0,3.0,3.0,27.0,12.0,10.0,0.0,0.0,0.0,0.0,1.0,3.0,23.0,13.0,9.0,0.0,6.0,6.0,1.0,2.0,0.0,0.0,20.0,13.0,8.0,0.0,6.0,6.0,1.0,1.0,0.0,0.0,1.0,22.0,12.0,5.0,0.0,3.0,3.0,0.0,1.0,1.0,21.0,9.0,7.0,0.0,0.0,0.0,0.0,2.0,2.0,0.0,0.0,19.0,8.0,8.0,0.0,3.0,3.0,1.0,0.0,0.0,0.0,0.0,18.0,9.0,6.0,0.0,6.0,6.0,1.0,1.0,21.0,4.0,3.0,3.0,3.0,2.0,3.0,3.0,3.0,1.0,5.0,2.0,2.0,0.0,0.0,0.0,3.0,0.0,0.0,3.0,3.0,3.0,2.0,3.0,1.0,1.0,13.0,2.0,8.0,0.0,1.0,0.0,0.0,6.0,0.0,0.0,0.0,0.0,0.0,2.0,1.0,0.0,0.0,0.0,1.0,2.0,0.0,2.0,2.0,2.0,3.0,3.0,3.0,6.0,0.0,0.0,0.0,3.0,0.0,2.0,0.0,6.0,3.0,0.0,0.0,2.0,0.0,1.0,0.0,3.0,4.0,3.0,0.0,0.0,3.0,3.0,2.0,3.0,1.0,1.0,1.0,1.0,2.0,3.0,17.0,4.0,2.0,17.0,18.0,18.0,12.0,23.0
CHEMBL482968,Kd,8.0,16.0,14.0,0.0,0.0,0.0,0.0,22.0,16.0,0.0,0.0,0.0,0.0,0.0,4.0,0.0,0.0,0.0,0.0,22.0,14.0,0.0,0.0,0.0,0.0,0.0,2.0,0.0,18.0,12.0,0.0,0.0,0.0,0.0,4.0,0.0,0.0,0.0,18.0,17.0,0.0,0.0,0.0,0.0,2.0,0.0,0.0,0.0,0.0,18.0,19.0,0.0,0.0,0.0,0.0,2.0,0.0,0.0,21.0,13.0,0.0,0.0,0.0,0.0,0.0,4.0,0.0,0.0,0.0,20.0,16.0,0.0,0.0,0.0,0.0,0.0,0.0,0.0,0.0,0.0,21.0,9.0,0.0,0.0,0.0,0.0,1.0,0.0,16.0,8.0,0.0,0.0,0.0,1.0,0.0,0.0,0.0,0.0,4.0,0.0,2.0,0.0,0.0,0.0,2.0,2.0,0.0,2.0,1.0,0.0,0.0,0.0,2.0,0.0,8.0,0.0,2.0,0.0,0.0,0.0,0.0,0.0,0.0,0.0,0.0,0.0,0.0,0.0,0.0,0.0,0.0,0.0,0.0,0.0,0.0,0.0,0.0,0.0,4.0,2.0,1.0,6.0,0.0,0.0,0.0,2.0,0.0,0.0,0.0,5.0,4.0,0.0,0.0,0.0,0.0,0.0,0.0,0.0,3.0,0.0,2.0,0.0,0.0,1.0,0.0,0.0,0.0,1.0,0.0,0.0,3.0,4.0,17.0,6.0,4.0,14.0,14.0,14.0,5.0,19.0
CHEMBL460702,Kd,228.0,22.0,8.0,6.0,0.0,2.0,3.0,27.0,10.0,9.0,0.0,4.0,2.0,6.0,1.0,2.0,0.0,0.0,0.0,27.0,11.0,14.0,0.0,4.0,1.0,5.0,0.0,0.0,30.0,4.0,7.0,0.0,3.0,5.0,1.0,6.0,1.0,1.0,30.0,7.0,11.0,0.0,3.0,5.0,0.0,1.0,1.0,1.0,0.0,23.0,11.0,13.0,0.0,5.0,7.0,0.0,0.0,0.0,21.0,10.0,9.0,0.0,4.0,1.0,5.0,0.0,0.0,2.0,2.0,22.0,6.0,7.0,0.0,3.0,3.0,0.0,0.0,1.0,2.0,0.0,23.0,0.0,3.0,0.0,3.0,4.0,2.0,1.0,17.0,3.0,7.0,5.0,6.0,0.0,0.0,0.0,0.0,0.0,1.0,0.0,0.0,0.0,0.0,0.0,0.0,0.0,1.0,1.0,1.0,1.0,1.0,2.0,0.0,2.0,8.0,2.0,4.0,1.0,0.0,4.0,2.0,1.0,0.0,0.0,0.0,2.0,0.0,0.0,0.0,0.0,0.0,0.0,0.0,0.0,0.0,1.0,0.0,0.0,1.0,0.0,0.0,0.0,0.0,0.0,0.0,0.0,0.0,2.0,2.0,2.0,0.0,0.0,0.0,2.0,0.0,2.0,0.0,2.0,3.0,1.0,0.0,0.0,4.0,1.0,0.0,0.0,0.0,1.0,1.0,2.0,1.0,1.0,18.0,2.0,7.0,14.0,7.0,7.0,8.0,24.0
CHEMBL259084,Kd,9500.0,25.0,8.0,2.0,0.0,2.0,3.0,35.0,8.0,2.0,0.0,4.0,2.0,6.0,3.0,0.0,0.0,0.0,0.0,33.0,18.0,4.0,0.0,6.0,2.0,8.0,0.0,0.0,30.0,15.0,4.0,0.0,4.0,6.0,2.0,0.0,2.0,2.0,32.0,16.0,2.0,0.0,6.0,8.0,0.0,0.0,0.0,1.0,0.0,30.0,10.0,0.0,0.0,8.0,12.0,1.0,2.0,0.0,25.0,10.0,2.0,0.0,4.0,4.0,8.0,0.0,0.0,2.0,2.0,22.0,7.0,0.0,0.0,2.0,3.0,0.0,4.0,2.0,4.0,0.0,18.0,5.0,4.0,0.0,0.0,1.0,0.0,0.0,16.0,2.0,4.0,2.0,4.0,0.0,0.0,0.0,0.0,0.0,1.0,0.0,0.0,0.0,0.0,0.0,0.0,0.0,0.0,0.0,1.0,0.0,1.0,2.0,0.0,0.0,3.0,1.0,0.0,0.0,0.0,0.0,0.0,0.0,0.0,0.0,0.0,0.0,0.0,0.0,0.0,0.0,0.0,0.0,0.0,0.0,0.0,0.0,0.0,0.0,0.0,0.0,0.0,0.0,0.0,0.0,0.0,0.0,0.0,0.0,0.0,1.0,0.0,0.0,0.0,0.0,0.0,1.0,0.0,2.0,2.0,0.0,0.0,0.0,2.0,0.0,0.0,0.0,0.0,0.0,1.0,2.0,2.0,2.0,24.0,3.0,6.0,10.0,5.0,5.0,4.0,25.0
CHEMBL491473,Kd,2300.0,21.0,9.0,6.0,0.0,1.0,1.0,30.0,10.0,8.0,0.0,2.0,0.0,2.0,1.0,1.0,0.0,0.0,0.0,28.0,9.0,10.0,0.0,3.0,0.0,3.0,0.0,0.0,26.0,6.0,9.0,0.0,3.0,3.0,0.0,3.0,1.0,1.0,25.0,6.0,7.0,0.0,2.0,2.0,0.0,3.0,1.0,1.0,1.0,22.0,10.0,7.0,0.0,3.0,3.0,0.0,1.0,1.0,26.0,8.0,4.0,0.0,2.0,0.0,2.0,1.0,1.0,1.0,1.0,23.0,9.0,7.0,0.0,1.0,1.0,1.0,0.0,0.0,0.0,0.0,20.0,8.0,7.0,0.0,1.0,1.0,1.0,0.0,18.0,4.0,3.0,1.0,1.0,1.0,2.0,0.0,0.0,0.0,7.0,0.0,5.0,2.0,1.0,0.0,3.0,0.0,1.0,2.0,0.0,0.0,0.0,1.0,1.0,3.0,9.0,0.0,5.0,0.0,0.0,0.0,0.0,3.0,0.0,0.0,0.0,0.0,0.0,1.0,0.0,0.0,0.0,0.0,0.0,1.0,0.0,3.0,2.0,1.0,3.0,3.0,3.0,6.0,0.0,0.0,0.0,3.0,0.0,1.0,0.0,3.0,3.0,0.0,0.0,0.0,0.0,2.0,2.0,1.0,1.0,0.0,0.0,0.0,3.0,1.0,3.0,0.0,2.0,1.0,0.0,0.0,2.0,3.0,19.0,4.0,0.0,15.0,13.0,13.0,8.0,18.0
CHEMBL255863,Kd,40000.0,24.0,15.0,1.0,0.0,3.0,3.0,35.0,15.0,1.0,0.0,3.0,0.0,3.0,4.0,1.0,3.0,3.0,3.0,31.0,21.0,3.0,0.0,6.0,0.0,6.0,0.0,0.0,27.0,19.0,4.0,0.0,6.0,6.0,2.0,0.0,0.0,0.0,30.0,19.0,3.0,0.0,3.0,3.0,1.0,1.0,6.0,6.0,0.0,31.0,13.0,4.0,0.0,9.0,9.0,3.0,1.0,0.0,32.0,9.0,2.0,0.0,6.0,0.0,6.0,2.0,2.0,3.0,3.0,29.0,11.0,3.0,0.0,9.0,9.0,0.0,1.0,0.0,0.0,0.0,24.0,14.0,3.0,0.0,6.0,6.0,1.0,0.0,21.0,14.0,2.0,3.0,3.0,0.0,0.0,3.0,3.0,0.0,0.0,0.0,0.0,0.0,0.0,0.0,0.0,0.0,0.0,2.0,2.0,1.0,1.0,3.0,0.0,0.0,4.0,1.0,0.0,0.0,0.0,0.0,0.0,0.0,0.0,0.0,0.0,0.0,0.0,0.0,0.0,0.0,0.0,0.0,0.0,0.0,0.0,0.0,0.0,0.0,0.0,0.0,0.0,0.0,0.0,0.0,0.0,0.0,0.0,0.0,0.0,1.0,0.0,0.0,0.0,1.0,0.0,0.0,0.0,3.0,2.0,1.0,0.0,0.0,1.0,2.0,0.0,3.0,0.0,0.0,1.0,2.0,4.0,5.0,29.0,5.0,2.0,16.0,6.0,6.0,6.0,29.0
CHEMBL217092,Kd,140.0,20.0,12.0,10.0,0.0,0.0,1.0,31.0,11.0,13.0,0.0,0.0,2.0,2.0,2.0,0.0,0.0,0.0,0.0,32.0,11.0,12.0,0.0,0.0,2.0,2.0,1.0,2.0,27.0,12.0,7.0,0.0,0.0,2.0,1.0,5.0,0.0,0.0,30.0,12.0,11.0,0.0,0.0,2.0,0.0,1.0,0.0,1.0,0.0,34.0,13.0,11.0,0.0,0.0,3.0,0.0,4.0,0.0,33.0,12.0,14.0,0.0,0.0,2.0,2.0,1.0,2.0,0.0,1.0,28.0,11.0,11.0,0.0,0.0,2.0,0.0,4.0,0.0,0.0,2.0,27.0,6.0,11.0,0.0,0.0,2.0,2.0,0.0,24.0,8.0,10.0,0.0,3.0,1.0,1.0,0.0,0.0,1.0,11.0,2.0,5.0,0.0,3.0,0.0,4.0,2.0,5.0,1.0,1.0,0.0,0.0,0.0,2.0,5.0,13.0,0.0,7.0,0.0,0.0,0.0,0.0,3.0,0.0,0.0,0.0,0.0,0.0,2.0,1.0,0.0,0.0,0.0,0.0,0.0,2.0,0.0,0.0,4.0,5.0,5.0,4.0,10.0,0.0,0.0,0.0,4.0,2.0,5.0,2.0,6.0,6.0,0.0,0.0,0.0,2.0,6.0,4.0,0.0,3.0,0.0,2.0,1.0,5.0,0.0,2.0,0.0,2.0,2.0,0.0,0.0,2.0,2.0,16.0,7.0,0.0,22.0,21.0,21.0,8.0,18.0
CHEMBL3544932,Kd,554.0,26.0,9.0,1.0,2.0,0.0,0.0,39.0,10.0,5.0,3.0,0.0,0.0,0.0,1.0,1.0,0.0,0.0,0.0,40.0,14.0,9.0,2.0,0.0,0.0,0.0,0.0,0.0,41.0,9.0,9.0,2.0,0.0,0.0,1.0,0.0,0.0,0.0,41.0,11.0,8.0,2.0,0.0,0.0,1.0,1.0,0.0,0.0,0.0,42.0,11.0,8.0,3.0,0.0,0.0,0.0,1.0,0.0,36.0,10.0,10.0,4.0,0.0,0.0,0.0,1.0,1.0,0.0,0.0,31.0,11.0,11.0,2.0,0.0,0.0,0.0,2.0,0.0,0.0,0.0,28.0,8.0,6.0,3.0,0.0,0.0,1.0,4.0,20.0,9.0,7.0,0.0,0.0,0.0,0.0,0.0,0.0,1.0,5.0,2.0,2.0,0.0,0.0,0.0,1.0,2.0,0.0,4.0,1.0,1.0,1.0,0.0,1.0,0.0,11.0,1.0,5.0,0.0,0.0,0.0,0.0,3.0,0.0,0.0,2.0,0.0,0.0,2.0,1.0,0.0,0.0,0.0,1.0,2.0,0.0,4.0,2.0,0.0,4.0,2.0,1.0,6.0,0.0,0.0,2.0,1.0,0.0,0.0,0.0,5.0,4.0,1.0,1.0,0.0,0.0,0.0,0.0,0.0,2.0,1.0,0.0,0.0,3.0,3.0,2.0,0.0,0.0,1.0,1.0,3.0,1.0,2.0,19.0,3.0,6.0,12.0,15.0,15.0,5.0,23.0
CHEMBL1782075,Kd,460.0,19.0,14.0,0.0,0.0,0.0,0.0,30.0,10.0,0.0,0.0,0.0,0.0,0.0,5.0,0.0,0.0,0.0,0.0,25.0,20.0,0.0,0.0,0.0,0.0,0.0,1.0,0.0,23.0,16.0,0.0,0.0,0.0,0.0,1.0,0.0,0.0,0.0,24.0,10.0,0.0,0.0,0.0,0.0,3.0,0.0,0.0,0.0,0.0,15.0,15.0,0.0,0.0,0.0,0.0,0.0,0.0,0.0,13.0,9.0,0.0,0.0,0.0,0.0,0.0,3.0,0.0,0.0,0.0,12.0,13.0,0.0,0.0,0.0,0.0,0.0,0.0,0.0,0.0,0.0,17.0,7.0,0.0,0.0,0.0,0.0,2.0,0.0,15.0,7.0,0.0,0.0,0.0,0.0,0.0,0.0,0.0,0.0,5.0,0.0,2.0,0.0,0.0,0.0,2.0,0.0,0.0,0.0,0.0,0.0,0.0,0.0,2.0,0.0,5.0,0.0,2.0,0.0,0.0,0.0,0.0,0.0,0.0,0.0,0.0,0.0,0.0,0.0,0.0,0.0,0.0,0.0,0.0,0.0,0.0,0.0,0.0,0.0,4.0,0.0,0.0,4.0,0.0,0.0,0.0,2.0,0.0,0.0,0.0,4.0,2.0,0.0,0.0,0.0,0.0,0.0,0.0,0.0,2.0,0.0,2.0,0.0,0.0,0.0,1.0,0.0,0.0,0.0,0.0,0.0,4.0,4.0,22.0,6.0,0.0,14.0,8.0,8.0,4.0,20.0
CHEMBL575307,Kd,2.7,20.0,10.0,3.0,2.0,0.0,0.0,30.0,10.0,5.0,2.0,0.0,0.0,0.0,3.0,2.0,0.0,0.0,0.0,23.0,14.0,7.0,4.0,0.0,0.0,0.0,0.0,1.0,19.0,15.0,5.0,2.0,0.0,0.0,1.0,1.0,0.0,0.0,15.0,13.0,4.0,2.0,0.0,0.0,0.0,2.0,0.0,0.0,1.0,19.0,6.0,4.0,2.0,0.0,0.0,1.0,1.0,0.0,17.0,8.0,7.0,1.0,0.0,0.0,0.0,1.0,0.0,0.0,0.0,18.0,4.0,4.0,0.0,0.0,0.0,1.0,1.0,0.0,0.0,0.0,16.0,5.0,4.0,1.0,0.0,0.0,1.0,1.0,13.0,6.0,4.0,0.0,0.0,1.0,0.0,0.0,0.0,0.0,0.0,0.0,0.0,0.0,0.0,0.0,0.0,0.0,0.0,3.0,1.0,0.0,0.0,0.0,0.0,0.0,5.0,0.0,3.0,0.0,1.0,0.0,0.0,3.0,0.0,0.0,0.0,0.0,0.0,0.0,0.0,0.0,0.0,0.0,0.0,0.0,0.0,0.0,0.0,0.0,0.0,0.0,0.0,0.0,0.0,0.0,0.0,0.0,0.0,0.0,0.0,1.0,0.0,0.0,0.0,1.0,0.0,1.0,0.0,0.0,2.0,0.0,0.0,0.0,2.0,3.0,0.0,0.0,0.0,0.0,0.0,0.0,2.0,5.0,23.0,5.0,2.0,15.0,7.0,7.0,4.0,22.0
CHEMBL574575,Kd,0.98,24.0,16.0,3.0,2.0,0.0,0.0,38.0,16.0,4.0,2.0,0.0,0.0,0.0,3.0,3.0,0.0,0.0,0.0,35.0,16.0,9.0,4.0,0.0,0.0,0.0,1.0,1.0,28.0,19.0,8.0,3.0,0.0,0.0,1.0,1.0,0.0,0.0,25.0,17.0,4.0,2.0,0.0,0.0,0.0,2.0,0.0,0.0,1.0,28.0,10.0,5.0,4.0,0.0,0.0,2.0,1.0,0.0,25.0,13.0,8.0,3.0,0.0,0.0,0.0,2.0,1.0,0.0,0.0,27.0,10.0,4.0,0.0,0.0,0.0,1.0,1.0,0.0,0.0,0.0,25.0,9.0,3.0,2.0,0.0,0.0,2.0,1.0,21.0,10.0,4.0,0.0,0.0,2.0,0.0,0.0,0.0,0.0,5.0,0.0,2.0,0.0,0.0,0.0,4.0,0.0,0.0,4.0,2.0,2.0,2.0,0.0,2.0,0.0,12.0,2.0,6.0,0.0,1.0,0.0,0.0,3.0,0.0,0.0,0.0,0.0,0.0,0.0,0.0,0.0,0.0,0.0,0.0,0.0,0.0,0.0,0.0,0.0,5.0,5.0,4.0,10.0,0.0,0.0,2.0,4.0,0.0,0.0,0.0,8.0,6.0,0.0,2.0,1.0,0.0,0.0,0.0,0.0,4.0,3.0,2.0,0.0,2.0,4.0,0.0,0.0,0.0,1.0,1.0,2.0,2.0,5.0,23.0,7.0,2.0,21.0,15.0,15.0,8.0,26.0
CHEMBL1081345,Kd,0.75,24.0,7.0,3.0,0.0,0.0,0.0,33.0,8.0,4.0,0.0,0.0,0.0,0.0,2.0,3.0,0.0,0.0,0.0,27.0,11.0,8.0,0.0,0.0,0.0,0.0,0.0,1.0,21.0,11.0,8.0,0.0,0.0,0.0,1.0,1.0,0.0,0.0,18.0,9.0,7.0,0.0,0.0,0.0,1.0,1.0,0.0,0.0,1.0,20.0,8.0,6.0,0.0,0.0,0.0,0.0,0.0,0.0,19.0,7.0,6.0,0.0,0.0,0.0,0.0,1.0,2.0,0.0,0.0,20.0,5.0,4.0,0.0,0.0,0.0,0.0,0.0,0.0,0.0,0.0,20.0,4.0,2.0,0.0,0.0,0.0,1.0,1.0,15.0,6.0,3.0,0.0,0.0,0.0,1.0,0.0,0.0,0.0,0.0,0.0,0.0,0.0,0.0,0.0,0.0,0.0,0.0,3.0,2.0,1.0,1.0,0.0,0.0,0.0,6.0,1.0,3.0,0.0,1.0,0.0,0.0,3.0,0.0,0.0,0.0,0.0,0.0,0.0,0.0,0.0,0.0,0.0,0.0,0.0,0.0,0.0,0.0,0.0,0.0,0.0,0.0,0.0,0.0,0.0,0.0,0.0,0.0,0.0,0.0,2.0,0.0,0.0,0.0,2.0,0.0,1.0,0.0,0.0,3.0,1.0,0.0,0.0,2.0,3.0,0.0,0.0,0.0,0.0,1.0,2.0,1.0,2.0,21.0,2.0,4.0,10.0,8.0,8.0,7.0,24.0
CHEMBL4788945,Kd,170.0,17.0,7.0,2.0,2.0,0.0,1.0,22.0,7.0,3.0,2.0,0.0,2.0,2.0,2.0,0.0,0.0,0.0,0.0,17.0,10.0,4.0,3.0,0.0,2.0,2.0,0.0,0.0,12.0,9.0,3.0,3.0,0.0,1.0,0.0,0.0,0.0,0.0,16.0,4.0,1.0,3.0,0.0,1.0,0.0,3.0,0.0,0.0,0.0,20.0,4.0,0.0,2.0,0.0,2.0,0.0,1.0,0.0,17.0,6.0,1.0,2.0,0.0,2.0,2.0,0.0,0.0,0.0,0.0,11.0,7.0,2.0,2.0,0.0,1.0,0.0,0.0,0.0,0.0,0.0,7.0,6.0,2.0,0.0,0.0,1.0,0.0,0.0,6.0,4.0,1.0,0.0,0.0,2.0,0.0,0.0,1.0,1.0,6.0,2.0,4.0,3.0,0.0,0.0,0.0,0.0,1.0,0.0,1.0,0.0,0.0,0.0,0.0,1.0,7.0,0.0,6.0,0.0,0.0,0.0,0.0,6.0,0.0,0.0,2.0,0.0,0.0,6.0,6.0,1.0,0.0,0.0,2.0,2.0,0.0,2.0,0.0,0.0,2.0,0.0,0.0,0.0,0.0,0.0,0.0,0.0,0.0,0.0,0.0,1.0,0.0,0.0,0.0,0.0,0.0,1.0,1.0,0.0,2.0,0.0,0.0,0.0,1.0,0.0,5.0,0.0,1.0,0.0,0.0,0.0,2.0,3.0,15.0,3.0,0.0,11.0,11.0,11.0,5.0,14.0
CHEMBL5087055,Kd,470.0,15.0,17.0,2.0,0.0,0.0,0.0,24.0,20.0,2.0,0.0,0.0,0.0,0.0,6.0,0.0,0.0,0.0,0.0,21.0,29.0,0.0,0.0,0.0,0.0,0.0,2.0,1.0,26.0,20.0,1.0,0.0,0.0,0.0,8.0,1.0,0.0,0.0,24.0,17.0,3.0,0.0,0.0,0.0,9.0,0.0,0.0,0.0,0.0,14.0,23.0,0.0,0.0,0.0,0.0,1.0,1.0,0.0,14.0,17.0,1.0,0.0,0.0,0.0,0.0,5.0,0.0,0.0,0.0,12.0,16.0,0.0,0.0,0.0,0.0,0.0,2.0,0.0,0.0,0.0,15.0,9.0,2.0,0.0,0.0,0.0,2.0,0.0,16.0,8.0,1.0,0.0,0.0,2.0,2.0,0.0,0.0,2.0,6.0,3.0,3.0,1.0,1.0,0.0,0.0,0.0,2.0,3.0,1.0,0.0,0.0,0.0,1.0,1.0,12.0,0.0,7.0,0.0,0.0,0.0,0.0,5.0,0.0,0.0,1.0,0.0,0.0,3.0,1.0,0.0,0.0,0.0,1.0,1.0,1.0,2.0,0.0,2.0,3.0,0.0,0.0,3.0,0.0,0.0,0.0,2.0,0.0,2.0,2.0,2.0,1.0,1.0,0.0,0.0,0.0,2.0,0.0,0.0,4.0,0.0,0.0,0.0,1.0,2.0,3.0,0.0,0.0,0.0,0.0,0.0,3.0,5.0,14.0,7.0,0.0,19.0,17.0,17.0,4.0,15.0
CHEMBL2207506,Kd,14.0,12.0,18.0,1.0,0.0,0.0,1.0,20.0,20.0,3.0,0.0,0.0,0.0,2.0,3.0,0.0,0.0,0.0,0.0,22.0,13.0,1.0,0.0,0.0,0.0,1.0,6.0,0.0,18.0,17.0,0.0,0.0,0.0,3.0,4.0,1.0,0.0,1.0,18.0,17.0,2.0,0.0,0.0,3.0,1.0,0.0,0.0,1.0,0.0,15.0,13.0,2.0,0.0,0.0,1.0,4.0,0.0,0.0,15.0,10.0,0.0,0.0,0.0,0.0,2.0,3.0,1.0,0.0,1.0,12.0,11.0,1.0,0.0,0.0,3.0,0.0,0.0,0.0,1.0,0.0,11.0,8.0,2.0,0.0,0.0,1.0,2.0,0.0,7.0,7.0,2.0,0.0,1.0,3.0,1.0,0.0,0.0,0.0,5.0,0.0,2.0,0.0,0.0,0.0,4.0,0.0,0.0,2.0,0.0,0.0,0.0,0.0,2.0,0.0,7.0,0.0,2.0,0.0,0.0,0.0,0.0,0.0,0.0,0.0,0.0,0.0,0.0,0.0,0.0,0.0,0.0,0.0,0.0,0.0,0.0,0.0,0.0,0.0,4.0,2.0,1.0,6.0,0.0,0.0,0.0,2.0,0.0,0.0,0.0,5.0,4.0,0.0,0.0,0.0,0.0,0.0,0.0,0.0,2.0,0.0,2.0,0.0,0.0,1.0,0.0,0.0,0.0,2.0,0.0,0.0,4.0,7.0,19.0,9.0,0.0,19.0,12.0,12.0,3.0,16.0
CHEMBL2403108,Kd,4255.0,24.0,10.0,2.0,2.0,0.0,1.0,31.0,9.0,8.0,4.0,0.0,2.0,2.0,4.0,0.0,0.0,0.0,0.0,33.0,14.0,10.0,2.0,0.0,0.0,0.0,0.0,1.0,34.0,13.0,7.0,2.0,0.0,2.0,2.0,2.0,0.0,0.0,35.0,16.0,7.0,1.0,0.0,2.0,0.0,2.0,0.0,1.0,0.0,29.0,19.0,6.0,2.0,0.0,3.0,0.0,2.0,0.0,28.0,17.0,5.0,0.0,0.0,4.0,4.0,0.0,2.0,0.0,0.0,27.0,12.0,1.0,1.0,0.0,4.0,1.0,4.0,0.0,0.0,0.0,20.0,14.0,4.0,2.0,0.0,3.0,0.0,0.0,25.0,2.0,6.0,0.0,3.0,2.0,0.0,0.0,0.0,3.0,4.0,2.0,2.0,0.0,0.0,2.0,0.0,0.0,0.0,5.0,3.0,0.0,0.0,0.0,0.0,1.0,12.0,0.0,8.0,0.0,0.0,0.0,0.0,5.0,0.0,0.0,0.0,0.0,2.0,2.0,1.0,0.0,0.0,0.0,1.0,2.0,0.0,2.0,0.0,0.0,2.0,0.0,0.0,2.0,0.0,0.0,0.0,1.0,0.0,2.0,0.0,2.0,1.0,0.0,0.0,0.0,0.0,1.0,1.0,0.0,3.0,0.0,0.0,0.0,3.0,5.0,2.0,0.0,1.0,0.0,0.0,0.0,2.0,2.0,18.0,3.0,4.0,14.0,18.0,18.0,9.0,23.0
CHEMBL3545360,Kd,627.0,20.0,19.0,2.0,2.0,0.0,0.0,32.0,14.0,6.0,4.0,0.0,0.0,0.0,7.0,0.0,0.0,0.0,0.0,34.0,20.0,10.0,2.0,0.0,0.0,0.0,1.0,1.0,33.0,15.0,6.0,2.0,0.0,0.0,4.0,3.0,0.0,0.0,31.0,20.0,6.0,0.0,0.0,0.0,1.0,2.0,0.0,0.0,0.0,23.0,25.0,4.0,2.0,0.0,0.0,0.0,4.0,0.0,25.0,16.0,5.0,0.0,0.0,0.0,0.0,3.0,2.0,0.0,0.0,23.0,18.0,1.0,1.0,0.0,0.0,0.0,5.0,0.0,0.0,0.0,24.0,11.0,6.0,2.0,0.0,0.0,3.0,0.0,24.0,12.0,8.0,0.0,0.0,0.0,0.0,0.0,0.0,2.0,8.0,2.0,4.0,0.0,0.0,0.0,3.0,2.0,0.0,4.0,2.0,0.0,0.0,0.0,3.0,1.0,14.0,0.0,8.0,0.0,0.0,0.0,0.0,4.0,0.0,0.0,2.0,0.0,0.0,2.0,1.0,0.0,0.0,0.0,1.0,2.0,0.0,4.0,2.0,0.0,8.0,6.0,6.0,14.0,0.0,0.0,0.0,7.0,0.0,0.0,0.0,8.0,7.0,2.0,0.0,2.0,0.0,1.0,1.0,0.0,5.0,0.0,2.0,0.0,3.0,2.0,2.0,0.0,1.0,3.0,0.0,0.0,3.0,3.0,18.0,6.0,4.0,23.0,22.0,22.0,9.0,23.0
CHEMBL3545307,Kd,309.0,28.0,10.0,4.0,0.0,2.0,2.0,37.0,18.0,6.0,0.0,4.0,0.0,4.0,0.0,2.0,0.0,0.0,0.0,39.0,14.0,12.0,0.0,4.0,0.0,4.0,0.0,0.0,37.0,11.0,12.0,0.0,3.0,3.0,1.0,2.0,1.0,1.0,41.0,10.0,7.0,0.0,3.0,3.0,0.0,5.0,1.0,1.0,0.0,36.0,14.0,9.0,0.0,6.0,6.0,2.0,0.0,0.0,26.0,18.0,5.0,0.0,9.0,0.0,9.0,2.0,0.0,0.0,0.0,22.0,13.0,5.0,0.0,3.0,3.0,0.0,0.0,5.0,5.0,0.0,22.0,8.0,3.0,0.0,3.0,3.0,0.0,1.0,22.0,1.0,6.0,4.0,4.0,4.0,0.0,0.0,0.0,0.0,0.0,0.0,0.0,0.0,0.0,0.0,0.0,0.0,0.0,2.0,1.0,1.0,1.0,2.0,0.0,1.0,8.0,2.0,4.0,1.0,0.0,4.0,1.0,2.0,0.0,0.0,0.0,1.0,0.0,0.0,0.0,0.0,0.0,0.0,0.0,0.0,0.0,1.0,0.0,0.0,1.0,0.0,0.0,0.0,0.0,0.0,0.0,0.0,0.0,0.0,0.0,2.0,0.0,0.0,0.0,2.0,0.0,0.0,0.0,2.0,2.0,2.0,0.0,0.0,3.0,1.0,0.0,0.0,0.0,0.0,1.0,0.0,2.0,4.0,26.0,5.0,7.0,14.0,8.0,8.0,6.0,31.0
CHEMBL4756510,Kd,320.0,17.0,7.0,3.0,2.0,0.0,1.0,22.0,7.0,5.0,2.0,0.0,2.0,2.0,2.0,0.0,0.0,0.0,0.0,17.0,10.0,6.0,3.0,0.0,2.0,2.0,0.0,1.0,12.0,9.0,5.0,3.0,0.0,1.0,0.0,0.0,0.0,0.0,16.0,4.0,1.0,3.0,0.0,1.0,0.0,4.0,0.0,0.0,0.0,20.0,4.0,2.0,2.0,0.0,2.0,0.0,1.0,0.0,17.0,6.0,3.0,2.0,0.0,2.0,2.0,0.0,0.0,0.0,0.0,11.0,7.0,4.0,2.0,0.0,1.0,0.0,0.0,0.0,0.0,0.0,7.0,6.0,2.0,0.0,0.0,1.0,0.0,0.0,6.0,4.0,2.0,0.0,0.0,2.0,0.0,0.0,1.0,2.0,5.0,2.0,3.0,2.0,0.0,0.0,0.0,0.0,1.0,0.0,1.0,0.0,0.0,0.0,0.0,1.0,7.0,0.0,6.0,0.0,0.0,0.0,0.0,6.0,0.0,0.0,2.0,0.0,0.0,6.0,6.0,1.0,0.0,0.0,2.0,2.0,2.0,2.0,0.0,2.0,2.0,0.0,0.0,0.0,0.0,0.0,0.0,0.0,0.0,2.0,0.0,1.0,0.0,0.0,0.0,0.0,0.0,2.0,1.0,0.0,2.0,0.0,0.0,1.0,2.0,0.0,4.0,0.0,1.0,0.0,0.0,0.0,2.0,3.0,15.0,3.0,0.0,12.0,12.0,12.0,5.0,15.0
CHEMBL4741283,Kd,65.0,17.0,7.0,3.0,2.0,0.0,1.0,22.0,7.0,5.0,2.0,0.0,2.0,2.0,2.0,0.0,0.0,0.0,0.0,17.0,10.0,6.0,3.0,0.0,2.0,2.0,0.0,1.0,12.0,9.0,5.0,3.0,0.0,1.0,0.0,0.0,0.0,0.0,16.0,4.0,1.0,3.0,0.0,1.0,0.0,4.0,0.0,0.0,0.0,20.0,4.0,2.0,2.0,0.0,2.0,0.0,1.0,0.0,17.0,6.0,3.0,2.0,0.0,2.0,2.0,0.0,0.0,0.0,0.0,11.0,7.0,4.0,2.0,0.0,1.0,0.0,0.0,0.0,0.0,0.0,7.0,6.0,2.0,0.0,0.0,1.0,0.0,0.0,6.0,4.0,2.0,0.0,0.0,2.0,0.0,0.0,1.0,2.0,5.0,2.0,3.0,2.0,0.0,0.0,0.0,0.0,1.0,0.0,1.0,0.0,0.0,0.0,0.0,1.0,7.0,0.0,6.0,0.0,0.0,0.0,0.0,6.0,0.0,0.0,2.0,0.0,0.0,6.0,6.0,1.0,0.0,0.0,2.0,2.0,2.0,2.0,0.0,2.0,2.0,0.0,0.0,0.0,0.0,0.0,0.0,0.0,0.0,2.0,0.0,1.0,0.0,0.0,0.0,0.0,0.0,2.0,1.0,0.0,2.0,0.0,0.0,1.0,2.0,0.0,4.0,0.0,1.0,0.0,0.0,0.0,2.0,3.0,15.0,3.0,0.0,12.0,12.0,12.0,5.0,15.0
CHEMBL1944698,Kd,418.0,20.0,9.0,2.0,0.0,0.0,0.0,28.0,7.0,3.0,0.0,0.0,0.0,0.0,3.0,0.0,0.0,0.0,0.0,26.0,13.0,3.0,0.0,0.0,0.0,0.0,0.0,0.0,25.0,14.0,3.0,0.0,0.0,0.0,0.0,0.0,0.0,0.0,29.0,11.0,2.0,0.0,0.0,0.0,1.0,1.0,0.0,0.0,0.0,29.0,12.0,2.0,0.0,0.0,0.0,0.0,1.0,0.0,31.0,5.0,2.0,0.0,0.0,0.0,0.0,2.0,2.0,0.0,0.0,28.0,12.0,2.0,0.0,0.0,0.0,0.0,0.0,0.0,0.0,0.0,24.0,7.0,3.0,0.0,0.0,0.0,0.0,0.0,11.0,2.0,1.0,0.0,0.0,0.0,0.0,0.0,0.0,0.0,4.0,0.0,1.0,0.0,1.0,0.0,1.0,2.0,1.0,1.0,1.0,0.0,0.0,0.0,1.0,1.0,7.0,0.0,3.0,0.0,0.0,2.0,0.0,1.0,0.0,0.0,0.0,0.0,0.0,0.0,0.0,0.0,0.0,0.0,0.0,0.0,0.0,0.0,0.0,1.0,1.0,1.0,0.0,2.0,0.0,0.0,0.0,0.0,0.0,1.0,0.0,3.0,3.0,0.0,0.0,0.0,0.0,1.0,1.0,0.0,2.0,0.0,0.0,0.0,1.0,0.0,1.0,0.0,1.0,1.0,0.0,0.0,2.0,2.0,18.0,5.0,0.0,11.0,10.0,10.0,0.0,20.0
CHEMBL4571241,Kd,4.0,26.0,9.0,8.0,0.0,1.0,1.0,39.0,10.0,10.0,0.0,2.0,0.0,2.0,1.0,2.0,0.0,0.0,0.0,41.0,14.0,16.0,0.0,2.0,0.0,2.0,0.0,0.0,37.0,9.0,15.0,0.0,2.0,2.0,1.0,5.0,1.0,1.0,35.0,10.0,12.0,0.0,2.0,2.0,0.0,3.0,1.0,1.0,1.0,32.0,11.0,10.0,0.0,4.0,4.0,0.0,1.0,1.0,30.0,8.0,9.0,0.0,4.0,0.0,4.0,1.0,0.0,1.0,1.0,24.0,7.0,9.0,0.0,3.0,3.0,0.0,0.0,1.0,1.0,0.0,23.0,3.0,6.0,0.0,4.0,4.0,1.0,2.0,20.0,5.0,8.0,3.0,3.0,0.0,1.0,0.0,0.0,0.0,1.0,0.0,0.0,0.0,0.0,0.0,0.0,0.0,0.0,5.0,1.0,1.0,1.0,1.0,0.0,3.0,10.0,2.0,4.0,1.0,0.0,2.0,1.0,2.0,0.0,0.0,0.0,1.0,1.0,1.0,0.0,0.0,0.0,0.0,0.0,1.0,0.0,1.0,0.0,0.0,1.0,0.0,0.0,0.0,0.0,0.0,0.0,0.0,0.0,0.0,0.0,2.0,0.0,0.0,0.0,2.0,0.0,2.0,2.0,1.0,2.0,1.0,0.0,0.0,5.0,2.0,1.0,0.0,2.0,1.0,1.0,3.0,2.0,2.0,22.0,3.0,8.0,17.0,8.0,8.0,8.0,25.0
CHEMBL4564337,Kd,8900.0,14.0,6.0,4.0,0.0,0.0,1.0,20.0,8.0,5.0,0.0,0.0,0.0,2.0,0.0,1.0,0.0,0.0,0.0,18.0,5.0,5.0,0.0,0.0,0.0,2.0,1.0,1.0,14.0,8.0,6.0,0.0,0.0,2.0,0.0,1.0,0.0,1.0,14.0,4.0,4.0,0.0,0.0,2.0,1.0,1.0,0.0,0.0,0.0,11.0,6.0,2.0,0.0,0.0,1.0,0.0,0.0,1.0,10.0,4.0,2.0,0.0,0.0,0.0,1.0,1.0,1.0,0.0,0.0,8.0,5.0,1.0,0.0,0.0,1.0,0.0,0.0,0.0,1.0,0.0,6.0,1.0,1.0,0.0,0.0,1.0,0.0,1.0,3.0,1.0,2.0,0.0,1.0,0.0,0.0,0.0,1.0,0.0,0.0,0.0,0.0,0.0,0.0,0.0,0.0,0.0,0.0,1.0,0.0,0.0,0.0,0.0,0.0,1.0,1.0,0.0,0.0,0.0,0.0,0.0,0.0,0.0,0.0,0.0,0.0,0.0,0.0,0.0,0.0,0.0,0.0,0.0,0.0,0.0,0.0,0.0,0.0,0.0,0.0,0.0,0.0,0.0,0.0,0.0,0.0,0.0,0.0,0.0,0.0,0.0,0.0,0.0,0.0,0.0,0.0,1.0,1.0,0.0,0.0,0.0,0.0,0.0,1.0,0.0,0.0,0.0,1.0,0.0,0.0,0.0,1.0,4.0,19.0,4.0,0.0,10.0,5.0,5.0,1.0,17.0
CHEMBL1171837,Kd,7.0,25.0,13.0,1.0,0.0,3.0,3.0,36.0,17.0,1.0,0.0,3.0,0.0,3.0,1.0,1.0,3.0,3.0,3.0,38.0,13.0,3.0,0.0,6.0,0.0,6.0,2.0,0.0,30.0,13.0,4.0,0.0,9.0,9.0,0.0,0.0,0.0,0.0,33.0,9.0,4.0,0.0,3.0,3.0,0.0,0.0,6.0,6.0,0.0,32.0,11.0,4.0,0.0,9.0,9.0,1.0,0.0,0.0,29.0,15.0,2.0,0.0,9.0,0.0,9.0,0.0,0.0,0.0,0.0,30.0,9.0,1.0,0.0,6.0,6.0,1.0,2.0,3.0,3.0,0.0,25.0,4.0,3.0,0.0,9.0,9.0,3.0,2.0,19.0,10.0,4.0,6.0,6.0,0.0,0.0,0.0,0.0,0.0,5.0,0.0,2.0,0.0,0.0,0.0,4.0,2.0,0.0,2.0,1.0,1.0,1.0,3.0,2.0,0.0,11.0,1.0,2.0,0.0,0.0,0.0,0.0,0.0,0.0,0.0,0.0,0.0,0.0,0.0,0.0,0.0,0.0,0.0,0.0,0.0,0.0,0.0,0.0,0.0,4.0,4.0,2.0,8.0,0.0,0.0,0.0,2.0,0.0,0.0,0.0,7.0,6.0,0.0,0.0,1.0,0.0,0.0,0.0,3.0,3.0,1.0,2.0,0.0,1.0,1.0,0.0,3.0,0.0,2.0,1.0,2.0,2.0,3.0,21.0,5.0,2.0,14.0,12.0,12.0,6.0,24.0
CHEMBL4748740,Kd,9500.0,17.0,13.0,5.0,2.0,0.0,0.0,24.0,14.0,7.0,2.0,0.0,0.0,0.0,4.0,0.0,0.0,0.0,0.0,22.0,13.0,7.0,3.0,0.0,0.0,0.0,2.0,3.0,15.0,18.0,7.0,3.0,0.0,0.0,0.0,0.0,0.0,0.0,23.0,6.0,3.0,4.0,0.0,0.0,4.0,5.0,0.0,0.0,0.0,23.0,13.0,5.0,2.0,0.0,0.0,0.0,1.0,0.0,21.0,11.0,8.0,1.0,0.0,0.0,0.0,0.0,1.0,0.0,0.0,19.0,8.0,8.0,2.0,0.0,0.0,1.0,2.0,0.0,0.0,1.0,17.0,7.0,5.0,0.0,0.0,0.0,1.0,2.0,12.0,11.0,3.0,0.0,0.0,2.0,0.0,0.0,0.0,2.0,5.0,2.0,3.0,2.0,0.0,0.0,0.0,0.0,1.0,2.0,2.0,0.0,0.0,0.0,0.0,2.0,9.0,0.0,6.0,0.0,0.0,0.0,0.0,6.0,0.0,0.0,2.0,0.0,0.0,6.0,6.0,1.0,0.0,0.0,2.0,2.0,2.0,2.0,0.0,2.0,2.0,0.0,0.0,0.0,0.0,0.0,0.0,0.0,0.0,2.0,0.0,1.0,0.0,0.0,0.0,0.0,0.0,3.0,2.0,0.0,2.0,0.0,0.0,1.0,3.0,0.0,4.0,0.0,2.0,0.0,0.0,0.0,4.0,6.0,20.0,6.0,0.0,20.0,15.0,15.0,8.0,19.0
CHEMBL4798601,Kd,5.4,17.0,7.0,3.0,2.0,0.0,2.0,22.0,7.0,5.0,2.0,0.0,4.0,4.0,2.0,0.0,0.0,0.0,0.0,17.0,10.0,6.0,3.0,0.0,4.0,4.0,0.0,1.0,12.0,9.0,5.0,3.0,0.0,4.0,0.0,0.0,0.0,1.0,16.0,4.0,1.0,3.0,0.0,2.0,0.0,4.0,0.0,1.0,0.0,20.0,4.0,2.0,2.0,0.0,5.0,0.0,1.0,0.0,17.0,6.0,3.0,2.0,0.0,6.0,6.0,0.0,0.0,0.0,0.0,11.0,7.0,4.0,2.0,0.0,3.0,0.0,0.0,0.0,2.0,0.0,7.0,6.0,2.0,0.0,0.0,2.0,0.0,0.0,6.0,4.0,2.0,0.0,0.0,2.0,0.0,0.0,1.0,2.0,5.0,2.0,3.0,2.0,0.0,0.0,0.0,0.0,1.0,0.0,1.0,0.0,0.0,0.0,0.0,1.0,7.0,0.0,6.0,0.0,0.0,0.0,0.0,6.0,0.0,0.0,2.0,0.0,0.0,6.0,6.0,1.0,0.0,0.0,2.0,2.0,2.0,2.0,0.0,2.0,2.0,0.0,0.0,0.0,0.0,0.0,0.0,0.0,0.0,2.0,0.0,1.0,0.0,0.0,0.0,0.0,0.0,2.0,1.0,0.0,2.0,0.0,0.0,1.0,2.0,0.0,4.0,0.0,1.0,0.0,0.0,0.0,2.0,3.0,15.0,3.0,0.0,12.0,12.0,12.0,5.0,15.0
CHEMBL1090479,Kd,53.0,25.0,15.0,1.0,0.0,0.0,0.0,41.0,15.0,0.0,0.0,0.0,0.0,0.0,2.0,2.0,0.0,0.0,0.0,38.0,20.0,3.0,0.0,0.0,0.0,0.0,0.0,0.0,41.0,19.0,2.0,0.0,0.0,0.0,0.0,0.0,0.0,0.0,40.0,22.0,2.0,0.0,0.0,0.0,0.0,0.0,0.0,0.0,0.0,45.0,10.0,1.0,0.0,0.0,0.0,6.0,0.0,0.0,35.0,18.0,1.0,0.0,0.0,0.0,0.0,1.0,0.0,0.0,0.0,30.0,16.0,1.0,0.0,0.0,0.0,2.0,1.0,0.0,0.0,0.0,23.0,19.0,2.0,0.0,0.0,0.0,1.0,1.0,29.0,12.0,3.0,0.0,0.0,2.0,0.0,0.0,0.0,0.0,2.0,0.0,0.0,0.0,0.0,0.0,0.0,1.0,0.0,5.0,1.0,1.0,1.0,0.0,2.0,0.0,8.0,1.0,1.0,0.0,0.0,0.0,0.0,0.0,0.0,0.0,0.0,0.0,0.0,0.0,0.0,0.0,0.0,0.0,0.0,0.0,0.0,0.0,0.0,0.0,0.0,0.0,0.0,0.0,0.0,0.0,0.0,0.0,0.0,0.0,0.0,7.0,6.0,0.0,2.0,1.0,0.0,0.0,0.0,0.0,3.0,2.0,0.0,0.0,1.0,1.0,0.0,0.0,0.0,1.0,0.0,0.0,2.0,4.0,26.0,4.0,0.0,16.0,12.0,12.0,6.0,28.0
CHEMBL1738757,Kd,814.0,26.0,13.0,4.0,0.0,1.0,1.0,35.0,18.0,5.0,0.0,2.0,0.0,2.0,2.0,3.0,0.0,0.0,0.0,32.0,20.0,8.0,0.0,2.0,0.0,2.0,2.0,1.0,30.0,19.0,7.0,0.0,2.0,2.0,1.0,2.0,0.0,0.0,32.0,15.0,5.0,0.0,1.0,1.0,2.0,3.0,1.0,1.0,1.0,33.0,16.0,7.0,0.0,3.0,3.0,1.0,0.0,0.0,29.0,19.0,7.0,0.0,3.0,0.0,3.0,1.0,1.0,1.0,1.0,31.0,14.0,6.0,0.0,3.0,3.0,0.0,0.0,2.0,2.0,0.0,30.0,9.0,5.0,0.0,3.0,3.0,2.0,2.0,26.0,6.0,5.0,6.0,6.0,1.0,2.0,0.0,0.0,0.0,0.0,0.0,0.0,0.0,0.0,0.0,0.0,0.0,0.0,4.0,3.0,3.0,2.0,1.0,0.0,1.0,7.0,2.0,3.0,0.0,1.0,0.0,0.0,3.0,0.0,0.0,0.0,0.0,0.0,0.0,0.0,0.0,0.0,0.0,0.0,0.0,0.0,0.0,0.0,0.0,0.0,0.0,0.0,0.0,0.0,0.0,0.0,0.0,0.0,0.0,0.0,4.0,1.0,0.0,1.0,1.0,0.0,0.0,0.0,1.0,3.0,3.0,0.0,0.0,3.0,3.0,0.0,0.0,0.0,0.0,1.0,1.0,3.0,4.0,27.0,4.0,2.0,17.0,9.0,9.0,9.0,30.0
CHEMBL4450810,Kd,530.0,26.0,8.0,2.0,1.0,2.0,2.0,33.0,17.0,3.0,3.0,4.0,0.0,4.0,2.0,3.0,0.0,0.0,0.0,28.0,20.0,8.0,4.0,4.0,0.0,4.0,1.0,1.0,25.0,18.0,9.0,4.0,4.0,4.0,2.0,1.0,2.0,2.0,26.0,13.0,10.0,3.0,3.0,3.0,3.0,0.0,3.0,3.0,0.0,25.0,12.0,7.0,3.0,4.0,4.0,3.0,3.0,0.0,24.0,9.0,6.0,2.0,7.0,0.0,7.0,4.0,4.0,0.0,0.0,23.0,14.0,5.0,1.0,6.0,6.0,0.0,2.0,2.0,2.0,0.0,22.0,12.0,4.0,2.0,8.0,8.0,1.0,0.0,20.0,12.0,6.0,4.0,4.0,0.0,0.0,4.0,4.0,0.0,0.0,0.0,0.0,0.0,0.0,0.0,0.0,0.0,0.0,1.0,1.0,0.0,0.0,2.0,0.0,1.0,1.0,0.0,0.0,0.0,0.0,0.0,0.0,0.0,0.0,0.0,0.0,0.0,0.0,0.0,0.0,0.0,0.0,0.0,0.0,0.0,0.0,0.0,0.0,0.0,0.0,0.0,0.0,0.0,0.0,0.0,0.0,0.0,0.0,0.0,0.0,0.0,0.0,0.0,0.0,0.0,0.0,1.0,0.0,2.0,1.0,0.0,0.0,0.0,3.0,0.0,0.0,0.0,1.0,0.0,0.0,0.0,4.0,6.0,32.0,6.0,4.0,11.0,5.0,5.0,4.0,30.0
CHEMBL3039525,Kd,4.0,27.0,17.0,5.0,0.0,2.0,2.0,37.0,17.0,6.0,0.0,4.0,0.0,4.0,2.0,4.0,0.0,0.0,0.0,33.0,20.0,15.0,0.0,4.0,0.0,4.0,1.0,0.0,35.0,8.0,8.0,0.0,3.0,3.0,3.0,5.0,0.0,0.0,37.0,14.0,10.0,0.0,2.0,2.0,0.0,1.0,1.0,1.0,0.0,33.0,16.0,8.0,0.0,6.0,6.0,1.0,2.0,1.0,26.0,15.0,10.0,0.0,3.0,0.0,3.0,1.0,0.0,1.0,1.0,21.0,13.0,12.0,0.0,4.0,4.0,1.0,0.0,2.0,2.0,0.0,30.0,6.0,5.0,0.0,3.0,3.0,3.0,2.0,31.0,10.0,6.0,3.0,3.0,0.0,1.0,1.0,1.0,1.0,9.0,2.0,4.0,0.0,0.0,0.0,3.0,2.0,0.0,1.0,3.0,3.0,3.0,2.0,3.0,1.0,16.0,3.0,11.0,2.0,5.0,0.0,2.0,9.0,1.0,0.0,2.0,6.0,0.0,4.0,1.0,0.0,0.0,0.0,1.0,4.0,0.0,10.0,4.0,0.0,10.0,8.0,7.0,16.0,0.0,0.0,2.0,7.0,0.0,0.0,0.0,12.0,9.0,2.0,2.0,2.0,0.0,0.0,0.0,2.0,6.0,4.0,2.0,0.0,4.0,0.0,3.0,0.0,0.0,2.0,2.0,0.0,1.0,1.0,18.0,4.0,0.0,22.0,23.0,23.0,12.0,30.0
CHEMBL4284499,Kd,15.0,21.0,7.0,5.0,0.0,0.0,0.0,33.0,8.0,5.0,0.0,0.0,0.0,0.0,1.0,1.0,0.0,0.0,0.0,32.0,13.0,8.0,0.0,0.0,0.0,0.0,0.0,0.0,33.0,8.0,11.0,0.0,0.0,0.0,2.0,0.0,0.0,0.0,33.0,9.0,10.0,0.0,0.0,0.0,0.0,1.0,0.0,0.0,1.0,33.0,6.0,8.0,0.0,0.0,0.0,0.0,4.0,1.0,28.0,8.0,7.0,0.0,0.0,0.0,0.0,0.0,1.0,0.0,0.0,19.0,6.0,6.0,0.0,0.0,0.0,0.0,1.0,0.0,0.0,0.0,11.0,3.0,5.0,0.0,0.0,0.0,0.0,1.0,6.0,1.0,3.0,0.0,0.0,0.0,0.0,0.0,0.0,1.0,6.0,3.0,4.0,3.0,0.0,0.0,0.0,0.0,0.0,2.0,0.0,0.0,1.0,0.0,1.0,2.0,10.0,1.0,7.0,0.0,1.0,0.0,0.0,8.0,2.0,1.0,0.0,0.0,0.0,8.0,8.0,3.0,1.0,0.0,2.0,2.0,0.0,2.0,0.0,0.0,1.0,0.0,0.0,1.0,0.0,0.0,1.0,0.0,0.0,0.0,0.0,2.0,1.0,0.0,1.0,0.0,0.0,2.0,2.0,0.0,1.0,1.0,0.0,0.0,3.0,0.0,5.0,0.0,2.0,0.0,1.0,3.0,1.0,2.0,15.0,3.0,2.0,12.0,12.0,12.0,4.0,17.0
CHEMBL2105717,Kd,53.0,26.0,6.0,8.0,0.0,1.0,1.0,33.0,9.0,10.0,0.0,2.0,0.0,2.0,0.0,2.0,0.0,0.0,0.0,29.0,13.0,17.0,0.0,2.0,0.0,2.0,0.0,0.0,32.0,3.0,12.0,0.0,1.0,1.0,1.0,4.0,0.0,0.0,37.0,4.0,10.0,0.0,0.0,0.0,0.0,2.0,1.0,1.0,1.0,31.0,8.0,11.0,0.0,1.0,1.0,0.0,0.0,1.0,23.0,8.0,9.0,0.0,1.0,0.0,1.0,0.0,0.0,0.0,0.0,18.0,6.0,10.0,0.0,3.0,3.0,0.0,0.0,0.0,0.0,0.0,23.0,2.0,5.0,0.0,0.0,0.0,1.0,1.0,22.0,3.0,6.0,1.0,1.0,0.0,1.0,0.0,0.0,0.0,1.0,0.0,0.0,0.0,0.0,0.0,0.0,0.0,0.0,2.0,2.0,2.0,2.0,1.0,0.0,3.0,7.0,2.0,5.0,2.0,5.0,0.0,2.0,6.0,1.0,0.0,0.0,6.0,0.0,2.0,0.0,0.0,0.0,0.0,0.0,2.0,0.0,6.0,0.0,0.0,2.0,0.0,0.0,0.0,0.0,0.0,0.0,0.0,0.0,0.0,0.0,2.0,0.0,0.0,0.0,2.0,0.0,2.0,2.0,1.0,2.0,2.0,0.0,0.0,5.0,0.0,1.0,0.0,2.0,0.0,2.0,0.0,1.0,1.0,22.0,1.0,0.0,14.0,9.0,9.0,10.0,28.0
CHEMBL3991929,Kd,1500.0,15.0,14.0,1.0,1.0,0.0,0.0,17.0,15.0,3.0,3.0,0.0,0.0,0.0,4.0,3.0,0.0,0.0,0.0,19.0,19.0,8.0,2.0,0.0,0.0,0.0,1.0,0.0,22.0,10.0,4.0,0.0,0.0,0.0,5.0,3.0,0.0,0.0,20.0,13.0,2.0,1.0,0.0,0.0,1.0,2.0,0.0,0.0,0.0,11.0,16.0,4.0,2.0,0.0,0.0,1.0,1.0,0.0,15.0,6.0,5.0,2.0,0.0,0.0,0.0,2.0,0.0,0.0,0.0,15.0,9.0,6.0,1.0,0.0,0.0,1.0,0.0,0.0,0.0,0.0,13.0,8.0,4.0,0.0,0.0,0.0,1.0,0.0,9.0,6.0,1.0,0.0,0.0,2.0,2.0,0.0,0.0,1.0,6.0,0.0,2.0,0.0,0.0,0.0,2.0,0.0,0.0,1.0,2.0,0.0,1.0,0.0,2.0,0.0,10.0,1.0,6.0,0.0,1.0,0.0,0.0,1.0,0.0,0.0,0.0,0.0,0.0,0.0,0.0,0.0,0.0,0.0,0.0,0.0,0.0,1.0,0.0,0.0,6.0,0.0,0.0,4.0,0.0,0.0,0.0,2.0,0.0,0.0,0.0,6.0,2.0,0.0,0.0,2.0,0.0,0.0,0.0,0.0,5.0,1.0,2.0,0.0,3.0,1.0,1.0,0.0,0.0,1.0,1.0,0.0,2.0,2.0,12.0,4.0,2.0,16.0,16.0,16.0,8.0,19.0
CHEMBL574737,Kd,67.0,27.0,10.0,6.0,0.0,0.0,0.0,44.0,15.0,7.0,0.0,0.0,0.0,0.0,0.0,4.0,0.0,0.0,0.0,55.0,16.0,13.0,0.0,0.0,0.0,0.0,1.0,2.0,61.0,20.0,17.0,0.0,0.0,0.0,2.0,1.0,0.0,0.0,62.0,16.0,19.0,0.0,0.0,0.0,2.0,3.0,0.0,0.0,0.0,55.0,17.0,19.0,0.0,0.0,0.0,0.0,2.0,0.0,40.0,11.0,16.0,0.0,0.0,0.0,0.0,0.0,1.0,0.0,0.0,22.0,5.0,10.0,0.0,0.0,0.0,0.0,1.0,0.0,0.0,1.0,11.0,1.0,2.0,0.0,0.0,0.0,1.0,2.0,1.0,1.0,3.0,0.0,0.0,0.0,0.0,0.0,0.0,4.0,1.0,2.0,0.0,0.0,0.0,0.0,0.0,0.0,0.0,3.0,2.0,1.0,1.0,0.0,0.0,2.0,10.0,1.0,5.0,0.0,0.0,0.0,0.0,4.0,0.0,0.0,2.0,0.0,0.0,3.0,2.0,1.0,0.0,0.0,0.0,1.0,3.0,2.0,0.0,4.0,2.0,0.0,0.0,2.0,0.0,0.0,0.0,0.0,0.0,5.0,5.0,4.0,2.0,1.0,1.0,0.0,1.0,5.0,0.0,0.0,2.0,1.0,0.0,1.0,4.0,1.0,1.0,0.0,0.0,1.0,1.0,4.0,0.0,2.0,20.0,4.0,2.0,16.0,15.0,15.0,2.0,28.0
CHEMBL402548,Kd,1417.0,21.0,13.0,4.0,0.0,0.0,0.0,32.0,16.0,4.0,0.0,0.0,0.0,0.0,1.0,2.0,0.0,0.0,0.0,31.0,12.0,8.0,0.0,0.0,0.0,0.0,3.0,1.0,24.0,12.0,12.0,0.0,0.0,0.0,2.0,1.0,0.0,0.0,26.0,13.0,9.0,0.0,0.0,0.0,0.0,2.0,0.0,0.0,0.0,27.0,11.0,3.0,0.0,0.0,0.0,1.0,5.0,0.0,22.0,14.0,4.0,0.0,0.0,0.0,0.0,0.0,2.0,0.0,0.0,15.0,15.0,5.0,0.0,0.0,0.0,1.0,0.0,0.0,0.0,1.0,15.0,10.0,4.0,0.0,0.0,0.0,2.0,1.0,16.0,9.0,8.0,0.0,0.0,1.0,0.0,0.0,0.0,1.0,6.0,0.0,2.0,0.0,0.0,0.0,3.0,2.0,0.0,2.0,1.0,1.0,2.0,0.0,3.0,1.0,11.0,2.0,3.0,1.0,0.0,0.0,1.0,0.0,0.0,0.0,0.0,0.0,1.0,0.0,0.0,0.0,0.0,0.0,0.0,0.0,0.0,0.0,0.0,0.0,5.0,3.0,1.0,8.0,0.0,0.0,0.0,2.0,0.0,1.0,1.0,9.0,7.0,0.0,2.0,2.0,2.0,2.0,0.0,0.0,4.0,2.0,2.0,1.0,3.0,0.0,0.0,0.0,0.0,2.0,2.0,2.0,1.0,2.0,17.0,5.0,2.0,17.0,19.0,19.0,8.0,23.0
CHEMBL3991933,Kd,7044.0,13.0,10.0,2.0,0.0,0.0,0.0,18.0,14.0,3.0,0.0,0.0,0.0,0.0,3.0,1.0,0.0,0.0,0.0,18.0,18.0,2.0,0.0,0.0,0.0,0.0,1.0,0.0,19.0,12.0,1.0,0.0,0.0,0.0,5.0,0.0,0.0,0.0,17.0,12.0,1.0,0.0,0.0,0.0,1.0,0.0,0.0,0.0,0.0,12.0,14.0,1.0,0.0,0.0,0.0,1.0,1.0,0.0,10.0,6.0,2.0,0.0,0.0,0.0,0.0,3.0,1.0,0.0,0.0,6.0,7.0,1.0,0.0,0.0,0.0,0.0,3.0,0.0,0.0,0.0,4.0,3.0,3.0,0.0,0.0,0.0,0.0,0.0,3.0,0.0,0.0,0.0,0.0,0.0,0.0,0.0,0.0,1.0,0.0,0.0,0.0,0.0,0.0,0.0,0.0,0.0,0.0,3.0,0.0,0.0,0.0,0.0,0.0,0.0,4.0,0.0,2.0,0.0,0.0,0.0,0.0,1.0,0.0,0.0,0.0,0.0,0.0,0.0,0.0,0.0,0.0,0.0,0.0,0.0,0.0,0.0,0.0,0.0,0.0,0.0,0.0,0.0,0.0,0.0,0.0,0.0,0.0,0.0,0.0,0.0,0.0,0.0,0.0,0.0,0.0,0.0,0.0,0.0,1.0,0.0,0.0,0.0,0.0,3.0,0.0,0.0,0.0,0.0,0.0,0.0,4.0,6.0,18.0,6.0,0.0,12.0,5.0,5.0,1.0,14.0
CHEMBL495727,Kd,64.0,15.0,13.0,3.0,0.0,0.0,0.0,18.0,18.0,2.0,0.0,0.0,0.0,0.0,2.0,2.0,0.0,0.0,0.0,20.0,12.0,2.0,0.0,0.0,0.0,0.0,4.0,1.0,15.0,15.0,5.0,0.0,0.0,0.0,4.0,0.0,0.0,0.0,19.0,11.0,2.0,0.0,0.0,0.0,3.0,2.0,0.0,0.0,0.0,18.0,11.0,2.0,0.0,0.0,0.0,3.0,2.0,0.0,11.0,18.0,4.0,0.0,0.0,0.0,0.0,0.0,0.0,0.0,0.0,9.0,11.0,3.0,0.0,0.0,0.0,1.0,1.0,0.0,0.0,0.0,11.0,5.0,3.0,0.0,0.0,0.0,2.0,1.0,10.0,8.0,2.0,0.0,0.0,0.0,0.0,0.0,0.0,1.0,6.0,0.0,2.0,0.0,2.0,0.0,3.0,0.0,2.0,0.0,1.0,0.0,0.0,0.0,1.0,1.0,9.0,0.0,5.0,0.0,1.0,0.0,0.0,1.0,0.0,0.0,0.0,0.0,0.0,0.0,0.0,0.0,0.0,0.0,0.0,0.0,0.0,1.0,0.0,0.0,4.0,2.0,1.0,6.0,0.0,0.0,0.0,1.0,1.0,2.0,2.0,5.0,4.0,1.0,0.0,0.0,4.0,3.0,0.0,0.0,3.0,0.0,0.0,2.0,2.0,0.0,1.0,0.0,0.0,1.0,0.0,0.0,2.0,4.0,14.0,6.0,2.0,16.0,18.0,18.0,5.0,18.0
CHEMBL4795462,Kd,23.0,17.0,7.0,3.0,2.0,1.0,2.0,22.0,7.0,5.0,2.0,2.0,2.0,4.0,2.0,0.0,0.0,0.0,0.0,17.0,10.0,6.0,3.0,2.0,2.0,4.0,0.0,1.0,12.0,9.0,5.0,3.0,3.0,4.0,0.0,0.0,1.0,1.0,16.0,4.0,1.0,3.0,1.0,2.0,0.0,4.0,1.0,1.0,0.0,20.0,4.0,2.0,2.0,3.0,5.0,0.0,1.0,0.0,17.0,6.0,3.0,2.0,4.0,2.0,6.0,0.0,0.0,0.0,0.0,11.0,7.0,4.0,2.0,2.0,3.0,0.0,0.0,2.0,2.0,0.0,7.0,6.0,2.0,0.0,1.0,2.0,0.0,0.0,6.0,4.0,2.0,0.0,0.0,2.0,0.0,0.0,1.0,2.0,5.0,2.0,3.0,2.0,0.0,0.0,0.0,0.0,1.0,0.0,1.0,0.0,0.0,1.0,0.0,1.0,7.0,0.0,6.0,0.0,0.0,0.0,0.0,6.0,0.0,0.0,2.0,0.0,0.0,6.0,6.0,1.0,0.0,0.0,2.0,2.0,2.0,2.0,0.0,2.0,2.0,0.0,0.0,0.0,0.0,0.0,0.0,0.0,0.0,2.0,0.0,1.0,0.0,0.0,0.0,0.0,0.0,2.0,1.0,1.0,2.0,0.0,0.0,1.0,2.0,0.0,4.0,0.0,1.0,0.0,0.0,0.0,2.0,3.0,15.0,3.0,0.0,12.0,12.0,12.0,5.0,15.0
CHEMBL4751287,Kd,590.0,17.0,7.0,3.0,2.0,0.0,2.0,22.0,7.0,5.0,2.0,0.0,4.0,4.0,2.0,0.0,0.0,0.0,0.0,17.0,10.0,6.0,3.0,0.0,4.0,4.0,0.0,1.0,12.0,9.0,5.0,3.0,0.0,3.0,0.0,0.0,0.0,0.0,16.0,4.0,1.0,3.0,0.0,2.0,0.0,4.0,0.0,1.0,0.0,20.0,4.0,2.0,2.0,0.0,4.0,0.0,1.0,0.0,17.0,6.0,3.0,2.0,0.0,6.0,6.0,0.0,0.0,0.0,0.0,11.0,7.0,4.0,2.0,0.0,5.0,0.0,0.0,0.0,0.0,0.0,7.0,6.0,2.0,0.0,0.0,2.0,0.0,0.0,6.0,4.0,2.0,0.0,0.0,2.0,0.0,0.0,1.0,2.0,5.0,2.0,3.0,2.0,0.0,0.0,0.0,0.0,1.0,0.0,1.0,0.0,0.0,0.0,0.0,1.0,7.0,0.0,6.0,0.0,0.0,0.0,0.0,6.0,0.0,0.0,2.0,0.0,0.0,6.0,6.0,1.0,0.0,0.0,2.0,2.0,2.0,2.0,0.0,2.0,2.0,0.0,0.0,0.0,0.0,0.0,0.0,0.0,0.0,2.0,0.0,1.0,0.0,0.0,0.0,0.0,0.0,2.0,1.0,0.0,2.0,0.0,0.0,1.0,2.0,0.0,4.0,0.0,1.0,0.0,0.0,0.0,2.0,3.0,15.0,3.0,0.0,12.0,12.0,12.0,5.0,15.0
CHEMBL4746711,Kd,30000.0,17.0,7.0,5.0,2.0,0.0,1.0,23.0,7.0,7.0,2.0,0.0,2.0,2.0,2.0,0.0,0.0,0.0,0.0,19.0,10.0,8.0,3.0,0.0,2.0,2.0,0.0,2.0,14.0,10.0,7.0,3.0,0.0,1.0,0.0,0.0,0.0,0.0,18.0,4.0,3.0,4.0,0.0,1.0,0.0,5.0,0.0,0.0,0.0,21.0,5.0,4.0,2.0,0.0,2.0,0.0,1.0,0.0,19.0,6.0,7.0,2.0,0.0,2.0,2.0,0.0,0.0,0.0,0.0,15.0,7.0,8.0,2.0,0.0,1.0,0.0,0.0,0.0,0.0,1.0,11.0,6.0,4.0,0.0,0.0,2.0,0.0,2.0,7.0,6.0,2.0,0.0,0.0,2.0,0.0,0.0,1.0,2.0,5.0,2.0,3.0,2.0,0.0,0.0,0.0,0.0,1.0,1.0,1.0,0.0,0.0,0.0,0.0,2.0,8.0,0.0,6.0,0.0,0.0,0.0,0.0,6.0,0.0,0.0,2.0,0.0,0.0,6.0,6.0,1.0,0.0,0.0,2.0,2.0,2.0,2.0,0.0,2.0,2.0,0.0,0.0,0.0,0.0,0.0,0.0,0.0,0.0,2.0,0.0,1.0,0.0,0.0,0.0,0.0,0.0,3.0,2.0,0.0,2.0,0.0,0.0,1.0,3.0,0.0,4.0,0.0,2.0,0.0,0.0,0.0,2.0,3.0,15.0,3.0,0.0,14.0,13.0,13.0,6.0,15.0
CHEMBL5092087,Kd,67.0,15.0,17.0,2.0,0.0,0.0,0.0,24.0,20.0,2.0,0.0,0.0,0.0,0.0,6.0,0.0,0.0,0.0,0.0,21.0,29.0,0.0,0.0,0.0,0.0,0.0,2.0,1.0,26.0,20.0,1.0,0.0,0.0,0.0,8.0,1.0,0.0,0.0,24.0,17.0,3.0,0.0,0.0,0.0,9.0,0.0,0.0,0.0,0.0,14.0,23.0,0.0,0.0,0.0,0.0,1.0,1.0,0.0,14.0,17.0,1.0,0.0,0.0,0.0,0.0,5.0,0.0,0.0,0.0,12.0,16.0,0.0,0.0,0.0,0.0,0.0,2.0,0.0,0.0,0.0,15.0,9.0,2.0,0.0,0.0,0.0,2.0,0.0,16.0,8.0,1.0,0.0,0.0,2.0,2.0,0.0,0.0,2.0,6.0,3.0,3.0,1.0,1.0,0.0,0.0,0.0,2.0,3.0,1.0,0.0,0.0,0.0,1.0,1.0,12.0,0.0,7.0,0.0,0.0,0.0,0.0,5.0,0.0,0.0,1.0,0.0,0.0,3.0,1.0,0.0,0.0,0.0,1.0,1.0,1.0,2.0,0.0,2.0,3.0,0.0,0.0,3.0,0.0,0.0,0.0,2.0,0.0,2.0,2.0,2.0,1.0,1.0,0.0,0.0,0.0,2.0,0.0,0.0,4.0,0.0,0.0,0.0,1.0,2.0,3.0,0.0,0.0,0.0,0.0,0.0,3.0,5.0,14.0,7.0,0.0,19.0,17.0,17.0,4.0,15.0
CHEMBL4745937,Kd,115.0,24.0,7.0,6.0,0.0,0.0,0.0,33.0,9.0,11.0,0.0,0.0,0.0,0.0,2.0,2.0,0.0,0.0,0.0,27.0,10.0,12.0,0.0,0.0,0.0,0.0,0.0,2.0,22.0,11.0,12.0,0.0,0.0,0.0,1.0,2.0,0.0,0.0,18.0,10.0,10.0,0.0,0.0,0.0,0.0,3.0,0.0,0.0,1.0,21.0,8.0,12.0,0.0,0.0,0.0,0.0,0.0,0.0,20.0,9.0,9.0,0.0,0.0,0.0,0.0,0.0,2.0,0.0,0.0,23.0,4.0,6.0,0.0,0.0,0.0,1.0,0.0,0.0,0.0,1.0,21.0,5.0,6.0,0.0,0.0,0.0,0.0,2.0,17.0,4.0,6.0,0.0,0.0,1.0,1.0,0.0,0.0,0.0,0.0,0.0,0.0,0.0,0.0,0.0,0.0,0.0,0.0,3.0,1.0,0.0,1.0,0.0,0.0,0.0,6.0,1.0,3.0,0.0,1.0,0.0,0.0,3.0,0.0,0.0,0.0,0.0,0.0,0.0,0.0,0.0,0.0,0.0,0.0,0.0,0.0,0.0,0.0,0.0,0.0,0.0,0.0,0.0,0.0,0.0,0.0,0.0,0.0,0.0,0.0,1.0,0.0,0.0,0.0,1.0,0.0,1.0,0.0,0.0,2.0,0.0,0.0,0.0,3.0,3.0,0.0,0.0,0.0,0.0,0.0,2.0,1.0,4.0,23.0,4.0,6.0,13.0,9.0,9.0,6.0,24.0
CHEMBL4444272,Kd,3.2,27.0,8.0,6.0,0.0,0.0,0.0,42.0,13.0,9.0,0.0,0.0,0.0,0.0,0.0,4.0,0.0,0.0,0.0,51.0,14.0,15.0,0.0,0.0,0.0,0.0,1.0,1.0,57.0,17.0,16.0,0.0,0.0,0.0,0.0,2.0,0.0,0.0,57.0,10.0,22.0,0.0,0.0,0.0,2.0,3.0,0.0,0.0,0.0,47.0,10.0,25.0,0.0,0.0,0.0,0.0,2.0,0.0,29.0,5.0,22.0,0.0,0.0,0.0,0.0,0.0,1.0,0.0,0.0,11.0,1.0,14.0,0.0,0.0,0.0,0.0,1.0,0.0,0.0,1.0,4.0,0.0,1.0,0.0,0.0,0.0,0.0,1.0,0.0,0.0,0.0,0.0,0.0,0.0,0.0,0.0,0.0,3.0,1.0,2.0,0.0,0.0,0.0,0.0,0.0,0.0,0.0,1.0,1.0,2.0,2.0,0.0,0.0,1.0,8.0,2.0,5.0,0.0,0.0,0.0,0.0,4.0,0.0,0.0,0.0,0.0,0.0,3.0,2.0,1.0,0.0,0.0,0.0,0.0,4.0,0.0,0.0,6.0,0.0,0.0,0.0,0.0,0.0,0.0,0.0,0.0,0.0,7.0,3.0,2.0,1.0,0.0,2.0,0.0,0.0,4.0,0.0,0.0,1.0,2.0,0.0,0.0,5.0,1.0,1.0,0.0,0.0,0.0,2.0,8.0,0.0,2.0,20.0,4.0,4.0,14.0,11.0,11.0,0.0,27.0
CHEMBL281948,Kd,227.0,27.0,8.0,7.0,0.0,0.0,0.0,44.0,13.0,9.0,0.0,0.0,0.0,0.0,0.0,3.0,0.0,0.0,0.0,52.0,15.0,15.0,0.0,0.0,0.0,0.0,1.0,1.0,58.0,16.0,16.0,0.0,0.0,0.0,0.0,3.0,0.0,0.0,60.0,11.0,20.0,0.0,0.0,0.0,2.0,3.0,0.0,0.0,0.0,49.0,11.0,25.0,0.0,0.0,0.0,0.0,1.0,0.0,33.0,5.0,22.0,0.0,0.0,0.0,0.0,0.0,1.0,0.0,0.0,17.0,1.0,15.0,0.0,0.0,0.0,0.0,1.0,0.0,0.0,0.0,9.0,0.0,5.0,0.0,0.0,0.0,0.0,2.0,2.0,1.0,0.0,0.0,0.0,0.0,0.0,0.0,0.0,1.0,2.0,1.0,0.0,0.0,0.0,1.0,0.0,0.0,0.0,2.0,1.0,1.0,2.0,0.0,0.0,2.0,9.0,2.0,5.0,0.0,1.0,0.0,1.0,5.0,2.0,1.0,0.0,2.0,0.0,4.0,1.0,0.0,0.0,0.0,0.0,0.0,4.0,0.0,0.0,7.0,0.0,0.0,0.0,0.0,0.0,0.0,0.0,0.0,0.0,7.0,4.0,2.0,1.0,0.0,1.0,0.0,0.0,5.0,0.0,0.0,1.0,1.0,0.0,0.0,5.0,1.0,1.0,0.0,0.0,0.0,2.0,4.0,0.0,2.0,20.0,4.0,2.0,15.0,10.0,10.0,2.0,26.0
CHEMBL2035187,Kd,228.0,24.0,9.0,6.0,0.0,0.0,0.0,33.0,8.0,7.0,0.0,0.0,0.0,0.0,3.0,0.0,0.0,0.0,0.0,31.0,10.0,9.0,0.0,0.0,0.0,0.0,0.0,1.0,29.0,12.0,9.0,0.0,0.0,0.0,0.0,0.0,0.0,0.0,32.0,12.0,7.0,0.0,0.0,0.0,0.0,2.0,0.0,0.0,1.0,35.0,13.0,7.0,0.0,0.0,0.0,0.0,1.0,0.0,41.0,8.0,5.0,0.0,0.0,0.0,0.0,0.0,5.0,0.0,0.0,38.0,7.0,11.0,0.0,0.0,0.0,1.0,2.0,0.0,0.0,0.0,29.0,10.0,9.0,0.0,0.0,0.0,0.0,0.0,19.0,4.0,6.0,0.0,0.0,2.0,0.0,0.0,0.0,0.0,10.0,0.0,4.0,1.0,1.0,0.0,3.0,0.0,5.0,0.0,1.0,0.0,0.0,0.0,1.0,3.0,12.0,0.0,6.0,0.0,0.0,2.0,0.0,2.0,0.0,0.0,0.0,0.0,0.0,1.0,0.0,0.0,0.0,0.0,0.0,1.0,0.0,2.0,1.0,0.0,3.0,3.0,3.0,6.0,0.0,0.0,0.0,3.0,2.0,3.0,2.0,3.0,3.0,0.0,0.0,0.0,2.0,5.0,1.0,0.0,2.0,0.0,0.0,1.0,3.0,0.0,2.0,0.0,1.0,1.0,0.0,0.0,2.0,2.0,18.0,6.0,0.0,15.0,18.0,18.0,4.0,20.0
CHEMBL3545083,Kd,323.0,24.0,13.0,6.0,0.0,0.0,0.0,36.0,19.0,5.0,0.0,0.0,0.0,0.0,1.0,2.0,0.0,0.0,0.0,39.0,16.0,5.0,0.0,0.0,0.0,0.0,2.0,3.0,29.0,21.0,9.0,0.0,0.0,0.0,0.0,4.0,0.0,0.0,30.0,17.0,12.0,0.0,0.0,0.0,1.0,0.0,0.0,0.0,0.0,30.0,14.0,5.0,0.0,0.0,0.0,1.0,3.0,2.0,30.0,12.0,4.0,0.0,0.0,0.0,0.0,2.0,2.0,0.0,0.0,31.0,9.0,7.0,0.0,0.0,0.0,3.0,1.0,0.0,0.0,0.0,24.0,13.0,9.0,0.0,0.0,0.0,1.0,1.0,19.0,14.0,9.0,0.0,0.0,1.0,0.0,0.0,0.0,0.0,11.0,0.0,5.0,0.0,3.0,0.0,7.0,0.0,3.0,1.0,2.0,2.0,2.0,0.0,3.0,2.0,14.0,2.0,5.0,0.0,0.0,0.0,0.0,0.0,0.0,0.0,0.0,0.0,0.0,0.0,0.0,0.0,0.0,0.0,0.0,0.0,0.0,0.0,0.0,0.0,7.0,5.0,4.0,12.0,0.0,0.0,0.0,5.0,3.0,3.0,3.0,10.0,7.0,0.0,0.0,1.0,4.0,4.0,0.0,0.0,5.0,2.0,2.0,3.0,4.0,0.0,0.0,0.0,0.0,2.0,0.0,5.0,1.0,2.0,17.0,6.0,4.0,19.0,24.0,24.0,9.0,23.0
CHEMBL3989914,Kd,179.0,27.0,10.0,5.0,3.0,2.0,2.0,35.0,11.0,6.0,4.0,4.0,0.0,4.0,1.0,1.0,0.0,0.0,0.0,33.0,12.0,6.0,4.0,4.0,0.0,4.0,0.0,1.0,28.0,11.0,6.0,7.0,3.0,3.0,1.0,2.0,1.0,1.0,31.0,10.0,5.0,6.0,4.0,4.0,1.0,1.0,0.0,0.0,0.0,28.0,13.0,7.0,6.0,3.0,3.0,0.0,1.0,0.0,29.0,9.0,5.0,3.0,3.0,0.0,3.0,0.0,2.0,2.0,2.0,25.0,11.0,4.0,3.0,3.0,3.0,0.0,0.0,0.0,0.0,0.0,27.0,7.0,3.0,4.0,2.0,2.0,2.0,0.0,25.0,8.0,3.0,5.0,5.0,0.0,1.0,0.0,0.0,0.0,4.0,0.0,1.0,0.0,1.0,2.0,0.0,0.0,1.0,1.0,3.0,1.0,1.0,2.0,0.0,2.0,7.0,1.0,2.0,1.0,0.0,0.0,1.0,0.0,0.0,0.0,0.0,0.0,1.0,0.0,0.0,0.0,0.0,0.0,0.0,0.0,0.0,0.0,0.0,0.0,2.0,0.0,0.0,2.0,0.0,0.0,0.0,0.0,0.0,1.0,1.0,5.0,2.0,0.0,1.0,1.0,1.0,2.0,0.0,2.0,3.0,1.0,0.0,1.0,3.0,0.0,1.0,0.0,0.0,0.0,1.0,0.0,2.0,3.0,27.0,3.0,0.0,18.0,12.0,12.0,13.0,29.0
CHEMBL564829,Kd,54.0,19.0,17.0,1.0,0.0,0.0,0.0,33.0,19.0,1.0,0.0,0.0,0.0,0.0,3.0,1.0,0.0,0.0,0.0,36.0,19.0,2.0,0.0,0.0,0.0,0.0,3.0,1.0,28.0,27.0,2.0,0.0,0.0,0.0,2.0,1.0,0.0,0.0,25.0,22.0,5.0,0.0,0.0,0.0,3.0,0.0,0.0,0.0,0.0,23.0,14.0,1.0,0.0,0.0,0.0,3.0,1.0,0.0,18.0,13.0,2.0,0.0,0.0,0.0,0.0,2.0,0.0,0.0,0.0,20.0,10.0,0.0,0.0,0.0,0.0,3.0,2.0,0.0,0.0,0.0,18.0,14.0,1.0,0.0,0.0,0.0,0.0,0.0,19.0,5.0,2.0,0.0,0.0,3.0,0.0,0.0,0.0,0.0,5.0,0.0,2.0,0.0,0.0,0.0,2.0,2.0,0.0,5.0,2.0,1.0,1.0,0.0,2.0,0.0,12.0,1.0,5.0,0.0,1.0,0.0,0.0,3.0,0.0,0.0,0.0,0.0,0.0,0.0,0.0,0.0,0.0,0.0,0.0,0.0,0.0,0.0,0.0,0.0,4.0,2.0,1.0,6.0,0.0,0.0,0.0,2.0,0.0,0.0,0.0,7.0,5.0,0.0,1.0,2.0,0.0,0.0,0.0,0.0,4.0,1.0,2.0,0.0,1.0,2.0,1.0,0.0,0.0,2.0,1.0,2.0,3.0,4.0,17.0,6.0,2.0,18.0,16.0,16.0,5.0,20.0
CHEMBL5197792,Kd,2.5,28.0,12.0,9.0,0.0,1.0,1.0,37.0,17.0,12.0,0.0,2.0,0.0,2.0,1.0,1.0,0.0,0.0,0.0,38.0,15.0,13.0,0.0,2.0,0.0,2.0,1.0,1.0,38.0,7.0,11.0,0.0,2.0,2.0,3.0,6.0,1.0,1.0,40.0,12.0,12.0,0.0,3.0,3.0,0.0,2.0,0.0,0.0,1.0,36.0,18.0,12.0,0.0,4.0,4.0,0.0,0.0,1.0,35.0,16.0,7.0,0.0,4.0,0.0,4.0,0.0,2.0,2.0,2.0,32.0,11.0,11.0,0.0,2.0,2.0,1.0,1.0,1.0,1.0,0.0,33.0,9.0,9.0,0.0,2.0,2.0,1.0,1.0,32.0,11.0,5.0,3.0,3.0,0.0,2.0,0.0,0.0,1.0,12.0,2.0,8.0,4.0,3.0,0.0,3.0,0.0,3.0,2.0,2.0,1.0,1.0,1.0,1.0,4.0,16.0,1.0,10.0,0.0,0.0,0.0,0.0,7.0,0.0,0.0,2.0,0.0,0.0,6.0,6.0,1.0,0.0,0.0,2.0,2.0,0.0,3.0,1.0,1.0,5.0,3.0,3.0,8.0,0.0,0.0,2.0,3.0,3.0,3.0,2.0,5.0,4.0,1.0,1.0,0.0,4.0,4.0,2.0,1.0,3.0,1.0,0.0,2.0,5.0,0.0,6.0,0.0,2.0,1.0,1.0,0.0,2.0,3.0,21.0,5.0,2.0,21.0,22.0,22.0,13.0,24.0
CHEMBL5195819,Kd,0.0154,20.0,10.0,3.0,0.0,0.0,0.0,27.0,15.0,4.0,0.0,0.0,0.0,0.0,0.0,2.0,0.0,0.0,0.0,27.0,11.0,7.0,0.0,0.0,0.0,0.0,2.0,1.0,21.0,10.0,10.0,0.0,0.0,0.0,2.0,3.0,0.0,0.0,18.0,12.0,11.0,0.0,0.0,0.0,1.0,2.0,0.0,0.0,0.0,22.0,10.0,7.0,0.0,0.0,0.0,0.0,2.0,1.0,23.0,7.0,8.0,0.0,0.0,0.0,0.0,2.0,1.0,0.0,0.0,21.0,8.0,6.0,0.0,0.0,0.0,0.0,0.0,0.0,0.0,0.0,19.0,7.0,3.0,0.0,0.0,0.0,1.0,2.0,15.0,7.0,4.0,0.0,0.0,1.0,0.0,0.0,0.0,0.0,5.0,0.0,2.0,0.0,0.0,2.0,1.0,0.0,1.0,0.0,1.0,0.0,1.0,0.0,1.0,1.0,8.0,1.0,4.0,1.0,0.0,0.0,1.0,0.0,0.0,0.0,0.0,0.0,1.0,0.0,0.0,0.0,0.0,0.0,0.0,0.0,0.0,0.0,0.0,0.0,5.0,3.0,3.0,8.0,2.0,0.0,2.0,4.0,2.0,1.0,0.0,5.0,4.0,0.0,2.0,0.0,2.0,1.0,0.0,0.0,4.0,1.0,2.0,1.0,3.0,0.0,0.0,0.0,0.0,0.0,1.0,0.0,0.0,1.0,15.0,4.0,7.0,13.0,11.0,11.0,5.0,20.0
CHEMBL5282138,Kd,3.6,15.0,10.0,0.0,0.0,0.0,0.0,20.0,9.0,0.0,0.0,0.0,0.0,0.0,4.0,0.0,0.0,0.0,0.0,18.0,13.0,0.0,0.0,0.0,0.0,0.0,0.0,0.0,16.0,11.0,0.0,0.0,0.0,0.0,2.0,0.0,0.0,0.0,17.0,11.0,0.0,0.0,0.0,0.0,0.0,0.0,0.0,0.0,0.0,12.0,12.0,0.0,0.0,0.0,0.0,1.0,0.0,0.0,12.0,8.0,0.0,0.0,0.0,0.0,0.0,0.0,0.0,0.0,0.0,13.0,4.0,0.0,0.0,0.0,0.0,2.0,0.0,0.0,0.0,0.0,10.0,6.0,0.0,0.0,0.0,0.0,0.0,0.0,9.0,2.0,0.0,0.0,0.0,1.0,0.0,0.0,0.0,1.0,0.0,0.0,0.0,0.0,0.0,0.0,0.0,0.0,0.0,2.0,2.0,0.0,0.0,0.0,0.0,0.0,3.0,0.0,2.0,0.0,0.0,0.0,0.0,1.0,0.0,0.0,0.0,0.0,0.0,0.0,0.0,0.0,0.0,0.0,0.0,0.0,0.0,0.0,0.0,0.0,2.0,0.0,0.0,0.0,0.0,0.0,0.0,0.0,0.0,0.0,0.0,1.0,0.0,0.0,0.0,0.0,0.0,0.0,0.0,0.0,2.0,0.0,0.0,0.0,0.0,2.0,0.0,0.0,0.0,0.0,0.0,0.0,3.0,3.0,18.0,3.0,0.0,10.0,6.0,6.0,4.0,18.0
