Molecule ChEMBL ID,Standard Type,Standard Value,APC2D1_C_C,APC2D1_C_N,APC2D1_C_O,APC2D1_C_S,APC2D1_C_F,APC2D1_C_Cl,APC2D1_C_X,APC2D1_N_N,APC2D2_C_C,APC2D2_C_N,APC2D2_C_O,APC2D2_C_S,APC2D2_C_F,APC2D2_C_Cl,APC2D2_C_X,APC2D2_N_N,APC2D2_N_O,APC2D2_O_F,APC2D2_O_X,APC2D2_F_F,APC2D2_F_X,APC2D2_X_X,APC2D3_C_C,APC2D3_C_N,APC2D3_C_O,APC2D3_C_S,APC2D3_C_F,APC2D3_C_Cl,APC2D3_C_X,APC2D3_N_N,APC2D3_N_O,APC2D4_C_C,APC2D4_C_N,APC2D4_C_O,APC2D4_C_S,APC2D4_C_F,APC2D4_C_Cl,APC2D4_C_X,APC2D4_N_O,APC2D4_N_F,APC2D4_N_X,APC2D4_O_O,APC2D5_C_C,APC2D5_C_N,APC2D5_C_O,APC2D5_C_S,APC2D5_C_F,APC2D5_C_Cl,APC2D5_C_X,APC2D5_N_N,APC2D5_N_O,APC2D5_N_F,APC2D5_N_Cl,APC2D5_N_X,APC2D5_O_O,APC2D6_C_C,APC2D6_C_N,APC2D6_C_O,APC2D6_C_S,APC2D6_C_F,APC2D6_C_Cl,APC2D6_C_X,APC2D6_N_N,APC2D6_N_O,APC2D6_N_F,APC2D6_N_Cl,APC2D6_N_X,APC2D6_O_O,APC2D6_O_X,APC2D6_F_F,APC2D6_F_X,APC2D6_X_X,APC2D7_C_C,APC2D7_C_N,APC2D7_C_O,APC2D7_C_S,APC2D7_C_F,APC2D7_C_Cl,APC2D7_C_X,APC2D7_N_N,APC2D7_N_O,APC2D7_N_F,APC2D7_N_X,APC2D7_O_O,APC2D8_C_C,APC2D8_C_N,APC2D8_C_O,APC2D8_C_S,APC2D8_C_F,APC2D8_C_Cl,APC2D8_C_X,APC2D8_N_N,APC2D8_N_O,APC2D8_N_F,APC2D8_N_X,APC2D8_O_O,APC2D9_C_C,APC2D9_C_N,APC2D9_C_O,APC2D9_C_S,APC2D9_C_F,APC2D9_C_Cl,APC2D9_C_X,APC2D9_N_N,APC2D9_N_O,APC2D9_N_F,APC2D9_N_X,APC2D9_O_O,APC2D9_O_F,APC2D9_O_X,APC2D10_C_C,APC2D10_C_N,APC2D10_C_O,APC2D10_C_S,APC2D10_C_F,APC2D10_C_Cl,APC2D10_C_X,APC2D10_N_N,APC2D10_N_O,APC2D10_N_F,APC2D10_N_X,APC2D10_O_O,APC2D10_O_F,APC2D10_O_X,KRFPC1,KRFPC14,KRFPC16,KRFPC20,KRFPC297,KRFPC298,KRFPC302,KRFPC303,KRFPC314,KRFPC341,KRFPC344,KRFPC467,KRFPC504,KRFPC669,KRFPC677,KRFPC678,KRFPC839,KRFPC840,KRFPC1146,KRFPC1148,KRFPC1154,KRFPC1193,KRFPC1405,KRFPC1642,KRFPC1645,KRFPC2259,KRFPC2260,KRFPC2547,KRFPC2949,KRFPC2975,KRFPC3025,KRFPC3224,KRFPC3295,KRFPC3302,KRFPC3369,KRFPC3382,KRFPC3402,KRFPC3404,KRFPC3418,KRFPC3455,KRFPC3640,KRFPC3647,KRFPC3648,KRFPC3649,KRFPC3657,KRFPC3659,KRFPC3660,KRFPC3661,KRFPC3662,KRFPC3671,KRFPC3682,KRFPC3692,KRFPC3693,KRFPC3701,KRFPC3704,KRFPC3706,KRFPC3707,KRFPC3709,KRFPC3712,KRFPC3717,KRFPC3719,KRFPC3722,KRFPC3726,KRFPC3729,KRFPC3733,KRFPC3735,KRFPC3740,KRFPC3741,KRFPC3742,KRFPC3744,KRFPC3750,KRFPC3751,KRFPC3752,KRFPC3773,KRFPC3775,KRFPC3777,KRFPC3781,KRFPC3782,KRFPC3783,KRFPC3785,KRFPC3786,KRFPC3788,KRFPC3821,KRFPC3869,KRFPC3882,KRFPC3926,KRFPC3928,KRFPC3937,KRFPC3942,KRFPC3943,KRFPC3945,KRFPC3948,KRFPC3956,KRFPC4000,KRFPC4032,KRFPC4080,KRFPC4237,KRFPC4281,KRFPC4286,KRFPC4293,KRFPC4294,KRFPC4295,KRFPC4331,KRFPC4521,KRFPC4531,KRFPC4692,KRFPC4826,SubFPC1,SubFPC2,SubFPC3,SubFPC9,SubFPC12,SubFPC62,SubFPC63,SubFPC88,SubFPC99,SubFPC100,SubFPC127,SubFPC137,SubFPC171,SubFPC181,SubFPC184,SubFPC274,SubFPC275,SubFPC287,SubFPC295,SubFPC300,SubFPC301,SubFPC302,SubFPC307
CHEMBL346226,IC50,58.0,26.0,2.0,6.0,0.0,3.0,1.0,4.0,1.0,34.0,4.0,8.0,0.0,0.0,2.0,2.0,0.0,1.0,3.0,3.0,3.0,3.0,3.0,31.0,6.0,11.0,0.0,3.0,2.0,5.0,0.0,1.0,22.0,9.0,10.0,0.0,6.0,2.0,8.0,0.0,0.0,0.0,0.0,21.0,9.0,7.0,0.0,6.0,0.0,6.0,0.0,0.0,0.0,1.0,1.0,0.0,26.0,5.0,2.0,0.0,3.0,0.0,3.0,0.0,2.0,0.0,1.0,1.0,2.0,0.0,0.0,0.0,0.0,29.0,2.0,5.0,0.0,3.0,1.0,4.0,0.0,2.0,0.0,0.0,0.0,29.0,2.0,7.0,0.0,0.0,1.0,1.0,0.0,0.0,0.0,0.0,0.0,25.0,3.0,6.0,0.0,3.0,2.0,5.0,0.0,0.0,0.0,0.0,1.0,0.0,0.0,18.0,4.0,8.0,0.0,6.0,3.0,9.0,0.0,0.0,0.0,0.0,0.0,0.0,0.0,0.0,0.0,0.0,0.0,1.0,0.0,0.0,0.0,0.0,0.0,0.0,0.0,0.0,0.0,1.0,0.0,1.0,0.0,0.0,1.0,1.0,1.0,0.0,1.0,1.0,1.0,3.0,2.0,1.0,4.0,1.0,0.0,0.0,0.0,0.0,0.0,0.0,0.0,0.0,0.0,0.0,0.0,0.0,0.0,0.0,0.0,0.0,0.0,0.0,0.0,0.0,0.0,0.0,0.0,0.0,0.0,0.0,0.0,0.0,0.0,0.0,0.0,0.0,0.0,0.0,0.0,0.0,0.0,0.0,0.0,0.0,0.0,0.0,0.0,0.0,0.0,0.0,0.0,0.0,0.0,0.0,0.0,1.0,1.0,1.0,0.0,0.0,0.0,0.0,0.0,0.0,0.0,2.0,2.0,3.0,2.0,1.0,0.0,0.0,0.0,0.0,0.0,4.0,0.0,0.0,3.0,0.0,0.0,0.0,0.0,3.0,0.0,3.0,3.0,2.0,0.0,0.0,0.0,2.0,1.0,0.0,0.0,22.0,0.0,4.0,8.0,6.0,6.0,9.0,26.0
CHEMBL142886,IC50,300.0,24.0,2.0,1.0,0.0,1.0,0.0,1.0,0.0,31.0,4.0,2.0,0.0,2.0,0.0,2.0,0.0,0.0,0.0,0.0,0.0,0.0,0.0,34.0,7.0,2.0,0.0,2.0,0.0,2.0,0.0,0.0,43.0,3.0,3.0,0.0,1.0,0.0,1.0,1.0,0.0,0.0,0.0,46.0,3.0,6.0,0.0,1.0,0.0,1.0,0.0,0.0,0.0,0.0,0.0,0.0,42.0,3.0,4.0,0.0,2.0,0.0,2.0,0.0,0.0,0.0,0.0,0.0,0.0,0.0,0.0,0.0,0.0,29.0,2.0,4.0,0.0,4.0,0.0,4.0,0.0,0.0,0.0,0.0,0.0,17.0,0.0,1.0,0.0,4.0,0.0,4.0,0.0,0.0,1.0,1.0,0.0,7.0,0.0,1.0,0.0,5.0,0.0,5.0,0.0,0.0,0.0,0.0,0.0,0.0,0.0,3.0,0.0,0.0,0.0,1.0,0.0,1.0,0.0,0.0,0.0,0.0,0.0,0.0,0.0,3.0,3.0,0.0,0.0,4.0,0.0,0.0,0.0,0.0,3.0,2.0,0.0,0.0,6.0,0.0,0.0,0.0,0.0,0.0,1.0,0.0,0.0,0.0,1.0,0.0,0.0,1.0,0.0,1.0,13.0,0.0,9.0,0.0,0.0,0.0,0.0,0.0,0.0,0.0,0.0,5.0,0.0,0.0,0.0,0.0,0.0,0.0,0.0,0.0,0.0,0.0,2.0,0.0,0.0,0.0,1.0,0.0,0.0,0.0,0.0,0.0,0.0,0.0,0.0,0.0,0.0,0.0,0.0,0.0,0.0,0.0,0.0,0.0,0.0,0.0,0.0,0.0,0.0,0.0,0.0,0.0,1.0,0.0,0.0,0.0,0.0,0.0,0.0,0.0,0.0,0.0,0.0,1.0,0.0,1.0,0.0,0.0,0.0,0.0,0.0,0.0,0.0,1.0,0.0,0.0,0.0,0.0,6.0,4.0,2.0,0.0,1.0,0.0,0.0,0.0,0.0,0.0,0.0,0.0,0.0,1.0,1.0,12.0,1.0,0.0,3.0,14.0,14.0,7.0,14.0
CHEMBL217901,IC50,116.0,33.0,5.0,4.0,2.0,0.0,1.0,1.0,0.0,44.0,6.0,4.0,3.0,0.0,2.0,2.0,0.0,2.0,0.0,0.0,0.0,0.0,0.0,40.0,11.0,9.0,3.0,0.0,2.0,2.0,0.0,0.0,42.0,10.0,8.0,1.0,0.0,2.0,2.0,2.0,0.0,0.0,0.0,53.0,6.0,12.0,2.0,0.0,2.0,2.0,0.0,0.0,0.0,0.0,0.0,0.0,63.0,3.0,10.0,3.0,0.0,0.0,0.0,0.0,0.0,0.0,1.0,1.0,2.0,1.0,0.0,0.0,0.0,65.0,0.0,7.0,6.0,0.0,2.0,2.0,1.0,1.0,0.0,0.0,0.0,55.0,3.0,7.0,6.0,0.0,3.0,3.0,0.0,0.0,0.0,0.0,0.0,41.0,4.0,5.0,3.0,0.0,6.0,6.0,0.0,1.0,0.0,0.0,1.0,0.0,0.0,25.0,7.0,9.0,1.0,0.0,6.0,6.0,0.0,0.0,0.0,0.0,0.0,0.0,0.0,1.0,0.0,0.0,0.0,3.0,0.0,0.0,0.0,0.0,1.0,0.0,1.0,1.0,0.0,1.0,0.0,1.0,0.0,0.0,1.0,0.0,3.0,0.0,1.0,1.0,1.0,0.0,0.0,1.0,7.0,3.0,2.0,0.0,0.0,0.0,0.0,0.0,0.0,0.0,1.0,1.0,0.0,0.0,0.0,0.0,0.0,0.0,0.0,0.0,1.0,0.0,0.0,0.0,0.0,0.0,0.0,0.0,0.0,0.0,0.0,0.0,0.0,0.0,0.0,0.0,0.0,1.0,0.0,1.0,1.0,1.0,0.0,0.0,1.0,0.0,0.0,1.0,0.0,0.0,0.0,0.0,1.0,1.0,1.0,5.0,4.0,0.0,0.0,3.0,0.0,0.0,0.0,1.0,0.0,0.0,2.0,2.0,0.0,0.0,1.0,0.0,0.0,4.0,0.0,0.0,0.0,0.0,0.0,1.0,0.0,0.0,0.0,0.0,0.0,3.0,0.0,1.0,0.0,4.0,1.0,0.0,1.0,27.0,1.0,4.0,11.0,10.0,10.0,12.0,32.0
CHEMBL375000,IC50,1207.0,23.0,7.0,10.0,0.0,3.0,0.0,3.0,0.0,31.0,7.0,11.0,0.0,0.0,0.0,0.0,1.0,3.0,3.0,3.0,3.0,3.0,3.0,29.0,12.0,14.0,0.0,3.0,0.0,3.0,0.0,0.0,26.0,11.0,11.0,0.0,6.0,0.0,6.0,2.0,0.0,0.0,0.0,29.0,8.0,10.0,0.0,6.0,0.0,6.0,0.0,3.0,0.0,0.0,0.0,0.0,30.0,9.0,12.0,0.0,3.0,0.0,3.0,0.0,0.0,0.0,0.0,0.0,2.0,0.0,0.0,0.0,0.0,38.0,1.0,7.0,0.0,0.0,0.0,0.0,1.0,4.0,3.0,3.0,3.0,28.0,7.0,18.0,0.0,3.0,0.0,3.0,0.0,0.0,0.0,0.0,0.0,27.0,3.0,15.0,0.0,0.0,0.0,0.0,1.0,2.0,3.0,3.0,1.0,3.0,3.0,23.0,5.0,16.0,0.0,6.0,0.0,6.0,0.0,0.0,0.0,0.0,0.0,0.0,0.0,1.0,0.0,0.0,0.0,9.0,2.0,0.0,0.0,0.0,4.0,0.0,1.0,1.0,0.0,2.0,0.0,2.0,0.0,0.0,1.0,2.0,3.0,0.0,2.0,0.0,0.0,3.0,3.0,1.0,15.0,3.0,9.0,0.0,0.0,0.0,0.0,1.0,1.0,0.0,1.0,7.0,0.0,0.0,0.0,0.0,0.0,0.0,2.0,2.0,1.0,0.0,6.0,0.0,0.0,0.0,6.0,0.0,0.0,1.0,0.0,0.0,0.0,1.0,2.0,2.0,2.0,3.0,2.0,3.0,5.0,3.0,2.0,0.0,5.0,0.0,0.0,3.0,0.0,0.0,0.0,0.0,7.0,0.0,0.0,6.0,4.0,0.0,2.0,3.0,1.0,0.0,0.0,6.0,1.0,3.0,3.0,3.0,0.0,0.0,1.0,0.0,0.0,7.0,0.0,0.0,3.0,0.0,0.0,5.0,0.0,3.0,0.0,3.0,4.0,2.0,0.0,1.0,0.0,2.0,0.0,0.0,0.0,12.0,2.0,2.0,17.0,19.0,19.0,13.0,21.0
CHEMBL1922914,IC50,51.0,25.0,7.0,4.0,0.0,6.0,0.0,6.0,3.0,36.0,8.0,5.0,0.0,3.0,0.0,3.0,5.0,1.0,3.0,3.0,6.0,6.0,6.0,35.0,9.0,8.0,0.0,9.0,0.0,9.0,2.0,1.0,30.0,12.0,8.0,0.0,12.0,0.0,12.0,2.0,0.0,0.0,0.0,36.0,10.0,6.0,0.0,9.0,0.0,9.0,0.0,2.0,3.0,0.0,3.0,0.0,36.0,11.0,6.0,0.0,12.0,0.0,12.0,0.0,0.0,0.0,0.0,0.0,1.0,0.0,0.0,0.0,0.0,36.0,6.0,5.0,0.0,9.0,0.0,9.0,1.0,2.0,0.0,0.0,0.0,29.0,8.0,6.0,0.0,12.0,0.0,12.0,0.0,0.0,0.0,0.0,0.0,22.0,6.0,8.0,0.0,15.0,0.0,15.0,2.0,0.0,3.0,3.0,0.0,0.0,0.0,16.0,7.0,7.0,0.0,18.0,0.0,18.0,2.0,1.0,0.0,0.0,1.0,0.0,0.0,0.0,0.0,0.0,0.0,1.0,0.0,0.0,0.0,0.0,0.0,0.0,0.0,0.0,0.0,1.0,0.0,1.0,0.0,0.0,0.0,2.0,2.0,0.0,2.0,1.0,0.0,6.0,1.0,0.0,5.0,2.0,0.0,0.0,0.0,0.0,0.0,0.0,0.0,0.0,0.0,0.0,0.0,0.0,0.0,0.0,0.0,0.0,0.0,0.0,0.0,0.0,0.0,0.0,0.0,0.0,0.0,0.0,0.0,0.0,0.0,0.0,0.0,0.0,0.0,0.0,0.0,0.0,0.0,0.0,0.0,0.0,0.0,0.0,0.0,0.0,0.0,0.0,0.0,0.0,0.0,0.0,0.0,0.0,0.0,1.0,0.0,0.0,0.0,0.0,0.0,0.0,0.0,1.0,1.0,6.0,1.0,1.0,0.0,0.0,0.0,0.0,0.0,3.0,0.0,0.0,3.0,0.0,0.0,0.0,0.0,6.0,0.0,3.0,3.0,1.0,0.0,1.0,0.0,5.0,0.0,3.0,5.0,26.0,5.0,6.0,11.0,6.0,6.0,10.0,28.0
CHEMBL1922917,IC50,32.0,30.0,5.0,4.0,0.0,0.0,2.0,2.0,0.0,38.0,8.0,5.0,0.0,0.0,4.0,4.0,0.0,1.0,0.0,0.0,0.0,0.0,0.0,39.0,8.0,8.0,0.0,0.0,4.0,4.0,0.0,1.0,41.0,6.0,8.0,0.0,0.0,3.0,3.0,2.0,0.0,0.0,0.0,46.0,3.0,11.0,0.0,0.0,1.0,1.0,0.0,0.0,0.0,2.0,2.0,0.0,45.0,4.0,9.0,0.0,0.0,4.0,4.0,0.0,0.0,0.0,0.0,0.0,2.0,0.0,0.0,0.0,0.0,42.0,3.0,7.0,0.0,0.0,7.0,7.0,0.0,0.0,0.0,0.0,0.0,36.0,3.0,7.0,0.0,0.0,7.0,7.0,0.0,0.0,0.0,0.0,0.0,31.0,3.0,4.0,0.0,0.0,6.0,6.0,0.0,1.0,0.0,0.0,1.0,0.0,0.0,23.0,2.0,5.0,0.0,0.0,5.0,5.0,1.0,1.0,0.0,0.0,0.0,0.0,0.0,1.0,0.0,0.0,1.0,5.0,2.0,2.0,0.0,0.0,2.0,0.0,1.0,1.0,1.0,1.0,0.0,1.0,0.0,0.0,1.0,0.0,3.0,0.0,2.0,1.0,2.0,0.0,0.0,1.0,10.0,3.0,7.0,0.0,0.0,1.0,0.0,0.0,0.0,0.0,2.0,6.0,0.0,0.0,0.0,0.0,1.0,0.0,0.0,0.0,3.0,1.0,3.0,0.0,1.0,2.0,2.0,0.0,1.0,0.0,0.0,0.0,0.0,0.0,0.0,0.0,0.0,1.0,0.0,1.0,1.0,1.0,0.0,0.0,1.0,0.0,0.0,1.0,0.0,0.0,0.0,0.0,1.0,2.0,2.0,2.0,1.0,0.0,0.0,1.0,0.0,0.0,0.0,1.0,0.0,0.0,1.0,1.0,0.0,0.0,1.0,0.0,0.0,4.0,1.0,0.0,0.0,0.0,1.0,4.0,1.0,0.0,0.0,0.0,0.0,2.0,0.0,1.0,0.0,3.0,2.0,0.0,1.0,21.0,1.0,4.0,9.0,11.0,11.0,11.0,26.0
CHEMBL1922920,IC50,24.0,30.0,5.0,6.0,0.0,3.0,1.0,4.0,0.0,39.0,8.0,7.0,0.0,0.0,2.0,2.0,0.0,1.0,3.0,3.0,3.0,3.0,3.0,41.0,8.0,10.0,0.0,3.0,2.0,5.0,0.0,1.0,43.0,6.0,9.0,0.0,6.0,2.0,8.0,3.0,0.0,0.0,0.0,47.0,4.0,13.0,0.0,6.0,1.0,7.0,0.0,0.0,0.0,1.0,1.0,0.0,47.0,4.0,13.0,0.0,3.0,2.0,5.0,0.0,0.0,3.0,0.0,3.0,2.0,0.0,0.0,0.0,0.0,46.0,3.0,10.0,0.0,6.0,3.0,9.0,0.0,0.0,0.0,0.0,1.0,39.0,3.0,11.0,0.0,12.0,4.0,16.0,0.0,0.0,0.0,0.0,0.0,34.0,3.0,6.0,0.0,9.0,3.0,12.0,0.0,1.0,0.0,0.0,1.0,3.0,4.0,25.0,2.0,8.0,0.0,9.0,4.0,13.0,1.0,1.0,0.0,0.0,0.0,0.0,0.0,1.0,0.0,0.0,1.0,5.0,2.0,2.0,0.0,0.0,2.0,0.0,1.0,1.0,1.0,1.0,0.0,1.0,0.0,0.0,1.0,1.0,3.0,0.0,1.0,1.0,1.0,3.0,1.0,1.0,11.0,3.0,7.0,0.0,0.0,1.0,0.0,0.0,0.0,0.0,2.0,6.0,0.0,0.0,0.0,0.0,1.0,0.0,0.0,0.0,3.0,1.0,3.0,0.0,1.0,2.0,2.0,0.0,1.0,0.0,0.0,0.0,0.0,0.0,0.0,0.0,0.0,1.0,0.0,1.0,1.0,1.0,0.0,0.0,1.0,0.0,0.0,1.0,0.0,0.0,0.0,0.0,1.0,1.0,1.0,2.0,1.0,0.0,0.0,1.0,0.0,0.0,0.0,2.0,1.0,3.0,1.0,1.0,0.0,0.0,1.0,0.0,0.0,5.0,1.0,0.0,3.0,0.0,1.0,4.0,1.0,3.0,0.0,3.0,3.0,2.0,0.0,1.0,0.0,3.0,1.0,0.0,1.0,21.0,1.0,4.0,11.0,11.0,11.0,13.0,27.0
CHEMBL1922929,IC50,58.0,33.0,7.0,4.0,0.0,0.0,1.0,1.0,0.0,43.0,11.0,5.0,0.0,0.0,2.0,2.0,0.0,1.0,0.0,0.0,0.0,0.0,0.0,45.0,10.0,8.0,0.0,0.0,2.0,2.0,1.0,1.0,44.0,10.0,8.0,0.0,0.0,2.0,2.0,2.0,0.0,0.0,0.0,46.0,9.0,11.0,0.0,0.0,1.0,1.0,0.0,0.0,0.0,1.0,1.0,0.0,50.0,8.0,8.0,0.0,0.0,2.0,2.0,0.0,1.0,0.0,0.0,0.0,2.0,0.0,0.0,0.0,0.0,52.0,6.0,8.0,0.0,0.0,3.0,3.0,0.0,0.0,0.0,0.0,0.0,47.0,5.0,9.0,0.0,0.0,3.0,3.0,0.0,0.0,0.0,1.0,0.0,39.0,6.0,5.0,0.0,0.0,4.0,4.0,0.0,1.0,0.0,0.0,1.0,0.0,0.0,31.0,4.0,5.0,0.0,0.0,5.0,5.0,1.0,1.0,0.0,0.0,0.0,0.0,0.0,1.0,0.0,0.0,1.0,5.0,2.0,2.0,0.0,0.0,2.0,0.0,1.0,1.0,1.0,1.0,0.0,1.0,0.0,0.0,1.0,0.0,3.0,0.0,1.0,1.0,1.0,0.0,0.0,1.0,10.0,3.0,7.0,0.0,0.0,1.0,0.0,0.0,0.0,0.0,2.0,6.0,0.0,0.0,0.0,0.0,1.0,0.0,0.0,0.0,3.0,1.0,3.0,0.0,1.0,2.0,2.0,0.0,1.0,0.0,0.0,0.0,0.0,0.0,0.0,0.0,0.0,1.0,0.0,1.0,1.0,1.0,0.0,0.0,1.0,0.0,0.0,1.0,0.0,0.0,0.0,0.0,1.0,1.0,1.0,2.0,1.0,0.0,0.0,1.0,0.0,0.0,0.0,1.0,0.0,0.0,1.0,1.0,0.0,0.0,1.0,0.0,0.0,4.0,1.0,0.0,0.0,0.0,1.0,4.0,1.0,0.0,0.0,0.0,0.0,2.0,0.0,1.0,0.0,3.0,1.0,1.0,2.0,25.0,2.0,4.0,11.0,11.0,11.0,11.0,29.0
CHEMBL1922930,IC50,9.2,29.0,7.0,4.0,0.0,3.0,1.0,4.0,0.0,37.0,10.0,5.0,0.0,3.0,2.0,5.0,1.0,1.0,0.0,0.0,3.0,3.0,3.0,38.0,11.0,8.0,0.0,3.0,2.0,5.0,0.0,1.0,38.0,11.0,8.0,0.0,6.0,2.0,8.0,2.0,0.0,0.0,0.0,45.0,6.0,10.0,0.0,3.0,1.0,4.0,0.0,1.0,3.0,1.0,4.0,0.0,46.0,7.0,9.0,0.0,6.0,2.0,8.0,0.0,0.0,0.0,0.0,0.0,2.0,0.0,0.0,0.0,0.0,43.0,5.0,8.0,0.0,12.0,2.0,14.0,0.0,0.0,0.0,1.0,0.0,36.0,6.0,7.0,0.0,9.0,4.0,13.0,0.0,0.0,0.0,0.0,0.0,31.0,5.0,4.0,0.0,9.0,4.0,13.0,0.0,1.0,0.0,0.0,1.0,0.0,0.0,25.0,3.0,5.0,0.0,6.0,3.0,9.0,1.0,1.0,0.0,0.0,0.0,0.0,0.0,1.0,0.0,0.0,1.0,5.0,2.0,2.0,0.0,0.0,2.0,0.0,1.0,1.0,1.0,1.0,0.0,1.0,0.0,0.0,1.0,1.0,3.0,0.0,1.0,1.0,1.0,3.0,0.0,1.0,11.0,3.0,7.0,0.0,0.0,1.0,0.0,0.0,0.0,0.0,2.0,6.0,0.0,0.0,0.0,0.0,1.0,0.0,0.0,0.0,3.0,1.0,3.0,0.0,1.0,2.0,2.0,0.0,1.0,0.0,0.0,0.0,0.0,0.0,0.0,0.0,0.0,1.0,0.0,1.0,1.0,1.0,0.0,0.0,1.0,0.0,0.0,1.0,0.0,0.0,0.0,0.0,1.0,1.0,1.0,2.0,1.0,0.0,0.0,1.0,0.0,0.0,0.0,1.0,0.0,3.0,1.0,1.0,0.0,0.0,1.0,0.0,0.0,4.0,1.0,0.0,0.0,0.0,1.0,4.0,1.0,3.0,0.0,0.0,0.0,2.0,0.0,1.0,0.0,3.0,1.0,1.0,2.0,21.0,2.0,4.0,11.0,11.0,11.0,12.0,26.0
CHEMBL1922937,IC50,26.0,33.0,5.0,6.0,0.0,3.0,0.0,3.0,0.0,43.0,8.0,7.0,0.0,3.0,0.0,3.0,0.0,1.0,0.0,0.0,3.0,3.0,3.0,45.0,8.0,10.0,0.0,6.0,0.0,6.0,0.0,1.0,46.0,7.0,10.0,0.0,6.0,0.0,6.0,2.0,0.0,0.0,0.0,53.0,3.0,12.0,0.0,3.0,0.0,3.0,0.0,1.0,3.0,0.0,3.0,0.0,54.0,5.0,12.0,0.0,6.0,0.0,6.0,0.0,0.0,0.0,0.0,0.0,2.0,0.0,0.0,0.0,0.0,52.0,4.0,12.0,0.0,12.0,0.0,12.0,0.0,0.0,0.0,0.0,1.0,50.0,4.0,12.0,0.0,9.0,0.0,9.0,0.0,0.0,0.0,0.0,0.0,47.0,3.0,8.0,0.0,9.0,0.0,9.0,0.0,1.0,0.0,0.0,1.0,0.0,0.0,40.0,2.0,8.0,0.0,6.0,0.0,6.0,1.0,1.0,0.0,0.0,0.0,3.0,3.0,1.0,0.0,0.0,1.0,7.0,2.0,2.0,0.0,0.0,4.0,2.0,1.0,1.0,2.0,1.0,0.0,1.0,0.0,0.0,1.0,1.0,3.0,0.0,1.0,1.0,0.0,3.0,1.0,1.0,14.0,3.0,9.0,0.0,0.0,1.0,0.0,0.0,0.0,0.0,2.0,8.0,0.0,0.0,0.0,0.0,1.0,0.0,0.0,0.0,3.0,1.0,5.0,0.0,1.0,2.0,4.0,0.0,1.0,3.0,0.0,2.0,0.0,0.0,0.0,0.0,0.0,1.0,0.0,1.0,1.0,1.0,0.0,0.0,1.0,0.0,0.0,1.0,0.0,0.0,0.0,0.0,1.0,0.0,0.0,2.0,1.0,0.0,0.0,1.0,0.0,0.0,0.0,2.0,1.0,3.0,1.0,1.0,0.0,0.0,1.0,0.0,0.0,5.0,1.0,0.0,0.0,0.0,1.0,6.0,1.0,3.0,0.0,0.0,0.0,2.0,0.0,1.0,0.0,3.0,0.0,0.0,1.0,21.0,1.0,4.0,11.0,14.0,14.0,15.0,27.0
CHEMBL1922931,IC50,450.0,29.0,7.0,4.0,0.0,3.0,1.0,4.0,0.0,37.0,10.0,5.0,0.0,3.0,2.0,5.0,1.0,1.0,0.0,0.0,3.0,3.0,3.0,38.0,11.0,8.0,0.0,3.0,2.0,5.0,0.0,1.0,38.0,11.0,8.0,0.0,6.0,2.0,8.0,2.0,0.0,0.0,0.0,45.0,6.0,10.0,0.0,3.0,1.0,4.0,0.0,1.0,3.0,1.0,4.0,0.0,46.0,7.0,9.0,0.0,6.0,2.0,8.0,0.0,0.0,0.0,0.0,0.0,2.0,0.0,0.0,0.0,0.0,43.0,5.0,8.0,0.0,12.0,2.0,14.0,0.0,0.0,0.0,1.0,0.0,36.0,6.0,7.0,0.0,9.0,4.0,13.0,0.0,0.0,0.0,0.0,0.0,31.0,5.0,4.0,0.0,9.0,4.0,13.0,0.0,1.0,0.0,0.0,1.0,0.0,0.0,25.0,3.0,5.0,0.0,6.0,3.0,9.0,1.0,1.0,0.0,0.0,0.0,0.0,0.0,1.0,0.0,0.0,1.0,5.0,2.0,2.0,0.0,0.0,2.0,0.0,1.0,1.0,1.0,1.0,0.0,1.0,0.0,0.0,1.0,1.0,3.0,0.0,1.0,1.0,1.0,3.0,0.0,1.0,11.0,3.0,7.0,0.0,0.0,1.0,0.0,0.0,0.0,0.0,2.0,6.0,0.0,0.0,0.0,0.0,1.0,0.0,0.0,0.0,3.0,1.0,3.0,0.0,1.0,2.0,2.0,0.0,1.0,0.0,0.0,0.0,0.0,0.0,0.0,0.0,0.0,1.0,0.0,1.0,1.0,1.0,0.0,0.0,1.0,0.0,0.0,1.0,0.0,0.0,0.0,0.0,1.0,1.0,1.0,2.0,1.0,0.0,0.0,1.0,0.0,0.0,0.0,1.0,0.0,3.0,1.0,1.0,0.0,0.0,1.0,0.0,0.0,4.0,1.0,0.0,0.0,0.0,1.0,4.0,1.0,3.0,0.0,0.0,0.0,2.0,0.0,1.0,0.0,3.0,1.0,1.0,2.0,21.0,2.0,4.0,11.0,11.0,11.0,12.0,26.0
CHEMBL1922711,IC50,110.0,23.0,12.0,1.0,0.0,4.0,0.0,4.0,3.0,35.0,10.0,1.0,0.0,5.0,0.0,5.0,8.0,1.0,0.0,0.0,3.0,3.0,3.0,30.0,21.0,3.0,0.0,8.0,0.0,8.0,2.0,0.0,30.0,22.0,2.0,0.0,7.0,0.0,7.0,2.0,0.0,0.0,0.0,35.0,21.0,1.0,0.0,6.0,0.0,6.0,0.0,2.0,4.0,0.0,4.0,0.0,37.0,18.0,1.0,0.0,10.0,0.0,10.0,0.0,0.0,3.0,0.0,3.0,0.0,0.0,0.0,0.0,0.0,42.0,8.0,0.0,0.0,6.0,0.0,6.0,1.0,1.0,5.0,5.0,0.0,35.0,9.0,2.0,0.0,13.0,0.0,13.0,0.0,0.0,0.0,0.0,0.0,26.0,4.0,2.0,0.0,15.0,0.0,15.0,4.0,2.0,0.0,0.0,0.0,0.0,0.0,14.0,10.0,4.0,0.0,14.0,0.0,14.0,2.0,0.0,0.0,0.0,0.0,0.0,0.0,0.0,0.0,0.0,0.0,2.0,0.0,0.0,0.0,0.0,0.0,0.0,0.0,0.0,2.0,1.0,0.0,1.0,0.0,0.0,0.0,1.0,1.0,0.0,2.0,0.0,0.0,4.0,0.0,0.0,7.0,1.0,1.0,0.0,0.0,0.0,0.0,0.0,0.0,0.0,0.0,0.0,0.0,0.0,0.0,0.0,0.0,0.0,0.0,0.0,0.0,1.0,0.0,0.0,0.0,0.0,0.0,0.0,0.0,0.0,0.0,0.0,0.0,0.0,0.0,0.0,0.0,0.0,0.0,0.0,0.0,0.0,0.0,0.0,0.0,0.0,0.0,0.0,0.0,0.0,0.0,0.0,0.0,0.0,0.0,4.0,1.0,0.0,0.0,0.0,3.0,0.0,0.0,0.0,0.0,4.0,4.0,1.0,0.0,0.0,0.0,0.0,0.0,1.0,0.0,0.0,0.0,0.0,1.0,1.0,0.0,3.0,0.0,0.0,0.0,1.0,0.0,1.0,0.0,2.0,0.0,3.0,4.0,23.0,6.0,6.0,13.0,9.0,9.0,8.0,25.0
CHEMBL1922712,IC50,8.3,21.0,12.0,5.0,0.0,6.0,0.0,6.0,3.0,34.0,10.0,5.0,0.0,3.0,0.0,3.0,8.0,1.0,3.0,3.0,6.0,6.0,6.0,30.0,20.0,7.0,0.0,9.0,0.0,9.0,2.0,1.0,28.0,21.0,7.0,0.0,12.0,0.0,12.0,3.0,0.0,0.0,0.0,35.0,20.0,2.0,0.0,9.0,0.0,9.0,0.0,4.0,3.0,0.0,3.0,0.0,35.0,19.0,4.0,0.0,12.0,0.0,12.0,0.0,0.0,3.0,0.0,3.0,0.0,0.0,0.0,0.0,0.0,39.0,8.0,4.0,0.0,6.0,0.0,6.0,1.0,3.0,6.0,6.0,0.0,31.0,11.0,10.0,0.0,12.0,0.0,12.0,0.0,0.0,0.0,0.0,0.0,28.0,4.0,7.0,0.0,12.0,0.0,12.0,4.0,2.0,6.0,6.0,0.0,0.0,0.0,16.0,10.0,9.0,0.0,21.0,0.0,21.0,2.0,0.0,0.0,0.0,1.0,0.0,0.0,0.0,0.0,0.0,0.0,1.0,0.0,0.0,0.0,0.0,0.0,0.0,0.0,0.0,2.0,1.0,0.0,1.0,0.0,0.0,0.0,2.0,1.0,0.0,2.0,0.0,0.0,6.0,2.0,0.0,7.0,1.0,0.0,0.0,0.0,0.0,0.0,0.0,0.0,0.0,0.0,0.0,0.0,0.0,0.0,0.0,0.0,0.0,0.0,0.0,0.0,0.0,0.0,0.0,0.0,0.0,0.0,0.0,0.0,0.0,0.0,0.0,0.0,0.0,0.0,0.0,0.0,0.0,0.0,0.0,0.0,0.0,0.0,0.0,0.0,0.0,0.0,0.0,0.0,0.0,0.0,0.0,0.0,0.0,0.0,4.0,1.0,0.0,0.0,0.0,3.0,0.0,0.0,2.0,2.0,6.0,4.0,1.0,0.0,0.0,0.0,0.0,0.0,3.0,0.0,0.0,3.0,0.0,0.0,0.0,0.0,6.0,0.0,3.0,3.0,1.0,0.0,1.0,0.0,2.0,0.0,3.0,4.0,23.0,6.0,6.0,17.0,8.0,8.0,10.0,26.0
CHEMBL1922835,IC50,8.3,22.0,12.0,5.0,0.0,3.0,1.0,4.0,3.0,33.0,10.0,6.0,0.0,0.0,2.0,2.0,8.0,1.0,3.0,3.0,3.0,3.0,3.0,29.0,20.0,8.0,0.0,3.0,2.0,5.0,2.0,1.0,30.0,20.0,6.0,0.0,6.0,1.0,7.0,3.0,0.0,1.0,0.0,36.0,20.0,2.0,0.0,6.0,3.0,9.0,0.0,4.0,0.0,1.0,1.0,0.0,38.0,20.0,4.0,0.0,3.0,3.0,6.0,0.0,0.0,0.0,1.0,1.0,0.0,0.0,0.0,0.0,0.0,40.0,10.0,4.0,0.0,0.0,4.0,4.0,1.0,3.0,3.0,3.0,0.0,30.0,12.0,10.0,0.0,3.0,4.0,7.0,0.0,0.0,0.0,0.0,0.0,31.0,4.0,7.0,0.0,0.0,3.0,3.0,4.0,2.0,6.0,6.0,0.0,0.0,0.0,22.0,10.0,9.0,0.0,12.0,2.0,14.0,2.0,0.0,0.0,0.0,1.0,0.0,0.0,0.0,0.0,0.0,0.0,3.0,0.0,0.0,0.0,0.0,1.0,0.0,0.0,0.0,2.0,1.0,0.0,1.0,0.0,0.0,0.0,1.0,1.0,0.0,2.0,0.0,1.0,3.0,2.0,0.0,8.0,1.0,2.0,0.0,0.0,0.0,0.0,0.0,0.0,0.0,0.0,1.0,0.0,0.0,0.0,0.0,0.0,0.0,0.0,0.0,0.0,0.0,0.0,0.0,0.0,0.0,0.0,0.0,0.0,0.0,0.0,0.0,0.0,0.0,0.0,0.0,0.0,0.0,0.0,0.0,1.0,0.0,0.0,0.0,0.0,0.0,0.0,0.0,0.0,0.0,0.0,0.0,1.0,1.0,1.0,4.0,1.0,0.0,0.0,0.0,3.0,0.0,0.0,2.0,2.0,3.0,4.0,1.0,0.0,0.0,0.0,0.0,0.0,3.0,0.0,0.0,3.0,0.0,1.0,1.0,0.0,3.0,0.0,3.0,3.0,1.0,0.0,1.0,0.0,2.0,1.0,3.0,4.0,23.0,6.0,6.0,17.0,10.0,10.0,11.0,25.0
CHEMBL1922838,IC50,9.3,22.0,12.0,5.0,0.0,3.0,1.0,4.0,3.0,33.0,10.0,7.0,0.0,0.0,2.0,2.0,8.0,1.0,3.0,3.0,3.0,3.0,3.0,30.0,20.0,7.0,0.0,3.0,2.0,5.0,2.0,1.0,31.0,20.0,6.0,0.0,6.0,1.0,7.0,3.0,0.0,1.0,0.0,36.0,21.0,2.0,0.0,6.0,3.0,9.0,0.0,4.0,0.0,1.0,1.0,0.0,39.0,20.0,4.0,0.0,3.0,4.0,7.0,0.0,0.0,0.0,1.0,1.0,0.0,0.0,0.0,0.0,0.0,38.0,10.0,4.0,0.0,0.0,3.0,3.0,1.0,3.0,3.0,3.0,0.0,31.0,11.0,10.0,0.0,3.0,4.0,7.0,0.0,0.0,0.0,0.0,0.0,33.0,4.0,7.0,0.0,0.0,3.0,3.0,4.0,2.0,6.0,6.0,0.0,0.0,0.0,22.0,10.0,9.0,0.0,12.0,2.0,14.0,2.0,0.0,0.0,0.0,1.0,0.0,0.0,1.0,1.0,0.0,0.0,1.0,0.0,0.0,0.0,0.0,0.0,0.0,0.0,0.0,3.0,1.0,0.0,1.0,0.0,0.0,0.0,1.0,1.0,0.0,2.0,0.0,1.0,3.0,2.0,0.0,8.0,1.0,2.0,0.0,0.0,0.0,0.0,0.0,0.0,0.0,0.0,1.0,0.0,0.0,0.0,0.0,0.0,0.0,0.0,0.0,0.0,0.0,0.0,0.0,0.0,0.0,0.0,0.0,0.0,0.0,0.0,0.0,0.0,0.0,0.0,0.0,0.0,0.0,0.0,0.0,0.0,0.0,0.0,0.0,0.0,0.0,0.0,0.0,0.0,0.0,0.0,0.0,2.0,1.0,1.0,4.0,1.0,0.0,0.0,0.0,3.0,0.0,0.0,2.0,2.0,3.0,4.0,1.0,0.0,0.0,0.0,0.0,0.0,3.0,0.0,0.0,3.0,0.0,2.0,0.0,0.0,3.0,0.0,3.0,3.0,1.0,0.0,1.0,0.0,2.0,1.0,3.0,4.0,23.0,6.0,6.0,17.0,10.0,10.0,10.0,26.0
CHEMBL161401,IC50,690.0,22.0,2.0,11.0,0.0,0.0,1.0,1.0,1.0,29.0,4.0,13.0,0.0,0.0,2.0,2.0,0.0,1.0,0.0,0.0,0.0,0.0,0.0,27.0,6.0,15.0,0.0,0.0,2.0,2.0,0.0,1.0,20.0,8.0,22.0,0.0,0.0,2.0,2.0,0.0,0.0,0.0,1.0,26.0,6.0,19.0,0.0,0.0,0.0,0.0,0.0,2.0,0.0,1.0,1.0,0.0,29.0,4.0,12.0,0.0,0.0,0.0,0.0,0.0,4.0,0.0,1.0,1.0,5.0,0.0,0.0,0.0,0.0,27.0,3.0,16.0,0.0,0.0,1.0,1.0,0.0,2.0,0.0,0.0,0.0,25.0,3.0,9.0,0.0,0.0,1.0,1.0,0.0,0.0,0.0,0.0,2.0,17.0,4.0,8.0,0.0,0.0,2.0,2.0,0.0,2.0,0.0,0.0,1.0,0.0,0.0,12.0,5.0,9.0,0.0,0.0,2.0,2.0,0.0,2.0,0.0,0.0,0.0,0.0,0.0,1.0,0.0,0.0,1.0,0.0,0.0,0.0,0.0,0.0,0.0,0.0,0.0,0.0,3.0,1.0,0.0,1.0,0.0,0.0,1.0,0.0,2.0,0.0,0.0,1.0,1.0,0.0,4.0,1.0,7.0,2.0,1.0,0.0,0.0,0.0,0.0,0.0,0.0,0.0,1.0,0.0,0.0,0.0,0.0,0.0,0.0,0.0,0.0,0.0,0.0,1.0,0.0,0.0,0.0,0.0,0.0,0.0,0.0,0.0,0.0,0.0,0.0,0.0,0.0,0.0,0.0,0.0,0.0,0.0,0.0,0.0,0.0,0.0,0.0,0.0,0.0,0.0,0.0,0.0,0.0,0.0,2.0,1.0,1.0,1.0,0.0,0.0,0.0,0.0,0.0,0.0,0.0,5.0,3.0,0.0,2.0,1.0,0.0,0.0,0.0,0.0,0.0,7.0,0.0,0.0,0.0,0.0,0.0,0.0,0.0,0.0,0.0,0.0,0.0,2.0,0.0,0.0,0.0,2.0,1.0,0.0,0.0,18.0,0.0,4.0,13.0,10.0,10.0,11.0,23.0
CHEMBL506520,IC50,16.0,31.0,12.0,1.0,0.0,0.0,0.0,0.0,3.0,46.0,11.0,1.0,0.0,0.0,0.0,0.0,8.0,1.0,0.0,0.0,0.0,0.0,0.0,39.0,22.0,3.0,0.0,0.0,0.0,0.0,2.0,0.0,38.0,23.0,2.0,0.0,0.0,0.0,0.0,2.0,0.0,0.0,0.0,44.0,24.0,1.0,0.0,0.0,0.0,0.0,0.0,2.0,0.0,0.0,0.0,0.0,54.0,23.0,1.0,0.0,0.0,0.0,0.0,0.0,0.0,0.0,0.0,0.0,0.0,0.0,0.0,0.0,0.0,63.0,12.0,0.0,0.0,0.0,0.0,0.0,1.0,1.0,0.0,0.0,0.0,54.0,15.0,2.0,0.0,0.0,0.0,0.0,0.0,0.0,0.0,0.0,0.0,55.0,4.0,2.0,0.0,0.0,0.0,0.0,4.0,2.0,0.0,0.0,0.0,0.0,0.0,40.0,11.0,5.0,0.0,0.0,0.0,0.0,2.0,0.0,0.0,0.0,0.0,0.0,0.0,2.0,0.0,0.0,0.0,6.0,4.0,0.0,0.0,0.0,2.0,0.0,0.0,0.0,3.0,1.0,0.0,1.0,0.0,0.0,0.0,1.0,1.0,0.0,1.0,0.0,0.0,0.0,0.0,0.0,13.0,1.0,10.0,0.0,0.0,5.0,0.0,1.0,0.0,0.0,0.0,14.0,0.0,0.0,0.0,2.0,11.0,7.0,2.0,0.0,0.0,0.0,14.0,0.0,0.0,0.0,14.0,0.0,0.0,9.0,0.0,7.0,3.0,0.0,4.0,2.0,0.0,2.0,0.0,0.0,0.0,2.0,0.0,0.0,2.0,0.0,0.0,0.0,0.0,0.0,0.0,0.0,0.0,0.0,0.0,3.0,1.0,0.0,1.0,0.0,0.0,0.0,0.0,0.0,0.0,0.0,2.0,1.0,0.0,0.0,0.0,0.0,0.0,1.0,0.0,0.0,0.0,0.0,3.0,4.0,1.0,0.0,0.0,0.0,0.0,1.0,0.0,1.0,0.0,2.0,0.0,4.0,6.0,26.0,6.0,2.0,13.0,19.0,19.0,10.0,28.0
CHEMBL152464,IC50,5.9,28.0,4.0,3.0,0.0,0.0,2.0,2.0,1.0,36.0,6.0,4.0,0.0,0.0,4.0,4.0,0.0,2.0,0.0,0.0,0.0,0.0,0.0,33.0,9.0,7.0,0.0,0.0,4.0,4.0,0.0,1.0,22.0,14.0,8.0,0.0,0.0,3.0,3.0,0.0,0.0,0.0,0.0,19.0,14.0,7.0,0.0,0.0,1.0,1.0,0.0,0.0,0.0,1.0,1.0,0.0,21.0,9.0,6.0,0.0,0.0,1.0,1.0,0.0,1.0,0.0,1.0,1.0,1.0,0.0,0.0,0.0,0.0,28.0,2.0,5.0,0.0,0.0,1.0,1.0,1.0,2.0,0.0,1.0,0.0,32.0,1.0,5.0,0.0,0.0,2.0,2.0,1.0,1.0,0.0,0.0,0.0,32.0,3.0,4.0,0.0,0.0,3.0,3.0,0.0,0.0,0.0,0.0,0.0,0.0,1.0,27.0,3.0,3.0,0.0,0.0,5.0,5.0,0.0,1.0,0.0,0.0,1.0,0.0,0.0,0.0,0.0,0.0,0.0,2.0,0.0,0.0,0.0,0.0,1.0,0.0,1.0,0.0,0.0,2.0,0.0,2.0,0.0,0.0,1.0,0.0,2.0,0.0,1.0,1.0,2.0,0.0,0.0,1.0,5.0,2.0,1.0,0.0,0.0,0.0,0.0,0.0,0.0,0.0,0.0,0.0,0.0,0.0,0.0,0.0,0.0,0.0,0.0,0.0,0.0,1.0,0.0,0.0,0.0,0.0,0.0,0.0,0.0,0.0,0.0,0.0,0.0,0.0,0.0,0.0,0.0,0.0,0.0,0.0,0.0,1.0,0.0,0.0,1.0,0.0,0.0,1.0,0.0,0.0,0.0,0.0,0.0,2.0,2.0,3.0,1.0,0.0,0.0,1.0,0.0,0.0,0.0,0.0,0.0,0.0,3.0,2.0,0.0,0.0,0.0,0.0,0.0,3.0,0.0,0.0,0.0,0.0,0.0,1.0,0.0,0.0,0.0,0.0,0.0,3.0,0.0,1.0,0.0,5.0,2.0,0.0,0.0,22.0,0.0,6.0,7.0,8.0,8.0,9.0,27.0
CHEMBL450411,IC50,118.0,35.0,7.0,3.0,2.0,0.0,0.0,0.0,0.0,50.0,7.0,3.0,1.0,0.0,0.0,0.0,1.0,1.0,0.0,0.0,0.0,0.0,0.0,45.0,13.0,5.0,3.0,0.0,0.0,0.0,0.0,0.0,42.0,11.0,3.0,5.0,0.0,0.0,0.0,2.0,0.0,0.0,0.0,41.0,10.0,4.0,6.0,0.0,0.0,0.0,0.0,0.0,0.0,0.0,0.0,0.0,42.0,10.0,3.0,4.0,0.0,0.0,0.0,0.0,0.0,0.0,0.0,0.0,2.0,0.0,0.0,0.0,0.0,44.0,8.0,4.0,3.0,0.0,0.0,0.0,1.0,1.0,0.0,0.0,0.0,42.0,8.0,6.0,6.0,0.0,0.0,0.0,0.0,0.0,0.0,0.0,0.0,43.0,8.0,4.0,2.0,0.0,0.0,0.0,1.0,1.0,0.0,0.0,0.0,0.0,0.0,45.0,7.0,6.0,2.0,0.0,0.0,0.0,0.0,0.0,0.0,0.0,0.0,0.0,0.0,0.0,0.0,0.0,0.0,7.0,0.0,0.0,0.0,0.0,4.0,2.0,1.0,1.0,3.0,1.0,0.0,1.0,0.0,0.0,1.0,1.0,2.0,0.0,3.0,0.0,0.0,0.0,0.0,1.0,15.0,2.0,10.0,0.0,0.0,1.0,3.0,0.0,0.0,0.0,1.0,8.0,0.0,0.0,0.0,0.0,0.0,0.0,0.0,0.0,1.0,4.0,3.0,0.0,0.0,1.0,2.0,0.0,0.0,1.0,0.0,0.0,0.0,0.0,0.0,0.0,0.0,1.0,0.0,1.0,1.0,1.0,0.0,0.0,1.0,0.0,0.0,1.0,0.0,0.0,0.0,0.0,1.0,0.0,0.0,3.0,1.0,0.0,0.0,1.0,1.0,0.0,0.0,1.0,0.0,0.0,2.0,1.0,0.0,0.0,1.0,0.0,0.0,3.0,0.0,0.0,0.0,0.0,3.0,5.0,0.0,0.0,0.0,0.0,0.0,2.0,0.0,1.0,0.0,2.0,0.0,1.0,2.0,23.0,2.0,4.0,12.0,15.0,15.0,11.0,28.0
CHEMBL442651,IC50,78.0,34.0,7.0,3.0,2.0,3.0,0.0,3.0,0.0,49.0,7.0,3.0,1.0,3.0,0.0,3.0,1.0,1.0,0.0,0.0,3.0,3.0,3.0,44.0,13.0,5.0,3.0,6.0,0.0,6.0,0.0,0.0,40.0,11.0,3.0,5.0,6.0,0.0,6.0,2.0,0.0,0.0,0.0,38.0,11.0,4.0,6.0,3.0,0.0,3.0,0.0,0.0,0.0,0.0,0.0,0.0,42.0,8.0,2.0,4.0,3.0,0.0,3.0,1.0,1.0,0.0,0.0,0.0,2.0,0.0,0.0,0.0,0.0,41.0,9.0,6.0,4.0,3.0,0.0,3.0,0.0,0.0,3.0,3.0,0.0,44.0,7.0,5.0,2.0,3.0,0.0,3.0,1.0,1.0,0.0,0.0,0.0,45.0,8.0,6.0,3.0,0.0,0.0,0.0,0.0,0.0,3.0,3.0,0.0,0.0,0.0,44.0,6.0,3.0,3.0,6.0,0.0,6.0,0.0,2.0,0.0,0.0,0.0,0.0,0.0,0.0,0.0,0.0,0.0,4.0,0.0,0.0,0.0,0.0,1.0,0.0,1.0,1.0,0.0,1.0,0.0,1.0,0.0,0.0,1.0,1.0,2.0,0.0,2.0,1.0,0.0,3.0,0.0,1.0,7.0,2.0,2.0,0.0,0.0,0.0,0.0,0.0,0.0,0.0,1.0,1.0,0.0,0.0,0.0,0.0,0.0,0.0,0.0,0.0,1.0,0.0,0.0,0.0,0.0,0.0,0.0,0.0,0.0,0.0,0.0,0.0,0.0,0.0,0.0,0.0,0.0,1.0,0.0,1.0,1.0,1.0,0.0,0.0,1.0,0.0,0.0,1.0,0.0,0.0,0.0,0.0,1.0,0.0,0.0,3.0,1.0,0.0,0.0,1.0,1.0,0.0,0.0,1.0,0.0,3.0,2.0,1.0,0.0,0.0,1.0,0.0,0.0,3.0,0.0,0.0,0.0,0.0,0.0,2.0,0.0,3.0,0.0,0.0,0.0,2.0,0.0,1.0,0.0,2.0,0.0,1.0,2.0,29.0,2.0,2.0,12.0,9.0,9.0,10.0,32.0
CHEMBL1644180,IC50,43.0,24.0,7.0,5.0,0.0,6.0,0.0,6.0,4.0,33.0,11.0,5.0,0.0,0.0,0.0,0.0,5.0,1.0,6.0,6.0,6.0,6.0,6.0,32.0,13.0,7.0,0.0,6.0,0.0,6.0,2.0,0.0,27.0,18.0,4.0,0.0,12.0,0.0,12.0,2.0,0.0,0.0,0.0,30.0,16.0,3.0,0.0,12.0,0.0,12.0,0.0,2.0,0.0,0.0,0.0,0.0,33.0,13.0,3.0,0.0,6.0,0.0,6.0,0.0,2.0,0.0,0.0,0.0,0.0,0.0,0.0,0.0,0.0,35.0,9.0,3.0,0.0,6.0,0.0,6.0,1.0,3.0,0.0,0.0,0.0,32.0,8.0,5.0,0.0,6.0,0.0,6.0,1.0,1.0,6.0,6.0,0.0,24.0,6.0,10.0,0.0,9.0,0.0,9.0,2.0,0.0,6.0,6.0,0.0,0.0,0.0,20.0,5.0,11.0,0.0,12.0,0.0,12.0,4.0,0.0,0.0,0.0,0.0,0.0,0.0,0.0,0.0,0.0,0.0,1.0,0.0,0.0,0.0,0.0,0.0,0.0,0.0,0.0,0.0,1.0,0.0,1.0,0.0,0.0,0.0,2.0,1.0,0.0,3.0,0.0,0.0,6.0,2.0,0.0,4.0,1.0,0.0,0.0,0.0,0.0,0.0,0.0,0.0,0.0,0.0,0.0,0.0,0.0,0.0,0.0,0.0,0.0,0.0,0.0,0.0,0.0,0.0,0.0,0.0,0.0,0.0,0.0,0.0,0.0,0.0,0.0,0.0,0.0,0.0,0.0,0.0,0.0,0.0,0.0,0.0,0.0,0.0,0.0,0.0,0.0,0.0,0.0,0.0,0.0,0.0,0.0,0.0,0.0,0.0,1.0,0.0,0.0,0.0,0.0,0.0,0.0,0.0,2.0,2.0,6.0,1.0,1.0,0.0,0.0,0.0,0.0,0.0,3.0,0.0,0.0,6.0,0.0,0.0,0.0,0.0,6.0,0.0,6.0,6.0,1.0,0.0,1.0,0.0,2.0,0.0,4.0,6.0,28.0,6.0,2.0,12.0,6.0,6.0,9.0,28.0
CHEMBL1644187,IC50,250.0,27.0,5.0,7.0,0.0,6.0,0.0,6.0,1.0,35.0,11.0,7.0,0.0,0.0,0.0,0.0,0.0,1.0,6.0,6.0,6.0,6.0,6.0,36.0,13.0,9.0,0.0,6.0,0.0,6.0,0.0,0.0,34.0,14.0,5.0,0.0,12.0,0.0,12.0,2.0,0.0,0.0,0.0,37.0,10.0,6.0,0.0,12.0,0.0,12.0,0.0,0.0,0.0,0.0,0.0,0.0,42.0,5.0,5.0,0.0,6.0,0.0,6.0,0.0,2.0,0.0,0.0,0.0,2.0,0.0,0.0,0.0,0.0,41.0,4.0,8.0,0.0,6.0,0.0,6.0,1.0,3.0,0.0,0.0,0.0,36.0,4.0,10.0,0.0,6.0,0.0,6.0,1.0,1.0,6.0,6.0,0.0,27.0,5.0,13.0,0.0,9.0,0.0,9.0,0.0,0.0,6.0,6.0,0.0,0.0,0.0,23.0,5.0,13.0,0.0,15.0,0.0,15.0,0.0,0.0,0.0,0.0,0.0,0.0,0.0,1.0,1.0,0.0,0.0,2.0,0.0,0.0,0.0,0.0,1.0,0.0,1.0,1.0,1.0,1.0,0.0,1.0,0.0,0.0,1.0,2.0,2.0,0.0,3.0,0.0,0.0,6.0,2.0,1.0,8.0,2.0,3.0,0.0,0.0,0.0,0.0,0.0,0.0,0.0,1.0,1.0,0.0,0.0,0.0,0.0,0.0,0.0,0.0,0.0,1.0,1.0,0.0,0.0,0.0,0.0,0.0,0.0,0.0,0.0,0.0,0.0,0.0,0.0,0.0,0.0,0.0,1.0,0.0,1.0,1.0,1.0,0.0,0.0,1.0,0.0,0.0,1.0,0.0,0.0,0.0,0.0,1.0,0.0,0.0,2.0,1.0,0.0,0.0,1.0,0.0,0.0,0.0,3.0,2.0,6.0,1.0,1.0,0.0,0.0,1.0,0.0,0.0,5.0,0.0,0.0,6.0,0.0,1.0,1.0,0.0,6.0,0.0,6.0,6.0,2.0,0.0,1.0,0.0,2.0,0.0,1.0,2.0,23.0,2.0,2.0,12.0,8.0,8.0,11.0,28.0
CHEMBL1644188,IC50,130.0,25.0,7.0,5.0,0.0,6.0,0.0,6.0,4.0,34.0,12.0,5.0,0.0,0.0,0.0,0.0,5.0,1.0,6.0,6.0,6.0,6.0,6.0,35.0,14.0,7.0,0.0,6.0,0.0,6.0,2.0,0.0,32.0,18.0,4.0,0.0,12.0,0.0,12.0,2.0,0.0,0.0,0.0,34.0,16.0,3.0,0.0,12.0,0.0,12.0,0.0,2.0,0.0,0.0,0.0,0.0,38.0,13.0,3.0,0.0,6.0,0.0,6.0,0.0,2.0,0.0,0.0,0.0,0.0,0.0,0.0,0.0,0.0,38.0,10.0,4.0,0.0,6.0,0.0,6.0,1.0,3.0,0.0,0.0,0.0,34.0,8.0,6.0,0.0,6.0,0.0,6.0,1.0,1.0,6.0,6.0,0.0,25.0,8.0,11.0,0.0,9.0,0.0,9.0,2.0,0.0,6.0,6.0,0.0,0.0,0.0,21.0,7.0,11.0,0.0,15.0,0.0,15.0,4.0,0.0,0.0,0.0,0.0,0.0,0.0,1.0,1.0,0.0,0.0,0.0,0.0,0.0,0.0,0.0,0.0,0.0,0.0,0.0,1.0,1.0,0.0,1.0,0.0,0.0,0.0,2.0,1.0,0.0,3.0,0.0,0.0,6.0,2.0,0.0,5.0,1.0,1.0,0.0,0.0,0.0,0.0,0.0,0.0,0.0,0.0,0.0,0.0,0.0,0.0,0.0,0.0,0.0,0.0,0.0,0.0,1.0,0.0,0.0,0.0,0.0,0.0,0.0,0.0,0.0,0.0,0.0,0.0,0.0,0.0,0.0,0.0,0.0,0.0,0.0,0.0,0.0,0.0,0.0,0.0,0.0,0.0,0.0,0.0,0.0,0.0,0.0,0.0,0.0,0.0,1.0,0.0,0.0,0.0,0.0,0.0,0.0,0.0,2.0,2.0,6.0,1.0,1.0,0.0,0.0,0.0,0.0,0.0,3.0,0.0,0.0,6.0,0.0,1.0,0.0,0.0,6.0,0.0,6.0,6.0,1.0,0.0,1.0,0.0,2.0,0.0,4.0,6.0,28.0,6.0,2.0,12.0,7.0,7.0,9.0,29.0
CHEMBL160715,IC50,330.0,26.0,2.0,4.0,0.0,0.0,1.0,1.0,1.0,34.0,4.0,6.0,0.0,0.0,2.0,2.0,0.0,1.0,0.0,0.0,0.0,0.0,0.0,29.0,6.0,10.0,0.0,0.0,2.0,2.0,0.0,1.0,23.0,8.0,7.0,0.0,0.0,2.0,2.0,0.0,0.0,0.0,0.0,19.0,8.0,5.0,0.0,0.0,0.0,0.0,0.0,0.0,0.0,1.0,1.0,0.0,25.0,4.0,3.0,0.0,0.0,0.0,0.0,0.0,2.0,0.0,1.0,1.0,1.0,0.0,0.0,0.0,0.0,26.0,1.0,4.0,0.0,0.0,1.0,1.0,0.0,2.0,0.0,0.0,0.0,24.0,2.0,5.0,0.0,0.0,1.0,1.0,0.0,0.0,0.0,0.0,0.0,24.0,3.0,2.0,0.0,0.0,2.0,2.0,0.0,0.0,0.0,0.0,1.0,0.0,0.0,20.0,4.0,5.0,0.0,0.0,2.0,2.0,0.0,0.0,0.0,0.0,0.0,0.0,0.0,1.0,1.0,0.0,0.0,1.0,0.0,0.0,0.0,0.0,0.0,0.0,0.0,0.0,4.0,1.0,0.0,1.0,0.0,0.0,1.0,0.0,1.0,0.0,1.0,1.0,1.0,0.0,1.0,1.0,8.0,1.0,2.0,0.0,0.0,0.0,1.0,0.0,0.0,0.0,0.0,1.0,0.0,0.0,0.0,0.0,0.0,0.0,0.0,0.0,0.0,2.0,0.0,0.0,0.0,0.0,0.0,0.0,0.0,0.0,0.0,0.0,0.0,0.0,0.0,0.0,0.0,0.0,0.0,0.0,0.0,0.0,0.0,0.0,0.0,0.0,0.0,0.0,0.0,0.0,0.0,0.0,0.0,1.0,1.0,1.0,0.0,0.0,0.0,0.0,0.0,0.0,0.0,1.0,1.0,0.0,2.0,1.0,0.0,0.0,0.0,0.0,0.0,3.0,0.0,0.0,0.0,0.0,4.0,0.0,1.0,0.0,0.0,0.0,0.0,2.0,0.0,0.0,0.0,2.0,1.0,0.0,0.0,18.0,0.0,4.0,6.0,11.0,11.0,8.0,22.0
CHEMBL159071,IC50,110.0,24.0,2.0,8.0,0.0,1.0,0.0,1.0,1.0,32.0,4.0,10.0,0.0,2.0,0.0,2.0,0.0,1.0,0.0,0.0,0.0,0.0,0.0,29.0,6.0,12.0,0.0,2.0,0.0,2.0,0.0,1.0,20.0,8.0,15.0,0.0,2.0,0.0,2.0,0.0,0.0,0.0,1.0,23.0,6.0,9.0,0.0,0.0,0.0,0.0,0.0,2.0,1.0,0.0,1.0,0.0,24.0,4.0,7.0,0.0,0.0,0.0,0.0,0.0,4.0,1.0,0.0,1.0,1.0,0.0,0.0,0.0,0.0,24.0,3.0,10.0,0.0,1.0,0.0,1.0,0.0,2.0,0.0,0.0,0.0,26.0,2.0,7.0,0.0,1.0,0.0,1.0,0.0,0.0,0.0,0.0,2.0,22.0,3.0,10.0,0.0,2.0,0.0,2.0,0.0,0.0,0.0,0.0,1.0,0.0,0.0,18.0,4.0,13.0,0.0,2.0,0.0,2.0,0.0,0.0,0.0,0.0,0.0,0.0,0.0,1.0,1.0,0.0,0.0,1.0,0.0,0.0,0.0,0.0,0.0,0.0,0.0,0.0,4.0,1.0,0.0,1.0,0.0,0.0,1.0,0.0,1.0,0.0,1.0,1.0,0.0,1.0,3.0,1.0,8.0,1.0,2.0,0.0,0.0,0.0,1.0,0.0,0.0,0.0,0.0,1.0,0.0,0.0,0.0,0.0,0.0,0.0,0.0,0.0,0.0,2.0,0.0,0.0,0.0,0.0,0.0,0.0,0.0,0.0,0.0,0.0,0.0,0.0,0.0,0.0,0.0,0.0,0.0,0.0,0.0,0.0,0.0,0.0,0.0,0.0,0.0,0.0,0.0,0.0,0.0,0.0,0.0,0.0,0.0,1.0,0.0,0.0,0.0,0.0,0.0,0.0,0.0,3.0,3.0,1.0,2.0,1.0,0.0,0.0,0.0,0.0,0.0,5.0,0.0,0.0,0.0,0.0,2.0,0.0,1.0,0.0,0.0,0.0,0.0,2.0,0.0,0.0,0.0,2.0,0.0,0.0,0.0,18.0,0.0,4.0,10.0,11.0,11.0,10.0,22.0
CHEMBL158497,IC50,20000.0,18.0,3.0,8.0,0.0,0.0,0.0,0.0,1.0,26.0,4.0,8.0,0.0,0.0,0.0,0.0,0.0,2.0,0.0,0.0,0.0,0.0,0.0,24.0,6.0,13.0,0.0,0.0,0.0,0.0,0.0,2.0,18.0,8.0,15.0,0.0,0.0,0.0,0.0,1.0,0.0,0.0,1.0,16.0,9.0,7.0,0.0,0.0,0.0,0.0,0.0,0.0,0.0,0.0,0.0,3.0,8.0,6.0,8.0,0.0,0.0,0.0,0.0,1.0,2.0,0.0,0.0,0.0,1.0,0.0,0.0,0.0,0.0,10.0,3.0,5.0,0.0,0.0,0.0,0.0,1.0,3.0,0.0,0.0,0.0,10.0,5.0,5.0,0.0,0.0,0.0,0.0,0.0,2.0,0.0,0.0,0.0,11.0,5.0,4.0,0.0,0.0,0.0,0.0,0.0,1.0,0.0,0.0,1.0,0.0,0.0,14.0,3.0,4.0,0.0,0.0,0.0,0.0,0.0,0.0,0.0,0.0,2.0,0.0,0.0,1.0,1.0,0.0,0.0,1.0,0.0,0.0,0.0,0.0,0.0,0.0,0.0,0.0,4.0,1.0,0.0,1.0,0.0,0.0,1.0,0.0,1.0,0.0,0.0,1.0,0.0,0.0,3.0,1.0,9.0,1.0,2.0,0.0,0.0,0.0,1.0,0.0,0.0,0.0,0.0,1.0,0.0,0.0,0.0,0.0,0.0,0.0,0.0,0.0,0.0,2.0,0.0,0.0,0.0,0.0,0.0,0.0,0.0,0.0,0.0,0.0,0.0,0.0,0.0,0.0,0.0,0.0,0.0,0.0,0.0,0.0,0.0,0.0,0.0,0.0,0.0,0.0,0.0,0.0,0.0,0.0,0.0,0.0,0.0,1.0,0.0,0.0,0.0,0.0,0.0,0.0,0.0,4.0,2.0,0.0,3.0,1.0,0.0,0.0,0.0,0.0,0.0,5.0,0.0,0.0,0.0,0.0,2.0,0.0,1.0,0.0,0.0,0.0,0.0,3.0,0.0,0.0,0.0,2.0,0.0,0.0,0.0,12.0,0.0,2.0,11.0,11.0,11.0,9.0,16.0
CHEMBL430163,IC50,10.0,29.0,7.0,4.0,0.0,0.0,2.0,2.0,0.0,41.0,8.0,3.0,0.0,0.0,4.0,4.0,1.0,3.0,0.0,0.0,0.0,0.0,0.0,37.0,13.0,8.0,0.0,0.0,4.0,4.0,0.0,0.0,35.0,12.0,9.0,0.0,0.0,2.0,2.0,2.0,0.0,2.0,0.0,35.0,11.0,12.0,0.0,0.0,2.0,2.0,0.0,0.0,0.0,0.0,0.0,0.0,39.0,10.0,8.0,0.0,0.0,0.0,0.0,0.0,0.0,0.0,2.0,2.0,2.0,2.0,0.0,0.0,0.0,48.0,2.0,6.0,0.0,0.0,4.0,4.0,1.0,1.0,0.0,0.0,0.0,41.0,7.0,10.0,0.0,0.0,8.0,8.0,0.0,0.0,0.0,0.0,0.0,37.0,3.0,6.0,0.0,0.0,10.0,10.0,1.0,2.0,0.0,0.0,1.0,0.0,0.0,27.0,5.0,8.0,0.0,0.0,6.0,6.0,0.0,0.0,0.0,0.0,0.0,0.0,0.0,3.0,0.0,0.0,0.0,8.0,5.0,0.0,0.0,0.0,4.0,0.0,1.0,1.0,3.0,2.0,0.0,2.0,0.0,0.0,1.0,1.0,3.0,0.0,0.0,1.0,2.0,0.0,0.0,1.0,18.0,3.0,14.0,0.0,0.0,5.0,0.0,1.0,1.0,0.0,1.0,16.0,0.0,0.0,0.0,2.0,11.0,7.0,2.0,2.0,1.0,2.0,14.0,0.0,0.0,1.0,14.0,0.0,0.0,9.0,6.0,7.0,3.0,7.0,4.0,2.0,2.0,4.0,3.0,4.0,1.0,4.0,3.0,2.0,7.0,0.0,0.0,4.0,2.0,0.0,0.0,0.0,1.0,2.0,2.0,6.0,4.0,0.0,2.0,3.0,1.0,0.0,0.0,1.0,0.0,0.0,3.0,3.0,0.0,0.0,1.0,0.0,0.0,4.0,0.0,0.0,0.0,0.0,3.0,7.0,1.0,0.0,0.0,0.0,0.0,2.0,0.0,1.0,0.0,2.0,2.0,0.0,0.0,12.0,0.0,2.0,11.0,23.0,23.0,11.0,22.0
CHEMBL232037,IC50,49.0,28.0,7.0,4.0,0.0,3.0,0.0,3.0,3.0,42.0,8.0,4.0,0.0,0.0,0.0,0.0,5.0,2.0,3.0,3.0,3.0,3.0,3.0,40.0,11.0,9.0,0.0,3.0,0.0,3.0,2.0,0.0,40.0,11.0,9.0,0.0,6.0,0.0,6.0,2.0,0.0,0.0,0.0,41.0,11.0,9.0,0.0,6.0,0.0,6.0,0.0,2.0,0.0,0.0,0.0,0.0,42.0,14.0,5.0,0.0,3.0,0.0,3.0,0.0,1.0,0.0,0.0,0.0,1.0,0.0,0.0,0.0,0.0,43.0,9.0,5.0,0.0,3.0,0.0,3.0,1.0,1.0,0.0,0.0,0.0,36.0,11.0,10.0,0.0,0.0,0.0,0.0,0.0,0.0,3.0,3.0,0.0,35.0,7.0,8.0,0.0,6.0,0.0,6.0,2.0,1.0,0.0,0.0,1.0,0.0,0.0,26.0,8.0,8.0,0.0,12.0,0.0,12.0,2.0,0.0,0.0,0.0,0.0,0.0,0.0,3.0,0.0,0.0,0.0,6.0,5.0,0.0,0.0,0.0,3.0,0.0,0.0,0.0,3.0,1.0,0.0,1.0,0.0,0.0,0.0,2.0,2.0,0.0,1.0,1.0,0.0,3.0,1.0,0.0,16.0,2.0,12.0,0.0,0.0,5.0,0.0,1.0,1.0,0.0,0.0,15.0,0.0,0.0,0.0,2.0,11.0,7.0,2.0,2.0,0.0,2.0,14.0,0.0,0.0,1.0,14.0,0.0,0.0,9.0,6.0,7.0,3.0,7.0,4.0,2.0,2.0,3.0,3.0,3.0,0.0,3.0,3.0,2.0,6.0,0.0,0.0,3.0,2.0,0.0,0.0,0.0,0.0,0.0,0.0,4.0,3.0,0.0,2.0,2.0,0.0,0.0,0.0,1.0,1.0,3.0,2.0,2.0,0.0,0.0,0.0,0.0,0.0,3.0,0.0,0.0,3.0,0.0,3.0,6.0,1.0,3.0,0.0,3.0,3.0,2.0,0.0,1.0,0.0,4.0,0.0,3.0,4.0,17.0,4.0,4.0,11.0,20.0,20.0,10.0,23.0
CHEMBL266489,IC50,22.0,30.0,9.0,4.0,0.0,3.0,0.0,3.0,3.0,43.0,9.0,3.0,0.0,0.0,0.0,0.0,6.0,3.0,3.0,3.0,3.0,3.0,3.0,41.0,14.0,8.0,0.0,3.0,0.0,3.0,2.0,0.0,38.0,16.0,9.0,0.0,6.0,0.0,6.0,2.0,0.0,0.0,0.0,38.0,17.0,9.0,0.0,6.0,0.0,6.0,0.0,3.0,0.0,0.0,0.0,0.0,39.0,18.0,7.0,0.0,3.0,0.0,3.0,0.0,0.0,0.0,0.0,0.0,0.0,0.0,0.0,0.0,0.0,44.0,12.0,2.0,0.0,0.0,0.0,0.0,1.0,2.0,3.0,3.0,1.0,39.0,16.0,8.0,0.0,3.0,0.0,3.0,0.0,0.0,0.0,0.0,0.0,39.0,8.0,8.0,0.0,0.0,0.0,0.0,3.0,2.0,3.0,3.0,1.0,3.0,3.0,35.0,9.0,10.0,0.0,6.0,0.0,6.0,2.0,0.0,0.0,0.0,0.0,0.0,0.0,2.0,0.0,0.0,0.0,7.0,3.0,0.0,0.0,0.0,5.0,3.0,0.0,0.0,0.0,2.0,0.0,2.0,0.0,0.0,0.0,1.0,2.0,0.0,2.0,1.0,0.0,3.0,1.0,0.0,12.0,2.0,8.0,0.0,0.0,0.0,1.0,0.0,0.0,0.0,0.0,7.0,0.0,0.0,0.0,0.0,0.0,0.0,0.0,0.0,0.0,4.0,6.0,0.0,0.0,3.0,6.0,0.0,0.0,1.0,0.0,0.0,0.0,0.0,0.0,0.0,0.0,1.0,0.0,1.0,0.0,1.0,0.0,0.0,1.0,0.0,0.0,1.0,0.0,0.0,0.0,0.0,0.0,0.0,0.0,4.0,1.0,0.0,0.0,1.0,3.0,0.0,0.0,1.0,1.0,3.0,3.0,3.0,0.0,0.0,0.0,0.0,0.0,3.0,0.0,0.0,3.0,0.0,0.0,7.0,1.0,3.0,0.0,3.0,3.0,1.0,0.0,1.0,0.0,2.0,0.0,3.0,4.0,23.0,4.0,2.0,13.0,18.0,18.0,11.0,28.0
CHEMBL4227964,IC50,80.0,33.0,5.0,5.0,0.0,0.0,2.0,2.0,1.0,44.0,11.0,5.0,0.0,0.0,4.0,4.0,0.0,1.0,0.0,0.0,0.0,0.0,0.0,45.0,15.0,7.0,0.0,0.0,4.0,4.0,0.0,0.0,44.0,14.0,5.0,0.0,0.0,3.0,3.0,2.0,0.0,0.0,0.0,48.0,11.0,6.0,0.0,0.0,2.0,2.0,0.0,0.0,0.0,1.0,1.0,0.0,52.0,8.0,4.0,0.0,0.0,3.0,3.0,0.0,0.0,0.0,2.0,2.0,2.0,0.0,0.0,0.0,0.0,52.0,5.0,6.0,0.0,0.0,4.0,4.0,1.0,1.0,0.0,1.0,0.0,48.0,3.0,6.0,0.0,0.0,6.0,6.0,1.0,2.0,0.0,0.0,0.0,39.0,6.0,8.0,0.0,0.0,8.0,8.0,0.0,1.0,0.0,0.0,0.0,0.0,0.0,32.0,7.0,9.0,0.0,0.0,8.0,8.0,0.0,0.0,0.0,0.0,0.0,0.0,0.0,1.0,1.0,0.0,0.0,2.0,0.0,0.0,0.0,0.0,1.0,0.0,1.0,1.0,3.0,1.0,0.0,1.0,0.0,0.0,1.0,0.0,2.0,0.0,1.0,3.0,2.0,0.0,1.0,1.0,8.0,2.0,3.0,0.0,0.0,0.0,0.0,0.0,0.0,0.0,1.0,1.0,0.0,0.0,0.0,0.0,0.0,0.0,0.0,0.0,1.0,1.0,0.0,0.0,0.0,0.0,0.0,0.0,0.0,0.0,0.0,0.0,0.0,0.0,0.0,0.0,0.0,1.0,0.0,1.0,1.0,1.0,0.0,0.0,1.0,0.0,0.0,1.0,0.0,0.0,0.0,0.0,1.0,2.0,2.0,2.0,1.0,0.0,0.0,1.0,0.0,0.0,0.0,2.0,1.0,0.0,1.0,1.0,0.0,0.0,1.0,0.0,0.0,4.0,0.0,0.0,0.0,0.0,2.0,1.0,0.0,0.0,0.0,0.0,0.0,2.0,0.0,1.0,0.0,2.0,2.0,1.0,2.0,27.0,2.0,2.0,10.0,10.0,10.0,8.0,30.0
CHEMBL4228703,IC50,1920.0,33.0,5.0,5.0,0.0,0.0,0.0,0.0,1.0,44.0,11.0,5.0,0.0,0.0,0.0,0.0,0.0,1.0,0.0,0.0,0.0,0.0,0.0,45.0,15.0,7.0,0.0,0.0,0.0,0.0,0.0,0.0,44.0,14.0,5.0,0.0,0.0,0.0,0.0,2.0,0.0,0.0,0.0,48.0,11.0,6.0,0.0,0.0,0.0,0.0,0.0,0.0,0.0,0.0,0.0,0.0,52.0,8.0,4.0,0.0,0.0,0.0,0.0,0.0,0.0,0.0,0.0,0.0,2.0,0.0,0.0,0.0,0.0,52.0,5.0,6.0,0.0,0.0,0.0,0.0,1.0,1.0,0.0,0.0,0.0,48.0,3.0,6.0,0.0,0.0,0.0,0.0,1.0,2.0,0.0,0.0,0.0,39.0,6.0,8.0,0.0,0.0,0.0,0.0,0.0,1.0,0.0,0.0,0.0,0.0,0.0,32.0,7.0,9.0,0.0,0.0,0.0,0.0,0.0,0.0,0.0,0.0,0.0,0.0,0.0,1.0,1.0,0.0,0.0,2.0,0.0,0.0,0.0,0.0,1.0,0.0,1.0,1.0,3.0,1.0,0.0,1.0,0.0,0.0,1.0,0.0,2.0,0.0,1.0,2.0,0.0,0.0,1.0,1.0,8.0,2.0,3.0,0.0,0.0,0.0,0.0,0.0,0.0,0.0,1.0,1.0,0.0,0.0,0.0,0.0,0.0,0.0,0.0,0.0,1.0,1.0,0.0,0.0,0.0,0.0,0.0,0.0,0.0,0.0,0.0,0.0,0.0,0.0,0.0,0.0,0.0,1.0,0.0,1.0,1.0,1.0,0.0,0.0,1.0,0.0,0.0,1.0,0.0,0.0,0.0,0.0,1.0,0.0,0.0,2.0,1.0,0.0,0.0,1.0,0.0,0.0,0.0,2.0,1.0,0.0,1.0,1.0,0.0,0.0,1.0,0.0,0.0,4.0,0.0,0.0,0.0,0.0,2.0,1.0,0.0,0.0,0.0,0.0,0.0,2.0,0.0,1.0,0.0,2.0,0.0,1.0,2.0,27.0,2.0,2.0,10.0,10.0,10.0,8.0,30.0
CHEMBL4227372,IC50,100.0,29.0,5.0,3.0,0.0,0.0,2.0,2.0,1.0,37.0,11.0,3.0,0.0,0.0,4.0,4.0,0.0,1.0,0.0,0.0,0.0,0.0,0.0,36.0,15.0,5.0,0.0,0.0,4.0,4.0,0.0,0.0,37.0,14.0,3.0,0.0,0.0,4.0,4.0,2.0,0.0,0.0,0.0,42.0,11.0,4.0,0.0,0.0,2.0,2.0,0.0,0.0,0.0,2.0,2.0,0.0,47.0,6.0,3.0,0.0,0.0,4.0,4.0,0.0,0.0,0.0,2.0,2.0,2.0,0.0,0.0,0.0,0.0,44.0,2.0,5.0,0.0,0.0,4.0,4.0,1.0,1.0,0.0,0.0,0.0,38.0,2.0,5.0,0.0,0.0,8.0,8.0,1.0,1.0,0.0,0.0,0.0,27.0,5.0,5.0,0.0,0.0,8.0,8.0,0.0,0.0,0.0,0.0,0.0,0.0,0.0,17.0,6.0,6.0,0.0,0.0,8.0,8.0,0.0,0.0,0.0,0.0,0.0,0.0,0.0,1.0,1.0,0.0,0.0,2.0,0.0,0.0,0.0,0.0,1.0,0.0,1.0,1.0,3.0,1.0,0.0,1.0,0.0,0.0,1.0,0.0,2.0,0.0,1.0,0.0,2.0,0.0,0.0,1.0,8.0,2.0,3.0,0.0,0.0,0.0,0.0,0.0,0.0,0.0,1.0,1.0,0.0,0.0,0.0,0.0,0.0,0.0,0.0,0.0,1.0,1.0,0.0,0.0,0.0,0.0,0.0,0.0,0.0,0.0,0.0,0.0,0.0,0.0,0.0,0.0,0.0,1.0,0.0,1.0,1.0,1.0,0.0,0.0,1.0,0.0,0.0,1.0,0.0,0.0,0.0,0.0,1.0,2.0,2.0,2.0,1.0,0.0,0.0,1.0,0.0,0.0,0.0,1.0,0.0,0.0,1.0,1.0,0.0,0.0,1.0,0.0,0.0,3.0,0.0,0.0,0.0,0.0,3.0,1.0,0.0,0.0,0.0,0.0,0.0,2.0,0.0,1.0,0.0,2.0,2.0,1.0,2.0,23.0,2.0,2.0,8.0,10.0,10.0,7.0,26.0
CHEMBL1922940,IC50,12.0,34.0,5.0,4.0,0.0,3.0,0.0,3.0,0.0,44.0,8.0,5.0,0.0,3.0,0.0,3.0,0.0,1.0,0.0,0.0,3.0,3.0,3.0,45.0,8.0,8.0,0.0,6.0,0.0,6.0,0.0,1.0,46.0,7.0,8.0,0.0,6.0,0.0,6.0,2.0,0.0,0.0,0.0,52.0,4.0,11.0,0.0,3.0,0.0,3.0,0.0,0.0,3.0,0.0,3.0,0.0,55.0,4.0,10.0,0.0,6.0,0.0,6.0,0.0,0.0,0.0,0.0,0.0,2.0,0.0,0.0,0.0,0.0,53.0,4.0,10.0,0.0,12.0,0.0,12.0,0.0,0.0,0.0,0.0,0.0,51.0,4.0,7.0,0.0,9.0,0.0,9.0,0.0,0.0,0.0,0.0,0.0,47.0,3.0,4.0,0.0,9.0,0.0,9.0,0.0,1.0,0.0,0.0,1.0,0.0,0.0,39.0,2.0,5.0,0.0,9.0,0.0,9.0,1.0,1.0,0.0,0.0,0.0,0.0,0.0,1.0,0.0,0.0,1.0,7.0,2.0,2.0,0.0,0.0,4.0,2.0,1.0,1.0,2.0,1.0,0.0,1.0,0.0,0.0,1.0,1.0,3.0,0.0,1.0,1.0,0.0,3.0,0.0,1.0,14.0,3.0,9.0,0.0,0.0,1.0,0.0,0.0,0.0,0.0,2.0,8.0,0.0,0.0,0.0,0.0,1.0,0.0,0.0,0.0,3.0,1.0,5.0,0.0,1.0,2.0,4.0,0.0,1.0,3.0,0.0,2.0,0.0,0.0,0.0,0.0,0.0,1.0,0.0,1.0,1.0,1.0,0.0,0.0,1.0,0.0,0.0,1.0,0.0,0.0,0.0,0.0,1.0,0.0,0.0,2.0,1.0,0.0,0.0,1.0,0.0,0.0,0.0,1.0,0.0,3.0,1.0,1.0,0.0,0.0,1.0,0.0,0.0,4.0,1.0,0.0,0.0,0.0,2.0,6.0,1.0,3.0,0.0,0.0,0.0,2.0,0.0,1.0,0.0,3.0,0.0,0.0,1.0,21.0,1.0,4.0,9.0,14.0,14.0,14.0,27.0
CHEMBL1921810,IC50,24.0,20.0,12.0,5.0,0.0,6.0,0.0,6.0,3.0,32.0,10.0,5.0,0.0,0.0,0.0,0.0,8.0,1.0,6.0,6.0,6.0,6.0,6.0,28.0,20.0,7.0,0.0,6.0,0.0,6.0,2.0,0.0,27.0,19.0,4.0,0.0,12.0,0.0,12.0,3.0,0.0,0.0,0.0,30.0,19.0,3.0,0.0,12.0,0.0,12.0,0.0,4.0,0.0,0.0,0.0,0.0,34.0,18.0,4.0,0.0,6.0,0.0,6.0,0.0,1.0,3.0,0.0,3.0,0.0,0.0,0.0,0.0,0.0,36.0,9.0,3.0,0.0,6.0,0.0,6.0,1.0,3.0,6.0,6.0,0.0,26.0,11.0,10.0,0.0,9.0,0.0,9.0,0.0,0.0,3.0,3.0,0.0,25.0,4.0,8.0,0.0,9.0,0.0,9.0,4.0,2.0,6.0,6.0,0.0,0.0,0.0,15.0,10.0,10.0,0.0,24.0,0.0,24.0,2.0,0.0,0.0,0.0,0.0,0.0,0.0,0.0,0.0,0.0,0.0,1.0,0.0,0.0,0.0,0.0,0.0,0.0,0.0,0.0,1.0,1.0,0.0,1.0,0.0,0.0,0.0,2.0,1.0,0.0,2.0,1.0,0.0,6.0,2.0,0.0,6.0,1.0,0.0,0.0,0.0,0.0,0.0,0.0,0.0,0.0,0.0,0.0,0.0,0.0,0.0,0.0,0.0,0.0,0.0,0.0,0.0,0.0,0.0,0.0,0.0,0.0,0.0,0.0,0.0,0.0,0.0,0.0,0.0,0.0,0.0,0.0,0.0,0.0,0.0,0.0,0.0,0.0,0.0,0.0,0.0,0.0,0.0,0.0,0.0,0.0,0.0,0.0,0.0,0.0,0.0,4.0,1.0,0.0,0.0,0.0,3.0,0.0,0.0,2.0,2.0,6.0,4.0,1.0,0.0,0.0,0.0,0.0,0.0,3.0,0.0,0.0,6.0,0.0,0.0,0.0,0.0,6.0,0.0,6.0,6.0,1.0,0.0,1.0,0.0,2.0,0.0,3.0,4.0,23.0,6.0,6.0,17.0,7.0,7.0,10.0,26.0
CHEMBL1922834,IC50,1.3,23.0,12.0,5.0,0.0,6.0,0.0,6.0,3.0,35.0,10.0,6.0,0.0,3.0,0.0,3.0,8.0,1.0,3.0,3.0,6.0,6.0,6.0,31.0,20.0,8.0,0.0,9.0,0.0,9.0,2.0,1.0,31.0,21.0,7.0,0.0,12.0,0.0,12.0,3.0,0.0,0.0,0.0,39.0,21.0,2.0,0.0,9.0,0.0,9.0,0.0,4.0,3.0,0.0,3.0,0.0,41.0,21.0,4.0,0.0,12.0,0.0,12.0,0.0,0.0,3.0,0.0,3.0,0.0,0.0,0.0,0.0,0.0,44.0,10.0,4.0,0.0,9.0,0.0,9.0,1.0,3.0,6.0,6.0,0.0,34.0,12.0,10.0,0.0,15.0,0.0,15.0,0.0,0.0,0.0,0.0,0.0,34.0,4.0,7.0,0.0,12.0,0.0,12.0,4.0,2.0,6.0,6.0,0.0,0.0,0.0,24.0,10.0,9.0,0.0,21.0,0.0,21.0,2.0,0.0,0.0,0.0,1.0,0.0,0.0,0.0,0.0,0.0,0.0,3.0,0.0,0.0,0.0,0.0,1.0,0.0,0.0,0.0,2.0,1.0,0.0,1.0,0.0,0.0,0.0,2.0,1.0,0.0,2.0,0.0,0.0,6.0,2.0,0.0,9.0,1.0,2.0,0.0,0.0,0.0,0.0,0.0,0.0,0.0,0.0,1.0,0.0,0.0,0.0,0.0,0.0,0.0,0.0,0.0,0.0,0.0,0.0,0.0,0.0,0.0,0.0,0.0,0.0,0.0,0.0,0.0,0.0,0.0,0.0,0.0,0.0,0.0,0.0,0.0,1.0,0.0,0.0,0.0,0.0,0.0,0.0,0.0,0.0,0.0,0.0,0.0,1.0,0.0,0.0,4.0,1.0,0.0,0.0,0.0,3.0,0.0,0.0,2.0,2.0,6.0,4.0,1.0,0.0,0.0,0.0,0.0,0.0,3.0,0.0,0.0,3.0,0.0,1.0,1.0,0.0,6.0,0.0,3.0,3.0,1.0,0.0,1.0,0.0,2.0,0.0,3.0,4.0,23.0,6.0,6.0,17.0,10.0,10.0,12.0,26.0
CHEMBL1922837,IC50,7.0,23.0,12.0,5.0,0.0,3.0,1.0,4.0,3.0,34.0,10.0,6.0,0.0,0.0,2.0,2.0,8.0,1.0,3.0,3.0,3.0,3.0,3.0,30.0,20.0,8.0,0.0,3.0,2.0,5.0,2.0,1.0,30.0,20.0,7.0,0.0,6.0,1.0,7.0,3.0,0.0,1.0,0.0,37.0,20.0,2.0,0.0,6.0,3.0,9.0,0.0,4.0,0.0,1.0,1.0,0.0,40.0,20.0,4.0,0.0,3.0,3.0,6.0,0.0,0.0,0.0,1.0,1.0,0.0,0.0,0.0,0.0,0.0,42.0,11.0,4.0,0.0,0.0,4.0,4.0,1.0,3.0,3.0,3.0,0.0,33.0,13.0,10.0,0.0,3.0,5.0,8.0,0.0,0.0,0.0,0.0,0.0,32.0,5.0,7.0,0.0,0.0,3.0,3.0,4.0,2.0,6.0,6.0,0.0,0.0,0.0,24.0,10.0,9.0,0.0,12.0,2.0,14.0,2.0,0.0,0.0,0.0,1.0,0.0,0.0,0.0,0.0,0.0,0.0,4.0,0.0,0.0,0.0,0.0,2.0,1.0,0.0,0.0,2.0,1.0,0.0,1.0,0.0,0.0,0.0,1.0,1.0,0.0,2.0,0.0,1.0,3.0,2.0,0.0,9.0,1.0,3.0,0.0,0.0,0.0,0.0,0.0,0.0,0.0,0.0,2.0,0.0,0.0,0.0,0.0,0.0,0.0,0.0,0.0,0.0,0.0,1.0,0.0,0.0,0.0,0.0,0.0,0.0,0.0,0.0,0.0,0.0,0.0,0.0,0.0,0.0,0.0,0.0,0.0,1.0,0.0,0.0,0.0,0.0,0.0,0.0,0.0,0.0,0.0,0.0,0.0,1.0,1.0,1.0,4.0,1.0,0.0,0.0,0.0,3.0,0.0,0.0,2.0,2.0,3.0,4.0,1.0,0.0,0.0,0.0,0.0,0.0,3.0,0.0,0.0,3.0,0.0,1.0,2.0,0.0,3.0,0.0,3.0,3.0,1.0,0.0,1.0,0.0,2.0,1.0,3.0,4.0,23.0,6.0,6.0,17.0,11.0,11.0,12.0,25.0
CHEMBL1922839,IC50,2.2,27.0,12.0,3.0,0.0,3.0,0.0,3.0,3.0,42.0,10.0,4.0,0.0,3.0,0.0,3.0,8.0,1.0,0.0,0.0,3.0,3.0,3.0,37.0,20.0,6.0,0.0,6.0,0.0,6.0,2.0,1.0,36.0,21.0,6.0,0.0,6.0,0.0,6.0,3.0,0.0,0.0,0.0,41.0,22.0,2.0,0.0,3.0,0.0,3.0,0.0,3.0,3.0,0.0,3.0,0.0,42.0,23.0,3.0,0.0,9.0,0.0,9.0,0.0,0.0,3.0,0.0,3.0,0.0,0.0,0.0,0.0,0.0,46.0,12.0,4.0,0.0,9.0,0.0,9.0,1.0,1.0,3.0,3.0,0.0,38.0,16.0,6.0,0.0,12.0,0.0,12.0,0.0,0.0,0.0,0.0,0.0,45.0,4.0,4.0,0.0,12.0,0.0,12.0,4.0,2.0,0.0,0.0,0.0,0.0,0.0,34.0,10.0,6.0,0.0,9.0,0.0,9.0,2.0,0.0,0.0,0.0,0.0,0.0,0.0,0.0,0.0,0.0,0.0,3.0,0.0,0.0,0.0,0.0,1.0,0.0,0.0,0.0,5.0,1.0,0.0,1.0,0.0,0.0,0.0,2.0,1.0,0.0,2.0,0.0,0.0,3.0,1.0,0.0,12.0,1.0,5.0,0.0,0.0,1.0,3.0,0.0,0.0,0.0,0.0,4.0,0.0,0.0,0.0,0.0,0.0,0.0,0.0,0.0,0.0,3.0,0.0,0.0,0.0,0.0,0.0,0.0,0.0,0.0,0.0,0.0,0.0,0.0,0.0,0.0,0.0,0.0,0.0,0.0,1.0,0.0,0.0,0.0,0.0,0.0,0.0,0.0,0.0,0.0,0.0,0.0,1.0,0.0,0.0,5.0,2.0,0.0,0.0,0.0,4.0,0.0,0.0,1.0,1.0,3.0,4.0,1.0,0.0,0.0,0.0,0.0,0.0,2.0,0.0,0.0,0.0,0.0,4.0,1.0,0.0,3.0,0.0,0.0,0.0,1.0,0.0,1.0,0.0,2.0,0.0,3.0,4.0,23.0,6.0,6.0,15.0,13.0,13.0,11.0,27.0
CHEMBL218838,IC50,59.0,25.0,7.0,6.0,0.0,3.0,0.0,3.0,0.0,34.0,7.0,5.0,0.0,0.0,0.0,0.0,1.0,3.0,3.0,3.0,3.0,3.0,3.0,31.0,12.0,10.0,0.0,3.0,0.0,3.0,0.0,0.0,27.0,11.0,9.0,0.0,6.0,0.0,6.0,2.0,0.0,0.0,0.0,29.0,9.0,10.0,0.0,6.0,0.0,6.0,0.0,1.0,0.0,0.0,0.0,0.0,32.0,9.0,8.0,0.0,3.0,0.0,3.0,0.0,0.0,0.0,0.0,0.0,2.0,0.0,0.0,0.0,0.0,39.0,2.0,6.0,0.0,0.0,0.0,0.0,1.0,2.0,3.0,3.0,1.0,31.0,7.0,12.0,0.0,3.0,0.0,3.0,0.0,0.0,0.0,0.0,0.0,31.0,3.0,7.0,0.0,0.0,0.0,0.0,1.0,2.0,3.0,3.0,1.0,3.0,3.0,26.0,5.0,10.0,0.0,6.0,0.0,6.0,0.0,0.0,0.0,0.0,0.0,0.0,0.0,3.0,1.0,0.0,0.0,7.0,4.0,0.0,0.0,0.0,3.0,0.0,1.0,1.0,2.0,2.0,0.0,2.0,0.0,0.0,1.0,1.0,3.0,0.0,2.0,0.0,0.0,3.0,1.0,1.0,16.0,3.0,11.0,0.0,0.0,2.0,0.0,1.0,1.0,0.0,1.0,12.0,0.0,0.0,0.0,0.0,6.0,5.0,2.0,2.0,1.0,0.0,12.0,0.0,0.0,0.0,12.0,0.0,0.0,7.0,4.0,5.0,2.0,5.0,4.0,2.0,2.0,3.0,2.0,3.0,1.0,3.0,2.0,0.0,5.0,0.0,0.0,3.0,0.0,0.0,0.0,0.0,1.0,0.0,0.0,6.0,4.0,0.0,2.0,3.0,1.0,0.0,0.0,2.0,1.0,3.0,3.0,3.0,0.0,0.0,1.0,0.0,0.0,5.0,0.0,0.0,3.0,0.0,2.0,5.0,2.0,3.0,0.0,3.0,3.0,2.0,0.0,1.0,0.0,2.0,0.0,0.0,0.0,12.0,0.0,2.0,13.0,19.0,19.0,14.0,22.0
CHEMBL219244,IC50,47.0,26.0,7.0,6.0,0.0,3.0,0.0,3.0,0.0,37.0,7.0,5.0,0.0,0.0,0.0,0.0,1.0,3.0,3.0,3.0,3.0,3.0,3.0,33.0,12.0,10.0,0.0,3.0,0.0,3.0,0.0,0.0,29.0,11.0,9.0,0.0,6.0,0.0,6.0,2.0,0.0,0.0,0.0,30.0,9.0,10.0,0.0,6.0,0.0,6.0,0.0,1.0,0.0,0.0,0.0,0.0,32.0,10.0,8.0,0.0,3.0,0.0,3.0,0.0,0.0,0.0,0.0,0.0,2.0,0.0,0.0,0.0,0.0,41.0,2.0,6.0,0.0,0.0,0.0,0.0,1.0,2.0,3.0,3.0,1.0,32.0,8.0,13.0,0.0,3.0,0.0,3.0,0.0,0.0,0.0,0.0,0.0,34.0,3.0,7.0,0.0,0.0,0.0,0.0,1.0,2.0,3.0,3.0,1.0,3.0,3.0,30.0,5.0,10.0,0.0,6.0,0.0,6.0,0.0,0.0,0.0,0.0,0.0,0.0,0.0,2.0,0.0,0.0,0.0,7.0,4.0,0.0,0.0,0.0,3.0,0.0,1.0,1.0,3.0,2.0,0.0,2.0,0.0,0.0,1.0,2.0,3.0,0.0,2.0,0.0,0.0,3.0,1.0,1.0,17.0,3.0,12.0,0.0,0.0,5.0,0.0,1.0,1.0,0.0,1.0,15.0,0.0,0.0,0.0,2.0,11.0,7.0,2.0,2.0,1.0,0.0,14.0,0.0,0.0,0.0,14.0,0.0,0.0,9.0,6.0,7.0,3.0,7.0,4.0,2.0,2.0,3.0,2.0,3.0,1.0,3.0,2.0,0.0,5.0,0.0,0.0,3.0,0.0,0.0,0.0,0.0,1.0,0.0,0.0,6.0,4.0,0.0,2.0,3.0,1.0,0.0,0.0,2.0,1.0,3.0,3.0,3.0,0.0,0.0,1.0,0.0,0.0,5.0,0.0,0.0,3.0,0.0,3.0,5.0,1.0,3.0,0.0,3.0,3.0,2.0,0.0,1.0,0.0,2.0,0.0,0.0,0.0,12.0,0.0,2.0,13.0,20.0,20.0,14.0,22.0
CHEMBL158753,IC50,31.0,24.0,2.0,8.0,0.0,0.0,2.0,2.0,1.0,32.0,4.0,10.0,0.0,0.0,4.0,4.0,0.0,1.0,0.0,0.0,0.0,0.0,0.0,29.0,6.0,12.0,0.0,0.0,5.0,5.0,0.0,1.0,20.0,8.0,15.0,0.0,0.0,3.0,3.0,0.0,0.0,1.0,1.0,23.0,6.0,9.0,0.0,0.0,0.0,0.0,0.0,2.0,0.0,2.0,2.0,0.0,24.0,4.0,7.0,0.0,0.0,1.0,1.0,0.0,4.0,0.0,1.0,1.0,1.0,0.0,0.0,0.0,0.0,24.0,3.0,10.0,0.0,0.0,2.0,2.0,0.0,2.0,0.0,0.0,0.0,26.0,2.0,7.0,0.0,0.0,3.0,3.0,0.0,0.0,0.0,0.0,2.0,22.0,3.0,10.0,0.0,0.0,4.0,4.0,0.0,0.0,0.0,0.0,1.0,0.0,0.0,18.0,4.0,13.0,0.0,0.0,3.0,3.0,0.0,0.0,0.0,0.0,0.0,0.0,2.0,1.0,1.0,0.0,0.0,1.0,0.0,0.0,0.0,0.0,0.0,0.0,0.0,0.0,4.0,1.0,0.0,1.0,0.0,0.0,1.0,0.0,1.0,0.0,1.0,0.0,2.0,0.0,3.0,1.0,8.0,1.0,2.0,0.0,0.0,0.0,1.0,0.0,0.0,0.0,0.0,1.0,0.0,0.0,0.0,0.0,0.0,0.0,0.0,0.0,0.0,2.0,0.0,0.0,0.0,0.0,0.0,0.0,0.0,0.0,0.0,0.0,0.0,0.0,0.0,0.0,0.0,0.0,0.0,0.0,0.0,0.0,0.0,0.0,0.0,0.0,0.0,0.0,0.0,0.0,0.0,0.0,0.0,2.0,2.0,1.0,0.0,0.0,0.0,0.0,0.0,0.0,0.0,3.0,3.0,0.0,2.0,1.0,0.0,0.0,0.0,0.0,0.0,5.0,0.0,0.0,0.0,0.0,2.0,0.0,1.0,0.0,0.0,0.0,0.0,2.0,0.0,0.0,0.0,2.0,2.0,0.0,0.0,18.0,0.0,4.0,10.0,11.0,11.0,10.0,22.0
CHEMBL219968,IC50,167.0,29.0,8.0,4.0,0.0,0.0,0.0,0.0,0.0,38.0,9.0,5.0,0.0,0.0,0.0,0.0,1.0,3.0,0.0,0.0,0.0,0.0,0.0,34.0,14.0,12.0,0.0,0.0,0.0,0.0,0.0,0.0,30.0,12.0,12.0,0.0,0.0,0.0,0.0,2.0,0.0,0.0,0.0,34.0,10.0,12.0,0.0,0.0,0.0,0.0,0.0,2.0,0.0,0.0,0.0,0.0,36.0,8.0,9.0,0.0,0.0,0.0,0.0,1.0,1.0,0.0,0.0,0.0,2.0,0.0,0.0,0.0,0.0,39.0,6.0,6.0,0.0,0.0,0.0,0.0,1.0,3.0,0.0,0.0,2.0,35.0,10.0,13.0,0.0,0.0,0.0,0.0,0.0,0.0,0.0,0.0,0.0,33.0,9.0,12.0,0.0,0.0,0.0,0.0,1.0,2.0,0.0,0.0,1.0,0.0,0.0,30.0,9.0,15.0,0.0,0.0,0.0,0.0,0.0,0.0,0.0,0.0,0.0,0.0,0.0,1.0,0.0,0.0,0.0,8.0,2.0,0.0,0.0,0.0,5.0,3.0,1.0,1.0,0.0,2.0,0.0,2.0,0.0,0.0,1.0,0.0,3.0,0.0,2.0,0.0,0.0,0.0,0.0,1.0,12.0,3.0,8.0,0.0,0.0,0.0,1.0,0.0,0.0,0.0,1.0,7.0,0.0,0.0,0.0,0.0,0.0,0.0,0.0,0.0,1.0,2.0,6.0,0.0,0.0,2.0,6.0,0.0,0.0,1.0,0.0,0.0,0.0,0.0,0.0,0.0,0.0,1.0,0.0,1.0,1.0,1.0,0.0,0.0,1.0,0.0,0.0,1.0,0.0,0.0,0.0,0.0,1.0,0.0,0.0,5.0,2.0,0.0,0.0,2.0,3.0,0.0,0.0,1.0,0.0,0.0,4.0,3.0,0.0,0.0,1.0,0.0,0.0,6.0,0.0,0.0,0.0,0.0,0.0,6.0,1.0,0.0,0.0,0.0,0.0,2.0,0.0,1.0,0.0,2.0,0.0,0.0,0.0,18.0,0.0,4.0,12.0,16.0,16.0,13.0,26.0
CHEMBL2111565,IC50,12.9,26.0,2.0,6.0,0.0,3.0,1.0,4.0,1.0,34.0,4.0,8.0,0.0,0.0,2.0,2.0,0.0,1.0,3.0,3.0,3.0,3.0,3.0,31.0,6.0,11.0,0.0,3.0,2.0,5.0,0.0,1.0,22.0,9.0,10.0,0.0,6.0,2.0,8.0,0.0,0.0,0.0,0.0,21.0,9.0,7.0,0.0,6.0,0.0,6.0,0.0,0.0,0.0,1.0,1.0,0.0,26.0,5.0,2.0,0.0,3.0,0.0,3.0,0.0,2.0,0.0,1.0,1.0,2.0,0.0,0.0,0.0,0.0,29.0,2.0,5.0,0.0,3.0,1.0,4.0,0.0,2.0,0.0,0.0,0.0,29.0,2.0,7.0,0.0,0.0,1.0,1.0,0.0,0.0,0.0,0.0,0.0,25.0,3.0,6.0,0.0,3.0,2.0,5.0,0.0,0.0,0.0,0.0,1.0,0.0,0.0,18.0,4.0,8.0,0.0,6.0,3.0,9.0,0.0,0.0,0.0,0.0,0.0,0.0,0.0,0.0,0.0,0.0,0.0,1.0,0.0,0.0,0.0,0.0,0.0,0.0,0.0,0.0,0.0,1.0,0.0,1.0,0.0,0.0,1.0,1.0,1.0,0.0,1.0,1.0,1.0,3.0,2.0,1.0,4.0,1.0,0.0,0.0,0.0,0.0,0.0,0.0,0.0,0.0,0.0,0.0,0.0,0.0,0.0,0.0,0.0,0.0,0.0,0.0,0.0,0.0,0.0,0.0,0.0,0.0,0.0,0.0,0.0,0.0,0.0,0.0,0.0,0.0,0.0,0.0,0.0,0.0,0.0,0.0,0.0,0.0,0.0,0.0,0.0,0.0,0.0,0.0,0.0,0.0,0.0,0.0,0.0,1.0,1.0,1.0,0.0,0.0,0.0,0.0,0.0,0.0,0.0,2.0,2.0,3.0,2.0,1.0,0.0,0.0,0.0,0.0,0.0,4.0,0.0,0.0,3.0,0.0,0.0,0.0,0.0,3.0,0.0,3.0,3.0,2.0,0.0,0.0,0.0,2.0,1.0,0.0,0.0,22.0,0.0,4.0,8.0,6.0,6.0,9.0,26.0
CHEMBL422506,IC50,22.6,23.0,5.0,3.0,0.0,0.0,1.0,1.0,1.0,30.0,7.0,4.0,0.0,0.0,2.0,2.0,0.0,2.0,0.0,0.0,0.0,0.0,0.0,32.0,7.0,7.0,0.0,0.0,2.0,2.0,0.0,1.0,23.0,11.0,8.0,0.0,0.0,2.0,2.0,0.0,0.0,0.0,0.0,19.0,12.0,6.0,0.0,0.0,0.0,0.0,0.0,0.0,0.0,1.0,1.0,0.0,21.0,9.0,5.0,0.0,0.0,0.0,0.0,0.0,1.0,0.0,1.0,1.0,1.0,0.0,0.0,0.0,0.0,25.0,5.0,5.0,0.0,0.0,1.0,1.0,0.0,1.0,0.0,0.0,0.0,26.0,1.0,4.0,0.0,0.0,1.0,1.0,1.0,1.0,0.0,0.0,0.0,21.0,2.0,3.0,0.0,0.0,2.0,2.0,1.0,1.0,0.0,0.0,0.0,0.0,0.0,14.0,5.0,4.0,0.0,0.0,3.0,3.0,0.0,0.0,0.0,0.0,0.0,0.0,0.0,0.0,0.0,0.0,0.0,3.0,0.0,0.0,0.0,0.0,0.0,0.0,0.0,1.0,2.0,1.0,0.0,1.0,0.0,0.0,1.0,0.0,2.0,0.0,0.0,1.0,1.0,0.0,0.0,1.0,8.0,2.0,3.0,1.0,0.0,0.0,0.0,0.0,0.0,0.0,1.0,0.0,0.0,0.0,0.0,0.0,0.0,0.0,0.0,0.0,0.0,1.0,0.0,0.0,0.0,0.0,0.0,0.0,0.0,0.0,0.0,0.0,0.0,0.0,0.0,0.0,0.0,0.0,0.0,0.0,0.0,3.0,3.0,3.0,6.0,2.0,0.0,2.0,3.0,0.0,0.0,0.0,0.0,1.0,1.0,4.0,3.0,2.0,0.0,2.0,0.0,0.0,0.0,0.0,0.0,0.0,3.0,2.0,0.0,0.0,0.0,0.0,0.0,3.0,0.0,0.0,0.0,0.0,2.0,1.0,0.0,0.0,0.0,0.0,0.0,3.0,0.0,0.0,0.0,2.0,1.0,0.0,0.0,16.0,0.0,4.0,8.0,10.0,10.0,9.0,21.0
CHEMBL156777,IC50,485.0,24.0,5.0,6.0,0.0,0.0,2.0,2.0,1.0,32.0,7.0,8.0,0.0,0.0,4.0,4.0,0.0,1.0,0.0,0.0,0.0,0.0,0.0,30.0,8.0,8.0,0.0,0.0,4.0,4.0,0.0,2.0,18.0,11.0,11.0,0.0,0.0,5.0,5.0,0.0,0.0,0.0,0.0,18.0,9.0,7.0,0.0,0.0,2.0,2.0,0.0,1.0,0.0,2.0,2.0,0.0,20.0,5.0,4.0,0.0,0.0,0.0,0.0,0.0,4.0,0.0,3.0,3.0,1.0,0.0,0.0,0.0,0.0,22.0,4.0,7.0,0.0,0.0,4.0,4.0,0.0,2.0,0.0,0.0,0.0,25.0,3.0,7.0,0.0,0.0,4.0,4.0,0.0,0.0,0.0,0.0,1.0,25.0,1.0,7.0,0.0,0.0,6.0,6.0,1.0,0.0,0.0,0.0,1.0,0.0,0.0,20.0,2.0,9.0,0.0,0.0,6.0,6.0,1.0,0.0,0.0,0.0,0.0,0.0,0.0,0.0,0.0,0.0,0.0,5.0,0.0,0.0,0.0,0.0,2.0,0.0,0.0,0.0,1.0,1.0,0.0,1.0,0.0,0.0,1.0,0.0,1.0,0.0,0.0,1.0,2.0,0.0,2.0,1.0,8.0,1.0,2.0,0.0,0.0,0.0,0.0,0.0,0.0,0.0,0.0,0.0,0.0,0.0,0.0,0.0,0.0,0.0,0.0,0.0,0.0,1.0,0.0,0.0,0.0,0.0,0.0,0.0,0.0,0.0,0.0,0.0,0.0,0.0,0.0,0.0,0.0,0.0,0.0,0.0,0.0,2.0,2.0,1.0,4.0,0.0,0.0,0.0,1.0,0.0,0.0,1.0,1.0,2.0,2.0,4.0,3.0,0.0,0.0,0.0,0.0,0.0,2.0,2.0,2.0,0.0,3.0,1.0,0.0,0.0,0.0,0.0,1.0,4.0,0.0,0.0,0.0,0.0,0.0,1.0,0.0,0.0,0.0,0.0,0.0,1.0,0.0,0.0,0.0,2.0,2.0,0.0,0.0,18.0,1.0,4.0,11.0,13.0,13.0,9.0,22.0
CHEMBL153157,IC50,5.3,27.0,5.0,2.0,0.0,0.0,1.0,1.0,1.0,38.0,8.0,3.0,0.0,0.0,2.0,2.0,0.0,1.0,0.0,0.0,0.0,0.0,0.0,38.0,10.0,4.0,0.0,0.0,2.0,2.0,0.0,1.0,26.0,15.0,4.0,0.0,0.0,2.0,2.0,0.0,0.0,0.0,0.0,25.0,11.0,3.0,0.0,0.0,0.0,0.0,1.0,0.0,0.0,1.0,1.0,0.0,33.0,4.0,2.0,0.0,0.0,0.0,0.0,1.0,1.0,0.0,1.0,1.0,1.0,0.0,0.0,0.0,0.0,33.0,3.0,3.0,0.0,0.0,1.0,1.0,0.0,1.0,0.0,0.0,0.0,28.0,4.0,3.0,0.0,0.0,1.0,1.0,0.0,1.0,0.0,0.0,0.0,20.0,8.0,2.0,0.0,0.0,2.0,2.0,0.0,0.0,0.0,0.0,0.0,0.0,0.0,12.0,9.0,3.0,0.0,0.0,3.0,3.0,0.0,0.0,0.0,0.0,0.0,0.0,0.0,0.0,0.0,0.0,0.0,1.0,0.0,0.0,0.0,0.0,0.0,0.0,0.0,0.0,4.0,1.0,0.0,1.0,0.0,0.0,1.0,0.0,1.0,0.0,0.0,1.0,1.0,0.0,0.0,1.0,7.0,1.0,0.0,0.0,0.0,0.0,0.0,0.0,0.0,0.0,0.0,0.0,0.0,0.0,0.0,0.0,0.0,0.0,0.0,0.0,0.0,0.0,0.0,0.0,0.0,0.0,0.0,0.0,0.0,0.0,0.0,0.0,0.0,0.0,0.0,0.0,0.0,0.0,0.0,0.0,0.0,0.0,0.0,0.0,0.0,0.0,0.0,0.0,0.0,0.0,0.0,0.0,0.0,1.0,1.0,1.0,0.0,0.0,0.0,0.0,0.0,0.0,0.0,0.0,0.0,0.0,2.0,1.0,0.0,0.0,0.0,0.0,0.0,2.0,0.0,0.0,0.0,0.0,4.0,0.0,0.0,0.0,0.0,0.0,0.0,2.0,0.0,0.0,0.0,2.0,1.0,0.0,1.0,21.0,1.0,4.0,7.0,10.0,10.0,6.0,24.0
CHEMBL346694,IC50,14.5,21.0,4.0,7.0,2.0,3.0,1.0,4.0,1.0,26.0,7.0,8.0,3.0,0.0,2.0,2.0,0.0,2.0,3.0,3.0,3.0,3.0,3.0,24.0,8.0,10.0,2.0,3.0,2.0,5.0,0.0,1.0,17.0,10.0,9.0,2.0,6.0,2.0,8.0,2.0,0.0,0.0,0.0,14.0,11.0,8.0,2.0,6.0,0.0,6.0,0.0,1.0,0.0,1.0,1.0,0.0,16.0,5.0,8.0,3.0,3.0,0.0,3.0,1.0,1.0,0.0,1.0,1.0,2.0,0.0,0.0,0.0,0.0,22.0,2.0,7.0,1.0,0.0,1.0,1.0,1.0,1.0,0.0,0.0,1.0,22.0,3.0,6.0,2.0,3.0,1.0,4.0,0.0,2.0,0.0,0.0,1.0,21.0,3.0,7.0,0.0,3.0,2.0,5.0,0.0,2.0,0.0,0.0,0.0,0.0,0.0,17.0,3.0,9.0,0.0,0.0,2.0,2.0,0.0,0.0,3.0,3.0,0.0,3.0,4.0,0.0,0.0,0.0,0.0,1.0,0.0,0.0,0.0,0.0,0.0,0.0,0.0,1.0,1.0,2.0,0.0,2.0,0.0,0.0,1.0,1.0,2.0,0.0,1.0,2.0,1.0,3.0,2.0,1.0,6.0,2.0,1.0,1.0,0.0,0.0,0.0,0.0,0.0,0.0,1.0,0.0,0.0,0.0,0.0,0.0,0.0,0.0,0.0,0.0,0.0,0.0,0.0,0.0,0.0,0.0,0.0,0.0,0.0,0.0,0.0,0.0,0.0,0.0,0.0,0.0,0.0,0.0,0.0,0.0,0.0,1.0,0.0,0.0,0.0,0.0,0.0,0.0,0.0,0.0,0.0,0.0,0.0,1.0,1.0,2.0,0.0,0.0,0.0,0.0,1.0,0.0,0.0,2.0,2.0,3.0,3.0,2.0,0.0,0.0,0.0,0.0,0.0,5.0,0.0,0.0,3.0,0.0,0.0,0.0,0.0,3.0,0.0,3.0,3.0,3.0,0.0,1.0,0.0,2.0,1.0,0.0,0.0,18.0,0.0,4.0,13.0,9.0,9.0,12.0,24.0
CHEMBL3963664,IC50,1.7,32.0,3.0,3.0,2.0,3.0,1.0,4.0,0.0,44.0,3.0,3.0,3.0,3.0,2.0,5.0,0.0,1.0,0.0,0.0,3.0,3.0,3.0,46.0,5.0,5.0,4.0,6.0,2.0,8.0,0.0,0.0,52.0,4.0,3.0,3.0,6.0,1.0,7.0,2.0,0.0,0.0,0.0,56.0,5.0,4.0,5.0,9.0,1.0,10.0,0.0,0.0,0.0,0.0,0.0,0.0,58.0,2.0,3.0,5.0,6.0,2.0,8.0,0.0,0.0,3.0,0.0,3.0,2.0,0.0,0.0,0.0,0.0,51.0,4.0,6.0,4.0,6.0,4.0,10.0,0.0,0.0,0.0,0.0,0.0,39.0,7.0,7.0,1.0,12.0,5.0,17.0,0.0,0.0,0.0,0.0,0.0,25.0,10.0,7.0,1.0,15.0,5.0,20.0,0.0,0.0,0.0,0.0,0.0,0.0,0.0,16.0,8.0,6.0,0.0,12.0,4.0,16.0,0.0,0.0,0.0,0.0,0.0,0.0,0.0,2.0,0.0,0.0,0.0,4.0,1.0,0.0,0.0,0.0,2.0,0.0,1.0,1.0,1.0,1.0,0.0,1.0,0.0,0.0,1.0,1.0,2.0,0.0,2.0,0.0,1.0,3.0,0.0,1.0,11.0,2.0,6.0,0.0,0.0,0.0,1.0,0.0,0.0,0.0,1.0,4.0,0.0,0.0,0.0,0.0,0.0,0.0,0.0,0.0,1.0,3.0,2.0,0.0,0.0,2.0,1.0,0.0,0.0,0.0,0.0,0.0,0.0,0.0,0.0,0.0,0.0,1.0,0.0,1.0,1.0,1.0,0.0,0.0,1.0,0.0,0.0,1.0,0.0,0.0,0.0,0.0,1.0,1.0,1.0,2.0,1.0,0.0,0.0,1.0,0.0,0.0,0.0,1.0,0.0,3.0,2.0,1.0,0.0,0.0,1.0,0.0,0.0,3.0,0.0,0.0,0.0,0.0,1.0,3.0,2.0,3.0,0.0,0.0,0.0,2.0,0.0,1.0,0.0,2.0,1.0,0.0,1.0,21.0,1.0,2.0,8.0,12.0,12.0,12.0,26.0
CHEMBL3918808,IC50,0.2,31.0,3.0,3.0,2.0,3.0,2.0,5.0,0.0,42.0,3.0,3.0,3.0,3.0,4.0,7.0,0.0,1.0,0.0,0.0,3.0,3.0,3.0,44.0,5.0,5.0,4.0,3.0,4.0,7.0,0.0,0.0,49.0,4.0,3.0,3.0,3.0,4.0,7.0,2.0,0.0,0.0,0.0,54.0,4.0,4.0,4.0,6.0,3.0,9.0,0.0,0.0,0.0,1.0,1.0,0.0,56.0,2.0,3.0,5.0,12.0,4.0,16.0,0.0,0.0,0.0,0.0,0.0,2.0,0.0,0.0,0.0,0.0,47.0,4.0,6.0,4.0,18.0,8.0,26.0,0.0,0.0,0.0,0.0,0.0,34.0,7.0,7.0,1.0,15.0,10.0,25.0,0.0,0.0,0.0,0.0,0.0,21.0,10.0,7.0,1.0,12.0,9.0,21.0,0.0,0.0,0.0,0.0,0.0,0.0,0.0,15.0,8.0,6.0,0.0,6.0,4.0,10.0,0.0,0.0,3.0,3.0,0.0,3.0,3.0,2.0,0.0,0.0,0.0,4.0,1.0,0.0,0.0,0.0,2.0,0.0,1.0,1.0,0.0,1.0,0.0,1.0,0.0,0.0,1.0,1.0,2.0,0.0,2.0,0.0,2.0,3.0,0.0,1.0,10.0,2.0,6.0,0.0,0.0,0.0,1.0,0.0,0.0,0.0,1.0,4.0,0.0,0.0,0.0,0.0,0.0,0.0,0.0,0.0,1.0,3.0,2.0,0.0,0.0,2.0,1.0,0.0,0.0,0.0,0.0,0.0,0.0,0.0,0.0,0.0,0.0,1.0,0.0,1.0,1.0,1.0,0.0,0.0,1.0,0.0,0.0,1.0,0.0,0.0,0.0,0.0,1.0,2.0,2.0,2.0,1.0,0.0,0.0,1.0,0.0,0.0,0.0,1.0,0.0,3.0,2.0,1.0,0.0,0.0,1.0,0.0,0.0,3.0,0.0,0.0,0.0,0.0,0.0,3.0,2.0,3.0,0.0,0.0,0.0,2.0,0.0,1.0,0.0,2.0,2.0,0.0,1.0,21.0,1.0,2.0,8.0,12.0,12.0,12.0,26.0
CHEMBL3967446,IC50,3.4,30.0,2.0,1.0,3.0,0.0,1.0,2.0,0.0,41.0,2.0,4.0,4.0,0.0,2.0,4.0,0.0,1.0,0.0,0.0,0.0,0.0,0.0,44.0,2.0,6.0,3.0,0.0,2.0,4.0,0.0,0.0,47.0,2.0,3.0,4.0,0.0,1.0,5.0,3.0,0.0,0.0,0.0,54.0,1.0,4.0,6.0,0.0,1.0,2.0,0.0,0.0,0.0,0.0,0.0,0.0,54.0,1.0,4.0,7.0,0.0,2.0,4.0,0.0,0.0,0.0,0.0,0.0,3.0,0.0,0.0,0.0,0.0,45.0,2.0,8.0,6.0,0.0,4.0,8.0,0.0,0.0,0.0,0.0,0.0,33.0,3.0,9.0,2.0,0.0,5.0,10.0,0.0,0.0,0.0,0.0,0.0,20.0,5.0,8.0,2.0,0.0,5.0,9.0,0.0,0.0,0.0,0.0,0.0,0.0,0.0,13.0,4.0,7.0,2.0,0.0,3.0,4.0,0.0,0.0,0.0,0.0,0.0,0.0,0.0,2.0,0.0,0.0,0.0,4.0,1.0,0.0,0.0,0.0,2.0,0.0,1.0,0.0,2.0,1.0,0.0,1.0,0.0,0.0,1.0,0.0,1.0,0.0,2.0,0.0,1.0,0.0,0.0,1.0,9.0,1.0,5.0,0.0,0.0,0.0,1.0,0.0,0.0,0.0,0.0,3.0,0.0,0.0,0.0,0.0,0.0,0.0,0.0,0.0,0.0,3.0,2.0,0.0,0.0,2.0,1.0,0.0,0.0,0.0,0.0,0.0,0.0,0.0,0.0,0.0,0.0,0.0,0.0,0.0,0.0,1.0,0.0,0.0,1.0,0.0,0.0,1.0,0.0,0.0,0.0,0.0,0.0,1.0,1.0,2.0,1.0,0.0,0.0,1.0,0.0,0.0,0.0,0.0,0.0,0.0,1.0,1.0,0.0,0.0,0.0,0.0,0.0,4.0,0.0,0.0,0.0,0.0,2.0,2.0,2.0,0.0,0.0,0.0,0.0,1.0,0.0,1.0,0.0,2.0,1.0,0.0,1.0,21.0,1.0,2.0,6.0,13.0,13.0,11.0,25.0
CHEMBL140267,IC50,7500.0,19.0,2.0,1.0,0.0,1.0,0.0,1.0,0.0,26.0,4.0,1.0,0.0,2.0,0.0,2.0,0.0,0.0,0.0,0.0,0.0,0.0,0.0,27.0,7.0,2.0,0.0,2.0,0.0,2.0,0.0,0.0,33.0,1.0,3.0,0.0,1.0,0.0,1.0,1.0,0.0,0.0,0.0,28.0,2.0,6.0,0.0,1.0,0.0,1.0,0.0,0.0,0.0,0.0,0.0,0.0,24.0,2.0,3.0,0.0,2.0,0.0,2.0,0.0,0.0,0.0,0.0,0.0,0.0,0.0,0.0,0.0,0.0,10.0,1.0,3.0,0.0,4.0,0.0,4.0,0.0,0.0,0.0,0.0,0.0,4.0,0.0,0.0,0.0,2.0,0.0,2.0,0.0,0.0,1.0,1.0,0.0,0.0,0.0,0.0,0.0,4.0,0.0,4.0,0.0,0.0,0.0,0.0,0.0,0.0,0.0,0.0,0.0,0.0,0.0,0.0,0.0,0.0,0.0,0.0,0.0,0.0,0.0,0.0,0.0,2.0,2.0,0.0,0.0,1.0,0.0,0.0,0.0,0.0,0.0,0.0,0.0,0.0,5.0,0.0,0.0,0.0,0.0,0.0,1.0,0.0,0.0,0.0,1.0,0.0,0.0,1.0,0.0,1.0,8.0,0.0,4.0,0.0,0.0,0.0,0.0,0.0,0.0,0.0,0.0,2.0,0.0,0.0,0.0,0.0,0.0,0.0,0.0,0.0,0.0,0.0,0.0,0.0,0.0,0.0,0.0,0.0,0.0,0.0,0.0,0.0,0.0,0.0,0.0,0.0,0.0,0.0,0.0,0.0,0.0,0.0,0.0,0.0,0.0,0.0,0.0,0.0,0.0,0.0,0.0,0.0,0.0,0.0,0.0,0.0,0.0,0.0,0.0,0.0,0.0,0.0,0.0,1.0,0.0,1.0,0.0,0.0,0.0,0.0,0.0,0.0,0.0,1.0,0.0,0.0,0.0,0.0,5.0,0.0,2.0,0.0,1.0,0.0,0.0,0.0,0.0,0.0,0.0,0.0,0.0,1.0,1.0,12.0,1.0,0.0,3.0,9.0,9.0,3.0,13.0
CHEMBL140636,IC50,1800.0,26.0,2.0,1.0,0.0,1.0,0.0,1.0,0.0,33.0,4.0,1.0,0.0,2.0,0.0,2.0,0.0,0.0,0.0,0.0,0.0,0.0,0.0,35.0,7.0,2.0,0.0,2.0,0.0,2.0,0.0,0.0,43.0,2.0,3.0,0.0,1.0,0.0,1.0,1.0,0.0,0.0,0.0,43.0,3.0,6.0,0.0,1.0,0.0,1.0,0.0,0.0,0.0,0.0,0.0,0.0,41.0,3.0,4.0,0.0,2.0,0.0,2.0,0.0,0.0,0.0,0.0,0.0,0.0,0.0,0.0,0.0,0.0,29.0,2.0,4.0,0.0,4.0,0.0,4.0,0.0,0.0,0.0,0.0,0.0,22.0,1.0,1.0,0.0,3.0,0.0,3.0,0.0,0.0,1.0,1.0,0.0,17.0,1.0,1.0,0.0,5.0,0.0,5.0,0.0,0.0,0.0,0.0,0.0,0.0,0.0,15.0,1.0,1.0,0.0,1.0,0.0,1.0,0.0,0.0,0.0,0.0,0.0,0.0,0.0,2.0,2.0,0.0,0.0,8.0,0.0,0.0,0.0,0.0,6.0,5.0,0.0,0.0,5.0,0.0,0.0,0.0,0.0,0.0,1.0,0.0,0.0,0.0,1.0,0.0,0.0,1.0,0.0,1.0,15.0,0.0,11.0,0.0,0.0,0.0,0.0,0.0,0.0,0.0,0.0,8.0,0.0,0.0,0.0,0.0,0.0,0.0,0.0,0.0,0.0,0.0,5.0,0.0,0.0,0.0,4.0,0.0,0.0,3.0,0.0,2.0,1.0,0.0,0.0,0.0,0.0,0.0,0.0,0.0,0.0,0.0,0.0,0.0,0.0,0.0,0.0,0.0,0.0,0.0,0.0,0.0,0.0,0.0,0.0,0.0,0.0,0.0,0.0,0.0,0.0,0.0,0.0,1.0,0.0,1.0,0.0,0.0,0.0,0.0,0.0,0.0,0.0,1.0,0.0,0.0,0.0,0.0,5.0,7.0,2.0,0.0,1.0,0.0,0.0,0.0,0.0,0.0,0.0,0.0,0.0,1.0,1.0,12.0,1.0,0.0,3.0,16.0,16.0,10.0,13.0
CHEMBL156772,IC50,13.8,29.0,5.0,5.0,0.0,0.0,1.0,1.0,1.0,39.0,7.0,7.0,0.0,0.0,2.0,2.0,0.0,2.0,0.0,0.0,0.0,0.0,0.0,38.0,8.0,9.0,0.0,0.0,2.0,2.0,0.0,2.0,25.0,12.0,12.0,0.0,0.0,2.0,2.0,0.0,0.0,0.0,0.0,21.0,12.0,11.0,0.0,0.0,0.0,0.0,0.0,0.0,0.0,1.0,1.0,0.0,23.0,8.0,9.0,0.0,0.0,0.0,0.0,0.0,2.0,0.0,1.0,1.0,1.0,0.0,0.0,0.0,0.0,28.0,5.0,9.0,0.0,0.0,1.0,1.0,0.0,2.0,0.0,0.0,0.0,33.0,4.0,8.0,0.0,0.0,1.0,1.0,0.0,0.0,0.0,0.0,0.0,37.0,1.0,3.0,0.0,0.0,2.0,2.0,1.0,1.0,0.0,0.0,1.0,0.0,0.0,31.0,2.0,5.0,0.0,0.0,3.0,3.0,1.0,1.0,0.0,0.0,0.0,0.0,0.0,0.0,0.0,0.0,0.0,4.0,0.0,0.0,0.0,0.0,1.0,0.0,0.0,1.0,0.0,1.0,0.0,1.0,0.0,0.0,1.0,0.0,2.0,0.0,0.0,1.0,1.0,0.0,1.0,1.0,7.0,2.0,2.0,1.0,0.0,0.0,0.0,0.0,0.0,0.0,1.0,0.0,0.0,0.0,0.0,0.0,0.0,0.0,0.0,0.0,0.0,1.0,0.0,0.0,0.0,0.0,0.0,0.0,0.0,0.0,0.0,0.0,0.0,0.0,0.0,0.0,0.0,0.0,0.0,0.0,0.0,2.0,2.0,1.0,4.0,1.0,0.0,1.0,1.0,0.0,0.0,1.0,1.0,1.0,1.0,4.0,3.0,2.0,0.0,2.0,0.0,0.0,2.0,1.0,1.0,0.0,3.0,2.0,0.0,0.0,0.0,0.0,1.0,4.0,0.0,0.0,0.0,0.0,0.0,1.0,0.0,0.0,0.0,0.0,0.0,3.0,0.0,0.0,0.0,2.0,1.0,0.0,0.0,22.0,1.0,4.0,10.0,11.0,11.0,8.0,27.0
CHEMBL140586,IC50,1000.0,23.0,2.0,1.0,0.0,1.0,0.0,1.0,0.0,31.0,4.0,1.0,0.0,2.0,0.0,2.0,0.0,0.0,0.0,0.0,0.0,0.0,0.0,32.0,7.0,2.0,0.0,2.0,0.0,2.0,0.0,0.0,40.0,2.0,3.0,0.0,1.0,0.0,1.0,1.0,0.0,0.0,0.0,41.0,3.0,6.0,0.0,1.0,0.0,1.0,0.0,0.0,0.0,0.0,0.0,0.0,39.0,4.0,4.0,0.0,2.0,0.0,2.0,0.0,0.0,0.0,0.0,0.0,0.0,0.0,0.0,0.0,0.0,28.0,1.0,4.0,0.0,4.0,0.0,4.0,0.0,0.0,0.0,0.0,0.0,13.0,0.0,2.0,0.0,3.0,0.0,3.0,0.0,0.0,1.0,1.0,0.0,6.0,0.0,0.0,0.0,5.0,0.0,5.0,0.0,0.0,0.0,0.0,0.0,0.0,0.0,0.0,0.0,0.0,0.0,2.0,0.0,2.0,0.0,0.0,0.0,0.0,0.0,0.0,0.0,3.0,3.0,0.0,0.0,3.0,1.0,0.0,0.0,0.0,1.0,0.0,0.0,0.0,6.0,0.0,0.0,0.0,0.0,0.0,1.0,0.0,0.0,0.0,1.0,0.0,0.0,1.0,0.0,1.0,12.0,0.0,8.0,0.0,0.0,1.0,0.0,0.0,0.0,0.0,0.0,6.0,0.0,0.0,0.0,0.0,1.0,0.0,0.0,0.0,0.0,0.0,2.0,0.0,0.0,0.0,0.0,0.0,0.0,0.0,0.0,0.0,0.0,0.0,0.0,0.0,0.0,0.0,0.0,0.0,0.0,0.0,0.0,0.0,0.0,0.0,0.0,0.0,0.0,0.0,0.0,0.0,0.0,0.0,0.0,0.0,0.0,0.0,0.0,0.0,0.0,0.0,0.0,1.0,0.0,1.0,0.0,0.0,0.0,0.0,0.0,0.0,0.0,1.0,0.0,0.0,0.0,0.0,6.0,2.0,3.0,0.0,1.0,0.0,0.0,0.0,0.0,0.0,0.0,0.0,0.0,1.0,1.0,12.0,1.0,0.0,3.0,13.0,13.0,6.0,14.0
CHEMBL156207,IC50,290.0,22.0,4.0,0.0,2.0,1.0,0.0,1.0,0.0,30.0,6.0,0.0,2.0,2.0,0.0,2.0,0.0,0.0,0.0,0.0,0.0,0.0,0.0,30.0,6.0,0.0,2.0,2.0,0.0,2.0,0.0,0.0,28.0,7.0,0.0,1.0,1.0,0.0,1.0,0.0,0.0,0.0,0.0,30.0,4.0,0.0,1.0,1.0,0.0,1.0,1.0,0.0,0.0,0.0,0.0,0.0,29.0,4.0,0.0,1.0,2.0,0.0,2.0,0.0,0.0,0.0,0.0,0.0,0.0,0.0,0.0,0.0,0.0,26.0,4.0,0.0,2.0,2.0,0.0,2.0,0.0,0.0,1.0,1.0,0.0,18.0,4.0,0.0,2.0,3.0,0.0,3.0,0.0,0.0,0.0,0.0,0.0,8.0,3.0,0.0,4.0,4.0,0.0,4.0,0.0,0.0,0.0,0.0,0.0,0.0,0.0,5.0,1.0,0.0,4.0,2.0,0.0,2.0,0.0,0.0,1.0,1.0,0.0,0.0,0.0,0.0,0.0,0.0,0.0,0.0,0.0,0.0,0.0,0.0,0.0,0.0,0.0,0.0,1.0,0.0,0.0,0.0,0.0,0.0,0.0,0.0,0.0,0.0,2.0,0.0,0.0,1.0,0.0,0.0,1.0,0.0,0.0,0.0,0.0,0.0,0.0,0.0,0.0,0.0,0.0,0.0,0.0,0.0,0.0,0.0,0.0,0.0,0.0,0.0,0.0,0.0,0.0,0.0,0.0,0.0,0.0,0.0,0.0,0.0,0.0,0.0,0.0,0.0,0.0,0.0,0.0,0.0,0.0,0.0,0.0,0.0,0.0,0.0,0.0,0.0,0.0,0.0,0.0,0.0,0.0,0.0,0.0,0.0,0.0,0.0,0.0,0.0,0.0,0.0,0.0,0.0,0.0,0.0,0.0,1.0,0.0,0.0,0.0,0.0,0.0,0.0,0.0,0.0,0.0,0.0,0.0,0.0,0.0,0.0,0.0,0.0,0.0,0.0,0.0,0.0,0.0,0.0,0.0,0.0,0.0,1.0,2.0,23.0,2.0,0.0,6.0,3.0,3.0,1.0,22.0
CHEMBL156904,IC50,9.2,30.0,8.0,3.0,0.0,0.0,1.0,1.0,1.0,41.0,10.0,4.0,0.0,0.0,2.0,2.0,0.0,2.0,0.0,0.0,0.0,0.0,0.0,41.0,9.0,7.0,0.0,0.0,2.0,2.0,1.0,1.0,29.0,15.0,8.0,0.0,0.0,2.0,2.0,0.0,0.0,0.0,0.0,28.0,15.0,6.0,0.0,0.0,0.0,0.0,0.0,1.0,0.0,1.0,1.0,0.0,29.0,12.0,6.0,0.0,0.0,0.0,0.0,0.0,1.0,0.0,1.0,1.0,1.0,0.0,0.0,0.0,0.0,31.0,9.0,6.0,0.0,0.0,1.0,1.0,0.0,1.0,0.0,0.0,0.0,33.0,5.0,6.0,0.0,0.0,1.0,1.0,1.0,1.0,0.0,0.0,0.0,31.0,5.0,5.0,0.0,0.0,2.0,2.0,1.0,1.0,0.0,0.0,0.0,0.0,0.0,27.0,7.0,5.0,0.0,0.0,3.0,3.0,0.0,0.0,0.0,0.0,0.0,0.0,0.0,0.0,0.0,0.0,0.0,6.0,0.0,0.0,0.0,0.0,2.0,0.0,0.0,1.0,0.0,1.0,0.0,1.0,0.0,0.0,1.0,0.0,2.0,0.0,0.0,1.0,1.0,0.0,0.0,1.0,9.0,2.0,3.0,1.0,0.0,0.0,0.0,0.0,0.0,0.0,1.0,0.0,0.0,0.0,0.0,0.0,0.0,0.0,0.0,0.0,0.0,1.0,0.0,0.0,0.0,0.0,0.0,0.0,0.0,0.0,0.0,0.0,0.0,0.0,0.0,0.0,0.0,0.0,0.0,0.0,0.0,5.0,5.0,4.0,10.0,2.0,0.0,2.0,4.0,0.0,0.0,0.0,0.0,1.0,1.0,7.0,6.0,2.0,0.0,2.0,0.0,0.0,0.0,0.0,0.0,0.0,4.0,2.0,0.0,0.0,0.0,2.0,0.0,3.0,0.0,0.0,0.0,0.0,0.0,1.0,0.0,0.0,0.0,0.0,0.0,3.0,0.0,0.0,0.0,2.0,1.0,0.0,0.0,22.0,2.0,4.0,11.0,14.0,14.0,9.0,28.0
CHEMBL349552,IC50,22.9,23.0,5.0,4.0,0.0,3.0,1.0,4.0,1.0,31.0,8.0,5.0,0.0,0.0,2.0,2.0,0.0,1.0,3.0,3.0,3.0,3.0,3.0,28.0,10.0,6.0,0.0,3.0,2.0,5.0,0.0,1.0,20.0,13.0,5.0,0.0,6.0,2.0,8.0,0.0,0.0,0.0,0.0,20.0,9.0,4.0,0.0,6.0,0.0,6.0,1.0,0.0,0.0,1.0,1.0,0.0,24.0,4.0,2.0,0.0,3.0,0.0,3.0,1.0,2.0,0.0,1.0,1.0,1.0,0.0,0.0,0.0,0.0,23.0,4.0,5.0,0.0,3.0,1.0,4.0,0.0,1.0,0.0,0.0,0.0,22.0,4.0,6.0,0.0,0.0,1.0,1.0,0.0,1.0,3.0,3.0,0.0,19.0,6.0,4.0,0.0,6.0,2.0,8.0,0.0,0.0,0.0,0.0,0.0,0.0,0.0,14.0,5.0,5.0,0.0,9.0,3.0,12.0,0.0,0.0,0.0,0.0,0.0,0.0,0.0,0.0,0.0,0.0,0.0,1.0,0.0,0.0,0.0,0.0,0.0,0.0,0.0,0.0,0.0,1.0,0.0,1.0,0.0,0.0,1.0,1.0,1.0,0.0,1.0,1.0,1.0,3.0,1.0,1.0,4.0,1.0,0.0,0.0,0.0,0.0,0.0,0.0,0.0,0.0,0.0,0.0,0.0,0.0,0.0,0.0,0.0,0.0,0.0,0.0,0.0,0.0,0.0,0.0,0.0,0.0,0.0,0.0,0.0,0.0,0.0,0.0,0.0,0.0,0.0,0.0,0.0,0.0,0.0,0.0,0.0,0.0,0.0,0.0,0.0,0.0,0.0,0.0,0.0,0.0,0.0,0.0,0.0,1.0,1.0,1.0,0.0,0.0,0.0,0.0,0.0,0.0,0.0,1.0,1.0,3.0,2.0,1.0,0.0,0.0,0.0,0.0,0.0,3.0,0.0,0.0,3.0,0.0,0.0,0.0,0.0,3.0,0.0,3.0,3.0,2.0,0.0,0.0,0.0,2.0,1.0,0.0,1.0,21.0,1.0,4.0,9.0,6.0,6.0,8.0,25.0
CHEMBL161483,IC50,48.0,24.0,2.0,8.0,0.0,2.0,0.0,2.0,1.0,32.0,4.0,10.0,0.0,4.0,0.0,4.0,0.0,1.0,0.0,0.0,0.0,0.0,0.0,29.0,6.0,12.0,0.0,5.0,0.0,5.0,0.0,1.0,20.0,8.0,15.0,0.0,3.0,0.0,3.0,0.0,1.0,1.0,1.0,23.0,6.0,9.0,0.0,0.0,0.0,0.0,0.0,2.0,2.0,0.0,2.0,0.0,24.0,4.0,7.0,0.0,1.0,0.0,1.0,0.0,4.0,1.0,0.0,1.0,1.0,0.0,0.0,0.0,0.0,24.0,3.0,10.0,0.0,2.0,0.0,2.0,0.0,2.0,0.0,0.0,0.0,26.0,2.0,7.0,0.0,3.0,0.0,3.0,0.0,0.0,0.0,0.0,2.0,22.0,3.0,10.0,0.0,4.0,0.0,4.0,0.0,0.0,0.0,0.0,1.0,0.0,0.0,18.0,4.0,13.0,0.0,3.0,0.0,3.0,0.0,0.0,0.0,0.0,0.0,2.0,2.0,1.0,1.0,0.0,0.0,1.0,0.0,0.0,0.0,0.0,0.0,0.0,0.0,0.0,4.0,1.0,0.0,1.0,0.0,0.0,1.0,0.0,1.0,0.0,1.0,0.0,0.0,2.0,3.0,1.0,8.0,1.0,2.0,0.0,0.0,0.0,1.0,0.0,0.0,0.0,0.0,1.0,0.0,0.0,0.0,0.0,0.0,0.0,0.0,0.0,0.0,2.0,0.0,0.0,0.0,0.0,0.0,0.0,0.0,0.0,0.0,0.0,0.0,0.0,0.0,0.0,0.0,0.0,0.0,0.0,0.0,0.0,0.0,0.0,0.0,0.0,0.0,0.0,0.0,0.0,0.0,0.0,0.0,0.0,0.0,1.0,0.0,0.0,0.0,0.0,0.0,0.0,0.0,3.0,3.0,2.0,2.0,1.0,0.0,0.0,0.0,0.0,0.0,5.0,0.0,0.0,0.0,0.0,2.0,0.0,1.0,0.0,0.0,0.0,0.0,2.0,0.0,0.0,0.0,2.0,0.0,0.0,0.0,18.0,0.0,4.0,10.0,11.0,11.0,10.0,22.0
CHEMBL421833,IC50,390.0,26.0,5.0,2.0,0.0,0.0,1.0,1.0,1.0,35.0,8.0,3.0,0.0,0.0,2.0,2.0,0.0,1.0,0.0,0.0,0.0,0.0,0.0,31.0,11.0,4.0,0.0,0.0,2.0,2.0,0.0,1.0,24.0,11.0,4.0,0.0,0.0,2.0,2.0,0.0,0.0,0.0,0.0,23.0,9.0,3.0,0.0,0.0,0.0,0.0,1.0,0.0,0.0,1.0,1.0,0.0,25.0,8.0,2.0,0.0,0.0,0.0,0.0,0.0,1.0,0.0,1.0,1.0,1.0,0.0,0.0,0.0,0.0,25.0,7.0,2.0,0.0,0.0,1.0,1.0,0.0,2.0,0.0,0.0,0.0,26.0,6.0,4.0,0.0,0.0,1.0,1.0,0.0,0.0,0.0,0.0,0.0,26.0,5.0,3.0,0.0,0.0,2.0,2.0,0.0,0.0,0.0,0.0,0.0,0.0,0.0,23.0,3.0,4.0,0.0,0.0,2.0,2.0,0.0,0.0,0.0,1.0,0.0,0.0,0.0,1.0,1.0,0.0,0.0,1.0,0.0,0.0,0.0,0.0,0.0,0.0,0.0,0.0,2.0,1.0,0.0,1.0,0.0,0.0,1.0,0.0,1.0,0.0,1.0,1.0,1.0,0.0,0.0,1.0,6.0,1.0,2.0,0.0,0.0,0.0,1.0,0.0,0.0,0.0,0.0,1.0,0.0,0.0,0.0,0.0,0.0,0.0,0.0,0.0,0.0,2.0,0.0,0.0,0.0,0.0,0.0,0.0,0.0,0.0,0.0,0.0,0.0,0.0,0.0,0.0,0.0,0.0,0.0,0.0,0.0,0.0,0.0,0.0,0.0,0.0,0.0,0.0,0.0,0.0,0.0,0.0,0.0,1.0,1.0,1.0,0.0,0.0,0.0,0.0,0.0,0.0,0.0,0.0,0.0,0.0,2.0,1.0,0.0,0.0,0.0,0.0,0.0,2.0,0.0,0.0,0.0,0.0,2.0,0.0,1.0,0.0,0.0,0.0,0.0,2.0,0.0,0.0,0.0,2.0,1.0,0.0,1.0,21.0,1.0,4.0,7.0,9.0,9.0,7.0,25.0
CHEMBL456738,IC50,9.0,30.0,7.0,7.0,0.0,3.0,0.0,3.0,0.0,41.0,7.0,7.0,0.0,3.0,0.0,3.0,1.0,3.0,0.0,0.0,3.0,3.0,3.0,38.0,12.0,10.0,0.0,6.0,0.0,6.0,0.0,1.0,33.0,12.0,11.0,0.0,6.0,0.0,6.0,3.0,0.0,0.0,0.0,37.0,10.0,12.0,0.0,3.0,0.0,3.0,0.0,0.0,3.0,0.0,3.0,1.0,37.0,9.0,10.0,0.0,6.0,0.0,6.0,0.0,1.0,0.0,0.0,0.0,3.0,0.0,0.0,0.0,0.0,41.0,5.0,11.0,0.0,0.0,0.0,0.0,1.0,1.0,3.0,3.0,0.0,40.0,7.0,13.0,0.0,6.0,0.0,6.0,0.0,0.0,0.0,0.0,0.0,40.0,5.0,11.0,0.0,9.0,0.0,9.0,1.0,2.0,0.0,0.0,1.0,0.0,0.0,37.0,6.0,10.0,0.0,12.0,0.0,12.0,0.0,1.0,0.0,0.0,0.0,0.0,0.0,2.0,0.0,0.0,1.0,7.0,3.0,1.0,0.0,0.0,4.0,3.0,1.0,0.0,1.0,2.0,0.0,2.0,0.0,0.0,2.0,1.0,3.0,0.0,2.0,0.0,0.0,3.0,1.0,2.0,14.0,3.0,8.0,0.0,0.0,0.0,1.0,0.0,0.0,0.0,1.0,7.0,0.0,0.0,0.0,0.0,0.0,0.0,0.0,0.0,1.0,2.0,6.0,0.0,0.0,2.0,6.0,0.0,0.0,1.0,0.0,0.0,0.0,0.0,0.0,0.0,0.0,1.0,0.0,1.0,1.0,1.0,0.0,0.0,1.0,0.0,0.0,1.0,0.0,0.0,0.0,0.0,3.0,0.0,0.0,5.0,2.0,0.0,0.0,2.0,3.0,0.0,1.0,3.0,1.0,3.0,3.0,3.0,0.0,0.0,1.0,0.0,1.0,6.0,0.0,0.0,0.0,1.0,0.0,5.0,1.0,3.0,1.0,0.0,0.0,2.0,0.0,1.0,0.0,2.0,0.0,0.0,0.0,18.0,0.0,2.0,14.0,18.0,18.0,14.0,27.0
CHEMBL3616702,IC50,39.0,33.0,5.0,5.0,0.0,3.0,0.0,3.0,1.0,45.0,10.0,5.0,0.0,3.0,0.0,3.0,0.0,1.0,0.0,0.0,3.0,3.0,3.0,44.0,13.0,8.0,0.0,6.0,0.0,6.0,0.0,0.0,40.0,14.0,5.0,0.0,6.0,0.0,6.0,3.0,0.0,0.0,0.0,44.0,12.0,7.0,0.0,6.0,0.0,6.0,0.0,1.0,0.0,0.0,0.0,0.0,48.0,10.0,6.0,0.0,3.0,0.0,3.0,0.0,0.0,3.0,0.0,3.0,2.0,3.0,0.0,0.0,0.0,48.0,4.0,6.0,0.0,9.0,0.0,9.0,1.0,1.0,3.0,3.0,0.0,43.0,4.0,8.0,0.0,9.0,0.0,9.0,1.0,1.0,0.0,0.0,0.0,42.0,6.0,9.0,0.0,6.0,0.0,6.0,0.0,0.0,0.0,0.0,0.0,0.0,0.0,38.0,5.0,8.0,0.0,9.0,0.0,9.0,0.0,0.0,0.0,0.0,0.0,0.0,0.0,0.0,0.0,0.0,0.0,3.0,0.0,0.0,0.0,0.0,1.0,0.0,1.0,1.0,2.0,1.0,0.0,1.0,0.0,0.0,1.0,1.0,2.0,0.0,2.0,2.0,0.0,3.0,1.0,1.0,8.0,2.0,2.0,0.0,0.0,0.0,0.0,0.0,0.0,0.0,1.0,1.0,0.0,0.0,0.0,0.0,0.0,0.0,0.0,0.0,1.0,0.0,0.0,0.0,0.0,0.0,0.0,0.0,0.0,0.0,0.0,0.0,0.0,0.0,0.0,0.0,0.0,1.0,0.0,1.0,1.0,1.0,0.0,0.0,1.0,0.0,0.0,1.0,0.0,0.0,0.0,0.0,1.0,0.0,0.0,2.0,1.0,0.0,0.0,1.0,0.0,0.0,0.0,2.0,1.0,3.0,1.0,1.0,0.0,0.0,1.0,0.0,0.0,4.0,0.0,0.0,0.0,0.0,1.0,1.0,0.0,3.0,0.0,0.0,0.0,2.0,0.0,1.0,0.0,2.0,0.0,1.0,2.0,27.0,2.0,2.0,10.0,9.0,9.0,9.0,30.0
CHEMBL3616584,IC50,2.0,36.0,5.0,5.0,0.0,3.0,0.0,3.0,1.0,48.0,11.0,5.0,0.0,3.0,0.0,3.0,0.0,1.0,0.0,0.0,3.0,3.0,3.0,49.0,15.0,8.0,0.0,6.0,0.0,6.0,0.0,0.0,49.0,16.0,5.0,0.0,6.0,0.0,6.0,3.0,0.0,0.0,0.0,56.0,13.0,7.0,0.0,6.0,0.0,6.0,0.0,1.0,0.0,0.0,0.0,0.0,62.0,10.0,6.0,0.0,3.0,0.0,3.0,0.0,0.0,3.0,0.0,3.0,2.0,3.0,0.0,0.0,0.0,61.0,5.0,8.0,0.0,9.0,0.0,9.0,1.0,1.0,3.0,3.0,0.0,58.0,5.0,10.0,0.0,9.0,0.0,9.0,1.0,1.0,0.0,0.0,0.0,54.0,7.0,11.0,0.0,9.0,0.0,9.0,0.0,0.0,0.0,0.0,0.0,0.0,0.0,48.0,5.0,8.0,0.0,12.0,0.0,12.0,0.0,0.0,0.0,0.0,0.0,0.0,0.0,1.0,0.0,0.0,0.0,4.0,1.0,0.0,0.0,0.0,2.0,0.0,1.0,1.0,3.0,1.0,0.0,1.0,0.0,0.0,1.0,1.0,2.0,0.0,2.0,2.0,0.0,3.0,1.0,1.0,11.0,2.0,5.0,0.0,0.0,0.0,0.0,0.0,0.0,0.0,1.0,3.0,0.0,0.0,0.0,0.0,0.0,0.0,0.0,0.0,1.0,1.0,1.0,0.0,0.0,1.0,0.0,0.0,0.0,0.0,0.0,0.0,0.0,0.0,0.0,0.0,0.0,1.0,0.0,1.0,1.0,1.0,0.0,0.0,1.0,0.0,0.0,1.0,0.0,0.0,0.0,0.0,1.0,0.0,0.0,2.0,1.0,0.0,0.0,1.0,0.0,0.0,0.0,2.0,1.0,3.0,1.0,1.0,0.0,0.0,1.0,0.0,0.0,4.0,0.0,0.0,0.0,0.0,2.0,3.0,0.0,3.0,0.0,0.0,0.0,2.0,0.0,1.0,0.0,2.0,0.0,1.0,2.0,27.0,2.0,2.0,10.0,12.0,12.0,11.0,31.0
CHEMBL3616587,IC50,4.0,37.0,5.0,5.0,0.0,3.0,0.0,3.0,0.0,52.0,7.0,5.0,0.0,3.0,0.0,3.0,0.0,1.0,0.0,0.0,3.0,3.0,3.0,55.0,9.0,8.0,0.0,6.0,0.0,6.0,0.0,0.0,56.0,9.0,6.0,0.0,6.0,0.0,6.0,2.0,0.0,0.0,0.0,63.0,6.0,7.0,0.0,6.0,0.0,6.0,0.0,1.0,0.0,0.0,0.0,0.0,65.0,7.0,6.0,0.0,6.0,0.0,6.0,0.0,0.0,0.0,0.0,0.0,2.0,3.0,0.0,0.0,0.0,64.0,2.0,8.0,0.0,9.0,0.0,9.0,1.0,1.0,3.0,3.0,0.0,59.0,5.0,11.0,0.0,9.0,0.0,9.0,0.0,0.0,0.0,0.0,0.0,56.0,5.0,11.0,0.0,9.0,0.0,9.0,0.0,0.0,0.0,0.0,0.0,0.0,0.0,49.0,4.0,8.0,0.0,12.0,0.0,12.0,0.0,0.0,0.0,0.0,0.0,0.0,0.0,1.0,0.0,0.0,0.0,4.0,1.0,0.0,0.0,0.0,2.0,0.0,1.0,1.0,3.0,1.0,0.0,1.0,0.0,0.0,1.0,1.0,2.0,0.0,2.0,2.0,0.0,3.0,1.0,1.0,11.0,2.0,5.0,0.0,0.0,0.0,0.0,0.0,0.0,0.0,1.0,3.0,0.0,0.0,0.0,0.0,0.0,0.0,0.0,0.0,1.0,1.0,1.0,0.0,0.0,1.0,0.0,0.0,0.0,0.0,0.0,0.0,0.0,0.0,0.0,0.0,0.0,1.0,0.0,1.0,1.0,1.0,0.0,0.0,1.0,0.0,0.0,1.0,0.0,0.0,0.0,0.0,1.0,0.0,0.0,2.0,1.0,0.0,0.0,1.0,0.0,0.0,0.0,2.0,1.0,3.0,1.0,1.0,0.0,0.0,1.0,0.0,0.0,4.0,0.0,0.0,0.0,0.0,2.0,3.0,0.0,3.0,0.0,0.0,0.0,2.0,0.0,1.0,0.0,2.0,0.0,0.0,1.0,27.0,1.0,2.0,10.0,12.0,12.0,11.0,32.0
CHEMBL3616678,IC50,26.0,30.0,7.0,7.0,0.0,3.0,0.0,3.0,1.0,41.0,13.0,6.0,0.0,0.0,0.0,0.0,0.0,2.0,3.0,3.0,3.0,3.0,3.0,42.0,17.0,9.0,0.0,3.0,0.0,3.0,0.0,0.0,42.0,14.0,5.0,0.0,6.0,0.0,6.0,2.0,0.0,0.0,0.0,44.0,11.0,6.0,0.0,6.0,0.0,6.0,1.0,0.0,0.0,0.0,0.0,0.0,45.0,11.0,6.0,0.0,3.0,0.0,3.0,0.0,1.0,0.0,0.0,0.0,2.0,0.0,0.0,0.0,0.0,44.0,9.0,9.0,0.0,3.0,0.0,3.0,1.0,2.0,0.0,0.0,0.0,43.0,7.0,9.0,0.0,6.0,0.0,6.0,1.0,2.0,0.0,0.0,0.0,36.0,10.0,10.0,0.0,6.0,0.0,6.0,0.0,1.0,0.0,0.0,0.0,0.0,0.0,31.0,9.0,11.0,0.0,3.0,0.0,3.0,0.0,0.0,3.0,3.0,0.0,0.0,0.0,1.0,1.0,0.0,0.0,2.0,0.0,0.0,0.0,0.0,1.0,0.0,1.0,1.0,2.0,1.0,0.0,1.0,0.0,0.0,1.0,1.0,2.0,0.0,2.0,1.0,0.0,3.0,2.0,1.0,8.0,2.0,3.0,0.0,0.0,0.0,0.0,0.0,0.0,0.0,1.0,1.0,0.0,0.0,0.0,0.0,0.0,0.0,0.0,0.0,1.0,1.0,0.0,0.0,0.0,0.0,0.0,0.0,0.0,0.0,0.0,0.0,0.0,0.0,0.0,0.0,0.0,1.0,0.0,1.0,1.0,1.0,0.0,0.0,1.0,0.0,0.0,1.0,0.0,0.0,0.0,0.0,1.0,0.0,0.0,2.0,1.0,0.0,0.0,1.0,0.0,0.0,0.0,3.0,1.0,3.0,1.0,1.0,0.0,0.0,1.0,0.0,0.0,5.0,0.0,0.0,3.0,0.0,1.0,1.0,0.0,3.0,0.0,3.0,3.0,2.0,0.0,1.0,0.0,2.0,0.0,2.0,3.0,27.0,3.0,2.0,14.0,9.0,9.0,10.0,30.0
CHEMBL3616685,IC50,40.0,33.0,8.0,6.0,0.0,3.0,0.0,3.0,1.0,46.0,13.0,7.0,0.0,0.0,0.0,0.0,0.0,1.0,3.0,3.0,3.0,3.0,3.0,48.0,15.0,10.0,0.0,3.0,0.0,3.0,0.0,1.0,45.0,14.0,8.0,0.0,6.0,0.0,6.0,3.0,0.0,0.0,0.0,46.0,12.0,9.0,0.0,6.0,0.0,6.0,0.0,0.0,0.0,0.0,0.0,0.0,49.0,11.0,8.0,0.0,3.0,0.0,3.0,0.0,1.0,0.0,0.0,0.0,2.0,0.0,0.0,0.0,0.0,50.0,7.0,12.0,0.0,3.0,0.0,3.0,2.0,1.0,0.0,0.0,0.0,48.0,7.0,10.0,0.0,6.0,0.0,6.0,2.0,2.0,0.0,0.0,0.0,44.0,11.0,10.0,0.0,6.0,0.0,6.0,0.0,1.0,0.0,0.0,0.0,0.0,0.0,42.0,9.0,10.0,0.0,3.0,0.0,3.0,0.0,0.0,3.0,3.0,0.0,0.0,0.0,1.0,1.0,0.0,0.0,2.0,0.0,0.0,0.0,0.0,1.0,0.0,1.0,1.0,3.0,1.0,0.0,1.0,0.0,0.0,1.0,1.0,3.0,0.0,3.0,1.0,0.0,3.0,1.0,1.0,10.0,3.0,3.0,0.0,0.0,0.0,0.0,0.0,0.0,0.0,1.0,1.0,0.0,0.0,0.0,0.0,0.0,0.0,0.0,0.0,1.0,1.0,0.0,0.0,0.0,0.0,0.0,0.0,0.0,0.0,0.0,0.0,0.0,0.0,0.0,0.0,0.0,1.0,0.0,1.0,1.0,1.0,0.0,0.0,1.0,0.0,0.0,1.0,0.0,0.0,0.0,0.0,1.0,0.0,0.0,4.0,2.0,0.0,0.0,1.0,2.0,0.0,0.0,2.0,1.0,3.0,2.0,1.0,0.0,0.0,1.0,0.0,0.0,5.0,0.0,0.0,3.0,0.0,1.0,1.0,0.0,3.0,0.0,3.0,3.0,2.0,0.0,1.0,0.0,6.0,0.0,1.0,2.0,27.0,2.0,6.0,14.0,10.0,10.0,12.0,33.0
CHEMBL1644194,IC50,1200.0,26.0,5.0,5.0,2.0,3.0,0.0,3.0,1.0,34.0,10.0,9.0,2.0,0.0,0.0,0.0,0.0,1.0,3.0,3.0,3.0,3.0,3.0,33.0,12.0,11.0,2.0,3.0,0.0,3.0,0.0,0.0,29.0,14.0,8.0,1.0,6.0,0.0,6.0,2.0,0.0,0.0,0.0,33.0,10.0,7.0,1.0,6.0,0.0,6.0,0.0,0.0,0.0,0.0,0.0,0.0,37.0,5.0,6.0,1.0,3.0,0.0,3.0,0.0,1.0,0.0,0.0,0.0,2.0,0.0,0.0,0.0,0.0,38.0,3.0,7.0,2.0,3.0,0.0,3.0,1.0,4.0,0.0,0.0,0.0,34.0,4.0,11.0,2.0,3.0,0.0,3.0,1.0,3.0,3.0,3.0,0.0,25.0,5.0,12.0,4.0,3.0,0.0,3.0,0.0,0.0,3.0,3.0,0.0,0.0,0.0,21.0,5.0,17.0,4.0,6.0,0.0,6.0,0.0,0.0,0.0,0.0,0.0,0.0,0.0,0.0,0.0,0.0,0.0,3.0,0.0,0.0,0.0,0.0,1.0,0.0,1.0,1.0,1.0,1.0,0.0,1.0,0.0,0.0,1.0,1.0,2.0,0.0,3.0,0.0,0.0,3.0,1.0,1.0,7.0,2.0,2.0,0.0,0.0,0.0,0.0,0.0,0.0,0.0,1.0,1.0,0.0,0.0,0.0,0.0,0.0,0.0,0.0,0.0,1.0,0.0,0.0,0.0,0.0,0.0,0.0,0.0,0.0,0.0,0.0,0.0,0.0,0.0,0.0,0.0,0.0,1.0,0.0,1.0,1.0,1.0,0.0,0.0,1.0,0.0,0.0,1.0,0.0,0.0,0.0,0.0,1.0,0.0,0.0,2.0,1.0,0.0,0.0,1.0,0.0,0.0,0.0,2.0,1.0,3.0,1.0,1.0,0.0,0.0,1.0,0.0,0.0,6.0,0.0,0.0,3.0,0.0,0.0,1.0,0.0,3.0,0.0,3.0,3.0,2.0,0.0,1.0,0.0,2.0,0.0,1.0,2.0,23.0,2.0,6.0,12.0,8.0,8.0,10.0,27.0
CHEMBL153641,IC50,7.9,29.0,8.0,3.0,0.0,1.0,1.0,2.0,1.0,39.0,11.0,4.0,0.0,2.0,2.0,4.0,0.0,2.0,0.0,0.0,0.0,0.0,0.0,41.0,9.0,7.0,0.0,2.0,2.0,4.0,1.0,1.0,30.0,14.0,8.0,0.0,3.0,2.0,5.0,0.0,0.0,0.0,0.0,26.0,15.0,6.0,0.0,2.0,0.0,2.0,0.0,1.0,0.0,1.0,1.0,0.0,26.0,12.0,6.0,0.0,0.0,0.0,0.0,0.0,1.0,1.0,1.0,2.0,1.0,0.0,0.0,0.0,0.0,30.0,8.0,7.0,0.0,1.0,1.0,2.0,0.0,1.0,0.0,0.0,0.0,33.0,4.0,6.0,0.0,1.0,1.0,2.0,1.0,1.0,0.0,0.0,0.0,31.0,5.0,4.0,0.0,1.0,2.0,3.0,1.0,1.0,0.0,0.0,0.0,0.0,0.0,28.0,7.0,4.0,0.0,2.0,3.0,5.0,0.0,0.0,0.0,0.0,0.0,0.0,0.0,0.0,0.0,0.0,0.0,5.0,0.0,0.0,0.0,0.0,2.0,0.0,0.0,1.0,0.0,1.0,0.0,1.0,0.0,0.0,1.0,0.0,2.0,0.0,0.0,1.0,1.0,1.0,0.0,1.0,8.0,2.0,3.0,1.0,0.0,0.0,0.0,0.0,0.0,0.0,1.0,0.0,0.0,0.0,0.0,0.0,0.0,0.0,0.0,0.0,0.0,1.0,0.0,0.0,0.0,0.0,0.0,0.0,0.0,0.0,0.0,0.0,0.0,0.0,0.0,0.0,0.0,0.0,0.0,0.0,0.0,5.0,3.0,3.0,8.0,2.0,0.0,2.0,4.0,0.0,0.0,0.0,0.0,1.0,1.0,6.0,4.0,2.0,0.0,2.0,2.0,0.0,0.0,0.0,0.0,1.0,4.0,2.0,0.0,0.0,0.0,2.0,0.0,3.0,0.0,0.0,0.0,0.0,0.0,1.0,0.0,0.0,0.0,0.0,0.0,3.0,0.0,0.0,0.0,2.0,1.0,0.0,0.0,22.0,2.0,4.0,11.0,12.0,12.0,8.0,28.0
CHEMBL358250,IC50,120.0,25.0,2.0,1.0,0.0,1.0,0.0,1.0,0.0,32.0,4.0,2.0,0.0,2.0,0.0,2.0,0.0,0.0,0.0,0.0,0.0,0.0,0.0,35.0,7.0,2.0,0.0,2.0,0.0,2.0,0.0,0.0,44.0,3.0,3.0,0.0,1.0,0.0,1.0,1.0,0.0,0.0,0.0,47.0,3.0,6.0,0.0,1.0,0.0,1.0,0.0,0.0,0.0,0.0,0.0,0.0,43.0,3.0,4.0,0.0,2.0,0.0,2.0,0.0,0.0,0.0,0.0,0.0,0.0,0.0,0.0,0.0,0.0,31.0,2.0,4.0,0.0,4.0,0.0,4.0,0.0,0.0,0.0,0.0,0.0,20.0,1.0,1.0,0.0,4.0,0.0,4.0,0.0,0.0,1.0,1.0,0.0,13.0,0.0,1.0,0.0,5.0,0.0,5.0,0.0,0.0,0.0,0.0,0.0,0.0,0.0,7.0,0.0,1.0,0.0,1.0,0.0,1.0,0.0,0.0,0.0,0.0,0.0,0.0,0.0,3.0,3.0,0.0,0.0,5.0,0.0,0.0,0.0,0.0,4.0,3.0,0.0,0.0,6.0,0.0,0.0,0.0,0.0,0.0,1.0,0.0,0.0,0.0,1.0,0.0,0.0,1.0,0.0,1.0,14.0,0.0,10.0,0.0,0.0,0.0,0.0,0.0,0.0,0.0,0.0,6.0,0.0,0.0,0.0,0.0,0.0,0.0,0.0,0.0,0.0,0.0,3.0,0.0,0.0,0.0,2.0,0.0,0.0,1.0,0.0,0.0,0.0,0.0,0.0,0.0,0.0,0.0,0.0,0.0,0.0,0.0,0.0,0.0,0.0,0.0,0.0,0.0,0.0,0.0,0.0,0.0,1.0,0.0,0.0,0.0,0.0,0.0,0.0,0.0,0.0,0.0,0.0,1.0,0.0,1.0,0.0,0.0,0.0,0.0,0.0,0.0,0.0,1.0,0.0,0.0,0.0,0.0,6.0,5.0,2.0,0.0,1.0,0.0,0.0,0.0,0.0,0.0,0.0,0.0,0.0,1.0,1.0,12.0,1.0,0.0,3.0,15.0,15.0,8.0,14.0
CHEMBL2111214,IC50,21.2,24.0,4.0,5.0,0.0,3.0,1.0,4.0,1.0,30.0,7.0,6.0,0.0,3.0,2.0,5.0,0.0,2.0,0.0,0.0,3.0,3.0,3.0,26.0,9.0,9.0,0.0,6.0,2.0,8.0,0.0,1.0,18.0,10.0,8.0,0.0,6.0,2.0,8.0,2.0,0.0,0.0,0.0,16.0,11.0,8.0,0.0,3.0,0.0,3.0,0.0,1.0,0.0,1.0,1.0,0.0,19.0,5.0,7.0,0.0,3.0,0.0,3.0,1.0,1.0,0.0,1.0,1.0,2.0,0.0,0.0,0.0,0.0,23.0,2.0,7.0,0.0,3.0,1.0,4.0,1.0,1.0,0.0,0.0,1.0,23.0,4.0,7.0,0.0,3.0,1.0,4.0,0.0,1.0,0.0,0.0,0.0,22.0,3.0,5.0,0.0,0.0,2.0,2.0,0.0,2.0,3.0,3.0,0.0,3.0,3.0,18.0,4.0,7.0,0.0,3.0,2.0,5.0,0.0,0.0,0.0,0.0,0.0,0.0,1.0,0.0,0.0,0.0,0.0,2.0,0.0,0.0,0.0,0.0,1.0,0.0,0.0,1.0,1.0,2.0,0.0,2.0,0.0,0.0,1.0,1.0,2.0,0.0,1.0,2.0,1.0,3.0,1.0,1.0,7.0,2.0,2.0,1.0,0.0,0.0,0.0,0.0,0.0,0.0,1.0,1.0,1.0,0.0,0.0,0.0,0.0,0.0,0.0,0.0,1.0,1.0,0.0,0.0,0.0,1.0,0.0,0.0,0.0,0.0,0.0,0.0,0.0,0.0,0.0,0.0,0.0,1.0,0.0,0.0,0.0,1.0,0.0,0.0,0.0,0.0,0.0,0.0,0.0,0.0,0.0,0.0,0.0,1.0,1.0,2.0,0.0,0.0,0.0,0.0,1.0,0.0,0.0,1.0,1.0,3.0,3.0,2.0,0.0,0.0,0.0,0.0,0.0,4.0,1.0,0.0,0.0,0.0,0.0,2.0,0.0,3.0,0.0,0.0,0.0,3.0,0.0,1.0,0.0,2.0,1.0,0.0,0.0,18.0,0.0,4.0,9.0,10.0,10.0,11.0,24.0
CHEMBL220184,IC50,571.0,26.0,7.0,6.0,0.0,3.0,0.0,3.0,0.0,33.0,7.0,5.0,0.0,0.0,0.0,0.0,1.0,3.0,3.0,3.0,3.0,3.0,3.0,31.0,12.0,10.0,0.0,3.0,0.0,3.0,0.0,0.0,27.0,11.0,9.0,0.0,6.0,0.0,6.0,2.0,0.0,0.0,0.0,29.0,9.0,10.0,0.0,6.0,0.0,6.0,0.0,1.0,0.0,0.0,0.0,0.0,32.0,9.0,8.0,0.0,3.0,0.0,3.0,0.0,0.0,0.0,0.0,0.0,2.0,0.0,0.0,0.0,0.0,39.0,2.0,6.0,0.0,0.0,0.0,0.0,1.0,2.0,3.0,3.0,1.0,31.0,7.0,12.0,0.0,3.0,0.0,3.0,0.0,0.0,0.0,0.0,0.0,31.0,3.0,7.0,0.0,0.0,0.0,0.0,1.0,2.0,3.0,3.0,1.0,3.0,3.0,26.0,5.0,10.0,0.0,6.0,0.0,6.0,0.0,0.0,0.0,0.0,0.0,0.0,0.0,1.0,0.0,0.0,0.0,8.0,2.0,0.0,0.0,0.0,3.0,0.0,1.0,1.0,0.0,2.0,0.0,2.0,0.0,0.0,1.0,1.0,3.0,0.0,2.0,0.0,0.0,3.0,1.0,1.0,16.0,3.0,11.0,0.0,0.0,1.0,0.0,1.0,1.0,0.0,1.0,8.0,0.0,0.0,0.0,0.0,0.0,0.0,2.0,2.0,1.0,0.0,6.0,0.0,0.0,0.0,6.0,0.0,0.0,1.0,0.0,0.0,0.0,1.0,2.0,2.0,2.0,3.0,2.0,3.0,1.0,3.0,2.0,0.0,5.0,0.0,0.0,3.0,0.0,0.0,0.0,0.0,1.0,0.0,0.0,6.0,4.0,0.0,2.0,3.0,1.0,0.0,0.0,2.0,1.0,3.0,3.0,3.0,0.0,0.0,1.0,0.0,0.0,5.0,0.0,0.0,3.0,0.0,0.0,6.0,0.0,3.0,0.0,3.0,3.0,2.0,0.0,1.0,0.0,2.0,0.0,0.0,0.0,12.0,0.0,2.0,13.0,19.0,19.0,13.0,24.0
CHEMBL160135,IC50,5200.0,25.0,3.0,7.0,0.0,0.0,1.0,1.0,0.0,34.0,3.0,9.0,0.0,0.0,2.0,2.0,1.0,0.0,0.0,0.0,0.0,0.0,0.0,32.0,6.0,10.0,0.0,0.0,2.0,2.0,0.0,0.0,24.0,7.0,12.0,0.0,0.0,2.0,2.0,0.0,0.0,0.0,1.0,26.0,5.0,9.0,0.0,0.0,0.0,0.0,0.0,0.0,0.0,2.0,2.0,0.0,27.0,3.0,6.0,0.0,0.0,1.0,1.0,0.0,4.0,0.0,0.0,0.0,0.0,0.0,0.0,0.0,0.0,25.0,4.0,9.0,0.0,0.0,1.0,1.0,0.0,1.0,0.0,0.0,0.0,27.0,2.0,6.0,0.0,0.0,1.0,1.0,0.0,2.0,0.0,0.0,0.0,24.0,3.0,8.0,0.0,0.0,2.0,2.0,0.0,1.0,0.0,0.0,0.0,0.0,0.0,20.0,3.0,12.0,0.0,0.0,2.0,2.0,0.0,0.0,0.0,0.0,0.0,0.0,0.0,1.0,1.0,0.0,0.0,3.0,0.0,0.0,0.0,0.0,1.0,0.0,0.0,0.0,4.0,0.0,0.0,0.0,0.0,1.0,1.0,0.0,0.0,0.0,1.0,1.0,1.0,0.0,3.0,1.0,9.0,0.0,3.0,0.0,0.0,0.0,1.0,0.0,0.0,0.0,0.0,1.0,0.0,0.0,0.0,0.0,0.0,0.0,0.0,0.0,0.0,3.0,0.0,0.0,0.0,0.0,0.0,0.0,0.0,0.0,0.0,0.0,0.0,0.0,0.0,0.0,0.0,0.0,0.0,0.0,0.0,1.0,0.0,0.0,0.0,0.0,0.0,0.0,0.0,0.0,0.0,0.0,0.0,1.0,1.0,2.0,0.0,0.0,0.0,0.0,0.0,0.0,0.0,3.0,3.0,0.0,2.0,0.0,0.0,0.0,0.0,0.0,0.0,4.0,0.0,0.0,0.0,0.0,2.0,1.0,1.0,0.0,0.0,0.0,0.0,1.0,0.0,0.0,0.0,0.0,1.0,0.0,0.0,18.0,0.0,2.0,10.0,12.0,12.0,10.0,20.0
CHEMBL347370,IC50,30000.0,25.0,2.0,8.0,0.0,0.0,1.0,1.0,1.0,33.0,4.0,10.0,0.0,0.0,2.0,2.0,0.0,1.0,0.0,0.0,0.0,0.0,0.0,29.0,6.0,15.0,0.0,0.0,2.0,2.0,0.0,1.0,21.0,8.0,16.0,0.0,0.0,2.0,2.0,0.0,0.0,0.0,2.0,22.0,7.0,12.0,0.0,0.0,0.0,0.0,0.0,1.0,0.0,1.0,1.0,2.0,24.0,4.0,9.0,0.0,0.0,0.0,0.0,0.0,5.0,0.0,1.0,1.0,1.0,0.0,0.0,0.0,0.0,25.0,2.0,11.0,0.0,0.0,1.0,1.0,0.0,4.0,0.0,0.0,0.0,25.0,2.0,12.0,0.0,0.0,1.0,1.0,0.0,0.0,0.0,0.0,1.0,23.0,3.0,10.0,0.0,0.0,2.0,2.0,0.0,0.0,0.0,0.0,3.0,0.0,0.0,19.0,4.0,15.0,0.0,0.0,2.0,2.0,0.0,0.0,0.0,0.0,0.0,0.0,0.0,1.0,1.0,0.0,0.0,1.0,0.0,0.0,0.0,0.0,0.0,0.0,0.0,0.0,3.0,1.0,0.0,1.0,0.0,0.0,2.0,0.0,2.0,0.0,1.0,1.0,1.0,0.0,2.0,2.0,8.0,2.0,2.0,0.0,0.0,0.0,1.0,0.0,0.0,0.0,0.0,1.0,0.0,0.0,0.0,0.0,0.0,0.0,0.0,0.0,0.0,2.0,0.0,0.0,0.0,0.0,0.0,0.0,0.0,0.0,0.0,0.0,0.0,0.0,0.0,0.0,0.0,0.0,0.0,0.0,0.0,0.0,0.0,0.0,0.0,0.0,0.0,0.0,0.0,0.0,0.0,0.0,0.0,1.0,1.0,1.0,0.0,0.0,0.0,0.0,0.0,0.0,0.0,3.0,2.0,0.0,2.0,1.0,0.0,0.0,0.0,0.0,0.0,6.0,0.0,0.0,0.0,0.0,2.0,0.0,1.0,0.0,0.0,0.0,0.0,3.0,0.0,0.0,0.0,4.0,1.0,0.0,0.0,18.0,0.0,6.0,10.0,11.0,11.0,10.0,23.0
CHEMBL502203,IC50,32.0,26.0,10.0,4.0,0.0,3.0,0.0,3.0,3.0,41.0,10.0,3.0,0.0,0.0,0.0,0.0,6.0,3.0,3.0,3.0,3.0,3.0,3.0,41.0,14.0,9.0,0.0,3.0,0.0,3.0,2.0,0.0,36.0,15.0,9.0,0.0,6.0,0.0,6.0,2.0,0.0,0.0,0.0,35.0,15.0,7.0,0.0,6.0,0.0,6.0,0.0,3.0,0.0,0.0,0.0,0.0,37.0,18.0,7.0,0.0,3.0,0.0,3.0,0.0,0.0,0.0,0.0,0.0,0.0,0.0,0.0,0.0,0.0,45.0,8.0,3.0,0.0,0.0,0.0,0.0,1.0,2.0,3.0,3.0,1.0,33.0,12.0,9.0,0.0,6.0,0.0,6.0,0.0,0.0,0.0,0.0,0.0,34.0,5.0,6.0,0.0,3.0,0.0,3.0,3.0,2.0,3.0,3.0,1.0,3.0,3.0,29.0,9.0,9.0,0.0,6.0,0.0,6.0,2.0,0.0,0.0,0.0,0.0,0.0,0.0,1.0,0.0,0.0,0.0,7.0,2.0,0.0,0.0,0.0,3.0,0.0,0.0,0.0,3.0,1.0,0.0,1.0,0.0,0.0,0.0,3.0,2.0,0.0,2.0,0.0,0.0,3.0,1.0,0.0,16.0,2.0,12.0,0.0,0.0,6.0,0.0,3.0,3.0,0.0,0.0,17.0,0.0,0.0,0.0,2.0,14.0,10.0,6.0,6.0,0.0,0.0,18.0,0.0,0.0,0.0,18.0,0.0,0.0,15.0,13.0,18.0,10.0,9.0,6.0,4.0,4.0,4.0,3.0,4.0,0.0,4.0,3.0,0.0,7.0,0.0,0.0,4.0,0.0,0.0,0.0,0.0,0.0,0.0,0.0,6.0,4.0,0.0,6.0,3.0,2.0,0.0,0.0,1.0,1.0,3.0,3.0,3.0,0.0,0.0,0.0,0.0,0.0,3.0,0.0,0.0,3.0,0.0,3.0,5.0,1.0,3.0,0.0,3.0,3.0,1.0,0.0,1.0,0.0,2.0,0.0,3.0,4.0,17.0,6.0,2.0,14.0,19.0,19.0,9.0,23.0
CHEMBL488682,IC50,14.0,26.0,10.0,4.0,0.0,0.0,0.0,0.0,0.0,39.0,9.0,5.0,0.0,0.0,0.0,0.0,3.0,1.0,0.0,0.0,0.0,0.0,0.0,33.0,19.0,5.0,0.0,0.0,0.0,0.0,0.0,1.0,33.0,15.0,4.0,0.0,0.0,0.0,0.0,2.0,0.0,0.0,0.0,35.0,13.0,5.0,0.0,0.0,0.0,0.0,0.0,0.0,0.0,0.0,0.0,1.0,40.0,11.0,5.0,0.0,0.0,0.0,0.0,0.0,0.0,0.0,0.0,0.0,2.0,0.0,0.0,0.0,0.0,44.0,4.0,6.0,0.0,0.0,0.0,0.0,1.0,1.0,0.0,0.0,0.0,33.0,11.0,7.0,0.0,0.0,0.0,0.0,0.0,0.0,0.0,0.0,0.0,36.0,3.0,5.0,0.0,0.0,0.0,0.0,2.0,2.0,0.0,0.0,0.0,0.0,0.0,24.0,8.0,7.0,0.0,0.0,0.0,0.0,0.0,1.0,0.0,0.0,0.0,0.0,0.0,3.0,0.0,0.0,1.0,6.0,5.0,1.0,0.0,0.0,2.0,0.0,1.0,0.0,4.0,1.0,0.0,1.0,0.0,0.0,2.0,1.0,2.0,0.0,1.0,0.0,0.0,0.0,0.0,2.0,16.0,2.0,12.0,0.0,0.0,5.0,0.0,1.0,0.0,0.0,1.0,15.0,0.0,0.0,0.0,2.0,11.0,7.0,2.0,0.0,1.0,0.0,14.0,0.0,0.0,0.0,14.0,0.0,0.0,9.0,0.0,7.0,3.0,0.0,4.0,2.0,0.0,3.0,0.0,1.0,1.0,3.0,0.0,0.0,3.0,0.0,0.0,1.0,0.0,0.0,0.0,0.0,3.0,0.0,0.0,4.0,2.0,0.0,1.0,1.0,0.0,0.0,1.0,2.0,0.0,0.0,2.0,1.0,0.0,0.0,1.0,0.0,1.0,4.0,0.0,0.0,0.0,1.0,3.0,4.0,1.0,0.0,1.0,0.0,0.0,2.0,0.0,1.0,0.0,2.0,0.0,1.0,2.0,15.0,2.0,2.0,14.0,20.0,20.0,10.0,22.0
CHEMBL3616588,IC50,1.0,35.0,5.0,7.0,0.0,6.0,0.0,6.0,1.0,47.0,11.0,7.0,0.0,3.0,0.0,3.0,0.0,1.0,3.0,3.0,6.0,6.0,6.0,49.0,15.0,10.0,0.0,9.0,0.0,9.0,0.0,0.0,50.0,16.0,6.0,0.0,12.0,0.0,12.0,3.0,0.0,0.0,0.0,56.0,13.0,8.0,0.0,12.0,0.0,12.0,0.0,1.0,0.0,0.0,0.0,0.0,61.0,10.0,8.0,0.0,6.0,0.0,6.0,0.0,0.0,3.0,0.0,3.0,2.0,3.0,0.0,0.0,0.0,61.0,5.0,10.0,0.0,12.0,0.0,12.0,1.0,1.0,3.0,3.0,0.0,59.0,4.0,11.0,0.0,15.0,0.0,15.0,1.0,2.0,0.0,0.0,0.0,53.0,7.0,13.0,0.0,15.0,0.0,15.0,0.0,1.0,0.0,0.0,0.0,0.0,0.0,47.0,6.0,11.0,0.0,15.0,0.0,15.0,0.0,0.0,3.0,3.0,0.0,0.0,0.0,1.0,0.0,0.0,0.0,4.0,1.0,0.0,0.0,0.0,2.0,0.0,1.0,1.0,2.0,1.0,0.0,1.0,0.0,0.0,1.0,2.0,2.0,0.0,2.0,2.0,0.0,6.0,2.0,1.0,11.0,2.0,5.0,0.0,0.0,0.0,0.0,0.0,0.0,0.0,1.0,3.0,0.0,0.0,0.0,0.0,0.0,0.0,0.0,0.0,1.0,1.0,1.0,0.0,0.0,1.0,0.0,0.0,0.0,0.0,0.0,0.0,0.0,0.0,0.0,0.0,0.0,1.0,0.0,1.0,1.0,1.0,0.0,0.0,1.0,0.0,0.0,1.0,0.0,0.0,0.0,0.0,1.0,0.0,0.0,2.0,1.0,0.0,0.0,1.0,0.0,0.0,0.0,3.0,2.0,6.0,1.0,1.0,0.0,0.0,1.0,0.0,0.0,5.0,0.0,0.0,3.0,0.0,1.0,3.0,0.0,6.0,0.0,3.0,3.0,2.0,0.0,1.0,0.0,2.0,0.0,1.0,2.0,27.0,2.0,2.0,12.0,11.0,11.0,13.0,32.0
CHEMBL346801,IC50,27.7,27.0,4.0,6.0,0.0,3.0,1.0,4.0,1.0,35.0,6.0,8.0,0.0,0.0,2.0,2.0,0.0,1.0,3.0,3.0,3.0,3.0,3.0,33.0,8.0,9.0,0.0,3.0,2.0,5.0,0.0,2.0,23.0,12.0,9.0,0.0,6.0,2.0,8.0,0.0,0.0,0.0,0.0,20.0,12.0,7.0,0.0,6.0,0.0,6.0,0.0,0.0,0.0,1.0,1.0,0.0,21.0,8.0,4.0,0.0,3.0,0.0,3.0,0.0,3.0,0.0,1.0,1.0,1.0,0.0,0.0,0.0,0.0,23.0,6.0,6.0,0.0,3.0,1.0,4.0,0.0,2.0,0.0,0.0,0.0,28.0,4.0,7.0,0.0,0.0,1.0,1.0,0.0,0.0,3.0,3.0,0.0,33.0,1.0,3.0,0.0,3.0,2.0,5.0,1.0,0.0,0.0,0.0,2.0,0.0,0.0,29.0,1.0,7.0,0.0,3.0,3.0,6.0,1.0,0.0,0.0,0.0,0.0,0.0,0.0,0.0,0.0,0.0,0.0,3.0,0.0,0.0,0.0,0.0,1.0,0.0,2.0,0.0,0.0,2.0,0.0,1.0,0.0,0.0,1.0,1.0,1.0,0.0,1.0,1.0,1.0,3.0,2.0,1.0,6.0,1.0,1.0,0.0,0.0,0.0,0.0,0.0,0.0,0.0,0.0,0.0,0.0,0.0,0.0,0.0,0.0,0.0,0.0,0.0,0.0,0.0,0.0,0.0,0.0,0.0,0.0,0.0,0.0,0.0,0.0,0.0,0.0,0.0,0.0,0.0,0.0,0.0,0.0,0.0,0.0,1.0,0.0,0.0,1.0,0.0,0.0,0.0,0.0,0.0,0.0,0.0,1.0,1.0,1.0,3.0,1.0,0.0,0.0,0.0,0.0,0.0,1.0,2.0,2.0,3.0,3.0,1.0,0.0,0.0,0.0,0.0,1.0,4.0,0.0,0.0,3.0,0.0,0.0,0.0,0.0,3.0,0.0,3.0,3.0,2.0,0.0,0.0,0.0,2.0,1.0,0.0,0.0,22.0,0.0,4.0,10.0,9.0,9.0,12.0,27.0
CHEMBL407028,IC50,7.6,29.0,9.0,2.0,0.0,6.0,0.0,6.0,3.0,44.0,9.0,1.0,0.0,6.0,0.0,6.0,6.0,3.0,0.0,0.0,6.0,6.0,6.0,40.0,14.0,6.0,0.0,12.0,0.0,12.0,2.0,0.0,36.0,18.0,8.0,0.0,12.0,0.0,12.0,2.0,0.0,0.0,0.0,34.0,17.0,9.0,0.0,12.0,0.0,12.0,0.0,2.0,6.0,0.0,6.0,0.0,35.0,20.0,8.0,0.0,6.0,0.0,6.0,0.0,0.0,0.0,0.0,0.0,0.0,0.0,9.0,9.0,9.0,48.0,10.0,2.0,0.0,0.0,0.0,0.0,1.0,1.0,6.0,6.0,0.0,45.0,15.0,6.0,0.0,12.0,0.0,12.0,0.0,0.0,0.0,0.0,0.0,45.0,6.0,2.0,0.0,24.0,0.0,24.0,3.0,2.0,0.0,0.0,1.0,0.0,0.0,31.0,8.0,4.0,0.0,30.0,0.0,30.0,2.0,0.0,0.0,0.0,0.0,0.0,0.0,3.0,0.0,0.0,0.0,6.0,5.0,0.0,0.0,0.0,3.0,0.0,0.0,0.0,3.0,2.0,0.0,2.0,0.0,0.0,0.0,3.0,2.0,0.0,0.0,1.0,0.0,6.0,0.0,0.0,17.0,2.0,12.0,0.0,0.0,5.0,0.0,1.0,1.0,0.0,0.0,15.0,0.0,0.0,0.0,2.0,11.0,7.0,2.0,2.0,0.0,2.0,14.0,0.0,0.0,1.0,14.0,0.0,0.0,9.0,6.0,7.0,3.0,7.0,4.0,2.0,2.0,3.0,3.0,3.0,0.0,3.0,3.0,2.0,6.0,0.0,0.0,3.0,2.0,0.0,0.0,0.0,0.0,0.0,0.0,5.0,3.0,0.0,2.0,2.0,1.0,0.0,0.0,0.0,0.0,6.0,3.0,3.0,0.0,0.0,0.0,0.0,0.0,2.0,0.0,0.0,0.0,0.0,3.0,6.0,1.0,6.0,0.0,0.0,0.0,1.0,0.0,1.0,0.0,2.0,0.0,3.0,4.0,17.0,4.0,2.0,11.0,22.0,22.0,11.0,25.0
CHEMBL3616674,IC50,7.0,32.0,5.0,5.0,0.0,6.0,0.0,6.0,1.0,42.0,11.0,5.0,0.0,6.0,0.0,6.0,0.0,1.0,3.0,3.0,3.0,3.0,3.0,43.0,14.0,7.0,0.0,10.0,0.0,10.0,0.0,0.0,41.0,14.0,4.0,0.0,12.0,0.0,12.0,2.0,1.0,1.0,0.0,45.0,10.0,5.0,0.0,10.0,0.0,10.0,0.0,0.0,3.0,0.0,3.0,0.0,47.0,8.0,5.0,0.0,10.0,0.0,10.0,0.0,0.0,2.0,0.0,2.0,2.0,0.0,0.0,0.0,0.0,46.0,5.0,7.0,0.0,12.0,0.0,12.0,1.0,1.0,0.0,0.0,0.0,44.0,3.0,6.0,0.0,15.0,0.0,15.0,1.0,2.0,0.0,0.0,0.0,37.0,6.0,7.0,0.0,16.0,0.0,16.0,0.0,1.0,0.0,0.0,0.0,0.0,0.0,31.0,6.0,8.0,0.0,14.0,0.0,14.0,0.0,0.0,3.0,3.0,0.0,0.0,0.0,1.0,1.0,0.0,0.0,2.0,0.0,0.0,0.0,0.0,1.0,0.0,1.0,1.0,1.0,1.0,0.0,1.0,0.0,0.0,1.0,1.0,2.0,0.0,2.0,1.0,0.0,6.0,1.0,1.0,7.0,2.0,3.0,0.0,0.0,0.0,0.0,0.0,0.0,0.0,1.0,1.0,0.0,0.0,0.0,0.0,0.0,0.0,0.0,0.0,1.0,1.0,0.0,0.0,0.0,0.0,0.0,0.0,0.0,0.0,0.0,0.0,0.0,0.0,0.0,0.0,0.0,1.0,0.0,1.0,1.0,1.0,0.0,0.0,1.0,0.0,0.0,1.0,0.0,0.0,0.0,0.0,1.0,0.0,0.0,2.0,1.0,0.0,0.0,1.0,0.0,0.0,0.0,2.0,1.0,6.0,1.0,1.0,0.0,0.0,1.0,0.0,0.0,4.0,0.0,0.0,3.0,0.0,1.0,1.0,0.0,3.0,0.0,3.0,3.0,2.0,0.0,1.0,0.0,2.0,0.0,1.0,2.0,27.0,2.0,2.0,10.0,8.0,8.0,9.0,31.0
CHEMBL3616682,IC50,4.0,32.0,5.0,5.0,0.0,4.0,1.0,5.0,1.0,42.0,11.0,5.0,0.0,2.0,2.0,4.0,0.0,1.0,3.0,3.0,3.0,3.0,3.0,43.0,14.0,7.0,0.0,5.0,2.0,7.0,0.0,0.0,41.0,14.0,4.0,0.0,8.0,1.0,9.0,2.0,0.0,0.0,0.0,45.0,10.0,5.0,0.0,7.0,1.0,8.0,0.0,0.0,1.0,0.0,1.0,0.0,47.0,8.0,5.0,0.0,5.0,1.0,6.0,0.0,0.0,1.0,1.0,2.0,2.0,0.0,0.0,0.0,0.0,46.0,5.0,7.0,0.0,6.0,2.0,8.0,1.0,1.0,0.0,1.0,0.0,44.0,3.0,6.0,0.0,9.0,3.0,12.0,1.0,2.0,0.0,0.0,0.0,37.0,6.0,7.0,0.0,9.0,3.0,12.0,0.0,1.0,0.0,0.0,0.0,0.0,0.0,31.0,6.0,8.0,0.0,7.0,3.0,10.0,0.0,0.0,3.0,3.0,0.0,0.0,0.0,1.0,1.0,0.0,0.0,2.0,0.0,0.0,0.0,0.0,1.0,0.0,1.0,1.0,1.0,1.0,0.0,1.0,0.0,0.0,1.0,1.0,2.0,0.0,2.0,2.0,1.0,4.0,1.0,1.0,7.0,2.0,3.0,0.0,0.0,0.0,0.0,0.0,0.0,0.0,1.0,1.0,0.0,0.0,0.0,0.0,0.0,0.0,0.0,0.0,1.0,1.0,0.0,0.0,0.0,0.0,0.0,0.0,0.0,0.0,0.0,0.0,0.0,0.0,0.0,0.0,0.0,1.0,0.0,1.0,1.0,1.0,0.0,0.0,1.0,0.0,0.0,1.0,0.0,0.0,0.0,0.0,1.0,1.0,1.0,2.0,1.0,0.0,0.0,1.0,0.0,0.0,0.0,2.0,1.0,4.0,1.0,1.0,0.0,0.0,1.0,0.0,0.0,4.0,0.0,0.0,3.0,0.0,1.0,1.0,0.0,3.0,0.0,3.0,3.0,2.0,0.0,1.0,0.0,2.0,1.0,1.0,2.0,27.0,2.0,2.0,10.0,8.0,8.0,9.0,31.0
CHEMBL3616693,IC50,0.8,36.0,5.0,7.0,0.0,6.0,0.0,6.0,1.0,48.0,11.0,7.0,0.0,3.0,0.0,3.0,0.0,1.0,3.0,3.0,6.0,6.0,6.0,50.0,15.0,10.0,0.0,9.0,0.0,9.0,0.0,0.0,51.0,16.0,6.0,0.0,12.0,0.0,12.0,3.0,0.0,0.0,0.0,57.0,14.0,8.0,0.0,12.0,0.0,12.0,0.0,1.0,0.0,0.0,0.0,0.0,64.0,11.0,8.0,0.0,6.0,0.0,6.0,0.0,0.0,3.0,0.0,3.0,2.0,3.0,0.0,0.0,0.0,66.0,5.0,10.0,0.0,12.0,0.0,12.0,1.0,1.0,3.0,3.0,0.0,63.0,4.0,11.0,0.0,15.0,0.0,15.0,1.0,2.0,0.0,0.0,0.0,58.0,7.0,13.0,0.0,15.0,0.0,15.0,0.0,1.0,0.0,0.0,0.0,0.0,0.0,51.0,7.0,13.0,0.0,15.0,0.0,15.0,0.0,0.0,3.0,3.0,0.0,0.0,0.0,1.0,0.0,0.0,0.0,5.0,1.0,0.0,0.0,0.0,3.0,1.0,1.0,1.0,2.0,1.0,0.0,1.0,0.0,0.0,1.0,2.0,2.0,0.0,2.0,2.0,0.0,6.0,2.0,1.0,12.0,2.0,6.0,0.0,0.0,0.0,0.0,0.0,0.0,0.0,1.0,4.0,0.0,0.0,0.0,0.0,0.0,0.0,0.0,0.0,1.0,1.0,2.0,0.0,0.0,1.0,1.0,0.0,0.0,0.0,0.0,0.0,0.0,0.0,0.0,0.0,0.0,1.0,0.0,1.0,1.0,1.0,0.0,0.0,1.0,0.0,0.0,1.0,0.0,0.0,0.0,0.0,1.0,0.0,0.0,2.0,1.0,0.0,0.0,1.0,0.0,0.0,0.0,3.0,2.0,6.0,1.0,1.0,0.0,0.0,1.0,0.0,0.0,5.0,0.0,0.0,3.0,0.0,1.0,4.0,0.0,6.0,0.0,3.0,3.0,2.0,0.0,1.0,0.0,2.0,0.0,1.0,2.0,27.0,2.0,2.0,12.0,12.0,12.0,14.0,32.0
CHEMBL1644185,IC50,28.0,26.0,5.0,6.0,0.0,3.0,2.0,5.0,1.0,33.0,10.0,7.0,0.0,0.0,4.0,4.0,0.0,1.0,3.0,3.0,3.0,3.0,3.0,31.0,12.0,7.0,0.0,3.0,4.0,7.0,0.0,1.0,27.0,14.0,5.0,0.0,6.0,4.0,10.0,2.0,0.0,0.0,0.0,32.0,10.0,6.0,0.0,6.0,2.0,8.0,0.0,0.0,0.0,2.0,2.0,1.0,36.0,5.0,6.0,0.0,3.0,2.0,5.0,0.0,1.0,0.0,2.0,2.0,2.0,0.0,0.0,0.0,0.0,37.0,2.0,8.0,0.0,3.0,4.0,7.0,1.0,2.0,0.0,0.0,0.0,33.0,3.0,8.0,0.0,3.0,6.0,9.0,1.0,1.0,3.0,3.0,0.0,23.0,5.0,10.0,0.0,6.0,8.0,14.0,0.0,0.0,3.0,3.0,0.0,0.0,0.0,18.0,5.0,9.0,0.0,6.0,6.0,12.0,0.0,1.0,0.0,0.0,0.0,0.0,0.0,1.0,0.0,0.0,1.0,2.0,1.0,1.0,0.0,0.0,0.0,0.0,1.0,0.0,0.0,1.0,0.0,1.0,0.0,0.0,2.0,1.0,2.0,0.0,2.0,0.0,2.0,3.0,1.0,2.0,6.0,2.0,2.0,0.0,0.0,0.0,0.0,0.0,0.0,0.0,1.0,1.0,0.0,0.0,0.0,0.0,0.0,0.0,0.0,0.0,1.0,0.0,0.0,0.0,0.0,0.0,0.0,0.0,0.0,0.0,0.0,0.0,0.0,0.0,0.0,0.0,0.0,1.0,0.0,1.0,1.0,1.0,0.0,0.0,1.0,0.0,0.0,1.0,0.0,0.0,0.0,0.0,3.0,2.0,2.0,2.0,1.0,0.0,0.0,1.0,0.0,0.0,1.0,3.0,1.0,3.0,1.0,1.0,0.0,0.0,1.0,0.0,1.0,5.0,0.0,0.0,3.0,1.0,0.0,0.0,0.0,3.0,1.0,3.0,3.0,2.0,0.0,1.0,0.0,2.0,2.0,1.0,2.0,23.0,2.0,2.0,11.0,8.0,8.0,9.0,27.0
CHEMBL160291,IC50,940.0,24.0,3.0,8.0,0.0,0.0,0.0,0.0,1.0,32.0,6.0,10.0,0.0,0.0,0.0,0.0,0.0,1.0,0.0,0.0,0.0,0.0,0.0,29.0,8.0,12.0,0.0,0.0,0.0,0.0,0.0,2.0,20.0,10.0,15.0,0.0,0.0,0.0,0.0,0.0,0.0,0.0,1.0,23.0,6.0,9.0,0.0,0.0,0.0,0.0,1.0,3.0,0.0,0.0,0.0,0.0,24.0,4.0,7.0,0.0,0.0,0.0,0.0,1.0,4.0,0.0,0.0,0.0,1.0,0.0,0.0,0.0,0.0,24.0,4.0,10.0,0.0,0.0,0.0,0.0,0.0,2.0,0.0,0.0,0.0,26.0,3.0,7.0,0.0,0.0,0.0,0.0,0.0,0.0,0.0,0.0,2.0,22.0,5.0,10.0,0.0,0.0,0.0,0.0,0.0,0.0,0.0,0.0,1.0,0.0,0.0,18.0,6.0,13.0,0.0,0.0,0.0,0.0,0.0,0.0,0.0,0.0,0.0,0.0,0.0,1.0,1.0,0.0,0.0,1.0,0.0,0.0,0.0,0.0,0.0,0.0,0.0,0.0,4.0,1.0,0.0,1.0,0.0,1.0,1.0,0.0,1.0,0.0,1.0,1.0,0.0,0.0,3.0,1.0,8.0,1.0,2.0,0.0,0.0,0.0,1.0,0.0,0.0,0.0,0.0,1.0,0.0,0.0,0.0,0.0,0.0,0.0,0.0,0.0,0.0,2.0,0.0,0.0,0.0,0.0,0.0,0.0,0.0,0.0,0.0,0.0,0.0,0.0,0.0,0.0,0.0,0.0,0.0,0.0,0.0,0.0,0.0,0.0,0.0,0.0,0.0,0.0,0.0,0.0,0.0,0.0,0.0,0.0,0.0,1.0,0.0,0.0,0.0,0.0,0.0,0.0,0.0,3.0,3.0,0.0,3.0,1.0,0.0,0.0,0.0,0.0,0.0,5.0,0.0,0.0,0.0,0.0,2.0,0.0,1.0,0.0,0.0,0.0,0.0,2.0,0.0,0.0,0.0,2.0,0.0,0.0,0.0,18.0,0.0,4.0,11.0,12.0,12.0,10.0,22.0
CHEMBL1644195,IC50,220.0,24.0,7.0,3.0,2.0,3.0,0.0,3.0,4.0,33.0,11.0,7.0,2.0,0.0,0.0,0.0,5.0,1.0,3.0,3.0,3.0,3.0,3.0,32.0,13.0,9.0,2.0,3.0,0.0,3.0,2.0,0.0,27.0,18.0,7.0,1.0,6.0,0.0,6.0,2.0,0.0,0.0,0.0,30.0,16.0,4.0,1.0,6.0,0.0,6.0,0.0,2.0,0.0,0.0,0.0,0.0,33.0,13.0,4.0,1.0,3.0,0.0,3.0,0.0,1.0,0.0,0.0,0.0,0.0,0.0,0.0,0.0,0.0,35.0,9.0,3.0,2.0,3.0,0.0,3.0,1.0,4.0,0.0,0.0,0.0,32.0,8.0,7.0,2.0,3.0,0.0,3.0,1.0,3.0,3.0,3.0,0.0,24.0,6.0,10.0,4.0,3.0,0.0,3.0,2.0,0.0,3.0,3.0,0.0,0.0,0.0,20.0,5.0,15.0,4.0,6.0,0.0,6.0,4.0,0.0,0.0,0.0,0.0,0.0,0.0,0.0,0.0,0.0,0.0,1.0,0.0,0.0,0.0,0.0,0.0,0.0,0.0,0.0,1.0,1.0,0.0,1.0,0.0,0.0,0.0,1.0,1.0,0.0,3.0,0.0,0.0,3.0,1.0,0.0,4.0,1.0,0.0,0.0,0.0,0.0,0.0,0.0,0.0,0.0,0.0,0.0,0.0,0.0,0.0,0.0,0.0,0.0,0.0,0.0,0.0,0.0,0.0,0.0,0.0,0.0,0.0,0.0,0.0,0.0,0.0,0.0,0.0,0.0,0.0,0.0,0.0,0.0,0.0,0.0,0.0,0.0,0.0,0.0,0.0,0.0,0.0,0.0,0.0,0.0,0.0,0.0,0.0,0.0,0.0,1.0,0.0,0.0,0.0,0.0,0.0,0.0,0.0,1.0,1.0,3.0,1.0,1.0,0.0,0.0,0.0,0.0,0.0,4.0,0.0,0.0,3.0,0.0,0.0,0.0,0.0,3.0,0.0,3.0,3.0,1.0,0.0,1.0,0.0,2.0,0.0,4.0,6.0,28.0,6.0,6.0,12.0,7.0,7.0,8.0,28.0
CHEMBL1644201,IC50,1100.0,24.0,7.0,5.0,0.0,6.0,0.0,6.0,4.0,33.0,11.0,5.0,0.0,0.0,0.0,0.0,5.0,1.0,6.0,6.0,6.0,6.0,6.0,32.0,13.0,7.0,0.0,6.0,0.0,6.0,2.0,0.0,28.0,18.0,4.0,0.0,12.0,0.0,12.0,2.0,0.0,0.0,0.0,29.0,18.0,4.0,0.0,12.0,0.0,12.0,0.0,2.0,0.0,0.0,0.0,0.0,35.0,12.0,2.0,0.0,6.0,0.0,6.0,1.0,3.0,0.0,0.0,0.0,0.0,0.0,0.0,0.0,0.0,36.0,12.0,4.0,0.0,6.0,0.0,6.0,1.0,3.0,0.0,0.0,0.0,33.0,10.0,7.0,0.0,6.0,0.0,6.0,2.0,0.0,6.0,6.0,0.0,27.0,5.0,10.0,0.0,9.0,0.0,9.0,4.0,0.0,6.0,6.0,0.0,0.0,0.0,19.0,12.0,12.0,0.0,12.0,0.0,12.0,2.0,0.0,0.0,0.0,0.0,0.0,0.0,0.0,0.0,0.0,0.0,1.0,0.0,0.0,0.0,0.0,0.0,0.0,0.0,0.0,0.0,1.0,0.0,1.0,0.0,0.0,0.0,2.0,1.0,0.0,2.0,0.0,0.0,6.0,2.0,0.0,4.0,1.0,0.0,0.0,0.0,0.0,0.0,0.0,0.0,0.0,0.0,0.0,0.0,0.0,0.0,0.0,0.0,0.0,0.0,0.0,0.0,0.0,0.0,0.0,0.0,0.0,0.0,0.0,0.0,0.0,0.0,0.0,0.0,0.0,0.0,0.0,0.0,0.0,0.0,0.0,0.0,0.0,0.0,0.0,0.0,0.0,0.0,0.0,0.0,0.0,0.0,0.0,0.0,0.0,0.0,1.0,0.0,0.0,0.0,0.0,0.0,0.0,0.0,2.0,2.0,6.0,1.0,1.0,0.0,0.0,0.0,0.0,0.0,3.0,0.0,0.0,6.0,0.0,0.0,0.0,0.0,6.0,0.0,6.0,6.0,1.0,0.0,1.0,0.0,2.0,0.0,4.0,6.0,28.0,6.0,2.0,12.0,6.0,6.0,9.0,28.0
CHEMBL420290,IC50,4900.0,21.0,2.0,6.0,0.0,3.0,0.0,3.0,1.0,26.0,4.0,9.0,0.0,3.0,0.0,3.0,0.0,1.0,0.0,0.0,3.0,3.0,3.0,22.0,6.0,10.0,0.0,6.0,0.0,6.0,0.0,1.0,15.0,8.0,11.0,0.0,6.0,0.0,6.0,0.0,0.0,0.0,0.0,19.0,6.0,3.0,0.0,3.0,0.0,3.0,0.0,2.0,0.0,0.0,0.0,1.0,20.0,4.0,3.0,0.0,3.0,0.0,3.0,0.0,3.0,0.0,0.0,0.0,1.0,0.0,0.0,0.0,0.0,18.0,4.0,4.0,0.0,6.0,0.0,6.0,0.0,1.0,0.0,0.0,0.0,16.0,4.0,4.0,0.0,6.0,0.0,6.0,0.0,0.0,0.0,0.0,1.0,12.0,4.0,6.0,0.0,6.0,0.0,6.0,0.0,0.0,0.0,0.0,0.0,0.0,0.0,12.0,2.0,8.0,0.0,0.0,0.0,0.0,0.0,0.0,3.0,3.0,0.0,0.0,0.0,0.0,0.0,0.0,0.0,0.0,0.0,0.0,0.0,0.0,0.0,0.0,0.0,0.0,1.0,1.0,0.0,1.0,0.0,0.0,1.0,1.0,1.0,0.0,0.0,1.0,0.0,3.0,2.0,1.0,4.0,1.0,0.0,0.0,0.0,0.0,0.0,0.0,0.0,0.0,0.0,0.0,0.0,0.0,0.0,0.0,0.0,0.0,0.0,0.0,0.0,0.0,0.0,0.0,0.0,0.0,0.0,0.0,0.0,0.0,0.0,0.0,0.0,0.0,0.0,0.0,0.0,0.0,0.0,0.0,0.0,0.0,0.0,0.0,0.0,0.0,0.0,0.0,0.0,0.0,0.0,0.0,0.0,0.0,0.0,1.0,0.0,0.0,0.0,0.0,0.0,0.0,0.0,1.0,1.0,3.0,2.0,1.0,0.0,0.0,0.0,0.0,0.0,4.0,0.0,0.0,0.0,0.0,0.0,0.0,0.0,3.0,0.0,0.0,0.0,2.0,0.0,0.0,0.0,2.0,0.0,0.0,0.0,18.0,0.0,4.0,8.0,5.0,5.0,8.0,22.0
CHEMBL421809,IC50,6.2,29.0,8.0,3.0,0.0,0.0,1.0,1.0,1.0,41.0,8.0,4.0,0.0,0.0,2.0,2.0,0.0,2.0,0.0,0.0,0.0,0.0,0.0,39.0,9.0,7.0,0.0,0.0,2.0,2.0,1.0,1.0,28.0,17.0,8.0,0.0,0.0,2.0,2.0,0.0,0.0,0.0,0.0,31.0,15.0,8.0,0.0,0.0,0.0,0.0,0.0,1.0,0.0,1.0,1.0,0.0,33.0,12.0,9.0,0.0,0.0,0.0,0.0,0.0,1.0,0.0,1.0,1.0,1.0,0.0,0.0,0.0,0.0,39.0,9.0,6.0,0.0,0.0,1.0,1.0,0.0,1.0,0.0,0.0,0.0,45.0,5.0,4.0,0.0,0.0,1.0,1.0,1.0,1.0,0.0,0.0,0.0,43.0,5.0,3.0,0.0,0.0,2.0,2.0,1.0,1.0,0.0,0.0,0.0,0.0,0.0,33.0,7.0,4.0,0.0,0.0,3.0,3.0,0.0,0.0,0.0,0.0,0.0,0.0,0.0,0.0,0.0,0.0,0.0,4.0,0.0,0.0,0.0,0.0,1.0,0.0,0.0,1.0,2.0,1.0,0.0,1.0,0.0,0.0,1.0,0.0,2.0,0.0,0.0,1.0,1.0,0.0,0.0,1.0,9.0,2.0,2.0,1.0,0.0,0.0,0.0,0.0,0.0,0.0,1.0,0.0,0.0,0.0,0.0,0.0,0.0,0.0,0.0,0.0,0.0,1.0,0.0,0.0,0.0,0.0,0.0,0.0,0.0,0.0,0.0,0.0,0.0,0.0,0.0,0.0,0.0,0.0,0.0,0.0,0.0,3.0,3.0,1.0,6.0,1.0,0.0,1.0,1.0,0.0,0.0,0.0,0.0,1.0,1.0,7.0,6.0,2.0,0.0,2.0,0.0,0.0,0.0,0.0,0.0,0.0,4.0,2.0,0.0,0.0,0.0,1.0,0.0,3.0,0.0,0.0,0.0,0.0,0.0,1.0,0.0,0.0,0.0,0.0,0.0,3.0,0.0,0.0,0.0,2.0,1.0,0.0,0.0,22.0,0.0,4.0,11.0,13.0,13.0,12.0,28.0
CHEMBL1922915,IC50,16.0,35.0,5.0,4.0,0.0,0.0,1.0,1.0,0.0,48.0,7.0,5.0,0.0,0.0,2.0,2.0,0.0,1.0,0.0,0.0,0.0,0.0,0.0,47.0,8.0,8.0,0.0,0.0,2.0,2.0,0.0,1.0,45.0,7.0,8.0,0.0,0.0,2.0,2.0,2.0,0.0,0.0,0.0,49.0,4.0,10.0,0.0,0.0,1.0,1.0,0.0,0.0,0.0,1.0,1.0,0.0,51.0,5.0,9.0,0.0,0.0,2.0,2.0,0.0,0.0,0.0,0.0,0.0,2.0,0.0,0.0,0.0,0.0,49.0,6.0,8.0,0.0,0.0,2.0,2.0,0.0,0.0,0.0,0.0,0.0,49.0,3.0,8.0,0.0,0.0,4.0,4.0,0.0,0.0,0.0,0.0,0.0,49.0,3.0,5.0,0.0,0.0,4.0,4.0,0.0,1.0,0.0,0.0,1.0,0.0,0.0,39.0,2.0,8.0,0.0,0.0,4.0,4.0,1.0,1.0,0.0,0.0,0.0,0.0,0.0,1.0,0.0,0.0,1.0,6.0,2.0,2.0,0.0,0.0,2.0,0.0,1.0,1.0,4.0,1.0,0.0,1.0,0.0,0.0,1.0,1.0,3.0,0.0,2.0,1.0,1.0,0.0,0.0,1.0,15.0,3.0,10.0,0.0,0.0,2.0,3.0,0.0,0.0,0.0,2.0,9.0,0.0,0.0,0.0,0.0,1.0,0.0,0.0,0.0,3.0,4.0,3.0,0.0,1.0,2.0,2.0,0.0,1.0,0.0,0.0,0.0,0.0,0.0,0.0,0.0,0.0,1.0,0.0,1.0,1.0,1.0,0.0,0.0,1.0,0.0,0.0,1.0,0.0,0.0,0.0,0.0,1.0,1.0,1.0,2.0,1.0,0.0,0.0,1.0,0.0,0.0,0.0,1.0,0.0,0.0,1.0,1.0,0.0,0.0,1.0,0.0,0.0,4.0,1.0,0.0,0.0,0.0,4.0,4.0,1.0,0.0,0.0,0.0,0.0,2.0,0.0,1.0,0.0,3.0,1.0,0.0,1.0,21.0,1.0,4.0,9.0,16.0,16.0,14.0,27.0
CHEMBL1922710,IC50,4.4,27.0,12.0,1.0,0.0,3.0,0.0,3.0,3.0,43.0,10.0,1.0,0.0,3.0,0.0,3.0,8.0,1.0,0.0,0.0,3.0,3.0,3.0,38.0,21.0,3.0,0.0,6.0,0.0,6.0,2.0,0.0,37.0,22.0,2.0,0.0,6.0,0.0,6.0,2.0,0.0,0.0,0.0,38.0,22.0,1.0,0.0,6.0,0.0,6.0,0.0,2.0,3.0,0.0,3.0,0.0,38.0,21.0,1.0,0.0,9.0,0.0,9.0,0.0,0.0,3.0,0.0,3.0,0.0,0.0,0.0,0.0,0.0,45.0,10.0,0.0,0.0,6.0,0.0,6.0,1.0,1.0,3.0,3.0,0.0,39.0,15.0,2.0,0.0,9.0,0.0,9.0,0.0,0.0,0.0,0.0,0.0,41.0,4.0,2.0,0.0,12.0,0.0,12.0,4.0,2.0,0.0,0.0,0.0,0.0,0.0,28.0,10.0,4.0,0.0,9.0,0.0,9.0,2.0,0.0,0.0,0.0,0.0,0.0,0.0,0.0,0.0,0.0,0.0,2.0,0.0,0.0,0.0,0.0,0.0,0.0,0.0,0.0,5.0,1.0,0.0,1.0,0.0,0.0,0.0,2.0,1.0,0.0,2.0,0.0,0.0,3.0,0.0,0.0,11.0,1.0,4.0,0.0,0.0,1.0,3.0,0.0,0.0,0.0,0.0,3.0,0.0,0.0,0.0,0.0,0.0,0.0,0.0,0.0,0.0,4.0,0.0,0.0,0.0,0.0,0.0,0.0,0.0,0.0,0.0,0.0,0.0,0.0,0.0,0.0,0.0,0.0,0.0,0.0,0.0,0.0,0.0,0.0,0.0,0.0,0.0,0.0,0.0,0.0,0.0,0.0,0.0,0.0,0.0,5.0,2.0,0.0,0.0,0.0,4.0,0.0,0.0,0.0,0.0,3.0,4.0,1.0,0.0,0.0,0.0,0.0,0.0,1.0,0.0,0.0,0.0,0.0,4.0,1.0,0.0,3.0,0.0,0.0,0.0,1.0,0.0,1.0,0.0,2.0,0.0,3.0,4.0,23.0,6.0,6.0,13.0,12.0,12.0,9.0,27.0
CHEMBL1922844,IC50,7.7,24.0,12.0,3.0,0.0,7.0,0.0,7.0,3.0,36.0,10.0,4.0,0.0,8.0,0.0,8.0,8.0,1.0,0.0,0.0,6.0,6.0,6.0,31.0,20.0,6.0,0.0,15.0,0.0,15.0,2.0,1.0,30.0,22.0,6.0,0.0,13.0,0.0,13.0,3.0,0.0,0.0,0.0,39.0,21.0,2.0,0.0,6.0,0.0,6.0,0.0,3.0,7.0,0.0,7.0,0.0,41.0,22.0,3.0,0.0,13.0,0.0,13.0,0.0,0.0,3.0,0.0,3.0,0.0,0.0,0.0,0.0,0.0,47.0,10.0,4.0,0.0,9.0,0.0,9.0,1.0,1.0,11.0,11.0,0.0,37.0,10.0,6.0,0.0,28.0,0.0,28.0,0.0,0.0,0.0,0.0,0.0,34.0,4.0,5.0,0.0,24.0,0.0,24.0,4.0,2.0,0.0,0.0,0.0,0.0,0.0,25.0,10.0,5.0,0.0,25.0,0.0,25.0,2.0,0.0,0.0,0.0,0.0,4.0,4.0,0.0,0.0,0.0,0.0,3.0,0.0,0.0,0.0,0.0,1.0,0.0,0.0,0.0,2.0,1.0,0.0,1.0,0.0,0.0,0.0,2.0,1.0,0.0,1.0,1.0,0.0,7.0,1.0,0.0,9.0,1.0,2.0,0.0,0.0,0.0,0.0,0.0,0.0,0.0,0.0,1.0,0.0,0.0,0.0,0.0,0.0,0.0,0.0,0.0,0.0,0.0,0.0,0.0,0.0,0.0,0.0,0.0,0.0,0.0,0.0,0.0,0.0,0.0,0.0,0.0,0.0,0.0,0.0,0.0,1.0,0.0,0.0,0.0,0.0,0.0,0.0,0.0,0.0,0.0,0.0,0.0,1.0,0.0,0.0,4.0,1.0,0.0,0.0,0.0,3.0,0.0,0.0,1.0,1.0,7.0,4.0,1.0,0.0,0.0,0.0,0.0,0.0,2.0,0.0,0.0,0.0,0.0,1.0,1.0,0.0,6.0,0.0,0.0,0.0,1.0,0.0,1.0,0.0,2.0,0.0,3.0,4.0,23.0,6.0,6.0,15.0,10.0,10.0,11.0,26.0
CHEMBL232242,IC50,4.8,29.0,7.0,4.0,0.0,3.0,0.0,3.0,3.0,43.0,8.0,4.0,0.0,0.0,0.0,0.0,5.0,2.0,3.0,3.0,3.0,3.0,3.0,42.0,10.0,8.0,0.0,3.0,0.0,3.0,2.0,0.0,40.0,11.0,9.0,0.0,6.0,0.0,6.0,2.0,0.0,0.0,0.0,38.0,12.0,10.0,0.0,6.0,0.0,6.0,0.0,2.0,0.0,0.0,0.0,0.0,39.0,15.0,7.0,0.0,3.0,0.0,3.0,0.0,0.0,0.0,0.0,0.0,0.0,0.0,0.0,0.0,0.0,47.0,8.0,2.0,0.0,3.0,0.0,3.0,1.0,2.0,0.0,0.0,1.0,41.0,12.0,9.0,0.0,3.0,0.0,3.0,0.0,0.0,0.0,0.0,0.0,37.0,7.0,7.0,0.0,0.0,0.0,0.0,2.0,1.0,3.0,3.0,1.0,3.0,3.0,30.0,7.0,9.0,0.0,6.0,0.0,6.0,2.0,0.0,0.0,0.0,0.0,0.0,0.0,3.0,0.0,0.0,0.0,7.0,5.0,0.0,0.0,0.0,3.0,0.0,0.0,1.0,3.0,1.0,0.0,1.0,0.0,0.0,0.0,2.0,2.0,0.0,1.0,1.0,0.0,3.0,1.0,0.0,17.0,2.0,13.0,1.0,0.0,5.0,0.0,1.0,1.0,0.0,1.0,15.0,0.0,0.0,0.0,2.0,11.0,7.0,2.0,2.0,0.0,3.0,14.0,0.0,0.0,1.0,14.0,0.0,0.0,9.0,6.0,7.0,3.0,7.0,4.0,2.0,2.0,3.0,3.0,3.0,0.0,4.0,4.0,5.0,8.0,3.0,0.0,3.0,5.0,0.0,0.0,0.0,0.0,0.0,0.0,4.0,3.0,2.0,2.0,2.0,0.0,0.0,0.0,1.0,1.0,3.0,2.0,2.0,0.0,0.0,0.0,0.0,0.0,3.0,0.0,0.0,3.0,0.0,3.0,7.0,1.0,3.0,0.0,3.0,3.0,2.0,0.0,1.0,0.0,2.0,0.0,3.0,4.0,17.0,4.0,2.0,11.0,22.0,22.0,11.0,23.0
CHEMBL499372,IC50,1.0,31.0,12.0,3.0,0.0,0.0,0.0,0.0,3.0,47.0,10.0,4.0,0.0,0.0,0.0,0.0,8.0,1.0,0.0,0.0,0.0,0.0,0.0,40.0,20.0,7.0,0.0,0.0,0.0,0.0,2.0,0.0,38.0,19.0,5.0,0.0,0.0,0.0,0.0,3.0,0.0,0.0,0.0,41.0,20.0,3.0,0.0,0.0,0.0,0.0,0.0,3.0,0.0,0.0,0.0,0.0,47.0,21.0,2.0,0.0,0.0,0.0,0.0,0.0,1.0,0.0,0.0,0.0,0.0,0.0,0.0,0.0,0.0,51.0,14.0,2.0,0.0,0.0,0.0,0.0,1.0,1.0,0.0,0.0,0.0,40.0,20.0,5.0,0.0,0.0,0.0,0.0,0.0,0.0,0.0,0.0,0.0,45.0,9.0,6.0,0.0,0.0,0.0,0.0,4.0,2.0,0.0,0.0,0.0,0.0,0.0,36.0,14.0,8.0,0.0,0.0,0.0,0.0,2.0,0.0,0.0,0.0,0.0,0.0,0.0,2.0,0.0,0.0,0.0,6.0,4.0,0.0,0.0,0.0,2.0,0.0,0.0,0.0,4.0,1.0,0.0,1.0,0.0,0.0,0.0,1.0,1.0,0.0,1.0,1.0,0.0,0.0,1.0,0.0,14.0,1.0,10.0,0.0,0.0,5.0,0.0,1.0,0.0,0.0,0.0,14.0,0.0,0.0,0.0,2.0,11.0,7.0,2.0,0.0,0.0,0.0,14.0,0.0,0.0,0.0,14.0,0.0,0.0,9.0,0.0,7.0,3.0,0.0,4.0,2.0,0.0,2.0,0.0,0.0,0.0,2.0,0.0,0.0,2.0,0.0,0.0,0.0,0.0,0.0,0.0,0.0,0.0,0.0,0.0,3.0,1.0,0.0,1.0,0.0,0.0,0.0,0.0,1.0,1.0,0.0,2.0,1.0,0.0,0.0,0.0,0.0,0.0,2.0,0.0,0.0,0.0,0.0,3.0,4.0,1.0,0.0,0.0,0.0,0.0,1.0,0.0,1.0,0.0,2.0,0.0,4.0,6.0,26.0,6.0,2.0,15.0,20.0,20.0,11.0,28.0
CHEMBL500315,IC50,1.0,29.0,12.0,3.0,0.0,0.0,0.0,0.0,3.0,44.0,10.0,5.0,0.0,0.0,0.0,0.0,8.0,1.0,0.0,0.0,0.0,0.0,0.0,36.0,20.0,7.0,0.0,0.0,0.0,0.0,2.0,0.0,39.0,19.0,3.0,0.0,0.0,0.0,0.0,3.0,0.0,0.0,0.0,41.0,20.0,2.0,0.0,0.0,0.0,0.0,0.0,3.0,0.0,0.0,0.0,0.0,43.0,22.0,2.0,0.0,0.0,0.0,0.0,0.0,1.0,0.0,0.0,0.0,0.0,0.0,0.0,0.0,0.0,46.0,15.0,2.0,0.0,0.0,0.0,0.0,1.0,1.0,0.0,0.0,0.0,37.0,19.0,5.0,0.0,0.0,0.0,0.0,0.0,0.0,0.0,0.0,0.0,44.0,6.0,6.0,0.0,0.0,0.0,0.0,4.0,2.0,0.0,0.0,0.0,0.0,0.0,36.0,11.0,8.0,0.0,0.0,0.0,0.0,2.0,0.0,0.0,0.0,0.0,0.0,0.0,3.0,0.0,0.0,0.0,9.0,6.0,0.0,0.0,0.0,5.0,1.0,0.0,0.0,4.0,1.0,0.0,1.0,0.0,0.0,0.0,1.0,1.0,0.0,1.0,1.0,0.0,0.0,1.0,0.0,18.0,1.0,15.0,0.0,0.0,5.0,0.0,1.0,0.0,0.0,0.0,19.0,0.0,0.0,0.0,2.0,11.0,7.0,2.0,0.0,0.0,0.0,19.0,0.0,0.0,0.0,15.0,0.0,0.0,9.0,0.0,7.0,3.0,0.0,4.0,2.0,0.0,2.0,0.0,0.0,2.0,2.0,0.0,0.0,2.0,0.0,0.0,0.0,0.0,0.0,0.0,0.0,2.0,0.0,0.0,3.0,1.0,0.0,1.0,0.0,0.0,0.0,0.0,1.0,1.0,0.0,2.0,1.0,0.0,0.0,0.0,0.0,0.0,2.0,0.0,0.0,0.0,0.0,3.0,8.0,1.0,0.0,0.0,0.0,0.0,1.0,0.0,1.0,0.0,2.0,0.0,4.0,6.0,20.0,6.0,2.0,15.0,24.0,24.0,10.0,23.0
CHEMBL480692,IC50,2.0,26.0,12.0,3.0,0.0,0.0,0.0,0.0,3.0,40.0,10.0,4.0,0.0,0.0,0.0,0.0,8.0,1.0,0.0,0.0,0.0,0.0,0.0,35.0,20.0,6.0,0.0,0.0,0.0,0.0,2.0,0.0,36.0,19.0,3.0,0.0,0.0,0.0,0.0,3.0,0.0,0.0,0.0,37.0,20.0,2.0,0.0,0.0,0.0,0.0,0.0,3.0,0.0,0.0,0.0,0.0,40.0,21.0,2.0,0.0,0.0,0.0,0.0,0.0,1.0,0.0,0.0,0.0,0.0,0.0,0.0,0.0,0.0,44.0,13.0,2.0,0.0,0.0,0.0,0.0,1.0,1.0,0.0,0.0,0.0,35.0,17.0,5.0,0.0,0.0,0.0,0.0,0.0,0.0,0.0,0.0,0.0,41.0,5.0,6.0,0.0,0.0,0.0,0.0,4.0,2.0,0.0,0.0,0.0,0.0,0.0,31.0,11.0,8.0,0.0,0.0,0.0,0.0,2.0,0.0,0.0,0.0,0.0,0.0,0.0,2.0,0.0,0.0,0.0,7.0,4.0,0.0,0.0,0.0,3.0,0.0,0.0,0.0,5.0,1.0,0.0,1.0,0.0,0.0,0.0,1.0,1.0,0.0,1.0,1.0,0.0,0.0,1.0,0.0,16.0,1.0,12.0,0.0,0.0,5.0,0.0,1.0,0.0,0.0,0.0,15.0,0.0,0.0,0.0,2.0,11.0,7.0,2.0,0.0,0.0,0.0,14.0,0.0,0.0,0.0,14.0,0.0,0.0,9.0,0.0,7.0,3.0,0.0,4.0,2.0,0.0,2.0,0.0,0.0,1.0,2.0,0.0,0.0,2.0,0.0,0.0,0.0,0.0,0.0,0.0,0.0,1.0,0.0,0.0,3.0,1.0,0.0,1.0,0.0,0.0,0.0,0.0,1.0,1.0,0.0,2.0,1.0,0.0,0.0,0.0,0.0,0.0,2.0,0.0,0.0,0.0,0.0,4.0,5.0,1.0,0.0,0.0,0.0,0.0,1.0,0.0,1.0,0.0,2.0,0.0,4.0,6.0,20.0,6.0,2.0,15.0,21.0,21.0,11.0,22.0
CHEMBL232448,IC50,4.9,27.0,9.0,2.0,0.0,0.0,2.0,2.0,3.0,40.0,9.0,1.0,0.0,0.0,4.0,4.0,6.0,3.0,0.0,0.0,0.0,0.0,0.0,36.0,14.0,6.0,0.0,0.0,4.0,4.0,2.0,0.0,33.0,16.0,8.0,0.0,0.0,2.0,2.0,2.0,0.0,2.0,0.0,32.0,17.0,9.0,0.0,0.0,2.0,2.0,0.0,2.0,0.0,0.0,0.0,0.0,35.0,18.0,6.0,0.0,0.0,0.0,0.0,0.0,0.0,0.0,2.0,2.0,0.0,2.0,0.0,0.0,0.0,44.0,10.0,2.0,0.0,0.0,4.0,4.0,1.0,1.0,0.0,0.0,0.0,37.0,15.0,6.0,0.0,0.0,8.0,8.0,0.0,0.0,0.0,0.0,0.0,35.0,6.0,2.0,0.0,0.0,10.0,10.0,3.0,2.0,0.0,0.0,1.0,0.0,0.0,25.0,8.0,4.0,0.0,0.0,6.0,6.0,2.0,0.0,0.0,0.0,0.0,0.0,0.0,3.0,0.0,0.0,0.0,6.0,5.0,0.0,0.0,0.0,3.0,0.0,0.0,0.0,3.0,2.0,0.0,2.0,0.0,0.0,0.0,1.0,2.0,0.0,0.0,1.0,2.0,0.0,0.0,0.0,15.0,2.0,12.0,0.0,0.0,5.0,0.0,1.0,1.0,0.0,0.0,15.0,0.0,0.0,0.0,2.0,11.0,7.0,2.0,2.0,0.0,2.0,14.0,0.0,0.0,1.0,14.0,0.0,0.0,9.0,6.0,7.0,3.0,7.0,4.0,2.0,2.0,3.0,3.0,3.0,0.0,3.0,3.0,2.0,6.0,0.0,0.0,3.0,2.0,0.0,0.0,0.0,0.0,2.0,2.0,5.0,3.0,0.0,2.0,2.0,1.0,0.0,0.0,0.0,0.0,0.0,3.0,3.0,0.0,0.0,0.0,0.0,0.0,2.0,0.0,0.0,0.0,0.0,3.0,6.0,1.0,0.0,0.0,0.0,0.0,1.0,0.0,1.0,0.0,2.0,2.0,3.0,4.0,17.0,4.0,2.0,11.0,22.0,22.0,9.0,23.0
CHEMBL464663,IC50,34.0,25.0,7.0,3.0,4.0,6.0,0.0,6.0,0.0,35.0,7.0,3.0,3.0,3.0,0.0,3.0,1.0,1.0,0.0,0.0,6.0,6.0,6.0,30.0,13.0,5.0,5.0,9.0,0.0,9.0,0.0,0.0,28.0,11.0,3.0,6.0,12.0,0.0,12.0,2.0,0.0,0.0,0.0,31.0,9.0,4.0,6.0,9.0,0.0,9.0,0.0,0.0,0.0,0.0,0.0,0.0,33.0,9.0,3.0,6.0,6.0,0.0,6.0,0.0,0.0,0.0,0.0,0.0,2.0,0.0,0.0,0.0,0.0,37.0,2.0,4.0,3.0,3.0,0.0,3.0,1.0,1.0,6.0,6.0,0.0,30.0,6.0,6.0,6.0,9.0,0.0,9.0,0.0,0.0,0.0,0.0,0.0,32.0,3.0,4.0,3.0,3.0,0.0,3.0,1.0,1.0,6.0,6.0,0.0,0.0,0.0,24.0,6.0,6.0,4.0,18.0,0.0,18.0,0.0,0.0,0.0,0.0,0.0,0.0,0.0,0.0,0.0,0.0,0.0,3.0,0.0,0.0,0.0,0.0,1.0,0.0,1.0,1.0,0.0,1.0,0.0,1.0,0.0,0.0,1.0,2.0,2.0,0.0,3.0,0.0,0.0,6.0,0.0,1.0,7.0,2.0,2.0,0.0,0.0,0.0,0.0,0.0,0.0,0.0,1.0,1.0,0.0,0.0,0.0,0.0,0.0,0.0,0.0,0.0,1.0,0.0,0.0,0.0,0.0,0.0,0.0,0.0,0.0,0.0,0.0,0.0,0.0,0.0,0.0,0.0,0.0,1.0,0.0,1.0,1.0,1.0,0.0,0.0,1.0,0.0,0.0,1.0,0.0,0.0,0.0,0.0,1.0,0.0,0.0,3.0,1.0,0.0,0.0,1.0,1.0,0.0,0.0,1.0,0.0,6.0,2.0,1.0,0.0,0.0,1.0,0.0,0.0,3.0,0.0,0.0,0.0,0.0,0.0,1.0,0.0,6.0,0.0,3.0,3.0,2.0,0.0,1.0,0.0,2.0,0.0,1.0,2.0,23.0,2.0,2.0,14.0,7.0,7.0,12.0,27.0
CHEMBL179181,IC50,92.0,21.0,6.0,1.0,2.0,0.0,2.0,2.0,0.0,29.0,6.0,1.0,3.0,0.0,4.0,4.0,0.0,1.0,0.0,0.0,0.0,0.0,0.0,26.0,11.0,3.0,4.0,0.0,5.0,5.0,0.0,0.0,23.0,9.0,3.0,2.0,0.0,2.0,2.0,0.0,0.0,1.0,0.0,22.0,8.0,3.0,4.0,0.0,3.0,3.0,0.0,0.0,0.0,0.0,0.0,0.0,27.0,3.0,2.0,3.0,0.0,2.0,2.0,1.0,1.0,0.0,1.0,1.0,0.0,0.0,0.0,0.0,0.0,24.0,5.0,2.0,2.0,0.0,4.0,4.0,1.0,0.0,0.0,0.0,0.0,19.0,6.0,0.0,2.0,0.0,3.0,3.0,0.0,1.0,0.0,0.0,0.0,14.0,5.0,2.0,1.0,0.0,4.0,4.0,0.0,0.0,0.0,0.0,0.0,0.0,0.0,11.0,6.0,1.0,0.0,0.0,2.0,2.0,0.0,0.0,0.0,1.0,0.0,0.0,0.0,2.0,0.0,0.0,1.0,6.0,4.0,2.0,2.0,0.0,1.0,0.0,0.0,0.0,3.0,1.0,0.0,1.0,1.0,0.0,0.0,0.0,1.0,0.0,0.0,1.0,2.0,0.0,0.0,0.0,13.0,1.0,8.0,1.0,0.0,1.0,0.0,1.0,0.0,0.0,1.0,7.0,2.0,0.0,0.0,0.0,2.0,1.0,1.0,0.0,2.0,0.0,5.0,2.0,2.0,0.0,1.0,0.0,0.0,0.0,0.0,0.0,0.0,0.0,0.0,2.0,0.0,3.0,1.0,0.0,0.0,3.0,2.0,0.0,4.0,0.0,0.0,0.0,0.0,0.0,0.0,0.0,0.0,2.0,2.0,4.0,3.0,0.0,2.0,0.0,0.0,0.0,0.0,0.0,0.0,0.0,3.0,1.0,0.0,0.0,0.0,0.0,0.0,1.0,0.0,0.0,0.0,0.0,2.0,5.0,1.0,0.0,0.0,0.0,0.0,1.0,0.0,1.0,0.0,0.0,2.0,0.0,1.0,11.0,1.0,0.0,9.0,16.0,16.0,8.0,15.0
CHEMBL2112907,IC50,19.1,24.0,9.0,3.0,0.0,0.0,0.0,0.0,1.0,35.0,11.0,4.0,0.0,0.0,0.0,0.0,0.0,2.0,0.0,0.0,0.0,0.0,0.0,31.0,15.0,9.0,0.0,0.0,0.0,0.0,0.0,1.0,25.0,14.0,9.0,0.0,0.0,0.0,0.0,1.0,0.0,0.0,0.0,22.0,13.0,8.0,0.0,0.0,0.0,0.0,1.0,0.0,0.0,0.0,0.0,0.0,25.0,8.0,3.0,0.0,0.0,0.0,0.0,2.0,4.0,0.0,0.0,0.0,1.0,0.0,0.0,0.0,0.0,24.0,9.0,4.0,0.0,0.0,0.0,0.0,1.0,3.0,0.0,0.0,0.0,24.0,10.0,5.0,0.0,0.0,0.0,0.0,0.0,0.0,0.0,0.0,0.0,25.0,9.0,4.0,0.0,0.0,0.0,0.0,0.0,0.0,0.0,0.0,1.0,0.0,0.0,24.0,6.0,6.0,0.0,0.0,0.0,0.0,1.0,0.0,0.0,0.0,0.0,0.0,0.0,0.0,0.0,0.0,0.0,0.0,0.0,0.0,0.0,0.0,0.0,0.0,0.0,0.0,2.0,1.0,0.0,1.0,0.0,0.0,1.0,0.0,2.0,0.0,1.0,1.0,0.0,0.0,0.0,1.0,6.0,2.0,0.0,0.0,0.0,0.0,0.0,0.0,0.0,0.0,0.0,0.0,0.0,0.0,0.0,0.0,0.0,0.0,0.0,0.0,0.0,0.0,0.0,0.0,0.0,0.0,0.0,0.0,0.0,0.0,0.0,0.0,0.0,0.0,0.0,0.0,0.0,0.0,0.0,0.0,0.0,0.0,0.0,0.0,0.0,0.0,0.0,0.0,0.0,0.0,0.0,0.0,0.0,0.0,0.0,3.0,1.0,0.0,0.0,0.0,2.0,0.0,0.0,0.0,0.0,0.0,4.0,1.0,0.0,0.0,0.0,0.0,0.0,3.0,0.0,0.0,0.0,0.0,0.0,0.0,0.0,0.0,0.0,0.0,0.0,3.0,0.0,0.0,0.0,4.0,0.0,0.0,1.0,21.0,1.0,8.0,12.0,6.0,6.0,7.0,26.0
CHEMBL284699,IC50,48000.0,23.0,2.0,3.0,0.0,0.0,0.0,0.0,0.0,31.0,4.0,3.0,0.0,0.0,0.0,0.0,0.0,0.0,0.0,0.0,0.0,0.0,0.0,34.0,7.0,4.0,0.0,0.0,0.0,0.0,0.0,0.0,42.0,2.0,5.0,0.0,0.0,0.0,0.0,1.0,0.0,0.0,0.0,42.0,3.0,8.0,0.0,0.0,0.0,0.0,0.0,0.0,0.0,0.0,0.0,0.0,40.0,3.0,8.0,0.0,0.0,0.0,0.0,0.0,0.0,0.0,0.0,0.0,0.0,0.0,0.0,0.0,0.0,29.0,2.0,7.0,0.0,0.0,0.0,0.0,0.0,1.0,0.0,0.0,1.0,19.0,1.0,7.0,0.0,0.0,0.0,0.0,0.0,0.0,0.0,0.0,0.0,11.0,0.0,2.0,0.0,0.0,0.0,0.0,0.0,0.0,0.0,0.0,0.0,0.0,0.0,4.0,0.0,1.0,0.0,0.0,0.0,0.0,0.0,0.0,0.0,0.0,0.0,0.0,0.0,2.0,2.0,0.0,0.0,5.0,0.0,0.0,0.0,0.0,3.0,2.0,0.0,0.0,6.0,0.0,0.0,0.0,0.0,0.0,1.0,0.0,0.0,0.0,0.0,0.0,0.0,0.0,1.0,1.0,13.0,0.0,8.0,0.0,0.0,0.0,0.0,0.0,0.0,0.0,0.0,5.0,0.0,0.0,0.0,0.0,0.0,0.0,0.0,0.0,0.0,0.0,2.0,0.0,0.0,0.0,1.0,0.0,0.0,0.0,0.0,0.0,0.0,0.0,0.0,0.0,0.0,0.0,0.0,0.0,0.0,0.0,0.0,0.0,0.0,0.0,0.0,0.0,0.0,0.0,0.0,0.0,0.0,0.0,0.0,0.0,0.0,0.0,0.0,0.0,0.0,0.0,0.0,2.0,1.0,0.0,0.0,0.0,0.0,0.0,0.0,0.0,0.0,2.0,0.0,0.0,0.0,0.0,5.0,4.0,2.0,0.0,1.0,0.0,0.0,0.0,0.0,0.0,0.0,0.0,0.0,1.0,1.0,12.0,1.0,0.0,5.0,14.0,14.0,8.0,13.0
CHEMBL219446,IC50,179.0,30.0,7.0,4.0,0.0,0.0,0.0,0.0,0.0,40.0,7.0,3.0,0.0,0.0,0.0,0.0,1.0,3.0,0.0,0.0,0.0,0.0,0.0,35.0,12.0,8.0,0.0,0.0,0.0,0.0,0.0,0.0,30.0,12.0,8.0,0.0,0.0,0.0,0.0,2.0,0.0,0.0,0.0,33.0,11.0,10.0,0.0,0.0,0.0,0.0,0.0,0.0,0.0,0.0,0.0,0.0,39.0,8.0,8.0,0.0,0.0,0.0,0.0,0.0,0.0,0.0,0.0,0.0,2.0,0.0,0.0,0.0,0.0,40.0,5.0,8.0,0.0,0.0,0.0,0.0,1.0,1.0,0.0,0.0,0.0,39.0,6.0,8.0,0.0,0.0,0.0,0.0,0.0,0.0,0.0,0.0,0.0,36.0,4.0,5.0,0.0,0.0,0.0,0.0,1.0,2.0,0.0,0.0,1.0,0.0,0.0,29.0,6.0,7.0,0.0,0.0,0.0,0.0,0.0,0.0,0.0,0.0,0.0,0.0,0.0,1.0,0.0,0.0,0.0,8.0,2.0,0.0,0.0,0.0,3.0,1.0,1.0,1.0,1.0,2.0,0.0,2.0,0.0,0.0,1.0,0.0,3.0,0.0,2.0,0.0,0.0,0.0,0.0,1.0,13.0,3.0,7.0,0.0,0.0,0.0,0.0,1.0,1.0,0.0,1.0,4.0,0.0,0.0,0.0,0.0,0.0,0.0,0.0,0.0,1.0,3.0,1.0,0.0,0.0,2.0,0.0,0.0,0.0,0.0,0.0,0.0,0.0,0.0,0.0,0.0,0.0,1.0,0.0,1.0,1.0,3.0,2.0,0.0,5.0,0.0,0.0,3.0,0.0,0.0,0.0,0.0,1.0,0.0,0.0,6.0,4.0,0.0,2.0,3.0,1.0,0.0,0.0,1.0,0.0,0.0,3.0,3.0,0.0,0.0,1.0,0.0,0.0,4.0,0.0,0.0,0.0,0.0,1.0,6.0,0.0,0.0,0.0,0.0,0.0,2.0,0.0,1.0,0.0,2.0,0.0,0.0,0.0,18.0,0.0,2.0,11.0,18.0,18.0,14.0,25.0
CHEMBL4852725,IC50,8.1,123.0,71.0,47.0,2.0,0.0,0.0,0.0,0.0,140.0,93.0,52.0,1.0,0.0,0.0,0.0,6.0,32.0,0.0,0.0,0.0,0.0,0.0,158.0,64.0,75.0,1.0,0.0,0.0,0.0,28.0,35.0,147.0,111.0,121.0,1.0,0.0,0.0,0.0,12.0,0.0,0.0,7.0,165.0,126.0,95.0,1.0,0.0,0.0,0.0,7.0,36.0,0.0,0.0,0.0,38.0,206.0,83.0,120.0,2.0,0.0,0.0,0.0,34.0,45.0,0.0,0.0,0.0,8.0,0.0,0.0,0.0,0.0,213.0,124.0,161.0,3.0,0.0,0.0,0.0,6.0,22.0,0.0,0.0,12.0,229.0,138.0,127.0,3.0,0.0,0.0,0.0,11.0,43.0,0.0,0.0,44.0,257.0,93.0,144.0,4.0,0.0,0.0,0.0,33.0,50.0,0.0,0.0,11.0,0.0,0.0,245.0,134.0,173.0,3.0,0.0,0.0,0.0,6.0,24.0,0.0,0.0,15.0,0.0,0.0,33.0,7.0,26.0,27.0,36.0,24.0,22.0,22.0,21.0,13.0,5.0,3.0,8.0,11.0,29.0,26.0,27.0,26.0,9.0,12.0,0.0,35.0,5.0,2.0,0.0,0.0,0.0,0.0,12.0,117.0,35.0,86.0,32.0,27.0,3.0,0.0,27.0,26.0,26.0,35.0,61.0,31.0,26.0,25.0,0.0,3.0,0.0,18.0,18.0,34.0,4.0,31.0,22.0,25.0,4.0,13.0,14.0,15.0,2.0,0.0,0.0,0.0,0.0,19.0,36.0,11.0,52.0,0.0,18.0,10.0,90.0,0.0,0.0,82.0,53.0,51.0,53.0,53.0,27.0,27.0,6.0,13.0,0.0,0.0,67.0,29.0,27.0,26.0,27.0,0.0,27.0,6.0,10.0,0.0,0.0,40.0,32.0,28.0,28.0,9.0,28.0,7.0,47.0,4.0,27.0,0.0,6.0,10.0,27.0,3.0,0.0,7.0,0.0,0.0,35.0,5.0,27.0,26.0,0.0,0.0,0.0,1.0,33.0,1.0,0.0,120.0,174.0,174.0,140.0,132.0
CHEMBL4865371,IC50,13.28,122.0,71.0,47.0,4.0,0.0,0.0,0.0,0.0,139.0,93.0,52.0,3.0,0.0,0.0,0.0,6.0,32.0,0.0,0.0,0.0,0.0,0.0,157.0,63.0,75.0,3.0,0.0,0.0,0.0,28.0,35.0,147.0,110.0,118.0,2.0,0.0,0.0,0.0,12.0,0.0,0.0,7.0,164.0,126.0,94.0,3.0,0.0,0.0,0.0,7.0,36.0,0.0,0.0,0.0,38.0,204.0,83.0,120.0,5.0,0.0,0.0,0.0,34.0,43.0,0.0,0.0,0.0,8.0,0.0,0.0,0.0,0.0,212.0,124.0,160.0,5.0,0.0,0.0,0.0,6.0,22.0,0.0,0.0,10.0,227.0,138.0,125.0,7.0,0.0,0.0,0.0,11.0,45.0,0.0,0.0,44.0,255.0,93.0,142.0,9.0,0.0,0.0,0.0,33.0,48.0,0.0,0.0,13.0,0.0,0.0,244.0,134.0,174.0,6.0,0.0,0.0,0.0,6.0,24.0,0.0,0.0,11.0,0.0,0.0,33.0,7.0,26.0,27.0,36.0,24.0,22.0,22.0,21.0,12.0,4.0,3.0,8.0,11.0,29.0,26.0,27.0,26.0,9.0,12.0,0.0,35.0,5.0,2.0,0.0,0.0,0.0,0.0,12.0,117.0,35.0,85.0,32.0,27.0,3.0,0.0,27.0,26.0,26.0,35.0,59.0,31.0,26.0,25.0,0.0,3.0,0.0,17.0,17.0,34.0,4.0,28.0,21.0,23.0,4.0,11.0,13.0,13.0,1.0,0.0,0.0,0.0,0.0,17.0,34.0,10.0,51.0,0.0,17.0,10.0,90.0,0.0,0.0,82.0,53.0,51.0,53.0,53.0,27.0,27.0,6.0,13.0,0.0,0.0,67.0,29.0,27.0,26.0,27.0,0.0,27.0,6.0,10.0,0.0,0.0,40.0,32.0,28.0,28.0,9.0,28.0,7.0,47.0,4.0,27.0,0.0,6.0,10.0,25.0,3.0,0.0,7.0,0.0,0.0,35.0,5.0,27.0,26.0,0.0,0.0,0.0,1.0,33.0,1.0,0.0,122.0,175.0,175.0,141.0,132.0
CHEMBL4865509,IC50,37.38,115.0,64.0,42.0,2.0,0.0,0.0,0.0,0.0,132.0,84.0,47.0,1.0,0.0,0.0,0.0,6.0,28.0,0.0,0.0,0.0,0.0,0.0,147.0,60.0,68.0,1.0,0.0,0.0,0.0,25.0,31.0,136.0,102.0,110.0,1.0,0.0,0.0,0.0,11.0,0.0,0.0,6.0,154.0,115.0,86.0,1.0,0.0,0.0,0.0,6.0,34.0,0.0,0.0,0.0,34.0,193.0,77.0,110.0,2.0,0.0,0.0,0.0,30.0,39.0,0.0,0.0,0.0,9.0,0.0,0.0,0.0,0.0,200.0,114.0,149.0,3.0,0.0,0.0,0.0,6.0,18.0,0.0,0.0,10.0,215.0,126.0,118.0,3.0,0.0,0.0,0.0,10.0,41.0,0.0,0.0,38.0,238.0,88.0,131.0,4.0,0.0,0.0,0.0,29.0,43.0,0.0,0.0,13.0,0.0,0.0,224.0,124.0,160.0,3.0,0.0,0.0,0.0,6.0,21.0,0.0,0.0,12.0,0.0,0.0,31.0,7.0,24.0,25.0,31.0,22.0,20.0,20.0,20.0,11.0,4.0,2.0,6.0,11.0,26.0,24.0,24.0,24.0,8.0,11.0,0.0,31.0,4.0,2.0,0.0,0.0,0.0,0.0,11.0,106.0,31.0,78.0,28.0,24.0,3.0,0.0,25.0,24.0,24.0,31.0,56.0,28.0,24.0,24.0,0.0,3.0,0.0,17.0,16.0,31.0,4.0,28.0,20.0,23.0,4.0,11.0,12.0,13.0,1.0,0.0,0.0,0.0,0.0,16.0,33.0,10.0,48.0,0.0,16.0,9.0,81.0,0.0,0.0,74.0,48.0,48.0,48.0,48.0,24.0,24.0,5.0,12.0,0.0,0.0,60.0,26.0,24.0,24.0,24.0,0.0,24.0,5.0,9.0,0.0,0.0,36.0,28.0,25.0,25.0,8.0,25.0,6.0,42.0,4.0,24.0,0.0,5.0,10.0,24.0,3.0,0.0,6.0,0.0,0.0,31.0,4.0,24.0,23.0,0.0,0.0,0.0,1.0,33.0,1.0,0.0,108.0,158.0,158.0,126.0,123.0
CHEMBL437471,IC50,10000.0,103.0,60.0,39.0,2.0,0.0,0.0,0.0,0.0,118.0,78.0,43.0,1.0,0.0,0.0,0.0,6.0,26.0,0.0,0.0,0.0,0.0,0.0,132.0,56.0,63.0,1.0,0.0,0.0,0.0,23.0,28.0,123.0,94.0,101.0,1.0,0.0,0.0,0.0,10.0,0.0,0.0,5.0,139.0,105.0,78.0,1.0,0.0,0.0,0.0,6.0,32.0,0.0,0.0,0.0,31.0,174.0,70.0,99.0,2.0,0.0,0.0,0.0,28.0,36.0,0.0,0.0,0.0,9.0,0.0,0.0,0.0,0.0,180.0,105.0,134.0,3.0,0.0,0.0,0.0,6.0,17.0,0.0,0.0,9.0,194.0,116.0,105.0,3.0,0.0,0.0,0.0,10.0,39.0,0.0,0.0,34.0,218.0,82.0,117.0,4.0,0.0,0.0,0.0,27.0,39.0,0.0,0.0,13.0,0.0,0.0,208.0,117.0,145.0,3.0,0.0,0.0,0.0,6.0,20.0,0.0,0.0,10.0,0.0,0.0,28.0,6.0,22.0,23.0,30.0,21.0,19.0,19.0,19.0,11.0,4.0,0.0,6.0,10.0,22.0,22.0,22.0,22.0,10.0,10.0,0.0,29.0,4.0,2.0,0.0,0.0,0.0,0.0,10.0,99.0,29.0,73.0,26.0,22.0,3.0,0.0,23.0,22.0,22.0,29.0,53.0,26.0,22.0,22.0,0.0,3.0,0.0,16.0,15.0,29.0,3.0,27.0,19.0,22.0,3.0,11.0,12.0,13.0,1.0,0.0,0.0,0.0,0.0,16.0,32.0,10.0,45.0,0.0,15.0,8.0,75.0,0.0,0.0,66.0,44.0,44.0,44.0,44.0,22.0,22.0,4.0,10.0,0.0,0.0,56.0,22.0,22.0,22.0,22.0,0.0,22.0,4.0,8.0,0.0,0.0,34.0,26.0,23.0,23.0,7.0,23.0,5.0,39.0,3.0,22.0,0.0,4.0,9.0,23.0,3.0,0.0,5.0,0.0,0.0,29.0,4.0,22.0,21.0,0.0,0.0,0.0,1.0,27.0,1.0,0.0,101.0,147.0,147.0,115.0,108.0
CHEMBL4860642,IC50,146.4,112.0,62.0,40.0,4.0,0.0,0.0,0.0,0.0,129.0,81.0,44.0,3.0,0.0,0.0,0.0,6.0,27.0,0.0,0.0,0.0,0.0,0.0,143.0,57.0,65.0,3.0,0.0,0.0,0.0,24.0,29.0,133.0,98.0,103.0,2.0,0.0,0.0,0.0,10.0,0.0,0.0,5.0,147.0,113.0,82.0,3.0,0.0,0.0,0.0,6.0,31.0,0.0,0.0,0.0,33.0,182.0,76.0,105.0,5.0,0.0,0.0,0.0,29.0,36.0,0.0,0.0,0.0,7.0,0.0,0.0,0.0,0.0,191.0,109.0,139.0,5.0,0.0,0.0,0.0,6.0,19.0,0.0,0.0,7.0,206.0,122.0,107.0,7.0,0.0,0.0,0.0,10.0,40.0,0.0,0.0,38.0,229.0,86.0,126.0,9.0,0.0,0.0,0.0,28.0,39.0,0.0,0.0,11.0,0.0,0.0,222.0,121.0,150.0,6.0,0.0,0.0,0.0,6.0,22.0,0.0,0.0,8.0,0.0,0.0,29.0,6.0,23.0,24.0,32.0,22.0,20.0,20.0,19.0,11.0,4.0,2.0,6.0,10.0,25.0,23.0,23.0,23.0,8.0,10.0,0.0,30.0,4.0,2.0,0.0,0.0,0.0,0.0,10.0,103.0,30.0,75.0,27.0,23.0,3.0,0.0,24.0,23.0,23.0,30.0,53.0,27.0,23.0,23.0,0.0,3.0,0.0,15.0,15.0,30.0,4.0,25.0,18.0,20.0,4.0,10.0,11.0,11.0,1.0,0.0,0.0,0.0,0.0,15.0,30.0,9.0,45.0,0.0,15.0,8.0,78.0,0.0,0.0,71.0,46.0,46.0,46.0,46.0,23.0,23.0,5.0,10.0,0.0,0.0,58.0,25.0,23.0,23.0,23.0,0.0,23.0,5.0,8.0,0.0,0.0,35.0,27.0,24.0,24.0,7.0,24.0,5.0,40.0,4.0,23.0,0.0,5.0,9.0,23.0,3.0,0.0,5.0,0.0,0.0,30.0,4.0,23.0,22.0,0.0,0.0,0.0,1.0,33.0,1.0,0.0,106.0,154.0,154.0,124.0,119.0
CHEMBL4876499,IC50,37.09,113.0,63.0,41.0,2.0,0.0,0.0,0.0,0.0,130.0,82.0,45.0,1.0,0.0,0.0,0.0,6.0,28.0,0.0,0.0,0.0,0.0,0.0,146.0,58.0,66.0,1.0,0.0,0.0,0.0,24.0,29.0,135.0,100.0,109.0,1.0,0.0,0.0,0.0,10.0,0.0,0.0,5.0,151.0,113.0,85.0,1.0,0.0,0.0,0.0,6.0,34.0,0.0,0.0,0.0,34.0,190.0,75.0,107.0,2.0,0.0,0.0,0.0,29.0,38.0,0.0,0.0,0.0,9.0,0.0,0.0,0.0,0.0,196.0,110.0,147.0,3.0,0.0,0.0,0.0,6.0,17.0,0.0,0.0,9.0,208.0,122.0,115.0,3.0,0.0,0.0,0.0,10.0,41.0,0.0,0.0,38.0,232.0,85.0,125.0,4.0,0.0,0.0,0.0,28.0,41.0,0.0,0.0,13.0,0.0,0.0,221.0,122.0,156.0,3.0,0.0,0.0,0.0,6.0,20.0,0.0,0.0,10.0,0.0,0.0,29.0,6.0,24.0,24.0,31.0,22.0,20.0,20.0,20.0,11.0,4.0,2.0,6.0,11.0,26.0,24.0,24.0,23.0,7.0,10.0,0.0,31.0,4.0,2.0,0.0,0.0,0.0,0.0,10.0,104.0,31.0,76.0,28.0,24.0,3.0,0.0,24.0,24.0,24.0,31.0,54.0,27.0,23.0,23.0,0.0,3.0,0.0,16.0,16.0,30.0,4.0,27.0,19.0,22.0,4.0,11.0,12.0,13.0,1.0,0.0,0.0,0.0,0.0,16.0,32.0,10.0,46.0,0.0,16.0,8.0,79.0,0.0,0.0,74.0,48.0,46.0,48.0,48.0,24.0,24.0,5.0,10.0,0.0,0.0,59.0,26.0,24.0,24.0,24.0,0.0,24.0,5.0,8.0,0.0,0.0,35.0,28.0,24.0,24.0,7.0,24.0,5.0,41.0,4.0,24.0,0.0,5.0,10.0,24.0,3.0,0.0,5.0,0.0,0.0,31.0,4.0,24.0,22.0,0.0,0.0,0.0,1.0,33.0,1.0,0.0,106.0,154.0,154.0,124.0,121.0
CHEMBL4870505,IC50,114.4,113.0,61.0,40.0,2.0,0.0,0.0,0.0,0.0,131.0,79.0,44.0,1.0,0.0,0.0,0.0,6.0,27.0,0.0,0.0,0.0,0.0,0.0,144.0,58.0,66.0,1.0,0.0,0.0,0.0,23.0,28.0,135.0,96.0,106.0,1.0,0.0,0.0,0.0,10.0,0.0,0.0,5.0,151.0,108.0,83.0,1.0,0.0,0.0,0.0,6.0,33.0,0.0,0.0,0.0,33.0,185.0,74.0,106.0,2.0,0.0,0.0,0.0,28.0,36.0,0.0,0.0,0.0,9.0,0.0,0.0,0.0,0.0,191.0,108.0,141.0,3.0,0.0,0.0,0.0,6.0,17.0,0.0,0.0,9.0,207.0,119.0,111.0,3.0,0.0,0.0,0.0,10.0,40.0,0.0,0.0,36.0,229.0,86.0,126.0,4.0,0.0,0.0,0.0,27.0,39.0,0.0,0.0,13.0,0.0,0.0,220.0,120.0,152.0,3.0,0.0,0.0,0.0,6.0,20.0,0.0,0.0,10.0,0.0,0.0,29.0,7.0,23.0,24.0,31.0,22.0,20.0,20.0,19.0,11.0,4.0,2.0,6.0,11.0,25.0,23.0,23.0,23.0,7.0,10.0,0.0,30.0,4.0,2.0,0.0,0.0,0.0,0.0,10.0,103.0,30.0,76.0,27.0,23.0,4.0,0.0,23.0,23.0,23.0,30.0,56.0,28.0,24.0,24.0,0.0,3.0,0.0,16.0,16.0,31.0,4.0,27.0,19.0,22.0,5.0,11.0,12.0,13.0,1.0,0.0,0.0,0.0,0.0,16.0,32.0,10.0,47.0,0.0,16.0,8.0,76.0,0.0,0.0,71.0,46.0,48.0,46.0,46.0,23.0,23.0,5.0,10.0,0.0,0.0,57.0,25.0,23.0,23.0,23.0,0.0,23.0,5.0,8.0,0.0,0.0,34.0,27.0,23.0,23.0,7.0,23.0,5.0,40.0,4.0,23.0,0.0,5.0,10.0,24.0,4.0,0.0,5.0,0.0,0.0,30.0,4.0,23.0,21.0,0.0,0.0,0.0,1.0,33.0,1.0,0.0,103.0,152.0,152.0,122.0,119.0
CHEMBL4870133,IC50,80.56,113.0,61.0,42.0,2.0,0.0,0.0,0.0,0.0,131.0,79.0,46.0,1.0,0.0,0.0,0.0,6.0,27.0,0.0,0.0,0.0,0.0,0.0,144.0,58.0,70.0,1.0,0.0,0.0,0.0,23.0,28.0,135.0,96.0,108.0,1.0,0.0,0.0,0.0,12.0,0.0,0.0,7.0,151.0,108.0,89.0,1.0,0.0,0.0,0.0,6.0,33.0,0.0,0.0,0.0,33.0,185.0,74.0,114.0,2.0,0.0,0.0,0.0,28.0,36.0,0.0,0.0,0.0,9.0,0.0,0.0,0.0,0.0,191.0,108.0,145.0,3.0,0.0,0.0,0.0,6.0,19.0,0.0,0.0,13.0,207.0,119.0,113.0,3.0,0.0,0.0,0.0,10.0,40.0,0.0,0.0,36.0,229.0,86.0,130.0,4.0,0.0,0.0,0.0,27.0,39.0,0.0,0.0,13.0,0.0,0.0,220.0,120.0,152.0,3.0,0.0,0.0,0.0,6.0,22.0,0.0,0.0,14.0,0.0,0.0,29.0,6.0,23.0,25.0,31.0,22.0,21.0,20.0,19.0,11.0,4.0,2.0,6.0,10.0,25.0,23.0,23.0,23.0,7.0,11.0,0.0,31.0,4.0,2.0,0.0,0.0,0.0,0.0,11.0,103.0,31.0,76.0,27.0,23.0,4.0,0.0,23.0,23.0,23.0,31.0,56.0,28.0,24.0,24.0,0.0,3.0,0.0,16.0,16.0,33.0,4.0,27.0,19.0,22.0,5.0,11.0,12.0,13.0,1.0,0.0,0.0,0.0,0.0,16.0,32.0,10.0,47.0,0.0,16.0,10.0,76.0,0.0,0.0,71.0,46.0,48.0,46.0,46.0,23.0,23.0,5.0,11.0,0.0,0.0,57.0,25.0,23.0,23.0,23.0,0.0,23.0,5.0,9.0,0.0,0.0,34.0,27.0,23.0,23.0,8.0,23.0,5.0,42.0,5.0,23.0,0.0,5.0,9.0,24.0,4.0,0.0,5.0,0.0,0.0,31.0,4.0,23.0,21.0,0.0,0.0,0.0,1.0,33.0,1.0,0.0,105.0,153.0,153.0,123.0,120.0
CHEMBL4853767,IC50,15.51,111.0,60.0,42.0,2.0,0.0,0.0,0.0,0.0,128.0,78.0,47.0,1.0,0.0,0.0,0.0,6.0,26.0,0.0,0.0,0.0,0.0,0.0,142.0,56.0,67.0,1.0,0.0,0.0,0.0,22.0,30.0,131.0,93.0,111.0,1.0,0.0,0.0,0.0,11.0,0.0,0.0,6.0,146.0,106.0,87.0,1.0,0.0,0.0,0.0,6.0,32.0,0.0,0.0,0.0,36.0,181.0,72.0,108.0,2.0,0.0,0.0,0.0,27.0,36.0,0.0,0.0,0.0,11.0,0.0,0.0,0.0,0.0,187.0,105.0,146.0,3.0,0.0,0.0,0.0,6.0,19.0,0.0,0.0,7.0,203.0,117.0,110.0,3.0,0.0,0.0,0.0,9.0,39.0,0.0,0.0,42.0,225.0,84.0,128.0,4.0,0.0,0.0,0.0,26.0,39.0,0.0,0.0,13.0,0.0,0.0,214.0,117.0,157.0,3.0,0.0,0.0,0.0,6.0,22.0,0.0,0.0,8.0,0.0,0.0,29.0,6.0,23.0,24.0,30.0,22.0,20.0,20.0,19.0,10.0,4.0,2.0,6.0,10.0,25.0,23.0,23.0,23.0,6.0,12.0,0.0,30.0,3.0,2.0,0.0,0.0,0.0,0.0,12.0,101.0,30.0,74.0,26.0,22.0,3.0,0.0,23.0,23.0,22.0,30.0,53.0,26.0,23.0,23.0,0.0,3.0,0.0,16.0,16.0,30.0,4.0,26.0,18.0,22.0,4.0,10.0,11.0,11.0,1.0,0.0,0.0,0.0,0.0,15.0,30.0,9.0,45.0,0.0,16.0,9.0,75.0,0.0,0.0,71.0,46.0,46.0,46.0,46.0,22.0,23.0,8.0,13.0,0.0,0.0,56.0,25.0,23.0,23.0,23.0,0.0,22.0,7.0,10.0,0.0,0.0,33.0,26.0,22.0,23.0,7.0,22.0,7.0,42.0,4.0,23.0,0.0,6.0,9.0,23.0,3.0,0.0,6.0,0.0,0.0,30.0,3.0,23.0,21.0,0.0,0.0,0.0,1.0,33.0,1.0,0.0,104.0,151.0,151.0,121.0,119.0
CHEMBL2159337,IC50,2.5,32.0,5.0,5.0,0.0,3.0,2.0,5.0,1.0,42.0,11.0,5.0,0.0,0.0,4.0,4.0,0.0,1.0,3.0,3.0,3.0,3.0,3.0,43.0,13.0,7.0,0.0,3.0,4.0,7.0,0.0,0.0,39.0,14.0,5.0,0.0,6.0,4.0,10.0,2.0,0.0,0.0,0.0,42.0,11.0,6.0,0.0,6.0,2.0,8.0,0.0,0.0,0.0,2.0,2.0,0.0,47.0,8.0,4.0,0.0,6.0,2.0,8.0,0.0,0.0,0.0,2.0,2.0,2.0,0.0,0.0,0.0,0.0,48.0,5.0,6.0,0.0,6.0,4.0,10.0,1.0,1.0,0.0,0.0,0.0,46.0,3.0,6.0,0.0,3.0,8.0,11.0,1.0,2.0,0.0,0.0,0.0,38.0,6.0,7.0,0.0,3.0,8.0,11.0,0.0,1.0,0.0,0.0,0.0,0.0,0.0,31.0,6.0,8.0,0.0,3.0,8.0,11.0,0.0,0.0,3.0,3.0,0.0,0.0,0.0,1.0,1.0,0.0,0.0,2.0,0.0,0.0,0.0,0.0,1.0,0.0,1.0,1.0,1.0,1.0,0.0,1.0,0.0,0.0,1.0,1.0,2.0,0.0,1.0,2.0,2.0,3.0,1.0,1.0,7.0,2.0,3.0,0.0,0.0,0.0,0.0,0.0,0.0,0.0,1.0,1.0,0.0,0.0,0.0,0.0,0.0,0.0,0.0,0.0,1.0,1.0,0.0,0.0,0.0,0.0,0.0,0.0,0.0,0.0,0.0,0.0,0.0,0.0,0.0,0.0,0.0,1.0,0.0,1.0,1.0,1.0,0.0,0.0,1.0,0.0,0.0,1.0,0.0,0.0,0.0,0.0,1.0,2.0,2.0,2.0,1.0,0.0,0.0,1.0,0.0,0.0,0.0,2.0,1.0,3.0,1.0,1.0,0.0,0.0,1.0,0.0,0.0,4.0,0.0,0.0,3.0,0.0,1.0,1.0,0.0,3.0,0.0,3.0,3.0,2.0,0.0,1.0,0.0,2.0,2.0,1.0,2.0,27.0,2.0,2.0,10.0,8.0,8.0,9.0,31.0
CHEMBL107388,IC50,3400.0,19.0,2.0,4.0,0.0,0.0,0.0,0.0,1.0,24.0,4.0,7.0,0.0,0.0,0.0,0.0,0.0,1.0,0.0,0.0,0.0,0.0,0.0,21.0,6.0,9.0,0.0,0.0,0.0,0.0,0.0,1.0,12.0,9.0,9.0,0.0,0.0,0.0,0.0,0.0,0.0,0.0,0.0,8.0,9.0,5.0,0.0,0.0,0.0,0.0,0.0,1.0,0.0,0.0,0.0,1.0,9.0,5.0,2.0,0.0,0.0,0.0,0.0,0.0,3.0,0.0,0.0,0.0,1.0,0.0,0.0,0.0,0.0,13.0,1.0,4.0,0.0,0.0,0.0,0.0,0.0,2.0,0.0,0.0,0.0,15.0,0.0,6.0,0.0,0.0,0.0,0.0,0.0,0.0,0.0,0.0,0.0,15.0,0.0,5.0,0.0,0.0,0.0,0.0,0.0,0.0,0.0,0.0,1.0,0.0,0.0,11.0,0.0,7.0,0.0,0.0,0.0,0.0,0.0,0.0,0.0,0.0,0.0,0.0,0.0,0.0,0.0,0.0,0.0,0.0,0.0,0.0,0.0,0.0,0.0,0.0,0.0,0.0,0.0,1.0,0.0,1.0,0.0,0.0,3.0,0.0,1.0,0.0,0.0,1.0,0.0,0.0,0.0,3.0,2.0,1.0,0.0,0.0,0.0,0.0,0.0,0.0,0.0,0.0,0.0,0.0,0.0,0.0,0.0,0.0,0.0,0.0,0.0,0.0,0.0,0.0,0.0,0.0,0.0,0.0,0.0,0.0,0.0,0.0,0.0,0.0,0.0,0.0,0.0,0.0,0.0,0.0,0.0,0.0,0.0,0.0,0.0,0.0,0.0,0.0,0.0,0.0,0.0,0.0,0.0,0.0,0.0,0.0,0.0,1.0,0.0,0.0,0.0,0.0,0.0,0.0,0.0,0.0,0.0,0.0,2.0,1.0,0.0,0.0,0.0,0.0,0.0,4.0,0.0,0.0,0.0,0.0,0.0,0.0,0.0,0.0,0.0,0.0,0.0,2.0,0.0,0.0,0.0,2.0,0.0,0.0,0.0,16.0,0.0,4.0,6.0,6.0,6.0,4.0,19.0
CHEMBL2112991,IC50,368.0,15.0,6.0,2.0,2.0,0.0,0.0,0.0,0.0,19.0,7.0,3.0,3.0,0.0,0.0,0.0,1.0,2.0,0.0,0.0,0.0,0.0,0.0,16.0,11.0,5.0,3.0,0.0,0.0,0.0,0.0,0.0,11.0,14.0,7.0,2.0,0.0,0.0,0.0,0.0,0.0,0.0,0.0,16.0,6.0,6.0,3.0,0.0,0.0,0.0,1.0,1.0,0.0,0.0,0.0,0.0,17.0,4.0,3.0,3.0,0.0,0.0,0.0,2.0,2.0,0.0,0.0,0.0,0.0,0.0,0.0,0.0,0.0,17.0,6.0,1.0,2.0,0.0,0.0,0.0,1.0,1.0,0.0,0.0,1.0,13.0,7.0,3.0,0.0,0.0,0.0,0.0,0.0,1.0,0.0,0.0,0.0,6.0,7.0,3.0,0.0,0.0,0.0,0.0,0.0,0.0,0.0,0.0,0.0,0.0,0.0,7.0,4.0,1.0,0.0,0.0,0.0,0.0,0.0,0.0,0.0,0.0,0.0,0.0,0.0,2.0,1.0,0.0,1.0,3.0,3.0,2.0,2.0,0.0,0.0,0.0,0.0,0.0,5.0,1.0,0.0,1.0,1.0,0.0,0.0,0.0,1.0,0.0,0.0,0.0,0.0,0.0,0.0,0.0,12.0,1.0,8.0,1.0,0.0,2.0,0.0,0.0,0.0,0.0,1.0,8.0,2.0,0.0,0.0,0.0,2.0,1.0,0.0,0.0,2.0,0.0,4.0,2.0,2.0,0.0,1.0,0.0,0.0,0.0,0.0,0.0,0.0,0.0,0.0,2.0,0.0,2.0,0.0,0.0,0.0,1.0,0.0,0.0,0.0,0.0,0.0,0.0,0.0,0.0,0.0,0.0,0.0,0.0,0.0,1.0,0.0,0.0,0.0,0.0,0.0,0.0,0.0,0.0,0.0,0.0,2.0,1.0,0.0,0.0,0.0,0.0,0.0,1.0,0.0,0.0,0.0,0.0,5.0,3.0,2.0,0.0,0.0,0.0,0.0,1.0,0.0,1.0,0.0,0.0,0.0,2.0,4.0,10.0,4.0,0.0,10.0,12.0,12.0,7.0,10.0
CHEMBL160372,IC50,140.0,15.0,4.0,0.0,0.0,0.0,1.0,1.0,0.0,19.0,6.0,0.0,0.0,0.0,2.0,2.0,0.0,0.0,0.0,0.0,0.0,0.0,0.0,17.0,5.0,0.0,0.0,0.0,2.0,2.0,0.0,0.0,14.0,5.0,0.0,0.0,0.0,1.0,1.0,0.0,0.0,0.0,0.0,13.0,2.0,0.0,0.0,0.0,1.0,1.0,1.0,0.0,0.0,0.0,0.0,0.0,10.0,2.0,0.0,0.0,0.0,1.0,1.0,0.0,0.0,0.0,1.0,1.0,0.0,0.0,0.0,0.0,0.0,9.0,1.0,0.0,0.0,0.0,2.0,2.0,0.0,0.0,0.0,0.0,0.0,6.0,2.0,0.0,0.0,0.0,1.0,1.0,0.0,0.0,0.0,0.0,0.0,2.0,2.0,0.0,0.0,0.0,2.0,2.0,0.0,0.0,0.0,0.0,0.0,0.0,0.0,0.0,1.0,0.0,0.0,0.0,2.0,2.0,0.0,0.0,0.0,0.0,0.0,0.0,0.0,0.0,0.0,0.0,0.0,0.0,0.0,0.0,0.0,0.0,0.0,0.0,0.0,0.0,0.0,0.0,0.0,0.0,0.0,0.0,0.0,0.0,0.0,0.0,1.0,0.0,1.0,0.0,0.0,0.0,0.0,0.0,0.0,0.0,0.0,0.0,0.0,0.0,0.0,0.0,0.0,0.0,0.0,0.0,0.0,0.0,0.0,0.0,0.0,0.0,0.0,0.0,0.0,0.0,0.0,0.0,0.0,0.0,0.0,0.0,0.0,0.0,0.0,0.0,0.0,0.0,0.0,0.0,0.0,0.0,0.0,0.0,0.0,0.0,0.0,0.0,0.0,0.0,0.0,0.0,0.0,0.0,0.0,1.0,1.0,0.0,0.0,0.0,0.0,0.0,0.0,0.0,0.0,0.0,0.0,0.0,0.0,0.0,0.0,0.0,0.0,0.0,0.0,0.0,0.0,0.0,0.0,0.0,0.0,0.0,0.0,0.0,0.0,0.0,0.0,0.0,0.0,0.0,0.0,0.0,1.0,1.0,2.0,17.0,2.0,0.0,4.0,2.0,2.0,0.0,16.0
CHEMBL380387,IC50,17000.0,24.0,3.0,3.0,0.0,0.0,0.0,0.0,0.0,32.0,3.0,5.0,0.0,0.0,0.0,0.0,0.0,0.0,0.0,0.0,0.0,0.0,0.0,31.0,1.0,7.0,0.0,0.0,0.0,0.0,0.0,0.0,28.0,0.0,6.0,0.0,0.0,0.0,0.0,1.0,0.0,0.0,0.0,24.0,1.0,7.0,0.0,0.0,0.0,0.0,0.0,0.0,0.0,0.0,0.0,0.0,21.0,2.0,4.0,0.0,0.0,0.0,0.0,0.0,0.0,0.0,0.0,0.0,1.0,0.0,0.0,0.0,0.0,20.0,2.0,3.0,0.0,0.0,0.0,0.0,0.0,0.0,0.0,0.0,0.0,17.0,1.0,4.0,0.0,0.0,0.0,0.0,0.0,0.0,0.0,0.0,0.0,13.0,1.0,4.0,0.0,0.0,0.0,0.0,0.0,0.0,0.0,0.0,0.0,0.0,0.0,12.0,1.0,1.0,0.0,0.0,0.0,0.0,0.0,1.0,0.0,0.0,0.0,0.0,0.0,0.0,0.0,0.0,0.0,7.0,0.0,0.0,0.0,0.0,5.0,2.0,0.0,0.0,0.0,0.0,0.0,0.0,0.0,0.0,0.0,0.0,1.0,0.0,1.0,0.0,0.0,0.0,1.0,0.0,8.0,1.0,5.0,0.0,0.0,0.0,0.0,0.0,0.0,0.0,0.0,3.0,0.0,0.0,0.0,0.0,0.0,0.0,0.0,0.0,0.0,0.0,1.0,0.0,0.0,0.0,0.0,0.0,0.0,0.0,0.0,0.0,0.0,0.0,0.0,1.0,0.0,3.0,2.0,0.0,1.0,3.0,3.0,3.0,6.0,0.0,0.0,0.0,3.0,0.0,0.0,0.0,1.0,0.0,0.0,3.0,3.0,0.0,0.0,0.0,0.0,0.0,0.0,1.0,1.0,0.0,1.0,0.0,0.0,0.0,1.0,0.0,0.0,2.0,0.0,0.0,0.0,0.0,0.0,3.0,0.0,0.0,0.0,0.0,0.0,0.0,0.0,0.0,0.0,5.0,0.0,0.0,0.0,16.0,1.0,4.0,6.0,9.0,9.0,7.0,18.0
CHEMBL152293,IC50,5.8,26.0,5.0,2.0,0.0,0.0,1.0,1.0,1.0,36.0,8.0,3.0,0.0,0.0,2.0,2.0,0.0,1.0,0.0,0.0,0.0,0.0,0.0,34.0,10.0,4.0,0.0,0.0,2.0,2.0,0.0,1.0,24.0,15.0,4.0,0.0,0.0,2.0,2.0,0.0,0.0,0.0,0.0,24.0,9.0,3.0,0.0,0.0,0.0,0.0,1.0,0.0,0.0,1.0,1.0,0.0,29.0,5.0,2.0,0.0,0.0,0.0,0.0,1.0,1.0,0.0,1.0,1.0,1.0,0.0,0.0,0.0,0.0,29.0,3.0,3.0,0.0,0.0,1.0,1.0,0.0,1.0,0.0,0.0,0.0,27.0,4.0,3.0,0.0,0.0,1.0,1.0,0.0,1.0,0.0,0.0,0.0,18.0,8.0,2.0,0.0,0.0,2.0,2.0,0.0,0.0,0.0,0.0,0.0,0.0,0.0,14.0,7.0,3.0,0.0,0.0,3.0,3.0,0.0,0.0,0.0,0.0,0.0,0.0,0.0,0.0,0.0,0.0,0.0,1.0,0.0,0.0,0.0,0.0,0.0,0.0,0.0,0.0,3.0,1.0,0.0,1.0,0.0,0.0,1.0,0.0,1.0,0.0,0.0,1.0,1.0,0.0,0.0,1.0,6.0,1.0,0.0,0.0,0.0,0.0,0.0,0.0,0.0,0.0,0.0,0.0,0.0,0.0,0.0,0.0,0.0,0.0,0.0,0.0,0.0,0.0,0.0,0.0,0.0,0.0,0.0,0.0,0.0,0.0,0.0,0.0,0.0,0.0,0.0,0.0,0.0,0.0,0.0,0.0,0.0,0.0,0.0,0.0,0.0,0.0,0.0,0.0,0.0,0.0,0.0,0.0,0.0,1.0,1.0,1.0,0.0,0.0,0.0,0.0,0.0,0.0,0.0,0.0,0.0,0.0,2.0,1.0,0.0,0.0,0.0,0.0,0.0,2.0,0.0,0.0,0.0,0.0,3.0,0.0,0.0,0.0,0.0,0.0,0.0,2.0,0.0,0.0,0.0,2.0,1.0,0.0,1.0,21.0,1.0,4.0,7.0,9.0,9.0,6.0,24.0
CHEMBL208053,IC50,55000.0,23.0,3.0,3.0,0.0,0.0,0.0,0.0,0.0,31.0,3.0,5.0,0.0,0.0,0.0,0.0,0.0,0.0,0.0,0.0,0.0,0.0,0.0,31.0,0.0,6.0,0.0,0.0,0.0,0.0,0.0,1.0,25.0,1.0,8.0,0.0,0.0,0.0,0.0,0.0,0.0,0.0,0.0,22.0,2.0,7.0,0.0,0.0,0.0,0.0,0.0,0.0,0.0,0.0,0.0,0.0,23.0,2.0,2.0,0.0,0.0,0.0,0.0,0.0,0.0,0.0,0.0,0.0,1.0,0.0,0.0,0.0,0.0,21.0,1.0,3.0,0.0,0.0,0.0,0.0,0.0,0.0,0.0,0.0,0.0,14.0,1.0,4.0,0.0,0.0,0.0,0.0,0.0,0.0,0.0,0.0,0.0,10.0,1.0,3.0,0.0,0.0,0.0,0.0,0.0,1.0,0.0,0.0,0.0,0.0,0.0,10.0,2.0,3.0,0.0,0.0,0.0,0.0,0.0,0.0,0.0,0.0,0.0,0.0,0.0,0.0,0.0,0.0,0.0,6.0,0.0,0.0,0.0,0.0,4.0,1.0,0.0,0.0,0.0,0.0,0.0,0.0,0.0,0.0,0.0,0.0,1.0,0.0,1.0,0.0,0.0,0.0,1.0,0.0,7.0,1.0,4.0,0.0,0.0,0.0,0.0,0.0,0.0,0.0,0.0,2.0,0.0,0.0,0.0,0.0,0.0,0.0,0.0,0.0,0.0,0.0,1.0,0.0,0.0,0.0,0.0,0.0,0.0,0.0,0.0,0.0,0.0,0.0,0.0,1.0,0.0,2.0,1.0,0.0,0.0,3.0,3.0,3.0,6.0,0.0,0.0,0.0,3.0,0.0,0.0,2.0,1.0,0.0,0.0,3.0,3.0,0.0,0.0,0.0,0.0,0.0,2.0,1.0,1.0,0.0,1.0,0.0,0.0,0.0,0.0,0.0,1.0,2.0,0.0,0.0,0.0,0.0,0.0,2.0,0.0,0.0,0.0,0.0,0.0,0.0,0.0,0.0,0.0,5.0,0.0,0.0,0.0,16.0,1.0,4.0,6.0,8.0,8.0,6.0,18.0
CHEMBL25137,IC50,3000.0,23.0,2.0,1.0,0.0,1.0,0.0,1.0,0.0,30.0,4.0,1.0,0.0,2.0,0.0,2.0,0.0,0.0,0.0,0.0,0.0,0.0,0.0,32.0,7.0,2.0,0.0,2.0,0.0,2.0,0.0,0.0,40.0,2.0,3.0,0.0,2.0,0.0,2.0,1.0,0.0,0.0,0.0,40.0,3.0,6.0,0.0,2.0,0.0,2.0,0.0,0.0,0.0,0.0,0.0,0.0,38.0,3.0,4.0,0.0,4.0,0.0,4.0,0.0,0.0,0.0,0.0,0.0,0.0,0.0,0.0,0.0,0.0,25.0,2.0,4.0,0.0,3.0,0.0,3.0,0.0,0.0,1.0,1.0,0.0,16.0,0.0,1.0,0.0,5.0,0.0,5.0,0.0,0.0,0.0,0.0,0.0,6.0,0.0,1.0,0.0,1.0,0.0,1.0,0.0,0.0,0.0,0.0,0.0,0.0,0.0,3.0,0.0,0.0,0.0,1.0,0.0,1.0,0.0,0.0,0.0,0.0,0.0,0.0,0.0,2.0,2.0,0.0,0.0,5.0,0.0,0.0,0.0,0.0,3.0,2.0,0.0,0.0,5.0,0.0,0.0,0.0,0.0,0.0,1.0,0.0,0.0,0.0,0.0,0.0,0.0,1.0,0.0,1.0,12.0,0.0,8.0,0.0,0.0,0.0,0.0,0.0,0.0,0.0,0.0,5.0,0.0,0.0,0.0,0.0,0.0,0.0,0.0,0.0,0.0,0.0,2.0,0.0,0.0,0.0,1.0,0.0,0.0,0.0,0.0,0.0,0.0,0.0,0.0,0.0,0.0,0.0,0.0,0.0,0.0,0.0,0.0,0.0,0.0,0.0,0.0,0.0,0.0,0.0,0.0,0.0,0.0,0.0,0.0,0.0,0.0,0.0,0.0,0.0,0.0,0.0,0.0,1.0,0.0,1.0,0.0,0.0,0.0,0.0,0.0,0.0,0.0,1.0,0.0,0.0,0.0,0.0,5.0,4.0,2.0,0.0,1.0,0.0,0.0,0.0,0.0,0.0,0.0,0.0,0.0,1.0,1.0,12.0,1.0,0.0,3.0,13.0,13.0,7.0,13.0
CHEMBL505685,IC50,261.0,29.0,7.0,4.0,2.0,3.0,0.0,3.0,0.0,41.0,7.0,5.0,1.0,3.0,0.0,3.0,1.0,1.0,0.0,0.0,3.0,3.0,3.0,34.0,13.0,5.0,3.0,6.0,0.0,6.0,0.0,1.0,30.0,12.0,4.0,5.0,6.0,0.0,6.0,2.0,0.0,0.0,0.0,32.0,11.0,5.0,6.0,3.0,0.0,3.0,0.0,0.0,0.0,0.0,0.0,1.0,38.0,9.0,5.0,5.0,3.0,0.0,3.0,0.0,0.0,0.0,0.0,0.0,2.0,0.0,0.0,0.0,0.0,41.0,4.0,6.0,4.0,3.0,0.0,3.0,1.0,1.0,3.0,3.0,0.0,40.0,5.0,7.0,1.0,3.0,0.0,3.0,0.0,0.0,0.0,0.0,0.0,37.0,3.0,5.0,0.0,0.0,0.0,0.0,1.0,1.0,3.0,3.0,0.0,0.0,0.0,30.0,6.0,6.0,1.0,6.0,0.0,6.0,0.0,1.0,0.0,0.0,0.0,0.0,0.0,1.0,0.0,0.0,1.0,5.0,1.0,1.0,0.0,0.0,2.0,1.0,1.0,0.0,0.0,1.0,0.0,1.0,0.0,0.0,2.0,1.0,2.0,0.0,2.0,1.0,0.0,3.0,0.0,2.0,9.0,2.0,4.0,0.0,0.0,0.0,0.0,0.0,0.0,0.0,1.0,2.0,0.0,0.0,0.0,0.0,0.0,0.0,0.0,0.0,1.0,2.0,0.0,0.0,0.0,1.0,0.0,0.0,0.0,0.0,0.0,0.0,0.0,0.0,0.0,0.0,0.0,1.0,0.0,1.0,1.0,1.0,0.0,0.0,1.0,0.0,0.0,1.0,0.0,0.0,0.0,0.0,3.0,0.0,0.0,3.0,1.0,0.0,0.0,1.0,1.0,0.0,1.0,2.0,0.0,3.0,2.0,1.0,0.0,0.0,1.0,0.0,1.0,4.0,0.0,0.0,0.0,1.0,0.0,3.0,0.0,3.0,1.0,0.0,0.0,2.0,0.0,1.0,0.0,2.0,0.0,1.0,2.0,23.0,2.0,2.0,13.0,12.0,12.0,10.0,27.0
CHEMBL1644181,IC50,95.0,26.0,5.0,5.0,0.0,3.0,2.0,5.0,1.0,33.0,10.0,5.0,0.0,0.0,4.0,4.0,0.0,1.0,3.0,3.0,3.0,3.0,3.0,31.0,12.0,7.0,0.0,3.0,4.0,7.0,0.0,0.0,27.0,14.0,4.0,0.0,6.0,4.0,10.0,2.0,0.0,0.0,0.0,32.0,10.0,5.0,0.0,6.0,2.0,8.0,0.0,0.0,0.0,2.0,2.0,0.0,36.0,5.0,4.0,0.0,3.0,4.0,7.0,0.0,1.0,0.0,2.0,2.0,2.0,0.0,0.0,0.0,0.0,37.0,2.0,5.0,0.0,3.0,4.0,7.0,1.0,2.0,0.0,0.0,0.0,32.0,3.0,7.0,0.0,3.0,8.0,11.0,1.0,1.0,3.0,3.0,0.0,23.0,5.0,8.0,0.0,3.0,8.0,11.0,0.0,0.0,3.0,3.0,0.0,0.0,0.0,17.0,5.0,9.0,0.0,6.0,4.0,10.0,0.0,0.0,0.0,0.0,0.0,0.0,0.0,0.0,0.0,0.0,0.0,3.0,0.0,0.0,0.0,0.0,1.0,0.0,1.0,1.0,0.0,1.0,0.0,1.0,0.0,0.0,1.0,1.0,2.0,0.0,2.0,0.0,2.0,3.0,1.0,1.0,6.0,2.0,2.0,0.0,0.0,0.0,0.0,0.0,0.0,0.0,1.0,1.0,0.0,0.0,0.0,0.0,0.0,0.0,0.0,0.0,1.0,0.0,0.0,0.0,0.0,0.0,0.0,0.0,0.0,0.0,0.0,0.0,0.0,0.0,0.0,0.0,0.0,1.0,0.0,1.0,1.0,1.0,0.0,0.0,1.0,0.0,0.0,1.0,0.0,0.0,0.0,0.0,1.0,2.0,2.0,2.0,1.0,0.0,0.0,1.0,0.0,0.0,0.0,2.0,1.0,3.0,1.0,1.0,0.0,0.0,1.0,0.0,0.0,4.0,0.0,0.0,3.0,0.0,0.0,1.0,0.0,3.0,0.0,3.0,3.0,2.0,0.0,1.0,0.0,2.0,2.0,1.0,2.0,23.0,2.0,2.0,10.0,7.0,7.0,9.0,26.0
CHEMBL1922934,IC50,17.0,33.0,5.0,4.0,0.0,3.0,1.0,4.0,0.0,43.0,8.0,5.0,0.0,3.0,2.0,5.0,0.0,1.0,0.0,0.0,3.0,3.0,3.0,43.0,8.0,8.0,0.0,6.0,2.0,8.0,0.0,1.0,44.0,7.0,8.0,0.0,6.0,2.0,8.0,2.0,0.0,0.0,0.0,52.0,3.0,11.0,0.0,3.0,1.0,4.0,0.0,0.0,3.0,1.0,4.0,0.0,53.0,4.0,11.0,0.0,6.0,2.0,8.0,0.0,0.0,0.0,0.0,0.0,2.0,0.0,0.0,0.0,0.0,51.0,5.0,8.0,0.0,12.0,3.0,15.0,0.0,0.0,0.0,0.0,0.0,49.0,3.0,7.0,0.0,9.0,4.0,13.0,0.0,0.0,0.0,0.0,0.0,43.0,3.0,4.0,0.0,9.0,4.0,13.0,0.0,1.0,0.0,0.0,1.0,0.0,0.0,36.0,2.0,5.0,0.0,6.0,3.0,9.0,1.0,1.0,0.0,0.0,0.0,0.0,0.0,2.0,1.0,0.0,1.0,5.0,3.0,2.0,0.0,0.0,2.0,0.0,1.0,1.0,2.0,1.0,0.0,1.0,0.0,0.0,1.0,1.0,3.0,0.0,1.0,1.0,1.0,3.0,0.0,1.0,13.0,3.0,9.0,0.0,0.0,2.0,0.0,0.0,0.0,0.0,2.0,9.0,0.0,0.0,0.0,0.0,2.0,0.0,0.0,0.0,3.0,1.0,5.0,0.0,1.0,2.0,4.0,0.0,1.0,4.0,0.0,0.0,0.0,0.0,0.0,0.0,0.0,1.0,0.0,1.0,1.0,1.0,0.0,0.0,1.0,0.0,0.0,1.0,0.0,0.0,0.0,0.0,1.0,1.0,1.0,2.0,1.0,0.0,0.0,1.0,0.0,0.0,0.0,1.0,0.0,3.0,1.0,1.0,0.0,0.0,1.0,0.0,0.0,4.0,1.0,0.0,0.0,0.0,2.0,4.0,2.0,3.0,0.0,0.0,0.0,2.0,0.0,1.0,0.0,3.0,1.0,0.0,1.0,21.0,1.0,4.0,9.0,13.0,13.0,13.0,28.0
CHEMBL3616691,IC50,4.0,36.0,5.0,7.0,0.0,3.0,1.0,4.0,1.0,48.0,11.0,7.0,0.0,3.0,2.0,5.0,0.0,1.0,0.0,0.0,3.0,3.0,3.0,50.0,15.0,10.0,0.0,6.0,3.0,9.0,0.0,0.0,51.0,16.0,6.0,0.0,6.0,3.0,9.0,3.0,0.0,0.0,0.0,57.0,14.0,8.0,0.0,6.0,3.0,9.0,0.0,1.0,0.0,0.0,0.0,0.0,64.0,11.0,8.0,0.0,3.0,1.0,4.0,0.0,0.0,3.0,1.0,4.0,2.0,3.0,0.0,0.0,0.0,66.0,5.0,10.0,0.0,9.0,2.0,11.0,1.0,1.0,3.0,4.0,0.0,63.0,4.0,11.0,0.0,9.0,3.0,12.0,1.0,2.0,0.0,0.0,0.0,58.0,7.0,13.0,0.0,9.0,5.0,14.0,0.0,1.0,0.0,0.0,0.0,0.0,0.0,51.0,7.0,13.0,0.0,12.0,5.0,17.0,0.0,0.0,0.0,0.0,0.0,0.0,1.0,1.0,0.0,0.0,0.0,5.0,1.0,0.0,0.0,0.0,3.0,1.0,1.0,1.0,3.0,1.0,0.0,1.0,0.0,0.0,1.0,1.0,2.0,0.0,1.0,3.0,1.0,3.0,2.0,1.0,12.0,2.0,6.0,0.0,0.0,0.0,0.0,0.0,0.0,0.0,1.0,4.0,0.0,0.0,0.0,0.0,0.0,0.0,0.0,0.0,1.0,1.0,2.0,0.0,0.0,1.0,1.0,0.0,0.0,0.0,0.0,0.0,0.0,0.0,0.0,0.0,0.0,1.0,0.0,1.0,1.0,1.0,0.0,0.0,1.0,0.0,0.0,1.0,0.0,0.0,0.0,0.0,1.0,1.0,1.0,2.0,1.0,0.0,0.0,1.0,0.0,0.0,0.0,3.0,2.0,3.0,1.0,1.0,0.0,0.0,1.0,0.0,0.0,5.0,0.0,0.0,0.0,0.0,1.0,4.0,0.0,3.0,0.0,0.0,0.0,2.0,0.0,1.0,0.0,2.0,1.0,1.0,2.0,27.0,2.0,2.0,12.0,13.0,13.0,13.0,31.0
CHEMBL154149,IC50,4.9,30.0,9.0,3.0,0.0,0.0,1.0,1.0,1.0,42.0,11.0,4.0,0.0,0.0,2.0,2.0,0.0,2.0,0.0,0.0,0.0,0.0,0.0,41.0,12.0,9.0,0.0,0.0,2.0,2.0,1.0,1.0,30.0,18.0,9.0,0.0,0.0,1.0,1.0,1.0,0.0,0.0,0.0,29.0,18.0,7.0,0.0,0.0,1.0,1.0,0.0,1.0,0.0,0.0,0.0,0.0,29.0,13.0,5.0,0.0,0.0,0.0,0.0,1.0,2.0,0.0,1.0,1.0,1.0,0.0,0.0,0.0,0.0,31.0,7.0,4.0,0.0,0.0,2.0,2.0,2.0,2.0,0.0,0.0,0.0,30.0,7.0,6.0,0.0,0.0,2.0,2.0,1.0,1.0,0.0,0.0,0.0,31.0,8.0,6.0,0.0,0.0,0.0,0.0,0.0,0.0,0.0,1.0,0.0,0.0,0.0,34.0,5.0,4.0,0.0,0.0,1.0,1.0,1.0,1.0,0.0,0.0,1.0,0.0,0.0,0.0,0.0,0.0,0.0,5.0,0.0,0.0,0.0,0.0,2.0,0.0,0.0,0.0,0.0,1.0,0.0,1.0,0.0,0.0,1.0,0.0,2.0,0.0,1.0,1.0,1.0,0.0,0.0,1.0,9.0,2.0,2.0,0.0,0.0,0.0,0.0,0.0,0.0,0.0,0.0,0.0,0.0,0.0,0.0,0.0,0.0,0.0,0.0,0.0,0.0,0.0,0.0,0.0,0.0,0.0,0.0,0.0,0.0,0.0,0.0,0.0,0.0,0.0,0.0,0.0,0.0,0.0,0.0,0.0,0.0,4.0,4.0,2.0,8.0,0.0,0.0,2.0,2.0,0.0,0.0,0.0,0.0,1.0,1.0,7.0,6.0,0.0,0.0,2.0,0.0,0.0,0.0,0.0,0.0,0.0,5.0,2.0,0.0,0.0,0.0,2.0,0.0,3.0,0.0,0.0,0.0,0.0,0.0,0.0,0.0,0.0,0.0,0.0,0.0,3.0,0.0,0.0,0.0,5.0,1.0,0.0,0.0,22.0,2.0,6.0,12.0,12.0,12.0,8.0,28.0
CHEMBL413964,IC50,15.7,25.0,5.0,5.0,0.0,3.0,0.0,3.0,1.0,32.0,8.0,6.0,0.0,3.0,0.0,3.0,0.0,2.0,0.0,0.0,3.0,3.0,3.0,28.0,11.0,10.0,0.0,6.0,0.0,6.0,0.0,1.0,20.0,12.0,8.0,0.0,6.0,0.0,6.0,3.0,0.0,0.0,0.0,16.0,14.0,9.0,0.0,3.0,0.0,3.0,0.0,1.0,0.0,0.0,0.0,0.0,19.0,6.0,7.0,0.0,3.0,0.0,3.0,2.0,2.0,0.0,0.0,0.0,2.0,0.0,0.0,0.0,0.0,24.0,2.0,7.0,0.0,3.0,0.0,3.0,2.0,1.0,0.0,0.0,1.0,24.0,5.0,7.0,0.0,3.0,0.0,3.0,0.0,1.0,0.0,0.0,0.0,24.0,4.0,5.0,0.0,0.0,0.0,0.0,0.0,2.0,3.0,3.0,0.0,3.0,3.0,20.0,6.0,8.0,0.0,3.0,0.0,3.0,0.0,0.0,0.0,0.0,0.0,0.0,0.0,0.0,0.0,0.0,0.0,2.0,0.0,0.0,0.0,0.0,1.0,0.0,0.0,1.0,1.0,2.0,0.0,2.0,0.0,0.0,1.0,1.0,2.0,0.0,1.0,2.0,0.0,3.0,1.0,1.0,8.0,2.0,2.0,1.0,0.0,0.0,0.0,0.0,0.0,0.0,1.0,1.0,1.0,0.0,0.0,0.0,0.0,0.0,0.0,0.0,1.0,1.0,0.0,0.0,0.0,1.0,0.0,0.0,0.0,0.0,0.0,0.0,0.0,0.0,0.0,0.0,0.0,1.0,0.0,0.0,0.0,1.0,0.0,0.0,0.0,0.0,0.0,0.0,0.0,0.0,0.0,0.0,0.0,0.0,0.0,2.0,0.0,0.0,0.0,0.0,1.0,0.0,0.0,1.0,1.0,3.0,4.0,2.0,0.0,0.0,0.0,0.0,0.0,4.0,1.0,0.0,0.0,0.0,0.0,2.0,0.0,3.0,0.0,0.0,0.0,3.0,0.0,1.0,0.0,2.0,0.0,0.0,0.0,18.0,0.0,4.0,10.0,10.0,10.0,11.0,24.0
CHEMBL3799656,IC50,71800.0,26.0,5.0,5.0,0.0,0.0,2.0,2.0,1.0,33.0,11.0,6.0,0.0,0.0,4.0,4.0,0.0,1.0,0.0,0.0,0.0,0.0,0.0,30.0,13.0,6.0,0.0,0.0,4.0,4.0,0.0,1.0,30.0,14.0,5.0,0.0,0.0,4.0,4.0,3.0,0.0,0.0,0.0,34.0,10.0,8.0,0.0,0.0,2.0,2.0,0.0,0.0,0.0,2.0,2.0,0.0,36.0,5.0,9.0,0.0,0.0,2.0,2.0,0.0,0.0,0.0,2.0,2.0,2.0,0.0,0.0,0.0,0.0,38.0,1.0,8.0,0.0,0.0,4.0,4.0,1.0,1.0,0.0,0.0,0.0,30.0,2.0,7.0,0.0,0.0,6.0,6.0,1.0,1.0,0.0,0.0,0.0,18.0,5.0,8.0,0.0,0.0,10.0,10.0,0.0,0.0,0.0,0.0,0.0,0.0,0.0,12.0,4.0,6.0,0.0,0.0,4.0,4.0,0.0,1.0,0.0,0.0,1.0,0.0,0.0,1.0,0.0,0.0,0.0,4.0,1.0,0.0,0.0,0.0,2.0,0.0,1.0,1.0,0.0,1.0,0.0,1.0,0.0,0.0,1.0,0.0,2.0,0.0,0.0,1.0,2.0,0.0,0.0,1.0,7.0,2.0,4.0,0.0,0.0,0.0,0.0,0.0,0.0,0.0,1.0,2.0,0.0,0.0,0.0,0.0,0.0,0.0,0.0,0.0,1.0,2.0,0.0,0.0,0.0,1.0,0.0,0.0,0.0,0.0,0.0,0.0,0.0,0.0,0.0,0.0,0.0,1.0,0.0,1.0,1.0,1.0,0.0,0.0,1.0,0.0,0.0,1.0,0.0,0.0,0.0,0.0,1.0,2.0,2.0,2.0,1.0,0.0,0.0,1.0,0.0,0.0,0.0,1.0,0.0,0.0,1.0,1.0,0.0,0.0,1.0,0.0,0.0,3.0,0.0,0.0,0.0,0.0,0.0,3.0,0.0,0.0,0.0,0.0,0.0,2.0,0.0,1.0,0.0,2.0,2.0,1.0,3.0,22.0,3.0,2.0,10.0,10.0,10.0,6.0,24.0
CHEMBL443971,IC50,86.0,38.0,7.0,3.0,2.0,0.0,1.0,1.0,0.0,51.0,7.0,3.0,2.0,0.0,2.0,2.0,1.0,1.0,0.0,0.0,0.0,0.0,0.0,46.0,14.0,5.0,5.0,0.0,2.0,2.0,0.0,0.0,44.0,14.0,3.0,7.0,0.0,1.0,1.0,2.0,0.0,0.0,0.0,50.0,14.0,4.0,7.0,0.0,1.0,1.0,0.0,0.0,0.0,0.0,0.0,0.0,56.0,12.0,3.0,4.0,0.0,1.0,1.0,0.0,0.0,0.0,1.0,1.0,2.0,0.0,0.0,0.0,0.0,62.0,6.0,4.0,2.0,0.0,2.0,2.0,1.0,1.0,0.0,0.0,0.0,62.0,7.0,6.0,3.0,0.0,2.0,2.0,0.0,0.0,0.0,1.0,0.0,61.0,5.0,4.0,2.0,0.0,4.0,4.0,1.0,1.0,0.0,0.0,0.0,0.0,0.0,53.0,7.0,6.0,2.0,0.0,4.0,4.0,0.0,0.0,0.0,0.0,0.0,0.0,0.0,0.0,0.0,0.0,0.0,7.0,0.0,0.0,0.0,0.0,4.0,2.0,1.0,1.0,0.0,1.0,0.0,1.0,0.0,0.0,1.0,0.0,2.0,0.0,3.0,0.0,1.0,0.0,0.0,1.0,11.0,2.0,7.0,0.0,0.0,0.0,0.0,0.0,0.0,0.0,1.0,5.0,0.0,0.0,0.0,0.0,0.0,0.0,0.0,0.0,1.0,1.0,3.0,0.0,0.0,1.0,2.0,0.0,0.0,1.0,0.0,0.0,0.0,0.0,0.0,0.0,0.0,1.0,0.0,1.0,1.0,1.0,0.0,0.0,1.0,0.0,0.0,1.0,0.0,0.0,0.0,0.0,1.0,1.0,1.0,3.0,1.0,0.0,0.0,1.0,1.0,0.0,0.0,1.0,0.0,0.0,2.0,1.0,0.0,0.0,1.0,0.0,0.0,3.0,0.0,0.0,0.0,0.0,0.0,5.0,0.0,0.0,0.0,0.0,0.0,2.0,0.0,1.0,0.0,2.0,1.0,1.0,2.0,29.0,2.0,4.0,12.0,12.0,12.0,10.0,33.0
CHEMBL491352,IC50,99.0,28.0,7.0,3.0,2.0,0.0,2.0,2.0,0.0,39.0,7.0,3.0,1.0,0.0,4.0,4.0,1.0,1.0,0.0,0.0,0.0,0.0,0.0,32.0,13.0,5.0,3.0,0.0,4.0,4.0,0.0,0.0,29.0,12.0,3.0,5.0,0.0,3.0,3.0,2.0,0.0,0.0,0.0,31.0,11.0,4.0,6.0,0.0,2.0,2.0,0.0,0.0,0.0,1.0,1.0,0.0,37.0,8.0,3.0,5.0,0.0,2.0,2.0,0.0,0.0,0.0,1.0,1.0,2.0,0.0,0.0,0.0,0.0,40.0,4.0,4.0,3.0,0.0,1.0,1.0,1.0,1.0,0.0,1.0,0.0,40.0,4.0,6.0,1.0,0.0,2.0,2.0,0.0,0.0,0.0,1.0,0.0,35.0,3.0,4.0,0.0,0.0,5.0,5.0,1.0,1.0,0.0,0.0,0.0,0.0,0.0,27.0,6.0,6.0,1.0,0.0,7.0,7.0,0.0,0.0,0.0,0.0,0.0,0.0,0.0,0.0,0.0,0.0,0.0,6.0,0.0,0.0,0.0,0.0,3.0,1.0,1.0,1.0,0.0,1.0,0.0,1.0,0.0,0.0,1.0,0.0,2.0,0.0,1.0,2.0,2.0,0.0,0.0,1.0,8.0,2.0,4.0,0.0,0.0,0.0,0.0,0.0,0.0,0.0,1.0,2.0,0.0,0.0,0.0,0.0,0.0,0.0,0.0,0.0,1.0,2.0,0.0,0.0,0.0,1.0,0.0,0.0,0.0,0.0,0.0,0.0,0.0,0.0,0.0,0.0,0.0,1.0,0.0,1.0,1.0,1.0,0.0,0.0,1.0,0.0,0.0,1.0,0.0,0.0,0.0,0.0,1.0,2.0,2.0,3.0,1.0,0.0,0.0,1.0,1.0,0.0,0.0,1.0,0.0,0.0,2.0,1.0,0.0,0.0,1.0,0.0,0.0,3.0,0.0,0.0,0.0,0.0,0.0,4.0,0.0,0.0,0.0,0.0,0.0,2.0,0.0,1.0,0.0,2.0,2.0,1.0,2.0,23.0,2.0,2.0,12.0,11.0,11.0,9.0,25.0
CHEMBL502694,IC50,131.0,30.0,7.0,3.0,2.0,6.0,0.0,6.0,0.0,43.0,7.0,3.0,1.0,6.0,0.0,6.0,1.0,1.0,0.0,0.0,6.0,6.0,6.0,39.0,13.0,5.0,3.0,12.0,0.0,12.0,0.0,0.0,38.0,12.0,3.0,5.0,12.0,0.0,12.0,2.0,0.0,0.0,0.0,35.0,12.0,4.0,6.0,18.0,0.0,18.0,0.0,0.0,0.0,0.0,0.0,0.0,37.0,10.0,3.0,7.0,6.0,0.0,6.0,0.0,0.0,6.0,0.0,6.0,2.0,0.0,9.0,9.0,9.0,43.0,5.0,4.0,2.0,6.0,0.0,6.0,1.0,1.0,0.0,0.0,0.0,42.0,6.0,6.0,3.0,0.0,0.0,0.0,0.0,0.0,6.0,6.0,0.0,46.0,3.0,4.0,0.0,12.0,0.0,12.0,1.0,1.0,0.0,0.0,0.0,0.0,0.0,38.0,6.0,6.0,1.0,18.0,0.0,18.0,0.0,0.0,0.0,0.0,0.0,0.0,0.0,1.0,1.0,0.0,0.0,3.0,0.0,0.0,0.0,0.0,1.0,0.0,1.0,1.0,3.0,1.0,0.0,1.0,0.0,0.0,1.0,2.0,2.0,0.0,1.0,1.0,0.0,6.0,0.0,1.0,11.0,2.0,4.0,0.0,0.0,0.0,1.0,0.0,0.0,0.0,1.0,2.0,0.0,0.0,0.0,0.0,0.0,0.0,0.0,0.0,1.0,2.0,0.0,0.0,0.0,0.0,0.0,0.0,0.0,0.0,0.0,0.0,0.0,0.0,0.0,0.0,0.0,1.0,0.0,1.0,1.0,1.0,0.0,0.0,1.0,0.0,0.0,1.0,0.0,0.0,0.0,0.0,1.0,0.0,0.0,3.0,1.0,0.0,0.0,1.0,1.0,0.0,0.0,1.0,0.0,6.0,2.0,1.0,0.0,0.0,1.0,0.0,0.0,3.0,0.0,0.0,0.0,0.0,3.0,1.0,1.0,6.0,0.0,0.0,0.0,2.0,0.0,1.0,0.0,2.0,0.0,1.0,2.0,23.0,2.0,2.0,12.0,11.0,11.0,12.0,28.0
CHEMBL494248,IC50,531.0,29.0,7.0,3.0,2.0,0.0,2.0,2.0,0.0,40.0,7.0,3.0,1.0,0.0,4.0,4.0,1.0,1.0,0.0,0.0,0.0,0.0,0.0,35.0,14.0,5.0,3.0,0.0,4.0,4.0,0.0,0.0,33.0,13.0,3.0,5.0,0.0,3.0,3.0,2.0,0.0,0.0,0.0,36.0,11.0,4.0,7.0,0.0,2.0,2.0,0.0,0.0,0.0,1.0,1.0,0.0,40.0,9.0,3.0,6.0,0.0,2.0,2.0,0.0,0.0,0.0,1.0,1.0,2.0,0.0,0.0,0.0,0.0,46.0,3.0,4.0,2.0,0.0,1.0,1.0,1.0,1.0,0.0,1.0,0.0,42.0,4.0,6.0,1.0,0.0,2.0,2.0,0.0,0.0,0.0,1.0,0.0,38.0,3.0,4.0,0.0,0.0,5.0,5.0,1.0,1.0,0.0,0.0,0.0,0.0,0.0,28.0,7.0,7.0,1.0,0.0,8.0,8.0,0.0,0.0,0.0,0.0,0.0,0.0,0.0,1.0,0.0,0.0,0.0,6.0,1.0,0.0,0.0,0.0,3.0,1.0,1.0,1.0,0.0,1.0,0.0,1.0,0.0,0.0,1.0,0.0,2.0,0.0,1.0,1.0,2.0,0.0,0.0,1.0,9.0,2.0,5.0,0.0,0.0,0.0,0.0,0.0,0.0,0.0,1.0,3.0,0.0,0.0,0.0,0.0,0.0,0.0,0.0,0.0,1.0,2.0,1.0,0.0,0.0,2.0,0.0,0.0,0.0,0.0,0.0,0.0,0.0,0.0,0.0,1.0,0.0,2.0,0.0,1.0,1.0,2.0,0.0,0.0,2.0,0.0,0.0,1.0,0.0,0.0,0.0,0.0,1.0,2.0,2.0,4.0,2.0,0.0,0.0,1.0,0.0,0.0,0.0,1.0,0.0,0.0,2.0,1.0,0.0,0.0,1.0,0.0,0.0,3.0,0.0,0.0,0.0,0.0,0.0,4.0,0.0,0.0,0.0,0.0,0.0,2.0,0.0,1.0,0.0,2.0,2.0,1.0,2.0,23.0,2.0,2.0,12.0,13.0,13.0,9.0,26.0
CHEMBL219138,IC50,182.0,31.0,7.0,6.0,0.0,3.0,0.0,3.0,0.0,41.0,7.0,6.0,0.0,3.0,0.0,3.0,1.0,3.0,0.0,0.0,3.0,3.0,3.0,36.0,13.0,12.0,0.0,6.0,0.0,6.0,0.0,0.0,35.0,11.0,10.0,0.0,6.0,0.0,6.0,2.0,3.0,3.0,0.0,37.0,10.0,11.0,0.0,6.0,0.0,6.0,0.0,1.0,0.0,0.0,0.0,0.0,40.0,10.0,8.0,0.0,3.0,0.0,3.0,0.0,0.0,3.0,0.0,3.0,2.0,3.0,0.0,0.0,0.0,48.0,3.0,6.0,0.0,9.0,0.0,9.0,1.0,2.0,0.0,0.0,1.0,37.0,10.0,13.0,0.0,15.0,0.0,15.0,0.0,0.0,0.0,0.0,0.0,39.0,4.0,8.0,0.0,12.0,0.0,12.0,1.0,2.0,0.0,0.0,1.0,0.0,0.0,34.0,7.0,12.0,0.0,9.0,0.0,9.0,0.0,0.0,0.0,0.0,0.0,0.0,0.0,3.0,0.0,0.0,0.0,9.0,5.0,0.0,0.0,0.0,3.0,0.0,1.0,1.0,3.0,2.0,0.0,2.0,0.0,0.0,1.0,2.0,3.0,0.0,1.0,1.0,0.0,3.0,1.0,1.0,21.0,3.0,16.0,0.0,0.0,7.0,0.0,1.0,1.0,0.0,1.0,18.0,0.0,0.0,0.0,2.0,11.0,7.0,2.0,2.0,1.0,0.0,15.0,0.0,0.0,0.0,14.0,0.0,0.0,9.0,6.0,7.0,3.0,7.0,4.0,2.0,2.0,3.0,2.0,3.0,3.0,3.0,2.0,0.0,5.0,0.0,0.0,3.0,0.0,0.0,0.0,0.0,2.0,0.0,0.0,6.0,4.0,0.0,2.0,3.0,1.0,0.0,0.0,2.0,1.0,3.0,3.0,3.0,0.0,0.0,1.0,0.0,0.0,5.0,0.0,0.0,0.0,0.0,3.0,6.0,2.0,3.0,0.0,0.0,0.0,2.0,0.0,1.0,0.0,2.0,0.0,0.0,0.0,12.0,0.0,2.0,13.0,25.0,25.0,16.0,25.0
CHEMBL373824,IC50,56.0,27.0,8.0,6.0,0.0,3.0,0.0,3.0,0.0,39.0,8.0,5.0,0.0,0.0,0.0,0.0,1.0,3.0,3.0,3.0,3.0,3.0,3.0,35.0,15.0,10.0,0.0,3.0,0.0,3.0,0.0,0.0,31.0,13.0,10.0,0.0,6.0,0.0,6.0,2.0,0.0,0.0,0.0,31.0,12.0,11.0,0.0,6.0,0.0,6.0,0.0,2.0,0.0,0.0,0.0,0.0,34.0,11.0,8.0,0.0,6.0,0.0,6.0,1.0,1.0,0.0,0.0,0.0,2.0,0.0,0.0,0.0,0.0,44.0,4.0,6.0,0.0,0.0,0.0,0.0,1.0,2.0,6.0,6.0,1.0,36.0,11.0,13.0,0.0,3.0,0.0,3.0,0.0,0.0,0.0,0.0,0.0,37.0,7.0,7.0,0.0,0.0,0.0,0.0,1.0,2.0,3.0,3.0,1.0,3.0,3.0,32.0,8.0,10.0,0.0,6.0,0.0,6.0,0.0,0.0,0.0,0.0,0.0,0.0,0.0,2.0,0.0,0.0,0.0,7.0,4.0,0.0,0.0,0.0,3.0,0.0,1.0,1.0,3.0,2.0,0.0,2.0,0.0,0.0,1.0,2.0,3.0,0.0,1.0,1.0,0.0,3.0,1.0,1.0,18.0,3.0,12.0,0.0,0.0,5.0,0.0,1.0,1.0,0.0,1.0,15.0,0.0,0.0,0.0,2.0,11.0,7.0,2.0,2.0,1.0,0.0,14.0,0.0,0.0,0.0,14.0,0.0,0.0,9.0,6.0,7.0,3.0,7.0,4.0,2.0,2.0,3.0,2.0,3.0,1.0,3.0,2.0,0.0,5.0,0.0,0.0,3.0,0.0,0.0,0.0,0.0,1.0,0.0,0.0,6.0,4.0,0.0,2.0,3.0,1.0,0.0,0.0,2.0,1.0,3.0,4.0,3.0,0.0,0.0,1.0,0.0,0.0,5.0,0.0,0.0,3.0,0.0,3.0,5.0,1.0,3.0,0.0,3.0,3.0,2.0,0.0,1.0,0.0,2.0,0.0,0.0,0.0,12.0,0.0,2.0,14.0,20.0,20.0,14.0,22.0
CHEMBL106134,IC50,4900.0,19.0,2.0,4.0,0.0,0.0,0.0,0.0,1.0,25.0,4.0,5.0,0.0,0.0,0.0,0.0,0.0,1.0,0.0,0.0,0.0,0.0,0.0,23.0,6.0,7.0,0.0,0.0,0.0,0.0,0.0,1.0,15.0,9.0,7.0,0.0,0.0,0.0,0.0,0.0,0.0,0.0,0.0,11.0,9.0,5.0,0.0,0.0,0.0,0.0,0.0,0.0,0.0,0.0,0.0,0.0,11.0,5.0,2.0,0.0,0.0,0.0,0.0,0.0,2.0,0.0,0.0,0.0,1.0,0.0,0.0,0.0,0.0,13.0,2.0,3.0,0.0,0.0,0.0,0.0,0.0,2.0,0.0,0.0,0.0,15.0,1.0,5.0,0.0,0.0,0.0,0.0,0.0,0.0,0.0,0.0,0.0,16.0,0.0,3.0,0.0,0.0,0.0,0.0,0.0,0.0,0.0,0.0,1.0,0.0,0.0,12.0,0.0,5.0,0.0,0.0,0.0,0.0,0.0,0.0,0.0,0.0,0.0,0.0,0.0,0.0,0.0,0.0,0.0,0.0,0.0,0.0,0.0,0.0,0.0,0.0,0.0,0.0,1.0,1.0,0.0,1.0,0.0,0.0,1.0,0.0,1.0,0.0,1.0,0.0,0.0,0.0,1.0,1.0,3.0,1.0,0.0,0.0,0.0,0.0,0.0,0.0,0.0,0.0,0.0,0.0,0.0,0.0,0.0,0.0,0.0,0.0,0.0,0.0,0.0,0.0,0.0,0.0,0.0,0.0,0.0,0.0,0.0,0.0,0.0,0.0,0.0,0.0,0.0,0.0,0.0,0.0,0.0,0.0,0.0,0.0,0.0,0.0,0.0,0.0,0.0,0.0,0.0,0.0,0.0,0.0,0.0,0.0,0.0,1.0,0.0,0.0,0.0,0.0,0.0,0.0,0.0,1.0,1.0,0.0,2.0,1.0,0.0,0.0,0.0,0.0,0.0,3.0,0.0,0.0,0.0,0.0,0.0,0.0,0.0,0.0,0.0,0.0,0.0,2.0,0.0,0.0,0.0,2.0,0.0,0.0,0.0,16.0,0.0,4.0,6.0,5.0,5.0,5.0,19.0
CHEMBL3798548,IC50,131100.0,34.0,6.0,5.0,0.0,0.0,2.0,2.0,1.0,47.0,12.0,5.0,0.0,0.0,4.0,4.0,0.0,1.0,0.0,0.0,0.0,0.0,0.0,46.0,13.0,10.0,0.0,0.0,4.0,4.0,0.0,0.0,42.0,14.0,8.0,0.0,0.0,4.0,4.0,2.0,0.0,0.0,0.0,46.0,11.0,6.0,0.0,0.0,2.0,2.0,0.0,0.0,0.0,2.0,2.0,0.0,50.0,8.0,4.0,0.0,0.0,2.0,2.0,0.0,0.0,0.0,2.0,2.0,2.0,0.0,0.0,0.0,0.0,50.0,5.0,6.0,0.0,0.0,4.0,4.0,1.0,1.0,0.0,0.0,0.0,48.0,4.0,6.0,0.0,0.0,8.0,8.0,1.0,2.0,0.0,0.0,0.0,40.0,8.0,7.0,0.0,0.0,8.0,8.0,0.0,1.0,0.0,0.0,0.0,0.0,0.0,35.0,7.0,8.0,0.0,0.0,8.0,8.0,0.0,0.0,0.0,0.0,0.0,0.0,0.0,2.0,1.0,0.0,1.0,3.0,2.0,2.0,0.0,0.0,1.0,0.0,0.0,0.0,2.0,0.0,0.0,0.0,0.0,0.0,1.0,0.0,2.0,0.0,1.0,2.0,2.0,0.0,1.0,1.0,9.0,2.0,5.0,0.0,0.0,1.0,0.0,0.0,0.0,0.0,1.0,4.0,0.0,0.0,0.0,0.0,1.0,0.0,0.0,0.0,2.0,1.0,2.0,0.0,1.0,0.0,0.0,0.0,0.0,0.0,0.0,0.0,0.0,0.0,0.0,2.0,2.0,3.0,2.0,3.0,2.0,2.0,2.0,1.0,4.0,0.0,0.0,2.0,1.0,0.0,0.0,0.0,1.0,2.0,2.0,3.0,3.0,0.0,0.0,2.0,0.0,0.0,0.0,2.0,1.0,0.0,1.0,1.0,0.0,0.0,1.0,0.0,0.0,4.0,0.0,0.0,0.0,0.0,1.0,1.0,1.0,0.0,0.0,0.0,0.0,2.0,0.0,0.0,0.0,2.0,2.0,1.0,2.0,27.0,3.0,2.0,11.0,11.0,11.0,6.0,31.0
CHEMBL3238230,IC50,44.0,31.0,9.0,2.0,0.0,0.0,2.0,2.0,3.0,42.0,15.0,2.0,0.0,0.0,4.0,4.0,4.0,2.0,0.0,0.0,0.0,0.0,0.0,42.0,15.0,6.0,0.0,0.0,4.0,4.0,2.0,1.0,42.0,15.0,9.0,0.0,0.0,4.0,4.0,0.0,0.0,0.0,0.0,49.0,17.0,8.0,0.0,0.0,2.0,2.0,0.0,2.0,0.0,2.0,2.0,0.0,60.0,14.0,6.0,0.0,0.0,2.0,2.0,0.0,2.0,0.0,2.0,2.0,0.0,2.0,0.0,0.0,0.0,61.0,13.0,6.0,0.0,0.0,6.0,6.0,1.0,1.0,0.0,0.0,0.0,50.0,11.0,5.0,0.0,0.0,8.0,8.0,0.0,0.0,0.0,0.0,0.0,42.0,9.0,4.0,0.0,0.0,8.0,8.0,1.0,2.0,0.0,0.0,1.0,0.0,0.0,31.0,11.0,7.0,0.0,0.0,8.0,8.0,2.0,0.0,0.0,0.0,0.0,0.0,0.0,2.0,0.0,0.0,0.0,8.0,4.0,0.0,0.0,0.0,3.0,0.0,1.0,0.0,4.0,1.0,0.0,1.0,0.0,0.0,0.0,2.0,2.0,0.0,1.0,0.0,2.0,0.0,0.0,0.0,19.0,2.0,15.0,1.0,0.0,5.0,0.0,2.0,1.0,0.0,1.0,17.0,0.0,0.0,0.0,1.0,6.0,3.0,4.0,2.0,0.0,2.0,14.0,0.0,0.0,1.0,13.0,0.0,0.0,5.0,2.0,3.0,1.0,3.0,11.0,5.0,3.0,5.0,3.0,3.0,0.0,6.0,4.0,5.0,8.0,3.0,0.0,3.0,5.0,0.0,0.0,0.0,0.0,2.0,2.0,6.0,4.0,2.0,2.0,3.0,0.0,0.0,0.0,0.0,0.0,0.0,3.0,2.0,0.0,0.0,0.0,0.0,0.0,2.0,0.0,0.0,0.0,0.0,4.0,7.0,1.0,0.0,0.0,0.0,0.0,2.0,0.0,1.0,0.0,2.0,2.0,3.0,4.0,17.0,6.0,5.0,11.0,21.0,21.0,11.0,23.0
CHEMBL3237903,IC50,1100.0,29.0,7.0,4.0,0.0,1.0,0.0,1.0,0.0,40.0,11.0,4.0,0.0,2.0,0.0,2.0,1.0,2.0,0.0,0.0,0.0,0.0,0.0,41.0,13.0,8.0,0.0,3.0,0.0,3.0,0.0,1.0,39.0,12.0,9.0,0.0,2.0,0.0,2.0,2.0,1.0,1.0,0.0,40.0,9.0,10.0,0.0,1.0,0.0,1.0,0.0,0.0,1.0,0.0,1.0,0.0,41.0,11.0,7.0,0.0,3.0,0.0,3.0,0.0,0.0,0.0,0.0,0.0,2.0,0.0,0.0,0.0,0.0,46.0,2.0,7.0,0.0,4.0,0.0,4.0,1.0,1.0,0.0,0.0,0.0,38.0,4.0,10.0,0.0,3.0,0.0,3.0,0.0,0.0,0.0,0.0,0.0,33.0,4.0,5.0,0.0,3.0,0.0,3.0,1.0,2.0,0.0,0.0,1.0,0.0,0.0,27.0,5.0,6.0,0.0,4.0,0.0,4.0,0.0,0.0,0.0,0.0,0.0,0.0,0.0,2.0,1.0,0.0,0.0,6.0,2.0,0.0,0.0,0.0,3.0,0.0,1.0,1.0,4.0,1.0,0.0,1.0,0.0,0.0,1.0,2.0,3.0,0.0,1.0,0.0,0.0,1.0,0.0,1.0,18.0,3.0,14.0,1.0,0.0,5.0,0.0,2.0,1.0,0.0,2.0,15.0,0.0,0.0,0.0,2.0,11.0,7.0,4.0,2.0,1.0,2.0,14.0,0.0,0.0,0.0,14.0,0.0,0.0,9.0,6.0,7.0,3.0,7.0,8.0,4.0,2.0,5.0,2.0,3.0,1.0,7.0,4.0,5.0,9.0,3.0,0.0,4.0,5.0,0.0,0.0,0.0,1.0,0.0,0.0,6.0,4.0,2.0,2.0,3.0,0.0,0.0,0.0,1.0,0.0,1.0,3.0,2.0,0.0,0.0,1.0,0.0,0.0,4.0,0.0,0.0,0.0,0.0,4.0,5.0,1.0,0.0,0.0,0.0,0.0,3.0,0.0,1.0,0.0,2.0,0.0,0.0,0.0,12.0,2.0,5.0,11.0,18.0,18.0,9.0,22.0
CHEMBL3237907,IC50,150.0,30.0,7.0,4.0,0.0,0.0,0.0,0.0,0.0,42.0,11.0,4.0,0.0,0.0,0.0,0.0,1.0,2.0,0.0,0.0,0.0,0.0,0.0,43.0,13.0,8.0,0.0,0.0,0.0,0.0,0.0,1.0,41.0,12.0,9.0,0.0,0.0,0.0,0.0,2.0,0.0,0.0,0.0,41.0,10.0,10.0,0.0,0.0,0.0,0.0,0.0,0.0,0.0,0.0,0.0,0.0,42.0,12.0,8.0,0.0,0.0,0.0,0.0,0.0,0.0,0.0,0.0,0.0,2.0,0.0,0.0,0.0,0.0,49.0,2.0,7.0,0.0,0.0,0.0,0.0,1.0,1.0,0.0,0.0,0.0,42.0,4.0,10.0,0.0,0.0,0.0,0.0,0.0,0.0,0.0,0.0,0.0,36.0,4.0,5.0,0.0,0.0,0.0,0.0,1.0,2.0,0.0,0.0,1.0,0.0,0.0,30.0,5.0,6.0,0.0,0.0,0.0,0.0,0.0,0.0,0.0,0.0,0.0,0.0,0.0,2.0,1.0,0.0,0.0,6.0,2.0,0.0,0.0,0.0,3.0,0.0,1.0,1.0,5.0,1.0,0.0,1.0,0.0,0.0,1.0,2.0,3.0,0.0,1.0,0.0,0.0,0.0,0.0,1.0,19.0,3.0,14.0,1.0,0.0,5.0,0.0,2.0,1.0,0.0,2.0,15.0,0.0,0.0,0.0,2.0,11.0,7.0,4.0,2.0,1.0,2.0,14.0,0.0,0.0,0.0,14.0,0.0,0.0,9.0,6.0,7.0,3.0,7.0,8.0,4.0,2.0,5.0,2.0,3.0,1.0,7.0,4.0,5.0,9.0,3.0,0.0,4.0,5.0,0.0,0.0,0.0,1.0,0.0,0.0,6.0,4.0,2.0,2.0,3.0,0.0,0.0,0.0,1.0,0.0,0.0,3.0,2.0,0.0,0.0,1.0,0.0,0.0,4.0,0.0,0.0,0.0,0.0,5.0,5.0,1.0,0.0,0.0,0.0,0.0,3.0,0.0,1.0,0.0,2.0,0.0,0.0,0.0,12.0,2.0,5.0,11.0,19.0,19.0,9.0,22.0
CHEMBL3237911,IC50,620.0,29.0,7.0,4.0,0.0,1.0,1.0,2.0,0.0,40.0,11.0,4.0,0.0,2.0,2.0,4.0,1.0,2.0,0.0,0.0,0.0,0.0,0.0,41.0,13.0,8.0,0.0,3.0,2.0,5.0,0.0,1.0,39.0,12.0,9.0,0.0,2.0,2.0,4.0,2.0,1.0,1.0,0.0,40.0,9.0,10.0,0.0,1.0,1.0,2.0,0.0,0.0,1.0,1.0,2.0,0.0,41.0,11.0,7.0,0.0,3.0,1.0,4.0,0.0,0.0,0.0,1.0,1.0,2.0,1.0,0.0,0.0,0.0,46.0,2.0,7.0,0.0,4.0,3.0,7.0,1.0,1.0,0.0,0.0,0.0,38.0,4.0,10.0,0.0,3.0,4.0,7.0,0.0,0.0,0.0,0.0,0.0,33.0,4.0,5.0,0.0,3.0,3.0,6.0,1.0,2.0,0.0,0.0,1.0,0.0,0.0,27.0,5.0,6.0,0.0,4.0,3.0,7.0,0.0,0.0,0.0,0.0,0.0,0.0,0.0,2.0,1.0,0.0,0.0,6.0,2.0,0.0,0.0,0.0,3.0,0.0,1.0,1.0,4.0,1.0,0.0,1.0,0.0,0.0,1.0,2.0,3.0,0.0,1.0,0.0,1.0,1.0,0.0,1.0,18.0,3.0,14.0,1.0,0.0,5.0,0.0,2.0,1.0,0.0,2.0,15.0,0.0,0.0,0.0,2.0,11.0,7.0,4.0,2.0,1.0,2.0,14.0,0.0,0.0,0.0,14.0,0.0,0.0,9.0,6.0,7.0,3.0,7.0,8.0,4.0,2.0,5.0,2.0,3.0,1.0,7.0,4.0,5.0,9.0,3.0,0.0,4.0,5.0,0.0,0.0,0.0,1.0,1.0,1.0,6.0,4.0,2.0,2.0,3.0,0.0,0.0,0.0,1.0,0.0,1.0,3.0,2.0,0.0,0.0,1.0,0.0,0.0,4.0,0.0,0.0,0.0,0.0,4.0,5.0,1.0,0.0,0.0,0.0,0.0,3.0,0.0,1.0,0.0,2.0,1.0,0.0,0.0,12.0,2.0,5.0,11.0,18.0,18.0,9.0,22.0
CHEMBL3237912,IC50,340.0,29.0,7.0,4.0,0.0,1.0,1.0,2.0,0.0,40.0,11.0,4.0,0.0,2.0,2.0,4.0,1.0,2.0,0.0,0.0,0.0,0.0,0.0,41.0,13.0,8.0,0.0,3.0,2.0,5.0,0.0,1.0,39.0,12.0,9.0,0.0,2.0,2.0,4.0,2.0,1.0,1.0,0.0,40.0,9.0,10.0,0.0,1.0,1.0,2.0,0.0,0.0,1.0,1.0,2.0,0.0,41.0,11.0,7.0,0.0,3.0,1.0,4.0,0.0,0.0,0.0,1.0,1.0,2.0,1.0,0.0,0.0,0.0,46.0,2.0,7.0,0.0,4.0,3.0,7.0,1.0,1.0,0.0,0.0,0.0,38.0,4.0,10.0,0.0,3.0,4.0,7.0,0.0,0.0,0.0,0.0,0.0,33.0,4.0,5.0,0.0,3.0,3.0,6.0,1.0,2.0,0.0,0.0,1.0,0.0,0.0,27.0,5.0,6.0,0.0,4.0,3.0,7.0,0.0,0.0,0.0,0.0,0.0,0.0,0.0,2.0,1.0,0.0,0.0,6.0,2.0,0.0,0.0,0.0,3.0,0.0,1.0,1.0,4.0,1.0,0.0,1.0,0.0,0.0,1.0,2.0,3.0,0.0,1.0,1.0,1.0,1.0,0.0,1.0,18.0,3.0,14.0,1.0,0.0,5.0,0.0,2.0,1.0,0.0,2.0,15.0,0.0,0.0,0.0,2.0,11.0,7.0,4.0,2.0,1.0,2.0,14.0,0.0,0.0,0.0,14.0,0.0,0.0,9.0,6.0,7.0,3.0,7.0,8.0,4.0,2.0,5.0,2.0,3.0,1.0,7.0,4.0,5.0,9.0,3.0,0.0,4.0,5.0,0.0,0.0,0.0,1.0,1.0,1.0,6.0,4.0,2.0,2.0,3.0,0.0,0.0,0.0,1.0,0.0,1.0,3.0,2.0,0.0,0.0,1.0,0.0,0.0,4.0,0.0,0.0,0.0,0.0,4.0,5.0,1.0,0.0,0.0,0.0,0.0,3.0,0.0,1.0,0.0,2.0,1.0,0.0,0.0,12.0,2.0,5.0,11.0,18.0,18.0,9.0,22.0
CHEMBL3237916,IC50,520.0,29.0,7.0,4.0,0.0,0.0,1.0,1.0,0.0,40.0,11.0,4.0,0.0,0.0,2.0,2.0,1.0,2.0,0.0,0.0,0.0,0.0,0.0,41.0,13.0,8.0,0.0,0.0,3.0,3.0,0.0,1.0,39.0,12.0,9.0,0.0,0.0,2.0,2.0,2.0,0.0,1.0,0.0,40.0,9.0,10.0,0.0,0.0,1.0,1.0,0.0,0.0,0.0,1.0,1.0,0.0,41.0,11.0,7.0,0.0,0.0,3.0,3.0,0.0,0.0,0.0,0.0,0.0,2.0,0.0,0.0,0.0,0.0,46.0,2.0,7.0,0.0,0.0,4.0,4.0,1.0,1.0,0.0,0.0,0.0,38.0,4.0,10.0,0.0,0.0,3.0,3.0,0.0,0.0,0.0,0.0,0.0,33.0,4.0,5.0,0.0,0.0,3.0,3.0,1.0,2.0,0.0,0.0,1.0,0.0,0.0,27.0,5.0,6.0,0.0,0.0,4.0,4.0,0.0,0.0,0.0,0.0,0.0,0.0,0.0,2.0,1.0,0.0,0.0,6.0,2.0,0.0,0.0,0.0,3.0,0.0,1.0,1.0,4.0,1.0,0.0,1.0,0.0,0.0,1.0,2.0,3.0,0.0,1.0,0.0,1.0,0.0,0.0,1.0,18.0,3.0,14.0,1.0,0.0,5.0,0.0,2.0,1.0,0.0,2.0,15.0,0.0,0.0,0.0,2.0,11.0,7.0,4.0,2.0,1.0,2.0,14.0,0.0,0.0,0.0,14.0,0.0,0.0,9.0,6.0,7.0,3.0,7.0,8.0,4.0,2.0,5.0,2.0,3.0,1.0,7.0,4.0,5.0,9.0,3.0,0.0,4.0,5.0,0.0,0.0,0.0,1.0,1.0,1.0,6.0,4.0,2.0,2.0,3.0,0.0,0.0,0.0,1.0,0.0,0.0,3.0,2.0,0.0,0.0,1.0,0.0,0.0,4.0,0.0,0.0,0.0,0.0,4.0,5.0,1.0,0.0,0.0,0.0,0.0,3.0,0.0,1.0,0.0,2.0,1.0,0.0,0.0,12.0,2.0,5.0,11.0,18.0,18.0,9.0,22.0
CHEMBL1922705,IC50,38.0,20.0,12.0,3.0,0.0,3.0,1.0,4.0,3.0,31.0,10.0,3.0,0.0,0.0,2.0,2.0,8.0,1.0,3.0,3.0,3.0,3.0,3.0,26.0,20.0,5.0,0.0,3.0,2.0,5.0,2.0,0.0,25.0,19.0,3.0,0.0,6.0,1.0,7.0,2.0,0.0,1.0,0.0,29.0,18.0,1.0,0.0,6.0,2.0,8.0,0.0,3.0,0.0,1.0,1.0,0.0,32.0,17.0,2.0,0.0,3.0,1.0,4.0,0.0,0.0,0.0,1.0,1.0,0.0,0.0,0.0,0.0,0.0,34.0,8.0,0.0,0.0,0.0,2.0,2.0,1.0,3.0,3.0,3.0,0.0,23.0,11.0,6.0,0.0,3.0,4.0,7.0,0.0,0.0,0.0,0.0,0.0,21.0,4.0,5.0,0.0,0.0,4.0,4.0,4.0,2.0,6.0,6.0,0.0,0.0,0.0,12.0,10.0,8.0,0.0,12.0,2.0,14.0,2.0,0.0,0.0,0.0,0.0,0.0,0.0,0.0,0.0,0.0,0.0,1.0,0.0,0.0,0.0,0.0,0.0,0.0,0.0,0.0,1.0,1.0,0.0,1.0,0.0,0.0,0.0,1.0,1.0,0.0,2.0,1.0,1.0,3.0,1.0,0.0,5.0,1.0,0.0,0.0,0.0,0.0,0.0,0.0,0.0,0.0,0.0,0.0,0.0,0.0,0.0,0.0,0.0,0.0,0.0,0.0,0.0,0.0,0.0,0.0,0.0,0.0,0.0,0.0,0.0,0.0,0.0,0.0,0.0,0.0,0.0,0.0,0.0,0.0,0.0,0.0,0.0,0.0,0.0,0.0,0.0,0.0,0.0,0.0,0.0,0.0,0.0,0.0,0.0,1.0,1.0,4.0,1.0,0.0,0.0,0.0,3.0,0.0,0.0,1.0,1.0,3.0,4.0,1.0,0.0,0.0,0.0,0.0,0.0,2.0,0.0,0.0,3.0,0.0,0.0,0.0,0.0,3.0,0.0,3.0,3.0,1.0,0.0,1.0,0.0,2.0,1.0,3.0,4.0,23.0,6.0,6.0,15.0,7.0,7.0,8.0,25.0
CHEMBL1922708,IC50,1.7,25.0,12.0,3.0,0.0,6.0,0.0,6.0,3.0,38.0,10.0,3.0,0.0,3.0,0.0,3.0,8.0,1.0,3.0,3.0,6.0,6.0,6.0,34.0,21.0,5.0,0.0,9.0,0.0,9.0,2.0,0.0,35.0,22.0,3.0,0.0,12.0,0.0,12.0,2.0,0.0,0.0,0.0,40.0,22.0,1.0,0.0,12.0,0.0,12.0,0.0,3.0,3.0,0.0,3.0,0.0,43.0,21.0,2.0,0.0,12.0,0.0,12.0,0.0,0.0,3.0,0.0,3.0,0.0,0.0,0.0,0.0,0.0,48.0,10.0,0.0,0.0,9.0,0.0,9.0,1.0,3.0,6.0,6.0,0.0,38.0,12.0,6.0,0.0,15.0,0.0,15.0,0.0,0.0,0.0,0.0,0.0,36.0,4.0,5.0,0.0,12.0,0.0,12.0,4.0,2.0,6.0,6.0,0.0,0.0,0.0,25.0,10.0,9.0,0.0,21.0,0.0,21.0,2.0,0.0,0.0,0.0,0.0,0.0,0.0,0.0,0.0,0.0,0.0,4.0,0.0,0.0,0.0,0.0,2.0,1.0,0.0,0.0,2.0,1.0,0.0,1.0,0.0,0.0,0.0,2.0,1.0,0.0,2.0,0.0,0.0,6.0,1.0,0.0,10.0,1.0,3.0,0.0,0.0,0.0,0.0,0.0,0.0,0.0,0.0,2.0,0.0,0.0,0.0,0.0,0.0,0.0,0.0,0.0,0.0,1.0,1.0,0.0,0.0,1.0,0.0,0.0,0.0,0.0,0.0,0.0,0.0,0.0,0.0,0.0,0.0,0.0,0.0,0.0,0.0,0.0,0.0,0.0,0.0,0.0,0.0,0.0,0.0,0.0,0.0,0.0,0.0,0.0,0.0,4.0,1.0,0.0,0.0,0.0,3.0,0.0,0.0,1.0,1.0,6.0,4.0,1.0,0.0,0.0,0.0,0.0,0.0,2.0,0.0,0.0,3.0,0.0,1.0,3.0,0.0,6.0,0.0,3.0,3.0,1.0,0.0,1.0,0.0,2.0,0.0,3.0,4.0,23.0,6.0,6.0,15.0,11.0,11.0,12.0,26.0
CHEMBL1922715,IC50,7.0,21.0,12.0,5.0,0.0,3.0,1.0,4.0,3.0,32.0,10.0,6.0,0.0,0.0,2.0,2.0,8.0,1.0,3.0,3.0,3.0,3.0,3.0,29.0,20.0,7.0,0.0,3.0,2.0,5.0,2.0,1.0,29.0,20.0,6.0,0.0,6.0,1.0,7.0,3.0,0.0,1.0,0.0,34.0,20.0,2.0,0.0,6.0,3.0,9.0,0.0,4.0,0.0,1.0,1.0,0.0,36.0,19.0,4.0,0.0,3.0,3.0,6.0,0.0,0.0,0.0,1.0,1.0,0.0,0.0,0.0,0.0,0.0,37.0,9.0,4.0,0.0,0.0,3.0,3.0,1.0,3.0,3.0,3.0,0.0,29.0,11.0,10.0,0.0,3.0,4.0,7.0,0.0,0.0,0.0,0.0,0.0,29.0,4.0,7.0,0.0,0.0,3.0,3.0,4.0,2.0,6.0,6.0,0.0,0.0,0.0,18.0,10.0,9.0,0.0,12.0,2.0,14.0,2.0,0.0,0.0,0.0,1.0,0.0,0.0,0.0,0.0,0.0,0.0,2.0,0.0,0.0,0.0,0.0,0.0,0.0,0.0,0.0,2.0,1.0,0.0,1.0,0.0,0.0,0.0,1.0,1.0,0.0,2.0,0.0,1.0,3.0,2.0,0.0,7.0,1.0,1.0,0.0,0.0,0.0,0.0,0.0,0.0,0.0,0.0,0.0,0.0,0.0,0.0,0.0,0.0,0.0,0.0,0.0,0.0,0.0,0.0,0.0,0.0,0.0,0.0,0.0,0.0,0.0,0.0,0.0,0.0,0.0,0.0,0.0,0.0,0.0,0.0,0.0,0.0,0.0,0.0,0.0,0.0,0.0,0.0,0.0,0.0,0.0,0.0,0.0,1.0,1.0,1.0,4.0,1.0,0.0,0.0,0.0,3.0,0.0,0.0,2.0,2.0,3.0,4.0,1.0,0.0,0.0,0.0,0.0,0.0,3.0,0.0,0.0,3.0,0.0,1.0,0.0,0.0,3.0,0.0,3.0,3.0,1.0,0.0,1.0,0.0,2.0,1.0,3.0,4.0,23.0,6.0,6.0,17.0,9.0,9.0,10.0,25.0
CHEMBL157280,IC50,16.5,24.0,6.0,3.0,0.0,0.0,0.0,0.0,1.0,32.0,8.0,4.0,0.0,0.0,0.0,0.0,0.0,2.0,0.0,0.0,0.0,0.0,0.0,34.0,9.0,8.0,0.0,0.0,0.0,0.0,0.0,1.0,25.0,13.0,8.0,0.0,0.0,0.0,0.0,1.0,0.0,0.0,0.0,19.0,15.0,7.0,0.0,0.0,0.0,0.0,0.0,0.0,0.0,0.0,0.0,0.0,21.0,10.0,5.0,0.0,0.0,0.0,0.0,1.0,2.0,0.0,0.0,0.0,1.0,0.0,0.0,0.0,0.0,26.0,5.0,5.0,0.0,0.0,0.0,0.0,1.0,1.0,0.0,0.0,0.0,27.0,2.0,4.0,0.0,0.0,0.0,0.0,1.0,1.0,0.0,0.0,0.0,23.0,3.0,3.0,0.0,0.0,0.0,0.0,1.0,1.0,0.0,0.0,0.0,0.0,0.0,17.0,7.0,4.0,0.0,0.0,0.0,0.0,0.0,0.0,0.0,0.0,0.0,0.0,0.0,0.0,0.0,0.0,0.0,3.0,0.0,0.0,0.0,0.0,0.0,0.0,0.0,1.0,2.0,1.0,0.0,1.0,0.0,0.0,1.0,0.0,2.0,0.0,0.0,1.0,0.0,0.0,0.0,1.0,9.0,2.0,3.0,1.0,0.0,0.0,0.0,0.0,0.0,0.0,1.0,0.0,0.0,0.0,0.0,0.0,0.0,0.0,0.0,0.0,0.0,1.0,0.0,0.0,0.0,0.0,0.0,0.0,0.0,0.0,0.0,0.0,0.0,0.0,0.0,0.0,0.0,0.0,0.0,0.0,0.0,3.0,3.0,3.0,6.0,2.0,0.0,2.0,3.0,0.0,0.0,0.0,0.0,0.0,0.0,4.0,3.0,2.0,0.0,2.0,0.0,0.0,0.0,0.0,0.0,0.0,4.0,2.0,0.0,0.0,0.0,0.0,0.0,3.0,0.0,0.0,0.0,0.0,2.0,1.0,0.0,0.0,0.0,0.0,0.0,3.0,0.0,0.0,0.0,2.0,0.0,0.0,0.0,16.0,0.0,4.0,9.0,10.0,10.0,9.0,21.0
CHEMBL157380,IC50,8.3,26.0,4.0,2.0,0.0,0.0,2.0,2.0,1.0,33.0,7.0,3.0,0.0,0.0,4.0,4.0,0.0,1.0,0.0,0.0,0.0,0.0,0.0,29.0,11.0,4.0,0.0,0.0,4.0,4.0,0.0,1.0,20.0,14.0,4.0,0.0,0.0,3.0,3.0,0.0,0.0,0.0,0.0,20.0,12.0,3.0,0.0,0.0,1.0,1.0,0.0,0.0,0.0,1.0,1.0,0.0,25.0,5.0,2.0,0.0,0.0,0.0,0.0,1.0,1.0,0.0,2.0,2.0,1.0,0.0,0.0,0.0,0.0,29.0,2.0,3.0,0.0,0.0,2.0,2.0,1.0,1.0,0.0,0.0,0.0,28.0,3.0,4.0,0.0,0.0,3.0,3.0,0.0,0.0,0.0,0.0,0.0,23.0,4.0,2.0,0.0,0.0,5.0,5.0,0.0,1.0,0.0,0.0,0.0,0.0,0.0,15.0,6.0,3.0,0.0,0.0,6.0,6.0,0.0,0.0,0.0,0.0,0.0,0.0,0.0,0.0,0.0,0.0,0.0,1.0,0.0,0.0,0.0,0.0,0.0,0.0,1.0,0.0,0.0,2.0,0.0,1.0,0.0,0.0,1.0,0.0,1.0,0.0,1.0,1.0,2.0,0.0,0.0,1.0,3.0,1.0,0.0,0.0,0.0,0.0,0.0,0.0,0.0,0.0,0.0,0.0,0.0,0.0,0.0,0.0,0.0,0.0,0.0,0.0,0.0,0.0,0.0,0.0,0.0,0.0,0.0,0.0,0.0,0.0,0.0,0.0,0.0,0.0,0.0,0.0,0.0,0.0,0.0,0.0,0.0,0.0,0.0,0.0,0.0,0.0,0.0,0.0,0.0,0.0,0.0,0.0,0.0,2.0,2.0,2.0,0.0,0.0,0.0,0.0,1.0,0.0,0.0,0.0,0.0,0.0,3.0,1.0,0.0,0.0,0.0,0.0,0.0,2.0,0.0,0.0,0.0,0.0,0.0,0.0,0.0,0.0,0.0,0.0,0.0,2.0,0.0,0.0,0.0,2.0,2.0,0.0,0.0,22.0,0.0,4.0,6.0,7.0,7.0,7.0,26.0
CHEMBL2112992,IC50,89.0,19.0,6.0,2.0,2.0,0.0,2.0,2.0,0.0,24.0,7.0,3.0,3.0,0.0,4.0,4.0,1.0,2.0,0.0,0.0,0.0,0.0,0.0,21.0,11.0,5.0,3.0,0.0,5.0,5.0,0.0,0.0,14.0,14.0,7.0,2.0,0.0,3.0,3.0,0.0,0.0,0.0,0.0,17.0,10.0,6.0,3.0,0.0,1.0,1.0,1.0,1.0,0.0,2.0,2.0,0.0,19.0,6.0,5.0,3.0,0.0,2.0,2.0,2.0,2.0,0.0,0.0,0.0,0.0,1.0,0.0,0.0,0.0,20.0,6.0,2.0,2.0,0.0,1.0,1.0,1.0,1.0,0.0,2.0,1.0,16.0,7.0,3.0,2.0,0.0,2.0,2.0,0.0,1.0,0.0,0.0,0.0,13.0,7.0,3.0,1.0,0.0,4.0,4.0,0.0,0.0,0.0,0.0,0.0,0.0,0.0,12.0,6.0,1.0,0.0,0.0,2.0,2.0,0.0,0.0,0.0,1.0,0.0,0.0,0.0,1.0,0.0,0.0,1.0,3.0,2.0,2.0,2.0,0.0,0.0,0.0,0.0,0.0,3.0,1.0,0.0,1.0,1.0,0.0,0.0,0.0,1.0,0.0,0.0,1.0,2.0,0.0,0.0,0.0,9.0,1.0,5.0,1.0,0.0,1.0,0.0,0.0,0.0,0.0,1.0,5.0,2.0,0.0,0.0,0.0,2.0,1.0,0.0,0.0,2.0,0.0,4.0,2.0,2.0,0.0,1.0,0.0,0.0,0.0,0.0,0.0,0.0,0.0,0.0,2.0,0.0,2.0,0.0,0.0,0.0,1.0,0.0,0.0,0.0,0.0,0.0,0.0,0.0,0.0,0.0,0.0,0.0,2.0,2.0,1.0,0.0,0.0,0.0,0.0,0.0,0.0,0.0,0.0,0.0,0.0,2.0,1.0,0.0,0.0,0.0,0.0,0.0,1.0,0.0,0.0,0.0,0.0,3.0,3.0,1.0,0.0,0.0,0.0,0.0,1.0,0.0,1.0,0.0,0.0,2.0,2.0,4.0,16.0,4.0,0.0,10.0,10.0,10.0,7.0,15.0
CHEMBL3238238,IC50,120.0,35.0,7.0,4.0,0.0,0.0,2.0,2.0,0.0,49.0,12.0,4.0,0.0,0.0,4.0,4.0,1.0,2.0,0.0,0.0,0.0,0.0,0.0,48.0,14.0,8.0,0.0,0.0,4.0,4.0,0.0,1.0,48.0,13.0,12.0,0.0,0.0,4.0,4.0,2.0,0.0,0.0,0.0,54.0,13.0,11.0,0.0,0.0,2.0,2.0,0.0,0.0,0.0,2.0,2.0,0.0,64.0,12.0,8.0,0.0,0.0,2.0,2.0,0.0,0.0,0.0,2.0,2.0,2.0,2.0,0.0,0.0,0.0,70.0,5.0,10.0,0.0,0.0,6.0,6.0,1.0,1.0,0.0,0.0,0.0,58.0,5.0,11.0,0.0,0.0,8.0,8.0,0.0,0.0,0.0,0.0,0.0,54.0,6.0,6.0,0.0,0.0,8.0,8.0,1.0,2.0,0.0,0.0,1.0,0.0,0.0,45.0,8.0,9.0,0.0,0.0,8.0,8.0,0.0,0.0,0.0,0.0,0.0,0.0,0.0,3.0,1.0,1.0,0.0,7.0,4.0,0.0,0.0,0.0,3.0,0.0,0.0,1.0,7.0,1.0,1.0,1.0,0.0,0.0,1.0,3.0,3.0,0.0,1.0,0.0,2.0,0.0,0.0,1.0,24.0,3.0,20.0,1.0,0.0,9.0,0.0,3.0,2.0,0.0,2.0,24.0,0.0,0.0,0.0,3.0,14.0,7.0,5.0,3.0,1.0,2.0,19.0,0.0,1.0,1.0,17.0,0.0,0.0,9.0,6.0,7.0,3.0,7.0,11.0,5.0,3.0,6.0,3.0,4.0,1.0,8.0,4.0,5.0,10.0,3.0,0.0,5.0,5.0,0.0,0.0,0.0,1.0,2.0,2.0,6.0,4.0,2.0,3.0,3.0,0.0,0.0,0.0,1.0,0.0,0.0,3.0,2.0,0.0,0.0,1.0,0.0,0.0,4.0,0.0,0.0,0.0,0.0,7.0,7.0,1.0,0.0,0.0,0.0,0.0,3.0,0.0,1.0,0.0,2.0,2.0,0.0,0.0,12.0,2.0,5.0,11.0,24.0,24.0,12.0,24.0
CHEMBL219307,IC50,226.0,26.0,7.0,4.0,0.0,0.0,2.0,2.0,0.0,36.0,7.0,3.0,0.0,0.0,4.0,4.0,1.0,3.0,0.0,0.0,0.0,0.0,0.0,31.0,12.0,8.0,0.0,0.0,4.0,4.0,0.0,0.0,27.0,11.0,8.0,0.0,0.0,2.0,2.0,2.0,0.0,1.0,0.0,29.0,9.0,10.0,0.0,0.0,1.0,1.0,0.0,0.0,0.0,1.0,1.0,0.0,32.0,9.0,7.0,0.0,0.0,1.0,1.0,0.0,0.0,0.0,1.0,1.0,2.0,1.0,0.0,0.0,0.0,40.0,2.0,6.0,0.0,0.0,2.0,2.0,1.0,1.0,0.0,1.0,0.0,32.0,7.0,10.0,0.0,0.0,5.0,5.0,0.0,0.0,0.0,0.0,0.0,32.0,3.0,4.0,0.0,0.0,7.0,7.0,1.0,2.0,0.0,0.0,1.0,0.0,0.0,27.0,5.0,6.0,0.0,0.0,7.0,7.0,0.0,0.0,0.0,0.0,0.0,0.0,0.0,2.0,0.0,0.0,0.0,7.0,4.0,0.0,0.0,0.0,3.0,0.0,1.0,1.0,3.0,2.0,0.0,2.0,0.0,0.0,1.0,1.0,3.0,0.0,1.0,1.0,2.0,0.0,0.0,1.0,16.0,3.0,12.0,0.0,0.0,5.0,0.0,1.0,1.0,0.0,1.0,15.0,0.0,0.0,0.0,2.0,11.0,7.0,2.0,2.0,1.0,0.0,14.0,0.0,0.0,0.0,14.0,0.0,0.0,9.0,6.0,7.0,3.0,7.0,4.0,2.0,2.0,3.0,2.0,3.0,1.0,3.0,2.0,0.0,5.0,0.0,0.0,3.0,0.0,0.0,0.0,0.0,1.0,2.0,2.0,6.0,4.0,0.0,2.0,3.0,1.0,0.0,0.0,1.0,0.0,0.0,3.0,3.0,0.0,0.0,1.0,0.0,0.0,4.0,0.0,0.0,0.0,0.0,3.0,5.0,1.0,0.0,0.0,0.0,0.0,2.0,0.0,1.0,0.0,2.0,2.0,0.0,0.0,12.0,0.0,2.0,11.0,20.0,20.0,12.0,21.0
CHEMBL374293,IC50,1045.0,27.0,8.0,4.0,0.0,0.0,0.0,0.0,0.0,38.0,8.0,3.0,0.0,0.0,0.0,0.0,1.0,3.0,0.0,0.0,0.0,0.0,0.0,33.0,14.0,8.0,0.0,0.0,0.0,0.0,0.0,0.0,28.0,13.0,8.0,0.0,0.0,0.0,0.0,2.0,0.0,0.0,0.0,29.0,11.0,10.0,0.0,0.0,0.0,0.0,0.0,0.0,0.0,0.0,0.0,0.0,33.0,9.0,7.0,0.0,0.0,0.0,0.0,1.0,0.0,0.0,0.0,0.0,2.0,0.0,0.0,0.0,0.0,40.0,4.0,7.0,0.0,0.0,0.0,0.0,1.0,1.0,0.0,0.0,0.0,34.0,7.0,10.0,0.0,0.0,0.0,0.0,1.0,1.0,0.0,0.0,0.0,35.0,5.0,4.0,0.0,0.0,0.0,0.0,1.0,2.0,0.0,0.0,1.0,0.0,0.0,31.0,8.0,6.0,0.0,0.0,0.0,0.0,0.0,0.0,0.0,0.0,0.0,0.0,0.0,2.0,0.0,0.0,0.0,7.0,4.0,0.0,0.0,0.0,3.0,0.0,1.0,1.0,3.0,2.0,0.0,2.0,0.0,0.0,1.0,1.0,3.0,0.0,2.0,0.0,0.0,0.0,0.0,1.0,17.0,3.0,12.0,0.0,0.0,5.0,0.0,1.0,1.0,0.0,1.0,15.0,0.0,0.0,0.0,2.0,11.0,7.0,2.0,2.0,1.0,0.0,14.0,0.0,0.0,0.0,14.0,0.0,0.0,9.0,6.0,7.0,3.0,7.0,4.0,2.0,2.0,3.0,2.0,3.0,1.0,3.0,2.0,0.0,5.0,0.0,0.0,3.0,0.0,0.0,0.0,0.0,1.0,0.0,0.0,6.0,4.0,0.0,2.0,3.0,1.0,0.0,0.0,1.0,0.0,0.0,4.0,3.0,0.0,0.0,1.0,0.0,0.0,4.0,0.0,0.0,0.0,0.0,3.0,5.0,1.0,0.0,0.0,0.0,0.0,2.0,0.0,1.0,0.0,2.0,0.0,0.0,0.0,12.0,0.0,2.0,12.0,20.0,20.0,12.0,21.0
CHEMBL3238228,IC50,22.0,32.0,11.0,2.0,0.0,3.0,0.0,3.0,3.0,47.0,17.0,2.0,0.0,3.0,0.0,3.0,4.0,2.0,0.0,0.0,3.0,3.0,3.0,47.0,17.0,6.0,0.0,6.0,0.0,6.0,2.0,1.0,46.0,17.0,9.0,0.0,9.0,0.0,9.0,0.0,0.0,0.0,0.0,51.0,18.0,8.0,0.0,3.0,0.0,3.0,1.0,3.0,6.0,0.0,6.0,0.0,60.0,21.0,6.0,0.0,3.0,0.0,3.0,0.0,2.0,3.0,0.0,3.0,0.0,3.0,0.0,0.0,0.0,67.0,17.0,6.0,0.0,9.0,0.0,9.0,1.0,1.0,0.0,0.0,0.0,56.0,15.0,7.0,0.0,12.0,0.0,12.0,0.0,0.0,0.0,0.0,0.0,52.0,13.0,4.0,0.0,12.0,0.0,12.0,1.0,2.0,0.0,0.0,1.0,0.0,0.0,41.0,18.0,7.0,0.0,12.0,0.0,12.0,2.0,0.0,0.0,0.0,0.0,0.0,0.0,2.0,0.0,0.0,0.0,7.0,3.0,0.0,0.0,0.0,3.0,0.0,1.0,0.0,6.0,1.0,0.0,1.0,0.0,0.0,0.0,4.0,2.0,0.0,1.0,0.0,0.0,3.0,0.0,0.0,22.0,2.0,17.0,1.0,0.0,9.0,0.0,2.0,1.0,0.0,1.0,22.0,0.0,0.0,0.0,3.0,14.0,7.0,4.0,2.0,0.0,1.0,18.0,0.0,0.0,1.0,17.0,0.0,0.0,9.0,6.0,7.0,3.0,7.0,11.0,5.0,3.0,5.0,3.0,3.0,0.0,6.0,4.0,5.0,8.0,3.0,0.0,3.0,5.0,0.0,0.0,0.0,0.0,0.0,0.0,6.0,4.0,2.0,2.0,3.0,0.0,0.0,0.0,0.0,0.0,3.0,3.0,2.0,0.0,0.0,0.0,0.0,0.0,2.0,0.0,0.0,0.0,0.0,6.0,6.0,1.0,3.0,0.0,0.0,0.0,2.0,0.0,1.0,0.0,2.0,0.0,4.0,5.0,17.0,7.0,5.0,13.0,23.0,23.0,12.0,24.0
CHEMBL143698,IC50,750.0,22.0,2.0,1.0,0.0,1.0,0.0,1.0,0.0,29.0,4.0,1.0,0.0,2.0,0.0,2.0,0.0,0.0,0.0,0.0,0.0,0.0,0.0,31.0,7.0,2.0,0.0,2.0,0.0,2.0,0.0,0.0,39.0,2.0,3.0,0.0,1.0,0.0,1.0,1.0,0.0,0.0,0.0,39.0,3.0,6.0,0.0,1.0,0.0,1.0,0.0,0.0,0.0,0.0,0.0,0.0,36.0,3.0,4.0,0.0,2.0,0.0,2.0,0.0,0.0,0.0,0.0,0.0,0.0,0.0,0.0,0.0,0.0,22.0,1.0,4.0,0.0,4.0,0.0,4.0,0.0,0.0,0.0,0.0,0.0,10.0,0.0,1.0,0.0,3.0,0.0,3.0,0.0,0.0,1.0,1.0,0.0,3.0,0.0,0.0,0.0,5.0,0.0,5.0,0.0,0.0,0.0,0.0,0.0,0.0,0.0,0.0,0.0,0.0,0.0,1.0,0.0,1.0,0.0,0.0,0.0,0.0,0.0,0.0,0.0,2.0,2.0,0.0,0.0,4.0,0.0,0.0,0.0,0.0,2.0,1.0,0.0,0.0,5.0,0.0,0.0,0.0,0.0,0.0,1.0,0.0,0.0,0.0,1.0,0.0,0.0,1.0,0.0,1.0,11.0,0.0,7.0,0.0,0.0,0.0,0.0,0.0,0.0,0.0,0.0,4.0,0.0,0.0,0.0,0.0,0.0,0.0,0.0,0.0,0.0,0.0,1.0,0.0,0.0,0.0,0.0,0.0,0.0,0.0,0.0,0.0,0.0,0.0,0.0,0.0,0.0,0.0,0.0,0.0,0.0,0.0,0.0,0.0,0.0,0.0,0.0,0.0,0.0,0.0,0.0,0.0,0.0,0.0,0.0,0.0,0.0,0.0,0.0,0.0,0.0,0.0,0.0,1.0,0.0,1.0,0.0,0.0,0.0,0.0,0.0,0.0,0.0,1.0,0.0,0.0,0.0,0.0,5.0,3.0,2.0,0.0,1.0,0.0,0.0,0.0,0.0,0.0,0.0,0.0,0.0,1.0,1.0,12.0,1.0,0.0,3.0,12.0,12.0,6.0,13.0
CHEMBL3237913,IC50,330.0,29.0,7.0,6.0,0.0,3.0,0.0,3.0,0.0,41.0,11.0,6.0,0.0,0.0,0.0,0.0,1.0,2.0,3.0,3.0,3.0,3.0,3.0,43.0,13.0,10.0,0.0,3.0,0.0,3.0,0.0,1.0,41.0,12.0,11.0,0.0,6.0,0.0,6.0,2.0,0.0,0.0,0.0,42.0,9.0,11.0,0.0,6.0,0.0,6.0,0.0,1.0,0.0,0.0,0.0,0.0,42.0,12.0,8.0,0.0,6.0,0.0,6.0,0.0,1.0,0.0,0.0,0.0,3.0,0.0,0.0,0.0,0.0,47.0,3.0,11.0,0.0,3.0,0.0,3.0,1.0,1.0,3.0,3.0,0.0,41.0,4.0,14.0,0.0,3.0,0.0,3.0,0.0,0.0,3.0,3.0,0.0,37.0,4.0,8.0,0.0,9.0,0.0,9.0,1.0,2.0,0.0,0.0,1.0,0.0,0.0,30.0,5.0,9.0,0.0,12.0,0.0,12.0,0.0,0.0,0.0,0.0,0.0,0.0,0.0,2.0,1.0,0.0,0.0,6.0,2.0,0.0,0.0,0.0,3.0,0.0,1.0,1.0,4.0,1.0,0.0,1.0,0.0,0.0,1.0,3.0,3.0,0.0,1.0,0.0,0.0,3.0,1.0,1.0,19.0,3.0,14.0,1.0,0.0,5.0,0.0,2.0,1.0,0.0,2.0,15.0,0.0,0.0,0.0,2.0,11.0,7.0,4.0,2.0,1.0,2.0,14.0,0.0,0.0,0.0,14.0,0.0,0.0,9.0,6.0,7.0,3.0,7.0,8.0,4.0,2.0,5.0,2.0,3.0,1.0,7.0,4.0,5.0,9.0,3.0,0.0,4.0,5.0,0.0,0.0,0.0,1.0,0.0,0.0,6.0,4.0,2.0,2.0,3.0,0.0,0.0,0.0,2.0,1.0,3.0,3.0,2.0,0.0,0.0,1.0,0.0,0.0,5.0,0.0,0.0,3.0,0.0,4.0,5.0,1.0,3.0,0.0,3.0,3.0,3.0,0.0,1.0,0.0,2.0,0.0,0.0,0.0,12.0,2.0,5.0,13.0,18.0,18.0,11.0,23.0
CHEMBL280724,IC50,7000.0,21.0,2.0,1.0,0.0,1.0,0.0,1.0,0.0,28.0,4.0,2.0,0.0,2.0,0.0,2.0,0.0,0.0,0.0,0.0,0.0,0.0,0.0,28.0,6.0,3.0,0.0,2.0,0.0,2.0,0.0,1.0,34.0,2.0,6.0,0.0,1.0,0.0,1.0,0.0,0.0,0.0,0.0,36.0,4.0,4.0,0.0,1.0,0.0,1.0,0.0,0.0,0.0,0.0,0.0,0.0,34.0,2.0,5.0,0.0,2.0,0.0,2.0,0.0,0.0,0.0,0.0,0.0,0.0,0.0,0.0,0.0,0.0,19.0,1.0,0.0,0.0,3.0,0.0,3.0,0.0,0.0,0.0,0.0,0.0,10.0,0.0,0.0,0.0,3.0,0.0,3.0,0.0,0.0,1.0,1.0,0.0,0.0,0.0,0.0,0.0,6.0,0.0,6.0,0.0,0.0,0.0,0.0,0.0,0.0,0.0,0.0,0.0,0.0,0.0,0.0,0.0,0.0,0.0,0.0,0.0,0.0,0.0,0.0,0.0,2.0,2.0,0.0,0.0,0.0,0.0,0.0,0.0,0.0,0.0,0.0,0.0,0.0,6.0,0.0,0.0,0.0,0.0,0.0,1.0,0.0,0.0,0.0,1.0,0.0,0.0,1.0,0.0,1.0,10.0,0.0,6.0,0.0,0.0,0.0,0.0,0.0,0.0,0.0,0.0,3.0,0.0,0.0,0.0,0.0,0.0,0.0,0.0,0.0,0.0,0.0,0.0,0.0,0.0,0.0,0.0,0.0,0.0,0.0,0.0,0.0,0.0,0.0,0.0,0.0,0.0,0.0,0.0,0.0,0.0,0.0,0.0,0.0,0.0,0.0,0.0,0.0,0.0,0.0,0.0,0.0,0.0,0.0,0.0,0.0,0.0,0.0,0.0,0.0,0.0,0.0,0.0,0.0,0.0,1.0,0.0,0.0,0.0,0.0,0.0,0.0,0.0,1.0,0.0,0.0,0.0,0.0,6.0,0.0,2.0,0.0,0.0,0.0,0.0,0.0,0.0,0.0,0.0,0.0,0.0,1.0,1.0,12.0,1.0,2.0,3.0,10.0,10.0,3.0,15.0
CHEMBL155065,IC50,8.3,26.0,5.0,3.0,0.0,0.0,1.0,1.0,1.0,34.0,8.0,4.0,0.0,0.0,2.0,2.0,0.0,2.0,0.0,0.0,0.0,0.0,0.0,35.0,8.0,7.0,0.0,0.0,2.0,2.0,0.0,1.0,25.0,11.0,9.0,0.0,0.0,2.0,2.0,0.0,0.0,0.0,0.0,21.0,12.0,7.0,0.0,0.0,0.0,0.0,0.0,0.0,0.0,1.0,1.0,0.0,24.0,9.0,5.0,0.0,0.0,0.0,0.0,0.0,1.0,0.0,1.0,1.0,1.0,0.0,0.0,0.0,0.0,30.0,5.0,5.0,0.0,0.0,1.0,1.0,0.0,1.0,0.0,0.0,0.0,32.0,1.0,4.0,0.0,0.0,1.0,1.0,1.0,1.0,0.0,0.0,0.0,26.0,2.0,3.0,0.0,0.0,2.0,2.0,1.0,1.0,0.0,0.0,0.0,0.0,0.0,16.0,6.0,4.0,0.0,0.0,3.0,3.0,0.0,0.0,0.0,0.0,0.0,0.0,0.0,1.0,1.0,0.0,0.0,5.0,1.0,0.0,0.0,0.0,3.0,2.0,0.0,1.0,1.0,1.0,0.0,1.0,0.0,0.0,1.0,0.0,2.0,0.0,0.0,1.0,1.0,0.0,0.0,1.0,10.0,2.0,6.0,1.0,0.0,0.0,0.0,1.0,1.0,0.0,1.0,4.0,0.0,0.0,0.0,0.0,0.0,0.0,1.0,1.0,0.0,1.0,3.0,0.0,0.0,0.0,2.0,0.0,0.0,1.0,0.0,0.0,0.0,1.0,1.0,2.0,2.0,2.0,2.0,2.0,0.0,4.0,4.0,5.0,8.0,3.0,0.0,3.0,5.0,0.0,0.0,0.0,0.0,1.0,1.0,4.0,3.0,2.0,2.0,2.0,0.0,0.0,0.0,0.0,0.0,0.0,3.0,2.0,0.0,0.0,0.0,0.0,0.0,3.0,0.0,0.0,0.0,0.0,1.0,4.0,0.0,0.0,0.0,0.0,0.0,3.0,0.0,0.0,0.0,2.0,1.0,0.0,0.0,16.0,1.0,4.0,8.0,13.0,13.0,7.0,22.0
CHEMBL3237918,IC50,470.0,27.0,9.0,2.0,0.0,0.0,2.0,2.0,3.0,39.0,12.0,2.0,0.0,0.0,4.0,4.0,6.0,2.0,0.0,0.0,0.0,0.0,0.0,40.0,14.0,6.0,0.0,0.0,4.0,4.0,2.0,1.0,37.0,16.0,8.0,0.0,0.0,4.0,4.0,2.0,0.0,0.0,0.0,37.0,15.0,7.0,0.0,0.0,2.0,2.0,0.0,2.0,0.0,2.0,2.0,0.0,37.0,19.0,5.0,0.0,0.0,2.0,2.0,0.0,0.0,0.0,2.0,2.0,0.0,2.0,0.0,0.0,0.0,43.0,8.0,3.0,0.0,0.0,6.0,6.0,1.0,1.0,0.0,0.0,0.0,36.0,8.0,6.0,0.0,0.0,8.0,8.0,0.0,0.0,0.0,0.0,0.0,31.0,7.0,3.0,0.0,0.0,6.0,6.0,3.0,2.0,0.0,0.0,1.0,0.0,0.0,24.0,10.0,4.0,0.0,0.0,6.0,6.0,2.0,0.0,0.0,0.0,0.0,0.0,0.0,2.0,1.0,0.0,0.0,4.0,2.0,0.0,0.0,0.0,2.0,0.0,0.0,0.0,4.0,1.0,0.0,1.0,0.0,0.0,0.0,2.0,2.0,0.0,1.0,0.0,2.0,0.0,0.0,0.0,15.0,2.0,12.0,1.0,0.0,5.0,0.0,2.0,1.0,0.0,1.0,14.0,0.0,0.0,0.0,2.0,11.0,7.0,4.0,2.0,0.0,2.0,14.0,0.0,0.0,0.0,14.0,0.0,0.0,9.0,6.0,7.0,3.0,7.0,8.0,4.0,2.0,4.0,2.0,2.0,0.0,6.0,4.0,5.0,8.0,3.0,0.0,3.0,5.0,0.0,0.0,0.0,0.0,2.0,2.0,5.0,3.0,2.0,2.0,2.0,0.0,0.0,0.0,0.0,0.0,0.0,3.0,2.0,0.0,0.0,0.0,0.0,0.0,2.0,0.0,0.0,0.0,0.0,4.0,4.0,1.0,0.0,0.0,0.0,0.0,2.0,0.0,1.0,0.0,2.0,2.0,3.0,4.0,17.0,6.0,5.0,11.0,17.0,17.0,7.0,23.0
CHEMBL486651,IC50,10.0,28.0,7.0,5.0,0.0,3.0,0.0,3.0,0.0,40.0,7.0,5.0,0.0,3.0,0.0,3.0,1.0,3.0,0.0,0.0,3.0,3.0,3.0,35.0,12.0,8.0,0.0,6.0,0.0,6.0,0.0,1.0,30.0,13.0,9.0,0.0,6.0,0.0,6.0,2.0,0.0,0.0,0.0,31.0,9.0,11.0,0.0,6.0,0.0,6.0,0.0,0.0,3.0,0.0,3.0,1.0,32.0,11.0,11.0,0.0,3.0,0.0,3.0,0.0,0.0,0.0,0.0,0.0,2.0,0.0,0.0,0.0,0.0,44.0,2.0,8.0,0.0,0.0,0.0,0.0,1.0,1.0,3.0,3.0,0.0,38.0,7.0,11.0,0.0,6.0,0.0,6.0,0.0,0.0,0.0,0.0,0.0,40.0,3.0,5.0,0.0,9.0,0.0,9.0,1.0,2.0,0.0,0.0,1.0,0.0,0.0,33.0,5.0,6.0,0.0,12.0,0.0,12.0,0.0,1.0,0.0,0.0,0.0,0.0,0.0,3.0,0.0,0.0,1.0,6.0,5.0,1.0,0.0,0.0,2.0,0.0,1.0,0.0,4.0,2.0,0.0,2.0,0.0,0.0,2.0,2.0,3.0,0.0,1.0,0.0,0.0,3.0,0.0,2.0,18.0,3.0,12.0,0.0,0.0,5.0,0.0,1.0,1.0,0.0,1.0,15.0,0.0,0.0,0.0,2.0,11.0,7.0,2.0,2.0,1.0,0.0,14.0,0.0,0.0,0.0,14.0,0.0,0.0,9.0,6.0,7.0,3.0,7.0,4.0,2.0,2.0,3.0,2.0,3.0,1.0,3.0,2.0,0.0,5.0,0.0,0.0,3.0,0.0,0.0,0.0,0.0,3.0,0.0,0.0,6.0,4.0,0.0,2.0,3.0,1.0,0.0,1.0,2.0,0.0,3.0,3.0,3.0,0.0,0.0,1.0,0.0,1.0,5.0,0.0,0.0,0.0,1.0,4.0,4.0,1.0,3.0,1.0,0.0,0.0,2.0,0.0,1.0,0.0,2.0,0.0,0.0,0.0,12.0,0.0,2.0,12.0,22.0,22.0,13.0,23.0
CHEMBL499160,IC50,8.0,28.0,7.0,5.0,0.0,6.0,0.0,6.0,0.0,40.0,7.0,5.0,0.0,6.0,0.0,6.0,1.0,3.0,0.0,0.0,6.0,6.0,6.0,35.0,12.0,8.0,0.0,12.0,0.0,12.0,0.0,1.0,30.0,13.0,9.0,0.0,12.0,0.0,12.0,2.0,0.0,0.0,0.0,31.0,9.0,11.0,0.0,12.0,0.0,12.0,0.0,0.0,6.0,0.0,6.0,1.0,32.0,11.0,11.0,0.0,6.0,0.0,6.0,0.0,0.0,0.0,0.0,0.0,2.0,0.0,9.0,9.0,9.0,44.0,2.0,8.0,0.0,0.0,0.0,0.0,1.0,1.0,6.0,6.0,0.0,38.0,7.0,11.0,0.0,12.0,0.0,12.0,0.0,0.0,0.0,0.0,0.0,40.0,3.0,5.0,0.0,18.0,0.0,18.0,1.0,2.0,0.0,0.0,1.0,0.0,0.0,33.0,5.0,6.0,0.0,24.0,0.0,24.0,0.0,1.0,0.0,0.0,0.0,0.0,0.0,3.0,0.0,0.0,1.0,6.0,5.0,1.0,0.0,0.0,2.0,0.0,1.0,0.0,3.0,2.0,0.0,2.0,0.0,0.0,2.0,3.0,3.0,0.0,1.0,0.0,0.0,6.0,0.0,2.0,18.0,3.0,12.0,0.0,0.0,5.0,0.0,1.0,1.0,0.0,1.0,15.0,0.0,0.0,0.0,2.0,11.0,7.0,2.0,2.0,1.0,0.0,14.0,0.0,0.0,0.0,14.0,0.0,0.0,9.0,6.0,7.0,3.0,7.0,4.0,2.0,2.0,3.0,2.0,3.0,1.0,3.0,2.0,0.0,5.0,0.0,0.0,3.0,0.0,0.0,0.0,0.0,3.0,0.0,0.0,6.0,4.0,0.0,2.0,3.0,1.0,0.0,1.0,2.0,0.0,6.0,3.0,3.0,0.0,0.0,1.0,0.0,1.0,5.0,0.0,0.0,0.0,1.0,3.0,4.0,1.0,6.0,1.0,0.0,0.0,2.0,0.0,1.0,0.0,2.0,0.0,0.0,0.0,12.0,0.0,2.0,12.0,21.0,21.0,14.0,24.0
CHEMBL487476,IC50,3.9,29.0,7.0,5.0,0.0,0.0,2.0,2.0,0.0,38.0,7.0,5.0,0.0,0.0,4.0,4.0,1.0,3.0,0.0,0.0,0.0,0.0,0.0,34.0,12.0,8.0,0.0,0.0,4.0,4.0,0.0,1.0,30.0,11.0,9.0,0.0,0.0,2.0,2.0,2.0,0.0,2.0,0.0,34.0,9.0,11.0,0.0,0.0,2.0,2.0,0.0,0.0,0.0,0.0,0.0,1.0,36.0,8.0,9.0,0.0,0.0,0.0,0.0,0.0,0.0,0.0,2.0,2.0,2.0,2.0,0.0,0.0,0.0,39.0,4.0,8.0,0.0,0.0,4.0,4.0,1.0,1.0,0.0,0.0,0.0,35.0,7.0,10.0,0.0,0.0,6.0,6.0,0.0,0.0,0.0,0.0,0.0,33.0,5.0,7.0,0.0,0.0,8.0,8.0,1.0,2.0,0.0,0.0,1.0,0.0,0.0,30.0,6.0,7.0,0.0,0.0,6.0,6.0,0.0,1.0,0.0,0.0,0.0,0.0,0.0,1.0,0.0,0.0,1.0,6.0,1.0,1.0,0.0,0.0,3.0,2.0,1.0,0.0,0.0,2.0,0.0,2.0,0.0,0.0,2.0,0.0,3.0,0.0,2.0,0.0,2.0,0.0,0.0,2.0,12.0,3.0,7.0,0.0,0.0,0.0,0.0,0.0,0.0,0.0,1.0,5.0,0.0,0.0,0.0,0.0,0.0,0.0,0.0,0.0,1.0,1.0,3.0,0.0,0.0,1.0,2.0,0.0,0.0,1.0,0.0,0.0,0.0,0.0,0.0,0.0,0.0,1.0,0.0,1.0,1.0,1.0,0.0,0.0,1.0,0.0,0.0,1.0,0.0,0.0,0.0,0.0,3.0,2.0,2.0,5.0,2.0,0.0,0.0,2.0,3.0,0.0,1.0,2.0,0.0,0.0,3.0,3.0,0.0,0.0,1.0,0.0,1.0,5.0,0.0,0.0,0.0,1.0,0.0,4.0,0.0,0.0,1.0,0.0,0.0,2.0,0.0,1.0,0.0,2.0,2.0,0.0,0.0,18.0,0.0,4.0,12.0,15.0,15.0,12.0,27.0
CHEMBL106058,IC50,60000.0,19.0,2.0,5.0,0.0,0.0,1.0,1.0,1.0,25.0,4.0,7.0,0.0,0.0,2.0,2.0,0.0,1.0,0.0,0.0,0.0,0.0,0.0,23.0,6.0,9.0,0.0,0.0,2.0,2.0,0.0,1.0,14.0,9.0,10.0,0.0,0.0,2.0,2.0,0.0,0.0,0.0,0.0,10.0,9.0,5.0,0.0,0.0,1.0,1.0,0.0,1.0,0.0,1.0,1.0,1.0,9.0,6.0,3.0,0.0,0.0,0.0,0.0,0.0,3.0,0.0,1.0,1.0,1.0,0.0,0.0,0.0,0.0,13.0,2.0,4.0,0.0,0.0,1.0,1.0,0.0,2.0,0.0,0.0,0.0,16.0,0.0,6.0,0.0,0.0,1.0,1.0,0.0,0.0,0.0,0.0,0.0,16.0,0.0,5.0,0.0,0.0,2.0,2.0,0.0,0.0,0.0,0.0,1.0,0.0,0.0,13.0,0.0,7.0,0.0,0.0,3.0,3.0,0.0,0.0,0.0,0.0,0.0,0.0,0.0,0.0,0.0,0.0,0.0,0.0,0.0,0.0,0.0,0.0,0.0,0.0,0.0,0.0,1.0,1.0,0.0,1.0,0.0,0.0,2.0,0.0,1.0,0.0,0.0,0.0,1.0,0.0,1.0,2.0,3.0,1.0,0.0,0.0,0.0,0.0,0.0,0.0,0.0,0.0,0.0,0.0,0.0,0.0,0.0,0.0,0.0,0.0,0.0,0.0,0.0,0.0,0.0,0.0,0.0,0.0,0.0,0.0,0.0,0.0,0.0,0.0,0.0,0.0,0.0,0.0,0.0,0.0,0.0,0.0,0.0,0.0,0.0,0.0,0.0,0.0,0.0,0.0,0.0,0.0,0.0,0.0,0.0,1.0,1.0,1.0,0.0,0.0,0.0,0.0,0.0,0.0,0.0,1.0,1.0,0.0,2.0,1.0,0.0,0.0,0.0,0.0,0.0,4.0,0.0,0.0,0.0,0.0,0.0,0.0,0.0,0.0,0.0,0.0,0.0,2.0,0.0,0.0,0.0,2.0,1.0,0.0,0.0,16.0,0.0,4.0,7.0,6.0,6.0,5.0,19.0
CHEMBL1922918,IC50,28.0,30.0,5.0,6.0,0.0,3.0,1.0,4.0,0.0,39.0,8.0,7.0,0.0,0.0,2.0,2.0,0.0,1.0,3.0,3.0,3.0,3.0,3.0,41.0,8.0,10.0,0.0,3.0,2.0,5.0,0.0,1.0,43.0,6.0,9.0,0.0,6.0,2.0,8.0,2.0,0.0,0.0,0.0,47.0,3.0,11.0,0.0,6.0,1.0,7.0,0.0,1.0,0.0,1.0,1.0,0.0,45.0,5.0,11.0,0.0,3.0,2.0,5.0,0.0,0.0,0.0,0.0,0.0,2.0,0.0,0.0,0.0,0.0,44.0,3.0,11.0,0.0,0.0,3.0,3.0,0.0,0.0,3.0,3.0,0.0,40.0,3.0,10.0,0.0,6.0,4.0,10.0,0.0,0.0,0.0,0.0,1.0,34.0,3.0,8.0,0.0,12.0,3.0,15.0,0.0,1.0,0.0,0.0,1.0,0.0,0.0,26.0,2.0,7.0,0.0,9.0,3.0,12.0,1.0,1.0,0.0,0.0,0.0,3.0,4.0,1.0,0.0,0.0,1.0,5.0,2.0,2.0,0.0,0.0,2.0,0.0,1.0,1.0,1.0,1.0,0.0,1.0,0.0,0.0,1.0,1.0,3.0,0.0,2.0,1.0,1.0,3.0,1.0,1.0,11.0,3.0,7.0,0.0,0.0,1.0,0.0,0.0,0.0,0.0,2.0,6.0,0.0,0.0,0.0,0.0,1.0,0.0,0.0,0.0,3.0,1.0,3.0,0.0,1.0,2.0,2.0,0.0,1.0,0.0,0.0,0.0,0.0,0.0,0.0,0.0,0.0,1.0,0.0,1.0,1.0,1.0,0.0,0.0,1.0,0.0,0.0,1.0,0.0,0.0,0.0,0.0,1.0,1.0,1.0,2.0,1.0,0.0,0.0,1.0,0.0,0.0,0.0,2.0,1.0,3.0,1.0,1.0,0.0,0.0,1.0,0.0,0.0,5.0,1.0,0.0,3.0,0.0,1.0,4.0,1.0,3.0,0.0,3.0,3.0,2.0,0.0,1.0,0.0,3.0,1.0,0.0,1.0,21.0,1.0,4.0,11.0,11.0,11.0,13.0,27.0
CHEMBL1922923,IC50,110.0,30.0,5.0,4.0,0.0,0.0,3.0,3.0,0.0,38.0,8.0,5.0,0.0,0.0,6.0,6.0,0.0,1.0,0.0,0.0,0.0,0.0,0.0,39.0,8.0,8.0,0.0,0.0,6.0,6.0,0.0,1.0,41.0,6.0,8.0,0.0,0.0,4.0,4.0,2.0,0.0,2.0,0.0,46.0,3.0,11.0,0.0,0.0,5.0,5.0,0.0,0.0,0.0,1.0,1.0,0.0,45.0,4.0,9.0,0.0,0.0,10.0,10.0,0.0,0.0,0.0,0.0,0.0,2.0,0.0,0.0,0.0,0.0,42.0,3.0,7.0,0.0,0.0,9.0,9.0,0.0,0.0,0.0,0.0,0.0,36.0,3.0,7.0,0.0,0.0,10.0,10.0,0.0,0.0,0.0,0.0,0.0,31.0,3.0,4.0,0.0,0.0,7.0,7.0,0.0,1.0,0.0,0.0,1.0,0.0,0.0,23.0,2.0,5.0,0.0,0.0,9.0,9.0,1.0,1.0,0.0,0.0,0.0,0.0,0.0,1.0,0.0,0.0,1.0,5.0,2.0,2.0,0.0,0.0,2.0,0.0,1.0,1.0,1.0,1.0,0.0,1.0,0.0,0.0,1.0,0.0,3.0,0.0,1.0,1.0,3.0,0.0,0.0,1.0,10.0,3.0,7.0,0.0,0.0,1.0,0.0,0.0,0.0,0.0,2.0,6.0,0.0,0.0,0.0,0.0,1.0,0.0,0.0,0.0,3.0,1.0,3.0,0.0,1.0,2.0,2.0,0.0,1.0,0.0,0.0,0.0,0.0,0.0,0.0,0.0,0.0,1.0,0.0,1.0,1.0,1.0,0.0,0.0,1.0,0.0,0.0,1.0,0.0,0.0,0.0,0.0,1.0,3.0,3.0,2.0,1.0,0.0,0.0,1.0,0.0,0.0,0.0,1.0,0.0,0.0,1.0,1.0,0.0,0.0,1.0,0.0,0.0,4.0,1.0,0.0,0.0,0.0,1.0,4.0,1.0,0.0,0.0,0.0,0.0,2.0,0.0,1.0,0.0,3.0,3.0,0.0,1.0,21.0,1.0,4.0,9.0,11.0,11.0,11.0,26.0
CHEMBL1922919,IC50,31.0,31.0,5.0,4.0,0.0,3.0,1.0,4.0,0.0,40.0,8.0,5.0,0.0,3.0,2.0,5.0,0.0,1.0,0.0,0.0,3.0,3.0,3.0,41.0,8.0,8.0,0.0,6.0,2.0,8.0,0.0,1.0,42.0,6.0,8.0,0.0,6.0,2.0,8.0,2.0,0.0,0.0,0.0,46.0,4.0,11.0,0.0,3.0,1.0,4.0,0.0,0.0,0.0,1.0,1.0,0.0,47.0,4.0,9.0,0.0,0.0,2.0,2.0,0.0,0.0,3.0,0.0,3.0,2.0,0.0,0.0,0.0,0.0,46.0,3.0,7.0,0.0,6.0,3.0,9.0,0.0,0.0,0.0,0.0,0.0,39.0,3.0,8.0,0.0,12.0,4.0,16.0,0.0,0.0,0.0,0.0,0.0,34.0,3.0,4.0,0.0,9.0,3.0,12.0,0.0,1.0,0.0,0.0,1.0,3.0,3.0,25.0,2.0,5.0,0.0,9.0,4.0,13.0,1.0,1.0,0.0,0.0,0.0,0.0,0.0,1.0,0.0,0.0,1.0,5.0,2.0,2.0,0.0,0.0,2.0,0.0,1.0,1.0,1.0,1.0,0.0,1.0,0.0,0.0,1.0,1.0,3.0,0.0,2.0,1.0,1.0,3.0,0.0,1.0,11.0,3.0,7.0,0.0,0.0,1.0,0.0,0.0,0.0,0.0,2.0,6.0,0.0,0.0,0.0,0.0,1.0,0.0,0.0,0.0,3.0,1.0,3.0,0.0,1.0,2.0,2.0,0.0,1.0,0.0,0.0,0.0,0.0,0.0,0.0,0.0,0.0,1.0,0.0,1.0,1.0,1.0,0.0,0.0,1.0,0.0,0.0,1.0,0.0,0.0,0.0,0.0,1.0,1.0,1.0,2.0,1.0,0.0,0.0,1.0,0.0,0.0,0.0,1.0,0.0,3.0,1.0,1.0,0.0,0.0,1.0,0.0,0.0,4.0,1.0,0.0,0.0,0.0,1.0,4.0,1.0,3.0,0.0,0.0,0.0,2.0,0.0,1.0,0.0,3.0,1.0,0.0,1.0,21.0,1.0,4.0,9.0,11.0,11.0,12.0,27.0
CHEMBL1922925,IC50,23.0,31.0,5.0,6.0,0.0,3.0,1.0,4.0,0.0,41.0,8.0,7.0,0.0,3.0,2.0,5.0,0.0,1.0,0.0,0.0,3.0,3.0,3.0,43.0,8.0,11.0,0.0,6.0,2.0,8.0,0.0,1.0,45.0,7.0,9.0,0.0,6.0,2.0,8.0,2.0,0.0,0.0,0.0,49.0,3.0,11.0,0.0,6.0,1.0,7.0,0.0,1.0,3.0,1.0,4.0,0.0,49.0,5.0,11.0,0.0,6.0,2.0,8.0,0.0,0.0,0.0,0.0,0.0,2.0,0.0,0.0,0.0,0.0,47.0,3.0,12.0,0.0,12.0,3.0,15.0,0.0,0.0,0.0,0.0,0.0,43.0,3.0,10.0,0.0,9.0,4.0,13.0,0.0,0.0,0.0,0.0,1.0,36.0,3.0,8.0,0.0,9.0,4.0,13.0,0.0,1.0,0.0,0.0,1.0,0.0,0.0,29.0,2.0,7.0,0.0,6.0,3.0,9.0,1.0,1.0,0.0,0.0,0.0,0.0,1.0,1.0,0.0,0.0,1.0,5.0,2.0,2.0,0.0,0.0,2.0,0.0,1.0,1.0,2.0,1.0,0.0,1.0,0.0,0.0,1.0,1.0,3.0,0.0,1.0,2.0,1.0,3.0,1.0,1.0,12.0,3.0,7.0,0.0,0.0,1.0,0.0,0.0,0.0,0.0,2.0,6.0,0.0,0.0,0.0,0.0,1.0,0.0,0.0,0.0,3.0,1.0,3.0,0.0,1.0,2.0,2.0,0.0,1.0,0.0,0.0,0.0,0.0,0.0,0.0,0.0,0.0,1.0,0.0,1.0,1.0,1.0,0.0,0.0,1.0,0.0,0.0,1.0,0.0,0.0,0.0,0.0,1.0,1.0,1.0,2.0,1.0,0.0,0.0,1.0,0.0,0.0,0.0,2.0,1.0,3.0,1.0,1.0,0.0,0.0,1.0,0.0,0.0,5.0,1.0,0.0,0.0,0.0,1.0,4.0,1.0,3.0,0.0,0.0,0.0,2.0,0.0,1.0,0.0,3.0,1.0,0.0,1.0,21.0,1.0,4.0,11.0,12.0,12.0,13.0,27.0
CHEMBL1922932,IC50,16.0,32.0,5.0,4.0,0.0,3.0,1.0,4.0,0.0,41.0,8.0,5.0,0.0,3.0,2.0,5.0,0.0,1.0,0.0,0.0,3.0,3.0,3.0,42.0,8.0,8.0,0.0,6.0,2.0,8.0,0.0,1.0,43.0,7.0,8.0,0.0,6.0,2.0,8.0,2.0,0.0,0.0,0.0,50.0,3.0,11.0,0.0,3.0,1.0,4.0,0.0,0.0,3.0,1.0,4.0,0.0,51.0,4.0,10.0,0.0,6.0,2.0,8.0,0.0,0.0,0.0,0.0,0.0,2.0,0.0,0.0,0.0,0.0,48.0,4.0,8.0,0.0,12.0,3.0,15.0,0.0,0.0,0.0,0.0,0.0,44.0,3.0,7.0,0.0,9.0,4.0,13.0,0.0,0.0,0.0,0.0,0.0,38.0,3.0,4.0,0.0,9.0,4.0,13.0,0.0,1.0,0.0,0.0,1.0,0.0,0.0,31.0,2.0,5.0,0.0,6.0,3.0,9.0,1.0,1.0,0.0,0.0,0.0,0.0,0.0,1.0,0.0,0.0,1.0,6.0,2.0,2.0,0.0,0.0,3.0,1.0,1.0,1.0,1.0,1.0,0.0,1.0,0.0,0.0,1.0,1.0,3.0,0.0,1.0,1.0,1.0,3.0,0.0,1.0,12.0,3.0,8.0,0.0,0.0,1.0,0.0,0.0,0.0,0.0,2.0,7.0,0.0,0.0,0.0,0.0,1.0,0.0,0.0,0.0,3.0,1.0,4.0,0.0,1.0,2.0,3.0,0.0,1.0,2.0,0.0,0.0,0.0,0.0,0.0,0.0,0.0,1.0,0.0,1.0,1.0,1.0,0.0,0.0,1.0,0.0,0.0,1.0,0.0,0.0,0.0,0.0,1.0,1.0,1.0,2.0,1.0,0.0,0.0,1.0,0.0,0.0,0.0,1.0,0.0,3.0,1.0,1.0,0.0,0.0,1.0,0.0,0.0,4.0,1.0,0.0,0.0,0.0,1.0,5.0,1.0,3.0,0.0,0.0,0.0,2.0,0.0,1.0,0.0,3.0,1.0,0.0,1.0,21.0,1.0,4.0,9.0,12.0,12.0,13.0,27.0
CHEMBL1922938,IC50,5.7,33.0,5.0,6.0,0.0,6.0,0.0,6.0,0.0,43.0,8.0,7.0,0.0,3.0,0.0,3.0,0.0,1.0,3.0,3.0,6.0,6.0,6.0,45.0,8.0,10.0,0.0,9.0,0.0,9.0,0.0,1.0,46.0,7.0,10.0,0.0,12.0,0.0,12.0,2.0,0.0,0.0,0.0,53.0,3.0,12.0,0.0,9.0,0.0,9.0,0.0,1.0,3.0,0.0,3.0,0.0,54.0,5.0,12.0,0.0,12.0,0.0,12.0,0.0,0.0,0.0,0.0,0.0,2.0,0.0,0.0,0.0,0.0,52.0,4.0,12.0,0.0,15.0,0.0,15.0,0.0,0.0,3.0,3.0,1.0,50.0,4.0,12.0,0.0,15.0,0.0,15.0,0.0,0.0,0.0,0.0,0.0,47.0,3.0,8.0,0.0,18.0,0.0,18.0,0.0,1.0,0.0,0.0,1.0,3.0,3.0,40.0,2.0,8.0,0.0,18.0,0.0,18.0,1.0,1.0,0.0,0.0,0.0,3.0,3.0,1.0,0.0,0.0,1.0,7.0,2.0,2.0,0.0,0.0,4.0,2.0,1.0,1.0,1.0,1.0,0.0,1.0,0.0,0.0,1.0,2.0,3.0,0.0,1.0,1.0,0.0,6.0,1.0,1.0,14.0,3.0,9.0,0.0,0.0,1.0,0.0,0.0,0.0,0.0,2.0,8.0,0.0,0.0,0.0,0.0,1.0,0.0,0.0,0.0,3.0,1.0,5.0,0.0,1.0,2.0,4.0,0.0,1.0,3.0,0.0,2.0,0.0,0.0,0.0,0.0,0.0,1.0,0.0,1.0,1.0,1.0,0.0,0.0,1.0,0.0,0.0,1.0,0.0,0.0,0.0,0.0,1.0,0.0,0.0,2.0,1.0,0.0,0.0,1.0,0.0,0.0,0.0,2.0,1.0,6.0,1.0,1.0,0.0,0.0,1.0,0.0,0.0,5.0,1.0,0.0,3.0,0.0,1.0,6.0,1.0,6.0,0.0,3.0,3.0,2.0,0.0,1.0,0.0,3.0,0.0,0.0,1.0,21.0,1.0,4.0,11.0,13.0,13.0,16.0,28.0
CHEMBL1922697,IC50,18.0,21.0,12.0,3.0,0.0,3.0,2.0,5.0,3.0,31.0,11.0,3.0,0.0,0.0,4.0,4.0,8.0,1.0,3.0,3.0,3.0,3.0,3.0,28.0,20.0,5.0,0.0,3.0,4.0,7.0,2.0,0.0,27.0,21.0,3.0,0.0,6.0,2.0,8.0,2.0,0.0,2.0,0.0,33.0,18.0,1.0,0.0,6.0,4.0,10.0,0.0,3.0,0.0,2.0,2.0,0.0,36.0,17.0,2.0,0.0,3.0,4.0,7.0,0.0,0.0,0.0,2.0,2.0,0.0,0.0,0.0,0.0,0.0,38.0,8.0,0.0,0.0,0.0,6.0,6.0,1.0,3.0,3.0,3.0,0.0,26.0,11.0,6.0,0.0,3.0,8.0,11.0,0.0,0.0,0.0,0.0,0.0,22.0,4.0,6.0,0.0,0.0,7.0,7.0,4.0,2.0,6.0,6.0,0.0,0.0,0.0,14.0,10.0,8.0,0.0,12.0,4.0,16.0,2.0,0.0,0.0,0.0,0.0,0.0,0.0,0.0,0.0,0.0,0.0,2.0,0.0,0.0,0.0,0.0,0.0,0.0,0.0,0.0,1.0,1.0,0.0,1.0,0.0,0.0,0.0,1.0,1.0,0.0,2.0,0.0,2.0,3.0,1.0,0.0,6.0,1.0,1.0,0.0,0.0,0.0,0.0,0.0,0.0,0.0,0.0,0.0,0.0,0.0,0.0,0.0,0.0,0.0,0.0,0.0,0.0,0.0,0.0,0.0,0.0,0.0,0.0,0.0,0.0,0.0,0.0,0.0,0.0,0.0,0.0,0.0,0.0,0.0,0.0,0.0,0.0,1.0,0.0,0.0,1.0,0.0,0.0,0.0,0.0,0.0,0.0,0.0,0.0,2.0,2.0,4.0,1.0,0.0,0.0,0.0,3.0,0.0,0.0,1.0,1.0,3.0,4.0,1.0,0.0,0.0,0.0,0.0,0.0,2.0,0.0,0.0,3.0,0.0,1.0,0.0,0.0,3.0,0.0,3.0,3.0,1.0,0.0,1.0,0.0,2.0,2.0,3.0,4.0,23.0,6.0,6.0,15.0,8.0,8.0,9.0,25.0
CHEMBL344911,IC50,1800.0,20.0,2.0,1.0,0.0,0.0,0.0,0.0,0.0,27.0,4.0,1.0,0.0,0.0,0.0,0.0,0.0,0.0,0.0,0.0,0.0,0.0,0.0,29.0,7.0,2.0,0.0,0.0,0.0,0.0,0.0,0.0,36.0,2.0,3.0,0.0,0.0,0.0,0.0,1.0,0.0,0.0,0.0,34.0,2.0,6.0,0.0,0.0,0.0,0.0,0.0,0.0,0.0,0.0,0.0,0.0,27.0,2.0,4.0,0.0,0.0,0.0,0.0,0.0,0.0,0.0,0.0,0.0,0.0,0.0,0.0,0.0,0.0,13.0,1.0,3.0,0.0,0.0,0.0,0.0,0.0,0.0,0.0,0.0,0.0,4.0,0.0,0.0,0.0,0.0,0.0,0.0,0.0,0.0,0.0,0.0,0.0,0.0,0.0,0.0,0.0,0.0,0.0,0.0,0.0,0.0,0.0,0.0,0.0,0.0,0.0,0.0,0.0,0.0,0.0,0.0,0.0,0.0,0.0,0.0,0.0,0.0,0.0,0.0,0.0,2.0,2.0,0.0,0.0,2.0,0.0,0.0,0.0,0.0,0.0,0.0,0.0,0.0,5.0,0.0,0.0,0.0,0.0,0.0,1.0,0.0,0.0,0.0,0.0,0.0,0.0,0.0,0.0,1.0,9.0,0.0,5.0,0.0,0.0,0.0,0.0,0.0,0.0,0.0,0.0,2.0,0.0,0.0,0.0,0.0,0.0,0.0,0.0,0.0,0.0,0.0,0.0,0.0,0.0,0.0,0.0,0.0,0.0,0.0,0.0,0.0,0.0,0.0,0.0,0.0,0.0,0.0,0.0,0.0,0.0,0.0,0.0,0.0,0.0,0.0,0.0,0.0,0.0,0.0,0.0,0.0,0.0,0.0,0.0,0.0,0.0,0.0,0.0,0.0,0.0,0.0,0.0,1.0,0.0,0.0,0.0,0.0,0.0,0.0,0.0,0.0,0.0,1.0,0.0,0.0,0.0,0.0,5.0,1.0,2.0,0.0,1.0,0.0,0.0,0.0,0.0,0.0,0.0,0.0,0.0,1.0,1.0,12.0,1.0,0.0,3.0,10.0,10.0,4.0,13.0
CHEMBL504260,IC50,225.0,28.0,7.0,6.0,2.0,3.0,0.0,3.0,0.0,40.0,7.0,7.0,1.0,0.0,0.0,0.0,1.0,1.0,3.0,3.0,3.0,3.0,3.0,34.0,13.0,7.0,3.0,3.0,0.0,3.0,0.0,1.0,31.0,12.0,5.0,5.0,6.0,0.0,6.0,2.0,0.0,0.0,0.0,32.0,11.0,6.0,6.0,6.0,0.0,6.0,0.0,0.0,0.0,0.0,0.0,1.0,38.0,8.0,6.0,5.0,3.0,0.0,3.0,0.0,1.0,0.0,0.0,0.0,2.0,0.0,0.0,0.0,0.0,41.0,5.0,7.0,3.0,3.0,0.0,3.0,1.0,1.0,0.0,0.0,0.0,41.0,4.0,7.0,2.0,3.0,0.0,3.0,0.0,1.0,3.0,3.0,0.0,35.0,4.0,7.0,0.0,3.0,0.0,3.0,1.0,1.0,0.0,0.0,0.0,0.0,0.0,29.0,6.0,9.0,1.0,0.0,0.0,0.0,0.0,1.0,3.0,3.0,0.0,0.0,0.0,1.0,0.0,0.0,1.0,5.0,1.0,1.0,0.0,0.0,2.0,1.0,1.0,0.0,0.0,1.0,0.0,1.0,0.0,0.0,2.0,1.0,2.0,0.0,2.0,1.0,0.0,3.0,1.0,2.0,9.0,2.0,4.0,0.0,0.0,0.0,0.0,0.0,0.0,0.0,1.0,2.0,0.0,0.0,0.0,0.0,0.0,0.0,0.0,0.0,1.0,2.0,0.0,0.0,0.0,1.0,0.0,0.0,0.0,0.0,0.0,0.0,0.0,0.0,0.0,0.0,0.0,1.0,0.0,1.0,1.0,1.0,0.0,0.0,1.0,0.0,0.0,1.0,0.0,0.0,0.0,0.0,3.0,0.0,0.0,3.0,1.0,0.0,0.0,1.0,1.0,0.0,1.0,3.0,1.0,3.0,2.0,1.0,0.0,0.0,1.0,0.0,1.0,5.0,0.0,0.0,3.0,1.0,0.0,3.0,0.0,3.0,1.0,3.0,3.0,2.0,0.0,1.0,0.0,2.0,0.0,1.0,2.0,23.0,2.0,2.0,15.0,12.0,12.0,11.0,27.0
CHEMBL4110618,IC50,2.3,29.0,4.0,1.0,2.0,0.0,1.0,2.0,3.0,41.0,3.0,1.0,3.0,0.0,2.0,4.0,5.0,1.0,0.0,0.0,0.0,0.0,0.0,43.0,4.0,3.0,3.0,0.0,2.0,4.0,2.0,0.0,46.0,6.0,2.0,3.0,0.0,1.0,5.0,2.0,0.0,0.0,0.0,52.0,7.0,1.0,5.0,0.0,1.0,2.0,0.0,2.0,0.0,0.0,0.0,0.0,52.0,9.0,1.0,5.0,0.0,2.0,4.0,0.0,0.0,0.0,0.0,0.0,0.0,0.0,0.0,0.0,0.0,44.0,8.0,2.0,4.0,0.0,4.0,8.0,0.0,0.0,0.0,0.0,0.0,32.0,7.0,3.0,1.0,0.0,5.0,10.0,0.0,0.0,0.0,0.0,0.0,18.0,11.0,5.0,1.0,0.0,5.0,9.0,0.0,0.0,0.0,0.0,0.0,0.0,0.0,10.0,14.0,4.0,0.0,0.0,3.0,4.0,0.0,0.0,0.0,0.0,0.0,0.0,0.0,2.0,0.0,0.0,0.0,2.0,1.0,0.0,0.0,0.0,1.0,0.0,0.0,0.0,2.0,1.0,0.0,1.0,0.0,0.0,0.0,0.0,1.0,0.0,2.0,0.0,1.0,0.0,0.0,0.0,7.0,1.0,4.0,0.0,0.0,0.0,1.0,0.0,0.0,0.0,0.0,3.0,0.0,0.0,0.0,0.0,0.0,0.0,0.0,0.0,0.0,3.0,2.0,0.0,0.0,2.0,1.0,0.0,0.0,0.0,0.0,0.0,0.0,0.0,0.0,0.0,0.0,0.0,0.0,0.0,0.0,0.0,0.0,0.0,0.0,0.0,0.0,0.0,0.0,0.0,0.0,0.0,0.0,1.0,1.0,1.0,0.0,0.0,0.0,0.0,0.0,0.0,0.0,0.0,0.0,0.0,1.0,1.0,0.0,0.0,0.0,0.0,0.0,1.0,0.0,0.0,0.0,0.0,2.0,2.0,2.0,0.0,0.0,0.0,0.0,1.0,0.0,1.0,0.0,2.0,1.0,3.0,5.0,26.0,5.0,2.0,7.0,12.0,12.0,9.0,26.0
CHEMBL4226770,IC50,570.0,33.0,5.0,3.0,0.0,0.0,2.0,2.0,1.0,43.0,11.0,3.0,0.0,0.0,4.0,4.0,0.0,1.0,0.0,0.0,0.0,0.0,0.0,44.0,15.0,5.0,0.0,0.0,4.0,4.0,0.0,0.0,44.0,15.0,3.0,0.0,0.0,4.0,4.0,2.0,0.0,0.0,0.0,49.0,13.0,4.0,0.0,0.0,2.0,2.0,0.0,0.0,0.0,2.0,2.0,0.0,54.0,8.0,3.0,0.0,0.0,4.0,4.0,0.0,0.0,0.0,2.0,2.0,2.0,0.0,0.0,0.0,0.0,54.0,3.0,5.0,0.0,0.0,4.0,4.0,1.0,1.0,0.0,0.0,0.0,49.0,2.0,5.0,0.0,0.0,8.0,8.0,1.0,1.0,0.0,0.0,0.0,37.0,5.0,5.0,0.0,0.0,10.0,10.0,0.0,0.0,0.0,0.0,0.0,0.0,0.0,24.0,6.0,6.0,0.0,0.0,10.0,10.0,0.0,0.0,0.0,0.0,0.0,0.0,0.0,1.0,1.0,0.0,0.0,2.0,0.0,0.0,0.0,0.0,1.0,0.0,1.0,1.0,2.0,1.0,0.0,1.0,0.0,0.0,1.0,0.0,2.0,0.0,1.0,0.0,2.0,0.0,0.0,1.0,7.0,2.0,3.0,0.0,0.0,0.0,0.0,0.0,0.0,0.0,1.0,1.0,0.0,0.0,0.0,0.0,0.0,0.0,0.0,0.0,1.0,1.0,0.0,0.0,0.0,0.0,0.0,0.0,0.0,0.0,0.0,0.0,0.0,0.0,0.0,0.0,0.0,1.0,0.0,1.0,1.0,1.0,0.0,0.0,1.0,0.0,0.0,1.0,0.0,0.0,0.0,0.0,1.0,2.0,2.0,2.0,1.0,0.0,0.0,1.0,0.0,0.0,0.0,1.0,0.0,0.0,1.0,1.0,0.0,0.0,1.0,0.0,0.0,3.0,0.0,0.0,0.0,0.0,2.0,1.0,0.0,0.0,0.0,0.0,0.0,2.0,0.0,1.0,0.0,2.0,2.0,1.0,2.0,27.0,2.0,2.0,8.0,9.0,9.0,7.0,30.0
CHEMBL4228470,IC50,390.0,29.0,5.0,3.0,0.0,0.0,2.0,2.0,1.0,37.0,11.0,3.0,0.0,0.0,4.0,4.0,0.0,1.0,0.0,0.0,0.0,0.0,0.0,36.0,15.0,5.0,0.0,0.0,4.0,4.0,0.0,0.0,36.0,14.0,3.0,0.0,0.0,4.0,4.0,2.0,0.0,0.0,0.0,42.0,10.0,4.0,0.0,0.0,2.0,2.0,0.0,0.0,0.0,2.0,2.0,0.0,45.0,6.0,3.0,0.0,0.0,4.0,4.0,0.0,0.0,0.0,2.0,2.0,2.0,0.0,0.0,0.0,0.0,44.0,3.0,5.0,0.0,0.0,4.0,4.0,1.0,1.0,0.0,0.0,0.0,37.0,2.0,5.0,0.0,0.0,8.0,8.0,1.0,1.0,0.0,0.0,0.0,27.0,5.0,5.0,0.0,0.0,8.0,8.0,0.0,0.0,0.0,0.0,0.0,0.0,0.0,19.0,6.0,6.0,0.0,0.0,6.0,6.0,0.0,0.0,0.0,0.0,0.0,0.0,0.0,1.0,1.0,0.0,0.0,2.0,0.0,0.0,0.0,0.0,1.0,0.0,1.0,1.0,3.0,1.0,0.0,1.0,0.0,0.0,1.0,0.0,2.0,0.0,2.0,0.0,2.0,0.0,0.0,1.0,8.0,2.0,3.0,0.0,0.0,0.0,0.0,0.0,0.0,0.0,1.0,1.0,0.0,0.0,0.0,0.0,0.0,0.0,0.0,0.0,1.0,1.0,0.0,0.0,0.0,0.0,0.0,0.0,0.0,0.0,0.0,0.0,0.0,0.0,0.0,0.0,0.0,1.0,0.0,1.0,1.0,1.0,0.0,0.0,1.0,0.0,0.0,1.0,0.0,0.0,0.0,0.0,1.0,2.0,2.0,2.0,1.0,0.0,0.0,1.0,0.0,0.0,0.0,1.0,0.0,0.0,1.0,1.0,0.0,0.0,1.0,0.0,0.0,3.0,0.0,0.0,0.0,0.0,3.0,1.0,0.0,0.0,0.0,0.0,0.0,2.0,0.0,1.0,0.0,2.0,2.0,1.0,2.0,23.0,2.0,2.0,8.0,10.0,10.0,7.0,26.0
CHEMBL154159,IC50,4.6,30.0,8.0,3.0,0.0,0.0,2.0,2.0,1.0,41.0,10.0,4.0,0.0,0.0,4.0,4.0,0.0,2.0,0.0,0.0,0.0,0.0,0.0,41.0,9.0,7.0,0.0,0.0,4.0,4.0,1.0,1.0,29.0,15.0,8.0,0.0,0.0,3.0,3.0,0.0,0.0,0.0,0.0,28.0,15.0,6.0,0.0,0.0,1.0,1.0,0.0,1.0,0.0,1.0,1.0,0.0,29.0,12.0,6.0,0.0,0.0,0.0,0.0,0.0,1.0,0.0,2.0,2.0,1.0,0.0,0.0,0.0,0.0,31.0,9.0,6.0,0.0,0.0,3.0,3.0,0.0,1.0,0.0,0.0,0.0,33.0,5.0,6.0,0.0,0.0,3.0,3.0,1.0,1.0,0.0,0.0,0.0,31.0,5.0,5.0,0.0,0.0,2.0,2.0,1.0,1.0,0.0,1.0,0.0,0.0,0.0,27.0,7.0,5.0,0.0,0.0,4.0,4.0,0.0,0.0,0.0,0.0,0.0,0.0,0.0,0.0,0.0,0.0,0.0,6.0,0.0,0.0,0.0,0.0,2.0,0.0,0.0,1.0,0.0,1.0,0.0,1.0,0.0,0.0,1.0,0.0,2.0,0.0,1.0,1.0,2.0,0.0,0.0,1.0,9.0,2.0,3.0,1.0,0.0,0.0,0.0,0.0,0.0,0.0,1.0,0.0,0.0,0.0,0.0,0.0,0.0,0.0,0.0,0.0,0.0,1.0,0.0,0.0,0.0,0.0,0.0,0.0,0.0,0.0,0.0,0.0,0.0,0.0,0.0,0.0,0.0,0.0,0.0,0.0,0.0,5.0,5.0,4.0,10.0,2.0,0.0,2.0,4.0,0.0,0.0,0.0,0.0,2.0,2.0,7.0,6.0,2.0,0.0,2.0,0.0,0.0,0.0,0.0,0.0,0.0,4.0,2.0,0.0,0.0,0.0,2.0,0.0,3.0,0.0,0.0,0.0,0.0,0.0,1.0,0.0,0.0,0.0,0.0,0.0,3.0,0.0,0.0,0.0,2.0,2.0,0.0,0.0,22.0,2.0,4.0,11.0,14.0,14.0,9.0,28.0
CHEMBL421795,IC50,120.0,24.0,5.0,6.0,0.0,0.0,1.0,1.0,1.0,32.0,7.0,8.0,0.0,0.0,2.0,2.0,0.0,1.0,0.0,0.0,0.0,0.0,0.0,30.0,8.0,9.0,0.0,0.0,2.0,2.0,0.0,2.0,19.0,11.0,8.0,0.0,0.0,2.0,2.0,1.0,0.0,0.0,1.0,16.0,10.0,8.0,0.0,0.0,0.0,0.0,0.0,1.0,0.0,1.0,1.0,0.0,20.0,5.0,6.0,0.0,0.0,0.0,0.0,0.0,2.0,0.0,1.0,1.0,1.0,0.0,0.0,0.0,0.0,24.0,2.0,5.0,0.0,0.0,1.0,1.0,0.0,3.0,0.0,0.0,1.0,23.0,4.0,9.0,0.0,0.0,1.0,1.0,0.0,0.0,0.0,0.0,0.0,26.0,1.0,6.0,0.0,0.0,2.0,2.0,1.0,0.0,0.0,0.0,1.0,0.0,0.0,20.0,2.0,8.0,0.0,0.0,2.0,2.0,1.0,0.0,0.0,0.0,0.0,0.0,1.0,0.0,0.0,0.0,0.0,5.0,0.0,0.0,0.0,0.0,2.0,0.0,0.0,0.0,1.0,1.0,0.0,1.0,0.0,0.0,1.0,0.0,1.0,0.0,0.0,2.0,1.0,0.0,2.0,1.0,8.0,1.0,2.0,0.0,0.0,0.0,0.0,0.0,0.0,0.0,0.0,0.0,0.0,0.0,0.0,0.0,0.0,0.0,0.0,0.0,0.0,1.0,0.0,0.0,0.0,0.0,0.0,0.0,0.0,0.0,0.0,0.0,0.0,0.0,0.0,0.0,0.0,0.0,0.0,0.0,0.0,2.0,2.0,1.0,4.0,0.0,0.0,0.0,1.0,0.0,0.0,1.0,1.0,1.0,1.0,4.0,3.0,0.0,0.0,0.0,0.0,0.0,2.0,2.0,2.0,0.0,3.0,1.0,0.0,0.0,0.0,0.0,1.0,4.0,0.0,0.0,0.0,0.0,0.0,1.0,0.0,0.0,0.0,0.0,0.0,2.0,0.0,0.0,0.0,2.0,1.0,0.0,0.0,18.0,1.0,4.0,11.0,13.0,13.0,9.0,22.0
CHEMBL154316,IC50,11.4,31.0,5.0,6.0,0.0,0.0,1.0,2.0,1.0,41.0,7.0,10.0,0.0,0.0,2.0,4.0,0.0,2.0,0.0,0.0,0.0,0.0,0.0,41.0,7.0,13.0,0.0,0.0,2.0,4.0,0.0,2.0,29.0,11.0,14.0,0.0,0.0,2.0,3.0,1.0,0.0,0.0,0.0,24.0,13.0,12.0,0.0,0.0,0.0,1.0,0.0,0.0,0.0,1.0,1.0,0.0,25.0,10.0,8.0,0.0,0.0,0.0,2.0,0.0,2.0,0.0,1.0,1.0,2.0,1.0,0.0,0.0,0.0,30.0,6.0,9.0,0.0,0.0,1.0,3.0,0.0,2.0,0.0,0.0,1.0,33.0,4.0,12.0,0.0,0.0,1.0,1.0,0.0,0.0,0.0,1.0,0.0,34.0,1.0,8.0,0.0,0.0,2.0,3.0,1.0,1.0,0.0,0.0,1.0,0.0,0.0,29.0,2.0,9.0,0.0,0.0,3.0,4.0,1.0,1.0,0.0,0.0,0.0,0.0,1.0,0.0,0.0,0.0,0.0,5.0,0.0,0.0,0.0,0.0,2.0,0.0,0.0,1.0,0.0,1.0,0.0,1.0,0.0,0.0,2.0,1.0,2.0,0.0,1.0,1.0,1.0,0.0,1.0,2.0,9.0,2.0,5.0,1.0,0.0,0.0,1.0,0.0,0.0,0.0,1.0,3.0,0.0,0.0,0.0,0.0,0.0,0.0,0.0,0.0,0.0,2.0,2.0,0.0,0.0,2.0,1.0,0.0,0.0,0.0,0.0,0.0,0.0,0.0,1.0,2.0,2.0,2.0,2.0,2.0,2.0,3.0,3.0,3.0,6.0,2.0,0.0,2.0,3.0,0.0,0.0,2.0,3.0,1.0,1.0,4.0,3.0,2.0,0.0,2.0,0.0,0.0,2.0,2.0,1.0,0.0,3.0,2.0,0.0,0.0,2.0,0.0,1.0,5.0,0.0,0.0,0.0,0.0,0.0,2.0,0.0,0.0,1.0,0.0,0.0,3.0,0.0,0.0,0.0,2.0,1.0,0.0,0.0,22.0,1.0,4.0,11.0,13.0,13.0,9.0,28.0
CHEMBL3238237,IC50,149.0,34.0,7.0,5.0,0.0,0.0,2.0,2.0,0.0,48.0,11.0,6.0,0.0,0.0,4.0,4.0,1.0,2.0,0.0,0.0,0.0,0.0,0.0,46.0,14.0,8.0,0.0,0.0,4.0,4.0,0.0,2.0,47.0,13.0,10.0,0.0,0.0,4.0,4.0,2.0,0.0,0.0,0.0,52.0,13.0,12.0,0.0,0.0,2.0,2.0,0.0,0.0,0.0,2.0,2.0,1.0,62.0,12.0,10.0,0.0,0.0,2.0,2.0,0.0,0.0,0.0,2.0,2.0,2.0,2.0,0.0,0.0,0.0,69.0,5.0,12.0,0.0,0.0,6.0,6.0,1.0,1.0,0.0,0.0,0.0,57.0,5.0,12.0,0.0,0.0,8.0,8.0,0.0,0.0,0.0,0.0,0.0,53.0,5.0,7.0,0.0,0.0,8.0,8.0,1.0,2.0,0.0,0.0,1.0,0.0,0.0,42.0,8.0,10.0,0.0,0.0,8.0,8.0,0.0,1.0,0.0,0.0,0.0,0.0,0.0,3.0,0.0,0.0,1.0,7.0,4.0,1.0,0.0,0.0,3.0,0.0,1.0,0.0,6.0,1.0,0.0,1.0,0.0,0.0,2.0,3.0,3.0,0.0,1.0,0.0,2.0,0.0,0.0,2.0,23.0,3.0,19.0,1.0,0.0,9.0,0.0,2.0,1.0,0.0,2.0,23.0,0.0,0.0,0.0,3.0,14.0,7.0,4.0,2.0,1.0,2.0,18.0,0.0,0.0,1.0,17.0,0.0,0.0,9.0,6.0,7.0,3.0,7.0,11.0,5.0,3.0,6.0,3.0,4.0,1.0,7.0,4.0,5.0,9.0,3.0,0.0,4.0,5.0,0.0,0.0,0.0,3.0,2.0,2.0,6.0,4.0,2.0,2.0,3.0,0.0,0.0,1.0,2.0,0.0,0.0,3.0,2.0,0.0,0.0,1.0,0.0,1.0,5.0,0.0,0.0,0.0,1.0,6.0,6.0,1.0,0.0,1.0,0.0,0.0,3.0,0.0,1.0,0.0,2.0,2.0,0.0,0.0,12.0,2.0,5.0,12.0,24.0,24.0,12.0,24.0
CHEMBL4228215,IC50,200.0,28.0,5.0,3.0,0.0,0.0,2.0,2.0,1.0,35.0,11.0,3.0,0.0,0.0,4.0,4.0,0.0,1.0,0.0,0.0,0.0,0.0,0.0,34.0,15.0,5.0,0.0,0.0,4.0,4.0,0.0,0.0,35.0,14.0,3.0,0.0,0.0,4.0,4.0,2.0,0.0,0.0,0.0,41.0,10.0,4.0,0.0,0.0,2.0,2.0,0.0,0.0,0.0,2.0,2.0,0.0,44.0,5.0,3.0,0.0,0.0,4.0,4.0,0.0,0.0,0.0,2.0,2.0,2.0,0.0,0.0,0.0,0.0,41.0,2.0,5.0,0.0,0.0,4.0,4.0,1.0,1.0,0.0,0.0,0.0,34.0,2.0,5.0,0.0,0.0,8.0,8.0,1.0,1.0,0.0,0.0,0.0,23.0,5.0,5.0,0.0,0.0,8.0,8.0,0.0,0.0,0.0,0.0,0.0,0.0,0.0,15.0,6.0,6.0,0.0,0.0,6.0,6.0,0.0,0.0,0.0,0.0,0.0,0.0,0.0,1.0,1.0,0.0,0.0,2.0,0.0,0.0,0.0,0.0,1.0,0.0,1.0,1.0,2.0,1.0,0.0,1.0,0.0,0.0,1.0,0.0,2.0,0.0,1.0,0.0,2.0,0.0,0.0,1.0,7.0,2.0,3.0,0.0,0.0,0.0,0.0,0.0,0.0,0.0,1.0,1.0,0.0,0.0,0.0,0.0,0.0,0.0,0.0,0.0,1.0,1.0,0.0,0.0,0.0,0.0,0.0,0.0,0.0,0.0,0.0,0.0,0.0,0.0,0.0,0.0,0.0,1.0,0.0,1.0,1.0,1.0,0.0,0.0,1.0,0.0,0.0,1.0,0.0,0.0,0.0,0.0,1.0,2.0,2.0,2.0,1.0,0.0,0.0,1.0,0.0,0.0,0.0,1.0,0.0,0.0,1.0,1.0,0.0,0.0,1.0,0.0,0.0,3.0,0.0,0.0,0.0,0.0,2.0,1.0,0.0,0.0,0.0,0.0,0.0,2.0,0.0,1.0,0.0,2.0,2.0,1.0,2.0,23.0,2.0,2.0,8.0,9.0,9.0,7.0,26.0
CHEMBL4227068,IC50,4920.0,27.0,5.0,3.0,0.0,0.0,3.0,3.0,1.0,34.0,10.0,3.0,0.0,0.0,6.0,6.0,0.0,1.0,0.0,0.0,0.0,0.0,0.0,31.0,14.0,5.0,0.0,0.0,6.0,6.0,0.0,0.0,30.0,14.0,3.0,0.0,0.0,5.0,5.0,2.0,0.0,0.0,0.0,36.0,10.0,4.0,0.0,0.0,3.0,3.0,0.0,0.0,0.0,2.0,2.0,0.0,39.0,5.0,3.0,0.0,0.0,5.0,5.0,0.0,0.0,0.0,3.0,3.0,2.0,0.0,0.0,0.0,0.0,38.0,1.0,4.0,0.0,0.0,7.0,7.0,1.0,1.0,0.0,1.0,0.0,32.0,2.0,5.0,0.0,0.0,8.0,8.0,1.0,1.0,0.0,0.0,0.0,22.0,5.0,5.0,0.0,0.0,12.0,12.0,0.0,0.0,0.0,0.0,0.0,0.0,0.0,14.0,6.0,6.0,0.0,0.0,10.0,10.0,0.0,0.0,0.0,0.0,0.0,0.0,0.0,0.0,0.0,0.0,0.0,3.0,0.0,0.0,0.0,0.0,1.0,0.0,1.0,1.0,1.0,1.0,0.0,1.0,0.0,0.0,1.0,0.0,2.0,0.0,2.0,0.0,3.0,0.0,0.0,1.0,6.0,2.0,2.0,0.0,0.0,0.0,0.0,0.0,0.0,0.0,1.0,1.0,0.0,0.0,0.0,0.0,0.0,0.0,0.0,0.0,1.0,0.0,0.0,0.0,0.0,0.0,0.0,0.0,0.0,0.0,0.0,0.0,0.0,0.0,0.0,0.0,0.0,1.0,0.0,1.0,1.0,1.0,0.0,0.0,1.0,0.0,0.0,1.0,0.0,0.0,0.0,0.0,1.0,3.0,3.0,2.0,1.0,0.0,0.0,1.0,0.0,0.0,0.0,1.0,0.0,0.0,1.0,1.0,0.0,0.0,1.0,0.0,0.0,3.0,0.0,0.0,0.0,0.0,1.0,1.0,0.0,0.0,0.0,0.0,0.0,2.0,0.0,1.0,0.0,2.0,3.0,1.0,2.0,23.0,2.0,2.0,8.0,8.0,8.0,7.0,25.0
CHEMBL3917291,IC50,7.8,32.0,3.0,3.0,2.0,0.0,2.0,2.0,0.0,43.0,3.0,3.0,4.0,0.0,4.0,4.0,0.0,1.0,0.0,0.0,0.0,0.0,0.0,47.0,5.0,5.0,4.0,0.0,4.0,4.0,0.0,0.0,53.0,4.0,3.0,3.0,0.0,4.0,4.0,2.0,0.0,0.0,0.0,61.0,4.0,4.0,4.0,0.0,3.0,3.0,0.0,0.0,0.0,1.0,1.0,0.0,61.0,3.0,3.0,5.0,0.0,5.0,5.0,0.0,0.0,0.0,0.0,0.0,2.0,0.0,0.0,0.0,0.0,51.0,4.0,6.0,4.0,0.0,8.0,8.0,0.0,0.0,0.0,0.0,0.0,35.0,7.0,7.0,1.0,0.0,11.0,11.0,0.0,0.0,0.0,0.0,0.0,22.0,10.0,7.0,1.0,0.0,9.0,9.0,0.0,0.0,0.0,0.0,0.0,0.0,0.0,15.0,9.0,7.0,0.0,0.0,4.0,4.0,0.0,0.0,0.0,0.0,0.0,0.0,0.0,2.0,0.0,0.0,0.0,4.0,1.0,0.0,0.0,0.0,2.0,0.0,1.0,1.0,2.0,1.0,0.0,1.0,0.0,0.0,1.0,0.0,2.0,0.0,2.0,0.0,2.0,0.0,0.0,1.0,11.0,2.0,6.0,0.0,0.0,0.0,1.0,0.0,0.0,0.0,1.0,4.0,0.0,0.0,0.0,0.0,0.0,0.0,0.0,0.0,1.0,3.0,2.0,0.0,0.0,2.0,1.0,0.0,0.0,0.0,0.0,0.0,0.0,0.0,0.0,0.0,0.0,1.0,0.0,1.0,1.0,1.0,0.0,0.0,1.0,0.0,0.0,1.0,0.0,0.0,0.0,0.0,1.0,2.0,2.0,2.0,1.0,0.0,0.0,1.0,0.0,0.0,0.0,1.0,0.0,0.0,2.0,1.0,0.0,0.0,1.0,0.0,0.0,3.0,0.0,0.0,0.0,0.0,2.0,3.0,2.0,0.0,0.0,0.0,0.0,2.0,0.0,1.0,0.0,2.0,2.0,0.0,1.0,21.0,1.0,2.0,8.0,13.0,13.0,11.0,25.0
CHEMBL3974805,IC50,1.0,32.0,3.0,3.0,2.0,0.0,2.0,2.0,0.0,44.0,3.0,3.0,3.0,0.0,4.0,4.0,0.0,1.0,0.0,0.0,0.0,0.0,0.0,45.0,5.0,5.0,4.0,0.0,4.0,4.0,0.0,0.0,51.0,4.0,3.0,3.0,0.0,4.0,4.0,2.0,0.0,0.0,0.0,58.0,4.0,4.0,4.0,0.0,3.0,3.0,0.0,0.0,0.0,1.0,1.0,0.0,62.0,2.0,3.0,5.0,0.0,4.0,4.0,0.0,0.0,0.0,0.0,0.0,2.0,0.0,0.0,0.0,0.0,52.0,4.0,6.0,5.0,0.0,8.0,8.0,0.0,0.0,0.0,0.0,0.0,38.0,7.0,7.0,1.0,0.0,10.0,10.0,0.0,0.0,0.0,0.0,0.0,23.0,11.0,8.0,1.0,0.0,11.0,11.0,0.0,0.0,0.0,0.0,0.0,0.0,0.0,16.0,9.0,6.0,0.0,0.0,4.0,4.0,0.0,0.0,0.0,0.0,0.0,0.0,0.0,3.0,1.0,0.0,0.0,3.0,2.0,0.0,0.0,0.0,1.0,0.0,1.0,1.0,2.0,1.0,0.0,1.0,0.0,0.0,1.0,0.0,2.0,0.0,2.0,0.0,2.0,0.0,0.0,1.0,11.0,2.0,7.0,0.0,0.0,1.0,1.0,0.0,0.0,0.0,1.0,6.0,0.0,0.0,0.0,0.0,1.0,0.0,0.0,0.0,1.0,3.0,3.0,0.0,0.0,2.0,2.0,0.0,0.0,0.0,0.0,0.0,0.0,0.0,0.0,0.0,0.0,1.0,0.0,1.0,1.0,1.0,0.0,0.0,1.0,0.0,0.0,1.0,0.0,0.0,0.0,0.0,1.0,2.0,2.0,2.0,1.0,0.0,0.0,1.0,0.0,0.0,0.0,1.0,0.0,0.0,2.0,1.0,0.0,0.0,1.0,0.0,0.0,3.0,0.0,0.0,0.0,0.0,2.0,2.0,3.0,0.0,0.0,0.0,0.0,2.0,0.0,1.0,0.0,2.0,2.0,0.0,1.0,21.0,1.0,2.0,8.0,13.0,13.0,11.0,26.0
CHEMBL3656286,IC50,4900.0,26.0,7.0,4.0,0.0,1.0,0.0,1.0,0.0,35.0,11.0,4.0,0.0,2.0,0.0,2.0,1.0,2.0,0.0,0.0,0.0,0.0,0.0,35.0,10.0,8.0,0.0,2.0,0.0,2.0,0.0,1.0,34.0,11.0,9.0,0.0,2.0,0.0,2.0,2.0,0.0,0.0,0.0,40.0,11.0,9.0,0.0,1.0,0.0,1.0,0.0,0.0,1.0,0.0,1.0,0.0,46.0,6.0,7.0,0.0,1.0,0.0,1.0,0.0,0.0,1.0,0.0,1.0,2.0,1.0,0.0,0.0,0.0,42.0,5.0,9.0,0.0,3.0,0.0,3.0,1.0,1.0,0.0,0.0,0.0,28.0,5.0,8.0,0.0,2.0,0.0,2.0,0.0,0.0,0.0,0.0,0.0,26.0,5.0,6.0,0.0,3.0,0.0,3.0,1.0,2.0,0.0,0.0,1.0,0.0,0.0,21.0,6.0,7.0,0.0,3.0,0.0,3.0,0.0,0.0,0.0,0.0,0.0,0.0,0.0,1.0,0.0,0.0,0.0,4.0,1.0,0.0,0.0,0.0,2.0,0.0,1.0,1.0,5.0,1.0,0.0,1.0,0.0,0.0,1.0,2.0,3.0,0.0,1.0,0.0,0.0,1.0,0.0,1.0,16.0,3.0,11.0,1.0,0.0,4.0,0.0,2.0,1.0,0.0,2.0,10.0,0.0,0.0,0.0,1.0,3.0,0.0,0.0,0.0,1.0,2.0,4.0,0.0,0.0,1.0,3.0,0.0,0.0,0.0,0.0,0.0,0.0,0.0,3.0,1.0,1.0,2.0,1.0,2.0,1.0,7.0,4.0,5.0,9.0,3.0,0.0,4.0,5.0,0.0,0.0,0.0,1.0,0.0,0.0,6.0,4.0,2.0,2.0,3.0,0.0,0.0,0.0,1.0,0.0,1.0,3.0,2.0,0.0,0.0,1.0,0.0,0.0,4.0,0.0,0.0,0.0,0.0,5.0,3.0,0.0,0.0,0.0,0.0,0.0,3.0,0.0,1.0,0.0,2.0,0.0,0.0,0.0,12.0,2.0,5.0,11.0,15.0,15.0,11.0,21.0
CHEMBL106795,IC50,43000.0,14.0,2.0,6.0,0.0,3.0,0.0,3.0,1.0,18.0,4.0,7.0,0.0,0.0,0.0,0.0,0.0,1.0,3.0,3.0,3.0,3.0,3.0,15.0,6.0,8.0,0.0,3.0,0.0,3.0,0.0,1.0,8.0,8.0,8.0,0.0,6.0,0.0,6.0,0.0,0.0,0.0,0.0,8.0,6.0,4.0,0.0,6.0,0.0,6.0,0.0,1.0,0.0,0.0,0.0,1.0,9.0,3.0,3.0,0.0,3.0,0.0,3.0,0.0,3.0,0.0,0.0,0.0,1.0,0.0,0.0,0.0,0.0,10.0,2.0,3.0,0.0,3.0,0.0,3.0,0.0,2.0,0.0,0.0,0.0,11.0,1.0,4.0,0.0,0.0,0.0,0.0,0.0,0.0,3.0,3.0,0.0,10.0,0.0,4.0,0.0,0.0,0.0,0.0,0.0,0.0,3.0,3.0,1.0,0.0,0.0,7.0,0.0,7.0,0.0,3.0,0.0,3.0,0.0,0.0,0.0,0.0,0.0,0.0,0.0,0.0,0.0,0.0,0.0,0.0,0.0,0.0,0.0,0.0,0.0,0.0,0.0,0.0,1.0,1.0,0.0,1.0,0.0,0.0,1.0,1.0,1.0,0.0,1.0,1.0,0.0,3.0,2.0,1.0,4.0,1.0,0.0,0.0,0.0,0.0,0.0,0.0,0.0,0.0,0.0,0.0,0.0,0.0,0.0,0.0,0.0,0.0,0.0,0.0,0.0,0.0,0.0,0.0,0.0,0.0,0.0,0.0,0.0,0.0,0.0,0.0,0.0,0.0,0.0,0.0,0.0,0.0,0.0,0.0,0.0,0.0,0.0,0.0,0.0,0.0,0.0,0.0,0.0,0.0,0.0,0.0,0.0,0.0,0.0,1.0,0.0,0.0,0.0,0.0,0.0,0.0,0.0,2.0,2.0,3.0,2.0,1.0,0.0,0.0,0.0,0.0,0.0,4.0,0.0,0.0,3.0,0.0,0.0,0.0,0.0,3.0,0.0,3.0,3.0,2.0,0.0,0.0,0.0,2.0,0.0,0.0,0.0,12.0,0.0,4.0,8.0,5.0,5.0,7.0,16.0
CHEMBL3798581,IC50,12700.0,36.0,5.0,3.0,0.0,0.0,2.0,2.0,1.0,47.0,11.0,3.0,0.0,0.0,4.0,4.0,0.0,1.0,0.0,0.0,0.0,0.0,0.0,45.0,14.0,5.0,0.0,0.0,4.0,4.0,0.0,0.0,43.0,15.0,3.0,0.0,0.0,4.0,4.0,2.0,0.0,0.0,0.0,47.0,11.0,5.0,0.0,0.0,2.0,2.0,0.0,0.0,0.0,2.0,2.0,0.0,50.0,7.0,4.0,0.0,0.0,2.0,2.0,0.0,0.0,0.0,2.0,2.0,2.0,0.0,0.0,0.0,0.0,52.0,4.0,4.0,0.0,0.0,4.0,4.0,1.0,1.0,0.0,0.0,0.0,47.0,6.0,5.0,0.0,0.0,8.0,8.0,1.0,1.0,0.0,0.0,0.0,39.0,8.0,7.0,0.0,0.0,10.0,10.0,0.0,0.0,0.0,0.0,0.0,0.0,0.0,36.0,6.0,7.0,0.0,0.0,6.0,6.0,0.0,0.0,0.0,0.0,0.0,0.0,0.0,1.0,0.0,0.0,0.0,4.0,1.0,0.0,0.0,0.0,2.0,0.0,1.0,1.0,0.0,1.0,0.0,1.0,0.0,0.0,1.0,0.0,2.0,0.0,1.0,1.0,2.0,0.0,0.0,1.0,7.0,2.0,4.0,0.0,0.0,0.0,0.0,0.0,0.0,0.0,1.0,2.0,0.0,0.0,0.0,0.0,0.0,0.0,0.0,0.0,1.0,2.0,0.0,0.0,0.0,1.0,0.0,0.0,0.0,0.0,0.0,0.0,0.0,0.0,0.0,0.0,0.0,1.0,0.0,1.0,1.0,1.0,0.0,0.0,1.0,0.0,0.0,1.0,0.0,0.0,0.0,0.0,1.0,2.0,2.0,2.0,1.0,0.0,0.0,1.0,0.0,0.0,0.0,1.0,0.0,0.0,1.0,1.0,0.0,0.0,1.0,0.0,0.0,3.0,0.0,0.0,0.0,0.0,0.0,3.0,0.0,0.0,0.0,0.0,0.0,2.0,0.0,1.0,0.0,2.0,2.0,1.0,2.0,29.0,2.0,2.0,8.0,10.0,10.0,6.0,32.0
CHEMBL2159342,IC50,4.3,35.0,5.0,3.0,0.0,0.0,2.0,2.0,1.0,46.0,11.0,3.0,0.0,0.0,4.0,4.0,0.0,1.0,0.0,0.0,0.0,0.0,0.0,47.0,13.0,5.0,0.0,0.0,4.0,4.0,0.0,0.0,43.0,14.0,3.0,0.0,0.0,4.0,4.0,2.0,0.0,0.0,0.0,46.0,11.0,4.0,0.0,0.0,2.0,2.0,0.0,0.0,0.0,2.0,2.0,0.0,50.0,8.0,3.0,0.0,0.0,2.0,2.0,0.0,0.0,0.0,2.0,2.0,2.0,0.0,0.0,0.0,0.0,50.0,5.0,5.0,0.0,0.0,4.0,4.0,1.0,1.0,0.0,0.0,0.0,48.0,4.0,5.0,0.0,0.0,8.0,8.0,1.0,1.0,0.0,0.0,0.0,41.0,8.0,5.0,0.0,0.0,8.0,8.0,0.0,0.0,0.0,0.0,0.0,0.0,0.0,36.0,7.0,5.0,0.0,0.0,8.0,8.0,0.0,0.0,0.0,0.0,0.0,0.0,0.0,2.0,2.0,0.0,0.0,2.0,0.0,0.0,0.0,0.0,1.0,0.0,1.0,1.0,3.0,1.0,0.0,1.0,0.0,0.0,1.0,0.0,2.0,0.0,1.0,2.0,2.0,0.0,0.0,1.0,9.0,2.0,5.0,0.0,0.0,0.0,1.0,0.0,0.0,0.0,1.0,2.0,0.0,0.0,0.0,0.0,0.0,0.0,0.0,0.0,1.0,3.0,0.0,0.0,0.0,0.0,0.0,0.0,0.0,0.0,0.0,0.0,0.0,0.0,0.0,0.0,0.0,1.0,0.0,1.0,1.0,1.0,0.0,0.0,1.0,0.0,0.0,1.0,0.0,0.0,0.0,0.0,1.0,2.0,2.0,2.0,1.0,0.0,0.0,1.0,0.0,0.0,0.0,1.0,0.0,0.0,1.0,1.0,0.0,0.0,1.0,0.0,0.0,3.0,0.0,0.0,0.0,0.0,3.0,1.0,1.0,0.0,0.0,0.0,0.0,2.0,0.0,1.0,0.0,2.0,2.0,1.0,2.0,27.0,2.0,2.0,8.0,11.0,11.0,8.0,31.0
CHEMBL2159349,IC50,1.9,33.0,5.0,5.0,0.0,3.0,1.0,4.0,1.0,44.0,11.0,5.0,0.0,3.0,2.0,5.0,0.0,1.0,0.0,0.0,3.0,3.0,3.0,45.0,13.0,7.0,0.0,6.0,2.0,8.0,0.0,0.0,41.0,14.0,5.0,0.0,6.0,3.0,9.0,2.0,0.0,0.0,0.0,43.0,12.0,6.0,0.0,6.0,1.0,7.0,0.0,0.0,0.0,1.0,1.0,0.0,48.0,9.0,4.0,0.0,3.0,1.0,4.0,0.0,0.0,3.0,1.0,4.0,2.0,0.0,0.0,0.0,0.0,50.0,5.0,6.0,0.0,3.0,2.0,5.0,1.0,1.0,3.0,3.0,0.0,50.0,3.0,6.0,0.0,6.0,4.0,10.0,1.0,2.0,0.0,0.0,0.0,42.0,6.0,7.0,0.0,12.0,4.0,16.0,0.0,1.0,0.0,0.0,0.0,0.0,0.0,35.0,6.0,8.0,0.0,12.0,4.0,16.0,0.0,0.0,0.0,0.0,0.0,0.0,0.0,1.0,1.0,0.0,0.0,2.0,0.0,0.0,0.0,0.0,1.0,0.0,1.0,1.0,2.0,1.0,0.0,1.0,0.0,0.0,1.0,1.0,2.0,0.0,1.0,2.0,1.0,3.0,1.0,1.0,8.0,2.0,3.0,0.0,0.0,0.0,0.0,0.0,0.0,0.0,1.0,1.0,0.0,0.0,0.0,0.0,0.0,0.0,0.0,0.0,1.0,1.0,0.0,0.0,0.0,0.0,0.0,0.0,0.0,0.0,0.0,0.0,0.0,0.0,0.0,0.0,0.0,1.0,0.0,1.0,1.0,1.0,0.0,0.0,1.0,0.0,0.0,1.0,0.0,0.0,0.0,0.0,1.0,1.0,1.0,2.0,1.0,0.0,0.0,1.0,0.0,0.0,0.0,2.0,1.0,3.0,1.0,1.0,0.0,0.0,1.0,0.0,0.0,4.0,0.0,0.0,0.0,0.0,1.0,1.0,0.0,3.0,0.0,0.0,0.0,2.0,0.0,1.0,0.0,2.0,1.0,1.0,2.0,27.0,2.0,2.0,10.0,9.0,9.0,9.0,31.0
CHEMBL2159351,IC50,6.9,34.0,5.0,7.0,0.0,0.0,1.0,1.0,1.0,44.0,11.0,8.0,0.0,0.0,2.0,2.0,0.0,1.0,0.0,0.0,0.0,0.0,0.0,46.0,13.0,10.0,0.0,0.0,2.0,2.0,0.0,0.0,44.0,14.0,7.0,0.0,0.0,2.0,2.0,2.0,0.0,0.0,0.0,48.0,11.0,7.0,0.0,0.0,2.0,2.0,0.0,1.0,0.0,1.0,1.0,0.0,52.0,9.0,5.0,0.0,0.0,2.0,2.0,0.0,1.0,0.0,1.0,1.0,2.0,0.0,0.0,0.0,0.0,52.0,7.0,8.0,0.0,0.0,3.0,3.0,1.0,1.0,0.0,0.0,0.0,50.0,5.0,10.0,0.0,0.0,4.0,4.0,1.0,2.0,0.0,0.0,0.0,45.0,7.0,11.0,0.0,0.0,4.0,4.0,0.0,1.0,0.0,0.0,0.0,0.0,0.0,41.0,6.0,12.0,0.0,0.0,4.0,4.0,0.0,0.0,0.0,0.0,0.0,0.0,0.0,1.0,1.0,0.0,0.0,4.0,0.0,0.0,0.0,0.0,2.0,0.0,1.0,1.0,3.0,1.0,0.0,1.0,0.0,0.0,1.0,0.0,2.0,0.0,1.0,2.0,1.0,0.0,2.0,1.0,10.0,2.0,5.0,0.0,0.0,0.0,0.0,0.0,0.0,0.0,1.0,2.0,0.0,0.0,0.0,0.0,0.0,0.0,0.0,0.0,1.0,1.0,0.0,0.0,0.0,0.0,0.0,0.0,0.0,0.0,0.0,0.0,0.0,0.0,0.0,0.0,0.0,1.0,0.0,1.0,2.0,1.0,0.0,0.0,1.0,0.0,0.0,1.0,0.0,0.0,0.0,0.0,2.0,1.0,1.0,2.0,1.0,0.0,0.0,1.0,0.0,0.0,0.0,3.0,2.0,0.0,1.0,1.0,0.0,0.0,1.0,0.0,0.0,5.0,0.0,0.0,0.0,0.0,2.0,2.0,0.0,0.0,0.0,0.0,0.0,2.0,0.0,1.0,0.0,2.0,1.0,1.0,2.0,27.0,2.0,2.0,12.0,12.0,12.0,11.0,30.0
CHEMBL413890,IC50,14.08,122.0,71.0,47.0,2.0,0.0,0.0,0.0,0.0,139.0,93.0,52.0,1.0,0.0,0.0,0.0,6.0,32.0,0.0,0.0,0.0,0.0,0.0,157.0,64.0,75.0,1.0,0.0,0.0,0.0,28.0,35.0,146.0,111.0,121.0,1.0,0.0,0.0,0.0,12.0,0.0,0.0,7.0,164.0,125.0,95.0,1.0,0.0,0.0,0.0,7.0,38.0,0.0,0.0,0.0,38.0,205.0,82.0,119.0,2.0,0.0,0.0,0.0,34.0,45.0,0.0,0.0,0.0,10.0,0.0,0.0,0.0,0.0,211.0,124.0,162.0,3.0,0.0,0.0,0.0,6.0,20.0,0.0,0.0,12.0,226.0,137.0,129.0,3.0,0.0,0.0,0.0,11.0,45.0,0.0,0.0,42.0,255.0,92.0,140.0,4.0,0.0,0.0,0.0,33.0,50.0,0.0,0.0,15.0,0.0,0.0,241.0,134.0,176.0,3.0,0.0,0.0,0.0,6.0,22.0,0.0,0.0,13.0,0.0,0.0,33.0,7.0,26.0,27.0,35.0,24.0,22.0,22.0,21.0,12.0,4.0,1.0,8.0,11.0,27.0,26.0,27.0,26.0,11.0,12.0,0.0,35.0,5.0,2.0,0.0,0.0,0.0,0.0,12.0,116.0,35.0,85.0,32.0,27.0,3.0,0.0,27.0,26.0,26.0,35.0,60.0,31.0,26.0,25.0,0.0,3.0,0.0,18.0,18.0,34.0,4.0,30.0,22.0,25.0,4.0,12.0,14.0,15.0,1.0,0.0,0.0,0.0,0.0,18.0,36.0,11.0,52.0,0.0,18.0,10.0,90.0,0.0,0.0,80.0,53.0,51.0,53.0,53.0,27.0,27.0,6.0,13.0,0.0,0.0,67.0,27.0,27.0,26.0,27.0,0.0,27.0,6.0,10.0,0.0,0.0,40.0,32.0,28.0,28.0,9.0,28.0,7.0,47.0,4.0,27.0,0.0,6.0,10.0,26.0,3.0,0.0,7.0,0.0,0.0,35.0,5.0,27.0,26.0,0.0,0.0,0.0,1.0,33.0,1.0,0.0,120.0,173.0,173.0,137.0,130.0
CHEMBL4869368,IC50,36.7,112.0,62.0,40.0,2.0,2.0,0.0,2.0,0.0,129.0,81.0,44.0,1.0,4.0,0.0,4.0,6.0,27.0,0.0,0.0,0.0,0.0,0.0,143.0,58.0,65.0,1.0,4.0,0.0,4.0,24.0,29.0,132.0,99.0,106.0,1.0,3.0,0.0,3.0,10.0,0.0,0.0,5.0,147.0,112.0,83.0,1.0,2.0,0.0,2.0,6.0,33.0,0.0,0.0,0.0,33.0,183.0,75.0,104.0,2.0,2.0,0.0,2.0,29.0,38.0,1.0,0.0,1.0,9.0,0.0,0.0,0.0,0.0,190.0,109.0,141.0,3.0,1.0,0.0,1.0,6.0,17.0,2.0,2.0,9.0,205.0,121.0,111.0,3.0,1.0,0.0,1.0,10.0,40.0,1.0,1.0,36.0,229.0,85.0,124.0,4.0,3.0,0.0,3.0,28.0,41.0,0.0,0.0,13.0,0.0,0.0,219.0,121.0,152.0,3.0,3.0,0.0,3.0,6.0,20.0,1.0,1.0,10.0,2.0,2.0,29.0,6.0,23.0,24.0,31.0,22.0,20.0,20.0,19.0,11.0,4.0,2.0,6.0,10.0,25.0,23.0,23.0,23.0,8.0,10.0,0.0,30.0,4.0,2.0,1.0,0.0,2.0,0.0,10.0,102.0,30.0,75.0,27.0,23.0,3.0,0.0,24.0,23.0,23.0,30.0,54.0,27.0,23.0,23.0,0.0,3.0,0.0,16.0,16.0,30.0,4.0,27.0,19.0,22.0,4.0,11.0,12.0,13.0,1.0,0.0,0.0,0.0,0.0,16.0,32.0,10.0,46.0,0.0,16.0,8.0,78.0,0.0,0.0,71.0,46.0,46.0,46.0,46.0,23.0,23.0,5.0,10.0,0.0,0.0,58.0,25.0,23.0,23.0,23.0,0.0,23.0,5.0,8.0,0.0,2.0,35.0,27.0,24.0,24.0,7.0,24.0,5.0,40.0,4.0,23.0,0.0,5.0,9.0,24.0,3.0,0.0,5.0,0.0,0.0,30.0,4.0,23.0,22.0,0.0,0.0,0.0,1.0,33.0,1.0,0.0,104.0,152.0,152.0,122.0,119.0
CHEMBL1922916,IC50,52.0,34.0,5.0,4.0,0.0,0.0,1.0,1.0,0.0,46.0,8.0,5.0,0.0,0.0,2.0,2.0,0.0,1.0,0.0,0.0,0.0,0.0,0.0,47.0,8.0,8.0,0.0,0.0,2.0,2.0,0.0,1.0,48.0,6.0,8.0,0.0,0.0,2.0,2.0,2.0,0.0,0.0,0.0,49.0,4.0,11.0,0.0,0.0,1.0,1.0,0.0,0.0,0.0,1.0,1.0,0.0,47.0,7.0,9.0,0.0,0.0,2.0,2.0,0.0,0.0,0.0,0.0,0.0,2.0,0.0,0.0,0.0,0.0,52.0,3.0,7.0,0.0,0.0,3.0,3.0,0.0,0.0,0.0,0.0,0.0,51.0,3.0,8.0,0.0,0.0,4.0,4.0,0.0,0.0,0.0,0.0,0.0,43.0,3.0,7.0,0.0,0.0,3.0,3.0,0.0,1.0,0.0,0.0,1.0,0.0,0.0,34.0,2.0,5.0,0.0,0.0,4.0,4.0,1.0,1.0,0.0,0.0,0.0,0.0,0.0,1.0,0.0,0.0,1.0,5.0,2.0,2.0,0.0,0.0,2.0,0.0,1.0,1.0,4.0,1.0,0.0,1.0,0.0,0.0,1.0,1.0,3.0,0.0,2.0,1.0,1.0,0.0,0.0,1.0,14.0,3.0,10.0,0.0,0.0,2.0,3.0,0.0,0.0,0.0,2.0,9.0,0.0,0.0,0.0,0.0,1.0,0.0,0.0,0.0,3.0,4.0,3.0,0.0,1.0,2.0,2.0,0.0,1.0,0.0,0.0,0.0,0.0,0.0,0.0,0.0,0.0,1.0,0.0,1.0,1.0,1.0,0.0,0.0,1.0,0.0,0.0,1.0,0.0,0.0,0.0,0.0,1.0,1.0,1.0,2.0,1.0,0.0,0.0,1.0,0.0,0.0,0.0,1.0,0.0,0.0,1.0,1.0,0.0,0.0,1.0,0.0,0.0,4.0,1.0,0.0,0.0,0.0,4.0,4.0,1.0,0.0,0.0,0.0,0.0,2.0,0.0,1.0,0.0,3.0,1.0,0.0,1.0,21.0,1.0,4.0,9.0,14.0,14.0,12.0,27.0
CHEMBL422833,IC50,240.0,25.0,2.0,1.0,0.0,1.0,0.0,1.0,0.0,32.0,4.0,2.0,0.0,2.0,0.0,2.0,0.0,0.0,0.0,0.0,0.0,0.0,0.0,35.0,7.0,2.0,0.0,2.0,0.0,2.0,0.0,0.0,44.0,3.0,3.0,0.0,1.0,0.0,1.0,1.0,0.0,0.0,0.0,47.0,3.0,6.0,0.0,1.0,0.0,1.0,0.0,0.0,0.0,0.0,0.0,0.0,43.0,3.0,4.0,0.0,2.0,0.0,2.0,0.0,0.0,0.0,0.0,0.0,0.0,0.0,0.0,0.0,0.0,31.0,2.0,4.0,0.0,4.0,0.0,4.0,0.0,0.0,0.0,0.0,0.0,20.0,1.0,1.0,0.0,4.0,0.0,4.0,0.0,0.0,1.0,1.0,0.0,13.0,0.0,1.0,0.0,5.0,0.0,5.0,0.0,0.0,0.0,0.0,0.0,0.0,0.0,7.0,0.0,1.0,0.0,1.0,0.0,1.0,0.0,0.0,0.0,0.0,0.0,0.0,0.0,3.0,3.0,0.0,0.0,5.0,0.0,0.0,0.0,0.0,4.0,3.0,0.0,0.0,6.0,0.0,0.0,0.0,0.0,0.0,1.0,0.0,0.0,0.0,1.0,0.0,0.0,1.0,0.0,1.0,14.0,0.0,10.0,0.0,0.0,0.0,0.0,0.0,0.0,0.0,0.0,6.0,0.0,0.0,0.0,0.0,0.0,0.0,0.0,0.0,0.0,0.0,3.0,0.0,0.0,0.0,2.0,0.0,0.0,1.0,0.0,0.0,0.0,0.0,0.0,0.0,0.0,0.0,0.0,0.0,0.0,0.0,0.0,0.0,0.0,0.0,0.0,0.0,0.0,0.0,0.0,0.0,1.0,0.0,0.0,0.0,0.0,0.0,0.0,0.0,0.0,0.0,0.0,1.0,0.0,1.0,0.0,0.0,0.0,0.0,0.0,0.0,0.0,1.0,0.0,0.0,0.0,0.0,6.0,5.0,2.0,0.0,1.0,0.0,0.0,0.0,0.0,0.0,0.0,0.0,0.0,1.0,1.0,12.0,1.0,0.0,3.0,15.0,15.0,8.0,14.0
CHEMBL142414,IC50,220.0,22.0,2.0,1.0,0.0,1.0,0.0,1.0,0.0,29.0,4.0,2.0,0.0,2.0,0.0,2.0,0.0,0.0,0.0,0.0,0.0,0.0,0.0,32.0,7.0,2.0,0.0,2.0,0.0,2.0,0.0,0.0,41.0,3.0,3.0,0.0,1.0,0.0,1.0,1.0,0.0,0.0,0.0,43.0,3.0,6.0,0.0,1.0,0.0,1.0,0.0,0.0,0.0,0.0,0.0,0.0,37.0,2.0,4.0,0.0,2.0,0.0,2.0,0.0,0.0,0.0,0.0,0.0,0.0,0.0,0.0,0.0,0.0,20.0,1.0,4.0,0.0,4.0,0.0,4.0,0.0,0.0,0.0,0.0,0.0,7.0,0.0,0.0,0.0,4.0,0.0,4.0,0.0,0.0,1.0,1.0,0.0,0.0,0.0,0.0,0.0,5.0,0.0,5.0,0.0,0.0,0.0,0.0,0.0,0.0,0.0,0.0,0.0,0.0,0.0,0.0,0.0,0.0,0.0,0.0,0.0,0.0,0.0,0.0,0.0,3.0,3.0,0.0,0.0,2.0,0.0,0.0,0.0,0.0,1.0,0.0,0.0,0.0,6.0,0.0,0.0,0.0,0.0,0.0,1.0,0.0,0.0,0.0,1.0,0.0,0.0,1.0,0.0,1.0,11.0,0.0,7.0,0.0,0.0,0.0,0.0,0.0,0.0,0.0,0.0,3.0,0.0,0.0,0.0,0.0,0.0,0.0,0.0,0.0,0.0,0.0,0.0,0.0,0.0,0.0,0.0,0.0,0.0,0.0,0.0,0.0,0.0,0.0,0.0,0.0,0.0,0.0,0.0,0.0,0.0,0.0,0.0,0.0,0.0,0.0,0.0,0.0,0.0,0.0,0.0,0.0,1.0,0.0,0.0,0.0,0.0,0.0,0.0,0.0,0.0,0.0,0.0,1.0,0.0,1.0,0.0,0.0,0.0,0.0,0.0,0.0,0.0,1.0,0.0,0.0,0.0,0.0,6.0,2.0,2.0,0.0,1.0,0.0,0.0,0.0,0.0,0.0,0.0,0.0,0.0,1.0,1.0,12.0,1.0,0.0,3.0,12.0,12.0,5.0,14.0
CHEMBL140268,IC50,700.0,25.0,2.0,1.0,0.0,1.0,0.0,1.0,0.0,32.0,4.0,1.0,0.0,2.0,0.0,2.0,0.0,0.0,0.0,0.0,0.0,0.0,0.0,34.0,7.0,2.0,0.0,2.0,0.0,2.0,0.0,0.0,42.0,2.0,3.0,0.0,1.0,0.0,1.0,1.0,0.0,0.0,0.0,42.0,3.0,6.0,0.0,1.0,0.0,1.0,0.0,0.0,0.0,0.0,0.0,0.0,40.0,3.0,4.0,0.0,2.0,0.0,2.0,0.0,0.0,0.0,0.0,0.0,0.0,0.0,0.0,0.0,0.0,28.0,2.0,4.0,0.0,4.0,0.0,4.0,0.0,0.0,0.0,0.0,0.0,21.0,1.0,1.0,0.0,3.0,0.0,3.0,0.0,0.0,1.0,1.0,0.0,15.0,1.0,1.0,0.0,5.0,0.0,5.0,0.0,0.0,0.0,0.0,0.0,0.0,0.0,12.0,0.0,1.0,0.0,1.0,0.0,1.0,0.0,0.0,0.0,0.0,0.0,0.0,0.0,2.0,2.0,0.0,0.0,7.0,0.0,0.0,0.0,0.0,5.0,4.0,0.0,0.0,5.0,0.0,0.0,0.0,0.0,0.0,1.0,0.0,0.0,0.0,1.0,0.0,0.0,1.0,0.0,1.0,14.0,0.0,10.0,0.0,0.0,0.0,0.0,0.0,0.0,0.0,0.0,7.0,0.0,0.0,0.0,0.0,0.0,0.0,0.0,0.0,0.0,0.0,4.0,0.0,0.0,0.0,3.0,0.0,0.0,2.0,0.0,1.0,0.0,0.0,0.0,0.0,0.0,0.0,0.0,0.0,0.0,0.0,0.0,0.0,0.0,0.0,0.0,0.0,0.0,0.0,0.0,0.0,0.0,0.0,0.0,0.0,0.0,0.0,0.0,0.0,0.0,0.0,0.0,1.0,0.0,1.0,0.0,0.0,0.0,0.0,0.0,0.0,0.0,1.0,0.0,0.0,0.0,0.0,5.0,6.0,2.0,0.0,1.0,0.0,0.0,0.0,0.0,0.0,0.0,0.0,0.0,1.0,1.0,12.0,1.0,0.0,3.0,15.0,15.0,9.0,13.0
CHEMBL154498,IC50,441.0,22.0,8.0,3.0,0.0,0.0,1.0,1.0,1.0,33.0,7.0,4.0,0.0,0.0,2.0,2.0,0.0,2.0,0.0,0.0,0.0,0.0,0.0,32.0,7.0,7.0,0.0,0.0,2.0,2.0,1.0,1.0,21.0,15.0,7.0,0.0,0.0,2.0,2.0,0.0,0.0,0.0,0.0,22.0,13.0,6.0,0.0,0.0,0.0,0.0,0.0,1.0,0.0,1.0,1.0,0.0,21.0,10.0,7.0,0.0,0.0,0.0,0.0,0.0,1.0,0.0,1.0,1.0,1.0,0.0,0.0,0.0,0.0,24.0,7.0,5.0,0.0,0.0,1.0,1.0,0.0,1.0,0.0,0.0,0.0,27.0,4.0,4.0,0.0,0.0,1.0,1.0,1.0,1.0,0.0,0.0,0.0,25.0,5.0,3.0,0.0,0.0,2.0,2.0,1.0,1.0,0.0,0.0,0.0,0.0,0.0,20.0,6.0,4.0,0.0,0.0,3.0,3.0,0.0,0.0,0.0,0.0,0.0,0.0,0.0,0.0,0.0,0.0,0.0,3.0,0.0,0.0,0.0,0.0,1.0,0.0,0.0,1.0,3.0,1.0,0.0,1.0,0.0,0.0,1.0,0.0,2.0,0.0,0.0,1.0,1.0,0.0,0.0,1.0,9.0,2.0,2.0,1.0,0.0,0.0,0.0,0.0,0.0,0.0,1.0,0.0,0.0,0.0,0.0,0.0,0.0,0.0,0.0,0.0,0.0,1.0,0.0,0.0,0.0,0.0,0.0,0.0,0.0,0.0,0.0,0.0,0.0,0.0,0.0,0.0,0.0,0.0,0.0,0.0,0.0,3.0,3.0,1.0,6.0,1.0,0.0,1.0,1.0,0.0,0.0,0.0,0.0,1.0,1.0,7.0,6.0,2.0,0.0,2.0,0.0,0.0,0.0,0.0,0.0,0.0,4.0,2.0,0.0,0.0,0.0,1.0,0.0,3.0,0.0,0.0,0.0,0.0,0.0,1.0,0.0,0.0,0.0,0.0,0.0,3.0,0.0,0.0,0.0,2.0,1.0,0.0,0.0,16.0,0.0,4.0,11.0,12.0,12.0,10.0,22.0
CHEMBL25255,IC50,9000.0,23.0,2.0,1.0,0.0,1.0,0.0,1.0,0.0,30.0,4.0,1.0,0.0,2.0,0.0,2.0,0.0,0.0,0.0,0.0,0.0,0.0,0.0,32.0,7.0,2.0,0.0,3.0,0.0,3.0,0.0,0.0,40.0,2.0,3.0,0.0,3.0,0.0,3.0,1.0,0.0,0.0,0.0,40.0,3.0,6.0,0.0,4.0,0.0,4.0,0.0,0.0,0.0,0.0,0.0,0.0,38.0,3.0,4.0,0.0,3.0,0.0,3.0,0.0,0.0,1.0,0.0,1.0,0.0,1.0,0.0,0.0,0.0,25.0,2.0,4.0,0.0,5.0,0.0,5.0,0.0,0.0,0.0,0.0,0.0,16.0,0.0,1.0,0.0,1.0,0.0,1.0,0.0,0.0,0.0,0.0,0.0,6.0,0.0,1.0,0.0,1.0,0.0,1.0,0.0,0.0,0.0,0.0,0.0,0.0,0.0,3.0,0.0,0.0,0.0,0.0,0.0,0.0,0.0,0.0,0.0,0.0,0.0,0.0,0.0,2.0,2.0,0.0,0.0,5.0,0.0,0.0,0.0,0.0,3.0,2.0,0.0,0.0,5.0,0.0,0.0,0.0,0.0,0.0,1.0,0.0,0.0,0.0,0.0,0.0,0.0,1.0,0.0,1.0,12.0,0.0,8.0,0.0,0.0,0.0,0.0,0.0,0.0,0.0,0.0,5.0,0.0,0.0,0.0,0.0,0.0,0.0,0.0,0.0,0.0,0.0,2.0,0.0,0.0,0.0,1.0,0.0,0.0,0.0,0.0,0.0,0.0,0.0,0.0,0.0,0.0,0.0,0.0,0.0,0.0,0.0,0.0,0.0,0.0,0.0,0.0,0.0,0.0,0.0,0.0,0.0,0.0,0.0,0.0,0.0,0.0,0.0,0.0,0.0,0.0,0.0,0.0,1.0,0.0,1.0,0.0,0.0,0.0,0.0,0.0,0.0,0.0,1.0,0.0,0.0,0.0,0.0,5.0,4.0,2.0,0.0,1.0,0.0,0.0,0.0,0.0,0.0,0.0,0.0,0.0,1.0,1.0,12.0,1.0,0.0,3.0,13.0,13.0,7.0,13.0
CHEMBL3656291,IC50,4200.0,24.0,7.0,4.0,0.0,0.0,2.0,2.0,0.0,31.0,10.0,4.0,0.0,0.0,4.0,4.0,1.0,2.0,0.0,0.0,0.0,0.0,0.0,31.0,10.0,8.0,0.0,0.0,4.0,4.0,0.0,1.0,26.0,13.0,8.0,0.0,0.0,4.0,4.0,2.0,0.0,0.0,0.0,32.0,7.0,8.0,0.0,0.0,2.0,2.0,0.0,0.0,0.0,2.0,2.0,0.0,33.0,5.0,8.0,0.0,0.0,2.0,2.0,0.0,0.0,0.0,2.0,2.0,2.0,2.0,0.0,0.0,0.0,31.0,4.0,7.0,0.0,0.0,6.0,6.0,0.0,0.0,0.0,0.0,0.0,28.0,1.0,5.0,0.0,0.0,4.0,4.0,1.0,1.0,0.0,0.0,0.0,22.0,4.0,5.0,0.0,0.0,6.0,6.0,0.0,0.0,0.0,0.0,0.0,0.0,0.0,15.0,4.0,5.0,0.0,0.0,4.0,4.0,1.0,2.0,0.0,0.0,1.0,0.0,0.0,1.0,1.0,0.0,0.0,5.0,1.0,0.0,0.0,0.0,2.0,0.0,1.0,1.0,3.0,1.0,0.0,1.0,0.0,0.0,1.0,1.0,3.0,0.0,1.0,0.0,2.0,0.0,0.0,1.0,14.0,3.0,9.0,1.0,0.0,1.0,0.0,2.0,1.0,0.0,2.0,6.0,0.0,0.0,0.0,0.0,1.0,0.0,2.0,1.0,1.0,2.0,3.0,0.0,0.0,0.0,2.0,0.0,0.0,0.0,0.0,0.0,0.0,0.0,0.0,4.0,2.0,3.0,1.0,2.0,1.0,7.0,4.0,5.0,9.0,3.0,0.0,4.0,5.0,0.0,0.0,0.0,1.0,2.0,2.0,6.0,4.0,2.0,2.0,3.0,0.0,0.0,0.0,1.0,0.0,0.0,3.0,2.0,0.0,0.0,1.0,0.0,0.0,4.0,0.0,0.0,0.0,0.0,3.0,3.0,1.0,0.0,0.0,0.0,0.0,3.0,0.0,1.0,0.0,2.0,2.0,0.0,0.0,12.0,2.0,5.0,11.0,13.0,13.0,11.0,20.0
CHEMBL3892787,IC50,2.2,31.0,2.0,3.0,2.0,0.0,1.0,1.0,0.0,41.0,2.0,3.0,4.0,0.0,2.0,2.0,0.0,1.0,0.0,0.0,0.0,0.0,0.0,45.0,3.0,5.0,3.0,0.0,2.0,2.0,0.0,0.0,50.0,2.0,3.0,3.0,0.0,1.0,1.0,2.0,0.0,0.0,0.0,59.0,1.0,4.0,4.0,0.0,1.0,1.0,0.0,0.0,0.0,0.0,0.0,0.0,59.0,1.0,3.0,5.0,0.0,2.0,2.0,0.0,0.0,0.0,0.0,0.0,2.0,0.0,0.0,0.0,0.0,47.0,2.0,6.0,4.0,0.0,4.0,4.0,0.0,0.0,0.0,0.0,0.0,30.0,3.0,7.0,1.0,0.0,6.0,6.0,0.0,0.0,0.0,0.0,0.0,18.0,5.0,7.0,1.0,0.0,5.0,5.0,0.0,0.0,0.0,0.0,0.0,0.0,0.0,14.0,5.0,7.0,0.0,0.0,2.0,2.0,0.0,0.0,0.0,0.0,0.0,0.0,0.0,2.0,0.0,0.0,0.0,4.0,1.0,0.0,0.0,0.0,2.0,0.0,1.0,1.0,2.0,1.0,0.0,1.0,0.0,0.0,1.0,0.0,2.0,0.0,2.0,0.0,1.0,0.0,0.0,1.0,10.0,2.0,6.0,0.0,0.0,0.0,1.0,0.0,0.0,0.0,1.0,4.0,0.0,0.0,0.0,0.0,0.0,0.0,0.0,0.0,1.0,3.0,2.0,0.0,0.0,2.0,1.0,0.0,0.0,0.0,0.0,0.0,0.0,0.0,0.0,0.0,0.0,1.0,0.0,1.0,1.0,1.0,0.0,0.0,1.0,0.0,0.0,1.0,0.0,0.0,0.0,0.0,1.0,1.0,1.0,2.0,1.0,0.0,0.0,1.0,0.0,0.0,0.0,1.0,0.0,0.0,1.0,1.0,0.0,0.0,1.0,0.0,0.0,3.0,0.0,0.0,0.0,0.0,2.0,3.0,2.0,0.0,0.0,0.0,0.0,2.0,0.0,1.0,0.0,2.0,1.0,0.0,1.0,21.0,1.0,2.0,7.0,13.0,13.0,11.0,25.0
CHEMBL452451,IC50,5.0,29.0,7.0,7.0,2.0,3.0,0.0,3.0,0.0,40.0,7.0,11.0,2.0,0.0,0.0,0.0,1.0,3.0,3.0,3.0,3.0,3.0,3.0,38.0,12.0,14.0,2.0,3.0,0.0,3.0,0.0,1.0,34.0,11.0,15.0,2.0,6.0,0.0,6.0,2.0,0.0,0.0,2.0,37.0,10.0,15.0,1.0,6.0,0.0,6.0,0.0,3.0,0.0,0.0,0.0,1.0,37.0,9.0,12.0,0.0,6.0,0.0,6.0,0.0,0.0,0.0,0.0,0.0,2.0,6.0,0.0,0.0,0.0,40.0,5.0,9.0,2.0,0.0,0.0,0.0,1.0,4.0,3.0,3.0,3.0,37.0,8.0,17.0,3.0,3.0,0.0,3.0,0.0,0.0,0.0,0.0,0.0,38.0,5.0,16.0,4.0,0.0,0.0,0.0,1.0,2.0,3.0,3.0,1.0,3.0,3.0,37.0,6.0,19.0,3.0,6.0,0.0,6.0,0.0,1.0,0.0,0.0,0.0,0.0,0.0,1.0,0.0,0.0,1.0,6.0,1.0,1.0,0.0,0.0,3.0,2.0,1.0,0.0,1.0,2.0,0.0,2.0,0.0,0.0,2.0,1.0,3.0,0.0,2.0,1.0,0.0,3.0,1.0,2.0,14.0,3.0,7.0,0.0,0.0,0.0,0.0,0.0,0.0,0.0,1.0,5.0,0.0,0.0,0.0,0.0,0.0,0.0,0.0,0.0,1.0,1.0,3.0,0.0,0.0,1.0,2.0,0.0,0.0,1.0,0.0,0.0,0.0,0.0,0.0,0.0,0.0,1.0,0.0,1.0,1.0,1.0,0.0,0.0,1.0,0.0,0.0,1.0,0.0,0.0,0.0,0.0,3.0,0.0,0.0,5.0,2.0,0.0,0.0,2.0,3.0,0.0,1.0,3.0,1.0,3.0,3.0,3.0,0.0,0.0,1.0,0.0,1.0,8.0,0.0,0.0,3.0,1.0,0.0,4.0,0.0,3.0,1.0,3.0,3.0,2.0,0.0,1.0,0.0,2.0,0.0,0.0,0.0,18.0,0.0,8.0,16.0,16.0,16.0,15.0,29.0
CHEMBL376322,IC50,2960.0,25.0,8.0,5.0,0.0,3.0,0.0,3.0,0.0,36.0,8.0,5.0,0.0,0.0,0.0,0.0,1.0,4.0,3.0,3.0,3.0,3.0,3.0,33.0,11.0,9.0,0.0,3.0,0.0,3.0,1.0,1.0,28.0,12.0,10.0,0.0,6.0,0.0,6.0,1.0,0.0,0.0,0.0,29.0,10.0,9.0,0.0,6.0,0.0,6.0,0.0,2.0,0.0,0.0,0.0,1.0,30.0,12.0,9.0,0.0,3.0,0.0,3.0,0.0,0.0,0.0,0.0,0.0,1.0,0.0,0.0,0.0,0.0,39.0,4.0,6.0,0.0,0.0,0.0,0.0,1.0,2.0,3.0,3.0,1.0,31.0,9.0,12.0,0.0,3.0,0.0,3.0,0.0,0.0,0.0,0.0,0.0,33.0,4.0,7.0,0.0,0.0,0.0,0.0,1.0,2.0,3.0,3.0,1.0,3.0,3.0,30.0,4.0,9.0,0.0,6.0,0.0,6.0,1.0,1.0,0.0,0.0,0.0,0.0,0.0,2.0,0.0,0.0,0.0,6.0,4.0,0.0,0.0,0.0,2.0,0.0,1.0,1.0,3.0,3.0,0.0,3.0,0.0,0.0,1.0,2.0,3.0,0.0,2.0,0.0,0.0,3.0,1.0,1.0,16.0,3.0,11.0,1.0,0.0,5.0,0.0,1.0,1.0,0.0,1.0,14.0,0.0,0.0,0.0,2.0,11.0,7.0,2.0,2.0,0.0,0.0,14.0,0.0,0.0,0.0,14.0,0.0,0.0,9.0,6.0,7.0,3.0,7.0,4.0,2.0,2.0,2.0,2.0,2.0,0.0,4.0,2.0,0.0,5.0,0.0,0.0,3.0,0.0,0.0,0.0,0.0,0.0,0.0,0.0,7.0,4.0,0.0,2.0,3.0,1.0,1.0,0.0,1.0,1.0,3.0,4.0,4.0,1.0,1.0,0.0,1.0,0.0,5.0,0.0,1.0,3.0,0.0,3.0,4.0,1.0,3.0,0.0,3.0,3.0,2.0,0.0,1.0,0.0,2.0,0.0,0.0,0.0,12.0,0.0,2.0,13.0,20.0,20.0,14.0,23.0
CHEMBL266715,IC50,782.0,25.0,10.0,7.0,0.0,3.0,0.0,3.0,0.0,34.0,10.0,6.0,0.0,0.0,0.0,0.0,1.0,4.0,3.0,3.0,3.0,3.0,3.0,33.0,14.0,14.0,0.0,3.0,0.0,3.0,0.0,0.0,30.0,13.0,13.0,0.0,6.0,0.0,6.0,2.0,0.0,0.0,0.0,35.0,10.0,11.0,0.0,6.0,0.0,6.0,0.0,1.0,0.0,0.0,0.0,0.0,38.0,7.0,8.0,0.0,3.0,0.0,3.0,1.0,1.0,0.0,0.0,0.0,2.0,0.0,0.0,0.0,0.0,37.0,6.0,8.0,0.0,0.0,0.0,0.0,1.0,2.0,3.0,3.0,1.0,33.0,8.0,11.0,0.0,3.0,0.0,3.0,1.0,2.0,0.0,0.0,1.0,31.0,8.0,12.0,0.0,0.0,0.0,0.0,1.0,2.0,3.0,3.0,1.0,3.0,3.0,26.0,11.0,16.0,0.0,6.0,0.0,6.0,0.0,0.0,0.0,0.0,0.0,0.0,0.0,2.0,0.0,0.0,1.0,9.0,4.0,2.0,0.0,0.0,3.0,0.0,1.0,1.0,2.0,2.0,0.0,2.0,0.0,0.0,1.0,1.0,4.0,0.0,2.0,0.0,0.0,3.0,1.0,1.0,18.0,4.0,11.0,1.0,0.0,1.0,0.0,1.0,1.0,0.0,2.0,9.0,2.0,4.0,0.0,0.0,2.0,1.0,2.0,2.0,3.0,0.0,8.0,2.0,2.0,0.0,8.0,2.0,2.0,3.0,0.0,1.0,0.0,1.0,6.0,4.0,2.0,5.0,4.0,3.0,1.0,6.0,5.0,3.0,11.0,2.0,4.0,5.0,3.0,0.0,0.0,0.0,1.0,0.0,0.0,9.0,7.0,2.0,2.0,5.0,1.0,0.0,0.0,2.0,1.0,3.0,4.0,4.0,0.0,0.0,1.0,0.0,0.0,6.0,0.0,0.0,3.0,0.0,2.0,5.0,1.0,3.0,0.0,3.0,3.0,3.0,0.0,1.0,0.0,2.0,0.0,0.0,0.0,12.0,0.0,2.0,17.0,21.0,21.0,17.0,23.0
CHEMBL487662,IC50,166.0,29.0,7.0,5.0,0.0,0.0,0.0,0.0,0.0,38.0,7.0,5.0,0.0,0.0,0.0,0.0,1.0,3.0,0.0,0.0,0.0,0.0,0.0,34.0,12.0,8.0,0.0,0.0,0.0,0.0,0.0,1.0,30.0,11.0,9.0,0.0,0.0,0.0,0.0,2.0,0.0,0.0,0.0,34.0,9.0,11.0,0.0,0.0,0.0,0.0,0.0,0.0,0.0,0.0,0.0,1.0,36.0,8.0,9.0,0.0,0.0,0.0,0.0,0.0,0.0,0.0,0.0,0.0,2.0,0.0,0.0,0.0,0.0,39.0,4.0,8.0,0.0,0.0,0.0,0.0,1.0,1.0,0.0,0.0,0.0,35.0,7.0,10.0,0.0,0.0,0.0,0.0,0.0,0.0,0.0,0.0,0.0,33.0,5.0,7.0,0.0,0.0,0.0,0.0,1.0,2.0,0.0,0.0,1.0,0.0,0.0,30.0,6.0,7.0,0.0,0.0,0.0,0.0,0.0,1.0,0.0,0.0,0.0,0.0,0.0,1.0,0.0,0.0,1.0,6.0,1.0,1.0,0.0,0.0,3.0,2.0,1.0,0.0,0.0,2.0,0.0,2.0,0.0,0.0,2.0,0.0,3.0,0.0,2.0,0.0,0.0,0.0,0.0,2.0,12.0,3.0,7.0,0.0,0.0,0.0,0.0,0.0,0.0,0.0,1.0,5.0,0.0,0.0,0.0,0.0,0.0,0.0,0.0,0.0,1.0,1.0,3.0,0.0,0.0,1.0,2.0,0.0,0.0,1.0,0.0,0.0,0.0,0.0,0.0,0.0,0.0,1.0,0.0,1.0,1.0,1.0,0.0,0.0,1.0,0.0,0.0,1.0,0.0,0.0,0.0,0.0,3.0,0.0,0.0,5.0,2.0,0.0,0.0,2.0,3.0,0.0,1.0,2.0,0.0,0.0,3.0,3.0,0.0,0.0,1.0,0.0,1.0,5.0,0.0,0.0,0.0,1.0,0.0,4.0,0.0,0.0,1.0,0.0,0.0,2.0,0.0,1.0,0.0,2.0,0.0,0.0,0.0,18.0,0.0,4.0,12.0,15.0,15.0,12.0,27.0
CHEMBL3237895,IC50,96.0,29.0,7.0,4.0,0.0,0.0,2.0,2.0,0.0,40.0,11.0,4.0,0.0,0.0,4.0,4.0,1.0,2.0,0.0,0.0,0.0,0.0,0.0,41.0,13.0,8.0,0.0,0.0,4.0,4.0,0.0,1.0,39.0,12.0,9.0,0.0,0.0,4.0,4.0,2.0,0.0,0.0,0.0,40.0,9.0,10.0,0.0,0.0,2.0,2.0,0.0,0.0,0.0,2.0,2.0,0.0,41.0,11.0,7.0,0.0,0.0,2.0,2.0,0.0,0.0,0.0,2.0,2.0,2.0,2.0,0.0,0.0,0.0,46.0,2.0,7.0,0.0,0.0,6.0,6.0,1.0,1.0,0.0,0.0,0.0,38.0,4.0,10.0,0.0,0.0,8.0,8.0,0.0,0.0,0.0,0.0,0.0,33.0,4.0,5.0,0.0,0.0,6.0,6.0,1.0,2.0,0.0,0.0,1.0,0.0,0.0,27.0,5.0,6.0,0.0,0.0,6.0,6.0,0.0,0.0,0.0,0.0,0.0,0.0,0.0,2.0,1.0,0.0,0.0,6.0,2.0,0.0,0.0,0.0,3.0,0.0,1.0,1.0,4.0,1.0,0.0,1.0,0.0,0.0,1.0,2.0,3.0,0.0,1.0,0.0,2.0,0.0,0.0,1.0,18.0,3.0,14.0,1.0,0.0,5.0,0.0,2.0,1.0,0.0,2.0,15.0,0.0,0.0,0.0,2.0,11.0,7.0,4.0,2.0,1.0,2.0,14.0,0.0,0.0,0.0,14.0,0.0,0.0,9.0,6.0,7.0,3.0,7.0,8.0,4.0,2.0,5.0,2.0,3.0,1.0,7.0,4.0,5.0,9.0,3.0,0.0,4.0,5.0,0.0,0.0,0.0,1.0,2.0,2.0,6.0,4.0,2.0,2.0,3.0,0.0,0.0,0.0,1.0,0.0,0.0,3.0,2.0,0.0,0.0,1.0,0.0,0.0,4.0,0.0,0.0,0.0,0.0,4.0,5.0,1.0,0.0,0.0,0.0,0.0,3.0,0.0,1.0,0.0,2.0,2.0,0.0,0.0,12.0,2.0,5.0,11.0,18.0,18.0,9.0,22.0
CHEMBL3237908,IC50,95.0,29.0,7.0,4.0,0.0,0.0,2.0,2.0,0.0,40.0,11.0,4.0,0.0,0.0,4.0,4.0,1.0,2.0,0.0,0.0,0.0,0.0,0.0,41.0,13.0,8.0,0.0,0.0,4.0,4.0,0.0,1.0,39.0,12.0,9.0,0.0,0.0,3.0,3.0,2.0,0.0,0.0,0.0,40.0,9.0,10.0,0.0,0.0,2.0,2.0,0.0,0.0,0.0,1.0,1.0,0.0,41.0,11.0,7.0,0.0,0.0,2.0,2.0,0.0,0.0,0.0,2.0,2.0,2.0,1.0,0.0,0.0,0.0,46.0,2.0,7.0,0.0,0.0,4.0,4.0,1.0,1.0,0.0,1.0,0.0,38.0,4.0,10.0,0.0,0.0,7.0,7.0,0.0,0.0,0.0,0.0,0.0,33.0,4.0,5.0,0.0,0.0,7.0,7.0,1.0,2.0,0.0,0.0,1.0,0.0,0.0,27.0,5.0,6.0,0.0,0.0,6.0,6.0,0.0,0.0,0.0,0.0,0.0,0.0,0.0,2.0,1.0,0.0,0.0,6.0,2.0,0.0,0.0,0.0,3.0,0.0,1.0,1.0,4.0,1.0,0.0,1.0,0.0,0.0,1.0,2.0,3.0,0.0,1.0,1.0,2.0,0.0,0.0,1.0,18.0,3.0,14.0,1.0,0.0,5.0,0.0,2.0,1.0,0.0,2.0,15.0,0.0,0.0,0.0,2.0,11.0,7.0,4.0,2.0,1.0,2.0,14.0,0.0,0.0,0.0,14.0,0.0,0.0,9.0,6.0,7.0,3.0,7.0,8.0,4.0,2.0,5.0,2.0,3.0,1.0,7.0,4.0,5.0,9.0,3.0,0.0,4.0,5.0,0.0,0.0,0.0,1.0,2.0,2.0,6.0,4.0,2.0,2.0,3.0,0.0,0.0,0.0,1.0,0.0,0.0,3.0,2.0,0.0,0.0,1.0,0.0,0.0,4.0,0.0,0.0,0.0,0.0,4.0,5.0,1.0,0.0,0.0,0.0,0.0,3.0,0.0,1.0,0.0,2.0,2.0,0.0,0.0,12.0,2.0,5.0,11.0,18.0,18.0,9.0,22.0
CHEMBL3237915,IC50,67.0,29.0,7.0,6.0,0.0,3.0,0.0,3.0,0.0,41.0,11.0,6.0,0.0,0.0,0.0,0.0,1.0,2.0,3.0,3.0,3.0,3.0,3.0,43.0,13.0,10.0,0.0,3.0,0.0,3.0,0.0,1.0,41.0,12.0,10.0,0.0,6.0,0.0,6.0,2.0,0.0,0.0,0.0,41.0,9.0,11.0,0.0,6.0,0.0,6.0,0.0,0.0,0.0,0.0,0.0,0.0,42.0,11.0,8.0,0.0,3.0,0.0,3.0,0.0,1.0,0.0,0.0,0.0,2.0,0.0,0.0,0.0,0.0,47.0,3.0,8.0,0.0,3.0,0.0,3.0,1.0,2.0,0.0,0.0,1.0,39.0,5.0,14.0,0.0,3.0,0.0,3.0,0.0,0.0,3.0,3.0,0.0,36.0,4.0,9.0,0.0,3.0,0.0,3.0,1.0,2.0,3.0,3.0,1.0,3.0,3.0,31.0,5.0,9.0,0.0,9.0,0.0,9.0,0.0,0.0,0.0,0.0,0.0,0.0,0.0,2.0,1.0,0.0,0.0,6.0,2.0,0.0,0.0,0.0,3.0,0.0,1.0,1.0,4.0,1.0,0.0,1.0,0.0,0.0,1.0,3.0,3.0,0.0,2.0,0.0,0.0,3.0,1.0,1.0,19.0,3.0,14.0,1.0,0.0,5.0,0.0,2.0,1.0,0.0,2.0,15.0,0.0,0.0,0.0,2.0,11.0,7.0,4.0,2.0,1.0,2.0,14.0,0.0,0.0,0.0,14.0,0.0,0.0,9.0,6.0,7.0,3.0,7.0,8.0,4.0,2.0,5.0,2.0,3.0,1.0,7.0,4.0,5.0,9.0,3.0,0.0,4.0,5.0,0.0,0.0,0.0,1.0,0.0,0.0,6.0,4.0,2.0,2.0,3.0,0.0,0.0,0.0,2.0,1.0,3.0,3.0,2.0,0.0,0.0,1.0,0.0,0.0,5.0,0.0,0.0,3.0,0.0,4.0,5.0,1.0,3.0,0.0,3.0,3.0,3.0,0.0,1.0,0.0,2.0,0.0,0.0,0.0,12.0,2.0,5.0,13.0,18.0,18.0,11.0,23.0
CHEMBL350237,IC50,850.0,26.0,4.0,0.0,0.0,1.0,0.0,1.0,0.0,37.0,6.0,0.0,0.0,2.0,0.0,2.0,0.0,0.0,0.0,0.0,0.0,0.0,0.0,36.0,6.0,0.0,0.0,2.0,0.0,2.0,0.0,0.0,33.0,7.0,0.0,0.0,1.0,0.0,1.0,0.0,0.0,0.0,0.0,33.0,4.0,0.0,0.0,1.0,0.0,1.0,1.0,0.0,0.0,0.0,0.0,0.0,32.0,5.0,0.0,0.0,2.0,0.0,2.0,0.0,0.0,0.0,0.0,0.0,0.0,0.0,0.0,0.0,0.0,30.0,6.0,0.0,0.0,2.0,0.0,2.0,0.0,0.0,1.0,1.0,0.0,24.0,4.0,0.0,0.0,3.0,0.0,3.0,0.0,0.0,0.0,0.0,0.0,16.0,3.0,0.0,0.0,4.0,0.0,4.0,0.0,0.0,0.0,0.0,0.0,0.0,0.0,17.0,1.0,0.0,0.0,2.0,0.0,2.0,0.0,0.0,1.0,1.0,0.0,0.0,0.0,0.0,0.0,0.0,0.0,0.0,0.0,0.0,0.0,0.0,0.0,0.0,0.0,0.0,3.0,0.0,0.0,0.0,0.0,0.0,0.0,1.0,0.0,0.0,2.0,0.0,0.0,1.0,0.0,0.0,4.0,0.0,3.0,0.0,0.0,1.0,3.0,0.0,0.0,0.0,0.0,3.0,0.0,0.0,0.0,0.0,0.0,0.0,0.0,0.0,0.0,3.0,0.0,0.0,0.0,0.0,0.0,0.0,0.0,0.0,0.0,0.0,0.0,0.0,0.0,0.0,0.0,0.0,0.0,0.0,0.0,0.0,0.0,0.0,0.0,0.0,0.0,0.0,0.0,0.0,0.0,0.0,0.0,0.0,0.0,0.0,0.0,0.0,0.0,0.0,0.0,0.0,0.0,0.0,0.0,1.0,0.0,0.0,0.0,0.0,0.0,0.0,0.0,0.0,0.0,0.0,0.0,0.0,3.0,0.0,0.0,0.0,0.0,0.0,0.0,0.0,0.0,0.0,0.0,0.0,0.0,1.0,2.0,23.0,2.0,0.0,4.0,5.0,5.0,1.0,23.0
CHEMBL152537,IC50,305.0,23.0,5.0,4.0,0.0,2.0,1.0,3.0,1.0,31.0,8.0,5.0,0.0,0.0,2.0,2.0,0.0,1.0,2.0,2.0,1.0,1.0,1.0,27.0,11.0,6.0,0.0,2.0,2.0,4.0,0.0,1.0,21.0,11.0,5.0,0.0,4.0,2.0,6.0,0.0,0.0,0.0,0.0,21.0,9.0,4.0,0.0,4.0,0.0,4.0,1.0,0.0,0.0,1.0,1.0,0.0,24.0,7.0,2.0,0.0,2.0,0.0,2.0,0.0,2.0,0.0,1.0,1.0,1.0,0.0,0.0,0.0,0.0,23.0,6.0,4.0,0.0,2.0,1.0,3.0,0.0,2.0,0.0,0.0,0.0,21.0,6.0,7.0,0.0,0.0,1.0,1.0,0.0,0.0,2.0,2.0,0.0,20.0,5.0,6.0,0.0,4.0,2.0,6.0,0.0,0.0,0.0,0.0,0.0,0.0,0.0,19.0,2.0,5.0,0.0,6.0,2.0,8.0,0.0,1.0,0.0,1.0,0.0,0.0,0.0,1.0,0.0,0.0,0.0,1.0,0.0,0.0,0.0,0.0,0.0,0.0,0.0,0.0,0.0,1.0,0.0,1.0,0.0,0.0,1.0,0.0,1.0,0.0,1.0,1.0,1.0,2.0,1.0,1.0,4.0,1.0,0.0,0.0,0.0,0.0,0.0,0.0,0.0,0.0,0.0,0.0,0.0,0.0,0.0,0.0,0.0,0.0,0.0,0.0,0.0,0.0,0.0,0.0,0.0,0.0,0.0,0.0,0.0,0.0,0.0,0.0,0.0,0.0,0.0,0.0,0.0,0.0,0.0,0.0,0.0,0.0,0.0,0.0,0.0,0.0,0.0,0.0,0.0,0.0,0.0,0.0,0.0,1.0,1.0,1.0,0.0,0.0,0.0,0.0,0.0,0.0,0.0,1.0,1.0,2.0,2.0,1.0,0.0,0.0,0.0,0.0,0.0,3.0,0.0,0.0,1.0,0.0,0.0,0.0,0.0,2.0,0.0,2.0,2.0,2.0,0.0,0.0,0.0,2.0,1.0,0.0,1.0,21.0,1.0,4.0,9.0,9.0,9.0,8.0,25.0
CHEMBL2112041,IC50,75.5,20.0,2.0,4.0,0.0,0.0,1.0,1.0,1.0,27.0,4.0,4.0,0.0,0.0,2.0,2.0,0.0,1.0,0.0,0.0,0.0,0.0,0.0,25.0,6.0,6.0,0.0,0.0,2.0,2.0,0.0,1.0,17.0,9.0,7.0,0.0,0.0,2.0,2.0,0.0,0.0,0.0,0.0,13.0,9.0,6.0,0.0,0.0,0.0,0.0,0.0,0.0,0.0,1.0,1.0,0.0,12.0,6.0,4.0,0.0,0.0,0.0,0.0,0.0,1.0,0.0,1.0,1.0,1.0,0.0,0.0,0.0,0.0,15.0,2.0,3.0,0.0,0.0,1.0,1.0,0.0,2.0,0.0,0.0,0.0,16.0,1.0,4.0,0.0,0.0,1.0,1.0,0.0,1.0,0.0,0.0,0.0,16.0,1.0,4.0,0.0,0.0,2.0,2.0,0.0,0.0,0.0,0.0,0.0,0.0,0.0,14.0,0.0,3.0,0.0,0.0,3.0,3.0,0.0,0.0,0.0,0.0,1.0,0.0,0.0,0.0,0.0,0.0,0.0,1.0,0.0,0.0,0.0,0.0,0.0,0.0,0.0,0.0,1.0,1.0,0.0,1.0,0.0,0.0,1.0,0.0,1.0,0.0,0.0,1.0,1.0,0.0,1.0,1.0,4.0,1.0,0.0,0.0,0.0,0.0,0.0,0.0,0.0,0.0,0.0,0.0,0.0,0.0,0.0,0.0,0.0,0.0,0.0,0.0,0.0,0.0,0.0,0.0,0.0,0.0,0.0,0.0,0.0,0.0,0.0,0.0,0.0,0.0,0.0,0.0,0.0,0.0,0.0,0.0,0.0,0.0,0.0,0.0,0.0,0.0,0.0,0.0,0.0,0.0,0.0,0.0,0.0,1.0,1.0,1.0,0.0,0.0,0.0,0.0,0.0,0.0,0.0,2.0,0.0,0.0,2.0,1.0,0.0,0.0,0.0,0.0,0.0,3.0,0.0,0.0,0.0,0.0,0.0,0.0,0.0,0.0,0.0,0.0,0.0,2.0,0.0,0.0,0.0,2.0,1.0,0.0,0.0,16.0,0.0,4.0,6.0,7.0,7.0,6.0,19.0
CHEMBL1644182,IC50,36.0,24.0,7.0,3.0,0.0,3.0,2.0,5.0,4.0,32.0,11.0,3.0,0.0,0.0,4.0,4.0,5.0,1.0,3.0,3.0,3.0,3.0,3.0,30.0,13.0,5.0,0.0,3.0,4.0,7.0,2.0,0.0,25.0,18.0,3.0,0.0,6.0,4.0,10.0,2.0,0.0,0.0,0.0,29.0,16.0,2.0,0.0,6.0,2.0,8.0,0.0,2.0,0.0,2.0,2.0,0.0,32.0,13.0,2.0,0.0,3.0,4.0,7.0,0.0,1.0,0.0,2.0,2.0,0.0,0.0,0.0,0.0,0.0,34.0,8.0,1.0,0.0,3.0,4.0,7.0,1.0,2.0,0.0,0.0,0.0,30.0,7.0,3.0,0.0,3.0,8.0,11.0,1.0,1.0,3.0,3.0,0.0,22.0,6.0,6.0,0.0,3.0,8.0,11.0,2.0,0.0,3.0,3.0,0.0,0.0,0.0,16.0,5.0,7.0,0.0,6.0,4.0,10.0,4.0,0.0,0.0,0.0,0.0,0.0,0.0,0.0,0.0,0.0,0.0,1.0,0.0,0.0,0.0,0.0,0.0,0.0,0.0,0.0,0.0,1.0,0.0,1.0,0.0,0.0,0.0,1.0,1.0,0.0,2.0,0.0,2.0,3.0,1.0,0.0,3.0,1.0,0.0,0.0,0.0,0.0,0.0,0.0,0.0,0.0,0.0,0.0,0.0,0.0,0.0,0.0,0.0,0.0,0.0,0.0,0.0,0.0,0.0,0.0,0.0,0.0,0.0,0.0,0.0,0.0,0.0,0.0,0.0,0.0,0.0,0.0,0.0,0.0,0.0,0.0,0.0,0.0,0.0,0.0,0.0,0.0,0.0,0.0,0.0,0.0,0.0,0.0,0.0,2.0,2.0,1.0,0.0,0.0,0.0,0.0,0.0,0.0,0.0,1.0,1.0,3.0,1.0,1.0,0.0,0.0,0.0,0.0,0.0,2.0,0.0,0.0,3.0,0.0,0.0,0.0,0.0,3.0,0.0,3.0,3.0,1.0,0.0,1.0,0.0,2.0,2.0,4.0,6.0,28.0,6.0,2.0,10.0,6.0,6.0,7.0,27.0
CHEMBL1644191,IC50,7200.0,26.0,6.0,7.0,0.0,6.0,0.0,6.0,1.0,36.0,10.0,7.0,0.0,0.0,0.0,0.0,0.0,1.0,6.0,6.0,6.0,6.0,6.0,35.0,12.0,10.0,0.0,6.0,0.0,6.0,0.0,0.0,32.0,14.0,5.0,0.0,12.0,0.0,12.0,2.0,0.0,0.0,0.0,35.0,10.0,8.0,0.0,12.0,0.0,12.0,0.0,0.0,0.0,0.0,0.0,0.0,38.0,5.0,5.0,0.0,6.0,0.0,6.0,0.0,2.0,0.0,0.0,0.0,2.0,0.0,0.0,0.0,0.0,39.0,3.0,7.0,0.0,6.0,0.0,6.0,1.0,3.0,0.0,0.0,0.0,34.0,5.0,9.0,0.0,6.0,0.0,6.0,1.0,1.0,6.0,6.0,0.0,26.0,6.0,12.0,0.0,9.0,0.0,9.0,0.0,0.0,6.0,6.0,0.0,0.0,0.0,24.0,5.0,13.0,0.0,12.0,0.0,12.0,0.0,0.0,0.0,0.0,0.0,0.0,0.0,0.0,0.0,0.0,0.0,3.0,0.0,0.0,0.0,0.0,1.0,0.0,0.0,1.0,1.0,0.0,0.0,0.0,0.0,0.0,1.0,2.0,2.0,0.0,3.0,0.0,0.0,6.0,2.0,1.0,8.0,2.0,2.0,0.0,0.0,0.0,0.0,0.0,0.0,0.0,1.0,1.0,0.0,0.0,0.0,0.0,0.0,0.0,0.0,0.0,1.0,0.0,0.0,0.0,0.0,0.0,0.0,0.0,0.0,0.0,0.0,0.0,0.0,0.0,0.0,0.0,0.0,1.0,1.0,1.0,1.0,1.0,1.0,0.0,2.0,0.0,0.0,1.0,0.0,0.0,0.0,0.0,1.0,0.0,0.0,3.0,3.0,0.0,0.0,2.0,0.0,0.0,0.0,3.0,2.0,6.0,1.0,1.0,0.0,0.0,1.0,0.0,0.0,5.0,0.0,0.0,6.0,0.0,0.0,1.0,0.0,6.0,0.0,6.0,6.0,2.0,0.0,0.0,0.0,2.0,0.0,1.0,2.0,23.0,2.0,2.0,13.0,7.0,7.0,11.0,27.0
CHEMBL1922922,IC50,47.0,30.0,5.0,4.0,0.0,1.0,1.0,2.0,0.0,38.0,8.0,5.0,0.0,2.0,2.0,4.0,0.0,1.0,0.0,0.0,0.0,0.0,0.0,39.0,8.0,8.0,0.0,2.0,2.0,4.0,0.0,1.0,41.0,6.0,8.0,0.0,1.0,2.0,3.0,2.0,1.0,1.0,0.0,46.0,3.0,11.0,0.0,2.0,1.0,3.0,0.0,0.0,0.0,1.0,1.0,0.0,45.0,4.0,9.0,0.0,4.0,2.0,6.0,0.0,0.0,0.0,0.0,0.0,2.0,0.0,0.0,0.0,0.0,42.0,3.0,7.0,0.0,3.0,3.0,6.0,0.0,0.0,0.0,0.0,0.0,36.0,3.0,7.0,0.0,3.0,4.0,7.0,0.0,0.0,0.0,0.0,0.0,31.0,3.0,4.0,0.0,2.0,3.0,5.0,0.0,1.0,0.0,0.0,1.0,0.0,0.0,23.0,2.0,5.0,0.0,3.0,3.0,6.0,1.0,1.0,0.0,0.0,0.0,0.0,0.0,1.0,0.0,0.0,1.0,5.0,2.0,2.0,0.0,0.0,2.0,0.0,1.0,1.0,1.0,1.0,0.0,1.0,0.0,0.0,1.0,0.0,3.0,0.0,1.0,1.0,1.0,1.0,0.0,1.0,10.0,3.0,7.0,0.0,0.0,1.0,0.0,0.0,0.0,0.0,2.0,6.0,0.0,0.0,0.0,0.0,1.0,0.0,0.0,0.0,3.0,1.0,3.0,0.0,1.0,2.0,2.0,0.0,1.0,0.0,0.0,0.0,0.0,0.0,0.0,0.0,0.0,1.0,0.0,1.0,1.0,1.0,0.0,0.0,1.0,0.0,0.0,1.0,0.0,0.0,0.0,0.0,1.0,1.0,1.0,2.0,1.0,0.0,0.0,1.0,0.0,0.0,0.0,1.0,0.0,1.0,1.0,1.0,0.0,0.0,1.0,0.0,0.0,4.0,1.0,0.0,0.0,0.0,1.0,4.0,1.0,0.0,0.0,0.0,0.0,2.0,0.0,1.0,0.0,3.0,1.0,0.0,1.0,21.0,1.0,4.0,9.0,11.0,11.0,11.0,26.0
CHEMBL1922700,IC50,160.0,21.0,12.0,5.0,0.0,3.0,2.0,5.0,3.0,32.0,11.0,4.0,0.0,0.0,4.0,4.0,8.0,1.0,3.0,3.0,3.0,3.0,3.0,29.0,20.0,5.0,0.0,3.0,4.0,7.0,2.0,1.0,27.0,22.0,5.0,0.0,6.0,2.0,8.0,2.0,0.0,2.0,0.0,35.0,18.0,3.0,0.0,6.0,4.0,10.0,0.0,5.0,0.0,2.0,2.0,0.0,38.0,19.0,6.0,0.0,3.0,4.0,7.0,0.0,0.0,0.0,2.0,2.0,0.0,0.0,0.0,0.0,0.0,42.0,8.0,4.0,0.0,0.0,6.0,6.0,1.0,3.0,3.0,3.0,0.0,30.0,11.0,10.0,0.0,3.0,9.0,12.0,0.0,0.0,0.0,0.0,0.0,26.0,4.0,9.0,0.0,0.0,8.0,8.0,4.0,2.0,6.0,6.0,0.0,0.0,0.0,17.0,10.0,9.0,0.0,12.0,4.0,16.0,2.0,0.0,0.0,0.0,1.0,0.0,0.0,0.0,0.0,0.0,0.0,3.0,0.0,0.0,0.0,0.0,1.0,0.0,0.0,0.0,1.0,1.0,0.0,1.0,0.0,0.0,0.0,1.0,1.0,0.0,2.0,0.0,2.0,3.0,2.0,0.0,7.0,1.0,1.0,0.0,0.0,0.0,0.0,0.0,0.0,0.0,0.0,0.0,0.0,0.0,0.0,0.0,0.0,0.0,0.0,0.0,0.0,0.0,0.0,0.0,0.0,0.0,0.0,0.0,0.0,0.0,0.0,0.0,0.0,0.0,0.0,0.0,0.0,0.0,0.0,0.0,0.0,1.0,0.0,0.0,1.0,0.0,0.0,0.0,0.0,0.0,0.0,0.0,1.0,2.0,2.0,4.0,1.0,0.0,0.0,0.0,3.0,0.0,1.0,3.0,1.0,3.0,4.0,1.0,0.0,0.0,0.0,0.0,1.0,3.0,0.0,0.0,3.0,0.0,0.0,0.0,0.0,3.0,0.0,3.0,3.0,1.0,0.0,1.0,0.0,2.0,2.0,3.0,4.0,23.0,6.0,6.0,17.0,10.0,10.0,11.0,25.0
CHEMBL218871,IC50,215.0,27.0,8.0,6.0,0.0,3.0,0.0,3.0,0.0,39.0,8.0,5.0,0.0,0.0,0.0,0.0,1.0,3.0,3.0,3.0,3.0,3.0,3.0,35.0,14.0,10.0,0.0,3.0,0.0,3.0,0.0,1.0,30.0,14.0,11.0,0.0,6.0,0.0,6.0,2.0,0.0,0.0,0.0,32.0,11.0,10.0,0.0,6.0,0.0,6.0,0.0,2.0,3.0,0.0,3.0,1.0,33.0,11.0,10.0,0.0,9.0,0.0,9.0,1.0,0.0,0.0,0.0,0.0,2.0,0.0,0.0,0.0,0.0,42.0,4.0,10.0,0.0,0.0,0.0,0.0,1.0,1.0,6.0,6.0,0.0,37.0,7.0,14.0,0.0,6.0,0.0,6.0,1.0,1.0,0.0,0.0,0.0,39.0,5.0,7.0,0.0,9.0,0.0,9.0,1.0,2.0,0.0,0.0,1.0,0.0,0.0,34.0,8.0,8.0,0.0,12.0,0.0,12.0,0.0,0.0,0.0,0.0,0.0,0.0,0.0,2.0,0.0,0.0,0.0,7.0,4.0,0.0,0.0,0.0,3.0,0.0,1.0,1.0,3.0,2.0,0.0,2.0,0.0,0.0,1.0,2.0,3.0,0.0,1.0,1.0,0.0,3.0,1.0,1.0,18.0,3.0,12.0,0.0,0.0,5.0,0.0,1.0,1.0,0.0,1.0,15.0,0.0,0.0,0.0,2.0,11.0,7.0,2.0,2.0,1.0,0.0,14.0,0.0,0.0,0.0,14.0,0.0,0.0,9.0,6.0,7.0,3.0,7.0,4.0,2.0,2.0,3.0,2.0,3.0,1.0,3.0,2.0,0.0,5.0,0.0,0.0,3.0,0.0,0.0,0.0,0.0,1.0,0.0,0.0,6.0,4.0,0.0,2.0,3.0,1.0,0.0,0.0,2.0,1.0,3.0,4.0,3.0,0.0,0.0,1.0,0.0,0.0,5.0,0.0,0.0,3.0,0.0,3.0,5.0,1.0,3.0,0.0,3.0,3.0,2.0,0.0,1.0,0.0,2.0,0.0,0.0,0.0,12.0,0.0,2.0,14.0,20.0,20.0,14.0,22.0
CHEMBL3616677,IC50,50.0,30.0,7.0,7.0,0.0,3.0,0.0,3.0,1.0,41.0,13.0,7.0,0.0,0.0,0.0,0.0,0.0,1.0,3.0,3.0,3.0,3.0,3.0,43.0,16.0,8.0,0.0,3.0,0.0,3.0,0.0,1.0,41.0,15.0,6.0,0.0,6.0,0.0,6.0,2.0,0.0,0.0,0.0,45.0,11.0,6.0,0.0,6.0,0.0,6.0,1.0,1.0,0.0,0.0,0.0,0.0,45.0,12.0,7.0,0.0,3.0,0.0,3.0,0.0,1.0,0.0,0.0,0.0,2.0,0.0,0.0,0.0,0.0,45.0,9.0,10.0,0.0,3.0,0.0,3.0,1.0,1.0,0.0,0.0,0.0,44.0,6.0,9.0,0.0,6.0,0.0,6.0,1.0,2.0,0.0,0.0,0.0,36.0,10.0,10.0,0.0,6.0,0.0,6.0,0.0,1.0,0.0,0.0,0.0,0.0,0.0,31.0,9.0,12.0,0.0,3.0,0.0,3.0,0.0,0.0,3.0,3.0,0.0,0.0,0.0,1.0,1.0,0.0,0.0,2.0,0.0,0.0,0.0,0.0,1.0,0.0,1.0,1.0,2.0,1.0,0.0,1.0,0.0,0.0,1.0,1.0,2.0,0.0,2.0,1.0,0.0,3.0,2.0,1.0,8.0,2.0,3.0,0.0,0.0,0.0,0.0,0.0,0.0,0.0,1.0,1.0,0.0,0.0,0.0,0.0,0.0,0.0,0.0,0.0,1.0,1.0,0.0,0.0,0.0,0.0,0.0,0.0,0.0,0.0,0.0,0.0,0.0,0.0,0.0,0.0,0.0,1.0,0.0,1.0,1.0,1.0,0.0,0.0,1.0,0.0,0.0,1.0,0.0,0.0,0.0,0.0,1.0,0.0,0.0,2.0,1.0,0.0,0.0,1.0,0.0,0.0,0.0,3.0,1.0,3.0,1.0,1.0,0.0,0.0,1.0,0.0,0.0,5.0,0.0,0.0,3.0,0.0,1.0,1.0,0.0,3.0,0.0,3.0,3.0,2.0,0.0,1.0,0.0,2.0,0.0,2.0,3.0,27.0,3.0,2.0,14.0,9.0,9.0,10.0,30.0
CHEMBL3616692,IC50,1.5,36.0,5.0,7.0,0.0,4.0,0.0,4.0,1.0,48.0,11.0,7.0,0.0,5.0,0.0,5.0,0.0,1.0,0.0,0.0,3.0,3.0,3.0,50.0,15.0,10.0,0.0,8.0,0.0,8.0,0.0,0.0,51.0,16.0,6.0,0.0,9.0,0.0,9.0,3.0,0.0,0.0,0.0,57.0,14.0,8.0,0.0,8.0,0.0,8.0,0.0,1.0,0.0,0.0,0.0,0.0,64.0,11.0,8.0,0.0,5.0,0.0,5.0,0.0,0.0,3.0,0.0,3.0,2.0,3.0,0.0,0.0,0.0,66.0,5.0,10.0,0.0,10.0,0.0,10.0,1.0,1.0,4.0,4.0,0.0,63.0,4.0,11.0,0.0,11.0,0.0,11.0,1.0,2.0,1.0,1.0,0.0,58.0,7.0,13.0,0.0,12.0,0.0,12.0,0.0,1.0,0.0,0.0,0.0,0.0,0.0,51.0,7.0,13.0,0.0,17.0,0.0,17.0,0.0,0.0,0.0,0.0,0.0,0.0,0.0,1.0,0.0,0.0,0.0,5.0,1.0,0.0,0.0,0.0,3.0,1.0,1.0,1.0,3.0,1.0,0.0,1.0,0.0,0.0,1.0,1.0,2.0,0.0,1.0,3.0,0.0,4.0,2.0,1.0,12.0,2.0,6.0,0.0,0.0,0.0,0.0,0.0,0.0,0.0,1.0,4.0,0.0,0.0,0.0,0.0,0.0,0.0,0.0,0.0,1.0,1.0,2.0,0.0,0.0,1.0,1.0,0.0,0.0,0.0,0.0,0.0,0.0,0.0,0.0,0.0,0.0,1.0,0.0,1.0,1.0,1.0,0.0,0.0,1.0,0.0,0.0,1.0,0.0,0.0,0.0,0.0,1.0,0.0,0.0,2.0,1.0,0.0,0.0,1.0,0.0,0.0,0.0,3.0,2.0,4.0,1.0,1.0,0.0,0.0,1.0,0.0,0.0,5.0,0.0,0.0,0.0,0.0,1.0,4.0,0.0,3.0,0.0,0.0,0.0,2.0,0.0,1.0,0.0,2.0,0.0,1.0,2.0,27.0,2.0,2.0,12.0,13.0,13.0,13.0,31.0
CHEMBL1922924,IC50,120.0,32.0,5.0,4.0,0.0,0.0,1.0,1.0,0.0,42.0,8.0,5.0,0.0,0.0,2.0,2.0,0.0,1.0,0.0,0.0,0.0,0.0,0.0,43.0,8.0,8.0,0.0,0.0,2.0,2.0,0.0,1.0,44.0,8.0,8.0,0.0,0.0,2.0,2.0,2.0,0.0,0.0,0.0,50.0,3.0,11.0,0.0,0.0,1.0,1.0,0.0,0.0,0.0,1.0,1.0,0.0,53.0,4.0,9.0,0.0,0.0,2.0,2.0,0.0,0.0,0.0,0.0,0.0,2.0,0.0,0.0,0.0,0.0,48.0,3.0,9.0,0.0,0.0,3.0,3.0,0.0,0.0,0.0,0.0,0.0,42.0,3.0,7.0,0.0,0.0,4.0,4.0,0.0,0.0,0.0,0.0,0.0,35.0,3.0,4.0,0.0,0.0,5.0,5.0,0.0,1.0,0.0,0.0,1.0,0.0,0.0,29.0,2.0,5.0,0.0,0.0,3.0,3.0,1.0,1.0,0.0,0.0,0.0,0.0,0.0,1.0,0.0,0.0,1.0,5.0,2.0,2.0,0.0,0.0,2.0,0.0,1.0,1.0,3.0,1.0,0.0,1.0,0.0,0.0,1.0,0.0,3.0,0.0,1.0,1.0,1.0,0.0,0.0,1.0,12.0,3.0,7.0,0.0,0.0,1.0,0.0,0.0,0.0,0.0,2.0,6.0,0.0,0.0,0.0,0.0,1.0,0.0,0.0,0.0,3.0,1.0,3.0,0.0,1.0,2.0,2.0,0.0,1.0,0.0,0.0,0.0,0.0,0.0,0.0,0.0,0.0,1.0,0.0,1.0,1.0,1.0,0.0,0.0,1.0,0.0,0.0,1.0,0.0,0.0,0.0,0.0,1.0,1.0,1.0,2.0,1.0,0.0,0.0,1.0,0.0,0.0,0.0,1.0,0.0,0.0,1.0,1.0,0.0,0.0,1.0,0.0,0.0,4.0,1.0,0.0,0.0,0.0,3.0,4.0,1.0,0.0,0.0,0.0,0.0,2.0,0.0,1.0,0.0,3.0,1.0,0.0,1.0,21.0,1.0,4.0,9.0,13.0,13.0,11.0,26.0
CHEMBL3656283,IC50,5100.0,27.0,9.0,2.0,0.0,0.0,2.0,2.0,3.0,38.0,12.0,2.0,0.0,0.0,4.0,4.0,6.0,2.0,0.0,0.0,0.0,0.0,0.0,37.0,13.0,6.0,0.0,0.0,4.0,4.0,2.0,1.0,37.0,19.0,8.0,0.0,0.0,4.0,4.0,2.0,0.0,0.0,0.0,46.0,17.0,7.0,0.0,0.0,2.0,2.0,0.0,2.0,0.0,2.0,2.0,0.0,53.0,14.0,7.0,0.0,0.0,2.0,2.0,0.0,0.0,0.0,2.0,2.0,0.0,2.0,0.0,0.0,0.0,54.0,11.0,5.0,0.0,0.0,6.0,6.0,1.0,1.0,0.0,0.0,0.0,41.0,9.0,4.0,0.0,0.0,6.0,6.0,0.0,0.0,0.0,0.0,0.0,35.0,8.0,4.0,0.0,0.0,10.0,10.0,3.0,2.0,0.0,0.0,1.0,0.0,0.0,19.0,14.0,6.0,0.0,0.0,6.0,6.0,2.0,0.0,0.0,0.0,0.0,0.0,0.0,2.0,1.0,0.0,0.0,3.0,2.0,0.0,0.0,0.0,1.0,0.0,0.0,0.0,6.0,1.0,0.0,1.0,0.0,0.0,0.0,2.0,2.0,0.0,1.0,0.0,2.0,0.0,0.0,0.0,16.0,2.0,12.0,1.0,0.0,5.0,0.0,2.0,1.0,0.0,1.0,13.0,0.0,0.0,0.0,1.0,4.0,0.0,2.0,1.0,0.0,2.0,7.0,0.0,0.0,1.0,5.0,0.0,0.0,0.0,0.0,0.0,0.0,0.0,3.0,5.0,3.0,3.0,2.0,2.0,0.0,6.0,4.0,5.0,8.0,3.0,0.0,3.0,5.0,0.0,0.0,0.0,0.0,2.0,2.0,5.0,3.0,2.0,2.0,2.0,0.0,0.0,0.0,0.0,0.0,0.0,3.0,2.0,0.0,0.0,0.0,0.0,0.0,2.0,0.0,0.0,0.0,0.0,6.0,3.0,1.0,0.0,0.0,0.0,0.0,2.0,0.0,1.0,0.0,2.0,2.0,3.0,4.0,17.0,6.0,5.0,11.0,17.0,17.0,11.0,23.0
CHEMBL3656292,IC50,5100.0,27.0,7.0,6.0,0.0,3.0,0.0,3.0,0.0,36.0,10.0,6.0,0.0,0.0,0.0,0.0,1.0,2.0,3.0,3.0,3.0,3.0,3.0,37.0,12.0,10.0,0.0,3.0,0.0,3.0,0.0,1.0,32.0,13.0,9.0,0.0,6.0,0.0,6.0,2.0,0.0,0.0,0.0,36.0,9.0,10.0,0.0,6.0,0.0,6.0,0.0,0.0,0.0,0.0,0.0,0.0,40.0,5.0,9.0,0.0,3.0,0.0,3.0,0.0,1.0,0.0,0.0,0.0,2.0,0.0,0.0,0.0,0.0,38.0,5.0,9.0,0.0,3.0,0.0,3.0,0.0,1.0,0.0,0.0,1.0,35.0,2.0,9.0,0.0,3.0,0.0,3.0,1.0,1.0,3.0,3.0,0.0,30.0,4.0,8.0,0.0,3.0,0.0,3.0,0.0,0.0,3.0,3.0,0.0,3.0,3.0,22.0,4.0,8.0,0.0,9.0,0.0,9.0,1.0,2.0,0.0,0.0,1.0,0.0,0.0,1.0,0.0,0.0,0.0,9.0,2.0,0.0,0.0,0.0,6.0,3.0,1.0,1.0,1.0,1.0,0.0,1.0,0.0,0.0,1.0,2.0,3.0,0.0,2.0,0.0,0.0,3.0,1.0,1.0,17.0,3.0,12.0,1.0,0.0,1.0,0.0,2.0,1.0,0.0,2.0,10.0,0.0,0.0,0.0,0.0,3.0,3.0,4.0,2.0,1.0,2.0,10.0,0.0,0.0,0.0,10.0,0.0,0.0,5.0,2.0,3.0,1.0,2.0,4.0,4.0,2.0,5.0,2.0,3.0,1.0,7.0,4.0,5.0,9.0,3.0,0.0,4.0,5.0,0.0,0.0,0.0,1.0,0.0,0.0,6.0,4.0,2.0,2.0,3.0,0.0,0.0,0.0,2.0,1.0,3.0,3.0,2.0,0.0,0.0,1.0,0.0,0.0,5.0,0.0,0.0,3.0,0.0,1.0,7.0,1.0,3.0,0.0,3.0,3.0,3.0,0.0,1.0,0.0,2.0,0.0,0.0,0.0,12.0,2.0,5.0,13.0,16.0,16.0,12.0,21.0
CHEMBL3656295,IC50,1700.0,24.0,7.0,4.0,0.0,0.0,2.0,2.0,0.0,29.0,11.0,4.0,0.0,0.0,4.0,4.0,1.0,2.0,0.0,0.0,0.0,0.0,0.0,32.0,11.0,8.0,0.0,0.0,4.0,4.0,0.0,1.0,34.0,10.0,9.0,0.0,0.0,4.0,4.0,2.0,0.0,0.0,0.0,38.0,9.0,10.0,0.0,0.0,2.0,2.0,0.0,0.0,0.0,2.0,2.0,0.0,31.0,5.0,6.0,0.0,0.0,2.0,2.0,0.0,0.0,0.0,2.0,2.0,2.0,2.0,0.0,0.0,0.0,28.0,2.0,6.0,0.0,0.0,6.0,6.0,1.0,1.0,0.0,0.0,0.0,21.0,6.0,9.0,0.0,0.0,4.0,4.0,0.0,0.0,0.0,0.0,0.0,17.0,4.0,5.0,0.0,0.0,8.0,8.0,1.0,2.0,0.0,0.0,1.0,0.0,0.0,14.0,3.0,4.0,0.0,0.0,4.0,4.0,0.0,0.0,0.0,0.0,0.0,0.0,0.0,2.0,0.0,0.0,0.0,3.0,0.0,0.0,0.0,0.0,1.0,0.0,1.0,1.0,2.0,1.0,0.0,1.0,0.0,0.0,1.0,1.0,3.0,0.0,1.0,0.0,2.0,0.0,0.0,1.0,13.0,3.0,9.0,1.0,0.0,2.0,0.0,2.0,1.0,0.0,2.0,5.0,0.0,0.0,0.0,0.0,0.0,0.0,0.0,0.0,1.0,2.0,1.0,0.0,0.0,2.0,0.0,0.0,0.0,0.0,0.0,0.0,0.0,0.0,0.0,1.0,1.0,3.0,2.0,3.0,1.0,7.0,4.0,5.0,9.0,3.0,0.0,4.0,5.0,0.0,0.0,0.0,1.0,2.0,2.0,6.0,4.0,2.0,2.0,3.0,0.0,0.0,0.0,1.0,0.0,0.0,3.0,2.0,0.0,0.0,1.0,0.0,0.0,4.0,0.0,0.0,0.0,0.0,2.0,2.0,1.0,0.0,0.0,0.0,0.0,3.0,0.0,1.0,0.0,2.0,2.0,0.0,0.0,12.0,2.0,5.0,11.0,13.0,13.0,9.0,23.0
CHEMBL1644178,IC50,63.0,28.0,7.0,3.0,0.0,3.0,0.0,3.0,4.0,40.0,11.0,3.0,0.0,0.0,0.0,0.0,5.0,1.0,3.0,3.0,3.0,3.0,3.0,38.0,13.0,5.0,0.0,3.0,0.0,3.0,2.0,0.0,32.0,18.0,3.0,0.0,6.0,0.0,6.0,2.0,0.0,0.0,0.0,33.0,16.0,2.0,0.0,6.0,0.0,6.0,0.0,2.0,0.0,0.0,0.0,0.0,36.0,14.0,2.0,0.0,3.0,0.0,3.0,0.0,1.0,0.0,0.0,0.0,0.0,0.0,0.0,0.0,0.0,39.0,12.0,1.0,0.0,3.0,0.0,3.0,1.0,2.0,0.0,0.0,0.0,38.0,10.0,3.0,0.0,3.0,0.0,3.0,1.0,1.0,3.0,3.0,0.0,32.0,6.0,6.0,0.0,3.0,0.0,3.0,2.0,0.0,3.0,3.0,0.0,0.0,0.0,32.0,5.0,7.0,0.0,6.0,0.0,6.0,4.0,0.0,0.0,0.0,0.0,0.0,0.0,2.0,0.0,0.0,0.0,5.0,4.0,0.0,0.0,0.0,2.0,0.0,0.0,0.0,3.0,1.0,0.0,1.0,0.0,0.0,0.0,2.0,1.0,0.0,2.0,0.0,0.0,3.0,1.0,0.0,13.0,1.0,10.0,0.0,0.0,5.0,0.0,0.0,0.0,0.0,0.0,14.0,0.0,0.0,0.0,2.0,11.0,7.0,0.0,0.0,0.0,0.0,14.0,0.0,0.0,0.0,14.0,0.0,0.0,9.0,0.0,7.0,3.0,0.0,0.0,0.0,0.0,0.0,0.0,0.0,0.0,0.0,0.0,0.0,0.0,0.0,0.0,0.0,0.0,0.0,0.0,0.0,0.0,0.0,0.0,1.0,0.0,0.0,0.0,0.0,0.0,0.0,0.0,1.0,1.0,3.0,1.0,1.0,0.0,0.0,0.0,0.0,0.0,2.0,0.0,0.0,3.0,0.0,3.0,4.0,2.0,3.0,0.0,3.0,3.0,1.0,0.0,1.0,0.0,2.0,0.0,4.0,6.0,22.0,6.0,2.0,10.0,17.0,17.0,9.0,24.0
CHEMBL156724,IC50,3.4,31.0,5.0,4.0,0.0,0.0,1.0,1.0,1.0,41.0,8.0,5.0,0.0,0.0,2.0,2.0,0.0,3.0,0.0,0.0,0.0,0.0,0.0,33.0,13.0,12.0,0.0,0.0,2.0,2.0,0.0,1.0,31.0,16.0,14.0,0.0,0.0,2.0,2.0,0.0,0.0,0.0,1.0,40.0,11.0,13.0,0.0,0.0,0.0,0.0,0.0,0.0,0.0,1.0,1.0,0.0,47.0,5.0,12.0,0.0,0.0,0.0,0.0,1.0,1.0,0.0,1.0,1.0,1.0,0.0,0.0,0.0,0.0,49.0,3.0,7.0,0.0,0.0,1.0,1.0,1.0,1.0,0.0,0.0,0.0,39.0,5.0,4.0,0.0,0.0,1.0,1.0,0.0,2.0,0.0,0.0,0.0,25.0,7.0,2.0,0.0,0.0,2.0,2.0,0.0,3.0,0.0,0.0,0.0,0.0,0.0,15.0,10.0,6.0,0.0,0.0,3.0,3.0,0.0,0.0,0.0,0.0,0.0,0.0,0.0,2.0,0.0,0.0,2.0,8.0,4.0,4.0,0.0,0.0,6.0,2.0,0.0,0.0,0.0,1.0,0.0,1.0,0.0,0.0,1.0,0.0,3.0,0.0,0.0,1.0,1.0,0.0,0.0,1.0,14.0,3.0,12.0,2.0,0.0,2.0,0.0,0.0,0.0,0.0,2.0,14.0,4.0,4.0,0.0,0.0,4.0,2.0,0.0,0.0,4.0,0.0,14.0,4.0,4.0,0.0,6.0,4.0,4.0,2.0,0.0,0.0,0.0,2.0,4.0,4.0,4.0,4.0,0.0,4.0,0.0,2.0,0.0,0.0,2.0,2.0,4.0,2.0,1.0,0.0,0.0,0.0,0.0,1.0,1.0,3.0,1.0,2.0,0.0,2.0,2.0,0.0,0.0,0.0,0.0,0.0,3.0,3.0,0.0,0.0,0.0,0.0,0.0,4.0,0.0,0.0,0.0,0.0,0.0,8.0,2.0,0.0,0.0,0.0,0.0,3.0,0.0,0.0,0.0,2.0,1.0,0.0,0.0,16.0,0.0,4.0,9.0,16.0,16.0,9.0,24.0
CHEMBL155449,IC50,268.0,23.0,8.0,3.0,0.0,0.0,1.0,1.0,1.0,33.0,9.0,4.0,0.0,0.0,2.0,2.0,0.0,2.0,0.0,0.0,0.0,0.0,0.0,34.0,7.0,7.0,0.0,0.0,2.0,2.0,1.0,1.0,22.0,13.0,8.0,0.0,0.0,2.0,2.0,0.0,0.0,0.0,0.0,20.0,13.0,6.0,0.0,0.0,0.0,0.0,0.0,1.0,0.0,1.0,1.0,0.0,22.0,10.0,6.0,0.0,0.0,0.0,0.0,0.0,1.0,0.0,1.0,1.0,1.0,0.0,0.0,0.0,0.0,26.0,7.0,5.0,0.0,0.0,1.0,1.0,0.0,1.0,0.0,0.0,0.0,28.0,4.0,4.0,0.0,0.0,1.0,1.0,1.0,1.0,0.0,0.0,0.0,24.0,5.0,3.0,0.0,0.0,2.0,2.0,1.0,1.0,0.0,0.0,0.0,0.0,0.0,17.0,7.0,4.0,0.0,0.0,3.0,3.0,0.0,0.0,0.0,0.0,0.0,0.0,0.0,0.0,0.0,0.0,0.0,5.0,0.0,0.0,0.0,0.0,2.0,0.0,0.0,1.0,1.0,1.0,0.0,1.0,0.0,0.0,1.0,0.0,2.0,0.0,0.0,1.0,1.0,0.0,0.0,1.0,9.0,2.0,3.0,1.0,0.0,0.0,0.0,0.0,0.0,0.0,1.0,0.0,0.0,0.0,0.0,0.0,0.0,0.0,0.0,0.0,0.0,1.0,0.0,0.0,0.0,0.0,0.0,0.0,0.0,0.0,0.0,0.0,0.0,0.0,0.0,0.0,0.0,0.0,0.0,0.0,0.0,5.0,5.0,4.0,10.0,2.0,0.0,2.0,4.0,0.0,0.0,0.0,0.0,1.0,1.0,7.0,6.0,2.0,0.0,2.0,0.0,0.0,0.0,0.0,0.0,0.0,4.0,2.0,0.0,0.0,0.0,2.0,0.0,3.0,0.0,0.0,0.0,0.0,0.0,1.0,0.0,0.0,0.0,0.0,0.0,3.0,0.0,0.0,0.0,2.0,1.0,0.0,0.0,16.0,2.0,4.0,11.0,13.0,13.0,7.0,22.0
CHEMBL439289,IC50,18.0,126.0,78.0,48.0,2.0,0.0,0.0,0.0,0.0,146.0,99.0,53.0,1.0,0.0,0.0,0.0,7.0,33.0,0.0,0.0,0.0,0.0,0.0,165.0,68.0,77.0,1.0,0.0,0.0,0.0,29.0,36.0,152.0,118.0,127.0,1.0,0.0,0.0,0.0,12.0,0.0,0.0,7.0,171.0,132.0,98.0,1.0,0.0,0.0,0.0,9.0,40.0,0.0,0.0,0.0,40.0,214.0,86.0,123.0,2.0,0.0,0.0,0.0,36.0,48.0,0.0,0.0,0.0,10.0,0.0,0.0,0.0,0.0,218.0,131.0,169.0,3.0,0.0,0.0,0.0,6.0,20.0,0.0,0.0,12.0,235.0,143.0,133.0,3.0,0.0,0.0,0.0,12.0,48.0,0.0,0.0,43.0,264.0,97.0,146.0,4.0,0.0,0.0,0.0,35.0,53.0,0.0,0.0,15.0,0.0,0.0,249.0,143.0,181.0,3.0,0.0,0.0,0.0,6.0,23.0,0.0,0.0,14.0,0.0,0.0,34.0,7.0,27.0,28.0,36.0,25.0,23.0,23.0,22.0,12.0,4.0,1.0,8.0,12.0,29.0,28.0,28.0,27.0,10.0,12.0,0.0,36.0,5.0,2.0,0.0,0.0,0.0,0.0,12.0,120.0,36.0,87.0,33.0,28.0,3.0,0.0,28.0,27.0,27.0,36.0,61.0,32.0,27.0,26.0,0.0,3.0,0.0,18.0,18.0,35.0,4.0,30.0,22.0,25.0,4.0,12.0,14.0,15.0,1.0,0.0,0.0,0.0,0.0,18.0,36.0,11.0,53.0,0.0,18.0,10.0,93.0,0.0,0.0,85.0,55.0,53.0,55.0,55.0,28.0,28.0,7.0,13.0,0.0,0.0,70.0,29.0,28.0,28.0,28.0,0.0,29.0,7.0,10.0,0.0,0.0,41.0,33.0,29.0,29.0,9.0,29.0,7.0,48.0,4.0,28.0,0.0,7.0,10.0,27.0,3.0,0.0,7.0,0.0,0.0,36.0,5.0,28.0,27.0,0.0,0.0,1.0,3.0,38.0,3.0,0.0,128.0,181.0,181.0,143.0,138.0
CHEMBL472325,IC50,7.0,24.0,12.0,1.0,0.0,0.0,0.0,1.0,3.0,38.0,10.0,1.0,0.0,0.0,0.0,2.0,8.0,1.0,0.0,0.0,0.0,0.0,0.0,32.0,20.0,3.0,0.0,0.0,0.0,2.0,2.0,0.0,31.0,19.0,2.0,0.0,0.0,0.0,1.0,2.0,0.0,1.0,0.0,32.0,19.0,1.0,0.0,0.0,0.0,1.0,0.0,2.0,0.0,0.0,1.0,0.0,36.0,19.0,1.0,0.0,0.0,0.0,1.0,0.0,0.0,0.0,0.0,1.0,0.0,0.0,0.0,0.0,0.0,41.0,10.0,0.0,0.0,0.0,0.0,2.0,1.0,1.0,0.0,0.0,0.0,31.0,15.0,2.0,0.0,0.0,0.0,3.0,0.0,0.0,0.0,0.0,0.0,35.0,4.0,2.0,0.0,0.0,0.0,4.0,4.0,2.0,0.0,0.0,0.0,0.0,0.0,22.0,11.0,5.0,0.0,0.0,0.0,3.0,2.0,0.0,0.0,0.0,0.0,0.0,0.0,2.0,0.0,0.0,0.0,5.0,4.0,0.0,0.0,0.0,2.0,0.0,0.0,0.0,4.0,1.0,0.0,1.0,0.0,0.0,0.0,1.0,1.0,0.0,1.0,1.0,0.0,0.0,0.0,0.0,13.0,1.0,10.0,0.0,0.0,5.0,0.0,1.0,0.0,0.0,0.0,14.0,0.0,0.0,0.0,2.0,11.0,7.0,2.0,0.0,0.0,0.0,14.0,0.0,0.0,0.0,14.0,0.0,0.0,9.0,0.0,7.0,3.0,0.0,4.0,2.0,0.0,2.0,0.0,0.0,0.0,2.0,0.0,0.0,2.0,0.0,0.0,0.0,0.0,0.0,0.0,0.0,0.0,0.0,0.0,3.0,1.0,0.0,1.0,0.0,0.0,0.0,0.0,0.0,0.0,0.0,2.0,1.0,0.0,0.0,0.0,0.0,0.0,1.0,0.0,0.0,0.0,0.0,3.0,4.0,1.0,0.0,0.0,0.0,0.0,1.0,0.0,1.0,0.0,2.0,0.0,4.0,6.0,20.0,6.0,2.0,13.0,18.0,18.0,8.0,22.0
CHEMBL2159336,IC50,728.3,32.0,5.0,5.0,0.0,0.0,2.0,2.0,1.0,42.0,11.0,5.0,0.0,0.0,4.0,4.0,0.0,1.0,0.0,0.0,0.0,0.0,0.0,43.0,13.0,7.0,0.0,0.0,4.0,4.0,0.0,0.0,39.0,14.0,5.0,0.0,0.0,4.0,4.0,2.0,0.0,0.0,0.0,42.0,11.0,6.0,0.0,0.0,2.0,2.0,0.0,0.0,0.0,2.0,2.0,0.0,47.0,8.0,4.0,0.0,0.0,2.0,2.0,0.0,0.0,0.0,2.0,2.0,2.0,0.0,0.0,0.0,0.0,48.0,5.0,6.0,0.0,0.0,4.0,4.0,1.0,1.0,0.0,0.0,0.0,46.0,3.0,6.0,0.0,0.0,8.0,8.0,1.0,2.0,0.0,0.0,0.0,38.0,6.0,7.0,0.0,0.0,8.0,8.0,0.0,1.0,0.0,0.0,0.0,0.0,0.0,31.0,6.0,8.0,0.0,0.0,8.0,8.0,0.0,0.0,0.0,0.0,0.0,0.0,0.0,1.0,1.0,0.0,0.0,2.0,0.0,0.0,0.0,0.0,1.0,0.0,1.0,1.0,2.0,1.0,0.0,1.0,0.0,0.0,1.0,0.0,2.0,0.0,1.0,2.0,2.0,0.0,1.0,1.0,7.0,2.0,3.0,0.0,0.0,0.0,0.0,0.0,0.0,0.0,1.0,1.0,0.0,0.0,0.0,0.0,0.0,0.0,0.0,0.0,1.0,1.0,0.0,0.0,0.0,0.0,0.0,0.0,0.0,0.0,0.0,0.0,0.0,0.0,0.0,0.0,0.0,1.0,0.0,1.0,1.0,1.0,0.0,0.0,1.0,0.0,0.0,1.0,0.0,0.0,0.0,0.0,1.0,2.0,2.0,2.0,1.0,0.0,0.0,1.0,0.0,0.0,0.0,2.0,1.0,0.0,1.0,1.0,0.0,0.0,1.0,0.0,0.0,4.0,0.0,0.0,0.0,0.0,1.0,1.0,0.0,0.0,0.0,0.0,0.0,2.0,0.0,1.0,0.0,2.0,2.0,1.0,2.0,27.0,2.0,2.0,10.0,9.0,9.0,8.0,30.0
CHEMBL1644175,IC50,7200.0,26.0,5.0,5.0,0.0,3.0,0.0,3.0,1.0,33.0,10.0,5.0,0.0,0.0,0.0,0.0,0.0,1.0,3.0,3.0,3.0,3.0,3.0,32.0,12.0,7.0,0.0,3.0,0.0,3.0,0.0,0.0,33.0,11.0,4.0,0.0,6.0,0.0,6.0,2.0,0.0,0.0,0.0,37.0,9.0,4.0,0.0,6.0,0.0,6.0,0.0,1.0,0.0,0.0,0.0,0.0,36.0,7.0,4.0,0.0,3.0,0.0,3.0,0.0,1.0,0.0,0.0,0.0,2.0,0.0,0.0,0.0,0.0,34.0,4.0,8.0,0.0,0.0,0.0,0.0,0.0,0.0,3.0,3.0,0.0,29.0,4.0,9.0,0.0,3.0,0.0,3.0,0.0,0.0,3.0,3.0,0.0,23.0,1.0,6.0,0.0,9.0,0.0,9.0,2.0,2.0,0.0,0.0,0.0,0.0,0.0,16.0,5.0,8.0,0.0,9.0,0.0,9.0,0.0,0.0,0.0,0.0,0.0,0.0,0.0,1.0,0.0,0.0,0.0,8.0,2.0,0.0,0.0,0.0,5.0,3.0,1.0,1.0,0.0,1.0,0.0,1.0,0.0,0.0,1.0,1.0,2.0,0.0,2.0,0.0,0.0,3.0,1.0,1.0,12.0,2.0,8.0,0.0,0.0,0.0,0.0,0.0,0.0,0.0,1.0,7.0,0.0,0.0,0.0,0.0,0.0,0.0,0.0,0.0,1.0,0.0,6.0,0.0,0.0,0.0,6.0,0.0,0.0,1.0,0.0,0.0,0.0,0.0,0.0,0.0,0.0,1.0,0.0,1.0,1.0,1.0,0.0,0.0,1.0,0.0,0.0,1.0,0.0,0.0,0.0,0.0,1.0,0.0,0.0,2.0,1.0,0.0,0.0,1.0,0.0,0.0,0.0,2.0,1.0,3.0,1.0,1.0,0.0,0.0,1.0,0.0,0.0,4.0,0.0,0.0,3.0,0.0,0.0,7.0,1.0,3.0,0.0,3.0,3.0,2.0,0.0,1.0,0.0,2.0,0.0,1.0,2.0,17.0,2.0,2.0,10.0,14.0,14.0,10.0,21.0
CHEMBL1644179,IC50,490.0,26.0,5.0,7.0,0.0,6.0,0.0,6.0,1.0,34.0,10.0,7.0,0.0,0.0,0.0,0.0,0.0,1.0,6.0,6.0,6.0,6.0,6.0,33.0,12.0,9.0,0.0,6.0,0.0,6.0,0.0,0.0,29.0,14.0,5.0,0.0,12.0,0.0,12.0,2.0,0.0,0.0,0.0,33.0,10.0,6.0,0.0,12.0,0.0,12.0,0.0,0.0,0.0,0.0,0.0,0.0,37.0,5.0,5.0,0.0,6.0,0.0,6.0,0.0,2.0,0.0,0.0,0.0,2.0,0.0,0.0,0.0,0.0,38.0,3.0,7.0,0.0,6.0,0.0,6.0,1.0,3.0,0.0,0.0,0.0,34.0,4.0,9.0,0.0,6.0,0.0,6.0,1.0,1.0,6.0,6.0,0.0,25.0,5.0,12.0,0.0,9.0,0.0,9.0,0.0,0.0,6.0,6.0,0.0,0.0,0.0,21.0,5.0,13.0,0.0,12.0,0.0,12.0,0.0,0.0,0.0,0.0,0.0,0.0,0.0,0.0,0.0,0.0,0.0,3.0,0.0,0.0,0.0,0.0,1.0,0.0,1.0,1.0,0.0,1.0,0.0,1.0,0.0,0.0,1.0,2.0,2.0,0.0,3.0,0.0,0.0,6.0,2.0,1.0,7.0,2.0,2.0,0.0,0.0,0.0,0.0,0.0,0.0,0.0,1.0,1.0,0.0,0.0,0.0,0.0,0.0,0.0,0.0,0.0,1.0,0.0,0.0,0.0,0.0,0.0,0.0,0.0,0.0,0.0,0.0,0.0,0.0,0.0,0.0,0.0,0.0,1.0,0.0,1.0,1.0,1.0,0.0,0.0,1.0,0.0,0.0,1.0,0.0,0.0,0.0,0.0,1.0,0.0,0.0,2.0,1.0,0.0,0.0,1.0,0.0,0.0,0.0,3.0,2.0,6.0,1.0,1.0,0.0,0.0,1.0,0.0,0.0,5.0,0.0,0.0,6.0,0.0,0.0,1.0,0.0,6.0,0.0,6.0,6.0,2.0,0.0,1.0,0.0,2.0,0.0,1.0,2.0,23.0,2.0,2.0,12.0,7.0,7.0,11.0,27.0
CHEMBL1644203,IC50,1100.0,27.0,5.0,7.0,0.0,6.0,0.0,6.0,1.0,35.0,10.0,7.0,0.0,0.0,0.0,0.0,0.0,1.0,6.0,6.0,6.0,6.0,6.0,34.0,12.0,9.0,0.0,6.0,0.0,6.0,0.0,0.0,30.0,15.0,7.0,0.0,12.0,0.0,12.0,0.0,0.0,0.0,0.0,33.0,12.0,5.0,0.0,12.0,0.0,12.0,0.0,2.0,0.0,0.0,0.0,0.0,40.0,4.0,5.0,0.0,6.0,0.0,6.0,1.0,3.0,0.0,0.0,0.0,0.0,0.0,0.0,0.0,0.0,42.0,4.0,6.0,0.0,6.0,0.0,6.0,1.0,3.0,0.0,0.0,2.0,37.0,7.0,11.0,0.0,6.0,0.0,6.0,0.0,0.0,6.0,6.0,0.0,30.0,5.0,14.0,0.0,9.0,0.0,9.0,0.0,0.0,6.0,6.0,0.0,0.0,0.0,23.0,6.0,16.0,0.0,12.0,0.0,12.0,0.0,0.0,0.0,0.0,0.0,0.0,0.0,0.0,0.0,0.0,0.0,4.0,0.0,0.0,0.0,0.0,2.0,1.0,1.0,1.0,0.0,1.0,0.0,1.0,0.0,0.0,1.0,2.0,2.0,0.0,2.0,0.0,0.0,6.0,2.0,1.0,8.0,2.0,3.0,0.0,0.0,0.0,0.0,0.0,0.0,0.0,1.0,2.0,0.0,0.0,0.0,0.0,0.0,0.0,0.0,0.0,1.0,0.0,1.0,0.0,1.0,0.0,0.0,0.0,0.0,0.0,0.0,0.0,0.0,0.0,0.0,1.0,1.0,1.0,0.0,1.0,1.0,1.0,0.0,0.0,1.0,0.0,0.0,1.0,0.0,0.0,0.0,0.0,1.0,0.0,0.0,2.0,1.0,0.0,0.0,1.0,0.0,0.0,0.0,3.0,2.0,6.0,1.0,1.0,0.0,0.0,0.0,0.0,0.0,5.0,0.0,0.0,6.0,0.0,0.0,2.0,0.0,6.0,0.0,6.0,6.0,2.0,0.0,1.0,0.0,2.0,0.0,1.0,2.0,23.0,2.0,2.0,12.0,8.0,8.0,12.0,27.0
CHEMBL3616680,IC50,8.0,32.0,5.0,5.0,0.0,5.0,0.0,5.0,1.0,42.0,11.0,5.0,0.0,4.0,0.0,4.0,0.0,1.0,3.0,3.0,3.0,3.0,3.0,43.0,14.0,7.0,0.0,8.0,0.0,8.0,0.0,0.0,41.0,14.0,4.0,0.0,9.0,0.0,9.0,2.0,1.0,1.0,0.0,45.0,10.0,5.0,0.0,9.0,0.0,9.0,0.0,0.0,1.0,0.0,1.0,0.0,47.0,8.0,5.0,0.0,7.0,0.0,7.0,0.0,0.0,1.0,0.0,1.0,2.0,0.0,0.0,0.0,0.0,46.0,5.0,7.0,0.0,8.0,0.0,8.0,1.0,1.0,1.0,1.0,0.0,44.0,3.0,6.0,0.0,12.0,0.0,12.0,1.0,2.0,0.0,0.0,0.0,37.0,6.0,7.0,0.0,13.0,0.0,13.0,0.0,1.0,0.0,0.0,0.0,0.0,0.0,31.0,6.0,8.0,0.0,9.0,0.0,9.0,0.0,0.0,3.0,3.0,0.0,0.0,0.0,1.0,1.0,0.0,0.0,2.0,0.0,0.0,0.0,0.0,1.0,0.0,1.0,1.0,1.0,1.0,0.0,1.0,0.0,0.0,1.0,1.0,2.0,0.0,2.0,2.0,0.0,5.0,1.0,1.0,7.0,2.0,3.0,0.0,0.0,0.0,0.0,0.0,0.0,0.0,1.0,1.0,0.0,0.0,0.0,0.0,0.0,0.0,0.0,0.0,1.0,1.0,0.0,0.0,0.0,0.0,0.0,0.0,0.0,0.0,0.0,0.0,0.0,0.0,0.0,0.0,0.0,1.0,0.0,1.0,1.0,1.0,0.0,0.0,1.0,0.0,0.0,1.0,0.0,0.0,0.0,0.0,1.0,0.0,0.0,2.0,1.0,0.0,0.0,1.0,0.0,0.0,0.0,2.0,1.0,5.0,1.0,1.0,0.0,0.0,1.0,0.0,0.0,4.0,0.0,0.0,3.0,0.0,1.0,1.0,0.0,3.0,0.0,3.0,3.0,2.0,0.0,1.0,0.0,2.0,0.0,1.0,2.0,27.0,2.0,2.0,10.0,8.0,8.0,9.0,31.0
CHEMBL3616697,IC50,4.0,34.0,5.0,5.0,2.0,3.0,0.0,3.0,1.0,44.0,11.0,5.0,4.0,3.0,0.0,3.0,0.0,1.0,0.0,0.0,3.0,3.0,3.0,45.0,15.0,8.0,2.0,6.0,0.0,6.0,0.0,0.0,47.0,16.0,5.0,2.0,6.0,0.0,6.0,3.0,0.0,0.0,0.0,55.0,13.0,7.0,1.0,6.0,0.0,6.0,0.0,1.0,0.0,0.0,0.0,0.0,61.0,10.0,6.0,2.0,3.0,0.0,3.0,0.0,0.0,3.0,0.0,3.0,2.0,3.0,0.0,0.0,0.0,61.0,5.0,8.0,3.0,9.0,0.0,9.0,1.0,1.0,3.0,3.0,0.0,56.0,4.0,10.0,5.0,9.0,0.0,9.0,1.0,1.0,0.0,0.0,0.0,52.0,6.0,10.0,5.0,9.0,0.0,9.0,0.0,0.0,0.0,0.0,0.0,0.0,0.0,44.0,6.0,10.0,5.0,12.0,0.0,12.0,0.0,0.0,0.0,0.0,0.0,0.0,0.0,1.0,0.0,0.0,0.0,5.0,1.0,0.0,0.0,0.0,3.0,1.0,1.0,1.0,3.0,1.0,0.0,1.0,0.0,0.0,1.0,1.0,2.0,0.0,1.0,2.0,0.0,3.0,1.0,1.0,12.0,2.0,6.0,0.0,0.0,0.0,0.0,0.0,0.0,0.0,1.0,4.0,0.0,0.0,0.0,0.0,0.0,0.0,0.0,0.0,1.0,1.0,2.0,0.0,0.0,1.0,1.0,0.0,0.0,0.0,0.0,0.0,0.0,0.0,0.0,0.0,0.0,1.0,0.0,1.0,1.0,1.0,0.0,0.0,1.0,0.0,0.0,1.0,0.0,0.0,0.0,0.0,1.0,0.0,0.0,2.0,1.0,0.0,0.0,1.0,0.0,0.0,0.0,2.0,1.0,3.0,1.0,1.0,0.0,0.0,1.0,0.0,0.0,4.0,0.0,0.0,0.0,0.0,2.0,4.0,0.0,3.0,0.0,0.0,0.0,2.0,0.0,1.0,0.0,2.0,0.0,1.0,3.0,26.0,3.0,2.0,12.0,13.0,13.0,12.0,29.0
CHEMBL3958315,IC50,28.0,31.0,2.0,3.0,2.0,0.0,2.0,2.0,0.0,42.0,2.0,3.0,3.0,0.0,4.0,4.0,0.0,1.0,0.0,0.0,0.0,0.0,0.0,44.0,3.0,5.0,4.0,0.0,4.0,4.0,0.0,0.0,49.0,2.0,3.0,3.0,0.0,4.0,4.0,2.0,0.0,0.0,0.0,54.0,1.0,4.0,4.0,0.0,3.0,3.0,0.0,0.0,0.0,0.0,0.0,0.0,56.0,1.0,3.0,5.0,0.0,4.0,4.0,0.0,0.0,0.0,0.0,0.0,2.0,0.0,0.0,0.0,0.0,47.0,2.0,6.0,4.0,0.0,8.0,8.0,0.0,0.0,0.0,0.0,0.0,34.0,3.0,7.0,1.0,0.0,10.0,10.0,0.0,0.0,0.0,0.0,0.0,21.0,5.0,7.0,1.0,0.0,9.0,9.0,0.0,0.0,0.0,0.0,0.0,0.0,0.0,15.0,4.0,6.0,0.0,0.0,4.0,4.0,0.0,0.0,0.0,0.0,0.0,0.0,0.0,2.0,0.0,0.0,0.0,4.0,1.0,0.0,0.0,0.0,2.0,0.0,1.0,1.0,2.0,1.0,0.0,1.0,0.0,0.0,1.0,0.0,2.0,0.0,2.0,0.0,2.0,0.0,0.0,1.0,10.0,2.0,6.0,0.0,0.0,0.0,1.0,0.0,0.0,0.0,1.0,4.0,0.0,0.0,0.0,0.0,0.0,0.0,0.0,0.0,1.0,3.0,2.0,0.0,0.0,2.0,1.0,0.0,0.0,0.0,0.0,0.0,0.0,0.0,0.0,0.0,0.0,1.0,0.0,1.0,1.0,1.0,0.0,0.0,1.0,0.0,0.0,1.0,0.0,0.0,0.0,0.0,1.0,2.0,2.0,2.0,1.0,0.0,0.0,1.0,0.0,0.0,0.0,1.0,0.0,0.0,1.0,1.0,0.0,0.0,1.0,0.0,0.0,3.0,0.0,0.0,0.0,0.0,2.0,3.0,2.0,0.0,0.0,0.0,0.0,2.0,0.0,1.0,0.0,2.0,2.0,0.0,1.0,21.0,1.0,2.0,7.0,13.0,13.0,11.0,25.0
CHEMBL3957356,IC50,0.1,31.0,3.0,5.0,2.0,3.0,1.0,4.0,0.0,43.0,3.0,5.0,3.0,0.0,2.0,2.0,0.0,1.0,3.0,3.0,3.0,3.0,3.0,46.0,5.0,7.0,4.0,3.0,2.0,5.0,0.0,0.0,51.0,4.0,4.0,3.0,6.0,3.0,9.0,2.0,0.0,0.0,0.0,55.0,4.0,5.0,4.0,6.0,2.0,8.0,0.0,0.0,0.0,1.0,1.0,0.0,57.0,2.0,5.0,5.0,3.0,2.0,5.0,0.0,0.0,0.0,0.0,0.0,2.0,0.0,0.0,0.0,0.0,49.0,4.0,10.0,4.0,3.0,4.0,7.0,0.0,0.0,0.0,0.0,0.0,38.0,7.0,12.0,1.0,6.0,5.0,11.0,0.0,0.0,0.0,0.0,0.0,26.0,10.0,12.0,2.0,12.0,4.0,16.0,0.0,0.0,0.0,0.0,0.0,0.0,0.0,20.0,8.0,9.0,0.0,15.0,1.0,16.0,0.0,0.0,0.0,0.0,0.0,0.0,1.0,2.0,0.0,0.0,0.0,4.0,1.0,0.0,0.0,0.0,2.0,0.0,1.0,1.0,1.0,1.0,0.0,1.0,0.0,0.0,1.0,1.0,2.0,0.0,2.0,0.0,1.0,3.0,1.0,1.0,11.0,2.0,6.0,0.0,0.0,0.0,1.0,0.0,0.0,0.0,1.0,4.0,0.0,0.0,0.0,0.0,0.0,0.0,0.0,0.0,1.0,3.0,2.0,0.0,0.0,2.0,1.0,0.0,0.0,0.0,0.0,0.0,0.0,0.0,0.0,0.0,0.0,1.0,0.0,1.0,1.0,1.0,0.0,0.0,1.0,0.0,0.0,1.0,0.0,0.0,0.0,0.0,1.0,1.0,1.0,2.0,1.0,0.0,0.0,1.0,0.0,0.0,0.0,2.0,1.0,3.0,2.0,1.0,0.0,0.0,1.0,0.0,0.0,4.0,0.0,0.0,3.0,0.0,1.0,3.0,2.0,3.0,0.0,3.0,3.0,2.0,0.0,1.0,0.0,2.0,1.0,0.0,1.0,21.0,1.0,2.0,10.0,12.0,12.0,13.0,26.0
CHEMBL509900,IC50,10.0,25.0,11.0,1.0,0.0,0.0,0.0,0.0,3.0,38.0,10.0,1.0,0.0,0.0,0.0,0.0,8.0,1.0,0.0,0.0,0.0,0.0,0.0,32.0,18.0,3.0,0.0,0.0,0.0,0.0,2.0,0.0,28.0,20.0,2.0,0.0,0.0,0.0,0.0,2.0,0.0,0.0,0.0,29.0,20.0,1.0,0.0,0.0,0.0,0.0,0.0,2.0,0.0,0.0,0.0,0.0,32.0,20.0,1.0,0.0,0.0,0.0,0.0,0.0,0.0,0.0,0.0,0.0,0.0,0.0,0.0,0.0,0.0,40.0,10.0,0.0,0.0,0.0,0.0,0.0,1.0,1.0,0.0,0.0,0.0,32.0,15.0,2.0,0.0,0.0,0.0,0.0,0.0,0.0,0.0,0.0,0.0,35.0,4.0,2.0,0.0,0.0,0.0,0.0,4.0,2.0,0.0,0.0,0.0,0.0,0.0,25.0,10.0,4.0,0.0,0.0,0.0,0.0,2.0,0.0,0.0,0.0,0.0,0.0,0.0,2.0,0.0,0.0,0.0,5.0,4.0,0.0,0.0,0.0,2.0,0.0,0.0,0.0,4.0,1.0,0.0,1.0,0.0,0.0,0.0,1.0,1.0,0.0,1.0,1.0,0.0,0.0,0.0,0.0,13.0,1.0,10.0,0.0,0.0,5.0,0.0,1.0,0.0,0.0,0.0,14.0,0.0,0.0,0.0,2.0,11.0,7.0,2.0,0.0,0.0,0.0,14.0,0.0,0.0,0.0,14.0,0.0,0.0,9.0,0.0,7.0,3.0,0.0,4.0,2.0,0.0,2.0,0.0,0.0,0.0,2.0,0.0,0.0,2.0,0.0,0.0,0.0,0.0,0.0,0.0,0.0,0.0,0.0,0.0,3.0,1.0,0.0,1.0,0.0,0.0,0.0,0.0,0.0,0.0,0.0,2.0,1.0,0.0,0.0,0.0,0.0,0.0,1.0,0.0,0.0,0.0,0.0,4.0,4.0,1.0,0.0,0.0,0.0,0.0,1.0,0.0,1.0,0.0,2.0,0.0,4.0,6.0,20.0,6.0,2.0,12.0,20.0,20.0,8.0,22.0
CHEMBL487828,IC50,230.0,26.0,10.0,3.0,0.0,0.0,0.0,0.0,0.0,39.0,9.0,3.0,0.0,0.0,0.0,0.0,3.0,1.0,0.0,0.0,0.0,0.0,0.0,33.0,19.0,5.0,0.0,0.0,0.0,0.0,0.0,0.0,33.0,15.0,3.0,0.0,0.0,0.0,0.0,2.0,0.0,0.0,0.0,35.0,13.0,4.0,0.0,0.0,0.0,0.0,0.0,0.0,0.0,0.0,0.0,0.0,40.0,11.0,3.0,0.0,0.0,0.0,0.0,0.0,0.0,0.0,0.0,0.0,2.0,0.0,0.0,0.0,0.0,44.0,4.0,4.0,0.0,0.0,0.0,0.0,1.0,1.0,0.0,0.0,0.0,33.0,11.0,6.0,0.0,0.0,0.0,0.0,0.0,0.0,0.0,0.0,0.0,36.0,3.0,4.0,0.0,0.0,0.0,0.0,2.0,2.0,0.0,0.0,0.0,0.0,0.0,24.0,8.0,7.0,0.0,0.0,0.0,0.0,0.0,0.0,0.0,0.0,0.0,0.0,0.0,2.0,0.0,0.0,0.0,7.0,4.0,0.0,0.0,0.0,3.0,0.0,1.0,1.0,4.0,1.0,0.0,1.0,0.0,0.0,1.0,1.0,2.0,0.0,1.0,0.0,0.0,0.0,0.0,1.0,16.0,2.0,12.0,0.0,0.0,5.0,0.0,1.0,0.0,0.0,1.0,15.0,0.0,0.0,0.0,2.0,11.0,7.0,2.0,0.0,1.0,0.0,14.0,0.0,0.0,0.0,14.0,0.0,0.0,9.0,0.0,7.0,3.0,0.0,4.0,2.0,0.0,3.0,0.0,1.0,1.0,3.0,0.0,0.0,3.0,0.0,0.0,1.0,0.0,0.0,0.0,0.0,1.0,0.0,0.0,4.0,2.0,0.0,1.0,1.0,0.0,0.0,0.0,1.0,0.0,0.0,2.0,1.0,0.0,0.0,1.0,0.0,0.0,3.0,0.0,0.0,0.0,0.0,3.0,5.0,1.0,0.0,0.0,0.0,0.0,2.0,0.0,1.0,0.0,2.0,0.0,1.0,2.0,15.0,2.0,2.0,13.0,19.0,19.0,10.0,21.0
CHEMBL506800,IC50,36.0,31.0,7.0,5.0,2.0,3.0,0.0,3.0,0.0,43.0,7.0,5.0,1.0,0.0,0.0,0.0,1.0,1.0,3.0,3.0,3.0,3.0,3.0,39.0,13.0,7.0,3.0,3.0,0.0,3.0,0.0,0.0,37.0,11.0,4.0,5.0,6.0,0.0,6.0,2.0,0.0,0.0,0.0,38.0,10.0,5.0,6.0,6.0,0.0,6.0,0.0,0.0,0.0,0.0,0.0,0.0,39.0,9.0,4.0,4.0,3.0,0.0,3.0,0.0,1.0,0.0,0.0,0.0,2.0,0.0,0.0,0.0,0.0,41.0,6.0,5.0,2.0,3.0,0.0,3.0,1.0,1.0,0.0,0.0,0.0,40.0,7.0,6.0,4.0,3.0,0.0,3.0,0.0,1.0,3.0,3.0,0.0,41.0,6.0,6.0,2.0,3.0,0.0,3.0,1.0,1.0,0.0,0.0,0.0,0.0,0.0,38.0,7.0,9.0,2.0,0.0,0.0,0.0,0.0,0.0,3.0,3.0,0.0,0.0,0.0,0.0,0.0,0.0,0.0,7.0,0.0,0.0,0.0,0.0,4.0,2.0,1.0,1.0,0.0,1.0,0.0,1.0,0.0,0.0,1.0,1.0,2.0,0.0,3.0,0.0,0.0,3.0,1.0,1.0,12.0,2.0,7.0,0.0,0.0,0.0,0.0,0.0,0.0,0.0,1.0,5.0,0.0,0.0,0.0,0.0,0.0,0.0,0.0,0.0,1.0,1.0,3.0,0.0,0.0,1.0,2.0,0.0,0.0,1.0,0.0,0.0,0.0,0.0,0.0,0.0,0.0,1.0,0.0,1.0,1.0,1.0,0.0,0.0,1.0,0.0,0.0,1.0,0.0,0.0,0.0,0.0,1.0,0.0,0.0,3.0,1.0,0.0,0.0,1.0,1.0,0.0,0.0,2.0,1.0,3.0,2.0,1.0,0.0,0.0,1.0,0.0,0.0,4.0,0.0,0.0,3.0,0.0,0.0,5.0,0.0,3.0,0.0,3.0,3.0,2.0,0.0,1.0,0.0,2.0,0.0,1.0,2.0,23.0,2.0,4.0,14.0,12.0,12.0,12.0,28.0
CHEMBL1644184,IC50,39.0,24.0,7.0,3.0,0.0,3.0,2.0,5.0,4.0,32.0,11.0,3.0,0.0,0.0,4.0,4.0,5.0,1.0,3.0,3.0,3.0,3.0,3.0,30.0,13.0,5.0,0.0,3.0,4.0,7.0,2.0,0.0,25.0,18.0,3.0,0.0,6.0,4.0,10.0,2.0,0.0,0.0,0.0,29.0,16.0,2.0,0.0,6.0,2.0,8.0,0.0,2.0,0.0,2.0,2.0,0.0,32.0,13.0,2.0,0.0,3.0,2.0,5.0,0.0,1.0,0.0,2.0,2.0,0.0,0.0,0.0,0.0,0.0,34.0,8.0,2.0,0.0,3.0,4.0,7.0,1.0,2.0,0.0,0.0,0.0,31.0,7.0,3.0,0.0,3.0,6.0,9.0,1.0,1.0,3.0,3.0,0.0,22.0,6.0,7.0,0.0,6.0,8.0,14.0,2.0,0.0,3.0,3.0,0.0,0.0,0.0,17.0,5.0,7.0,0.0,6.0,6.0,12.0,4.0,0.0,0.0,0.0,0.0,0.0,0.0,0.0,0.0,0.0,0.0,1.0,0.0,0.0,0.0,0.0,0.0,0.0,0.0,0.0,0.0,1.0,0.0,1.0,0.0,0.0,0.0,1.0,1.0,0.0,2.0,0.0,2.0,3.0,1.0,0.0,3.0,1.0,0.0,0.0,0.0,0.0,0.0,0.0,0.0,0.0,0.0,0.0,0.0,0.0,0.0,0.0,0.0,0.0,0.0,0.0,0.0,0.0,0.0,0.0,0.0,0.0,0.0,0.0,0.0,0.0,0.0,0.0,0.0,0.0,0.0,0.0,0.0,0.0,0.0,0.0,0.0,0.0,0.0,0.0,0.0,0.0,0.0,0.0,0.0,0.0,0.0,0.0,0.0,2.0,2.0,1.0,0.0,0.0,0.0,0.0,0.0,0.0,0.0,1.0,1.0,3.0,1.0,1.0,0.0,0.0,0.0,0.0,0.0,2.0,0.0,0.0,3.0,0.0,0.0,0.0,0.0,3.0,0.0,3.0,3.0,1.0,0.0,1.0,0.0,2.0,2.0,4.0,6.0,28.0,6.0,2.0,10.0,6.0,6.0,7.0,27.0
CHEMBL374022,IC50,80.0,26.0,7.0,4.0,0.0,0.0,2.0,2.0,0.0,36.0,7.0,3.0,0.0,0.0,4.0,4.0,1.0,3.0,0.0,0.0,0.0,0.0,0.0,31.0,12.0,8.0,0.0,0.0,4.0,4.0,0.0,0.0,27.0,11.0,8.0,0.0,0.0,2.0,2.0,2.0,0.0,2.0,0.0,29.0,9.0,10.0,0.0,0.0,2.0,2.0,0.0,0.0,0.0,0.0,0.0,0.0,32.0,9.0,7.0,0.0,0.0,0.0,0.0,0.0,0.0,0.0,2.0,2.0,2.0,2.0,0.0,0.0,0.0,40.0,2.0,6.0,0.0,0.0,4.0,4.0,1.0,1.0,0.0,0.0,0.0,32.0,7.0,10.0,0.0,0.0,6.0,6.0,0.0,0.0,0.0,0.0,0.0,32.0,3.0,4.0,0.0,0.0,8.0,8.0,1.0,2.0,0.0,0.0,1.0,0.0,0.0,27.0,5.0,6.0,0.0,0.0,6.0,6.0,0.0,0.0,0.0,0.0,0.0,0.0,0.0,2.0,0.0,0.0,0.0,7.0,4.0,0.0,0.0,0.0,3.0,0.0,1.0,1.0,3.0,2.0,0.0,2.0,0.0,0.0,1.0,1.0,3.0,0.0,1.0,0.0,2.0,0.0,0.0,1.0,16.0,3.0,12.0,0.0,0.0,5.0,0.0,1.0,1.0,0.0,1.0,15.0,0.0,0.0,0.0,2.0,11.0,7.0,2.0,2.0,1.0,0.0,14.0,0.0,0.0,0.0,14.0,0.0,0.0,9.0,6.0,7.0,3.0,7.0,4.0,2.0,2.0,3.0,2.0,3.0,1.0,3.0,2.0,0.0,5.0,0.0,0.0,3.0,0.0,0.0,0.0,0.0,1.0,2.0,2.0,6.0,4.0,0.0,2.0,3.0,1.0,0.0,0.0,1.0,0.0,0.0,3.0,3.0,0.0,0.0,1.0,0.0,0.0,4.0,0.0,0.0,0.0,0.0,3.0,5.0,1.0,0.0,0.0,0.0,0.0,2.0,0.0,1.0,0.0,2.0,2.0,0.0,0.0,12.0,0.0,2.0,11.0,20.0,20.0,12.0,21.0
CHEMBL1922702,IC50,13.0,21.0,12.0,3.0,0.0,6.0,0.0,6.0,3.0,33.0,10.0,3.0,0.0,3.0,0.0,3.0,8.0,1.0,3.0,3.0,6.0,6.0,6.0,28.0,20.0,5.0,0.0,9.0,0.0,9.0,2.0,0.0,26.0,20.0,3.0,0.0,12.0,0.0,12.0,2.0,0.0,0.0,0.0,31.0,19.0,1.0,0.0,9.0,0.0,9.0,0.0,3.0,3.0,0.0,3.0,0.0,34.0,18.0,2.0,0.0,9.0,0.0,9.0,0.0,0.0,3.0,0.0,3.0,0.0,0.0,0.0,0.0,0.0,37.0,8.0,0.0,0.0,6.0,0.0,6.0,1.0,3.0,6.0,6.0,0.0,27.0,11.0,6.0,0.0,12.0,0.0,12.0,0.0,0.0,0.0,0.0,0.0,24.0,4.0,5.0,0.0,12.0,0.0,12.0,4.0,2.0,6.0,6.0,0.0,0.0,0.0,14.0,10.0,8.0,0.0,21.0,0.0,21.0,2.0,0.0,0.0,0.0,0.0,0.0,0.0,0.0,0.0,0.0,0.0,1.0,0.0,0.0,0.0,0.0,0.0,0.0,0.0,0.0,1.0,1.0,0.0,1.0,0.0,0.0,0.0,2.0,1.0,0.0,2.0,1.0,0.0,6.0,1.0,0.0,6.0,1.0,0.0,0.0,0.0,0.0,0.0,0.0,0.0,0.0,0.0,0.0,0.0,0.0,0.0,0.0,0.0,0.0,0.0,0.0,0.0,0.0,0.0,0.0,0.0,0.0,0.0,0.0,0.0,0.0,0.0,0.0,0.0,0.0,0.0,0.0,0.0,0.0,0.0,0.0,0.0,0.0,0.0,0.0,0.0,0.0,0.0,0.0,0.0,0.0,0.0,0.0,0.0,0.0,0.0,4.0,1.0,0.0,0.0,0.0,3.0,0.0,0.0,1.0,1.0,6.0,4.0,1.0,0.0,0.0,0.0,0.0,0.0,2.0,0.0,0.0,3.0,0.0,0.0,0.0,0.0,6.0,0.0,3.0,3.0,1.0,0.0,1.0,0.0,2.0,0.0,3.0,4.0,23.0,6.0,6.0,15.0,7.0,7.0,9.0,26.0
CHEMBL1922706,IC50,30.0,22.0,12.0,3.0,0.0,6.0,0.0,6.0,3.0,35.0,10.0,3.0,0.0,3.0,0.0,3.0,8.0,1.0,3.0,3.0,6.0,6.0,6.0,30.0,21.0,5.0,0.0,9.0,0.0,9.0,2.0,0.0,30.0,21.0,3.0,0.0,12.0,0.0,12.0,2.0,0.0,0.0,0.0,32.0,20.0,1.0,0.0,12.0,0.0,12.0,0.0,3.0,3.0,0.0,3.0,0.0,36.0,18.0,2.0,0.0,9.0,0.0,9.0,0.0,0.0,3.0,0.0,3.0,0.0,0.0,0.0,0.0,0.0,41.0,8.0,0.0,0.0,6.0,0.0,6.0,1.0,3.0,6.0,6.0,0.0,31.0,11.0,6.0,0.0,12.0,0.0,12.0,0.0,0.0,0.0,0.0,0.0,26.0,4.0,5.0,0.0,12.0,0.0,12.0,4.0,2.0,6.0,6.0,0.0,0.0,0.0,15.0,10.0,9.0,0.0,21.0,0.0,21.0,2.0,0.0,0.0,0.0,0.0,0.0,0.0,0.0,0.0,0.0,0.0,1.0,0.0,0.0,0.0,0.0,0.0,0.0,0.0,0.0,2.0,1.0,0.0,1.0,0.0,0.0,0.0,2.0,1.0,0.0,2.0,0.0,0.0,6.0,1.0,0.0,7.0,1.0,0.0,0.0,0.0,0.0,0.0,0.0,0.0,0.0,0.0,0.0,0.0,0.0,0.0,0.0,0.0,0.0,0.0,0.0,0.0,0.0,0.0,0.0,0.0,0.0,0.0,0.0,0.0,0.0,0.0,0.0,0.0,0.0,0.0,0.0,0.0,0.0,0.0,0.0,0.0,0.0,0.0,0.0,0.0,0.0,0.0,0.0,0.0,0.0,0.0,0.0,0.0,0.0,0.0,4.0,1.0,0.0,0.0,0.0,3.0,0.0,0.0,1.0,1.0,6.0,4.0,1.0,0.0,0.0,0.0,0.0,0.0,2.0,0.0,0.0,3.0,0.0,1.0,0.0,0.0,6.0,0.0,3.0,3.0,1.0,0.0,1.0,0.0,2.0,0.0,3.0,4.0,23.0,6.0,6.0,15.0,8.0,8.0,9.0,26.0
CHEMBL1922841,IC50,7.0,23.0,12.0,5.0,0.0,6.0,0.0,6.0,3.0,35.0,10.0,6.0,0.0,3.0,0.0,3.0,8.0,1.0,3.0,3.0,6.0,6.0,6.0,31.0,20.0,8.0,0.0,9.0,0.0,9.0,2.0,1.0,31.0,21.0,7.0,0.0,12.0,0.0,12.0,4.0,0.0,0.0,0.0,39.0,22.0,3.0,0.0,9.0,0.0,9.0,0.0,3.0,3.0,0.0,3.0,0.0,42.0,20.0,3.0,0.0,12.0,0.0,12.0,0.0,2.0,6.0,0.0,6.0,0.0,0.0,0.0,0.0,0.0,43.0,12.0,8.0,0.0,12.0,0.0,12.0,1.0,1.0,3.0,3.0,0.0,38.0,10.0,9.0,0.0,12.0,0.0,12.0,0.0,0.0,6.0,6.0,0.0,33.0,4.0,8.0,0.0,24.0,0.0,24.0,4.0,2.0,0.0,0.0,1.0,0.0,0.0,25.0,10.0,10.0,0.0,18.0,0.0,18.0,2.0,0.0,0.0,0.0,0.0,0.0,0.0,0.0,0.0,0.0,0.0,3.0,0.0,0.0,0.0,0.0,1.0,0.0,0.0,0.0,2.0,1.0,0.0,1.0,0.0,0.0,0.0,2.0,1.0,0.0,1.0,0.0,0.0,6.0,2.0,0.0,9.0,1.0,2.0,0.0,0.0,0.0,0.0,0.0,0.0,0.0,0.0,1.0,0.0,0.0,0.0,0.0,0.0,0.0,0.0,0.0,0.0,0.0,0.0,0.0,0.0,0.0,0.0,0.0,0.0,0.0,0.0,0.0,0.0,0.0,0.0,0.0,0.0,0.0,0.0,0.0,1.0,0.0,0.0,0.0,0.0,0.0,0.0,0.0,0.0,0.0,0.0,0.0,1.0,0.0,0.0,4.0,1.0,0.0,0.0,0.0,3.0,0.0,0.0,2.0,2.0,6.0,4.0,1.0,0.0,0.0,0.0,0.0,0.0,3.0,0.0,0.0,3.0,0.0,1.0,1.0,0.0,6.0,0.0,3.0,3.0,1.0,0.0,1.0,0.0,2.0,0.0,3.0,4.0,23.0,6.0,6.0,17.0,10.0,10.0,12.0,26.0
CHEMBL1922843,IC50,14.0,25.0,12.0,3.0,0.0,6.0,0.0,6.0,3.0,38.0,10.0,4.0,0.0,6.0,0.0,6.0,8.0,1.0,0.0,0.0,6.0,6.0,6.0,34.0,20.0,6.0,0.0,12.0,0.0,12.0,2.0,1.0,31.0,22.0,6.0,0.0,15.0,0.0,15.0,3.0,0.0,0.0,0.0,39.0,22.0,2.0,0.0,6.0,0.0,6.0,0.0,3.0,6.0,0.0,6.0,0.0,42.0,22.0,3.0,0.0,12.0,0.0,12.0,0.0,0.0,3.0,0.0,3.0,0.0,0.0,0.0,0.0,0.0,47.0,12.0,4.0,0.0,9.0,0.0,9.0,1.0,1.0,9.0,9.0,0.0,41.0,10.0,6.0,0.0,24.0,0.0,24.0,0.0,0.0,0.0,0.0,0.0,37.0,4.0,5.0,0.0,21.0,0.0,21.0,4.0,2.0,0.0,0.0,0.0,0.0,0.0,29.0,10.0,6.0,0.0,21.0,0.0,21.0,2.0,0.0,0.0,0.0,0.0,3.0,3.0,0.0,0.0,0.0,0.0,3.0,0.0,0.0,0.0,0.0,1.0,0.0,0.0,0.0,3.0,1.0,0.0,1.0,0.0,0.0,0.0,2.0,1.0,0.0,1.0,1.0,0.0,6.0,1.0,0.0,10.0,1.0,2.0,0.0,0.0,0.0,0.0,0.0,0.0,0.0,0.0,1.0,0.0,0.0,0.0,0.0,0.0,0.0,0.0,0.0,0.0,0.0,0.0,0.0,0.0,0.0,0.0,0.0,0.0,0.0,0.0,0.0,0.0,0.0,0.0,0.0,0.0,0.0,0.0,0.0,1.0,0.0,0.0,0.0,0.0,0.0,0.0,0.0,0.0,0.0,0.0,0.0,1.0,0.0,0.0,5.0,2.0,0.0,0.0,0.0,4.0,0.0,0.0,1.0,1.0,6.0,4.0,1.0,0.0,0.0,0.0,0.0,0.0,2.0,0.0,0.0,0.0,0.0,2.0,1.0,0.0,6.0,0.0,0.0,0.0,1.0,0.0,1.0,0.0,2.0,0.0,3.0,4.0,23.0,6.0,6.0,15.0,11.0,11.0,11.0,27.0
CHEMBL91652,IC50,44.06,22.0,4.0,0.0,2.0,1.0,0.0,1.0,0.0,30.0,6.0,0.0,2.0,2.0,0.0,2.0,0.0,0.0,0.0,0.0,0.0,0.0,0.0,30.0,6.0,0.0,2.0,2.0,0.0,2.0,0.0,0.0,28.0,7.0,0.0,1.0,1.0,0.0,1.0,0.0,0.0,0.0,0.0,29.0,6.0,0.0,1.0,1.0,0.0,1.0,0.0,0.0,0.0,0.0,0.0,0.0,30.0,2.0,0.0,1.0,1.0,0.0,1.0,1.0,0.0,1.0,0.0,1.0,0.0,0.0,0.0,0.0,0.0,26.0,4.0,0.0,2.0,3.0,0.0,3.0,0.0,0.0,0.0,0.0,0.0,18.0,4.0,0.0,2.0,3.0,0.0,3.0,0.0,0.0,0.0,0.0,0.0,8.0,3.0,0.0,4.0,4.0,0.0,4.0,0.0,0.0,0.0,0.0,0.0,0.0,0.0,5.0,1.0,0.0,4.0,2.0,0.0,2.0,0.0,0.0,1.0,1.0,0.0,0.0,0.0,0.0,0.0,0.0,0.0,0.0,0.0,0.0,0.0,0.0,0.0,0.0,0.0,0.0,1.0,0.0,0.0,0.0,0.0,0.0,0.0,0.0,0.0,0.0,2.0,0.0,0.0,1.0,0.0,0.0,1.0,0.0,0.0,0.0,0.0,0.0,0.0,0.0,0.0,0.0,0.0,0.0,0.0,0.0,0.0,0.0,0.0,0.0,0.0,0.0,0.0,0.0,0.0,0.0,0.0,0.0,0.0,0.0,0.0,0.0,0.0,0.0,0.0,0.0,0.0,0.0,0.0,0.0,0.0,0.0,0.0,0.0,0.0,0.0,0.0,0.0,0.0,0.0,0.0,0.0,0.0,0.0,0.0,0.0,0.0,0.0,0.0,0.0,0.0,0.0,0.0,0.0,0.0,0.0,0.0,1.0,0.0,0.0,0.0,0.0,0.0,0.0,0.0,0.0,0.0,0.0,0.0,0.0,0.0,0.0,0.0,0.0,0.0,0.0,0.0,0.0,0.0,0.0,0.0,0.0,0.0,1.0,2.0,23.0,2.0,0.0,6.0,3.0,3.0,1.0,22.0
CHEMBL1922936,IC50,10.0,33.0,5.0,4.0,0.0,4.0,0.0,4.0,0.0,42.0,8.0,5.0,0.0,5.0,0.0,5.0,0.0,1.0,0.0,0.0,3.0,3.0,3.0,43.0,8.0,8.0,0.0,8.0,0.0,8.0,0.0,1.0,44.0,7.0,8.0,0.0,8.0,0.0,8.0,2.0,0.0,0.0,0.0,51.0,3.0,11.0,0.0,4.0,0.0,4.0,0.0,0.0,4.0,0.0,4.0,0.0,53.0,4.0,10.0,0.0,8.0,0.0,8.0,0.0,0.0,0.0,0.0,0.0,2.0,0.0,0.0,0.0,0.0,50.0,4.0,9.0,0.0,15.0,0.0,15.0,0.0,0.0,0.0,0.0,0.0,47.0,4.0,7.0,0.0,13.0,0.0,13.0,0.0,0.0,0.0,0.0,0.0,43.0,3.0,4.0,0.0,13.0,0.0,13.0,0.0,1.0,0.0,0.0,1.0,0.0,0.0,36.0,2.0,5.0,0.0,9.0,0.0,9.0,1.0,1.0,0.0,0.0,0.0,0.0,0.0,1.0,0.0,0.0,1.0,7.0,2.0,2.0,0.0,0.0,4.0,2.0,1.0,1.0,1.0,1.0,0.0,1.0,0.0,0.0,1.0,1.0,3.0,0.0,1.0,1.0,0.0,4.0,0.0,1.0,13.0,3.0,9.0,0.0,0.0,1.0,0.0,0.0,0.0,0.0,2.0,8.0,0.0,0.0,0.0,0.0,1.0,0.0,0.0,0.0,3.0,1.0,5.0,0.0,1.0,2.0,4.0,0.0,1.0,3.0,0.0,2.0,0.0,0.0,0.0,0.0,0.0,1.0,0.0,1.0,1.0,1.0,0.0,0.0,1.0,0.0,0.0,1.0,0.0,0.0,0.0,0.0,1.0,0.0,0.0,2.0,1.0,0.0,0.0,1.0,0.0,0.0,0.0,1.0,0.0,4.0,1.0,1.0,0.0,0.0,1.0,0.0,0.0,4.0,1.0,0.0,0.0,0.0,1.0,6.0,1.0,3.0,0.0,0.0,0.0,2.0,0.0,1.0,0.0,3.0,0.0,0.0,1.0,21.0,1.0,4.0,9.0,13.0,13.0,14.0,27.0
CHEMBL1922939,IC50,16.0,34.0,5.0,4.0,0.0,6.0,0.0,6.0,0.0,44.0,8.0,5.0,0.0,6.0,0.0,6.0,0.0,1.0,0.0,0.0,6.0,6.0,6.0,45.0,8.0,8.0,0.0,12.0,0.0,12.0,0.0,1.0,46.0,7.0,8.0,0.0,12.0,0.0,12.0,2.0,0.0,0.0,0.0,52.0,4.0,11.0,0.0,9.0,0.0,9.0,0.0,0.0,3.0,0.0,3.0,0.0,55.0,4.0,10.0,0.0,9.0,0.0,9.0,0.0,0.0,3.0,0.0,3.0,2.0,0.0,0.0,0.0,0.0,53.0,4.0,10.0,0.0,18.0,0.0,18.0,0.0,0.0,0.0,0.0,0.0,51.0,4.0,7.0,0.0,18.0,0.0,18.0,0.0,0.0,0.0,0.0,0.0,47.0,3.0,4.0,0.0,21.0,0.0,21.0,0.0,1.0,0.0,0.0,1.0,0.0,0.0,39.0,2.0,5.0,0.0,21.0,0.0,21.0,1.0,1.0,0.0,0.0,0.0,0.0,0.0,1.0,0.0,0.0,1.0,7.0,2.0,2.0,0.0,0.0,4.0,2.0,1.0,1.0,1.0,1.0,0.0,1.0,0.0,0.0,1.0,2.0,3.0,0.0,1.0,1.0,0.0,6.0,0.0,1.0,14.0,3.0,9.0,0.0,0.0,1.0,0.0,0.0,0.0,0.0,2.0,8.0,0.0,0.0,0.0,0.0,1.0,0.0,0.0,0.0,3.0,1.0,5.0,0.0,1.0,2.0,4.0,0.0,1.0,3.0,0.0,2.0,0.0,0.0,0.0,0.0,0.0,1.0,0.0,1.0,1.0,1.0,0.0,0.0,1.0,0.0,0.0,1.0,0.0,0.0,0.0,0.0,1.0,0.0,0.0,2.0,1.0,0.0,0.0,1.0,0.0,0.0,0.0,1.0,0.0,6.0,1.0,1.0,0.0,0.0,1.0,0.0,0.0,4.0,1.0,0.0,0.0,0.0,1.0,6.0,1.0,6.0,0.0,0.0,0.0,2.0,0.0,1.0,0.0,3.0,0.0,0.0,1.0,21.0,1.0,4.0,9.0,13.0,13.0,15.0,28.0
CHEMBL1922704,IC50,55.0,22.0,12.0,5.0,0.0,3.0,0.0,3.0,3.0,33.0,10.0,6.0,0.0,0.0,0.0,0.0,8.0,1.0,3.0,3.0,3.0,3.0,3.0,29.0,20.0,8.0,0.0,3.0,0.0,3.0,2.0,0.0,30.0,19.0,4.0,0.0,6.0,0.0,6.0,3.0,0.0,0.0,0.0,34.0,19.0,3.0,0.0,6.0,0.0,6.0,0.0,4.0,0.0,0.0,0.0,0.0,37.0,19.0,4.0,0.0,3.0,0.0,3.0,0.0,1.0,0.0,0.0,0.0,0.0,0.0,0.0,0.0,0.0,39.0,11.0,3.0,0.0,0.0,0.0,0.0,1.0,3.0,3.0,3.0,0.0,30.0,13.0,10.0,0.0,3.0,0.0,3.0,0.0,0.0,0.0,0.0,0.0,30.0,5.0,8.0,0.0,0.0,0.0,0.0,4.0,2.0,6.0,6.0,0.0,0.0,0.0,22.0,10.0,10.0,0.0,12.0,0.0,12.0,2.0,0.0,0.0,0.0,0.0,0.0,0.0,0.0,0.0,0.0,0.0,3.0,0.0,0.0,0.0,0.0,1.0,0.0,0.0,0.0,2.0,1.0,0.0,1.0,0.0,0.0,0.0,1.0,1.0,0.0,2.0,1.0,0.0,3.0,2.0,0.0,8.0,1.0,2.0,0.0,0.0,0.0,0.0,0.0,0.0,0.0,0.0,1.0,0.0,0.0,0.0,0.0,0.0,0.0,0.0,0.0,0.0,0.0,0.0,0.0,0.0,0.0,0.0,0.0,0.0,0.0,0.0,0.0,0.0,0.0,0.0,0.0,0.0,0.0,0.0,0.0,1.0,0.0,0.0,0.0,0.0,0.0,0.0,0.0,0.0,0.0,0.0,0.0,1.0,0.0,0.0,4.0,1.0,0.0,0.0,0.0,3.0,0.0,0.0,2.0,2.0,3.0,4.0,1.0,0.0,0.0,0.0,0.0,0.0,3.0,0.0,0.0,3.0,0.0,1.0,1.0,0.0,3.0,0.0,3.0,3.0,1.0,0.0,1.0,0.0,2.0,0.0,3.0,4.0,23.0,6.0,6.0,17.0,10.0,10.0,11.0,25.0
CHEMBL1922714,IC50,2.8,22.0,12.0,5.0,0.0,6.0,0.0,6.0,3.0,34.0,10.0,6.0,0.0,3.0,0.0,3.0,8.0,1.0,3.0,3.0,6.0,6.0,6.0,31.0,20.0,7.0,0.0,9.0,0.0,9.0,2.0,1.0,30.0,21.0,7.0,0.0,12.0,0.0,12.0,3.0,0.0,0.0,0.0,37.0,21.0,2.0,0.0,9.0,0.0,9.0,0.0,4.0,3.0,0.0,3.0,0.0,39.0,20.0,4.0,0.0,12.0,0.0,12.0,0.0,0.0,3.0,0.0,3.0,0.0,0.0,0.0,0.0,0.0,40.0,9.0,4.0,0.0,9.0,0.0,9.0,1.0,3.0,6.0,6.0,0.0,33.0,11.0,10.0,0.0,12.0,0.0,12.0,0.0,0.0,0.0,0.0,0.0,32.0,4.0,7.0,0.0,12.0,0.0,12.0,4.0,2.0,6.0,6.0,0.0,0.0,0.0,20.0,10.0,9.0,0.0,21.0,0.0,21.0,2.0,0.0,0.0,0.0,1.0,0.0,0.0,0.0,0.0,0.0,0.0,2.0,0.0,0.0,0.0,0.0,0.0,0.0,0.0,0.0,2.0,1.0,0.0,1.0,0.0,0.0,0.0,2.0,1.0,0.0,2.0,0.0,0.0,6.0,2.0,0.0,8.0,1.0,1.0,0.0,0.0,0.0,0.0,0.0,0.0,0.0,0.0,0.0,0.0,0.0,0.0,0.0,0.0,0.0,0.0,0.0,0.0,0.0,0.0,0.0,0.0,0.0,0.0,0.0,0.0,0.0,0.0,0.0,0.0,0.0,0.0,0.0,0.0,0.0,0.0,0.0,0.0,0.0,0.0,0.0,0.0,0.0,0.0,0.0,0.0,0.0,0.0,0.0,1.0,0.0,0.0,4.0,1.0,0.0,0.0,0.0,3.0,0.0,0.0,2.0,2.0,6.0,4.0,1.0,0.0,0.0,0.0,0.0,0.0,3.0,0.0,0.0,3.0,0.0,1.0,0.0,0.0,6.0,0.0,3.0,3.0,1.0,0.0,1.0,0.0,2.0,0.0,3.0,4.0,23.0,6.0,6.0,17.0,9.0,9.0,11.0,26.0
CHEMBL1922840,IC50,6.0,24.0,12.0,3.0,0.0,6.0,0.0,6.0,3.0,36.0,10.0,4.0,0.0,6.0,0.0,6.0,8.0,1.0,0.0,0.0,6.0,6.0,6.0,31.0,20.0,6.0,0.0,12.0,0.0,12.0,2.0,1.0,30.0,21.0,6.0,0.0,12.0,0.0,12.0,3.0,0.0,0.0,0.0,38.0,22.0,2.0,0.0,6.0,0.0,6.0,0.0,3.0,3.0,0.0,3.0,0.0,42.0,20.0,3.0,0.0,9.0,0.0,9.0,0.0,0.0,6.0,0.0,6.0,0.0,0.0,0.0,0.0,0.0,43.0,12.0,4.0,0.0,12.0,0.0,12.0,1.0,1.0,3.0,3.0,0.0,38.0,10.0,6.0,0.0,12.0,0.0,12.0,0.0,0.0,6.0,6.0,0.0,33.0,4.0,4.0,0.0,24.0,0.0,24.0,4.0,2.0,0.0,0.0,0.0,0.0,0.0,25.0,10.0,6.0,0.0,18.0,0.0,18.0,2.0,0.0,0.0,0.0,0.0,0.0,0.0,0.0,0.0,0.0,0.0,3.0,0.0,0.0,0.0,0.0,1.0,0.0,0.0,0.0,2.0,1.0,0.0,1.0,0.0,0.0,0.0,2.0,1.0,0.0,2.0,0.0,0.0,6.0,1.0,0.0,9.0,1.0,2.0,0.0,0.0,0.0,0.0,0.0,0.0,0.0,0.0,1.0,0.0,0.0,0.0,0.0,0.0,0.0,0.0,0.0,0.0,0.0,0.0,0.0,0.0,0.0,0.0,0.0,0.0,0.0,0.0,0.0,0.0,0.0,0.0,0.0,0.0,0.0,0.0,0.0,1.0,0.0,0.0,0.0,0.0,0.0,0.0,0.0,0.0,0.0,0.0,0.0,1.0,0.0,0.0,4.0,1.0,0.0,0.0,0.0,3.0,0.0,0.0,1.0,1.0,6.0,4.0,1.0,0.0,0.0,0.0,0.0,0.0,2.0,0.0,0.0,0.0,0.0,1.0,1.0,0.0,6.0,0.0,0.0,0.0,1.0,0.0,1.0,0.0,2.0,0.0,3.0,4.0,23.0,6.0,6.0,15.0,10.0,10.0,11.0,26.0
CHEMBL346464,IC50,12.3,29.0,8.0,3.0,0.0,1.0,1.0,2.0,1.0,39.0,11.0,4.0,0.0,2.0,2.0,4.0,0.0,2.0,0.0,0.0,0.0,0.0,0.0,41.0,9.0,7.0,0.0,2.0,2.0,4.0,1.0,1.0,30.0,14.0,8.0,0.0,1.0,2.0,3.0,0.0,0.0,0.0,0.0,26.0,15.0,6.0,0.0,0.0,0.0,0.0,0.0,1.0,1.0,1.0,2.0,0.0,26.0,12.0,6.0,0.0,2.0,0.0,2.0,0.0,1.0,0.0,1.0,1.0,1.0,0.0,0.0,0.0,0.0,30.0,8.0,7.0,0.0,2.0,1.0,3.0,0.0,1.0,0.0,0.0,0.0,33.0,4.0,6.0,0.0,0.0,1.0,1.0,1.0,1.0,1.0,1.0,0.0,31.0,5.0,4.0,0.0,1.0,2.0,3.0,1.0,1.0,0.0,0.0,0.0,0.0,0.0,28.0,7.0,4.0,0.0,1.0,3.0,4.0,0.0,0.0,0.0,0.0,0.0,1.0,1.0,0.0,0.0,0.0,0.0,5.0,0.0,0.0,0.0,0.0,2.0,0.0,0.0,1.0,0.0,1.0,0.0,1.0,0.0,0.0,1.0,0.0,2.0,0.0,1.0,1.0,1.0,1.0,0.0,1.0,8.0,2.0,3.0,1.0,0.0,0.0,0.0,0.0,0.0,0.0,1.0,0.0,0.0,0.0,0.0,0.0,0.0,0.0,0.0,0.0,0.0,1.0,0.0,0.0,0.0,0.0,0.0,0.0,0.0,0.0,0.0,0.0,0.0,0.0,0.0,0.0,0.0,0.0,0.0,0.0,0.0,5.0,3.0,3.0,8.0,2.0,0.0,2.0,4.0,0.0,0.0,0.0,0.0,1.0,1.0,6.0,4.0,2.0,0.0,2.0,2.0,0.0,0.0,0.0,0.0,1.0,4.0,2.0,0.0,0.0,0.0,2.0,0.0,3.0,0.0,0.0,0.0,0.0,0.0,1.0,0.0,0.0,0.0,0.0,0.0,2.0,0.0,0.0,0.0,2.0,1.0,0.0,0.0,22.0,2.0,4.0,11.0,12.0,12.0,8.0,28.0
CHEMBL154437,IC50,286.0,23.0,5.0,4.0,0.0,3.0,1.0,4.0,1.0,31.0,8.0,5.0,0.0,0.0,2.0,2.0,0.0,1.0,3.0,3.0,3.0,3.0,3.0,27.0,10.0,6.0,0.0,3.0,2.0,5.0,0.0,1.0,20.0,11.0,5.0,0.0,6.0,2.0,8.0,0.0,0.0,0.0,0.0,20.0,9.0,4.0,0.0,6.0,0.0,6.0,0.0,0.0,0.0,1.0,1.0,0.0,23.0,4.0,2.0,0.0,3.0,0.0,3.0,1.0,2.0,0.0,1.0,1.0,1.0,0.0,0.0,0.0,0.0,21.0,3.0,4.0,0.0,3.0,1.0,4.0,1.0,1.0,0.0,0.0,0.0,20.0,3.0,6.0,0.0,0.0,1.0,1.0,0.0,0.0,3.0,3.0,0.0,18.0,4.0,4.0,0.0,6.0,2.0,8.0,0.0,1.0,0.0,0.0,0.0,0.0,0.0,13.0,6.0,4.0,0.0,9.0,2.0,11.0,0.0,0.0,0.0,0.0,0.0,0.0,0.0,0.0,0.0,0.0,0.0,1.0,0.0,0.0,0.0,0.0,0.0,0.0,0.0,0.0,0.0,1.0,0.0,1.0,0.0,0.0,1.0,1.0,1.0,0.0,1.0,2.0,1.0,3.0,1.0,1.0,4.0,1.0,0.0,0.0,0.0,0.0,0.0,0.0,0.0,0.0,0.0,0.0,0.0,0.0,0.0,0.0,0.0,0.0,0.0,0.0,0.0,0.0,0.0,0.0,0.0,0.0,0.0,0.0,0.0,0.0,0.0,0.0,0.0,0.0,0.0,0.0,0.0,0.0,0.0,0.0,0.0,0.0,0.0,0.0,0.0,0.0,0.0,0.0,0.0,0.0,0.0,0.0,0.0,1.0,1.0,1.0,0.0,0.0,0.0,0.0,0.0,0.0,0.0,1.0,1.0,3.0,2.0,1.0,0.0,0.0,0.0,0.0,0.0,3.0,0.0,0.0,3.0,0.0,0.0,0.0,0.0,3.0,0.0,3.0,3.0,2.0,0.0,0.0,0.0,2.0,1.0,0.0,1.0,21.0,1.0,4.0,9.0,6.0,6.0,8.0,25.0
CHEMBL521650,IC50,130.0,31.0,7.0,3.0,2.0,0.0,0.0,0.0,0.0,42.0,7.0,3.0,1.0,0.0,0.0,0.0,1.0,1.0,0.0,0.0,0.0,0.0,0.0,37.0,13.0,5.0,3.0,0.0,0.0,0.0,0.0,0.0,35.0,11.0,3.0,5.0,0.0,0.0,0.0,2.0,0.0,0.0,0.0,37.0,10.0,4.0,6.0,0.0,0.0,0.0,0.0,0.0,0.0,0.0,0.0,0.0,38.0,9.0,3.0,4.0,0.0,0.0,0.0,0.0,0.0,0.0,0.0,0.0,2.0,0.0,0.0,0.0,0.0,40.0,5.0,4.0,2.0,0.0,0.0,0.0,1.0,1.0,0.0,0.0,0.0,39.0,7.0,6.0,3.0,0.0,0.0,0.0,0.0,0.0,0.0,0.0,0.0,41.0,5.0,4.0,2.0,0.0,0.0,0.0,1.0,1.0,0.0,0.0,0.0,0.0,0.0,36.0,7.0,6.0,2.0,0.0,0.0,0.0,0.0,0.0,0.0,0.0,0.0,0.0,0.0,0.0,0.0,0.0,0.0,7.0,0.0,0.0,0.0,0.0,4.0,2.0,1.0,1.0,0.0,1.0,0.0,1.0,0.0,0.0,1.0,0.0,2.0,0.0,2.0,0.0,0.0,0.0,0.0,1.0,11.0,2.0,7.0,0.0,0.0,0.0,0.0,0.0,0.0,0.0,1.0,5.0,0.0,0.0,0.0,0.0,0.0,0.0,0.0,0.0,1.0,1.0,3.0,0.0,0.0,1.0,2.0,0.0,0.0,1.0,0.0,0.0,0.0,0.0,0.0,0.0,0.0,1.0,0.0,1.0,1.0,1.0,0.0,0.0,1.0,0.0,0.0,1.0,0.0,0.0,0.0,0.0,1.0,0.0,0.0,3.0,1.0,0.0,0.0,1.0,1.0,0.0,0.0,1.0,0.0,0.0,2.0,1.0,0.0,0.0,1.0,0.0,0.0,3.0,0.0,0.0,0.0,0.0,0.0,5.0,0.0,0.0,0.0,0.0,0.0,2.0,0.0,1.0,0.0,2.0,0.0,1.0,2.0,23.0,2.0,4.0,12.0,12.0,12.0,10.0,27.0
CHEMBL493020,IC50,98.0,27.0,4.0,5.0,2.0,3.0,1.0,4.0,0.0,36.0,5.0,5.0,2.0,0.0,2.0,2.0,0.0,1.0,3.0,3.0,3.0,3.0,3.0,34.0,7.0,7.0,3.0,3.0,2.0,5.0,0.0,0.0,31.0,7.0,4.0,5.0,6.0,1.0,7.0,2.0,0.0,0.0,0.0,33.0,6.0,5.0,6.0,6.0,1.0,7.0,0.0,0.0,0.0,0.0,0.0,0.0,36.0,4.0,5.0,4.0,3.0,1.0,4.0,0.0,0.0,0.0,1.0,1.0,2.0,0.0,0.0,0.0,0.0,37.0,2.0,6.0,1.0,3.0,1.0,4.0,0.0,1.0,0.0,0.0,0.0,31.0,4.0,10.0,2.0,6.0,1.0,7.0,0.0,0.0,0.0,0.0,0.0,31.0,2.0,7.0,0.0,3.0,2.0,5.0,1.0,1.0,3.0,3.0,0.0,0.0,0.0,22.0,5.0,9.0,1.0,12.0,3.0,15.0,0.0,0.0,0.0,0.0,0.0,0.0,0.0,1.0,0.0,0.0,0.0,3.0,1.0,0.0,0.0,0.0,1.0,0.0,1.0,1.0,0.0,1.0,0.0,1.0,0.0,0.0,1.0,1.0,2.0,0.0,3.0,0.0,1.0,3.0,1.0,1.0,7.0,2.0,3.0,0.0,0.0,0.0,0.0,0.0,0.0,0.0,1.0,1.0,0.0,0.0,0.0,0.0,0.0,0.0,0.0,0.0,1.0,2.0,0.0,0.0,0.0,0.0,0.0,0.0,0.0,0.0,0.0,0.0,0.0,0.0,0.0,0.0,0.0,1.0,0.0,1.0,1.0,1.0,0.0,0.0,1.0,0.0,0.0,1.0,0.0,0.0,0.0,0.0,1.0,1.0,1.0,2.0,1.0,0.0,0.0,1.0,0.0,0.0,0.0,2.0,1.0,3.0,1.0,1.0,0.0,0.0,1.0,0.0,0.0,4.0,0.0,0.0,3.0,0.0,0.0,2.0,1.0,3.0,0.0,3.0,3.0,2.0,0.0,1.0,0.0,2.0,1.0,1.0,2.0,23.0,2.0,2.0,11.0,9.0,9.0,11.0,26.0
CHEMBL452040,IC50,482.0,19.0,4.0,4.0,0.0,0.0,3.0,3.0,0.0,23.0,3.0,5.0,0.0,0.0,6.0,6.0,1.0,3.0,0.0,0.0,0.0,0.0,0.0,18.0,6.0,9.0,0.0,0.0,7.0,7.0,0.0,0.0,14.0,6.0,7.0,0.0,0.0,4.0,4.0,1.0,0.0,2.0,1.0,16.0,5.0,6.0,0.0,0.0,4.0,4.0,0.0,1.0,0.0,0.0,0.0,0.0,15.0,4.0,6.0,0.0,0.0,3.0,3.0,0.0,0.0,0.0,2.0,2.0,0.0,2.0,0.0,0.0,0.0,14.0,3.0,3.0,0.0,0.0,5.0,5.0,0.0,1.0,0.0,0.0,1.0,13.0,3.0,3.0,0.0,0.0,5.0,5.0,0.0,0.0,0.0,0.0,0.0,11.0,3.0,3.0,0.0,0.0,5.0,5.0,0.0,0.0,0.0,0.0,1.0,0.0,0.0,8.0,2.0,5.0,0.0,0.0,3.0,3.0,0.0,0.0,0.0,1.0,0.0,0.0,0.0,0.0,0.0,0.0,0.0,0.0,0.0,0.0,0.0,0.0,0.0,0.0,0.0,0.0,0.0,2.0,0.0,3.0,0.0,0.0,0.0,0.0,2.0,0.0,1.0,1.0,3.0,0.0,1.0,0.0,2.0,2.0,0.0,0.0,0.0,0.0,0.0,0.0,0.0,0.0,0.0,0.0,0.0,0.0,0.0,0.0,0.0,0.0,0.0,0.0,0.0,0.0,0.0,0.0,0.0,0.0,0.0,0.0,0.0,0.0,0.0,0.0,0.0,0.0,0.0,0.0,0.0,0.0,0.0,0.0,0.0,0.0,0.0,0.0,0.0,0.0,0.0,0.0,0.0,0.0,0.0,0.0,0.0,3.0,3.0,3.0,1.0,0.0,0.0,2.0,1.0,0.0,0.0,0.0,0.0,0.0,2.0,3.0,0.0,0.0,0.0,0.0,0.0,3.0,0.0,0.0,0.0,0.0,0.0,0.0,0.0,0.0,0.0,0.0,0.0,1.0,0.0,0.0,0.0,2.0,3.0,0.0,0.0,18.0,0.0,2.0,8.0,4.0,4.0,7.0,22.0
CHEMBL513067,IC50,4.0,24.0,12.0,3.0,0.0,0.0,0.0,0.0,3.0,39.0,10.0,3.0,0.0,0.0,0.0,0.0,8.0,1.0,0.0,0.0,0.0,0.0,0.0,34.0,20.0,5.0,0.0,0.0,0.0,0.0,2.0,0.0,33.0,19.0,3.0,0.0,0.0,0.0,0.0,3.0,0.0,0.0,0.0,33.0,20.0,2.0,0.0,0.0,0.0,0.0,0.0,3.0,0.0,0.0,0.0,0.0,37.0,20.0,2.0,0.0,0.0,0.0,0.0,0.0,1.0,0.0,0.0,0.0,0.0,0.0,0.0,0.0,0.0,42.0,11.0,2.0,0.0,0.0,0.0,0.0,1.0,1.0,0.0,0.0,0.0,33.0,15.0,5.0,0.0,0.0,0.0,0.0,0.0,0.0,0.0,0.0,0.0,38.0,4.0,6.0,0.0,0.0,0.0,0.0,4.0,2.0,0.0,0.0,0.0,0.0,0.0,26.0,11.0,8.0,0.0,0.0,0.0,0.0,2.0,0.0,0.0,0.0,0.0,0.0,0.0,2.0,0.0,0.0,0.0,5.0,4.0,0.0,0.0,0.0,2.0,0.0,0.0,0.0,5.0,1.0,0.0,1.0,0.0,0.0,0.0,1.0,1.0,0.0,1.0,1.0,0.0,0.0,1.0,0.0,14.0,1.0,10.0,0.0,0.0,5.0,0.0,1.0,0.0,0.0,0.0,14.0,0.0,0.0,0.0,2.0,11.0,7.0,2.0,0.0,0.0,0.0,14.0,0.0,0.0,0.0,14.0,0.0,0.0,9.0,0.0,7.0,3.0,0.0,4.0,2.0,0.0,2.0,0.0,0.0,0.0,2.0,0.0,0.0,2.0,0.0,0.0,0.0,0.0,0.0,0.0,0.0,0.0,0.0,0.0,3.0,1.0,0.0,1.0,0.0,0.0,0.0,0.0,1.0,1.0,0.0,2.0,1.0,0.0,0.0,0.0,0.0,0.0,2.0,0.0,0.0,0.0,0.0,3.0,4.0,1.0,0.0,0.0,0.0,0.0,1.0,0.0,1.0,0.0,2.0,0.0,4.0,6.0,20.0,6.0,2.0,15.0,19.0,19.0,9.0,22.0
CHEMBL507829,IC50,950.0,30.0,12.0,1.0,0.0,0.0,0.0,0.0,3.0,44.0,12.0,1.0,0.0,0.0,0.0,0.0,8.0,1.0,0.0,0.0,0.0,0.0,0.0,39.0,22.0,3.0,0.0,0.0,0.0,0.0,2.0,0.0,39.0,24.0,2.0,0.0,0.0,0.0,0.0,2.0,0.0,0.0,0.0,46.0,23.0,1.0,0.0,0.0,0.0,0.0,0.0,2.0,0.0,0.0,0.0,0.0,54.0,21.0,1.0,0.0,0.0,0.0,0.0,0.0,0.0,0.0,0.0,0.0,0.0,0.0,0.0,0.0,0.0,61.0,10.0,0.0,0.0,0.0,0.0,0.0,1.0,1.0,0.0,0.0,0.0,49.0,15.0,2.0,0.0,0.0,0.0,0.0,0.0,0.0,0.0,0.0,0.0,49.0,4.0,2.0,0.0,0.0,0.0,0.0,4.0,2.0,0.0,0.0,0.0,0.0,0.0,37.0,11.0,5.0,0.0,0.0,0.0,0.0,2.0,0.0,0.0,0.0,0.0,0.0,0.0,2.0,0.0,0.0,0.0,5.0,4.0,0.0,0.0,0.0,2.0,0.0,0.0,0.0,3.0,1.0,0.0,1.0,0.0,0.0,0.0,1.0,1.0,0.0,1.0,0.0,0.0,0.0,0.0,0.0,12.0,1.0,10.0,0.0,0.0,5.0,0.0,1.0,0.0,0.0,0.0,14.0,0.0,0.0,0.0,2.0,11.0,7.0,2.0,0.0,0.0,0.0,14.0,0.0,0.0,0.0,14.0,0.0,0.0,9.0,0.0,7.0,3.0,0.0,4.0,2.0,0.0,2.0,0.0,0.0,0.0,2.0,0.0,0.0,2.0,0.0,0.0,0.0,0.0,0.0,0.0,0.0,0.0,0.0,0.0,3.0,1.0,0.0,1.0,0.0,0.0,0.0,0.0,0.0,0.0,0.0,2.0,1.0,0.0,0.0,0.0,0.0,0.0,1.0,0.0,0.0,0.0,0.0,3.0,4.0,1.0,0.0,0.0,0.0,0.0,1.0,0.0,1.0,0.0,2.0,0.0,4.0,6.0,26.0,6.0,2.0,13.0,17.0,17.0,8.0,28.0
CHEMBL1643952,IC50,2000.0,24.0,3.0,4.0,0.0,3.0,0.0,3.0,1.0,31.0,8.0,4.0,0.0,0.0,0.0,0.0,0.0,0.0,3.0,3.0,3.0,3.0,3.0,29.0,9.0,6.0,0.0,3.0,0.0,3.0,0.0,0.0,23.0,12.0,5.0,0.0,6.0,0.0,6.0,0.0,0.0,0.0,0.0,27.0,9.0,3.0,0.0,6.0,0.0,6.0,0.0,0.0,0.0,0.0,0.0,0.0,31.0,4.0,3.0,0.0,3.0,0.0,3.0,0.0,1.0,0.0,0.0,0.0,0.0,0.0,0.0,0.0,0.0,33.0,2.0,2.0,0.0,3.0,0.0,3.0,0.0,3.0,0.0,0.0,0.0,31.0,1.0,4.0,0.0,3.0,0.0,3.0,0.0,2.0,3.0,3.0,0.0,21.0,0.0,10.0,0.0,6.0,0.0,6.0,0.0,0.0,3.0,3.0,0.0,0.0,0.0,14.0,0.0,10.0,0.0,6.0,0.0,6.0,0.0,0.0,0.0,0.0,0.0,0.0,0.0,1.0,0.0,0.0,0.0,6.0,2.0,0.0,0.0,0.0,4.0,3.0,0.0,0.0,0.0,0.0,0.0,0.0,0.0,0.0,1.0,1.0,1.0,0.0,2.0,0.0,0.0,3.0,1.0,1.0,9.0,1.0,6.0,0.0,0.0,0.0,0.0,0.0,0.0,0.0,0.0,6.0,0.0,0.0,0.0,0.0,0.0,0.0,0.0,0.0,0.0,0.0,6.0,0.0,0.0,0.0,6.0,0.0,0.0,1.0,0.0,0.0,0.0,0.0,0.0,0.0,0.0,0.0,0.0,0.0,0.0,0.0,0.0,0.0,0.0,0.0,0.0,0.0,0.0,0.0,0.0,0.0,0.0,0.0,0.0,0.0,0.0,0.0,0.0,0.0,0.0,0.0,0.0,2.0,1.0,3.0,0.0,0.0,0.0,0.0,0.0,0.0,0.0,3.0,0.0,0.0,3.0,0.0,0.0,5.0,1.0,3.0,0.0,3.0,3.0,1.0,0.0,0.0,0.0,2.0,0.0,1.0,2.0,17.0,2.0,2.0,7.0,10.0,10.0,6.0,19.0
CHEMBL1643954,IC50,810.0,24.0,7.0,3.0,0.0,3.0,0.0,3.0,4.0,32.0,11.0,3.0,0.0,0.0,0.0,0.0,5.0,1.0,3.0,3.0,3.0,3.0,3.0,30.0,13.0,5.0,0.0,3.0,0.0,3.0,2.0,0.0,25.0,18.0,3.0,0.0,6.0,0.0,6.0,2.0,0.0,0.0,0.0,29.0,16.0,2.0,0.0,6.0,0.0,6.0,0.0,2.0,0.0,0.0,0.0,0.0,32.0,13.0,2.0,0.0,3.0,0.0,3.0,0.0,1.0,0.0,0.0,0.0,0.0,0.0,0.0,0.0,0.0,34.0,8.0,2.0,0.0,3.0,0.0,3.0,1.0,2.0,0.0,0.0,0.0,31.0,7.0,3.0,0.0,3.0,0.0,3.0,1.0,1.0,3.0,3.0,0.0,22.0,6.0,7.0,0.0,6.0,0.0,6.0,2.0,0.0,3.0,3.0,0.0,0.0,0.0,17.0,5.0,7.0,0.0,6.0,0.0,6.0,4.0,0.0,0.0,0.0,0.0,0.0,0.0,1.0,0.0,0.0,0.0,6.0,2.0,0.0,0.0,0.0,4.0,3.0,0.0,0.0,0.0,1.0,0.0,1.0,0.0,0.0,0.0,1.0,1.0,0.0,2.0,0.0,0.0,3.0,1.0,0.0,9.0,1.0,6.0,0.0,0.0,0.0,0.0,0.0,0.0,0.0,0.0,6.0,0.0,0.0,0.0,0.0,0.0,0.0,0.0,0.0,0.0,0.0,6.0,0.0,0.0,0.0,6.0,0.0,0.0,1.0,0.0,0.0,0.0,0.0,0.0,0.0,0.0,0.0,0.0,0.0,0.0,0.0,0.0,0.0,0.0,0.0,0.0,0.0,0.0,0.0,0.0,0.0,0.0,0.0,0.0,1.0,0.0,0.0,0.0,0.0,0.0,0.0,0.0,1.0,1.0,3.0,1.0,1.0,0.0,0.0,0.0,0.0,0.0,2.0,0.0,0.0,3.0,0.0,0.0,5.0,1.0,3.0,0.0,3.0,3.0,1.0,0.0,1.0,0.0,2.0,0.0,4.0,6.0,22.0,6.0,2.0,10.0,13.0,13.0,8.0,22.0
CHEMBL442389,IC50,29000.0,18.0,2.0,4.0,0.0,0.0,0.0,0.0,1.0,25.0,4.0,5.0,0.0,0.0,0.0,0.0,0.0,1.0,0.0,0.0,0.0,0.0,0.0,21.0,6.0,6.0,0.0,0.0,0.0,0.0,0.0,1.0,13.0,8.0,7.0,0.0,0.0,0.0,0.0,0.0,0.0,0.0,0.0,11.0,6.0,3.0,0.0,0.0,0.0,0.0,0.0,1.0,0.0,0.0,0.0,1.0,11.0,4.0,3.0,0.0,0.0,0.0,0.0,0.0,2.0,0.0,0.0,0.0,1.0,0.0,0.0,0.0,0.0,10.0,5.0,3.0,0.0,0.0,0.0,0.0,0.0,1.0,0.0,0.0,0.0,12.0,3.0,3.0,0.0,0.0,0.0,0.0,0.0,0.0,0.0,0.0,0.0,13.0,0.0,4.0,0.0,0.0,0.0,0.0,0.0,0.0,0.0,0.0,0.0,0.0,0.0,11.0,0.0,7.0,0.0,0.0,0.0,0.0,0.0,0.0,0.0,0.0,0.0,0.0,0.0,0.0,0.0,0.0,0.0,0.0,0.0,0.0,0.0,0.0,0.0,0.0,0.0,0.0,4.0,1.0,0.0,1.0,0.0,0.0,1.0,1.0,1.0,0.0,1.0,1.0,0.0,0.0,1.0,1.0,7.0,1.0,3.0,0.0,0.0,1.0,3.0,0.0,0.0,0.0,0.0,3.0,0.0,0.0,0.0,0.0,0.0,0.0,0.0,0.0,0.0,3.0,0.0,0.0,0.0,0.0,0.0,0.0,0.0,0.0,0.0,0.0,0.0,0.0,0.0,0.0,0.0,0.0,0.0,0.0,0.0,0.0,0.0,0.0,0.0,0.0,0.0,0.0,0.0,0.0,0.0,0.0,0.0,0.0,0.0,1.0,0.0,0.0,0.0,0.0,0.0,0.0,0.0,1.0,1.0,0.0,2.0,1.0,0.0,0.0,0.0,0.0,0.0,3.0,0.0,0.0,0.0,0.0,3.0,0.0,0.0,0.0,0.0,0.0,0.0,2.0,0.0,0.0,0.0,2.0,0.0,0.0,0.0,12.0,0.0,4.0,6.0,8.0,8.0,6.0,16.0
CHEMBL104735,IC50,720.0,19.0,2.0,5.0,0.0,0.0,0.0,0.0,1.0,25.0,4.0,7.0,0.0,0.0,0.0,0.0,0.0,1.0,0.0,0.0,0.0,0.0,0.0,23.0,6.0,9.0,0.0,0.0,0.0,0.0,0.0,1.0,14.0,9.0,10.0,0.0,0.0,0.0,0.0,0.0,0.0,0.0,0.0,10.0,9.0,5.0,0.0,0.0,0.0,0.0,0.0,1.0,0.0,0.0,0.0,1.0,9.0,6.0,3.0,0.0,0.0,0.0,0.0,0.0,3.0,0.0,0.0,0.0,1.0,0.0,0.0,0.0,0.0,13.0,2.0,4.0,0.0,0.0,0.0,0.0,0.0,2.0,0.0,0.0,0.0,16.0,0.0,6.0,0.0,0.0,0.0,0.0,0.0,0.0,0.0,0.0,0.0,16.0,0.0,5.0,0.0,0.0,0.0,0.0,0.0,0.0,0.0,0.0,1.0,0.0,0.0,13.0,0.0,7.0,0.0,0.0,0.0,0.0,0.0,0.0,0.0,0.0,0.0,0.0,0.0,0.0,0.0,0.0,0.0,0.0,0.0,0.0,0.0,0.0,0.0,0.0,0.0,0.0,1.0,1.0,0.0,1.0,0.0,0.0,2.0,0.0,1.0,0.0,0.0,1.0,0.0,0.0,1.0,2.0,3.0,1.0,0.0,0.0,0.0,0.0,0.0,0.0,0.0,0.0,0.0,0.0,0.0,0.0,0.0,0.0,0.0,0.0,0.0,0.0,0.0,0.0,0.0,0.0,0.0,0.0,0.0,0.0,0.0,0.0,0.0,0.0,0.0,0.0,0.0,0.0,0.0,0.0,0.0,0.0,0.0,0.0,0.0,0.0,0.0,0.0,0.0,0.0,0.0,0.0,0.0,0.0,0.0,0.0,0.0,1.0,0.0,0.0,0.0,0.0,0.0,0.0,0.0,1.0,1.0,0.0,2.0,1.0,0.0,0.0,0.0,0.0,0.0,4.0,0.0,0.0,0.0,0.0,0.0,0.0,0.0,0.0,0.0,0.0,0.0,2.0,0.0,0.0,0.0,2.0,0.0,0.0,0.0,16.0,0.0,4.0,7.0,6.0,6.0,5.0,19.0
CHEMBL2113259,IC50,1984.0,24.0,10.0,7.0,0.0,3.0,0.0,3.0,0.0,31.0,10.0,6.0,0.0,0.0,0.0,0.0,1.0,4.0,3.0,3.0,3.0,3.0,3.0,28.0,15.0,14.0,0.0,3.0,0.0,3.0,0.0,0.0,29.0,10.0,11.0,0.0,6.0,0.0,6.0,2.0,0.0,0.0,0.0,30.0,11.0,11.0,0.0,6.0,0.0,6.0,0.0,1.0,0.0,0.0,0.0,0.0,33.0,8.0,7.0,0.0,3.0,0.0,3.0,1.0,2.0,0.0,0.0,0.0,2.0,0.0,0.0,0.0,0.0,34.0,7.0,8.0,0.0,0.0,0.0,0.0,1.0,2.0,3.0,3.0,1.0,30.0,10.0,12.0,0.0,3.0,0.0,3.0,0.0,1.0,0.0,0.0,1.0,27.0,8.0,12.0,0.0,0.0,0.0,0.0,1.0,2.0,3.0,3.0,1.0,3.0,3.0,26.0,7.0,14.0,0.0,6.0,0.0,6.0,0.0,0.0,0.0,0.0,0.0,0.0,0.0,2.0,0.0,0.0,1.0,8.0,2.0,0.0,0.0,0.0,3.0,0.0,1.0,1.0,0.0,2.0,0.0,2.0,0.0,0.0,1.0,1.0,4.0,0.0,2.0,0.0,0.0,3.0,1.0,1.0,16.0,4.0,10.0,1.0,0.0,2.0,0.0,1.0,1.0,0.0,2.0,7.0,2.0,4.0,0.0,0.0,0.0,0.0,2.0,2.0,3.0,0.0,3.0,1.0,1.0,0.0,1.0,0.0,0.0,0.0,0.0,0.0,0.0,0.0,1.0,3.0,2.0,7.0,6.0,5.0,1.0,6.0,5.0,3.0,11.0,2.0,4.0,5.0,3.0,0.0,0.0,0.0,1.0,0.0,0.0,9.0,7.0,2.0,2.0,5.0,1.0,0.0,0.0,2.0,1.0,3.0,4.0,4.0,0.0,0.0,1.0,0.0,0.0,6.0,0.0,0.0,3.0,0.0,0.0,4.0,1.0,3.0,0.0,3.0,3.0,3.0,0.0,1.0,0.0,2.0,0.0,0.0,0.0,12.0,1.0,2.0,17.0,20.0,20.0,15.0,25.0
CHEMBL219308,IC50,141.0,22.0,7.0,6.0,0.0,3.0,0.0,3.0,0.0,28.0,7.0,5.0,0.0,0.0,0.0,0.0,1.0,3.0,3.0,3.0,3.0,3.0,3.0,26.0,12.0,10.0,0.0,3.0,0.0,3.0,0.0,0.0,25.0,11.0,9.0,0.0,6.0,0.0,6.0,2.0,0.0,0.0,0.0,29.0,9.0,10.0,0.0,6.0,0.0,6.0,0.0,1.0,0.0,0.0,0.0,0.0,33.0,7.0,8.0,0.0,3.0,0.0,3.0,0.0,0.0,0.0,0.0,0.0,2.0,0.0,0.0,0.0,0.0,35.0,2.0,6.0,0.0,0.0,0.0,0.0,1.0,2.0,3.0,3.0,1.0,29.0,5.0,10.0,0.0,3.0,0.0,3.0,0.0,0.0,0.0,0.0,0.0,25.0,3.0,7.0,0.0,0.0,0.0,0.0,1.0,2.0,3.0,3.0,1.0,3.0,3.0,18.0,5.0,10.0,0.0,6.0,0.0,6.0,0.0,0.0,0.0,0.0,0.0,0.0,0.0,1.0,0.0,0.0,0.0,7.0,2.0,0.0,0.0,0.0,3.0,1.0,1.0,1.0,2.0,2.0,0.0,2.0,0.0,0.0,1.0,1.0,3.0,0.0,2.0,0.0,0.0,3.0,1.0,1.0,14.0,3.0,8.0,0.0,0.0,0.0,0.0,1.0,1.0,0.0,1.0,6.0,0.0,0.0,0.0,0.0,0.0,0.0,2.0,2.0,1.0,0.0,4.0,0.0,0.0,0.0,3.0,0.0,0.0,2.0,0.0,1.0,0.0,0.0,1.0,1.0,1.0,3.0,2.0,3.0,1.0,3.0,2.0,0.0,5.0,0.0,0.0,3.0,0.0,0.0,0.0,0.0,1.0,0.0,0.0,6.0,4.0,0.0,2.0,3.0,1.0,0.0,0.0,2.0,1.0,3.0,3.0,3.0,0.0,0.0,1.0,0.0,0.0,5.0,0.0,0.0,3.0,0.0,2.0,5.0,0.0,3.0,0.0,3.0,3.0,2.0,0.0,1.0,0.0,2.0,0.0,0.0,0.0,12.0,0.0,2.0,13.0,16.0,16.0,17.0,20.0
CHEMBL441160,IC50,2429.0,29.0,10.0,5.0,0.0,0.0,0.0,0.0,0.0,41.0,10.0,4.0,0.0,0.0,0.0,0.0,1.0,4.0,0.0,0.0,0.0,0.0,0.0,39.0,14.0,12.0,0.0,0.0,0.0,0.0,0.0,0.0,35.0,13.0,12.0,0.0,0.0,0.0,0.0,2.0,0.0,0.0,0.0,37.0,11.0,11.0,0.0,0.0,0.0,0.0,0.0,0.0,0.0,0.0,0.0,0.0,39.0,9.0,7.0,0.0,0.0,0.0,0.0,1.0,1.0,0.0,0.0,0.0,2.0,0.0,0.0,0.0,0.0,42.0,6.0,8.0,0.0,0.0,0.0,0.0,1.0,1.0,0.0,0.0,0.0,36.0,9.0,10.0,0.0,0.0,0.0,0.0,1.0,2.0,0.0,0.0,1.0,37.0,7.0,8.0,0.0,0.0,0.0,0.0,1.0,2.0,0.0,0.0,1.0,0.0,0.0,35.0,10.0,11.0,0.0,0.0,0.0,0.0,0.0,0.0,0.0,0.0,0.0,0.0,0.0,2.0,0.0,0.0,0.0,9.0,4.0,0.0,0.0,0.0,3.0,0.0,1.0,1.0,5.0,2.0,0.0,2.0,0.0,0.0,1.0,1.0,4.0,0.0,2.0,0.0,0.0,0.0,0.0,1.0,21.0,4.0,14.0,0.0,0.0,5.0,0.0,1.0,1.0,0.0,1.0,15.0,0.0,0.0,0.0,2.0,11.0,7.0,2.0,2.0,1.0,0.0,14.0,0.0,0.0,0.0,14.0,0.0,0.0,9.0,6.0,7.0,3.0,7.0,4.0,2.0,2.0,3.0,2.0,3.0,1.0,5.0,4.0,1.0,9.0,0.0,0.0,5.0,1.0,0.0,0.0,0.0,1.0,0.0,0.0,9.0,7.0,0.0,2.0,5.0,1.0,0.0,0.0,1.0,0.0,0.0,4.0,4.0,0.0,0.0,1.0,0.0,0.0,5.0,0.0,0.0,0.0,0.0,5.0,5.0,1.0,0.0,0.0,0.0,0.0,3.0,0.0,1.0,0.0,4.0,0.0,0.0,0.0,12.0,0.0,4.0,15.0,24.0,24.0,16.0,23.0
CHEMBL154460,IC50,35.4,22.0,5.0,3.0,0.0,0.0,1.0,1.0,1.0,29.0,7.0,4.0,0.0,0.0,2.0,2.0,0.0,2.0,0.0,0.0,0.0,0.0,0.0,30.0,8.0,8.0,0.0,0.0,2.0,2.0,0.0,1.0,22.0,12.0,9.0,0.0,0.0,2.0,2.0,0.0,0.0,0.0,0.0,20.0,12.0,6.0,0.0,0.0,0.0,0.0,0.0,0.0,0.0,1.0,1.0,0.0,21.0,8.0,4.0,0.0,0.0,0.0,0.0,0.0,1.0,0.0,1.0,1.0,1.0,0.0,0.0,0.0,0.0,23.0,2.0,3.0,0.0,0.0,1.0,1.0,1.0,2.0,0.0,0.0,0.0,20.0,2.0,4.0,0.0,0.0,1.0,1.0,1.0,1.0,0.0,0.0,0.0,16.0,5.0,4.0,0.0,0.0,2.0,2.0,0.0,0.0,0.0,0.0,0.0,0.0,0.0,15.0,3.0,3.0,0.0,0.0,3.0,3.0,0.0,1.0,0.0,0.0,1.0,0.0,0.0,0.0,0.0,0.0,0.0,2.0,0.0,0.0,0.0,0.0,0.0,0.0,0.0,0.0,2.0,1.0,0.0,1.0,0.0,0.0,1.0,0.0,2.0,0.0,0.0,1.0,1.0,0.0,0.0,1.0,7.0,2.0,2.0,0.0,0.0,0.0,0.0,0.0,0.0,0.0,0.0,0.0,0.0,0.0,0.0,0.0,0.0,0.0,0.0,0.0,0.0,0.0,0.0,0.0,0.0,0.0,0.0,0.0,0.0,0.0,0.0,0.0,0.0,0.0,0.0,0.0,0.0,0.0,0.0,0.0,0.0,2.0,2.0,1.0,4.0,0.0,0.0,2.0,1.0,0.0,0.0,0.0,0.0,1.0,1.0,4.0,3.0,0.0,0.0,2.0,0.0,0.0,0.0,0.0,0.0,0.0,3.0,2.0,0.0,0.0,0.0,0.0,0.0,3.0,0.0,0.0,0.0,0.0,2.0,0.0,0.0,0.0,0.0,0.0,0.0,3.0,0.0,0.0,0.0,5.0,1.0,0.0,0.0,16.0,0.0,6.0,8.0,8.0,8.0,8.0,21.0
CHEMBL157913,IC50,2540.0,19.0,8.0,3.0,0.0,0.0,1.0,1.0,1.0,25.0,11.0,4.0,0.0,0.0,2.0,2.0,0.0,2.0,0.0,0.0,0.0,0.0,0.0,27.0,8.0,6.0,0.0,0.0,2.0,2.0,1.0,2.0,16.0,15.0,8.0,0.0,0.0,2.0,2.0,0.0,0.0,0.0,0.0,13.0,13.0,6.0,0.0,0.0,0.0,0.0,1.0,0.0,0.0,1.0,1.0,0.0,21.0,6.0,4.0,0.0,0.0,0.0,0.0,1.0,1.0,0.0,1.0,1.0,1.0,0.0,0.0,0.0,0.0,22.0,5.0,5.0,0.0,0.0,1.0,1.0,0.0,1.0,0.0,0.0,0.0,22.0,2.0,3.0,0.0,0.0,1.0,1.0,1.0,2.0,0.0,0.0,0.0,18.0,4.0,2.0,0.0,0.0,2.0,2.0,1.0,1.0,0.0,0.0,0.0,0.0,0.0,10.0,7.0,4.0,0.0,0.0,3.0,3.0,0.0,0.0,0.0,0.0,0.0,0.0,0.0,0.0,0.0,0.0,0.0,3.0,0.0,0.0,0.0,0.0,0.0,0.0,0.0,1.0,2.0,1.0,0.0,1.0,0.0,0.0,1.0,0.0,2.0,0.0,0.0,1.0,1.0,0.0,0.0,1.0,8.0,2.0,3.0,1.0,0.0,0.0,0.0,0.0,0.0,0.0,1.0,0.0,0.0,0.0,0.0,0.0,0.0,0.0,0.0,0.0,0.0,0.0,0.0,0.0,0.0,0.0,0.0,0.0,0.0,0.0,0.0,0.0,0.0,0.0,0.0,0.0,0.0,0.0,0.0,0.0,0.0,3.0,3.0,3.0,6.0,2.0,0.0,2.0,3.0,0.0,0.0,0.0,0.0,1.0,1.0,4.0,3.0,2.0,0.0,2.0,0.0,0.0,0.0,0.0,0.0,0.0,3.0,2.0,0.0,0.0,0.0,0.0,0.0,3.0,0.0,0.0,0.0,0.0,2.0,0.0,0.0,0.0,0.0,0.0,0.0,3.0,0.0,0.0,0.0,2.0,1.0,0.0,1.0,15.0,1.0,4.0,11.0,10.0,10.0,9.0,20.0
CHEMBL152579,IC50,96.7,29.0,8.0,2.0,0.0,0.0,2.0,2.0,1.0,40.0,10.0,3.0,0.0,0.0,4.0,4.0,0.0,1.0,0.0,0.0,0.0,0.0,0.0,39.0,10.0,4.0,0.0,0.0,4.0,4.0,1.0,1.0,28.0,16.0,4.0,0.0,0.0,3.0,3.0,0.0,0.0,0.0,0.0,29.0,15.0,3.0,0.0,0.0,1.0,1.0,0.0,0.0,0.0,1.0,1.0,0.0,29.0,12.0,2.0,0.0,0.0,0.0,0.0,0.0,1.0,0.0,2.0,2.0,1.0,0.0,0.0,0.0,0.0,30.0,7.0,3.0,0.0,0.0,3.0,3.0,1.0,1.0,0.0,0.0,0.0,29.0,6.0,4.0,0.0,0.0,3.0,3.0,1.0,0.0,0.0,0.0,0.0,29.0,7.0,3.0,0.0,0.0,2.0,2.0,0.0,0.0,0.0,1.0,0.0,0.0,0.0,31.0,3.0,2.0,0.0,0.0,4.0,4.0,1.0,1.0,0.0,0.0,0.0,0.0,0.0,0.0,0.0,0.0,0.0,6.0,0.0,0.0,0.0,0.0,2.0,0.0,0.0,0.0,0.0,1.0,0.0,1.0,0.0,0.0,1.0,0.0,1.0,0.0,1.0,1.0,2.0,0.0,0.0,1.0,8.0,1.0,2.0,0.0,0.0,0.0,0.0,0.0,0.0,0.0,0.0,0.0,0.0,0.0,0.0,0.0,0.0,0.0,0.0,0.0,0.0,0.0,0.0,0.0,0.0,0.0,0.0,0.0,0.0,0.0,0.0,0.0,0.0,0.0,0.0,0.0,0.0,0.0,0.0,0.0,0.0,4.0,4.0,2.0,8.0,0.0,0.0,0.0,2.0,0.0,0.0,0.0,0.0,2.0,2.0,7.0,6.0,0.0,0.0,0.0,0.0,0.0,0.0,0.0,0.0,0.0,4.0,1.0,0.0,0.0,0.0,2.0,0.0,2.0,0.0,0.0,0.0,0.0,0.0,0.0,0.0,0.0,0.0,0.0,0.0,1.0,0.0,0.0,0.0,2.0,2.0,0.0,0.0,22.0,2.0,4.0,10.0,14.0,14.0,8.0,27.0
CHEMBL448584,IC50,81.0,33.0,7.0,5.0,2.0,3.0,0.0,3.0,0.0,48.0,7.0,5.0,1.0,0.0,0.0,0.0,1.0,1.0,3.0,3.0,3.0,3.0,3.0,44.0,13.0,7.0,3.0,3.0,0.0,3.0,0.0,0.0,41.0,11.0,4.0,5.0,6.0,0.0,6.0,2.0,0.0,0.0,0.0,38.0,11.0,5.0,6.0,6.0,0.0,6.0,0.0,0.0,0.0,0.0,0.0,0.0,42.0,7.0,3.0,4.0,3.0,0.0,3.0,1.0,2.0,0.0,0.0,0.0,2.0,0.0,0.0,0.0,0.0,41.0,10.0,7.0,3.0,3.0,0.0,3.0,0.0,0.0,0.0,0.0,0.0,45.0,6.0,5.0,3.0,3.0,0.0,3.0,1.0,2.0,3.0,3.0,0.0,43.0,9.0,8.0,3.0,3.0,0.0,3.0,0.0,0.0,0.0,0.0,0.0,0.0,0.0,43.0,6.0,6.0,3.0,0.0,0.0,0.0,0.0,2.0,3.0,3.0,0.0,0.0,0.0,0.0,0.0,0.0,0.0,4.0,0.0,0.0,0.0,0.0,1.0,0.0,1.0,1.0,0.0,1.0,0.0,1.0,0.0,0.0,1.0,1.0,2.0,0.0,2.0,1.0,0.0,3.0,1.0,1.0,7.0,2.0,2.0,0.0,0.0,0.0,0.0,0.0,0.0,0.0,1.0,1.0,0.0,0.0,0.0,0.0,0.0,0.0,0.0,0.0,1.0,0.0,0.0,0.0,0.0,0.0,0.0,0.0,0.0,0.0,0.0,0.0,0.0,0.0,0.0,0.0,0.0,1.0,0.0,1.0,1.0,1.0,0.0,0.0,1.0,0.0,0.0,1.0,0.0,0.0,0.0,0.0,1.0,0.0,0.0,3.0,1.0,0.0,0.0,1.0,1.0,0.0,0.0,2.0,1.0,3.0,2.0,1.0,0.0,0.0,1.0,0.0,0.0,4.0,0.0,0.0,3.0,0.0,0.0,2.0,0.0,3.0,0.0,3.0,3.0,2.0,0.0,1.0,0.0,2.0,0.0,1.0,2.0,29.0,2.0,2.0,14.0,9.0,9.0,11.0,32.0
CHEMBL517861,IC50,15.0,25.0,12.0,1.0,0.0,0.0,0.0,0.0,3.0,40.0,10.0,1.0,0.0,0.0,0.0,0.0,8.0,1.0,0.0,0.0,0.0,0.0,0.0,34.0,20.0,3.0,0.0,0.0,0.0,0.0,2.0,0.0,32.0,20.0,2.0,0.0,0.0,0.0,0.0,2.0,0.0,0.0,0.0,33.0,20.0,1.0,0.0,0.0,0.0,0.0,0.0,2.0,0.0,0.0,0.0,0.0,37.0,20.0,1.0,0.0,0.0,0.0,0.0,0.0,0.0,0.0,0.0,0.0,0.0,0.0,0.0,0.0,0.0,43.0,10.0,0.0,0.0,0.0,0.0,0.0,1.0,1.0,0.0,0.0,0.0,34.0,15.0,2.0,0.0,0.0,0.0,0.0,0.0,0.0,0.0,0.0,0.0,39.0,4.0,2.0,0.0,0.0,0.0,0.0,4.0,2.0,0.0,0.0,0.0,0.0,0.0,25.0,11.0,5.0,0.0,0.0,0.0,0.0,2.0,0.0,0.0,0.0,0.0,0.0,0.0,2.0,0.0,0.0,0.0,5.0,4.0,0.0,0.0,0.0,2.0,0.0,0.0,0.0,5.0,1.0,0.0,1.0,0.0,0.0,0.0,1.0,1.0,0.0,1.0,1.0,0.0,0.0,0.0,0.0,14.0,1.0,10.0,0.0,0.0,5.0,0.0,1.0,0.0,0.0,0.0,14.0,0.0,0.0,0.0,2.0,11.0,7.0,2.0,0.0,0.0,0.0,14.0,0.0,0.0,0.0,14.0,0.0,0.0,9.0,0.0,7.0,3.0,0.0,4.0,2.0,0.0,2.0,0.0,0.0,0.0,2.0,0.0,0.0,2.0,0.0,0.0,0.0,0.0,0.0,0.0,0.0,0.0,0.0,0.0,3.0,1.0,0.0,1.0,0.0,0.0,0.0,0.0,0.0,0.0,0.0,2.0,1.0,0.0,0.0,0.0,0.0,0.0,1.0,0.0,0.0,0.0,0.0,4.0,4.0,1.0,0.0,0.0,0.0,0.0,1.0,0.0,1.0,0.0,2.0,0.0,4.0,6.0,20.0,6.0,2.0,13.0,19.0,19.0,8.0,22.0
CHEMBL178302,IC50,3210.0,15.0,5.0,3.0,2.0,0.0,0.0,0.0,1.0,19.0,7.0,3.0,3.0,0.0,0.0,0.0,0.0,3.0,0.0,0.0,0.0,0.0,0.0,16.0,11.0,5.0,3.0,0.0,0.0,0.0,0.0,0.0,11.0,13.0,8.0,2.0,0.0,0.0,0.0,0.0,0.0,0.0,0.0,16.0,8.0,4.0,3.0,0.0,0.0,0.0,1.0,1.0,0.0,0.0,0.0,0.0,17.0,4.0,3.0,3.0,0.0,0.0,0.0,2.0,2.0,0.0,0.0,0.0,0.0,0.0,0.0,0.0,0.0,17.0,6.0,1.0,2.0,0.0,0.0,0.0,1.0,1.0,0.0,0.0,1.0,13.0,7.0,3.0,0.0,0.0,0.0,0.0,0.0,1.0,0.0,0.0,0.0,6.0,7.0,3.0,0.0,0.0,0.0,0.0,0.0,0.0,0.0,0.0,0.0,0.0,0.0,7.0,4.0,1.0,0.0,0.0,0.0,0.0,0.0,0.0,0.0,0.0,0.0,0.0,0.0,2.0,1.0,0.0,1.0,3.0,3.0,2.0,2.0,0.0,0.0,0.0,0.0,0.0,5.0,1.0,0.0,1.0,1.0,0.0,0.0,0.0,1.0,0.0,0.0,0.0,0.0,0.0,0.0,0.0,12.0,1.0,8.0,1.0,0.0,2.0,0.0,0.0,0.0,0.0,1.0,8.0,2.0,0.0,0.0,0.0,2.0,1.0,0.0,0.0,2.0,0.0,4.0,2.0,2.0,0.0,1.0,0.0,0.0,0.0,0.0,0.0,0.0,0.0,0.0,2.0,0.0,2.0,0.0,0.0,0.0,1.0,0.0,0.0,0.0,0.0,0.0,0.0,0.0,0.0,0.0,0.0,0.0,0.0,0.0,1.0,0.0,0.0,0.0,0.0,0.0,0.0,0.0,0.0,0.0,0.0,2.0,1.0,0.0,0.0,0.0,0.0,0.0,1.0,0.0,0.0,0.0,0.0,5.0,3.0,2.0,0.0,0.0,0.0,0.0,1.0,0.0,1.0,0.0,0.0,0.0,2.0,4.0,10.0,4.0,0.0,10.0,12.0,12.0,7.0,10.0
CHEMBL143664,IC50,350.0,24.0,2.0,1.0,0.0,1.0,0.0,1.0,0.0,31.0,4.0,1.0,0.0,2.0,0.0,2.0,0.0,0.0,0.0,0.0,0.0,0.0,0.0,33.0,7.0,2.0,0.0,2.0,0.0,2.0,0.0,0.0,41.0,2.0,3.0,0.0,1.0,0.0,1.0,1.0,0.0,0.0,0.0,41.0,3.0,6.0,0.0,1.0,0.0,1.0,0.0,0.0,0.0,0.0,0.0,0.0,39.0,3.0,4.0,0.0,2.0,0.0,2.0,0.0,0.0,0.0,0.0,0.0,0.0,0.0,0.0,0.0,0.0,27.0,2.0,4.0,0.0,4.0,0.0,4.0,0.0,0.0,0.0,0.0,0.0,19.0,1.0,1.0,0.0,3.0,0.0,3.0,0.0,0.0,1.0,1.0,0.0,12.0,0.0,1.0,0.0,5.0,0.0,5.0,0.0,0.0,0.0,0.0,0.0,0.0,0.0,6.0,0.0,1.0,0.0,1.0,0.0,1.0,0.0,0.0,0.0,0.0,0.0,0.0,0.0,2.0,2.0,0.0,0.0,6.0,0.0,0.0,0.0,0.0,4.0,3.0,0.0,0.0,5.0,0.0,0.0,0.0,0.0,0.0,1.0,0.0,0.0,0.0,1.0,0.0,0.0,1.0,0.0,1.0,13.0,0.0,9.0,0.0,0.0,0.0,0.0,0.0,0.0,0.0,0.0,6.0,0.0,0.0,0.0,0.0,0.0,0.0,0.0,0.0,0.0,0.0,3.0,0.0,0.0,0.0,2.0,0.0,0.0,1.0,0.0,0.0,0.0,0.0,0.0,0.0,0.0,0.0,0.0,0.0,0.0,0.0,0.0,0.0,0.0,0.0,0.0,0.0,0.0,0.0,0.0,0.0,0.0,0.0,0.0,0.0,0.0,0.0,0.0,0.0,0.0,0.0,0.0,1.0,0.0,1.0,0.0,0.0,0.0,0.0,0.0,0.0,0.0,1.0,0.0,0.0,0.0,0.0,5.0,5.0,2.0,0.0,1.0,0.0,0.0,0.0,0.0,0.0,0.0,0.0,0.0,1.0,1.0,12.0,1.0,0.0,3.0,14.0,14.0,8.0,13.0
CHEMBL3237898,IC50,890.0,30.0,7.0,4.0,0.0,0.0,2.0,2.0,0.0,42.0,10.0,4.0,0.0,0.0,4.0,4.0,1.0,2.0,0.0,0.0,0.0,0.0,0.0,41.0,13.0,8.0,0.0,0.0,4.0,4.0,0.0,1.0,38.0,11.0,8.0,0.0,0.0,4.0,4.0,2.0,0.0,0.0,0.0,38.0,10.0,10.0,0.0,0.0,2.0,2.0,0.0,0.0,0.0,2.0,2.0,0.0,41.0,11.0,7.0,0.0,0.0,2.0,2.0,0.0,0.0,0.0,2.0,2.0,2.0,2.0,0.0,0.0,0.0,46.0,5.0,9.0,0.0,0.0,6.0,6.0,0.0,0.0,0.0,0.0,0.0,40.0,1.0,8.0,0.0,0.0,6.0,6.0,1.0,1.0,0.0,0.0,0.0,38.0,4.0,5.0,0.0,0.0,6.0,6.0,0.0,0.0,0.0,0.0,0.0,0.0,0.0,31.0,4.0,5.0,0.0,0.0,6.0,6.0,1.0,2.0,0.0,0.0,1.0,0.0,0.0,2.0,1.0,0.0,0.0,7.0,3.0,0.0,0.0,0.0,3.0,0.0,1.0,1.0,4.0,1.0,0.0,1.0,0.0,0.0,1.0,2.0,3.0,0.0,1.0,0.0,2.0,0.0,0.0,1.0,19.0,3.0,15.0,1.0,0.0,5.0,1.0,2.0,1.0,0.0,2.0,16.0,0.0,0.0,0.0,2.0,11.0,7.0,4.0,2.0,1.0,3.0,14.0,0.0,0.0,0.0,14.0,0.0,0.0,9.0,6.0,7.0,3.0,7.0,8.0,4.0,2.0,6.0,3.0,4.0,1.0,7.0,4.0,5.0,9.0,3.0,0.0,4.0,5.0,0.0,0.0,0.0,1.0,2.0,2.0,6.0,4.0,2.0,2.0,3.0,0.0,0.0,0.0,1.0,0.0,0.0,3.0,2.0,0.0,0.0,1.0,0.0,0.0,4.0,0.0,0.0,0.0,0.0,4.0,5.0,2.0,0.0,0.0,0.0,0.0,3.0,0.0,1.0,0.0,2.0,2.0,0.0,0.0,12.0,2.0,5.0,11.0,19.0,19.0,10.0,22.0
CHEMBL3237901,IC50,720.0,30.0,7.0,4.0,0.0,3.0,0.0,3.0,0.0,42.0,11.0,4.0,0.0,3.0,0.0,3.0,1.0,2.0,0.0,0.0,3.0,3.0,3.0,43.0,13.0,8.0,0.0,6.0,0.0,6.0,0.0,1.0,41.0,12.0,9.0,0.0,6.0,0.0,6.0,2.0,0.0,0.0,0.0,41.0,10.0,10.0,0.0,6.0,0.0,6.0,0.0,0.0,0.0,0.0,0.0,0.0,42.0,12.0,8.0,0.0,3.0,0.0,3.0,0.0,0.0,3.0,0.0,3.0,2.0,0.0,0.0,0.0,0.0,49.0,2.0,7.0,0.0,3.0,0.0,3.0,1.0,1.0,3.0,3.0,0.0,42.0,4.0,10.0,0.0,9.0,0.0,9.0,0.0,0.0,0.0,0.0,0.0,36.0,4.0,5.0,0.0,12.0,0.0,12.0,1.0,2.0,0.0,0.0,1.0,0.0,0.0,30.0,5.0,6.0,0.0,9.0,0.0,9.0,0.0,0.0,0.0,0.0,0.0,0.0,0.0,2.0,1.0,0.0,0.0,6.0,2.0,0.0,0.0,0.0,3.0,0.0,1.0,1.0,4.0,1.0,0.0,1.0,0.0,0.0,1.0,3.0,3.0,0.0,1.0,0.0,0.0,3.0,0.0,1.0,19.0,3.0,14.0,1.0,0.0,5.0,0.0,2.0,1.0,0.0,2.0,15.0,0.0,0.0,0.0,2.0,11.0,7.0,4.0,2.0,1.0,2.0,14.0,0.0,0.0,0.0,14.0,0.0,0.0,9.0,6.0,7.0,3.0,7.0,8.0,4.0,2.0,5.0,2.0,3.0,1.0,7.0,4.0,5.0,9.0,3.0,0.0,4.0,5.0,0.0,0.0,0.0,1.0,0.0,0.0,6.0,4.0,2.0,2.0,3.0,0.0,0.0,0.0,1.0,0.0,3.0,3.0,2.0,0.0,0.0,1.0,0.0,0.0,4.0,0.0,0.0,0.0,0.0,4.0,5.0,1.0,3.0,0.0,0.0,0.0,3.0,0.0,1.0,0.0,2.0,0.0,0.0,0.0,12.0,2.0,5.0,11.0,18.0,18.0,10.0,23.0
CHEMBL504245,IC50,9.0,31.0,8.0,5.0,0.0,3.0,0.0,3.0,0.0,42.0,8.0,5.0,0.0,3.0,0.0,3.0,1.0,3.0,0.0,0.0,3.0,3.0,3.0,39.0,14.0,8.0,0.0,6.0,0.0,6.0,0.0,1.0,32.0,15.0,9.0,0.0,9.0,0.0,9.0,2.0,0.0,0.0,0.0,35.0,11.0,11.0,0.0,3.0,0.0,3.0,0.0,0.0,6.0,0.0,6.0,1.0,37.0,9.0,10.0,0.0,3.0,0.0,3.0,1.0,0.0,0.0,0.0,0.0,2.0,0.0,0.0,0.0,0.0,41.0,6.0,9.0,0.0,0.0,0.0,0.0,1.0,1.0,3.0,3.0,0.0,40.0,7.0,10.0,0.0,6.0,0.0,6.0,1.0,1.0,0.0,0.0,0.0,40.0,7.0,7.0,0.0,9.0,0.0,9.0,1.0,2.0,0.0,0.0,1.0,0.0,0.0,37.0,9.0,7.0,0.0,12.0,0.0,12.0,0.0,1.0,0.0,0.0,0.0,0.0,0.0,2.0,0.0,0.0,1.0,7.0,3.0,1.0,0.0,0.0,4.0,3.0,1.0,0.0,0.0,2.0,0.0,2.0,0.0,0.0,2.0,1.0,3.0,0.0,2.0,1.0,0.0,3.0,0.0,2.0,14.0,3.0,8.0,0.0,0.0,0.0,1.0,0.0,0.0,0.0,1.0,7.0,0.0,0.0,0.0,0.0,0.0,0.0,0.0,0.0,1.0,2.0,6.0,0.0,0.0,2.0,6.0,0.0,0.0,1.0,0.0,0.0,0.0,0.0,0.0,0.0,0.0,1.0,0.0,1.0,1.0,1.0,0.0,0.0,1.0,0.0,0.0,1.0,0.0,0.0,0.0,0.0,3.0,0.0,0.0,5.0,2.0,0.0,0.0,2.0,3.0,0.0,1.0,2.0,0.0,3.0,4.0,3.0,0.0,0.0,1.0,0.0,1.0,5.0,0.0,0.0,0.0,1.0,0.0,5.0,1.0,3.0,1.0,0.0,0.0,2.0,0.0,1.0,0.0,2.0,0.0,0.0,0.0,18.0,0.0,2.0,13.0,17.0,17.0,13.0,27.0
CHEMBL519903,IC50,51.0,29.0,7.0,5.0,0.0,0.0,2.0,2.0,0.0,38.0,7.0,5.0,0.0,0.0,4.0,4.0,1.0,3.0,0.0,0.0,0.0,0.0,0.0,34.0,12.0,8.0,0.0,0.0,4.0,4.0,0.0,1.0,30.0,11.0,9.0,0.0,0.0,2.0,2.0,2.0,0.0,2.0,0.0,34.0,9.0,11.0,0.0,0.0,2.0,2.0,0.0,0.0,0.0,0.0,0.0,1.0,36.0,8.0,9.0,0.0,0.0,0.0,0.0,0.0,0.0,0.0,2.0,2.0,2.0,2.0,0.0,0.0,0.0,39.0,4.0,8.0,0.0,0.0,4.0,4.0,1.0,1.0,0.0,0.0,0.0,35.0,7.0,10.0,0.0,0.0,6.0,6.0,0.0,0.0,0.0,0.0,0.0,33.0,5.0,7.0,0.0,0.0,8.0,8.0,1.0,2.0,0.0,0.0,1.0,0.0,0.0,30.0,6.0,7.0,0.0,0.0,6.0,6.0,0.0,1.0,0.0,0.0,0.0,0.0,0.0,1.0,0.0,0.0,1.0,6.0,1.0,1.0,0.0,0.0,3.0,2.0,1.0,0.0,0.0,2.0,0.0,2.0,0.0,0.0,2.0,0.0,3.0,0.0,2.0,0.0,2.0,0.0,0.0,2.0,12.0,3.0,7.0,0.0,0.0,0.0,0.0,0.0,0.0,0.0,1.0,5.0,0.0,0.0,0.0,0.0,0.0,0.0,0.0,0.0,1.0,1.0,3.0,0.0,0.0,1.0,2.0,0.0,0.0,1.0,0.0,0.0,0.0,0.0,0.0,0.0,0.0,1.0,0.0,1.0,1.0,1.0,0.0,0.0,1.0,0.0,0.0,1.0,0.0,0.0,0.0,0.0,3.0,2.0,2.0,5.0,2.0,0.0,0.0,2.0,3.0,0.0,1.0,2.0,0.0,0.0,3.0,3.0,0.0,0.0,1.0,0.0,1.0,5.0,0.0,0.0,0.0,1.0,0.0,4.0,0.0,0.0,1.0,0.0,0.0,2.0,0.0,1.0,0.0,2.0,2.0,0.0,0.0,18.0,0.0,4.0,12.0,15.0,15.0,12.0,27.0
CHEMBL152103,IC50,33.5,24.0,4.0,5.0,0.0,3.0,1.0,4.0,1.0,30.0,7.0,6.0,0.0,3.0,2.0,5.0,0.0,2.0,0.0,0.0,3.0,3.0,3.0,26.0,9.0,9.0,0.0,6.0,2.0,8.0,0.0,1.0,18.0,10.0,8.0,0.0,6.0,2.0,8.0,2.0,0.0,0.0,0.0,16.0,11.0,8.0,0.0,3.0,0.0,3.0,0.0,1.0,0.0,1.0,1.0,0.0,19.0,5.0,7.0,0.0,3.0,0.0,3.0,1.0,1.0,0.0,1.0,1.0,2.0,0.0,0.0,0.0,0.0,23.0,2.0,7.0,0.0,3.0,1.0,4.0,1.0,1.0,0.0,0.0,1.0,23.0,4.0,7.0,0.0,3.0,1.0,4.0,0.0,1.0,0.0,0.0,0.0,22.0,3.0,5.0,0.0,0.0,2.0,2.0,0.0,2.0,3.0,3.0,0.0,3.0,3.0,18.0,4.0,7.0,0.0,3.0,2.0,5.0,0.0,0.0,0.0,0.0,0.0,0.0,1.0,0.0,0.0,0.0,0.0,2.0,0.0,0.0,0.0,0.0,1.0,0.0,0.0,1.0,1.0,2.0,0.0,2.0,0.0,0.0,1.0,1.0,2.0,0.0,1.0,2.0,1.0,3.0,1.0,1.0,7.0,2.0,2.0,1.0,0.0,0.0,0.0,0.0,0.0,0.0,1.0,1.0,1.0,0.0,0.0,0.0,0.0,0.0,0.0,0.0,1.0,1.0,0.0,0.0,0.0,1.0,0.0,0.0,0.0,0.0,0.0,0.0,0.0,0.0,0.0,0.0,0.0,1.0,0.0,0.0,0.0,1.0,0.0,0.0,0.0,0.0,0.0,0.0,0.0,0.0,0.0,0.0,0.0,1.0,1.0,2.0,0.0,0.0,0.0,0.0,1.0,0.0,0.0,1.0,1.0,3.0,3.0,2.0,0.0,0.0,0.0,0.0,0.0,4.0,1.0,0.0,0.0,0.0,0.0,2.0,0.0,3.0,0.0,0.0,0.0,3.0,0.0,1.0,0.0,2.0,1.0,0.0,0.0,18.0,0.0,4.0,9.0,10.0,10.0,11.0,24.0
CHEMBL140209,IC50,6000.0,20.0,2.0,1.0,0.0,1.0,0.0,1.0,0.0,27.0,4.0,1.0,0.0,2.0,0.0,2.0,0.0,0.0,0.0,0.0,0.0,0.0,0.0,29.0,7.0,2.0,0.0,2.0,0.0,2.0,0.0,0.0,36.0,2.0,3.0,0.0,1.0,0.0,1.0,1.0,0.0,0.0,0.0,34.0,2.0,6.0,0.0,1.0,0.0,1.0,0.0,0.0,0.0,0.0,0.0,0.0,27.0,2.0,4.0,0.0,2.0,0.0,2.0,0.0,0.0,0.0,0.0,0.0,0.0,0.0,0.0,0.0,0.0,13.0,1.0,3.0,0.0,4.0,0.0,4.0,0.0,0.0,0.0,0.0,0.0,4.0,0.0,0.0,0.0,3.0,0.0,3.0,0.0,0.0,1.0,1.0,0.0,0.0,0.0,0.0,0.0,4.0,0.0,4.0,0.0,0.0,0.0,0.0,0.0,0.0,0.0,0.0,0.0,0.0,0.0,0.0,0.0,0.0,0.0,0.0,0.0,0.0,0.0,0.0,0.0,2.0,2.0,0.0,0.0,1.0,0.0,0.0,0.0,0.0,0.0,0.0,0.0,0.0,4.0,0.0,0.0,0.0,0.0,0.0,1.0,0.0,0.0,0.0,1.0,0.0,0.0,1.0,0.0,1.0,9.0,0.0,4.0,0.0,0.0,0.0,0.0,0.0,0.0,0.0,0.0,2.0,0.0,0.0,0.0,0.0,0.0,0.0,0.0,0.0,0.0,0.0,0.0,0.0,0.0,0.0,0.0,0.0,0.0,0.0,0.0,0.0,0.0,0.0,0.0,0.0,0.0,0.0,0.0,0.0,0.0,0.0,0.0,0.0,0.0,0.0,0.0,0.0,0.0,0.0,0.0,0.0,0.0,0.0,0.0,0.0,0.0,0.0,0.0,0.0,0.0,0.0,0.0,1.0,0.0,1.0,0.0,0.0,0.0,0.0,0.0,0.0,0.0,1.0,0.0,0.0,0.0,0.0,4.0,0.0,2.0,0.0,1.0,0.0,0.0,0.0,0.0,0.0,0.0,0.0,0.0,1.0,1.0,12.0,1.0,2.0,3.0,9.0,9.0,4.0,14.0
CHEMBL3656282,IC50,1100.0,28.0,9.0,2.0,0.0,0.0,2.0,2.0,3.0,38.0,15.0,2.0,0.0,0.0,4.0,4.0,4.0,2.0,0.0,0.0,0.0,0.0,0.0,38.0,13.0,6.0,0.0,0.0,4.0,4.0,2.0,1.0,38.0,17.0,9.0,0.0,0.0,4.0,4.0,0.0,0.0,0.0,0.0,48.0,15.0,7.0,0.0,0.0,2.0,2.0,0.0,2.0,0.0,2.0,2.0,0.0,55.0,12.0,7.0,0.0,0.0,2.0,2.0,0.0,2.0,0.0,2.0,2.0,0.0,2.0,0.0,0.0,0.0,55.0,13.0,5.0,0.0,0.0,6.0,6.0,1.0,1.0,0.0,0.0,0.0,42.0,11.0,4.0,0.0,0.0,6.0,6.0,0.0,0.0,0.0,0.0,0.0,36.0,9.0,4.0,0.0,0.0,10.0,10.0,1.0,2.0,0.0,0.0,1.0,0.0,0.0,22.0,10.0,6.0,0.0,0.0,6.0,6.0,2.0,0.0,0.0,0.0,0.0,0.0,0.0,2.0,1.0,0.0,0.0,4.0,2.0,0.0,0.0,0.0,1.0,0.0,1.0,0.0,6.0,1.0,0.0,1.0,0.0,0.0,0.0,2.0,2.0,0.0,1.0,0.0,2.0,0.0,0.0,0.0,17.0,2.0,12.0,1.0,0.0,5.0,0.0,2.0,1.0,0.0,1.0,13.0,0.0,0.0,0.0,1.0,4.0,0.0,2.0,1.0,0.0,2.0,7.0,0.0,0.0,1.0,5.0,0.0,0.0,0.0,0.0,0.0,0.0,0.0,3.0,5.0,3.0,3.0,2.0,2.0,0.0,6.0,4.0,5.0,8.0,3.0,0.0,3.0,5.0,0.0,0.0,0.0,0.0,2.0,2.0,6.0,4.0,2.0,2.0,3.0,0.0,0.0,0.0,0.0,0.0,0.0,3.0,2.0,0.0,0.0,0.0,0.0,0.0,2.0,0.0,0.0,0.0,0.0,6.0,3.0,1.0,0.0,0.0,0.0,0.0,2.0,0.0,1.0,0.0,2.0,2.0,3.0,4.0,17.0,6.0,5.0,11.0,18.0,18.0,12.0,23.0
CHEMBL152207,IC50,6.6,31.0,5.0,5.0,0.0,0.0,1.0,2.0,1.0,41.0,7.0,7.0,0.0,0.0,2.0,4.0,0.0,2.0,0.0,0.0,0.0,0.0,0.0,41.0,7.0,9.0,0.0,0.0,2.0,4.0,0.0,2.0,29.0,11.0,12.0,0.0,0.0,2.0,3.0,0.0,0.0,0.0,0.0,24.0,13.0,10.0,0.0,0.0,0.0,1.0,0.0,0.0,0.0,1.0,1.0,0.0,25.0,10.0,7.0,0.0,0.0,0.0,2.0,0.0,2.0,0.0,1.0,1.0,1.0,0.0,0.0,0.0,0.0,30.0,6.0,9.0,0.0,0.0,1.0,3.0,0.0,2.0,0.0,0.0,0.0,33.0,4.0,11.0,0.0,0.0,1.0,1.0,0.0,0.0,0.0,1.0,0.0,34.0,1.0,6.0,0.0,0.0,2.0,3.0,1.0,1.0,0.0,0.0,1.0,0.0,0.0,29.0,2.0,6.0,0.0,0.0,3.0,4.0,1.0,1.0,0.0,0.0,0.0,0.0,1.0,0.0,0.0,0.0,0.0,4.0,0.0,0.0,0.0,0.0,1.0,0.0,0.0,1.0,0.0,1.0,0.0,1.0,0.0,0.0,1.0,0.0,2.0,0.0,1.0,1.0,1.0,0.0,1.0,1.0,9.0,2.0,4.0,1.0,0.0,0.0,0.0,0.0,0.0,0.0,1.0,1.0,0.0,0.0,0.0,0.0,0.0,0.0,0.0,0.0,0.0,1.0,0.0,0.0,0.0,1.0,0.0,0.0,0.0,0.0,0.0,0.0,0.0,0.0,0.0,0.0,0.0,1.0,1.0,1.0,0.0,3.0,3.0,3.0,6.0,2.0,0.0,2.0,3.0,0.0,0.0,2.0,1.0,1.0,1.0,4.0,3.0,2.0,0.0,2.0,0.0,0.0,2.0,1.0,1.0,0.0,3.0,2.0,0.0,0.0,0.0,0.0,1.0,4.0,0.0,0.0,0.0,0.0,0.0,1.0,0.0,0.0,0.0,0.0,0.0,3.0,0.0,0.0,0.0,2.0,1.0,0.0,0.0,22.0,1.0,6.0,10.0,11.0,11.0,9.0,29.0
CHEMBL156666,IC50,33.8,24.0,5.0,2.0,0.0,3.0,1.0,4.0,1.0,32.0,8.0,3.0,0.0,3.0,2.0,5.0,0.0,1.0,0.0,0.0,3.0,3.0,3.0,28.0,10.0,4.0,0.0,6.0,2.0,8.0,0.0,1.0,19.0,13.0,4.0,0.0,6.0,2.0,8.0,0.0,0.0,0.0,0.0,20.0,9.0,3.0,0.0,3.0,0.0,3.0,1.0,0.0,0.0,1.0,1.0,0.0,23.0,5.0,2.0,0.0,3.0,0.0,3.0,1.0,1.0,0.0,1.0,1.0,1.0,0.0,0.0,0.0,0.0,25.0,3.0,3.0,0.0,0.0,1.0,1.0,0.0,1.0,3.0,3.0,0.0,23.0,4.0,3.0,0.0,6.0,1.0,7.0,0.0,1.0,0.0,0.0,0.0,18.0,6.0,2.0,0.0,9.0,2.0,11.0,0.0,0.0,0.0,0.0,0.0,0.0,0.0,14.0,5.0,3.0,0.0,6.0,3.0,9.0,0.0,0.0,0.0,0.0,0.0,0.0,0.0,0.0,0.0,0.0,0.0,1.0,0.0,0.0,0.0,0.0,0.0,0.0,0.0,0.0,0.0,1.0,0.0,1.0,0.0,0.0,1.0,1.0,1.0,0.0,1.0,1.0,1.0,3.0,0.0,1.0,4.0,1.0,0.0,0.0,0.0,0.0,0.0,0.0,0.0,0.0,0.0,0.0,0.0,0.0,0.0,0.0,0.0,0.0,0.0,0.0,0.0,0.0,0.0,0.0,0.0,0.0,0.0,0.0,0.0,0.0,0.0,0.0,0.0,0.0,0.0,0.0,0.0,0.0,0.0,0.0,0.0,0.0,0.0,0.0,0.0,0.0,0.0,0.0,0.0,0.0,0.0,0.0,0.0,1.0,1.0,1.0,0.0,0.0,0.0,0.0,0.0,0.0,0.0,0.0,0.0,3.0,2.0,1.0,0.0,0.0,0.0,0.0,0.0,2.0,0.0,0.0,0.0,0.0,0.0,0.0,0.0,3.0,0.0,0.0,0.0,2.0,0.0,0.0,0.0,2.0,1.0,0.0,1.0,21.0,1.0,4.0,7.0,6.0,6.0,7.0,25.0
CHEMBL179281,IC50,181.0,19.0,3.0,1.0,2.0,0.0,0.0,0.0,0.0,27.0,3.0,1.0,3.0,0.0,0.0,0.0,0.0,1.0,0.0,0.0,0.0,0.0,0.0,26.0,7.0,3.0,4.0,0.0,0.0,0.0,0.0,0.0,21.0,6.0,3.0,3.0,0.0,0.0,0.0,0.0,0.0,0.0,0.0,17.0,5.0,3.0,5.0,0.0,0.0,0.0,0.0,0.0,0.0,0.0,0.0,0.0,20.0,3.0,2.0,3.0,0.0,0.0,0.0,0.0,1.0,0.0,0.0,0.0,0.0,0.0,0.0,0.0,0.0,18.0,6.0,2.0,0.0,0.0,0.0,0.0,0.0,0.0,0.0,0.0,0.0,13.0,6.0,1.0,0.0,0.0,0.0,0.0,0.0,0.0,0.0,0.0,0.0,10.0,1.0,3.0,0.0,0.0,0.0,0.0,0.0,0.0,0.0,0.0,0.0,0.0,0.0,9.0,0.0,1.0,0.0,0.0,0.0,0.0,0.0,0.0,0.0,0.0,0.0,0.0,0.0,2.0,0.0,0.0,1.0,6.0,4.0,2.0,2.0,0.0,1.0,0.0,0.0,0.0,5.0,1.0,0.0,1.0,1.0,0.0,0.0,1.0,1.0,0.0,0.0,0.0,0.0,0.0,0.0,0.0,16.0,1.0,13.0,1.0,0.0,6.0,0.0,0.0,0.0,0.0,1.0,16.0,2.0,0.0,0.0,3.0,15.0,8.0,0.0,0.0,2.0,0.0,15.0,2.0,2.0,0.0,6.0,0.0,0.0,1.0,0.0,0.0,0.0,0.0,0.0,2.0,0.0,2.0,0.0,0.0,0.0,1.0,0.0,0.0,0.0,0.0,0.0,0.0,0.0,0.0,0.0,0.0,0.0,0.0,0.0,1.0,0.0,0.0,0.0,0.0,0.0,0.0,0.0,0.0,0.0,0.0,2.0,1.0,0.0,0.0,0.0,0.0,0.0,1.0,0.0,0.0,0.0,0.0,5.0,6.0,2.0,0.0,0.0,0.0,0.0,1.0,0.0,1.0,0.0,0.0,0.0,0.0,1.0,5.0,1.0,0.0,6.0,17.0,17.0,7.0,9.0
CHEMBL503919,IC50,85.0,28.0,9.0,3.0,2.0,0.0,2.0,2.0,3.0,38.0,8.0,5.0,1.0,0.0,4.0,4.0,6.0,1.0,0.0,0.0,0.0,0.0,0.0,32.0,14.0,7.0,3.0,0.0,4.0,4.0,2.0,0.0,31.0,15.0,4.0,5.0,0.0,3.0,3.0,2.0,0.0,1.0,0.0,36.0,15.0,1.0,6.0,0.0,4.0,4.0,0.0,3.0,0.0,0.0,0.0,0.0,36.0,16.0,3.0,4.0,0.0,4.0,4.0,0.0,0.0,0.0,1.0,1.0,0.0,0.0,0.0,0.0,0.0,37.0,10.0,1.0,1.0,0.0,7.0,7.0,1.0,2.0,0.0,0.0,0.0,33.0,11.0,6.0,2.0,0.0,5.0,5.0,0.0,0.0,0.0,0.0,0.0,35.0,7.0,5.0,2.0,0.0,4.0,4.0,3.0,1.0,0.0,0.0,0.0,0.0,0.0,31.0,11.0,7.0,3.0,0.0,3.0,3.0,2.0,0.0,0.0,1.0,0.0,0.0,0.0,0.0,0.0,0.0,0.0,1.0,0.0,0.0,0.0,0.0,0.0,0.0,0.0,0.0,0.0,1.0,0.0,1.0,0.0,0.0,0.0,0.0,1.0,0.0,2.0,1.0,2.0,0.0,1.0,0.0,2.0,1.0,0.0,0.0,0.0,0.0,0.0,0.0,0.0,0.0,0.0,0.0,0.0,0.0,0.0,0.0,0.0,0.0,0.0,0.0,0.0,0.0,0.0,0.0,0.0,0.0,0.0,0.0,0.0,0.0,0.0,0.0,0.0,0.0,0.0,0.0,0.0,0.0,0.0,0.0,0.0,0.0,0.0,0.0,0.0,0.0,0.0,0.0,0.0,0.0,0.0,0.0,0.0,2.0,2.0,2.0,0.0,0.0,0.0,0.0,1.0,0.0,0.0,0.0,0.0,0.0,2.0,1.0,0.0,0.0,0.0,0.0,0.0,2.0,0.0,0.0,0.0,0.0,0.0,0.0,0.0,0.0,0.0,0.0,0.0,1.0,0.0,1.0,0.0,2.0,2.0,4.0,6.0,34.0,6.0,2.0,14.0,6.0,6.0,9.0,32.0
CHEMBL3656287,IC50,5900.0,24.0,9.0,2.0,0.0,1.0,0.0,1.0,3.0,34.0,12.0,2.0,0.0,2.0,0.0,2.0,6.0,2.0,0.0,0.0,0.0,0.0,0.0,34.0,11.0,6.0,0.0,2.0,0.0,2.0,2.0,1.0,32.0,15.0,8.0,0.0,2.0,0.0,2.0,2.0,0.0,0.0,0.0,37.0,17.0,6.0,0.0,1.0,0.0,1.0,0.0,2.0,1.0,0.0,1.0,0.0,42.0,14.0,5.0,0.0,1.0,0.0,1.0,0.0,0.0,1.0,0.0,1.0,0.0,1.0,0.0,0.0,0.0,39.0,11.0,5.0,0.0,3.0,0.0,3.0,1.0,1.0,0.0,0.0,0.0,26.0,9.0,4.0,0.0,2.0,0.0,2.0,0.0,0.0,0.0,0.0,0.0,24.0,8.0,4.0,0.0,3.0,0.0,3.0,3.0,2.0,0.0,0.0,1.0,0.0,0.0,17.0,13.0,5.0,0.0,3.0,0.0,3.0,2.0,0.0,0.0,0.0,0.0,0.0,0.0,1.0,0.0,0.0,0.0,2.0,1.0,0.0,0.0,0.0,1.0,0.0,0.0,0.0,5.0,1.0,0.0,1.0,0.0,0.0,0.0,2.0,2.0,0.0,1.0,0.0,0.0,1.0,0.0,0.0,13.0,2.0,9.0,1.0,0.0,4.0,0.0,2.0,1.0,0.0,1.0,9.0,0.0,0.0,0.0,1.0,3.0,0.0,0.0,0.0,0.0,2.0,4.0,0.0,0.0,1.0,3.0,0.0,0.0,0.0,0.0,0.0,0.0,0.0,3.0,1.0,1.0,1.0,1.0,1.0,0.0,6.0,4.0,5.0,8.0,3.0,0.0,3.0,5.0,0.0,0.0,0.0,0.0,0.0,0.0,5.0,3.0,2.0,2.0,2.0,0.0,0.0,0.0,0.0,0.0,1.0,3.0,2.0,0.0,0.0,0.0,0.0,0.0,2.0,0.0,0.0,0.0,0.0,5.0,2.0,0.0,0.0,0.0,0.0,0.0,2.0,0.0,1.0,0.0,2.0,0.0,3.0,4.0,17.0,6.0,5.0,11.0,14.0,14.0,9.0,22.0
CHEMBL158330,IC50,50.0,24.0,3.0,8.0,0.0,0.0,0.0,0.0,1.0,32.0,6.0,12.0,0.0,0.0,0.0,0.0,0.0,1.0,0.0,0.0,0.0,0.0,0.0,29.0,8.0,16.0,0.0,0.0,0.0,0.0,0.0,2.0,20.0,10.0,19.0,0.0,0.0,0.0,0.0,0.0,0.0,0.0,3.0,23.0,6.0,13.0,0.0,0.0,0.0,0.0,1.0,3.0,0.0,0.0,0.0,0.0,24.0,4.0,7.0,0.0,0.0,0.0,0.0,1.0,6.0,0.0,0.0,0.0,3.0,0.0,0.0,0.0,0.0,24.0,4.0,10.0,0.0,0.0,0.0,0.0,0.0,4.0,0.0,0.0,0.0,26.0,3.0,9.0,0.0,0.0,0.0,0.0,0.0,0.0,0.0,0.0,2.0,22.0,5.0,12.0,0.0,0.0,0.0,0.0,0.0,0.0,0.0,0.0,1.0,0.0,0.0,18.0,6.0,17.0,0.0,0.0,0.0,0.0,0.0,0.0,0.0,0.0,0.0,0.0,0.0,1.0,1.0,0.0,0.0,1.0,0.0,0.0,0.0,0.0,0.0,0.0,0.0,0.0,4.0,1.0,0.0,1.0,0.0,0.0,1.0,0.0,1.0,0.0,1.0,1.0,0.0,0.0,3.0,1.0,8.0,1.0,2.0,0.0,0.0,0.0,1.0,0.0,0.0,0.0,0.0,1.0,0.0,0.0,0.0,0.0,0.0,0.0,0.0,0.0,0.0,2.0,0.0,0.0,0.0,0.0,0.0,0.0,0.0,0.0,0.0,0.0,0.0,0.0,0.0,0.0,0.0,0.0,0.0,0.0,0.0,0.0,0.0,0.0,0.0,0.0,0.0,0.0,0.0,0.0,0.0,0.0,0.0,0.0,0.0,1.0,0.0,0.0,0.0,0.0,0.0,0.0,0.0,3.0,3.0,0.0,3.0,1.0,0.0,0.0,0.0,0.0,0.0,7.0,0.0,0.0,0.0,0.0,2.0,0.0,1.0,0.0,0.0,0.0,0.0,2.0,0.0,0.0,0.0,2.0,0.0,0.0,0.0,18.0,0.0,6.0,11.0,11.0,11.0,11.0,23.0
CHEMBL345713,IC50,22.3,25.0,6.0,2.0,0.0,3.0,0.0,3.0,1.0,34.0,9.0,3.0,0.0,3.0,0.0,3.0,0.0,1.0,0.0,0.0,3.0,3.0,3.0,30.0,12.0,5.0,0.0,6.0,0.0,6.0,0.0,1.0,21.0,15.0,4.0,0.0,6.0,0.0,6.0,1.0,0.0,0.0,0.0,20.0,12.0,4.0,0.0,3.0,0.0,3.0,1.0,0.0,0.0,0.0,0.0,0.0,23.0,6.0,2.0,0.0,3.0,0.0,3.0,2.0,2.0,0.0,0.0,0.0,1.0,0.0,0.0,0.0,0.0,26.0,3.0,3.0,0.0,0.0,0.0,0.0,1.0,1.0,3.0,3.0,0.0,24.0,5.0,3.0,0.0,6.0,0.0,6.0,0.0,1.0,0.0,0.0,0.0,20.0,7.0,2.0,0.0,9.0,0.0,9.0,0.0,0.0,0.0,0.0,0.0,0.0,0.0,17.0,7.0,3.0,0.0,6.0,0.0,6.0,0.0,0.0,0.0,0.0,0.0,0.0,0.0,0.0,0.0,0.0,0.0,1.0,0.0,0.0,0.0,0.0,0.0,0.0,0.0,0.0,0.0,1.0,0.0,1.0,0.0,0.0,1.0,1.0,1.0,0.0,1.0,1.0,0.0,3.0,0.0,1.0,5.0,1.0,0.0,0.0,0.0,0.0,0.0,0.0,0.0,0.0,0.0,0.0,0.0,0.0,0.0,0.0,0.0,0.0,0.0,0.0,0.0,0.0,0.0,0.0,0.0,0.0,0.0,0.0,0.0,0.0,0.0,0.0,0.0,0.0,0.0,0.0,0.0,0.0,0.0,0.0,0.0,0.0,0.0,0.0,0.0,0.0,0.0,0.0,0.0,0.0,0.0,0.0,0.0,0.0,0.0,1.0,0.0,0.0,0.0,0.0,0.0,0.0,0.0,0.0,0.0,3.0,3.0,1.0,0.0,0.0,0.0,0.0,0.0,2.0,0.0,0.0,0.0,0.0,0.0,0.0,0.0,3.0,0.0,0.0,0.0,2.0,0.0,0.0,0.0,2.0,0.0,0.0,1.0,21.0,1.0,4.0,8.0,6.0,6.0,7.0,25.0
CHEMBL155021,IC50,357.0,21.0,2.0,2.0,2.0,0.0,1.0,1.0,1.0,26.0,4.0,7.0,4.0,0.0,2.0,2.0,0.0,1.0,0.0,0.0,0.0,0.0,0.0,25.0,6.0,12.0,3.0,0.0,2.0,2.0,0.0,1.0,19.0,9.0,10.0,3.0,0.0,2.0,2.0,0.0,0.0,0.0,0.0,17.0,9.0,9.0,2.0,0.0,0.0,0.0,0.0,0.0,0.0,1.0,1.0,0.0,17.0,5.0,6.0,0.0,0.0,0.0,0.0,0.0,1.0,0.0,1.0,1.0,1.0,0.0,0.0,0.0,0.0,17.0,2.0,3.0,0.0,0.0,1.0,1.0,0.0,3.0,0.0,0.0,0.0,15.0,3.0,4.0,1.0,0.0,1.0,1.0,0.0,2.0,0.0,0.0,0.0,16.0,2.0,4.0,1.0,0.0,2.0,2.0,0.0,0.0,0.0,0.0,0.0,0.0,0.0,14.0,0.0,5.0,2.0,0.0,3.0,3.0,0.0,0.0,0.0,0.0,2.0,0.0,0.0,1.0,1.0,0.0,0.0,0.0,0.0,0.0,0.0,0.0,0.0,0.0,0.0,0.0,2.0,1.0,0.0,1.0,0.0,0.0,1.0,0.0,1.0,0.0,0.0,1.0,1.0,0.0,0.0,1.0,5.0,1.0,2.0,0.0,0.0,0.0,0.0,0.0,0.0,0.0,0.0,1.0,0.0,0.0,0.0,0.0,0.0,0.0,0.0,0.0,0.0,0.0,0.0,0.0,0.0,0.0,0.0,0.0,0.0,0.0,0.0,0.0,0.0,0.0,0.0,0.0,0.0,0.0,0.0,0.0,0.0,0.0,0.0,0.0,0.0,0.0,0.0,0.0,0.0,0.0,0.0,0.0,0.0,1.0,1.0,1.0,0.0,0.0,0.0,0.0,0.0,0.0,0.0,0.0,0.0,0.0,2.0,1.0,0.0,0.0,0.0,0.0,0.0,4.0,0.0,0.0,0.0,0.0,2.0,0.0,0.0,0.0,0.0,0.0,0.0,2.0,0.0,0.0,0.0,2.0,1.0,0.0,0.0,16.0,0.0,8.0,6.0,7.0,7.0,6.0,21.0
CHEMBL159093,IC50,180.0,21.0,2.0,10.0,0.0,3.0,1.0,4.0,1.0,28.0,4.0,12.0,0.0,0.0,2.0,2.0,0.0,1.0,3.0,3.0,3.0,3.0,3.0,25.0,6.0,14.0,0.0,3.0,2.0,5.0,0.0,1.0,17.0,8.0,16.0,0.0,6.0,2.0,8.0,0.0,0.0,0.0,1.0,21.0,6.0,10.0,0.0,6.0,0.0,6.0,0.0,2.0,0.0,1.0,1.0,0.0,23.0,4.0,6.0,0.0,3.0,0.0,3.0,0.0,4.0,0.0,1.0,1.0,2.0,0.0,0.0,0.0,0.0,23.0,3.0,10.0,0.0,3.0,1.0,4.0,0.0,2.0,0.0,0.0,0.0,23.0,2.0,9.0,0.0,0.0,1.0,1.0,0.0,0.0,0.0,0.0,2.0,18.0,3.0,10.0,0.0,3.0,2.0,5.0,0.0,0.0,0.0,0.0,3.0,0.0,0.0,13.0,4.0,14.0,0.0,6.0,2.0,8.0,0.0,0.0,0.0,0.0,0.0,0.0,0.0,0.0,0.0,0.0,0.0,1.0,0.0,0.0,0.0,0.0,0.0,0.0,0.0,0.0,2.0,1.0,0.0,1.0,0.0,0.0,1.0,1.0,1.0,0.0,1.0,1.0,1.0,3.0,4.0,1.0,6.0,1.0,0.0,0.0,0.0,0.0,0.0,0.0,0.0,0.0,0.0,0.0,0.0,0.0,0.0,0.0,0.0,0.0,0.0,0.0,0.0,0.0,0.0,0.0,0.0,0.0,0.0,0.0,0.0,0.0,0.0,0.0,0.0,0.0,0.0,0.0,0.0,0.0,0.0,0.0,0.0,0.0,0.0,0.0,0.0,0.0,0.0,0.0,0.0,0.0,0.0,0.0,0.0,1.0,1.0,1.0,0.0,0.0,0.0,0.0,0.0,0.0,0.0,4.0,4.0,3.0,2.0,1.0,0.0,0.0,0.0,0.0,0.0,6.0,0.0,0.0,3.0,0.0,0.0,0.0,0.0,3.0,0.0,3.0,3.0,2.0,0.0,0.0,0.0,2.0,1.0,0.0,0.0,18.0,0.0,4.0,12.0,8.0,8.0,11.0,22.0
CHEMBL1644174,IC50,5300.0,24.0,7.0,3.0,0.0,3.0,0.0,3.0,4.0,32.0,11.0,3.0,0.0,0.0,0.0,0.0,5.0,1.0,3.0,3.0,3.0,3.0,3.0,30.0,13.0,5.0,0.0,3.0,0.0,3.0,2.0,0.0,28.0,15.0,3.0,0.0,6.0,0.0,6.0,2.0,0.0,0.0,0.0,30.0,15.0,1.0,0.0,6.0,0.0,6.0,0.0,3.0,0.0,0.0,0.0,0.0,30.0,15.0,2.0,0.0,3.0,0.0,3.0,0.0,1.0,0.0,0.0,0.0,0.0,0.0,0.0,0.0,0.0,33.0,10.0,3.0,0.0,0.0,0.0,0.0,0.0,0.0,3.0,3.0,0.0,30.0,8.0,4.0,0.0,3.0,0.0,3.0,0.0,0.0,3.0,3.0,0.0,23.0,5.0,4.0,0.0,6.0,0.0,6.0,2.0,2.0,0.0,0.0,0.0,0.0,0.0,14.0,11.0,7.0,0.0,6.0,0.0,6.0,0.0,0.0,0.0,0.0,0.0,0.0,0.0,1.0,0.0,0.0,0.0,6.0,2.0,0.0,0.0,0.0,4.0,3.0,0.0,0.0,0.0,1.0,0.0,1.0,0.0,0.0,0.0,1.0,1.0,0.0,2.0,0.0,0.0,3.0,1.0,0.0,9.0,1.0,6.0,0.0,0.0,0.0,0.0,0.0,0.0,0.0,0.0,6.0,0.0,0.0,0.0,0.0,0.0,0.0,0.0,0.0,0.0,0.0,6.0,0.0,0.0,0.0,6.0,0.0,0.0,1.0,0.0,0.0,0.0,0.0,0.0,0.0,0.0,0.0,0.0,0.0,0.0,0.0,0.0,0.0,0.0,0.0,0.0,0.0,0.0,0.0,0.0,0.0,0.0,0.0,0.0,1.0,0.0,0.0,0.0,0.0,0.0,0.0,0.0,1.0,1.0,3.0,1.0,1.0,0.0,0.0,0.0,0.0,0.0,2.0,0.0,0.0,3.0,0.0,0.0,6.0,1.0,3.0,0.0,3.0,3.0,1.0,0.0,1.0,0.0,2.0,0.0,4.0,6.0,22.0,6.0,2.0,10.0,13.0,13.0,8.0,22.0
CHEMBL1644196,IC50,2400.0,28.0,5.0,5.0,0.0,3.0,1.0,4.0,1.0,36.0,10.0,5.0,0.0,0.0,2.0,2.0,0.0,1.0,3.0,3.0,3.0,3.0,3.0,35.0,12.0,7.0,0.0,3.0,2.0,5.0,0.0,0.0,31.0,14.0,4.0,0.0,6.0,1.0,7.0,2.0,0.0,0.0,0.0,35.0,11.0,5.0,0.0,6.0,1.0,7.0,0.0,0.0,0.0,0.0,0.0,0.0,38.0,7.0,4.0,0.0,3.0,2.0,5.0,0.0,1.0,0.0,0.0,0.0,2.0,0.0,0.0,0.0,0.0,40.0,3.0,6.0,0.0,3.0,1.0,4.0,1.0,2.0,0.0,1.0,0.0,38.0,3.0,7.0,0.0,3.0,1.0,4.0,1.0,1.0,3.0,4.0,0.0,30.0,5.0,9.0,0.0,6.0,2.0,8.0,0.0,0.0,3.0,3.0,0.0,0.0,0.0,25.0,5.0,9.0,0.0,6.0,3.0,9.0,0.0,0.0,0.0,0.0,0.0,0.0,0.0,1.0,1.0,0.0,0.0,3.0,0.0,0.0,0.0,0.0,1.0,0.0,1.0,1.0,1.0,1.0,0.0,1.0,0.0,0.0,1.0,1.0,2.0,0.0,3.0,0.0,1.0,3.0,1.0,1.0,8.0,2.0,3.0,0.0,0.0,0.0,0.0,0.0,0.0,0.0,1.0,1.0,0.0,0.0,0.0,0.0,0.0,0.0,0.0,0.0,1.0,1.0,0.0,0.0,0.0,0.0,0.0,0.0,0.0,0.0,0.0,0.0,0.0,0.0,0.0,0.0,0.0,1.0,0.0,1.0,1.0,1.0,0.0,0.0,1.0,0.0,0.0,1.0,0.0,0.0,0.0,0.0,1.0,1.0,1.0,2.0,1.0,0.0,0.0,1.0,0.0,0.0,0.0,2.0,1.0,3.0,1.0,1.0,0.0,0.0,1.0,0.0,0.0,4.0,0.0,0.0,3.0,0.0,1.0,1.0,1.0,3.0,0.0,3.0,3.0,2.0,0.0,1.0,0.0,2.0,1.0,1.0,2.0,23.0,2.0,2.0,10.0,10.0,10.0,11.0,27.0
CHEMBL1643957,IC50,4200.0,24.0,7.0,3.0,0.0,3.0,0.0,3.0,4.0,31.0,12.0,3.0,0.0,0.0,0.0,0.0,5.0,1.0,3.0,3.0,3.0,3.0,3.0,30.0,13.0,5.0,0.0,3.0,0.0,3.0,2.0,0.0,27.0,16.0,3.0,0.0,6.0,0.0,6.0,2.0,0.0,0.0,0.0,30.0,15.0,2.0,0.0,6.0,0.0,6.0,0.0,2.0,0.0,0.0,0.0,0.0,32.0,13.0,2.0,0.0,3.0,0.0,3.0,0.0,1.0,0.0,0.0,0.0,0.0,0.0,0.0,0.0,0.0,33.0,10.0,2.0,0.0,3.0,0.0,3.0,0.0,1.0,0.0,0.0,0.0,30.0,7.0,3.0,0.0,3.0,0.0,3.0,1.0,1.0,3.0,3.0,0.0,22.0,7.0,5.0,0.0,3.0,0.0,3.0,1.0,1.0,3.0,3.0,0.0,0.0,0.0,15.0,8.0,7.0,0.0,6.0,0.0,6.0,2.0,0.0,0.0,0.0,0.0,0.0,0.0,1.0,0.0,0.0,0.0,6.0,2.0,0.0,0.0,0.0,4.0,3.0,0.0,0.0,0.0,1.0,0.0,1.0,0.0,0.0,0.0,1.0,1.0,0.0,2.0,0.0,0.0,3.0,1.0,0.0,9.0,1.0,6.0,0.0,0.0,0.0,0.0,0.0,0.0,0.0,0.0,6.0,0.0,0.0,0.0,0.0,0.0,0.0,0.0,0.0,0.0,0.0,6.0,0.0,0.0,0.0,6.0,0.0,0.0,1.0,0.0,0.0,0.0,0.0,0.0,0.0,0.0,0.0,0.0,0.0,0.0,0.0,0.0,0.0,0.0,0.0,0.0,0.0,0.0,0.0,0.0,0.0,0.0,0.0,0.0,1.0,0.0,0.0,0.0,0.0,0.0,0.0,0.0,1.0,1.0,3.0,1.0,1.0,0.0,0.0,0.0,0.0,0.0,2.0,0.0,0.0,3.0,0.0,0.0,6.0,0.0,3.0,0.0,3.0,3.0,1.0,0.0,1.0,0.0,2.0,0.0,4.0,6.0,22.0,6.0,2.0,10.0,13.0,13.0,8.0,22.0
CHEMBL1644172,IC50,2900.0,24.0,7.0,3.0,0.0,3.0,0.0,3.0,4.0,31.0,12.0,3.0,0.0,0.0,0.0,0.0,5.0,1.0,3.0,3.0,3.0,3.0,3.0,30.0,13.0,5.0,0.0,3.0,0.0,3.0,2.0,0.0,28.0,16.0,3.0,0.0,6.0,0.0,6.0,2.0,0.0,0.0,0.0,31.0,15.0,2.0,0.0,6.0,0.0,6.0,0.0,2.0,0.0,0.0,0.0,0.0,31.0,13.0,2.0,0.0,3.0,0.0,3.0,0.0,1.0,0.0,0.0,0.0,0.0,0.0,0.0,0.0,0.0,30.0,10.0,3.0,0.0,3.0,0.0,3.0,0.0,1.0,0.0,0.0,0.0,28.0,7.0,4.0,0.0,3.0,0.0,3.0,1.0,1.0,3.0,3.0,0.0,23.0,6.0,4.0,0.0,6.0,0.0,6.0,1.0,1.0,3.0,3.0,0.0,0.0,0.0,16.0,7.0,5.0,0.0,9.0,0.0,9.0,2.0,0.0,0.0,0.0,0.0,0.0,0.0,1.0,0.0,0.0,0.0,6.0,2.0,0.0,0.0,0.0,4.0,3.0,0.0,0.0,0.0,1.0,0.0,1.0,0.0,0.0,0.0,1.0,1.0,0.0,2.0,0.0,0.0,3.0,1.0,0.0,9.0,1.0,6.0,0.0,0.0,0.0,0.0,0.0,0.0,0.0,0.0,6.0,0.0,0.0,0.0,0.0,0.0,0.0,0.0,0.0,0.0,0.0,6.0,0.0,0.0,0.0,6.0,0.0,0.0,1.0,0.0,0.0,0.0,0.0,0.0,0.0,0.0,0.0,0.0,0.0,0.0,0.0,0.0,0.0,0.0,0.0,0.0,0.0,0.0,0.0,0.0,0.0,0.0,0.0,0.0,1.0,0.0,0.0,0.0,0.0,0.0,0.0,0.0,1.0,1.0,3.0,1.0,1.0,0.0,0.0,0.0,0.0,0.0,2.0,0.0,0.0,3.0,0.0,0.0,6.0,0.0,3.0,0.0,3.0,3.0,1.0,0.0,1.0,0.0,2.0,0.0,4.0,6.0,22.0,6.0,2.0,10.0,13.0,13.0,8.0,22.0
CHEMBL1644173,IC50,1200.0,26.0,5.0,5.0,0.0,3.0,0.0,3.0,1.0,33.0,10.0,5.0,0.0,0.0,0.0,0.0,0.0,1.0,3.0,3.0,3.0,3.0,3.0,31.0,12.0,7.0,0.0,3.0,0.0,3.0,0.0,0.0,30.0,11.0,4.0,0.0,6.0,0.0,6.0,2.0,0.0,0.0,0.0,33.0,9.0,4.0,0.0,6.0,0.0,6.0,0.0,1.0,0.0,0.0,0.0,0.0,34.0,7.0,4.0,0.0,3.0,0.0,3.0,0.0,1.0,0.0,0.0,0.0,2.0,0.0,0.0,0.0,0.0,36.0,4.0,7.0,0.0,0.0,0.0,0.0,0.0,0.0,3.0,3.0,0.0,32.0,4.0,8.0,0.0,3.0,0.0,3.0,0.0,0.0,3.0,3.0,0.0,25.0,1.0,6.0,0.0,6.0,0.0,6.0,2.0,2.0,0.0,0.0,0.0,0.0,0.0,17.0,5.0,9.0,0.0,6.0,0.0,6.0,0.0,0.0,0.0,0.0,0.0,0.0,0.0,1.0,0.0,0.0,0.0,8.0,2.0,0.0,0.0,0.0,5.0,3.0,1.0,1.0,0.0,1.0,0.0,1.0,0.0,0.0,1.0,1.0,2.0,0.0,2.0,0.0,0.0,3.0,1.0,1.0,12.0,2.0,8.0,0.0,0.0,0.0,0.0,0.0,0.0,0.0,1.0,7.0,0.0,0.0,0.0,0.0,0.0,0.0,0.0,0.0,1.0,0.0,6.0,0.0,0.0,0.0,6.0,0.0,0.0,1.0,0.0,0.0,0.0,0.0,0.0,0.0,0.0,1.0,0.0,1.0,1.0,1.0,0.0,0.0,1.0,0.0,0.0,1.0,0.0,0.0,0.0,0.0,1.0,0.0,0.0,2.0,1.0,0.0,0.0,1.0,0.0,0.0,0.0,2.0,1.0,3.0,1.0,1.0,0.0,0.0,1.0,0.0,0.0,4.0,0.0,0.0,3.0,0.0,0.0,7.0,1.0,3.0,0.0,3.0,3.0,2.0,0.0,1.0,0.0,2.0,0.0,1.0,2.0,17.0,2.0,2.0,10.0,14.0,14.0,10.0,21.0
CHEMBL1644197,IC50,430.0,26.0,7.0,3.0,0.0,3.0,1.0,4.0,4.0,35.0,11.0,3.0,0.0,0.0,2.0,2.0,5.0,1.0,3.0,3.0,3.0,3.0,3.0,34.0,13.0,5.0,0.0,3.0,2.0,5.0,2.0,0.0,29.0,18.0,3.0,0.0,6.0,1.0,7.0,2.0,0.0,0.0,0.0,32.0,17.0,2.0,0.0,6.0,1.0,7.0,0.0,2.0,0.0,0.0,0.0,0.0,34.0,15.0,2.0,0.0,3.0,2.0,5.0,0.0,1.0,0.0,0.0,0.0,0.0,0.0,0.0,0.0,0.0,37.0,9.0,2.0,0.0,3.0,1.0,4.0,1.0,2.0,0.0,1.0,0.0,36.0,7.0,3.0,0.0,3.0,1.0,4.0,1.0,1.0,3.0,4.0,0.0,29.0,6.0,7.0,0.0,6.0,2.0,8.0,2.0,0.0,3.0,3.0,0.0,0.0,0.0,24.0,5.0,7.0,0.0,6.0,3.0,9.0,4.0,0.0,0.0,0.0,0.0,0.0,0.0,1.0,1.0,0.0,0.0,1.0,0.0,0.0,0.0,0.0,0.0,0.0,0.0,0.0,1.0,1.0,0.0,1.0,0.0,0.0,0.0,1.0,1.0,0.0,3.0,0.0,1.0,3.0,1.0,0.0,5.0,1.0,1.0,0.0,0.0,0.0,0.0,0.0,0.0,0.0,0.0,0.0,0.0,0.0,0.0,0.0,0.0,0.0,0.0,0.0,0.0,1.0,0.0,0.0,0.0,0.0,0.0,0.0,0.0,0.0,0.0,0.0,0.0,0.0,0.0,0.0,0.0,0.0,0.0,0.0,0.0,0.0,0.0,0.0,0.0,0.0,0.0,0.0,0.0,0.0,0.0,0.0,0.0,1.0,1.0,1.0,0.0,0.0,0.0,0.0,0.0,0.0,0.0,1.0,1.0,3.0,1.0,1.0,0.0,0.0,0.0,0.0,0.0,2.0,0.0,0.0,3.0,0.0,1.0,0.0,1.0,3.0,0.0,3.0,3.0,1.0,0.0,1.0,0.0,2.0,1.0,4.0,6.0,28.0,6.0,2.0,10.0,9.0,9.0,9.0,28.0
CHEMBL1644202,IC50,2900.0,25.0,5.0,7.0,0.0,6.0,0.0,6.0,1.0,33.0,10.0,7.0,0.0,0.0,0.0,0.0,0.0,1.0,6.0,6.0,6.0,6.0,6.0,33.0,11.0,7.0,0.0,6.0,0.0,6.0,0.0,2.0,29.0,14.0,7.0,0.0,12.0,0.0,12.0,0.0,0.0,0.0,0.0,31.0,12.0,6.0,0.0,12.0,0.0,12.0,0.0,0.0,0.0,0.0,0.0,2.0,37.0,4.0,6.0,0.0,6.0,0.0,6.0,1.0,3.0,0.0,0.0,0.0,0.0,0.0,0.0,0.0,0.0,38.0,4.0,8.0,0.0,6.0,0.0,6.0,1.0,3.0,0.0,0.0,0.0,33.0,7.0,11.0,0.0,6.0,0.0,6.0,0.0,0.0,6.0,6.0,0.0,28.0,4.0,10.0,0.0,9.0,0.0,9.0,0.0,2.0,6.0,6.0,0.0,0.0,0.0,22.0,4.0,14.0,0.0,12.0,0.0,12.0,0.0,2.0,0.0,0.0,0.0,0.0,0.0,0.0,0.0,0.0,0.0,2.0,0.0,0.0,0.0,0.0,0.0,0.0,1.0,1.0,0.0,1.0,0.0,1.0,0.0,0.0,1.0,2.0,2.0,0.0,2.0,0.0,0.0,6.0,2.0,1.0,6.0,2.0,1.0,0.0,0.0,0.0,0.0,0.0,0.0,0.0,1.0,0.0,0.0,0.0,0.0,0.0,0.0,0.0,0.0,0.0,0.0,0.0,0.0,0.0,0.0,0.0,0.0,0.0,0.0,0.0,0.0,0.0,0.0,0.0,0.0,0.0,0.0,0.0,0.0,0.0,0.0,1.0,0.0,0.0,1.0,0.0,0.0,1.0,0.0,0.0,0.0,0.0,1.0,0.0,0.0,2.0,1.0,0.0,0.0,1.0,0.0,0.0,1.0,3.0,2.0,6.0,1.0,1.0,0.0,1.0,0.0,0.0,1.0,5.0,0.0,1.0,6.0,1.0,0.0,0.0,0.0,6.0,0.0,6.0,6.0,2.0,0.0,1.0,0.0,2.0,0.0,1.0,2.0,23.0,2.0,2.0,12.0,6.0,6.0,10.0,27.0
CHEMBL178768,IC50,129.0,23.0,6.0,1.0,2.0,0.0,2.0,2.0,0.0,30.0,8.0,1.0,3.0,0.0,4.0,4.0,0.0,1.0,0.0,0.0,0.0,0.0,0.0,30.0,11.0,3.0,4.0,0.0,5.0,5.0,0.0,0.0,29.0,9.0,3.0,2.0,0.0,2.0,2.0,0.0,0.0,1.0,0.0,30.0,8.0,3.0,4.0,0.0,3.0,3.0,0.0,0.0,0.0,0.0,0.0,0.0,33.0,3.0,2.0,5.0,0.0,4.0,4.0,1.0,1.0,0.0,1.0,1.0,0.0,0.0,0.0,0.0,0.0,30.0,5.0,2.0,2.0,0.0,4.0,4.0,1.0,0.0,0.0,0.0,0.0,21.0,8.0,0.0,2.0,0.0,5.0,5.0,0.0,1.0,0.0,0.0,0.0,16.0,7.0,2.0,1.0,0.0,4.0,4.0,0.0,0.0,0.0,0.0,0.0,0.0,0.0,13.0,6.0,3.0,0.0,0.0,2.0,2.0,0.0,0.0,0.0,1.0,0.0,0.0,0.0,3.0,1.0,0.0,1.0,6.0,4.0,2.0,2.0,0.0,1.0,0.0,0.0,0.0,4.0,1.0,0.0,1.0,1.0,0.0,0.0,0.0,1.0,0.0,0.0,1.0,2.0,0.0,0.0,0.0,15.0,1.0,10.0,1.0,0.0,1.0,0.0,2.0,0.0,0.0,1.0,8.0,2.0,0.0,0.0,0.0,2.0,1.0,1.0,0.0,2.0,0.0,5.0,2.0,2.0,0.0,1.0,0.0,0.0,0.0,0.0,0.0,0.0,0.0,0.0,2.0,0.0,3.0,1.0,0.0,0.0,5.0,4.0,4.0,8.0,0.0,0.0,0.0,4.0,0.0,0.0,0.0,0.0,2.0,2.0,4.0,3.0,0.0,4.0,0.0,0.0,0.0,0.0,0.0,0.0,0.0,3.0,1.0,0.0,0.0,0.0,0.0,0.0,1.0,0.0,0.0,0.0,0.0,4.0,5.0,1.0,0.0,0.0,0.0,0.0,1.0,0.0,1.0,0.0,0.0,2.0,0.0,1.0,11.0,1.0,0.0,9.0,18.0,18.0,9.0,16.0
CHEMBL107526,IC50,1200.0,19.0,2.0,3.0,0.0,0.0,0.0,0.0,1.0,24.0,4.0,5.0,0.0,0.0,0.0,0.0,0.0,1.0,0.0,0.0,0.0,0.0,0.0,21.0,6.0,7.0,0.0,0.0,0.0,0.0,0.0,1.0,12.0,9.0,7.0,0.0,0.0,0.0,0.0,0.0,0.0,0.0,0.0,8.0,9.0,5.0,0.0,0.0,0.0,0.0,0.0,0.0,0.0,0.0,0.0,0.0,9.0,5.0,2.0,0.0,0.0,0.0,0.0,0.0,2.0,0.0,0.0,0.0,1.0,0.0,0.0,0.0,0.0,13.0,1.0,3.0,0.0,0.0,0.0,0.0,0.0,2.0,0.0,0.0,0.0,15.0,0.0,5.0,0.0,0.0,0.0,0.0,0.0,0.0,0.0,0.0,0.0,15.0,0.0,3.0,0.0,0.0,0.0,0.0,0.0,0.0,0.0,0.0,1.0,0.0,0.0,11.0,0.0,4.0,0.0,0.0,0.0,0.0,0.0,0.0,0.0,0.0,0.0,0.0,0.0,0.0,0.0,0.0,0.0,0.0,0.0,0.0,0.0,0.0,0.0,0.0,0.0,0.0,0.0,1.0,0.0,1.0,0.0,0.0,2.0,0.0,1.0,0.0,1.0,0.0,0.0,0.0,0.0,2.0,2.0,1.0,0.0,0.0,0.0,0.0,0.0,0.0,0.0,0.0,0.0,0.0,0.0,0.0,0.0,0.0,0.0,0.0,0.0,0.0,0.0,0.0,0.0,0.0,0.0,0.0,0.0,0.0,0.0,0.0,0.0,0.0,0.0,0.0,0.0,0.0,0.0,0.0,0.0,0.0,0.0,0.0,0.0,0.0,0.0,0.0,0.0,0.0,0.0,0.0,0.0,0.0,0.0,0.0,0.0,1.0,0.0,0.0,0.0,0.0,0.0,0.0,0.0,0.0,0.0,0.0,2.0,1.0,0.0,0.0,0.0,0.0,0.0,3.0,0.0,0.0,0.0,0.0,0.0,0.0,0.0,0.0,0.0,0.0,0.0,2.0,0.0,0.0,0.0,2.0,0.0,0.0,0.0,16.0,0.0,4.0,5.0,5.0,5.0,4.0,19.0
CHEMBL472154,IC50,6.0,24.0,12.0,1.0,0.0,1.0,0.0,1.0,3.0,38.0,10.0,1.0,0.0,2.0,0.0,2.0,8.0,1.0,0.0,0.0,0.0,0.0,0.0,32.0,20.0,3.0,0.0,2.0,0.0,2.0,2.0,0.0,31.0,19.0,2.0,0.0,1.0,0.0,1.0,2.0,1.0,1.0,0.0,32.0,19.0,1.0,0.0,1.0,0.0,1.0,0.0,2.0,1.0,0.0,1.0,0.0,36.0,19.0,1.0,0.0,1.0,0.0,1.0,0.0,0.0,1.0,0.0,1.0,0.0,0.0,0.0,0.0,0.0,41.0,10.0,0.0,0.0,2.0,0.0,2.0,1.0,1.0,0.0,0.0,0.0,31.0,15.0,2.0,0.0,3.0,0.0,3.0,0.0,0.0,0.0,0.0,0.0,35.0,4.0,2.0,0.0,4.0,0.0,4.0,4.0,2.0,0.0,0.0,0.0,0.0,0.0,22.0,11.0,5.0,0.0,3.0,0.0,3.0,2.0,0.0,0.0,0.0,0.0,0.0,0.0,2.0,0.0,0.0,0.0,5.0,4.0,0.0,0.0,0.0,2.0,0.0,0.0,0.0,4.0,1.0,0.0,1.0,0.0,0.0,0.0,1.0,1.0,0.0,1.0,1.0,0.0,1.0,0.0,0.0,13.0,1.0,10.0,0.0,0.0,5.0,0.0,1.0,0.0,0.0,0.0,14.0,0.0,0.0,0.0,2.0,11.0,7.0,2.0,0.0,0.0,0.0,14.0,0.0,0.0,0.0,14.0,0.0,0.0,9.0,0.0,7.0,3.0,0.0,4.0,2.0,0.0,2.0,0.0,0.0,0.0,2.0,0.0,0.0,2.0,0.0,0.0,0.0,0.0,0.0,0.0,0.0,0.0,0.0,0.0,3.0,1.0,0.0,1.0,0.0,0.0,0.0,0.0,0.0,0.0,1.0,2.0,1.0,0.0,0.0,0.0,0.0,0.0,1.0,0.0,0.0,0.0,0.0,3.0,4.0,1.0,0.0,0.0,0.0,0.0,1.0,0.0,1.0,0.0,2.0,0.0,4.0,6.0,20.0,6.0,2.0,13.0,18.0,18.0,8.0,22.0
CHEMBL493233,IC50,315.0,32.0,7.0,3.0,2.0,0.0,0.0,0.0,0.0,48.0,7.0,3.0,1.0,0.0,0.0,0.0,1.0,1.0,0.0,0.0,0.0,0.0,0.0,42.0,13.0,5.0,3.0,0.0,0.0,0.0,0.0,0.0,39.0,11.0,3.0,5.0,0.0,0.0,0.0,2.0,0.0,0.0,0.0,36.0,10.0,4.0,6.0,0.0,0.0,0.0,0.0,0.0,0.0,0.0,0.0,0.0,38.0,11.0,3.0,4.0,0.0,0.0,0.0,0.0,0.0,0.0,0.0,0.0,2.0,0.0,0.0,0.0,0.0,45.0,6.0,4.0,3.0,0.0,0.0,0.0,1.0,1.0,0.0,0.0,0.0,39.0,8.0,6.0,7.0,0.0,0.0,0.0,0.0,0.0,0.0,0.0,0.0,43.0,6.0,4.0,0.0,0.0,0.0,0.0,1.0,1.0,0.0,0.0,0.0,0.0,0.0,39.0,6.0,6.0,1.0,0.0,0.0,0.0,0.0,0.0,0.0,0.0,0.0,0.0,0.0,0.0,0.0,0.0,0.0,3.0,0.0,0.0,0.0,0.0,1.0,0.0,1.0,1.0,6.0,1.0,0.0,1.0,0.0,0.0,1.0,2.0,2.0,0.0,3.0,0.0,0.0,0.0,0.0,1.0,13.0,2.0,8.0,0.0,0.0,2.0,6.0,0.0,0.0,0.0,1.0,7.0,0.0,0.0,0.0,0.0,0.0,0.0,0.0,0.0,1.0,6.0,0.0,0.0,0.0,0.0,0.0,0.0,0.0,0.0,0.0,0.0,0.0,0.0,0.0,0.0,0.0,1.0,0.0,1.0,1.0,1.0,0.0,0.0,1.0,0.0,0.0,1.0,0.0,0.0,0.0,0.0,1.0,0.0,0.0,3.0,1.0,0.0,0.0,1.0,1.0,0.0,0.0,1.0,0.0,0.0,2.0,1.0,0.0,0.0,1.0,0.0,0.0,3.0,0.0,0.0,0.0,0.0,6.0,1.0,0.0,0.0,0.0,0.0,0.0,2.0,0.0,1.0,0.0,2.0,0.0,1.0,2.0,23.0,2.0,2.0,12.0,13.0,13.0,11.0,27.0
CHEMBL107258,IC50,23000.0,16.0,4.0,4.0,0.0,0.0,0.0,0.0,1.0,21.0,7.0,5.0,0.0,0.0,0.0,0.0,0.0,1.0,0.0,0.0,0.0,0.0,0.0,17.0,9.0,6.0,0.0,0.0,0.0,0.0,0.0,1.0,10.0,9.0,7.0,0.0,0.0,0.0,0.0,0.0,0.0,0.0,0.0,8.0,7.0,3.0,0.0,0.0,0.0,0.0,1.0,1.0,0.0,0.0,0.0,1.0,8.0,6.0,3.0,0.0,0.0,0.0,0.0,0.0,2.0,0.0,0.0,0.0,1.0,0.0,0.0,0.0,0.0,11.0,3.0,3.0,0.0,0.0,0.0,0.0,0.0,2.0,0.0,0.0,0.0,13.0,2.0,4.0,0.0,0.0,0.0,0.0,0.0,0.0,0.0,0.0,0.0,12.0,2.0,4.0,0.0,0.0,0.0,0.0,0.0,0.0,0.0,0.0,0.0,0.0,0.0,10.0,1.0,4.0,0.0,0.0,0.0,0.0,0.0,1.0,0.0,0.0,0.0,0.0,0.0,0.0,0.0,0.0,0.0,0.0,0.0,0.0,0.0,0.0,0.0,0.0,0.0,0.0,1.0,1.0,0.0,1.0,0.0,0.0,1.0,0.0,1.0,0.0,0.0,1.0,0.0,0.0,1.0,1.0,3.0,1.0,0.0,0.0,0.0,0.0,0.0,0.0,0.0,0.0,0.0,0.0,0.0,0.0,0.0,0.0,0.0,0.0,0.0,0.0,0.0,0.0,0.0,0.0,0.0,0.0,0.0,0.0,0.0,0.0,0.0,0.0,0.0,0.0,0.0,0.0,0.0,0.0,0.0,0.0,0.0,0.0,0.0,0.0,0.0,0.0,0.0,0.0,0.0,0.0,0.0,0.0,0.0,0.0,0.0,1.0,0.0,0.0,0.0,0.0,0.0,0.0,0.0,1.0,1.0,0.0,2.0,1.0,0.0,0.0,0.0,0.0,0.0,3.0,0.0,0.0,0.0,0.0,0.0,0.0,0.0,0.0,0.0,0.0,0.0,2.0,0.0,0.0,0.0,2.0,0.0,0.0,1.0,15.0,1.0,4.0,8.0,7.0,7.0,5.0,18.0
CHEMBL1643955,IC50,120.0,24.0,7.0,3.0,0.0,3.0,0.0,3.0,4.0,32.0,11.0,3.0,0.0,0.0,0.0,0.0,5.0,1.0,3.0,3.0,3.0,3.0,3.0,30.0,13.0,5.0,0.0,3.0,0.0,3.0,2.0,0.0,25.0,18.0,3.0,0.0,6.0,0.0,6.0,2.0,0.0,0.0,0.0,29.0,16.0,2.0,0.0,6.0,0.0,6.0,0.0,2.0,0.0,0.0,0.0,0.0,32.0,13.0,2.0,0.0,3.0,0.0,3.0,0.0,1.0,0.0,0.0,0.0,0.0,0.0,0.0,0.0,0.0,34.0,8.0,1.0,0.0,3.0,0.0,3.0,1.0,2.0,0.0,0.0,0.0,30.0,7.0,3.0,0.0,3.0,0.0,3.0,1.0,1.0,3.0,3.0,0.0,22.0,6.0,6.0,0.0,3.0,0.0,3.0,2.0,0.0,3.0,3.0,0.0,0.0,0.0,16.0,5.0,7.0,0.0,6.0,0.0,6.0,4.0,0.0,0.0,0.0,0.0,0.0,0.0,1.0,0.0,0.0,0.0,6.0,2.0,0.0,0.0,0.0,4.0,3.0,0.0,0.0,0.0,1.0,0.0,1.0,0.0,0.0,0.0,1.0,1.0,0.0,2.0,0.0,0.0,3.0,1.0,0.0,9.0,1.0,6.0,0.0,0.0,0.0,0.0,0.0,0.0,0.0,0.0,6.0,0.0,0.0,0.0,0.0,0.0,0.0,0.0,0.0,0.0,0.0,6.0,0.0,0.0,0.0,6.0,0.0,0.0,1.0,0.0,0.0,0.0,0.0,0.0,0.0,0.0,0.0,0.0,0.0,0.0,0.0,0.0,0.0,0.0,0.0,0.0,0.0,0.0,0.0,0.0,0.0,0.0,0.0,0.0,1.0,0.0,0.0,0.0,0.0,0.0,0.0,0.0,1.0,1.0,3.0,1.0,1.0,0.0,0.0,0.0,0.0,0.0,2.0,0.0,0.0,3.0,0.0,0.0,5.0,1.0,3.0,0.0,3.0,3.0,1.0,0.0,1.0,0.0,2.0,0.0,4.0,6.0,22.0,6.0,2.0,10.0,13.0,13.0,8.0,22.0
CHEMBL1644200,IC50,330.0,26.0,5.0,7.0,0.0,6.0,0.0,6.0,1.0,34.0,10.0,7.0,0.0,0.0,0.0,0.0,0.0,1.0,6.0,6.0,6.0,6.0,6.0,33.0,12.0,9.0,0.0,6.0,0.0,6.0,0.0,0.0,30.0,14.0,5.0,0.0,12.0,0.0,12.0,2.0,0.0,0.0,0.0,32.0,12.0,7.0,0.0,12.0,0.0,12.0,0.0,0.0,0.0,0.0,0.0,0.0,39.0,4.0,4.0,0.0,6.0,0.0,6.0,1.0,3.0,0.0,0.0,0.0,2.0,0.0,0.0,0.0,0.0,40.0,4.0,8.0,0.0,6.0,0.0,6.0,1.0,3.0,0.0,0.0,0.0,35.0,7.0,11.0,0.0,6.0,0.0,6.0,0.0,0.0,6.0,6.0,0.0,28.0,5.0,14.0,0.0,9.0,0.0,9.0,0.0,0.0,6.0,6.0,0.0,0.0,0.0,23.0,5.0,12.0,0.0,12.0,0.0,12.0,0.0,2.0,0.0,0.0,0.0,0.0,0.0,0.0,0.0,0.0,0.0,3.0,0.0,0.0,0.0,0.0,1.0,0.0,1.0,1.0,0.0,1.0,0.0,1.0,0.0,0.0,1.0,2.0,2.0,0.0,2.0,0.0,0.0,6.0,2.0,1.0,7.0,2.0,2.0,0.0,0.0,0.0,0.0,0.0,0.0,0.0,1.0,1.0,0.0,0.0,0.0,0.0,0.0,0.0,0.0,0.0,1.0,0.0,0.0,0.0,0.0,0.0,0.0,0.0,0.0,0.0,0.0,0.0,0.0,0.0,0.0,0.0,0.0,1.0,0.0,1.0,1.0,1.0,0.0,0.0,1.0,0.0,0.0,1.0,0.0,0.0,0.0,0.0,1.0,0.0,0.0,2.0,1.0,0.0,0.0,1.0,0.0,0.0,0.0,3.0,2.0,6.0,1.0,1.0,0.0,0.0,1.0,0.0,0.0,5.0,0.0,0.0,6.0,0.0,0.0,1.0,0.0,6.0,0.0,6.0,6.0,2.0,0.0,1.0,0.0,2.0,0.0,1.0,2.0,23.0,2.0,2.0,12.0,7.0,7.0,11.0,27.0
CHEMBL1922698,IC50,14.0,22.0,12.0,3.0,0.0,3.0,2.0,5.0,3.0,32.0,11.0,3.0,0.0,0.0,4.0,4.0,8.0,1.0,3.0,3.0,3.0,3.0,3.0,28.0,21.0,5.0,0.0,3.0,4.0,7.0,2.0,0.0,29.0,21.0,3.0,0.0,6.0,2.0,8.0,2.0,0.0,2.0,0.0,35.0,20.0,1.0,0.0,6.0,4.0,10.0,0.0,3.0,0.0,2.0,2.0,0.0,40.0,17.0,2.0,0.0,3.0,4.0,7.0,0.0,0.0,0.0,2.0,2.0,0.0,0.0,0.0,0.0,0.0,42.0,8.0,0.0,0.0,0.0,7.0,7.0,1.0,3.0,3.0,3.0,0.0,30.0,11.0,6.0,0.0,3.0,9.0,12.0,0.0,0.0,0.0,0.0,0.0,25.0,4.0,6.0,0.0,0.0,7.0,7.0,4.0,2.0,6.0,6.0,0.0,0.0,0.0,15.0,10.0,9.0,0.0,12.0,4.0,16.0,2.0,0.0,0.0,0.0,0.0,0.0,0.0,0.0,0.0,0.0,0.0,3.0,0.0,0.0,0.0,0.0,1.0,0.0,0.0,0.0,1.0,1.0,0.0,1.0,0.0,0.0,0.0,1.0,1.0,0.0,2.0,0.0,2.0,3.0,1.0,0.0,7.0,1.0,2.0,0.0,0.0,0.0,0.0,0.0,0.0,0.0,0.0,1.0,0.0,0.0,0.0,0.0,0.0,0.0,0.0,0.0,0.0,0.0,0.0,0.0,0.0,0.0,0.0,0.0,0.0,0.0,0.0,0.0,0.0,0.0,0.0,0.0,0.0,1.0,0.0,0.0,0.0,1.0,0.0,0.0,1.0,0.0,0.0,0.0,0.0,0.0,0.0,0.0,0.0,2.0,2.0,4.0,1.0,0.0,0.0,0.0,3.0,0.0,0.0,1.0,1.0,3.0,4.0,1.0,0.0,0.0,0.0,0.0,0.0,2.0,0.0,0.0,3.0,0.0,1.0,1.0,0.0,3.0,0.0,3.0,3.0,1.0,0.0,1.0,0.0,2.0,2.0,3.0,4.0,23.0,6.0,6.0,15.0,9.0,9.0,10.0,25.0
CHEMBL1922713,IC50,12.0,20.0,12.0,5.0,0.0,3.0,1.0,4.0,3.0,32.0,10.0,5.0,0.0,0.0,2.0,2.0,8.0,1.0,3.0,3.0,3.0,3.0,3.0,28.0,20.0,7.0,0.0,3.0,2.0,5.0,2.0,1.0,27.0,20.0,6.0,0.0,6.0,1.0,7.0,3.0,0.0,1.0,0.0,32.0,19.0,2.0,0.0,6.0,3.0,9.0,0.0,4.0,0.0,1.0,1.0,0.0,33.0,18.0,4.0,0.0,3.0,2.0,5.0,0.0,0.0,0.0,1.0,1.0,0.0,0.0,0.0,0.0,0.0,36.0,8.0,4.0,0.0,0.0,3.0,3.0,1.0,3.0,3.0,3.0,0.0,27.0,11.0,10.0,0.0,3.0,4.0,7.0,0.0,0.0,0.0,0.0,0.0,25.0,4.0,7.0,0.0,0.0,3.0,3.0,4.0,2.0,6.0,6.0,0.0,0.0,0.0,14.0,10.0,9.0,0.0,12.0,2.0,14.0,2.0,0.0,0.0,0.0,1.0,0.0,0.0,0.0,0.0,0.0,0.0,1.0,0.0,0.0,0.0,0.0,0.0,0.0,0.0,0.0,2.0,1.0,0.0,1.0,0.0,0.0,0.0,1.0,1.0,0.0,2.0,0.0,1.0,3.0,2.0,0.0,6.0,1.0,0.0,0.0,0.0,0.0,0.0,0.0,0.0,0.0,0.0,0.0,0.0,0.0,0.0,0.0,0.0,0.0,0.0,0.0,0.0,0.0,0.0,0.0,0.0,0.0,0.0,0.0,0.0,0.0,0.0,0.0,0.0,0.0,0.0,0.0,0.0,0.0,0.0,0.0,0.0,0.0,0.0,0.0,0.0,0.0,0.0,0.0,0.0,0.0,0.0,0.0,0.0,1.0,1.0,4.0,1.0,0.0,0.0,0.0,3.0,0.0,0.0,2.0,2.0,3.0,4.0,1.0,0.0,0.0,0.0,0.0,0.0,3.0,0.0,0.0,3.0,0.0,0.0,0.0,0.0,3.0,0.0,3.0,3.0,1.0,0.0,1.0,0.0,2.0,1.0,3.0,4.0,23.0,6.0,6.0,17.0,8.0,8.0,9.0,25.0
CHEMBL2159350,IC50,14.8,32.0,5.0,7.0,0.0,0.0,1.0,1.0,1.0,43.0,11.0,7.0,0.0,0.0,2.0,2.0,0.0,1.0,0.0,0.0,0.0,0.0,0.0,45.0,13.0,9.0,0.0,0.0,2.0,2.0,0.0,0.0,41.0,14.0,7.0,0.0,0.0,2.0,2.0,2.0,0.0,0.0,0.0,44.0,11.0,7.0,0.0,0.0,2.0,2.0,0.0,1.0,0.0,1.0,1.0,0.0,48.0,9.0,5.0,0.0,0.0,1.0,1.0,0.0,1.0,0.0,1.0,1.0,2.0,0.0,0.0,0.0,0.0,49.0,6.0,8.0,0.0,0.0,2.0,2.0,1.0,1.0,0.0,0.0,0.0,48.0,3.0,10.0,0.0,0.0,4.0,4.0,1.0,2.0,0.0,0.0,0.0,42.0,6.0,11.0,0.0,0.0,4.0,4.0,0.0,1.0,0.0,0.0,0.0,0.0,0.0,35.0,6.0,12.0,0.0,0.0,4.0,4.0,0.0,0.0,0.0,0.0,0.0,0.0,0.0,1.0,1.0,0.0,0.0,2.0,0.0,0.0,0.0,0.0,1.0,0.0,1.0,1.0,3.0,1.0,0.0,1.0,0.0,0.0,1.0,0.0,2.0,0.0,1.0,2.0,1.0,0.0,2.0,1.0,8.0,2.0,3.0,0.0,0.0,0.0,0.0,0.0,0.0,0.0,1.0,1.0,0.0,0.0,0.0,0.0,0.0,0.0,0.0,0.0,1.0,1.0,0.0,0.0,0.0,0.0,0.0,0.0,0.0,0.0,0.0,0.0,0.0,0.0,0.0,0.0,0.0,1.0,0.0,1.0,1.0,1.0,0.0,0.0,1.0,0.0,0.0,1.0,0.0,0.0,0.0,0.0,1.0,1.0,1.0,2.0,1.0,0.0,0.0,1.0,0.0,0.0,0.0,3.0,2.0,0.0,1.0,1.0,0.0,0.0,1.0,0.0,0.0,5.0,0.0,0.0,0.0,0.0,1.0,1.0,0.0,0.0,0.0,0.0,0.0,2.0,0.0,1.0,0.0,2.0,1.0,1.0,2.0,27.0,2.0,2.0,12.0,10.0,10.0,9.0,30.0
CHEMBL444126,IC50,48.0,32.0,7.0,3.0,2.0,3.0,0.0,3.0,0.0,44.0,7.0,3.0,1.0,3.0,0.0,3.0,1.0,1.0,0.0,0.0,3.0,3.0,3.0,39.0,13.0,5.0,3.0,6.0,0.0,6.0,0.0,0.0,36.0,11.0,3.0,5.0,6.0,0.0,6.0,2.0,0.0,0.0,0.0,38.0,10.0,4.0,6.0,3.0,0.0,3.0,0.0,0.0,0.0,0.0,0.0,0.0,39.0,10.0,3.0,4.0,3.0,0.0,3.0,0.0,0.0,0.0,0.0,0.0,2.0,0.0,0.0,0.0,0.0,41.0,5.0,4.0,3.0,3.0,0.0,3.0,1.0,1.0,3.0,3.0,0.0,39.0,8.0,6.0,3.0,3.0,0.0,3.0,0.0,0.0,0.0,0.0,0.0,43.0,5.0,4.0,2.0,0.0,0.0,0.0,1.0,1.0,3.0,3.0,0.0,0.0,0.0,39.0,7.0,6.0,2.0,6.0,0.0,6.0,0.0,0.0,0.0,0.0,0.0,0.0,0.0,0.0,0.0,0.0,0.0,7.0,0.0,0.0,0.0,0.0,4.0,2.0,1.0,1.0,0.0,1.0,0.0,1.0,0.0,0.0,1.0,1.0,2.0,0.0,3.0,0.0,0.0,3.0,0.0,1.0,12.0,2.0,7.0,0.0,0.0,0.0,0.0,0.0,0.0,0.0,1.0,5.0,0.0,0.0,0.0,0.0,0.0,0.0,0.0,0.0,1.0,1.0,3.0,0.0,0.0,1.0,2.0,0.0,0.0,1.0,0.0,0.0,0.0,0.0,0.0,0.0,0.0,1.0,0.0,1.0,1.0,1.0,0.0,0.0,1.0,0.0,0.0,1.0,0.0,0.0,0.0,0.0,1.0,0.0,0.0,3.0,1.0,0.0,0.0,1.0,1.0,0.0,0.0,1.0,0.0,3.0,2.0,1.0,0.0,0.0,1.0,0.0,0.0,3.0,0.0,0.0,0.0,0.0,0.0,5.0,0.0,3.0,0.0,0.0,0.0,2.0,0.0,1.0,0.0,2.0,0.0,1.0,2.0,23.0,2.0,4.0,12.0,12.0,12.0,11.0,28.0
CHEMBL459032,IC50,31.0,24.0,12.0,1.0,0.0,0.0,0.0,0.0,3.0,38.0,10.0,1.0,0.0,0.0,0.0,0.0,8.0,1.0,0.0,0.0,0.0,0.0,0.0,32.0,20.0,3.0,0.0,0.0,0.0,0.0,2.0,0.0,31.0,19.0,2.0,0.0,0.0,0.0,0.0,2.0,0.0,0.0,0.0,32.0,19.0,1.0,0.0,0.0,0.0,0.0,0.0,2.0,0.0,0.0,0.0,0.0,36.0,19.0,1.0,0.0,0.0,0.0,0.0,0.0,0.0,0.0,0.0,0.0,0.0,0.0,0.0,0.0,0.0,41.0,10.0,0.0,0.0,0.0,0.0,0.0,1.0,1.0,0.0,0.0,0.0,31.0,15.0,2.0,0.0,0.0,0.0,0.0,0.0,0.0,0.0,0.0,0.0,35.0,4.0,2.0,0.0,0.0,0.0,0.0,4.0,2.0,0.0,0.0,0.0,0.0,0.0,22.0,11.0,5.0,0.0,0.0,0.0,0.0,2.0,0.0,0.0,0.0,0.0,0.0,0.0,0.0,0.0,0.0,0.0,1.0,0.0,0.0,0.0,0.0,0.0,0.0,0.0,0.0,4.0,1.0,0.0,1.0,0.0,0.0,0.0,1.0,1.0,0.0,2.0,0.0,0.0,0.0,0.0,0.0,7.0,1.0,3.0,0.0,0.0,1.0,3.0,0.0,0.0,0.0,0.0,3.0,0.0,0.0,0.0,0.0,0.0,0.0,0.0,0.0,0.0,3.0,0.0,0.0,0.0,0.0,0.0,0.0,0.0,0.0,0.0,0.0,0.0,0.0,0.0,0.0,0.0,0.0,0.0,0.0,0.0,0.0,0.0,0.0,0.0,0.0,0.0,0.0,0.0,0.0,0.0,0.0,0.0,0.0,0.0,2.0,0.0,0.0,0.0,0.0,1.0,0.0,0.0,0.0,0.0,0.0,2.0,1.0,0.0,0.0,0.0,0.0,0.0,1.0,0.0,0.0,0.0,0.0,3.0,0.0,0.0,0.0,0.0,0.0,0.0,1.0,0.0,1.0,0.0,2.0,0.0,4.0,6.0,26.0,6.0,2.0,13.0,10.0,10.0,8.0,26.0
CHEMBL456877,IC50,24.0,26.0,12.0,1.0,0.0,0.0,0.0,0.0,3.0,39.0,11.0,1.0,0.0,0.0,0.0,0.0,8.0,1.0,0.0,0.0,0.0,0.0,0.0,34.0,21.0,3.0,0.0,0.0,0.0,0.0,2.0,0.0,35.0,21.0,2.0,0.0,0.0,0.0,0.0,2.0,0.0,0.0,0.0,38.0,21.0,1.0,0.0,0.0,0.0,0.0,0.0,2.0,0.0,0.0,0.0,0.0,44.0,19.0,1.0,0.0,0.0,0.0,0.0,0.0,0.0,0.0,0.0,0.0,0.0,0.0,0.0,0.0,0.0,49.0,10.0,0.0,0.0,0.0,0.0,0.0,1.0,1.0,0.0,0.0,0.0,38.0,15.0,2.0,0.0,0.0,0.0,0.0,0.0,0.0,0.0,0.0,0.0,40.0,4.0,2.0,0.0,0.0,0.0,0.0,4.0,2.0,0.0,0.0,0.0,0.0,0.0,28.0,11.0,5.0,0.0,0.0,0.0,0.0,2.0,0.0,0.0,0.0,0.0,0.0,0.0,2.0,0.0,0.0,0.0,7.0,4.0,0.0,0.0,0.0,3.0,0.0,0.0,0.0,4.0,1.0,0.0,1.0,0.0,0.0,0.0,1.0,1.0,0.0,1.0,0.0,0.0,0.0,0.0,0.0,15.0,1.0,12.0,0.0,0.0,5.0,0.0,1.0,0.0,0.0,0.0,15.0,0.0,0.0,0.0,2.0,11.0,7.0,2.0,0.0,0.0,0.0,14.0,0.0,0.0,0.0,14.0,0.0,0.0,9.0,0.0,7.0,3.0,0.0,4.0,2.0,0.0,2.0,0.0,0.0,0.0,2.0,0.0,0.0,2.0,0.0,0.0,0.0,0.0,0.0,0.0,0.0,0.0,0.0,0.0,3.0,1.0,0.0,1.0,0.0,0.0,0.0,0.0,0.0,0.0,0.0,2.0,1.0,0.0,0.0,0.0,0.0,0.0,1.0,0.0,0.0,0.0,0.0,4.0,5.0,1.0,0.0,0.0,0.0,0.0,1.0,0.0,1.0,0.0,2.0,0.0,4.0,6.0,20.0,6.0,2.0,13.0,20.0,20.0,10.0,22.0
CHEMBL442855,IC50,13.0,27.0,11.0,3.0,0.0,0.0,2.0,2.0,3.0,37.0,10.0,5.0,0.0,0.0,4.0,4.0,8.0,1.0,0.0,0.0,0.0,0.0,0.0,31.0,18.0,7.0,0.0,0.0,4.0,4.0,2.0,0.0,29.0,20.0,4.0,0.0,0.0,3.0,3.0,2.0,0.0,1.0,0.0,36.0,19.0,1.0,0.0,0.0,4.0,4.0,0.0,3.0,0.0,0.0,0.0,0.0,38.0,18.0,3.0,0.0,0.0,4.0,4.0,0.0,0.0,0.0,2.0,2.0,0.0,0.0,0.0,0.0,0.0,39.0,10.0,1.0,0.0,0.0,7.0,7.0,1.0,3.0,0.0,0.0,0.0,31.0,13.0,6.0,0.0,0.0,6.0,6.0,0.0,0.0,0.0,0.0,0.0,29.0,9.0,6.0,0.0,0.0,4.0,4.0,4.0,2.0,0.0,0.0,0.0,0.0,0.0,26.0,14.0,7.0,0.0,0.0,2.0,2.0,2.0,0.0,0.0,1.0,0.0,0.0,0.0,0.0,0.0,0.0,0.0,1.0,0.0,0.0,0.0,0.0,0.0,0.0,0.0,0.0,1.0,1.0,0.0,1.0,0.0,0.0,0.0,0.0,1.0,0.0,2.0,2.0,2.0,0.0,1.0,0.0,3.0,1.0,0.0,0.0,0.0,0.0,0.0,0.0,0.0,0.0,0.0,0.0,0.0,0.0,0.0,0.0,0.0,0.0,0.0,0.0,0.0,0.0,0.0,0.0,0.0,0.0,0.0,0.0,0.0,0.0,0.0,0.0,0.0,0.0,0.0,0.0,0.0,0.0,0.0,0.0,0.0,0.0,0.0,0.0,0.0,0.0,0.0,0.0,0.0,0.0,0.0,0.0,0.0,2.0,2.0,2.0,0.0,0.0,0.0,0.0,1.0,0.0,0.0,0.0,0.0,0.0,2.0,1.0,0.0,0.0,0.0,0.0,0.0,2.0,0.0,0.0,0.0,0.0,1.0,0.0,0.0,0.0,0.0,0.0,0.0,1.0,0.0,1.0,0.0,2.0,2.0,4.0,6.0,32.0,6.0,2.0,14.0,9.0,9.0,9.0,31.0
CHEMBL469903,IC50,90.0,20.0,12.0,3.0,0.0,3.0,0.0,3.0,3.0,31.0,10.0,3.0,0.0,0.0,0.0,0.0,8.0,1.0,3.0,3.0,3.0,3.0,3.0,26.0,20.0,5.0,0.0,3.0,0.0,3.0,2.0,0.0,26.0,19.0,3.0,0.0,6.0,0.0,6.0,2.0,0.0,0.0,0.0,30.0,18.0,1.0,0.0,6.0,0.0,6.0,0.0,3.0,0.0,0.0,0.0,0.0,34.0,17.0,3.0,0.0,3.0,0.0,3.0,0.0,0.0,0.0,0.0,0.0,0.0,0.0,0.0,0.0,0.0,36.0,8.0,1.0,0.0,0.0,0.0,0.0,1.0,3.0,3.0,3.0,0.0,24.0,11.0,7.0,0.0,6.0,0.0,6.0,0.0,0.0,0.0,0.0,0.0,21.0,4.0,6.0,0.0,3.0,0.0,3.0,4.0,2.0,6.0,6.0,0.0,0.0,0.0,11.0,11.0,8.0,0.0,15.0,0.0,15.0,2.0,0.0,0.0,0.0,0.0,0.0,0.0,0.0,0.0,0.0,0.0,1.0,0.0,0.0,0.0,0.0,0.0,0.0,0.0,0.0,1.0,1.0,0.0,1.0,0.0,0.0,0.0,1.0,1.0,0.0,2.0,0.0,0.0,3.0,1.0,0.0,4.0,1.0,0.0,0.0,0.0,0.0,0.0,0.0,0.0,0.0,0.0,0.0,0.0,0.0,0.0,0.0,0.0,0.0,0.0,0.0,0.0,0.0,0.0,0.0,0.0,0.0,0.0,0.0,0.0,0.0,0.0,0.0,0.0,0.0,0.0,0.0,0.0,0.0,0.0,0.0,0.0,0.0,0.0,0.0,0.0,0.0,0.0,0.0,0.0,0.0,0.0,0.0,0.0,0.0,0.0,2.0,0.0,0.0,0.0,0.0,1.0,0.0,0.0,1.0,1.0,3.0,2.0,1.0,0.0,0.0,0.0,0.0,0.0,2.0,0.0,0.0,3.0,0.0,0.0,0.0,0.0,3.0,0.0,3.0,3.0,1.0,0.0,1.0,0.0,2.0,0.0,4.0,6.0,26.0,6.0,2.0,15.0,7.0,7.0,9.0,26.0
CHEMBL379600,IC50,35000.0,27.0,2.0,5.0,0.0,0.0,0.0,0.0,0.0,35.0,3.0,7.0,0.0,0.0,0.0,0.0,0.0,0.0,0.0,0.0,0.0,0.0,0.0,35.0,3.0,9.0,0.0,0.0,0.0,0.0,0.0,0.0,31.0,1.0,7.0,0.0,0.0,0.0,0.0,1.0,0.0,0.0,0.0,28.0,1.0,6.0,0.0,0.0,0.0,0.0,0.0,1.0,0.0,0.0,0.0,0.0,23.0,3.0,5.0,0.0,0.0,0.0,0.0,0.0,0.0,0.0,0.0,0.0,1.0,0.0,0.0,0.0,0.0,20.0,2.0,6.0,0.0,0.0,0.0,0.0,0.0,0.0,0.0,0.0,0.0,18.0,1.0,6.0,0.0,0.0,0.0,0.0,0.0,0.0,0.0,0.0,0.0,18.0,1.0,4.0,0.0,0.0,0.0,0.0,0.0,0.0,0.0,0.0,1.0,0.0,0.0,17.0,1.0,3.0,0.0,0.0,0.0,0.0,0.0,1.0,0.0,0.0,0.0,0.0,0.0,0.0,0.0,0.0,0.0,3.0,0.0,0.0,0.0,0.0,2.0,1.0,1.0,0.0,1.0,1.0,0.0,0.0,0.0,0.0,0.0,0.0,1.0,0.0,2.0,0.0,0.0,0.0,2.0,0.0,5.0,1.0,2.0,0.0,0.0,0.0,0.0,0.0,0.0,0.0,0.0,1.0,0.0,0.0,0.0,0.0,0.0,0.0,0.0,0.0,0.0,0.0,0.0,0.0,0.0,0.0,0.0,0.0,0.0,0.0,0.0,0.0,0.0,0.0,0.0,0.0,0.0,1.0,0.0,0.0,1.0,1.0,0.0,0.0,0.0,0.0,0.0,0.0,0.0,0.0,0.0,0.0,1.0,0.0,0.0,1.0,0.0,0.0,0.0,0.0,1.0,0.0,0.0,2.0,2.0,0.0,1.0,0.0,0.0,0.0,1.0,0.0,0.0,3.0,0.0,0.0,0.0,0.0,0.0,1.0,0.0,0.0,0.0,0.0,0.0,0.0,0.0,0.0,0.0,5.0,0.0,0.0,0.0,22.0,0.0,4.0,7.0,6.0,6.0,9.0,24.0
CHEMBL436011,IC50,9000.0,19.0,2.0,3.0,0.0,1.0,0.0,1.0,0.0,27.0,4.0,2.0,0.0,2.0,0.0,2.0,0.0,0.0,0.0,0.0,0.0,0.0,0.0,28.0,7.0,4.0,0.0,2.0,0.0,2.0,0.0,0.0,35.0,1.0,6.0,0.0,1.0,0.0,1.0,2.0,0.0,0.0,0.0,31.0,3.0,12.0,0.0,1.0,0.0,1.0,0.0,0.0,0.0,0.0,0.0,0.0,30.0,2.0,6.0,0.0,2.0,0.0,2.0,0.0,0.0,0.0,0.0,0.0,1.0,0.0,0.0,0.0,0.0,13.0,1.0,7.0,0.0,4.0,0.0,4.0,0.0,0.0,0.0,0.0,0.0,7.0,0.0,0.0,0.0,2.0,0.0,2.0,0.0,0.0,1.0,1.0,0.0,0.0,0.0,0.0,0.0,5.0,0.0,5.0,0.0,0.0,0.0,0.0,0.0,0.0,0.0,0.0,0.0,0.0,0.0,0.0,0.0,0.0,0.0,0.0,0.0,0.0,0.0,0.0,0.0,2.0,2.0,0.0,0.0,2.0,0.0,0.0,0.0,0.0,0.0,0.0,0.0,0.0,5.0,0.0,0.0,0.0,0.0,0.0,1.0,0.0,0.0,0.0,1.0,0.0,0.0,1.0,1.0,1.0,9.0,0.0,4.0,0.0,0.0,0.0,0.0,0.0,0.0,0.0,0.0,2.0,0.0,0.0,0.0,0.0,0.0,0.0,0.0,0.0,0.0,0.0,0.0,0.0,0.0,0.0,0.0,0.0,0.0,0.0,0.0,0.0,0.0,0.0,0.0,0.0,0.0,0.0,0.0,0.0,0.0,0.0,0.0,0.0,0.0,0.0,0.0,0.0,0.0,0.0,0.0,0.0,0.0,0.0,0.0,0.0,0.0,0.0,0.0,0.0,0.0,0.0,0.0,3.0,0.0,1.0,0.0,0.0,0.0,0.0,0.0,0.0,0.0,2.0,0.0,0.0,0.0,0.0,4.0,0.0,2.0,0.0,1.0,0.0,0.0,0.0,0.0,0.0,0.0,0.0,0.0,1.0,1.0,12.0,1.0,0.0,5.0,11.0,11.0,5.0,13.0
CHEMBL3238219,IC50,21.0,33.0,9.0,2.0,0.0,1.0,0.0,1.0,3.0,47.0,15.0,2.0,0.0,2.0,0.0,2.0,4.0,2.0,0.0,0.0,0.0,0.0,0.0,46.0,15.0,6.0,0.0,2.0,0.0,2.0,2.0,1.0,46.0,15.0,9.0,0.0,2.0,0.0,2.0,0.0,0.0,0.0,0.0,51.0,17.0,8.0,0.0,1.0,0.0,1.0,0.0,2.0,1.0,0.0,1.0,0.0,60.0,18.0,6.0,0.0,1.0,0.0,1.0,0.0,2.0,1.0,0.0,1.0,0.0,1.0,0.0,0.0,0.0,67.0,13.0,6.0,0.0,3.0,0.0,3.0,1.0,1.0,0.0,0.0,0.0,56.0,11.0,7.0,0.0,4.0,0.0,4.0,0.0,0.0,0.0,0.0,0.0,52.0,9.0,4.0,0.0,4.0,0.0,4.0,1.0,2.0,0.0,0.0,1.0,0.0,0.0,41.0,11.0,7.0,0.0,4.0,0.0,4.0,2.0,0.0,0.0,0.0,0.0,0.0,0.0,2.0,0.0,0.0,0.0,7.0,3.0,0.0,0.0,0.0,3.0,0.0,1.0,0.0,6.0,1.0,0.0,1.0,0.0,0.0,0.0,3.0,2.0,0.0,1.0,0.0,0.0,1.0,0.0,0.0,21.0,2.0,17.0,1.0,0.0,9.0,0.0,2.0,1.0,0.0,1.0,22.0,0.0,0.0,0.0,3.0,14.0,7.0,4.0,2.0,0.0,2.0,18.0,0.0,0.0,1.0,17.0,0.0,0.0,9.0,6.0,7.0,3.0,7.0,11.0,5.0,3.0,5.0,3.0,3.0,0.0,6.0,4.0,5.0,8.0,3.0,0.0,3.0,5.0,0.0,0.0,0.0,0.0,0.0,0.0,6.0,4.0,2.0,2.0,3.0,0.0,0.0,0.0,0.0,0.0,1.0,3.0,2.0,0.0,0.0,0.0,0.0,0.0,2.0,0.0,0.0,0.0,0.0,6.0,6.0,1.0,0.0,0.0,0.0,0.0,2.0,0.0,1.0,0.0,2.0,0.0,3.0,4.0,17.0,6.0,5.0,11.0,23.0,23.0,11.0,24.0
CHEMBL105565,IC50,12000.0,19.0,2.0,6.0,0.0,0.0,1.0,1.0,1.0,24.0,4.0,9.0,0.0,0.0,2.0,2.0,0.0,1.0,0.0,0.0,0.0,0.0,0.0,21.0,5.0,8.0,0.0,0.0,3.0,3.0,0.0,2.0,14.0,7.0,9.0,0.0,0.0,2.0,2.0,1.0,0.0,0.0,0.0,14.0,6.0,5.0,0.0,0.0,1.0,1.0,0.0,1.0,0.0,0.0,0.0,1.0,12.0,5.0,4.0,0.0,0.0,2.0,2.0,0.0,2.0,0.0,0.0,0.0,2.0,0.0,0.0,0.0,0.0,11.0,5.0,5.0,0.0,0.0,1.0,1.0,0.0,1.0,0.0,0.0,0.0,12.0,3.0,5.0,0.0,0.0,0.0,0.0,0.0,0.0,0.0,1.0,0.0,12.0,2.0,5.0,0.0,0.0,0.0,0.0,0.0,0.0,0.0,1.0,1.0,0.0,0.0,12.0,1.0,6.0,0.0,0.0,1.0,1.0,0.0,0.0,0.0,0.0,1.0,0.0,0.0,0.0,0.0,0.0,0.0,0.0,0.0,0.0,0.0,0.0,0.0,0.0,0.0,0.0,2.0,1.0,0.0,1.0,0.0,0.0,1.0,0.0,1.0,0.0,0.0,2.0,1.0,0.0,1.0,1.0,4.0,1.0,0.0,0.0,0.0,0.0,0.0,0.0,0.0,0.0,0.0,0.0,0.0,0.0,0.0,0.0,0.0,0.0,0.0,0.0,0.0,0.0,0.0,0.0,0.0,0.0,0.0,0.0,0.0,0.0,0.0,0.0,0.0,0.0,0.0,0.0,0.0,0.0,0.0,0.0,0.0,0.0,0.0,0.0,0.0,0.0,0.0,0.0,0.0,0.0,0.0,0.0,0.0,1.0,1.0,1.0,0.0,0.0,0.0,0.0,0.0,0.0,0.0,1.0,1.0,0.0,2.0,1.0,0.0,0.0,0.0,0.0,0.0,3.0,0.0,0.0,0.0,0.0,1.0,0.0,0.0,0.0,0.0,0.0,0.0,2.0,0.0,0.0,0.0,2.0,1.0,0.0,1.0,17.0,1.0,4.0,8.0,6.0,6.0,5.0,19.0
CHEMBL156828,IC50,73.0,21.0,4.0,9.0,0.0,3.0,1.0,4.0,1.0,26.0,7.0,11.0,0.0,0.0,2.0,2.0,0.0,2.0,3.0,3.0,3.0,3.0,3.0,24.0,8.0,11.0,0.0,3.0,2.0,5.0,0.0,3.0,16.0,11.0,13.0,0.0,6.0,2.0,8.0,0.0,0.0,0.0,0.0,16.0,9.0,10.0,0.0,6.0,0.0,6.0,0.0,1.0,0.0,1.0,1.0,2.0,16.0,5.0,10.0,0.0,3.0,0.0,3.0,1.0,2.0,0.0,1.0,1.0,2.0,0.0,0.0,0.0,0.0,20.0,3.0,9.0,0.0,0.0,1.0,1.0,1.0,1.0,0.0,0.0,0.0,23.0,3.0,6.0,0.0,3.0,1.0,4.0,0.0,2.0,0.0,0.0,2.0,21.0,3.0,8.0,0.0,3.0,2.0,5.0,0.0,3.0,0.0,0.0,0.0,0.0,0.0,17.0,3.0,9.0,0.0,0.0,2.0,2.0,0.0,1.0,3.0,3.0,0.0,3.0,3.0,0.0,0.0,0.0,0.0,1.0,0.0,0.0,0.0,0.0,0.0,0.0,0.0,1.0,1.0,2.0,0.0,2.0,0.0,0.0,1.0,1.0,2.0,0.0,1.0,2.0,1.0,3.0,3.0,1.0,6.0,2.0,1.0,1.0,0.0,0.0,0.0,0.0,0.0,0.0,1.0,0.0,0.0,0.0,0.0,0.0,0.0,0.0,0.0,0.0,0.0,0.0,0.0,0.0,0.0,0.0,0.0,0.0,0.0,0.0,0.0,0.0,0.0,0.0,0.0,0.0,0.0,0.0,0.0,0.0,0.0,1.0,0.0,0.0,0.0,0.0,0.0,0.0,0.0,0.0,0.0,0.0,1.0,1.0,1.0,2.0,0.0,0.0,0.0,0.0,1.0,0.0,0.0,3.0,3.0,3.0,3.0,2.0,0.0,0.0,0.0,0.0,1.0,6.0,0.0,0.0,3.0,0.0,0.0,0.0,0.0,3.0,0.0,3.0,3.0,3.0,0.0,1.0,0.0,2.0,1.0,0.0,0.0,18.0,0.0,4.0,13.0,9.0,9.0,12.0,24.0
CHEMBL140514,IC50,400.0,21.0,2.0,1.0,0.0,1.0,0.0,1.0,0.0,28.0,4.0,1.0,0.0,2.0,0.0,2.0,0.0,0.0,0.0,0.0,0.0,0.0,0.0,30.0,7.0,2.0,0.0,2.0,0.0,2.0,0.0,0.0,38.0,2.0,3.0,0.0,1.0,0.0,1.0,1.0,0.0,0.0,0.0,37.0,3.0,6.0,0.0,1.0,0.0,1.0,0.0,0.0,0.0,0.0,0.0,0.0,33.0,2.0,4.0,0.0,2.0,0.0,2.0,0.0,0.0,0.0,0.0,0.0,0.0,0.0,0.0,0.0,0.0,16.0,1.0,4.0,0.0,4.0,0.0,4.0,0.0,0.0,0.0,0.0,0.0,7.0,0.0,0.0,0.0,3.0,0.0,3.0,0.0,0.0,1.0,1.0,0.0,0.0,0.0,0.0,0.0,5.0,0.0,5.0,0.0,0.0,0.0,0.0,0.0,0.0,0.0,0.0,0.0,0.0,0.0,0.0,0.0,0.0,0.0,0.0,0.0,0.0,0.0,0.0,0.0,2.0,2.0,0.0,0.0,3.0,0.0,0.0,0.0,0.0,1.0,0.0,0.0,0.0,5.0,0.0,0.0,0.0,0.0,0.0,1.0,0.0,0.0,0.0,1.0,0.0,0.0,1.0,0.0,1.0,10.0,0.0,6.0,0.0,0.0,0.0,0.0,0.0,0.0,0.0,0.0,3.0,0.0,0.0,0.0,0.0,0.0,0.0,0.0,0.0,0.0,0.0,0.0,0.0,0.0,0.0,0.0,0.0,0.0,0.0,0.0,0.0,0.0,0.0,0.0,0.0,0.0,0.0,0.0,0.0,0.0,0.0,0.0,0.0,0.0,0.0,0.0,0.0,0.0,0.0,0.0,0.0,0.0,0.0,0.0,0.0,0.0,0.0,0.0,0.0,0.0,0.0,0.0,1.0,0.0,1.0,0.0,0.0,0.0,0.0,0.0,0.0,0.0,1.0,0.0,0.0,0.0,0.0,5.0,2.0,2.0,0.0,1.0,0.0,0.0,0.0,0.0,0.0,0.0,0.0,0.0,1.0,1.0,12.0,1.0,0.0,3.0,11.0,11.0,5.0,13.0
CHEMBL160138,IC50,1300.0,24.0,2.0,6.0,0.0,0.0,1.0,1.0,1.0,31.0,4.0,8.0,0.0,0.0,2.0,2.0,0.0,1.0,0.0,0.0,0.0,0.0,0.0,27.0,6.0,10.0,0.0,0.0,2.0,2.0,0.0,1.0,18.0,8.0,11.0,0.0,0.0,2.0,2.0,0.0,0.0,0.0,0.0,20.0,6.0,6.0,0.0,0.0,0.0,0.0,0.0,1.0,0.0,1.0,1.0,0.0,22.0,3.0,5.0,0.0,0.0,0.0,0.0,0.0,3.0,0.0,1.0,1.0,1.0,0.0,0.0,0.0,0.0,22.0,2.0,7.0,0.0,0.0,1.0,1.0,0.0,2.0,0.0,0.0,0.0,23.0,2.0,5.0,0.0,0.0,1.0,1.0,0.0,0.0,0.0,0.0,1.0,20.0,3.0,6.0,0.0,0.0,2.0,2.0,0.0,0.0,0.0,0.0,1.0,0.0,0.0,15.0,4.0,9.0,0.0,0.0,2.0,2.0,0.0,0.0,0.0,0.0,0.0,0.0,0.0,1.0,1.0,0.0,0.0,1.0,0.0,0.0,0.0,0.0,0.0,0.0,0.0,0.0,3.0,1.0,0.0,1.0,0.0,0.0,1.0,0.0,1.0,0.0,1.0,2.0,1.0,0.0,2.0,1.0,7.0,1.0,2.0,0.0,0.0,0.0,1.0,0.0,0.0,0.0,0.0,1.0,0.0,0.0,0.0,0.0,0.0,0.0,0.0,0.0,0.0,2.0,0.0,0.0,0.0,0.0,0.0,0.0,0.0,0.0,0.0,0.0,0.0,0.0,0.0,0.0,0.0,0.0,0.0,0.0,0.0,0.0,0.0,0.0,0.0,0.0,0.0,0.0,0.0,0.0,0.0,0.0,0.0,1.0,1.0,1.0,0.0,0.0,0.0,0.0,0.0,0.0,0.0,2.0,2.0,0.0,2.0,1.0,0.0,0.0,0.0,0.0,0.0,4.0,0.0,0.0,0.0,0.0,2.0,0.0,1.0,0.0,0.0,0.0,0.0,2.0,0.0,0.0,0.0,2.0,1.0,0.0,0.0,18.0,0.0,4.0,8.0,10.0,10.0,9.0,22.0
CHEMBL444343,IC50,690.0,24.0,2.0,8.0,0.0,0.0,0.0,0.0,1.0,32.0,4.0,10.0,0.0,0.0,0.0,0.0,0.0,1.0,0.0,0.0,0.0,0.0,0.0,29.0,6.0,12.0,0.0,0.0,0.0,0.0,0.0,1.0,20.0,8.0,15.0,0.0,0.0,0.0,0.0,0.0,0.0,0.0,1.0,23.0,6.0,9.0,0.0,0.0,0.0,0.0,0.0,2.0,0.0,0.0,0.0,0.0,24.0,4.0,7.0,0.0,0.0,0.0,0.0,0.0,4.0,0.0,0.0,0.0,1.0,0.0,0.0,0.0,0.0,24.0,3.0,10.0,0.0,0.0,0.0,0.0,0.0,2.0,0.0,0.0,0.0,26.0,2.0,7.0,0.0,0.0,0.0,0.0,0.0,0.0,0.0,0.0,2.0,22.0,3.0,10.0,0.0,0.0,0.0,0.0,0.0,0.0,0.0,0.0,1.0,0.0,0.0,18.0,4.0,13.0,0.0,0.0,0.0,0.0,0.0,0.0,0.0,0.0,0.0,0.0,0.0,1.0,1.0,0.0,0.0,1.0,0.0,0.0,0.0,0.0,0.0,0.0,0.0,0.0,4.0,1.0,0.0,1.0,0.0,0.0,1.0,0.0,1.0,0.0,2.0,0.0,0.0,0.0,3.0,1.0,8.0,1.0,2.0,0.0,0.0,0.0,1.0,0.0,0.0,0.0,0.0,1.0,0.0,0.0,0.0,0.0,0.0,0.0,0.0,0.0,0.0,2.0,0.0,0.0,0.0,0.0,0.0,0.0,0.0,0.0,0.0,0.0,0.0,0.0,0.0,0.0,0.0,0.0,0.0,0.0,0.0,0.0,0.0,0.0,0.0,0.0,0.0,0.0,0.0,0.0,0.0,0.0,0.0,0.0,0.0,1.0,0.0,0.0,0.0,0.0,0.0,0.0,0.0,3.0,3.0,0.0,2.0,1.0,0.0,0.0,0.0,0.0,0.0,5.0,0.0,0.0,0.0,0.0,2.0,0.0,1.0,0.0,0.0,0.0,0.0,2.0,0.0,0.0,0.0,2.0,0.0,0.0,0.0,18.0,0.0,4.0,10.0,11.0,11.0,10.0,22.0
CHEMBL435445,IC50,740.0,26.0,2.0,4.0,0.0,0.0,1.0,1.0,1.0,34.0,4.0,6.0,0.0,0.0,2.0,2.0,0.0,1.0,0.0,0.0,0.0,0.0,0.0,31.0,6.0,9.0,0.0,0.0,2.0,2.0,0.0,1.0,20.0,9.0,8.0,0.0,0.0,2.0,2.0,0.0,0.0,0.0,0.0,19.0,8.0,5.0,0.0,0.0,0.0,0.0,0.0,0.0,0.0,1.0,1.0,0.0,25.0,3.0,3.0,0.0,0.0,0.0,0.0,0.0,2.0,0.0,1.0,1.0,1.0,0.0,0.0,0.0,0.0,26.0,1.0,5.0,0.0,0.0,1.0,1.0,0.0,2.0,0.0,0.0,0.0,26.0,2.0,4.0,0.0,0.0,1.0,1.0,0.0,0.0,0.0,0.0,0.0,24.0,3.0,2.0,0.0,0.0,2.0,2.0,0.0,0.0,0.0,0.0,1.0,0.0,0.0,18.0,4.0,5.0,0.0,0.0,3.0,3.0,0.0,0.0,0.0,0.0,0.0,0.0,0.0,1.0,1.0,0.0,0.0,1.0,0.0,0.0,0.0,0.0,0.0,0.0,0.0,0.0,4.0,1.0,0.0,1.0,0.0,0.0,1.0,0.0,1.0,0.0,1.0,1.0,1.0,0.0,1.0,1.0,8.0,1.0,2.0,0.0,0.0,0.0,1.0,0.0,0.0,0.0,0.0,1.0,0.0,0.0,0.0,0.0,0.0,0.0,0.0,0.0,0.0,2.0,0.0,0.0,0.0,0.0,0.0,0.0,0.0,0.0,0.0,0.0,0.0,0.0,0.0,0.0,0.0,0.0,0.0,0.0,0.0,0.0,0.0,0.0,0.0,0.0,0.0,0.0,0.0,0.0,0.0,0.0,0.0,1.0,1.0,1.0,0.0,0.0,0.0,0.0,0.0,0.0,0.0,1.0,1.0,0.0,2.0,1.0,0.0,0.0,0.0,0.0,0.0,3.0,0.0,0.0,0.0,0.0,4.0,0.0,1.0,0.0,0.0,0.0,0.0,2.0,0.0,0.0,0.0,2.0,1.0,0.0,0.0,18.0,0.0,4.0,6.0,11.0,11.0,8.0,22.0
CHEMBL24527,IC50,19000.0,24.0,2.0,2.0,0.0,1.0,0.0,1.0,0.0,32.0,4.0,2.0,0.0,2.0,0.0,2.0,0.0,0.0,0.0,0.0,0.0,0.0,0.0,34.0,7.0,4.0,0.0,3.0,0.0,3.0,0.0,0.0,42.0,2.0,5.0,0.0,1.0,0.0,1.0,1.0,0.0,0.0,0.0,42.0,3.0,8.0,0.0,1.0,0.0,1.0,0.0,0.0,0.0,0.0,0.0,0.0,42.0,3.0,6.0,0.0,2.0,0.0,2.0,0.0,0.0,0.0,0.0,0.0,0.0,0.0,0.0,0.0,0.0,28.0,3.0,9.0,0.0,4.0,0.0,4.0,0.0,0.0,0.0,0.0,0.0,21.0,0.0,4.0,0.0,3.0,0.0,3.0,0.0,1.0,1.0,1.0,1.0,7.0,0.0,6.0,0.0,5.0,0.0,5.0,0.0,0.0,0.0,0.0,0.0,0.0,0.0,4.0,0.0,1.0,0.0,1.0,0.0,1.0,0.0,0.0,0.0,0.0,0.0,0.0,0.0,2.0,2.0,0.0,0.0,6.0,0.0,0.0,0.0,0.0,3.0,2.0,0.0,0.0,5.0,0.0,0.0,0.0,0.0,0.0,2.0,0.0,0.0,0.0,0.0,1.0,0.0,1.0,0.0,2.0,13.0,0.0,8.0,0.0,0.0,0.0,0.0,0.0,0.0,0.0,0.0,5.0,0.0,0.0,0.0,0.0,0.0,0.0,0.0,0.0,0.0,0.0,2.0,0.0,0.0,0.0,1.0,0.0,0.0,0.0,0.0,0.0,0.0,0.0,0.0,0.0,0.0,0.0,0.0,0.0,0.0,0.0,0.0,0.0,0.0,0.0,0.0,0.0,0.0,0.0,0.0,0.0,0.0,0.0,0.0,0.0,0.0,0.0,0.0,0.0,0.0,0.0,0.0,2.0,0.0,1.0,0.0,0.0,0.0,0.0,0.0,0.0,0.0,2.0,0.0,0.0,0.0,0.0,5.0,4.0,2.0,0.0,2.0,0.0,0.0,0.0,0.0,0.0,0.0,0.0,0.0,1.0,1.0,12.0,1.0,0.0,4.0,15.0,15.0,8.0,13.0
CHEMBL395760,IC50,62.0,23.0,9.0,6.0,0.0,6.0,0.0,6.0,3.0,34.0,9.0,5.0,0.0,0.0,0.0,0.0,6.0,3.0,6.0,6.0,6.0,6.0,6.0,32.0,14.0,10.0,0.0,6.0,0.0,6.0,2.0,0.0,30.0,16.0,10.0,0.0,12.0,0.0,12.0,2.0,0.0,0.0,0.0,31.0,16.0,9.0,0.0,12.0,0.0,12.0,0.0,4.0,0.0,0.0,0.0,0.0,33.0,17.0,9.0,0.0,6.0,0.0,6.0,0.0,0.0,0.0,0.0,0.0,0.0,0.0,0.0,0.0,0.0,39.0,9.0,3.0,0.0,0.0,0.0,0.0,1.0,3.0,6.0,6.0,2.0,29.0,14.0,11.0,0.0,9.0,0.0,9.0,0.0,0.0,0.0,0.0,0.0,25.0,6.0,10.0,0.0,6.0,0.0,6.0,3.0,2.0,6.0,6.0,1.0,6.0,6.0,18.0,8.0,12.0,0.0,18.0,0.0,18.0,2.0,0.0,0.0,0.0,0.0,0.0,0.0,1.0,0.0,0.0,0.0,2.0,1.0,0.0,0.0,0.0,1.0,0.0,0.0,0.0,0.0,2.0,0.0,2.0,0.0,0.0,0.0,2.0,2.0,0.0,2.0,1.0,0.0,6.0,2.0,0.0,7.0,2.0,2.0,0.0,0.0,0.0,0.0,0.0,0.0,0.0,0.0,1.0,0.0,0.0,0.0,0.0,0.0,0.0,0.0,0.0,0.0,2.0,0.0,0.0,0.0,1.0,0.0,0.0,0.0,0.0,0.0,0.0,0.0,0.0,0.0,0.0,0.0,1.0,0.0,1.0,0.0,1.0,0.0,0.0,1.0,0.0,0.0,1.0,0.0,0.0,0.0,0.0,0.0,0.0,0.0,4.0,1.0,0.0,0.0,1.0,3.0,0.0,0.0,2.0,2.0,6.0,3.0,3.0,0.0,0.0,0.0,0.0,0.0,4.0,0.0,0.0,6.0,0.0,0.0,2.0,0.0,6.0,0.0,6.0,6.0,1.0,0.0,1.0,0.0,2.0,0.0,3.0,4.0,23.0,4.0,2.0,15.0,11.0,11.0,12.0,28.0
CHEMBL154125,IC50,90.6,23.0,4.0,9.0,0.0,0.0,1.0,1.0,1.0,30.0,7.0,12.0,0.0,0.0,2.0,2.0,0.0,2.0,0.0,0.0,0.0,0.0,0.0,27.0,9.0,13.0,0.0,0.0,2.0,2.0,0.0,2.0,19.0,11.0,13.0,0.0,0.0,2.0,2.0,2.0,0.0,0.0,0.0,17.0,11.0,11.0,0.0,0.0,0.0,0.0,0.0,1.0,0.0,1.0,1.0,1.0,20.0,5.0,11.0,0.0,0.0,0.0,0.0,1.0,1.0,0.0,1.0,1.0,2.0,0.0,0.0,0.0,0.0,25.0,1.0,7.0,0.0,0.0,1.0,1.0,1.0,2.0,0.0,0.0,3.0,23.0,4.0,11.0,0.0,0.0,1.0,1.0,0.0,1.0,0.0,0.0,0.0,22.0,3.0,7.0,0.0,0.0,2.0,2.0,0.0,3.0,0.0,0.0,0.0,0.0,0.0,16.0,5.0,9.0,0.0,0.0,2.0,2.0,0.0,1.0,0.0,0.0,0.0,0.0,1.0,0.0,0.0,0.0,0.0,0.0,0.0,0.0,0.0,0.0,0.0,0.0,0.0,0.0,2.0,2.0,0.0,2.0,0.0,0.0,1.0,0.0,2.0,0.0,0.0,3.0,1.0,0.0,2.0,1.0,5.0,2.0,0.0,0.0,0.0,0.0,0.0,0.0,0.0,0.0,0.0,0.0,0.0,0.0,0.0,0.0,0.0,0.0,0.0,0.0,0.0,0.0,0.0,0.0,0.0,0.0,0.0,0.0,0.0,0.0,0.0,0.0,0.0,0.0,0.0,0.0,0.0,0.0,0.0,0.0,0.0,0.0,0.0,0.0,0.0,0.0,0.0,0.0,0.0,0.0,0.0,0.0,0.0,1.0,1.0,2.0,0.0,0.0,0.0,0.0,1.0,0.0,0.0,2.0,2.0,0.0,3.0,2.0,0.0,0.0,0.0,0.0,0.0,5.0,0.0,0.0,0.0,0.0,0.0,0.0,0.0,0.0,0.0,0.0,0.0,3.0,0.0,1.0,0.0,3.0,1.0,0.0,1.0,21.0,1.0,6.0,13.0,8.0,8.0,9.0,25.0
CHEMBL153838,IC50,89.3,30.0,7.0,5.0,0.0,0.0,1.0,1.0,1.0,39.0,10.0,7.0,0.0,0.0,2.0,2.0,0.0,2.0,0.0,0.0,0.0,0.0,0.0,36.0,9.0,8.0,0.0,0.0,2.0,2.0,1.0,2.0,27.0,14.0,11.0,0.0,0.0,2.0,2.0,0.0,0.0,0.0,0.0,25.0,14.0,10.0,0.0,0.0,0.0,0.0,0.0,1.0,0.0,1.0,1.0,0.0,26.0,10.0,7.0,0.0,0.0,0.0,0.0,0.0,3.0,0.0,1.0,1.0,1.0,0.0,0.0,0.0,0.0,28.0,8.0,8.0,0.0,0.0,1.0,1.0,0.0,2.0,0.0,0.0,0.0,31.0,7.0,10.0,0.0,0.0,1.0,1.0,0.0,0.0,0.0,0.0,0.0,33.0,4.0,7.0,0.0,0.0,2.0,2.0,1.0,1.0,0.0,0.0,1.0,0.0,0.0,28.0,4.0,8.0,0.0,0.0,3.0,3.0,1.0,1.0,0.0,0.0,0.0,0.0,0.0,1.0,0.0,1.0,0.0,5.0,2.0,0.0,0.0,0.0,1.0,0.0,0.0,1.0,0.0,2.0,1.0,2.0,0.0,0.0,1.0,0.0,2.0,0.0,0.0,1.0,1.0,0.0,1.0,1.0,9.0,2.0,4.0,1.0,0.0,0.0,0.0,1.0,1.0,0.0,1.0,2.0,0.0,0.0,0.0,0.0,0.0,0.0,1.0,1.0,0.0,0.0,1.0,0.0,0.0,0.0,0.0,0.0,0.0,0.0,0.0,0.0,0.0,0.0,0.0,1.0,0.0,3.0,1.0,1.0,0.0,5.0,2.0,1.0,7.0,2.0,0.0,2.0,3.0,0.0,0.0,2.0,1.0,1.0,1.0,6.0,4.0,1.0,1.0,1.0,0.0,0.0,1.0,1.0,1.0,0.0,4.0,2.0,0.0,0.0,0.0,1.0,1.0,4.0,0.0,0.0,0.0,0.0,0.0,1.0,0.0,0.0,0.0,0.0,0.0,3.0,0.0,1.0,0.0,2.0,1.0,0.0,0.0,22.0,1.0,4.0,12.0,15.0,15.0,11.0,29.0
CHEMBL3237900,IC50,6.0,29.0,7.0,4.0,0.0,1.0,1.0,2.0,0.0,40.0,11.0,4.0,0.0,2.0,2.0,4.0,1.0,2.0,0.0,0.0,0.0,0.0,0.0,41.0,13.0,8.0,0.0,2.0,2.0,4.0,0.0,1.0,39.0,12.0,9.0,0.0,2.0,2.0,4.0,2.0,0.0,0.0,0.0,40.0,9.0,10.0,0.0,1.0,1.0,2.0,0.0,0.0,1.0,1.0,2.0,0.0,41.0,11.0,7.0,0.0,1.0,1.0,2.0,0.0,0.0,1.0,1.0,2.0,2.0,2.0,0.0,0.0,0.0,46.0,2.0,7.0,0.0,3.0,3.0,6.0,1.0,1.0,0.0,0.0,0.0,38.0,4.0,10.0,0.0,4.0,4.0,8.0,0.0,0.0,0.0,0.0,0.0,33.0,4.0,5.0,0.0,3.0,3.0,6.0,1.0,2.0,0.0,0.0,1.0,0.0,0.0,27.0,5.0,6.0,0.0,3.0,3.0,6.0,0.0,0.0,0.0,0.0,0.0,0.0,0.0,2.0,1.0,0.0,0.0,6.0,2.0,0.0,0.0,0.0,3.0,0.0,1.0,1.0,4.0,1.0,0.0,1.0,0.0,0.0,1.0,2.0,3.0,0.0,1.0,0.0,1.0,1.0,0.0,1.0,18.0,3.0,14.0,1.0,0.0,5.0,0.0,2.0,1.0,0.0,2.0,15.0,0.0,0.0,0.0,2.0,11.0,7.0,4.0,2.0,1.0,2.0,14.0,0.0,0.0,0.0,14.0,0.0,0.0,9.0,6.0,7.0,3.0,7.0,8.0,4.0,2.0,5.0,2.0,3.0,1.0,7.0,4.0,5.0,9.0,3.0,0.0,4.0,5.0,0.0,0.0,0.0,1.0,1.0,1.0,6.0,4.0,2.0,2.0,3.0,0.0,0.0,0.0,1.0,0.0,1.0,3.0,2.0,0.0,0.0,1.0,0.0,0.0,4.0,0.0,0.0,0.0,0.0,4.0,5.0,1.0,0.0,0.0,0.0,0.0,3.0,0.0,1.0,0.0,2.0,1.0,0.0,0.0,12.0,2.0,5.0,11.0,18.0,18.0,9.0,22.0
CHEMBL3237904,IC50,85.0,29.0,7.0,4.0,0.0,1.0,0.0,1.0,0.0,40.0,11.0,4.0,0.0,2.0,0.0,2.0,1.0,2.0,0.0,0.0,0.0,0.0,0.0,41.0,13.0,8.0,0.0,2.0,0.0,2.0,0.0,1.0,39.0,12.0,9.0,0.0,1.0,0.0,1.0,2.0,0.0,0.0,0.0,40.0,9.0,10.0,0.0,1.0,0.0,1.0,0.0,0.0,0.0,0.0,0.0,0.0,41.0,11.0,7.0,0.0,1.0,0.0,1.0,0.0,0.0,1.0,0.0,1.0,2.0,0.0,0.0,0.0,0.0,46.0,2.0,7.0,0.0,1.0,0.0,1.0,1.0,1.0,1.0,1.0,0.0,38.0,4.0,10.0,0.0,3.0,0.0,3.0,0.0,0.0,0.0,0.0,0.0,33.0,4.0,5.0,0.0,4.0,0.0,4.0,1.0,2.0,0.0,0.0,1.0,0.0,0.0,27.0,5.0,6.0,0.0,3.0,0.0,3.0,0.0,0.0,0.0,0.0,0.0,0.0,0.0,2.0,1.0,0.0,0.0,6.0,2.0,0.0,0.0,0.0,3.0,0.0,1.0,1.0,4.0,1.0,0.0,1.0,0.0,0.0,1.0,2.0,3.0,0.0,2.0,0.0,0.0,1.0,0.0,1.0,18.0,3.0,14.0,1.0,0.0,5.0,0.0,2.0,1.0,0.0,2.0,15.0,0.0,0.0,0.0,2.0,11.0,7.0,4.0,2.0,1.0,2.0,14.0,0.0,0.0,0.0,14.0,0.0,0.0,9.0,6.0,7.0,3.0,7.0,8.0,4.0,2.0,5.0,2.0,3.0,1.0,7.0,4.0,5.0,9.0,3.0,0.0,4.0,5.0,0.0,0.0,0.0,1.0,0.0,0.0,6.0,4.0,2.0,2.0,3.0,0.0,0.0,0.0,1.0,0.0,1.0,3.0,2.0,0.0,0.0,1.0,0.0,0.0,4.0,0.0,0.0,0.0,0.0,4.0,5.0,1.0,0.0,0.0,0.0,0.0,3.0,0.0,1.0,0.0,2.0,0.0,0.0,0.0,12.0,2.0,5.0,11.0,18.0,18.0,9.0,22.0
CHEMBL2159328,IC50,60.6,31.0,5.0,3.0,0.0,0.0,2.0,2.0,1.0,40.0,10.0,3.0,0.0,0.0,4.0,4.0,0.0,1.0,0.0,0.0,0.0,0.0,0.0,38.0,12.0,5.0,0.0,0.0,4.0,4.0,0.0,0.0,32.0,14.0,3.0,0.0,0.0,4.0,4.0,2.0,0.0,0.0,0.0,36.0,11.0,4.0,0.0,0.0,2.0,2.0,0.0,0.0,0.0,2.0,2.0,0.0,40.0,8.0,3.0,0.0,0.0,2.0,2.0,0.0,0.0,0.0,2.0,2.0,2.0,0.0,0.0,0.0,0.0,43.0,4.0,4.0,0.0,0.0,4.0,4.0,1.0,1.0,0.0,0.0,0.0,41.0,3.0,5.0,0.0,0.0,6.0,6.0,1.0,1.0,0.0,0.0,0.0,35.0,5.0,5.0,0.0,0.0,8.0,8.0,0.0,0.0,0.0,0.0,0.0,0.0,0.0,28.0,5.0,5.0,0.0,0.0,8.0,8.0,0.0,0.0,0.0,0.0,0.0,0.0,0.0,0.0,0.0,0.0,0.0,3.0,0.0,0.0,0.0,0.0,1.0,0.0,1.0,1.0,0.0,1.0,0.0,1.0,0.0,0.0,1.0,0.0,2.0,0.0,1.0,1.0,2.0,0.0,0.0,1.0,5.0,2.0,2.0,0.0,0.0,0.0,0.0,0.0,0.0,0.0,1.0,1.0,0.0,0.0,0.0,0.0,0.0,0.0,0.0,0.0,1.0,0.0,0.0,0.0,0.0,0.0,0.0,0.0,0.0,0.0,0.0,0.0,0.0,0.0,0.0,0.0,0.0,1.0,0.0,1.0,1.0,1.0,0.0,0.0,1.0,0.0,0.0,1.0,0.0,0.0,0.0,0.0,1.0,2.0,2.0,2.0,1.0,0.0,0.0,1.0,0.0,0.0,0.0,1.0,0.0,0.0,1.0,1.0,0.0,0.0,1.0,0.0,0.0,3.0,0.0,0.0,0.0,0.0,0.0,1.0,0.0,0.0,0.0,0.0,0.0,2.0,0.0,1.0,0.0,2.0,2.0,1.0,2.0,27.0,2.0,2.0,8.0,7.0,7.0,7.0,29.0
CHEMBL2159331,IC50,8.1,31.0,5.0,5.0,0.0,3.0,2.0,5.0,1.0,41.0,10.0,5.0,0.0,0.0,4.0,4.0,0.0,1.0,3.0,3.0,3.0,3.0,3.0,40.0,12.0,7.0,0.0,3.0,4.0,7.0,0.0,0.0,34.0,14.0,5.0,0.0,6.0,4.0,10.0,2.0,0.0,0.0,0.0,38.0,11.0,6.0,0.0,6.0,2.0,8.0,0.0,0.0,0.0,2.0,2.0,0.0,42.0,8.0,4.0,0.0,6.0,2.0,8.0,0.0,0.0,0.0,2.0,2.0,2.0,0.0,0.0,0.0,0.0,44.0,4.0,5.0,0.0,6.0,4.0,10.0,1.0,1.0,0.0,0.0,0.0,42.0,3.0,6.0,0.0,3.0,6.0,9.0,1.0,2.0,0.0,0.0,0.0,36.0,6.0,7.0,0.0,3.0,8.0,11.0,0.0,1.0,0.0,0.0,0.0,0.0,0.0,30.0,6.0,7.0,0.0,3.0,8.0,11.0,0.0,0.0,3.0,3.0,0.0,0.0,0.0,0.0,0.0,0.0,0.0,3.0,0.0,0.0,0.0,0.0,1.0,0.0,1.0,1.0,0.0,1.0,0.0,1.0,0.0,0.0,1.0,1.0,2.0,0.0,1.0,2.0,2.0,3.0,1.0,1.0,6.0,2.0,2.0,0.0,0.0,0.0,0.0,0.0,0.0,0.0,1.0,1.0,0.0,0.0,0.0,0.0,0.0,0.0,0.0,0.0,1.0,0.0,0.0,0.0,0.0,0.0,0.0,0.0,0.0,0.0,0.0,0.0,0.0,0.0,0.0,0.0,0.0,1.0,0.0,1.0,1.0,1.0,0.0,0.0,1.0,0.0,0.0,1.0,0.0,0.0,0.0,0.0,1.0,2.0,2.0,2.0,1.0,0.0,0.0,1.0,0.0,0.0,0.0,2.0,1.0,3.0,1.0,1.0,0.0,0.0,1.0,0.0,0.0,4.0,0.0,0.0,3.0,0.0,0.0,1.0,0.0,3.0,0.0,3.0,3.0,2.0,0.0,1.0,0.0,2.0,2.0,1.0,2.0,27.0,2.0,2.0,10.0,7.0,7.0,9.0,30.0
CHEMBL1922703,IC50,18.0,20.0,12.0,3.0,0.0,3.0,1.0,4.0,3.0,31.0,10.0,3.0,0.0,0.0,2.0,2.0,8.0,1.0,3.0,3.0,3.0,3.0,3.0,26.0,20.0,5.0,0.0,3.0,2.0,5.0,2.0,0.0,25.0,19.0,3.0,0.0,6.0,1.0,7.0,2.0,0.0,1.0,0.0,29.0,18.0,1.0,0.0,6.0,2.0,8.0,0.0,3.0,0.0,1.0,1.0,0.0,32.0,17.0,2.0,0.0,3.0,2.0,5.0,0.0,0.0,0.0,1.0,1.0,0.0,0.0,0.0,0.0,0.0,34.0,8.0,0.0,0.0,0.0,3.0,3.0,1.0,3.0,3.0,3.0,0.0,23.0,11.0,6.0,0.0,3.0,4.0,7.0,0.0,0.0,0.0,0.0,0.0,21.0,4.0,5.0,0.0,0.0,3.0,3.0,4.0,2.0,6.0,6.0,0.0,0.0,0.0,12.0,10.0,8.0,0.0,12.0,2.0,14.0,2.0,0.0,0.0,0.0,0.0,0.0,0.0,0.0,0.0,0.0,0.0,1.0,0.0,0.0,0.0,0.0,0.0,0.0,0.0,0.0,1.0,1.0,0.0,1.0,0.0,0.0,0.0,1.0,1.0,0.0,2.0,1.0,1.0,3.0,1.0,0.0,5.0,1.0,0.0,0.0,0.0,0.0,0.0,0.0,0.0,0.0,0.0,0.0,0.0,0.0,0.0,0.0,0.0,0.0,0.0,0.0,0.0,0.0,0.0,0.0,0.0,0.0,0.0,0.0,0.0,0.0,0.0,0.0,0.0,0.0,0.0,0.0,0.0,0.0,0.0,0.0,0.0,0.0,0.0,0.0,0.0,0.0,0.0,0.0,0.0,0.0,0.0,0.0,0.0,1.0,1.0,4.0,1.0,0.0,0.0,0.0,3.0,0.0,0.0,1.0,1.0,3.0,4.0,1.0,0.0,0.0,0.0,0.0,0.0,2.0,0.0,0.0,3.0,0.0,0.0,0.0,0.0,3.0,0.0,3.0,3.0,1.0,0.0,1.0,0.0,2.0,1.0,3.0,4.0,23.0,6.0,6.0,15.0,7.0,7.0,8.0,25.0
CHEMBL1922842,IC50,31.0,24.0,12.0,3.0,0.0,6.0,0.0,6.0,3.0,36.0,10.0,4.0,0.0,6.0,0.0,6.0,8.0,1.0,0.0,0.0,6.0,6.0,6.0,31.0,20.0,6.0,0.0,12.0,0.0,12.0,2.0,1.0,30.0,22.0,6.0,0.0,12.0,0.0,12.0,3.0,0.0,0.0,0.0,39.0,21.0,2.0,0.0,6.0,0.0,6.0,0.0,3.0,6.0,0.0,6.0,0.0,41.0,22.0,3.0,0.0,12.0,0.0,12.0,0.0,0.0,3.0,0.0,3.0,0.0,0.0,0.0,0.0,0.0,47.0,10.0,4.0,0.0,9.0,0.0,9.0,1.0,1.0,9.0,9.0,0.0,37.0,10.0,6.0,0.0,24.0,0.0,24.0,0.0,0.0,0.0,0.0,0.0,34.0,4.0,5.0,0.0,21.0,0.0,21.0,4.0,2.0,0.0,0.0,0.0,0.0,0.0,25.0,10.0,5.0,0.0,21.0,0.0,21.0,2.0,0.0,0.0,0.0,0.0,3.0,3.0,0.0,0.0,0.0,0.0,3.0,0.0,0.0,0.0,0.0,1.0,0.0,0.0,0.0,2.0,1.0,0.0,1.0,0.0,0.0,0.0,2.0,1.0,0.0,1.0,0.0,0.0,6.0,1.0,0.0,9.0,1.0,2.0,0.0,0.0,0.0,0.0,0.0,0.0,0.0,0.0,1.0,0.0,0.0,0.0,0.0,0.0,0.0,0.0,0.0,0.0,0.0,0.0,0.0,0.0,0.0,0.0,0.0,0.0,0.0,0.0,0.0,0.0,0.0,0.0,0.0,0.0,0.0,0.0,0.0,1.0,0.0,0.0,0.0,0.0,0.0,0.0,0.0,0.0,0.0,0.0,0.0,1.0,0.0,0.0,4.0,1.0,0.0,0.0,0.0,3.0,0.0,0.0,1.0,1.0,6.0,4.0,1.0,0.0,0.0,0.0,0.0,0.0,2.0,0.0,0.0,0.0,0.0,1.0,1.0,0.0,6.0,0.0,0.0,0.0,1.0,0.0,1.0,0.0,2.0,0.0,3.0,4.0,23.0,6.0,6.0,15.0,10.0,10.0,11.0,26.0
CHEMBL88045,IC50,521.19,20.0,7.0,0.0,2.0,1.0,0.0,1.0,0.0,29.0,8.0,0.0,2.0,2.0,0.0,2.0,1.0,0.0,0.0,0.0,0.0,0.0,0.0,28.0,12.0,0.0,2.0,2.0,0.0,2.0,0.0,0.0,27.0,13.0,0.0,1.0,1.0,0.0,1.0,0.0,0.0,0.0,0.0,32.0,8.0,0.0,1.0,1.0,0.0,1.0,1.0,0.0,0.0,0.0,0.0,0.0,32.0,4.0,0.0,0.0,1.0,0.0,1.0,1.0,0.0,1.0,0.0,1.0,0.0,0.0,0.0,0.0,0.0,26.0,5.0,0.0,3.0,2.0,0.0,2.0,0.0,0.0,1.0,1.0,0.0,19.0,4.0,0.0,2.0,4.0,0.0,4.0,0.0,0.0,0.0,0.0,0.0,8.0,3.0,0.0,4.0,4.0,0.0,4.0,0.0,0.0,0.0,0.0,0.0,0.0,0.0,5.0,1.0,0.0,4.0,2.0,0.0,2.0,0.0,0.0,1.0,1.0,0.0,0.0,0.0,0.0,0.0,0.0,0.0,0.0,0.0,0.0,0.0,0.0,0.0,0.0,0.0,0.0,2.0,0.0,0.0,0.0,0.0,0.0,0.0,0.0,0.0,0.0,2.0,0.0,0.0,1.0,0.0,0.0,2.0,0.0,0.0,0.0,0.0,0.0,0.0,0.0,0.0,0.0,0.0,0.0,0.0,0.0,0.0,0.0,0.0,0.0,0.0,0.0,0.0,0.0,0.0,0.0,0.0,0.0,0.0,0.0,0.0,0.0,0.0,0.0,0.0,0.0,0.0,0.0,0.0,0.0,0.0,0.0,0.0,0.0,0.0,0.0,0.0,0.0,0.0,0.0,0.0,0.0,0.0,0.0,0.0,0.0,0.0,0.0,0.0,0.0,0.0,0.0,0.0,0.0,0.0,0.0,0.0,1.0,0.0,0.0,0.0,0.0,0.0,0.0,0.0,0.0,0.0,0.0,0.0,0.0,0.0,0.0,0.0,0.0,0.0,0.0,0.0,0.0,0.0,0.0,0.0,0.0,0.0,2.0,3.0,23.0,3.0,0.0,9.0,2.0,2.0,1.0,21.0
CHEMBL142944,IC50,250.0,23.0,2.0,1.0,0.0,1.0,0.0,1.0,0.0,30.0,4.0,2.0,0.0,2.0,0.0,2.0,0.0,0.0,0.0,0.0,0.0,0.0,0.0,33.0,7.0,2.0,0.0,2.0,0.0,2.0,0.0,0.0,42.0,3.0,3.0,0.0,1.0,0.0,1.0,1.0,0.0,0.0,0.0,45.0,3.0,6.0,0.0,1.0,0.0,1.0,0.0,0.0,0.0,0.0,0.0,0.0,40.0,3.0,4.0,0.0,2.0,0.0,2.0,0.0,0.0,0.0,0.0,0.0,0.0,0.0,0.0,0.0,0.0,26.0,1.0,4.0,0.0,4.0,0.0,4.0,0.0,0.0,0.0,0.0,0.0,11.0,0.0,1.0,0.0,4.0,0.0,4.0,0.0,0.0,1.0,1.0,0.0,3.0,0.0,0.0,0.0,5.0,0.0,5.0,0.0,0.0,0.0,0.0,0.0,0.0,0.0,0.0,0.0,0.0,0.0,1.0,0.0,1.0,0.0,0.0,0.0,0.0,0.0,0.0,0.0,3.0,3.0,0.0,0.0,3.0,0.0,0.0,0.0,0.0,2.0,1.0,0.0,0.0,6.0,0.0,0.0,0.0,0.0,0.0,1.0,0.0,0.0,0.0,1.0,0.0,0.0,1.0,0.0,1.0,12.0,0.0,8.0,0.0,0.0,0.0,0.0,0.0,0.0,0.0,0.0,4.0,0.0,0.0,0.0,0.0,0.0,0.0,0.0,0.0,0.0,0.0,1.0,0.0,0.0,0.0,0.0,0.0,0.0,0.0,0.0,0.0,0.0,0.0,0.0,0.0,0.0,0.0,0.0,0.0,0.0,0.0,0.0,0.0,0.0,0.0,0.0,0.0,0.0,0.0,0.0,0.0,1.0,0.0,0.0,0.0,0.0,0.0,0.0,0.0,0.0,0.0,0.0,1.0,0.0,1.0,0.0,0.0,0.0,0.0,0.0,0.0,0.0,1.0,0.0,0.0,0.0,0.0,6.0,3.0,2.0,0.0,1.0,0.0,0.0,0.0,0.0,0.0,0.0,0.0,0.0,1.0,1.0,12.0,1.0,0.0,3.0,13.0,13.0,6.0,14.0
CHEMBL471979,IC50,4.0,24.0,12.0,3.0,0.0,0.0,0.0,0.0,3.0,39.0,10.0,3.0,0.0,0.0,0.0,0.0,8.0,1.0,0.0,0.0,0.0,0.0,0.0,34.0,20.0,5.0,0.0,0.0,0.0,0.0,2.0,0.0,33.0,19.0,3.0,0.0,0.0,0.0,0.0,3.0,0.0,0.0,0.0,33.0,20.0,3.0,0.0,0.0,0.0,0.0,0.0,3.0,0.0,0.0,0.0,0.0,38.0,20.0,1.0,0.0,0.0,0.0,0.0,0.0,1.0,0.0,0.0,0.0,0.0,0.0,0.0,0.0,0.0,41.0,11.0,2.0,0.0,0.0,0.0,0.0,1.0,1.0,0.0,0.0,0.0,33.0,15.0,5.0,0.0,0.0,0.0,0.0,0.0,0.0,0.0,0.0,0.0,38.0,4.0,6.0,0.0,0.0,0.0,0.0,4.0,2.0,0.0,0.0,0.0,0.0,0.0,26.0,11.0,8.0,0.0,0.0,0.0,0.0,2.0,0.0,0.0,0.0,0.0,0.0,0.0,2.0,0.0,0.0,0.0,5.0,4.0,0.0,0.0,0.0,2.0,0.0,0.0,0.0,5.0,1.0,0.0,1.0,0.0,0.0,0.0,1.0,1.0,0.0,1.0,1.0,0.0,0.0,1.0,0.0,14.0,1.0,10.0,0.0,0.0,5.0,0.0,1.0,0.0,0.0,0.0,14.0,0.0,0.0,0.0,2.0,11.0,7.0,2.0,0.0,0.0,0.0,14.0,0.0,0.0,0.0,14.0,0.0,0.0,9.0,0.0,7.0,3.0,0.0,4.0,2.0,0.0,2.0,0.0,0.0,0.0,2.0,0.0,0.0,2.0,0.0,0.0,0.0,0.0,0.0,0.0,0.0,0.0,0.0,0.0,3.0,1.0,0.0,1.0,0.0,0.0,0.0,0.0,1.0,1.0,0.0,2.0,1.0,0.0,0.0,0.0,0.0,0.0,2.0,0.0,0.0,0.0,0.0,3.0,4.0,1.0,0.0,0.0,0.0,0.0,1.0,0.0,1.0,0.0,2.0,0.0,4.0,6.0,20.0,6.0,2.0,15.0,19.0,19.0,9.0,22.0
CHEMBL515202,IC50,170.0,24.0,12.0,1.0,0.0,0.0,0.0,0.0,3.0,38.0,10.0,1.0,0.0,0.0,0.0,0.0,8.0,1.0,0.0,0.0,0.0,0.0,0.0,32.0,20.0,3.0,0.0,0.0,0.0,0.0,2.0,0.0,31.0,19.0,2.0,0.0,0.0,0.0,0.0,2.0,0.0,0.0,0.0,32.0,19.0,1.0,0.0,0.0,0.0,0.0,0.0,2.0,0.0,0.0,0.0,0.0,36.0,19.0,1.0,0.0,0.0,0.0,0.0,0.0,0.0,0.0,0.0,0.0,0.0,0.0,0.0,0.0,0.0,41.0,10.0,0.0,0.0,0.0,0.0,0.0,1.0,1.0,0.0,0.0,0.0,31.0,15.0,2.0,0.0,0.0,0.0,0.0,0.0,0.0,0.0,0.0,0.0,35.0,4.0,2.0,0.0,0.0,0.0,0.0,4.0,2.0,0.0,0.0,0.0,0.0,0.0,22.0,11.0,5.0,0.0,0.0,0.0,0.0,2.0,0.0,0.0,0.0,0.0,0.0,0.0,2.0,0.0,0.0,0.0,5.0,4.0,0.0,0.0,0.0,2.0,0.0,0.0,0.0,4.0,1.0,0.0,1.0,0.0,0.0,0.0,1.0,1.0,0.0,1.0,0.0,0.0,0.0,0.0,0.0,13.0,1.0,10.0,0.0,0.0,5.0,0.0,1.0,0.0,0.0,0.0,14.0,0.0,0.0,0.0,2.0,11.0,7.0,2.0,0.0,0.0,0.0,14.0,0.0,0.0,0.0,14.0,0.0,0.0,9.0,0.0,7.0,3.0,0.0,4.0,2.0,0.0,2.0,0.0,0.0,0.0,2.0,0.0,0.0,2.0,0.0,0.0,0.0,0.0,0.0,0.0,0.0,0.0,0.0,0.0,3.0,1.0,0.0,1.0,0.0,0.0,0.0,0.0,0.0,0.0,0.0,2.0,1.0,0.0,0.0,0.0,0.0,0.0,1.0,0.0,0.0,0.0,0.0,3.0,4.0,1.0,0.0,0.0,0.0,0.0,1.0,0.0,1.0,0.0,2.0,0.0,4.0,6.0,20.0,6.0,2.0,13.0,18.0,18.0,8.0,22.0
CHEMBL452067,IC50,27.0,28.0,7.0,5.0,0.0,0.0,0.0,0.0,0.0,40.0,7.0,5.0,0.0,0.0,0.0,0.0,1.0,3.0,0.0,0.0,0.0,0.0,0.0,35.0,12.0,8.0,0.0,0.0,0.0,0.0,0.0,1.0,30.0,13.0,9.0,0.0,0.0,0.0,0.0,2.0,0.0,0.0,0.0,31.0,9.0,11.0,0.0,0.0,0.0,0.0,0.0,0.0,0.0,0.0,0.0,1.0,32.0,11.0,11.0,0.0,0.0,0.0,0.0,0.0,0.0,0.0,0.0,0.0,2.0,0.0,0.0,0.0,0.0,44.0,2.0,8.0,0.0,0.0,0.0,0.0,1.0,1.0,0.0,0.0,0.0,38.0,7.0,11.0,0.0,0.0,0.0,0.0,0.0,0.0,0.0,0.0,0.0,40.0,3.0,5.0,0.0,0.0,0.0,0.0,1.0,2.0,0.0,0.0,1.0,0.0,0.0,33.0,5.0,6.0,0.0,0.0,0.0,0.0,0.0,1.0,0.0,0.0,0.0,0.0,0.0,3.0,0.0,0.0,1.0,6.0,5.0,1.0,0.0,0.0,2.0,0.0,1.0,0.0,5.0,2.0,0.0,2.0,0.0,0.0,2.0,1.0,3.0,0.0,1.0,0.0,0.0,0.0,0.0,2.0,18.0,3.0,12.0,0.0,0.0,5.0,0.0,1.0,1.0,0.0,1.0,15.0,0.0,0.0,0.0,2.0,11.0,7.0,2.0,2.0,1.0,0.0,14.0,0.0,0.0,0.0,14.0,0.0,0.0,9.0,6.0,7.0,3.0,7.0,4.0,2.0,2.0,3.0,2.0,3.0,1.0,3.0,2.0,0.0,5.0,0.0,0.0,3.0,0.0,0.0,0.0,0.0,3.0,0.0,0.0,6.0,4.0,0.0,2.0,3.0,1.0,0.0,1.0,2.0,0.0,0.0,3.0,3.0,0.0,0.0,1.0,0.0,1.0,5.0,0.0,0.0,0.0,1.0,5.0,4.0,1.0,0.0,1.0,0.0,0.0,2.0,0.0,1.0,0.0,2.0,0.0,0.0,0.0,12.0,0.0,2.0,12.0,23.0,23.0,12.0,22.0
CHEMBL88486,IC50,5.309,22.0,4.0,0.0,2.0,1.0,0.0,1.0,0.0,30.0,6.0,2.0,2.0,2.0,0.0,2.0,0.0,0.0,0.0,0.0,0.0,0.0,0.0,30.0,6.0,2.0,2.0,2.0,0.0,2.0,0.0,0.0,28.0,7.0,2.0,1.0,1.0,0.0,1.0,0.0,0.0,0.0,0.0,29.0,6.0,1.0,1.0,1.0,0.0,1.0,0.0,0.0,0.0,0.0,0.0,0.0,30.0,2.0,1.0,1.0,1.0,0.0,1.0,1.0,0.0,1.0,0.0,1.0,0.0,0.0,0.0,0.0,0.0,26.0,4.0,1.0,2.0,3.0,0.0,3.0,0.0,1.0,0.0,0.0,0.0,18.0,4.0,2.0,2.0,3.0,0.0,3.0,0.0,0.0,0.0,0.0,0.0,8.0,3.0,2.0,4.0,4.0,0.0,4.0,0.0,0.0,0.0,0.0,0.0,0.0,0.0,5.0,1.0,4.0,4.0,2.0,0.0,2.0,0.0,0.0,1.0,1.0,0.0,0.0,0.0,0.0,0.0,0.0,0.0,0.0,0.0,0.0,0.0,0.0,0.0,0.0,0.0,0.0,1.0,0.0,0.0,0.0,0.0,0.0,0.0,0.0,0.0,0.0,2.0,0.0,0.0,1.0,0.0,0.0,1.0,0.0,0.0,0.0,0.0,0.0,0.0,0.0,0.0,0.0,0.0,0.0,0.0,0.0,0.0,0.0,0.0,0.0,0.0,0.0,0.0,0.0,0.0,0.0,0.0,0.0,0.0,0.0,0.0,0.0,0.0,0.0,0.0,0.0,0.0,0.0,0.0,0.0,0.0,0.0,0.0,0.0,0.0,0.0,0.0,0.0,0.0,0.0,0.0,0.0,0.0,0.0,0.0,0.0,0.0,0.0,0.0,0.0,0.0,0.0,0.0,0.0,0.0,0.0,0.0,1.0,0.0,0.0,0.0,0.0,0.0,0.0,0.0,1.0,0.0,0.0,0.0,0.0,0.0,0.0,0.0,0.0,0.0,0.0,0.0,0.0,0.0,0.0,0.0,0.0,0.0,1.0,2.0,23.0,2.0,0.0,6.0,3.0,3.0,1.0,23.0
CHEMBL3238226,IC50,38.0,31.0,11.0,2.0,0.0,0.0,1.0,1.0,3.0,45.0,17.0,2.0,0.0,0.0,2.0,2.0,4.0,2.0,0.0,0.0,0.0,0.0,0.0,44.0,17.0,6.0,0.0,0.0,1.0,1.0,2.0,1.0,45.0,15.0,9.0,0.0,0.0,2.0,2.0,0.0,0.0,0.0,0.0,50.0,17.0,7.0,0.0,0.0,1.0,1.0,1.0,3.0,0.0,1.0,1.0,0.0,57.0,21.0,6.0,0.0,0.0,1.0,1.0,0.0,2.0,0.0,1.0,1.0,0.0,1.0,0.0,0.0,0.0,63.0,17.0,6.0,0.0,0.0,3.0,3.0,1.0,1.0,0.0,0.0,0.0,52.0,15.0,7.0,0.0,0.0,4.0,4.0,0.0,0.0,0.0,0.0,0.0,48.0,13.0,4.0,0.0,0.0,4.0,4.0,1.0,2.0,0.0,0.0,1.0,0.0,0.0,34.0,18.0,7.0,0.0,0.0,4.0,4.0,2.0,0.0,0.0,0.0,0.0,0.0,0.0,2.0,0.0,0.0,0.0,7.0,3.0,0.0,0.0,0.0,3.0,0.0,1.0,0.0,6.0,1.0,0.0,1.0,0.0,0.0,0.0,3.0,2.0,0.0,1.0,0.0,1.0,0.0,0.0,0.0,21.0,2.0,17.0,1.0,0.0,9.0,0.0,2.0,1.0,0.0,1.0,22.0,0.0,0.0,0.0,3.0,14.0,7.0,4.0,2.0,0.0,1.0,18.0,0.0,0.0,1.0,17.0,0.0,0.0,9.0,6.0,7.0,3.0,7.0,11.0,5.0,3.0,5.0,3.0,3.0,0.0,6.0,4.0,5.0,8.0,3.0,0.0,3.0,5.0,0.0,0.0,0.0,0.0,1.0,0.0,6.0,4.0,2.0,2.0,3.0,0.0,0.0,0.0,0.0,0.0,0.0,3.0,2.0,0.0,0.0,0.0,0.0,0.0,2.0,0.0,0.0,0.0,0.0,6.0,6.0,1.0,0.0,0.0,0.0,0.0,2.0,0.0,1.0,0.0,2.0,1.0,4.0,5.0,17.0,7.0,5.0,13.0,23.0,23.0,11.0,23.0
CHEMBL160314,IC50,160.32,15.0,4.0,0.0,0.0,1.0,0.0,1.0,0.0,20.0,5.0,0.0,0.0,2.0,0.0,2.0,0.0,0.0,0.0,0.0,0.0,0.0,0.0,19.0,4.0,0.0,0.0,2.0,0.0,2.0,0.0,0.0,17.0,5.0,0.0,0.0,1.0,0.0,1.0,0.0,0.0,0.0,0.0,16.0,3.0,0.0,0.0,1.0,0.0,1.0,1.0,0.0,0.0,0.0,0.0,0.0,10.0,4.0,0.0,0.0,2.0,0.0,2.0,0.0,0.0,0.0,0.0,0.0,0.0,0.0,0.0,0.0,0.0,6.0,2.0,0.0,0.0,2.0,0.0,2.0,0.0,0.0,1.0,1.0,0.0,2.0,2.0,0.0,0.0,2.0,0.0,2.0,0.0,0.0,0.0,0.0,0.0,0.0,1.0,0.0,0.0,2.0,0.0,2.0,0.0,0.0,0.0,0.0,0.0,0.0,0.0,0.0,0.0,0.0,0.0,0.0,0.0,0.0,0.0,0.0,1.0,1.0,0.0,0.0,0.0,0.0,0.0,0.0,0.0,0.0,0.0,0.0,0.0,0.0,0.0,0.0,0.0,0.0,0.0,0.0,0.0,0.0,0.0,0.0,0.0,0.0,0.0,0.0,1.0,0.0,0.0,1.0,0.0,0.0,0.0,0.0,0.0,0.0,0.0,0.0,0.0,0.0,0.0,0.0,0.0,0.0,0.0,0.0,0.0,0.0,0.0,0.0,0.0,0.0,0.0,0.0,0.0,0.0,0.0,0.0,0.0,0.0,0.0,0.0,0.0,0.0,0.0,0.0,0.0,0.0,0.0,0.0,0.0,0.0,0.0,0.0,0.0,0.0,0.0,0.0,0.0,0.0,0.0,0.0,0.0,0.0,0.0,0.0,0.0,0.0,0.0,0.0,0.0,0.0,0.0,0.0,0.0,0.0,0.0,1.0,0.0,0.0,0.0,0.0,0.0,0.0,0.0,0.0,0.0,0.0,0.0,0.0,0.0,0.0,0.0,0.0,0.0,0.0,0.0,0.0,0.0,0.0,0.0,0.0,0.0,1.0,2.0,17.0,2.0,0.0,4.0,2.0,2.0,0.0,16.0
CHEMBL84373,IC50,100.0,22.0,4.0,1.0,0.0,0.0,0.0,1.0,0.0,28.0,6.0,2.0,0.0,0.0,0.0,2.0,1.0,0.0,0.0,0.0,0.0,0.0,0.0,24.0,10.0,2.0,0.0,0.0,0.0,2.0,0.0,0.0,21.0,12.0,1.0,0.0,0.0,0.0,1.0,0.0,0.0,0.0,0.0,26.0,8.0,1.0,0.0,0.0,0.0,1.0,0.0,0.0,0.0,0.0,0.0,0.0,30.0,2.0,1.0,0.0,0.0,0.0,0.0,0.0,1.0,0.0,0.0,2.0,0.0,0.0,0.0,0.0,0.0,28.0,0.0,2.0,0.0,0.0,0.0,2.0,0.0,1.0,0.0,0.0,0.0,20.0,0.0,3.0,0.0,0.0,0.0,2.0,0.0,0.0,0.0,0.0,0.0,9.0,0.0,4.0,0.0,0.0,0.0,4.0,0.0,0.0,0.0,0.0,0.0,0.0,0.0,2.0,0.0,3.0,0.0,0.0,0.0,4.0,0.0,0.0,0.0,0.0,0.0,0.0,0.0,0.0,0.0,0.0,0.0,0.0,0.0,0.0,0.0,0.0,0.0,0.0,0.0,0.0,0.0,0.0,0.0,0.0,0.0,0.0,1.0,0.0,0.0,0.0,2.0,0.0,0.0,0.0,0.0,1.0,0.0,0.0,0.0,0.0,0.0,0.0,0.0,0.0,0.0,0.0,0.0,0.0,0.0,0.0,0.0,0.0,0.0,0.0,0.0,0.0,0.0,0.0,0.0,0.0,0.0,0.0,0.0,0.0,0.0,0.0,0.0,0.0,0.0,0.0,0.0,0.0,0.0,0.0,0.0,0.0,0.0,0.0,0.0,0.0,0.0,0.0,0.0,0.0,0.0,0.0,0.0,0.0,0.0,0.0,0.0,0.0,0.0,0.0,0.0,0.0,0.0,0.0,0.0,0.0,0.0,0.0,0.0,0.0,0.0,0.0,0.0,0.0,0.0,1.0,0.0,0.0,0.0,0.0,0.0,0.0,0.0,0.0,0.0,0.0,0.0,0.0,0.0,0.0,0.0,0.0,0.0,1.0,2.0,23.0,2.0,0.0,5.0,3.0,3.0,0.0,22.0
CHEMBL87248,IC50,190.11,17.0,6.0,2.0,0.0,1.0,0.0,2.0,0.0,22.0,8.0,3.0,0.0,2.0,0.0,3.0,1.0,0.0,0.0,1.0,0.0,0.0,0.0,20.0,9.0,0.0,0.0,2.0,0.0,4.0,0.0,2.0,17.0,13.0,2.0,0.0,1.0,0.0,2.0,0.0,0.0,0.0,0.0,23.0,6.0,2.0,0.0,1.0,0.0,1.0,1.0,0.0,0.0,0.0,2.0,0.0,22.0,3.0,4.0,0.0,1.0,0.0,3.0,1.0,0.0,1.0,0.0,1.0,0.0,0.0,0.0,0.0,0.0,19.0,3.0,4.0,0.0,2.0,0.0,4.0,0.0,0.0,1.0,1.0,0.0,11.0,3.0,1.0,0.0,3.0,0.0,7.0,0.0,1.0,0.0,0.0,0.0,2.0,3.0,0.0,0.0,3.0,0.0,7.0,0.0,0.0,0.0,0.0,0.0,1.0,1.0,0.0,0.0,0.0,0.0,2.0,0.0,3.0,0.0,0.0,1.0,2.0,0.0,0.0,0.0,0.0,0.0,0.0,0.0,0.0,0.0,0.0,0.0,0.0,0.0,0.0,0.0,0.0,0.0,0.0,0.0,0.0,0.0,0.0,0.0,0.0,0.0,0.0,1.0,0.0,0.0,1.0,0.0,0.0,0.0,0.0,0.0,0.0,0.0,0.0,0.0,0.0,0.0,0.0,0.0,0.0,0.0,0.0,0.0,0.0,0.0,0.0,0.0,0.0,0.0,0.0,0.0,0.0,0.0,0.0,0.0,0.0,0.0,0.0,0.0,0.0,0.0,0.0,0.0,0.0,0.0,0.0,0.0,0.0,0.0,0.0,0.0,0.0,0.0,0.0,0.0,0.0,0.0,0.0,0.0,0.0,0.0,0.0,0.0,0.0,0.0,0.0,0.0,0.0,0.0,0.0,0.0,0.0,0.0,1.0,0.0,0.0,0.0,0.0,0.0,0.0,0.0,0.0,0.0,0.0,0.0,0.0,0.0,0.0,0.0,0.0,0.0,0.0,0.0,0.0,0.0,0.0,0.0,0.0,0.0,2.0,4.0,22.0,4.0,0.0,8.0,2.0,2.0,0.0,19.0
CHEMBL2159353,IC50,4.1,33.0,5.0,5.0,0.0,4.0,0.0,4.0,1.0,44.0,11.0,5.0,0.0,5.0,0.0,5.0,0.0,1.0,0.0,0.0,3.0,3.0,3.0,45.0,13.0,7.0,0.0,9.0,0.0,9.0,0.0,0.0,41.0,14.0,5.0,0.0,8.0,0.0,8.0,2.0,1.0,1.0,0.0,43.0,12.0,6.0,0.0,8.0,0.0,8.0,0.0,0.0,1.0,0.0,1.0,0.0,48.0,9.0,4.0,0.0,5.0,0.0,5.0,0.0,0.0,3.0,0.0,3.0,2.0,0.0,3.0,3.0,3.0,50.0,5.0,6.0,0.0,7.0,0.0,7.0,1.0,1.0,3.0,3.0,0.0,50.0,3.0,6.0,0.0,10.0,0.0,10.0,1.0,2.0,0.0,0.0,0.0,42.0,6.0,7.0,0.0,16.0,0.0,16.0,0.0,1.0,0.0,0.0,0.0,0.0,0.0,35.0,6.0,8.0,0.0,15.0,0.0,15.0,0.0,0.0,0.0,0.0,0.0,0.0,0.0,1.0,1.0,0.0,0.0,2.0,0.0,0.0,0.0,0.0,1.0,0.0,1.0,1.0,2.0,1.0,0.0,1.0,0.0,0.0,1.0,1.0,2.0,0.0,1.0,3.0,0.0,4.0,1.0,1.0,8.0,2.0,3.0,0.0,0.0,0.0,0.0,0.0,0.0,0.0,1.0,1.0,0.0,0.0,0.0,0.0,0.0,0.0,0.0,0.0,1.0,1.0,0.0,0.0,0.0,0.0,0.0,0.0,0.0,0.0,0.0,0.0,0.0,0.0,0.0,0.0,0.0,1.0,0.0,1.0,1.0,1.0,0.0,0.0,1.0,0.0,0.0,1.0,0.0,0.0,0.0,0.0,1.0,0.0,0.0,2.0,1.0,0.0,0.0,1.0,0.0,0.0,0.0,2.0,1.0,4.0,1.0,1.0,0.0,0.0,1.0,0.0,0.0,4.0,0.0,0.0,0.0,0.0,1.0,1.0,0.0,3.0,0.0,0.0,0.0,2.0,0.0,1.0,0.0,2.0,0.0,1.0,2.0,27.0,2.0,2.0,10.0,9.0,9.0,9.0,31.0
CHEMBL2159329,IC50,15.6,31.0,5.0,5.0,0.0,0.0,2.0,2.0,1.0,41.0,10.0,5.0,0.0,0.0,4.0,4.0,0.0,1.0,0.0,0.0,0.0,0.0,0.0,40.0,12.0,7.0,0.0,0.0,4.0,4.0,0.0,0.0,34.0,14.0,5.0,0.0,0.0,4.0,4.0,2.0,0.0,0.0,0.0,38.0,11.0,6.0,0.0,0.0,2.0,2.0,0.0,0.0,0.0,2.0,2.0,0.0,42.0,8.0,4.0,0.0,0.0,2.0,2.0,0.0,0.0,0.0,2.0,2.0,2.0,0.0,0.0,0.0,0.0,44.0,4.0,5.0,0.0,0.0,4.0,4.0,1.0,1.0,0.0,0.0,0.0,42.0,3.0,6.0,0.0,0.0,6.0,6.0,1.0,2.0,0.0,0.0,0.0,36.0,6.0,7.0,0.0,0.0,8.0,8.0,0.0,1.0,0.0,0.0,0.0,0.0,0.0,30.0,6.0,7.0,0.0,0.0,8.0,8.0,0.0,0.0,0.0,0.0,0.0,0.0,0.0,0.0,0.0,0.0,0.0,3.0,0.0,0.0,0.0,0.0,1.0,0.0,1.0,1.0,1.0,1.0,0.0,1.0,0.0,0.0,1.0,0.0,2.0,0.0,1.0,2.0,2.0,0.0,1.0,1.0,6.0,2.0,2.0,0.0,0.0,0.0,0.0,0.0,0.0,0.0,1.0,1.0,0.0,0.0,0.0,0.0,0.0,0.0,0.0,0.0,1.0,0.0,0.0,0.0,0.0,0.0,0.0,0.0,0.0,0.0,0.0,0.0,0.0,0.0,0.0,0.0,0.0,1.0,0.0,1.0,1.0,1.0,0.0,0.0,1.0,0.0,0.0,1.0,0.0,0.0,0.0,0.0,1.0,2.0,2.0,2.0,1.0,0.0,0.0,1.0,0.0,0.0,0.0,2.0,1.0,0.0,1.0,1.0,0.0,0.0,1.0,0.0,0.0,4.0,0.0,0.0,0.0,0.0,0.0,1.0,0.0,0.0,0.0,0.0,0.0,2.0,0.0,1.0,0.0,2.0,2.0,1.0,2.0,27.0,2.0,2.0,10.0,8.0,8.0,8.0,29.0
CHEMBL2112909,IC50,221.0,25.0,2.0,2.0,2.0,0.0,1.0,1.0,1.0,32.0,4.0,7.0,3.0,0.0,2.0,2.0,0.0,1.0,0.0,0.0,0.0,0.0,0.0,27.0,6.0,10.0,4.0,0.0,2.0,2.0,0.0,1.0,21.0,9.0,12.0,3.0,0.0,2.0,2.0,0.0,0.0,0.0,0.0,19.0,9.0,9.0,3.0,0.0,0.0,0.0,0.0,0.0,0.0,1.0,1.0,0.0,22.0,6.0,8.0,2.0,0.0,0.0,0.0,0.0,1.0,0.0,1.0,1.0,1.0,0.0,0.0,0.0,0.0,27.0,2.0,7.0,0.0,0.0,1.0,1.0,0.0,1.0,0.0,0.0,0.0,26.0,1.0,4.0,0.0,0.0,1.0,1.0,0.0,2.0,0.0,0.0,0.0,20.0,3.0,3.0,1.0,0.0,2.0,2.0,0.0,2.0,0.0,0.0,0.0,0.0,0.0,14.0,4.0,4.0,1.0,0.0,3.0,3.0,0.0,0.0,0.0,0.0,0.0,0.0,0.0,1.0,0.0,0.0,0.0,5.0,2.0,0.0,0.0,0.0,3.0,1.0,0.0,0.0,0.0,1.0,0.0,1.0,0.0,0.0,1.0,0.0,1.0,0.0,0.0,1.0,1.0,0.0,0.0,1.0,8.0,1.0,5.0,0.0,0.0,0.0,0.0,0.0,0.0,0.0,0.0,5.0,0.0,0.0,0.0,0.0,0.0,0.0,0.0,0.0,0.0,0.0,5.0,0.0,0.0,0.0,1.0,0.0,0.0,0.0,0.0,0.0,0.0,0.0,0.0,0.0,0.0,0.0,0.0,0.0,0.0,0.0,0.0,0.0,0.0,0.0,0.0,0.0,0.0,0.0,0.0,0.0,0.0,1.0,1.0,1.0,0.0,0.0,0.0,0.0,0.0,0.0,0.0,0.0,0.0,0.0,2.0,1.0,0.0,0.0,0.0,0.0,0.0,4.0,0.0,0.0,0.0,0.0,0.0,4.0,0.0,0.0,0.0,0.0,0.0,2.0,0.0,0.0,0.0,2.0,1.0,0.0,0.0,16.0,0.0,4.0,6.0,12.0,12.0,7.0,21.0
CHEMBL157226,IC50,133.0,23.0,4.0,6.0,0.0,3.0,1.0,4.0,1.0,29.0,6.0,8.0,0.0,3.0,2.0,5.0,0.0,1.0,0.0,0.0,3.0,3.0,3.0,25.0,8.0,9.0,0.0,6.0,2.0,8.0,0.0,2.0,16.0,11.0,7.0,0.0,6.0,2.0,8.0,1.0,0.0,0.0,1.0,15.0,10.0,7.0,0.0,3.0,0.0,3.0,0.0,1.0,0.0,1.0,1.0,0.0,17.0,6.0,6.0,0.0,3.0,0.0,3.0,0.0,2.0,0.0,1.0,1.0,1.0,0.0,0.0,0.0,0.0,21.0,2.0,5.0,0.0,0.0,1.0,1.0,0.0,3.0,3.0,3.0,1.0,21.0,4.0,8.0,0.0,3.0,1.0,4.0,0.0,0.0,0.0,0.0,0.0,23.0,1.0,6.0,0.0,3.0,2.0,5.0,1.0,0.0,0.0,0.0,1.0,0.0,0.0,19.0,1.0,8.0,0.0,0.0,2.0,2.0,1.0,0.0,0.0,0.0,0.0,3.0,4.0,0.0,0.0,0.0,0.0,3.0,0.0,0.0,0.0,0.0,1.0,0.0,2.0,0.0,1.0,2.0,0.0,1.0,0.0,0.0,1.0,1.0,1.0,0.0,1.0,2.0,1.0,3.0,2.0,1.0,7.0,1.0,1.0,0.0,0.0,0.0,0.0,0.0,0.0,0.0,0.0,0.0,0.0,0.0,0.0,0.0,0.0,0.0,0.0,0.0,0.0,0.0,0.0,0.0,0.0,0.0,0.0,0.0,0.0,0.0,0.0,0.0,0.0,0.0,0.0,0.0,0.0,0.0,0.0,0.0,0.0,1.0,0.0,0.0,1.0,0.0,0.0,0.0,0.0,0.0,0.0,0.0,1.0,1.0,1.0,3.0,1.0,0.0,0.0,0.0,0.0,0.0,1.0,2.0,2.0,3.0,3.0,1.0,0.0,0.0,0.0,0.0,1.0,4.0,0.0,0.0,0.0,0.0,0.0,0.0,0.0,3.0,0.0,0.0,0.0,2.0,0.0,0.0,0.0,2.0,1.0,0.0,0.0,18.0,0.0,4.0,10.0,10.0,10.0,12.0,23.0
CHEMBL1644193,IC50,570.0,24.0,7.0,3.0,2.0,3.0,0.0,3.0,4.0,33.0,11.0,7.0,2.0,0.0,0.0,0.0,5.0,1.0,3.0,3.0,3.0,3.0,3.0,32.0,13.0,9.0,2.0,3.0,0.0,3.0,2.0,0.0,27.0,18.0,7.0,1.0,6.0,0.0,6.0,2.0,0.0,0.0,0.0,30.0,16.0,4.0,1.0,6.0,0.0,6.0,0.0,2.0,0.0,0.0,0.0,0.0,33.0,13.0,4.0,1.0,3.0,0.0,3.0,0.0,1.0,0.0,0.0,0.0,0.0,0.0,0.0,0.0,0.0,35.0,9.0,4.0,1.0,3.0,0.0,3.0,1.0,4.0,0.0,0.0,0.0,32.0,8.0,5.0,2.0,3.0,0.0,3.0,1.0,3.0,3.0,3.0,0.0,24.0,6.0,11.0,3.0,6.0,0.0,6.0,2.0,0.0,3.0,3.0,0.0,0.0,0.0,20.0,5.0,13.0,4.0,6.0,0.0,6.0,4.0,0.0,0.0,0.0,0.0,0.0,0.0,0.0,0.0,0.0,0.0,1.0,0.0,0.0,0.0,0.0,0.0,0.0,0.0,0.0,1.0,1.0,0.0,1.0,0.0,0.0,0.0,1.0,1.0,0.0,3.0,0.0,0.0,3.0,1.0,0.0,4.0,1.0,0.0,0.0,0.0,0.0,0.0,0.0,0.0,0.0,0.0,0.0,0.0,0.0,0.0,0.0,0.0,0.0,0.0,0.0,0.0,0.0,0.0,0.0,0.0,0.0,0.0,0.0,0.0,0.0,0.0,0.0,0.0,0.0,0.0,0.0,0.0,0.0,0.0,0.0,0.0,0.0,0.0,0.0,0.0,0.0,0.0,0.0,0.0,0.0,0.0,0.0,0.0,0.0,0.0,1.0,0.0,0.0,0.0,0.0,0.0,0.0,0.0,1.0,1.0,3.0,1.0,1.0,0.0,0.0,0.0,0.0,0.0,4.0,0.0,0.0,3.0,0.0,0.0,0.0,0.0,3.0,0.0,3.0,3.0,1.0,0.0,1.0,0.0,2.0,0.0,4.0,6.0,28.0,6.0,6.0,12.0,7.0,7.0,8.0,28.0
CHEMBL486650,IC50,55.0,26.0,7.0,7.0,0.0,3.0,0.0,3.0,0.0,37.0,7.0,7.0,0.0,0.0,0.0,0.0,1.0,3.0,3.0,3.0,3.0,3.0,3.0,33.0,12.0,10.0,0.0,3.0,0.0,3.0,0.0,1.0,29.0,11.0,10.0,0.0,6.0,0.0,6.0,2.0,0.0,0.0,0.0,30.0,9.0,11.0,0.0,6.0,0.0,6.0,0.0,1.0,0.0,0.0,0.0,1.0,32.0,10.0,10.0,0.0,3.0,0.0,3.0,0.0,0.0,0.0,0.0,0.0,2.0,0.0,0.0,0.0,0.0,41.0,2.0,8.0,0.0,0.0,0.0,0.0,1.0,2.0,3.0,3.0,1.0,32.0,8.0,14.0,0.0,3.0,0.0,3.0,0.0,0.0,0.0,0.0,0.0,34.0,3.0,8.0,0.0,0.0,0.0,0.0,1.0,2.0,3.0,3.0,1.0,3.0,3.0,30.0,5.0,10.0,0.0,6.0,0.0,6.0,0.0,1.0,0.0,0.0,0.0,0.0,0.0,1.0,0.0,0.0,1.0,2.0,1.0,1.0,0.0,0.0,0.0,0.0,1.0,0.0,3.0,2.0,0.0,2.0,0.0,0.0,2.0,2.0,3.0,0.0,3.0,0.0,0.0,3.0,1.0,2.0,11.0,3.0,5.0,0.0,0.0,1.0,3.0,0.0,0.0,0.0,1.0,4.0,0.0,0.0,0.0,0.0,0.0,0.0,0.0,0.0,1.0,3.0,0.0,0.0,0.0,0.0,0.0,0.0,0.0,0.0,0.0,0.0,0.0,0.0,0.0,0.0,0.0,1.0,0.0,1.0,1.0,1.0,0.0,0.0,1.0,0.0,0.0,1.0,0.0,0.0,0.0,0.0,3.0,0.0,0.0,5.0,2.0,0.0,0.0,2.0,3.0,0.0,1.0,3.0,1.0,3.0,3.0,3.0,0.0,0.0,1.0,0.0,1.0,6.0,0.0,0.0,3.0,1.0,3.0,0.0,0.0,3.0,1.0,3.0,3.0,2.0,0.0,1.0,0.0,2.0,0.0,0.0,0.0,18.0,0.0,2.0,14.0,13.0,13.0,14.0,27.0
CHEMBL455214,IC50,6.0,30.0,7.0,9.0,0.0,4.0,0.0,4.0,0.0,42.0,7.0,8.0,0.0,2.0,0.0,2.0,1.0,3.0,6.0,6.0,2.0,2.0,2.0,38.0,12.0,13.0,0.0,10.0,0.0,10.0,0.0,1.0,33.0,12.0,12.0,0.0,8.0,0.0,8.0,2.0,0.0,0.0,0.0,36.0,9.0,12.0,0.0,6.0,0.0,6.0,0.0,2.0,2.0,0.0,2.0,1.0,36.0,10.0,12.0,0.0,4.0,0.0,4.0,0.0,0.0,0.0,0.0,0.0,2.0,0.0,0.0,0.0,0.0,42.0,4.0,8.0,0.0,0.0,0.0,0.0,1.0,3.0,4.0,4.0,2.0,38.0,8.0,15.0,0.0,6.0,0.0,6.0,0.0,0.0,0.0,0.0,0.0,39.0,5.0,13.0,0.0,6.0,0.0,6.0,1.0,2.0,2.0,2.0,1.0,2.0,2.0,36.0,6.0,15.0,0.0,12.0,0.0,12.0,0.0,1.0,0.0,0.0,0.0,0.0,0.0,1.0,0.0,0.0,1.0,6.0,1.0,1.0,0.0,0.0,3.0,2.0,1.0,0.0,0.0,2.0,0.0,2.0,0.0,0.0,2.0,2.0,3.0,0.0,2.0,1.0,0.0,4.0,2.0,2.0,14.0,3.0,7.0,0.0,0.0,0.0,0.0,0.0,0.0,0.0,1.0,5.0,0.0,0.0,0.0,0.0,0.0,0.0,0.0,0.0,1.0,1.0,3.0,0.0,0.0,1.0,2.0,0.0,0.0,1.0,0.0,0.0,0.0,0.0,0.0,0.0,0.0,1.0,0.0,1.0,1.0,1.0,0.0,0.0,1.0,0.0,0.0,1.0,0.0,0.0,0.0,0.0,3.0,0.0,0.0,5.0,2.0,0.0,0.0,2.0,3.0,0.0,1.0,5.0,1.0,4.0,3.0,3.0,0.0,0.0,1.0,0.0,1.0,7.0,0.0,0.0,3.0,1.0,0.0,4.0,0.0,4.0,1.0,2.0,2.0,2.0,0.0,1.0,0.0,2.0,0.0,0.0,0.0,18.0,2.0,4.0,16.0,15.0,15.0,12.0,29.0
CHEMBL452310,IC50,693.0,29.0,7.0,6.0,0.0,0.0,2.0,2.0,0.0,39.0,7.0,5.0,0.0,0.0,4.0,4.0,1.0,3.0,0.0,0.0,0.0,0.0,0.0,36.0,12.0,8.0,0.0,0.0,4.0,4.0,0.0,1.0,30.0,12.0,11.0,0.0,0.0,2.0,2.0,2.0,0.0,2.0,0.0,35.0,9.0,11.0,0.0,0.0,2.0,2.0,0.0,0.0,0.0,0.0,0.0,1.0,37.0,8.0,10.0,0.0,0.0,0.0,0.0,0.0,0.0,0.0,2.0,2.0,2.0,2.0,0.0,0.0,0.0,41.0,4.0,8.0,0.0,0.0,4.0,4.0,1.0,1.0,0.0,0.0,0.0,37.0,7.0,10.0,0.0,0.0,6.0,6.0,0.0,0.0,0.0,0.0,0.0,34.0,5.0,7.0,0.0,0.0,8.0,8.0,1.0,2.0,0.0,0.0,1.0,0.0,0.0,31.0,6.0,7.0,0.0,0.0,6.0,6.0,0.0,1.0,0.0,0.0,0.0,0.0,0.0,1.0,0.0,0.0,1.0,6.0,1.0,1.0,0.0,0.0,3.0,2.0,1.0,0.0,1.0,2.0,0.0,2.0,0.0,0.0,1.0,0.0,3.0,0.0,2.0,0.0,2.0,0.0,1.0,1.0,13.0,3.0,7.0,0.0,0.0,0.0,0.0,0.0,0.0,0.0,1.0,5.0,0.0,0.0,0.0,0.0,0.0,0.0,0.0,0.0,1.0,1.0,3.0,0.0,0.0,1.0,2.0,0.0,0.0,1.0,0.0,0.0,0.0,0.0,0.0,0.0,0.0,1.0,0.0,1.0,1.0,1.0,0.0,0.0,1.0,0.0,0.0,1.0,0.0,0.0,0.0,0.0,3.0,2.0,2.0,5.0,2.0,0.0,0.0,2.0,3.0,0.0,1.0,3.0,0.0,0.0,3.0,3.0,0.0,0.0,1.0,0.0,1.0,5.0,0.0,0.0,0.0,1.0,0.0,4.0,0.0,0.0,0.0,0.0,0.0,2.0,0.0,1.0,0.0,2.0,2.0,0.0,0.0,18.0,0.0,4.0,13.0,16.0,16.0,13.0,27.0
CHEMBL3616582,IC50,1700.0,35.0,5.0,7.0,0.0,3.0,0.0,3.0,1.0,47.0,11.0,7.0,0.0,3.0,0.0,3.0,0.0,1.0,0.0,0.0,3.0,3.0,3.0,49.0,16.0,10.0,0.0,6.0,0.0,6.0,0.0,0.0,52.0,18.0,6.0,0.0,6.0,0.0,6.0,3.0,0.0,0.0,0.0,61.0,14.0,8.0,0.0,6.0,0.0,6.0,0.0,1.0,0.0,0.0,0.0,0.0,69.0,9.0,8.0,0.0,3.0,0.0,3.0,0.0,0.0,3.0,0.0,3.0,2.0,3.0,0.0,0.0,0.0,69.0,3.0,11.0,0.0,9.0,0.0,9.0,1.0,2.0,3.0,3.0,0.0,63.0,4.0,14.0,0.0,9.0,0.0,9.0,1.0,2.0,0.0,0.0,0.0,52.0,7.0,14.0,0.0,12.0,0.0,12.0,0.0,0.0,0.0,0.0,0.0,0.0,0.0,39.0,6.0,13.0,0.0,15.0,0.0,15.0,0.0,0.0,0.0,0.0,0.0,0.0,0.0,1.0,0.0,0.0,0.0,4.0,1.0,0.0,0.0,0.0,2.0,0.0,1.0,1.0,3.0,1.0,0.0,1.0,0.0,0.0,1.0,1.0,2.0,0.0,2.0,1.0,0.0,3.0,2.0,1.0,11.0,2.0,5.0,0.0,0.0,0.0,0.0,0.0,0.0,0.0,1.0,3.0,0.0,0.0,0.0,0.0,0.0,0.0,0.0,0.0,1.0,1.0,1.0,0.0,0.0,1.0,0.0,0.0,0.0,0.0,0.0,0.0,0.0,0.0,0.0,0.0,0.0,1.0,0.0,1.0,1.0,1.0,0.0,0.0,1.0,0.0,0.0,1.0,0.0,0.0,0.0,0.0,1.0,0.0,0.0,2.0,1.0,0.0,0.0,1.0,0.0,0.0,0.0,3.0,2.0,3.0,1.0,1.0,0.0,0.0,1.0,0.0,0.0,5.0,0.0,0.0,0.0,0.0,1.0,3.0,0.0,3.0,0.0,0.0,0.0,2.0,0.0,1.0,0.0,2.0,0.0,1.0,2.0,27.0,2.0,2.0,12.0,12.0,12.0,12.0,31.0
CHEMBL3616583,IC50,7.0,36.0,5.0,5.0,0.0,3.0,0.0,3.0,1.0,48.0,11.0,5.0,0.0,3.0,0.0,3.0,0.0,1.0,0.0,0.0,3.0,3.0,3.0,49.0,15.0,8.0,0.0,6.0,0.0,6.0,0.0,0.0,50.0,15.0,5.0,0.0,6.0,0.0,6.0,3.0,0.0,0.0,0.0,57.0,12.0,7.0,0.0,6.0,0.0,6.0,0.0,1.0,0.0,0.0,0.0,0.0,62.0,10.0,6.0,0.0,3.0,0.0,3.0,0.0,0.0,3.0,0.0,3.0,2.0,3.0,0.0,0.0,0.0,59.0,6.0,9.0,0.0,9.0,0.0,9.0,1.0,1.0,3.0,3.0,0.0,57.0,5.0,11.0,0.0,9.0,0.0,9.0,1.0,1.0,0.0,0.0,0.0,52.0,8.0,11.0,0.0,12.0,0.0,12.0,0.0,0.0,0.0,0.0,0.0,0.0,0.0,47.0,5.0,7.0,0.0,15.0,0.0,15.0,0.0,0.0,0.0,0.0,0.0,0.0,0.0,1.0,0.0,0.0,0.0,4.0,1.0,0.0,0.0,0.0,2.0,0.0,1.0,1.0,3.0,1.0,0.0,1.0,0.0,0.0,1.0,1.0,2.0,0.0,2.0,2.0,0.0,3.0,1.0,1.0,11.0,2.0,5.0,0.0,0.0,0.0,0.0,0.0,0.0,0.0,1.0,3.0,0.0,0.0,0.0,0.0,0.0,0.0,0.0,0.0,1.0,1.0,1.0,0.0,0.0,1.0,0.0,0.0,0.0,0.0,0.0,0.0,0.0,0.0,0.0,0.0,0.0,1.0,0.0,1.0,1.0,1.0,0.0,0.0,1.0,0.0,0.0,1.0,0.0,0.0,0.0,0.0,1.0,0.0,0.0,2.0,1.0,0.0,0.0,1.0,0.0,0.0,0.0,2.0,1.0,3.0,1.0,1.0,0.0,0.0,1.0,0.0,0.0,4.0,0.0,0.0,0.0,0.0,2.0,3.0,0.0,3.0,0.0,0.0,0.0,2.0,0.0,1.0,0.0,2.0,0.0,1.0,2.0,27.0,2.0,2.0,10.0,12.0,12.0,11.0,31.0
CHEMBL3616585,IC50,780.0,36.0,5.0,5.0,0.0,3.0,0.0,3.0,1.0,48.0,11.0,5.0,0.0,3.0,0.0,3.0,0.0,1.0,0.0,0.0,3.0,3.0,3.0,49.0,16.0,8.0,0.0,6.0,0.0,6.0,0.0,0.0,51.0,18.0,5.0,0.0,6.0,0.0,6.0,3.0,0.0,0.0,0.0,61.0,14.0,7.0,0.0,6.0,0.0,6.0,0.0,1.0,0.0,0.0,0.0,0.0,70.0,9.0,6.0,0.0,3.0,0.0,3.0,0.0,0.0,3.0,0.0,3.0,2.0,3.0,0.0,0.0,0.0,69.0,4.0,9.0,0.0,9.0,0.0,9.0,1.0,1.0,3.0,3.0,0.0,64.0,4.0,11.0,0.0,9.0,0.0,9.0,1.0,1.0,0.0,0.0,0.0,52.0,6.0,11.0,0.0,12.0,0.0,12.0,0.0,0.0,0.0,0.0,0.0,0.0,0.0,41.0,6.0,8.0,0.0,15.0,0.0,15.0,0.0,0.0,0.0,0.0,0.0,0.0,0.0,1.0,0.0,0.0,0.0,4.0,1.0,0.0,0.0,0.0,2.0,0.0,1.0,1.0,3.0,1.0,0.0,1.0,0.0,0.0,1.0,1.0,2.0,0.0,2.0,1.0,0.0,3.0,1.0,1.0,11.0,2.0,5.0,0.0,0.0,0.0,0.0,0.0,0.0,0.0,1.0,3.0,0.0,0.0,0.0,0.0,0.0,0.0,0.0,0.0,1.0,1.0,1.0,0.0,0.0,1.0,0.0,0.0,0.0,0.0,0.0,0.0,0.0,0.0,0.0,0.0,0.0,1.0,0.0,1.0,1.0,1.0,0.0,0.0,1.0,0.0,0.0,1.0,0.0,0.0,0.0,0.0,1.0,0.0,0.0,2.0,1.0,0.0,0.0,1.0,0.0,0.0,0.0,2.0,1.0,3.0,1.0,1.0,0.0,0.0,1.0,0.0,0.0,4.0,0.0,0.0,0.0,0.0,2.0,3.0,0.0,3.0,0.0,0.0,0.0,2.0,0.0,1.0,0.0,2.0,0.0,1.0,2.0,27.0,2.0,2.0,10.0,12.0,12.0,11.0,31.0
CHEMBL3616586,IC50,8.0,36.0,5.0,7.0,0.0,3.0,0.0,3.0,0.0,51.0,7.0,7.0,0.0,3.0,0.0,3.0,0.0,1.0,0.0,0.0,3.0,3.0,3.0,55.0,9.0,10.0,0.0,6.0,0.0,6.0,0.0,0.0,57.0,9.0,7.0,0.0,6.0,0.0,6.0,2.0,0.0,0.0,0.0,63.0,6.0,8.0,0.0,6.0,0.0,6.0,0.0,1.0,0.0,0.0,0.0,0.0,64.0,7.0,8.0,0.0,6.0,0.0,6.0,0.0,0.0,0.0,0.0,0.0,2.0,3.0,0.0,0.0,0.0,64.0,2.0,10.0,0.0,9.0,0.0,9.0,1.0,1.0,3.0,3.0,0.0,60.0,4.0,12.0,0.0,9.0,0.0,9.0,0.0,1.0,0.0,0.0,0.0,54.0,6.0,14.0,0.0,9.0,0.0,9.0,0.0,0.0,0.0,0.0,0.0,0.0,0.0,49.0,4.0,11.0,0.0,12.0,0.0,12.0,0.0,0.0,0.0,0.0,0.0,0.0,0.0,1.0,0.0,0.0,0.0,4.0,1.0,0.0,0.0,0.0,2.0,0.0,1.0,1.0,3.0,1.0,0.0,1.0,0.0,0.0,1.0,1.0,2.0,0.0,2.0,2.0,0.0,3.0,2.0,1.0,11.0,2.0,5.0,0.0,0.0,0.0,0.0,0.0,0.0,0.0,1.0,3.0,0.0,0.0,0.0,0.0,0.0,0.0,0.0,0.0,1.0,1.0,1.0,0.0,0.0,1.0,0.0,0.0,0.0,0.0,0.0,0.0,0.0,0.0,0.0,0.0,0.0,1.0,0.0,1.0,1.0,1.0,0.0,0.0,1.0,0.0,0.0,1.0,0.0,0.0,0.0,0.0,1.0,0.0,0.0,2.0,1.0,0.0,0.0,1.0,0.0,0.0,0.0,3.0,2.0,3.0,1.0,1.0,0.0,0.0,1.0,0.0,0.0,5.0,0.0,0.0,0.0,0.0,1.0,3.0,0.0,3.0,0.0,0.0,0.0,2.0,0.0,1.0,0.0,2.0,0.0,0.0,1.0,27.0,1.0,2.0,12.0,12.0,12.0,12.0,32.0
CHEMBL3616591,IC50,3.0,32.0,5.0,7.0,0.0,3.0,1.0,4.0,1.0,43.0,11.0,7.0,0.0,0.0,2.0,2.0,0.0,1.0,3.0,3.0,3.0,3.0,3.0,45.0,14.0,10.0,0.0,3.0,2.0,5.0,0.0,0.0,44.0,14.0,6.0,0.0,6.0,2.0,8.0,3.0,0.0,0.0,0.0,47.0,11.0,7.0,0.0,6.0,1.0,7.0,0.0,1.0,0.0,1.0,1.0,0.0,49.0,9.0,8.0,0.0,3.0,3.0,6.0,0.0,0.0,0.0,1.0,1.0,2.0,0.0,0.0,0.0,0.0,49.0,5.0,10.0,0.0,3.0,3.0,6.0,1.0,1.0,0.0,0.0,0.0,47.0,3.0,9.0,0.0,6.0,3.0,9.0,1.0,2.0,0.0,0.0,0.0,40.0,6.0,11.0,0.0,6.0,3.0,9.0,0.0,1.0,0.0,0.0,0.0,0.0,0.0,35.0,6.0,11.0,0.0,3.0,4.0,7.0,0.0,0.0,3.0,3.0,0.0,0.0,0.0,1.0,1.0,0.0,0.0,2.0,0.0,0.0,0.0,0.0,1.0,0.0,1.0,1.0,2.0,1.0,0.0,1.0,0.0,0.0,1.0,1.0,2.0,0.0,2.0,2.0,1.0,3.0,2.0,1.0,8.0,2.0,3.0,0.0,0.0,0.0,0.0,0.0,0.0,0.0,1.0,1.0,0.0,0.0,0.0,0.0,0.0,0.0,0.0,0.0,1.0,1.0,0.0,0.0,0.0,0.0,0.0,0.0,0.0,0.0,0.0,0.0,0.0,0.0,0.0,0.0,0.0,1.0,0.0,1.0,1.0,1.0,0.0,0.0,1.0,0.0,0.0,1.0,0.0,0.0,0.0,0.0,1.0,1.0,1.0,2.0,1.0,0.0,0.0,1.0,0.0,0.0,0.0,3.0,2.0,3.0,1.0,1.0,0.0,0.0,1.0,0.0,0.0,5.0,0.0,0.0,3.0,0.0,1.0,1.0,0.0,3.0,0.0,3.0,3.0,2.0,0.0,1.0,0.0,2.0,1.0,1.0,2.0,27.0,2.0,2.0,12.0,9.0,9.0,10.0,31.0
CHEMBL3616688,IC50,2.6,37.0,5.0,5.0,0.0,3.0,0.0,3.0,1.0,49.0,11.0,5.0,0.0,3.0,0.0,3.0,0.0,1.0,0.0,0.0,3.0,3.0,3.0,50.0,15.0,8.0,0.0,6.0,0.0,6.0,0.0,0.0,50.0,16.0,5.0,0.0,6.0,0.0,6.0,3.0,0.0,0.0,0.0,57.0,14.0,7.0,0.0,6.0,0.0,6.0,0.0,1.0,0.0,0.0,0.0,0.0,65.0,11.0,6.0,0.0,3.0,0.0,3.0,0.0,0.0,3.0,0.0,3.0,2.0,3.0,0.0,0.0,0.0,66.0,5.0,8.0,0.0,9.0,0.0,9.0,1.0,1.0,3.0,3.0,0.0,62.0,5.0,10.0,0.0,9.0,0.0,9.0,1.0,1.0,0.0,0.0,0.0,59.0,7.0,11.0,0.0,9.0,0.0,9.0,0.0,0.0,0.0,0.0,0.0,0.0,0.0,52.0,6.0,10.0,0.0,12.0,0.0,12.0,0.0,0.0,0.0,0.0,0.0,0.0,0.0,1.0,0.0,0.0,0.0,5.0,1.0,0.0,0.0,0.0,3.0,1.0,1.0,1.0,3.0,1.0,0.0,1.0,0.0,0.0,1.0,1.0,2.0,0.0,2.0,2.0,0.0,3.0,1.0,1.0,12.0,2.0,6.0,0.0,0.0,0.0,0.0,0.0,0.0,0.0,1.0,4.0,0.0,0.0,0.0,0.0,0.0,0.0,0.0,0.0,1.0,1.0,2.0,0.0,0.0,1.0,1.0,0.0,0.0,0.0,0.0,0.0,0.0,0.0,0.0,0.0,0.0,1.0,0.0,1.0,1.0,1.0,0.0,0.0,1.0,0.0,0.0,1.0,0.0,0.0,0.0,0.0,1.0,0.0,0.0,2.0,1.0,0.0,0.0,1.0,0.0,0.0,0.0,2.0,1.0,3.0,1.0,1.0,0.0,0.0,1.0,0.0,0.0,4.0,0.0,0.0,0.0,0.0,2.0,4.0,0.0,3.0,0.0,0.0,0.0,2.0,0.0,1.0,0.0,2.0,0.0,1.0,2.0,27.0,2.0,2.0,10.0,13.0,13.0,12.0,31.0
CHEMBL3616700,IC50,4.0,35.0,5.0,5.0,0.0,3.0,0.0,3.0,1.0,47.0,11.0,5.0,0.0,3.0,0.0,3.0,0.0,1.0,0.0,0.0,3.0,3.0,3.0,48.0,15.0,8.0,0.0,6.0,0.0,6.0,0.0,0.0,48.0,15.0,5.0,0.0,6.0,0.0,6.0,3.0,0.0,0.0,0.0,53.0,12.0,7.0,0.0,6.0,0.0,6.0,0.0,1.0,0.0,0.0,0.0,0.0,57.0,10.0,6.0,0.0,3.0,0.0,3.0,0.0,0.0,3.0,0.0,3.0,2.0,3.0,0.0,0.0,0.0,57.0,5.0,8.0,0.0,9.0,0.0,9.0,1.0,1.0,3.0,3.0,0.0,53.0,5.0,10.0,0.0,9.0,0.0,9.0,1.0,1.0,0.0,0.0,0.0,50.0,6.0,9.0,0.0,9.0,0.0,9.0,0.0,0.0,0.0,0.0,0.0,0.0,0.0,42.0,5.0,8.0,0.0,12.0,0.0,12.0,0.0,0.0,0.0,0.0,0.0,0.0,0.0,1.0,0.0,0.0,0.0,3.0,1.0,0.0,0.0,0.0,1.0,0.0,1.0,1.0,3.0,1.0,0.0,1.0,0.0,0.0,1.0,1.0,2.0,0.0,2.0,2.0,0.0,3.0,1.0,1.0,10.0,2.0,4.0,0.0,0.0,0.0,0.0,0.0,0.0,0.0,1.0,2.0,0.0,0.0,0.0,0.0,0.0,0.0,0.0,0.0,1.0,1.0,0.0,0.0,0.0,1.0,0.0,0.0,0.0,0.0,0.0,0.0,0.0,0.0,0.0,0.0,0.0,1.0,0.0,1.0,1.0,1.0,0.0,0.0,1.0,0.0,0.0,1.0,0.0,0.0,0.0,0.0,1.0,0.0,0.0,2.0,1.0,0.0,0.0,1.0,0.0,0.0,0.0,2.0,1.0,3.0,1.0,1.0,0.0,0.0,1.0,0.0,0.0,4.0,0.0,0.0,0.0,0.0,2.0,2.0,0.0,3.0,0.0,0.0,0.0,2.0,0.0,1.0,0.0,2.0,0.0,1.0,2.0,27.0,2.0,2.0,10.0,11.0,11.0,10.0,31.0
CHEMBL3616701,IC50,2.6,34.0,5.0,5.0,0.0,3.0,0.0,3.0,1.0,46.0,11.0,5.0,0.0,3.0,0.0,3.0,0.0,1.0,0.0,0.0,3.0,3.0,3.0,47.0,14.0,8.0,0.0,6.0,0.0,6.0,0.0,0.0,45.0,14.0,5.0,0.0,6.0,0.0,6.0,3.0,0.0,0.0,0.0,48.0,12.0,7.0,0.0,6.0,0.0,6.0,0.0,1.0,0.0,0.0,0.0,0.0,53.0,10.0,6.0,0.0,3.0,0.0,3.0,0.0,0.0,3.0,0.0,3.0,2.0,3.0,0.0,0.0,0.0,52.0,5.0,8.0,0.0,9.0,0.0,9.0,1.0,1.0,3.0,3.0,0.0,49.0,4.0,8.0,0.0,9.0,0.0,9.0,1.0,1.0,0.0,0.0,0.0,44.0,6.0,9.0,0.0,9.0,0.0,9.0,0.0,0.0,0.0,0.0,0.0,0.0,0.0,40.0,5.0,8.0,0.0,9.0,0.0,9.0,0.0,0.0,0.0,0.0,0.0,0.0,0.0,1.0,1.0,0.0,0.0,2.0,0.0,0.0,0.0,0.0,1.0,0.0,1.0,1.0,3.0,1.0,0.0,1.0,0.0,0.0,1.0,1.0,2.0,0.0,2.0,2.0,0.0,3.0,1.0,1.0,9.0,2.0,3.0,0.0,0.0,0.0,0.0,0.0,0.0,0.0,1.0,1.0,0.0,0.0,0.0,0.0,0.0,0.0,0.0,0.0,1.0,1.0,0.0,0.0,0.0,0.0,0.0,0.0,0.0,0.0,0.0,0.0,0.0,0.0,0.0,0.0,0.0,1.0,0.0,1.0,1.0,1.0,0.0,0.0,1.0,0.0,0.0,1.0,0.0,0.0,0.0,0.0,1.0,0.0,0.0,2.0,1.0,0.0,0.0,1.0,0.0,0.0,0.0,2.0,1.0,3.0,1.0,1.0,0.0,0.0,1.0,0.0,0.0,4.0,0.0,0.0,0.0,0.0,2.0,1.0,0.0,3.0,0.0,0.0,0.0,2.0,0.0,1.0,0.0,2.0,0.0,1.0,2.0,27.0,2.0,2.0,10.0,10.0,10.0,9.0,31.0
CHEMBL3926079,IC50,1.3,32.0,3.0,3.0,2.0,0.0,1.0,1.0,0.0,44.0,3.0,3.0,3.0,0.0,2.0,2.0,0.0,1.0,0.0,0.0,0.0,0.0,0.0,46.0,5.0,5.0,4.0,0.0,2.0,2.0,0.0,0.0,52.0,4.0,3.0,3.0,0.0,1.0,1.0,2.0,0.0,0.0,0.0,56.0,5.0,4.0,5.0,0.0,1.0,1.0,0.0,0.0,0.0,0.0,0.0,0.0,58.0,2.0,3.0,5.0,0.0,2.0,2.0,0.0,0.0,0.0,0.0,0.0,2.0,0.0,0.0,0.0,0.0,51.0,4.0,6.0,4.0,0.0,4.0,4.0,0.0,0.0,0.0,0.0,0.0,39.0,7.0,7.0,1.0,0.0,5.0,5.0,0.0,0.0,0.0,0.0,0.0,25.0,10.0,7.0,1.0,0.0,5.0,5.0,0.0,0.0,0.0,0.0,0.0,0.0,0.0,16.0,8.0,6.0,0.0,0.0,4.0,4.0,0.0,0.0,0.0,0.0,0.0,0.0,0.0,2.0,0.0,0.0,0.0,4.0,1.0,0.0,0.0,0.0,2.0,0.0,1.0,1.0,2.0,1.0,0.0,1.0,0.0,0.0,1.0,0.0,2.0,0.0,2.0,0.0,1.0,0.0,0.0,1.0,11.0,2.0,6.0,0.0,0.0,0.0,1.0,0.0,0.0,0.0,1.0,4.0,0.0,0.0,0.0,0.0,0.0,0.0,0.0,0.0,1.0,3.0,2.0,0.0,0.0,2.0,1.0,0.0,0.0,0.0,0.0,0.0,0.0,0.0,0.0,0.0,0.0,1.0,0.0,1.0,1.0,1.0,0.0,0.0,1.0,0.0,0.0,1.0,0.0,0.0,0.0,0.0,1.0,1.0,1.0,2.0,1.0,0.0,0.0,1.0,0.0,0.0,0.0,1.0,0.0,0.0,2.0,1.0,0.0,0.0,1.0,0.0,0.0,3.0,0.0,0.0,0.0,0.0,2.0,3.0,2.0,0.0,0.0,0.0,0.0,2.0,0.0,1.0,0.0,2.0,1.0,0.0,1.0,21.0,1.0,2.0,8.0,13.0,13.0,11.0,25.0
CHEMBL3898694,IC50,0.7,31.0,3.0,3.0,2.0,0.0,3.0,3.0,0.0,42.0,3.0,3.0,3.0,0.0,6.0,6.0,0.0,1.0,0.0,0.0,0.0,0.0,0.0,44.0,5.0,5.0,4.0,0.0,6.0,6.0,0.0,0.0,49.0,4.0,3.0,3.0,0.0,6.0,6.0,2.0,0.0,0.0,0.0,54.0,4.0,4.0,4.0,0.0,5.0,5.0,0.0,0.0,0.0,1.0,1.0,0.0,56.0,2.0,3.0,5.0,0.0,8.0,8.0,0.0,0.0,0.0,0.0,0.0,2.0,0.0,0.0,0.0,0.0,47.0,4.0,6.0,4.0,0.0,13.0,13.0,0.0,0.0,0.0,0.0,0.0,34.0,7.0,7.0,1.0,0.0,15.0,15.0,0.0,0.0,0.0,0.0,0.0,21.0,10.0,7.0,1.0,0.0,12.0,12.0,0.0,0.0,0.0,0.0,0.0,0.0,0.0,15.0,8.0,6.0,0.0,0.0,5.0,5.0,0.0,0.0,0.0,1.0,0.0,0.0,0.0,2.0,0.0,0.0,0.0,4.0,1.0,0.0,0.0,0.0,2.0,0.0,1.0,1.0,1.0,1.0,0.0,1.0,0.0,0.0,1.0,0.0,2.0,0.0,1.0,1.0,3.0,0.0,0.0,1.0,10.0,2.0,6.0,0.0,0.0,0.0,1.0,0.0,0.0,0.0,1.0,4.0,0.0,0.0,0.0,0.0,0.0,0.0,0.0,0.0,1.0,3.0,2.0,0.0,0.0,2.0,1.0,0.0,0.0,0.0,0.0,0.0,0.0,0.0,0.0,0.0,0.0,1.0,0.0,1.0,1.0,1.0,0.0,0.0,1.0,0.0,0.0,1.0,0.0,0.0,0.0,0.0,1.0,3.0,3.0,2.0,1.0,0.0,0.0,1.0,0.0,0.0,0.0,1.0,0.0,0.0,2.0,1.0,0.0,0.0,1.0,0.0,0.0,3.0,0.0,0.0,0.0,0.0,1.0,3.0,2.0,0.0,0.0,0.0,0.0,2.0,0.0,1.0,0.0,2.0,3.0,0.0,1.0,21.0,1.0,2.0,8.0,12.0,12.0,11.0,25.0
CHEMBL3237910,IC50,360.0,29.0,7.0,4.0,0.0,0.0,0.0,0.0,0.0,40.0,11.0,4.0,0.0,0.0,0.0,0.0,1.0,2.0,0.0,0.0,0.0,0.0,0.0,41.0,13.0,8.0,0.0,0.0,0.0,0.0,0.0,1.0,39.0,12.0,9.0,0.0,0.0,0.0,0.0,2.0,0.0,0.0,0.0,40.0,9.0,10.0,0.0,0.0,0.0,0.0,0.0,0.0,0.0,0.0,0.0,0.0,41.0,11.0,7.0,0.0,0.0,0.0,0.0,0.0,0.0,0.0,0.0,0.0,2.0,0.0,0.0,0.0,0.0,46.0,2.0,7.0,0.0,0.0,0.0,0.0,1.0,1.0,0.0,0.0,0.0,38.0,4.0,10.0,0.0,0.0,0.0,0.0,0.0,0.0,0.0,0.0,0.0,33.0,4.0,5.0,0.0,0.0,0.0,0.0,1.0,2.0,0.0,0.0,1.0,0.0,0.0,27.0,5.0,6.0,0.0,0.0,0.0,0.0,0.0,0.0,0.0,0.0,0.0,0.0,0.0,2.0,1.0,0.0,0.0,6.0,2.0,0.0,0.0,0.0,3.0,0.0,1.0,1.0,4.0,1.0,0.0,1.0,0.0,0.0,1.0,2.0,3.0,0.0,1.0,0.0,0.0,0.0,0.0,1.0,18.0,3.0,14.0,1.0,0.0,5.0,0.0,2.0,1.0,0.0,2.0,15.0,0.0,0.0,0.0,2.0,11.0,7.0,4.0,2.0,1.0,2.0,14.0,0.0,0.0,0.0,14.0,0.0,0.0,9.0,6.0,7.0,3.0,7.0,8.0,4.0,2.0,5.0,2.0,3.0,1.0,7.0,4.0,5.0,9.0,3.0,0.0,4.0,5.0,0.0,0.0,0.0,1.0,0.0,0.0,6.0,4.0,2.0,2.0,3.0,0.0,0.0,0.0,1.0,0.0,0.0,3.0,2.0,0.0,0.0,1.0,0.0,0.0,4.0,0.0,0.0,0.0,0.0,4.0,5.0,1.0,0.0,0.0,0.0,0.0,3.0,0.0,1.0,0.0,2.0,0.0,0.0,0.0,12.0,2.0,5.0,11.0,18.0,18.0,9.0,22.0
CHEMBL3237919,IC50,190.0,29.0,7.0,5.0,0.0,0.0,2.0,2.0,0.0,40.0,11.0,6.0,0.0,0.0,4.0,4.0,1.0,2.0,0.0,0.0,0.0,0.0,0.0,41.0,13.0,8.0,0.0,0.0,4.0,4.0,0.0,2.0,39.0,12.0,10.0,0.0,0.0,4.0,4.0,2.0,0.0,0.0,0.0,40.0,9.0,11.0,0.0,0.0,2.0,2.0,0.0,0.0,0.0,2.0,2.0,1.0,41.0,11.0,9.0,0.0,0.0,2.0,2.0,0.0,0.0,0.0,2.0,2.0,2.0,2.0,0.0,0.0,0.0,46.0,2.0,9.0,0.0,0.0,6.0,6.0,1.0,1.0,0.0,0.0,0.0,38.0,4.0,11.0,0.0,0.0,8.0,8.0,0.0,0.0,0.0,0.0,0.0,33.0,4.0,6.0,0.0,0.0,6.0,6.0,1.0,2.0,0.0,0.0,1.0,0.0,0.0,27.0,5.0,7.0,0.0,0.0,6.0,6.0,0.0,1.0,0.0,0.0,0.0,0.0,0.0,3.0,1.0,0.0,1.0,5.0,3.0,1.0,0.0,0.0,2.0,0.0,1.0,0.0,4.0,1.0,0.0,1.0,0.0,0.0,2.0,2.0,3.0,0.0,1.0,0.0,2.0,0.0,0.0,2.0,18.0,3.0,14.0,1.0,0.0,5.0,0.0,2.0,1.0,0.0,2.0,15.0,0.0,0.0,0.0,2.0,11.0,7.0,4.0,2.0,1.0,2.0,14.0,0.0,0.0,0.0,14.0,0.0,0.0,9.0,6.0,7.0,3.0,7.0,8.0,4.0,2.0,5.0,2.0,3.0,1.0,7.0,4.0,5.0,9.0,3.0,0.0,4.0,5.0,0.0,0.0,0.0,3.0,2.0,2.0,6.0,4.0,2.0,2.0,3.0,0.0,0.0,1.0,2.0,0.0,0.0,3.0,2.0,0.0,0.0,1.0,0.0,1.0,5.0,0.0,0.0,0.0,1.0,4.0,4.0,1.0,0.0,1.0,0.0,0.0,3.0,0.0,1.0,0.0,2.0,2.0,0.0,0.0,12.0,2.0,5.0,12.0,19.0,19.0,9.0,23.0
CHEMBL3237899,IC50,190.0,30.0,7.0,4.0,0.0,0.0,2.0,2.0,0.0,41.0,11.0,4.0,0.0,0.0,4.0,4.0,1.0,2.0,0.0,0.0,0.0,0.0,0.0,42.0,12.0,8.0,0.0,0.0,4.0,4.0,0.0,1.0,39.0,12.0,9.0,0.0,0.0,4.0,4.0,2.0,0.0,0.0,0.0,39.0,9.0,9.0,0.0,0.0,2.0,2.0,0.0,0.0,0.0,2.0,2.0,0.0,41.0,11.0,7.0,0.0,0.0,2.0,2.0,0.0,0.0,0.0,2.0,2.0,2.0,2.0,0.0,0.0,0.0,47.0,4.0,8.0,0.0,0.0,6.0,6.0,0.0,0.0,0.0,0.0,0.0,40.0,2.0,9.0,0.0,0.0,8.0,8.0,1.0,1.0,0.0,0.0,0.0,34.0,4.0,5.0,0.0,0.0,4.0,4.0,0.0,0.0,0.0,0.0,0.0,0.0,0.0,31.0,4.0,5.0,0.0,0.0,6.0,6.0,1.0,2.0,0.0,0.0,1.0,0.0,0.0,2.0,1.0,0.0,0.0,7.0,3.0,0.0,0.0,0.0,3.0,0.0,1.0,1.0,4.0,1.0,0.0,1.0,0.0,0.0,1.0,2.0,3.0,0.0,1.0,0.0,2.0,0.0,0.0,1.0,19.0,3.0,15.0,1.0,0.0,5.0,0.0,3.0,2.0,0.0,2.0,16.0,0.0,0.0,0.0,2.0,11.0,7.0,4.0,2.0,1.0,2.0,14.0,0.0,0.0,1.0,14.0,0.0,0.0,9.0,6.0,7.0,3.0,7.0,8.0,4.0,2.0,5.0,2.0,3.0,1.0,8.0,5.0,8.0,11.0,4.0,0.0,5.0,8.0,0.0,0.0,0.0,1.0,2.0,2.0,6.0,4.0,2.0,4.0,3.0,0.0,0.0,0.0,1.0,0.0,0.0,3.0,2.0,0.0,0.0,1.0,0.0,0.0,4.0,0.0,0.0,0.0,0.0,4.0,6.0,1.0,0.0,0.0,0.0,0.0,3.0,0.0,1.0,0.0,2.0,2.0,0.0,0.0,12.0,2.0,5.0,11.0,19.0,19.0,10.0,22.0
CHEMBL3656280,IC50,800.0,26.0,7.0,4.0,0.0,0.0,2.0,2.0,0.0,35.0,11.0,4.0,0.0,0.0,4.0,4.0,1.0,2.0,0.0,0.0,0.0,0.0,0.0,35.0,10.0,8.0,0.0,0.0,4.0,4.0,0.0,1.0,34.0,11.0,9.0,0.0,0.0,4.0,4.0,2.0,0.0,0.0,0.0,40.0,11.0,9.0,0.0,0.0,2.0,2.0,0.0,0.0,0.0,2.0,2.0,0.0,46.0,6.0,7.0,0.0,0.0,2.0,2.0,0.0,0.0,0.0,2.0,2.0,2.0,2.0,0.0,0.0,0.0,42.0,5.0,9.0,0.0,0.0,6.0,6.0,1.0,1.0,0.0,0.0,0.0,28.0,5.0,8.0,0.0,0.0,4.0,4.0,0.0,0.0,0.0,0.0,0.0,26.0,5.0,6.0,0.0,0.0,6.0,6.0,1.0,2.0,0.0,0.0,1.0,0.0,0.0,21.0,6.0,7.0,0.0,0.0,6.0,6.0,0.0,0.0,0.0,0.0,0.0,0.0,0.0,1.0,0.0,0.0,0.0,4.0,1.0,0.0,0.0,0.0,2.0,0.0,1.0,1.0,5.0,1.0,0.0,1.0,0.0,0.0,1.0,2.0,3.0,0.0,1.0,0.0,2.0,0.0,0.0,1.0,16.0,3.0,11.0,1.0,0.0,4.0,0.0,2.0,1.0,0.0,2.0,10.0,0.0,0.0,0.0,1.0,3.0,0.0,0.0,0.0,1.0,2.0,4.0,0.0,0.0,1.0,3.0,0.0,0.0,0.0,0.0,0.0,0.0,0.0,3.0,1.0,1.0,2.0,1.0,2.0,1.0,7.0,4.0,5.0,9.0,3.0,0.0,4.0,5.0,0.0,0.0,0.0,1.0,2.0,2.0,6.0,4.0,2.0,2.0,3.0,0.0,0.0,0.0,1.0,0.0,0.0,3.0,2.0,0.0,0.0,1.0,0.0,0.0,4.0,0.0,0.0,0.0,0.0,5.0,3.0,0.0,0.0,0.0,0.0,0.0,3.0,0.0,1.0,0.0,2.0,2.0,0.0,0.0,12.0,2.0,5.0,11.0,15.0,15.0,11.0,21.0
CHEMBL219882,IC50,7000.0,31.0,7.0,4.0,0.0,0.0,1.0,1.0,0.0,41.0,7.0,4.0,0.0,0.0,1.0,1.0,0.0,2.0,0.0,0.0,0.0,0.0,0.0,38.0,10.0,9.0,0.0,0.0,2.0,2.0,0.0,0.0,38.0,7.0,6.0,0.0,0.0,1.0,1.0,3.0,0.0,0.0,0.0,42.0,9.0,8.0,0.0,0.0,1.0,1.0,0.0,0.0,0.0,0.0,0.0,0.0,45.0,8.0,7.0,0.0,0.0,0.0,0.0,0.0,0.0,0.0,1.0,1.0,2.0,1.0,0.0,0.0,0.0,47.0,5.0,9.0,0.0,0.0,2.0,2.0,1.0,1.0,0.0,0.0,0.0,47.0,7.0,11.0,0.0,0.0,2.0,2.0,0.0,0.0,0.0,0.0,0.0,45.0,8.0,6.0,0.0,0.0,3.0,3.0,0.0,1.0,0.0,0.0,1.0,0.0,0.0,36.0,9.0,6.0,0.0,0.0,4.0,4.0,0.0,0.0,0.0,0.0,0.0,0.0,0.0,1.0,0.0,0.0,0.0,5.0,1.0,0.0,0.0,0.0,2.0,0.0,1.0,1.0,0.0,1.0,0.0,1.0,0.0,0.0,1.0,0.0,3.0,0.0,1.0,0.0,1.0,0.0,0.0,1.0,9.0,3.0,4.0,0.0,0.0,0.0,0.0,0.0,0.0,0.0,1.0,2.0,0.0,0.0,0.0,0.0,0.0,0.0,0.0,0.0,1.0,2.0,0.0,0.0,0.0,2.0,0.0,0.0,0.0,0.0,0.0,0.0,0.0,0.0,0.0,0.0,0.0,2.0,1.0,2.0,1.0,2.0,1.0,0.0,3.0,0.0,0.0,2.0,0.0,0.0,0.0,0.0,1.0,1.0,0.0,5.0,4.0,0.0,0.0,3.0,0.0,0.0,0.0,1.0,0.0,0.0,2.0,2.0,0.0,0.0,1.0,0.0,0.0,4.0,0.0,0.0,0.0,0.0,0.0,2.0,1.0,0.0,0.0,0.0,0.0,3.0,0.0,1.0,0.0,3.0,1.0,1.0,1.0,24.0,1.0,4.0,11.0,12.0,12.0,14.0,29.0
CHEMBL2159352,IC50,9.3,34.0,5.0,5.0,0.0,3.0,0.0,3.0,1.0,46.0,11.0,5.0,0.0,3.0,0.0,3.0,0.0,1.0,0.0,0.0,3.0,3.0,3.0,48.0,13.0,7.0,0.0,6.0,0.0,6.0,0.0,0.0,43.0,15.0,5.0,0.0,6.0,0.0,6.0,2.0,0.0,0.0,0.0,45.0,13.0,6.0,0.0,6.0,0.0,6.0,0.0,0.0,0.0,0.0,0.0,0.0,50.0,9.0,4.0,0.0,6.0,0.0,6.0,0.0,0.0,3.0,0.0,3.0,2.0,0.0,0.0,0.0,0.0,54.0,5.0,6.0,0.0,3.0,0.0,3.0,1.0,1.0,3.0,3.0,0.0,54.0,3.0,6.0,0.0,6.0,0.0,6.0,1.0,2.0,0.0,0.0,0.0,46.0,6.0,7.0,0.0,12.0,0.0,12.0,0.0,1.0,0.0,0.0,0.0,0.0,0.0,38.0,6.0,8.0,0.0,12.0,0.0,12.0,0.0,0.0,0.0,0.0,0.0,0.0,0.0,1.0,1.0,0.0,0.0,2.0,0.0,0.0,0.0,0.0,1.0,0.0,1.0,1.0,3.0,1.0,0.0,1.0,0.0,0.0,1.0,1.0,2.0,0.0,1.0,3.0,0.0,3.0,1.0,1.0,9.0,2.0,3.0,0.0,0.0,0.0,0.0,0.0,0.0,0.0,1.0,1.0,0.0,0.0,0.0,0.0,0.0,0.0,0.0,0.0,1.0,1.0,0.0,0.0,0.0,0.0,0.0,0.0,0.0,0.0,0.0,0.0,0.0,0.0,0.0,0.0,0.0,1.0,0.0,1.0,1.0,1.0,0.0,0.0,1.0,0.0,0.0,1.0,0.0,0.0,0.0,0.0,1.0,0.0,0.0,2.0,1.0,0.0,0.0,1.0,0.0,0.0,0.0,2.0,1.0,3.0,1.0,1.0,0.0,0.0,1.0,0.0,0.0,4.0,0.0,0.0,0.0,0.0,2.0,1.0,0.0,3.0,0.0,0.0,0.0,2.0,0.0,1.0,0.0,2.0,0.0,1.0,2.0,27.0,2.0,2.0,10.0,10.0,10.0,9.0,31.0
CHEMBL161431,IC50,150.0,21.0,2.0,8.0,0.0,2.0,1.0,3.0,1.0,27.0,4.0,10.0,0.0,4.0,2.0,6.0,0.0,1.0,0.0,0.0,0.0,0.0,0.0,23.0,6.0,12.0,0.0,4.0,2.0,6.0,0.0,1.0,15.0,8.0,15.0,0.0,3.0,2.0,5.0,0.0,0.0,0.0,1.0,20.0,6.0,9.0,0.0,1.0,0.0,1.0,0.0,2.0,0.0,1.0,1.0,0.0,22.0,4.0,6.0,0.0,1.0,0.0,1.0,0.0,4.0,0.0,1.0,1.0,1.0,1.0,0.0,0.0,0.0,23.0,3.0,8.0,0.0,3.0,1.0,4.0,0.0,2.0,0.0,0.0,0.0,22.0,2.0,7.0,0.0,4.0,1.0,5.0,0.0,0.0,0.0,0.0,2.0,16.0,3.0,8.0,0.0,5.0,2.0,7.0,0.0,0.0,0.0,0.0,1.0,2.0,2.0,11.0,4.0,9.0,0.0,4.0,2.0,6.0,0.0,0.0,0.0,0.0,0.0,0.0,0.0,0.0,0.0,0.0,0.0,1.0,0.0,0.0,0.0,0.0,0.0,0.0,0.0,0.0,2.0,1.0,0.0,1.0,0.0,0.0,1.0,0.0,1.0,0.0,0.0,2.0,1.0,2.0,3.0,1.0,5.0,1.0,0.0,0.0,0.0,0.0,0.0,0.0,0.0,0.0,0.0,0.0,0.0,0.0,0.0,0.0,0.0,0.0,0.0,0.0,0.0,0.0,0.0,0.0,0.0,0.0,0.0,0.0,0.0,0.0,0.0,0.0,0.0,0.0,0.0,0.0,0.0,0.0,0.0,0.0,0.0,0.0,0.0,0.0,0.0,0.0,0.0,0.0,0.0,0.0,0.0,0.0,0.0,1.0,1.0,1.0,0.0,0.0,0.0,0.0,0.0,0.0,0.0,3.0,3.0,2.0,2.0,1.0,0.0,0.0,0.0,0.0,0.0,5.0,0.0,0.0,0.0,0.0,0.0,0.0,0.0,0.0,0.0,0.0,0.0,2.0,0.0,0.0,0.0,2.0,1.0,0.0,0.0,18.0,0.0,4.0,10.0,8.0,8.0,9.0,21.0
CHEMBL152691,IC50,6.1,32.0,6.0,5.0,0.0,0.0,0.0,1.0,1.0,43.0,8.0,7.0,0.0,0.0,0.0,2.0,0.0,2.0,0.0,0.0,0.0,0.0,0.0,43.0,9.0,10.0,0.0,0.0,0.0,2.0,0.0,2.0,31.0,13.0,12.0,0.0,0.0,0.0,1.0,1.0,0.0,0.0,0.0,24.0,16.0,11.0,0.0,0.0,0.0,1.0,0.0,0.0,0.0,0.0,0.0,0.0,25.0,11.0,7.0,0.0,0.0,0.0,2.0,1.0,3.0,0.0,0.0,0.0,1.0,0.0,0.0,0.0,0.0,31.0,6.0,9.0,0.0,0.0,0.0,2.0,1.0,2.0,0.0,0.0,0.0,34.0,5.0,11.0,0.0,0.0,0.0,0.0,0.0,0.0,0.0,1.0,0.0,36.0,2.0,6.0,0.0,0.0,0.0,1.0,1.0,1.0,0.0,0.0,1.0,0.0,0.0,32.0,4.0,6.0,0.0,0.0,0.0,1.0,1.0,1.0,0.0,0.0,0.0,0.0,1.0,0.0,0.0,0.0,0.0,4.0,0.0,0.0,0.0,0.0,1.0,0.0,0.0,1.0,0.0,1.0,0.0,1.0,0.0,0.0,1.0,0.0,2.0,0.0,1.0,1.0,0.0,0.0,1.0,1.0,10.0,2.0,4.0,1.0,0.0,0.0,0.0,0.0,0.0,0.0,1.0,1.0,0.0,0.0,0.0,0.0,0.0,0.0,0.0,0.0,0.0,1.0,0.0,0.0,0.0,1.0,0.0,0.0,0.0,0.0,0.0,0.0,0.0,0.0,0.0,0.0,0.0,1.0,1.0,1.0,0.0,3.0,3.0,3.0,6.0,2.0,0.0,2.0,3.0,0.0,0.0,2.0,1.0,0.0,0.0,4.0,3.0,2.0,0.0,2.0,0.0,0.0,2.0,1.0,1.0,0.0,4.0,2.0,0.0,0.0,0.0,0.0,1.0,4.0,0.0,0.0,0.0,0.0,0.0,1.0,0.0,0.0,0.0,0.0,0.0,3.0,0.0,0.0,0.0,2.0,0.0,0.0,0.0,22.0,1.0,6.0,11.0,11.0,11.0,9.0,29.0
CHEMBL3939861,IC50,1.1,31.0,3.0,3.0,2.0,1.0,1.0,2.0,0.0,42.0,3.0,3.0,3.0,2.0,2.0,4.0,0.0,1.0,0.0,0.0,0.0,0.0,0.0,44.0,5.0,5.0,4.0,2.0,2.0,4.0,0.0,0.0,49.0,4.0,3.0,3.0,3.0,1.0,4.0,2.0,0.0,0.0,0.0,54.0,4.0,4.0,4.0,2.0,1.0,3.0,0.0,0.0,1.0,0.0,1.0,0.0,56.0,2.0,3.0,5.0,2.0,2.0,4.0,0.0,0.0,0.0,0.0,0.0,2.0,0.0,0.0,0.0,0.0,47.0,4.0,6.0,4.0,4.0,4.0,8.0,0.0,0.0,0.0,0.0,0.0,34.0,7.0,7.0,1.0,5.0,5.0,10.0,0.0,0.0,0.0,0.0,0.0,21.0,10.0,7.0,1.0,4.0,5.0,9.0,0.0,0.0,0.0,0.0,0.0,0.0,0.0,15.0,8.0,6.0,0.0,1.0,3.0,4.0,0.0,0.0,0.0,0.0,0.0,0.0,0.0,2.0,0.0,0.0,0.0,4.0,1.0,0.0,0.0,0.0,2.0,0.0,1.0,1.0,1.0,1.0,0.0,1.0,0.0,0.0,1.0,0.0,2.0,0.0,2.0,0.0,1.0,1.0,0.0,1.0,10.0,2.0,6.0,0.0,0.0,0.0,1.0,0.0,0.0,0.0,1.0,4.0,0.0,0.0,0.0,0.0,0.0,0.0,0.0,0.0,1.0,3.0,2.0,0.0,0.0,2.0,1.0,0.0,0.0,0.0,0.0,0.0,0.0,0.0,0.0,0.0,0.0,1.0,0.0,1.0,1.0,1.0,0.0,0.0,1.0,0.0,0.0,1.0,0.0,0.0,0.0,0.0,1.0,1.0,1.0,2.0,1.0,0.0,0.0,1.0,0.0,0.0,0.0,1.0,0.0,1.0,2.0,1.0,0.0,0.0,1.0,0.0,0.0,3.0,0.0,0.0,0.0,0.0,1.0,3.0,2.0,0.0,0.0,0.0,0.0,2.0,0.0,1.0,0.0,2.0,1.0,0.0,1.0,21.0,1.0,2.0,8.0,12.0,12.0,11.0,25.0
CHEMBL3800146,IC50,14500.0,26.0,5.0,3.0,2.0,0.0,2.0,2.0,1.0,33.0,11.0,3.0,3.0,0.0,4.0,4.0,0.0,1.0,0.0,0.0,0.0,0.0,0.0,30.0,13.0,5.0,1.0,0.0,4.0,4.0,0.0,0.0,30.0,14.0,3.0,2.0,0.0,4.0,4.0,2.0,0.0,0.0,0.0,34.0,10.0,5.0,3.0,0.0,2.0,2.0,0.0,0.0,0.0,2.0,2.0,0.0,36.0,5.0,4.0,5.0,0.0,2.0,2.0,0.0,0.0,0.0,2.0,2.0,2.0,0.0,0.0,0.0,0.0,38.0,1.0,4.0,4.0,0.0,4.0,4.0,1.0,1.0,0.0,0.0,0.0,30.0,2.0,5.0,2.0,0.0,6.0,6.0,1.0,1.0,0.0,0.0,0.0,18.0,5.0,7.0,1.0,0.0,10.0,10.0,0.0,0.0,0.0,0.0,0.0,0.0,0.0,12.0,4.0,6.0,0.0,0.0,4.0,4.0,0.0,0.0,0.0,0.0,0.0,0.0,0.0,1.0,0.0,0.0,0.0,4.0,1.0,0.0,0.0,0.0,2.0,0.0,1.0,1.0,0.0,1.0,0.0,1.0,0.0,0.0,1.0,0.0,2.0,0.0,0.0,1.0,2.0,0.0,0.0,1.0,7.0,2.0,4.0,0.0,0.0,0.0,0.0,0.0,0.0,0.0,1.0,2.0,0.0,0.0,0.0,0.0,0.0,0.0,0.0,0.0,1.0,2.0,0.0,0.0,0.0,1.0,0.0,0.0,0.0,0.0,0.0,0.0,0.0,0.0,0.0,0.0,0.0,1.0,0.0,1.0,1.0,1.0,0.0,0.0,1.0,0.0,0.0,1.0,0.0,0.0,0.0,0.0,1.0,2.0,2.0,2.0,1.0,0.0,0.0,1.0,0.0,0.0,0.0,1.0,0.0,0.0,1.0,1.0,0.0,0.0,1.0,0.0,0.0,3.0,0.0,0.0,0.0,0.0,0.0,3.0,0.0,0.0,0.0,0.0,0.0,2.0,0.0,1.0,0.0,2.0,2.0,1.0,3.0,22.0,3.0,2.0,10.0,10.0,10.0,6.0,24.0
CHEMBL3797757,IC50,20200.0,33.0,5.0,5.0,0.0,0.0,2.0,2.0,1.0,43.0,12.0,5.0,0.0,0.0,4.0,4.0,0.0,1.0,0.0,0.0,0.0,0.0,0.0,45.0,13.0,7.0,0.0,0.0,4.0,4.0,0.0,0.0,40.0,14.0,8.0,0.0,0.0,4.0,4.0,2.0,0.0,0.0,0.0,44.0,11.0,6.0,0.0,0.0,2.0,2.0,0.0,0.0,0.0,2.0,2.0,0.0,49.0,8.0,4.0,0.0,0.0,2.0,2.0,0.0,0.0,0.0,2.0,2.0,2.0,0.0,0.0,0.0,0.0,49.0,5.0,6.0,0.0,0.0,4.0,4.0,1.0,1.0,0.0,0.0,0.0,47.0,3.0,6.0,0.0,0.0,8.0,8.0,1.0,2.0,0.0,0.0,0.0,39.0,7.0,7.0,0.0,0.0,8.0,8.0,0.0,1.0,0.0,0.0,0.0,0.0,0.0,32.0,7.0,8.0,0.0,0.0,8.0,8.0,0.0,0.0,0.0,0.0,0.0,0.0,0.0,2.0,2.0,1.0,0.0,1.0,1.0,0.0,0.0,0.0,0.0,0.0,0.0,1.0,3.0,1.0,1.0,1.0,0.0,0.0,1.0,0.0,2.0,0.0,1.0,2.0,2.0,0.0,1.0,1.0,8.0,2.0,4.0,0.0,0.0,0.0,0.0,1.0,1.0,0.0,1.0,2.0,0.0,0.0,0.0,0.0,0.0,0.0,1.0,1.0,1.0,1.0,1.0,0.0,1.0,0.0,0.0,0.0,0.0,0.0,0.0,0.0,0.0,0.0,0.0,0.0,0.0,1.0,0.0,1.0,1.0,2.0,0.0,0.0,2.0,0.0,0.0,2.0,0.0,0.0,0.0,0.0,1.0,2.0,2.0,2.0,1.0,0.0,1.0,1.0,0.0,0.0,0.0,2.0,1.0,0.0,1.0,1.0,0.0,0.0,1.0,0.0,0.0,4.0,0.0,0.0,0.0,0.0,2.0,1.0,0.0,0.0,0.0,0.0,0.0,2.0,0.0,1.0,0.0,2.0,2.0,1.0,2.0,27.0,2.0,2.0,10.0,10.0,10.0,8.0,31.0
CHEMBL104761,IC50,4800.0,19.0,2.0,4.0,0.0,0.0,0.0,0.0,1.0,25.0,4.0,5.0,0.0,0.0,0.0,0.0,0.0,1.0,0.0,0.0,0.0,0.0,0.0,23.0,6.0,6.0,0.0,0.0,0.0,0.0,0.0,1.0,14.0,9.0,7.0,0.0,0.0,0.0,0.0,0.0,0.0,0.0,0.0,10.0,9.0,3.0,0.0,0.0,0.0,0.0,0.0,1.0,0.0,0.0,0.0,1.0,9.0,6.0,3.0,0.0,0.0,0.0,0.0,0.0,2.0,0.0,0.0,0.0,1.0,0.0,0.0,0.0,0.0,13.0,2.0,4.0,0.0,0.0,0.0,0.0,0.0,1.0,0.0,0.0,0.0,16.0,0.0,5.0,0.0,0.0,0.0,0.0,0.0,0.0,0.0,0.0,0.0,16.0,0.0,4.0,0.0,0.0,0.0,0.0,0.0,0.0,0.0,0.0,0.0,0.0,0.0,13.0,0.0,5.0,0.0,0.0,0.0,0.0,0.0,0.0,0.0,0.0,0.0,0.0,0.0,0.0,0.0,0.0,0.0,0.0,0.0,0.0,0.0,0.0,0.0,0.0,0.0,0.0,1.0,1.0,0.0,1.0,0.0,0.0,1.0,0.0,1.0,0.0,0.0,1.0,0.0,0.0,1.0,1.0,3.0,1.0,0.0,0.0,0.0,0.0,0.0,0.0,0.0,0.0,0.0,0.0,0.0,0.0,0.0,0.0,0.0,0.0,0.0,0.0,0.0,0.0,0.0,0.0,0.0,0.0,0.0,0.0,0.0,0.0,0.0,0.0,0.0,0.0,0.0,0.0,0.0,0.0,0.0,0.0,0.0,0.0,0.0,0.0,0.0,0.0,0.0,0.0,0.0,0.0,0.0,0.0,0.0,0.0,0.0,1.0,0.0,0.0,0.0,0.0,0.0,0.0,0.0,1.0,1.0,0.0,2.0,1.0,0.0,0.0,0.0,0.0,0.0,3.0,0.0,0.0,0.0,0.0,0.0,0.0,0.0,0.0,0.0,0.0,0.0,2.0,0.0,0.0,0.0,2.0,0.0,0.0,0.0,16.0,0.0,4.0,6.0,5.0,5.0,5.0,19.0
CHEMBL4857992,IC50,37.1,123.0,71.0,47.0,2.0,0.0,0.0,0.0,0.0,140.0,93.0,52.0,1.0,0.0,0.0,0.0,6.0,32.0,0.0,0.0,0.0,0.0,0.0,158.0,65.0,75.0,1.0,0.0,0.0,0.0,27.0,34.0,148.0,109.0,120.0,1.0,0.0,0.0,0.0,13.0,0.0,0.0,7.0,165.0,124.0,96.0,1.0,0.0,0.0,0.0,7.0,37.0,0.0,0.0,0.0,37.0,204.0,85.0,121.0,2.0,0.0,0.0,0.0,32.0,42.0,0.0,0.0,0.0,9.0,0.0,0.0,0.0,0.0,212.0,120.0,159.0,3.0,0.0,0.0,0.0,8.0,23.0,0.0,0.0,13.0,226.0,135.0,128.0,3.0,0.0,0.0,0.0,11.0,44.0,0.0,0.0,41.0,253.0,98.0,139.0,4.0,0.0,0.0,0.0,30.0,46.0,0.0,0.0,15.0,0.0,0.0,245.0,129.0,169.0,3.0,0.0,0.0,0.0,9.0,25.0,0.0,0.0,13.0,0.0,0.0,33.0,7.0,26.0,26.0,36.0,25.0,21.0,21.0,20.0,12.0,4.0,3.0,9.0,11.0,29.0,26.0,27.0,25.0,9.0,12.0,0.0,35.0,5.0,2.0,0.0,0.0,0.0,0.0,12.0,117.0,35.0,86.0,32.0,26.0,3.0,0.0,27.0,26.0,25.0,35.0,61.0,31.0,26.0,25.0,0.0,3.0,0.0,19.0,19.0,34.0,4.0,31.0,22.0,25.0,4.0,13.0,14.0,15.0,2.0,0.0,0.0,0.0,0.0,18.0,36.0,11.0,53.0,0.0,19.0,10.0,90.0,0.0,0.0,82.0,53.0,51.0,53.0,53.0,26.0,26.0,6.0,13.0,0.0,0.0,67.0,29.0,27.0,26.0,27.0,0.0,26.0,6.0,10.0,0.0,0.0,40.0,32.0,27.0,27.0,9.0,27.0,7.0,47.0,4.0,26.0,0.0,6.0,10.0,27.0,3.0,0.0,7.0,0.0,0.0,35.0,5.0,27.0,23.0,0.0,0.0,0.0,1.0,33.0,1.0,0.0,120.0,174.0,174.0,140.0,132.0
CHEMBL3238246,IC50,24.0,33.0,9.0,2.0,0.0,0.0,2.0,2.0,3.0,47.0,15.0,2.0,0.0,0.0,4.0,4.0,4.0,2.0,0.0,0.0,0.0,0.0,0.0,46.0,15.0,6.0,0.0,0.0,4.0,4.0,2.0,1.0,46.0,15.0,9.0,0.0,0.0,4.0,4.0,0.0,0.0,0.0,0.0,51.0,17.0,8.0,0.0,0.0,2.0,2.0,0.0,2.0,0.0,2.0,2.0,0.0,60.0,18.0,6.0,0.0,0.0,2.0,2.0,0.0,2.0,0.0,2.0,2.0,0.0,2.0,0.0,0.0,0.0,67.0,13.0,6.0,0.0,0.0,6.0,6.0,1.0,1.0,0.0,0.0,0.0,56.0,11.0,7.0,0.0,0.0,8.0,8.0,0.0,0.0,0.0,0.0,0.0,52.0,9.0,4.0,0.0,0.0,8.0,8.0,1.0,2.0,0.0,0.0,1.0,0.0,0.0,41.0,11.0,7.0,0.0,0.0,8.0,8.0,2.0,0.0,0.0,0.0,0.0,0.0,0.0,2.0,0.0,0.0,0.0,7.0,3.0,0.0,0.0,0.0,3.0,0.0,1.0,0.0,6.0,1.0,0.0,1.0,0.0,0.0,0.0,3.0,2.0,0.0,1.0,0.0,2.0,0.0,0.0,0.0,21.0,2.0,17.0,1.0,0.0,9.0,0.0,2.0,1.0,0.0,1.0,22.0,0.0,0.0,0.0,3.0,14.0,7.0,4.0,2.0,0.0,2.0,18.0,0.0,0.0,1.0,17.0,0.0,0.0,9.0,6.0,7.0,3.0,7.0,11.0,5.0,3.0,5.0,3.0,3.0,0.0,6.0,4.0,5.0,8.0,3.0,0.0,3.0,5.0,0.0,0.0,0.0,0.0,2.0,2.0,6.0,4.0,2.0,2.0,3.0,0.0,0.0,0.0,0.0,0.0,0.0,3.0,2.0,0.0,0.0,0.0,0.0,0.0,2.0,0.0,0.0,0.0,0.0,6.0,6.0,1.0,0.0,0.0,0.0,0.0,2.0,0.0,1.0,0.0,2.0,2.0,3.0,4.0,17.0,6.0,5.0,11.0,23.0,23.0,11.0,24.0
CHEMBL3237921,IC50,72.0,31.0,9.0,2.0,0.0,0.0,2.0,2.0,3.0,41.0,15.0,2.0,0.0,0.0,4.0,4.0,4.0,2.0,0.0,0.0,0.0,0.0,0.0,43.0,16.0,6.0,0.0,0.0,4.0,4.0,2.0,1.0,46.0,14.0,9.0,0.0,0.0,4.0,4.0,0.0,0.0,0.0,0.0,49.0,15.0,9.0,0.0,0.0,2.0,2.0,0.0,2.0,0.0,2.0,2.0,0.0,47.0,17.0,5.0,0.0,0.0,2.0,2.0,0.0,2.0,0.0,2.0,2.0,0.0,2.0,0.0,0.0,0.0,52.0,10.0,3.0,0.0,0.0,6.0,6.0,1.0,1.0,0.0,0.0,0.0,43.0,12.0,8.0,0.0,0.0,8.0,8.0,0.0,0.0,0.0,0.0,0.0,42.0,8.0,3.0,0.0,0.0,10.0,10.0,1.0,2.0,0.0,0.0,1.0,0.0,0.0,28.0,8.0,4.0,0.0,0.0,6.0,6.0,2.0,0.0,0.0,0.0,0.0,0.0,0.0,3.0,0.0,0.0,0.0,6.0,2.0,0.0,0.0,0.0,2.0,0.0,1.0,0.0,3.0,1.0,0.0,1.0,0.0,0.0,0.0,2.0,2.0,0.0,1.0,0.0,2.0,0.0,0.0,0.0,18.0,2.0,15.0,1.0,0.0,7.0,0.0,2.0,1.0,0.0,1.0,17.0,0.0,0.0,0.0,2.0,11.0,7.0,4.0,2.0,0.0,2.0,15.0,0.0,0.0,2.0,14.0,0.0,0.0,9.0,6.0,7.0,3.0,7.0,8.0,5.0,3.0,6.0,4.0,4.0,0.0,6.0,4.0,5.0,8.0,3.0,0.0,3.0,5.0,0.0,0.0,0.0,0.0,2.0,2.0,6.0,4.0,2.0,2.0,3.0,0.0,0.0,0.0,0.0,0.0,0.0,3.0,2.0,0.0,0.0,0.0,0.0,0.0,2.0,0.0,0.0,0.0,0.0,3.0,5.0,2.0,0.0,0.0,0.0,0.0,2.0,0.0,1.0,0.0,2.0,2.0,3.0,4.0,17.0,6.0,5.0,11.0,21.0,21.0,9.0,26.0
CHEMBL3237923,IC50,55.0,30.0,9.0,2.0,0.0,0.0,2.0,2.0,3.0,41.0,15.0,2.0,0.0,0.0,4.0,4.0,4.0,2.0,0.0,0.0,0.0,0.0,0.0,43.0,15.0,6.0,0.0,0.0,4.0,4.0,2.0,1.0,43.0,15.0,9.0,0.0,0.0,4.0,4.0,0.0,0.0,0.0,0.0,48.0,14.0,8.0,0.0,0.0,2.0,2.0,0.0,2.0,0.0,2.0,2.0,0.0,48.0,18.0,6.0,0.0,0.0,2.0,2.0,0.0,2.0,0.0,2.0,2.0,0.0,2.0,0.0,0.0,0.0,52.0,10.0,3.0,0.0,0.0,6.0,6.0,1.0,1.0,0.0,0.0,0.0,44.0,11.0,7.0,0.0,0.0,8.0,8.0,0.0,0.0,0.0,0.0,0.0,40.0,9.0,4.0,0.0,0.0,8.0,8.0,1.0,2.0,0.0,0.0,1.0,0.0,0.0,32.0,8.0,4.0,0.0,0.0,8.0,8.0,2.0,0.0,0.0,0.0,0.0,0.0,0.0,2.0,0.0,0.0,0.0,7.0,3.0,0.0,0.0,0.0,3.0,0.0,1.0,0.0,4.0,1.0,0.0,1.0,0.0,0.0,0.0,2.0,2.0,0.0,1.0,0.0,2.0,0.0,0.0,0.0,18.0,2.0,14.0,1.0,0.0,5.0,0.0,2.0,1.0,0.0,1.0,16.0,0.0,0.0,0.0,2.0,11.0,7.0,4.0,2.0,0.0,2.0,15.0,0.0,0.0,1.0,14.0,0.0,0.0,9.0,6.0,7.0,3.0,7.0,8.0,5.0,3.0,5.0,3.0,3.0,0.0,6.0,4.0,5.0,8.0,3.0,0.0,3.0,5.0,0.0,0.0,0.0,0.0,2.0,2.0,6.0,4.0,2.0,2.0,3.0,0.0,0.0,0.0,0.0,0.0,0.0,3.0,2.0,0.0,0.0,0.0,0.0,0.0,2.0,0.0,0.0,0.0,0.0,4.0,6.0,1.0,0.0,0.0,0.0,0.0,2.0,0.0,1.0,0.0,2.0,2.0,3.0,4.0,17.0,6.0,5.0,11.0,20.0,20.0,10.0,23.0
CHEMBL3238222,IC50,13.0,33.0,9.0,2.0,0.0,2.0,0.0,2.0,3.0,47.0,15.0,2.0,0.0,4.0,0.0,4.0,4.0,2.0,0.0,0.0,0.0,0.0,0.0,46.0,15.0,6.0,0.0,4.0,0.0,4.0,2.0,1.0,46.0,15.0,9.0,0.0,3.0,0.0,3.0,0.0,0.0,0.0,0.0,51.0,17.0,8.0,0.0,2.0,0.0,2.0,0.0,2.0,1.0,0.0,1.0,0.0,60.0,18.0,6.0,0.0,2.0,0.0,2.0,0.0,2.0,2.0,0.0,2.0,0.0,1.0,0.0,0.0,0.0,67.0,13.0,6.0,0.0,4.0,0.0,4.0,1.0,1.0,1.0,1.0,0.0,56.0,11.0,7.0,0.0,7.0,0.0,7.0,0.0,0.0,0.0,0.0,0.0,52.0,9.0,4.0,0.0,8.0,0.0,8.0,1.0,2.0,0.0,0.0,1.0,0.0,0.0,41.0,11.0,7.0,0.0,8.0,0.0,8.0,2.0,0.0,0.0,0.0,0.0,0.0,0.0,2.0,0.0,0.0,0.0,7.0,3.0,0.0,0.0,0.0,3.0,0.0,1.0,0.0,6.0,1.0,0.0,1.0,0.0,0.0,0.0,3.0,2.0,0.0,1.0,1.0,0.0,2.0,0.0,0.0,21.0,2.0,17.0,1.0,0.0,9.0,0.0,2.0,1.0,0.0,1.0,22.0,0.0,0.0,0.0,3.0,14.0,7.0,4.0,2.0,0.0,2.0,18.0,0.0,0.0,1.0,17.0,0.0,0.0,9.0,6.0,7.0,3.0,7.0,11.0,5.0,3.0,5.0,3.0,3.0,0.0,6.0,4.0,5.0,8.0,3.0,0.0,3.0,5.0,0.0,0.0,0.0,0.0,0.0,0.0,6.0,4.0,2.0,2.0,3.0,0.0,0.0,0.0,0.0,0.0,2.0,3.0,2.0,0.0,0.0,0.0,0.0,0.0,2.0,0.0,0.0,0.0,0.0,6.0,6.0,1.0,0.0,0.0,0.0,0.0,2.0,0.0,1.0,0.0,2.0,0.0,3.0,4.0,17.0,6.0,5.0,11.0,23.0,23.0,11.0,24.0
CHEMBL3238224,IC50,15.0,33.0,9.0,4.0,0.0,0.0,0.0,0.0,3.0,48.0,15.0,4.0,0.0,0.0,0.0,0.0,4.0,2.0,0.0,0.0,0.0,0.0,0.0,48.0,15.0,8.0,0.0,0.0,0.0,0.0,2.0,1.0,48.0,15.0,11.0,0.0,0.0,0.0,0.0,0.0,0.0,0.0,0.0,53.0,17.0,9.0,0.0,0.0,0.0,0.0,0.0,3.0,0.0,0.0,0.0,0.0,61.0,19.0,7.0,0.0,0.0,0.0,0.0,0.0,3.0,0.0,0.0,0.0,1.0,0.0,0.0,0.0,0.0,68.0,14.0,10.0,0.0,0.0,0.0,0.0,1.0,1.0,0.0,0.0,0.0,59.0,11.0,11.0,0.0,0.0,0.0,0.0,0.0,0.0,0.0,0.0,0.0,56.0,9.0,8.0,0.0,0.0,0.0,0.0,1.0,2.0,0.0,0.0,1.0,0.0,0.0,45.0,11.0,11.0,0.0,0.0,0.0,0.0,2.0,0.0,0.0,0.0,0.0,0.0,0.0,2.0,0.0,0.0,0.0,7.0,3.0,0.0,0.0,0.0,3.0,0.0,1.0,0.0,7.0,1.0,0.0,1.0,0.0,0.0,0.0,3.0,2.0,0.0,1.0,0.0,0.0,0.0,1.0,0.0,22.0,2.0,17.0,1.0,0.0,9.0,0.0,2.0,1.0,0.0,1.0,22.0,0.0,0.0,0.0,3.0,14.0,7.0,4.0,2.0,0.0,2.0,18.0,0.0,0.0,1.0,17.0,0.0,0.0,9.0,6.0,7.0,3.0,7.0,11.0,5.0,3.0,5.0,3.0,3.0,0.0,6.0,4.0,5.0,8.0,3.0,0.0,3.0,5.0,0.0,0.0,0.0,0.0,0.0,0.0,6.0,4.0,2.0,2.0,3.0,0.0,0.0,0.0,1.0,1.0,0.0,3.0,2.0,0.0,0.0,0.0,0.0,0.0,3.0,0.0,0.0,0.0,0.0,6.0,6.0,1.0,0.0,0.0,0.0,0.0,2.0,0.0,1.0,0.0,2.0,0.0,3.0,4.0,17.0,6.0,5.0,13.0,24.0,24.0,12.0,24.0
CHEMBL3238235,IC50,600.0,32.0,9.0,2.0,0.0,0.0,2.0,2.0,3.0,47.0,12.0,2.0,0.0,0.0,4.0,4.0,6.0,2.0,0.0,0.0,0.0,0.0,0.0,45.0,15.0,6.0,0.0,0.0,4.0,4.0,2.0,1.0,45.0,17.0,8.0,0.0,0.0,4.0,4.0,2.0,0.0,0.0,0.0,49.0,19.0,8.0,0.0,0.0,2.0,2.0,0.0,2.0,0.0,2.0,2.0,0.0,58.0,20.0,6.0,0.0,0.0,2.0,2.0,0.0,0.0,0.0,2.0,2.0,0.0,2.0,0.0,0.0,0.0,66.0,11.0,6.0,0.0,0.0,6.0,6.0,1.0,1.0,0.0,0.0,0.0,55.0,9.0,7.0,0.0,0.0,8.0,8.0,0.0,0.0,0.0,0.0,0.0,51.0,8.0,4.0,0.0,0.0,8.0,8.0,3.0,2.0,0.0,0.0,1.0,0.0,0.0,38.0,15.0,7.0,0.0,0.0,8.0,8.0,2.0,0.0,0.0,0.0,0.0,0.0,0.0,2.0,0.0,0.0,0.0,6.0,3.0,0.0,0.0,0.0,3.0,0.0,0.0,0.0,6.0,1.0,0.0,1.0,0.0,0.0,0.0,3.0,2.0,0.0,1.0,0.0,2.0,0.0,0.0,0.0,20.0,2.0,17.0,1.0,0.0,9.0,0.0,2.0,1.0,0.0,1.0,22.0,0.0,0.0,0.0,3.0,14.0,7.0,4.0,2.0,0.0,2.0,18.0,0.0,0.0,1.0,17.0,0.0,0.0,9.0,6.0,7.0,3.0,7.0,11.0,5.0,3.0,5.0,3.0,3.0,0.0,6.0,4.0,5.0,8.0,3.0,0.0,3.0,5.0,0.0,0.0,0.0,0.0,2.0,2.0,5.0,3.0,2.0,2.0,2.0,0.0,0.0,0.0,0.0,0.0,0.0,3.0,2.0,0.0,0.0,0.0,0.0,0.0,2.0,0.0,0.0,0.0,0.0,6.0,6.0,1.0,0.0,0.0,0.0,0.0,2.0,0.0,1.0,0.0,2.0,2.0,3.0,4.0,17.0,6.0,5.0,11.0,22.0,22.0,10.0,24.0
CHEMBL3238236,IC50,86.0,34.0,7.0,5.0,0.0,0.0,2.0,2.0,0.0,48.0,11.0,6.0,0.0,0.0,4.0,4.0,1.0,2.0,0.0,0.0,0.0,0.0,0.0,46.0,14.0,8.0,0.0,0.0,4.0,4.0,0.0,2.0,47.0,13.0,10.0,0.0,0.0,4.0,4.0,2.0,0.0,0.0,0.0,52.0,13.0,12.0,0.0,0.0,2.0,2.0,0.0,0.0,0.0,2.0,2.0,1.0,62.0,12.0,10.0,0.0,0.0,2.0,2.0,0.0,0.0,0.0,2.0,2.0,2.0,2.0,0.0,0.0,0.0,69.0,5.0,12.0,0.0,0.0,6.0,6.0,1.0,1.0,0.0,0.0,0.0,57.0,5.0,12.0,0.0,0.0,8.0,8.0,0.0,0.0,0.0,0.0,0.0,53.0,5.0,7.0,0.0,0.0,8.0,8.0,1.0,2.0,0.0,0.0,1.0,0.0,0.0,42.0,8.0,10.0,0.0,0.0,8.0,8.0,0.0,1.0,0.0,0.0,0.0,0.0,0.0,3.0,0.0,0.0,1.0,7.0,4.0,1.0,0.0,0.0,3.0,0.0,1.0,0.0,6.0,1.0,0.0,1.0,0.0,0.0,2.0,3.0,3.0,0.0,1.0,0.0,2.0,0.0,0.0,2.0,23.0,3.0,19.0,1.0,0.0,9.0,0.0,2.0,1.0,0.0,2.0,23.0,0.0,0.0,0.0,3.0,14.0,7.0,4.0,2.0,1.0,2.0,18.0,0.0,0.0,1.0,17.0,0.0,0.0,9.0,6.0,7.0,3.0,7.0,11.0,5.0,3.0,6.0,3.0,4.0,1.0,7.0,4.0,5.0,9.0,3.0,0.0,4.0,5.0,0.0,0.0,0.0,3.0,2.0,2.0,6.0,4.0,2.0,2.0,3.0,0.0,0.0,1.0,2.0,0.0,0.0,3.0,2.0,0.0,0.0,1.0,0.0,1.0,5.0,0.0,0.0,0.0,1.0,6.0,6.0,1.0,0.0,1.0,0.0,0.0,3.0,0.0,1.0,0.0,2.0,2.0,0.0,0.0,12.0,2.0,5.0,12.0,24.0,24.0,12.0,24.0
CHEMBL423781,IC50,90.16,23.0,4.0,2.0,0.0,1.0,0.0,1.0,0.0,31.0,6.0,2.0,0.0,2.0,0.0,2.0,0.0,0.0,0.0,0.0,0.0,0.0,0.0,30.0,6.0,4.0,0.0,2.0,0.0,2.0,0.0,0.0,27.0,7.0,4.0,0.0,1.0,0.0,1.0,0.0,0.0,0.0,0.0,30.0,4.0,2.0,0.0,1.0,0.0,1.0,1.0,0.0,0.0,0.0,0.0,0.0,29.0,5.0,2.0,0.0,2.0,0.0,2.0,0.0,0.0,0.0,0.0,0.0,0.0,0.0,0.0,0.0,0.0,27.0,3.0,2.0,0.0,2.0,0.0,2.0,0.0,2.0,1.0,1.0,0.0,18.0,4.0,4.0,0.0,3.0,0.0,3.0,0.0,0.0,0.0,0.0,0.0,10.0,3.0,4.0,0.0,4.0,0.0,4.0,0.0,0.0,0.0,0.0,0.0,0.0,0.0,5.0,1.0,8.0,0.0,2.0,0.0,2.0,0.0,0.0,1.0,1.0,0.0,0.0,0.0,0.0,0.0,0.0,0.0,0.0,0.0,0.0,0.0,0.0,0.0,0.0,0.0,0.0,0.0,0.0,0.0,0.0,0.0,0.0,1.0,0.0,1.0,0.0,2.0,0.0,0.0,1.0,0.0,1.0,1.0,1.0,0.0,0.0,0.0,0.0,0.0,0.0,0.0,0.0,0.0,0.0,0.0,0.0,0.0,0.0,0.0,0.0,0.0,0.0,0.0,0.0,0.0,0.0,0.0,0.0,0.0,0.0,0.0,0.0,0.0,0.0,0.0,0.0,0.0,0.0,0.0,0.0,0.0,0.0,0.0,0.0,0.0,0.0,0.0,0.0,0.0,0.0,0.0,0.0,0.0,0.0,0.0,0.0,0.0,0.0,0.0,0.0,0.0,0.0,0.0,0.0,0.0,1.0,0.0,1.0,0.0,0.0,0.0,0.0,0.0,0.0,0.0,2.0,0.0,0.0,0.0,0.0,0.0,0.0,0.0,0.0,0.0,0.0,0.0,1.0,0.0,0.0,0.0,2.0,0.0,1.0,2.0,23.0,2.0,2.0,6.0,3.0,3.0,1.0,23.0
CHEMBL154485,IC50,47.8,24.0,5.0,5.0,0.0,3.0,0.0,3.0,1.0,31.0,8.0,6.0,0.0,3.0,0.0,3.0,0.0,2.0,0.0,0.0,3.0,3.0,3.0,27.0,11.0,10.0,0.0,6.0,0.0,6.0,0.0,1.0,19.0,13.0,9.0,0.0,6.0,0.0,6.0,3.0,0.0,0.0,0.0,15.0,14.0,9.0,0.0,6.0,0.0,6.0,0.0,1.0,0.0,0.0,0.0,0.0,19.0,6.0,7.0,0.0,3.0,0.0,3.0,2.0,2.0,0.0,0.0,0.0,2.0,0.0,0.0,0.0,0.0,25.0,1.0,6.0,0.0,0.0,0.0,0.0,2.0,1.0,3.0,3.0,1.0,24.0,4.0,7.0,0.0,3.0,0.0,3.0,0.0,1.0,0.0,0.0,0.0,23.0,4.0,5.0,0.0,6.0,0.0,6.0,0.0,2.0,0.0,0.0,0.0,0.0,0.0,16.0,7.0,8.0,0.0,6.0,0.0,6.0,0.0,0.0,0.0,0.0,0.0,0.0,0.0,0.0,0.0,0.0,0.0,1.0,0.0,0.0,0.0,0.0,0.0,0.0,0.0,1.0,1.0,2.0,0.0,2.0,0.0,0.0,1.0,1.0,2.0,0.0,0.0,2.0,0.0,3.0,1.0,1.0,7.0,2.0,1.0,1.0,0.0,0.0,0.0,0.0,0.0,0.0,1.0,0.0,0.0,0.0,0.0,0.0,0.0,0.0,0.0,0.0,0.0,1.0,0.0,0.0,0.0,0.0,0.0,0.0,0.0,0.0,0.0,0.0,0.0,0.0,0.0,0.0,0.0,0.0,0.0,0.0,0.0,1.0,0.0,0.0,0.0,0.0,0.0,0.0,0.0,0.0,0.0,0.0,0.0,0.0,0.0,2.0,0.0,0.0,0.0,0.0,1.0,0.0,0.0,1.0,1.0,3.0,4.0,2.0,0.0,0.0,0.0,0.0,0.0,4.0,0.0,0.0,0.0,0.0,0.0,1.0,0.0,3.0,0.0,0.0,0.0,3.0,0.0,1.0,0.0,2.0,0.0,0.0,0.0,18.0,0.0,4.0,10.0,9.0,9.0,10.0,24.0
CHEMBL25066,IC50,500.0,23.0,2.0,2.0,0.0,0.0,0.0,0.0,0.0,30.0,4.0,3.0,0.0,0.0,0.0,0.0,0.0,0.0,0.0,0.0,0.0,0.0,0.0,32.0,7.0,5.0,0.0,0.0,0.0,0.0,0.0,0.0,40.0,2.0,6.0,0.0,0.0,0.0,0.0,1.0,0.0,0.0,0.0,40.0,3.0,10.0,0.0,0.0,0.0,0.0,0.0,0.0,0.0,0.0,0.0,0.0,38.0,3.0,7.0,0.0,0.0,0.0,0.0,0.0,1.0,0.0,0.0,0.0,1.0,0.0,0.0,0.0,0.0,25.0,2.0,9.0,0.0,0.0,0.0,0.0,0.0,0.0,0.0,0.0,0.0,16.0,0.0,2.0,0.0,0.0,0.0,0.0,0.0,0.0,0.0,0.0,0.0,6.0,0.0,2.0,0.0,0.0,0.0,0.0,0.0,0.0,0.0,0.0,0.0,0.0,0.0,3.0,0.0,0.0,0.0,0.0,0.0,0.0,0.0,0.0,0.0,0.0,0.0,0.0,0.0,2.0,2.0,0.0,0.0,5.0,0.0,0.0,0.0,0.0,3.0,2.0,0.0,0.0,5.0,0.0,0.0,0.0,0.0,0.0,2.0,0.0,0.0,0.0,0.0,0.0,0.0,0.0,0.0,2.0,12.0,0.0,8.0,0.0,0.0,0.0,0.0,0.0,0.0,0.0,0.0,5.0,0.0,0.0,0.0,0.0,0.0,0.0,0.0,0.0,0.0,0.0,2.0,0.0,0.0,0.0,1.0,0.0,0.0,0.0,0.0,0.0,0.0,0.0,0.0,0.0,0.0,0.0,0.0,0.0,0.0,0.0,0.0,0.0,0.0,0.0,0.0,0.0,0.0,0.0,0.0,0.0,0.0,0.0,0.0,0.0,0.0,0.0,0.0,0.0,0.0,0.0,0.0,1.0,0.0,0.0,0.0,0.0,0.0,0.0,0.0,0.0,0.0,2.0,0.0,0.0,0.0,0.0,5.0,4.0,2.0,0.0,1.0,0.0,0.0,0.0,0.0,0.0,0.0,0.0,0.0,1.0,1.0,12.0,1.0,0.0,4.0,14.0,14.0,7.0,13.0
CHEMBL286098,IC50,800.0,23.0,2.0,1.0,0.0,0.0,1.0,1.0,0.0,30.0,4.0,1.0,0.0,0.0,2.0,2.0,0.0,0.0,0.0,0.0,0.0,0.0,0.0,32.0,7.0,2.0,0.0,0.0,2.0,2.0,0.0,0.0,40.0,2.0,3.0,0.0,0.0,1.0,1.0,1.0,0.0,0.0,0.0,40.0,3.0,6.0,0.0,0.0,1.0,1.0,0.0,0.0,0.0,0.0,0.0,0.0,38.0,3.0,4.0,0.0,0.0,2.0,2.0,0.0,0.0,0.0,0.0,0.0,0.0,0.0,0.0,0.0,0.0,25.0,2.0,4.0,0.0,0.0,4.0,4.0,0.0,0.0,0.0,0.0,0.0,16.0,0.0,1.0,0.0,0.0,3.0,3.0,0.0,0.0,0.0,1.0,0.0,6.0,0.0,1.0,0.0,0.0,5.0,5.0,0.0,0.0,0.0,0.0,0.0,0.0,0.0,3.0,0.0,0.0,0.0,0.0,1.0,1.0,0.0,0.0,0.0,0.0,0.0,0.0,0.0,2.0,2.0,0.0,0.0,5.0,0.0,0.0,0.0,0.0,3.0,2.0,0.0,0.0,5.0,0.0,0.0,0.0,0.0,0.0,1.0,0.0,0.0,0.0,1.0,0.0,1.0,0.0,0.0,1.0,12.0,0.0,8.0,0.0,0.0,0.0,0.0,0.0,0.0,0.0,0.0,5.0,0.0,0.0,0.0,0.0,0.0,0.0,0.0,0.0,0.0,0.0,2.0,0.0,0.0,0.0,1.0,0.0,0.0,0.0,0.0,0.0,0.0,0.0,0.0,0.0,0.0,0.0,0.0,0.0,0.0,0.0,0.0,0.0,0.0,0.0,0.0,0.0,0.0,0.0,0.0,0.0,0.0,1.0,1.0,0.0,0.0,0.0,0.0,0.0,0.0,0.0,0.0,1.0,0.0,0.0,0.0,0.0,0.0,0.0,0.0,0.0,0.0,1.0,0.0,0.0,0.0,0.0,5.0,4.0,2.0,0.0,1.0,0.0,0.0,0.0,0.0,0.0,0.0,0.0,1.0,1.0,1.0,12.0,1.0,0.0,3.0,13.0,13.0,7.0,13.0
CHEMBL2159346,IC50,81.8,29.0,5.0,5.0,0.0,0.0,0.0,0.0,1.0,40.0,11.0,5.0,0.0,0.0,0.0,0.0,0.0,1.0,0.0,0.0,0.0,0.0,0.0,39.0,14.0,7.0,0.0,0.0,0.0,0.0,0.0,0.0,37.0,13.0,5.0,0.0,0.0,0.0,0.0,2.0,0.0,0.0,0.0,41.0,8.0,6.0,0.0,0.0,0.0,0.0,0.0,0.0,0.0,0.0,0.0,0.0,46.0,7.0,4.0,0.0,0.0,0.0,0.0,0.0,0.0,0.0,0.0,0.0,2.0,0.0,0.0,0.0,0.0,42.0,5.0,6.0,0.0,0.0,0.0,0.0,1.0,1.0,0.0,0.0,0.0,38.0,3.0,6.0,0.0,0.0,0.0,0.0,1.0,2.0,0.0,0.0,0.0,29.0,6.0,7.0,0.0,0.0,0.0,0.0,0.0,1.0,0.0,0.0,0.0,0.0,0.0,23.0,6.0,8.0,0.0,0.0,0.0,0.0,0.0,0.0,0.0,0.0,0.0,0.0,0.0,1.0,1.0,0.0,0.0,2.0,0.0,0.0,0.0,0.0,1.0,0.0,1.0,1.0,5.0,1.0,0.0,1.0,0.0,0.0,1.0,1.0,2.0,0.0,1.0,2.0,0.0,0.0,1.0,1.0,11.0,2.0,6.0,0.0,0.0,1.0,0.0,0.0,0.0,0.0,1.0,4.0,0.0,0.0,0.0,0.0,0.0,0.0,0.0,0.0,1.0,1.0,0.0,0.0,0.0,0.0,0.0,0.0,0.0,0.0,0.0,0.0,0.0,0.0,0.0,0.0,0.0,1.0,0.0,1.0,1.0,1.0,0.0,0.0,1.0,0.0,0.0,1.0,0.0,0.0,0.0,0.0,1.0,0.0,0.0,2.0,1.0,0.0,0.0,1.0,0.0,0.0,0.0,2.0,1.0,0.0,1.0,1.0,0.0,0.0,1.0,0.0,0.0,4.0,0.0,0.0,0.0,0.0,4.0,1.0,0.0,0.0,0.0,0.0,0.0,2.0,0.0,1.0,0.0,2.0,0.0,1.0,2.0,21.0,2.0,2.0,10.0,12.0,12.0,9.0,25.0
CHEMBL4226911,IC50,500.0,31.0,7.0,3.0,0.0,0.0,2.0,2.0,1.0,40.0,14.0,3.0,0.0,0.0,4.0,4.0,0.0,1.0,0.0,0.0,0.0,0.0,0.0,40.0,18.0,5.0,0.0,0.0,4.0,4.0,0.0,0.0,41.0,15.0,3.0,0.0,0.0,4.0,4.0,2.0,0.0,0.0,0.0,45.0,12.0,4.0,0.0,0.0,2.0,2.0,0.0,0.0,0.0,2.0,2.0,0.0,49.0,8.0,3.0,0.0,0.0,4.0,4.0,1.0,0.0,0.0,2.0,2.0,2.0,0.0,0.0,0.0,0.0,48.0,7.0,5.0,0.0,0.0,4.0,4.0,2.0,1.0,0.0,0.0,0.0,44.0,6.0,5.0,0.0,0.0,8.0,8.0,1.0,1.0,0.0,0.0,0.0,34.0,9.0,5.0,0.0,0.0,8.0,8.0,0.0,0.0,0.0,0.0,0.0,0.0,0.0,25.0,10.0,6.0,0.0,0.0,8.0,8.0,0.0,0.0,0.0,0.0,0.0,0.0,0.0,1.0,1.0,0.0,0.0,2.0,0.0,0.0,0.0,0.0,1.0,0.0,1.0,1.0,2.0,1.0,0.0,1.0,0.0,0.0,1.0,0.0,2.0,0.0,1.0,1.0,2.0,0.0,0.0,1.0,7.0,2.0,3.0,0.0,0.0,0.0,0.0,0.0,0.0,0.0,1.0,1.0,0.0,0.0,0.0,0.0,0.0,0.0,0.0,0.0,1.0,1.0,0.0,0.0,0.0,0.0,0.0,0.0,0.0,0.0,0.0,0.0,0.0,0.0,0.0,0.0,0.0,1.0,0.0,1.0,1.0,1.0,0.0,0.0,1.0,0.0,0.0,1.0,0.0,0.0,0.0,0.0,1.0,2.0,2.0,2.0,1.0,0.0,0.0,1.0,0.0,0.0,0.0,1.0,0.0,0.0,1.0,1.0,0.0,0.0,1.0,0.0,0.0,3.0,0.0,0.0,0.0,0.0,2.0,1.0,0.0,0.0,0.0,0.0,0.0,2.0,0.0,1.0,0.0,2.0,2.0,2.0,3.0,27.0,3.0,2.0,10.0,9.0,9.0,7.0,29.0
CHEMBL4227634,IC50,310.0,35.0,5.0,3.0,0.0,0.0,2.0,2.0,1.0,45.0,11.0,3.0,0.0,0.0,4.0,4.0,0.0,1.0,0.0,0.0,0.0,0.0,0.0,46.0,15.0,5.0,0.0,0.0,4.0,4.0,0.0,0.0,48.0,15.0,3.0,0.0,0.0,4.0,4.0,2.0,0.0,0.0,0.0,56.0,13.0,4.0,0.0,0.0,2.0,2.0,0.0,0.0,0.0,2.0,2.0,0.0,60.0,9.0,3.0,0.0,0.0,4.0,4.0,0.0,0.0,0.0,2.0,2.0,2.0,0.0,0.0,0.0,0.0,59.0,5.0,5.0,0.0,0.0,4.0,4.0,1.0,1.0,0.0,0.0,0.0,55.0,3.0,5.0,0.0,0.0,8.0,8.0,1.0,1.0,0.0,0.0,0.0,44.0,5.0,5.0,0.0,0.0,10.0,10.0,0.0,0.0,0.0,0.0,0.0,0.0,0.0,32.0,6.0,6.0,0.0,0.0,10.0,10.0,0.0,0.0,0.0,0.0,0.0,0.0,0.0,1.0,1.0,0.0,0.0,2.0,0.0,0.0,0.0,0.0,1.0,0.0,1.0,1.0,2.0,1.0,0.0,1.0,0.0,0.0,1.0,0.0,2.0,0.0,1.0,0.0,2.0,0.0,0.0,1.0,7.0,2.0,3.0,0.0,0.0,0.0,0.0,0.0,0.0,0.0,1.0,1.0,0.0,0.0,0.0,0.0,0.0,0.0,0.0,0.0,1.0,1.0,0.0,0.0,0.0,0.0,0.0,0.0,0.0,0.0,0.0,0.0,0.0,0.0,0.0,0.0,0.0,1.0,0.0,1.0,1.0,1.0,0.0,0.0,1.0,0.0,0.0,1.0,0.0,0.0,0.0,0.0,1.0,2.0,2.0,2.0,1.0,0.0,0.0,1.0,0.0,0.0,0.0,1.0,0.0,0.0,1.0,1.0,0.0,0.0,1.0,0.0,0.0,3.0,0.0,0.0,0.0,0.0,2.0,1.0,0.0,0.0,0.0,0.0,0.0,2.0,0.0,1.0,0.0,2.0,2.0,1.0,2.0,29.0,2.0,2.0,8.0,9.0,9.0,7.0,32.0
CHEMBL3616672,IC50,5.0,33.0,5.0,5.0,0.0,7.0,0.0,7.0,1.0,44.0,11.0,5.0,0.0,5.0,0.0,5.0,0.0,1.0,3.0,3.0,6.0,6.0,6.0,45.0,14.0,7.0,0.0,12.0,0.0,12.0,0.0,0.0,43.0,14.0,4.0,0.0,14.0,0.0,14.0,2.0,1.0,1.0,0.0,46.0,11.0,5.0,0.0,15.0,0.0,15.0,0.0,0.0,1.0,0.0,1.0,0.0,49.0,9.0,5.0,0.0,9.0,0.0,9.0,0.0,0.0,3.0,0.0,3.0,2.0,0.0,3.0,3.0,3.0,49.0,5.0,7.0,0.0,12.0,0.0,12.0,1.0,1.0,3.0,3.0,0.0,47.0,3.0,6.0,0.0,18.0,0.0,18.0,1.0,2.0,0.0,0.0,0.0,40.0,6.0,7.0,0.0,19.0,0.0,19.0,0.0,1.0,0.0,0.0,0.0,0.0,0.0,35.0,6.0,8.0,0.0,15.0,0.0,15.0,0.0,0.0,3.0,3.0,0.0,0.0,0.0,1.0,1.0,0.0,0.0,2.0,0.0,0.0,0.0,0.0,1.0,0.0,1.0,1.0,1.0,1.0,0.0,1.0,0.0,0.0,1.0,2.0,2.0,0.0,2.0,2.0,0.0,7.0,1.0,1.0,8.0,2.0,3.0,0.0,0.0,0.0,0.0,0.0,0.0,0.0,1.0,1.0,0.0,0.0,0.0,0.0,0.0,0.0,0.0,0.0,1.0,1.0,0.0,0.0,0.0,0.0,0.0,0.0,0.0,0.0,0.0,0.0,0.0,0.0,0.0,0.0,0.0,1.0,0.0,1.0,1.0,1.0,0.0,0.0,1.0,0.0,0.0,1.0,0.0,0.0,0.0,0.0,1.0,0.0,0.0,2.0,1.0,0.0,0.0,1.0,0.0,0.0,0.0,2.0,1.0,7.0,1.0,1.0,0.0,0.0,1.0,0.0,0.0,4.0,0.0,0.0,3.0,0.0,1.0,1.0,0.0,6.0,0.0,3.0,3.0,2.0,0.0,1.0,0.0,2.0,0.0,1.0,2.0,27.0,2.0,2.0,10.0,8.0,8.0,10.0,32.0
CHEMBL3616690,IC50,3.0,36.0,5.0,5.0,0.0,3.0,0.0,3.0,1.0,47.0,11.0,5.0,0.0,3.0,0.0,3.0,0.0,1.0,0.0,0.0,3.0,3.0,3.0,48.0,15.0,8.0,0.0,6.0,0.0,6.0,0.0,0.0,49.0,16.0,5.0,0.0,6.0,0.0,6.0,3.0,0.0,0.0,0.0,56.0,14.0,7.0,0.0,6.0,0.0,6.0,0.0,1.0,0.0,0.0,0.0,0.0,63.0,11.0,6.0,0.0,3.0,0.0,3.0,0.0,0.0,3.0,0.0,3.0,2.0,3.0,0.0,0.0,0.0,64.0,5.0,8.0,0.0,9.0,0.0,9.0,1.0,1.0,3.0,3.0,0.0,61.0,4.0,10.0,0.0,9.0,0.0,9.0,1.0,1.0,0.0,0.0,0.0,57.0,6.0,11.0,0.0,9.0,0.0,9.0,0.0,0.0,0.0,0.0,0.0,0.0,0.0,49.0,6.0,10.0,0.0,12.0,0.0,12.0,0.0,0.0,0.0,0.0,0.0,0.0,0.0,1.0,0.0,0.0,0.0,5.0,1.0,0.0,0.0,0.0,3.0,1.0,1.0,1.0,2.0,1.0,0.0,1.0,0.0,0.0,1.0,1.0,2.0,0.0,1.0,2.0,0.0,3.0,1.0,1.0,11.0,2.0,6.0,0.0,0.0,0.0,0.0,0.0,0.0,0.0,1.0,4.0,0.0,0.0,0.0,0.0,0.0,0.0,0.0,0.0,1.0,1.0,2.0,0.0,0.0,1.0,1.0,0.0,0.0,0.0,0.0,0.0,0.0,0.0,0.0,0.0,0.0,1.0,0.0,1.0,1.0,1.0,0.0,0.0,1.0,0.0,0.0,1.0,0.0,0.0,0.0,0.0,1.0,0.0,0.0,2.0,1.0,0.0,0.0,1.0,0.0,0.0,0.0,2.0,1.0,3.0,1.0,1.0,0.0,0.0,1.0,0.0,0.0,4.0,0.0,0.0,0.0,0.0,1.0,4.0,0.0,3.0,0.0,0.0,0.0,2.0,0.0,1.0,0.0,2.0,0.0,1.0,2.0,27.0,2.0,2.0,10.0,12.0,12.0,12.0,31.0
CHEMBL312825,IC50,2800.0,17.0,6.0,0.0,2.0,1.0,0.0,2.0,0.0,22.0,8.0,0.0,3.0,2.0,0.0,4.0,1.0,0.0,0.0,0.0,0.0,0.0,0.0,20.0,9.0,0.0,0.0,2.0,0.0,3.0,0.0,0.0,17.0,13.0,0.0,2.0,1.0,0.0,2.0,0.0,0.0,0.0,0.0,23.0,6.0,0.0,2.0,1.0,0.0,1.0,1.0,0.0,0.0,0.0,2.0,0.0,22.0,3.0,0.0,4.0,1.0,0.0,3.0,1.0,0.0,1.0,0.0,1.0,0.0,0.0,0.0,0.0,0.0,19.0,3.0,0.0,4.0,2.0,0.0,4.0,0.0,0.0,1.0,1.0,0.0,11.0,3.0,0.0,1.0,3.0,0.0,7.0,0.0,0.0,0.0,0.0,0.0,2.0,3.0,0.0,0.0,3.0,0.0,7.0,0.0,0.0,0.0,0.0,0.0,0.0,0.0,0.0,0.0,0.0,0.0,2.0,0.0,3.0,0.0,0.0,1.0,2.0,0.0,0.0,0.0,0.0,0.0,0.0,0.0,0.0,0.0,0.0,0.0,0.0,0.0,0.0,0.0,0.0,0.0,0.0,0.0,0.0,0.0,0.0,0.0,0.0,0.0,0.0,1.0,0.0,0.0,1.0,0.0,0.0,0.0,0.0,0.0,0.0,0.0,0.0,0.0,0.0,0.0,0.0,0.0,0.0,0.0,0.0,0.0,0.0,0.0,0.0,0.0,0.0,0.0,0.0,0.0,0.0,0.0,0.0,0.0,0.0,0.0,0.0,0.0,0.0,0.0,0.0,0.0,0.0,0.0,0.0,0.0,0.0,0.0,0.0,0.0,0.0,0.0,0.0,0.0,0.0,0.0,0.0,0.0,0.0,0.0,0.0,0.0,0.0,0.0,0.0,0.0,0.0,0.0,0.0,0.0,0.0,0.0,1.0,0.0,0.0,0.0,0.0,0.0,0.0,0.0,0.0,0.0,0.0,0.0,0.0,0.0,0.0,0.0,0.0,0.0,0.0,0.0,0.0,0.0,0.0,0.0,0.0,0.0,2.0,4.0,22.0,4.0,0.0,8.0,2.0,2.0,0.0,19.0
CHEMBL104137,IC50,10000.0,17.0,4.0,4.0,0.0,0.0,0.0,0.0,1.0,22.0,7.0,5.0,0.0,0.0,0.0,0.0,0.0,1.0,0.0,0.0,0.0,0.0,0.0,20.0,9.0,6.0,0.0,0.0,0.0,0.0,0.0,1.0,12.0,11.0,7.0,0.0,0.0,0.0,0.0,0.0,0.0,0.0,0.0,10.0,8.0,3.0,0.0,0.0,0.0,0.0,1.0,1.0,0.0,0.0,0.0,1.0,9.0,5.0,3.0,0.0,0.0,0.0,0.0,1.0,2.0,0.0,0.0,0.0,1.0,0.0,0.0,0.0,0.0,12.0,3.0,4.0,0.0,0.0,0.0,0.0,0.0,1.0,0.0,0.0,0.0,15.0,1.0,4.0,0.0,0.0,0.0,0.0,0.0,1.0,0.0,0.0,0.0,14.0,2.0,4.0,0.0,0.0,0.0,0.0,0.0,0.0,0.0,0.0,0.0,0.0,0.0,11.0,2.0,5.0,0.0,0.0,0.0,0.0,0.0,0.0,0.0,0.0,0.0,0.0,0.0,0.0,0.0,0.0,0.0,0.0,0.0,0.0,0.0,0.0,0.0,0.0,0.0,0.0,1.0,1.0,0.0,1.0,0.0,0.0,1.0,0.0,1.0,0.0,0.0,1.0,0.0,0.0,1.0,1.0,3.0,1.0,0.0,0.0,0.0,0.0,0.0,0.0,0.0,0.0,0.0,0.0,0.0,0.0,0.0,0.0,0.0,0.0,0.0,0.0,0.0,0.0,0.0,0.0,0.0,0.0,0.0,0.0,0.0,0.0,0.0,0.0,0.0,0.0,0.0,0.0,0.0,0.0,0.0,0.0,0.0,0.0,0.0,0.0,0.0,0.0,0.0,0.0,0.0,0.0,0.0,0.0,0.0,0.0,0.0,1.0,0.0,0.0,0.0,0.0,0.0,0.0,0.0,1.0,1.0,0.0,2.0,1.0,0.0,0.0,0.0,0.0,0.0,3.0,0.0,0.0,0.0,0.0,0.0,0.0,0.0,0.0,0.0,0.0,0.0,2.0,0.0,0.0,0.0,2.0,0.0,1.0,1.0,16.0,1.0,4.0,8.0,5.0,5.0,5.0,18.0
CHEMBL277627,IC50,2300.0,23.0,3.0,1.0,0.0,0.0,0.0,0.0,0.0,30.0,6.0,1.0,0.0,0.0,0.0,0.0,0.0,0.0,0.0,0.0,0.0,0.0,0.0,32.0,10.0,2.0,0.0,0.0,0.0,0.0,0.0,0.0,40.0,5.0,3.0,0.0,0.0,0.0,0.0,1.0,0.0,0.0,0.0,40.0,7.0,6.0,0.0,0.0,0.0,0.0,0.0,0.0,0.0,0.0,0.0,0.0,38.0,6.0,4.0,0.0,0.0,0.0,0.0,1.0,1.0,0.0,0.0,0.0,0.0,0.0,0.0,0.0,0.0,25.0,7.0,4.0,0.0,0.0,0.0,0.0,0.0,0.0,0.0,0.0,0.0,16.0,1.0,1.0,0.0,0.0,0.0,0.0,0.0,0.0,0.0,0.0,0.0,6.0,1.0,1.0,0.0,0.0,0.0,0.0,0.0,0.0,0.0,0.0,0.0,0.0,0.0,3.0,0.0,0.0,0.0,0.0,0.0,0.0,0.0,0.0,0.0,0.0,0.0,0.0,0.0,2.0,2.0,0.0,0.0,5.0,0.0,0.0,0.0,0.0,3.0,2.0,0.0,0.0,5.0,0.0,0.0,0.0,0.0,1.0,1.0,0.0,0.0,0.0,0.0,0.0,0.0,0.0,0.0,1.0,12.0,0.0,8.0,0.0,0.0,0.0,0.0,0.0,0.0,0.0,0.0,5.0,0.0,0.0,0.0,0.0,0.0,0.0,0.0,0.0,0.0,0.0,2.0,0.0,0.0,0.0,1.0,0.0,0.0,0.0,0.0,0.0,0.0,0.0,0.0,0.0,0.0,0.0,0.0,0.0,0.0,0.0,0.0,0.0,0.0,0.0,0.0,0.0,0.0,0.0,0.0,0.0,0.0,0.0,0.0,0.0,0.0,0.0,0.0,0.0,0.0,0.0,0.0,1.0,0.0,0.0,1.0,0.0,0.0,0.0,0.0,0.0,0.0,1.0,0.0,0.0,0.0,0.0,5.0,4.0,2.0,0.0,1.0,0.0,0.0,0.0,0.0,0.0,0.0,0.0,0.0,1.0,1.0,12.0,1.0,0.0,4.0,14.0,14.0,7.0,13.0
CHEMBL452311,IC50,8.0,29.0,7.0,5.0,0.0,0.0,0.0,1.0,0.0,38.0,7.0,5.0,0.0,0.0,0.0,2.0,1.0,3.0,0.0,0.0,0.0,0.0,0.0,34.0,12.0,8.0,0.0,0.0,0.0,2.0,0.0,1.0,30.0,11.0,9.0,0.0,0.0,0.0,1.0,2.0,0.0,1.0,0.0,34.0,9.0,11.0,0.0,0.0,0.0,1.0,0.0,0.0,0.0,0.0,0.0,1.0,36.0,8.0,9.0,0.0,0.0,0.0,0.0,0.0,0.0,0.0,0.0,1.0,2.0,1.0,0.0,0.0,0.0,39.0,4.0,8.0,0.0,0.0,0.0,2.0,1.0,1.0,0.0,0.0,0.0,35.0,7.0,10.0,0.0,0.0,0.0,3.0,0.0,0.0,0.0,0.0,0.0,33.0,5.0,7.0,0.0,0.0,0.0,4.0,1.0,2.0,0.0,0.0,1.0,0.0,0.0,30.0,6.0,7.0,0.0,0.0,0.0,3.0,0.0,1.0,0.0,0.0,0.0,0.0,0.0,2.0,0.0,0.0,1.0,7.0,3.0,1.0,0.0,0.0,4.0,3.0,1.0,0.0,0.0,2.0,0.0,2.0,0.0,0.0,2.0,0.0,3.0,0.0,2.0,0.0,0.0,0.0,0.0,2.0,12.0,3.0,8.0,0.0,0.0,0.0,1.0,0.0,0.0,0.0,1.0,7.0,0.0,0.0,0.0,0.0,0.0,0.0,0.0,0.0,1.0,2.0,6.0,0.0,0.0,2.0,6.0,0.0,0.0,1.0,0.0,0.0,0.0,0.0,0.0,0.0,0.0,1.0,0.0,1.0,1.0,1.0,0.0,0.0,1.0,0.0,0.0,1.0,0.0,0.0,0.0,0.0,3.0,0.0,0.0,5.0,2.0,0.0,0.0,2.0,3.0,0.0,1.0,2.0,0.0,0.0,3.0,3.0,0.0,0.0,1.0,0.0,1.0,5.0,0.0,0.0,0.0,1.0,0.0,5.0,1.0,0.0,1.0,0.0,0.0,2.0,0.0,1.0,0.0,2.0,0.0,0.0,0.0,18.0,0.0,2.0,12.0,17.0,17.0,12.0,26.0
CHEMBL321010,IC50,830.0,19.0,2.0,3.0,0.0,0.0,0.0,1.0,1.0,24.0,4.0,5.0,0.0,0.0,0.0,2.0,0.0,1.0,0.0,0.0,0.0,0.0,0.0,21.0,6.0,7.0,0.0,0.0,0.0,2.0,0.0,1.0,12.0,9.0,7.0,0.0,0.0,0.0,2.0,0.0,0.0,0.0,0.0,8.0,9.0,5.0,0.0,0.0,0.0,0.0,0.0,0.0,0.0,0.0,1.0,0.0,9.0,5.0,2.0,0.0,0.0,0.0,0.0,0.0,2.0,0.0,0.0,1.0,1.0,0.0,0.0,0.0,0.0,13.0,1.0,3.0,0.0,0.0,0.0,1.0,0.0,2.0,0.0,0.0,0.0,15.0,0.0,5.0,0.0,0.0,0.0,1.0,0.0,0.0,0.0,0.0,0.0,15.0,0.0,3.0,0.0,0.0,0.0,2.0,0.0,0.0,0.0,0.0,1.0,0.0,0.0,11.0,0.0,4.0,0.0,0.0,0.0,3.0,0.0,0.0,0.0,0.0,0.0,0.0,0.0,0.0,0.0,0.0,0.0,0.0,0.0,0.0,0.0,0.0,0.0,0.0,0.0,0.0,0.0,1.0,0.0,1.0,0.0,0.0,2.0,0.0,1.0,0.0,0.0,1.0,0.0,0.0,0.0,2.0,2.0,1.0,0.0,0.0,0.0,0.0,0.0,0.0,0.0,0.0,0.0,0.0,0.0,0.0,0.0,0.0,0.0,0.0,0.0,0.0,0.0,0.0,0.0,0.0,0.0,0.0,0.0,0.0,0.0,0.0,0.0,0.0,0.0,0.0,0.0,0.0,0.0,0.0,0.0,0.0,0.0,0.0,0.0,0.0,0.0,0.0,0.0,0.0,0.0,0.0,0.0,0.0,0.0,0.0,0.0,1.0,0.0,0.0,0.0,0.0,0.0,0.0,0.0,0.0,0.0,0.0,2.0,1.0,0.0,0.0,0.0,0.0,0.0,3.0,0.0,0.0,0.0,0.0,0.0,0.0,0.0,0.0,0.0,0.0,0.0,2.0,0.0,0.0,0.0,2.0,0.0,0.0,0.0,16.0,0.0,4.0,5.0,5.0,5.0,4.0,19.0
CHEMBL107069,IC50,390.0,19.0,2.0,3.0,0.0,1.0,0.0,1.0,1.0,24.0,4.0,5.0,0.0,2.0,0.0,2.0,0.0,1.0,0.0,0.0,0.0,0.0,0.0,21.0,6.0,7.0,0.0,2.0,0.0,2.0,0.0,1.0,12.0,9.0,7.0,0.0,2.0,0.0,2.0,0.0,0.0,0.0,0.0,8.0,9.0,5.0,0.0,0.0,0.0,0.0,0.0,0.0,1.0,0.0,1.0,0.0,9.0,5.0,2.0,0.0,0.0,0.0,0.0,0.0,2.0,1.0,0.0,1.0,1.0,0.0,0.0,0.0,0.0,13.0,1.0,3.0,0.0,1.0,0.0,1.0,0.0,2.0,0.0,0.0,0.0,15.0,0.0,5.0,0.0,1.0,0.0,1.0,0.0,0.0,0.0,0.0,0.0,15.0,0.0,3.0,0.0,2.0,0.0,2.0,0.0,0.0,0.0,0.0,1.0,0.0,0.0,11.0,0.0,4.0,0.0,3.0,0.0,3.0,0.0,0.0,0.0,0.0,0.0,0.0,0.0,0.0,0.0,0.0,0.0,0.0,0.0,0.0,0.0,0.0,0.0,0.0,0.0,0.0,0.0,1.0,0.0,1.0,0.0,0.0,2.0,0.0,1.0,0.0,0.0,1.0,0.0,1.0,0.0,2.0,2.0,1.0,0.0,0.0,0.0,0.0,0.0,0.0,0.0,0.0,0.0,0.0,0.0,0.0,0.0,0.0,0.0,0.0,0.0,0.0,0.0,0.0,0.0,0.0,0.0,0.0,0.0,0.0,0.0,0.0,0.0,0.0,0.0,0.0,0.0,0.0,0.0,0.0,0.0,0.0,0.0,0.0,0.0,0.0,0.0,0.0,0.0,0.0,0.0,0.0,0.0,0.0,0.0,0.0,0.0,1.0,0.0,0.0,0.0,0.0,0.0,0.0,0.0,0.0,0.0,1.0,2.0,1.0,0.0,0.0,0.0,0.0,0.0,3.0,0.0,0.0,0.0,0.0,0.0,0.0,0.0,0.0,0.0,0.0,0.0,2.0,0.0,0.0,0.0,2.0,0.0,0.0,0.0,16.0,0.0,4.0,5.0,5.0,5.0,4.0,19.0
CHEMBL2159339,IC50,10.7,33.0,5.0,3.0,0.0,3.0,2.0,5.0,1.0,43.0,11.0,3.0,0.0,3.0,4.0,7.0,0.0,1.0,0.0,0.0,3.0,3.0,3.0,43.0,13.0,5.0,0.0,6.0,4.0,10.0,0.0,0.0,39.0,14.0,3.0,0.0,6.0,4.0,10.0,2.0,0.0,0.0,0.0,42.0,11.0,4.0,0.0,6.0,2.0,8.0,0.0,0.0,0.0,2.0,2.0,0.0,46.0,8.0,3.0,0.0,6.0,2.0,8.0,0.0,0.0,0.0,2.0,2.0,2.0,0.0,0.0,0.0,0.0,48.0,5.0,5.0,0.0,3.0,4.0,7.0,1.0,1.0,0.0,0.0,0.0,46.0,4.0,5.0,0.0,3.0,8.0,11.0,1.0,1.0,0.0,0.0,0.0,39.0,6.0,5.0,0.0,3.0,8.0,11.0,0.0,0.0,3.0,3.0,0.0,0.0,0.0,32.0,5.0,5.0,0.0,6.0,8.0,14.0,0.0,0.0,3.0,3.0,0.0,0.0,0.0,1.0,1.0,0.0,0.0,2.0,0.0,0.0,0.0,0.0,1.0,0.0,1.0,1.0,1.0,1.0,0.0,1.0,0.0,0.0,1.0,1.0,2.0,0.0,1.0,2.0,2.0,3.0,0.0,1.0,7.0,2.0,3.0,0.0,0.0,0.0,0.0,0.0,0.0,0.0,1.0,1.0,0.0,0.0,0.0,0.0,0.0,0.0,0.0,0.0,1.0,1.0,0.0,0.0,0.0,0.0,0.0,0.0,0.0,0.0,0.0,0.0,0.0,0.0,0.0,0.0,0.0,1.0,0.0,1.0,1.0,1.0,0.0,0.0,1.0,0.0,0.0,1.0,0.0,0.0,0.0,0.0,1.0,2.0,2.0,2.0,1.0,0.0,0.0,1.0,0.0,0.0,0.0,1.0,0.0,3.0,1.0,1.0,0.0,0.0,1.0,0.0,0.0,3.0,0.0,0.0,0.0,0.0,1.0,1.0,0.0,3.0,0.0,0.0,0.0,2.0,0.0,1.0,0.0,2.0,2.0,1.0,2.0,27.0,2.0,2.0,8.0,8.0,8.0,8.0,31.0
CHEMBL2435136,IC50,671.43,22.0,4.0,0.0,2.0,1.0,0.0,1.0,0.0,30.0,6.0,2.0,2.0,2.0,0.0,2.0,0.0,0.0,0.0,0.0,0.0,0.0,0.0,30.0,6.0,2.0,2.0,2.0,0.0,2.0,0.0,0.0,28.0,7.0,2.0,1.0,1.0,0.0,1.0,0.0,0.0,0.0,0.0,30.0,4.0,1.0,1.0,1.0,0.0,1.0,1.0,0.0,0.0,0.0,0.0,0.0,29.0,4.0,1.0,1.0,2.0,0.0,2.0,0.0,0.0,0.0,0.0,0.0,0.0,0.0,0.0,0.0,0.0,26.0,4.0,1.0,2.0,2.0,0.0,2.0,0.0,1.0,1.0,1.0,0.0,18.0,4.0,2.0,2.0,3.0,0.0,3.0,0.0,0.0,0.0,0.0,0.0,8.0,3.0,2.0,4.0,4.0,0.0,4.0,0.0,0.0,0.0,0.0,0.0,0.0,0.0,5.0,1.0,4.0,4.0,2.0,0.0,2.0,0.0,0.0,1.0,1.0,0.0,0.0,0.0,0.0,0.0,0.0,0.0,1.0,0.0,0.0,0.0,0.0,0.0,0.0,0.0,0.0,1.0,0.0,0.0,0.0,0.0,0.0,0.0,0.0,0.0,0.0,2.0,0.0,0.0,1.0,0.0,0.0,5.0,0.0,2.0,0.0,0.0,0.0,0.0,0.0,0.0,0.0,0.0,1.0,0.0,0.0,0.0,0.0,0.0,0.0,0.0,0.0,0.0,2.0,0.0,0.0,0.0,2.0,0.0,0.0,0.0,0.0,0.0,0.0,0.0,0.0,0.0,0.0,0.0,0.0,0.0,0.0,0.0,0.0,0.0,0.0,0.0,0.0,0.0,0.0,0.0,0.0,0.0,0.0,0.0,0.0,0.0,1.0,0.0,0.0,0.0,0.0,0.0,0.0,0.0,0.0,0.0,1.0,1.0,0.0,0.0,0.0,0.0,0.0,0.0,1.0,0.0,0.0,0.0,0.0,0.0,1.0,0.0,0.0,0.0,0.0,0.0,0.0,0.0,0.0,0.0,0.0,0.0,1.0,1.0,18.0,2.0,7.0,6.0,3.0,3.0,4.0,21.0
CHEMBL153905,IC50,29.4,20.0,2.0,3.0,0.0,1.0,0.0,1.0,1.0,26.0,4.0,4.0,0.0,2.0,0.0,2.0,0.0,1.0,0.0,0.0,0.0,0.0,0.0,24.0,6.0,6.0,0.0,2.0,0.0,2.0,0.0,1.0,15.0,9.0,7.0,0.0,2.0,0.0,2.0,0.0,0.0,0.0,0.0,10.0,9.0,6.0,0.0,0.0,0.0,0.0,0.0,0.0,1.0,0.0,1.0,0.0,9.0,6.0,4.0,0.0,0.0,0.0,0.0,0.0,1.0,1.0,0.0,1.0,1.0,0.0,0.0,0.0,0.0,13.0,2.0,3.0,0.0,1.0,0.0,1.0,0.0,2.0,0.0,0.0,0.0,16.0,0.0,4.0,0.0,1.0,0.0,1.0,0.0,1.0,0.0,0.0,0.0,16.0,0.0,4.0,0.0,2.0,0.0,2.0,0.0,0.0,0.0,0.0,0.0,0.0,0.0,13.0,0.0,3.0,0.0,3.0,0.0,3.0,0.0,0.0,0.0,0.0,1.0,0.0,0.0,0.0,0.0,0.0,0.0,1.0,0.0,0.0,0.0,0.0,0.0,0.0,0.0,0.0,0.0,1.0,0.0,1.0,0.0,0.0,2.0,0.0,1.0,0.0,0.0,1.0,0.0,1.0,0.0,2.0,3.0,1.0,0.0,0.0,0.0,0.0,0.0,0.0,0.0,0.0,0.0,0.0,0.0,0.0,0.0,0.0,0.0,0.0,0.0,0.0,0.0,0.0,0.0,0.0,0.0,0.0,0.0,0.0,0.0,0.0,0.0,0.0,0.0,0.0,0.0,0.0,0.0,0.0,0.0,0.0,0.0,0.0,0.0,0.0,0.0,0.0,0.0,0.0,0.0,0.0,0.0,0.0,0.0,0.0,0.0,1.0,0.0,0.0,0.0,0.0,0.0,0.0,0.0,1.0,0.0,1.0,2.0,1.0,0.0,0.0,0.0,0.0,0.0,3.0,0.0,0.0,0.0,0.0,0.0,0.0,0.0,0.0,1.0,0.0,0.0,2.0,0.0,0.0,0.0,2.0,0.0,0.0,0.0,16.0,0.0,4.0,5.0,6.0,6.0,5.0,19.0
CHEMBL362657,IC50,153.0,20.0,6.0,2.0,2.0,0.0,2.0,2.0,0.0,26.0,7.0,2.0,3.0,0.0,4.0,4.0,0.0,2.0,0.0,0.0,0.0,0.0,0.0,25.0,10.0,6.0,3.0,0.0,5.0,5.0,0.0,0.0,20.0,11.0,9.0,3.0,0.0,2.0,2.0,0.0,0.0,1.0,0.0,28.0,4.0,6.0,5.0,0.0,3.0,3.0,1.0,1.0,0.0,0.0,0.0,0.0,31.0,4.0,5.0,4.0,0.0,3.0,3.0,1.0,2.0,0.0,1.0,1.0,0.0,1.0,0.0,0.0,0.0,26.0,8.0,2.0,2.0,0.0,3.0,3.0,0.0,1.0,0.0,0.0,1.0,18.0,9.0,4.0,1.0,0.0,6.0,6.0,0.0,0.0,0.0,0.0,0.0,14.0,6.0,5.0,0.0,0.0,2.0,2.0,0.0,0.0,0.0,1.0,0.0,0.0,0.0,15.0,3.0,2.0,0.0,0.0,4.0,4.0,0.0,0.0,0.0,1.0,0.0,0.0,0.0,2.0,1.0,0.0,1.0,3.0,2.0,2.0,2.0,0.0,0.0,0.0,0.0,0.0,5.0,1.0,0.0,1.0,1.0,0.0,0.0,0.0,2.0,0.0,0.0,1.0,2.0,0.0,0.0,0.0,13.0,2.0,7.0,1.0,0.0,1.0,0.0,1.0,1.0,0.0,1.0,6.0,2.0,0.0,0.0,0.0,2.0,1.0,0.0,0.0,2.0,0.0,4.0,2.0,2.0,0.0,1.0,0.0,0.0,0.0,0.0,0.0,0.0,0.0,0.0,2.0,0.0,2.0,0.0,0.0,0.0,3.0,2.0,0.0,4.0,0.0,0.0,2.0,0.0,0.0,0.0,0.0,0.0,2.0,2.0,4.0,3.0,0.0,2.0,2.0,0.0,0.0,0.0,0.0,0.0,0.0,3.0,2.0,0.0,0.0,0.0,0.0,0.0,2.0,0.0,0.0,0.0,0.0,5.0,2.0,1.0,0.0,0.0,0.0,0.0,2.0,0.0,1.0,0.0,2.0,2.0,0.0,1.0,11.0,1.0,2.0,10.0,13.0,13.0,10.0,16.0
CHEMBL154505,IC50,54.3,27.0,4.0,6.0,0.0,3.0,1.0,4.0,1.0,35.0,6.0,8.0,0.0,0.0,2.0,2.0,0.0,1.0,3.0,3.0,3.0,3.0,3.0,33.0,8.0,10.0,0.0,3.0,2.0,5.0,0.0,2.0,24.0,12.0,9.0,0.0,6.0,2.0,8.0,1.0,0.0,0.0,0.0,20.0,13.0,7.0,0.0,9.0,0.0,9.0,0.0,0.0,0.0,1.0,1.0,0.0,21.0,8.0,5.0,0.0,3.0,0.0,3.0,0.0,2.0,3.0,1.0,4.0,1.0,0.0,0.0,0.0,0.0,24.0,5.0,5.0,0.0,3.0,1.0,4.0,0.0,2.0,0.0,0.0,1.0,27.0,4.0,8.0,0.0,3.0,1.0,4.0,0.0,0.0,0.0,0.0,0.0,33.0,1.0,5.0,0.0,0.0,2.0,2.0,1.0,0.0,0.0,0.0,1.0,3.0,3.0,31.0,1.0,8.0,0.0,3.0,3.0,6.0,1.0,0.0,0.0,0.0,0.0,0.0,0.0,0.0,0.0,0.0,0.0,3.0,0.0,0.0,0.0,0.0,1.0,0.0,2.0,0.0,0.0,2.0,0.0,1.0,0.0,0.0,1.0,1.0,1.0,0.0,0.0,1.0,1.0,3.0,2.0,1.0,6.0,1.0,1.0,0.0,0.0,0.0,0.0,0.0,0.0,0.0,0.0,0.0,0.0,0.0,0.0,0.0,0.0,0.0,0.0,0.0,0.0,0.0,0.0,0.0,0.0,0.0,0.0,0.0,0.0,0.0,0.0,0.0,0.0,0.0,0.0,0.0,0.0,0.0,0.0,0.0,0.0,1.0,0.0,0.0,1.0,0.0,0.0,0.0,0.0,0.0,0.0,0.0,1.0,1.0,1.0,3.0,1.0,0.0,0.0,0.0,0.0,0.0,1.0,2.0,2.0,3.0,3.0,1.0,0.0,0.0,0.0,0.0,1.0,4.0,0.0,0.0,3.0,0.0,0.0,0.0,0.0,3.0,0.0,3.0,3.0,2.0,0.0,0.0,0.0,2.0,1.0,0.0,0.0,22.0,0.0,4.0,10.0,9.0,9.0,12.0,27.0
CHEMBL3616683,IC50,6.0,32.0,5.0,5.0,0.0,6.0,0.0,6.0,1.0,42.0,11.0,5.0,0.0,6.0,0.0,6.0,0.0,1.0,3.0,3.0,3.0,3.0,3.0,43.0,14.0,7.0,0.0,9.0,0.0,9.0,0.0,0.0,41.0,14.0,4.0,0.0,11.0,0.0,11.0,2.0,0.0,0.0,0.0,45.0,10.0,5.0,0.0,9.0,0.0,9.0,0.0,0.0,2.0,0.0,2.0,0.0,47.0,8.0,5.0,0.0,8.0,0.0,8.0,0.0,0.0,3.0,0.0,3.0,2.0,0.0,0.0,0.0,0.0,46.0,5.0,7.0,0.0,11.0,0.0,11.0,1.0,1.0,1.0,1.0,0.0,44.0,3.0,6.0,0.0,15.0,0.0,15.0,1.0,2.0,0.0,0.0,0.0,37.0,6.0,7.0,0.0,15.0,0.0,15.0,0.0,1.0,0.0,0.0,0.0,0.0,0.0,31.0,6.0,8.0,0.0,14.0,0.0,14.0,0.0,0.0,3.0,3.0,0.0,0.0,0.0,1.0,1.0,0.0,0.0,2.0,0.0,0.0,0.0,0.0,1.0,0.0,1.0,1.0,1.0,1.0,0.0,1.0,0.0,0.0,1.0,1.0,2.0,0.0,2.0,1.0,0.0,6.0,1.0,1.0,7.0,2.0,3.0,0.0,0.0,0.0,0.0,0.0,0.0,0.0,1.0,1.0,0.0,0.0,0.0,0.0,0.0,0.0,0.0,0.0,1.0,1.0,0.0,0.0,0.0,0.0,0.0,0.0,0.0,0.0,0.0,0.0,0.0,0.0,0.0,0.0,0.0,1.0,0.0,1.0,1.0,1.0,0.0,0.0,1.0,0.0,0.0,1.0,0.0,0.0,0.0,0.0,1.0,0.0,0.0,2.0,1.0,0.0,0.0,1.0,0.0,0.0,0.0,2.0,1.0,6.0,1.0,1.0,0.0,0.0,1.0,0.0,0.0,4.0,0.0,0.0,3.0,0.0,1.0,1.0,0.0,3.0,0.0,3.0,3.0,2.0,0.0,1.0,0.0,2.0,0.0,1.0,2.0,27.0,2.0,2.0,10.0,8.0,8.0,9.0,31.0
CHEMBL386030,IC50,1000.0,29.0,8.0,6.0,0.0,3.0,0.0,3.0,0.0,43.0,8.0,5.0,0.0,0.0,0.0,0.0,1.0,3.0,3.0,3.0,3.0,3.0,3.0,38.0,13.0,13.0,0.0,3.0,0.0,3.0,0.0,0.0,34.0,11.0,12.0,0.0,6.0,0.0,6.0,2.0,0.0,0.0,0.0,35.0,9.0,13.0,0.0,6.0,0.0,6.0,0.0,1.0,0.0,0.0,0.0,0.0,37.0,10.0,8.0,0.0,3.0,0.0,3.0,0.0,0.0,0.0,0.0,0.0,2.0,0.0,0.0,0.0,0.0,45.0,2.0,6.0,0.0,0.0,0.0,0.0,1.0,2.0,3.0,3.0,1.0,34.0,9.0,13.0,0.0,3.0,0.0,3.0,0.0,0.0,0.0,0.0,0.0,37.0,4.0,7.0,0.0,0.0,0.0,0.0,1.0,2.0,3.0,3.0,1.0,3.0,3.0,34.0,7.0,11.0,0.0,6.0,0.0,6.0,0.0,0.0,0.0,0.0,0.0,0.0,0.0,3.0,0.0,0.0,1.0,9.0,6.0,2.0,0.0,0.0,4.0,1.0,0.0,0.0,3.0,1.0,0.0,1.0,0.0,0.0,1.0,2.0,3.0,0.0,2.0,0.0,0.0,3.0,1.0,1.0,20.0,3.0,15.0,0.0,0.0,6.0,0.0,1.0,1.0,0.0,1.0,19.0,0.0,0.0,0.0,2.0,12.0,7.0,2.0,2.0,2.0,0.0,17.0,0.0,1.0,0.0,16.0,0.0,1.0,9.0,6.0,7.0,3.0,7.0,6.0,4.0,4.0,5.0,5.0,5.0,2.0,4.0,4.0,1.0,8.0,0.0,0.0,4.0,1.0,0.0,0.0,0.0,1.0,0.0,0.0,7.0,6.0,0.0,2.0,4.0,1.0,0.0,0.0,2.0,1.0,3.0,3.0,3.0,0.0,0.0,1.0,0.0,0.0,5.0,0.0,0.0,3.0,0.0,3.0,6.0,2.0,3.0,0.0,3.0,3.0,2.0,0.0,0.0,0.0,2.0,0.0,0.0,0.0,12.0,1.0,2.0,14.0,23.0,23.0,12.0,23.0
CHEMBL373542,IC50,122.0,25.0,7.0,6.0,0.0,3.0,0.0,3.0,0.0,33.0,7.0,5.0,0.0,0.0,0.0,0.0,1.0,3.0,3.0,3.0,3.0,3.0,3.0,30.0,12.0,10.0,0.0,3.0,0.0,3.0,0.0,0.0,27.0,11.0,9.0,0.0,6.0,0.0,6.0,2.0,0.0,0.0,0.0,30.0,9.0,10.0,0.0,6.0,0.0,6.0,0.0,1.0,0.0,0.0,0.0,0.0,33.0,8.0,8.0,0.0,3.0,0.0,3.0,0.0,0.0,0.0,0.0,0.0,2.0,0.0,0.0,0.0,0.0,37.0,3.0,6.0,0.0,0.0,0.0,0.0,1.0,2.0,3.0,3.0,1.0,32.0,6.0,11.0,0.0,3.0,0.0,3.0,0.0,0.0,0.0,0.0,0.0,29.0,4.0,8.0,0.0,0.0,0.0,0.0,1.0,2.0,3.0,3.0,1.0,3.0,3.0,25.0,5.0,10.0,0.0,6.0,0.0,6.0,0.0,0.0,0.0,0.0,0.0,0.0,0.0,2.0,0.0,0.0,0.0,9.0,5.0,0.0,0.0,0.0,4.0,0.0,1.0,1.0,1.0,2.0,0.0,2.0,0.0,0.0,1.0,1.0,3.0,0.0,2.0,0.0,0.0,3.0,1.0,1.0,16.0,3.0,11.0,0.0,0.0,1.0,0.0,1.0,1.0,0.0,1.0,11.0,0.0,0.0,0.0,0.0,3.0,3.0,2.0,2.0,1.0,0.0,11.0,0.0,0.0,0.0,12.0,0.0,0.0,7.0,2.0,5.0,3.0,3.0,4.0,2.0,2.0,3.0,2.0,3.0,1.0,3.0,2.0,0.0,5.0,0.0,0.0,3.0,0.0,0.0,0.0,0.0,1.0,0.0,0.0,6.0,4.0,0.0,2.0,3.0,1.0,0.0,0.0,2.0,1.0,3.0,3.0,3.0,0.0,0.0,1.0,0.0,0.0,5.0,0.0,0.0,3.0,0.0,1.0,7.0,1.0,3.0,0.0,3.0,3.0,2.0,0.0,1.0,0.0,2.0,0.0,0.0,0.0,12.0,0.0,2.0,13.0,19.0,19.0,15.0,21.0
CHEMBL374994,IC50,1088.0,26.0,7.0,4.0,0.0,0.0,0.0,0.0,0.0,36.0,7.0,3.0,0.0,0.0,0.0,0.0,1.0,3.0,0.0,0.0,0.0,0.0,0.0,31.0,12.0,8.0,0.0,0.0,0.0,0.0,0.0,0.0,27.0,11.0,8.0,0.0,0.0,0.0,0.0,2.0,0.0,0.0,0.0,29.0,9.0,10.0,0.0,0.0,0.0,0.0,0.0,0.0,0.0,0.0,0.0,0.0,32.0,9.0,7.0,0.0,0.0,0.0,0.0,0.0,0.0,0.0,0.0,0.0,2.0,0.0,0.0,0.0,0.0,40.0,2.0,6.0,0.0,0.0,0.0,0.0,1.0,1.0,0.0,0.0,0.0,32.0,7.0,10.0,0.0,0.0,0.0,0.0,0.0,0.0,0.0,0.0,0.0,32.0,3.0,4.0,0.0,0.0,0.0,0.0,1.0,2.0,0.0,0.0,1.0,0.0,0.0,27.0,5.0,6.0,0.0,0.0,0.0,0.0,0.0,0.0,0.0,0.0,0.0,0.0,0.0,2.0,0.0,0.0,0.0,7.0,4.0,0.0,0.0,0.0,3.0,0.0,1.0,1.0,3.0,2.0,0.0,2.0,0.0,0.0,1.0,1.0,3.0,0.0,1.0,0.0,0.0,0.0,0.0,1.0,16.0,3.0,12.0,0.0,0.0,5.0,0.0,1.0,1.0,0.0,1.0,15.0,0.0,0.0,0.0,2.0,11.0,7.0,2.0,2.0,1.0,0.0,14.0,0.0,0.0,0.0,14.0,0.0,0.0,9.0,6.0,7.0,3.0,7.0,4.0,2.0,2.0,3.0,2.0,3.0,1.0,3.0,2.0,0.0,5.0,0.0,0.0,3.0,0.0,0.0,0.0,0.0,1.0,0.0,0.0,6.0,4.0,0.0,2.0,3.0,1.0,0.0,0.0,1.0,0.0,0.0,3.0,3.0,0.0,0.0,1.0,0.0,0.0,4.0,0.0,0.0,0.0,0.0,3.0,5.0,1.0,0.0,0.0,0.0,0.0,2.0,0.0,1.0,0.0,2.0,0.0,0.0,0.0,12.0,0.0,2.0,11.0,20.0,20.0,12.0,21.0
CHEMBL219030,IC50,35.0,29.0,7.0,4.0,0.0,0.0,0.0,0.0,0.0,41.0,7.0,3.0,0.0,0.0,0.0,0.0,1.0,3.0,0.0,0.0,0.0,0.0,0.0,37.0,12.0,8.0,0.0,0.0,0.0,0.0,0.0,0.0,32.0,11.0,8.0,0.0,0.0,0.0,0.0,2.0,0.0,0.0,0.0,31.0,10.0,10.0,0.0,0.0,0.0,0.0,0.0,0.0,0.0,0.0,0.0,0.0,33.0,11.0,7.0,0.0,0.0,0.0,0.0,0.0,0.0,0.0,0.0,0.0,2.0,0.0,0.0,0.0,0.0,42.0,3.0,7.0,0.0,0.0,0.0,0.0,1.0,1.0,0.0,0.0,0.0,34.0,9.0,12.0,0.0,0.0,0.0,0.0,0.0,0.0,0.0,0.0,0.0,39.0,3.0,4.0,0.0,0.0,0.0,0.0,1.0,2.0,0.0,0.0,1.0,0.0,0.0,37.0,5.0,6.0,0.0,0.0,0.0,0.0,0.0,0.0,0.0,0.0,0.0,0.0,0.0,3.0,1.0,0.0,0.0,7.0,4.0,0.0,0.0,0.0,3.0,0.0,1.0,1.0,5.0,2.0,0.0,2.0,0.0,0.0,1.0,1.0,3.0,0.0,2.0,0.0,0.0,0.0,0.0,1.0,19.0,3.0,14.0,0.0,0.0,5.0,1.0,1.0,1.0,0.0,1.0,16.0,0.0,0.0,0.0,2.0,11.0,7.0,2.0,2.0,1.0,2.0,14.0,0.0,0.0,0.0,14.0,0.0,0.0,9.0,6.0,7.0,3.0,7.0,4.0,2.0,2.0,3.0,2.0,3.0,1.0,3.0,2.0,0.0,5.0,0.0,0.0,3.0,0.0,0.0,0.0,0.0,1.0,0.0,0.0,6.0,4.0,0.0,2.0,3.0,1.0,0.0,0.0,1.0,0.0,0.0,3.0,3.0,0.0,0.0,1.0,0.0,0.0,4.0,0.0,0.0,0.0,0.0,5.0,5.0,2.0,0.0,0.0,0.0,0.0,2.0,0.0,1.0,0.0,2.0,0.0,0.0,0.0,12.0,0.0,2.0,11.0,23.0,23.0,13.0,22.0
CHEMBL528775,IC50,9.0,29.0,7.0,5.0,2.0,0.0,0.0,0.0,0.0,39.0,7.0,5.0,2.0,0.0,0.0,0.0,1.0,3.0,0.0,0.0,0.0,0.0,0.0,36.0,12.0,8.0,2.0,0.0,0.0,0.0,0.0,1.0,32.0,11.0,9.0,1.0,0.0,0.0,0.0,2.0,0.0,0.0,0.0,35.0,10.0,11.0,1.0,0.0,0.0,0.0,0.0,0.0,0.0,0.0,0.0,1.0,37.0,8.0,9.0,0.0,0.0,0.0,0.0,0.0,0.0,0.0,0.0,0.0,2.0,0.0,0.0,0.0,0.0,39.0,5.0,9.0,2.0,0.0,0.0,0.0,1.0,1.0,0.0,0.0,0.0,37.0,7.0,10.0,3.0,0.0,0.0,0.0,0.0,0.0,0.0,0.0,0.0,36.0,5.0,7.0,4.0,0.0,0.0,0.0,1.0,2.0,0.0,0.0,1.0,0.0,0.0,34.0,6.0,7.0,3.0,0.0,0.0,0.0,0.0,1.0,0.0,0.0,0.0,0.0,0.0,2.0,0.0,0.0,1.0,7.0,3.0,1.0,0.0,0.0,4.0,3.0,1.0,0.0,1.0,2.0,0.0,2.0,0.0,0.0,2.0,0.0,3.0,0.0,2.0,0.0,0.0,0.0,0.0,2.0,13.0,3.0,8.0,0.0,0.0,0.0,1.0,0.0,0.0,0.0,1.0,7.0,0.0,0.0,0.0,0.0,0.0,0.0,0.0,0.0,1.0,2.0,6.0,0.0,0.0,2.0,6.0,0.0,0.0,1.0,0.0,0.0,0.0,0.0,0.0,0.0,0.0,1.0,0.0,1.0,1.0,1.0,0.0,0.0,1.0,0.0,0.0,1.0,0.0,0.0,0.0,0.0,3.0,0.0,0.0,5.0,2.0,0.0,0.0,2.0,3.0,0.0,1.0,2.0,0.0,0.0,3.0,3.0,0.0,0.0,1.0,0.0,1.0,5.0,0.0,0.0,0.0,1.0,0.0,5.0,1.0,0.0,1.0,0.0,0.0,2.0,0.0,1.0,0.0,2.0,0.0,0.0,0.0,18.0,0.0,2.0,14.0,18.0,18.0,13.0,26.0
CHEMBL347922,IC50,615.0,23.0,5.0,2.0,0.0,0.0,1.0,1.0,1.0,30.0,8.0,3.0,0.0,0.0,2.0,2.0,0.0,1.0,0.0,0.0,0.0,0.0,0.0,25.0,11.0,4.0,0.0,0.0,2.0,2.0,0.0,1.0,19.0,11.0,4.0,0.0,0.0,2.0,2.0,0.0,0.0,0.0,0.0,20.0,9.0,3.0,0.0,0.0,0.0,0.0,1.0,0.0,0.0,1.0,1.0,0.0,23.0,7.0,2.0,0.0,0.0,0.0,0.0,0.0,1.0,0.0,1.0,1.0,1.0,0.0,0.0,0.0,0.0,23.0,5.0,2.0,0.0,0.0,1.0,1.0,0.0,2.0,0.0,0.0,0.0,19.0,6.0,4.0,0.0,0.0,1.0,1.0,0.0,0.0,0.0,0.0,0.0,17.0,5.0,3.0,0.0,0.0,2.0,2.0,0.0,0.0,0.0,0.0,0.0,0.0,0.0,16.0,2.0,4.0,0.0,0.0,2.0,2.0,0.0,0.0,0.0,1.0,0.0,0.0,0.0,0.0,0.0,0.0,0.0,1.0,0.0,0.0,0.0,0.0,0.0,0.0,0.0,0.0,0.0,1.0,0.0,1.0,0.0,0.0,1.0,0.0,1.0,0.0,0.0,1.0,1.0,0.0,0.0,1.0,3.0,1.0,0.0,0.0,0.0,0.0,0.0,0.0,0.0,0.0,0.0,0.0,0.0,0.0,0.0,0.0,0.0,0.0,0.0,0.0,0.0,0.0,0.0,0.0,0.0,0.0,0.0,0.0,0.0,0.0,0.0,0.0,0.0,0.0,0.0,0.0,0.0,0.0,0.0,0.0,0.0,0.0,0.0,0.0,0.0,0.0,0.0,0.0,0.0,0.0,0.0,0.0,0.0,1.0,1.0,1.0,0.0,0.0,0.0,0.0,0.0,0.0,0.0,0.0,0.0,0.0,2.0,1.0,0.0,0.0,0.0,0.0,0.0,2.0,0.0,0.0,0.0,0.0,0.0,0.0,0.0,0.0,0.0,0.0,0.0,2.0,0.0,0.0,0.0,2.0,1.0,0.0,1.0,21.0,1.0,4.0,7.0,6.0,6.0,6.0,24.0
CHEMBL157064,IC50,870.0,19.0,2.0,4.0,0.0,0.0,1.0,1.0,1.0,25.0,4.0,5.0,0.0,0.0,2.0,2.0,0.0,1.0,0.0,0.0,0.0,0.0,0.0,23.0,6.0,7.0,0.0,0.0,2.0,2.0,0.0,1.0,15.0,9.0,7.0,0.0,0.0,2.0,2.0,0.0,0.0,0.0,0.0,11.0,9.0,5.0,0.0,0.0,0.0,0.0,0.0,0.0,0.0,1.0,1.0,0.0,11.0,5.0,2.0,0.0,0.0,0.0,0.0,0.0,2.0,0.0,1.0,1.0,1.0,0.0,0.0,0.0,0.0,13.0,2.0,3.0,0.0,0.0,1.0,1.0,0.0,2.0,0.0,0.0,0.0,15.0,1.0,5.0,0.0,0.0,1.0,1.0,0.0,0.0,0.0,0.0,0.0,16.0,0.0,3.0,0.0,0.0,2.0,2.0,0.0,0.0,0.0,0.0,1.0,0.0,0.0,12.0,0.0,5.0,0.0,0.0,3.0,3.0,0.0,0.0,0.0,0.0,0.0,0.0,0.0,0.0,0.0,0.0,0.0,0.0,0.0,0.0,0.0,0.0,0.0,0.0,0.0,0.0,1.0,1.0,0.0,1.0,0.0,0.0,1.0,0.0,1.0,0.0,0.0,1.0,1.0,0.0,1.0,1.0,3.0,1.0,0.0,0.0,0.0,0.0,0.0,0.0,0.0,0.0,0.0,0.0,0.0,0.0,0.0,0.0,0.0,0.0,0.0,0.0,0.0,0.0,0.0,0.0,0.0,0.0,0.0,0.0,0.0,0.0,0.0,0.0,0.0,0.0,0.0,0.0,0.0,0.0,0.0,0.0,0.0,0.0,0.0,0.0,0.0,0.0,0.0,0.0,0.0,0.0,0.0,0.0,0.0,1.0,1.0,1.0,0.0,0.0,0.0,0.0,0.0,0.0,0.0,1.0,1.0,0.0,2.0,1.0,0.0,0.0,0.0,0.0,0.0,3.0,0.0,0.0,0.0,0.0,0.0,0.0,0.0,0.0,0.0,0.0,0.0,2.0,0.0,0.0,0.0,2.0,1.0,0.0,0.0,16.0,0.0,4.0,6.0,5.0,5.0,5.0,19.0
CHEMBL219191,IC50,1700.0,25.0,7.0,6.0,0.0,3.0,0.0,3.0,0.0,36.0,7.0,5.0,0.0,0.0,0.0,0.0,1.0,3.0,3.0,3.0,3.0,3.0,3.0,33.0,11.0,8.0,0.0,3.0,0.0,3.0,0.0,2.0,28.0,11.0,11.0,0.0,6.0,0.0,6.0,0.0,0.0,0.0,0.0,29.0,9.0,9.0,0.0,6.0,0.0,6.0,0.0,1.0,0.0,0.0,0.0,2.0,30.0,10.0,10.0,0.0,3.0,0.0,3.0,0.0,0.0,0.0,0.0,0.0,0.0,0.0,0.0,0.0,0.0,39.0,2.0,6.0,0.0,0.0,0.0,0.0,1.0,2.0,3.0,3.0,1.0,31.0,8.0,11.0,0.0,3.0,0.0,3.0,0.0,0.0,0.0,0.0,0.0,33.0,3.0,7.0,0.0,0.0,0.0,0.0,1.0,2.0,3.0,3.0,1.0,3.0,3.0,30.0,4.0,8.0,0.0,6.0,0.0,6.0,0.0,2.0,0.0,0.0,0.0,0.0,0.0,2.0,0.0,0.0,0.0,6.0,4.0,0.0,0.0,0.0,2.0,0.0,1.0,1.0,3.0,2.0,0.0,2.0,0.0,0.0,1.0,2.0,3.0,0.0,2.0,0.0,0.0,3.0,1.0,1.0,16.0,3.0,11.0,0.0,0.0,5.0,0.0,1.0,1.0,0.0,1.0,14.0,0.0,0.0,0.0,2.0,11.0,7.0,2.0,2.0,0.0,0.0,14.0,0.0,0.0,0.0,14.0,0.0,0.0,9.0,6.0,7.0,3.0,7.0,4.0,2.0,2.0,2.0,2.0,2.0,0.0,3.0,2.0,0.0,5.0,0.0,0.0,3.0,0.0,0.0,0.0,0.0,1.0,0.0,0.0,6.0,4.0,0.0,2.0,3.0,1.0,0.0,1.0,2.0,1.0,3.0,3.0,3.0,0.0,1.0,0.0,0.0,1.0,5.0,0.0,1.0,3.0,1.0,3.0,4.0,1.0,3.0,0.0,3.0,3.0,2.0,0.0,1.0,0.0,2.0,0.0,0.0,0.0,12.0,0.0,2.0,13.0,19.0,19.0,13.0,22.0
CHEMBL219252,IC50,153.0,26.0,7.0,6.0,0.0,3.0,0.0,4.0,0.0,37.0,7.0,5.0,0.0,0.0,0.0,2.0,1.0,3.0,3.0,3.0,3.0,3.0,3.0,33.0,12.0,10.0,0.0,3.0,0.0,5.0,0.0,0.0,29.0,11.0,9.0,0.0,6.0,0.0,8.0,2.0,0.0,0.0,0.0,30.0,9.0,10.0,0.0,6.0,0.0,7.0,0.0,1.0,0.0,0.0,1.0,0.0,32.0,10.0,8.0,0.0,3.0,0.0,5.0,0.0,0.0,0.0,0.0,0.0,2.0,0.0,0.0,3.0,3.0,41.0,2.0,6.0,0.0,0.0,0.0,3.0,1.0,2.0,3.0,3.0,1.0,32.0,8.0,13.0,0.0,3.0,0.0,7.0,0.0,0.0,0.0,0.0,0.0,34.0,3.0,7.0,0.0,0.0,0.0,3.0,1.0,2.0,3.0,3.0,1.0,3.0,3.0,30.0,5.0,10.0,0.0,6.0,0.0,8.0,0.0,0.0,0.0,0.0,0.0,0.0,0.0,2.0,0.0,0.0,0.0,7.0,4.0,0.0,0.0,0.0,3.0,0.0,1.0,1.0,3.0,2.0,0.0,2.0,0.0,0.0,1.0,2.0,3.0,0.0,1.0,1.0,0.0,3.0,1.0,1.0,17.0,3.0,12.0,0.0,0.0,5.0,0.0,1.0,1.0,0.0,1.0,15.0,0.0,0.0,0.0,2.0,11.0,7.0,2.0,2.0,1.0,0.0,14.0,0.0,0.0,0.0,14.0,0.0,0.0,9.0,6.0,7.0,3.0,7.0,4.0,2.0,2.0,3.0,2.0,3.0,1.0,3.0,2.0,0.0,5.0,0.0,0.0,3.0,0.0,0.0,0.0,0.0,1.0,0.0,0.0,6.0,4.0,0.0,2.0,3.0,1.0,0.0,0.0,2.0,1.0,3.0,3.0,3.0,0.0,0.0,1.0,0.0,0.0,5.0,0.0,0.0,3.0,0.0,3.0,5.0,1.0,3.0,0.0,3.0,3.0,2.0,0.0,1.0,0.0,2.0,0.0,0.0,0.0,12.0,0.0,2.0,13.0,20.0,20.0,14.0,22.0
CHEMBL160735,IC50,100.0,22.0,4.0,0.0,0.0,0.0,1.0,1.0,0.0,29.0,6.0,0.0,0.0,0.0,2.0,2.0,0.0,0.0,0.0,0.0,0.0,0.0,0.0,28.0,6.0,0.0,0.0,0.0,2.0,2.0,0.0,0.0,26.0,7.0,0.0,0.0,0.0,1.0,1.0,0.0,0.0,0.0,0.0,29.0,4.0,0.0,0.0,0.0,1.0,1.0,1.0,0.0,0.0,0.0,0.0,0.0,28.0,4.0,0.0,0.0,0.0,1.0,1.0,0.0,0.0,0.0,1.0,1.0,0.0,0.0,0.0,0.0,0.0,25.0,3.0,0.0,0.0,0.0,2.0,2.0,0.0,0.0,0.0,0.0,0.0,16.0,4.0,0.0,0.0,0.0,2.0,2.0,0.0,0.0,0.0,0.0,0.0,6.0,3.0,0.0,0.0,0.0,4.0,4.0,0.0,0.0,0.0,0.0,0.0,0.0,0.0,1.0,1.0,0.0,0.0,0.0,4.0,4.0,0.0,0.0,0.0,0.0,0.0,0.0,0.0,1.0,0.0,0.0,0.0,5.0,2.0,0.0,0.0,0.0,4.0,3.0,0.0,0.0,0.0,0.0,0.0,0.0,0.0,0.0,0.0,0.0,0.0,0.0,1.0,0.0,1.0,0.0,0.0,0.0,6.0,0.0,6.0,0.0,0.0,0.0,0.0,0.0,0.0,0.0,0.0,6.0,0.0,0.0,0.0,0.0,0.0,0.0,0.0,0.0,0.0,0.0,6.0,0.0,0.0,0.0,6.0,0.0,0.0,1.0,0.0,0.0,0.0,0.0,0.0,0.0,0.0,0.0,0.0,0.0,0.0,0.0,0.0,0.0,0.0,0.0,0.0,0.0,0.0,0.0,0.0,0.0,0.0,1.0,1.0,0.0,0.0,0.0,0.0,0.0,0.0,0.0,0.0,0.0,0.0,0.0,0.0,0.0,0.0,0.0,0.0,0.0,0.0,0.0,0.0,0.0,0.0,0.0,0.0,5.0,1.0,0.0,0.0,0.0,0.0,0.0,0.0,0.0,0.0,0.0,1.0,1.0,2.0,17.0,2.0,0.0,4.0,9.0,9.0,1.0,17.0
CHEMBL2159332,IC50,64.2,31.0,5.0,5.0,0.0,3.0,2.0,5.0,1.0,41.0,10.0,5.0,0.0,0.0,4.0,4.0,0.0,1.0,3.0,3.0,3.0,3.0,3.0,40.0,12.0,7.0,0.0,3.0,4.0,7.0,0.0,0.0,34.0,14.0,5.0,0.0,6.0,4.0,10.0,2.0,0.0,0.0,0.0,38.0,11.0,6.0,0.0,6.0,2.0,8.0,0.0,0.0,0.0,2.0,2.0,0.0,42.0,8.0,5.0,0.0,6.0,2.0,8.0,0.0,0.0,0.0,2.0,2.0,2.0,0.0,0.0,0.0,0.0,45.0,4.0,5.0,0.0,6.0,4.0,10.0,1.0,2.0,0.0,0.0,0.0,42.0,4.0,7.0,0.0,6.0,6.0,12.0,1.0,2.0,0.0,0.0,0.0,37.0,6.0,7.0,0.0,3.0,8.0,11.0,0.0,0.0,3.0,3.0,0.0,0.0,0.0,30.0,5.0,9.0,0.0,6.0,8.0,14.0,0.0,0.0,3.0,3.0,0.0,0.0,0.0,0.0,0.0,0.0,0.0,3.0,0.0,0.0,0.0,0.0,1.0,0.0,1.0,1.0,0.0,1.0,0.0,1.0,0.0,0.0,1.0,1.0,2.0,0.0,1.0,2.0,2.0,3.0,1.0,1.0,6.0,2.0,2.0,0.0,0.0,0.0,0.0,0.0,0.0,0.0,1.0,1.0,0.0,0.0,0.0,0.0,0.0,0.0,0.0,0.0,1.0,0.0,0.0,0.0,0.0,0.0,0.0,0.0,0.0,0.0,0.0,0.0,0.0,0.0,0.0,0.0,0.0,1.0,0.0,1.0,1.0,1.0,0.0,0.0,1.0,0.0,0.0,1.0,0.0,0.0,0.0,0.0,1.0,2.0,2.0,2.0,1.0,0.0,0.0,1.0,0.0,0.0,0.0,2.0,1.0,3.0,1.0,1.0,0.0,0.0,1.0,0.0,0.0,4.0,0.0,0.0,3.0,0.0,0.0,1.0,0.0,3.0,0.0,3.0,3.0,2.0,0.0,1.0,0.0,2.0,2.0,1.0,2.0,27.0,2.0,2.0,10.0,7.0,7.0,9.0,30.0
CHEMBL2159338,IC50,16.6,32.0,5.0,5.0,0.0,3.0,2.0,5.0,1.0,42.0,11.0,5.0,0.0,0.0,4.0,4.0,0.0,1.0,3.0,3.0,3.0,3.0,3.0,43.0,13.0,7.0,0.0,3.0,4.0,7.0,0.0,0.0,39.0,14.0,5.0,0.0,6.0,4.0,10.0,2.0,0.0,0.0,0.0,42.0,11.0,6.0,0.0,6.0,2.0,8.0,0.0,0.0,0.0,2.0,2.0,0.0,47.0,8.0,4.0,0.0,6.0,2.0,8.0,0.0,0.0,0.0,2.0,2.0,2.0,0.0,0.0,0.0,0.0,48.0,5.0,6.0,0.0,6.0,4.0,10.0,1.0,1.0,0.0,0.0,0.0,46.0,3.0,6.0,0.0,3.0,8.0,11.0,1.0,2.0,0.0,0.0,0.0,38.0,6.0,7.0,0.0,3.0,8.0,11.0,0.0,1.0,0.0,0.0,0.0,0.0,0.0,31.0,6.0,8.0,0.0,3.0,8.0,11.0,0.0,0.0,3.0,3.0,0.0,0.0,0.0,1.0,1.0,0.0,0.0,2.0,0.0,0.0,0.0,0.0,1.0,0.0,1.0,1.0,1.0,1.0,0.0,1.0,0.0,0.0,1.0,1.0,2.0,0.0,1.0,2.0,2.0,3.0,1.0,1.0,7.0,2.0,3.0,0.0,0.0,0.0,0.0,0.0,0.0,0.0,1.0,1.0,0.0,0.0,0.0,0.0,0.0,0.0,0.0,0.0,1.0,1.0,0.0,0.0,0.0,0.0,0.0,0.0,0.0,0.0,0.0,0.0,0.0,0.0,0.0,0.0,0.0,1.0,0.0,1.0,1.0,1.0,0.0,0.0,1.0,0.0,0.0,1.0,0.0,0.0,0.0,0.0,1.0,2.0,2.0,2.0,1.0,0.0,0.0,1.0,0.0,0.0,0.0,2.0,1.0,3.0,1.0,1.0,0.0,0.0,1.0,0.0,0.0,4.0,0.0,0.0,3.0,0.0,1.0,1.0,0.0,3.0,0.0,3.0,3.0,2.0,0.0,1.0,0.0,2.0,2.0,1.0,2.0,27.0,2.0,2.0,10.0,8.0,8.0,9.0,31.0
CHEMBL2159325,IC50,527.5,26.0,5.0,5.0,0.0,3.0,2.0,5.0,1.0,33.0,10.0,5.0,0.0,0.0,4.0,4.0,0.0,1.0,3.0,3.0,3.0,3.0,3.0,31.0,12.0,8.0,0.0,3.0,4.0,7.0,0.0,0.0,28.0,14.0,5.0,0.0,6.0,4.0,10.0,3.0,0.0,0.0,0.0,33.0,11.0,6.0,0.0,9.0,2.0,11.0,0.0,1.0,0.0,2.0,2.0,0.0,37.0,6.0,5.0,0.0,6.0,2.0,8.0,0.0,0.0,3.0,2.0,5.0,2.0,0.0,0.0,0.0,0.0,38.0,1.0,8.0,0.0,6.0,4.0,10.0,1.0,1.0,3.0,3.0,0.0,35.0,2.0,9.0,0.0,6.0,6.0,12.0,1.0,1.0,0.0,0.0,0.0,25.0,5.0,7.0,0.0,12.0,8.0,20.0,0.0,0.0,0.0,0.0,0.0,0.0,2.0,16.0,5.0,6.0,0.0,12.0,8.0,20.0,0.0,0.0,0.0,0.0,0.0,0.0,0.0,0.0,0.0,0.0,0.0,3.0,0.0,0.0,0.0,0.0,1.0,0.0,1.0,1.0,0.0,1.0,0.0,1.0,0.0,0.0,1.0,1.0,2.0,0.0,1.0,0.0,2.0,3.0,1.0,1.0,6.0,2.0,2.0,0.0,0.0,0.0,0.0,0.0,0.0,0.0,1.0,1.0,0.0,0.0,0.0,0.0,0.0,0.0,0.0,0.0,1.0,0.0,0.0,0.0,0.0,0.0,0.0,0.0,0.0,0.0,0.0,0.0,0.0,0.0,0.0,0.0,0.0,1.0,0.0,1.0,1.0,1.0,0.0,0.0,1.0,0.0,0.0,1.0,0.0,0.0,0.0,0.0,1.0,2.0,2.0,2.0,1.0,0.0,0.0,1.0,0.0,0.0,0.0,2.0,1.0,3.0,1.0,1.0,0.0,0.0,1.0,0.0,0.0,4.0,0.0,0.0,3.0,0.0,0.0,1.0,0.0,3.0,0.0,3.0,3.0,2.0,0.0,1.0,0.0,2.0,2.0,1.0,2.0,23.0,2.0,2.0,10.0,7.0,7.0,9.0,26.0
CHEMBL2159343,IC50,8.1,33.0,5.0,5.0,0.0,0.0,2.0,2.0,1.0,42.0,11.0,6.0,0.0,0.0,4.0,4.0,0.0,1.0,0.0,0.0,0.0,0.0,0.0,44.0,13.0,7.0,0.0,0.0,4.0,4.0,0.0,0.0,41.0,14.0,5.0,0.0,0.0,4.0,4.0,2.0,0.0,0.0,0.0,44.0,11.0,6.0,0.0,0.0,2.0,2.0,0.0,0.0,0.0,2.0,2.0,0.0,49.0,8.0,4.0,0.0,0.0,2.0,2.0,0.0,0.0,0.0,2.0,2.0,2.0,0.0,0.0,0.0,0.0,50.0,5.0,6.0,0.0,0.0,4.0,4.0,1.0,1.0,0.0,0.0,0.0,47.0,3.0,6.0,0.0,0.0,8.0,8.0,1.0,2.0,0.0,0.0,0.0,39.0,6.0,7.0,0.0,0.0,8.0,8.0,0.0,1.0,0.0,0.0,0.0,0.0,0.0,32.0,7.0,8.0,0.0,0.0,8.0,8.0,0.0,0.0,0.0,0.0,0.0,0.0,0.0,1.0,1.0,0.0,0.0,3.0,0.0,0.0,0.0,0.0,1.0,0.0,1.0,1.0,2.0,1.0,0.0,1.0,0.0,0.0,1.0,0.0,2.0,0.0,1.0,2.0,2.0,0.0,1.0,1.0,8.0,2.0,4.0,0.0,0.0,0.0,0.0,0.0,0.0,0.0,1.0,1.0,0.0,0.0,0.0,0.0,0.0,0.0,0.0,0.0,1.0,1.0,0.0,0.0,0.0,0.0,0.0,0.0,0.0,0.0,0.0,0.0,0.0,0.0,0.0,0.0,0.0,1.0,0.0,1.0,1.0,1.0,0.0,0.0,1.0,0.0,0.0,1.0,0.0,0.0,0.0,0.0,2.0,2.0,2.0,2.0,1.0,0.0,0.0,1.0,0.0,0.0,0.0,2.0,1.0,0.0,1.0,1.0,0.0,0.0,1.0,0.0,0.0,4.0,0.0,0.0,0.0,0.0,2.0,1.0,0.0,0.0,0.0,0.0,0.0,2.0,0.0,1.0,0.0,2.0,2.0,1.0,2.0,27.0,2.0,2.0,10.0,10.0,10.0,9.0,30.0
CHEMBL2159347,IC50,7.5,32.0,5.0,5.0,0.0,0.0,2.0,2.0,1.0,42.0,11.0,5.0,0.0,0.0,4.0,4.0,0.0,1.0,0.0,0.0,0.0,0.0,0.0,43.0,13.0,7.0,0.0,0.0,5.0,5.0,0.0,0.0,39.0,14.0,5.0,0.0,0.0,4.0,4.0,2.0,0.0,1.0,0.0,42.0,11.0,6.0,0.0,0.0,2.0,2.0,0.0,0.0,0.0,2.0,2.0,0.0,47.0,8.0,4.0,0.0,0.0,3.0,3.0,0.0,0.0,0.0,1.0,1.0,2.0,0.0,0.0,0.0,0.0,48.0,5.0,6.0,0.0,0.0,6.0,6.0,1.0,1.0,0.0,0.0,0.0,46.0,3.0,6.0,0.0,0.0,8.0,8.0,1.0,2.0,0.0,0.0,0.0,38.0,6.0,7.0,0.0,0.0,8.0,8.0,0.0,1.0,0.0,0.0,0.0,0.0,0.0,31.0,6.0,8.0,0.0,0.0,7.0,7.0,0.0,0.0,0.0,0.0,0.0,0.0,0.0,1.0,1.0,0.0,0.0,2.0,0.0,0.0,0.0,0.0,1.0,0.0,1.0,1.0,2.0,1.0,0.0,1.0,0.0,0.0,1.0,0.0,2.0,0.0,1.0,3.0,2.0,0.0,1.0,1.0,7.0,2.0,3.0,0.0,0.0,0.0,0.0,0.0,0.0,0.0,1.0,1.0,0.0,0.0,0.0,0.0,0.0,0.0,0.0,0.0,1.0,1.0,0.0,0.0,0.0,0.0,0.0,0.0,0.0,0.0,0.0,0.0,0.0,0.0,0.0,0.0,0.0,1.0,0.0,1.0,1.0,1.0,0.0,0.0,1.0,0.0,0.0,1.0,0.0,0.0,0.0,0.0,1.0,2.0,2.0,2.0,1.0,0.0,0.0,1.0,0.0,0.0,0.0,2.0,1.0,0.0,1.0,1.0,0.0,0.0,1.0,0.0,0.0,4.0,0.0,0.0,0.0,0.0,1.0,1.0,0.0,0.0,0.0,0.0,0.0,2.0,0.0,1.0,0.0,2.0,2.0,1.0,2.0,27.0,2.0,2.0,10.0,9.0,9.0,8.0,30.0
CHEMBL107473,IC50,34000.0,19.0,2.0,3.0,0.0,0.0,2.0,2.0,1.0,24.0,4.0,5.0,0.0,0.0,4.0,4.0,0.0,1.0,0.0,0.0,0.0,0.0,0.0,21.0,6.0,7.0,0.0,0.0,4.0,4.0,0.0,1.0,12.0,9.0,7.0,0.0,0.0,4.0,4.0,0.0,0.0,0.0,0.0,8.0,9.0,5.0,0.0,0.0,0.0,0.0,0.0,0.0,0.0,2.0,2.0,0.0,9.0,5.0,2.0,0.0,0.0,0.0,0.0,0.0,2.0,0.0,2.0,2.0,1.0,0.0,0.0,0.0,0.0,13.0,1.0,3.0,0.0,0.0,2.0,2.0,0.0,2.0,0.0,0.0,0.0,15.0,0.0,5.0,0.0,0.0,2.0,2.0,0.0,0.0,0.0,0.0,0.0,15.0,0.0,3.0,0.0,0.0,4.0,4.0,0.0,0.0,0.0,0.0,1.0,0.0,0.0,11.0,0.0,4.0,0.0,0.0,6.0,6.0,0.0,0.0,0.0,0.0,0.0,0.0,0.0,0.0,0.0,0.0,0.0,0.0,0.0,0.0,0.0,0.0,0.0,0.0,0.0,0.0,0.0,1.0,0.0,1.0,0.0,0.0,2.0,0.0,1.0,0.0,0.0,0.0,2.0,0.0,0.0,2.0,2.0,1.0,0.0,0.0,0.0,0.0,0.0,0.0,0.0,0.0,0.0,0.0,0.0,0.0,0.0,0.0,0.0,0.0,0.0,0.0,0.0,0.0,0.0,0.0,0.0,0.0,0.0,0.0,0.0,0.0,0.0,0.0,0.0,0.0,0.0,0.0,0.0,0.0,0.0,0.0,0.0,0.0,0.0,0.0,0.0,0.0,0.0,0.0,0.0,0.0,0.0,0.0,0.0,2.0,2.0,1.0,0.0,0.0,0.0,0.0,0.0,0.0,0.0,0.0,0.0,0.0,2.0,1.0,0.0,0.0,0.0,0.0,0.0,3.0,0.0,0.0,0.0,0.0,0.0,0.0,0.0,0.0,0.0,0.0,0.0,2.0,0.0,0.0,0.0,2.0,2.0,0.0,0.0,16.0,0.0,4.0,5.0,5.0,5.0,4.0,19.0
CHEMBL4225050,IC50,2750.0,34.0,5.0,5.0,0.0,0.0,0.0,0.0,1.0,46.0,11.0,5.0,0.0,0.0,0.0,0.0,0.0,1.0,0.0,0.0,0.0,0.0,0.0,47.0,15.0,7.0,0.0,0.0,0.0,0.0,0.0,0.0,46.0,14.0,5.0,0.0,0.0,0.0,0.0,2.0,0.0,0.0,0.0,49.0,12.0,6.0,0.0,0.0,0.0,0.0,0.0,0.0,0.0,0.0,0.0,0.0,54.0,9.0,4.0,0.0,0.0,0.0,0.0,0.0,0.0,0.0,0.0,0.0,2.0,0.0,0.0,0.0,0.0,54.0,5.0,6.0,0.0,0.0,0.0,0.0,1.0,1.0,0.0,0.0,0.0,52.0,3.0,6.0,0.0,0.0,0.0,0.0,1.0,2.0,0.0,0.0,0.0,43.0,6.0,8.0,0.0,0.0,0.0,0.0,0.0,1.0,0.0,0.0,0.0,0.0,0.0,36.0,7.0,9.0,0.0,0.0,0.0,0.0,0.0,0.0,0.0,0.0,0.0,0.0,0.0,1.0,1.0,0.0,0.0,2.0,0.0,0.0,0.0,0.0,1.0,0.0,1.0,1.0,4.0,1.0,0.0,1.0,0.0,0.0,1.0,0.0,2.0,0.0,1.0,2.0,0.0,0.0,1.0,1.0,9.0,2.0,3.0,0.0,0.0,0.0,0.0,0.0,0.0,0.0,1.0,1.0,0.0,0.0,0.0,0.0,0.0,0.0,0.0,0.0,1.0,1.0,0.0,0.0,0.0,0.0,0.0,0.0,0.0,0.0,0.0,0.0,0.0,0.0,0.0,0.0,0.0,1.0,0.0,1.0,1.0,1.0,0.0,0.0,1.0,0.0,0.0,1.0,0.0,0.0,0.0,0.0,1.0,0.0,0.0,2.0,1.0,0.0,0.0,1.0,0.0,0.0,0.0,2.0,1.0,0.0,1.0,1.0,0.0,0.0,1.0,0.0,0.0,4.0,0.0,0.0,0.0,0.0,3.0,1.0,0.0,0.0,0.0,0.0,0.0,2.0,0.0,1.0,0.0,2.0,0.0,1.0,2.0,27.0,2.0,2.0,10.0,11.0,11.0,8.0,30.0
CHEMBL351724,IC50,140.0,24.0,2.0,6.0,0.0,0.0,1.0,1.0,1.0,30.0,4.0,9.0,0.0,0.0,2.0,2.0,0.0,1.0,0.0,0.0,0.0,0.0,0.0,28.0,6.0,9.0,0.0,0.0,2.0,2.0,0.0,1.0,19.0,9.0,10.0,0.0,0.0,2.0,2.0,0.0,0.0,0.0,0.0,18.0,9.0,8.0,0.0,0.0,0.0,0.0,0.0,0.0,0.0,1.0,1.0,0.0,22.0,5.0,5.0,0.0,0.0,0.0,0.0,0.0,2.0,0.0,1.0,1.0,1.0,0.0,0.0,0.0,0.0,26.0,2.0,6.0,0.0,0.0,1.0,1.0,0.0,2.0,0.0,0.0,0.0,26.0,2.0,7.0,0.0,0.0,1.0,1.0,0.0,0.0,0.0,0.0,0.0,23.0,2.0,3.0,0.0,0.0,2.0,2.0,0.0,1.0,0.0,0.0,1.0,0.0,0.0,15.0,3.0,5.0,0.0,0.0,3.0,3.0,0.0,1.0,0.0,0.0,0.0,0.0,0.0,1.0,0.0,0.0,0.0,5.0,2.0,0.0,0.0,0.0,3.0,2.0,0.0,0.0,0.0,1.0,0.0,1.0,0.0,0.0,1.0,0.0,1.0,0.0,0.0,1.0,1.0,0.0,2.0,1.0,8.0,1.0,5.0,0.0,0.0,0.0,0.0,0.0,0.0,0.0,0.0,4.0,0.0,0.0,0.0,0.0,0.0,0.0,0.0,0.0,0.0,0.0,3.0,0.0,0.0,0.0,2.0,0.0,0.0,1.0,0.0,0.0,0.0,0.0,0.0,0.0,0.0,0.0,0.0,0.0,3.0,0.0,0.0,0.0,0.0,0.0,0.0,0.0,0.0,0.0,0.0,0.0,4.0,1.0,1.0,1.0,0.0,0.0,0.0,0.0,0.0,0.0,0.0,3.0,1.0,0.0,2.0,1.0,0.0,0.0,0.0,0.0,0.0,4.0,0.0,0.0,0.0,0.0,0.0,3.0,0.0,0.0,0.0,0.0,0.0,2.0,0.0,0.0,0.0,2.0,1.0,0.0,0.0,16.0,1.0,4.0,8.0,12.0,12.0,7.0,20.0
CHEMBL153950,IC50,14.7,27.0,4.0,4.0,0.0,0.0,3.0,3.0,1.0,34.0,6.0,6.0,0.0,0.0,6.0,6.0,0.0,1.0,0.0,0.0,0.0,0.0,0.0,31.0,8.0,7.0,0.0,0.0,6.0,6.0,0.0,2.0,21.0,12.0,8.0,0.0,0.0,5.0,5.0,0.0,0.0,0.0,0.0,19.0,12.0,6.0,0.0,0.0,1.0,1.0,0.0,0.0,0.0,2.0,2.0,0.0,20.0,8.0,4.0,0.0,0.0,1.0,1.0,0.0,2.0,0.0,2.0,2.0,1.0,0.0,0.0,0.0,0.0,23.0,5.0,5.0,0.0,0.0,3.0,3.0,0.0,2.0,0.0,0.0,0.0,27.0,4.0,6.0,0.0,0.0,2.0,2.0,0.0,0.0,0.0,0.0,0.0,32.0,1.0,3.0,0.0,0.0,3.0,3.0,1.0,0.0,0.0,0.0,1.0,0.0,1.0,29.0,1.0,5.0,0.0,0.0,6.0,6.0,1.0,0.0,0.0,0.0,0.0,0.0,0.0,0.0,0.0,0.0,0.0,3.0,0.0,0.0,0.0,0.0,1.0,0.0,2.0,0.0,0.0,2.0,0.0,1.0,0.0,0.0,1.0,0.0,1.0,0.0,0.0,2.0,3.0,0.0,1.0,1.0,5.0,1.0,1.0,0.0,0.0,0.0,0.0,0.0,0.0,0.0,0.0,0.0,0.0,0.0,0.0,0.0,0.0,0.0,0.0,0.0,0.0,0.0,0.0,0.0,0.0,0.0,0.0,0.0,0.0,0.0,0.0,0.0,0.0,0.0,0.0,0.0,0.0,0.0,0.0,0.0,0.0,1.0,0.0,0.0,1.0,0.0,0.0,0.0,0.0,0.0,0.0,0.0,1.0,3.0,3.0,3.0,1.0,0.0,0.0,0.0,0.0,0.0,1.0,1.0,1.0,0.0,3.0,1.0,0.0,0.0,0.0,0.0,1.0,3.0,0.0,0.0,0.0,0.0,0.0,0.0,0.0,0.0,0.0,0.0,0.0,1.0,0.0,0.0,0.0,2.0,3.0,0.0,0.0,22.0,0.0,4.0,8.0,9.0,9.0,10.0,26.0
CHEMBL152477,IC50,2.8,32.0,6.0,4.0,0.0,0.0,0.0,0.0,1.0,43.0,9.0,5.0,0.0,0.0,0.0,0.0,0.0,3.0,0.0,0.0,0.0,0.0,0.0,35.0,15.0,13.0,0.0,0.0,0.0,0.0,0.0,1.0,33.0,18.0,14.0,0.0,0.0,0.0,0.0,1.0,0.0,0.0,1.0,40.0,14.0,14.0,0.0,0.0,0.0,0.0,0.0,0.0,0.0,0.0,0.0,0.0,47.0,6.0,12.0,0.0,0.0,0.0,0.0,2.0,2.0,0.0,0.0,0.0,1.0,0.0,0.0,0.0,0.0,50.0,3.0,7.0,0.0,0.0,0.0,0.0,2.0,1.0,0.0,0.0,0.0,40.0,6.0,4.0,0.0,0.0,0.0,0.0,0.0,2.0,0.0,0.0,0.0,27.0,8.0,2.0,0.0,0.0,0.0,0.0,0.0,3.0,0.0,0.0,0.0,0.0,0.0,18.0,12.0,6.0,0.0,0.0,0.0,0.0,0.0,0.0,0.0,0.0,0.0,0.0,0.0,2.0,0.0,0.0,2.0,8.0,4.0,4.0,0.0,0.0,6.0,2.0,0.0,0.0,0.0,1.0,0.0,1.0,0.0,0.0,1.0,0.0,3.0,0.0,0.0,1.0,0.0,0.0,0.0,1.0,15.0,3.0,12.0,2.0,0.0,2.0,0.0,0.0,0.0,0.0,2.0,14.0,4.0,4.0,0.0,0.0,4.0,2.0,0.0,0.0,4.0,0.0,14.0,4.0,4.0,0.0,6.0,4.0,4.0,2.0,0.0,0.0,0.0,2.0,4.0,4.0,4.0,4.0,0.0,4.0,0.0,2.0,0.0,0.0,2.0,2.0,4.0,2.0,1.0,0.0,0.0,0.0,0.0,0.0,0.0,3.0,1.0,2.0,0.0,2.0,2.0,0.0,0.0,0.0,0.0,0.0,4.0,3.0,0.0,0.0,0.0,0.0,0.0,4.0,0.0,0.0,0.0,0.0,0.0,8.0,2.0,0.0,0.0,0.0,0.0,3.0,0.0,0.0,0.0,2.0,0.0,0.0,0.0,16.0,0.0,4.0,10.0,16.0,16.0,9.0,24.0
CHEMBL487668,IC50,4.0,29.0,7.0,5.0,0.0,0.0,2.0,2.0,0.0,38.0,7.0,5.0,0.0,0.0,4.0,4.0,1.0,3.0,0.0,0.0,0.0,0.0,0.0,34.0,12.0,8.0,0.0,0.0,4.0,4.0,0.0,1.0,30.0,11.0,9.0,0.0,0.0,2.0,2.0,2.0,0.0,2.0,0.0,34.0,9.0,11.0,0.0,0.0,2.0,2.0,0.0,0.0,0.0,0.0,0.0,1.0,36.0,8.0,9.0,0.0,0.0,0.0,0.0,0.0,0.0,0.0,2.0,2.0,2.0,2.0,0.0,0.0,0.0,39.0,4.0,8.0,0.0,0.0,4.0,4.0,1.0,1.0,0.0,0.0,0.0,35.0,7.0,10.0,0.0,0.0,6.0,6.0,0.0,0.0,0.0,0.0,0.0,33.0,5.0,7.0,0.0,0.0,8.0,8.0,1.0,2.0,0.0,0.0,1.0,0.0,0.0,30.0,6.0,7.0,0.0,0.0,6.0,6.0,0.0,1.0,0.0,0.0,0.0,0.0,0.0,2.0,0.0,0.0,1.0,7.0,3.0,1.0,0.0,0.0,4.0,3.0,1.0,0.0,0.0,2.0,0.0,2.0,0.0,0.0,2.0,0.0,3.0,0.0,2.0,0.0,2.0,0.0,0.0,2.0,12.0,3.0,8.0,0.0,0.0,0.0,1.0,0.0,0.0,0.0,1.0,7.0,0.0,0.0,0.0,0.0,0.0,0.0,0.0,0.0,1.0,2.0,6.0,0.0,0.0,2.0,6.0,0.0,0.0,1.0,0.0,0.0,0.0,0.0,0.0,0.0,0.0,1.0,0.0,1.0,1.0,1.0,0.0,0.0,1.0,0.0,0.0,1.0,0.0,0.0,0.0,0.0,3.0,2.0,2.0,5.0,2.0,0.0,0.0,2.0,3.0,0.0,1.0,2.0,0.0,0.0,3.0,3.0,0.0,0.0,1.0,0.0,1.0,5.0,0.0,0.0,0.0,1.0,0.0,5.0,1.0,0.0,1.0,0.0,0.0,2.0,0.0,1.0,0.0,2.0,2.0,0.0,0.0,18.0,0.0,2.0,12.0,17.0,17.0,12.0,26.0
CHEMBL2159340,IC50,7.5,32.0,5.0,3.0,0.0,0.0,3.0,3.0,1.0,41.0,11.0,3.0,0.0,0.0,6.0,6.0,0.0,1.0,0.0,0.0,0.0,0.0,0.0,41.0,13.0,5.0,0.0,0.0,6.0,6.0,0.0,0.0,37.0,14.0,3.0,0.0,0.0,6.0,6.0,2.0,0.0,0.0,0.0,40.0,11.0,4.0,0.0,0.0,4.0,4.0,0.0,0.0,0.0,2.0,2.0,0.0,45.0,8.0,3.0,0.0,0.0,3.0,3.0,0.0,0.0,0.0,2.0,2.0,2.0,0.0,0.0,0.0,0.0,47.0,5.0,5.0,0.0,0.0,5.0,5.0,1.0,1.0,0.0,0.0,0.0,45.0,3.0,5.0,0.0,0.0,9.0,9.0,1.0,1.0,0.0,1.0,0.0,37.0,5.0,5.0,0.0,0.0,10.0,10.0,0.0,0.0,0.0,1.0,0.0,0.0,0.0,29.0,5.0,5.0,0.0,0.0,11.0,11.0,0.0,0.0,0.0,0.0,0.0,0.0,0.0,1.0,1.0,0.0,0.0,2.0,0.0,0.0,0.0,0.0,1.0,0.0,1.0,1.0,1.0,1.0,0.0,1.0,0.0,0.0,1.0,0.0,2.0,0.0,1.0,2.0,3.0,0.0,0.0,1.0,6.0,2.0,3.0,0.0,0.0,0.0,0.0,0.0,0.0,0.0,1.0,1.0,0.0,0.0,0.0,0.0,0.0,0.0,0.0,0.0,1.0,1.0,0.0,0.0,0.0,0.0,0.0,0.0,0.0,0.0,0.0,0.0,0.0,0.0,0.0,0.0,0.0,1.0,0.0,1.0,1.0,1.0,0.0,0.0,1.0,0.0,0.0,1.0,0.0,0.0,0.0,0.0,1.0,3.0,3.0,2.0,1.0,0.0,0.0,1.0,0.0,0.0,0.0,1.0,0.0,0.0,1.0,1.0,0.0,0.0,1.0,0.0,0.0,3.0,0.0,0.0,0.0,0.0,1.0,1.0,0.0,0.0,0.0,0.0,0.0,2.0,0.0,1.0,0.0,2.0,3.0,1.0,2.0,27.0,2.0,2.0,8.0,8.0,8.0,7.0,30.0
CHEMBL1644177,IC50,480.0,30.0,5.0,5.0,0.0,3.0,0.0,3.0,1.0,41.0,10.0,5.0,0.0,0.0,0.0,0.0,0.0,1.0,3.0,3.0,3.0,3.0,3.0,39.0,12.0,7.0,0.0,3.0,0.0,3.0,0.0,0.0,34.0,14.0,4.0,0.0,6.0,0.0,6.0,2.0,0.0,0.0,0.0,36.0,10.0,5.0,0.0,6.0,0.0,6.0,0.0,0.0,0.0,0.0,0.0,0.0,40.0,6.0,4.0,0.0,3.0,0.0,3.0,0.0,1.0,0.0,0.0,0.0,2.0,0.0,0.0,0.0,0.0,42.0,6.0,5.0,0.0,3.0,0.0,3.0,1.0,2.0,0.0,0.0,0.0,40.0,6.0,7.0,0.0,3.0,0.0,3.0,1.0,1.0,3.0,3.0,0.0,33.0,5.0,8.0,0.0,3.0,0.0,3.0,0.0,0.0,3.0,3.0,0.0,0.0,0.0,33.0,5.0,9.0,0.0,6.0,0.0,6.0,0.0,0.0,0.0,0.0,0.0,0.0,0.0,2.0,0.0,0.0,0.0,7.0,4.0,0.0,0.0,0.0,3.0,0.0,1.0,1.0,3.0,1.0,0.0,1.0,0.0,0.0,1.0,2.0,2.0,0.0,2.0,0.0,0.0,3.0,1.0,1.0,16.0,2.0,12.0,0.0,0.0,5.0,0.0,0.0,0.0,0.0,1.0,15.0,0.0,0.0,0.0,2.0,11.0,7.0,0.0,0.0,1.0,0.0,14.0,0.0,0.0,0.0,14.0,0.0,0.0,9.0,0.0,7.0,3.0,0.0,0.0,0.0,0.0,1.0,0.0,1.0,1.0,1.0,0.0,0.0,1.0,0.0,0.0,1.0,0.0,0.0,0.0,0.0,1.0,0.0,0.0,2.0,1.0,0.0,0.0,1.0,0.0,0.0,0.0,2.0,1.0,3.0,1.0,1.0,0.0,0.0,1.0,0.0,0.0,4.0,0.0,0.0,3.0,0.0,3.0,5.0,2.0,3.0,0.0,3.0,3.0,2.0,0.0,1.0,0.0,2.0,0.0,1.0,2.0,17.0,2.0,2.0,10.0,18.0,18.0,11.0,23.0
CHEMBL1644190,IC50,1100.0,27.0,5.0,7.0,0.0,6.0,0.0,6.0,1.0,35.0,10.0,7.0,0.0,0.0,0.0,0.0,0.0,1.0,6.0,6.0,6.0,6.0,6.0,34.0,12.0,9.0,0.0,6.0,0.0,6.0,0.0,0.0,29.0,15.0,7.0,0.0,12.0,0.0,12.0,0.0,0.0,0.0,0.0,34.0,10.0,4.0,0.0,12.0,0.0,12.0,0.0,2.0,0.0,0.0,0.0,0.0,38.0,5.0,6.0,0.0,6.0,0.0,6.0,0.0,2.0,0.0,0.0,0.0,0.0,0.0,0.0,0.0,0.0,40.0,3.0,5.0,0.0,6.0,0.0,6.0,1.0,3.0,0.0,0.0,2.0,36.0,4.0,9.0,0.0,6.0,0.0,6.0,1.0,1.0,6.0,6.0,0.0,26.0,5.0,14.0,0.0,9.0,0.0,9.0,0.0,0.0,6.0,6.0,0.0,0.0,0.0,22.0,5.0,13.0,0.0,12.0,0.0,12.0,0.0,0.0,0.0,0.0,0.0,0.0,0.0,0.0,0.0,0.0,0.0,4.0,0.0,0.0,0.0,0.0,2.0,1.0,1.0,1.0,0.0,1.0,0.0,1.0,0.0,0.0,1.0,2.0,2.0,0.0,3.0,0.0,0.0,6.0,2.0,1.0,8.0,2.0,3.0,0.0,0.0,0.0,0.0,0.0,0.0,0.0,1.0,2.0,0.0,0.0,0.0,0.0,0.0,0.0,0.0,0.0,1.0,0.0,1.0,0.0,1.0,0.0,0.0,0.0,0.0,0.0,0.0,0.0,0.0,0.0,0.0,1.0,1.0,1.0,0.0,1.0,1.0,1.0,0.0,0.0,1.0,0.0,0.0,1.0,0.0,0.0,0.0,0.0,1.0,0.0,0.0,2.0,1.0,0.0,0.0,1.0,0.0,0.0,0.0,3.0,2.0,6.0,1.0,1.0,0.0,0.0,0.0,0.0,0.0,5.0,0.0,0.0,6.0,0.0,0.0,2.0,0.0,6.0,0.0,6.0,6.0,2.0,0.0,1.0,0.0,2.0,0.0,1.0,2.0,23.0,2.0,2.0,12.0,8.0,8.0,12.0,27.0
CHEMBL1644176,IC50,16000.0,24.0,7.0,3.0,0.0,3.0,0.0,3.0,4.0,32.0,11.0,3.0,0.0,0.0,0.0,0.0,5.0,1.0,3.0,3.0,3.0,3.0,3.0,31.0,13.0,5.0,0.0,3.0,0.0,3.0,2.0,0.0,31.0,15.0,3.0,0.0,6.0,0.0,6.0,2.0,0.0,0.0,0.0,34.0,15.0,1.0,0.0,6.0,0.0,6.0,0.0,3.0,0.0,0.0,0.0,0.0,32.0,15.0,2.0,0.0,3.0,0.0,3.0,0.0,1.0,0.0,0.0,0.0,0.0,0.0,0.0,0.0,0.0,31.0,10.0,4.0,0.0,0.0,0.0,0.0,0.0,0.0,3.0,3.0,0.0,27.0,8.0,5.0,0.0,3.0,0.0,3.0,0.0,0.0,3.0,3.0,0.0,21.0,5.0,4.0,0.0,9.0,0.0,9.0,2.0,2.0,0.0,0.0,0.0,0.0,0.0,13.0,11.0,6.0,0.0,9.0,0.0,9.0,0.0,0.0,0.0,0.0,0.0,0.0,0.0,1.0,0.0,0.0,0.0,6.0,2.0,0.0,0.0,0.0,4.0,3.0,0.0,0.0,0.0,1.0,0.0,1.0,0.0,0.0,0.0,1.0,1.0,0.0,2.0,0.0,0.0,3.0,1.0,0.0,9.0,1.0,6.0,0.0,0.0,0.0,0.0,0.0,0.0,0.0,0.0,6.0,0.0,0.0,0.0,0.0,0.0,0.0,0.0,0.0,0.0,0.0,6.0,0.0,0.0,0.0,6.0,0.0,0.0,1.0,0.0,0.0,0.0,0.0,0.0,0.0,0.0,0.0,0.0,0.0,0.0,0.0,0.0,0.0,0.0,0.0,0.0,0.0,0.0,0.0,0.0,0.0,0.0,0.0,0.0,1.0,0.0,0.0,0.0,0.0,0.0,0.0,0.0,1.0,1.0,3.0,1.0,1.0,0.0,0.0,0.0,0.0,0.0,2.0,0.0,0.0,3.0,0.0,0.0,6.0,1.0,3.0,0.0,3.0,3.0,1.0,0.0,1.0,0.0,2.0,0.0,4.0,6.0,22.0,6.0,2.0,10.0,13.0,13.0,8.0,22.0
CHEMBL1644198,IC50,730.0,35.0,5.0,5.0,0.0,3.0,1.0,4.0,1.0,46.0,10.0,5.0,0.0,0.0,2.0,2.0,0.0,1.0,3.0,3.0,3.0,3.0,3.0,46.0,12.0,7.0,0.0,3.0,2.0,5.0,0.0,0.0,41.0,14.0,4.0,0.0,6.0,1.0,7.0,2.0,0.0,0.0,0.0,45.0,10.0,5.0,0.0,6.0,1.0,7.0,0.0,0.0,0.0,0.0,0.0,0.0,47.0,6.0,4.0,0.0,3.0,2.0,5.0,0.0,1.0,0.0,0.0,0.0,2.0,0.0,0.0,0.0,0.0,47.0,5.0,5.0,0.0,3.0,2.0,5.0,1.0,2.0,0.0,0.0,0.0,43.0,7.0,7.0,0.0,3.0,2.0,5.0,1.0,1.0,3.0,3.0,0.0,38.0,9.0,8.0,0.0,3.0,1.0,4.0,0.0,0.0,3.0,3.0,0.0,0.0,0.0,38.0,8.0,9.0,0.0,6.0,1.0,7.0,0.0,0.0,0.0,0.0,0.0,0.0,0.0,1.0,1.0,0.0,0.0,3.0,0.0,0.0,0.0,0.0,1.0,0.0,1.0,1.0,1.0,1.0,0.0,1.0,0.0,0.0,1.0,1.0,2.0,0.0,4.0,0.0,1.0,3.0,1.0,1.0,8.0,2.0,3.0,0.0,0.0,0.0,0.0,0.0,0.0,0.0,1.0,1.0,0.0,0.0,0.0,0.0,0.0,0.0,0.0,0.0,1.0,2.0,0.0,0.0,0.0,0.0,0.0,0.0,0.0,0.0,0.0,0.0,0.0,0.0,0.0,0.0,0.0,1.0,0.0,1.0,1.0,1.0,0.0,0.0,1.0,0.0,0.0,1.0,0.0,0.0,0.0,0.0,1.0,1.0,1.0,2.0,1.0,0.0,0.0,1.0,0.0,0.0,0.0,2.0,1.0,3.0,1.0,1.0,0.0,0.0,1.0,0.0,0.0,4.0,0.0,0.0,3.0,0.0,1.0,1.0,1.0,3.0,0.0,3.0,3.0,2.0,0.0,1.0,0.0,2.0,1.0,1.0,2.0,29.0,2.0,2.0,10.0,10.0,10.0,11.0,33.0
CHEMBL2112329,IC50,61.8,29.0,5.0,3.0,0.0,0.0,1.0,1.0,1.0,37.0,8.0,4.0,0.0,0.0,2.0,2.0,0.0,2.0,0.0,0.0,0.0,0.0,0.0,35.0,10.0,5.0,0.0,0.0,2.0,2.0,1.0,2.0,25.0,16.0,6.0,0.0,0.0,2.0,2.0,0.0,0.0,0.0,0.0,23.0,17.0,6.0,0.0,0.0,0.0,0.0,0.0,0.0,0.0,1.0,1.0,0.0,25.0,13.0,6.0,0.0,0.0,0.0,0.0,0.0,1.0,0.0,1.0,1.0,1.0,0.0,0.0,0.0,0.0,31.0,6.0,7.0,0.0,0.0,1.0,1.0,1.0,1.0,0.0,0.0,0.0,34.0,4.0,7.0,0.0,0.0,1.0,1.0,1.0,0.0,0.0,0.0,0.0,32.0,6.0,5.0,0.0,0.0,2.0,2.0,0.0,0.0,0.0,0.0,0.0,0.0,0.0,27.0,4.0,2.0,0.0,0.0,3.0,3.0,1.0,2.0,0.0,0.0,0.0,0.0,0.0,1.0,0.0,0.0,1.0,2.0,1.0,1.0,0.0,0.0,0.0,0.0,1.0,0.0,0.0,2.0,1.0,1.0,0.0,1.0,1.0,0.0,2.0,1.0,0.0,1.0,1.0,0.0,0.0,1.0,6.0,2.0,2.0,1.0,0.0,0.0,0.0,1.0,0.0,0.0,1.0,1.0,1.0,0.0,0.0,0.0,0.0,0.0,0.0,0.0,1.0,1.0,0.0,0.0,0.0,1.0,0.0,0.0,0.0,0.0,0.0,0.0,0.0,0.0,0.0,0.0,0.0,1.0,0.0,0.0,0.0,3.0,0.0,0.0,2.0,0.0,0.0,0.0,0.0,0.0,0.0,0.0,0.0,1.0,1.0,4.0,1.0,0.0,1.0,0.0,0.0,1.0,0.0,0.0,0.0,0.0,4.0,2.0,1.0,1.0,0.0,1.0,0.0,3.0,1.0,0.0,0.0,0.0,0.0,1.0,0.0,0.0,0.0,0.0,0.0,3.0,1.0,0.0,0.0,2.0,1.0,0.0,0.0,22.0,0.0,4.0,8.0,11.0,11.0,10.0,28.0
CHEMBL286555,IC50,1100.0,23.0,2.0,1.0,0.0,2.0,0.0,2.0,0.0,30.0,4.0,1.0,0.0,4.0,0.0,4.0,0.0,0.0,0.0,0.0,0.0,0.0,0.0,32.0,7.0,2.0,0.0,4.0,0.0,4.0,0.0,0.0,40.0,2.0,3.0,0.0,3.0,0.0,3.0,1.0,0.0,0.0,0.0,40.0,3.0,6.0,0.0,3.0,0.0,3.0,0.0,0.0,0.0,0.0,0.0,0.0,38.0,3.0,4.0,0.0,6.0,0.0,6.0,0.0,0.0,0.0,0.0,0.0,0.0,0.0,0.0,0.0,0.0,25.0,2.0,4.0,0.0,7.0,0.0,7.0,0.0,0.0,1.0,1.0,0.0,16.0,0.0,1.0,0.0,8.0,0.0,8.0,0.0,0.0,1.0,1.0,0.0,6.0,0.0,1.0,0.0,6.0,0.0,6.0,0.0,0.0,0.0,0.0,0.0,0.0,0.0,3.0,0.0,0.0,0.0,2.0,0.0,2.0,0.0,0.0,0.0,0.0,0.0,0.0,0.0,2.0,2.0,0.0,0.0,5.0,0.0,0.0,0.0,0.0,3.0,2.0,0.0,0.0,5.0,0.0,0.0,0.0,0.0,0.0,1.0,0.0,0.0,0.0,0.0,1.0,0.0,2.0,0.0,1.0,12.0,0.0,8.0,0.0,0.0,0.0,0.0,0.0,0.0,0.0,0.0,5.0,0.0,0.0,0.0,0.0,0.0,0.0,0.0,0.0,0.0,0.0,2.0,0.0,0.0,0.0,1.0,0.0,0.0,0.0,0.0,0.0,0.0,0.0,0.0,0.0,0.0,0.0,0.0,0.0,0.0,0.0,0.0,0.0,0.0,0.0,0.0,0.0,0.0,0.0,0.0,0.0,0.0,0.0,0.0,0.0,0.0,0.0,0.0,0.0,0.0,0.0,0.0,1.0,0.0,2.0,0.0,0.0,0.0,0.0,0.0,0.0,0.0,1.0,0.0,0.0,0.0,0.0,5.0,4.0,2.0,0.0,1.0,0.0,0.0,0.0,0.0,0.0,0.0,0.0,0.0,1.0,1.0,12.0,1.0,0.0,3.0,13.0,13.0,7.0,13.0
CHEMBL152461,IC50,181.0,22.0,2.0,2.0,2.0,0.0,1.0,1.0,1.0,28.0,4.0,7.0,3.0,0.0,2.0,2.0,0.0,1.0,0.0,0.0,0.0,0.0,0.0,24.0,6.0,10.0,5.0,0.0,2.0,2.0,0.0,1.0,19.0,9.0,14.0,3.0,0.0,2.0,2.0,0.0,0.0,0.0,0.0,18.0,9.0,9.0,2.0,0.0,0.0,0.0,0.0,0.0,0.0,1.0,1.0,0.0,20.0,5.0,6.0,0.0,0.0,0.0,0.0,0.0,1.0,0.0,1.0,1.0,1.0,0.0,0.0,0.0,0.0,21.0,2.0,3.0,0.0,0.0,1.0,1.0,0.0,3.0,0.0,0.0,0.0,19.0,2.0,4.0,1.0,0.0,1.0,1.0,0.0,2.0,0.0,0.0,0.0,16.0,3.0,4.0,1.0,0.0,2.0,2.0,0.0,0.0,0.0,0.0,0.0,0.0,0.0,13.0,2.0,5.0,2.0,0.0,3.0,3.0,0.0,0.0,0.0,0.0,2.0,0.0,0.0,1.0,1.0,0.0,0.0,1.0,1.0,0.0,0.0,0.0,0.0,0.0,0.0,0.0,2.0,1.0,0.0,1.0,0.0,0.0,1.0,0.0,1.0,0.0,0.0,1.0,1.0,0.0,0.0,1.0,6.0,1.0,3.0,0.0,0.0,1.0,0.0,0.0,0.0,0.0,0.0,3.0,0.0,0.0,0.0,0.0,0.0,0.0,0.0,0.0,0.0,0.0,0.0,0.0,0.0,0.0,0.0,0.0,0.0,0.0,0.0,0.0,0.0,0.0,0.0,0.0,0.0,0.0,0.0,0.0,0.0,0.0,0.0,0.0,0.0,0.0,0.0,0.0,0.0,0.0,0.0,0.0,0.0,1.0,1.0,1.0,0.0,0.0,0.0,0.0,0.0,0.0,0.0,0.0,0.0,0.0,2.0,1.0,0.0,0.0,0.0,0.0,0.0,4.0,0.0,0.0,0.0,0.0,2.0,0.0,1.0,0.0,0.0,0.0,0.0,2.0,0.0,0.0,0.0,2.0,1.0,0.0,0.0,16.0,0.0,8.0,6.0,8.0,8.0,7.0,21.0
CHEMBL509710,IC50,14.0,30.0,7.0,7.0,0.0,3.0,0.0,3.0,0.0,41.0,7.0,7.0,0.0,3.0,0.0,3.0,1.0,3.0,0.0,0.0,3.0,3.0,3.0,38.0,12.0,10.0,0.0,6.0,0.0,6.0,0.0,1.0,33.0,12.0,11.0,0.0,6.0,0.0,6.0,3.0,0.0,0.0,0.0,37.0,10.0,12.0,0.0,3.0,0.0,3.0,0.0,0.0,3.0,0.0,3.0,1.0,37.0,9.0,10.0,0.0,6.0,0.0,6.0,0.0,1.0,0.0,0.0,0.0,3.0,0.0,0.0,0.0,0.0,41.0,5.0,11.0,0.0,0.0,0.0,0.0,1.0,1.0,3.0,3.0,0.0,40.0,7.0,13.0,0.0,6.0,0.0,6.0,0.0,0.0,0.0,0.0,0.0,40.0,5.0,11.0,0.0,9.0,0.0,9.0,1.0,2.0,0.0,0.0,1.0,0.0,0.0,37.0,6.0,10.0,0.0,12.0,0.0,12.0,0.0,1.0,0.0,0.0,0.0,0.0,0.0,1.0,0.0,0.0,1.0,6.0,1.0,1.0,0.0,0.0,3.0,2.0,1.0,0.0,1.0,2.0,0.0,2.0,0.0,0.0,2.0,1.0,3.0,0.0,2.0,0.0,0.0,3.0,1.0,2.0,14.0,3.0,7.0,0.0,0.0,0.0,0.0,0.0,0.0,0.0,1.0,5.0,0.0,0.0,0.0,0.0,0.0,0.0,0.0,0.0,1.0,1.0,3.0,0.0,0.0,1.0,2.0,0.0,0.0,1.0,0.0,0.0,0.0,0.0,0.0,0.0,0.0,1.0,0.0,1.0,1.0,1.0,0.0,0.0,1.0,0.0,0.0,1.0,0.0,0.0,0.0,0.0,3.0,0.0,0.0,5.0,2.0,0.0,0.0,2.0,3.0,0.0,1.0,3.0,1.0,3.0,3.0,3.0,0.0,0.0,1.0,0.0,1.0,6.0,0.0,0.0,0.0,1.0,0.0,4.0,0.0,3.0,1.0,0.0,0.0,2.0,0.0,1.0,0.0,2.0,0.0,0.0,0.0,18.0,0.0,4.0,14.0,16.0,16.0,14.0,28.0
CHEMBL3237927,IC50,15.0,31.0,9.0,2.0,0.0,0.0,2.0,2.0,3.0,43.0,15.0,2.0,0.0,0.0,4.0,4.0,4.0,2.0,0.0,0.0,0.0,0.0,0.0,44.0,15.0,6.0,0.0,0.0,4.0,4.0,2.0,1.0,44.0,16.0,9.0,0.0,0.0,4.0,4.0,0.0,0.0,0.0,0.0,52.0,14.0,8.0,0.0,0.0,2.0,2.0,0.0,2.0,0.0,2.0,2.0,0.0,53.0,19.0,7.0,0.0,0.0,2.0,2.0,0.0,2.0,0.0,2.0,2.0,0.0,2.0,0.0,0.0,0.0,56.0,10.0,3.0,0.0,0.0,6.0,6.0,1.0,1.0,0.0,0.0,0.0,48.0,11.0,7.0,0.0,0.0,8.0,8.0,0.0,0.0,0.0,0.0,0.0,43.0,10.0,5.0,0.0,0.0,8.0,8.0,1.0,2.0,0.0,0.0,1.0,0.0,0.0,37.0,8.0,4.0,0.0,0.0,10.0,10.0,2.0,0.0,0.0,0.0,0.0,0.0,0.0,3.0,1.0,0.0,0.0,6.0,4.0,0.0,0.0,0.0,2.0,0.0,1.0,0.0,5.0,1.0,0.0,1.0,0.0,0.0,0.0,2.0,2.0,0.0,1.0,0.0,2.0,0.0,0.0,0.0,19.0,2.0,15.0,1.0,0.0,6.0,0.0,2.0,1.0,0.0,1.0,18.0,0.0,0.0,0.0,2.0,12.0,7.0,4.0,2.0,0.0,2.0,16.0,0.0,0.0,1.0,14.0,0.0,0.0,9.0,6.0,7.0,3.0,7.0,8.0,6.0,4.0,5.0,3.0,3.0,0.0,6.0,4.0,5.0,8.0,3.0,0.0,3.0,5.0,0.0,0.0,0.0,0.0,2.0,2.0,6.0,4.0,2.0,2.0,3.0,0.0,0.0,0.0,0.0,0.0,0.0,3.0,2.0,0.0,0.0,0.0,0.0,0.0,2.0,0.0,0.0,0.0,0.0,5.0,5.0,2.0,0.0,0.0,0.0,0.0,2.0,0.0,1.0,0.0,2.0,2.0,3.0,4.0,17.0,6.0,5.0,11.0,21.0,21.0,10.0,24.0
CHEMBL2159345,IC50,15.3,26.0,5.0,5.0,0.0,3.0,0.0,3.0,1.0,34.0,11.0,5.0,0.0,3.0,0.0,3.0,0.0,1.0,0.0,0.0,3.0,3.0,3.0,36.0,11.0,7.0,0.0,3.0,0.0,3.0,0.0,0.0,34.0,10.0,5.0,0.0,3.0,0.0,3.0,2.0,3.0,3.0,0.0,35.0,8.0,6.0,0.0,6.0,0.0,6.0,0.0,0.0,0.0,0.0,0.0,0.0,34.0,7.0,4.0,0.0,12.0,0.0,12.0,0.0,0.0,0.0,0.0,0.0,2.0,0.0,0.0,0.0,0.0,30.0,5.0,6.0,0.0,12.0,0.0,12.0,1.0,1.0,0.0,0.0,0.0,26.0,3.0,6.0,0.0,12.0,0.0,12.0,1.0,2.0,0.0,0.0,0.0,20.0,6.0,7.0,0.0,9.0,0.0,9.0,0.0,1.0,0.0,0.0,0.0,0.0,0.0,17.0,6.0,8.0,0.0,6.0,0.0,6.0,0.0,0.0,0.0,0.0,0.0,0.0,0.0,1.0,1.0,0.0,0.0,2.0,0.0,0.0,0.0,0.0,1.0,0.0,1.0,1.0,2.0,1.0,0.0,1.0,0.0,0.0,1.0,1.0,2.0,0.0,1.0,2.0,0.0,3.0,1.0,1.0,8.0,2.0,3.0,0.0,0.0,0.0,0.0,0.0,0.0,0.0,1.0,1.0,0.0,0.0,0.0,0.0,0.0,0.0,0.0,0.0,1.0,1.0,0.0,0.0,0.0,0.0,0.0,0.0,0.0,0.0,0.0,0.0,0.0,0.0,0.0,0.0,0.0,1.0,0.0,1.0,1.0,1.0,0.0,0.0,1.0,0.0,0.0,1.0,0.0,0.0,0.0,0.0,1.0,0.0,0.0,2.0,1.0,0.0,0.0,1.0,0.0,0.0,0.0,2.0,1.0,3.0,1.0,1.0,0.0,0.0,1.0,0.0,0.0,4.0,0.0,0.0,0.0,0.0,1.0,1.0,0.0,3.0,0.0,0.0,0.0,2.0,0.0,1.0,0.0,2.0,0.0,1.0,2.0,21.0,2.0,2.0,10.0,9.0,9.0,9.0,25.0
CHEMBL3238214,IC50,4.0,30.0,9.0,2.0,0.0,3.0,2.0,5.0,3.0,41.0,15.0,2.0,0.0,3.0,4.0,7.0,4.0,2.0,0.0,0.0,3.0,3.0,3.0,43.0,15.0,6.0,0.0,3.0,4.0,7.0,2.0,1.0,43.0,15.0,9.0,0.0,3.0,4.0,7.0,0.0,0.0,0.0,0.0,48.0,14.0,8.0,0.0,3.0,2.0,5.0,0.0,2.0,3.0,2.0,5.0,0.0,48.0,18.0,6.0,0.0,12.0,2.0,14.0,0.0,2.0,0.0,2.0,2.0,0.0,2.0,0.0,0.0,0.0,52.0,10.0,3.0,0.0,15.0,6.0,21.0,1.0,1.0,3.0,3.0,0.0,44.0,11.0,7.0,0.0,12.0,8.0,20.0,0.0,0.0,0.0,0.0,0.0,40.0,9.0,4.0,0.0,12.0,8.0,20.0,1.0,2.0,0.0,0.0,1.0,0.0,0.0,32.0,8.0,4.0,0.0,9.0,8.0,17.0,2.0,0.0,3.0,3.0,0.0,3.0,3.0,2.0,0.0,0.0,0.0,7.0,3.0,0.0,0.0,0.0,3.0,0.0,1.0,0.0,3.0,1.0,0.0,1.0,0.0,0.0,0.0,3.0,2.0,0.0,1.0,0.0,2.0,3.0,0.0,0.0,18.0,2.0,14.0,1.0,0.0,5.0,0.0,2.0,1.0,0.0,1.0,16.0,0.0,0.0,0.0,2.0,11.0,7.0,4.0,2.0,0.0,2.0,15.0,0.0,0.0,1.0,14.0,0.0,0.0,9.0,6.0,7.0,3.0,7.0,8.0,5.0,3.0,5.0,3.0,3.0,0.0,6.0,4.0,5.0,8.0,3.0,0.0,3.0,5.0,0.0,0.0,0.0,0.0,2.0,2.0,6.0,4.0,2.0,2.0,3.0,0.0,0.0,0.0,0.0,0.0,3.0,3.0,2.0,0.0,0.0,0.0,0.0,0.0,2.0,0.0,0.0,0.0,0.0,3.0,6.0,1.0,3.0,0.0,0.0,0.0,2.0,0.0,1.0,0.0,2.0,2.0,3.0,4.0,17.0,6.0,5.0,11.0,20.0,20.0,11.0,24.0
CHEMBL3238229,IC50,31.0,32.0,9.0,2.0,0.0,0.0,2.0,2.0,3.0,44.0,15.0,2.0,0.0,0.0,4.0,4.0,4.0,2.0,0.0,0.0,0.0,0.0,0.0,44.0,15.0,6.0,0.0,0.0,4.0,4.0,2.0,1.0,44.0,15.0,9.0,0.0,0.0,4.0,4.0,0.0,0.0,0.0,0.0,50.0,17.0,8.0,0.0,0.0,2.0,2.0,0.0,2.0,0.0,2.0,2.0,0.0,60.0,16.0,6.0,0.0,0.0,2.0,2.0,0.0,2.0,0.0,2.0,2.0,0.0,2.0,0.0,0.0,0.0,64.0,13.0,6.0,0.0,0.0,6.0,6.0,1.0,1.0,0.0,0.0,0.0,53.0,11.0,6.0,0.0,0.0,8.0,8.0,0.0,0.0,0.0,0.0,0.0,47.0,9.0,4.0,0.0,0.0,8.0,8.0,1.0,2.0,0.0,0.0,1.0,0.0,0.0,36.0,11.0,7.0,0.0,0.0,8.0,8.0,2.0,0.0,0.0,0.0,0.0,0.0,0.0,3.0,1.0,0.0,0.0,7.0,3.0,0.0,0.0,0.0,3.0,0.0,1.0,0.0,5.0,1.0,0.0,1.0,0.0,0.0,0.0,2.0,2.0,0.0,1.0,0.0,2.0,0.0,0.0,0.0,20.0,2.0,16.0,1.0,0.0,6.0,0.0,2.0,1.0,0.0,1.0,19.0,0.0,0.0,0.0,1.0,9.0,5.0,4.0,2.0,0.0,2.0,16.0,0.0,0.0,1.0,15.0,0.0,0.0,7.0,4.0,5.0,2.0,5.0,11.0,5.0,3.0,5.0,3.0,3.0,0.0,6.0,4.0,5.0,8.0,3.0,0.0,3.0,5.0,0.0,0.0,0.0,0.0,2.0,2.0,6.0,4.0,2.0,2.0,3.0,0.0,0.0,0.0,0.0,0.0,0.0,3.0,2.0,0.0,0.0,0.0,0.0,0.0,2.0,0.0,0.0,0.0,0.0,5.0,6.0,2.0,0.0,0.0,0.0,0.0,2.0,0.0,1.0,0.0,2.0,2.0,3.0,4.0,17.0,6.0,5.0,11.0,22.0,22.0,11.0,24.0
CHEMBL155687,IC50,1100.0,22.0,4.0,0.0,2.0,1.0,0.0,1.0,0.0,30.0,6.0,2.0,2.0,2.0,0.0,2.0,0.0,0.0,0.0,0.0,0.0,0.0,0.0,30.0,6.0,2.0,2.0,2.0,0.0,2.0,0.0,0.0,28.0,7.0,2.0,1.0,1.0,0.0,1.0,0.0,0.0,0.0,0.0,30.0,4.0,1.0,1.0,1.0,0.0,1.0,1.0,0.0,0.0,0.0,0.0,0.0,29.0,4.0,1.0,1.0,2.0,0.0,2.0,0.0,0.0,0.0,0.0,0.0,0.0,0.0,0.0,0.0,0.0,26.0,4.0,1.0,2.0,2.0,0.0,2.0,0.0,1.0,1.0,1.0,0.0,18.0,4.0,2.0,2.0,3.0,0.0,3.0,0.0,0.0,0.0,0.0,0.0,8.0,3.0,2.0,4.0,4.0,0.0,4.0,0.0,0.0,0.0,0.0,0.0,0.0,0.0,5.0,1.0,4.0,4.0,2.0,0.0,2.0,0.0,0.0,1.0,1.0,0.0,0.0,0.0,0.0,0.0,0.0,0.0,0.0,0.0,0.0,0.0,0.0,0.0,0.0,0.0,0.0,1.0,0.0,0.0,0.0,0.0,0.0,0.0,0.0,0.0,0.0,2.0,0.0,0.0,1.0,0.0,0.0,1.0,0.0,0.0,0.0,0.0,0.0,0.0,0.0,0.0,0.0,0.0,0.0,0.0,0.0,0.0,0.0,0.0,0.0,0.0,0.0,0.0,0.0,0.0,0.0,0.0,0.0,0.0,0.0,0.0,0.0,0.0,0.0,0.0,0.0,0.0,0.0,0.0,0.0,0.0,0.0,0.0,0.0,0.0,0.0,0.0,0.0,0.0,0.0,0.0,0.0,0.0,0.0,0.0,0.0,0.0,0.0,0.0,0.0,0.0,0.0,0.0,0.0,0.0,0.0,0.0,1.0,0.0,0.0,0.0,0.0,0.0,0.0,0.0,1.0,0.0,0.0,0.0,0.0,0.0,0.0,0.0,0.0,0.0,0.0,0.0,0.0,0.0,0.0,0.0,0.0,0.0,1.0,2.0,23.0,2.0,0.0,6.0,3.0,3.0,1.0,23.0
CHEMBL156837,IC50,38.8,25.0,4.0,3.0,0.0,0.0,1.0,1.0,1.0,32.0,7.0,4.0,0.0,0.0,2.0,2.0,0.0,2.0,0.0,0.0,0.0,0.0,0.0,26.0,11.0,7.0,0.0,0.0,2.0,2.0,0.0,1.0,19.0,14.0,8.0,0.0,0.0,2.0,2.0,0.0,0.0,0.0,0.0,20.0,11.0,6.0,0.0,0.0,0.0,0.0,0.0,0.0,0.0,1.0,1.0,0.0,24.0,5.0,5.0,0.0,0.0,0.0,0.0,1.0,1.0,0.0,1.0,1.0,1.0,0.0,0.0,0.0,0.0,27.0,2.0,5.0,0.0,0.0,1.0,1.0,1.0,1.0,0.0,0.0,0.0,25.0,3.0,4.0,0.0,0.0,1.0,1.0,0.0,1.0,0.0,0.0,0.0,20.0,4.0,2.0,0.0,0.0,2.0,2.0,0.0,2.0,0.0,0.0,0.0,0.0,0.0,13.0,6.0,4.0,0.0,0.0,3.0,3.0,0.0,0.0,0.0,0.0,0.0,0.0,0.0,1.0,0.0,0.0,1.0,4.0,2.0,2.0,2.0,0.0,3.0,1.0,0.0,0.0,0.0,2.0,0.0,2.0,1.0,0.0,1.0,0.0,2.0,0.0,0.0,1.0,1.0,0.0,0.0,1.0,8.0,2.0,6.0,1.0,0.0,1.0,0.0,0.0,0.0,0.0,1.0,7.0,2.0,0.0,0.0,0.0,2.0,1.0,0.0,0.0,2.0,0.0,7.0,2.0,2.0,0.0,3.0,2.0,2.0,1.0,0.0,0.0,0.0,0.0,2.0,2.0,0.0,2.0,0.0,0.0,0.0,1.0,0.0,0.0,0.0,0.0,0.0,0.0,0.0,0.0,0.0,0.0,0.0,1.0,1.0,2.0,0.0,0.0,0.0,0.0,1.0,0.0,0.0,0.0,0.0,0.0,3.0,2.0,0.0,0.0,0.0,0.0,0.0,3.0,0.0,0.0,0.0,0.0,0.0,4.0,1.0,0.0,0.0,0.0,0.0,3.0,0.0,1.0,0.0,2.0,1.0,0.0,0.0,16.0,0.0,4.0,7.0,12.0,12.0,7.0,22.0
CHEMBL157000,IC50,28.7,23.0,5.0,5.0,0.0,0.0,1.0,1.0,1.0,29.0,8.0,6.0,0.0,0.0,2.0,2.0,0.0,2.0,0.0,0.0,0.0,0.0,0.0,25.0,11.0,10.0,0.0,0.0,2.0,2.0,0.0,1.0,17.0,13.0,9.0,0.0,0.0,1.0,1.0,3.0,0.0,0.0,0.0,14.0,14.0,9.0,0.0,0.0,1.0,1.0,0.0,1.0,0.0,0.0,0.0,0.0,19.0,5.0,6.0,0.0,0.0,1.0,1.0,2.0,2.0,0.0,0.0,0.0,2.0,0.0,0.0,0.0,0.0,24.0,1.0,6.0,0.0,0.0,0.0,0.0,2.0,1.0,0.0,1.0,1.0,22.0,4.0,7.0,0.0,0.0,1.0,1.0,0.0,1.0,0.0,0.0,0.0,21.0,4.0,5.0,0.0,0.0,2.0,2.0,0.0,2.0,0.0,0.0,0.0,0.0,0.0,15.0,7.0,7.0,0.0,0.0,2.0,2.0,0.0,0.0,0.0,0.0,0.0,0.0,0.0,0.0,0.0,0.0,0.0,1.0,0.0,0.0,0.0,0.0,0.0,0.0,0.0,1.0,1.0,2.0,0.0,2.0,0.0,0.0,1.0,0.0,2.0,0.0,1.0,2.0,1.0,0.0,1.0,1.0,6.0,2.0,1.0,1.0,0.0,0.0,0.0,0.0,0.0,0.0,1.0,0.0,0.0,0.0,0.0,0.0,0.0,0.0,0.0,0.0,0.0,1.0,0.0,0.0,0.0,0.0,0.0,0.0,0.0,0.0,0.0,0.0,0.0,0.0,0.0,0.0,0.0,0.0,0.0,0.0,0.0,1.0,0.0,0.0,0.0,0.0,0.0,0.0,0.0,0.0,0.0,0.0,0.0,1.0,1.0,2.0,0.0,0.0,0.0,0.0,1.0,0.0,0.0,1.0,1.0,0.0,4.0,2.0,0.0,0.0,0.0,0.0,0.0,4.0,0.0,0.0,0.0,0.0,0.0,1.0,0.0,0.0,0.0,0.0,0.0,3.0,0.0,1.0,0.0,2.0,1.0,0.0,0.0,18.0,0.0,4.0,10.0,9.0,9.0,9.0,23.0
CHEMBL160419,IC50,1200.0,20.0,3.0,5.0,0.0,0.0,1.0,1.0,1.0,25.0,5.0,7.0,0.0,0.0,2.0,2.0,0.0,2.0,0.0,0.0,0.0,0.0,0.0,24.0,6.0,7.0,0.0,0.0,2.0,2.0,0.0,2.0,17.0,10.0,8.0,0.0,0.0,2.0,2.0,0.0,0.0,0.0,0.0,14.0,11.0,7.0,0.0,0.0,0.0,0.0,0.0,0.0,0.0,1.0,1.0,0.0,14.0,8.0,5.0,0.0,0.0,0.0,0.0,0.0,2.0,0.0,1.0,1.0,1.0,0.0,0.0,0.0,0.0,15.0,5.0,6.0,0.0,0.0,1.0,1.0,0.0,2.0,0.0,0.0,0.0,15.0,4.0,7.0,0.0,0.0,1.0,1.0,0.0,0.0,0.0,0.0,0.0,16.0,1.0,3.0,0.0,0.0,2.0,2.0,1.0,1.0,0.0,0.0,1.0,0.0,0.0,13.0,0.0,5.0,0.0,0.0,3.0,3.0,1.0,1.0,0.0,0.0,0.0,0.0,0.0,0.0,0.0,0.0,0.0,1.0,0.0,0.0,0.0,0.0,0.0,0.0,0.0,1.0,0.0,1.0,0.0,1.0,0.0,1.0,1.0,0.0,2.0,1.0,0.0,1.0,1.0,0.0,1.0,1.0,4.0,2.0,1.0,1.0,0.0,0.0,0.0,0.0,0.0,0.0,1.0,0.0,0.0,0.0,0.0,0.0,0.0,0.0,0.0,0.0,0.0,0.0,0.0,0.0,0.0,0.0,0.0,0.0,0.0,0.0,0.0,0.0,0.0,0.0,0.0,0.0,0.0,0.0,0.0,0.0,0.0,1.0,0.0,0.0,0.0,0.0,0.0,0.0,0.0,0.0,0.0,0.0,1.0,1.0,1.0,2.0,0.0,0.0,0.0,0.0,0.0,0.0,0.0,1.0,1.0,0.0,3.0,2.0,0.0,0.0,0.0,0.0,1.0,4.0,0.0,0.0,0.0,0.0,0.0,0.0,0.0,0.0,0.0,0.0,0.0,3.0,1.0,0.0,0.0,2.0,1.0,0.0,0.0,16.0,0.0,4.0,8.0,7.0,7.0,7.0,20.0
CHEMBL161494,IC50,1900.0,25.0,2.0,8.0,0.0,0.0,1.0,1.0,0.0,34.0,2.0,10.0,0.0,0.0,2.0,2.0,0.0,1.0,0.0,0.0,0.0,0.0,0.0,32.0,3.0,13.0,0.0,0.0,2.0,2.0,0.0,0.0,24.0,4.0,15.0,0.0,0.0,2.0,2.0,0.0,0.0,0.0,1.0,26.0,3.0,11.0,0.0,0.0,0.0,0.0,0.0,0.0,0.0,1.0,1.0,0.0,27.0,1.0,8.0,0.0,0.0,1.0,1.0,0.0,3.0,0.0,0.0,0.0,1.0,0.0,0.0,0.0,0.0,25.0,2.0,11.0,0.0,0.0,1.0,1.0,0.0,1.0,0.0,0.0,0.0,27.0,1.0,7.0,0.0,0.0,1.0,1.0,0.0,0.0,0.0,0.0,2.0,24.0,1.0,10.0,0.0,0.0,2.0,2.0,0.0,0.0,0.0,0.0,1.0,0.0,0.0,20.0,2.0,13.0,0.0,0.0,2.0,2.0,0.0,0.0,0.0,0.0,0.0,0.0,0.0,1.0,1.0,0.0,0.0,3.0,0.0,0.0,0.0,0.0,1.0,0.0,1.0,0.0,4.0,1.0,0.0,1.0,0.0,0.0,1.0,0.0,1.0,0.0,1.0,1.0,1.0,0.0,3.0,1.0,9.0,1.0,3.0,0.0,0.0,0.0,1.0,0.0,0.0,0.0,0.0,1.0,0.0,0.0,0.0,0.0,0.0,0.0,0.0,0.0,0.0,3.0,0.0,0.0,0.0,0.0,0.0,0.0,0.0,0.0,0.0,0.0,0.0,0.0,0.0,0.0,0.0,0.0,0.0,0.0,0.0,1.0,0.0,0.0,1.0,0.0,0.0,1.0,0.0,0.0,0.0,0.0,0.0,1.0,1.0,2.0,1.0,0.0,0.0,1.0,0.0,0.0,0.0,3.0,3.0,0.0,1.0,1.0,0.0,0.0,0.0,0.0,0.0,5.0,0.0,0.0,0.0,0.0,2.0,1.0,1.0,0.0,0.0,0.0,0.0,1.0,0.0,1.0,0.0,2.0,1.0,0.0,0.0,18.0,0.0,2.0,10.0,12.0,12.0,11.0,21.0
CHEMBL158556,IC50,2700.0,24.0,2.0,9.0,0.0,0.0,0.0,0.0,1.0,32.0,4.0,12.0,0.0,0.0,0.0,0.0,0.0,1.0,0.0,0.0,0.0,0.0,0.0,29.0,6.0,14.0,0.0,0.0,0.0,0.0,0.0,1.0,20.0,8.0,17.0,0.0,0.0,0.0,0.0,0.0,0.0,0.0,1.0,23.0,6.0,9.0,0.0,0.0,0.0,0.0,0.0,3.0,0.0,0.0,0.0,1.0,24.0,4.0,7.0,0.0,0.0,0.0,0.0,0.0,5.0,0.0,0.0,0.0,1.0,0.0,0.0,0.0,0.0,24.0,3.0,11.0,0.0,0.0,0.0,0.0,0.0,2.0,0.0,0.0,0.0,26.0,2.0,8.0,0.0,0.0,0.0,0.0,0.0,0.0,0.0,0.0,2.0,22.0,3.0,12.0,0.0,0.0,0.0,0.0,0.0,0.0,0.0,0.0,1.0,0.0,0.0,18.0,4.0,15.0,0.0,0.0,0.0,0.0,0.0,0.0,0.0,0.0,0.0,0.0,0.0,1.0,1.0,0.0,0.0,1.0,0.0,0.0,0.0,0.0,0.0,0.0,0.0,0.0,4.0,1.0,0.0,1.0,0.0,0.0,2.0,0.0,1.0,0.0,1.0,1.0,0.0,0.0,3.0,2.0,8.0,1.0,2.0,0.0,0.0,0.0,1.0,0.0,0.0,0.0,0.0,1.0,0.0,0.0,0.0,0.0,0.0,0.0,0.0,0.0,0.0,2.0,0.0,0.0,0.0,0.0,0.0,0.0,0.0,0.0,0.0,0.0,0.0,0.0,0.0,0.0,0.0,0.0,0.0,0.0,0.0,0.0,0.0,0.0,0.0,0.0,0.0,0.0,0.0,0.0,0.0,0.0,0.0,0.0,0.0,1.0,0.0,0.0,0.0,0.0,0.0,0.0,0.0,3.0,3.0,0.0,2.0,1.0,0.0,0.0,0.0,0.0,0.0,6.0,0.0,0.0,0.0,0.0,2.0,0.0,1.0,0.0,0.0,0.0,0.0,2.0,0.0,0.0,0.0,2.0,0.0,0.0,0.0,18.0,0.0,4.0,11.0,12.0,12.0,10.0,22.0
CHEMBL2159330,IC50,40.5,31.0,5.0,5.0,0.0,3.0,2.0,5.0,1.0,41.0,10.0,5.0,0.0,0.0,4.0,4.0,0.0,1.0,3.0,3.0,3.0,3.0,3.0,40.0,12.0,8.0,0.0,3.0,4.0,7.0,0.0,0.0,35.0,14.0,6.0,0.0,6.0,4.0,10.0,2.0,0.0,0.0,0.0,39.0,11.0,5.0,0.0,9.0,2.0,11.0,0.0,0.0,0.0,2.0,2.0,0.0,41.0,8.0,4.0,0.0,9.0,2.0,11.0,0.0,0.0,0.0,2.0,2.0,2.0,0.0,0.0,0.0,0.0,44.0,4.0,5.0,0.0,3.0,4.0,7.0,1.0,2.0,0.0,0.0,0.0,42.0,4.0,7.0,0.0,3.0,6.0,9.0,1.0,2.0,0.0,0.0,0.0,37.0,6.0,7.0,0.0,3.0,8.0,11.0,0.0,0.0,3.0,3.0,0.0,0.0,0.0,30.0,5.0,9.0,0.0,6.0,8.0,14.0,0.0,0.0,3.0,3.0,0.0,0.0,0.0,0.0,0.0,0.0,0.0,3.0,0.0,0.0,0.0,0.0,1.0,0.0,1.0,1.0,0.0,1.0,0.0,1.0,0.0,0.0,1.0,1.0,2.0,0.0,1.0,1.0,2.0,3.0,1.0,1.0,6.0,2.0,2.0,0.0,0.0,0.0,0.0,0.0,0.0,0.0,1.0,1.0,0.0,0.0,0.0,0.0,0.0,0.0,0.0,0.0,1.0,0.0,0.0,0.0,0.0,0.0,0.0,0.0,0.0,0.0,0.0,0.0,0.0,0.0,0.0,0.0,0.0,1.0,0.0,1.0,1.0,1.0,0.0,0.0,1.0,0.0,0.0,1.0,0.0,0.0,0.0,0.0,1.0,2.0,2.0,2.0,1.0,0.0,0.0,1.0,0.0,0.0,0.0,2.0,1.0,3.0,1.0,1.0,0.0,0.0,1.0,0.0,0.0,4.0,0.0,0.0,3.0,0.0,0.0,1.0,0.0,3.0,0.0,3.0,3.0,2.0,0.0,1.0,0.0,2.0,2.0,1.0,2.0,27.0,2.0,2.0,10.0,7.0,7.0,9.0,30.0
CHEMBL2159341,IC50,4.6,33.0,5.0,3.0,0.0,0.0,2.0,2.0,1.0,43.0,11.0,3.0,0.0,0.0,4.0,4.0,0.0,1.0,0.0,0.0,0.0,0.0,0.0,43.0,13.0,5.0,0.0,0.0,4.0,4.0,0.0,0.0,39.0,14.0,3.0,0.0,0.0,4.0,4.0,2.0,0.0,0.0,0.0,42.0,11.0,4.0,0.0,0.0,2.0,2.0,0.0,0.0,0.0,2.0,2.0,0.0,46.0,8.0,3.0,0.0,0.0,2.0,2.0,0.0,0.0,0.0,2.0,2.0,2.0,0.0,0.0,0.0,0.0,48.0,5.0,5.0,0.0,0.0,4.0,4.0,1.0,1.0,0.0,0.0,0.0,46.0,4.0,5.0,0.0,0.0,8.0,8.0,1.0,1.0,0.0,0.0,0.0,39.0,6.0,5.0,0.0,0.0,8.0,8.0,0.0,0.0,0.0,0.0,0.0,0.0,0.0,32.0,5.0,5.0,0.0,0.0,8.0,8.0,0.0,0.0,0.0,0.0,0.0,0.0,0.0,1.0,1.0,0.0,0.0,2.0,0.0,0.0,0.0,0.0,1.0,0.0,1.0,1.0,2.0,1.0,0.0,1.0,0.0,0.0,1.0,0.0,2.0,0.0,1.0,2.0,2.0,0.0,0.0,1.0,7.0,2.0,3.0,0.0,0.0,0.0,0.0,0.0,0.0,0.0,1.0,1.0,0.0,0.0,0.0,0.0,0.0,0.0,0.0,0.0,1.0,1.0,0.0,0.0,0.0,0.0,0.0,0.0,0.0,0.0,0.0,0.0,0.0,0.0,0.0,0.0,0.0,1.0,0.0,1.0,1.0,1.0,0.0,0.0,1.0,0.0,0.0,1.0,0.0,0.0,0.0,0.0,1.0,2.0,2.0,2.0,1.0,0.0,0.0,1.0,0.0,0.0,0.0,1.0,0.0,0.0,1.0,1.0,0.0,0.0,1.0,0.0,0.0,3.0,0.0,0.0,0.0,0.0,2.0,1.0,0.0,0.0,0.0,0.0,0.0,2.0,0.0,1.0,0.0,2.0,2.0,1.0,2.0,27.0,2.0,2.0,8.0,9.0,9.0,7.0,30.0
CHEMBL2159348,IC50,5.2,32.0,5.0,5.0,0.0,0.0,2.0,2.0,1.0,42.0,11.0,5.0,0.0,0.0,4.0,4.0,0.0,1.0,0.0,0.0,0.0,0.0,0.0,43.0,13.0,7.0,0.0,0.0,4.0,4.0,0.0,0.0,39.0,14.0,5.0,0.0,0.0,3.0,3.0,2.0,0.0,0.0,0.0,42.0,11.0,6.0,0.0,0.0,2.0,2.0,0.0,0.0,0.0,1.0,1.0,0.0,47.0,8.0,4.0,0.0,0.0,2.0,2.0,0.0,0.0,0.0,2.0,2.0,2.0,0.0,0.0,0.0,0.0,48.0,5.0,6.0,0.0,0.0,3.0,3.0,1.0,1.0,0.0,1.0,0.0,46.0,3.0,6.0,0.0,0.0,6.0,6.0,1.0,2.0,0.0,0.0,0.0,38.0,6.0,7.0,0.0,0.0,8.0,8.0,0.0,1.0,0.0,0.0,0.0,0.0,0.0,31.0,6.0,8.0,0.0,0.0,8.0,8.0,0.0,0.0,0.0,0.0,0.0,0.0,0.0,1.0,1.0,0.0,0.0,2.0,0.0,0.0,0.0,0.0,1.0,0.0,1.0,1.0,2.0,1.0,0.0,1.0,0.0,0.0,1.0,0.0,2.0,0.0,1.0,3.0,2.0,0.0,1.0,1.0,7.0,2.0,3.0,0.0,0.0,0.0,0.0,0.0,0.0,0.0,1.0,1.0,0.0,0.0,0.0,0.0,0.0,0.0,0.0,0.0,1.0,1.0,0.0,0.0,0.0,0.0,0.0,0.0,0.0,0.0,0.0,0.0,0.0,0.0,0.0,0.0,0.0,1.0,0.0,1.0,1.0,1.0,0.0,0.0,1.0,0.0,0.0,1.0,0.0,0.0,0.0,0.0,1.0,2.0,2.0,2.0,1.0,0.0,0.0,1.0,0.0,0.0,0.0,2.0,1.0,0.0,1.0,1.0,0.0,0.0,1.0,0.0,0.0,4.0,0.0,0.0,0.0,0.0,1.0,1.0,0.0,0.0,0.0,0.0,0.0,2.0,0.0,1.0,0.0,2.0,2.0,1.0,2.0,27.0,2.0,2.0,10.0,9.0,9.0,8.0,30.0
CHEMBL3798135,IC50,8900.0,29.0,5.0,3.0,0.0,1.0,2.0,3.0,1.0,37.0,11.0,3.0,0.0,2.0,4.0,6.0,0.0,1.0,0.0,0.0,0.0,0.0,0.0,34.0,14.0,5.0,0.0,2.0,4.0,6.0,0.0,0.0,33.0,15.0,3.0,0.0,1.0,4.0,5.0,2.0,0.0,0.0,0.0,38.0,11.0,5.0,0.0,1.0,2.0,3.0,0.0,0.0,0.0,2.0,2.0,0.0,43.0,6.0,4.0,0.0,1.0,2.0,3.0,0.0,0.0,1.0,2.0,3.0,2.0,0.0,0.0,0.0,0.0,45.0,1.0,4.0,0.0,2.0,4.0,6.0,1.0,1.0,1.0,1.0,0.0,37.0,2.0,5.0,0.0,3.0,8.0,11.0,1.0,1.0,0.0,0.0,0.0,23.0,5.0,7.0,0.0,5.0,10.0,15.0,0.0,0.0,0.0,0.0,0.0,0.0,0.0,14.0,5.0,7.0,0.0,4.0,6.0,10.0,0.0,0.0,0.0,0.0,0.0,0.0,0.0,1.0,0.0,0.0,0.0,4.0,1.0,0.0,0.0,0.0,2.0,0.0,1.0,1.0,0.0,1.0,0.0,1.0,0.0,0.0,1.0,0.0,2.0,0.0,1.0,1.0,2.0,1.0,0.0,1.0,7.0,2.0,4.0,0.0,0.0,0.0,0.0,0.0,0.0,0.0,1.0,2.0,0.0,0.0,0.0,0.0,0.0,0.0,0.0,0.0,1.0,2.0,0.0,0.0,0.0,1.0,0.0,0.0,0.0,0.0,0.0,0.0,0.0,0.0,0.0,0.0,0.0,1.0,0.0,1.0,1.0,1.0,0.0,0.0,1.0,0.0,0.0,1.0,0.0,0.0,0.0,0.0,1.0,2.0,2.0,2.0,1.0,0.0,0.0,1.0,0.0,0.0,0.0,1.0,0.0,1.0,1.0,1.0,0.0,0.0,1.0,0.0,0.0,3.0,0.0,0.0,0.0,0.0,0.0,3.0,0.0,0.0,0.0,0.0,0.0,2.0,0.0,1.0,0.0,2.0,2.0,1.0,2.0,23.0,2.0,2.0,8.0,10.0,10.0,6.0,26.0
CHEMBL3799499,IC50,14500.0,30.0,5.0,3.0,0.0,0.0,2.0,2.0,1.0,39.0,11.0,3.0,0.0,0.0,4.0,4.0,0.0,1.0,0.0,0.0,0.0,0.0,0.0,37.0,14.0,5.0,0.0,0.0,4.0,4.0,0.0,0.0,35.0,16.0,3.0,0.0,0.0,4.0,4.0,2.0,0.0,0.0,0.0,40.0,12.0,5.0,0.0,0.0,2.0,2.0,0.0,0.0,0.0,2.0,2.0,0.0,46.0,6.0,4.0,0.0,0.0,2.0,2.0,0.0,0.0,0.0,2.0,2.0,2.0,0.0,0.0,0.0,0.0,50.0,1.0,4.0,0.0,0.0,4.0,4.0,1.0,1.0,0.0,0.0,0.0,41.0,2.0,5.0,0.0,0.0,8.0,8.0,1.0,1.0,0.0,0.0,0.0,25.0,5.0,7.0,0.0,0.0,12.0,12.0,0.0,0.0,0.0,0.0,0.0,0.0,0.0,15.0,5.0,7.0,0.0,0.0,6.0,6.0,0.0,0.0,0.0,0.0,0.0,0.0,0.0,1.0,0.0,0.0,0.0,4.0,1.0,0.0,0.0,0.0,2.0,0.0,1.0,1.0,1.0,1.0,0.0,1.0,0.0,0.0,1.0,0.0,2.0,0.0,0.0,1.0,2.0,0.0,0.0,1.0,8.0,2.0,4.0,0.0,0.0,0.0,0.0,0.0,0.0,0.0,1.0,2.0,0.0,0.0,0.0,0.0,0.0,0.0,0.0,0.0,1.0,2.0,0.0,0.0,0.0,1.0,0.0,0.0,0.0,0.0,0.0,0.0,0.0,0.0,0.0,0.0,0.0,1.0,0.0,1.0,1.0,1.0,0.0,0.0,1.0,0.0,0.0,1.0,0.0,0.0,0.0,0.0,1.0,2.0,2.0,2.0,1.0,0.0,0.0,1.0,0.0,0.0,0.0,1.0,0.0,0.0,1.0,1.0,0.0,0.0,1.0,0.0,0.0,3.0,0.0,0.0,0.0,0.0,1.0,3.0,0.0,0.0,0.0,0.0,0.0,2.0,0.0,1.0,0.0,2.0,2.0,1.0,2.0,23.0,2.0,2.0,8.0,11.0,11.0,6.0,26.0
CHEMBL3238233,IC50,3700.0,25.0,9.0,2.0,0.0,0.0,2.0,2.0,3.0,34.0,15.0,2.0,0.0,0.0,4.0,4.0,4.0,2.0,0.0,0.0,0.0,0.0,0.0,35.0,11.0,6.0,0.0,0.0,4.0,4.0,2.0,1.0,33.0,13.0,9.0,0.0,0.0,4.0,4.0,0.0,0.0,0.0,0.0,39.0,15.0,6.0,0.0,0.0,2.0,2.0,0.0,2.0,0.0,2.0,2.0,0.0,44.0,12.0,5.0,0.0,0.0,2.0,2.0,0.0,2.0,0.0,2.0,2.0,0.0,2.0,0.0,0.0,0.0,40.0,13.0,5.0,0.0,0.0,6.0,6.0,1.0,1.0,0.0,0.0,0.0,27.0,11.0,4.0,0.0,0.0,4.0,4.0,0.0,0.0,0.0,0.0,0.0,25.0,9.0,4.0,0.0,0.0,6.0,6.0,1.0,2.0,0.0,0.0,1.0,0.0,0.0,20.0,9.0,5.0,0.0,0.0,6.0,6.0,2.0,0.0,0.0,0.0,0.0,0.0,0.0,1.0,0.0,0.0,0.0,3.0,1.0,0.0,0.0,0.0,1.0,0.0,1.0,0.0,5.0,1.0,0.0,1.0,0.0,0.0,0.0,2.0,2.0,0.0,1.0,0.0,2.0,0.0,0.0,0.0,14.0,2.0,9.0,1.0,0.0,4.0,0.0,2.0,1.0,0.0,1.0,9.0,0.0,0.0,0.0,1.0,3.0,0.0,0.0,0.0,0.0,2.0,4.0,0.0,0.0,1.0,3.0,0.0,0.0,0.0,0.0,0.0,0.0,0.0,3.0,1.0,1.0,1.0,1.0,1.0,0.0,6.0,4.0,5.0,8.0,3.0,0.0,3.0,5.0,0.0,0.0,0.0,0.0,2.0,2.0,6.0,4.0,2.0,2.0,3.0,0.0,0.0,0.0,0.0,0.0,0.0,3.0,2.0,0.0,0.0,0.0,0.0,0.0,2.0,0.0,0.0,0.0,0.0,5.0,2.0,0.0,0.0,0.0,0.0,0.0,2.0,0.0,1.0,0.0,2.0,2.0,3.0,4.0,17.0,6.0,5.0,11.0,15.0,15.0,10.0,22.0
CHEMBL3237922,IC50,82.0,29.0,9.0,2.0,0.0,0.0,2.0,2.0,3.0,40.0,15.0,2.0,0.0,0.0,4.0,4.0,4.0,2.0,0.0,0.0,0.0,0.0,0.0,42.0,15.0,6.0,0.0,0.0,4.0,4.0,2.0,1.0,42.0,14.0,9.0,0.0,0.0,4.0,4.0,0.0,0.0,0.0,0.0,44.0,14.0,8.0,0.0,0.0,2.0,2.0,0.0,2.0,0.0,2.0,2.0,0.0,43.0,17.0,5.0,0.0,0.0,2.0,2.0,0.0,2.0,0.0,2.0,2.0,0.0,2.0,0.0,0.0,0.0,48.0,10.0,3.0,0.0,0.0,6.0,6.0,1.0,1.0,0.0,0.0,0.0,40.0,11.0,7.0,0.0,0.0,8.0,8.0,0.0,0.0,0.0,0.0,0.0,37.0,8.0,3.0,0.0,0.0,8.0,8.0,1.0,2.0,0.0,0.0,1.0,0.0,0.0,27.0,8.0,4.0,0.0,0.0,6.0,6.0,2.0,0.0,0.0,0.0,0.0,0.0,0.0,2.0,0.0,0.0,0.0,6.0,3.0,0.0,0.0,0.0,2.0,0.0,1.0,0.0,4.0,1.0,0.0,1.0,0.0,0.0,0.0,2.0,2.0,0.0,1.0,0.0,2.0,0.0,0.0,0.0,17.0,2.0,13.0,1.0,0.0,5.0,0.0,2.0,1.0,0.0,1.0,15.0,0.0,0.0,0.0,2.0,11.0,7.0,4.0,2.0,0.0,2.0,14.0,0.0,0.0,1.0,14.0,0.0,0.0,9.0,6.0,7.0,3.0,7.0,8.0,4.0,2.0,5.0,3.0,3.0,0.0,6.0,4.0,5.0,8.0,3.0,0.0,3.0,5.0,0.0,0.0,0.0,0.0,2.0,2.0,6.0,4.0,2.0,2.0,3.0,0.0,0.0,0.0,0.0,0.0,0.0,3.0,2.0,0.0,0.0,0.0,0.0,0.0,2.0,0.0,0.0,0.0,0.0,4.0,5.0,1.0,0.0,0.0,0.0,0.0,2.0,0.0,1.0,0.0,2.0,2.0,3.0,4.0,17.0,6.0,5.0,11.0,19.0,19.0,9.0,23.0
CHEMBL3238215,IC50,17.0,34.0,9.0,2.0,0.0,0.0,2.0,2.0,3.0,46.0,15.0,2.0,0.0,0.0,4.0,4.0,4.0,2.0,0.0,0.0,0.0,0.0,0.0,46.0,15.0,6.0,0.0,0.0,4.0,4.0,2.0,1.0,46.0,15.0,9.0,0.0,0.0,4.0,4.0,0.0,0.0,0.0,0.0,51.0,17.0,8.0,0.0,0.0,2.0,2.0,0.0,2.0,0.0,2.0,2.0,0.0,60.0,18.0,6.0,0.0,0.0,2.0,2.0,0.0,2.0,0.0,2.0,2.0,0.0,2.0,0.0,0.0,0.0,67.0,13.0,6.0,0.0,0.0,6.0,6.0,1.0,1.0,0.0,0.0,0.0,56.0,11.0,7.0,0.0,0.0,8.0,8.0,0.0,0.0,0.0,0.0,0.0,52.0,9.0,4.0,0.0,0.0,8.0,8.0,1.0,2.0,0.0,0.0,1.0,0.0,0.0,41.0,11.0,7.0,0.0,0.0,8.0,8.0,2.0,0.0,0.0,0.0,0.0,0.0,0.0,2.0,0.0,0.0,0.0,8.0,3.0,0.0,0.0,0.0,3.0,0.0,1.0,0.0,4.0,1.0,0.0,1.0,0.0,0.0,0.0,3.0,2.0,0.0,1.0,0.0,2.0,0.0,0.0,0.0,21.0,2.0,18.0,1.0,0.0,10.0,0.0,2.0,1.0,0.0,1.0,22.0,0.0,0.0,0.0,3.0,15.0,8.0,4.0,2.0,0.0,2.0,20.0,0.0,0.0,1.0,18.0,0.0,0.0,10.0,6.0,7.0,3.0,8.0,11.0,5.0,3.0,5.0,3.0,3.0,0.0,6.0,4.0,5.0,8.0,3.0,0.0,3.0,5.0,0.0,0.0,0.0,0.0,2.0,2.0,6.0,4.0,2.0,2.0,3.0,0.0,0.0,0.0,0.0,0.0,0.0,3.0,2.0,0.0,0.0,0.0,0.0,0.0,2.0,0.0,0.0,0.0,0.0,4.0,7.0,1.0,0.0,0.0,0.0,0.0,2.0,0.0,1.0,0.0,2.0,2.0,3.0,4.0,17.0,6.0,5.0,11.0,24.0,24.0,11.0,26.0
CHEMBL3238240,IC50,270.0,35.0,7.0,4.0,0.0,0.0,2.0,2.0,0.0,49.0,11.0,4.0,0.0,0.0,4.0,4.0,1.0,2.0,0.0,0.0,0.0,0.0,0.0,47.0,14.0,8.0,0.0,0.0,4.0,4.0,0.0,1.0,47.0,14.0,11.0,0.0,0.0,4.0,4.0,0.0,0.0,0.0,0.0,53.0,13.0,9.0,0.0,0.0,2.0,2.0,0.0,2.0,0.0,2.0,2.0,0.0,63.0,12.0,9.0,0.0,0.0,2.0,2.0,0.0,0.0,0.0,2.0,2.0,0.0,2.0,0.0,0.0,0.0,71.0,5.0,8.0,0.0,0.0,6.0,6.0,1.0,1.0,0.0,0.0,2.0,59.0,5.0,11.0,0.0,0.0,8.0,8.0,0.0,0.0,0.0,0.0,0.0,54.0,5.0,8.0,0.0,0.0,8.0,8.0,1.0,2.0,0.0,0.0,1.0,0.0,0.0,43.0,8.0,9.0,0.0,0.0,8.0,8.0,0.0,0.0,0.0,0.0,0.0,0.0,0.0,2.0,0.0,0.0,0.0,9.0,3.0,0.0,0.0,0.0,5.0,1.0,1.0,1.0,6.0,1.0,0.0,1.0,0.0,0.0,1.0,3.0,3.0,0.0,1.0,0.0,2.0,0.0,0.0,1.0,24.0,3.0,20.0,1.0,0.0,9.0,0.0,2.0,1.0,0.0,2.0,24.0,0.0,0.0,0.0,3.0,14.0,7.0,4.0,2.0,1.0,2.0,19.0,0.0,1.0,1.0,17.0,0.0,0.0,9.0,6.0,7.0,3.0,7.0,11.0,6.0,4.0,6.0,3.0,4.0,1.0,7.0,4.0,5.0,9.0,3.0,0.0,4.0,5.0,0.0,0.0,0.0,1.0,2.0,2.0,6.0,4.0,2.0,2.0,3.0,0.0,0.0,0.0,1.0,0.0,0.0,3.0,2.0,0.0,0.0,0.0,0.0,0.0,4.0,0.0,0.0,0.0,0.0,6.0,8.0,1.0,0.0,0.0,0.0,0.0,3.0,0.0,1.0,0.0,2.0,2.0,0.0,0.0,12.0,2.0,5.0,11.0,24.0,24.0,13.0,23.0
CHEMBL3238234,IC50,16.0,34.0,7.0,4.0,0.0,0.0,2.0,2.0,0.0,48.0,11.0,4.0,0.0,0.0,4.0,4.0,1.0,2.0,0.0,0.0,0.0,0.0,0.0,46.0,14.0,8.0,0.0,0.0,4.0,4.0,0.0,1.0,47.0,13.0,9.0,0.0,0.0,4.0,4.0,2.0,0.0,0.0,0.0,52.0,13.0,11.0,0.0,0.0,2.0,2.0,0.0,0.0,0.0,2.0,2.0,0.0,62.0,12.0,8.0,0.0,0.0,2.0,2.0,0.0,0.0,0.0,2.0,2.0,2.0,2.0,0.0,0.0,0.0,69.0,5.0,10.0,0.0,0.0,6.0,6.0,1.0,1.0,0.0,0.0,0.0,57.0,5.0,11.0,0.0,0.0,8.0,8.0,0.0,0.0,0.0,0.0,0.0,53.0,5.0,6.0,0.0,0.0,8.0,8.0,1.0,2.0,0.0,0.0,1.0,0.0,0.0,42.0,8.0,9.0,0.0,0.0,8.0,8.0,0.0,0.0,0.0,0.0,0.0,0.0,0.0,2.0,0.0,0.0,0.0,8.0,3.0,0.0,0.0,0.0,4.0,0.0,1.0,1.0,6.0,1.0,0.0,1.0,0.0,0.0,1.0,3.0,3.0,0.0,1.0,0.0,2.0,0.0,0.0,1.0,23.0,3.0,19.0,1.0,0.0,9.0,0.0,2.0,1.0,0.0,2.0,23.0,0.0,0.0,0.0,3.0,14.0,7.0,4.0,2.0,1.0,2.0,18.0,0.0,0.0,1.0,17.0,0.0,0.0,9.0,6.0,7.0,3.0,7.0,11.0,5.0,3.0,6.0,3.0,4.0,1.0,7.0,4.0,5.0,9.0,3.0,0.0,4.0,5.0,0.0,0.0,0.0,1.0,2.0,2.0,6.0,4.0,2.0,2.0,3.0,0.0,0.0,0.0,1.0,0.0,0.0,3.0,2.0,0.0,0.0,1.0,0.0,0.0,4.0,0.0,0.0,0.0,0.0,6.0,7.0,1.0,0.0,0.0,0.0,0.0,3.0,0.0,1.0,0.0,2.0,2.0,0.0,0.0,12.0,2.0,5.0,11.0,23.0,23.0,12.0,23.0
CHEMBL2159335,IC50,16.0,29.0,5.0,5.0,0.0,0.0,3.0,3.0,1.0,35.0,11.0,6.0,0.0,0.0,6.0,6.0,0.0,1.0,0.0,0.0,0.0,0.0,0.0,35.0,13.0,8.0,0.0,0.0,6.0,6.0,0.0,0.0,35.0,14.0,4.0,0.0,0.0,7.0,7.0,2.0,0.0,0.0,0.0,40.0,10.0,5.0,0.0,0.0,4.0,4.0,0.0,0.0,0.0,3.0,3.0,0.0,44.0,5.0,4.0,0.0,0.0,5.0,5.0,0.0,1.0,0.0,3.0,3.0,2.0,0.0,0.0,0.0,0.0,42.0,3.0,7.0,0.0,0.0,7.0,7.0,1.0,2.0,0.0,0.0,0.0,37.0,4.0,8.0,0.0,0.0,12.0,12.0,1.0,1.0,0.0,0.0,0.0,28.0,7.0,9.0,0.0,0.0,12.0,12.0,0.0,0.0,0.0,0.0,0.0,0.0,0.0,24.0,6.0,9.0,0.0,0.0,8.0,8.0,0.0,0.0,0.0,0.0,0.0,0.0,0.0,1.0,1.0,0.0,0.0,4.0,0.0,0.0,0.0,0.0,2.0,0.0,1.0,1.0,2.0,1.0,0.0,1.0,0.0,0.0,1.0,0.0,2.0,0.0,1.0,1.0,3.0,0.0,1.0,1.0,9.0,2.0,5.0,0.0,0.0,0.0,0.0,0.0,0.0,0.0,1.0,2.0,0.0,0.0,0.0,0.0,0.0,0.0,0.0,0.0,1.0,1.0,0.0,0.0,0.0,0.0,0.0,0.0,0.0,0.0,0.0,0.0,0.0,0.0,0.0,0.0,0.0,1.0,0.0,1.0,2.0,1.0,0.0,0.0,1.0,0.0,0.0,1.0,0.0,0.0,0.0,0.0,2.0,3.0,3.0,2.0,1.0,0.0,0.0,1.0,0.0,0.0,0.0,2.0,1.0,0.0,1.0,1.0,0.0,0.0,1.0,0.0,0.0,4.0,0.0,0.0,0.0,0.0,2.0,2.0,0.0,0.0,0.0,0.0,0.0,2.0,0.0,1.0,0.0,2.0,3.0,1.0,2.0,23.0,2.0,2.0,10.0,11.0,11.0,10.0,26.0
CHEMBL2159344,IC50,337.4,34.0,5.0,3.0,0.0,0.0,2.0,2.0,1.0,43.0,11.0,3.0,0.0,0.0,4.0,4.0,0.0,1.0,0.0,0.0,0.0,0.0,0.0,44.0,13.0,5.0,0.0,0.0,4.0,4.0,0.0,0.0,43.0,15.0,3.0,0.0,0.0,4.0,4.0,2.0,0.0,0.0,0.0,49.0,13.0,4.0,0.0,0.0,2.0,2.0,0.0,0.0,0.0,2.0,2.0,0.0,54.0,9.0,3.0,0.0,0.0,2.0,2.0,0.0,0.0,0.0,2.0,2.0,2.0,0.0,0.0,0.0,0.0,55.0,5.0,5.0,0.0,0.0,4.0,4.0,1.0,1.0,0.0,0.0,0.0,53.0,3.0,5.0,0.0,0.0,8.0,8.0,1.0,1.0,0.0,0.0,0.0,43.0,5.0,5.0,0.0,0.0,10.0,10.0,0.0,0.0,0.0,0.0,0.0,0.0,0.0,32.0,5.0,5.0,0.0,0.0,10.0,10.0,0.0,0.0,0.0,0.0,0.0,0.0,0.0,2.0,1.0,0.0,0.0,7.0,2.0,0.0,0.0,0.0,5.0,3.0,1.0,1.0,1.0,1.0,0.0,1.0,0.0,0.0,1.0,0.0,2.0,0.0,1.0,0.0,2.0,0.0,0.0,1.0,12.0,2.0,9.0,0.0,0.0,0.0,1.0,0.0,0.0,0.0,1.0,7.0,0.0,0.0,0.0,0.0,0.0,0.0,0.0,0.0,1.0,3.0,6.0,0.0,0.0,2.0,6.0,0.0,0.0,1.0,0.0,0.0,0.0,0.0,0.0,0.0,0.0,1.0,0.0,1.0,1.0,1.0,0.0,0.0,1.0,0.0,0.0,1.0,0.0,0.0,0.0,0.0,1.0,2.0,2.0,2.0,1.0,0.0,0.0,1.0,0.0,0.0,0.0,1.0,0.0,0.0,1.0,1.0,0.0,0.0,1.0,0.0,0.0,3.0,0.0,0.0,0.0,0.0,1.0,6.0,1.0,0.0,0.0,0.0,0.0,2.0,0.0,1.0,0.0,2.0,2.0,1.0,2.0,23.0,2.0,2.0,8.0,15.0,15.0,8.0,27.0
CHEMBL1922935,IC50,37.0,33.0,5.0,4.0,0.0,3.0,1.0,4.0,0.0,41.0,8.0,5.0,0.0,3.0,2.0,5.0,0.0,1.0,0.0,0.0,3.0,3.0,3.0,42.0,8.0,8.0,0.0,6.0,2.0,8.0,0.0,1.0,44.0,7.0,8.0,0.0,6.0,2.0,8.0,2.0,0.0,0.0,0.0,50.0,3.0,12.0,0.0,3.0,1.0,4.0,0.0,0.0,3.0,1.0,4.0,0.0,52.0,5.0,9.0,0.0,6.0,2.0,8.0,0.0,0.0,0.0,0.0,0.0,2.0,0.0,0.0,0.0,0.0,50.0,3.0,8.0,0.0,12.0,3.0,15.0,0.0,0.0,0.0,0.0,0.0,44.0,3.0,7.0,0.0,9.0,4.0,13.0,0.0,0.0,0.0,0.0,0.0,38.0,3.0,4.0,0.0,9.0,4.0,13.0,0.0,1.0,0.0,0.0,1.0,0.0,0.0,28.0,3.0,6.0,0.0,6.0,4.0,10.0,1.0,1.0,0.0,0.0,0.0,0.0,0.0,2.0,0.0,0.0,1.0,5.0,3.0,2.0,0.0,0.0,1.0,0.0,1.0,1.0,0.0,1.0,0.0,1.0,0.0,0.0,1.0,1.0,3.0,0.0,1.0,1.0,1.0,3.0,0.0,1.0,12.0,3.0,9.0,0.0,0.0,3.0,0.0,0.0,0.0,0.0,2.0,8.0,0.0,0.0,0.0,0.0,2.0,0.0,0.0,0.0,3.0,1.0,5.0,0.0,1.0,2.0,5.0,0.0,2.0,2.0,0.0,0.0,0.0,0.0,0.0,0.0,0.0,1.0,0.0,1.0,1.0,1.0,0.0,0.0,1.0,0.0,0.0,1.0,0.0,0.0,0.0,0.0,1.0,1.0,1.0,2.0,1.0,0.0,0.0,1.0,0.0,0.0,0.0,1.0,0.0,3.0,1.0,1.0,0.0,0.0,1.0,0.0,0.0,4.0,1.0,0.0,0.0,0.0,0.0,4.0,2.0,3.0,0.0,0.0,0.0,2.0,0.0,1.0,0.0,3.0,1.0,0.0,1.0,21.0,1.0,4.0,9.0,13.0,13.0,12.0,30.0
CHEMBL1922701,IC50,42.0,22.0,12.0,5.0,0.0,3.0,0.0,3.0,3.0,33.0,10.0,6.0,0.0,0.0,0.0,0.0,8.0,1.0,3.0,3.0,3.0,3.0,3.0,29.0,20.0,8.0,0.0,3.0,0.0,3.0,2.0,1.0,30.0,20.0,6.0,0.0,6.0,0.0,6.0,3.0,0.0,0.0,0.0,36.0,20.0,2.0,0.0,6.0,0.0,6.0,0.0,4.0,0.0,0.0,0.0,0.0,38.0,20.0,4.0,0.0,3.0,0.0,3.0,0.0,0.0,0.0,0.0,0.0,0.0,0.0,0.0,0.0,0.0,40.0,10.0,4.0,0.0,0.0,0.0,0.0,1.0,3.0,3.0,3.0,0.0,30.0,12.0,10.0,0.0,3.0,0.0,3.0,0.0,0.0,0.0,0.0,0.0,31.0,4.0,7.0,0.0,0.0,0.0,0.0,4.0,2.0,6.0,6.0,0.0,0.0,0.0,22.0,10.0,9.0,0.0,12.0,0.0,12.0,2.0,0.0,0.0,0.0,1.0,0.0,0.0,0.0,0.0,0.0,0.0,3.0,0.0,0.0,0.0,0.0,1.0,0.0,0.0,0.0,2.0,1.0,0.0,1.0,0.0,0.0,0.0,1.0,1.0,0.0,2.0,0.0,0.0,3.0,2.0,0.0,8.0,1.0,2.0,0.0,0.0,0.0,0.0,0.0,0.0,0.0,0.0,1.0,0.0,0.0,0.0,0.0,0.0,0.0,0.0,0.0,0.0,0.0,0.0,0.0,0.0,0.0,0.0,0.0,0.0,0.0,0.0,0.0,0.0,0.0,0.0,0.0,0.0,0.0,0.0,0.0,1.0,0.0,0.0,0.0,0.0,0.0,0.0,0.0,0.0,0.0,0.0,0.0,1.0,0.0,0.0,4.0,1.0,0.0,0.0,0.0,3.0,0.0,0.0,2.0,2.0,3.0,4.0,1.0,0.0,0.0,0.0,0.0,0.0,3.0,0.0,0.0,3.0,0.0,1.0,1.0,0.0,3.0,0.0,3.0,3.0,1.0,0.0,1.0,0.0,2.0,0.0,3.0,4.0,23.0,6.0,6.0,17.0,10.0,10.0,11.0,25.0
CHEMBL1922709,IC50,80.0,24.0,12.0,1.0,0.0,3.0,0.0,3.0,3.0,37.0,10.0,1.0,0.0,3.0,0.0,3.0,8.0,1.0,0.0,0.0,3.0,3.0,3.0,32.0,21.0,3.0,0.0,6.0,0.0,6.0,2.0,0.0,31.0,22.0,2.0,0.0,6.0,0.0,6.0,2.0,0.0,0.0,0.0,35.0,22.0,1.0,0.0,6.0,0.0,6.0,0.0,2.0,3.0,0.0,3.0,0.0,38.0,18.0,1.0,0.0,9.0,0.0,9.0,0.0,0.0,3.0,0.0,3.0,0.0,0.0,0.0,0.0,0.0,42.0,10.0,0.0,0.0,6.0,0.0,6.0,1.0,1.0,3.0,3.0,0.0,39.0,9.0,2.0,0.0,9.0,0.0,9.0,0.0,0.0,0.0,0.0,0.0,29.0,4.0,2.0,0.0,12.0,0.0,12.0,4.0,2.0,0.0,0.0,0.0,0.0,0.0,19.0,10.0,4.0,0.0,9.0,0.0,9.0,2.0,0.0,0.0,0.0,0.0,0.0,0.0,0.0,0.0,0.0,0.0,2.0,0.0,0.0,0.0,0.0,0.0,0.0,0.0,0.0,3.0,1.0,0.0,1.0,0.0,0.0,0.0,1.0,1.0,0.0,2.0,0.0,0.0,3.0,0.0,0.0,8.0,1.0,1.0,0.0,0.0,0.0,0.0,0.0,0.0,0.0,0.0,0.0,0.0,0.0,0.0,0.0,0.0,0.0,0.0,0.0,0.0,1.0,0.0,0.0,0.0,0.0,0.0,0.0,0.0,0.0,0.0,0.0,0.0,0.0,0.0,0.0,0.0,0.0,0.0,0.0,0.0,0.0,0.0,0.0,0.0,0.0,0.0,0.0,0.0,0.0,0.0,0.0,0.0,0.0,0.0,4.0,1.0,0.0,0.0,0.0,3.0,0.0,0.0,0.0,0.0,3.0,4.0,1.0,0.0,0.0,0.0,0.0,0.0,1.0,0.0,0.0,0.0,0.0,2.0,1.0,0.0,3.0,0.0,0.0,0.0,1.0,0.0,1.0,0.0,2.0,0.0,3.0,4.0,23.0,6.0,6.0,13.0,10.0,10.0,8.0,25.0
CHEMBL1644192,IC50,2700.0,26.0,5.0,5.0,2.0,3.0,0.0,3.0,1.0,34.0,10.0,9.0,2.0,0.0,0.0,0.0,0.0,1.0,3.0,3.0,3.0,3.0,3.0,33.0,12.0,11.0,2.0,3.0,0.0,3.0,0.0,0.0,29.0,14.0,8.0,1.0,6.0,0.0,6.0,2.0,0.0,0.0,0.0,33.0,10.0,7.0,1.0,6.0,0.0,6.0,0.0,0.0,0.0,0.0,0.0,0.0,37.0,5.0,6.0,1.0,3.0,0.0,3.0,0.0,1.0,0.0,0.0,0.0,2.0,0.0,0.0,0.0,0.0,38.0,3.0,8.0,1.0,3.0,0.0,3.0,1.0,4.0,0.0,0.0,0.0,34.0,4.0,9.0,2.0,3.0,0.0,3.0,1.0,3.0,3.0,3.0,0.0,25.0,5.0,13.0,3.0,6.0,0.0,6.0,0.0,0.0,3.0,3.0,0.0,0.0,0.0,21.0,5.0,15.0,4.0,6.0,0.0,6.0,0.0,0.0,0.0,0.0,0.0,0.0,0.0,0.0,0.0,0.0,0.0,3.0,0.0,0.0,0.0,0.0,1.0,0.0,1.0,1.0,1.0,1.0,0.0,1.0,0.0,0.0,1.0,1.0,2.0,0.0,3.0,0.0,0.0,3.0,1.0,1.0,7.0,2.0,2.0,0.0,0.0,0.0,0.0,0.0,0.0,0.0,1.0,1.0,0.0,0.0,0.0,0.0,0.0,0.0,0.0,0.0,1.0,0.0,0.0,0.0,0.0,0.0,0.0,0.0,0.0,0.0,0.0,0.0,0.0,0.0,0.0,0.0,0.0,1.0,0.0,1.0,1.0,1.0,0.0,0.0,1.0,0.0,0.0,1.0,0.0,0.0,0.0,0.0,1.0,0.0,0.0,2.0,1.0,0.0,0.0,1.0,0.0,0.0,0.0,2.0,1.0,3.0,1.0,1.0,0.0,0.0,1.0,0.0,0.0,6.0,0.0,0.0,3.0,0.0,0.0,1.0,0.0,3.0,0.0,3.0,3.0,2.0,0.0,1.0,0.0,2.0,0.0,1.0,2.0,23.0,2.0,6.0,12.0,8.0,8.0,10.0,27.0
CHEMBL1644199,IC50,520.0,33.0,7.0,3.0,0.0,3.0,1.0,4.0,4.0,45.0,11.0,3.0,0.0,0.0,2.0,2.0,5.0,1.0,3.0,3.0,3.0,3.0,3.0,45.0,13.0,5.0,0.0,3.0,2.0,5.0,2.0,0.0,39.0,18.0,3.0,0.0,6.0,1.0,7.0,2.0,0.0,0.0,0.0,42.0,16.0,2.0,0.0,6.0,1.0,7.0,0.0,2.0,0.0,0.0,0.0,0.0,43.0,14.0,2.0,0.0,3.0,2.0,5.0,0.0,1.0,0.0,0.0,0.0,0.0,0.0,0.0,0.0,0.0,44.0,11.0,1.0,0.0,3.0,2.0,5.0,1.0,2.0,0.0,0.0,0.0,41.0,11.0,3.0,0.0,3.0,2.0,5.0,1.0,1.0,3.0,3.0,0.0,37.0,10.0,6.0,0.0,3.0,1.0,4.0,2.0,0.0,3.0,3.0,0.0,0.0,0.0,37.0,8.0,7.0,0.0,6.0,1.0,7.0,4.0,0.0,0.0,0.0,0.0,0.0,0.0,1.0,1.0,0.0,0.0,1.0,0.0,0.0,0.0,0.0,0.0,0.0,0.0,0.0,1.0,1.0,0.0,1.0,0.0,0.0,0.0,1.0,1.0,0.0,4.0,0.0,1.0,3.0,1.0,0.0,5.0,1.0,1.0,0.0,0.0,0.0,0.0,0.0,0.0,0.0,0.0,0.0,0.0,0.0,0.0,0.0,0.0,0.0,0.0,0.0,0.0,2.0,0.0,0.0,0.0,0.0,0.0,0.0,0.0,0.0,0.0,0.0,0.0,0.0,0.0,0.0,0.0,0.0,0.0,0.0,0.0,0.0,0.0,0.0,0.0,0.0,0.0,0.0,0.0,0.0,0.0,0.0,0.0,1.0,1.0,1.0,0.0,0.0,0.0,0.0,0.0,0.0,0.0,1.0,1.0,3.0,1.0,1.0,0.0,0.0,0.0,0.0,0.0,2.0,0.0,0.0,3.0,0.0,1.0,0.0,1.0,3.0,0.0,3.0,3.0,1.0,0.0,1.0,0.0,2.0,1.0,4.0,6.0,34.0,6.0,2.0,10.0,9.0,9.0,9.0,34.0
CHEMBL3238218,IC50,14.0,33.0,9.0,2.0,0.0,0.0,1.0,1.0,3.0,47.0,15.0,2.0,0.0,0.0,2.0,2.0,4.0,2.0,0.0,0.0,0.0,0.0,0.0,46.0,15.0,6.0,0.0,0.0,2.0,2.0,2.0,1.0,46.0,15.0,9.0,0.0,0.0,2.0,2.0,0.0,0.0,0.0,0.0,51.0,17.0,8.0,0.0,0.0,1.0,1.0,0.0,2.0,0.0,1.0,1.0,0.0,60.0,18.0,6.0,0.0,0.0,1.0,1.0,0.0,2.0,0.0,1.0,1.0,0.0,1.0,0.0,0.0,0.0,67.0,13.0,6.0,0.0,0.0,3.0,3.0,1.0,1.0,0.0,0.0,0.0,56.0,11.0,7.0,0.0,0.0,4.0,4.0,0.0,0.0,0.0,0.0,0.0,52.0,9.0,4.0,0.0,0.0,4.0,4.0,1.0,2.0,0.0,0.0,1.0,0.0,0.0,41.0,11.0,7.0,0.0,0.0,4.0,4.0,2.0,0.0,0.0,0.0,0.0,0.0,0.0,2.0,0.0,0.0,0.0,7.0,3.0,0.0,0.0,0.0,3.0,0.0,1.0,0.0,6.0,1.0,0.0,1.0,0.0,0.0,0.0,3.0,2.0,0.0,1.0,0.0,1.0,0.0,0.0,0.0,21.0,2.0,17.0,1.0,0.0,9.0,0.0,2.0,1.0,0.0,1.0,22.0,0.0,0.0,0.0,3.0,14.0,7.0,4.0,2.0,0.0,2.0,18.0,0.0,0.0,1.0,17.0,0.0,0.0,9.0,6.0,7.0,3.0,7.0,11.0,5.0,3.0,5.0,3.0,3.0,0.0,6.0,4.0,5.0,8.0,3.0,0.0,3.0,5.0,0.0,0.0,0.0,0.0,1.0,1.0,6.0,4.0,2.0,2.0,3.0,0.0,0.0,0.0,0.0,0.0,0.0,3.0,2.0,0.0,0.0,0.0,0.0,0.0,2.0,0.0,0.0,0.0,0.0,6.0,6.0,1.0,0.0,0.0,0.0,0.0,2.0,0.0,1.0,0.0,2.0,1.0,3.0,4.0,17.0,6.0,5.0,11.0,23.0,23.0,11.0,24.0
CHEMBL1643956,IC50,2900.0,26.0,5.0,5.0,0.0,3.0,0.0,3.0,1.0,32.0,11.0,5.0,0.0,0.0,0.0,0.0,0.0,1.0,3.0,3.0,3.0,3.0,3.0,31.0,12.0,7.0,0.0,3.0,0.0,3.0,0.0,0.0,29.0,12.0,4.0,0.0,6.0,0.0,6.0,2.0,0.0,0.0,0.0,33.0,9.0,5.0,0.0,6.0,0.0,6.0,0.0,0.0,0.0,0.0,0.0,0.0,36.0,5.0,4.0,0.0,3.0,0.0,3.0,0.0,1.0,0.0,0.0,0.0,2.0,0.0,0.0,0.0,0.0,36.0,4.0,6.0,0.0,3.0,0.0,3.0,0.0,1.0,0.0,0.0,0.0,32.0,3.0,7.0,0.0,3.0,0.0,3.0,1.0,1.0,3.0,3.0,0.0,24.0,3.0,7.0,0.0,3.0,0.0,3.0,1.0,1.0,3.0,3.0,0.0,0.0,0.0,17.0,5.0,9.0,0.0,6.0,0.0,6.0,0.0,0.0,0.0,0.0,0.0,0.0,0.0,1.0,0.0,0.0,0.0,8.0,2.0,0.0,0.0,0.0,5.0,3.0,1.0,1.0,0.0,1.0,0.0,1.0,0.0,0.0,1.0,1.0,2.0,0.0,2.0,0.0,0.0,3.0,1.0,1.0,12.0,2.0,8.0,0.0,0.0,0.0,0.0,0.0,0.0,0.0,1.0,7.0,0.0,0.0,0.0,0.0,0.0,0.0,0.0,0.0,1.0,0.0,6.0,0.0,0.0,0.0,6.0,0.0,0.0,1.0,0.0,0.0,0.0,0.0,0.0,0.0,0.0,1.0,0.0,1.0,1.0,1.0,0.0,0.0,1.0,0.0,0.0,1.0,0.0,0.0,0.0,0.0,1.0,0.0,0.0,2.0,1.0,0.0,0.0,1.0,0.0,0.0,0.0,2.0,1.0,3.0,1.0,1.0,0.0,0.0,1.0,0.0,0.0,4.0,0.0,0.0,3.0,0.0,0.0,7.0,0.0,3.0,0.0,3.0,3.0,2.0,0.0,1.0,0.0,2.0,0.0,1.0,2.0,17.0,2.0,2.0,10.0,14.0,14.0,10.0,21.0
CHEMBL1643958,IC50,1700.0,26.0,5.0,5.0,0.0,3.0,0.0,3.0,1.0,32.0,11.0,5.0,0.0,0.0,0.0,0.0,0.0,1.0,3.0,3.0,3.0,3.0,3.0,31.0,12.0,7.0,0.0,3.0,0.0,3.0,0.0,0.0,30.0,12.0,4.0,0.0,6.0,0.0,6.0,2.0,0.0,0.0,0.0,34.0,9.0,5.0,0.0,6.0,0.0,6.0,0.0,0.0,0.0,0.0,0.0,0.0,35.0,5.0,4.0,0.0,3.0,0.0,3.0,0.0,1.0,0.0,0.0,0.0,2.0,0.0,0.0,0.0,0.0,33.0,4.0,7.0,0.0,3.0,0.0,3.0,0.0,1.0,0.0,0.0,0.0,30.0,3.0,8.0,0.0,3.0,0.0,3.0,1.0,1.0,3.0,3.0,0.0,25.0,2.0,6.0,0.0,6.0,0.0,6.0,1.0,1.0,3.0,3.0,0.0,0.0,0.0,18.0,4.0,7.0,0.0,9.0,0.0,9.0,0.0,0.0,0.0,0.0,0.0,0.0,0.0,1.0,0.0,0.0,0.0,8.0,2.0,0.0,0.0,0.0,5.0,3.0,1.0,1.0,0.0,1.0,0.0,1.0,0.0,0.0,1.0,1.0,2.0,0.0,2.0,0.0,0.0,3.0,1.0,1.0,12.0,2.0,8.0,0.0,0.0,0.0,0.0,0.0,0.0,0.0,1.0,7.0,0.0,0.0,0.0,0.0,0.0,0.0,0.0,0.0,1.0,0.0,6.0,0.0,0.0,0.0,6.0,0.0,0.0,1.0,0.0,0.0,0.0,0.0,0.0,0.0,0.0,1.0,0.0,1.0,1.0,1.0,0.0,0.0,1.0,0.0,0.0,1.0,0.0,0.0,0.0,0.0,1.0,0.0,0.0,2.0,1.0,0.0,0.0,1.0,0.0,0.0,0.0,2.0,1.0,3.0,1.0,1.0,0.0,0.0,1.0,0.0,0.0,4.0,0.0,0.0,3.0,0.0,0.0,7.0,0.0,3.0,0.0,3.0,3.0,2.0,0.0,1.0,0.0,2.0,0.0,1.0,2.0,17.0,2.0,2.0,10.0,14.0,14.0,10.0,21.0
CHEMBL4114029,IC50,4.7,34.0,5.0,3.0,2.0,1.0,1.0,2.0,1.0,46.0,8.0,3.0,3.0,2.0,2.0,4.0,0.0,1.0,0.0,0.0,0.0,0.0,0.0,51.0,6.0,5.0,4.0,2.0,2.0,4.0,0.0,0.0,56.0,6.0,3.0,4.0,3.0,1.0,4.0,2.0,0.0,0.0,0.0,63.0,6.0,4.0,6.0,3.0,1.0,4.0,0.0,0.0,1.0,0.0,1.0,0.0,67.0,5.0,3.0,5.0,4.0,2.0,6.0,0.0,0.0,1.0,0.0,1.0,2.0,0.0,0.0,0.0,0.0,57.0,5.0,6.0,4.0,4.0,4.0,8.0,0.0,0.0,0.0,0.0,0.0,47.0,9.0,7.0,2.0,5.0,5.0,10.0,0.0,0.0,0.0,0.0,0.0,38.0,14.0,7.0,1.0,4.0,5.0,9.0,0.0,0.0,0.0,0.0,0.0,0.0,0.0,31.0,14.0,7.0,0.0,2.0,4.0,6.0,0.0,0.0,0.0,0.0,0.0,0.0,0.0,2.0,0.0,0.0,0.0,5.0,1.0,0.0,0.0,0.0,3.0,1.0,1.0,1.0,2.0,1.0,0.0,1.0,0.0,0.0,1.0,0.0,2.0,0.0,2.0,0.0,1.0,1.0,0.0,1.0,11.0,2.0,7.0,0.0,0.0,0.0,1.0,0.0,0.0,0.0,1.0,5.0,0.0,0.0,0.0,0.0,0.0,0.0,0.0,0.0,1.0,3.0,3.0,0.0,0.0,2.0,2.0,0.0,0.0,1.0,0.0,0.0,0.0,0.0,0.0,0.0,0.0,1.0,0.0,1.0,1.0,1.0,0.0,0.0,1.0,0.0,0.0,1.0,0.0,0.0,0.0,0.0,1.0,1.0,1.0,2.0,1.0,0.0,0.0,1.0,0.0,0.0,0.0,1.0,0.0,1.0,1.0,1.0,0.0,0.0,1.0,0.0,0.0,3.0,0.0,0.0,0.0,0.0,1.0,4.0,2.0,0.0,0.0,0.0,0.0,2.0,0.0,1.0,0.0,2.0,1.0,1.0,3.0,26.0,3.0,2.0,10.0,14.0,14.0,12.0,29.0
CHEMBL4106672,IC50,2.5,30.0,4.0,1.0,2.0,0.0,1.0,2.0,3.0,41.0,6.0,1.0,3.0,0.0,2.0,4.0,3.0,1.0,0.0,0.0,0.0,0.0,0.0,44.0,4.0,3.0,3.0,0.0,2.0,4.0,2.0,0.0,47.0,4.0,3.0,3.0,0.0,1.0,5.0,0.0,0.0,0.0,0.0,54.0,5.0,1.0,5.0,0.0,1.0,2.0,0.0,2.0,0.0,0.0,0.0,0.0,54.0,7.0,1.0,5.0,0.0,2.0,4.0,0.0,2.0,0.0,0.0,0.0,0.0,0.0,0.0,0.0,0.0,45.0,10.0,2.0,4.0,0.0,4.0,8.0,0.0,0.0,0.0,0.0,0.0,33.0,9.0,3.0,1.0,0.0,5.0,10.0,0.0,0.0,0.0,0.0,0.0,20.0,9.0,5.0,1.0,0.0,5.0,9.0,0.0,0.0,0.0,0.0,0.0,0.0,0.0,13.0,10.0,4.0,0.0,0.0,3.0,4.0,0.0,0.0,0.0,0.0,0.0,0.0,0.0,2.0,0.0,0.0,0.0,3.0,1.0,0.0,0.0,0.0,1.0,0.0,1.0,0.0,2.0,1.0,0.0,1.0,0.0,0.0,0.0,0.0,1.0,0.0,2.0,0.0,1.0,0.0,0.0,0.0,8.0,1.0,4.0,0.0,0.0,0.0,1.0,0.0,0.0,0.0,0.0,3.0,0.0,0.0,0.0,0.0,0.0,0.0,0.0,0.0,0.0,3.0,2.0,0.0,0.0,2.0,1.0,0.0,0.0,0.0,0.0,0.0,0.0,0.0,0.0,0.0,0.0,0.0,0.0,0.0,0.0,0.0,0.0,0.0,0.0,0.0,0.0,0.0,0.0,0.0,0.0,0.0,0.0,1.0,1.0,2.0,1.0,0.0,0.0,1.0,0.0,0.0,0.0,0.0,0.0,0.0,1.0,1.0,0.0,0.0,0.0,0.0,0.0,1.0,0.0,0.0,0.0,0.0,2.0,2.0,2.0,0.0,0.0,0.0,0.0,1.0,0.0,1.0,0.0,2.0,1.0,3.0,5.0,26.0,5.0,2.0,7.0,13.0,13.0,10.0,26.0
CHEMBL3943204,IC50,1.8,31.0,2.0,3.0,2.0,0.0,1.0,1.0,0.0,41.0,2.0,3.0,4.0,0.0,2.0,2.0,0.0,1.0,0.0,0.0,0.0,0.0,0.0,43.0,3.0,5.0,5.0,0.0,2.0,2.0,0.0,0.0,46.0,2.0,3.0,5.0,0.0,1.0,1.0,2.0,0.0,0.0,0.0,54.0,1.0,4.0,5.0,0.0,1.0,1.0,0.0,0.0,0.0,0.0,0.0,0.0,57.0,1.0,3.0,4.0,0.0,2.0,2.0,0.0,0.0,0.0,0.0,0.0,2.0,0.0,0.0,0.0,0.0,50.0,2.0,6.0,1.0,0.0,3.0,3.0,0.0,0.0,0.0,0.0,0.0,34.0,3.0,7.0,1.0,0.0,6.0,6.0,0.0,0.0,0.0,0.0,0.0,22.0,4.0,6.0,0.0,0.0,5.0,5.0,0.0,0.0,0.0,0.0,0.0,0.0,0.0,14.0,5.0,7.0,1.0,0.0,3.0,3.0,0.0,0.0,0.0,0.0,0.0,0.0,0.0,2.0,0.0,0.0,0.0,4.0,1.0,0.0,0.0,0.0,2.0,0.0,1.0,1.0,2.0,1.0,0.0,1.0,0.0,0.0,1.0,0.0,2.0,0.0,2.0,0.0,1.0,0.0,0.0,1.0,10.0,2.0,6.0,0.0,0.0,0.0,1.0,0.0,0.0,0.0,1.0,4.0,0.0,0.0,0.0,0.0,0.0,0.0,0.0,0.0,1.0,3.0,2.0,0.0,0.0,2.0,1.0,0.0,0.0,0.0,0.0,0.0,0.0,0.0,0.0,0.0,0.0,1.0,0.0,1.0,1.0,1.0,0.0,0.0,1.0,0.0,0.0,1.0,0.0,0.0,0.0,0.0,1.0,1.0,1.0,2.0,1.0,0.0,0.0,1.0,0.0,0.0,0.0,1.0,0.0,0.0,1.0,1.0,0.0,0.0,1.0,0.0,0.0,3.0,0.0,0.0,0.0,0.0,2.0,3.0,2.0,0.0,0.0,0.0,0.0,2.0,0.0,1.0,0.0,2.0,1.0,0.0,1.0,21.0,1.0,2.0,7.0,13.0,13.0,11.0,25.0
CHEMBL447684,IC50,13.0,30.0,7.0,5.0,0.0,4.0,0.0,4.0,0.0,40.0,7.0,5.0,0.0,5.0,0.0,5.0,1.0,3.0,0.0,0.0,3.0,3.0,3.0,36.0,12.0,8.0,0.0,8.0,0.0,8.0,0.0,1.0,31.0,12.0,9.0,0.0,8.0,0.0,8.0,2.0,1.0,1.0,0.0,35.0,9.0,11.0,0.0,4.0,0.0,4.0,0.0,0.0,3.0,0.0,3.0,1.0,36.0,9.0,10.0,0.0,3.0,0.0,3.0,0.0,0.0,1.0,0.0,1.0,2.0,1.0,0.0,0.0,0.0,41.0,4.0,8.0,0.0,2.0,0.0,2.0,1.0,1.0,3.0,3.0,0.0,38.0,7.0,10.0,0.0,9.0,0.0,9.0,0.0,0.0,0.0,0.0,0.0,37.0,5.0,7.0,0.0,13.0,0.0,13.0,1.0,2.0,0.0,0.0,1.0,0.0,0.0,33.0,6.0,7.0,0.0,15.0,0.0,15.0,0.0,1.0,0.0,0.0,0.0,0.0,0.0,1.0,0.0,0.0,1.0,6.0,1.0,1.0,0.0,0.0,3.0,2.0,1.0,0.0,0.0,2.0,0.0,2.0,0.0,0.0,2.0,1.0,3.0,0.0,2.0,0.0,0.0,4.0,0.0,2.0,13.0,3.0,7.0,0.0,0.0,0.0,0.0,0.0,0.0,0.0,1.0,5.0,0.0,0.0,0.0,0.0,0.0,0.0,0.0,0.0,1.0,1.0,3.0,0.0,0.0,1.0,2.0,0.0,0.0,1.0,0.0,0.0,0.0,0.0,0.0,0.0,0.0,1.0,0.0,1.0,1.0,1.0,0.0,0.0,1.0,0.0,0.0,1.0,0.0,0.0,0.0,0.0,3.0,0.0,0.0,5.0,2.0,0.0,0.0,2.0,3.0,0.0,1.0,2.0,0.0,4.0,3.0,3.0,0.0,0.0,1.0,0.0,1.0,5.0,0.0,0.0,0.0,1.0,0.0,4.0,0.0,3.0,1.0,0.0,0.0,2.0,0.0,1.0,0.0,2.0,0.0,0.0,0.0,18.0,0.0,4.0,12.0,15.0,15.0,13.0,28.0
CHEMBL453457,IC50,6.0,29.0,7.0,5.0,2.0,3.0,0.0,3.0,0.0,39.0,7.0,5.0,2.0,0.0,0.0,0.0,1.0,3.0,0.0,0.0,3.0,3.0,3.0,36.0,12.0,8.0,2.0,3.0,0.0,3.0,0.0,1.0,32.0,11.0,9.0,1.0,6.0,0.0,6.0,2.0,0.0,0.0,0.0,35.0,9.0,11.0,0.0,6.0,0.0,6.0,0.0,0.0,0.0,0.0,0.0,1.0,36.0,9.0,9.0,1.0,3.0,0.0,3.0,0.0,0.0,0.0,0.0,0.0,2.0,0.0,0.0,0.0,0.0,40.0,4.0,8.0,0.0,0.0,0.0,0.0,1.0,1.0,3.0,3.0,0.0,35.0,8.0,11.0,2.0,3.0,0.0,3.0,0.0,0.0,0.0,0.0,0.0,35.0,5.0,7.0,3.0,0.0,0.0,0.0,1.0,2.0,3.0,3.0,1.0,3.0,3.0,33.0,6.0,7.0,4.0,6.0,0.0,6.0,0.0,1.0,0.0,0.0,0.0,0.0,0.0,2.0,0.0,0.0,1.0,7.0,3.0,1.0,0.0,0.0,4.0,3.0,1.0,0.0,0.0,2.0,0.0,2.0,0.0,0.0,2.0,1.0,3.0,0.0,3.0,0.0,0.0,3.0,0.0,2.0,13.0,3.0,8.0,0.0,0.0,0.0,1.0,0.0,0.0,0.0,1.0,7.0,0.0,0.0,0.0,0.0,0.0,0.0,0.0,0.0,1.0,2.0,6.0,0.0,0.0,2.0,6.0,0.0,0.0,1.0,0.0,0.0,0.0,0.0,0.0,0.0,0.0,1.0,0.0,1.0,1.0,1.0,0.0,0.0,1.0,0.0,0.0,1.0,0.0,0.0,0.0,0.0,3.0,0.0,0.0,5.0,2.0,0.0,0.0,2.0,3.0,0.0,1.0,2.0,0.0,3.0,3.0,3.0,0.0,0.0,1.0,0.0,1.0,5.0,0.0,0.0,0.0,1.0,0.0,5.0,1.0,3.0,1.0,3.0,3.0,2.0,0.0,1.0,0.0,2.0,0.0,0.0,0.0,18.0,0.0,2.0,14.0,17.0,17.0,14.0,27.0
CHEMBL3937819,IC50,11.8,31.0,2.0,3.0,2.0,2.0,1.0,4.0,0.0,42.0,2.0,3.0,3.0,4.0,2.0,8.0,0.0,1.0,0.0,0.0,1.0,1.0,1.0,44.0,3.0,5.0,3.0,0.0,2.0,4.0,0.0,0.0,48.0,2.0,3.0,3.0,2.0,1.0,7.0,2.0,0.0,0.0,0.0,55.0,1.0,4.0,5.0,2.0,1.0,4.0,0.0,0.0,0.0,0.0,0.0,0.0,56.0,1.0,3.0,5.0,4.0,2.0,8.0,0.0,0.0,0.0,0.0,0.0,2.0,0.0,0.0,0.0,0.0,47.0,2.0,6.0,4.0,4.0,4.0,12.0,0.0,0.0,0.0,0.0,0.0,34.0,3.0,7.0,1.0,2.0,5.0,12.0,0.0,0.0,0.0,0.0,0.0,21.0,5.0,7.0,1.0,2.0,5.0,11.0,0.0,0.0,0.0,0.0,0.0,0.0,0.0,15.0,4.0,6.0,0.0,4.0,3.0,8.0,0.0,0.0,0.0,0.0,0.0,0.0,0.0,2.0,0.0,0.0,0.0,3.0,1.0,0.0,0.0,0.0,1.0,0.0,1.0,0.0,2.0,1.0,0.0,1.0,0.0,0.0,1.0,1.0,2.0,0.0,2.0,0.0,1.0,2.0,0.0,1.0,10.0,2.0,6.0,0.0,0.0,0.0,1.0,0.0,0.0,0.0,1.0,4.0,0.0,0.0,0.0,0.0,0.0,0.0,0.0,0.0,1.0,3.0,2.0,0.0,0.0,2.0,1.0,0.0,0.0,0.0,0.0,0.0,0.0,0.0,0.0,0.0,0.0,1.0,0.0,1.0,1.0,1.0,0.0,0.0,1.0,0.0,0.0,1.0,0.0,0.0,0.0,0.0,1.0,1.0,1.0,2.0,1.0,0.0,0.0,1.0,0.0,0.0,0.0,1.0,0.0,2.0,1.0,1.0,0.0,0.0,1.0,0.0,0.0,3.0,0.0,0.0,0.0,0.0,2.0,2.0,2.0,2.0,0.0,0.0,0.0,2.0,0.0,1.0,0.0,2.0,1.0,0.0,1.0,21.0,1.0,2.0,7.0,12.0,12.0,11.0,26.0
CHEMBL501392,IC50,119.0,28.0,4.0,6.0,2.0,6.0,0.0,6.0,0.0,38.0,5.0,7.0,2.0,3.0,0.0,3.0,0.0,1.0,3.0,3.0,6.0,6.0,6.0,36.0,7.0,7.0,3.0,9.0,0.0,9.0,0.0,1.0,32.0,7.0,5.0,5.0,12.0,0.0,12.0,2.0,0.0,0.0,0.0,34.0,6.0,6.0,6.0,9.0,0.0,9.0,0.0,0.0,0.0,0.0,0.0,1.0,37.0,5.0,7.0,4.0,6.0,0.0,6.0,0.0,0.0,0.0,0.0,0.0,2.0,0.0,0.0,0.0,0.0,38.0,2.0,8.0,2.0,6.0,0.0,6.0,0.0,1.0,3.0,3.0,0.0,32.0,4.0,11.0,2.0,9.0,0.0,9.0,0.0,0.0,0.0,0.0,0.0,33.0,2.0,8.0,0.0,6.0,0.0,6.0,1.0,1.0,3.0,3.0,0.0,0.0,0.0,25.0,5.0,10.0,1.0,18.0,0.0,18.0,0.0,0.0,0.0,0.0,0.0,0.0,0.0,2.0,0.0,0.0,1.0,2.0,2.0,1.0,0.0,0.0,0.0,0.0,1.0,0.0,0.0,1.0,0.0,1.0,0.0,0.0,2.0,2.0,2.0,0.0,3.0,0.0,0.0,6.0,1.0,2.0,8.0,2.0,3.0,0.0,0.0,0.0,0.0,0.0,0.0,0.0,1.0,1.0,0.0,0.0,0.0,0.0,0.0,0.0,0.0,0.0,1.0,2.0,0.0,0.0,0.0,0.0,0.0,0.0,0.0,0.0,0.0,0.0,0.0,0.0,0.0,0.0,0.0,1.0,0.0,1.0,1.0,1.0,0.0,0.0,1.0,0.0,0.0,1.0,0.0,0.0,0.0,0.0,3.0,0.0,0.0,2.0,1.0,0.0,0.0,1.0,0.0,0.0,1.0,3.0,1.0,6.0,1.0,1.0,0.0,0.0,1.0,0.0,1.0,5.0,0.0,0.0,3.0,1.0,0.0,1.0,1.0,6.0,1.0,3.0,3.0,2.0,0.0,1.0,0.0,2.0,0.0,1.0,2.0,23.0,2.0,2.0,12.0,10.0,10.0,12.0,28.0
CHEMBL3238220,IC50,7.0,34.0,9.0,2.0,0.0,3.0,0.0,3.0,3.0,49.0,15.0,2.0,0.0,3.0,0.0,3.0,4.0,2.0,0.0,0.0,3.0,3.0,3.0,48.0,15.0,6.0,0.0,6.0,0.0,6.0,2.0,1.0,47.0,15.0,9.0,0.0,6.0,0.0,6.0,0.0,0.0,0.0,0.0,52.0,17.0,8.0,0.0,3.0,0.0,3.0,0.0,2.0,0.0,0.0,0.0,0.0,61.0,19.0,6.0,0.0,3.0,0.0,3.0,0.0,2.0,0.0,0.0,0.0,0.0,0.0,0.0,0.0,0.0,68.0,14.0,7.0,0.0,3.0,0.0,3.0,1.0,1.0,3.0,3.0,0.0,59.0,11.0,7.0,0.0,3.0,0.0,3.0,0.0,0.0,3.0,3.0,0.0,56.0,9.0,4.0,0.0,9.0,0.0,9.0,1.0,2.0,0.0,0.0,1.0,0.0,0.0,45.0,11.0,7.0,0.0,12.0,0.0,12.0,2.0,0.0,0.0,0.0,0.0,0.0,0.0,2.0,0.0,0.0,0.0,7.0,3.0,0.0,0.0,0.0,3.0,0.0,1.0,0.0,6.0,1.0,0.0,1.0,0.0,0.0,0.0,4.0,2.0,0.0,2.0,0.0,0.0,3.0,0.0,0.0,22.0,2.0,17.0,1.0,0.0,9.0,0.0,2.0,1.0,0.0,1.0,22.0,0.0,0.0,0.0,3.0,14.0,7.0,4.0,2.0,0.0,2.0,18.0,0.0,0.0,1.0,17.0,0.0,0.0,9.0,6.0,7.0,3.0,7.0,11.0,5.0,3.0,5.0,3.0,3.0,0.0,6.0,4.0,5.0,8.0,3.0,0.0,3.0,5.0,0.0,0.0,0.0,0.0,0.0,0.0,6.0,4.0,2.0,2.0,3.0,0.0,0.0,0.0,0.0,0.0,3.0,3.0,2.0,0.0,0.0,0.0,0.0,0.0,2.0,0.0,0.0,0.0,0.0,6.0,6.0,1.0,3.0,0.0,0.0,0.0,2.0,0.0,1.0,0.0,2.0,0.0,3.0,4.0,17.0,6.0,5.0,11.0,23.0,23.0,12.0,25.0
CHEMBL362169,IC50,870.0,19.0,3.0,2.0,2.0,0.0,0.0,0.0,0.0,27.0,3.0,2.0,3.0,0.0,0.0,0.0,0.0,2.0,0.0,0.0,0.0,0.0,0.0,26.0,7.0,5.0,4.0,0.0,0.0,0.0,0.0,0.0,21.0,6.0,5.0,3.0,0.0,0.0,0.0,1.0,0.0,0.0,0.0,17.0,5.0,6.0,5.0,0.0,0.0,0.0,0.0,0.0,0.0,0.0,0.0,0.0,20.0,3.0,4.0,3.0,0.0,0.0,0.0,0.0,1.0,0.0,0.0,0.0,1.0,0.0,0.0,0.0,0.0,18.0,6.0,5.0,0.0,0.0,0.0,0.0,0.0,0.0,0.0,0.0,0.0,13.0,6.0,6.0,0.0,0.0,0.0,0.0,0.0,0.0,0.0,0.0,0.0,10.0,1.0,4.0,0.0,0.0,0.0,0.0,0.0,0.0,0.0,0.0,0.0,0.0,0.0,9.0,0.0,1.0,0.0,0.0,0.0,0.0,0.0,0.0,0.0,0.0,0.0,0.0,0.0,2.0,0.0,0.0,1.0,6.0,4.0,2.0,2.0,0.0,1.0,0.0,0.0,0.0,5.0,1.0,0.0,1.0,1.0,1.0,0.0,1.0,2.0,1.0,0.0,0.0,0.0,0.0,0.0,0.0,16.0,2.0,13.0,1.0,0.0,6.0,0.0,0.0,0.0,0.0,1.0,16.0,2.0,0.0,0.0,3.0,15.0,8.0,0.0,0.0,2.0,0.0,15.0,2.0,2.0,0.0,6.0,0.0,0.0,1.0,0.0,0.0,0.0,0.0,0.0,2.0,0.0,2.0,0.0,0.0,0.0,1.0,0.0,0.0,0.0,0.0,0.0,0.0,0.0,0.0,0.0,0.0,0.0,0.0,0.0,2.0,0.0,0.0,0.0,0.0,0.0,0.0,0.0,0.0,0.0,0.0,2.0,2.0,0.0,0.0,0.0,0.0,0.0,2.0,0.0,0.0,0.0,0.0,5.0,6.0,2.0,0.0,0.0,0.0,0.0,2.0,1.0,1.0,0.0,2.0,0.0,0.0,1.0,5.0,1.0,2.0,7.0,18.0,18.0,8.0,10.0
CHEMBL181669,IC50,3820.0,21.0,6.0,1.0,2.0,0.0,0.0,0.0,0.0,29.0,6.0,1.0,3.0,0.0,0.0,0.0,0.0,1.0,0.0,0.0,0.0,0.0,0.0,26.0,11.0,3.0,4.0,0.0,0.0,0.0,0.0,0.0,23.0,9.0,3.0,2.0,0.0,0.0,0.0,0.0,0.0,0.0,0.0,22.0,8.0,3.0,4.0,0.0,0.0,0.0,0.0,0.0,0.0,0.0,0.0,0.0,27.0,3.0,2.0,3.0,0.0,0.0,0.0,1.0,1.0,0.0,0.0,0.0,0.0,0.0,0.0,0.0,0.0,24.0,5.0,2.0,2.0,0.0,0.0,0.0,1.0,0.0,0.0,0.0,0.0,19.0,6.0,0.0,2.0,0.0,0.0,0.0,0.0,1.0,0.0,0.0,0.0,14.0,5.0,2.0,1.0,0.0,0.0,0.0,0.0,0.0,0.0,0.0,0.0,0.0,0.0,11.0,6.0,1.0,0.0,0.0,0.0,0.0,0.0,0.0,0.0,0.0,0.0,0.0,0.0,2.0,0.0,0.0,1.0,6.0,4.0,2.0,2.0,0.0,1.0,0.0,0.0,0.0,3.0,1.0,0.0,1.0,1.0,0.0,0.0,0.0,1.0,0.0,0.0,0.0,0.0,0.0,0.0,0.0,13.0,1.0,8.0,1.0,0.0,1.0,0.0,1.0,0.0,0.0,1.0,7.0,2.0,0.0,0.0,0.0,2.0,1.0,1.0,0.0,2.0,0.0,5.0,2.0,2.0,0.0,1.0,0.0,0.0,0.0,0.0,0.0,0.0,0.0,0.0,2.0,0.0,3.0,1.0,0.0,0.0,3.0,2.0,0.0,4.0,0.0,0.0,0.0,0.0,0.0,0.0,0.0,0.0,0.0,0.0,4.0,3.0,0.0,2.0,0.0,0.0,0.0,0.0,0.0,0.0,0.0,3.0,1.0,0.0,0.0,0.0,0.0,0.0,1.0,0.0,0.0,0.0,0.0,2.0,5.0,1.0,0.0,0.0,0.0,0.0,1.0,0.0,1.0,0.0,0.0,0.0,0.0,1.0,11.0,1.0,0.0,9.0,16.0,16.0,8.0,15.0
CHEMBL106320,IC50,43000.0,17.0,2.0,4.0,0.0,0.0,0.0,0.0,1.0,22.0,4.0,5.0,0.0,0.0,0.0,0.0,0.0,1.0,0.0,0.0,0.0,0.0,0.0,19.0,6.0,6.0,0.0,0.0,0.0,0.0,0.0,1.0,11.0,8.0,7.0,0.0,0.0,0.0,0.0,0.0,0.0,0.0,0.0,10.0,6.0,3.0,0.0,0.0,0.0,0.0,0.0,1.0,0.0,0.0,0.0,1.0,10.0,4.0,3.0,0.0,0.0,0.0,0.0,0.0,2.0,0.0,0.0,0.0,1.0,0.0,0.0,0.0,0.0,10.0,4.0,3.0,0.0,0.0,0.0,0.0,0.0,1.0,0.0,0.0,0.0,12.0,2.0,3.0,0.0,0.0,0.0,0.0,0.0,0.0,0.0,0.0,0.0,12.0,0.0,4.0,0.0,0.0,0.0,0.0,0.0,0.0,0.0,0.0,0.0,0.0,0.0,10.0,0.0,6.0,0.0,0.0,0.0,0.0,0.0,0.0,0.0,0.0,0.0,0.0,0.0,1.0,1.0,0.0,0.0,0.0,0.0,0.0,0.0,0.0,0.0,0.0,0.0,0.0,3.0,1.0,0.0,1.0,0.0,0.0,1.0,0.0,1.0,0.0,1.0,1.0,0.0,0.0,1.0,1.0,6.0,1.0,2.0,0.0,0.0,0.0,1.0,0.0,0.0,0.0,0.0,1.0,0.0,0.0,0.0,0.0,0.0,0.0,0.0,0.0,0.0,2.0,0.0,0.0,0.0,0.0,0.0,0.0,0.0,0.0,0.0,0.0,0.0,0.0,0.0,0.0,0.0,0.0,0.0,0.0,0.0,0.0,0.0,0.0,0.0,0.0,0.0,0.0,0.0,0.0,0.0,0.0,0.0,0.0,0.0,1.0,0.0,0.0,0.0,0.0,0.0,0.0,0.0,1.0,1.0,0.0,2.0,1.0,0.0,0.0,0.0,0.0,0.0,3.0,0.0,0.0,0.0,0.0,2.0,0.0,1.0,0.0,0.0,0.0,0.0,2.0,0.0,0.0,0.0,2.0,0.0,0.0,0.0,12.0,0.0,4.0,6.0,8.0,8.0,6.0,16.0
CHEMBL1644186,IC50,120.0,25.0,7.0,3.0,0.0,3.0,2.0,5.0,4.0,32.0,14.0,3.0,0.0,0.0,4.0,4.0,3.0,1.0,3.0,3.0,3.0,3.0,3.0,31.0,13.0,5.0,0.0,3.0,4.0,7.0,2.0,0.0,26.0,16.0,4.0,0.0,6.0,4.0,10.0,0.0,0.0,0.0,0.0,31.0,14.0,2.0,0.0,6.0,2.0,8.0,0.0,2.0,0.0,2.0,2.0,0.0,34.0,11.0,2.0,0.0,3.0,2.0,5.0,0.0,3.0,0.0,2.0,2.0,0.0,0.0,0.0,0.0,0.0,35.0,10.0,2.0,0.0,3.0,4.0,7.0,1.0,2.0,0.0,0.0,0.0,32.0,9.0,3.0,0.0,3.0,6.0,9.0,1.0,1.0,3.0,3.0,0.0,22.0,9.0,7.0,0.0,6.0,8.0,14.0,0.0,0.0,3.0,3.0,0.0,0.0,0.0,18.0,6.0,7.0,0.0,6.0,6.0,12.0,2.0,0.0,0.0,0.0,0.0,0.0,0.0,0.0,0.0,0.0,0.0,2.0,0.0,0.0,0.0,0.0,0.0,0.0,1.0,0.0,0.0,1.0,0.0,1.0,0.0,0.0,0.0,1.0,1.0,0.0,2.0,0.0,2.0,3.0,1.0,0.0,4.0,1.0,0.0,0.0,0.0,0.0,0.0,0.0,0.0,0.0,0.0,0.0,0.0,0.0,0.0,0.0,0.0,0.0,0.0,0.0,0.0,0.0,0.0,0.0,0.0,0.0,0.0,0.0,0.0,0.0,0.0,0.0,0.0,0.0,0.0,0.0,0.0,0.0,0.0,0.0,0.0,0.0,0.0,0.0,0.0,0.0,0.0,0.0,0.0,0.0,0.0,0.0,0.0,2.0,2.0,2.0,1.0,0.0,0.0,1.0,0.0,0.0,0.0,1.0,1.0,3.0,1.0,1.0,0.0,0.0,0.0,0.0,0.0,2.0,0.0,0.0,3.0,0.0,0.0,0.0,0.0,3.0,0.0,3.0,3.0,1.0,0.0,1.0,0.0,2.0,2.0,4.0,6.0,28.0,6.0,2.0,10.0,7.0,7.0,8.0,27.0
CHEMBL1922921,IC50,17.0,31.0,5.0,4.0,0.0,3.0,1.0,4.0,0.0,40.0,8.0,5.0,0.0,3.0,2.0,5.0,0.0,1.0,0.0,0.0,3.0,3.0,3.0,41.0,8.0,8.0,0.0,6.0,2.0,8.0,0.0,1.0,42.0,7.0,8.0,0.0,6.0,2.0,8.0,2.0,0.0,0.0,0.0,48.0,3.0,11.0,0.0,3.0,1.0,4.0,0.0,0.0,3.0,1.0,4.0,0.0,49.0,4.0,9.0,0.0,6.0,2.0,8.0,0.0,0.0,0.0,0.0,0.0,2.0,0.0,0.0,0.0,0.0,45.0,3.0,8.0,0.0,12.0,3.0,15.0,0.0,0.0,0.0,0.0,0.0,39.0,3.0,7.0,0.0,9.0,4.0,13.0,0.0,0.0,0.0,0.0,0.0,33.0,3.0,4.0,0.0,9.0,4.0,13.0,0.0,1.0,0.0,0.0,1.0,0.0,0.0,26.0,2.0,5.0,0.0,6.0,3.0,9.0,1.0,1.0,0.0,0.0,0.0,0.0,0.0,1.0,0.0,0.0,1.0,5.0,2.0,2.0,0.0,0.0,2.0,0.0,1.0,1.0,1.0,1.0,0.0,1.0,0.0,0.0,1.0,1.0,3.0,0.0,1.0,1.0,1.0,3.0,0.0,1.0,11.0,3.0,7.0,0.0,0.0,1.0,0.0,0.0,0.0,0.0,2.0,6.0,0.0,0.0,0.0,0.0,1.0,0.0,0.0,0.0,3.0,1.0,3.0,0.0,1.0,2.0,2.0,0.0,1.0,0.0,0.0,0.0,0.0,0.0,0.0,0.0,0.0,1.0,0.0,1.0,1.0,1.0,0.0,0.0,1.0,0.0,0.0,1.0,0.0,0.0,0.0,0.0,1.0,1.0,1.0,2.0,1.0,0.0,0.0,1.0,0.0,0.0,0.0,1.0,0.0,3.0,1.0,1.0,0.0,0.0,1.0,0.0,0.0,4.0,1.0,0.0,0.0,0.0,1.0,4.0,1.0,3.0,0.0,0.0,0.0,2.0,0.0,1.0,0.0,3.0,1.0,0.0,1.0,21.0,1.0,4.0,9.0,11.0,11.0,12.0,27.0
CHEMBL3616687,IC50,1.9,36.0,5.0,7.0,0.0,3.0,0.0,3.0,1.0,48.0,11.0,7.0,0.0,3.0,0.0,3.0,0.0,1.0,0.0,0.0,3.0,3.0,3.0,50.0,15.0,10.0,0.0,6.0,0.0,6.0,0.0,0.0,51.0,16.0,6.0,0.0,6.0,0.0,6.0,3.0,0.0,0.0,0.0,57.0,14.0,8.0,0.0,6.0,0.0,6.0,0.0,1.0,0.0,0.0,0.0,0.0,64.0,11.0,8.0,0.0,3.0,0.0,3.0,0.0,0.0,3.0,0.0,3.0,2.0,3.0,0.0,0.0,0.0,66.0,5.0,10.0,0.0,9.0,0.0,9.0,1.0,1.0,3.0,3.0,0.0,63.0,4.0,11.0,0.0,9.0,0.0,9.0,1.0,2.0,0.0,0.0,0.0,58.0,7.0,13.0,0.0,9.0,0.0,9.0,0.0,1.0,0.0,0.0,0.0,0.0,0.0,51.0,7.0,13.0,0.0,12.0,0.0,12.0,0.0,0.0,0.0,0.0,0.0,0.0,0.0,1.0,0.0,0.0,0.0,5.0,1.0,0.0,0.0,0.0,3.0,1.0,1.0,1.0,3.0,1.0,0.0,1.0,0.0,0.0,1.0,1.0,2.0,0.0,2.0,2.0,0.0,3.0,2.0,1.0,12.0,2.0,6.0,0.0,0.0,0.0,0.0,0.0,0.0,0.0,1.0,4.0,0.0,0.0,0.0,0.0,0.0,0.0,0.0,0.0,1.0,1.0,2.0,0.0,0.0,1.0,1.0,0.0,0.0,0.0,0.0,0.0,0.0,0.0,0.0,0.0,0.0,1.0,0.0,1.0,1.0,1.0,0.0,0.0,1.0,0.0,0.0,1.0,0.0,0.0,0.0,0.0,1.0,0.0,0.0,2.0,1.0,0.0,0.0,1.0,0.0,0.0,0.0,3.0,2.0,3.0,1.0,1.0,0.0,0.0,1.0,0.0,0.0,5.0,0.0,0.0,0.0,0.0,1.0,4.0,0.0,3.0,0.0,0.0,0.0,2.0,0.0,1.0,0.0,2.0,0.0,1.0,2.0,27.0,2.0,2.0,12.0,13.0,13.0,13.0,31.0
CHEMBL356089,IC50,150.0,24.0,2.0,1.0,0.0,1.0,0.0,1.0,0.0,31.0,4.0,2.0,0.0,2.0,0.0,2.0,0.0,0.0,0.0,0.0,0.0,0.0,0.0,34.0,7.0,2.0,0.0,2.0,0.0,2.0,0.0,0.0,43.0,3.0,3.0,0.0,1.0,0.0,1.0,1.0,0.0,0.0,0.0,46.0,3.0,6.0,0.0,1.0,0.0,1.0,0.0,0.0,0.0,0.0,0.0,0.0,42.0,3.0,4.0,0.0,2.0,0.0,2.0,0.0,0.0,0.0,0.0,0.0,0.0,0.0,0.0,0.0,0.0,29.0,2.0,4.0,0.0,4.0,0.0,4.0,0.0,0.0,0.0,0.0,0.0,17.0,0.0,1.0,0.0,4.0,0.0,4.0,0.0,0.0,1.0,1.0,0.0,7.0,0.0,1.0,0.0,5.0,0.0,5.0,0.0,0.0,0.0,0.0,0.0,0.0,0.0,3.0,0.0,0.0,0.0,1.0,0.0,1.0,0.0,0.0,0.0,0.0,0.0,0.0,0.0,3.0,3.0,0.0,0.0,4.0,0.0,0.0,0.0,0.0,3.0,2.0,0.0,0.0,6.0,0.0,0.0,0.0,0.0,0.0,1.0,0.0,0.0,0.0,1.0,0.0,0.0,1.0,0.0,1.0,13.0,0.0,9.0,0.0,0.0,0.0,0.0,0.0,0.0,0.0,0.0,5.0,0.0,0.0,0.0,0.0,0.0,0.0,0.0,0.0,0.0,0.0,2.0,0.0,0.0,0.0,1.0,0.0,0.0,0.0,0.0,0.0,0.0,0.0,0.0,0.0,0.0,0.0,0.0,0.0,0.0,0.0,0.0,0.0,0.0,0.0,0.0,0.0,0.0,0.0,0.0,0.0,1.0,0.0,0.0,0.0,0.0,0.0,0.0,0.0,0.0,0.0,0.0,1.0,0.0,1.0,0.0,0.0,0.0,0.0,0.0,0.0,0.0,1.0,0.0,0.0,0.0,0.0,6.0,4.0,2.0,0.0,1.0,0.0,0.0,0.0,0.0,0.0,0.0,0.0,0.0,1.0,1.0,12.0,1.0,0.0,3.0,14.0,14.0,7.0,14.0
CHEMBL160627,IC50,320.63,16.0,4.0,0.0,0.0,1.0,0.0,1.0,0.0,21.0,6.0,0.0,0.0,2.0,0.0,2.0,0.0,0.0,0.0,0.0,0.0,0.0,0.0,21.0,4.0,0.0,0.0,2.0,0.0,2.0,0.0,0.0,19.0,5.0,0.0,0.0,1.0,0.0,1.0,0.0,0.0,0.0,0.0,20.0,3.0,0.0,0.0,1.0,0.0,1.0,1.0,0.0,0.0,0.0,0.0,0.0,14.0,4.0,0.0,0.0,2.0,0.0,2.0,0.0,0.0,0.0,0.0,0.0,0.0,0.0,0.0,0.0,0.0,7.0,3.0,0.0,0.0,2.0,0.0,2.0,0.0,0.0,1.0,1.0,0.0,2.0,2.0,0.0,0.0,3.0,0.0,3.0,0.0,0.0,0.0,0.0,0.0,0.0,1.0,0.0,0.0,2.0,0.0,2.0,0.0,0.0,0.0,0.0,0.0,0.0,0.0,0.0,0.0,0.0,0.0,0.0,0.0,0.0,0.0,0.0,1.0,1.0,0.0,0.0,0.0,0.0,0.0,0.0,0.0,0.0,0.0,0.0,0.0,0.0,0.0,0.0,0.0,0.0,1.0,0.0,0.0,0.0,0.0,0.0,0.0,0.0,0.0,0.0,1.0,0.0,0.0,1.0,0.0,0.0,1.0,0.0,0.0,0.0,0.0,0.0,0.0,0.0,0.0,0.0,0.0,0.0,0.0,0.0,0.0,0.0,0.0,0.0,0.0,0.0,0.0,0.0,0.0,0.0,0.0,0.0,0.0,0.0,0.0,0.0,0.0,0.0,0.0,0.0,0.0,0.0,0.0,0.0,0.0,0.0,0.0,0.0,0.0,0.0,0.0,0.0,0.0,0.0,0.0,0.0,0.0,0.0,0.0,0.0,0.0,0.0,0.0,0.0,0.0,0.0,0.0,0.0,0.0,0.0,0.0,1.0,0.0,0.0,0.0,0.0,0.0,0.0,0.0,0.0,0.0,0.0,0.0,0.0,1.0,0.0,0.0,0.0,0.0,0.0,0.0,0.0,0.0,0.0,0.0,0.0,0.0,1.0,2.0,17.0,2.0,0.0,4.0,3.0,3.0,0.0,16.0
CHEMBL161505,IC50,160.0,24.0,5.0,5.0,0.0,0.0,1.0,1.0,1.0,32.0,8.0,8.0,0.0,0.0,2.0,2.0,1.0,2.0,0.0,0.0,0.0,0.0,0.0,26.0,10.0,11.0,0.0,0.0,2.0,2.0,0.0,3.0,21.0,14.0,8.0,0.0,0.0,2.0,2.0,0.0,0.0,0.0,1.0,18.0,13.0,7.0,0.0,0.0,0.0,0.0,0.0,0.0,0.0,1.0,1.0,0.0,17.0,11.0,7.0,0.0,0.0,0.0,0.0,0.0,2.0,0.0,1.0,1.0,1.0,0.0,0.0,0.0,0.0,23.0,8.0,6.0,0.0,0.0,1.0,1.0,0.0,2.0,0.0,0.0,0.0,27.0,6.0,8.0,0.0,0.0,1.0,1.0,0.0,0.0,0.0,0.0,0.0,30.0,1.0,5.0,0.0,0.0,2.0,2.0,2.0,0.0,0.0,0.0,1.0,0.0,0.0,24.0,1.0,5.0,0.0,0.0,3.0,3.0,2.0,1.0,0.0,0.0,0.0,0.0,0.0,0.0,0.0,0.0,0.0,1.0,0.0,0.0,0.0,0.0,0.0,0.0,0.0,0.0,3.0,1.0,0.0,1.0,0.0,0.0,1.0,1.0,1.0,0.0,0.0,1.0,1.0,0.0,1.0,1.0,7.0,1.0,3.0,0.0,0.0,1.0,0.0,0.0,0.0,0.0,0.0,3.0,0.0,0.0,0.0,0.0,0.0,0.0,0.0,0.0,0.0,0.0,0.0,0.0,0.0,0.0,0.0,0.0,0.0,0.0,0.0,0.0,0.0,0.0,0.0,0.0,0.0,0.0,0.0,0.0,0.0,0.0,0.0,0.0,0.0,0.0,0.0,0.0,0.0,0.0,0.0,0.0,0.0,1.0,1.0,1.0,0.0,0.0,0.0,0.0,0.0,0.0,0.0,1.0,1.0,0.0,2.0,1.0,0.0,0.0,0.0,0.0,0.0,3.0,0.0,0.0,0.0,0.0,3.0,0.0,0.0,0.0,0.0,0.0,0.0,2.0,0.0,0.0,0.0,2.0,1.0,2.0,3.0,21.0,3.0,4.0,10.0,9.0,9.0,8.0,22.0
CHEMBL160652,IC50,1500.0,24.0,2.0,4.0,0.0,0.0,1.0,1.0,1.0,30.0,4.0,6.0,0.0,0.0,2.0,2.0,0.0,1.0,0.0,0.0,0.0,0.0,0.0,25.0,6.0,8.0,0.0,0.0,2.0,2.0,0.0,1.0,16.0,8.0,7.0,0.0,0.0,2.0,2.0,0.0,0.0,0.0,0.0,17.0,6.0,5.0,0.0,0.0,0.0,0.0,0.0,0.0,0.0,1.0,1.0,0.0,21.0,2.0,3.0,0.0,0.0,0.0,0.0,0.0,2.0,0.0,1.0,1.0,1.0,0.0,0.0,0.0,0.0,20.0,1.0,4.0,0.0,0.0,1.0,1.0,0.0,2.0,0.0,0.0,0.0,20.0,2.0,3.0,0.0,0.0,1.0,1.0,0.0,0.0,0.0,0.0,0.0,18.0,3.0,2.0,0.0,0.0,2.0,2.0,0.0,0.0,0.0,0.0,1.0,0.0,0.0,12.0,4.0,5.0,0.0,0.0,2.0,2.0,0.0,0.0,0.0,0.0,0.0,0.0,0.0,1.0,1.0,0.0,0.0,1.0,0.0,0.0,0.0,0.0,0.0,0.0,0.0,0.0,2.0,1.0,0.0,1.0,0.0,0.0,1.0,0.0,1.0,0.0,2.0,1.0,1.0,0.0,1.0,1.0,6.0,1.0,2.0,0.0,0.0,0.0,1.0,0.0,0.0,0.0,0.0,1.0,0.0,0.0,0.0,0.0,0.0,0.0,0.0,0.0,0.0,2.0,0.0,0.0,0.0,0.0,0.0,0.0,0.0,0.0,0.0,0.0,0.0,0.0,0.0,0.0,0.0,0.0,0.0,0.0,0.0,0.0,0.0,0.0,0.0,0.0,0.0,0.0,0.0,0.0,0.0,0.0,0.0,1.0,1.0,1.0,0.0,0.0,0.0,0.0,0.0,0.0,0.0,1.0,1.0,0.0,2.0,1.0,0.0,0.0,0.0,0.0,0.0,3.0,0.0,0.0,0.0,0.0,2.0,0.0,1.0,0.0,0.0,0.0,0.0,2.0,0.0,0.0,0.0,2.0,1.0,0.0,0.0,18.0,0.0,4.0,6.0,9.0,9.0,8.0,22.0
CHEMBL278041,IC50,80.17,20.0,6.0,1.0,0.0,1.0,0.0,1.0,0.0,26.0,8.0,2.0,0.0,2.0,0.0,2.0,1.0,0.0,0.0,0.0,0.0,0.0,0.0,23.0,11.0,2.0,0.0,2.0,0.0,2.0,0.0,0.0,20.0,13.0,1.0,0.0,1.0,0.0,1.0,0.0,0.0,0.0,0.0,25.0,8.0,1.0,0.0,1.0,0.0,1.0,1.0,0.0,0.0,0.0,0.0,0.0,28.0,3.0,0.0,0.0,1.0,0.0,1.0,1.0,2.0,1.0,0.0,1.0,0.0,0.0,0.0,0.0,0.0,25.0,3.0,2.0,0.0,2.0,0.0,2.0,0.0,0.0,1.0,1.0,0.0,16.0,4.0,2.0,0.0,3.0,0.0,3.0,0.0,0.0,0.0,0.0,0.0,6.0,3.0,4.0,0.0,4.0,0.0,4.0,0.0,0.0,0.0,0.0,0.0,0.0,0.0,1.0,1.0,4.0,0.0,2.0,0.0,2.0,0.0,0.0,1.0,1.0,0.0,0.0,0.0,0.0,0.0,0.0,0.0,0.0,0.0,0.0,0.0,0.0,0.0,0.0,0.0,0.0,0.0,0.0,0.0,0.0,0.0,0.0,1.0,0.0,0.0,0.0,2.0,0.0,0.0,1.0,0.0,1.0,0.0,0.0,0.0,0.0,0.0,0.0,0.0,0.0,0.0,0.0,0.0,0.0,0.0,0.0,0.0,0.0,0.0,0.0,0.0,0.0,0.0,0.0,0.0,0.0,0.0,0.0,0.0,0.0,0.0,0.0,0.0,0.0,0.0,0.0,0.0,0.0,0.0,0.0,0.0,0.0,0.0,0.0,0.0,0.0,0.0,0.0,0.0,0.0,0.0,0.0,0.0,0.0,0.0,0.0,0.0,0.0,0.0,0.0,0.0,0.0,0.0,0.0,0.0,0.0,0.0,1.0,0.0,0.0,0.0,0.0,0.0,0.0,0.0,1.0,0.0,0.0,0.0,0.0,0.0,0.0,0.0,0.0,0.0,0.0,0.0,0.0,0.0,0.0,0.0,0.0,0.0,2.0,3.0,23.0,3.0,0.0,7.0,3.0,3.0,0.0,21.0
CHEMBL87365,IC50,90.16,20.0,6.0,0.0,0.0,1.0,0.0,2.0,0.0,26.0,8.0,0.0,0.0,2.0,0.0,4.0,1.0,0.0,0.0,0.0,0.0,0.0,0.0,23.0,11.0,0.0,0.0,2.0,0.0,5.0,0.0,0.0,20.0,13.0,0.0,0.0,1.0,0.0,2.0,0.0,0.0,2.0,0.0,25.0,8.0,0.0,0.0,1.0,0.0,3.0,1.0,0.0,0.0,0.0,0.0,0.0,28.0,3.0,0.0,0.0,1.0,0.0,3.0,1.0,0.0,1.0,0.0,1.0,0.0,0.0,0.0,0.0,0.0,25.0,3.0,0.0,0.0,2.0,0.0,6.0,0.0,0.0,1.0,1.0,0.0,16.0,4.0,0.0,0.0,3.0,0.0,7.0,0.0,0.0,0.0,0.0,0.0,6.0,3.0,0.0,0.0,4.0,0.0,5.0,0.0,0.0,0.0,1.0,0.0,0.0,0.0,1.0,1.0,0.0,0.0,2.0,0.0,2.0,0.0,0.0,1.0,1.0,0.0,0.0,0.0,0.0,0.0,0.0,0.0,0.0,0.0,0.0,0.0,0.0,0.0,0.0,0.0,0.0,0.0,0.0,0.0,0.0,0.0,0.0,0.0,0.0,0.0,0.0,1.0,0.0,0.0,1.0,0.0,0.0,0.0,0.0,0.0,0.0,0.0,0.0,0.0,0.0,0.0,0.0,0.0,0.0,0.0,0.0,0.0,0.0,0.0,0.0,0.0,0.0,0.0,0.0,0.0,0.0,0.0,0.0,0.0,0.0,0.0,0.0,0.0,0.0,0.0,0.0,0.0,0.0,0.0,0.0,0.0,0.0,0.0,0.0,0.0,0.0,0.0,0.0,0.0,0.0,0.0,0.0,0.0,0.0,0.0,0.0,0.0,0.0,0.0,0.0,0.0,0.0,0.0,0.0,0.0,0.0,0.0,1.0,0.0,0.0,0.0,0.0,0.0,0.0,0.0,0.0,0.0,0.0,0.0,0.0,0.0,0.0,0.0,0.0,0.0,0.0,0.0,0.0,0.0,0.0,0.0,0.0,0.0,2.0,3.0,23.0,3.0,0.0,6.0,2.0,2.0,0.0,21.0
CHEMBL445532,IC50,7.0,30.0,7.0,5.0,0.0,3.0,0.0,4.0,0.0,40.0,7.0,5.0,0.0,3.0,0.0,5.0,1.0,3.0,0.0,0.0,3.0,3.0,3.0,36.0,12.0,8.0,0.0,6.0,0.0,8.0,0.0,1.0,31.0,12.0,9.0,0.0,6.0,0.0,8.0,2.0,0.0,1.0,0.0,35.0,9.0,11.0,0.0,3.0,0.0,4.0,0.0,0.0,3.0,0.0,3.0,1.0,36.0,9.0,10.0,0.0,3.0,0.0,3.0,0.0,0.0,0.0,0.0,1.0,2.0,1.0,0.0,0.0,0.0,41.0,4.0,8.0,0.0,0.0,0.0,2.0,1.0,1.0,3.0,3.0,0.0,38.0,7.0,10.0,0.0,6.0,0.0,9.0,0.0,0.0,0.0,0.0,0.0,37.0,5.0,7.0,0.0,9.0,0.0,13.0,1.0,2.0,0.0,0.0,1.0,0.0,0.0,33.0,6.0,7.0,0.0,12.0,0.0,15.0,0.0,1.0,0.0,0.0,0.0,0.0,0.0,1.0,0.0,0.0,1.0,6.0,1.0,1.0,0.0,0.0,3.0,2.0,1.0,0.0,0.0,2.0,0.0,2.0,0.0,0.0,2.0,1.0,3.0,0.0,2.0,0.0,0.0,3.0,0.0,2.0,13.0,3.0,7.0,0.0,0.0,0.0,0.0,0.0,0.0,0.0,1.0,5.0,0.0,0.0,0.0,0.0,0.0,0.0,0.0,0.0,1.0,1.0,3.0,0.0,0.0,1.0,2.0,0.0,0.0,1.0,0.0,0.0,0.0,0.0,0.0,0.0,0.0,1.0,0.0,1.0,1.0,1.0,0.0,0.0,1.0,0.0,0.0,1.0,0.0,0.0,0.0,0.0,3.0,0.0,0.0,5.0,2.0,0.0,0.0,2.0,3.0,0.0,1.0,2.0,0.0,3.0,3.0,3.0,0.0,0.0,1.0,0.0,1.0,5.0,0.0,0.0,0.0,1.0,0.0,4.0,0.0,3.0,1.0,0.0,0.0,2.0,0.0,1.0,0.0,2.0,0.0,0.0,0.0,18.0,0.0,4.0,12.0,15.0,15.0,13.0,28.0
CHEMBL504156,IC50,82.0,28.0,7.0,5.0,0.0,6.0,0.0,6.0,0.0,40.0,7.0,5.0,0.0,6.0,0.0,6.0,1.0,3.0,0.0,0.0,6.0,6.0,6.0,35.0,12.0,8.0,0.0,12.0,0.0,12.0,0.0,1.0,30.0,13.0,9.0,0.0,12.0,0.0,12.0,2.0,0.0,0.0,0.0,31.0,9.0,11.0,0.0,12.0,0.0,12.0,0.0,0.0,6.0,0.0,6.0,1.0,32.0,11.0,11.0,0.0,6.0,0.0,6.0,0.0,0.0,0.0,0.0,0.0,2.0,0.0,9.0,9.0,9.0,44.0,2.0,8.0,0.0,0.0,0.0,0.0,1.0,1.0,6.0,6.0,0.0,38.0,7.0,11.0,0.0,12.0,0.0,12.0,0.0,0.0,0.0,0.0,0.0,40.0,3.0,5.0,0.0,18.0,0.0,18.0,1.0,2.0,0.0,0.0,1.0,0.0,0.0,33.0,5.0,6.0,0.0,24.0,0.0,24.0,0.0,1.0,0.0,0.0,0.0,0.0,0.0,3.0,0.0,0.0,1.0,6.0,5.0,1.0,0.0,0.0,2.0,0.0,1.0,0.0,3.0,2.0,0.0,2.0,0.0,0.0,2.0,3.0,3.0,0.0,1.0,0.0,0.0,6.0,0.0,2.0,18.0,3.0,12.0,0.0,0.0,5.0,0.0,1.0,1.0,0.0,1.0,15.0,0.0,0.0,0.0,2.0,11.0,7.0,2.0,2.0,1.0,0.0,14.0,0.0,0.0,0.0,14.0,0.0,0.0,9.0,6.0,7.0,3.0,7.0,4.0,2.0,2.0,3.0,2.0,3.0,1.0,3.0,2.0,0.0,5.0,0.0,0.0,3.0,0.0,0.0,0.0,0.0,3.0,0.0,0.0,6.0,4.0,0.0,2.0,3.0,1.0,0.0,1.0,2.0,0.0,6.0,3.0,3.0,0.0,0.0,1.0,0.0,1.0,5.0,0.0,0.0,0.0,1.0,3.0,4.0,1.0,6.0,1.0,0.0,0.0,2.0,0.0,1.0,0.0,2.0,0.0,0.0,0.0,12.0,0.0,2.0,12.0,21.0,21.0,14.0,24.0
CHEMBL486634,IC50,14.0,29.0,7.0,5.0,0.0,0.0,2.0,2.0,0.0,38.0,7.0,5.0,0.0,0.0,4.0,4.0,1.0,3.0,0.0,0.0,0.0,0.0,0.0,34.0,12.0,8.0,0.0,0.0,4.0,4.0,0.0,1.0,30.0,11.0,9.0,0.0,0.0,2.0,2.0,2.0,0.0,2.0,0.0,34.0,9.0,11.0,0.0,0.0,2.0,2.0,0.0,0.0,0.0,0.0,0.0,1.0,36.0,8.0,9.0,0.0,0.0,0.0,0.0,0.0,0.0,0.0,2.0,2.0,2.0,2.0,0.0,0.0,0.0,39.0,4.0,8.0,0.0,0.0,4.0,4.0,1.0,1.0,0.0,0.0,0.0,35.0,7.0,10.0,0.0,0.0,6.0,6.0,0.0,0.0,0.0,0.0,0.0,33.0,5.0,7.0,0.0,0.0,8.0,8.0,1.0,2.0,0.0,0.0,1.0,0.0,0.0,30.0,6.0,7.0,0.0,0.0,6.0,6.0,0.0,1.0,0.0,0.0,0.0,0.0,0.0,1.0,0.0,0.0,1.0,6.0,1.0,1.0,0.0,0.0,3.0,2.0,1.0,0.0,0.0,2.0,0.0,2.0,0.0,0.0,2.0,0.0,3.0,0.0,2.0,0.0,2.0,0.0,0.0,2.0,12.0,3.0,7.0,0.0,0.0,0.0,0.0,0.0,0.0,0.0,1.0,5.0,0.0,0.0,0.0,0.0,0.0,0.0,0.0,0.0,1.0,1.0,3.0,0.0,0.0,1.0,2.0,0.0,0.0,1.0,0.0,0.0,0.0,0.0,0.0,0.0,0.0,1.0,0.0,1.0,1.0,1.0,0.0,0.0,1.0,0.0,0.0,1.0,0.0,0.0,0.0,0.0,3.0,2.0,2.0,5.0,2.0,0.0,0.0,2.0,3.0,0.0,1.0,2.0,0.0,0.0,3.0,3.0,0.0,0.0,1.0,0.0,1.0,5.0,0.0,0.0,0.0,1.0,0.0,4.0,0.0,0.0,1.0,0.0,0.0,2.0,0.0,1.0,0.0,2.0,2.0,0.0,0.0,18.0,0.0,4.0,12.0,15.0,15.0,12.0,27.0
CHEMBL106294,IC50,8100.0,19.0,5.0,4.0,0.0,0.0,0.0,0.0,1.0,28.0,6.0,5.0,0.0,0.0,0.0,0.0,0.0,1.0,0.0,0.0,0.0,0.0,0.0,27.0,9.0,6.0,0.0,0.0,0.0,0.0,0.0,1.0,20.0,12.0,7.0,0.0,0.0,0.0,0.0,0.0,0.0,0.0,0.0,16.0,11.0,3.0,0.0,0.0,0.0,0.0,0.0,1.0,0.0,0.0,0.0,1.0,13.0,6.0,3.0,0.0,0.0,0.0,0.0,1.0,2.0,0.0,0.0,0.0,1.0,0.0,0.0,0.0,0.0,13.0,4.0,4.0,0.0,0.0,0.0,0.0,1.0,1.0,0.0,0.0,0.0,16.0,3.0,5.0,0.0,0.0,0.0,0.0,0.0,0.0,0.0,0.0,0.0,18.0,1.0,4.0,0.0,0.0,0.0,0.0,0.0,1.0,0.0,0.0,0.0,0.0,0.0,15.0,2.0,7.0,0.0,0.0,0.0,0.0,0.0,0.0,0.0,0.0,0.0,0.0,0.0,0.0,0.0,0.0,0.0,0.0,0.0,0.0,0.0,0.0,0.0,0.0,0.0,0.0,3.0,1.0,0.0,1.0,0.0,0.0,1.0,0.0,1.0,0.0,0.0,1.0,0.0,0.0,1.0,1.0,5.0,1.0,0.0,0.0,0.0,0.0,0.0,0.0,0.0,0.0,0.0,0.0,0.0,0.0,0.0,0.0,0.0,0.0,0.0,0.0,0.0,0.0,0.0,0.0,0.0,0.0,0.0,0.0,0.0,0.0,0.0,0.0,0.0,0.0,0.0,0.0,0.0,0.0,0.0,0.0,0.0,0.0,0.0,0.0,0.0,0.0,0.0,0.0,0.0,0.0,0.0,0.0,0.0,0.0,0.0,3.0,1.0,0.0,0.0,0.0,2.0,0.0,0.0,1.0,1.0,0.0,3.0,1.0,0.0,0.0,0.0,0.0,0.0,3.0,0.0,0.0,0.0,0.0,0.0,0.0,0.0,0.0,0.0,0.0,0.0,2.0,0.0,0.0,0.0,2.0,0.0,0.0,0.0,16.0,0.0,4.0,9.0,7.0,7.0,6.0,20.0
CHEMBL24905,IC50,11000.0,23.0,2.0,1.0,0.0,2.0,0.0,2.0,0.0,30.0,4.0,1.0,0.0,4.0,0.0,4.0,0.0,0.0,0.0,0.0,0.0,0.0,0.0,32.0,7.0,2.0,0.0,5.0,0.0,5.0,0.0,0.0,40.0,2.0,3.0,0.0,4.0,0.0,4.0,1.0,0.0,0.0,0.0,40.0,3.0,6.0,0.0,5.0,0.0,5.0,0.0,0.0,0.0,0.0,0.0,0.0,38.0,3.0,4.0,0.0,5.0,0.0,5.0,0.0,0.0,1.0,0.0,1.0,0.0,1.0,0.0,0.0,0.0,25.0,2.0,4.0,0.0,9.0,0.0,9.0,0.0,0.0,0.0,0.0,0.0,16.0,0.0,1.0,0.0,4.0,0.0,4.0,0.0,0.0,1.0,1.0,0.0,6.0,0.0,1.0,0.0,6.0,0.0,6.0,0.0,0.0,0.0,0.0,0.0,0.0,0.0,3.0,0.0,0.0,0.0,1.0,0.0,1.0,0.0,0.0,0.0,0.0,0.0,0.0,0.0,2.0,2.0,0.0,0.0,5.0,0.0,0.0,0.0,0.0,3.0,2.0,0.0,0.0,5.0,0.0,0.0,0.0,0.0,0.0,1.0,0.0,0.0,0.0,0.0,1.0,0.0,2.0,0.0,1.0,12.0,0.0,8.0,0.0,0.0,0.0,0.0,0.0,0.0,0.0,0.0,5.0,0.0,0.0,0.0,0.0,0.0,0.0,0.0,0.0,0.0,0.0,2.0,0.0,0.0,0.0,1.0,0.0,0.0,0.0,0.0,0.0,0.0,0.0,0.0,0.0,0.0,0.0,0.0,0.0,0.0,0.0,0.0,0.0,0.0,0.0,0.0,0.0,0.0,0.0,0.0,0.0,0.0,0.0,0.0,0.0,0.0,0.0,0.0,0.0,0.0,0.0,0.0,1.0,0.0,2.0,0.0,0.0,0.0,0.0,0.0,0.0,0.0,1.0,0.0,0.0,0.0,0.0,5.0,4.0,2.0,0.0,1.0,0.0,0.0,0.0,0.0,0.0,0.0,0.0,0.0,1.0,1.0,12.0,1.0,0.0,3.0,13.0,13.0,7.0,13.0
CHEMBL348785,IC50,23.0,24.0,2.0,8.0,0.0,0.0,1.0,1.0,1.0,32.0,4.0,10.0,0.0,0.0,2.0,2.0,0.0,1.0,0.0,0.0,0.0,0.0,0.0,29.0,6.0,12.0,0.0,0.0,2.0,2.0,0.0,1.0,20.0,8.0,15.0,0.0,0.0,2.0,2.0,0.0,0.0,0.0,1.0,23.0,6.0,9.0,0.0,0.0,0.0,0.0,0.0,2.0,0.0,1.0,1.0,0.0,24.0,4.0,7.0,0.0,0.0,0.0,0.0,0.0,4.0,0.0,1.0,1.0,1.0,0.0,0.0,0.0,0.0,24.0,3.0,10.0,0.0,0.0,1.0,1.0,0.0,2.0,0.0,0.0,0.0,26.0,2.0,7.0,0.0,0.0,1.0,1.0,0.0,0.0,0.0,0.0,2.0,22.0,3.0,10.0,0.0,0.0,2.0,2.0,0.0,0.0,0.0,0.0,1.0,0.0,0.0,18.0,4.0,13.0,0.0,0.0,2.0,2.0,0.0,0.0,0.0,0.0,0.0,0.0,0.0,1.0,1.0,0.0,0.0,1.0,0.0,0.0,0.0,0.0,0.0,0.0,0.0,0.0,4.0,1.0,0.0,1.0,0.0,0.0,1.0,0.0,1.0,0.0,1.0,1.0,1.0,0.0,3.0,1.0,8.0,1.0,2.0,0.0,0.0,0.0,1.0,0.0,0.0,0.0,0.0,1.0,0.0,0.0,0.0,0.0,0.0,0.0,0.0,0.0,0.0,2.0,0.0,0.0,0.0,0.0,0.0,0.0,0.0,0.0,0.0,0.0,0.0,0.0,0.0,0.0,0.0,0.0,0.0,0.0,0.0,0.0,0.0,0.0,0.0,0.0,0.0,0.0,0.0,0.0,0.0,0.0,0.0,1.0,1.0,1.0,0.0,0.0,0.0,0.0,0.0,0.0,0.0,3.0,3.0,0.0,2.0,1.0,0.0,0.0,0.0,0.0,0.0,5.0,0.0,0.0,0.0,0.0,2.0,0.0,1.0,0.0,0.0,0.0,0.0,2.0,0.0,0.0,0.0,2.0,1.0,0.0,0.0,18.0,0.0,4.0,10.0,11.0,11.0,10.0,22.0
CHEMBL107795,IC50,28000.0,19.0,2.0,4.0,0.0,0.0,0.0,0.0,1.0,24.0,4.0,7.0,0.0,0.0,0.0,0.0,0.0,1.0,0.0,0.0,0.0,0.0,0.0,21.0,6.0,10.0,0.0,0.0,0.0,0.0,0.0,1.0,12.0,9.0,8.0,0.0,0.0,0.0,0.0,1.0,0.0,0.0,2.0,8.0,9.0,5.0,0.0,0.0,0.0,0.0,0.0,1.0,0.0,0.0,0.0,0.0,9.0,5.0,3.0,0.0,0.0,0.0,0.0,0.0,2.0,0.0,0.0,0.0,1.0,0.0,0.0,0.0,0.0,13.0,1.0,4.0,0.0,0.0,0.0,0.0,0.0,2.0,0.0,0.0,0.0,15.0,0.0,7.0,0.0,0.0,0.0,0.0,0.0,0.0,0.0,0.0,0.0,15.0,0.0,6.0,0.0,0.0,0.0,0.0,0.0,0.0,0.0,0.0,1.0,0.0,0.0,11.0,0.0,7.0,0.0,0.0,0.0,0.0,0.0,0.0,0.0,0.0,0.0,0.0,0.0,0.0,0.0,0.0,0.0,0.0,0.0,0.0,0.0,0.0,0.0,0.0,0.0,0.0,0.0,1.0,0.0,1.0,0.0,0.0,3.0,0.0,1.0,0.0,0.0,1.0,0.0,0.0,0.0,3.0,2.0,1.0,0.0,0.0,0.0,0.0,0.0,0.0,0.0,0.0,0.0,0.0,0.0,0.0,0.0,0.0,0.0,0.0,0.0,0.0,0.0,0.0,0.0,0.0,0.0,0.0,0.0,0.0,0.0,0.0,0.0,0.0,0.0,0.0,0.0,0.0,0.0,0.0,0.0,0.0,0.0,0.0,0.0,0.0,0.0,0.0,0.0,0.0,0.0,0.0,0.0,0.0,0.0,0.0,0.0,1.0,0.0,0.0,0.0,0.0,0.0,0.0,0.0,0.0,0.0,0.0,2.0,1.0,0.0,0.0,0.0,0.0,0.0,4.0,0.0,0.0,0.0,0.0,0.0,0.0,0.0,0.0,0.0,0.0,0.0,2.0,0.0,0.0,0.0,2.0,0.0,0.0,0.0,16.0,0.0,4.0,6.0,6.0,6.0,4.0,19.0
CHEMBL480113,IC50,1.0,26.0,12.0,3.0,0.0,0.0,0.0,0.0,3.0,40.0,10.0,4.0,0.0,0.0,0.0,0.0,8.0,1.0,0.0,0.0,0.0,0.0,0.0,35.0,20.0,6.0,0.0,0.0,0.0,0.0,2.0,0.0,36.0,19.0,3.0,0.0,0.0,0.0,0.0,3.0,0.0,0.0,0.0,37.0,20.0,3.0,0.0,0.0,0.0,0.0,0.0,3.0,0.0,0.0,0.0,0.0,41.0,21.0,1.0,0.0,0.0,0.0,0.0,0.0,1.0,0.0,0.0,0.0,0.0,0.0,0.0,0.0,0.0,44.0,13.0,2.0,0.0,0.0,0.0,0.0,1.0,1.0,0.0,0.0,0.0,35.0,17.0,5.0,0.0,0.0,0.0,0.0,0.0,0.0,0.0,0.0,0.0,40.0,5.0,6.0,0.0,0.0,0.0,0.0,4.0,2.0,0.0,0.0,0.0,0.0,0.0,31.0,11.0,8.0,0.0,0.0,0.0,0.0,2.0,0.0,0.0,0.0,0.0,0.0,0.0,2.0,0.0,0.0,0.0,7.0,4.0,0.0,0.0,0.0,3.0,0.0,0.0,0.0,5.0,1.0,0.0,1.0,0.0,0.0,0.0,1.0,1.0,0.0,1.0,1.0,0.0,0.0,1.0,0.0,16.0,1.0,12.0,0.0,0.0,5.0,0.0,1.0,0.0,0.0,0.0,15.0,0.0,0.0,0.0,2.0,11.0,7.0,2.0,0.0,0.0,0.0,14.0,0.0,0.0,0.0,14.0,0.0,0.0,9.0,0.0,7.0,3.0,0.0,4.0,2.0,0.0,2.0,0.0,0.0,1.0,2.0,0.0,0.0,2.0,0.0,0.0,0.0,0.0,0.0,0.0,0.0,1.0,0.0,0.0,3.0,1.0,0.0,1.0,0.0,0.0,0.0,0.0,1.0,1.0,0.0,2.0,1.0,0.0,0.0,0.0,0.0,0.0,2.0,0.0,0.0,0.0,0.0,4.0,5.0,1.0,0.0,0.0,0.0,0.0,1.0,0.0,1.0,0.0,2.0,0.0,4.0,6.0,20.0,6.0,2.0,15.0,21.0,21.0,11.0,22.0
CHEMBL448921,IC50,2.0,30.0,12.0,3.0,0.0,0.0,0.0,0.0,3.0,46.0,10.0,4.0,0.0,0.0,0.0,0.0,8.0,1.0,0.0,0.0,0.0,0.0,0.0,37.0,20.0,7.0,0.0,0.0,0.0,0.0,2.0,0.0,37.0,19.0,5.0,0.0,0.0,0.0,0.0,3.0,0.0,0.0,0.0,41.0,20.0,2.0,0.0,0.0,0.0,0.0,0.0,3.0,0.0,0.0,0.0,0.0,46.0,21.0,2.0,0.0,0.0,0.0,0.0,0.0,1.0,0.0,0.0,0.0,0.0,0.0,0.0,0.0,0.0,49.0,14.0,2.0,0.0,0.0,0.0,0.0,1.0,1.0,0.0,0.0,0.0,38.0,20.0,5.0,0.0,0.0,0.0,0.0,0.0,0.0,0.0,0.0,0.0,44.0,8.0,6.0,0.0,0.0,0.0,0.0,4.0,2.0,0.0,0.0,0.0,0.0,0.0,35.0,13.0,8.0,0.0,0.0,0.0,0.0,2.0,0.0,0.0,0.0,0.0,0.0,0.0,3.0,0.0,0.0,0.0,10.0,7.0,0.0,0.0,0.0,5.0,1.0,0.0,0.0,4.0,1.0,0.0,1.0,0.0,0.0,0.0,1.0,1.0,0.0,1.0,1.0,0.0,0.0,1.0,0.0,19.0,1.0,16.0,0.0,0.0,6.0,0.0,1.0,0.0,0.0,0.0,21.0,0.0,0.0,0.0,2.0,13.0,8.0,2.0,0.0,0.0,0.0,21.0,0.0,0.0,0.0,17.0,0.0,0.0,10.0,0.0,7.0,3.0,0.0,4.0,2.0,0.0,2.0,0.0,0.0,2.0,2.0,0.0,0.0,2.0,0.0,0.0,0.0,0.0,0.0,0.0,0.0,1.0,0.0,0.0,3.0,1.0,0.0,1.0,0.0,0.0,0.0,0.0,1.0,1.0,0.0,2.0,1.0,0.0,0.0,0.0,0.0,0.0,2.0,0.0,0.0,0.0,0.0,3.0,8.0,2.0,0.0,0.0,0.0,0.0,1.0,0.0,1.0,0.0,2.0,0.0,4.0,6.0,20.0,6.0,2.0,15.0,25.0,25.0,11.0,23.0
CHEMBL459208,IC50,9.0,27.0,12.0,1.0,0.0,0.0,0.0,0.0,3.0,40.0,10.0,1.0,0.0,0.0,0.0,0.0,8.0,1.0,0.0,0.0,0.0,0.0,0.0,35.0,20.0,3.0,0.0,0.0,0.0,0.0,2.0,0.0,34.0,19.0,2.0,0.0,0.0,0.0,0.0,2.0,0.0,0.0,0.0,37.0,19.0,1.0,0.0,0.0,0.0,0.0,0.0,2.0,0.0,0.0,0.0,0.0,40.0,18.0,1.0,0.0,0.0,0.0,0.0,0.0,0.0,0.0,0.0,0.0,0.0,0.0,0.0,0.0,0.0,40.0,12.0,0.0,0.0,0.0,0.0,0.0,1.0,1.0,0.0,0.0,0.0,34.0,14.0,2.0,0.0,0.0,0.0,0.0,0.0,0.0,0.0,0.0,0.0,34.0,8.0,2.0,0.0,0.0,0.0,0.0,4.0,2.0,0.0,0.0,0.0,0.0,0.0,29.0,13.0,5.0,0.0,0.0,0.0,0.0,2.0,0.0,0.0,0.0,0.0,0.0,0.0,1.0,0.0,0.0,0.0,6.0,2.0,0.0,0.0,0.0,4.0,3.0,0.0,0.0,1.0,1.0,0.0,1.0,0.0,0.0,0.0,0.0,1.0,0.0,2.0,0.0,0.0,0.0,0.0,0.0,9.0,1.0,6.0,0.0,0.0,0.0,1.0,0.0,0.0,0.0,0.0,6.0,0.0,0.0,0.0,0.0,0.0,0.0,0.0,0.0,0.0,2.0,6.0,0.0,0.0,2.0,6.0,0.0,0.0,1.0,0.0,0.0,0.0,0.0,0.0,0.0,0.0,0.0,0.0,0.0,0.0,0.0,0.0,0.0,0.0,0.0,0.0,0.0,0.0,0.0,0.0,0.0,0.0,0.0,0.0,2.0,0.0,0.0,0.0,0.0,1.0,0.0,0.0,0.0,0.0,0.0,2.0,1.0,0.0,0.0,0.0,0.0,0.0,1.0,0.0,0.0,0.0,0.0,0.0,5.0,1.0,0.0,0.0,0.0,0.0,1.0,0.0,1.0,0.0,2.0,0.0,4.0,6.0,26.0,6.0,2.0,13.0,14.0,14.0,8.0,26.0
CHEMBL1922696,IC50,4.0,20.0,12.0,3.0,0.0,3.0,2.0,5.0,3.0,31.0,10.0,3.0,0.0,0.0,4.0,4.0,8.0,1.0,3.0,3.0,3.0,3.0,3.0,26.0,20.0,5.0,0.0,3.0,4.0,7.0,2.0,0.0,25.0,19.0,3.0,0.0,6.0,2.0,8.0,2.0,0.0,2.0,0.0,29.0,18.0,1.0,0.0,6.0,4.0,10.0,0.0,3.0,0.0,2.0,2.0,0.0,32.0,17.0,2.0,0.0,3.0,3.0,6.0,0.0,0.0,0.0,2.0,2.0,0.0,0.0,0.0,0.0,0.0,34.0,8.0,0.0,0.0,0.0,5.0,5.0,1.0,3.0,3.0,3.0,0.0,23.0,11.0,6.0,0.0,3.0,8.0,11.0,0.0,0.0,0.0,0.0,0.0,21.0,4.0,5.0,0.0,0.0,7.0,7.0,4.0,2.0,6.0,6.0,0.0,0.0,0.0,12.0,10.0,8.0,0.0,12.0,4.0,16.0,2.0,0.0,0.0,0.0,0.0,0.0,0.0,0.0,0.0,0.0,0.0,1.0,0.0,0.0,0.0,0.0,0.0,0.0,0.0,0.0,1.0,1.0,0.0,1.0,0.0,0.0,0.0,1.0,1.0,0.0,2.0,0.0,2.0,3.0,1.0,0.0,5.0,1.0,0.0,0.0,0.0,0.0,0.0,0.0,0.0,0.0,0.0,0.0,0.0,0.0,0.0,0.0,0.0,0.0,0.0,0.0,0.0,0.0,0.0,0.0,0.0,0.0,0.0,0.0,0.0,0.0,0.0,0.0,0.0,0.0,0.0,0.0,0.0,0.0,0.0,0.0,0.0,0.0,0.0,0.0,0.0,0.0,0.0,0.0,0.0,0.0,0.0,0.0,0.0,2.0,2.0,4.0,1.0,0.0,0.0,0.0,3.0,0.0,0.0,1.0,1.0,3.0,4.0,1.0,0.0,0.0,0.0,0.0,0.0,2.0,0.0,0.0,3.0,0.0,0.0,0.0,0.0,3.0,0.0,3.0,3.0,1.0,0.0,1.0,0.0,2.0,2.0,3.0,4.0,23.0,6.0,6.0,15.0,7.0,7.0,8.0,25.0
CHEMBL1922845,IC50,19.0,20.0,12.0,3.0,0.0,3.0,2.0,5.0,3.0,31.0,10.0,3.0,0.0,0.0,4.0,4.0,8.0,1.0,3.0,3.0,3.0,3.0,3.0,26.0,20.0,5.0,0.0,3.0,4.0,7.0,2.0,0.0,26.0,19.0,3.0,0.0,6.0,2.0,8.0,2.0,0.0,2.0,0.0,30.0,18.0,1.0,0.0,6.0,3.0,9.0,0.0,3.0,0.0,2.0,2.0,0.0,34.0,17.0,3.0,0.0,3.0,1.0,4.0,0.0,0.0,0.0,2.0,2.0,0.0,0.0,0.0,0.0,0.0,36.0,8.0,1.0,0.0,0.0,4.0,4.0,1.0,3.0,3.0,3.0,0.0,24.0,11.0,7.0,0.0,6.0,6.0,12.0,0.0,0.0,0.0,0.0,0.0,21.0,4.0,6.0,0.0,3.0,8.0,11.0,4.0,2.0,6.0,6.0,0.0,0.0,0.0,11.0,11.0,8.0,0.0,15.0,6.0,21.0,2.0,0.0,0.0,0.0,0.0,0.0,0.0,0.0,0.0,0.0,0.0,1.0,0.0,0.0,0.0,0.0,0.0,0.0,0.0,0.0,1.0,1.0,0.0,1.0,0.0,0.0,0.0,1.0,1.0,0.0,2.0,0.0,2.0,3.0,1.0,0.0,4.0,1.0,0.0,0.0,0.0,0.0,0.0,0.0,0.0,0.0,0.0,0.0,0.0,0.0,0.0,0.0,0.0,0.0,0.0,0.0,0.0,0.0,0.0,0.0,0.0,0.0,0.0,0.0,0.0,0.0,0.0,0.0,0.0,0.0,0.0,0.0,0.0,0.0,0.0,0.0,0.0,0.0,0.0,0.0,0.0,0.0,0.0,0.0,0.0,0.0,0.0,0.0,0.0,2.0,2.0,2.0,0.0,0.0,0.0,0.0,1.0,0.0,0.0,1.0,1.0,3.0,2.0,1.0,0.0,0.0,0.0,0.0,0.0,2.0,0.0,0.0,3.0,0.0,0.0,0.0,0.0,3.0,0.0,3.0,3.0,1.0,0.0,1.0,0.0,2.0,2.0,4.0,6.0,26.0,6.0,2.0,15.0,7.0,7.0,9.0,26.0
CHEMBL142589,IC50,20000.0,21.0,2.0,1.0,0.0,0.0,0.0,0.0,0.0,26.0,4.0,1.0,0.0,0.0,0.0,0.0,0.0,0.0,0.0,0.0,0.0,0.0,0.0,30.0,5.0,2.0,0.0,0.0,0.0,0.0,0.0,0.0,34.0,2.0,3.0,0.0,0.0,0.0,0.0,1.0,0.0,0.0,0.0,33.0,3.0,5.0,0.0,0.0,0.0,0.0,0.0,0.0,0.0,0.0,0.0,0.0,28.0,3.0,4.0,0.0,0.0,0.0,0.0,0.0,0.0,0.0,0.0,0.0,0.0,0.0,0.0,0.0,0.0,19.0,2.0,3.0,0.0,0.0,0.0,0.0,0.0,0.0,0.0,0.0,0.0,12.0,0.0,1.0,0.0,0.0,0.0,0.0,0.0,0.0,0.0,0.0,0.0,5.0,0.0,1.0,0.0,0.0,0.0,0.0,0.0,0.0,0.0,0.0,0.0,0.0,0.0,2.0,0.0,0.0,0.0,0.0,0.0,0.0,0.0,0.0,0.0,0.0,0.0,0.0,0.0,0.0,0.0,0.0,0.0,7.0,0.0,0.0,0.0,0.0,3.0,2.0,0.0,0.0,3.0,0.0,0.0,0.0,0.0,0.0,1.0,0.0,0.0,0.0,0.0,0.0,0.0,0.0,0.0,1.0,10.0,0.0,6.0,0.0,0.0,0.0,0.0,0.0,0.0,0.0,0.0,3.0,0.0,0.0,0.0,0.0,0.0,0.0,0.0,0.0,0.0,0.0,2.0,0.0,0.0,0.0,1.0,0.0,0.0,0.0,0.0,0.0,0.0,0.0,0.0,0.0,0.0,0.0,0.0,0.0,0.0,0.0,0.0,0.0,0.0,0.0,0.0,0.0,0.0,0.0,0.0,0.0,0.0,0.0,0.0,0.0,0.0,0.0,0.0,0.0,0.0,0.0,0.0,1.0,0.0,0.0,0.0,0.0,0.0,0.0,0.0,0.0,0.0,1.0,0.0,0.0,0.0,0.0,3.0,6.0,0.0,0.0,1.0,0.0,0.0,0.0,0.0,0.0,0.0,0.0,0.0,1.0,1.0,12.0,1.0,0.0,3.0,11.0,11.0,7.0,11.0
CHEMBL106577,IC50,6300.0,22.0,5.0,4.0,0.0,0.0,0.0,0.0,1.0,30.0,9.0,5.0,0.0,0.0,0.0,0.0,0.0,1.0,0.0,0.0,0.0,0.0,0.0,31.0,10.0,6.0,0.0,0.0,0.0,0.0,0.0,1.0,26.0,10.0,7.0,0.0,0.0,0.0,0.0,0.0,0.0,0.0,0.0,22.0,8.0,3.0,0.0,0.0,0.0,0.0,0.0,1.0,0.0,0.0,0.0,1.0,16.0,6.0,3.0,0.0,0.0,0.0,0.0,1.0,2.0,0.0,0.0,0.0,1.0,0.0,0.0,0.0,0.0,13.0,6.0,3.0,0.0,0.0,0.0,0.0,1.0,1.0,0.0,0.0,0.0,14.0,6.0,4.0,0.0,0.0,0.0,0.0,0.0,0.0,0.0,0.0,0.0,16.0,3.0,5.0,0.0,0.0,0.0,0.0,0.0,1.0,0.0,0.0,0.0,0.0,0.0,17.0,2.0,7.0,0.0,0.0,0.0,0.0,0.0,0.0,0.0,0.0,0.0,0.0,0.0,0.0,0.0,0.0,0.0,1.0,0.0,0.0,0.0,0.0,0.0,0.0,0.0,0.0,2.0,1.0,0.0,1.0,0.0,0.0,1.0,0.0,1.0,0.0,0.0,2.0,0.0,0.0,1.0,1.0,5.0,1.0,1.0,0.0,0.0,0.0,0.0,0.0,0.0,0.0,0.0,0.0,0.0,0.0,0.0,0.0,0.0,0.0,0.0,0.0,0.0,0.0,0.0,0.0,0.0,0.0,0.0,0.0,0.0,0.0,0.0,0.0,0.0,0.0,0.0,0.0,0.0,0.0,0.0,0.0,0.0,0.0,0.0,0.0,0.0,0.0,0.0,0.0,0.0,0.0,0.0,0.0,0.0,0.0,0.0,1.0,0.0,0.0,0.0,0.0,0.0,0.0,0.0,1.0,1.0,0.0,2.0,1.0,0.0,0.0,0.0,0.0,0.0,3.0,0.0,0.0,0.0,0.0,1.0,0.0,0.0,0.0,0.0,0.0,0.0,2.0,0.0,0.0,0.0,2.0,0.0,0.0,1.0,19.0,1.0,4.0,9.0,7.0,7.0,6.0,22.0
CHEMBL470955,IC50,6.0,26.0,12.0,1.0,0.0,0.0,0.0,0.0,3.0,42.0,10.0,1.0,0.0,0.0,0.0,0.0,8.0,1.0,0.0,0.0,0.0,0.0,0.0,37.0,20.0,3.0,0.0,0.0,0.0,0.0,2.0,0.0,33.0,21.0,2.0,0.0,0.0,0.0,0.0,2.0,0.0,0.0,0.0,35.0,21.0,1.0,0.0,0.0,0.0,0.0,0.0,2.0,0.0,0.0,0.0,0.0,37.0,21.0,1.0,0.0,0.0,0.0,0.0,0.0,0.0,0.0,0.0,0.0,0.0,0.0,0.0,0.0,0.0,45.0,10.0,0.0,0.0,0.0,0.0,0.0,1.0,1.0,0.0,0.0,0.0,37.0,15.0,2.0,0.0,0.0,0.0,0.0,0.0,0.0,0.0,0.0,0.0,43.0,4.0,2.0,0.0,0.0,0.0,0.0,4.0,2.0,0.0,0.0,0.0,0.0,0.0,28.0,11.0,5.0,0.0,0.0,0.0,0.0,2.0,0.0,0.0,0.0,0.0,0.0,0.0,2.0,0.0,0.0,0.0,5.0,4.0,0.0,0.0,0.0,2.0,0.0,0.0,0.0,6.0,1.0,0.0,1.0,0.0,0.0,0.0,1.0,1.0,0.0,1.0,0.0,0.0,0.0,0.0,0.0,15.0,1.0,10.0,0.0,0.0,5.0,0.0,1.0,0.0,0.0,0.0,14.0,0.0,0.0,0.0,2.0,11.0,7.0,2.0,0.0,0.0,0.0,14.0,0.0,0.0,0.0,14.0,0.0,0.0,9.0,0.0,7.0,3.0,0.0,4.0,2.0,0.0,2.0,0.0,0.0,0.0,2.0,0.0,0.0,2.0,0.0,0.0,0.0,0.0,0.0,0.0,0.0,0.0,0.0,0.0,3.0,1.0,0.0,1.0,0.0,0.0,0.0,0.0,0.0,0.0,0.0,2.0,1.0,0.0,0.0,0.0,0.0,0.0,1.0,0.0,0.0,0.0,0.0,5.0,4.0,1.0,0.0,0.0,0.0,0.0,1.0,0.0,1.0,0.0,2.0,0.0,4.0,6.0,20.0,6.0,2.0,13.0,20.0,20.0,8.0,22.0
CHEMBL518939,IC50,2.0,25.0,12.0,3.0,0.0,0.0,0.0,0.0,3.0,39.0,10.0,4.0,0.0,0.0,0.0,0.0,8.0,1.0,0.0,0.0,0.0,0.0,0.0,35.0,20.0,5.0,0.0,0.0,0.0,0.0,2.0,0.0,35.0,19.0,3.0,0.0,0.0,0.0,0.0,3.0,0.0,0.0,0.0,35.0,20.0,2.0,0.0,0.0,0.0,0.0,0.0,3.0,0.0,0.0,0.0,0.0,38.0,21.0,2.0,0.0,0.0,0.0,0.0,0.0,1.0,0.0,0.0,0.0,0.0,0.0,0.0,0.0,0.0,43.0,12.0,2.0,0.0,0.0,0.0,0.0,1.0,1.0,0.0,0.0,0.0,34.0,16.0,5.0,0.0,0.0,0.0,0.0,0.0,0.0,0.0,0.0,0.0,40.0,4.0,6.0,0.0,0.0,0.0,0.0,4.0,2.0,0.0,0.0,0.0,0.0,0.0,29.0,11.0,8.0,0.0,0.0,0.0,0.0,2.0,0.0,0.0,0.0,0.0,0.0,0.0,2.0,0.0,0.0,0.0,6.0,4.0,0.0,0.0,0.0,2.0,0.0,0.0,0.0,5.0,1.0,0.0,1.0,0.0,0.0,0.0,1.0,1.0,0.0,1.0,1.0,0.0,0.0,1.0,0.0,15.0,1.0,11.0,0.0,0.0,5.0,0.0,1.0,0.0,0.0,0.0,14.0,0.0,0.0,0.0,2.0,11.0,7.0,2.0,0.0,0.0,0.0,14.0,0.0,0.0,0.0,14.0,0.0,0.0,9.0,0.0,7.0,3.0,0.0,4.0,2.0,0.0,2.0,0.0,0.0,0.0,2.0,0.0,0.0,2.0,0.0,0.0,0.0,0.0,0.0,0.0,0.0,1.0,0.0,0.0,3.0,1.0,0.0,1.0,0.0,0.0,0.0,0.0,1.0,1.0,0.0,2.0,1.0,0.0,0.0,0.0,0.0,0.0,2.0,0.0,0.0,0.0,0.0,4.0,4.0,1.0,0.0,0.0,0.0,0.0,1.0,0.0,1.0,0.0,2.0,0.0,4.0,6.0,20.0,6.0,2.0,15.0,20.0,20.0,10.0,22.0
CHEMBL458145,IC50,2.0,24.0,12.0,2.0,0.0,0.0,0.0,0.0,3.0,38.0,10.0,3.0,0.0,0.0,0.0,0.0,8.0,1.0,0.0,0.0,0.0,0.0,0.0,32.0,20.0,5.0,0.0,0.0,0.0,0.0,2.0,0.0,31.0,19.0,3.0,0.0,0.0,0.0,0.0,3.0,0.0,0.0,0.0,32.0,19.0,2.0,0.0,0.0,0.0,0.0,0.0,3.0,0.0,0.0,0.0,0.0,36.0,19.0,2.0,0.0,0.0,0.0,0.0,0.0,1.0,0.0,0.0,0.0,0.0,0.0,0.0,0.0,0.0,41.0,10.0,2.0,0.0,0.0,0.0,0.0,1.0,1.0,0.0,0.0,0.0,31.0,15.0,5.0,0.0,0.0,0.0,0.0,0.0,0.0,0.0,0.0,0.0,35.0,4.0,6.0,0.0,0.0,0.0,0.0,4.0,2.0,0.0,0.0,0.0,0.0,0.0,22.0,11.0,8.0,0.0,0.0,0.0,0.0,2.0,0.0,0.0,0.0,0.0,0.0,0.0,2.0,0.0,0.0,0.0,5.0,4.0,0.0,0.0,0.0,2.0,0.0,0.0,0.0,4.0,1.0,0.0,1.0,0.0,0.0,1.0,1.0,1.0,0.0,1.0,1.0,0.0,0.0,0.0,1.0,13.0,1.0,10.0,0.0,0.0,5.0,0.0,1.0,0.0,0.0,0.0,14.0,0.0,0.0,0.0,2.0,11.0,7.0,2.0,0.0,0.0,0.0,14.0,0.0,0.0,0.0,14.0,0.0,0.0,9.0,0.0,7.0,3.0,0.0,4.0,2.0,0.0,2.0,0.0,0.0,0.0,2.0,0.0,0.0,2.0,0.0,0.0,0.0,0.0,0.0,0.0,0.0,0.0,0.0,0.0,3.0,1.0,0.0,1.0,0.0,0.0,0.0,0.0,0.0,0.0,0.0,2.0,1.0,0.0,0.0,0.0,0.0,0.0,2.0,0.0,0.0,0.0,0.0,3.0,4.0,1.0,0.0,0.0,0.0,0.0,1.0,0.0,1.0,0.0,2.0,0.0,4.0,6.0,20.0,6.0,2.0,14.0,19.0,19.0,8.0,22.0
CHEMBL419364,IC50,2000.0,19.0,3.0,3.0,0.0,0.0,0.0,0.0,1.0,24.0,6.0,5.0,0.0,0.0,0.0,0.0,0.0,1.0,0.0,0.0,0.0,0.0,0.0,21.0,8.0,7.0,0.0,0.0,0.0,0.0,0.0,2.0,12.0,11.0,7.0,0.0,0.0,0.0,0.0,0.0,0.0,0.0,0.0,8.0,9.0,5.0,0.0,0.0,0.0,0.0,1.0,1.0,0.0,0.0,0.0,0.0,9.0,5.0,2.0,0.0,0.0,0.0,0.0,1.0,2.0,0.0,0.0,0.0,1.0,0.0,0.0,0.0,0.0,13.0,2.0,3.0,0.0,0.0,0.0,0.0,0.0,2.0,0.0,0.0,0.0,15.0,1.0,5.0,0.0,0.0,0.0,0.0,0.0,0.0,0.0,0.0,0.0,15.0,2.0,3.0,0.0,0.0,0.0,0.0,0.0,0.0,0.0,0.0,1.0,0.0,0.0,11.0,3.0,4.0,0.0,0.0,0.0,0.0,0.0,0.0,0.0,0.0,0.0,0.0,0.0,0.0,0.0,0.0,0.0,0.0,0.0,0.0,0.0,0.0,0.0,0.0,0.0,0.0,0.0,1.0,0.0,1.0,0.0,1.0,2.0,0.0,1.0,0.0,0.0,1.0,0.0,0.0,0.0,2.0,2.0,1.0,0.0,0.0,0.0,0.0,0.0,0.0,0.0,0.0,0.0,0.0,0.0,0.0,0.0,0.0,0.0,0.0,0.0,0.0,0.0,0.0,0.0,0.0,0.0,0.0,0.0,0.0,0.0,0.0,0.0,0.0,0.0,0.0,0.0,0.0,0.0,0.0,0.0,0.0,0.0,0.0,0.0,0.0,0.0,0.0,0.0,0.0,0.0,0.0,0.0,0.0,0.0,0.0,0.0,1.0,0.0,0.0,0.0,0.0,0.0,0.0,0.0,0.0,0.0,0.0,3.0,1.0,0.0,0.0,0.0,0.0,0.0,3.0,0.0,0.0,0.0,0.0,0.0,0.0,0.0,0.0,0.0,0.0,0.0,2.0,0.0,0.0,0.0,2.0,0.0,0.0,0.0,16.0,0.0,4.0,6.0,6.0,6.0,4.0,19.0
CHEMBL161827,IC50,880.0,24.0,2.0,8.0,0.0,0.0,1.0,1.0,1.0,32.0,4.0,10.0,0.0,0.0,2.0,2.0,0.0,1.0,0.0,0.0,0.0,0.0,0.0,29.0,6.0,12.0,0.0,0.0,2.0,2.0,0.0,1.0,20.0,8.0,15.0,0.0,0.0,2.0,2.0,0.0,0.0,0.0,1.0,23.0,6.0,9.0,0.0,0.0,0.0,0.0,0.0,2.0,0.0,1.0,1.0,0.0,24.0,4.0,7.0,0.0,0.0,0.0,0.0,0.0,4.0,0.0,1.0,1.0,1.0,0.0,0.0,0.0,0.0,24.0,3.0,10.0,0.0,0.0,1.0,1.0,0.0,2.0,0.0,0.0,0.0,26.0,2.0,7.0,0.0,0.0,1.0,1.0,0.0,0.0,0.0,0.0,2.0,22.0,3.0,10.0,0.0,0.0,2.0,2.0,0.0,0.0,0.0,0.0,1.0,0.0,0.0,18.0,4.0,13.0,0.0,0.0,2.0,2.0,0.0,0.0,0.0,0.0,0.0,0.0,0.0,1.0,1.0,0.0,0.0,2.0,0.0,0.0,0.0,0.0,0.0,0.0,1.0,0.0,4.0,2.0,0.0,1.0,0.0,0.0,1.0,0.0,1.0,0.0,1.0,1.0,1.0,0.0,3.0,1.0,8.0,1.0,2.0,0.0,0.0,0.0,1.0,0.0,0.0,0.0,0.0,1.0,0.0,0.0,0.0,0.0,0.0,0.0,0.0,0.0,0.0,2.0,0.0,0.0,0.0,0.0,0.0,0.0,0.0,0.0,0.0,0.0,0.0,0.0,0.0,0.0,0.0,0.0,0.0,0.0,0.0,0.0,0.0,0.0,0.0,0.0,0.0,0.0,0.0,0.0,0.0,0.0,0.0,1.0,1.0,2.0,0.0,0.0,0.0,0.0,0.0,0.0,0.0,3.0,3.0,0.0,2.0,1.0,0.0,0.0,0.0,0.0,0.0,5.0,0.0,0.0,0.0,0.0,2.0,0.0,1.0,0.0,0.0,0.0,0.0,1.0,0.0,0.0,0.0,2.0,1.0,0.0,0.0,18.0,0.0,2.0,10.0,12.0,12.0,11.0,22.0
CHEMBL515045,IC50,120.0,29.0,12.0,1.0,0.0,0.0,0.0,0.0,3.0,43.0,12.0,1.0,0.0,0.0,0.0,0.0,8.0,1.0,0.0,0.0,0.0,0.0,0.0,36.0,22.0,3.0,0.0,0.0,0.0,0.0,2.0,0.0,39.0,23.0,2.0,0.0,0.0,0.0,0.0,2.0,0.0,0.0,0.0,44.0,23.0,1.0,0.0,0.0,0.0,0.0,0.0,2.0,0.0,0.0,0.0,0.0,52.0,19.0,1.0,0.0,0.0,0.0,0.0,0.0,0.0,0.0,0.0,0.0,0.0,0.0,0.0,0.0,0.0,57.0,10.0,0.0,0.0,0.0,0.0,0.0,1.0,1.0,0.0,0.0,0.0,45.0,15.0,2.0,0.0,0.0,0.0,0.0,0.0,0.0,0.0,0.0,0.0,45.0,4.0,2.0,0.0,0.0,0.0,0.0,4.0,2.0,0.0,0.0,0.0,0.0,0.0,34.0,11.0,5.0,0.0,0.0,0.0,0.0,2.0,0.0,0.0,0.0,0.0,0.0,0.0,3.0,0.0,0.0,0.0,9.0,6.0,0.0,0.0,0.0,5.0,1.0,0.0,0.0,3.0,1.0,0.0,1.0,0.0,0.0,0.0,1.0,1.0,0.0,1.0,0.0,0.0,0.0,0.0,0.0,17.0,1.0,15.0,0.0,0.0,5.0,0.0,1.0,0.0,0.0,0.0,19.0,0.0,0.0,0.0,2.0,11.0,7.0,2.0,0.0,0.0,0.0,19.0,0.0,0.0,0.0,15.0,0.0,0.0,9.0,0.0,7.0,3.0,0.0,4.0,2.0,0.0,2.0,0.0,0.0,0.0,2.0,0.0,0.0,2.0,0.0,0.0,0.0,0.0,0.0,0.0,0.0,0.0,0.0,0.0,3.0,1.0,0.0,1.0,0.0,0.0,0.0,0.0,0.0,0.0,0.0,2.0,1.0,0.0,0.0,0.0,0.0,0.0,1.0,0.0,0.0,0.0,0.0,3.0,8.0,1.0,0.0,0.0,0.0,0.0,1.0,0.0,1.0,0.0,2.0,0.0,4.0,6.0,20.0,6.0,2.0,13.0,23.0,23.0,9.0,23.0
CHEMBL2159326,IC50,233.6,26.0,5.0,5.0,0.0,3.0,2.0,5.0,1.0,33.0,10.0,5.0,0.0,0.0,4.0,4.0,0.0,1.0,3.0,3.0,3.0,3.0,3.0,31.0,12.0,7.0,0.0,3.0,4.0,7.0,0.0,0.0,27.0,14.0,5.0,0.0,6.0,4.0,10.0,2.0,0.0,0.0,0.0,33.0,10.0,5.0,0.0,6.0,2.0,8.0,0.0,1.0,0.0,2.0,2.0,0.0,36.0,6.0,5.0,0.0,6.0,2.0,8.0,0.0,1.0,0.0,2.0,2.0,2.0,0.0,0.0,0.0,0.0,38.0,2.0,6.0,0.0,3.0,4.0,7.0,1.0,1.0,3.0,3.0,0.0,33.0,2.0,9.0,0.0,6.0,6.0,12.0,1.0,1.0,3.0,3.0,0.0,25.0,5.0,9.0,0.0,6.0,8.0,14.0,0.0,0.0,0.0,0.0,0.0,0.0,0.0,18.0,5.0,7.0,0.0,12.0,6.0,18.0,0.0,0.0,0.0,0.0,0.0,0.0,2.0,0.0,0.0,0.0,0.0,3.0,0.0,0.0,0.0,0.0,1.0,0.0,1.0,1.0,0.0,1.0,0.0,1.0,0.0,0.0,1.0,1.0,2.0,0.0,1.0,0.0,2.0,3.0,1.0,1.0,6.0,2.0,2.0,0.0,0.0,0.0,0.0,0.0,0.0,0.0,1.0,1.0,0.0,0.0,0.0,0.0,0.0,0.0,0.0,0.0,1.0,0.0,0.0,0.0,0.0,0.0,0.0,0.0,0.0,0.0,0.0,0.0,0.0,0.0,0.0,0.0,0.0,1.0,0.0,1.0,1.0,1.0,0.0,0.0,1.0,0.0,0.0,1.0,0.0,0.0,0.0,0.0,1.0,2.0,2.0,2.0,1.0,0.0,0.0,1.0,0.0,0.0,0.0,2.0,1.0,3.0,1.0,1.0,0.0,0.0,1.0,0.0,0.0,4.0,0.0,0.0,3.0,0.0,0.0,1.0,0.0,3.0,0.0,3.0,3.0,2.0,0.0,1.0,0.0,2.0,2.0,1.0,2.0,23.0,2.0,2.0,10.0,7.0,7.0,9.0,26.0
CHEMBL2159333,IC50,121.5,31.0,5.0,5.0,0.0,3.0,2.0,5.0,1.0,41.0,10.0,5.0,0.0,0.0,4.0,4.0,0.0,1.0,3.0,3.0,3.0,3.0,3.0,40.0,12.0,8.0,0.0,3.0,4.0,7.0,0.0,0.0,35.0,14.0,6.0,0.0,6.0,4.0,10.0,2.0,0.0,0.0,0.0,39.0,11.0,6.0,0.0,9.0,2.0,11.0,0.0,0.0,0.0,2.0,2.0,0.0,42.0,8.0,4.0,0.0,9.0,2.0,11.0,0.0,1.0,0.0,2.0,2.0,2.0,0.0,0.0,0.0,0.0,44.0,5.0,6.0,0.0,6.0,4.0,10.0,1.0,2.0,0.0,0.0,0.0,43.0,4.0,7.0,0.0,3.0,6.0,9.0,1.0,1.0,3.0,3.0,0.0,37.0,5.0,9.0,0.0,6.0,8.0,14.0,0.0,0.0,3.0,3.0,0.0,0.0,0.0,32.0,5.0,9.0,0.0,6.0,8.0,14.0,0.0,0.0,0.0,0.0,0.0,0.0,0.0,0.0,0.0,0.0,0.0,3.0,0.0,0.0,0.0,0.0,1.0,0.0,1.0,1.0,0.0,1.0,0.0,1.0,0.0,0.0,1.0,1.0,2.0,0.0,1.0,1.0,2.0,3.0,1.0,1.0,6.0,2.0,2.0,0.0,0.0,0.0,0.0,0.0,0.0,0.0,1.0,1.0,0.0,0.0,0.0,0.0,0.0,0.0,0.0,0.0,1.0,0.0,0.0,0.0,0.0,0.0,0.0,0.0,0.0,0.0,0.0,0.0,0.0,0.0,0.0,0.0,0.0,1.0,0.0,1.0,1.0,1.0,0.0,0.0,1.0,0.0,0.0,1.0,0.0,0.0,0.0,0.0,1.0,2.0,2.0,2.0,1.0,0.0,0.0,1.0,0.0,0.0,0.0,2.0,1.0,3.0,1.0,1.0,0.0,0.0,1.0,0.0,0.0,4.0,0.0,0.0,3.0,0.0,0.0,1.0,0.0,3.0,0.0,3.0,3.0,2.0,0.0,1.0,0.0,2.0,2.0,1.0,2.0,27.0,2.0,2.0,10.0,7.0,7.0,9.0,30.0
CHEMBL153438,IC50,41.1,20.0,2.0,3.0,0.0,0.0,1.0,1.0,1.0,26.0,4.0,4.0,0.0,0.0,2.0,2.0,0.0,1.0,0.0,0.0,0.0,0.0,0.0,24.0,6.0,6.0,0.0,0.0,2.0,2.0,0.0,1.0,15.0,9.0,7.0,0.0,0.0,2.0,2.0,0.0,0.0,0.0,0.0,10.0,9.0,6.0,0.0,0.0,0.0,0.0,0.0,0.0,0.0,1.0,1.0,0.0,9.0,6.0,4.0,0.0,0.0,0.0,0.0,0.0,1.0,0.0,1.0,1.0,1.0,0.0,0.0,0.0,0.0,13.0,2.0,3.0,0.0,0.0,1.0,1.0,0.0,2.0,0.0,0.0,0.0,16.0,0.0,4.0,0.0,0.0,1.0,1.0,0.0,1.0,0.0,0.0,0.0,16.0,0.0,4.0,0.0,0.0,2.0,2.0,0.0,0.0,0.0,0.0,0.0,0.0,0.0,13.0,0.0,3.0,0.0,0.0,3.0,3.0,0.0,0.0,0.0,0.0,1.0,0.0,0.0,0.0,0.0,0.0,0.0,1.0,0.0,0.0,0.0,0.0,0.0,0.0,0.0,0.0,0.0,1.0,0.0,1.0,0.0,0.0,2.0,0.0,1.0,0.0,0.0,1.0,1.0,0.0,0.0,2.0,3.0,1.0,0.0,0.0,0.0,0.0,0.0,0.0,0.0,0.0,0.0,0.0,0.0,0.0,0.0,0.0,0.0,0.0,0.0,0.0,0.0,0.0,0.0,0.0,0.0,0.0,0.0,0.0,0.0,0.0,0.0,0.0,0.0,0.0,0.0,0.0,0.0,0.0,0.0,0.0,0.0,0.0,0.0,0.0,0.0,0.0,0.0,0.0,0.0,0.0,0.0,0.0,0.0,1.0,1.0,1.0,0.0,0.0,0.0,0.0,0.0,0.0,0.0,1.0,0.0,0.0,2.0,1.0,0.0,0.0,0.0,0.0,0.0,3.0,0.0,0.0,0.0,0.0,0.0,0.0,0.0,0.0,1.0,0.0,0.0,2.0,0.0,0.0,0.0,2.0,1.0,0.0,0.0,16.0,0.0,4.0,5.0,6.0,6.0,5.0,19.0
CHEMBL156654,IC50,200.0,20.0,2.0,3.0,0.0,0.0,1.0,1.0,1.0,26.0,4.0,4.0,0.0,0.0,2.0,2.0,0.0,1.0,0.0,0.0,0.0,0.0,0.0,24.0,6.0,6.0,0.0,0.0,2.0,2.0,0.0,1.0,15.0,9.0,7.0,0.0,0.0,2.0,2.0,0.0,0.0,0.0,0.0,10.0,9.0,6.0,0.0,0.0,0.0,0.0,0.0,0.0,0.0,1.0,1.0,0.0,9.0,6.0,4.0,0.0,0.0,0.0,0.0,0.0,1.0,0.0,1.0,1.0,1.0,0.0,0.0,0.0,0.0,13.0,2.0,3.0,0.0,0.0,1.0,1.0,0.0,2.0,0.0,0.0,0.0,16.0,0.0,4.0,0.0,0.0,1.0,1.0,0.0,1.0,0.0,0.0,0.0,16.0,0.0,4.0,0.0,0.0,2.0,2.0,0.0,0.0,0.0,0.0,0.0,0.0,0.0,13.0,0.0,3.0,0.0,0.0,3.0,3.0,0.0,0.0,0.0,0.0,1.0,0.0,0.0,0.0,0.0,0.0,0.0,1.0,0.0,0.0,0.0,0.0,0.0,0.0,0.0,0.0,0.0,1.0,0.0,1.0,0.0,0.0,2.0,0.0,1.0,0.0,0.0,1.0,1.0,0.0,0.0,2.0,3.0,1.0,0.0,0.0,0.0,0.0,0.0,0.0,0.0,0.0,0.0,0.0,0.0,0.0,0.0,0.0,0.0,0.0,0.0,0.0,0.0,0.0,0.0,0.0,0.0,0.0,0.0,0.0,0.0,0.0,0.0,0.0,0.0,0.0,0.0,0.0,0.0,0.0,0.0,0.0,0.0,0.0,0.0,0.0,0.0,0.0,0.0,0.0,0.0,0.0,0.0,0.0,0.0,1.0,1.0,1.0,0.0,0.0,0.0,0.0,0.0,0.0,0.0,1.0,0.0,0.0,2.0,1.0,0.0,0.0,0.0,0.0,0.0,3.0,0.0,0.0,0.0,0.0,0.0,0.0,0.0,0.0,1.0,0.0,0.0,2.0,0.0,0.0,0.0,2.0,1.0,0.0,0.0,16.0,0.0,4.0,5.0,6.0,6.0,5.0,19.0
CHEMBL2112908,IC50,6.4,24.0,6.0,3.0,0.0,0.0,0.0,0.0,1.0,32.0,9.0,4.0,0.0,0.0,0.0,0.0,0.0,2.0,0.0,0.0,0.0,0.0,0.0,26.0,12.0,8.0,0.0,0.0,0.0,0.0,0.0,1.0,20.0,13.0,9.0,0.0,0.0,0.0,0.0,1.0,0.0,0.0,0.0,17.0,13.0,9.0,0.0,0.0,0.0,0.0,1.0,0.0,0.0,0.0,0.0,0.0,22.0,8.0,3.0,0.0,0.0,0.0,0.0,1.0,3.0,0.0,0.0,0.0,1.0,0.0,0.0,0.0,0.0,26.0,4.0,2.0,0.0,0.0,0.0,0.0,1.0,3.0,0.0,0.0,0.0,23.0,6.0,5.0,0.0,0.0,0.0,0.0,0.0,0.0,0.0,0.0,0.0,19.0,7.0,4.0,0.0,0.0,0.0,0.0,0.0,0.0,0.0,0.0,1.0,0.0,0.0,17.0,6.0,5.0,0.0,0.0,0.0,0.0,0.0,0.0,0.0,0.0,0.0,0.0,0.0,1.0,0.0,0.0,0.0,5.0,3.0,0.0,0.0,0.0,3.0,1.0,0.0,1.0,0.0,1.0,0.0,1.0,0.0,0.0,1.0,0.0,2.0,0.0,0.0,1.0,0.0,0.0,0.0,1.0,10.0,2.0,7.0,0.0,0.0,1.0,0.0,0.0,0.0,0.0,1.0,8.0,0.0,0.0,0.0,0.0,3.0,3.0,0.0,0.0,1.0,0.0,9.0,0.0,2.0,0.0,5.0,0.0,2.0,3.0,0.0,1.0,0.0,0.0,0.0,0.0,0.0,0.0,0.0,0.0,0.0,0.0,0.0,0.0,0.0,0.0,0.0,0.0,0.0,0.0,0.0,0.0,0.0,0.0,0.0,1.0,0.0,0.0,0.0,0.0,0.0,0.0,0.0,0.0,0.0,0.0,3.0,1.0,0.0,0.0,0.0,0.0,0.0,3.0,0.0,0.0,0.0,0.0,0.0,5.0,1.0,0.0,0.0,0.0,0.0,3.0,0.0,0.0,0.0,2.0,0.0,0.0,1.0,15.0,1.0,6.0,9.0,11.0,11.0,7.0,20.0
CHEMBL152348,IC50,63.2,24.0,4.0,5.0,2.0,0.0,1.0,1.0,1.0,31.0,7.0,6.0,3.0,0.0,2.0,2.0,0.0,2.0,0.0,0.0,0.0,0.0,0.0,27.0,9.0,8.0,3.0,0.0,2.0,2.0,0.0,2.0,18.0,12.0,11.0,2.0,0.0,2.0,2.0,0.0,0.0,0.0,0.0,18.0,9.0,8.0,0.0,0.0,0.0,0.0,0.0,1.0,0.0,1.0,1.0,1.0,20.0,5.0,7.0,1.0,0.0,0.0,0.0,1.0,2.0,0.0,1.0,1.0,1.0,0.0,0.0,0.0,0.0,23.0,3.0,7.0,2.0,0.0,1.0,1.0,1.0,1.0,0.0,0.0,0.0,25.0,3.0,5.0,2.0,0.0,1.0,1.0,0.0,1.0,0.0,0.0,1.0,22.0,3.0,6.0,2.0,0.0,2.0,2.0,0.0,2.0,0.0,0.0,0.0,0.0,0.0,16.0,5.0,7.0,1.0,0.0,2.0,2.0,0.0,0.0,0.0,0.0,0.0,0.0,0.0,0.0,0.0,0.0,0.0,1.0,0.0,0.0,0.0,0.0,0.0,0.0,0.0,1.0,1.0,2.0,0.0,2.0,0.0,0.0,1.0,0.0,2.0,0.0,0.0,2.0,1.0,0.0,1.0,1.0,5.0,2.0,1.0,1.0,0.0,0.0,0.0,0.0,0.0,0.0,1.0,0.0,0.0,0.0,0.0,0.0,0.0,0.0,0.0,0.0,0.0,0.0,0.0,0.0,0.0,0.0,0.0,0.0,0.0,0.0,0.0,0.0,0.0,0.0,0.0,0.0,0.0,0.0,0.0,0.0,0.0,1.0,0.0,0.0,0.0,0.0,0.0,0.0,0.0,0.0,0.0,0.0,0.0,1.0,1.0,2.0,0.0,0.0,0.0,0.0,1.0,0.0,0.0,1.0,1.0,0.0,3.0,2.0,0.0,0.0,0.0,0.0,0.0,4.0,0.0,0.0,0.0,0.0,0.0,1.0,0.0,0.0,0.0,0.0,0.0,3.0,0.0,1.0,0.0,2.0,1.0,0.0,1.0,21.0,1.0,4.0,11.0,9.0,9.0,9.0,25.0
CHEMBL447742,IC50,18.0,33.0,7.0,5.0,0.0,0.0,0.0,0.0,0.0,46.0,7.0,5.0,0.0,0.0,0.0,0.0,1.0,3.0,0.0,0.0,0.0,0.0,0.0,42.0,12.0,8.0,0.0,0.0,0.0,0.0,0.0,1.0,37.0,12.0,9.0,0.0,0.0,0.0,0.0,2.0,0.0,0.0,0.0,38.0,12.0,11.0,0.0,0.0,0.0,0.0,0.0,0.0,0.0,0.0,0.0,1.0,39.0,9.0,10.0,0.0,0.0,0.0,0.0,0.0,0.0,0.0,0.0,0.0,2.0,0.0,0.0,0.0,0.0,41.0,7.0,11.0,0.0,0.0,0.0,0.0,1.0,1.0,0.0,0.0,0.0,44.0,7.0,10.0,0.0,0.0,0.0,0.0,0.0,0.0,0.0,0.0,0.0,46.0,5.0,7.0,0.0,0.0,0.0,0.0,1.0,2.0,0.0,0.0,1.0,0.0,0.0,45.0,6.0,7.0,0.0,0.0,0.0,0.0,0.0,1.0,0.0,0.0,0.0,0.0,0.0,2.0,0.0,0.0,1.0,7.0,3.0,1.0,0.0,0.0,4.0,3.0,1.0,0.0,3.0,2.0,0.0,2.0,0.0,0.0,2.0,1.0,3.0,0.0,2.0,0.0,0.0,0.0,0.0,2.0,16.0,3.0,11.0,0.0,0.0,1.0,4.0,0.0,0.0,0.0,1.0,10.0,0.0,0.0,0.0,0.0,0.0,0.0,0.0,0.0,1.0,5.0,6.0,0.0,0.0,2.0,6.0,0.0,0.0,1.0,0.0,0.0,0.0,0.0,0.0,0.0,0.0,1.0,0.0,1.0,1.0,1.0,0.0,0.0,1.0,0.0,0.0,1.0,0.0,0.0,0.0,0.0,3.0,0.0,0.0,5.0,2.0,0.0,0.0,2.0,3.0,0.0,1.0,2.0,0.0,0.0,3.0,3.0,0.0,0.0,1.0,0.0,1.0,5.0,0.0,0.0,0.0,1.0,3.0,5.0,1.0,0.0,1.0,0.0,0.0,2.0,0.0,1.0,0.0,2.0,0.0,0.0,0.0,18.0,0.0,2.0,12.0,20.0,20.0,13.0,27.0
CHEMBL520893,IC50,14.0,29.0,7.0,5.0,0.0,0.0,1.0,1.0,0.0,38.0,7.0,5.0,0.0,0.0,2.0,2.0,1.0,3.0,0.0,0.0,0.0,0.0,0.0,34.0,12.0,8.0,0.0,0.0,2.0,2.0,0.0,1.0,30.0,11.0,9.0,0.0,0.0,1.0,1.0,2.0,0.0,1.0,0.0,34.0,9.0,11.0,0.0,0.0,1.0,1.0,0.0,0.0,0.0,0.0,0.0,1.0,36.0,8.0,9.0,0.0,0.0,0.0,0.0,0.0,0.0,0.0,1.0,1.0,2.0,1.0,0.0,0.0,0.0,39.0,4.0,8.0,0.0,0.0,2.0,2.0,1.0,1.0,0.0,0.0,0.0,35.0,7.0,10.0,0.0,0.0,3.0,3.0,0.0,0.0,0.0,0.0,0.0,33.0,5.0,7.0,0.0,0.0,4.0,4.0,1.0,2.0,0.0,0.0,1.0,0.0,0.0,30.0,6.0,7.0,0.0,0.0,3.0,3.0,0.0,1.0,0.0,0.0,0.0,0.0,0.0,1.0,0.0,0.0,1.0,6.0,1.0,1.0,0.0,0.0,3.0,2.0,1.0,0.0,0.0,2.0,0.0,2.0,0.0,0.0,2.0,0.0,3.0,0.0,2.0,0.0,1.0,0.0,0.0,2.0,12.0,3.0,7.0,0.0,0.0,0.0,0.0,0.0,0.0,0.0,1.0,5.0,0.0,0.0,0.0,0.0,0.0,0.0,0.0,0.0,1.0,1.0,3.0,0.0,0.0,1.0,2.0,0.0,0.0,1.0,0.0,0.0,0.0,0.0,0.0,0.0,0.0,1.0,0.0,1.0,1.0,1.0,0.0,0.0,1.0,0.0,0.0,1.0,0.0,0.0,0.0,0.0,3.0,1.0,1.0,5.0,2.0,0.0,0.0,2.0,3.0,0.0,1.0,2.0,0.0,0.0,3.0,3.0,0.0,0.0,1.0,0.0,1.0,5.0,0.0,0.0,0.0,1.0,0.0,4.0,0.0,0.0,1.0,0.0,0.0,2.0,0.0,1.0,0.0,2.0,1.0,0.0,0.0,18.0,0.0,4.0,12.0,15.0,15.0,12.0,27.0
CHEMBL3237924,IC50,23.0,31.0,9.0,2.0,0.0,0.0,2.0,2.0,3.0,42.0,15.0,2.0,0.0,0.0,4.0,4.0,4.0,2.0,0.0,0.0,0.0,0.0,0.0,44.0,15.0,6.0,0.0,0.0,4.0,4.0,2.0,1.0,44.0,15.0,9.0,0.0,0.0,4.0,4.0,0.0,0.0,0.0,0.0,49.0,15.0,8.0,0.0,0.0,2.0,2.0,0.0,2.0,0.0,2.0,2.0,0.0,52.0,18.0,6.0,0.0,0.0,2.0,2.0,0.0,2.0,0.0,2.0,2.0,0.0,2.0,0.0,0.0,0.0,57.0,11.0,4.0,0.0,0.0,6.0,6.0,1.0,1.0,0.0,0.0,0.0,48.0,11.0,7.0,0.0,0.0,8.0,8.0,0.0,0.0,0.0,0.0,0.0,44.0,9.0,4.0,0.0,0.0,8.0,8.0,1.0,2.0,0.0,0.0,1.0,0.0,0.0,35.0,9.0,5.0,0.0,0.0,8.0,8.0,2.0,0.0,0.0,0.0,0.0,0.0,0.0,2.0,0.0,0.0,0.0,8.0,3.0,0.0,0.0,0.0,4.0,1.0,1.0,0.0,4.0,1.0,0.0,1.0,0.0,0.0,0.0,2.0,2.0,0.0,1.0,0.0,2.0,0.0,0.0,0.0,19.0,2.0,15.0,1.0,0.0,5.0,0.0,2.0,1.0,0.0,1.0,17.0,0.0,0.0,0.0,2.0,11.0,7.0,4.0,2.0,0.0,2.0,16.0,0.0,0.0,1.0,15.0,0.0,0.0,9.0,6.0,7.0,3.0,7.0,9.0,5.0,3.0,5.0,3.0,3.0,0.0,6.0,4.0,5.0,8.0,3.0,0.0,3.0,5.0,0.0,0.0,0.0,0.0,2.0,2.0,6.0,4.0,2.0,2.0,3.0,0.0,0.0,0.0,0.0,0.0,0.0,3.0,2.0,0.0,0.0,0.0,0.0,0.0,2.0,0.0,0.0,0.0,0.0,4.0,7.0,1.0,0.0,0.0,0.0,0.0,2.0,0.0,1.0,0.0,2.0,2.0,3.0,4.0,17.0,6.0,5.0,11.0,21.0,21.0,11.0,23.0
CHEMBL3237928,IC50,22.0,32.0,9.0,2.0,0.0,0.0,2.0,2.0,3.0,44.0,15.0,2.0,0.0,0.0,4.0,4.0,4.0,2.0,0.0,0.0,0.0,0.0,0.0,45.0,15.0,6.0,0.0,0.0,4.0,4.0,2.0,1.0,45.0,15.0,9.0,0.0,0.0,4.0,4.0,0.0,0.0,0.0,0.0,50.0,16.0,8.0,0.0,0.0,2.0,2.0,0.0,2.0,0.0,2.0,2.0,0.0,56.0,18.0,6.0,0.0,0.0,2.0,2.0,0.0,2.0,0.0,2.0,2.0,0.0,2.0,0.0,0.0,0.0,62.0,12.0,5.0,0.0,0.0,6.0,6.0,1.0,1.0,0.0,0.0,0.0,52.0,11.0,7.0,0.0,0.0,8.0,8.0,0.0,0.0,0.0,0.0,0.0,48.0,9.0,4.0,0.0,0.0,8.0,8.0,1.0,2.0,0.0,0.0,1.0,0.0,0.0,38.0,10.0,6.0,0.0,0.0,8.0,8.0,2.0,0.0,0.0,0.0,0.0,0.0,0.0,3.0,1.0,0.0,0.0,7.0,4.0,0.0,0.0,0.0,3.0,0.0,1.0,0.0,5.0,1.0,0.0,1.0,0.0,0.0,0.0,2.0,2.0,0.0,1.0,0.0,2.0,0.0,0.0,0.0,20.0,2.0,16.0,1.0,0.0,6.0,0.0,2.0,1.0,0.0,1.0,19.0,0.0,0.0,0.0,2.0,12.0,7.0,4.0,2.0,0.0,2.0,17.0,0.0,0.0,1.0,16.0,0.0,0.0,9.0,6.0,7.0,3.0,7.0,10.0,5.0,3.0,5.0,3.0,3.0,0.0,6.0,4.0,5.0,8.0,3.0,0.0,3.0,5.0,0.0,0.0,0.0,0.0,2.0,2.0,6.0,4.0,2.0,2.0,3.0,0.0,0.0,0.0,0.0,0.0,0.0,3.0,2.0,0.0,0.0,0.0,0.0,0.0,2.0,0.0,0.0,0.0,0.0,5.0,6.0,2.0,0.0,0.0,0.0,0.0,2.0,0.0,1.0,0.0,2.0,2.0,3.0,4.0,17.0,6.0,5.0,11.0,22.0,22.0,11.0,24.0
CHEMBL3238221,IC50,13.0,33.0,9.0,2.0,0.0,1.0,0.0,1.0,3.0,47.0,15.0,2.0,0.0,2.0,0.0,2.0,4.0,2.0,0.0,0.0,0.0,0.0,0.0,46.0,15.0,6.0,0.0,2.0,0.0,2.0,2.0,1.0,46.0,15.0,9.0,0.0,1.0,0.0,1.0,0.0,0.0,0.0,0.0,51.0,17.0,8.0,0.0,1.0,0.0,1.0,0.0,2.0,0.0,0.0,0.0,0.0,60.0,18.0,6.0,0.0,1.0,0.0,1.0,0.0,2.0,1.0,0.0,1.0,0.0,0.0,0.0,0.0,0.0,67.0,13.0,6.0,0.0,1.0,0.0,1.0,1.0,1.0,1.0,1.0,0.0,56.0,11.0,7.0,0.0,3.0,0.0,3.0,0.0,0.0,0.0,0.0,0.0,52.0,9.0,4.0,0.0,4.0,0.0,4.0,1.0,2.0,0.0,0.0,1.0,0.0,0.0,41.0,11.0,7.0,0.0,4.0,0.0,4.0,2.0,0.0,0.0,0.0,0.0,0.0,0.0,2.0,0.0,0.0,0.0,7.0,3.0,0.0,0.0,0.0,3.0,0.0,1.0,0.0,6.0,1.0,0.0,1.0,0.0,0.0,0.0,3.0,2.0,0.0,2.0,0.0,0.0,1.0,0.0,0.0,21.0,2.0,17.0,1.0,0.0,9.0,0.0,2.0,1.0,0.0,1.0,22.0,0.0,0.0,0.0,3.0,14.0,7.0,4.0,2.0,0.0,2.0,18.0,0.0,0.0,1.0,17.0,0.0,0.0,9.0,6.0,7.0,3.0,7.0,11.0,5.0,3.0,5.0,3.0,3.0,0.0,6.0,4.0,5.0,8.0,3.0,0.0,3.0,5.0,0.0,0.0,0.0,0.0,0.0,0.0,6.0,4.0,2.0,2.0,3.0,0.0,0.0,0.0,0.0,0.0,1.0,3.0,2.0,0.0,0.0,0.0,0.0,0.0,2.0,0.0,0.0,0.0,0.0,6.0,6.0,1.0,0.0,0.0,0.0,0.0,2.0,0.0,1.0,0.0,2.0,0.0,3.0,4.0,17.0,6.0,5.0,11.0,23.0,23.0,11.0,24.0
CHEMBL3238225,IC50,26.0,33.0,9.0,4.0,0.0,0.0,0.0,0.0,3.0,48.0,15.0,4.0,0.0,0.0,0.0,0.0,4.0,2.0,0.0,0.0,0.0,0.0,0.0,48.0,15.0,8.0,0.0,0.0,0.0,0.0,2.0,1.0,48.0,15.0,10.0,0.0,0.0,0.0,0.0,0.0,0.0,0.0,0.0,52.0,17.0,9.0,0.0,0.0,0.0,0.0,0.0,2.0,0.0,0.0,0.0,0.0,61.0,18.0,7.0,0.0,0.0,0.0,0.0,0.0,3.0,0.0,0.0,0.0,0.0,0.0,0.0,0.0,0.0,68.0,14.0,7.0,0.0,0.0,0.0,0.0,1.0,2.0,0.0,0.0,1.0,57.0,12.0,11.0,0.0,0.0,0.0,0.0,0.0,0.0,0.0,0.0,0.0,55.0,9.0,8.0,0.0,0.0,0.0,0.0,1.0,2.0,0.0,0.0,1.0,0.0,0.0,45.0,11.0,11.0,0.0,0.0,0.0,0.0,2.0,0.0,0.0,0.0,0.0,0.0,0.0,2.0,0.0,0.0,0.0,7.0,3.0,0.0,0.0,0.0,3.0,0.0,1.0,0.0,7.0,1.0,0.0,1.0,0.0,0.0,0.0,3.0,2.0,0.0,2.0,0.0,0.0,0.0,1.0,0.0,22.0,2.0,17.0,1.0,0.0,9.0,0.0,2.0,1.0,0.0,1.0,22.0,0.0,0.0,0.0,3.0,14.0,7.0,4.0,2.0,0.0,2.0,18.0,0.0,0.0,1.0,17.0,0.0,0.0,9.0,6.0,7.0,3.0,7.0,11.0,5.0,3.0,5.0,3.0,3.0,0.0,6.0,4.0,5.0,8.0,3.0,0.0,3.0,5.0,0.0,0.0,0.0,0.0,0.0,0.0,6.0,4.0,2.0,2.0,3.0,0.0,0.0,0.0,1.0,1.0,0.0,3.0,2.0,0.0,0.0,0.0,0.0,0.0,3.0,0.0,0.0,0.0,0.0,6.0,6.0,1.0,0.0,0.0,0.0,0.0,2.0,0.0,1.0,0.0,2.0,0.0,3.0,4.0,17.0,6.0,5.0,13.0,24.0,24.0,12.0,24.0
CHEMBL4229115,IC50,60.0,33.0,5.0,5.0,0.0,0.0,2.0,2.0,1.0,44.0,11.0,5.0,0.0,0.0,4.0,4.0,0.0,1.0,0.0,0.0,0.0,0.0,0.0,45.0,15.0,7.0,0.0,0.0,4.0,4.0,0.0,0.0,44.0,14.0,5.0,0.0,0.0,4.0,4.0,2.0,0.0,0.0,0.0,48.0,11.0,6.0,0.0,0.0,2.0,2.0,0.0,0.0,0.0,2.0,2.0,0.0,52.0,8.0,4.0,0.0,0.0,4.0,4.0,0.0,0.0,0.0,2.0,2.0,2.0,0.0,0.0,0.0,0.0,52.0,5.0,6.0,0.0,0.0,4.0,4.0,1.0,1.0,0.0,0.0,0.0,48.0,3.0,6.0,0.0,0.0,8.0,8.0,1.0,2.0,0.0,0.0,0.0,39.0,6.0,8.0,0.0,0.0,8.0,8.0,0.0,1.0,0.0,0.0,0.0,0.0,0.0,32.0,7.0,9.0,0.0,0.0,8.0,8.0,0.0,0.0,0.0,0.0,0.0,0.0,0.0,1.0,1.0,0.0,0.0,2.0,0.0,0.0,0.0,0.0,1.0,0.0,1.0,1.0,3.0,1.0,0.0,1.0,0.0,0.0,1.0,0.0,2.0,0.0,1.0,2.0,2.0,0.0,1.0,1.0,8.0,2.0,3.0,0.0,0.0,0.0,0.0,0.0,0.0,0.0,1.0,1.0,0.0,0.0,0.0,0.0,0.0,0.0,0.0,0.0,1.0,1.0,0.0,0.0,0.0,0.0,0.0,0.0,0.0,0.0,0.0,0.0,0.0,0.0,0.0,0.0,0.0,1.0,0.0,1.0,1.0,1.0,0.0,0.0,1.0,0.0,0.0,1.0,0.0,0.0,0.0,0.0,1.0,2.0,2.0,2.0,1.0,0.0,0.0,1.0,0.0,0.0,0.0,2.0,1.0,0.0,1.0,1.0,0.0,0.0,1.0,0.0,0.0,4.0,0.0,0.0,0.0,0.0,2.0,1.0,0.0,0.0,0.0,0.0,0.0,2.0,0.0,1.0,0.0,2.0,2.0,1.0,2.0,27.0,2.0,2.0,10.0,10.0,10.0,8.0,30.0
CHEMBL4226972,IC50,180.0,34.0,5.0,5.0,0.0,0.0,2.0,2.0,1.0,44.0,11.0,6.0,0.0,0.0,4.0,4.0,0.0,1.0,0.0,0.0,0.0,0.0,0.0,46.0,15.0,7.0,0.0,0.0,4.0,4.0,0.0,0.0,46.0,14.0,5.0,0.0,0.0,4.0,4.0,2.0,0.0,0.0,0.0,50.0,11.0,6.0,0.0,0.0,2.0,2.0,0.0,0.0,0.0,2.0,2.0,0.0,54.0,8.0,4.0,0.0,0.0,4.0,4.0,0.0,0.0,0.0,2.0,2.0,2.0,0.0,0.0,0.0,0.0,54.0,5.0,6.0,0.0,0.0,4.0,4.0,1.0,1.0,0.0,0.0,0.0,49.0,3.0,6.0,0.0,0.0,8.0,8.0,1.0,2.0,0.0,0.0,0.0,40.0,6.0,8.0,0.0,0.0,8.0,8.0,0.0,1.0,0.0,0.0,0.0,0.0,0.0,33.0,8.0,9.0,0.0,0.0,8.0,8.0,0.0,0.0,0.0,0.0,0.0,0.0,0.0,1.0,1.0,0.0,0.0,3.0,0.0,0.0,0.0,0.0,1.0,0.0,1.0,1.0,3.0,1.0,0.0,1.0,0.0,0.0,1.0,0.0,2.0,0.0,1.0,2.0,2.0,0.0,1.0,1.0,9.0,2.0,4.0,0.0,0.0,0.0,0.0,0.0,0.0,0.0,1.0,1.0,0.0,0.0,0.0,0.0,0.0,0.0,0.0,0.0,1.0,1.0,0.0,0.0,0.0,0.0,0.0,0.0,0.0,0.0,0.0,0.0,0.0,0.0,0.0,0.0,0.0,1.0,0.0,1.0,1.0,1.0,0.0,0.0,1.0,0.0,0.0,1.0,0.0,0.0,0.0,0.0,2.0,2.0,2.0,2.0,1.0,0.0,0.0,1.0,0.0,0.0,0.0,2.0,1.0,0.0,1.0,1.0,0.0,0.0,1.0,0.0,0.0,4.0,0.0,0.0,0.0,0.0,3.0,1.0,0.0,0.0,0.0,0.0,0.0,2.0,0.0,1.0,0.0,2.0,2.0,1.0,2.0,27.0,2.0,2.0,10.0,11.0,11.0,9.0,30.0
CHEMBL4228281,IC50,300.0,30.0,5.0,5.0,0.0,0.0,2.0,2.0,1.0,39.0,11.0,6.0,0.0,0.0,4.0,4.0,0.0,1.0,0.0,0.0,0.0,0.0,0.0,38.0,15.0,7.0,0.0,0.0,4.0,4.0,0.0,0.0,39.0,14.0,4.0,0.0,0.0,4.0,4.0,2.0,0.0,0.0,0.0,43.0,11.0,5.0,0.0,0.0,2.0,2.0,0.0,0.0,0.0,2.0,2.0,0.0,48.0,7.0,4.0,0.0,0.0,4.0,4.0,0.0,1.0,0.0,2.0,2.0,2.0,0.0,0.0,0.0,0.0,47.0,3.0,8.0,0.0,0.0,4.0,4.0,1.0,2.0,0.0,0.0,0.0,41.0,2.0,8.0,0.0,0.0,8.0,8.0,1.0,1.0,0.0,0.0,0.0,31.0,5.0,9.0,0.0,0.0,8.0,8.0,0.0,0.0,0.0,0.0,0.0,0.0,0.0,21.0,6.0,10.0,0.0,0.0,8.0,8.0,0.0,0.0,0.0,0.0,0.0,0.0,0.0,1.0,1.0,0.0,0.0,2.0,0.0,0.0,0.0,0.0,1.0,0.0,1.0,1.0,2.0,1.0,0.0,1.0,0.0,0.0,1.0,0.0,2.0,0.0,1.0,1.0,2.0,0.0,0.0,1.0,7.0,2.0,3.0,0.0,0.0,0.0,0.0,0.0,0.0,0.0,1.0,1.0,0.0,0.0,0.0,0.0,0.0,0.0,0.0,0.0,1.0,1.0,0.0,0.0,0.0,0.0,0.0,0.0,0.0,0.0,0.0,0.0,0.0,0.0,0.0,0.0,0.0,1.0,0.0,1.0,1.0,1.0,0.0,0.0,1.0,0.0,0.0,1.0,0.0,0.0,0.0,0.0,1.0,2.0,2.0,2.0,1.0,0.0,0.0,1.0,0.0,0.0,0.0,1.0,0.0,0.0,1.0,1.0,0.0,0.0,1.0,0.0,0.0,3.0,0.0,0.0,0.0,0.0,2.0,1.0,0.0,0.0,0.0,0.0,0.0,2.0,0.0,1.0,0.0,2.0,2.0,1.0,3.0,26.0,3.0,2.0,10.0,9.0,9.0,7.0,28.0
CHEMBL4227906,IC50,550.0,25.0,5.0,3.0,2.0,0.0,2.0,2.0,1.0,31.0,11.0,3.0,3.0,0.0,4.0,4.0,0.0,1.0,0.0,0.0,0.0,0.0,0.0,30.0,14.0,5.0,1.0,0.0,4.0,4.0,0.0,0.0,31.0,13.0,3.0,3.0,0.0,4.0,4.0,2.0,0.0,0.0,0.0,37.0,9.0,4.0,3.0,0.0,2.0,2.0,0.0,0.0,0.0,2.0,2.0,0.0,37.0,4.0,3.0,4.0,0.0,4.0,4.0,0.0,0.0,0.0,2.0,2.0,2.0,0.0,0.0,0.0,0.0,34.0,2.0,5.0,4.0,0.0,4.0,4.0,1.0,1.0,0.0,0.0,0.0,28.0,2.0,5.0,2.0,0.0,6.0,6.0,1.0,1.0,0.0,0.0,0.0,18.0,5.0,5.0,1.0,0.0,8.0,8.0,0.0,0.0,0.0,0.0,0.0,0.0,0.0,13.0,5.0,5.0,0.0,0.0,4.0,4.0,0.0,0.0,0.0,0.0,0.0,0.0,0.0,1.0,1.0,0.0,0.0,2.0,0.0,0.0,0.0,0.0,1.0,0.0,1.0,1.0,2.0,1.0,0.0,1.0,0.0,0.0,1.0,0.0,2.0,0.0,1.0,0.0,2.0,0.0,0.0,1.0,7.0,2.0,3.0,0.0,0.0,0.0,0.0,0.0,0.0,0.0,1.0,1.0,0.0,0.0,0.0,0.0,0.0,0.0,0.0,0.0,1.0,1.0,0.0,0.0,0.0,0.0,0.0,0.0,0.0,0.0,0.0,0.0,0.0,0.0,0.0,0.0,0.0,1.0,0.0,1.0,1.0,1.0,0.0,0.0,1.0,0.0,0.0,1.0,0.0,0.0,0.0,0.0,1.0,2.0,2.0,2.0,1.0,0.0,0.0,1.0,0.0,0.0,0.0,1.0,0.0,0.0,1.0,1.0,0.0,0.0,1.0,0.0,0.0,3.0,0.0,0.0,0.0,0.0,2.0,1.0,0.0,0.0,0.0,0.0,0.0,2.0,0.0,1.0,0.0,2.0,2.0,1.0,3.0,22.0,3.0,2.0,10.0,9.0,9.0,7.0,24.0
CHEMBL4225922,IC50,370.0,35.0,5.0,3.0,0.0,0.0,2.0,2.0,1.0,45.0,11.0,3.0,0.0,0.0,4.0,4.0,0.0,1.0,0.0,0.0,0.0,0.0,0.0,45.0,15.0,5.0,0.0,0.0,4.0,4.0,0.0,0.0,46.0,14.0,3.0,0.0,0.0,4.0,4.0,2.0,0.0,0.0,0.0,52.0,11.0,4.0,0.0,0.0,2.0,2.0,0.0,0.0,0.0,2.0,2.0,0.0,55.0,8.0,3.0,0.0,0.0,4.0,4.0,0.0,0.0,0.0,2.0,2.0,2.0,0.0,0.0,0.0,0.0,54.0,6.0,5.0,0.0,0.0,4.0,4.0,1.0,1.0,0.0,0.0,0.0,51.0,5.0,5.0,0.0,0.0,8.0,8.0,1.0,1.0,0.0,0.0,0.0,44.0,6.0,5.0,0.0,0.0,8.0,8.0,0.0,0.0,0.0,0.0,0.0,0.0,0.0,36.0,6.0,6.0,0.0,0.0,8.0,8.0,0.0,0.0,0.0,0.0,0.0,0.0,0.0,1.0,1.0,0.0,0.0,2.0,0.0,0.0,0.0,0.0,1.0,0.0,1.0,1.0,2.0,1.0,0.0,1.0,0.0,0.0,1.0,0.0,2.0,0.0,1.0,0.0,2.0,0.0,0.0,1.0,7.0,2.0,3.0,0.0,0.0,0.0,0.0,0.0,0.0,0.0,1.0,1.0,0.0,0.0,0.0,0.0,0.0,0.0,0.0,0.0,1.0,1.0,0.0,0.0,0.0,0.0,0.0,0.0,0.0,0.0,0.0,0.0,0.0,0.0,0.0,0.0,0.0,1.0,0.0,1.0,1.0,1.0,0.0,0.0,1.0,0.0,0.0,1.0,0.0,0.0,0.0,0.0,1.0,2.0,2.0,2.0,1.0,0.0,0.0,1.0,0.0,0.0,0.0,1.0,0.0,0.0,1.0,1.0,0.0,0.0,1.0,0.0,0.0,3.0,0.0,0.0,0.0,0.0,2.0,1.0,0.0,0.0,0.0,0.0,0.0,2.0,0.0,1.0,0.0,2.0,2.0,1.0,2.0,29.0,2.0,2.0,8.0,9.0,9.0,7.0,32.0
CHEMBL158295,IC50,11.6,27.0,6.0,3.0,0.0,0.0,0.0,0.0,1.0,36.0,9.0,4.0,0.0,0.0,0.0,0.0,0.0,2.0,0.0,0.0,0.0,0.0,0.0,37.0,10.0,8.0,0.0,0.0,0.0,0.0,0.0,1.0,27.0,13.0,9.0,0.0,0.0,0.0,0.0,1.0,0.0,0.0,0.0,21.0,15.0,8.0,0.0,0.0,0.0,0.0,0.0,0.0,0.0,0.0,0.0,0.0,24.0,10.0,5.0,0.0,0.0,0.0,0.0,1.0,2.0,0.0,0.0,0.0,1.0,0.0,0.0,0.0,0.0,31.0,5.0,5.0,0.0,0.0,0.0,0.0,1.0,1.0,0.0,0.0,0.0,33.0,2.0,4.0,0.0,0.0,0.0,0.0,1.0,1.0,0.0,0.0,0.0,28.0,3.0,3.0,0.0,0.0,0.0,0.0,1.0,1.0,0.0,0.0,0.0,0.0,0.0,19.0,8.0,4.0,0.0,0.0,0.0,0.0,0.0,0.0,0.0,0.0,0.0,0.0,0.0,1.0,1.0,0.0,0.0,5.0,1.0,0.0,0.0,0.0,3.0,2.0,0.0,1.0,1.0,1.0,0.0,1.0,0.0,0.0,1.0,0.0,2.0,0.0,0.0,1.0,0.0,0.0,0.0,1.0,11.0,2.0,6.0,1.0,0.0,0.0,0.0,1.0,1.0,0.0,1.0,4.0,0.0,0.0,0.0,0.0,0.0,0.0,1.0,1.0,0.0,1.0,3.0,0.0,0.0,0.0,2.0,0.0,0.0,1.0,0.0,0.0,0.0,1.0,1.0,2.0,2.0,2.0,2.0,2.0,0.0,4.0,4.0,5.0,8.0,3.0,0.0,3.0,5.0,0.0,0.0,0.0,0.0,0.0,0.0,4.0,3.0,2.0,2.0,2.0,0.0,0.0,0.0,0.0,0.0,0.0,4.0,2.0,0.0,0.0,0.0,0.0,0.0,3.0,0.0,0.0,0.0,0.0,1.0,4.0,0.0,0.0,0.0,0.0,0.0,3.0,0.0,0.0,0.0,2.0,0.0,0.0,0.0,16.0,1.0,4.0,9.0,13.0,13.0,7.0,22.0
CHEMBL198736,IC50,23.4,26.0,7.0,6.0,0.0,3.0,0.0,3.0,0.0,37.0,7.0,5.0,0.0,0.0,0.0,0.0,1.0,3.0,3.0,3.0,3.0,3.0,3.0,33.0,12.0,10.0,0.0,3.0,0.0,3.0,0.0,0.0,29.0,11.0,9.0,0.0,6.0,0.0,6.0,2.0,0.0,0.0,0.0,30.0,9.0,10.0,0.0,6.0,0.0,6.0,0.0,1.0,0.0,0.0,0.0,0.0,32.0,10.0,8.0,0.0,3.0,0.0,3.0,0.0,0.0,0.0,0.0,0.0,2.0,0.0,0.0,0.0,0.0,41.0,2.0,6.0,0.0,0.0,0.0,0.0,1.0,2.0,3.0,3.0,1.0,32.0,8.0,13.0,0.0,3.0,0.0,3.0,0.0,0.0,0.0,0.0,0.0,34.0,3.0,7.0,0.0,0.0,0.0,0.0,1.0,2.0,3.0,3.0,1.0,3.0,3.0,30.0,5.0,10.0,0.0,6.0,0.0,6.0,0.0,0.0,0.0,0.0,0.0,0.0,0.0,2.0,0.0,0.0,0.0,7.0,4.0,0.0,0.0,0.0,3.0,0.0,1.0,1.0,3.0,2.0,0.0,2.0,0.0,0.0,1.0,2.0,3.0,0.0,2.0,0.0,0.0,3.0,1.0,1.0,17.0,3.0,12.0,0.0,0.0,5.0,0.0,1.0,1.0,0.0,1.0,15.0,0.0,0.0,0.0,2.0,11.0,7.0,2.0,2.0,1.0,0.0,14.0,0.0,0.0,0.0,14.0,0.0,0.0,9.0,6.0,7.0,3.0,7.0,4.0,2.0,2.0,3.0,2.0,3.0,1.0,3.0,2.0,0.0,5.0,0.0,0.0,3.0,0.0,0.0,0.0,0.0,1.0,0.0,0.0,6.0,4.0,0.0,2.0,3.0,1.0,0.0,0.0,2.0,1.0,3.0,3.0,3.0,0.0,0.0,1.0,0.0,0.0,5.0,0.0,0.0,3.0,0.0,3.0,5.0,1.0,3.0,0.0,3.0,3.0,2.0,0.0,1.0,0.0,2.0,0.0,0.0,0.0,12.0,0.0,2.0,13.0,20.0,20.0,14.0,22.0
CHEMBL3799017,IC50,8400.0,33.0,5.0,5.0,0.0,0.0,2.0,2.0,1.0,44.0,11.0,5.0,0.0,0.0,4.0,4.0,0.0,1.0,0.0,0.0,0.0,0.0,0.0,43.0,14.0,9.0,0.0,0.0,4.0,4.0,0.0,0.0,40.0,14.0,5.0,0.0,0.0,4.0,4.0,2.0,0.0,0.0,0.0,43.0,11.0,7.0,0.0,0.0,2.0,2.0,0.0,0.0,0.0,2.0,2.0,0.0,49.0,8.0,4.0,0.0,0.0,2.0,2.0,0.0,0.0,0.0,2.0,2.0,2.0,0.0,0.0,0.0,0.0,50.0,5.0,6.0,0.0,0.0,4.0,4.0,1.0,1.0,0.0,0.0,0.0,47.0,3.0,6.0,0.0,0.0,8.0,8.0,1.0,2.0,0.0,0.0,0.0,39.0,6.0,7.0,0.0,0.0,8.0,8.0,0.0,1.0,0.0,0.0,0.0,0.0,0.0,32.0,7.0,8.0,0.0,0.0,8.0,8.0,0.0,0.0,0.0,0.0,0.0,0.0,0.0,2.0,2.0,0.0,1.0,1.0,1.0,1.0,0.0,0.0,0.0,0.0,1.0,0.0,3.0,1.0,0.0,1.0,0.0,0.0,1.0,0.0,2.0,0.0,1.0,2.0,2.0,0.0,1.0,1.0,8.0,2.0,4.0,0.0,0.0,1.0,0.0,0.0,0.0,0.0,1.0,3.0,0.0,0.0,0.0,0.0,0.0,0.0,0.0,0.0,2.0,1.0,0.0,0.0,0.0,0.0,0.0,0.0,0.0,0.0,0.0,0.0,0.0,0.0,0.0,0.0,0.0,2.0,0.0,2.0,2.0,1.0,0.0,0.0,1.0,0.0,0.0,1.0,0.0,0.0,0.0,0.0,1.0,2.0,2.0,2.0,1.0,0.0,0.0,1.0,0.0,0.0,0.0,2.0,1.0,0.0,1.0,1.0,0.0,0.0,1.0,0.0,0.0,4.0,0.0,0.0,0.0,0.0,2.0,0.0,1.0,0.0,0.0,0.0,0.0,2.0,0.0,1.0,0.0,2.0,2.0,1.0,2.0,27.0,2.0,2.0,10.0,10.0,10.0,8.0,31.0
CHEMBL1643951,IC50,3.2,24.0,9.0,4.0,0.0,3.0,0.0,3.0,3.0,36.0,8.0,3.0,0.0,0.0,0.0,0.0,6.0,3.0,3.0,3.0,3.0,3.0,3.0,32.0,13.0,8.0,0.0,3.0,0.0,3.0,2.0,0.0,27.0,15.0,8.0,0.0,6.0,0.0,6.0,2.0,0.0,0.0,0.0,27.0,15.0,7.0,0.0,6.0,0.0,6.0,0.0,3.0,0.0,0.0,0.0,0.0,28.0,18.0,6.0,0.0,3.0,0.0,3.0,0.0,0.0,0.0,0.0,0.0,0.0,0.0,0.0,0.0,0.0,38.0,8.0,2.0,0.0,0.0,0.0,0.0,1.0,2.0,3.0,3.0,1.0,30.0,12.0,9.0,0.0,3.0,0.0,3.0,0.0,0.0,0.0,0.0,0.0,33.0,4.0,5.0,0.0,0.0,0.0,0.0,3.0,2.0,3.0,3.0,1.0,3.0,3.0,28.0,8.0,8.0,0.0,6.0,0.0,6.0,2.0,0.0,0.0,0.0,0.0,0.0,0.0,2.0,0.0,0.0,0.0,5.0,4.0,0.0,0.0,0.0,2.0,0.0,0.0,0.0,3.0,2.0,0.0,2.0,0.0,0.0,0.0,2.0,2.0,0.0,2.0,0.0,0.0,3.0,1.0,0.0,14.0,2.0,10.0,0.0,0.0,5.0,0.0,1.0,1.0,0.0,0.0,14.0,0.0,0.0,0.0,2.0,11.0,7.0,2.0,2.0,0.0,0.0,14.0,0.0,0.0,0.0,14.0,0.0,0.0,9.0,6.0,7.0,3.0,7.0,4.0,2.0,2.0,2.0,2.0,2.0,0.0,2.0,2.0,0.0,4.0,0.0,0.0,2.0,0.0,0.0,0.0,0.0,0.0,0.0,0.0,5.0,3.0,0.0,2.0,2.0,1.0,0.0,0.0,1.0,1.0,3.0,3.0,3.0,0.0,0.0,0.0,0.0,0.0,3.0,0.0,0.0,3.0,0.0,3.0,4.0,1.0,3.0,0.0,3.0,3.0,1.0,0.0,1.0,0.0,2.0,0.0,3.0,4.0,17.0,4.0,2.0,13.0,19.0,19.0,12.0,23.0
CHEMBL152184,IC50,11.3,29.0,8.0,3.0,0.0,0.0,2.0,2.0,1.0,40.0,10.0,4.0,0.0,0.0,4.0,4.0,0.0,2.0,0.0,0.0,0.0,0.0,0.0,39.0,10.0,8.0,0.0,0.0,4.0,4.0,1.0,1.0,28.0,16.0,9.0,0.0,0.0,3.0,3.0,0.0,0.0,0.0,0.0,29.0,15.0,6.0,0.0,0.0,1.0,1.0,0.0,1.0,0.0,1.0,1.0,0.0,29.0,12.0,5.0,0.0,0.0,0.0,0.0,0.0,1.0,0.0,2.0,2.0,1.0,0.0,0.0,0.0,0.0,30.0,7.0,4.0,0.0,0.0,3.0,3.0,1.0,2.0,0.0,0.0,0.0,29.0,6.0,6.0,0.0,0.0,3.0,3.0,1.0,1.0,0.0,0.0,0.0,29.0,7.0,6.0,0.0,0.0,2.0,2.0,0.0,0.0,0.0,1.0,0.0,0.0,0.0,31.0,3.0,4.0,0.0,0.0,4.0,4.0,1.0,1.0,0.0,0.0,1.0,0.0,0.0,0.0,0.0,0.0,0.0,5.0,0.0,0.0,0.0,0.0,2.0,0.0,0.0,0.0,0.0,1.0,0.0,1.0,0.0,0.0,1.0,0.0,2.0,0.0,1.0,1.0,2.0,0.0,0.0,1.0,8.0,2.0,2.0,0.0,0.0,0.0,0.0,0.0,0.0,0.0,0.0,0.0,0.0,0.0,0.0,0.0,0.0,0.0,0.0,0.0,0.0,0.0,0.0,0.0,0.0,0.0,0.0,0.0,0.0,0.0,0.0,0.0,0.0,0.0,0.0,0.0,0.0,0.0,0.0,0.0,0.0,4.0,4.0,2.0,8.0,0.0,0.0,2.0,2.0,0.0,0.0,0.0,0.0,2.0,2.0,7.0,6.0,0.0,0.0,2.0,0.0,0.0,0.0,0.0,0.0,0.0,4.0,2.0,0.0,0.0,0.0,2.0,0.0,3.0,0.0,0.0,0.0,0.0,0.0,0.0,0.0,0.0,0.0,0.0,0.0,3.0,0.0,0.0,0.0,5.0,2.0,0.0,0.0,22.0,2.0,6.0,11.0,12.0,12.0,8.0,28.0
CHEMBL154514,IC50,53.8,20.0,2.0,3.0,0.0,0.0,2.0,2.0,1.0,26.0,4.0,4.0,0.0,0.0,4.0,4.0,0.0,1.0,0.0,0.0,0.0,0.0,0.0,24.0,6.0,6.0,0.0,0.0,5.0,5.0,0.0,1.0,15.0,9.0,7.0,0.0,0.0,3.0,3.0,0.0,0.0,1.0,0.0,10.0,9.0,6.0,0.0,0.0,0.0,0.0,0.0,0.0,0.0,2.0,2.0,0.0,9.0,6.0,4.0,0.0,0.0,1.0,1.0,0.0,1.0,0.0,1.0,1.0,1.0,0.0,0.0,0.0,0.0,13.0,2.0,3.0,0.0,0.0,2.0,2.0,0.0,2.0,0.0,0.0,0.0,16.0,0.0,4.0,0.0,0.0,3.0,3.0,0.0,1.0,0.0,0.0,0.0,16.0,0.0,4.0,0.0,0.0,5.0,5.0,0.0,0.0,0.0,0.0,0.0,0.0,0.0,13.0,0.0,3.0,0.0,0.0,6.0,6.0,0.0,0.0,0.0,0.0,1.0,0.0,0.0,0.0,0.0,0.0,0.0,1.0,0.0,0.0,0.0,0.0,0.0,0.0,0.0,0.0,0.0,1.0,0.0,1.0,0.0,0.0,2.0,0.0,1.0,0.0,0.0,0.0,2.0,0.0,0.0,2.0,3.0,1.0,0.0,0.0,0.0,0.0,0.0,0.0,0.0,0.0,0.0,0.0,0.0,0.0,0.0,0.0,0.0,0.0,0.0,0.0,0.0,0.0,0.0,0.0,0.0,0.0,0.0,0.0,0.0,0.0,0.0,0.0,0.0,0.0,0.0,0.0,0.0,0.0,0.0,0.0,0.0,0.0,0.0,0.0,0.0,0.0,0.0,0.0,0.0,0.0,0.0,0.0,0.0,2.0,2.0,1.0,0.0,0.0,0.0,0.0,0.0,0.0,0.0,1.0,0.0,0.0,2.0,1.0,0.0,0.0,0.0,0.0,0.0,3.0,0.0,0.0,0.0,0.0,0.0,0.0,0.0,0.0,1.0,0.0,0.0,2.0,0.0,0.0,0.0,2.0,2.0,0.0,0.0,16.0,0.0,4.0,5.0,6.0,6.0,5.0,19.0
CHEMBL1922836,IC50,3.1,24.0,12.0,5.0,0.0,6.0,0.0,6.0,3.0,36.0,10.0,6.0,0.0,3.0,0.0,3.0,8.0,1.0,3.0,3.0,6.0,6.0,6.0,32.0,20.0,8.0,0.0,9.0,0.0,9.0,2.0,1.0,31.0,21.0,8.0,0.0,12.0,0.0,12.0,3.0,0.0,0.0,0.0,40.0,21.0,2.0,0.0,9.0,0.0,9.0,0.0,4.0,3.0,0.0,3.0,0.0,43.0,21.0,4.0,0.0,12.0,0.0,12.0,0.0,0.0,3.0,0.0,3.0,0.0,0.0,0.0,0.0,0.0,46.0,11.0,4.0,0.0,9.0,0.0,9.0,1.0,3.0,6.0,6.0,0.0,38.0,13.0,10.0,0.0,15.0,0.0,15.0,0.0,0.0,0.0,0.0,0.0,35.0,5.0,7.0,0.0,15.0,0.0,15.0,4.0,2.0,6.0,6.0,0.0,0.0,0.0,26.0,10.0,9.0,0.0,21.0,0.0,21.0,2.0,0.0,0.0,0.0,1.0,0.0,0.0,0.0,0.0,0.0,0.0,4.0,0.0,0.0,0.0,0.0,2.0,1.0,0.0,0.0,2.0,1.0,0.0,1.0,0.0,0.0,0.0,2.0,1.0,0.0,2.0,0.0,0.0,6.0,2.0,0.0,10.0,1.0,3.0,0.0,0.0,0.0,0.0,0.0,0.0,0.0,0.0,2.0,0.0,0.0,0.0,0.0,0.0,0.0,0.0,0.0,0.0,0.0,1.0,0.0,0.0,0.0,0.0,0.0,0.0,0.0,0.0,0.0,0.0,0.0,0.0,0.0,0.0,0.0,0.0,0.0,1.0,0.0,0.0,0.0,0.0,0.0,0.0,0.0,0.0,0.0,0.0,0.0,1.0,0.0,0.0,4.0,1.0,0.0,0.0,0.0,3.0,0.0,0.0,2.0,2.0,6.0,4.0,1.0,0.0,0.0,0.0,0.0,0.0,3.0,0.0,0.0,3.0,0.0,1.0,2.0,0.0,6.0,0.0,3.0,3.0,1.0,0.0,1.0,0.0,2.0,0.0,3.0,4.0,23.0,6.0,6.0,17.0,11.0,11.0,13.0,26.0
CHEMBL158886,IC50,78300.0,23.0,1.0,7.0,1.0,0.0,1.0,1.0,1.0,30.0,3.0,11.0,2.0,0.0,2.0,2.0,0.0,2.0,0.0,0.0,0.0,0.0,0.0,26.0,6.0,14.0,3.0,0.0,2.0,2.0,0.0,2.0,18.0,8.0,18.0,2.0,0.0,1.0,1.0,0.0,0.0,0.0,1.0,21.0,6.0,10.0,2.0,0.0,0.0,0.0,0.0,2.0,0.0,1.0,1.0,0.0,22.0,4.0,9.0,2.0,0.0,0.0,0.0,0.0,4.0,0.0,1.0,1.0,2.0,0.0,0.0,0.0,0.0,23.0,3.0,10.0,1.0,0.0,1.0,1.0,0.0,2.0,0.0,0.0,0.0,24.0,2.0,7.0,2.0,0.0,1.0,1.0,0.0,0.0,0.0,0.0,4.0,21.0,3.0,12.0,1.0,0.0,2.0,2.0,0.0,0.0,0.0,0.0,2.0,0.0,0.0,17.0,4.0,14.0,1.0,0.0,2.0,2.0,0.0,0.0,0.0,0.0,0.0,0.0,0.0,1.0,1.0,0.0,0.0,1.0,0.0,0.0,0.0,0.0,0.0,0.0,0.0,0.0,4.0,1.0,0.0,0.0,0.0,0.0,1.0,0.0,0.0,0.0,1.0,1.0,1.0,0.0,3.0,1.0,7.0,0.0,2.0,0.0,0.0,0.0,1.0,0.0,0.0,0.0,0.0,1.0,0.0,0.0,0.0,0.0,0.0,0.0,0.0,0.0,0.0,2.0,0.0,0.0,0.0,0.0,0.0,0.0,0.0,0.0,0.0,0.0,0.0,0.0,0.0,0.0,0.0,0.0,0.0,0.0,0.0,0.0,0.0,0.0,0.0,0.0,0.0,0.0,0.0,0.0,0.0,0.0,0.0,1.0,1.0,0.0,0.0,0.0,0.0,0.0,0.0,0.0,0.0,3.0,3.0,0.0,2.0,0.0,0.0,0.0,0.0,0.0,0.0,6.0,0.0,0.0,0.0,0.0,2.0,0.0,1.0,0.0,0.0,0.0,0.0,1.0,0.0,0.0,0.0,0.0,1.0,0.0,0.0,18.0,0.0,6.0,9.0,11.0,11.0,10.0,22.0
CHEMBL143609,IC50,1000.0,20.0,2.0,1.0,0.0,1.0,0.0,1.0,0.0,27.0,4.0,1.0,0.0,2.0,0.0,2.0,0.0,0.0,0.0,0.0,0.0,0.0,0.0,29.0,7.0,2.0,0.0,2.0,0.0,2.0,0.0,0.0,36.0,2.0,3.0,0.0,1.0,0.0,1.0,1.0,0.0,0.0,0.0,34.0,2.0,6.0,0.0,1.0,0.0,1.0,0.0,0.0,0.0,0.0,0.0,0.0,27.0,2.0,4.0,0.0,2.0,0.0,2.0,0.0,0.0,0.0,0.0,0.0,0.0,0.0,0.0,0.0,0.0,13.0,1.0,3.0,0.0,4.0,0.0,4.0,0.0,0.0,0.0,0.0,0.0,4.0,0.0,0.0,0.0,3.0,0.0,3.0,0.0,0.0,1.0,1.0,0.0,0.0,0.0,0.0,0.0,4.0,0.0,4.0,0.0,0.0,0.0,0.0,0.0,0.0,0.0,0.0,0.0,0.0,0.0,0.0,0.0,0.0,0.0,0.0,0.0,0.0,0.0,0.0,0.0,2.0,2.0,0.0,0.0,2.0,0.0,0.0,0.0,0.0,0.0,0.0,0.0,0.0,5.0,0.0,0.0,0.0,0.0,0.0,1.0,0.0,0.0,0.0,1.0,0.0,0.0,1.0,0.0,1.0,9.0,0.0,5.0,0.0,0.0,0.0,0.0,0.0,0.0,0.0,0.0,2.0,0.0,0.0,0.0,0.0,0.0,0.0,0.0,0.0,0.0,0.0,0.0,0.0,0.0,0.0,0.0,0.0,0.0,0.0,0.0,0.0,0.0,0.0,0.0,0.0,0.0,0.0,0.0,0.0,0.0,0.0,0.0,0.0,0.0,0.0,0.0,0.0,0.0,0.0,0.0,0.0,0.0,0.0,0.0,0.0,0.0,0.0,0.0,0.0,0.0,0.0,0.0,1.0,0.0,1.0,0.0,0.0,0.0,0.0,0.0,0.0,0.0,1.0,0.0,0.0,0.0,0.0,5.0,1.0,2.0,0.0,1.0,0.0,0.0,0.0,0.0,0.0,0.0,0.0,0.0,1.0,1.0,12.0,1.0,0.0,3.0,10.0,10.0,4.0,13.0
CHEMBL315836,IC50,50.0,21.0,6.0,0.0,0.0,1.0,1.0,2.0,0.0,27.0,9.0,0.0,0.0,2.0,2.0,4.0,1.0,0.0,0.0,0.0,0.0,0.0,0.0,25.0,11.0,0.0,0.0,2.0,2.0,4.0,0.0,0.0,22.0,13.0,0.0,0.0,1.0,1.0,2.0,0.0,0.0,0.0,0.0,26.0,9.0,0.0,0.0,1.0,1.0,2.0,1.0,0.0,0.0,0.0,0.0,0.0,30.0,4.0,0.0,0.0,1.0,0.0,1.0,1.0,0.0,1.0,2.0,3.0,0.0,0.0,0.0,0.0,0.0,28.0,3.0,0.0,0.0,2.0,2.0,4.0,0.0,0.0,1.0,1.0,0.0,20.0,4.0,0.0,0.0,3.0,2.0,5.0,0.0,0.0,0.0,0.0,0.0,9.0,3.0,0.0,0.0,4.0,4.0,8.0,0.0,0.0,0.0,0.0,0.0,0.0,0.0,2.0,1.0,0.0,0.0,3.0,4.0,7.0,0.0,0.0,1.0,1.0,0.0,0.0,0.0,0.0,0.0,0.0,0.0,0.0,0.0,0.0,0.0,0.0,0.0,0.0,0.0,0.0,1.0,0.0,0.0,0.0,0.0,0.0,0.0,0.0,0.0,0.0,2.0,0.0,1.0,1.0,0.0,0.0,1.0,0.0,0.0,0.0,0.0,0.0,0.0,0.0,0.0,0.0,0.0,0.0,0.0,0.0,0.0,0.0,0.0,0.0,0.0,0.0,0.0,0.0,0.0,0.0,0.0,0.0,0.0,0.0,0.0,0.0,0.0,0.0,0.0,0.0,0.0,0.0,0.0,0.0,0.0,0.0,0.0,0.0,0.0,0.0,0.0,0.0,0.0,0.0,0.0,0.0,0.0,0.0,0.0,1.0,1.0,0.0,0.0,0.0,0.0,0.0,0.0,0.0,0.0,0.0,0.0,1.0,0.0,0.0,0.0,0.0,0.0,0.0,0.0,0.0,0.0,0.0,0.0,0.0,1.0,0.0,0.0,0.0,0.0,0.0,0.0,0.0,0.0,0.0,0.0,0.0,1.0,2.0,3.0,23.0,3.0,0.0,6.0,3.0,3.0,0.0,21.0
CHEMBL87858,IC50,120.23,22.0,6.0,0.0,0.0,1.0,0.0,1.0,0.0,28.0,8.0,0.0,0.0,2.0,0.0,2.0,1.0,0.0,0.0,0.0,0.0,0.0,0.0,26.0,9.0,0.0,0.0,2.0,0.0,2.0,0.0,0.0,22.0,11.0,0.0,0.0,1.0,0.0,1.0,0.0,0.0,0.0,0.0,24.0,10.0,0.0,0.0,1.0,0.0,1.0,1.0,0.0,0.0,0.0,0.0,0.0,25.0,7.0,0.0,0.0,1.0,0.0,1.0,1.0,0.0,1.0,0.0,1.0,0.0,0.0,0.0,0.0,0.0,23.0,5.0,0.0,0.0,2.0,0.0,2.0,0.0,0.0,1.0,1.0,0.0,21.0,3.0,0.0,0.0,3.0,0.0,3.0,0.0,0.0,0.0,0.0,0.0,19.0,2.0,0.0,0.0,3.0,0.0,3.0,0.0,0.0,0.0,0.0,0.0,0.0,0.0,14.0,2.0,0.0,0.0,1.0,0.0,1.0,0.0,0.0,1.0,1.0,0.0,0.0,0.0,0.0,0.0,0.0,0.0,2.0,0.0,0.0,0.0,0.0,1.0,0.0,0.0,0.0,0.0,0.0,0.0,0.0,0.0,0.0,0.0,0.0,0.0,0.0,1.0,0.0,0.0,1.0,0.0,0.0,2.0,0.0,1.0,0.0,0.0,0.0,0.0,0.0,0.0,0.0,0.0,0.0,0.0,0.0,0.0,0.0,0.0,0.0,0.0,0.0,0.0,1.0,0.0,0.0,0.0,0.0,0.0,0.0,0.0,0.0,0.0,0.0,0.0,0.0,0.0,0.0,0.0,0.0,0.0,0.0,0.0,0.0,0.0,0.0,0.0,0.0,0.0,0.0,0.0,0.0,0.0,0.0,0.0,0.0,0.0,0.0,0.0,0.0,0.0,0.0,0.0,0.0,0.0,0.0,0.0,1.0,0.0,0.0,0.0,0.0,0.0,0.0,0.0,0.0,0.0,0.0,0.0,0.0,0.0,2.0,0.0,0.0,0.0,0.0,0.0,0.0,0.0,0.0,0.0,0.0,0.0,2.0,3.0,23.0,3.0,0.0,6.0,5.0,5.0,3.0,21.0
CHEMBL265337,IC50,68.0,32.0,7.0,6.0,0.0,3.0,0.0,3.0,0.0,44.0,8.0,5.0,0.0,0.0,0.0,0.0,1.0,3.0,3.0,3.0,3.0,3.0,3.0,42.0,13.0,10.0,0.0,3.0,0.0,3.0,0.0,0.0,40.0,12.0,10.0,0.0,6.0,0.0,6.0,2.0,0.0,0.0,0.0,41.0,11.0,12.0,0.0,6.0,0.0,6.0,0.0,1.0,0.0,0.0,0.0,0.0,43.0,10.0,9.0,0.0,3.0,0.0,3.0,0.0,0.0,0.0,0.0,0.0,2.0,0.0,0.0,0.0,0.0,48.0,4.0,6.0,0.0,0.0,0.0,0.0,1.0,2.0,3.0,3.0,1.0,43.0,8.0,12.0,0.0,3.0,0.0,3.0,0.0,0.0,0.0,0.0,0.0,41.0,5.0,12.0,0.0,0.0,0.0,0.0,1.0,2.0,3.0,3.0,1.0,3.0,3.0,37.0,6.0,14.0,0.0,6.0,0.0,6.0,0.0,0.0,0.0,0.0,0.0,0.0,0.0,2.0,0.0,0.0,0.0,9.0,3.0,0.0,0.0,0.0,6.0,3.0,1.0,1.0,0.0,2.0,0.0,2.0,0.0,0.0,1.0,1.0,3.0,0.0,2.0,1.0,0.0,3.0,1.0,1.0,15.0,3.0,10.0,0.0,0.0,0.0,1.0,0.0,0.0,0.0,1.0,8.0,0.0,0.0,0.0,0.0,0.0,0.0,0.0,0.0,1.0,4.0,6.0,0.0,0.0,3.0,6.0,0.0,0.0,1.0,0.0,0.0,0.0,0.0,0.0,0.0,0.0,2.0,0.0,2.0,1.0,2.0,0.0,0.0,2.0,0.0,0.0,2.0,0.0,0.0,0.0,0.0,1.0,0.0,0.0,5.0,2.0,0.0,0.0,2.0,3.0,0.0,0.0,2.0,1.0,3.0,3.0,3.0,0.0,0.0,1.0,0.0,0.0,5.0,0.0,0.0,3.0,0.0,0.0,8.0,1.0,3.0,0.0,3.0,3.0,2.0,0.0,1.0,0.0,2.0,0.0,0.0,0.0,18.0,0.0,2.0,13.0,19.0,19.0,13.0,27.0
CHEMBL1922927,IC50,34.0,35.0,5.0,6.0,0.0,0.0,1.0,1.0,0.0,47.0,8.0,7.0,0.0,0.0,2.0,2.0,0.0,1.0,0.0,0.0,0.0,0.0,0.0,50.0,8.0,10.0,0.0,0.0,2.0,2.0,0.0,1.0,49.0,7.0,10.0,0.0,0.0,2.0,2.0,2.0,0.0,0.0,0.0,52.0,5.0,13.0,0.0,0.0,1.0,1.0,0.0,0.0,0.0,1.0,1.0,0.0,55.0,5.0,10.0,0.0,0.0,2.0,2.0,0.0,0.0,0.0,0.0,0.0,2.0,0.0,0.0,0.0,0.0,56.0,3.0,8.0,0.0,0.0,3.0,3.0,0.0,1.0,0.0,0.0,0.0,49.0,4.0,11.0,0.0,0.0,4.0,4.0,0.0,0.0,0.0,0.0,0.0,44.0,3.0,9.0,0.0,0.0,4.0,4.0,0.0,1.0,0.0,0.0,1.0,0.0,0.0,37.0,2.0,8.0,0.0,0.0,5.0,5.0,1.0,1.0,0.0,0.0,1.0,0.0,0.0,1.0,0.0,0.0,1.0,5.0,2.0,2.0,0.0,0.0,2.0,0.0,1.0,1.0,2.0,1.0,0.0,1.0,0.0,0.0,1.0,0.0,3.0,0.0,1.0,3.0,1.0,0.0,1.0,1.0,11.0,3.0,7.0,0.0,0.0,1.0,0.0,0.0,0.0,0.0,2.0,6.0,0.0,0.0,0.0,0.0,1.0,0.0,0.0,0.0,3.0,1.0,3.0,0.0,1.0,2.0,2.0,0.0,1.0,0.0,0.0,0.0,0.0,0.0,0.0,0.0,0.0,1.0,0.0,1.0,1.0,1.0,0.0,0.0,1.0,0.0,0.0,1.0,0.0,0.0,0.0,0.0,1.0,1.0,1.0,2.0,1.0,0.0,0.0,1.0,0.0,0.0,0.0,2.0,1.0,0.0,1.0,1.0,0.0,0.0,1.0,0.0,0.0,5.0,1.0,0.0,0.0,0.0,1.0,4.0,1.0,0.0,0.0,0.0,0.0,2.0,0.0,1.0,0.0,3.0,1.0,0.0,1.0,25.0,1.0,4.0,11.0,12.0,12.0,12.0,30.0
CHEMBL416169,IC50,130.02,20.0,6.0,0.0,0.0,1.0,0.0,1.0,0.0,26.0,8.0,0.0,0.0,2.0,0.0,2.0,1.0,0.0,0.0,0.0,0.0,0.0,0.0,23.0,11.0,0.0,0.0,2.0,0.0,2.0,0.0,0.0,20.0,13.0,0.0,0.0,1.0,0.0,1.0,0.0,0.0,0.0,0.0,25.0,8.0,0.0,0.0,1.0,0.0,1.0,1.0,0.0,0.0,0.0,0.0,0.0,28.0,3.0,0.0,0.0,1.0,0.0,1.0,1.0,0.0,1.0,0.0,1.0,0.0,0.0,0.0,0.0,0.0,25.0,3.0,0.0,0.0,2.0,0.0,2.0,0.0,0.0,1.0,1.0,0.0,16.0,4.0,0.0,0.0,3.0,0.0,3.0,0.0,0.0,0.0,0.0,0.0,6.0,3.0,0.0,0.0,4.0,0.0,4.0,0.0,0.0,0.0,0.0,0.0,0.0,0.0,1.0,1.0,0.0,0.0,2.0,0.0,2.0,0.0,0.0,1.0,1.0,0.0,0.0,0.0,0.0,0.0,0.0,0.0,0.0,0.0,0.0,0.0,0.0,0.0,0.0,0.0,0.0,0.0,0.0,0.0,0.0,0.0,0.0,0.0,0.0,0.0,0.0,1.0,0.0,0.0,1.0,0.0,0.0,0.0,0.0,0.0,0.0,0.0,0.0,0.0,0.0,0.0,0.0,0.0,0.0,0.0,0.0,0.0,0.0,0.0,0.0,0.0,0.0,0.0,0.0,0.0,0.0,0.0,0.0,0.0,0.0,0.0,0.0,0.0,0.0,0.0,0.0,0.0,0.0,0.0,0.0,0.0,0.0,0.0,0.0,0.0,0.0,0.0,0.0,0.0,0.0,0.0,0.0,0.0,0.0,0.0,0.0,0.0,0.0,0.0,0.0,0.0,0.0,0.0,0.0,0.0,0.0,0.0,1.0,0.0,0.0,0.0,0.0,0.0,0.0,0.0,0.0,0.0,0.0,0.0,0.0,0.0,0.0,0.0,0.0,0.0,0.0,0.0,0.0,0.0,0.0,0.0,0.0,0.0,2.0,3.0,23.0,3.0,0.0,6.0,2.0,2.0,0.0,21.0
CHEMBL25421,IC50,6000.0,23.0,2.0,2.0,0.0,0.0,0.0,0.0,0.0,30.0,4.0,3.0,0.0,0.0,0.0,0.0,0.0,0.0,0.0,0.0,0.0,0.0,0.0,32.0,7.0,4.0,0.0,0.0,0.0,0.0,0.0,0.0,40.0,2.0,5.0,0.0,0.0,0.0,0.0,1.0,0.0,0.0,0.0,40.0,3.0,8.0,0.0,0.0,0.0,0.0,0.0,0.0,0.0,0.0,0.0,0.0,38.0,3.0,8.0,0.0,0.0,0.0,0.0,0.0,0.0,0.0,0.0,0.0,0.0,0.0,0.0,0.0,0.0,25.0,2.0,7.0,0.0,0.0,0.0,0.0,0.0,1.0,0.0,0.0,1.0,16.0,0.0,6.0,0.0,0.0,0.0,0.0,0.0,0.0,0.0,0.0,0.0,6.0,0.0,2.0,0.0,0.0,0.0,0.0,0.0,0.0,0.0,0.0,0.0,0.0,0.0,3.0,0.0,1.0,0.0,0.0,0.0,0.0,0.0,0.0,0.0,0.0,0.0,0.0,0.0,2.0,2.0,0.0,0.0,5.0,0.0,0.0,0.0,0.0,3.0,2.0,0.0,0.0,5.0,0.0,0.0,0.0,0.0,0.0,2.0,0.0,0.0,0.0,0.0,0.0,0.0,0.0,0.0,2.0,12.0,0.0,8.0,0.0,0.0,0.0,0.0,0.0,0.0,0.0,0.0,5.0,0.0,0.0,0.0,0.0,0.0,0.0,0.0,0.0,0.0,0.0,2.0,0.0,0.0,0.0,1.0,0.0,0.0,0.0,0.0,0.0,0.0,0.0,0.0,0.0,0.0,0.0,0.0,0.0,0.0,0.0,0.0,0.0,0.0,0.0,0.0,0.0,0.0,0.0,0.0,0.0,0.0,0.0,0.0,0.0,0.0,0.0,0.0,0.0,0.0,0.0,0.0,1.0,0.0,0.0,0.0,0.0,0.0,0.0,0.0,0.0,0.0,2.0,0.0,0.0,0.0,0.0,5.0,4.0,2.0,0.0,1.0,0.0,0.0,0.0,0.0,0.0,0.0,0.0,0.0,1.0,1.0,12.0,1.0,0.0,4.0,14.0,14.0,7.0,13.0
CHEMBL265336,IC50,820.0,25.0,7.0,8.0,0.0,6.0,0.0,6.0,0.0,35.0,8.0,7.0,0.0,0.0,0.0,0.0,1.0,3.0,6.0,6.0,6.0,6.0,6.0,33.0,13.0,12.0,0.0,6.0,0.0,6.0,0.0,0.0,32.0,12.0,11.0,0.0,12.0,0.0,12.0,2.0,0.0,0.0,0.0,34.0,10.0,12.0,0.0,12.0,0.0,12.0,0.0,2.0,0.0,0.0,0.0,0.0,37.0,9.0,11.0,0.0,6.0,0.0,6.0,0.0,0.0,0.0,0.0,0.0,2.0,0.0,0.0,0.0,0.0,43.0,1.0,7.0,0.0,0.0,0.0,0.0,1.0,3.0,6.0,6.0,2.0,33.0,6.0,15.0,0.0,9.0,0.0,9.0,0.0,0.0,0.0,0.0,0.0,27.0,3.0,14.0,0.0,6.0,0.0,6.0,1.0,2.0,6.0,6.0,1.0,6.0,6.0,20.0,5.0,16.0,0.0,18.0,0.0,18.0,0.0,0.0,0.0,0.0,0.0,0.0,0.0,1.0,0.0,0.0,0.0,4.0,1.0,0.0,0.0,0.0,2.0,0.0,1.0,1.0,0.0,2.0,0.0,2.0,0.0,0.0,1.0,2.0,3.0,0.0,2.0,1.0,0.0,6.0,2.0,1.0,10.0,3.0,4.0,0.0,0.0,0.0,0.0,0.0,0.0,0.0,1.0,2.0,0.0,0.0,0.0,0.0,0.0,0.0,0.0,0.0,1.0,2.0,0.0,0.0,0.0,1.0,0.0,0.0,0.0,0.0,0.0,0.0,0.0,0.0,0.0,0.0,0.0,2.0,0.0,2.0,1.0,2.0,0.0,0.0,2.0,0.0,0.0,2.0,0.0,0.0,0.0,0.0,1.0,0.0,0.0,5.0,2.0,0.0,0.0,2.0,3.0,0.0,0.0,3.0,2.0,6.0,3.0,3.0,0.0,0.0,1.0,0.0,0.0,6.0,0.0,0.0,6.0,0.0,0.0,3.0,0.0,6.0,0.0,6.0,6.0,2.0,0.0,1.0,0.0,2.0,0.0,0.0,0.0,18.0,0.0,2.0,15.0,12.0,12.0,14.0,27.0
CHEMBL107802,IC50,26000.0,21.0,2.0,4.0,0.0,0.0,0.0,0.0,1.0,27.0,4.0,5.0,0.0,0.0,0.0,0.0,0.0,1.0,0.0,0.0,0.0,0.0,0.0,24.0,6.0,6.0,0.0,0.0,0.0,0.0,0.0,1.0,16.0,8.0,7.0,0.0,0.0,0.0,0.0,0.0,0.0,0.0,0.0,16.0,6.0,3.0,0.0,0.0,0.0,0.0,0.0,1.0,0.0,0.0,0.0,1.0,14.0,4.0,3.0,0.0,0.0,0.0,0.0,0.0,2.0,0.0,0.0,0.0,1.0,0.0,0.0,0.0,0.0,13.0,4.0,3.0,0.0,0.0,0.0,0.0,0.0,1.0,0.0,0.0,0.0,13.0,4.0,3.0,0.0,0.0,0.0,0.0,0.0,0.0,0.0,0.0,0.0,12.0,3.0,4.0,0.0,0.0,0.0,0.0,0.0,0.0,0.0,0.0,0.0,0.0,0.0,12.0,1.0,6.0,0.0,0.0,0.0,0.0,0.0,0.0,0.0,0.0,0.0,0.0,0.0,0.0,0.0,0.0,0.0,0.0,0.0,0.0,0.0,0.0,0.0,0.0,0.0,0.0,1.0,1.0,0.0,1.0,0.0,0.0,1.0,0.0,1.0,0.0,1.0,1.0,0.0,0.0,1.0,1.0,3.0,1.0,0.0,0.0,0.0,0.0,0.0,0.0,0.0,0.0,0.0,0.0,0.0,0.0,0.0,0.0,0.0,0.0,0.0,0.0,0.0,0.0,0.0,0.0,0.0,0.0,0.0,0.0,0.0,0.0,0.0,0.0,0.0,0.0,0.0,0.0,0.0,0.0,0.0,0.0,0.0,0.0,0.0,0.0,0.0,0.0,0.0,0.0,0.0,0.0,0.0,0.0,0.0,0.0,0.0,1.0,0.0,0.0,0.0,0.0,0.0,0.0,0.0,1.0,1.0,0.0,2.0,1.0,0.0,0.0,0.0,0.0,0.0,3.0,0.0,0.0,0.0,0.0,0.0,0.0,0.0,0.0,0.0,0.0,0.0,2.0,0.0,0.0,0.0,2.0,0.0,0.0,0.0,18.0,0.0,4.0,6.0,5.0,5.0,5.0,21.0
CHEMBL511964,IC50,9.0,24.0,12.0,1.0,0.0,0.0,2.0,2.0,3.0,38.0,10.0,1.0,0.0,0.0,4.0,4.0,8.0,1.0,0.0,0.0,0.0,0.0,0.0,32.0,20.0,3.0,0.0,0.0,4.0,4.0,2.0,0.0,31.0,19.0,2.0,0.0,0.0,2.0,2.0,2.0,0.0,2.0,0.0,32.0,19.0,1.0,0.0,0.0,3.0,3.0,0.0,2.0,0.0,2.0,2.0,0.0,36.0,19.0,1.0,0.0,0.0,1.0,1.0,0.0,0.0,0.0,2.0,2.0,0.0,0.0,0.0,0.0,0.0,41.0,10.0,0.0,0.0,0.0,4.0,4.0,1.0,1.0,0.0,0.0,0.0,31.0,15.0,2.0,0.0,0.0,6.0,6.0,0.0,0.0,0.0,0.0,0.0,35.0,4.0,2.0,0.0,0.0,8.0,8.0,4.0,2.0,0.0,0.0,0.0,0.0,0.0,22.0,11.0,5.0,0.0,0.0,6.0,6.0,2.0,0.0,0.0,0.0,0.0,0.0,0.0,2.0,0.0,0.0,0.0,5.0,4.0,0.0,0.0,0.0,2.0,0.0,0.0,0.0,4.0,1.0,0.0,1.0,0.0,0.0,0.0,1.0,1.0,0.0,1.0,0.0,2.0,0.0,0.0,0.0,13.0,1.0,10.0,0.0,0.0,5.0,0.0,1.0,0.0,0.0,0.0,14.0,0.0,0.0,0.0,2.0,11.0,7.0,2.0,0.0,0.0,0.0,14.0,0.0,0.0,0.0,14.0,0.0,0.0,9.0,0.0,7.0,3.0,0.0,4.0,2.0,0.0,2.0,0.0,0.0,0.0,2.0,0.0,0.0,2.0,0.0,0.0,0.0,0.0,0.0,0.0,0.0,0.0,2.0,2.0,3.0,1.0,0.0,1.0,0.0,0.0,0.0,0.0,0.0,0.0,0.0,2.0,1.0,0.0,0.0,0.0,0.0,0.0,1.0,0.0,0.0,0.0,0.0,3.0,4.0,1.0,0.0,0.0,0.0,0.0,1.0,0.0,1.0,0.0,2.0,2.0,4.0,6.0,20.0,6.0,2.0,13.0,18.0,18.0,8.0,22.0
CHEMBL480501,IC50,11.0,25.0,12.0,1.0,0.0,3.0,0.0,3.0,3.0,40.0,10.0,1.0,0.0,3.0,0.0,3.0,8.0,1.0,0.0,0.0,3.0,3.0,3.0,34.0,20.0,3.0,0.0,6.0,0.0,6.0,2.0,0.0,32.0,20.0,2.0,0.0,6.0,0.0,6.0,2.0,0.0,0.0,0.0,33.0,20.0,1.0,0.0,3.0,0.0,3.0,0.0,2.0,3.0,0.0,3.0,0.0,37.0,20.0,1.0,0.0,3.0,0.0,3.0,0.0,0.0,3.0,0.0,3.0,0.0,0.0,0.0,0.0,0.0,43.0,10.0,0.0,0.0,3.0,0.0,3.0,1.0,1.0,3.0,3.0,0.0,34.0,15.0,2.0,0.0,6.0,0.0,6.0,0.0,0.0,0.0,0.0,0.0,39.0,4.0,2.0,0.0,9.0,0.0,9.0,4.0,2.0,0.0,0.0,0.0,0.0,0.0,25.0,11.0,5.0,0.0,12.0,0.0,12.0,2.0,0.0,0.0,0.0,0.0,0.0,0.0,2.0,0.0,0.0,0.0,5.0,4.0,0.0,0.0,0.0,2.0,0.0,0.0,0.0,4.0,1.0,0.0,1.0,0.0,0.0,0.0,2.0,1.0,0.0,1.0,1.0,0.0,3.0,0.0,0.0,14.0,1.0,10.0,0.0,0.0,5.0,0.0,1.0,0.0,0.0,0.0,14.0,0.0,0.0,0.0,2.0,11.0,7.0,2.0,0.0,0.0,0.0,14.0,0.0,0.0,0.0,14.0,0.0,0.0,9.0,0.0,7.0,3.0,0.0,4.0,2.0,0.0,2.0,0.0,0.0,0.0,2.0,0.0,0.0,2.0,0.0,0.0,0.0,0.0,0.0,0.0,0.0,0.0,0.0,0.0,3.0,1.0,0.0,1.0,0.0,0.0,0.0,0.0,0.0,0.0,3.0,2.0,1.0,0.0,0.0,0.0,0.0,0.0,1.0,0.0,0.0,0.0,0.0,3.0,4.0,1.0,3.0,0.0,0.0,0.0,1.0,0.0,1.0,0.0,2.0,0.0,4.0,6.0,20.0,6.0,2.0,13.0,18.0,18.0,9.0,23.0
CHEMBL459458,IC50,16.0,25.0,12.0,1.0,0.0,0.0,0.0,0.0,3.0,38.0,11.0,1.0,0.0,0.0,0.0,0.0,8.0,1.0,0.0,0.0,0.0,0.0,0.0,34.0,20.0,3.0,0.0,0.0,0.0,0.0,2.0,0.0,33.0,21.0,2.0,0.0,0.0,0.0,0.0,2.0,0.0,0.0,0.0,36.0,19.0,1.0,0.0,0.0,0.0,0.0,0.0,2.0,0.0,0.0,0.0,0.0,40.0,19.0,1.0,0.0,0.0,0.0,0.0,0.0,0.0,0.0,0.0,0.0,0.0,0.0,0.0,0.0,0.0,45.0,10.0,0.0,0.0,0.0,0.0,0.0,1.0,1.0,0.0,0.0,0.0,34.0,15.0,2.0,0.0,0.0,0.0,0.0,0.0,0.0,0.0,0.0,0.0,37.0,4.0,2.0,0.0,0.0,0.0,0.0,4.0,2.0,0.0,0.0,0.0,0.0,0.0,26.0,11.0,5.0,0.0,0.0,0.0,0.0,2.0,0.0,0.0,0.0,0.0,0.0,0.0,2.0,0.0,0.0,0.0,6.0,4.0,0.0,0.0,0.0,2.0,0.0,0.0,0.0,4.0,1.0,0.0,1.0,0.0,0.0,0.0,1.0,1.0,0.0,1.0,0.0,0.0,0.0,0.0,0.0,14.0,1.0,11.0,0.0,0.0,5.0,0.0,1.0,0.0,0.0,0.0,14.0,0.0,0.0,0.0,2.0,11.0,7.0,2.0,0.0,0.0,0.0,14.0,0.0,0.0,0.0,14.0,0.0,0.0,9.0,0.0,7.0,3.0,0.0,4.0,2.0,0.0,2.0,0.0,0.0,0.0,2.0,0.0,0.0,2.0,0.0,0.0,0.0,0.0,0.0,0.0,0.0,0.0,0.0,0.0,3.0,1.0,0.0,1.0,0.0,0.0,0.0,0.0,0.0,0.0,0.0,2.0,1.0,0.0,0.0,0.0,0.0,0.0,1.0,0.0,0.0,0.0,0.0,4.0,4.0,1.0,0.0,0.0,0.0,0.0,1.0,0.0,1.0,0.0,2.0,0.0,4.0,6.0,20.0,6.0,2.0,13.0,19.0,19.0,9.0,22.0
CHEMBL459457,IC50,4.0,24.0,12.0,1.0,0.0,0.0,0.0,0.0,3.0,38.0,10.0,1.0,0.0,0.0,0.0,0.0,8.0,1.0,0.0,0.0,0.0,0.0,0.0,32.0,20.0,3.0,0.0,0.0,0.0,0.0,2.0,0.0,31.0,19.0,2.0,0.0,0.0,0.0,0.0,2.0,0.0,0.0,0.0,32.0,19.0,1.0,0.0,0.0,0.0,0.0,0.0,2.0,0.0,0.0,0.0,0.0,36.0,19.0,1.0,0.0,0.0,0.0,0.0,0.0,0.0,0.0,0.0,0.0,0.0,0.0,0.0,0.0,0.0,41.0,10.0,0.0,0.0,0.0,0.0,0.0,1.0,1.0,0.0,0.0,0.0,31.0,15.0,2.0,0.0,0.0,0.0,0.0,0.0,0.0,0.0,0.0,0.0,35.0,4.0,2.0,0.0,0.0,0.0,0.0,4.0,2.0,0.0,0.0,0.0,0.0,0.0,22.0,11.0,5.0,0.0,0.0,0.0,0.0,2.0,0.0,0.0,0.0,0.0,0.0,0.0,2.0,0.0,0.0,0.0,5.0,4.0,0.0,0.0,0.0,2.0,0.0,0.0,0.0,4.0,1.0,0.0,1.0,0.0,0.0,0.0,1.0,1.0,0.0,1.0,0.0,0.0,0.0,0.0,0.0,13.0,1.0,10.0,0.0,0.0,5.0,0.0,1.0,0.0,0.0,0.0,14.0,0.0,0.0,0.0,2.0,11.0,7.0,2.0,0.0,0.0,0.0,14.0,0.0,0.0,0.0,14.0,0.0,0.0,9.0,0.0,7.0,3.0,0.0,4.0,2.0,0.0,2.0,0.0,0.0,0.0,2.0,0.0,0.0,2.0,0.0,0.0,0.0,0.0,0.0,0.0,0.0,0.0,0.0,0.0,3.0,1.0,0.0,1.0,0.0,0.0,0.0,0.0,0.0,0.0,0.0,2.0,1.0,0.0,0.0,0.0,0.0,0.0,1.0,0.0,0.0,0.0,0.0,3.0,4.0,1.0,0.0,0.0,0.0,0.0,1.0,0.0,1.0,0.0,2.0,0.0,4.0,6.0,20.0,6.0,2.0,13.0,18.0,18.0,8.0,22.0
CHEMBL469904,IC50,160.0,25.0,12.0,1.0,0.0,0.0,0.0,0.0,3.0,38.0,13.0,1.0,0.0,0.0,0.0,0.0,6.0,1.0,0.0,0.0,0.0,0.0,0.0,33.0,20.0,3.0,0.0,0.0,0.0,0.0,2.0,0.0,32.0,17.0,3.0,0.0,0.0,0.0,0.0,0.0,0.0,0.0,0.0,34.0,17.0,1.0,0.0,0.0,0.0,0.0,0.0,2.0,0.0,0.0,0.0,0.0,38.0,17.0,1.0,0.0,0.0,0.0,0.0,0.0,2.0,0.0,0.0,0.0,0.0,0.0,0.0,0.0,0.0,42.0,12.0,0.0,0.0,0.0,0.0,0.0,1.0,1.0,0.0,0.0,0.0,32.0,17.0,2.0,0.0,0.0,0.0,0.0,0.0,0.0,0.0,0.0,0.0,35.0,7.0,2.0,0.0,0.0,0.0,0.0,2.0,2.0,0.0,0.0,0.0,0.0,0.0,24.0,9.0,5.0,0.0,0.0,0.0,0.0,2.0,0.0,0.0,0.0,0.0,0.0,0.0,2.0,0.0,0.0,0.0,6.0,4.0,0.0,0.0,0.0,2.0,0.0,1.0,0.0,4.0,1.0,0.0,1.0,0.0,0.0,0.0,1.0,1.0,0.0,1.0,0.0,0.0,0.0,0.0,0.0,14.0,1.0,10.0,0.0,0.0,5.0,0.0,1.0,0.0,0.0,0.0,14.0,0.0,0.0,0.0,2.0,11.0,7.0,2.0,0.0,0.0,0.0,14.0,0.0,0.0,0.0,14.0,0.0,0.0,9.0,0.0,7.0,3.0,0.0,4.0,2.0,0.0,2.0,0.0,0.0,0.0,2.0,0.0,0.0,2.0,0.0,0.0,0.0,0.0,0.0,0.0,0.0,0.0,0.0,0.0,4.0,2.0,0.0,1.0,1.0,0.0,0.0,0.0,0.0,0.0,0.0,2.0,1.0,0.0,0.0,0.0,0.0,0.0,1.0,0.0,0.0,0.0,0.0,3.0,4.0,1.0,0.0,0.0,0.0,0.0,1.0,0.0,1.0,0.0,2.0,0.0,4.0,6.0,20.0,6.0,2.0,13.0,19.0,19.0,9.0,22.0
CHEMBL2111262,IC50,7.4,28.0,5.0,3.0,0.0,0.0,1.0,1.0,1.0,35.0,9.0,4.0,0.0,0.0,2.0,2.0,0.0,2.0,0.0,0.0,0.0,0.0,0.0,33.0,11.0,5.0,0.0,0.0,2.0,2.0,1.0,2.0,25.0,16.0,6.0,0.0,0.0,2.0,2.0,0.0,0.0,0.0,0.0,24.0,17.0,7.0,0.0,0.0,0.0,0.0,0.0,0.0,0.0,1.0,1.0,0.0,27.0,11.0,7.0,0.0,0.0,0.0,0.0,1.0,1.0,0.0,1.0,1.0,1.0,0.0,0.0,0.0,0.0,31.0,6.0,7.0,0.0,0.0,1.0,1.0,1.0,1.0,0.0,0.0,0.0,31.0,6.0,6.0,0.0,0.0,1.0,1.0,0.0,0.0,0.0,0.0,0.0,29.0,4.0,2.0,0.0,0.0,2.0,2.0,1.0,2.0,0.0,0.0,0.0,0.0,0.0,21.0,5.0,3.0,0.0,0.0,3.0,3.0,1.0,1.0,0.0,0.0,0.0,0.0,0.0,1.0,0.0,0.0,1.0,1.0,1.0,1.0,0.0,0.0,0.0,0.0,0.0,0.0,0.0,2.0,1.0,1.0,0.0,1.0,1.0,0.0,2.0,1.0,0.0,1.0,1.0,0.0,0.0,1.0,5.0,2.0,2.0,1.0,0.0,0.0,0.0,1.0,0.0,0.0,1.0,1.0,1.0,0.0,0.0,0.0,0.0,0.0,0.0,0.0,1.0,1.0,0.0,0.0,0.0,1.0,0.0,0.0,0.0,0.0,0.0,0.0,0.0,0.0,0.0,0.0,0.0,1.0,0.0,0.0,0.0,3.0,0.0,0.0,0.0,0.0,0.0,0.0,0.0,0.0,0.0,0.0,0.0,1.0,1.0,3.0,0.0,0.0,0.0,0.0,1.0,0.0,0.0,0.0,0.0,0.0,4.0,2.0,1.0,1.0,0.0,1.0,0.0,3.0,1.0,0.0,0.0,0.0,0.0,1.0,0.0,0.0,0.0,0.0,0.0,2.0,1.0,0.0,0.0,2.0,1.0,0.0,0.0,22.0,0.0,4.0,8.0,10.0,10.0,9.0,28.0
CHEMBL352005,IC50,33.0,23.0,4.0,3.0,0.0,0.0,1.0,1.0,1.0,31.0,7.0,4.0,0.0,0.0,2.0,2.0,0.0,2.0,0.0,0.0,0.0,0.0,0.0,24.0,12.0,8.0,0.0,0.0,2.0,2.0,0.0,1.0,20.0,12.0,6.0,0.0,0.0,2.0,2.0,0.0,0.0,0.0,0.0,20.0,11.0,6.0,0.0,0.0,0.0,0.0,0.0,0.0,0.0,1.0,1.0,0.0,23.0,5.0,5.0,0.0,0.0,0.0,0.0,1.0,1.0,0.0,1.0,1.0,1.0,0.0,0.0,0.0,0.0,24.0,2.0,5.0,0.0,0.0,1.0,1.0,1.0,1.0,0.0,0.0,0.0,21.0,3.0,4.0,0.0,0.0,1.0,1.0,0.0,1.0,0.0,0.0,0.0,16.0,5.0,2.0,0.0,0.0,2.0,2.0,0.0,2.0,0.0,0.0,0.0,0.0,0.0,13.0,5.0,4.0,0.0,0.0,3.0,3.0,0.0,0.0,0.0,0.0,0.0,0.0,0.0,0.0,0.0,0.0,0.0,0.0,0.0,0.0,0.0,0.0,0.0,0.0,0.0,0.0,3.0,2.0,0.0,2.0,0.0,0.0,1.0,1.0,2.0,0.0,0.0,1.0,1.0,0.0,0.0,1.0,7.0,2.0,4.0,1.0,0.0,4.0,0.0,0.0,0.0,0.0,1.0,6.0,3.0,0.0,0.0,0.0,0.0,0.0,0.0,0.0,3.0,0.0,0.0,0.0,0.0,0.0,0.0,0.0,0.0,0.0,0.0,0.0,0.0,0.0,0.0,0.0,0.0,3.0,0.0,0.0,0.0,1.0,0.0,0.0,0.0,0.0,0.0,0.0,0.0,0.0,0.0,0.0,0.0,1.0,1.0,2.0,0.0,0.0,0.0,0.0,1.0,0.0,0.0,0.0,0.0,0.0,3.0,2.0,0.0,0.0,0.0,0.0,0.0,3.0,0.0,0.0,0.0,0.0,3.0,0.0,0.0,0.0,0.0,0.0,0.0,3.0,0.0,1.0,0.0,2.0,1.0,0.0,0.0,16.0,0.0,4.0,7.0,9.0,9.0,7.0,22.0
CHEMBL2112906,IC50,6.9,27.0,2.0,4.0,2.0,3.0,1.0,4.0,1.0,36.0,4.0,9.0,2.0,0.0,2.0,2.0,0.0,1.0,3.0,3.0,3.0,3.0,3.0,33.0,6.0,10.0,4.0,3.0,2.0,5.0,0.0,1.0,23.0,9.0,13.0,5.0,6.0,2.0,8.0,0.0,0.0,0.0,0.0,20.0,9.0,14.0,4.0,6.0,0.0,6.0,0.0,0.0,0.0,1.0,1.0,0.0,23.0,6.0,10.0,2.0,3.0,0.0,3.0,0.0,1.0,0.0,1.0,1.0,1.0,0.0,0.0,0.0,0.0,29.0,2.0,8.0,1.0,3.0,1.0,4.0,0.0,1.0,0.0,0.0,2.0,33.0,1.0,7.0,0.0,0.0,1.0,1.0,0.0,2.0,0.0,0.0,0.0,30.0,2.0,5.0,1.0,3.0,2.0,5.0,0.0,2.0,0.0,0.0,0.0,6.0,6.0,23.0,3.0,7.0,1.0,3.0,3.0,6.0,0.0,0.0,0.0,0.0,0.0,0.0,0.0,0.0,0.0,0.0,0.0,2.0,0.0,0.0,0.0,0.0,0.0,0.0,0.0,0.0,0.0,1.0,0.0,1.0,0.0,0.0,1.0,1.0,1.0,0.0,1.0,1.0,1.0,3.0,1.0,1.0,5.0,1.0,0.0,0.0,0.0,0.0,0.0,0.0,0.0,0.0,0.0,0.0,0.0,0.0,0.0,0.0,0.0,0.0,0.0,0.0,0.0,0.0,0.0,0.0,0.0,0.0,0.0,0.0,0.0,0.0,0.0,0.0,0.0,0.0,0.0,0.0,0.0,0.0,0.0,0.0,0.0,0.0,0.0,0.0,0.0,0.0,0.0,0.0,0.0,0.0,0.0,0.0,0.0,1.0,1.0,1.0,0.0,0.0,0.0,0.0,0.0,0.0,0.0,1.0,1.0,3.0,2.0,1.0,0.0,0.0,0.0,0.0,0.0,5.0,0.0,0.0,3.0,0.0,0.0,0.0,0.0,3.0,0.0,3.0,3.0,2.0,0.0,0.0,0.0,2.0,1.0,0.0,0.0,22.0,0.0,4.0,8.0,8.0,8.0,10.0,27.0
CHEMBL4848485,IC50,2348.0,122.0,72.0,47.0,2.0,0.0,0.0,0.0,0.0,140.0,93.0,52.0,1.0,0.0,0.0,0.0,6.0,32.0,0.0,0.0,0.0,0.0,0.0,159.0,63.0,75.0,1.0,0.0,0.0,0.0,28.0,35.0,147.0,112.0,121.0,1.0,0.0,0.0,0.0,12.0,0.0,0.0,7.0,165.0,125.0,94.0,1.0,0.0,0.0,0.0,7.0,38.0,0.0,0.0,0.0,38.0,206.0,82.0,122.0,2.0,0.0,0.0,0.0,34.0,43.0,0.0,0.0,0.0,8.0,0.0,0.0,0.0,0.0,210.0,126.0,163.0,3.0,0.0,0.0,0.0,6.0,20.0,0.0,0.0,12.0,227.0,137.0,126.0,3.0,0.0,0.0,0.0,11.0,47.0,0.0,0.0,44.0,258.0,92.0,140.0,4.0,0.0,0.0,0.0,33.0,48.0,0.0,0.0,13.0,0.0,0.0,245.0,136.0,174.0,3.0,0.0,0.0,0.0,6.0,22.0,0.0,0.0,13.0,0.0,0.0,32.0,7.0,25.0,26.0,37.0,23.0,21.0,20.0,19.0,13.0,5.0,3.0,9.0,11.0,28.0,25.0,26.0,24.0,9.0,12.0,0.0,35.0,5.0,2.0,0.0,0.0,0.0,0.0,12.0,117.0,35.0,85.0,32.0,27.0,3.0,0.0,26.0,25.0,25.0,35.0,59.0,30.0,26.0,23.0,0.0,3.0,0.0,17.0,17.0,33.0,4.0,29.0,21.0,24.0,4.0,11.0,13.0,13.0,1.0,0.0,0.0,0.0,0.0,17.0,35.0,11.0,51.0,2.0,18.0,10.0,90.0,3.0,3.0,85.0,53.0,49.0,53.0,54.0,28.0,28.0,6.0,13.0,0.0,0.0,68.0,31.0,28.0,25.0,28.0,0.0,28.0,6.0,10.0,0.0,0.0,40.0,32.0,28.0,28.0,9.0,28.0,7.0,47.0,4.0,27.0,0.0,6.0,10.0,26.0,3.0,0.0,7.0,0.0,0.0,35.0,5.0,26.0,26.0,0.0,0.0,0.0,1.0,33.0,1.0,0.0,121.0,173.0,173.0,140.0,131.0
CHEMBL4875380,IC50,136.0,116.0,66.0,43.0,2.0,0.0,0.0,0.0,0.0,133.0,86.0,48.0,1.0,0.0,0.0,0.0,6.0,29.0,0.0,0.0,0.0,0.0,0.0,150.0,60.0,69.0,1.0,0.0,0.0,0.0,26.0,32.0,139.0,104.0,114.0,1.0,0.0,0.0,0.0,11.0,0.0,0.0,6.0,156.0,118.0,89.0,1.0,0.0,0.0,0.0,6.0,35.0,0.0,0.0,0.0,36.0,196.0,78.0,111.0,2.0,0.0,0.0,0.0,31.0,41.0,0.0,0.0,0.0,9.0,0.0,0.0,0.0,0.0,203.0,116.0,152.0,3.0,0.0,0.0,0.0,6.0,18.0,0.0,0.0,10.0,219.0,129.0,120.0,3.0,0.0,0.0,0.0,10.0,42.0,0.0,0.0,39.0,245.0,89.0,134.0,4.0,0.0,0.0,0.0,30.0,44.0,0.0,0.0,13.0,0.0,0.0,230.0,128.0,166.0,3.0,0.0,0.0,0.0,6.0,21.0,0.0,0.0,12.0,0.0,0.0,31.0,7.0,25.0,25.0,32.0,22.0,20.0,20.0,20.0,11.0,4.0,2.0,7.0,11.0,27.0,25.0,25.0,24.0,8.0,11.0,0.0,32.0,4.0,2.0,0.0,0.0,0.0,0.0,11.0,108.0,32.0,79.0,29.0,25.0,3.0,0.0,25.0,25.0,25.0,32.0,56.0,28.0,24.0,24.0,0.0,3.0,0.0,17.0,17.0,31.0,4.0,28.0,20.0,23.0,4.0,11.0,12.0,13.0,1.0,0.0,0.0,0.0,0.0,16.0,33.0,10.0,48.0,0.0,17.0,9.0,83.0,0.0,0.0,77.0,50.0,48.0,50.0,50.0,25.0,25.0,6.0,12.0,0.0,0.0,62.0,27.0,25.0,25.0,25.0,0.0,25.0,6.0,9.0,0.0,0.0,37.0,29.0,26.0,26.0,8.0,26.0,6.0,43.0,4.0,25.0,0.0,6.0,10.0,24.0,3.0,0.0,6.0,0.0,0.0,32.0,4.0,25.0,24.0,0.0,0.0,0.0,1.0,33.0,1.0,0.0,111.0,161.0,161.0,129.0,125.0
CHEMBL4861024,IC50,36.35,112.0,62.0,40.0,2.0,0.0,0.0,0.0,0.0,129.0,81.0,44.0,1.0,0.0,0.0,0.0,6.0,27.0,0.0,0.0,0.0,0.0,0.0,143.0,58.0,65.0,1.0,0.0,0.0,0.0,24.0,29.0,132.0,99.0,106.0,1.0,0.0,0.0,0.0,10.0,0.0,0.0,5.0,147.0,112.0,83.0,1.0,0.0,0.0,0.0,6.0,33.0,0.0,0.0,0.0,33.0,183.0,75.0,104.0,2.0,0.0,0.0,0.0,29.0,38.0,0.0,0.0,0.0,9.0,0.0,0.0,0.0,0.0,190.0,109.0,141.0,3.0,0.0,0.0,0.0,6.0,17.0,0.0,0.0,9.0,205.0,121.0,111.0,3.0,0.0,0.0,0.0,10.0,40.0,0.0,0.0,36.0,229.0,85.0,124.0,4.0,0.0,0.0,0.0,28.0,41.0,0.0,0.0,13.0,0.0,0.0,219.0,121.0,152.0,3.0,0.0,0.0,0.0,6.0,20.0,0.0,0.0,10.0,0.0,0.0,29.0,6.0,23.0,24.0,31.0,22.0,20.0,20.0,19.0,11.0,4.0,2.0,6.0,10.0,25.0,23.0,23.0,23.0,8.0,10.0,0.0,30.0,4.0,2.0,0.0,0.0,0.0,0.0,10.0,102.0,30.0,75.0,27.0,23.0,3.0,0.0,24.0,23.0,23.0,30.0,54.0,27.0,23.0,23.0,0.0,3.0,0.0,16.0,16.0,30.0,4.0,27.0,19.0,22.0,4.0,11.0,12.0,13.0,1.0,0.0,0.0,0.0,0.0,16.0,32.0,10.0,46.0,0.0,16.0,8.0,78.0,0.0,0.0,71.0,46.0,46.0,46.0,46.0,23.0,23.0,5.0,10.0,0.0,0.0,58.0,25.0,23.0,23.0,23.0,0.0,23.0,5.0,8.0,0.0,0.0,35.0,27.0,24.0,24.0,7.0,24.0,5.0,40.0,4.0,23.0,0.0,5.0,9.0,24.0,3.0,0.0,5.0,0.0,0.0,30.0,4.0,23.0,22.0,0.0,0.0,0.0,1.0,33.0,1.0,0.0,104.0,152.0,152.0,122.0,119.0
CHEMBL2112904,IC50,163.0,23.0,3.0,2.0,2.0,0.0,0.0,0.0,1.0,30.0,5.0,7.0,3.0,0.0,0.0,0.0,0.0,1.0,0.0,0.0,0.0,0.0,0.0,29.0,8.0,11.0,2.0,0.0,0.0,0.0,0.0,1.0,21.0,11.0,8.0,3.0,0.0,0.0,0.0,1.0,0.0,0.0,0.0,17.0,12.0,10.0,3.0,0.0,0.0,0.0,0.0,0.0,0.0,0.0,0.0,0.0,18.0,7.0,8.0,2.0,0.0,0.0,0.0,1.0,2.0,0.0,0.0,0.0,1.0,0.0,0.0,0.0,0.0,22.0,2.0,7.0,0.0,0.0,0.0,0.0,1.0,1.0,0.0,0.0,0.0,21.0,2.0,4.0,0.0,0.0,0.0,0.0,0.0,2.0,0.0,0.0,0.0,18.0,4.0,3.0,1.0,0.0,0.0,0.0,0.0,2.0,0.0,0.0,0.0,0.0,0.0,17.0,4.0,4.0,1.0,0.0,0.0,0.0,0.0,0.0,0.0,0.0,0.0,0.0,0.0,1.0,1.0,0.0,0.0,1.0,0.0,0.0,0.0,0.0,0.0,0.0,0.0,0.0,2.0,1.0,0.0,1.0,0.0,0.0,1.0,0.0,1.0,0.0,0.0,1.0,0.0,0.0,0.0,1.0,7.0,1.0,2.0,0.0,0.0,0.0,0.0,0.0,0.0,0.0,0.0,1.0,0.0,0.0,0.0,0.0,0.0,0.0,0.0,0.0,0.0,0.0,0.0,0.0,0.0,0.0,0.0,0.0,0.0,0.0,0.0,0.0,0.0,0.0,0.0,0.0,0.0,0.0,0.0,0.0,0.0,0.0,0.0,0.0,0.0,0.0,0.0,0.0,0.0,0.0,0.0,0.0,0.0,0.0,0.0,1.0,0.0,0.0,0.0,0.0,0.0,0.0,0.0,0.0,0.0,0.0,3.0,1.0,0.0,0.0,0.0,0.0,0.0,4.0,0.0,0.0,0.0,0.0,2.0,0.0,0.0,0.0,0.0,0.0,0.0,2.0,0.0,0.0,0.0,2.0,0.0,0.0,0.0,16.0,0.0,4.0,7.0,9.0,9.0,7.0,21.0
CHEMBL152747,IC50,51.7,26.0,4.0,5.0,0.0,0.0,2.0,2.0,1.0,32.0,7.0,7.0,0.0,0.0,4.0,4.0,0.0,2.0,0.0,0.0,0.0,0.0,0.0,30.0,8.0,8.0,0.0,0.0,4.0,4.0,0.0,2.0,21.0,11.0,11.0,0.0,0.0,3.0,3.0,0.0,0.0,0.0,0.0,18.0,11.0,11.0,0.0,0.0,0.0,0.0,0.0,0.0,0.0,2.0,2.0,0.0,19.0,8.0,8.0,0.0,0.0,1.0,1.0,0.0,2.0,0.0,1.0,1.0,1.0,0.0,0.0,0.0,0.0,24.0,5.0,7.0,0.0,0.0,2.0,2.0,0.0,2.0,0.0,0.0,0.0,29.0,4.0,7.0,0.0,0.0,1.0,1.0,0.0,0.0,0.0,0.0,0.0,32.0,1.0,3.0,0.0,0.0,3.0,3.0,1.0,1.0,0.0,0.0,1.0,0.0,0.0,26.0,1.0,5.0,0.0,0.0,5.0,5.0,1.0,1.0,0.0,0.0,0.0,0.0,0.0,0.0,0.0,0.0,0.0,1.0,0.0,0.0,0.0,0.0,0.0,0.0,0.0,1.0,0.0,2.0,0.0,2.0,0.0,0.0,1.0,0.0,2.0,0.0,1.0,1.0,2.0,0.0,1.0,1.0,4.0,2.0,1.0,1.0,0.0,0.0,0.0,0.0,0.0,0.0,1.0,0.0,0.0,0.0,0.0,0.0,0.0,0.0,0.0,0.0,0.0,0.0,0.0,0.0,0.0,0.0,0.0,0.0,0.0,0.0,0.0,0.0,0.0,0.0,0.0,0.0,0.0,0.0,0.0,0.0,0.0,1.0,0.0,0.0,0.0,0.0,0.0,0.0,0.0,0.0,0.0,0.0,1.0,2.0,2.0,2.0,0.0,0.0,0.0,0.0,1.0,0.0,0.0,1.0,1.0,0.0,3.0,2.0,0.0,0.0,0.0,0.0,1.0,4.0,0.0,0.0,0.0,0.0,0.0,0.0,0.0,0.0,0.0,0.0,0.0,3.0,0.0,1.0,0.0,2.0,2.0,0.0,0.0,22.0,0.0,4.0,9.0,8.0,8.0,9.0,27.0
CHEMBL153879,IC50,10.4,30.0,9.0,3.0,0.0,0.0,0.0,0.0,1.0,43.0,9.0,4.0,0.0,0.0,0.0,0.0,0.0,2.0,0.0,0.0,0.0,0.0,0.0,41.0,11.0,8.0,0.0,0.0,0.0,0.0,1.0,1.0,30.0,19.0,8.0,0.0,0.0,0.0,0.0,1.0,0.0,0.0,0.0,31.0,18.0,9.0,0.0,0.0,0.0,0.0,0.0,1.0,0.0,0.0,0.0,0.0,33.0,13.0,9.0,0.0,0.0,0.0,0.0,1.0,2.0,0.0,0.0,0.0,1.0,0.0,0.0,0.0,0.0,40.0,9.0,6.0,0.0,0.0,0.0,0.0,1.0,1.0,0.0,0.0,0.0,46.0,6.0,4.0,0.0,0.0,0.0,0.0,1.0,1.0,0.0,0.0,0.0,45.0,6.0,3.0,0.0,0.0,0.0,0.0,1.0,1.0,0.0,0.0,0.0,0.0,0.0,36.0,9.0,4.0,0.0,0.0,0.0,0.0,0.0,0.0,0.0,0.0,0.0,0.0,0.0,0.0,0.0,0.0,0.0,4.0,0.0,0.0,0.0,0.0,1.0,0.0,0.0,1.0,2.0,1.0,0.0,1.0,0.0,0.0,1.0,0.0,2.0,0.0,0.0,1.0,0.0,0.0,0.0,1.0,10.0,2.0,2.0,1.0,0.0,0.0,0.0,0.0,0.0,0.0,1.0,0.0,0.0,0.0,0.0,0.0,0.0,0.0,0.0,0.0,0.0,1.0,0.0,0.0,0.0,0.0,0.0,0.0,0.0,0.0,0.0,0.0,0.0,0.0,0.0,0.0,0.0,0.0,0.0,0.0,0.0,3.0,3.0,1.0,6.0,1.0,0.0,1.0,1.0,0.0,0.0,0.0,0.0,0.0,0.0,7.0,6.0,2.0,0.0,2.0,0.0,0.0,0.0,0.0,0.0,0.0,5.0,2.0,0.0,0.0,0.0,1.0,0.0,3.0,0.0,0.0,0.0,0.0,0.0,1.0,0.0,0.0,0.0,0.0,0.0,3.0,0.0,0.0,0.0,2.0,0.0,0.0,0.0,22.0,0.0,4.0,12.0,13.0,13.0,12.0,28.0
CHEMBL4876913,IC50,162.9,113.0,62.0,40.0,2.0,0.0,0.0,0.0,0.0,130.0,81.0,44.0,1.0,0.0,0.0,0.0,6.0,27.0,0.0,0.0,0.0,0.0,0.0,144.0,58.0,65.0,1.0,0.0,0.0,0.0,24.0,29.0,133.0,99.0,106.0,1.0,0.0,0.0,0.0,10.0,0.0,0.0,5.0,148.0,113.0,83.0,1.0,0.0,0.0,0.0,6.0,31.0,0.0,0.0,0.0,33.0,184.0,76.0,105.0,2.0,0.0,0.0,0.0,29.0,38.0,0.0,0.0,0.0,7.0,0.0,0.0,0.0,0.0,192.0,109.0,140.0,3.0,0.0,0.0,0.0,6.0,19.0,0.0,0.0,9.0,208.0,122.0,109.0,3.0,0.0,0.0,0.0,10.0,38.0,0.0,0.0,38.0,231.0,86.0,128.0,4.0,0.0,0.0,0.0,28.0,41.0,0.0,0.0,9.0,0.0,0.0,223.0,121.0,149.0,3.0,0.0,0.0,0.0,6.0,22.0,0.0,0.0,12.0,0.0,0.0,29.0,6.0,23.0,24.0,32.0,22.0,20.0,20.0,19.0,12.0,5.0,2.0,6.0,10.0,25.0,23.0,23.0,23.0,8.0,10.0,0.0,30.0,4.0,2.0,0.0,0.0,0.0,0.0,10.0,103.0,30.0,76.0,27.0,23.0,3.0,0.0,24.0,23.0,23.0,30.0,55.0,27.0,23.0,23.0,0.0,3.0,0.0,16.0,16.0,30.0,4.0,28.0,19.0,22.0,4.0,12.0,12.0,13.0,2.0,0.0,0.0,0.0,0.0,17.0,32.0,10.0,46.0,0.0,16.0,8.0,78.0,0.0,0.0,71.0,46.0,46.0,46.0,46.0,23.0,23.0,5.0,10.0,0.0,0.0,58.0,25.0,23.0,23.0,23.0,0.0,23.0,5.0,8.0,0.0,0.0,35.0,27.0,24.0,24.0,7.0,24.0,5.0,40.0,4.0,23.0,0.0,5.0,9.0,25.0,3.0,0.0,5.0,0.0,0.0,30.0,4.0,23.0,22.0,0.0,0.0,0.0,1.0,33.0,1.0,0.0,104.0,153.0,153.0,123.0,119.0
CHEMBL2159327,IC50,37.9,28.0,5.0,5.0,0.0,0.0,3.0,3.0,1.0,34.0,10.0,6.0,0.0,0.0,6.0,6.0,0.0,1.0,0.0,0.0,0.0,0.0,0.0,32.0,12.0,8.0,0.0,0.0,6.0,6.0,0.0,0.0,30.0,14.0,4.0,0.0,0.0,7.0,7.0,2.0,0.0,0.0,0.0,36.0,10.0,5.0,0.0,0.0,4.0,4.0,0.0,0.0,0.0,3.0,3.0,0.0,39.0,5.0,4.0,0.0,0.0,5.0,5.0,0.0,1.0,0.0,3.0,3.0,2.0,0.0,0.0,0.0,0.0,39.0,2.0,6.0,0.0,0.0,6.0,6.0,1.0,2.0,0.0,0.0,0.0,35.0,4.0,7.0,0.0,0.0,10.0,10.0,1.0,1.0,0.0,0.0,0.0,26.0,7.0,9.0,0.0,0.0,12.0,12.0,0.0,0.0,0.0,0.0,0.0,0.0,0.0,22.0,6.0,9.0,0.0,0.0,8.0,8.0,0.0,0.0,0.0,0.0,0.0,0.0,0.0,0.0,0.0,0.0,0.0,5.0,0.0,0.0,0.0,0.0,2.0,0.0,1.0,1.0,1.0,1.0,0.0,1.0,0.0,0.0,1.0,0.0,2.0,0.0,1.0,1.0,3.0,0.0,1.0,1.0,8.0,2.0,4.0,0.0,0.0,0.0,0.0,0.0,0.0,0.0,1.0,2.0,0.0,0.0,0.0,0.0,0.0,0.0,0.0,0.0,1.0,0.0,0.0,0.0,0.0,0.0,0.0,0.0,0.0,0.0,0.0,0.0,0.0,0.0,0.0,0.0,0.0,1.0,0.0,1.0,2.0,1.0,0.0,0.0,1.0,0.0,0.0,1.0,0.0,0.0,0.0,0.0,2.0,3.0,3.0,2.0,1.0,0.0,0.0,1.0,0.0,0.0,0.0,2.0,1.0,0.0,1.0,1.0,0.0,0.0,1.0,0.0,0.0,4.0,0.0,0.0,0.0,0.0,1.0,2.0,0.0,0.0,0.0,0.0,0.0,2.0,0.0,1.0,0.0,2.0,3.0,1.0,2.0,23.0,2.0,2.0,10.0,10.0,10.0,10.0,25.0
CHEMBL2159334,IC50,100.3,27.0,5.0,5.0,0.0,3.0,2.0,5.0,1.0,34.0,11.0,5.0,0.0,0.0,4.0,4.0,0.0,1.0,3.0,3.0,3.0,3.0,3.0,34.0,13.0,7.0,0.0,3.0,4.0,7.0,0.0,0.0,32.0,14.0,4.0,0.0,6.0,4.0,10.0,2.0,0.0,0.0,0.0,36.0,10.0,5.0,0.0,6.0,2.0,8.0,0.0,0.0,0.0,2.0,2.0,0.0,41.0,5.0,4.0,0.0,3.0,2.0,5.0,0.0,1.0,0.0,2.0,2.0,2.0,0.0,0.0,0.0,0.0,40.0,3.0,7.0,0.0,3.0,4.0,7.0,1.0,2.0,0.0,0.0,0.0,35.0,3.0,8.0,0.0,3.0,8.0,11.0,1.0,1.0,3.0,3.0,0.0,25.0,5.0,9.0,0.0,6.0,8.0,14.0,0.0,0.0,3.0,3.0,0.0,0.0,0.0,19.0,5.0,9.0,0.0,9.0,6.0,15.0,0.0,0.0,0.0,0.0,0.0,0.0,0.0,1.0,1.0,0.0,0.0,2.0,0.0,0.0,0.0,0.0,1.0,0.0,1.0,1.0,1.0,1.0,0.0,1.0,0.0,0.0,1.0,1.0,2.0,0.0,2.0,0.0,2.0,3.0,1.0,1.0,7.0,2.0,3.0,0.0,0.0,0.0,0.0,0.0,0.0,0.0,1.0,1.0,0.0,0.0,0.0,0.0,0.0,0.0,0.0,0.0,1.0,1.0,0.0,0.0,0.0,0.0,0.0,0.0,0.0,0.0,0.0,0.0,0.0,0.0,0.0,0.0,0.0,1.0,0.0,1.0,1.0,1.0,0.0,0.0,1.0,0.0,0.0,1.0,0.0,0.0,0.0,0.0,1.0,2.0,2.0,2.0,1.0,0.0,0.0,1.0,0.0,0.0,0.0,2.0,1.0,3.0,1.0,1.0,0.0,0.0,1.0,0.0,0.0,4.0,0.0,0.0,3.0,0.0,1.0,1.0,0.0,3.0,0.0,3.0,3.0,2.0,0.0,1.0,0.0,2.0,2.0,1.0,2.0,23.0,2.0,2.0,10.0,8.0,8.0,9.0,27.0
CHEMBL345589,IC50,29.8,21.0,3.0,3.0,0.0,0.0,0.0,0.0,1.0,28.0,5.0,4.0,0.0,0.0,0.0,0.0,0.0,1.0,0.0,0.0,0.0,0.0,0.0,26.0,8.0,7.0,0.0,0.0,0.0,0.0,0.0,1.0,17.0,11.0,7.0,0.0,0.0,0.0,0.0,1.0,0.0,0.0,0.0,10.0,12.0,7.0,0.0,0.0,0.0,0.0,0.0,0.0,0.0,0.0,0.0,0.0,9.0,7.0,4.0,0.0,0.0,0.0,0.0,1.0,2.0,0.0,0.0,0.0,1.0,0.0,0.0,0.0,0.0,14.0,2.0,3.0,0.0,0.0,0.0,0.0,1.0,2.0,0.0,0.0,0.0,17.0,1.0,4.0,0.0,0.0,0.0,0.0,0.0,1.0,0.0,0.0,0.0,18.0,1.0,4.0,0.0,0.0,0.0,0.0,0.0,0.0,0.0,0.0,0.0,0.0,0.0,16.0,2.0,3.0,0.0,0.0,0.0,0.0,0.0,0.0,0.0,0.0,1.0,0.0,0.0,0.0,0.0,0.0,0.0,1.0,0.0,0.0,0.0,0.0,0.0,0.0,0.0,0.0,0.0,1.0,0.0,1.0,0.0,0.0,2.0,0.0,1.0,0.0,0.0,1.0,0.0,0.0,0.0,2.0,4.0,1.0,0.0,0.0,0.0,0.0,0.0,0.0,0.0,0.0,0.0,0.0,0.0,0.0,0.0,0.0,0.0,0.0,0.0,0.0,0.0,0.0,0.0,0.0,0.0,0.0,0.0,0.0,0.0,0.0,0.0,0.0,0.0,0.0,0.0,0.0,0.0,0.0,0.0,0.0,0.0,0.0,0.0,0.0,0.0,0.0,0.0,0.0,0.0,0.0,0.0,0.0,0.0,0.0,0.0,1.0,0.0,0.0,0.0,0.0,0.0,0.0,0.0,1.0,0.0,0.0,3.0,1.0,0.0,0.0,0.0,0.0,0.0,3.0,0.0,0.0,0.0,0.0,0.0,0.0,0.0,0.0,1.0,0.0,0.0,2.0,0.0,0.0,0.0,2.0,0.0,0.0,0.0,16.0,0.0,4.0,6.0,6.0,6.0,5.0,19.0
CHEMBL472586,IC50,420.0,24.0,7.0,5.0,4.0,3.0,0.0,3.0,0.0,34.0,7.0,5.0,3.0,0.0,0.0,0.0,1.0,1.0,0.0,0.0,3.0,3.0,3.0,30.0,13.0,8.0,5.0,3.0,0.0,3.0,0.0,0.0,30.0,11.0,5.0,6.0,6.0,0.0,6.0,3.0,0.0,0.0,0.0,32.0,10.0,5.0,6.0,6.0,0.0,6.0,0.0,0.0,0.0,0.0,0.0,0.0,33.0,8.0,3.0,7.0,3.0,0.0,3.0,0.0,1.0,0.0,0.0,0.0,2.0,0.0,0.0,0.0,0.0,36.0,3.0,6.0,2.0,0.0,0.0,0.0,1.0,1.0,3.0,3.0,0.0,32.0,5.0,9.0,6.0,6.0,0.0,6.0,0.0,0.0,0.0,0.0,0.0,33.0,3.0,8.0,3.0,3.0,0.0,3.0,1.0,1.0,3.0,3.0,0.0,0.0,0.0,25.0,6.0,9.0,4.0,12.0,0.0,12.0,0.0,0.0,0.0,0.0,0.0,0.0,0.0,0.0,0.0,0.0,0.0,3.0,0.0,0.0,0.0,0.0,1.0,0.0,1.0,1.0,1.0,1.0,0.0,1.0,0.0,0.0,1.0,1.0,2.0,0.0,2.0,0.0,0.0,3.0,1.0,1.0,7.0,2.0,2.0,0.0,0.0,0.0,0.0,0.0,0.0,0.0,1.0,1.0,0.0,0.0,0.0,0.0,0.0,0.0,0.0,0.0,1.0,0.0,0.0,0.0,0.0,0.0,0.0,0.0,0.0,0.0,0.0,0.0,0.0,0.0,0.0,0.0,0.0,1.0,0.0,1.0,1.0,1.0,0.0,0.0,1.0,0.0,0.0,1.0,0.0,0.0,0.0,0.0,1.0,0.0,0.0,3.0,1.0,0.0,0.0,1.0,1.0,0.0,0.0,2.0,1.0,3.0,2.0,1.0,0.0,0.0,1.0,0.0,0.0,4.0,0.0,0.0,0.0,0.0,0.0,1.0,0.0,3.0,0.0,3.0,3.0,2.0,0.0,1.0,0.0,2.0,0.0,1.0,2.0,23.0,2.0,2.0,16.0,8.0,8.0,12.0,26.0
CHEMBL351333,IC50,6400.0,25.0,2.0,8.0,0.0,0.0,1.0,1.0,0.0,33.0,3.0,10.0,0.0,0.0,2.0,2.0,0.0,1.0,0.0,0.0,0.0,0.0,0.0,32.0,3.0,12.0,0.0,0.0,2.0,2.0,0.0,0.0,26.0,2.0,15.0,0.0,0.0,1.0,1.0,0.0,0.0,1.0,1.0,27.0,2.0,12.0,0.0,0.0,1.0,1.0,0.0,1.0,0.0,0.0,0.0,0.0,26.0,2.0,12.0,0.0,0.0,1.0,1.0,0.0,0.0,0.0,0.0,0.0,0.0,1.0,0.0,0.0,0.0,26.0,1.0,9.0,0.0,0.0,1.0,1.0,0.0,2.0,0.0,0.0,3.0,26.0,2.0,7.0,0.0,0.0,1.0,1.0,0.0,1.0,0.0,0.0,1.0,24.0,1.0,9.0,0.0,0.0,2.0,2.0,0.0,0.0,0.0,0.0,0.0,0.0,0.0,21.0,1.0,13.0,0.0,0.0,2.0,2.0,0.0,0.0,0.0,0.0,0.0,0.0,0.0,1.0,1.0,0.0,0.0,1.0,0.0,0.0,0.0,0.0,0.0,0.0,0.0,0.0,4.0,1.0,0.0,1.0,0.0,0.0,1.0,0.0,1.0,0.0,1.0,1.0,1.0,0.0,3.0,1.0,9.0,1.0,3.0,1.0,0.0,0.0,1.0,0.0,0.0,0.0,1.0,1.0,0.0,0.0,0.0,0.0,0.0,0.0,0.0,0.0,0.0,2.0,0.0,0.0,0.0,0.0,0.0,0.0,0.0,0.0,0.0,0.0,0.0,0.0,0.0,0.0,0.0,0.0,0.0,0.0,0.0,1.0,0.0,0.0,0.0,0.0,0.0,0.0,0.0,0.0,0.0,0.0,0.0,1.0,1.0,1.0,0.0,0.0,0.0,0.0,1.0,0.0,0.0,3.0,3.0,0.0,1.0,1.0,0.0,0.0,0.0,0.0,0.0,5.0,0.0,0.0,0.0,0.0,2.0,0.0,1.0,0.0,0.0,0.0,0.0,1.0,0.0,1.0,0.0,1.0,1.0,0.0,0.0,18.0,0.0,3.0,10.0,12.0,12.0,10.0,23.0
CHEMBL1922926,IC50,12.0,31.0,5.0,4.0,0.0,3.0,2.0,5.0,0.0,40.0,8.0,5.0,0.0,3.0,4.0,7.0,0.0,1.0,0.0,0.0,3.0,3.0,3.0,41.0,8.0,8.0,0.0,6.0,5.0,11.0,0.0,1.0,42.0,7.0,8.0,0.0,6.0,3.0,9.0,2.0,0.0,0.0,0.0,48.0,3.0,11.0,0.0,3.0,1.0,4.0,0.0,0.0,3.0,2.0,5.0,0.0,49.0,4.0,9.0,0.0,6.0,4.0,10.0,0.0,0.0,0.0,0.0,0.0,2.0,0.0,0.0,0.0,0.0,45.0,3.0,8.0,0.0,12.0,7.0,19.0,0.0,0.0,0.0,0.0,0.0,39.0,3.0,7.0,0.0,9.0,7.0,16.0,0.0,0.0,0.0,0.0,0.0,33.0,3.0,4.0,0.0,9.0,7.0,16.0,0.0,1.0,0.0,0.0,1.0,0.0,0.0,26.0,2.0,5.0,0.0,6.0,5.0,11.0,1.0,1.0,0.0,0.0,0.0,0.0,0.0,1.0,0.0,0.0,1.0,5.0,2.0,2.0,0.0,0.0,2.0,0.0,1.0,1.0,1.0,1.0,0.0,1.0,0.0,0.0,1.0,1.0,3.0,0.0,1.0,2.0,2.0,3.0,0.0,1.0,11.0,3.0,7.0,0.0,0.0,1.0,0.0,0.0,0.0,0.0,2.0,6.0,0.0,0.0,0.0,0.0,1.0,0.0,0.0,0.0,3.0,1.0,3.0,0.0,1.0,2.0,2.0,0.0,1.0,0.0,0.0,0.0,0.0,0.0,0.0,0.0,0.0,1.0,0.0,1.0,1.0,1.0,0.0,0.0,1.0,0.0,0.0,1.0,0.0,0.0,0.0,0.0,1.0,2.0,2.0,2.0,1.0,0.0,0.0,1.0,0.0,0.0,0.0,1.0,0.0,3.0,1.0,1.0,0.0,0.0,1.0,0.0,0.0,4.0,1.0,0.0,0.0,0.0,1.0,4.0,1.0,3.0,0.0,0.0,0.0,2.0,0.0,1.0,0.0,3.0,2.0,0.0,1.0,21.0,1.0,4.0,9.0,11.0,11.0,12.0,27.0
CHEMBL1922928,IC50,28.0,31.0,5.0,8.0,0.0,0.0,1.0,1.0,0.0,40.0,8.0,11.0,0.0,0.0,2.0,2.0,0.0,1.0,0.0,0.0,0.0,0.0,0.0,43.0,8.0,12.0,0.0,0.0,2.0,2.0,0.0,1.0,45.0,6.0,10.0,0.0,0.0,2.0,2.0,3.0,0.0,0.0,0.0,48.0,4.0,13.0,0.0,0.0,1.0,1.0,0.0,1.0,0.0,1.0,1.0,0.0,47.0,5.0,15.0,0.0,0.0,2.0,2.0,0.0,0.0,0.0,0.0,0.0,2.0,0.0,0.0,0.0,0.0,48.0,3.0,14.0,0.0,0.0,3.0,3.0,0.0,0.0,0.0,0.0,1.0,43.0,3.0,14.0,0.0,0.0,4.0,4.0,0.0,0.0,0.0,0.0,1.0,37.0,3.0,10.0,0.0,0.0,3.0,3.0,0.0,1.0,0.0,0.0,1.0,0.0,1.0,28.0,2.0,10.0,0.0,0.0,4.0,4.0,1.0,1.0,0.0,0.0,0.0,0.0,1.0,1.0,0.0,0.0,1.0,7.0,2.0,2.0,0.0,0.0,3.0,0.0,1.0,1.0,1.0,1.0,0.0,1.0,0.0,0.0,1.0,0.0,3.0,0.0,1.0,2.0,1.0,0.0,2.0,1.0,12.0,3.0,8.0,0.0,0.0,1.0,0.0,0.0,0.0,0.0,2.0,6.0,0.0,0.0,0.0,0.0,1.0,0.0,0.0,0.0,3.0,1.0,3.0,0.0,1.0,2.0,2.0,0.0,1.0,0.0,0.0,0.0,0.0,0.0,0.0,0.0,0.0,1.0,0.0,1.0,1.0,1.0,0.0,0.0,1.0,0.0,0.0,1.0,0.0,0.0,0.0,0.0,3.0,1.0,1.0,2.0,1.0,0.0,0.0,1.0,0.0,0.0,0.0,3.0,2.0,0.0,1.0,1.0,0.0,0.0,1.0,0.0,0.0,6.0,1.0,0.0,0.0,0.0,1.0,4.0,1.0,0.0,0.0,0.0,0.0,2.0,0.0,1.0,0.0,3.0,1.0,0.0,1.0,21.0,3.0,4.0,13.0,14.0,14.0,11.0,26.0
CHEMBL1922933,IC50,10.0,33.0,5.0,4.0,0.0,3.0,1.0,4.0,0.0,42.0,8.0,5.0,0.0,3.0,2.0,5.0,0.0,1.0,0.0,0.0,3.0,3.0,3.0,43.0,8.0,8.0,0.0,6.0,2.0,8.0,0.0,1.0,44.0,7.0,8.0,0.0,6.0,2.0,8.0,2.0,0.0,0.0,0.0,51.0,3.0,11.0,0.0,3.0,1.0,4.0,0.0,0.0,3.0,1.0,4.0,0.0,53.0,4.0,10.0,0.0,6.0,2.0,8.0,0.0,0.0,0.0,0.0,0.0,2.0,0.0,0.0,0.0,0.0,50.0,4.0,9.0,0.0,12.0,3.0,15.0,0.0,0.0,0.0,0.0,0.0,47.0,4.0,7.0,0.0,9.0,4.0,13.0,0.0,0.0,0.0,0.0,0.0,43.0,3.0,4.0,0.0,9.0,4.0,13.0,0.0,1.0,0.0,0.0,1.0,0.0,0.0,36.0,2.0,5.0,0.0,6.0,3.0,9.0,1.0,1.0,0.0,0.0,0.0,0.0,0.0,1.0,0.0,0.0,1.0,7.0,2.0,2.0,0.0,0.0,4.0,2.0,1.0,1.0,1.0,1.0,0.0,1.0,0.0,0.0,1.0,1.0,3.0,0.0,1.0,1.0,1.0,3.0,0.0,1.0,13.0,3.0,9.0,0.0,0.0,1.0,0.0,0.0,0.0,0.0,2.0,8.0,0.0,0.0,0.0,0.0,1.0,0.0,0.0,0.0,3.0,1.0,5.0,0.0,1.0,2.0,4.0,0.0,1.0,3.0,0.0,2.0,0.0,0.0,0.0,0.0,0.0,1.0,0.0,1.0,1.0,1.0,0.0,0.0,1.0,0.0,0.0,1.0,0.0,0.0,0.0,0.0,1.0,1.0,1.0,2.0,1.0,0.0,0.0,1.0,0.0,0.0,0.0,1.0,0.0,3.0,1.0,1.0,0.0,0.0,1.0,0.0,0.0,4.0,1.0,0.0,0.0,0.0,1.0,6.0,1.0,3.0,0.0,0.0,0.0,2.0,0.0,1.0,0.0,3.0,1.0,0.0,1.0,21.0,1.0,4.0,9.0,13.0,13.0,14.0,27.0
CHEMBL2435137,IC50,1230.27,22.0,4.0,0.0,2.0,1.0,0.0,1.0,0.0,30.0,6.0,0.0,2.0,2.0,0.0,2.0,0.0,0.0,0.0,0.0,0.0,0.0,0.0,30.0,6.0,0.0,2.0,2.0,0.0,2.0,0.0,0.0,28.0,7.0,0.0,1.0,1.0,0.0,1.0,0.0,0.0,0.0,0.0,30.0,4.0,0.0,1.0,1.0,0.0,1.0,1.0,0.0,0.0,0.0,0.0,0.0,29.0,4.0,0.0,1.0,2.0,0.0,2.0,0.0,0.0,0.0,0.0,0.0,0.0,0.0,0.0,0.0,0.0,26.0,4.0,0.0,2.0,2.0,0.0,2.0,0.0,0.0,1.0,1.0,0.0,18.0,4.0,0.0,2.0,3.0,0.0,3.0,0.0,0.0,0.0,0.0,0.0,8.0,3.0,0.0,4.0,4.0,0.0,4.0,0.0,0.0,0.0,0.0,0.0,0.0,0.0,5.0,1.0,0.0,4.0,2.0,0.0,2.0,0.0,0.0,1.0,1.0,0.0,0.0,0.0,0.0,0.0,0.0,0.0,1.0,0.0,0.0,0.0,0.0,0.0,0.0,0.0,0.0,1.0,0.0,0.0,0.0,0.0,0.0,0.0,0.0,0.0,0.0,2.0,0.0,0.0,1.0,0.0,0.0,5.0,0.0,2.0,0.0,0.0,0.0,0.0,0.0,0.0,0.0,0.0,1.0,0.0,0.0,0.0,0.0,0.0,0.0,0.0,0.0,0.0,2.0,0.0,0.0,0.0,2.0,0.0,0.0,0.0,0.0,0.0,0.0,0.0,0.0,0.0,0.0,0.0,0.0,0.0,0.0,0.0,0.0,0.0,0.0,0.0,0.0,0.0,0.0,0.0,0.0,0.0,0.0,0.0,0.0,0.0,1.0,0.0,0.0,0.0,0.0,0.0,0.0,0.0,0.0,0.0,1.0,1.0,0.0,0.0,0.0,0.0,0.0,0.0,0.0,0.0,0.0,0.0,0.0,0.0,1.0,0.0,0.0,0.0,0.0,0.0,0.0,0.0,0.0,0.0,0.0,0.0,1.0,1.0,18.0,2.0,7.0,6.0,3.0,3.0,4.0,20.0
CHEMBL26238,IC50,1000.0,24.0,2.0,1.0,0.0,0.0,0.0,0.0,0.0,32.0,4.0,1.0,0.0,0.0,0.0,0.0,0.0,0.0,0.0,0.0,0.0,0.0,0.0,34.0,7.0,2.0,0.0,0.0,0.0,0.0,0.0,0.0,41.0,2.0,3.0,0.0,0.0,0.0,0.0,1.0,0.0,0.0,0.0,41.0,3.0,6.0,0.0,0.0,0.0,0.0,0.0,0.0,0.0,0.0,0.0,0.0,40.0,3.0,4.0,0.0,0.0,0.0,0.0,0.0,0.0,0.0,0.0,0.0,0.0,0.0,0.0,0.0,0.0,29.0,2.0,4.0,0.0,0.0,0.0,0.0,0.0,0.0,0.0,0.0,0.0,19.0,1.0,2.0,0.0,0.0,0.0,0.0,0.0,0.0,0.0,0.0,0.0,11.0,0.0,1.0,0.0,0.0,0.0,0.0,0.0,0.0,0.0,0.0,0.0,0.0,0.0,4.0,0.0,0.0,0.0,0.0,0.0,0.0,0.0,0.0,0.0,0.0,0.0,0.0,0.0,2.0,2.0,0.0,0.0,5.0,0.0,0.0,0.0,0.0,3.0,2.0,0.0,0.0,6.0,0.0,0.0,0.0,0.0,0.0,1.0,0.0,0.0,0.0,1.0,0.0,0.0,0.0,0.0,1.0,13.0,0.0,8.0,0.0,0.0,0.0,0.0,0.0,0.0,0.0,0.0,5.0,0.0,0.0,0.0,0.0,0.0,0.0,0.0,0.0,0.0,0.0,2.0,0.0,0.0,0.0,1.0,0.0,0.0,0.0,0.0,0.0,0.0,0.0,0.0,0.0,0.0,0.0,0.0,0.0,0.0,0.0,0.0,0.0,0.0,0.0,0.0,0.0,0.0,0.0,0.0,0.0,0.0,0.0,0.0,0.0,0.0,0.0,0.0,0.0,0.0,0.0,0.0,1.0,0.0,0.0,0.0,0.0,0.0,0.0,0.0,0.0,0.0,1.0,0.0,0.0,0.0,0.0,6.0,4.0,2.0,0.0,1.0,0.0,0.0,0.0,0.0,0.0,0.0,0.0,0.0,1.0,1.0,12.0,1.0,0.0,3.0,14.0,14.0,7.0,13.0
CHEMBL4227229,IC50,110.0,33.0,5.0,3.0,0.0,0.0,2.0,2.0,1.0,43.0,11.0,3.0,0.0,0.0,4.0,4.0,0.0,1.0,0.0,0.0,0.0,0.0,0.0,43.0,15.0,5.0,0.0,0.0,4.0,4.0,0.0,0.0,42.0,14.0,3.0,0.0,0.0,4.0,4.0,2.0,0.0,0.0,0.0,46.0,11.0,4.0,0.0,0.0,2.0,2.0,0.0,0.0,0.0,2.0,2.0,0.0,50.0,8.0,3.0,0.0,0.0,4.0,4.0,0.0,0.0,0.0,2.0,2.0,2.0,0.0,0.0,0.0,0.0,51.0,5.0,5.0,0.0,0.0,4.0,4.0,1.0,1.0,0.0,0.0,0.0,47.0,3.0,5.0,0.0,0.0,8.0,8.0,1.0,1.0,0.0,0.0,0.0,38.0,5.0,5.0,0.0,0.0,8.0,8.0,0.0,0.0,0.0,0.0,0.0,0.0,0.0,29.0,6.0,6.0,0.0,0.0,8.0,8.0,0.0,0.0,0.0,0.0,0.0,0.0,0.0,1.0,1.0,0.0,0.0,2.0,0.0,0.0,0.0,0.0,1.0,0.0,1.0,1.0,2.0,1.0,0.0,1.0,0.0,0.0,1.0,0.0,2.0,0.0,1.0,1.0,2.0,0.0,0.0,1.0,7.0,2.0,3.0,0.0,0.0,0.0,0.0,0.0,0.0,0.0,1.0,1.0,0.0,0.0,0.0,0.0,0.0,0.0,0.0,0.0,1.0,1.0,0.0,0.0,0.0,0.0,0.0,0.0,0.0,0.0,0.0,0.0,0.0,0.0,0.0,0.0,0.0,1.0,0.0,1.0,1.0,1.0,0.0,0.0,1.0,0.0,0.0,1.0,0.0,0.0,0.0,0.0,1.0,2.0,2.0,2.0,1.0,0.0,0.0,1.0,0.0,0.0,0.0,1.0,0.0,0.0,1.0,1.0,0.0,0.0,1.0,0.0,0.0,3.0,0.0,0.0,0.0,0.0,2.0,1.0,0.0,0.0,0.0,0.0,0.0,2.0,0.0,1.0,0.0,2.0,2.0,1.0,2.0,27.0,2.0,2.0,8.0,9.0,9.0,7.0,30.0
CHEMBL4227111,IC50,3230.0,32.0,5.0,5.0,0.0,0.0,2.0,2.0,1.0,43.0,10.0,5.0,0.0,0.0,4.0,4.0,0.0,1.0,0.0,0.0,0.0,0.0,0.0,42.0,14.0,7.0,0.0,0.0,4.0,4.0,0.0,0.0,39.0,14.0,5.0,0.0,0.0,4.0,4.0,2.0,0.0,0.0,0.0,43.0,11.0,6.0,0.0,0.0,2.0,2.0,0.0,0.0,0.0,2.0,2.0,0.0,47.0,8.0,4.0,0.0,0.0,4.0,4.0,0.0,0.0,0.0,2.0,2.0,2.0,0.0,0.0,0.0,0.0,48.0,4.0,5.0,0.0,0.0,4.0,4.0,1.0,1.0,0.0,0.0,0.0,44.0,3.0,6.0,0.0,0.0,6.0,6.0,1.0,2.0,0.0,0.0,0.0,37.0,6.0,8.0,0.0,0.0,8.0,8.0,0.0,1.0,0.0,0.0,0.0,0.0,0.0,31.0,7.0,8.0,0.0,0.0,8.0,8.0,0.0,0.0,0.0,0.0,0.0,0.0,0.0,0.0,0.0,0.0,0.0,3.0,0.0,0.0,0.0,0.0,1.0,0.0,1.0,1.0,2.0,1.0,0.0,1.0,0.0,0.0,1.0,0.0,2.0,0.0,1.0,2.0,2.0,0.0,1.0,1.0,7.0,2.0,2.0,0.0,0.0,0.0,0.0,0.0,0.0,0.0,1.0,1.0,0.0,0.0,0.0,0.0,0.0,0.0,0.0,0.0,1.0,0.0,0.0,0.0,0.0,0.0,0.0,0.0,0.0,0.0,0.0,0.0,0.0,0.0,0.0,0.0,0.0,1.0,0.0,1.0,1.0,1.0,0.0,0.0,1.0,0.0,0.0,1.0,0.0,0.0,0.0,0.0,1.0,2.0,2.0,2.0,1.0,0.0,0.0,1.0,0.0,0.0,0.0,2.0,1.0,0.0,1.0,1.0,0.0,0.0,1.0,0.0,0.0,4.0,0.0,0.0,0.0,0.0,1.0,1.0,0.0,0.0,0.0,0.0,0.0,2.0,0.0,1.0,0.0,2.0,2.0,1.0,2.0,27.0,2.0,2.0,10.0,9.0,9.0,8.0,29.0
CHEMBL1643953,IC50,3800.0,26.0,5.0,5.0,0.0,3.0,0.0,3.0,1.0,33.0,10.0,5.0,0.0,0.0,0.0,0.0,0.0,1.0,3.0,3.0,3.0,3.0,3.0,31.0,12.0,7.0,0.0,3.0,0.0,3.0,0.0,0.0,27.0,14.0,4.0,0.0,6.0,0.0,6.0,2.0,0.0,0.0,0.0,32.0,10.0,5.0,0.0,6.0,0.0,6.0,0.0,0.0,0.0,0.0,0.0,0.0,36.0,5.0,4.0,0.0,3.0,0.0,3.0,0.0,1.0,0.0,0.0,0.0,2.0,0.0,0.0,0.0,0.0,37.0,2.0,5.0,0.0,3.0,0.0,3.0,1.0,2.0,0.0,0.0,0.0,32.0,3.0,7.0,0.0,3.0,0.0,3.0,1.0,1.0,3.0,3.0,0.0,23.0,5.0,8.0,0.0,3.0,0.0,3.0,0.0,0.0,3.0,3.0,0.0,0.0,0.0,17.0,5.0,9.0,0.0,6.0,0.0,6.0,0.0,0.0,0.0,0.0,0.0,0.0,0.0,1.0,0.0,0.0,0.0,8.0,2.0,0.0,0.0,0.0,5.0,3.0,1.0,1.0,0.0,1.0,0.0,1.0,0.0,0.0,1.0,1.0,2.0,0.0,2.0,0.0,0.0,3.0,1.0,1.0,12.0,2.0,8.0,0.0,0.0,0.0,0.0,0.0,0.0,0.0,1.0,7.0,0.0,0.0,0.0,0.0,0.0,0.0,0.0,0.0,1.0,0.0,6.0,0.0,0.0,0.0,6.0,0.0,0.0,1.0,0.0,0.0,0.0,0.0,0.0,0.0,0.0,1.0,0.0,1.0,1.0,1.0,0.0,0.0,1.0,0.0,0.0,1.0,0.0,0.0,0.0,0.0,1.0,0.0,0.0,2.0,1.0,0.0,0.0,1.0,0.0,0.0,0.0,2.0,1.0,3.0,1.0,1.0,0.0,0.0,1.0,0.0,0.0,4.0,0.0,0.0,3.0,0.0,0.0,6.0,1.0,3.0,0.0,3.0,3.0,2.0,0.0,1.0,0.0,2.0,0.0,1.0,2.0,17.0,2.0,2.0,10.0,14.0,14.0,10.0,21.0
CHEMBL1644189,IC50,3000.0,25.0,5.0,7.0,0.0,6.0,0.0,6.0,1.0,33.0,10.0,7.0,0.0,0.0,0.0,0.0,0.0,1.0,6.0,6.0,6.0,6.0,6.0,33.0,11.0,7.0,0.0,6.0,0.0,6.0,0.0,2.0,28.0,14.0,7.0,0.0,12.0,0.0,12.0,0.0,0.0,0.0,0.0,32.0,10.0,5.0,0.0,12.0,0.0,12.0,0.0,0.0,0.0,0.0,0.0,2.0,35.0,5.0,7.0,0.0,6.0,0.0,6.0,0.0,2.0,0.0,0.0,0.0,0.0,0.0,0.0,0.0,0.0,36.0,3.0,7.0,0.0,6.0,0.0,6.0,1.0,3.0,0.0,0.0,0.0,33.0,4.0,7.0,0.0,6.0,0.0,6.0,1.0,1.0,6.0,6.0,0.0,24.0,5.0,12.0,0.0,9.0,0.0,9.0,0.0,0.0,6.0,6.0,0.0,0.0,0.0,21.0,4.0,11.0,0.0,12.0,0.0,12.0,0.0,2.0,0.0,0.0,0.0,0.0,0.0,0.0,0.0,0.0,0.0,2.0,0.0,0.0,0.0,0.0,0.0,0.0,1.0,1.0,0.0,1.0,0.0,1.0,0.0,0.0,1.0,2.0,2.0,0.0,3.0,0.0,0.0,6.0,2.0,1.0,6.0,2.0,1.0,0.0,0.0,0.0,0.0,0.0,0.0,0.0,1.0,0.0,0.0,0.0,0.0,0.0,0.0,0.0,0.0,0.0,0.0,0.0,0.0,0.0,0.0,0.0,0.0,0.0,0.0,0.0,0.0,0.0,0.0,0.0,0.0,0.0,0.0,0.0,0.0,0.0,0.0,1.0,0.0,0.0,1.0,0.0,0.0,1.0,0.0,0.0,0.0,0.0,1.0,0.0,0.0,2.0,1.0,0.0,0.0,1.0,0.0,0.0,1.0,3.0,2.0,6.0,1.0,1.0,0.0,1.0,0.0,0.0,1.0,5.0,0.0,1.0,6.0,1.0,0.0,0.0,0.0,6.0,0.0,6.0,6.0,2.0,0.0,1.0,0.0,2.0,0.0,1.0,2.0,23.0,2.0,2.0,12.0,6.0,6.0,10.0,27.0
CHEMBL385528,IC50,61.0,29.0,7.0,6.0,0.0,3.0,0.0,3.0,0.0,39.0,7.0,5.0,0.0,0.0,0.0,0.0,1.0,3.0,3.0,3.0,3.0,3.0,3.0,36.0,12.0,10.0,0.0,3.0,0.0,3.0,0.0,0.0,32.0,11.0,9.0,0.0,6.0,0.0,6.0,2.0,0.0,0.0,0.0,35.0,9.0,10.0,0.0,6.0,0.0,6.0,0.0,1.0,0.0,0.0,0.0,0.0,36.0,9.0,8.0,0.0,3.0,0.0,3.0,0.0,0.0,0.0,0.0,0.0,2.0,0.0,0.0,0.0,0.0,40.0,4.0,6.0,0.0,0.0,0.0,0.0,1.0,2.0,3.0,3.0,1.0,35.0,8.0,12.0,0.0,3.0,0.0,3.0,0.0,0.0,0.0,0.0,0.0,35.0,5.0,9.0,0.0,0.0,0.0,0.0,1.0,2.0,3.0,3.0,1.0,3.0,3.0,33.0,6.0,11.0,0.0,6.0,0.0,6.0,0.0,0.0,0.0,0.0,0.0,0.0,0.0,1.0,0.0,0.0,0.0,8.0,2.0,0.0,0.0,0.0,5.0,3.0,1.0,1.0,0.0,2.0,0.0,2.0,0.0,0.0,1.0,1.0,3.0,0.0,3.0,0.0,0.0,3.0,1.0,1.0,13.0,3.0,8.0,0.0,0.0,0.0,1.0,0.0,0.0,0.0,1.0,7.0,0.0,0.0,0.0,0.0,0.0,0.0,0.0,0.0,1.0,2.0,6.0,0.0,0.0,2.0,6.0,0.0,0.0,1.0,0.0,0.0,0.0,0.0,0.0,0.0,0.0,1.0,0.0,1.0,1.0,1.0,0.0,0.0,1.0,0.0,0.0,1.0,0.0,0.0,0.0,0.0,1.0,0.0,0.0,5.0,2.0,0.0,0.0,2.0,3.0,0.0,0.0,2.0,1.0,3.0,3.0,3.0,0.0,0.0,1.0,0.0,0.0,5.0,0.0,0.0,3.0,0.0,0.0,6.0,1.0,3.0,0.0,3.0,3.0,2.0,0.0,1.0,0.0,2.0,0.0,0.0,0.0,18.0,0.0,2.0,13.0,16.0,16.0,14.0,26.0
CHEMBL219010,IC50,262.0,26.0,7.0,4.0,2.0,3.0,0.0,3.0,0.0,36.0,7.0,3.0,2.0,0.0,0.0,0.0,1.0,3.0,0.0,0.0,3.0,3.0,3.0,31.0,12.0,8.0,2.0,3.0,0.0,3.0,0.0,0.0,26.0,12.0,8.0,1.0,6.0,0.0,6.0,2.0,0.0,0.0,0.0,29.0,10.0,10.0,0.0,6.0,0.0,6.0,0.0,0.0,0.0,0.0,0.0,0.0,35.0,8.0,8.0,1.0,3.0,0.0,3.0,0.0,0.0,0.0,0.0,0.0,2.0,0.0,0.0,0.0,0.0,39.0,3.0,7.0,0.0,0.0,0.0,0.0,1.0,1.0,3.0,3.0,0.0,36.0,5.0,8.0,2.0,3.0,0.0,3.0,0.0,0.0,0.0,0.0,0.0,32.0,3.0,4.0,3.0,0.0,0.0,0.0,1.0,2.0,3.0,3.0,1.0,3.0,3.0,23.0,5.0,6.0,4.0,6.0,0.0,6.0,0.0,0.0,0.0,0.0,0.0,0.0,0.0,1.0,0.0,0.0,0.0,5.0,2.0,0.0,0.0,0.0,1.0,0.0,1.0,1.0,0.0,2.0,0.0,2.0,0.0,0.0,1.0,1.0,3.0,0.0,2.0,0.0,0.0,3.0,0.0,1.0,10.0,3.0,4.0,0.0,0.0,0.0,0.0,1.0,1.0,0.0,1.0,2.0,0.0,0.0,0.0,0.0,0.0,0.0,0.0,0.0,1.0,2.0,0.0,0.0,0.0,1.0,0.0,0.0,0.0,0.0,0.0,0.0,0.0,0.0,0.0,0.0,0.0,1.0,0.0,1.0,1.0,3.0,2.0,0.0,5.0,0.0,0.0,3.0,0.0,0.0,0.0,0.0,1.0,0.0,0.0,6.0,4.0,0.0,2.0,3.0,1.0,0.0,0.0,1.0,0.0,3.0,3.0,3.0,0.0,0.0,1.0,0.0,0.0,4.0,0.0,0.0,0.0,0.0,0.0,3.0,0.0,3.0,0.0,3.0,3.0,2.0,0.0,1.0,0.0,2.0,0.0,0.0,0.0,18.0,0.0,2.0,13.0,14.0,14.0,13.0,26.0
CHEMBL218740,IC50,137.0,28.0,7.0,6.0,0.0,3.0,0.0,3.0,0.0,38.0,7.0,5.0,0.0,0.0,0.0,0.0,1.0,3.0,3.0,3.0,3.0,3.0,3.0,37.0,12.0,10.0,0.0,3.0,0.0,3.0,0.0,0.0,35.0,11.0,9.0,0.0,6.0,0.0,6.0,2.0,0.0,0.0,0.0,35.0,10.0,10.0,0.0,6.0,0.0,6.0,0.0,1.0,0.0,0.0,0.0,0.0,37.0,9.0,8.0,0.0,3.0,0.0,3.0,0.0,0.0,0.0,0.0,0.0,2.0,0.0,0.0,0.0,0.0,40.0,5.0,7.0,0.0,0.0,0.0,0.0,1.0,2.0,3.0,3.0,1.0,38.0,7.0,12.0,0.0,3.0,0.0,3.0,0.0,0.0,0.0,0.0,0.0,37.0,5.0,9.0,0.0,0.0,0.0,0.0,1.0,2.0,3.0,3.0,1.0,3.0,3.0,35.0,5.0,10.0,0.0,6.0,0.0,6.0,0.0,0.0,0.0,0.0,0.0,0.0,0.0,1.0,0.0,0.0,0.0,11.0,2.0,0.0,0.0,0.0,5.0,0.0,1.0,1.0,2.0,2.0,0.0,2.0,0.0,0.0,1.0,2.0,3.0,0.0,2.0,0.0,0.0,3.0,1.0,1.0,19.0,3.0,14.0,0.0,0.0,4.0,0.0,1.0,1.0,0.0,1.0,16.0,0.0,0.0,0.0,4.0,12.0,12.0,2.0,2.0,1.0,0.0,18.0,0.0,0.0,0.0,21.0,0.0,0.0,15.0,4.0,11.0,6.0,5.0,6.0,2.0,2.0,3.0,2.0,3.0,1.0,3.0,2.0,0.0,5.0,0.0,0.0,3.0,0.0,0.0,0.0,0.0,1.0,0.0,0.0,6.0,4.0,0.0,2.0,3.0,1.0,0.0,0.0,2.0,1.0,3.0,3.0,3.0,0.0,0.0,1.0,0.0,0.0,5.0,0.0,0.0,3.0,0.0,2.0,9.0,0.0,3.0,0.0,3.0,3.0,2.0,0.0,1.0,0.0,2.0,0.0,0.0,0.0,12.0,0.0,2.0,13.0,22.0,22.0,17.0,21.0
CHEMBL218833,IC50,528.0,28.0,7.0,8.0,0.0,3.0,0.0,3.0,0.0,36.0,7.0,9.0,0.0,0.0,0.0,0.0,1.0,3.0,3.0,3.0,3.0,3.0,3.0,32.0,12.0,14.0,0.0,3.0,0.0,3.0,0.0,0.0,30.0,11.0,11.0,0.0,6.0,0.0,6.0,2.0,0.0,0.0,0.0,37.0,8.0,10.0,0.0,6.0,0.0,6.0,0.0,2.0,0.0,0.0,0.0,0.0,38.0,8.0,10.0,0.0,3.0,0.0,3.0,0.0,0.0,0.0,0.0,0.0,2.0,0.0,0.0,0.0,0.0,40.0,3.0,6.0,0.0,0.0,0.0,0.0,1.0,3.0,3.0,3.0,2.0,32.0,8.0,14.0,0.0,3.0,0.0,3.0,0.0,0.0,0.0,0.0,0.0,30.0,6.0,13.0,0.0,0.0,0.0,0.0,1.0,2.0,3.0,3.0,1.0,3.0,3.0,29.0,7.0,15.0,0.0,6.0,0.0,6.0,0.0,0.0,0.0,0.0,0.0,0.0,0.0,2.0,0.0,0.0,0.0,7.0,4.0,0.0,0.0,0.0,3.0,0.0,1.0,1.0,0.0,2.0,0.0,2.0,0.0,0.0,1.0,1.0,3.0,0.0,2.0,0.0,0.0,3.0,2.0,1.0,13.0,3.0,8.0,0.0,0.0,0.0,0.0,1.0,1.0,0.0,1.0,7.0,0.0,0.0,0.0,0.0,0.0,0.0,2.0,2.0,1.0,0.0,6.0,0.0,0.0,0.0,6.0,0.0,0.0,1.0,0.0,0.0,0.0,1.0,2.0,2.0,2.0,3.0,2.0,3.0,3.0,3.0,2.0,0.0,5.0,0.0,0.0,3.0,0.0,0.0,0.0,0.0,3.0,0.0,0.0,6.0,4.0,0.0,2.0,3.0,1.0,0.0,0.0,3.0,2.0,3.0,3.0,3.0,0.0,0.0,1.0,0.0,0.0,6.0,0.0,0.0,3.0,0.0,0.0,5.0,0.0,3.0,0.0,3.0,3.0,2.0,0.0,1.0,0.0,2.0,0.0,0.0,0.0,18.0,0.0,2.0,15.0,17.0,17.0,15.0,27.0
CHEMBL373541,IC50,140.0,30.0,7.0,6.0,0.0,0.0,0.0,0.0,0.0,39.0,7.0,6.0,0.0,0.0,0.0,0.0,1.0,3.0,0.0,0.0,0.0,0.0,0.0,34.0,12.0,12.0,0.0,0.0,0.0,0.0,0.0,0.0,33.0,11.0,9.0,0.0,0.0,0.0,0.0,2.0,0.0,0.0,0.0,36.0,9.0,10.0,0.0,0.0,0.0,0.0,0.0,1.0,0.0,0.0,0.0,0.0,37.0,10.0,8.0,0.0,0.0,0.0,0.0,0.0,0.0,0.0,0.0,0.0,2.0,0.0,0.0,0.0,0.0,43.0,3.0,6.0,0.0,0.0,0.0,0.0,1.0,2.0,0.0,0.0,1.0,33.0,10.0,13.0,0.0,0.0,0.0,0.0,0.0,0.0,0.0,0.0,0.0,36.0,4.0,8.0,0.0,0.0,0.0,0.0,1.0,2.0,0.0,0.0,1.0,0.0,0.0,32.0,7.0,12.0,0.0,0.0,0.0,0.0,0.0,0.0,0.0,0.0,0.0,0.0,0.0,3.0,0.0,0.0,0.0,9.0,5.0,0.0,0.0,0.0,3.0,0.0,1.0,1.0,3.0,2.0,0.0,2.0,0.0,0.0,1.0,1.0,3.0,0.0,2.0,0.0,0.0,0.0,1.0,1.0,20.0,3.0,16.0,0.0,0.0,7.0,0.0,1.0,1.0,0.0,1.0,18.0,0.0,0.0,0.0,2.0,11.0,7.0,2.0,2.0,1.0,0.0,15.0,0.0,0.0,0.0,14.0,0.0,0.0,9.0,6.0,7.0,3.0,7.0,4.0,2.0,2.0,3.0,2.0,3.0,3.0,3.0,2.0,0.0,5.0,0.0,0.0,3.0,0.0,0.0,0.0,0.0,2.0,0.0,0.0,6.0,4.0,0.0,2.0,3.0,1.0,0.0,0.0,2.0,1.0,0.0,3.0,3.0,0.0,0.0,1.0,0.0,0.0,5.0,0.0,0.0,0.0,0.0,3.0,6.0,2.0,0.0,0.0,0.0,0.0,2.0,0.0,1.0,0.0,2.0,0.0,0.0,0.0,12.0,0.0,2.0,13.0,25.0,25.0,15.0,24.0
CHEMBL3616681,IC50,3.0,33.0,5.0,5.0,0.0,6.0,1.0,7.0,1.0,44.0,11.0,5.0,0.0,3.0,2.0,5.0,0.0,1.0,3.0,3.0,6.0,6.0,6.0,45.0,14.0,7.0,0.0,9.0,2.0,11.0,0.0,0.0,43.0,14.0,4.0,0.0,12.0,3.0,15.0,2.0,0.0,0.0,0.0,46.0,11.0,5.0,0.0,12.0,1.0,13.0,0.0,0.0,0.0,1.0,1.0,0.0,49.0,9.0,5.0,0.0,6.0,2.0,8.0,0.0,0.0,3.0,1.0,4.0,2.0,0.0,0.0,0.0,0.0,49.0,5.0,7.0,0.0,9.0,3.0,12.0,1.0,1.0,3.0,3.0,0.0,47.0,3.0,6.0,0.0,15.0,3.0,18.0,1.0,2.0,0.0,0.0,0.0,40.0,6.0,7.0,0.0,15.0,3.0,18.0,0.0,1.0,0.0,0.0,0.0,0.0,0.0,35.0,6.0,8.0,0.0,12.0,4.0,16.0,0.0,0.0,3.0,3.0,0.0,0.0,0.0,1.0,1.0,0.0,0.0,2.0,0.0,0.0,0.0,0.0,1.0,0.0,1.0,1.0,1.0,1.0,0.0,1.0,0.0,0.0,1.0,2.0,2.0,0.0,2.0,1.0,1.0,6.0,1.0,1.0,8.0,2.0,3.0,0.0,0.0,0.0,0.0,0.0,0.0,0.0,1.0,1.0,0.0,0.0,0.0,0.0,0.0,0.0,0.0,0.0,1.0,1.0,0.0,0.0,0.0,0.0,0.0,0.0,0.0,0.0,0.0,0.0,0.0,0.0,0.0,0.0,0.0,1.0,0.0,1.0,1.0,1.0,0.0,0.0,1.0,0.0,0.0,1.0,0.0,0.0,0.0,0.0,1.0,1.0,1.0,2.0,1.0,0.0,0.0,1.0,0.0,0.0,0.0,2.0,1.0,6.0,1.0,1.0,0.0,0.0,1.0,0.0,0.0,4.0,0.0,0.0,3.0,0.0,1.0,1.0,0.0,6.0,0.0,3.0,3.0,2.0,0.0,1.0,0.0,2.0,1.0,1.0,2.0,27.0,2.0,2.0,10.0,8.0,8.0,10.0,32.0
CHEMBL140317,IC50,9500.0,19.0,2.0,4.0,0.0,1.0,0.0,1.0,0.0,27.0,4.0,3.0,0.0,2.0,0.0,2.0,0.0,0.0,0.0,0.0,0.0,0.0,0.0,28.0,7.0,7.0,0.0,2.0,0.0,2.0,0.0,0.0,35.0,1.0,9.0,0.0,1.0,0.0,1.0,3.0,0.0,0.0,0.0,31.0,3.0,18.0,0.0,1.0,0.0,1.0,0.0,0.0,0.0,0.0,0.0,0.0,30.0,2.0,9.0,0.0,2.0,0.0,2.0,0.0,0.0,0.0,0.0,0.0,2.0,0.0,0.0,0.0,0.0,13.0,1.0,10.0,0.0,4.0,0.0,4.0,0.0,0.0,0.0,0.0,0.0,7.0,0.0,0.0,0.0,2.0,0.0,2.0,0.0,0.0,1.0,1.0,0.0,0.0,0.0,0.0,0.0,5.0,0.0,5.0,0.0,0.0,0.0,0.0,0.0,0.0,0.0,0.0,0.0,0.0,0.0,0.0,0.0,0.0,0.0,0.0,0.0,0.0,0.0,0.0,0.0,2.0,2.0,0.0,0.0,1.0,0.0,0.0,0.0,0.0,0.0,0.0,0.0,0.0,5.0,0.0,0.0,0.0,0.0,0.0,1.0,0.0,1.0,0.0,1.0,0.0,0.0,1.0,1.0,1.0,9.0,1.0,4.0,0.0,0.0,0.0,0.0,0.0,0.0,0.0,0.0,2.0,0.0,0.0,0.0,0.0,0.0,0.0,0.0,0.0,0.0,0.0,0.0,0.0,0.0,0.0,0.0,0.0,0.0,0.0,0.0,0.0,0.0,0.0,0.0,0.0,0.0,0.0,0.0,0.0,0.0,0.0,0.0,0.0,0.0,0.0,0.0,0.0,0.0,0.0,0.0,0.0,0.0,0.0,0.0,0.0,0.0,0.0,0.0,0.0,0.0,0.0,0.0,3.0,0.0,1.0,0.0,0.0,0.0,0.0,0.0,0.0,0.0,3.0,0.0,0.0,0.0,0.0,4.0,0.0,2.0,0.0,1.0,0.0,0.0,1.0,0.0,0.0,0.0,3.0,0.0,1.0,1.0,12.0,1.0,2.0,6.0,9.0,9.0,5.0,14.0
CHEMBL104338,IC50,2900.0,19.0,2.0,6.0,0.0,0.0,0.0,0.0,1.0,26.0,4.0,7.0,0.0,0.0,0.0,0.0,0.0,1.0,0.0,0.0,0.0,0.0,0.0,25.0,6.0,9.0,0.0,0.0,0.0,0.0,0.0,1.0,17.0,9.0,10.0,0.0,0.0,0.0,0.0,0.0,0.0,0.0,0.0,13.0,9.0,5.0,0.0,0.0,0.0,0.0,0.0,1.0,0.0,0.0,0.0,1.0,11.0,6.0,3.0,0.0,0.0,0.0,0.0,0.0,3.0,0.0,0.0,0.0,1.0,0.0,0.0,0.0,0.0,13.0,3.0,4.0,0.0,0.0,0.0,0.0,0.0,2.0,0.0,0.0,0.0,16.0,1.0,6.0,0.0,0.0,0.0,0.0,0.0,0.0,0.0,0.0,0.0,17.0,0.0,5.0,0.0,0.0,0.0,0.0,0.0,0.0,0.0,0.0,1.0,0.0,0.0,14.0,0.0,8.0,0.0,0.0,0.0,0.0,0.0,0.0,0.0,0.0,0.0,0.0,0.0,0.0,0.0,0.0,0.0,0.0,0.0,0.0,0.0,0.0,0.0,0.0,0.0,0.0,2.0,1.0,0.0,1.0,0.0,0.0,1.0,0.0,1.0,0.0,0.0,1.0,0.0,0.0,2.0,1.0,4.0,1.0,0.0,0.0,0.0,0.0,0.0,0.0,0.0,0.0,0.0,0.0,0.0,0.0,0.0,0.0,0.0,0.0,0.0,0.0,0.0,0.0,0.0,0.0,0.0,0.0,0.0,0.0,0.0,0.0,0.0,0.0,0.0,0.0,0.0,0.0,0.0,0.0,0.0,0.0,0.0,0.0,0.0,0.0,0.0,0.0,0.0,0.0,0.0,0.0,0.0,0.0,0.0,0.0,0.0,1.0,0.0,0.0,0.0,0.0,0.0,0.0,0.0,2.0,2.0,0.0,2.0,1.0,0.0,0.0,0.0,0.0,0.0,4.0,0.0,0.0,0.0,0.0,0.0,0.0,0.0,0.0,0.0,0.0,0.0,2.0,0.0,0.0,0.0,2.0,0.0,0.0,0.0,16.0,0.0,4.0,8.0,6.0,6.0,6.0,19.0
CHEMBL411833,IC50,28.0,31.0,7.0,4.0,0.0,6.0,0.0,6.0,0.0,45.0,8.0,3.0,0.0,6.0,0.0,6.0,1.0,3.0,0.0,0.0,6.0,6.0,6.0,41.0,13.0,8.0,0.0,12.0,0.0,12.0,0.0,0.0,38.0,14.0,9.0,0.0,12.0,0.0,12.0,2.0,0.0,0.0,0.0,37.0,11.0,12.0,0.0,12.0,0.0,12.0,0.0,0.0,6.0,0.0,6.0,0.0,39.0,12.0,10.0,0.0,6.0,0.0,6.0,0.0,0.0,0.0,0.0,0.0,2.0,0.0,9.0,9.0,9.0,52.0,2.0,6.0,0.0,0.0,0.0,0.0,1.0,1.0,6.0,6.0,0.0,49.0,7.0,10.0,0.0,12.0,0.0,12.0,0.0,0.0,0.0,0.0,0.0,47.0,3.0,6.0,0.0,24.0,0.0,24.0,1.0,2.0,0.0,0.0,1.0,0.0,0.0,33.0,5.0,8.0,0.0,30.0,0.0,30.0,0.0,0.0,0.0,0.0,0.0,0.0,0.0,3.0,0.0,0.0,0.0,8.0,5.0,0.0,0.0,0.0,4.0,0.0,1.0,1.0,3.0,2.0,0.0,2.0,0.0,0.0,1.0,3.0,3.0,0.0,0.0,1.0,0.0,6.0,0.0,1.0,20.0,3.0,14.0,0.0,0.0,5.0,0.0,1.0,1.0,0.0,1.0,16.0,0.0,0.0,0.0,2.0,11.0,7.0,2.0,2.0,1.0,2.0,14.0,0.0,0.0,1.0,14.0,0.0,0.0,9.0,6.0,7.0,3.0,7.0,4.0,2.0,2.0,4.0,3.0,4.0,1.0,4.0,3.0,2.0,7.0,0.0,0.0,4.0,2.0,0.0,0.0,0.0,1.0,0.0,0.0,6.0,4.0,0.0,2.0,3.0,1.0,0.0,0.0,1.0,0.0,6.0,3.0,3.0,0.0,0.0,1.0,0.0,0.0,4.0,0.0,0.0,0.0,0.0,3.0,7.0,1.0,6.0,0.0,0.0,0.0,2.0,0.0,1.0,0.0,2.0,0.0,0.0,0.0,12.0,0.0,2.0,11.0,23.0,23.0,13.0,24.0
CHEMBL390469,IC50,130.0,30.0,5.0,6.0,0.0,3.0,0.0,3.0,0.0,43.0,7.0,6.0,0.0,0.0,0.0,0.0,0.0,2.0,3.0,3.0,3.0,3.0,3.0,41.0,10.0,11.0,0.0,3.0,0.0,3.0,0.0,0.0,42.0,7.0,10.0,0.0,6.0,0.0,6.0,2.0,0.0,0.0,0.0,44.0,5.0,12.0,0.0,6.0,0.0,6.0,0.0,0.0,0.0,0.0,0.0,0.0,46.0,6.0,7.0,0.0,3.0,0.0,3.0,0.0,1.0,0.0,0.0,0.0,3.0,0.0,0.0,0.0,0.0,47.0,1.0,9.0,0.0,3.0,0.0,3.0,1.0,1.0,0.0,0.0,0.0,40.0,3.0,14.0,0.0,0.0,0.0,0.0,0.0,0.0,3.0,3.0,0.0,37.0,4.0,12.0,0.0,6.0,0.0,6.0,0.0,1.0,0.0,0.0,1.0,0.0,0.0,28.0,5.0,12.0,0.0,12.0,0.0,12.0,0.0,0.0,0.0,0.0,0.0,0.0,0.0,3.0,0.0,0.0,0.0,8.0,5.0,0.0,0.0,0.0,4.0,0.0,1.0,1.0,3.0,1.0,0.0,1.0,0.0,0.0,1.0,2.0,3.0,0.0,1.0,1.0,0.0,3.0,1.0,1.0,19.0,3.0,14.0,0.0,0.0,5.0,0.0,1.0,1.0,0.0,1.0,16.0,0.0,0.0,0.0,2.0,11.0,7.0,2.0,2.0,1.0,2.0,14.0,0.0,0.0,1.0,14.0,0.0,0.0,9.0,6.0,7.0,3.0,7.0,4.0,2.0,2.0,4.0,3.0,4.0,1.0,4.0,3.0,2.0,7.0,0.0,0.0,4.0,2.0,0.0,0.0,0.0,1.0,0.0,0.0,5.0,4.0,0.0,2.0,3.0,0.0,0.0,0.0,2.0,1.0,3.0,2.0,2.0,0.0,0.0,1.0,0.0,0.0,5.0,0.0,0.0,3.0,0.0,3.0,7.0,1.0,3.0,0.0,3.0,3.0,3.0,0.0,1.0,0.0,4.0,0.0,0.0,0.0,12.0,0.0,4.0,11.0,21.0,21.0,12.0,22.0
CHEMBL232224,IC50,1.8,31.0,5.0,6.0,0.0,3.0,0.0,3.0,0.0,44.0,7.0,6.0,0.0,0.0,0.0,0.0,0.0,2.0,3.0,3.0,3.0,3.0,3.0,43.0,9.0,10.0,0.0,3.0,0.0,3.0,0.0,0.0,42.0,7.0,10.0,0.0,6.0,0.0,6.0,2.0,0.0,0.0,0.0,41.0,6.0,13.0,0.0,6.0,0.0,6.0,0.0,0.0,0.0,0.0,0.0,0.0,43.0,7.0,9.0,0.0,3.0,0.0,3.0,0.0,0.0,0.0,0.0,0.0,2.0,0.0,0.0,0.0,0.0,51.0,0.0,6.0,0.0,3.0,0.0,3.0,1.0,2.0,0.0,0.0,1.0,45.0,4.0,13.0,0.0,3.0,0.0,3.0,0.0,0.0,0.0,0.0,0.0,39.0,4.0,11.0,0.0,0.0,0.0,0.0,0.0,1.0,3.0,3.0,1.0,3.0,3.0,32.0,4.0,13.0,0.0,6.0,0.0,6.0,0.0,0.0,0.0,0.0,0.0,0.0,0.0,3.0,0.0,0.0,0.0,9.0,5.0,0.0,0.0,0.0,4.0,0.0,1.0,2.0,3.0,1.0,0.0,1.0,0.0,0.0,1.0,2.0,3.0,0.0,1.0,1.0,0.0,3.0,1.0,1.0,20.0,3.0,15.0,1.0,0.0,5.0,0.0,1.0,1.0,0.0,2.0,16.0,0.0,0.0,0.0,2.0,11.0,7.0,2.0,2.0,1.0,3.0,14.0,0.0,0.0,1.0,14.0,0.0,0.0,9.0,6.0,7.0,3.0,7.0,4.0,2.0,2.0,4.0,3.0,4.0,1.0,5.0,4.0,5.0,9.0,3.0,0.0,4.0,5.0,0.0,0.0,0.0,1.0,0.0,0.0,5.0,4.0,2.0,2.0,3.0,0.0,0.0,0.0,2.0,1.0,3.0,2.0,2.0,0.0,0.0,1.0,0.0,0.0,5.0,0.0,0.0,3.0,0.0,3.0,8.0,1.0,3.0,0.0,3.0,3.0,3.0,0.0,1.0,0.0,2.0,0.0,0.0,0.0,12.0,0.0,2.0,11.0,23.0,23.0,13.0,22.0
CHEMBL447535,IC50,1800.0,19.0,2.0,2.0,0.0,0.0,0.0,0.0,1.0,24.0,4.0,3.0,0.0,0.0,0.0,0.0,0.0,1.0,0.0,0.0,0.0,0.0,0.0,21.0,6.0,4.0,0.0,0.0,0.0,0.0,0.0,1.0,12.0,9.0,4.0,0.0,0.0,0.0,0.0,0.0,0.0,0.0,0.0,8.0,9.0,3.0,0.0,0.0,0.0,0.0,0.0,0.0,0.0,0.0,0.0,0.0,9.0,5.0,2.0,0.0,0.0,0.0,0.0,0.0,1.0,0.0,0.0,0.0,1.0,0.0,0.0,0.0,0.0,13.0,1.0,3.0,0.0,0.0,0.0,0.0,0.0,1.0,0.0,0.0,0.0,15.0,0.0,4.0,0.0,0.0,0.0,0.0,0.0,0.0,0.0,0.0,0.0,15.0,0.0,2.0,0.0,0.0,0.0,0.0,0.0,0.0,0.0,0.0,0.0,0.0,0.0,11.0,0.0,2.0,0.0,0.0,0.0,0.0,0.0,0.0,0.0,0.0,0.0,0.0,0.0,0.0,0.0,0.0,0.0,0.0,0.0,0.0,0.0,0.0,0.0,0.0,0.0,0.0,0.0,1.0,0.0,1.0,0.0,0.0,1.0,0.0,1.0,0.0,1.0,0.0,0.0,0.0,0.0,1.0,2.0,1.0,0.0,0.0,0.0,0.0,0.0,0.0,0.0,0.0,0.0,0.0,0.0,0.0,0.0,0.0,0.0,0.0,0.0,0.0,0.0,0.0,0.0,0.0,0.0,0.0,0.0,0.0,0.0,0.0,0.0,0.0,0.0,0.0,0.0,0.0,0.0,0.0,0.0,0.0,0.0,0.0,0.0,0.0,0.0,0.0,0.0,0.0,0.0,0.0,0.0,0.0,0.0,0.0,0.0,1.0,0.0,0.0,0.0,0.0,0.0,0.0,0.0,0.0,0.0,0.0,2.0,1.0,0.0,0.0,0.0,0.0,0.0,2.0,0.0,0.0,0.0,0.0,0.0,0.0,0.0,0.0,0.0,0.0,0.0,2.0,0.0,0.0,0.0,2.0,0.0,0.0,0.0,16.0,0.0,4.0,4.0,4.0,4.0,4.0,19.0
CHEMBL1922699,IC50,64.0,22.0,12.0,3.0,0.0,3.0,2.0,5.0,3.0,32.0,12.0,3.0,0.0,0.0,4.0,4.0,8.0,1.0,3.0,3.0,3.0,3.0,3.0,30.0,20.0,5.0,0.0,3.0,4.0,7.0,2.0,0.0,29.0,23.0,3.0,0.0,6.0,2.0,8.0,2.0,0.0,2.0,0.0,37.0,18.0,1.0,0.0,6.0,4.0,10.0,0.0,3.0,0.0,2.0,2.0,0.0,40.0,17.0,2.0,0.0,3.0,5.0,8.0,0.0,0.0,0.0,2.0,2.0,0.0,0.0,0.0,0.0,0.0,42.0,8.0,0.0,0.0,0.0,7.0,7.0,1.0,3.0,3.0,3.0,0.0,29.0,11.0,6.0,0.0,3.0,8.0,11.0,0.0,0.0,0.0,0.0,0.0,23.0,4.0,7.0,0.0,0.0,7.0,7.0,4.0,2.0,6.0,6.0,0.0,0.0,0.0,16.0,10.0,8.0,0.0,12.0,4.0,16.0,2.0,0.0,0.0,0.0,0.0,0.0,0.0,1.0,1.0,0.0,0.0,1.0,0.0,0.0,0.0,0.0,0.0,0.0,0.0,0.0,2.0,1.0,0.0,1.0,0.0,0.0,0.0,1.0,1.0,0.0,2.0,0.0,2.0,3.0,1.0,0.0,7.0,1.0,2.0,0.0,0.0,0.0,0.0,1.0,0.0,0.0,0.0,1.0,0.0,0.0,0.0,0.0,0.0,0.0,0.0,0.0,0.0,0.0,0.0,0.0,0.0,0.0,0.0,0.0,0.0,0.0,0.0,0.0,0.0,0.0,0.0,0.0,0.0,0.0,0.0,0.0,0.0,2.0,0.0,0.0,2.0,0.0,0.0,0.0,0.0,0.0,0.0,0.0,0.0,2.0,2.0,4.0,1.0,0.0,1.0,0.0,3.0,0.0,0.0,1.0,1.0,3.0,4.0,1.0,0.0,0.0,0.0,0.0,0.0,2.0,0.0,0.0,3.0,0.0,2.0,0.0,0.0,3.0,0.0,3.0,3.0,1.0,0.0,1.0,0.0,2.0,2.0,3.0,4.0,23.0,6.0,6.0,15.0,9.0,9.0,9.0,26.0
CHEMBL85713,IC50,860.99,20.0,7.0,0.0,2.0,1.0,0.0,1.0,0.0,29.0,8.0,0.0,2.0,2.0,0.0,2.0,1.0,0.0,0.0,0.0,0.0,0.0,0.0,28.0,12.0,0.0,2.0,2.0,0.0,2.0,0.0,0.0,27.0,13.0,0.0,1.0,1.0,0.0,1.0,0.0,0.0,0.0,0.0,32.0,8.0,0.0,1.0,1.0,0.0,1.0,1.0,0.0,0.0,0.0,0.0,0.0,33.0,3.0,0.0,0.0,1.0,0.0,1.0,1.0,0.0,1.0,0.0,1.0,0.0,0.0,0.0,0.0,0.0,25.0,6.0,0.0,3.0,3.0,0.0,3.0,0.0,0.0,1.0,1.0,0.0,19.0,4.0,0.0,2.0,3.0,0.0,3.0,0.0,0.0,0.0,0.0,0.0,8.0,3.0,0.0,4.0,4.0,0.0,4.0,0.0,0.0,0.0,0.0,0.0,0.0,0.0,5.0,1.0,0.0,4.0,2.0,0.0,2.0,0.0,0.0,1.0,1.0,0.0,0.0,0.0,0.0,0.0,0.0,0.0,0.0,0.0,0.0,0.0,0.0,0.0,0.0,0.0,0.0,2.0,0.0,0.0,0.0,0.0,0.0,0.0,0.0,0.0,0.0,2.0,0.0,0.0,1.0,0.0,0.0,2.0,0.0,0.0,0.0,0.0,0.0,0.0,0.0,0.0,0.0,0.0,0.0,0.0,0.0,0.0,0.0,0.0,0.0,0.0,0.0,0.0,0.0,0.0,0.0,0.0,0.0,0.0,0.0,0.0,0.0,0.0,0.0,0.0,0.0,0.0,0.0,0.0,0.0,0.0,0.0,0.0,0.0,0.0,0.0,0.0,0.0,0.0,0.0,0.0,0.0,0.0,0.0,0.0,0.0,0.0,0.0,0.0,0.0,0.0,0.0,0.0,0.0,0.0,0.0,0.0,1.0,0.0,0.0,0.0,0.0,0.0,0.0,0.0,0.0,0.0,0.0,0.0,0.0,0.0,0.0,0.0,0.0,0.0,0.0,0.0,0.0,0.0,0.0,0.0,0.0,0.0,2.0,3.0,23.0,3.0,0.0,9.0,2.0,2.0,1.0,21.0
CHEMBL88044,IC50,931.11,20.0,4.0,2.0,2.0,1.0,0.0,1.0,0.0,27.0,5.0,3.0,2.0,2.0,0.0,2.0,0.0,1.0,0.0,0.0,0.0,0.0,0.0,25.0,6.0,5.0,2.0,2.0,0.0,2.0,0.0,0.0,22.0,7.0,6.0,1.0,1.0,0.0,1.0,0.0,0.0,0.0,0.0,26.0,5.0,3.0,1.0,1.0,0.0,1.0,0.0,1.0,0.0,0.0,0.0,0.0,29.0,2.0,1.0,0.0,1.0,0.0,1.0,1.0,0.0,1.0,0.0,1.0,0.0,0.0,0.0,0.0,0.0,25.0,4.0,1.0,2.0,2.0,0.0,2.0,0.0,0.0,0.0,0.0,0.0,18.0,4.0,0.0,2.0,3.0,0.0,3.0,0.0,0.0,0.0,0.0,0.0,8.0,3.0,0.0,4.0,4.0,0.0,4.0,0.0,0.0,0.0,0.0,0.0,0.0,0.0,5.0,1.0,0.0,4.0,2.0,0.0,2.0,0.0,0.0,1.0,1.0,0.0,0.0,0.0,0.0,0.0,0.0,0.0,0.0,0.0,0.0,0.0,0.0,0.0,0.0,0.0,0.0,1.0,0.0,0.0,0.0,0.0,0.0,0.0,0.0,0.0,0.0,2.0,0.0,0.0,1.0,0.0,0.0,1.0,0.0,0.0,0.0,0.0,0.0,0.0,0.0,0.0,0.0,0.0,0.0,0.0,0.0,0.0,0.0,0.0,0.0,0.0,0.0,0.0,0.0,0.0,0.0,0.0,0.0,0.0,0.0,0.0,0.0,0.0,0.0,0.0,0.0,0.0,0.0,0.0,0.0,0.0,0.0,0.0,0.0,0.0,0.0,0.0,0.0,0.0,0.0,0.0,0.0,0.0,0.0,0.0,0.0,0.0,0.0,0.0,0.0,0.0,0.0,0.0,0.0,0.0,0.0,0.0,1.0,0.0,0.0,0.0,0.0,0.0,0.0,0.0,0.0,0.0,0.0,0.0,0.0,0.0,0.0,0.0,0.0,0.0,0.0,0.0,0.0,0.0,0.0,0.0,0.0,0.0,2.0,3.0,23.0,3.0,0.0,8.0,1.0,1.0,1.0,20.0
CHEMBL3616684,IC50,15.0,33.0,6.0,5.0,0.0,3.0,0.0,3.0,1.0,44.0,12.0,5.0,0.0,0.0,0.0,0.0,0.0,1.0,3.0,3.0,3.0,3.0,3.0,45.0,16.0,7.0,0.0,3.0,0.0,3.0,0.0,0.0,42.0,16.0,4.0,0.0,6.0,0.0,6.0,2.0,0.0,0.0,0.0,46.0,11.0,5.0,0.0,6.0,0.0,6.0,0.0,0.0,0.0,0.0,0.0,0.0,48.0,10.0,5.0,0.0,3.0,0.0,3.0,0.0,0.0,0.0,0.0,0.0,2.0,0.0,0.0,0.0,0.0,48.0,7.0,7.0,0.0,3.0,0.0,3.0,2.0,1.0,0.0,0.0,0.0,47.0,5.0,6.0,0.0,6.0,0.0,6.0,2.0,2.0,0.0,0.0,0.0,40.0,9.0,7.0,0.0,6.0,0.0,6.0,0.0,1.0,0.0,0.0,0.0,0.0,0.0,34.0,9.0,8.0,0.0,3.0,0.0,3.0,0.0,0.0,3.0,3.0,0.0,0.0,0.0,1.0,1.0,0.0,0.0,2.0,0.0,0.0,0.0,0.0,1.0,0.0,1.0,1.0,1.0,1.0,0.0,1.0,0.0,0.0,1.0,1.0,2.0,0.0,3.0,1.0,0.0,3.0,1.0,1.0,8.0,2.0,3.0,0.0,0.0,0.0,0.0,0.0,0.0,0.0,1.0,1.0,0.0,0.0,0.0,0.0,0.0,0.0,0.0,0.0,1.0,1.0,0.0,0.0,0.0,0.0,0.0,0.0,0.0,0.0,0.0,0.0,0.0,0.0,0.0,0.0,0.0,1.0,0.0,1.0,1.0,1.0,0.0,0.0,1.0,0.0,0.0,1.0,0.0,0.0,0.0,0.0,1.0,0.0,0.0,2.0,1.0,0.0,0.0,1.0,0.0,0.0,0.0,2.0,1.0,3.0,2.0,1.0,0.0,0.0,1.0,0.0,0.0,4.0,0.0,0.0,3.0,0.0,1.0,1.0,0.0,3.0,0.0,3.0,3.0,2.0,0.0,1.0,0.0,2.0,0.0,1.0,2.0,27.0,2.0,2.0,11.0,8.0,8.0,9.0,31.0
CHEMBL1922707,IC50,11.0,23.0,12.0,3.0,0.0,6.0,0.0,6.0,3.0,36.0,10.0,3.0,0.0,3.0,0.0,3.0,8.0,1.0,3.0,3.0,6.0,6.0,6.0,32.0,21.0,5.0,0.0,9.0,0.0,9.0,2.0,0.0,32.0,22.0,3.0,0.0,12.0,0.0,12.0,2.0,0.0,0.0,0.0,36.0,21.0,1.0,0.0,12.0,0.0,12.0,0.0,3.0,3.0,0.0,3.0,0.0,37.0,19.0,2.0,0.0,12.0,0.0,12.0,0.0,0.0,3.0,0.0,3.0,0.0,0.0,0.0,0.0,0.0,43.0,8.0,0.0,0.0,6.0,0.0,6.0,1.0,3.0,6.0,6.0,0.0,35.0,11.0,6.0,0.0,12.0,0.0,12.0,0.0,0.0,0.0,0.0,0.0,30.0,4.0,5.0,0.0,12.0,0.0,12.0,4.0,2.0,6.0,6.0,0.0,0.0,0.0,17.0,10.0,9.0,0.0,21.0,0.0,21.0,2.0,0.0,0.0,0.0,0.0,0.0,0.0,0.0,0.0,0.0,0.0,2.0,0.0,0.0,0.0,0.0,0.0,0.0,0.0,0.0,2.0,1.0,0.0,1.0,0.0,0.0,0.0,2.0,1.0,0.0,2.0,0.0,0.0,6.0,1.0,0.0,8.0,1.0,1.0,0.0,0.0,0.0,0.0,0.0,0.0,0.0,0.0,0.0,0.0,0.0,0.0,0.0,0.0,0.0,0.0,0.0,0.0,1.0,0.0,0.0,0.0,0.0,0.0,0.0,0.0,0.0,0.0,0.0,0.0,0.0,0.0,0.0,0.0,0.0,0.0,0.0,0.0,0.0,0.0,0.0,0.0,0.0,0.0,0.0,0.0,0.0,0.0,0.0,0.0,0.0,0.0,4.0,1.0,0.0,0.0,0.0,3.0,0.0,0.0,1.0,1.0,6.0,4.0,1.0,0.0,0.0,0.0,0.0,0.0,2.0,0.0,0.0,3.0,0.0,1.0,1.0,0.0,6.0,0.0,3.0,3.0,1.0,0.0,1.0,0.0,2.0,0.0,3.0,4.0,23.0,6.0,6.0,15.0,9.0,9.0,10.0,26.0
CHEMBL3616581,IC50,4.0,35.0,5.0,7.0,0.0,3.0,0.0,3.0,1.0,47.0,11.0,7.0,0.0,3.0,0.0,3.0,0.0,1.0,0.0,0.0,3.0,3.0,3.0,49.0,15.0,10.0,0.0,6.0,0.0,6.0,0.0,0.0,50.0,16.0,6.0,0.0,6.0,0.0,6.0,3.0,0.0,0.0,0.0,56.0,13.0,8.0,0.0,6.0,0.0,6.0,0.0,1.0,0.0,0.0,0.0,0.0,61.0,10.0,8.0,0.0,3.0,0.0,3.0,0.0,0.0,3.0,0.0,3.0,2.0,3.0,0.0,0.0,0.0,61.0,5.0,10.0,0.0,9.0,0.0,9.0,1.0,1.0,3.0,3.0,0.0,59.0,4.0,11.0,0.0,9.0,0.0,9.0,1.0,2.0,0.0,0.0,0.0,53.0,7.0,13.0,0.0,9.0,0.0,9.0,0.0,1.0,0.0,0.0,0.0,0.0,0.0,47.0,6.0,11.0,0.0,12.0,0.0,12.0,0.0,0.0,0.0,0.0,0.0,0.0,0.0,1.0,0.0,0.0,0.0,4.0,1.0,0.0,0.0,0.0,2.0,0.0,1.0,1.0,3.0,1.0,0.0,1.0,0.0,0.0,1.0,1.0,2.0,0.0,2.0,2.0,0.0,3.0,2.0,1.0,11.0,2.0,5.0,0.0,0.0,0.0,0.0,0.0,0.0,0.0,1.0,3.0,0.0,0.0,0.0,0.0,0.0,0.0,0.0,0.0,1.0,1.0,1.0,0.0,0.0,1.0,0.0,0.0,0.0,0.0,0.0,0.0,0.0,0.0,0.0,0.0,0.0,1.0,0.0,1.0,1.0,1.0,0.0,0.0,1.0,0.0,0.0,1.0,0.0,0.0,0.0,0.0,1.0,0.0,0.0,2.0,1.0,0.0,0.0,1.0,0.0,0.0,0.0,3.0,2.0,3.0,1.0,1.0,0.0,0.0,1.0,0.0,0.0,5.0,0.0,0.0,0.0,0.0,1.0,3.0,0.0,3.0,0.0,0.0,0.0,2.0,0.0,1.0,0.0,2.0,0.0,1.0,2.0,27.0,2.0,2.0,12.0,12.0,12.0,12.0,31.0
CHEMBL3616590,IC50,7.0,32.0,5.0,9.0,0.0,6.0,0.0,6.0,1.0,44.0,11.0,9.0,0.0,0.0,0.0,0.0,0.0,1.0,6.0,6.0,6.0,6.0,6.0,47.0,14.0,12.0,0.0,6.0,0.0,6.0,0.0,0.0,46.0,14.0,8.0,0.0,12.0,0.0,12.0,3.0,0.0,0.0,0.0,49.0,11.0,8.0,0.0,12.0,0.0,12.0,0.0,2.0,0.0,0.0,0.0,1.0,50.0,10.0,12.0,0.0,9.0,0.0,9.0,0.0,1.0,0.0,0.0,0.0,2.0,0.0,0.0,0.0,0.0,52.0,6.0,13.0,0.0,6.0,0.0,6.0,1.0,1.0,3.0,3.0,0.0,50.0,3.0,12.0,0.0,15.0,0.0,15.0,1.0,2.0,3.0,3.0,0.0,43.0,6.0,14.0,0.0,15.0,0.0,15.0,0.0,1.0,0.0,0.0,0.0,0.0,0.0,38.0,6.0,15.0,0.0,12.0,0.0,12.0,0.0,0.0,3.0,3.0,0.0,0.0,0.0,1.0,1.0,0.0,0.0,2.0,0.0,0.0,0.0,0.0,1.0,0.0,1.0,1.0,2.0,1.0,0.0,1.0,0.0,0.0,1.0,2.0,2.0,0.0,2.0,2.0,0.0,6.0,3.0,1.0,9.0,2.0,3.0,0.0,0.0,0.0,0.0,0.0,0.0,0.0,1.0,1.0,0.0,0.0,0.0,0.0,0.0,0.0,0.0,0.0,1.0,1.0,0.0,0.0,0.0,0.0,0.0,0.0,0.0,0.0,0.0,0.0,0.0,0.0,0.0,0.0,0.0,1.0,0.0,1.0,1.0,1.0,0.0,0.0,1.0,0.0,0.0,1.0,0.0,0.0,0.0,0.0,1.0,0.0,0.0,2.0,1.0,0.0,0.0,1.0,0.0,0.0,0.0,4.0,3.0,6.0,1.0,1.0,0.0,0.0,1.0,0.0,0.0,6.0,0.0,0.0,6.0,0.0,1.0,1.0,0.0,6.0,0.0,6.0,6.0,2.0,0.0,1.0,0.0,2.0,0.0,1.0,2.0,27.0,2.0,2.0,14.0,9.0,9.0,12.0,32.0
CHEMBL3616694,IC50,1.6,37.0,5.0,5.0,0.0,6.0,0.0,6.0,1.0,49.0,11.0,5.0,0.0,6.0,0.0,6.0,0.0,1.0,0.0,0.0,6.0,6.0,6.0,50.0,15.0,8.0,0.0,12.0,0.0,12.0,0.0,0.0,50.0,16.0,5.0,0.0,12.0,0.0,12.0,3.0,0.0,0.0,0.0,57.0,14.0,7.0,0.0,9.0,0.0,9.0,0.0,1.0,0.0,0.0,0.0,0.0,65.0,11.0,6.0,0.0,6.0,0.0,6.0,0.0,0.0,3.0,0.0,3.0,2.0,3.0,0.0,0.0,0.0,66.0,5.0,8.0,0.0,15.0,0.0,15.0,1.0,1.0,3.0,3.0,0.0,62.0,5.0,10.0,0.0,15.0,0.0,15.0,1.0,1.0,0.0,0.0,0.0,59.0,7.0,11.0,0.0,12.0,0.0,12.0,0.0,0.0,3.0,3.0,0.0,0.0,0.0,52.0,6.0,10.0,0.0,18.0,0.0,18.0,0.0,0.0,3.0,3.0,0.0,0.0,0.0,1.0,0.0,0.0,0.0,5.0,1.0,0.0,0.0,0.0,3.0,1.0,1.0,1.0,2.0,1.0,0.0,1.0,0.0,0.0,1.0,2.0,2.0,0.0,2.0,2.0,0.0,6.0,1.0,1.0,12.0,2.0,6.0,0.0,0.0,0.0,0.0,0.0,0.0,0.0,1.0,4.0,0.0,0.0,0.0,0.0,0.0,0.0,0.0,0.0,1.0,1.0,2.0,0.0,0.0,1.0,1.0,0.0,0.0,0.0,0.0,0.0,0.0,0.0,0.0,0.0,0.0,1.0,0.0,1.0,1.0,1.0,0.0,0.0,1.0,0.0,0.0,1.0,0.0,0.0,0.0,0.0,1.0,0.0,0.0,2.0,1.0,0.0,0.0,1.0,0.0,0.0,0.0,2.0,1.0,6.0,1.0,1.0,0.0,0.0,1.0,0.0,0.0,4.0,0.0,0.0,0.0,0.0,1.0,4.0,0.0,6.0,0.0,0.0,0.0,2.0,0.0,1.0,0.0,2.0,0.0,1.0,2.0,27.0,2.0,2.0,10.0,12.0,12.0,13.0,32.0
CHEMBL3616695,IC50,3.4,34.0,7.0,7.0,0.0,3.0,0.0,3.0,1.0,46.0,13.0,6.0,0.0,3.0,0.0,3.0,0.0,2.0,0.0,0.0,3.0,3.0,3.0,47.0,18.0,10.0,0.0,6.0,0.0,6.0,0.0,0.0,49.0,18.0,6.0,0.0,6.0,0.0,6.0,3.0,0.0,0.0,0.0,55.0,16.0,8.0,0.0,6.0,0.0,6.0,0.0,1.0,0.0,0.0,0.0,0.0,63.0,11.0,8.0,0.0,3.0,0.0,3.0,1.0,0.0,3.0,0.0,3.0,2.0,3.0,0.0,0.0,0.0,64.0,6.0,10.0,0.0,9.0,0.0,9.0,2.0,1.0,3.0,3.0,0.0,60.0,7.0,11.0,0.0,9.0,0.0,9.0,1.0,2.0,0.0,0.0,0.0,53.0,12.0,13.0,0.0,9.0,0.0,9.0,0.0,1.0,0.0,0.0,0.0,0.0,0.0,46.0,12.0,12.0,0.0,12.0,0.0,12.0,0.0,1.0,0.0,0.0,0.0,0.0,0.0,1.0,0.0,0.0,0.0,5.0,1.0,0.0,0.0,0.0,3.0,1.0,1.0,1.0,3.0,1.0,0.0,1.0,0.0,0.0,1.0,1.0,2.0,0.0,1.0,2.0,0.0,3.0,2.0,1.0,12.0,2.0,6.0,0.0,0.0,0.0,0.0,0.0,0.0,0.0,1.0,4.0,0.0,0.0,0.0,0.0,0.0,0.0,0.0,0.0,1.0,1.0,2.0,0.0,0.0,1.0,1.0,0.0,0.0,0.0,0.0,0.0,0.0,0.0,0.0,0.0,0.0,1.0,0.0,1.0,1.0,1.0,0.0,0.0,1.0,0.0,0.0,1.0,0.0,0.0,0.0,0.0,1.0,0.0,0.0,2.0,1.0,0.0,0.0,1.0,0.0,0.0,0.0,3.0,1.0,3.0,1.0,1.0,0.0,0.0,1.0,0.0,0.0,5.0,0.0,0.0,0.0,0.0,1.0,4.0,0.0,3.0,0.0,0.0,0.0,2.0,0.0,1.0,0.0,2.0,0.0,2.0,3.0,27.0,3.0,2.0,14.0,13.0,13.0,13.0,30.0
CHEMBL3616698,IC50,3.5,36.0,5.0,5.0,0.0,6.0,0.0,6.0,1.0,47.0,11.0,5.0,0.0,9.0,0.0,9.0,0.0,1.0,0.0,0.0,3.0,3.0,3.0,48.0,15.0,8.0,0.0,12.0,0.0,12.0,0.0,0.0,49.0,16.0,5.0,0.0,11.0,0.0,11.0,3.0,0.0,0.0,0.0,56.0,14.0,7.0,0.0,11.0,0.0,11.0,0.0,1.0,0.0,0.0,0.0,0.0,63.0,11.0,6.0,0.0,9.0,0.0,9.0,0.0,0.0,3.0,0.0,3.0,2.0,3.0,0.0,0.0,0.0,64.0,5.0,8.0,0.0,13.0,0.0,13.0,1.0,1.0,5.0,5.0,0.0,61.0,4.0,10.0,0.0,14.0,0.0,14.0,1.0,1.0,3.0,3.0,0.0,57.0,6.0,11.0,0.0,17.0,0.0,17.0,0.0,0.0,1.0,1.0,0.0,0.0,0.0,49.0,6.0,10.0,0.0,25.0,0.0,25.0,0.0,0.0,0.0,0.0,0.0,0.0,0.0,1.0,0.0,0.0,0.0,5.0,1.0,0.0,0.0,0.0,3.0,1.0,1.0,1.0,2.0,1.0,0.0,1.0,0.0,0.0,1.0,1.0,2.0,0.0,1.0,2.0,0.0,6.0,1.0,1.0,11.0,2.0,6.0,0.0,0.0,0.0,0.0,0.0,0.0,0.0,1.0,4.0,0.0,0.0,0.0,0.0,0.0,0.0,0.0,0.0,1.0,1.0,2.0,0.0,0.0,1.0,1.0,0.0,0.0,0.0,0.0,0.0,0.0,0.0,0.0,0.0,0.0,1.0,0.0,1.0,1.0,1.0,0.0,0.0,1.0,0.0,0.0,1.0,0.0,0.0,0.0,0.0,1.0,0.0,0.0,2.0,1.0,0.0,0.0,1.0,0.0,0.0,0.0,2.0,1.0,6.0,1.0,1.0,0.0,0.0,1.0,0.0,0.0,4.0,0.0,0.0,0.0,0.0,1.0,4.0,0.0,3.0,0.0,0.0,0.0,2.0,0.0,1.0,0.0,2.0,0.0,1.0,2.0,27.0,2.0,2.0,10.0,12.0,12.0,12.0,31.0
CHEMBL3800525,IC50,3600.0,34.0,5.0,3.0,0.0,0.0,2.0,2.0,1.0,45.0,11.0,3.0,0.0,0.0,4.0,4.0,0.0,1.0,0.0,0.0,0.0,0.0,0.0,43.0,14.0,5.0,0.0,0.0,4.0,4.0,0.0,0.0,40.0,15.0,3.0,0.0,0.0,4.0,4.0,2.0,0.0,0.0,0.0,43.0,12.0,5.0,0.0,0.0,2.0,2.0,0.0,0.0,0.0,2.0,2.0,0.0,48.0,9.0,4.0,0.0,0.0,2.0,2.0,0.0,0.0,0.0,2.0,2.0,2.0,0.0,0.0,0.0,0.0,53.0,4.0,4.0,0.0,0.0,4.0,4.0,1.0,1.0,0.0,0.0,0.0,50.0,3.0,5.0,0.0,0.0,8.0,8.0,1.0,1.0,0.0,0.0,0.0,40.0,5.0,7.0,0.0,0.0,10.0,10.0,0.0,0.0,0.0,0.0,0.0,0.0,0.0,29.0,5.0,7.0,0.0,0.0,8.0,8.0,0.0,0.0,0.0,0.0,0.0,0.0,0.0,1.0,0.0,0.0,0.0,4.0,1.0,0.0,0.0,0.0,2.0,0.0,1.0,1.0,0.0,1.0,0.0,1.0,0.0,0.0,1.0,0.0,2.0,0.0,0.0,2.0,2.0,0.0,0.0,1.0,7.0,2.0,4.0,0.0,0.0,0.0,0.0,0.0,0.0,0.0,1.0,2.0,0.0,0.0,0.0,0.0,0.0,0.0,0.0,0.0,1.0,2.0,0.0,0.0,0.0,1.0,0.0,0.0,0.0,0.0,0.0,0.0,0.0,0.0,0.0,0.0,0.0,1.0,0.0,1.0,1.0,1.0,0.0,0.0,1.0,0.0,0.0,1.0,0.0,0.0,0.0,0.0,1.0,2.0,2.0,2.0,1.0,0.0,0.0,1.0,0.0,0.0,0.0,1.0,0.0,0.0,1.0,1.0,0.0,0.0,1.0,0.0,0.0,3.0,0.0,0.0,0.0,0.0,0.0,3.0,0.0,0.0,0.0,0.0,0.0,2.0,0.0,1.0,0.0,2.0,2.0,1.0,2.0,27.0,2.0,2.0,8.0,10.0,10.0,6.0,30.0
CHEMBL3797325,IC50,18100.0,30.0,5.0,5.0,0.0,0.0,2.0,2.0,1.0,38.0,12.0,6.0,0.0,0.0,4.0,4.0,0.0,1.0,0.0,0.0,0.0,0.0,0.0,38.0,13.0,7.0,0.0,0.0,4.0,4.0,0.0,0.0,35.0,14.0,7.0,0.0,0.0,4.0,4.0,2.0,0.0,0.0,0.0,39.0,11.0,5.0,0.0,0.0,2.0,2.0,0.0,0.0,0.0,2.0,2.0,0.0,45.0,7.0,4.0,0.0,0.0,2.0,2.0,0.0,1.0,0.0,2.0,2.0,2.0,0.0,0.0,0.0,0.0,45.0,3.0,7.0,0.0,0.0,4.0,4.0,1.0,2.0,0.0,0.0,0.0,41.0,2.0,8.0,0.0,0.0,8.0,8.0,1.0,1.0,0.0,0.0,0.0,31.0,6.0,9.0,0.0,0.0,8.0,8.0,0.0,0.0,0.0,0.0,0.0,0.0,0.0,22.0,6.0,9.0,0.0,0.0,8.0,8.0,0.0,0.0,0.0,0.0,0.0,0.0,0.0,2.0,2.0,1.0,0.0,3.0,1.0,0.0,0.0,0.0,1.0,0.0,0.0,1.0,2.0,1.0,1.0,1.0,0.0,0.0,1.0,0.0,2.0,0.0,1.0,1.0,2.0,0.0,1.0,1.0,9.0,2.0,5.0,0.0,0.0,0.0,0.0,1.0,1.0,0.0,1.0,2.0,0.0,0.0,0.0,0.0,0.0,0.0,1.0,1.0,1.0,2.0,1.0,0.0,1.0,0.0,0.0,0.0,0.0,0.0,0.0,0.0,0.0,0.0,0.0,0.0,0.0,1.0,0.0,1.0,1.0,2.0,0.0,0.0,2.0,0.0,0.0,2.0,0.0,0.0,0.0,0.0,2.0,2.0,2.0,2.0,1.0,0.0,1.0,1.0,0.0,0.0,0.0,2.0,1.0,0.0,1.0,1.0,0.0,0.0,1.0,0.0,0.0,4.0,0.0,0.0,0.0,0.0,2.0,2.0,0.0,0.0,0.0,0.0,0.0,2.0,0.0,1.0,0.0,2.0,2.0,1.0,2.0,23.0,3.0,2.0,10.0,12.0,12.0,7.0,27.0
CHEMBL4228690,IC50,630.0,33.0,5.0,5.0,0.0,0.0,2.0,2.0,1.0,44.0,11.0,5.0,0.0,0.0,4.0,4.0,0.0,1.0,0.0,0.0,0.0,0.0,0.0,45.0,15.0,7.0,0.0,0.0,4.0,4.0,0.0,0.0,44.0,14.0,5.0,0.0,0.0,4.0,4.0,2.0,0.0,0.0,0.0,48.0,11.0,6.0,0.0,0.0,2.0,2.0,0.0,0.0,0.0,2.0,2.0,0.0,52.0,8.0,4.0,0.0,0.0,4.0,4.0,0.0,0.0,0.0,2.0,2.0,2.0,0.0,0.0,0.0,0.0,52.0,5.0,6.0,0.0,0.0,4.0,4.0,1.0,1.0,0.0,0.0,0.0,48.0,3.0,6.0,0.0,0.0,8.0,8.0,1.0,2.0,0.0,0.0,0.0,39.0,6.0,8.0,0.0,0.0,8.0,8.0,0.0,1.0,0.0,0.0,0.0,0.0,0.0,32.0,7.0,9.0,0.0,0.0,8.0,8.0,0.0,0.0,0.0,0.0,0.0,0.0,0.0,1.0,1.0,0.0,0.0,2.0,0.0,0.0,0.0,0.0,1.0,0.0,1.0,1.0,3.0,1.0,0.0,1.0,0.0,0.0,1.0,0.0,2.0,0.0,1.0,2.0,2.0,0.0,1.0,1.0,8.0,2.0,3.0,0.0,0.0,0.0,0.0,0.0,0.0,0.0,1.0,1.0,0.0,0.0,0.0,0.0,0.0,0.0,0.0,0.0,1.0,1.0,0.0,0.0,0.0,0.0,0.0,0.0,0.0,0.0,0.0,0.0,0.0,0.0,0.0,0.0,0.0,1.0,0.0,1.0,1.0,1.0,0.0,0.0,1.0,0.0,0.0,1.0,0.0,0.0,0.0,0.0,1.0,2.0,2.0,2.0,1.0,0.0,0.0,1.0,0.0,0.0,0.0,2.0,1.0,0.0,1.0,1.0,0.0,0.0,1.0,0.0,0.0,4.0,0.0,0.0,0.0,0.0,2.0,1.0,0.0,0.0,0.0,0.0,0.0,2.0,0.0,1.0,0.0,2.0,2.0,1.0,2.0,27.0,2.0,2.0,10.0,10.0,10.0,8.0,30.0
CHEMBL3616592,IC50,4.0,32.0,5.0,7.0,0.0,5.0,0.0,5.0,1.0,43.0,11.0,7.0,0.0,4.0,0.0,4.0,0.0,1.0,3.0,3.0,3.0,3.0,3.0,45.0,14.0,10.0,0.0,7.0,0.0,7.0,0.0,0.0,44.0,14.0,6.0,0.0,9.0,0.0,9.0,3.0,0.0,0.0,0.0,47.0,11.0,7.0,0.0,9.0,0.0,9.0,0.0,1.0,1.0,0.0,1.0,0.0,49.0,9.0,8.0,0.0,7.0,0.0,7.0,0.0,0.0,2.0,0.0,2.0,2.0,0.0,0.0,0.0,0.0,49.0,5.0,10.0,0.0,8.0,0.0,8.0,1.0,1.0,1.0,1.0,0.0,47.0,3.0,9.0,0.0,12.0,0.0,12.0,1.0,2.0,0.0,0.0,0.0,40.0,6.0,11.0,0.0,12.0,0.0,12.0,0.0,1.0,0.0,0.0,0.0,0.0,0.0,35.0,6.0,11.0,0.0,10.0,0.0,10.0,0.0,0.0,3.0,3.0,0.0,0.0,0.0,1.0,1.0,0.0,0.0,2.0,0.0,0.0,0.0,0.0,1.0,0.0,1.0,1.0,2.0,1.0,0.0,1.0,0.0,0.0,1.0,1.0,2.0,0.0,2.0,1.0,0.0,5.0,2.0,1.0,8.0,2.0,3.0,0.0,0.0,0.0,0.0,0.0,0.0,0.0,1.0,1.0,0.0,0.0,0.0,0.0,0.0,0.0,0.0,0.0,1.0,1.0,0.0,0.0,0.0,0.0,0.0,0.0,0.0,0.0,0.0,0.0,0.0,0.0,0.0,0.0,0.0,1.0,0.0,1.0,1.0,1.0,0.0,0.0,1.0,0.0,0.0,1.0,0.0,0.0,0.0,0.0,1.0,0.0,0.0,2.0,1.0,0.0,0.0,1.0,0.0,0.0,0.0,3.0,2.0,5.0,1.0,1.0,0.0,0.0,1.0,0.0,0.0,5.0,0.0,0.0,3.0,0.0,1.0,1.0,0.0,3.0,0.0,3.0,3.0,2.0,0.0,1.0,0.0,2.0,0.0,1.0,2.0,27.0,2.0,2.0,12.0,9.0,9.0,10.0,31.0
CHEMBL3616676,IC50,110.0,30.0,7.0,7.0,0.0,3.0,0.0,3.0,1.0,41.0,13.0,7.0,0.0,0.0,0.0,0.0,0.0,1.0,3.0,3.0,3.0,3.0,3.0,43.0,16.0,10.0,0.0,3.0,0.0,3.0,0.0,0.0,43.0,14.0,5.0,0.0,6.0,0.0,6.0,4.0,0.0,0.0,0.0,44.0,13.0,7.0,0.0,6.0,0.0,6.0,1.0,1.0,0.0,0.0,0.0,0.0,46.0,12.0,8.0,0.0,3.0,0.0,3.0,0.0,0.0,0.0,0.0,0.0,2.0,0.0,0.0,0.0,0.0,46.0,8.0,10.0,0.0,3.0,0.0,3.0,1.0,1.0,0.0,0.0,0.0,44.0,6.0,9.0,0.0,6.0,0.0,6.0,1.0,2.0,0.0,0.0,0.0,36.0,10.0,11.0,0.0,6.0,0.0,6.0,0.0,1.0,0.0,0.0,0.0,0.0,0.0,32.0,9.0,11.0,0.0,3.0,0.0,3.0,0.0,0.0,3.0,3.0,0.0,0.0,0.0,1.0,1.0,0.0,0.0,2.0,0.0,0.0,0.0,0.0,1.0,0.0,1.0,1.0,2.0,1.0,0.0,1.0,0.0,0.0,1.0,1.0,2.0,0.0,2.0,1.0,0.0,3.0,2.0,1.0,8.0,2.0,3.0,0.0,0.0,0.0,0.0,0.0,0.0,0.0,1.0,1.0,0.0,0.0,0.0,0.0,0.0,0.0,0.0,0.0,1.0,1.0,0.0,0.0,0.0,0.0,0.0,0.0,0.0,0.0,0.0,0.0,0.0,0.0,0.0,0.0,0.0,1.0,0.0,1.0,1.0,1.0,0.0,0.0,1.0,0.0,0.0,1.0,0.0,0.0,0.0,0.0,1.0,0.0,0.0,2.0,1.0,0.0,0.0,1.0,0.0,0.0,0.0,3.0,1.0,3.0,1.0,1.0,0.0,0.0,1.0,0.0,0.0,5.0,0.0,0.0,3.0,0.0,1.0,1.0,0.0,3.0,0.0,3.0,3.0,2.0,0.0,1.0,0.0,2.0,0.0,2.0,3.0,27.0,3.0,2.0,14.0,9.0,9.0,10.0,30.0
CHEMBL3616686,IC50,35.0,28.0,9.0,7.0,0.0,3.0,0.0,3.0,1.0,39.0,14.0,5.0,0.0,0.0,0.0,0.0,1.0,3.0,3.0,3.0,3.0,3.0,3.0,40.0,18.0,9.0,0.0,3.0,0.0,3.0,1.0,0.0,40.0,16.0,6.0,0.0,6.0,0.0,6.0,2.0,0.0,0.0,0.0,43.0,13.0,6.0,0.0,6.0,0.0,6.0,1.0,1.0,0.0,0.0,0.0,0.0,43.0,13.0,7.0,0.0,3.0,0.0,3.0,1.0,1.0,0.0,0.0,0.0,2.0,0.0,0.0,0.0,0.0,42.0,12.0,10.0,0.0,3.0,0.0,3.0,1.0,1.0,0.0,0.0,0.0,40.0,10.0,9.0,0.0,6.0,0.0,6.0,1.0,2.0,0.0,0.0,0.0,34.0,12.0,10.0,0.0,6.0,0.0,6.0,0.0,1.0,0.0,0.0,0.0,0.0,0.0,28.0,12.0,12.0,0.0,3.0,0.0,3.0,0.0,0.0,3.0,3.0,0.0,0.0,0.0,1.0,1.0,0.0,0.0,2.0,0.0,0.0,0.0,0.0,1.0,0.0,1.0,1.0,2.0,1.0,0.0,1.0,0.0,0.0,1.0,1.0,2.0,0.0,2.0,1.0,0.0,3.0,2.0,1.0,8.0,2.0,3.0,0.0,0.0,0.0,0.0,0.0,0.0,0.0,1.0,1.0,0.0,0.0,0.0,0.0,0.0,0.0,0.0,0.0,1.0,1.0,0.0,0.0,0.0,0.0,0.0,0.0,0.0,0.0,0.0,0.0,0.0,0.0,0.0,0.0,0.0,1.0,0.0,1.0,1.0,1.0,0.0,0.0,1.0,0.0,0.0,1.0,0.0,0.0,0.0,0.0,1.0,0.0,0.0,2.0,1.0,0.0,0.0,1.0,0.0,0.0,0.0,3.0,1.0,3.0,1.0,1.0,0.0,0.0,1.0,0.0,0.0,5.0,0.0,0.0,3.0,0.0,1.0,1.0,0.0,3.0,0.0,3.0,3.0,2.0,0.0,1.0,0.0,2.0,0.0,3.0,4.0,27.0,4.0,2.0,16.0,9.0,9.0,10.0,29.0
CHEMBL3799439,IC50,5700.0,29.0,5.0,7.0,0.0,0.0,2.0,2.0,1.0,39.0,11.0,7.0,0.0,0.0,4.0,4.0,0.0,1.0,0.0,0.0,0.0,0.0,0.0,38.0,14.0,9.0,0.0,0.0,4.0,4.0,0.0,0.0,37.0,15.0,7.0,0.0,0.0,4.0,4.0,2.0,0.0,0.0,1.0,42.0,11.0,9.0,0.0,0.0,2.0,2.0,0.0,2.0,0.0,2.0,2.0,0.0,46.0,8.0,8.0,0.0,0.0,2.0,2.0,0.0,2.0,0.0,2.0,2.0,2.0,0.0,0.0,0.0,0.0,49.0,3.0,10.0,0.0,0.0,4.0,4.0,1.0,1.0,0.0,0.0,0.0,43.0,2.0,15.0,0.0,0.0,8.0,8.0,1.0,1.0,0.0,0.0,0.0,33.0,5.0,15.0,0.0,0.0,10.0,10.0,0.0,0.0,0.0,0.0,0.0,0.0,0.0,22.0,5.0,11.0,0.0,0.0,6.0,6.0,0.0,0.0,0.0,0.0,0.0,0.0,4.0,1.0,0.0,0.0,0.0,4.0,1.0,0.0,0.0,0.0,2.0,0.0,1.0,1.0,2.0,1.0,0.0,1.0,0.0,0.0,1.0,0.0,2.0,0.0,0.0,1.0,2.0,0.0,2.0,1.0,9.0,2.0,4.0,0.0,0.0,0.0,0.0,0.0,0.0,0.0,1.0,2.0,0.0,0.0,0.0,0.0,0.0,0.0,0.0,0.0,1.0,2.0,0.0,0.0,0.0,1.0,0.0,0.0,0.0,0.0,0.0,0.0,0.0,0.0,0.0,0.0,0.0,1.0,0.0,1.0,1.0,1.0,0.0,0.0,1.0,0.0,0.0,1.0,0.0,0.0,0.0,0.0,1.0,2.0,2.0,2.0,1.0,0.0,0.0,1.0,0.0,0.0,0.0,3.0,2.0,0.0,1.0,1.0,0.0,0.0,1.0,0.0,0.0,5.0,0.0,0.0,0.0,0.0,0.0,3.0,0.0,0.0,0.0,0.0,0.0,2.0,0.0,1.0,0.0,2.0,2.0,1.0,2.0,23.0,2.0,2.0,12.0,12.0,12.0,8.0,26.0
CHEMBL3799556,IC50,41700.0,35.0,6.0,5.0,0.0,0.0,2.0,2.0,1.0,48.0,12.0,5.0,0.0,0.0,4.0,4.0,0.0,1.0,0.0,0.0,0.0,0.0,0.0,49.0,13.0,10.0,0.0,0.0,4.0,4.0,0.0,0.0,42.0,15.0,10.0,0.0,0.0,4.0,4.0,0.0,0.0,0.0,0.0,47.0,11.0,4.0,0.0,0.0,2.0,2.0,0.0,2.0,0.0,2.0,2.0,0.0,51.0,8.0,5.0,0.0,0.0,2.0,2.0,0.0,0.0,0.0,2.0,2.0,0.0,0.0,0.0,0.0,0.0,52.0,5.0,4.0,0.0,0.0,4.0,4.0,1.0,1.0,0.0,0.0,2.0,50.0,4.0,6.0,0.0,0.0,8.0,8.0,1.0,2.0,0.0,0.0,0.0,41.0,8.0,9.0,0.0,0.0,8.0,8.0,0.0,1.0,0.0,0.0,0.0,0.0,0.0,36.0,7.0,8.0,0.0,0.0,8.0,8.0,0.0,0.0,0.0,0.0,0.0,0.0,0.0,2.0,1.0,0.0,1.0,4.0,2.0,2.0,0.0,0.0,2.0,0.0,0.0,0.0,2.0,0.0,0.0,0.0,0.0,0.0,1.0,0.0,2.0,0.0,1.0,2.0,2.0,0.0,1.0,1.0,10.0,2.0,6.0,0.0,0.0,1.0,0.0,0.0,0.0,0.0,1.0,5.0,0.0,0.0,0.0,0.0,2.0,1.0,0.0,0.0,2.0,1.0,4.0,0.0,2.0,0.0,1.0,0.0,0.0,0.0,0.0,0.0,0.0,0.0,1.0,4.0,4.0,2.0,2.0,2.0,2.0,2.0,2.0,1.0,4.0,0.0,0.0,2.0,1.0,0.0,0.0,0.0,1.0,2.0,2.0,3.0,3.0,0.0,0.0,2.0,0.0,0.0,0.0,2.0,1.0,0.0,1.0,1.0,0.0,0.0,0.0,0.0,0.0,4.0,0.0,0.0,0.0,0.0,1.0,2.0,1.0,0.0,0.0,0.0,0.0,2.0,0.0,0.0,0.0,2.0,2.0,1.0,2.0,27.0,3.0,2.0,11.0,12.0,12.0,6.0,31.0
CHEMBL3798731,IC50,112200.0,35.0,6.0,5.0,0.0,0.0,2.0,2.0,1.0,48.0,12.0,5.0,0.0,0.0,4.0,4.0,0.0,1.0,0.0,0.0,0.0,0.0,0.0,48.0,14.0,10.0,0.0,0.0,4.0,4.0,0.0,0.0,44.0,14.0,8.0,0.0,0.0,4.0,4.0,2.0,0.0,0.0,0.0,47.0,11.0,9.0,0.0,0.0,2.0,2.0,0.0,0.0,0.0,2.0,2.0,0.0,52.0,8.0,4.0,0.0,0.0,2.0,2.0,0.0,0.0,0.0,2.0,2.0,2.0,0.0,0.0,0.0,0.0,52.0,5.0,6.0,0.0,0.0,4.0,4.0,1.0,1.0,0.0,0.0,0.0,49.0,4.0,6.0,0.0,0.0,8.0,8.0,1.0,2.0,0.0,0.0,0.0,41.0,8.0,7.0,0.0,0.0,8.0,8.0,0.0,1.0,0.0,0.0,0.0,0.0,0.0,36.0,8.0,8.0,0.0,0.0,8.0,8.0,0.0,0.0,0.0,0.0,0.0,0.0,0.0,2.0,1.0,0.0,1.0,4.0,2.0,2.0,0.0,0.0,2.0,1.0,0.0,0.0,2.0,0.0,0.0,0.0,0.0,0.0,1.0,0.0,2.0,0.0,1.0,2.0,2.0,0.0,1.0,1.0,10.0,2.0,6.0,0.0,0.0,1.0,0.0,0.0,0.0,0.0,1.0,5.0,0.0,0.0,0.0,0.0,1.0,0.0,0.0,0.0,2.0,1.0,3.0,0.0,1.0,0.0,2.0,0.0,1.0,0.0,0.0,0.0,0.0,0.0,2.0,2.0,2.0,3.0,3.0,3.0,2.0,2.0,2.0,1.0,4.0,0.0,0.0,2.0,1.0,0.0,0.0,0.0,1.0,2.0,2.0,3.0,3.0,0.0,0.0,2.0,0.0,0.0,0.0,2.0,1.0,0.0,1.0,1.0,0.0,0.0,1.0,0.0,0.0,4.0,0.0,0.0,0.0,0.0,1.0,2.0,1.0,0.0,0.0,0.0,0.0,2.0,0.0,0.0,0.0,2.0,2.0,1.0,2.0,27.0,3.0,2.0,11.0,12.0,12.0,6.0,31.0
CHEMBL3798761,IC50,41000.0,32.0,5.0,3.0,0.0,0.0,2.0,2.0,1.0,42.0,12.0,3.0,0.0,0.0,4.0,4.0,0.0,1.0,0.0,0.0,0.0,0.0,0.0,42.0,13.0,5.0,0.0,0.0,4.0,4.0,0.0,0.0,38.0,14.0,6.0,0.0,0.0,4.0,4.0,2.0,0.0,0.0,0.0,41.0,10.0,4.0,0.0,0.0,2.0,2.0,0.0,0.0,0.0,2.0,2.0,0.0,46.0,6.0,3.0,0.0,0.0,2.0,2.0,0.0,0.0,0.0,2.0,2.0,2.0,0.0,0.0,0.0,0.0,45.0,6.0,5.0,0.0,0.0,4.0,4.0,1.0,1.0,0.0,0.0,0.0,43.0,5.0,5.0,0.0,0.0,8.0,8.0,1.0,1.0,0.0,0.0,0.0,36.0,6.0,5.0,0.0,0.0,8.0,8.0,0.0,0.0,0.0,0.0,0.0,0.0,0.0,32.0,6.0,5.0,0.0,0.0,6.0,6.0,0.0,0.0,0.0,0.0,0.0,0.0,0.0,2.0,2.0,1.0,0.0,1.0,1.0,0.0,0.0,0.0,0.0,0.0,0.0,1.0,5.0,1.0,1.0,1.0,0.0,0.0,1.0,1.0,2.0,0.0,2.0,0.0,2.0,0.0,0.0,1.0,11.0,2.0,7.0,0.0,0.0,1.0,3.0,1.0,1.0,0.0,1.0,5.0,0.0,0.0,0.0,0.0,0.0,0.0,1.0,1.0,1.0,4.0,1.0,0.0,1.0,0.0,0.0,0.0,0.0,0.0,0.0,0.0,0.0,0.0,0.0,0.0,0.0,1.0,0.0,1.0,1.0,2.0,0.0,0.0,2.0,0.0,0.0,2.0,0.0,0.0,0.0,0.0,1.0,2.0,2.0,2.0,1.0,0.0,1.0,1.0,0.0,0.0,0.0,1.0,0.0,0.0,1.0,1.0,0.0,0.0,1.0,0.0,0.0,3.0,0.0,0.0,0.0,0.0,5.0,1.0,0.0,0.0,0.0,0.0,0.0,2.0,0.0,1.0,0.0,2.0,2.0,1.0,2.0,23.0,2.0,2.0,8.0,12.0,12.0,8.0,28.0
CHEMBL152409,IC50,19.7,28.0,4.0,4.0,0.0,0.0,1.0,2.0,1.0,35.0,6.0,6.0,0.0,0.0,2.0,4.0,0.0,1.0,0.0,0.0,0.0,0.0,0.0,33.0,7.0,7.0,0.0,0.0,2.0,4.0,0.0,2.0,22.0,12.0,8.0,0.0,0.0,2.0,3.0,0.0,0.0,0.0,0.0,19.0,13.0,6.0,0.0,0.0,0.0,1.0,0.0,0.0,0.0,1.0,1.0,0.0,21.0,9.0,3.0,0.0,0.0,0.0,1.0,0.0,2.0,0.0,1.0,1.0,1.0,0.0,0.0,0.0,0.0,24.0,5.0,5.0,0.0,0.0,1.0,1.0,0.0,2.0,0.0,1.0,0.0,26.0,4.0,7.0,0.0,0.0,1.0,2.0,0.0,0.0,0.0,0.0,0.0,30.0,1.0,4.0,0.0,0.0,2.0,3.0,1.0,0.0,0.0,0.0,1.0,0.0,0.0,29.0,1.0,5.0,0.0,0.0,3.0,3.0,1.0,0.0,0.0,0.0,0.0,0.0,1.0,0.0,0.0,0.0,0.0,4.0,0.0,0.0,0.0,0.0,2.0,0.0,2.0,0.0,0.0,2.0,0.0,1.0,0.0,0.0,1.0,0.0,1.0,0.0,1.0,1.0,1.0,0.0,1.0,1.0,6.0,1.0,2.0,0.0,0.0,0.0,0.0,0.0,0.0,0.0,0.0,0.0,0.0,0.0,0.0,0.0,0.0,0.0,0.0,0.0,0.0,1.0,0.0,0.0,0.0,0.0,0.0,0.0,0.0,0.0,0.0,0.0,0.0,0.0,0.0,0.0,0.0,0.0,0.0,0.0,0.0,2.0,0.0,0.0,2.0,0.0,0.0,0.0,1.0,0.0,0.0,1.0,1.0,1.0,1.0,3.0,1.0,0.0,0.0,0.0,0.0,0.0,1.0,1.0,1.0,0.0,3.0,1.0,0.0,0.0,0.0,0.0,1.0,3.0,0.0,0.0,0.0,0.0,0.0,1.0,0.0,0.0,0.0,0.0,0.0,2.0,0.0,0.0,0.0,2.0,1.0,0.0,0.0,22.0,0.0,4.0,8.0,10.0,10.0,11.0,26.0
CHEMBL4848344,IC50,36.38,120.0,66.0,43.0,2.0,0.0,0.0,0.0,0.0,138.0,87.0,48.0,1.0,0.0,0.0,0.0,6.0,29.0,0.0,0.0,0.0,0.0,0.0,153.0,62.0,70.0,1.0,0.0,0.0,0.0,26.0,32.0,142.0,107.0,115.0,1.0,0.0,0.0,0.0,11.0,0.0,0.0,6.0,159.0,120.0,91.0,1.0,0.0,0.0,0.0,6.0,35.0,0.0,0.0,0.0,36.0,201.0,79.0,113.0,2.0,0.0,0.0,0.0,31.0,41.0,0.0,0.0,0.0,9.0,0.0,0.0,0.0,0.0,209.0,117.0,154.0,3.0,0.0,0.0,0.0,6.0,18.0,0.0,0.0,10.0,224.0,131.0,124.0,3.0,0.0,0.0,0.0,10.0,42.0,0.0,0.0,39.0,250.0,90.0,135.0,4.0,0.0,0.0,0.0,30.0,44.0,0.0,0.0,13.0,0.0,0.0,238.0,129.0,167.0,3.0,0.0,0.0,0.0,6.0,21.0,0.0,0.0,12.0,0.0,0.0,33.0,8.0,25.0,26.0,32.0,24.0,21.0,21.0,20.0,11.0,4.0,2.0,6.0,13.0,27.0,25.0,25.0,25.0,8.0,11.0,0.0,32.0,4.0,2.0,0.0,0.0,0.0,0.0,11.0,112.0,32.0,83.0,29.0,25.0,4.0,0.0,26.0,25.0,25.0,32.0,61.0,29.0,25.0,25.0,0.0,4.0,0.0,18.0,17.0,32.0,4.0,31.0,21.0,24.0,4.0,13.0,14.0,15.0,1.0,0.0,0.0,0.0,0.0,18.0,36.0,10.0,50.0,0.0,17.0,9.0,84.0,0.0,0.0,77.0,50.0,50.0,50.0,50.0,25.0,25.0,6.0,12.0,0.0,0.0,62.0,27.0,25.0,25.0,25.0,0.0,25.0,6.0,9.0,0.0,0.0,37.0,29.0,26.0,26.0,8.0,26.0,6.0,43.0,4.0,25.0,0.0,6.0,12.0,25.0,4.0,0.0,6.0,0.0,0.0,32.0,4.0,25.0,24.0,0.0,0.0,0.0,1.0,33.0,1.0,0.0,111.0,165.0,165.0,131.0,127.0
CHEMBL4876838,IC50,107.3,111.0,62.0,40.0,4.0,0.0,0.0,0.0,0.0,128.0,81.0,44.0,3.0,0.0,0.0,0.0,6.0,27.0,0.0,0.0,0.0,0.0,0.0,143.0,57.0,63.0,2.0,0.0,0.0,0.0,24.0,29.0,132.0,98.0,105.0,2.0,0.0,0.0,0.0,10.0,0.0,0.0,5.0,146.0,113.0,82.0,3.0,0.0,0.0,0.0,6.0,31.0,0.0,0.0,0.0,33.0,181.0,75.0,105.0,5.0,0.0,0.0,0.0,29.0,38.0,0.0,0.0,0.0,7.0,0.0,0.0,0.0,0.0,190.0,108.0,138.0,5.0,0.0,0.0,0.0,6.0,19.0,0.0,0.0,9.0,204.0,122.0,108.0,7.0,0.0,0.0,0.0,10.0,38.0,0.0,0.0,38.0,226.0,85.0,128.0,9.0,0.0,0.0,0.0,28.0,41.0,0.0,0.0,9.0,0.0,0.0,220.0,120.0,146.0,6.0,0.0,0.0,0.0,6.0,22.0,0.0,0.0,12.0,0.0,0.0,29.0,6.0,23.0,24.0,31.0,22.0,20.0,20.0,19.0,10.0,4.0,2.0,6.0,10.0,25.0,23.0,23.0,23.0,8.0,10.0,0.0,30.0,4.0,2.0,0.0,0.0,0.0,0.0,10.0,102.0,30.0,74.0,27.0,23.0,3.0,0.0,24.0,23.0,23.0,30.0,52.0,27.0,23.0,23.0,0.0,3.0,0.0,15.0,15.0,29.0,4.0,25.0,18.0,20.0,4.0,10.0,11.0,11.0,1.0,0.0,0.0,0.0,0.0,15.0,30.0,9.0,45.0,0.0,15.0,7.0,78.0,0.0,0.0,71.0,46.0,46.0,46.0,46.0,23.0,23.0,5.0,10.0,0.0,0.0,58.0,25.0,23.0,23.0,23.0,0.0,23.0,5.0,8.0,0.0,0.0,35.0,27.0,24.0,24.0,7.0,24.0,5.0,40.0,4.0,23.0,0.0,5.0,9.0,22.0,3.0,0.0,5.0,0.0,0.0,30.0,4.0,23.0,22.0,0.0,0.0,0.0,1.0,33.0,1.0,0.0,106.0,153.0,153.0,123.0,119.0
CHEMBL4849980,IC50,12.34,112.0,61.0,41.0,2.0,0.0,0.0,0.0,0.0,129.0,79.0,46.0,1.0,0.0,0.0,0.0,6.0,27.0,0.0,0.0,0.0,0.0,0.0,143.0,57.0,66.0,1.0,0.0,0.0,0.0,23.0,29.0,132.0,96.0,109.0,1.0,0.0,0.0,0.0,10.0,0.0,0.0,5.0,147.0,108.0,87.0,1.0,0.0,0.0,0.0,6.0,33.0,0.0,0.0,0.0,33.0,183.0,73.0,106.0,2.0,0.0,0.0,0.0,28.0,37.0,0.0,0.0,0.0,11.0,0.0,0.0,0.0,0.0,190.0,108.0,142.0,3.0,0.0,0.0,0.0,6.0,17.0,0.0,0.0,9.0,205.0,119.0,113.0,3.0,0.0,0.0,0.0,10.0,40.0,0.0,0.0,36.0,229.0,85.0,124.0,4.0,0.0,0.0,0.0,27.0,40.0,0.0,0.0,15.0,0.0,0.0,219.0,120.0,153.0,3.0,0.0,0.0,0.0,6.0,20.0,0.0,0.0,10.0,0.0,0.0,29.0,6.0,23.0,24.0,31.0,22.0,20.0,20.0,19.0,11.0,4.0,2.0,6.0,10.0,25.0,23.0,23.0,23.0,7.0,11.0,0.0,30.0,4.0,2.0,0.0,0.0,0.0,0.0,11.0,102.0,30.0,75.0,27.0,23.0,3.0,0.0,23.0,23.0,23.0,30.0,54.0,27.0,23.0,23.0,0.0,3.0,0.0,16.0,16.0,30.0,4.0,27.0,19.0,22.0,4.0,11.0,12.0,13.0,1.0,0.0,0.0,0.0,0.0,16.0,32.0,10.0,46.0,0.0,16.0,8.0,76.0,0.0,0.0,71.0,46.0,46.0,46.0,46.0,23.0,23.0,7.0,12.0,0.0,0.0,57.0,25.0,23.0,23.0,23.0,0.0,23.0,6.0,9.0,0.0,0.0,34.0,27.0,23.0,23.0,7.0,23.0,6.0,41.0,4.0,23.0,0.0,5.0,9.0,24.0,3.0,0.0,6.0,0.0,0.0,30.0,4.0,23.0,21.0,0.0,0.0,0.0,1.0,33.0,1.0,0.0,104.0,152.0,152.0,122.0,119.0
CHEMBL3237906,IC50,130.0,29.0,7.0,4.0,0.0,0.0,1.0,1.0,0.0,40.0,11.0,4.0,0.0,0.0,2.0,2.0,1.0,2.0,0.0,0.0,0.0,0.0,0.0,41.0,13.0,8.0,0.0,0.0,2.0,2.0,0.0,1.0,39.0,12.0,9.0,0.0,0.0,2.0,2.0,2.0,0.0,0.0,0.0,40.0,9.0,10.0,0.0,0.0,1.0,1.0,0.0,0.0,0.0,1.0,1.0,0.0,41.0,11.0,7.0,0.0,0.0,1.0,1.0,0.0,0.0,0.0,1.0,1.0,2.0,1.0,0.0,0.0,0.0,46.0,2.0,7.0,0.0,0.0,3.0,3.0,1.0,1.0,0.0,0.0,0.0,38.0,4.0,10.0,0.0,0.0,4.0,4.0,0.0,0.0,0.0,0.0,0.0,33.0,4.0,5.0,0.0,0.0,3.0,3.0,1.0,2.0,0.0,0.0,1.0,0.0,0.0,27.0,5.0,6.0,0.0,0.0,3.0,3.0,0.0,0.0,0.0,0.0,0.0,0.0,0.0,2.0,1.0,0.0,0.0,6.0,2.0,0.0,0.0,0.0,3.0,0.0,1.0,1.0,4.0,1.0,0.0,1.0,0.0,0.0,1.0,2.0,3.0,0.0,1.0,0.0,1.0,0.0,0.0,1.0,18.0,3.0,14.0,1.0,0.0,5.0,0.0,2.0,1.0,0.0,2.0,15.0,0.0,0.0,0.0,2.0,11.0,7.0,4.0,2.0,1.0,2.0,14.0,0.0,0.0,0.0,14.0,0.0,0.0,9.0,6.0,7.0,3.0,7.0,8.0,4.0,2.0,5.0,2.0,3.0,1.0,7.0,4.0,5.0,9.0,3.0,0.0,4.0,5.0,0.0,0.0,0.0,1.0,1.0,1.0,6.0,4.0,2.0,2.0,3.0,0.0,0.0,0.0,1.0,0.0,0.0,3.0,2.0,0.0,0.0,1.0,0.0,0.0,4.0,0.0,0.0,0.0,0.0,4.0,5.0,1.0,0.0,0.0,0.0,0.0,3.0,0.0,1.0,0.0,2.0,1.0,0.0,0.0,12.0,2.0,5.0,11.0,18.0,18.0,9.0,22.0
CHEMBL3237914,IC50,170.0,30.0,7.0,4.0,0.0,3.0,0.0,3.0,0.0,42.0,11.0,4.0,0.0,3.0,0.0,3.0,1.0,2.0,0.0,0.0,3.0,3.0,3.0,43.0,13.0,8.0,0.0,6.0,0.0,6.0,0.0,1.0,40.0,12.0,9.0,0.0,6.0,0.0,6.0,2.0,0.0,0.0,0.0,41.0,9.0,10.0,0.0,3.0,0.0,3.0,0.0,0.0,0.0,0.0,0.0,0.0,42.0,12.0,7.0,0.0,3.0,0.0,3.0,0.0,0.0,0.0,0.0,0.0,2.0,0.0,0.0,0.0,0.0,47.0,3.0,8.0,0.0,3.0,0.0,3.0,1.0,1.0,3.0,3.0,0.0,41.0,4.0,10.0,0.0,3.0,0.0,3.0,0.0,0.0,3.0,3.0,0.0,37.0,4.0,5.0,0.0,9.0,0.0,9.0,1.0,2.0,0.0,0.0,1.0,0.0,0.0,30.0,5.0,6.0,0.0,12.0,0.0,12.0,0.0,0.0,0.0,0.0,0.0,0.0,0.0,2.0,1.0,0.0,0.0,6.0,2.0,0.0,0.0,0.0,3.0,0.0,1.0,1.0,4.0,1.0,0.0,1.0,0.0,0.0,1.0,3.0,3.0,0.0,2.0,0.0,0.0,3.0,0.0,1.0,19.0,3.0,14.0,1.0,0.0,5.0,0.0,2.0,1.0,0.0,2.0,15.0,0.0,0.0,0.0,2.0,11.0,7.0,4.0,2.0,1.0,2.0,14.0,0.0,0.0,0.0,14.0,0.0,0.0,9.0,6.0,7.0,3.0,7.0,8.0,4.0,2.0,5.0,2.0,3.0,1.0,7.0,4.0,5.0,9.0,3.0,0.0,4.0,5.0,0.0,0.0,0.0,1.0,0.0,0.0,6.0,4.0,2.0,2.0,3.0,0.0,0.0,0.0,1.0,0.0,3.0,3.0,2.0,0.0,0.0,1.0,0.0,0.0,4.0,0.0,0.0,0.0,0.0,4.0,5.0,1.0,3.0,0.0,0.0,0.0,3.0,0.0,1.0,0.0,2.0,0.0,0.0,0.0,12.0,2.0,5.0,11.0,18.0,18.0,10.0,23.0
CHEMBL3237917,IC50,130.0,28.0,9.0,2.0,0.0,0.0,2.0,2.0,3.0,39.0,15.0,2.0,0.0,0.0,4.0,4.0,4.0,2.0,0.0,0.0,0.0,0.0,0.0,41.0,14.0,6.0,0.0,0.0,4.0,4.0,2.0,1.0,38.0,14.0,9.0,0.0,0.0,4.0,4.0,0.0,0.0,0.0,0.0,39.0,13.0,7.0,0.0,0.0,2.0,2.0,0.0,2.0,0.0,2.0,2.0,0.0,39.0,17.0,5.0,0.0,0.0,2.0,2.0,0.0,2.0,0.0,2.0,2.0,0.0,2.0,0.0,0.0,0.0,44.0,10.0,3.0,0.0,0.0,6.0,6.0,1.0,1.0,0.0,0.0,0.0,37.0,10.0,6.0,0.0,0.0,8.0,8.0,0.0,0.0,0.0,0.0,0.0,32.0,8.0,3.0,0.0,0.0,6.0,6.0,1.0,2.0,0.0,0.0,1.0,0.0,0.0,26.0,8.0,4.0,0.0,0.0,6.0,6.0,2.0,0.0,0.0,0.0,0.0,0.0,0.0,2.0,1.0,0.0,0.0,5.0,2.0,0.0,0.0,0.0,2.0,0.0,1.0,0.0,4.0,1.0,0.0,1.0,0.0,0.0,0.0,2.0,2.0,0.0,1.0,0.0,2.0,0.0,0.0,0.0,16.0,2.0,12.0,1.0,0.0,5.0,0.0,2.0,1.0,0.0,1.0,14.0,0.0,0.0,0.0,2.0,11.0,7.0,4.0,2.0,0.0,2.0,14.0,0.0,0.0,0.0,14.0,0.0,0.0,9.0,6.0,7.0,3.0,7.0,8.0,4.0,2.0,4.0,2.0,2.0,0.0,6.0,4.0,5.0,8.0,3.0,0.0,3.0,5.0,0.0,0.0,0.0,0.0,2.0,2.0,6.0,4.0,2.0,2.0,3.0,0.0,0.0,0.0,0.0,0.0,0.0,3.0,2.0,0.0,0.0,0.0,0.0,0.0,2.0,0.0,0.0,0.0,0.0,4.0,4.0,1.0,0.0,0.0,0.0,0.0,2.0,0.0,1.0,0.0,2.0,2.0,3.0,4.0,17.0,6.0,5.0,11.0,18.0,18.0,8.0,23.0
CHEMBL154400,IC50,7.4,27.0,5.0,3.0,0.0,0.0,1.0,1.0,1.0,35.0,8.0,4.0,0.0,0.0,2.0,2.0,0.0,2.0,0.0,0.0,0.0,0.0,0.0,36.0,9.0,7.0,0.0,0.0,2.0,2.0,0.0,1.0,28.0,11.0,9.0,0.0,0.0,2.0,2.0,0.0,0.0,0.0,0.0,23.0,12.0,8.0,0.0,0.0,0.0,0.0,0.0,0.0,0.0,1.0,1.0,0.0,25.0,9.0,5.0,0.0,0.0,0.0,0.0,0.0,1.0,0.0,1.0,1.0,1.0,0.0,0.0,0.0,0.0,32.0,5.0,5.0,0.0,0.0,1.0,1.0,0.0,1.0,0.0,0.0,0.0,35.0,1.0,4.0,0.0,0.0,1.0,1.0,1.0,1.0,0.0,0.0,0.0,29.0,2.0,3.0,0.0,0.0,2.0,2.0,1.0,1.0,0.0,0.0,0.0,0.0,0.0,18.0,6.0,4.0,0.0,0.0,3.0,3.0,0.0,0.0,0.0,0.0,0.0,0.0,0.0,1.0,0.0,0.0,0.0,6.0,2.0,0.0,0.0,0.0,3.0,2.0,0.0,1.0,1.0,1.0,0.0,1.0,0.0,0.0,1.0,0.0,2.0,0.0,0.0,1.0,1.0,0.0,0.0,1.0,11.0,2.0,7.0,1.0,0.0,0.0,0.0,1.0,1.0,0.0,1.0,5.0,0.0,0.0,0.0,0.0,0.0,0.0,2.0,2.0,0.0,1.0,4.0,0.0,0.0,0.0,3.0,0.0,0.0,2.0,0.0,1.0,0.0,1.0,1.0,2.0,2.0,3.0,3.0,3.0,0.0,4.0,4.0,5.0,8.0,3.0,0.0,3.0,5.0,0.0,0.0,0.0,0.0,1.0,1.0,4.0,3.0,2.0,2.0,2.0,0.0,0.0,0.0,0.0,0.0,0.0,3.0,2.0,0.0,0.0,0.0,0.0,0.0,3.0,0.0,0.0,0.0,0.0,1.0,5.0,0.0,0.0,0.0,0.0,0.0,3.0,0.0,0.0,0.0,2.0,1.0,0.0,0.0,16.0,1.0,4.0,8.0,14.0,14.0,8.0,22.0
CHEMBL359126,IC50,27.5,23.0,5.0,2.0,0.0,0.0,3.0,3.0,1.0,30.0,8.0,3.0,0.0,0.0,6.0,6.0,0.0,1.0,0.0,0.0,0.0,0.0,0.0,26.0,10.0,4.0,0.0,0.0,6.0,6.0,0.0,1.0,18.0,13.0,4.0,0.0,0.0,5.0,5.0,0.0,0.0,0.0,0.0,19.0,9.0,3.0,0.0,0.0,1.0,1.0,1.0,0.0,0.0,2.0,2.0,0.0,23.0,4.0,2.0,0.0,0.0,2.0,2.0,1.0,1.0,0.0,2.0,2.0,1.0,0.0,0.0,0.0,0.0,23.0,3.0,3.0,0.0,0.0,6.0,6.0,0.0,1.0,0.0,0.0,0.0,20.0,4.0,3.0,0.0,0.0,6.0,6.0,0.0,1.0,0.0,0.0,0.0,16.0,6.0,2.0,0.0,0.0,6.0,6.0,0.0,0.0,0.0,0.0,0.0,0.0,0.0,12.0,5.0,3.0,0.0,0.0,5.0,5.0,0.0,0.0,0.0,1.0,0.0,0.0,0.0,0.0,0.0,0.0,0.0,1.0,0.0,0.0,0.0,0.0,0.0,0.0,0.0,0.0,0.0,1.0,0.0,1.0,0.0,0.0,1.0,0.0,1.0,0.0,0.0,2.0,3.0,0.0,0.0,1.0,3.0,1.0,0.0,0.0,0.0,0.0,0.0,0.0,0.0,0.0,0.0,0.0,0.0,0.0,0.0,0.0,0.0,0.0,0.0,0.0,0.0,0.0,0.0,0.0,0.0,0.0,0.0,0.0,0.0,0.0,0.0,0.0,0.0,0.0,0.0,0.0,0.0,0.0,0.0,0.0,0.0,0.0,0.0,0.0,0.0,0.0,0.0,0.0,0.0,0.0,0.0,0.0,0.0,3.0,3.0,1.0,0.0,0.0,0.0,0.0,0.0,0.0,0.0,0.0,0.0,0.0,2.0,1.0,0.0,0.0,0.0,0.0,0.0,2.0,0.0,0.0,0.0,0.0,0.0,0.0,0.0,0.0,0.0,0.0,0.0,2.0,0.0,0.0,0.0,2.0,3.0,0.0,1.0,21.0,1.0,4.0,7.0,6.0,6.0,6.0,24.0
CHEMBL4876736,IC50,9.0,111.0,60.0,42.0,2.0,0.0,0.0,0.0,0.0,128.0,78.0,47.0,1.0,0.0,0.0,0.0,6.0,26.0,0.0,0.0,0.0,0.0,0.0,142.0,56.0,67.0,1.0,0.0,0.0,0.0,23.0,29.0,131.0,94.0,110.0,1.0,0.0,0.0,0.0,13.0,0.0,0.0,5.0,146.0,106.0,87.0,1.0,0.0,0.0,0.0,5.0,33.0,0.0,0.0,0.0,36.0,181.0,71.0,109.0,2.0,0.0,0.0,0.0,28.0,34.0,0.0,0.0,0.0,12.0,0.0,0.0,0.0,0.0,187.0,104.0,147.0,3.0,0.0,0.0,0.0,5.0,20.0,0.0,0.0,7.0,203.0,115.0,112.0,3.0,0.0,0.0,0.0,9.0,39.0,0.0,0.0,42.0,225.0,84.0,128.0,4.0,0.0,0.0,0.0,27.0,37.0,0.0,0.0,14.0,0.0,0.0,214.0,117.0,157.0,3.0,0.0,0.0,0.0,5.0,23.0,0.0,0.0,8.0,0.0,0.0,29.0,6.0,23.0,24.0,30.0,22.0,20.0,20.0,19.0,10.0,4.0,2.0,6.0,10.0,25.0,23.0,23.0,23.0,6.0,12.0,0.0,30.0,3.0,2.0,0.0,0.0,0.0,0.0,12.0,101.0,30.0,74.0,26.0,23.0,3.0,0.0,23.0,23.0,23.0,30.0,53.0,26.0,23.0,23.0,0.0,3.0,0.0,16.0,16.0,30.0,4.0,26.0,18.0,22.0,4.0,10.0,11.0,11.0,1.0,0.0,0.0,0.0,0.0,15.0,30.0,9.0,45.0,0.0,16.0,9.0,75.0,0.0,0.0,71.0,46.0,46.0,46.0,46.0,23.0,23.0,7.0,13.0,0.0,0.0,56.0,25.0,23.0,23.0,23.0,0.0,23.0,6.0,10.0,0.0,0.0,33.0,26.0,23.0,23.0,9.0,23.0,6.0,42.0,4.0,23.0,0.0,5.0,9.0,23.0,3.0,0.0,6.0,0.0,0.0,30.0,3.0,23.0,21.0,0.0,0.0,0.0,1.0,33.0,1.0,0.0,104.0,151.0,151.0,121.0,119.0
CHEMBL10,IC50,37.07,20.0,6.0,0.0,2.0,1.0,0.0,1.0,0.0,27.0,8.0,2.0,2.0,2.0,0.0,2.0,1.0,0.0,0.0,0.0,0.0,0.0,0.0,25.0,11.0,2.0,2.0,2.0,0.0,2.0,0.0,0.0,22.0,13.0,2.0,1.0,1.0,0.0,1.0,0.0,0.0,0.0,0.0,26.0,8.0,1.0,1.0,1.0,0.0,1.0,1.0,0.0,0.0,0.0,0.0,0.0,29.0,3.0,1.0,0.0,1.0,0.0,1.0,1.0,0.0,1.0,0.0,1.0,0.0,0.0,0.0,0.0,0.0,25.0,5.0,0.0,2.0,2.0,0.0,2.0,0.0,2.0,1.0,1.0,0.0,18.0,4.0,2.0,2.0,3.0,0.0,3.0,0.0,0.0,0.0,0.0,0.0,8.0,3.0,2.0,4.0,4.0,0.0,4.0,0.0,0.0,0.0,0.0,0.0,0.0,0.0,5.0,1.0,4.0,4.0,2.0,0.0,2.0,0.0,0.0,1.0,1.0,0.0,0.0,0.0,0.0,0.0,0.0,0.0,0.0,0.0,0.0,0.0,0.0,0.0,0.0,0.0,0.0,1.0,0.0,0.0,0.0,0.0,0.0,0.0,0.0,0.0,0.0,2.0,0.0,0.0,1.0,0.0,0.0,1.0,0.0,0.0,0.0,0.0,0.0,0.0,0.0,0.0,0.0,0.0,0.0,0.0,0.0,0.0,0.0,0.0,0.0,0.0,0.0,0.0,0.0,0.0,0.0,0.0,0.0,0.0,0.0,0.0,0.0,0.0,0.0,0.0,0.0,0.0,0.0,0.0,0.0,0.0,0.0,0.0,0.0,0.0,0.0,0.0,0.0,0.0,0.0,0.0,0.0,0.0,0.0,0.0,0.0,0.0,0.0,0.0,0.0,0.0,0.0,0.0,0.0,0.0,0.0,0.0,1.0,0.0,0.0,0.0,0.0,0.0,0.0,0.0,1.0,0.0,0.0,0.0,0.0,0.0,0.0,0.0,0.0,0.0,0.0,0.0,0.0,0.0,0.0,0.0,0.0,0.0,2.0,3.0,23.0,3.0,0.0,8.0,3.0,3.0,1.0,22.0
CHEMBL3237925,IC50,24.0,32.0,9.0,2.0,0.0,0.0,2.0,2.0,3.0,43.0,15.0,2.0,0.0,0.0,4.0,4.0,4.0,2.0,0.0,0.0,0.0,0.0,0.0,45.0,15.0,6.0,0.0,0.0,4.0,4.0,2.0,1.0,45.0,15.0,9.0,0.0,0.0,4.0,4.0,0.0,0.0,0.0,0.0,50.0,15.0,8.0,0.0,0.0,2.0,2.0,0.0,2.0,0.0,2.0,2.0,0.0,53.0,19.0,6.0,0.0,0.0,2.0,2.0,0.0,2.0,0.0,2.0,2.0,0.0,2.0,0.0,0.0,0.0,61.0,11.0,4.0,0.0,0.0,6.0,6.0,1.0,1.0,0.0,0.0,0.0,53.0,12.0,8.0,0.0,0.0,8.0,8.0,0.0,0.0,0.0,0.0,0.0,48.0,9.0,4.0,0.0,0.0,8.0,8.0,1.0,2.0,0.0,0.0,1.0,0.0,0.0,39.0,9.0,5.0,0.0,0.0,8.0,8.0,2.0,0.0,0.0,0.0,0.0,0.0,0.0,2.0,0.0,0.0,0.0,9.0,3.0,0.0,0.0,0.0,5.0,2.0,1.0,0.0,4.0,1.0,0.0,1.0,0.0,0.0,0.0,2.0,2.0,0.0,1.0,0.0,2.0,0.0,0.0,0.0,20.0,2.0,16.0,1.0,0.0,5.0,0.0,2.0,1.0,0.0,1.0,18.0,0.0,0.0,0.0,2.0,11.0,7.0,4.0,2.0,0.0,2.0,17.0,0.0,0.0,1.0,16.0,0.0,0.0,10.0,6.0,7.0,3.0,8.0,9.0,5.0,3.0,5.0,3.0,3.0,0.0,6.0,4.0,5.0,8.0,3.0,0.0,3.0,5.0,0.0,0.0,0.0,0.0,2.0,2.0,6.0,4.0,2.0,2.0,3.0,0.0,0.0,0.0,0.0,0.0,0.0,3.0,2.0,0.0,0.0,0.0,0.0,0.0,2.0,0.0,0.0,0.0,0.0,4.0,8.0,1.0,0.0,0.0,0.0,0.0,2.0,0.0,1.0,0.0,2.0,2.0,3.0,4.0,17.0,6.0,5.0,11.0,22.0,22.0,12.0,23.0
CHEMBL3238217,IC50,23.0,33.0,9.0,2.0,0.0,2.0,0.0,2.0,3.0,47.0,15.0,2.0,0.0,4.0,0.0,4.0,4.0,2.0,0.0,0.0,0.0,0.0,0.0,46.0,15.0,6.0,0.0,4.0,0.0,4.0,2.0,1.0,46.0,15.0,9.0,0.0,4.0,0.0,4.0,0.0,0.0,0.0,0.0,51.0,17.0,8.0,0.0,2.0,0.0,2.0,0.0,2.0,2.0,0.0,2.0,0.0,60.0,18.0,6.0,0.0,2.0,0.0,2.0,0.0,2.0,2.0,0.0,2.0,0.0,2.0,0.0,0.0,0.0,67.0,13.0,6.0,0.0,6.0,0.0,6.0,1.0,1.0,0.0,0.0,0.0,56.0,11.0,7.0,0.0,8.0,0.0,8.0,0.0,0.0,0.0,0.0,0.0,52.0,9.0,4.0,0.0,8.0,0.0,8.0,1.0,2.0,0.0,0.0,1.0,0.0,0.0,41.0,11.0,7.0,0.0,8.0,0.0,8.0,2.0,0.0,0.0,0.0,0.0,0.0,0.0,2.0,0.0,0.0,0.0,7.0,3.0,0.0,0.0,0.0,3.0,0.0,1.0,0.0,6.0,1.0,0.0,1.0,0.0,0.0,0.0,3.0,2.0,0.0,1.0,0.0,0.0,2.0,0.0,0.0,21.0,2.0,17.0,1.0,0.0,9.0,0.0,2.0,1.0,0.0,1.0,22.0,0.0,0.0,0.0,3.0,14.0,7.0,4.0,2.0,0.0,2.0,18.0,0.0,0.0,1.0,17.0,0.0,0.0,9.0,6.0,7.0,3.0,7.0,11.0,5.0,3.0,5.0,3.0,3.0,0.0,6.0,4.0,5.0,8.0,3.0,0.0,3.0,5.0,0.0,0.0,0.0,0.0,0.0,0.0,6.0,4.0,2.0,2.0,3.0,0.0,0.0,0.0,0.0,0.0,2.0,3.0,2.0,0.0,0.0,0.0,0.0,0.0,2.0,0.0,0.0,0.0,0.0,6.0,6.0,1.0,0.0,0.0,0.0,0.0,2.0,0.0,1.0,0.0,2.0,0.0,3.0,4.0,17.0,6.0,5.0,11.0,23.0,23.0,11.0,24.0
CHEMBL3238231,IC50,36.0,30.0,9.0,2.0,0.0,0.0,2.0,2.0,3.0,41.0,15.0,2.0,0.0,0.0,4.0,4.0,4.0,2.0,0.0,0.0,0.0,0.0,0.0,40.0,15.0,6.0,0.0,0.0,4.0,4.0,2.0,1.0,40.0,15.0,9.0,0.0,0.0,4.0,4.0,0.0,0.0,0.0,0.0,48.0,17.0,8.0,0.0,0.0,2.0,2.0,0.0,2.0,0.0,2.0,2.0,0.0,60.0,12.0,6.0,0.0,0.0,2.0,2.0,0.0,2.0,0.0,2.0,2.0,0.0,2.0,0.0,0.0,0.0,58.0,13.0,6.0,0.0,0.0,6.0,6.0,1.0,1.0,0.0,0.0,0.0,47.0,11.0,4.0,0.0,0.0,8.0,8.0,0.0,0.0,0.0,0.0,0.0,37.0,9.0,4.0,0.0,0.0,8.0,8.0,1.0,2.0,0.0,0.0,1.0,0.0,0.0,26.0,11.0,7.0,0.0,0.0,8.0,8.0,2.0,0.0,0.0,0.0,0.0,0.0,0.0,2.0,1.0,0.0,0.0,7.0,3.0,0.0,0.0,0.0,3.0,0.0,1.0,0.0,4.0,1.0,0.0,1.0,0.0,0.0,0.0,2.0,2.0,0.0,1.0,0.0,2.0,0.0,0.0,0.0,18.0,2.0,14.0,1.0,0.0,5.0,0.0,2.0,1.0,0.0,1.0,16.0,0.0,0.0,0.0,1.0,5.0,1.0,4.0,2.0,0.0,2.0,12.0,0.0,0.0,1.0,11.0,0.0,0.0,3.0,0.0,1.0,0.0,1.0,11.0,5.0,3.0,5.0,3.0,3.0,0.0,6.0,4.0,5.0,8.0,3.0,0.0,3.0,5.0,0.0,0.0,0.0,0.0,2.0,2.0,6.0,4.0,2.0,2.0,3.0,0.0,0.0,0.0,0.0,0.0,0.0,3.0,2.0,0.0,0.0,0.0,0.0,0.0,2.0,0.0,0.0,0.0,0.0,4.0,6.0,1.0,0.0,0.0,0.0,0.0,2.0,0.0,1.0,0.0,2.0,2.0,3.0,4.0,17.0,6.0,5.0,11.0,20.0,20.0,10.0,23.0
CHEMBL3799468,IC50,4700.0,34.0,5.0,5.0,0.0,0.0,2.0,2.0,1.0,46.0,11.0,5.0,0.0,0.0,4.0,4.0,0.0,1.0,0.0,0.0,0.0,0.0,0.0,45.0,14.0,7.0,0.0,0.0,4.0,4.0,0.0,0.0,42.0,15.0,5.0,0.0,0.0,4.0,4.0,2.0,0.0,0.0,0.0,45.0,12.0,7.0,0.0,0.0,2.0,2.0,0.0,0.0,0.0,2.0,2.0,0.0,50.0,9.0,5.0,0.0,0.0,2.0,2.0,0.0,0.0,0.0,2.0,2.0,2.0,0.0,0.0,0.0,0.0,54.0,4.0,5.0,0.0,0.0,4.0,4.0,1.0,1.0,0.0,0.0,0.0,51.0,3.0,6.0,0.0,0.0,8.0,8.0,1.0,2.0,0.0,0.0,0.0,41.0,6.0,9.0,0.0,0.0,10.0,10.0,0.0,1.0,0.0,0.0,0.0,0.0,0.0,31.0,6.0,10.0,0.0,0.0,8.0,8.0,0.0,0.0,0.0,0.0,0.0,0.0,0.0,1.0,0.0,0.0,0.0,4.0,1.0,0.0,0.0,0.0,2.0,0.0,1.0,1.0,1.0,1.0,0.0,1.0,0.0,0.0,1.0,0.0,2.0,0.0,0.0,3.0,2.0,0.0,1.0,1.0,8.0,2.0,4.0,0.0,0.0,0.0,0.0,0.0,0.0,0.0,1.0,2.0,0.0,0.0,0.0,0.0,0.0,0.0,0.0,0.0,1.0,2.0,0.0,0.0,0.0,1.0,0.0,0.0,0.0,0.0,0.0,0.0,0.0,0.0,0.0,0.0,0.0,1.0,0.0,1.0,1.0,1.0,0.0,0.0,1.0,0.0,0.0,1.0,0.0,0.0,0.0,0.0,1.0,2.0,2.0,2.0,1.0,0.0,0.0,1.0,0.0,0.0,0.0,2.0,1.0,0.0,1.0,1.0,0.0,0.0,1.0,0.0,0.0,4.0,0.0,0.0,0.0,0.0,0.0,3.0,0.0,0.0,0.0,0.0,0.0,2.0,0.0,1.0,0.0,2.0,2.0,1.0,2.0,27.0,2.0,2.0,10.0,11.0,11.0,7.0,30.0
CHEMBL3800473,IC50,3900.0,29.0,5.0,3.0,0.0,0.0,3.0,3.0,1.0,37.0,11.0,3.0,0.0,0.0,6.0,6.0,0.0,1.0,0.0,0.0,0.0,0.0,0.0,34.0,14.0,5.0,0.0,0.0,6.0,6.0,0.0,0.0,33.0,15.0,3.0,0.0,0.0,5.0,5.0,2.0,0.0,0.0,0.0,38.0,11.0,5.0,0.0,0.0,3.0,3.0,0.0,0.0,0.0,2.0,2.0,0.0,43.0,6.0,4.0,0.0,0.0,3.0,3.0,0.0,0.0,0.0,3.0,3.0,2.0,0.0,0.0,0.0,0.0,45.0,1.0,4.0,0.0,0.0,6.0,6.0,1.0,1.0,0.0,1.0,0.0,37.0,2.0,5.0,0.0,0.0,11.0,11.0,1.0,1.0,0.0,0.0,0.0,23.0,5.0,7.0,0.0,0.0,15.0,15.0,0.0,0.0,0.0,0.0,0.0,0.0,0.0,14.0,5.0,7.0,0.0,0.0,10.0,10.0,0.0,0.0,0.0,0.0,0.0,0.0,0.0,1.0,0.0,0.0,0.0,4.0,1.0,0.0,0.0,0.0,2.0,0.0,1.0,1.0,0.0,1.0,0.0,1.0,0.0,0.0,1.0,0.0,2.0,0.0,1.0,1.0,3.0,0.0,0.0,1.0,7.0,2.0,4.0,0.0,0.0,0.0,0.0,0.0,0.0,0.0,1.0,2.0,0.0,0.0,0.0,0.0,0.0,0.0,0.0,0.0,1.0,2.0,0.0,0.0,0.0,1.0,0.0,0.0,0.0,0.0,0.0,0.0,0.0,0.0,0.0,0.0,0.0,1.0,0.0,1.0,1.0,1.0,0.0,0.0,1.0,0.0,0.0,1.0,0.0,0.0,0.0,0.0,1.0,3.0,3.0,2.0,1.0,0.0,0.0,1.0,0.0,0.0,0.0,1.0,0.0,0.0,1.0,1.0,0.0,0.0,1.0,0.0,0.0,3.0,0.0,0.0,0.0,0.0,0.0,3.0,0.0,0.0,0.0,0.0,0.0,2.0,0.0,1.0,0.0,2.0,3.0,1.0,2.0,23.0,2.0,2.0,8.0,10.0,10.0,6.0,26.0
CHEMBL3799820,IC50,11100.0,29.0,5.0,3.0,0.0,0.0,2.0,2.0,1.0,37.0,11.0,3.0,0.0,0.0,4.0,4.0,0.0,1.0,0.0,0.0,0.0,0.0,0.0,34.0,14.0,5.0,0.0,0.0,4.0,4.0,0.0,0.0,33.0,15.0,3.0,0.0,0.0,4.0,4.0,2.0,0.0,0.0,0.0,38.0,11.0,5.0,0.0,0.0,2.0,2.0,0.0,0.0,0.0,2.0,2.0,0.0,43.0,6.0,4.0,0.0,0.0,2.0,2.0,0.0,0.0,0.0,2.0,2.0,2.0,0.0,0.0,0.0,0.0,45.0,1.0,4.0,0.0,0.0,4.0,4.0,1.0,1.0,0.0,0.0,0.0,37.0,2.0,5.0,0.0,0.0,8.0,8.0,1.0,1.0,0.0,0.0,0.0,23.0,5.0,7.0,0.0,0.0,10.0,10.0,0.0,0.0,0.0,0.0,0.0,0.0,0.0,14.0,5.0,7.0,0.0,0.0,6.0,6.0,0.0,0.0,0.0,0.0,0.0,0.0,0.0,1.0,0.0,0.0,0.0,4.0,1.0,0.0,0.0,0.0,2.0,0.0,1.0,1.0,0.0,1.0,0.0,1.0,0.0,0.0,1.0,0.0,2.0,0.0,0.0,1.0,2.0,0.0,0.0,1.0,7.0,2.0,4.0,0.0,0.0,0.0,0.0,0.0,0.0,0.0,1.0,2.0,0.0,0.0,0.0,0.0,0.0,0.0,0.0,0.0,1.0,2.0,0.0,0.0,0.0,1.0,0.0,0.0,0.0,0.0,0.0,0.0,0.0,0.0,0.0,0.0,0.0,1.0,0.0,1.0,1.0,1.0,0.0,0.0,1.0,0.0,0.0,1.0,0.0,0.0,0.0,0.0,1.0,2.0,2.0,2.0,1.0,0.0,0.0,1.0,0.0,0.0,0.0,1.0,0.0,0.0,1.0,1.0,0.0,0.0,1.0,0.0,0.0,3.0,0.0,0.0,0.0,0.0,0.0,3.0,0.0,0.0,0.0,0.0,0.0,2.0,0.0,1.0,0.0,2.0,2.0,1.0,2.0,23.0,2.0,2.0,8.0,10.0,10.0,6.0,26.0
CHEMBL4228938,IC50,3900.0,30.0,7.0,3.0,0.0,0.0,2.0,2.0,1.0,39.0,14.0,3.0,0.0,0.0,4.0,4.0,0.0,1.0,0.0,0.0,0.0,0.0,0.0,38.0,17.0,5.0,0.0,0.0,4.0,4.0,0.0,0.0,39.0,15.0,3.0,0.0,0.0,4.0,4.0,2.0,0.0,0.0,0.0,43.0,12.0,4.0,0.0,0.0,2.0,2.0,0.0,0.0,0.0,2.0,2.0,0.0,48.0,8.0,3.0,0.0,0.0,4.0,4.0,1.0,0.0,0.0,2.0,2.0,2.0,0.0,0.0,0.0,0.0,47.0,6.0,5.0,0.0,0.0,4.0,4.0,2.0,1.0,0.0,0.0,0.0,41.0,5.0,5.0,0.0,0.0,8.0,8.0,1.0,1.0,0.0,0.0,0.0,31.0,9.0,5.0,0.0,0.0,8.0,8.0,0.0,0.0,0.0,0.0,0.0,0.0,0.0,21.0,10.0,6.0,0.0,0.0,8.0,8.0,0.0,0.0,0.0,0.0,0.0,0.0,0.0,1.0,1.0,0.0,0.0,2.0,0.0,0.0,0.0,0.0,1.0,0.0,1.0,1.0,2.0,1.0,0.0,1.0,0.0,0.0,1.0,0.0,2.0,0.0,1.0,1.0,2.0,0.0,0.0,1.0,7.0,2.0,3.0,0.0,0.0,0.0,0.0,0.0,0.0,0.0,1.0,1.0,0.0,0.0,0.0,0.0,0.0,0.0,0.0,0.0,1.0,1.0,0.0,0.0,0.0,0.0,0.0,0.0,0.0,0.0,0.0,0.0,0.0,0.0,0.0,0.0,0.0,1.0,0.0,1.0,1.0,1.0,0.0,0.0,1.0,0.0,0.0,1.0,0.0,0.0,0.0,0.0,1.0,2.0,2.0,2.0,1.0,0.0,0.0,1.0,0.0,0.0,0.0,1.0,0.0,0.0,1.0,1.0,0.0,0.0,1.0,0.0,0.0,3.0,0.0,0.0,0.0,0.0,2.0,1.0,0.0,0.0,0.0,0.0,0.0,2.0,0.0,1.0,0.0,2.0,2.0,1.0,3.0,26.0,3.0,2.0,10.0,11.0,11.0,7.0,29.0
CHEMBL3237905,IC50,44.0,29.0,7.0,4.0,0.0,1.0,1.0,2.0,0.0,40.0,11.0,4.0,0.0,2.0,2.0,4.0,1.0,2.0,0.0,0.0,0.0,0.0,0.0,41.0,13.0,8.0,0.0,2.0,2.0,4.0,0.0,1.0,39.0,12.0,9.0,0.0,1.0,2.0,3.0,2.0,0.0,0.0,0.0,40.0,9.0,10.0,0.0,1.0,1.0,2.0,0.0,0.0,0.0,1.0,1.0,0.0,41.0,11.0,7.0,0.0,1.0,1.0,2.0,0.0,0.0,1.0,1.0,2.0,2.0,1.0,0.0,0.0,0.0,46.0,2.0,7.0,0.0,1.0,3.0,4.0,1.0,1.0,1.0,1.0,0.0,38.0,4.0,10.0,0.0,3.0,4.0,7.0,0.0,0.0,0.0,0.0,0.0,33.0,4.0,5.0,0.0,4.0,3.0,7.0,1.0,2.0,0.0,0.0,1.0,0.0,0.0,27.0,5.0,6.0,0.0,3.0,3.0,6.0,0.0,0.0,0.0,0.0,0.0,0.0,0.0,2.0,1.0,0.0,0.0,6.0,2.0,0.0,0.0,0.0,3.0,0.0,1.0,1.0,4.0,1.0,0.0,1.0,0.0,0.0,1.0,2.0,3.0,0.0,1.0,1.0,1.0,1.0,0.0,1.0,18.0,3.0,14.0,1.0,0.0,5.0,0.0,2.0,1.0,0.0,2.0,15.0,0.0,0.0,0.0,2.0,11.0,7.0,4.0,2.0,1.0,2.0,14.0,0.0,0.0,0.0,14.0,0.0,0.0,9.0,6.0,7.0,3.0,7.0,8.0,4.0,2.0,5.0,2.0,3.0,1.0,7.0,4.0,5.0,9.0,3.0,0.0,4.0,5.0,0.0,0.0,0.0,1.0,1.0,1.0,6.0,4.0,2.0,2.0,3.0,0.0,0.0,0.0,1.0,0.0,1.0,3.0,2.0,0.0,0.0,1.0,0.0,0.0,4.0,0.0,0.0,0.0,0.0,4.0,5.0,1.0,0.0,0.0,0.0,0.0,3.0,0.0,1.0,0.0,2.0,1.0,0.0,0.0,12.0,2.0,5.0,11.0,18.0,18.0,9.0,22.0
CHEMBL4227364,IC50,90.0,33.0,5.0,5.0,0.0,0.0,2.0,2.0,1.0,44.0,11.0,5.0,0.0,0.0,4.0,4.0,0.0,1.0,0.0,0.0,0.0,0.0,0.0,45.0,15.0,7.0,0.0,0.0,4.0,4.0,0.0,0.0,44.0,14.0,5.0,0.0,0.0,4.0,4.0,2.0,0.0,0.0,0.0,48.0,11.0,6.0,0.0,0.0,2.0,2.0,0.0,0.0,0.0,2.0,2.0,0.0,52.0,8.0,4.0,0.0,0.0,4.0,4.0,0.0,0.0,0.0,2.0,2.0,2.0,0.0,0.0,0.0,0.0,52.0,5.0,6.0,0.0,0.0,4.0,4.0,1.0,1.0,0.0,0.0,0.0,48.0,3.0,6.0,0.0,0.0,8.0,8.0,1.0,2.0,0.0,0.0,0.0,39.0,6.0,8.0,0.0,0.0,8.0,8.0,0.0,1.0,0.0,0.0,0.0,0.0,0.0,32.0,7.0,9.0,0.0,0.0,8.0,8.0,0.0,0.0,0.0,0.0,0.0,0.0,0.0,1.0,1.0,0.0,0.0,2.0,0.0,0.0,0.0,0.0,1.0,0.0,1.0,1.0,3.0,1.0,0.0,1.0,0.0,0.0,1.0,0.0,2.0,0.0,1.0,2.0,2.0,0.0,1.0,1.0,8.0,2.0,3.0,0.0,0.0,0.0,0.0,0.0,0.0,0.0,1.0,1.0,0.0,0.0,0.0,0.0,0.0,0.0,0.0,0.0,1.0,1.0,0.0,0.0,0.0,0.0,0.0,0.0,0.0,0.0,0.0,0.0,0.0,0.0,0.0,0.0,0.0,1.0,0.0,1.0,1.0,1.0,0.0,0.0,1.0,0.0,0.0,1.0,0.0,0.0,0.0,0.0,1.0,2.0,2.0,2.0,1.0,0.0,0.0,1.0,0.0,0.0,0.0,2.0,1.0,0.0,1.0,1.0,0.0,0.0,1.0,0.0,0.0,4.0,0.0,0.0,0.0,0.0,2.0,1.0,0.0,0.0,0.0,0.0,0.0,2.0,0.0,1.0,0.0,2.0,2.0,1.0,2.0,27.0,2.0,2.0,10.0,10.0,10.0,8.0,30.0
CHEMBL3656290,IC50,1700.0,21.0,7.0,4.0,0.0,0.0,2.0,2.0,0.0,27.0,10.0,4.0,0.0,0.0,4.0,4.0,1.0,2.0,0.0,0.0,0.0,0.0,0.0,28.0,8.0,8.0,0.0,0.0,4.0,4.0,0.0,1.0,21.0,9.0,8.0,0.0,0.0,4.0,4.0,2.0,0.0,0.0,0.0,24.0,7.0,7.0,0.0,0.0,2.0,2.0,0.0,0.0,0.0,2.0,2.0,0.0,26.0,5.0,6.0,0.0,0.0,2.0,2.0,0.0,0.0,0.0,2.0,2.0,2.0,2.0,0.0,0.0,0.0,21.0,4.0,7.0,0.0,0.0,6.0,6.0,0.0,0.0,0.0,0.0,0.0,17.0,1.0,5.0,0.0,0.0,2.0,2.0,1.0,1.0,0.0,0.0,0.0,15.0,4.0,5.0,0.0,0.0,2.0,2.0,0.0,0.0,0.0,0.0,0.0,0.0,0.0,12.0,4.0,5.0,0.0,0.0,4.0,4.0,1.0,2.0,0.0,0.0,1.0,0.0,0.0,0.0,0.0,0.0,0.0,4.0,0.0,0.0,0.0,0.0,2.0,0.0,1.0,1.0,2.0,1.0,0.0,1.0,0.0,0.0,1.0,1.0,3.0,0.0,1.0,0.0,2.0,0.0,0.0,1.0,11.0,3.0,6.0,1.0,0.0,0.0,0.0,2.0,1.0,0.0,2.0,2.0,0.0,0.0,0.0,0.0,0.0,0.0,0.0,0.0,1.0,2.0,0.0,0.0,0.0,0.0,0.0,0.0,0.0,0.0,0.0,0.0,0.0,0.0,0.0,0.0,0.0,1.0,0.0,1.0,1.0,7.0,4.0,5.0,9.0,3.0,0.0,4.0,5.0,0.0,0.0,0.0,1.0,2.0,2.0,6.0,4.0,2.0,2.0,3.0,0.0,0.0,0.0,1.0,0.0,0.0,3.0,2.0,0.0,0.0,1.0,0.0,0.0,4.0,0.0,0.0,0.0,0.0,2.0,2.0,0.0,0.0,0.0,0.0,0.0,3.0,0.0,1.0,0.0,2.0,2.0,0.0,0.0,12.0,2.0,5.0,11.0,10.0,10.0,9.0,19.0
CHEMBL3656293,IC50,3500.0,28.0,7.0,4.0,0.0,3.0,0.0,3.0,0.0,37.0,10.0,4.0,0.0,3.0,0.0,3.0,1.0,2.0,0.0,0.0,3.0,3.0,3.0,37.0,12.0,8.0,0.0,6.0,0.0,6.0,0.0,1.0,32.0,13.0,8.0,0.0,6.0,0.0,6.0,2.0,0.0,0.0,0.0,36.0,10.0,9.0,0.0,6.0,0.0,6.0,0.0,0.0,0.0,0.0,0.0,0.0,40.0,6.0,9.0,0.0,3.0,0.0,3.0,0.0,0.0,3.0,0.0,3.0,2.0,0.0,0.0,0.0,0.0,40.0,4.0,8.0,0.0,3.0,0.0,3.0,0.0,0.0,3.0,3.0,0.0,37.0,1.0,5.0,0.0,9.0,0.0,9.0,1.0,1.0,0.0,0.0,0.0,30.0,4.0,5.0,0.0,9.0,0.0,9.0,0.0,0.0,0.0,0.0,0.0,0.0,0.0,22.0,4.0,5.0,0.0,9.0,0.0,9.0,1.0,2.0,0.0,0.0,1.0,0.0,0.0,2.0,0.0,0.0,1.0,9.0,2.0,0.0,0.0,0.0,6.0,3.0,1.0,1.0,1.0,2.0,1.0,1.0,0.0,0.0,1.0,2.0,3.0,0.0,1.0,0.0,0.0,3.0,0.0,1.0,17.0,3.0,12.0,1.0,0.0,1.0,0.0,2.0,1.0,0.0,2.0,10.0,0.0,0.0,0.0,0.0,3.0,3.0,4.0,2.0,1.0,2.0,10.0,0.0,0.0,0.0,10.0,0.0,0.0,5.0,2.0,3.0,1.0,2.0,4.0,4.0,2.0,5.0,2.0,3.0,1.0,8.0,4.0,5.0,12.0,3.0,0.0,4.0,7.0,2.0,2.0,0.0,1.0,0.0,0.0,7.0,5.0,2.0,3.0,3.0,0.0,1.0,0.0,1.0,0.0,3.0,3.0,2.0,1.0,1.0,1.0,1.0,0.0,4.0,0.0,0.0,0.0,0.0,1.0,7.0,1.0,3.0,0.0,0.0,0.0,3.0,0.0,1.0,0.0,2.0,0.0,0.0,0.0,12.0,2.0,2.0,11.0,20.0,20.0,11.0,22.0
CHEMBL3656296,IC50,1000.0,31.0,7.0,4.0,0.0,0.0,2.0,2.0,0.0,40.0,11.0,4.0,0.0,0.0,4.0,4.0,1.0,2.0,0.0,0.0,0.0,0.0,0.0,44.0,10.0,8.0,0.0,0.0,4.0,4.0,0.0,1.0,42.0,11.0,9.0,0.0,0.0,4.0,4.0,2.0,0.0,0.0,0.0,47.0,9.0,9.0,0.0,0.0,4.0,4.0,0.0,0.0,0.0,0.0,0.0,0.0,45.0,7.0,7.0,0.0,0.0,4.0,4.0,0.0,0.0,0.0,0.0,0.0,2.0,0.0,0.0,0.0,0.0,38.0,6.0,8.0,0.0,0.0,2.0,2.0,1.0,1.0,0.0,0.0,0.0,32.0,9.0,10.0,0.0,0.0,2.0,2.0,0.0,0.0,0.0,0.0,0.0,31.0,8.0,8.0,0.0,0.0,2.0,2.0,1.0,2.0,0.0,2.0,1.0,0.0,0.0,31.0,5.0,6.0,0.0,0.0,2.0,2.0,0.0,0.0,0.0,2.0,0.0,0.0,2.0,1.0,0.0,0.0,0.0,5.0,1.0,0.0,0.0,0.0,3.0,1.0,1.0,1.0,3.0,1.0,0.0,1.0,0.0,0.0,1.0,1.0,3.0,0.0,2.0,0.0,2.0,0.0,0.0,1.0,14.0,3.0,9.0,1.0,0.0,0.0,0.0,2.0,1.0,0.0,2.0,5.0,0.0,0.0,0.0,0.0,0.0,0.0,0.0,0.0,1.0,2.0,2.0,0.0,0.0,1.0,1.0,0.0,0.0,0.0,0.0,0.0,0.0,0.0,1.0,1.0,1.0,2.0,1.0,2.0,1.0,7.0,4.0,5.0,9.0,3.0,0.0,4.0,5.0,0.0,0.0,0.0,1.0,2.0,2.0,6.0,4.0,2.0,2.0,3.0,0.0,0.0,0.0,1.0,0.0,0.0,3.0,2.0,0.0,0.0,1.0,0.0,0.0,4.0,0.0,0.0,0.0,0.0,3.0,4.0,0.0,0.0,0.0,0.0,0.0,3.0,0.0,1.0,0.0,2.0,2.0,0.0,0.0,18.0,2.0,5.0,11.0,13.0,13.0,11.0,26.0
CHEMBL3616673,IC50,10.0,32.0,5.0,5.0,0.0,4.0,1.0,5.0,1.0,42.0,11.0,5.0,0.0,2.0,2.0,4.0,0.0,1.0,3.0,3.0,3.0,3.0,3.0,43.0,14.0,7.0,0.0,5.0,3.0,8.0,0.0,0.0,41.0,14.0,4.0,0.0,8.0,2.0,10.0,2.0,0.0,1.0,0.0,45.0,10.0,5.0,0.0,7.0,2.0,9.0,0.0,0.0,1.0,1.0,2.0,0.0,47.0,8.0,5.0,0.0,5.0,3.0,8.0,0.0,0.0,1.0,0.0,1.0,2.0,0.0,0.0,0.0,0.0,46.0,5.0,7.0,0.0,6.0,3.0,9.0,1.0,1.0,0.0,0.0,0.0,44.0,3.0,6.0,0.0,9.0,3.0,12.0,1.0,2.0,0.0,0.0,0.0,37.0,6.0,7.0,0.0,9.0,4.0,13.0,0.0,1.0,0.0,0.0,0.0,0.0,0.0,31.0,6.0,8.0,0.0,7.0,3.0,10.0,0.0,0.0,3.0,3.0,0.0,0.0,0.0,1.0,1.0,0.0,0.0,2.0,0.0,0.0,0.0,0.0,1.0,0.0,1.0,1.0,1.0,1.0,0.0,1.0,0.0,0.0,1.0,1.0,2.0,0.0,2.0,2.0,1.0,4.0,1.0,1.0,7.0,2.0,3.0,0.0,0.0,0.0,0.0,0.0,0.0,0.0,1.0,1.0,0.0,0.0,0.0,0.0,0.0,0.0,0.0,0.0,1.0,1.0,0.0,0.0,0.0,0.0,0.0,0.0,0.0,0.0,0.0,0.0,0.0,0.0,0.0,0.0,0.0,1.0,0.0,1.0,1.0,1.0,0.0,0.0,1.0,0.0,0.0,1.0,0.0,0.0,0.0,0.0,1.0,1.0,1.0,2.0,1.0,0.0,0.0,1.0,0.0,0.0,0.0,2.0,1.0,4.0,1.0,1.0,0.0,0.0,1.0,0.0,0.0,4.0,0.0,0.0,3.0,0.0,1.0,1.0,0.0,3.0,0.0,3.0,3.0,2.0,0.0,1.0,0.0,2.0,1.0,1.0,2.0,27.0,2.0,2.0,10.0,8.0,8.0,9.0,31.0
CHEMBL3616675,IC50,2.0,33.0,6.0,6.0,0.0,3.0,1.0,4.0,1.0,44.0,12.0,6.0,0.0,0.0,2.0,2.0,0.0,2.0,3.0,3.0,3.0,3.0,3.0,46.0,16.0,9.0,0.0,3.0,2.0,5.0,0.0,0.0,43.0,18.0,7.0,0.0,6.0,2.0,8.0,2.0,0.0,0.0,0.0,47.0,13.0,7.0,0.0,6.0,2.0,8.0,1.0,1.0,0.0,1.0,1.0,0.0,50.0,10.0,7.0,0.0,3.0,2.0,5.0,1.0,1.0,0.0,2.0,2.0,2.0,1.0,0.0,0.0,0.0,49.0,8.0,10.0,0.0,3.0,3.0,6.0,1.0,1.0,0.0,0.0,0.0,47.0,6.0,9.0,0.0,6.0,3.0,9.0,1.0,2.0,0.0,0.0,0.0,41.0,9.0,10.0,0.0,6.0,3.0,9.0,0.0,1.0,0.0,0.0,0.0,0.0,0.0,34.0,10.0,12.0,0.0,3.0,4.0,7.0,0.0,0.0,3.0,3.0,0.0,0.0,0.0,1.0,1.0,0.0,0.0,2.0,0.0,0.0,0.0,0.0,1.0,0.0,1.0,1.0,1.0,1.0,0.0,1.0,0.0,1.0,1.0,1.0,3.0,1.0,2.0,2.0,1.0,3.0,1.0,1.0,8.0,3.0,3.0,0.0,0.0,0.0,0.0,0.0,0.0,0.0,1.0,1.0,0.0,0.0,0.0,0.0,0.0,0.0,0.0,0.0,1.0,1.0,0.0,0.0,0.0,0.0,0.0,0.0,0.0,0.0,0.0,0.0,0.0,0.0,0.0,0.0,0.0,1.0,0.0,1.0,1.0,1.0,0.0,0.0,1.0,0.0,0.0,1.0,0.0,0.0,0.0,0.0,1.0,1.0,1.0,3.0,1.0,0.0,0.0,1.0,0.0,0.0,0.0,2.0,1.0,3.0,2.0,2.0,0.0,0.0,1.0,0.0,0.0,5.0,0.0,0.0,3.0,0.0,1.0,1.0,0.0,3.0,0.0,3.0,3.0,3.0,1.0,1.0,0.0,5.0,1.0,1.0,2.0,27.0,2.0,4.0,12.0,9.0,9.0,10.0,32.0
CHEMBL3616679,IC50,72.0,30.0,7.0,7.0,0.0,3.0,0.0,3.0,1.0,41.0,13.0,6.0,0.0,0.0,0.0,0.0,0.0,2.0,3.0,3.0,3.0,3.0,3.0,42.0,17.0,10.0,0.0,3.0,0.0,3.0,0.0,0.0,43.0,14.0,6.0,0.0,6.0,0.0,6.0,3.0,0.0,0.0,0.0,45.0,12.0,7.0,0.0,6.0,0.0,6.0,1.0,1.0,0.0,0.0,0.0,0.0,46.0,12.0,8.0,0.0,3.0,0.0,3.0,0.0,0.0,0.0,0.0,0.0,2.0,0.0,0.0,0.0,0.0,46.0,8.0,10.0,0.0,3.0,0.0,3.0,1.0,1.0,0.0,0.0,0.0,44.0,6.0,9.0,0.0,6.0,0.0,6.0,1.0,2.0,0.0,0.0,0.0,36.0,10.0,11.0,0.0,6.0,0.0,6.0,0.0,1.0,0.0,0.0,0.0,0.0,0.0,32.0,9.0,11.0,0.0,3.0,0.0,3.0,0.0,0.0,3.0,3.0,0.0,0.0,0.0,1.0,1.0,0.0,0.0,2.0,0.0,0.0,0.0,0.0,1.0,0.0,1.0,1.0,2.0,1.0,0.0,1.0,0.0,0.0,1.0,1.0,2.0,0.0,2.0,1.0,0.0,3.0,2.0,1.0,8.0,2.0,3.0,0.0,0.0,0.0,0.0,0.0,0.0,0.0,1.0,1.0,0.0,0.0,0.0,0.0,0.0,0.0,0.0,0.0,1.0,1.0,0.0,0.0,0.0,0.0,0.0,0.0,0.0,0.0,0.0,0.0,0.0,0.0,0.0,0.0,0.0,1.0,0.0,1.0,1.0,1.0,0.0,0.0,1.0,0.0,0.0,1.0,0.0,0.0,0.0,0.0,1.0,0.0,0.0,2.0,1.0,0.0,0.0,1.0,0.0,0.0,0.0,3.0,1.0,3.0,1.0,1.0,0.0,0.0,1.0,0.0,0.0,5.0,0.0,0.0,3.0,0.0,1.0,1.0,0.0,3.0,0.0,3.0,3.0,2.0,0.0,1.0,0.0,2.0,0.0,2.0,3.0,27.0,3.0,2.0,14.0,9.0,9.0,10.0,30.0
CHEMBL3616699,IC50,4.0,36.0,5.0,5.0,0.0,3.0,0.0,3.0,1.0,49.0,11.0,5.0,0.0,3.0,0.0,3.0,0.0,1.0,0.0,0.0,3.0,3.0,3.0,49.0,16.0,8.0,0.0,6.0,0.0,6.0,0.0,0.0,51.0,16.0,5.0,0.0,6.0,0.0,6.0,3.0,0.0,0.0,0.0,58.0,12.0,7.0,0.0,6.0,0.0,6.0,0.0,1.0,0.0,0.0,0.0,0.0,61.0,10.0,6.0,0.0,3.0,0.0,3.0,0.0,0.0,3.0,0.0,3.0,2.0,3.0,0.0,0.0,0.0,62.0,5.0,8.0,0.0,9.0,0.0,9.0,1.0,1.0,3.0,3.0,0.0,57.0,6.0,12.0,0.0,9.0,0.0,9.0,1.0,1.0,0.0,0.0,0.0,56.0,6.0,9.0,0.0,9.0,0.0,9.0,0.0,0.0,0.0,0.0,0.0,0.0,0.0,44.0,5.0,8.0,0.0,15.0,0.0,15.0,0.0,0.0,0.0,0.0,0.0,0.0,0.0,2.0,1.0,0.0,0.0,2.0,0.0,0.0,0.0,0.0,1.0,0.0,1.0,1.0,4.0,1.0,0.0,1.0,0.0,0.0,1.0,1.0,2.0,0.0,2.0,2.0,0.0,3.0,1.0,1.0,11.0,2.0,5.0,0.0,0.0,1.0,0.0,0.0,0.0,0.0,1.0,4.0,0.0,0.0,0.0,0.0,0.0,0.0,0.0,0.0,1.0,1.0,0.0,0.0,0.0,2.0,0.0,0.0,0.0,0.0,0.0,0.0,0.0,0.0,0.0,0.0,0.0,1.0,0.0,1.0,1.0,1.0,0.0,0.0,1.0,0.0,0.0,1.0,0.0,0.0,0.0,0.0,1.0,0.0,0.0,2.0,1.0,0.0,0.0,1.0,0.0,0.0,0.0,2.0,1.0,3.0,1.0,1.0,0.0,0.0,1.0,0.0,0.0,4.0,0.0,0.0,0.0,0.0,3.0,1.0,1.0,3.0,0.0,0.0,0.0,2.0,0.0,1.0,0.0,2.0,0.0,1.0,2.0,27.0,2.0,2.0,10.0,12.0,12.0,10.0,32.0
CHEMBL3616580,IC50,10.0,35.0,5.0,7.0,0.0,3.0,0.0,3.0,1.0,47.0,11.0,7.0,0.0,3.0,0.0,3.0,0.0,1.0,0.0,0.0,3.0,3.0,3.0,49.0,15.0,10.0,0.0,6.0,0.0,6.0,0.0,0.0,51.0,15.0,6.0,0.0,6.0,0.0,6.0,3.0,0.0,0.0,0.0,57.0,12.0,8.0,0.0,6.0,0.0,6.0,0.0,1.0,0.0,0.0,0.0,0.0,61.0,10.0,8.0,0.0,3.0,0.0,3.0,0.0,0.0,3.0,0.0,3.0,2.0,3.0,0.0,0.0,0.0,59.0,6.0,11.0,0.0,9.0,0.0,9.0,1.0,1.0,3.0,3.0,0.0,57.0,5.0,13.0,0.0,9.0,0.0,9.0,1.0,1.0,0.0,0.0,0.0,53.0,6.0,12.0,0.0,12.0,0.0,12.0,0.0,2.0,0.0,0.0,0.0,0.0,0.0,45.0,7.0,10.0,0.0,15.0,0.0,15.0,0.0,0.0,0.0,0.0,0.0,0.0,0.0,1.0,0.0,0.0,0.0,4.0,1.0,0.0,0.0,0.0,2.0,0.0,1.0,1.0,3.0,1.0,0.0,1.0,0.0,0.0,1.0,1.0,2.0,0.0,2.0,2.0,0.0,3.0,2.0,1.0,11.0,2.0,5.0,0.0,0.0,0.0,0.0,0.0,0.0,0.0,1.0,3.0,0.0,0.0,0.0,0.0,0.0,0.0,0.0,0.0,1.0,1.0,1.0,0.0,0.0,1.0,0.0,0.0,0.0,0.0,0.0,0.0,0.0,0.0,0.0,0.0,0.0,1.0,0.0,1.0,1.0,1.0,0.0,0.0,1.0,0.0,0.0,1.0,0.0,0.0,0.0,0.0,1.0,0.0,0.0,2.0,1.0,0.0,0.0,1.0,0.0,0.0,0.0,3.0,2.0,3.0,1.0,1.0,0.0,0.0,1.0,0.0,0.0,5.0,0.0,0.0,0.0,0.0,1.0,3.0,0.0,3.0,0.0,0.0,0.0,2.0,0.0,1.0,0.0,2.0,0.0,1.0,2.0,27.0,2.0,2.0,12.0,12.0,12.0,12.0,31.0
CHEMBL3616589,IC50,12.0,34.0,7.0,7.0,0.0,6.0,0.0,6.0,0.0,48.0,9.0,7.0,0.0,3.0,0.0,3.0,1.0,1.0,3.0,3.0,6.0,6.0,6.0,49.0,15.0,10.0,0.0,9.0,0.0,9.0,0.0,0.0,52.0,14.0,7.0,0.0,12.0,0.0,12.0,2.0,0.0,0.0,0.0,57.0,12.0,8.0,0.0,12.0,0.0,12.0,0.0,1.0,0.0,0.0,0.0,0.0,59.0,12.0,6.0,0.0,9.0,0.0,9.0,0.0,2.0,0.0,0.0,0.0,2.0,3.0,0.0,0.0,0.0,59.0,7.0,10.0,0.0,12.0,0.0,12.0,1.0,1.0,3.0,3.0,0.0,59.0,5.0,12.0,0.0,9.0,0.0,9.0,0.0,1.0,6.0,6.0,0.0,54.0,5.0,13.0,0.0,15.0,0.0,15.0,1.0,1.0,0.0,0.0,0.0,0.0,0.0,48.0,5.0,11.0,0.0,15.0,0.0,15.0,0.0,0.0,3.0,3.0,0.0,0.0,0.0,1.0,0.0,0.0,0.0,4.0,1.0,0.0,0.0,0.0,2.0,0.0,1.0,1.0,2.0,1.0,0.0,1.0,0.0,0.0,1.0,2.0,2.0,0.0,2.0,1.0,0.0,6.0,2.0,1.0,11.0,2.0,5.0,0.0,0.0,0.0,0.0,0.0,0.0,0.0,1.0,3.0,0.0,0.0,0.0,0.0,0.0,0.0,0.0,0.0,1.0,1.0,1.0,0.0,0.0,1.0,0.0,0.0,0.0,0.0,0.0,0.0,0.0,0.0,0.0,0.0,0.0,1.0,0.0,1.0,1.0,1.0,0.0,0.0,1.0,0.0,0.0,1.0,0.0,0.0,0.0,0.0,1.0,0.0,0.0,2.0,1.0,0.0,0.0,1.0,0.0,0.0,0.0,3.0,2.0,6.0,1.0,1.0,0.0,0.0,1.0,0.0,0.0,5.0,0.0,0.0,3.0,0.0,1.0,3.0,0.0,6.0,0.0,3.0,3.0,2.0,0.0,1.0,0.0,2.0,0.0,1.0,2.0,27.0,2.0,2.0,14.0,11.0,11.0,13.0,32.0
CHEMBL3237902,IC50,56.0,33.0,7.0,4.0,0.0,0.0,0.0,0.0,0.0,44.0,11.0,4.0,0.0,0.0,0.0,0.0,1.0,2.0,0.0,0.0,0.0,0.0,0.0,47.0,13.0,8.0,0.0,0.0,0.0,0.0,0.0,1.0,45.0,12.0,9.0,0.0,0.0,0.0,0.0,2.0,0.0,0.0,0.0,45.0,10.0,10.0,0.0,0.0,0.0,0.0,0.0,0.0,0.0,0.0,0.0,0.0,44.0,14.0,8.0,0.0,0.0,0.0,0.0,0.0,0.0,0.0,0.0,0.0,2.0,0.0,0.0,0.0,0.0,51.0,4.0,9.0,0.0,0.0,0.0,0.0,1.0,1.0,0.0,0.0,0.0,48.0,4.0,10.0,0.0,0.0,0.0,0.0,0.0,0.0,0.0,0.0,0.0,44.0,4.0,5.0,0.0,0.0,0.0,0.0,1.0,2.0,0.0,0.0,1.0,0.0,0.0,36.0,5.0,6.0,0.0,0.0,0.0,0.0,0.0,0.0,0.0,0.0,0.0,0.0,0.0,3.0,1.0,0.0,0.0,7.0,2.0,0.0,0.0,0.0,3.0,0.0,1.0,1.0,4.0,1.0,0.0,1.0,0.0,0.0,1.0,2.0,3.0,0.0,1.0,0.0,0.0,0.0,0.0,1.0,21.0,3.0,17.0,1.0,0.0,6.0,1.0,2.0,1.0,0.0,2.0,16.0,0.0,0.0,0.0,2.0,11.0,7.0,4.0,2.0,1.0,4.0,14.0,0.0,0.0,1.0,14.0,0.0,0.0,9.0,6.0,7.0,3.0,7.0,8.0,4.0,2.0,5.0,2.0,3.0,1.0,7.0,4.0,5.0,9.0,3.0,0.0,4.0,5.0,0.0,0.0,0.0,1.0,0.0,0.0,6.0,4.0,2.0,2.0,3.0,0.0,0.0,0.0,1.0,0.0,0.0,3.0,2.0,0.0,0.0,1.0,0.0,0.0,4.0,0.0,0.0,0.0,0.0,4.0,6.0,2.0,0.0,0.0,0.0,0.0,3.0,0.0,1.0,0.0,2.0,0.0,0.0,0.0,12.0,2.0,5.0,11.0,22.0,22.0,10.0,25.0
CHEMBL3238216,IC50,10.0,33.0,9.0,2.0,0.0,1.0,1.0,2.0,3.0,47.0,15.0,2.0,0.0,2.0,2.0,4.0,4.0,2.0,0.0,0.0,0.0,0.0,0.0,46.0,15.0,6.0,0.0,2.0,2.0,4.0,2.0,1.0,46.0,15.0,9.0,0.0,2.0,2.0,4.0,0.0,0.0,0.0,0.0,51.0,17.0,8.0,0.0,1.0,1.0,2.0,0.0,2.0,1.0,1.0,2.0,0.0,60.0,18.0,6.0,0.0,1.0,1.0,2.0,0.0,2.0,1.0,1.0,2.0,0.0,2.0,0.0,0.0,0.0,67.0,13.0,6.0,0.0,3.0,3.0,6.0,1.0,1.0,0.0,0.0,0.0,56.0,11.0,7.0,0.0,4.0,4.0,8.0,0.0,0.0,0.0,0.0,0.0,52.0,9.0,4.0,0.0,4.0,4.0,8.0,1.0,2.0,0.0,0.0,1.0,0.0,0.0,41.0,11.0,7.0,0.0,4.0,4.0,8.0,2.0,0.0,0.0,0.0,0.0,0.0,0.0,2.0,0.0,0.0,0.0,7.0,3.0,0.0,0.0,0.0,3.0,0.0,1.0,0.0,6.0,1.0,0.0,1.0,0.0,0.0,0.0,3.0,2.0,0.0,1.0,0.0,1.0,1.0,0.0,0.0,21.0,2.0,17.0,1.0,0.0,9.0,0.0,2.0,1.0,0.0,1.0,22.0,0.0,0.0,0.0,3.0,14.0,7.0,4.0,2.0,0.0,2.0,18.0,0.0,0.0,1.0,17.0,0.0,0.0,9.0,6.0,7.0,3.0,7.0,11.0,5.0,3.0,5.0,3.0,3.0,0.0,6.0,4.0,5.0,8.0,3.0,0.0,3.0,5.0,0.0,0.0,0.0,0.0,1.0,1.0,6.0,4.0,2.0,2.0,3.0,0.0,0.0,0.0,0.0,0.0,1.0,3.0,2.0,0.0,0.0,0.0,0.0,0.0,2.0,0.0,0.0,0.0,0.0,6.0,6.0,1.0,0.0,0.0,0.0,0.0,2.0,0.0,1.0,0.0,2.0,1.0,3.0,4.0,17.0,6.0,5.0,11.0,23.0,23.0,11.0,24.0
CHEMBL3238223,IC50,13.0,34.0,9.0,2.0,0.0,3.0,0.0,3.0,3.0,49.0,15.0,2.0,0.0,3.0,0.0,3.0,4.0,2.0,0.0,0.0,3.0,3.0,3.0,48.0,15.0,6.0,0.0,6.0,0.0,6.0,2.0,1.0,48.0,15.0,9.0,0.0,6.0,0.0,6.0,0.0,0.0,0.0,0.0,52.0,18.0,8.0,0.0,6.0,0.0,6.0,0.0,2.0,0.0,0.0,0.0,0.0,61.0,19.0,7.0,0.0,3.0,0.0,3.0,0.0,2.0,3.0,0.0,3.0,0.0,0.0,0.0,0.0,0.0,70.0,13.0,6.0,0.0,3.0,0.0,3.0,1.0,1.0,3.0,3.0,0.0,60.0,11.0,7.0,0.0,9.0,0.0,9.0,0.0,0.0,0.0,0.0,0.0,56.0,9.0,4.0,0.0,12.0,0.0,12.0,1.0,2.0,0.0,0.0,1.0,0.0,0.0,45.0,11.0,7.0,0.0,12.0,0.0,12.0,2.0,0.0,0.0,0.0,0.0,0.0,0.0,2.0,0.0,0.0,0.0,7.0,3.0,0.0,0.0,0.0,3.0,0.0,1.0,0.0,6.0,1.0,0.0,1.0,0.0,0.0,0.0,4.0,2.0,0.0,1.0,0.0,0.0,3.0,0.0,0.0,22.0,2.0,17.0,1.0,0.0,9.0,0.0,2.0,1.0,0.0,1.0,22.0,0.0,0.0,0.0,3.0,14.0,7.0,4.0,2.0,0.0,2.0,18.0,0.0,0.0,1.0,17.0,0.0,0.0,9.0,6.0,7.0,3.0,7.0,11.0,5.0,3.0,5.0,3.0,3.0,0.0,6.0,4.0,5.0,8.0,3.0,0.0,3.0,5.0,0.0,0.0,0.0,0.0,0.0,0.0,6.0,4.0,2.0,2.0,3.0,0.0,0.0,0.0,0.0,0.0,3.0,3.0,2.0,0.0,0.0,0.0,0.0,0.0,2.0,0.0,0.0,0.0,0.0,6.0,6.0,1.0,3.0,0.0,0.0,0.0,2.0,0.0,1.0,0.0,2.0,0.0,3.0,4.0,17.0,6.0,5.0,11.0,23.0,23.0,12.0,25.0
CHEMBL3238232,IC50,195.0,29.0,9.0,2.0,0.0,0.0,2.0,2.0,3.0,39.0,15.0,2.0,0.0,0.0,4.0,4.0,4.0,2.0,0.0,0.0,0.0,0.0,0.0,38.0,15.0,6.0,0.0,0.0,4.0,4.0,2.0,1.0,39.0,15.0,9.0,0.0,0.0,4.0,4.0,0.0,0.0,0.0,0.0,48.0,15.0,8.0,0.0,0.0,2.0,2.0,0.0,2.0,0.0,2.0,2.0,0.0,57.0,12.0,6.0,0.0,0.0,2.0,2.0,0.0,2.0,0.0,2.0,2.0,0.0,2.0,0.0,0.0,0.0,55.0,13.0,5.0,0.0,0.0,6.0,6.0,1.0,1.0,0.0,0.0,0.0,42.0,11.0,4.0,0.0,0.0,8.0,8.0,0.0,0.0,0.0,0.0,0.0,32.0,9.0,4.0,0.0,0.0,8.0,8.0,1.0,2.0,0.0,0.0,1.0,0.0,0.0,21.0,11.0,7.0,0.0,0.0,6.0,6.0,2.0,0.0,0.0,0.0,0.0,0.0,0.0,1.0,0.0,0.0,0.0,8.0,1.0,0.0,0.0,0.0,5.0,3.0,1.0,0.0,3.0,1.0,0.0,1.0,0.0,0.0,0.0,2.0,2.0,0.0,1.0,0.0,2.0,0.0,0.0,0.0,17.0,2.0,13.0,1.0,0.0,4.0,0.0,2.0,1.0,0.0,1.0,14.0,0.0,0.0,0.0,1.0,3.0,0.0,4.0,2.0,0.0,2.0,10.0,0.0,0.0,1.0,9.0,0.0,0.0,1.0,0.0,0.0,0.0,1.0,7.0,5.0,3.0,5.0,3.0,3.0,0.0,6.0,4.0,5.0,8.0,3.0,0.0,3.0,5.0,0.0,0.0,0.0,0.0,2.0,2.0,6.0,4.0,2.0,2.0,3.0,0.0,0.0,0.0,0.0,0.0,0.0,3.0,2.0,0.0,0.0,0.0,0.0,0.0,2.0,0.0,0.0,0.0,0.0,3.0,7.0,0.0,0.0,0.0,0.0,0.0,2.0,0.0,1.0,0.0,2.0,2.0,3.0,4.0,17.0,6.0,5.0,11.0,19.0,19.0,10.0,22.0
CHEMBL3238243,IC50,65.0,34.0,9.0,2.0,0.0,0.0,2.0,2.0,3.0,48.0,15.0,2.0,0.0,0.0,4.0,4.0,4.0,2.0,0.0,0.0,0.0,0.0,0.0,46.0,18.0,6.0,0.0,0.0,4.0,4.0,0.0,1.0,47.0,15.0,9.0,0.0,0.0,4.0,4.0,0.0,0.0,0.0,0.0,52.0,15.0,9.0,0.0,0.0,2.0,2.0,2.0,0.0,0.0,2.0,2.0,0.0,62.0,16.0,6.0,0.0,0.0,2.0,2.0,0.0,2.0,0.0,2.0,2.0,0.0,2.0,0.0,0.0,0.0,69.0,11.0,6.0,0.0,0.0,6.0,6.0,1.0,3.0,0.0,0.0,0.0,57.0,13.0,7.0,0.0,0.0,8.0,8.0,0.0,0.0,0.0,0.0,0.0,53.0,11.0,4.0,0.0,0.0,8.0,8.0,1.0,2.0,0.0,0.0,1.0,0.0,0.0,42.0,12.0,7.0,0.0,0.0,8.0,8.0,0.0,0.0,0.0,0.0,0.0,0.0,0.0,2.0,0.0,0.0,0.0,8.0,3.0,0.0,0.0,0.0,4.0,0.0,1.0,0.0,6.0,4.0,0.0,1.0,0.0,0.0,0.0,3.0,2.0,0.0,1.0,0.0,2.0,0.0,0.0,0.0,23.0,2.0,19.0,1.0,0.0,9.0,0.0,2.0,1.0,0.0,1.0,23.0,0.0,0.0,0.0,3.0,14.0,7.0,4.0,2.0,0.0,2.0,18.0,0.0,0.0,1.0,17.0,0.0,0.0,9.0,6.0,7.0,3.0,7.0,11.0,5.0,3.0,7.0,3.0,4.0,0.0,8.0,4.0,5.0,9.0,3.0,0.0,4.0,5.0,0.0,0.0,0.0,0.0,2.0,2.0,7.0,4.0,2.0,2.0,3.0,0.0,0.0,0.0,0.0,0.0,0.0,7.0,2.0,0.0,0.0,0.0,0.0,0.0,2.0,0.0,0.0,0.0,0.0,6.0,7.0,1.0,0.0,0.0,0.0,0.0,3.0,0.0,1.0,0.0,2.0,2.0,0.0,0.0,12.0,6.0,5.0,11.0,26.0,26.0,12.0,26.0
CHEMBL4224961,IC50,70.0,34.0,5.0,5.0,0.0,3.0,0.0,3.0,1.0,46.0,11.0,5.0,0.0,3.0,0.0,3.0,0.0,1.0,0.0,0.0,3.0,3.0,3.0,47.0,15.0,7.0,0.0,6.0,0.0,6.0,0.0,0.0,46.0,14.0,5.0,0.0,6.0,0.0,6.0,2.0,0.0,0.0,0.0,49.0,12.0,6.0,0.0,6.0,0.0,6.0,0.0,0.0,0.0,0.0,0.0,0.0,54.0,9.0,4.0,0.0,3.0,0.0,3.0,0.0,0.0,3.0,0.0,3.0,2.0,0.0,0.0,0.0,0.0,54.0,5.0,6.0,0.0,6.0,0.0,6.0,1.0,1.0,3.0,3.0,0.0,52.0,3.0,6.0,0.0,6.0,0.0,6.0,1.0,2.0,0.0,0.0,0.0,43.0,6.0,8.0,0.0,12.0,0.0,12.0,0.0,1.0,0.0,0.0,0.0,0.0,0.0,36.0,7.0,9.0,0.0,12.0,0.0,12.0,0.0,0.0,0.0,0.0,0.0,0.0,0.0,1.0,1.0,0.0,0.0,2.0,0.0,0.0,0.0,0.0,1.0,0.0,1.0,1.0,3.0,1.0,0.0,1.0,0.0,0.0,1.0,1.0,2.0,0.0,1.0,2.0,0.0,3.0,1.0,1.0,9.0,2.0,3.0,0.0,0.0,0.0,0.0,0.0,0.0,0.0,1.0,1.0,0.0,0.0,0.0,0.0,0.0,0.0,0.0,0.0,1.0,1.0,0.0,0.0,0.0,0.0,0.0,0.0,0.0,0.0,0.0,0.0,0.0,0.0,0.0,0.0,0.0,1.0,0.0,1.0,1.0,1.0,0.0,0.0,1.0,0.0,0.0,1.0,0.0,0.0,0.0,0.0,1.0,0.0,0.0,2.0,1.0,0.0,0.0,1.0,0.0,0.0,0.0,2.0,1.0,3.0,1.0,1.0,0.0,0.0,1.0,0.0,0.0,4.0,0.0,0.0,0.0,0.0,2.0,1.0,0.0,3.0,0.0,0.0,0.0,2.0,0.0,1.0,0.0,2.0,0.0,1.0,2.0,27.0,2.0,2.0,10.0,10.0,10.0,9.0,31.0
CHEMBL4227667,IC50,230.0,34.0,5.0,5.0,0.0,3.0,0.0,3.0,1.0,46.0,11.0,5.0,0.0,3.0,0.0,3.0,0.0,1.0,0.0,0.0,3.0,3.0,3.0,48.0,15.0,7.0,0.0,6.0,0.0,6.0,0.0,0.0,46.0,15.0,5.0,0.0,9.0,0.0,9.0,2.0,0.0,0.0,0.0,50.0,12.0,6.0,0.0,6.0,0.0,6.0,0.0,0.0,3.0,0.0,3.0,0.0,54.0,8.0,4.0,0.0,6.0,0.0,6.0,0.0,0.0,3.0,0.0,3.0,2.0,0.0,0.0,0.0,0.0,56.0,5.0,6.0,0.0,6.0,0.0,6.0,1.0,1.0,0.0,0.0,0.0,52.0,3.0,6.0,0.0,12.0,0.0,12.0,1.0,2.0,0.0,0.0,0.0,43.0,6.0,8.0,0.0,12.0,0.0,12.0,0.0,1.0,0.0,0.0,0.0,0.0,0.0,35.0,7.0,9.0,0.0,12.0,0.0,12.0,0.0,0.0,0.0,0.0,0.0,0.0,0.0,1.0,1.0,0.0,0.0,2.0,0.0,0.0,0.0,0.0,1.0,0.0,1.0,1.0,3.0,1.0,0.0,1.0,0.0,0.0,1.0,1.0,2.0,0.0,1.0,2.0,0.0,3.0,1.0,1.0,9.0,2.0,3.0,0.0,0.0,0.0,0.0,0.0,0.0,0.0,1.0,1.0,0.0,0.0,0.0,0.0,0.0,0.0,0.0,0.0,1.0,1.0,0.0,0.0,0.0,0.0,0.0,0.0,0.0,0.0,0.0,0.0,0.0,0.0,0.0,0.0,0.0,1.0,0.0,1.0,1.0,1.0,0.0,0.0,1.0,0.0,0.0,1.0,0.0,0.0,0.0,0.0,1.0,0.0,0.0,2.0,1.0,0.0,0.0,1.0,0.0,0.0,0.0,2.0,1.0,3.0,1.0,1.0,0.0,0.0,1.0,0.0,0.0,4.0,0.0,0.0,0.0,0.0,2.0,1.0,0.0,3.0,0.0,0.0,0.0,2.0,0.0,1.0,0.0,2.0,0.0,1.0,2.0,27.0,2.0,2.0,10.0,10.0,10.0,9.0,31.0
CHEMBL3237884,IC50,520.0,28.0,7.0,4.0,0.0,0.0,2.0,2.0,0.0,39.0,10.0,4.0,0.0,0.0,4.0,4.0,1.0,2.0,0.0,0.0,0.0,0.0,0.0,37.0,13.0,8.0,0.0,0.0,4.0,4.0,0.0,1.0,34.0,11.0,8.0,0.0,0.0,4.0,4.0,2.0,0.0,0.0,0.0,36.0,9.0,10.0,0.0,0.0,2.0,2.0,0.0,0.0,0.0,2.0,2.0,0.0,37.0,11.0,7.0,0.0,0.0,2.0,2.0,0.0,0.0,0.0,2.0,2.0,2.0,2.0,0.0,0.0,0.0,43.0,1.0,6.0,0.0,0.0,6.0,6.0,1.0,1.0,0.0,0.0,0.0,33.0,4.0,10.0,0.0,0.0,6.0,6.0,0.0,0.0,0.0,0.0,0.0,32.0,4.0,5.0,0.0,0.0,6.0,6.0,1.0,2.0,0.0,0.0,1.0,0.0,0.0,26.0,5.0,6.0,0.0,0.0,6.0,6.0,0.0,0.0,0.0,0.0,0.0,0.0,0.0,1.0,0.0,0.0,0.0,7.0,2.0,0.0,0.0,0.0,3.0,0.0,1.0,1.0,3.0,1.0,0.0,1.0,0.0,0.0,1.0,2.0,3.0,0.0,1.0,0.0,2.0,0.0,0.0,1.0,17.0,3.0,13.0,1.0,0.0,5.0,0.0,2.0,1.0,0.0,2.0,15.0,0.0,0.0,0.0,2.0,11.0,7.0,4.0,2.0,1.0,1.0,14.0,0.0,0.0,0.0,14.0,0.0,0.0,9.0,6.0,7.0,3.0,7.0,8.0,4.0,2.0,5.0,2.0,3.0,1.0,6.0,3.0,2.0,7.0,2.0,0.0,3.0,2.0,0.0,0.0,0.0,1.0,2.0,2.0,6.0,4.0,2.0,2.0,3.0,0.0,0.0,0.0,1.0,0.0,0.0,3.0,2.0,0.0,0.0,1.0,0.0,0.0,4.0,0.0,0.0,0.0,0.0,3.0,5.0,1.0,0.0,0.0,0.0,0.0,3.0,0.0,1.0,0.0,2.0,2.0,0.0,0.0,12.0,2.0,5.0,11.0,17.0,17.0,9.0,21.0
CHEMBL3237909,IC50,490.0,29.0,7.0,4.0,0.0,1.0,0.0,1.0,0.0,40.0,11.0,4.0,0.0,2.0,0.0,2.0,1.0,2.0,0.0,0.0,0.0,0.0,0.0,41.0,13.0,8.0,0.0,2.0,0.0,2.0,0.0,1.0,39.0,12.0,9.0,0.0,2.0,0.0,2.0,2.0,0.0,0.0,0.0,40.0,9.0,10.0,0.0,1.0,0.0,1.0,0.0,0.0,1.0,0.0,1.0,0.0,41.0,11.0,7.0,0.0,1.0,0.0,1.0,0.0,0.0,1.0,0.0,1.0,2.0,1.0,0.0,0.0,0.0,46.0,2.0,7.0,0.0,3.0,0.0,3.0,1.0,1.0,0.0,0.0,0.0,38.0,4.0,10.0,0.0,4.0,0.0,4.0,0.0,0.0,0.0,0.0,0.0,33.0,4.0,5.0,0.0,3.0,0.0,3.0,1.0,2.0,0.0,0.0,1.0,0.0,0.0,27.0,5.0,6.0,0.0,3.0,0.0,3.0,0.0,0.0,0.0,0.0,0.0,0.0,0.0,2.0,1.0,0.0,0.0,6.0,2.0,0.0,0.0,0.0,3.0,0.0,1.0,1.0,4.0,1.0,0.0,1.0,0.0,0.0,1.0,2.0,3.0,0.0,1.0,0.0,0.0,1.0,0.0,1.0,18.0,3.0,14.0,1.0,0.0,5.0,0.0,2.0,1.0,0.0,2.0,15.0,0.0,0.0,0.0,2.0,11.0,7.0,4.0,2.0,1.0,2.0,14.0,0.0,0.0,0.0,14.0,0.0,0.0,9.0,6.0,7.0,3.0,7.0,8.0,4.0,2.0,5.0,2.0,3.0,1.0,7.0,4.0,5.0,9.0,3.0,0.0,4.0,5.0,0.0,0.0,0.0,1.0,0.0,0.0,6.0,4.0,2.0,2.0,3.0,0.0,0.0,0.0,1.0,0.0,1.0,3.0,2.0,0.0,0.0,1.0,0.0,0.0,4.0,0.0,0.0,0.0,0.0,4.0,5.0,1.0,0.0,0.0,0.0,0.0,3.0,0.0,1.0,0.0,2.0,0.0,0.0,0.0,12.0,2.0,5.0,11.0,18.0,18.0,9.0,22.0
CHEMBL3237889,IC50,940.0,28.0,7.0,4.0,0.0,0.0,1.0,1.0,0.0,39.0,10.0,4.0,0.0,0.0,2.0,2.0,1.0,2.0,0.0,0.0,0.0,0.0,0.0,37.0,13.0,8.0,0.0,0.0,2.0,2.0,0.0,1.0,34.0,11.0,8.0,0.0,0.0,1.0,1.0,2.0,0.0,0.0,0.0,36.0,9.0,10.0,0.0,0.0,1.0,1.0,0.0,0.0,0.0,0.0,0.0,0.0,37.0,11.0,7.0,0.0,0.0,1.0,1.0,0.0,0.0,0.0,1.0,1.0,2.0,0.0,0.0,0.0,0.0,43.0,1.0,6.0,0.0,0.0,1.0,1.0,1.0,1.0,0.0,1.0,0.0,33.0,4.0,10.0,0.0,0.0,3.0,3.0,0.0,0.0,0.0,0.0,0.0,32.0,4.0,5.0,0.0,0.0,3.0,3.0,1.0,2.0,0.0,0.0,1.0,0.0,0.0,26.0,5.0,6.0,0.0,0.0,3.0,3.0,0.0,0.0,0.0,0.0,0.0,0.0,0.0,1.0,0.0,0.0,0.0,7.0,2.0,0.0,0.0,0.0,3.0,0.0,1.0,1.0,3.0,1.0,0.0,1.0,0.0,0.0,1.0,2.0,3.0,0.0,2.0,0.0,1.0,0.0,0.0,1.0,17.0,3.0,13.0,1.0,0.0,5.0,0.0,2.0,1.0,0.0,2.0,15.0,0.0,0.0,0.0,2.0,11.0,7.0,4.0,2.0,1.0,1.0,14.0,0.0,0.0,0.0,14.0,0.0,0.0,9.0,6.0,7.0,3.0,7.0,8.0,4.0,2.0,5.0,2.0,3.0,1.0,6.0,3.0,2.0,7.0,2.0,0.0,3.0,2.0,0.0,0.0,0.0,1.0,1.0,1.0,6.0,4.0,2.0,2.0,3.0,0.0,0.0,0.0,1.0,0.0,0.0,3.0,2.0,0.0,0.0,1.0,0.0,0.0,4.0,0.0,0.0,0.0,0.0,3.0,5.0,1.0,0.0,0.0,0.0,0.0,3.0,0.0,1.0,0.0,2.0,1.0,0.0,0.0,12.0,2.0,5.0,11.0,17.0,17.0,9.0,21.0
CHEMBL3237920,IC50,160.0,29.0,7.0,5.0,0.0,0.0,2.0,2.0,0.0,40.0,11.0,6.0,0.0,0.0,4.0,4.0,1.0,2.0,0.0,0.0,0.0,0.0,0.0,41.0,13.0,8.0,0.0,0.0,4.0,4.0,0.0,2.0,39.0,12.0,10.0,0.0,0.0,4.0,4.0,2.0,0.0,0.0,0.0,40.0,9.0,11.0,0.0,0.0,2.0,2.0,0.0,0.0,0.0,2.0,2.0,1.0,41.0,11.0,9.0,0.0,0.0,2.0,2.0,0.0,0.0,0.0,2.0,2.0,2.0,2.0,0.0,0.0,0.0,46.0,2.0,9.0,0.0,0.0,6.0,6.0,1.0,1.0,0.0,0.0,0.0,38.0,4.0,11.0,0.0,0.0,8.0,8.0,0.0,0.0,0.0,0.0,0.0,33.0,4.0,6.0,0.0,0.0,6.0,6.0,1.0,2.0,0.0,0.0,1.0,0.0,0.0,27.0,5.0,7.0,0.0,0.0,6.0,6.0,0.0,1.0,0.0,0.0,0.0,0.0,0.0,3.0,1.0,0.0,1.0,5.0,3.0,1.0,0.0,0.0,2.0,0.0,1.0,0.0,4.0,1.0,0.0,1.0,0.0,0.0,2.0,2.0,3.0,0.0,1.0,0.0,2.0,0.0,0.0,2.0,18.0,3.0,14.0,1.0,0.0,5.0,0.0,2.0,1.0,0.0,2.0,15.0,0.0,0.0,0.0,2.0,11.0,7.0,4.0,2.0,1.0,2.0,14.0,0.0,0.0,0.0,14.0,0.0,0.0,9.0,6.0,7.0,3.0,7.0,8.0,4.0,2.0,5.0,2.0,3.0,1.0,7.0,4.0,5.0,9.0,3.0,0.0,4.0,5.0,0.0,0.0,0.0,3.0,2.0,2.0,6.0,4.0,2.0,2.0,3.0,0.0,0.0,1.0,2.0,0.0,0.0,3.0,2.0,0.0,0.0,1.0,0.0,1.0,5.0,0.0,0.0,0.0,1.0,4.0,4.0,1.0,0.0,1.0,0.0,0.0,3.0,0.0,1.0,0.0,2.0,2.0,0.0,0.0,12.0,2.0,5.0,12.0,19.0,19.0,9.0,23.0
CHEMBL3656288,IC50,8400.0,25.0,9.0,2.0,0.0,1.0,0.0,1.0,3.0,34.0,15.0,2.0,0.0,2.0,0.0,2.0,4.0,2.0,0.0,0.0,0.0,0.0,0.0,35.0,11.0,6.0,0.0,2.0,0.0,2.0,2.0,1.0,33.0,13.0,9.0,0.0,2.0,0.0,2.0,0.0,0.0,0.0,0.0,39.0,15.0,6.0,0.0,1.0,0.0,1.0,0.0,2.0,1.0,0.0,1.0,0.0,44.0,12.0,5.0,0.0,1.0,0.0,1.0,0.0,2.0,1.0,0.0,1.0,0.0,1.0,0.0,0.0,0.0,40.0,13.0,5.0,0.0,3.0,0.0,3.0,1.0,1.0,0.0,0.0,0.0,27.0,11.0,4.0,0.0,2.0,0.0,2.0,0.0,0.0,0.0,0.0,0.0,25.0,9.0,4.0,0.0,3.0,0.0,3.0,1.0,2.0,0.0,0.0,1.0,0.0,0.0,20.0,9.0,5.0,0.0,3.0,0.0,3.0,2.0,0.0,0.0,0.0,0.0,0.0,0.0,1.0,0.0,0.0,0.0,3.0,1.0,0.0,0.0,0.0,1.0,0.0,1.0,0.0,5.0,1.0,0.0,1.0,0.0,0.0,0.0,2.0,2.0,0.0,1.0,0.0,0.0,1.0,0.0,0.0,14.0,2.0,9.0,1.0,0.0,4.0,0.0,2.0,1.0,0.0,1.0,9.0,0.0,0.0,0.0,1.0,3.0,0.0,0.0,0.0,0.0,2.0,4.0,0.0,0.0,1.0,3.0,0.0,0.0,0.0,0.0,0.0,0.0,0.0,3.0,1.0,1.0,1.0,1.0,1.0,0.0,6.0,4.0,5.0,8.0,3.0,0.0,3.0,5.0,0.0,0.0,0.0,0.0,0.0,0.0,6.0,4.0,2.0,2.0,3.0,0.0,0.0,0.0,0.0,0.0,1.0,3.0,2.0,0.0,0.0,0.0,0.0,0.0,2.0,0.0,0.0,0.0,0.0,5.0,2.0,0.0,0.0,0.0,0.0,0.0,2.0,0.0,1.0,0.0,2.0,0.0,3.0,4.0,17.0,6.0,5.0,11.0,15.0,15.0,10.0,22.0
CHEMBL3656289,IC50,1700.0,27.0,7.0,4.0,0.0,0.0,2.0,2.0,0.0,35.0,10.0,4.0,0.0,0.0,4.0,4.0,1.0,2.0,0.0,0.0,0.0,0.0,0.0,35.0,12.0,8.0,0.0,0.0,4.0,4.0,0.0,1.0,30.0,13.0,8.0,0.0,0.0,4.0,4.0,2.0,0.0,0.0,0.0,35.0,9.0,9.0,0.0,0.0,2.0,2.0,0.0,0.0,0.0,2.0,2.0,0.0,39.0,5.0,8.0,0.0,0.0,2.0,2.0,0.0,0.0,0.0,2.0,2.0,2.0,2.0,0.0,0.0,0.0,37.0,4.0,8.0,0.0,0.0,6.0,6.0,0.0,0.0,0.0,0.0,0.0,34.0,1.0,5.0,0.0,0.0,6.0,6.0,1.0,1.0,0.0,0.0,0.0,27.0,4.0,5.0,0.0,0.0,6.0,6.0,0.0,0.0,0.0,0.0,0.0,0.0,0.0,19.0,4.0,5.0,0.0,0.0,6.0,6.0,1.0,2.0,0.0,0.0,1.0,0.0,0.0,1.0,0.0,0.0,0.0,9.0,2.0,0.0,0.0,0.0,6.0,3.0,1.0,1.0,1.0,1.0,0.0,1.0,0.0,0.0,1.0,1.0,3.0,0.0,1.0,0.0,2.0,0.0,0.0,1.0,16.0,3.0,12.0,1.0,0.0,1.0,0.0,2.0,1.0,0.0,2.0,10.0,0.0,0.0,0.0,0.0,3.0,3.0,4.0,2.0,1.0,2.0,10.0,0.0,0.0,0.0,10.0,0.0,0.0,5.0,2.0,3.0,1.0,2.0,4.0,4.0,2.0,5.0,2.0,3.0,1.0,7.0,4.0,5.0,9.0,3.0,0.0,4.0,5.0,0.0,0.0,0.0,1.0,2.0,2.0,6.0,4.0,2.0,2.0,3.0,0.0,0.0,0.0,1.0,0.0,0.0,3.0,2.0,0.0,0.0,1.0,0.0,0.0,4.0,0.0,0.0,0.0,0.0,1.0,7.0,1.0,0.0,0.0,0.0,0.0,3.0,0.0,1.0,0.0,2.0,2.0,0.0,0.0,12.0,2.0,5.0,11.0,16.0,16.0,10.0,20.0
CHEMBL3656297,IC50,1300.0,23.0,7.0,4.0,0.0,0.0,2.0,2.0,0.0,30.0,11.0,4.0,0.0,0.0,4.0,4.0,1.0,2.0,0.0,0.0,0.0,0.0,0.0,32.0,11.0,8.0,0.0,0.0,4.0,4.0,0.0,1.0,34.0,10.0,9.0,0.0,0.0,4.0,4.0,2.0,0.0,0.0,0.0,38.0,9.0,10.0,0.0,0.0,2.0,2.0,0.0,0.0,0.0,2.0,2.0,0.0,31.0,5.0,6.0,0.0,0.0,2.0,2.0,0.0,0.0,0.0,2.0,2.0,2.0,2.0,0.0,0.0,0.0,28.0,2.0,6.0,0.0,0.0,6.0,6.0,1.0,1.0,0.0,0.0,0.0,21.0,6.0,9.0,0.0,0.0,4.0,4.0,0.0,0.0,0.0,0.0,0.0,17.0,4.0,5.0,0.0,0.0,8.0,8.0,1.0,2.0,0.0,0.0,1.0,0.0,0.0,14.0,3.0,4.0,0.0,0.0,4.0,4.0,0.0,0.0,0.0,0.0,0.0,0.0,0.0,2.0,1.0,0.0,0.0,2.0,0.0,0.0,0.0,0.0,1.0,0.0,1.0,1.0,4.0,1.0,0.0,1.0,0.0,0.0,1.0,1.0,3.0,0.0,1.0,0.0,2.0,0.0,0.0,1.0,13.0,3.0,8.0,1.0,0.0,1.0,0.0,2.0,1.0,0.0,2.0,5.0,0.0,0.0,0.0,0.0,0.0,0.0,0.0,0.0,1.0,2.0,0.0,0.0,0.0,2.0,0.0,0.0,0.0,0.0,0.0,0.0,0.0,0.0,0.0,0.0,0.0,3.0,2.0,3.0,1.0,7.0,4.0,5.0,9.0,3.0,0.0,4.0,5.0,0.0,0.0,0.0,1.0,2.0,2.0,6.0,4.0,2.0,2.0,3.0,0.0,0.0,0.0,1.0,0.0,0.0,3.0,2.0,0.0,0.0,1.0,0.0,0.0,4.0,0.0,0.0,0.0,0.0,4.0,1.0,1.0,0.0,0.0,0.0,0.0,3.0,0.0,1.0,0.0,2.0,2.0,0.0,0.0,12.0,2.0,5.0,11.0,12.0,12.0,9.0,21.0
CHEMBL4114081,IC50,6.2,31.0,3.0,3.0,2.0,0.0,2.0,2.0,0.0,42.0,3.0,3.0,3.0,0.0,4.0,4.0,0.0,1.0,0.0,0.0,0.0,0.0,0.0,44.0,5.0,5.0,4.0,0.0,4.0,4.0,0.0,0.0,49.0,4.0,3.0,3.0,0.0,4.0,4.0,2.0,0.0,0.0,0.0,54.0,4.0,4.0,4.0,0.0,3.0,3.0,0.0,0.0,0.0,1.0,1.0,0.0,56.0,2.0,3.0,5.0,0.0,4.0,4.0,0.0,0.0,0.0,0.0,0.0,2.0,0.0,0.0,0.0,0.0,47.0,4.0,6.0,4.0,0.0,8.0,8.0,0.0,0.0,0.0,0.0,0.0,34.0,7.0,7.0,1.0,0.0,10.0,10.0,0.0,0.0,0.0,0.0,0.0,21.0,10.0,7.0,1.0,0.0,9.0,9.0,0.0,0.0,0.0,0.0,0.0,0.0,0.0,15.0,8.0,6.0,0.0,0.0,4.0,4.0,0.0,0.0,0.0,0.0,0.0,0.0,0.0,2.0,0.0,0.0,0.0,4.0,1.0,0.0,0.0,0.0,2.0,0.0,1.0,1.0,1.0,1.0,0.0,1.0,0.0,0.0,1.0,0.0,2.0,0.0,2.0,0.0,2.0,0.0,0.0,1.0,10.0,2.0,6.0,0.0,0.0,0.0,1.0,0.0,0.0,0.0,1.0,4.0,0.0,0.0,0.0,0.0,0.0,0.0,0.0,0.0,1.0,3.0,2.0,0.0,0.0,2.0,1.0,0.0,0.0,0.0,0.0,0.0,0.0,0.0,0.0,0.0,0.0,1.0,0.0,1.0,1.0,1.0,0.0,0.0,1.0,0.0,0.0,1.0,0.0,0.0,0.0,0.0,1.0,2.0,2.0,2.0,1.0,0.0,0.0,1.0,0.0,0.0,0.0,1.0,0.0,0.0,2.0,1.0,0.0,0.0,1.0,0.0,0.0,3.0,0.0,0.0,0.0,0.0,1.0,3.0,2.0,0.0,0.0,0.0,0.0,2.0,0.0,1.0,0.0,2.0,2.0,0.0,1.0,21.0,1.0,2.0,8.0,12.0,12.0,11.0,25.0
CHEMBL4850520,IC50,1894.0,111.0,62.0,40.0,2.0,0.0,0.0,0.0,0.0,128.0,81.0,44.0,1.0,0.0,0.0,0.0,6.0,27.0,0.0,0.0,0.0,0.0,0.0,142.0,58.0,65.0,1.0,0.0,0.0,0.0,24.0,29.0,131.0,98.0,106.0,1.0,0.0,0.0,0.0,12.0,0.0,0.0,5.0,146.0,111.0,82.0,1.0,0.0,0.0,0.0,6.0,33.0,0.0,0.0,0.0,35.0,181.0,75.0,105.0,2.0,0.0,0.0,0.0,29.0,36.0,0.0,0.0,0.0,9.0,0.0,0.0,0.0,0.0,187.0,108.0,143.0,3.0,0.0,0.0,0.0,6.0,19.0,0.0,0.0,7.0,203.0,120.0,107.0,3.0,0.0,0.0,0.0,10.0,40.0,0.0,0.0,40.0,225.0,85.0,127.0,4.0,0.0,0.0,0.0,28.0,39.0,0.0,0.0,11.0,0.0,0.0,214.0,120.0,154.0,3.0,0.0,0.0,0.0,6.0,22.0,0.0,0.0,8.0,0.0,0.0,29.0,6.0,23.0,24.0,30.0,22.0,20.0,20.0,19.0,10.0,4.0,2.0,6.0,10.0,25.0,23.0,23.0,23.0,8.0,10.0,0.0,30.0,4.0,2.0,0.0,0.0,0.0,0.0,10.0,101.0,30.0,74.0,27.0,23.0,3.0,0.0,24.0,23.0,23.0,30.0,53.0,27.0,23.0,23.0,0.0,3.0,0.0,16.0,16.0,30.0,4.0,26.0,19.0,22.0,4.0,10.0,11.0,11.0,1.0,0.0,0.0,0.0,0.0,15.0,31.0,9.0,46.0,0.0,16.0,8.0,78.0,0.0,0.0,71.0,46.0,46.0,46.0,46.0,23.0,23.0,5.0,10.0,0.0,0.0,58.0,25.0,23.0,23.0,23.0,0.0,23.0,5.0,8.0,0.0,0.0,35.0,27.0,24.0,24.0,8.0,24.0,5.0,40.0,4.0,23.0,0.0,5.0,9.0,23.0,3.0,0.0,5.0,0.0,0.0,30.0,4.0,23.0,22.0,0.0,0.0,0.0,1.0,33.0,1.0,0.0,104.0,151.0,151.0,121.0,119.0
CHEMBL4867132,IC50,13.85,111.0,61.0,41.0,2.0,0.0,0.0,0.0,0.0,128.0,79.0,46.0,1.0,0.0,0.0,0.0,6.0,27.0,0.0,0.0,0.0,0.0,0.0,142.0,57.0,66.0,1.0,0.0,0.0,0.0,23.0,29.0,131.0,95.0,109.0,1.0,0.0,0.0,0.0,12.0,0.0,0.0,5.0,146.0,107.0,86.0,1.0,0.0,0.0,0.0,6.0,33.0,0.0,0.0,0.0,35.0,181.0,73.0,107.0,2.0,0.0,0.0,0.0,28.0,35.0,0.0,0.0,0.0,11.0,0.0,0.0,0.0,0.0,187.0,107.0,144.0,3.0,0.0,0.0,0.0,6.0,19.0,0.0,0.0,7.0,203.0,118.0,109.0,3.0,0.0,0.0,0.0,10.0,40.0,0.0,0.0,40.0,225.0,85.0,127.0,4.0,0.0,0.0,0.0,27.0,38.0,0.0,0.0,13.0,0.0,0.0,214.0,119.0,155.0,3.0,0.0,0.0,0.0,6.0,22.0,0.0,0.0,8.0,0.0,0.0,29.0,6.0,23.0,24.0,30.0,22.0,20.0,20.0,19.0,10.0,4.0,2.0,6.0,10.0,25.0,23.0,23.0,23.0,7.0,11.0,0.0,30.0,4.0,2.0,0.0,0.0,0.0,0.0,11.0,101.0,30.0,74.0,27.0,23.0,3.0,0.0,23.0,23.0,23.0,30.0,53.0,27.0,23.0,23.0,0.0,3.0,0.0,16.0,16.0,30.0,4.0,26.0,19.0,22.0,4.0,10.0,11.0,11.0,1.0,0.0,0.0,0.0,0.0,15.0,31.0,9.0,46.0,0.0,16.0,8.0,76.0,0.0,0.0,71.0,46.0,46.0,46.0,46.0,23.0,23.0,7.0,12.0,0.0,0.0,57.0,25.0,23.0,23.0,23.0,0.0,23.0,6.0,9.0,0.0,0.0,34.0,27.0,23.0,23.0,8.0,23.0,6.0,41.0,4.0,23.0,0.0,5.0,9.0,23.0,3.0,0.0,6.0,0.0,0.0,30.0,4.0,23.0,21.0,0.0,0.0,0.0,1.0,33.0,1.0,0.0,104.0,151.0,151.0,121.0,119.0
CHEMBL4227099,IC50,280.0,30.0,8.0,3.0,0.0,0.0,2.0,2.0,1.0,41.0,14.0,3.0,0.0,0.0,4.0,4.0,0.0,1.0,0.0,0.0,0.0,0.0,0.0,41.0,17.0,5.0,0.0,0.0,4.0,4.0,0.0,0.0,41.0,15.0,3.0,0.0,0.0,4.0,4.0,2.0,0.0,0.0,0.0,44.0,12.0,4.0,0.0,0.0,2.0,2.0,0.0,0.0,0.0,2.0,2.0,0.0,49.0,8.0,3.0,0.0,0.0,4.0,4.0,1.0,0.0,0.0,2.0,2.0,2.0,0.0,0.0,0.0,0.0,48.0,7.0,5.0,0.0,0.0,4.0,4.0,2.0,1.0,0.0,0.0,0.0,44.0,6.0,5.0,0.0,0.0,8.0,8.0,1.0,1.0,0.0,0.0,0.0,34.0,9.0,5.0,0.0,0.0,8.0,8.0,0.0,0.0,0.0,0.0,0.0,0.0,0.0,25.0,10.0,6.0,0.0,0.0,8.0,8.0,0.0,0.0,0.0,0.0,0.0,0.0,0.0,1.0,1.0,0.0,0.0,2.0,0.0,0.0,0.0,0.0,1.0,0.0,1.0,1.0,3.0,1.0,0.0,1.0,0.0,0.0,1.0,0.0,2.0,0.0,1.0,1.0,2.0,0.0,0.0,1.0,8.0,2.0,3.0,0.0,0.0,0.0,0.0,0.0,0.0,0.0,1.0,1.0,0.0,0.0,0.0,0.0,0.0,0.0,0.0,0.0,1.0,1.0,0.0,0.0,0.0,0.0,0.0,0.0,0.0,0.0,0.0,0.0,0.0,0.0,0.0,0.0,0.0,1.0,0.0,1.0,1.0,1.0,0.0,0.0,1.0,0.0,0.0,1.0,0.0,0.0,0.0,0.0,1.0,2.0,2.0,2.0,1.0,0.0,0.0,1.0,0.0,0.0,0.0,1.0,0.0,0.0,1.0,1.0,0.0,0.0,1.0,0.0,0.0,3.0,0.0,0.0,0.0,0.0,2.0,1.0,0.0,0.0,0.0,0.0,0.0,2.0,0.0,1.0,0.0,2.0,2.0,1.0,3.0,26.0,3.0,2.0,11.0,10.0,10.0,7.0,29.0
CHEMBL4227967,IC50,2790.0,32.0,5.0,3.0,0.0,0.0,2.0,2.0,1.0,42.0,10.0,3.0,0.0,0.0,4.0,4.0,0.0,1.0,0.0,0.0,0.0,0.0,0.0,41.0,14.0,5.0,0.0,0.0,4.0,4.0,0.0,0.0,39.0,15.0,3.0,0.0,0.0,4.0,4.0,2.0,0.0,0.0,0.0,44.0,13.0,4.0,0.0,0.0,2.0,2.0,0.0,0.0,0.0,2.0,2.0,0.0,48.0,8.0,3.0,0.0,0.0,4.0,4.0,0.0,0.0,0.0,2.0,2.0,2.0,0.0,0.0,0.0,0.0,49.0,2.0,4.0,0.0,0.0,4.0,4.0,1.0,1.0,0.0,0.0,0.0,46.0,2.0,5.0,0.0,0.0,6.0,6.0,1.0,1.0,0.0,0.0,0.0,36.0,5.0,5.0,0.0,0.0,10.0,10.0,0.0,0.0,0.0,0.0,0.0,0.0,0.0,23.0,6.0,6.0,0.0,0.0,10.0,10.0,0.0,0.0,0.0,0.0,0.0,0.0,0.0,0.0,0.0,0.0,0.0,3.0,0.0,0.0,0.0,0.0,1.0,0.0,1.0,1.0,1.0,1.0,0.0,1.0,0.0,0.0,1.0,0.0,2.0,0.0,1.0,0.0,2.0,0.0,0.0,1.0,6.0,2.0,2.0,0.0,0.0,0.0,0.0,0.0,0.0,0.0,1.0,1.0,0.0,0.0,0.0,0.0,0.0,0.0,0.0,0.0,1.0,0.0,0.0,0.0,0.0,0.0,0.0,0.0,0.0,0.0,0.0,0.0,0.0,0.0,0.0,0.0,0.0,1.0,0.0,1.0,1.0,1.0,0.0,0.0,1.0,0.0,0.0,1.0,0.0,0.0,0.0,0.0,1.0,2.0,2.0,2.0,1.0,0.0,0.0,1.0,0.0,0.0,0.0,1.0,0.0,0.0,1.0,1.0,0.0,0.0,1.0,0.0,0.0,3.0,0.0,0.0,0.0,0.0,1.0,1.0,0.0,0.0,0.0,0.0,0.0,2.0,0.0,1.0,0.0,2.0,2.0,1.0,2.0,27.0,2.0,2.0,8.0,8.0,8.0,7.0,29.0
CHEMBL3797782,IC50,5900.0,34.0,5.0,3.0,0.0,0.0,2.0,2.0,1.0,45.0,11.0,3.0,0.0,0.0,4.0,4.0,0.0,1.0,0.0,0.0,0.0,0.0,0.0,44.0,14.0,5.0,0.0,0.0,4.0,4.0,0.0,0.0,42.0,16.0,3.0,0.0,0.0,4.0,4.0,2.0,0.0,0.0,0.0,45.0,14.0,5.0,0.0,0.0,2.0,2.0,0.0,0.0,0.0,2.0,2.0,0.0,51.0,9.0,4.0,0.0,0.0,2.0,2.0,0.0,0.0,0.0,2.0,2.0,2.0,0.0,0.0,0.0,0.0,58.0,2.0,4.0,0.0,0.0,4.0,4.0,1.0,1.0,0.0,0.0,0.0,54.0,2.0,5.0,0.0,0.0,8.0,8.0,1.0,1.0,0.0,0.0,0.0,38.0,5.0,7.0,0.0,0.0,12.0,12.0,0.0,0.0,0.0,0.0,0.0,0.0,0.0,23.0,5.0,7.0,0.0,0.0,10.0,10.0,0.0,0.0,0.0,0.0,0.0,0.0,0.0,1.0,0.0,0.0,0.0,4.0,1.0,0.0,0.0,0.0,2.0,0.0,1.0,1.0,0.0,1.0,0.0,1.0,0.0,0.0,1.0,0.0,2.0,0.0,0.0,1.0,2.0,0.0,0.0,1.0,7.0,2.0,4.0,0.0,0.0,0.0,0.0,0.0,0.0,0.0,1.0,2.0,0.0,0.0,0.0,0.0,0.0,0.0,0.0,0.0,1.0,2.0,0.0,0.0,0.0,1.0,0.0,0.0,0.0,0.0,0.0,0.0,0.0,0.0,0.0,0.0,0.0,1.0,0.0,1.0,1.0,1.0,0.0,0.0,1.0,0.0,0.0,1.0,0.0,0.0,0.0,0.0,1.0,2.0,2.0,2.0,1.0,0.0,0.0,1.0,0.0,0.0,0.0,1.0,0.0,0.0,1.0,1.0,0.0,0.0,1.0,0.0,0.0,3.0,0.0,0.0,0.0,0.0,0.0,3.0,0.0,0.0,0.0,0.0,0.0,2.0,0.0,1.0,0.0,2.0,2.0,1.0,2.0,27.0,2.0,2.0,8.0,10.0,10.0,6.0,30.0
CHEMBL3898076,IC50,0.2,32.0,3.0,5.0,2.0,3.0,0.0,3.0,0.0,45.0,3.0,5.0,3.0,0.0,0.0,0.0,0.0,1.0,3.0,3.0,3.0,3.0,3.0,48.0,5.0,7.0,4.0,3.0,0.0,3.0,0.0,0.0,54.0,4.0,4.0,3.0,6.0,0.0,6.0,2.0,0.0,0.0,0.0,57.0,5.0,5.0,5.0,6.0,0.0,6.0,0.0,0.0,0.0,0.0,0.0,0.0,59.0,2.0,5.0,5.0,3.0,0.0,3.0,0.0,0.0,0.0,0.0,0.0,2.0,0.0,0.0,0.0,0.0,53.0,4.0,10.0,4.0,3.0,0.0,3.0,0.0,0.0,0.0,0.0,0.0,43.0,7.0,12.0,1.0,6.0,0.0,6.0,0.0,0.0,0.0,0.0,0.0,30.0,10.0,12.0,2.0,12.0,0.0,12.0,0.0,0.0,0.0,0.0,0.0,0.0,0.0,21.0,8.0,10.0,0.0,15.0,0.0,15.0,0.0,0.0,0.0,0.0,0.0,0.0,0.0,2.0,0.0,0.0,0.0,4.0,1.0,0.0,0.0,0.0,2.0,0.0,1.0,1.0,2.0,1.0,0.0,1.0,0.0,0.0,1.0,1.0,2.0,0.0,2.0,0.0,0.0,3.0,1.0,1.0,12.0,2.0,6.0,0.0,0.0,0.0,1.0,0.0,0.0,0.0,1.0,4.0,0.0,0.0,0.0,0.0,0.0,0.0,0.0,0.0,1.0,3.0,2.0,0.0,0.0,2.0,1.0,0.0,0.0,0.0,0.0,0.0,0.0,0.0,0.0,0.0,0.0,1.0,0.0,1.0,1.0,1.0,0.0,0.0,1.0,0.0,0.0,1.0,0.0,0.0,0.0,0.0,1.0,0.0,0.0,2.0,1.0,0.0,0.0,1.0,0.0,0.0,0.0,2.0,1.0,3.0,2.0,1.0,0.0,0.0,1.0,0.0,0.0,4.0,0.0,0.0,3.0,0.0,2.0,3.0,2.0,3.0,0.0,3.0,3.0,2.0,0.0,1.0,0.0,2.0,0.0,0.0,1.0,21.0,1.0,2.0,10.0,13.0,13.0,13.0,26.0
CHEMBL4846293,IC50,983.0,121.0,72.0,47.0,2.0,0.0,0.0,0.0,0.0,139.0,93.0,52.0,1.0,0.0,0.0,0.0,6.0,32.0,0.0,0.0,0.0,0.0,0.0,158.0,63.0,75.0,1.0,0.0,0.0,0.0,28.0,35.0,147.0,111.0,119.0,1.0,0.0,0.0,0.0,14.0,0.0,0.0,7.0,163.0,125.0,98.0,1.0,0.0,0.0,0.0,7.0,36.0,0.0,0.0,0.0,38.0,204.0,82.0,121.0,2.0,0.0,0.0,0.0,34.0,43.0,0.0,0.0,0.0,10.0,0.0,0.0,0.0,0.0,209.0,124.0,160.0,3.0,0.0,0.0,0.0,6.0,24.0,0.0,0.0,12.0,225.0,137.0,127.0,3.0,0.0,0.0,0.0,11.0,43.0,0.0,0.0,44.0,255.0,92.0,141.0,4.0,0.0,0.0,0.0,33.0,48.0,0.0,0.0,13.0,0.0,0.0,243.0,134.0,171.0,3.0,0.0,0.0,0.0,6.0,26.0,0.0,0.0,13.0,0.0,0.0,32.0,7.0,25.0,26.0,36.0,23.0,21.0,20.0,19.0,12.0,4.0,3.0,9.0,11.0,28.0,25.0,26.0,24.0,9.0,12.0,0.0,35.0,5.0,2.0,0.0,0.0,0.0,0.0,12.0,116.0,35.0,84.0,32.0,27.0,3.0,0.0,26.0,25.0,25.0,35.0,58.0,30.0,26.0,23.0,0.0,3.0,0.0,17.0,17.0,33.0,4.0,28.0,21.0,23.0,4.0,11.0,13.0,13.0,1.0,0.0,0.0,0.0,0.0,17.0,34.0,10.0,51.0,2.0,18.0,10.0,90.0,3.0,3.0,85.0,53.0,49.0,53.0,54.0,28.0,28.0,6.0,13.0,0.0,0.0,68.0,31.0,28.0,25.0,28.0,0.0,28.0,6.0,10.0,0.0,0.0,40.0,32.0,28.0,28.0,10.0,28.0,7.0,47.0,4.0,27.0,0.0,6.0,10.0,25.0,3.0,0.0,7.0,0.0,0.0,35.0,5.0,26.0,26.0,0.0,0.0,0.0,1.0,33.0,1.0,0.0,121.0,172.0,172.0,139.0,131.0
CHEMBL4875003,IC50,95.16,117.0,62.0,40.0,2.0,0.0,0.0,0.0,0.0,137.0,81.0,44.0,1.0,0.0,0.0,0.0,6.0,27.0,0.0,0.0,0.0,0.0,0.0,152.0,58.0,65.0,1.0,0.0,0.0,0.0,24.0,29.0,139.0,99.0,106.0,1.0,0.0,0.0,0.0,10.0,0.0,0.0,5.0,152.0,112.0,83.0,1.0,0.0,0.0,0.0,6.0,33.0,0.0,0.0,0.0,33.0,187.0,76.0,104.0,2.0,0.0,0.0,0.0,29.0,38.0,0.0,0.0,0.0,9.0,0.0,0.0,0.0,0.0,193.0,112.0,142.0,3.0,0.0,0.0,0.0,6.0,17.0,0.0,0.0,9.0,207.0,124.0,113.0,3.0,0.0,0.0,0.0,10.0,40.0,0.0,0.0,36.0,233.0,86.0,125.0,4.0,0.0,0.0,0.0,28.0,41.0,0.0,0.0,13.0,0.0,0.0,225.0,122.0,154.0,3.0,0.0,0.0,0.0,6.0,20.0,0.0,0.0,10.0,0.0,0.0,29.0,6.0,23.0,24.0,31.0,22.0,20.0,20.0,19.0,11.0,4.0,2.0,6.0,10.0,25.0,23.0,23.0,23.0,8.0,10.0,0.0,30.0,4.0,2.0,1.0,0.0,0.0,0.0,10.0,102.0,30.0,75.0,27.0,23.0,3.0,0.0,24.0,23.0,23.0,30.0,54.0,27.0,23.0,23.0,0.0,3.0,0.0,16.0,16.0,30.0,4.0,27.0,19.0,22.0,4.0,11.0,12.0,13.0,1.0,0.0,0.0,0.0,0.0,16.0,32.0,10.0,46.0,0.0,16.0,8.0,78.0,0.0,0.0,71.0,46.0,46.0,46.0,46.0,23.0,23.0,5.0,10.0,0.0,0.0,58.0,25.0,23.0,23.0,23.0,0.0,23.0,5.0,8.0,0.0,0.0,35.0,27.0,24.0,24.0,7.0,24.0,5.0,40.0,4.0,23.0,0.0,5.0,9.0,24.0,3.0,0.0,5.0,0.0,0.0,30.0,4.0,23.0,22.0,0.0,0.0,0.0,1.0,37.0,1.0,0.0,104.0,152.0,152.0,122.0,123.0
CHEMBL3656281,IC50,6200.0,24.0,9.0,2.0,0.0,0.0,2.0,2.0,3.0,34.0,12.0,2.0,0.0,0.0,4.0,4.0,6.0,2.0,0.0,0.0,0.0,0.0,0.0,34.0,11.0,6.0,0.0,0.0,4.0,4.0,2.0,1.0,32.0,15.0,8.0,0.0,0.0,4.0,4.0,2.0,0.0,0.0,0.0,37.0,17.0,6.0,0.0,0.0,2.0,2.0,0.0,2.0,0.0,2.0,2.0,0.0,42.0,14.0,5.0,0.0,0.0,2.0,2.0,0.0,0.0,0.0,2.0,2.0,0.0,2.0,0.0,0.0,0.0,39.0,11.0,5.0,0.0,0.0,6.0,6.0,1.0,1.0,0.0,0.0,0.0,26.0,9.0,4.0,0.0,0.0,4.0,4.0,0.0,0.0,0.0,0.0,0.0,24.0,8.0,4.0,0.0,0.0,6.0,6.0,3.0,2.0,0.0,0.0,1.0,0.0,0.0,17.0,13.0,5.0,0.0,0.0,6.0,6.0,2.0,0.0,0.0,0.0,0.0,0.0,0.0,1.0,0.0,0.0,0.0,2.0,1.0,0.0,0.0,0.0,1.0,0.0,0.0,0.0,5.0,1.0,0.0,1.0,0.0,0.0,0.0,2.0,2.0,0.0,1.0,0.0,2.0,0.0,0.0,0.0,13.0,2.0,9.0,1.0,0.0,4.0,0.0,2.0,1.0,0.0,1.0,9.0,0.0,0.0,0.0,1.0,3.0,0.0,0.0,0.0,0.0,2.0,4.0,0.0,0.0,1.0,3.0,0.0,0.0,0.0,0.0,0.0,0.0,0.0,3.0,1.0,1.0,1.0,1.0,1.0,0.0,6.0,4.0,5.0,8.0,3.0,0.0,3.0,5.0,0.0,0.0,0.0,0.0,2.0,2.0,5.0,3.0,2.0,2.0,2.0,0.0,0.0,0.0,0.0,0.0,0.0,3.0,2.0,0.0,0.0,0.0,0.0,0.0,2.0,0.0,0.0,0.0,0.0,5.0,2.0,0.0,0.0,0.0,0.0,0.0,2.0,0.0,1.0,0.0,2.0,2.0,3.0,4.0,17.0,6.0,5.0,11.0,14.0,14.0,9.0,22.0
CHEMBL3656298,IC50,2000.0,24.0,7.0,4.0,0.0,0.0,2.0,2.0,0.0,30.0,11.0,4.0,0.0,0.0,4.0,4.0,1.0,2.0,0.0,0.0,0.0,0.0,0.0,33.0,10.0,8.0,0.0,0.0,4.0,4.0,0.0,1.0,32.0,11.0,9.0,0.0,0.0,4.0,4.0,2.0,0.0,0.0,0.0,38.0,9.0,9.0,0.0,0.0,2.0,2.0,0.0,0.0,0.0,2.0,2.0,0.0,38.0,6.0,7.0,0.0,0.0,2.0,2.0,0.0,0.0,0.0,2.0,2.0,2.0,2.0,0.0,0.0,0.0,32.0,3.0,7.0,0.0,0.0,6.0,6.0,1.0,1.0,0.0,0.0,0.0,24.0,5.0,8.0,0.0,0.0,4.0,4.0,0.0,0.0,0.0,0.0,0.0,20.0,5.0,6.0,0.0,0.0,6.0,6.0,1.0,2.0,0.0,0.0,1.0,0.0,0.0,17.0,4.0,5.0,0.0,0.0,6.0,6.0,0.0,0.0,0.0,0.0,0.0,0.0,0.0,1.0,0.0,0.0,0.0,5.0,1.0,0.0,0.0,0.0,3.0,1.0,1.0,1.0,3.0,1.0,0.0,1.0,0.0,0.0,1.0,1.0,3.0,0.0,1.0,0.0,2.0,0.0,0.0,1.0,14.0,3.0,9.0,1.0,0.0,0.0,0.0,2.0,1.0,0.0,2.0,5.0,0.0,0.0,0.0,0.0,0.0,0.0,0.0,0.0,1.0,2.0,2.0,0.0,0.0,1.0,1.0,0.0,0.0,0.0,0.0,0.0,0.0,0.0,1.0,1.0,1.0,2.0,1.0,2.0,1.0,7.0,4.0,5.0,9.0,3.0,0.0,4.0,5.0,0.0,0.0,0.0,1.0,2.0,2.0,6.0,4.0,2.0,2.0,3.0,0.0,0.0,0.0,1.0,0.0,0.0,3.0,2.0,0.0,0.0,1.0,0.0,0.0,4.0,0.0,0.0,0.0,0.0,3.0,4.0,0.0,0.0,0.0,0.0,0.0,3.0,0.0,1.0,0.0,2.0,2.0,0.0,0.0,12.0,2.0,5.0,11.0,13.0,13.0,11.0,20.0
CHEMBL3237887,IC50,770.0,28.0,7.0,4.0,0.0,0.0,1.0,1.0,0.0,39.0,10.0,4.0,0.0,0.0,2.0,2.0,1.0,2.0,0.0,0.0,0.0,0.0,0.0,37.0,13.0,8.0,0.0,0.0,2.0,2.0,0.0,1.0,34.0,11.0,8.0,0.0,0.0,2.0,2.0,2.0,0.0,0.0,0.0,36.0,9.0,10.0,0.0,0.0,1.0,1.0,0.0,0.0,0.0,1.0,1.0,0.0,37.0,11.0,7.0,0.0,0.0,1.0,1.0,0.0,0.0,0.0,1.0,1.0,2.0,1.0,0.0,0.0,0.0,43.0,1.0,6.0,0.0,0.0,3.0,3.0,1.0,1.0,0.0,0.0,0.0,33.0,4.0,10.0,0.0,0.0,3.0,3.0,0.0,0.0,0.0,0.0,0.0,32.0,4.0,5.0,0.0,0.0,3.0,3.0,1.0,2.0,0.0,0.0,1.0,0.0,0.0,26.0,5.0,6.0,0.0,0.0,3.0,3.0,0.0,0.0,0.0,0.0,0.0,0.0,0.0,1.0,0.0,0.0,0.0,7.0,2.0,0.0,0.0,0.0,3.0,0.0,1.0,1.0,3.0,1.0,0.0,1.0,0.0,0.0,1.0,2.0,3.0,0.0,1.0,0.0,1.0,0.0,0.0,1.0,17.0,3.0,13.0,1.0,0.0,5.0,0.0,2.0,1.0,0.0,2.0,15.0,0.0,0.0,0.0,2.0,11.0,7.0,4.0,2.0,1.0,1.0,14.0,0.0,0.0,0.0,14.0,0.0,0.0,9.0,6.0,7.0,3.0,7.0,8.0,4.0,2.0,5.0,2.0,3.0,1.0,6.0,3.0,2.0,7.0,2.0,0.0,3.0,2.0,0.0,0.0,0.0,1.0,1.0,1.0,6.0,4.0,2.0,2.0,3.0,0.0,0.0,0.0,1.0,0.0,0.0,3.0,2.0,0.0,0.0,1.0,0.0,0.0,4.0,0.0,0.0,0.0,0.0,3.0,5.0,1.0,0.0,0.0,0.0,0.0,3.0,0.0,1.0,0.0,2.0,1.0,0.0,0.0,12.0,2.0,5.0,11.0,17.0,17.0,9.0,21.0
CHEMBL4873721,IC50,5779.0,113.0,63.0,38.0,2.0,0.0,0.0,0.0,0.0,130.0,82.0,42.0,1.0,0.0,0.0,0.0,6.0,27.0,0.0,0.0,0.0,0.0,0.0,144.0,59.0,63.0,1.0,0.0,0.0,0.0,24.0,29.0,133.0,100.0,104.0,1.0,0.0,0.0,0.0,10.0,0.0,0.0,5.0,148.0,114.0,81.0,1.0,0.0,0.0,0.0,6.0,31.0,0.0,0.0,0.0,33.0,184.0,77.0,103.0,2.0,0.0,0.0,0.0,30.0,36.0,0.0,0.0,0.0,7.0,0.0,0.0,0.0,0.0,192.0,110.0,138.0,3.0,0.0,0.0,0.0,7.0,18.0,0.0,0.0,7.0,208.0,124.0,105.0,3.0,0.0,0.0,0.0,10.0,39.0,0.0,0.0,36.0,231.0,89.0,122.0,4.0,0.0,0.0,0.0,29.0,39.0,0.0,0.0,9.0,0.0,0.0,223.0,123.0,145.0,3.0,0.0,0.0,0.0,7.0,22.0,0.0,0.0,8.0,0.0,0.0,29.0,6.0,23.0,24.0,33.0,22.0,20.0,20.0,19.0,13.0,6.0,2.0,5.0,10.0,25.0,23.0,23.0,23.0,9.0,9.0,0.0,29.0,4.0,2.0,0.0,0.0,0.0,0.0,9.0,103.0,29.0,76.0,27.0,23.0,3.0,0.0,24.0,23.0,23.0,29.0,55.0,27.0,23.0,23.0,0.0,3.0,0.0,16.0,16.0,29.0,4.0,28.0,19.0,21.0,4.0,12.0,12.0,12.0,2.0,0.0,0.0,0.0,0.0,18.0,33.0,10.0,47.0,0.0,16.0,7.0,79.0,0.0,0.0,71.0,46.0,46.0,46.0,46.0,23.0,23.0,5.0,9.0,0.0,0.0,59.0,25.0,23.0,23.0,23.0,0.0,23.0,5.0,7.0,0.0,0.0,36.0,27.0,24.0,24.0,7.0,24.0,5.0,38.0,4.0,23.0,0.0,5.0,9.0,25.0,3.0,0.0,5.0,0.0,0.0,29.0,4.0,23.0,22.0,0.0,0.0,0.0,1.0,33.0,1.0,0.0,103.0,153.0,153.0,123.0,118.0
CHEMBL4866685,IC50,12.66,121.0,71.0,47.0,4.0,0.0,0.0,0.0,0.0,138.0,93.0,52.0,3.0,0.0,0.0,0.0,6.0,32.0,0.0,0.0,0.0,0.0,0.0,157.0,63.0,73.0,2.0,0.0,0.0,0.0,28.0,35.0,146.0,110.0,120.0,2.0,0.0,0.0,0.0,12.0,0.0,0.0,7.0,163.0,126.0,94.0,3.0,0.0,0.0,0.0,7.0,36.0,0.0,0.0,0.0,38.0,203.0,82.0,120.0,5.0,0.0,0.0,0.0,34.0,45.0,0.0,0.0,0.0,8.0,0.0,0.0,0.0,0.0,211.0,123.0,159.0,5.0,0.0,0.0,0.0,6.0,22.0,0.0,0.0,12.0,225.0,138.0,126.0,7.0,0.0,0.0,0.0,11.0,43.0,0.0,0.0,44.0,252.0,92.0,144.0,9.0,0.0,0.0,0.0,33.0,50.0,0.0,0.0,11.0,0.0,0.0,242.0,133.0,170.0,6.0,0.0,0.0,0.0,6.0,24.0,0.0,0.0,15.0,0.0,0.0,33.0,7.0,26.0,27.0,35.0,24.0,22.0,22.0,21.0,11.0,4.0,3.0,8.0,11.0,29.0,26.0,27.0,26.0,9.0,12.0,0.0,35.0,5.0,2.0,0.0,0.0,0.0,0.0,12.0,116.0,35.0,84.0,32.0,27.0,3.0,0.0,27.0,26.0,26.0,35.0,58.0,31.0,26.0,25.0,0.0,3.0,0.0,17.0,17.0,33.0,4.0,28.0,21.0,23.0,4.0,11.0,13.0,13.0,1.0,0.0,0.0,0.0,0.0,17.0,34.0,10.0,51.0,0.0,17.0,9.0,90.0,0.0,0.0,82.0,53.0,51.0,53.0,53.0,27.0,27.0,6.0,13.0,0.0,0.0,67.0,29.0,27.0,26.0,27.0,0.0,27.0,6.0,10.0,0.0,0.0,40.0,32.0,28.0,28.0,9.0,28.0,7.0,47.0,4.0,27.0,0.0,6.0,10.0,24.0,3.0,0.0,7.0,0.0,0.0,35.0,5.0,27.0,26.0,0.0,0.0,0.0,1.0,33.0,1.0,0.0,122.0,174.0,174.0,140.0,132.0
CHEMBL3616689,IC50,1.5,36.0,5.0,5.0,2.0,3.0,0.0,3.0,1.0,48.0,11.0,5.0,2.0,3.0,0.0,3.0,0.0,1.0,0.0,0.0,3.0,3.0,3.0,50.0,15.0,8.0,2.0,6.0,0.0,6.0,0.0,0.0,51.0,16.0,5.0,1.0,6.0,0.0,6.0,3.0,0.0,0.0,0.0,57.0,14.0,7.0,1.0,6.0,0.0,6.0,0.0,1.0,0.0,0.0,0.0,0.0,64.0,11.0,6.0,2.0,3.0,0.0,3.0,0.0,0.0,3.0,0.0,3.0,2.0,3.0,0.0,0.0,0.0,66.0,5.0,8.0,2.0,9.0,0.0,9.0,1.0,1.0,3.0,3.0,0.0,63.0,4.0,10.0,1.0,9.0,0.0,9.0,1.0,1.0,0.0,0.0,0.0,58.0,7.0,11.0,2.0,9.0,0.0,9.0,0.0,0.0,0.0,0.0,0.0,0.0,0.0,51.0,7.0,10.0,3.0,12.0,0.0,12.0,0.0,0.0,0.0,0.0,0.0,0.0,0.0,1.0,0.0,0.0,0.0,5.0,1.0,0.0,0.0,0.0,3.0,1.0,1.0,1.0,3.0,1.0,0.0,1.0,0.0,0.0,1.0,1.0,2.0,0.0,2.0,2.0,0.0,3.0,1.0,1.0,12.0,2.0,6.0,0.0,0.0,0.0,0.0,0.0,0.0,0.0,1.0,4.0,0.0,0.0,0.0,0.0,0.0,0.0,0.0,0.0,1.0,1.0,2.0,0.0,0.0,1.0,1.0,0.0,0.0,0.0,0.0,0.0,0.0,0.0,0.0,0.0,0.0,1.0,0.0,1.0,1.0,1.0,0.0,0.0,1.0,0.0,0.0,1.0,0.0,0.0,0.0,0.0,1.0,0.0,0.0,2.0,1.0,0.0,0.0,1.0,0.0,0.0,0.0,2.0,1.0,3.0,1.0,1.0,0.0,0.0,1.0,0.0,0.0,4.0,0.0,0.0,0.0,0.0,1.0,4.0,0.0,3.0,0.0,0.0,0.0,2.0,0.0,1.0,0.0,2.0,0.0,1.0,2.0,27.0,2.0,2.0,12.0,13.0,13.0,13.0,31.0
CHEMBL3616696,IC50,7.0,36.0,5.0,5.0,0.0,4.0,1.0,5.0,1.0,47.0,11.0,5.0,0.0,5.0,2.0,7.0,0.0,1.0,0.0,0.0,3.0,3.0,3.0,48.0,15.0,8.0,0.0,8.0,2.0,10.0,0.0,0.0,49.0,16.0,5.0,0.0,8.0,2.0,10.0,3.0,0.0,0.0,0.0,56.0,14.0,7.0,0.0,8.0,2.0,10.0,0.0,1.0,0.0,0.0,0.0,0.0,63.0,11.0,6.0,0.0,5.0,2.0,7.0,0.0,0.0,3.0,0.0,3.0,2.0,3.0,0.0,0.0,0.0,64.0,5.0,8.0,0.0,10.0,1.0,11.0,1.0,1.0,4.0,5.0,0.0,61.0,4.0,10.0,0.0,11.0,2.0,13.0,1.0,1.0,1.0,2.0,0.0,57.0,6.0,11.0,0.0,12.0,3.0,15.0,0.0,0.0,0.0,0.0,0.0,0.0,0.0,49.0,6.0,10.0,0.0,17.0,5.0,22.0,0.0,0.0,0.0,0.0,0.0,0.0,0.0,1.0,0.0,0.0,0.0,5.0,1.0,0.0,0.0,0.0,3.0,1.0,1.0,1.0,2.0,1.0,0.0,1.0,0.0,0.0,1.0,1.0,2.0,0.0,1.0,2.0,1.0,4.0,1.0,1.0,11.0,2.0,6.0,0.0,0.0,0.0,0.0,0.0,0.0,0.0,1.0,4.0,0.0,0.0,0.0,0.0,0.0,0.0,0.0,0.0,1.0,1.0,2.0,0.0,0.0,1.0,1.0,0.0,0.0,0.0,0.0,0.0,0.0,0.0,0.0,0.0,0.0,1.0,0.0,1.0,1.0,1.0,0.0,0.0,1.0,0.0,0.0,1.0,0.0,0.0,0.0,0.0,1.0,1.0,1.0,2.0,1.0,0.0,0.0,1.0,0.0,0.0,0.0,2.0,1.0,4.0,1.0,1.0,0.0,0.0,1.0,0.0,0.0,4.0,0.0,0.0,0.0,0.0,1.0,4.0,0.0,3.0,0.0,0.0,0.0,2.0,0.0,1.0,0.0,2.0,1.0,1.0,2.0,27.0,2.0,2.0,10.0,12.0,12.0,12.0,31.0
CHEMBL3617565,IC50,0.24,30.0,4.0,5.0,0.0,4.0,1.0,5.0,0.0,41.0,5.0,5.0,0.0,2.0,2.0,4.0,0.0,1.0,3.0,3.0,3.0,3.0,3.0,44.0,6.0,7.0,0.0,5.0,2.0,7.0,0.0,0.0,48.0,5.0,4.0,0.0,9.0,2.0,11.0,2.0,0.0,0.0,0.0,54.0,5.0,5.0,0.0,7.0,2.0,9.0,0.0,0.0,0.0,1.0,1.0,0.0,55.0,6.0,5.0,0.0,5.0,2.0,7.0,0.0,0.0,0.0,0.0,0.0,2.0,0.0,0.0,0.0,0.0,45.0,6.0,10.0,0.0,7.0,4.0,11.0,0.0,0.0,0.0,0.0,0.0,33.0,4.0,12.0,0.0,11.0,5.0,16.0,0.0,1.0,0.0,0.0,0.0,22.0,7.0,12.0,0.0,16.0,4.0,20.0,0.0,0.0,0.0,0.0,0.0,0.0,0.0,19.0,4.0,8.0,0.0,16.0,1.0,17.0,1.0,1.0,3.0,3.0,0.0,1.0,2.0,2.0,0.0,0.0,0.0,4.0,1.0,0.0,0.0,0.0,2.0,0.0,1.0,1.0,1.0,1.0,0.0,1.0,0.0,0.0,1.0,1.0,2.0,0.0,2.0,0.0,1.0,4.0,1.0,1.0,10.0,2.0,6.0,0.0,0.0,0.0,1.0,0.0,0.0,0.0,1.0,4.0,0.0,0.0,0.0,0.0,0.0,0.0,0.0,0.0,1.0,3.0,2.0,0.0,0.0,2.0,1.0,0.0,0.0,0.0,0.0,0.0,0.0,0.0,0.0,0.0,0.0,1.0,0.0,1.0,1.0,1.0,0.0,0.0,1.0,0.0,0.0,1.0,0.0,0.0,0.0,0.0,1.0,1.0,1.0,2.0,1.0,0.0,0.0,1.0,0.0,0.0,0.0,2.0,1.0,4.0,1.0,1.0,0.0,0.0,1.0,0.0,0.0,4.0,0.0,0.0,3.0,0.0,1.0,3.0,2.0,3.0,0.0,3.0,3.0,2.0,0.0,1.0,0.0,2.0,1.0,0.0,1.0,21.0,1.0,2.0,9.0,14.0,14.0,13.0,27.0
CHEMBL3656285,IC50,600.0,29.0,7.0,4.0,0.0,0.0,2.0,2.0,0.0,39.0,11.0,4.0,0.0,0.0,4.0,4.0,1.0,2.0,0.0,0.0,0.0,0.0,0.0,38.0,12.0,8.0,0.0,0.0,4.0,4.0,0.0,1.0,39.0,15.0,9.0,0.0,0.0,4.0,4.0,2.0,0.0,0.0,0.0,49.0,11.0,10.0,0.0,0.0,2.0,2.0,0.0,0.0,0.0,2.0,2.0,0.0,57.0,6.0,9.0,0.0,0.0,2.0,2.0,0.0,0.0,0.0,2.0,2.0,2.0,2.0,0.0,0.0,0.0,57.0,5.0,9.0,0.0,0.0,6.0,6.0,1.0,1.0,0.0,0.0,0.0,43.0,5.0,8.0,0.0,0.0,6.0,6.0,0.0,0.0,0.0,0.0,0.0,37.0,5.0,6.0,0.0,0.0,10.0,10.0,1.0,2.0,0.0,0.0,1.0,0.0,0.0,23.0,7.0,8.0,0.0,0.0,6.0,6.0,0.0,0.0,0.0,0.0,0.0,0.0,0.0,2.0,1.0,0.0,0.0,5.0,2.0,0.0,0.0,0.0,2.0,0.0,1.0,1.0,6.0,1.0,0.0,1.0,0.0,0.0,1.0,2.0,3.0,0.0,1.0,0.0,2.0,0.0,0.0,1.0,19.0,3.0,14.0,1.0,0.0,5.0,0.0,2.0,1.0,0.0,2.0,14.0,0.0,0.0,0.0,1.0,4.0,0.0,2.0,1.0,1.0,2.0,7.0,0.0,0.0,1.0,5.0,0.0,0.0,0.0,0.0,0.0,0.0,0.0,3.0,5.0,3.0,4.0,2.0,3.0,1.0,7.0,4.0,5.0,9.0,3.0,0.0,4.0,5.0,0.0,0.0,0.0,1.0,2.0,2.0,6.0,4.0,2.0,2.0,3.0,0.0,0.0,0.0,1.0,0.0,0.0,3.0,2.0,0.0,0.0,1.0,0.0,0.0,4.0,0.0,0.0,0.0,0.0,6.0,4.0,1.0,0.0,0.0,0.0,0.0,3.0,0.0,1.0,0.0,2.0,2.0,0.0,0.0,12.0,2.0,5.0,11.0,18.0,18.0,13.0,22.0
CHEMBL3656294,IC50,8300.0,21.0,7.0,6.0,0.0,3.0,0.0,3.0,0.0,28.0,10.0,6.0,0.0,0.0,0.0,0.0,1.0,2.0,3.0,3.0,3.0,3.0,3.0,30.0,8.0,10.0,0.0,3.0,0.0,3.0,0.0,1.0,23.0,9.0,9.0,0.0,6.0,0.0,6.0,2.0,0.0,0.0,0.0,25.0,7.0,8.0,0.0,6.0,0.0,6.0,0.0,0.0,0.0,0.0,0.0,0.0,27.0,5.0,7.0,0.0,3.0,0.0,3.0,0.0,1.0,0.0,0.0,0.0,2.0,0.0,0.0,0.0,0.0,22.0,5.0,8.0,0.0,3.0,0.0,3.0,0.0,1.0,0.0,0.0,1.0,18.0,2.0,9.0,0.0,3.0,0.0,3.0,1.0,1.0,3.0,3.0,0.0,18.0,4.0,6.0,0.0,3.0,0.0,3.0,0.0,0.0,3.0,3.0,0.0,3.0,3.0,13.0,4.0,6.0,0.0,9.0,0.0,9.0,1.0,2.0,0.0,0.0,1.0,0.0,0.0,0.0,0.0,0.0,0.0,4.0,0.0,0.0,0.0,0.0,2.0,0.0,1.0,1.0,2.0,1.0,0.0,1.0,0.0,0.0,1.0,2.0,3.0,0.0,2.0,0.0,0.0,3.0,1.0,1.0,12.0,3.0,6.0,1.0,0.0,0.0,0.0,2.0,1.0,0.0,2.0,2.0,0.0,0.0,0.0,0.0,0.0,0.0,0.0,0.0,1.0,2.0,0.0,0.0,0.0,0.0,0.0,0.0,0.0,0.0,0.0,0.0,0.0,0.0,0.0,0.0,0.0,1.0,0.0,1.0,1.0,7.0,4.0,5.0,9.0,3.0,0.0,4.0,5.0,0.0,0.0,0.0,1.0,0.0,0.0,6.0,4.0,2.0,2.0,3.0,0.0,0.0,0.0,2.0,1.0,3.0,3.0,2.0,0.0,0.0,1.0,0.0,0.0,5.0,0.0,0.0,3.0,0.0,2.0,2.0,0.0,3.0,0.0,3.0,3.0,3.0,0.0,1.0,0.0,2.0,0.0,0.0,0.0,12.0,2.0,5.0,13.0,10.0,10.0,11.0,20.0
CHEMBL84952,IC50,2200.0,22.0,4.0,0.0,0.0,0.0,0.0,1.0,0.0,28.0,6.0,0.0,0.0,0.0,0.0,2.0,1.0,0.0,0.0,0.0,0.0,0.0,0.0,24.0,10.0,0.0,0.0,0.0,0.0,2.0,0.0,0.0,21.0,12.0,0.0,0.0,0.0,0.0,1.0,0.0,0.0,0.0,0.0,26.0,8.0,0.0,0.0,0.0,0.0,1.0,0.0,0.0,0.0,0.0,0.0,0.0,30.0,2.0,0.0,0.0,0.0,0.0,0.0,0.0,0.0,0.0,0.0,2.0,0.0,0.0,0.0,0.0,0.0,28.0,0.0,0.0,0.0,0.0,0.0,2.0,0.0,0.0,0.0,0.0,0.0,20.0,0.0,0.0,0.0,0.0,0.0,2.0,0.0,0.0,0.0,0.0,0.0,9.0,0.0,0.0,0.0,0.0,0.0,4.0,0.0,0.0,0.0,0.0,0.0,0.0,0.0,2.0,0.0,0.0,0.0,0.0,0.0,4.0,0.0,0.0,0.0,0.0,0.0,0.0,0.0,0.0,0.0,0.0,0.0,0.0,0.0,0.0,0.0,0.0,0.0,0.0,0.0,0.0,0.0,0.0,0.0,0.0,0.0,0.0,0.0,0.0,0.0,0.0,1.0,0.0,0.0,0.0,0.0,0.0,0.0,0.0,0.0,0.0,0.0,0.0,0.0,0.0,0.0,0.0,0.0,0.0,0.0,0.0,0.0,0.0,0.0,0.0,0.0,0.0,0.0,0.0,0.0,0.0,0.0,0.0,0.0,0.0,0.0,0.0,0.0,0.0,0.0,0.0,0.0,0.0,0.0,0.0,0.0,0.0,0.0,0.0,0.0,0.0,0.0,0.0,0.0,0.0,0.0,0.0,0.0,0.0,0.0,0.0,0.0,0.0,0.0,0.0,0.0,0.0,0.0,0.0,0.0,0.0,0.0,0.0,0.0,0.0,0.0,0.0,0.0,0.0,0.0,0.0,0.0,0.0,0.0,0.0,0.0,0.0,0.0,0.0,0.0,0.0,0.0,0.0,0.0,0.0,0.0,0.0,0.0,1.0,2.0,23.0,2.0,0.0,4.0,2.0,2.0,0.0,22.0
CHEMBL3798231,IC50,31900.0,30.0,5.0,7.0,0.0,0.0,2.0,2.0,1.0,39.0,11.0,9.0,0.0,0.0,4.0,4.0,0.0,1.0,0.0,0.0,0.0,0.0,0.0,38.0,14.0,9.0,0.0,0.0,4.0,4.0,0.0,0.0,37.0,15.0,6.0,0.0,0.0,4.0,4.0,2.0,0.0,0.0,0.0,41.0,11.0,7.0,0.0,0.0,2.0,2.0,0.0,1.0,0.0,2.0,2.0,0.0,45.0,7.0,7.0,0.0,0.0,2.0,2.0,0.0,2.0,0.0,2.0,2.0,2.0,0.0,0.0,0.0,0.0,48.0,3.0,9.0,0.0,0.0,4.0,4.0,1.0,2.0,0.0,0.0,0.0,42.0,3.0,13.0,0.0,0.0,8.0,8.0,1.0,1.0,0.0,0.0,0.0,31.0,5.0,16.0,0.0,0.0,10.0,10.0,0.0,0.0,0.0,0.0,0.0,0.0,0.0,23.0,5.0,13.0,0.0,0.0,6.0,6.0,0.0,0.0,0.0,0.0,0.0,0.0,2.0,1.0,0.0,0.0,0.0,6.0,1.0,0.0,0.0,0.0,3.0,0.0,1.0,1.0,0.0,1.0,0.0,1.0,0.0,0.0,1.0,0.0,2.0,0.0,0.0,2.0,2.0,0.0,2.0,1.0,9.0,2.0,5.0,0.0,0.0,0.0,0.0,0.0,0.0,0.0,1.0,2.0,0.0,0.0,0.0,0.0,0.0,0.0,0.0,0.0,1.0,2.0,0.0,0.0,0.0,1.0,0.0,0.0,0.0,0.0,0.0,0.0,0.0,0.0,0.0,0.0,0.0,1.0,0.0,1.0,1.0,1.0,0.0,0.0,1.0,0.0,0.0,1.0,0.0,0.0,0.0,0.0,3.0,2.0,2.0,2.0,1.0,0.0,0.0,1.0,0.0,0.0,0.0,3.0,2.0,0.0,1.0,1.0,0.0,0.0,1.0,0.0,0.0,5.0,0.0,0.0,0.0,0.0,0.0,3.0,0.0,0.0,0.0,0.0,0.0,2.0,0.0,1.0,0.0,2.0,2.0,1.0,2.0,23.0,4.0,2.0,12.0,13.0,13.0,6.0,26.0
CHEMBL3656284,IC50,3400.0,28.0,9.0,2.0,0.0,1.0,0.0,1.0,3.0,38.0,15.0,2.0,0.0,2.0,0.0,2.0,4.0,2.0,0.0,0.0,0.0,0.0,0.0,38.0,13.0,6.0,0.0,2.0,0.0,2.0,2.0,1.0,38.0,17.0,9.0,0.0,2.0,0.0,2.0,0.0,0.0,0.0,0.0,48.0,15.0,7.0,0.0,1.0,0.0,1.0,0.0,2.0,1.0,0.0,1.0,0.0,55.0,12.0,7.0,0.0,1.0,0.0,1.0,0.0,2.0,1.0,0.0,1.0,0.0,1.0,0.0,0.0,0.0,55.0,13.0,5.0,0.0,3.0,0.0,3.0,1.0,1.0,0.0,0.0,0.0,42.0,11.0,4.0,0.0,3.0,0.0,3.0,0.0,0.0,0.0,0.0,0.0,36.0,9.0,4.0,0.0,5.0,0.0,5.0,1.0,2.0,0.0,0.0,1.0,0.0,0.0,22.0,10.0,6.0,0.0,3.0,0.0,3.0,2.0,0.0,0.0,0.0,0.0,0.0,0.0,2.0,1.0,0.0,0.0,4.0,2.0,0.0,0.0,0.0,1.0,0.0,1.0,0.0,6.0,1.0,0.0,1.0,0.0,0.0,0.0,2.0,2.0,0.0,1.0,0.0,0.0,1.0,0.0,0.0,17.0,2.0,12.0,1.0,0.0,5.0,0.0,2.0,1.0,0.0,1.0,13.0,0.0,0.0,0.0,1.0,4.0,0.0,2.0,1.0,0.0,2.0,7.0,0.0,0.0,1.0,5.0,0.0,0.0,0.0,0.0,0.0,0.0,0.0,3.0,5.0,3.0,3.0,2.0,2.0,0.0,6.0,4.0,5.0,8.0,3.0,0.0,3.0,5.0,0.0,0.0,0.0,0.0,0.0,0.0,6.0,4.0,2.0,2.0,3.0,0.0,0.0,0.0,0.0,0.0,1.0,3.0,2.0,0.0,0.0,0.0,0.0,0.0,2.0,0.0,0.0,0.0,0.0,6.0,3.0,1.0,0.0,0.0,0.0,0.0,2.0,0.0,1.0,0.0,2.0,0.0,3.0,4.0,17.0,6.0,5.0,11.0,18.0,18.0,12.0,23.0
CHEMBL3237897,IC50,170.0,29.0,7.0,4.0,0.0,0.0,2.0,2.0,0.0,40.0,10.0,4.0,0.0,0.0,4.0,4.0,1.0,2.0,0.0,0.0,0.0,0.0,0.0,39.0,12.0,8.0,0.0,0.0,4.0,4.0,0.0,1.0,34.0,11.0,8.0,0.0,0.0,4.0,4.0,2.0,0.0,0.0,0.0,34.0,9.0,9.0,0.0,0.0,2.0,2.0,0.0,0.0,0.0,2.0,2.0,0.0,37.0,11.0,7.0,0.0,0.0,2.0,2.0,0.0,0.0,0.0,2.0,2.0,2.0,2.0,0.0,0.0,0.0,43.0,4.0,8.0,0.0,0.0,6.0,6.0,0.0,0.0,0.0,0.0,0.0,36.0,1.0,8.0,0.0,0.0,6.0,6.0,1.0,1.0,0.0,0.0,0.0,33.0,4.0,5.0,0.0,0.0,4.0,4.0,0.0,0.0,0.0,0.0,0.0,0.0,0.0,30.0,4.0,5.0,0.0,0.0,6.0,6.0,1.0,2.0,0.0,0.0,1.0,0.0,0.0,1.0,0.0,0.0,0.0,8.0,2.0,0.0,0.0,0.0,4.0,0.0,1.0,1.0,3.0,1.0,0.0,1.0,0.0,0.0,1.0,2.0,3.0,0.0,1.0,0.0,2.0,0.0,0.0,1.0,18.0,3.0,14.0,1.0,0.0,5.0,0.0,2.0,1.0,0.0,2.0,15.0,0.0,0.0,0.0,2.0,11.0,7.0,4.0,2.0,1.0,2.0,14.0,0.0,0.0,0.0,14.0,0.0,0.0,9.0,6.0,7.0,3.0,7.0,8.0,4.0,2.0,5.0,2.0,3.0,1.0,7.0,4.0,5.0,9.0,3.0,0.0,4.0,5.0,0.0,0.0,0.0,1.0,2.0,2.0,6.0,4.0,2.0,2.0,3.0,0.0,0.0,0.0,1.0,0.0,0.0,3.0,2.0,0.0,0.0,1.0,0.0,0.0,4.0,0.0,0.0,0.0,0.0,3.0,6.0,1.0,0.0,0.0,0.0,0.0,3.0,0.0,1.0,0.0,2.0,2.0,0.0,0.0,12.0,2.0,5.0,11.0,18.0,18.0,10.0,21.0
CHEMBL3903921,IC50,0.4,32.0,3.0,3.0,2.0,0.0,2.0,2.0,0.0,43.0,3.0,3.0,3.0,0.0,4.0,4.0,0.0,1.0,0.0,0.0,0.0,0.0,0.0,45.0,5.0,5.0,4.0,0.0,4.0,4.0,0.0,0.0,50.0,4.0,3.0,3.0,0.0,4.0,4.0,2.0,0.0,0.0,0.0,56.0,4.0,4.0,4.0,0.0,3.0,3.0,0.0,0.0,0.0,1.0,1.0,0.0,60.0,2.0,3.0,5.0,0.0,4.0,4.0,0.0,0.0,0.0,0.0,0.0,2.0,0.0,0.0,0.0,0.0,53.0,4.0,6.0,4.0,0.0,8.0,8.0,0.0,0.0,0.0,0.0,0.0,39.0,7.0,7.0,2.0,0.0,10.0,10.0,0.0,0.0,0.0,0.0,0.0,25.0,10.0,7.0,1.0,0.0,9.0,9.0,0.0,0.0,0.0,0.0,0.0,0.0,0.0,17.0,9.0,7.0,0.0,0.0,6.0,6.0,0.0,0.0,0.0,0.0,0.0,0.0,0.0,2.0,0.0,0.0,0.0,5.0,1.0,0.0,0.0,0.0,3.0,1.0,1.0,1.0,1.0,1.0,0.0,1.0,0.0,0.0,1.0,0.0,2.0,0.0,2.0,0.0,2.0,0.0,0.0,1.0,11.0,2.0,7.0,0.0,0.0,0.0,1.0,0.0,0.0,0.0,1.0,5.0,0.0,0.0,0.0,0.0,0.0,0.0,0.0,0.0,1.0,3.0,3.0,0.0,0.0,2.0,2.0,0.0,0.0,1.0,0.0,0.0,0.0,0.0,0.0,0.0,0.0,1.0,0.0,1.0,1.0,1.0,0.0,0.0,1.0,0.0,0.0,1.0,0.0,0.0,0.0,0.0,1.0,2.0,2.0,2.0,1.0,0.0,0.0,1.0,0.0,0.0,0.0,1.0,0.0,0.0,2.0,1.0,0.0,0.0,1.0,0.0,0.0,3.0,0.0,0.0,0.0,0.0,1.0,4.0,2.0,0.0,0.0,0.0,0.0,2.0,0.0,1.0,0.0,2.0,2.0,0.0,1.0,21.0,1.0,2.0,8.0,13.0,13.0,12.0,25.0
