Molecule ChEMBL ID,Standard Type,Standard Value,APC2D1_C_C,APC2D1_C_N,APC2D1_C_O,APC2D1_C_S,APC2D1_C_F,APC2D1_C_X,APC2D2_C_C,APC2D2_C_N,APC2D2_C_O,APC2D2_C_S,APC2D2_C_F,APC2D2_C_Cl,APC2D2_C_X,APC2D2_N_N,APC2D2_N_O,APC2D2_F_F,APC2D2_F_X,APC2D2_X_X,APC2D3_C_C,APC2D3_C_N,APC2D3_C_O,APC2D3_C_S,APC2D3_C_F,APC2D3_C_Cl,APC2D3_C_X,APC2D3_N_N,APC2D3_N_O,APC2D4_C_C,APC2D4_C_N,APC2D4_C_O,APC2D4_C_S,APC2D4_C_F,APC2D4_C_X,APC2D4_N_N,APC2D4_N_O,APC2D4_N_F,APC2D4_N_X,APC2D5_C_C,APC2D5_C_N,APC2D5_C_O,APC2D5_C_S,APC2D5_C_F,APC2D5_C_X,APC2D5_N_N,APC2D5_N_O,APC2D5_N_F,APC2D5_N_X,APC2D5_O_O,APC2D6_C_C,APC2D6_C_N,APC2D6_C_O,APC2D6_C_S,APC2D6_C_F,APC2D6_C_X,APC2D6_N_N,APC2D6_N_O,APC2D6_O_O,APC2D7_C_C,APC2D7_C_N,APC2D7_C_O,APC2D7_C_S,APC2D7_C_F,APC2D7_C_Cl,APC2D7_C_X,APC2D7_N_N,APC2D7_N_O,APC2D7_N_F,APC2D7_N_X,APC2D8_C_C,APC2D8_C_N,APC2D8_C_O,APC2D8_C_S,APC2D8_C_F,APC2D8_C_X,APC2D8_N_N,APC2D8_N_O,APC2D8_N_F,APC2D8_N_X,APC2D8_O_O,APC2D9_C_C,APC2D9_C_N,APC2D9_C_O,APC2D9_C_S,APC2D9_C_F,APC2D9_C_X,APC2D9_N_N,APC2D9_N_O,APC2D10_C_C,APC2D10_C_N,APC2D10_C_O,APC2D10_C_F,APC2D10_C_X,APC2D10_N_N,APC2D10_N_O,APC2D10_N_F,APC2D10_N_X,KRFPC1,KRFPC297,KRFPC298,KRFPC341,KRFPC344,KRFPC444,KRFPC467,KRFPC605,KRFPC608,KRFPC647,KRFPC669,KRFPC677,KRFPC839,KRFPC1193,KRFPC2260,KRFPC2262,KRFPC2547,KRFPC2975,KRFPC3025,KRFPC3224,KRFPC3295,KRFPC3369,KRFPC3440,KRFPC3455,KRFPC3640,KRFPC3659,KRFPC3660,KRFPC3661,KRFPC3671,KRFPC3682,KRFPC3692,KRFPC3706,KRFPC3712,KRFPC3719,KRFPC3722,KRFPC3729,KRFPC3733,KRFPC3737,KRFPC3740,KRFPC3741,KRFPC3744,KRFPC3750,KRFPC3751,KRFPC3752,KRFPC3773,KRFPC3775,KRFPC3777,KRFPC3781,KRFPC3782,KRFPC3786,KRFPC3788,KRFPC3789,KRFPC3882,KRFPC3926,KRFPC3937,KRFPC3942,KRFPC3943,KRFPC3948,KRFPC3956,KRFPC4000,KRFPC4032,KRFPC4080,KRFPC4237,KRFPC4294,KRFPC4295,KRFPC4331,SubFPC1,SubFPC2,SubFPC9,SubFPC18,SubFPC23,SubFPC88,SubFPC137,SubFPC181,SubFPC184,SubFPC274,SubFPC275,SubFPC287,SubFPC295,SubFPC300,SubFPC301,SubFPC302,SubFPC307
CHEMBL86755,Activity,0.1,13.0,4.0,1.0,0.0,0.0,0.0,17.0,6.0,1.0,0.0,0.0,0.0,0.0,0.0,1.0,0.0,0.0,0.0,14.0,4.0,3.0,0.0,0.0,0.0,0.0,0.0,0.0,11.0,4.0,3.0,0.0,0.0,0.0,0.0,0.0,0.0,0.0,9.0,3.0,3.0,0.0,0.0,0.0,1.0,1.0,0.0,0.0,0.0,7.0,4.0,2.0,0.0,0.0,0.0,0.0,0.0,0.0,5.0,1.0,0.0,0.0,0.0,0.0,0.0,0.0,0.0,0.0,0.0,2.0,0.0,0.0,0.0,0.0,0.0,0.0,0.0,0.0,0.0,0.0,0.0,0.0,0.0,0.0,0.0,0.0,0.0,0.0,0.0,0.0,0.0,0.0,0.0,0.0,0.0,0.0,0.0,0.0,0.0,0.0,0.0,0.0,0.0,0.0,0.0,0.0,0.0,0.0,1.0,1.0,1.0,0.0,0.0,0.0,3.0,1.0,1.0,1.0,0.0,1.0,1.0,0.0,0.0,0.0,0.0,0.0,1.0,0.0,0.0,0.0,0.0,0.0,0.0,0.0,0.0,0.0,0.0,0.0,1.0,0.0,0.0,0.0,0.0,0.0,0.0,0.0,0.0,0.0,0.0,1.0,0.0,0.0,0.0,1.0,0.0,0.0,0.0,0.0,1.0,1.0,0.0,0.0,1.0,0.0,0.0,0.0,0.0,0.0,1.0,1.0,0.0,1.0,11.0,2.0,5.0,5.0,5.0,5.0,1.0,15.0
CHEMBL2180878,Activity,2.0,17.0,6.0,8.0,0.0,0.0,0.0,28.0,6.0,8.0,0.0,0.0,0.0,0.0,1.0,2.0,0.0,0.0,0.0,28.0,8.0,12.0,0.0,0.0,0.0,0.0,0.0,0.0,27.0,8.0,15.0,0.0,0.0,0.0,0.0,0.0,0.0,0.0,24.0,8.0,15.0,0.0,0.0,0.0,1.0,1.0,0.0,0.0,0.0,20.0,6.0,12.0,0.0,0.0,0.0,1.0,4.0,2.0,16.0,7.0,11.0,0.0,0.0,0.0,0.0,0.0,2.0,0.0,0.0,12.0,4.0,10.0,0.0,0.0,0.0,0.0,2.0,0.0,0.0,1.0,9.0,3.0,5.0,0.0,0.0,0.0,0.0,3.0,5.0,3.0,3.0,0.0,0.0,0.0,1.0,0.0,0.0,0.0,0.0,0.0,0.0,0.0,0.0,0.0,0.0,0.0,0.0,3.0,1.0,2.0,2.0,0.0,0.0,3.0,7.0,2.0,2.0,2.0,0.0,2.0,2.0,0.0,0.0,0.0,0.0,0.0,1.0,0.0,0.0,0.0,0.0,0.0,0.0,0.0,0.0,0.0,0.0,0.0,2.0,0.0,0.0,2.0,2.0,0.0,2.0,1.0,0.0,0.0,0.0,2.0,1.0,0.0,2.0,0.0,0.0,3.0,3.0,0.0,1.0,2.0,0.0,0.0,5.0,0.0,0.0,0.0,3.0,0.0,2.0,4.0,1.0,2.0,15.0,3.0,6.0,14.0,7.0,7.0,5.0,19.0
CHEMBL514582,Activity,17.0,22.0,3.0,2.0,1.0,0.0,0.0,30.0,5.0,4.0,2.0,0.0,0.0,0.0,0.0,4.0,0.0,0.0,0.0,29.0,10.0,8.0,2.0,0.0,0.0,0.0,0.0,0.0,25.0,9.0,8.0,1.0,0.0,0.0,1.0,1.0,0.0,0.0,25.0,8.0,6.0,1.0,0.0,0.0,0.0,0.0,0.0,0.0,0.0,22.0,9.0,7.0,2.0,0.0,0.0,0.0,0.0,0.0,16.0,10.0,10.0,2.0,0.0,0.0,0.0,0.0,0.0,0.0,0.0,11.0,7.0,8.0,3.0,0.0,0.0,1.0,2.0,0.0,0.0,0.0,6.0,8.0,10.0,2.0,0.0,0.0,0.0,0.0,3.0,4.0,6.0,0.0,0.0,3.0,6.0,0.0,0.0,0.0,0.0,0.0,0.0,0.0,0.0,0.0,0.0,0.0,0.0,0.0,0.0,0.0,2.0,0.0,0.0,0.0,2.0,2.0,0.0,0.0,0.0,0.0,0.0,0.0,0.0,0.0,0.0,0.0,0.0,0.0,0.0,0.0,0.0,0.0,0.0,0.0,0.0,0.0,0.0,0.0,0.0,0.0,0.0,0.0,0.0,0.0,0.0,0.0,0.0,0.0,0.0,2.0,0.0,0.0,0.0,0.0,0.0,0.0,0.0,0.0,4.0,2.0,0.0,0.0,4.0,0.0,0.0,0.0,0.0,0.0,2.0,4.0,0.0,0.0,18.0,0.0,8.0,6.0,4.0,4.0,3.0,21.0
CHEMBL383955,Activity,78.0,21.0,7.0,1.0,3.0,0.0,1.0,24.0,14.0,3.0,6.0,0.0,2.0,2.0,1.0,3.0,0.0,0.0,0.0,20.0,16.0,9.0,4.0,0.0,2.0,2.0,0.0,0.0,17.0,14.0,11.0,5.0,0.0,1.0,1.0,0.0,0.0,0.0,23.0,5.0,6.0,3.0,0.0,1.0,1.0,0.0,0.0,0.0,0.0,20.0,3.0,2.0,5.0,0.0,0.0,2.0,4.0,0.0,14.0,7.0,4.0,5.0,0.0,1.0,1.0,0.0,2.0,0.0,0.0,11.0,8.0,6.0,6.0,0.0,1.0,0.0,3.0,0.0,0.0,2.0,12.0,7.0,10.0,5.0,0.0,1.0,0.0,0.0,15.0,5.0,8.0,0.0,2.0,1.0,0.0,0.0,0.0,1.0,5.0,2.0,2.0,0.0,0.0,1.0,1.0,0.0,0.0,0.0,1.0,1.0,1.0,0.0,1.0,0.0,7.0,1.0,4.0,0.0,0.0,0.0,0.0,3.0,0.0,0.0,0.0,0.0,0.0,2.0,1.0,0.0,0.0,0.0,1.0,2.0,0.0,2.0,0.0,0.0,2.0,0.0,0.0,2.0,0.0,0.0,0.0,1.0,0.0,0.0,0.0,4.0,2.0,0.0,1.0,0.0,0.0,0.0,0.0,0.0,2.0,1.0,0.0,0.0,3.0,0.0,2.0,0.0,0.0,0.0,1.0,2.0,2.0,4.0,20.0,5.0,6.0,11.0,10.0,10.0,7.0,22.0
CHEMBL4854403,Activity,42.7,39.0,14.0,6.0,0.0,0.0,0.0,58.0,17.0,6.0,0.0,0.0,0.0,0.0,2.0,2.0,0.0,0.0,0.0,57.0,21.0,9.0,0.0,0.0,0.0,0.0,2.0,1.0,50.0,22.0,10.0,0.0,0.0,0.0,2.0,0.0,0.0,0.0,55.0,20.0,7.0,0.0,0.0,0.0,1.0,0.0,0.0,0.0,1.0,59.0,21.0,5.0,0.0,0.0,0.0,1.0,2.0,0.0,54.0,23.0,9.0,0.0,0.0,0.0,0.0,2.0,1.0,0.0,0.0,56.0,17.0,6.0,0.0,0.0,0.0,2.0,2.0,0.0,0.0,0.0,61.0,16.0,5.0,0.0,0.0,0.0,1.0,4.0,60.0,17.0,8.0,0.0,0.0,1.0,4.0,0.0,0.0,0.0,5.0,0.0,2.0,0.0,2.0,0.0,1.0,0.0,2.0,5.0,2.0,1.0,2.0,0.0,1.0,2.0,13.0,2.0,5.0,0.0,1.0,0.0,0.0,3.0,0.0,0.0,0.0,0.0,3.0,0.0,0.0,0.0,0.0,0.0,0.0,0.0,0.0,0.0,0.0,0.0,2.0,2.0,1.0,4.0,0.0,0.0,2.0,1.0,1.0,2.0,2.0,4.0,3.0,0.0,2.0,1.0,4.0,3.0,1.0,0.0,3.0,2.0,0.0,2.0,4.0,4.0,0.0,0.0,1.0,0.0,2.0,4.0,2.0,3.0,33.0,5.0,4.0,20.0,17.0,17.0,11.0,37.0
CHEMBL4753549,Activity,54.0,20.0,15.0,1.0,0.0,0.0,0.0,31.0,16.0,1.0,0.0,0.0,0.0,0.0,3.0,1.0,0.0,0.0,0.0,29.0,20.0,3.0,0.0,0.0,0.0,0.0,0.0,0.0,28.0,15.0,3.0,0.0,0.0,0.0,2.0,0.0,0.0,0.0,22.0,19.0,2.0,0.0,0.0,0.0,1.0,1.0,0.0,0.0,0.0,25.0,10.0,4.0,0.0,0.0,0.0,5.0,0.0,0.0,29.0,12.0,1.0,0.0,0.0,0.0,0.0,0.0,0.0,0.0,0.0,23.0,11.0,0.0,0.0,0.0,0.0,2.0,1.0,0.0,0.0,0.0,20.0,11.0,1.0,0.0,0.0,0.0,0.0,0.0,19.0,10.0,0.0,0.0,0.0,0.0,2.0,0.0,0.0,1.0,4.0,0.0,1.0,0.0,0.0,0.0,1.0,1.0,0.0,5.0,1.0,0.0,1.0,0.0,2.0,0.0,13.0,1.0,5.0,1.0,0.0,2.0,1.0,1.0,0.0,0.0,0.0,0.0,1.0,0.0,0.0,0.0,0.0,0.0,0.0,0.0,0.0,0.0,0.0,0.0,3.0,3.0,1.0,6.0,1.0,0.0,1.0,1.0,0.0,0.0,0.0,6.0,6.0,0.0,2.0,0.0,0.0,0.0,0.0,0.0,3.0,1.0,0.0,0.0,1.0,3.0,1.0,0.0,0.0,1.0,1.0,1.0,3.0,4.0,17.0,5.0,1.0,16.0,16.0,16.0,7.0,21.0
CHEMBL572878,Activity,0.5,17.0,16.0,1.0,2.0,0.0,0.0,22.0,17.0,1.0,2.0,0.0,0.0,0.0,4.0,1.0,0.0,0.0,0.0,20.0,18.0,3.0,4.0,0.0,0.0,0.0,2.0,0.0,20.0,13.0,2.0,2.0,0.0,0.0,4.0,0.0,0.0,0.0,22.0,17.0,2.0,3.0,0.0,0.0,2.0,0.0,0.0,0.0,0.0,20.0,19.0,1.0,4.0,0.0,0.0,2.0,0.0,0.0,24.0,9.0,0.0,2.0,0.0,0.0,0.0,6.0,0.0,0.0,0.0,19.0,19.0,1.0,4.0,0.0,0.0,0.0,0.0,0.0,0.0,0.0,22.0,12.0,0.0,0.0,0.0,0.0,3.0,2.0,15.0,16.0,2.0,0.0,0.0,1.0,0.0,0.0,0.0,1.0,5.0,0.0,2.0,0.0,0.0,0.0,2.0,2.0,0.0,2.0,2.0,1.0,1.0,0.0,2.0,0.0,10.0,1.0,6.0,1.0,2.0,0.0,1.0,3.0,0.0,0.0,0.0,2.0,0.0,1.0,0.0,0.0,0.0,0.0,0.0,1.0,0.0,2.0,0.0,0.0,5.0,2.0,1.0,6.0,0.0,0.0,0.0,2.0,0.0,0.0,0.0,6.0,4.0,0.0,0.0,1.0,0.0,0.0,0.0,0.0,4.0,1.0,2.0,0.0,1.0,1.0,1.0,0.0,0.0,1.0,1.0,0.0,3.0,4.0,17.0,6.0,0.0,19.0,18.0,18.0,8.0,22.0
CHEMBL609010,Activity,7.4,80.0,48.0,23.0,0.0,0.0,0.0,106.0,57.0,24.0,0.0,0.0,0.0,0.0,3.0,21.0,0.0,0.0,0.0,123.0,52.0,45.0,0.0,0.0,0.0,0.0,10.0,10.0,133.0,56.0,59.0,0.0,0.0,0.0,11.0,10.0,0.0,0.0,136.0,71.0,57.0,0.0,0.0,0.0,5.0,16.0,0.0,0.0,11.0,143.0,70.0,56.0,0.0,0.0,0.0,8.0,20.0,10.0,140.0,67.0,73.0,0.0,0.0,0.0,0.0,7.0,5.0,0.0,0.0,143.0,55.0,59.0,0.0,0.0,0.0,11.0,19.0,0.0,0.0,8.0,136.0,58.0,53.0,0.0,0.0,0.0,12.0,24.0,119.0,75.0,66.0,0.0,0.0,6.0,12.0,0.0,0.0,12.0,26.0,7.0,10.0,1.0,0.0,11.0,0.0,0.0,0.0,7.0,18.0,17.0,19.0,0.0,1.0,2.0,66.0,19.0,44.0,18.0,2.0,0.0,18.0,29.0,2.0,0.0,8.0,17.0,2.0,11.0,3.0,1.0,0.0,0.0,2.0,12.0,3.0,34.0,3.0,4.0,44.0,3.0,2.0,46.0,25.0,23.0,25.0,25.0,1.0,5.0,5.0,41.0,21.0,9.0,19.0,0.0,2.0,4.0,0.0,0.0,22.0,19.0,9.0,1.0,21.0,5.0,15.0,0.0,0.0,0.0,19.0,4.0,0.0,2.0,32.0,12.0,2.0,71.0,91.0,91.0,48.0,84.0
CHEMBL2180882,Activity,0.0,17.0,6.0,8.0,0.0,0.0,0.0,28.0,7.0,8.0,0.0,0.0,0.0,0.0,0.0,2.0,0.0,0.0,0.0,30.0,5.0,12.0,0.0,0.0,0.0,0.0,1.0,0.0,26.0,9.0,15.0,0.0,0.0,0.0,0.0,0.0,0.0,0.0,25.0,7.0,15.0,0.0,0.0,0.0,1.0,1.0,0.0,0.0,0.0,20.0,7.0,13.0,0.0,0.0,0.0,0.0,3.0,2.0,16.0,6.0,11.0,0.0,0.0,0.0,0.0,1.0,2.0,0.0,0.0,12.0,4.0,9.0,0.0,0.0,0.0,0.0,3.0,0.0,0.0,1.0,8.0,4.0,7.0,0.0,0.0,0.0,0.0,1.0,6.0,2.0,2.0,0.0,0.0,0.0,2.0,0.0,0.0,0.0,0.0,0.0,0.0,0.0,0.0,0.0,0.0,0.0,0.0,3.0,1.0,2.0,2.0,0.0,0.0,3.0,7.0,2.0,2.0,2.0,0.0,2.0,2.0,0.0,0.0,0.0,0.0,0.0,1.0,0.0,0.0,0.0,0.0,0.0,0.0,0.0,0.0,0.0,0.0,0.0,2.0,0.0,0.0,2.0,2.0,0.0,2.0,1.0,0.0,0.0,0.0,2.0,1.0,0.0,2.0,0.0,0.0,3.0,3.0,0.0,1.0,2.0,0.0,0.0,5.0,0.0,0.0,0.0,3.0,0.0,2.0,4.0,1.0,2.0,15.0,3.0,6.0,14.0,7.0,7.0,5.0,19.0
CHEMBL4475198,Activity,16.0,16.0,15.0,0.0,0.0,1.0,1.0,22.0,19.0,0.0,0.0,2.0,0.0,2.0,3.0,0.0,0.0,0.0,0.0,26.0,16.0,0.0,0.0,1.0,0.0,1.0,1.0,0.0,23.0,13.0,0.0,0.0,3.0,3.0,2.0,0.0,0.0,0.0,17.0,16.0,0.0,0.0,0.0,0.0,1.0,0.0,3.0,3.0,0.0,19.0,9.0,0.0,0.0,2.0,2.0,4.0,0.0,0.0,20.0,7.0,0.0,0.0,4.0,0.0,4.0,2.0,0.0,0.0,0.0,12.0,14.0,0.0,0.0,2.0,2.0,1.0,0.0,0.0,0.0,0.0,11.0,12.0,0.0,0.0,1.0,1.0,0.0,0.0,15.0,5.0,0.0,0.0,0.0,2.0,0.0,1.0,1.0,1.0,5.0,0.0,2.0,0.0,0.0,0.0,4.0,0.0,0.0,3.0,1.0,0.0,0.0,1.0,2.0,0.0,9.0,0.0,5.0,0.0,0.0,0.0,0.0,1.0,0.0,0.0,0.0,0.0,0.0,0.0,0.0,0.0,0.0,0.0,0.0,0.0,0.0,0.0,0.0,0.0,5.0,3.0,3.0,8.0,0.0,0.0,0.0,4.0,0.0,0.0,0.0,5.0,4.0,0.0,0.0,2.0,0.0,0.0,0.0,1.0,3.0,0.0,2.0,0.0,0.0,3.0,0.0,0.0,0.0,2.0,0.0,0.0,3.0,4.0,17.0,6.0,0.0,15.0,13.0,13.0,5.0,18.0
CHEMBL4782674,Activity,4.0,19.0,10.0,2.0,2.0,0.0,1.0,26.0,9.0,6.0,4.0,0.0,2.0,2.0,4.0,0.0,0.0,0.0,0.0,25.0,15.0,10.0,2.0,0.0,0.0,0.0,0.0,1.0,22.0,14.0,7.0,2.0,0.0,2.0,2.0,2.0,0.0,0.0,24.0,14.0,5.0,1.0,0.0,2.0,0.0,3.0,0.0,1.0,0.0,20.0,15.0,5.0,2.0,0.0,3.0,1.0,2.0,0.0,19.0,13.0,5.0,0.0,0.0,4.0,4.0,0.0,1.0,0.0,0.0,19.0,7.0,1.0,1.0,0.0,4.0,2.0,4.0,0.0,0.0,0.0,15.0,8.0,4.0,2.0,0.0,3.0,0.0,0.0,18.0,1.0,6.0,0.0,2.0,1.0,0.0,0.0,0.0,1.0,3.0,0.0,1.0,0.0,0.0,2.0,0.0,0.0,0.0,3.0,3.0,0.0,0.0,0.0,0.0,1.0,7.0,0.0,3.0,0.0,0.0,0.0,0.0,1.0,0.0,0.0,0.0,0.0,1.0,0.0,0.0,0.0,0.0,0.0,0.0,0.0,0.0,0.0,0.0,0.0,1.0,0.0,0.0,1.0,0.0,0.0,0.0,0.0,0.0,0.0,0.0,2.0,1.0,0.0,0.0,0.0,0.0,1.0,1.0,0.0,3.0,0.0,0.0,0.0,3.0,2.0,1.0,0.0,1.0,0.0,0.0,0.0,2.0,2.0,18.0,3.0,4.0,14.0,13.0,13.0,7.0,21.0
CHEMBL4776245,Activity,43.0,20.0,12.0,3.0,0.0,0.0,0.0,29.0,15.0,2.0,0.0,0.0,0.0,0.0,3.0,0.0,0.0,0.0,0.0,28.0,19.0,3.0,0.0,0.0,0.0,0.0,0.0,0.0,27.0,14.0,2.0,0.0,0.0,0.0,2.0,0.0,0.0,0.0,21.0,18.0,0.0,0.0,0.0,0.0,1.0,2.0,0.0,0.0,0.0,24.0,10.0,4.0,0.0,0.0,0.0,4.0,0.0,0.0,29.0,7.0,4.0,0.0,0.0,0.0,0.0,2.0,0.0,0.0,0.0,19.0,15.0,4.0,0.0,0.0,0.0,0.0,0.0,0.0,0.0,0.0,20.0,9.0,4.0,0.0,0.0,0.0,0.0,0.0,18.0,9.0,2.0,0.0,0.0,0.0,2.0,0.0,0.0,1.0,4.0,0.0,1.0,0.0,0.0,0.0,3.0,0.0,0.0,4.0,1.0,0.0,1.0,0.0,1.0,1.0,12.0,1.0,5.0,0.0,0.0,2.0,1.0,1.0,0.0,0.0,0.0,0.0,1.0,0.0,0.0,0.0,0.0,0.0,0.0,0.0,0.0,0.0,0.0,0.0,2.0,2.0,1.0,4.0,0.0,0.0,0.0,1.0,0.0,1.0,1.0,3.0,3.0,0.0,0.0,0.0,0.0,2.0,0.0,0.0,2.0,0.0,0.0,0.0,2.0,3.0,1.0,0.0,0.0,1.0,1.0,1.0,3.0,4.0,17.0,5.0,1.0,15.0,15.0,15.0,7.0,20.0
CHEMBL4795467,Activity,79.0,19.0,12.0,0.0,0.0,0.0,0.0,27.0,15.0,0.0,0.0,0.0,0.0,0.0,3.0,0.0,0.0,0.0,0.0,26.0,19.0,0.0,0.0,0.0,0.0,0.0,0.0,0.0,26.0,13.0,0.0,0.0,0.0,0.0,2.0,0.0,0.0,0.0,18.0,19.0,0.0,0.0,0.0,0.0,0.0,0.0,0.0,0.0,0.0,23.0,6.0,0.0,0.0,0.0,0.0,5.0,0.0,0.0,23.0,10.0,0.0,0.0,0.0,0.0,0.0,0.0,0.0,0.0,0.0,17.0,9.0,0.0,0.0,0.0,0.0,2.0,0.0,0.0,0.0,0.0,15.0,9.0,0.0,0.0,0.0,0.0,0.0,0.0,15.0,8.0,0.0,0.0,0.0,0.0,0.0,0.0,0.0,1.0,4.0,0.0,1.0,0.0,0.0,0.0,3.0,0.0,0.0,3.0,1.0,0.0,0.0,0.0,1.0,0.0,10.0,0.0,4.0,0.0,0.0,0.0,0.0,1.0,0.0,0.0,0.0,0.0,1.0,0.0,0.0,0.0,0.0,0.0,0.0,0.0,0.0,0.0,0.0,0.0,2.0,2.0,1.0,4.0,0.0,0.0,0.0,1.0,0.0,0.0,0.0,3.0,3.0,0.0,0.0,0.0,0.0,0.0,0.0,0.0,2.0,0.0,0.0,0.0,0.0,3.0,1.0,0.0,0.0,1.0,0.0,0.0,3.0,4.0,17.0,5.0,0.0,12.0,13.0,13.0,4.0,17.0
CHEMBL4060295,Activity,50.0,15.0,11.0,4.0,0.0,0.0,0.0,23.0,8.0,6.0,0.0,0.0,0.0,0.0,4.0,3.0,0.0,0.0,0.0,17.0,14.0,9.0,0.0,0.0,0.0,0.0,0.0,1.0,17.0,10.0,6.0,0.0,0.0,0.0,2.0,3.0,0.0,0.0,13.0,13.0,5.0,0.0,0.0,0.0,0.0,2.0,0.0,0.0,1.0,16.0,11.0,4.0,0.0,0.0,0.0,0.0,0.0,0.0,14.0,11.0,5.0,0.0,0.0,0.0,0.0,1.0,1.0,0.0,0.0,12.0,9.0,5.0,0.0,0.0,0.0,0.0,0.0,0.0,0.0,0.0,15.0,1.0,3.0,0.0,0.0,0.0,3.0,2.0,12.0,7.0,3.0,0.0,0.0,0.0,0.0,0.0,0.0,0.0,0.0,0.0,0.0,0.0,0.0,0.0,0.0,0.0,0.0,5.0,2.0,0.0,0.0,0.0,0.0,1.0,7.0,0.0,3.0,0.0,1.0,0.0,0.0,3.0,0.0,0.0,0.0,0.0,0.0,0.0,0.0,0.0,0.0,0.0,0.0,0.0,0.0,0.0,0.0,0.0,0.0,0.0,0.0,0.0,0.0,0.0,0.0,0.0,0.0,0.0,0.0,2.0,0.0,0.0,0.0,1.0,0.0,1.0,0.0,0.0,3.0,0.0,0.0,0.0,2.0,4.0,0.0,0.0,0.0,0.0,0.0,0.0,3.0,4.0,17.0,4.0,2.0,15.0,9.0,9.0,7.0,17.0
CHEMBL2403108,Activity,36.0,24.0,10.0,2.0,2.0,0.0,1.0,31.0,9.0,8.0,4.0,0.0,2.0,2.0,4.0,0.0,0.0,0.0,0.0,33.0,14.0,10.0,2.0,0.0,0.0,0.0,0.0,1.0,34.0,13.0,7.0,2.0,0.0,2.0,2.0,2.0,0.0,0.0,35.0,16.0,7.0,1.0,0.0,2.0,0.0,2.0,0.0,1.0,0.0,29.0,19.0,6.0,2.0,0.0,3.0,0.0,2.0,0.0,28.0,17.0,5.0,0.0,0.0,4.0,4.0,0.0,2.0,0.0,0.0,27.0,12.0,1.0,1.0,0.0,4.0,1.0,4.0,0.0,0.0,0.0,20.0,14.0,4.0,2.0,0.0,3.0,0.0,0.0,25.0,2.0,6.0,0.0,3.0,2.0,0.0,0.0,0.0,3.0,4.0,2.0,2.0,0.0,0.0,2.0,0.0,0.0,0.0,5.0,3.0,0.0,0.0,0.0,0.0,1.0,12.0,0.0,8.0,0.0,0.0,0.0,0.0,5.0,0.0,0.0,0.0,0.0,2.0,2.0,1.0,0.0,0.0,0.0,1.0,2.0,0.0,2.0,0.0,0.0,2.0,0.0,0.0,2.0,0.0,0.0,0.0,1.0,0.0,2.0,0.0,2.0,1.0,0.0,0.0,0.0,0.0,1.0,1.0,0.0,3.0,0.0,0.0,0.0,3.0,5.0,2.0,0.0,1.0,0.0,0.0,0.0,2.0,2.0,18.0,3.0,4.0,14.0,18.0,18.0,9.0,23.0
CHEMBL3236464,Activity,102.5,16.0,9.0,1.0,1.0,0.0,0.0,22.0,11.0,3.0,2.0,0.0,0.0,0.0,1.0,3.0,0.0,0.0,0.0,18.0,17.0,8.0,3.0,0.0,0.0,0.0,0.0,0.0,18.0,10.0,8.0,3.0,0.0,0.0,3.0,1.0,0.0,0.0,22.0,4.0,7.0,1.0,0.0,0.0,2.0,1.0,0.0,0.0,0.0,19.0,10.0,3.0,1.0,0.0,0.0,0.0,4.0,0.0,15.0,10.0,4.0,2.0,0.0,0.0,0.0,0.0,0.0,0.0,0.0,10.0,12.0,7.0,2.0,0.0,0.0,0.0,0.0,0.0,0.0,0.0,11.0,2.0,5.0,2.0,0.0,0.0,4.0,2.0,8.0,4.0,4.0,0.0,0.0,0.0,0.0,0.0,0.0,0.0,2.0,0.0,1.0,0.0,0.0,0.0,0.0,0.0,0.0,2.0,2.0,0.0,0.0,0.0,0.0,0.0,7.0,1.0,2.0,0.0,0.0,0.0,0.0,1.0,0.0,0.0,0.0,0.0,0.0,0.0,0.0,0.0,0.0,0.0,0.0,0.0,0.0,0.0,0.0,0.0,0.0,0.0,0.0,0.0,0.0,0.0,0.0,0.0,0.0,0.0,0.0,2.0,1.0,0.0,0.0,0.0,0.0,0.0,0.0,0.0,5.0,0.0,0.0,0.0,3.0,1.0,1.0,0.0,0.0,0.0,2.0,2.0,0.0,0.0,12.0,2.0,7.0,11.0,9.0,9.0,6.0,17.0
CHEMBL3358999,Activity,16.0,16.0,4.0,10.0,0.0,0.0,0.0,24.0,6.0,11.0,0.0,0.0,0.0,0.0,0.0,1.0,0.0,0.0,0.0,26.0,6.0,12.0,0.0,0.0,0.0,0.0,1.0,1.0,21.0,8.0,16.0,0.0,0.0,0.0,0.0,0.0,0.0,0.0,23.0,6.0,10.0,0.0,0.0,0.0,0.0,3.0,0.0,0.0,0.0,19.0,5.0,8.0,0.0,0.0,0.0,0.0,5.0,2.0,16.0,4.0,12.0,0.0,0.0,0.0,0.0,0.0,2.0,0.0,0.0,15.0,1.0,12.0,0.0,0.0,0.0,0.0,0.0,0.0,0.0,1.0,12.0,0.0,11.0,0.0,0.0,0.0,0.0,0.0,9.0,0.0,7.0,0.0,0.0,0.0,0.0,0.0,0.0,0.0,0.0,0.0,0.0,0.0,0.0,0.0,0.0,0.0,0.0,4.0,0.0,0.0,0.0,0.0,0.0,4.0,8.0,1.0,1.0,0.0,0.0,0.0,0.0,0.0,0.0,0.0,0.0,0.0,1.0,0.0,0.0,0.0,0.0,0.0,0.0,0.0,0.0,0.0,0.0,0.0,0.0,0.0,0.0,0.0,0.0,0.0,0.0,0.0,0.0,0.0,0.0,2.0,0.0,0.0,0.0,0.0,0.0,4.0,4.0,0.0,2.0,1.0,0.0,0.0,6.0,0.0,0.0,0.0,4.0,0.0,1.0,0.0,0.0,0.0,12.0,2.0,8.0,14.0,6.0,6.0,6.0,15.0
CHEMBL3290628,Activity,8.0,19.0,7.0,2.0,4.0,0.0,0.0,26.0,10.0,2.0,5.0,0.0,0.0,0.0,2.0,2.0,0.0,0.0,0.0,20.0,14.0,5.0,3.0,0.0,0.0,0.0,1.0,2.0,18.0,16.0,3.0,5.0,0.0,0.0,1.0,0.0,0.0,0.0,23.0,12.0,2.0,4.0,0.0,0.0,1.0,2.0,0.0,0.0,0.0,22.0,14.0,6.0,7.0,0.0,0.0,0.0,0.0,0.0,24.0,9.0,6.0,5.0,0.0,0.0,0.0,0.0,2.0,0.0,0.0,24.0,2.0,6.0,5.0,0.0,0.0,0.0,0.0,0.0,0.0,0.0,20.0,0.0,8.0,3.0,0.0,0.0,0.0,0.0,11.0,0.0,2.0,0.0,0.0,0.0,0.0,0.0,0.0,0.0,0.0,0.0,0.0,0.0,0.0,0.0,0.0,0.0,0.0,1.0,1.0,0.0,2.0,0.0,1.0,0.0,5.0,2.0,3.0,2.0,0.0,3.0,2.0,1.0,0.0,0.0,0.0,1.0,0.0,0.0,0.0,0.0,0.0,0.0,0.0,0.0,0.0,1.0,0.0,0.0,2.0,0.0,0.0,2.0,2.0,1.0,2.0,1.0,0.0,0.0,0.0,2.0,1.0,0.0,2.0,0.0,0.0,0.0,0.0,0.0,2.0,2.0,0.0,0.0,2.0,1.0,0.0,0.0,0.0,0.0,2.0,3.0,2.0,4.0,20.0,5.0,2.0,13.0,4.0,4.0,2.0,22.0
CHEMBL4126750,Activity,94.0,20.0,13.0,0.0,0.0,0.0,0.0,31.0,14.0,0.0,0.0,0.0,0.0,0.0,1.0,0.0,0.0,0.0,0.0,31.0,13.0,0.0,0.0,0.0,0.0,0.0,3.0,0.0,25.0,17.0,0.0,0.0,0.0,0.0,1.0,0.0,0.0,0.0,26.0,14.0,0.0,0.0,0.0,0.0,1.0,0.0,0.0,0.0,0.0,24.0,16.0,0.0,0.0,0.0,0.0,2.0,0.0,0.0,20.0,15.0,0.0,0.0,0.0,0.0,0.0,3.0,0.0,0.0,0.0,18.0,13.0,0.0,0.0,0.0,0.0,1.0,0.0,0.0,0.0,0.0,14.0,13.0,0.0,0.0,0.0,0.0,0.0,0.0,12.0,9.0,0.0,0.0,0.0,2.0,0.0,0.0,0.0,0.0,2.0,0.0,1.0,0.0,0.0,1.0,0.0,1.0,0.0,2.0,1.0,0.0,0.0,0.0,1.0,0.0,5.0,0.0,1.0,0.0,0.0,0.0,0.0,0.0,0.0,0.0,0.0,0.0,0.0,0.0,0.0,0.0,0.0,0.0,0.0,0.0,0.0,0.0,0.0,0.0,2.0,1.0,0.0,2.0,0.0,0.0,0.0,0.0,0.0,0.0,0.0,4.0,3.0,0.0,0.0,0.0,0.0,0.0,0.0,0.0,4.0,0.0,1.0,0.0,0.0,0.0,0.0,0.0,0.0,1.0,0.0,0.0,2.0,3.0,21.0,3.0,0.0,13.0,9.0,9.0,4.0,21.0
CHEMBL4082480,Activity,26.0,17.0,7.0,2.0,2.0,1.0,1.0,23.0,10.0,2.0,3.0,2.0,0.0,2.0,2.0,2.0,0.0,0.0,0.0,17.0,16.0,5.0,3.0,2.0,0.0,2.0,1.0,2.0,13.0,17.0,3.0,1.0,1.0,1.0,1.0,0.0,0.0,0.0,19.0,11.0,2.0,2.0,1.0,1.0,1.0,2.0,0.0,0.0,0.0,23.0,8.0,6.0,4.0,0.0,0.0,0.0,0.0,0.0,24.0,5.0,6.0,3.0,2.0,0.0,2.0,0.0,2.0,0.0,0.0,19.0,2.0,6.0,1.0,1.0,1.0,0.0,0.0,1.0,1.0,0.0,11.0,0.0,4.0,0.0,2.0,2.0,0.0,0.0,4.0,0.0,2.0,4.0,4.0,0.0,0.0,0.0,0.0,0.0,0.0,0.0,0.0,0.0,0.0,0.0,0.0,0.0,0.0,3.0,1.0,0.0,2.0,1.0,1.0,0.0,7.0,2.0,3.0,2.0,0.0,3.0,2.0,1.0,0.0,0.0,0.0,1.0,0.0,0.0,0.0,0.0,0.0,0.0,0.0,0.0,0.0,1.0,0.0,0.0,2.0,0.0,0.0,2.0,2.0,1.0,2.0,1.0,0.0,0.0,0.0,2.0,1.0,0.0,2.0,0.0,0.0,0.0,0.0,1.0,2.0,2.0,0.0,0.0,2.0,3.0,0.0,0.0,0.0,0.0,2.0,3.0,2.0,3.0,15.0,4.0,2.0,11.0,6.0,6.0,2.0,18.0
CHEMBL2206008,Activity,14.7,19.0,5.0,3.0,0.0,0.0,1.0,25.0,6.0,4.0,0.0,0.0,2.0,2.0,0.0,1.0,0.0,0.0,0.0,27.0,3.0,5.0,0.0,0.0,2.0,2.0,0.0,1.0,21.0,3.0,6.0,0.0,0.0,2.0,0.0,0.0,0.0,0.0,17.0,4.0,7.0,0.0,0.0,2.0,0.0,0.0,0.0,1.0,0.0,19.0,4.0,3.0,0.0,0.0,1.0,0.0,0.0,0.0,18.0,2.0,3.0,0.0,0.0,2.0,2.0,0.0,0.0,0.0,0.0,13.0,1.0,2.0,0.0,0.0,2.0,0.0,1.0,0.0,0.0,1.0,9.0,2.0,3.0,0.0,0.0,1.0,0.0,0.0,8.0,3.0,2.0,0.0,0.0,0.0,0.0,0.0,0.0,0.0,4.0,0.0,1.0,0.0,1.0,0.0,3.0,0.0,1.0,2.0,1.0,1.0,1.0,0.0,1.0,1.0,9.0,1.0,4.0,1.0,0.0,1.0,1.0,0.0,0.0,0.0,0.0,0.0,1.0,0.0,0.0,0.0,0.0,0.0,0.0,0.0,0.0,0.0,0.0,0.0,4.0,3.0,3.0,6.0,0.0,0.0,0.0,3.0,2.0,1.0,0.0,4.0,3.0,0.0,0.0,1.0,2.0,1.0,1.0,0.0,2.0,1.0,0.0,1.0,2.0,2.0,0.0,0.0,1.0,1.0,1.0,1.0,0.0,0.0,12.0,1.0,5.0,8.0,10.0,10.0,7.0,17.0
CHEMBL4078075,Activity,12.0,14.0,9.0,2.0,2.0,0.0,0.0,19.0,13.0,2.0,3.0,0.0,0.0,0.0,2.0,2.0,0.0,0.0,0.0,14.0,14.0,5.0,3.0,0.0,0.0,0.0,3.0,2.0,10.0,19.0,3.0,1.0,0.0,0.0,1.0,0.0,0.0,0.0,18.0,9.0,2.0,1.0,0.0,0.0,2.0,2.0,0.0,0.0,0.0,19.0,9.0,6.0,4.0,0.0,0.0,1.0,0.0,0.0,19.0,8.0,6.0,2.0,0.0,0.0,0.0,0.0,2.0,0.0,0.0,15.0,3.0,4.0,1.0,0.0,0.0,0.0,2.0,0.0,0.0,0.0,6.0,1.0,4.0,0.0,0.0,0.0,0.0,0.0,2.0,0.0,0.0,0.0,0.0,0.0,0.0,0.0,0.0,0.0,0.0,0.0,0.0,0.0,0.0,0.0,0.0,0.0,0.0,3.0,1.0,0.0,2.0,0.0,1.0,0.0,7.0,2.0,3.0,2.0,0.0,3.0,2.0,1.0,0.0,0.0,0.0,1.0,0.0,0.0,0.0,0.0,0.0,0.0,0.0,0.0,0.0,1.0,0.0,0.0,2.0,0.0,0.0,2.0,2.0,1.0,2.0,1.0,0.0,0.0,0.0,2.0,1.0,0.0,2.0,0.0,0.0,0.0,0.0,0.0,2.0,2.0,0.0,0.0,2.0,3.0,0.0,0.0,0.0,0.0,2.0,3.0,2.0,4.0,14.0,5.0,2.0,13.0,8.0,8.0,2.0,17.0
CHEMBL4075202,Activity,27.0,16.0,7.0,2.0,2.0,1.0,1.0,21.0,10.0,2.0,3.0,2.0,0.0,2.0,2.0,2.0,0.0,0.0,0.0,14.0,16.0,5.0,2.0,2.0,0.0,2.0,1.0,2.0,13.0,14.0,3.0,1.0,1.0,1.0,1.0,0.0,0.0,0.0,18.0,10.0,2.0,2.0,1.0,1.0,1.0,2.0,0.0,0.0,0.0,20.0,8.0,6.0,4.0,0.0,0.0,0.0,0.0,0.0,20.0,5.0,4.0,3.0,2.0,0.0,2.0,0.0,2.0,0.0,0.0,16.0,2.0,6.0,1.0,1.0,1.0,0.0,0.0,1.0,1.0,0.0,10.0,0.0,4.0,0.0,2.0,2.0,0.0,0.0,4.0,0.0,2.0,3.0,3.0,0.0,0.0,0.0,0.0,0.0,0.0,0.0,0.0,0.0,0.0,0.0,0.0,0.0,0.0,2.0,1.0,0.0,2.0,1.0,1.0,0.0,6.0,2.0,3.0,2.0,0.0,3.0,2.0,1.0,0.0,0.0,0.0,1.0,0.0,0.0,0.0,0.0,0.0,0.0,0.0,0.0,0.0,1.0,0.0,0.0,2.0,0.0,0.0,2.0,2.0,1.0,2.0,1.0,0.0,0.0,0.0,2.0,1.0,0.0,2.0,0.0,0.0,0.0,0.0,1.0,2.0,2.0,0.0,0.0,2.0,2.0,0.0,0.0,0.0,0.0,2.0,3.0,2.0,3.0,15.0,4.0,2.0,11.0,5.0,5.0,2.0,18.0
CHEMBL1945953,Activity,55.0,15.0,13.0,3.0,0.0,0.0,0.0,24.0,12.0,2.0,0.0,0.0,0.0,0.0,5.0,2.0,0.0,0.0,0.0,20.0,16.0,4.0,0.0,0.0,0.0,0.0,3.0,0.0,17.0,18.0,2.0,0.0,0.0,0.0,0.0,2.0,0.0,0.0,18.0,15.0,4.0,0.0,0.0,0.0,0.0,1.0,0.0,0.0,0.0,15.0,15.0,5.0,0.0,0.0,0.0,0.0,0.0,0.0,15.0,9.0,3.0,0.0,0.0,0.0,0.0,2.0,2.0,0.0,0.0,14.0,6.0,3.0,0.0,0.0,0.0,3.0,1.0,0.0,0.0,0.0,12.0,5.0,3.0,0.0,0.0,0.0,3.0,0.0,8.0,6.0,3.0,0.0,0.0,3.0,0.0,0.0,0.0,1.0,5.0,3.0,2.0,0.0,2.0,2.0,0.0,0.0,2.0,0.0,3.0,0.0,0.0,0.0,1.0,1.0,7.0,1.0,5.0,0.0,1.0,0.0,0.0,5.0,2.0,1.0,0.0,0.0,0.0,4.0,1.0,0.0,0.0,0.0,0.0,2.0,4.0,2.0,0.0,2.0,1.0,0.0,0.0,1.0,0.0,0.0,1.0,0.0,0.0,2.0,2.0,2.0,1.0,0.0,1.0,0.0,0.0,2.0,0.0,0.0,2.0,1.0,0.0,0.0,2.0,0.0,2.0,0.0,0.0,0.0,0.0,0.0,4.0,5.0,17.0,8.0,2.0,16.0,12.0,12.0,2.0,15.0
CHEMBL3798256,Activity,71.0,13.0,15.0,0.0,0.0,2.0,2.0,20.0,13.0,0.0,3.0,4.0,0.0,4.0,5.0,4.0,0.0,0.0,0.0,15.0,21.0,6.0,2.0,4.0,0.0,4.0,2.0,0.0,17.0,16.0,4.0,2.0,4.0,4.0,4.0,0.0,0.0,0.0,20.0,16.0,4.0,1.0,2.0,2.0,2.0,0.0,4.0,4.0,0.0,20.0,11.0,2.0,1.0,8.0,8.0,6.0,2.0,0.0,15.0,14.0,2.0,1.0,4.0,0.0,4.0,0.0,0.0,3.0,3.0,10.0,10.0,2.0,3.0,6.0,6.0,2.0,2.0,2.0,2.0,0.0,6.0,12.0,6.0,2.0,2.0,2.0,1.0,0.0,7.0,5.0,4.0,0.0,0.0,3.0,2.0,0.0,0.0,0.0,0.0,0.0,0.0,0.0,0.0,0.0,0.0,0.0,0.0,2.0,2.0,0.0,0.0,2.0,1.0,0.0,2.0,0.0,0.0,0.0,0.0,0.0,0.0,0.0,0.0,0.0,0.0,0.0,0.0,0.0,0.0,0.0,0.0,0.0,0.0,0.0,0.0,0.0,0.0,0.0,0.0,0.0,0.0,0.0,0.0,0.0,0.0,0.0,0.0,0.0,0.0,2.0,1.0,0.0,0.0,0.0,0.0,0.0,0.0,2.0,3.0,0.0,0.0,0.0,2.0,0.0,0.0,0.0,0.0,0.0,0.0,0.0,4.0,5.0,21.0,5.0,0.0,15.0,8.0,8.0,5.0,21.0
CHEMBL1830587,Activity,66.0,28.0,10.0,1.0,0.0,3.0,3.0,37.0,16.0,1.0,0.0,3.0,0.0,3.0,0.0,1.0,3.0,3.0,3.0,41.0,12.0,2.0,0.0,6.0,0.0,6.0,1.0,0.0,39.0,12.0,1.0,0.0,6.0,6.0,0.0,0.0,0.0,0.0,40.0,8.0,1.0,0.0,3.0,3.0,2.0,1.0,0.0,0.0,0.0,35.0,9.0,1.0,0.0,3.0,3.0,2.0,1.0,0.0,30.0,14.0,2.0,0.0,6.0,0.0,6.0,0.0,0.0,0.0,0.0,31.0,13.0,4.0,0.0,6.0,6.0,1.0,0.0,0.0,0.0,0.0,34.0,11.0,4.0,0.0,3.0,3.0,1.0,0.0,33.0,9.0,2.0,3.0,3.0,0.0,0.0,0.0,0.0,0.0,6.0,0.0,3.0,0.0,0.0,2.0,1.0,0.0,0.0,1.0,2.0,1.0,1.0,3.0,1.0,0.0,9.0,1.0,4.0,1.0,0.0,0.0,1.0,1.0,0.0,0.0,0.0,1.0,0.0,0.0,0.0,0.0,0.0,0.0,0.0,0.0,0.0,1.0,0.0,0.0,5.0,0.0,0.0,5.0,0.0,0.0,0.0,2.0,0.0,0.0,0.0,6.0,3.0,0.0,1.0,2.0,0.0,0.0,0.0,3.0,3.0,1.0,2.0,0.0,1.0,0.0,2.0,3.0,0.0,2.0,1.0,0.0,1.0,2.0,23.0,4.0,0.0,11.0,11.0,11.0,6.0,27.0
CHEMBL4529953,Activity,18.0,42.0,14.0,6.0,0.0,3.0,3.0,57.0,22.0,7.0,0.0,3.0,0.0,3.0,1.0,4.0,4.0,4.0,4.0,66.0,20.0,10.0,0.0,8.0,0.0,8.0,1.0,1.0,62.0,24.0,13.0,0.0,17.0,17.0,1.0,1.0,0.0,0.0,65.0,19.0,10.0,0.0,16.0,16.0,2.0,3.0,0.0,0.0,0.0,69.0,17.0,12.0,0.0,14.0,14.0,0.0,2.0,0.0,56.0,12.0,13.0,0.0,10.0,0.0,10.0,2.0,3.0,0.0,0.0,40.0,13.0,14.0,0.0,8.0,8.0,1.0,2.0,3.0,3.0,3.0,31.0,14.0,16.0,0.0,3.0,3.0,0.0,2.0,31.0,7.0,15.0,5.0,5.0,3.0,4.0,3.0,3.0,0.0,5.0,0.0,1.0,0.0,0.0,2.0,0.0,0.0,1.0,8.0,4.0,4.0,4.0,5.0,0.0,1.0,25.0,4.0,11.0,3.0,0.0,6.0,3.0,4.0,0.0,0.0,0.0,0.0,1.0,2.0,1.0,0.0,0.0,0.0,0.0,0.0,0.0,1.0,0.0,0.0,6.0,0.0,0.0,3.0,1.0,0.0,2.0,1.0,1.0,1.0,0.0,7.0,2.0,0.0,2.0,2.0,1.0,1.0,1.0,5.0,5.0,4.0,1.0,1.0,5.0,8.0,2.0,3.0,1.0,0.0,4.0,4.0,0.0,2.0,22.0,5.0,14.0,20.0,24.0,24.0,16.0,40.0
CHEMBL3125728,Activity,18.0,20.0,8.0,3.0,2.0,0.0,0.0,28.0,9.0,3.0,3.0,0.0,0.0,0.0,2.0,1.0,0.0,0.0,0.0,24.0,12.0,4.0,1.0,0.0,0.0,0.0,1.0,0.0,19.0,14.0,4.0,3.0,0.0,0.0,0.0,0.0,0.0,0.0,21.0,9.0,3.0,2.0,0.0,0.0,0.0,0.0,0.0,0.0,0.0,20.0,8.0,4.0,2.0,0.0,0.0,0.0,2.0,0.0,18.0,6.0,3.0,3.0,0.0,0.0,0.0,1.0,1.0,0.0,0.0,20.0,3.0,2.0,1.0,0.0,0.0,1.0,2.0,0.0,0.0,0.0,15.0,4.0,3.0,2.0,0.0,0.0,1.0,1.0,15.0,4.0,2.0,0.0,0.0,0.0,0.0,0.0,0.0,1.0,2.0,1.0,1.0,0.0,0.0,1.0,0.0,0.0,0.0,3.0,1.0,1.0,1.0,0.0,0.0,1.0,7.0,1.0,4.0,0.0,1.0,0.0,0.0,4.0,1.0,0.0,0.0,0.0,0.0,2.0,0.0,0.0,0.0,0.0,0.0,2.0,0.0,1.0,0.0,0.0,1.0,0.0,0.0,1.0,0.0,0.0,1.0,0.0,0.0,0.0,0.0,2.0,1.0,0.0,1.0,0.0,0.0,1.0,1.0,0.0,1.0,1.0,0.0,0.0,2.0,2.0,1.0,0.0,1.0,0.0,1.0,1.0,2.0,4.0,20.0,4.0,2.0,13.0,9.0,9.0,6.0,20.0
CHEMBL4747449,Activity,66.0,18.0,12.0,1.0,0.0,0.0,0.0,26.0,15.0,1.0,0.0,0.0,0.0,0.0,3.0,0.0,0.0,0.0,0.0,26.0,18.0,0.0,0.0,0.0,0.0,0.0,0.0,1.0,24.0,13.0,2.0,0.0,0.0,0.0,2.0,0.0,0.0,0.0,16.0,19.0,2.0,0.0,0.0,0.0,0.0,0.0,0.0,0.0,0.0,21.0,6.0,2.0,0.0,0.0,0.0,5.0,0.0,0.0,21.0,10.0,2.0,0.0,0.0,0.0,0.0,0.0,0.0,0.0,0.0,16.0,9.0,1.0,0.0,0.0,0.0,2.0,0.0,0.0,0.0,0.0,15.0,8.0,0.0,0.0,0.0,0.0,0.0,1.0,14.0,8.0,1.0,0.0,0.0,0.0,0.0,0.0,0.0,1.0,5.0,0.0,2.0,0.0,0.0,0.0,3.0,0.0,0.0,3.0,1.0,0.0,0.0,0.0,1.0,0.0,9.0,0.0,4.0,0.0,0.0,0.0,0.0,1.0,0.0,0.0,0.0,0.0,1.0,0.0,0.0,0.0,0.0,0.0,0.0,0.0,0.0,0.0,0.0,0.0,2.0,2.0,1.0,4.0,0.0,0.0,0.0,1.0,1.0,1.0,0.0,3.0,3.0,0.0,0.0,0.0,2.0,1.0,0.0,0.0,2.0,0.0,0.0,1.0,1.0,3.0,1.0,0.0,0.0,1.0,0.0,0.0,3.0,4.0,17.0,5.0,0.0,13.0,14.0,14.0,5.0,17.0
CHEMBL4061891,Activity,44.0,4.0,4.0,1.0,5.0,0.0,0.0,7.0,3.0,1.0,3.0,0.0,0.0,0.0,0.0,1.0,0.0,0.0,0.0,4.0,2.0,2.0,4.0,0.0,0.0,0.0,0.0,0.0,3.0,2.0,1.0,3.0,0.0,0.0,0.0,0.0,0.0,0.0,2.0,2.0,1.0,3.0,0.0,0.0,1.0,1.0,0.0,0.0,0.0,1.0,1.0,1.0,2.0,0.0,0.0,0.0,0.0,0.0,0.0,0.0,0.0,1.0,0.0,0.0,0.0,0.0,0.0,0.0,0.0,0.0,0.0,0.0,0.0,0.0,0.0,0.0,0.0,0.0,0.0,0.0,0.0,0.0,0.0,0.0,0.0,0.0,0.0,0.0,0.0,0.0,0.0,0.0,0.0,0.0,0.0,0.0,0.0,0.0,0.0,0.0,0.0,0.0,0.0,0.0,0.0,0.0,0.0,0.0,0.0,0.0,1.0,0.0,0.0,0.0,4.0,1.0,1.0,1.0,0.0,1.0,1.0,0.0,0.0,0.0,0.0,0.0,0.0,0.0,0.0,0.0,0.0,0.0,0.0,0.0,0.0,0.0,0.0,0.0,1.0,0.0,0.0,0.0,0.0,0.0,0.0,0.0,0.0,0.0,0.0,1.0,0.0,0.0,0.0,0.0,0.0,0.0,0.0,0.0,1.0,1.0,0.0,0.0,1.0,0.0,0.0,0.0,0.0,0.0,1.0,1.0,1.0,2.0,5.0,4.0,4.0,10.0,2.0,2.0,1.0,7.0
CHEMBL4076183,Activity,40.75,21.0,11.0,3.0,0.0,0.0,0.0,27.0,18.0,3.0,0.0,0.0,0.0,0.0,0.0,1.0,0.0,0.0,0.0,28.0,13.0,2.0,0.0,0.0,0.0,0.0,3.0,2.0,25.0,10.0,4.0,0.0,0.0,0.0,3.0,2.0,0.0,0.0,26.0,13.0,4.0,0.0,0.0,0.0,0.0,0.0,0.0,0.0,0.0,21.0,16.0,5.0,0.0,0.0,0.0,1.0,0.0,0.0,14.0,16.0,6.0,0.0,0.0,0.0,0.0,2.0,0.0,0.0,0.0,14.0,10.0,3.0,0.0,0.0,0.0,1.0,2.0,0.0,0.0,0.0,18.0,5.0,3.0,0.0,0.0,0.0,1.0,1.0,18.0,5.0,3.0,0.0,0.0,2.0,0.0,0.0,0.0,0.0,5.0,0.0,2.0,0.0,2.0,0.0,3.0,0.0,2.0,0.0,2.0,1.0,1.0,0.0,1.0,1.0,6.0,1.0,2.0,0.0,0.0,0.0,0.0,0.0,0.0,0.0,0.0,0.0,0.0,0.0,0.0,0.0,0.0,0.0,0.0,0.0,0.0,0.0,0.0,0.0,2.0,2.0,1.0,4.0,0.0,0.0,0.0,1.0,1.0,2.0,2.0,4.0,3.0,0.0,0.0,1.0,4.0,2.0,0.0,0.0,3.0,1.0,0.0,2.0,2.0,0.0,0.0,0.0,0.0,1.0,1.0,1.0,2.0,3.0,21.0,5.0,2.0,14.0,14.0,14.0,7.0,23.0
CHEMBL4247704,Activity,98.0,23.0,10.0,2.0,0.0,0.0,0.0,33.0,13.0,2.0,0.0,0.0,0.0,0.0,1.0,2.0,0.0,0.0,0.0,31.0,16.0,8.0,0.0,0.0,0.0,0.0,2.0,0.0,33.0,16.0,9.0,0.0,0.0,0.0,1.0,2.0,0.0,0.0,41.0,13.0,8.0,0.0,0.0,0.0,0.0,3.0,0.0,0.0,0.0,44.0,14.0,8.0,0.0,0.0,0.0,0.0,0.0,0.0,44.0,6.0,5.0,0.0,0.0,0.0,0.0,2.0,0.0,0.0,0.0,28.0,7.0,6.0,0.0,0.0,0.0,0.0,0.0,0.0,0.0,0.0,16.0,3.0,1.0,0.0,0.0,0.0,0.0,1.0,5.0,2.0,1.0,0.0,0.0,0.0,0.0,0.0,0.0,2.0,1.0,1.0,0.0,0.0,0.0,0.0,0.0,0.0,0.0,2.0,0.0,0.0,2.0,0.0,1.0,0.0,7.0,2.0,3.0,0.0,1.0,0.0,0.0,3.0,0.0,0.0,0.0,0.0,0.0,0.0,0.0,0.0,0.0,0.0,0.0,0.0,0.0,2.0,2.0,0.0,1.0,1.0,0.0,2.0,0.0,0.0,1.0,0.0,0.0,0.0,0.0,3.0,3.0,0.0,2.0,0.0,0.0,0.0,0.0,0.0,1.0,1.0,0.0,0.0,2.0,2.0,0.0,0.0,0.0,0.0,2.0,4.0,2.0,3.0,21.0,3.0,6.0,12.0,7.0,7.0,5.0,24.0
CHEMBL3326035,Activity,49.0,20.0,7.0,4.0,4.0,0.0,0.0,28.0,10.0,4.0,6.0,0.0,0.0,0.0,2.0,2.0,0.0,0.0,0.0,23.0,14.0,7.0,5.0,0.0,0.0,0.0,1.0,2.0,21.0,17.0,4.0,5.0,0.0,0.0,1.0,0.0,0.0,0.0,28.0,10.0,3.0,3.0,0.0,0.0,1.0,2.0,0.0,0.0,0.0,27.0,13.0,7.0,6.0,0.0,0.0,0.0,0.0,0.0,25.0,11.0,9.0,7.0,0.0,0.0,0.0,0.0,2.0,0.0,0.0,27.0,5.0,5.0,5.0,0.0,0.0,0.0,1.0,0.0,0.0,0.0,22.0,2.0,9.0,3.0,0.0,0.0,0.0,2.0,16.0,2.0,5.0,0.0,0.0,0.0,1.0,0.0,0.0,0.0,0.0,0.0,0.0,0.0,0.0,0.0,0.0,0.0,0.0,3.0,1.0,0.0,2.0,0.0,1.0,1.0,7.0,2.0,3.0,2.0,0.0,3.0,2.0,1.0,0.0,0.0,0.0,1.0,0.0,0.0,0.0,0.0,0.0,0.0,0.0,0.0,0.0,1.0,0.0,0.0,2.0,0.0,0.0,2.0,2.0,1.0,2.0,1.0,0.0,0.0,0.0,2.0,1.0,0.0,2.0,0.0,0.0,1.0,1.0,0.0,2.0,2.0,0.0,0.0,3.0,2.0,0.0,0.0,1.0,0.0,2.0,3.0,2.0,4.0,20.0,5.0,2.0,15.0,6.0,6.0,3.0,22.0
CHEMBL3326036,Activity,45.0,20.0,7.0,3.0,4.0,0.0,0.0,27.0,10.0,4.0,6.0,0.0,0.0,0.0,2.0,2.0,0.0,0.0,0.0,21.0,14.0,7.0,5.0,0.0,0.0,0.0,1.0,2.0,19.0,17.0,4.0,5.0,0.0,0.0,1.0,0.0,0.0,0.0,27.0,10.0,3.0,3.0,0.0,0.0,1.0,2.0,0.0,0.0,0.0,26.0,13.0,7.0,6.0,0.0,0.0,0.0,0.0,0.0,24.0,11.0,9.0,6.0,0.0,0.0,0.0,0.0,2.0,0.0,0.0,24.0,5.0,5.0,5.0,0.0,0.0,0.0,1.0,0.0,0.0,0.0,21.0,1.0,9.0,3.0,0.0,0.0,0.0,2.0,15.0,0.0,5.0,0.0,0.0,0.0,1.0,0.0,0.0,0.0,0.0,0.0,0.0,0.0,0.0,0.0,0.0,0.0,0.0,2.0,1.0,0.0,2.0,0.0,1.0,0.0,6.0,2.0,3.0,2.0,0.0,3.0,2.0,1.0,0.0,0.0,0.0,1.0,0.0,0.0,0.0,0.0,0.0,0.0,0.0,0.0,0.0,1.0,0.0,0.0,2.0,0.0,0.0,2.0,2.0,1.0,2.0,1.0,0.0,0.0,0.0,2.0,1.0,0.0,2.0,0.0,0.0,0.0,0.0,0.0,2.0,2.0,0.0,0.0,3.0,2.0,0.0,0.0,0.0,0.0,2.0,3.0,2.0,4.0,20.0,5.0,2.0,14.0,6.0,6.0,2.0,22.0
CHEMBL3945656,Activity,9.0,24.0,10.0,4.0,4.0,0.0,0.0,33.0,13.0,5.0,6.0,0.0,0.0,0.0,2.0,2.0,0.0,0.0,0.0,28.0,14.0,7.0,5.0,0.0,0.0,0.0,1.0,3.0,25.0,18.0,6.0,5.0,0.0,0.0,1.0,0.0,0.0,0.0,32.0,12.0,5.0,3.0,0.0,0.0,1.0,2.0,0.0,0.0,0.0,34.0,15.0,7.0,6.0,0.0,0.0,0.0,0.0,0.0,34.0,12.0,9.0,7.0,0.0,0.0,0.0,0.0,2.0,0.0,0.0,34.0,6.0,5.0,6.0,0.0,0.0,0.0,1.0,0.0,0.0,0.0,29.0,3.0,9.0,3.0,0.0,0.0,0.0,2.0,21.0,6.0,5.0,0.0,0.0,0.0,1.0,0.0,0.0,0.0,6.0,0.0,4.0,1.0,1.0,0.0,3.0,0.0,1.0,2.0,1.0,0.0,2.0,0.0,2.0,1.0,12.0,2.0,7.0,2.0,0.0,3.0,2.0,3.0,0.0,0.0,0.0,1.0,0.0,1.0,0.0,0.0,0.0,0.0,0.0,1.0,0.0,3.0,1.0,0.0,5.0,3.0,3.0,8.0,2.0,1.0,2.0,4.0,2.0,1.0,0.0,5.0,4.0,0.0,2.0,0.0,2.0,1.0,1.0,0.0,3.0,2.0,0.0,1.0,3.0,2.0,2.0,0.0,1.0,1.0,2.0,3.0,2.0,4.0,20.0,6.0,2.0,18.0,13.0,13.0,6.0,23.0
CHEMBL1946170,Activity,31.0,18.0,8.0,4.0,0.0,4.0,5.0,23.0,8.0,5.0,0.0,5.0,2.0,7.0,1.0,3.0,3.0,3.0,3.0,21.0,8.0,8.0,0.0,8.0,3.0,11.0,1.0,1.0,16.0,10.0,8.0,0.0,8.0,9.0,0.0,1.0,0.0,0.0,19.0,6.0,5.0,0.0,4.0,4.0,0.0,2.0,4.0,5.0,1.0,17.0,7.0,6.0,0.0,6.0,7.0,0.0,0.0,0.0,17.0,6.0,2.0,0.0,4.0,0.0,4.0,0.0,1.0,3.0,4.0,15.0,6.0,4.0,0.0,6.0,7.0,0.0,0.0,1.0,1.0,0.0,11.0,4.0,5.0,0.0,8.0,10.0,1.0,0.0,8.0,3.0,4.0,7.0,9.0,1.0,1.0,0.0,0.0,0.0,0.0,0.0,0.0,0.0,0.0,0.0,0.0,0.0,0.0,1.0,2.0,1.0,1.0,4.0,0.0,1.0,4.0,1.0,0.0,0.0,0.0,0.0,0.0,0.0,0.0,0.0,0.0,0.0,0.0,0.0,0.0,0.0,0.0,0.0,0.0,0.0,0.0,0.0,0.0,0.0,0.0,0.0,0.0,0.0,0.0,0.0,0.0,0.0,0.0,0.0,0.0,3.0,1.0,0.0,1.0,1.0,0.0,1.0,0.0,4.0,3.0,1.0,0.0,0.0,3.0,0.0,0.0,3.0,0.0,0.0,1.0,1.0,1.0,1.0,18.0,1.0,4.0,12.0,5.0,5.0,8.0,22.0
CHEMBL4064488,Activity,27.72,21.0,14.0,1.0,0.0,0.0,0.0,29.0,20.0,1.0,0.0,0.0,0.0,0.0,0.0,1.0,0.0,0.0,0.0,30.0,13.0,2.0,0.0,0.0,0.0,0.0,4.0,1.0,25.0,12.0,3.0,0.0,0.0,0.0,3.0,2.0,0.0,0.0,27.0,14.0,3.0,0.0,0.0,0.0,0.0,0.0,0.0,0.0,0.0,22.0,18.0,3.0,0.0,0.0,0.0,1.0,0.0,0.0,16.0,18.0,4.0,0.0,0.0,0.0,0.0,2.0,0.0,0.0,0.0,16.0,11.0,2.0,0.0,0.0,0.0,1.0,2.0,0.0,0.0,0.0,19.0,5.0,3.0,0.0,0.0,0.0,2.0,0.0,18.0,7.0,2.0,0.0,0.0,2.0,0.0,0.0,0.0,0.0,5.0,0.0,2.0,0.0,0.0,0.0,4.0,2.0,0.0,1.0,2.0,1.0,1.0,0.0,2.0,0.0,7.0,1.0,2.0,0.0,0.0,0.0,0.0,0.0,0.0,0.0,0.0,0.0,0.0,0.0,0.0,0.0,0.0,0.0,0.0,0.0,0.0,0.0,0.0,0.0,4.0,4.0,2.0,8.0,0.0,0.0,0.0,2.0,0.0,0.0,0.0,7.0,6.0,0.0,0.0,1.0,0.0,0.0,0.0,0.0,4.0,1.0,2.0,0.0,1.0,0.0,0.0,0.0,0.0,2.0,1.0,1.0,2.0,3.0,21.0,5.0,2.0,15.0,15.0,15.0,7.0,24.0
CHEMBL4789489,Activity,67.0,17.0,12.0,1.0,0.0,0.0,0.0,25.0,15.0,1.0,0.0,0.0,0.0,0.0,3.0,0.0,0.0,0.0,0.0,23.0,18.0,0.0,0.0,0.0,0.0,0.0,0.0,1.0,22.0,13.0,2.0,0.0,0.0,0.0,2.0,0.0,0.0,0.0,15.0,17.0,2.0,0.0,0.0,0.0,1.0,0.0,0.0,0.0,0.0,19.0,8.0,2.0,0.0,0.0,0.0,4.0,0.0,0.0,21.0,7.0,2.0,0.0,0.0,0.0,0.0,2.0,0.0,0.0,0.0,14.0,12.0,0.0,0.0,0.0,0.0,0.0,1.0,0.0,0.0,0.0,14.0,8.0,1.0,0.0,0.0,0.0,0.0,0.0,13.0,7.0,0.0,0.0,0.0,0.0,2.0,0.0,0.0,1.0,4.0,0.0,1.0,0.0,0.0,0.0,3.0,0.0,0.0,3.0,1.0,0.0,0.0,0.0,1.0,0.0,8.0,0.0,3.0,0.0,0.0,0.0,0.0,1.0,0.0,0.0,0.0,0.0,0.0,0.0,0.0,0.0,0.0,0.0,0.0,0.0,0.0,0.0,0.0,0.0,1.0,1.0,0.0,2.0,0.0,0.0,0.0,0.0,0.0,1.0,0.0,3.0,3.0,0.0,0.0,0.0,2.0,1.0,0.0,0.0,2.0,0.0,0.0,1.0,1.0,3.0,0.0,0.0,0.0,1.0,0.0,0.0,3.0,4.0,17.0,5.0,0.0,13.0,13.0,13.0,5.0,17.0
CHEMBL4744166,Activity,88.0,17.0,14.0,1.0,0.0,0.0,0.0,24.0,17.0,1.0,0.0,0.0,0.0,0.0,4.0,0.0,0.0,0.0,0.0,22.0,23.0,1.0,0.0,0.0,0.0,0.0,0.0,0.0,26.0,10.0,0.0,0.0,0.0,0.0,5.0,1.0,0.0,0.0,15.0,22.0,2.0,0.0,0.0,0.0,0.0,0.0,0.0,0.0,0.0,20.0,9.0,2.0,0.0,0.0,0.0,5.0,0.0,0.0,19.0,14.0,2.0,0.0,0.0,0.0,0.0,0.0,0.0,0.0,0.0,17.0,7.0,1.0,0.0,0.0,0.0,4.0,1.0,0.0,0.0,0.0,14.0,10.0,1.0,0.0,0.0,0.0,0.0,0.0,13.0,10.0,0.0,0.0,0.0,0.0,1.0,0.0,0.0,1.0,6.0,0.0,3.0,1.0,0.0,0.0,3.0,0.0,0.0,3.0,1.0,0.0,0.0,0.0,1.0,0.0,10.0,0.0,5.0,0.0,0.0,0.0,0.0,2.0,0.0,0.0,0.0,0.0,0.0,0.0,0.0,0.0,0.0,0.0,0.0,0.0,0.0,1.0,1.0,1.0,2.0,2.0,1.0,4.0,0.0,0.0,0.0,1.0,0.0,1.0,0.0,3.0,3.0,0.0,0.0,0.0,0.0,1.0,0.0,0.0,2.0,0.0,0.0,0.0,1.0,3.0,2.0,0.0,0.0,1.0,0.0,0.0,4.0,5.0,17.0,6.0,0.0,15.0,15.0,15.0,6.0,16.0
CHEMBL1783930,Activity,95.0,26.0,16.0,1.0,0.0,0.0,0.0,39.0,13.0,1.0,0.0,0.0,0.0,0.0,5.0,1.0,0.0,0.0,0.0,33.0,23.0,4.0,0.0,0.0,0.0,0.0,1.0,0.0,29.0,20.0,4.0,0.0,0.0,0.0,1.0,0.0,0.0,0.0,34.0,12.0,1.0,0.0,0.0,0.0,3.0,2.0,0.0,0.0,0.0,28.0,18.0,2.0,0.0,0.0,0.0,0.0,0.0,0.0,26.0,14.0,1.0,0.0,0.0,0.0,0.0,1.0,3.0,0.0,0.0,22.0,15.0,5.0,0.0,0.0,0.0,1.0,0.0,0.0,0.0,0.0,25.0,12.0,3.0,0.0,0.0,0.0,1.0,1.0,25.0,8.0,2.0,0.0,0.0,3.0,0.0,0.0,0.0,0.0,5.0,0.0,2.0,0.0,0.0,0.0,2.0,0.0,0.0,0.0,1.0,0.0,1.0,0.0,2.0,0.0,6.0,1.0,2.0,0.0,0.0,0.0,0.0,0.0,0.0,0.0,0.0,0.0,0.0,0.0,0.0,0.0,0.0,0.0,0.0,0.0,0.0,0.0,0.0,0.0,4.0,2.0,1.0,6.0,0.0,0.0,2.0,2.0,0.0,0.0,0.0,5.0,4.0,0.0,2.0,0.0,0.0,0.0,0.0,0.0,3.0,1.0,2.0,0.0,1.0,0.0,1.0,0.0,0.0,0.0,1.0,2.0,4.0,4.0,28.0,6.0,2.0,17.0,10.0,10.0,7.0,28.0
CHEMBL459977,Activity,29.0,11.0,13.0,1.0,0.0,0.0,0.0,19.0,11.0,1.0,0.0,0.0,0.0,0.0,3.0,1.0,0.0,0.0,0.0,16.0,17.0,3.0,0.0,0.0,0.0,0.0,1.0,0.0,19.0,9.0,2.0,0.0,0.0,0.0,4.0,1.0,0.0,0.0,18.0,10.0,1.0,0.0,0.0,0.0,1.0,1.0,0.0,0.0,0.0,14.0,12.0,3.0,0.0,0.0,0.0,0.0,0.0,0.0,12.0,7.0,1.0,0.0,0.0,0.0,0.0,3.0,1.0,0.0,0.0,6.0,8.0,3.0,0.0,0.0,0.0,0.0,0.0,0.0,0.0,0.0,4.0,3.0,1.0,0.0,0.0,0.0,1.0,2.0,1.0,5.0,0.0,0.0,0.0,0.0,0.0,0.0,0.0,2.0,4.0,2.0,1.0,0.0,0.0,0.0,1.0,0.0,0.0,2.0,0.0,0.0,1.0,0.0,2.0,0.0,10.0,1.0,7.0,1.0,1.0,0.0,1.0,6.0,2.0,1.0,2.0,1.0,0.0,4.0,1.0,0.0,0.0,0.0,1.0,5.0,0.0,5.0,3.0,0.0,5.0,3.0,3.0,8.0,2.0,2.0,2.0,3.0,0.0,0.0,0.0,5.0,4.0,1.0,2.0,0.0,0.0,0.0,0.0,0.0,3.0,1.0,1.0,0.0,1.0,1.0,2.0,0.0,0.0,0.0,1.0,0.0,2.0,3.0,9.0,4.0,0.0,14.0,13.0,13.0,4.0,12.0
CHEMBL4443805,Activity,2.3,21.0,20.0,5.0,0.0,0.0,0.0,32.0,19.0,6.0,0.0,0.0,0.0,0.0,5.0,2.0,0.0,0.0,0.0,32.0,24.0,8.0,0.0,0.0,0.0,0.0,2.0,1.0,32.0,20.0,5.0,0.0,0.0,0.0,3.0,4.0,0.0,0.0,32.0,20.0,6.0,0.0,0.0,0.0,4.0,1.0,0.0,0.0,0.0,29.0,22.0,6.0,0.0,0.0,0.0,4.0,1.0,1.0,27.0,22.0,6.0,0.0,0.0,0.0,0.0,5.0,1.0,0.0,0.0,29.0,20.0,3.0,0.0,0.0,0.0,4.0,2.0,0.0,0.0,0.0,32.0,19.0,4.0,0.0,0.0,0.0,3.0,1.0,29.0,20.0,4.0,0.0,0.0,1.0,5.0,0.0,0.0,1.0,8.0,2.0,4.0,0.0,2.0,0.0,2.0,0.0,2.0,1.0,2.0,0.0,1.0,0.0,2.0,2.0,13.0,1.0,7.0,1.0,0.0,1.0,1.0,3.0,0.0,0.0,0.0,0.0,0.0,2.0,1.0,0.0,0.0,0.0,1.0,2.0,0.0,2.0,2.0,2.0,5.0,3.0,3.0,8.0,2.0,0.0,2.0,4.0,1.0,4.0,2.0,6.0,4.0,0.0,2.0,2.0,2.0,3.0,0.0,0.0,4.0,1.0,0.0,2.0,3.0,0.0,2.0,0.0,1.0,1.0,1.0,0.0,4.0,5.0,21.0,8.0,1.0,25.0,20.0,20.0,8.0,24.0
CHEMBL4439094,Activity,97.0,13.0,11.0,2.0,0.0,0.0,1.0,18.0,13.0,2.0,0.0,0.0,2.0,2.0,3.0,2.0,0.0,0.0,0.0,19.0,13.0,5.0,0.0,0.0,2.0,2.0,1.0,2.0,17.0,9.0,9.0,0.0,0.0,2.0,1.0,1.0,0.0,2.0,16.0,6.0,6.0,0.0,0.0,3.0,2.0,1.0,0.0,0.0,1.0,11.0,9.0,4.0,0.0,0.0,3.0,0.0,1.0,0.0,10.0,6.0,1.0,0.0,0.0,3.0,3.0,2.0,1.0,0.0,0.0,9.0,6.0,1.0,0.0,0.0,0.0,0.0,1.0,0.0,1.0,0.0,5.0,4.0,2.0,0.0,0.0,0.0,1.0,0.0,2.0,2.0,0.0,0.0,0.0,0.0,1.0,0.0,0.0,0.0,6.0,0.0,4.0,3.0,0.0,0.0,0.0,0.0,0.0,0.0,1.0,1.0,1.0,0.0,0.0,0.0,12.0,2.0,10.0,1.0,0.0,2.0,2.0,8.0,0.0,0.0,4.0,1.0,0.0,7.0,6.0,1.0,0.0,0.0,4.0,4.0,0.0,4.0,0.0,0.0,6.0,0.0,0.0,6.0,2.0,0.0,2.0,4.0,0.0,0.0,0.0,4.0,2.0,2.0,1.0,0.0,0.0,0.0,0.0,0.0,3.0,1.0,1.0,0.0,2.0,0.0,6.0,0.0,0.0,0.0,1.0,1.0,2.0,2.0,6.0,4.0,6.0,13.0,10.0,10.0,1.0,11.0
CHEMBL4096193,Activity,90.0,21.0,9.0,4.0,4.0,0.0,0.0,28.0,14.0,4.0,6.0,0.0,0.0,0.0,2.0,4.0,0.0,0.0,0.0,21.0,19.0,8.0,3.0,0.0,0.0,0.0,1.0,2.0,15.0,25.0,8.0,4.0,0.0,0.0,1.0,0.0,0.0,0.0,26.0,15.0,4.0,3.0,0.0,0.0,2.0,3.0,0.0,0.0,0.0,28.0,11.0,7.0,8.0,0.0,0.0,3.0,2.0,0.0,30.0,9.0,7.0,8.0,0.0,0.0,0.0,3.0,3.0,0.0,0.0,26.0,10.0,7.0,4.0,0.0,0.0,1.0,0.0,0.0,0.0,0.0,17.0,14.0,8.0,2.0,0.0,0.0,0.0,2.0,14.0,12.0,3.0,0.0,0.0,0.0,2.0,0.0,0.0,0.0,0.0,0.0,0.0,0.0,0.0,0.0,0.0,0.0,0.0,2.0,1.0,0.0,2.0,0.0,1.0,0.0,6.0,2.0,3.0,2.0,0.0,3.0,2.0,1.0,0.0,0.0,0.0,1.0,0.0,0.0,0.0,0.0,0.0,0.0,0.0,0.0,0.0,1.0,0.0,0.0,2.0,0.0,0.0,2.0,2.0,1.0,2.0,1.0,0.0,0.0,0.0,2.0,1.0,0.0,2.0,0.0,0.0,0.0,0.0,0.0,2.0,2.0,0.0,0.0,2.0,2.0,0.0,0.0,0.0,0.0,2.0,3.0,4.0,7.0,25.0,8.0,2.0,17.0,5.0,5.0,2.0,24.0
CHEMBL282342,Activity,0.1,17.0,10.0,0.0,0.0,0.0,0.0,24.0,11.0,0.0,0.0,0.0,0.0,0.0,1.0,0.0,0.0,0.0,0.0,23.0,15.0,0.0,0.0,0.0,0.0,0.0,0.0,0.0,21.0,11.0,0.0,0.0,0.0,0.0,2.0,0.0,0.0,0.0,20.0,10.0,0.0,0.0,0.0,0.0,1.0,0.0,0.0,0.0,0.0,21.0,8.0,0.0,0.0,0.0,0.0,1.0,0.0,0.0,20.0,8.0,0.0,0.0,0.0,0.0,0.0,1.0,0.0,0.0,0.0,17.0,5.0,0.0,0.0,0.0,0.0,2.0,0.0,0.0,0.0,0.0,9.0,10.0,0.0,0.0,0.0,0.0,1.0,0.0,9.0,5.0,0.0,0.0,0.0,0.0,0.0,0.0,0.0,0.0,4.0,0.0,3.0,2.0,0.0,1.0,0.0,0.0,0.0,2.0,1.0,0.0,0.0,0.0,1.0,0.0,6.0,0.0,3.0,0.0,0.0,0.0,0.0,2.0,0.0,0.0,0.0,0.0,0.0,1.0,0.0,0.0,0.0,0.0,0.0,2.0,0.0,2.0,0.0,0.0,2.0,0.0,0.0,0.0,0.0,0.0,0.0,0.0,0.0,0.0,0.0,4.0,1.0,0.0,0.0,2.0,0.0,0.0,0.0,0.0,3.0,0.0,0.0,0.0,0.0,0.0,2.0,0.0,0.0,1.0,0.0,0.0,2.0,2.0,16.0,2.0,0.0,10.0,8.0,8.0,6.0,16.0
CHEMBL4875035,Activity,53.9,28.0,17.0,4.0,0.0,0.0,0.0,39.0,22.0,4.0,0.0,0.0,0.0,0.0,3.0,2.0,0.0,0.0,0.0,40.0,20.0,5.0,0.0,0.0,0.0,0.0,4.0,3.0,33.0,23.0,9.0,0.0,0.0,0.0,2.0,0.0,0.0,0.0,37.0,20.0,7.0,0.0,0.0,0.0,1.0,0.0,0.0,0.0,1.0,36.0,24.0,6.0,0.0,0.0,0.0,1.0,1.0,0.0,37.0,18.0,4.0,0.0,0.0,0.0,0.0,2.0,1.0,0.0,0.0,36.0,12.0,4.0,0.0,0.0,0.0,4.0,1.0,0.0,0.0,0.0,32.0,16.0,3.0,0.0,0.0,0.0,1.0,4.0,27.0,14.0,6.0,0.0,0.0,5.0,2.0,0.0,0.0,0.0,4.0,0.0,2.0,0.0,2.0,0.0,1.0,0.0,2.0,1.0,2.0,1.0,2.0,0.0,1.0,1.0,7.0,2.0,2.0,0.0,0.0,0.0,0.0,0.0,0.0,0.0,0.0,0.0,0.0,0.0,0.0,0.0,0.0,0.0,0.0,0.0,0.0,0.0,0.0,0.0,2.0,2.0,1.0,4.0,0.0,0.0,2.0,1.0,1.0,2.0,2.0,4.0,3.0,0.0,2.0,1.0,4.0,2.0,0.0,0.0,3.0,2.0,0.0,2.0,3.0,1.0,0.0,0.0,0.0,0.0,2.0,2.0,3.0,5.0,30.0,7.0,4.0,21.0,15.0,15.0,7.0,32.0
CHEMBL3629616,Activity,51.0,18.0,0.0,4.0,0.0,0.0,0.0,25.0,0.0,8.0,0.0,0.0,0.0,0.0,0.0,0.0,0.0,0.0,0.0,23.0,0.0,12.0,0.0,0.0,0.0,0.0,0.0,0.0,18.0,0.0,12.0,0.0,0.0,0.0,0.0,0.0,0.0,0.0,14.0,0.0,8.0,0.0,0.0,0.0,0.0,0.0,0.0,0.0,1.0,12.0,0.0,3.0,0.0,0.0,0.0,0.0,0.0,0.0,7.0,0.0,1.0,0.0,0.0,0.0,0.0,0.0,0.0,0.0,0.0,3.0,0.0,0.0,0.0,0.0,0.0,0.0,0.0,0.0,0.0,0.0,0.0,0.0,0.0,0.0,0.0,0.0,0.0,0.0,0.0,0.0,0.0,0.0,0.0,0.0,0.0,0.0,0.0,0.0,0.0,0.0,0.0,0.0,0.0,0.0,0.0,0.0,0.0,0.0,0.0,0.0,2.0,0.0,0.0,0.0,4.0,3.0,2.0,0.0,0.0,1.0,3.0,1.0,0.0,0.0,0.0,1.0,2.0,0.0,0.0,0.0,0.0,0.0,0.0,0.0,0.0,0.0,0.0,0.0,0.0,0.0,0.0,0.0,0.0,0.0,0.0,0.0,0.0,0.0,0.0,0.0,0.0,0.0,0.0,0.0,0.0,0.0,0.0,0.0,0.0,0.0,0.0,0.0,3.0,0.0,0.0,0.0,0.0,0.0,0.0,5.0,0.0,0.0,12.0,1.0,12.0,4.0,0.0,0.0,0.0,15.0
CHEMBL4104835,Activity,57.0,15.0,9.0,4.0,4.0,0.0,0.0,20.0,14.0,4.0,6.0,0.0,0.0,0.0,2.0,4.0,0.0,0.0,0.0,16.0,17.0,6.0,3.0,0.0,0.0,0.0,1.0,2.0,12.0,21.0,6.0,4.0,0.0,0.0,1.0,0.0,0.0,0.0,22.0,12.0,3.0,3.0,0.0,0.0,2.0,3.0,0.0,0.0,0.0,23.0,10.0,7.0,6.0,0.0,0.0,3.0,2.0,0.0,21.0,9.0,7.0,6.0,0.0,0.0,0.0,3.0,3.0,0.0,0.0,17.0,8.0,7.0,3.0,0.0,0.0,1.0,0.0,0.0,0.0,0.0,10.0,8.0,8.0,2.0,0.0,0.0,0.0,2.0,9.0,5.0,3.0,0.0,0.0,0.0,2.0,0.0,0.0,0.0,0.0,0.0,0.0,0.0,0.0,0.0,0.0,0.0,0.0,3.0,1.0,0.0,2.0,0.0,1.0,0.0,7.0,2.0,3.0,2.0,0.0,3.0,2.0,1.0,0.0,0.0,0.0,1.0,0.0,0.0,0.0,0.0,0.0,0.0,0.0,0.0,0.0,1.0,0.0,0.0,2.0,0.0,0.0,2.0,2.0,1.0,2.0,1.0,0.0,0.0,0.0,2.0,1.0,0.0,2.0,0.0,0.0,0.0,0.0,0.0,2.0,2.0,0.0,0.0,2.0,3.0,0.0,0.0,0.0,0.0,2.0,3.0,4.0,7.0,19.0,8.0,2.0,17.0,6.0,6.0,2.0,18.0
CHEMBL3601223,Activity,0.6,19.0,16.0,3.0,0.0,0.0,1.0,28.0,15.0,3.0,0.0,0.0,2.0,2.0,4.0,1.0,0.0,0.0,0.0,28.0,18.0,4.0,0.0,0.0,0.0,0.0,1.0,1.0,25.0,15.0,4.0,0.0,0.0,2.0,2.0,1.0,0.0,0.0,27.0,13.0,4.0,0.0,0.0,1.0,2.0,2.0,0.0,1.0,0.0,24.0,17.0,6.0,0.0,0.0,3.0,0.0,0.0,0.0,23.0,12.0,1.0,0.0,0.0,4.0,4.0,3.0,3.0,0.0,0.0,15.0,17.0,3.0,0.0,0.0,3.0,1.0,0.0,0.0,1.0,0.0,19.0,10.0,2.0,0.0,0.0,3.0,3.0,1.0,21.0,7.0,4.0,0.0,1.0,2.0,0.0,0.0,1.0,0.0,5.0,0.0,2.0,0.0,0.0,1.0,2.0,2.0,0.0,2.0,3.0,1.0,1.0,0.0,2.0,1.0,10.0,1.0,3.0,1.0,0.0,1.0,1.0,0.0,0.0,0.0,0.0,0.0,0.0,0.0,0.0,0.0,0.0,0.0,0.0,0.0,0.0,0.0,0.0,0.0,5.0,2.0,1.0,6.0,0.0,0.0,0.0,2.0,0.0,0.0,0.0,7.0,4.0,0.0,0.0,3.0,0.0,1.0,1.0,0.0,5.0,1.0,2.0,0.0,2.0,0.0,0.0,0.0,1.0,2.0,1.0,0.0,2.0,2.0,18.0,4.0,1.0,19.0,16.0,16.0,10.0,23.0
CHEMBL4470429,Activity,11.0,16.0,15.0,0.0,0.0,2.0,2.0,23.0,17.0,0.0,0.0,4.0,0.0,4.0,3.0,0.0,0.0,0.0,0.0,24.0,16.0,0.0,0.0,3.0,0.0,3.0,1.0,0.0,20.0,15.0,0.0,0.0,6.0,6.0,2.0,0.0,1.0,1.0,19.0,16.0,0.0,0.0,3.0,3.0,1.0,0.0,3.0,3.0,0.0,20.0,8.0,0.0,0.0,2.0,2.0,4.0,0.0,0.0,18.0,8.0,0.0,0.0,6.0,0.0,6.0,2.0,0.0,0.0,0.0,13.0,13.0,0.0,0.0,5.0,5.0,1.0,0.0,0.0,0.0,0.0,11.0,14.0,0.0,0.0,4.0,4.0,0.0,0.0,14.0,6.0,0.0,0.0,0.0,2.0,0.0,3.0,3.0,0.0,7.0,0.0,4.0,1.0,0.0,0.0,2.0,2.0,0.0,2.0,1.0,0.0,0.0,2.0,2.0,0.0,9.0,0.0,5.0,0.0,0.0,0.0,0.0,2.0,0.0,0.0,0.0,0.0,0.0,1.0,0.0,0.0,0.0,0.0,0.0,0.0,0.0,0.0,0.0,0.0,4.0,2.0,1.0,6.0,0.0,0.0,0.0,2.0,0.0,0.0,0.0,5.0,4.0,0.0,0.0,2.0,0.0,0.0,0.0,2.0,3.0,0.0,2.0,0.0,0.0,1.0,2.0,0.0,0.0,2.0,0.0,0.0,3.0,4.0,17.0,6.0,0.0,15.0,13.0,13.0,6.0,17.0
CHEMBL4461809,Activity,5.0,21.0,21.0,0.0,0.0,1.0,1.0,33.0,24.0,0.0,0.0,2.0,0.0,2.0,3.0,0.0,0.0,0.0,0.0,37.0,21.0,0.0,0.0,2.0,0.0,2.0,2.0,0.0,33.0,17.0,0.0,0.0,3.0,3.0,3.0,0.0,1.0,1.0,25.0,24.0,0.0,0.0,3.0,3.0,1.0,0.0,0.0,0.0,0.0,31.0,12.0,0.0,0.0,1.0,1.0,5.0,0.0,0.0,34.0,11.0,0.0,0.0,2.0,0.0,2.0,3.0,0.0,1.0,1.0,23.0,21.0,0.0,0.0,4.0,4.0,0.0,0.0,0.0,0.0,0.0,20.0,16.0,0.0,0.0,4.0,4.0,1.0,0.0,23.0,12.0,0.0,0.0,0.0,1.0,0.0,3.0,3.0,2.0,10.0,2.0,5.0,0.0,0.0,0.0,5.0,3.0,0.0,5.0,1.0,0.0,0.0,1.0,4.0,0.0,17.0,0.0,9.0,0.0,0.0,0.0,0.0,4.0,0.0,0.0,2.0,0.0,0.0,2.0,1.0,0.0,0.0,0.0,1.0,2.0,0.0,4.0,2.0,0.0,10.0,8.0,6.0,18.0,0.0,0.0,0.0,7.0,0.0,0.0,0.0,11.0,10.0,2.0,0.0,2.0,0.0,0.0,0.0,1.0,5.0,0.0,3.0,0.0,0.0,3.0,2.0,0.0,0.0,4.0,0.0,0.0,3.0,4.0,17.0,7.0,0.0,21.0,24.0,24.0,8.0,21.0
CHEMBL4091441,Activity,5.2,23.0,7.0,2.0,0.0,0.0,0.0,30.0,12.0,4.0,0.0,0.0,0.0,0.0,0.0,0.0,0.0,0.0,0.0,30.0,10.0,5.0,0.0,0.0,0.0,0.0,0.0,0.0,27.0,8.0,3.0,0.0,0.0,0.0,1.0,1.0,0.0,0.0,27.0,8.0,2.0,0.0,0.0,0.0,1.0,0.0,0.0,0.0,0.0,27.0,6.0,1.0,0.0,0.0,0.0,2.0,0.0,0.0,23.0,8.0,2.0,0.0,0.0,0.0,0.0,0.0,0.0,0.0,0.0,19.0,7.0,0.0,0.0,0.0,0.0,0.0,2.0,0.0,0.0,0.0,16.0,7.0,1.0,0.0,0.0,0.0,0.0,0.0,13.0,5.0,2.0,0.0,0.0,1.0,0.0,0.0,0.0,1.0,4.0,2.0,2.0,0.0,0.0,2.0,0.0,0.0,0.0,1.0,1.0,0.0,0.0,0.0,0.0,1.0,6.0,0.0,4.0,0.0,0.0,0.0,0.0,3.0,0.0,0.0,0.0,0.0,0.0,2.0,1.0,0.0,0.0,0.0,1.0,2.0,0.0,2.0,0.0,0.0,2.0,0.0,0.0,2.0,0.0,0.0,0.0,1.0,0.0,0.0,0.0,2.0,1.0,0.0,0.0,0.0,0.0,0.0,0.0,0.0,1.0,0.0,0.0,0.0,1.0,1.0,2.0,0.0,0.0,0.0,0.0,0.0,2.0,3.0,21.0,4.0,0.0,9.0,8.0,8.0,3.0,21.0
CHEMBL4593344,Activity,13.0,20.0,18.0,0.0,0.0,2.0,2.0,29.0,21.0,0.0,0.0,4.0,0.0,4.0,3.0,0.0,0.0,0.0,0.0,31.0,20.0,0.0,0.0,3.0,0.0,3.0,1.0,0.0,28.0,16.0,0.0,0.0,6.0,6.0,3.0,0.0,1.0,1.0,26.0,17.0,0.0,0.0,3.0,3.0,2.0,0.0,3.0,3.0,0.0,24.0,13.0,0.0,0.0,2.0,2.0,4.0,0.0,0.0,24.0,12.0,0.0,0.0,7.0,0.0,7.0,2.0,0.0,0.0,0.0,18.0,17.0,0.0,0.0,6.0,6.0,2.0,0.0,0.0,0.0,0.0,15.0,20.0,0.0,0.0,3.0,3.0,0.0,0.0,23.0,5.0,0.0,1.0,1.0,4.0,0.0,3.0,3.0,1.0,11.0,2.0,6.0,1.0,0.0,0.0,5.0,2.0,0.0,2.0,1.0,0.0,0.0,2.0,3.0,0.0,14.0,0.0,9.0,0.0,0.0,0.0,0.0,5.0,0.0,0.0,0.0,0.0,0.0,3.0,1.0,0.0,0.0,0.0,1.0,3.0,0.0,3.0,3.0,0.0,7.0,5.0,4.0,12.0,0.0,0.0,0.0,5.0,0.0,0.0,0.0,8.0,7.0,0.0,0.0,2.0,0.0,0.0,0.0,2.0,4.0,0.0,2.0,0.0,0.0,1.0,4.0,0.0,0.0,3.0,0.0,0.0,3.0,4.0,17.0,7.0,0.0,18.0,20.0,20.0,7.0,19.0
CHEMBL4458621,Activity,6.0,16.0,15.0,0.0,0.0,1.0,1.0,24.0,18.0,0.0,0.0,2.0,0.0,2.0,3.0,0.0,0.0,0.0,0.0,25.0,18.0,0.0,0.0,2.0,0.0,2.0,1.0,0.0,24.0,13.0,0.0,0.0,3.0,3.0,2.0,0.0,1.0,1.0,17.0,18.0,0.0,0.0,3.0,3.0,1.0,0.0,0.0,0.0,0.0,20.0,9.0,0.0,0.0,0.0,0.0,4.0,0.0,0.0,22.0,7.0,0.0,0.0,3.0,0.0,3.0,2.0,0.0,0.0,0.0,12.0,14.0,0.0,0.0,2.0,2.0,1.0,0.0,0.0,0.0,0.0,11.0,12.0,0.0,0.0,3.0,3.0,0.0,0.0,15.0,5.0,0.0,0.0,0.0,2.0,0.0,2.0,2.0,1.0,4.0,0.0,2.0,0.0,0.0,0.0,2.0,2.0,0.0,4.0,1.0,0.0,0.0,1.0,2.0,0.0,9.0,0.0,4.0,0.0,0.0,0.0,0.0,1.0,0.0,0.0,0.0,0.0,0.0,0.0,0.0,0.0,0.0,0.0,0.0,0.0,0.0,0.0,0.0,0.0,4.0,2.0,1.0,6.0,0.0,0.0,0.0,2.0,0.0,0.0,0.0,5.0,4.0,0.0,0.0,2.0,0.0,0.0,0.0,1.0,3.0,0.0,2.0,0.0,0.0,3.0,0.0,0.0,0.0,2.0,0.0,0.0,3.0,4.0,17.0,6.0,0.0,15.0,13.0,13.0,4.0,18.0
CHEMBL4867619,Activity,47.0,28.0,13.0,4.0,0.0,0.0,0.0,39.0,16.0,4.0,0.0,0.0,0.0,0.0,2.0,2.0,0.0,0.0,0.0,38.0,18.0,7.0,0.0,0.0,0.0,0.0,2.0,1.0,32.0,19.0,9.0,0.0,0.0,0.0,2.0,0.0,0.0,0.0,39.0,15.0,6.0,0.0,0.0,0.0,1.0,0.0,0.0,0.0,1.0,41.0,16.0,4.0,0.0,0.0,0.0,1.0,1.0,0.0,37.0,14.0,4.0,0.0,0.0,0.0,0.0,2.0,1.0,0.0,0.0,31.0,12.0,4.0,0.0,0.0,0.0,2.0,1.0,0.0,0.0,0.0,28.0,12.0,3.0,0.0,0.0,0.0,1.0,4.0,24.0,15.0,6.0,0.0,0.0,1.0,2.0,0.0,0.0,0.0,4.0,0.0,2.0,0.0,2.0,0.0,1.0,0.0,2.0,1.0,2.0,1.0,2.0,0.0,1.0,1.0,7.0,2.0,2.0,0.0,0.0,0.0,0.0,0.0,0.0,0.0,0.0,0.0,0.0,0.0,0.0,0.0,0.0,0.0,0.0,0.0,0.0,0.0,0.0,0.0,2.0,2.0,1.0,4.0,0.0,0.0,2.0,1.0,1.0,2.0,2.0,4.0,3.0,0.0,2.0,1.0,4.0,2.0,0.0,0.0,3.0,2.0,0.0,2.0,3.0,1.0,0.0,0.0,0.0,0.0,2.0,4.0,2.0,3.0,27.0,5.0,4.0,17.0,13.0,13.0,7.0,30.0
CHEMBL4592536,Activity,8.0,18.0,15.0,0.0,0.0,1.0,1.0,27.0,18.0,0.0,0.0,2.0,0.0,2.0,3.0,0.0,0.0,0.0,0.0,27.0,21.0,0.0,0.0,2.0,0.0,2.0,0.0,0.0,29.0,11.0,0.0,0.0,3.0,3.0,3.0,0.0,1.0,1.0,18.0,19.0,0.0,0.0,3.0,3.0,1.0,0.0,0.0,0.0,0.0,22.0,9.0,0.0,0.0,1.0,1.0,4.0,0.0,0.0,25.0,8.0,0.0,0.0,2.0,0.0,2.0,2.0,0.0,1.0,1.0,15.0,16.0,0.0,0.0,4.0,4.0,0.0,0.0,0.0,0.0,0.0,14.0,10.0,0.0,0.0,3.0,3.0,1.0,0.0,14.0,10.0,0.0,0.0,0.0,0.0,0.0,2.0,2.0,2.0,4.0,2.0,2.0,0.0,0.0,0.0,1.0,0.0,0.0,5.0,1.0,0.0,0.0,1.0,2.0,0.0,11.0,0.0,6.0,0.0,0.0,0.0,0.0,4.0,0.0,0.0,2.0,0.0,0.0,2.0,1.0,0.0,0.0,0.0,1.0,2.0,0.0,4.0,2.0,0.0,4.0,2.0,0.0,6.0,0.0,0.0,0.0,1.0,0.0,0.0,0.0,5.0,4.0,2.0,0.0,2.0,0.0,0.0,0.0,1.0,3.0,0.0,0.0,0.0,0.0,3.0,2.0,0.0,0.0,2.0,0.0,0.0,3.0,4.0,17.0,5.0,0.0,15.0,15.0,15.0,5.0,19.0
CHEMBL4532008,Activity,6.0,22.0,15.0,2.0,0.0,1.0,1.0,31.0,19.0,3.0,0.0,2.0,0.0,2.0,3.0,0.0,0.0,0.0,0.0,31.0,22.0,0.0,0.0,2.0,0.0,2.0,0.0,1.0,33.0,13.0,2.0,0.0,3.0,3.0,3.0,0.0,1.0,1.0,26.0,19.0,2.0,0.0,3.0,3.0,1.0,0.0,0.0,0.0,0.0,28.0,10.0,2.0,0.0,1.0,1.0,4.0,0.0,0.0,30.0,9.0,0.0,0.0,2.0,0.0,2.0,2.0,1.0,1.0,1.0,18.0,18.0,1.0,0.0,4.0,4.0,0.0,0.0,0.0,0.0,0.0,20.0,10.0,2.0,0.0,4.0,4.0,1.0,0.0,21.0,10.0,2.0,1.0,1.0,0.0,0.0,2.0,2.0,3.0,8.0,4.0,4.0,1.0,1.0,0.0,1.0,1.0,1.0,4.0,1.0,0.0,0.0,1.0,2.0,1.0,15.0,0.0,10.0,0.0,0.0,0.0,0.0,7.0,0.0,0.0,2.0,0.0,0.0,4.0,2.0,0.0,0.0,0.0,2.0,3.0,1.0,5.0,3.0,2.0,5.0,3.0,2.0,8.0,0.0,0.0,0.0,3.0,2.0,3.0,3.0,5.0,4.0,2.0,0.0,2.0,2.0,2.0,0.0,1.0,3.0,0.0,0.0,1.0,1.0,3.0,4.0,0.0,0.0,2.0,0.0,0.0,3.0,4.0,17.0,6.0,0.0,17.0,21.0,21.0,7.0,20.0
CHEMBL4172459,Activity,98.52,17.0,18.0,1.0,0.0,0.0,0.0,26.0,21.0,1.0,0.0,0.0,0.0,0.0,3.0,1.0,0.0,0.0,0.0,23.0,20.0,2.0,0.0,0.0,0.0,0.0,4.0,1.0,22.0,13.0,3.0,0.0,0.0,0.0,5.0,2.0,0.0,0.0,24.0,15.0,4.0,0.0,0.0,0.0,2.0,0.0,0.0,0.0,0.0,23.0,19.0,2.0,0.0,0.0,0.0,2.0,1.0,0.0,15.0,20.0,4.0,0.0,0.0,0.0,0.0,4.0,0.0,0.0,0.0,15.0,10.0,1.0,0.0,0.0,0.0,2.0,3.0,0.0,0.0,0.0,17.0,7.0,2.0,0.0,0.0,0.0,2.0,0.0,15.0,10.0,2.0,0.0,0.0,2.0,0.0,0.0,0.0,0.0,5.0,0.0,2.0,0.0,0.0,0.0,4.0,2.0,0.0,2.0,2.0,1.0,1.0,0.0,2.0,0.0,8.0,1.0,2.0,0.0,0.0,0.0,0.0,0.0,0.0,0.0,0.0,0.0,0.0,0.0,0.0,0.0,0.0,0.0,0.0,0.0,0.0,0.0,0.0,0.0,4.0,4.0,2.0,8.0,0.0,0.0,0.0,2.0,0.0,0.0,0.0,7.0,6.0,0.0,0.0,1.0,0.0,0.0,0.0,0.0,4.0,1.0,2.0,0.0,1.0,1.0,0.0,0.0,0.0,2.0,1.0,1.0,3.0,5.0,20.0,7.0,2.0,19.0,18.0,18.0,7.0,22.0
CHEMBL4754856,Activity,53.0,20.0,12.0,3.0,0.0,0.0,0.0,29.0,15.0,2.0,0.0,0.0,0.0,0.0,3.0,0.0,0.0,0.0,0.0,28.0,19.0,3.0,0.0,0.0,0.0,0.0,0.0,0.0,27.0,14.0,2.0,0.0,0.0,0.0,2.0,0.0,0.0,0.0,21.0,19.0,0.0,0.0,0.0,0.0,0.0,2.0,0.0,0.0,0.0,25.0,7.0,4.0,0.0,0.0,0.0,5.0,0.0,0.0,27.0,10.0,4.0,0.0,0.0,0.0,0.0,0.0,0.0,0.0,0.0,21.0,9.0,4.0,0.0,0.0,0.0,2.0,0.0,0.0,0.0,0.0,18.0,9.0,4.0,0.0,0.0,0.0,0.0,0.0,17.0,9.0,2.0,0.0,0.0,0.0,0.0,0.0,0.0,1.0,4.0,0.0,1.0,0.0,0.0,0.0,3.0,0.0,0.0,4.0,1.0,0.0,1.0,0.0,1.0,1.0,12.0,1.0,5.0,0.0,0.0,2.0,1.0,1.0,0.0,0.0,0.0,0.0,1.0,0.0,0.0,0.0,0.0,0.0,0.0,0.0,0.0,0.0,0.0,0.0,2.0,2.0,1.0,4.0,0.0,0.0,0.0,1.0,0.0,1.0,1.0,3.0,3.0,0.0,0.0,0.0,0.0,2.0,0.0,0.0,2.0,0.0,0.0,0.0,2.0,3.0,1.0,0.0,0.0,1.0,1.0,1.0,3.0,4.0,17.0,5.0,1.0,15.0,15.0,15.0,7.0,20.0
CHEMBL4745529,Activity,42.0,20.0,12.0,1.0,0.0,1.0,1.0,27.0,15.0,1.0,0.0,2.0,0.0,2.0,3.0,0.0,0.0,0.0,0.0,27.0,17.0,1.0,0.0,1.0,0.0,1.0,0.0,0.0,24.0,14.0,1.0,0.0,3.0,3.0,2.0,0.0,0.0,0.0,20.0,17.0,1.0,0.0,0.0,0.0,0.0,0.0,3.0,3.0,0.0,25.0,6.0,0.0,0.0,2.0,2.0,5.0,1.0,0.0,23.0,10.0,2.0,0.0,4.0,0.0,4.0,0.0,0.0,0.0,0.0,19.0,9.0,2.0,0.0,2.0,2.0,2.0,0.0,0.0,0.0,0.0,16.0,9.0,2.0,0.0,2.0,2.0,0.0,0.0,14.0,9.0,2.0,2.0,2.0,0.0,0.0,0.0,0.0,1.0,8.0,0.0,5.0,3.0,0.0,0.0,3.0,0.0,0.0,2.0,1.0,0.0,0.0,1.0,1.0,0.0,11.0,0.0,7.0,0.0,0.0,0.0,0.0,4.0,0.0,0.0,0.0,0.0,1.0,2.0,1.0,0.0,0.0,0.0,1.0,1.0,1.0,1.0,1.0,1.0,2.0,2.0,1.0,4.0,0.0,0.0,0.0,1.0,0.0,1.0,0.0,3.0,3.0,0.0,0.0,0.0,0.0,1.0,0.0,1.0,2.0,0.0,0.0,0.0,1.0,2.0,4.0,0.0,0.0,1.0,0.0,0.0,3.0,4.0,17.0,5.0,0.0,13.0,16.0,16.0,8.0,17.0
CHEMBL4760064,Activity,99.0,23.0,14.0,1.0,0.0,0.0,1.0,33.0,16.0,0.0,0.0,0.0,2.0,2.0,4.0,2.0,0.0,0.0,0.0,29.0,23.0,3.0,0.0,0.0,2.0,2.0,0.0,0.0,26.0,18.0,4.0,0.0,0.0,1.0,2.0,0.0,0.0,1.0,21.0,23.0,4.0,0.0,0.0,1.0,0.0,0.0,0.0,0.0,0.0,29.0,9.0,3.0,0.0,0.0,0.0,5.0,0.0,0.0,32.0,11.0,1.0,0.0,0.0,2.0,2.0,0.0,0.0,0.0,0.0,27.0,8.0,0.0,0.0,0.0,2.0,3.0,1.0,0.0,0.0,0.0,22.0,10.0,1.0,0.0,0.0,2.0,0.0,0.0,19.0,8.0,0.0,0.0,2.0,2.0,2.0,0.0,0.0,1.0,3.0,0.0,1.0,0.0,0.0,0.0,1.0,0.0,0.0,3.0,2.0,1.0,1.0,0.0,1.0,0.0,8.0,1.0,3.0,0.0,0.0,0.0,0.0,1.0,0.0,0.0,0.0,0.0,1.0,0.0,0.0,0.0,0.0,0.0,0.0,0.0,0.0,0.0,0.0,0.0,1.0,1.0,0.0,2.0,0.0,0.0,1.0,0.0,0.0,0.0,0.0,4.0,3.0,0.0,2.0,1.0,0.0,0.0,0.0,0.0,3.0,2.0,0.0,0.0,1.0,3.0,1.0,0.0,0.0,0.0,0.0,0.0,3.0,4.0,23.0,5.0,0.0,15.0,13.0,13.0,6.0,25.0
CHEMBL595546,Activity,0.35,36.0,18.0,10.0,0.0,0.0,0.0,54.0,23.0,11.0,0.0,0.0,0.0,0.0,0.0,8.0,0.0,0.0,0.0,66.0,24.0,20.0,0.0,0.0,0.0,0.0,1.0,2.0,76.0,22.0,22.0,0.0,0.0,0.0,5.0,4.0,0.0,0.0,77.0,23.0,25.0,0.0,0.0,0.0,3.0,4.0,0.0,0.0,2.0,71.0,27.0,24.0,0.0,0.0,0.0,0.0,6.0,4.0,61.0,21.0,24.0,0.0,0.0,0.0,0.0,0.0,1.0,0.0,0.0,50.0,11.0,20.0,0.0,0.0,0.0,2.0,4.0,0.0,0.0,1.0,42.0,6.0,14.0,0.0,0.0,0.0,4.0,6.0,27.0,14.0,18.0,0.0,0.0,0.0,2.0,0.0,0.0,3.0,10.0,2.0,4.0,0.0,0.0,4.0,0.0,0.0,0.0,3.0,4.0,4.0,6.0,0.0,1.0,2.0,23.0,6.0,14.0,5.0,0.0,0.0,5.0,9.0,0.0,0.0,2.0,5.0,0.0,4.0,2.0,1.0,0.0,0.0,0.0,3.0,3.0,10.0,3.0,4.0,10.0,3.0,2.0,12.0,5.0,5.0,5.0,5.0,1.0,5.0,5.0,12.0,7.0,2.0,6.0,0.0,2.0,4.0,0.0,0.0,6.0,6.0,0.0,1.0,8.0,1.0,6.0,0.0,0.0,0.0,6.0,4.0,0.0,2.0,20.0,4.0,2.0,28.0,30.0,30.0,18.0,35.0
CHEMBL516312,Activity,4.8,19.0,9.0,1.0,0.0,0.0,0.0,27.0,10.0,1.0,0.0,0.0,0.0,0.0,1.0,1.0,0.0,0.0,0.0,22.0,14.0,3.0,0.0,0.0,0.0,0.0,1.0,0.0,20.0,8.0,3.0,0.0,0.0,0.0,2.0,1.0,0.0,0.0,18.0,10.0,3.0,0.0,0.0,0.0,0.0,1.0,0.0,0.0,0.0,19.0,11.0,1.0,0.0,0.0,0.0,0.0,1.0,0.0,15.0,12.0,2.0,0.0,0.0,0.0,0.0,1.0,0.0,0.0,0.0,14.0,6.0,2.0,0.0,0.0,0.0,2.0,0.0,0.0,0.0,0.0,11.0,7.0,2.0,0.0,0.0,0.0,0.0,0.0,10.0,3.0,1.0,0.0,0.0,2.0,0.0,0.0,0.0,0.0,0.0,0.0,0.0,0.0,0.0,0.0,0.0,0.0,0.0,0.0,1.0,1.0,1.0,0.0,0.0,0.0,2.0,1.0,0.0,0.0,0.0,0.0,0.0,0.0,0.0,0.0,0.0,0.0,0.0,0.0,0.0,0.0,0.0,0.0,0.0,0.0,0.0,0.0,0.0,0.0,0.0,0.0,0.0,0.0,0.0,0.0,0.0,0.0,0.0,0.0,0.0,1.0,0.0,0.0,0.0,0.0,0.0,0.0,0.0,0.0,2.0,1.0,0.0,0.0,1.0,0.0,0.0,0.0,0.0,0.0,1.0,1.0,2.0,3.0,21.0,3.0,2.0,10.0,4.0,4.0,3.0,21.0
CHEMBL1765717,Activity,81.0,23.0,12.0,2.0,0.0,0.0,1.0,31.0,12.0,2.0,0.0,0.0,1.0,1.0,3.0,2.0,0.0,0.0,0.0,27.0,19.0,4.0,0.0,0.0,0.0,0.0,0.0,0.0,23.0,15.0,5.0,0.0,0.0,1.0,2.0,0.0,0.0,0.0,24.0,18.0,5.0,0.0,0.0,1.0,0.0,0.0,0.0,0.0,0.0,29.0,7.0,4.0,0.0,0.0,2.0,4.0,1.0,0.0,26.0,9.0,3.0,0.0,0.0,2.0,2.0,1.0,1.0,0.0,0.0,24.0,10.0,2.0,0.0,0.0,1.0,0.0,2.0,0.0,0.0,0.0,19.0,13.0,3.0,0.0,0.0,1.0,0.0,1.0,18.0,9.0,3.0,0.0,0.0,1.0,0.0,0.0,1.0,0.0,2.0,0.0,0.0,0.0,0.0,1.0,0.0,0.0,0.0,1.0,3.0,2.0,2.0,0.0,0.0,0.0,5.0,2.0,1.0,1.0,0.0,0.0,1.0,0.0,0.0,0.0,0.0,0.0,0.0,0.0,0.0,0.0,0.0,0.0,0.0,0.0,0.0,0.0,0.0,0.0,1.0,0.0,0.0,1.0,0.0,0.0,0.0,0.0,0.0,0.0,0.0,3.0,1.0,0.0,1.0,1.0,0.0,0.0,0.0,0.0,3.0,2.0,0.0,0.0,2.0,1.0,0.0,0.0,0.0,0.0,2.0,2.0,3.0,3.0,24.0,3.0,2.0,14.0,10.0,10.0,9.0,26.0
CHEMBL941,Activity,76.0,24.0,16.0,1.0,0.0,0.0,0.0,36.0,15.0,1.0,0.0,0.0,0.0,0.0,3.0,1.0,0.0,0.0,0.0,33.0,19.0,3.0,0.0,0.0,0.0,0.0,1.0,0.0,26.0,17.0,4.0,0.0,0.0,0.0,2.0,0.0,0.0,0.0,29.0,19.0,3.0,0.0,0.0,0.0,0.0,0.0,0.0,0.0,0.0,33.0,9.0,2.0,0.0,0.0,0.0,4.0,1.0,0.0,30.0,11.0,2.0,0.0,0.0,0.0,0.0,1.0,1.0,0.0,0.0,27.0,12.0,2.0,0.0,0.0,0.0,0.0,2.0,0.0,0.0,0.0,21.0,15.0,4.0,0.0,0.0,0.0,0.0,0.0,22.0,9.0,2.0,0.0,0.0,2.0,1.0,0.0,0.0,0.0,5.0,0.0,2.0,0.0,0.0,0.0,4.0,2.0,0.0,2.0,2.0,1.0,1.0,0.0,2.0,0.0,8.0,1.0,2.0,0.0,0.0,0.0,0.0,0.0,0.0,0.0,0.0,0.0,0.0,0.0,0.0,0.0,0.0,0.0,0.0,0.0,0.0,0.0,0.0,0.0,4.0,4.0,2.0,8.0,0.0,0.0,0.0,2.0,0.0,0.0,0.0,7.0,6.0,0.0,0.0,1.0,0.0,0.0,0.0,0.0,4.0,1.0,2.0,0.0,1.0,1.0,0.0,0.0,0.0,2.0,1.0,2.0,3.0,3.0,24.0,5.0,2.0,17.0,14.0,14.0,7.0,26.0
CHEMBL4085792,Activity,23.0,13.0,7.0,4.0,2.0,0.0,0.0,17.0,10.0,5.0,3.0,0.0,0.0,0.0,2.0,2.0,0.0,0.0,0.0,11.0,14.0,5.0,2.0,0.0,0.0,0.0,1.0,4.0,10.0,14.0,5.0,1.0,0.0,0.0,1.0,0.0,0.0,0.0,17.0,7.0,3.0,1.0,0.0,0.0,1.0,3.0,0.0,0.0,0.0,16.0,7.0,8.0,4.0,0.0,0.0,0.0,1.0,0.0,16.0,4.0,7.0,2.0,0.0,0.0,0.0,0.0,2.0,0.0,0.0,12.0,1.0,6.0,1.0,0.0,0.0,0.0,0.0,0.0,0.0,2.0,6.0,0.0,5.0,0.0,0.0,0.0,0.0,0.0,2.0,0.0,0.0,0.0,0.0,0.0,0.0,0.0,0.0,0.0,0.0,0.0,0.0,0.0,0.0,0.0,0.0,0.0,0.0,2.0,1.0,0.0,2.0,0.0,1.0,0.0,6.0,2.0,3.0,2.0,0.0,3.0,2.0,1.0,0.0,0.0,0.0,1.0,0.0,0.0,0.0,0.0,0.0,0.0,0.0,0.0,0.0,1.0,0.0,0.0,2.0,0.0,0.0,2.0,2.0,1.0,2.0,1.0,0.0,0.0,0.0,2.0,1.0,0.0,2.0,0.0,0.0,0.0,0.0,0.0,2.0,2.0,0.0,0.0,2.0,2.0,0.0,0.0,0.0,0.0,2.0,3.0,2.0,4.0,14.0,5.0,2.0,13.0,5.0,5.0,2.0,16.0
CHEMBL4085430,Activity,80.0,13.0,7.0,2.0,2.0,0.0,0.0,15.0,10.0,2.0,3.0,0.0,0.0,0.0,2.0,2.0,0.0,0.0,0.0,9.0,16.0,5.0,2.0,0.0,0.0,0.0,1.0,2.0,12.0,10.0,3.0,1.0,0.0,0.0,1.0,0.0,0.0,0.0,14.0,8.0,2.0,2.0,0.0,0.0,1.0,2.0,0.0,0.0,0.0,16.0,6.0,6.0,2.0,0.0,0.0,0.0,0.0,0.0,15.0,2.0,4.0,2.0,0.0,0.0,0.0,0.0,2.0,0.0,0.0,8.0,1.0,6.0,1.0,0.0,0.0,0.0,0.0,0.0,0.0,0.0,3.0,0.0,0.0,0.0,0.0,0.0,0.0,0.0,0.0,0.0,0.0,0.0,0.0,0.0,0.0,0.0,0.0,1.0,1.0,0.0,0.0,0.0,0.0,0.0,0.0,0.0,0.0,2.0,1.0,0.0,2.0,0.0,1.0,0.0,9.0,2.0,6.0,2.0,1.0,3.0,2.0,2.0,0.0,0.0,0.0,1.0,0.0,0.0,0.0,0.0,0.0,0.0,0.0,0.0,0.0,1.0,0.0,0.0,2.0,0.0,0.0,2.0,2.0,1.0,2.0,1.0,0.0,0.0,0.0,2.0,1.0,0.0,2.0,0.0,0.0,0.0,0.0,0.0,2.0,2.0,0.0,0.0,2.0,2.0,1.0,0.0,0.0,0.0,2.0,3.0,2.0,3.0,9.0,4.0,2.0,11.0,9.0,9.0,3.0,15.0
CHEMBL4096175,Activity,94.0,12.0,7.0,2.0,1.0,0.0,2.0,19.0,8.0,2.0,0.0,0.0,4.0,4.0,1.0,2.0,0.0,0.0,0.0,18.0,6.0,5.0,3.0,0.0,5.0,5.0,1.0,2.0,12.0,7.0,6.0,2.0,0.0,4.0,0.0,1.0,0.0,2.0,9.0,4.0,4.0,1.0,0.0,4.0,1.0,0.0,0.0,0.0,1.0,5.0,4.0,4.0,2.0,0.0,3.0,0.0,1.0,0.0,3.0,2.0,2.0,2.0,0.0,2.0,2.0,0.0,0.0,0.0,2.0,0.0,1.0,1.0,2.0,0.0,2.0,0.0,0.0,0.0,0.0,0.0,0.0,0.0,0.0,0.0,0.0,0.0,0.0,0.0,0.0,0.0,0.0,0.0,0.0,0.0,0.0,0.0,0.0,2.0,0.0,0.0,0.0,0.0,0.0,0.0,0.0,0.0,0.0,0.0,1.0,0.0,2.0,0.0,1.0,0.0,7.0,2.0,4.0,2.0,0.0,2.0,2.0,2.0,0.0,0.0,1.0,1.0,2.0,1.0,0.0,0.0,0.0,0.0,0.0,1.0,0.0,2.0,1.0,0.0,5.0,2.0,1.0,4.0,1.0,1.0,1.0,1.0,0.0,0.0,0.0,5.0,3.0,0.0,2.0,1.0,0.0,0.0,0.0,0.0,3.0,2.0,2.0,0.0,2.0,0.0,0.0,0.0,0.0,0.0,2.0,1.0,0.0,0.0,6.0,3.0,2.0,10.0,7.0,7.0,0.0,15.0
CHEMBL1945950,Activity,71.0,19.0,9.0,2.0,0.0,0.0,0.0,28.0,8.0,3.0,0.0,0.0,0.0,0.0,3.0,2.0,0.0,0.0,0.0,24.0,11.0,5.0,0.0,0.0,0.0,0.0,3.0,0.0,20.0,12.0,3.0,0.0,0.0,0.0,0.0,2.0,0.0,0.0,18.0,12.0,5.0,0.0,0.0,0.0,0.0,0.0,0.0,0.0,0.0,18.0,12.0,4.0,0.0,0.0,0.0,0.0,0.0,0.0,17.0,10.0,4.0,0.0,0.0,0.0,0.0,0.0,1.0,0.0,0.0,16.0,5.0,3.0,0.0,0.0,0.0,0.0,1.0,0.0,0.0,0.0,15.0,3.0,2.0,0.0,0.0,0.0,0.0,1.0,13.0,2.0,3.0,0.0,0.0,0.0,1.0,0.0,0.0,1.0,6.0,3.0,4.0,3.0,0.0,0.0,0.0,0.0,0.0,2.0,0.0,0.0,0.0,0.0,0.0,0.0,11.0,0.0,9.0,0.0,1.0,0.0,0.0,9.0,2.0,1.0,0.0,0.0,2.0,8.0,8.0,3.0,1.0,0.0,2.0,2.0,0.0,2.0,0.0,0.0,1.0,0.0,0.0,0.0,0.0,0.0,0.0,0.0,0.0,2.0,0.0,1.0,0.0,0.0,0.0,0.0,0.0,2.0,0.0,0.0,2.0,0.0,0.0,0.0,2.0,2.0,5.0,0.0,0.0,0.0,0.0,0.0,2.0,2.0,12.0,4.0,4.0,11.0,12.0,12.0,3.0,13.0
CHEMBL4085374,Activity,59.0,15.0,8.0,4.0,4.0,0.0,0.0,22.0,6.0,5.0,3.0,0.0,0.0,0.0,2.0,2.0,0.0,0.0,0.0,17.0,11.0,5.0,5.0,0.0,0.0,0.0,0.0,0.0,13.0,13.0,5.0,4.0,0.0,0.0,1.0,2.0,0.0,0.0,15.0,7.0,5.0,5.0,0.0,0.0,1.0,1.0,0.0,0.0,0.0,11.0,9.0,5.0,6.0,0.0,0.0,1.0,0.0,0.0,19.0,2.0,2.0,4.0,0.0,0.0,0.0,1.0,3.0,0.0,0.0,17.0,5.0,4.0,2.0,0.0,0.0,0.0,0.0,0.0,0.0,0.0,12.0,7.0,1.0,3.0,0.0,0.0,0.0,2.0,10.0,5.0,3.0,0.0,0.0,0.0,0.0,0.0,0.0,0.0,0.0,0.0,0.0,0.0,0.0,0.0,0.0,0.0,0.0,5.0,2.0,1.0,2.0,0.0,0.0,1.0,8.0,2.0,4.0,0.0,1.0,0.0,1.0,3.0,0.0,0.0,0.0,0.0,1.0,0.0,0.0,0.0,0.0,0.0,0.0,0.0,0.0,0.0,0.0,0.0,0.0,0.0,0.0,0.0,0.0,0.0,0.0,0.0,0.0,3.0,3.0,1.0,0.0,0.0,0.0,0.0,0.0,2.0,0.0,0.0,2.0,1.0,0.0,0.0,3.0,5.0,0.0,0.0,0.0,0.0,0.0,2.0,2.0,4.0,16.0,4.0,2.0,16.0,9.0,9.0,7.0,17.0
CHEMBL1173442,Activity,7.1,18.0,0.0,7.0,0.0,0.0,0.0,21.0,0.0,12.0,0.0,0.0,0.0,0.0,0.0,0.0,0.0,0.0,0.0,22.0,0.0,15.0,0.0,0.0,0.0,0.0,0.0,0.0,20.0,0.0,17.0,0.0,0.0,0.0,0.0,0.0,0.0,0.0,22.0,0.0,14.0,0.0,0.0,0.0,0.0,0.0,0.0,0.0,0.0,24.0,0.0,12.0,0.0,0.0,0.0,0.0,0.0,3.0,17.0,0.0,12.0,0.0,0.0,0.0,0.0,0.0,0.0,0.0,0.0,7.0,0.0,11.0,0.0,0.0,0.0,0.0,0.0,0.0,0.0,1.0,2.0,0.0,6.0,0.0,0.0,0.0,0.0,0.0,0.0,0.0,2.0,0.0,0.0,0.0,0.0,0.0,0.0,3.0,3.0,2.0,1.0,0.0,0.0,0.0,0.0,0.0,0.0,1.0,0.0,0.0,1.0,0.0,0.0,1.0,12.0,1.0,8.0,0.0,0.0,3.0,0.0,6.0,0.0,0.0,0.0,0.0,0.0,4.0,2.0,1.0,0.0,0.0,0.0,0.0,2.0,0.0,0.0,4.0,0.0,0.0,0.0,0.0,0.0,0.0,0.0,0.0,0.0,6.0,2.0,0.0,0.0,0.0,0.0,0.0,0.0,4.0,0.0,0.0,0.0,0.0,0.0,0.0,6.0,1.0,3.0,0.0,0.0,0.0,1.0,3.0,0.0,0.0,6.0,1.0,4.0,7.0,14.0,14.0,0.0,14.0
CHEMBL1783929,Activity,80.0,21.0,16.0,1.0,0.0,0.0,0.0,33.0,12.0,1.0,0.0,0.0,0.0,0.0,5.0,1.0,0.0,0.0,0.0,27.0,23.0,4.0,0.0,0.0,0.0,0.0,1.0,0.0,22.0,19.0,4.0,0.0,0.0,0.0,1.0,0.0,0.0,0.0,27.0,9.0,1.0,0.0,0.0,0.0,2.0,1.0,0.0,0.0,0.0,23.0,12.0,2.0,0.0,0.0,0.0,0.0,0.0,0.0,25.0,8.0,0.0,0.0,0.0,0.0,0.0,1.0,3.0,0.0,0.0,19.0,12.0,3.0,0.0,0.0,0.0,0.0,0.0,0.0,0.0,0.0,16.0,10.0,2.0,0.0,0.0,0.0,1.0,1.0,16.0,8.0,4.0,0.0,0.0,1.0,0.0,0.0,0.0,0.0,6.0,0.0,2.0,0.0,0.0,1.0,2.0,0.0,0.0,1.0,1.0,0.0,1.0,0.0,2.0,0.0,8.0,1.0,3.0,0.0,0.0,0.0,0.0,0.0,0.0,0.0,0.0,0.0,0.0,0.0,0.0,0.0,0.0,0.0,0.0,0.0,0.0,0.0,0.0,0.0,4.0,2.0,1.0,6.0,0.0,0.0,2.0,2.0,0.0,0.0,0.0,6.0,4.0,0.0,2.0,0.0,0.0,0.0,0.0,0.0,3.0,1.0,2.0,0.0,1.0,1.0,1.0,0.0,0.0,0.0,1.0,2.0,4.0,4.0,22.0,6.0,2.0,17.0,11.0,11.0,7.0,22.0
CHEMBL3601115,Activity,10.0,14.0,13.0,3.0,0.0,0.0,1.0,18.0,15.0,2.0,0.0,0.0,2.0,2.0,4.0,1.0,0.0,0.0,0.0,17.0,15.0,2.0,0.0,0.0,0.0,0.0,2.0,1.0,15.0,14.0,3.0,0.0,0.0,2.0,2.0,1.0,0.0,0.0,19.0,8.0,4.0,0.0,0.0,1.0,5.0,0.0,0.0,1.0,0.0,17.0,14.0,2.0,0.0,0.0,3.0,0.0,1.0,0.0,13.0,12.0,1.0,0.0,0.0,4.0,4.0,3.0,1.0,0.0,0.0,12.0,11.0,1.0,0.0,0.0,1.0,0.0,2.0,0.0,3.0,0.0,12.0,8.0,3.0,0.0,0.0,2.0,2.0,1.0,12.0,8.0,3.0,0.0,2.0,0.0,1.0,0.0,0.0,0.0,3.0,0.0,1.0,0.0,1.0,1.0,0.0,0.0,1.0,1.0,3.0,1.0,1.0,0.0,0.0,1.0,7.0,1.0,2.0,1.0,0.0,1.0,1.0,0.0,0.0,0.0,0.0,0.0,0.0,0.0,0.0,0.0,0.0,0.0,0.0,0.0,0.0,0.0,0.0,0.0,1.0,0.0,0.0,0.0,0.0,0.0,0.0,0.0,0.0,1.0,1.0,2.0,0.0,0.0,0.0,1.0,0.0,2.0,0.0,0.0,3.0,1.0,0.0,0.0,2.0,0.0,0.0,0.0,0.0,0.0,1.0,0.0,3.0,4.0,17.0,4.0,1.0,16.0,12.0,12.0,11.0,19.0
CHEMBL4088474,Activity,97.0,18.0,9.0,4.0,4.0,0.0,0.0,26.0,14.0,4.0,6.0,0.0,0.0,0.0,2.0,4.0,0.0,0.0,0.0,16.0,20.0,9.0,3.0,0.0,0.0,0.0,1.0,2.0,15.0,24.0,6.0,4.0,0.0,0.0,1.0,0.0,0.0,0.0,25.0,12.0,3.0,3.0,0.0,0.0,2.0,3.0,0.0,0.0,0.0,26.0,10.0,7.0,9.0,0.0,0.0,3.0,2.0,0.0,30.0,9.0,7.0,6.0,0.0,0.0,0.0,3.0,3.0,0.0,0.0,20.0,11.0,7.0,3.0,0.0,0.0,1.0,0.0,0.0,0.0,0.0,13.0,14.0,8.0,2.0,0.0,0.0,0.0,2.0,12.0,8.0,3.0,0.0,0.0,0.0,2.0,0.0,0.0,0.0,0.0,0.0,0.0,0.0,0.0,0.0,0.0,0.0,0.0,5.0,1.0,0.0,2.0,0.0,1.0,0.0,10.0,2.0,6.0,2.0,1.0,3.0,2.0,4.0,0.0,0.0,0.0,1.0,0.0,0.0,0.0,0.0,0.0,0.0,0.0,0.0,0.0,1.0,0.0,0.0,2.0,0.0,0.0,2.0,2.0,1.0,2.0,1.0,0.0,0.0,0.0,2.0,1.0,0.0,2.0,0.0,0.0,0.0,0.0,0.0,2.0,2.0,0.0,0.0,2.0,5.0,0.0,0.0,0.0,0.0,2.0,3.0,4.0,7.0,19.0,8.0,2.0,17.0,8.0,8.0,3.0,19.0
CHEMBL4097498,Activity,70.0,16.0,7.0,2.0,2.0,0.0,0.0,22.0,10.0,2.0,3.0,0.0,0.0,0.0,2.0,2.0,0.0,0.0,0.0,14.0,16.0,5.0,3.0,0.0,0.0,0.0,1.0,2.0,12.0,17.0,3.0,1.0,0.0,0.0,1.0,0.0,0.0,0.0,19.0,9.0,2.0,2.0,0.0,0.0,1.0,2.0,0.0,0.0,0.0,21.0,8.0,6.0,4.0,0.0,0.0,0.0,0.0,0.0,23.0,4.0,6.0,2.0,0.0,0.0,0.0,0.0,2.0,0.0,0.0,17.0,1.0,6.0,1.0,0.0,0.0,0.0,0.0,0.0,0.0,0.0,7.0,0.0,4.0,0.0,0.0,0.0,0.0,0.0,2.0,0.0,0.0,0.0,0.0,0.0,0.0,0.0,0.0,1.0,4.0,2.0,3.0,1.0,0.0,0.0,0.0,0.0,0.0,3.0,1.0,0.0,2.0,0.0,1.0,0.0,12.0,2.0,8.0,2.0,0.0,3.0,2.0,6.0,0.0,0.0,0.0,1.0,0.0,5.0,1.0,0.0,0.0,0.0,0.0,0.0,0.0,1.0,0.0,0.0,2.0,0.0,0.0,2.0,2.0,1.0,2.0,1.0,0.0,0.0,0.0,2.0,1.0,0.0,2.0,0.0,0.0,0.0,0.0,0.0,2.0,2.0,0.0,0.0,2.0,3.0,4.0,0.0,0.0,0.0,2.0,3.0,2.0,3.0,9.0,4.0,2.0,11.0,12.0,12.0,3.0,13.0
CHEMBL4103888,Activity,105.0,10.0,7.0,2.0,2.0,0.0,0.0,15.0,8.0,2.0,3.0,0.0,0.0,0.0,2.0,2.0,0.0,0.0,0.0,10.0,12.0,5.0,3.0,0.0,0.0,0.0,1.0,2.0,7.0,12.0,3.0,0.0,0.0,0.0,1.0,0.0,0.0,0.0,11.0,6.0,2.0,0.0,0.0,0.0,1.0,2.0,0.0,0.0,0.0,11.0,4.0,6.0,2.0,0.0,0.0,0.0,0.0,0.0,9.0,2.0,4.0,2.0,0.0,0.0,0.0,0.0,2.0,0.0,0.0,4.0,1.0,2.0,1.0,0.0,0.0,0.0,0.0,0.0,0.0,0.0,1.0,0.0,0.0,0.0,0.0,0.0,0.0,0.0,0.0,0.0,0.0,0.0,0.0,0.0,0.0,0.0,0.0,0.0,0.0,0.0,0.0,0.0,0.0,0.0,0.0,0.0,0.0,3.0,1.0,0.0,2.0,0.0,1.0,0.0,7.0,2.0,3.0,2.0,0.0,3.0,2.0,1.0,0.0,0.0,0.0,1.0,0.0,0.0,0.0,0.0,0.0,0.0,0.0,0.0,0.0,1.0,0.0,0.0,2.0,0.0,0.0,2.0,2.0,1.0,2.0,1.0,0.0,0.0,0.0,2.0,1.0,0.0,2.0,0.0,0.0,0.0,0.0,0.0,2.0,2.0,0.0,0.0,2.0,3.0,0.0,0.0,0.0,0.0,2.0,3.0,2.0,3.0,9.0,4.0,2.0,11.0,6.0,6.0,2.0,12.0
CHEMBL4066588,Activity,21.0,13.0,9.0,2.0,2.0,0.0,0.0,17.0,13.0,2.0,3.0,0.0,0.0,0.0,2.0,2.0,0.0,0.0,0.0,11.0,14.0,5.0,2.0,0.0,0.0,0.0,3.0,2.0,10.0,16.0,3.0,1.0,0.0,0.0,1.0,0.0,0.0,0.0,17.0,8.0,2.0,1.0,0.0,0.0,2.0,2.0,0.0,0.0,0.0,16.0,9.0,6.0,4.0,0.0,0.0,1.0,0.0,0.0,16.0,7.0,4.0,2.0,0.0,0.0,0.0,0.0,2.0,0.0,0.0,12.0,3.0,4.0,1.0,0.0,0.0,0.0,2.0,0.0,0.0,0.0,6.0,1.0,4.0,0.0,0.0,0.0,0.0,0.0,2.0,0.0,0.0,0.0,0.0,0.0,0.0,0.0,0.0,0.0,0.0,0.0,0.0,0.0,0.0,0.0,0.0,0.0,0.0,2.0,1.0,0.0,2.0,0.0,1.0,0.0,6.0,2.0,3.0,2.0,0.0,3.0,2.0,1.0,0.0,0.0,0.0,1.0,0.0,0.0,0.0,0.0,0.0,0.0,0.0,0.0,0.0,1.0,0.0,0.0,2.0,0.0,0.0,2.0,2.0,1.0,2.0,1.0,0.0,0.0,0.0,2.0,1.0,0.0,2.0,0.0,0.0,0.0,0.0,0.0,2.0,2.0,0.0,0.0,2.0,2.0,0.0,0.0,0.0,0.0,2.0,3.0,2.0,4.0,14.0,5.0,2.0,13.0,7.0,7.0,2.0,17.0
CHEMBL3125726,Activity,30.0,20.0,8.0,3.0,2.0,0.0,0.0,30.0,9.0,3.0,3.0,0.0,0.0,0.0,2.0,1.0,0.0,0.0,0.0,22.0,14.0,4.0,1.0,0.0,0.0,0.0,1.0,0.0,21.0,12.0,4.0,3.0,0.0,0.0,0.0,0.0,0.0,0.0,21.0,9.0,5.0,2.0,0.0,0.0,0.0,0.0,0.0,0.0,0.0,20.0,8.0,2.0,4.0,0.0,0.0,0.0,2.0,0.0,20.0,6.0,3.0,1.0,0.0,0.0,0.0,1.0,1.0,0.0,0.0,18.0,3.0,2.0,1.0,0.0,0.0,1.0,2.0,0.0,0.0,0.0,17.0,4.0,3.0,2.0,0.0,0.0,1.0,1.0,13.0,6.0,2.0,0.0,0.0,0.0,0.0,0.0,0.0,0.0,1.0,0.0,0.0,0.0,0.0,1.0,0.0,0.0,0.0,4.0,1.0,1.0,1.0,0.0,0.0,1.0,7.0,1.0,4.0,0.0,4.0,0.0,0.0,6.0,0.0,0.0,0.0,0.0,0.0,0.0,0.0,0.0,0.0,0.0,0.0,0.0,0.0,3.0,0.0,0.0,1.0,0.0,0.0,1.0,0.0,0.0,1.0,0.0,0.0,0.0,0.0,2.0,1.0,0.0,1.0,0.0,0.0,1.0,1.0,0.0,1.0,1.0,0.0,0.0,2.0,3.0,0.0,0.0,1.0,0.0,1.0,1.0,2.0,4.0,20.0,4.0,2.0,13.0,9.0,9.0,5.0,20.0
CHEMBL3931041,Activity,11.0,19.0,7.0,3.0,4.0,0.0,0.0,25.0,10.0,4.0,6.0,0.0,0.0,0.0,2.0,2.0,0.0,0.0,0.0,18.0,14.0,7.0,4.0,0.0,0.0,0.0,1.0,2.0,17.0,14.0,4.0,5.0,0.0,0.0,1.0,0.0,0.0,0.0,24.0,9.0,3.0,3.0,0.0,0.0,1.0,2.0,0.0,0.0,0.0,22.0,13.0,7.0,6.0,0.0,0.0,0.0,0.0,0.0,21.0,11.0,6.0,5.0,0.0,0.0,0.0,0.0,2.0,0.0,0.0,21.0,5.0,5.0,5.0,0.0,0.0,0.0,1.0,0.0,0.0,0.0,21.0,1.0,9.0,3.0,0.0,0.0,0.0,2.0,15.0,0.0,5.0,0.0,0.0,0.0,1.0,0.0,0.0,0.0,0.0,0.0,0.0,0.0,0.0,0.0,0.0,0.0,0.0,1.0,1.0,0.0,2.0,0.0,1.0,0.0,5.0,2.0,3.0,2.0,0.0,3.0,2.0,1.0,0.0,0.0,0.0,1.0,0.0,0.0,0.0,0.0,0.0,0.0,0.0,0.0,0.0,1.0,0.0,0.0,2.0,0.0,0.0,2.0,2.0,1.0,2.0,1.0,0.0,0.0,0.0,2.0,1.0,0.0,2.0,0.0,0.0,0.0,0.0,0.0,2.0,2.0,0.0,0.0,3.0,1.0,0.0,0.0,0.0,0.0,2.0,3.0,2.0,4.0,20.0,5.0,2.0,14.0,5.0,5.0,2.0,22.0
CHEMBL450519,Activity,0.3,15.0,10.0,1.0,0.0,0.0,0.0,23.0,9.0,2.0,0.0,0.0,0.0,0.0,3.0,0.0,0.0,0.0,0.0,21.0,15.0,2.0,0.0,0.0,0.0,0.0,0.0,0.0,22.0,9.0,2.0,0.0,0.0,0.0,4.0,0.0,0.0,0.0,19.0,14.0,2.0,0.0,0.0,0.0,0.0,0.0,0.0,0.0,0.0,16.0,13.0,2.0,0.0,0.0,0.0,1.0,1.0,0.0,11.0,10.0,1.0,0.0,0.0,0.0,0.0,0.0,3.0,0.0,0.0,7.0,2.0,3.0,0.0,0.0,0.0,2.0,0.0,0.0,0.0,0.0,2.0,2.0,2.0,0.0,0.0,0.0,0.0,0.0,0.0,1.0,0.0,0.0,0.0,0.0,1.0,0.0,0.0,1.0,4.0,2.0,2.0,0.0,0.0,2.0,0.0,0.0,0.0,0.0,1.0,0.0,0.0,0.0,0.0,0.0,5.0,0.0,4.0,0.0,0.0,0.0,0.0,3.0,0.0,0.0,0.0,0.0,0.0,2.0,1.0,0.0,0.0,0.0,1.0,2.0,0.0,2.0,0.0,0.0,2.0,0.0,0.0,2.0,0.0,0.0,0.0,1.0,0.0,0.0,0.0,2.0,1.0,0.0,0.0,0.0,0.0,0.0,0.0,0.0,2.0,0.0,0.0,0.0,1.0,0.0,2.0,0.0,0.0,0.0,0.0,0.0,2.0,3.0,15.0,4.0,0.0,11.0,9.0,9.0,1.0,15.0
CHEMBL3979385,Activity,82.0,27.0,7.0,4.0,4.0,1.0,1.0,36.0,10.0,5.0,6.0,2.0,0.0,2.0,2.0,2.0,0.0,0.0,0.0,29.0,14.0,9.0,5.0,2.0,0.0,2.0,1.0,2.0,26.0,17.0,6.0,5.0,1.0,1.0,1.0,0.0,0.0,0.0,36.0,10.0,4.0,3.0,1.0,1.0,1.0,2.0,0.0,0.0,0.0,37.0,13.0,7.0,6.0,0.0,0.0,0.0,0.0,0.0,34.0,11.0,9.0,7.0,1.0,0.0,1.0,0.0,2.0,0.0,0.0,34.0,5.0,5.0,6.0,2.0,2.0,0.0,1.0,0.0,0.0,0.0,30.0,2.0,9.0,5.0,2.0,2.0,0.0,2.0,26.0,3.0,5.0,1.0,1.0,0.0,1.0,0.0,0.0,0.0,1.0,0.0,0.0,0.0,0.0,0.0,0.0,0.0,1.0,2.0,1.0,0.0,2.0,1.0,1.0,1.0,7.0,2.0,3.0,2.0,0.0,3.0,2.0,1.0,0.0,0.0,0.0,1.0,0.0,0.0,0.0,0.0,0.0,0.0,0.0,0.0,0.0,1.0,0.0,0.0,2.0,0.0,0.0,2.0,2.0,1.0,2.0,1.0,0.0,0.0,0.0,2.0,1.0,0.0,2.0,0.0,0.0,1.0,1.0,1.0,2.0,2.0,0.0,0.0,3.0,2.0,0.0,0.0,1.0,0.0,2.0,3.0,2.0,4.0,26.0,5.0,2.0,15.0,7.0,7.0,5.0,28.0
CHEMBL3954358,Activity,5.0,23.0,9.0,4.0,4.0,0.0,0.0,31.0,12.0,6.0,6.0,0.0,0.0,0.0,2.0,2.0,0.0,0.0,0.0,25.0,14.0,8.0,5.0,0.0,0.0,0.0,1.0,3.0,26.0,18.0,4.0,5.0,0.0,0.0,1.0,0.0,0.0,0.0,34.0,12.0,3.0,3.0,0.0,0.0,1.0,2.0,0.0,0.0,0.0,31.0,15.0,7.0,6.0,0.0,0.0,0.0,0.0,0.0,28.0,12.0,9.0,7.0,0.0,0.0,0.0,0.0,2.0,0.0,0.0,30.0,6.0,5.0,7.0,0.0,0.0,0.0,1.0,0.0,0.0,0.0,29.0,3.0,9.0,4.0,0.0,0.0,0.0,2.0,21.0,7.0,5.0,0.0,0.0,0.0,1.0,0.0,0.0,1.0,3.0,2.0,1.0,0.0,0.0,2.0,0.0,0.0,0.0,2.0,2.0,0.0,2.0,0.0,1.0,1.0,10.0,2.0,6.0,2.0,0.0,3.0,2.0,3.0,0.0,0.0,0.0,1.0,0.0,1.0,0.0,0.0,0.0,0.0,0.0,1.0,0.0,3.0,0.0,1.0,4.0,0.0,0.0,4.0,2.0,1.0,2.0,2.0,1.0,2.0,0.0,4.0,2.0,0.0,2.0,0.0,1.0,1.0,1.0,0.0,3.0,2.0,0.0,1.0,3.0,2.0,1.0,0.0,1.0,0.0,2.0,3.0,2.0,4.0,20.0,6.0,2.0,17.0,11.0,11.0,4.0,24.0
CHEMBL511337,Activity,0.9,16.0,5.0,1.0,0.0,1.0,1.0,19.0,9.0,1.0,0.0,2.0,0.0,2.0,1.0,1.0,0.0,0.0,0.0,16.0,9.0,2.0,0.0,2.0,0.0,2.0,1.0,0.0,11.0,11.0,2.0,0.0,1.0,1.0,0.0,0.0,0.0,0.0,9.0,11.0,1.0,0.0,1.0,1.0,0.0,0.0,0.0,0.0,0.0,9.0,6.0,0.0,0.0,1.0,1.0,1.0,1.0,0.0,10.0,4.0,1.0,0.0,1.0,0.0,1.0,0.0,0.0,1.0,1.0,11.0,2.0,1.0,0.0,0.0,0.0,1.0,1.0,1.0,1.0,0.0,9.0,1.0,1.0,0.0,1.0,1.0,1.0,1.0,6.0,1.0,1.0,2.0,2.0,0.0,0.0,0.0,0.0,0.0,0.0,0.0,0.0,0.0,0.0,0.0,0.0,0.0,0.0,0.0,1.0,0.0,1.0,1.0,0.0,0.0,1.0,1.0,0.0,0.0,0.0,0.0,0.0,0.0,0.0,0.0,0.0,0.0,0.0,0.0,0.0,0.0,0.0,0.0,0.0,0.0,0.0,0.0,0.0,0.0,0.0,0.0,0.0,0.0,0.0,0.0,0.0,0.0,0.0,0.0,0.0,1.0,0.0,0.0,0.0,0.0,0.0,0.0,0.0,1.0,2.0,1.0,0.0,0.0,1.0,0.0,0.0,0.0,0.0,0.0,1.0,2.0,1.0,2.0,17.0,2.0,2.0,6.0,5.0,5.0,3.0,18.0
CHEMBL3220823,Activity,9.5,19.0,5.0,2.0,0.0,0.0,1.0,26.0,9.0,2.0,0.0,0.0,2.0,2.0,1.0,0.0,0.0,0.0,0.0,24.0,12.0,2.0,0.0,0.0,2.0,2.0,1.0,0.0,20.0,13.0,1.0,0.0,0.0,1.0,0.0,0.0,0.0,1.0,18.0,10.0,1.0,0.0,0.0,1.0,1.0,0.0,0.0,0.0,0.0,16.0,10.0,1.0,0.0,0.0,2.0,0.0,1.0,0.0,14.0,7.0,2.0,0.0,0.0,1.0,1.0,2.0,1.0,0.0,1.0,13.0,5.0,1.0,0.0,0.0,2.0,0.0,1.0,0.0,0.0,0.0,9.0,3.0,2.0,0.0,0.0,1.0,0.0,0.0,6.0,1.0,2.0,0.0,2.0,0.0,0.0,0.0,0.0,0.0,0.0,0.0,0.0,0.0,0.0,0.0,0.0,0.0,0.0,1.0,0.0,0.0,0.0,0.0,0.0,1.0,1.0,0.0,0.0,0.0,0.0,0.0,0.0,0.0,0.0,0.0,0.0,0.0,0.0,0.0,0.0,0.0,0.0,0.0,0.0,0.0,0.0,0.0,0.0,0.0,0.0,0.0,0.0,0.0,0.0,0.0,0.0,0.0,0.0,0.0,0.0,0.0,0.0,0.0,0.0,0.0,0.0,1.0,1.0,0.0,1.0,0.0,0.0,0.0,1.0,0.0,0.0,0.0,1.0,0.0,0.0,0.0,2.0,3.0,21.0,3.0,0.0,7.0,4.0,4.0,1.0,19.0
CHEMBL3936771,Activity,8.0,22.0,9.0,5.0,4.0,0.0,0.0,29.0,12.0,6.0,6.0,0.0,0.0,0.0,2.0,2.0,0.0,0.0,0.0,26.0,14.0,7.0,5.0,0.0,0.0,0.0,1.0,4.0,24.0,18.0,6.0,5.0,0.0,0.0,1.0,0.0,0.0,0.0,31.0,12.0,5.0,3.0,0.0,0.0,1.0,2.0,0.0,0.0,0.0,31.0,15.0,7.0,6.0,0.0,0.0,0.0,0.0,1.0,30.0,12.0,10.0,7.0,0.0,0.0,0.0,0.0,2.0,0.0,0.0,31.0,6.0,7.0,6.0,0.0,0.0,0.0,1.0,0.0,0.0,0.0,27.0,3.0,11.0,3.0,0.0,0.0,0.0,2.0,19.0,6.0,6.0,0.0,0.0,0.0,1.0,0.0,0.0,0.0,4.0,0.0,2.0,0.0,1.0,2.0,0.0,0.0,1.0,2.0,2.0,0.0,2.0,0.0,1.0,1.0,10.0,2.0,5.0,2.0,0.0,3.0,2.0,1.0,0.0,0.0,0.0,1.0,0.0,0.0,0.0,0.0,0.0,0.0,0.0,0.0,0.0,1.0,0.0,0.0,4.0,0.0,0.0,4.0,2.0,1.0,2.0,2.0,2.0,2.0,0.0,4.0,2.0,0.0,2.0,0.0,2.0,2.0,1.0,0.0,3.0,2.0,0.0,2.0,4.0,2.0,0.0,0.0,1.0,0.0,2.0,3.0,2.0,4.0,20.0,5.0,2.0,18.0,11.0,11.0,8.0,23.0
CHEMBL4794578,Activity,92.64,14.0,11.0,7.0,0.0,0.0,0.0,22.0,9.0,7.0,0.0,0.0,0.0,0.0,4.0,2.0,0.0,0.0,0.0,19.0,16.0,9.0,0.0,0.0,0.0,0.0,0.0,2.0,19.0,11.0,9.0,0.0,0.0,0.0,2.0,3.0,0.0,0.0,21.0,12.0,3.0,0.0,0.0,0.0,0.0,3.0,0.0,0.0,2.0,17.0,10.0,9.0,0.0,0.0,0.0,1.0,1.0,0.0,17.0,7.0,8.0,0.0,0.0,0.0,0.0,0.0,1.0,0.0,0.0,16.0,4.0,6.0,0.0,0.0,0.0,2.0,2.0,0.0,0.0,1.0,11.0,7.0,5.0,0.0,0.0,0.0,0.0,1.0,9.0,5.0,2.0,0.0,0.0,1.0,2.0,0.0,0.0,0.0,5.0,0.0,2.0,0.0,2.0,0.0,1.0,0.0,3.0,2.0,1.0,0.0,1.0,0.0,1.0,3.0,8.0,1.0,3.0,0.0,0.0,0.0,0.0,0.0,0.0,0.0,0.0,0.0,0.0,0.0,0.0,0.0,0.0,0.0,0.0,0.0,0.0,0.0,0.0,0.0,2.0,2.0,1.0,4.0,0.0,0.0,2.0,1.0,1.0,3.0,2.0,3.0,3.0,0.0,2.0,0.0,4.0,4.0,1.0,0.0,2.0,1.0,0.0,2.0,4.0,1.0,0.0,0.0,2.0,0.0,1.0,2.0,2.0,3.0,15.0,5.0,2.0,18.0,13.0,13.0,7.0,16.0
CHEMBL4739994,Activity,57.0,20.0,12.0,0.0,0.0,0.0,0.0,28.0,15.0,0.0,0.0,0.0,0.0,0.0,3.0,0.0,0.0,0.0,0.0,27.0,19.0,0.0,0.0,0.0,0.0,0.0,0.0,0.0,26.0,14.0,0.0,0.0,0.0,0.0,2.0,0.0,0.0,0.0,20.0,19.0,0.0,0.0,0.0,0.0,0.0,0.0,0.0,0.0,0.0,25.0,6.0,0.0,0.0,0.0,0.0,5.0,0.0,0.0,25.0,10.0,0.0,0.0,0.0,0.0,0.0,0.0,0.0,0.0,0.0,19.0,9.0,0.0,0.0,0.0,0.0,2.0,0.0,0.0,0.0,0.0,16.0,9.0,0.0,0.0,0.0,0.0,0.0,0.0,15.0,9.0,0.0,0.0,0.0,0.0,0.0,0.0,0.0,1.0,6.0,0.0,3.0,1.0,0.0,0.0,3.0,0.0,0.0,4.0,1.0,0.0,0.0,0.0,1.0,0.0,11.0,0.0,6.0,0.0,0.0,0.0,0.0,3.0,0.0,0.0,0.0,0.0,1.0,1.0,0.0,0.0,0.0,0.0,0.0,1.0,0.0,1.0,1.0,0.0,2.0,2.0,1.0,4.0,0.0,0.0,0.0,1.0,0.0,0.0,0.0,3.0,3.0,0.0,0.0,0.0,0.0,0.0,0.0,0.0,2.0,0.0,0.0,0.0,0.0,4.0,3.0,0.0,0.0,1.0,0.0,0.0,3.0,4.0,17.0,5.0,0.0,12.0,15.0,15.0,6.0,17.0
CHEMBL4067215,Activity,74.0,21.0,9.0,4.0,4.0,0.0,0.0,28.0,14.0,4.0,6.0,0.0,0.0,0.0,2.0,4.0,0.0,0.0,0.0,21.0,19.0,8.0,3.0,0.0,0.0,0.0,1.0,2.0,15.0,25.0,8.0,4.0,0.0,0.0,1.0,0.0,0.0,0.0,26.0,15.0,4.0,3.0,0.0,0.0,2.0,3.0,0.0,0.0,0.0,28.0,11.0,7.0,8.0,0.0,0.0,3.0,2.0,0.0,30.0,9.0,7.0,8.0,0.0,0.0,0.0,3.0,3.0,0.0,0.0,26.0,10.0,7.0,4.0,0.0,0.0,1.0,0.0,0.0,0.0,0.0,17.0,14.0,8.0,2.0,0.0,0.0,0.0,2.0,14.0,12.0,3.0,0.0,0.0,0.0,2.0,0.0,0.0,1.0,5.0,2.0,4.0,3.0,0.0,0.0,0.0,0.0,0.0,2.0,1.0,0.0,2.0,0.0,1.0,0.0,12.0,2.0,9.0,2.0,0.0,3.0,2.0,7.0,0.0,0.0,0.0,1.0,0.0,6.0,6.0,1.0,0.0,0.0,0.0,0.0,0.0,1.0,0.0,0.0,2.0,0.0,0.0,2.0,2.0,1.0,2.0,1.0,0.0,0.0,0.0,2.0,1.0,0.0,2.0,0.0,0.0,0.0,0.0,0.0,2.0,2.0,0.0,0.0,2.0,2.0,5.0,0.0,0.0,0.0,2.0,3.0,4.0,7.0,19.0,8.0,2.0,17.0,12.0,12.0,3.0,19.0
CHEMBL521949,Activity,6.0,21.0,10.0,2.0,0.0,1.0,2.0,26.0,10.0,3.0,0.0,2.0,2.0,4.0,4.0,1.0,0.0,0.0,0.0,20.0,17.0,5.0,0.0,0.0,2.0,2.0,0.0,0.0,17.0,12.0,5.0,0.0,2.0,4.0,2.0,0.0,0.0,0.0,22.0,11.0,3.0,0.0,2.0,3.0,0.0,1.0,1.0,1.0,0.0,23.0,9.0,2.0,0.0,3.0,5.0,1.0,1.0,0.0,19.0,9.0,1.0,0.0,3.0,2.0,5.0,0.0,2.0,0.0,0.0,16.0,6.0,3.0,0.0,3.0,4.0,1.0,1.0,0.0,0.0,0.0,14.0,7.0,3.0,0.0,1.0,1.0,0.0,1.0,15.0,3.0,1.0,1.0,2.0,2.0,2.0,0.0,0.0,0.0,0.0,0.0,0.0,0.0,0.0,0.0,0.0,0.0,0.0,0.0,3.0,1.0,1.0,1.0,0.0,0.0,1.0,1.0,0.0,0.0,0.0,0.0,0.0,0.0,0.0,0.0,0.0,0.0,0.0,0.0,0.0,0.0,0.0,0.0,0.0,0.0,0.0,0.0,0.0,0.0,0.0,0.0,0.0,0.0,0.0,0.0,0.0,0.0,0.0,0.0,0.0,1.0,0.0,0.0,0.0,1.0,0.0,0.0,0.0,1.0,3.0,1.0,0.0,0.0,2.0,0.0,0.0,0.0,0.0,0.0,1.0,2.0,2.0,2.0,24.0,2.0,2.0,12.0,7.0,7.0,7.0,26.0
CHEMBL4088115,Activity,83.22,22.0,11.0,3.0,0.0,3.0,3.0,28.0,19.0,3.0,0.0,3.0,0.0,3.0,0.0,1.0,3.0,3.0,3.0,30.0,13.0,2.0,0.0,3.0,0.0,3.0,3.0,2.0,27.0,11.0,4.0,0.0,6.0,6.0,3.0,2.0,0.0,0.0,29.0,13.0,4.0,0.0,6.0,6.0,0.0,0.0,3.0,3.0,0.0,24.0,16.0,5.0,0.0,9.0,9.0,1.0,0.0,0.0,15.0,18.0,6.0,0.0,9.0,0.0,9.0,2.0,0.0,0.0,0.0,14.0,11.0,4.0,0.0,3.0,3.0,1.0,2.0,6.0,6.0,0.0,19.0,5.0,3.0,0.0,0.0,0.0,1.0,1.0,20.0,5.0,3.0,3.0,3.0,2.0,0.0,0.0,0.0,0.0,5.0,0.0,2.0,0.0,2.0,0.0,3.0,0.0,2.0,0.0,2.0,1.0,1.0,3.0,1.0,1.0,7.0,1.0,2.0,0.0,0.0,0.0,0.0,0.0,0.0,0.0,0.0,0.0,0.0,0.0,0.0,0.0,0.0,0.0,0.0,0.0,0.0,0.0,0.0,0.0,2.0,2.0,1.0,4.0,0.0,0.0,0.0,1.0,1.0,2.0,2.0,4.0,3.0,0.0,0.0,1.0,4.0,2.0,0.0,3.0,3.0,1.0,0.0,2.0,2.0,0.0,0.0,3.0,0.0,1.0,1.0,1.0,2.0,3.0,21.0,5.0,2.0,14.0,14.0,14.0,8.0,24.0
CHEMBL3745919,Activity,0.55,21.0,14.0,3.0,0.0,0.0,0.0,31.0,15.0,5.0,0.0,0.0,0.0,0.0,3.0,1.0,0.0,0.0,0.0,29.0,18.0,6.0,0.0,0.0,0.0,0.0,3.0,1.0,27.0,18.0,6.0,0.0,0.0,0.0,6.0,0.0,0.0,0.0,33.0,19.0,2.0,0.0,0.0,0.0,1.0,1.0,0.0,0.0,0.0,31.0,18.0,2.0,0.0,0.0,0.0,1.0,2.0,0.0,26.0,12.0,4.0,0.0,0.0,0.0,0.0,3.0,2.0,0.0,0.0,21.0,13.0,4.0,0.0,0.0,0.0,1.0,3.0,0.0,0.0,0.0,19.0,15.0,5.0,0.0,0.0,0.0,0.0,2.0,20.0,11.0,3.0,0.0,0.0,2.0,1.0,0.0,0.0,1.0,5.0,2.0,2.0,1.0,0.0,0.0,1.0,1.0,0.0,2.0,0.0,0.0,1.0,0.0,2.0,1.0,9.0,1.0,5.0,1.0,0.0,0.0,1.0,3.0,0.0,0.0,0.0,0.0,0.0,2.0,1.0,0.0,0.0,0.0,1.0,2.0,0.0,2.0,2.0,0.0,4.0,4.0,3.0,8.0,2.0,0.0,2.0,3.0,0.0,0.0,0.0,6.0,6.0,0.0,2.0,0.0,0.0,0.0,0.0,0.0,3.0,1.0,1.0,0.0,2.0,0.0,2.0,0.0,0.0,1.0,1.0,0.0,3.0,4.0,21.0,5.0,0.0,17.0,12.0,12.0,6.0,22.0
CHEMBL2172315,Activity,42.0,30.0,12.0,3.0,0.0,2.0,2.0,42.0,13.0,5.0,0.0,4.0,0.0,4.0,3.0,2.0,0.0,0.0,0.0,39.0,19.0,8.0,0.0,4.0,0.0,4.0,0.0,0.0,35.0,19.0,8.0,0.0,4.0,4.0,0.0,2.0,0.0,0.0,38.0,17.0,5.0,0.0,0.0,0.0,1.0,1.0,2.0,2.0,0.0,43.0,11.0,5.0,0.0,2.0,2.0,2.0,1.0,0.0,42.0,13.0,7.0,0.0,0.0,0.0,0.0,1.0,0.0,4.0,4.0,43.0,12.0,6.0,0.0,6.0,6.0,2.0,2.0,0.0,0.0,0.0,42.0,11.0,6.0,0.0,8.0,8.0,0.0,1.0,33.0,14.0,6.0,8.0,8.0,0.0,2.0,0.0,0.0,4.0,9.0,6.0,4.0,0.0,0.0,0.0,3.0,0.0,0.0,4.0,2.0,1.0,2.0,2.0,2.0,0.0,21.0,2.0,16.0,1.0,3.0,0.0,1.0,17.0,8.0,6.0,2.0,2.0,0.0,16.0,13.0,3.0,1.0,0.0,11.0,8.0,2.0,6.0,2.0,2.0,7.0,2.0,1.0,9.0,2.0,4.0,2.0,3.0,0.0,3.0,0.0,9.0,5.0,2.0,1.0,3.0,0.0,1.0,0.0,2.0,5.0,2.0,0.0,0.0,3.0,4.0,6.0,0.0,0.0,1.0,2.0,2.0,0.0,0.0,12.0,3.0,5.0,15.0,26.0,26.0,9.0,24.0
CHEMBL4161156,Activity,87.56,16.0,19.0,1.0,0.0,0.0,0.0,26.0,21.0,1.0,0.0,0.0,0.0,0.0,3.0,1.0,0.0,0.0,0.0,24.0,18.0,2.0,0.0,0.0,0.0,0.0,4.0,1.0,21.0,14.0,3.0,0.0,0.0,0.0,5.0,2.0,0.0,0.0,24.0,14.0,4.0,0.0,0.0,0.0,2.0,0.0,0.0,0.0,0.0,21.0,20.0,2.0,0.0,0.0,0.0,2.0,1.0,0.0,17.0,18.0,4.0,0.0,0.0,0.0,0.0,4.0,0.0,0.0,0.0,16.0,12.0,1.0,0.0,0.0,0.0,2.0,3.0,0.0,0.0,0.0,17.0,7.0,2.0,0.0,0.0,0.0,2.0,0.0,15.0,10.0,2.0,0.0,0.0,2.0,0.0,0.0,0.0,0.0,5.0,0.0,2.0,0.0,0.0,0.0,4.0,2.0,0.0,2.0,2.0,1.0,1.0,0.0,2.0,0.0,8.0,1.0,2.0,0.0,0.0,0.0,0.0,0.0,0.0,0.0,0.0,0.0,0.0,0.0,0.0,0.0,0.0,0.0,0.0,0.0,0.0,0.0,0.0,0.0,4.0,4.0,2.0,8.0,0.0,0.0,0.0,2.0,0.0,0.0,0.0,7.0,6.0,0.0,0.0,1.0,0.0,0.0,0.0,0.0,4.0,1.0,2.0,0.0,1.0,0.0,0.0,0.0,0.0,2.0,1.0,1.0,3.0,5.0,20.0,7.0,2.0,20.0,16.0,16.0,7.0,22.0
CHEMBL462132,Activity,114.0,17.0,6.0,2.0,2.0,3.0,4.0,22.0,7.0,2.0,2.0,3.0,2.0,5.0,0.0,2.0,3.0,3.0,3.0,19.0,7.0,6.0,1.0,6.0,3.0,9.0,1.0,0.0,14.0,8.0,7.0,1.0,6.0,7.0,0.0,0.0,0.0,1.0,16.0,4.0,6.0,2.0,6.0,7.0,1.0,2.0,0.0,1.0,0.0,18.0,4.0,4.0,2.0,0.0,2.0,0.0,0.0,0.0,18.0,4.0,1.0,1.0,3.0,2.0,5.0,0.0,1.0,0.0,1.0,13.0,4.0,3.0,1.0,6.0,9.0,1.0,0.0,0.0,0.0,0.0,9.0,4.0,3.0,1.0,6.0,8.0,0.0,0.0,6.0,3.0,3.0,6.0,8.0,0.0,1.0,0.0,0.0,0.0,0.0,0.0,0.0,0.0,0.0,0.0,0.0,0.0,0.0,1.0,2.0,2.0,2.0,3.0,0.0,0.0,4.0,2.0,0.0,0.0,0.0,0.0,0.0,0.0,0.0,0.0,0.0,0.0,0.0,0.0,0.0,0.0,0.0,0.0,0.0,0.0,0.0,0.0,0.0,0.0,0.0,0.0,0.0,0.0,0.0,0.0,0.0,0.0,0.0,0.0,0.0,2.0,0.0,0.0,0.0,1.0,0.0,0.0,0.0,3.0,2.0,2.0,0.0,0.0,2.0,1.0,0.0,3.0,0.0,0.0,2.0,4.0,1.0,2.0,17.0,2.0,4.0,10.0,5.0,5.0,7.0,20.0
CHEMBL257167,Activity,8.4,11.0,4.0,2.0,2.0,1.0,1.0,15.0,2.0,1.0,3.0,2.0,0.0,2.0,1.0,3.0,0.0,0.0,0.0,11.0,6.0,3.0,4.0,2.0,0.0,2.0,0.0,0.0,11.0,3.0,2.0,2.0,1.0,1.0,1.0,1.0,0.0,0.0,8.0,7.0,5.0,1.0,1.0,1.0,0.0,0.0,0.0,0.0,0.0,6.0,5.0,3.0,0.0,1.0,1.0,1.0,2.0,1.0,3.0,5.0,4.0,0.0,2.0,0.0,2.0,0.0,0.0,0.0,0.0,1.0,3.0,3.0,0.0,1.0,1.0,0.0,0.0,1.0,1.0,0.0,0.0,1.0,1.0,0.0,1.0,1.0,0.0,0.0,0.0,0.0,0.0,0.0,0.0,0.0,0.0,1.0,1.0,0.0,0.0,0.0,0.0,0.0,0.0,0.0,0.0,0.0,0.0,0.0,1.0,0.0,1.0,1.0,0.0,0.0,2.0,1.0,0.0,0.0,0.0,0.0,0.0,0.0,0.0,0.0,0.0,0.0,0.0,0.0,0.0,0.0,0.0,0.0,0.0,0.0,0.0,0.0,0.0,0.0,0.0,0.0,0.0,0.0,0.0,0.0,0.0,0.0,0.0,0.0,0.0,2.0,0.0,0.0,0.0,0.0,0.0,1.0,0.0,1.0,3.0,1.0,0.0,0.0,2.0,0.0,0.0,0.0,0.0,0.0,1.0,1.0,0.0,1.0,11.0,1.0,2.0,8.0,4.0,4.0,3.0,13.0
CHEMBL3899727,Activity,7.0,24.0,9.0,4.0,4.0,0.0,0.0,32.0,12.0,5.0,6.0,0.0,0.0,0.0,2.0,2.0,0.0,0.0,0.0,26.0,16.0,7.0,5.0,0.0,0.0,0.0,1.0,3.0,26.0,18.0,5.0,5.0,0.0,0.0,1.0,0.0,0.0,0.0,33.0,12.0,4.0,3.0,0.0,0.0,1.0,2.0,0.0,0.0,0.0,31.0,15.0,9.0,6.0,0.0,0.0,0.0,0.0,0.0,32.0,12.0,9.0,7.0,0.0,0.0,0.0,0.0,2.0,0.0,0.0,35.0,6.0,5.0,6.0,0.0,0.0,0.0,1.0,0.0,0.0,0.0,31.0,3.0,9.0,3.0,0.0,0.0,0.0,2.0,21.0,6.0,5.0,0.0,0.0,0.0,1.0,0.0,0.0,1.0,3.0,1.0,1.0,0.0,1.0,2.0,0.0,0.0,1.0,4.0,2.0,0.0,2.0,0.0,1.0,1.0,12.0,2.0,7.0,2.0,1.0,3.0,2.0,4.0,0.0,0.0,0.0,1.0,0.0,0.0,0.0,0.0,0.0,0.0,0.0,0.0,0.0,3.0,0.0,0.0,4.0,0.0,0.0,4.0,2.0,1.0,2.0,2.0,1.0,1.0,0.0,4.0,2.0,0.0,2.0,0.0,1.0,1.0,1.0,0.0,3.0,2.0,0.0,1.0,3.0,4.0,0.0,0.0,1.0,1.0,2.0,3.0,2.0,4.0,20.0,5.0,2.0,17.0,12.0,12.0,8.0,24.0
CHEMBL3264257,Activity,84.0,15.0,16.0,0.0,0.0,0.0,0.0,25.0,14.0,0.0,0.0,0.0,0.0,0.0,4.0,0.0,0.0,0.0,0.0,25.0,14.0,0.0,0.0,0.0,0.0,0.0,3.0,0.0,20.0,18.0,0.0,0.0,0.0,0.0,1.0,0.0,0.0,0.0,20.0,17.0,0.0,0.0,0.0,0.0,1.0,0.0,0.0,0.0,0.0,18.0,16.0,0.0,0.0,0.0,0.0,4.0,0.0,0.0,15.0,15.0,0.0,0.0,0.0,0.0,0.0,2.0,0.0,0.0,0.0,13.0,13.0,0.0,0.0,0.0,0.0,2.0,0.0,0.0,0.0,0.0,11.0,9.0,0.0,0.0,0.0,0.0,3.0,0.0,9.0,8.0,0.0,0.0,0.0,2.0,0.0,0.0,0.0,0.0,2.0,0.0,1.0,0.0,0.0,1.0,0.0,1.0,0.0,2.0,1.0,0.0,0.0,0.0,1.0,0.0,4.0,0.0,1.0,0.0,0.0,0.0,0.0,0.0,0.0,0.0,0.0,0.0,0.0,0.0,0.0,0.0,0.0,0.0,0.0,0.0,0.0,0.0,0.0,0.0,2.0,1.0,0.0,2.0,0.0,0.0,0.0,0.0,0.0,0.0,0.0,4.0,3.0,0.0,0.0,0.0,0.0,0.0,0.0,0.0,3.0,0.0,1.0,0.0,0.0,0.0,0.0,0.0,0.0,1.0,0.0,0.0,4.0,5.0,21.0,5.0,0.0,16.0,9.0,9.0,4.0,19.0
CHEMBL92361,Activity,80.0,17.0,5.0,3.0,0.0,0.0,0.0,24.0,7.0,3.0,0.0,0.0,0.0,0.0,1.0,1.0,0.0,0.0,0.0,24.0,11.0,5.0,0.0,0.0,0.0,0.0,0.0,0.0,24.0,8.0,7.0,0.0,0.0,0.0,0.0,1.0,0.0,0.0,22.0,3.0,8.0,0.0,0.0,0.0,0.0,4.0,0.0,0.0,0.0,16.0,0.0,11.0,0.0,0.0,0.0,0.0,0.0,0.0,7.0,0.0,8.0,0.0,0.0,0.0,0.0,0.0,0.0,0.0,0.0,2.0,0.0,4.0,0.0,0.0,0.0,0.0,0.0,0.0,0.0,0.0,0.0,0.0,2.0,0.0,0.0,0.0,0.0,0.0,0.0,0.0,0.0,0.0,0.0,0.0,0.0,0.0,0.0,0.0,1.0,0.0,0.0,0.0,0.0,0.0,0.0,0.0,0.0,0.0,1.0,1.0,2.0,0.0,0.0,0.0,3.0,2.0,1.0,0.0,0.0,0.0,1.0,0.0,0.0,0.0,0.0,0.0,0.0,0.0,0.0,0.0,0.0,0.0,0.0,0.0,0.0,0.0,0.0,0.0,0.0,0.0,0.0,0.0,0.0,0.0,0.0,0.0,0.0,1.0,0.0,1.0,0.0,0.0,0.0,0.0,0.0,1.0,0.0,0.0,1.0,1.0,0.0,0.0,3.0,0.0,1.0,0.0,0.0,0.0,2.0,2.0,0.0,1.0,15.0,2.0,2.0,8.0,5.0,5.0,2.0,18.0
CHEMBL1946262,Activity,46.0,16.0,13.0,1.0,0.0,0.0,0.0,25.0,12.0,0.0,0.0,0.0,0.0,0.0,4.0,2.0,0.0,0.0,0.0,20.0,15.0,3.0,0.0,0.0,0.0,0.0,3.0,0.0,17.0,15.0,1.0,0.0,0.0,0.0,0.0,2.0,0.0,0.0,16.0,14.0,4.0,0.0,0.0,0.0,1.0,0.0,0.0,0.0,0.0,16.0,14.0,3.0,0.0,0.0,0.0,2.0,0.0,0.0,15.0,10.0,3.0,0.0,0.0,0.0,0.0,2.0,0.0,0.0,0.0,14.0,6.0,2.0,0.0,0.0,0.0,2.0,0.0,0.0,0.0,0.0,13.0,4.0,1.0,0.0,0.0,0.0,1.0,1.0,9.0,3.0,1.0,0.0,0.0,0.0,1.0,0.0,0.0,1.0,6.0,3.0,4.0,3.0,0.0,2.0,0.0,0.0,0.0,0.0,3.0,0.0,0.0,0.0,1.0,0.0,8.0,1.0,7.0,0.0,1.0,0.0,0.0,8.0,2.0,1.0,0.0,0.0,0.0,8.0,8.0,3.0,1.0,0.0,2.0,2.0,0.0,2.0,0.0,0.0,1.0,0.0,0.0,1.0,0.0,0.0,1.0,0.0,0.0,0.0,0.0,2.0,1.0,0.0,1.0,0.0,0.0,0.0,0.0,0.0,2.0,1.0,0.0,0.0,1.0,0.0,5.0,0.0,0.0,0.0,0.0,0.0,3.0,4.0,15.0,6.0,2.0,14.0,12.0,12.0,2.0,14.0
CHEMBL3942186,Activity,6.1,20.0,13.0,0.0,0.0,2.0,2.0,27.0,18.0,0.0,0.0,4.0,0.0,4.0,3.0,0.0,0.0,0.0,0.0,25.0,18.0,0.0,0.0,6.0,0.0,6.0,5.0,0.0,23.0,21.0,0.0,0.0,4.0,4.0,1.0,0.0,2.0,2.0,25.0,16.0,0.0,0.0,2.0,2.0,4.0,0.0,2.0,2.0,0.0,21.0,22.0,0.0,0.0,4.0,4.0,3.0,0.0,0.0,20.0,18.0,0.0,0.0,2.0,0.0,2.0,1.0,0.0,4.0,4.0,19.0,12.0,0.0,0.0,2.0,2.0,2.0,0.0,0.0,0.0,0.0,21.0,8.0,0.0,0.0,4.0,4.0,1.0,0.0,18.0,6.0,0.0,2.0,2.0,0.0,0.0,4.0,4.0,2.0,3.0,4.0,0.0,0.0,0.0,0.0,1.0,0.0,0.0,1.0,1.0,0.0,0.0,2.0,1.0,0.0,6.0,0.0,5.0,0.0,1.0,0.0,0.0,5.0,1.0,0.0,1.0,0.0,0.0,3.0,2.0,0.0,0.0,0.0,2.0,4.0,0.0,4.0,0.0,0.0,4.0,0.0,0.0,2.0,0.0,0.0,0.0,1.0,0.0,0.0,0.0,3.0,1.0,0.0,0.0,0.0,0.0,0.0,0.0,2.0,3.0,0.0,1.0,0.0,0.0,1.0,1.0,0.0,0.0,1.0,0.0,0.0,3.0,4.0,21.0,5.0,0.0,13.0,10.0,10.0,3.0,22.0
CHEMBL595545,Activity,1.0,80.0,48.0,23.0,2.0,0.0,0.0,105.0,57.0,24.0,4.0,0.0,0.0,0.0,3.0,21.0,0.0,0.0,0.0,123.0,49.0,44.0,4.0,0.0,0.0,0.0,10.0,11.0,133.0,54.0,58.0,4.0,0.0,0.0,9.0,8.0,0.0,0.0,136.0,69.0,54.0,6.0,0.0,0.0,4.0,13.0,0.0,0.0,11.0,143.0,66.0,55.0,8.0,0.0,0.0,9.0,19.0,8.0,138.0,67.0,73.0,7.0,0.0,0.0,0.0,4.0,3.0,0.0,0.0,143.0,52.0,54.0,6.0,0.0,0.0,11.0,20.0,0.0,0.0,9.0,137.0,55.0,52.0,7.0,0.0,0.0,13.0,21.0,118.0,77.0,66.0,0.0,0.0,4.0,10.0,0.0,0.0,12.0,27.0,7.0,10.0,1.0,0.0,11.0,0.0,0.0,0.0,7.0,18.0,17.0,19.0,0.0,1.0,2.0,67.0,19.0,44.0,18.0,2.0,0.0,18.0,28.0,2.0,0.0,7.0,16.0,2.0,10.0,3.0,1.0,0.0,0.0,2.0,10.0,3.0,31.0,3.0,4.0,44.0,3.0,2.0,46.0,25.0,23.0,25.0,25.0,1.0,5.0,5.0,41.0,21.0,9.0,19.0,0.0,2.0,4.0,0.0,0.0,22.0,19.0,9.0,1.0,21.0,5.0,14.0,0.0,0.0,0.0,19.0,4.0,0.0,2.0,32.0,13.0,2.0,73.0,93.0,93.0,51.0,84.0
CHEMBL4584426,Activity,10.0,21.0,15.0,0.0,0.0,2.0,2.0,28.0,20.0,0.0,0.0,4.0,0.0,4.0,3.0,0.0,0.0,0.0,0.0,30.0,20.0,0.0,0.0,3.0,0.0,3.0,0.0,0.0,31.0,11.0,0.0,0.0,6.0,6.0,3.0,0.0,1.0,1.0,24.0,16.0,0.0,0.0,3.0,3.0,1.0,0.0,3.0,3.0,0.0,22.0,11.0,0.0,0.0,3.0,3.0,4.0,0.0,0.0,23.0,9.0,0.0,0.0,6.0,0.0,6.0,2.0,0.0,1.0,1.0,18.0,16.0,0.0,0.0,6.0,6.0,0.0,0.0,0.0,0.0,0.0,19.0,10.0,0.0,0.0,5.0,5.0,1.0,0.0,18.0,9.0,0.0,1.0,1.0,0.0,0.0,3.0,3.0,2.0,9.0,2.0,6.0,3.0,0.0,0.0,2.0,0.0,0.0,2.0,1.0,0.0,0.0,2.0,2.0,0.0,13.0,0.0,10.0,0.0,0.0,0.0,0.0,7.0,0.0,0.0,2.0,0.0,0.0,4.0,2.0,0.0,0.0,0.0,2.0,4.0,0.0,6.0,4.0,0.0,6.0,4.0,5.0,10.0,0.0,0.0,0.0,6.0,0.0,0.0,0.0,5.0,4.0,2.0,0.0,2.0,0.0,0.0,0.0,2.0,3.0,0.0,0.0,0.0,0.0,2.0,5.0,0.0,0.0,2.0,0.0,0.0,3.0,4.0,17.0,6.0,0.0,15.0,18.0,18.0,5.0,19.0
CHEMBL379156,Activity,93.0,13.0,2.0,5.0,2.0,1.0,1.0,17.0,1.0,7.0,2.0,2.0,0.0,2.0,0.0,2.0,0.0,0.0,0.0,14.0,1.0,10.0,1.0,2.0,0.0,2.0,0.0,0.0,12.0,1.0,7.0,1.0,1.0,1.0,0.0,0.0,0.0,0.0,11.0,1.0,6.0,2.0,1.0,1.0,0.0,1.0,0.0,0.0,1.0,9.0,2.0,4.0,1.0,1.0,1.0,0.0,0.0,1.0,6.0,1.0,4.0,2.0,2.0,0.0,2.0,0.0,0.0,0.0,0.0,5.0,2.0,4.0,2.0,1.0,1.0,0.0,0.0,0.0,0.0,0.0,3.0,2.0,5.0,1.0,1.0,1.0,0.0,1.0,1.0,1.0,3.0,1.0,1.0,0.0,0.0,0.0,0.0,0.0,0.0,0.0,0.0,0.0,0.0,0.0,0.0,0.0,0.0,0.0,1.0,2.0,2.0,1.0,0.0,0.0,4.0,2.0,1.0,1.0,0.0,1.0,1.0,0.0,0.0,0.0,0.0,0.0,0.0,0.0,0.0,0.0,0.0,0.0,0.0,0.0,0.0,0.0,0.0,0.0,1.0,0.0,0.0,1.0,0.0,0.0,1.0,0.0,0.0,0.0,0.0,2.0,1.0,0.0,2.0,0.0,0.0,0.0,0.0,1.0,1.0,2.0,0.0,0.0,3.0,0.0,0.0,0.0,0.0,0.0,1.0,1.0,0.0,1.0,11.0,3.0,3.0,9.0,4.0,4.0,1.0,15.0
CHEMBL4591278,Activity,14.0,15.0,15.0,0.0,0.0,2.0,2.0,22.0,17.0,0.0,0.0,4.0,0.0,4.0,3.0,0.0,0.0,0.0,0.0,23.0,16.0,0.0,0.0,3.0,0.0,3.0,1.0,0.0,20.0,14.0,0.0,0.0,6.0,6.0,2.0,0.0,1.0,1.0,18.0,15.0,0.0,0.0,3.0,3.0,1.0,0.0,3.0,3.0,0.0,18.0,8.0,0.0,0.0,2.0,2.0,4.0,0.0,0.0,17.0,8.0,0.0,0.0,6.0,0.0,6.0,2.0,0.0,0.0,0.0,12.0,12.0,0.0,0.0,5.0,5.0,1.0,0.0,0.0,0.0,0.0,9.0,14.0,0.0,0.0,3.0,3.0,0.0,0.0,14.0,4.0,0.0,0.0,0.0,2.0,0.0,3.0,3.0,0.0,6.0,0.0,3.0,0.0,0.0,0.0,2.0,2.0,0.0,2.0,1.0,0.0,0.0,2.0,2.0,0.0,8.0,0.0,4.0,0.0,0.0,0.0,0.0,1.0,0.0,0.0,0.0,0.0,0.0,0.0,0.0,0.0,0.0,0.0,0.0,0.0,0.0,0.0,0.0,0.0,4.0,2.0,1.0,6.0,0.0,0.0,0.0,2.0,0.0,0.0,0.0,5.0,4.0,0.0,0.0,2.0,0.0,0.0,0.0,2.0,3.0,0.0,2.0,0.0,0.0,1.0,1.0,0.0,0.0,2.0,0.0,0.0,3.0,4.0,17.0,6.0,0.0,15.0,12.0,12.0,5.0,17.0
CHEMBL4437166,Activity,5.0,21.0,18.0,2.0,0.0,1.0,1.0,31.0,22.0,2.0,0.0,2.0,0.0,2.0,3.0,0.0,0.0,0.0,0.0,35.0,21.0,0.0,0.0,2.0,0.0,2.0,1.0,1.0,33.0,15.0,1.0,0.0,3.0,3.0,3.0,0.0,1.0,1.0,24.0,23.0,1.0,0.0,3.0,3.0,1.0,0.0,0.0,0.0,0.0,30.0,12.0,0.0,0.0,1.0,1.0,4.0,1.0,0.0,34.0,8.0,2.0,0.0,2.0,0.0,2.0,3.0,0.0,1.0,1.0,21.0,19.0,2.0,0.0,4.0,4.0,0.0,0.0,0.0,0.0,0.0,18.0,14.0,2.0,0.0,4.0,4.0,1.0,0.0,21.0,12.0,0.0,0.0,0.0,0.0,1.0,3.0,3.0,2.0,10.0,2.0,5.0,0.0,2.0,0.0,4.0,1.0,2.0,4.0,1.0,0.0,0.0,1.0,3.0,1.0,16.0,0.0,9.0,0.0,0.0,0.0,0.0,4.0,0.0,0.0,2.0,0.0,0.0,2.0,1.0,0.0,0.0,0.0,1.0,2.0,0.0,4.0,2.0,0.0,8.0,6.0,5.0,14.0,0.0,0.0,0.0,6.0,3.0,2.0,2.0,8.0,7.0,2.0,0.0,2.0,4.0,2.0,0.0,1.0,4.0,0.0,1.0,2.0,1.0,3.0,2.0,0.0,0.0,3.0,0.0,0.0,3.0,4.0,17.0,7.0,0.0,20.0,23.0,23.0,8.0,20.0
CHEMBL4513659,Activity,6.0,23.0,18.0,0.0,0.0,1.0,1.0,33.0,22.0,0.0,0.0,2.0,0.0,2.0,3.0,0.0,0.0,0.0,0.0,35.0,22.0,0.0,0.0,2.0,0.0,2.0,1.0,0.0,34.0,15.0,0.0,0.0,3.0,3.0,3.0,0.0,1.0,1.0,25.0,23.0,0.0,0.0,3.0,3.0,1.0,0.0,0.0,0.0,0.0,30.0,13.0,0.0,0.0,1.0,1.0,4.0,0.0,0.0,36.0,8.0,0.0,0.0,2.0,0.0,2.0,3.0,0.0,1.0,1.0,23.0,19.0,0.0,0.0,4.0,4.0,0.0,0.0,0.0,0.0,0.0,20.0,14.0,0.0,0.0,4.0,4.0,1.0,0.0,21.0,13.0,0.0,0.0,0.0,0.0,0.0,3.0,3.0,2.0,11.0,2.0,7.0,3.0,0.0,0.0,4.0,1.0,0.0,4.0,1.0,0.0,0.0,1.0,3.0,0.0,17.0,0.0,11.0,0.0,0.0,0.0,0.0,7.0,0.0,0.0,2.0,0.0,0.0,4.0,2.0,0.0,0.0,0.0,2.0,4.0,0.0,6.0,4.0,0.0,8.0,6.0,5.0,14.0,0.0,0.0,0.0,6.0,0.0,0.0,0.0,8.0,7.0,2.0,0.0,2.0,0.0,0.0,0.0,1.0,4.0,0.0,1.0,0.0,0.0,3.0,5.0,0.0,0.0,3.0,0.0,0.0,3.0,4.0,17.0,6.0,0.0,18.0,23.0,23.0,8.0,20.0
CHEMBL2172308,Activity,7.9,30.0,12.0,3.0,0.0,1.0,1.0,42.0,13.0,5.0,0.0,2.0,0.0,2.0,3.0,2.0,0.0,0.0,0.0,39.0,19.0,8.0,0.0,2.0,0.0,2.0,0.0,0.0,35.0,19.0,8.0,0.0,1.0,1.0,0.0,2.0,0.0,0.0,38.0,17.0,5.0,0.0,1.0,1.0,1.0,1.0,0.0,0.0,0.0,43.0,11.0,5.0,0.0,0.0,0.0,2.0,1.0,0.0,42.0,13.0,7.0,0.0,1.0,0.0,1.0,1.0,0.0,0.0,0.0,43.0,12.0,6.0,0.0,0.0,0.0,2.0,2.0,2.0,2.0,0.0,42.0,11.0,6.0,0.0,3.0,3.0,0.0,1.0,33.0,14.0,6.0,4.0,4.0,0.0,2.0,0.0,0.0,4.0,9.0,6.0,4.0,0.0,0.0,0.0,3.0,0.0,0.0,4.0,2.0,1.0,2.0,1.0,2.0,0.0,21.0,2.0,16.0,1.0,3.0,0.0,1.0,17.0,8.0,6.0,2.0,2.0,0.0,16.0,13.0,3.0,1.0,0.0,11.0,8.0,2.0,6.0,2.0,2.0,7.0,2.0,1.0,9.0,2.0,4.0,2.0,3.0,0.0,3.0,0.0,9.0,5.0,2.0,1.0,3.0,0.0,1.0,0.0,1.0,5.0,2.0,0.0,0.0,3.0,4.0,6.0,0.0,0.0,1.0,2.0,2.0,0.0,0.0,12.0,3.0,5.0,15.0,26.0,26.0,9.0,24.0
CHEMBL249097,Activity,11.0,16.0,9.0,2.0,0.0,0.0,0.0,21.0,8.0,3.0,0.0,0.0,0.0,0.0,4.0,1.0,0.0,0.0,0.0,16.0,16.0,4.0,0.0,0.0,0.0,0.0,0.0,0.0,13.0,12.0,3.0,0.0,0.0,0.0,2.0,1.0,0.0,0.0,15.0,11.0,3.0,0.0,0.0,0.0,1.0,1.0,0.0,0.0,0.0,14.0,12.0,2.0,0.0,0.0,0.0,0.0,1.0,0.0,12.0,8.0,2.0,0.0,0.0,0.0,0.0,2.0,2.0,0.0,0.0,11.0,6.0,2.0,0.0,0.0,0.0,0.0,2.0,0.0,0.0,0.0,13.0,1.0,2.0,0.0,0.0,0.0,1.0,1.0,12.0,1.0,3.0,0.0,0.0,0.0,0.0,0.0,0.0,0.0,0.0,0.0,0.0,0.0,0.0,0.0,0.0,0.0,0.0,1.0,2.0,0.0,1.0,0.0,0.0,0.0,2.0,1.0,0.0,0.0,0.0,0.0,0.0,0.0,0.0,0.0,0.0,0.0,0.0,0.0,0.0,0.0,0.0,0.0,0.0,0.0,0.0,0.0,0.0,0.0,0.0,0.0,0.0,0.0,0.0,0.0,0.0,0.0,0.0,0.0,0.0,1.0,0.0,0.0,0.0,0.0,0.0,0.0,0.0,0.0,3.0,1.0,0.0,0.0,2.0,1.0,0.0,0.0,0.0,0.0,1.0,2.0,2.0,2.0,18.0,2.0,2.0,11.0,7.0,7.0,5.0,19.0
CHEMBL3966346,Activity,-5.0,33.0,10.0,6.0,0.0,1.0,1.0,46.0,13.0,6.0,0.0,2.0,0.0,2.0,1.0,1.0,0.0,0.0,0.0,55.0,13.0,9.0,0.0,3.0,0.0,3.0,0.0,2.0,52.0,11.0,13.0,0.0,2.0,2.0,0.0,1.0,1.0,1.0,48.0,10.0,15.0,0.0,5.0,5.0,1.0,0.0,0.0,0.0,0.0,43.0,15.0,12.0,0.0,2.0,2.0,0.0,0.0,1.0,43.0,8.0,10.0,0.0,3.0,0.0,3.0,3.0,2.0,0.0,0.0,39.0,9.0,9.0,0.0,2.0,2.0,0.0,1.0,0.0,0.0,0.0,36.0,10.0,9.0,0.0,2.0,2.0,0.0,2.0,34.0,9.0,6.0,3.0,3.0,0.0,3.0,0.0,0.0,2.0,9.0,1.0,2.0,0.0,1.0,0.0,1.0,0.0,2.0,0.0,0.0,0.0,1.0,1.0,2.0,2.0,15.0,1.0,9.0,0.0,1.0,2.0,0.0,3.0,0.0,0.0,0.0,0.0,2.0,0.0,0.0,0.0,0.0,0.0,0.0,0.0,0.0,1.0,1.0,1.0,5.0,4.0,5.0,9.0,0.0,0.0,1.0,5.0,4.0,3.0,1.0,5.0,4.0,2.0,1.0,2.0,5.0,4.0,1.0,1.0,2.0,1.0,0.0,3.0,4.0,0.0,2.0,0.0,1.0,1.0,1.0,2.0,1.0,2.0,21.0,6.0,4.0,16.0,21.0,21.0,5.0,29.0
CHEMBL4064860,Activity,94.0,12.0,5.0,1.0,4.0,3.0,3.0,17.0,4.0,1.0,4.0,3.0,0.0,3.0,1.0,1.0,3.0,3.0,3.0,13.0,6.0,2.0,4.0,6.0,0.0,6.0,0.0,0.0,10.0,5.0,1.0,4.0,6.0,6.0,0.0,1.0,0.0,0.0,10.0,4.0,1.0,3.0,3.0,3.0,1.0,1.0,0.0,0.0,0.0,8.0,3.0,1.0,3.0,3.0,3.0,1.0,0.0,0.0,8.0,2.0,1.0,2.0,0.0,0.0,0.0,0.0,0.0,3.0,3.0,6.0,3.0,2.0,2.0,6.0,6.0,0.0,0.0,0.0,0.0,0.0,4.0,4.0,2.0,1.0,3.0,3.0,0.0,0.0,2.0,3.0,1.0,3.0,3.0,0.0,0.0,0.0,0.0,0.0,0.0,0.0,0.0,0.0,0.0,0.0,0.0,0.0,0.0,0.0,0.0,0.0,1.0,3.0,0.0,0.0,5.0,1.0,1.0,1.0,0.0,1.0,1.0,0.0,0.0,0.0,0.0,0.0,0.0,0.0,0.0,0.0,0.0,0.0,0.0,0.0,0.0,0.0,0.0,0.0,1.0,0.0,0.0,0.0,0.0,0.0,0.0,0.0,0.0,0.0,0.0,2.0,0.0,0.0,0.0,0.0,0.0,0.0,0.0,3.0,2.0,1.0,0.0,0.0,1.0,0.0,0.0,3.0,0.0,0.0,1.0,1.0,1.0,2.0,11.0,4.0,4.0,10.0,2.0,2.0,2.0,14.0
CHEMBL3771285,Activity,100.0,18.0,5.0,2.0,2.0,0.0,1.0,24.0,8.0,3.0,3.0,0.0,2.0,2.0,0.0,1.0,0.0,0.0,0.0,18.0,12.0,5.0,2.0,0.0,3.0,3.0,0.0,0.0,16.0,5.0,5.0,3.0,0.0,1.0,2.0,2.0,0.0,1.0,14.0,4.0,6.0,4.0,0.0,1.0,1.0,1.0,0.0,0.0,0.0,12.0,7.0,4.0,3.0,0.0,1.0,0.0,1.0,0.0,12.0,7.0,3.0,1.0,0.0,1.0,1.0,0.0,0.0,0.0,0.0,11.0,5.0,1.0,0.0,0.0,2.0,0.0,1.0,0.0,1.0,1.0,12.0,1.0,1.0,0.0,0.0,1.0,0.0,0.0,10.0,0.0,2.0,0.0,2.0,0.0,0.0,0.0,0.0,0.0,2.0,0.0,1.0,0.0,0.0,0.0,0.0,0.0,0.0,1.0,1.0,1.0,2.0,0.0,0.0,0.0,5.0,2.0,2.0,0.0,0.0,0.0,1.0,1.0,0.0,0.0,0.0,1.0,0.0,0.0,0.0,0.0,0.0,0.0,0.0,0.0,0.0,0.0,0.0,0.0,0.0,0.0,0.0,0.0,0.0,0.0,0.0,0.0,0.0,0.0,0.0,1.0,0.0,0.0,0.0,1.0,0.0,0.0,0.0,0.0,2.0,1.0,0.0,0.0,2.0,1.0,2.0,0.0,0.0,0.0,1.0,3.0,1.0,2.0,15.0,2.0,4.0,9.0,7.0,7.0,3.0,16.0
CHEMBL4758500,Activity,98.77,25.0,9.0,2.0,0.0,0.0,1.0,34.0,14.0,2.0,0.0,0.0,2.0,2.0,0.0,2.0,0.0,0.0,0.0,33.0,13.0,6.0,0.0,0.0,3.0,3.0,1.0,1.0,28.0,11.0,6.0,0.0,0.0,3.0,1.0,1.0,0.0,1.0,27.0,8.0,6.0,0.0,0.0,4.0,1.0,0.0,0.0,0.0,0.0,23.0,11.0,4.0,0.0,0.0,3.0,0.0,0.0,0.0,22.0,11.0,2.0,0.0,0.0,3.0,3.0,0.0,1.0,0.0,1.0,23.0,7.0,4.0,0.0,0.0,1.0,2.0,0.0,0.0,0.0,0.0,20.0,7.0,4.0,0.0,0.0,0.0,2.0,0.0,16.0,8.0,2.0,0.0,1.0,0.0,1.0,0.0,0.0,0.0,1.0,0.0,0.0,0.0,0.0,1.0,0.0,0.0,0.0,1.0,1.0,1.0,1.0,0.0,0.0,0.0,8.0,2.0,3.0,0.0,0.0,4.0,0.0,1.0,0.0,0.0,0.0,0.0,0.0,0.0,0.0,0.0,0.0,0.0,0.0,0.0,0.0,0.0,0.0,0.0,0.0,0.0,0.0,0.0,0.0,0.0,0.0,0.0,0.0,0.0,0.0,3.0,1.0,0.0,1.0,1.0,0.0,0.0,0.0,0.0,2.0,2.0,0.0,0.0,2.0,1.0,0.0,0.0,0.0,0.0,2.0,2.0,2.0,3.0,21.0,4.0,8.0,11.0,8.0,8.0,5.0,26.0
CHEMBL5174069,Activity,68.0,17.0,9.0,2.0,0.0,0.0,0.0,26.0,9.0,2.0,0.0,0.0,0.0,0.0,3.0,0.0,0.0,0.0,0.0,24.0,16.0,2.0,0.0,0.0,0.0,0.0,0.0,0.0,24.0,11.0,1.0,0.0,0.0,0.0,3.0,0.0,0.0,0.0,22.0,12.0,1.0,0.0,0.0,0.0,1.0,0.0,0.0,0.0,0.0,19.0,14.0,2.0,0.0,0.0,0.0,0.0,0.0,0.0,16.0,9.0,2.0,0.0,0.0,0.0,0.0,1.0,1.0,0.0,0.0,11.0,6.0,1.0,0.0,0.0,0.0,0.0,3.0,0.0,0.0,0.0,5.0,5.0,3.0,0.0,0.0,0.0,2.0,0.0,4.0,2.0,2.0,0.0,0.0,0.0,0.0,0.0,0.0,2.0,4.0,4.0,2.0,0.0,0.0,0.0,0.0,0.0,0.0,1.0,0.0,0.0,0.0,0.0,0.0,1.0,7.0,0.0,6.0,0.0,0.0,0.0,0.0,6.0,0.0,0.0,2.0,0.0,0.0,6.0,6.0,1.0,0.0,0.0,2.0,2.0,0.0,2.0,0.0,0.0,2.0,0.0,0.0,0.0,0.0,0.0,0.0,0.0,0.0,0.0,0.0,1.0,0.0,0.0,0.0,0.0,0.0,1.0,1.0,0.0,2.0,0.0,0.0,0.0,1.0,0.0,4.0,0.0,1.0,0.0,0.0,0.0,2.0,3.0,15.0,3.0,0.0,11.0,10.0,10.0,2.0,15.0
CHEMBL5170201,Activity,86.0,24.0,10.0,4.0,0.0,3.0,3.0,36.0,10.0,4.0,0.0,0.0,0.0,0.0,3.0,0.0,3.0,3.0,3.0,34.0,18.0,4.0,0.0,3.0,0.0,3.0,0.0,0.0,33.0,13.0,3.0,0.0,6.0,6.0,3.0,0.0,0.0,0.0,33.0,13.0,1.0,0.0,6.0,6.0,1.0,1.0,0.0,0.0,0.0,29.0,16.0,3.0,0.0,6.0,6.0,0.0,0.0,0.0,27.0,10.0,4.0,0.0,0.0,0.0,0.0,1.0,1.0,3.0,3.0,21.0,9.0,3.0,0.0,3.0,3.0,0.0,3.0,0.0,0.0,0.0,17.0,8.0,4.0,0.0,6.0,6.0,2.0,0.0,18.0,7.0,2.0,6.0,6.0,0.0,1.0,0.0,0.0,2.0,5.0,4.0,2.0,0.0,0.0,1.0,0.0,0.0,0.0,1.0,1.0,0.0,0.0,3.0,0.0,2.0,9.0,0.0,6.0,0.0,0.0,0.0,0.0,6.0,0.0,0.0,2.0,0.0,0.0,6.0,6.0,1.0,0.0,0.0,2.0,2.0,0.0,2.0,0.0,0.0,2.0,0.0,0.0,2.0,0.0,0.0,0.0,0.0,0.0,0.0,0.0,2.0,1.0,1.0,0.0,0.0,0.0,2.0,2.0,3.0,2.0,0.0,0.0,0.0,2.0,0.0,4.0,3.0,1.0,1.0,0.0,0.0,2.0,3.0,21.0,3.0,0.0,14.0,12.0,12.0,7.0,23.0
CHEMBL4852342,Activity,33.3,23.0,17.0,4.0,0.0,0.0,0.0,33.0,20.0,4.0,0.0,0.0,0.0,0.0,3.0,2.0,0.0,0.0,0.0,35.0,16.0,5.0,0.0,0.0,0.0,0.0,4.0,3.0,29.0,21.0,9.0,0.0,0.0,0.0,2.0,0.0,0.0,0.0,35.0,18.0,5.0,0.0,0.0,0.0,1.0,0.0,0.0,0.0,1.0,34.0,22.0,4.0,0.0,0.0,0.0,1.0,1.0,0.0,31.0,18.0,4.0,0.0,0.0,0.0,0.0,2.0,1.0,0.0,0.0,26.0,12.0,4.0,0.0,0.0,0.0,4.0,1.0,0.0,0.0,0.0,22.0,16.0,3.0,0.0,0.0,0.0,1.0,4.0,21.0,12.0,6.0,0.0,0.0,5.0,2.0,0.0,0.0,0.0,4.0,0.0,2.0,0.0,2.0,0.0,1.0,0.0,2.0,1.0,2.0,1.0,2.0,0.0,1.0,1.0,7.0,2.0,2.0,0.0,0.0,0.0,0.0,0.0,0.0,0.0,0.0,0.0,0.0,0.0,0.0,0.0,0.0,0.0,0.0,0.0,0.0,0.0,0.0,0.0,2.0,2.0,1.0,4.0,0.0,0.0,2.0,1.0,1.0,2.0,2.0,4.0,3.0,0.0,2.0,1.0,4.0,2.0,0.0,0.0,3.0,2.0,0.0,2.0,3.0,1.0,0.0,0.0,0.0,0.0,2.0,2.0,3.0,5.0,26.0,7.0,4.0,21.0,15.0,15.0,7.0,28.0
CHEMBL457871,Activity,33.0,11.0,13.0,1.0,0.0,0.0,0.0,19.0,11.0,1.0,0.0,0.0,0.0,0.0,3.0,1.0,0.0,0.0,0.0,16.0,17.0,3.0,0.0,0.0,0.0,0.0,1.0,0.0,19.0,9.0,2.0,0.0,0.0,0.0,4.0,1.0,0.0,0.0,18.0,10.0,1.0,0.0,0.0,0.0,1.0,1.0,0.0,0.0,0.0,14.0,12.0,3.0,0.0,0.0,0.0,0.0,0.0,0.0,12.0,7.0,1.0,0.0,0.0,0.0,0.0,3.0,1.0,0.0,0.0,6.0,8.0,3.0,0.0,0.0,0.0,0.0,0.0,0.0,0.0,0.0,4.0,3.0,1.0,0.0,0.0,0.0,1.0,2.0,1.0,5.0,0.0,0.0,0.0,0.0,0.0,0.0,0.0,2.0,4.0,2.0,1.0,0.0,0.0,0.0,1.0,0.0,0.0,2.0,0.0,0.0,1.0,0.0,2.0,0.0,10.0,1.0,7.0,1.0,1.0,0.0,1.0,6.0,2.0,1.0,2.0,1.0,0.0,4.0,1.0,0.0,0.0,0.0,1.0,5.0,0.0,5.0,3.0,0.0,5.0,3.0,3.0,8.0,2.0,2.0,2.0,3.0,0.0,0.0,0.0,5.0,4.0,1.0,2.0,0.0,0.0,0.0,0.0,0.0,3.0,1.0,1.0,0.0,1.0,1.0,2.0,0.0,0.0,0.0,1.0,0.0,2.0,3.0,9.0,4.0,0.0,14.0,13.0,13.0,4.0,12.0
CHEMBL3647964,Activity,60.3,22.0,11.0,3.0,0.0,0.0,0.0,29.0,14.0,5.0,0.0,0.0,0.0,0.0,3.0,1.0,0.0,0.0,0.0,27.0,19.0,7.0,0.0,0.0,0.0,0.0,2.0,0.0,29.0,14.0,4.0,0.0,0.0,0.0,6.0,0.0,0.0,0.0,31.0,17.0,2.0,0.0,0.0,0.0,1.0,1.0,0.0,0.0,0.0,28.0,18.0,2.0,0.0,0.0,0.0,0.0,2.0,0.0,25.0,10.0,4.0,0.0,0.0,0.0,0.0,2.0,2.0,0.0,0.0,21.0,10.0,4.0,0.0,0.0,0.0,0.0,3.0,0.0,0.0,0.0,18.0,10.0,5.0,0.0,0.0,0.0,0.0,2.0,16.0,11.0,3.0,0.0,0.0,0.0,1.0,0.0,0.0,1.0,4.0,2.0,2.0,1.0,0.0,0.0,1.0,0.0,0.0,0.0,0.0,0.0,1.0,0.0,1.0,1.0,8.0,1.0,5.0,1.0,0.0,1.0,1.0,3.0,0.0,0.0,0.0,0.0,0.0,2.0,1.0,0.0,0.0,0.0,1.0,2.0,0.0,2.0,2.0,0.0,3.0,3.0,3.0,6.0,2.0,0.0,2.0,3.0,0.0,0.0,0.0,3.0,3.0,0.0,2.0,0.0,0.0,0.0,0.0,0.0,2.0,1.0,0.0,0.0,2.0,0.0,2.0,0.0,0.0,0.0,1.0,0.0,3.0,4.0,21.0,5.0,1.0,14.0,9.0,9.0,5.0,22.0
CHEMBL5197634,Activity,70.0,24.0,10.0,2.0,0.0,0.0,0.0,35.0,10.0,2.0,0.0,0.0,0.0,0.0,3.0,0.0,0.0,0.0,0.0,32.0,18.0,2.0,0.0,0.0,0.0,0.0,0.0,0.0,31.0,13.0,1.0,0.0,0.0,0.0,3.0,0.0,0.0,0.0,31.0,13.0,1.0,0.0,0.0,0.0,1.0,0.0,0.0,0.0,0.0,29.0,15.0,2.0,0.0,0.0,0.0,0.0,0.0,0.0,26.0,10.0,2.0,0.0,0.0,0.0,0.0,1.0,1.0,0.0,0.0,19.0,9.0,1.0,0.0,0.0,0.0,0.0,3.0,0.0,0.0,0.0,15.0,8.0,3.0,0.0,0.0,0.0,2.0,0.0,17.0,7.0,2.0,0.0,0.0,0.0,0.0,0.0,0.0,2.0,5.0,4.0,2.0,0.0,0.0,1.0,0.0,0.0,0.0,1.0,1.0,0.0,0.0,0.0,0.0,1.0,8.0,0.0,6.0,0.0,0.0,0.0,0.0,6.0,0.0,0.0,2.0,0.0,0.0,6.0,6.0,1.0,0.0,0.0,2.0,2.0,0.0,2.0,0.0,0.0,2.0,0.0,0.0,2.0,0.0,0.0,0.0,0.0,0.0,0.0,0.0,2.0,1.0,1.0,0.0,0.0,0.0,1.0,1.0,0.0,2.0,0.0,0.0,0.0,1.0,0.0,4.0,0.0,1.0,0.0,0.0,0.0,2.0,3.0,21.0,3.0,0.0,12.0,12.0,12.0,5.0,22.0
CHEMBL3895199,Activity,52.0,15.0,7.0,5.0,4.0,0.0,0.0,20.0,10.0,5.0,6.0,0.0,0.0,0.0,2.0,2.0,0.0,0.0,0.0,16.0,14.0,8.0,3.0,0.0,0.0,0.0,1.0,2.0,12.0,17.0,10.0,4.0,0.0,0.0,1.0,0.0,0.0,0.0,22.0,8.0,4.0,3.0,0.0,0.0,1.0,4.0,0.0,0.0,0.0,23.0,8.0,8.0,6.0,0.0,0.0,0.0,4.0,0.0,21.0,7.0,8.0,6.0,0.0,0.0,0.0,0.0,4.0,0.0,0.0,17.0,4.0,10.0,3.0,0.0,0.0,0.0,0.0,0.0,0.0,0.0,10.0,1.0,12.0,2.0,0.0,0.0,0.0,0.0,9.0,0.0,4.0,0.0,0.0,0.0,0.0,0.0,0.0,0.0,1.0,0.0,0.0,0.0,0.0,0.0,0.0,0.0,1.0,3.0,1.0,0.0,3.0,0.0,1.0,1.0,9.0,3.0,4.0,2.0,0.0,3.0,2.0,1.0,0.0,0.0,0.0,1.0,0.0,0.0,0.0,0.0,0.0,0.0,0.0,0.0,0.0,1.0,0.0,0.0,2.0,0.0,0.0,2.0,2.0,1.0,2.0,1.0,0.0,1.0,1.0,2.0,1.0,0.0,2.0,0.0,0.0,2.0,0.0,0.0,2.0,2.0,0.0,0.0,4.0,3.0,0.0,0.0,0.0,0.0,3.0,5.0,2.0,4.0,14.0,5.0,4.0,16.0,7.0,7.0,5.0,17.0
CHEMBL4085960,Activity,80.0,12.0,9.0,4.0,2.0,0.0,0.0,16.0,14.0,4.0,3.0,0.0,0.0,0.0,2.0,4.0,0.0,0.0,0.0,14.0,14.0,5.0,3.0,0.0,0.0,0.0,3.0,4.0,9.0,17.0,5.0,1.0,0.0,0.0,3.0,0.0,0.0,0.0,15.0,12.0,3.0,0.0,0.0,0.0,2.0,3.0,0.0,0.0,0.0,18.0,8.0,8.0,3.0,0.0,0.0,2.0,1.0,0.0,14.0,10.0,10.0,3.0,0.0,0.0,0.0,1.0,2.0,0.0,0.0,11.0,8.0,4.0,1.0,0.0,0.0,0.0,2.0,0.0,0.0,2.0,7.0,3.0,3.0,0.0,0.0,0.0,0.0,2.0,3.0,1.0,2.0,0.0,0.0,0.0,0.0,0.0,0.0,0.0,0.0,0.0,0.0,0.0,0.0,0.0,0.0,0.0,0.0,4.0,1.0,0.0,2.0,0.0,1.0,0.0,8.0,2.0,3.0,2.0,0.0,3.0,2.0,1.0,0.0,0.0,0.0,1.0,0.0,0.0,0.0,0.0,0.0,0.0,0.0,0.0,0.0,1.0,0.0,0.0,2.0,0.0,0.0,2.0,2.0,1.0,2.0,1.0,0.0,0.0,0.0,2.0,1.0,0.0,2.0,0.0,0.0,0.0,0.0,0.0,2.0,2.0,0.0,0.0,2.0,4.0,0.0,0.0,0.0,0.0,2.0,3.0,4.0,6.0,14.0,7.0,2.0,15.0,7.0,7.0,2.0,14.0
CHEMBL1421,Activity,30.0,15.0,16.0,2.0,2.0,0.0,1.0,22.0,15.0,2.0,2.0,0.0,2.0,2.0,4.0,1.0,0.0,0.0,0.0,23.0,17.0,2.0,1.0,0.0,2.0,2.0,1.0,1.0,20.0,10.0,5.0,2.0,0.0,3.0,5.0,1.0,0.0,0.0,18.0,13.0,5.0,4.0,0.0,1.0,2.0,1.0,0.0,0.0,0.0,17.0,13.0,2.0,4.0,0.0,1.0,2.0,1.0,0.0,14.0,14.0,2.0,3.0,0.0,1.0,1.0,3.0,1.0,0.0,1.0,12.0,14.0,3.0,2.0,0.0,0.0,0.0,1.0,0.0,1.0,0.0,15.0,6.0,3.0,0.0,0.0,1.0,3.0,2.0,12.0,10.0,3.0,0.0,1.0,0.0,2.0,0.0,1.0,0.0,6.0,0.0,3.0,0.0,0.0,0.0,4.0,0.0,0.0,2.0,2.0,1.0,1.0,0.0,2.0,0.0,9.0,1.0,3.0,0.0,0.0,0.0,0.0,0.0,0.0,0.0,0.0,0.0,0.0,0.0,0.0,0.0,0.0,0.0,0.0,0.0,0.0,0.0,0.0,0.0,5.0,3.0,3.0,8.0,0.0,0.0,0.0,4.0,2.0,1.0,0.0,6.0,4.0,0.0,0.0,1.0,2.0,1.0,0.0,0.0,4.0,1.0,2.0,1.0,2.0,2.0,0.0,0.0,0.0,1.0,1.0,0.0,3.0,4.0,17.0,6.0,2.0,20.0,15.0,15.0,8.0,18.0
CHEMBL4869977,Activity,75.7,28.0,13.0,4.0,0.0,0.0,0.0,39.0,16.0,4.0,0.0,0.0,0.0,0.0,2.0,2.0,0.0,0.0,0.0,38.0,18.0,7.0,0.0,0.0,0.0,0.0,2.0,1.0,32.0,19.0,9.0,0.0,0.0,0.0,2.0,0.0,0.0,0.0,39.0,15.0,6.0,0.0,0.0,0.0,1.0,0.0,0.0,0.0,1.0,41.0,16.0,4.0,0.0,0.0,0.0,1.0,1.0,0.0,37.0,14.0,4.0,0.0,0.0,0.0,0.0,2.0,1.0,0.0,0.0,31.0,12.0,4.0,0.0,0.0,0.0,2.0,1.0,0.0,0.0,0.0,28.0,12.0,3.0,0.0,0.0,0.0,1.0,4.0,24.0,15.0,6.0,0.0,0.0,1.0,2.0,0.0,0.0,1.0,9.0,2.0,6.0,3.0,2.0,0.0,1.0,0.0,2.0,1.0,2.0,1.0,2.0,0.0,1.0,1.0,13.0,2.0,9.0,1.0,1.0,0.0,1.0,8.0,2.0,1.0,0.0,2.0,0.0,8.0,8.0,3.0,1.0,0.0,2.0,2.0,0.0,2.0,0.0,0.0,3.0,2.0,1.0,4.0,0.0,0.0,2.0,1.0,1.0,2.0,2.0,4.0,3.0,0.0,2.0,1.0,4.0,2.0,0.0,0.0,3.0,2.0,0.0,2.0,3.0,1.0,5.0,0.0,0.0,0.0,2.0,2.0,2.0,3.0,21.0,5.0,2.0,17.0,20.0,20.0,7.0,25.0
CHEMBL4750196,Activity,60.29,24.0,12.0,5.0,0.0,2.0,3.0,32.0,14.0,8.0,0.0,4.0,2.0,6.0,2.0,1.0,0.0,0.0,0.0,30.0,18.0,10.0,0.0,5.0,2.0,7.0,0.0,2.0,26.0,15.0,11.0,0.0,2.0,3.0,1.0,2.0,1.0,2.0,30.0,9.0,13.0,0.0,1.0,2.0,4.0,1.0,2.0,2.0,1.0,32.0,13.0,8.0,0.0,3.0,4.0,0.0,4.0,2.0,34.0,14.0,6.0,0.0,3.0,3.0,6.0,1.0,3.0,1.0,1.0,30.0,17.0,11.0,0.0,6.0,8.0,1.0,1.0,0.0,1.0,0.0,27.0,19.0,10.0,0.0,3.0,4.0,0.0,1.0,29.0,8.0,13.0,4.0,5.0,5.0,1.0,1.0,1.0,0.0,7.0,0.0,4.0,1.0,3.0,0.0,3.0,0.0,3.0,0.0,2.0,1.0,1.0,2.0,1.0,2.0,8.0,1.0,4.0,0.0,0.0,0.0,0.0,1.0,0.0,0.0,0.0,0.0,0.0,0.0,0.0,0.0,0.0,0.0,0.0,0.0,0.0,1.0,1.0,1.0,3.0,3.0,3.0,6.0,0.0,0.0,0.0,3.0,3.0,3.0,2.0,4.0,3.0,0.0,0.0,1.0,4.0,3.0,1.0,2.0,4.0,1.0,0.0,2.0,5.0,0.0,1.0,0.0,1.0,1.0,1.0,2.0,2.0,2.0,22.0,4.0,4.0,17.0,14.0,14.0,11.0,25.0
CHEMBL3326032,Activity,20.0,14.0,7.0,3.0,4.0,0.0,0.0,19.0,10.0,3.0,6.0,0.0,0.0,0.0,2.0,2.0,0.0,0.0,0.0,14.0,14.0,6.0,3.0,0.0,0.0,0.0,1.0,2.0,10.0,17.0,6.0,3.0,0.0,0.0,1.0,0.0,0.0,0.0,18.0,8.0,3.0,2.0,0.0,0.0,1.0,3.0,0.0,0.0,0.0,19.0,7.0,7.0,6.0,0.0,0.0,0.0,2.0,0.0,19.0,4.0,7.0,6.0,0.0,0.0,0.0,0.0,3.0,0.0,0.0,15.0,1.0,7.0,3.0,0.0,0.0,0.0,0.0,0.0,0.0,0.0,6.0,0.0,8.0,1.0,0.0,0.0,0.0,0.0,2.0,0.0,1.0,0.0,0.0,0.0,0.0,0.0,0.0,0.0,1.0,0.0,0.0,0.0,0.0,0.0,0.0,0.0,0.0,2.0,1.0,0.0,2.0,0.0,1.0,0.0,7.0,2.0,3.0,2.0,0.0,3.0,2.0,1.0,0.0,0.0,0.0,1.0,0.0,0.0,0.0,0.0,0.0,0.0,0.0,0.0,0.0,1.0,0.0,0.0,2.0,0.0,0.0,2.0,2.0,1.0,2.0,1.0,0.0,0.0,0.0,2.0,1.0,0.0,2.0,0.0,0.0,1.0,0.0,0.0,2.0,2.0,0.0,0.0,3.0,2.0,0.0,0.0,0.0,0.0,2.0,3.0,2.0,4.0,14.0,5.0,2.0,14.0,7.0,7.0,3.0,16.0
CHEMBL4756422,Activity,52.0,20.0,15.0,1.0,0.0,0.0,0.0,31.0,16.0,1.0,0.0,0.0,0.0,0.0,3.0,1.0,0.0,0.0,0.0,29.0,20.0,3.0,0.0,0.0,0.0,0.0,0.0,0.0,28.0,15.0,3.0,0.0,0.0,0.0,2.0,0.0,0.0,0.0,22.0,18.0,2.0,0.0,0.0,0.0,2.0,1.0,0.0,0.0,0.0,24.0,13.0,4.0,0.0,0.0,0.0,4.0,0.0,0.0,31.0,9.0,1.0,0.0,0.0,0.0,0.0,2.0,1.0,0.0,0.0,21.0,17.0,1.0,0.0,0.0,0.0,0.0,0.0,0.0,0.0,0.0,22.0,11.0,0.0,0.0,0.0,0.0,0.0,2.0,20.0,10.0,2.0,0.0,0.0,1.0,0.0,0.0,0.0,1.0,4.0,0.0,1.0,0.0,0.0,0.0,1.0,1.0,0.0,5.0,1.0,0.0,1.0,0.0,2.0,0.0,13.0,1.0,5.0,1.0,0.0,2.0,1.0,1.0,0.0,0.0,0.0,0.0,1.0,0.0,0.0,0.0,0.0,0.0,0.0,0.0,0.0,0.0,0.0,0.0,3.0,3.0,1.0,6.0,1.0,0.0,1.0,1.0,0.0,0.0,0.0,6.0,6.0,0.0,2.0,0.0,0.0,0.0,0.0,0.0,3.0,1.0,0.0,0.0,1.0,3.0,1.0,0.0,0.0,1.0,1.0,1.0,3.0,4.0,17.0,5.0,1.0,16.0,16.0,16.0,7.0,21.0
CHEMBL4789556,Activity,66.0,22.0,15.0,1.0,0.0,0.0,0.0,31.0,18.0,1.0,0.0,0.0,0.0,0.0,3.0,1.0,0.0,0.0,0.0,33.0,20.0,3.0,0.0,0.0,0.0,0.0,0.0,0.0,31.0,15.0,3.0,0.0,0.0,0.0,2.0,0.0,0.0,0.0,24.0,19.0,0.0,0.0,0.0,0.0,1.0,1.0,0.0,0.0,0.0,27.0,10.0,2.0,0.0,0.0,0.0,5.0,0.0,0.0,29.0,14.0,2.0,0.0,0.0,0.0,0.0,0.0,0.0,0.0,0.0,27.0,11.0,2.0,0.0,0.0,0.0,2.0,0.0,0.0,0.0,0.0,24.0,11.0,2.0,0.0,0.0,0.0,0.0,0.0,23.0,10.0,1.0,0.0,0.0,0.0,0.0,0.0,0.0,1.0,6.0,0.0,1.0,0.0,0.0,0.0,4.0,0.0,0.0,5.0,1.0,0.0,1.0,0.0,2.0,0.0,15.0,1.0,7.0,1.0,0.0,2.0,1.0,1.0,0.0,0.0,0.0,0.0,1.0,0.0,0.0,0.0,0.0,0.0,0.0,0.0,0.0,0.0,0.0,0.0,5.0,5.0,4.0,10.0,2.0,0.0,2.0,4.0,0.0,0.0,0.0,6.0,6.0,0.0,2.0,0.0,0.0,0.0,0.0,0.0,3.0,1.0,0.0,0.0,1.0,5.0,1.0,0.0,0.0,1.0,1.0,1.0,3.0,4.0,17.0,5.0,1.0,16.0,18.0,18.0,9.0,21.0
CHEMBL4550152,Activity,9.0,29.0,7.0,0.0,1.0,0.0,0.0,38.0,9.0,2.0,3.0,0.0,0.0,0.0,0.0,2.0,0.0,0.0,0.0,37.0,9.0,6.0,4.0,0.0,0.0,0.0,1.0,0.0,28.0,10.0,8.0,3.0,0.0,0.0,0.0,0.0,0.0,0.0,24.0,10.0,6.0,1.0,0.0,0.0,0.0,2.0,0.0,0.0,0.0,24.0,6.0,2.0,1.0,0.0,0.0,1.0,2.0,0.0,22.0,7.0,2.0,1.0,0.0,0.0,0.0,0.0,0.0,0.0,0.0,18.0,8.0,2.0,1.0,0.0,0.0,0.0,0.0,0.0,0.0,0.0,17.0,5.0,2.0,2.0,0.0,0.0,1.0,0.0,18.0,3.0,4.0,0.0,0.0,1.0,0.0,0.0,0.0,0.0,3.0,0.0,1.0,0.0,0.0,3.0,0.0,0.0,0.0,0.0,2.0,0.0,0.0,0.0,0.0,0.0,5.0,0.0,2.0,0.0,0.0,1.0,0.0,0.0,0.0,0.0,0.0,0.0,0.0,0.0,0.0,0.0,0.0,0.0,0.0,0.0,0.0,0.0,0.0,0.0,3.0,0.0,0.0,2.0,0.0,0.0,0.0,1.0,0.0,0.0,0.0,3.0,1.0,0.0,0.0,0.0,0.0,0.0,0.0,0.0,2.0,0.0,1.0,0.0,2.0,0.0,0.0,0.0,0.0,0.0,0.0,0.0,2.0,2.0,26.0,2.0,6.0,8.0,7.0,7.0,8.0,29.0
CHEMBL3984002,Activity,13.0,19.0,7.0,2.0,4.0,1.0,1.0,25.0,10.0,2.0,6.0,2.0,0.0,2.0,2.0,2.0,0.0,0.0,0.0,18.0,14.0,5.0,4.0,2.0,0.0,2.0,1.0,2.0,17.0,14.0,3.0,5.0,1.0,1.0,1.0,0.0,0.0,0.0,24.0,9.0,2.0,3.0,1.0,1.0,1.0,2.0,0.0,0.0,0.0,22.0,13.0,6.0,6.0,1.0,1.0,0.0,0.0,0.0,21.0,11.0,4.0,5.0,2.0,0.0,2.0,0.0,2.0,0.0,0.0,21.0,5.0,4.0,5.0,1.0,1.0,0.0,0.0,1.0,1.0,0.0,21.0,1.0,8.0,3.0,1.0,1.0,0.0,0.0,15.0,0.0,4.0,1.0,1.0,0.0,0.0,1.0,1.0,0.0,0.0,0.0,0.0,0.0,0.0,0.0,0.0,0.0,0.0,1.0,1.0,0.0,2.0,1.0,1.0,0.0,5.0,2.0,3.0,2.0,0.0,3.0,2.0,1.0,0.0,0.0,0.0,1.0,0.0,0.0,0.0,0.0,0.0,0.0,0.0,0.0,0.0,1.0,0.0,0.0,2.0,0.0,0.0,2.0,2.0,1.0,2.0,1.0,0.0,0.0,0.0,2.0,1.0,0.0,2.0,0.0,0.0,0.0,0.0,1.0,2.0,2.0,0.0,0.0,2.0,1.0,0.0,0.0,0.0,0.0,2.0,3.0,2.0,4.0,20.0,5.0,2.0,13.0,4.0,4.0,2.0,22.0
CHEMBL1987813,Activity,84.0,16.0,0.0,7.0,0.0,0.0,0.0,22.0,0.0,14.0,0.0,0.0,0.0,0.0,0.0,0.0,0.0,0.0,0.0,21.0,0.0,21.0,0.0,0.0,0.0,0.0,0.0,0.0,14.0,0.0,23.0,0.0,0.0,0.0,0.0,0.0,0.0,0.0,10.0,0.0,14.0,0.0,0.0,0.0,0.0,0.0,0.0,0.0,7.0,6.0,0.0,10.0,0.0,0.0,0.0,0.0,0.0,3.0,2.0,0.0,7.0,0.0,0.0,0.0,0.0,0.0,0.0,0.0,0.0,0.0,0.0,2.0,0.0,0.0,0.0,0.0,0.0,0.0,0.0,2.0,0.0,0.0,0.0,0.0,0.0,0.0,0.0,0.0,0.0,0.0,0.0,0.0,0.0,0.0,0.0,0.0,0.0,3.0,1.0,1.0,0.0,0.0,0.0,0.0,0.0,0.0,0.0,0.0,0.0,0.0,2.0,0.0,0.0,0.0,8.0,2.0,7.0,0.0,0.0,4.0,2.0,6.0,0.0,0.0,0.0,2.0,2.0,5.0,4.0,3.0,2.0,1.0,0.0,0.0,5.0,0.0,0.0,6.0,0.0,0.0,0.0,0.0,0.0,0.0,0.0,0.0,0.0,6.0,0.0,0.0,0.0,0.0,0.0,0.0,0.0,3.0,0.0,0.0,0.0,0.0,0.0,0.0,7.0,0.0,1.0,0.0,0.0,0.0,0.0,10.0,0.0,0.0,6.0,0.0,6.0,7.0,10.0,10.0,0.0,13.0
CHEMBL4793380,Activity,1.0,16.0,13.0,4.0,0.0,0.0,0.0,23.0,12.0,6.0,0.0,0.0,0.0,0.0,5.0,2.0,0.0,0.0,0.0,19.0,18.0,6.0,0.0,0.0,0.0,0.0,0.0,5.0,16.0,15.0,6.0,0.0,0.0,0.0,4.0,1.0,0.0,0.0,15.0,15.0,5.0,0.0,0.0,0.0,1.0,1.0,0.0,0.0,1.0,17.0,11.0,5.0,0.0,0.0,0.0,0.0,0.0,0.0,15.0,10.0,6.0,0.0,0.0,0.0,0.0,2.0,1.0,0.0,0.0,14.0,8.0,3.0,0.0,0.0,0.0,0.0,1.0,0.0,0.0,0.0,14.0,3.0,3.0,0.0,0.0,0.0,4.0,1.0,10.0,9.0,2.0,0.0,0.0,0.0,2.0,0.0,0.0,0.0,3.0,0.0,2.0,1.0,1.0,1.0,0.0,0.0,1.0,3.0,3.0,0.0,0.0,0.0,0.0,1.0,8.0,0.0,5.0,0.0,1.0,0.0,0.0,4.0,0.0,0.0,0.0,0.0,0.0,0.0,0.0,0.0,0.0,0.0,0.0,0.0,0.0,1.0,0.0,1.0,1.0,0.0,0.0,0.0,0.0,0.0,0.0,0.0,0.0,1.0,0.0,2.0,0.0,0.0,0.0,1.0,0.0,2.0,0.0,0.0,4.0,0.0,0.0,0.0,2.0,3.0,1.0,0.0,1.0,0.0,0.0,0.0,3.0,4.0,17.0,6.0,2.0,17.0,13.0,13.0,6.0,18.0
CHEMBL3975030,Activity,4.0,24.0,9.0,4.0,4.0,0.0,0.0,32.0,12.0,6.0,6.0,0.0,0.0,0.0,2.0,2.0,0.0,0.0,0.0,27.0,15.0,9.0,5.0,0.0,0.0,0.0,1.0,2.0,27.0,17.0,4.0,5.0,0.0,0.0,1.0,1.0,0.0,0.0,36.0,11.0,3.0,3.0,0.0,0.0,1.0,2.0,0.0,0.0,0.0,33.0,15.0,7.0,6.0,0.0,0.0,0.0,0.0,0.0,29.0,13.0,9.0,7.0,0.0,0.0,0.0,0.0,2.0,0.0,0.0,31.0,6.0,5.0,7.0,0.0,0.0,0.0,1.0,0.0,0.0,0.0,30.0,3.0,9.0,5.0,0.0,0.0,0.0,2.0,24.0,5.0,5.0,0.0,0.0,0.0,1.0,0.0,0.0,1.0,4.0,2.0,2.0,0.0,0.0,2.0,0.0,0.0,0.0,2.0,2.0,0.0,2.0,0.0,1.0,1.0,11.0,2.0,7.0,2.0,0.0,3.0,2.0,4.0,0.0,0.0,0.0,1.0,0.0,2.0,1.0,0.0,0.0,0.0,1.0,2.0,0.0,3.0,0.0,2.0,4.0,0.0,0.0,4.0,2.0,1.0,2.0,2.0,0.0,2.0,0.0,4.0,2.0,0.0,2.0,0.0,0.0,1.0,1.0,0.0,3.0,2.0,0.0,0.0,3.0,2.0,2.0,0.0,1.0,0.0,2.0,3.0,2.0,4.0,20.0,6.0,2.0,17.0,12.0,12.0,4.0,24.0
CHEMBL3290631,Activity,4.0,24.0,10.0,4.0,4.0,0.0,0.0,33.0,13.0,5.0,5.0,0.0,0.0,0.0,2.0,2.0,0.0,0.0,0.0,29.0,15.0,7.0,3.0,0.0,0.0,0.0,1.0,3.0,25.0,17.0,7.0,5.0,0.0,0.0,1.0,0.0,0.0,0.0,30.0,14.0,6.0,4.0,0.0,0.0,1.0,2.0,0.0,0.0,0.0,32.0,16.0,9.0,7.0,0.0,0.0,0.0,0.0,0.0,37.0,11.0,6.0,6.0,0.0,0.0,0.0,0.0,5.0,0.0,0.0,36.0,7.0,7.0,6.0,0.0,0.0,0.0,1.0,0.0,0.0,0.0,31.0,6.0,11.0,3.0,0.0,0.0,0.0,0.0,25.0,1.0,5.0,0.0,0.0,3.0,0.0,0.0,0.0,0.0,7.0,0.0,5.0,3.0,1.0,0.0,3.0,0.0,1.0,1.0,1.0,0.0,2.0,0.0,2.0,1.0,12.0,2.0,8.0,2.0,0.0,3.0,2.0,4.0,0.0,0.0,0.0,1.0,0.0,2.0,1.0,0.0,0.0,0.0,1.0,2.0,0.0,3.0,2.0,0.0,5.0,3.0,3.0,8.0,2.0,1.0,2.0,4.0,2.0,1.0,0.0,5.0,4.0,0.0,2.0,0.0,2.0,1.0,1.0,0.0,3.0,2.0,0.0,1.0,3.0,1.0,3.0,0.0,1.0,1.0,2.0,3.0,2.0,4.0,20.0,6.0,2.0,18.0,13.0,13.0,6.0,23.0
CHEMBL4207079,Activity,17.0,17.0,18.0,2.0,0.0,4.0,4.0,26.0,17.0,2.0,0.0,8.0,0.0,8.0,7.0,0.0,0.0,0.0,0.0,23.0,22.0,0.0,0.0,8.0,0.0,8.0,5.0,1.0,20.0,21.0,1.0,0.0,5.0,5.0,5.0,0.0,4.0,4.0,21.0,20.0,0.0,0.0,6.0,6.0,3.0,2.0,1.0,1.0,0.0,19.0,25.0,2.0,0.0,3.0,3.0,2.0,0.0,0.0,25.0,14.0,1.0,0.0,5.0,0.0,5.0,6.0,2.0,1.0,1.0,22.0,19.0,3.0,0.0,2.0,2.0,0.0,1.0,7.0,7.0,0.0,21.0,16.0,3.0,0.0,9.0,9.0,0.0,0.0,19.0,10.0,2.0,9.0,9.0,0.0,2.0,4.0,4.0,0.0,5.0,0.0,2.0,0.0,2.0,1.0,1.0,0.0,2.0,0.0,1.0,0.0,0.0,4.0,1.0,1.0,5.0,0.0,2.0,0.0,0.0,0.0,0.0,0.0,0.0,0.0,0.0,0.0,0.0,0.0,0.0,0.0,0.0,0.0,0.0,0.0,0.0,0.0,0.0,0.0,2.0,0.0,0.0,2.0,0.0,0.0,0.0,1.0,1.0,2.0,2.0,3.0,1.0,0.0,0.0,0.0,2.0,2.0,0.0,4.0,2.0,0.0,0.0,2.0,1.0,0.0,0.0,0.0,0.0,0.0,0.0,0.0,4.0,6.0,24.0,8.0,0.0,20.0,11.0,11.0,4.0,22.0
CHEMBL4753147,Activity,44.0,18.0,12.0,1.0,0.0,1.0,1.0,25.0,15.0,1.0,0.0,2.0,0.0,2.0,3.0,0.0,0.0,0.0,0.0,25.0,17.0,1.0,0.0,1.0,0.0,1.0,0.0,0.0,23.0,13.0,0.0,0.0,3.0,3.0,2.0,1.0,0.0,0.0,18.0,16.0,2.0,0.0,0.0,0.0,0.0,0.0,3.0,3.0,0.0,21.0,6.0,2.0,0.0,2.0,2.0,5.0,0.0,0.0,19.0,10.0,2.0,0.0,4.0,0.0,4.0,0.0,0.0,0.0,0.0,15.0,9.0,2.0,0.0,2.0,2.0,2.0,0.0,0.0,0.0,0.0,13.0,9.0,1.0,0.0,2.0,2.0,0.0,0.0,13.0,8.0,0.0,2.0,2.0,0.0,1.0,0.0,0.0,1.0,6.0,0.0,3.0,1.0,0.0,0.0,3.0,0.0,0.0,2.0,1.0,0.0,0.0,1.0,1.0,0.0,9.0,0.0,5.0,0.0,0.0,0.0,0.0,2.0,0.0,0.0,0.0,0.0,1.0,0.0,0.0,0.0,0.0,0.0,0.0,0.0,0.0,1.0,1.0,1.0,2.0,2.0,1.0,4.0,0.0,0.0,0.0,1.0,0.0,1.0,0.0,3.0,3.0,0.0,0.0,0.0,0.0,1.0,0.0,1.0,2.0,0.0,0.0,0.0,1.0,2.0,2.0,0.0,0.0,1.0,0.0,0.0,3.0,4.0,17.0,5.0,0.0,13.0,14.0,14.0,6.0,17.0
CHEMBL4164573,Activity,98.52,17.0,16.0,1.0,2.0,0.0,0.0,26.0,19.0,1.0,2.0,0.0,0.0,0.0,2.0,1.0,0.0,0.0,0.0,23.0,18.0,2.0,2.0,0.0,0.0,0.0,4.0,1.0,22.0,13.0,3.0,0.0,0.0,0.0,3.0,2.0,0.0,0.0,24.0,14.0,4.0,1.0,0.0,0.0,2.0,0.0,0.0,0.0,0.0,23.0,17.0,2.0,2.0,0.0,0.0,2.0,1.0,0.0,15.0,18.0,4.0,2.0,0.0,0.0,0.0,2.0,0.0,0.0,0.0,15.0,10.0,1.0,0.0,0.0,0.0,1.0,2.0,0.0,0.0,0.0,17.0,6.0,2.0,1.0,0.0,0.0,2.0,0.0,15.0,8.0,2.0,0.0,0.0,2.0,0.0,0.0,0.0,0.0,5.0,0.0,2.0,0.0,0.0,0.0,4.0,2.0,0.0,2.0,2.0,1.0,1.0,0.0,2.0,0.0,8.0,1.0,2.0,0.0,0.0,0.0,0.0,0.0,0.0,0.0,0.0,0.0,0.0,0.0,0.0,0.0,0.0,0.0,0.0,0.0,0.0,0.0,0.0,0.0,4.0,4.0,2.0,8.0,0.0,0.0,0.0,2.0,0.0,0.0,0.0,7.0,6.0,0.0,0.0,1.0,0.0,0.0,0.0,0.0,4.0,1.0,2.0,0.0,1.0,1.0,0.0,0.0,0.0,2.0,1.0,1.0,3.0,5.0,20.0,7.0,2.0,19.0,16.0,16.0,7.0,21.0
CHEMBL4446405,Activity,103.25,9.0,13.0,0.0,0.0,0.0,0.0,25.0,1.0,0.0,0.0,0.0,0.0,0.0,6.0,0.0,0.0,0.0,0.0,11.0,16.0,0.0,0.0,0.0,0.0,0.0,0.0,0.0,14.0,4.0,0.0,0.0,0.0,0.0,0.0,0.0,0.0,0.0,9.0,5.0,0.0,0.0,0.0,0.0,0.0,0.0,0.0,0.0,0.0,10.0,5.0,0.0,0.0,0.0,0.0,0.0,0.0,0.0,9.0,7.0,0.0,0.0,0.0,0.0,0.0,0.0,0.0,0.0,0.0,9.0,6.0,0.0,0.0,0.0,0.0,0.0,0.0,0.0,0.0,0.0,6.0,3.0,0.0,0.0,0.0,0.0,0.0,0.0,3.0,0.0,0.0,0.0,0.0,0.0,0.0,0.0,0.0,0.0,7.0,0.0,0.0,0.0,0.0,0.0,21.0,0.0,0.0,0.0,0.0,0.0,0.0,0.0,7.0,0.0,9.0,0.0,1.0,0.0,0.0,1.0,0.0,0.0,0.0,0.0,0.0,0.0,0.0,0.0,0.0,0.0,0.0,0.0,0.0,0.0,0.0,0.0,0.0,0.0,1.0,3.0,0.0,3.0,0.0,0.0,0.0,0.0,0.0,0.0,0.0,13.0,15.0,0.0,0.0,0.0,0.0,0.0,0.0,0.0,4.0,0.0,0.0,0.0,0.0,0.0,0.0,0.0,0.0,0.0,0.0,0.0,0.0,0.0,6.0,0.0,2.0,13.0,15.0,15.0,3.0,12.0
CHEMBL3924345,Activity,13.0,28.0,9.0,4.0,4.0,0.0,0.0,37.0,12.0,5.0,6.0,0.0,0.0,0.0,2.0,2.0,0.0,0.0,0.0,31.0,16.0,7.0,5.0,0.0,0.0,0.0,1.0,3.0,27.0,20.0,5.0,5.0,0.0,0.0,1.0,0.0,0.0,0.0,35.0,13.0,4.0,3.0,0.0,0.0,1.0,2.0,0.0,0.0,0.0,34.0,15.0,9.0,6.0,0.0,0.0,0.0,0.0,0.0,33.0,12.0,11.0,7.0,0.0,0.0,0.0,0.0,2.0,0.0,0.0,37.0,6.0,6.0,6.0,0.0,0.0,0.0,1.0,0.0,0.0,0.0,36.0,3.0,9.0,3.0,0.0,0.0,0.0,2.0,27.0,6.0,5.0,0.0,0.0,0.0,1.0,0.0,0.0,0.0,3.0,0.0,1.0,0.0,1.0,2.0,0.0,0.0,1.0,2.0,2.0,0.0,2.0,0.0,1.0,1.0,9.0,2.0,4.0,2.0,0.0,3.0,2.0,1.0,0.0,0.0,0.0,1.0,0.0,0.0,0.0,0.0,0.0,0.0,0.0,0.0,0.0,1.0,0.0,0.0,3.0,0.0,0.0,3.0,2.0,1.0,2.0,1.0,0.0,1.0,0.0,4.0,2.0,0.0,2.0,0.0,1.0,1.0,1.0,0.0,3.0,2.0,0.0,1.0,3.0,2.0,0.0,0.0,1.0,0.0,2.0,3.0,2.0,4.0,26.0,5.0,2.0,17.0,10.0,10.0,8.0,29.0
CHEMBL4096145,Activity,72.0,22.0,7.0,1.0,0.0,0.0,0.0,31.0,15.0,1.0,0.0,0.0,0.0,0.0,0.0,1.0,0.0,0.0,0.0,28.0,19.0,2.0,0.0,0.0,0.0,0.0,1.0,0.0,24.0,9.0,1.0,0.0,0.0,0.0,4.0,2.0,0.0,0.0,27.0,11.0,2.0,0.0,0.0,0.0,1.0,1.0,0.0,0.0,0.0,27.0,17.0,4.0,0.0,0.0,0.0,0.0,0.0,0.0,22.0,16.0,5.0,0.0,0.0,0.0,0.0,1.0,0.0,0.0,0.0,16.0,7.0,3.0,0.0,0.0,0.0,2.0,1.0,0.0,0.0,0.0,15.0,3.0,2.0,0.0,0.0,0.0,0.0,0.0,12.0,3.0,1.0,0.0,0.0,0.0,0.0,0.0,0.0,1.0,2.0,1.0,1.0,0.0,0.0,0.0,0.0,0.0,0.0,3.0,1.0,0.0,1.0,0.0,0.0,0.0,9.0,1.0,8.0,0.0,5.0,0.0,0.0,12.0,13.0,7.0,12.0,0.0,0.0,13.0,7.0,3.0,2.0,0.0,3.0,5.0,0.0,8.0,0.0,0.0,5.0,0.0,0.0,0.0,0.0,0.0,0.0,0.0,0.0,0.0,0.0,3.0,0.0,0.0,0.0,0.0,0.0,0.0,0.0,0.0,3.0,1.0,0.0,0.0,1.0,3.0,2.0,0.0,0.0,0.0,1.0,1.0,1.0,2.0,15.0,2.0,2.0,8.0,11.0,11.0,3.0,19.0
CHEMBL4741075,Activity,47.0,27.0,12.0,2.0,0.0,0.0,0.0,37.0,15.0,3.0,0.0,0.0,0.0,0.0,3.0,1.0,0.0,0.0,0.0,35.0,19.0,6.0,0.0,0.0,0.0,0.0,0.0,0.0,32.0,14.0,6.0,0.0,0.0,0.0,2.0,0.0,0.0,0.0,25.0,19.0,4.0,0.0,0.0,0.0,1.0,1.0,0.0,0.0,1.0,29.0,11.0,6.0,0.0,0.0,0.0,4.0,0.0,0.0,34.0,9.0,5.0,0.0,0.0,0.0,0.0,2.0,1.0,0.0,0.0,27.0,16.0,4.0,0.0,0.0,0.0,0.0,0.0,0.0,0.0,0.0,30.0,9.0,2.0,0.0,0.0,0.0,0.0,2.0,27.0,10.0,3.0,0.0,0.0,0.0,1.0,0.0,0.0,1.0,3.0,0.0,1.0,0.0,0.0,0.0,1.0,0.0,0.0,3.0,1.0,0.0,2.0,0.0,1.0,0.0,11.0,2.0,5.0,1.0,0.0,2.0,2.0,1.0,0.0,0.0,0.0,0.0,2.0,0.0,0.0,0.0,0.0,0.0,0.0,0.0,0.0,0.0,0.0,0.0,2.0,2.0,1.0,4.0,1.0,0.0,1.0,1.0,0.0,0.0,0.0,3.0,3.0,0.0,2.0,0.0,0.0,0.0,0.0,0.0,2.0,1.0,0.0,0.0,2.0,3.0,1.0,0.0,0.0,0.0,1.0,4.0,3.0,4.0,23.0,5.0,4.0,14.0,13.0,13.0,7.0,27.0
CHEMBL4760274,Activity,78.0,20.0,12.0,2.0,0.0,0.0,0.0,28.0,15.0,2.0,0.0,0.0,0.0,0.0,3.0,0.0,0.0,0.0,0.0,27.0,19.0,2.0,0.0,0.0,0.0,0.0,0.0,0.0,26.0,14.0,2.0,0.0,0.0,0.0,2.0,0.0,0.0,0.0,20.0,19.0,0.0,0.0,0.0,0.0,0.0,2.0,0.0,0.0,0.0,25.0,6.0,4.0,0.0,0.0,0.0,5.0,0.0,0.0,25.0,10.0,4.0,0.0,0.0,0.0,0.0,0.0,0.0,0.0,0.0,19.0,9.0,4.0,0.0,0.0,0.0,2.0,0.0,0.0,0.0,0.0,16.0,9.0,4.0,0.0,0.0,0.0,0.0,0.0,15.0,9.0,2.0,0.0,0.0,0.0,0.0,0.0,0.0,1.0,4.0,0.0,1.0,0.0,0.0,0.0,3.0,0.0,0.0,3.0,1.0,0.0,1.0,0.0,1.0,0.0,11.0,1.0,5.0,0.0,0.0,2.0,1.0,1.0,0.0,0.0,0.0,0.0,1.0,0.0,0.0,0.0,0.0,0.0,0.0,0.0,0.0,0.0,0.0,0.0,2.0,2.0,1.0,4.0,0.0,0.0,0.0,1.0,0.0,1.0,0.0,3.0,3.0,0.0,0.0,0.0,0.0,1.0,0.0,0.0,2.0,0.0,0.0,0.0,2.0,3.0,1.0,0.0,0.0,1.0,1.0,1.0,3.0,4.0,17.0,5.0,1.0,14.0,15.0,15.0,6.0,20.0
CHEMBL4440541,Activity,15.0,16.0,15.0,0.0,0.0,2.0,2.0,22.0,18.0,0.0,0.0,4.0,0.0,4.0,3.0,0.0,0.0,0.0,0.0,25.0,16.0,0.0,0.0,3.0,0.0,3.0,1.0,0.0,22.0,14.0,0.0,0.0,6.0,6.0,2.0,0.0,1.0,1.0,18.0,16.0,0.0,0.0,3.0,3.0,1.0,0.0,3.0,3.0,0.0,19.0,8.0,0.0,0.0,2.0,2.0,4.0,0.0,0.0,19.0,8.0,0.0,0.0,6.0,0.0,6.0,2.0,0.0,0.0,0.0,14.0,12.0,0.0,0.0,6.0,6.0,1.0,0.0,0.0,0.0,0.0,10.0,14.0,0.0,0.0,3.0,3.0,0.0,0.0,14.0,5.0,0.0,0.0,0.0,2.0,0.0,3.0,3.0,0.0,7.0,0.0,3.0,0.0,0.0,0.0,4.0,0.0,0.0,2.0,1.0,0.0,0.0,2.0,2.0,0.0,9.0,0.0,5.0,0.0,0.0,0.0,0.0,1.0,0.0,0.0,0.0,0.0,0.0,0.0,0.0,0.0,0.0,0.0,0.0,0.0,0.0,0.0,0.0,0.0,5.0,3.0,3.0,8.0,0.0,0.0,0.0,4.0,0.0,0.0,0.0,5.0,4.0,0.0,0.0,2.0,0.0,0.0,0.0,2.0,3.0,0.0,2.0,0.0,0.0,2.0,1.0,0.0,0.0,2.0,0.0,0.0,3.0,4.0,17.0,6.0,0.0,15.0,13.0,13.0,6.0,17.0
CHEMBL4541604,Activity,12.0,19.0,15.0,0.0,0.0,2.0,2.0,26.0,19.0,0.0,0.0,4.0,0.0,4.0,3.0,0.0,0.0,0.0,0.0,26.0,18.0,0.0,0.0,3.0,0.0,3.0,1.0,0.0,25.0,15.0,0.0,0.0,6.0,6.0,2.0,0.0,1.0,1.0,21.0,16.0,0.0,0.0,3.0,3.0,1.0,0.0,3.0,3.0,0.0,21.0,9.0,0.0,0.0,2.0,2.0,4.0,0.0,0.0,22.0,9.0,0.0,0.0,7.0,0.0,7.0,2.0,0.0,0.0,0.0,16.0,14.0,0.0,0.0,7.0,7.0,1.0,0.0,0.0,0.0,0.0,11.0,16.0,0.0,0.0,3.0,3.0,0.0,0.0,17.0,5.0,0.0,0.0,0.0,2.0,0.0,3.0,3.0,1.0,9.0,2.0,5.0,1.0,0.0,0.0,4.0,0.0,0.0,1.0,1.0,0.0,0.0,2.0,2.0,0.0,11.0,0.0,8.0,0.0,0.0,0.0,0.0,5.0,0.0,0.0,0.0,0.0,0.0,5.0,1.0,0.0,0.0,0.0,0.0,0.0,0.0,0.0,0.0,0.0,5.0,3.0,3.0,8.0,0.0,0.0,0.0,4.0,0.0,0.0,0.0,5.0,4.0,0.0,0.0,2.0,0.0,0.0,0.0,2.0,3.0,0.0,2.0,0.0,0.0,1.0,4.0,0.0,0.0,2.0,0.0,0.0,3.0,4.0,17.0,6.0,0.0,15.0,16.0,16.0,5.0,18.0
CHEMBL4466078,Activity,5.0,20.0,15.0,2.0,0.0,1.0,1.0,28.0,19.0,2.0,0.0,2.0,0.0,2.0,3.0,0.0,0.0,0.0,0.0,31.0,21.0,0.0,0.0,2.0,0.0,2.0,0.0,1.0,32.0,12.0,2.0,0.0,3.0,3.0,3.0,0.0,1.0,1.0,22.0,20.0,2.0,0.0,3.0,3.0,1.0,0.0,0.0,0.0,0.0,26.0,10.0,2.0,0.0,1.0,1.0,4.0,0.0,0.0,30.0,8.0,0.0,0.0,2.0,0.0,2.0,2.0,1.0,1.0,1.0,19.0,17.0,1.0,0.0,4.0,4.0,0.0,0.0,0.0,0.0,0.0,17.0,11.0,2.0,0.0,4.0,4.0,1.0,0.0,18.0,10.0,2.0,0.0,0.0,0.0,0.0,2.0,2.0,2.0,7.0,2.0,3.0,0.0,1.0,0.0,1.0,1.0,2.0,5.0,1.0,0.0,0.0,1.0,2.0,1.0,14.0,0.0,8.0,0.0,0.0,0.0,0.0,4.0,0.0,0.0,2.0,0.0,0.0,2.0,1.0,0.0,0.0,0.0,1.0,2.0,0.0,4.0,2.0,0.0,5.0,3.0,2.0,8.0,0.0,0.0,0.0,3.0,2.0,2.0,2.0,5.0,4.0,2.0,0.0,2.0,2.0,2.0,0.0,1.0,3.0,0.0,0.0,1.0,1.0,4.0,2.0,0.0,0.0,2.0,0.0,0.0,3.0,4.0,17.0,5.0,0.0,17.0,19.0,19.0,9.0,19.0
CHEMBL4858294,Activity,51.9,32.0,13.0,4.0,0.0,0.0,0.0,47.0,16.0,4.0,0.0,0.0,0.0,0.0,2.0,2.0,0.0,0.0,0.0,46.0,18.0,7.0,0.0,0.0,0.0,0.0,2.0,1.0,39.0,19.0,9.0,0.0,0.0,0.0,2.0,0.0,0.0,0.0,43.0,15.0,6.0,0.0,0.0,0.0,1.0,0.0,0.0,0.0,1.0,44.0,17.0,5.0,0.0,0.0,0.0,1.0,1.0,0.0,38.0,17.0,7.0,0.0,0.0,0.0,0.0,2.0,1.0,0.0,0.0,36.0,12.0,4.0,0.0,0.0,0.0,2.0,1.0,0.0,0.0,0.0,37.0,12.0,3.0,0.0,0.0,0.0,1.0,4.0,35.0,15.0,6.0,0.0,0.0,1.0,2.0,0.0,0.0,0.0,4.0,0.0,2.0,0.0,2.0,0.0,1.0,0.0,2.0,4.0,2.0,1.0,2.0,0.0,1.0,1.0,11.0,2.0,5.0,0.0,1.0,0.0,0.0,3.0,0.0,0.0,0.0,0.0,3.0,0.0,0.0,0.0,0.0,0.0,0.0,0.0,0.0,0.0,0.0,0.0,2.0,2.0,1.0,4.0,0.0,0.0,2.0,1.0,1.0,2.0,2.0,4.0,3.0,0.0,2.0,1.0,4.0,2.0,0.0,0.0,3.0,2.0,0.0,2.0,3.0,4.0,0.0,0.0,0.0,0.0,2.0,4.0,2.0,3.0,27.0,5.0,4.0,17.0,16.0,16.0,8.0,31.0
CHEMBL4549541,Activity,6.0,20.0,15.0,0.0,0.0,1.0,1.0,28.0,19.0,0.0,0.0,2.0,0.0,2.0,3.0,0.0,0.0,0.0,0.0,29.0,22.0,0.0,0.0,2.0,0.0,2.0,0.0,0.0,33.0,11.0,0.0,0.0,3.0,3.0,3.0,0.0,1.0,1.0,22.0,19.0,0.0,0.0,3.0,3.0,1.0,0.0,0.0,0.0,0.0,24.0,10.0,0.0,0.0,1.0,1.0,4.0,0.0,0.0,26.0,9.0,0.0,0.0,2.0,0.0,2.0,2.0,0.0,1.0,1.0,18.0,16.0,0.0,0.0,4.0,4.0,0.0,0.0,0.0,0.0,0.0,18.0,10.0,0.0,0.0,4.0,4.0,1.0,0.0,17.0,10.0,0.0,1.0,1.0,0.0,0.0,2.0,2.0,2.0,6.0,2.0,3.0,0.0,0.0,0.0,1.0,1.0,0.0,5.0,1.0,0.0,0.0,1.0,2.0,0.0,13.0,0.0,8.0,0.0,0.0,0.0,0.0,5.0,0.0,0.0,2.0,0.0,0.0,2.0,1.0,0.0,0.0,0.0,1.0,2.0,0.0,5.0,3.0,0.0,5.0,3.0,2.0,8.0,0.0,0.0,0.0,3.0,0.0,0.0,0.0,5.0,4.0,2.0,0.0,2.0,0.0,0.0,0.0,1.0,3.0,0.0,0.0,0.0,0.0,4.0,3.0,0.0,0.0,2.0,0.0,0.0,3.0,4.0,17.0,5.0,0.0,15.0,17.0,17.0,7.0,19.0
CHEMBL4075290,Activity,81.0,12.0,4.0,1.0,5.0,3.0,3.0,17.0,4.0,1.0,4.0,3.0,0.0,3.0,0.0,1.0,3.0,3.0,3.0,13.0,4.0,2.0,6.0,6.0,0.0,6.0,0.0,0.0,10.0,4.0,1.0,5.0,6.0,6.0,0.0,0.0,0.0,0.0,10.0,3.0,1.0,4.0,3.0,3.0,1.0,1.0,0.0,0.0,0.0,8.0,2.0,1.0,4.0,3.0,3.0,0.0,0.0,0.0,8.0,1.0,1.0,3.0,0.0,0.0,0.0,0.0,0.0,3.0,3.0,6.0,2.0,2.0,3.0,6.0,6.0,0.0,0.0,0.0,0.0,0.0,4.0,2.0,2.0,3.0,3.0,3.0,0.0,0.0,2.0,1.0,1.0,3.0,3.0,0.0,0.0,0.0,0.0,0.0,0.0,0.0,0.0,0.0,0.0,0.0,0.0,0.0,0.0,0.0,0.0,0.0,1.0,3.0,0.0,0.0,5.0,1.0,1.0,1.0,0.0,1.0,1.0,0.0,0.0,0.0,0.0,0.0,0.0,0.0,0.0,0.0,0.0,0.0,0.0,0.0,0.0,0.0,0.0,0.0,1.0,0.0,0.0,0.0,0.0,0.0,0.0,0.0,0.0,0.0,0.0,1.0,0.0,0.0,0.0,0.0,0.0,0.0,0.0,3.0,1.0,1.0,0.0,0.0,1.0,0.0,0.0,3.0,0.0,0.0,1.0,1.0,1.0,2.0,11.0,4.0,4.0,10.0,2.0,2.0,2.0,14.0
CHEMBL4869059,Activity,100.0,19.0,9.0,2.0,0.0,1.0,1.0,26.0,12.0,2.0,0.0,2.0,0.0,2.0,0.0,2.0,0.0,0.0,0.0,23.0,9.0,5.0,0.0,2.0,0.0,2.0,1.0,0.0,21.0,6.0,5.0,0.0,2.0,2.0,1.0,1.0,0.0,0.0,18.0,8.0,7.0,0.0,2.0,2.0,1.0,2.0,1.0,1.0,0.0,15.0,12.0,6.0,0.0,1.0,1.0,0.0,0.0,0.0,17.0,5.0,1.0,0.0,1.0,0.0,1.0,2.0,1.0,1.0,1.0,16.0,6.0,3.0,0.0,3.0,3.0,0.0,0.0,0.0,0.0,0.0,12.0,5.0,3.0,0.0,0.0,0.0,0.0,1.0,9.0,3.0,3.0,1.0,1.0,0.0,0.0,0.0,0.0,0.0,6.0,0.0,4.0,1.0,0.0,0.0,3.0,0.0,0.0,1.0,2.0,2.0,2.0,1.0,1.0,0.0,11.0,2.0,6.0,2.0,0.0,1.0,2.0,3.0,0.0,0.0,0.0,1.0,1.0,1.0,0.0,0.0,0.0,0.0,0.0,1.0,0.0,4.0,2.0,0.0,5.0,3.0,3.0,6.0,0.0,0.0,0.0,3.0,0.0,0.0,0.0,5.0,3.0,0.0,0.0,1.0,0.0,0.0,0.0,1.0,3.0,2.0,0.0,0.0,2.0,1.0,3.0,0.0,0.0,1.0,2.0,1.0,0.0,1.0,11.0,3.0,5.0,11.0,16.0,16.0,6.0,18.0
CHEMBL4873565,Activity,68.3,23.0,17.0,4.0,0.0,0.0,0.0,34.0,19.0,4.0,0.0,0.0,0.0,0.0,3.0,2.0,0.0,0.0,0.0,34.0,18.0,6.0,0.0,0.0,0.0,0.0,3.0,2.0,30.0,19.0,8.0,0.0,0.0,0.0,3.0,1.0,0.0,0.0,36.0,17.0,5.0,0.0,0.0,0.0,1.0,0.0,0.0,0.0,1.0,35.0,21.0,4.0,0.0,0.0,0.0,1.0,1.0,0.0,30.0,19.0,4.0,0.0,0.0,0.0,0.0,2.0,1.0,0.0,0.0,25.0,14.0,4.0,0.0,0.0,0.0,3.0,1.0,0.0,0.0,0.0,23.0,14.0,3.0,0.0,0.0,0.0,2.0,4.0,20.0,15.0,6.0,0.0,0.0,3.0,2.0,0.0,0.0,0.0,4.0,0.0,2.0,0.0,2.0,0.0,1.0,0.0,2.0,1.0,2.0,1.0,2.0,0.0,1.0,1.0,7.0,2.0,2.0,0.0,0.0,0.0,0.0,0.0,0.0,0.0,0.0,0.0,0.0,0.0,0.0,0.0,0.0,0.0,0.0,0.0,0.0,0.0,0.0,0.0,2.0,2.0,1.0,4.0,0.0,0.0,2.0,1.0,1.0,2.0,2.0,4.0,3.0,0.0,2.0,1.0,4.0,2.0,0.0,0.0,3.0,2.0,0.0,2.0,3.0,1.0,0.0,0.0,0.0,0.0,2.0,2.0,3.0,5.0,26.0,7.0,4.0,21.0,15.0,15.0,7.0,28.0
CHEMBL4793696,Activity,79.0,17.0,12.0,1.0,0.0,0.0,0.0,24.0,16.0,1.0,0.0,0.0,0.0,0.0,3.0,0.0,0.0,0.0,0.0,24.0,18.0,0.0,0.0,0.0,0.0,0.0,0.0,1.0,24.0,12.0,2.0,0.0,0.0,0.0,2.0,0.0,0.0,0.0,14.0,17.0,3.0,0.0,0.0,0.0,1.0,0.0,0.0,0.0,0.0,18.0,8.0,2.0,0.0,0.0,0.0,4.0,0.0,0.0,21.0,7.0,1.0,0.0,0.0,0.0,0.0,2.0,0.0,0.0,0.0,14.0,12.0,0.0,0.0,0.0,0.0,0.0,1.0,0.0,0.0,0.0,14.0,8.0,1.0,0.0,0.0,0.0,0.0,0.0,13.0,7.0,0.0,0.0,0.0,0.0,2.0,0.0,0.0,1.0,4.0,0.0,2.0,0.0,0.0,0.0,1.0,0.0,0.0,3.0,1.0,0.0,0.0,0.0,1.0,0.0,8.0,0.0,4.0,0.0,0.0,0.0,0.0,1.0,0.0,0.0,0.0,0.0,1.0,0.0,0.0,0.0,0.0,0.0,0.0,0.0,0.0,0.0,0.0,0.0,2.0,0.0,0.0,2.0,0.0,0.0,0.0,1.0,1.0,1.0,0.0,2.0,1.0,0.0,0.0,2.0,1.0,1.0,0.0,0.0,2.0,0.0,0.0,1.0,1.0,3.0,1.0,0.0,0.0,1.0,0.0,0.0,3.0,4.0,17.0,5.0,0.0,13.0,12.0,12.0,5.0,17.0
CHEMBL4778749,Activity,43.0,17.0,12.0,1.0,0.0,1.0,1.0,24.0,15.0,1.0,0.0,2.0,0.0,2.0,3.0,0.0,0.0,0.0,0.0,25.0,16.0,0.0,0.0,1.0,0.0,1.0,0.0,1.0,21.0,13.0,2.0,0.0,3.0,3.0,2.0,0.0,0.0,0.0,16.0,16.0,2.0,0.0,0.0,0.0,0.0,0.0,3.0,3.0,0.0,19.0,6.0,2.0,0.0,2.0,2.0,5.0,0.0,0.0,17.0,10.0,2.0,0.0,4.0,0.0,4.0,0.0,0.0,0.0,0.0,14.0,9.0,1.0,0.0,2.0,2.0,2.0,0.0,0.0,0.0,0.0,13.0,8.0,0.0,0.0,2.0,2.0,0.0,1.0,12.0,8.0,1.0,2.0,2.0,0.0,0.0,0.0,0.0,1.0,5.0,0.0,2.0,0.0,0.0,0.0,3.0,0.0,0.0,2.0,1.0,0.0,0.0,1.0,1.0,0.0,8.0,0.0,4.0,0.0,0.0,0.0,0.0,1.0,0.0,0.0,0.0,0.0,1.0,0.0,0.0,0.0,0.0,0.0,0.0,0.0,0.0,0.0,0.0,0.0,2.0,2.0,1.0,4.0,0.0,0.0,0.0,1.0,1.0,1.0,0.0,3.0,3.0,0.0,0.0,0.0,2.0,1.0,0.0,1.0,2.0,0.0,0.0,1.0,1.0,2.0,1.0,0.0,0.0,1.0,0.0,0.0,3.0,4.0,17.0,5.0,0.0,13.0,13.0,13.0,5.0,17.0
CHEMBL4530057,Activity,17.0,16.0,15.0,0.0,0.0,2.0,2.0,22.0,19.0,0.0,0.0,4.0,0.0,4.0,3.0,0.0,0.0,0.0,0.0,26.0,16.0,0.0,0.0,3.0,0.0,3.0,1.0,0.0,23.0,13.0,0.0,0.0,6.0,6.0,2.0,0.0,1.0,1.0,17.0,16.0,0.0,0.0,3.0,3.0,1.0,0.0,3.0,3.0,0.0,19.0,9.0,0.0,0.0,2.0,2.0,4.0,0.0,0.0,20.0,7.0,0.0,0.0,7.0,0.0,7.0,2.0,0.0,0.0,0.0,12.0,14.0,0.0,0.0,5.0,5.0,1.0,0.0,0.0,0.0,0.0,11.0,12.0,0.0,0.0,3.0,3.0,0.0,0.0,15.0,5.0,0.0,0.0,0.0,2.0,0.0,3.0,3.0,1.0,5.0,0.0,2.0,0.0,0.0,0.0,4.0,0.0,0.0,3.0,1.0,0.0,0.0,2.0,2.0,0.0,9.0,0.0,5.0,0.0,0.0,0.0,0.0,1.0,0.0,0.0,0.0,0.0,0.0,0.0,0.0,0.0,0.0,0.0,0.0,0.0,0.0,0.0,0.0,0.0,5.0,3.0,3.0,8.0,0.0,0.0,0.0,4.0,0.0,0.0,0.0,5.0,4.0,0.0,0.0,2.0,0.0,0.0,0.0,2.0,3.0,0.0,2.0,0.0,0.0,3.0,0.0,0.0,0.0,2.0,0.0,0.0,3.0,4.0,17.0,6.0,0.0,15.0,13.0,13.0,5.0,18.0
CHEMBL3125727,Activity,6.0,19.0,8.0,3.0,2.0,0.0,0.0,27.0,9.0,3.0,3.0,0.0,0.0,0.0,2.0,1.0,0.0,0.0,0.0,22.0,13.0,4.0,1.0,0.0,0.0,0.0,1.0,0.0,20.0,12.0,4.0,3.0,0.0,0.0,0.0,0.0,0.0,0.0,20.0,9.0,4.0,2.0,0.0,0.0,0.0,0.0,0.0,0.0,0.0,19.0,8.0,2.0,3.0,0.0,0.0,0.0,2.0,0.0,18.0,6.0,3.0,1.0,0.0,0.0,0.0,1.0,1.0,0.0,0.0,17.0,3.0,2.0,1.0,0.0,0.0,1.0,2.0,0.0,0.0,0.0,15.0,4.0,3.0,2.0,0.0,0.0,1.0,1.0,12.0,5.0,2.0,0.0,0.0,0.0,0.0,0.0,0.0,1.0,1.0,1.0,0.0,0.0,0.0,1.0,0.0,0.0,0.0,3.0,1.0,1.0,1.0,0.0,0.0,1.0,6.0,1.0,3.0,0.0,1.0,0.0,0.0,3.0,0.0,0.0,0.0,0.0,0.0,0.0,0.0,0.0,0.0,0.0,0.0,0.0,0.0,2.0,0.0,0.0,1.0,0.0,0.0,1.0,0.0,0.0,1.0,0.0,0.0,0.0,0.0,2.0,1.0,0.0,1.0,0.0,0.0,1.0,1.0,0.0,1.0,1.0,0.0,0.0,2.0,2.0,0.0,0.0,1.0,0.0,1.0,1.0,2.0,4.0,20.0,4.0,2.0,13.0,8.0,8.0,5.0,20.0
CHEMBL4764756,Activity,22.0,19.0,6.0,1.0,0.0,0.0,1.0,26.0,9.0,1.0,0.0,0.0,2.0,2.0,1.0,1.0,0.0,0.0,0.0,23.0,10.0,3.0,0.0,0.0,2.0,2.0,1.0,0.0,18.0,10.0,2.0,0.0,0.0,2.0,0.0,0.0,0.0,0.0,19.0,7.0,3.0,0.0,0.0,0.0,0.0,0.0,0.0,1.0,0.0,19.0,5.0,4.0,0.0,0.0,2.0,1.0,0.0,0.0,15.0,6.0,3.0,0.0,0.0,2.0,2.0,1.0,0.0,0.0,0.0,13.0,4.0,1.0,0.0,0.0,2.0,1.0,1.0,0.0,0.0,0.0,9.0,5.0,1.0,0.0,0.0,2.0,0.0,1.0,6.0,5.0,0.0,0.0,2.0,0.0,1.0,0.0,0.0,0.0,1.0,0.0,0.0,0.0,0.0,0.0,0.0,0.0,0.0,0.0,0.0,0.0,0.0,0.0,0.0,0.0,6.0,1.0,2.0,0.0,0.0,3.0,1.0,0.0,0.0,0.0,0.0,0.0,1.0,0.0,0.0,0.0,0.0,0.0,0.0,0.0,0.0,0.0,0.0,0.0,0.0,0.0,0.0,0.0,0.0,0.0,0.0,0.0,0.0,0.0,0.0,2.0,1.0,0.0,0.0,0.0,0.0,0.0,0.0,0.0,2.0,0.0,0.0,0.0,1.0,0.0,0.0,0.0,0.0,1.0,0.0,1.0,1.0,2.0,15.0,3.0,6.0,7.0,8.0,8.0,3.0,19.0
CHEMBL4583451,Activity,4.0,22.0,15.0,0.0,0.0,1.0,1.0,29.0,19.0,0.0,0.0,2.0,0.0,2.0,3.0,0.0,0.0,0.0,0.0,29.0,23.0,0.0,0.0,2.0,0.0,2.0,0.0,0.0,35.0,11.0,0.0,0.0,3.0,3.0,3.0,0.0,1.0,1.0,24.0,19.0,0.0,0.0,3.0,3.0,1.0,0.0,0.0,0.0,0.0,26.0,10.0,0.0,0.0,1.0,1.0,4.0,0.0,0.0,26.0,10.0,0.0,0.0,2.0,0.0,2.0,2.0,0.0,1.0,1.0,19.0,16.0,0.0,0.0,4.0,4.0,0.0,0.0,0.0,0.0,0.0,20.0,10.0,0.0,0.0,4.0,4.0,1.0,0.0,19.0,10.0,0.0,2.0,2.0,0.0,0.0,2.0,2.0,3.0,6.0,3.0,2.0,0.0,0.0,0.0,1.0,1.0,0.0,4.0,1.0,0.0,0.0,1.0,2.0,0.0,14.0,0.0,10.0,0.0,2.0,0.0,0.0,7.0,0.0,0.0,2.0,0.0,0.0,3.0,1.0,0.0,0.0,0.0,1.0,3.0,0.0,6.0,4.0,0.0,5.0,3.0,2.0,8.0,0.0,0.0,0.0,3.0,0.0,0.0,0.0,5.0,4.0,2.0,0.0,2.0,0.0,0.0,0.0,1.0,3.0,0.0,0.0,0.0,0.0,3.0,3.0,0.0,0.0,2.0,0.0,0.0,3.0,4.0,17.0,5.0,0.0,15.0,19.0,19.0,7.0,22.0
CHEMBL4538575,Activity,7.0,22.0,18.0,2.0,0.0,1.0,1.0,31.0,23.0,2.0,0.0,2.0,0.0,2.0,3.0,0.0,0.0,0.0,0.0,37.0,21.0,0.0,0.0,2.0,0.0,2.0,1.0,1.0,36.0,15.0,1.0,0.0,3.0,3.0,3.0,0.0,1.0,1.0,26.0,24.0,1.0,0.0,3.0,3.0,1.0,0.0,0.0,0.0,0.0,32.0,13.0,0.0,0.0,1.0,1.0,4.0,1.0,0.0,37.0,8.0,2.0,0.0,2.0,0.0,2.0,3.0,0.0,1.0,1.0,23.0,19.0,3.0,0.0,4.0,4.0,0.0,0.0,0.0,0.0,0.0,20.0,14.0,2.0,0.0,5.0,5.0,1.0,0.0,22.0,12.0,0.0,0.0,0.0,0.0,1.0,3.0,3.0,2.0,11.0,2.0,5.0,0.0,2.0,0.0,5.0,0.0,2.0,4.0,1.0,0.0,0.0,1.0,3.0,1.0,17.0,0.0,10.0,0.0,0.0,0.0,0.0,4.0,0.0,0.0,2.0,0.0,0.0,2.0,1.0,0.0,0.0,0.0,1.0,2.0,0.0,4.0,2.0,0.0,9.0,7.0,8.0,16.0,0.0,0.0,0.0,9.0,3.0,2.0,2.0,8.0,7.0,2.0,0.0,2.0,4.0,2.0,0.0,1.0,4.0,0.0,1.0,2.0,1.0,4.0,2.0,0.0,0.0,3.0,0.0,0.0,3.0,4.0,17.0,7.0,0.0,20.0,24.0,24.0,9.0,20.0
CHEMBL4097755,Activity,10.45,21.0,14.0,3.0,0.0,0.0,0.0,30.0,20.0,3.0,0.0,0.0,0.0,0.0,0.0,1.0,0.0,0.0,0.0,32.0,13.0,4.0,0.0,0.0,0.0,0.0,4.0,1.0,27.0,12.0,5.0,0.0,0.0,0.0,3.0,2.0,0.0,0.0,29.0,14.0,4.0,0.0,0.0,0.0,0.0,2.0,0.0,0.0,0.0,23.0,20.0,5.0,0.0,0.0,0.0,1.0,0.0,0.0,18.0,18.0,6.0,0.0,0.0,0.0,0.0,2.0,0.0,0.0,0.0,18.0,11.0,3.0,0.0,0.0,0.0,1.0,4.0,0.0,0.0,0.0,20.0,7.0,3.0,0.0,0.0,0.0,2.0,1.0,18.0,8.0,4.0,0.0,0.0,2.0,0.0,0.0,0.0,0.0,5.0,0.0,2.0,0.0,0.0,0.0,4.0,2.0,0.0,2.0,2.0,1.0,1.0,0.0,2.0,1.0,8.0,1.0,2.0,0.0,0.0,0.0,0.0,0.0,0.0,0.0,0.0,0.0,0.0,0.0,0.0,0.0,0.0,0.0,0.0,0.0,0.0,0.0,0.0,0.0,4.0,4.0,2.0,8.0,0.0,0.0,0.0,2.0,0.0,0.0,0.0,7.0,6.0,0.0,0.0,1.0,0.0,1.0,1.0,0.0,4.0,1.0,2.0,0.0,2.0,0.0,0.0,0.0,1.0,2.0,1.0,1.0,2.0,3.0,21.0,5.0,2.0,17.0,16.0,16.0,8.0,24.0
CHEMBL3972939,Activity,41.0,20.0,7.0,2.0,4.0,1.0,1.0,27.0,10.0,2.0,6.0,2.0,0.0,2.0,2.0,2.0,0.0,0.0,0.0,21.0,14.0,5.0,5.0,2.0,0.0,2.0,1.0,2.0,19.0,17.0,3.0,5.0,1.0,1.0,1.0,0.0,0.0,0.0,27.0,10.0,2.0,3.0,1.0,1.0,1.0,2.0,0.0,0.0,0.0,26.0,13.0,6.0,6.0,1.0,1.0,0.0,0.0,0.0,24.0,11.0,6.0,6.0,3.0,0.0,3.0,0.0,2.0,0.0,0.0,24.0,5.0,4.0,5.0,1.0,1.0,0.0,0.0,1.0,1.0,0.0,21.0,1.0,8.0,3.0,1.0,1.0,0.0,0.0,15.0,0.0,4.0,1.0,1.0,0.0,0.0,1.0,1.0,0.0,0.0,0.0,0.0,0.0,0.0,0.0,0.0,0.0,0.0,2.0,1.0,0.0,2.0,1.0,1.0,0.0,6.0,2.0,3.0,2.0,0.0,3.0,2.0,1.0,0.0,0.0,0.0,1.0,0.0,0.0,0.0,0.0,0.0,0.0,0.0,0.0,0.0,1.0,0.0,0.0,2.0,0.0,0.0,2.0,2.0,1.0,2.0,1.0,0.0,0.0,0.0,2.0,1.0,0.0,2.0,0.0,0.0,0.0,0.0,1.0,2.0,2.0,0.0,0.0,2.0,2.0,0.0,0.0,0.0,0.0,2.0,3.0,2.0,4.0,20.0,5.0,2.0,13.0,5.0,5.0,2.0,22.0
CHEMBL4080797,Activity,90.0,20.0,9.0,3.0,0.0,0.0,0.0,30.0,17.0,2.0,0.0,0.0,0.0,0.0,0.0,2.0,0.0,0.0,0.0,27.0,22.0,4.0,0.0,0.0,0.0,0.0,1.0,0.0,24.0,11.0,2.0,0.0,0.0,0.0,4.0,2.0,0.0,0.0,27.0,11.0,3.0,0.0,0.0,0.0,2.0,1.0,0.0,0.0,0.0,27.0,17.0,6.0,0.0,0.0,0.0,1.0,0.0,0.0,22.0,17.0,6.0,0.0,0.0,0.0,0.0,2.0,1.0,0.0,0.0,15.0,10.0,4.0,0.0,0.0,0.0,2.0,2.0,0.0,0.0,0.0,14.0,5.0,3.0,0.0,0.0,0.0,1.0,2.0,10.0,8.0,3.0,0.0,0.0,0.0,0.0,0.0,0.0,1.0,2.0,1.0,1.0,0.0,0.0,0.0,0.0,0.0,0.0,4.0,1.0,0.0,1.0,0.0,0.0,1.0,10.0,1.0,8.0,0.0,5.0,0.0,0.0,12.0,13.0,7.0,12.0,0.0,0.0,13.0,7.0,3.0,2.0,0.0,3.0,5.0,0.0,8.0,0.0,0.0,5.0,0.0,0.0,0.0,0.0,0.0,0.0,0.0,0.0,0.0,0.0,3.0,0.0,0.0,0.0,0.0,0.0,1.0,0.0,0.0,3.0,1.0,0.0,0.0,2.0,3.0,2.0,0.0,1.0,0.0,1.0,1.0,2.0,3.0,15.0,3.0,2.0,12.0,12.0,12.0,4.0,18.0
CHEMBL4789273,Activity,59.0,28.0,12.0,2.0,0.0,0.0,0.0,39.0,15.0,3.0,0.0,0.0,0.0,0.0,3.0,1.0,0.0,0.0,0.0,37.0,19.0,6.0,0.0,0.0,0.0,0.0,0.0,0.0,33.0,14.0,6.0,0.0,0.0,0.0,2.0,0.0,0.0,0.0,26.0,19.0,4.0,0.0,0.0,0.0,1.0,1.0,0.0,0.0,1.0,30.0,11.0,7.0,0.0,0.0,0.0,4.0,0.0,0.0,35.0,9.0,5.0,0.0,0.0,0.0,0.0,2.0,1.0,0.0,0.0,28.0,16.0,4.0,0.0,0.0,0.0,0.0,0.0,0.0,0.0,0.0,30.0,10.0,3.0,0.0,0.0,0.0,0.0,2.0,29.0,10.0,3.0,0.0,0.0,0.0,1.0,0.0,0.0,1.0,3.0,0.0,1.0,0.0,0.0,0.0,1.0,0.0,0.0,4.0,1.0,0.0,2.0,0.0,1.0,0.0,12.0,2.0,5.0,1.0,0.0,2.0,2.0,1.0,0.0,0.0,0.0,0.0,2.0,0.0,0.0,0.0,0.0,0.0,0.0,0.0,0.0,0.0,0.0,0.0,2.0,2.0,1.0,4.0,1.0,0.0,1.0,1.0,0.0,0.0,0.0,3.0,3.0,0.0,2.0,0.0,0.0,0.0,0.0,0.0,2.0,1.0,0.0,0.0,2.0,4.0,1.0,0.0,0.0,0.0,1.0,4.0,3.0,4.0,23.0,5.0,4.0,14.0,14.0,14.0,7.0,27.0
CHEMBL4776686,Activity,85.0,20.0,12.0,0.0,0.0,0.0,0.0,28.0,15.0,0.0,0.0,0.0,0.0,0.0,3.0,0.0,0.0,0.0,0.0,27.0,19.0,0.0,0.0,0.0,0.0,0.0,0.0,0.0,26.0,14.0,0.0,0.0,0.0,0.0,2.0,0.0,0.0,0.0,20.0,19.0,0.0,0.0,0.0,0.0,0.0,0.0,0.0,0.0,0.0,25.0,6.0,0.0,0.0,0.0,0.0,5.0,0.0,0.0,25.0,10.0,0.0,0.0,0.0,0.0,0.0,0.0,0.0,0.0,0.0,19.0,9.0,0.0,0.0,0.0,0.0,2.0,0.0,0.0,0.0,0.0,16.0,9.0,0.0,0.0,0.0,0.0,0.0,0.0,15.0,9.0,0.0,0.0,0.0,0.0,0.0,0.0,0.0,1.0,4.0,0.0,1.0,0.0,0.0,0.0,3.0,0.0,0.0,4.0,1.0,0.0,0.0,0.0,1.0,0.0,11.0,0.0,5.0,0.0,0.0,0.0,0.0,1.0,0.0,0.0,0.0,0.0,1.0,0.0,0.0,0.0,0.0,0.0,0.0,0.0,0.0,0.0,0.0,0.0,2.0,2.0,1.0,4.0,0.0,0.0,0.0,1.0,0.0,0.0,0.0,3.0,3.0,0.0,0.0,0.0,0.0,0.0,0.0,0.0,2.0,0.0,0.0,0.0,0.0,4.0,1.0,0.0,0.0,1.0,0.0,0.0,3.0,4.0,17.0,5.0,0.0,12.0,14.0,14.0,4.0,17.0
CHEMBL4790747,Activity,63.0,21.0,12.0,1.0,0.0,0.0,0.0,29.0,15.0,1.0,0.0,0.0,0.0,0.0,3.0,0.0,0.0,0.0,0.0,28.0,19.0,1.0,0.0,0.0,0.0,0.0,0.0,0.0,27.0,14.0,1.0,0.0,0.0,0.0,2.0,0.0,0.0,0.0,20.0,20.0,1.0,0.0,0.0,0.0,0.0,0.0,0.0,0.0,0.0,27.0,6.0,0.0,0.0,0.0,0.0,5.0,1.0,0.0,27.0,10.0,2.0,0.0,0.0,0.0,0.0,0.0,0.0,0.0,0.0,21.0,9.0,2.0,0.0,0.0,0.0,2.0,0.0,0.0,0.0,0.0,18.0,9.0,2.0,0.0,0.0,0.0,0.0,0.0,16.0,9.0,2.0,0.0,0.0,0.0,0.0,0.0,0.0,1.0,8.0,0.0,5.0,3.0,0.0,0.0,3.0,0.0,0.0,3.0,1.0,0.0,0.0,0.0,1.0,0.0,12.0,0.0,7.0,0.0,0.0,0.0,0.0,4.0,0.0,0.0,0.0,0.0,1.0,2.0,1.0,0.0,0.0,0.0,1.0,1.0,1.0,1.0,1.0,1.0,2.0,2.0,1.0,4.0,0.0,0.0,0.0,1.0,0.0,1.0,0.0,3.0,3.0,0.0,0.0,0.0,0.0,1.0,0.0,0.0,2.0,0.0,0.0,0.0,1.0,3.0,4.0,0.0,0.0,1.0,0.0,0.0,3.0,4.0,17.0,5.0,0.0,13.0,17.0,17.0,8.0,17.0
CHEMBL4447440,Activity,13.0,22.0,9.0,0.0,1.0,0.0,0.0,30.0,8.0,2.0,3.0,0.0,0.0,0.0,1.0,2.0,0.0,0.0,0.0,28.0,9.0,6.0,4.0,0.0,0.0,0.0,1.0,0.0,20.0,11.0,8.0,3.0,0.0,0.0,0.0,0.0,0.0,0.0,16.0,12.0,6.0,1.0,0.0,0.0,0.0,2.0,0.0,0.0,0.0,16.0,7.0,2.0,1.0,0.0,0.0,1.0,2.0,0.0,14.0,8.0,2.0,1.0,0.0,0.0,0.0,0.0,0.0,0.0,0.0,12.0,9.0,2.0,1.0,0.0,0.0,0.0,0.0,0.0,0.0,0.0,12.0,6.0,2.0,2.0,0.0,0.0,1.0,0.0,14.0,2.0,4.0,0.0,0.0,2.0,0.0,0.0,0.0,0.0,3.0,0.0,1.0,0.0,0.0,3.0,0.0,0.0,0.0,0.0,2.0,0.0,0.0,0.0,0.0,0.0,5.0,0.0,2.0,0.0,0.0,1.0,0.0,0.0,0.0,0.0,0.0,0.0,0.0,0.0,0.0,0.0,0.0,0.0,0.0,0.0,0.0,0.0,0.0,0.0,3.0,0.0,0.0,2.0,0.0,0.0,0.0,1.0,0.0,0.0,0.0,3.0,1.0,0.0,0.0,0.0,0.0,0.0,0.0,0.0,2.0,0.0,1.0,0.0,2.0,0.0,0.0,0.0,0.0,0.0,0.0,0.0,3.0,3.0,22.0,3.0,6.0,10.0,7.0,7.0,8.0,24.0
CHEMBL4542855,Activity,13.0,24.0,7.0,0.0,1.0,0.0,0.0,31.0,8.0,2.0,3.0,0.0,0.0,0.0,0.0,2.0,0.0,0.0,0.0,30.0,7.0,6.0,4.0,0.0,0.0,0.0,1.0,0.0,22.0,9.0,8.0,3.0,0.0,0.0,0.0,0.0,0.0,0.0,18.0,10.0,6.0,1.0,0.0,0.0,0.0,2.0,0.0,0.0,0.0,17.0,6.0,2.0,1.0,0.0,0.0,1.0,2.0,0.0,15.0,7.0,2.0,1.0,0.0,0.0,0.0,0.0,0.0,0.0,0.0,13.0,8.0,2.0,1.0,0.0,0.0,0.0,0.0,0.0,0.0,0.0,13.0,5.0,2.0,2.0,0.0,0.0,1.0,0.0,14.0,3.0,4.0,0.0,0.0,1.0,0.0,0.0,0.0,0.0,3.0,0.0,1.0,0.0,0.0,3.0,0.0,0.0,0.0,0.0,2.0,0.0,0.0,0.0,0.0,0.0,5.0,0.0,2.0,0.0,0.0,1.0,0.0,0.0,0.0,0.0,0.0,0.0,0.0,0.0,0.0,0.0,0.0,0.0,0.0,0.0,0.0,0.0,0.0,0.0,3.0,0.0,0.0,2.0,0.0,0.0,0.0,1.0,0.0,0.0,0.0,3.0,1.0,0.0,0.0,0.0,0.0,0.0,0.0,0.0,2.0,0.0,1.0,0.0,2.0,0.0,0.0,0.0,0.0,0.0,0.0,0.0,2.0,2.0,22.0,2.0,6.0,8.0,7.0,7.0,8.0,25.0
CHEMBL4438024,Activity,98.11,3.0,13.0,0.0,0.0,0.0,1.0,17.0,1.0,0.0,0.0,0.0,1.0,1.0,6.0,0.0,0.0,0.0,0.0,4.0,16.0,0.0,0.0,0.0,1.0,1.0,0.0,0.0,9.0,4.0,0.0,0.0,0.0,1.0,0.0,0.0,0.0,0.0,6.0,3.0,0.0,0.0,0.0,0.0,0.0,0.0,0.0,1.0,0.0,3.0,3.0,0.0,0.0,0.0,3.0,0.0,0.0,0.0,3.0,0.0,0.0,0.0,0.0,0.0,0.0,0.0,0.0,0.0,3.0,0.0,0.0,0.0,0.0,0.0,3.0,0.0,0.0,0.0,0.0,0.0,0.0,0.0,0.0,0.0,0.0,0.0,0.0,0.0,0.0,0.0,0.0,0.0,0.0,0.0,0.0,0.0,0.0,0.0,8.0,0.0,0.0,0.0,0.0,0.0,21.0,0.0,0.0,0.0,0.0,0.0,0.0,0.0,7.0,0.0,10.0,0.0,2.0,0.0,0.0,2.0,0.0,0.0,0.0,0.0,0.0,0.0,0.0,0.0,0.0,0.0,0.0,0.0,0.0,0.0,0.0,0.0,0.0,0.0,1.0,3.0,0.0,3.0,0.0,0.0,0.0,0.0,0.0,0.0,0.0,13.0,15.0,0.0,0.0,0.0,0.0,0.0,0.0,0.0,4.0,0.0,0.0,0.0,0.0,0.0,0.0,0.0,0.0,0.0,0.0,0.0,0.0,0.0,0.0,0.0,0.0,13.0,16.0,16.0,3.0,6.0
CHEMBL4785602,Activity,34.5,17.0,7.0,2.0,2.0,0.0,0.0,22.0,7.0,4.0,3.0,0.0,0.0,0.0,1.0,0.0,0.0,0.0,0.0,19.0,8.0,3.0,4.0,0.0,0.0,0.0,0.0,2.0,16.0,9.0,3.0,3.0,0.0,0.0,0.0,0.0,0.0,0.0,19.0,7.0,1.0,1.0,0.0,0.0,2.0,0.0,0.0,0.0,0.0,17.0,9.0,1.0,1.0,0.0,0.0,0.0,1.0,0.0,15.0,7.0,1.0,2.0,0.0,0.0,0.0,1.0,0.0,0.0,0.0,11.0,7.0,2.0,2.0,0.0,0.0,0.0,0.0,0.0,0.0,0.0,9.0,5.0,2.0,1.0,0.0,0.0,1.0,0.0,9.0,4.0,0.0,0.0,0.0,0.0,1.0,0.0,0.0,2.0,9.0,4.0,6.0,3.0,0.0,2.0,0.0,0.0,0.0,0.0,1.0,0.0,0.0,0.0,0.0,1.0,11.0,0.0,10.0,0.0,0.0,0.0,0.0,9.0,0.0,0.0,0.0,0.0,0.0,8.0,7.0,1.0,0.0,0.0,1.0,2.0,2.0,2.0,0.0,2.0,2.0,0.0,0.0,2.0,0.0,0.0,0.0,1.0,0.0,2.0,0.0,2.0,1.0,0.0,0.0,0.0,0.0,1.0,0.0,0.0,2.0,0.0,0.0,0.0,1.0,0.0,7.0,0.0,1.0,0.0,0.0,0.0,2.0,3.0,11.0,4.0,0.0,11.0,15.0,15.0,3.0,11.0
CHEMBL4473820,Activity,-0.04,18.0,10.0,1.0,2.0,0.0,0.0,24.0,14.0,1.0,3.0,0.0,0.0,0.0,1.0,1.0,0.0,0.0,0.0,20.0,13.0,3.0,2.0,0.0,0.0,0.0,1.0,0.0,18.0,10.0,3.0,1.0,0.0,0.0,1.0,1.0,0.0,0.0,18.0,12.0,2.0,0.0,0.0,0.0,0.0,1.0,0.0,0.0,0.0,16.0,10.0,1.0,1.0,0.0,0.0,2.0,1.0,0.0,14.0,9.0,2.0,1.0,0.0,0.0,0.0,1.0,0.0,0.0,0.0,13.0,5.0,4.0,2.0,0.0,0.0,2.0,0.0,0.0,0.0,0.0,12.0,6.0,3.0,2.0,0.0,0.0,1.0,0.0,13.0,5.0,0.0,0.0,0.0,1.0,2.0,0.0,0.0,1.0,4.0,2.0,2.0,0.0,0.0,0.0,1.0,2.0,0.0,1.0,2.0,1.0,1.0,0.0,1.0,0.0,8.0,1.0,4.0,0.0,0.0,0.0,0.0,3.0,0.0,0.0,2.0,0.0,0.0,2.0,1.0,0.0,0.0,0.0,1.0,2.0,0.0,4.0,2.0,0.0,4.0,2.0,1.0,4.0,0.0,0.0,0.0,1.0,0.0,0.0,0.0,5.0,3.0,0.0,0.0,1.0,0.0,0.0,0.0,0.0,4.0,1.0,0.0,0.0,1.0,0.0,2.0,0.0,0.0,1.0,1.0,2.0,1.0,3.0,16.0,4.0,2.0,13.0,13.0,13.0,5.0,19.0
CHEMBL4560698,Activity,7.0,20.0,15.0,1.0,0.0,1.0,1.0,28.0,19.0,1.0,0.0,2.0,0.0,2.0,3.0,0.0,0.0,0.0,0.0,29.0,22.0,1.0,0.0,2.0,0.0,2.0,0.0,0.0,33.0,11.0,0.0,0.0,3.0,3.0,3.0,1.0,1.0,1.0,22.0,19.0,2.0,0.0,3.0,3.0,1.0,0.0,0.0,0.0,0.0,24.0,10.0,2.0,0.0,1.0,1.0,4.0,0.0,0.0,26.0,9.0,2.0,0.0,2.0,0.0,2.0,2.0,0.0,1.0,1.0,18.0,16.0,0.0,0.0,4.0,4.0,0.0,1.0,0.0,0.0,0.0,18.0,10.0,1.0,0.0,4.0,4.0,1.0,0.0,17.0,10.0,2.0,1.0,1.0,0.0,0.0,2.0,2.0,2.0,7.0,2.0,4.0,1.0,0.0,0.0,1.0,1.0,0.0,4.0,1.0,0.0,0.0,1.0,2.0,0.0,13.0,0.0,8.0,0.0,0.0,0.0,0.0,5.0,0.0,0.0,2.0,0.0,0.0,2.0,1.0,0.0,0.0,0.0,1.0,2.0,0.0,5.0,3.0,1.0,5.0,3.0,2.0,8.0,0.0,0.0,0.0,3.0,0.0,1.0,0.0,5.0,4.0,2.0,0.0,2.0,0.0,1.0,0.0,1.0,3.0,0.0,0.0,0.0,1.0,3.0,3.0,0.0,0.0,2.0,0.0,0.0,3.0,4.0,17.0,5.0,0.0,16.0,18.0,18.0,8.0,19.0
CHEMBL4749141,Activity,2.19,16.0,9.0,2.0,2.0,0.0,0.0,22.0,9.0,3.0,3.0,0.0,0.0,0.0,1.0,0.0,0.0,0.0,0.0,19.0,9.0,3.0,4.0,0.0,0.0,0.0,0.0,2.0,14.0,10.0,4.0,3.0,0.0,0.0,0.0,0.0,0.0,0.0,19.0,5.0,1.0,1.0,0.0,0.0,2.0,1.0,0.0,0.0,0.0,17.0,10.0,1.0,1.0,0.0,0.0,0.0,1.0,0.0,15.0,11.0,1.0,1.0,0.0,0.0,0.0,1.0,0.0,0.0,0.0,12.0,7.0,2.0,2.0,0.0,0.0,2.0,0.0,0.0,0.0,0.0,9.0,7.0,2.0,2.0,0.0,0.0,1.0,0.0,8.0,6.0,0.0,0.0,0.0,0.0,1.0,0.0,0.0,1.0,5.0,2.0,2.0,0.0,0.0,2.0,0.0,0.0,1.0,0.0,1.0,0.0,0.0,0.0,0.0,1.0,6.0,0.0,4.0,0.0,0.0,0.0,0.0,3.0,0.0,0.0,0.0,0.0,0.0,2.0,1.0,0.0,0.0,0.0,1.0,2.0,0.0,2.0,0.0,0.0,2.0,0.0,0.0,2.0,0.0,0.0,0.0,1.0,0.0,0.0,0.0,2.0,1.0,0.0,0.0,0.0,0.0,1.0,0.0,0.0,2.0,0.0,0.0,0.0,1.0,0.0,2.0,0.0,1.0,0.0,0.0,0.0,3.0,4.0,17.0,5.0,0.0,13.0,10.0,10.0,4.0,15.0
CHEMBL4531300,Activity,10.0,19.0,18.0,0.0,0.0,2.0,2.0,28.0,22.0,0.0,0.0,4.0,0.0,4.0,3.0,0.0,0.0,0.0,0.0,32.0,19.0,0.0,0.0,3.0,0.0,3.0,1.0,0.0,30.0,13.0,0.0,0.0,6.0,6.0,3.0,0.0,1.0,1.0,21.0,20.0,0.0,0.0,3.0,3.0,1.0,0.0,3.0,3.0,0.0,22.0,13.0,0.0,0.0,2.0,2.0,4.0,0.0,0.0,26.0,7.0,0.0,0.0,7.0,0.0,7.0,3.0,0.0,0.0,0.0,18.0,16.0,0.0,0.0,6.0,6.0,1.0,0.0,0.0,0.0,0.0,17.0,14.0,0.0,0.0,5.0,5.0,0.0,0.0,19.0,8.0,0.0,0.0,0.0,2.0,0.0,4.0,4.0,2.0,8.0,2.0,4.0,0.0,0.0,0.0,3.0,2.0,0.0,3.0,1.0,0.0,0.0,2.0,3.0,0.0,13.0,0.0,8.0,0.0,0.0,0.0,0.0,4.0,0.0,0.0,2.0,0.0,0.0,2.0,1.0,0.0,0.0,0.0,1.0,2.0,0.0,4.0,4.0,0.0,8.0,6.0,6.0,14.0,0.0,0.0,0.0,7.0,0.0,0.0,0.0,8.0,7.0,2.0,0.0,2.0,0.0,0.0,0.0,2.0,4.0,0.0,2.0,0.0,0.0,2.0,2.0,0.0,0.0,3.0,0.0,0.0,3.0,4.0,17.0,7.0,0.0,18.0,19.0,19.0,5.0,20.0
CHEMBL4086011,Activity,24.49,21.0,14.0,1.0,0.0,0.0,0.0,30.0,18.0,1.0,0.0,0.0,0.0,0.0,1.0,1.0,0.0,0.0,0.0,30.0,13.0,2.0,0.0,0.0,0.0,0.0,4.0,1.0,22.0,16.0,3.0,0.0,0.0,0.0,2.0,2.0,0.0,0.0,26.0,13.0,3.0,0.0,0.0,0.0,2.0,0.0,0.0,0.0,0.0,24.0,15.0,2.0,0.0,0.0,0.0,2.0,1.0,0.0,16.0,20.0,4.0,0.0,0.0,0.0,0.0,0.0,0.0,0.0,0.0,14.0,14.0,3.0,0.0,0.0,0.0,0.0,1.0,0.0,0.0,0.0,18.0,6.0,3.0,0.0,0.0,0.0,2.0,0.0,19.0,6.0,2.0,0.0,0.0,2.0,0.0,0.0,0.0,0.0,5.0,0.0,2.0,0.0,0.0,0.0,4.0,2.0,0.0,1.0,2.0,1.0,1.0,0.0,2.0,0.0,7.0,1.0,2.0,0.0,0.0,0.0,0.0,0.0,0.0,0.0,0.0,0.0,0.0,0.0,0.0,0.0,0.0,0.0,0.0,0.0,0.0,0.0,0.0,0.0,4.0,4.0,2.0,8.0,0.0,0.0,0.0,2.0,0.0,0.0,0.0,7.0,6.0,0.0,0.0,1.0,0.0,0.0,0.0,0.0,4.0,1.0,2.0,0.0,1.0,0.0,0.0,0.0,0.0,2.0,1.0,1.0,2.0,3.0,21.0,5.0,2.0,15.0,15.0,15.0,7.0,24.0
CHEMBL4281348,Activity,100.0,19.0,8.0,1.0,0.0,3.0,4.0,25.0,8.0,0.0,0.0,3.0,2.0,5.0,2.0,2.0,3.0,3.0,3.0,25.0,10.0,2.0,0.0,6.0,2.0,8.0,0.0,0.0,20.0,11.0,4.0,0.0,9.0,10.0,0.0,0.0,0.0,1.0,19.0,9.0,4.0,0.0,9.0,10.0,0.0,0.0,3.0,3.0,0.0,15.0,11.0,3.0,0.0,9.0,9.0,0.0,0.0,0.0,18.0,5.0,1.0,0.0,0.0,1.0,1.0,0.0,0.0,9.0,9.0,17.0,2.0,2.0,0.0,6.0,8.0,2.0,0.0,0.0,0.0,0.0,11.0,5.0,2.0,0.0,9.0,11.0,0.0,0.0,11.0,1.0,0.0,6.0,8.0,2.0,2.0,0.0,0.0,0.0,1.0,0.0,0.0,0.0,0.0,1.0,0.0,0.0,0.0,1.0,2.0,0.0,0.0,3.0,0.0,0.0,4.0,0.0,1.0,0.0,0.0,0.0,0.0,0.0,0.0,0.0,0.0,0.0,0.0,0.0,0.0,0.0,0.0,0.0,0.0,0.0,0.0,0.0,0.0,0.0,1.0,0.0,0.0,0.0,0.0,0.0,0.0,0.0,0.0,0.0,0.0,2.0,0.0,0.0,0.0,1.0,0.0,1.0,0.0,3.0,3.0,0.0,0.0,0.0,1.0,1.0,0.0,3.0,0.0,0.0,0.0,0.0,1.0,1.0,18.0,1.0,2.0,9.0,6.0,6.0,6.0,21.0
CHEMBL4070315,Activity,75.0,15.0,7.0,2.0,2.0,0.0,0.0,20.0,10.0,2.0,3.0,0.0,0.0,0.0,2.0,2.0,0.0,0.0,0.0,11.0,16.0,5.0,2.0,0.0,0.0,0.0,1.0,2.0,12.0,14.0,3.0,1.0,0.0,0.0,1.0,0.0,0.0,0.0,18.0,8.0,2.0,2.0,0.0,0.0,1.0,2.0,0.0,0.0,0.0,18.0,8.0,6.0,4.0,0.0,0.0,0.0,0.0,0.0,19.0,4.0,4.0,2.0,0.0,0.0,0.0,0.0,2.0,0.0,0.0,14.0,1.0,6.0,1.0,0.0,0.0,0.0,0.0,0.0,0.0,0.0,7.0,0.0,4.0,0.0,0.0,0.0,0.0,0.0,2.0,0.0,0.0,0.0,0.0,0.0,0.0,0.0,0.0,1.0,4.0,2.0,3.0,1.0,0.0,0.0,0.0,0.0,0.0,2.0,1.0,0.0,2.0,0.0,1.0,0.0,11.0,2.0,8.0,2.0,0.0,3.0,2.0,6.0,0.0,0.0,0.0,1.0,0.0,5.0,1.0,0.0,0.0,0.0,0.0,0.0,0.0,1.0,0.0,0.0,2.0,0.0,0.0,2.0,2.0,1.0,2.0,1.0,0.0,0.0,0.0,2.0,1.0,0.0,2.0,0.0,0.0,0.0,0.0,0.0,2.0,2.0,0.0,0.0,2.0,2.0,4.0,0.0,0.0,0.0,2.0,3.0,2.0,3.0,9.0,4.0,2.0,11.0,11.0,11.0,3.0,13.0
CHEMBL4453304,Activity,4.78,22.0,0.0,9.0,0.0,0.0,0.0,29.0,0.0,14.0,0.0,0.0,0.0,0.0,0.0,0.0,0.0,0.0,0.0,32.0,0.0,18.0,0.0,0.0,0.0,0.0,0.0,0.0,31.0,0.0,21.0,0.0,0.0,0.0,0.0,0.0,0.0,0.0,33.0,0.0,24.0,0.0,0.0,0.0,0.0,0.0,0.0,0.0,0.0,35.0,0.0,21.0,0.0,0.0,0.0,0.0,0.0,3.0,26.0,0.0,23.0,0.0,0.0,0.0,0.0,0.0,0.0,0.0,0.0,14.0,0.0,13.0,0.0,0.0,0.0,0.0,0.0,0.0,0.0,5.0,6.0,0.0,7.0,0.0,0.0,0.0,0.0,0.0,2.0,0.0,3.0,0.0,0.0,0.0,0.0,0.0,0.0,3.0,1.0,1.0,0.0,0.0,0.0,0.0,0.0,0.0,0.0,2.0,0.0,0.0,2.0,0.0,0.0,2.0,10.0,2.0,6.0,0.0,0.0,2.0,2.0,4.0,0.0,0.0,0.0,1.0,1.0,2.0,0.0,0.0,0.0,0.0,0.0,0.0,1.0,0.0,0.0,3.0,0.0,0.0,0.0,0.0,0.0,0.0,0.0,0.0,0.0,5.0,2.0,0.0,0.0,0.0,0.0,0.0,0.0,5.0,1.0,0.0,0.0,0.0,0.0,0.0,7.0,1.0,1.0,0.0,1.0,0.0,1.0,4.0,0.0,0.0,12.0,1.0,3.0,9.0,12.0,12.0,1.0,19.0
CHEMBL4740411,Activity,39.0,17.0,12.0,2.0,0.0,1.0,1.0,24.0,15.0,2.0,0.0,2.0,0.0,2.0,3.0,1.0,0.0,0.0,0.0,25.0,16.0,2.0,0.0,1.0,0.0,1.0,0.0,1.0,21.0,13.0,4.0,0.0,3.0,3.0,2.0,0.0,0.0,0.0,16.0,16.0,4.0,0.0,0.0,0.0,0.0,0.0,3.0,3.0,0.0,19.0,6.0,4.0,0.0,2.0,2.0,5.0,0.0,0.0,17.0,10.0,3.0,0.0,4.0,0.0,4.0,0.0,0.0,0.0,0.0,14.0,9.0,1.0,0.0,2.0,2.0,2.0,1.0,0.0,0.0,0.0,13.0,8.0,1.0,0.0,2.0,2.0,0.0,1.0,12.0,8.0,1.0,2.0,2.0,0.0,2.0,0.0,0.0,1.0,4.0,0.0,1.0,0.0,0.0,0.0,1.0,0.0,0.0,2.0,1.0,0.0,1.0,1.0,1.0,0.0,8.0,1.0,4.0,1.0,0.0,0.0,1.0,1.0,0.0,0.0,0.0,0.0,1.0,0.0,0.0,0.0,0.0,0.0,0.0,0.0,0.0,0.0,0.0,0.0,2.0,2.0,1.0,4.0,1.0,0.0,1.0,1.0,1.0,1.0,0.0,3.0,3.0,0.0,2.0,0.0,2.0,1.0,0.0,1.0,2.0,1.0,0.0,1.0,2.0,2.0,1.0,0.0,0.0,0.0,1.0,0.0,3.0,4.0,17.0,5.0,0.0,14.0,12.0,12.0,5.0,18.0
CHEMBL4086034,Activity,5.0,11.0,9.0,2.0,4.0,0.0,0.0,15.0,12.0,2.0,5.0,0.0,0.0,0.0,2.0,2.0,0.0,0.0,0.0,11.0,12.0,5.0,2.0,0.0,0.0,0.0,3.0,2.0,8.0,16.0,3.0,3.0,0.0,0.0,1.0,0.0,0.0,0.0,16.0,7.0,2.0,1.0,0.0,0.0,2.0,2.0,0.0,0.0,0.0,14.0,8.0,6.0,6.0,0.0,0.0,1.0,0.0,0.0,13.0,7.0,4.0,5.0,0.0,0.0,0.0,0.0,2.0,0.0,0.0,10.0,3.0,2.0,3.0,0.0,0.0,0.0,2.0,0.0,0.0,0.0,5.0,1.0,4.0,1.0,0.0,0.0,0.0,0.0,2.0,0.0,0.0,0.0,0.0,0.0,0.0,0.0,0.0,0.0,0.0,0.0,0.0,0.0,0.0,0.0,0.0,0.0,0.0,2.0,1.0,0.0,2.0,0.0,1.0,0.0,6.0,2.0,3.0,2.0,0.0,3.0,2.0,1.0,0.0,0.0,0.0,1.0,0.0,0.0,0.0,0.0,0.0,0.0,0.0,0.0,0.0,1.0,0.0,0.0,2.0,0.0,0.0,2.0,2.0,1.0,2.0,1.0,0.0,0.0,0.0,2.0,1.0,0.0,2.0,0.0,0.0,0.0,0.0,0.0,2.0,2.0,0.0,0.0,2.0,2.0,0.0,0.0,0.0,0.0,2.0,3.0,3.0,5.0,14.0,6.0,2.0,15.0,5.0,5.0,2.0,15.0
CHEMBL4096130,Activity,95.0,11.0,9.0,4.0,2.0,0.0,0.0,14.0,14.0,4.0,3.0,0.0,0.0,0.0,2.0,4.0,0.0,0.0,0.0,11.0,14.0,5.0,2.0,0.0,0.0,0.0,3.0,4.0,9.0,14.0,5.0,1.0,0.0,0.0,3.0,0.0,0.0,0.0,14.0,11.0,3.0,0.0,0.0,0.0,2.0,3.0,0.0,0.0,0.0,15.0,8.0,8.0,3.0,0.0,0.0,2.0,1.0,0.0,12.0,9.0,7.0,3.0,0.0,0.0,0.0,1.0,2.0,0.0,0.0,9.0,7.0,4.0,1.0,0.0,0.0,0.0,2.0,0.0,0.0,2.0,6.0,3.0,3.0,0.0,0.0,0.0,0.0,2.0,3.0,1.0,2.0,0.0,0.0,0.0,0.0,0.0,0.0,0.0,0.0,0.0,0.0,0.0,0.0,0.0,0.0,0.0,0.0,3.0,1.0,0.0,2.0,0.0,1.0,0.0,7.0,2.0,3.0,2.0,0.0,3.0,2.0,1.0,0.0,0.0,0.0,1.0,0.0,0.0,0.0,0.0,0.0,0.0,0.0,0.0,0.0,1.0,0.0,0.0,2.0,0.0,0.0,2.0,2.0,1.0,2.0,1.0,0.0,0.0,0.0,2.0,1.0,0.0,2.0,0.0,0.0,0.0,0.0,0.0,2.0,2.0,0.0,0.0,2.0,3.0,0.0,0.0,0.0,0.0,2.0,3.0,4.0,6.0,14.0,7.0,2.0,15.0,6.0,6.0,2.0,14.0
CHEMBL4791651,Activity,35.0,19.0,13.0,0.0,0.0,0.0,0.0,27.0,16.0,0.0,0.0,0.0,0.0,0.0,3.0,0.0,0.0,0.0,0.0,26.0,20.0,0.0,0.0,0.0,0.0,0.0,0.0,0.0,26.0,13.0,0.0,0.0,0.0,0.0,3.0,0.0,0.0,0.0,18.0,21.0,0.0,0.0,0.0,0.0,0.0,0.0,0.0,0.0,0.0,23.0,8.0,0.0,0.0,0.0,0.0,5.0,0.0,0.0,23.0,12.0,0.0,0.0,0.0,0.0,0.0,0.0,0.0,0.0,0.0,17.0,11.0,0.0,0.0,0.0,0.0,2.0,0.0,0.0,0.0,0.0,15.0,10.0,0.0,0.0,0.0,0.0,0.0,0.0,15.0,8.0,0.0,0.0,0.0,1.0,0.0,0.0,0.0,1.0,5.0,0.0,2.0,0.0,0.0,0.0,3.0,0.0,0.0,3.0,1.0,0.0,0.0,0.0,1.0,0.0,10.0,0.0,5.0,0.0,0.0,0.0,0.0,2.0,0.0,0.0,0.0,0.0,1.0,0.0,0.0,0.0,0.0,0.0,0.0,0.0,0.0,1.0,1.0,0.0,2.0,2.0,1.0,4.0,0.0,0.0,0.0,1.0,0.0,0.0,0.0,3.0,3.0,0.0,0.0,0.0,0.0,0.0,0.0,0.0,3.0,0.0,0.0,0.0,0.0,3.0,2.0,0.0,0.0,1.0,0.0,0.0,3.0,4.0,17.0,5.0,0.0,13.0,14.0,14.0,5.0,17.0
CHEMBL4445808,Activity,0.85,29.0,11.0,8.0,0.0,3.0,3.0,40.0,13.0,9.0,0.0,3.0,0.0,3.0,1.0,3.0,3.0,3.0,3.0,41.0,16.0,13.0,0.0,6.0,0.0,6.0,0.0,0.0,39.0,12.0,13.0,0.0,6.0,6.0,0.0,3.0,3.0,3.0,42.0,7.0,11.0,0.0,9.0,9.0,2.0,1.0,3.0,3.0,1.0,36.0,13.0,9.0,0.0,9.0,9.0,0.0,1.0,2.0,34.0,11.0,6.0,0.0,3.0,0.0,3.0,1.0,2.0,3.0,3.0,27.0,13.0,11.0,0.0,6.0,6.0,1.0,0.0,0.0,0.0,0.0,26.0,11.0,12.0,0.0,6.0,6.0,0.0,1.0,28.0,6.0,10.0,9.0,9.0,2.0,2.0,0.0,0.0,1.0,6.0,3.0,2.0,0.0,0.0,1.0,1.0,0.0,0.0,3.0,2.0,1.0,1.0,3.0,1.0,3.0,13.0,1.0,7.0,1.0,1.0,0.0,1.0,6.0,2.0,1.0,0.0,1.0,0.0,4.0,1.0,0.0,0.0,0.0,1.0,6.0,0.0,5.0,0.0,0.0,4.0,0.0,0.0,4.0,1.0,1.0,1.0,2.0,0.0,0.0,0.0,5.0,2.0,0.0,1.0,3.0,0.0,3.0,2.0,3.0,4.0,1.0,0.0,0.0,5.0,1.0,3.0,3.0,2.0,1.0,1.0,0.0,1.0,1.0,22.0,2.0,2.0,19.0,16.0,16.0,13.0,28.0
CHEMBL4103951,Activity,5.0,12.0,9.0,2.0,4.0,0.0,0.0,17.0,12.0,2.0,5.0,0.0,0.0,0.0,2.0,2.0,0.0,0.0,0.0,14.0,12.0,5.0,3.0,0.0,0.0,0.0,3.0,2.0,8.0,19.0,3.0,3.0,0.0,0.0,1.0,0.0,0.0,0.0,17.0,8.0,2.0,1.0,0.0,0.0,2.0,2.0,0.0,0.0,0.0,17.0,8.0,6.0,6.0,0.0,0.0,1.0,0.0,0.0,15.0,8.0,6.0,6.0,0.0,0.0,0.0,0.0,2.0,0.0,0.0,13.0,3.0,2.0,3.0,0.0,0.0,0.0,2.0,0.0,0.0,0.0,5.0,1.0,4.0,1.0,0.0,0.0,0.0,0.0,2.0,0.0,0.0,0.0,0.0,0.0,0.0,0.0,0.0,0.0,0.0,0.0,0.0,0.0,0.0,0.0,0.0,0.0,0.0,3.0,1.0,0.0,2.0,0.0,1.0,0.0,7.0,2.0,3.0,2.0,0.0,3.0,2.0,1.0,0.0,0.0,0.0,1.0,0.0,0.0,0.0,0.0,0.0,0.0,0.0,0.0,0.0,1.0,0.0,0.0,2.0,0.0,0.0,2.0,2.0,1.0,2.0,1.0,0.0,0.0,0.0,2.0,1.0,0.0,2.0,0.0,0.0,0.0,0.0,0.0,2.0,2.0,0.0,0.0,2.0,3.0,0.0,0.0,0.0,0.0,2.0,3.0,3.0,5.0,14.0,6.0,2.0,15.0,6.0,6.0,2.0,15.0
CHEMBL4086350,Activity,9.0,14.0,7.0,4.0,2.0,0.0,0.0,19.0,10.0,5.0,3.0,0.0,0.0,0.0,2.0,2.0,0.0,0.0,0.0,14.0,14.0,5.0,3.0,0.0,0.0,0.0,1.0,4.0,10.0,17.0,5.0,1.0,0.0,0.0,1.0,0.0,0.0,0.0,18.0,8.0,3.0,1.0,0.0,0.0,1.0,3.0,0.0,0.0,0.0,19.0,7.0,8.0,4.0,0.0,0.0,0.0,1.0,0.0,19.0,4.0,10.0,2.0,0.0,0.0,0.0,0.0,2.0,0.0,0.0,15.0,1.0,6.0,1.0,0.0,0.0,0.0,0.0,0.0,0.0,2.0,6.0,0.0,5.0,0.0,0.0,0.0,0.0,0.0,2.0,0.0,0.0,0.0,0.0,0.0,0.0,0.0,0.0,0.0,0.0,0.0,0.0,0.0,0.0,0.0,0.0,0.0,0.0,3.0,1.0,0.0,2.0,0.0,1.0,0.0,7.0,2.0,3.0,2.0,0.0,3.0,2.0,1.0,0.0,0.0,0.0,1.0,0.0,0.0,0.0,0.0,0.0,0.0,0.0,0.0,0.0,1.0,0.0,0.0,2.0,0.0,0.0,2.0,2.0,1.0,2.0,1.0,0.0,0.0,0.0,2.0,1.0,0.0,2.0,0.0,0.0,0.0,0.0,0.0,2.0,2.0,0.0,0.0,2.0,3.0,0.0,0.0,0.0,0.0,2.0,3.0,2.0,4.0,14.0,5.0,2.0,13.0,6.0,6.0,2.0,16.0
CHEMBL4868893,Activity,64.9,32.0,13.0,4.0,0.0,0.0,0.0,47.0,16.0,4.0,0.0,0.0,0.0,0.0,2.0,2.0,0.0,0.0,0.0,46.0,18.0,7.0,0.0,0.0,0.0,0.0,2.0,1.0,40.0,19.0,9.0,0.0,0.0,0.0,2.0,0.0,0.0,0.0,45.0,16.0,7.0,0.0,0.0,0.0,1.0,0.0,0.0,0.0,1.0,42.0,19.0,7.0,0.0,0.0,0.0,1.0,1.0,0.0,42.0,14.0,4.0,0.0,0.0,0.0,0.0,2.0,1.0,0.0,0.0,40.0,12.0,4.0,0.0,0.0,0.0,2.0,1.0,0.0,0.0,0.0,39.0,12.0,3.0,0.0,0.0,0.0,1.0,4.0,31.0,16.0,6.0,0.0,0.0,1.0,2.0,0.0,0.0,0.0,4.0,0.0,2.0,0.0,2.0,0.0,1.0,0.0,2.0,4.0,2.0,1.0,2.0,0.0,1.0,1.0,11.0,2.0,5.0,0.0,1.0,0.0,0.0,3.0,0.0,0.0,0.0,0.0,3.0,0.0,0.0,0.0,0.0,0.0,0.0,0.0,0.0,0.0,0.0,0.0,2.0,2.0,1.0,4.0,0.0,0.0,2.0,1.0,1.0,2.0,2.0,4.0,3.0,0.0,2.0,1.0,4.0,2.0,0.0,0.0,3.0,2.0,0.0,2.0,3.0,4.0,0.0,0.0,0.0,0.0,2.0,4.0,2.0,3.0,27.0,5.0,4.0,17.0,16.0,16.0,8.0,31.0
CHEMBL4879055,Activity,76.2,26.0,15.0,4.0,0.0,0.0,0.0,37.0,18.0,4.0,0.0,0.0,0.0,0.0,2.0,2.0,0.0,0.0,0.0,36.0,20.0,7.0,0.0,0.0,0.0,0.0,2.0,1.0,32.0,18.0,8.0,0.0,0.0,0.0,3.0,1.0,0.0,0.0,38.0,16.0,6.0,0.0,0.0,0.0,1.0,0.0,0.0,0.0,1.0,39.0,18.0,4.0,0.0,0.0,0.0,1.0,1.0,0.0,34.0,17.0,4.0,0.0,0.0,0.0,0.0,2.0,1.0,0.0,0.0,29.0,14.0,4.0,0.0,0.0,0.0,2.0,1.0,0.0,0.0,0.0,27.0,12.0,3.0,0.0,0.0,0.0,2.0,4.0,22.0,17.0,6.0,0.0,0.0,1.0,2.0,0.0,0.0,0.0,4.0,0.0,2.0,0.0,2.0,0.0,1.0,0.0,2.0,1.0,2.0,1.0,2.0,0.0,1.0,1.0,7.0,2.0,2.0,0.0,0.0,0.0,0.0,0.0,0.0,0.0,0.0,0.0,0.0,0.0,0.0,0.0,0.0,0.0,0.0,0.0,0.0,0.0,0.0,0.0,2.0,2.0,1.0,4.0,0.0,0.0,2.0,1.0,1.0,2.0,2.0,4.0,3.0,0.0,2.0,1.0,4.0,2.0,0.0,0.0,3.0,2.0,0.0,2.0,3.0,1.0,0.0,0.0,0.0,0.0,2.0,3.0,3.0,4.0,27.0,6.0,4.0,19.0,13.0,13.0,7.0,29.0
CHEMBL3967108,Activity,-5.0,35.0,15.0,4.0,0.0,1.0,1.0,50.0,18.0,5.0,0.0,2.0,0.0,2.0,1.0,1.0,0.0,0.0,0.0,59.0,16.0,9.0,0.0,3.0,0.0,3.0,2.0,1.0,55.0,15.0,11.0,0.0,2.0,2.0,1.0,1.0,1.0,1.0,53.0,15.0,13.0,0.0,5.0,5.0,1.0,0.0,0.0,0.0,0.0,46.0,21.0,11.0,0.0,2.0,2.0,0.0,0.0,1.0,47.0,10.0,9.0,0.0,3.0,0.0,3.0,4.0,2.0,0.0,0.0,42.0,15.0,8.0,0.0,2.0,2.0,0.0,0.0,0.0,0.0,0.0,43.0,11.0,6.0,0.0,2.0,2.0,2.0,3.0,37.0,14.0,5.0,3.0,3.0,1.0,2.0,0.0,0.0,1.0,10.0,0.0,3.0,0.0,1.0,0.0,6.0,0.0,1.0,1.0,0.0,0.0,1.0,1.0,3.0,1.0,14.0,1.0,7.0,0.0,1.0,0.0,0.0,1.0,0.0,0.0,0.0,0.0,2.0,0.0,0.0,0.0,0.0,0.0,0.0,0.0,0.0,0.0,0.0,0.0,6.0,5.0,4.0,11.0,0.0,0.0,1.0,4.0,0.0,1.0,0.0,8.0,7.0,0.0,1.0,2.0,1.0,2.0,1.0,1.0,3.0,1.0,2.0,1.0,3.0,1.0,1.0,0.0,1.0,2.0,1.0,2.0,2.0,3.0,27.0,7.0,2.0,19.0,21.0,21.0,6.0,32.0
CHEMBL3622137,Activity,6.7,17.0,17.0,1.0,2.0,0.0,0.0,23.0,18.0,1.0,2.0,0.0,0.0,0.0,4.0,1.0,0.0,0.0,0.0,29.0,19.0,3.0,2.0,0.0,0.0,0.0,3.0,1.0,28.0,18.0,7.0,1.0,0.0,0.0,5.0,0.0,0.0,0.0,23.0,22.0,2.0,2.0,0.0,0.0,3.0,1.0,0.0,0.0,0.0,31.0,15.0,2.0,2.0,0.0,0.0,3.0,1.0,0.0,24.0,19.0,2.0,4.0,0.0,0.0,0.0,2.0,2.0,0.0,0.0,24.0,15.0,1.0,2.0,0.0,0.0,0.0,0.0,0.0,0.0,0.0,22.0,8.0,0.0,0.0,0.0,0.0,1.0,1.0,8.0,4.0,2.0,0.0,0.0,0.0,0.0,0.0,0.0,2.0,3.0,0.0,0.0,0.0,0.0,0.0,0.0,0.0,0.0,4.0,1.0,0.0,1.0,0.0,1.0,0.0,12.0,1.0,7.0,0.0,2.0,0.0,0.0,2.0,0.0,0.0,0.0,0.0,0.0,0.0,0.0,0.0,0.0,0.0,0.0,0.0,0.0,2.0,2.0,0.0,4.0,4.0,4.0,8.0,0.0,0.0,4.0,4.0,0.0,0.0,0.0,3.0,3.0,4.0,2.0,0.0,0.0,0.0,0.0,0.0,2.0,1.0,0.0,0.0,1.0,3.0,2.0,0.0,0.0,0.0,1.0,1.0,3.0,6.0,17.0,6.0,2.0,20.0,15.0,15.0,7.0,22.0
CHEMBL4436572,Activity,7.0,21.0,15.0,0.0,0.0,1.0,1.0,29.0,19.0,0.0,0.0,2.0,0.0,2.0,3.0,0.0,0.0,0.0,0.0,30.0,22.0,0.0,0.0,2.0,0.0,2.0,0.0,0.0,33.0,12.0,0.0,0.0,3.0,3.0,3.0,0.0,1.0,1.0,24.0,19.0,0.0,0.0,3.0,3.0,1.0,0.0,0.0,0.0,0.0,26.0,10.0,0.0,0.0,1.0,1.0,4.0,0.0,0.0,28.0,9.0,0.0,0.0,2.0,0.0,2.0,2.0,0.0,1.0,1.0,18.0,17.0,0.0,0.0,4.0,4.0,0.0,0.0,0.0,0.0,0.0,19.0,10.0,0.0,0.0,4.0,4.0,1.0,0.0,19.0,10.0,0.0,1.0,1.0,0.0,0.0,2.0,2.0,2.0,7.0,2.0,4.0,1.0,0.0,0.0,1.0,1.0,0.0,5.0,1.0,0.0,0.0,1.0,2.0,0.0,14.0,0.0,9.0,0.0,0.0,0.0,0.0,6.0,0.0,0.0,2.0,0.0,0.0,3.0,1.0,0.0,0.0,0.0,1.0,3.0,0.0,5.0,3.0,0.0,5.0,3.0,2.0,8.0,0.0,0.0,0.0,3.0,0.0,0.0,0.0,5.0,4.0,2.0,0.0,2.0,0.0,0.0,0.0,1.0,3.0,0.0,0.0,0.0,0.0,4.0,4.0,0.0,0.0,2.0,0.0,0.0,3.0,4.0,17.0,5.0,0.0,15.0,18.0,18.0,8.0,19.0
CHEMBL4528737,Activity,6.0,23.0,15.0,0.0,0.0,1.0,1.0,31.0,19.0,0.0,0.0,2.0,0.0,2.0,3.0,0.0,0.0,0.0,0.0,32.0,22.0,0.0,0.0,2.0,0.0,2.0,0.0,0.0,35.0,12.0,0.0,0.0,3.0,3.0,3.0,0.0,1.0,1.0,25.0,20.0,0.0,0.0,3.0,3.0,1.0,0.0,0.0,0.0,0.0,28.0,11.0,0.0,0.0,1.0,1.0,4.0,0.0,0.0,32.0,9.0,0.0,0.0,2.0,0.0,2.0,2.0,0.0,1.0,1.0,22.0,17.0,0.0,0.0,4.0,4.0,0.0,0.0,0.0,0.0,0.0,21.0,11.0,0.0,0.0,4.0,4.0,1.0,0.0,20.0,11.0,0.0,1.0,1.0,0.0,0.0,2.0,2.0,2.0,9.0,2.0,6.0,3.0,0.0,0.0,1.0,1.0,0.0,5.0,1.0,0.0,0.0,1.0,2.0,0.0,16.0,0.0,11.0,0.0,0.0,0.0,0.0,8.0,0.0,0.0,2.0,0.0,0.0,5.0,3.0,1.0,0.0,0.0,2.0,3.0,0.0,5.0,3.0,0.0,5.0,3.0,2.0,8.0,0.0,0.0,0.0,3.0,0.0,0.0,0.0,5.0,4.0,2.0,0.0,2.0,0.0,0.0,0.0,1.0,3.0,0.0,0.0,0.0,0.0,4.0,6.0,0.0,0.0,2.0,0.0,0.0,3.0,4.0,17.0,5.0,0.0,15.0,20.0,20.0,10.0,19.0
CHEMBL4439816,Activity,8.0,23.0,18.0,2.0,0.0,1.0,1.0,32.0,23.0,2.0,0.0,2.0,0.0,2.0,3.0,0.0,0.0,0.0,0.0,37.0,22.0,0.0,0.0,2.0,0.0,2.0,1.0,1.0,38.0,15.0,1.0,0.0,3.0,3.0,3.0,0.0,1.0,1.0,29.0,24.0,1.0,0.0,3.0,3.0,1.0,0.0,0.0,0.0,0.0,34.0,14.0,0.0,0.0,1.0,1.0,4.0,1.0,0.0,39.0,9.0,2.0,0.0,2.0,0.0,2.0,3.0,0.0,1.0,1.0,26.0,19.0,3.0,0.0,4.0,4.0,0.0,0.0,0.0,0.0,0.0,22.0,14.0,3.0,0.0,5.0,5.0,1.0,0.0,24.0,12.0,0.0,1.0,1.0,0.0,1.0,3.0,3.0,2.0,12.0,2.0,6.0,0.0,2.0,0.0,5.0,0.0,2.0,4.0,1.0,0.0,0.0,1.0,3.0,1.0,18.0,0.0,11.0,0.0,0.0,0.0,0.0,5.0,0.0,0.0,2.0,0.0,0.0,2.0,1.0,0.0,0.0,0.0,1.0,2.0,0.0,5.0,3.0,0.0,9.0,7.0,8.0,16.0,0.0,0.0,0.0,9.0,3.0,2.0,2.0,8.0,7.0,2.0,0.0,2.0,4.0,2.0,0.0,1.0,4.0,0.0,1.0,2.0,1.0,4.0,3.0,0.0,0.0,3.0,0.0,0.0,3.0,4.0,17.0,7.0,0.0,20.0,25.0,25.0,10.0,20.0
CHEMBL3905177,Activity,16.0,14.0,8.0,2.0,4.0,0.0,0.0,19.0,11.0,2.0,6.0,0.0,0.0,0.0,2.0,2.0,0.0,0.0,0.0,14.0,15.0,5.0,3.0,0.0,0.0,0.0,1.0,2.0,10.0,20.0,3.0,3.0,0.0,0.0,1.0,0.0,0.0,0.0,18.0,9.0,2.0,2.0,0.0,0.0,2.0,2.0,0.0,0.0,0.0,19.0,8.0,6.0,6.0,0.0,0.0,2.0,0.0,0.0,19.0,5.0,6.0,6.0,0.0,0.0,0.0,1.0,2.0,0.0,0.0,15.0,4.0,4.0,3.0,0.0,0.0,0.0,0.0,0.0,0.0,0.0,6.0,4.0,4.0,1.0,0.0,0.0,0.0,2.0,2.0,1.0,0.0,0.0,0.0,0.0,0.0,0.0,0.0,0.0,0.0,0.0,0.0,0.0,0.0,0.0,0.0,0.0,0.0,2.0,1.0,0.0,2.0,0.0,1.0,0.0,7.0,2.0,3.0,2.0,0.0,3.0,2.0,1.0,0.0,0.0,0.0,1.0,0.0,0.0,0.0,0.0,0.0,0.0,0.0,0.0,0.0,1.0,0.0,0.0,2.0,0.0,0.0,2.0,2.0,1.0,2.0,1.0,0.0,0.0,0.0,2.0,1.0,0.0,2.0,0.0,0.0,0.0,0.0,0.0,3.0,2.0,0.0,0.0,2.0,2.0,0.0,0.0,0.0,0.0,2.0,3.0,2.0,4.0,14.0,5.0,2.0,14.0,5.0,5.0,2.0,16.0
CHEMBL3958547,Activity,4.0,13.0,7.0,2.0,4.0,0.0,0.0,17.0,10.0,2.0,6.0,0.0,0.0,0.0,2.0,2.0,0.0,0.0,0.0,11.0,14.0,5.0,2.0,0.0,0.0,0.0,1.0,2.0,10.0,14.0,3.0,3.0,0.0,0.0,1.0,0.0,0.0,0.0,17.0,7.0,2.0,2.0,0.0,0.0,1.0,2.0,0.0,0.0,0.0,16.0,7.0,6.0,6.0,0.0,0.0,0.0,0.0,0.0,16.0,4.0,4.0,5.0,0.0,0.0,0.0,0.0,2.0,0.0,0.0,12.0,1.0,4.0,3.0,0.0,0.0,0.0,0.0,0.0,0.0,0.0,6.0,0.0,4.0,1.0,0.0,0.0,0.0,0.0,2.0,0.0,0.0,0.0,0.0,0.0,0.0,0.0,0.0,0.0,0.0,0.0,0.0,0.0,0.0,0.0,0.0,0.0,0.0,2.0,1.0,0.0,2.0,0.0,1.0,0.0,6.0,2.0,3.0,2.0,0.0,3.0,2.0,1.0,0.0,0.0,0.0,1.0,0.0,0.0,0.0,0.0,0.0,0.0,0.0,0.0,0.0,1.0,0.0,0.0,2.0,0.0,0.0,2.0,2.0,1.0,2.0,1.0,0.0,0.0,0.0,2.0,1.0,0.0,2.0,0.0,0.0,0.0,0.0,0.0,2.0,2.0,0.0,0.0,2.0,2.0,0.0,0.0,0.0,0.0,2.0,3.0,2.0,4.0,14.0,5.0,2.0,13.0,5.0,5.0,2.0,16.0
CHEMBL3983019,Activity,61.0,15.0,12.0,3.0,4.0,0.0,0.0,23.0,13.0,3.0,6.0,0.0,0.0,0.0,2.0,3.0,0.0,0.0,0.0,18.0,15.0,7.0,3.0,0.0,0.0,0.0,2.0,2.0,12.0,23.0,7.0,4.0,0.0,0.0,1.0,0.0,0.0,0.0,24.0,10.0,3.0,3.0,0.0,0.0,2.0,4.0,0.0,0.0,0.0,25.0,10.0,9.0,6.0,0.0,0.0,2.0,2.0,0.0,23.0,11.0,7.0,8.0,0.0,0.0,0.0,1.0,3.0,0.0,0.0,23.0,8.0,7.0,3.0,0.0,0.0,1.0,0.0,0.0,0.0,0.0,12.0,8.0,8.0,2.0,0.0,0.0,2.0,2.0,11.0,6.0,3.0,0.0,0.0,1.0,0.0,0.0,0.0,0.0,2.0,0.0,1.0,0.0,0.0,1.0,0.0,1.0,0.0,4.0,2.0,1.0,3.0,0.0,2.0,0.0,11.0,3.0,4.0,2.0,0.0,3.0,2.0,1.0,0.0,0.0,0.0,1.0,0.0,0.0,0.0,0.0,0.0,0.0,0.0,0.0,0.0,1.0,0.0,0.0,4.0,1.0,0.0,5.0,2.0,1.0,3.0,1.0,0.0,0.0,0.0,7.0,5.0,0.0,3.0,0.0,0.0,0.0,0.0,0.0,4.0,3.0,1.0,0.0,3.0,2.0,0.0,0.0,0.0,1.0,3.0,5.0,2.0,4.0,14.0,5.0,4.0,19.0,11.0,11.0,7.0,19.0
CHEMBL3940328,Activity,7.0,19.0,7.0,4.0,4.0,0.0,0.0,26.0,10.0,4.0,6.0,0.0,0.0,0.0,2.0,2.0,0.0,0.0,0.0,20.0,14.0,7.0,4.0,0.0,0.0,0.0,1.0,2.0,19.0,14.0,4.0,5.0,0.0,0.0,1.0,0.0,0.0,0.0,25.0,9.0,3.0,3.0,0.0,0.0,1.0,2.0,0.0,0.0,0.0,23.0,13.0,7.0,6.0,0.0,0.0,0.0,0.0,0.0,22.0,11.0,6.0,6.0,0.0,0.0,0.0,0.0,2.0,0.0,0.0,23.0,5.0,5.0,5.0,0.0,0.0,0.0,1.0,0.0,0.0,0.0,22.0,2.0,9.0,3.0,0.0,0.0,0.0,2.0,16.0,2.0,5.0,0.0,0.0,0.0,1.0,0.0,0.0,0.0,0.0,0.0,0.0,0.0,0.0,0.0,0.0,0.0,0.0,2.0,1.0,0.0,2.0,0.0,1.0,1.0,6.0,2.0,3.0,2.0,0.0,3.0,2.0,1.0,0.0,0.0,0.0,1.0,0.0,0.0,0.0,0.0,0.0,0.0,0.0,0.0,0.0,1.0,0.0,0.0,2.0,0.0,0.0,2.0,2.0,1.0,2.0,1.0,0.0,0.0,0.0,2.0,1.0,0.0,2.0,0.0,0.0,1.0,1.0,0.0,2.0,2.0,0.0,0.0,3.0,1.0,0.0,0.0,1.0,0.0,2.0,3.0,2.0,4.0,20.0,5.0,2.0,15.0,5.0,5.0,3.0,22.0
CHEMBL3921068,Activity,17.0,23.0,10.0,4.0,4.0,0.0,0.0,30.0,13.0,5.0,6.0,0.0,0.0,0.0,2.0,2.0,0.0,0.0,0.0,26.0,16.0,7.0,5.0,0.0,0.0,0.0,1.0,3.0,25.0,18.0,5.0,5.0,0.0,0.0,2.0,0.0,0.0,0.0,32.0,13.0,4.0,3.0,0.0,0.0,1.0,2.0,0.0,0.0,0.0,31.0,16.0,8.0,6.0,0.0,0.0,0.0,0.0,0.0,31.0,12.0,9.0,7.0,0.0,0.0,0.0,0.0,3.0,0.0,0.0,33.0,7.0,5.0,6.0,0.0,0.0,0.0,1.0,0.0,0.0,0.0,29.0,5.0,9.0,3.0,0.0,0.0,0.0,2.0,20.0,8.0,5.0,0.0,0.0,0.0,1.0,0.0,0.0,0.0,4.0,0.0,2.0,0.0,1.0,2.0,0.0,0.0,1.0,2.0,2.0,0.0,2.0,0.0,1.0,1.0,11.0,2.0,6.0,2.0,0.0,3.0,2.0,2.0,0.0,0.0,0.0,1.0,0.0,0.0,0.0,0.0,0.0,0.0,0.0,0.0,0.0,2.0,0.0,0.0,4.0,0.0,0.0,4.0,2.0,1.0,2.0,2.0,1.0,1.0,0.0,4.0,2.0,0.0,2.0,0.0,1.0,1.0,1.0,0.0,4.0,2.0,0.0,1.0,3.0,2.0,1.0,0.0,1.0,0.0,2.0,3.0,2.0,4.0,20.0,5.0,2.0,18.0,11.0,11.0,8.0,23.0
CHEMBL5189173,Activity,57.0,18.0,10.0,3.0,0.0,0.0,0.0,27.0,10.0,3.0,0.0,0.0,0.0,0.0,3.0,1.0,0.0,0.0,0.0,27.0,16.0,3.0,0.0,0.0,0.0,0.0,0.0,0.0,28.0,11.0,3.0,0.0,0.0,0.0,3.0,0.0,0.0,0.0,25.0,12.0,3.0,0.0,0.0,0.0,1.0,0.0,0.0,0.0,0.0,20.0,15.0,3.0,0.0,0.0,0.0,0.0,0.0,0.0,18.0,10.0,2.0,0.0,0.0,0.0,0.0,1.0,2.0,0.0,0.0,15.0,7.0,3.0,0.0,0.0,0.0,0.0,3.0,0.0,0.0,0.0,10.0,6.0,5.0,0.0,0.0,0.0,2.0,1.0,9.0,4.0,5.0,0.0,0.0,0.0,0.0,0.0,0.0,2.0,4.0,4.0,2.0,0.0,0.0,0.0,0.0,0.0,0.0,2.0,1.0,1.0,1.0,0.0,0.0,1.0,9.0,1.0,7.0,1.0,0.0,0.0,1.0,6.0,0.0,0.0,2.0,0.0,0.0,6.0,6.0,1.0,0.0,0.0,2.0,2.0,0.0,2.0,0.0,0.0,3.0,0.0,0.0,3.0,2.0,0.0,2.0,2.0,0.0,0.0,0.0,2.0,1.0,1.0,1.0,0.0,0.0,1.0,1.0,0.0,2.0,1.0,0.0,0.0,2.0,1.0,4.0,0.0,1.0,0.0,1.0,0.0,2.0,3.0,15.0,3.0,0.0,13.0,12.0,12.0,4.0,17.0
CHEMBL5175396,Activity,46.0,18.0,11.0,2.0,0.0,0.0,0.0,27.0,11.0,2.0,0.0,0.0,0.0,0.0,3.0,0.0,0.0,0.0,0.0,27.0,16.0,2.0,0.0,0.0,0.0,0.0,1.0,0.0,28.0,12.0,1.0,0.0,0.0,0.0,3.0,0.0,0.0,0.0,25.0,14.0,1.0,0.0,0.0,0.0,1.0,0.0,0.0,0.0,0.0,20.0,17.0,2.0,0.0,0.0,0.0,0.0,0.0,0.0,18.0,11.0,2.0,0.0,0.0,0.0,0.0,1.0,1.0,0.0,0.0,15.0,7.0,1.0,0.0,0.0,0.0,1.0,3.0,0.0,0.0,0.0,10.0,8.0,3.0,0.0,0.0,0.0,2.0,0.0,9.0,6.0,2.0,0.0,0.0,1.0,0.0,0.0,0.0,2.0,5.0,4.0,2.0,0.0,0.0,1.0,0.0,0.0,0.0,1.0,1.0,0.0,0.0,0.0,0.0,1.0,9.0,0.0,7.0,0.0,0.0,0.0,0.0,6.0,0.0,0.0,2.0,0.0,0.0,6.0,6.0,1.0,0.0,0.0,2.0,2.0,0.0,2.0,0.0,0.0,3.0,0.0,0.0,3.0,0.0,0.0,0.0,2.0,0.0,0.0,0.0,2.0,1.0,1.0,0.0,0.0,0.0,1.0,1.0,0.0,3.0,0.0,0.0,0.0,1.0,0.0,4.0,0.0,1.0,0.0,0.0,0.0,2.0,3.0,15.0,3.0,0.0,13.0,12.0,12.0,4.0,16.0
CHEMBL4063853,Activity,85.0,14.0,7.0,2.0,2.0,0.0,0.0,17.0,10.0,2.0,3.0,0.0,0.0,0.0,2.0,2.0,0.0,0.0,0.0,12.0,16.0,5.0,3.0,0.0,0.0,0.0,1.0,2.0,12.0,13.0,3.0,1.0,0.0,0.0,1.0,0.0,0.0,0.0,15.0,9.0,2.0,2.0,0.0,0.0,1.0,2.0,0.0,0.0,0.0,19.0,6.0,6.0,2.0,0.0,0.0,0.0,0.0,0.0,19.0,2.0,6.0,2.0,0.0,0.0,0.0,0.0,2.0,0.0,0.0,9.0,1.0,6.0,1.0,0.0,0.0,0.0,0.0,0.0,0.0,0.0,3.0,0.0,0.0,0.0,0.0,0.0,0.0,0.0,0.0,0.0,0.0,0.0,0.0,0.0,0.0,0.0,0.0,1.0,1.0,0.0,0.0,0.0,0.0,0.0,0.0,0.0,0.0,3.0,1.0,0.0,2.0,0.0,1.0,0.0,10.0,2.0,6.0,2.0,1.0,3.0,2.0,2.0,0.0,0.0,0.0,1.0,0.0,0.0,0.0,0.0,0.0,0.0,0.0,0.0,0.0,1.0,0.0,0.0,2.0,0.0,0.0,2.0,2.0,1.0,2.0,1.0,0.0,0.0,0.0,2.0,1.0,0.0,2.0,0.0,0.0,0.0,0.0,0.0,2.0,2.0,0.0,0.0,2.0,3.0,1.0,0.0,0.0,0.0,2.0,3.0,2.0,3.0,9.0,4.0,2.0,11.0,10.0,10.0,3.0,15.0
CHEMBL4748354,Activity,41.0,27.0,12.0,2.0,0.0,0.0,0.0,37.0,15.0,3.0,0.0,0.0,0.0,0.0,3.0,1.0,0.0,0.0,0.0,35.0,19.0,6.0,0.0,0.0,0.0,0.0,0.0,0.0,32.0,14.0,6.0,0.0,0.0,0.0,2.0,0.0,0.0,0.0,25.0,20.0,4.0,0.0,0.0,0.0,0.0,1.0,0.0,0.0,1.0,30.0,8.0,6.0,0.0,0.0,0.0,5.0,0.0,0.0,32.0,12.0,5.0,0.0,0.0,0.0,0.0,0.0,0.0,0.0,0.0,29.0,10.0,3.0,0.0,0.0,0.0,2.0,1.0,0.0,0.0,0.0,28.0,9.0,3.0,0.0,0.0,0.0,0.0,0.0,26.0,9.0,1.0,0.0,0.0,0.0,2.0,0.0,0.0,1.0,3.0,0.0,1.0,0.0,0.0,0.0,1.0,0.0,0.0,3.0,1.0,0.0,2.0,0.0,1.0,0.0,11.0,2.0,5.0,1.0,0.0,2.0,2.0,1.0,0.0,0.0,0.0,0.0,2.0,0.0,0.0,0.0,0.0,0.0,0.0,0.0,0.0,0.0,0.0,0.0,2.0,2.0,1.0,4.0,1.0,0.0,1.0,1.0,0.0,0.0,0.0,3.0,3.0,0.0,2.0,0.0,0.0,0.0,0.0,0.0,2.0,1.0,0.0,0.0,2.0,3.0,1.0,0.0,0.0,0.0,1.0,4.0,3.0,4.0,23.0,5.0,4.0,14.0,13.0,13.0,7.0,27.0
CHEMBL4748445,Activity,67.0,19.0,12.0,0.0,0.0,0.0,0.0,27.0,15.0,0.0,0.0,0.0,0.0,0.0,3.0,0.0,0.0,0.0,0.0,26.0,19.0,0.0,0.0,0.0,0.0,0.0,0.0,0.0,26.0,13.0,0.0,0.0,0.0,0.0,2.0,0.0,0.0,0.0,18.0,19.0,0.0,0.0,0.0,0.0,0.0,0.0,0.0,0.0,0.0,23.0,6.0,0.0,0.0,0.0,0.0,5.0,0.0,0.0,23.0,10.0,0.0,0.0,0.0,0.0,0.0,0.0,0.0,0.0,0.0,17.0,9.0,0.0,0.0,0.0,0.0,2.0,0.0,0.0,0.0,0.0,15.0,9.0,0.0,0.0,0.0,0.0,0.0,0.0,15.0,8.0,0.0,0.0,0.0,0.0,0.0,0.0,0.0,1.0,4.0,0.0,1.0,0.0,0.0,0.0,3.0,0.0,0.0,3.0,1.0,0.0,0.0,0.0,1.0,0.0,10.0,0.0,4.0,0.0,0.0,1.0,0.0,1.0,0.0,0.0,0.0,0.0,1.0,0.0,0.0,0.0,0.0,0.0,0.0,0.0,0.0,0.0,0.0,0.0,2.0,2.0,1.0,4.0,0.0,0.0,0.0,1.0,0.0,0.0,0.0,3.0,3.0,0.0,0.0,0.0,0.0,0.0,0.0,0.0,2.0,0.0,0.0,0.0,0.0,3.0,1.0,0.0,0.0,1.0,0.0,0.0,3.0,4.0,17.0,5.0,0.0,12.0,13.0,13.0,5.0,18.0
CHEMBL4749454,Activity,40.0,19.0,12.0,2.0,0.0,0.0,0.0,27.0,15.0,2.0,0.0,0.0,0.0,0.0,3.0,0.0,0.0,0.0,0.0,28.0,18.0,0.0,0.0,0.0,0.0,0.0,0.0,1.0,25.0,14.0,2.0,0.0,0.0,0.0,2.0,0.0,0.0,0.0,18.0,20.0,2.0,0.0,0.0,0.0,0.0,0.0,0.0,0.0,0.0,25.0,6.0,2.0,0.0,0.0,0.0,5.0,0.0,0.0,25.0,10.0,2.0,0.0,0.0,0.0,0.0,0.0,0.0,0.0,0.0,20.0,9.0,1.0,0.0,0.0,0.0,2.0,0.0,0.0,0.0,0.0,18.0,8.0,0.0,0.0,0.0,0.0,0.0,1.0,15.0,9.0,1.0,0.0,0.0,0.0,0.0,0.0,0.0,1.0,6.0,0.0,2.0,0.0,1.0,0.0,3.0,0.0,2.0,4.0,1.0,0.0,0.0,0.0,1.0,1.0,11.0,0.0,5.0,0.0,0.0,0.0,0.0,1.0,0.0,0.0,0.0,0.0,1.0,0.0,0.0,0.0,0.0,0.0,0.0,0.0,0.0,0.0,0.0,0.0,2.0,2.0,1.0,4.0,0.0,0.0,0.0,1.0,1.0,2.0,2.0,3.0,3.0,0.0,0.0,0.0,2.0,2.0,0.0,0.0,2.0,0.0,0.0,1.0,1.0,4.0,1.0,0.0,0.0,1.0,0.0,0.0,3.0,4.0,17.0,5.0,0.0,14.0,16.0,16.0,7.0,17.0
CHEMBL4754686,Activity,56.0,20.0,12.0,1.0,0.0,0.0,0.0,28.0,15.0,1.0,0.0,0.0,0.0,0.0,3.0,0.0,0.0,0.0,0.0,27.0,19.0,1.0,0.0,0.0,0.0,0.0,0.0,0.0,26.0,14.0,1.0,0.0,0.0,0.0,2.0,0.0,0.0,0.0,20.0,19.0,0.0,0.0,0.0,0.0,0.0,1.0,0.0,0.0,0.0,25.0,6.0,2.0,0.0,0.0,0.0,5.0,0.0,0.0,25.0,10.0,2.0,0.0,0.0,0.0,0.0,0.0,0.0,0.0,0.0,19.0,9.0,2.0,0.0,0.0,0.0,2.0,0.0,0.0,0.0,0.0,16.0,9.0,2.0,0.0,0.0,0.0,0.0,0.0,15.0,9.0,1.0,0.0,0.0,0.0,0.0,0.0,0.0,1.0,7.0,0.0,4.0,2.0,0.0,0.0,3.0,0.0,0.0,3.0,1.0,0.0,0.0,0.0,1.0,0.0,11.0,0.0,6.0,0.0,0.0,0.0,0.0,3.0,0.0,0.0,0.0,0.0,1.0,1.0,0.0,0.0,0.0,0.0,0.0,1.0,1.0,1.0,1.0,1.0,2.0,2.0,1.0,4.0,0.0,0.0,0.0,1.0,0.0,1.0,0.0,3.0,3.0,0.0,0.0,0.0,0.0,1.0,0.0,0.0,2.0,0.0,0.0,0.0,1.0,3.0,3.0,0.0,0.0,1.0,0.0,0.0,3.0,4.0,17.0,5.0,0.0,13.0,16.0,16.0,7.0,17.0
CHEMBL3923172,Activity,50.0,15.0,10.0,4.0,4.0,0.0,0.0,22.0,13.0,4.0,5.0,0.0,0.0,0.0,2.0,2.0,0.0,0.0,0.0,17.0,17.0,5.0,5.0,0.0,0.0,0.0,1.0,3.0,17.0,17.0,4.0,5.0,0.0,0.0,2.0,0.0,0.0,0.0,25.0,9.0,3.0,2.0,0.0,0.0,3.0,2.0,0.0,0.0,0.0,22.0,13.0,9.0,6.0,0.0,0.0,1.0,0.0,0.0,20.0,13.0,7.0,5.0,0.0,0.0,0.0,0.0,3.0,0.0,0.0,19.0,7.0,3.0,5.0,0.0,0.0,0.0,4.0,0.0,0.0,0.0,19.0,1.0,9.0,3.0,0.0,0.0,0.0,1.0,12.0,0.0,7.0,0.0,0.0,0.0,0.0,0.0,0.0,0.0,4.0,0.0,2.0,0.0,2.0,0.0,1.0,0.0,2.0,2.0,1.0,0.0,2.0,0.0,2.0,1.0,10.0,2.0,5.0,2.0,0.0,3.0,2.0,1.0,0.0,0.0,0.0,1.0,0.0,0.0,0.0,0.0,0.0,0.0,0.0,0.0,0.0,1.0,0.0,0.0,4.0,0.0,0.0,4.0,2.0,1.0,2.0,2.0,1.0,2.0,2.0,4.0,2.0,0.0,2.0,0.0,2.0,2.0,0.0,0.0,3.0,2.0,0.0,2.0,3.0,2.0,0.0,0.0,0.0,0.0,2.0,3.0,2.0,4.0,14.0,7.0,2.0,18.0,11.0,11.0,3.0,17.0
CHEMBL4797203,Activity,66.0,20.0,10.0,2.0,0.0,3.0,4.0,28.0,11.0,3.0,0.0,3.0,2.0,5.0,1.0,0.0,3.0,3.0,3.0,28.0,9.0,4.0,0.0,6.0,3.0,9.0,1.0,0.0,22.0,9.0,2.0,0.0,6.0,7.0,0.0,2.0,0.0,0.0,22.0,7.0,3.0,0.0,3.0,3.0,0.0,0.0,3.0,4.0,0.0,21.0,7.0,2.0,0.0,3.0,4.0,0.0,1.0,0.0,23.0,5.0,1.0,0.0,3.0,1.0,4.0,0.0,1.0,3.0,4.0,22.0,4.0,3.0,0.0,6.0,8.0,1.0,0.0,0.0,0.0,0.0,20.0,6.0,2.0,0.0,6.0,8.0,0.0,0.0,15.0,5.0,2.0,6.0,8.0,1.0,0.0,0.0,0.0,0.0,7.0,0.0,4.0,1.0,1.0,0.0,4.0,2.0,1.0,1.0,1.0,0.0,0.0,3.0,2.0,1.0,9.0,0.0,4.0,0.0,0.0,0.0,0.0,1.0,0.0,0.0,0.0,0.0,0.0,0.0,0.0,0.0,0.0,0.0,0.0,0.0,0.0,1.0,1.0,1.0,5.0,5.0,4.0,10.0,0.0,0.0,0.0,4.0,0.0,1.0,0.0,6.0,6.0,0.0,0.0,0.0,0.0,1.0,1.0,3.0,3.0,0.0,2.0,0.0,1.0,0.0,1.0,3.0,1.0,2.0,0.0,0.0,1.0,1.0,16.0,3.0,0.0,12.0,13.0,13.0,8.0,19.0
CHEMBL4798378,Activity,50.0,18.0,13.0,0.0,0.0,0.0,0.0,26.0,16.0,0.0,0.0,0.0,0.0,0.0,3.0,0.0,0.0,0.0,0.0,26.0,18.0,0.0,0.0,0.0,0.0,0.0,1.0,0.0,24.0,15.0,0.0,0.0,0.0,0.0,2.0,0.0,0.0,0.0,16.0,21.0,0.0,0.0,0.0,0.0,0.0,0.0,0.0,0.0,0.0,21.0,8.0,0.0,0.0,0.0,0.0,5.0,0.0,0.0,21.0,12.0,0.0,0.0,0.0,0.0,0.0,0.0,0.0,0.0,0.0,16.0,10.0,0.0,0.0,0.0,0.0,2.0,0.0,0.0,0.0,0.0,15.0,8.0,0.0,0.0,0.0,0.0,1.0,0.0,14.0,9.0,0.0,0.0,0.0,0.0,0.0,0.0,0.0,1.0,4.0,0.0,1.0,0.0,0.0,0.0,3.0,0.0,0.0,3.0,1.0,0.0,0.0,0.0,1.0,0.0,9.0,0.0,4.0,0.0,0.0,0.0,0.0,1.0,0.0,0.0,0.0,0.0,1.0,0.0,0.0,0.0,0.0,0.0,0.0,0.0,0.0,0.0,0.0,0.0,2.0,2.0,1.0,4.0,0.0,0.0,0.0,1.0,0.0,0.0,0.0,3.0,3.0,0.0,0.0,0.0,0.0,0.0,0.0,0.0,3.0,0.0,0.0,0.0,0.0,3.0,1.0,0.0,0.0,1.0,0.0,0.0,3.0,4.0,17.0,5.0,0.0,13.0,13.0,13.0,4.0,17.0
CHEMBL4745971,Activity,39.0,19.0,12.0,1.0,0.0,1.0,1.0,26.0,15.0,1.0,0.0,2.0,0.0,2.0,3.0,0.0,0.0,0.0,0.0,26.0,17.0,1.0,0.0,1.0,0.0,1.0,0.0,0.0,23.0,14.0,1.0,0.0,3.0,3.0,2.0,0.0,0.0,0.0,20.0,16.0,0.0,0.0,0.0,0.0,0.0,1.0,3.0,3.0,0.0,23.0,6.0,2.0,0.0,2.0,2.0,5.0,0.0,0.0,21.0,10.0,2.0,0.0,4.0,0.0,4.0,0.0,0.0,0.0,0.0,17.0,9.0,2.0,0.0,2.0,2.0,2.0,0.0,0.0,0.0,0.0,14.0,9.0,2.0,0.0,2.0,2.0,0.0,0.0,13.0,9.0,1.0,2.0,2.0,0.0,0.0,0.0,0.0,1.0,7.0,0.0,4.0,2.0,0.0,0.0,3.0,0.0,0.0,2.0,1.0,0.0,0.0,1.0,1.0,0.0,10.0,0.0,6.0,0.0,0.0,0.0,0.0,3.0,0.0,0.0,0.0,0.0,1.0,1.0,0.0,0.0,0.0,0.0,0.0,1.0,1.0,1.0,1.0,1.0,2.0,2.0,1.0,4.0,0.0,0.0,0.0,1.0,0.0,1.0,0.0,3.0,3.0,0.0,0.0,0.0,0.0,1.0,0.0,1.0,2.0,0.0,0.0,0.0,1.0,2.0,3.0,0.0,0.0,1.0,0.0,0.0,3.0,4.0,17.0,5.0,0.0,13.0,15.0,15.0,7.0,17.0
CHEMBL4758253,Activity,62.0,19.0,12.0,1.0,0.0,0.0,0.0,27.0,15.0,1.0,0.0,0.0,0.0,0.0,3.0,0.0,0.0,0.0,0.0,26.0,19.0,1.0,0.0,0.0,0.0,0.0,0.0,0.0,26.0,13.0,0.0,0.0,0.0,0.0,2.0,1.0,0.0,0.0,18.0,19.0,2.0,0.0,0.0,0.0,0.0,0.0,0.0,0.0,0.0,23.0,6.0,2.0,0.0,0.0,0.0,5.0,0.0,0.0,23.0,10.0,2.0,0.0,0.0,0.0,0.0,0.0,0.0,0.0,0.0,17.0,9.0,2.0,0.0,0.0,0.0,2.0,0.0,0.0,0.0,0.0,15.0,9.0,1.0,0.0,0.0,0.0,0.0,0.0,15.0,8.0,0.0,0.0,0.0,0.0,1.0,0.0,0.0,1.0,6.0,0.0,3.0,1.0,0.0,0.0,3.0,0.0,0.0,3.0,1.0,0.0,0.0,0.0,1.0,0.0,10.0,0.0,5.0,0.0,0.0,0.0,0.0,2.0,0.0,0.0,0.0,0.0,1.0,0.0,0.0,0.0,0.0,0.0,0.0,0.0,0.0,1.0,1.0,1.0,2.0,2.0,1.0,4.0,0.0,0.0,0.0,1.0,0.0,1.0,0.0,3.0,3.0,0.0,0.0,0.0,0.0,1.0,0.0,0.0,2.0,0.0,0.0,0.0,1.0,3.0,2.0,0.0,0.0,1.0,0.0,0.0,3.0,4.0,17.0,5.0,0.0,13.0,15.0,15.0,6.0,17.0
CHEMBL4536451,Activity,9.0,17.0,15.0,0.0,0.0,2.0,2.0,25.0,18.0,0.0,0.0,4.0,0.0,4.0,3.0,0.0,0.0,0.0,0.0,26.0,19.0,0.0,0.0,3.0,0.0,3.0,0.0,0.0,26.0,11.0,0.0,0.0,6.0,6.0,3.0,0.0,1.0,1.0,18.0,16.0,0.0,0.0,3.0,3.0,1.0,0.0,3.0,3.0,0.0,20.0,9.0,0.0,0.0,3.0,3.0,4.0,0.0,0.0,21.0,8.0,0.0,0.0,6.0,0.0,6.0,2.0,0.0,1.0,1.0,13.0,16.0,0.0,0.0,6.0,6.0,0.0,0.0,0.0,0.0,0.0,13.0,10.0,0.0,0.0,3.0,3.0,1.0,0.0,14.0,9.0,0.0,0.0,0.0,0.0,0.0,3.0,3.0,2.0,4.0,2.0,2.0,0.0,0.0,0.0,1.0,0.0,0.0,4.0,1.0,0.0,0.0,2.0,2.0,0.0,10.0,0.0,6.0,0.0,0.0,0.0,0.0,4.0,0.0,0.0,2.0,0.0,0.0,2.0,1.0,0.0,0.0,0.0,1.0,2.0,0.0,4.0,2.0,0.0,4.0,2.0,0.0,6.0,0.0,0.0,0.0,1.0,0.0,0.0,0.0,5.0,4.0,2.0,0.0,2.0,0.0,0.0,0.0,2.0,3.0,0.0,0.0,0.0,0.0,2.0,2.0,0.0,0.0,2.0,0.0,0.0,3.0,4.0,17.0,5.0,0.0,15.0,14.0,14.0,5.0,19.0
CHEMBL4741668,Activity,51.0,18.0,13.0,0.0,0.0,0.0,0.0,26.0,16.0,0.0,0.0,0.0,0.0,0.0,3.0,0.0,0.0,0.0,0.0,26.0,18.0,0.0,0.0,0.0,0.0,0.0,1.0,0.0,24.0,15.0,0.0,0.0,0.0,0.0,2.0,0.0,0.0,0.0,16.0,20.0,0.0,0.0,0.0,0.0,1.0,0.0,0.0,0.0,0.0,20.0,11.0,0.0,0.0,0.0,0.0,4.0,0.0,0.0,23.0,9.0,0.0,0.0,0.0,0.0,0.0,2.0,0.0,0.0,0.0,14.0,15.0,0.0,0.0,0.0,0.0,1.0,0.0,0.0,0.0,0.0,16.0,9.0,0.0,0.0,0.0,0.0,0.0,0.0,15.0,7.0,0.0,0.0,0.0,2.0,0.0,0.0,0.0,1.0,4.0,0.0,1.0,0.0,0.0,0.0,3.0,0.0,0.0,3.0,1.0,0.0,0.0,0.0,1.0,0.0,9.0,0.0,4.0,0.0,0.0,0.0,0.0,1.0,0.0,0.0,0.0,0.0,1.0,0.0,0.0,0.0,0.0,0.0,0.0,0.0,0.0,0.0,0.0,0.0,2.0,2.0,1.0,4.0,0.0,0.0,0.0,1.0,0.0,0.0,0.0,3.0,3.0,0.0,0.0,0.0,0.0,0.0,0.0,0.0,3.0,0.0,0.0,0.0,0.0,3.0,1.0,0.0,0.0,1.0,0.0,0.0,3.0,4.0,17.0,5.0,0.0,13.0,13.0,13.0,4.0,17.0
CHEMBL4759953,Activity,55.0,28.0,12.0,2.0,0.0,0.0,0.0,39.0,15.0,3.0,0.0,0.0,0.0,0.0,3.0,1.0,0.0,0.0,0.0,37.0,19.0,6.0,0.0,0.0,0.0,0.0,0.0,0.0,33.0,14.0,6.0,0.0,0.0,0.0,2.0,0.0,0.0,0.0,26.0,20.0,4.0,0.0,0.0,0.0,0.0,1.0,0.0,0.0,1.0,31.0,8.0,7.0,0.0,0.0,0.0,5.0,0.0,0.0,33.0,12.0,5.0,0.0,0.0,0.0,0.0,0.0,0.0,0.0,0.0,30.0,10.0,3.0,0.0,0.0,0.0,2.0,1.0,0.0,0.0,0.0,28.0,10.0,4.0,0.0,0.0,0.0,0.0,0.0,28.0,9.0,1.0,0.0,0.0,0.0,2.0,0.0,0.0,1.0,3.0,0.0,1.0,0.0,0.0,0.0,1.0,0.0,0.0,4.0,1.0,0.0,2.0,0.0,1.0,0.0,12.0,2.0,5.0,1.0,0.0,2.0,2.0,1.0,0.0,0.0,0.0,0.0,2.0,0.0,0.0,0.0,0.0,0.0,0.0,0.0,0.0,0.0,0.0,0.0,2.0,2.0,1.0,4.0,1.0,0.0,1.0,1.0,0.0,0.0,0.0,3.0,3.0,0.0,2.0,0.0,0.0,0.0,0.0,0.0,2.0,1.0,0.0,0.0,2.0,4.0,1.0,0.0,0.0,0.0,1.0,4.0,3.0,4.0,23.0,5.0,4.0,14.0,14.0,14.0,7.0,27.0
CHEMBL4859682,Activity,95.0,22.0,13.0,4.0,0.0,0.0,0.0,31.0,16.0,4.0,0.0,0.0,0.0,0.0,2.0,2.0,0.0,0.0,0.0,33.0,16.0,5.0,0.0,0.0,0.0,0.0,2.0,1.0,29.0,17.0,7.0,0.0,0.0,0.0,2.0,0.0,0.0,0.0,33.0,14.0,5.0,0.0,0.0,0.0,1.0,0.0,0.0,0.0,1.0,30.0,16.0,4.0,0.0,0.0,0.0,1.0,1.0,0.0,25.0,14.0,4.0,0.0,0.0,0.0,0.0,2.0,1.0,0.0,0.0,22.0,10.0,4.0,0.0,0.0,0.0,2.0,1.0,0.0,0.0,0.0,20.0,10.0,3.0,0.0,0.0,0.0,1.0,4.0,17.0,10.0,6.0,0.0,0.0,1.0,2.0,0.0,0.0,0.0,4.0,0.0,2.0,0.0,2.0,0.0,1.0,0.0,2.0,2.0,2.0,1.0,2.0,0.0,1.0,1.0,8.0,2.0,3.0,1.0,0.0,0.0,1.0,0.0,0.0,0.0,0.0,0.0,0.0,0.0,0.0,0.0,0.0,0.0,0.0,0.0,0.0,0.0,0.0,0.0,3.0,2.0,1.0,4.0,0.0,0.0,2.0,1.0,1.0,2.0,2.0,4.0,3.0,0.0,2.0,1.0,4.0,2.0,0.0,0.0,3.0,2.0,0.0,2.0,3.0,2.0,0.0,0.0,0.0,0.0,2.0,2.0,2.0,3.0,21.0,5.0,2.0,17.0,14.0,14.0,6.0,24.0
CHEMBL3893054,Activity,32.0,24.0,7.0,6.0,4.0,0.0,0.0,32.0,10.0,8.0,6.0,0.0,0.0,0.0,2.0,2.0,0.0,0.0,0.0,26.0,14.0,8.0,5.0,0.0,0.0,0.0,1.0,2.0,24.0,17.0,7.0,5.0,0.0,0.0,1.0,0.0,0.0,0.0,34.0,10.0,5.0,3.0,0.0,0.0,1.0,2.0,0.0,0.0,0.0,34.0,13.0,9.0,6.0,0.0,0.0,0.0,0.0,0.0,31.0,11.0,10.0,7.0,0.0,0.0,0.0,0.0,2.0,0.0,0.0,31.0,5.0,6.0,6.0,0.0,0.0,0.0,1.0,0.0,0.0,0.0,28.0,2.0,10.0,4.0,0.0,0.0,0.0,2.0,22.0,3.0,8.0,0.0,0.0,0.0,1.0,0.0,0.0,1.0,4.0,2.0,2.0,1.0,1.0,0.0,0.0,0.0,2.0,2.0,1.0,0.0,2.0,0.0,1.0,2.0,11.0,2.0,7.0,2.0,0.0,3.0,2.0,4.0,0.0,0.0,0.0,1.0,0.0,2.0,1.0,0.0,0.0,0.0,0.0,0.0,2.0,1.0,0.0,3.0,2.0,0.0,0.0,2.0,2.0,1.0,2.0,1.0,0.0,4.0,3.0,2.0,1.0,0.0,2.0,0.0,0.0,3.0,1.0,0.0,2.0,2.0,0.0,0.0,4.0,2.0,2.0,0.0,1.0,0.0,2.0,3.0,2.0,4.0,20.0,6.0,2.0,17.0,12.0,12.0,5.0,23.0
CHEMBL4440192,Activity,14.0,22.0,7.0,0.0,1.0,0.0,0.0,28.0,10.0,2.0,3.0,0.0,0.0,0.0,0.0,2.0,0.0,0.0,0.0,27.0,7.0,6.0,4.0,0.0,0.0,0.0,1.0,0.0,19.0,11.0,8.0,3.0,0.0,0.0,0.0,0.0,0.0,0.0,14.0,12.0,6.0,1.0,0.0,0.0,0.0,2.0,0.0,0.0,0.0,14.0,7.0,2.0,1.0,0.0,0.0,1.0,2.0,0.0,13.0,8.0,2.0,1.0,0.0,0.0,0.0,0.0,0.0,0.0,0.0,11.0,9.0,2.0,1.0,0.0,0.0,0.0,0.0,0.0,0.0,0.0,11.0,6.0,2.0,2.0,0.0,0.0,1.0,0.0,13.0,2.0,4.0,0.0,0.0,2.0,0.0,0.0,0.0,0.0,3.0,0.0,1.0,0.0,0.0,3.0,0.0,0.0,0.0,0.0,2.0,0.0,0.0,0.0,0.0,0.0,5.0,0.0,2.0,0.0,0.0,1.0,0.0,0.0,0.0,0.0,0.0,0.0,0.0,0.0,0.0,0.0,0.0,0.0,0.0,0.0,0.0,0.0,0.0,0.0,3.0,0.0,0.0,2.0,0.0,0.0,0.0,1.0,0.0,0.0,0.0,3.0,1.0,0.0,0.0,0.0,0.0,0.0,0.0,0.0,2.0,0.0,1.0,0.0,2.0,0.0,0.0,0.0,0.0,0.0,0.0,0.0,2.0,3.0,21.0,3.0,6.0,8.0,9.0,9.0,8.0,24.0
CHEMBL5171074,Activity,58.0,19.0,10.0,2.0,0.0,0.0,0.0,28.0,10.0,2.0,0.0,0.0,0.0,0.0,3.0,0.0,0.0,0.0,0.0,27.0,17.0,2.0,0.0,0.0,0.0,0.0,0.0,0.0,29.0,11.0,1.0,0.0,0.0,0.0,3.0,0.0,0.0,0.0,27.0,12.0,1.0,0.0,0.0,0.0,1.0,0.0,0.0,0.0,0.0,22.0,15.0,2.0,0.0,0.0,0.0,0.0,0.0,0.0,19.0,10.0,2.0,0.0,0.0,0.0,0.0,1.0,1.0,0.0,0.0,15.0,8.0,1.0,0.0,0.0,0.0,0.0,3.0,0.0,0.0,0.0,12.0,6.0,3.0,0.0,0.0,0.0,2.0,0.0,11.0,5.0,2.0,0.0,0.0,0.0,0.0,0.0,0.0,2.0,5.0,4.0,2.0,0.0,0.0,1.0,0.0,0.0,0.0,1.0,1.0,0.0,0.0,0.0,0.0,1.0,10.0,0.0,7.0,0.0,0.0,1.0,0.0,6.0,0.0,0.0,2.0,0.0,0.0,6.0,6.0,1.0,0.0,0.0,2.0,2.0,0.0,2.0,0.0,0.0,3.0,0.0,0.0,3.0,0.0,0.0,0.0,2.0,0.0,0.0,0.0,2.0,1.0,1.0,0.0,0.0,0.0,1.0,1.0,0.0,2.0,0.0,0.0,0.0,1.0,0.0,4.0,0.0,1.0,0.0,0.0,0.0,2.0,3.0,15.0,3.0,0.0,12.0,12.0,12.0,5.0,17.0
CHEMBL5204246,Activity,63.0,19.0,10.0,3.0,0.0,0.0,1.0,28.0,10.0,3.0,0.0,0.0,2.0,2.0,3.0,1.0,0.0,0.0,0.0,27.0,17.0,4.0,0.0,0.0,0.0,0.0,0.0,0.0,29.0,11.0,3.0,0.0,0.0,1.0,3.0,0.0,0.0,0.0,27.0,12.0,3.0,0.0,0.0,2.0,1.0,0.0,0.0,0.0,0.0,22.0,15.0,3.0,0.0,0.0,2.0,0.0,0.0,0.0,19.0,10.0,2.0,0.0,0.0,1.0,1.0,1.0,2.0,0.0,0.0,15.0,8.0,3.0,0.0,0.0,0.0,0.0,3.0,0.0,1.0,0.0,12.0,6.0,5.0,0.0,0.0,2.0,2.0,1.0,11.0,5.0,5.0,0.0,2.0,0.0,0.0,0.0,1.0,3.0,4.0,4.0,2.0,0.0,0.0,0.0,0.0,0.0,0.0,2.0,1.0,1.0,1.0,0.0,0.0,1.0,10.0,1.0,8.0,1.0,0.0,0.0,1.0,7.0,0.0,0.0,2.0,1.0,0.0,6.0,6.0,1.0,0.0,0.0,2.0,2.0,0.0,3.0,0.0,0.0,3.0,0.0,0.0,3.0,2.0,2.0,2.0,2.0,0.0,0.0,0.0,2.0,1.0,1.0,1.0,0.0,0.0,1.0,1.0,0.0,2.0,1.0,0.0,0.0,2.0,1.0,4.0,0.0,1.0,0.0,1.0,0.0,2.0,3.0,15.0,3.0,0.0,13.0,14.0,14.0,5.0,18.0
CHEMBL5191796,Activity,54.0,19.0,10.0,3.0,0.0,0.0,0.0,28.0,10.0,3.0,0.0,0.0,0.0,0.0,3.0,1.0,0.0,0.0,0.0,27.0,17.0,4.0,0.0,0.0,0.0,0.0,0.0,0.0,29.0,11.0,3.0,0.0,0.0,0.0,3.0,0.0,0.0,0.0,27.0,12.0,3.0,0.0,0.0,0.0,1.0,0.0,0.0,0.0,0.0,22.0,15.0,3.0,0.0,0.0,0.0,0.0,0.0,0.0,19.0,10.0,2.0,0.0,0.0,0.0,0.0,1.0,2.0,0.0,0.0,15.0,8.0,3.0,0.0,0.0,0.0,0.0,3.0,0.0,0.0,0.0,12.0,6.0,5.0,0.0,0.0,0.0,2.0,1.0,11.0,5.0,5.0,0.0,0.0,0.0,0.0,0.0,0.0,2.0,5.0,4.0,2.0,0.0,0.0,0.0,0.0,0.0,0.0,2.0,1.0,1.0,1.0,0.0,0.0,1.0,10.0,1.0,8.0,1.0,0.0,0.0,1.0,7.0,0.0,0.0,2.0,1.0,0.0,6.0,6.0,1.0,0.0,0.0,2.0,2.0,0.0,3.0,0.0,0.0,3.0,0.0,0.0,3.0,2.0,2.0,2.0,2.0,0.0,0.0,0.0,2.0,1.0,1.0,1.0,0.0,0.0,1.0,1.0,0.0,2.0,1.0,0.0,0.0,2.0,1.0,5.0,0.0,1.0,0.0,1.0,0.0,2.0,3.0,15.0,3.0,0.0,13.0,13.0,13.0,5.0,17.0
CHEMBL5172767,Activity,28.0,23.0,12.0,3.0,0.0,3.0,3.0,33.0,20.0,2.0,0.0,3.0,0.0,3.0,1.0,2.0,3.0,3.0,3.0,36.0,20.0,4.0,0.0,6.0,0.0,6.0,2.0,1.0,36.0,17.0,3.0,0.0,6.0,6.0,2.0,2.0,3.0,3.0,34.0,16.0,4.0,0.0,9.0,9.0,1.0,0.0,3.0,3.0,0.0,26.0,20.0,5.0,0.0,9.0,9.0,1.0,0.0,0.0,25.0,16.0,5.0,0.0,6.0,0.0,6.0,3.0,0.0,6.0,6.0,23.0,15.0,6.0,0.0,9.0,9.0,3.0,0.0,0.0,0.0,0.0,24.0,9.0,2.0,0.0,6.0,6.0,2.0,4.0,19.0,10.0,5.0,6.0,6.0,1.0,2.0,0.0,0.0,0.0,4.0,0.0,2.0,0.0,0.0,2.0,1.0,0.0,0.0,1.0,1.0,0.0,0.0,3.0,1.0,1.0,7.0,1.0,2.0,0.0,0.0,0.0,0.0,0.0,0.0,0.0,0.0,0.0,0.0,0.0,0.0,0.0,0.0,0.0,0.0,0.0,0.0,0.0,0.0,0.0,4.0,0.0,0.0,4.0,0.0,0.0,0.0,2.0,0.0,0.0,0.0,4.0,2.0,0.0,0.0,2.0,0.0,1.0,0.0,3.0,3.0,0.0,2.0,0.0,2.0,0.0,0.0,3.0,1.0,1.0,0.0,1.0,3.0,4.0,23.0,7.0,6.0,15.0,7.0,7.0,3.0,23.0
CHEMBL5172397,Activity,34.0,21.0,10.0,2.0,0.0,2.0,2.0,26.0,10.0,2.0,0.0,4.0,0.0,4.0,4.0,2.0,1.0,1.0,1.0,21.0,17.0,7.0,0.0,2.0,0.0,2.0,1.0,0.0,23.0,14.0,1.0,0.0,0.0,0.0,0.0,2.0,2.0,2.0,20.0,14.0,3.0,0.0,4.0,4.0,0.0,1.0,0.0,0.0,0.0,22.0,10.0,4.0,0.0,2.0,2.0,0.0,0.0,0.0,21.0,6.0,4.0,0.0,4.0,0.0,4.0,1.0,0.0,0.0,0.0,18.0,6.0,3.0,0.0,4.0,4.0,1.0,0.0,0.0,0.0,0.0,12.0,6.0,3.0,0.0,2.0,2.0,1.0,1.0,13.0,4.0,3.0,2.0,2.0,1.0,1.0,0.0,0.0,3.0,8.0,2.0,2.0,0.0,0.0,0.0,0.0,0.0,0.0,0.0,1.0,1.0,2.0,2.0,1.0,0.0,16.0,2.0,16.0,2.0,8.0,0.0,2.0,17.0,6.0,2.0,0.0,4.0,0.0,12.0,10.0,5.0,2.0,0.0,4.0,6.0,0.0,9.0,4.0,0.0,4.0,2.0,1.0,5.0,2.0,4.0,2.0,2.0,0.0,0.0,0.0,4.0,3.0,0.0,2.0,0.0,0.0,0.0,0.0,2.0,2.0,2.0,0.0,0.0,2.0,0.0,6.0,2.0,0.0,0.0,2.0,0.0,2.0,3.0,9.0,4.0,0.0,12.0,21.0,21.0,6.0,19.0
CHEMBL5185309,Activity,55.0,17.0,9.0,2.0,1.0,3.0,3.0,26.0,10.0,4.0,1.0,0.0,0.0,0.0,3.0,2.0,3.0,3.0,3.0,25.0,16.0,4.0,2.0,0.0,0.0,0.0,0.0,0.0,26.0,11.0,5.0,2.0,3.0,3.0,3.0,0.0,0.0,0.0,24.0,12.0,5.0,1.0,6.0,6.0,1.0,0.0,0.0,0.0,0.0,20.0,14.0,4.0,0.0,6.0,6.0,0.0,0.0,0.0,16.0,10.0,2.0,2.0,3.0,0.0,3.0,1.0,3.0,0.0,0.0,13.0,6.0,5.0,2.0,0.0,0.0,0.0,3.0,3.0,3.0,0.0,7.0,6.0,7.0,3.0,6.0,6.0,2.0,2.0,7.0,2.0,8.0,6.0,6.0,0.0,0.0,3.0,3.0,2.0,4.0,4.0,2.0,0.0,0.0,0.0,0.0,0.0,0.0,1.0,1.0,0.0,0.0,3.0,0.0,1.0,8.0,0.0,6.0,0.0,0.0,0.0,0.0,6.0,0.0,0.0,2.0,0.0,0.0,6.0,6.0,1.0,0.0,0.0,2.0,2.0,0.0,2.0,0.0,0.0,2.0,0.0,0.0,0.0,0.0,0.0,0.0,0.0,0.0,0.0,0.0,1.0,0.0,0.0,0.0,0.0,0.0,1.0,1.0,3.0,2.0,0.0,0.0,0.0,3.0,0.0,4.0,3.0,1.0,0.0,0.0,0.0,2.0,3.0,15.0,3.0,0.0,12.0,11.0,11.0,5.0,18.0
CHEMBL5089806,Activity,1.0,19.0,7.0,4.0,0.0,0.0,0.0,27.0,9.0,4.0,0.0,0.0,0.0,0.0,1.0,0.0,0.0,0.0,0.0,26.0,11.0,4.0,0.0,0.0,0.0,0.0,0.0,0.0,23.0,8.0,5.0,0.0,0.0,0.0,1.0,0.0,0.0,0.0,24.0,5.0,1.0,0.0,0.0,0.0,1.0,1.0,0.0,0.0,0.0,20.0,5.0,1.0,0.0,0.0,0.0,0.0,1.0,0.0,15.0,6.0,3.0,0.0,0.0,0.0,0.0,0.0,0.0,0.0,0.0,13.0,6.0,4.0,0.0,0.0,0.0,0.0,0.0,0.0,0.0,0.0,13.0,4.0,3.0,0.0,0.0,0.0,0.0,1.0,13.0,2.0,2.0,0.0,0.0,0.0,2.0,0.0,0.0,0.0,1.0,0.0,0.0,0.0,0.0,1.0,0.0,0.0,0.0,2.0,1.0,0.0,0.0,0.0,0.0,2.0,3.0,0.0,0.0,0.0,0.0,0.0,0.0,0.0,0.0,0.0,0.0,0.0,0.0,0.0,0.0,0.0,0.0,0.0,0.0,0.0,0.0,0.0,0.0,0.0,0.0,0.0,0.0,0.0,0.0,0.0,0.0,0.0,0.0,0.0,0.0,1.0,0.0,0.0,0.0,1.0,0.0,2.0,2.0,0.0,1.0,0.0,0.0,0.0,2.0,0.0,0.0,0.0,2.0,0.0,0.0,0.0,1.0,2.0,21.0,2.0,0.0,11.0,5.0,5.0,5.0,21.0
CHEMBL5187179,Activity,49.0,20.0,10.0,3.0,0.0,0.0,0.0,29.0,10.0,3.0,0.0,0.0,0.0,0.0,3.0,1.0,0.0,0.0,0.0,28.0,17.0,4.0,0.0,0.0,0.0,0.0,0.0,0.0,29.0,12.0,4.0,0.0,0.0,0.0,3.0,0.0,0.0,0.0,28.0,12.0,3.0,0.0,0.0,0.0,1.0,0.0,0.0,0.0,0.0,24.0,15.0,3.0,0.0,0.0,0.0,0.0,0.0,0.0,21.0,10.0,2.0,0.0,0.0,0.0,0.0,1.0,2.0,0.0,0.0,16.0,8.0,3.0,0.0,0.0,0.0,0.0,3.0,0.0,0.0,0.0,12.0,7.0,5.0,0.0,0.0,0.0,2.0,1.0,13.0,5.0,5.0,0.0,0.0,0.0,0.0,0.0,0.0,2.0,6.0,4.0,3.0,0.0,0.0,0.0,0.0,0.0,0.0,2.0,1.0,1.0,1.0,0.0,0.0,1.0,11.0,1.0,9.0,1.0,0.0,0.0,1.0,8.0,0.0,0.0,2.0,1.0,0.0,7.0,6.0,1.0,0.0,0.0,2.0,3.0,0.0,3.0,0.0,0.0,3.0,0.0,0.0,3.0,2.0,2.0,2.0,2.0,0.0,0.0,0.0,2.0,1.0,1.0,1.0,0.0,0.0,1.0,1.0,0.0,2.0,1.0,0.0,0.0,2.0,1.0,6.0,0.0,1.0,0.0,1.0,0.0,2.0,3.0,15.0,3.0,0.0,13.0,14.0,14.0,6.0,17.0
CHEMBL5205764,Activity,85.0,24.0,10.0,9.0,0.0,0.0,0.0,38.0,10.0,9.0,0.0,0.0,0.0,0.0,3.0,1.0,0.0,0.0,0.0,38.0,18.0,11.0,0.0,0.0,0.0,0.0,0.0,0.0,37.0,13.0,14.0,0.0,0.0,0.0,3.0,0.0,0.0,0.0,38.0,13.0,7.0,0.0,0.0,0.0,1.0,2.0,0.0,0.0,2.0,31.0,17.0,7.0,0.0,0.0,0.0,0.0,1.0,1.0,28.0,11.0,8.0,0.0,0.0,0.0,0.0,1.0,2.0,0.0,0.0,24.0,9.0,9.0,0.0,0.0,0.0,0.0,3.0,0.0,0.0,0.0,21.0,8.0,9.0,0.0,0.0,0.0,2.0,1.0,21.0,7.0,6.0,0.0,0.0,0.0,2.0,0.0,0.0,2.0,4.0,4.0,2.0,0.0,0.0,0.0,0.0,0.0,0.0,4.0,1.0,1.0,1.0,0.0,0.0,4.0,11.0,1.0,6.0,0.0,0.0,0.0,0.0,6.0,0.0,0.0,2.0,0.0,0.0,6.0,6.0,1.0,0.0,0.0,2.0,2.0,0.0,2.0,0.0,0.0,2.0,0.0,0.0,2.0,0.0,0.0,2.0,0.0,0.0,0.0,0.0,2.0,1.0,1.0,1.0,0.0,0.0,4.0,4.0,0.0,2.0,1.0,0.0,0.0,5.0,0.0,4.0,0.0,4.0,0.0,1.0,2.0,2.0,3.0,21.0,3.0,2.0,19.0,14.0,14.0,8.0,23.0
CHEMBL5172982,Activity,47.0,21.0,10.0,3.0,0.0,0.0,0.0,33.0,10.0,3.0,0.0,0.0,0.0,0.0,3.0,1.0,0.0,0.0,0.0,27.0,19.0,6.0,0.0,0.0,0.0,0.0,0.0,0.0,31.0,11.0,3.0,0.0,0.0,0.0,3.0,0.0,0.0,0.0,31.0,12.0,3.0,0.0,0.0,0.0,1.0,0.0,0.0,0.0,0.0,26.0,15.0,3.0,0.0,0.0,0.0,0.0,0.0,0.0,21.0,10.0,2.0,0.0,0.0,0.0,0.0,1.0,2.0,0.0,0.0,15.0,10.0,3.0,0.0,0.0,0.0,0.0,3.0,0.0,0.0,0.0,16.0,6.0,5.0,0.0,0.0,0.0,2.0,1.0,15.0,7.0,5.0,0.0,0.0,0.0,0.0,0.0,0.0,2.0,4.0,4.0,2.0,0.0,0.0,0.0,0.0,0.0,0.0,4.0,1.0,1.0,1.0,0.0,0.0,1.0,12.0,1.0,10.0,1.0,4.0,0.0,1.0,12.0,0.0,0.0,2.0,3.0,0.0,6.0,6.0,1.0,0.0,0.0,2.0,2.0,0.0,5.0,0.0,0.0,3.0,0.0,0.0,3.0,2.0,6.0,2.0,2.0,0.0,0.0,0.0,2.0,1.0,1.0,1.0,0.0,0.0,1.0,1.0,0.0,2.0,1.0,0.0,0.0,2.0,3.0,4.0,0.0,1.0,0.0,1.0,0.0,2.0,3.0,15.0,3.0,0.0,13.0,14.0,14.0,5.0,18.0
