Molecule ChEMBL ID,Activity,APC2D1_C_C,APC2D1_C_N,APC2D1_C_O,APC2D1_C_S,APC2D1_C_F,APC2D1_C_X,APC2D2_C_C,APC2D2_C_N,APC2D2_C_O,APC2D2_C_S,APC2D2_C_F,APC2D2_C_Cl,APC2D2_C_Br,APC2D2_C_X,APC2D2_N_O,APC2D2_F_F,APC2D2_F_X,APC2D2_X_X,APC2D3_C_C,APC2D3_C_N,APC2D3_C_O,APC2D3_C_S,APC2D3_C_F,APC2D3_C_Cl,APC2D3_C_Br,APC2D3_C_X,APC2D3_N_O,APC2D4_C_C,APC2D4_C_N,APC2D4_C_O,APC2D4_C_S,APC2D4_C_F,APC2D4_C_Cl,APC2D4_C_Br,APC2D4_C_X,APC2D4_N_O,APC2D4_O_S,APC2D5_C_C,APC2D5_C_N,APC2D5_C_O,APC2D5_C_S,APC2D5_C_F,APC2D5_C_Cl,APC2D5_C_X,APC2D5_N_O,APC2D5_O_X,APC2D6_C_C,APC2D6_C_N,APC2D6_C_O,APC2D6_C_S,APC2D6_C_F,APC2D6_C_Cl,APC2D6_C_Br,APC2D6_C_X,APC2D6_N_O,APC2D6_N_X,APC2D6_O_F,APC2D6_O_X,APC2D7_C_C,APC2D7_C_N,APC2D7_C_O,APC2D7_C_S,APC2D7_C_F,APC2D7_C_Cl,APC2D7_C_Br,APC2D7_C_X,APC2D8_C_C,APC2D8_C_N,APC2D8_C_O,APC2D8_C_S,APC2D8_C_F,APC2D8_C_Cl,APC2D8_C_Br,APC2D8_C_X,APC2D8_O_O,APC2D8_O_F,APC2D8_O_X,APC2D9_C_C,APC2D9_C_N,APC2D9_C_O,APC2D9_C_S,APC2D9_C_F,APC2D9_C_Cl,APC2D9_C_Br,APC2D9_C_X,APC2D9_O_O,APC2D9_O_X,APC2D10_C_C,APC2D10_C_N,APC2D10_C_O,APC2D10_C_S,APC2D10_C_F,APC2D10_C_Cl,APC2D10_C_X,APC2D10_N_X,APC2D10_O_Cl,APC2D10_O_X,KRFPC1,KRFPC297,KRFPC298,KRFPC341,KRFPC344,KRFPC669,KRFPC1148,KRFPC2260,KRFPC2949,KRFPC2975,KRFPC3058,KRFPC3224,KRFPC3369,KRFPC3440,KRFPC3640,KRFPC3659,KRFPC3660,KRFPC3692,KRFPC3706,KRFPC3712,KRFPC3719,KRFPC3722,KRFPC3727,KRFPC3730,KRFPC3733,KRFPC3737,KRFPC3744,KRFPC3750,KRFPC3773,KRFPC3788,KRFPC3882,KRFPC3926,KRFPC3956,KRFPC4032,KRFPC4067,KRFPC4331,KRFPC4813,SubFPC1,SubFPC2,SubFPC9,SubFPC137,SubFPC172,SubFPC181,SubFPC184,SubFPC274,SubFPC275,SubFPC287,SubFPC295,SubFPC300,SubFPC301,SubFPC302,SubFPC307,Smiles
CHEMBL481519,Inactive,21.0,8.0,3.0,0.0,0.0,1.0,29.0,10.0,4.0,0.0,0.0,2.0,0.0,2.0,1.0,0.0,0.0,0.0,24.0,10.0,8.0,0.0,0.0,2.0,0.0,2.0,0.0,23.0,12.0,4.0,0.0,0.0,2.0,0.0,2.0,2.0,0.0,28.0,10.0,3.0,0.0,0.0,0.0,0.0,2.0,1.0,25.0,11.0,6.0,0.0,0.0,2.0,0.0,2.0,0.0,1.0,0.0,0.0,22.0,8.0,1.0,0.0,0.0,4.0,0.0,4.0,17.0,9.0,5.0,0.0,0.0,2.0,0.0,2.0,0.0,0.0,0.0,21.0,3.0,3.0,0.0,0.0,1.0,0.0,1.0,1.0,0.0,16.0,5.0,4.0,0.0,0.0,1.0,1.0,0.0,1.0,1.0,1.0,3.0,1.0,0.0,0.0,5.0,0.0,0.0,0.0,10.0,0.0,3.0,1.0,0.0,3.0,0.0,0.0,0.0,0.0,0.0,0.0,0.0,0.0,0.0,0.0,0.0,2.0,0.0,0.0,1.0,4.0,3.0,1.0,0.0,0.0,2.0,0.0,3.0,0.0,0.0,2.0,0.0,1.0,2.0,17.0,2.0,2.0,11.0,13.0,13.0,10.0,20.0,Cc1cc(NC(=O)c2ccc(CN(C)C)cc2)nn1Cc1cc(Cl)ccc1OCC(C)C.Cl
CHEMBL495294,Active,21.0,5.0,4.0,0.0,0.0,1.0,25.0,11.0,5.0,0.0,0.0,2.0,0.0,2.0,1.0,0.0,0.0,0.0,22.0,8.0,9.0,0.0,0.0,2.0,0.0,2.0,1.0,21.0,7.0,6.0,0.0,0.0,2.0,0.0,2.0,2.0,0.0,23.0,10.0,6.0,0.0,0.0,0.0,0.0,1.0,1.0,25.0,8.0,5.0,0.0,0.0,2.0,0.0,2.0,1.0,1.0,0.0,0.0,20.0,8.0,5.0,0.0,0.0,4.0,0.0,4.0,17.0,6.0,3.0,0.0,0.0,3.0,0.0,3.0,2.0,0.0,0.0,18.0,3.0,4.0,0.0,0.0,0.0,0.0,0.0,0.0,1.0,15.0,1.0,4.0,0.0,0.0,1.0,1.0,0.0,0.0,0.0,1.0,3.0,1.0,0.0,0.0,3.0,1.0,0.0,1.0,8.0,0.0,3.0,1.0,0.0,3.0,0.0,0.0,0.0,0.0,0.0,0.0,0.0,0.0,0.0,0.0,0.0,2.0,0.0,0.0,1.0,1.0,0.0,2.0,0.0,0.0,3.0,1.0,3.0,0.0,0.0,1.0,0.0,1.0,2.0,17.0,2.0,2.0,9.0,11.0,11.0,9.0,19.0,Cc1cc(C(=O)Nc2ccc(CO)cc2)nn1Cc1cc(Cl)ccc1OCC(C)C.Cl
CHEMBL495107,Active,22.0,7.0,4.0,0.0,0.0,1.0,26.0,13.0,5.0,0.0,0.0,2.0,0.0,2.0,1.0,0.0,0.0,0.0,24.0,10.0,7.0,0.0,0.0,2.0,0.0,2.0,2.0,24.0,9.0,5.0,0.0,0.0,2.0,0.0,2.0,2.0,0.0,27.0,11.0,6.0,0.0,0.0,0.0,0.0,1.0,1.0,28.0,8.0,7.0,0.0,0.0,2.0,0.0,2.0,0.0,1.0,0.0,0.0,21.0,10.0,6.0,0.0,0.0,4.0,0.0,4.0,18.0,8.0,3.0,0.0,0.0,3.0,0.0,3.0,1.0,0.0,0.0,20.0,4.0,4.0,0.0,0.0,0.0,0.0,0.0,0.0,1.0,17.0,3.0,5.0,0.0,0.0,1.0,1.0,0.0,0.0,0.0,1.0,5.0,1.0,1.0,0.0,3.0,1.0,0.0,1.0,10.0,0.0,4.0,1.0,0.0,3.0,0.0,0.0,0.0,0.0,0.0,0.0,0.0,0.0,0.0,0.0,0.0,2.0,1.0,1.0,2.0,3.0,1.0,2.0,0.0,0.0,3.0,0.0,3.0,0.0,0.0,1.0,0.0,1.0,2.0,17.0,2.0,2.0,11.0,14.0,14.0,12.0,20.0,Cc1cc(C(=O)Nc2ccc(CNCCO)cc2)nn1Cc1cc(Cl)ccc1OCC(C)C.Cl
CHEMBL3127163,Active,17.0,5.0,2.0,2.0,3.0,3.0,23.0,9.0,2.0,1.0,3.0,0.0,0.0,3.0,0.0,3.0,3.0,3.0,20.0,10.0,2.0,2.0,6.0,0.0,0.0,6.0,2.0,16.0,14.0,2.0,3.0,6.0,0.0,0.0,6.0,0.0,2.0,22.0,8.0,0.0,3.0,3.0,0.0,3.0,2.0,0.0,20.0,5.0,2.0,4.0,6.0,0.0,0.0,6.0,2.0,3.0,0.0,0.0,18.0,2.0,6.0,2.0,3.0,0.0,0.0,3.0,11.0,1.0,6.0,1.0,12.0,0.0,0.0,12.0,0.0,0.0,0.0,5.0,0.0,8.0,0.0,9.0,0.0,0.0,9.0,0.0,0.0,1.0,0.0,4.0,0.0,3.0,0.0,3.0,0.0,0.0,6.0,0.0,0.0,0.0,0.0,0.0,0.0,1.0,3.0,1.0,2.0,0.0,0.0,0.0,0.0,0.0,0.0,0.0,0.0,0.0,0.0,0.0,0.0,0.0,0.0,0.0,0.0,0.0,0.0,0.0,0.0,0.0,0.0,1.0,3.0,0.0,2.0,0.0,0.0,0.0,3.0,0.0,0.0,2.0,4.0,20.0,4.0,2.0,9.0,1.0,1.0,2.0,19.0,O=C(O)c1csc(-n2nc(-c3ccccc3)c3ccc(C(F)(F)F)cc32)n1
CHEMBL3127155,Inactive,16.0,5.0,2.0,2.0,1.0,1.0,21.0,9.0,2.0,1.0,2.0,0.0,0.0,2.0,0.0,0.0,0.0,0.0,18.0,10.0,2.0,2.0,2.0,0.0,0.0,2.0,2.0,15.0,13.0,2.0,3.0,2.0,0.0,0.0,2.0,0.0,2.0,20.0,7.0,0.0,3.0,1.0,0.0,1.0,2.0,0.0,19.0,4.0,2.0,3.0,3.0,0.0,0.0,3.0,2.0,0.0,0.0,0.0,14.0,2.0,6.0,2.0,2.0,0.0,0.0,2.0,8.0,1.0,6.0,1.0,3.0,0.0,0.0,3.0,0.0,0.0,0.0,4.0,0.0,6.0,0.0,1.0,0.0,0.0,1.0,0.0,0.0,1.0,0.0,4.0,0.0,0.0,0.0,0.0,0.0,0.0,2.0,0.0,0.0,0.0,0.0,0.0,0.0,1.0,1.0,1.0,1.0,0.0,0.0,0.0,0.0,0.0,0.0,0.0,0.0,0.0,0.0,0.0,0.0,0.0,0.0,0.0,0.0,0.0,0.0,0.0,0.0,0.0,0.0,1.0,1.0,1.0,2.0,0.0,0.0,0.0,0.0,0.0,1.0,2.0,4.0,20.0,4.0,2.0,9.0,1.0,1.0,1.0,18.0,O=C(O)c1csc(-n2nc(-c3ccccc3)c3cc(F)ccc32)n1
CHEMBL3127177,Active,16.0,5.0,2.0,2.0,0.0,0.0,21.0,9.0,2.0,1.0,0.0,0.0,0.0,0.0,0.0,0.0,0.0,0.0,18.0,10.0,2.0,2.0,0.0,0.0,0.0,0.0,2.0,15.0,13.0,2.0,3.0,0.0,0.0,0.0,0.0,0.0,2.0,20.0,7.0,0.0,3.0,0.0,0.0,0.0,2.0,0.0,19.0,4.0,2.0,3.0,0.0,0.0,0.0,0.0,2.0,0.0,0.0,0.0,14.0,2.0,6.0,2.0,0.0,0.0,0.0,0.0,8.0,1.0,6.0,1.0,0.0,0.0,0.0,0.0,0.0,0.0,0.0,4.0,0.0,6.0,0.0,0.0,0.0,0.0,0.0,0.0,0.0,1.0,0.0,4.0,0.0,0.0,0.0,0.0,0.0,0.0,0.0,0.0,4.0,0.0,3.0,2.0,0.0,1.0,0.0,1.0,5.0,0.0,3.0,0.0,0.0,2.0,0.0,0.0,1.0,0.0,0.0,0.0,0.0,0.0,0.0,0.0,0.0,0.0,0.0,0.0,0.0,0.0,0.0,1.0,0.0,0.0,2.0,0.0,0.0,4.0,0.0,0.0,0.0,2.0,4.0,16.0,4.0,2.0,9.0,6.0,6.0,1.0,14.0,O=C(O)c1csc(-n2nc(-c3ccccc3)c3c2CCCC3)n1
CHEMBL1915252,Active,20.0,3.0,4.0,0.0,0.0,1.0,25.0,8.0,6.0,0.0,0.0,2.0,0.0,2.0,0.0,0.0,0.0,0.0,24.0,5.0,7.0,0.0,0.0,2.0,0.0,2.0,2.0,22.0,4.0,5.0,0.0,0.0,3.0,0.0,3.0,3.0,0.0,21.0,5.0,6.0,0.0,0.0,1.0,1.0,1.0,1.0,23.0,4.0,5.0,0.0,0.0,2.0,0.0,2.0,0.0,1.0,0.0,0.0,20.0,3.0,5.0,0.0,0.0,5.0,0.0,5.0,11.0,4.0,4.0,0.0,0.0,3.0,0.0,3.0,2.0,0.0,0.0,9.0,3.0,6.0,0.0,0.0,1.0,0.0,1.0,0.0,2.0,9.0,1.0,2.0,0.0,0.0,0.0,0.0,0.0,0.0,0.0,0.0,1.0,0.0,0.0,0.0,1.0,1.0,0.0,1.0,3.0,0.0,0.0,0.0,0.0,0.0,0.0,0.0,0.0,0.0,0.0,0.0,0.0,0.0,0.0,0.0,0.0,0.0,0.0,0.0,0.0,0.0,0.0,1.0,0.0,0.0,2.0,0.0,1.0,0.0,0.0,1.0,0.0,1.0,3.0,20.0,3.0,2.0,7.0,4.0,4.0,3.0,19.0,Cc1cc(C(=O)O)nn1Cc1cc(Cl)cc2cc(-c3ccccc3)oc12
CHEMBL3092152,Inactive,18.0,5.0,2.0,2.0,0.0,1.0,23.0,9.0,2.0,1.0,0.0,2.0,0.0,2.0,0.0,0.0,0.0,0.0,20.0,9.0,2.0,2.0,0.0,2.0,0.0,2.0,2.0,16.0,14.0,2.0,3.0,0.0,5.0,0.0,5.0,0.0,2.0,21.0,10.0,0.0,3.0,0.0,4.0,4.0,2.0,0.0,22.0,6.0,2.0,4.0,0.0,4.0,0.0,4.0,2.0,0.0,0.0,0.0,22.0,3.0,6.0,3.0,0.0,1.0,0.0,1.0,18.0,1.0,6.0,1.0,0.0,0.0,0.0,0.0,0.0,0.0,2.0,9.0,0.0,8.0,0.0,0.0,0.0,0.0,0.0,0.0,0.0,2.0,0.0,6.0,0.0,0.0,0.0,0.0,0.0,0.0,0.0,0.0,0.0,0.0,0.0,0.0,0.0,1.0,0.0,1.0,1.0,0.0,0.0,0.0,0.0,0.0,0.0,0.0,0.0,0.0,0.0,0.0,0.0,0.0,0.0,0.0,0.0,0.0,0.0,0.0,0.0,0.0,0.0,1.0,0.0,0.0,2.0,0.0,0.0,0.0,0.0,0.0,0.0,2.0,4.0,22.0,4.0,2.0,9.0,1.0,1.0,1.0,20.0,O=C(O)c1csc(-n2nc(-c3ccccc3)c(Cl)c2-c2ccccc2)n1
CHEMBL3092146,Inactive,21.0,3.0,2.0,2.0,0.0,0.0,26.0,8.0,2.0,3.0,0.0,0.0,0.0,0.0,0.0,0.0,0.0,0.0,24.0,11.0,2.0,1.0,0.0,0.0,0.0,0.0,0.0,24.0,11.0,4.0,3.0,0.0,0.0,0.0,0.0,0.0,0.0,29.0,7.0,0.0,4.0,0.0,0.0,0.0,2.0,0.0,30.0,2.0,2.0,4.0,0.0,0.0,0.0,0.0,2.0,0.0,0.0,0.0,26.0,0.0,6.0,3.0,0.0,0.0,0.0,0.0,19.0,0.0,8.0,1.0,0.0,0.0,0.0,0.0,0.0,0.0,0.0,9.0,0.0,8.0,0.0,0.0,0.0,0.0,0.0,0.0,0.0,2.0,0.0,6.0,0.0,0.0,0.0,0.0,0.0,0.0,0.0,0.0,0.0,0.0,0.0,0.0,1.0,1.0,0.0,1.0,2.0,0.0,0.0,0.0,0.0,0.0,0.0,0.0,0.0,0.0,0.0,0.0,0.0,0.0,0.0,0.0,0.0,0.0,0.0,0.0,0.0,0.0,0.0,1.0,0.0,0.0,2.0,0.0,1.0,0.0,0.0,1.0,0.0,1.0,3.0,22.0,3.0,2.0,7.0,2.0,2.0,1.0,21.0,Cc1c(-c2ccccc2)nn(-c2ccc(C(=O)O)s2)c1-c1ccccc1
CHEMBL232931,Active,24.0,3.0,2.0,2.0,0.0,1.0,31.0,6.0,7.0,2.0,0.0,0.0,2.0,2.0,0.0,0.0,0.0,0.0,32.0,4.0,9.0,2.0,0.0,0.0,2.0,2.0,0.0,32.0,3.0,8.0,1.0,0.0,0.0,2.0,2.0,1.0,0.0,35.0,2.0,6.0,0.0,0.0,0.0,1.0,0.0,1.0,33.0,2.0,3.0,2.0,0.0,0.0,4.0,4.0,2.0,0.0,0.0,0.0,29.0,2.0,6.0,4.0,0.0,0.0,4.0,4.0,26.0,2.0,9.0,2.0,0.0,0.0,4.0,4.0,0.0,0.0,0.0,20.0,1.0,4.0,2.0,0.0,0.0,3.0,3.0,0.0,0.0,16.0,0.0,5.0,2.0,0.0,0.0,1.0,0.0,0.0,0.0,0.0,1.0,0.0,0.0,0.0,2.0,0.0,0.0,0.0,3.0,0.0,0.0,0.0,0.0,0.0,0.0,0.0,0.0,0.0,0.0,0.0,0.0,0.0,0.0,0.0,0.0,0.0,0.0,0.0,0.0,0.0,0.0,1.0,0.0,0.0,3.0,1.0,1.0,0.0,0.0,0.0,0.0,0.0,1.0,23.0,1.0,4.0,7.0,4.0,4.0,4.0,24.0,Cc1ccc(-c2cc(Br)ccc2OCc2ccccc2)n1-c1ccc(S(C)(=O)=O)cc1
CHEMBL391287,Active,29.0,5.0,4.0,1.0,0.0,0.0,35.0,11.0,9.0,3.0,0.0,0.0,0.0,0.0,3.0,0.0,0.0,0.0,35.0,9.0,14.0,3.0,0.0,0.0,0.0,0.0,0.0,35.0,8.0,13.0,2.0,0.0,0.0,0.0,0.0,4.0,0.0,42.0,4.0,12.0,2.0,0.0,0.0,0.0,1.0,0.0,45.0,4.0,12.0,1.0,0.0,0.0,0.0,0.0,1.0,0.0,0.0,0.0,38.0,9.0,10.0,2.0,0.0,0.0,0.0,0.0,32.0,8.0,10.0,4.0,0.0,0.0,0.0,0.0,0.0,0.0,0.0,30.0,6.0,11.0,2.0,0.0,0.0,0.0,0.0,1.0,0.0,29.0,4.0,8.0,2.0,0.0,0.0,0.0,0.0,0.0,0.0,0.0,1.0,0.0,0.0,0.0,3.0,0.0,0.0,0.0,5.0,0.0,0.0,0.0,0.0,0.0,0.0,0.0,0.0,0.0,0.0,0.0,0.0,0.0,0.0,0.0,0.0,0.0,0.0,0.0,0.0,1.0,0.0,1.0,0.0,0.0,4.0,1.0,3.0,0.0,0.0,2.0,0.0,1.0,3.0,28.0,3.0,6.0,10.0,7.0,7.0,7.0,29.0,Cc1noc(C)c1S(=O)(=O)NC(=O)c1cccc(-n2c(C)ccc2-c2ccccc2OCc2ccccc2)c1
CHEMBL520438,Active,25.0,5.0,4.0,0.0,0.0,1.0,30.0,11.0,5.0,0.0,0.0,2.0,0.0,2.0,1.0,0.0,0.0,0.0,27.0,8.0,9.0,0.0,0.0,2.0,0.0,2.0,1.0,22.0,7.0,8.0,0.0,0.0,2.0,0.0,2.0,2.0,0.0,25.0,10.0,7.0,0.0,0.0,0.0,0.0,1.0,1.0,30.0,8.0,5.0,0.0,0.0,2.0,0.0,2.0,1.0,1.0,0.0,0.0,28.0,8.0,5.0,0.0,0.0,4.0,0.0,4.0,22.0,8.0,3.0,0.0,0.0,3.0,0.0,3.0,2.0,0.0,0.0,21.0,6.0,4.0,0.0,0.0,2.0,0.0,2.0,0.0,1.0,22.0,2.0,4.0,0.0,0.0,2.0,2.0,0.0,0.0,0.0,0.0,3.0,0.0,0.0,0.0,1.0,1.0,0.0,1.0,5.0,0.0,0.0,0.0,0.0,0.0,0.0,0.0,0.0,0.0,0.0,0.0,0.0,0.0,0.0,0.0,0.0,0.0,0.0,0.0,0.0,1.0,0.0,2.0,0.0,0.0,3.0,2.0,1.0,0.0,0.0,1.0,0.0,1.0,2.0,23.0,2.0,2.0,9.0,9.0,9.0,9.0,24.0,Cc1cc(C(=O)Nc2ccc(CO)cc2)nn1Cc1cc(Cl)ccc1OCc1ccccc1.Cl
CHEMBL523158,Active,22.0,7.0,3.0,0.0,0.0,1.0,26.0,13.0,4.0,0.0,0.0,2.0,0.0,2.0,1.0,0.0,0.0,0.0,24.0,10.0,7.0,0.0,0.0,2.0,0.0,2.0,1.0,24.0,9.0,4.0,0.0,0.0,2.0,0.0,2.0,2.0,0.0,27.0,11.0,5.0,0.0,0.0,0.0,0.0,1.0,1.0,28.0,8.0,5.0,0.0,0.0,2.0,0.0,2.0,0.0,1.0,0.0,0.0,21.0,10.0,4.0,0.0,0.0,4.0,0.0,4.0,18.0,8.0,2.0,0.0,0.0,3.0,0.0,3.0,1.0,0.0,0.0,20.0,4.0,4.0,0.0,0.0,0.0,0.0,0.0,0.0,1.0,17.0,3.0,4.0,0.0,0.0,1.0,1.0,0.0,0.0,0.0,1.0,4.0,1.0,0.0,0.0,4.0,0.0,0.0,0.0,10.0,0.0,4.0,1.0,0.0,3.0,0.0,0.0,0.0,0.0,0.0,0.0,0.0,0.0,0.0,0.0,0.0,2.0,1.0,1.0,1.0,3.0,1.0,1.0,0.0,0.0,2.0,0.0,4.0,0.0,0.0,1.0,0.0,1.0,2.0,17.0,2.0,2.0,10.0,13.0,13.0,11.0,20.0,CCNCc1ccc(NC(=O)c2cc(C)n(Cc3cc(Cl)ccc3OCC(C)C)n2)cc1.Cl
CHEMBL494466,Inactive,24.0,7.0,3.0,0.0,0.0,1.0,30.0,12.0,4.0,0.0,0.0,2.0,0.0,2.0,1.0,0.0,0.0,0.0,26.0,10.0,8.0,0.0,0.0,2.0,0.0,2.0,0.0,25.0,12.0,4.0,0.0,0.0,2.0,0.0,2.0,2.0,0.0,29.0,10.0,3.0,0.0,0.0,0.0,0.0,2.0,1.0,26.0,11.0,6.0,0.0,0.0,2.0,0.0,2.0,0.0,1.0,0.0,0.0,22.0,9.0,2.0,0.0,0.0,4.0,0.0,4.0,18.0,9.0,5.0,0.0,0.0,2.0,0.0,2.0,0.0,0.0,0.0,22.0,4.0,3.0,0.0,0.0,1.0,0.0,1.0,1.0,0.0,17.0,6.0,4.0,0.0,0.0,1.0,1.0,0.0,1.0,1.0,2.0,5.0,2.0,2.0,1.0,3.0,0.0,0.0,0.0,11.0,0.0,6.0,1.0,0.0,5.0,0.0,0.0,1.0,0.0,0.0,0.0,0.0,0.0,0.0,1.0,0.0,2.0,2.0,2.0,1.0,3.0,1.0,1.0,0.0,0.0,2.0,0.0,3.0,2.0,0.0,2.0,0.0,1.0,2.0,17.0,3.0,2.0,10.0,15.0,15.0,9.0,21.0,Cc1cc(NC(=O)c2ccc(C3CCCN3)cc2)nn1Cc1cc(Cl)ccc1OCC(C)C.Cl
CHEMBL494268,Inactive,25.0,7.0,3.0,0.0,0.0,1.0,31.0,12.0,4.0,0.0,0.0,2.0,0.0,2.0,1.0,0.0,0.0,0.0,27.0,12.0,8.0,0.0,0.0,2.0,0.0,2.0,0.0,27.0,12.0,4.0,0.0,0.0,2.0,0.0,2.0,2.0,0.0,33.0,10.0,3.0,0.0,0.0,0.0,0.0,2.0,1.0,31.0,11.0,6.0,0.0,0.0,2.0,0.0,2.0,0.0,1.0,0.0,0.0,26.0,9.0,2.0,0.0,0.0,4.0,0.0,4.0,21.0,8.0,4.0,0.0,0.0,2.0,0.0,2.0,0.0,0.0,0.0,23.0,5.0,4.0,0.0,0.0,1.0,0.0,1.0,1.0,0.0,17.0,7.0,6.0,0.0,0.0,1.0,1.0,0.0,1.0,1.0,3.0,3.0,2.0,0.0,0.0,6.0,0.0,0.0,0.0,13.0,0.0,7.0,2.0,0.0,6.0,0.0,0.0,0.0,0.0,0.0,0.0,0.0,0.0,0.0,0.0,0.0,2.0,2.0,2.0,1.0,3.0,1.0,1.0,0.0,0.0,2.0,0.0,6.0,0.0,0.0,2.0,0.0,1.0,2.0,17.0,2.0,2.0,10.0,16.0,16.0,12.0,22.0,Cc1cc(NC(=O)c2ccc(C(C)NCC(C)C)cc2)nn1Cc1cc(Cl)ccc1OCC(C)C.Cl
CHEMBL467113,Inactive,20.0,2.0,4.0,0.0,0.0,2.0,24.0,4.0,5.0,0.0,0.0,4.0,0.0,4.0,0.0,0.0,0.0,0.0,22.0,2.0,7.0,0.0,0.0,4.0,0.0,4.0,2.0,18.0,2.0,8.0,0.0,0.0,3.0,0.0,3.0,0.0,0.0,20.0,2.0,6.0,0.0,0.0,2.0,2.0,1.0,1.0,23.0,2.0,4.0,0.0,0.0,2.0,0.0,2.0,0.0,1.0,0.0,1.0,21.0,1.0,6.0,0.0,0.0,4.0,0.0,4.0,15.0,2.0,4.0,0.0,0.0,6.0,0.0,6.0,2.0,0.0,0.0,10.0,2.0,4.0,0.0,0.0,5.0,0.0,5.0,0.0,2.0,9.0,1.0,2.0,0.0,0.0,3.0,3.0,0.0,0.0,0.0,0.0,2.0,0.0,0.0,0.0,0.0,0.0,0.0,0.0,3.0,0.0,0.0,0.0,0.0,0.0,0.0,0.0,0.0,0.0,0.0,0.0,0.0,0.0,0.0,0.0,0.0,0.0,0.0,0.0,0.0,0.0,0.0,2.0,0.0,0.0,3.0,1.0,0.0,1.0,0.0,1.0,0.0,1.0,1.0,18.0,1.0,2.0,6.0,4.0,4.0,6.0,18.0,O=C([O-])c1cccc(Cc2cc(Cl)ccc2OCc2ccc(Cl)cc2)n1.[Na+]
CHEMBL481813,Inactive,27.0,4.0,2.0,3.0,0.0,2.0,38.0,6.0,4.0,4.0,0.0,3.0,0.0,3.0,4.0,0.0,0.0,0.0,35.0,8.0,8.0,3.0,0.0,3.0,0.0,3.0,0.0,33.0,7.0,12.0,2.0,0.0,0.0,0.0,0.0,0.0,0.0,30.0,5.0,10.0,2.0,0.0,0.0,0.0,0.0,4.0,30.0,4.0,9.0,3.0,0.0,2.0,0.0,2.0,1.0,0.0,0.0,0.0,28.0,6.0,12.0,3.0,0.0,2.0,0.0,2.0,28.0,2.0,7.0,7.0,0.0,2.0,0.0,2.0,1.0,0.0,0.0,28.0,3.0,13.0,3.0,0.0,2.0,0.0,2.0,0.0,0.0,20.0,4.0,5.0,7.0,0.0,4.0,4.0,0.0,0.0,0.0,0.0,5.0,0.0,2.0,1.0,1.0,0.0,0.0,0.0,13.0,5.0,10.0,4.0,5.0,11.0,6.0,2.0,9.0,6.0,5.0,4.0,1.0,0.0,0.0,4.0,0.0,0.0,3.0,4.0,0.0,4.0,3.0,0.0,0.0,0.0,4.0,0.0,1.0,4.0,0.0,1.0,0.0,0.0,1.0,15.0,2.0,6.0,9.0,13.0,13.0,7.0,24.0,CC12CCCC(C=CC(=O)NS(=O)(=O)c3cc(Cl)c(Cl)s3)=C1N(Cc1ccc3ccccc3c1)C(=O)C2
CHEMBL393376,Inactive,23.0,4.0,2.0,1.0,1.0,2.0,27.0,8.0,4.0,4.0,2.0,2.0,0.0,4.0,4.0,0.0,0.0,0.0,24.0,8.0,9.0,5.0,2.0,3.0,0.0,5.0,1.0,19.0,8.0,13.0,4.0,1.0,1.0,0.0,2.0,0.0,1.0,22.0,10.0,13.0,3.0,1.0,1.0,2.0,2.0,0.0,24.0,13.0,12.0,1.0,1.0,2.0,0.0,3.0,2.0,0.0,0.0,2.0,25.0,11.0,5.0,1.0,0.0,2.0,0.0,2.0,22.0,6.0,3.0,2.0,1.0,3.0,0.0,4.0,0.0,0.0,0.0,21.0,3.0,5.0,2.0,1.0,2.0,0.0,3.0,0.0,0.0,23.0,1.0,4.0,1.0,0.0,2.0,2.0,1.0,0.0,0.0,0.0,2.0,0.0,0.0,0.0,2.0,0.0,1.0,0.0,4.0,0.0,0.0,0.0,0.0,0.0,0.0,0.0,0.0,0.0,0.0,0.0,0.0,0.0,0.0,0.0,0.0,0.0,0.0,0.0,0.0,1.0,0.0,0.0,1.0,1.0,2.0,0.0,2.0,1.0,0.0,0.0,1.0,2.0,3.0,23.0,3.0,4.0,7.0,6.0,6.0,7.0,22.0,Cc1ccc(S(=O)(=O)N(Cc2nnc(Cc3ccc(F)cc3)o2)c2cccc(Cl)c2C)cc1
CHEMBL231759,Active,24.0,4.0,4.0,1.0,0.0,1.0,28.0,8.0,7.0,4.0,0.0,2.0,0.0,2.0,4.0,0.0,0.0,0.0,27.0,8.0,11.0,5.0,0.0,3.0,0.0,3.0,1.0,23.0,8.0,14.0,4.0,0.0,1.0,0.0,1.0,0.0,1.0,25.0,10.0,14.0,3.0,0.0,1.0,1.0,2.0,0.0,26.0,13.0,13.0,1.0,0.0,2.0,0.0,2.0,2.0,0.0,0.0,2.0,27.0,11.0,5.0,1.0,0.0,2.0,0.0,2.0,23.0,7.0,5.0,2.0,0.0,3.0,0.0,3.0,0.0,0.0,0.0,22.0,5.0,7.0,2.0,0.0,2.0,0.0,2.0,0.0,0.0,25.0,2.0,4.0,1.0,0.0,2.0,2.0,0.0,0.0,0.0,0.0,3.0,0.0,0.0,0.0,3.0,0.0,0.0,0.0,6.0,0.0,1.0,0.0,0.0,0.0,0.0,0.0,0.0,0.0,0.0,0.0,0.0,0.0,0.0,0.0,0.0,0.0,0.0,0.0,1.0,1.0,0.0,1.0,0.0,0.0,3.0,0.0,3.0,1.0,0.0,0.0,0.0,2.0,3.0,23.0,3.0,4.0,9.0,8.0,8.0,9.0,22.0,CCOc1ccc(Cc2nnc(CN(c3cccc(Cl)c3C)S(=O)(=O)c3ccc(C)cc3)o2)cc1
CHEMBL404481,Inactive,23.0,7.0,3.0,0.0,0.0,1.0,28.0,11.0,4.0,0.0,0.0,2.0,0.0,2.0,1.0,0.0,0.0,0.0,26.0,8.0,7.0,0.0,0.0,2.0,0.0,2.0,0.0,19.0,11.0,6.0,0.0,0.0,2.0,0.0,2.0,2.0,0.0,24.0,10.0,5.0,0.0,0.0,0.0,0.0,2.0,1.0,28.0,8.0,5.0,0.0,0.0,2.0,0.0,2.0,1.0,1.0,0.0,0.0,26.0,10.0,1.0,0.0,0.0,4.0,0.0,4.0,21.0,9.0,3.0,0.0,0.0,2.0,0.0,2.0,0.0,0.0,0.0,21.0,5.0,3.0,0.0,0.0,3.0,0.0,3.0,1.0,0.0,18.0,5.0,3.0,0.0,0.0,2.0,2.0,0.0,1.0,1.0,0.0,3.0,0.0,0.0,0.0,1.0,0.0,0.0,0.0,5.0,0.0,1.0,0.0,0.0,0.0,0.0,0.0,0.0,0.0,0.0,0.0,0.0,0.0,0.0,0.0,0.0,0.0,1.0,0.0,0.0,1.0,0.0,1.0,0.0,0.0,2.0,1.0,1.0,1.0,0.0,0.0,0.0,2.0,3.0,23.0,3.0,0.0,10.0,9.0,9.0,9.0,23.0,Cc1cc(NC(=O)Cc2ccncc2)nn1Cc1cc(Cl)ccc1OCc1ccccc1
CHEMBL257544,Inactive,23.0,7.0,3.0,0.0,0.0,1.0,28.0,11.0,4.0,0.0,0.0,2.0,0.0,2.0,1.0,0.0,0.0,0.0,25.0,9.0,7.0,0.0,0.0,2.0,0.0,2.0,0.0,19.0,11.0,6.0,0.0,0.0,2.0,0.0,2.0,2.0,0.0,25.0,8.0,4.0,0.0,0.0,0.0,0.0,3.0,1.0,27.0,10.0,6.0,0.0,0.0,2.0,0.0,2.0,0.0,1.0,0.0,0.0,26.0,9.0,1.0,0.0,0.0,4.0,0.0,4.0,21.0,9.0,3.0,0.0,0.0,2.0,0.0,2.0,0.0,0.0,0.0,20.0,7.0,3.0,0.0,0.0,3.0,0.0,3.0,1.0,0.0,19.0,4.0,3.0,0.0,0.0,2.0,2.0,0.0,1.0,1.0,0.0,3.0,0.0,0.0,0.0,1.0,0.0,0.0,0.0,5.0,0.0,1.0,0.0,0.0,0.0,0.0,0.0,0.0,0.0,0.0,0.0,0.0,0.0,0.0,0.0,0.0,0.0,1.0,0.0,0.0,1.0,0.0,1.0,0.0,0.0,2.0,1.0,1.0,1.0,0.0,0.0,0.0,2.0,3.0,23.0,3.0,0.0,10.0,9.0,9.0,9.0,23.0,Cc1cc(NC(=O)Cc2cccnc2)nn1Cc1cc(Cl)ccc1OCc1ccccc1
CHEMBL401023,Active,30.0,7.0,3.0,0.0,0.0,1.0,39.0,10.0,4.0,0.0,0.0,2.0,0.0,2.0,1.0,0.0,0.0,0.0,37.0,10.0,8.0,0.0,0.0,2.0,0.0,2.0,0.0,37.0,6.0,7.0,0.0,0.0,2.0,0.0,2.0,1.0,0.0,41.0,6.0,7.0,0.0,0.0,1.0,1.0,0.0,1.0,44.0,2.0,4.0,0.0,0.0,4.0,0.0,4.0,2.0,0.0,0.0,0.0,39.0,7.0,5.0,0.0,0.0,4.0,0.0,4.0,32.0,9.0,5.0,0.0,0.0,4.0,0.0,4.0,0.0,0.0,0.0,29.0,6.0,3.0,0.0,0.0,3.0,0.0,3.0,0.0,0.0,27.0,3.0,2.0,0.0,0.0,2.0,2.0,0.0,0.0,0.0,0.0,2.0,0.0,0.0,0.0,1.0,0.0,0.0,0.0,4.0,0.0,0.0,0.0,0.0,0.0,0.0,0.0,0.0,0.0,0.0,0.0,0.0,0.0,0.0,0.0,0.0,0.0,0.0,0.0,0.0,2.0,1.0,1.0,0.0,0.0,2.0,1.0,1.0,0.0,0.0,2.0,0.0,1.0,2.0,29.0,2.0,2.0,10.0,6.0,6.0,7.0,30.0,Cc1ccc(-c2cc(Cl)ccc2OCc2ccccc2)n1-c1ccc(C(=O)NCc2cccnc2)cc1
CHEMBL439381,Active,28.0,5.0,3.0,0.0,2.0,3.0,36.0,10.0,4.0,0.0,4.0,0.0,2.0,6.0,1.0,0.0,0.0,0.0,36.0,6.0,8.0,0.0,5.0,0.0,2.0,7.0,0.0,36.0,5.0,9.0,0.0,2.0,0.0,2.0,4.0,1.0,0.0,42.0,4.0,5.0,0.0,2.0,0.0,3.0,0.0,1.0,42.0,1.0,3.0,0.0,2.0,0.0,4.0,6.0,1.0,0.0,1.0,1.0,34.0,5.0,4.0,0.0,4.0,0.0,4.0,8.0,26.0,9.0,5.0,0.0,4.0,0.0,4.0,8.0,0.0,0.0,0.0,30.0,3.0,3.0,0.0,6.0,0.0,3.0,9.0,0.0,0.0,30.0,2.0,2.0,0.0,5.0,0.0,7.0,1.0,0.0,0.0,0.0,1.0,0.0,0.0,0.0,4.0,0.0,2.0,0.0,7.0,0.0,3.0,1.0,0.0,3.0,0.0,0.0,0.0,0.0,0.0,0.0,0.0,0.0,0.0,0.0,0.0,0.0,3.0,3.0,0.0,2.0,1.0,1.0,2.0,2.0,2.0,1.0,4.0,0.0,0.0,2.0,2.0,0.0,1.0,23.0,1.0,2.0,8.0,8.0,8.0,6.0,26.0,Cc1ccc(-c2cc(Br)ccc2OCc2ccc(F)cc2F)n1-c1ccc(C(=O)NC(C)(C)C)cc1
CHEMBL232932,Active,25.0,4.0,3.0,0.0,2.0,3.0,32.0,7.0,4.0,0.0,4.0,0.0,2.0,6.0,1.0,0.0,0.0,0.0,32.0,6.0,7.0,0.0,5.0,0.0,2.0,7.0,0.0,31.0,5.0,6.0,0.0,2.0,0.0,2.0,4.0,1.0,0.0,34.0,4.0,5.0,0.0,2.0,0.0,3.0,0.0,1.0,35.0,1.0,3.0,0.0,2.0,0.0,4.0,6.0,1.0,0.0,1.0,1.0,31.0,4.0,4.0,0.0,4.0,0.0,4.0,8.0,24.0,6.0,5.0,0.0,4.0,0.0,4.0,8.0,0.0,0.0,0.0,20.0,3.0,3.0,0.0,6.0,0.0,3.0,9.0,0.0,0.0,16.0,2.0,2.0,0.0,5.0,0.0,7.0,1.0,0.0,0.0,0.0,1.0,0.0,0.0,0.0,1.0,0.0,2.0,0.0,3.0,0.0,0.0,0.0,0.0,0.0,0.0,0.0,0.0,0.0,0.0,0.0,0.0,0.0,0.0,0.0,0.0,0.0,0.0,0.0,0.0,1.0,0.0,1.0,2.0,2.0,2.0,1.0,1.0,0.0,0.0,2.0,2.0,0.0,1.0,23.0,1.0,2.0,7.0,4.0,4.0,4.0,24.0,Cc1ccc(-c2cc(Br)ccc2OCc2ccc(F)cc2F)n1-c1ccc(C(N)=O)cc1
CHEMBL214967,Active,18.0,3.0,4.0,0.0,2.0,3.0,21.0,8.0,5.0,0.0,4.0,0.0,2.0,6.0,0.0,0.0,0.0,0.0,19.0,5.0,7.0,0.0,5.0,0.0,2.0,7.0,2.0,16.0,4.0,5.0,0.0,2.0,0.0,2.0,4.0,3.0,0.0,19.0,4.0,6.0,0.0,2.0,0.0,2.0,1.0,1.0,22.0,3.0,5.0,0.0,2.0,0.0,2.0,4.0,0.0,1.0,1.0,1.0,19.0,3.0,5.0,0.0,4.0,0.0,4.0,8.0,12.0,4.0,4.0,0.0,3.0,0.0,3.0,6.0,2.0,0.0,0.0,10.0,3.0,4.0,0.0,4.0,0.0,2.0,6.0,0.0,2.0,9.0,1.0,2.0,0.0,4.0,0.0,5.0,1.0,0.0,0.0,0.0,2.0,0.0,0.0,0.0,1.0,1.0,2.0,1.0,4.0,0.0,0.0,0.0,0.0,0.0,0.0,0.0,0.0,0.0,0.0,0.0,0.0,0.0,0.0,0.0,0.0,0.0,0.0,0.0,0.0,0.0,0.0,2.0,2.0,2.0,3.0,1.0,1.0,0.0,0.0,1.0,2.0,1.0,2.0,17.0,2.0,2.0,7.0,6.0,6.0,6.0,17.0,Cc1cc(C(=O)O)nn1Cc1cc(Br)ccc1OCc1ccc(F)cc1F
CHEMBL233160,Inactive,26.0,5.0,4.0,0.0,2.0,3.0,33.0,10.0,5.0,0.0,4.0,0.0,2.0,6.0,2.0,0.0,0.0,0.0,34.0,8.0,7.0,0.0,5.0,0.0,2.0,7.0,0.0,34.0,8.0,6.0,0.0,2.0,0.0,2.0,4.0,1.0,0.0,40.0,5.0,5.0,0.0,2.0,0.0,3.0,1.0,1.0,40.0,5.0,5.0,0.0,2.0,0.0,4.0,6.0,0.0,0.0,1.0,1.0,32.0,9.0,6.0,0.0,4.0,0.0,4.0,8.0,30.0,8.0,4.0,0.0,4.0,0.0,4.0,8.0,0.0,0.0,0.0,26.0,5.0,2.0,0.0,6.0,0.0,4.0,10.0,1.0,0.0,19.0,4.0,3.0,0.0,5.0,0.0,6.0,2.0,0.0,1.0,0.0,1.0,0.0,0.0,0.0,2.0,0.0,2.0,0.0,3.0,0.0,0.0,0.0,0.0,0.0,0.0,0.0,0.0,0.0,0.0,0.0,0.0,0.0,0.0,0.0,0.0,0.0,0.0,0.0,0.0,0.0,0.0,1.0,2.0,2.0,1.0,1.0,2.0,0.0,0.0,0.0,2.0,2.0,4.0,28.0,4.0,0.0,9.0,4.0,4.0,3.0,25.0,Cc1nnc(-c2cccc(-n3c(C)ccc3-c3cc(Br)ccc3OCc3ccc(F)cc3F)c2)o1
CHEMBL234721,Active,25.0,3.0,4.0,0.0,2.0,4.0,32.0,6.0,5.0,0.0,4.0,4.0,0.0,8.0,0.0,0.0,0.0,0.0,32.0,4.0,9.0,0.0,5.0,4.0,0.0,9.0,0.0,31.0,4.0,8.0,0.0,2.0,4.0,0.0,6.0,1.0,0.0,36.0,2.0,6.0,0.0,2.0,3.0,5.0,2.0,3.0,37.0,1.0,7.0,0.0,2.0,8.0,0.0,10.0,0.0,0.0,1.0,1.0,29.0,2.0,10.0,0.0,4.0,6.0,0.0,10.0,24.0,2.0,6.0,0.0,4.0,6.0,0.0,10.0,0.0,0.0,1.0,20.0,1.0,4.0,0.0,6.0,6.0,0.0,12.0,2.0,0.0,15.0,0.0,4.0,0.0,5.0,2.0,7.0,1.0,2.0,2.0,0.0,1.0,0.0,0.0,0.0,1.0,1.0,2.0,1.0,3.0,0.0,0.0,0.0,0.0,0.0,0.0,0.0,0.0,0.0,0.0,0.0,0.0,0.0,0.0,0.0,0.0,0.0,0.0,0.0,0.0,0.0,0.0,2.0,2.0,2.0,3.0,2.0,1.0,0.0,0.0,2.0,2.0,0.0,1.0,23.0,1.0,2.0,7.0,4.0,4.0,4.0,24.0,Cc1ccc(-c2cc(Cl)ccc2OCc2ccc(F)cc2F)n1-c1cc(Cl)cc(C(=O)O)c1
CHEMBL402338,Active,14.0,5.0,4.0,0.0,0.0,1.0,21.0,5.0,3.0,0.0,0.0,2.0,0.0,2.0,2.0,0.0,0.0,0.0,17.0,7.0,5.0,0.0,0.0,2.0,0.0,2.0,2.0,18.0,6.0,5.0,0.0,0.0,1.0,0.0,1.0,0.0,0.0,17.0,5.0,3.0,0.0,0.0,3.0,3.0,2.0,0.0,16.0,2.0,6.0,0.0,0.0,1.0,0.0,1.0,0.0,1.0,0.0,1.0,9.0,2.0,8.0,0.0,0.0,3.0,0.0,3.0,6.0,0.0,6.0,0.0,0.0,3.0,0.0,3.0,0.0,0.0,0.0,2.0,0.0,4.0,0.0,0.0,0.0,0.0,0.0,0.0,2.0,0.0,0.0,4.0,0.0,0.0,0.0,0.0,0.0,0.0,0.0,1.0,1.0,1.0,0.0,0.0,2.0,0.0,0.0,0.0,5.0,0.0,3.0,1.0,0.0,3.0,0.0,0.0,0.0,0.0,0.0,0.0,0.0,0.0,0.0,0.0,0.0,0.0,0.0,0.0,0.0,0.0,0.0,1.0,0.0,0.0,2.0,0.0,2.0,1.0,0.0,0.0,0.0,1.0,3.0,14.0,3.0,2.0,9.0,4.0,4.0,3.0,14.0,CC(C)Cc1cn(-c2nc(C(=O)[O-])co2)c2cc(Cl)ccc12.[Na+]
CHEMBL208882,Active,25.0,3.0,4.0,0.0,1.0,3.0,32.0,6.0,5.0,0.0,2.0,2.0,2.0,6.0,0.0,0.0,0.0,0.0,32.0,4.0,9.0,0.0,2.0,3.0,2.0,7.0,0.0,31.0,4.0,8.0,0.0,1.0,1.0,2.0,4.0,1.0,0.0,36.0,2.0,6.0,0.0,1.0,1.0,3.0,2.0,1.0,37.0,1.0,7.0,0.0,0.0,2.0,4.0,6.0,0.0,0.0,1.0,1.0,29.0,2.0,10.0,0.0,1.0,3.0,4.0,8.0,24.0,2.0,6.0,0.0,2.0,2.0,4.0,8.0,0.0,0.0,0.0,20.0,1.0,4.0,0.0,3.0,3.0,4.0,10.0,2.0,0.0,15.0,0.0,4.0,0.0,2.0,3.0,6.0,1.0,0.0,2.0,0.0,1.0,0.0,0.0,0.0,1.0,1.0,1.0,1.0,3.0,0.0,0.0,0.0,0.0,0.0,0.0,0.0,0.0,0.0,0.0,0.0,0.0,0.0,0.0,0.0,0.0,0.0,0.0,0.0,0.0,0.0,0.0,2.0,1.0,1.0,3.0,2.0,1.0,0.0,0.0,2.0,1.0,0.0,1.0,23.0,1.0,2.0,7.0,4.0,4.0,4.0,24.0,Cc1ccc(-c2cc(Br)ccc2OCc2ccc(F)cc2Cl)n1-c1cccc(C(=O)O)c1
CHEMBL380667,Inactive,23.0,3.0,4.0,0.0,0.0,1.0,28.0,8.0,5.0,0.0,0.0,2.0,0.0,2.0,0.0,0.0,0.0,0.0,26.0,7.0,9.0,0.0,0.0,2.0,0.0,2.0,0.0,24.0,8.0,8.0,0.0,0.0,2.0,0.0,2.0,1.0,0.0,28.0,6.0,5.0,0.0,0.0,1.0,1.0,3.0,1.0,31.0,3.0,4.0,0.0,0.0,3.0,0.0,3.0,2.0,1.0,0.0,0.0,26.0,3.0,8.0,0.0,0.0,3.0,0.0,3.0,21.0,4.0,6.0,0.0,0.0,4.0,0.0,4.0,0.0,0.0,0.0,16.0,3.0,4.0,0.0,0.0,4.0,0.0,4.0,2.0,0.0,12.0,1.0,4.0,0.0,0.0,1.0,1.0,0.0,2.0,2.0,0.0,1.0,0.0,0.0,0.0,0.0,1.0,0.0,1.0,2.0,0.0,0.0,0.0,0.0,0.0,0.0,0.0,0.0,0.0,0.0,0.0,0.0,0.0,0.0,0.0,0.0,0.0,0.0,0.0,0.0,0.0,0.0,2.0,0.0,0.0,3.0,2.0,0.0,0.0,0.0,2.0,0.0,1.0,2.0,23.0,2.0,2.0,7.0,3.0,3.0,4.0,23.0,O=C(O)c1cccc(-n2nccc2-c2cc(Cl)ccc2OCc2ccccc2)c1
CHEMBL403330,Active,15.0,0.0,6.0,0.0,0.0,1.0,18.0,0.0,9.0,0.0,0.0,2.0,0.0,2.0,0.0,0.0,0.0,0.0,15.0,0.0,8.0,0.0,0.0,2.0,0.0,2.0,0.0,15.0,0.0,8.0,0.0,0.0,2.0,0.0,2.0,0.0,0.0,17.0,0.0,5.0,0.0,0.0,1.0,1.0,0.0,1.0,16.0,0.0,6.0,0.0,0.0,2.0,0.0,2.0,0.0,0.0,0.0,1.0,11.0,0.0,6.0,0.0,0.0,3.0,0.0,3.0,6.0,0.0,6.0,0.0,0.0,3.0,0.0,3.0,2.0,0.0,0.0,5.0,0.0,4.0,0.0,0.0,0.0,0.0,0.0,0.0,2.0,2.0,0.0,2.0,0.0,0.0,0.0,0.0,0.0,0.0,0.0,1.0,2.0,1.0,0.0,0.0,2.0,0.0,0.0,0.0,6.0,0.0,3.0,1.0,0.0,3.0,0.0,0.0,0.0,0.0,0.0,0.0,0.0,0.0,0.0,0.0,0.0,2.0,0.0,0.0,1.0,0.0,0.0,2.0,0.0,0.0,3.0,0.0,2.0,1.0,0.0,1.0,0.0,0.0,1.0,11.0,1.0,2.0,6.0,6.0,6.0,6.0,12.0,CC(C)COc1ccc(Cl)cc1Cc1ccc(C(=O)[O-])o1.[Na+]
CHEMBL255701,Inactive,17.0,5.0,7.0,0.0,0.0,1.0,21.0,8.0,7.0,0.0,0.0,2.0,0.0,2.0,2.0,0.0,0.0,0.0,18.0,7.0,11.0,0.0,0.0,2.0,0.0,2.0,0.0,17.0,9.0,5.0,0.0,0.0,2.0,0.0,2.0,3.0,0.0,21.0,8.0,6.0,0.0,0.0,0.0,0.0,3.0,1.0,21.0,8.0,7.0,0.0,0.0,2.0,0.0,2.0,1.0,1.0,0.0,0.0,17.0,9.0,3.0,0.0,0.0,4.0,0.0,4.0,14.0,6.0,6.0,0.0,0.0,2.0,0.0,2.0,0.0,0.0,0.0,16.0,1.0,5.0,0.0,0.0,1.0,0.0,1.0,2.0,0.0,9.0,2.0,7.0,0.0,0.0,0.0,0.0,0.0,2.0,2.0,2.0,6.0,3.0,2.0,0.0,3.0,0.0,0.0,0.0,12.0,0.0,7.0,1.0,0.0,6.0,0.0,0.0,2.0,1.0,0.0,0.0,0.0,0.0,1.0,0.0,2.0,6.0,0.0,0.0,5.0,1.0,0.0,5.0,0.0,0.0,4.0,0.0,3.0,2.0,0.0,0.0,0.0,1.0,2.0,11.0,3.0,0.0,12.0,16.0,16.0,9.0,14.0,Cc1cc(NC(=O)OC2CCOCC2)nn1Cc1cc(Cl)ccc1OCC(C)C
CHEMBL394173,Inactive,31.0,4.0,3.0,1.0,0.0,1.0,38.0,8.0,6.0,3.0,0.0,2.0,0.0,2.0,3.0,0.0,0.0,0.0,36.0,8.0,13.0,3.0,0.0,2.0,0.0,2.0,0.0,34.0,7.0,13.0,3.0,0.0,2.0,0.0,2.0,1.0,0.0,40.0,4.0,13.0,4.0,0.0,1.0,1.0,2.0,1.0,42.0,4.0,13.0,5.0,0.0,4.0,0.0,4.0,0.0,0.0,0.0,0.0,39.0,7.0,13.0,2.0,0.0,4.0,0.0,4.0,36.0,6.0,7.0,2.0,0.0,4.0,0.0,4.0,0.0,0.0,0.0,32.0,5.0,8.0,2.0,0.0,3.0,0.0,3.0,2.0,0.0,31.0,3.0,7.0,1.0,0.0,1.0,1.0,1.0,2.0,2.0,0.0,1.0,0.0,0.0,0.0,1.0,0.0,0.0,0.0,3.0,0.0,0.0,0.0,0.0,0.0,0.0,0.0,0.0,0.0,0.0,0.0,0.0,0.0,0.0,0.0,0.0,0.0,0.0,0.0,0.0,1.0,0.0,1.0,0.0,0.0,4.0,1.0,1.0,0.0,0.0,2.0,0.0,0.0,1.0,29.0,1.0,6.0,8.0,5.0,5.0,7.0,32.0,Cc1ccc(-c2cc(Cl)ccc2OCc2ccccc2)n1-c1cccc(S(=O)(=O)NC(=O)c2ccccc2)c1
CHEMBL395582,Active,27.0,0.0,4.0,0.0,0.0,0.0,36.0,0.0,5.0,0.0,0.0,0.0,0.0,0.0,0.0,0.0,0.0,0.0,33.0,0.0,9.0,0.0,0.0,0.0,0.0,0.0,0.0,32.0,0.0,9.0,0.0,0.0,0.0,0.0,0.0,0.0,0.0,34.0,0.0,8.0,0.0,0.0,0.0,0.0,0.0,0.0,34.0,0.0,6.0,0.0,0.0,0.0,0.0,0.0,0.0,0.0,0.0,0.0,29.0,0.0,8.0,0.0,0.0,0.0,0.0,0.0,25.0,0.0,6.0,0.0,0.0,0.0,0.0,0.0,0.0,0.0,0.0,19.0,0.0,4.0,0.0,0.0,0.0,0.0,0.0,2.0,0.0,13.0,0.0,4.0,0.0,0.0,0.0,0.0,0.0,0.0,0.0,0.0,4.0,0.0,2.0,1.0,0.0,1.0,0.0,1.0,7.0,0.0,4.0,0.0,2.0,3.0,0.0,0.0,2.0,1.0,0.0,0.0,0.0,0.0,0.0,0.0,0.0,0.0,0.0,0.0,0.0,0.0,0.0,2.0,0.0,0.0,3.0,2.0,0.0,3.0,0.0,2.0,0.0,0.0,0.0,18.0,0.0,6.0,4.0,7.0,7.0,6.0,21.0,O=C(O)c1cccc(C2=C(c3ccccc3OCc3ccccc3)CCC2)c1
CHEMBL232531,Inactive,23.0,4.0,2.0,1.0,0.0,2.0,27.0,8.0,4.0,4.0,0.0,4.0,0.0,4.0,4.0,0.0,0.0,0.0,24.0,8.0,9.0,5.0,0.0,6.0,0.0,6.0,1.0,19.0,8.0,13.0,4.0,0.0,3.0,0.0,3.0,0.0,1.0,22.0,10.0,13.0,3.0,0.0,1.0,1.0,2.0,1.0,24.0,13.0,12.0,1.0,0.0,3.0,0.0,3.0,2.0,1.0,0.0,2.0,25.0,11.0,5.0,1.0,0.0,3.0,0.0,3.0,22.0,6.0,3.0,2.0,0.0,3.0,0.0,3.0,0.0,0.0,0.0,21.0,3.0,5.0,2.0,0.0,3.0,0.0,3.0,0.0,0.0,23.0,1.0,4.0,1.0,0.0,5.0,5.0,0.0,2.0,2.0,0.0,2.0,0.0,0.0,0.0,2.0,0.0,0.0,0.0,4.0,0.0,0.0,0.0,0.0,0.0,0.0,0.0,0.0,0.0,0.0,0.0,0.0,0.0,0.0,0.0,0.0,0.0,0.0,0.0,0.0,1.0,0.0,0.0,0.0,0.0,2.0,0.0,2.0,1.0,0.0,0.0,0.0,2.0,3.0,23.0,3.0,4.0,7.0,6.0,6.0,7.0,22.0,Cc1ccc(S(=O)(=O)N(Cc2nnc(Cc3ccccc3Cl)o2)c2cccc(Cl)c2C)cc1
CHEMBL233808,Inactive,23.0,4.0,2.0,1.0,1.0,2.0,27.0,8.0,4.0,4.0,2.0,2.0,0.0,4.0,4.0,0.0,0.0,0.0,24.0,8.0,9.0,5.0,3.0,3.0,0.0,6.0,1.0,19.0,8.0,13.0,4.0,2.0,1.0,0.0,3.0,0.0,1.0,22.0,10.0,13.0,3.0,0.0,1.0,1.0,2.0,1.0,24.0,13.0,12.0,1.0,1.0,2.0,0.0,3.0,2.0,1.0,0.0,2.0,25.0,11.0,5.0,1.0,1.0,2.0,0.0,3.0,22.0,6.0,3.0,2.0,0.0,3.0,0.0,3.0,0.0,0.0,0.0,21.0,3.0,5.0,2.0,1.0,2.0,0.0,3.0,0.0,0.0,23.0,1.0,4.0,1.0,3.0,2.0,5.0,0.0,0.0,2.0,0.0,2.0,0.0,0.0,0.0,2.0,0.0,1.0,0.0,4.0,0.0,0.0,0.0,0.0,0.0,0.0,0.0,0.0,0.0,0.0,0.0,0.0,0.0,0.0,0.0,0.0,0.0,0.0,0.0,0.0,1.0,0.0,0.0,1.0,1.0,2.0,0.0,2.0,1.0,0.0,0.0,1.0,2.0,3.0,23.0,3.0,4.0,7.0,6.0,6.0,7.0,22.0,Cc1ccc(S(=O)(=O)N(Cc2nnc(Cc3ccccc3F)o2)c2cccc(Cl)c2C)cc1
CHEMBL399613,Active,23.0,4.0,4.0,1.0,0.0,1.0,28.0,8.0,6.0,4.0,0.0,2.0,0.0,2.0,4.0,0.0,0.0,0.0,26.0,8.0,11.0,5.0,0.0,3.0,0.0,3.0,1.0,21.0,8.0,14.0,4.0,0.0,1.0,0.0,1.0,0.0,1.0,23.0,10.0,14.0,3.0,0.0,1.0,1.0,2.0,0.0,25.0,13.0,13.0,1.0,0.0,2.0,0.0,2.0,2.0,0.0,0.0,2.0,26.0,11.0,5.0,1.0,0.0,2.0,0.0,2.0,22.0,7.0,5.0,2.0,0.0,3.0,0.0,3.0,0.0,0.0,0.0,22.0,4.0,6.0,2.0,0.0,2.0,0.0,2.0,0.0,0.0,24.0,1.0,4.0,1.0,0.0,2.0,2.0,0.0,0.0,0.0,0.0,2.0,0.0,0.0,0.0,3.0,0.0,0.0,0.0,5.0,0.0,0.0,0.0,0.0,0.0,0.0,0.0,0.0,0.0,0.0,0.0,0.0,0.0,0.0,0.0,0.0,0.0,0.0,0.0,0.0,1.0,0.0,1.0,0.0,0.0,3.0,0.0,2.0,1.0,0.0,0.0,0.0,2.0,3.0,23.0,3.0,4.0,9.0,7.0,7.0,8.0,22.0,COc1ccc(Cc2nnc(CN(c3cccc(Cl)c3C)S(=O)(=O)c3ccc(C)cc3)o2)cc1
CHEMBL232160,Inactive,24.0,4.0,4.0,1.0,3.0,3.0,30.0,8.0,6.0,4.0,3.0,0.0,0.0,3.0,4.0,3.0,3.0,3.0,29.0,8.0,11.0,5.0,6.0,0.0,0.0,6.0,1.0,22.0,9.0,14.0,4.0,9.0,0.0,0.0,9.0,0.0,1.0,24.0,10.0,14.0,4.0,3.0,0.0,3.0,2.0,0.0,27.0,13.0,15.0,1.0,3.0,0.0,0.0,3.0,2.0,0.0,0.0,0.0,28.0,12.0,6.0,1.0,6.0,0.0,0.0,6.0,25.0,8.0,5.0,2.0,6.0,0.0,0.0,6.0,0.0,3.0,3.0,24.0,4.0,6.0,2.0,9.0,0.0,0.0,9.0,0.0,0.0,26.0,1.0,4.0,1.0,6.0,0.0,6.0,0.0,0.0,0.0,0.0,2.0,0.0,0.0,0.0,3.0,0.0,3.0,0.0,6.0,0.0,0.0,0.0,0.0,0.0,0.0,0.0,0.0,0.0,0.0,0.0,0.0,0.0,0.0,0.0,0.0,0.0,0.0,0.0,0.0,1.0,0.0,1.0,3.0,0.0,3.0,0.0,2.0,1.0,3.0,0.0,0.0,2.0,3.0,23.0,3.0,4.0,9.0,7.0,7.0,9.0,23.0,COc1ccc(Cc2nnc(CN(c3cccc(C(F)(F)F)c3C)S(=O)(=O)c3ccc(C)cc3)o2)cc1
CHEMBL212680,Inactive,23.0,3.0,6.0,0.0,0.0,1.0,30.0,6.0,7.0,0.0,0.0,2.0,0.0,2.0,0.0,0.0,0.0,0.0,31.0,4.0,10.0,0.0,0.0,2.0,0.0,2.0,0.0,30.0,4.0,9.0,0.0,0.0,2.0,0.0,2.0,1.0,0.0,36.0,2.0,5.0,0.0,0.0,1.0,1.0,2.0,1.0,36.0,1.0,8.0,0.0,0.0,4.0,0.0,4.0,0.0,0.0,0.0,0.0,27.0,2.0,12.0,0.0,0.0,4.0,0.0,4.0,21.0,2.0,9.0,0.0,0.0,4.0,0.0,4.0,0.0,0.0,0.0,18.0,0.0,6.0,0.0,0.0,4.0,0.0,4.0,2.0,0.0,12.0,0.0,7.0,0.0,0.0,0.0,0.0,0.0,3.0,3.0,1.0,5.0,3.0,2.0,0.0,1.0,1.0,0.0,1.0,8.0,1.0,5.0,1.0,0.0,5.0,2.0,1.0,4.0,1.0,0.0,0.0,0.0,0.0,1.0,0.0,6.0,4.0,0.0,0.0,3.0,0.0,0.0,4.0,0.0,0.0,4.0,1.0,1.0,2.0,0.0,2.0,0.0,0.0,1.0,17.0,2.0,2.0,9.0,10.0,10.0,4.0,19.0,Cc1ccc(-c2cc(Cl)ccc2OCC2CCOCC2)n1-c1cccc(C(=O)O)c1
CHEMBL208912,Active,25.0,3.0,4.0,0.0,1.0,2.0,32.0,6.0,5.0,0.0,2.0,2.0,0.0,4.0,0.0,0.0,0.0,0.0,32.0,4.0,9.0,0.0,2.0,2.0,0.0,4.0,0.0,31.0,4.0,8.0,0.0,1.0,2.0,0.0,3.0,1.0,0.0,36.0,2.0,6.0,0.0,1.0,1.0,2.0,2.0,1.0,37.0,1.0,7.0,0.0,0.0,4.0,0.0,4.0,0.0,0.0,1.0,1.0,29.0,2.0,10.0,0.0,1.0,4.0,0.0,5.0,24.0,2.0,6.0,0.0,2.0,4.0,0.0,6.0,0.0,0.0,0.0,20.0,1.0,4.0,0.0,3.0,4.0,0.0,7.0,2.0,0.0,15.0,0.0,4.0,0.0,2.0,1.0,3.0,1.0,2.0,2.0,0.0,1.0,0.0,0.0,0.0,1.0,1.0,1.0,1.0,3.0,0.0,0.0,0.0,0.0,0.0,0.0,0.0,0.0,0.0,0.0,0.0,0.0,0.0,0.0,0.0,0.0,0.0,0.0,0.0,0.0,0.0,0.0,2.0,1.0,1.0,3.0,2.0,1.0,0.0,0.0,2.0,1.0,0.0,1.0,23.0,1.0,2.0,7.0,4.0,4.0,4.0,24.0,Cc1ccc(-c2cc(Cl)ccc2OCc2ccc(F)cc2)n1-c1cccc(C(=O)O)c1
CHEMBL521609,Inactive,28.0,4.0,3.0,1.0,2.0,2.0,37.0,5.0,7.0,3.0,4.0,0.0,0.0,4.0,3.0,0.0,0.0,0.0,35.0,6.0,12.0,3.0,4.0,0.0,0.0,4.0,0.0,30.0,5.0,13.0,2.0,2.0,0.0,0.0,2.0,1.0,0.0,29.0,5.0,12.0,1.0,0.0,0.0,0.0,0.0,2.0,30.0,4.0,8.0,2.0,1.0,0.0,0.0,1.0,1.0,1.0,2.0,2.0,30.0,5.0,8.0,2.0,2.0,0.0,0.0,2.0,29.0,5.0,6.0,3.0,2.0,0.0,0.0,2.0,0.0,1.0,1.0,27.0,6.0,9.0,2.0,2.0,0.0,0.0,2.0,2.0,0.0,23.0,5.0,8.0,2.0,3.0,0.0,3.0,0.0,0.0,0.0,0.0,0.0,0.0,0.0,0.0,1.0,0.0,2.0,0.0,4.0,0.0,1.0,0.0,1.0,0.0,0.0,0.0,0.0,0.0,0.0,0.0,0.0,0.0,0.0,0.0,0.0,0.0,1.0,0.0,0.0,1.0,0.0,0.0,2.0,2.0,4.0,0.0,0.0,0.0,0.0,1.0,2.0,0.0,1.0,25.0,1.0,7.0,8.0,5.0,5.0,7.0,30.0,Cn1cc(C=CC(=O)NS(=O)(=O)c2ccc(F)c(F)c2)c2c(Oc3ccc4ccccc4c3)cccc21
CHEMBL173299,Inactive,22.0,0.0,5.0,2.0,0.0,0.0,25.0,0.0,8.0,3.0,0.0,0.0,0.0,0.0,0.0,0.0,0.0,0.0,22.0,0.0,9.0,3.0,0.0,0.0,0.0,0.0,0.0,20.0,0.0,8.0,2.0,0.0,0.0,0.0,0.0,0.0,0.0,20.0,0.0,10.0,1.0,0.0,0.0,0.0,0.0,0.0,18.0,0.0,11.0,2.0,0.0,0.0,0.0,0.0,0.0,0.0,0.0,0.0,16.0,0.0,7.0,3.0,0.0,0.0,0.0,0.0,18.0,0.0,6.0,1.0,0.0,0.0,0.0,0.0,0.0,0.0,0.0,18.0,0.0,10.0,1.0,0.0,0.0,0.0,0.0,0.0,0.0,14.0,0.0,12.0,1.0,0.0,0.0,0.0,0.0,0.0,0.0,5.0,10.0,6.0,6.0,4.0,0.0,4.0,0.0,4.0,16.0,2.0,16.0,2.0,0.0,18.0,8.0,10.0,21.0,20.0,20.0,19.0,17.0,12.0,11.0,0.0,10.0,8.0,0.0,0.0,7.0,0.0,0.0,4.0,0.0,0.0,5.0,0.0,0.0,9.0,0.0,0.0,0.0,0.0,0.0,6.0,0.0,0.0,7.0,21.0,21.0,13.0,12.0,O=C(O)CCCCCCC1C(O)CC(O)C1CCC(O)CSc1ccccc1
CHEMBL258183,Inactive,15.0,5.0,5.0,0.0,0.0,1.0,18.0,8.0,5.0,0.0,0.0,2.0,0.0,2.0,2.0,0.0,0.0,0.0,16.0,7.0,8.0,0.0,0.0,2.0,0.0,2.0,0.0,15.0,9.0,5.0,0.0,0.0,2.0,0.0,2.0,3.0,0.0,21.0,6.0,3.0,0.0,0.0,0.0,0.0,3.0,1.0,19.0,8.0,7.0,0.0,0.0,2.0,0.0,2.0,0.0,1.0,0.0,0.0,15.0,7.0,2.0,0.0,0.0,4.0,0.0,4.0,12.0,4.0,5.0,0.0,0.0,2.0,0.0,2.0,0.0,0.0,0.0,12.0,1.0,4.0,0.0,0.0,1.0,0.0,1.0,2.0,0.0,7.0,2.0,5.0,0.0,0.0,0.0,0.0,0.0,2.0,2.0,2.0,2.0,1.0,0.0,0.0,5.0,0.0,0.0,0.0,10.0,0.0,5.0,1.0,0.0,4.0,0.0,0.0,0.0,0.0,0.0,0.0,0.0,0.0,0.0,0.0,0.0,2.0,0.0,0.0,3.0,1.0,0.0,3.0,0.0,0.0,3.0,0.0,5.0,0.0,0.0,0.0,0.0,1.0,2.0,11.0,2.0,0.0,10.0,12.0,12.0,9.0,14.0,Cc1cc(NC(=O)OC(C)C)nn1Cc1cc(Cl)ccc1OCC(C)C
CHEMBL254963,Inactive,24.0,5.0,5.0,0.0,0.0,1.0,30.0,8.0,4.0,0.0,0.0,2.0,0.0,2.0,2.0,0.0,0.0,0.0,25.0,7.0,10.0,0.0,0.0,2.0,0.0,2.0,0.0,19.0,8.0,8.0,0.0,0.0,2.0,0.0,2.0,3.0,0.0,24.0,8.0,7.0,0.0,0.0,0.0,0.0,3.0,1.0,26.0,9.0,9.0,0.0,0.0,2.0,0.0,2.0,0.0,1.0,0.0,0.0,26.0,9.0,3.0,0.0,0.0,4.0,0.0,4.0,20.0,10.0,5.0,0.0,0.0,2.0,0.0,2.0,0.0,0.0,0.0,21.0,7.0,4.0,0.0,0.0,3.0,0.0,3.0,2.0,0.0,19.0,4.0,5.0,0.0,0.0,1.0,1.0,0.0,2.0,2.0,0.0,3.0,0.0,0.0,0.0,1.0,0.0,0.0,0.0,5.0,0.0,0.0,0.0,0.0,0.0,0.0,0.0,0.0,0.0,0.0,0.0,0.0,0.0,0.0,0.0,0.0,0.0,0.0,0.0,0.0,1.0,0.0,3.0,0.0,0.0,3.0,2.0,1.0,0.0,0.0,0.0,0.0,1.0,2.0,23.0,2.0,0.0,10.0,9.0,9.0,10.0,24.0,Cc1cc(NC(=O)OCc2ccccc2)nn1Cc1cc(Cl)ccc1OCc1ccccc1
CHEMBL256731,Inactive,21.0,5.0,5.0,0.0,0.0,1.0,25.0,9.0,7.0,0.0,0.0,2.0,0.0,2.0,1.0,0.0,0.0,0.0,22.0,7.0,7.0,0.0,0.0,2.0,0.0,2.0,1.0,17.0,10.0,7.0,0.0,0.0,2.0,0.0,2.0,2.0,0.0,24.0,7.0,4.0,0.0,0.0,0.0,0.0,3.0,1.0,26.0,8.0,6.0,0.0,0.0,2.0,0.0,2.0,1.0,1.0,0.0,0.0,24.0,7.0,3.0,0.0,0.0,4.0,0.0,4.0,19.0,6.0,4.0,0.0,0.0,2.0,0.0,2.0,0.0,0.0,0.0,17.0,4.0,5.0,0.0,0.0,3.0,0.0,3.0,1.0,0.0,16.0,3.0,5.0,0.0,0.0,2.0,2.0,0.0,1.0,1.0,1.0,5.0,1.0,2.0,1.0,1.0,0.0,0.0,0.0,8.0,0.0,4.0,0.0,0.0,3.0,0.0,0.0,2.0,1.0,0.0,0.0,0.0,0.0,1.0,1.0,1.0,2.0,1.0,0.0,3.0,1.0,0.0,3.0,0.0,0.0,3.0,1.0,1.0,2.0,0.0,0.0,0.0,1.0,2.0,17.0,3.0,0.0,10.0,13.0,13.0,8.0,19.0,Cc1cc(NC(=O)C2CCCO2)nn1Cc1cc(Cl)ccc1OCc1ccccc1
CHEMBL256579,Inactive,24.0,5.0,3.0,0.0,1.0,2.0,28.0,11.0,4.0,0.0,2.0,2.0,0.0,4.0,1.0,0.0,0.0,0.0,25.0,8.0,7.0,0.0,2.0,2.0,0.0,4.0,1.0,21.0,7.0,6.0,0.0,1.0,2.0,0.0,3.0,2.0,0.0,25.0,9.0,6.0,0.0,0.0,0.0,0.0,1.0,1.0,29.0,8.0,5.0,0.0,1.0,2.0,0.0,3.0,0.0,1.0,0.0,0.0,27.0,8.0,3.0,0.0,1.0,4.0,0.0,5.0,21.0,7.0,2.0,0.0,1.0,3.0,0.0,4.0,1.0,0.0,0.0,20.0,5.0,3.0,0.0,1.0,2.0,0.0,3.0,0.0,1.0,20.0,2.0,3.0,0.0,2.0,2.0,4.0,0.0,0.0,0.0,0.0,2.0,0.0,0.0,0.0,1.0,0.0,1.0,0.0,4.0,0.0,0.0,0.0,0.0,0.0,0.0,0.0,0.0,0.0,0.0,0.0,0.0,0.0,0.0,0.0,0.0,0.0,0.0,0.0,0.0,1.0,0.0,1.0,1.0,1.0,2.0,1.0,1.0,0.0,0.0,1.0,1.0,1.0,2.0,23.0,2.0,2.0,8.0,7.0,7.0,8.0,24.0,Cc1cc(C(=O)Nc2ccc(F)cc2)nn1Cc1cc(Cl)ccc1OCc1ccccc1
CHEMBL257970,Inactive,20.0,5.0,3.0,0.0,0.0,1.0,23.0,11.0,4.0,0.0,0.0,2.0,0.0,2.0,1.0,0.0,0.0,0.0,22.0,6.0,7.0,0.0,0.0,2.0,0.0,2.0,1.0,19.0,6.0,6.0,0.0,0.0,2.0,0.0,2.0,2.0,0.0,22.0,9.0,4.0,0.0,0.0,0.0,0.0,1.0,1.0,26.0,6.0,4.0,0.0,0.0,2.0,0.0,2.0,0.0,1.0,0.0,0.0,24.0,5.0,3.0,0.0,0.0,4.0,0.0,4.0,16.0,6.0,2.0,0.0,0.0,3.0,0.0,3.0,1.0,0.0,0.0,16.0,5.0,3.0,0.0,0.0,2.0,0.0,2.0,0.0,1.0,15.0,2.0,3.0,0.0,0.0,2.0,2.0,0.0,0.0,0.0,1.0,2.0,0.0,0.0,0.0,3.0,0.0,0.0,0.0,7.0,0.0,2.0,0.0,0.0,1.0,0.0,0.0,0.0,0.0,0.0,0.0,0.0,0.0,0.0,0.0,0.0,0.0,2.0,2.0,0.0,2.0,1.0,1.0,0.0,0.0,2.0,1.0,3.0,0.0,0.0,1.0,0.0,1.0,2.0,17.0,2.0,2.0,8.0,9.0,9.0,8.0,19.0,Cc1cc(C(=O)NC(C)C)nn1Cc1cc(Cl)ccc1OCc1ccccc1
CHEMBL212471,Active,26.0,3.0,4.0,0.0,4.0,5.0,34.0,6.0,5.0,0.0,5.0,0.0,2.0,7.0,0.0,3.0,3.0,3.0,34.0,4.0,9.0,0.0,9.0,0.0,2.0,11.0,0.0,32.0,4.0,8.0,0.0,8.0,0.0,2.0,10.0,1.0,0.0,37.0,2.0,6.0,0.0,4.0,0.0,5.0,2.0,1.0,37.0,1.0,8.0,0.0,5.0,0.0,4.0,9.0,0.0,0.0,0.0,0.0,30.0,2.0,10.0,0.0,3.0,0.0,4.0,7.0,26.0,2.0,6.0,0.0,5.0,0.0,4.0,9.0,0.0,0.0,0.0,23.0,1.0,4.0,0.0,9.0,0.0,4.0,13.0,2.0,0.0,17.0,1.0,4.0,0.0,12.0,0.0,13.0,0.0,0.0,2.0,0.0,1.0,0.0,0.0,0.0,1.0,1.0,4.0,1.0,4.0,0.0,0.0,0.0,0.0,0.0,0.0,0.0,0.0,0.0,0.0,0.0,0.0,0.0,0.0,0.0,0.0,0.0,0.0,0.0,0.0,0.0,0.0,2.0,4.0,1.0,3.0,2.0,1.0,0.0,3.0,2.0,1.0,0.0,1.0,23.0,1.0,2.0,7.0,4.0,4.0,5.0,25.0,Cc1ccc(-c2cc(Br)ccc2OCc2ccc(C(F)(F)F)cc2F)n1-c1cccc(C(=O)O)c1
CHEMBL380046,Active,25.0,3.0,4.0,0.0,0.0,2.0,32.0,6.0,5.0,0.0,0.0,2.0,2.0,4.0,0.0,0.0,0.0,0.0,32.0,4.0,9.0,0.0,0.0,3.0,2.0,5.0,0.0,31.0,4.0,8.0,0.0,0.0,1.0,2.0,3.0,1.0,0.0,36.0,2.0,6.0,0.0,0.0,1.0,2.0,2.0,1.0,37.0,1.0,7.0,0.0,0.0,2.0,4.0,6.0,0.0,0.0,0.0,0.0,29.0,2.0,10.0,0.0,0.0,3.0,4.0,7.0,24.0,2.0,6.0,0.0,0.0,2.0,4.0,6.0,0.0,0.0,0.0,20.0,1.0,4.0,0.0,0.0,3.0,4.0,7.0,2.0,0.0,15.0,0.0,4.0,0.0,0.0,3.0,4.0,0.0,0.0,2.0,0.0,1.0,0.0,0.0,0.0,1.0,1.0,0.0,1.0,3.0,0.0,0.0,0.0,0.0,0.0,0.0,0.0,0.0,0.0,0.0,0.0,0.0,0.0,0.0,0.0,0.0,0.0,0.0,0.0,0.0,0.0,0.0,2.0,0.0,0.0,3.0,2.0,1.0,0.0,0.0,2.0,0.0,0.0,1.0,23.0,1.0,2.0,7.0,4.0,4.0,4.0,24.0,Cc1ccc(-c2cc(Br)ccc2OCc2ccccc2Cl)n1-c1cccc(C(=O)O)c1
CHEMBL377910,Active,25.0,3.0,6.0,0.0,3.0,4.0,33.0,6.0,7.0,0.0,0.0,0.0,2.0,2.0,0.0,3.0,3.0,3.0,34.0,4.0,11.0,0.0,3.0,0.0,2.0,5.0,0.0,33.0,4.0,9.0,0.0,6.0,0.0,2.0,8.0,1.0,0.0,37.0,2.0,7.0,0.0,6.0,0.0,7.0,2.0,1.0,38.0,1.0,7.0,0.0,3.0,0.0,4.0,7.0,0.0,0.0,0.0,0.0,29.0,2.0,12.0,0.0,3.0,0.0,4.0,7.0,25.0,2.0,8.0,0.0,0.0,0.0,4.0,4.0,0.0,3.0,3.0,22.0,1.0,7.0,0.0,3.0,0.0,4.0,7.0,2.0,0.0,18.0,0.0,6.0,0.0,6.0,0.0,7.0,0.0,0.0,2.0,0.0,1.0,0.0,0.0,0.0,1.0,1.0,3.0,1.0,4.0,0.0,0.0,0.0,0.0,0.0,0.0,0.0,0.0,0.0,0.0,0.0,0.0,0.0,0.0,0.0,0.0,0.0,0.0,0.0,0.0,0.0,0.0,3.0,3.0,0.0,4.0,2.0,1.0,0.0,3.0,2.0,0.0,0.0,1.0,23.0,1.0,2.0,9.0,4.0,4.0,6.0,25.0,Cc1ccc(-c2cc(Br)ccc2OCc2ccc(OC(F)(F)F)cc2)n1-c1cccc(C(=O)O)c1
CHEMBL404309,Inactive,14.0,5.0,3.0,2.0,0.0,1.0,21.0,5.0,4.0,1.0,0.0,2.0,0.0,2.0,0.0,0.0,0.0,0.0,17.0,7.0,6.0,3.0,0.0,2.0,0.0,2.0,2.0,18.0,6.0,4.0,3.0,0.0,1.0,0.0,1.0,1.0,2.0,17.0,5.0,3.0,3.0,0.0,3.0,3.0,2.0,0.0,16.0,2.0,5.0,2.0,0.0,1.0,0.0,1.0,1.0,1.0,0.0,0.0,9.0,2.0,8.0,2.0,0.0,3.0,0.0,3.0,6.0,0.0,7.0,0.0,0.0,3.0,0.0,3.0,0.0,0.0,0.0,2.0,0.0,4.0,0.0,0.0,0.0,0.0,0.0,2.0,2.0,0.0,0.0,4.0,0.0,0.0,0.0,0.0,0.0,0.0,0.0,1.0,0.0,0.0,0.0,0.0,2.0,0.0,0.0,0.0,5.0,0.0,3.0,1.0,0.0,3.0,0.0,0.0,0.0,0.0,0.0,0.0,0.0,0.0,0.0,0.0,0.0,0.0,0.0,0.0,0.0,0.0,0.0,1.0,0.0,0.0,3.0,0.0,2.0,0.0,0.0,2.0,0.0,1.0,3.0,14.0,3.0,4.0,10.0,3.0,3.0,3.0,15.0,CC(C)C(=O)c1cn(-c2nc(C(=O)[O-])cs2)c2cc(Cl)ccc12.[Na+]
CHEMBL233361,Inactive,25.0,5.0,3.0,0.0,0.0,1.0,31.0,9.0,4.0,0.0,0.0,2.0,0.0,2.0,1.0,0.0,0.0,0.0,33.0,6.0,6.0,0.0,0.0,2.0,0.0,2.0,0.0,34.0,4.0,6.0,0.0,0.0,2.0,0.0,2.0,1.0,0.0,37.0,5.0,6.0,0.0,0.0,1.0,1.0,0.0,1.0,36.0,6.0,4.0,0.0,0.0,4.0,0.0,4.0,1.0,0.0,0.0,0.0,33.0,4.0,4.0,0.0,0.0,4.0,0.0,4.0,28.0,4.0,5.0,0.0,0.0,4.0,0.0,4.0,0.0,0.0,0.0,22.0,3.0,3.0,0.0,0.0,3.0,0.0,3.0,0.0,0.0,18.0,1.0,3.0,0.0,0.0,2.0,2.0,0.0,0.0,0.0,0.0,1.0,0.0,0.0,0.0,2.0,0.0,0.0,0.0,4.0,0.0,1.0,0.0,0.0,0.0,0.0,0.0,0.0,0.0,0.0,0.0,0.0,0.0,0.0,0.0,0.0,0.0,1.0,0.0,0.0,1.0,0.0,1.0,0.0,0.0,2.0,1.0,2.0,0.0,0.0,0.0,0.0,0.0,1.0,23.0,1.0,0.0,8.0,6.0,6.0,5.0,25.0,CC(=O)Nc1cccc(-n2c(C)ccc2-c2cc(Cl)ccc2OCc2ccccc2)c1
CHEMBL1915254,Active,20.0,4.0,3.0,0.0,0.0,1.0,25.0,9.0,5.0,0.0,0.0,2.0,0.0,2.0,1.0,0.0,0.0,0.0,24.0,6.0,6.0,0.0,0.0,2.0,0.0,2.0,1.0,22.0,5.0,4.0,0.0,0.0,3.0,0.0,3.0,2.0,0.0,21.0,7.0,4.0,0.0,0.0,1.0,1.0,1.0,1.0,23.0,5.0,4.0,0.0,0.0,2.0,0.0,2.0,0.0,1.0,0.0,0.0,20.0,5.0,3.0,0.0,0.0,5.0,0.0,5.0,11.0,6.0,2.0,0.0,0.0,3.0,0.0,3.0,1.0,0.0,0.0,9.0,6.0,3.0,0.0,0.0,1.0,0.0,1.0,0.0,1.0,9.0,2.0,1.0,0.0,0.0,0.0,0.0,0.0,0.0,0.0,0.0,1.0,0.0,0.0,0.0,1.0,0.0,0.0,0.0,3.0,0.0,0.0,0.0,0.0,0.0,0.0,0.0,0.0,0.0,0.0,0.0,0.0,0.0,0.0,0.0,0.0,0.0,0.0,0.0,0.0,1.0,0.0,0.0,0.0,0.0,1.0,0.0,1.0,0.0,0.0,1.0,0.0,1.0,3.0,20.0,3.0,2.0,7.0,4.0,4.0,3.0,19.0,Cc1cc(C(N)=O)nn1Cc1cc(Cl)cc2cc(-c3ccccc3)oc12
CHEMBL382197,Inactive,28.0,3.0,4.0,2.0,0.0,0.0,35.0,4.0,5.0,4.0,0.0,0.0,0.0,0.0,1.0,0.0,0.0,0.0,35.0,2.0,7.0,1.0,0.0,0.0,0.0,0.0,0.0,31.0,2.0,9.0,1.0,0.0,0.0,0.0,0.0,0.0,0.0,30.0,2.0,7.0,0.0,0.0,0.0,0.0,1.0,0.0,26.0,3.0,9.0,2.0,0.0,0.0,0.0,0.0,0.0,0.0,0.0,0.0,25.0,3.0,7.0,3.0,0.0,0.0,0.0,0.0,27.0,2.0,6.0,1.0,0.0,0.0,0.0,0.0,0.0,0.0,0.0,23.0,2.0,9.0,1.0,0.0,0.0,0.0,0.0,0.0,0.0,20.0,2.0,9.0,1.0,0.0,0.0,0.0,0.0,0.0,0.0,2.0,8.0,4.0,4.0,1.0,0.0,2.0,0.0,2.0,12.0,0.0,9.0,0.0,0.0,7.0,0.0,0.0,5.0,4.0,3.0,2.0,1.0,1.0,1.0,2.0,1.0,1.0,4.0,8.0,2.0,3.0,3.0,2.0,0.0,0.0,4.0,0.0,0.0,7.0,0.0,1.0,0.0,0.0,1.0,17.0,2.0,2.0,9.0,15.0,15.0,10.0,21.0,O=C(O)c1ccc(CCCN2C(=O)CCC2CCC(O)Cc2cccc(-c3ccccc3)c2)s1
CHEMBL388242,Active,25.0,3.0,4.0,0.0,2.0,4.0,32.0,6.0,5.0,0.0,4.0,2.0,2.0,8.0,0.0,0.0,0.0,0.0,32.0,4.0,9.0,0.0,5.0,2.0,2.0,9.0,0.0,31.0,4.0,8.0,0.0,2.0,2.0,2.0,6.0,1.0,0.0,36.0,2.0,6.0,0.0,2.0,1.0,5.0,2.0,3.0,37.0,1.0,7.0,0.0,2.0,4.0,4.0,10.0,0.0,0.0,1.0,1.0,29.0,2.0,10.0,0.0,4.0,4.0,2.0,10.0,24.0,2.0,6.0,0.0,4.0,4.0,2.0,10.0,0.0,0.0,1.0,20.0,1.0,4.0,0.0,6.0,4.0,2.0,12.0,2.0,0.0,15.0,0.0,4.0,0.0,5.0,1.0,7.0,1.0,2.0,2.0,0.0,1.0,0.0,0.0,0.0,1.0,1.0,2.0,1.0,3.0,0.0,0.0,0.0,0.0,0.0,0.0,0.0,0.0,0.0,0.0,0.0,0.0,0.0,0.0,0.0,0.0,0.0,0.0,0.0,0.0,0.0,0.0,2.0,2.0,2.0,3.0,2.0,1.0,0.0,0.0,2.0,2.0,0.0,1.0,23.0,1.0,2.0,7.0,4.0,4.0,4.0,24.0,Cc1ccc(-c2cc(Cl)ccc2OCc2ccc(F)cc2F)n1-c1cc(Br)cc(C(=O)O)c1
CHEMBL480790,Active,26.0,7.0,3.0,0.0,0.0,1.0,31.0,13.0,4.0,0.0,0.0,2.0,0.0,2.0,1.0,0.0,0.0,0.0,29.0,10.0,7.0,0.0,0.0,2.0,0.0,2.0,1.0,25.0,9.0,6.0,0.0,0.0,2.0,0.0,2.0,2.0,0.0,29.0,11.0,6.0,0.0,0.0,0.0,0.0,1.0,1.0,33.0,8.0,5.0,0.0,0.0,2.0,0.0,2.0,0.0,1.0,0.0,0.0,29.0,10.0,4.0,0.0,0.0,4.0,0.0,4.0,23.0,10.0,2.0,0.0,0.0,3.0,0.0,3.0,1.0,0.0,0.0,23.0,7.0,4.0,0.0,0.0,2.0,0.0,2.0,0.0,1.0,24.0,4.0,4.0,0.0,0.0,2.0,2.0,0.0,0.0,0.0,0.0,4.0,0.0,0.0,0.0,2.0,0.0,0.0,0.0,7.0,0.0,1.0,0.0,0.0,0.0,0.0,0.0,0.0,0.0,0.0,0.0,0.0,0.0,0.0,0.0,0.0,0.0,1.0,1.0,0.0,3.0,1.0,1.0,0.0,0.0,2.0,1.0,2.0,0.0,0.0,1.0,0.0,1.0,2.0,23.0,2.0,2.0,10.0,11.0,11.0,11.0,25.0,CCNCc1ccc(NC(=O)c2cc(C)n(Cc3cc(Cl)ccc3OCc3ccccc3)n2)cc1.Cl
CHEMBL234728,Active,25.0,5.0,7.0,0.0,0.0,1.0,34.0,8.0,5.0,0.0,0.0,2.0,0.0,2.0,2.0,0.0,0.0,0.0,34.0,7.0,12.0,0.0,0.0,2.0,0.0,2.0,0.0,34.0,6.0,12.0,0.0,0.0,2.0,0.0,2.0,1.0,0.0,40.0,5.0,10.0,0.0,0.0,1.0,1.0,4.0,1.0,41.0,5.0,13.0,0.0,0.0,4.0,0.0,4.0,2.0,0.0,0.0,0.0,35.0,5.0,14.0,0.0,0.0,4.0,0.0,4.0,28.0,4.0,16.0,0.0,0.0,4.0,0.0,4.0,0.0,0.0,0.0,26.0,3.0,9.0,0.0,0.0,4.0,0.0,4.0,2.0,0.0,19.0,1.0,8.0,0.0,0.0,2.0,2.0,0.0,2.0,2.0,0.0,1.0,0.0,0.0,0.0,2.0,1.0,0.0,1.0,5.0,0.0,0.0,0.0,0.0,0.0,0.0,0.0,0.0,0.0,0.0,0.0,0.0,0.0,0.0,0.0,0.0,0.0,0.0,0.0,0.0,1.0,0.0,4.0,0.0,0.0,5.0,2.0,1.0,0.0,0.0,2.0,0.0,0.0,1.0,23.0,1.0,2.0,12.0,7.0,7.0,7.0,26.0,COC(=O)Nc1cc(C(=O)O)cc(-n2c(C)ccc2-c2cc(Cl)ccc2OCc2ccccc2)c1
CHEMBL390660,Active,27.0,5.0,4.0,1.0,0.0,1.0,34.0,10.0,7.0,3.0,0.0,2.0,0.0,2.0,2.0,0.0,0.0,0.0,36.0,6.0,15.0,2.0,0.0,2.0,0.0,2.0,0.0,37.0,6.0,12.0,2.0,0.0,2.0,0.0,2.0,1.0,0.0,42.0,5.0,10.0,2.0,0.0,1.0,1.0,4.0,1.0,43.0,7.0,13.0,2.0,0.0,4.0,0.0,4.0,2.0,0.0,0.0,0.0,37.0,4.0,18.0,4.0,0.0,4.0,0.0,4.0,34.0,4.0,14.0,2.0,0.0,4.0,0.0,4.0,0.0,0.0,0.0,26.0,3.0,9.0,2.0,0.0,4.0,0.0,4.0,2.0,0.0,21.0,1.0,10.0,2.0,0.0,2.0,2.0,0.0,2.0,2.0,0.0,4.0,0.0,2.0,1.0,1.0,1.0,0.0,1.0,6.0,0.0,2.0,0.0,0.0,1.0,0.0,0.0,0.0,0.0,0.0,0.0,0.0,0.0,0.0,0.0,0.0,0.0,1.0,0.0,0.0,1.0,0.0,2.0,0.0,0.0,5.0,2.0,1.0,1.0,0.0,2.0,0.0,0.0,1.0,23.0,3.0,2.0,10.0,8.0,8.0,5.0,26.0,Cc1ccc(-c2cc(Cl)ccc2OCc2ccccc2)n1-c1cc(C(=O)O)cc(N2CCCS2(=O)=O)c1
CHEMBL388243,Active,26.0,3.0,4.0,0.0,5.0,6.0,34.0,6.0,5.0,0.0,7.0,0.0,2.0,9.0,0.0,3.0,3.0,3.0,34.0,4.0,9.0,0.0,11.0,0.0,2.0,13.0,0.0,33.0,5.0,8.0,0.0,8.0,0.0,2.0,10.0,1.0,0.0,38.0,2.0,8.0,0.0,8.0,0.0,9.0,2.0,1.0,41.0,1.0,7.0,0.0,8.0,0.0,4.0,12.0,0.0,0.0,7.0,7.0,31.0,2.0,10.0,0.0,16.0,0.0,4.0,20.0,26.0,2.0,7.0,0.0,10.0,0.0,4.0,14.0,0.0,0.0,0.0,22.0,1.0,4.0,0.0,12.0,0.0,5.0,17.0,2.0,3.0,16.0,0.0,4.0,0.0,11.0,0.0,12.0,1.0,0.0,2.0,0.0,1.0,0.0,0.0,0.0,1.0,1.0,5.0,1.0,4.0,0.0,0.0,0.0,0.0,0.0,0.0,0.0,0.0,0.0,0.0,0.0,0.0,0.0,0.0,0.0,0.0,0.0,0.0,0.0,0.0,0.0,0.0,2.0,5.0,2.0,3.0,2.0,1.0,0.0,3.0,2.0,2.0,0.0,1.0,23.0,1.0,2.0,7.0,4.0,4.0,5.0,25.0,Cc1ccc(-c2cc(Br)ccc2OCc2ccc(F)cc2F)n1-c1cc(C(=O)O)cc(C(F)(F)F)c1
CHEMBL386532,Inactive,22.0,3.0,4.0,0.0,0.0,1.0,29.0,8.0,5.0,0.0,0.0,0.0,2.0,2.0,0.0,0.0,0.0,0.0,27.0,5.0,7.0,0.0,0.0,0.0,2.0,2.0,2.0,23.0,4.0,5.0,0.0,0.0,0.0,2.0,2.0,3.0,0.0,23.0,4.0,6.0,0.0,0.0,0.0,0.0,1.0,1.0,25.0,3.0,6.0,0.0,0.0,0.0,2.0,2.0,0.0,1.0,0.0,0.0,20.0,3.0,8.0,0.0,0.0,0.0,4.0,4.0,17.0,4.0,4.0,0.0,0.0,0.0,3.0,3.0,2.0,0.0,0.0,19.0,3.0,4.0,0.0,0.0,0.0,2.0,2.0,0.0,2.0,19.0,2.0,2.0,0.0,0.0,0.0,1.0,0.0,0.0,0.0,0.0,2.0,0.0,0.0,0.0,4.0,1.0,0.0,1.0,8.0,0.0,3.0,1.0,0.0,3.0,0.0,0.0,0.0,0.0,0.0,0.0,0.0,0.0,0.0,0.0,0.0,0.0,0.0,0.0,0.0,0.0,0.0,2.0,0.0,0.0,3.0,1.0,4.0,0.0,0.0,1.0,0.0,1.0,2.0,17.0,2.0,2.0,7.0,9.0,9.0,7.0,18.0,Cc1cc(C(=O)O)nn1Cc1cc(Br)ccc1OCc1ccc(C(C)(C)C)cc1
CHEMBL523679,Active,23.0,8.0,5.0,0.0,0.0,1.0,29.0,14.0,6.0,0.0,0.0,2.0,0.0,2.0,1.0,0.0,0.0,0.0,28.0,10.0,7.0,0.0,0.0,2.0,0.0,2.0,2.0,27.0,9.0,5.0,0.0,0.0,2.0,0.0,2.0,2.0,0.0,31.0,11.0,6.0,0.0,0.0,0.0,0.0,1.0,1.0,31.0,8.0,7.0,0.0,0.0,2.0,0.0,2.0,0.0,1.0,0.0,0.0,22.0,11.0,6.0,0.0,0.0,4.0,0.0,4.0,19.0,9.0,3.0,0.0,0.0,3.0,0.0,3.0,1.0,0.0,0.0,22.0,4.0,5.0,0.0,0.0,0.0,0.0,0.0,0.0,1.0,19.0,4.0,6.0,0.0,0.0,1.0,1.0,0.0,0.0,0.0,1.0,7.0,1.0,2.0,0.0,3.0,0.0,0.0,0.0,12.0,0.0,5.0,1.0,0.0,3.0,0.0,0.0,0.0,0.0,0.0,0.0,0.0,0.0,0.0,0.0,0.0,2.0,2.0,4.0,3.0,4.0,3.0,3.0,0.0,0.0,3.0,0.0,3.0,0.0,0.0,1.0,0.0,1.0,2.0,17.0,4.0,2.0,13.0,17.0,17.0,10.0,20.0,Cc1cc(C(=O)Nc2ccc(CN3CCOCC3)cc2)nn1Cc1cc(Cl)ccc1OCC(C)C.Cl
CHEMBL460168,Inactive,28.0,0.0,4.0,0.0,0.0,1.0,37.0,0.0,5.0,0.0,0.0,2.0,0.0,2.0,0.0,0.0,0.0,0.0,36.0,0.0,9.0,0.0,0.0,2.0,0.0,2.0,0.0,34.0,0.0,9.0,0.0,0.0,1.0,0.0,1.0,0.0,0.0,38.0,0.0,8.0,0.0,0.0,2.0,2.0,0.0,0.0,38.0,0.0,7.0,0.0,0.0,3.0,0.0,3.0,0.0,0.0,0.0,0.0,33.0,0.0,8.0,0.0,0.0,5.0,0.0,5.0,26.0,0.0,8.0,0.0,0.0,5.0,0.0,5.0,0.0,0.0,0.0,21.0,0.0,4.0,0.0,0.0,3.0,0.0,3.0,2.0,0.0,15.0,0.0,4.0,0.0,0.0,2.0,2.0,0.0,0.0,0.0,0.0,1.0,0.0,0.0,0.0,0.0,1.0,0.0,1.0,2.0,0.0,0.0,0.0,0.0,0.0,0.0,0.0,0.0,0.0,0.0,0.0,0.0,0.0,0.0,0.0,0.0,0.0,0.0,0.0,0.0,0.0,0.0,2.0,0.0,0.0,3.0,2.0,0.0,0.0,0.0,2.0,0.0,0.0,0.0,24.0,0.0,2.0,4.0,3.0,3.0,4.0,25.0,O=C(O)c1cccc(-c2ccccc2-c2ccc(Cl)cc2OCc2ccccc2)c1
CHEMBL456496,Active,30.0,2.0,5.0,0.0,0.0,1.0,39.0,3.0,6.0,0.0,0.0,2.0,0.0,2.0,1.0,0.0,0.0,0.0,39.0,3.0,11.0,0.0,0.0,2.0,0.0,2.0,0.0,39.0,3.0,11.0,0.0,0.0,2.0,0.0,2.0,0.0,0.0,45.0,2.0,10.0,0.0,0.0,2.0,2.0,2.0,1.0,45.0,3.0,12.0,0.0,0.0,4.0,0.0,4.0,0.0,0.0,0.0,0.0,41.0,3.0,12.0,0.0,0.0,4.0,0.0,4.0,34.0,2.0,13.0,0.0,0.0,4.0,0.0,4.0,0.0,0.0,0.0,29.0,2.0,8.0,0.0,0.0,4.0,0.0,4.0,2.0,0.0,22.0,1.0,7.0,0.0,0.0,2.0,2.0,0.0,2.0,2.0,0.0,2.0,0.0,0.0,0.0,1.0,1.0,0.0,1.0,5.0,0.0,2.0,0.0,0.0,1.0,0.0,0.0,0.0,0.0,0.0,0.0,0.0,0.0,0.0,0.0,0.0,0.0,1.0,0.0,0.0,1.0,0.0,2.0,0.0,0.0,4.0,2.0,1.0,1.0,0.0,2.0,0.0,0.0,0.0,24.0,0.0,2.0,7.0,7.0,7.0,7.0,27.0,CCC(=O)Nc1cc(C(=O)O)cc(-c2ccccc2-c2cc(Cl)ccc2OCc2ccccc2)c1
CHEMBL377034,Inactive,25.0,3.0,6.0,0.0,0.0,1.0,33.0,6.0,7.0,0.0,0.0,0.0,2.0,2.0,0.0,0.0,0.0,0.0,34.0,4.0,11.0,0.0,0.0,0.0,2.0,2.0,0.0,33.0,4.0,9.0,0.0,0.0,0.0,2.0,2.0,1.0,0.0,37.0,2.0,7.0,0.0,0.0,0.0,1.0,2.0,1.0,38.0,1.0,7.0,0.0,0.0,0.0,4.0,4.0,0.0,0.0,0.0,0.0,29.0,2.0,12.0,0.0,0.0,0.0,4.0,4.0,25.0,2.0,8.0,0.0,0.0,0.0,4.0,4.0,0.0,0.0,0.0,22.0,1.0,7.0,0.0,0.0,0.0,4.0,4.0,2.0,0.0,18.0,0.0,6.0,0.0,0.0,0.0,1.0,0.0,0.0,2.0,0.0,1.0,0.0,0.0,0.0,2.0,1.0,0.0,1.0,4.0,0.0,0.0,0.0,0.0,0.0,0.0,0.0,0.0,0.0,0.0,0.0,0.0,0.0,0.0,0.0,0.0,0.0,0.0,0.0,0.0,0.0,0.0,3.0,0.0,0.0,4.0,2.0,1.0,0.0,0.0,2.0,0.0,0.0,1.0,23.0,1.0,2.0,9.0,5.0,5.0,5.0,24.0,COc1ccc(COc2ccc(Br)cc2-c2ccc(C)n2-c2cccc(C(=O)O)c2)cc1
CHEMBL378641,Active,25.0,3.0,4.0,0.0,2.0,3.0,32.0,6.0,5.0,0.0,4.0,0.0,2.0,6.0,0.0,0.0,0.0,0.0,32.0,4.0,9.0,0.0,5.0,0.0,2.0,7.0,0.0,31.0,4.0,8.0,0.0,3.0,0.0,2.0,5.0,1.0,0.0,36.0,2.0,6.0,0.0,1.0,0.0,2.0,2.0,2.0,37.0,1.0,7.0,0.0,3.0,0.0,4.0,7.0,0.0,0.0,0.0,0.0,29.0,2.0,10.0,0.0,5.0,0.0,4.0,9.0,24.0,2.0,6.0,0.0,5.0,0.0,4.0,9.0,0.0,0.0,0.0,20.0,1.0,4.0,0.0,5.0,0.0,4.0,9.0,2.0,0.0,15.0,0.0,4.0,0.0,6.0,0.0,7.0,0.0,0.0,2.0,0.0,1.0,0.0,0.0,0.0,1.0,1.0,2.0,1.0,3.0,0.0,0.0,0.0,0.0,0.0,0.0,0.0,0.0,0.0,0.0,0.0,0.0,0.0,0.0,0.0,0.0,0.0,0.0,0.0,0.0,0.0,0.0,2.0,2.0,2.0,3.0,2.0,1.0,0.0,0.0,2.0,2.0,0.0,1.0,23.0,1.0,2.0,7.0,4.0,4.0,4.0,24.0,Cc1ccc(-c2cc(Br)ccc2OCc2cccc(F)c2F)n1-c1cccc(C(=O)O)c1
CHEMBL176692,Inactive,23.0,0.0,5.0,2.0,0.0,0.0,27.0,0.0,8.0,3.0,0.0,0.0,0.0,0.0,0.0,0.0,0.0,0.0,24.0,0.0,9.0,3.0,0.0,0.0,0.0,0.0,0.0,21.0,0.0,8.0,3.0,0.0,0.0,0.0,0.0,0.0,0.0,21.0,0.0,10.0,1.0,0.0,0.0,0.0,0.0,0.0,19.0,0.0,11.0,2.0,0.0,0.0,0.0,0.0,0.0,0.0,0.0,0.0,17.0,0.0,8.0,3.0,0.0,0.0,0.0,0.0,19.0,0.0,6.0,1.0,0.0,0.0,0.0,0.0,0.0,0.0,0.0,19.0,0.0,10.0,1.0,0.0,0.0,0.0,0.0,0.0,0.0,16.0,0.0,12.0,1.0,0.0,0.0,0.0,0.0,0.0,0.0,5.0,10.0,6.0,6.0,4.0,1.0,4.0,0.0,4.0,17.0,2.0,16.0,2.0,0.0,18.0,8.0,10.0,21.0,20.0,20.0,19.0,17.0,12.0,11.0,0.0,10.0,8.0,0.0,0.0,7.0,0.0,0.0,4.0,0.0,0.0,5.0,0.0,1.0,9.0,0.0,0.0,0.0,0.0,0.0,6.0,0.0,0.0,7.0,22.0,22.0,13.0,12.0,Cc1cccc(SCC(O)CCC2C(O)CC(O)C2CCCCCCC(=O)O)c1
CHEMBL258199,Active,20.0,5.0,5.0,0.0,0.0,1.0,25.0,8.0,6.0,0.0,0.0,2.0,0.0,2.0,2.0,0.0,0.0,0.0,22.0,7.0,8.0,0.0,0.0,2.0,0.0,2.0,0.0,16.0,10.0,8.0,0.0,0.0,2.0,0.0,2.0,3.0,0.0,24.0,6.0,4.0,0.0,0.0,0.0,0.0,3.0,1.0,25.0,9.0,7.0,0.0,0.0,2.0,0.0,2.0,0.0,1.0,0.0,0.0,24.0,8.0,2.0,0.0,0.0,4.0,0.0,4.0,19.0,6.0,5.0,0.0,0.0,2.0,0.0,2.0,0.0,0.0,0.0,16.0,4.0,4.0,0.0,0.0,3.0,0.0,3.0,2.0,0.0,16.0,3.0,5.0,0.0,0.0,1.0,1.0,0.0,2.0,2.0,0.0,2.0,0.0,0.0,0.0,4.0,0.0,0.0,0.0,8.0,0.0,3.0,1.0,0.0,3.0,0.0,0.0,0.0,0.0,0.0,0.0,0.0,0.0,0.0,0.0,0.0,0.0,0.0,0.0,3.0,1.0,0.0,3.0,0.0,0.0,3.0,1.0,4.0,0.0,0.0,0.0,0.0,1.0,2.0,17.0,2.0,0.0,10.0,10.0,10.0,9.0,19.0,Cc1cc(NC(=O)OC(C)(C)C)nn1Cc1cc(Cl)ccc1OCc1ccccc1
CHEMBL210268,Inactive,26.0,2.0,4.0,0.0,0.0,1.0,35.0,2.0,5.0,0.0,0.0,2.0,0.0,2.0,0.0,0.0,0.0,0.0,34.0,2.0,9.0,0.0,0.0,2.0,0.0,2.0,0.0,31.0,3.0,9.0,0.0,0.0,2.0,0.0,2.0,0.0,0.0,34.0,4.0,8.0,0.0,0.0,2.0,2.0,0.0,1.0,34.0,4.0,6.0,0.0,0.0,4.0,0.0,4.0,1.0,0.0,0.0,0.0,31.0,2.0,6.0,0.0,0.0,3.0,0.0,3.0,25.0,1.0,8.0,0.0,0.0,4.0,0.0,4.0,0.0,0.0,0.0,19.0,2.0,4.0,0.0,0.0,4.0,0.0,4.0,2.0,0.0,13.0,2.0,4.0,0.0,0.0,1.0,1.0,0.0,2.0,2.0,0.0,1.0,0.0,0.0,0.0,0.0,1.0,0.0,1.0,2.0,0.0,0.0,0.0,0.0,0.0,0.0,0.0,0.0,0.0,0.0,0.0,0.0,0.0,0.0,0.0,0.0,0.0,0.0,0.0,0.0,0.0,0.0,2.0,0.0,0.0,3.0,2.0,0.0,0.0,0.0,2.0,0.0,1.0,1.0,24.0,1.0,2.0,6.0,3.0,3.0,4.0,24.0,O=C(O)c1cccc(-c2cnccc2-c2cc(Cl)ccc2OCc2ccccc2)c1
CHEMBL207293,Inactive,22.0,5.0,4.0,0.0,0.0,1.0,30.0,5.0,5.0,0.0,0.0,2.0,0.0,2.0,0.0,0.0,0.0,0.0,27.0,6.0,9.0,0.0,0.0,2.0,0.0,2.0,0.0,24.0,8.0,8.0,0.0,0.0,2.0,0.0,2.0,1.0,0.0,28.0,6.0,5.0,0.0,0.0,1.0,1.0,3.0,1.0,29.0,5.0,6.0,0.0,0.0,3.0,0.0,3.0,0.0,1.0,0.0,0.0,26.0,3.0,6.0,0.0,0.0,3.0,0.0,3.0,21.0,4.0,6.0,0.0,0.0,4.0,0.0,4.0,0.0,0.0,0.0,16.0,3.0,4.0,0.0,0.0,4.0,0.0,4.0,2.0,0.0,12.0,1.0,4.0,0.0,0.0,1.0,1.0,0.0,2.0,2.0,0.0,1.0,0.0,0.0,0.0,0.0,1.0,0.0,1.0,2.0,0.0,0.0,0.0,0.0,0.0,0.0,0.0,0.0,0.0,0.0,0.0,0.0,0.0,0.0,0.0,0.0,0.0,0.0,0.0,0.0,0.0,0.0,2.0,0.0,0.0,3.0,2.0,0.0,0.0,0.0,2.0,0.0,1.0,2.0,23.0,2.0,2.0,9.0,3.0,3.0,4.0,23.0,O=C(O)c1cccc(-n2cncc2-c2cc(Cl)ccc2OCc2ccccc2)c1
CHEMBL233359,Inactive,26.0,6.0,3.0,0.0,2.0,3.0,33.0,10.0,5.0,0.0,4.0,0.0,2.0,6.0,1.0,0.0,0.0,0.0,34.0,9.0,6.0,0.0,5.0,0.0,2.0,7.0,0.0,34.0,8.0,6.0,0.0,2.0,0.0,2.0,4.0,1.0,0.0,40.0,4.0,6.0,0.0,2.0,0.0,3.0,0.0,1.0,40.0,6.0,4.0,0.0,2.0,0.0,4.0,6.0,1.0,0.0,1.0,1.0,32.0,11.0,4.0,0.0,4.0,0.0,4.0,8.0,30.0,6.0,6.0,0.0,4.0,0.0,4.0,8.0,0.0,0.0,0.0,26.0,5.0,2.0,0.0,6.0,0.0,4.0,10.0,0.0,0.0,19.0,4.0,3.0,0.0,5.0,0.0,6.0,3.0,0.0,0.0,0.0,1.0,0.0,0.0,0.0,2.0,0.0,2.0,0.0,3.0,0.0,0.0,0.0,0.0,0.0,0.0,0.0,0.0,0.0,0.0,0.0,0.0,0.0,0.0,0.0,0.0,0.0,0.0,0.0,0.0,0.0,0.0,1.0,2.0,2.0,1.0,1.0,2.0,0.0,0.0,0.0,2.0,2.0,4.0,28.0,4.0,0.0,9.0,4.0,4.0,3.0,25.0,Cc1nc(-c2cccc(-n3c(C)ccc3-c3cc(Br)ccc3OCc3ccc(F)cc3F)c2)no1
CHEMBL392047,Inactive,25.0,5.0,2.0,0.0,0.0,1.0,32.0,11.0,3.0,0.0,0.0,2.0,0.0,2.0,0.0,0.0,0.0,0.0,32.0,8.0,5.0,0.0,0.0,2.0,0.0,2.0,0.0,31.0,7.0,4.0,0.0,0.0,2.0,0.0,2.0,1.0,0.0,36.0,2.0,4.0,0.0,0.0,1.0,1.0,0.0,1.0,37.0,5.0,3.0,0.0,0.0,4.0,0.0,4.0,0.0,0.0,0.0,0.0,29.0,10.0,2.0,0.0,0.0,4.0,0.0,4.0,24.0,6.0,2.0,0.0,0.0,4.0,0.0,4.0,0.0,0.0,0.0,20.0,5.0,0.0,0.0,0.0,4.0,0.0,4.0,0.0,0.0,15.0,4.0,0.0,0.0,0.0,1.0,1.0,2.0,0.0,0.0,0.0,1.0,0.0,0.0,0.0,1.0,0.0,0.0,0.0,2.0,0.0,0.0,0.0,0.0,0.0,0.0,0.0,0.0,0.0,0.0,0.0,0.0,0.0,0.0,0.0,0.0,0.0,0.0,0.0,0.0,0.0,0.0,1.0,0.0,0.0,1.0,1.0,1.0,0.0,0.0,0.0,0.0,1.0,3.0,26.0,3.0,0.0,7.0,5.0,5.0,3.0,25.0,Cc1ccc(-c2cc(Cl)ccc2OCc2ccccc2)n1-c1ccc2[nH]ncc2c1
CHEMBL231722,Active,25.0,5.0,3.0,0.0,2.0,3.0,33.0,7.0,4.0,0.0,4.0,0.0,2.0,6.0,1.0,0.0,0.0,0.0,33.0,6.0,8.0,0.0,5.0,0.0,2.0,7.0,0.0,33.0,6.0,6.0,0.0,2.0,0.0,2.0,4.0,1.0,0.0,38.0,3.0,5.0,0.0,2.0,0.0,3.0,1.0,1.0,38.0,4.0,5.0,0.0,2.0,0.0,4.0,6.0,0.0,0.0,1.0,1.0,31.0,6.0,6.0,0.0,4.0,0.0,4.0,8.0,28.0,4.0,4.0,0.0,4.0,0.0,4.0,8.0,0.0,0.0,0.0,22.0,3.0,2.0,0.0,6.0,0.0,4.0,10.0,1.0,0.0,17.0,2.0,3.0,0.0,5.0,0.0,6.0,2.0,0.0,1.0,0.0,1.0,0.0,0.0,0.0,2.0,0.0,2.0,0.0,4.0,0.0,0.0,0.0,0.0,0.0,0.0,0.0,0.0,0.0,0.0,0.0,0.0,0.0,0.0,0.0,0.0,0.0,0.0,0.0,0.0,2.0,1.0,1.0,2.0,2.0,2.0,1.0,1.0,0.0,0.0,2.0,2.0,0.0,1.0,23.0,1.0,2.0,8.0,5.0,5.0,5.0,25.0,CNC(=O)c1cccc(-n2c(C)ccc2-c2cc(Br)ccc2OCc2ccc(F)cc2F)c1
CHEMBL234174,Inactive,27.0,6.0,3.0,0.0,2.0,3.0,35.0,9.0,4.0,0.0,4.0,0.0,2.0,6.0,1.0,0.0,0.0,0.0,38.0,6.0,9.0,0.0,5.0,0.0,2.0,7.0,0.0,38.0,5.0,8.0,0.0,2.0,0.0,2.0,4.0,1.0,0.0,42.0,4.0,5.0,0.0,2.0,0.0,3.0,0.0,1.0,41.0,1.0,3.0,0.0,2.0,0.0,4.0,6.0,1.0,0.0,1.0,1.0,33.0,6.0,4.0,0.0,4.0,0.0,4.0,8.0,28.0,8.0,5.0,0.0,4.0,0.0,4.0,8.0,0.0,0.0,0.0,32.0,3.0,3.0,0.0,6.0,0.0,3.0,9.0,0.0,0.0,28.0,2.0,2.0,0.0,5.0,0.0,7.0,1.0,0.0,0.0,0.0,3.0,0.0,0.0,0.0,3.0,0.0,2.0,0.0,7.0,0.0,2.0,0.0,0.0,0.0,0.0,0.0,0.0,0.0,0.0,0.0,0.0,0.0,0.0,0.0,0.0,0.0,2.0,4.0,0.0,3.0,3.0,1.0,2.0,2.0,2.0,1.0,3.0,0.0,0.0,2.0,2.0,0.0,1.0,23.0,1.0,2.0,9.0,7.0,7.0,7.0,25.0,CCN(CC)C(=O)c1ccc(-n2c(C)ccc2-c2cc(Br)ccc2OCc2ccc(F)cc2F)cc1
CHEMBL232734,Inactive,24.0,3.0,2.0,2.0,0.0,1.0,31.0,6.0,7.0,2.0,0.0,0.0,2.0,2.0,0.0,0.0,0.0,0.0,32.0,4.0,9.0,2.0,0.0,0.0,2.0,2.0,0.0,32.0,3.0,8.0,1.0,0.0,0.0,2.0,2.0,1.0,0.0,35.0,3.0,6.0,2.0,0.0,0.0,1.0,2.0,1.0,35.0,1.0,7.0,4.0,0.0,0.0,4.0,4.0,0.0,0.0,0.0,0.0,31.0,2.0,10.0,2.0,0.0,0.0,4.0,4.0,24.0,2.0,5.0,2.0,0.0,0.0,4.0,4.0,0.0,0.0,0.0,20.0,1.0,5.0,2.0,0.0,0.0,3.0,3.0,2.0,0.0,16.0,0.0,4.0,1.0,0.0,0.0,2.0,0.0,0.0,2.0,0.0,1.0,0.0,0.0,0.0,2.0,0.0,0.0,0.0,3.0,0.0,0.0,0.0,0.0,0.0,0.0,0.0,0.0,0.0,0.0,0.0,0.0,0.0,0.0,0.0,0.0,0.0,0.0,0.0,0.0,0.0,0.0,1.0,0.0,0.0,3.0,1.0,1.0,0.0,0.0,0.0,0.0,0.0,1.0,23.0,1.0,4.0,7.0,4.0,4.0,4.0,24.0,Cc1ccc(-c2cc(Br)ccc2OCc2ccccc2)n1-c1cccc(S(C)(=O)=O)c1
CHEMBL232341,Active,31.0,4.0,3.0,1.0,0.0,0.0,38.0,8.0,6.0,3.0,0.0,0.0,0.0,0.0,3.0,0.0,0.0,0.0,36.0,8.0,13.0,3.0,0.0,0.0,0.0,0.0,0.0,34.0,8.0,13.0,3.0,0.0,0.0,0.0,0.0,1.0,0.0,42.0,4.0,13.0,2.0,0.0,0.0,0.0,1.0,0.0,46.0,3.0,11.0,1.0,0.0,0.0,0.0,0.0,0.0,0.0,0.0,0.0,39.0,7.0,9.0,2.0,0.0,0.0,0.0,0.0,34.0,6.0,8.0,4.0,0.0,0.0,0.0,0.0,0.0,0.0,0.0,32.0,5.0,10.0,2.0,0.0,0.0,0.0,0.0,1.0,0.0,30.0,3.0,6.0,2.0,0.0,0.0,0.0,0.0,0.0,0.0,0.0,1.0,0.0,0.0,0.0,1.0,0.0,0.0,0.0,3.0,0.0,0.0,0.0,0.0,0.0,0.0,0.0,0.0,0.0,0.0,0.0,0.0,0.0,0.0,0.0,0.0,0.0,0.0,0.0,0.0,1.0,0.0,1.0,0.0,0.0,4.0,1.0,1.0,0.0,0.0,2.0,0.0,0.0,1.0,29.0,1.0,6.0,8.0,5.0,5.0,7.0,32.0,Cc1ccc(-c2ccccc2OCc2ccccc2)n1-c1cccc(C(=O)NS(=O)(=O)c2ccccc2)c1
CHEMBL391286,Active,25.0,4.0,3.0,1.0,2.0,3.0,32.0,8.0,6.0,1.0,4.0,0.0,2.0,6.0,3.0,0.0,0.0,0.0,33.0,6.0,9.0,1.0,5.0,0.0,2.0,7.0,0.0,32.0,6.0,9.0,2.0,2.0,0.0,2.0,4.0,1.0,0.0,38.0,3.0,9.0,2.0,2.0,0.0,3.0,1.0,1.0,39.0,3.0,9.0,1.0,2.0,0.0,4.0,6.0,0.0,0.0,1.0,1.0,30.0,7.0,8.0,2.0,4.0,0.0,4.0,8.0,26.0,4.0,8.0,4.0,4.0,0.0,4.0,8.0,0.0,0.0,0.0,24.0,3.0,10.0,2.0,6.0,0.0,4.0,10.0,1.0,0.0,17.0,2.0,6.0,2.0,5.0,0.0,6.0,2.0,0.0,1.0,0.0,1.0,0.0,0.0,0.0,2.0,0.0,2.0,0.0,4.0,0.0,0.0,0.0,0.0,0.0,0.0,0.0,0.0,0.0,0.0,0.0,0.0,0.0,0.0,0.0,0.0,0.0,0.0,0.0,0.0,1.0,0.0,1.0,2.0,2.0,4.0,1.0,1.0,0.0,0.0,2.0,2.0,0.0,1.0,23.0,1.0,2.0,8.0,6.0,6.0,6.0,26.0,Cc1ccc(-c2cc(Br)ccc2OCc2ccc(F)cc2F)n1-c1cccc(C(=O)NS(C)(=O)=O)c1
CHEMBL378226,Active,26.0,3.0,4.0,0.0,3.0,3.0,34.0,6.0,5.0,0.0,3.0,0.0,0.0,3.0,0.0,3.0,3.0,3.0,34.0,4.0,9.0,0.0,6.0,0.0,0.0,6.0,0.0,33.0,4.0,8.0,0.0,6.0,0.0,0.0,6.0,1.0,0.0,37.0,3.0,7.0,0.0,6.0,0.0,6.0,2.0,0.0,41.0,1.0,7.0,0.0,3.0,0.0,0.0,3.0,0.0,3.0,3.0,3.0,33.0,2.0,10.0,0.0,12.0,0.0,0.0,12.0,28.0,2.0,6.0,0.0,12.0,0.0,0.0,12.0,0.0,0.0,0.0,24.0,1.0,4.0,0.0,12.0,0.0,0.0,12.0,2.0,0.0,16.0,0.0,6.0,0.0,12.0,0.0,12.0,0.0,0.0,0.0,1.0,6.0,3.0,4.0,3.0,1.0,1.0,3.0,1.0,10.0,1.0,7.0,1.0,0.0,8.0,2.0,1.0,8.0,8.0,3.0,1.0,0.0,2.0,2.0,0.0,2.0,2.0,0.0,0.0,1.0,0.0,0.0,2.0,3.0,0.0,3.0,1.0,1.0,5.0,3.0,2.0,0.0,0.0,1.0,17.0,1.0,2.0,7.0,10.0,10.0,5.0,20.0,Cc1ccc(-c2cc(C(F)(F)F)ccc2OCC2CCCCC2)n1-c1cccc(C(=O)O)c1
CHEMBL402604,Inactive,18.0,5.0,3.0,0.0,0.0,1.0,21.0,9.0,4.0,0.0,0.0,2.0,0.0,2.0,1.0,0.0,0.0,0.0,20.0,6.0,6.0,0.0,0.0,2.0,0.0,2.0,0.0,16.0,8.0,4.0,0.0,0.0,2.0,0.0,2.0,2.0,0.0,21.0,6.0,3.0,0.0,0.0,0.0,0.0,2.0,1.0,23.0,5.0,5.0,0.0,0.0,2.0,0.0,2.0,0.0,1.0,0.0,0.0,20.0,5.0,1.0,0.0,0.0,4.0,0.0,4.0,14.0,6.0,3.0,0.0,0.0,2.0,0.0,2.0,0.0,0.0,0.0,13.0,4.0,3.0,0.0,0.0,3.0,0.0,3.0,1.0,0.0,10.0,3.0,2.0,0.0,0.0,2.0,2.0,0.0,1.0,1.0,0.0,2.0,0.0,0.0,0.0,2.0,0.0,0.0,0.0,5.0,0.0,1.0,0.0,0.0,0.0,0.0,0.0,0.0,0.0,0.0,0.0,0.0,0.0,0.0,0.0,0.0,0.0,1.0,0.0,0.0,1.0,0.0,1.0,0.0,0.0,2.0,1.0,2.0,0.0,0.0,0.0,0.0,1.0,2.0,17.0,2.0,0.0,8.0,8.0,8.0,7.0,18.0,CC(=O)Nc1cc(C)n(Cc2cc(Cl)ccc2OCc2ccccc2)n1
CHEMBL257135,Inactive,14.0,5.0,2.0,2.0,1.0,1.0,21.0,5.0,2.0,1.0,2.0,0.0,0.0,2.0,0.0,0.0,0.0,0.0,17.0,7.0,2.0,3.0,2.0,0.0,0.0,2.0,2.0,18.0,6.0,2.0,3.0,1.0,0.0,0.0,1.0,0.0,2.0,17.0,5.0,0.0,3.0,3.0,0.0,3.0,2.0,0.0,16.0,2.0,4.0,2.0,1.0,0.0,0.0,1.0,0.0,1.0,0.0,0.0,9.0,2.0,6.0,2.0,3.0,0.0,0.0,3.0,6.0,0.0,6.0,0.0,3.0,0.0,0.0,3.0,0.0,0.0,0.0,2.0,0.0,4.0,0.0,0.0,0.0,0.0,0.0,0.0,2.0,0.0,0.0,4.0,0.0,0.0,0.0,0.0,0.0,0.0,0.0,1.0,1.0,1.0,0.0,0.0,2.0,0.0,1.0,0.0,5.0,0.0,3.0,1.0,0.0,3.0,0.0,0.0,0.0,0.0,0.0,0.0,0.0,0.0,0.0,0.0,0.0,0.0,0.0,0.0,0.0,0.0,0.0,1.0,1.0,1.0,2.0,0.0,2.0,1.0,0.0,0.0,1.0,1.0,3.0,14.0,3.0,2.0,9.0,4.0,4.0,3.0,14.0,CC(C)Cc1cn(-c2nc(C(=O)[O-])cs2)c2cc(F)ccc12.[Na+]
CHEMBL403890,Inactive,13.0,5.0,2.0,2.0,0.0,1.0,20.0,5.0,2.0,1.0,0.0,2.0,0.0,2.0,0.0,0.0,0.0,0.0,17.0,7.0,2.0,3.0,0.0,2.0,0.0,2.0,2.0,16.0,7.0,2.0,3.0,0.0,1.0,0.0,1.0,0.0,2.0,16.0,3.0,0.0,3.0,0.0,3.0,3.0,2.0,0.0,11.0,3.0,4.0,3.0,0.0,1.0,0.0,1.0,0.0,1.0,0.0,0.0,9.0,0.0,6.0,0.0,0.0,4.0,0.0,4.0,3.0,0.0,6.0,0.0,0.0,1.0,0.0,1.0,0.0,0.0,0.0,0.0,0.0,6.0,0.0,0.0,0.0,0.0,0.0,0.0,2.0,0.0,0.0,0.0,0.0,0.0,0.0,0.0,0.0,0.0,0.0,1.0,0.0,0.0,0.0,0.0,2.0,0.0,0.0,0.0,4.0,0.0,2.0,0.0,0.0,1.0,0.0,0.0,0.0,0.0,0.0,0.0,0.0,0.0,0.0,0.0,0.0,0.0,0.0,0.0,0.0,0.0,0.0,1.0,0.0,0.0,2.0,0.0,2.0,0.0,0.0,0.0,0.0,1.0,3.0,14.0,3.0,2.0,9.0,3.0,3.0,2.0,14.0,CC(C)c1cn(-c2nc(C(=O)[O-])cs2)c2cc(Cl)ccc12.[Na+]
CHEMBL1915257,Inactive,25.0,7.0,3.0,0.0,0.0,1.0,32.0,11.0,5.0,0.0,0.0,2.0,0.0,2.0,1.0,0.0,0.0,0.0,31.0,8.0,7.0,0.0,0.0,2.0,0.0,2.0,0.0,25.0,11.0,6.0,0.0,0.0,3.0,0.0,3.0,2.0,0.0,26.0,11.0,5.0,0.0,0.0,1.0,1.0,2.0,1.0,29.0,9.0,5.0,0.0,0.0,2.0,0.0,2.0,1.0,1.0,0.0,0.0,27.0,10.0,1.0,0.0,0.0,5.0,0.0,5.0,19.0,10.0,3.0,0.0,0.0,2.0,0.0,2.0,0.0,0.0,0.0,21.0,5.0,3.0,0.0,0.0,2.0,0.0,2.0,1.0,0.0,19.0,5.0,4.0,0.0,0.0,1.0,1.0,0.0,1.0,1.0,1.0,6.0,3.0,2.0,0.0,1.0,0.0,0.0,0.0,9.0,1.0,6.0,1.0,0.0,6.0,3.0,3.0,6.0,3.0,0.0,0.0,0.0,0.0,0.0,6.0,0.0,0.0,3.0,2.0,0.0,3.0,1.0,0.0,0.0,0.0,1.0,0.0,1.0,3.0,0.0,0.0,0.0,1.0,3.0,20.0,4.0,0.0,10.0,13.0,13.0,6.0,22.0,Cc1cc(NC(=O)CC2CCNCC2)nn1Cc1cc(Cl)cc2cc(-c3ccccc3)oc12
CHEMBL1915260,Active,25.0,8.0,3.0,0.0,3.0,4.0,33.0,12.0,5.0,0.0,3.0,2.0,0.0,5.0,1.0,3.0,3.0,3.0,33.0,9.0,8.0,0.0,0.0,2.0,0.0,2.0,0.0,27.0,11.0,6.0,0.0,6.0,3.0,0.0,9.0,2.0,0.0,29.0,9.0,3.0,0.0,6.0,1.0,7.0,3.0,1.0,29.0,12.0,6.0,0.0,3.0,2.0,0.0,5.0,0.0,1.0,0.0,0.0,28.0,9.0,2.0,0.0,3.0,5.0,0.0,8.0,20.0,9.0,3.0,0.0,0.0,2.0,0.0,2.0,0.0,3.0,3.0,21.0,8.0,3.0,0.0,3.0,2.0,0.0,5.0,1.0,0.0,22.0,5.0,5.0,0.0,3.0,1.0,4.0,3.0,1.0,1.0,1.0,6.0,2.0,2.0,0.0,1.0,0.0,3.0,0.0,10.0,1.0,6.0,1.0,0.0,5.0,2.0,1.0,4.0,1.0,0.0,0.0,0.0,0.0,0.0,6.0,0.0,0.0,4.0,6.0,0.0,4.0,3.0,0.0,3.0,0.0,1.0,0.0,1.0,2.0,3.0,0.0,0.0,1.0,3.0,20.0,4.0,0.0,11.0,14.0,14.0,7.0,23.0,Cc1cc(NC(=O)C2CCN(CC(F)(F)F)CC2)nn1Cc1cc(Cl)cc2cc(-c3ccccc3)oc12
CHEMBL1915262,Active,24.0,5.0,5.0,0.0,0.0,1.0,30.0,10.0,8.0,0.0,0.0,2.0,0.0,2.0,1.0,0.0,0.0,0.0,28.0,7.0,7.0,0.0,0.0,2.0,0.0,2.0,2.0,25.0,8.0,6.0,0.0,0.0,3.0,0.0,3.0,2.0,0.0,26.0,9.0,6.0,0.0,0.0,1.0,1.0,1.0,1.0,29.0,7.0,7.0,0.0,0.0,2.0,0.0,2.0,1.0,1.0,0.0,0.0,26.0,8.0,4.0,0.0,0.0,5.0,0.0,5.0,18.0,8.0,4.0,0.0,0.0,3.0,0.0,3.0,1.0,0.0,0.0,18.0,6.0,5.0,0.0,0.0,1.0,0.0,1.0,0.0,1.0,18.0,2.0,4.0,0.0,0.0,1.0,1.0,0.0,0.0,0.0,1.0,5.0,2.0,2.0,1.0,1.0,0.0,0.0,0.0,8.0,0.0,4.0,0.0,0.0,3.0,0.0,0.0,2.0,1.0,0.0,0.0,0.0,0.0,1.0,1.0,1.0,2.0,1.0,1.0,3.0,2.0,1.0,2.0,0.0,0.0,2.0,0.0,1.0,2.0,0.0,1.0,0.0,1.0,3.0,20.0,4.0,2.0,10.0,11.0,11.0,6.0,21.0,Cc1cc(C(=O)NCC2CCCO2)nn1Cc1cc(Cl)cc2cc(-c3ccccc3)oc12
CHEMBL1915261,Active,26.0,5.0,4.0,0.0,0.0,1.0,32.0,11.0,7.0,0.0,0.0,2.0,0.0,2.0,1.0,0.0,0.0,0.0,30.0,8.0,9.0,0.0,0.0,2.0,0.0,2.0,1.0,27.0,7.0,7.0,0.0,0.0,3.0,0.0,3.0,2.0,0.0,27.0,10.0,6.0,0.0,0.0,1.0,1.0,2.0,1.0,30.0,9.0,6.0,0.0,0.0,2.0,0.0,2.0,0.0,1.0,0.0,0.0,28.0,8.0,4.0,0.0,0.0,5.0,0.0,5.0,20.0,7.0,3.0,0.0,0.0,3.0,0.0,3.0,1.0,0.0,0.0,19.0,6.0,5.0,0.0,0.0,1.0,0.0,1.0,0.0,1.0,21.0,2.0,5.0,0.0,0.0,1.0,1.0,0.0,0.0,0.0,2.0,5.0,4.0,2.0,0.0,1.0,1.0,0.0,1.0,9.0,0.0,6.0,0.0,0.0,6.0,0.0,0.0,6.0,6.0,1.0,0.0,0.0,1.0,2.0,2.0,2.0,2.0,2.0,2.0,2.0,2.0,1.0,1.0,0.0,0.0,2.0,0.0,1.0,4.0,0.0,1.0,0.0,1.0,3.0,20.0,3.0,2.0,9.0,12.0,12.0,5.0,22.0,Cc1cc(C(=O)NC2CCC(O)CC2)nn1Cc1cc(Cl)cc2cc(-c3ccccc3)oc12
CHEMBL1915017,Inactive,16.0,3.0,4.0,0.0,0.0,1.0,20.0,8.0,6.0,0.0,0.0,2.0,0.0,2.0,0.0,0.0,0.0,0.0,20.0,5.0,6.0,0.0,0.0,2.0,0.0,2.0,2.0,18.0,5.0,4.0,0.0,0.0,2.0,0.0,2.0,2.0,0.0,17.0,5.0,4.0,0.0,0.0,2.0,2.0,1.0,0.0,19.0,3.0,3.0,0.0,0.0,2.0,0.0,2.0,1.0,1.0,0.0,0.0,10.0,3.0,7.0,0.0,0.0,5.0,0.0,5.0,7.0,2.0,7.0,0.0,0.0,1.0,0.0,1.0,0.0,0.0,0.0,7.0,0.0,4.0,0.0,0.0,0.0,0.0,0.0,2.0,2.0,2.0,0.0,2.0,0.0,0.0,0.0,0.0,0.0,0.0,0.0,1.0,1.0,0.0,0.0,0.0,3.0,1.0,0.0,1.0,6.0,0.0,2.0,0.0,0.0,1.0,0.0,0.0,0.0,0.0,0.0,0.0,0.0,0.0,0.0,0.0,0.0,0.0,0.0,0.0,0.0,0.0,0.0,1.0,0.0,0.0,2.0,0.0,3.0,0.0,0.0,1.0,0.0,1.0,3.0,14.0,3.0,2.0,7.0,7.0,7.0,4.0,14.0,Cc1cc(C(=O)O)nn1Cc1cc(Cl)cc2oc(C(C)C)cc12
CHEMBL1915259,Inactive,24.0,7.0,3.0,0.0,1.0,2.0,31.0,11.0,5.0,0.0,3.0,2.0,0.0,5.0,1.0,0.0,0.0,0.0,29.0,9.0,8.0,0.0,2.0,2.0,0.0,4.0,0.0,24.0,11.0,6.0,0.0,1.0,3.0,0.0,4.0,2.0,0.0,27.0,9.0,3.0,0.0,1.0,1.0,2.0,3.0,1.0,28.0,11.0,5.0,0.0,1.0,2.0,0.0,3.0,0.0,2.0,0.0,0.0,27.0,8.0,1.0,0.0,2.0,5.0,0.0,7.0,18.0,8.0,3.0,0.0,1.0,2.0,0.0,3.0,0.0,0.0,0.0,19.0,6.0,3.0,0.0,2.0,2.0,0.0,4.0,1.0,0.0,19.0,4.0,5.0,0.0,2.0,1.0,3.0,0.0,1.0,2.0,0.0,5.0,0.0,2.0,0.0,1.0,0.0,1.0,0.0,8.0,1.0,5.0,1.0,0.0,5.0,2.0,1.0,4.0,1.0,0.0,0.0,0.0,0.0,0.0,6.0,0.0,0.0,3.0,2.0,0.0,3.0,1.0,0.0,1.0,0.0,1.0,0.0,1.0,2.0,1.0,0.0,0.0,1.0,3.0,20.0,4.0,0.0,10.0,11.0,11.0,5.0,22.0,Cc1cc(NC(=O)C2(F)CCNCC2)nn1Cc1cc(Cl)cc2cc(-c3ccccc3)oc12
CHEMBL213412,Active,17.0,3.0,4.0,0.0,0.0,1.0,20.0,7.0,5.0,0.0,0.0,0.0,2.0,2.0,0.0,0.0,0.0,0.0,17.0,4.0,7.0,0.0,0.0,0.0,2.0,2.0,2.0,14.0,4.0,5.0,0.0,0.0,0.0,2.0,2.0,3.0,0.0,17.0,4.0,4.0,0.0,0.0,0.0,0.0,1.0,1.0,20.0,3.0,4.0,0.0,0.0,0.0,2.0,2.0,0.0,1.0,0.0,0.0,17.0,3.0,5.0,0.0,0.0,0.0,3.0,3.0,11.0,4.0,4.0,0.0,0.0,0.0,3.0,3.0,2.0,0.0,0.0,8.0,3.0,4.0,0.0,0.0,0.0,2.0,2.0,0.0,2.0,7.0,1.0,2.0,0.0,0.0,0.0,1.0,0.0,0.0,0.0,0.0,2.0,0.0,0.0,0.0,0.0,1.0,0.0,1.0,3.0,0.0,0.0,0.0,0.0,0.0,0.0,0.0,0.0,0.0,0.0,0.0,0.0,0.0,0.0,0.0,0.0,0.0,0.0,0.0,0.0,0.0,0.0,2.0,0.0,0.0,3.0,1.0,0.0,0.0,0.0,1.0,0.0,1.0,2.0,17.0,2.0,2.0,7.0,5.0,5.0,6.0,17.0,O=C(O)c1ccn(Cc2cc(Br)ccc2OCc2ccccc2)n1
CHEMBL234182,Inactive,29.0,5.0,2.0,0.0,2.0,3.0,38.0,8.0,3.0,0.0,4.0,0.0,2.0,6.0,0.0,0.0,0.0,0.0,39.0,6.0,5.0,0.0,5.0,0.0,2.0,7.0,0.0,38.0,6.0,4.0,0.0,2.0,0.0,2.0,4.0,1.0,0.0,42.0,6.0,4.0,0.0,2.0,0.0,3.0,0.0,1.0,44.0,3.0,3.0,0.0,2.0,0.0,4.0,6.0,0.0,0.0,1.0,1.0,40.0,5.0,2.0,0.0,4.0,0.0,4.0,8.0,34.0,6.0,2.0,0.0,4.0,0.0,4.0,8.0,0.0,0.0,0.0,30.0,3.0,2.0,0.0,6.0,0.0,4.0,10.0,0.0,0.0,23.0,2.0,1.0,0.0,5.0,0.0,8.0,1.0,0.0,0.0,0.0,1.0,0.0,0.0,0.0,1.0,0.0,2.0,0.0,2.0,0.0,0.0,0.0,0.0,0.0,0.0,0.0,0.0,0.0,0.0,0.0,0.0,0.0,0.0,0.0,0.0,0.0,0.0,0.0,0.0,0.0,0.0,1.0,2.0,2.0,1.0,1.0,1.0,0.0,0.0,0.0,2.0,1.0,2.0,29.0,2.0,0.0,7.0,3.0,3.0,3.0,28.0,Cc1ccc(-c2cc(Br)ccc2OCc2ccc(F)cc2F)n1-c1cccc(-c2cccnc2)c1
CHEMBL233146,Inactive,30.0,7.0,3.0,0.0,0.0,1.0,39.0,10.0,4.0,0.0,0.0,2.0,0.0,2.0,1.0,0.0,0.0,0.0,38.0,9.0,8.0,0.0,0.0,2.0,0.0,2.0,0.0,36.0,9.0,7.0,0.0,0.0,2.0,0.0,2.0,1.0,0.0,44.0,3.0,7.0,0.0,0.0,1.0,1.0,1.0,1.0,46.0,5.0,7.0,0.0,0.0,4.0,0.0,4.0,0.0,0.0,0.0,0.0,40.0,8.0,6.0,0.0,0.0,4.0,0.0,4.0,36.0,8.0,4.0,0.0,0.0,4.0,0.0,4.0,0.0,0.0,0.0,32.0,7.0,2.0,0.0,0.0,4.0,0.0,4.0,1.0,0.0,31.0,3.0,3.0,0.0,0.0,1.0,1.0,1.0,1.0,1.0,0.0,2.0,0.0,0.0,0.0,1.0,0.0,0.0,0.0,4.0,0.0,0.0,0.0,0.0,0.0,0.0,0.0,0.0,0.0,0.0,0.0,0.0,0.0,0.0,0.0,0.0,0.0,0.0,0.0,0.0,2.0,1.0,1.0,0.0,0.0,2.0,1.0,1.0,0.0,0.0,2.0,0.0,1.0,2.0,29.0,2.0,2.0,10.0,6.0,6.0,7.0,30.0,Cc1ccc(-c2cc(Cl)ccc2OCc2ccccc2)n1-c1cccc(C(=O)NCc2ccncc2)c1
CHEMBL232733,Inactive,24.0,3.0,2.0,2.0,0.0,1.0,31.0,6.0,7.0,2.0,0.0,2.0,0.0,2.0,0.0,0.0,0.0,0.0,32.0,4.0,9.0,2.0,0.0,2.0,0.0,2.0,0.0,32.0,3.0,8.0,1.0,0.0,2.0,0.0,2.0,1.0,0.0,35.0,3.0,6.0,2.0,0.0,1.0,1.0,2.0,1.0,35.0,1.0,7.0,4.0,0.0,4.0,0.0,4.0,0.0,0.0,0.0,0.0,31.0,2.0,10.0,2.0,0.0,4.0,0.0,4.0,24.0,2.0,5.0,2.0,0.0,4.0,0.0,4.0,0.0,0.0,0.0,20.0,1.0,5.0,2.0,0.0,3.0,0.0,3.0,2.0,0.0,16.0,0.0,4.0,1.0,0.0,2.0,2.0,0.0,2.0,2.0,0.0,1.0,0.0,0.0,0.0,2.0,0.0,0.0,0.0,3.0,0.0,0.0,0.0,0.0,0.0,0.0,0.0,0.0,0.0,0.0,0.0,0.0,0.0,0.0,0.0,0.0,0.0,0.0,0.0,0.0,0.0,0.0,1.0,0.0,0.0,3.0,1.0,1.0,0.0,0.0,0.0,0.0,0.0,1.0,23.0,1.0,4.0,7.0,4.0,4.0,4.0,24.0,Cc1ccc(-c2cc(Cl)ccc2OCc2ccccc2)n1-c1cccc(S(C)(=O)=O)c1
CHEMBL459537,Inactive,26.0,2.0,4.0,0.0,1.0,2.0,33.0,4.0,5.0,0.0,2.0,2.0,0.0,4.0,0.0,0.0,0.0,0.0,33.0,3.0,7.0,0.0,3.0,2.0,0.0,5.0,2.0,31.0,3.0,9.0,0.0,1.0,2.0,0.0,3.0,0.0,0.0,35.0,3.0,8.0,0.0,1.0,2.0,3.0,0.0,1.0,36.0,2.0,6.0,0.0,2.0,4.0,0.0,6.0,1.0,0.0,0.0,0.0,31.0,2.0,8.0,0.0,3.0,3.0,0.0,6.0,25.0,1.0,8.0,0.0,3.0,4.0,0.0,7.0,0.0,0.0,0.0,19.0,2.0,4.0,0.0,3.0,4.0,0.0,7.0,2.0,0.0,13.0,2.0,4.0,0.0,2.0,1.0,3.0,1.0,2.0,2.0,0.0,1.0,0.0,0.0,0.0,0.0,0.0,1.0,0.0,2.0,0.0,0.0,0.0,0.0,0.0,0.0,0.0,0.0,0.0,0.0,0.0,0.0,0.0,0.0,0.0,0.0,0.0,0.0,0.0,0.0,0.0,0.0,2.0,1.0,1.0,3.0,1.0,0.0,0.0,0.0,1.0,1.0,1.0,1.0,24.0,1.0,2.0,6.0,2.0,2.0,4.0,24.0,O=C([O-])c1cccc(-c2ccccc2-c2cc(Cl)ccc2OCc2ccccc2F)n1.[Na+]
CHEMBL499155,Inactive,22.0,2.0,4.0,0.0,0.0,1.0,27.0,4.0,5.0,0.0,0.0,2.0,0.0,2.0,0.0,0.0,0.0,0.0,29.0,3.0,6.0,0.0,0.0,2.0,0.0,2.0,2.0,29.0,3.0,8.0,0.0,0.0,2.0,0.0,2.0,0.0,0.0,32.0,3.0,7.0,0.0,0.0,2.0,2.0,0.0,1.0,30.0,2.0,6.0,0.0,0.0,4.0,0.0,4.0,1.0,0.0,0.0,0.0,23.0,2.0,8.0,0.0,0.0,3.0,0.0,3.0,16.0,1.0,8.0,0.0,0.0,3.0,0.0,3.0,0.0,0.0,0.0,11.0,1.0,4.0,0.0,0.0,3.0,0.0,3.0,2.0,0.0,6.0,1.0,4.0,0.0,0.0,0.0,0.0,0.0,2.0,2.0,0.0,3.0,0.0,2.0,1.0,1.0,0.0,0.0,0.0,5.0,0.0,3.0,0.0,0.0,2.0,0.0,0.0,1.0,0.0,0.0,0.0,0.0,0.0,0.0,0.0,1.0,1.0,0.0,0.0,1.0,0.0,0.0,2.0,0.0,0.0,3.0,0.0,1.0,2.0,0.0,1.0,0.0,1.0,1.0,18.0,1.0,2.0,6.0,4.0,4.0,5.0,18.0,CCCCOc1ccc(Cl)cc1-c1ccccc1-c1cccc(C(=O)[O-])n1.[Na+]
CHEMBL36041,Inactive,22.0,0.0,7.0,0.0,0.0,1.0,25.0,0.0,11.0,0.0,0.0,2.0,0.0,2.0,0.0,0.0,0.0,0.0,22.0,0.0,12.0,0.0,0.0,2.0,0.0,2.0,0.0,20.0,0.0,10.0,0.0,0.0,1.0,0.0,1.0,0.0,0.0,20.0,0.0,11.0,0.0,0.0,1.0,1.0,0.0,0.0,18.0,0.0,13.0,0.0,0.0,1.0,0.0,1.0,0.0,0.0,0.0,0.0,16.0,0.0,10.0,0.0,0.0,1.0,0.0,1.0,18.0,0.0,7.0,0.0,0.0,1.0,0.0,1.0,1.0,0.0,0.0,18.0,0.0,11.0,0.0,0.0,1.0,0.0,1.0,0.0,0.0,14.0,0.0,13.0,0.0,0.0,2.0,2.0,0.0,0.0,0.0,5.0,10.0,6.0,6.0,4.0,0.0,4.0,0.0,4.0,16.0,2.0,16.0,2.0,0.0,18.0,8.0,10.0,21.0,20.0,20.0,19.0,17.0,14.0,12.0,0.0,11.0,9.0,0.0,0.0,8.0,0.0,0.0,5.0,0.0,0.0,6.0,0.0,0.0,9.0,0.0,0.0,0.0,0.0,0.0,6.0,0.0,0.0,7.0,21.0,21.0,13.0,12.0,O=C(O)CCCCCCC1C(O)CC(O)C1CCC(O)COc1cccc(Cl)c1
CHEMBL378533,Inactive,20.0,3.0,4.0,0.0,6.0,7.0,25.0,8.0,5.0,0.0,6.0,0.0,2.0,8.0,0.0,6.0,6.0,6.0,23.0,5.0,7.0,0.0,12.0,0.0,2.0,14.0,2.0,21.0,4.0,5.0,0.0,12.0,0.0,2.0,14.0,3.0,0.0,19.0,4.0,8.0,0.0,18.0,0.0,18.0,1.0,1.0,24.0,3.0,5.0,0.0,0.0,0.0,2.0,2.0,0.0,1.0,6.0,6.0,23.0,3.0,5.0,0.0,6.0,0.0,4.0,10.0,18.0,4.0,4.0,0.0,12.0,0.0,3.0,15.0,2.0,0.0,0.0,12.0,5.0,4.0,0.0,18.0,0.0,2.0,20.0,0.0,2.0,11.0,3.0,2.0,0.0,6.0,0.0,9.0,6.0,0.0,0.0,0.0,2.0,0.0,0.0,0.0,1.0,1.0,6.0,1.0,6.0,0.0,0.0,0.0,0.0,0.0,0.0,0.0,0.0,0.0,0.0,0.0,0.0,0.0,0.0,0.0,0.0,0.0,0.0,0.0,0.0,0.0,0.0,2.0,6.0,0.0,3.0,1.0,1.0,0.0,6.0,1.0,0.0,1.0,2.0,17.0,2.0,2.0,7.0,6.0,6.0,8.0,19.0,Cc1cc(C(=O)O)nn1Cc1cc(Br)ccc1OCc1cc(C(F)(F)F)cc(C(F)(F)F)c1
CHEMBL212667,Inactive,19.0,3.0,4.0,0.0,0.0,1.0,23.0,8.0,5.0,0.0,0.0,0.0,2.0,2.0,0.0,0.0,0.0,0.0,21.0,5.0,7.0,0.0,0.0,0.0,2.0,2.0,2.0,18.0,4.0,5.0,0.0,0.0,0.0,2.0,2.0,3.0,0.0,19.0,4.0,7.0,0.0,0.0,0.0,0.0,1.0,1.0,23.0,3.0,5.0,0.0,0.0,0.0,2.0,2.0,0.0,1.0,0.0,0.0,21.0,3.0,5.0,0.0,0.0,0.0,4.0,4.0,15.0,4.0,4.0,0.0,0.0,0.0,3.0,3.0,2.0,0.0,0.0,11.0,4.0,4.0,0.0,0.0,0.0,2.0,2.0,0.0,2.0,10.0,2.0,2.0,0.0,0.0,0.0,2.0,0.0,0.0,0.0,0.0,2.0,0.0,0.0,0.0,2.0,1.0,0.0,1.0,5.0,0.0,0.0,0.0,0.0,0.0,0.0,0.0,0.0,0.0,0.0,0.0,0.0,0.0,0.0,0.0,0.0,0.0,0.0,0.0,0.0,0.0,0.0,2.0,0.0,0.0,3.0,1.0,2.0,0.0,0.0,1.0,0.0,1.0,2.0,17.0,2.0,2.0,7.0,7.0,7.0,6.0,17.0,Cc1cccc(COc2ccc(Br)cc2Cn2nc(C(=O)O)cc2C)c1
CHEMBL387454,Active,18.0,3.0,4.0,0.0,0.0,2.0,21.0,8.0,5.0,0.0,0.0,0.0,4.0,4.0,0.0,0.0,0.0,0.0,19.0,5.0,7.0,0.0,0.0,0.0,4.0,4.0,2.0,16.0,4.0,5.0,0.0,0.0,0.0,4.0,4.0,3.0,0.0,19.0,4.0,6.0,0.0,0.0,0.0,0.0,1.0,2.0,22.0,3.0,5.0,0.0,0.0,0.0,3.0,3.0,0.0,1.0,0.0,0.0,19.0,3.0,5.0,0.0,0.0,0.0,6.0,6.0,12.0,4.0,4.0,0.0,0.0,0.0,6.0,6.0,2.0,0.0,0.0,10.0,3.0,4.0,0.0,0.0,0.0,3.0,3.0,0.0,2.0,9.0,1.0,2.0,0.0,0.0,0.0,2.0,1.0,0.0,0.0,0.0,2.0,0.0,0.0,0.0,1.0,1.0,0.0,1.0,4.0,0.0,0.0,0.0,0.0,0.0,0.0,0.0,0.0,0.0,0.0,0.0,0.0,0.0,0.0,0.0,0.0,0.0,0.0,0.0,0.0,0.0,0.0,2.0,0.0,0.0,3.0,1.0,1.0,0.0,0.0,1.0,0.0,1.0,2.0,17.0,2.0,2.0,7.0,6.0,6.0,6.0,17.0,Cc1cc(C(=O)O)nn1Cc1cc(Br)ccc1OCc1cccc(Br)c1
CHEMBL207688,Inactive,25.0,3.0,4.0,0.0,0.0,1.0,32.0,6.0,5.0,0.0,0.0,2.0,0.0,2.0,0.0,0.0,0.0,0.0,32.0,4.0,8.0,0.0,0.0,2.0,0.0,2.0,1.0,31.0,4.0,9.0,0.0,0.0,1.0,0.0,1.0,0.0,0.0,35.0,3.0,9.0,0.0,0.0,2.0,2.0,0.0,1.0,36.0,2.0,4.0,0.0,0.0,5.0,0.0,5.0,2.0,0.0,0.0,0.0,30.0,2.0,8.0,0.0,0.0,3.0,0.0,3.0,26.0,1.0,8.0,0.0,0.0,4.0,0.0,4.0,0.0,0.0,0.0,21.0,0.0,4.0,0.0,0.0,4.0,0.0,4.0,2.0,0.0,14.0,0.0,4.0,0.0,0.0,1.0,1.0,0.0,2.0,2.0,0.0,1.0,0.0,0.0,0.0,1.0,1.0,0.0,1.0,3.0,0.0,0.0,0.0,0.0,0.0,0.0,0.0,0.0,0.0,0.0,0.0,0.0,0.0,0.0,0.0,0.0,0.0,0.0,0.0,0.0,0.0,0.0,2.0,0.0,0.0,3.0,2.0,1.0,0.0,0.0,2.0,0.0,0.0,1.0,23.0,1.0,2.0,7.0,4.0,4.0,4.0,24.0,Cc1ccc(-c2cccc(C(=O)O)c2)n1-c1cc(Cl)ccc1OCc1ccccc1
CHEMBL508276,Inactive,20.0,2.0,4.0,0.0,1.0,2.0,24.0,4.0,5.0,0.0,2.0,2.0,0.0,4.0,0.0,0.0,0.0,0.0,22.0,2.0,7.0,0.0,3.0,2.0,0.0,5.0,2.0,18.0,2.0,8.0,0.0,1.0,2.0,0.0,3.0,0.0,0.0,20.0,2.0,6.0,0.0,1.0,1.0,2.0,1.0,1.0,23.0,2.0,4.0,0.0,2.0,2.0,0.0,4.0,0.0,1.0,0.0,0.0,21.0,1.0,6.0,0.0,3.0,3.0,0.0,6.0,15.0,2.0,4.0,0.0,2.0,4.0,0.0,6.0,2.0,0.0,0.0,10.0,2.0,4.0,0.0,1.0,2.0,0.0,3.0,0.0,2.0,9.0,1.0,2.0,0.0,2.0,1.0,3.0,0.0,0.0,0.0,0.0,2.0,0.0,0.0,0.0,0.0,0.0,1.0,0.0,3.0,0.0,0.0,0.0,0.0,0.0,0.0,0.0,0.0,0.0,0.0,0.0,0.0,0.0,0.0,0.0,0.0,0.0,0.0,0.0,0.0,0.0,0.0,2.0,1.0,1.0,3.0,1.0,0.0,1.0,0.0,1.0,1.0,1.0,1.0,18.0,1.0,2.0,6.0,4.0,4.0,6.0,18.0,O=C([O-])c1cccc(Cc2cc(Cl)ccc2OCc2ccccc2F)n1.[Na+]
CHEMBL466101,Active,20.0,2.0,4.0,0.0,2.0,3.0,24.0,4.0,5.0,0.0,4.0,2.0,0.0,6.0,0.0,0.0,0.0,0.0,22.0,2.0,7.0,0.0,5.0,2.0,0.0,7.0,2.0,18.0,2.0,8.0,0.0,2.0,2.0,0.0,4.0,0.0,0.0,20.0,2.0,6.0,0.0,2.0,1.0,3.0,1.0,1.0,23.0,2.0,4.0,0.0,2.0,2.0,0.0,4.0,0.0,1.0,1.0,1.0,21.0,1.0,6.0,0.0,4.0,3.0,0.0,7.0,15.0,2.0,4.0,0.0,4.0,4.0,0.0,8.0,2.0,0.0,0.0,10.0,2.0,4.0,0.0,4.0,2.0,0.0,6.0,0.0,2.0,9.0,1.0,2.0,0.0,4.0,1.0,5.0,0.0,0.0,0.0,0.0,2.0,0.0,0.0,0.0,0.0,0.0,2.0,0.0,3.0,0.0,0.0,0.0,0.0,0.0,0.0,0.0,0.0,0.0,0.0,0.0,0.0,0.0,0.0,0.0,0.0,0.0,0.0,0.0,0.0,0.0,0.0,2.0,2.0,2.0,3.0,1.0,0.0,1.0,0.0,1.0,2.0,1.0,1.0,18.0,1.0,2.0,6.0,4.0,4.0,6.0,18.0,O=C([O-])c1cccc(Cc2cc(Cl)ccc2OCc2ccc(F)cc2F)n1.[Na+]
CHEMBL458008,Inactive,29.0,0.0,4.0,0.0,0.0,1.0,39.0,0.0,5.0,0.0,0.0,2.0,0.0,2.0,0.0,0.0,0.0,0.0,39.0,0.0,9.0,0.0,0.0,2.0,0.0,2.0,0.0,38.0,0.0,9.0,0.0,0.0,2.0,0.0,2.0,0.0,0.0,42.0,0.0,8.0,0.0,0.0,2.0,2.0,0.0,1.0,42.0,0.0,8.0,0.0,0.0,4.0,0.0,4.0,0.0,0.0,0.0,0.0,35.0,0.0,10.0,0.0,0.0,5.0,0.0,5.0,27.0,0.0,8.0,0.0,0.0,4.0,0.0,4.0,0.0,0.0,0.0,23.0,0.0,4.0,0.0,0.0,4.0,0.0,4.0,2.0,0.0,17.0,0.0,4.0,0.0,0.0,1.0,1.0,0.0,2.0,2.0,0.0,1.0,0.0,0.0,0.0,1.0,0.0,0.0,0.0,3.0,0.0,0.0,0.0,0.0,0.0,0.0,0.0,0.0,0.0,0.0,0.0,0.0,0.0,0.0,0.0,0.0,0.0,0.0,0.0,0.0,0.0,0.0,2.0,0.0,0.0,3.0,2.0,1.0,0.0,0.0,2.0,0.0,0.0,0.0,24.0,0.0,2.0,4.0,3.0,3.0,4.0,25.0,Cc1cccc(-c2cc(Cl)ccc2OCc2ccccc2)c1-c1cccc(C(=O)[O-])c1.[Na+]
CHEMBL2442486,Inactive,12.0,5.0,4.0,2.0,3.0,3.0,16.0,9.0,4.0,1.0,3.0,0.0,0.0,3.0,0.0,3.0,3.0,3.0,15.0,7.0,4.0,2.0,3.0,0.0,0.0,3.0,2.0,11.0,10.0,3.0,3.0,6.0,0.0,0.0,6.0,0.0,2.0,15.0,5.0,1.0,1.0,3.0,0.0,3.0,2.0,0.0,11.0,3.0,3.0,2.0,12.0,0.0,0.0,12.0,3.0,0.0,0.0,0.0,8.0,3.0,7.0,2.0,9.0,0.0,0.0,9.0,7.0,2.0,4.0,1.0,3.0,0.0,0.0,3.0,0.0,6.0,6.0,6.0,0.0,4.0,0.0,0.0,0.0,0.0,0.0,0.0,3.0,1.0,1.0,6.0,1.0,3.0,0.0,3.0,0.0,0.0,0.0,0.0,0.0,0.0,0.0,0.0,1.0,1.0,3.0,1.0,3.0,0.0,0.0,0.0,0.0,0.0,0.0,0.0,0.0,0.0,0.0,0.0,0.0,0.0,0.0,0.0,0.0,0.0,0.0,0.0,0.0,0.0,0.0,2.0,3.0,0.0,3.0,0.0,0.0,0.0,3.0,0.0,0.0,2.0,4.0,16.0,4.0,2.0,11.0,2.0,2.0,3.0,15.0,COc1ccc(-c2cc(C(F)(F)F)n(-c3nc(C(=O)O)cs3)n2)cc1
CHEMBL1915012,Active,16.0,3.0,4.0,0.0,0.0,1.0,20.0,8.0,6.0,0.0,0.0,2.0,0.0,2.0,0.0,0.0,0.0,0.0,19.0,5.0,7.0,0.0,0.0,2.0,0.0,2.0,2.0,19.0,4.0,3.0,0.0,0.0,3.0,0.0,3.0,3.0,0.0,16.0,5.0,5.0,0.0,0.0,1.0,1.0,1.0,1.0,17.0,4.0,5.0,0.0,0.0,2.0,0.0,2.0,0.0,1.0,0.0,0.0,12.0,3.0,5.0,0.0,0.0,5.0,0.0,5.0,8.0,2.0,4.0,0.0,0.0,1.0,0.0,1.0,2.0,0.0,0.0,7.0,0.0,6.0,0.0,0.0,0.0,0.0,0.0,0.0,2.0,2.0,0.0,2.0,0.0,0.0,0.0,0.0,0.0,0.0,0.0,1.0,1.0,0.0,0.0,0.0,3.0,1.0,0.0,1.0,6.0,0.0,2.0,0.0,0.0,1.0,0.0,0.0,0.0,0.0,0.0,0.0,0.0,0.0,0.0,0.0,0.0,0.0,0.0,0.0,0.0,0.0,0.0,1.0,0.0,0.0,2.0,0.0,3.0,0.0,0.0,1.0,0.0,1.0,3.0,14.0,3.0,2.0,7.0,7.0,7.0,4.0,14.0,Cc1cc(C(=O)O)nn1Cc1cc(Cl)cc2cc(C(C)C)oc12
CHEMBL1915014,Active,16.0,3.0,4.0,0.0,0.0,1.0,19.0,8.0,6.0,0.0,0.0,2.0,0.0,2.0,0.0,0.0,0.0,0.0,19.0,5.0,6.0,0.0,0.0,2.0,0.0,2.0,2.0,18.0,4.0,4.0,0.0,0.0,3.0,0.0,3.0,3.0,0.0,16.0,5.0,5.0,0.0,0.0,1.0,1.0,1.0,1.0,16.0,4.0,5.0,0.0,0.0,2.0,0.0,2.0,0.0,1.0,0.0,0.0,15.0,2.0,5.0,0.0,0.0,4.0,0.0,4.0,7.0,2.0,4.0,0.0,0.0,2.0,0.0,2.0,2.0,0.0,0.0,5.0,1.0,6.0,0.0,0.0,0.0,0.0,0.0,0.0,2.0,4.0,0.0,2.0,0.0,0.0,0.0,0.0,0.0,0.0,0.0,0.0,3.0,0.0,1.0,0.0,2.0,1.0,0.0,1.0,6.0,0.0,2.0,0.0,0.0,1.0,0.0,0.0,0.0,0.0,0.0,0.0,0.0,0.0,0.0,0.0,0.0,0.0,0.0,0.0,0.0,0.0,0.0,1.0,0.0,0.0,2.0,0.0,2.0,2.0,0.0,1.0,0.0,1.0,3.0,14.0,3.0,2.0,7.0,7.0,7.0,5.0,13.0,CCCc1cc2cc(Cl)cc(Cn3nc(C(=O)O)cc3C)c2o1
CHEMBL1915015,Active,20.0,3.0,4.0,0.0,0.0,1.0,25.0,8.0,6.0,0.0,0.0,2.0,0.0,2.0,0.0,0.0,0.0,0.0,24.0,5.0,7.0,0.0,0.0,2.0,0.0,2.0,2.0,22.0,4.0,5.0,0.0,0.0,3.0,0.0,3.0,3.0,0.0,21.0,5.0,6.0,0.0,0.0,1.0,1.0,1.0,1.0,23.0,4.0,5.0,0.0,0.0,2.0,0.0,2.0,0.0,1.0,0.0,0.0,20.0,3.0,5.0,0.0,0.0,5.0,0.0,5.0,11.0,4.0,4.0,0.0,0.0,3.0,0.0,3.0,2.0,0.0,0.0,9.0,3.0,6.0,0.0,0.0,1.0,0.0,1.0,0.0,2.0,9.0,1.0,2.0,0.0,0.0,0.0,0.0,0.0,0.0,0.0,1.0,6.0,2.0,4.0,3.0,1.0,1.0,0.0,1.0,9.0,0.0,6.0,0.0,0.0,6.0,0.0,0.0,6.0,6.0,1.0,0.0,0.0,0.0,0.0,0.0,0.0,0.0,0.0,0.0,0.0,0.0,0.0,1.0,0.0,0.0,2.0,0.0,1.0,5.0,0.0,1.0,0.0,1.0,3.0,14.0,3.0,2.0,7.0,11.0,11.0,4.0,14.0,Cc1cc(C(=O)O)nn1Cc1cc(Cl)cc2cc(C3CCCCC3)oc12
CHEMBL1915246,Inactive,23.0,7.0,3.0,0.0,0.0,1.0,30.0,12.0,5.0,0.0,0.0,2.0,0.0,2.0,1.0,0.0,0.0,0.0,28.0,10.0,7.0,0.0,0.0,2.0,0.0,2.0,1.0,27.0,9.0,4.0,0.0,0.0,3.0,0.0,3.0,2.0,0.0,24.0,12.0,5.0,0.0,0.0,1.0,1.0,1.0,1.0,26.0,9.0,5.0,0.0,0.0,2.0,0.0,2.0,0.0,1.0,0.0,0.0,21.0,10.0,4.0,0.0,0.0,5.0,0.0,5.0,19.0,7.0,2.0,0.0,0.0,1.0,0.0,1.0,1.0,0.0,0.0,19.0,5.0,5.0,0.0,0.0,0.0,0.0,0.0,0.0,1.0,17.0,3.0,3.0,0.0,0.0,1.0,1.0,0.0,0.0,0.0,1.0,2.0,0.0,0.0,0.0,4.0,0.0,0.0,0.0,8.0,0.0,2.0,0.0,0.0,1.0,0.0,0.0,0.0,0.0,0.0,0.0,0.0,0.0,0.0,0.0,0.0,0.0,0.0,0.0,0.0,3.0,1.0,0.0,0.0,0.0,1.0,0.0,3.0,0.0,0.0,1.0,0.0,1.0,3.0,20.0,3.0,2.0,10.0,11.0,11.0,8.0,22.0,CNCc1ccc(NC(=O)c2cc(C)n(Cc3cc(Cl)cc4cc(C(C)C)oc34)n2)cc1
CHEMBL1915250,Inactive,20.0,6.0,3.0,0.0,0.0,1.0,24.0,14.0,5.0,0.0,0.0,2.0,0.0,2.0,1.0,0.0,0.0,0.0,23.0,10.0,6.0,0.0,0.0,2.0,0.0,2.0,2.0,23.0,7.0,4.0,0.0,0.0,3.0,0.0,3.0,2.0,0.0,21.0,10.0,5.0,0.0,0.0,1.0,1.0,1.0,1.0,22.0,11.0,5.0,0.0,0.0,2.0,0.0,2.0,0.0,1.0,0.0,0.0,19.0,9.0,3.0,0.0,0.0,5.0,0.0,5.0,15.0,7.0,2.0,0.0,0.0,1.0,0.0,1.0,1.0,0.0,0.0,15.0,5.0,3.0,0.0,0.0,0.0,0.0,0.0,0.0,1.0,11.0,4.0,3.0,0.0,0.0,0.0,0.0,1.0,0.0,0.0,1.0,6.0,0.0,4.0,3.0,3.0,0.0,0.0,0.0,11.0,0.0,6.0,0.0,0.0,4.0,0.0,0.0,2.0,1.0,0.0,0.0,0.0,0.0,0.0,2.0,0.0,0.0,2.0,2.0,0.0,3.0,1.0,0.0,0.0,0.0,1.0,0.0,3.0,3.0,0.0,1.0,0.0,1.0,3.0,14.0,4.0,2.0,9.0,14.0,14.0,6.0,16.0,Cc1cc(C(=O)NN2CCCCC2)nn1Cc1cc(Cl)cc2cc(C(C)C)oc12
CHEMBL1915264,Active,22.0,6.0,5.0,0.0,0.0,1.0,27.0,14.0,7.0,0.0,0.0,2.0,0.0,2.0,1.0,0.0,0.0,0.0,28.0,9.0,6.0,0.0,0.0,2.0,0.0,2.0,3.0,26.0,6.0,6.0,0.0,0.0,3.0,0.0,3.0,3.0,0.0,25.0,10.0,7.0,0.0,0.0,1.0,1.0,1.0,1.0,27.0,11.0,5.0,0.0,0.0,2.0,0.0,2.0,0.0,1.0,0.0,0.0,26.0,8.0,4.0,0.0,0.0,5.0,0.0,5.0,17.0,8.0,3.0,0.0,0.0,3.0,0.0,3.0,1.0,0.0,0.0,15.0,8.0,5.0,0.0,0.0,1.0,0.0,1.0,0.0,1.0,17.0,5.0,4.0,0.0,0.0,0.0,0.0,1.0,0.0,0.0,0.0,5.0,0.0,2.0,0.0,1.0,0.0,0.0,0.0,7.0,0.0,2.0,0.0,0.0,0.0,0.0,0.0,0.0,0.0,0.0,0.0,0.0,0.0,0.0,0.0,0.0,0.0,2.0,2.0,2.0,3.0,1.0,2.0,0.0,0.0,2.0,0.0,1.0,0.0,0.0,1.0,0.0,1.0,3.0,20.0,5.0,2.0,11.0,11.0,11.0,5.0,21.0,Cc1cc(C(=O)NN2CCOCC2)nn1Cc1cc(Cl)cc2cc(-c3ccccc3)oc12
CHEMBL1915247,Inactive,20.0,5.0,5.0,0.0,0.0,1.0,25.0,11.0,7.0,0.0,0.0,2.0,0.0,2.0,1.0,0.0,0.0,0.0,24.0,8.0,8.0,0.0,0.0,2.0,0.0,2.0,1.0,24.0,6.0,4.0,0.0,0.0,3.0,0.0,3.0,3.0,0.0,21.0,10.0,6.0,0.0,0.0,1.0,1.0,1.0,1.0,23.0,9.0,5.0,0.0,0.0,2.0,0.0,2.0,0.0,1.0,0.0,0.0,19.0,7.0,4.0,0.0,0.0,5.0,0.0,5.0,16.0,4.0,3.0,0.0,0.0,1.0,0.0,1.0,1.0,0.0,0.0,15.0,3.0,6.0,0.0,0.0,0.0,0.0,0.0,0.0,1.0,13.0,1.0,4.0,0.0,0.0,1.0,1.0,0.0,0.0,0.0,2.0,5.0,2.0,2.0,0.0,3.0,0.0,0.0,0.0,11.0,0.0,6.0,0.0,0.0,4.0,0.0,0.0,2.0,1.0,0.0,0.0,0.0,0.0,1.0,0.0,2.0,2.0,2.0,2.0,2.0,2.0,1.0,2.0,0.0,0.0,2.0,0.0,3.0,2.0,0.0,1.0,0.0,1.0,3.0,14.0,4.0,2.0,10.0,14.0,14.0,6.0,16.0,Cc1cc(C(=O)NC2CCOCC2)nn1Cc1cc(Cl)cc2cc(C(C)C)oc12
CHEMBL1914467,Active,23.0,5.0,3.0,0.0,0.0,1.0,26.0,11.0,5.0,0.0,0.0,2.0,0.0,2.0,1.0,0.0,0.0,0.0,27.0,6.0,7.0,0.0,0.0,2.0,0.0,2.0,1.0,25.0,6.0,6.0,0.0,0.0,3.0,0.0,3.0,2.0,0.0,24.0,10.0,4.0,0.0,0.0,1.0,1.0,1.0,1.0,27.0,7.0,4.0,0.0,0.0,2.0,0.0,2.0,0.0,1.0,0.0,0.0,25.0,5.0,3.0,0.0,0.0,5.0,0.0,5.0,15.0,6.0,2.0,0.0,0.0,3.0,0.0,3.0,1.0,0.0,0.0,15.0,6.0,4.0,0.0,0.0,1.0,0.0,1.0,0.0,1.0,16.0,2.0,3.0,0.0,0.0,1.0,1.0,0.0,0.0,0.0,1.0,2.0,0.0,0.0,0.0,1.0,0.0,0.0,0.0,6.0,1.0,3.0,1.0,0.0,1.0,0.0,0.0,0.0,0.0,0.0,0.0,0.0,0.0,0.0,0.0,0.0,0.0,2.0,2.0,0.0,2.0,1.0,0.0,0.0,0.0,1.0,0.0,1.0,1.0,0.0,1.0,0.0,1.0,3.0,20.0,3.0,2.0,8.0,8.0,8.0,5.0,23.0,Cc1cc(C(=O)NC2CC2)nn1Cc1cc(Cl)cc2cc(-c3ccccc3)oc12
CHEMBL1915256,Active,25.0,7.0,3.0,0.0,0.0,1.0,32.0,12.0,5.0,0.0,0.0,2.0,0.0,2.0,1.0,0.0,0.0,0.0,30.0,9.0,7.0,0.0,0.0,2.0,0.0,2.0,1.0,26.0,9.0,5.0,0.0,0.0,3.0,0.0,3.0,2.0,0.0,27.0,9.0,6.0,0.0,0.0,1.0,1.0,1.0,1.0,30.0,9.0,6.0,0.0,0.0,2.0,0.0,2.0,0.0,1.0,0.0,0.0,27.0,10.0,3.0,0.0,0.0,5.0,0.0,5.0,20.0,9.0,2.0,0.0,0.0,3.0,0.0,3.0,1.0,0.0,0.0,19.0,7.0,4.0,0.0,0.0,1.0,0.0,1.0,0.0,1.0,20.0,4.0,2.0,0.0,0.0,1.0,1.0,0.0,0.0,0.0,1.0,6.0,3.0,2.0,0.0,1.0,0.0,0.0,0.0,9.0,1.0,5.0,1.0,0.0,5.0,2.0,1.0,4.0,1.0,0.0,0.0,0.0,0.0,0.0,6.0,0.0,0.0,3.0,3.0,0.0,4.0,2.0,0.0,0.0,0.0,1.0,0.0,1.0,2.0,0.0,1.0,0.0,1.0,3.0,20.0,4.0,2.0,10.0,12.0,12.0,6.0,22.0,Cc1cc(C(=O)NCC2CCNCC2)nn1Cc1cc(Cl)cc2cc(-c3ccccc3)oc12
CHEMBL456707,Active,28.0,0.0,4.0,0.0,0.0,1.0,37.0,0.0,5.0,0.0,0.0,2.0,0.0,2.0,0.0,0.0,0.0,0.0,37.0,0.0,9.0,0.0,0.0,2.0,0.0,2.0,0.0,35.0,0.0,11.0,0.0,0.0,2.0,0.0,2.0,0.0,0.0,39.0,0.0,10.0,0.0,0.0,2.0,2.0,0.0,1.0,38.0,0.0,9.0,0.0,0.0,4.0,0.0,4.0,0.0,0.0,0.0,0.0,32.0,0.0,9.0,0.0,0.0,4.0,0.0,4.0,26.0,0.0,5.0,0.0,0.0,5.0,0.0,5.0,2.0,0.0,0.0,20.0,0.0,4.0,0.0,0.0,3.0,0.0,3.0,0.0,2.0,16.0,0.0,2.0,0.0,0.0,1.0,1.0,0.0,0.0,0.0,0.0,1.0,0.0,0.0,0.0,0.0,1.0,0.0,1.0,2.0,0.0,0.0,0.0,0.0,0.0,0.0,0.0,0.0,0.0,0.0,0.0,0.0,0.0,0.0,0.0,0.0,0.0,0.0,0.0,0.0,0.0,0.0,2.0,0.0,0.0,3.0,2.0,0.0,0.0,0.0,3.0,0.0,0.0,0.0,24.0,0.0,2.0,4.0,3.0,3.0,4.0,25.0,O=C(O)c1ccccc1-c1ccccc1-c1cc(Cl)ccc1OCc1ccccc1
CHEMBL458858,Inactive,25.0,2.0,4.0,0.0,0.0,1.0,32.0,4.0,5.0,0.0,0.0,2.0,0.0,2.0,0.0,0.0,0.0,0.0,30.0,3.0,7.0,0.0,0.0,2.0,0.0,2.0,2.0,30.0,3.0,9.0,0.0,0.0,2.0,0.0,2.0,0.0,0.0,35.0,3.0,7.0,0.0,0.0,2.0,2.0,0.0,1.0,35.0,2.0,6.0,0.0,0.0,4.0,0.0,4.0,1.0,0.0,0.0,0.0,29.0,2.0,8.0,0.0,0.0,3.0,0.0,3.0,22.0,1.0,8.0,0.0,0.0,4.0,0.0,4.0,0.0,0.0,0.0,16.0,2.0,4.0,0.0,0.0,4.0,0.0,4.0,2.0,0.0,10.0,2.0,4.0,0.0,0.0,0.0,0.0,0.0,2.0,2.0,1.0,5.0,3.0,3.0,1.0,0.0,0.0,0.0,0.0,7.0,1.0,6.0,1.0,0.0,7.0,2.0,1.0,7.0,3.0,1.0,0.0,0.0,1.0,2.0,0.0,2.0,2.0,0.0,0.0,1.0,0.0,0.0,2.0,0.0,0.0,3.0,0.0,0.0,4.0,0.0,1.0,0.0,1.0,1.0,18.0,1.0,2.0,6.0,7.0,7.0,4.0,19.0,O=C([O-])c1cccc(-c2ccccc2-c2cc(Cl)ccc2OCC2CCCC2)n1.[Na+]
CHEMBL228746,Active,30.0,3.0,4.0,0.0,1.0,2.0,40.0,6.0,5.0,0.0,2.0,0.0,2.0,4.0,0.0,0.0,0.0,0.0,42.0,4.0,9.0,0.0,2.0,0.0,2.0,4.0,0.0,39.0,5.0,10.0,0.0,1.0,0.0,2.0,3.0,1.0,0.0,41.0,4.0,10.0,0.0,1.0,0.0,2.0,2.0,1.0,45.0,2.0,9.0,0.0,0.0,0.0,4.0,4.0,0.0,0.0,1.0,1.0,41.0,2.0,10.0,0.0,1.0,0.0,4.0,5.0,34.0,2.0,7.0,0.0,2.0,0.0,4.0,6.0,0.0,0.0,0.0,28.0,1.0,6.0,0.0,3.0,0.0,5.0,8.0,2.0,0.0,22.0,0.0,5.0,0.0,2.0,0.0,5.0,1.0,0.0,2.0,0.0,1.0,0.0,0.0,0.0,1.0,1.0,1.0,1.0,3.0,0.0,0.0,0.0,0.0,0.0,0.0,0.0,0.0,0.0,0.0,0.0,0.0,0.0,0.0,0.0,0.0,0.0,0.0,0.0,0.0,0.0,0.0,2.0,1.0,1.0,3.0,2.0,1.0,0.0,0.0,3.0,1.0,0.0,1.0,27.0,1.0,2.0,7.0,4.0,4.0,4.0,28.0,Cc1ccc(-c2cc(Br)ccc2OCc2ccc(F)cc2)n1-c1cc(C(=O)O)c2ccccc2c1
CHEMBL208684,Active,24.0,3.0,4.0,0.0,0.0,1.0,31.0,6.0,5.0,0.0,0.0,0.0,2.0,2.0,0.0,0.0,0.0,0.0,29.0,4.0,9.0,0.0,0.0,0.0,2.0,2.0,0.0,30.0,4.0,8.0,0.0,0.0,0.0,2.0,2.0,1.0,0.0,36.0,2.0,5.0,0.0,0.0,0.0,1.0,2.0,1.0,36.0,1.0,7.0,0.0,0.0,0.0,4.0,4.0,0.0,0.0,0.0,0.0,27.0,2.0,10.0,0.0,0.0,0.0,4.0,4.0,21.0,2.0,6.0,0.0,0.0,0.0,4.0,4.0,0.0,0.0,0.0,18.0,0.0,4.0,0.0,0.0,0.0,4.0,4.0,2.0,0.0,12.0,0.0,4.0,0.0,0.0,0.0,0.0,0.0,0.0,2.0,1.0,5.0,3.0,3.0,1.0,1.0,1.0,0.0,1.0,8.0,1.0,6.0,1.0,0.0,7.0,2.0,1.0,7.0,3.0,1.0,0.0,0.0,1.0,2.0,0.0,2.0,2.0,0.0,0.0,1.0,0.0,0.0,2.0,0.0,0.0,3.0,1.0,1.0,4.0,0.0,2.0,0.0,0.0,1.0,17.0,1.0,2.0,7.0,9.0,9.0,4.0,19.0,Cc1ccc(-c2cc(Br)ccc2OCC2CCCC2)n1-c1cccc(C(=O)O)c1
CHEMBL438126,Inactive,28.0,5.0,3.0,0.0,0.0,1.0,37.0,9.0,4.0,0.0,0.0,2.0,0.0,2.0,1.0,0.0,0.0,0.0,39.0,7.0,7.0,0.0,0.0,2.0,0.0,2.0,0.0,37.0,5.0,7.0,0.0,0.0,2.0,0.0,2.0,1.0,0.0,37.0,6.0,6.0,0.0,0.0,1.0,1.0,0.0,1.0,37.0,7.0,4.0,0.0,0.0,4.0,0.0,4.0,1.0,0.0,0.0,0.0,39.0,4.0,4.0,0.0,0.0,4.0,0.0,4.0,34.0,4.0,5.0,0.0,0.0,4.0,0.0,4.0,0.0,0.0,0.0,26.0,3.0,4.0,0.0,0.0,3.0,0.0,3.0,0.0,0.0,22.0,1.0,4.0,0.0,0.0,3.0,3.0,0.0,0.0,0.0,0.0,1.0,0.0,0.0,0.0,2.0,1.0,0.0,1.0,6.0,0.0,2.0,0.0,0.0,1.0,0.0,0.0,0.0,0.0,0.0,0.0,0.0,0.0,0.0,0.0,0.0,0.0,0.0,0.0,0.0,1.0,0.0,2.0,0.0,0.0,2.0,1.0,2.0,0.0,0.0,2.0,0.0,0.0,1.0,23.0,2.0,6.0,8.0,5.0,5.0,3.0,25.0,Cc1cc(=O)[nH]c2cc(-n3c(C)ccc3-c3cc(Cl)ccc3OCc3ccccc3)ccc12
CHEMBL393743,Inactive,27.0,7.0,2.0,0.0,2.0,3.0,35.0,10.0,3.0,0.0,4.0,0.0,2.0,6.0,0.0,0.0,0.0,0.0,35.0,10.0,5.0,0.0,5.0,0.0,2.0,7.0,0.0,36.0,8.0,4.0,0.0,2.0,0.0,2.0,4.0,1.0,0.0,42.0,4.0,4.0,0.0,2.0,0.0,3.0,0.0,1.0,41.0,7.0,3.0,0.0,2.0,0.0,4.0,6.0,0.0,0.0,1.0,1.0,34.0,11.0,2.0,0.0,4.0,0.0,4.0,8.0,34.0,6.0,2.0,0.0,4.0,0.0,4.0,8.0,0.0,0.0,0.0,28.0,5.0,0.0,0.0,6.0,0.0,4.0,10.0,0.0,0.0,21.0,4.0,2.0,0.0,5.0,0.0,6.0,3.0,0.0,0.0,0.0,1.0,0.0,0.0,0.0,1.0,0.0,2.0,0.0,2.0,0.0,0.0,0.0,0.0,0.0,0.0,0.0,0.0,0.0,0.0,0.0,0.0,0.0,0.0,0.0,0.0,0.0,0.0,0.0,0.0,0.0,0.0,1.0,2.0,2.0,1.0,1.0,1.0,0.0,0.0,0.0,2.0,2.0,3.0,29.0,3.0,0.0,9.0,3.0,3.0,3.0,27.0,Cc1ccc(-c2cc(Br)ccc2OCc2ccc(F)cc2F)n1-c1cccc(-c2ncccn2)c1
CHEMBL399800,Inactive,30.0,7.0,3.0,0.0,0.0,1.0,38.0,11.0,4.0,0.0,0.0,2.0,0.0,2.0,1.0,0.0,0.0,0.0,38.0,8.0,8.0,0.0,0.0,2.0,0.0,2.0,0.0,36.0,9.0,7.0,0.0,0.0,2.0,0.0,2.0,1.0,0.0,43.0,5.0,6.0,0.0,0.0,1.0,1.0,2.0,1.0,45.0,6.0,7.0,0.0,0.0,4.0,0.0,4.0,0.0,0.0,0.0,0.0,39.0,9.0,7.0,0.0,0.0,4.0,0.0,4.0,37.0,6.0,4.0,0.0,0.0,4.0,0.0,4.0,0.0,0.0,0.0,32.0,7.0,2.0,0.0,0.0,4.0,0.0,4.0,1.0,0.0,28.0,7.0,3.0,0.0,0.0,1.0,1.0,1.0,1.0,1.0,0.0,2.0,0.0,0.0,0.0,1.0,0.0,0.0,0.0,4.0,0.0,0.0,0.0,0.0,0.0,0.0,0.0,0.0,0.0,0.0,0.0,0.0,0.0,0.0,0.0,0.0,0.0,0.0,0.0,0.0,2.0,1.0,1.0,0.0,0.0,2.0,1.0,1.0,0.0,0.0,2.0,0.0,1.0,2.0,29.0,2.0,2.0,10.0,6.0,6.0,7.0,30.0,Cc1ccc(-c2cc(Cl)ccc2OCc2ccccc2)n1-c1cccc(C(=O)NCc2ccccn2)c1
CHEMBL393374,Inactive,25.0,4.0,3.0,0.0,2.0,2.0,32.0,7.0,4.0,0.0,4.0,0.0,0.0,4.0,1.0,0.0,0.0,0.0,32.0,6.0,7.0,0.0,5.0,0.0,0.0,5.0,0.0,31.0,6.0,6.0,0.0,2.0,0.0,0.0,2.0,1.0,0.0,36.0,3.0,5.0,0.0,2.0,0.0,2.0,1.0,0.0,37.0,3.0,5.0,0.0,2.0,0.0,0.0,2.0,0.0,0.0,1.0,1.0,29.0,6.0,6.0,0.0,4.0,0.0,0.0,4.0,24.0,4.0,4.0,0.0,4.0,0.0,0.0,4.0,0.0,0.0,0.0,20.0,3.0,2.0,0.0,6.0,0.0,0.0,6.0,1.0,0.0,15.0,2.0,2.0,0.0,5.0,0.0,5.0,1.0,0.0,0.0,0.0,1.0,0.0,0.0,0.0,1.0,0.0,2.0,0.0,3.0,0.0,0.0,0.0,0.0,0.0,0.0,0.0,0.0,0.0,0.0,0.0,0.0,0.0,0.0,0.0,0.0,0.0,0.0,0.0,0.0,1.0,0.0,1.0,2.0,2.0,2.0,1.0,1.0,0.0,0.0,2.0,2.0,0.0,1.0,23.0,1.0,2.0,7.0,4.0,4.0,4.0,24.0,Cc1ccc(-c2ccccc2OCc2ccc(F)cc2F)n1-c1cccc(C(N)=O)c1
CHEMBL233138,Active,25.0,6.0,3.0,0.0,2.0,3.0,35.0,7.0,4.0,0.0,4.0,0.0,2.0,6.0,1.0,0.0,0.0,0.0,34.0,6.0,9.0,0.0,5.0,0.0,2.0,7.0,0.0,35.0,5.0,6.0,0.0,2.0,0.0,2.0,4.0,1.0,0.0,38.0,4.0,5.0,0.0,2.0,0.0,3.0,0.0,1.0,37.0,1.0,3.0,0.0,2.0,0.0,4.0,6.0,1.0,0.0,1.0,1.0,31.0,6.0,4.0,0.0,4.0,0.0,4.0,8.0,28.0,6.0,5.0,0.0,4.0,0.0,4.0,8.0,0.0,0.0,0.0,28.0,3.0,3.0,0.0,6.0,0.0,3.0,9.0,0.0,0.0,20.0,2.0,2.0,0.0,5.0,0.0,7.0,1.0,0.0,0.0,0.0,1.0,0.0,0.0,0.0,3.0,0.0,2.0,0.0,5.0,0.0,0.0,0.0,0.0,0.0,0.0,0.0,0.0,0.0,0.0,0.0,0.0,0.0,0.0,0.0,0.0,0.0,0.0,0.0,0.0,3.0,3.0,1.0,2.0,2.0,2.0,1.0,1.0,0.0,0.0,2.0,2.0,0.0,1.0,23.0,1.0,2.0,9.0,5.0,5.0,5.0,25.0,Cc1ccc(-c2cc(Br)ccc2OCc2ccc(F)cc2F)n1-c1ccc(C(=O)N(C)C)cc1
CHEMBL232544,Active,27.0,3.0,3.0,0.0,8.0,9.0,35.0,6.0,6.0,0.0,10.0,0.0,2.0,12.0,0.0,6.0,6.0,6.0,36.0,4.0,7.0,0.0,17.0,0.0,2.0,19.0,0.0,35.0,4.0,6.0,0.0,14.0,0.0,2.0,16.0,1.0,0.0,38.0,4.0,5.0,0.0,14.0,0.0,15.0,1.0,1.0,41.0,1.0,5.0,0.0,8.0,0.0,4.0,12.0,0.0,6.0,1.0,1.0,37.0,2.0,6.0,0.0,16.0,0.0,4.0,20.0,28.0,2.0,4.0,0.0,28.0,0.0,4.0,32.0,0.0,0.0,0.0,24.0,1.0,4.0,0.0,18.0,0.0,4.0,22.0,1.0,0.0,19.0,0.0,2.0,0.0,17.0,0.0,20.0,1.0,0.0,7.0,0.0,1.0,0.0,0.0,0.0,1.0,1.0,8.0,1.0,5.0,0.0,2.0,0.0,0.0,1.0,0.0,0.0,0.0,0.0,0.0,0.0,0.0,0.0,0.0,0.0,0.0,0.0,0.0,0.0,2.0,0.0,0.0,2.0,8.0,2.0,2.0,2.0,1.0,0.0,6.0,0.0,2.0,0.0,1.0,23.0,1.0,0.0,6.0,4.0,4.0,6.0,26.0,Cc1ccc(-c2cc(Br)ccc2OCc2ccc(F)cc2F)n1-c1cccc(C(O)(C(F)(F)F)C(F)(F)F)c1
CHEMBL232543,Active,31.0,4.0,3.0,1.0,0.0,1.0,38.0,8.0,6.0,3.0,0.0,2.0,0.0,2.0,3.0,0.0,0.0,0.0,36.0,8.0,13.0,3.0,0.0,2.0,0.0,2.0,0.0,34.0,7.0,13.0,3.0,0.0,2.0,0.0,2.0,1.0,0.0,40.0,4.0,13.0,2.0,0.0,1.0,1.0,0.0,1.0,42.0,1.0,9.0,3.0,0.0,4.0,0.0,4.0,2.0,0.0,0.0,0.0,37.0,5.0,9.0,4.0,0.0,4.0,0.0,4.0,32.0,7.0,9.0,2.0,0.0,4.0,0.0,4.0,0.0,0.0,0.0,28.0,5.0,6.0,2.0,0.0,3.0,0.0,3.0,0.0,0.0,25.0,4.0,8.0,2.0,0.0,1.0,1.0,0.0,0.0,0.0,0.0,1.0,0.0,0.0,0.0,1.0,0.0,0.0,0.0,3.0,0.0,0.0,0.0,0.0,0.0,0.0,0.0,0.0,0.0,0.0,0.0,0.0,0.0,0.0,0.0,0.0,0.0,0.0,0.0,0.0,1.0,0.0,1.0,0.0,0.0,4.0,1.0,1.0,0.0,0.0,2.0,0.0,0.0,1.0,29.0,1.0,6.0,8.0,5.0,5.0,7.0,32.0,Cc1ccc(-c2cc(Cl)ccc2OCc2ccccc2)n1-c1ccc(S(=O)(=O)NC(=O)c2ccccc2)cc1
CHEMBL234924,Inactive,28.0,1.0,4.0,0.0,0.0,0.0,38.0,1.0,5.0,0.0,0.0,0.0,0.0,0.0,0.0,0.0,0.0,0.0,35.0,2.0,9.0,0.0,0.0,0.0,0.0,0.0,0.0,34.0,2.0,9.0,0.0,0.0,0.0,0.0,0.0,0.0,0.0,36.0,2.0,9.0,0.0,0.0,0.0,0.0,0.0,0.0,38.0,2.0,6.0,0.0,0.0,0.0,0.0,0.0,1.0,0.0,0.0,0.0,32.0,4.0,8.0,0.0,0.0,0.0,0.0,0.0,29.0,3.0,6.0,0.0,0.0,0.0,0.0,0.0,0.0,0.0,0.0,23.0,4.0,4.0,0.0,0.0,0.0,0.0,0.0,2.0,0.0,14.0,4.0,6.0,0.0,0.0,0.0,0.0,0.0,0.0,0.0,0.0,4.0,0.0,2.0,1.0,0.0,1.0,0.0,1.0,8.0,0.0,4.0,0.0,2.0,3.0,0.0,0.0,2.0,1.0,0.0,0.0,0.0,0.0,0.0,0.0,0.0,0.0,0.0,0.0,0.0,0.0,0.0,2.0,0.0,0.0,3.0,2.0,0.0,3.0,0.0,2.0,0.0,0.0,0.0,18.0,0.0,6.0,5.0,7.0,7.0,6.0,21.0,N#Cc1ccc(OCc2ccccc2)c(C2=C(c3cccc(C(=O)O)c3)CCC2)c1
CHEMBL265086,Inactive,27.0,0.0,4.0,2.0,0.0,0.0,37.0,0.0,9.0,2.0,0.0,0.0,0.0,0.0,0.0,0.0,0.0,0.0,35.0,0.0,13.0,2.0,0.0,0.0,0.0,0.0,0.0,34.0,0.0,13.0,2.0,0.0,0.0,0.0,0.0,0.0,0.0,36.0,0.0,12.0,2.0,0.0,0.0,0.0,0.0,0.0,36.0,0.0,11.0,4.0,0.0,0.0,0.0,0.0,0.0,0.0,0.0,0.0,33.0,0.0,16.0,3.0,0.0,0.0,0.0,0.0,28.0,0.0,12.0,4.0,0.0,0.0,0.0,0.0,0.0,0.0,0.0,23.0,0.0,12.0,4.0,0.0,0.0,0.0,0.0,2.0,0.0,17.0,0.0,12.0,1.0,0.0,0.0,0.0,0.0,0.0,0.0,0.0,4.0,0.0,2.0,1.0,1.0,1.0,0.0,1.0,8.0,0.0,4.0,0.0,2.0,3.0,0.0,0.0,2.0,1.0,0.0,0.0,0.0,0.0,0.0,0.0,0.0,0.0,0.0,0.0,0.0,0.0,0.0,2.0,0.0,0.0,5.0,2.0,0.0,3.0,0.0,2.0,0.0,0.0,0.0,18.0,0.0,10.0,6.0,8.0,8.0,7.0,22.0,CS(=O)(=O)c1ccc(OCc2ccccc2)c(C2=C(c3cccc(C(=O)O)c3)CCC2)c1
CHEMBL234709,Active,27.0,0.0,4.0,2.0,2.0,2.0,37.0,0.0,5.0,2.0,4.0,0.0,0.0,4.0,0.0,0.0,0.0,0.0,35.0,0.0,9.0,2.0,5.0,0.0,0.0,5.0,0.0,34.0,0.0,9.0,2.0,2.0,0.0,0.0,2.0,0.0,0.0,36.0,0.0,8.0,2.0,2.0,0.0,2.0,0.0,0.0,36.0,0.0,7.0,4.0,2.0,0.0,0.0,2.0,0.0,0.0,1.0,1.0,33.0,0.0,8.0,3.0,4.0,0.0,0.0,4.0,28.0,0.0,6.0,4.0,5.0,0.0,0.0,5.0,0.0,0.0,0.0,23.0,0.0,4.0,4.0,6.0,0.0,0.0,6.0,2.0,0.0,17.0,0.0,4.0,1.0,6.0,0.0,6.0,0.0,0.0,0.0,0.0,4.0,0.0,2.0,1.0,1.0,1.0,2.0,1.0,8.0,0.0,4.0,0.0,2.0,3.0,0.0,0.0,2.0,1.0,0.0,0.0,0.0,0.0,0.0,0.0,0.0,0.0,0.0,0.0,0.0,0.0,0.0,2.0,2.0,2.0,3.0,2.0,0.0,3.0,0.0,2.0,2.0,0.0,0.0,18.0,0.0,6.0,6.0,8.0,8.0,7.0,21.0,CSc1ccc(OCc2ccc(F)cc2F)c(C2=C(c3cccc(C(=O)O)c3)CCC2)c1
CHEMBL389596,Active,27.0,0.0,4.0,2.0,1.0,1.0,37.0,0.0,5.0,2.0,2.0,0.0,0.0,2.0,0.0,0.0,0.0,0.0,35.0,0.0,9.0,2.0,2.0,0.0,0.0,2.0,0.0,34.0,0.0,9.0,2.0,1.0,0.0,0.0,1.0,0.0,0.0,36.0,0.0,8.0,2.0,1.0,0.0,1.0,0.0,0.0,36.0,0.0,7.0,4.0,0.0,0.0,0.0,0.0,0.0,0.0,1.0,1.0,33.0,0.0,8.0,3.0,1.0,0.0,0.0,1.0,28.0,0.0,6.0,4.0,2.0,0.0,0.0,2.0,0.0,0.0,0.0,23.0,0.0,4.0,4.0,3.0,0.0,0.0,3.0,2.0,0.0,17.0,0.0,4.0,1.0,3.0,0.0,3.0,0.0,0.0,0.0,0.0,4.0,0.0,2.0,1.0,1.0,1.0,1.0,1.0,8.0,0.0,4.0,0.0,2.0,3.0,0.0,0.0,2.0,1.0,0.0,0.0,0.0,0.0,0.0,0.0,0.0,0.0,0.0,0.0,0.0,0.0,0.0,2.0,1.0,1.0,3.0,2.0,0.0,3.0,0.0,2.0,1.0,0.0,0.0,18.0,0.0,6.0,6.0,8.0,8.0,7.0,21.0,CSc1ccc(OCc2ccc(F)cc2)c(C2=C(c3cccc(C(=O)O)c3)CCC2)c1
CHEMBL234281,Inactive,27.0,0.0,4.0,2.0,0.0,0.0,37.0,0.0,5.0,2.0,0.0,0.0,0.0,0.0,0.0,0.0,0.0,0.0,35.0,0.0,9.0,2.0,0.0,0.0,0.0,0.0,0.0,34.0,0.0,9.0,2.0,0.0,0.0,0.0,0.0,0.0,0.0,36.0,0.0,8.0,2.0,0.0,0.0,0.0,0.0,0.0,36.0,0.0,7.0,4.0,0.0,0.0,0.0,0.0,0.0,0.0,0.0,0.0,33.0,0.0,8.0,3.0,0.0,0.0,0.0,0.0,28.0,0.0,6.0,4.0,0.0,0.0,0.0,0.0,0.0,0.0,0.0,23.0,0.0,4.0,4.0,0.0,0.0,0.0,0.0,2.0,0.0,17.0,0.0,4.0,1.0,0.0,0.0,0.0,0.0,0.0,0.0,0.0,4.0,0.0,2.0,1.0,1.0,1.0,0.0,1.0,8.0,0.0,4.0,0.0,2.0,3.0,0.0,0.0,2.0,1.0,0.0,0.0,0.0,0.0,0.0,0.0,0.0,0.0,0.0,0.0,0.0,0.0,0.0,2.0,0.0,0.0,3.0,2.0,0.0,3.0,0.0,2.0,0.0,0.0,0.0,18.0,0.0,6.0,6.0,8.0,8.0,7.0,21.0,CSc1ccc(OCc2ccccc2)c(C2=C(c3cccc(C(=O)O)c3)CCC2)c1
CHEMBL233230,Active,27.0,0.0,4.0,0.0,2.0,2.0,36.0,0.0,5.0,0.0,4.0,0.0,0.0,4.0,0.0,0.0,0.0,0.0,33.0,0.0,9.0,0.0,5.0,0.0,0.0,5.0,0.0,32.0,0.0,9.0,0.0,2.0,0.0,0.0,2.0,0.0,0.0,34.0,0.0,8.0,0.0,2.0,0.0,2.0,0.0,0.0,34.0,0.0,6.0,0.0,2.0,0.0,0.0,2.0,0.0,0.0,1.0,1.0,29.0,0.0,8.0,0.0,4.0,0.0,0.0,4.0,25.0,0.0,6.0,0.0,5.0,0.0,0.0,5.0,0.0,0.0,0.0,19.0,0.0,4.0,0.0,6.0,0.0,0.0,6.0,2.0,0.0,13.0,0.0,4.0,0.0,5.0,0.0,5.0,0.0,0.0,0.0,0.0,4.0,0.0,2.0,1.0,0.0,1.0,2.0,1.0,7.0,0.0,4.0,0.0,2.0,3.0,0.0,0.0,2.0,1.0,0.0,0.0,0.0,0.0,0.0,0.0,0.0,0.0,0.0,0.0,0.0,0.0,0.0,2.0,2.0,2.0,3.0,2.0,0.0,3.0,0.0,2.0,2.0,0.0,0.0,18.0,0.0,6.0,4.0,7.0,7.0,6.0,21.0,O=C(O)c1cccc(C2=C(c3ccccc3OCc3ccc(F)cc3F)CCC2)c1
CHEMBL378197,Inactive,18.0,3.0,4.0,0.0,3.0,4.0,22.0,7.0,5.0,0.0,3.0,0.0,2.0,5.0,0.0,3.0,3.0,3.0,18.0,6.0,7.0,0.0,6.0,0.0,2.0,8.0,2.0,15.0,4.0,7.0,0.0,3.0,0.0,2.0,5.0,3.0,0.0,18.0,4.0,4.0,0.0,3.0,0.0,3.0,1.0,7.0,22.0,3.0,4.0,0.0,3.0,0.0,2.0,5.0,0.0,1.0,0.0,0.0,19.0,3.0,6.0,0.0,6.0,0.0,3.0,9.0,13.0,4.0,4.0,0.0,6.0,0.0,4.0,10.0,2.0,3.0,3.0,9.0,3.0,4.0,0.0,6.0,0.0,2.0,8.0,0.0,2.0,9.0,1.0,2.0,0.0,3.0,0.0,4.0,0.0,0.0,0.0,0.0,2.0,0.0,0.0,0.0,0.0,1.0,3.0,1.0,4.0,0.0,0.0,0.0,0.0,0.0,0.0,0.0,0.0,0.0,0.0,0.0,0.0,0.0,0.0,0.0,0.0,0.0,0.0,0.0,0.0,0.0,0.0,2.0,3.0,0.0,3.0,1.0,0.0,0.0,3.0,2.0,0.0,1.0,2.0,17.0,2.0,2.0,7.0,5.0,5.0,7.0,18.0,O=C(O)c1nn(Cc2cc(Br)ccc2OCc2ccccc2)cc1C(F)(F)F
CHEMBL380297,Inactive,18.0,3.0,4.0,0.0,0.0,1.0,22.0,7.0,5.0,0.0,0.0,0.0,2.0,2.0,0.0,0.0,0.0,0.0,18.0,6.0,7.0,0.0,0.0,0.0,2.0,2.0,2.0,15.0,4.0,7.0,0.0,0.0,0.0,2.0,2.0,3.0,0.0,18.0,4.0,4.0,0.0,0.0,0.0,0.0,1.0,1.0,22.0,3.0,4.0,0.0,0.0,0.0,2.0,2.0,0.0,1.0,0.0,0.0,19.0,3.0,6.0,0.0,0.0,0.0,3.0,3.0,13.0,4.0,4.0,0.0,0.0,0.0,4.0,4.0,2.0,0.0,0.0,9.0,3.0,4.0,0.0,0.0,0.0,2.0,2.0,0.0,2.0,9.0,1.0,2.0,0.0,0.0,0.0,1.0,0.0,0.0,0.0,0.0,2.0,0.0,0.0,0.0,1.0,1.0,0.0,1.0,4.0,0.0,0.0,0.0,0.0,0.0,0.0,0.0,0.0,0.0,0.0,0.0,0.0,0.0,0.0,0.0,0.0,0.0,0.0,0.0,0.0,0.0,0.0,2.0,0.0,0.0,3.0,1.0,1.0,0.0,0.0,2.0,0.0,1.0,2.0,17.0,2.0,2.0,7.0,6.0,6.0,6.0,17.0,Cc1cn(Cc2cc(Br)ccc2OCc2ccccc2)nc1C(=O)O
CHEMBL232925,Inactive,23.0,4.0,2.0,1.0,0.0,3.0,27.0,8.0,4.0,4.0,0.0,6.0,0.0,6.0,4.0,0.0,0.0,0.0,24.0,8.0,9.0,5.0,0.0,9.0,0.0,9.0,1.0,19.0,8.0,13.0,4.0,0.0,5.0,0.0,5.0,0.0,1.0,22.0,10.0,13.0,3.0,0.0,1.0,1.0,2.0,2.0,24.0,13.0,12.0,1.0,0.0,4.0,0.0,4.0,2.0,2.0,0.0,2.0,25.0,11.0,5.0,1.0,0.0,4.0,0.0,4.0,22.0,6.0,3.0,2.0,0.0,3.0,0.0,3.0,0.0,0.0,0.0,21.0,3.0,5.0,2.0,0.0,4.0,0.0,4.0,0.0,0.0,23.0,1.0,4.0,1.0,0.0,8.0,8.0,0.0,4.0,4.0,0.0,2.0,0.0,0.0,0.0,2.0,0.0,0.0,0.0,4.0,0.0,0.0,0.0,0.0,0.0,0.0,0.0,0.0,0.0,0.0,0.0,0.0,0.0,0.0,0.0,0.0,0.0,0.0,0.0,0.0,1.0,0.0,0.0,0.0,0.0,2.0,0.0,2.0,1.0,0.0,0.0,0.0,2.0,3.0,23.0,3.0,4.0,7.0,6.0,6.0,7.0,22.0,Cc1ccc(S(=O)(=O)N(Cc2nnc(Cc3c(Cl)cccc3Cl)o2)c2cccc(Cl)c2C)cc1
CHEMBL231964,Inactive,24.0,4.0,2.0,1.0,0.0,0.0,28.0,8.0,4.0,4.0,0.0,0.0,0.0,0.0,4.0,0.0,0.0,0.0,26.0,8.0,9.0,5.0,0.0,0.0,0.0,0.0,1.0,21.0,9.0,13.0,4.0,0.0,0.0,0.0,0.0,0.0,1.0,24.0,10.0,13.0,4.0,0.0,0.0,0.0,2.0,0.0,26.0,13.0,14.0,1.0,0.0,0.0,0.0,0.0,2.0,0.0,0.0,0.0,27.0,12.0,6.0,1.0,0.0,0.0,0.0,0.0,25.0,7.0,3.0,2.0,0.0,0.0,0.0,0.0,0.0,0.0,0.0,23.0,3.0,5.0,2.0,0.0,0.0,0.0,0.0,0.0,0.0,25.0,1.0,4.0,1.0,0.0,0.0,0.0,0.0,0.0,0.0,0.0,3.0,0.0,0.0,0.0,2.0,0.0,0.0,0.0,5.0,0.0,1.0,0.0,0.0,0.0,0.0,0.0,0.0,0.0,0.0,0.0,0.0,0.0,0.0,0.0,0.0,0.0,0.0,0.0,0.0,1.0,0.0,0.0,0.0,0.0,2.0,0.0,2.0,2.0,0.0,0.0,0.0,2.0,3.0,23.0,3.0,4.0,7.0,7.0,7.0,8.0,22.0,CCc1ccccc1N(Cc1nnc(Cc2ccccc2)o1)S(=O)(=O)c1ccc(C)cc1
CHEMBL389994,Inactive,23.0,4.0,4.0,0.0,0.0,1.0,31.0,4.0,5.0,0.0,0.0,2.0,0.0,2.0,0.0,0.0,0.0,0.0,29.0,4.0,7.0,0.0,0.0,2.0,0.0,2.0,2.0,27.0,5.0,9.0,0.0,0.0,2.0,0.0,2.0,0.0,0.0,30.0,4.0,6.0,0.0,0.0,2.0,2.0,2.0,1.0,29.0,5.0,5.0,0.0,0.0,4.0,0.0,4.0,1.0,0.0,0.0,0.0,25.0,4.0,8.0,0.0,0.0,2.0,0.0,2.0,22.0,3.0,5.0,0.0,0.0,4.0,0.0,4.0,0.0,0.0,0.0,15.0,4.0,4.0,0.0,0.0,3.0,0.0,3.0,2.0,0.0,10.0,3.0,4.0,0.0,0.0,1.0,1.0,0.0,2.0,2.0,0.0,4.0,0.0,2.0,1.0,0.0,1.0,0.0,1.0,7.0,0.0,4.0,0.0,2.0,3.0,0.0,0.0,2.0,1.0,0.0,0.0,0.0,0.0,0.0,0.0,0.0,0.0,0.0,0.0,0.0,0.0,0.0,2.0,0.0,0.0,3.0,1.0,0.0,3.0,0.0,1.0,0.0,2.0,2.0,18.0,2.0,6.0,8.0,7.0,7.0,6.0,19.0,O=C(O)c1cc(C2=C(c3cc(Cl)ccc3OCc3ccccc3)CCC2)ncn1
CHEMBL387605,Active,27.0,0.0,4.0,0.0,2.0,3.0,36.0,0.0,5.0,0.0,4.0,0.0,2.0,6.0,0.0,0.0,0.0,0.0,33.0,0.0,9.0,0.0,5.0,0.0,2.0,7.0,0.0,32.0,0.0,9.0,0.0,2.0,0.0,2.0,4.0,0.0,0.0,34.0,0.0,8.0,0.0,2.0,0.0,4.0,0.0,1.0,34.0,0.0,6.0,0.0,2.0,0.0,4.0,6.0,0.0,0.0,1.0,1.0,29.0,0.0,8.0,0.0,4.0,0.0,3.0,7.0,25.0,0.0,6.0,0.0,5.0,0.0,4.0,9.0,0.0,0.0,0.0,19.0,0.0,4.0,0.0,6.0,0.0,4.0,10.0,2.0,0.0,13.0,0.0,4.0,0.0,5.0,0.0,6.0,0.0,0.0,2.0,0.0,4.0,0.0,2.0,1.0,0.0,1.0,2.0,1.0,7.0,0.0,4.0,0.0,2.0,3.0,0.0,0.0,2.0,1.0,0.0,0.0,0.0,0.0,0.0,0.0,0.0,0.0,0.0,0.0,0.0,0.0,0.0,2.0,2.0,2.0,3.0,2.0,0.0,3.0,0.0,2.0,2.0,0.0,0.0,18.0,0.0,6.0,4.0,7.0,7.0,6.0,21.0,O=C(O)c1cccc(C2=C(c3cc(Br)ccc3OCc3ccc(F)cc3F)CCC2)c1
CHEMBL234069,Inactive,27.0,0.0,4.0,0.0,0.0,3.0,36.0,0.0,5.0,0.0,0.0,4.0,2.0,6.0,0.0,0.0,0.0,0.0,33.0,0.0,9.0,0.0,0.0,4.0,2.0,6.0,0.0,32.0,0.0,9.0,0.0,0.0,3.0,2.0,5.0,0.0,0.0,34.0,0.0,8.0,0.0,0.0,1.0,3.0,0.0,2.0,34.0,0.0,6.0,0.0,0.0,1.0,4.0,5.0,0.0,0.0,0.0,1.0,29.0,0.0,8.0,0.0,0.0,3.0,3.0,6.0,25.0,0.0,6.0,0.0,0.0,5.0,4.0,9.0,0.0,0.0,0.0,19.0,0.0,4.0,0.0,0.0,6.0,4.0,10.0,2.0,0.0,13.0,0.0,4.0,0.0,0.0,6.0,7.0,0.0,0.0,2.0,0.0,4.0,0.0,2.0,1.0,0.0,1.0,0.0,1.0,7.0,0.0,4.0,0.0,2.0,3.0,0.0,0.0,2.0,1.0,0.0,0.0,0.0,0.0,0.0,0.0,0.0,0.0,0.0,0.0,0.0,0.0,0.0,2.0,0.0,0.0,3.0,2.0,0.0,3.0,0.0,2.0,0.0,0.0,0.0,18.0,0.0,6.0,4.0,7.0,7.0,6.0,21.0,O=C(O)c1cccc(C2=C(c3cc(Br)ccc3OCc3ccc(Cl)c(Cl)c3)CCC2)c1
CHEMBL467114,Active,20.0,2.0,4.0,0.0,1.0,3.0,24.0,4.0,5.0,0.0,2.0,4.0,0.0,6.0,0.0,0.0,0.0,0.0,22.0,2.0,7.0,0.0,3.0,4.0,0.0,7.0,2.0,18.0,2.0,8.0,0.0,1.0,3.0,0.0,4.0,0.0,0.0,20.0,2.0,6.0,0.0,1.0,2.0,3.0,1.0,1.0,23.0,2.0,4.0,0.0,2.0,2.0,0.0,4.0,0.0,1.0,0.0,1.0,21.0,1.0,6.0,0.0,3.0,4.0,0.0,7.0,15.0,2.0,4.0,0.0,2.0,6.0,0.0,8.0,2.0,0.0,0.0,10.0,2.0,4.0,0.0,1.0,5.0,0.0,6.0,0.0,2.0,9.0,1.0,2.0,0.0,2.0,3.0,5.0,0.0,0.0,0.0,0.0,2.0,0.0,0.0,0.0,0.0,0.0,1.0,0.0,3.0,0.0,0.0,0.0,0.0,0.0,0.0,0.0,0.0,0.0,0.0,0.0,0.0,0.0,0.0,0.0,0.0,0.0,0.0,0.0,0.0,0.0,0.0,2.0,1.0,1.0,3.0,1.0,0.0,1.0,0.0,1.0,1.0,1.0,1.0,18.0,1.0,2.0,6.0,4.0,4.0,6.0,18.0,O=C([O-])c1cccc(Cc2cc(Cl)ccc2OCc2ccc(Cl)cc2F)n1.[Na+]
CHEMBL511919,Inactive,17.0,2.0,4.0,0.0,0.0,1.0,18.0,4.0,5.0,0.0,0.0,2.0,0.0,2.0,0.0,0.0,0.0,0.0,17.0,2.0,7.0,0.0,0.0,2.0,0.0,2.0,2.0,17.0,2.0,6.0,0.0,0.0,2.0,0.0,2.0,0.0,0.0,18.0,2.0,5.0,0.0,0.0,1.0,1.0,1.0,1.0,18.0,2.0,4.0,0.0,0.0,2.0,0.0,2.0,0.0,1.0,0.0,0.0,13.0,1.0,6.0,0.0,0.0,3.0,0.0,3.0,8.0,2.0,4.0,0.0,0.0,4.0,0.0,4.0,2.0,0.0,0.0,6.0,0.0,4.0,0.0,0.0,0.0,0.0,0.0,0.0,2.0,4.0,0.0,2.0,0.0,0.0,0.0,0.0,0.0,0.0,0.0,1.0,3.0,1.0,0.0,0.0,0.0,0.0,0.0,0.0,6.0,2.0,4.0,2.0,0.0,3.0,0.0,0.0,1.0,0.0,0.0,0.0,0.0,0.0,0.0,0.0,1.0,2.0,0.0,0.0,1.0,0.0,0.0,2.0,0.0,0.0,3.0,0.0,0.0,2.0,0.0,1.0,0.0,1.0,1.0,12.0,1.0,2.0,6.0,7.0,7.0,6.0,15.0,O=C([O-])c1cccc(Cc2cc(Cl)ccc2OCC2CC2)n1.[Na+]
CHEMBL402392,Active,15.0,5.0,2.0,2.0,3.0,3.0,23.0,5.0,2.0,1.0,3.0,0.0,0.0,3.0,0.0,3.0,3.0,3.0,19.0,7.0,2.0,3.0,6.0,0.0,0.0,6.0,2.0,19.0,7.0,2.0,3.0,6.0,0.0,0.0,6.0,0.0,2.0,20.0,5.0,0.0,3.0,3.0,0.0,3.0,2.0,0.0,17.0,3.0,4.0,3.0,9.0,0.0,0.0,9.0,0.0,0.0,0.0,0.0,12.0,2.0,6.0,2.0,3.0,0.0,0.0,3.0,9.0,0.0,6.0,0.0,9.0,0.0,0.0,9.0,0.0,0.0,0.0,2.0,0.0,6.0,0.0,9.0,0.0,0.0,9.0,0.0,0.0,0.0,0.0,4.0,0.0,0.0,0.0,0.0,0.0,0.0,6.0,1.0,1.0,1.0,0.0,0.0,2.0,0.0,3.0,0.0,6.0,0.0,3.0,1.0,0.0,3.0,0.0,0.0,0.0,0.0,0.0,0.0,0.0,0.0,0.0,0.0,0.0,0.0,0.0,0.0,0.0,0.0,0.0,1.0,3.0,0.0,2.0,0.0,2.0,1.0,3.0,0.0,0.0,1.0,3.0,14.0,3.0,2.0,9.0,4.0,4.0,4.0,15.0,CC(C)Cc1cn(-c2nc(C(=O)[O-])cs2)c2cc(C(F)(F)F)ccc12.[Na+]
CHEMBL254764,Active,15.0,5.0,2.0,2.0,0.0,1.0,24.0,5.0,2.0,1.0,0.0,2.0,0.0,2.0,0.0,0.0,0.0,0.0,18.0,7.0,2.0,3.0,0.0,2.0,0.0,2.0,2.0,20.0,6.0,2.0,3.0,0.0,1.0,0.0,1.0,0.0,2.0,19.0,6.0,0.0,3.0,0.0,3.0,3.0,2.0,0.0,19.0,2.0,4.0,2.0,0.0,1.0,0.0,1.0,0.0,1.0,0.0,0.0,10.0,3.0,6.0,3.0,0.0,3.0,0.0,3.0,8.0,0.0,6.0,0.0,0.0,4.0,0.0,4.0,0.0,0.0,0.0,3.0,0.0,4.0,0.0,0.0,0.0,0.0,0.0,0.0,2.0,0.0,0.0,6.0,0.0,0.0,0.0,0.0,0.0,0.0,0.0,0.0,1.0,0.0,0.0,0.0,3.0,0.0,0.0,0.0,6.0,0.0,4.0,4.0,0.0,6.0,0.0,0.0,0.0,0.0,0.0,0.0,0.0,0.0,0.0,0.0,0.0,0.0,0.0,0.0,0.0,0.0,0.0,1.0,0.0,0.0,2.0,0.0,3.0,1.0,0.0,0.0,0.0,1.0,3.0,14.0,3.0,2.0,9.0,5.0,5.0,3.0,14.0,CC(C)(C)Cc1cn(-c2nc(C(=O)[O-])cs2)c2cc(Cl)ccc12.[Na+]
CHEMBL257464,Active,17.0,2.0,6.0,0.0,0.0,1.0,21.0,3.0,7.0,0.0,0.0,2.0,0.0,2.0,1.0,0.0,0.0,0.0,18.0,1.0,9.0,0.0,0.0,2.0,0.0,2.0,2.0,14.0,2.0,8.0,0.0,0.0,2.0,0.0,2.0,0.0,0.0,17.0,2.0,5.0,0.0,0.0,1.0,1.0,1.0,1.0,19.0,2.0,6.0,0.0,0.0,1.0,0.0,1.0,0.0,1.0,0.0,1.0,18.0,1.0,6.0,0.0,0.0,3.0,0.0,3.0,11.0,2.0,6.0,0.0,0.0,3.0,0.0,3.0,2.0,0.0,0.0,7.0,2.0,6.0,0.0,0.0,2.0,0.0,2.0,0.0,2.0,6.0,1.0,3.0,0.0,0.0,1.0,1.0,0.0,0.0,0.0,0.0,2.0,0.0,0.0,0.0,0.0,0.0,0.0,0.0,3.0,0.0,0.0,0.0,0.0,0.0,0.0,0.0,0.0,0.0,0.0,0.0,0.0,0.0,0.0,0.0,0.0,0.0,0.0,0.0,0.0,0.0,0.0,2.0,0.0,0.0,3.0,1.0,0.0,1.0,0.0,0.0,0.0,1.0,2.0,17.0,2.0,2.0,8.0,4.0,4.0,6.0,16.0,O=C([O-])c1coc(Cc2cc(Cl)ccc2OCc2ccccc2)n1.[Na+]
CHEMBL233134,Active,21.0,4.0,4.0,1.0,0.0,3.0,24.0,8.0,6.0,4.0,0.0,6.0,0.0,6.0,4.0,0.0,0.0,0.0,22.0,7.0,11.0,5.0,0.0,6.0,0.0,6.0,1.0,18.0,8.0,14.0,3.0,0.0,4.0,0.0,4.0,0.0,1.0,21.0,10.0,12.0,2.0,0.0,3.0,3.0,2.0,2.0,23.0,11.0,10.0,1.0,0.0,4.0,0.0,4.0,2.0,2.0,0.0,5.0,21.0,10.0,5.0,1.0,0.0,7.0,0.0,7.0,17.0,7.0,5.0,2.0,0.0,8.0,0.0,8.0,0.0,0.0,0.0,18.0,3.0,5.0,2.0,0.0,5.0,0.0,5.0,0.0,1.0,20.0,0.0,4.0,1.0,0.0,5.0,5.0,1.0,0.0,0.0,0.0,2.0,0.0,0.0,0.0,1.0,0.0,0.0,0.0,3.0,0.0,0.0,0.0,0.0,0.0,0.0,0.0,0.0,0.0,0.0,0.0,0.0,0.0,0.0,0.0,0.0,0.0,0.0,0.0,0.0,1.0,0.0,1.0,0.0,0.0,3.0,0.0,0.0,1.0,0.0,0.0,0.0,2.0,3.0,23.0,3.0,4.0,9.0,5.0,5.0,8.0,22.0,COc1ccc(Cc2nnc(CN(c3cccc(Cl)c3Cl)S(=O)(=O)c3ccc(Cl)cc3)o2)cc1
CHEMBL401432,Inactive,24.0,4.0,2.0,1.0,0.0,1.0,28.0,8.0,4.0,4.0,0.0,2.0,0.0,2.0,4.0,0.0,0.0,0.0,26.0,8.0,9.0,5.0,0.0,2.0,0.0,2.0,1.0,21.0,9.0,13.0,4.0,0.0,1.0,0.0,1.0,0.0,1.0,24.0,10.0,13.0,4.0,0.0,1.0,1.0,2.0,0.0,26.0,13.0,14.0,1.0,0.0,1.0,0.0,1.0,2.0,0.0,0.0,0.0,27.0,12.0,6.0,1.0,0.0,0.0,0.0,0.0,25.0,7.0,3.0,2.0,0.0,1.0,0.0,1.0,0.0,0.0,0.0,23.0,3.0,5.0,2.0,0.0,1.0,0.0,1.0,0.0,0.0,25.0,1.0,4.0,1.0,0.0,0.0,0.0,1.0,0.0,0.0,0.0,3.0,0.0,0.0,0.0,2.0,0.0,0.0,0.0,5.0,0.0,1.0,0.0,0.0,0.0,0.0,0.0,0.0,0.0,0.0,0.0,0.0,0.0,0.0,0.0,0.0,0.0,0.0,0.0,0.0,1.0,0.0,0.0,0.0,0.0,2.0,0.0,2.0,2.0,0.0,0.0,0.0,2.0,3.0,23.0,3.0,4.0,7.0,7.0,7.0,8.0,22.0,CCc1ccccc1N(Cc1nnc(Cc2ccc(Cl)cc2)o1)S(=O)(=O)c1ccc(C)cc1
CHEMBL428370,Active,27.0,0.0,4.0,0.0,0.0,2.0,36.0,0.0,5.0,0.0,0.0,2.0,2.0,4.0,0.0,0.0,0.0,0.0,33.0,0.0,9.0,0.0,0.0,2.0,2.0,4.0,0.0,32.0,0.0,9.0,0.0,0.0,1.0,2.0,3.0,0.0,0.0,34.0,0.0,8.0,0.0,0.0,1.0,3.0,0.0,1.0,34.0,0.0,6.0,0.0,0.0,0.0,4.0,4.0,0.0,0.0,0.0,1.0,29.0,0.0,8.0,0.0,0.0,1.0,3.0,4.0,25.0,0.0,6.0,0.0,0.0,2.0,4.0,6.0,0.0,0.0,0.0,19.0,0.0,4.0,0.0,0.0,3.0,4.0,7.0,2.0,0.0,13.0,0.0,4.0,0.0,0.0,3.0,4.0,0.0,0.0,2.0,0.0,4.0,0.0,2.0,1.0,0.0,1.0,0.0,1.0,7.0,0.0,4.0,0.0,2.0,3.0,0.0,0.0,2.0,1.0,0.0,0.0,0.0,0.0,0.0,0.0,0.0,0.0,0.0,0.0,0.0,0.0,0.0,2.0,0.0,0.0,3.0,2.0,0.0,3.0,0.0,2.0,0.0,0.0,0.0,18.0,0.0,6.0,4.0,7.0,7.0,6.0,21.0,O=C(O)c1cccc(C2=C(c3cc(Br)ccc3OCc3ccc(Cl)cc3)CCC2)c1
CHEMBL1915253,Active,22.0,5.0,3.0,0.0,0.0,1.0,27.0,11.0,5.0,0.0,0.0,2.0,0.0,2.0,1.0,0.0,0.0,0.0,27.0,6.0,7.0,0.0,0.0,2.0,0.0,2.0,1.0,25.0,6.0,6.0,0.0,0.0,3.0,0.0,3.0,2.0,0.0,24.0,10.0,4.0,0.0,0.0,1.0,1.0,1.0,1.0,27.0,7.0,4.0,0.0,0.0,2.0,0.0,2.0,0.0,1.0,0.0,0.0,25.0,5.0,3.0,0.0,0.0,5.0,0.0,5.0,15.0,6.0,2.0,0.0,0.0,3.0,0.0,3.0,1.0,0.0,0.0,15.0,6.0,4.0,0.0,0.0,1.0,0.0,1.0,0.0,1.0,16.0,2.0,3.0,0.0,0.0,1.0,1.0,0.0,0.0,0.0,1.0,1.0,0.0,0.0,0.0,3.0,0.0,0.0,0.0,6.0,0.0,2.0,0.0,0.0,1.0,0.0,0.0,0.0,0.0,0.0,0.0,0.0,0.0,0.0,0.0,0.0,0.0,2.0,2.0,0.0,2.0,1.0,0.0,0.0,0.0,1.0,0.0,3.0,0.0,0.0,1.0,0.0,1.0,3.0,20.0,3.0,2.0,8.0,7.0,7.0,5.0,21.0,Cc1cc(C(=O)NC(C)C)nn1Cc1cc(Cl)cc2cc(-c3ccccc3)oc12
CHEMBL390188,Active,27.0,0.0,4.0,0.0,1.0,3.0,36.0,0.0,5.0,0.0,2.0,2.0,2.0,6.0,0.0,0.0,0.0,0.0,33.0,0.0,9.0,0.0,3.0,2.0,2.0,7.0,0.0,32.0,0.0,9.0,0.0,1.0,1.0,2.0,4.0,0.0,0.0,34.0,0.0,8.0,0.0,1.0,1.0,4.0,0.0,1.0,34.0,0.0,6.0,0.0,2.0,0.0,4.0,6.0,0.0,0.0,0.0,1.0,29.0,0.0,8.0,0.0,3.0,1.0,3.0,7.0,25.0,0.0,6.0,0.0,3.0,2.0,4.0,9.0,0.0,0.0,0.0,19.0,0.0,4.0,0.0,3.0,3.0,4.0,10.0,2.0,0.0,13.0,0.0,4.0,0.0,2.0,3.0,6.0,0.0,0.0,2.0,0.0,4.0,0.0,2.0,1.0,0.0,1.0,1.0,1.0,7.0,0.0,4.0,0.0,2.0,3.0,0.0,0.0,2.0,1.0,0.0,0.0,0.0,0.0,0.0,0.0,0.0,0.0,0.0,0.0,0.0,0.0,0.0,2.0,1.0,1.0,3.0,2.0,0.0,3.0,0.0,2.0,1.0,0.0,0.0,18.0,0.0,6.0,4.0,7.0,7.0,6.0,21.0,O=C(O)c1cccc(C2=C(c3cc(Br)ccc3OCc3ccc(Cl)cc3F)CCC2)c1
CHEMBL231699,Inactive,23.0,4.0,1.0,1.0,0.0,1.0,27.0,6.0,3.0,4.0,0.0,2.0,0.0,2.0,3.0,0.0,0.0,0.0,24.0,6.0,9.0,5.0,0.0,2.0,0.0,2.0,1.0,19.0,7.0,12.0,4.0,0.0,1.0,0.0,1.0,0.0,1.0,22.0,7.0,12.0,3.0,0.0,1.0,1.0,2.0,0.0,24.0,8.0,13.0,1.0,0.0,1.0,0.0,1.0,0.0,0.0,0.0,0.0,25.0,5.0,7.0,1.0,0.0,0.0,0.0,0.0,22.0,3.0,4.0,2.0,0.0,1.0,0.0,1.0,0.0,0.0,0.0,21.0,2.0,5.0,2.0,0.0,1.0,0.0,1.0,0.0,1.0,23.0,0.0,4.0,1.0,0.0,0.0,0.0,1.0,0.0,0.0,0.0,3.0,0.0,1.0,0.0,2.0,0.0,0.0,0.0,6.0,0.0,2.0,0.0,0.0,0.0,0.0,0.0,0.0,0.0,0.0,0.0,0.0,0.0,0.0,0.0,0.0,0.0,3.0,2.0,0.0,3.0,1.0,0.0,0.0,0.0,3.0,0.0,2.0,1.0,0.0,0.0,0.0,0.0,0.0,18.0,0.0,4.0,6.0,8.0,8.0,9.0,22.0,Cc1ccc(S(=O)(=O)N(CC(=O)NCCc2ccc(Cl)cc2)c2ccccc2C)cc1
CHEMBL399614,Active,22.0,4.0,4.0,1.0,0.0,2.0,26.0,8.0,6.0,4.0,0.0,4.0,0.0,4.0,4.0,0.0,0.0,0.0,24.0,7.0,11.0,5.0,0.0,4.0,0.0,4.0,1.0,19.0,8.0,14.0,3.0,0.0,3.0,0.0,3.0,0.0,1.0,21.0,10.0,12.0,3.0,0.0,3.0,3.0,2.0,2.0,23.0,12.0,12.0,1.0,0.0,4.0,0.0,4.0,2.0,1.0,0.0,3.0,23.0,10.0,5.0,1.0,0.0,5.0,0.0,5.0,20.0,7.0,5.0,2.0,0.0,5.0,0.0,5.0,0.0,0.0,0.0,20.0,4.0,6.0,2.0,0.0,4.0,0.0,4.0,0.0,0.0,22.0,1.0,4.0,1.0,0.0,4.0,4.0,0.0,0.0,0.0,0.0,2.0,0.0,0.0,0.0,2.0,0.0,0.0,0.0,4.0,0.0,0.0,0.0,0.0,0.0,0.0,0.0,0.0,0.0,0.0,0.0,0.0,0.0,0.0,0.0,0.0,0.0,0.0,0.0,0.0,1.0,0.0,1.0,0.0,0.0,3.0,0.0,1.0,1.0,0.0,0.0,0.0,2.0,3.0,23.0,3.0,4.0,9.0,6.0,6.0,8.0,22.0,COc1ccc(Cc2nnc(CN(c3cccc(Cl)c3Cl)S(=O)(=O)c3ccc(C)cc3)o2)cc1
CHEMBL234082,Inactive,28.0,1.0,4.0,0.0,1.0,1.0,38.0,1.0,5.0,0.0,2.0,0.0,0.0,2.0,0.0,0.0,0.0,0.0,35.0,2.0,9.0,0.0,2.0,0.0,0.0,2.0,0.0,34.0,2.0,9.0,0.0,1.0,0.0,0.0,1.0,0.0,0.0,36.0,2.0,9.0,0.0,1.0,0.0,1.0,0.0,0.0,38.0,2.0,6.0,0.0,0.0,0.0,0.0,0.0,1.0,0.0,1.0,1.0,32.0,4.0,8.0,0.0,1.0,0.0,0.0,1.0,29.0,3.0,6.0,0.0,2.0,0.0,0.0,2.0,0.0,0.0,0.0,23.0,4.0,4.0,0.0,3.0,0.0,0.0,3.0,2.0,0.0,14.0,4.0,6.0,0.0,3.0,0.0,3.0,0.0,0.0,0.0,0.0,4.0,0.0,2.0,1.0,0.0,1.0,1.0,1.0,8.0,0.0,4.0,0.0,2.0,3.0,0.0,0.0,2.0,1.0,0.0,0.0,0.0,0.0,0.0,0.0,0.0,0.0,0.0,0.0,0.0,0.0,0.0,2.0,1.0,1.0,3.0,2.0,0.0,3.0,0.0,2.0,1.0,0.0,0.0,18.0,0.0,6.0,5.0,7.0,7.0,6.0,21.0,N#Cc1ccc(OCc2ccc(F)cc2)c(C2=C(c3cccc(C(=O)O)c3)CCC2)c1
CHEMBL479591,Active,27.0,8.0,5.0,0.0,0.0,1.0,34.0,14.0,6.0,0.0,0.0,2.0,0.0,2.0,1.0,0.0,0.0,0.0,33.0,10.0,7.0,0.0,0.0,2.0,0.0,2.0,2.0,28.0,9.0,7.0,0.0,0.0,2.0,0.0,2.0,2.0,0.0,33.0,11.0,7.0,0.0,0.0,0.0,0.0,1.0,1.0,36.0,8.0,7.0,0.0,0.0,2.0,0.0,2.0,0.0,1.0,0.0,0.0,30.0,11.0,6.0,0.0,0.0,4.0,0.0,4.0,24.0,11.0,3.0,0.0,0.0,3.0,0.0,3.0,1.0,0.0,0.0,25.0,7.0,5.0,0.0,0.0,2.0,0.0,2.0,0.0,1.0,26.0,5.0,6.0,0.0,0.0,2.0,2.0,0.0,0.0,0.0,0.0,7.0,0.0,2.0,0.0,1.0,0.0,0.0,0.0,9.0,0.0,2.0,0.0,0.0,0.0,0.0,0.0,0.0,0.0,0.0,0.0,0.0,0.0,0.0,0.0,0.0,0.0,2.0,4.0,2.0,4.0,3.0,3.0,0.0,0.0,3.0,1.0,1.0,0.0,0.0,1.0,0.0,1.0,2.0,23.0,4.0,2.0,13.0,15.0,15.0,10.0,25.0,Cc1cc(C(=O)Nc2ccc(CN3CCOCC3)cc2)nn1Cc1cc(Cl)ccc1OCc1ccccc1.Cl
CHEMBL494282,Active,24.0,8.0,3.0,0.0,0.0,1.0,30.0,14.0,4.0,0.0,0.0,2.0,0.0,2.0,1.0,0.0,0.0,0.0,26.0,10.0,7.0,0.0,0.0,2.0,0.0,2.0,1.0,27.0,9.0,4.0,0.0,0.0,2.0,0.0,2.0,2.0,0.0,31.0,11.0,5.0,0.0,0.0,0.0,0.0,1.0,1.0,31.0,8.0,5.0,0.0,0.0,2.0,0.0,2.0,0.0,1.0,0.0,0.0,22.0,11.0,4.0,0.0,0.0,4.0,0.0,4.0,19.0,9.0,2.0,0.0,0.0,3.0,0.0,3.0,1.0,0.0,0.0,22.0,4.0,5.0,0.0,0.0,0.0,0.0,0.0,0.0,1.0,19.0,4.0,5.0,0.0,0.0,1.0,1.0,0.0,0.0,0.0,1.0,7.0,1.0,3.0,1.0,3.0,0.0,0.0,0.0,12.0,0.0,6.0,1.0,0.0,5.0,0.0,0.0,1.0,0.0,0.0,0.0,0.0,0.0,0.0,1.0,0.0,2.0,2.0,4.0,1.0,4.0,3.0,1.0,0.0,0.0,2.0,0.0,3.0,2.0,0.0,1.0,0.0,1.0,2.0,17.0,3.0,2.0,11.0,16.0,16.0,10.0,20.0,Cc1cc(C(=O)Nc2ccc(CN3CCCC3)cc2)nn1Cc1cc(Cl)ccc1OCC(C)C.Cl
CHEMBL494269,Inactive,25.0,8.0,3.0,0.0,0.0,1.0,32.0,13.0,4.0,0.0,0.0,2.0,0.0,2.0,1.0,0.0,0.0,0.0,30.0,10.0,8.0,0.0,0.0,2.0,0.0,2.0,0.0,29.0,12.0,4.0,0.0,0.0,2.0,0.0,2.0,2.0,0.0,33.0,10.0,3.0,0.0,0.0,0.0,0.0,2.0,1.0,30.0,11.0,6.0,0.0,0.0,2.0,0.0,2.0,0.0,1.0,0.0,0.0,24.0,9.0,2.0,0.0,0.0,4.0,0.0,4.0,20.0,9.0,5.0,0.0,0.0,2.0,0.0,2.0,0.0,0.0,0.0,22.0,6.0,5.0,0.0,0.0,1.0,0.0,1.0,1.0,0.0,19.0,6.0,4.0,0.0,0.0,1.0,1.0,0.0,1.0,1.0,2.0,6.0,1.0,3.0,1.0,4.0,0.0,0.0,0.0,13.0,0.0,7.0,1.0,0.0,5.0,0.0,0.0,1.0,0.0,0.0,0.0,0.0,0.0,0.0,1.0,0.0,2.0,3.0,6.0,1.0,4.0,3.0,1.0,0.0,0.0,2.0,0.0,4.0,2.0,0.0,2.0,0.0,1.0,2.0,17.0,3.0,2.0,11.0,17.0,17.0,10.0,21.0,Cc1cc(NC(=O)c2ccc(C(C)N3CCCC3)cc2)nn1Cc1cc(Cl)ccc1OCC(C)C.Cl
CHEMBL480002,Active,21.0,5.0,4.0,0.0,0.0,1.0,26.0,9.0,5.0,0.0,0.0,2.0,0.0,2.0,1.0,0.0,0.0,0.0,23.0,8.0,10.0,0.0,0.0,2.0,0.0,2.0,0.0,19.0,11.0,8.0,0.0,0.0,2.0,0.0,2.0,2.0,0.0,24.0,9.0,4.0,0.0,0.0,0.0,0.0,3.0,1.0,24.0,10.0,6.0,0.0,0.0,2.0,0.0,2.0,0.0,1.0,0.0,0.0,20.0,9.0,2.0,0.0,0.0,4.0,0.0,4.0,18.0,5.0,4.0,0.0,0.0,2.0,0.0,2.0,0.0,0.0,0.0,19.0,1.0,5.0,0.0,0.0,1.0,0.0,1.0,1.0,0.0,14.0,2.0,5.0,0.0,0.0,1.0,1.0,0.0,1.0,1.0,1.0,3.0,1.0,0.0,0.0,3.0,1.0,0.0,1.0,8.0,0.0,3.0,1.0,0.0,3.0,0.0,0.0,0.0,0.0,0.0,0.0,0.0,0.0,0.0,0.0,0.0,2.0,0.0,0.0,1.0,1.0,0.0,2.0,0.0,0.0,3.0,1.0,3.0,0.0,0.0,3.0,0.0,1.0,2.0,17.0,2.0,2.0,9.0,11.0,11.0,9.0,19.0,Cc1cc(NC(=O)c2ccccc2CO)nn1Cc1cc(Cl)ccc1OCC(C)C.Cl
CHEMBL379753,Active,25.0,3.0,4.0,0.0,1.0,3.0,32.0,6.0,5.0,0.0,2.0,2.0,2.0,6.0,0.0,0.0,0.0,0.0,32.0,4.0,9.0,0.0,3.0,3.0,2.0,8.0,0.0,31.0,4.0,8.0,0.0,1.0,1.0,2.0,4.0,1.0,0.0,36.0,2.0,6.0,0.0,1.0,1.0,3.0,2.0,1.0,37.0,1.0,7.0,0.0,2.0,2.0,4.0,8.0,0.0,0.0,0.0,0.0,29.0,2.0,10.0,0.0,3.0,3.0,4.0,10.0,24.0,2.0,6.0,0.0,2.0,2.0,4.0,8.0,0.0,0.0,0.0,20.0,1.0,4.0,0.0,3.0,3.0,4.0,10.0,2.0,0.0,15.0,0.0,4.0,0.0,3.0,3.0,7.0,0.0,0.0,2.0,0.0,1.0,0.0,0.0,0.0,1.0,1.0,1.0,1.0,3.0,0.0,0.0,0.0,0.0,0.0,0.0,0.0,0.0,0.0,0.0,0.0,0.0,0.0,0.0,0.0,0.0,0.0,0.0,0.0,0.0,0.0,0.0,2.0,1.0,1.0,3.0,2.0,1.0,0.0,0.0,2.0,1.0,0.0,1.0,23.0,1.0,2.0,7.0,4.0,4.0,4.0,24.0,Cc1ccc(-c2cc(Br)ccc2OCc2c(F)cccc2Cl)n1-c1cccc(C(=O)O)c1
CHEMBL211534,Active,25.0,3.0,4.0,0.0,2.0,3.0,32.0,6.0,5.0,0.0,4.0,0.0,2.0,6.0,0.0,0.0,0.0,0.0,32.0,4.0,9.0,0.0,6.0,0.0,2.0,8.0,0.0,31.0,4.0,8.0,0.0,2.0,0.0,2.0,4.0,1.0,0.0,36.0,2.0,6.0,0.0,2.0,0.0,3.0,2.0,1.0,37.0,1.0,7.0,0.0,4.0,0.0,4.0,8.0,0.0,0.0,0.0,0.0,29.0,2.0,10.0,0.0,6.0,0.0,4.0,10.0,24.0,2.0,6.0,0.0,4.0,0.0,4.0,8.0,0.0,0.0,0.0,20.0,1.0,4.0,0.0,6.0,0.0,4.0,10.0,2.0,0.0,15.0,0.0,4.0,0.0,6.0,0.0,7.0,0.0,0.0,2.0,0.0,1.0,0.0,0.0,0.0,1.0,1.0,2.0,1.0,3.0,0.0,0.0,0.0,0.0,0.0,0.0,0.0,0.0,0.0,0.0,0.0,0.0,0.0,0.0,0.0,0.0,0.0,0.0,0.0,0.0,0.0,0.0,2.0,2.0,2.0,3.0,2.0,1.0,0.0,0.0,2.0,2.0,0.0,1.0,23.0,1.0,2.0,7.0,4.0,4.0,4.0,24.0,Cc1ccc(-c2cc(Br)ccc2OCc2c(F)cccc2F)n1-c1cccc(C(=O)O)c1
CHEMBL209326,Inactive,25.0,3.0,4.0,0.0,4.0,5.0,32.0,6.0,5.0,0.0,5.0,2.0,0.0,7.0,0.0,3.0,3.0,3.0,32.0,4.0,9.0,0.0,5.0,2.0,0.0,7.0,0.0,31.0,4.0,8.0,0.0,10.0,2.0,0.0,12.0,1.0,0.0,36.0,2.0,6.0,0.0,10.0,1.0,11.0,2.0,1.0,37.0,1.0,7.0,0.0,12.0,4.0,0.0,16.0,0.0,0.0,1.0,1.0,29.0,2.0,10.0,0.0,13.0,4.0,0.0,17.0,24.0,2.0,6.0,0.0,8.0,4.0,0.0,12.0,0.0,6.0,6.0,20.0,1.0,4.0,0.0,6.0,4.0,0.0,10.0,2.0,0.0,15.0,0.0,4.0,0.0,8.0,1.0,9.0,1.0,2.0,2.0,0.0,1.0,0.0,0.0,0.0,0.0,1.0,4.0,1.0,3.0,0.0,0.0,0.0,0.0,0.0,0.0,0.0,0.0,0.0,0.0,0.0,0.0,0.0,0.0,0.0,0.0,0.0,0.0,0.0,0.0,0.0,0.0,2.0,4.0,1.0,3.0,2.0,0.0,0.0,3.0,2.0,1.0,0.0,1.0,23.0,1.0,2.0,7.0,3.0,3.0,5.0,25.0,O=C(O)c1cccc(-n2c(-c3cc(Cl)ccc3OCc3ccc(F)cc3)ccc2C(F)(F)F)c1
CHEMBL212742,Active,25.0,3.0,4.0,2.0,0.0,0.0,33.0,6.0,9.0,2.0,0.0,0.0,0.0,0.0,0.0,0.0,0.0,0.0,34.0,4.0,13.0,2.0,0.0,0.0,0.0,0.0,0.0,33.0,4.0,12.0,2.0,0.0,0.0,0.0,0.0,1.0,0.0,38.0,2.0,10.0,1.0,0.0,0.0,0.0,2.0,0.0,38.0,2.0,10.0,4.0,0.0,0.0,0.0,0.0,2.0,0.0,0.0,0.0,33.0,2.0,18.0,4.0,0.0,0.0,0.0,0.0,28.0,2.0,14.0,4.0,0.0,0.0,0.0,0.0,0.0,0.0,0.0,24.0,1.0,12.0,4.0,0.0,0.0,0.0,0.0,2.0,0.0,19.0,0.0,12.0,1.0,0.0,0.0,0.0,0.0,0.0,0.0,0.0,1.0,0.0,0.0,0.0,2.0,1.0,0.0,1.0,4.0,0.0,0.0,0.0,0.0,0.0,0.0,0.0,0.0,0.0,0.0,0.0,0.0,0.0,0.0,0.0,0.0,0.0,0.0,0.0,0.0,0.0,0.0,2.0,0.0,0.0,5.0,2.0,1.0,0.0,0.0,2.0,0.0,0.0,1.0,23.0,1.0,6.0,9.0,5.0,5.0,5.0,25.0,Cc1ccc(-c2cc(S(C)(=O)=O)ccc2OCc2ccccc2)n1-c1cccc(C(=O)O)c1
CHEMBL215687,Inactive,19.0,3.0,4.0,0.0,3.0,5.0,23.0,8.0,5.0,0.0,3.0,2.0,2.0,7.0,0.0,3.0,3.0,3.0,21.0,5.0,7.0,0.0,6.0,3.0,2.0,11.0,2.0,18.0,4.0,5.0,0.0,6.0,1.0,2.0,9.0,3.0,0.0,19.0,4.0,7.0,0.0,6.0,1.0,7.0,1.0,1.0,23.0,3.0,5.0,0.0,0.0,0.0,2.0,2.0,0.0,1.0,3.0,4.0,21.0,3.0,5.0,0.0,3.0,1.0,4.0,8.0,15.0,4.0,4.0,0.0,6.0,2.0,3.0,11.0,2.0,0.0,0.0,11.0,4.0,4.0,0.0,9.0,3.0,2.0,14.0,0.0,2.0,10.0,2.0,2.0,0.0,3.0,1.0,6.0,4.0,0.0,0.0,0.0,2.0,0.0,0.0,0.0,1.0,1.0,3.0,1.0,5.0,0.0,0.0,0.0,0.0,0.0,0.0,0.0,0.0,0.0,0.0,0.0,0.0,0.0,0.0,0.0,0.0,0.0,0.0,0.0,0.0,0.0,0.0,2.0,3.0,0.0,3.0,1.0,1.0,0.0,3.0,1.0,0.0,1.0,2.0,17.0,2.0,2.0,7.0,6.0,6.0,7.0,18.0,Cc1cc(C(=O)O)nn1Cc1cc(Br)ccc1OCc1ccc(Cl)c(C(F)(F)F)c1
CHEMBL425076,Inactive,19.0,3.0,4.0,0.0,3.0,4.0,23.0,8.0,5.0,0.0,3.0,0.0,2.0,5.0,0.0,3.0,3.0,3.0,21.0,5.0,7.0,0.0,6.0,0.0,2.0,8.0,2.0,18.0,4.0,5.0,0.0,6.0,0.0,2.0,8.0,3.0,0.0,19.0,4.0,7.0,0.0,6.0,0.0,6.0,1.0,1.0,23.0,3.0,5.0,0.0,0.0,0.0,2.0,2.0,0.0,1.0,3.0,3.0,21.0,3.0,5.0,0.0,3.0,0.0,4.0,7.0,15.0,4.0,4.0,0.0,6.0,0.0,3.0,9.0,2.0,0.0,0.0,11.0,4.0,4.0,0.0,9.0,0.0,2.0,11.0,0.0,2.0,10.0,2.0,2.0,0.0,3.0,0.0,5.0,3.0,0.0,0.0,0.0,2.0,0.0,0.0,0.0,1.0,1.0,3.0,1.0,5.0,0.0,0.0,0.0,0.0,0.0,0.0,0.0,0.0,0.0,0.0,0.0,0.0,0.0,0.0,0.0,0.0,0.0,0.0,0.0,0.0,0.0,0.0,2.0,3.0,0.0,3.0,1.0,1.0,0.0,3.0,1.0,0.0,1.0,2.0,17.0,2.0,2.0,7.0,6.0,6.0,7.0,18.0,Cc1cc(C(=O)O)nn1Cc1cc(Br)ccc1OCc1cccc(C(F)(F)F)c1
CHEMBL214971,Active,18.0,3.0,4.0,0.0,0.0,3.0,21.0,8.0,5.0,0.0,0.0,4.0,2.0,6.0,0.0,0.0,0.0,0.0,19.0,5.0,7.0,0.0,0.0,5.0,2.0,7.0,2.0,16.0,4.0,5.0,0.0,0.0,2.0,2.0,4.0,3.0,0.0,19.0,4.0,6.0,0.0,0.0,2.0,2.0,1.0,1.0,22.0,3.0,5.0,0.0,0.0,2.0,2.0,4.0,0.0,1.0,0.0,1.0,19.0,3.0,5.0,0.0,0.0,4.0,4.0,8.0,12.0,4.0,4.0,0.0,0.0,3.0,3.0,6.0,2.0,0.0,0.0,10.0,3.0,4.0,0.0,0.0,4.0,2.0,6.0,0.0,2.0,9.0,1.0,2.0,0.0,0.0,4.0,5.0,1.0,0.0,0.0,0.0,2.0,0.0,0.0,0.0,1.0,1.0,0.0,1.0,4.0,0.0,0.0,0.0,0.0,0.0,0.0,0.0,0.0,0.0,0.0,0.0,0.0,0.0,0.0,0.0,0.0,0.0,0.0,0.0,0.0,0.0,0.0,2.0,0.0,0.0,3.0,1.0,1.0,0.0,0.0,1.0,0.0,1.0,2.0,17.0,2.0,2.0,7.0,6.0,6.0,6.0,17.0,Cc1cc(C(=O)O)nn1Cc1cc(Br)ccc1OCc1ccc(Cl)cc1Cl
CHEMBL402326,Inactive,22.0,7.0,3.0,0.0,0.0,1.0,26.0,11.0,4.0,0.0,0.0,2.0,0.0,2.0,1.0,0.0,0.0,0.0,23.0,8.0,7.0,0.0,0.0,2.0,0.0,2.0,0.0,19.0,8.0,5.0,0.0,0.0,2.0,0.0,2.0,3.0,0.0,21.0,10.0,5.0,0.0,0.0,0.0,0.0,2.0,1.0,24.0,9.0,4.0,0.0,0.0,2.0,0.0,2.0,0.0,1.0,0.0,0.0,23.0,9.0,1.0,0.0,0.0,3.0,0.0,3.0,18.0,10.0,3.0,0.0,0.0,2.0,0.0,2.0,0.0,0.0,0.0,17.0,6.0,3.0,0.0,0.0,3.0,0.0,3.0,1.0,0.0,15.0,5.0,3.0,0.0,0.0,2.0,2.0,0.0,1.0,1.0,0.0,3.0,0.0,0.0,0.0,0.0,0.0,0.0,0.0,4.0,0.0,1.0,0.0,0.0,0.0,0.0,0.0,0.0,0.0,0.0,0.0,0.0,0.0,0.0,0.0,0.0,0.0,1.0,0.0,0.0,1.0,0.0,1.0,0.0,0.0,2.0,1.0,0.0,1.0,0.0,0.0,0.0,2.0,3.0,23.0,3.0,0.0,10.0,8.0,8.0,9.0,23.0,O=C(Cc1ccccn1)Nc1ccn(Cc2cc(Cl)ccc2OCc2ccccc2)n1
CHEMBL402202,Inactive,16.0,6.0,5.0,0.0,0.0,1.0,18.0,14.0,6.0,0.0,0.0,2.0,0.0,2.0,1.0,0.0,0.0,0.0,18.0,9.0,6.0,0.0,0.0,2.0,0.0,2.0,3.0,19.0,6.0,4.0,0.0,0.0,2.0,0.0,2.0,3.0,0.0,21.0,9.0,6.0,0.0,0.0,0.0,0.0,1.0,1.0,21.0,10.0,5.0,0.0,0.0,2.0,0.0,2.0,0.0,1.0,0.0,0.0,17.0,8.0,4.0,0.0,0.0,4.0,0.0,4.0,13.0,6.0,3.0,0.0,0.0,3.0,0.0,3.0,1.0,0.0,0.0,13.0,4.0,4.0,0.0,0.0,0.0,0.0,0.0,0.0,1.0,10.0,3.0,4.0,0.0,0.0,0.0,0.0,1.0,0.0,0.0,1.0,6.0,1.0,2.0,0.0,3.0,0.0,0.0,0.0,11.0,0.0,5.0,1.0,0.0,3.0,0.0,0.0,0.0,0.0,0.0,0.0,0.0,0.0,0.0,0.0,0.0,2.0,2.0,2.0,3.0,3.0,1.0,3.0,0.0,0.0,3.0,0.0,3.0,0.0,0.0,1.0,0.0,1.0,2.0,11.0,4.0,2.0,11.0,15.0,15.0,8.0,14.0,Cc1cc(C(=O)NN2CCOCC2)nn1Cc1cc(Cl)ccc1OCC(C)C
CHEMBL256933,Active,25.0,5.0,3.0,0.0,0.0,1.0,30.0,9.0,4.0,0.0,0.0,2.0,0.0,2.0,1.0,0.0,0.0,0.0,27.0,7.0,7.0,0.0,0.0,2.0,0.0,2.0,0.0,20.0,10.0,6.0,0.0,0.0,2.0,0.0,2.0,2.0,0.0,25.0,9.0,5.0,0.0,0.0,0.0,0.0,2.0,1.0,28.0,9.0,6.0,0.0,0.0,2.0,0.0,2.0,0.0,1.0,0.0,0.0,27.0,9.0,1.0,0.0,0.0,4.0,0.0,4.0,22.0,9.0,3.0,0.0,0.0,2.0,0.0,2.0,0.0,0.0,0.0,22.0,5.0,3.0,0.0,0.0,3.0,0.0,3.0,1.0,0.0,20.0,3.0,3.0,0.0,0.0,2.0,2.0,0.0,1.0,1.0,0.0,3.0,0.0,0.0,0.0,1.0,0.0,0.0,0.0,5.0,0.0,1.0,0.0,0.0,0.0,0.0,0.0,0.0,0.0,0.0,0.0,0.0,0.0,0.0,0.0,0.0,0.0,1.0,0.0,0.0,1.0,0.0,1.0,0.0,0.0,2.0,1.0,1.0,1.0,0.0,0.0,0.0,1.0,2.0,23.0,2.0,0.0,8.0,9.0,9.0,9.0,24.0,Cc1cc(NC(=O)Cc2ccccc2)nn1Cc1cc(Cl)ccc1OCc1ccccc1
CHEMBL403940,Inactive,21.0,5.0,5.0,0.0,0.0,1.0,26.0,9.0,6.0,0.0,0.0,2.0,0.0,2.0,1.0,0.0,0.0,0.0,21.0,8.0,9.0,0.0,0.0,2.0,0.0,2.0,0.0,18.0,9.0,5.0,0.0,0.0,2.0,0.0,2.0,3.0,0.0,24.0,8.0,4.0,0.0,0.0,0.0,0.0,2.0,1.0,26.0,8.0,6.0,0.0,0.0,2.0,0.0,2.0,1.0,1.0,0.0,0.0,25.0,6.0,2.0,0.0,0.0,4.0,0.0,4.0,18.0,6.0,5.0,0.0,0.0,2.0,0.0,2.0,0.0,0.0,0.0,18.0,4.0,4.0,0.0,0.0,3.0,0.0,3.0,1.0,0.0,16.0,3.0,6.0,0.0,0.0,2.0,2.0,0.0,1.0,1.0,1.0,5.0,2.0,1.0,0.0,1.0,0.0,0.0,0.0,8.0,1.0,4.0,1.0,0.0,4.0,1.0,0.0,2.0,0.0,0.0,0.0,0.0,0.0,0.0,1.0,2.0,3.0,1.0,0.0,2.0,1.0,0.0,3.0,0.0,0.0,3.0,1.0,1.0,1.0,0.0,0.0,0.0,1.0,2.0,17.0,3.0,0.0,10.0,13.0,13.0,8.0,19.0,Cc1cc(NC(=O)C2CCOC2)nn1Cc1cc(Cl)ccc1OCc1ccccc1
CHEMBL256532,Inactive,18.0,6.0,3.0,0.0,0.0,1.0,20.0,14.0,4.0,0.0,0.0,2.0,0.0,2.0,1.0,0.0,0.0,0.0,18.0,10.0,6.0,0.0,0.0,2.0,0.0,2.0,2.0,19.0,7.0,4.0,0.0,0.0,2.0,0.0,2.0,2.0,0.0,22.0,9.0,5.0,0.0,0.0,0.0,0.0,1.0,1.0,22.0,10.0,5.0,0.0,0.0,2.0,0.0,2.0,0.0,1.0,0.0,0.0,18.0,9.0,3.0,0.0,0.0,4.0,0.0,4.0,14.0,7.0,2.0,0.0,0.0,3.0,0.0,3.0,1.0,0.0,0.0,15.0,4.0,2.0,0.0,0.0,0.0,0.0,0.0,0.0,1.0,11.0,3.0,3.0,0.0,0.0,0.0,0.0,1.0,0.0,0.0,1.0,7.0,1.0,4.0,3.0,3.0,0.0,0.0,0.0,12.0,0.0,7.0,1.0,0.0,6.0,0.0,0.0,2.0,1.0,0.0,0.0,0.0,0.0,0.0,2.0,0.0,2.0,2.0,2.0,1.0,3.0,1.0,1.0,0.0,0.0,2.0,0.0,3.0,3.0,0.0,1.0,0.0,1.0,2.0,11.0,3.0,2.0,9.0,15.0,15.0,8.0,14.0,Cc1cc(C(=O)NN2CCCCC2)nn1Cc1cc(Cl)ccc1OCC(C)C
CHEMBL466549,Active,26.0,2.0,4.0,0.0,3.0,4.0,33.0,4.0,5.0,0.0,6.0,2.0,0.0,8.0,0.0,0.0,0.0,0.0,33.0,3.0,7.0,0.0,8.0,2.0,0.0,10.0,2.0,31.0,3.0,9.0,0.0,3.0,2.0,0.0,5.0,0.0,0.0,35.0,3.0,8.0,0.0,3.0,2.0,5.0,0.0,1.0,36.0,2.0,6.0,0.0,4.0,4.0,0.0,8.0,1.0,0.0,1.0,1.0,31.0,2.0,8.0,0.0,7.0,3.0,0.0,10.0,25.0,1.0,8.0,0.0,8.0,4.0,0.0,12.0,0.0,0.0,0.0,19.0,2.0,4.0,0.0,9.0,4.0,0.0,13.0,2.0,0.0,13.0,2.0,4.0,0.0,7.0,1.0,8.0,2.0,2.0,2.0,0.0,1.0,0.0,0.0,0.0,0.0,0.0,3.0,0.0,2.0,0.0,0.0,0.0,0.0,0.0,0.0,0.0,0.0,0.0,0.0,0.0,0.0,0.0,0.0,0.0,0.0,0.0,0.0,0.0,0.0,0.0,0.0,2.0,3.0,3.0,3.0,1.0,0.0,0.0,0.0,1.0,3.0,1.0,1.0,24.0,1.0,2.0,6.0,2.0,2.0,4.0,24.0,O=C([O-])c1cccc(-c2ccccc2-c2cc(Cl)ccc2OCc2c(F)cc(F)cc2F)n1.[Na+]
CHEMBL516787,Active,28.0,0.0,4.0,0.0,0.0,0.0,37.0,0.0,5.0,0.0,0.0,0.0,0.0,0.0,0.0,0.0,0.0,0.0,36.0,0.0,9.0,0.0,0.0,0.0,0.0,0.0,0.0,34.0,0.0,9.0,0.0,0.0,0.0,0.0,0.0,0.0,0.0,38.0,0.0,8.0,0.0,0.0,0.0,0.0,0.0,0.0,38.0,0.0,7.0,0.0,0.0,0.0,0.0,0.0,0.0,0.0,0.0,0.0,33.0,0.0,8.0,0.0,0.0,0.0,0.0,0.0,26.0,0.0,8.0,0.0,0.0,0.0,0.0,0.0,0.0,0.0,0.0,21.0,0.0,4.0,0.0,0.0,0.0,0.0,0.0,2.0,0.0,15.0,0.0,4.0,0.0,0.0,0.0,0.0,0.0,0.0,0.0,0.0,1.0,0.0,0.0,0.0,0.0,1.0,0.0,1.0,2.0,0.0,0.0,0.0,0.0,0.0,0.0,0.0,0.0,0.0,0.0,0.0,0.0,0.0,0.0,0.0,0.0,0.0,0.0,0.0,0.0,0.0,0.0,2.0,0.0,0.0,3.0,2.0,0.0,0.0,0.0,2.0,0.0,0.0,0.0,24.0,0.0,2.0,4.0,3.0,3.0,4.0,25.0,O=C(O)c1cccc(-c2ccccc2-c2ccccc2OCc2ccccc2)c1
CHEMBL430360,Active,26.0,5.0,5.0,0.0,1.0,2.0,33.0,9.0,6.0,0.0,2.0,0.0,2.0,4.0,1.0,0.0,0.0,0.0,35.0,6.0,10.0,0.0,2.0,0.0,2.0,4.0,0.0,35.0,6.0,10.0,0.0,1.0,0.0,2.0,3.0,1.0,0.0,40.0,5.0,8.0,0.0,1.0,0.0,2.0,4.0,1.0,41.0,6.0,11.0,0.0,0.0,0.0,4.0,4.0,1.0,0.0,1.0,1.0,35.0,4.0,14.0,0.0,1.0,0.0,4.0,5.0,30.0,4.0,10.0,0.0,2.0,0.0,4.0,6.0,0.0,0.0,0.0,24.0,3.0,7.0,0.0,3.0,0.0,4.0,7.0,2.0,0.0,19.0,1.0,7.0,0.0,2.0,0.0,4.0,1.0,0.0,2.0,0.0,1.0,0.0,0.0,0.0,2.0,1.0,1.0,1.0,5.0,0.0,1.0,0.0,0.0,0.0,0.0,0.0,0.0,0.0,0.0,0.0,0.0,0.0,0.0,0.0,0.0,0.0,1.0,0.0,0.0,1.0,0.0,2.0,1.0,1.0,4.0,2.0,2.0,0.0,0.0,2.0,1.0,0.0,1.0,23.0,1.0,2.0,10.0,7.0,7.0,6.0,26.0,CC(=O)Nc1cc(C(=O)O)cc(-n2c(C)ccc2-c2cc(Br)ccc2OCc2ccc(F)cc2)c1
CHEMBL468723,Inactive,20.0,2.0,4.0,0.0,0.0,1.0,24.0,4.0,5.0,0.0,0.0,2.0,0.0,2.0,0.0,0.0,0.0,0.0,22.0,2.0,7.0,0.0,0.0,2.0,0.0,2.0,2.0,18.0,2.0,8.0,0.0,0.0,2.0,0.0,2.0,0.0,0.0,20.0,2.0,6.0,0.0,0.0,1.0,1.0,1.0,1.0,23.0,2.0,4.0,0.0,0.0,2.0,0.0,2.0,0.0,1.0,0.0,0.0,21.0,1.0,6.0,0.0,0.0,3.0,0.0,3.0,15.0,2.0,4.0,0.0,0.0,4.0,0.0,4.0,2.0,0.0,0.0,10.0,2.0,4.0,0.0,0.0,2.0,0.0,2.0,0.0,2.0,9.0,1.0,2.0,0.0,0.0,1.0,1.0,0.0,0.0,0.0,1.0,7.0,3.0,4.0,3.0,0.0,0.0,0.0,0.0,9.0,1.0,7.0,1.0,0.0,8.0,2.0,1.0,8.0,8.0,3.0,1.0,0.0,2.0,2.0,0.0,2.0,2.0,0.0,0.0,1.0,0.0,0.0,2.0,0.0,0.0,3.0,0.0,0.0,6.0,0.0,1.0,0.0,1.0,1.0,12.0,1.0,2.0,6.0,10.0,10.0,6.0,13.0,O=C([O-])c1cccc(Cc2cc(Cl)ccc2OCC2CCCCC2)n1.[Na+]
CHEMBL258303,Inactive,20.0,2.0,4.0,0.0,0.0,1.0,26.0,2.0,5.0,0.0,0.0,2.0,0.0,2.0,0.0,0.0,0.0,0.0,21.0,3.0,9.0,0.0,0.0,2.0,0.0,2.0,0.0,19.0,1.0,6.0,0.0,0.0,2.0,0.0,2.0,2.0,0.0,20.0,2.0,7.0,0.0,0.0,1.0,1.0,0.0,1.0,23.0,2.0,3.0,0.0,0.0,3.0,0.0,3.0,1.0,0.0,0.0,0.0,20.0,2.0,6.0,0.0,0.0,2.0,0.0,2.0,16.0,1.0,4.0,0.0,0.0,4.0,0.0,4.0,2.0,0.0,0.0,10.0,2.0,4.0,0.0,0.0,2.0,0.0,2.0,0.0,2.0,8.0,2.0,2.0,0.0,0.0,1.0,1.0,0.0,0.0,0.0,0.0,2.0,0.0,0.0,0.0,0.0,0.0,0.0,0.0,3.0,0.0,0.0,0.0,0.0,0.0,0.0,0.0,0.0,0.0,0.0,0.0,0.0,0.0,0.0,0.0,0.0,0.0,0.0,0.0,0.0,0.0,0.0,2.0,0.0,0.0,3.0,1.0,0.0,1.0,0.0,1.0,0.0,1.0,1.0,18.0,1.0,2.0,6.0,4.0,4.0,6.0,18.0,O=C([O-])c1cncc(Cc2cc(Cl)ccc2OCc2ccccc2)c1.[Na+]
CHEMBL272793,Active,19.0,0.0,6.0,0.0,0.0,1.0,23.0,0.0,9.0,0.0,0.0,2.0,0.0,2.0,0.0,0.0,0.0,0.0,20.0,0.0,8.0,0.0,0.0,2.0,0.0,2.0,0.0,16.0,0.0,10.0,0.0,0.0,2.0,0.0,2.0,0.0,0.0,19.0,0.0,6.0,0.0,0.0,1.0,1.0,0.0,1.0,21.0,0.0,6.0,0.0,0.0,2.0,0.0,2.0,0.0,0.0,0.0,1.0,19.0,0.0,6.0,0.0,0.0,3.0,0.0,3.0,13.0,0.0,6.0,0.0,0.0,3.0,0.0,3.0,2.0,0.0,0.0,9.0,0.0,6.0,0.0,0.0,2.0,0.0,2.0,0.0,2.0,7.0,0.0,3.0,0.0,0.0,1.0,1.0,0.0,0.0,0.0,0.0,2.0,0.0,0.0,0.0,0.0,0.0,0.0,0.0,3.0,0.0,0.0,0.0,0.0,0.0,0.0,0.0,0.0,0.0,0.0,0.0,0.0,0.0,0.0,0.0,0.0,0.0,0.0,0.0,0.0,0.0,0.0,2.0,0.0,0.0,3.0,1.0,0.0,1.0,0.0,1.0,0.0,0.0,1.0,17.0,1.0,2.0,6.0,4.0,4.0,6.0,17.0,O=C([O-])c1ccc(Cc2cc(Cl)ccc2OCc2ccccc2)o1.[Na+]
CHEMBL535640,Inactive,17.0,5.0,4.0,0.0,0.0,1.0,23.0,5.0,5.0,0.0,0.0,2.0,0.0,2.0,0.0,0.0,0.0,0.0,20.0,4.0,7.0,0.0,0.0,2.0,0.0,2.0,2.0,16.0,4.0,6.0,0.0,0.0,2.0,0.0,2.0,2.0,0.0,19.0,4.0,5.0,0.0,0.0,1.0,1.0,2.0,1.0,21.0,4.0,5.0,0.0,0.0,1.0,0.0,1.0,0.0,2.0,0.0,0.0,20.0,2.0,5.0,0.0,0.0,4.0,0.0,4.0,12.0,4.0,4.0,0.0,0.0,3.0,0.0,3.0,2.0,0.0,0.0,9.0,4.0,4.0,0.0,0.0,2.0,0.0,2.0,0.0,2.0,8.0,2.0,2.0,0.0,0.0,1.0,1.0,0.0,0.0,0.0,0.0,2.0,0.0,0.0,0.0,1.0,1.0,0.0,1.0,4.0,0.0,0.0,0.0,0.0,0.0,0.0,0.0,0.0,0.0,0.0,0.0,0.0,0.0,0.0,0.0,0.0,0.0,0.0,0.0,0.0,0.0,0.0,2.0,0.0,0.0,3.0,1.0,0.0,1.0,0.0,0.0,0.0,1.0,2.0,17.0,2.0,2.0,9.0,6.0,6.0,6.0,17.0,Cl.Cn1cc(C(=O)O)nc1Cc1cc(Cl)ccc1OCc1ccccc1
CHEMBL215453,Active,18.0,3.0,4.0,0.0,1.0,2.0,21.0,8.0,5.0,0.0,2.0,0.0,2.0,4.0,0.0,0.0,0.0,0.0,19.0,5.0,7.0,0.0,2.0,0.0,2.0,4.0,2.0,16.0,4.0,5.0,0.0,1.0,0.0,2.0,3.0,3.0,0.0,19.0,4.0,6.0,0.0,1.0,0.0,1.0,1.0,1.0,22.0,3.0,5.0,0.0,0.0,0.0,2.0,2.0,0.0,1.0,1.0,1.0,19.0,3.0,5.0,0.0,1.0,0.0,4.0,5.0,12.0,4.0,4.0,0.0,2.0,0.0,3.0,5.0,2.0,0.0,0.0,10.0,3.0,4.0,0.0,3.0,0.0,2.0,5.0,0.0,2.0,9.0,1.0,2.0,0.0,1.0,0.0,2.0,1.0,0.0,0.0,0.0,2.0,0.0,0.0,0.0,1.0,1.0,1.0,1.0,4.0,0.0,0.0,0.0,0.0,0.0,0.0,0.0,0.0,0.0,0.0,0.0,0.0,0.0,0.0,0.0,0.0,0.0,0.0,0.0,0.0,0.0,0.0,2.0,1.0,1.0,3.0,1.0,1.0,0.0,0.0,1.0,1.0,1.0,2.0,17.0,2.0,2.0,7.0,6.0,6.0,6.0,17.0,Cc1cc(C(=O)O)nn1Cc1cc(Br)ccc1OCc1ccc(F)cc1
CHEMBL523216,Active,23.0,8.0,5.0,0.0,0.0,1.0,28.0,14.0,6.0,0.0,0.0,2.0,0.0,2.0,1.0,0.0,0.0,0.0,28.0,10.0,7.0,0.0,0.0,2.0,0.0,2.0,3.0,28.0,9.0,8.0,0.0,0.0,2.0,0.0,2.0,2.0,0.0,31.0,11.0,9.0,0.0,0.0,0.0,0.0,1.0,1.0,31.0,8.0,9.0,0.0,0.0,2.0,0.0,2.0,0.0,1.0,0.0,0.0,22.0,11.0,8.0,0.0,0.0,4.0,0.0,4.0,19.0,9.0,4.0,0.0,0.0,3.0,0.0,3.0,1.0,0.0,0.0,22.0,4.0,5.0,0.0,0.0,0.0,0.0,0.0,0.0,1.0,19.0,4.0,7.0,0.0,0.0,1.0,1.0,0.0,0.0,0.0,1.0,7.0,1.0,2.0,0.0,3.0,2.0,0.0,2.0,12.0,0.0,5.0,1.0,0.0,3.0,0.0,0.0,0.0,0.0,0.0,0.0,0.0,0.0,0.0,0.0,0.0,2.0,2.0,4.0,3.0,4.0,3.0,3.0,0.0,0.0,4.0,0.0,3.0,0.0,0.0,1.0,0.0,1.0,2.0,17.0,2.0,2.0,13.0,17.0,17.0,14.0,20.0,Cc1cc(C(=O)Nc2ccc(CN(CCO)CCO)cc2)nn1Cc1cc(Cl)ccc1OCC(C)C.Cl
CHEMBL495091,Inactive,25.0,8.0,3.0,0.0,0.0,1.0,33.0,12.0,4.0,0.0,0.0,2.0,0.0,2.0,1.0,0.0,0.0,0.0,35.0,10.0,8.0,0.0,0.0,2.0,0.0,2.0,0.0,29.0,12.0,4.0,0.0,0.0,2.0,0.0,2.0,2.0,0.0,31.0,12.0,4.0,0.0,0.0,0.0,0.0,2.0,1.0,29.0,12.0,7.0,0.0,0.0,2.0,0.0,2.0,0.0,1.0,0.0,0.0,25.0,10.0,2.0,0.0,0.0,4.0,0.0,4.0,21.0,10.0,4.0,0.0,0.0,2.0,0.0,2.0,0.0,0.0,0.0,24.0,6.0,4.0,0.0,0.0,1.0,0.0,1.0,1.0,0.0,20.0,5.0,4.0,0.0,0.0,1.0,1.0,0.0,1.0,1.0,1.0,7.0,1.0,2.0,0.0,4.0,0.0,0.0,0.0,13.0,0.0,6.0,1.0,0.0,3.0,0.0,0.0,0.0,0.0,0.0,0.0,0.0,0.0,0.0,0.0,0.0,2.0,3.0,6.0,1.0,4.0,3.0,1.0,0.0,0.0,2.0,0.0,4.0,2.0,0.0,2.0,0.0,1.0,2.0,17.0,3.0,2.0,11.0,17.0,17.0,9.0,20.0,CCN1CCc2ccc(C(=O)Nc3cc(C)n(Cc4cc(Cl)ccc4OCC(C)C)n3)cc2CC1.Cl
CHEMBL493254,Inactive,23.0,7.0,3.0,0.0,0.0,1.0,30.0,11.0,4.0,0.0,0.0,2.0,0.0,2.0,1.0,0.0,0.0,0.0,27.0,10.0,8.0,0.0,0.0,2.0,0.0,2.0,0.0,23.0,12.0,4.0,0.0,0.0,2.0,0.0,2.0,2.0,0.0,26.0,11.0,4.0,0.0,0.0,0.0,0.0,2.0,1.0,24.0,12.0,7.0,0.0,0.0,2.0,0.0,2.0,0.0,1.0,0.0,0.0,22.0,9.0,1.0,0.0,0.0,4.0,0.0,4.0,19.0,9.0,3.0,0.0,0.0,2.0,0.0,2.0,0.0,0.0,0.0,22.0,4.0,3.0,0.0,0.0,1.0,0.0,1.0,1.0,0.0,17.0,3.0,4.0,0.0,0.0,1.0,1.0,0.0,1.0,1.0,1.0,5.0,1.0,1.0,0.0,3.0,0.0,0.0,0.0,10.0,0.0,4.0,1.0,0.0,3.0,0.0,0.0,0.0,0.0,0.0,0.0,0.0,0.0,0.0,0.0,0.0,2.0,1.0,1.0,1.0,3.0,1.0,1.0,0.0,0.0,2.0,0.0,3.0,1.0,0.0,2.0,0.0,1.0,2.0,17.0,3.0,2.0,10.0,14.0,14.0,8.0,20.0,Cc1cc(NC(=O)c2ccc3c(c2)CCNC3)nn1Cc1cc(Cl)ccc1OCC(C)C.Cl
CHEMBL521988,Inactive,23.0,8.0,5.0,0.0,0.0,1.0,30.0,12.0,6.0,0.0,0.0,2.0,0.0,2.0,1.0,0.0,0.0,0.0,28.0,10.0,8.0,0.0,0.0,2.0,0.0,2.0,1.0,25.0,12.0,5.0,0.0,0.0,2.0,0.0,2.0,2.0,0.0,32.0,10.0,4.0,0.0,0.0,0.0,0.0,2.0,1.0,29.0,11.0,8.0,0.0,0.0,2.0,0.0,2.0,0.0,1.0,0.0,0.0,24.0,8.0,3.0,0.0,0.0,4.0,0.0,4.0,19.0,9.0,6.0,0.0,0.0,2.0,0.0,2.0,0.0,0.0,0.0,21.0,5.0,6.0,0.0,0.0,1.0,0.0,1.0,1.0,0.0,18.0,5.0,4.0,0.0,0.0,1.0,1.0,0.0,1.0,1.0,1.0,7.0,1.0,2.0,0.0,3.0,0.0,0.0,0.0,12.0,0.0,5.0,1.0,0.0,3.0,0.0,0.0,0.0,0.0,0.0,0.0,0.0,0.0,0.0,0.0,0.0,2.0,2.0,4.0,3.0,4.0,3.0,3.0,0.0,0.0,3.0,0.0,3.0,0.0,0.0,2.0,0.0,1.0,2.0,17.0,4.0,2.0,13.0,17.0,17.0,10.0,20.0,Cc1cc(NC(=O)c2ccc(CN3CCOCC3)cc2)nn1Cc1cc(Cl)ccc1OCC(C)C.Cl
CHEMBL481870,Inactive,22.0,7.0,3.0,0.0,0.0,1.0,27.0,11.0,4.0,0.0,0.0,2.0,0.0,2.0,1.0,0.0,0.0,0.0,24.0,10.0,8.0,0.0,0.0,2.0,0.0,2.0,0.0,22.0,12.0,4.0,0.0,0.0,2.0,0.0,2.0,2.0,0.0,28.0,10.0,3.0,0.0,0.0,0.0,0.0,2.0,1.0,26.0,11.0,6.0,0.0,0.0,2.0,0.0,2.0,0.0,1.0,0.0,0.0,22.0,8.0,1.0,0.0,0.0,4.0,0.0,4.0,18.0,8.0,4.0,0.0,0.0,2.0,0.0,2.0,0.0,0.0,0.0,20.0,4.0,4.0,0.0,0.0,1.0,0.0,1.0,1.0,0.0,16.0,4.0,4.0,0.0,0.0,1.0,1.0,0.0,1.0,1.0,1.0,4.0,1.0,0.0,0.0,4.0,0.0,0.0,0.0,10.0,0.0,4.0,1.0,0.0,3.0,0.0,0.0,0.0,0.0,0.0,0.0,0.0,0.0,0.0,0.0,0.0,2.0,1.0,1.0,1.0,3.0,1.0,1.0,0.0,0.0,2.0,0.0,4.0,0.0,0.0,2.0,0.0,1.0,2.0,17.0,2.0,2.0,10.0,13.0,13.0,11.0,20.0,CCNCc1ccc(C(=O)Nc2cc(C)n(Cc3cc(Cl)ccc3OCC(C)C)n2)cc1.Cl
CHEMBL516608,Inactive,22.0,7.0,3.0,0.0,0.0,1.0,27.0,11.0,4.0,0.0,0.0,2.0,0.0,2.0,1.0,0.0,0.0,0.0,24.0,10.0,8.0,0.0,0.0,2.0,0.0,2.0,0.0,23.0,12.0,4.0,0.0,0.0,2.0,0.0,2.0,2.0,0.0,27.0,12.0,4.0,0.0,0.0,0.0,0.0,2.0,1.0,28.0,9.0,5.0,0.0,0.0,2.0,0.0,2.0,1.0,1.0,0.0,0.0,22.0,11.0,2.0,0.0,0.0,4.0,0.0,4.0,18.0,8.0,4.0,0.0,0.0,2.0,0.0,2.0,0.0,0.0,0.0,22.0,3.0,3.0,0.0,0.0,1.0,0.0,1.0,1.0,0.0,15.0,6.0,4.0,0.0,0.0,1.0,1.0,0.0,1.0,1.0,1.0,4.0,1.0,0.0,0.0,4.0,0.0,0.0,0.0,10.0,0.0,4.0,1.0,0.0,3.0,0.0,0.0,0.0,0.0,0.0,0.0,0.0,0.0,0.0,0.0,0.0,2.0,1.0,1.0,1.0,3.0,1.0,1.0,0.0,0.0,2.0,0.0,4.0,0.0,0.0,2.0,0.0,1.0,2.0,17.0,2.0,2.0,10.0,13.0,13.0,11.0,20.0,CCNCc1cccc(C(=O)Nc2cc(C)n(Cc3cc(Cl)ccc3OCC(C)C)n2)c1.Cl
CHEMBL233871,Inactive,25.0,3.0,6.0,0.0,0.0,1.0,33.0,6.0,7.0,0.0,0.0,2.0,0.0,2.0,0.0,0.0,0.0,0.0,34.0,4.0,11.0,0.0,0.0,2.0,0.0,2.0,1.0,33.0,5.0,11.0,0.0,0.0,2.0,0.0,2.0,1.0,0.0,39.0,2.0,11.0,0.0,0.0,1.0,1.0,2.0,1.0,42.0,1.0,9.0,0.0,0.0,4.0,0.0,4.0,0.0,0.0,0.0,0.0,31.0,2.0,14.0,0.0,0.0,4.0,0.0,4.0,26.0,2.0,9.0,0.0,0.0,4.0,0.0,4.0,0.0,0.0,1.0,22.0,1.0,5.0,0.0,0.0,5.0,0.0,5.0,2.0,0.0,16.0,0.0,6.0,0.0,0.0,1.0,1.0,0.0,2.0,2.0,0.0,1.0,0.0,0.0,0.0,2.0,1.0,0.0,1.0,4.0,0.0,0.0,0.0,0.0,0.0,0.0,0.0,0.0,0.0,0.0,0.0,0.0,0.0,0.0,0.0,0.0,0.0,0.0,0.0,0.0,0.0,0.0,3.0,0.0,0.0,4.0,2.0,1.0,0.0,0.0,2.0,0.0,0.0,1.0,23.0,1.0,2.0,9.0,5.0,5.0,5.0,24.0,COc1ccc(C(=O)O)cc1-n1c(C)ccc1-c1cc(Cl)ccc1OCc1ccccc1
CHEMBL266258,Active,25.0,3.0,4.0,0.0,3.0,4.0,32.0,6.0,5.0,0.0,6.0,2.0,0.0,8.0,0.0,0.0,0.0,0.0,32.0,4.0,9.0,0.0,7.0,2.0,0.0,9.0,0.0,31.0,4.0,8.0,0.0,5.0,2.0,0.0,7.0,1.0,0.0,36.0,2.0,6.0,0.0,7.0,1.0,8.0,2.0,1.0,37.0,1.0,7.0,0.0,4.0,4.0,0.0,8.0,0.0,0.0,3.0,3.0,29.0,2.0,10.0,0.0,6.0,4.0,0.0,10.0,24.0,2.0,6.0,0.0,6.0,4.0,0.0,10.0,0.0,0.0,0.0,20.0,1.0,4.0,0.0,7.0,4.0,0.0,11.0,2.0,0.0,15.0,0.0,4.0,0.0,7.0,1.0,8.0,1.0,2.0,2.0,0.0,1.0,0.0,0.0,0.0,1.0,1.0,3.0,1.0,3.0,0.0,0.0,0.0,0.0,0.0,0.0,0.0,0.0,0.0,0.0,0.0,0.0,0.0,0.0,0.0,0.0,0.0,0.0,0.0,0.0,0.0,0.0,2.0,3.0,3.0,3.0,2.0,1.0,0.0,0.0,2.0,3.0,0.0,1.0,23.0,1.0,2.0,7.0,4.0,4.0,4.0,24.0,Cc1ccc(-c2cc(Cl)ccc2OCc2ccc(F)cc2F)n1-c1cc(C(=O)O)ccc1F
CHEMBL475348,Inactive,23.0,4.0,3.0,1.0,3.0,5.0,29.0,5.0,7.0,3.0,6.0,4.0,0.0,10.0,3.0,0.0,0.0,0.0,26.0,6.0,12.0,3.0,6.0,4.0,0.0,10.0,0.0,24.0,5.0,12.0,2.0,3.0,2.0,0.0,5.0,1.0,0.0,26.0,5.0,10.0,1.0,1.0,1.0,2.0,0.0,3.0,26.0,4.0,7.0,2.0,2.0,3.0,0.0,5.0,1.0,1.0,3.0,3.0,22.0,5.0,8.0,2.0,3.0,5.0,0.0,8.0,18.0,4.0,6.0,3.0,3.0,6.0,0.0,9.0,0.0,1.0,1.0,16.0,4.0,9.0,2.0,4.0,5.0,0.0,9.0,2.0,0.0,15.0,4.0,8.0,2.0,5.0,3.0,8.0,1.0,0.0,0.0,0.0,0.0,0.0,0.0,0.0,1.0,0.0,3.0,0.0,4.0,0.0,1.0,0.0,1.0,0.0,0.0,0.0,0.0,0.0,0.0,0.0,0.0,0.0,0.0,0.0,0.0,0.0,1.0,0.0,0.0,1.0,0.0,0.0,3.0,3.0,4.0,0.0,0.0,0.0,0.0,1.0,3.0,0.0,1.0,21.0,1.0,7.0,8.0,5.0,5.0,7.0,26.0,Cn1cc(C=CC(=O)NS(=O)(=O)c2cc(F)c(F)cc2F)c2c(Oc3ccc(Cl)c(Cl)c3)cccc21
CHEMBL374824,Active,25.0,3.0,6.0,0.0,2.0,3.0,33.0,6.0,7.0,0.0,0.0,0.0,2.0,2.0,0.0,1.0,1.0,1.0,34.0,4.0,12.0,0.0,2.0,0.0,2.0,4.0,0.0,34.0,4.0,9.0,0.0,4.0,0.0,2.0,6.0,1.0,0.0,37.0,2.0,8.0,0.0,6.0,0.0,7.0,3.0,1.0,37.0,2.0,9.0,0.0,2.0,0.0,4.0,6.0,0.0,0.0,4.0,4.0,31.0,2.0,14.0,0.0,0.0,0.0,4.0,4.0,28.0,2.0,8.0,0.0,4.0,0.0,4.0,8.0,0.0,0.0,0.0,22.0,1.0,6.0,0.0,8.0,0.0,4.0,12.0,3.0,0.0,17.0,0.0,7.0,0.0,4.0,0.0,5.0,0.0,0.0,3.0,1.0,1.0,0.0,0.0,0.0,1.0,1.0,2.0,1.0,4.0,0.0,0.0,0.0,0.0,0.0,0.0,0.0,0.0,0.0,0.0,0.0,0.0,0.0,0.0,0.0,0.0,0.0,0.0,0.0,0.0,0.0,0.0,3.0,2.0,0.0,4.0,2.0,1.0,0.0,2.0,2.0,0.0,0.0,1.0,23.0,1.0,2.0,9.0,7.0,7.0,6.0,25.0,Cc1ccc(-c2cc(Br)ccc2OCc2ccccc2)n1-c1ccc(OC(F)F)c(C(=O)O)c1
CHEMBL387878,Active,25.0,3.0,6.0,0.0,4.0,5.0,33.0,6.0,7.0,0.0,4.0,0.0,2.0,6.0,0.0,1.0,1.0,1.0,34.0,4.0,12.0,0.0,7.0,0.0,2.0,9.0,0.0,34.0,4.0,9.0,0.0,6.0,0.0,2.0,8.0,1.0,0.0,37.0,2.0,8.0,0.0,8.0,0.0,9.0,3.0,1.0,37.0,2.0,9.0,0.0,4.0,0.0,4.0,8.0,0.0,0.0,5.0,5.0,31.0,2.0,14.0,0.0,4.0,0.0,4.0,8.0,28.0,2.0,8.0,0.0,8.0,0.0,4.0,12.0,0.0,0.0,0.0,22.0,1.0,6.0,0.0,14.0,0.0,4.0,18.0,3.0,0.0,17.0,0.0,7.0,0.0,9.0,0.0,10.0,1.0,0.0,3.0,1.0,1.0,0.0,0.0,0.0,1.0,1.0,4.0,1.0,4.0,0.0,0.0,0.0,0.0,0.0,0.0,0.0,0.0,0.0,0.0,0.0,0.0,0.0,0.0,0.0,0.0,0.0,0.0,0.0,0.0,0.0,0.0,3.0,4.0,2.0,4.0,2.0,1.0,0.0,2.0,2.0,2.0,0.0,1.0,23.0,1.0,2.0,9.0,7.0,7.0,6.0,25.0,Cc1ccc(-c2cc(Br)ccc2OCc2ccc(F)cc2F)n1-c1ccc(OC(F)F)c(C(=O)O)c1
CHEMBL257969,Inactive,24.0,5.0,3.0,0.0,0.0,1.0,29.0,8.0,4.0,0.0,0.0,2.0,0.0,2.0,1.0,0.0,0.0,0.0,25.0,6.0,7.0,0.0,0.0,2.0,0.0,2.0,0.0,19.0,9.0,6.0,0.0,0.0,2.0,0.0,2.0,2.0,0.0,22.0,9.0,5.0,0.0,0.0,0.0,0.0,2.0,1.0,25.0,9.0,4.0,0.0,0.0,2.0,0.0,2.0,0.0,1.0,0.0,0.0,24.0,9.0,1.0,0.0,0.0,3.0,0.0,3.0,19.0,9.0,3.0,0.0,0.0,2.0,0.0,2.0,0.0,0.0,0.0,18.0,5.0,3.0,0.0,0.0,3.0,0.0,3.0,1.0,0.0,17.0,3.0,3.0,0.0,0.0,2.0,2.0,0.0,1.0,1.0,0.0,3.0,0.0,0.0,0.0,0.0,0.0,0.0,0.0,4.0,0.0,1.0,0.0,0.0,0.0,0.0,0.0,0.0,0.0,0.0,0.0,0.0,0.0,0.0,0.0,0.0,0.0,1.0,0.0,0.0,1.0,0.0,1.0,0.0,0.0,2.0,1.0,0.0,1.0,0.0,0.0,0.0,1.0,2.0,23.0,2.0,0.0,8.0,8.0,8.0,9.0,24.0,O=C(Cc1ccccc1)Nc1ccn(Cc2cc(Cl)ccc2OCc2ccccc2)n1
CHEMBL258439,Inactive,17.0,5.0,5.0,0.0,0.0,1.0,22.0,8.0,3.0,0.0,0.0,2.0,0.0,2.0,2.0,0.0,0.0,0.0,19.0,7.0,8.0,0.0,0.0,2.0,0.0,2.0,0.0,16.0,7.0,5.0,0.0,0.0,2.0,0.0,2.0,3.0,0.0,21.0,6.0,4.0,0.0,0.0,0.0,0.0,3.0,1.0,22.0,6.0,7.0,0.0,0.0,2.0,0.0,2.0,0.0,1.0,0.0,0.0,21.0,5.0,2.0,0.0,0.0,4.0,0.0,4.0,13.0,6.0,5.0,0.0,0.0,2.0,0.0,2.0,0.0,0.0,0.0,13.0,4.0,4.0,0.0,0.0,3.0,0.0,3.0,2.0,0.0,10.0,3.0,5.0,0.0,0.0,1.0,1.0,0.0,2.0,2.0,0.0,2.0,0.0,0.0,0.0,2.0,0.0,0.0,0.0,5.0,0.0,0.0,0.0,0.0,0.0,0.0,0.0,0.0,0.0,0.0,0.0,0.0,0.0,0.0,0.0,0.0,0.0,0.0,0.0,0.0,1.0,0.0,3.0,0.0,0.0,3.0,1.0,1.0,0.0,0.0,0.0,0.0,1.0,2.0,17.0,2.0,0.0,10.0,8.0,8.0,8.0,18.0,COC(=O)Nc1cc(C)n(Cc2cc(Cl)ccc2OCc2ccccc2)n1
CHEMBL257146,Inactive,25.0,5.0,3.0,0.0,0.0,1.0,30.0,10.0,4.0,0.0,0.0,2.0,0.0,2.0,1.0,0.0,0.0,0.0,26.0,8.0,7.0,0.0,0.0,2.0,0.0,2.0,1.0,21.0,8.0,5.0,0.0,0.0,2.0,0.0,2.0,2.0,0.0,25.0,9.0,6.0,0.0,0.0,0.0,0.0,1.0,1.0,30.0,7.0,6.0,0.0,0.0,2.0,0.0,2.0,0.0,1.0,0.0,0.0,27.0,9.0,4.0,0.0,0.0,4.0,0.0,4.0,22.0,9.0,2.0,0.0,0.0,3.0,0.0,3.0,1.0,0.0,0.0,21.0,6.0,3.0,0.0,0.0,2.0,0.0,2.0,0.0,1.0,21.0,2.0,2.0,0.0,0.0,2.0,2.0,0.0,0.0,0.0,0.0,3.0,0.0,0.0,0.0,1.0,0.0,0.0,0.0,5.0,0.0,0.0,0.0,0.0,0.0,0.0,0.0,0.0,0.0,0.0,0.0,0.0,0.0,0.0,0.0,0.0,0.0,0.0,0.0,0.0,2.0,1.0,1.0,0.0,0.0,2.0,1.0,1.0,0.0,0.0,1.0,0.0,1.0,2.0,23.0,2.0,2.0,8.0,8.0,8.0,9.0,24.0,Cc1cc(C(=O)NCc2ccccc2)nn1Cc1cc(Cl)ccc1OCc1ccccc1
CHEMBL257147,Inactive,22.0,7.0,3.0,0.0,0.0,1.0,26.0,12.0,4.0,0.0,0.0,2.0,0.0,2.0,1.0,0.0,0.0,0.0,23.0,10.0,7.0,0.0,0.0,2.0,0.0,2.0,1.0,20.0,8.0,5.0,0.0,0.0,2.0,0.0,2.0,3.0,0.0,24.0,9.0,6.0,0.0,0.0,0.0,0.0,1.0,1.0,28.0,8.0,5.0,0.0,0.0,2.0,0.0,2.0,0.0,1.0,0.0,0.0,25.0,10.0,3.0,0.0,0.0,4.0,0.0,4.0,20.0,8.0,2.0,0.0,0.0,3.0,0.0,3.0,1.0,0.0,0.0,18.0,7.0,3.0,0.0,0.0,2.0,0.0,2.0,0.0,1.0,18.0,4.0,2.0,0.0,0.0,2.0,2.0,0.0,0.0,0.0,0.0,2.0,0.0,0.0,0.0,1.0,0.0,0.0,0.0,4.0,0.0,0.0,0.0,0.0,0.0,0.0,0.0,0.0,0.0,0.0,0.0,0.0,0.0,0.0,0.0,0.0,0.0,0.0,0.0,0.0,1.0,0.0,1.0,0.0,0.0,2.0,1.0,1.0,0.0,0.0,1.0,0.0,2.0,3.0,23.0,3.0,2.0,10.0,7.0,7.0,8.0,23.0,Cc1cc(C(=O)Nc2ccccn2)nn1Cc1cc(Cl)ccc1OCc1ccccc1
CHEMBL404711,Active,24.0,5.0,3.0,0.0,2.0,3.0,28.0,11.0,4.0,0.0,4.0,2.0,0.0,6.0,1.0,0.0,0.0,0.0,25.0,8.0,7.0,0.0,4.0,2.0,0.0,6.0,1.0,21.0,7.0,6.0,0.0,4.0,2.0,0.0,6.0,2.0,0.0,25.0,9.0,6.0,0.0,2.0,0.0,2.0,1.0,3.0,29.0,8.0,5.0,0.0,2.0,2.0,0.0,4.0,0.0,3.0,0.0,0.0,27.0,8.0,3.0,0.0,2.0,4.0,0.0,6.0,21.0,7.0,2.0,0.0,4.0,3.0,0.0,7.0,1.0,0.0,0.0,20.0,5.0,3.0,0.0,2.0,2.0,0.0,4.0,0.0,1.0,20.0,2.0,3.0,0.0,4.0,2.0,6.0,0.0,0.0,0.0,0.0,2.0,0.0,0.0,0.0,1.0,0.0,2.0,0.0,4.0,0.0,0.0,0.0,0.0,0.0,0.0,0.0,0.0,0.0,0.0,0.0,0.0,0.0,0.0,0.0,0.0,0.0,0.0,0.0,0.0,1.0,0.0,1.0,2.0,2.0,2.0,1.0,1.0,0.0,0.0,1.0,2.0,1.0,2.0,23.0,2.0,2.0,8.0,7.0,7.0,8.0,24.0,Cc1cc(C(=O)Nc2c(F)cccc2F)nn1Cc1cc(Cl)ccc1OCc1ccccc1
CHEMBL436656,Inactive,18.0,5.0,2.0,2.0,0.0,1.0,26.0,5.0,2.0,1.0,0.0,2.0,0.0,2.0,0.0,0.0,0.0,0.0,22.0,7.0,2.0,3.0,0.0,2.0,0.0,2.0,2.0,21.0,6.0,2.0,3.0,0.0,1.0,0.0,1.0,0.0,2.0,22.0,5.0,0.0,3.0,0.0,3.0,3.0,2.0,0.0,22.0,4.0,4.0,2.0,0.0,1.0,0.0,1.0,0.0,1.0,0.0,0.0,17.0,3.0,6.0,2.0,0.0,3.0,0.0,3.0,11.0,2.0,6.0,2.0,0.0,3.0,0.0,3.0,0.0,0.0,0.0,7.0,1.0,4.0,1.0,0.0,2.0,0.0,2.0,0.0,2.0,4.0,0.0,4.0,0.0,0.0,1.0,1.0,0.0,0.0,0.0,0.0,1.0,0.0,0.0,0.0,0.0,0.0,0.0,0.0,2.0,0.0,0.0,0.0,0.0,0.0,0.0,0.0,0.0,0.0,0.0,0.0,0.0,0.0,0.0,0.0,0.0,0.0,0.0,0.0,0.0,0.0,0.0,1.0,0.0,0.0,2.0,0.0,0.0,1.0,0.0,0.0,0.0,1.0,3.0,20.0,3.0,2.0,9.0,2.0,2.0,3.0,19.0,O=C([O-])c1csc(-n2cc(Cc3ccccc3)c3ccc(Cl)cc32)n1.[Na+]
CHEMBL254763,Inactive,17.0,5.0,2.0,0.0,0.0,1.0,23.0,7.0,2.0,0.0,0.0,2.0,0.0,2.0,0.0,0.0,0.0,0.0,22.0,8.0,2.0,0.0,0.0,2.0,0.0,2.0,2.0,22.0,7.0,4.0,0.0,0.0,1.0,0.0,1.0,0.0,0.0,22.0,5.0,2.0,0.0,0.0,3.0,3.0,2.0,0.0,21.0,2.0,4.0,0.0,0.0,2.0,0.0,2.0,0.0,1.0,0.0,0.0,14.0,2.0,6.0,0.0,0.0,3.0,0.0,3.0,8.0,0.0,6.0,0.0,0.0,4.0,0.0,4.0,0.0,0.0,0.0,4.0,0.0,4.0,0.0,0.0,0.0,0.0,0.0,0.0,2.0,0.0,0.0,4.0,0.0,0.0,0.0,0.0,0.0,0.0,0.0,1.0,1.0,1.0,0.0,0.0,2.0,0.0,0.0,0.0,5.0,0.0,3.0,1.0,0.0,3.0,0.0,0.0,0.0,0.0,0.0,0.0,0.0,0.0,0.0,0.0,0.0,0.0,0.0,0.0,0.0,0.0,0.0,1.0,0.0,0.0,2.0,0.0,2.0,1.0,0.0,1.0,0.0,1.0,2.0,15.0,2.0,2.0,7.0,4.0,4.0,3.0,16.0,CC(C)Cc1cn(-c2cccc(C(=O)[O-])n2)c2cc(Cl)ccc12.[Na+]
CHEMBL492238,Active,21.0,8.0,3.0,0.0,0.0,1.0,28.0,12.0,4.0,0.0,0.0,2.0,0.0,2.0,1.0,0.0,0.0,0.0,24.0,10.0,7.0,0.0,0.0,2.0,0.0,2.0,1.0,25.0,9.0,4.0,0.0,0.0,2.0,0.0,2.0,2.0,0.0,27.0,11.0,5.0,0.0,0.0,0.0,0.0,1.0,1.0,27.0,8.0,5.0,0.0,0.0,2.0,0.0,2.0,0.0,1.0,0.0,0.0,20.0,11.0,4.0,0.0,0.0,4.0,0.0,4.0,19.0,7.0,2.0,0.0,0.0,3.0,0.0,3.0,1.0,0.0,0.0,20.0,4.0,5.0,0.0,0.0,0.0,0.0,0.0,0.0,1.0,17.0,4.0,3.0,0.0,0.0,1.0,1.0,0.0,0.0,0.0,1.0,3.0,1.0,0.0,0.0,5.0,0.0,0.0,0.0,10.0,0.0,3.0,1.0,0.0,3.0,0.0,0.0,0.0,0.0,0.0,0.0,0.0,0.0,0.0,0.0,0.0,2.0,0.0,0.0,1.0,4.0,3.0,1.0,0.0,0.0,2.0,0.0,3.0,0.0,0.0,1.0,0.0,1.0,2.0,17.0,2.0,2.0,11.0,13.0,13.0,10.0,20.0,Cc1cc(C(=O)Nc2ccc(CN(C)C)cc2)nn1Cc1cc(Cl)ccc1OCC(C)C.Cl
CHEMBL495090,Inactive,24.0,7.0,3.0,0.0,0.0,1.0,31.0,11.0,4.0,0.0,0.0,2.0,0.0,2.0,1.0,0.0,0.0,0.0,31.0,10.0,8.0,0.0,0.0,2.0,0.0,2.0,0.0,25.0,12.0,4.0,0.0,0.0,2.0,0.0,2.0,2.0,0.0,27.0,12.0,4.0,0.0,0.0,0.0,0.0,2.0,1.0,25.0,12.0,7.0,0.0,0.0,2.0,0.0,2.0,0.0,1.0,0.0,0.0,22.0,10.0,2.0,0.0,0.0,4.0,0.0,4.0,20.0,9.0,3.0,0.0,0.0,2.0,0.0,2.0,0.0,0.0,0.0,23.0,5.0,3.0,0.0,0.0,1.0,0.0,1.0,1.0,0.0,18.0,4.0,4.0,0.0,0.0,1.0,1.0,0.0,1.0,1.0,1.0,6.0,1.0,2.0,0.0,3.0,0.0,0.0,0.0,11.0,0.0,5.0,1.0,0.0,3.0,0.0,0.0,0.0,0.0,0.0,0.0,0.0,0.0,0.0,0.0,0.0,2.0,2.0,2.0,1.0,3.0,1.0,1.0,0.0,0.0,2.0,0.0,3.0,2.0,0.0,2.0,0.0,1.0,2.0,17.0,3.0,2.0,10.0,15.0,15.0,8.0,20.0,Cc1cc(NC(=O)c2ccc3c(c2)CCNCC3)nn1Cc1cc(Cl)ccc1OCC(C)C.Cl
CHEMBL479989,Active,28.0,8.0,3.0,0.0,0.0,1.0,35.0,14.0,4.0,0.0,0.0,2.0,0.0,2.0,1.0,0.0,0.0,0.0,31.0,10.0,7.0,0.0,0.0,2.0,0.0,2.0,1.0,28.0,9.0,6.0,0.0,0.0,2.0,0.0,2.0,2.0,0.0,33.0,11.0,6.0,0.0,0.0,0.0,0.0,1.0,1.0,36.0,8.0,5.0,0.0,0.0,2.0,0.0,2.0,0.0,1.0,0.0,0.0,30.0,11.0,4.0,0.0,0.0,4.0,0.0,4.0,24.0,11.0,2.0,0.0,0.0,3.0,0.0,3.0,1.0,0.0,0.0,25.0,7.0,5.0,0.0,0.0,2.0,0.0,2.0,0.0,1.0,26.0,5.0,5.0,0.0,0.0,2.0,2.0,0.0,0.0,0.0,0.0,7.0,0.0,3.0,1.0,1.0,0.0,0.0,0.0,9.0,0.0,3.0,0.0,0.0,2.0,0.0,0.0,1.0,0.0,0.0,0.0,0.0,0.0,0.0,1.0,0.0,0.0,2.0,4.0,0.0,4.0,3.0,1.0,0.0,0.0,2.0,1.0,1.0,2.0,0.0,1.0,0.0,1.0,2.0,23.0,3.0,2.0,11.0,14.0,14.0,10.0,25.0,Cc1cc(C(=O)Nc2ccc(CN3CCCC3)cc2)nn1Cc1cc(Cl)ccc1OCc1ccccc1.Cl
CHEMBL493065,Active,25.0,8.0,3.0,0.0,0.0,1.0,31.0,14.0,4.0,0.0,0.0,2.0,0.0,2.0,1.0,0.0,0.0,0.0,28.0,11.0,7.0,0.0,0.0,2.0,0.0,2.0,1.0,28.0,9.0,4.0,0.0,0.0,2.0,0.0,2.0,2.0,0.0,32.0,11.0,5.0,0.0,0.0,0.0,0.0,1.0,1.0,33.0,8.0,5.0,0.0,0.0,2.0,0.0,2.0,0.0,1.0,0.0,0.0,24.0,11.0,4.0,0.0,0.0,4.0,0.0,4.0,20.0,9.0,2.0,0.0,0.0,3.0,0.0,3.0,1.0,0.0,0.0,22.0,5.0,5.0,0.0,0.0,0.0,0.0,0.0,0.0,1.0,20.0,4.0,5.0,0.0,0.0,1.0,1.0,0.0,0.0,0.0,1.0,8.0,1.0,4.0,3.0,3.0,0.0,0.0,0.0,13.0,0.0,7.0,1.0,0.0,6.0,0.0,0.0,2.0,1.0,0.0,0.0,0.0,0.0,0.0,2.0,0.0,2.0,2.0,4.0,1.0,4.0,3.0,1.0,0.0,0.0,2.0,0.0,3.0,3.0,0.0,1.0,0.0,1.0,2.0,17.0,3.0,2.0,11.0,17.0,17.0,10.0,20.0,Cc1cc(C(=O)Nc2ccc(CN3CCCCC3)cc2)nn1Cc1cc(Cl)ccc1OCC(C)C.Cl
CHEMBL482132,Inactive,25.0,8.0,3.0,0.0,0.0,1.0,32.0,12.0,4.0,0.0,0.0,2.0,0.0,2.0,1.0,0.0,0.0,0.0,28.0,11.0,8.0,0.0,0.0,2.0,0.0,2.0,0.0,27.0,12.0,4.0,0.0,0.0,2.0,0.0,2.0,2.0,0.0,32.0,12.0,4.0,0.0,0.0,0.0,0.0,2.0,1.0,34.0,9.0,5.0,0.0,0.0,2.0,0.0,2.0,1.0,1.0,0.0,0.0,26.0,12.0,3.0,0.0,0.0,4.0,0.0,4.0,21.0,9.0,5.0,0.0,0.0,2.0,0.0,2.0,0.0,0.0,0.0,24.0,5.0,4.0,0.0,0.0,1.0,0.0,1.0,1.0,0.0,18.0,8.0,4.0,0.0,0.0,1.0,1.0,0.0,1.0,1.0,1.0,8.0,1.0,4.0,3.0,3.0,0.0,0.0,0.0,13.0,0.0,7.0,1.0,0.0,6.0,0.0,0.0,2.0,1.0,0.0,0.0,0.0,0.0,0.0,2.0,0.0,2.0,2.0,4.0,1.0,4.0,3.0,1.0,0.0,0.0,2.0,0.0,3.0,3.0,0.0,2.0,0.0,1.0,2.0,17.0,3.0,2.0,11.0,17.0,17.0,10.0,20.0,Cc1cc(NC(=O)c2cccc(CN3CCCCC3)c2)nn1Cc1cc(Cl)ccc1OCC(C)C.Cl
CHEMBL480979,Inactive,21.0,8.0,3.0,0.0,0.0,1.0,29.0,10.0,4.0,0.0,0.0,2.0,0.0,2.0,1.0,0.0,0.0,0.0,24.0,10.0,8.0,0.0,0.0,2.0,0.0,2.0,0.0,24.0,12.0,4.0,0.0,0.0,2.0,0.0,2.0,2.0,0.0,27.0,12.0,4.0,0.0,0.0,0.0,0.0,2.0,1.0,28.0,9.0,5.0,0.0,0.0,2.0,0.0,2.0,1.0,1.0,0.0,0.0,20.0,12.0,3.0,0.0,0.0,4.0,0.0,4.0,19.0,7.0,3.0,0.0,0.0,2.0,0.0,2.0,0.0,0.0,0.0,22.0,4.0,3.0,0.0,0.0,1.0,0.0,1.0,1.0,0.0,15.0,6.0,4.0,0.0,0.0,1.0,1.0,0.0,1.0,1.0,1.0,3.0,1.0,0.0,0.0,5.0,0.0,0.0,0.0,10.0,0.0,3.0,1.0,0.0,3.0,0.0,0.0,0.0,0.0,0.0,0.0,0.0,0.0,0.0,0.0,0.0,2.0,0.0,0.0,1.0,4.0,3.0,1.0,0.0,0.0,2.0,0.0,3.0,0.0,0.0,2.0,0.0,1.0,2.0,17.0,2.0,2.0,11.0,13.0,13.0,10.0,20.0,Cc1cc(NC(=O)c2cccc(CN(C)C)c2)nn1Cc1cc(Cl)ccc1OCC(C)C.Cl
CHEMBL513491,Active,20.0,2.0,4.0,0.0,1.0,3.0,24.0,4.0,5.0,0.0,2.0,4.0,0.0,6.0,0.0,0.0,0.0,0.0,22.0,2.0,7.0,0.0,2.0,5.0,0.0,7.0,2.0,18.0,2.0,8.0,0.0,1.0,3.0,0.0,4.0,0.0,0.0,20.0,2.0,6.0,0.0,1.0,2.0,3.0,1.0,1.0,23.0,2.0,4.0,0.0,0.0,4.0,0.0,4.0,0.0,1.0,1.0,1.0,21.0,1.0,6.0,0.0,1.0,6.0,0.0,7.0,15.0,2.0,4.0,0.0,2.0,6.0,0.0,8.0,2.0,0.0,0.0,10.0,2.0,4.0,0.0,3.0,3.0,0.0,6.0,0.0,2.0,9.0,1.0,2.0,0.0,2.0,3.0,5.0,0.0,0.0,0.0,0.0,2.0,0.0,0.0,0.0,0.0,0.0,1.0,0.0,3.0,0.0,0.0,0.0,0.0,0.0,0.0,0.0,0.0,0.0,0.0,0.0,0.0,0.0,0.0,0.0,0.0,0.0,0.0,0.0,0.0,0.0,0.0,2.0,1.0,1.0,3.0,1.0,0.0,1.0,0.0,1.0,1.0,1.0,1.0,18.0,1.0,2.0,6.0,4.0,4.0,6.0,18.0,O=C([O-])c1cccc(Cc2cc(Cl)ccc2OCc2ccc(F)cc2Cl)n1.[Na+]
CHEMBL255675,Active,16.0,5.0,2.0,2.0,0.0,1.0,25.0,5.0,2.0,1.0,0.0,2.0,0.0,2.0,0.0,0.0,0.0,0.0,19.0,7.0,2.0,3.0,0.0,2.0,0.0,2.0,2.0,19.0,6.0,2.0,3.0,0.0,1.0,0.0,1.0,0.0,2.0,21.0,4.0,0.0,3.0,0.0,3.0,3.0,2.0,0.0,19.0,5.0,4.0,2.0,0.0,1.0,0.0,1.0,0.0,1.0,0.0,0.0,17.0,1.0,6.0,1.0,0.0,3.0,0.0,3.0,7.0,3.0,6.0,3.0,0.0,2.0,0.0,2.0,0.0,0.0,0.0,7.0,0.0,4.0,0.0,0.0,3.0,0.0,3.0,0.0,2.0,3.0,0.0,2.0,0.0,0.0,0.0,0.0,0.0,0.0,0.0,0.0,2.0,0.0,1.0,0.0,3.0,0.0,0.0,0.0,7.0,0.0,5.0,4.0,0.0,7.0,3.0,0.0,3.0,0.0,0.0,0.0,0.0,0.0,0.0,0.0,0.0,0.0,0.0,0.0,0.0,0.0,0.0,1.0,0.0,0.0,2.0,0.0,3.0,2.0,0.0,0.0,0.0,1.0,3.0,14.0,3.0,2.0,9.0,6.0,6.0,4.0,14.0,CC(C)(C)CCc1cn(-c2nc(C(=O)[O-])cs2)c2cc(Cl)ccc12.[Na+]
CHEMBL233545,Active,21.0,6.0,4.0,1.0,0.0,1.0,26.0,9.0,5.0,4.0,0.0,2.0,0.0,2.0,5.0,0.0,0.0,0.0,23.0,10.0,11.0,5.0,0.0,3.0,0.0,3.0,1.0,19.0,10.0,14.0,4.0,0.0,1.0,0.0,1.0,0.0,1.0,23.0,9.0,13.0,3.0,0.0,1.0,1.0,3.0,0.0,23.0,15.0,13.0,0.0,0.0,2.0,0.0,2.0,2.0,0.0,0.0,2.0,23.0,14.0,3.0,1.0,0.0,2.0,0.0,2.0,17.0,12.0,5.0,2.0,0.0,3.0,0.0,3.0,0.0,0.0,0.0,19.0,7.0,6.0,2.0,0.0,1.0,0.0,1.0,0.0,0.0,23.0,2.0,4.0,1.0,0.0,2.0,2.0,0.0,0.0,0.0,0.0,1.0,0.0,0.0,0.0,3.0,0.0,0.0,0.0,4.0,0.0,0.0,0.0,0.0,0.0,0.0,0.0,0.0,0.0,0.0,0.0,0.0,0.0,0.0,0.0,0.0,0.0,0.0,0.0,0.0,1.0,0.0,1.0,0.0,0.0,3.0,0.0,2.0,0.0,0.0,0.0,0.0,2.0,3.0,23.0,3.0,4.0,11.0,7.0,7.0,8.0,23.0,COc1ccc(Nc2nnc(CN(c3cccc(Cl)c3C)S(=O)(=O)c3ccc(C)cc3)o2)cc1
CHEMBL256560,Active,20.0,5.0,5.0,0.0,0.0,1.0,25.0,8.0,4.0,0.0,0.0,2.0,0.0,2.0,2.0,0.0,0.0,0.0,20.0,7.0,10.0,0.0,0.0,2.0,0.0,2.0,0.0,18.0,8.0,6.0,0.0,0.0,2.0,0.0,2.0,3.0,0.0,22.0,8.0,6.0,0.0,0.0,0.0,0.0,3.0,1.0,25.0,7.0,7.0,0.0,0.0,2.0,0.0,2.0,0.0,1.0,0.0,0.0,24.0,8.0,2.0,0.0,0.0,4.0,0.0,4.0,17.0,8.0,5.0,0.0,0.0,2.0,0.0,2.0,0.0,0.0,0.0,18.0,4.0,4.0,0.0,0.0,3.0,0.0,3.0,2.0,0.0,14.0,3.0,5.0,0.0,0.0,1.0,1.0,0.0,2.0,2.0,1.0,3.0,1.0,0.0,0.0,3.0,0.0,0.0,0.0,8.0,0.0,3.0,1.0,0.0,3.0,0.0,0.0,0.0,0.0,0.0,0.0,0.0,0.0,0.0,0.0,0.0,2.0,0.0,0.0,1.0,1.0,0.0,3.0,0.0,0.0,3.0,1.0,3.0,0.0,0.0,0.0,0.0,1.0,2.0,17.0,2.0,0.0,10.0,11.0,11.0,10.0,19.0,Cc1cc(NC(=O)OCC(C)C)nn1Cc1cc(Cl)ccc1OCc1ccccc1
CHEMBL254150,Active,22.0,5.0,3.0,0.0,0.0,1.0,28.0,9.0,4.0,0.0,0.0,2.0,0.0,2.0,1.0,0.0,0.0,0.0,23.0,7.0,7.0,0.0,0.0,2.0,0.0,2.0,0.0,17.0,11.0,7.0,0.0,0.0,2.0,0.0,2.0,2.0,0.0,25.0,7.0,3.0,0.0,0.0,0.0,0.0,2.0,1.0,27.0,9.0,5.0,0.0,0.0,2.0,0.0,2.0,0.0,1.0,0.0,0.0,25.0,8.0,1.0,0.0,0.0,4.0,0.0,4.0,21.0,6.0,3.0,0.0,0.0,2.0,0.0,2.0,0.0,0.0,0.0,18.0,4.0,3.0,0.0,0.0,3.0,0.0,3.0,1.0,0.0,18.0,3.0,3.0,0.0,0.0,2.0,2.0,0.0,1.0,1.0,0.0,3.0,0.0,0.0,0.0,4.0,0.0,0.0,0.0,9.0,0.0,5.0,4.0,0.0,7.0,3.0,0.0,3.0,0.0,0.0,0.0,0.0,0.0,0.0,3.0,0.0,0.0,1.0,0.0,0.0,1.0,0.0,1.0,0.0,0.0,2.0,1.0,4.0,1.0,0.0,0.0,0.0,1.0,2.0,17.0,2.0,0.0,8.0,12.0,12.0,9.0,19.0,Cc1cc(NC(=O)CC(C)(C)C)nn1Cc1cc(Cl)ccc1OCc1ccccc1
CHEMBL414978,Active,30.0,3.0,4.0,0.0,2.0,3.0,40.0,6.0,5.0,0.0,4.0,0.0,2.0,6.0,0.0,0.0,0.0,0.0,42.0,4.0,9.0,0.0,5.0,0.0,2.0,7.0,0.0,39.0,5.0,10.0,0.0,2.0,0.0,2.0,4.0,1.0,0.0,41.0,4.0,10.0,0.0,2.0,0.0,3.0,2.0,1.0,45.0,2.0,9.0,0.0,2.0,0.0,4.0,6.0,0.0,0.0,1.0,1.0,41.0,2.0,10.0,0.0,4.0,0.0,4.0,8.0,34.0,2.0,7.0,0.0,4.0,0.0,4.0,8.0,0.0,0.0,0.0,28.0,1.0,6.0,0.0,6.0,0.0,5.0,11.0,2.0,0.0,22.0,0.0,5.0,0.0,5.0,0.0,8.0,1.0,0.0,2.0,0.0,1.0,0.0,0.0,0.0,1.0,1.0,2.0,1.0,3.0,0.0,0.0,0.0,0.0,0.0,0.0,0.0,0.0,0.0,0.0,0.0,0.0,0.0,0.0,0.0,0.0,0.0,0.0,0.0,0.0,0.0,0.0,2.0,2.0,2.0,3.0,2.0,1.0,0.0,0.0,3.0,2.0,0.0,1.0,27.0,1.0,2.0,7.0,4.0,4.0,4.0,28.0,Cc1ccc(-c2cc(Br)ccc2OCc2ccc(F)cc2F)n1-c1cc(C(=O)O)c2ccccc2c1
CHEMBL269514,Inactive,31.0,3.0,4.0,0.0,1.0,1.0,42.0,6.0,5.0,0.0,2.0,0.0,0.0,2.0,0.0,0.0,0.0,0.0,44.0,4.0,9.0,0.0,2.0,0.0,0.0,2.0,0.0,41.0,5.0,10.0,0.0,1.0,0.0,0.0,1.0,1.0,0.0,42.0,5.0,11.0,0.0,1.0,0.0,1.0,2.0,0.0,49.0,2.0,9.0,0.0,0.0,0.0,0.0,0.0,0.0,0.0,1.0,1.0,45.0,2.0,10.0,0.0,1.0,0.0,0.0,1.0,38.0,2.0,7.0,0.0,2.0,0.0,0.0,2.0,0.0,0.0,0.0,33.0,1.0,6.0,0.0,3.0,0.0,0.0,3.0,2.0,0.0,25.0,0.0,7.0,0.0,2.0,0.0,2.0,1.0,0.0,0.0,0.0,1.0,0.0,0.0,0.0,2.0,1.0,1.0,1.0,4.0,0.0,0.0,0.0,0.0,0.0,0.0,0.0,0.0,0.0,0.0,0.0,0.0,0.0,0.0,0.0,0.0,0.0,0.0,0.0,0.0,0.0,0.0,2.0,1.0,1.0,3.0,2.0,2.0,0.0,0.0,3.0,1.0,0.0,1.0,27.0,1.0,2.0,7.0,5.0,5.0,4.0,28.0,Cc1ccc(OCc2ccc(F)cc2)c(-c2ccc(C)n2-c2cc(C(=O)O)c3ccccc3c2)c1
CHEMBL397226,Active,30.0,3.0,4.0,0.0,2.0,2.0,40.0,6.0,5.0,0.0,4.0,0.0,0.0,4.0,0.0,0.0,0.0,0.0,42.0,4.0,9.0,0.0,4.0,0.0,0.0,4.0,0.0,39.0,5.0,10.0,0.0,3.0,0.0,0.0,3.0,1.0,0.0,41.0,4.0,10.0,0.0,2.0,0.0,2.0,2.0,1.0,45.0,2.0,9.0,0.0,4.0,0.0,0.0,4.0,0.0,0.0,1.0,1.0,41.0,2.0,10.0,0.0,5.0,0.0,0.0,5.0,34.0,2.0,7.0,0.0,6.0,0.0,0.0,6.0,0.0,0.0,0.0,28.0,1.0,6.0,0.0,8.0,0.0,0.0,8.0,2.0,0.0,22.0,0.0,5.0,0.0,5.0,0.0,5.0,1.0,0.0,2.0,0.0,1.0,0.0,0.0,0.0,1.0,1.0,2.0,1.0,3.0,0.0,0.0,0.0,0.0,0.0,0.0,0.0,0.0,0.0,0.0,0.0,0.0,0.0,0.0,0.0,0.0,0.0,0.0,0.0,0.0,0.0,0.0,2.0,2.0,2.0,3.0,2.0,1.0,0.0,0.0,3.0,2.0,0.0,1.0,27.0,1.0,2.0,7.0,4.0,4.0,4.0,28.0,Cc1ccc(-c2cc(F)ccc2OCc2ccc(F)cc2)n1-c1cc(C(=O)O)c2ccccc2c1
CHEMBL231184,Active,26.0,3.0,4.0,0.0,1.0,2.0,34.0,6.0,5.0,0.0,2.0,2.0,0.0,4.0,0.0,0.0,0.0,0.0,35.0,4.0,9.0,0.0,2.0,2.0,0.0,4.0,0.0,32.0,4.0,10.0,0.0,1.0,2.0,0.0,3.0,1.0,0.0,36.0,3.0,6.0,0.0,1.0,1.0,2.0,2.0,1.0,39.0,1.0,7.0,0.0,0.0,4.0,0.0,4.0,0.0,0.0,1.0,1.0,33.0,2.0,10.0,0.0,1.0,4.0,0.0,5.0,26.0,2.0,6.0,0.0,2.0,4.0,0.0,6.0,0.0,0.0,0.0,22.0,1.0,5.0,0.0,3.0,4.0,0.0,7.0,2.0,0.0,17.0,0.0,4.0,0.0,2.0,2.0,4.0,1.0,2.0,2.0,0.0,1.0,0.0,0.0,0.0,2.0,1.0,1.0,1.0,4.0,0.0,0.0,0.0,0.0,0.0,0.0,0.0,0.0,0.0,0.0,0.0,0.0,0.0,0.0,0.0,0.0,0.0,0.0,0.0,0.0,0.0,0.0,2.0,1.0,1.0,3.0,2.0,2.0,0.0,0.0,3.0,1.0,0.0,1.0,23.0,1.0,2.0,7.0,5.0,5.0,4.0,24.0,Cc1ccc(-n2c(C)ccc2-c2cc(Cl)ccc2OCc2ccc(F)cc2)cc1C(=O)O
CHEMBL565799,Inactive,27.0,4.0,1.0,3.0,1.0,3.0,37.0,6.0,3.0,4.0,2.0,3.0,0.0,5.0,3.0,0.0,0.0,0.0,34.0,8.0,5.0,3.0,2.0,3.0,0.0,5.0,0.0,33.0,7.0,8.0,2.0,3.0,0.0,0.0,3.0,0.0,0.0,31.0,5.0,5.0,2.0,3.0,0.0,3.0,0.0,4.0,30.0,4.0,6.0,3.0,2.0,2.0,0.0,4.0,1.0,0.0,0.0,0.0,29.0,5.0,8.0,3.0,1.0,2.0,0.0,3.0,28.0,3.0,6.0,6.0,2.0,2.0,0.0,4.0,0.0,0.0,0.0,27.0,3.0,10.0,4.0,3.0,2.0,0.0,5.0,0.0,2.0,20.0,4.0,6.0,6.0,3.0,4.0,7.0,0.0,0.0,0.0,0.0,1.0,0.0,0.0,0.0,1.0,0.0,1.0,0.0,5.0,0.0,1.0,0.0,1.0,0.0,0.0,0.0,0.0,0.0,0.0,0.0,0.0,0.0,0.0,0.0,0.0,0.0,1.0,0.0,0.0,1.0,0.0,0.0,1.0,1.0,3.0,0.0,1.0,0.0,0.0,1.0,1.0,0.0,2.0,24.0,2.0,7.0,8.0,7.0,7.0,7.0,28.0,Cc1cn(Cc2ccc3ccccc3c2)c2c(C=CC(=O)NS(=O)(=O)c3cc(Cl)c(Cl)s3)cc(F)cc12
CHEMBL256092,Active,19.0,5.0,5.0,0.0,0.0,1.0,23.0,8.0,5.0,0.0,0.0,2.0,0.0,2.0,2.0,0.0,0.0,0.0,21.0,7.0,8.0,0.0,0.0,2.0,0.0,2.0,0.0,16.0,9.0,7.0,0.0,0.0,2.0,0.0,2.0,3.0,0.0,23.0,6.0,4.0,0.0,0.0,0.0,0.0,3.0,1.0,24.0,8.0,7.0,0.0,0.0,2.0,0.0,2.0,0.0,1.0,0.0,0.0,23.0,7.0,2.0,0.0,0.0,4.0,0.0,4.0,17.0,6.0,5.0,0.0,0.0,2.0,0.0,2.0,0.0,0.0,0.0,15.0,4.0,4.0,0.0,0.0,3.0,0.0,3.0,2.0,0.0,14.0,3.0,5.0,0.0,0.0,1.0,1.0,0.0,2.0,2.0,1.0,2.0,0.0,0.0,0.0,3.0,0.0,0.0,0.0,7.0,0.0,2.0,0.0,0.0,1.0,0.0,0.0,0.0,0.0,0.0,0.0,0.0,0.0,0.0,0.0,0.0,0.0,0.0,0.0,2.0,1.0,0.0,3.0,0.0,0.0,3.0,1.0,3.0,0.0,0.0,0.0,0.0,1.0,2.0,17.0,2.0,0.0,10.0,10.0,10.0,9.0,19.0,Cc1cc(NC(=O)OC(C)C)nn1Cc1cc(Cl)ccc1OCc1ccccc1
CHEMBL258171,Inactive,18.0,5.0,3.0,0.0,0.0,1.0,22.0,9.0,4.0,0.0,0.0,2.0,0.0,2.0,1.0,0.0,0.0,0.0,20.0,6.0,7.0,0.0,0.0,2.0,0.0,2.0,1.0,17.0,6.0,4.0,0.0,0.0,2.0,0.0,2.0,2.0,0.0,20.0,7.0,4.0,0.0,0.0,0.0,0.0,1.0,1.0,24.0,4.0,4.0,0.0,0.0,2.0,0.0,2.0,0.0,1.0,0.0,0.0,20.0,5.0,3.0,0.0,0.0,4.0,0.0,4.0,14.0,6.0,2.0,0.0,0.0,3.0,0.0,3.0,1.0,0.0,0.0,12.0,5.0,3.0,0.0,0.0,2.0,0.0,2.0,0.0,1.0,11.0,2.0,1.0,0.0,0.0,2.0,2.0,0.0,0.0,0.0,0.0,2.0,0.0,0.0,0.0,2.0,0.0,0.0,0.0,5.0,0.0,0.0,0.0,0.0,0.0,0.0,0.0,0.0,0.0,0.0,0.0,0.0,0.0,0.0,0.0,0.0,0.0,0.0,0.0,0.0,2.0,1.0,1.0,0.0,0.0,2.0,1.0,1.0,0.0,0.0,1.0,0.0,1.0,2.0,17.0,2.0,2.0,8.0,7.0,7.0,7.0,18.0,CNC(=O)c1cc(C)n(Cc2cc(Cl)ccc2OCc2ccccc2)n1
CHEMBL426913,Active,26.0,4.0,4.0,0.0,0.0,1.0,34.0,8.0,5.0,0.0,0.0,2.0,0.0,2.0,0.0,0.0,0.0,0.0,35.0,7.0,9.0,0.0,0.0,2.0,0.0,2.0,0.0,32.0,6.0,10.0,0.0,0.0,2.0,0.0,2.0,1.0,0.0,36.0,5.0,6.0,0.0,0.0,1.0,1.0,4.0,1.0,39.0,5.0,7.0,0.0,0.0,4.0,0.0,4.0,0.0,0.0,0.0,0.0,33.0,4.0,10.0,0.0,0.0,4.0,0.0,4.0,26.0,4.0,6.0,0.0,0.0,4.0,0.0,4.0,0.0,0.0,0.0,22.0,3.0,5.0,0.0,0.0,4.0,0.0,4.0,2.0,0.0,17.0,1.0,4.0,0.0,0.0,2.0,2.0,0.0,2.0,2.0,0.0,1.0,0.0,0.0,0.0,2.0,1.0,0.0,1.0,4.0,0.0,0.0,0.0,0.0,0.0,0.0,0.0,0.0,0.0,0.0,0.0,0.0,0.0,0.0,0.0,0.0,0.0,0.0,0.0,0.0,0.0,0.0,2.0,0.0,0.0,3.0,2.0,2.0,0.0,0.0,3.0,0.0,0.0,1.0,23.0,1.0,2.0,8.0,6.0,6.0,4.0,24.0,Cc1c(N)cc(-n2c(C)ccc2-c2cc(Cl)ccc2OCc2ccccc2)cc1C(=O)O
CHEMBL215690,Inactive,17.0,3.0,4.0,0.0,0.0,2.0,20.0,7.0,5.0,0.0,0.0,0.0,4.0,4.0,0.0,0.0,0.0,0.0,17.0,4.0,7.0,0.0,0.0,0.0,3.0,3.0,2.0,14.0,4.0,5.0,0.0,0.0,0.0,3.0,3.0,3.0,0.0,17.0,4.0,4.0,0.0,0.0,0.0,1.0,1.0,1.0,20.0,3.0,4.0,0.0,0.0,0.0,4.0,4.0,0.0,1.0,0.0,0.0,17.0,3.0,5.0,0.0,0.0,0.0,5.0,5.0,11.0,4.0,4.0,0.0,0.0,0.0,5.0,5.0,2.0,0.0,0.0,8.0,3.0,4.0,0.0,0.0,0.0,3.0,3.0,0.0,2.0,7.0,1.0,2.0,0.0,0.0,0.0,3.0,0.0,0.0,0.0,0.0,2.0,0.0,0.0,0.0,0.0,1.0,0.0,1.0,3.0,0.0,0.0,0.0,0.0,0.0,0.0,0.0,0.0,0.0,0.0,0.0,0.0,0.0,0.0,0.0,0.0,0.0,0.0,0.0,0.0,0.0,0.0,2.0,0.0,0.0,3.0,1.0,0.0,0.0,0.0,1.0,0.0,1.0,2.0,17.0,2.0,2.0,7.0,5.0,5.0,6.0,17.0,O=C(O)c1nn(Cc2cc(Br)ccc2OCc2ccccc2)cc1Br
CHEMBL402608,Inactive,16.0,3.0,2.0,2.0,0.0,1.0,22.0,4.0,2.0,3.0,0.0,2.0,0.0,2.0,0.0,0.0,0.0,0.0,20.0,5.0,2.0,2.0,0.0,2.0,0.0,2.0,0.0,21.0,3.0,4.0,3.0,0.0,1.0,0.0,1.0,0.0,0.0,20.0,2.0,0.0,3.0,0.0,3.0,3.0,2.0,0.0,18.0,0.0,4.0,2.0,0.0,2.0,0.0,2.0,0.0,0.0,0.0,0.0,11.0,0.0,6.0,2.0,0.0,3.0,0.0,3.0,6.0,0.0,6.0,0.0,0.0,3.0,0.0,3.0,0.0,0.0,0.0,2.0,0.0,4.0,0.0,0.0,0.0,0.0,0.0,0.0,2.0,0.0,0.0,4.0,0.0,0.0,0.0,0.0,0.0,0.0,0.0,1.0,1.0,1.0,0.0,0.0,2.0,0.0,0.0,0.0,5.0,0.0,3.0,1.0,0.0,3.0,0.0,0.0,0.0,0.0,0.0,0.0,0.0,0.0,0.0,0.0,0.0,0.0,0.0,0.0,0.0,0.0,0.0,1.0,0.0,0.0,2.0,0.0,2.0,1.0,0.0,1.0,0.0,0.0,2.0,14.0,2.0,2.0,7.0,4.0,4.0,3.0,15.0,CC(C)Cc1cn(-c2ccc(C(=O)[O-])s2)c2cc(Cl)ccc12.[Na+]
CHEMBL401698,Inactive,14.0,5.0,2.0,2.0,0.0,1.0,21.0,4.0,2.0,2.0,0.0,2.0,0.0,2.0,0.0,0.0,0.0,0.0,17.0,8.0,2.0,2.0,0.0,2.0,0.0,2.0,0.0,18.0,6.0,2.0,3.0,0.0,1.0,0.0,1.0,2.0,0.0,17.0,5.0,0.0,3.0,0.0,3.0,3.0,2.0,0.0,16.0,2.0,4.0,2.0,0.0,1.0,0.0,1.0,0.0,1.0,0.0,0.0,9.0,2.0,6.0,2.0,0.0,3.0,0.0,3.0,6.0,0.0,6.0,0.0,0.0,3.0,0.0,3.0,0.0,0.0,0.0,2.0,0.0,4.0,0.0,0.0,0.0,0.0,0.0,0.0,2.0,0.0,0.0,4.0,0.0,0.0,0.0,0.0,0.0,0.0,0.0,1.0,1.0,1.0,0.0,0.0,2.0,0.0,0.0,0.0,5.0,0.0,3.0,1.0,0.0,3.0,0.0,0.0,0.0,0.0,0.0,0.0,0.0,0.0,0.0,0.0,0.0,0.0,0.0,0.0,0.0,0.0,0.0,1.0,0.0,0.0,2.0,0.0,2.0,1.0,0.0,0.0,0.0,1.0,3.0,14.0,3.0,2.0,9.0,4.0,4.0,3.0,14.0,CC(C)Cc1cn(-c2ncc(C(=O)[O-])s2)c2cc(Cl)ccc12.[Na+]
CHEMBL256334,Inactive,14.0,5.0,2.0,2.0,0.0,1.0,21.0,5.0,2.0,1.0,0.0,2.0,0.0,2.0,0.0,0.0,0.0,0.0,17.0,7.0,2.0,3.0,0.0,2.0,0.0,2.0,2.0,18.0,6.0,2.0,3.0,0.0,2.0,0.0,2.0,0.0,2.0,17.0,5.0,0.0,3.0,0.0,2.0,2.0,2.0,0.0,16.0,2.0,4.0,2.0,0.0,2.0,0.0,2.0,0.0,0.0,0.0,0.0,9.0,2.0,6.0,2.0,0.0,2.0,0.0,2.0,6.0,0.0,6.0,0.0,0.0,2.0,0.0,2.0,0.0,0.0,0.0,2.0,0.0,4.0,0.0,0.0,1.0,0.0,1.0,0.0,0.0,0.0,0.0,4.0,0.0,0.0,0.0,0.0,0.0,2.0,2.0,1.0,1.0,1.0,0.0,0.0,2.0,0.0,0.0,0.0,5.0,0.0,3.0,1.0,0.0,3.0,0.0,0.0,0.0,0.0,0.0,0.0,0.0,0.0,0.0,0.0,0.0,0.0,0.0,0.0,0.0,0.0,0.0,1.0,0.0,0.0,2.0,0.0,2.0,1.0,0.0,0.0,0.0,1.0,3.0,14.0,3.0,2.0,9.0,4.0,4.0,3.0,14.0,CC(C)Cc1cn(-c2nc(C(=O)[O-])cs2)c2ccc(Cl)cc12.[Na+]
CHEMBL1915018,Inactive,15.0,6.0,2.0,0.0,0.0,1.0,20.0,12.0,2.0,0.0,0.0,2.0,0.0,2.0,0.0,0.0,0.0,0.0,21.0,8.0,2.0,0.0,0.0,1.0,0.0,1.0,2.0,18.0,6.0,2.0,0.0,0.0,3.0,0.0,3.0,2.0,0.0,16.0,6.0,4.0,0.0,0.0,2.0,2.0,0.0,0.0,17.0,7.0,2.0,0.0,0.0,2.0,0.0,2.0,0.0,1.0,0.0,0.0,12.0,4.0,4.0,0.0,0.0,5.0,0.0,5.0,8.0,2.0,4.0,0.0,0.0,1.0,0.0,1.0,0.0,0.0,0.0,7.0,0.0,6.0,0.0,0.0,0.0,0.0,0.0,0.0,2.0,2.0,0.0,2.0,0.0,0.0,0.0,0.0,0.0,0.0,0.0,1.0,1.0,0.0,0.0,0.0,3.0,1.0,0.0,1.0,6.0,0.0,2.0,0.0,0.0,1.0,0.0,0.0,0.0,0.0,0.0,0.0,0.0,0.0,0.0,0.0,0.0,0.0,0.0,0.0,0.0,0.0,0.0,1.0,0.0,0.0,2.0,0.0,3.0,0.0,0.0,1.0,0.0,1.0,3.0,14.0,3.0,2.0,8.0,7.0,7.0,4.0,15.0,Cc1cc(C(=O)O)nn1Cc1cc(Cl)cn2cc(C(C)C)cc12
CHEMBL1915019,Inactive,13.0,8.0,2.0,0.0,0.0,1.0,17.0,14.0,2.0,0.0,0.0,2.0,0.0,2.0,0.0,0.0,0.0,0.0,16.0,13.0,2.0,0.0,0.0,1.0,0.0,1.0,2.0,17.0,6.0,2.0,0.0,0.0,3.0,0.0,3.0,2.0,0.0,15.0,6.0,4.0,0.0,0.0,1.0,1.0,0.0,0.0,14.0,10.0,2.0,0.0,0.0,2.0,0.0,2.0,0.0,1.0,0.0,0.0,11.0,5.0,4.0,0.0,0.0,5.0,0.0,5.0,8.0,2.0,2.0,0.0,0.0,1.0,0.0,1.0,0.0,0.0,0.0,7.0,0.0,6.0,0.0,0.0,0.0,0.0,0.0,0.0,2.0,2.0,0.0,2.0,0.0,0.0,0.0,0.0,0.0,0.0,0.0,1.0,1.0,0.0,0.0,0.0,3.0,1.0,0.0,1.0,6.0,0.0,2.0,0.0,0.0,1.0,0.0,0.0,0.0,0.0,0.0,0.0,0.0,0.0,0.0,0.0,0.0,0.0,0.0,0.0,0.0,0.0,0.0,1.0,0.0,0.0,2.0,0.0,3.0,0.0,0.0,1.0,0.0,2.0,4.0,14.0,4.0,2.0,10.0,7.0,7.0,4.0,14.0,Cc1cc(C(=O)O)nn1Cc1cc(Cl)cn2cc(C(C)C)nc12
CHEMBL1915245,Inactive,22.0,7.0,2.0,0.0,0.0,1.0,28.0,14.0,4.0,0.0,0.0,2.0,0.0,2.0,0.0,0.0,0.0,0.0,26.0,11.0,5.0,0.0,0.0,2.0,0.0,2.0,0.0,25.0,10.0,1.0,0.0,0.0,3.0,0.0,3.0,1.0,0.0,22.0,13.0,1.0,0.0,0.0,1.0,1.0,1.0,1.0,25.0,10.0,3.0,0.0,0.0,2.0,0.0,2.0,0.0,1.0,0.0,0.0,20.0,9.0,1.0,0.0,0.0,5.0,0.0,5.0,18.0,6.0,0.0,0.0,0.0,1.0,0.0,1.0,0.0,0.0,0.0,17.0,6.0,2.0,0.0,0.0,0.0,0.0,0.0,0.0,0.0,16.0,2.0,2.0,0.0,0.0,2.0,2.0,0.0,0.0,0.0,1.0,1.0,0.0,0.0,0.0,3.0,0.0,0.0,0.0,5.0,0.0,2.0,0.0,0.0,1.0,0.0,0.0,0.0,0.0,0.0,0.0,0.0,0.0,0.0,0.0,0.0,0.0,0.0,0.0,0.0,0.0,0.0,0.0,0.0,0.0,0.0,0.0,3.0,0.0,0.0,0.0,0.0,2.0,5.0,23.0,5.0,0.0,9.0,8.0,8.0,3.0,21.0,Cc1cc(-c2nc3ccccc3[nH]2)nn1Cc1cc(Cl)cc2cc(C(C)C)oc12
CHEMBL1915248,Inactive,22.0,5.0,5.0,0.0,0.0,1.0,28.0,11.0,7.0,0.0,0.0,2.0,0.0,2.0,1.0,0.0,0.0,0.0,27.0,8.0,9.0,0.0,0.0,2.0,0.0,2.0,1.0,26.0,7.0,5.0,0.0,0.0,3.0,0.0,3.0,2.0,0.0,23.0,10.0,5.0,0.0,0.0,1.0,1.0,2.0,1.0,24.0,10.0,6.0,0.0,0.0,2.0,0.0,2.0,0.0,1.0,0.0,0.0,21.0,8.0,4.0,0.0,0.0,5.0,0.0,5.0,18.0,5.0,4.0,0.0,0.0,1.0,0.0,1.0,1.0,0.0,0.0,18.0,4.0,5.0,0.0,0.0,0.0,0.0,0.0,0.0,1.0,15.0,2.0,5.0,0.0,0.0,1.0,1.0,0.0,0.0,0.0,3.0,5.0,4.0,2.0,0.0,4.0,0.0,0.0,0.0,13.0,0.0,8.0,0.0,0.0,7.0,0.0,0.0,6.0,6.0,1.0,0.0,0.0,1.0,2.0,2.0,2.0,2.0,2.0,2.0,2.0,2.0,1.0,2.0,0.0,0.0,2.0,0.0,3.0,4.0,0.0,1.0,0.0,1.0,3.0,14.0,3.0,2.0,10.0,16.0,16.0,7.0,17.0,COC1CCC(NC(=O)c2cc(C)n(Cc3cc(Cl)cc4cc(C(C)C)oc34)n2)CC1
CHEMBL521777,Inactive,23.0,4.0,3.0,1.0,4.0,5.0,29.0,5.0,7.0,3.0,8.0,2.0,0.0,10.0,3.0,0.0,0.0,0.0,26.0,6.0,12.0,3.0,8.0,2.0,0.0,10.0,0.0,24.0,5.0,12.0,2.0,4.0,1.0,0.0,5.0,1.0,0.0,26.0,5.0,10.0,1.0,2.0,0.0,2.0,0.0,3.0,26.0,4.0,7.0,2.0,4.0,1.0,0.0,5.0,1.0,1.0,3.0,3.0,22.0,5.0,8.0,2.0,6.0,2.0,0.0,8.0,18.0,4.0,6.0,3.0,6.0,3.0,0.0,9.0,0.0,1.0,1.0,16.0,4.0,9.0,2.0,6.0,3.0,0.0,9.0,2.0,0.0,15.0,4.0,8.0,2.0,6.0,2.0,8.0,1.0,0.0,0.0,0.0,0.0,0.0,0.0,0.0,1.0,0.0,4.0,0.0,4.0,0.0,1.0,0.0,1.0,0.0,0.0,0.0,0.0,0.0,0.0,0.0,0.0,0.0,0.0,0.0,0.0,0.0,1.0,0.0,0.0,1.0,0.0,0.0,4.0,4.0,4.0,0.0,0.0,0.0,0.0,1.0,4.0,0.0,1.0,21.0,1.0,7.0,8.0,5.0,5.0,7.0,26.0,Cn1cc(C=CC(=O)NS(=O)(=O)c2cc(F)c(F)cc2F)c2c(Oc3ccc(Cl)c(F)c3)cccc21
CHEMBL257413,Inactive,15.0,5.0,2.0,2.0,0.0,1.0,22.0,5.0,2.0,1.0,0.0,2.0,0.0,2.0,0.0,0.0,0.0,0.0,18.0,8.0,2.0,3.0,0.0,2.0,0.0,2.0,0.0,19.0,6.0,2.0,4.0,0.0,1.0,0.0,1.0,2.0,0.0,17.0,6.0,2.0,3.0,0.0,3.0,3.0,0.0,0.0,18.0,2.0,0.0,2.0,0.0,1.0,0.0,1.0,2.0,1.0,0.0,0.0,12.0,2.0,4.0,2.0,0.0,3.0,0.0,3.0,9.0,0.0,6.0,0.0,0.0,3.0,0.0,3.0,0.0,0.0,0.0,4.0,0.0,6.0,0.0,0.0,1.0,0.0,1.0,0.0,0.0,2.0,0.0,4.0,0.0,0.0,0.0,0.0,0.0,2.0,2.0,1.0,2.0,1.0,0.0,0.0,2.0,0.0,0.0,0.0,6.0,0.0,4.0,1.0,0.0,3.0,0.0,0.0,0.0,0.0,0.0,0.0,0.0,0.0,0.0,0.0,0.0,0.0,0.0,0.0,1.0,0.0,0.0,1.0,0.0,0.0,2.0,0.0,2.0,2.0,0.0,0.0,0.0,1.0,3.0,14.0,3.0,0.0,9.0,6.0,6.0,4.0,14.0,CC(C)Cc1cn(-c2nc(CC(=O)[O-])cs2)c2cc(Cl)ccc12.[Na+]
CHEMBL492829,Inactive,25.0,8.0,3.0,0.0,0.0,1.0,32.0,12.0,4.0,0.0,0.0,2.0,0.0,2.0,1.0,0.0,0.0,0.0,28.0,11.0,8.0,0.0,0.0,2.0,0.0,2.0,0.0,26.0,12.0,4.0,0.0,0.0,2.0,0.0,2.0,2.0,0.0,33.0,10.0,3.0,0.0,0.0,0.0,0.0,2.0,1.0,31.0,11.0,6.0,0.0,0.0,2.0,0.0,2.0,0.0,1.0,0.0,0.0,26.0,8.0,1.0,0.0,0.0,4.0,0.0,4.0,20.0,9.0,5.0,0.0,0.0,2.0,0.0,2.0,0.0,0.0,0.0,22.0,5.0,5.0,0.0,0.0,1.0,0.0,1.0,1.0,0.0,18.0,6.0,5.0,0.0,0.0,1.0,1.0,0.0,1.0,1.0,1.0,8.0,1.0,4.0,3.0,3.0,0.0,0.0,0.0,13.0,0.0,7.0,1.0,0.0,6.0,0.0,0.0,2.0,1.0,0.0,0.0,0.0,0.0,0.0,2.0,0.0,2.0,2.0,4.0,1.0,4.0,3.0,1.0,0.0,0.0,2.0,0.0,3.0,3.0,0.0,2.0,0.0,1.0,2.0,17.0,3.0,2.0,11.0,17.0,17.0,10.0,20.0,Cc1cc(NC(=O)c2ccc(CN3CCCCC3)cc2)nn1Cc1cc(Cl)ccc1OCC(C)C.Cl
CHEMBL404239,Inactive,22.0,0.0,4.0,0.0,0.0,1.0,28.0,0.0,5.0,0.0,0.0,2.0,0.0,2.0,0.0,0.0,0.0,0.0,24.0,0.0,9.0,0.0,0.0,2.0,0.0,2.0,0.0,20.0,0.0,8.0,0.0,0.0,2.0,0.0,2.0,0.0,0.0,22.0,0.0,7.0,0.0,0.0,1.0,1.0,0.0,1.0,25.0,0.0,4.0,0.0,0.0,3.0,0.0,3.0,0.0,0.0,0.0,0.0,22.0,0.0,6.0,0.0,0.0,3.0,0.0,3.0,17.0,0.0,4.0,0.0,0.0,4.0,0.0,4.0,2.0,0.0,0.0,12.0,0.0,4.0,0.0,0.0,2.0,0.0,2.0,0.0,2.0,10.0,0.0,2.0,0.0,0.0,1.0,1.0,0.0,0.0,0.0,0.0,2.0,0.0,0.0,0.0,0.0,0.0,0.0,0.0,3.0,0.0,0.0,0.0,0.0,0.0,0.0,0.0,0.0,0.0,0.0,0.0,0.0,0.0,0.0,0.0,0.0,0.0,0.0,0.0,0.0,0.0,0.0,2.0,0.0,0.0,3.0,2.0,0.0,1.0,0.0,2.0,0.0,0.0,0.0,18.0,0.0,2.0,4.0,4.0,4.0,6.0,19.0,O=C([O-])c1cccc(Cc2cc(Cl)ccc2OCc2ccccc2)c1.[Na+]
CHEMBL258057,Active,17.0,2.0,4.0,2.0,0.0,1.0,21.0,3.0,5.0,2.0,0.0,2.0,0.0,2.0,0.0,0.0,0.0,0.0,19.0,1.0,5.0,1.0,0.0,2.0,0.0,2.0,2.0,15.0,2.0,8.0,1.0,0.0,2.0,0.0,2.0,0.0,0.0,17.0,2.0,4.0,2.0,0.0,1.0,1.0,1.0,1.0,19.0,2.0,3.0,2.0,0.0,2.0,0.0,2.0,0.0,1.0,0.0,0.0,17.0,1.0,5.0,2.0,0.0,2.0,0.0,2.0,12.0,2.0,4.0,1.0,0.0,3.0,0.0,3.0,2.0,0.0,0.0,7.0,2.0,4.0,2.0,0.0,2.0,0.0,2.0,0.0,2.0,5.0,1.0,2.0,2.0,0.0,1.0,1.0,0.0,0.0,0.0,0.0,2.0,0.0,0.0,0.0,0.0,0.0,0.0,0.0,3.0,0.0,0.0,0.0,0.0,0.0,0.0,0.0,0.0,0.0,0.0,0.0,0.0,0.0,0.0,0.0,0.0,0.0,0.0,0.0,0.0,0.0,0.0,2.0,0.0,0.0,3.0,1.0,0.0,1.0,0.0,0.0,0.0,1.0,2.0,17.0,2.0,2.0,8.0,4.0,4.0,6.0,16.0,O=C([O-])c1nc(Cc2cc(Cl)ccc2OCc2ccccc2)cs1.[Na+]
CHEMBL1915013,Inactive,17.0,3.0,4.0,0.0,0.0,1.0,19.0,8.0,6.0,0.0,0.0,2.0,0.0,2.0,0.0,0.0,0.0,0.0,19.0,5.0,7.0,0.0,0.0,2.0,0.0,2.0,2.0,19.0,4.0,3.0,0.0,0.0,3.0,0.0,3.0,3.0,0.0,16.0,5.0,5.0,0.0,0.0,1.0,1.0,1.0,1.0,17.0,4.0,5.0,0.0,0.0,2.0,0.0,2.0,0.0,1.0,0.0,0.0,12.0,3.0,5.0,0.0,0.0,5.0,0.0,5.0,8.0,2.0,4.0,0.0,0.0,1.0,0.0,1.0,2.0,0.0,0.0,7.0,0.0,6.0,0.0,0.0,0.0,0.0,0.0,0.0,2.0,2.0,0.0,2.0,0.0,0.0,0.0,0.0,0.0,0.0,0.0,1.0,2.0,0.0,0.0,0.0,1.0,1.0,0.0,1.0,6.0,1.0,3.0,1.0,0.0,1.0,0.0,0.0,0.0,0.0,0.0,0.0,0.0,0.0,0.0,0.0,0.0,0.0,0.0,0.0,0.0,0.0,0.0,1.0,0.0,0.0,2.0,0.0,1.0,1.0,0.0,1.0,0.0,1.0,3.0,14.0,3.0,2.0,7.0,8.0,8.0,4.0,16.0,Cc1cc(C(=O)O)nn1Cc1cc(Cl)cc2cc(C3CC3)oc12
CHEMBL1915249,Inactive,20.0,7.0,3.0,0.0,0.0,1.0,25.0,13.0,5.0,0.0,0.0,2.0,0.0,2.0,1.0,0.0,0.0,0.0,24.0,9.0,7.0,0.0,0.0,2.0,0.0,2.0,1.0,24.0,6.0,4.0,0.0,0.0,3.0,0.0,3.0,2.0,0.0,21.0,11.0,5.0,0.0,0.0,1.0,1.0,1.0,1.0,23.0,10.0,4.0,0.0,0.0,2.0,0.0,2.0,1.0,1.0,0.0,0.0,19.0,8.0,3.0,0.0,0.0,5.0,0.0,5.0,16.0,5.0,2.0,0.0,0.0,1.0,0.0,1.0,1.0,0.0,0.0,15.0,5.0,4.0,0.0,0.0,0.0,0.0,0.0,0.0,1.0,13.0,2.0,3.0,0.0,0.0,1.0,1.0,0.0,0.0,0.0,2.0,5.0,2.0,2.0,0.0,3.0,0.0,0.0,0.0,11.0,0.0,6.0,0.0,0.0,4.0,0.0,0.0,2.0,1.0,0.0,0.0,0.0,0.0,0.0,2.0,0.0,0.0,4.0,4.0,0.0,4.0,2.0,0.0,0.0,0.0,1.0,0.0,3.0,2.0,0.0,1.0,0.0,1.0,3.0,14.0,4.0,2.0,10.0,14.0,14.0,6.0,17.0,Cc1cc(C(=O)NC2CCNCC2)nn1Cc1cc(Cl)cc2cc(C(C)C)oc12
CHEMBL234945,Active,25.0,4.0,4.0,1.0,1.0,2.0,32.0,9.0,7.0,1.0,2.0,2.0,0.0,4.0,2.0,0.0,0.0,0.0,33.0,6.0,11.0,2.0,2.0,2.0,0.0,4.0,0.0,33.0,6.0,12.0,2.0,1.0,2.0,0.0,3.0,1.0,0.0,38.0,4.0,10.0,2.0,1.0,1.0,2.0,4.0,1.0,39.0,6.0,11.0,2.0,0.0,4.0,0.0,4.0,2.0,0.0,1.0,1.0,31.0,4.0,16.0,4.0,1.0,4.0,0.0,5.0,28.0,4.0,14.0,2.0,2.0,4.0,0.0,6.0,0.0,0.0,0.0,22.0,3.0,8.0,2.0,3.0,4.0,0.0,7.0,2.0,0.0,17.0,1.0,9.0,2.0,2.0,1.0,3.0,1.0,2.0,2.0,0.0,1.0,0.0,0.0,0.0,2.0,1.0,1.0,1.0,4.0,0.0,0.0,0.0,0.0,0.0,0.0,0.0,0.0,0.0,0.0,0.0,0.0,0.0,0.0,0.0,0.0,0.0,0.0,0.0,0.0,0.0,0.0,2.0,1.0,1.0,5.0,2.0,1.0,0.0,0.0,2.0,1.0,0.0,1.0,23.0,1.0,2.0,9.0,7.0,7.0,6.0,26.0,Cc1ccc(-c2cc(Cl)ccc2OCc2ccc(F)cc2)n1-c1cc(NS(C)(=O)=O)cc(C(=O)O)c1
CHEMBL234519,Active,26.0,5.0,5.0,0.0,0.0,1.0,33.0,9.0,6.0,0.0,0.0,0.0,2.0,2.0,1.0,0.0,0.0,0.0,35.0,6.0,10.0,0.0,0.0,0.0,2.0,2.0,0.0,35.0,6.0,10.0,0.0,0.0,0.0,2.0,2.0,1.0,0.0,40.0,5.0,8.0,0.0,0.0,0.0,1.0,4.0,1.0,41.0,6.0,11.0,0.0,0.0,0.0,4.0,4.0,1.0,0.0,0.0,0.0,35.0,4.0,14.0,0.0,0.0,0.0,4.0,4.0,30.0,4.0,10.0,0.0,0.0,0.0,4.0,4.0,0.0,0.0,0.0,24.0,3.0,7.0,0.0,0.0,0.0,4.0,4.0,2.0,0.0,19.0,1.0,7.0,0.0,0.0,0.0,2.0,0.0,0.0,2.0,0.0,1.0,0.0,0.0,0.0,2.0,1.0,0.0,1.0,5.0,0.0,1.0,0.0,0.0,0.0,0.0,0.0,0.0,0.0,0.0,0.0,0.0,0.0,0.0,0.0,0.0,0.0,1.0,0.0,0.0,1.0,0.0,2.0,0.0,0.0,4.0,2.0,2.0,0.0,0.0,2.0,0.0,0.0,1.0,23.0,1.0,2.0,10.0,7.0,7.0,6.0,26.0,CC(=O)Nc1cc(C(=O)O)cc(-n2c(C)ccc2-c2cc(Br)ccc2OCc2ccccc2)c1
CHEMBL429259,Active,26.0,3.0,4.0,0.0,5.0,6.0,34.0,6.0,5.0,0.0,7.0,2.0,0.0,9.0,0.0,3.0,3.0,3.0,34.0,4.0,9.0,0.0,11.0,2.0,0.0,13.0,0.0,33.0,5.0,8.0,0.0,8.0,2.0,0.0,10.0,1.0,0.0,38.0,2.0,8.0,0.0,8.0,1.0,9.0,2.0,1.0,41.0,1.0,7.0,0.0,8.0,4.0,0.0,12.0,0.0,0.0,7.0,7.0,31.0,2.0,10.0,0.0,16.0,4.0,0.0,20.0,26.0,2.0,7.0,0.0,10.0,4.0,0.0,14.0,0.0,0.0,0.0,22.0,1.0,4.0,0.0,12.0,5.0,0.0,17.0,2.0,3.0,16.0,0.0,4.0,0.0,11.0,1.0,12.0,1.0,2.0,2.0,0.0,1.0,0.0,0.0,0.0,1.0,1.0,5.0,1.0,4.0,0.0,0.0,0.0,0.0,0.0,0.0,0.0,0.0,0.0,0.0,0.0,0.0,0.0,0.0,0.0,0.0,0.0,0.0,0.0,0.0,0.0,0.0,2.0,5.0,2.0,3.0,2.0,1.0,0.0,3.0,2.0,2.0,0.0,1.0,23.0,1.0,2.0,7.0,4.0,4.0,5.0,25.0,Cc1ccc(-c2cc(Cl)ccc2OCc2ccc(F)cc2F)n1-c1cc(C(=O)O)cc(C(F)(F)F)c1
CHEMBL233665,Inactive,25.0,3.0,4.0,0.0,1.0,3.0,32.0,6.0,5.0,0.0,2.0,4.0,0.0,6.0,0.0,0.0,0.0,0.0,32.0,4.0,9.0,0.0,2.0,4.0,0.0,6.0,0.0,31.0,4.0,8.0,0.0,1.0,5.0,0.0,6.0,1.0,0.0,36.0,2.0,6.0,0.0,1.0,6.0,7.0,2.0,1.0,37.0,1.0,7.0,0.0,0.0,6.0,0.0,6.0,0.0,0.0,1.0,3.0,29.0,2.0,10.0,0.0,1.0,6.0,0.0,7.0,24.0,2.0,6.0,0.0,2.0,6.0,0.0,8.0,0.0,0.0,0.0,20.0,1.0,4.0,0.0,3.0,5.0,0.0,8.0,2.0,0.0,15.0,0.0,4.0,0.0,2.0,3.0,5.0,1.0,2.0,2.0,0.0,1.0,0.0,0.0,0.0,1.0,1.0,1.0,1.0,3.0,0.0,0.0,0.0,0.0,0.0,0.0,0.0,0.0,0.0,0.0,0.0,0.0,0.0,0.0,0.0,0.0,0.0,0.0,0.0,0.0,0.0,0.0,2.0,1.0,1.0,3.0,2.0,1.0,0.0,0.0,2.0,1.0,0.0,1.0,23.0,1.0,2.0,7.0,4.0,4.0,4.0,24.0,Cc1ccc(-c2cc(Cl)ccc2OCc2ccc(F)cc2)n1-c1cc(C(=O)O)ccc1Cl
CHEMBL234176,Active,32.0,5.0,3.0,0.0,0.0,1.0,41.0,8.0,4.0,0.0,0.0,2.0,0.0,2.0,1.0,0.0,0.0,0.0,39.0,8.0,8.0,0.0,0.0,2.0,0.0,2.0,0.0,37.0,7.0,7.0,0.0,0.0,2.0,0.0,2.0,1.0,0.0,42.0,5.0,7.0,0.0,0.0,1.0,1.0,0.0,1.0,45.0,1.0,5.0,0.0,0.0,4.0,0.0,4.0,1.0,0.0,0.0,0.0,41.0,5.0,5.0,0.0,0.0,4.0,0.0,4.0,34.0,7.0,5.0,0.0,0.0,4.0,0.0,4.0,0.0,0.0,0.0,30.0,5.0,3.0,0.0,0.0,3.0,0.0,3.0,0.0,0.0,27.0,4.0,2.0,0.0,0.0,2.0,2.0,0.0,0.0,0.0,0.0,2.0,0.0,0.0,0.0,1.0,0.0,0.0,0.0,4.0,0.0,0.0,0.0,0.0,0.0,0.0,0.0,0.0,0.0,0.0,0.0,0.0,0.0,0.0,0.0,0.0,0.0,0.0,0.0,0.0,2.0,1.0,1.0,0.0,0.0,2.0,1.0,1.0,0.0,0.0,2.0,0.0,0.0,1.0,29.0,1.0,2.0,8.0,6.0,6.0,7.0,31.0,Cc1ccc(-c2cc(Cl)ccc2OCc2ccccc2)n1-c1ccc(C(=O)NCc2ccccc2)cc1
CHEMBL233155,Active,23.0,4.0,6.0,1.0,0.0,0.0,27.0,8.0,9.0,4.0,0.0,0.0,0.0,0.0,4.0,0.0,0.0,0.0,27.0,7.0,12.0,5.0,0.0,0.0,0.0,0.0,2.0,23.0,7.0,15.0,4.0,0.0,0.0,0.0,0.0,1.0,1.0,25.0,9.0,14.0,4.0,0.0,0.0,0.0,2.0,0.0,26.0,13.0,17.0,1.0,0.0,0.0,0.0,0.0,3.0,0.0,0.0,0.0,28.0,13.0,9.0,0.0,0.0,0.0,0.0,0.0,24.0,8.0,4.0,1.0,0.0,0.0,0.0,0.0,3.0,0.0,0.0,16.0,5.0,10.0,2.0,0.0,0.0,0.0,0.0,0.0,0.0,18.0,3.0,9.0,2.0,0.0,0.0,0.0,0.0,0.0,0.0,0.0,3.0,0.0,0.0,0.0,3.0,0.0,0.0,0.0,6.0,0.0,1.0,0.0,0.0,0.0,0.0,0.0,0.0,0.0,0.0,0.0,0.0,0.0,0.0,0.0,0.0,0.0,0.0,0.0,0.0,1.0,0.0,2.0,0.0,0.0,4.0,0.0,2.0,1.0,0.0,0.0,0.0,2.0,3.0,23.0,3.0,4.0,11.0,8.0,8.0,10.0,22.0,CCc1ccccc1N(Cc1nnc(COc2ccc(OC)cc2)o1)S(=O)(=O)c1ccc(C)cc1
CHEMBL439559,Active,23.0,7.0,2.0,1.0,0.0,1.0,30.0,10.0,4.0,4.0,0.0,2.0,0.0,2.0,4.0,0.0,0.0,0.0,28.0,10.0,9.0,5.0,0.0,3.0,0.0,3.0,1.0,23.0,9.0,13.0,4.0,0.0,1.0,0.0,1.0,0.0,1.0,24.0,11.0,13.0,3.0,0.0,1.0,1.0,2.0,0.0,26.0,14.0,12.0,1.0,0.0,2.0,0.0,2.0,2.0,0.0,0.0,2.0,27.0,11.0,5.0,1.0,0.0,2.0,0.0,2.0,22.0,9.0,5.0,2.0,0.0,3.0,0.0,3.0,0.0,0.0,0.0,23.0,6.0,5.0,2.0,0.0,2.0,0.0,2.0,0.0,0.0,25.0,1.0,4.0,1.0,0.0,2.0,2.0,0.0,0.0,0.0,0.0,2.0,0.0,0.0,0.0,4.0,0.0,0.0,0.0,6.0,0.0,0.0,0.0,0.0,0.0,0.0,0.0,0.0,0.0,0.0,0.0,0.0,0.0,0.0,0.0,0.0,0.0,0.0,0.0,0.0,3.0,1.0,0.0,0.0,0.0,2.0,0.0,2.0,1.0,0.0,0.0,0.0,2.0,3.0,23.0,3.0,4.0,10.0,8.0,8.0,8.0,23.0,Cc1ccc(S(=O)(=O)N(Cc2nnc(Cc3ccc(N(C)C)cc3)o2)c2cccc(Cl)c2C)cc1
CHEMBL36911,Inactive,24.0,0.0,5.0,0.0,1.0,1.0,28.0,0.0,8.0,0.0,2.0,0.0,0.0,2.0,0.0,0.0,0.0,0.0,25.0,0.0,10.0,0.0,2.0,0.0,0.0,2.0,0.0,22.0,0.0,8.0,0.0,1.0,0.0,0.0,1.0,0.0,0.0,21.0,0.0,10.0,0.0,1.0,0.0,1.0,0.0,0.0,20.0,0.0,11.0,0.0,1.0,0.0,0.0,1.0,0.0,0.0,0.0,0.0,19.0,0.0,8.0,0.0,1.0,0.0,0.0,1.0,19.0,0.0,7.0,0.0,1.0,0.0,0.0,1.0,0.0,1.0,1.0,19.0,0.0,10.0,0.0,1.0,0.0,0.0,1.0,0.0,0.0,15.0,0.0,12.0,0.0,1.0,0.0,1.0,0.0,0.0,0.0,5.0,11.0,6.0,7.0,4.0,0.0,4.0,1.0,4.0,17.0,2.0,17.0,2.0,0.0,19.0,8.0,10.0,22.0,21.0,21.0,21.0,20.0,12.0,11.0,0.0,10.0,9.0,0.0,0.0,7.0,0.0,0.0,4.0,1.0,1.0,5.0,0.0,0.0,11.0,0.0,0.0,1.0,0.0,0.0,6.0,0.0,0.0,5.0,22.0,22.0,13.0,12.0,O=C(O)CCCCCCC1C(O)CC(O)C1CCC(O)CCc1ccc(F)cc1
CHEMBL233335,Active,23.0,4.0,4.0,1.0,3.0,5.0,26.0,8.0,7.0,4.0,3.0,4.0,0.0,7.0,4.0,3.0,3.0,3.0,25.0,7.0,11.0,5.0,6.0,4.0,0.0,10.0,1.0,21.0,8.0,14.0,3.0,6.0,3.0,0.0,9.0,0.0,1.0,23.0,10.0,12.0,3.0,3.0,3.0,6.0,2.0,2.0,24.0,12.0,12.0,1.0,0.0,4.0,0.0,4.0,2.0,1.0,0.0,3.0,24.0,10.0,5.0,1.0,0.0,5.0,0.0,5.0,21.0,7.0,5.0,2.0,6.0,5.0,0.0,11.0,0.0,0.0,0.0,20.0,5.0,7.0,2.0,9.0,4.0,0.0,13.0,0.0,0.0,23.0,2.0,4.0,1.0,6.0,4.0,10.0,3.0,0.0,3.0,0.0,3.0,0.0,0.0,0.0,1.0,0.0,3.0,0.0,5.0,0.0,1.0,0.0,0.0,0.0,0.0,0.0,0.0,0.0,0.0,0.0,0.0,0.0,0.0,0.0,0.0,0.0,0.0,0.0,1.0,1.0,0.0,1.0,3.0,0.0,3.0,0.0,1.0,1.0,3.0,0.0,0.0,2.0,3.0,23.0,3.0,4.0,9.0,6.0,6.0,10.0,23.0,CCOc1ccc(Cc2nnc(CN(c3cccc(Cl)c3Cl)S(=O)(=O)c3ccc(C(F)(F)F)cc3)o2)cc1
CHEMBL232159,Inactive,25.0,4.0,4.0,1.0,0.0,0.0,29.0,8.0,7.0,4.0,0.0,0.0,0.0,0.0,4.0,0.0,0.0,0.0,29.0,8.0,11.0,5.0,0.0,0.0,0.0,0.0,1.0,25.0,9.0,14.0,4.0,0.0,0.0,0.0,0.0,0.0,1.0,27.0,10.0,14.0,4.0,0.0,0.0,0.0,2.0,0.0,28.0,13.0,15.0,1.0,0.0,0.0,0.0,0.0,2.0,0.0,0.0,0.0,29.0,12.0,6.0,1.0,0.0,0.0,0.0,0.0,26.0,8.0,5.0,2.0,0.0,0.0,0.0,0.0,0.0,0.0,0.0,24.0,5.0,7.0,2.0,0.0,0.0,0.0,0.0,0.0,0.0,27.0,2.0,4.0,1.0,0.0,0.0,0.0,0.0,0.0,0.0,0.0,4.0,0.0,0.0,0.0,3.0,0.0,0.0,0.0,7.0,0.0,2.0,0.0,0.0,0.0,0.0,0.0,0.0,0.0,0.0,0.0,0.0,0.0,0.0,0.0,0.0,0.0,0.0,0.0,1.0,1.0,0.0,1.0,0.0,0.0,3.0,0.0,3.0,2.0,0.0,0.0,0.0,2.0,3.0,23.0,3.0,4.0,9.0,9.0,9.0,10.0,22.0,CCOc1ccc(Cc2nnc(CN(c3ccccc3CC)S(=O)(=O)c3ccc(C)cc3)o2)cc1
CHEMBL234399,Active,24.0,4.0,5.0,1.0,0.0,0.0,30.0,6.0,7.0,4.0,0.0,0.0,0.0,0.0,3.0,0.0,0.0,0.0,30.0,6.0,13.0,5.0,0.0,0.0,0.0,0.0,1.0,25.0,8.0,17.0,4.0,0.0,0.0,0.0,0.0,0.0,1.0,28.0,7.0,14.0,4.0,0.0,0.0,0.0,2.0,0.0,28.0,8.0,16.0,1.0,0.0,0.0,0.0,0.0,1.0,0.0,0.0,0.0,28.0,7.0,9.0,1.0,0.0,0.0,0.0,0.0,26.0,4.0,6.0,2.0,0.0,0.0,0.0,0.0,1.0,0.0,0.0,25.0,2.0,7.0,2.0,0.0,0.0,0.0,0.0,1.0,0.0,26.0,1.0,6.0,1.0,0.0,0.0,0.0,0.0,0.0,0.0,0.0,4.0,0.0,1.0,0.0,4.0,0.0,0.0,0.0,9.0,0.0,3.0,0.0,0.0,0.0,0.0,0.0,0.0,0.0,0.0,0.0,0.0,0.0,0.0,0.0,0.0,0.0,3.0,2.0,0.0,3.0,1.0,2.0,0.0,0.0,5.0,0.0,2.0,2.0,0.0,0.0,0.0,0.0,0.0,18.0,0.0,4.0,10.0,11.0,11.0,12.0,22.0,CCc1ccccc1N(CC(=O)NCCc1ccc(OC)c(OC)c1)S(=O)(=O)c1ccc(C)cc1
CHEMBL515981,Active,26.0,2.0,4.0,0.0,0.0,1.0,33.0,4.0,5.0,0.0,0.0,2.0,0.0,2.0,0.0,0.0,0.0,0.0,33.0,3.0,7.0,0.0,0.0,2.0,0.0,2.0,2.0,31.0,3.0,9.0,0.0,0.0,2.0,0.0,2.0,0.0,0.0,35.0,3.0,8.0,0.0,0.0,2.0,2.0,0.0,1.0,36.0,2.0,6.0,0.0,0.0,4.0,0.0,4.0,1.0,0.0,0.0,0.0,31.0,2.0,8.0,0.0,0.0,3.0,0.0,3.0,25.0,1.0,8.0,0.0,0.0,4.0,0.0,4.0,0.0,0.0,0.0,19.0,2.0,4.0,0.0,0.0,4.0,0.0,4.0,2.0,0.0,13.0,2.0,4.0,0.0,0.0,1.0,1.0,0.0,2.0,2.0,0.0,1.0,0.0,0.0,0.0,0.0,1.0,0.0,1.0,2.0,0.0,0.0,0.0,0.0,0.0,0.0,0.0,0.0,0.0,0.0,0.0,0.0,0.0,0.0,0.0,0.0,0.0,0.0,0.0,0.0,0.0,0.0,2.0,0.0,0.0,3.0,1.0,0.0,0.0,0.0,1.0,0.0,1.0,1.0,24.0,1.0,2.0,6.0,3.0,3.0,4.0,24.0,O=C(O)c1cccc(-c2ccccc2-c2cc(Cl)ccc2OCc2ccccc2)n1
CHEMBL457797,Inactive,28.0,0.0,4.0,0.0,0.0,1.0,37.0,0.0,5.0,0.0,0.0,2.0,0.0,2.0,0.0,0.0,0.0,0.0,36.0,0.0,9.0,0.0,0.0,3.0,0.0,3.0,0.0,34.0,0.0,9.0,0.0,0.0,1.0,0.0,1.0,0.0,0.0,38.0,0.0,8.0,0.0,0.0,1.0,1.0,0.0,0.0,38.0,0.0,7.0,0.0,0.0,2.0,0.0,2.0,0.0,0.0,0.0,0.0,33.0,0.0,8.0,0.0,0.0,3.0,0.0,3.0,26.0,0.0,8.0,0.0,0.0,3.0,0.0,3.0,0.0,0.0,0.0,21.0,0.0,4.0,0.0,0.0,2.0,0.0,2.0,2.0,1.0,15.0,0.0,4.0,0.0,0.0,2.0,2.0,0.0,0.0,0.0,0.0,1.0,0.0,0.0,0.0,0.0,1.0,0.0,1.0,2.0,0.0,0.0,0.0,0.0,0.0,0.0,0.0,0.0,0.0,0.0,0.0,0.0,0.0,0.0,0.0,0.0,0.0,0.0,0.0,0.0,0.0,0.0,2.0,0.0,0.0,3.0,2.0,0.0,0.0,0.0,2.0,0.0,0.0,0.0,24.0,0.0,2.0,4.0,3.0,3.0,4.0,25.0,O=C(O)c1cc(-c2ccccc2-c2ccccc2OCc2ccccc2)ccc1Cl
CHEMBL215956,Active,19.0,3.0,4.0,0.0,3.0,4.0,23.0,8.0,5.0,0.0,3.0,0.0,2.0,5.0,0.0,3.0,3.0,3.0,21.0,5.0,7.0,0.0,6.0,0.0,2.0,8.0,2.0,17.0,4.0,5.0,0.0,6.0,0.0,2.0,8.0,3.0,0.0,20.0,4.0,6.0,0.0,3.0,0.0,3.0,1.0,1.0,22.0,3.0,6.0,0.0,3.0,0.0,2.0,5.0,0.0,1.0,0.0,0.0,20.0,3.0,5.0,0.0,0.0,0.0,4.0,4.0,14.0,4.0,4.0,0.0,3.0,0.0,3.0,6.0,2.0,0.0,0.0,13.0,3.0,4.0,0.0,6.0,0.0,2.0,8.0,0.0,2.0,10.0,2.0,2.0,0.0,9.0,0.0,10.0,0.0,0.0,0.0,0.0,2.0,0.0,0.0,0.0,1.0,1.0,3.0,1.0,5.0,0.0,0.0,0.0,0.0,0.0,0.0,0.0,0.0,0.0,0.0,0.0,0.0,0.0,0.0,0.0,0.0,0.0,0.0,0.0,0.0,0.0,0.0,2.0,3.0,0.0,3.0,1.0,1.0,0.0,3.0,1.0,0.0,1.0,2.0,17.0,2.0,2.0,7.0,6.0,6.0,7.0,18.0,Cc1cc(C(=O)O)nn1Cc1cc(Br)ccc1OCc1ccc(C(F)(F)F)cc1
CHEMBL388510,Active,27.0,4.0,4.0,0.0,1.0,1.0,36.0,8.0,5.0,0.0,2.0,0.0,0.0,2.0,0.0,0.0,0.0,0.0,37.0,7.0,9.0,0.0,2.0,0.0,0.0,2.0,0.0,34.0,6.0,10.0,0.0,1.0,0.0,0.0,1.0,1.0,0.0,37.0,6.0,7.0,0.0,1.0,0.0,1.0,4.0,0.0,43.0,5.0,7.0,0.0,0.0,0.0,0.0,0.0,0.0,0.0,1.0,1.0,37.0,4.0,10.0,0.0,1.0,0.0,0.0,1.0,30.0,4.0,6.0,0.0,2.0,0.0,0.0,2.0,0.0,0.0,0.0,26.0,4.0,5.0,0.0,3.0,0.0,0.0,3.0,2.0,0.0,19.0,1.0,6.0,0.0,2.0,0.0,2.0,1.0,0.0,0.0,0.0,1.0,0.0,0.0,0.0,3.0,1.0,1.0,1.0,5.0,0.0,0.0,0.0,0.0,0.0,0.0,0.0,0.0,0.0,0.0,0.0,0.0,0.0,0.0,0.0,0.0,0.0,0.0,0.0,0.0,0.0,0.0,2.0,1.0,1.0,3.0,2.0,3.0,0.0,0.0,3.0,1.0,0.0,1.0,23.0,1.0,2.0,8.0,7.0,7.0,4.0,24.0,Cc1ccc(OCc2ccc(F)cc2)c(-c2ccc(C)n2-c2cc(N)c(C)c(C(=O)O)c2)c1
CHEMBL391456,Inactive,24.0,8.0,2.0,0.0,0.0,1.0,32.0,11.0,3.0,0.0,0.0,2.0,0.0,2.0,0.0,0.0,0.0,0.0,33.0,9.0,5.0,0.0,0.0,2.0,0.0,2.0,0.0,34.0,8.0,4.0,0.0,0.0,2.0,0.0,2.0,1.0,0.0,37.0,5.0,4.0,0.0,0.0,1.0,1.0,0.0,1.0,34.0,5.0,3.0,0.0,0.0,4.0,0.0,4.0,0.0,0.0,0.0,0.0,29.0,9.0,2.0,0.0,0.0,4.0,0.0,4.0,28.0,10.0,1.0,0.0,0.0,4.0,0.0,4.0,0.0,0.0,0.0,24.0,9.0,0.0,0.0,0.0,3.0,0.0,3.0,0.0,0.0,18.0,6.0,1.0,0.0,0.0,1.0,1.0,1.0,0.0,0.0,0.0,1.0,0.0,0.0,0.0,1.0,0.0,0.0,0.0,2.0,0.0,0.0,0.0,0.0,0.0,0.0,0.0,0.0,0.0,0.0,0.0,0.0,0.0,0.0,0.0,0.0,0.0,0.0,0.0,0.0,0.0,0.0,1.0,0.0,0.0,1.0,1.0,1.0,0.0,0.0,0.0,0.0,2.0,4.0,28.0,4.0,0.0,10.0,3.0,3.0,3.0,26.0,Cc1ccc(-c2cc(Cl)ccc2OCc2ccccc2)n1-c1ccc(-n2cncn2)cc1
CHEMBL232930,Active,24.0,3.0,2.0,2.0,0.0,1.0,31.0,6.0,7.0,2.0,0.0,2.0,0.0,2.0,0.0,0.0,0.0,0.0,32.0,4.0,9.0,2.0,0.0,2.0,0.0,2.0,0.0,32.0,3.0,8.0,1.0,0.0,2.0,0.0,2.0,1.0,0.0,35.0,2.0,6.0,0.0,0.0,1.0,1.0,0.0,1.0,33.0,2.0,3.0,2.0,0.0,4.0,0.0,4.0,2.0,0.0,0.0,0.0,29.0,2.0,6.0,4.0,0.0,4.0,0.0,4.0,26.0,2.0,9.0,2.0,0.0,4.0,0.0,4.0,0.0,0.0,0.0,20.0,1.0,4.0,2.0,0.0,3.0,0.0,3.0,0.0,0.0,16.0,0.0,5.0,2.0,0.0,1.0,1.0,0.0,0.0,0.0,0.0,1.0,0.0,0.0,0.0,2.0,0.0,0.0,0.0,3.0,0.0,0.0,0.0,0.0,0.0,0.0,0.0,0.0,0.0,0.0,0.0,0.0,0.0,0.0,0.0,0.0,0.0,0.0,0.0,0.0,0.0,0.0,1.0,0.0,0.0,3.0,1.0,1.0,0.0,0.0,0.0,0.0,0.0,1.0,23.0,1.0,4.0,7.0,4.0,4.0,4.0,24.0,Cc1ccc(-c2cc(Cl)ccc2OCc2ccccc2)n1-c1ccc(S(C)(=O)=O)cc1
CHEMBL233157,Inactive,23.0,6.0,4.0,1.0,0.0,0.0,27.0,11.0,6.0,4.0,0.0,0.0,0.0,0.0,4.0,0.0,0.0,0.0,27.0,9.0,10.0,5.0,0.0,0.0,0.0,0.0,2.0,23.0,9.0,13.0,4.0,0.0,0.0,0.0,0.0,0.0,1.0,25.0,10.0,13.0,4.0,0.0,0.0,0.0,3.0,0.0,26.0,14.0,16.0,1.0,0.0,0.0,0.0,0.0,2.0,0.0,0.0,0.0,28.0,14.0,8.0,0.0,0.0,0.0,0.0,0.0,24.0,11.0,1.0,1.0,0.0,0.0,0.0,0.0,1.0,0.0,0.0,16.0,10.0,5.0,2.0,0.0,0.0,0.0,0.0,0.0,0.0,18.0,7.0,5.0,2.0,0.0,0.0,0.0,0.0,0.0,0.0,0.0,3.0,0.0,0.0,0.0,3.0,0.0,0.0,0.0,6.0,0.0,1.0,0.0,0.0,0.0,0.0,0.0,0.0,0.0,0.0,0.0,0.0,0.0,0.0,0.0,0.0,0.0,0.0,0.0,0.0,2.0,0.0,1.0,0.0,0.0,3.0,0.0,2.0,1.0,0.0,0.0,0.0,2.0,3.0,23.0,3.0,4.0,11.0,9.0,9.0,10.0,23.0,CCc1ccccc1N(Cc1nnc(CNc2ccc(OC)cc2)o1)S(=O)(=O)c1ccc(C)cc1
CHEMBL434173,Inactive,22.0,2.0,5.0,0.0,0.0,0.0,25.0,3.0,8.0,0.0,0.0,0.0,0.0,0.0,0.0,0.0,0.0,0.0,22.0,3.0,9.0,0.0,0.0,0.0,0.0,0.0,1.0,20.0,2.0,8.0,0.0,0.0,0.0,0.0,0.0,0.0,0.0,20.0,1.0,10.0,0.0,0.0,0.0,0.0,0.0,0.0,18.0,2.0,11.0,0.0,0.0,0.0,0.0,0.0,0.0,0.0,0.0,0.0,16.0,3.0,7.0,0.0,0.0,0.0,0.0,0.0,18.0,1.0,6.0,0.0,0.0,0.0,0.0,0.0,0.0,0.0,0.0,18.0,1.0,10.0,0.0,0.0,0.0,0.0,0.0,0.0,0.0,14.0,1.0,12.0,0.0,0.0,0.0,0.0,0.0,0.0,0.0,5.0,10.0,6.0,6.0,4.0,0.0,4.0,0.0,4.0,16.0,2.0,16.0,2.0,0.0,18.0,8.0,10.0,21.0,20.0,20.0,19.0,17.0,12.0,11.0,1.0,10.0,8.0,1.0,0.0,7.0,1.0,0.0,4.0,0.0,0.0,5.0,0.0,0.0,9.0,0.0,0.0,0.0,0.0,0.0,6.0,0.0,0.0,7.0,22.0,22.0,13.0,13.0,O=C(O)CCCCCCC1C(O)CC(O)C1CCC(O)CNc1ccccc1
CHEMBL427844,Active,26.0,5.0,5.0,0.0,2.0,3.0,33.0,9.0,6.0,0.0,4.0,0.0,2.0,6.0,1.0,0.0,0.0,0.0,35.0,6.0,10.0,0.0,5.0,0.0,2.0,7.0,0.0,35.0,6.0,10.0,0.0,2.0,0.0,2.0,4.0,1.0,0.0,40.0,5.0,8.0,0.0,2.0,0.0,3.0,4.0,1.0,41.0,6.0,11.0,0.0,2.0,0.0,4.0,6.0,1.0,0.0,1.0,1.0,35.0,4.0,14.0,0.0,4.0,0.0,4.0,8.0,30.0,4.0,10.0,0.0,4.0,0.0,4.0,8.0,0.0,0.0,0.0,24.0,3.0,7.0,0.0,6.0,0.0,4.0,10.0,2.0,0.0,19.0,1.0,7.0,0.0,5.0,0.0,7.0,1.0,0.0,2.0,0.0,1.0,0.0,0.0,0.0,2.0,1.0,2.0,1.0,5.0,0.0,1.0,0.0,0.0,0.0,0.0,0.0,0.0,0.0,0.0,0.0,0.0,0.0,0.0,0.0,0.0,0.0,1.0,0.0,0.0,1.0,0.0,2.0,2.0,2.0,4.0,2.0,2.0,0.0,0.0,2.0,2.0,0.0,1.0,23.0,1.0,2.0,10.0,7.0,7.0,6.0,26.0,CC(=O)Nc1cc(C(=O)O)cc(-n2c(C)ccc2-c2cc(Br)ccc2OCc2ccc(F)cc2F)c1
CHEMBL233872,Inactive,26.0,3.0,6.0,0.0,0.0,1.0,33.0,6.0,8.0,0.0,0.0,2.0,0.0,2.0,0.0,0.0,0.0,0.0,35.0,4.0,11.0,0.0,0.0,2.0,0.0,2.0,1.0,35.0,5.0,11.0,0.0,0.0,2.0,0.0,2.0,1.0,0.0,41.0,3.0,11.0,0.0,0.0,1.0,1.0,2.0,1.0,45.0,1.0,9.0,0.0,0.0,4.0,0.0,4.0,0.0,0.0,0.0,0.0,36.0,2.0,14.0,0.0,0.0,4.0,0.0,4.0,28.0,2.0,11.0,0.0,0.0,4.0,0.0,4.0,0.0,0.0,1.0,24.0,1.0,6.0,0.0,0.0,5.0,0.0,5.0,2.0,0.0,18.0,0.0,6.0,0.0,0.0,2.0,2.0,0.0,2.0,2.0,0.0,2.0,0.0,0.0,0.0,2.0,1.0,0.0,1.0,5.0,0.0,1.0,0.0,0.0,0.0,0.0,0.0,0.0,0.0,0.0,0.0,0.0,0.0,0.0,0.0,0.0,0.0,0.0,0.0,1.0,0.0,0.0,3.0,0.0,0.0,4.0,2.0,2.0,0.0,0.0,2.0,0.0,0.0,1.0,23.0,1.0,2.0,9.0,6.0,6.0,6.0,24.0,CCOc1ccc(C(=O)O)cc1-n1c(C)ccc1-c1cc(Cl)ccc1OCc1ccccc1
CHEMBL234183,Inactive,29.0,5.0,2.0,0.0,2.0,3.0,37.0,9.0,3.0,0.0,4.0,0.0,2.0,6.0,0.0,0.0,0.0,0.0,38.0,7.0,5.0,0.0,5.0,0.0,2.0,7.0,0.0,38.0,6.0,4.0,0.0,2.0,0.0,2.0,4.0,1.0,0.0,43.0,4.0,4.0,0.0,2.0,0.0,3.0,0.0,1.0,43.0,5.0,3.0,0.0,2.0,0.0,4.0,6.0,0.0,0.0,1.0,1.0,38.0,7.0,2.0,0.0,4.0,0.0,4.0,8.0,36.0,4.0,2.0,0.0,4.0,0.0,4.0,8.0,0.0,0.0,0.0,30.0,3.0,1.0,0.0,6.0,0.0,4.0,10.0,0.0,0.0,23.0,2.0,2.0,0.0,5.0,0.0,7.0,2.0,0.0,0.0,0.0,1.0,0.0,0.0,0.0,1.0,0.0,2.0,0.0,2.0,0.0,0.0,0.0,0.0,0.0,0.0,0.0,0.0,0.0,0.0,0.0,0.0,0.0,0.0,0.0,0.0,0.0,0.0,0.0,0.0,0.0,0.0,1.0,2.0,2.0,1.0,1.0,1.0,0.0,0.0,0.0,2.0,1.0,2.0,29.0,2.0,0.0,7.0,3.0,3.0,3.0,28.0,Cc1ccc(-c2cc(Br)ccc2OCc2ccc(F)cc2F)n1-c1cccc(-c2ccccn2)c1
CHEMBL391228,Inactive,33.0,5.0,3.0,0.0,0.0,1.0,42.0,9.0,4.0,0.0,0.0,2.0,0.0,2.0,1.0,0.0,0.0,0.0,42.0,8.0,8.0,0.0,0.0,2.0,0.0,2.0,0.0,40.0,8.0,8.0,0.0,0.0,2.0,0.0,2.0,1.0,0.0,47.0,4.0,7.0,0.0,0.0,1.0,1.0,1.0,1.0,49.0,4.0,7.0,0.0,0.0,4.0,0.0,4.0,0.0,0.0,0.0,0.0,42.0,8.0,7.0,0.0,0.0,4.0,0.0,4.0,40.0,6.0,4.0,0.0,0.0,4.0,0.0,4.0,0.0,0.0,0.0,38.0,5.0,2.0,0.0,0.0,4.0,0.0,4.0,1.0,0.0,34.0,3.0,3.0,0.0,0.0,1.0,1.0,1.0,1.0,1.0,1.0,1.0,0.0,0.0,0.0,2.0,0.0,0.0,0.0,5.0,0.0,1.0,0.0,0.0,0.0,0.0,0.0,0.0,0.0,0.0,0.0,0.0,0.0,0.0,0.0,0.0,0.0,1.0,1.0,0.0,2.0,1.0,1.0,0.0,0.0,2.0,1.0,2.0,0.0,0.0,2.0,0.0,0.0,1.0,29.0,1.0,2.0,8.0,7.0,7.0,7.0,32.0,Cc1ccc(-c2cc(Cl)ccc2OCc2ccccc2)n1-c1cccc(C(=O)NC(C)c2ccccc2)c1
CHEMBL393416,Inactive,25.0,4.0,3.0,0.0,0.0,1.0,32.0,7.0,4.0,0.0,0.0,2.0,0.0,2.0,1.0,0.0,0.0,0.0,32.0,6.0,7.0,0.0,0.0,2.0,0.0,2.0,0.0,31.0,6.0,6.0,0.0,0.0,2.0,0.0,2.0,1.0,0.0,36.0,3.0,5.0,0.0,0.0,1.0,1.0,1.0,1.0,37.0,3.0,5.0,0.0,0.0,4.0,0.0,4.0,0.0,0.0,0.0,0.0,29.0,6.0,6.0,0.0,0.0,4.0,0.0,4.0,24.0,4.0,4.0,0.0,0.0,4.0,0.0,4.0,0.0,0.0,0.0,20.0,3.0,2.0,0.0,0.0,4.0,0.0,4.0,1.0,0.0,15.0,2.0,2.0,0.0,0.0,1.0,1.0,1.0,1.0,1.0,0.0,1.0,0.0,0.0,0.0,1.0,0.0,0.0,0.0,3.0,0.0,0.0,0.0,0.0,0.0,0.0,0.0,0.0,0.0,0.0,0.0,0.0,0.0,0.0,0.0,0.0,0.0,0.0,0.0,0.0,1.0,0.0,1.0,0.0,0.0,2.0,1.0,1.0,0.0,0.0,2.0,0.0,0.0,1.0,23.0,1.0,2.0,7.0,4.0,4.0,4.0,24.0,Cc1ccc(-c2cc(Cl)ccc2OCc2ccccc2)n1-c1cccc(C(N)=O)c1
CHEMBL376996,Inactive,26.0,3.0,4.0,0.0,3.0,4.0,34.0,6.0,5.0,0.0,3.0,0.0,2.0,5.0,0.0,3.0,3.0,3.0,34.0,4.0,9.0,0.0,6.0,0.0,2.0,8.0,0.0,33.0,4.0,8.0,0.0,6.0,0.0,2.0,8.0,1.0,0.0,36.0,2.0,7.0,0.0,6.0,0.0,7.0,2.0,1.0,38.0,1.0,7.0,0.0,0.0,0.0,4.0,4.0,0.0,0.0,3.0,3.0,31.0,2.0,10.0,0.0,3.0,0.0,4.0,7.0,27.0,2.0,6.0,0.0,6.0,0.0,4.0,10.0,0.0,0.0,0.0,22.0,2.0,4.0,0.0,9.0,0.0,4.0,13.0,2.0,0.0,18.0,0.0,4.0,0.0,6.0,0.0,8.0,3.0,0.0,2.0,0.0,1.0,0.0,0.0,0.0,1.0,1.0,3.0,1.0,4.0,0.0,0.0,0.0,0.0,0.0,0.0,0.0,0.0,0.0,0.0,0.0,0.0,0.0,0.0,0.0,0.0,0.0,0.0,0.0,0.0,0.0,0.0,2.0,3.0,0.0,3.0,2.0,1.0,0.0,3.0,2.0,0.0,0.0,1.0,23.0,1.0,2.0,7.0,4.0,4.0,5.0,25.0,Cc1ccc(-c2cc(Br)ccc2OCc2cccc(C(F)(F)F)c2)n1-c1cccc(C(=O)O)c1
CHEMBL209746,Active,22.0,4.0,5.0,0.0,0.0,1.0,27.0,9.0,8.0,0.0,0.0,0.0,2.0,2.0,0.0,0.0,0.0,0.0,29.0,5.0,9.0,0.0,0.0,0.0,2.0,2.0,1.0,30.0,5.0,7.0,0.0,0.0,0.0,2.0,2.0,1.0,0.0,33.0,4.0,7.0,0.0,0.0,0.0,1.0,2.0,1.0,32.0,4.0,9.0,0.0,0.0,0.0,4.0,4.0,0.0,0.0,0.0,0.0,24.0,3.0,13.0,0.0,0.0,0.0,4.0,4.0,19.0,4.0,8.0,0.0,0.0,0.0,3.0,3.0,0.0,0.0,0.0,14.0,4.0,7.0,0.0,0.0,0.0,3.0,3.0,2.0,1.0,10.0,2.0,7.0,0.0,0.0,0.0,1.0,0.0,0.0,2.0,0.0,1.0,0.0,0.0,0.0,2.0,1.0,0.0,1.0,4.0,0.0,0.0,0.0,0.0,0.0,0.0,0.0,0.0,0.0,0.0,0.0,0.0,0.0,0.0,0.0,0.0,0.0,0.0,0.0,0.0,0.0,0.0,2.0,0.0,0.0,3.0,1.0,2.0,0.0,0.0,2.0,0.0,1.0,3.0,22.0,3.0,2.0,9.0,5.0,5.0,4.0,21.0,Cc1cc(COc2ccc(Br)cc2-c2ccc(C)n2-c2cccc(C(=O)O)c2)no1
CHEMBL212679,Inactive,23.0,4.0,5.0,0.0,0.0,1.0,29.0,9.0,8.0,0.0,0.0,0.0,2.0,2.0,0.0,0.0,0.0,0.0,31.0,6.0,11.0,0.0,0.0,0.0,2.0,2.0,0.0,31.0,4.0,8.0,0.0,0.0,0.0,2.0,2.0,2.0,0.0,36.0,3.0,6.0,0.0,0.0,0.0,1.0,2.0,1.0,36.0,3.0,9.0,0.0,0.0,0.0,4.0,4.0,0.0,0.0,0.0,0.0,27.0,5.0,13.0,0.0,0.0,0.0,4.0,4.0,21.0,4.0,8.0,0.0,0.0,0.0,4.0,4.0,0.0,0.0,0.0,18.0,3.0,7.0,0.0,0.0,0.0,4.0,4.0,2.0,1.0,12.0,3.0,7.0,0.0,0.0,0.0,0.0,0.0,0.0,2.0,0.0,1.0,0.0,0.0,0.0,3.0,1.0,0.0,1.0,5.0,0.0,0.0,0.0,0.0,0.0,0.0,0.0,0.0,0.0,0.0,0.0,0.0,0.0,0.0,0.0,0.0,0.0,0.0,0.0,0.0,0.0,0.0,2.0,0.0,0.0,3.0,1.0,3.0,0.0,0.0,2.0,0.0,1.0,3.0,22.0,3.0,2.0,9.0,6.0,6.0,4.0,21.0,Cc1noc(C)c1COc1ccc(Br)cc1-c1ccc(C)n1-c1cccc(C(=O)O)c1
CHEMBL378120,Active,21.0,3.0,4.0,0.0,0.0,1.0,27.0,6.0,5.0,0.0,0.0,0.0,2.0,2.0,0.0,0.0,0.0,0.0,27.0,4.0,9.0,0.0,0.0,0.0,2.0,2.0,0.0,30.0,4.0,6.0,0.0,0.0,0.0,2.0,2.0,1.0,0.0,34.0,2.0,5.0,0.0,0.0,0.0,1.0,2.0,1.0,32.0,1.0,7.0,0.0,0.0,0.0,4.0,4.0,0.0,0.0,0.0,0.0,21.0,2.0,10.0,0.0,0.0,0.0,4.0,4.0,17.0,0.0,6.0,0.0,0.0,0.0,4.0,4.0,0.0,0.0,0.0,12.0,0.0,4.0,0.0,0.0,0.0,2.0,2.0,2.0,0.0,6.0,0.0,4.0,0.0,0.0,0.0,0.0,0.0,0.0,2.0,1.0,1.0,1.0,0.0,0.0,3.0,1.0,0.0,1.0,6.0,0.0,3.0,1.0,0.0,3.0,0.0,0.0,0.0,0.0,0.0,0.0,0.0,0.0,0.0,0.0,0.0,2.0,0.0,0.0,1.0,0.0,0.0,2.0,0.0,0.0,3.0,1.0,3.0,0.0,0.0,2.0,0.0,0.0,1.0,17.0,1.0,2.0,7.0,6.0,6.0,4.0,19.0,Cc1ccc(-c2cc(Br)ccc2OCC(C)C)n1-c1cccc(C(=O)O)c1
CHEMBL378090,Inactive,22.0,3.0,6.0,0.0,0.0,1.0,28.0,6.0,8.0,0.0,0.0,2.0,0.0,2.0,0.0,0.0,0.0,0.0,29.0,4.0,8.0,0.0,0.0,2.0,0.0,2.0,0.0,29.0,4.0,9.0,0.0,0.0,2.0,0.0,2.0,1.0,0.0,34.0,2.0,7.0,0.0,0.0,1.0,1.0,2.0,1.0,33.0,1.0,10.0,0.0,0.0,4.0,0.0,4.0,0.0,0.0,0.0,0.0,25.0,1.0,12.0,0.0,0.0,4.0,0.0,4.0,18.0,2.0,9.0,0.0,0.0,3.0,0.0,3.0,0.0,0.0,1.0,15.0,0.0,7.0,0.0,0.0,4.0,0.0,4.0,2.0,0.0,10.0,0.0,6.0,0.0,0.0,0.0,0.0,0.0,2.0,2.0,1.0,4.0,2.0,2.0,1.0,1.0,1.0,0.0,1.0,7.0,0.0,4.0,0.0,0.0,3.0,0.0,0.0,2.0,1.0,0.0,0.0,0.0,0.0,2.0,0.0,2.0,3.0,0.0,0.0,4.0,0.0,0.0,4.0,0.0,0.0,4.0,1.0,1.0,2.0,0.0,2.0,0.0,0.0,1.0,17.0,2.0,2.0,9.0,9.0,9.0,4.0,19.0,Cc1ccc(-c2cc(Cl)ccc2OCC2CCCO2)n1-c1cccc(C(=O)O)c1
CHEMBL379155,Inactive,26.0,3.0,4.0,0.0,0.0,1.0,33.0,6.0,5.0,0.0,0.0,0.0,2.0,2.0,0.0,0.0,0.0,0.0,33.0,5.0,9.0,0.0,0.0,0.0,2.0,2.0,0.0,34.0,4.0,8.0,0.0,0.0,0.0,2.0,2.0,1.0,0.0,39.0,2.0,6.0,0.0,0.0,0.0,1.0,2.0,1.0,41.0,1.0,7.0,0.0,0.0,0.0,4.0,4.0,0.0,0.0,0.0,0.0,33.0,2.0,11.0,0.0,0.0,0.0,4.0,4.0,26.0,2.0,8.0,0.0,0.0,0.0,5.0,5.0,0.0,0.0,0.0,21.0,1.0,4.0,0.0,0.0,0.0,4.0,4.0,2.0,0.0,17.0,0.0,4.0,0.0,0.0,0.0,1.0,0.0,0.0,2.0,0.0,2.0,0.0,0.0,0.0,1.0,1.0,0.0,1.0,4.0,0.0,1.0,0.0,0.0,0.0,0.0,0.0,0.0,0.0,0.0,0.0,0.0,0.0,0.0,0.0,0.0,0.0,0.0,0.0,0.0,0.0,0.0,2.0,0.0,0.0,3.0,2.0,1.0,1.0,0.0,2.0,0.0,0.0,1.0,23.0,1.0,2.0,7.0,5.0,5.0,5.0,24.0,CCc1ccc(-c2cc(Br)ccc2OCc2ccccc2)n1-c1cccc(C(=O)O)c1
CHEMBL212688,Active,26.0,3.0,4.0,0.0,3.0,3.0,34.0,6.0,5.0,0.0,3.0,0.0,0.0,3.0,0.0,3.0,3.0,3.0,34.0,4.0,9.0,0.0,6.0,0.0,0.0,6.0,0.0,33.0,4.0,8.0,0.0,6.0,0.0,0.0,6.0,1.0,0.0,37.0,3.0,7.0,0.0,6.0,0.0,6.0,2.0,0.0,41.0,1.0,7.0,0.0,3.0,0.0,0.0,3.0,0.0,3.0,3.0,3.0,33.0,2.0,10.0,0.0,12.0,0.0,0.0,12.0,28.0,2.0,6.0,0.0,12.0,0.0,0.0,12.0,0.0,0.0,0.0,24.0,1.0,4.0,0.0,12.0,0.0,0.0,12.0,2.0,0.0,16.0,0.0,6.0,0.0,12.0,0.0,12.0,0.0,0.0,0.0,0.0,1.0,0.0,0.0,0.0,1.0,1.0,3.0,1.0,4.0,0.0,0.0,0.0,0.0,0.0,0.0,0.0,0.0,0.0,0.0,0.0,0.0,0.0,0.0,0.0,0.0,0.0,0.0,0.0,0.0,0.0,0.0,2.0,3.0,0.0,3.0,2.0,1.0,0.0,3.0,2.0,0.0,0.0,1.0,23.0,1.0,2.0,7.0,4.0,4.0,5.0,25.0,Cc1ccc(-c2cc(C(F)(F)F)ccc2OCc2ccccc2)n1-c1cccc(C(=O)O)c1
CHEMBL228695,Active,30.0,3.0,4.0,0.0,0.0,1.0,40.0,6.0,5.0,0.0,0.0,2.0,0.0,2.0,0.0,0.0,0.0,0.0,42.0,4.0,9.0,0.0,0.0,2.0,0.0,2.0,0.0,39.0,5.0,10.0,0.0,0.0,2.0,0.0,2.0,1.0,0.0,41.0,4.0,10.0,0.0,0.0,1.0,1.0,2.0,1.0,45.0,2.0,9.0,0.0,0.0,4.0,0.0,4.0,0.0,0.0,0.0,0.0,41.0,2.0,10.0,0.0,0.0,4.0,0.0,4.0,34.0,2.0,7.0,0.0,0.0,4.0,0.0,4.0,0.0,0.0,0.0,28.0,1.0,6.0,0.0,0.0,5.0,0.0,5.0,2.0,0.0,22.0,0.0,5.0,0.0,0.0,3.0,3.0,0.0,2.0,2.0,0.0,1.0,0.0,0.0,0.0,1.0,1.0,0.0,1.0,3.0,0.0,0.0,0.0,0.0,0.0,0.0,0.0,0.0,0.0,0.0,0.0,0.0,0.0,0.0,0.0,0.0,0.0,0.0,0.0,0.0,0.0,0.0,2.0,0.0,0.0,3.0,2.0,1.0,0.0,0.0,3.0,0.0,0.0,1.0,27.0,1.0,2.0,7.0,4.0,4.0,4.0,28.0,Cc1ccc(-c2cc(Cl)ccc2OCc2ccccc2)n1-c1cc(C(=O)O)c2ccccc2c1
CHEMBL395248,Active,26.0,3.0,4.0,0.0,2.0,3.0,34.0,6.0,5.0,0.0,4.0,0.0,2.0,6.0,0.0,0.0,0.0,0.0,35.0,4.0,9.0,0.0,5.0,0.0,2.0,7.0,0.0,32.0,4.0,10.0,0.0,2.0,0.0,2.0,4.0,1.0,0.0,36.0,3.0,6.0,0.0,2.0,0.0,3.0,2.0,1.0,39.0,1.0,7.0,0.0,2.0,0.0,4.0,6.0,0.0,0.0,1.0,1.0,33.0,2.0,10.0,0.0,4.0,0.0,4.0,8.0,26.0,2.0,6.0,0.0,4.0,0.0,4.0,8.0,0.0,0.0,0.0,22.0,1.0,5.0,0.0,6.0,0.0,4.0,10.0,2.0,0.0,17.0,0.0,4.0,0.0,5.0,0.0,7.0,1.0,0.0,2.0,0.0,1.0,0.0,0.0,0.0,2.0,1.0,2.0,1.0,4.0,0.0,0.0,0.0,0.0,0.0,0.0,0.0,0.0,0.0,0.0,0.0,0.0,0.0,0.0,0.0,0.0,0.0,0.0,0.0,0.0,0.0,0.0,2.0,2.0,2.0,3.0,2.0,2.0,0.0,0.0,3.0,2.0,0.0,1.0,23.0,1.0,2.0,7.0,5.0,5.0,4.0,24.0,Cc1ccc(-n2c(C)ccc2-c2cc(Br)ccc2OCc2ccc(F)cc2F)cc1C(=O)O
CHEMBL397655,Active,26.0,3.0,4.0,0.0,2.0,3.0,34.0,6.0,5.0,0.0,4.0,2.0,0.0,6.0,0.0,0.0,0.0,0.0,35.0,4.0,9.0,0.0,5.0,2.0,0.0,7.0,0.0,32.0,4.0,10.0,0.0,2.0,2.0,0.0,4.0,1.0,0.0,36.0,3.0,6.0,0.0,2.0,1.0,3.0,2.0,1.0,39.0,1.0,7.0,0.0,2.0,4.0,0.0,6.0,0.0,0.0,1.0,1.0,33.0,2.0,10.0,0.0,4.0,4.0,0.0,8.0,26.0,2.0,6.0,0.0,4.0,4.0,0.0,8.0,0.0,0.0,0.0,22.0,1.0,5.0,0.0,6.0,4.0,0.0,10.0,2.0,0.0,17.0,0.0,4.0,0.0,5.0,2.0,7.0,1.0,2.0,2.0,0.0,1.0,0.0,0.0,0.0,2.0,1.0,2.0,1.0,4.0,0.0,0.0,0.0,0.0,0.0,0.0,0.0,0.0,0.0,0.0,0.0,0.0,0.0,0.0,0.0,0.0,0.0,0.0,0.0,0.0,0.0,0.0,2.0,2.0,2.0,3.0,2.0,2.0,0.0,0.0,3.0,2.0,0.0,1.0,23.0,1.0,2.0,7.0,5.0,5.0,4.0,24.0,Cc1ccc(-n2c(C)ccc2-c2cc(Cl)ccc2OCc2ccc(F)cc2F)cc1C(=O)O
CHEMBL230875,Active,25.0,3.0,4.0,0.0,1.0,3.0,32.0,6.0,5.0,0.0,2.0,2.0,2.0,6.0,0.0,0.0,0.0,0.0,32.0,4.0,9.0,0.0,2.0,3.0,2.0,7.0,0.0,31.0,4.0,8.0,0.0,1.0,1.0,2.0,4.0,1.0,0.0,36.0,2.0,6.0,0.0,1.0,0.0,2.0,2.0,1.0,37.0,1.0,7.0,0.0,0.0,2.0,4.0,6.0,0.0,0.0,1.0,1.0,29.0,2.0,10.0,0.0,1.0,4.0,4.0,9.0,24.0,2.0,6.0,0.0,2.0,2.0,4.0,8.0,0.0,0.0,0.0,20.0,1.0,4.0,0.0,3.0,2.0,4.0,9.0,2.0,1.0,15.0,0.0,4.0,0.0,2.0,2.0,5.0,1.0,0.0,2.0,0.0,1.0,0.0,0.0,0.0,1.0,1.0,1.0,1.0,3.0,0.0,0.0,0.0,0.0,0.0,0.0,0.0,0.0,0.0,0.0,0.0,0.0,0.0,0.0,0.0,0.0,0.0,0.0,0.0,0.0,0.0,0.0,2.0,1.0,1.0,3.0,2.0,1.0,0.0,0.0,2.0,1.0,0.0,1.0,23.0,1.0,2.0,7.0,4.0,4.0,4.0,24.0,Cc1ccc(-c2cc(Br)ccc2OCc2ccc(F)cc2)n1-c1ccc(Cl)c(C(=O)O)c1
CHEMBL230766,Active,26.0,3.0,4.0,0.0,4.0,4.0,34.0,6.0,5.0,0.0,5.0,0.0,0.0,5.0,0.0,3.0,3.0,3.0,34.0,4.0,9.0,0.0,9.0,0.0,0.0,9.0,0.0,33.0,4.0,8.0,0.0,7.0,0.0,0.0,7.0,1.0,0.0,37.0,3.0,7.0,0.0,6.0,0.0,6.0,2.0,0.0,41.0,1.0,7.0,0.0,5.0,0.0,0.0,5.0,0.0,3.0,3.0,3.0,33.0,2.0,10.0,0.0,16.0,0.0,0.0,16.0,28.0,2.0,6.0,0.0,14.0,0.0,0.0,14.0,0.0,0.0,0.0,24.0,1.0,4.0,0.0,14.0,0.0,0.0,14.0,2.0,1.0,16.0,0.0,6.0,0.0,15.0,0.0,15.0,0.0,0.0,0.0,0.0,1.0,0.0,0.0,0.0,1.0,1.0,4.0,1.0,4.0,0.0,0.0,0.0,0.0,0.0,0.0,0.0,0.0,0.0,0.0,0.0,0.0,0.0,0.0,0.0,0.0,0.0,0.0,0.0,0.0,0.0,0.0,2.0,4.0,1.0,3.0,2.0,1.0,0.0,3.0,2.0,1.0,0.0,1.0,23.0,1.0,2.0,7.0,4.0,4.0,5.0,25.0,Cc1ccc(-c2cc(C(F)(F)F)ccc2OCc2ccccc2)n1-c1ccc(F)c(C(=O)O)c1
CHEMBL230765,Active,25.0,3.0,4.0,0.0,2.0,3.0,32.0,6.0,5.0,0.0,4.0,0.0,2.0,6.0,0.0,0.0,0.0,0.0,32.0,4.0,9.0,0.0,5.0,0.0,2.0,7.0,0.0,31.0,4.0,8.0,0.0,2.0,0.0,2.0,4.0,1.0,0.0,36.0,2.0,6.0,0.0,1.0,0.0,2.0,2.0,1.0,37.0,1.0,7.0,0.0,2.0,0.0,4.0,6.0,0.0,0.0,1.0,1.0,29.0,2.0,10.0,0.0,5.0,0.0,4.0,9.0,24.0,2.0,6.0,0.0,4.0,0.0,4.0,8.0,0.0,0.0,0.0,20.0,1.0,4.0,0.0,5.0,0.0,4.0,9.0,2.0,1.0,15.0,0.0,4.0,0.0,4.0,0.0,5.0,1.0,0.0,2.0,0.0,1.0,0.0,0.0,0.0,1.0,1.0,2.0,1.0,3.0,0.0,0.0,0.0,0.0,0.0,0.0,0.0,0.0,0.0,0.0,0.0,0.0,0.0,0.0,0.0,0.0,0.0,0.0,0.0,0.0,0.0,0.0,2.0,2.0,2.0,3.0,2.0,1.0,0.0,0.0,2.0,2.0,0.0,1.0,23.0,1.0,2.0,7.0,4.0,4.0,4.0,24.0,Cc1ccc(-c2cc(Br)ccc2OCc2ccc(F)cc2)n1-c1ccc(F)c(C(=O)O)c1
CHEMBL3092131,Active,20.0,5.0,2.0,2.0,0.0,0.0,28.0,9.0,2.0,1.0,0.0,0.0,0.0,0.0,0.0,0.0,0.0,0.0,24.0,11.0,2.0,2.0,0.0,0.0,0.0,0.0,2.0,21.0,14.0,2.0,3.0,0.0,0.0,0.0,0.0,0.0,2.0,24.0,11.0,0.0,4.0,0.0,0.0,0.0,2.0,0.0,26.0,6.0,2.0,4.0,0.0,0.0,0.0,0.0,2.0,0.0,0.0,0.0,23.0,3.0,6.0,3.0,0.0,0.0,0.0,0.0,16.0,1.0,8.0,1.0,0.0,0.0,0.0,0.0,0.0,0.0,0.0,7.0,0.0,8.0,0.0,0.0,0.0,0.0,0.0,0.0,0.0,1.0,0.0,6.0,0.0,0.0,0.0,0.0,0.0,0.0,0.0,0.0,1.0,0.0,0.0,0.0,0.0,1.0,0.0,1.0,2.0,0.0,0.0,0.0,0.0,0.0,0.0,0.0,0.0,0.0,0.0,0.0,0.0,0.0,0.0,0.0,0.0,0.0,0.0,0.0,0.0,0.0,0.0,1.0,0.0,0.0,2.0,0.0,0.0,1.0,0.0,0.0,0.0,2.0,4.0,22.0,4.0,2.0,9.0,3.0,3.0,1.0,20.0,O=C(O)c1csc(-n2nc(-c3ccccc3)c3c2-c2ccccc2C3)n1
CHEMBL3092135,Inactive,16.0,5.0,2.0,4.0,0.0,0.0,22.0,9.0,2.0,3.0,0.0,0.0,0.0,0.0,0.0,0.0,0.0,0.0,18.0,11.0,2.0,3.0,0.0,0.0,0.0,0.0,2.0,19.0,13.0,2.0,4.0,0.0,0.0,0.0,0.0,0.0,2.0,21.0,9.0,0.0,7.0,0.0,0.0,0.0,2.0,0.0,22.0,4.0,2.0,4.0,0.0,0.0,0.0,0.0,2.0,0.0,0.0,0.0,18.0,2.0,6.0,6.0,0.0,0.0,0.0,0.0,11.0,1.0,8.0,4.0,0.0,0.0,0.0,0.0,0.0,0.0,0.0,5.0,0.0,6.0,1.0,0.0,0.0,0.0,0.0,0.0,0.0,1.0,0.0,4.0,0.0,0.0,0.0,0.0,0.0,0.0,0.0,0.0,0.0,0.0,0.0,0.0,1.0,1.0,0.0,1.0,2.0,0.0,0.0,0.0,0.0,0.0,0.0,0.0,0.0,0.0,0.0,0.0,0.0,0.0,0.0,0.0,0.0,0.0,0.0,0.0,0.0,0.0,0.0,1.0,0.0,0.0,2.0,0.0,1.0,0.0,0.0,0.0,0.0,2.0,5.0,21.0,5.0,2.0,11.0,2.0,2.0,1.0,18.0,Cc1c(-c2ccccc2)nn(-c2nc(C(=O)O)cs2)c1-c1ccsc1
CHEMBL228644,Active,27.0,4.0,4.0,0.0,4.0,4.0,36.0,8.0,5.0,0.0,5.0,0.0,0.0,5.0,0.0,3.0,3.0,3.0,37.0,7.0,9.0,0.0,8.0,0.0,0.0,8.0,0.0,34.0,6.0,10.0,0.0,7.0,0.0,0.0,7.0,1.0,0.0,37.0,6.0,7.0,0.0,7.0,0.0,7.0,4.0,0.0,43.0,5.0,7.0,0.0,3.0,0.0,0.0,3.0,0.0,3.0,4.0,4.0,37.0,4.0,10.0,0.0,13.0,0.0,0.0,13.0,30.0,4.0,6.0,0.0,14.0,0.0,0.0,14.0,0.0,0.0,0.0,26.0,4.0,5.0,0.0,15.0,0.0,0.0,15.0,2.0,0.0,19.0,1.0,6.0,0.0,14.0,0.0,14.0,4.0,0.0,0.0,0.0,1.0,0.0,0.0,0.0,2.0,1.0,4.0,1.0,5.0,0.0,0.0,0.0,0.0,0.0,0.0,0.0,0.0,0.0,0.0,0.0,0.0,0.0,0.0,0.0,0.0,0.0,0.0,0.0,0.0,0.0,0.0,2.0,4.0,1.0,3.0,2.0,2.0,0.0,3.0,3.0,1.0,0.0,1.0,23.0,1.0,2.0,8.0,6.0,6.0,5.0,25.0,Cc1c(N)cc(-n2c(C)ccc2-c2cc(C(F)(F)F)ccc2OCc2ccc(F)cc2)cc1C(=O)O
CHEMBL395488,Active,25.0,3.0,5.0,0.0,2.0,3.0,32.0,6.0,7.0,0.0,4.0,0.0,2.0,6.0,0.0,0.0,0.0,0.0,32.0,4.0,12.0,0.0,5.0,0.0,2.0,7.0,0.0,31.0,4.0,9.0,0.0,2.0,0.0,2.0,4.0,1.0,0.0,36.0,2.0,6.0,0.0,2.0,0.0,3.0,3.0,1.0,37.0,1.0,9.0,0.0,2.0,0.0,4.0,6.0,0.0,0.0,1.0,1.0,29.0,2.0,14.0,0.0,4.0,0.0,4.0,8.0,24.0,2.0,8.0,0.0,4.0,0.0,4.0,8.0,0.0,0.0,0.0,20.0,1.0,6.0,0.0,6.0,0.0,4.0,10.0,3.0,0.0,15.0,0.0,6.0,0.0,5.0,0.0,6.0,1.0,0.0,3.0,0.0,1.0,0.0,0.0,0.0,1.0,2.0,2.0,2.0,3.0,0.0,0.0,0.0,0.0,0.0,0.0,0.0,0.0,0.0,0.0,0.0,0.0,0.0,0.0,0.0,0.0,0.0,0.0,0.0,0.0,0.0,0.0,2.0,2.0,2.0,4.0,2.0,1.0,0.0,0.0,2.0,2.0,0.0,1.0,23.0,1.0,2.0,8.0,5.0,5.0,4.0,24.0,Cc1ccc(-c2cc(Br)ccc2OCc2ccc(F)cc2F)n1-c1ccc(O)c(C(=O)O)c1
CHEMBL255485,Inactive,23.0,5.0,3.0,0.0,0.0,1.0,28.0,8.0,4.0,0.0,0.0,2.0,0.0,2.0,1.0,0.0,0.0,0.0,23.0,7.0,8.0,0.0,0.0,2.0,0.0,2.0,0.0,18.0,9.0,6.0,0.0,0.0,2.0,0.0,2.0,2.0,0.0,22.0,9.0,4.0,0.0,0.0,0.0,0.0,2.0,1.0,25.0,9.0,3.0,0.0,0.0,2.0,0.0,2.0,0.0,1.0,0.0,0.0,23.0,8.0,1.0,0.0,0.0,3.0,0.0,3.0,18.0,7.0,3.0,0.0,0.0,2.0,0.0,2.0,0.0,0.0,0.0,18.0,4.0,3.0,0.0,0.0,3.0,0.0,3.0,1.0,0.0,17.0,3.0,4.0,0.0,0.0,2.0,2.0,0.0,1.0,1.0,0.0,2.0,0.0,0.0,0.0,0.0,0.0,0.0,0.0,3.0,0.0,0.0,0.0,0.0,0.0,0.0,0.0,0.0,0.0,0.0,0.0,0.0,0.0,0.0,0.0,0.0,0.0,0.0,0.0,0.0,1.0,0.0,1.0,0.0,0.0,2.0,1.0,0.0,0.0,0.0,2.0,0.0,1.0,2.0,23.0,2.0,2.0,8.0,6.0,6.0,8.0,24.0,O=C(Nc1ccn(Cc2cc(Cl)ccc2OCc2ccccc2)n1)c1ccccc1
CHEMBL402770,Active,16.0,5.0,5.0,0.0,0.0,1.0,20.0,8.0,6.0,0.0,0.0,2.0,0.0,2.0,2.0,0.0,0.0,0.0,17.0,7.0,8.0,0.0,0.0,2.0,0.0,2.0,0.0,15.0,10.0,6.0,0.0,0.0,2.0,0.0,2.0,3.0,0.0,22.0,6.0,3.0,0.0,0.0,0.0,0.0,3.0,1.0,20.0,9.0,7.0,0.0,0.0,2.0,0.0,2.0,0.0,1.0,0.0,0.0,16.0,8.0,2.0,0.0,0.0,4.0,0.0,4.0,14.0,4.0,5.0,0.0,0.0,2.0,0.0,2.0,0.0,0.0,0.0,13.0,1.0,4.0,0.0,0.0,1.0,0.0,1.0,2.0,0.0,9.0,2.0,5.0,0.0,0.0,0.0,0.0,0.0,2.0,2.0,1.0,2.0,1.0,0.0,0.0,6.0,0.0,0.0,0.0,11.0,0.0,6.0,2.0,0.0,6.0,0.0,0.0,0.0,0.0,0.0,0.0,0.0,0.0,0.0,0.0,0.0,2.0,0.0,0.0,4.0,1.0,0.0,3.0,0.0,0.0,3.0,0.0,6.0,0.0,0.0,0.0,0.0,1.0,2.0,11.0,2.0,0.0,10.0,12.0,12.0,9.0,14.0,Cc1cc(NC(=O)OC(C)(C)C)nn1Cc1cc(Cl)ccc1OCC(C)C
CHEMBL258413,Active,19.0,5.0,3.0,0.0,0.0,1.0,23.0,9.0,4.0,0.0,0.0,2.0,0.0,2.0,1.0,0.0,0.0,0.0,17.0,8.0,8.0,0.0,0.0,2.0,0.0,2.0,0.0,17.0,10.0,4.0,0.0,0.0,2.0,0.0,2.0,2.0,0.0,23.0,8.0,2.0,0.0,0.0,0.0,0.0,2.0,1.0,22.0,9.0,5.0,0.0,0.0,2.0,0.0,2.0,0.0,1.0,0.0,0.0,18.0,7.0,1.0,0.0,0.0,4.0,0.0,4.0,15.0,4.0,3.0,0.0,0.0,2.0,0.0,2.0,0.0,0.0,0.0,16.0,1.0,3.0,0.0,0.0,1.0,0.0,1.0,1.0,0.0,11.0,2.0,4.0,0.0,0.0,1.0,1.0,0.0,1.0,1.0,2.0,6.0,3.0,3.0,1.0,3.0,0.0,0.0,0.0,12.0,1.0,9.0,2.0,0.0,10.0,2.0,1.0,7.0,3.0,1.0,0.0,0.0,0.0,0.0,2.0,0.0,2.0,1.0,0.0,1.0,1.0,0.0,1.0,0.0,0.0,2.0,0.0,3.0,4.0,0.0,0.0,0.0,1.0,2.0,11.0,2.0,0.0,8.0,15.0,15.0,8.0,14.0,Cc1cc(NC(=O)C2CCCC2)nn1Cc1cc(Cl)ccc1OCC(C)C
CHEMBL404026,Active,24.0,5.0,3.0,0.0,2.0,3.0,29.0,9.0,4.0,0.0,4.0,2.0,0.0,6.0,1.0,0.0,0.0,0.0,25.0,8.0,8.0,0.0,6.0,2.0,0.0,8.0,0.0,19.0,10.0,6.0,0.0,2.0,2.0,0.0,4.0,2.0,0.0,25.0,9.0,4.0,0.0,2.0,0.0,2.0,2.0,1.0,28.0,9.0,5.0,0.0,2.0,2.0,0.0,4.0,0.0,3.0,0.0,0.0,27.0,8.0,1.0,0.0,2.0,4.0,0.0,6.0,21.0,7.0,3.0,0.0,4.0,2.0,0.0,6.0,0.0,0.0,0.0,21.0,4.0,3.0,0.0,2.0,3.0,0.0,5.0,1.0,0.0,19.0,3.0,4.0,0.0,4.0,2.0,6.0,0.0,1.0,1.0,0.0,2.0,0.0,0.0,0.0,1.0,0.0,2.0,0.0,4.0,0.0,0.0,0.0,0.0,0.0,0.0,0.0,0.0,0.0,0.0,0.0,0.0,0.0,0.0,0.0,0.0,0.0,0.0,0.0,0.0,1.0,0.0,1.0,2.0,2.0,2.0,1.0,1.0,0.0,0.0,2.0,2.0,1.0,2.0,23.0,2.0,2.0,8.0,7.0,7.0,8.0,24.0,Cc1cc(NC(=O)c2c(F)cccc2F)nn1Cc1cc(Cl)ccc1OCc1ccccc1
CHEMBL254151,Active,23.0,5.0,3.0,0.0,0.0,1.0,28.0,9.0,4.0,0.0,0.0,2.0,0.0,2.0,1.0,0.0,0.0,0.0,22.0,8.0,8.0,0.0,0.0,2.0,0.0,2.0,0.0,18.0,10.0,6.0,0.0,0.0,2.0,0.0,2.0,2.0,0.0,25.0,8.0,3.0,0.0,0.0,0.0,0.0,2.0,1.0,27.0,9.0,5.0,0.0,0.0,2.0,0.0,2.0,0.0,1.0,0.0,0.0,26.0,7.0,1.0,0.0,0.0,4.0,0.0,4.0,20.0,6.0,3.0,0.0,0.0,2.0,0.0,2.0,0.0,0.0,0.0,19.0,4.0,3.0,0.0,0.0,3.0,0.0,3.0,1.0,0.0,18.0,3.0,4.0,0.0,0.0,2.0,2.0,0.0,1.0,1.0,1.0,6.0,2.0,3.0,1.0,1.0,0.0,0.0,0.0,9.0,1.0,6.0,1.0,0.0,7.0,2.0,1.0,7.0,3.0,1.0,0.0,0.0,0.0,0.0,2.0,0.0,0.0,1.0,0.0,0.0,1.0,0.0,1.0,0.0,0.0,2.0,1.0,1.0,4.0,0.0,0.0,0.0,1.0,2.0,17.0,2.0,0.0,8.0,13.0,13.0,8.0,19.0,Cc1cc(NC(=O)C2CCCC2)nn1Cc1cc(Cl)ccc1OCc1ccccc1
CHEMBL254152,Active,20.0,5.0,3.0,0.0,0.0,1.0,24.0,9.0,4.0,0.0,0.0,2.0,0.0,2.0,1.0,0.0,0.0,0.0,20.0,8.0,8.0,0.0,0.0,2.0,0.0,2.0,0.0,18.0,8.0,4.0,0.0,0.0,2.0,0.0,2.0,2.0,0.0,23.0,8.0,3.0,0.0,0.0,0.0,0.0,2.0,1.0,25.0,7.0,5.0,0.0,0.0,2.0,0.0,2.0,0.0,1.0,0.0,0.0,24.0,5.0,1.0,0.0,0.0,4.0,0.0,4.0,16.0,6.0,3.0,0.0,0.0,2.0,0.0,2.0,0.0,0.0,0.0,17.0,4.0,3.0,0.0,0.0,3.0,0.0,3.0,1.0,0.0,14.0,3.0,4.0,0.0,0.0,2.0,2.0,0.0,1.0,1.0,1.0,2.0,0.0,0.0,0.0,3.0,0.0,0.0,0.0,7.0,0.0,3.0,1.0,0.0,3.0,0.0,0.0,0.0,0.0,0.0,0.0,0.0,0.0,0.0,0.0,0.0,0.0,1.0,0.0,0.0,1.0,0.0,1.0,0.0,0.0,2.0,1.0,3.0,0.0,0.0,0.0,0.0,1.0,2.0,17.0,2.0,0.0,8.0,10.0,10.0,8.0,19.0,Cc1cc(NC(=O)C(C)C)nn1Cc1cc(Cl)ccc1OCc1ccccc1
CHEMBL254958,Inactive,24.0,5.0,3.0,0.0,1.0,2.0,28.0,11.0,4.0,0.0,2.0,2.0,0.0,4.0,1.0,0.0,0.0,0.0,25.0,8.0,7.0,0.0,2.0,2.0,0.0,4.0,1.0,21.0,7.0,6.0,0.0,1.0,2.0,0.0,3.0,2.0,0.0,25.0,9.0,6.0,0.0,1.0,0.0,1.0,1.0,1.0,29.0,8.0,5.0,0.0,1.0,2.0,0.0,3.0,0.0,1.0,1.0,1.0,27.0,8.0,3.0,0.0,1.0,4.0,0.0,5.0,21.0,7.0,2.0,0.0,1.0,3.0,0.0,4.0,1.0,0.0,0.0,20.0,5.0,3.0,0.0,2.0,2.0,0.0,4.0,0.0,1.0,20.0,2.0,3.0,0.0,1.0,2.0,3.0,0.0,0.0,0.0,0.0,2.0,0.0,0.0,0.0,1.0,0.0,1.0,0.0,4.0,0.0,0.0,0.0,0.0,0.0,0.0,0.0,0.0,0.0,0.0,0.0,0.0,0.0,0.0,0.0,0.0,0.0,0.0,0.0,0.0,1.0,0.0,1.0,1.0,1.0,2.0,1.0,1.0,0.0,0.0,1.0,1.0,1.0,2.0,23.0,2.0,2.0,8.0,7.0,7.0,8.0,24.0,Cc1cc(C(=O)Nc2cccc(F)c2)nn1Cc1cc(Cl)ccc1OCc1ccccc1
CHEMBL210261,Active,25.0,3.0,4.0,0.0,0.0,2.0,32.0,6.0,5.0,0.0,0.0,2.0,2.0,4.0,0.0,0.0,0.0,0.0,32.0,4.0,9.0,0.0,0.0,2.0,2.0,4.0,0.0,31.0,4.0,8.0,0.0,0.0,2.0,2.0,4.0,1.0,0.0,36.0,2.0,6.0,0.0,0.0,0.0,1.0,2.0,2.0,37.0,1.0,7.0,0.0,0.0,1.0,4.0,5.0,0.0,0.0,0.0,0.0,29.0,2.0,10.0,0.0,0.0,2.0,4.0,6.0,24.0,2.0,6.0,0.0,0.0,3.0,4.0,7.0,0.0,0.0,0.0,20.0,1.0,4.0,0.0,0.0,2.0,4.0,6.0,2.0,0.0,15.0,0.0,4.0,0.0,0.0,3.0,4.0,0.0,0.0,2.0,0.0,1.0,0.0,0.0,0.0,1.0,1.0,0.0,1.0,3.0,0.0,0.0,0.0,0.0,0.0,0.0,0.0,0.0,0.0,0.0,0.0,0.0,0.0,0.0,0.0,0.0,0.0,0.0,0.0,0.0,0.0,0.0,2.0,0.0,0.0,3.0,2.0,1.0,0.0,0.0,2.0,0.0,0.0,1.0,23.0,1.0,2.0,7.0,4.0,4.0,4.0,24.0,Cc1ccc(-c2cc(Br)ccc2OCc2cccc(Cl)c2)n1-c1cccc(C(=O)O)c1
CHEMBL385620,Inactive,18.0,3.0,4.0,0.0,1.0,3.0,21.0,8.0,5.0,0.0,2.0,4.0,0.0,6.0,0.0,0.0,0.0,0.0,19.0,5.0,7.0,0.0,2.0,5.0,0.0,7.0,2.0,16.0,4.0,5.0,0.0,2.0,2.0,0.0,4.0,3.0,0.0,19.0,4.0,6.0,0.0,0.0,2.0,2.0,1.0,1.0,22.0,3.0,5.0,0.0,2.0,2.0,0.0,4.0,0.0,1.0,0.0,1.0,19.0,3.0,5.0,0.0,4.0,4.0,0.0,8.0,12.0,4.0,4.0,0.0,3.0,3.0,0.0,6.0,2.0,0.0,0.0,10.0,3.0,4.0,0.0,2.0,4.0,0.0,6.0,0.0,2.0,9.0,1.0,2.0,0.0,1.0,4.0,5.0,1.0,0.0,0.0,0.0,2.0,0.0,0.0,0.0,1.0,1.0,1.0,1.0,4.0,0.0,0.0,0.0,0.0,0.0,0.0,0.0,0.0,0.0,0.0,0.0,0.0,0.0,0.0,0.0,0.0,0.0,0.0,0.0,0.0,0.0,0.0,2.0,1.0,1.0,3.0,1.0,1.0,0.0,0.0,1.0,1.0,1.0,2.0,17.0,2.0,2.0,7.0,6.0,6.0,6.0,17.0,Cc1cc(C(=O)O)nn1Cc1cc(F)ccc1OCc1ccc(Cl)cc1Cl
CHEMBL479439,Inactive,25.0,4.0,2.0,1.0,3.0,5.0,33.0,6.0,4.0,3.0,6.0,4.0,0.0,10.0,4.0,0.0,0.0,0.0,29.0,9.0,10.0,3.0,6.0,5.0,0.0,11.0,0.0,27.0,7.0,12.0,2.0,3.0,2.0,0.0,5.0,0.0,0.0,27.0,5.0,13.0,1.0,1.0,3.0,4.0,0.0,2.0,29.0,2.0,9.0,2.0,2.0,3.0,0.0,5.0,1.0,2.0,3.0,4.0,23.0,5.0,12.0,2.0,3.0,6.0,0.0,9.0,19.0,2.0,5.0,5.0,3.0,5.0,0.0,8.0,1.0,1.0,2.0,18.0,4.0,12.0,1.0,4.0,5.0,0.0,9.0,0.0,0.0,18.0,4.0,5.0,2.0,5.0,2.0,7.0,2.0,1.0,1.0,0.0,5.0,0.0,2.0,1.0,1.0,0.0,3.0,0.0,13.0,5.0,10.0,4.0,5.0,11.0,6.0,2.0,9.0,6.0,5.0,4.0,1.0,0.0,0.0,4.0,0.0,0.0,3.0,4.0,0.0,4.0,3.0,0.0,3.0,3.0,4.0,0.0,1.0,4.0,0.0,1.0,3.0,0.0,0.0,12.0,1.0,6.0,7.0,13.0,13.0,7.0,22.0,CC12CCCC(C=CC(=O)NS(=O)(=O)c3cc(F)c(F)cc3F)=C1N(Cc1ccc(Cl)cc1Cl)C(=O)C2
CHEMBL403329,Inactive,16.0,2.0,4.0,0.0,0.0,1.0,19.0,4.0,5.0,0.0,0.0,2.0,0.0,2.0,0.0,0.0,0.0,0.0,17.0,2.0,7.0,0.0,0.0,2.0,0.0,2.0,2.0,17.0,2.0,6.0,0.0,0.0,2.0,0.0,2.0,0.0,0.0,18.0,2.0,5.0,0.0,0.0,1.0,1.0,1.0,1.0,18.0,2.0,4.0,0.0,0.0,2.0,0.0,2.0,0.0,1.0,0.0,0.0,13.0,1.0,6.0,0.0,0.0,3.0,0.0,3.0,8.0,2.0,4.0,0.0,0.0,4.0,0.0,4.0,2.0,0.0,0.0,6.0,0.0,4.0,0.0,0.0,0.0,0.0,0.0,0.0,2.0,4.0,0.0,2.0,0.0,0.0,0.0,0.0,0.0,0.0,0.0,1.0,2.0,1.0,0.0,0.0,2.0,1.0,0.0,1.0,6.0,0.0,3.0,1.0,0.0,3.0,0.0,0.0,0.0,0.0,0.0,0.0,0.0,0.0,0.0,0.0,0.0,2.0,0.0,0.0,1.0,0.0,0.0,2.0,0.0,0.0,3.0,0.0,2.0,1.0,0.0,1.0,0.0,1.0,1.0,12.0,1.0,2.0,6.0,7.0,7.0,6.0,13.0,CC(C)COc1ccc(Cl)cc1Cc1cccc(C(=O)O)n1
CHEMBL257846,Inactive,17.0,2.0,4.0,2.0,0.0,1.0,21.0,2.0,5.0,3.0,0.0,2.0,0.0,2.0,0.0,0.0,0.0,0.0,18.0,2.0,7.0,1.0,0.0,2.0,0.0,2.0,0.0,14.0,2.0,6.0,2.0,0.0,2.0,0.0,2.0,2.0,0.0,17.0,2.0,3.0,2.0,0.0,1.0,1.0,1.0,1.0,19.0,2.0,4.0,2.0,0.0,1.0,0.0,1.0,0.0,1.0,0.0,0.0,18.0,1.0,5.0,1.0,0.0,3.0,0.0,3.0,11.0,2.0,4.0,2.0,0.0,3.0,0.0,3.0,2.0,0.0,0.0,7.0,2.0,4.0,2.0,0.0,2.0,0.0,2.0,0.0,2.0,6.0,1.0,2.0,1.0,0.0,1.0,1.0,0.0,0.0,0.0,0.0,2.0,0.0,0.0,0.0,0.0,0.0,0.0,0.0,3.0,0.0,0.0,0.0,0.0,0.0,0.0,0.0,0.0,0.0,0.0,0.0,0.0,0.0,0.0,0.0,0.0,0.0,0.0,0.0,0.0,0.0,0.0,2.0,0.0,0.0,3.0,1.0,0.0,1.0,0.0,0.0,0.0,1.0,2.0,17.0,2.0,2.0,8.0,4.0,4.0,6.0,16.0,O=C([O-])c1cnc(Cc2cc(Cl)ccc2OCc2ccccc2)s1.[Na+]
CHEMBL429321,Inactive,20.0,5.0,7.0,0.0,0.0,1.0,25.0,8.0,7.0,0.0,0.0,2.0,0.0,2.0,2.0,0.0,0.0,0.0,21.0,7.0,9.0,0.0,0.0,2.0,0.0,2.0,0.0,17.0,9.0,8.0,0.0,0.0,2.0,0.0,2.0,3.0,0.0,23.0,7.0,5.0,0.0,0.0,0.0,0.0,4.0,1.0,25.0,8.0,8.0,0.0,0.0,2.0,0.0,2.0,0.0,1.0,0.0,0.0,24.0,8.0,3.0,0.0,0.0,4.0,0.0,4.0,18.0,7.0,6.0,0.0,0.0,2.0,0.0,2.0,0.0,0.0,0.0,17.0,4.0,6.0,0.0,0.0,3.0,0.0,3.0,2.0,0.0,15.0,3.0,6.0,0.0,0.0,1.0,1.0,0.0,2.0,2.0,1.0,5.0,2.0,1.0,0.0,1.0,0.0,0.0,0.0,8.0,0.0,3.0,0.0,0.0,2.0,0.0,0.0,1.0,0.0,0.0,0.0,0.0,0.0,0.0,0.0,1.0,3.0,0.0,0.0,4.0,1.0,0.0,5.0,0.0,0.0,4.0,1.0,1.0,1.0,0.0,0.0,0.0,1.0,2.0,17.0,3.0,0.0,12.0,13.0,13.0,9.0,19.0,Cc1cc(NC(=O)OC2CCOC2)nn1Cc1cc(Cl)ccc1OCc1ccccc1
CHEMBL403580,Active,23.0,7.0,3.0,0.0,2.0,3.0,27.0,12.0,4.0,0.0,4.0,2.0,0.0,6.0,1.0,1.0,1.0,1.0,25.0,9.0,7.0,0.0,2.0,2.0,0.0,4.0,0.0,20.0,9.0,5.0,0.0,6.0,2.0,0.0,8.0,3.0,0.0,24.0,10.0,5.0,0.0,4.0,0.0,4.0,2.0,1.0,27.0,9.0,6.0,0.0,2.0,2.0,0.0,4.0,0.0,3.0,0.0,0.0,26.0,9.0,1.0,0.0,4.0,4.0,0.0,8.0,20.0,11.0,3.0,0.0,2.0,2.0,0.0,4.0,0.0,0.0,0.0,21.0,6.0,3.0,0.0,4.0,3.0,0.0,7.0,1.0,0.0,18.0,5.0,3.0,0.0,4.0,2.0,6.0,0.0,1.0,3.0,0.0,2.0,0.0,0.0,0.0,1.0,0.0,2.0,0.0,5.0,0.0,1.0,0.0,0.0,0.0,0.0,0.0,0.0,0.0,0.0,0.0,0.0,0.0,0.0,0.0,0.0,0.0,1.0,0.0,0.0,1.0,0.0,1.0,2.0,0.0,2.0,1.0,1.0,0.0,2.0,0.0,0.0,2.0,3.0,23.0,3.0,0.0,10.0,7.0,7.0,9.0,24.0,Cc1cc(NC(=O)C(F)(F)c2ccccn2)nn1Cc1cc(Cl)ccc1OCc1ccccc1
CHEMBL403892,Active,15.0,5.0,2.0,2.0,0.0,1.0,21.0,7.0,2.0,2.0,0.0,2.0,0.0,2.0,0.0,0.0,0.0,0.0,21.0,3.0,2.0,1.0,0.0,2.0,0.0,2.0,2.0,18.0,6.0,2.0,2.0,0.0,1.0,0.0,1.0,0.0,2.0,16.0,6.0,2.0,3.0,0.0,3.0,3.0,0.0,0.0,17.0,3.0,0.0,3.0,0.0,2.0,0.0,2.0,2.0,0.0,0.0,0.0,13.0,2.0,4.0,2.0,0.0,1.0,0.0,1.0,7.0,2.0,6.0,2.0,0.0,4.0,0.0,4.0,0.0,0.0,0.0,6.0,0.0,6.0,0.0,0.0,1.0,0.0,1.0,0.0,0.0,2.0,0.0,4.0,0.0,0.0,0.0,0.0,0.0,2.0,2.0,1.0,2.0,1.0,0.0,0.0,2.0,0.0,0.0,0.0,6.0,0.0,3.0,1.0,0.0,3.0,0.0,0.0,0.0,0.0,0.0,0.0,0.0,0.0,0.0,0.0,0.0,0.0,0.0,0.0,0.0,0.0,0.0,1.0,0.0,0.0,2.0,0.0,2.0,1.0,0.0,0.0,0.0,1.0,3.0,14.0,3.0,2.0,9.0,6.0,6.0,5.0,14.0,CC(C)Cc1cn(Cc2nc(C(=O)[O-])cs2)c2cc(Cl)ccc12.[Na+]
CHEMBL403407,Active,16.0,3.0,4.0,0.0,0.0,1.0,22.0,4.0,5.0,0.0,0.0,2.0,0.0,2.0,1.0,0.0,0.0,0.0,20.0,5.0,4.0,0.0,0.0,2.0,0.0,2.0,0.0,21.0,3.0,7.0,0.0,0.0,1.0,0.0,1.0,0.0,0.0,20.0,2.0,3.0,0.0,0.0,3.0,3.0,2.0,0.0,18.0,0.0,6.0,0.0,0.0,2.0,0.0,2.0,0.0,0.0,0.0,1.0,11.0,0.0,8.0,0.0,0.0,3.0,0.0,3.0,6.0,0.0,6.0,0.0,0.0,3.0,0.0,3.0,0.0,0.0,0.0,2.0,0.0,4.0,0.0,0.0,0.0,0.0,0.0,0.0,2.0,0.0,0.0,4.0,0.0,0.0,0.0,0.0,0.0,0.0,0.0,1.0,1.0,1.0,0.0,0.0,2.0,0.0,0.0,0.0,5.0,0.0,3.0,1.0,0.0,3.0,0.0,0.0,0.0,0.0,0.0,0.0,0.0,0.0,0.0,0.0,0.0,0.0,0.0,0.0,0.0,0.0,0.0,1.0,0.0,0.0,2.0,0.0,2.0,1.0,0.0,1.0,0.0,0.0,2.0,14.0,2.0,2.0,7.0,4.0,4.0,3.0,15.0,CC(C)Cc1cn(-c2ccc(C(=O)[O-])o2)c2cc(Cl)ccc12.[Na+]
CHEMBL256336,Inactive,12.0,5.0,2.0,2.0,3.0,4.0,18.0,5.0,2.0,1.0,3.0,2.0,0.0,5.0,0.0,3.0,3.0,3.0,15.0,7.0,2.0,3.0,3.0,2.0,0.0,5.0,2.0,14.0,6.0,2.0,3.0,6.0,1.0,0.0,7.0,0.0,2.0,13.0,3.0,0.0,3.0,6.0,3.0,9.0,2.0,0.0,10.0,2.0,4.0,2.0,9.0,1.0,0.0,10.0,0.0,1.0,0.0,0.0,7.0,0.0,6.0,0.0,3.0,3.0,0.0,6.0,2.0,0.0,6.0,0.0,6.0,1.0,0.0,7.0,0.0,0.0,0.0,0.0,0.0,4.0,0.0,3.0,0.0,0.0,3.0,0.0,2.0,0.0,0.0,0.0,0.0,0.0,0.0,0.0,0.0,0.0,6.0,0.0,1.0,0.0,0.0,0.0,0.0,0.0,3.0,0.0,3.0,0.0,1.0,0.0,0.0,0.0,0.0,0.0,0.0,0.0,0.0,0.0,0.0,0.0,0.0,0.0,0.0,0.0,0.0,0.0,0.0,0.0,0.0,1.0,3.0,0.0,2.0,0.0,0.0,1.0,3.0,0.0,0.0,1.0,3.0,14.0,3.0,2.0,9.0,2.0,2.0,3.0,14.0,O=C([O-])c1csc(-n2cc(CC(F)(F)F)c3ccc(Cl)cc32)n1.[Na+]
CHEMBL256736,Inactive,23.0,7.0,3.0,0.0,0.0,1.0,28.0,12.0,4.0,0.0,0.0,2.0,0.0,2.0,1.0,0.0,0.0,0.0,25.0,9.0,7.0,0.0,0.0,2.0,0.0,2.0,1.0,20.0,9.0,5.0,0.0,0.0,2.0,0.0,2.0,2.0,0.0,25.0,8.0,6.0,0.0,0.0,0.0,0.0,1.0,1.0,29.0,8.0,6.0,0.0,0.0,2.0,0.0,2.0,0.0,1.0,0.0,0.0,26.0,10.0,3.0,0.0,0.0,4.0,0.0,4.0,21.0,9.0,2.0,0.0,0.0,3.0,0.0,3.0,1.0,0.0,0.0,20.0,6.0,3.0,0.0,0.0,2.0,0.0,2.0,0.0,1.0,19.0,4.0,2.0,0.0,0.0,2.0,2.0,0.0,0.0,0.0,0.0,3.0,0.0,0.0,0.0,1.0,0.0,0.0,0.0,5.0,0.0,0.0,0.0,0.0,0.0,0.0,0.0,0.0,0.0,0.0,0.0,0.0,0.0,0.0,0.0,0.0,0.0,0.0,0.0,0.0,2.0,1.0,1.0,0.0,0.0,2.0,1.0,1.0,0.0,0.0,1.0,0.0,2.0,3.0,23.0,3.0,2.0,10.0,8.0,8.0,9.0,23.0,Cc1cc(C(=O)NCc2ccncc2)nn1Cc1cc(Cl)ccc1OCc1ccccc1
CHEMBL3092154,Inactive,18.0,5.0,2.0,2.0,0.0,1.0,23.0,9.0,2.0,1.0,0.0,0.0,0.0,2.0,0.0,0.0,0.0,0.0,20.0,9.0,2.0,2.0,0.0,0.0,0.0,2.0,2.0,16.0,14.0,2.0,3.0,0.0,0.0,0.0,5.0,0.0,2.0,21.0,10.0,0.0,3.0,0.0,0.0,4.0,2.0,0.0,22.0,6.0,2.0,4.0,0.0,0.0,0.0,4.0,2.0,0.0,0.0,0.0,22.0,3.0,6.0,3.0,0.0,0.0,0.0,1.0,18.0,1.0,6.0,1.0,0.0,0.0,0.0,0.0,0.0,0.0,2.0,9.0,0.0,8.0,0.0,0.0,0.0,0.0,0.0,0.0,0.0,2.0,0.0,6.0,0.0,0.0,0.0,0.0,0.0,0.0,0.0,0.0,0.0,0.0,0.0,0.0,0.0,1.0,0.0,1.0,1.0,0.0,0.0,0.0,0.0,0.0,0.0,0.0,0.0,0.0,0.0,0.0,0.0,0.0,0.0,0.0,0.0,0.0,0.0,0.0,0.0,0.0,0.0,1.0,0.0,0.0,2.0,0.0,0.0,0.0,0.0,0.0,0.0,2.0,4.0,22.0,4.0,2.0,9.0,1.0,1.0,1.0,20.0,O=C(O)c1csc(-n2nc(-c3ccccc3)c(I)c2-c2ccccc2)n1
CHEMBL3092147,Inactive,20.0,5.0,2.0,2.0,0.0,0.0,26.0,9.0,2.0,2.0,0.0,0.0,0.0,0.0,0.0,0.0,0.0,0.0,24.0,12.0,2.0,2.0,0.0,0.0,0.0,0.0,2.0,21.0,15.0,4.0,3.0,0.0,0.0,0.0,0.0,0.0,2.0,26.0,12.0,0.0,4.0,0.0,0.0,0.0,2.0,0.0,29.0,6.0,2.0,4.0,0.0,0.0,0.0,0.0,2.0,0.0,0.0,0.0,27.0,3.0,6.0,3.0,0.0,0.0,0.0,0.0,22.0,1.0,8.0,1.0,0.0,0.0,0.0,0.0,0.0,0.0,0.0,12.0,0.0,8.0,0.0,0.0,0.0,0.0,0.0,0.0,0.0,3.0,0.0,6.0,0.0,0.0,0.0,0.0,0.0,0.0,0.0,0.0,0.0,0.0,0.0,0.0,2.0,1.0,0.0,1.0,3.0,0.0,0.0,0.0,0.0,0.0,0.0,0.0,0.0,0.0,0.0,0.0,0.0,0.0,0.0,0.0,0.0,0.0,0.0,0.0,0.0,0.0,0.0,1.0,0.0,0.0,2.0,0.0,2.0,0.0,0.0,1.0,0.0,2.0,4.0,22.0,4.0,2.0,9.0,3.0,3.0,1.0,20.0,Cc1sc(-n2nc(-c3ccccc3)c(C)c2-c2ccccc2)nc1C(=O)O
CHEMBL1479261,Inactive,12.0,5.0,2.0,2.0,3.0,3.0,15.0,9.0,2.0,1.0,3.0,0.0,0.0,3.0,0.0,3.0,3.0,3.0,13.0,7.0,2.0,2.0,3.0,0.0,0.0,3.0,2.0,9.0,10.0,2.0,3.0,6.0,0.0,0.0,6.0,0.0,2.0,14.0,5.0,0.0,1.0,3.0,0.0,3.0,2.0,0.0,10.0,3.0,2.0,2.0,12.0,0.0,0.0,12.0,2.0,0.0,0.0,0.0,7.0,2.0,6.0,2.0,9.0,0.0,0.0,9.0,6.0,1.0,2.0,1.0,3.0,0.0,0.0,3.0,0.0,6.0,6.0,4.0,0.0,4.0,0.0,0.0,0.0,0.0,0.0,0.0,0.0,1.0,0.0,4.0,0.0,0.0,0.0,0.0,0.0,0.0,0.0,0.0,0.0,0.0,0.0,0.0,0.0,1.0,3.0,1.0,2.0,0.0,0.0,0.0,0.0,0.0,0.0,0.0,0.0,0.0,0.0,0.0,0.0,0.0,0.0,0.0,0.0,0.0,0.0,0.0,0.0,0.0,0.0,1.0,3.0,0.0,2.0,0.0,0.0,0.0,3.0,0.0,0.0,2.0,4.0,16.0,4.0,2.0,9.0,1.0,1.0,2.0,15.0,O=C(O)c1csc(-n2nc(-c3ccccc3)cc2C(F)(F)F)n1
CHEMBL428367,Active,29.0,6.0,5.0,0.0,2.0,3.0,38.0,10.0,6.0,0.0,4.0,0.0,2.0,6.0,1.0,0.0,0.0,0.0,40.0,7.0,12.0,0.0,5.0,0.0,2.0,7.0,0.0,40.0,6.0,11.0,0.0,2.0,0.0,2.0,4.0,1.0,0.0,46.0,6.0,8.0,0.0,2.0,0.0,3.0,4.0,1.0,47.0,7.0,13.0,0.0,2.0,0.0,4.0,6.0,1.0,0.0,1.0,1.0,43.0,5.0,16.0,0.0,4.0,0.0,4.0,8.0,38.0,4.0,12.0,0.0,4.0,0.0,4.0,8.0,0.0,0.0,0.0,32.0,3.0,8.0,0.0,6.0,0.0,4.0,10.0,2.0,0.0,25.0,1.0,8.0,0.0,5.0,0.0,8.0,1.0,0.0,2.0,0.0,5.0,0.0,3.0,2.0,1.0,1.0,2.0,1.0,8.0,0.0,4.0,0.0,0.0,3.0,0.0,0.0,2.0,1.0,0.0,0.0,0.0,0.0,0.0,2.0,0.0,0.0,2.0,2.0,0.0,2.0,1.0,2.0,2.0,2.0,4.0,2.0,1.0,3.0,0.0,2.0,2.0,0.0,1.0,23.0,2.0,2.0,11.0,9.0,9.0,5.0,26.0,Cc1ccc(-c2cc(Br)ccc2OCc2ccc(F)cc2F)n1-c1cc(C(=O)O)cc(N2CCCCC2=O)c1
CHEMBL234727,Active,27.0,5.0,5.0,0.0,3.0,3.0,35.0,9.0,6.0,0.0,3.0,0.0,0.0,3.0,1.0,3.0,3.0,3.0,37.0,6.0,10.0,0.0,6.0,0.0,0.0,6.0,0.0,37.0,6.0,10.0,0.0,6.0,0.0,0.0,6.0,1.0,0.0,41.0,6.0,9.0,0.0,6.0,0.0,6.0,4.0,0.0,45.0,6.0,11.0,0.0,3.0,0.0,0.0,3.0,1.0,3.0,3.0,3.0,39.0,4.0,14.0,0.0,12.0,0.0,0.0,12.0,34.0,4.0,10.0,0.0,12.0,0.0,0.0,12.0,0.0,0.0,0.0,28.0,4.0,7.0,0.0,12.0,0.0,0.0,12.0,2.0,0.0,21.0,1.0,9.0,0.0,12.0,0.0,12.0,3.0,0.0,0.0,0.0,1.0,0.0,0.0,0.0,2.0,1.0,3.0,1.0,6.0,0.0,1.0,0.0,0.0,0.0,0.0,0.0,0.0,0.0,0.0,0.0,0.0,0.0,0.0,0.0,0.0,0.0,1.0,0.0,0.0,1.0,0.0,2.0,3.0,0.0,4.0,2.0,2.0,0.0,3.0,2.0,0.0,0.0,1.0,23.0,1.0,2.0,10.0,7.0,7.0,7.0,27.0,CC(=O)Nc1cc(C(=O)O)cc(-n2c(C)ccc2-c2cc(C(F)(F)F)ccc2OCc2ccccc2)c1
CHEMBL390038,Active,26.0,5.0,5.0,0.0,2.0,3.0,33.0,9.0,6.0,0.0,4.0,0.0,0.0,6.0,1.0,0.0,0.0,0.0,35.0,6.0,10.0,0.0,5.0,0.0,0.0,7.0,0.0,35.0,6.0,10.0,0.0,2.0,0.0,0.0,4.0,1.0,0.0,40.0,5.0,8.0,0.0,2.0,0.0,3.0,4.0,1.0,41.0,6.0,11.0,0.0,2.0,0.0,0.0,6.0,1.0,0.0,1.0,1.0,35.0,4.0,14.0,0.0,4.0,0.0,0.0,8.0,30.0,4.0,10.0,0.0,4.0,0.0,0.0,8.0,0.0,0.0,0.0,24.0,3.0,7.0,0.0,6.0,0.0,0.0,10.0,2.0,0.0,19.0,1.0,7.0,0.0,5.0,0.0,7.0,1.0,0.0,2.0,0.0,1.0,0.0,0.0,0.0,2.0,1.0,2.0,1.0,5.0,0.0,1.0,0.0,0.0,0.0,0.0,0.0,0.0,0.0,0.0,0.0,0.0,0.0,0.0,0.0,0.0,0.0,1.0,0.0,0.0,1.0,0.0,2.0,2.0,2.0,4.0,2.0,2.0,0.0,0.0,2.0,2.0,0.0,1.0,23.0,1.0,2.0,10.0,7.0,7.0,6.0,26.0,CC(=O)Nc1cc(C(=O)O)cc(-n2c(C)ccc2-c2cc(I)ccc2OCc2ccc(F)cc2F)c1
CHEMBL234518,Active,26.0,5.0,5.0,0.0,0.0,1.0,33.0,9.0,6.0,0.0,0.0,2.0,0.0,2.0,1.0,0.0,0.0,0.0,35.0,6.0,10.0,0.0,0.0,2.0,0.0,2.0,0.0,35.0,6.0,10.0,0.0,0.0,2.0,0.0,2.0,1.0,0.0,40.0,5.0,8.0,0.0,0.0,1.0,1.0,4.0,1.0,41.0,6.0,11.0,0.0,0.0,4.0,0.0,4.0,1.0,0.0,0.0,0.0,35.0,4.0,14.0,0.0,0.0,4.0,0.0,4.0,30.0,4.0,10.0,0.0,0.0,4.0,0.0,4.0,0.0,0.0,0.0,24.0,3.0,7.0,0.0,0.0,4.0,0.0,4.0,2.0,0.0,19.0,1.0,7.0,0.0,0.0,2.0,2.0,0.0,2.0,2.0,0.0,1.0,0.0,0.0,0.0,2.0,1.0,0.0,1.0,5.0,0.0,1.0,0.0,0.0,0.0,0.0,0.0,0.0,0.0,0.0,0.0,0.0,0.0,0.0,0.0,0.0,0.0,1.0,0.0,0.0,1.0,0.0,2.0,0.0,0.0,4.0,2.0,2.0,0.0,0.0,2.0,0.0,0.0,1.0,23.0,1.0,2.0,10.0,7.0,7.0,6.0,26.0,CC(=O)Nc1cc(C(=O)O)cc(-n2c(C)ccc2-c2cc(Cl)ccc2OCc2ccccc2)c1
CHEMBL234301,Active,25.0,4.0,4.0,0.0,0.0,1.0,32.0,8.0,5.0,0.0,0.0,2.0,0.0,2.0,0.0,0.0,0.0,0.0,32.0,6.0,9.0,0.0,0.0,2.0,0.0,2.0,0.0,31.0,6.0,8.0,0.0,0.0,2.0,0.0,2.0,1.0,0.0,36.0,4.0,6.0,0.0,0.0,1.0,1.0,4.0,1.0,37.0,5.0,7.0,0.0,0.0,4.0,0.0,4.0,0.0,0.0,0.0,0.0,29.0,4.0,10.0,0.0,0.0,4.0,0.0,4.0,24.0,4.0,6.0,0.0,0.0,4.0,0.0,4.0,0.0,0.0,0.0,20.0,3.0,4.0,0.0,0.0,4.0,0.0,4.0,2.0,0.0,15.0,1.0,4.0,0.0,0.0,1.0,1.0,0.0,2.0,2.0,0.0,1.0,0.0,0.0,0.0,1.0,1.0,0.0,1.0,3.0,0.0,0.0,0.0,0.0,0.0,0.0,0.0,0.0,0.0,0.0,0.0,0.0,0.0,0.0,0.0,0.0,0.0,0.0,0.0,0.0,0.0,0.0,2.0,0.0,0.0,3.0,2.0,1.0,0.0,0.0,2.0,0.0,0.0,1.0,23.0,1.0,2.0,8.0,5.0,5.0,4.0,24.0,Cc1ccc(-c2cc(Cl)ccc2OCc2ccccc2)n1-c1cc(N)cc(C(=O)O)c1
CHEMBL234722,Active,25.0,3.0,4.0,0.0,0.0,2.0,32.0,6.0,5.0,0.0,0.0,2.0,2.0,4.0,0.0,0.0,0.0,0.0,32.0,4.0,9.0,0.0,0.0,2.0,2.0,4.0,0.0,31.0,4.0,8.0,0.0,0.0,2.0,2.0,4.0,1.0,0.0,36.0,2.0,6.0,0.0,0.0,1.0,3.0,2.0,3.0,37.0,1.0,7.0,0.0,0.0,4.0,4.0,8.0,0.0,0.0,0.0,0.0,29.0,2.0,10.0,0.0,0.0,4.0,2.0,6.0,24.0,2.0,6.0,0.0,0.0,4.0,2.0,6.0,0.0,0.0,1.0,20.0,1.0,4.0,0.0,0.0,4.0,2.0,6.0,2.0,0.0,15.0,0.0,4.0,0.0,0.0,1.0,2.0,0.0,2.0,2.0,0.0,1.0,0.0,0.0,0.0,1.0,1.0,0.0,1.0,3.0,0.0,0.0,0.0,0.0,0.0,0.0,0.0,0.0,0.0,0.0,0.0,0.0,0.0,0.0,0.0,0.0,0.0,0.0,0.0,0.0,0.0,0.0,2.0,0.0,0.0,3.0,2.0,1.0,0.0,0.0,2.0,0.0,0.0,1.0,23.0,1.0,2.0,7.0,4.0,4.0,4.0,24.0,Cc1ccc(-c2cc(Cl)ccc2OCc2ccccc2)n1-c1cc(Br)cc(C(=O)O)c1
CHEMBL395756,Inactive,25.0,3.0,4.0,0.0,2.0,4.0,32.0,6.0,5.0,0.0,4.0,4.0,0.0,8.0,0.0,0.0,0.0,0.0,32.0,4.0,9.0,0.0,5.0,4.0,0.0,9.0,0.0,31.0,4.0,8.0,0.0,2.0,5.0,0.0,7.0,1.0,0.0,36.0,2.0,6.0,0.0,2.0,6.0,8.0,2.0,1.0,37.0,1.0,7.0,0.0,2.0,6.0,0.0,8.0,0.0,0.0,1.0,3.0,29.0,2.0,10.0,0.0,4.0,6.0,0.0,10.0,24.0,2.0,6.0,0.0,4.0,6.0,0.0,10.0,0.0,0.0,0.0,20.0,1.0,4.0,0.0,6.0,5.0,0.0,11.0,2.0,0.0,15.0,0.0,4.0,0.0,5.0,3.0,8.0,1.0,2.0,2.0,0.0,1.0,0.0,0.0,0.0,1.0,1.0,2.0,1.0,3.0,0.0,0.0,0.0,0.0,0.0,0.0,0.0,0.0,0.0,0.0,0.0,0.0,0.0,0.0,0.0,0.0,0.0,0.0,0.0,0.0,0.0,0.0,2.0,2.0,2.0,3.0,2.0,1.0,0.0,0.0,2.0,2.0,0.0,1.0,23.0,1.0,2.0,7.0,4.0,4.0,4.0,24.0,Cc1ccc(-c2cc(Cl)ccc2OCc2ccc(F)cc2F)n1-c1cc(C(=O)O)ccc1Cl
CHEMBL3127157,Active,17.0,5.0,2.0,2.0,0.0,0.0,23.0,9.0,2.0,1.0,0.0,0.0,0.0,0.0,0.0,0.0,0.0,0.0,20.0,10.0,2.0,2.0,0.0,0.0,0.0,0.0,2.0,16.0,14.0,2.0,3.0,0.0,0.0,0.0,0.0,0.0,2.0,22.0,8.0,0.0,3.0,0.0,0.0,0.0,2.0,0.0,20.0,5.0,2.0,4.0,0.0,0.0,0.0,0.0,2.0,0.0,0.0,0.0,18.0,2.0,6.0,2.0,0.0,0.0,0.0,0.0,11.0,1.0,6.0,1.0,0.0,0.0,0.0,0.0,0.0,0.0,0.0,5.0,0.0,8.0,0.0,0.0,0.0,0.0,0.0,0.0,0.0,1.0,0.0,4.0,0.0,0.0,0.0,0.0,0.0,0.0,0.0,0.0,0.0,0.0,0.0,0.0,1.0,1.0,0.0,1.0,2.0,0.0,0.0,0.0,0.0,0.0,0.0,0.0,0.0,0.0,0.0,0.0,0.0,0.0,0.0,0.0,0.0,0.0,0.0,0.0,0.0,0.0,0.0,1.0,0.0,0.0,2.0,0.0,1.0,0.0,0.0,0.0,0.0,2.0,4.0,20.0,4.0,2.0,9.0,2.0,2.0,1.0,18.0,Cc1ccc2c(-c3ccccc3)nn(-c3nc(C(=O)O)cs3)c2c1
CHEMBL3127178,Inactive,17.0,5.0,2.0,2.0,0.0,0.0,22.0,9.0,2.0,1.0,0.0,0.0,0.0,0.0,0.0,0.0,0.0,0.0,22.0,10.0,2.0,2.0,0.0,0.0,0.0,0.0,2.0,16.0,14.0,2.0,3.0,0.0,0.0,0.0,0.0,0.0,2.0,22.0,8.0,0.0,3.0,0.0,0.0,0.0,2.0,0.0,21.0,5.0,2.0,4.0,0.0,0.0,0.0,0.0,2.0,0.0,0.0,0.0,18.0,2.0,6.0,2.0,0.0,0.0,0.0,0.0,10.0,1.0,6.0,1.0,0.0,0.0,0.0,0.0,0.0,0.0,0.0,4.0,0.0,8.0,0.0,0.0,0.0,0.0,0.0,0.0,0.0,1.0,0.0,4.0,0.0,0.0,0.0,0.0,0.0,0.0,0.0,0.0,5.0,0.0,4.0,3.0,0.0,1.0,0.0,1.0,6.0,0.0,4.0,0.0,0.0,3.0,0.0,0.0,2.0,1.0,0.0,0.0,0.0,0.0,0.0,0.0,0.0,0.0,0.0,0.0,0.0,0.0,0.0,1.0,0.0,0.0,2.0,0.0,0.0,5.0,0.0,0.0,0.0,2.0,4.0,16.0,4.0,2.0,9.0,7.0,7.0,1.0,14.0,O=C(O)c1csc(-n2nc(-c3ccccc3)c3c2CCCCC3)n1
CHEMBL3127170,Active,16.0,5.0,2.0,2.0,0.0,0.0,21.0,9.0,2.0,1.0,0.0,0.0,0.0,0.0,0.0,0.0,0.0,0.0,18.0,10.0,2.0,2.0,0.0,0.0,0.0,0.0,2.0,15.0,13.0,2.0,3.0,0.0,0.0,0.0,0.0,0.0,2.0,20.0,7.0,0.0,3.0,0.0,0.0,0.0,2.0,0.0,19.0,4.0,2.0,3.0,0.0,0.0,0.0,0.0,2.0,0.0,0.0,0.0,14.0,2.0,6.0,2.0,0.0,0.0,0.0,0.0,8.0,1.0,6.0,1.0,0.0,0.0,0.0,0.0,0.0,0.0,0.0,4.0,0.0,6.0,0.0,0.0,0.0,0.0,0.0,0.0,0.0,1.0,0.0,4.0,0.0,0.0,0.0,0.0,0.0,0.0,0.0,0.0,4.0,0.0,3.0,2.0,0.0,1.0,0.0,1.0,7.0,0.0,5.0,0.0,2.0,4.0,0.0,0.0,3.0,2.0,1.0,0.0,0.0,0.0,0.0,0.0,0.0,0.0,0.0,0.0,0.0,0.0,0.0,1.0,0.0,0.0,2.0,0.0,0.0,4.0,0.0,0.0,0.0,2.0,4.0,14.0,4.0,4.0,9.0,6.0,6.0,2.0,14.0,O=C(O)c1csc(-n2nc(C3=CCCCC3)c3ccccc32)n1
CHEMBL3127161,Active,16.0,6.0,2.0,2.0,0.0,0.0,21.0,11.0,2.0,1.0,0.0,0.0,0.0,0.0,0.0,0.0,0.0,0.0,18.0,12.0,2.0,2.0,0.0,0.0,0.0,0.0,2.0,15.0,14.0,2.0,3.0,0.0,0.0,0.0,0.0,0.0,2.0,20.0,9.0,0.0,3.0,0.0,0.0,0.0,2.0,0.0,19.0,5.0,2.0,3.0,0.0,0.0,0.0,0.0,2.0,0.0,0.0,0.0,14.0,6.0,6.0,2.0,0.0,0.0,0.0,0.0,8.0,4.0,6.0,1.0,0.0,0.0,0.0,0.0,0.0,0.0,0.0,4.0,1.0,6.0,0.0,0.0,0.0,0.0,0.0,0.0,0.0,1.0,0.0,4.0,0.0,0.0,0.0,0.0,0.0,0.0,0.0,0.0,0.0,0.0,0.0,0.0,0.0,1.0,0.0,1.0,1.0,0.0,0.0,0.0,0.0,0.0,0.0,0.0,0.0,0.0,0.0,0.0,0.0,0.0,0.0,0.0,0.0,0.0,0.0,0.0,0.0,0.0,0.0,1.0,0.0,0.0,2.0,0.0,0.0,0.0,0.0,0.0,0.0,2.0,4.0,20.0,4.0,2.0,10.0,2.0,2.0,1.0,18.0,Nc1ccc2c(-c3ccccc3)nn(-c3nc(C(=O)O)cs3)c2c1
CHEMBL3127154,Inactive,16.0,5.0,2.0,2.0,1.0,1.0,21.0,9.0,2.0,1.0,2.0,0.0,0.0,2.0,0.0,0.0,0.0,0.0,18.0,10.0,2.0,2.0,3.0,0.0,0.0,3.0,2.0,15.0,13.0,2.0,3.0,2.0,0.0,0.0,2.0,0.0,2.0,20.0,7.0,0.0,3.0,3.0,0.0,3.0,2.0,0.0,19.0,4.0,2.0,3.0,2.0,0.0,0.0,2.0,2.0,1.0,0.0,0.0,14.0,2.0,6.0,2.0,3.0,0.0,0.0,3.0,8.0,1.0,6.0,1.0,1.0,0.0,0.0,1.0,0.0,0.0,0.0,4.0,0.0,6.0,0.0,0.0,0.0,0.0,0.0,0.0,2.0,1.0,0.0,4.0,0.0,0.0,0.0,0.0,0.0,0.0,0.0,0.0,0.0,0.0,0.0,0.0,0.0,1.0,1.0,1.0,1.0,0.0,0.0,0.0,0.0,0.0,0.0,0.0,0.0,0.0,0.0,0.0,0.0,0.0,0.0,0.0,0.0,0.0,0.0,0.0,0.0,0.0,0.0,1.0,1.0,1.0,2.0,0.0,0.0,0.0,0.0,0.0,1.0,2.0,4.0,20.0,4.0,2.0,9.0,1.0,1.0,1.0,18.0,O=C(O)c1csc(-n2nc(-c3ccccc3)c3c(F)cccc32)n1
CHEMBL3127167,Active,16.0,5.0,4.0,2.0,0.0,0.0,22.0,9.0,4.0,1.0,0.0,0.0,0.0,0.0,0.0,0.0,0.0,0.0,20.0,10.0,4.0,2.0,0.0,0.0,0.0,0.0,2.0,17.0,13.0,3.0,3.0,0.0,0.0,0.0,0.0,0.0,2.0,21.0,7.0,1.0,3.0,0.0,0.0,0.0,2.0,0.0,20.0,4.0,3.0,3.0,0.0,0.0,0.0,0.0,3.0,0.0,0.0,0.0,15.0,3.0,8.0,2.0,0.0,0.0,0.0,0.0,10.0,2.0,9.0,1.0,0.0,0.0,0.0,0.0,0.0,0.0,0.0,7.0,0.0,7.0,0.0,0.0,0.0,0.0,0.0,0.0,0.0,2.0,1.0,6.0,1.0,0.0,0.0,0.0,0.0,0.0,0.0,0.0,0.0,0.0,0.0,0.0,1.0,1.0,0.0,1.0,2.0,0.0,0.0,0.0,0.0,0.0,0.0,0.0,0.0,0.0,0.0,0.0,0.0,0.0,0.0,0.0,0.0,0.0,0.0,0.0,0.0,0.0,0.0,2.0,0.0,0.0,3.0,0.0,0.0,0.0,0.0,0.0,0.0,2.0,4.0,20.0,4.0,2.0,11.0,2.0,2.0,2.0,18.0,COc1ccc(-c2nn(-c3nc(C(=O)O)cs3)c3ccccc23)cc1
CHEMBL3127164,Active,16.0,5.0,2.0,2.0,1.0,1.0,21.0,9.0,2.0,1.0,2.0,0.0,0.0,2.0,0.0,0.0,0.0,0.0,18.0,10.0,2.0,2.0,2.0,0.0,0.0,2.0,2.0,15.0,13.0,2.0,3.0,1.0,0.0,0.0,1.0,0.0,2.0,20.0,7.0,0.0,3.0,1.0,0.0,1.0,2.0,0.0,19.0,4.0,2.0,3.0,1.0,0.0,0.0,1.0,2.0,1.0,0.0,0.0,14.0,2.0,6.0,2.0,2.0,0.0,0.0,2.0,8.0,1.0,6.0,1.0,3.0,0.0,0.0,3.0,0.0,0.0,0.0,4.0,0.0,6.0,0.0,1.0,0.0,0.0,1.0,0.0,0.0,1.0,0.0,4.0,0.0,2.0,0.0,2.0,0.0,0.0,0.0,0.0,0.0,0.0,0.0,0.0,0.0,1.0,1.0,1.0,1.0,0.0,0.0,0.0,0.0,0.0,0.0,0.0,0.0,0.0,0.0,0.0,0.0,0.0,0.0,0.0,0.0,0.0,0.0,0.0,0.0,0.0,0.0,1.0,1.0,1.0,2.0,0.0,0.0,0.0,0.0,0.0,1.0,2.0,4.0,20.0,4.0,2.0,9.0,1.0,1.0,1.0,18.0,O=C(O)c1csc(-n2nc(-c3ccc(F)cc3)c3ccccc32)n1
CHEMBL3127162,Inactive,16.0,7.0,2.0,2.0,0.0,0.0,22.0,11.0,2.0,1.0,0.0,0.0,0.0,0.0,0.0,0.0,0.0,0.0,20.0,12.0,2.0,2.0,0.0,0.0,0.0,0.0,2.0,17.0,14.0,2.0,3.0,0.0,0.0,0.0,0.0,0.0,2.0,21.0,10.0,0.0,3.0,0.0,0.0,0.0,2.0,0.0,21.0,6.0,2.0,3.0,0.0,0.0,0.0,0.0,2.0,0.0,0.0,0.0,15.0,7.0,6.0,3.0,0.0,0.0,0.0,0.0,12.0,4.0,6.0,1.0,0.0,0.0,0.0,0.0,0.0,0.0,0.0,7.0,1.0,6.0,0.0,0.0,0.0,0.0,0.0,0.0,0.0,2.0,0.0,6.0,0.0,0.0,0.0,0.0,0.0,0.0,0.0,0.0,0.0,0.0,0.0,0.0,1.0,1.0,0.0,1.0,2.0,0.0,0.0,0.0,0.0,0.0,0.0,0.0,0.0,0.0,0.0,0.0,0.0,0.0,0.0,0.0,0.0,0.0,0.0,0.0,0.0,1.0,0.0,1.0,0.0,0.0,2.0,0.0,0.0,0.0,0.0,0.0,0.0,2.0,4.0,20.0,4.0,2.0,11.0,3.0,3.0,2.0,19.0,CNc1ccc2c(-c3ccccc3)nn(-c3nc(C(=O)O)cs3)c2c1
CHEMBL3092134,Inactive,16.0,5.0,2.0,4.0,0.0,0.0,21.0,9.0,2.0,4.0,0.0,0.0,0.0,0.0,0.0,0.0,0.0,0.0,18.0,10.0,2.0,3.0,0.0,0.0,0.0,0.0,2.0,17.0,13.0,2.0,6.0,0.0,0.0,0.0,0.0,0.0,2.0,23.0,9.0,0.0,4.0,0.0,0.0,0.0,2.0,0.0,19.0,5.0,2.0,8.0,0.0,0.0,0.0,0.0,2.0,0.0,0.0,0.0,19.0,2.0,6.0,5.0,0.0,0.0,0.0,0.0,13.0,1.0,6.0,2.0,0.0,0.0,0.0,0.0,0.0,0.0,0.0,6.0,0.0,8.0,0.0,0.0,0.0,0.0,0.0,0.0,0.0,1.0,0.0,4.0,0.0,0.0,0.0,0.0,0.0,0.0,0.0,0.0,0.0,0.0,0.0,0.0,1.0,1.0,0.0,1.0,2.0,0.0,0.0,0.0,0.0,0.0,0.0,0.0,0.0,0.0,0.0,0.0,0.0,0.0,0.0,0.0,0.0,0.0,0.0,0.0,0.0,0.0,0.0,1.0,0.0,0.0,2.0,0.0,1.0,0.0,0.0,0.0,0.0,2.0,5.0,21.0,5.0,2.0,11.0,2.0,2.0,1.0,18.0,Cc1c(-c2ccccc2)nn(-c2nc(C(=O)O)cs2)c1-c1cccs1
CHEMBL3127151,Inactive,14.0,7.0,2.0,2.0,0.0,0.0,19.0,10.0,2.0,1.0,0.0,0.0,0.0,0.0,0.0,0.0,0.0,0.0,15.0,12.0,2.0,2.0,0.0,0.0,0.0,0.0,2.0,14.0,13.0,2.0,2.0,0.0,0.0,0.0,0.0,0.0,2.0,16.0,11.0,0.0,3.0,0.0,0.0,0.0,2.0,0.0,16.0,7.0,2.0,3.0,0.0,0.0,0.0,0.0,2.0,0.0,0.0,0.0,13.0,3.0,4.0,2.0,0.0,0.0,0.0,0.0,8.0,1.0,6.0,1.0,0.0,0.0,0.0,0.0,0.0,0.0,0.0,4.0,0.0,6.0,0.0,0.0,0.0,0.0,0.0,0.0,0.0,1.0,0.0,4.0,0.0,0.0,0.0,0.0,0.0,0.0,0.0,0.0,0.0,0.0,0.0,0.0,0.0,1.0,0.0,1.0,1.0,0.0,0.0,0.0,0.0,0.0,0.0,0.0,0.0,0.0,0.0,0.0,0.0,0.0,0.0,0.0,0.0,0.0,0.0,0.0,0.0,0.0,0.0,1.0,0.0,0.0,2.0,0.0,0.0,0.0,0.0,0.0,0.0,3.0,5.0,20.0,5.0,2.0,11.0,1.0,1.0,1.0,17.0,O=C(O)c1csc(-n2nc(-c3ccccc3)c3cccnc32)n1
CHEMBL458448,Active,31.0,2.0,5.0,0.0,0.0,1.0,41.0,3.0,6.0,0.0,0.0,2.0,0.0,2.0,1.0,0.0,0.0,0.0,39.0,4.0,12.0,0.0,0.0,2.0,0.0,2.0,0.0,40.0,3.0,11.0,0.0,0.0,2.0,0.0,2.0,0.0,0.0,47.0,2.0,10.0,0.0,0.0,2.0,2.0,2.0,1.0,47.0,3.0,12.0,0.0,0.0,4.0,0.0,4.0,0.0,0.0,0.0,0.0,44.0,3.0,12.0,0.0,0.0,4.0,0.0,4.0,36.0,2.0,15.0,0.0,0.0,4.0,0.0,4.0,0.0,0.0,0.0,32.0,2.0,8.0,0.0,0.0,4.0,0.0,4.0,2.0,0.0,25.0,1.0,7.0,0.0,0.0,2.0,2.0,0.0,2.0,2.0,1.0,1.0,0.0,0.0,0.0,2.0,1.0,0.0,1.0,6.0,0.0,3.0,1.0,0.0,3.0,0.0,0.0,0.0,0.0,0.0,0.0,0.0,0.0,0.0,0.0,0.0,0.0,1.0,0.0,0.0,1.0,0.0,2.0,0.0,0.0,4.0,2.0,2.0,0.0,0.0,2.0,0.0,0.0,0.0,24.0,0.0,2.0,7.0,8.0,8.0,7.0,28.0,CC(C)C(=O)Nc1cc(C(=O)O)cc(-c2ccccc2-c2cc(Cl)ccc2OCc2ccccc2)c1
CHEMBL2442489,Inactive,12.0,5.0,3.0,2.0,3.0,3.0,15.0,9.0,4.0,1.0,3.0,0.0,0.0,3.0,0.0,3.0,3.0,3.0,13.0,7.0,4.0,2.0,3.0,0.0,0.0,3.0,2.0,9.0,10.0,4.0,3.0,6.0,0.0,0.0,6.0,0.0,2.0,14.0,5.0,1.0,1.0,3.0,0.0,3.0,3.0,0.0,10.0,3.0,3.0,2.0,12.0,0.0,0.0,12.0,3.0,0.0,0.0,0.0,7.0,2.0,8.0,2.0,9.0,0.0,0.0,9.0,6.0,1.0,2.0,1.0,3.0,0.0,0.0,3.0,0.0,9.0,9.0,4.0,0.0,6.0,0.0,0.0,0.0,0.0,0.0,0.0,0.0,1.0,0.0,5.0,0.0,0.0,0.0,0.0,0.0,0.0,0.0,0.0,0.0,0.0,0.0,0.0,0.0,2.0,3.0,2.0,2.0,0.0,0.0,0.0,0.0,0.0,0.0,0.0,0.0,0.0,0.0,0.0,0.0,0.0,0.0,0.0,0.0,0.0,0.0,0.0,0.0,0.0,0.0,1.0,3.0,0.0,3.0,0.0,0.0,0.0,3.0,0.0,0.0,2.0,4.0,16.0,4.0,2.0,10.0,2.0,2.0,2.0,15.0,O=C(O)c1csc(-n2nc(-c3cccc(O)c3)cc2C(F)(F)F)n1
CHEMBL3127165,Active,16.0,5.0,2.0,2.0,1.0,1.0,21.0,9.0,2.0,1.0,2.0,0.0,0.0,2.0,0.0,0.0,0.0,0.0,18.0,10.0,2.0,2.0,2.0,0.0,0.0,2.0,2.0,15.0,13.0,2.0,3.0,2.0,0.0,0.0,2.0,0.0,2.0,20.0,7.0,0.0,3.0,1.0,0.0,1.0,2.0,0.0,19.0,4.0,2.0,3.0,2.0,0.0,0.0,2.0,2.0,1.0,0.0,0.0,14.0,2.0,6.0,2.0,3.0,0.0,0.0,3.0,8.0,1.0,6.0,1.0,1.0,0.0,0.0,1.0,0.0,0.0,0.0,4.0,0.0,6.0,0.0,2.0,0.0,0.0,2.0,0.0,0.0,1.0,0.0,4.0,0.0,1.0,0.0,1.0,0.0,0.0,0.0,0.0,0.0,0.0,0.0,0.0,0.0,1.0,1.0,1.0,1.0,0.0,0.0,0.0,0.0,0.0,0.0,0.0,0.0,0.0,0.0,0.0,0.0,0.0,0.0,0.0,0.0,0.0,0.0,0.0,0.0,0.0,0.0,1.0,1.0,1.0,2.0,0.0,0.0,0.0,0.0,0.0,1.0,2.0,4.0,20.0,4.0,2.0,9.0,1.0,1.0,1.0,18.0,O=C(O)c1csc(-n2nc(-c3cccc(F)c3)c3ccccc32)n1
CHEMBL459091,Inactive,28.0,0.0,4.0,0.0,1.0,1.0,37.0,0.0,5.0,0.0,2.0,0.0,0.0,2.0,0.0,0.0,0.0,0.0,36.0,0.0,9.0,0.0,3.0,0.0,0.0,3.0,0.0,34.0,0.0,9.0,0.0,3.0,0.0,0.0,3.0,0.0,0.0,38.0,0.0,8.0,0.0,4.0,0.0,4.0,0.0,0.0,38.0,0.0,7.0,0.0,3.0,0.0,0.0,3.0,0.0,0.0,2.0,2.0,33.0,0.0,8.0,0.0,2.0,0.0,0.0,2.0,26.0,0.0,8.0,0.0,2.0,0.0,0.0,2.0,0.0,0.0,0.0,21.0,0.0,4.0,0.0,1.0,0.0,0.0,1.0,2.0,0.0,15.0,0.0,4.0,0.0,2.0,0.0,2.0,0.0,0.0,0.0,0.0,1.0,0.0,0.0,0.0,0.0,1.0,1.0,1.0,2.0,0.0,0.0,0.0,0.0,0.0,0.0,0.0,0.0,0.0,0.0,0.0,0.0,0.0,0.0,0.0,0.0,0.0,0.0,0.0,0.0,0.0,0.0,2.0,1.0,1.0,3.0,2.0,0.0,0.0,0.0,2.0,1.0,0.0,0.0,24.0,0.0,2.0,4.0,3.0,3.0,4.0,25.0,O=C(O)c1ccc(F)c(-c2ccccc2-c2ccccc2OCc2ccccc2)c1
CHEMBL255880,Active,13.0,5.0,2.0,2.0,0.0,1.0,19.0,5.0,2.0,1.0,0.0,2.0,0.0,2.0,0.0,0.0,0.0,0.0,16.0,7.0,2.0,3.0,0.0,2.0,0.0,2.0,2.0,16.0,6.0,2.0,3.0,0.0,1.0,0.0,1.0,0.0,2.0,15.0,4.0,0.0,3.0,0.0,3.0,3.0,2.0,0.0,13.0,2.0,4.0,2.0,0.0,1.0,0.0,1.0,0.0,1.0,0.0,0.0,8.0,1.0,6.0,1.0,0.0,3.0,0.0,3.0,4.0,0.0,6.0,0.0,0.0,2.0,0.0,2.0,0.0,0.0,0.0,1.0,0.0,4.0,0.0,0.0,0.0,0.0,0.0,0.0,2.0,0.0,0.0,2.0,0.0,0.0,0.0,0.0,0.0,0.0,0.0,0.0,2.0,0.0,1.0,0.0,1.0,0.0,0.0,0.0,4.0,0.0,2.0,0.0,0.0,1.0,0.0,0.0,0.0,0.0,0.0,0.0,0.0,0.0,0.0,0.0,0.0,0.0,0.0,0.0,0.0,0.0,0.0,1.0,0.0,0.0,2.0,0.0,1.0,2.0,0.0,0.0,0.0,1.0,3.0,14.0,3.0,2.0,9.0,3.0,3.0,3.0,13.0,CCCc1cn(-c2nc(C(=O)[O-])cs2)c2cc(Cl)ccc12.[Na+]
CHEMBL3092133,Active,21.0,5.0,2.0,2.0,0.0,0.0,29.0,9.0,2.0,1.0,0.0,0.0,0.0,0.0,0.0,0.0,0.0,0.0,27.0,11.0,2.0,2.0,0.0,0.0,0.0,0.0,2.0,23.0,16.0,2.0,3.0,0.0,0.0,0.0,0.0,0.0,2.0,27.0,11.0,0.0,4.0,0.0,0.0,0.0,2.0,0.0,27.0,7.0,2.0,5.0,0.0,0.0,0.0,0.0,2.0,0.0,0.0,0.0,26.0,3.0,6.0,3.0,0.0,0.0,0.0,0.0,19.0,1.0,8.0,1.0,0.0,0.0,0.0,0.0,0.0,0.0,0.0,9.0,0.0,10.0,0.0,0.0,0.0,0.0,0.0,0.0,0.0,2.0,0.0,6.0,0.0,0.0,0.0,0.0,0.0,0.0,0.0,0.0,2.0,0.0,1.0,0.0,0.0,1.0,0.0,1.0,3.0,0.0,1.0,0.0,0.0,0.0,0.0,0.0,0.0,0.0,0.0,0.0,0.0,0.0,0.0,0.0,0.0,0.0,0.0,0.0,0.0,0.0,0.0,1.0,0.0,0.0,2.0,0.0,0.0,2.0,0.0,0.0,0.0,2.0,4.0,22.0,4.0,2.0,9.0,4.0,4.0,1.0,20.0,O=C(O)c1csc(-n2nc3c(c2-c2ccccc2)CCc2ccccc2-3)n1
CHEMBL3092141,Inactive,19.0,5.0,2.0,2.0,1.0,1.0,25.0,9.0,2.0,1.0,2.0,0.0,0.0,2.0,0.0,0.0,0.0,0.0,22.0,11.0,2.0,2.0,2.0,0.0,0.0,2.0,2.0,21.0,14.0,2.0,3.0,1.0,0.0,0.0,1.0,0.0,2.0,25.0,11.0,0.0,4.0,1.0,0.0,1.0,2.0,0.0,26.0,6.0,2.0,4.0,1.0,0.0,0.0,1.0,2.0,1.0,0.0,0.0,23.0,3.0,6.0,3.0,3.0,0.0,0.0,3.0,18.0,1.0,8.0,1.0,1.0,0.0,0.0,1.0,0.0,0.0,0.0,9.0,0.0,8.0,0.0,4.0,0.0,0.0,4.0,0.0,0.0,2.0,0.0,6.0,0.0,3.0,0.0,3.0,0.0,0.0,0.0,0.0,0.0,0.0,0.0,0.0,1.0,1.0,1.0,1.0,2.0,0.0,0.0,0.0,0.0,0.0,0.0,0.0,0.0,0.0,0.0,0.0,0.0,0.0,0.0,0.0,0.0,0.0,0.0,0.0,0.0,0.0,0.0,1.0,1.0,1.0,2.0,0.0,1.0,0.0,0.0,0.0,1.0,2.0,4.0,22.0,4.0,2.0,9.0,2.0,2.0,1.0,20.0,Cc1c(-c2ccccc2)nn(-c2nc(C(=O)O)cs2)c1-c1ccc(F)cc1
CHEMBL3092140,Inactive,19.0,5.0,2.0,2.0,1.0,1.0,25.0,9.0,2.0,1.0,2.0,0.0,0.0,2.0,0.0,0.0,0.0,0.0,22.0,11.0,2.0,2.0,2.0,0.0,0.0,2.0,2.0,21.0,14.0,2.0,3.0,2.0,0.0,0.0,2.0,0.0,2.0,25.0,11.0,0.0,4.0,1.0,0.0,1.0,2.0,0.0,26.0,6.0,2.0,4.0,3.0,0.0,0.0,3.0,2.0,1.0,0.0,0.0,23.0,3.0,6.0,3.0,1.0,0.0,0.0,1.0,18.0,1.0,8.0,1.0,4.0,0.0,0.0,4.0,0.0,0.0,0.0,9.0,0.0,8.0,0.0,3.0,0.0,0.0,3.0,0.0,0.0,2.0,0.0,6.0,0.0,1.0,0.0,1.0,0.0,0.0,2.0,0.0,0.0,0.0,0.0,0.0,1.0,1.0,1.0,1.0,2.0,0.0,0.0,0.0,0.0,0.0,0.0,0.0,0.0,0.0,0.0,0.0,0.0,0.0,0.0,0.0,0.0,0.0,0.0,0.0,0.0,0.0,0.0,1.0,1.0,1.0,2.0,0.0,1.0,0.0,0.0,0.0,1.0,2.0,4.0,22.0,4.0,2.0,9.0,2.0,2.0,1.0,20.0,Cc1c(-c2ccccc2)nn(-c2nc(C(=O)O)cs2)c1-c1cccc(F)c1
CHEMBL3092130,Active,18.0,6.0,2.0,2.0,0.0,0.0,23.0,11.0,2.0,1.0,0.0,0.0,0.0,0.0,0.0,0.0,0.0,0.0,20.0,11.0,2.0,2.0,0.0,0.0,0.0,0.0,2.0,16.0,19.0,2.0,3.0,0.0,0.0,0.0,0.0,0.0,2.0,21.0,14.0,0.0,3.0,0.0,0.0,0.0,2.0,0.0,22.0,10.0,2.0,4.0,0.0,0.0,0.0,0.0,2.0,0.0,0.0,0.0,22.0,4.0,6.0,3.0,0.0,0.0,0.0,0.0,18.0,1.0,6.0,1.0,0.0,0.0,0.0,0.0,0.0,0.0,0.0,9.0,0.0,8.0,0.0,0.0,0.0,0.0,0.0,0.0,0.0,2.0,0.0,6.0,0.0,0.0,0.0,0.0,0.0,0.0,0.0,0.0,0.0,0.0,0.0,0.0,0.0,1.0,0.0,1.0,1.0,0.0,0.0,0.0,0.0,0.0,0.0,0.0,0.0,0.0,0.0,0.0,0.0,0.0,0.0,0.0,0.0,0.0,0.0,0.0,0.0,0.0,0.0,1.0,0.0,0.0,2.0,0.0,0.0,0.0,0.0,0.0,0.0,2.0,4.0,22.0,4.0,2.0,10.0,2.0,2.0,1.0,20.0,Nc1c(-c2ccccc2)nn(-c2nc(C(=O)O)cs2)c1-c1ccccc1
CHEMBL3127174,Active,14.0,8.0,2.0,2.0,0.0,0.0,20.0,11.0,2.0,1.0,0.0,0.0,0.0,0.0,0.0,0.0,0.0,0.0,17.0,12.0,2.0,2.0,0.0,0.0,0.0,0.0,2.0,12.0,17.0,2.0,3.0,0.0,0.0,0.0,0.0,0.0,2.0,20.0,7.0,0.0,2.0,0.0,0.0,0.0,2.0,0.0,18.0,7.0,2.0,3.0,0.0,0.0,0.0,0.0,2.0,0.0,0.0,0.0,15.0,4.0,6.0,2.0,0.0,0.0,0.0,0.0,11.0,1.0,4.0,1.0,0.0,0.0,0.0,0.0,0.0,0.0,0.0,5.0,1.0,6.0,1.0,0.0,0.0,0.0,0.0,0.0,0.0,3.0,0.0,4.0,0.0,0.0,0.0,0.0,0.0,0.0,0.0,1.0,4.0,2.0,2.0,0.0,1.0,1.0,0.0,1.0,7.0,1.0,5.0,1.0,0.0,5.0,2.0,1.0,4.0,1.0,0.0,0.0,0.0,0.0,0.0,4.0,0.0,0.0,2.0,2.0,0.0,2.0,1.0,1.0,0.0,0.0,2.0,0.0,1.0,2.0,0.0,0.0,0.0,2.0,4.0,14.0,5.0,2.0,12.0,8.0,8.0,2.0,14.0,CC1CCN(c2nn(-c3nc(C(=O)O)cs3)c3ccccc23)CC1
CHEMBL456679,Inactive,21.0,2.0,4.0,0.0,0.0,1.0,26.0,4.0,5.0,0.0,0.0,2.0,0.0,2.0,0.0,0.0,0.0,0.0,28.0,3.0,6.0,0.0,0.0,2.0,0.0,2.0,2.0,29.0,3.0,7.0,0.0,0.0,2.0,0.0,2.0,0.0,0.0,31.0,3.0,7.0,0.0,0.0,2.0,2.0,0.0,1.0,28.0,2.0,6.0,0.0,0.0,4.0,0.0,4.0,1.0,0.0,0.0,0.0,20.0,2.0,8.0,0.0,0.0,3.0,0.0,3.0,13.0,1.0,8.0,0.0,0.0,3.0,0.0,3.0,0.0,0.0,0.0,8.0,1.0,4.0,0.0,0.0,2.0,0.0,2.0,2.0,0.0,4.0,0.0,4.0,0.0,0.0,0.0,0.0,0.0,2.0,2.0,0.0,2.0,0.0,1.0,0.0,1.0,0.0,0.0,0.0,4.0,0.0,2.0,0.0,0.0,1.0,0.0,0.0,0.0,0.0,0.0,0.0,0.0,0.0,0.0,0.0,0.0,1.0,0.0,0.0,1.0,0.0,0.0,2.0,0.0,0.0,3.0,0.0,1.0,1.0,0.0,1.0,0.0,1.0,1.0,18.0,1.0,2.0,6.0,3.0,3.0,4.0,18.0,CCCOc1ccc(Cl)cc1-c1ccccc1-c1cccc(C(=O)[O-])n1.[Na+]
CHEMBL2442488,Inactive,12.0,5.0,3.0,2.0,3.0,3.0,15.0,9.0,4.0,1.0,3.0,0.0,0.0,3.0,0.0,3.0,3.0,3.0,13.0,7.0,4.0,2.0,3.0,0.0,0.0,3.0,2.0,9.0,10.0,3.0,3.0,6.0,0.0,0.0,6.0,0.0,2.0,14.0,5.0,1.0,1.0,3.0,0.0,3.0,2.0,0.0,10.0,3.0,3.0,2.0,12.0,0.0,0.0,12.0,3.0,0.0,0.0,0.0,7.0,2.0,7.0,2.0,9.0,0.0,0.0,9.0,6.0,1.0,4.0,1.0,3.0,0.0,0.0,3.0,0.0,6.0,6.0,4.0,0.0,4.0,0.0,0.0,0.0,0.0,0.0,0.0,3.0,1.0,0.0,6.0,0.0,0.0,0.0,0.0,0.0,0.0,0.0,0.0,0.0,0.0,0.0,0.0,0.0,2.0,3.0,2.0,2.0,0.0,0.0,0.0,0.0,0.0,0.0,0.0,0.0,0.0,0.0,0.0,0.0,0.0,0.0,0.0,0.0,0.0,0.0,0.0,0.0,0.0,0.0,1.0,3.0,0.0,3.0,0.0,0.0,0.0,3.0,0.0,0.0,2.0,4.0,16.0,4.0,2.0,10.0,2.0,2.0,2.0,15.0,O=C(O)c1csc(-n2nc(-c3ccc(O)cc3)cc2C(F)(F)F)n1
CHEMBL3092151,Active,18.0,5.0,2.0,2.0,1.0,1.0,23.0,9.0,2.0,1.0,2.0,0.0,0.0,2.0,0.0,0.0,0.0,0.0,20.0,9.0,2.0,2.0,2.0,0.0,0.0,2.0,2.0,16.0,14.0,2.0,3.0,5.0,0.0,0.0,5.0,0.0,2.0,21.0,10.0,0.0,3.0,4.0,0.0,4.0,2.0,0.0,22.0,6.0,2.0,4.0,4.0,0.0,0.0,4.0,2.0,0.0,0.0,0.0,22.0,3.0,6.0,3.0,1.0,0.0,0.0,1.0,18.0,1.0,6.0,1.0,0.0,0.0,0.0,0.0,0.0,2.0,2.0,9.0,0.0,8.0,0.0,0.0,0.0,0.0,0.0,0.0,0.0,2.0,0.0,6.0,0.0,0.0,0.0,0.0,0.0,0.0,0.0,0.0,0.0,0.0,0.0,0.0,0.0,1.0,1.0,1.0,1.0,0.0,0.0,0.0,0.0,0.0,0.0,0.0,0.0,0.0,0.0,0.0,0.0,0.0,0.0,0.0,0.0,0.0,0.0,0.0,0.0,0.0,0.0,1.0,1.0,0.0,2.0,0.0,0.0,0.0,0.0,0.0,1.0,2.0,4.0,22.0,4.0,2.0,9.0,1.0,1.0,1.0,20.0,O=C(O)c1csc(-n2nc(-c3ccccc3)c(F)c2-c2ccccc2)n1
CHEMBL233356,Active,22.0,6.0,4.0,1.0,0.0,1.0,26.0,11.0,6.0,4.0,0.0,2.0,0.0,2.0,4.0,0.0,0.0,0.0,25.0,9.0,10.0,5.0,0.0,3.0,0.0,3.0,2.0,21.0,8.0,13.0,4.0,0.0,1.0,0.0,1.0,0.0,1.0,23.0,10.0,13.0,3.0,0.0,1.0,1.0,3.0,0.0,24.0,14.0,14.0,1.0,0.0,2.0,0.0,2.0,2.0,0.0,0.0,2.0,26.0,13.0,7.0,0.0,0.0,2.0,0.0,2.0,21.0,10.0,1.0,1.0,0.0,3.0,0.0,3.0,1.0,0.0,0.0,14.0,10.0,5.0,2.0,0.0,2.0,0.0,2.0,0.0,0.0,17.0,6.0,5.0,2.0,0.0,1.0,1.0,1.0,0.0,0.0,0.0,2.0,0.0,0.0,0.0,3.0,0.0,0.0,0.0,5.0,0.0,0.0,0.0,0.0,0.0,0.0,0.0,0.0,0.0,0.0,0.0,0.0,0.0,0.0,0.0,0.0,0.0,0.0,0.0,0.0,2.0,0.0,1.0,0.0,0.0,3.0,0.0,2.0,0.0,0.0,0.0,0.0,2.0,3.0,23.0,3.0,4.0,11.0,8.0,8.0,9.0,23.0,COc1ccc(NCc2nnc(CN(c3cccc(Cl)c3C)S(=O)(=O)c3ccc(C)cc3)o2)cc1
CHEMBL232950,Active,20.0,6.0,4.0,1.0,3.0,5.0,24.0,9.0,5.0,4.0,3.0,4.0,0.0,7.0,5.0,3.0,3.0,3.0,21.0,9.0,11.0,5.0,6.0,4.0,0.0,10.0,1.0,17.0,10.0,14.0,3.0,6.0,3.0,0.0,9.0,0.0,1.0,21.0,9.0,11.0,3.0,3.0,3.0,6.0,3.0,2.0,21.0,14.0,12.0,0.0,0.0,4.0,0.0,4.0,2.0,1.0,0.0,3.0,20.0,13.0,3.0,1.0,0.0,5.0,0.0,5.0,16.0,11.0,5.0,2.0,6.0,4.0,0.0,10.0,0.0,0.0,0.0,17.0,7.0,6.0,2.0,9.0,3.0,0.0,12.0,0.0,0.0,21.0,2.0,4.0,1.0,6.0,4.0,10.0,3.0,0.0,3.0,0.0,1.0,0.0,0.0,0.0,1.0,0.0,3.0,0.0,3.0,0.0,0.0,0.0,0.0,0.0,0.0,0.0,0.0,0.0,0.0,0.0,0.0,0.0,0.0,0.0,0.0,0.0,0.0,0.0,0.0,1.0,0.0,1.0,3.0,0.0,3.0,0.0,0.0,0.0,3.0,0.0,0.0,2.0,3.0,23.0,3.0,4.0,11.0,5.0,5.0,9.0,24.0,COc1ccc(Nc2nnc(CN(c3cccc(Cl)c3Cl)S(=O)(=O)c3ccc(C(F)(F)F)cc3)o2)cc1
CHEMBL397957,Inactive,28.0,1.0,4.0,0.0,2.0,2.0,38.0,1.0,5.0,0.0,4.0,0.0,0.0,4.0,0.0,0.0,0.0,0.0,35.0,2.0,9.0,0.0,5.0,0.0,0.0,5.0,0.0,34.0,2.0,9.0,0.0,2.0,0.0,0.0,2.0,0.0,0.0,36.0,2.0,9.0,0.0,2.0,0.0,2.0,0.0,0.0,38.0,2.0,6.0,0.0,2.0,0.0,0.0,2.0,1.0,0.0,1.0,1.0,32.0,4.0,8.0,0.0,4.0,0.0,0.0,4.0,29.0,3.0,6.0,0.0,5.0,0.0,0.0,5.0,0.0,0.0,0.0,23.0,4.0,4.0,0.0,7.0,0.0,0.0,7.0,2.0,0.0,14.0,4.0,6.0,0.0,5.0,0.0,5.0,1.0,0.0,0.0,0.0,4.0,0.0,2.0,1.0,0.0,1.0,2.0,1.0,8.0,0.0,4.0,0.0,2.0,3.0,0.0,0.0,2.0,1.0,0.0,0.0,0.0,0.0,0.0,0.0,0.0,0.0,0.0,0.0,0.0,0.0,0.0,2.0,2.0,2.0,3.0,2.0,0.0,3.0,0.0,2.0,2.0,0.0,0.0,18.0,0.0,6.0,5.0,7.0,7.0,6.0,21.0,N#Cc1ccc(OCc2ccc(F)cc2F)c(C2=C(c3cccc(C(=O)O)c3)CCC2)c1
CHEMBL395311,Inactive,27.0,0.0,4.0,2.0,1.0,1.0,37.0,0.0,9.0,2.0,2.0,0.0,0.0,2.0,0.0,0.0,0.0,0.0,35.0,0.0,13.0,2.0,2.0,0.0,0.0,2.0,0.0,34.0,0.0,13.0,2.0,1.0,0.0,0.0,1.0,0.0,0.0,36.0,0.0,12.0,2.0,1.0,0.0,1.0,0.0,0.0,36.0,0.0,11.0,4.0,0.0,0.0,0.0,0.0,0.0,0.0,1.0,1.0,33.0,0.0,16.0,3.0,1.0,0.0,0.0,1.0,28.0,0.0,12.0,4.0,2.0,0.0,0.0,2.0,0.0,0.0,0.0,23.0,0.0,12.0,4.0,3.0,0.0,0.0,3.0,2.0,0.0,17.0,0.0,12.0,1.0,3.0,0.0,3.0,0.0,0.0,0.0,0.0,4.0,0.0,2.0,1.0,1.0,1.0,1.0,1.0,8.0,0.0,4.0,0.0,2.0,3.0,0.0,0.0,2.0,1.0,0.0,0.0,0.0,0.0,0.0,0.0,0.0,0.0,0.0,0.0,0.0,0.0,0.0,2.0,1.0,1.0,5.0,2.0,0.0,3.0,0.0,2.0,1.0,0.0,0.0,18.0,0.0,10.0,6.0,8.0,8.0,7.0,22.0,CS(=O)(=O)c1ccc(OCc2ccc(F)cc2)c(C2=C(c3cccc(C(=O)O)c3)CCC2)c1
CHEMBL388478,Active,26.0,3.0,4.0,0.0,5.0,5.0,34.0,6.0,5.0,0.0,7.0,0.0,0.0,7.0,0.0,3.0,3.0,3.0,34.0,4.0,9.0,0.0,11.0,0.0,0.0,11.0,0.0,33.0,4.0,8.0,0.0,8.0,0.0,0.0,8.0,1.0,0.0,37.0,3.0,7.0,0.0,7.0,0.0,7.0,2.0,0.0,41.0,1.0,7.0,0.0,5.0,0.0,0.0,5.0,0.0,3.0,4.0,4.0,33.0,2.0,10.0,0.0,17.0,0.0,0.0,17.0,28.0,2.0,6.0,0.0,16.0,0.0,0.0,16.0,0.0,0.0,0.0,24.0,1.0,4.0,0.0,17.0,0.0,0.0,17.0,2.0,1.0,16.0,0.0,6.0,0.0,17.0,0.0,17.0,1.0,0.0,0.0,0.0,1.0,0.0,0.0,0.0,1.0,1.0,5.0,1.0,4.0,0.0,0.0,0.0,0.0,0.0,0.0,0.0,0.0,0.0,0.0,0.0,0.0,0.0,0.0,0.0,0.0,0.0,0.0,0.0,0.0,0.0,0.0,2.0,5.0,2.0,3.0,2.0,1.0,0.0,3.0,2.0,2.0,0.0,1.0,23.0,1.0,2.0,7.0,4.0,4.0,5.0,25.0,Cc1ccc(-c2cc(C(F)(F)F)ccc2OCc2ccc(F)cc2)n1-c1ccc(F)c(C(=O)O)c1
CHEMBL228963,Active,27.0,5.0,4.0,0.0,0.0,1.0,36.0,9.0,5.0,0.0,0.0,2.0,0.0,2.0,0.0,0.0,0.0,0.0,37.0,6.0,9.0,0.0,0.0,2.0,0.0,2.0,0.0,35.0,6.0,10.0,0.0,0.0,2.0,0.0,2.0,1.0,0.0,36.0,6.0,8.0,0.0,0.0,1.0,1.0,4.0,1.0,41.0,5.0,7.0,0.0,0.0,4.0,0.0,4.0,0.0,0.0,0.0,0.0,37.0,4.0,10.0,0.0,0.0,4.0,0.0,4.0,28.0,4.0,6.0,0.0,0.0,4.0,0.0,4.0,0.0,0.0,0.0,24.0,3.0,6.0,0.0,0.0,4.0,0.0,4.0,2.0,0.0,19.0,1.0,4.0,0.0,0.0,3.0,3.0,0.0,2.0,2.0,0.0,1.0,0.0,0.0,0.0,1.0,1.0,0.0,1.0,3.0,0.0,0.0,0.0,0.0,0.0,0.0,0.0,0.0,0.0,0.0,0.0,0.0,0.0,0.0,0.0,0.0,0.0,0.0,0.0,0.0,0.0,0.0,2.0,0.0,0.0,3.0,2.0,1.0,0.0,0.0,3.0,0.0,0.0,2.0,26.0,2.0,2.0,9.0,6.0,6.0,4.0,27.0,Cc1ccc(-c2cc(Cl)ccc2OCc2ccccc2)n1-c1cc(C(=O)O)c2cc[nH]c2c1
CHEMBL467578,Inactive,26.0,2.0,4.0,0.0,1.0,3.0,33.0,4.0,5.0,0.0,2.0,2.0,2.0,6.0,0.0,0.0,0.0,0.0,33.0,3.0,7.0,0.0,3.0,2.0,2.0,7.0,2.0,31.0,3.0,9.0,0.0,1.0,2.0,1.0,4.0,0.0,0.0,35.0,3.0,8.0,0.0,1.0,2.0,4.0,0.0,1.0,36.0,2.0,6.0,0.0,2.0,4.0,0.0,6.0,1.0,0.0,0.0,1.0,31.0,2.0,8.0,0.0,3.0,3.0,1.0,7.0,25.0,1.0,8.0,0.0,3.0,4.0,2.0,9.0,0.0,0.0,0.0,19.0,2.0,4.0,0.0,3.0,4.0,3.0,10.0,2.0,0.0,13.0,2.0,4.0,0.0,2.0,1.0,6.0,1.0,2.0,2.0,0.0,1.0,0.0,0.0,0.0,0.0,0.0,1.0,0.0,2.0,0.0,0.0,0.0,0.0,0.0,0.0,0.0,0.0,0.0,0.0,0.0,0.0,0.0,0.0,0.0,0.0,0.0,0.0,0.0,0.0,0.0,0.0,2.0,1.0,1.0,3.0,1.0,0.0,0.0,0.0,1.0,1.0,1.0,1.0,24.0,1.0,2.0,6.0,2.0,2.0,4.0,24.0,O=C([O-])c1cccc(-c2ccccc2-c2cc(Cl)ccc2OCc2ccc(Br)cc2F)n1.[Na+]
CHEMBL254558,Inactive,25.0,5.0,3.0,0.0,2.0,3.0,30.0,9.0,4.0,0.0,4.0,2.0,0.0,6.0,1.0,1.0,1.0,1.0,27.0,7.0,7.0,0.0,4.0,2.0,0.0,6.0,0.0,20.0,10.0,6.0,0.0,6.0,2.0,0.0,8.0,2.0,0.0,25.0,9.0,5.0,0.0,4.0,0.0,4.0,2.0,1.0,28.0,9.0,6.0,0.0,2.0,2.0,0.0,4.0,0.0,3.0,0.0,0.0,27.0,9.0,1.0,0.0,4.0,4.0,0.0,8.0,22.0,9.0,3.0,0.0,2.0,2.0,0.0,4.0,0.0,0.0,0.0,22.0,5.0,3.0,0.0,4.0,3.0,0.0,7.0,1.0,0.0,20.0,3.0,3.0,0.0,4.0,2.0,6.0,0.0,1.0,3.0,0.0,2.0,0.0,0.0,0.0,1.0,0.0,2.0,0.0,5.0,0.0,1.0,0.0,0.0,0.0,0.0,0.0,0.0,0.0,0.0,0.0,0.0,0.0,0.0,0.0,0.0,0.0,1.0,0.0,0.0,1.0,0.0,1.0,2.0,0.0,2.0,1.0,1.0,0.0,2.0,0.0,0.0,1.0,2.0,23.0,2.0,0.0,8.0,7.0,7.0,9.0,25.0,Cc1cc(NC(=O)C(F)(F)c2ccccc2)nn1Cc1cc(Cl)ccc1OCc1ccccc1
CHEMBL258200,Active,20.0,5.0,3.0,0.0,0.0,1.0,24.0,9.0,4.0,0.0,0.0,2.0,0.0,2.0,1.0,0.0,0.0,0.0,20.0,8.0,8.0,0.0,0.0,2.0,0.0,2.0,0.0,18.0,10.0,4.0,0.0,0.0,2.0,0.0,2.0,2.0,0.0,23.0,9.0,3.0,0.0,0.0,0.0,0.0,2.0,1.0,23.0,9.0,5.0,0.0,0.0,2.0,0.0,2.0,0.0,1.0,0.0,0.0,19.0,8.0,1.0,0.0,0.0,4.0,0.0,4.0,16.0,5.0,3.0,0.0,0.0,2.0,0.0,2.0,0.0,0.0,0.0,18.0,1.0,3.0,0.0,0.0,1.0,0.0,1.0,1.0,0.0,12.0,2.0,4.0,0.0,0.0,1.0,1.0,0.0,1.0,1.0,2.0,7.0,3.0,4.0,3.0,3.0,0.0,0.0,0.0,13.0,1.0,10.0,2.0,0.0,11.0,2.0,1.0,8.0,8.0,3.0,1.0,0.0,0.0,0.0,2.0,0.0,2.0,1.0,0.0,1.0,1.0,0.0,1.0,0.0,0.0,2.0,0.0,3.0,5.0,0.0,0.0,0.0,1.0,2.0,11.0,2.0,0.0,8.0,16.0,16.0,8.0,14.0,Cc1cc(NC(=O)C2CCCCC2)nn1Cc1cc(Cl)ccc1OCC(C)C
CHEMBL233772,Inactive,26.0,5.0,4.0,0.0,2.0,3.0,35.0,8.0,5.0,0.0,4.0,0.0,2.0,6.0,2.0,0.0,0.0,0.0,34.0,6.0,11.0,0.0,5.0,0.0,2.0,7.0,0.0,32.0,6.0,8.0,0.0,2.0,0.0,2.0,4.0,1.0,0.0,36.0,3.0,6.0,0.0,2.0,0.0,3.0,1.0,1.0,39.0,3.0,5.0,0.0,2.0,0.0,4.0,6.0,1.0,0.0,1.0,1.0,33.0,6.0,8.0,0.0,4.0,0.0,4.0,8.0,26.0,4.0,8.0,0.0,4.0,0.0,4.0,8.0,0.0,0.0,0.0,22.0,3.0,5.0,0.0,6.0,0.0,4.0,10.0,1.0,0.0,17.0,2.0,4.0,0.0,5.0,0.0,7.0,2.0,0.0,1.0,0.0,1.0,0.0,0.0,0.0,1.0,0.0,2.0,0.0,4.0,0.0,0.0,0.0,0.0,0.0,0.0,0.0,0.0,0.0,0.0,0.0,0.0,0.0,0.0,0.0,0.0,0.0,0.0,0.0,0.0,2.0,1.0,1.0,2.0,2.0,3.0,1.0,1.0,0.0,0.0,6.0,2.0,0.0,1.0,23.0,2.0,4.0,9.0,5.0,5.0,3.0,26.0,Cc1ccc(-c2cc(Br)ccc2OCc2ccc(F)cc2F)n1-c1ccc2c(c1)C(=O)NC2=O
CHEMBL391930,Inactive,31.0,5.0,3.0,0.0,2.0,3.0,39.0,9.0,4.0,0.0,4.0,0.0,2.0,6.0,1.0,0.0,0.0,0.0,38.0,8.0,8.0,0.0,5.0,0.0,2.0,7.0,0.0,37.0,7.0,8.0,0.0,2.0,0.0,2.0,4.0,1.0,0.0,45.0,3.0,7.0,0.0,2.0,0.0,3.0,1.0,1.0,47.0,4.0,6.0,0.0,2.0,0.0,4.0,6.0,0.0,0.0,1.0,1.0,39.0,8.0,6.0,0.0,4.0,0.0,4.0,8.0,36.0,6.0,4.0,0.0,4.0,0.0,4.0,8.0,0.0,0.0,0.0,35.0,4.0,2.0,0.0,6.0,0.0,4.0,10.0,1.0,0.0,31.0,2.0,3.0,0.0,5.0,0.0,6.0,2.0,0.0,1.0,0.0,1.0,0.0,0.0,0.0,1.0,0.0,2.0,0.0,3.0,0.0,0.0,0.0,0.0,0.0,0.0,0.0,0.0,0.0,0.0,0.0,0.0,0.0,0.0,0.0,0.0,0.0,0.0,0.0,0.0,1.0,0.0,1.0,2.0,2.0,2.0,1.0,1.0,0.0,0.0,2.0,2.0,0.0,1.0,29.0,1.0,2.0,8.0,5.0,5.0,6.0,31.0,Cc1ccc(-c2cc(Br)ccc2OCc2ccc(F)cc2F)n1-c1cccc(C(=O)Nc2ccccc2)c1
CHEMBL390189,Active,25.0,4.0,4.0,0.0,2.0,3.0,32.0,8.0,5.0,0.0,4.0,0.0,2.0,6.0,0.0,0.0,0.0,0.0,32.0,6.0,9.0,0.0,5.0,0.0,2.0,7.0,0.0,31.0,6.0,8.0,0.0,2.0,0.0,2.0,4.0,1.0,0.0,36.0,4.0,6.0,0.0,2.0,0.0,3.0,4.0,1.0,37.0,5.0,7.0,0.0,2.0,0.0,4.0,6.0,0.0,0.0,1.0,1.0,29.0,4.0,10.0,0.0,4.0,0.0,4.0,8.0,24.0,4.0,6.0,0.0,4.0,0.0,4.0,8.0,0.0,0.0,0.0,20.0,3.0,4.0,0.0,6.0,0.0,4.0,10.0,2.0,0.0,15.0,1.0,4.0,0.0,5.0,0.0,6.0,1.0,0.0,2.0,0.0,1.0,0.0,0.0,0.0,1.0,1.0,2.0,1.0,3.0,0.0,0.0,0.0,0.0,0.0,0.0,0.0,0.0,0.0,0.0,0.0,0.0,0.0,0.0,0.0,0.0,0.0,0.0,0.0,0.0,0.0,0.0,2.0,2.0,2.0,3.0,2.0,1.0,0.0,0.0,2.0,2.0,0.0,1.0,23.0,1.0,2.0,8.0,5.0,5.0,4.0,24.0,Cc1ccc(-c2cc(Br)ccc2OCc2ccc(F)cc2F)n1-c1cc(N)cc(C(=O)O)c1
CHEMBL289568,Inactive,24.0,0.0,5.0,0.0,1.0,1.0,28.0,0.0,8.0,0.0,2.0,0.0,0.0,2.0,0.0,0.0,0.0,0.0,25.0,0.0,10.0,0.0,2.0,0.0,0.0,2.0,0.0,22.0,0.0,8.0,0.0,2.0,0.0,0.0,2.0,0.0,0.0,21.0,0.0,10.0,0.0,1.0,0.0,1.0,0.0,0.0,20.0,0.0,11.0,0.0,1.0,0.0,0.0,1.0,0.0,0.0,0.0,0.0,19.0,0.0,8.0,0.0,1.0,0.0,0.0,1.0,19.0,0.0,7.0,0.0,1.0,0.0,0.0,1.0,0.0,0.0,0.0,19.0,0.0,10.0,0.0,1.0,0.0,0.0,1.0,0.0,0.0,15.0,0.0,12.0,0.0,2.0,0.0,2.0,0.0,0.0,0.0,5.0,11.0,6.0,7.0,4.0,0.0,4.0,1.0,4.0,17.0,2.0,17.0,2.0,0.0,19.0,8.0,10.0,22.0,21.0,21.0,21.0,20.0,12.0,11.0,0.0,10.0,9.0,0.0,0.0,7.0,0.0,0.0,4.0,1.0,1.0,5.0,0.0,0.0,11.0,0.0,0.0,1.0,0.0,0.0,6.0,0.0,0.0,5.0,22.0,22.0,13.0,12.0,O=C(O)CCCCCCC1C(O)CC(O)C1CCC(O)CCc1cccc(F)c1
CHEMBL213669,Inactive,17.0,3.0,4.0,0.0,1.0,2.0,20.0,7.0,5.0,0.0,2.0,0.0,2.0,4.0,0.0,0.0,0.0,0.0,17.0,4.0,7.0,0.0,1.0,0.0,2.0,3.0,2.0,14.0,4.0,5.0,0.0,1.0,0.0,2.0,3.0,3.0,0.0,17.0,4.0,4.0,0.0,1.0,0.0,1.0,1.0,1.0,20.0,3.0,4.0,0.0,2.0,0.0,2.0,4.0,0.0,1.0,0.0,0.0,17.0,3.0,5.0,0.0,2.0,0.0,3.0,5.0,11.0,4.0,4.0,0.0,2.0,0.0,3.0,5.0,2.0,0.0,0.0,8.0,3.0,4.0,0.0,1.0,0.0,2.0,3.0,0.0,2.0,7.0,1.0,2.0,0.0,2.0,0.0,3.0,0.0,0.0,0.0,0.0,2.0,0.0,0.0,0.0,0.0,1.0,1.0,1.0,3.0,0.0,0.0,0.0,0.0,0.0,0.0,0.0,0.0,0.0,0.0,0.0,0.0,0.0,0.0,0.0,0.0,0.0,0.0,0.0,0.0,0.0,0.0,2.0,1.0,0.0,3.0,1.0,0.0,0.0,0.0,1.0,1.0,1.0,2.0,17.0,2.0,2.0,7.0,5.0,5.0,6.0,17.0,O=C(O)c1nn(Cc2cc(Br)ccc2OCc2ccccc2)cc1F
CHEMBL404760,Inactive,17.0,2.0,4.0,2.0,0.0,1.0,21.0,3.0,5.0,2.0,0.0,2.0,0.0,2.0,0.0,0.0,0.0,0.0,17.0,3.0,7.0,3.0,0.0,2.0,0.0,2.0,0.0,15.0,2.0,5.0,3.0,0.0,2.0,0.0,2.0,3.0,1.0,17.0,2.0,5.0,2.0,0.0,0.0,0.0,0.0,1.0,20.0,1.0,3.0,1.0,0.0,3.0,0.0,3.0,0.0,0.0,0.0,0.0,16.0,2.0,5.0,2.0,0.0,2.0,0.0,2.0,12.0,2.0,4.0,2.0,0.0,3.0,0.0,3.0,2.0,0.0,0.0,8.0,1.0,4.0,1.0,0.0,2.0,0.0,2.0,0.0,2.0,6.0,0.0,2.0,0.0,0.0,1.0,1.0,0.0,0.0,0.0,0.0,2.0,0.0,0.0,0.0,0.0,0.0,0.0,0.0,3.0,0.0,1.0,0.0,0.0,0.0,0.0,0.0,0.0,0.0,0.0,0.0,0.0,0.0,0.0,0.0,0.0,0.0,0.0,0.0,1.0,0.0,0.0,2.0,0.0,0.0,3.0,1.0,0.0,1.0,0.0,0.0,0.0,1.0,2.0,17.0,2.0,0.0,8.0,4.0,4.0,5.0,16.0,O=C([O-])Cc1csc(-c2cc(Cl)ccc2OCc2ccccc2)n1.[Na+]
CHEMBL270174,Inactive,20.0,2.0,4.0,0.0,0.0,1.0,24.0,4.0,5.0,0.0,0.0,2.0,0.0,2.0,0.0,0.0,0.0,0.0,22.0,2.0,7.0,0.0,0.0,2.0,0.0,2.0,2.0,18.0,2.0,8.0,0.0,0.0,2.0,0.0,2.0,0.0,0.0,20.0,2.0,6.0,0.0,0.0,1.0,1.0,1.0,1.0,23.0,2.0,4.0,0.0,0.0,2.0,0.0,2.0,0.0,1.0,0.0,0.0,21.0,1.0,6.0,0.0,0.0,3.0,0.0,3.0,15.0,2.0,4.0,0.0,0.0,4.0,0.0,4.0,2.0,0.0,0.0,10.0,2.0,4.0,0.0,0.0,2.0,0.0,2.0,0.0,2.0,9.0,1.0,2.0,0.0,0.0,1.0,1.0,0.0,0.0,0.0,0.0,2.0,0.0,0.0,0.0,0.0,1.0,0.0,1.0,3.0,0.0,0.0,0.0,0.0,0.0,0.0,0.0,0.0,0.0,0.0,0.0,0.0,0.0,0.0,0.0,0.0,0.0,0.0,0.0,0.0,0.0,0.0,2.0,0.0,0.0,3.0,1.0,0.0,1.0,0.0,1.0,0.0,1.0,1.0,18.0,1.0,2.0,6.0,5.0,5.0,6.0,18.0,O=C(O)c1cccc(Cc2cc(Cl)ccc2OCc2ccccc2)n1
CHEMBL403460,Inactive,17.0,3.0,4.0,0.0,0.0,1.0,20.0,7.0,5.0,0.0,0.0,2.0,0.0,2.0,0.0,0.0,0.0,0.0,17.0,4.0,7.0,0.0,0.0,2.0,0.0,2.0,2.0,14.0,4.0,5.0,0.0,0.0,2.0,0.0,2.0,3.0,0.0,17.0,4.0,4.0,0.0,0.0,0.0,0.0,1.0,1.0,20.0,3.0,4.0,0.0,0.0,2.0,0.0,2.0,0.0,1.0,0.0,0.0,17.0,3.0,5.0,0.0,0.0,3.0,0.0,3.0,11.0,4.0,4.0,0.0,0.0,3.0,0.0,3.0,2.0,0.0,0.0,8.0,3.0,4.0,0.0,0.0,2.0,0.0,2.0,0.0,2.0,7.0,1.0,2.0,0.0,0.0,1.0,1.0,0.0,0.0,0.0,0.0,2.0,0.0,0.0,0.0,0.0,0.0,0.0,0.0,3.0,0.0,0.0,0.0,0.0,0.0,0.0,0.0,0.0,0.0,0.0,0.0,0.0,0.0,0.0,0.0,0.0,0.0,0.0,0.0,0.0,0.0,0.0,2.0,0.0,0.0,3.0,1.0,0.0,0.0,0.0,1.0,0.0,1.0,2.0,17.0,2.0,2.0,7.0,4.0,4.0,6.0,17.0,O=C([O-])c1ccn(Cc2cc(Cl)ccc2OCc2ccccc2)n1.[Na+]
CHEMBL209078,Active,25.0,3.0,4.0,0.0,2.0,3.0,32.0,6.0,5.0,0.0,4.0,0.0,2.0,6.0,0.0,0.0,0.0,0.0,32.0,4.0,9.0,0.0,5.0,0.0,2.0,7.0,0.0,31.0,4.0,8.0,0.0,3.0,0.0,2.0,5.0,1.0,0.0,36.0,2.0,6.0,0.0,1.0,0.0,2.0,2.0,2.0,37.0,1.0,7.0,0.0,3.0,0.0,4.0,7.0,0.0,0.0,0.0,0.0,29.0,2.0,10.0,0.0,5.0,0.0,4.0,9.0,24.0,2.0,6.0,0.0,5.0,0.0,4.0,9.0,0.0,0.0,0.0,20.0,1.0,4.0,0.0,5.0,0.0,4.0,9.0,2.0,0.0,15.0,0.0,4.0,0.0,6.0,0.0,7.0,0.0,0.0,2.0,0.0,1.0,0.0,0.0,0.0,1.0,1.0,2.0,1.0,3.0,0.0,0.0,0.0,0.0,0.0,0.0,0.0,0.0,0.0,0.0,0.0,0.0,0.0,0.0,0.0,0.0,0.0,0.0,0.0,0.0,0.0,0.0,2.0,2.0,2.0,3.0,2.0,1.0,0.0,0.0,2.0,2.0,0.0,1.0,23.0,1.0,2.0,7.0,4.0,4.0,4.0,24.0,Cc1ccc(-c2cc(Br)ccc2OCc2cc(F)ccc2F)n1-c1cccc(C(=O)O)c1
CHEMBL233159,Inactive,31.0,7.0,2.0,0.0,2.0,3.0,40.0,12.0,3.0,0.0,4.0,0.0,2.0,6.0,0.0,0.0,0.0,0.0,39.0,12.0,5.0,0.0,5.0,0.0,2.0,7.0,0.0,39.0,10.0,4.0,0.0,2.0,0.0,2.0,4.0,1.0,0.0,46.0,4.0,4.0,0.0,2.0,0.0,3.0,0.0,1.0,47.0,7.0,3.0,0.0,2.0,0.0,4.0,6.0,0.0,0.0,1.0,1.0,39.0,12.0,2.0,0.0,4.0,0.0,4.0,8.0,38.0,8.0,2.0,0.0,4.0,0.0,4.0,8.0,0.0,0.0,0.0,36.0,5.0,0.0,0.0,6.0,0.0,4.0,10.0,0.0,0.0,31.0,4.0,2.0,0.0,5.0,0.0,6.0,3.0,0.0,0.0,0.0,1.0,0.0,0.0,0.0,1.0,0.0,2.0,0.0,2.0,0.0,0.0,0.0,0.0,0.0,0.0,0.0,0.0,0.0,0.0,0.0,0.0,0.0,0.0,0.0,0.0,0.0,0.0,0.0,0.0,0.0,0.0,1.0,2.0,2.0,1.0,1.0,1.0,0.0,0.0,0.0,2.0,1.0,3.0,32.0,3.0,0.0,9.0,5.0,5.0,3.0,31.0,Cc1ccc(-c2cc(Br)ccc2OCc2ccc(F)cc2F)n1-c1cccc(-c2nc3ccccc3[nH]2)c1
CHEMBL391931,Inactive,33.0,5.0,3.0,0.0,0.0,1.0,42.0,9.0,4.0,0.0,0.0,2.0,0.0,2.0,1.0,0.0,0.0,0.0,42.0,8.0,8.0,0.0,0.0,2.0,0.0,2.0,0.0,40.0,8.0,8.0,0.0,0.0,2.0,0.0,2.0,1.0,0.0,47.0,4.0,7.0,0.0,0.0,1.0,1.0,1.0,1.0,49.0,4.0,7.0,0.0,0.0,4.0,0.0,4.0,0.0,0.0,0.0,0.0,42.0,8.0,7.0,0.0,0.0,4.0,0.0,4.0,40.0,6.0,4.0,0.0,0.0,4.0,0.0,4.0,0.0,0.0,0.0,38.0,5.0,2.0,0.0,0.0,4.0,0.0,4.0,1.0,0.0,34.0,3.0,3.0,0.0,0.0,1.0,1.0,1.0,1.0,1.0,1.0,1.0,0.0,0.0,0.0,2.0,0.0,0.0,0.0,5.0,0.0,1.0,0.0,0.0,0.0,0.0,0.0,0.0,0.0,0.0,0.0,0.0,0.0,0.0,0.0,0.0,0.0,1.0,1.0,0.0,2.0,1.0,1.0,0.0,0.0,2.0,1.0,2.0,0.0,0.0,2.0,0.0,0.0,1.0,29.0,1.0,2.0,8.0,7.0,7.0,7.0,32.0,Cc1ccc(-c2cc(Cl)ccc2OCc2ccccc2)n1-c1cccc(C(=O)NC(C)c2ccccc2)c1
CHEMBL255319,Inactive,11.0,8.0,3.0,2.0,0.0,1.0,20.0,6.0,3.0,1.0,0.0,2.0,0.0,2.0,1.0,0.0,0.0,0.0,15.0,9.0,6.0,3.0,0.0,2.0,0.0,2.0,2.0,16.0,7.0,4.0,3.0,0.0,1.0,0.0,1.0,1.0,2.0,14.0,8.0,3.0,3.0,0.0,3.0,3.0,2.0,0.0,15.0,2.0,5.0,1.0,0.0,1.0,0.0,1.0,1.0,1.0,0.0,0.0,7.0,4.0,8.0,2.0,0.0,2.0,0.0,2.0,5.0,1.0,7.0,0.0,0.0,3.0,0.0,3.0,0.0,0.0,0.0,2.0,0.0,2.0,0.0,0.0,0.0,0.0,0.0,2.0,2.0,0.0,0.0,4.0,0.0,0.0,0.0,0.0,0.0,0.0,0.0,0.0,0.0,0.0,0.0,0.0,2.0,0.0,0.0,0.0,4.0,0.0,0.0,0.0,0.0,0.0,0.0,0.0,0.0,0.0,0.0,0.0,0.0,0.0,0.0,0.0,0.0,0.0,0.0,0.0,0.0,3.0,3.0,1.0,0.0,0.0,3.0,0.0,0.0,0.0,0.0,2.0,0.0,1.0,3.0,14.0,3.0,4.0,13.0,2.0,2.0,3.0,15.0,CN(C)C(=O)c1cn(-c2nc(C(=O)[O-])cs2)c2cc(Cl)ccc12.[Na+]
CHEMBL397687,Active,27.0,0.0,4.0,0.0,0.0,1.0,36.0,0.0,5.0,0.0,0.0,0.0,2.0,2.0,0.0,0.0,0.0,0.0,33.0,0.0,9.0,0.0,0.0,0.0,2.0,2.0,0.0,32.0,0.0,9.0,0.0,0.0,0.0,2.0,2.0,0.0,0.0,34.0,0.0,8.0,0.0,0.0,0.0,2.0,0.0,1.0,34.0,0.0,6.0,0.0,0.0,0.0,4.0,4.0,0.0,0.0,0.0,0.0,29.0,0.0,8.0,0.0,0.0,0.0,3.0,3.0,25.0,0.0,6.0,0.0,0.0,0.0,4.0,4.0,0.0,0.0,0.0,19.0,0.0,4.0,0.0,0.0,0.0,4.0,4.0,2.0,0.0,13.0,0.0,4.0,0.0,0.0,0.0,1.0,0.0,0.0,2.0,0.0,4.0,0.0,2.0,1.0,0.0,1.0,0.0,1.0,7.0,0.0,4.0,0.0,2.0,3.0,0.0,0.0,2.0,1.0,0.0,0.0,0.0,0.0,0.0,0.0,0.0,0.0,0.0,0.0,0.0,0.0,0.0,2.0,0.0,0.0,3.0,2.0,0.0,3.0,0.0,2.0,0.0,0.0,0.0,18.0,0.0,6.0,4.0,7.0,7.0,6.0,21.0,O=C(O)c1cccc(C2=C(c3cc(Br)ccc3OCc3ccccc3)CCC2)c1
CHEMBL273145,Inactive,18.0,2.0,6.0,0.0,0.0,1.0,21.0,3.0,8.0,0.0,0.0,2.0,0.0,2.0,1.0,0.0,0.0,0.0,18.0,2.0,10.0,0.0,0.0,2.0,0.0,2.0,2.0,14.0,2.0,12.0,0.0,0.0,1.0,0.0,1.0,0.0,0.0,19.0,2.0,5.0,0.0,0.0,1.0,1.0,1.0,1.0,21.0,2.0,6.0,0.0,0.0,2.0,0.0,2.0,0.0,1.0,0.0,0.0,19.0,1.0,8.0,0.0,0.0,3.0,0.0,3.0,14.0,2.0,5.0,0.0,0.0,4.0,0.0,4.0,2.0,0.0,0.0,10.0,2.0,4.0,0.0,0.0,2.0,0.0,2.0,0.0,2.0,9.0,1.0,2.0,0.0,0.0,1.0,1.0,0.0,0.0,0.0,0.0,1.0,0.0,0.0,0.0,0.0,1.0,0.0,1.0,2.0,0.0,0.0,0.0,0.0,0.0,0.0,0.0,0.0,0.0,0.0,0.0,0.0,0.0,0.0,0.0,0.0,0.0,0.0,0.0,0.0,0.0,0.0,2.0,0.0,0.0,4.0,1.0,0.0,0.0,0.0,1.0,0.0,1.0,1.0,18.0,1.0,2.0,8.0,3.0,3.0,6.0,18.0,O=C(O)c1cccc(Oc2cc(Cl)ccc2OCc2ccccc2)n1
CHEMBL407175,Active,20.0,0.0,6.0,0.0,0.0,1.0,25.0,0.0,9.0,0.0,0.0,2.0,0.0,2.0,0.0,0.0,0.0,0.0,22.0,0.0,9.0,0.0,0.0,2.0,0.0,2.0,0.0,18.0,0.0,10.0,0.0,0.0,2.0,0.0,2.0,0.0,0.0,21.0,0.0,8.0,0.0,0.0,1.0,1.0,0.0,1.0,23.0,0.0,7.0,0.0,0.0,2.0,0.0,2.0,0.0,0.0,0.0,1.0,21.0,0.0,6.0,0.0,0.0,4.0,0.0,4.0,14.0,0.0,6.0,0.0,0.0,3.0,0.0,3.0,2.0,0.0,0.0,11.0,0.0,6.0,0.0,0.0,2.0,0.0,2.0,0.0,2.0,9.0,0.0,3.0,0.0,0.0,1.0,1.0,0.0,0.0,0.0,0.0,2.0,0.0,0.0,0.0,1.0,0.0,0.0,0.0,4.0,0.0,0.0,0.0,0.0,0.0,0.0,0.0,0.0,0.0,0.0,0.0,0.0,0.0,0.0,0.0,0.0,0.0,0.0,0.0,0.0,0.0,0.0,2.0,0.0,0.0,3.0,1.0,1.0,1.0,0.0,1.0,0.0,0.0,1.0,17.0,1.0,2.0,6.0,5.0,5.0,6.0,17.0,Cc1cc(C(=O)[O-])oc1Cc1cc(Cl)ccc1OCc1ccccc1.[Na+]
CHEMBL255928,Inactive,19.0,3.0,2.0,0.0,0.0,1.0,26.0,5.0,2.0,0.0,0.0,2.0,0.0,2.0,0.0,0.0,0.0,0.0,25.0,5.0,4.0,0.0,0.0,2.0,0.0,2.0,0.0,25.0,4.0,4.0,0.0,0.0,1.0,0.0,1.0,0.0,0.0,25.0,2.0,2.0,0.0,0.0,3.0,3.0,2.0,0.0,23.0,0.0,4.0,0.0,0.0,3.0,0.0,3.0,0.0,0.0,0.0,0.0,16.0,0.0,6.0,0.0,0.0,3.0,0.0,3.0,8.0,0.0,6.0,0.0,0.0,4.0,0.0,4.0,0.0,0.0,0.0,4.0,0.0,4.0,0.0,0.0,0.0,0.0,0.0,0.0,2.0,0.0,0.0,4.0,0.0,0.0,0.0,0.0,0.0,0.0,0.0,1.0,1.0,1.0,0.0,0.0,2.0,0.0,0.0,0.0,5.0,0.0,3.0,1.0,0.0,3.0,0.0,0.0,0.0,0.0,0.0,0.0,0.0,0.0,0.0,0.0,0.0,0.0,0.0,0.0,0.0,0.0,0.0,1.0,0.0,0.0,2.0,1.0,2.0,1.0,0.0,2.0,0.0,0.0,1.0,15.0,1.0,2.0,5.0,4.0,4.0,3.0,17.0,CC(C)Cc1cn(-c2cccc(C(=O)[O-])c2)c2cc(Cl)ccc12.[Na+]
CHEMBL234946,Active,28.0,6.0,5.0,0.0,2.0,3.0,37.0,10.0,6.0,0.0,4.0,0.0,2.0,6.0,1.0,0.0,0.0,0.0,38.0,6.0,12.0,0.0,5.0,0.0,2.0,7.0,0.0,39.0,6.0,10.0,0.0,2.0,0.0,2.0,4.0,1.0,0.0,44.0,6.0,8.0,0.0,2.0,0.0,3.0,4.0,1.0,45.0,7.0,13.0,0.0,2.0,0.0,4.0,6.0,1.0,0.0,1.0,1.0,41.0,4.0,16.0,0.0,4.0,0.0,4.0,8.0,36.0,4.0,10.0,0.0,4.0,0.0,4.0,8.0,0.0,0.0,0.0,28.0,3.0,8.0,0.0,6.0,0.0,4.0,10.0,2.0,0.0,23.0,1.0,8.0,0.0,5.0,0.0,8.0,1.0,0.0,2.0,0.0,4.0,0.0,2.0,1.0,1.0,1.0,2.0,1.0,7.0,0.0,3.0,0.0,0.0,2.0,0.0,0.0,1.0,0.0,0.0,0.0,0.0,0.0,0.0,1.0,0.0,0.0,2.0,2.0,0.0,2.0,1.0,2.0,2.0,2.0,4.0,2.0,1.0,2.0,0.0,2.0,2.0,0.0,1.0,23.0,2.0,2.0,11.0,8.0,8.0,5.0,26.0,Cc1ccc(-c2cc(Br)ccc2OCc2ccc(F)cc2F)n1-c1cc(C(=O)O)cc(N2CCCC2=O)c1
CHEMBL458452,Active,29.0,2.0,7.0,0.0,0.0,1.0,39.0,3.0,7.0,0.0,0.0,2.0,0.0,2.0,1.0,0.0,0.0,0.0,40.0,2.0,10.0,0.0,0.0,2.0,0.0,2.0,1.0,38.0,4.0,13.0,0.0,0.0,2.0,0.0,2.0,0.0,0.0,44.0,2.0,12.0,0.0,0.0,2.0,2.0,2.0,1.0,45.0,3.0,14.0,0.0,0.0,4.0,0.0,4.0,0.0,0.0,0.0,0.0,40.0,3.0,15.0,0.0,0.0,4.0,0.0,4.0,35.0,2.0,13.0,0.0,0.0,4.0,0.0,4.0,2.0,0.0,0.0,28.0,2.0,13.0,0.0,0.0,4.0,0.0,4.0,2.0,0.0,22.0,1.0,10.0,0.0,0.0,2.0,2.0,0.0,2.0,2.0,0.0,2.0,0.0,0.0,0.0,1.0,1.0,0.0,1.0,5.0,0.0,1.0,0.0,0.0,0.0,0.0,0.0,0.0,0.0,0.0,0.0,0.0,0.0,0.0,0.0,0.0,0.0,1.0,0.0,1.0,1.0,0.0,4.0,0.0,0.0,5.0,2.0,0.0,0.0,0.0,2.0,0.0,0.0,0.0,24.0,0.0,2.0,9.0,8.0,8.0,8.0,27.0,COCC(=O)Nc1cc(C(=O)O)cc(-c2ccccc2-c2cc(Cl)ccc2OCc2ccccc2)c1
CHEMBL3127168,Inactive,17.0,5.0,2.0,2.0,3.0,3.0,23.0,9.0,2.0,1.0,3.0,0.0,0.0,3.0,0.0,3.0,3.0,3.0,20.0,10.0,2.0,2.0,6.0,0.0,0.0,6.0,2.0,16.0,13.0,2.0,3.0,6.0,0.0,0.0,6.0,0.0,2.0,21.0,7.0,0.0,3.0,3.0,0.0,3.0,2.0,0.0,20.0,5.0,2.0,3.0,3.0,0.0,0.0,3.0,2.0,0.0,0.0,0.0,16.0,3.0,6.0,2.0,3.0,0.0,0.0,3.0,11.0,1.0,6.0,1.0,6.0,0.0,0.0,6.0,0.0,0.0,0.0,5.0,1.0,6.0,1.0,9.0,0.0,0.0,9.0,0.0,0.0,3.0,0.0,4.0,0.0,3.0,0.0,3.0,3.0,0.0,0.0,0.0,0.0,0.0,0.0,0.0,0.0,1.0,3.0,1.0,2.0,0.0,0.0,0.0,0.0,0.0,0.0,0.0,0.0,0.0,0.0,0.0,0.0,0.0,0.0,0.0,0.0,0.0,0.0,0.0,0.0,0.0,0.0,1.0,3.0,0.0,2.0,0.0,0.0,0.0,3.0,0.0,0.0,2.0,4.0,20.0,4.0,2.0,9.0,1.0,1.0,2.0,19.0,O=C(O)c1csc(-n2nc(-c3ccc(C(F)(F)F)cc3)c3ccccc32)n1
CHEMBL1915251,Inactive,18.0,6.0,5.0,0.0,0.0,1.0,22.0,14.0,7.0,0.0,0.0,2.0,0.0,2.0,1.0,0.0,0.0,0.0,23.0,9.0,6.0,0.0,0.0,2.0,0.0,2.0,3.0,23.0,6.0,4.0,0.0,0.0,3.0,0.0,3.0,3.0,0.0,20.0,10.0,6.0,0.0,0.0,1.0,1.0,1.0,1.0,21.0,11.0,5.0,0.0,0.0,2.0,0.0,2.0,0.0,1.0,0.0,0.0,18.0,8.0,4.0,0.0,0.0,5.0,0.0,5.0,14.0,6.0,3.0,0.0,0.0,1.0,0.0,1.0,1.0,0.0,0.0,13.0,5.0,5.0,0.0,0.0,0.0,0.0,0.0,0.0,1.0,10.0,4.0,4.0,0.0,0.0,0.0,0.0,1.0,0.0,0.0,1.0,5.0,0.0,2.0,0.0,3.0,0.0,0.0,0.0,10.0,0.0,4.0,0.0,0.0,1.0,0.0,0.0,0.0,0.0,0.0,0.0,0.0,0.0,0.0,0.0,0.0,0.0,2.0,2.0,2.0,3.0,1.0,2.0,0.0,0.0,2.0,0.0,3.0,0.0,0.0,1.0,0.0,1.0,3.0,14.0,5.0,2.0,11.0,14.0,14.0,6.0,16.0,Cc1cc(C(=O)NN2CCOCC2)nn1Cc1cc(Cl)cc2cc(C(C)C)oc12
CHEMBL390190,Active,26.0,5.0,5.0,0.0,1.0,2.0,33.0,9.0,6.0,0.0,2.0,2.0,0.0,4.0,1.0,0.0,0.0,0.0,35.0,6.0,10.0,0.0,2.0,2.0,0.0,4.0,0.0,35.0,6.0,10.0,0.0,1.0,2.0,0.0,3.0,1.0,0.0,40.0,5.0,8.0,0.0,1.0,1.0,2.0,4.0,1.0,41.0,6.0,11.0,0.0,0.0,4.0,0.0,4.0,1.0,0.0,1.0,1.0,35.0,4.0,14.0,0.0,1.0,4.0,0.0,5.0,30.0,4.0,10.0,0.0,2.0,4.0,0.0,6.0,0.0,0.0,0.0,24.0,3.0,7.0,0.0,3.0,4.0,0.0,7.0,2.0,0.0,19.0,1.0,7.0,0.0,2.0,2.0,4.0,1.0,2.0,2.0,0.0,1.0,0.0,0.0,0.0,2.0,1.0,1.0,1.0,5.0,0.0,1.0,0.0,0.0,0.0,0.0,0.0,0.0,0.0,0.0,0.0,0.0,0.0,0.0,0.0,0.0,0.0,1.0,0.0,0.0,1.0,0.0,2.0,1.0,1.0,4.0,2.0,2.0,0.0,0.0,2.0,1.0,0.0,1.0,23.0,1.0,2.0,10.0,7.0,7.0,6.0,26.0,CC(=O)Nc1cc(C(=O)O)cc(-n2c(C)ccc2-c2cc(Cl)ccc2OCc2ccc(F)cc2)c1
CHEMBL234302,Active,25.0,4.0,4.0,0.0,0.0,1.0,32.0,8.0,5.0,0.0,0.0,0.0,2.0,2.0,0.0,0.0,0.0,0.0,32.0,6.0,9.0,0.0,0.0,0.0,2.0,2.0,0.0,31.0,6.0,8.0,0.0,0.0,0.0,2.0,2.0,1.0,0.0,36.0,4.0,6.0,0.0,0.0,0.0,1.0,4.0,1.0,37.0,5.0,7.0,0.0,0.0,0.0,4.0,4.0,0.0,0.0,0.0,0.0,29.0,4.0,10.0,0.0,0.0,0.0,4.0,4.0,24.0,4.0,6.0,0.0,0.0,0.0,4.0,4.0,0.0,0.0,0.0,20.0,3.0,4.0,0.0,0.0,0.0,4.0,4.0,2.0,0.0,15.0,1.0,4.0,0.0,0.0,0.0,1.0,0.0,0.0,2.0,0.0,1.0,0.0,0.0,0.0,1.0,1.0,0.0,1.0,3.0,0.0,0.0,0.0,0.0,0.0,0.0,0.0,0.0,0.0,0.0,0.0,0.0,0.0,0.0,0.0,0.0,0.0,0.0,0.0,0.0,0.0,0.0,2.0,0.0,0.0,3.0,2.0,1.0,0.0,0.0,2.0,0.0,0.0,1.0,23.0,1.0,2.0,8.0,5.0,5.0,4.0,24.0,Cc1ccc(-c2cc(Br)ccc2OCc2ccccc2)n1-c1cc(N)cc(C(=O)O)c1
CHEMBL395310,Active,25.0,3.0,4.0,0.0,2.0,3.0,32.0,6.0,5.0,0.0,4.0,0.0,2.0,6.0,0.0,0.0,0.0,0.0,32.0,4.0,9.0,0.0,4.0,0.0,2.0,6.0,0.0,31.0,4.0,8.0,0.0,4.0,0.0,2.0,6.0,1.0,0.0,36.0,2.0,6.0,0.0,6.0,0.0,7.0,2.0,1.0,37.0,1.0,7.0,0.0,2.0,0.0,4.0,6.0,0.0,0.0,3.0,3.0,29.0,2.0,10.0,0.0,3.0,0.0,4.0,7.0,24.0,2.0,6.0,0.0,4.0,0.0,4.0,8.0,0.0,0.0,0.0,20.0,1.0,4.0,0.0,4.0,0.0,4.0,8.0,2.0,0.0,15.0,0.0,4.0,0.0,4.0,0.0,5.0,1.0,0.0,2.0,0.0,1.0,0.0,0.0,0.0,1.0,1.0,2.0,1.0,3.0,0.0,0.0,0.0,0.0,0.0,0.0,0.0,0.0,0.0,0.0,0.0,0.0,0.0,0.0,0.0,0.0,0.0,0.0,0.0,0.0,0.0,0.0,2.0,2.0,2.0,3.0,2.0,1.0,0.0,0.0,2.0,2.0,0.0,1.0,23.0,1.0,2.0,7.0,4.0,4.0,4.0,24.0,Cc1ccc(-c2cc(Br)ccc2OCc2ccc(F)cc2)n1-c1cc(C(=O)O)ccc1F
CHEMBL230873,Active,26.0,3.0,4.0,0.0,2.0,2.0,34.0,6.0,5.0,0.0,4.0,0.0,0.0,4.0,0.0,0.0,0.0,0.0,34.0,4.0,9.0,0.0,5.0,0.0,0.0,5.0,0.0,33.0,4.0,8.0,0.0,2.0,0.0,0.0,2.0,1.0,0.0,37.0,3.0,7.0,0.0,1.0,0.0,1.0,2.0,0.0,41.0,1.0,7.0,0.0,2.0,0.0,0.0,2.0,0.0,0.0,1.0,1.0,33.0,2.0,10.0,0.0,5.0,0.0,0.0,5.0,28.0,2.0,6.0,0.0,4.0,0.0,0.0,4.0,0.0,0.0,0.0,24.0,1.0,4.0,0.0,5.0,0.0,0.0,5.0,2.0,1.0,16.0,0.0,6.0,0.0,5.0,0.0,5.0,1.0,0.0,0.0,0.0,1.0,0.0,0.0,0.0,2.0,1.0,2.0,1.0,4.0,0.0,0.0,0.0,0.0,0.0,0.0,0.0,0.0,0.0,0.0,0.0,0.0,0.0,0.0,0.0,0.0,0.0,0.0,0.0,0.0,0.0,0.0,2.0,2.0,2.0,3.0,2.0,2.0,0.0,0.0,2.0,2.0,0.0,1.0,23.0,1.0,2.0,7.0,5.0,5.0,4.0,24.0,Cc1ccc(OCc2ccc(F)cc2)c(-c2ccc(C)n2-c2ccc(F)c(C(=O)O)c2)c1
CHEMBL369797,Inactive,19.0,0.0,5.0,4.0,0.0,0.0,22.0,0.0,8.0,4.0,0.0,0.0,0.0,0.0,0.0,0.0,0.0,0.0,18.0,0.0,9.0,4.0,0.0,0.0,0.0,0.0,0.0,19.0,0.0,8.0,2.0,0.0,0.0,0.0,0.0,0.0,0.0,18.0,0.0,9.0,2.0,0.0,0.0,0.0,0.0,0.0,16.0,0.0,11.0,3.0,0.0,0.0,0.0,0.0,0.0,0.0,0.0,0.0,14.0,0.0,6.0,4.0,0.0,0.0,0.0,0.0,15.0,0.0,6.0,3.0,0.0,0.0,0.0,0.0,0.0,0.0,0.0,14.0,0.0,9.0,4.0,0.0,0.0,0.0,0.0,0.0,0.0,11.0,0.0,11.0,2.0,0.0,0.0,0.0,0.0,0.0,0.0,5.0,10.0,6.0,6.0,4.0,0.0,4.0,0.0,4.0,16.0,2.0,16.0,2.0,0.0,18.0,8.0,10.0,21.0,20.0,20.0,19.0,17.0,12.0,11.0,0.0,10.0,8.0,0.0,0.0,7.0,0.0,0.0,4.0,0.0,0.0,5.0,0.0,0.0,9.0,0.0,0.0,0.0,0.0,1.0,5.0,1.0,0.0,9.0,21.0,21.0,13.0,10.0,O=C(O)CCCCCCC1C(O)CC(O)C1CCC(O)CSc1cccs1
CHEMBL515697,Inactive,29.0,0.0,4.0,0.0,0.0,0.0,39.0,0.0,5.0,0.0,0.0,0.0,0.0,0.0,0.0,0.0,0.0,0.0,40.0,0.0,9.0,0.0,0.0,0.0,0.0,0.0,0.0,37.0,0.0,11.0,0.0,0.0,0.0,0.0,0.0,0.0,0.0,41.0,0.0,8.0,0.0,0.0,0.0,0.0,0.0,0.0,41.0,0.0,7.0,0.0,0.0,0.0,0.0,0.0,0.0,0.0,0.0,0.0,35.0,0.0,9.0,0.0,0.0,0.0,0.0,0.0,28.0,0.0,8.0,0.0,0.0,0.0,0.0,0.0,0.0,0.0,0.0,22.0,0.0,4.0,0.0,0.0,0.0,0.0,0.0,2.0,0.0,17.0,0.0,4.0,0.0,0.0,0.0,0.0,0.0,0.0,0.0,0.0,1.0,0.0,0.0,0.0,1.0,1.0,0.0,1.0,3.0,0.0,0.0,0.0,0.0,0.0,0.0,0.0,0.0,0.0,0.0,0.0,0.0,0.0,0.0,0.0,0.0,0.0,0.0,0.0,0.0,0.0,0.0,2.0,0.0,0.0,3.0,2.0,1.0,0.0,0.0,3.0,0.0,0.0,0.0,24.0,0.0,2.0,4.0,4.0,4.0,4.0,25.0,Cc1c(C(=O)O)cccc1-c1ccccc1-c1ccccc1OCc1ccccc1
CHEMBL456919,Inactive,28.0,0.0,4.0,0.0,0.0,1.0,37.0,0.0,5.0,0.0,0.0,2.0,0.0,2.0,0.0,0.0,0.0,0.0,36.0,0.0,9.0,0.0,0.0,2.0,0.0,2.0,0.0,33.0,0.0,9.0,0.0,0.0,2.0,0.0,2.0,0.0,0.0,37.0,0.0,6.0,0.0,0.0,2.0,2.0,0.0,1.0,37.0,0.0,5.0,0.0,0.0,4.0,0.0,4.0,0.0,0.0,0.0,0.0,33.0,0.0,6.0,0.0,0.0,4.0,0.0,4.0,27.0,0.0,7.0,0.0,0.0,4.0,0.0,4.0,0.0,0.0,0.0,21.0,0.0,7.0,0.0,0.0,3.0,0.0,3.0,0.0,0.0,16.0,0.0,4.0,0.0,0.0,2.0,2.0,0.0,0.0,0.0,0.0,1.0,0.0,0.0,0.0,0.0,1.0,0.0,1.0,2.0,0.0,0.0,0.0,0.0,0.0,0.0,0.0,0.0,0.0,0.0,0.0,0.0,0.0,0.0,0.0,0.0,0.0,0.0,0.0,0.0,0.0,0.0,2.0,0.0,0.0,3.0,2.0,0.0,0.0,0.0,2.0,0.0,0.0,0.0,24.0,0.0,2.0,4.0,3.0,3.0,4.0,25.0,O=C(O)c1ccc(-c2ccccc2-c2cc(Cl)ccc2OCc2ccccc2)cc1
CHEMBL2110364,Active,18.0,3.0,4.0,0.0,0.0,3.0,21.0,8.0,5.0,0.0,0.0,4.0,2.0,6.0,0.0,0.0,0.0,0.0,19.0,5.0,7.0,0.0,0.0,5.0,2.0,7.0,2.0,16.0,4.0,5.0,0.0,0.0,2.0,2.0,4.0,3.0,0.0,19.0,4.0,6.0,0.0,0.0,2.0,2.0,1.0,1.0,22.0,3.0,5.0,0.0,0.0,2.0,2.0,4.0,0.0,1.0,0.0,1.0,19.0,3.0,5.0,0.0,0.0,4.0,4.0,8.0,12.0,4.0,4.0,0.0,0.0,3.0,3.0,6.0,2.0,0.0,0.0,10.0,3.0,4.0,0.0,0.0,4.0,2.0,6.0,0.0,2.0,9.0,1.0,2.0,0.0,0.0,4.0,5.0,1.0,0.0,0.0,0.0,2.0,0.0,0.0,0.0,1.0,0.0,0.0,0.0,4.0,0.0,0.0,0.0,0.0,0.0,0.0,0.0,0.0,0.0,0.0,0.0,0.0,0.0,0.0,0.0,0.0,0.0,0.0,0.0,0.0,0.0,0.0,2.0,0.0,0.0,3.0,1.0,1.0,0.0,0.0,1.0,0.0,1.0,2.0,17.0,2.0,2.0,7.0,5.0,5.0,6.0,17.0,Cc1cc(C(=O)[O-])nn1Cc1cc(Br)ccc1OCc1ccc(Cl)cc1Cl.[Na+]
CHEMBL511733,Inactive,20.0,2.0,4.0,0.0,1.0,2.0,24.0,4.0,5.0,0.0,2.0,2.0,0.0,4.0,0.0,0.0,0.0,0.0,22.0,2.0,7.0,0.0,2.0,2.0,0.0,4.0,2.0,18.0,2.0,8.0,0.0,1.0,2.0,0.0,3.0,0.0,0.0,20.0,2.0,6.0,0.0,1.0,1.0,2.0,1.0,1.0,23.0,2.0,4.0,0.0,0.0,2.0,0.0,2.0,0.0,1.0,1.0,1.0,21.0,1.0,6.0,0.0,1.0,3.0,0.0,4.0,15.0,2.0,4.0,0.0,2.0,4.0,0.0,6.0,2.0,0.0,0.0,10.0,2.0,4.0,0.0,3.0,2.0,0.0,5.0,0.0,2.0,9.0,1.0,2.0,0.0,2.0,1.0,3.0,0.0,0.0,0.0,0.0,2.0,0.0,0.0,0.0,0.0,0.0,1.0,0.0,3.0,0.0,0.0,0.0,0.0,0.0,0.0,0.0,0.0,0.0,0.0,0.0,0.0,0.0,0.0,0.0,0.0,0.0,0.0,0.0,0.0,0.0,0.0,2.0,1.0,1.0,3.0,1.0,0.0,1.0,0.0,1.0,1.0,1.0,1.0,18.0,1.0,2.0,6.0,4.0,4.0,6.0,18.0,O=C([O-])c1cccc(Cc2cc(Cl)ccc2OCc2ccc(F)cc2)n1.[Na+]
CHEMBL466102,Inactive,20.0,2.0,4.0,0.0,3.0,4.0,24.0,4.0,5.0,0.0,6.0,2.0,0.0,8.0,0.0,0.0,0.0,0.0,22.0,2.0,7.0,0.0,8.0,2.0,0.0,10.0,2.0,18.0,2.0,8.0,0.0,3.0,2.0,0.0,5.0,0.0,0.0,20.0,2.0,6.0,0.0,3.0,1.0,4.0,1.0,1.0,23.0,2.0,4.0,0.0,4.0,2.0,0.0,6.0,0.0,1.0,1.0,1.0,21.0,1.0,6.0,0.0,7.0,3.0,0.0,10.0,15.0,2.0,4.0,0.0,6.0,4.0,0.0,10.0,2.0,0.0,0.0,10.0,2.0,4.0,0.0,5.0,2.0,0.0,7.0,0.0,2.0,9.0,1.0,2.0,0.0,6.0,1.0,7.0,0.0,0.0,0.0,0.0,2.0,0.0,0.0,0.0,0.0,0.0,3.0,0.0,3.0,0.0,0.0,0.0,0.0,0.0,0.0,0.0,0.0,0.0,0.0,0.0,0.0,0.0,0.0,0.0,0.0,0.0,0.0,0.0,0.0,0.0,0.0,2.0,3.0,3.0,3.0,1.0,0.0,1.0,0.0,1.0,3.0,1.0,1.0,18.0,1.0,2.0,6.0,4.0,4.0,6.0,18.0,O=C([O-])c1cccc(Cc2cc(Cl)ccc2OCc2c(F)cc(F)cc2F)n1.[Na+]
CHEMBL466103,Inactive,20.0,2.0,4.0,0.0,0.0,2.0,24.0,4.0,5.0,0.0,0.0,4.0,0.0,4.0,0.0,0.0,0.0,0.0,22.0,2.0,7.0,0.0,0.0,5.0,0.0,5.0,2.0,18.0,2.0,8.0,0.0,0.0,3.0,0.0,3.0,0.0,0.0,20.0,2.0,6.0,0.0,0.0,2.0,2.0,1.0,1.0,23.0,2.0,4.0,0.0,0.0,4.0,0.0,4.0,0.0,1.0,0.0,0.0,21.0,1.0,6.0,0.0,0.0,6.0,0.0,6.0,15.0,2.0,4.0,0.0,0.0,6.0,0.0,6.0,2.0,0.0,0.0,10.0,2.0,4.0,0.0,0.0,3.0,0.0,3.0,0.0,2.0,9.0,1.0,2.0,0.0,0.0,3.0,3.0,0.0,0.0,0.0,0.0,2.0,0.0,0.0,0.0,0.0,0.0,0.0,0.0,3.0,0.0,0.0,0.0,0.0,0.0,0.0,0.0,0.0,0.0,0.0,0.0,0.0,0.0,0.0,0.0,0.0,0.0,0.0,0.0,0.0,0.0,0.0,2.0,0.0,0.0,3.0,1.0,0.0,1.0,0.0,1.0,0.0,1.0,1.0,18.0,1.0,2.0,6.0,4.0,4.0,6.0,18.0,O=C([O-])c1cccc(Cc2cc(Cl)ccc2OCc2ccccc2Cl)n1.[Na+]
CHEMBL467720,Active,20.0,2.0,4.0,0.0,0.0,3.0,24.0,4.0,5.0,0.0,0.0,6.0,0.0,6.0,0.0,0.0,0.0,0.0,22.0,2.0,7.0,0.0,0.0,7.0,0.0,7.0,2.0,18.0,2.0,8.0,0.0,0.0,4.0,0.0,4.0,0.0,0.0,20.0,2.0,6.0,0.0,0.0,3.0,3.0,1.0,1.0,23.0,2.0,4.0,0.0,0.0,4.0,0.0,4.0,0.0,1.0,0.0,1.0,21.0,1.0,6.0,0.0,0.0,7.0,0.0,7.0,15.0,2.0,4.0,0.0,0.0,8.0,0.0,8.0,2.0,0.0,0.0,10.0,2.0,4.0,0.0,0.0,6.0,0.0,6.0,0.0,2.0,9.0,1.0,2.0,0.0,0.0,5.0,5.0,0.0,0.0,0.0,0.0,2.0,0.0,0.0,0.0,0.0,0.0,0.0,0.0,3.0,0.0,0.0,0.0,0.0,0.0,0.0,0.0,0.0,0.0,0.0,0.0,0.0,0.0,0.0,0.0,0.0,0.0,0.0,0.0,0.0,0.0,0.0,2.0,0.0,0.0,3.0,1.0,0.0,1.0,0.0,1.0,0.0,1.0,1.0,18.0,1.0,2.0,6.0,4.0,4.0,6.0,18.0,O=C([O-])c1cccc(Cc2cc(Cl)ccc2OCc2ccc(Cl)cc2Cl)n1.[Na+]
CHEMBL511252,Active,19.0,2.0,4.0,0.0,0.0,1.0,23.0,4.0,5.0,0.0,0.0,2.0,0.0,2.0,0.0,0.0,0.0,0.0,19.0,2.0,7.0,0.0,0.0,2.0,0.0,2.0,2.0,17.0,2.0,8.0,0.0,0.0,2.0,0.0,2.0,0.0,0.0,20.0,2.0,5.0,0.0,0.0,1.0,1.0,1.0,1.0,22.0,2.0,4.0,0.0,0.0,2.0,0.0,2.0,0.0,1.0,0.0,0.0,19.0,1.0,6.0,0.0,0.0,3.0,0.0,3.0,12.0,2.0,4.0,0.0,0.0,4.0,0.0,4.0,2.0,0.0,0.0,8.0,2.0,4.0,0.0,0.0,2.0,0.0,2.0,0.0,2.0,8.0,0.0,2.0,0.0,0.0,0.0,0.0,0.0,0.0,0.0,1.0,6.0,3.0,3.0,1.0,0.0,0.0,0.0,0.0,8.0,1.0,6.0,1.0,0.0,7.0,2.0,1.0,7.0,3.0,1.0,0.0,0.0,1.0,2.0,0.0,2.0,2.0,0.0,0.0,1.0,0.0,0.0,2.0,0.0,0.0,3.0,0.0,0.0,5.0,0.0,1.0,0.0,1.0,1.0,12.0,1.0,2.0,6.0,9.0,9.0,6.0,13.0,O=C([O-])c1cccc(Cc2cc(Cl)ccc2OCC2CCCC2)n1.[Na+]
CHEMBL516324,Active,31.0,2.0,5.0,0.0,0.0,1.0,40.0,3.0,6.0,0.0,0.0,2.0,0.0,2.0,1.0,0.0,0.0,0.0,40.0,3.0,11.0,0.0,0.0,2.0,0.0,2.0,0.0,39.0,4.0,12.0,0.0,0.0,2.0,0.0,2.0,0.0,0.0,46.0,2.0,10.0,0.0,0.0,2.0,2.0,2.0,1.0,47.0,3.0,12.0,0.0,0.0,4.0,0.0,4.0,0.0,0.0,0.0,0.0,43.0,3.0,12.0,0.0,0.0,4.0,0.0,4.0,37.0,2.0,13.0,0.0,0.0,4.0,0.0,4.0,0.0,0.0,0.0,31.0,2.0,10.0,0.0,0.0,4.0,0.0,4.0,2.0,0.0,25.0,1.0,7.0,0.0,0.0,2.0,2.0,0.0,2.0,2.0,0.0,3.0,0.0,1.0,0.0,1.0,1.0,0.0,1.0,6.0,0.0,3.0,0.0,0.0,2.0,0.0,0.0,1.0,0.0,0.0,0.0,0.0,0.0,0.0,1.0,0.0,0.0,1.0,0.0,0.0,1.0,0.0,2.0,0.0,0.0,4.0,2.0,1.0,2.0,0.0,2.0,0.0,0.0,0.0,24.0,0.0,2.0,7.0,8.0,8.0,8.0,27.0,CCCC(=O)Nc1cc(C(=O)O)cc(-c2ccccc2-c2cc(Cl)ccc2OCc2ccccc2)c1
CHEMBL456495,Active,29.0,2.0,5.0,0.0,0.0,1.0,38.0,3.0,6.0,0.0,0.0,2.0,0.0,2.0,1.0,0.0,0.0,0.0,39.0,2.0,10.0,0.0,0.0,2.0,0.0,2.0,0.0,38.0,3.0,11.0,0.0,0.0,2.0,0.0,2.0,0.0,0.0,43.0,2.0,10.0,0.0,0.0,2.0,2.0,2.0,1.0,43.0,3.0,12.0,0.0,0.0,4.0,0.0,4.0,0.0,0.0,0.0,0.0,38.0,3.0,12.0,0.0,0.0,4.0,0.0,4.0,32.0,2.0,11.0,0.0,0.0,4.0,0.0,4.0,0.0,0.0,0.0,26.0,2.0,8.0,0.0,0.0,4.0,0.0,4.0,2.0,0.0,19.0,1.0,7.0,0.0,0.0,2.0,2.0,0.0,2.0,2.0,0.0,1.0,0.0,0.0,0.0,1.0,1.0,0.0,1.0,4.0,0.0,1.0,0.0,0.0,0.0,0.0,0.0,0.0,0.0,0.0,0.0,0.0,0.0,0.0,0.0,0.0,0.0,1.0,0.0,0.0,1.0,0.0,2.0,0.0,0.0,4.0,2.0,1.0,0.0,0.0,2.0,0.0,0.0,0.0,24.0,0.0,2.0,7.0,6.0,6.0,6.0,27.0,CC(=O)Nc1cc(C(=O)O)cc(-c2ccccc2-c2cc(Cl)ccc2OCc2ccccc2)c1
CHEMBL514425,Inactive,28.0,0.0,4.0,0.0,1.0,1.0,37.0,0.0,5.0,0.0,2.0,0.0,0.0,2.0,0.0,0.0,0.0,0.0,36.0,0.0,9.0,0.0,2.0,0.0,0.0,2.0,0.0,34.0,0.0,9.0,0.0,3.0,0.0,0.0,3.0,0.0,0.0,38.0,0.0,8.0,0.0,2.0,0.0,2.0,0.0,2.0,38.0,0.0,7.0,0.0,3.0,0.0,0.0,3.0,0.0,0.0,0.0,0.0,33.0,0.0,8.0,0.0,3.0,0.0,0.0,3.0,26.0,0.0,8.0,0.0,2.0,0.0,0.0,2.0,0.0,1.0,1.0,21.0,0.0,4.0,0.0,2.0,0.0,0.0,2.0,2.0,0.0,15.0,0.0,4.0,0.0,1.0,0.0,1.0,0.0,0.0,0.0,0.0,1.0,0.0,0.0,0.0,0.0,1.0,1.0,1.0,2.0,0.0,0.0,0.0,0.0,0.0,0.0,0.0,0.0,0.0,0.0,0.0,0.0,0.0,0.0,0.0,0.0,0.0,0.0,0.0,0.0,0.0,0.0,2.0,1.0,1.0,3.0,2.0,0.0,0.0,0.0,2.0,1.0,0.0,0.0,24.0,0.0,2.0,4.0,3.0,3.0,4.0,25.0,O=C(O)c1cc(F)cc(-c2ccccc2-c2ccccc2OCc2ccccc2)c1
CHEMBL37853,Inactive,22.0,0.0,7.0,0.0,0.0,1.0,25.0,0.0,11.0,0.0,0.0,2.0,0.0,2.0,0.0,0.0,0.0,0.0,22.0,0.0,12.0,0.0,0.0,2.0,0.0,2.0,0.0,20.0,0.0,10.0,0.0,0.0,1.0,0.0,1.0,0.0,0.0,20.0,0.0,11.0,0.0,0.0,1.0,1.0,0.0,0.0,18.0,0.0,13.0,0.0,0.0,1.0,0.0,1.0,0.0,0.0,0.0,0.0,16.0,0.0,10.0,0.0,0.0,1.0,0.0,1.0,18.0,0.0,7.0,0.0,0.0,1.0,0.0,1.0,1.0,0.0,0.0,18.0,0.0,11.0,0.0,0.0,1.0,0.0,1.0,0.0,0.0,14.0,0.0,13.0,0.0,0.0,2.0,2.0,0.0,0.0,0.0,5.0,6.0,4.0,2.0,1.0,0.0,4.0,0.0,4.0,16.0,2.0,14.0,2.0,4.0,14.0,7.0,7.0,14.0,9.0,4.0,2.0,1.0,3.0,6.0,0.0,8.0,8.0,0.0,0.0,8.0,0.0,0.0,5.0,0.0,0.0,6.0,0.0,0.0,5.0,0.0,0.0,0.0,0.0,0.0,6.0,0.0,0.0,7.0,19.0,19.0,11.0,16.0,O=C(O)CCCC=CCC1C(O)CC(O)C1C=CC(O)COc1cccc(Cl)c1
CHEMBL565992,Inactive,17.0,6.0,3.0,3.0,0.0,4.0,22.0,7.0,6.0,4.0,0.0,7.0,0.0,7.0,3.0,0.0,0.0,0.0,18.0,8.0,6.0,3.0,0.0,8.0,0.0,8.0,2.0,17.0,9.0,11.0,1.0,0.0,2.0,0.0,2.0,1.0,1.0,19.0,7.0,5.0,2.0,0.0,3.0,3.0,0.0,4.0,18.0,5.0,9.0,2.0,0.0,4.0,0.0,4.0,1.0,2.0,0.0,0.0,14.0,4.0,11.0,3.0,0.0,6.0,0.0,6.0,14.0,2.0,6.0,5.0,0.0,4.0,0.0,4.0,0.0,0.0,2.0,13.0,4.0,8.0,3.0,0.0,5.0,0.0,5.0,0.0,1.0,9.0,5.0,4.0,5.0,0.0,6.0,6.0,1.0,1.0,1.0,0.0,2.0,0.0,0.0,0.0,0.0,0.0,0.0,0.0,3.0,0.0,1.0,0.0,0.0,0.0,0.0,0.0,0.0,0.0,0.0,0.0,0.0,0.0,0.0,0.0,0.0,0.0,1.0,0.0,1.0,1.0,0.0,1.0,0.0,0.0,4.0,0.0,0.0,0.0,0.0,0.0,0.0,1.0,3.0,20.0,3.0,4.0,12.0,6.0,6.0,8.0,21.0,O=C(COc1cccc2ncn(Cc3ccc(Cl)cc3Cl)c12)NS(=O)(=O)c1cc(Cl)c(Cl)s1
CHEMBL234289,Inactive,28.0,1.0,4.0,0.0,0.0,1.0,38.0,1.0,5.0,0.0,0.0,2.0,0.0,2.0,0.0,0.0,0.0,0.0,35.0,2.0,9.0,0.0,0.0,2.0,0.0,2.0,0.0,34.0,2.0,9.0,0.0,0.0,1.0,0.0,1.0,0.0,0.0,36.0,2.0,9.0,0.0,0.0,1.0,1.0,0.0,0.0,38.0,2.0,6.0,0.0,0.0,0.0,0.0,0.0,1.0,0.0,0.0,1.0,32.0,4.0,8.0,0.0,0.0,1.0,0.0,1.0,29.0,3.0,6.0,0.0,0.0,2.0,0.0,2.0,0.0,0.0,0.0,23.0,4.0,4.0,0.0,0.0,3.0,0.0,3.0,2.0,0.0,14.0,4.0,6.0,0.0,0.0,3.0,3.0,0.0,0.0,0.0,0.0,4.0,0.0,2.0,1.0,0.0,1.0,0.0,1.0,8.0,0.0,4.0,0.0,2.0,3.0,0.0,0.0,2.0,1.0,0.0,0.0,0.0,0.0,0.0,0.0,0.0,0.0,0.0,0.0,0.0,0.0,0.0,2.0,0.0,0.0,3.0,2.0,0.0,3.0,0.0,2.0,0.0,0.0,0.0,18.0,0.0,6.0,5.0,7.0,7.0,6.0,21.0,N#Cc1ccc(OCc2ccc(Cl)cc2)c(C2=C(c3cccc(C(=O)O)c3)CCC2)c1
CHEMBL214900,Inactive,21.0,3.0,4.0,2.0,0.0,1.0,25.0,8.0,5.0,3.0,0.0,0.0,2.0,2.0,0.0,0.0,0.0,0.0,22.0,6.0,7.0,1.0,0.0,0.0,2.0,2.0,2.0,20.0,7.0,5.0,2.0,0.0,0.0,2.0,2.0,3.0,0.0,25.0,6.0,6.0,2.0,0.0,0.0,0.0,1.0,1.0,28.0,3.0,7.0,2.0,0.0,0.0,2.0,2.0,0.0,1.0,0.0,0.0,25.0,3.0,10.0,2.0,0.0,0.0,4.0,4.0,18.0,4.0,6.0,2.0,0.0,0.0,4.0,4.0,2.0,0.0,0.0,15.0,3.0,4.0,1.0,0.0,0.0,4.0,4.0,0.0,2.0,13.0,1.0,2.0,2.0,0.0,0.0,1.0,0.0,0.0,0.0,0.0,2.0,0.0,0.0,0.0,0.0,1.0,0.0,1.0,3.0,0.0,0.0,0.0,0.0,0.0,0.0,0.0,0.0,0.0,0.0,0.0,0.0,0.0,0.0,0.0,0.0,0.0,0.0,0.0,0.0,0.0,0.0,2.0,0.0,0.0,3.0,1.0,0.0,0.0,0.0,1.0,0.0,1.0,3.0,22.0,3.0,2.0,9.0,5.0,5.0,6.0,21.0,O=C(O)c1cc(-c2cccs2)n(Cc2cc(Br)ccc2OCc2ccccc2)n1
CHEMBL233971,Inactive,24.0,5.0,2.0,0.0,2.0,2.0,30.0,12.0,3.0,0.0,4.0,0.0,0.0,4.0,0.0,0.0,0.0,0.0,30.0,10.0,5.0,0.0,5.0,0.0,0.0,5.0,0.0,30.0,7.0,4.0,0.0,2.0,0.0,0.0,2.0,1.0,0.0,34.0,4.0,4.0,0.0,2.0,0.0,2.0,0.0,0.0,33.0,9.0,3.0,0.0,2.0,0.0,0.0,2.0,0.0,0.0,1.0,1.0,27.0,12.0,2.0,0.0,4.0,0.0,0.0,4.0,22.0,8.0,1.0,0.0,4.0,0.0,0.0,4.0,0.0,0.0,0.0,18.0,7.0,0.0,0.0,6.0,0.0,0.0,6.0,0.0,0.0,14.0,5.0,0.0,0.0,5.0,0.0,5.0,1.0,0.0,0.0,0.0,1.0,0.0,0.0,0.0,1.0,0.0,2.0,0.0,2.0,0.0,0.0,0.0,0.0,0.0,0.0,0.0,0.0,0.0,0.0,0.0,0.0,0.0,0.0,0.0,0.0,0.0,0.0,0.0,0.0,0.0,0.0,1.0,2.0,2.0,1.0,1.0,1.0,0.0,0.0,0.0,2.0,2.0,4.0,26.0,4.0,0.0,7.0,5.0,5.0,3.0,24.0,Cc1ccc(-c2ccccc2OCc2ccc(F)cc2F)n1-c1ccc2nn[nH]c2c1
CHEMBL256737,Inactive,14.0,4.0,3.0,0.0,0.0,1.0,16.0,9.0,4.0,0.0,0.0,2.0,0.0,2.0,1.0,0.0,0.0,0.0,14.0,6.0,6.0,0.0,0.0,2.0,0.0,2.0,1.0,15.0,5.0,2.0,0.0,0.0,2.0,0.0,2.0,2.0,0.0,17.0,6.0,3.0,0.0,0.0,0.0,0.0,1.0,1.0,17.0,4.0,4.0,0.0,0.0,2.0,0.0,2.0,0.0,1.0,0.0,0.0,11.0,5.0,3.0,0.0,0.0,4.0,0.0,4.0,7.0,4.0,2.0,0.0,0.0,3.0,0.0,3.0,1.0,0.0,0.0,7.0,2.0,2.0,0.0,0.0,0.0,0.0,0.0,0.0,1.0,2.0,1.0,1.0,0.0,0.0,0.0,0.0,0.0,0.0,0.0,1.0,2.0,1.0,0.0,0.0,3.0,0.0,0.0,0.0,7.0,0.0,3.0,1.0,0.0,3.0,0.0,0.0,0.0,0.0,0.0,0.0,0.0,0.0,0.0,0.0,0.0,2.0,0.0,0.0,1.0,1.0,0.0,1.0,0.0,0.0,2.0,0.0,3.0,0.0,0.0,1.0,0.0,1.0,2.0,11.0,2.0,2.0,7.0,8.0,8.0,6.0,12.0,Cc1cc(C(N)=O)nn1Cc1cc(Cl)ccc1OCC(C)C
CHEMBL256785,Active,19.0,3.0,4.0,0.0,0.0,1.0,22.0,9.0,5.0,0.0,0.0,2.0,0.0,2.0,0.0,0.0,0.0,0.0,22.0,6.0,7.0,0.0,0.0,2.0,0.0,2.0,2.0,21.0,4.0,6.0,0.0,0.0,2.0,0.0,2.0,3.0,0.0,22.0,4.0,6.0,0.0,0.0,1.0,1.0,1.0,1.0,23.0,3.0,7.0,0.0,0.0,2.0,0.0,2.0,0.0,1.0,0.0,0.0,21.0,3.0,5.0,0.0,0.0,4.0,0.0,4.0,14.0,4.0,4.0,0.0,0.0,3.0,0.0,3.0,2.0,0.0,0.0,11.0,3.0,4.0,0.0,0.0,2.0,0.0,2.0,0.0,2.0,9.0,1.0,2.0,0.0,0.0,1.0,1.0,0.0,0.0,0.0,1.0,1.0,0.0,0.0,0.0,2.0,0.0,0.0,0.0,5.0,0.0,1.0,0.0,0.0,0.0,0.0,0.0,0.0,0.0,0.0,0.0,0.0,0.0,0.0,0.0,0.0,0.0,0.0,0.0,0.0,0.0,0.0,2.0,0.0,0.0,3.0,1.0,2.0,0.0,0.0,1.0,0.0,1.0,2.0,17.0,2.0,2.0,7.0,6.0,6.0,6.0,18.0,Cc1cc(C(=O)[O-])nn1C(C)c1cc(Cl)ccc1OCc1ccccc1.[Na+]
CHEMBL253538,Inactive,22.0,7.0,5.0,0.0,0.0,1.0,27.0,11.0,4.0,0.0,0.0,2.0,0.0,2.0,2.0,0.0,0.0,0.0,24.0,8.0,9.0,0.0,0.0,2.0,0.0,2.0,1.0,18.0,9.0,8.0,0.0,0.0,2.0,0.0,2.0,3.0,0.0,24.0,7.0,6.0,0.0,0.0,0.0,0.0,4.0,1.0,25.0,10.0,9.0,0.0,0.0,2.0,0.0,2.0,0.0,1.0,0.0,0.0,25.0,9.0,3.0,0.0,0.0,4.0,0.0,4.0,19.0,10.0,5.0,0.0,0.0,2.0,0.0,2.0,0.0,0.0,0.0,19.0,9.0,4.0,0.0,0.0,3.0,0.0,3.0,2.0,0.0,18.0,5.0,5.0,0.0,0.0,1.0,1.0,0.0,2.0,2.0,0.0,3.0,0.0,0.0,0.0,1.0,0.0,0.0,0.0,5.0,0.0,0.0,0.0,0.0,0.0,0.0,0.0,0.0,0.0,0.0,0.0,0.0,0.0,0.0,0.0,0.0,0.0,0.0,0.0,0.0,1.0,0.0,3.0,0.0,0.0,3.0,1.0,1.0,0.0,0.0,0.0,0.0,2.0,3.0,23.0,3.0,0.0,12.0,9.0,9.0,10.0,23.0,Cc1cc(NC(=O)OCc2ccccn2)nn1Cc1cc(Cl)ccc1OCc1ccccc1
CHEMBL254559,Inactive,27.0,5.0,3.0,0.0,0.0,1.0,35.0,9.0,4.0,0.0,0.0,2.0,0.0,2.0,1.0,0.0,0.0,0.0,31.0,9.0,9.0,0.0,0.0,2.0,0.0,2.0,0.0,26.0,10.0,6.0,0.0,0.0,2.0,0.0,2.0,2.0,0.0,29.0,11.0,5.0,0.0,0.0,0.0,0.0,2.0,1.0,30.0,11.0,6.0,0.0,0.0,2.0,0.0,2.0,0.0,1.0,0.0,0.0,31.0,9.0,1.0,0.0,0.0,4.0,0.0,4.0,24.0,9.0,3.0,0.0,0.0,2.0,0.0,2.0,0.0,0.0,0.0,26.0,5.0,3.0,0.0,0.0,3.0,0.0,3.0,1.0,0.0,24.0,3.0,5.0,0.0,0.0,2.0,2.0,0.0,1.0,1.0,0.0,2.0,0.0,0.0,0.0,3.0,0.0,0.0,0.0,7.0,0.0,3.0,1.0,0.0,3.0,0.0,0.0,0.0,0.0,0.0,0.0,0.0,0.0,0.0,0.0,0.0,0.0,1.0,0.0,0.0,1.0,0.0,1.0,0.0,0.0,2.0,1.0,3.0,0.0,0.0,0.0,0.0,1.0,2.0,23.0,2.0,0.0,8.0,9.0,9.0,9.0,25.0,Cc1cc(NC(=O)C(C)(C)c2ccccc2)nn1Cc1cc(Cl)ccc1OCc1ccccc1
CHEMBL480789,Active,25.0,7.0,3.0,0.0,0.0,1.0,31.0,12.0,4.0,0.0,0.0,2.0,0.0,2.0,1.0,0.0,0.0,0.0,28.0,10.0,7.0,0.0,0.0,2.0,0.0,2.0,1.0,24.0,9.0,6.0,0.0,0.0,2.0,0.0,2.0,2.0,0.0,27.0,11.0,6.0,0.0,0.0,0.0,0.0,1.0,1.0,31.0,8.0,5.0,0.0,0.0,2.0,0.0,2.0,0.0,1.0,0.0,0.0,28.0,10.0,4.0,0.0,0.0,4.0,0.0,4.0,23.0,9.0,2.0,0.0,0.0,3.0,0.0,3.0,1.0,0.0,0.0,22.0,7.0,4.0,0.0,0.0,2.0,0.0,2.0,0.0,1.0,23.0,4.0,3.0,0.0,0.0,2.0,2.0,0.0,0.0,0.0,0.0,3.0,0.0,0.0,0.0,2.0,0.0,0.0,0.0,6.0,0.0,0.0,0.0,0.0,0.0,0.0,0.0,0.0,0.0,0.0,0.0,0.0,0.0,0.0,0.0,0.0,0.0,0.0,0.0,0.0,3.0,1.0,1.0,0.0,0.0,2.0,1.0,1.0,0.0,0.0,1.0,0.0,1.0,2.0,23.0,2.0,2.0,10.0,10.0,10.0,10.0,25.0,CNCc1ccc(NC(=O)c2cc(C)n(Cc3cc(Cl)ccc3OCc3ccccc3)n2)cc1.Cl
CHEMBL481689,Inactive,24.0,8.0,3.0,0.0,0.0,1.0,31.0,12.0,4.0,0.0,0.0,2.0,0.0,2.0,1.0,0.0,0.0,0.0,26.0,10.0,8.0,0.0,0.0,2.0,0.0,2.0,0.0,25.0,12.0,4.0,0.0,0.0,2.0,0.0,2.0,2.0,0.0,32.0,10.0,3.0,0.0,0.0,0.0,0.0,2.0,1.0,29.0,11.0,6.0,0.0,0.0,2.0,0.0,2.0,0.0,1.0,0.0,0.0,24.0,8.0,1.0,0.0,0.0,4.0,0.0,4.0,19.0,9.0,5.0,0.0,0.0,2.0,0.0,2.0,0.0,0.0,0.0,21.0,5.0,5.0,0.0,0.0,1.0,0.0,1.0,1.0,0.0,18.0,5.0,4.0,0.0,0.0,1.0,1.0,0.0,1.0,1.0,1.0,7.0,1.0,3.0,1.0,3.0,0.0,0.0,0.0,12.0,0.0,6.0,1.0,0.0,5.0,0.0,0.0,1.0,0.0,0.0,0.0,0.0,0.0,0.0,1.0,0.0,2.0,2.0,4.0,1.0,4.0,3.0,1.0,0.0,0.0,2.0,0.0,3.0,2.0,0.0,2.0,0.0,1.0,2.0,17.0,3.0,2.0,11.0,16.0,16.0,10.0,20.0,Cc1cc(NC(=O)c2ccc(CN3CCCC3)cc2)nn1Cc1cc(Cl)ccc1OCC(C)C.Cl
CHEMBL447709,Active,21.0,5.0,4.0,0.0,0.0,1.0,26.0,9.0,5.0,0.0,0.0,2.0,0.0,2.0,1.0,0.0,0.0,0.0,22.0,8.0,10.0,0.0,0.0,2.0,0.0,2.0,0.0,19.0,10.0,6.0,0.0,0.0,2.0,0.0,2.0,2.0,0.0,24.0,9.0,4.0,0.0,0.0,0.0,0.0,2.0,1.0,23.0,10.0,7.0,0.0,0.0,2.0,0.0,2.0,0.0,1.0,0.0,0.0,20.0,8.0,1.0,0.0,0.0,4.0,0.0,4.0,17.0,6.0,4.0,0.0,0.0,2.0,0.0,2.0,0.0,0.0,0.0,19.0,2.0,4.0,0.0,0.0,1.0,0.0,1.0,1.0,0.0,14.0,2.0,5.0,0.0,0.0,1.0,1.0,0.0,1.0,1.0,1.0,3.0,1.0,0.0,0.0,3.0,1.0,0.0,1.0,8.0,0.0,3.0,1.0,0.0,3.0,0.0,0.0,0.0,0.0,0.0,0.0,0.0,0.0,0.0,0.0,0.0,2.0,0.0,0.0,1.0,1.0,0.0,2.0,0.0,0.0,3.0,1.0,3.0,0.0,0.0,2.0,0.0,1.0,2.0,17.0,2.0,2.0,9.0,11.0,11.0,9.0,19.0,Cc1cc(NC(=O)c2ccc(CO)cc2)nn1Cc1cc(Cl)ccc1OCC(C)C.Cl
CHEMBL481137,Inactive,24.0,8.0,3.0,0.0,0.0,1.0,31.0,12.0,4.0,0.0,0.0,2.0,0.0,2.0,1.0,0.0,0.0,0.0,26.0,10.0,8.0,0.0,0.0,2.0,0.0,2.0,0.0,26.0,12.0,4.0,0.0,0.0,2.0,0.0,2.0,2.0,0.0,31.0,12.0,4.0,0.0,0.0,0.0,0.0,2.0,1.0,32.0,9.0,5.0,0.0,0.0,2.0,0.0,2.0,1.0,1.0,0.0,0.0,24.0,12.0,3.0,0.0,0.0,4.0,0.0,4.0,19.0,9.0,5.0,0.0,0.0,2.0,0.0,2.0,0.0,0.0,0.0,24.0,4.0,3.0,0.0,0.0,1.0,0.0,1.0,1.0,0.0,17.0,8.0,4.0,0.0,0.0,1.0,1.0,0.0,1.0,1.0,1.0,7.0,1.0,3.0,1.0,3.0,0.0,0.0,0.0,12.0,0.0,6.0,1.0,0.0,5.0,0.0,0.0,1.0,0.0,0.0,0.0,0.0,0.0,0.0,1.0,0.0,2.0,2.0,4.0,1.0,4.0,3.0,1.0,0.0,0.0,2.0,0.0,3.0,2.0,0.0,2.0,0.0,1.0,2.0,17.0,3.0,2.0,11.0,16.0,16.0,10.0,20.0,Cc1cc(NC(=O)c2cccc(CN3CCCC3)c2)nn1Cc1cc(Cl)ccc1OCC(C)C.Cl
CHEMBL234181,Inactive,25.0,5.0,2.0,0.0,0.0,1.0,32.0,11.0,3.0,0.0,0.0,2.0,0.0,2.0,0.0,0.0,0.0,0.0,32.0,8.0,5.0,0.0,0.0,2.0,0.0,2.0,0.0,31.0,6.0,4.0,0.0,0.0,2.0,0.0,2.0,1.0,0.0,34.0,5.0,4.0,0.0,0.0,1.0,1.0,0.0,1.0,35.0,7.0,3.0,0.0,0.0,4.0,0.0,4.0,0.0,0.0,0.0,0.0,31.0,8.0,2.0,0.0,0.0,4.0,0.0,4.0,24.0,6.0,1.0,0.0,0.0,4.0,0.0,4.0,0.0,0.0,0.0,20.0,5.0,1.0,0.0,0.0,3.0,0.0,3.0,0.0,0.0,16.0,3.0,0.0,0.0,0.0,2.0,2.0,1.0,0.0,0.0,0.0,1.0,0.0,0.0,0.0,1.0,0.0,0.0,0.0,2.0,0.0,0.0,0.0,0.0,0.0,0.0,0.0,0.0,0.0,0.0,0.0,0.0,0.0,0.0,0.0,0.0,0.0,0.0,0.0,0.0,0.0,0.0,1.0,0.0,0.0,1.0,1.0,1.0,0.0,0.0,0.0,0.0,1.0,3.0,26.0,3.0,0.0,7.0,5.0,5.0,3.0,25.0,Cc1ccc(-c2cc(Cl)ccc2OCc2ccccc2)n1-c1ccc2cn[nH]c2c1
CHEMBL233141,Inactive,30.0,7.0,3.0,0.0,0.0,1.0,39.0,10.0,4.0,0.0,0.0,2.0,0.0,2.0,1.0,0.0,0.0,0.0,37.0,10.0,8.0,0.0,0.0,2.0,0.0,2.0,0.0,37.0,7.0,7.0,0.0,0.0,2.0,0.0,2.0,1.0,0.0,43.0,5.0,7.0,0.0,0.0,1.0,1.0,1.0,1.0,46.0,5.0,6.0,0.0,0.0,4.0,0.0,4.0,1.0,0.0,0.0,0.0,39.0,9.0,7.0,0.0,0.0,4.0,0.0,4.0,36.0,8.0,4.0,0.0,0.0,4.0,0.0,4.0,0.0,0.0,0.0,33.0,5.0,2.0,0.0,0.0,4.0,0.0,4.0,1.0,0.0,30.0,5.0,3.0,0.0,0.0,1.0,1.0,1.0,1.0,1.0,0.0,2.0,0.0,0.0,0.0,1.0,0.0,0.0,0.0,4.0,0.0,0.0,0.0,0.0,0.0,0.0,0.0,0.0,0.0,0.0,0.0,0.0,0.0,0.0,0.0,0.0,0.0,0.0,0.0,0.0,2.0,1.0,1.0,0.0,0.0,2.0,1.0,1.0,0.0,0.0,2.0,0.0,1.0,2.0,29.0,2.0,2.0,10.0,6.0,6.0,7.0,30.0,Cc1ccc(-c2cc(Cl)ccc2OCc2ccccc2)n1-c1cccc(C(=O)NCc2cccnc2)c1
CHEMBL391026,Active,33.0,5.0,3.0,0.0,0.0,1.0,42.0,9.0,4.0,0.0,0.0,2.0,0.0,2.0,1.0,0.0,0.0,0.0,42.0,8.0,8.0,0.0,0.0,2.0,0.0,2.0,0.0,40.0,7.0,8.0,0.0,0.0,2.0,0.0,2.0,1.0,0.0,45.0,5.0,7.0,0.0,0.0,1.0,1.0,0.0,1.0,47.0,1.0,5.0,0.0,0.0,4.0,0.0,4.0,1.0,0.0,0.0,0.0,42.0,5.0,5.0,0.0,0.0,4.0,0.0,4.0,34.0,8.0,5.0,0.0,0.0,4.0,0.0,4.0,0.0,0.0,0.0,32.0,5.0,3.0,0.0,0.0,3.0,0.0,3.0,0.0,0.0,31.0,4.0,2.0,0.0,0.0,2.0,2.0,0.0,0.0,0.0,1.0,1.0,0.0,0.0,0.0,2.0,0.0,0.0,0.0,5.0,0.0,1.0,0.0,0.0,0.0,0.0,0.0,0.0,0.0,0.0,0.0,0.0,0.0,0.0,0.0,0.0,0.0,1.0,1.0,0.0,2.0,1.0,1.0,0.0,0.0,2.0,1.0,2.0,0.0,0.0,2.0,0.0,0.0,1.0,29.0,1.0,2.0,8.0,7.0,7.0,7.0,32.0,Cc1ccc(-c2cc(Cl)ccc2OCc2ccccc2)n1-c1ccc(C(=O)NC(C)c2ccccc2)cc1
CHEMBL439388,Inactive,24.0,3.0,2.0,2.0,0.0,0.0,31.0,6.0,7.0,2.0,0.0,0.0,0.0,0.0,0.0,0.0,0.0,0.0,32.0,4.0,9.0,2.0,0.0,0.0,0.0,0.0,0.0,32.0,3.0,8.0,1.0,0.0,0.0,0.0,0.0,1.0,0.0,35.0,2.0,6.0,0.0,0.0,0.0,0.0,0.0,0.0,33.0,2.0,3.0,2.0,0.0,0.0,0.0,0.0,2.0,0.0,0.0,0.0,29.0,2.0,6.0,4.0,0.0,0.0,0.0,0.0,26.0,2.0,9.0,2.0,0.0,0.0,0.0,0.0,0.0,0.0,0.0,20.0,1.0,4.0,2.0,0.0,0.0,0.0,0.0,0.0,0.0,16.0,0.0,5.0,2.0,0.0,0.0,0.0,0.0,0.0,0.0,0.0,1.0,0.0,0.0,0.0,2.0,0.0,0.0,0.0,3.0,0.0,0.0,0.0,0.0,0.0,0.0,0.0,0.0,0.0,0.0,0.0,0.0,0.0,0.0,0.0,0.0,0.0,0.0,0.0,0.0,0.0,0.0,1.0,0.0,0.0,3.0,1.0,1.0,0.0,0.0,0.0,0.0,0.0,1.0,23.0,1.0,4.0,7.0,4.0,4.0,4.0,24.0,Cc1ccc(-c2ccccc2OCc2ccccc2)n1-c1ccc(S(C)(=O)=O)cc1
CHEMBL3092132,Active,18.0,5.0,4.0,2.0,0.0,0.0,24.0,9.0,6.0,1.0,0.0,0.0,0.0,0.0,0.0,0.0,0.0,0.0,21.0,9.0,5.0,2.0,0.0,0.0,0.0,0.0,4.0,17.0,14.0,6.0,3.0,0.0,0.0,0.0,0.0,0.0,2.0,22.0,10.0,2.0,3.0,0.0,0.0,0.0,3.0,0.0,23.0,6.0,5.0,4.0,0.0,0.0,0.0,0.0,2.0,0.0,0.0,0.0,22.0,3.0,7.0,3.0,0.0,0.0,0.0,0.0,16.0,1.0,6.0,1.0,0.0,0.0,0.0,0.0,2.0,0.0,0.0,7.0,0.0,8.0,0.0,0.0,0.0,0.0,0.0,0.0,0.0,1.0,0.0,6.0,0.0,0.0,0.0,0.0,0.0,0.0,0.0,0.0,0.0,0.0,0.0,0.0,0.0,1.0,0.0,1.0,1.0,0.0,0.0,0.0,0.0,0.0,0.0,0.0,0.0,0.0,0.0,0.0,0.0,0.0,0.0,0.0,0.0,0.0,0.0,0.0,0.0,0.0,0.0,1.0,0.0,0.0,2.0,0.0,0.0,0.0,0.0,0.0,0.0,2.0,5.0,23.0,5.0,2.0,11.0,1.0,1.0,1.0,20.0,O=C(O)c1csc(-n2nc(-c3ccccc3)c3oc4ccccc4c32)n1
CHEMBL172250,Inactive,23.0,0.0,5.0,2.0,3.0,3.0,27.0,0.0,8.0,3.0,3.0,0.0,0.0,3.0,0.0,3.0,3.0,3.0,24.0,0.0,9.0,3.0,6.0,0.0,0.0,6.0,0.0,21.0,0.0,8.0,3.0,6.0,0.0,0.0,6.0,0.0,0.0,21.0,0.0,10.0,1.0,3.0,0.0,3.0,0.0,0.0,19.0,0.0,11.0,2.0,3.0,0.0,0.0,3.0,0.0,0.0,0.0,0.0,17.0,0.0,8.0,3.0,3.0,0.0,0.0,3.0,19.0,0.0,6.0,1.0,3.0,0.0,0.0,3.0,0.0,3.0,3.0,19.0,0.0,10.0,1.0,3.0,0.0,0.0,3.0,0.0,0.0,16.0,0.0,12.0,1.0,3.0,0.0,3.0,0.0,0.0,0.0,5.0,10.0,6.0,6.0,4.0,0.0,4.0,3.0,4.0,17.0,2.0,16.0,2.0,0.0,18.0,8.0,10.0,21.0,20.0,20.0,19.0,17.0,12.0,11.0,0.0,10.0,8.0,0.0,0.0,7.0,0.0,0.0,4.0,3.0,0.0,5.0,0.0,0.0,9.0,3.0,0.0,0.0,0.0,0.0,6.0,0.0,0.0,7.0,21.0,21.0,14.0,13.0,O=C(O)CCCCCCC1C(O)CC(O)C1CCC(O)CSc1cccc(C(F)(F)F)c1
CHEMBL173499,Inactive,22.0,0.0,5.0,2.0,1.0,1.0,25.0,0.0,8.0,3.0,2.0,0.0,0.0,2.0,0.0,0.0,0.0,0.0,22.0,0.0,9.0,3.0,2.0,0.0,0.0,2.0,0.0,20.0,0.0,8.0,2.0,1.0,0.0,0.0,1.0,0.0,0.0,20.0,0.0,10.0,1.0,1.0,0.0,1.0,0.0,0.0,18.0,0.0,11.0,2.0,1.0,0.0,0.0,1.0,0.0,0.0,0.0,0.0,16.0,0.0,7.0,3.0,1.0,0.0,0.0,1.0,18.0,0.0,6.0,1.0,1.0,0.0,0.0,1.0,0.0,0.0,0.0,18.0,0.0,10.0,1.0,1.0,0.0,0.0,1.0,0.0,0.0,14.0,0.0,12.0,1.0,2.0,0.0,2.0,0.0,0.0,0.0,5.0,10.0,6.0,6.0,4.0,0.0,4.0,1.0,4.0,16.0,2.0,16.0,2.0,0.0,18.0,8.0,10.0,21.0,20.0,20.0,19.0,17.0,12.0,11.0,0.0,10.0,8.0,0.0,0.0,7.0,0.0,0.0,4.0,1.0,1.0,5.0,0.0,0.0,9.0,0.0,0.0,1.0,0.0,0.0,6.0,0.0,0.0,7.0,21.0,21.0,13.0,12.0,O=C(O)CCCCCCC1C(O)CC(O)C1CCC(O)CSc1cccc(F)c1
CHEMBL467579,Active,26.0,2.0,4.0,0.0,1.0,3.0,33.0,4.0,5.0,0.0,2.0,4.0,0.0,6.0,0.0,0.0,0.0,0.0,33.0,3.0,7.0,0.0,3.0,4.0,0.0,7.0,2.0,31.0,3.0,9.0,0.0,1.0,3.0,0.0,4.0,0.0,0.0,35.0,3.0,8.0,0.0,1.0,3.0,4.0,0.0,1.0,36.0,2.0,6.0,0.0,2.0,4.0,0.0,6.0,1.0,0.0,0.0,1.0,31.0,2.0,8.0,0.0,3.0,4.0,0.0,7.0,25.0,1.0,8.0,0.0,3.0,6.0,0.0,9.0,0.0,0.0,0.0,19.0,2.0,4.0,0.0,3.0,7.0,0.0,10.0,2.0,0.0,13.0,2.0,4.0,0.0,2.0,4.0,6.0,1.0,2.0,2.0,0.0,1.0,0.0,0.0,0.0,0.0,0.0,1.0,0.0,2.0,0.0,0.0,0.0,0.0,0.0,0.0,0.0,0.0,0.0,0.0,0.0,0.0,0.0,0.0,0.0,0.0,0.0,0.0,0.0,0.0,0.0,0.0,2.0,1.0,1.0,3.0,1.0,0.0,0.0,0.0,1.0,1.0,1.0,1.0,24.0,1.0,2.0,6.0,2.0,2.0,4.0,24.0,O=C([O-])c1cccc(-c2ccccc2-c2cc(Cl)ccc2OCc2ccc(Cl)cc2F)n1.[Na+]
CHEMBL512617,Inactive,26.0,2.0,4.0,0.0,1.0,3.0,33.0,4.0,5.0,0.0,2.0,4.0,0.0,6.0,0.0,0.0,0.0,0.0,33.0,3.0,7.0,0.0,2.0,5.0,0.0,7.0,2.0,31.0,3.0,9.0,0.0,1.0,3.0,0.0,4.0,0.0,0.0,35.0,3.0,8.0,0.0,1.0,3.0,4.0,0.0,1.0,36.0,2.0,6.0,0.0,0.0,6.0,0.0,6.0,1.0,0.0,1.0,1.0,31.0,2.0,8.0,0.0,1.0,6.0,0.0,7.0,25.0,1.0,8.0,0.0,2.0,7.0,0.0,9.0,0.0,0.0,0.0,19.0,2.0,4.0,0.0,3.0,7.0,0.0,10.0,2.0,0.0,13.0,2.0,4.0,0.0,3.0,3.0,6.0,1.0,2.0,2.0,0.0,1.0,0.0,0.0,0.0,0.0,0.0,1.0,0.0,2.0,0.0,0.0,0.0,0.0,0.0,0.0,0.0,0.0,0.0,0.0,0.0,0.0,0.0,0.0,0.0,0.0,0.0,0.0,0.0,0.0,0.0,0.0,2.0,1.0,1.0,3.0,1.0,0.0,0.0,0.0,1.0,1.0,1.0,1.0,24.0,1.0,2.0,6.0,2.0,2.0,4.0,24.0,O=C([O-])c1cccc(-c2ccccc2-c2cc(Cl)ccc2OCc2ccc(F)cc2Cl)n1.[Na+]
CHEMBL514574,Active,26.0,2.0,4.0,0.0,2.0,3.0,33.0,4.0,5.0,0.0,4.0,2.0,0.0,6.0,0.0,0.0,0.0,0.0,33.0,3.0,7.0,0.0,5.0,2.0,0.0,7.0,2.0,31.0,3.0,9.0,0.0,2.0,2.0,0.0,4.0,0.0,0.0,35.0,3.0,8.0,0.0,2.0,2.0,4.0,0.0,1.0,36.0,2.0,6.0,0.0,2.0,4.0,0.0,6.0,1.0,0.0,1.0,1.0,31.0,2.0,8.0,0.0,4.0,3.0,0.0,7.0,25.0,1.0,8.0,0.0,5.0,4.0,0.0,9.0,0.0,0.0,0.0,19.0,2.0,4.0,0.0,6.0,4.0,0.0,10.0,2.0,0.0,13.0,2.0,4.0,0.0,5.0,1.0,6.0,1.0,2.0,2.0,0.0,1.0,0.0,0.0,0.0,0.0,1.0,2.0,1.0,2.0,0.0,0.0,0.0,0.0,0.0,0.0,0.0,0.0,0.0,0.0,0.0,0.0,0.0,0.0,0.0,0.0,0.0,0.0,0.0,0.0,0.0,0.0,2.0,2.0,2.0,3.0,1.0,0.0,0.0,0.0,1.0,2.0,1.0,1.0,24.0,1.0,2.0,6.0,3.0,3.0,4.0,24.0,O=C(O)c1cccc(-c2ccccc2-c2cc(Cl)ccc2OCc2ccc(F)cc2F)n1
CHEMBL457142,Active,26.0,2.0,4.0,0.0,1.0,2.0,33.0,4.0,5.0,0.0,2.0,2.0,0.0,4.0,0.0,0.0,0.0,0.0,33.0,3.0,7.0,0.0,2.0,2.0,0.0,4.0,2.0,31.0,3.0,9.0,0.0,1.0,2.0,0.0,3.0,0.0,0.0,35.0,3.0,8.0,0.0,1.0,2.0,3.0,0.0,1.0,36.0,2.0,6.0,0.0,0.0,4.0,0.0,4.0,1.0,0.0,1.0,1.0,31.0,2.0,8.0,0.0,1.0,3.0,0.0,4.0,25.0,1.0,8.0,0.0,2.0,4.0,0.0,6.0,0.0,0.0,0.0,19.0,2.0,4.0,0.0,3.0,4.0,0.0,7.0,2.0,0.0,13.0,2.0,4.0,0.0,3.0,1.0,4.0,0.0,2.0,2.0,0.0,1.0,0.0,0.0,0.0,0.0,1.0,1.0,1.0,2.0,0.0,0.0,0.0,0.0,0.0,0.0,0.0,0.0,0.0,0.0,0.0,0.0,0.0,0.0,0.0,0.0,0.0,0.0,0.0,0.0,0.0,0.0,2.0,1.0,1.0,3.0,1.0,0.0,0.0,0.0,1.0,1.0,1.0,1.0,24.0,1.0,2.0,6.0,3.0,3.0,4.0,24.0,O=C(O)c1cccc(-c2ccccc2-c2cc(Cl)ccc2OCc2ccc(F)cc2)n1
CHEMBL425681,Inactive,22.0,0.0,7.0,0.0,0.0,0.0,25.0,0.0,11.0,0.0,0.0,0.0,0.0,0.0,0.0,0.0,0.0,0.0,22.0,0.0,12.0,0.0,0.0,0.0,0.0,0.0,0.0,20.0,0.0,10.0,0.0,0.0,0.0,0.0,0.0,0.0,0.0,20.0,0.0,11.0,0.0,0.0,0.0,0.0,0.0,0.0,18.0,0.0,13.0,0.0,0.0,0.0,0.0,0.0,0.0,0.0,0.0,0.0,16.0,0.0,10.0,0.0,0.0,0.0,0.0,0.0,18.0,0.0,7.0,0.0,0.0,0.0,0.0,0.0,1.0,0.0,0.0,18.0,0.0,11.0,0.0,0.0,0.0,0.0,0.0,0.0,0.0,14.0,0.0,13.0,0.0,0.0,0.0,0.0,0.0,0.0,0.0,5.0,10.0,6.0,6.0,4.0,0.0,4.0,0.0,4.0,16.0,2.0,16.0,2.0,0.0,18.0,8.0,10.0,21.0,20.0,20.0,19.0,17.0,14.0,12.0,0.0,11.0,9.0,0.0,0.0,8.0,0.0,0.0,5.0,0.0,0.0,6.0,0.0,0.0,9.0,0.0,0.0,0.0,0.0,0.0,6.0,0.0,0.0,7.0,21.0,21.0,13.0,12.0,O=C(O)CCCCCCC1C(O)CC(O)C1CCC(O)COc1ccccc1
CHEMBL390238,Active,26.0,6.0,5.0,0.0,2.0,3.0,35.0,9.0,6.0,0.0,4.0,0.0,2.0,6.0,1.0,0.0,0.0,0.0,38.0,6.0,11.0,0.0,5.0,0.0,2.0,7.0,0.0,37.0,6.0,10.0,0.0,2.0,0.0,2.0,4.0,1.0,0.0,42.0,6.0,8.0,0.0,2.0,0.0,3.0,4.0,1.0,43.0,6.0,13.0,0.0,2.0,0.0,4.0,6.0,1.0,0.0,1.0,1.0,39.0,4.0,14.0,0.0,4.0,0.0,4.0,8.0,32.0,4.0,10.0,0.0,4.0,0.0,4.0,8.0,0.0,0.0,0.0,26.0,3.0,8.0,0.0,6.0,0.0,4.0,10.0,2.0,0.0,21.0,1.0,7.0,0.0,5.0,0.0,8.0,1.0,0.0,2.0,0.0,1.0,0.0,0.0,0.0,3.0,1.0,2.0,1.0,6.0,0.0,1.0,0.0,0.0,0.0,0.0,0.0,0.0,0.0,0.0,0.0,0.0,0.0,0.0,0.0,0.0,0.0,1.0,1.0,0.0,2.0,1.0,2.0,2.0,2.0,4.0,2.0,2.0,0.0,0.0,2.0,2.0,0.0,1.0,23.0,1.0,2.0,11.0,6.0,6.0,6.0,26.0,CC(=O)N(C)c1cc(C(=O)O)cc(-n2c(C)ccc2-c2cc(Br)ccc2OCc2ccc(F)cc2F)c1
CHEMBL389995,Active,25.0,3.0,4.0,0.0,2.0,4.0,32.0,6.0,5.0,0.0,4.0,2.0,2.0,8.0,0.0,0.0,0.0,0.0,32.0,4.0,9.0,0.0,5.0,2.0,2.0,9.0,0.0,31.0,4.0,8.0,0.0,2.0,2.0,2.0,6.0,1.0,0.0,36.0,2.0,6.0,0.0,2.0,2.0,5.0,2.0,3.0,37.0,1.0,7.0,0.0,2.0,4.0,4.0,10.0,0.0,0.0,1.0,1.0,29.0,2.0,10.0,0.0,4.0,2.0,4.0,10.0,24.0,2.0,6.0,0.0,4.0,2.0,4.0,10.0,0.0,0.0,1.0,20.0,1.0,4.0,0.0,6.0,2.0,4.0,12.0,2.0,0.0,15.0,0.0,4.0,0.0,5.0,1.0,7.0,1.0,0.0,2.0,0.0,1.0,0.0,0.0,0.0,1.0,1.0,2.0,1.0,3.0,0.0,0.0,0.0,0.0,0.0,0.0,0.0,0.0,0.0,0.0,0.0,0.0,0.0,0.0,0.0,0.0,0.0,0.0,0.0,0.0,0.0,0.0,2.0,2.0,2.0,3.0,2.0,1.0,0.0,0.0,2.0,2.0,0.0,1.0,23.0,1.0,2.0,7.0,4.0,4.0,4.0,24.0,Cc1ccc(-c2cc(Br)ccc2OCc2ccc(F)cc2F)n1-c1cc(Cl)cc(C(=O)O)c1
CHEMBL1915258,Inactive,24.0,7.0,3.0,0.0,0.0,1.0,31.0,11.0,5.0,0.0,0.0,2.0,0.0,2.0,1.0,0.0,0.0,0.0,29.0,9.0,8.0,0.0,0.0,2.0,0.0,2.0,0.0,24.0,11.0,6.0,0.0,0.0,3.0,0.0,3.0,2.0,0.0,27.0,9.0,3.0,0.0,0.0,1.0,1.0,3.0,1.0,28.0,11.0,5.0,0.0,0.0,2.0,0.0,2.0,0.0,1.0,0.0,0.0,27.0,8.0,1.0,0.0,0.0,5.0,0.0,5.0,18.0,8.0,3.0,0.0,0.0,2.0,0.0,2.0,0.0,0.0,0.0,19.0,6.0,3.0,0.0,0.0,2.0,0.0,2.0,1.0,0.0,19.0,4.0,5.0,0.0,0.0,1.0,1.0,0.0,1.0,1.0,1.0,5.0,2.0,2.0,0.0,1.0,0.0,0.0,0.0,8.0,1.0,5.0,1.0,0.0,5.0,2.0,1.0,4.0,1.0,0.0,0.0,0.0,0.0,0.0,6.0,0.0,0.0,3.0,2.0,0.0,3.0,1.0,0.0,0.0,0.0,1.0,0.0,1.0,2.0,0.0,0.0,0.0,1.0,3.0,20.0,4.0,0.0,10.0,12.0,12.0,5.0,22.0,Cc1cc(NC(=O)C2CCNCC2)nn1Cc1cc(Cl)cc2cc(-c3ccccc3)oc12
CHEMBL388655,Inactive,27.0,0.0,4.0,0.0,1.0,2.0,36.0,0.0,5.0,0.0,2.0,2.0,0.0,4.0,0.0,0.0,0.0,0.0,33.0,0.0,9.0,0.0,3.0,2.0,0.0,5.0,0.0,32.0,0.0,9.0,0.0,1.0,1.0,0.0,2.0,0.0,0.0,34.0,0.0,8.0,0.0,1.0,1.0,2.0,0.0,0.0,34.0,0.0,6.0,0.0,2.0,0.0,0.0,2.0,0.0,0.0,0.0,1.0,29.0,0.0,8.0,0.0,3.0,1.0,0.0,4.0,25.0,0.0,6.0,0.0,3.0,2.0,0.0,5.0,0.0,0.0,0.0,19.0,0.0,4.0,0.0,3.0,3.0,0.0,6.0,2.0,0.0,13.0,0.0,4.0,0.0,2.0,3.0,5.0,0.0,0.0,0.0,0.0,4.0,0.0,2.0,1.0,0.0,1.0,1.0,1.0,7.0,0.0,4.0,0.0,2.0,3.0,0.0,0.0,2.0,1.0,0.0,0.0,0.0,0.0,0.0,0.0,0.0,0.0,0.0,0.0,0.0,0.0,0.0,2.0,1.0,1.0,3.0,2.0,0.0,3.0,0.0,2.0,1.0,0.0,0.0,18.0,0.0,6.0,4.0,7.0,7.0,6.0,21.0,O=C(O)c1cccc(C2=C(c3ccccc3OCc3ccc(Cl)cc3F)CCC2)c1
CHEMBL390081,Active,30.0,3.0,4.0,0.0,0.0,1.0,40.0,6.0,5.0,0.0,0.0,0.0,2.0,2.0,0.0,0.0,0.0,0.0,42.0,4.0,9.0,0.0,0.0,0.0,2.0,2.0,0.0,39.0,5.0,10.0,0.0,0.0,0.0,2.0,2.0,1.0,0.0,41.0,4.0,10.0,0.0,0.0,0.0,1.0,2.0,1.0,45.0,2.0,9.0,0.0,0.0,0.0,4.0,4.0,0.0,0.0,0.0,0.0,41.0,2.0,10.0,0.0,0.0,0.0,4.0,4.0,34.0,2.0,7.0,0.0,0.0,0.0,4.0,4.0,0.0,0.0,0.0,28.0,1.0,6.0,0.0,0.0,0.0,5.0,5.0,2.0,0.0,22.0,0.0,5.0,0.0,0.0,0.0,3.0,0.0,0.0,2.0,0.0,1.0,0.0,0.0,0.0,1.0,1.0,0.0,1.0,3.0,0.0,0.0,0.0,0.0,0.0,0.0,0.0,0.0,0.0,0.0,0.0,0.0,0.0,0.0,0.0,0.0,0.0,0.0,0.0,0.0,0.0,0.0,2.0,0.0,0.0,3.0,2.0,1.0,0.0,0.0,3.0,0.0,0.0,1.0,27.0,1.0,2.0,7.0,4.0,4.0,4.0,28.0,Cc1ccc(-c2cc(Br)ccc2OCc2ccccc2)n1-c1cc(C(=O)O)c2ccccc2c1
CHEMBL231723,Active,25.0,6.0,3.0,0.0,2.0,3.0,35.0,7.0,4.0,0.0,4.0,0.0,2.0,6.0,1.0,0.0,0.0,0.0,34.0,6.0,9.0,0.0,5.0,0.0,2.0,7.0,0.0,35.0,6.0,6.0,0.0,2.0,0.0,2.0,4.0,1.0,0.0,40.0,3.0,5.0,0.0,2.0,0.0,3.0,1.0,1.0,39.0,5.0,5.0,0.0,2.0,0.0,4.0,6.0,0.0,0.0,1.0,1.0,33.0,6.0,6.0,0.0,4.0,0.0,4.0,8.0,32.0,4.0,4.0,0.0,4.0,0.0,4.0,8.0,0.0,0.0,0.0,24.0,3.0,2.0,0.0,6.0,0.0,4.0,10.0,1.0,0.0,19.0,2.0,4.0,0.0,5.0,0.0,6.0,2.0,0.0,1.0,0.0,1.0,0.0,0.0,0.0,3.0,0.0,2.0,0.0,5.0,0.0,0.0,0.0,0.0,0.0,0.0,0.0,0.0,0.0,0.0,0.0,0.0,0.0,0.0,0.0,0.0,0.0,0.0,0.0,0.0,3.0,3.0,1.0,2.0,2.0,2.0,1.0,1.0,0.0,0.0,2.0,2.0,0.0,1.0,23.0,1.0,2.0,9.0,5.0,5.0,5.0,25.0,Cc1ccc(-c2cc(Br)ccc2OCc2ccc(F)cc2F)n1-c1cccc(C(=O)N(C)C)c1
CHEMBL232537,Inactive,30.0,7.0,3.0,0.0,0.0,1.0,39.0,10.0,4.0,0.0,0.0,2.0,0.0,2.0,1.0,0.0,0.0,0.0,38.0,9.0,8.0,0.0,0.0,2.0,0.0,2.0,0.0,36.0,8.0,7.0,0.0,0.0,2.0,0.0,2.0,1.0,0.0,42.0,4.0,7.0,0.0,0.0,1.0,1.0,0.0,1.0,44.0,2.0,5.0,0.0,0.0,4.0,0.0,4.0,1.0,0.0,0.0,0.0,40.0,6.0,4.0,0.0,0.0,4.0,0.0,4.0,32.0,9.0,5.0,0.0,0.0,4.0,0.0,4.0,0.0,0.0,0.0,28.0,7.0,3.0,0.0,0.0,3.0,0.0,3.0,0.0,0.0,26.0,5.0,2.0,0.0,0.0,2.0,2.0,0.0,0.0,0.0,0.0,2.0,0.0,0.0,0.0,1.0,0.0,0.0,0.0,4.0,0.0,0.0,0.0,0.0,0.0,0.0,0.0,0.0,0.0,0.0,0.0,0.0,0.0,0.0,0.0,0.0,0.0,0.0,0.0,0.0,2.0,1.0,1.0,0.0,0.0,2.0,1.0,1.0,0.0,0.0,2.0,0.0,1.0,2.0,29.0,2.0,2.0,10.0,6.0,6.0,7.0,30.0,Cc1ccc(-c2cc(Cl)ccc2OCc2ccccc2)n1-c1ccc(C(=O)NCc2ccncc2)cc1
CHEMBL402656,Active,15.0,5.0,2.0,2.0,0.0,0.0,23.0,5.0,2.0,1.0,0.0,0.0,0.0,0.0,0.0,0.0,0.0,0.0,19.0,7.0,2.0,3.0,0.0,0.0,0.0,0.0,2.0,19.0,7.0,2.0,3.0,0.0,0.0,0.0,0.0,0.0,2.0,20.0,5.0,0.0,3.0,0.0,0.0,0.0,2.0,0.0,17.0,3.0,4.0,3.0,0.0,0.0,0.0,0.0,0.0,0.0,0.0,0.0,12.0,2.0,6.0,2.0,0.0,0.0,0.0,0.0,9.0,0.0,6.0,0.0,0.0,0.0,0.0,0.0,0.0,0.0,0.0,2.0,0.0,6.0,0.0,0.0,0.0,0.0,0.0,0.0,0.0,0.0,0.0,4.0,0.0,0.0,0.0,0.0,0.0,0.0,0.0,1.0,1.0,1.0,0.0,0.0,3.0,0.0,0.0,0.0,6.0,0.0,3.0,1.0,0.0,3.0,0.0,0.0,0.0,0.0,0.0,0.0,0.0,0.0,0.0,0.0,0.0,0.0,0.0,0.0,0.0,0.0,0.0,1.0,0.0,0.0,2.0,0.0,3.0,1.0,0.0,0.0,0.0,1.0,3.0,14.0,3.0,2.0,9.0,5.0,5.0,3.0,14.0,Cc1ccc2c(CC(C)C)cn(-c3nc(C(=O)[O-])cs3)c2c1.[Na+]
CHEMBL3092148,Inactive,21.0,5.0,2.0,2.0,0.0,0.0,27.0,9.0,2.0,1.0,0.0,0.0,0.0,0.0,0.0,0.0,0.0,0.0,24.0,12.0,2.0,2.0,0.0,0.0,0.0,0.0,0.0,23.0,15.0,2.0,4.0,0.0,0.0,0.0,0.0,0.0,0.0,26.0,12.0,2.0,5.0,0.0,0.0,0.0,2.0,0.0,27.0,8.0,2.0,4.0,0.0,0.0,0.0,0.0,0.0,0.0,0.0,0.0,27.0,4.0,0.0,3.0,0.0,0.0,0.0,0.0,25.0,1.0,2.0,1.0,0.0,0.0,0.0,0.0,0.0,0.0,0.0,17.0,0.0,6.0,0.0,0.0,0.0,0.0,0.0,0.0,0.0,9.0,0.0,8.0,0.0,0.0,0.0,0.0,0.0,0.0,0.0,0.0,0.0,0.0,0.0,0.0,1.0,1.0,0.0,1.0,4.0,0.0,1.0,0.0,1.0,0.0,0.0,0.0,0.0,0.0,0.0,0.0,0.0,0.0,0.0,0.0,0.0,0.0,0.0,0.0,1.0,0.0,0.0,1.0,0.0,0.0,2.0,0.0,1.0,0.0,0.0,1.0,0.0,2.0,4.0,22.0,4.0,3.0,9.0,4.0,4.0,2.0,22.0,Cc1c(-c2ccccc2)nn(-c2nc(C=CC(=O)O)cs2)c1-c1ccccc1
CHEMBL401785,Inactive,14.0,5.0,2.0,2.0,0.0,0.0,21.0,5.0,2.0,1.0,0.0,0.0,0.0,0.0,0.0,0.0,0.0,0.0,17.0,7.0,2.0,3.0,0.0,0.0,0.0,0.0,2.0,18.0,6.0,2.0,3.0,0.0,0.0,0.0,0.0,0.0,2.0,17.0,5.0,0.0,3.0,0.0,0.0,0.0,2.0,0.0,16.0,2.0,4.0,2.0,0.0,0.0,0.0,0.0,0.0,0.0,0.0,0.0,9.0,2.0,6.0,2.0,0.0,0.0,0.0,0.0,6.0,0.0,6.0,0.0,0.0,0.0,0.0,0.0,0.0,0.0,0.0,2.0,0.0,4.0,0.0,0.0,0.0,0.0,0.0,0.0,0.0,0.0,0.0,4.0,0.0,0.0,0.0,0.0,0.0,0.0,0.0,1.0,1.0,1.0,0.0,0.0,2.0,0.0,0.0,0.0,5.0,0.0,3.0,1.0,0.0,3.0,0.0,0.0,0.0,0.0,0.0,0.0,0.0,0.0,0.0,0.0,0.0,0.0,0.0,0.0,0.0,0.0,0.0,1.0,0.0,0.0,2.0,0.0,2.0,1.0,0.0,0.0,0.0,1.0,3.0,14.0,3.0,2.0,9.0,4.0,4.0,3.0,14.0,CC(C)Cc1cn(-c2nc(C(=O)[O-])cs2)c2ccccc12.[Na+]
CHEMBL467632,Inactive,25.0,3.0,3.0,3.0,0.0,2.0,33.0,5.0,6.0,4.0,0.0,3.0,0.0,3.0,3.0,0.0,0.0,0.0,31.0,4.0,7.0,3.0,0.0,3.0,0.0,3.0,1.0,28.0,5.0,11.0,1.0,0.0,0.0,0.0,0.0,1.0,1.0,26.0,5.0,5.0,2.0,0.0,0.0,0.0,0.0,4.0,23.0,6.0,10.0,2.0,0.0,2.0,0.0,2.0,0.0,0.0,0.0,0.0,21.0,5.0,11.0,4.0,0.0,2.0,0.0,2.0,23.0,3.0,9.0,5.0,0.0,0.0,0.0,0.0,0.0,0.0,2.0,22.0,4.0,10.0,4.0,0.0,2.0,0.0,2.0,0.0,0.0,18.0,3.0,5.0,5.0,0.0,4.0,4.0,0.0,0.0,0.0,0.0,2.0,0.0,0.0,0.0,0.0,0.0,0.0,0.0,3.0,0.0,1.0,0.0,0.0,0.0,0.0,0.0,0.0,0.0,0.0,0.0,0.0,0.0,0.0,0.0,0.0,0.0,1.0,0.0,1.0,1.0,0.0,1.0,0.0,0.0,4.0,0.0,0.0,1.0,0.0,0.0,0.0,0.0,2.0,24.0,2.0,4.0,9.0,8.0,8.0,8.0,26.0,O=C(COc1cccc2[nH]cc(Cc3ccc4ccccc4c3)c12)NS(=O)(=O)c1cc(Cl)c(Cl)s1
CHEMBL403082,Inactive,15.0,5.0,2.0,2.0,0.0,1.0,22.0,6.0,2.0,1.0,0.0,2.0,0.0,2.0,0.0,0.0,0.0,0.0,21.0,7.0,2.0,3.0,0.0,2.0,0.0,2.0,2.0,21.0,7.0,2.0,4.0,0.0,1.0,0.0,1.0,0.0,2.0,23.0,5.0,0.0,3.0,0.0,3.0,3.0,2.0,0.0,17.0,2.0,4.0,2.0,0.0,2.0,0.0,2.0,0.0,1.0,0.0,0.0,9.0,2.0,8.0,2.0,0.0,3.0,0.0,3.0,6.0,0.0,6.0,0.0,0.0,3.0,0.0,3.0,0.0,0.0,0.0,2.0,0.0,4.0,0.0,0.0,0.0,0.0,0.0,0.0,2.0,0.0,0.0,4.0,0.0,0.0,0.0,0.0,0.0,0.0,0.0,1.0,1.0,1.0,0.0,0.0,3.0,0.0,0.0,0.0,6.0,0.0,3.0,1.0,0.0,3.0,0.0,0.0,0.0,0.0,0.0,0.0,0.0,0.0,0.0,0.0,0.0,0.0,0.0,0.0,0.0,0.0,0.0,1.0,0.0,0.0,2.0,0.0,3.0,1.0,0.0,0.0,0.0,1.0,3.0,14.0,3.0,2.0,9.0,5.0,5.0,3.0,14.0,Cc1c(CC(C)C)c2ccc(Cl)cc2n1-c1nc(C(=O)[O-])cs1.[Na+]
CHEMBL3127152,Active,14.0,7.0,2.0,2.0,0.0,0.0,19.0,11.0,2.0,1.0,0.0,0.0,0.0,0.0,0.0,0.0,0.0,0.0,17.0,10.0,2.0,2.0,0.0,0.0,0.0,0.0,2.0,13.0,14.0,2.0,3.0,0.0,0.0,0.0,0.0,0.0,2.0,19.0,7.0,0.0,2.0,0.0,0.0,0.0,2.0,0.0,15.0,8.0,2.0,3.0,0.0,0.0,0.0,0.0,2.0,0.0,0.0,0.0,11.0,5.0,6.0,2.0,0.0,0.0,0.0,0.0,7.0,2.0,4.0,1.0,0.0,0.0,0.0,0.0,0.0,0.0,0.0,4.0,0.0,6.0,0.0,0.0,0.0,0.0,0.0,0.0,0.0,1.0,0.0,4.0,0.0,0.0,0.0,0.0,0.0,0.0,0.0,0.0,0.0,0.0,0.0,0.0,0.0,1.0,0.0,1.0,1.0,0.0,0.0,0.0,0.0,0.0,0.0,0.0,0.0,0.0,0.0,0.0,0.0,0.0,0.0,0.0,0.0,0.0,0.0,0.0,0.0,0.0,0.0,1.0,0.0,0.0,2.0,0.0,0.0,0.0,0.0,0.0,0.0,3.0,5.0,20.0,5.0,2.0,11.0,1.0,1.0,1.0,17.0,O=C(O)c1csc(-n2nc(-c3ccccc3)c3ccncc32)n1
CHEMBL3127176,Inactive,17.0,5.0,2.0,2.0,0.0,0.0,25.0,5.0,2.0,1.0,0.0,0.0,0.0,0.0,0.0,0.0,0.0,0.0,22.0,7.0,2.0,3.0,0.0,0.0,0.0,0.0,2.0,21.0,7.0,2.0,3.0,0.0,0.0,0.0,0.0,0.0,2.0,22.0,5.0,0.0,3.0,0.0,0.0,0.0,2.0,0.0,19.0,4.0,4.0,3.0,0.0,0.0,0.0,0.0,0.0,0.0,0.0,0.0,14.0,2.0,6.0,2.0,0.0,0.0,0.0,0.0,8.0,1.0,6.0,1.0,0.0,0.0,0.0,0.0,0.0,0.0,0.0,4.0,0.0,6.0,0.0,0.0,0.0,0.0,0.0,0.0,0.0,1.0,0.0,4.0,0.0,0.0,0.0,0.0,0.0,0.0,0.0,0.0,0.0,0.0,0.0,0.0,0.0,1.0,0.0,1.0,1.0,0.0,0.0,0.0,0.0,0.0,0.0,0.0,0.0,0.0,0.0,0.0,0.0,0.0,0.0,0.0,0.0,0.0,0.0,0.0,0.0,0.0,0.0,1.0,0.0,0.0,2.0,0.0,0.0,0.0,0.0,0.0,0.0,1.0,3.0,20.0,3.0,2.0,9.0,1.0,1.0,1.0,19.0,O=C(O)c1csc(-n2cc(-c3ccccc3)c3ccccc32)n1
CHEMBL3127156,Active,16.0,5.0,2.0,2.0,1.0,1.0,21.0,9.0,2.0,1.0,2.0,0.0,0.0,2.0,0.0,0.0,0.0,0.0,18.0,10.0,2.0,2.0,2.0,0.0,0.0,2.0,2.0,15.0,13.0,2.0,3.0,1.0,0.0,0.0,1.0,0.0,2.0,20.0,7.0,0.0,3.0,2.0,0.0,2.0,2.0,0.0,19.0,4.0,2.0,3.0,1.0,0.0,0.0,1.0,2.0,1.0,0.0,0.0,14.0,2.0,6.0,2.0,4.0,0.0,0.0,4.0,8.0,1.0,6.0,1.0,3.0,0.0,0.0,3.0,0.0,0.0,0.0,4.0,0.0,6.0,0.0,1.0,0.0,0.0,1.0,0.0,2.0,1.0,0.0,4.0,0.0,0.0,0.0,0.0,0.0,0.0,0.0,0.0,0.0,0.0,0.0,0.0,0.0,1.0,1.0,1.0,1.0,0.0,0.0,0.0,0.0,0.0,0.0,0.0,0.0,0.0,0.0,0.0,0.0,0.0,0.0,0.0,0.0,0.0,0.0,0.0,0.0,0.0,0.0,1.0,1.0,1.0,2.0,0.0,0.0,0.0,0.0,0.0,1.0,2.0,4.0,20.0,4.0,2.0,9.0,1.0,1.0,1.0,18.0,O=C(O)c1csc(-n2nc(-c3ccccc3)c3ccc(F)cc32)n1
CHEMBL2442497,Inactive,18.0,7.0,2.0,2.0,0.0,0.0,25.0,9.0,2.0,2.0,0.0,0.0,0.0,0.0,0.0,0.0,0.0,0.0,23.0,10.0,2.0,2.0,0.0,0.0,0.0,0.0,2.0,22.0,12.0,2.0,2.0,0.0,0.0,0.0,0.0,0.0,2.0,24.0,12.0,2.0,4.0,0.0,0.0,0.0,0.0,0.0,26.0,6.0,2.0,4.0,0.0,0.0,0.0,0.0,2.0,0.0,0.0,0.0,23.0,3.0,4.0,3.0,0.0,0.0,0.0,0.0,18.0,1.0,8.0,1.0,0.0,0.0,0.0,0.0,0.0,0.0,0.0,9.0,0.0,8.0,0.0,0.0,0.0,0.0,0.0,0.0,0.0,2.0,0.0,6.0,0.0,0.0,0.0,0.0,0.0,0.0,0.0,0.0,0.0,0.0,0.0,0.0,1.0,1.0,0.0,1.0,2.0,0.0,0.0,0.0,0.0,0.0,0.0,0.0,0.0,0.0,0.0,0.0,0.0,0.0,0.0,0.0,0.0,0.0,0.0,0.0,0.0,0.0,0.0,1.0,0.0,0.0,2.0,0.0,0.0,0.0,0.0,0.0,0.0,2.0,4.0,22.0,4.0,2.0,11.0,2.0,2.0,1.0,20.0,Cn1c(-c2ccccc2)nc(-c2nc(C(=O)O)cs2)c1-c1ccccc1
CHEMBL482330,Inactive,25.0,4.0,4.0,1.0,2.0,2.0,34.0,6.0,6.0,3.0,4.0,0.0,0.0,4.0,4.0,0.0,0.0,0.0,31.0,9.0,12.0,3.0,4.0,0.0,0.0,4.0,0.0,29.0,7.0,14.0,2.0,2.0,0.0,0.0,2.0,0.0,0.0,29.0,5.0,13.0,1.0,0.0,0.0,0.0,1.0,2.0,29.0,3.0,11.0,2.0,1.0,0.0,0.0,1.0,1.0,1.0,2.0,2.0,25.0,5.0,15.0,2.0,2.0,0.0,0.0,2.0,22.0,2.0,10.0,5.0,2.0,0.0,0.0,2.0,1.0,1.0,1.0,22.0,4.0,14.0,1.0,2.0,0.0,0.0,2.0,0.0,0.0,20.0,4.0,6.0,2.0,3.0,0.0,3.0,0.0,0.0,0.0,0.0,5.0,0.0,2.0,1.0,2.0,0.0,2.0,0.0,14.0,5.0,10.0,4.0,5.0,11.0,6.0,2.0,9.0,6.0,5.0,4.0,1.0,0.0,0.0,4.0,0.0,0.0,3.0,4.0,0.0,4.0,3.0,1.0,2.0,2.0,5.0,0.0,1.0,4.0,0.0,1.0,2.0,0.0,0.0,12.0,1.0,6.0,9.0,14.0,14.0,8.0,22.0,COc1cccc(CN2C(=O)CC3(C)CCCC(C=CC(=O)NS(=O)(=O)c4ccc(F)c(F)c4)=C23)c1
CHEMBL480950,Active,25.0,8.0,3.0,0.0,0.0,1.0,33.0,12.0,4.0,0.0,0.0,2.0,0.0,2.0,1.0,0.0,0.0,0.0,29.0,10.0,7.0,0.0,0.0,2.0,0.0,2.0,1.0,26.0,9.0,6.0,0.0,0.0,2.0,0.0,2.0,2.0,0.0,29.0,11.0,6.0,0.0,0.0,0.0,0.0,1.0,1.0,32.0,8.0,5.0,0.0,0.0,2.0,0.0,2.0,0.0,1.0,0.0,0.0,28.0,11.0,4.0,0.0,0.0,4.0,0.0,4.0,24.0,9.0,2.0,0.0,0.0,3.0,0.0,3.0,1.0,0.0,0.0,23.0,7.0,5.0,0.0,0.0,2.0,0.0,2.0,0.0,1.0,24.0,5.0,3.0,0.0,0.0,2.0,2.0,0.0,0.0,0.0,0.0,3.0,0.0,0.0,0.0,3.0,0.0,0.0,0.0,7.0,0.0,0.0,0.0,0.0,0.0,0.0,0.0,0.0,0.0,0.0,0.0,0.0,0.0,0.0,0.0,0.0,0.0,0.0,0.0,0.0,4.0,3.0,1.0,0.0,0.0,2.0,1.0,1.0,0.0,0.0,1.0,0.0,1.0,2.0,23.0,2.0,2.0,11.0,11.0,11.0,10.0,25.0,Cc1cc(C(=O)Nc2ccc(CN(C)C)cc2)nn1Cc1cc(Cl)ccc1OCc1ccccc1.Cl
CHEMBL492840,Inactive,25.0,8.0,3.0,0.0,0.0,1.0,33.0,13.0,4.0,0.0,0.0,2.0,0.0,2.0,1.0,0.0,0.0,0.0,33.0,10.0,8.0,0.0,0.0,2.0,0.0,2.0,0.0,29.0,12.0,4.0,0.0,0.0,2.0,0.0,2.0,2.0,0.0,32.0,11.0,4.0,0.0,0.0,0.0,0.0,2.0,1.0,29.0,12.0,7.0,0.0,0.0,2.0,0.0,2.0,0.0,1.0,0.0,0.0,25.0,9.0,1.0,0.0,0.0,4.0,0.0,4.0,21.0,10.0,4.0,0.0,0.0,2.0,0.0,2.0,0.0,0.0,0.0,23.0,6.0,5.0,0.0,0.0,1.0,0.0,1.0,1.0,0.0,20.0,4.0,4.0,0.0,0.0,1.0,1.0,0.0,1.0,1.0,2.0,5.0,1.0,1.0,0.0,5.0,0.0,0.0,0.0,13.0,0.0,6.0,1.0,0.0,4.0,0.0,0.0,0.0,0.0,0.0,0.0,0.0,0.0,0.0,0.0,0.0,2.0,3.0,6.0,1.0,4.0,3.0,1.0,0.0,0.0,2.0,0.0,5.0,1.0,0.0,2.0,0.0,1.0,2.0,17.0,3.0,2.0,11.0,17.0,17.0,9.0,21.0,Cc1cc(NC(=O)c2ccc3c(c2)CCN(C(C)C)C3)nn1Cc1cc(Cl)ccc1OCC(C)C.Cl
CHEMBL210394,Active,25.0,3.0,4.0,0.0,3.0,4.0,32.0,6.0,5.0,0.0,6.0,0.0,2.0,8.0,0.0,0.0,0.0,0.0,32.0,4.0,9.0,0.0,8.0,0.0,2.0,10.0,0.0,31.0,4.0,8.0,0.0,3.0,0.0,2.0,5.0,1.0,0.0,36.0,2.0,6.0,0.0,3.0,0.0,4.0,2.0,1.0,37.0,1.0,7.0,0.0,4.0,0.0,4.0,8.0,0.0,0.0,1.0,1.0,29.0,2.0,10.0,0.0,7.0,0.0,4.0,11.0,24.0,2.0,6.0,0.0,6.0,0.0,4.0,10.0,0.0,0.0,0.0,20.0,1.0,4.0,0.0,9.0,0.0,4.0,13.0,2.0,0.0,15.0,0.0,4.0,0.0,8.0,0.0,9.0,1.0,0.0,2.0,0.0,1.0,0.0,0.0,0.0,1.0,1.0,3.0,1.0,3.0,0.0,0.0,0.0,0.0,0.0,0.0,0.0,0.0,0.0,0.0,0.0,0.0,0.0,0.0,0.0,0.0,0.0,0.0,0.0,0.0,0.0,0.0,2.0,3.0,3.0,3.0,2.0,1.0,0.0,0.0,2.0,3.0,0.0,1.0,23.0,1.0,2.0,7.0,4.0,4.0,4.0,24.0,Cc1ccc(-c2cc(Br)ccc2OCc2c(F)cc(F)cc2F)n1-c1cccc(C(=O)O)c1
CHEMBL377134,Inactive,25.0,3.0,6.0,0.0,0.0,1.0,33.0,6.0,7.0,0.0,0.0,0.0,2.0,2.0,0.0,0.0,0.0,0.0,34.0,4.0,11.0,0.0,0.0,0.0,2.0,2.0,0.0,33.0,4.0,10.0,0.0,0.0,0.0,2.0,2.0,1.0,0.0,38.0,2.0,6.0,0.0,0.0,0.0,1.0,2.0,1.0,37.0,1.0,9.0,0.0,0.0,0.0,4.0,4.0,0.0,0.0,0.0,0.0,30.0,2.0,12.0,0.0,0.0,0.0,4.0,4.0,26.0,2.0,9.0,0.0,0.0,0.0,4.0,4.0,0.0,0.0,0.0,23.0,1.0,6.0,0.0,0.0,0.0,4.0,4.0,2.0,0.0,17.0,1.0,7.0,0.0,0.0,0.0,1.0,0.0,0.0,3.0,0.0,1.0,0.0,0.0,0.0,2.0,1.0,0.0,1.0,4.0,0.0,0.0,0.0,0.0,0.0,0.0,0.0,0.0,0.0,0.0,0.0,0.0,0.0,0.0,0.0,0.0,0.0,0.0,0.0,0.0,0.0,0.0,3.0,0.0,0.0,4.0,2.0,1.0,0.0,0.0,2.0,0.0,0.0,1.0,23.0,1.0,2.0,9.0,5.0,5.0,5.0,24.0,COc1cccc(COc2ccc(Br)cc2-c2ccc(C)n2-c2cccc(C(=O)O)c2)c1
CHEMBL210987,Inactive,25.0,3.0,4.0,0.0,0.0,1.0,32.0,6.0,5.0,0.0,0.0,0.0,2.0,2.0,0.0,0.0,0.0,0.0,32.0,4.0,9.0,0.0,0.0,0.0,2.0,2.0,0.0,31.0,4.0,8.0,0.0,0.0,0.0,2.0,2.0,1.0,0.0,36.0,2.0,6.0,0.0,0.0,0.0,1.0,2.0,1.0,37.0,1.0,7.0,0.0,0.0,0.0,4.0,4.0,0.0,0.0,0.0,0.0,29.0,2.0,10.0,0.0,0.0,0.0,4.0,4.0,24.0,2.0,6.0,0.0,0.0,0.0,4.0,4.0,0.0,0.0,0.0,20.0,1.0,4.0,0.0,0.0,0.0,4.0,4.0,2.0,0.0,15.0,0.0,4.0,0.0,0.0,0.0,1.0,0.0,0.0,2.0,1.0,6.0,3.0,4.0,3.0,1.0,1.0,0.0,1.0,9.0,1.0,7.0,1.0,0.0,8.0,2.0,1.0,8.0,8.0,3.0,1.0,0.0,2.0,2.0,0.0,2.0,2.0,0.0,0.0,1.0,0.0,0.0,2.0,0.0,0.0,3.0,1.0,1.0,5.0,0.0,2.0,0.0,0.0,1.0,17.0,1.0,2.0,7.0,10.0,10.0,4.0,19.0,Cc1ccc(-c2cc(Br)ccc2OCC2CCCCC2)n1-c1cccc(C(=O)O)c1
CHEMBL377831,Inactive,25.0,3.0,4.0,0.0,0.0,1.0,32.0,6.0,5.0,0.0,0.0,2.0,0.0,2.0,0.0,0.0,0.0,0.0,32.0,4.0,9.0,0.0,0.0,2.0,0.0,2.0,0.0,31.0,4.0,8.0,0.0,0.0,2.0,0.0,2.0,1.0,0.0,36.0,2.0,6.0,0.0,0.0,1.0,1.0,2.0,1.0,37.0,1.0,7.0,0.0,0.0,4.0,0.0,4.0,0.0,0.0,0.0,0.0,29.0,2.0,10.0,0.0,0.0,4.0,0.0,4.0,24.0,2.0,6.0,0.0,0.0,4.0,0.0,4.0,0.0,0.0,0.0,20.0,1.0,4.0,0.0,0.0,4.0,0.0,4.0,2.0,0.0,15.0,0.0,4.0,0.0,0.0,1.0,1.0,0.0,2.0,2.0,1.0,6.0,3.0,4.0,3.0,1.0,1.0,0.0,1.0,9.0,1.0,7.0,1.0,0.0,8.0,2.0,1.0,8.0,8.0,3.0,1.0,0.0,2.0,2.0,0.0,2.0,2.0,0.0,0.0,1.0,0.0,0.0,2.0,0.0,0.0,3.0,1.0,1.0,5.0,0.0,2.0,0.0,0.0,1.0,17.0,1.0,2.0,7.0,10.0,10.0,4.0,19.0,Cc1ccc(-c2cc(Cl)ccc2OCC2CCCCC2)n1-c1cccc(C(=O)O)c1
CHEMBL209685,Active,26.0,3.0,4.0,0.0,0.0,1.0,34.0,6.0,5.0,0.0,0.0,0.0,2.0,2.0,0.0,0.0,0.0,0.0,34.0,4.0,9.0,0.0,0.0,0.0,2.0,2.0,0.0,32.0,4.0,8.0,0.0,0.0,0.0,2.0,2.0,1.0,0.0,37.0,2.0,6.0,0.0,0.0,0.0,1.0,2.0,1.0,37.0,1.0,8.0,0.0,0.0,0.0,4.0,4.0,0.0,0.0,0.0,0.0,30.0,2.0,10.0,0.0,0.0,0.0,4.0,4.0,26.0,2.0,6.0,0.0,0.0,0.0,4.0,4.0,0.0,0.0,0.0,23.0,1.0,4.0,0.0,0.0,0.0,4.0,4.0,2.0,0.0,17.0,1.0,4.0,0.0,0.0,0.0,1.0,0.0,0.0,2.0,0.0,1.0,0.0,0.0,0.0,2.0,1.0,0.0,1.0,4.0,0.0,0.0,0.0,0.0,0.0,0.0,0.0,0.0,0.0,0.0,0.0,0.0,0.0,0.0,0.0,0.0,0.0,0.0,0.0,0.0,0.0,0.0,2.0,0.0,0.0,3.0,2.0,2.0,0.0,0.0,2.0,0.0,0.0,1.0,23.0,1.0,2.0,7.0,5.0,5.0,4.0,24.0,Cc1ccc(COc2ccc(Br)cc2-c2ccc(C)n2-c2cccc(C(=O)O)c2)cc1
CHEMBL228586,Active,25.0,3.0,6.0,0.0,2.0,3.0,33.0,6.0,7.0,0.0,4.0,0.0,2.0,6.0,0.0,0.0,0.0,0.0,34.0,4.0,12.0,0.0,5.0,0.0,2.0,7.0,0.0,34.0,4.0,9.0,0.0,2.0,0.0,2.0,4.0,1.0,0.0,37.0,2.0,8.0,0.0,2.0,0.0,3.0,3.0,1.0,37.0,2.0,9.0,0.0,2.0,0.0,4.0,6.0,0.0,0.0,1.0,1.0,31.0,2.0,14.0,0.0,4.0,0.0,4.0,8.0,28.0,2.0,8.0,0.0,4.0,0.0,4.0,8.0,0.0,0.0,0.0,22.0,1.0,6.0,0.0,6.0,0.0,4.0,10.0,3.0,0.0,17.0,0.0,7.0,0.0,5.0,0.0,6.0,1.0,0.0,3.0,0.0,1.0,0.0,0.0,0.0,2.0,1.0,2.0,1.0,4.0,0.0,0.0,0.0,0.0,0.0,0.0,0.0,0.0,0.0,0.0,0.0,0.0,0.0,0.0,0.0,0.0,0.0,0.0,0.0,0.0,0.0,0.0,3.0,2.0,2.0,4.0,2.0,1.0,0.0,0.0,2.0,2.0,0.0,1.0,23.0,1.0,2.0,9.0,5.0,5.0,5.0,24.0,COc1ccc(-n2c(C)ccc2-c2cc(Br)ccc2OCc2ccc(F)cc2F)cc1C(=O)O
CHEMBL37244,Inactive,25.0,0.0,5.0,0.0,0.0,0.0,30.0,0.0,8.0,0.0,0.0,0.0,0.0,0.0,0.0,0.0,0.0,0.0,28.0,0.0,10.0,0.0,0.0,0.0,0.0,0.0,0.0,24.0,0.0,8.0,0.0,0.0,0.0,0.0,0.0,0.0,0.0,22.0,0.0,10.0,0.0,0.0,0.0,0.0,0.0,0.0,21.0,0.0,12.0,0.0,0.0,0.0,0.0,0.0,0.0,0.0,0.0,0.0,20.0,0.0,8.0,0.0,0.0,0.0,0.0,0.0,20.0,0.0,7.0,0.0,0.0,0.0,0.0,0.0,0.0,0.0,0.0,21.0,0.0,10.0,0.0,0.0,0.0,0.0,0.0,0.0,0.0,18.0,0.0,13.0,0.0,0.0,0.0,0.0,0.0,0.0,0.0,5.0,11.0,6.0,7.0,4.0,1.0,4.0,0.0,4.0,18.0,2.0,17.0,2.0,0.0,19.0,8.0,10.0,22.0,21.0,21.0,21.0,20.0,12.0,11.0,0.0,10.0,9.0,0.0,0.0,7.0,0.0,0.0,4.0,0.0,0.0,5.0,0.0,1.0,11.0,0.0,0.0,0.0,0.0,0.0,6.0,0.0,0.0,5.0,23.0,23.0,13.0,12.0,Cc1ccccc1CCC(O)CCC1C(O)CC(O)C1CCCCCCC(=O)O
CHEMBL214639,Inactive,18.0,3.0,5.0,0.0,0.0,1.0,22.0,7.0,6.0,0.0,0.0,0.0,2.0,2.0,0.0,0.0,0.0,0.0,18.0,6.0,9.0,0.0,0.0,0.0,2.0,2.0,2.0,15.0,4.0,8.0,0.0,0.0,0.0,2.0,2.0,5.0,0.0,18.0,4.0,5.0,0.0,0.0,0.0,0.0,1.0,1.0,22.0,3.0,5.0,0.0,0.0,0.0,2.0,2.0,0.0,1.0,0.0,0.0,19.0,3.0,8.0,0.0,0.0,0.0,3.0,3.0,13.0,4.0,6.0,0.0,0.0,0.0,4.0,4.0,3.0,0.0,0.0,9.0,3.0,6.0,0.0,0.0,0.0,2.0,2.0,0.0,3.0,9.0,1.0,3.0,0.0,0.0,0.0,1.0,0.0,0.0,0.0,0.0,3.0,0.0,0.0,0.0,0.0,2.0,0.0,2.0,4.0,0.0,0.0,0.0,0.0,0.0,0.0,0.0,0.0,0.0,0.0,0.0,0.0,0.0,0.0,0.0,0.0,0.0,0.0,0.0,0.0,0.0,0.0,3.0,0.0,0.0,4.0,1.0,0.0,0.0,0.0,2.0,0.0,1.0,2.0,17.0,2.0,2.0,8.0,7.0,7.0,7.0,17.0,O=C(O)c1nn(Cc2cc(Br)ccc2OCc2ccccc2)cc1CO
CHEMBL2442494,Inactive,13.0,5.0,2.0,2.0,3.0,3.0,17.0,9.0,2.0,1.0,3.0,0.0,0.0,3.0,0.0,3.0,3.0,3.0,15.0,9.0,2.0,2.0,3.0,0.0,0.0,3.0,2.0,12.0,10.0,2.0,3.0,9.0,0.0,0.0,9.0,0.0,2.0,16.0,6.0,0.0,2.0,3.0,0.0,3.0,2.0,0.0,13.0,3.0,2.0,2.0,12.0,0.0,0.0,12.0,2.0,0.0,0.0,0.0,8.0,2.0,6.0,2.0,9.0,0.0,0.0,9.0,6.0,1.0,4.0,1.0,3.0,0.0,0.0,3.0,0.0,6.0,6.0,4.0,0.0,4.0,0.0,0.0,0.0,0.0,0.0,0.0,0.0,1.0,0.0,4.0,0.0,0.0,0.0,0.0,0.0,0.0,0.0,0.0,0.0,0.0,0.0,0.0,1.0,1.0,3.0,1.0,3.0,0.0,0.0,0.0,0.0,0.0,0.0,0.0,0.0,0.0,0.0,0.0,0.0,0.0,0.0,0.0,0.0,0.0,0.0,0.0,0.0,0.0,0.0,1.0,3.0,0.0,2.0,0.0,1.0,0.0,3.0,0.0,0.0,2.0,4.0,16.0,4.0,2.0,9.0,2.0,2.0,2.0,15.0,Cc1c(-c2ccccc2)nn(-c2nc(C(=O)O)cs2)c1C(F)(F)F
CHEMBL2442487,Inactive,13.0,5.0,2.0,2.0,3.0,3.0,17.0,9.0,2.0,1.0,3.0,0.0,0.0,3.0,0.0,3.0,3.0,3.0,15.0,7.0,2.0,2.0,3.0,0.0,0.0,3.0,2.0,10.0,10.0,2.0,3.0,6.0,0.0,0.0,6.0,0.0,2.0,15.0,5.0,0.0,1.0,3.0,0.0,3.0,2.0,0.0,11.0,4.0,2.0,2.0,12.0,0.0,0.0,12.0,2.0,0.0,0.0,0.0,8.0,3.0,6.0,2.0,9.0,0.0,0.0,9.0,8.0,1.0,2.0,1.0,3.0,0.0,0.0,3.0,0.0,6.0,6.0,4.0,1.0,4.0,1.0,3.0,0.0,0.0,3.0,0.0,0.0,3.0,0.0,4.0,0.0,0.0,0.0,0.0,0.0,0.0,0.0,0.0,0.0,0.0,0.0,0.0,1.0,1.0,3.0,1.0,3.0,0.0,0.0,0.0,0.0,0.0,0.0,0.0,0.0,0.0,0.0,0.0,0.0,0.0,0.0,0.0,0.0,0.0,0.0,0.0,0.0,0.0,0.0,1.0,3.0,0.0,2.0,0.0,1.0,0.0,3.0,0.0,0.0,2.0,4.0,16.0,4.0,2.0,9.0,2.0,2.0,2.0,15.0,Cc1ccc(-c2cc(C(F)(F)F)n(-c3nc(C(=O)O)cs3)n2)cc1
CHEMBL480181,Active,29.0,8.0,3.0,0.0,0.0,1.0,36.0,14.0,4.0,0.0,0.0,2.0,0.0,2.0,1.0,0.0,0.0,0.0,33.0,11.0,7.0,0.0,0.0,2.0,0.0,2.0,1.0,29.0,9.0,6.0,0.0,0.0,2.0,0.0,2.0,2.0,0.0,34.0,11.0,6.0,0.0,0.0,0.0,0.0,1.0,1.0,38.0,8.0,5.0,0.0,0.0,2.0,0.0,2.0,0.0,1.0,0.0,0.0,32.0,11.0,4.0,0.0,0.0,4.0,0.0,4.0,25.0,11.0,2.0,0.0,0.0,3.0,0.0,3.0,1.0,0.0,0.0,25.0,8.0,5.0,0.0,0.0,2.0,0.0,2.0,0.0,1.0,27.0,5.0,5.0,0.0,0.0,2.0,2.0,0.0,0.0,0.0,0.0,8.0,0.0,4.0,3.0,1.0,0.0,0.0,0.0,10.0,0.0,4.0,0.0,0.0,3.0,0.0,0.0,2.0,1.0,0.0,0.0,0.0,0.0,0.0,2.0,0.0,0.0,2.0,4.0,0.0,4.0,3.0,1.0,0.0,0.0,2.0,1.0,1.0,3.0,0.0,1.0,0.0,1.0,2.0,23.0,3.0,2.0,11.0,15.0,15.0,10.0,25.0,Cc1cc(C(=O)Nc2ccc(CN3CCCCC3)cc2)nn1Cc1cc(Cl)ccc1OCc1ccccc1.Cl
CHEMBL388294,Active,26.0,4.0,4.0,0.0,0.0,1.0,34.0,8.0,5.0,0.0,0.0,0.0,2.0,2.0,0.0,0.0,0.0,0.0,35.0,7.0,9.0,0.0,0.0,0.0,2.0,2.0,0.0,32.0,6.0,10.0,0.0,0.0,0.0,2.0,2.0,1.0,0.0,36.0,5.0,6.0,0.0,0.0,0.0,1.0,4.0,1.0,39.0,5.0,7.0,0.0,0.0,0.0,4.0,4.0,0.0,0.0,0.0,0.0,33.0,4.0,10.0,0.0,0.0,0.0,4.0,4.0,26.0,4.0,6.0,0.0,0.0,0.0,4.0,4.0,0.0,0.0,0.0,22.0,3.0,5.0,0.0,0.0,0.0,4.0,4.0,2.0,0.0,17.0,1.0,4.0,0.0,0.0,0.0,2.0,0.0,0.0,2.0,0.0,1.0,0.0,0.0,0.0,2.0,1.0,0.0,1.0,4.0,0.0,0.0,0.0,0.0,0.0,0.0,0.0,0.0,0.0,0.0,0.0,0.0,0.0,0.0,0.0,0.0,0.0,0.0,0.0,0.0,0.0,0.0,2.0,0.0,0.0,3.0,2.0,2.0,0.0,0.0,3.0,0.0,0.0,1.0,23.0,1.0,2.0,8.0,6.0,6.0,4.0,24.0,Cc1c(N)cc(-n2c(C)ccc2-c2cc(Br)ccc2OCc2ccccc2)cc1C(=O)O
CHEMBL377338,Active,24.0,3.0,4.0,0.0,0.0,2.0,31.0,5.0,5.0,0.0,0.0,3.0,0.0,3.0,0.0,0.0,0.0,0.0,29.0,4.0,9.0,0.0,0.0,5.0,0.0,5.0,0.0,28.0,4.0,8.0,0.0,0.0,5.0,0.0,5.0,1.0,0.0,32.0,2.0,6.0,0.0,0.0,5.0,5.0,2.0,1.0,33.0,1.0,6.0,0.0,0.0,8.0,0.0,8.0,0.0,0.0,0.0,1.0,27.0,2.0,8.0,0.0,0.0,5.0,0.0,5.0,23.0,2.0,6.0,0.0,0.0,5.0,0.0,5.0,0.0,0.0,0.0,18.0,1.0,4.0,0.0,0.0,6.0,0.0,6.0,2.0,0.0,13.0,0.0,4.0,0.0,0.0,3.0,3.0,0.0,2.0,2.0,0.0,1.0,0.0,0.0,0.0,0.0,1.0,0.0,1.0,2.0,0.0,0.0,0.0,0.0,0.0,0.0,0.0,0.0,0.0,0.0,0.0,0.0,0.0,0.0,0.0,0.0,0.0,0.0,0.0,0.0,0.0,0.0,2.0,0.0,0.0,3.0,2.0,0.0,0.0,0.0,2.0,0.0,0.0,1.0,23.0,1.0,2.0,7.0,3.0,3.0,4.0,24.0,O=C(O)c1cccc(-n2c(Cl)ccc2-c2cc(Cl)ccc2OCc2ccccc2)c1
CHEMBL388038,Active,28.0,5.0,4.0,1.0,4.0,4.0,36.0,10.0,7.0,3.0,5.0,0.0,0.0,5.0,2.0,3.0,3.0,3.0,38.0,6.0,15.0,2.0,8.0,0.0,0.0,8.0,0.0,39.0,6.0,12.0,2.0,7.0,0.0,0.0,7.0,1.0,0.0,43.0,6.0,11.0,2.0,7.0,0.0,7.0,4.0,0.0,47.0,7.0,13.0,2.0,3.0,0.0,0.0,3.0,2.0,3.0,4.0,4.0,41.0,4.0,18.0,4.0,13.0,0.0,0.0,13.0,38.0,4.0,14.0,2.0,14.0,0.0,0.0,14.0,0.0,0.0,0.0,30.0,4.0,9.0,2.0,15.0,0.0,0.0,15.0,2.0,0.0,23.0,1.0,12.0,3.0,14.0,0.0,14.0,4.0,0.0,0.0,0.0,4.0,0.0,2.0,1.0,1.0,1.0,4.0,1.0,7.0,0.0,2.0,0.0,0.0,1.0,0.0,0.0,0.0,0.0,0.0,0.0,0.0,0.0,0.0,0.0,0.0,0.0,1.0,0.0,0.0,1.0,0.0,2.0,4.0,1.0,5.0,2.0,1.0,1.0,3.0,2.0,1.0,0.0,1.0,23.0,3.0,2.0,10.0,8.0,8.0,6.0,27.0,Cc1ccc(-c2cc(C(F)(F)F)ccc2OCc2ccc(F)cc2)n1-c1cc(C(=O)O)cc(N2CCCS2(=O)=O)c1
CHEMBL234303,Active,26.0,5.0,5.0,0.0,2.0,2.0,33.0,9.0,6.0,0.0,4.0,0.0,0.0,4.0,1.0,0.0,0.0,0.0,35.0,6.0,10.0,0.0,4.0,0.0,0.0,4.0,0.0,35.0,6.0,10.0,0.0,3.0,0.0,0.0,3.0,1.0,0.0,40.0,5.0,8.0,0.0,2.0,0.0,2.0,4.0,1.0,41.0,6.0,11.0,0.0,4.0,0.0,0.0,4.0,1.0,0.0,1.0,1.0,35.0,4.0,14.0,0.0,5.0,0.0,0.0,5.0,30.0,4.0,10.0,0.0,6.0,0.0,0.0,6.0,0.0,0.0,0.0,24.0,3.0,7.0,0.0,7.0,0.0,0.0,7.0,2.0,0.0,19.0,1.0,7.0,0.0,4.0,0.0,4.0,1.0,0.0,2.0,0.0,1.0,0.0,0.0,0.0,2.0,1.0,2.0,1.0,5.0,0.0,1.0,0.0,0.0,0.0,0.0,0.0,0.0,0.0,0.0,0.0,0.0,0.0,0.0,0.0,0.0,0.0,1.0,0.0,0.0,1.0,0.0,2.0,2.0,2.0,4.0,2.0,2.0,0.0,0.0,2.0,2.0,0.0,1.0,23.0,1.0,2.0,10.0,7.0,7.0,6.0,26.0,CC(=O)Nc1cc(C(=O)O)cc(-n2c(C)ccc2-c2cc(F)ccc2OCc2ccc(F)cc2)c1
CHEMBL377245,Inactive,32.0,3.0,4.0,0.0,0.0,0.0,42.0,6.0,5.0,0.0,0.0,0.0,0.0,0.0,0.0,0.0,0.0,0.0,43.0,4.0,9.0,0.0,0.0,0.0,0.0,0.0,0.0,42.0,4.0,8.0,0.0,0.0,0.0,0.0,0.0,1.0,0.0,47.0,3.0,7.0,0.0,0.0,0.0,0.0,2.0,0.0,49.0,3.0,9.0,0.0,0.0,0.0,0.0,0.0,0.0,0.0,0.0,0.0,45.0,4.0,12.0,0.0,0.0,0.0,0.0,0.0,45.0,3.0,7.0,0.0,0.0,0.0,0.0,0.0,0.0,0.0,0.0,44.0,1.0,4.0,0.0,0.0,0.0,0.0,0.0,2.0,0.0,36.0,0.0,6.0,0.0,0.0,0.0,0.0,0.0,0.0,0.0,0.0,1.0,0.0,0.0,0.0,1.0,1.0,0.0,1.0,3.0,0.0,0.0,0.0,0.0,0.0,0.0,0.0,0.0,0.0,0.0,0.0,0.0,0.0,0.0,0.0,0.0,0.0,0.0,0.0,0.0,0.0,0.0,2.0,0.0,0.0,3.0,2.0,1.0,0.0,0.0,2.0,0.0,0.0,1.0,29.0,1.0,2.0,7.0,4.0,4.0,4.0,30.0,Cc1ccc(-c2cc(-c3ccccc3)ccc2OCc2ccccc2)n1-c1cccc(C(=O)O)c1
CHEMBL228592,Active,27.0,4.0,4.0,0.0,3.0,3.0,36.0,8.0,5.0,0.0,3.0,0.0,0.0,3.0,0.0,3.0,3.0,3.0,37.0,7.0,9.0,0.0,6.0,0.0,0.0,6.0,0.0,34.0,6.0,10.0,0.0,6.0,0.0,0.0,6.0,1.0,0.0,37.0,6.0,7.0,0.0,6.0,0.0,6.0,4.0,0.0,43.0,5.0,7.0,0.0,3.0,0.0,0.0,3.0,0.0,3.0,3.0,3.0,37.0,4.0,10.0,0.0,12.0,0.0,0.0,12.0,30.0,4.0,6.0,0.0,12.0,0.0,0.0,12.0,0.0,0.0,0.0,26.0,4.0,5.0,0.0,12.0,0.0,0.0,12.0,2.0,0.0,19.0,1.0,6.0,0.0,12.0,0.0,12.0,3.0,0.0,0.0,0.0,1.0,0.0,0.0,0.0,2.0,1.0,3.0,1.0,5.0,0.0,0.0,0.0,0.0,0.0,0.0,0.0,0.0,0.0,0.0,0.0,0.0,0.0,0.0,0.0,0.0,0.0,0.0,0.0,0.0,0.0,0.0,2.0,3.0,0.0,3.0,2.0,2.0,0.0,3.0,3.0,0.0,0.0,1.0,23.0,1.0,2.0,8.0,6.0,6.0,5.0,25.0,Cc1c(N)cc(-n2c(C)ccc2-c2cc(C(F)(F)F)ccc2OCc2ccccc2)cc1C(=O)O
CHEMBL387969,Active,26.0,5.0,5.0,0.0,2.0,3.0,33.0,9.0,6.0,0.0,4.0,0.0,2.0,6.0,1.0,0.0,0.0,0.0,35.0,7.0,10.0,0.0,5.0,0.0,2.0,7.0,0.0,36.0,5.0,10.0,0.0,2.0,0.0,2.0,4.0,3.0,0.0,40.0,2.0,11.0,0.0,2.0,0.0,3.0,2.0,1.0,38.0,4.0,10.0,0.0,2.0,0.0,4.0,6.0,0.0,0.0,1.0,1.0,31.0,7.0,10.0,0.0,4.0,0.0,4.0,8.0,30.0,4.0,8.0,0.0,4.0,0.0,4.0,8.0,0.0,0.0,0.0,26.0,3.0,8.0,0.0,6.0,0.0,4.0,10.0,2.0,0.0,19.0,2.0,7.0,0.0,5.0,0.0,6.0,2.0,0.0,2.0,0.0,1.0,0.0,0.0,0.0,2.0,1.0,2.0,1.0,5.0,0.0,1.0,0.0,0.0,0.0,0.0,0.0,0.0,0.0,0.0,0.0,0.0,0.0,0.0,0.0,0.0,0.0,1.0,0.0,0.0,1.0,0.0,2.0,2.0,2.0,4.0,2.0,2.0,0.0,0.0,2.0,2.0,0.0,1.0,23.0,1.0,2.0,10.0,7.0,7.0,6.0,26.0,CC(=O)Nc1ccc(-n2c(C)ccc2-c2cc(Br)ccc2OCc2ccc(F)cc2F)cc1C(=O)O
CHEMBL209244,Inactive,26.0,2.0,4.0,0.0,0.0,1.0,35.0,2.0,5.0,0.0,0.0,2.0,0.0,2.0,0.0,0.0,0.0,0.0,34.0,2.0,9.0,0.0,0.0,2.0,0.0,2.0,0.0,31.0,3.0,9.0,0.0,0.0,2.0,0.0,2.0,0.0,0.0,34.0,4.0,7.0,0.0,0.0,2.0,2.0,1.0,1.0,34.0,4.0,7.0,0.0,0.0,3.0,0.0,3.0,0.0,1.0,0.0,0.0,30.0,3.0,8.0,0.0,0.0,4.0,0.0,4.0,24.0,2.0,6.0,0.0,0.0,4.0,0.0,4.0,0.0,0.0,0.0,19.0,2.0,4.0,0.0,0.0,4.0,0.0,4.0,2.0,0.0,14.0,1.0,4.0,0.0,0.0,1.0,1.0,0.0,2.0,2.0,0.0,1.0,0.0,0.0,0.0,0.0,1.0,0.0,1.0,2.0,0.0,0.0,0.0,0.0,0.0,0.0,0.0,0.0,0.0,0.0,0.0,0.0,0.0,0.0,0.0,0.0,0.0,0.0,0.0,0.0,0.0,0.0,2.0,0.0,0.0,3.0,2.0,0.0,0.0,0.0,2.0,0.0,1.0,1.0,24.0,1.0,2.0,6.0,3.0,3.0,4.0,24.0,O=C(O)c1cccc(-c2ccncc2-c2cc(Cl)ccc2OCc2ccccc2)c1
CHEMBL206096,Inactive,26.0,2.0,4.0,0.0,0.0,1.0,34.0,3.0,5.0,0.0,0.0,2.0,0.0,2.0,0.0,0.0,0.0,0.0,32.0,4.0,9.0,0.0,0.0,2.0,0.0,2.0,0.0,30.0,4.0,9.0,0.0,0.0,2.0,0.0,2.0,0.0,0.0,34.0,4.0,7.0,0.0,0.0,2.0,2.0,1.0,1.0,36.0,2.0,5.0,0.0,0.0,3.0,0.0,3.0,2.0,1.0,0.0,0.0,32.0,1.0,8.0,0.0,0.0,4.0,0.0,4.0,24.0,2.0,8.0,0.0,0.0,4.0,0.0,4.0,0.0,0.0,0.0,19.0,2.0,4.0,0.0,0.0,4.0,0.0,4.0,2.0,0.0,14.0,1.0,4.0,0.0,0.0,1.0,1.0,0.0,2.0,2.0,0.0,1.0,0.0,0.0,0.0,0.0,1.0,0.0,1.0,2.0,0.0,0.0,0.0,0.0,0.0,0.0,0.0,0.0,0.0,0.0,0.0,0.0,0.0,0.0,0.0,0.0,0.0,0.0,0.0,0.0,0.0,0.0,2.0,0.0,0.0,3.0,2.0,0.0,0.0,0.0,2.0,0.0,1.0,1.0,24.0,1.0,2.0,6.0,3.0,3.0,4.0,24.0,O=C(O)c1cccc(-c2ncccc2-c2cc(Cl)ccc2OCc2ccccc2)c1
CHEMBL208934,Active,25.0,3.0,4.0,0.0,2.0,3.0,32.0,6.0,5.0,0.0,4.0,0.0,2.0,6.0,0.0,0.0,0.0,0.0,32.0,4.0,9.0,0.0,4.0,0.0,2.0,6.0,0.0,31.0,4.0,8.0,0.0,3.0,0.0,2.0,5.0,1.0,0.0,36.0,2.0,6.0,0.0,1.0,0.0,2.0,2.0,2.0,37.0,1.0,7.0,0.0,1.0,0.0,4.0,5.0,0.0,0.0,1.0,1.0,29.0,2.0,10.0,0.0,3.0,0.0,4.0,7.0,24.0,2.0,6.0,0.0,5.0,0.0,4.0,9.0,0.0,0.0,0.0,20.0,1.0,4.0,0.0,5.0,0.0,4.0,9.0,2.0,0.0,15.0,0.0,4.0,0.0,5.0,0.0,6.0,1.0,0.0,2.0,0.0,1.0,0.0,0.0,0.0,1.0,1.0,2.0,1.0,3.0,0.0,0.0,0.0,0.0,0.0,0.0,0.0,0.0,0.0,0.0,0.0,0.0,0.0,0.0,0.0,0.0,0.0,0.0,0.0,0.0,0.0,0.0,2.0,2.0,2.0,3.0,2.0,1.0,0.0,0.0,2.0,2.0,0.0,1.0,23.0,1.0,2.0,7.0,4.0,4.0,4.0,24.0,Cc1ccc(-c2cc(Br)ccc2OCc2ccc(F)c(F)c2)n1-c1cccc(C(=O)O)c1
CHEMBL208660,Inactive,25.0,3.0,4.0,0.0,5.0,6.0,32.0,6.0,5.0,0.0,7.0,2.0,0.0,9.0,0.0,3.0,3.0,3.0,32.0,4.0,9.0,0.0,8.0,2.0,0.0,10.0,0.0,31.0,4.0,8.0,0.0,11.0,2.0,0.0,13.0,1.0,0.0,36.0,2.0,6.0,0.0,11.0,1.0,12.0,2.0,1.0,37.0,1.0,7.0,0.0,14.0,4.0,0.0,18.0,0.0,0.0,1.0,1.0,29.0,2.0,10.0,0.0,16.0,4.0,0.0,20.0,24.0,2.0,6.0,0.0,10.0,4.0,0.0,14.0,0.0,6.0,6.0,20.0,1.0,4.0,0.0,9.0,4.0,0.0,13.0,2.0,0.0,15.0,0.0,4.0,0.0,11.0,1.0,12.0,1.0,2.0,2.0,0.0,1.0,0.0,0.0,0.0,0.0,1.0,5.0,1.0,3.0,0.0,0.0,0.0,0.0,0.0,0.0,0.0,0.0,0.0,0.0,0.0,0.0,0.0,0.0,0.0,0.0,0.0,0.0,0.0,0.0,0.0,0.0,2.0,5.0,2.0,3.0,2.0,0.0,0.0,3.0,2.0,2.0,0.0,1.0,23.0,1.0,2.0,7.0,3.0,3.0,5.0,25.0,O=C(O)c1cccc(-n2c(-c3cc(Cl)ccc3OCc3ccc(F)cc3F)ccc2C(F)(F)F)c1
CHEMBL379143,Inactive,26.0,3.0,4.0,0.0,0.0,1.0,33.0,6.0,5.0,0.0,0.0,2.0,0.0,2.0,0.0,0.0,0.0,0.0,33.0,5.0,9.0,0.0,0.0,2.0,0.0,2.0,0.0,34.0,4.0,8.0,0.0,0.0,2.0,0.0,2.0,1.0,0.0,39.0,2.0,6.0,0.0,0.0,1.0,1.0,2.0,1.0,41.0,1.0,7.0,0.0,0.0,4.0,0.0,4.0,0.0,0.0,0.0,0.0,33.0,2.0,11.0,0.0,0.0,4.0,0.0,4.0,26.0,2.0,8.0,0.0,0.0,5.0,0.0,5.0,0.0,0.0,0.0,21.0,1.0,4.0,0.0,0.0,4.0,0.0,4.0,2.0,0.0,17.0,0.0,4.0,0.0,0.0,1.0,1.0,0.0,2.0,2.0,0.0,2.0,0.0,0.0,0.0,1.0,1.0,0.0,1.0,4.0,0.0,1.0,0.0,0.0,0.0,0.0,0.0,0.0,0.0,0.0,0.0,0.0,0.0,0.0,0.0,0.0,0.0,0.0,0.0,0.0,0.0,0.0,2.0,0.0,0.0,3.0,2.0,1.0,1.0,0.0,2.0,0.0,0.0,1.0,23.0,1.0,2.0,7.0,5.0,5.0,5.0,24.0,CCc1ccc(-c2cc(Cl)ccc2OCc2ccccc2)n1-c1cccc(C(=O)O)c1
CHEMBL215573,Active,18.0,3.0,4.0,0.0,2.0,3.0,21.0,8.0,5.0,0.0,4.0,0.0,2.0,6.0,0.0,0.0,0.0,0.0,19.0,5.0,7.0,0.0,6.0,0.0,2.0,8.0,2.0,16.0,4.0,5.0,0.0,2.0,0.0,2.0,4.0,3.0,0.0,19.0,4.0,6.0,0.0,2.0,0.0,2.0,1.0,1.0,22.0,3.0,5.0,0.0,4.0,0.0,2.0,6.0,0.0,1.0,0.0,0.0,19.0,3.0,5.0,0.0,6.0,0.0,4.0,10.0,12.0,4.0,4.0,0.0,2.0,0.0,3.0,5.0,2.0,0.0,0.0,10.0,3.0,4.0,0.0,2.0,0.0,2.0,4.0,0.0,2.0,9.0,1.0,2.0,0.0,6.0,0.0,7.0,0.0,0.0,0.0,0.0,2.0,0.0,0.0,0.0,1.0,1.0,2.0,1.0,4.0,0.0,0.0,0.0,0.0,0.0,0.0,0.0,0.0,0.0,0.0,0.0,0.0,0.0,0.0,0.0,0.0,0.0,0.0,0.0,0.0,0.0,0.0,2.0,2.0,2.0,3.0,1.0,1.0,0.0,0.0,1.0,2.0,1.0,2.0,17.0,2.0,2.0,7.0,6.0,6.0,6.0,17.0,Cc1cc(C(=O)O)nn1Cc1cc(Br)ccc1OCc1c(F)cccc1F
CHEMBL402880,Active,18.0,3.0,4.0,0.0,0.0,2.0,21.0,8.0,5.0,0.0,0.0,2.0,2.0,4.0,0.0,0.0,0.0,0.0,19.0,5.0,7.0,0.0,0.0,3.0,2.0,5.0,2.0,16.0,4.0,5.0,0.0,0.0,1.0,2.0,3.0,3.0,0.0,19.0,4.0,6.0,0.0,0.0,1.0,1.0,1.0,1.0,22.0,3.0,5.0,0.0,0.0,2.0,2.0,4.0,0.0,1.0,0.0,0.0,19.0,3.0,5.0,0.0,0.0,3.0,4.0,7.0,12.0,4.0,4.0,0.0,0.0,1.0,3.0,4.0,2.0,0.0,0.0,10.0,3.0,4.0,0.0,0.0,1.0,2.0,3.0,0.0,2.0,9.0,1.0,2.0,0.0,0.0,3.0,4.0,0.0,0.0,0.0,0.0,2.0,0.0,0.0,0.0,1.0,1.0,0.0,1.0,4.0,0.0,0.0,0.0,0.0,0.0,0.0,0.0,0.0,0.0,0.0,0.0,0.0,0.0,0.0,0.0,0.0,0.0,0.0,0.0,0.0,0.0,0.0,2.0,0.0,0.0,3.0,1.0,1.0,0.0,0.0,1.0,0.0,1.0,2.0,17.0,2.0,2.0,7.0,6.0,6.0,6.0,17.0,Cc1cc(C(=O)O)nn1Cc1cc(Br)ccc1OCc1ccccc1Cl
CHEMBL1915255,Active,23.0,5.0,3.0,0.0,0.0,1.0,29.0,12.0,5.0,0.0,0.0,2.0,0.0,2.0,1.0,0.0,0.0,0.0,28.0,6.0,7.0,0.0,0.0,2.0,0.0,2.0,1.0,26.0,6.0,7.0,0.0,0.0,3.0,0.0,3.0,2.0,0.0,25.0,11.0,4.0,0.0,0.0,1.0,1.0,1.0,1.0,28.0,8.0,4.0,0.0,0.0,2.0,0.0,2.0,0.0,1.0,0.0,0.0,27.0,5.0,3.0,0.0,0.0,5.0,0.0,5.0,16.0,6.0,2.0,0.0,0.0,3.0,0.0,3.0,1.0,0.0,0.0,17.0,6.0,4.0,0.0,0.0,1.0,0.0,1.0,0.0,1.0,18.0,2.0,4.0,0.0,0.0,1.0,1.0,0.0,0.0,0.0,0.0,1.0,0.0,0.0,0.0,4.0,0.0,0.0,0.0,7.0,0.0,3.0,1.0,0.0,3.0,0.0,0.0,0.0,0.0,0.0,0.0,0.0,0.0,0.0,0.0,0.0,0.0,3.0,3.0,0.0,2.0,1.0,0.0,0.0,0.0,1.0,0.0,4.0,0.0,0.0,1.0,0.0,1.0,3.0,20.0,3.0,2.0,8.0,8.0,8.0,5.0,21.0,Cc1cc(C(=O)NC(C)(C)C)nn1Cc1cc(Cl)cc2cc(-c3ccccc3)oc12
CHEMBL379163,Inactive,29.0,3.0,4.0,2.0,0.0,0.0,39.0,6.0,5.0,2.0,0.0,0.0,0.0,0.0,0.0,0.0,0.0,0.0,39.0,4.0,9.0,1.0,0.0,0.0,0.0,0.0,0.0,39.0,4.0,8.0,2.0,0.0,0.0,0.0,0.0,1.0,0.0,43.0,3.0,7.0,2.0,0.0,0.0,0.0,2.0,0.0,45.0,3.0,9.0,2.0,0.0,0.0,0.0,0.0,0.0,0.0,0.0,0.0,42.0,3.0,11.0,1.0,0.0,0.0,0.0,0.0,40.0,2.0,6.0,4.0,0.0,0.0,0.0,0.0,0.0,0.0,0.0,36.0,1.0,4.0,4.0,0.0,0.0,0.0,0.0,2.0,0.0,28.0,0.0,6.0,4.0,0.0,0.0,0.0,0.0,0.0,0.0,0.0,1.0,0.0,0.0,0.0,1.0,1.0,0.0,1.0,3.0,0.0,0.0,0.0,0.0,0.0,0.0,0.0,0.0,0.0,0.0,0.0,0.0,0.0,0.0,0.0,0.0,0.0,0.0,0.0,0.0,0.0,0.0,2.0,0.0,0.0,3.0,2.0,1.0,0.0,0.0,2.0,0.0,0.0,2.0,28.0,2.0,2.0,9.0,4.0,4.0,4.0,28.0,Cc1ccc(-c2cc(-c3ccsc3)ccc2OCc2ccccc2)n1-c1cccc(C(=O)O)c1
CHEMBL230874,Active,25.0,3.0,4.0,0.0,3.0,3.0,32.0,6.0,5.0,0.0,6.0,0.0,0.0,6.0,0.0,0.0,0.0,0.0,32.0,4.0,9.0,0.0,7.0,0.0,0.0,7.0,0.0,31.0,4.0,8.0,0.0,4.0,0.0,0.0,4.0,1.0,0.0,36.0,2.0,6.0,0.0,2.0,0.0,2.0,2.0,1.0,37.0,1.0,7.0,0.0,6.0,0.0,0.0,6.0,0.0,0.0,1.0,1.0,29.0,2.0,10.0,0.0,9.0,0.0,0.0,9.0,24.0,2.0,6.0,0.0,8.0,0.0,0.0,8.0,0.0,0.0,0.0,20.0,1.0,4.0,0.0,9.0,0.0,0.0,9.0,2.0,1.0,15.0,0.0,4.0,0.0,5.0,0.0,5.0,1.0,0.0,2.0,0.0,1.0,0.0,0.0,0.0,1.0,1.0,3.0,1.0,3.0,0.0,0.0,0.0,0.0,0.0,0.0,0.0,0.0,0.0,0.0,0.0,0.0,0.0,0.0,0.0,0.0,0.0,0.0,0.0,0.0,0.0,0.0,2.0,3.0,3.0,3.0,2.0,1.0,0.0,0.0,2.0,3.0,0.0,1.0,23.0,1.0,2.0,7.0,4.0,4.0,4.0,24.0,Cc1ccc(-c2cc(F)ccc2OCc2ccc(F)cc2)n1-c1ccc(F)c(C(=O)O)c1
CHEMBL379514,Inactive,26.0,3.0,4.0,0.0,3.0,4.0,34.0,6.0,5.0,0.0,3.0,0.0,2.0,5.0,0.0,3.0,3.0,3.0,34.0,4.0,9.0,0.0,6.0,0.0,2.0,8.0,0.0,32.0,4.0,8.0,0.0,6.0,0.0,2.0,8.0,1.0,0.0,37.0,2.0,6.0,0.0,3.0,0.0,4.0,2.0,1.0,37.0,1.0,8.0,0.0,3.0,0.0,4.0,7.0,0.0,0.0,0.0,0.0,30.0,2.0,10.0,0.0,0.0,0.0,4.0,4.0,26.0,2.0,6.0,0.0,3.0,0.0,4.0,7.0,0.0,0.0,0.0,23.0,1.0,4.0,0.0,6.0,0.0,4.0,10.0,2.0,0.0,17.0,1.0,4.0,0.0,9.0,0.0,10.0,0.0,0.0,2.0,0.0,1.0,0.0,0.0,0.0,1.0,1.0,3.0,1.0,4.0,0.0,0.0,0.0,0.0,0.0,0.0,0.0,0.0,0.0,0.0,0.0,0.0,0.0,0.0,0.0,0.0,0.0,0.0,0.0,0.0,0.0,0.0,2.0,3.0,0.0,3.0,2.0,1.0,0.0,3.0,2.0,0.0,0.0,1.0,23.0,1.0,2.0,7.0,4.0,4.0,5.0,25.0,Cc1ccc(-c2cc(Br)ccc2OCc2ccc(C(F)(F)F)cc2)n1-c1cccc(C(=O)O)c1
CHEMBL380197,Active,24.0,3.0,4.0,0.0,0.0,1.0,31.0,6.0,5.0,0.0,0.0,2.0,0.0,2.0,0.0,0.0,0.0,0.0,29.0,4.0,9.0,0.0,0.0,2.0,0.0,2.0,0.0,30.0,4.0,8.0,0.0,0.0,2.0,0.0,2.0,1.0,0.0,36.0,2.0,5.0,0.0,0.0,1.0,1.0,2.0,1.0,36.0,1.0,7.0,0.0,0.0,4.0,0.0,4.0,0.0,0.0,0.0,0.0,27.0,2.0,10.0,0.0,0.0,4.0,0.0,4.0,21.0,2.0,6.0,0.0,0.0,4.0,0.0,4.0,0.0,0.0,0.0,18.0,0.0,4.0,0.0,0.0,4.0,0.0,4.0,2.0,0.0,12.0,0.0,4.0,0.0,0.0,0.0,0.0,0.0,2.0,2.0,1.0,5.0,3.0,3.0,1.0,1.0,1.0,0.0,1.0,8.0,1.0,6.0,1.0,0.0,7.0,2.0,1.0,7.0,3.0,1.0,0.0,0.0,1.0,2.0,0.0,2.0,2.0,0.0,0.0,1.0,0.0,0.0,2.0,0.0,0.0,3.0,1.0,1.0,4.0,0.0,2.0,0.0,0.0,1.0,17.0,1.0,2.0,7.0,9.0,9.0,4.0,19.0,Cc1ccc(-c2cc(Cl)ccc2OCC2CCCC2)n1-c1cccc(C(=O)O)c1
CHEMBL208891,Inactive,26.0,3.0,4.0,0.0,4.0,5.0,34.0,6.0,5.0,0.0,5.0,0.0,2.0,7.0,0.0,3.0,3.0,3.0,35.0,4.0,9.0,0.0,9.0,0.0,2.0,11.0,0.0,32.0,4.0,9.0,0.0,11.0,0.0,2.0,13.0,1.0,0.0,37.0,2.0,6.0,0.0,4.0,0.0,5.0,2.0,4.0,39.0,1.0,7.0,0.0,5.0,0.0,4.0,9.0,0.0,0.0,0.0,0.0,32.0,2.0,10.0,0.0,9.0,0.0,4.0,13.0,26.0,3.0,6.0,0.0,11.0,0.0,4.0,15.0,0.0,0.0,0.0,23.0,1.0,4.0,0.0,9.0,0.0,5.0,14.0,2.0,0.0,18.0,0.0,4.0,0.0,12.0,0.0,13.0,0.0,0.0,2.0,0.0,1.0,0.0,0.0,0.0,1.0,1.0,4.0,1.0,4.0,0.0,0.0,0.0,0.0,0.0,0.0,0.0,0.0,0.0,0.0,0.0,0.0,0.0,0.0,0.0,0.0,0.0,0.0,0.0,0.0,0.0,0.0,2.0,4.0,1.0,3.0,2.0,1.0,0.0,3.0,2.0,1.0,0.0,1.0,23.0,1.0,2.0,7.0,4.0,4.0,5.0,25.0,Cc1ccc(-c2cc(Br)ccc2OCc2c(F)cccc2C(F)(F)F)n1-c1cccc(C(=O)O)c1
CHEMBL211700,Active,25.0,3.0,4.0,0.0,0.0,2.0,32.0,6.0,5.0,0.0,0.0,2.0,2.0,4.0,0.0,0.0,0.0,0.0,32.0,4.0,9.0,0.0,0.0,2.0,2.0,4.0,0.0,31.0,4.0,8.0,0.0,0.0,1.0,2.0,3.0,1.0,0.0,36.0,2.0,6.0,0.0,0.0,1.0,2.0,2.0,1.0,37.0,1.0,7.0,0.0,0.0,0.0,4.0,4.0,0.0,0.0,0.0,1.0,29.0,2.0,10.0,0.0,0.0,1.0,4.0,5.0,24.0,2.0,6.0,0.0,0.0,2.0,4.0,6.0,0.0,0.0,0.0,20.0,1.0,4.0,0.0,0.0,3.0,4.0,7.0,2.0,0.0,15.0,0.0,4.0,0.0,0.0,2.0,3.0,1.0,0.0,2.0,0.0,1.0,0.0,0.0,0.0,1.0,1.0,0.0,1.0,3.0,0.0,0.0,0.0,0.0,0.0,0.0,0.0,0.0,0.0,0.0,0.0,0.0,0.0,0.0,0.0,0.0,0.0,0.0,0.0,0.0,0.0,0.0,2.0,0.0,0.0,3.0,2.0,1.0,0.0,0.0,2.0,0.0,0.0,1.0,23.0,1.0,2.0,7.0,4.0,4.0,4.0,24.0,Cc1ccc(-c2cc(Br)ccc2OCc2ccc(Cl)cc2)n1-c1cccc(C(=O)O)c1
CHEMBL215667,Inactive,18.0,3.0,4.0,0.0,0.0,2.0,21.0,8.0,5.0,0.0,0.0,2.0,2.0,4.0,0.0,0.0,0.0,0.0,19.0,5.0,7.0,0.0,0.0,2.0,2.0,4.0,2.0,16.0,4.0,5.0,0.0,0.0,2.0,2.0,4.0,3.0,0.0,19.0,4.0,6.0,0.0,0.0,0.0,0.0,1.0,2.0,22.0,3.0,5.0,0.0,0.0,1.0,2.0,3.0,0.0,1.0,0.0,0.0,19.0,3.0,5.0,0.0,0.0,2.0,4.0,6.0,12.0,4.0,4.0,0.0,0.0,3.0,3.0,6.0,2.0,0.0,0.0,10.0,3.0,4.0,0.0,0.0,1.0,2.0,3.0,0.0,2.0,9.0,1.0,2.0,0.0,0.0,1.0,2.0,1.0,0.0,0.0,0.0,2.0,0.0,0.0,0.0,1.0,1.0,0.0,1.0,4.0,0.0,0.0,0.0,0.0,0.0,0.0,0.0,0.0,0.0,0.0,0.0,0.0,0.0,0.0,0.0,0.0,0.0,0.0,0.0,0.0,0.0,0.0,2.0,0.0,0.0,3.0,1.0,1.0,0.0,0.0,1.0,0.0,1.0,2.0,17.0,2.0,2.0,7.0,6.0,6.0,6.0,17.0,Cc1cc(C(=O)O)nn1Cc1cc(Br)ccc1OCc1cccc(Cl)c1
CHEMBL228593,Active,26.0,4.0,4.0,0.0,1.0,2.0,34.0,8.0,5.0,0.0,2.0,0.0,2.0,4.0,0.0,0.0,0.0,0.0,35.0,7.0,9.0,0.0,2.0,0.0,2.0,4.0,0.0,32.0,6.0,10.0,0.0,1.0,0.0,2.0,3.0,1.0,0.0,36.0,5.0,6.0,0.0,1.0,0.0,2.0,4.0,1.0,39.0,5.0,7.0,0.0,0.0,0.0,4.0,4.0,0.0,0.0,1.0,1.0,33.0,4.0,10.0,0.0,1.0,0.0,4.0,5.0,26.0,4.0,6.0,0.0,2.0,0.0,4.0,6.0,0.0,0.0,0.0,22.0,3.0,5.0,0.0,3.0,0.0,4.0,7.0,2.0,0.0,17.0,1.0,4.0,0.0,2.0,0.0,4.0,1.0,0.0,2.0,0.0,1.0,0.0,0.0,0.0,2.0,1.0,1.0,1.0,4.0,0.0,0.0,0.0,0.0,0.0,0.0,0.0,0.0,0.0,0.0,0.0,0.0,0.0,0.0,0.0,0.0,0.0,0.0,0.0,0.0,0.0,0.0,2.0,1.0,1.0,3.0,2.0,2.0,0.0,0.0,3.0,1.0,0.0,1.0,23.0,1.0,2.0,8.0,6.0,6.0,4.0,24.0,Cc1c(N)cc(-n2c(C)ccc2-c2cc(Br)ccc2OCc2ccc(F)cc2)cc1C(=O)O
CHEMBL228638,Active,25.0,3.0,6.0,0.0,3.0,4.0,33.0,6.0,7.0,0.0,2.0,0.0,2.0,4.0,0.0,1.0,1.0,1.0,34.0,4.0,12.0,0.0,4.0,0.0,2.0,6.0,0.0,34.0,4.0,9.0,0.0,5.0,0.0,2.0,7.0,1.0,0.0,37.0,2.0,8.0,0.0,7.0,0.0,8.0,3.0,1.0,37.0,2.0,9.0,0.0,2.0,0.0,4.0,6.0,0.0,0.0,5.0,5.0,31.0,2.0,14.0,0.0,1.0,0.0,4.0,5.0,28.0,2.0,8.0,0.0,6.0,0.0,4.0,10.0,0.0,0.0,0.0,22.0,1.0,6.0,0.0,11.0,0.0,4.0,15.0,3.0,0.0,17.0,0.0,7.0,0.0,6.0,0.0,7.0,1.0,0.0,3.0,1.0,1.0,0.0,0.0,0.0,1.0,1.0,3.0,1.0,4.0,0.0,0.0,0.0,0.0,0.0,0.0,0.0,0.0,0.0,0.0,0.0,0.0,0.0,0.0,0.0,0.0,0.0,0.0,0.0,0.0,0.0,0.0,3.0,3.0,1.0,4.0,2.0,1.0,0.0,2.0,2.0,1.0,0.0,1.0,23.0,1.0,2.0,9.0,7.0,7.0,6.0,25.0,Cc1ccc(-c2cc(Br)ccc2OCc2ccc(F)cc2)n1-c1ccc(OC(F)F)c(C(=O)O)c1
CHEMBL408367,Inactive,19.0,0.0,4.0,2.0,0.0,1.0,23.0,0.0,5.0,4.0,0.0,2.0,0.0,2.0,0.0,0.0,0.0,0.0,20.0,0.0,7.0,1.0,0.0,2.0,0.0,2.0,0.0,16.0,0.0,8.0,2.0,0.0,2.0,0.0,2.0,0.0,0.0,19.0,0.0,4.0,2.0,0.0,1.0,1.0,0.0,1.0,21.0,0.0,4.0,2.0,0.0,2.0,0.0,2.0,0.0,0.0,0.0,0.0,19.0,0.0,5.0,1.0,0.0,3.0,0.0,3.0,13.0,0.0,4.0,2.0,0.0,3.0,0.0,3.0,2.0,0.0,0.0,9.0,0.0,4.0,2.0,0.0,2.0,0.0,2.0,0.0,2.0,7.0,0.0,2.0,1.0,0.0,1.0,1.0,0.0,0.0,0.0,0.0,2.0,0.0,0.0,0.0,0.0,0.0,0.0,0.0,3.0,0.0,0.0,0.0,0.0,0.0,0.0,0.0,0.0,0.0,0.0,0.0,0.0,0.0,0.0,0.0,0.0,0.0,0.0,0.0,0.0,0.0,0.0,2.0,0.0,0.0,3.0,1.0,0.0,1.0,0.0,1.0,0.0,0.0,1.0,17.0,1.0,2.0,6.0,4.0,4.0,6.0,17.0,O=C([O-])c1ccc(Cc2cc(Cl)ccc2OCc2ccccc2)s1.[Na+]
CHEMBL208030,Inactive,25.0,0.0,7.0,0.0,0.0,1.0,34.0,0.0,8.0,0.0,0.0,2.0,0.0,2.0,0.0,0.0,0.0,0.0,31.0,0.0,14.0,0.0,0.0,2.0,0.0,2.0,0.0,28.0,0.0,16.0,0.0,0.0,2.0,0.0,2.0,0.0,0.0,30.0,0.0,15.0,0.0,0.0,2.0,2.0,0.0,1.0,30.0,0.0,14.0,0.0,0.0,3.0,0.0,3.0,0.0,0.0,0.0,1.0,28.0,0.0,9.0,0.0,0.0,3.0,0.0,3.0,23.0,0.0,9.0,0.0,0.0,4.0,0.0,4.0,0.0,0.0,0.0,17.0,0.0,8.0,0.0,0.0,4.0,0.0,4.0,2.0,0.0,12.0,0.0,7.0,0.0,0.0,1.0,1.0,0.0,2.0,2.0,0.0,2.0,0.0,0.0,0.0,0.0,1.0,0.0,1.0,6.0,0.0,2.0,0.0,2.0,0.0,0.0,0.0,0.0,0.0,0.0,0.0,0.0,0.0,0.0,0.0,0.0,0.0,0.0,0.0,2.0,0.0,0.0,4.0,0.0,0.0,5.0,2.0,0.0,0.0,0.0,4.0,0.0,0.0,0.0,18.0,1.0,7.0,7.0,5.0,5.0,6.0,22.0,O=C1OCC(c2cc(Cl)ccc2OCc2ccccc2)=C1c1cccc(C(=O)O)c1
CHEMBL289373,Inactive,24.0,0.0,5.0,0.0,1.0,1.0,28.0,0.0,8.0,0.0,2.0,0.0,0.0,2.0,0.0,0.0,0.0,0.0,25.0,0.0,10.0,0.0,3.0,0.0,0.0,3.0,0.0,22.0,0.0,8.0,0.0,2.0,0.0,0.0,2.0,0.0,0.0,21.0,0.0,10.0,0.0,1.0,0.0,1.0,0.0,0.0,20.0,0.0,11.0,0.0,1.0,0.0,0.0,1.0,0.0,0.0,1.0,1.0,19.0,0.0,8.0,0.0,1.0,0.0,0.0,1.0,19.0,0.0,7.0,0.0,1.0,0.0,0.0,1.0,0.0,0.0,0.0,19.0,0.0,10.0,0.0,2.0,0.0,0.0,2.0,0.0,0.0,15.0,0.0,12.0,0.0,3.0,0.0,3.0,0.0,0.0,1.0,5.0,11.0,6.0,7.0,4.0,0.0,4.0,1.0,4.0,17.0,2.0,17.0,2.0,0.0,19.0,8.0,10.0,22.0,21.0,21.0,21.0,20.0,12.0,11.0,0.0,10.0,9.0,0.0,0.0,7.0,0.0,0.0,4.0,1.0,1.0,5.0,0.0,0.0,11.0,0.0,0.0,1.0,0.0,0.0,6.0,0.0,0.0,5.0,22.0,22.0,13.0,12.0,O=C(O)CCCCCCC1C(O)CC(O)C1CCC(O)CCc1ccccc1F
CHEMBL208797,Active,26.0,3.0,4.0,0.0,0.0,1.0,34.0,6.0,5.0,0.0,0.0,0.0,2.0,2.0,0.0,0.0,0.0,0.0,35.0,4.0,9.0,0.0,0.0,0.0,2.0,2.0,0.0,32.0,4.0,9.0,0.0,0.0,0.0,2.0,2.0,1.0,0.0,37.0,2.0,6.0,0.0,0.0,0.0,1.0,2.0,1.0,39.0,1.0,7.0,0.0,0.0,0.0,4.0,4.0,0.0,0.0,0.0,0.0,32.0,2.0,10.0,0.0,0.0,0.0,4.0,4.0,26.0,3.0,6.0,0.0,0.0,0.0,4.0,4.0,0.0,0.0,0.0,23.0,1.0,4.0,0.0,0.0,0.0,5.0,5.0,2.0,0.0,18.0,0.0,4.0,0.0,0.0,0.0,1.0,0.0,0.0,2.0,0.0,1.0,0.0,0.0,0.0,2.0,1.0,0.0,1.0,4.0,0.0,0.0,0.0,0.0,0.0,0.0,0.0,0.0,0.0,0.0,0.0,0.0,0.0,0.0,0.0,0.0,0.0,0.0,0.0,0.0,0.0,0.0,2.0,0.0,0.0,3.0,2.0,2.0,0.0,0.0,2.0,0.0,0.0,1.0,23.0,1.0,2.0,7.0,5.0,5.0,4.0,24.0,Cc1ccccc1COc1ccc(Br)cc1-c1ccc(C)n1-c1cccc(C(=O)O)c1
CHEMBL377135,Inactive,25.0,3.0,4.0,0.0,0.0,2.0,32.0,6.0,5.0,0.0,0.0,2.0,2.0,4.0,0.0,0.0,0.0,0.0,32.0,4.0,9.0,0.0,0.0,2.0,2.0,4.0,0.0,31.0,4.0,8.0,0.0,0.0,2.0,2.0,4.0,1.0,0.0,36.0,2.0,6.0,0.0,0.0,1.0,5.0,2.0,1.0,37.0,1.0,7.0,0.0,0.0,4.0,4.0,8.0,0.0,0.0,0.0,1.0,29.0,2.0,10.0,0.0,0.0,4.0,4.0,8.0,24.0,2.0,6.0,0.0,0.0,4.0,1.0,5.0,0.0,0.0,2.0,20.0,1.0,4.0,0.0,0.0,4.0,2.0,6.0,2.0,0.0,15.0,0.0,4.0,0.0,0.0,1.0,3.0,0.0,2.0,2.0,0.0,1.0,0.0,0.0,0.0,1.0,1.0,0.0,1.0,3.0,0.0,0.0,0.0,0.0,0.0,0.0,0.0,0.0,0.0,0.0,0.0,0.0,0.0,0.0,0.0,0.0,0.0,0.0,0.0,0.0,0.0,0.0,2.0,0.0,0.0,3.0,2.0,1.0,0.0,0.0,2.0,0.0,0.0,1.0,23.0,1.0,2.0,7.0,4.0,4.0,4.0,24.0,Cc1c(Br)cc(-c2cc(Cl)ccc2OCc2ccccc2)n1-c1cccc(C(=O)O)c1
CHEMBL211776,Active,25.0,3.0,4.0,0.0,0.0,0.0,32.0,6.0,5.0,0.0,0.0,0.0,0.0,0.0,0.0,0.0,0.0,0.0,32.0,4.0,9.0,0.0,0.0,0.0,0.0,0.0,0.0,31.0,4.0,8.0,0.0,0.0,0.0,0.0,0.0,1.0,0.0,36.0,2.0,6.0,0.0,0.0,0.0,0.0,2.0,0.0,37.0,1.0,7.0,0.0,0.0,0.0,0.0,0.0,0.0,0.0,0.0,0.0,29.0,2.0,10.0,0.0,0.0,0.0,0.0,0.0,24.0,2.0,6.0,0.0,0.0,0.0,0.0,0.0,0.0,0.0,0.0,20.0,1.0,4.0,0.0,0.0,0.0,0.0,0.0,2.0,0.0,15.0,0.0,4.0,0.0,0.0,0.0,0.0,0.0,0.0,0.0,0.0,1.0,0.0,0.0,0.0,1.0,1.0,0.0,1.0,3.0,0.0,0.0,0.0,0.0,0.0,0.0,0.0,0.0,0.0,0.0,0.0,0.0,0.0,0.0,0.0,0.0,0.0,0.0,0.0,0.0,0.0,0.0,2.0,0.0,0.0,3.0,2.0,1.0,0.0,0.0,2.0,0.0,0.0,1.0,23.0,1.0,2.0,7.0,4.0,4.0,4.0,24.0,Cc1ccc(-c2ccccc2OCc2ccccc2)n1-c1cccc(C(=O)O)c1
CHEMBL207175,Inactive,24.0,4.0,4.0,0.0,0.0,1.0,31.0,6.0,5.0,0.0,0.0,2.0,0.0,2.0,0.0,0.0,0.0,0.0,29.0,6.0,9.0,0.0,0.0,2.0,0.0,2.0,0.0,26.0,8.0,8.0,0.0,0.0,2.0,0.0,2.0,1.0,0.0,30.0,8.0,7.0,0.0,0.0,1.0,1.0,1.0,1.0,33.0,5.0,5.0,0.0,0.0,3.0,0.0,3.0,2.0,1.0,0.0,0.0,30.0,3.0,6.0,0.0,0.0,4.0,0.0,4.0,22.0,4.0,8.0,0.0,0.0,4.0,0.0,4.0,0.0,0.0,0.0,18.0,3.0,4.0,0.0,0.0,4.0,0.0,4.0,2.0,0.0,14.0,1.0,4.0,0.0,0.0,1.0,1.0,0.0,2.0,2.0,0.0,1.0,0.0,0.0,0.0,0.0,1.0,0.0,1.0,2.0,0.0,0.0,0.0,0.0,0.0,0.0,0.0,0.0,0.0,0.0,0.0,0.0,0.0,0.0,0.0,0.0,0.0,0.0,0.0,0.0,0.0,0.0,2.0,0.0,0.0,3.0,2.0,0.0,0.0,0.0,2.0,0.0,2.0,2.0,24.0,2.0,2.0,8.0,3.0,3.0,4.0,23.0,O=C(O)c1cccc(-c2nccnc2-c2cc(Cl)ccc2OCc2ccccc2)c1
CHEMBL3127173,Active,13.0,8.0,2.0,2.0,0.0,0.0,18.0,11.0,2.0,1.0,0.0,0.0,0.0,0.0,0.0,0.0,0.0,0.0,15.0,12.0,2.0,2.0,0.0,0.0,0.0,0.0,2.0,12.0,16.0,2.0,3.0,0.0,0.0,0.0,0.0,0.0,2.0,19.0,7.0,0.0,2.0,0.0,0.0,0.0,2.0,0.0,17.0,6.0,2.0,3.0,0.0,0.0,0.0,0.0,2.0,0.0,0.0,0.0,13.0,3.0,6.0,2.0,0.0,0.0,0.0,0.0,8.0,1.0,4.0,1.0,0.0,0.0,0.0,0.0,0.0,0.0,0.0,4.0,0.0,6.0,0.0,0.0,0.0,0.0,0.0,0.0,0.0,1.0,0.0,4.0,0.0,0.0,0.0,0.0,0.0,0.0,0.0,0.0,5.0,0.0,4.0,3.0,0.0,1.0,0.0,1.0,6.0,0.0,4.0,0.0,0.0,3.0,0.0,0.0,2.0,1.0,0.0,0.0,0.0,0.0,0.0,2.0,0.0,0.0,2.0,2.0,0.0,2.0,1.0,1.0,0.0,0.0,2.0,0.0,0.0,3.0,0.0,0.0,0.0,2.0,4.0,14.0,5.0,2.0,12.0,7.0,7.0,2.0,13.0,O=C(O)c1csc(-n2nc(N3CCCCC3)c3ccccc32)n1
CHEMBL256674,Inactive,19.0,0.0,4.0,2.0,0.0,1.0,24.0,0.0,5.0,3.0,0.0,2.0,0.0,2.0,0.0,0.0,0.0,0.0,19.0,0.0,9.0,2.0,0.0,2.0,0.0,2.0,0.0,16.0,0.0,6.0,2.0,0.0,2.0,0.0,2.0,0.0,2.0,19.0,0.0,4.0,2.0,0.0,1.0,1.0,0.0,1.0,21.0,0.0,4.0,2.0,0.0,2.0,0.0,2.0,0.0,0.0,0.0,0.0,19.0,0.0,5.0,1.0,0.0,3.0,0.0,3.0,13.0,0.0,4.0,2.0,0.0,3.0,0.0,3.0,2.0,0.0,0.0,9.0,0.0,4.0,2.0,0.0,2.0,0.0,2.0,0.0,2.0,7.0,0.0,2.0,1.0,0.0,1.0,1.0,0.0,0.0,0.0,0.0,2.0,0.0,0.0,0.0,0.0,0.0,0.0,0.0,3.0,0.0,0.0,0.0,0.0,0.0,0.0,0.0,0.0,0.0,0.0,0.0,0.0,0.0,0.0,0.0,0.0,0.0,0.0,0.0,0.0,0.0,0.0,2.0,0.0,0.0,3.0,1.0,0.0,1.0,0.0,1.0,0.0,0.0,1.0,17.0,1.0,2.0,6.0,4.0,4.0,6.0,17.0,O=C([O-])c1csc(Cc2cc(Cl)ccc2OCc2ccccc2)c1.[Na+]
CHEMBL389996,Active,23.0,4.0,4.0,0.0,2.0,3.0,30.0,6.0,5.0,0.0,4.0,2.0,0.0,6.0,0.0,0.0,0.0,0.0,28.0,4.0,7.0,0.0,5.0,2.0,0.0,7.0,2.0,27.0,5.0,7.0,0.0,2.0,2.0,0.0,4.0,2.0,0.0,29.0,5.0,8.0,0.0,2.0,2.0,4.0,0.0,1.0,30.0,4.0,5.0,0.0,2.0,4.0,0.0,6.0,1.0,0.0,1.0,1.0,25.0,4.0,7.0,0.0,4.0,2.0,0.0,6.0,22.0,3.0,6.0,0.0,5.0,3.0,0.0,8.0,0.0,0.0,0.0,16.0,3.0,4.0,0.0,6.0,4.0,0.0,10.0,2.0,0.0,9.0,4.0,4.0,0.0,4.0,1.0,5.0,1.0,2.0,2.0,0.0,4.0,0.0,2.0,1.0,0.0,1.0,2.0,1.0,7.0,0.0,4.0,0.0,2.0,3.0,0.0,0.0,2.0,1.0,0.0,0.0,0.0,0.0,0.0,0.0,0.0,0.0,0.0,0.0,0.0,0.0,0.0,2.0,2.0,2.0,3.0,1.0,0.0,3.0,0.0,0.0,2.0,2.0,2.0,18.0,2.0,6.0,8.0,7.0,7.0,6.0,19.0,O=C(O)c1cncc(C2=C(c3cc(Cl)ccc3OCc3ccc(F)cc3F)CCC2)n1
CHEMBL234939,Inactive,23.0,4.0,4.0,0.0,0.0,1.0,30.0,5.0,5.0,0.0,0.0,2.0,0.0,2.0,0.0,0.0,0.0,0.0,27.0,6.0,7.0,0.0,0.0,2.0,0.0,2.0,2.0,25.0,7.0,9.0,0.0,0.0,2.0,0.0,2.0,0.0,0.0,30.0,4.0,6.0,0.0,0.0,2.0,2.0,2.0,1.0,30.0,4.0,4.0,0.0,0.0,4.0,0.0,4.0,2.0,0.0,0.0,0.0,25.0,4.0,8.0,0.0,0.0,1.0,0.0,1.0,23.0,2.0,6.0,0.0,0.0,4.0,0.0,4.0,0.0,0.0,0.0,15.0,4.0,4.0,0.0,0.0,4.0,0.0,4.0,2.0,0.0,9.0,4.0,4.0,0.0,0.0,1.0,1.0,0.0,2.0,2.0,0.0,4.0,0.0,2.0,1.0,0.0,1.0,0.0,1.0,7.0,0.0,4.0,0.0,2.0,3.0,0.0,0.0,2.0,1.0,0.0,0.0,0.0,0.0,0.0,0.0,0.0,0.0,0.0,0.0,0.0,0.0,0.0,2.0,0.0,0.0,3.0,1.0,0.0,3.0,0.0,1.0,0.0,2.0,2.0,18.0,2.0,6.0,8.0,7.0,7.0,6.0,19.0,O=C(O)c1ccnc(C2=C(c3cc(Cl)ccc3OCc3ccccc3)CCC2)n1
CHEMBL233245,Active,24.0,2.0,4.0,0.0,2.0,3.0,31.0,5.0,5.0,0.0,4.0,2.0,0.0,6.0,0.0,0.0,0.0,0.0,27.0,6.0,9.0,0.0,5.0,2.0,0.0,7.0,0.0,26.0,6.0,7.0,0.0,2.0,2.0,0.0,4.0,2.0,0.0,29.0,5.0,6.0,0.0,2.0,2.0,4.0,2.0,1.0,30.0,4.0,5.0,0.0,2.0,4.0,0.0,6.0,1.0,0.0,1.0,1.0,25.0,4.0,7.0,0.0,4.0,2.0,0.0,6.0,22.0,3.0,6.0,0.0,5.0,3.0,0.0,8.0,0.0,0.0,0.0,16.0,3.0,4.0,0.0,6.0,4.0,0.0,10.0,2.0,0.0,9.0,4.0,4.0,0.0,4.0,1.0,5.0,1.0,2.0,2.0,0.0,4.0,0.0,2.0,1.0,0.0,1.0,2.0,1.0,7.0,0.0,4.0,0.0,2.0,3.0,0.0,0.0,2.0,1.0,0.0,0.0,0.0,0.0,0.0,0.0,0.0,0.0,0.0,0.0,0.0,0.0,0.0,2.0,2.0,2.0,3.0,1.0,0.0,3.0,0.0,1.0,2.0,2.0,2.0,18.0,2.0,6.0,6.0,7.0,7.0,6.0,19.0,O=C(O)c1cnnc(C2=C(c3cc(Cl)ccc3OCc3ccc(F)cc3F)CCC2)c1
CHEMBL233044,Inactive,24.0,2.0,4.0,0.0,0.0,1.0,31.0,5.0,5.0,0.0,0.0,2.0,0.0,2.0,0.0,0.0,0.0,0.0,29.0,4.0,7.0,0.0,0.0,2.0,0.0,2.0,2.0,29.0,3.0,7.0,0.0,0.0,2.0,0.0,2.0,2.0,0.0,29.0,5.0,8.0,0.0,0.0,2.0,2.0,0.0,1.0,29.0,5.0,6.0,0.0,0.0,4.0,0.0,4.0,0.0,0.0,0.0,0.0,25.0,4.0,7.0,0.0,0.0,3.0,0.0,3.0,21.0,4.0,5.0,0.0,0.0,3.0,0.0,3.0,0.0,0.0,0.0,16.0,3.0,4.0,0.0,0.0,3.0,0.0,3.0,2.0,0.0,10.0,3.0,4.0,0.0,0.0,1.0,1.0,0.0,2.0,2.0,0.0,4.0,0.0,2.0,1.0,0.0,1.0,0.0,1.0,7.0,0.0,4.0,0.0,2.0,3.0,0.0,0.0,2.0,1.0,0.0,0.0,0.0,0.0,0.0,0.0,0.0,0.0,0.0,0.0,0.0,0.0,0.0,2.0,0.0,0.0,3.0,1.0,0.0,3.0,0.0,1.0,0.0,2.0,2.0,18.0,2.0,6.0,6.0,7.0,7.0,6.0,19.0,O=C(O)c1cc(C2=C(c3cc(Cl)ccc3OCc3ccccc3)CCC2)cnn1
CHEMBL2442490,Inactive,12.0,5.0,3.0,2.0,3.0,3.0,15.0,9.0,4.0,1.0,3.0,0.0,0.0,3.0,0.0,3.0,3.0,3.0,13.0,7.0,5.0,2.0,3.0,0.0,0.0,3.0,2.0,9.0,10.0,4.0,3.0,6.0,0.0,0.0,6.0,1.0,2.0,14.0,5.0,1.0,1.0,3.0,0.0,3.0,3.0,0.0,10.0,3.0,4.0,2.0,12.0,0.0,0.0,12.0,2.0,0.0,0.0,0.0,7.0,2.0,6.0,2.0,9.0,0.0,0.0,9.0,6.0,1.0,4.0,1.0,3.0,0.0,0.0,3.0,0.0,6.0,6.0,4.0,0.0,5.0,0.0,0.0,0.0,0.0,0.0,0.0,0.0,1.0,0.0,4.0,0.0,0.0,0.0,0.0,0.0,0.0,0.0,0.0,0.0,0.0,0.0,0.0,0.0,2.0,3.0,2.0,2.0,0.0,0.0,0.0,0.0,0.0,0.0,0.0,0.0,0.0,0.0,0.0,0.0,0.0,0.0,0.0,0.0,0.0,0.0,0.0,0.0,0.0,0.0,1.0,3.0,0.0,3.0,0.0,0.0,0.0,3.0,0.0,0.0,2.0,4.0,16.0,4.0,2.0,10.0,2.0,2.0,2.0,15.0,O=C(O)c1csc(-n2nc(-c3ccccc3O)cc2C(F)(F)F)n1
CHEMBL233231,Inactive,27.0,0.0,4.0,0.0,0.0,2.0,36.0,0.0,5.0,0.0,0.0,4.0,0.0,4.0,0.0,0.0,0.0,0.0,33.0,0.0,9.0,0.0,0.0,4.0,0.0,4.0,0.0,32.0,0.0,9.0,0.0,0.0,3.0,0.0,3.0,0.0,0.0,34.0,0.0,8.0,0.0,0.0,1.0,1.0,0.0,1.0,34.0,0.0,6.0,0.0,0.0,1.0,0.0,1.0,0.0,0.0,0.0,1.0,29.0,0.0,8.0,0.0,0.0,3.0,0.0,3.0,25.0,0.0,6.0,0.0,0.0,5.0,0.0,5.0,0.0,0.0,0.0,19.0,0.0,4.0,0.0,0.0,6.0,0.0,6.0,2.0,0.0,13.0,0.0,4.0,0.0,0.0,6.0,6.0,0.0,0.0,0.0,0.0,4.0,0.0,2.0,1.0,0.0,1.0,0.0,1.0,7.0,0.0,4.0,0.0,2.0,3.0,0.0,0.0,2.0,1.0,0.0,0.0,0.0,0.0,0.0,0.0,0.0,0.0,0.0,0.0,0.0,0.0,0.0,2.0,0.0,0.0,3.0,2.0,0.0,3.0,0.0,2.0,0.0,0.0,0.0,18.0,0.0,6.0,4.0,7.0,7.0,6.0,21.0,O=C(O)c1cccc(C2=C(c3ccccc3OCc3ccc(Cl)c(Cl)c3)CCC2)c1
CHEMBL2442485,Inactive,12.0,5.0,4.0,2.0,3.0,3.0,16.0,9.0,4.0,1.0,3.0,0.0,0.0,3.0,0.0,3.0,3.0,3.0,15.0,7.0,4.0,2.0,3.0,0.0,0.0,3.0,2.0,13.0,10.0,3.0,3.0,3.0,0.0,0.0,3.0,0.0,2.0,15.0,7.0,1.0,3.0,6.0,0.0,6.0,2.0,0.0,14.0,3.0,3.0,2.0,6.0,0.0,0.0,6.0,3.0,3.0,0.0,0.0,9.0,2.0,8.0,1.0,12.0,0.0,0.0,12.0,6.0,1.0,7.0,0.0,6.0,0.0,0.0,6.0,0.0,0.0,0.0,2.0,1.0,6.0,1.0,0.0,0.0,0.0,0.0,0.0,9.0,2.0,0.0,3.0,0.0,3.0,0.0,3.0,0.0,0.0,0.0,0.0,0.0,0.0,0.0,0.0,1.0,1.0,3.0,1.0,3.0,0.0,0.0,0.0,0.0,0.0,0.0,0.0,0.0,0.0,0.0,0.0,0.0,0.0,0.0,0.0,0.0,0.0,0.0,0.0,0.0,0.0,0.0,2.0,3.0,0.0,3.0,0.0,0.0,0.0,3.0,0.0,0.0,2.0,4.0,16.0,4.0,2.0,11.0,2.0,2.0,3.0,15.0,COc1ccc(-c2cc(C(F)(F)F)nn2-c2nc(C(=O)O)cs2)cc1
CHEMBL1915263,Active,22.0,5.0,4.0,0.0,3.0,4.0,27.0,10.0,7.0,0.0,3.0,2.0,0.0,5.0,1.0,3.0,3.0,3.0,26.0,7.0,7.0,0.0,3.0,2.0,0.0,5.0,2.0,25.0,6.0,6.0,0.0,0.0,3.0,0.0,3.0,2.0,0.0,24.0,9.0,6.0,0.0,3.0,1.0,4.0,1.0,1.0,27.0,7.0,5.0,0.0,3.0,2.0,0.0,5.0,1.0,1.0,3.0,3.0,24.0,6.0,4.0,0.0,3.0,5.0,0.0,8.0,16.0,6.0,4.0,0.0,3.0,3.0,0.0,6.0,1.0,0.0,0.0,14.0,6.0,5.0,0.0,6.0,1.0,0.0,7.0,0.0,1.0,16.0,2.0,4.0,0.0,3.0,1.0,4.0,0.0,0.0,0.0,1.0,2.0,1.0,0.0,0.0,1.0,1.0,3.0,1.0,6.0,0.0,2.0,0.0,0.0,1.0,0.0,0.0,0.0,0.0,0.0,0.0,0.0,0.0,0.0,0.0,0.0,0.0,1.0,1.0,2.0,2.0,1.0,1.0,3.0,0.0,2.0,0.0,1.0,0.0,3.0,1.0,0.0,1.0,3.0,20.0,3.0,2.0,9.0,8.0,8.0,7.0,22.0,Cc1cc(C(=O)NCC(O)C(F)(F)F)nn1Cc1cc(Cl)cc2cc(-c3ccccc3)oc12
CHEMBL585581,Inactive,21.0,4.0,1.0,3.0,0.0,2.0,27.0,6.0,3.0,4.0,0.0,4.0,0.0,4.0,3.0,0.0,0.0,0.0,23.0,7.0,5.0,3.0,0.0,5.0,0.0,5.0,0.0,23.0,7.0,8.0,2.0,0.0,2.0,0.0,2.0,0.0,0.0,24.0,4.0,5.0,2.0,0.0,3.0,3.0,0.0,0.0,24.0,2.0,6.0,3.0,0.0,3.0,0.0,3.0,1.0,1.0,0.0,0.0,19.0,4.0,8.0,3.0,0.0,5.0,0.0,5.0,15.0,2.0,5.0,6.0,0.0,5.0,0.0,5.0,0.0,0.0,0.0,14.0,3.0,10.0,3.0,0.0,4.0,0.0,4.0,0.0,0.0,10.0,4.0,4.0,6.0,0.0,2.0,2.0,1.0,1.0,1.0,0.0,1.0,0.0,0.0,0.0,0.0,0.0,0.0,0.0,4.0,0.0,1.0,0.0,1.0,0.0,0.0,0.0,0.0,0.0,0.0,0.0,0.0,0.0,0.0,0.0,0.0,0.0,1.0,0.0,0.0,1.0,0.0,0.0,0.0,0.0,3.0,0.0,0.0,0.0,0.0,1.0,0.0,0.0,2.0,20.0,2.0,7.0,8.0,6.0,6.0,7.0,24.0,O=C(C=Cc1cccc2ccn(Cc3ccc(Cl)cc3Cl)c12)NS(=O)(=O)c1cccs1
CHEMBL3127171,Active,13.0,5.0,2.0,4.0,0.0,0.0,18.0,9.0,2.0,3.0,0.0,0.0,0.0,0.0,0.0,0.0,0.0,0.0,14.0,10.0,2.0,3.0,0.0,0.0,0.0,0.0,2.0,13.0,12.0,2.0,4.0,0.0,0.0,0.0,0.0,0.0,2.0,17.0,5.0,0.0,5.0,0.0,0.0,0.0,2.0,0.0,14.0,3.0,2.0,6.0,0.0,0.0,0.0,0.0,2.0,0.0,0.0,0.0,10.0,1.0,6.0,2.0,0.0,0.0,0.0,0.0,5.0,0.0,6.0,2.0,0.0,0.0,0.0,0.0,0.0,0.0,0.0,1.0,0.0,6.0,1.0,0.0,0.0,0.0,0.0,0.0,0.0,0.0,0.0,2.0,0.0,0.0,0.0,0.0,0.0,0.0,0.0,0.0,0.0,0.0,0.0,0.0,0.0,1.0,0.0,1.0,1.0,0.0,0.0,0.0,0.0,0.0,0.0,0.0,0.0,0.0,0.0,0.0,0.0,0.0,0.0,0.0,0.0,0.0,0.0,0.0,0.0,0.0,0.0,1.0,0.0,0.0,2.0,0.0,0.0,0.0,0.0,0.0,0.0,2.0,5.0,19.0,5.0,2.0,11.0,1.0,1.0,1.0,16.0,O=C(O)c1csc(-n2nc(-c3ccsc3)c3ccccc32)n1
CHEMBL3127160,Inactive,17.0,5.0,4.0,2.0,0.0,0.0,22.0,9.0,5.0,1.0,0.0,0.0,0.0,0.0,0.0,0.0,0.0,0.0,21.0,10.0,4.0,2.0,0.0,0.0,0.0,0.0,2.0,19.0,13.0,3.0,3.0,0.0,0.0,0.0,0.0,1.0,2.0,23.0,8.0,2.0,3.0,0.0,0.0,0.0,3.0,0.0,22.0,6.0,3.0,3.0,0.0,0.0,0.0,0.0,3.0,0.0,0.0,0.0,17.0,4.0,10.0,3.0,0.0,0.0,0.0,0.0,13.0,2.0,9.0,2.0,0.0,0.0,0.0,0.0,0.0,0.0,0.0,11.0,0.0,7.0,0.0,0.0,0.0,0.0,0.0,2.0,0.0,5.0,0.0,6.0,0.0,0.0,0.0,0.0,0.0,0.0,0.0,0.0,1.0,0.0,0.0,0.0,1.0,1.0,0.0,1.0,3.0,0.0,1.0,0.0,0.0,0.0,0.0,0.0,0.0,0.0,0.0,0.0,0.0,0.0,0.0,0.0,0.0,0.0,0.0,0.0,1.0,0.0,0.0,2.0,0.0,0.0,3.0,0.0,1.0,0.0,0.0,0.0,0.0,2.0,4.0,20.0,4.0,2.0,11.0,3.0,3.0,3.0,18.0,CCOc1ccc2c(-c3ccccc3)nn(-c3nc(C(=O)O)cs3)c2c1
CHEMBL3127159,Active,16.0,5.0,4.0,2.0,0.0,0.0,22.0,9.0,4.0,1.0,0.0,0.0,0.0,0.0,0.0,0.0,0.0,0.0,20.0,10.0,4.0,2.0,0.0,0.0,0.0,0.0,2.0,17.0,13.0,3.0,3.0,0.0,0.0,0.0,0.0,1.0,2.0,21.0,8.0,2.0,3.0,0.0,0.0,0.0,3.0,0.0,21.0,5.0,3.0,3.0,0.0,0.0,0.0,0.0,3.0,0.0,0.0,0.0,15.0,3.0,10.0,3.0,0.0,0.0,0.0,0.0,12.0,1.0,9.0,1.0,0.0,0.0,0.0,0.0,0.0,0.0,0.0,7.0,0.0,7.0,0.0,0.0,0.0,0.0,0.0,2.0,0.0,2.0,0.0,6.0,0.0,0.0,0.0,0.0,0.0,0.0,0.0,0.0,0.0,0.0,0.0,0.0,1.0,1.0,0.0,1.0,2.0,0.0,0.0,0.0,0.0,0.0,0.0,0.0,0.0,0.0,0.0,0.0,0.0,0.0,0.0,0.0,0.0,0.0,0.0,0.0,0.0,0.0,0.0,2.0,0.0,0.0,3.0,0.0,0.0,0.0,0.0,0.0,0.0,2.0,4.0,20.0,4.0,2.0,11.0,2.0,2.0,2.0,18.0,COc1ccc2c(-c3ccccc3)nn(-c3nc(C(=O)O)cs3)c2c1
CHEMBL3127158,Inactive,16.0,5.0,3.0,2.0,0.0,0.0,21.0,9.0,4.0,1.0,0.0,0.0,0.0,0.0,0.0,0.0,0.0,0.0,18.0,10.0,4.0,2.0,0.0,0.0,0.0,0.0,2.0,15.0,13.0,3.0,3.0,0.0,0.0,0.0,0.0,1.0,2.0,20.0,7.0,2.0,3.0,0.0,0.0,0.0,3.0,0.0,19.0,4.0,3.0,3.0,0.0,0.0,0.0,0.0,3.0,0.0,0.0,0.0,14.0,2.0,10.0,2.0,0.0,0.0,0.0,0.0,8.0,1.0,9.0,1.0,0.0,0.0,0.0,0.0,0.0,0.0,0.0,4.0,0.0,7.0,0.0,0.0,0.0,0.0,0.0,2.0,0.0,1.0,0.0,4.0,0.0,0.0,0.0,0.0,0.0,0.0,0.0,0.0,0.0,0.0,0.0,0.0,0.0,2.0,0.0,2.0,1.0,0.0,0.0,0.0,0.0,0.0,0.0,0.0,0.0,0.0,0.0,0.0,0.0,0.0,0.0,0.0,0.0,0.0,0.0,0.0,0.0,0.0,0.0,1.0,0.0,0.0,3.0,0.0,0.0,0.0,0.0,0.0,0.0,2.0,4.0,20.0,4.0,2.0,10.0,2.0,2.0,1.0,18.0,O=C(O)c1csc(-n2nc(-c3ccccc3)c3ccc(O)cc32)n1
CHEMBL378464,Inactive,25.0,3.0,4.0,0.0,0.0,3.0,32.0,6.0,5.0,0.0,0.0,4.0,2.0,6.0,0.0,0.0,0.0,0.0,32.0,4.0,9.0,0.0,0.0,4.0,2.0,6.0,0.0,31.0,4.0,8.0,0.0,0.0,3.0,2.0,5.0,1.0,0.0,36.0,2.0,6.0,0.0,0.0,1.0,2.0,2.0,2.0,37.0,1.0,7.0,0.0,0.0,1.0,4.0,5.0,0.0,0.0,0.0,1.0,29.0,2.0,10.0,0.0,0.0,3.0,4.0,7.0,24.0,2.0,6.0,0.0,0.0,5.0,4.0,9.0,0.0,0.0,0.0,20.0,1.0,4.0,0.0,0.0,5.0,4.0,9.0,2.0,0.0,15.0,0.0,4.0,0.0,0.0,5.0,6.0,1.0,0.0,2.0,0.0,1.0,0.0,0.0,0.0,1.0,1.0,0.0,1.0,3.0,0.0,0.0,0.0,0.0,0.0,0.0,0.0,0.0,0.0,0.0,0.0,0.0,0.0,0.0,0.0,0.0,0.0,0.0,0.0,0.0,0.0,0.0,2.0,0.0,0.0,3.0,2.0,1.0,0.0,0.0,2.0,0.0,0.0,1.0,23.0,1.0,2.0,7.0,4.0,4.0,4.0,24.0,Cc1ccc(-c2cc(Br)ccc2OCc2ccc(Cl)c(Cl)c2)n1-c1cccc(C(=O)O)c1
CHEMBL211059,Active,25.0,3.0,4.0,0.0,0.0,3.0,32.0,6.0,5.0,0.0,0.0,4.0,2.0,6.0,0.0,0.0,0.0,0.0,32.0,4.0,9.0,0.0,0.0,5.0,2.0,7.0,0.0,31.0,4.0,8.0,0.0,0.0,2.0,2.0,4.0,1.0,0.0,36.0,2.0,6.0,0.0,0.0,2.0,3.0,2.0,1.0,37.0,1.0,7.0,0.0,0.0,2.0,4.0,6.0,0.0,0.0,0.0,1.0,29.0,2.0,10.0,0.0,0.0,4.0,4.0,8.0,24.0,2.0,6.0,0.0,0.0,4.0,4.0,8.0,0.0,0.0,0.0,20.0,1.0,4.0,0.0,0.0,6.0,4.0,10.0,2.0,0.0,15.0,0.0,4.0,0.0,0.0,5.0,6.0,1.0,0.0,2.0,0.0,1.0,0.0,0.0,0.0,1.0,1.0,0.0,1.0,3.0,0.0,0.0,0.0,0.0,0.0,0.0,0.0,0.0,0.0,0.0,0.0,0.0,0.0,0.0,0.0,0.0,0.0,0.0,0.0,0.0,0.0,0.0,2.0,0.0,0.0,3.0,2.0,1.0,0.0,0.0,2.0,0.0,0.0,1.0,23.0,1.0,2.0,7.0,4.0,4.0,4.0,24.0,Cc1ccc(-c2cc(Br)ccc2OCc2ccc(Cl)cc2Cl)n1-c1cccc(C(=O)O)c1
CHEMBL211088,Active,25.0,3.0,4.0,0.0,2.0,3.0,32.0,6.0,5.0,0.0,4.0,2.0,0.0,6.0,0.0,0.0,0.0,0.0,32.0,4.0,9.0,0.0,5.0,2.0,0.0,7.0,0.0,31.0,4.0,8.0,0.0,2.0,2.0,0.0,4.0,1.0,0.0,36.0,2.0,6.0,0.0,2.0,1.0,3.0,2.0,1.0,37.0,1.0,7.0,0.0,2.0,4.0,0.0,6.0,0.0,0.0,1.0,1.0,29.0,2.0,10.0,0.0,4.0,4.0,0.0,8.0,24.0,2.0,6.0,0.0,4.0,4.0,0.0,8.0,0.0,0.0,0.0,20.0,1.0,4.0,0.0,6.0,4.0,0.0,10.0,2.0,0.0,15.0,0.0,4.0,0.0,5.0,1.0,6.0,1.0,2.0,2.0,0.0,1.0,0.0,0.0,0.0,1.0,1.0,2.0,1.0,3.0,0.0,0.0,0.0,0.0,0.0,0.0,0.0,0.0,0.0,0.0,0.0,0.0,0.0,0.0,0.0,0.0,0.0,0.0,0.0,0.0,0.0,0.0,2.0,2.0,2.0,3.0,2.0,1.0,0.0,0.0,2.0,2.0,0.0,1.0,23.0,1.0,2.0,7.0,4.0,4.0,4.0,24.0,Cc1ccc(-c2cc(Cl)ccc2OCc2ccc(F)cc2F)n1-c1cccc(C(=O)O)c1
CHEMBL233768,Active,33.0,5.0,3.0,0.0,0.0,1.0,42.0,9.0,4.0,0.0,0.0,2.0,0.0,2.0,1.0,0.0,0.0,0.0,42.0,8.0,8.0,0.0,0.0,2.0,0.0,2.0,0.0,40.0,7.0,8.0,0.0,0.0,2.0,0.0,2.0,1.0,0.0,45.0,5.0,7.0,0.0,0.0,1.0,1.0,0.0,1.0,47.0,1.0,5.0,0.0,0.0,4.0,0.0,4.0,1.0,0.0,0.0,0.0,42.0,5.0,5.0,0.0,0.0,4.0,0.0,4.0,34.0,8.0,5.0,0.0,0.0,4.0,0.0,4.0,0.0,0.0,0.0,32.0,5.0,3.0,0.0,0.0,3.0,0.0,3.0,0.0,0.0,31.0,4.0,2.0,0.0,0.0,2.0,2.0,0.0,0.0,0.0,1.0,1.0,0.0,0.0,0.0,2.0,0.0,0.0,0.0,5.0,0.0,1.0,0.0,0.0,0.0,0.0,0.0,0.0,0.0,0.0,0.0,0.0,0.0,0.0,0.0,0.0,0.0,1.0,1.0,0.0,2.0,1.0,1.0,0.0,0.0,2.0,1.0,2.0,0.0,0.0,2.0,0.0,0.0,1.0,29.0,1.0,2.0,8.0,7.0,7.0,7.0,32.0,Cc1ccc(-c2cc(Cl)ccc2OCc2ccccc2)n1-c1ccc(C(=O)NC(C)c2ccccc2)cc1
CHEMBL492237,Active,21.0,7.0,3.0,0.0,0.0,1.0,26.0,12.0,4.0,0.0,0.0,2.0,0.0,2.0,1.0,0.0,0.0,0.0,23.0,10.0,7.0,0.0,0.0,2.0,0.0,2.0,1.0,23.0,9.0,4.0,0.0,0.0,2.0,0.0,2.0,2.0,0.0,25.0,11.0,5.0,0.0,0.0,0.0,0.0,1.0,1.0,26.0,8.0,5.0,0.0,0.0,2.0,0.0,2.0,0.0,1.0,0.0,0.0,20.0,10.0,4.0,0.0,0.0,4.0,0.0,4.0,18.0,7.0,2.0,0.0,0.0,3.0,0.0,3.0,1.0,0.0,0.0,19.0,4.0,4.0,0.0,0.0,0.0,0.0,0.0,0.0,1.0,16.0,3.0,3.0,0.0,0.0,1.0,1.0,0.0,0.0,0.0,1.0,3.0,1.0,0.0,0.0,4.0,0.0,0.0,0.0,9.0,0.0,3.0,1.0,0.0,3.0,0.0,0.0,0.0,0.0,0.0,0.0,0.0,0.0,0.0,0.0,0.0,2.0,0.0,0.0,1.0,3.0,1.0,1.0,0.0,0.0,2.0,0.0,3.0,0.0,0.0,1.0,0.0,1.0,2.0,17.0,2.0,2.0,10.0,12.0,12.0,10.0,20.0,CNCc1ccc(NC(=O)c2cc(C)n(Cc3cc(Cl)ccc3OCC(C)C)n2)cc1.Cl
CHEMBL520950,Inactive,23.0,8.0,5.0,0.0,0.0,1.0,30.0,12.0,6.0,0.0,0.0,2.0,0.0,2.0,1.0,0.0,0.0,0.0,28.0,10.0,8.0,0.0,0.0,2.0,0.0,2.0,1.0,26.0,12.0,5.0,0.0,0.0,2.0,0.0,2.0,2.0,0.0,31.0,12.0,5.0,0.0,0.0,0.0,0.0,2.0,1.0,32.0,9.0,7.0,0.0,0.0,2.0,0.0,2.0,1.0,1.0,0.0,0.0,24.0,12.0,5.0,0.0,0.0,4.0,0.0,4.0,19.0,9.0,7.0,0.0,0.0,2.0,0.0,2.0,0.0,0.0,0.0,24.0,4.0,3.0,0.0,0.0,1.0,0.0,1.0,2.0,0.0,17.0,8.0,5.0,0.0,0.0,1.0,1.0,0.0,1.0,1.0,1.0,7.0,1.0,2.0,0.0,3.0,0.0,0.0,0.0,12.0,0.0,5.0,1.0,0.0,3.0,0.0,0.0,0.0,0.0,0.0,0.0,0.0,0.0,0.0,0.0,0.0,2.0,2.0,4.0,3.0,4.0,3.0,3.0,0.0,0.0,3.0,0.0,3.0,0.0,0.0,2.0,0.0,1.0,2.0,17.0,4.0,2.0,13.0,17.0,17.0,10.0,20.0,Cc1cc(NC(=O)c2cccc(CN3CCOCC3)c2)nn1Cc1cc(Cl)ccc1OCC(C)C.Cl
CHEMBL391270,Inactive,20.0,6.0,4.0,1.0,0.0,2.0,24.0,9.0,5.0,4.0,0.0,4.0,0.0,4.0,5.0,0.0,0.0,0.0,21.0,9.0,11.0,5.0,0.0,4.0,0.0,4.0,1.0,17.0,10.0,14.0,3.0,0.0,3.0,0.0,3.0,0.0,1.0,21.0,9.0,11.0,3.0,0.0,3.0,3.0,3.0,2.0,21.0,14.0,12.0,0.0,0.0,4.0,0.0,4.0,2.0,1.0,0.0,3.0,20.0,13.0,3.0,1.0,0.0,5.0,0.0,5.0,16.0,11.0,5.0,2.0,0.0,4.0,0.0,4.0,0.0,0.0,0.0,17.0,7.0,6.0,2.0,0.0,3.0,0.0,3.0,0.0,0.0,21.0,2.0,4.0,1.0,0.0,4.0,4.0,0.0,0.0,0.0,0.0,1.0,0.0,0.0,0.0,2.0,0.0,0.0,0.0,3.0,0.0,0.0,0.0,0.0,0.0,0.0,0.0,0.0,0.0,0.0,0.0,0.0,0.0,0.0,0.0,0.0,0.0,0.0,0.0,0.0,1.0,0.0,1.0,0.0,0.0,3.0,0.0,1.0,0.0,0.0,0.0,0.0,2.0,3.0,23.0,3.0,4.0,11.0,6.0,6.0,8.0,23.0,COc1ccc(Nc2nnc(CN(c3cccc(Cl)c3Cl)S(=O)(=O)c3ccc(C)cc3)o2)cc1
CHEMBL232926,Inactive,23.0,4.0,2.0,1.0,0.0,3.0,27.0,8.0,4.0,4.0,0.0,6.0,0.0,6.0,4.0,0.0,0.0,0.0,24.0,8.0,9.0,5.0,0.0,8.0,0.0,8.0,1.0,19.0,8.0,13.0,4.0,0.0,4.0,0.0,4.0,0.0,1.0,22.0,10.0,13.0,3.0,0.0,2.0,2.0,2.0,1.0,24.0,13.0,12.0,1.0,0.0,4.0,0.0,4.0,2.0,1.0,0.0,2.0,25.0,11.0,5.0,1.0,0.0,3.0,0.0,3.0,22.0,6.0,3.0,2.0,0.0,4.0,0.0,4.0,0.0,0.0,0.0,21.0,3.0,5.0,2.0,0.0,4.0,0.0,4.0,0.0,0.0,23.0,1.0,4.0,1.0,0.0,5.0,5.0,1.0,2.0,2.0,0.0,2.0,0.0,0.0,0.0,2.0,0.0,0.0,0.0,4.0,0.0,0.0,0.0,0.0,0.0,0.0,0.0,0.0,0.0,0.0,0.0,0.0,0.0,0.0,0.0,0.0,0.0,0.0,0.0,0.0,1.0,0.0,0.0,0.0,0.0,2.0,0.0,2.0,1.0,0.0,0.0,0.0,2.0,3.0,23.0,3.0,4.0,7.0,6.0,6.0,7.0,22.0,Cc1ccc(S(=O)(=O)N(Cc2nnc(Cc3ccc(Cl)cc3Cl)o2)c2cccc(Cl)c2C)cc1
CHEMBL400025,Inactive,23.0,4.0,2.0,1.0,1.0,2.0,27.0,8.0,4.0,4.0,2.0,2.0,0.0,4.0,4.0,0.0,0.0,0.0,24.0,8.0,9.0,5.0,2.0,3.0,0.0,5.0,1.0,19.0,8.0,13.0,4.0,2.0,1.0,0.0,3.0,0.0,1.0,22.0,10.0,13.0,3.0,1.0,1.0,2.0,2.0,0.0,24.0,13.0,12.0,1.0,0.0,2.0,0.0,2.0,2.0,1.0,1.0,3.0,25.0,11.0,5.0,1.0,1.0,2.0,0.0,3.0,22.0,6.0,3.0,2.0,1.0,3.0,0.0,4.0,0.0,0.0,0.0,21.0,3.0,5.0,2.0,0.0,2.0,0.0,2.0,0.0,0.0,23.0,1.0,4.0,1.0,1.0,2.0,3.0,0.0,0.0,0.0,0.0,2.0,0.0,0.0,0.0,2.0,0.0,1.0,0.0,4.0,0.0,0.0,0.0,0.0,0.0,0.0,0.0,0.0,0.0,0.0,0.0,0.0,0.0,0.0,0.0,0.0,0.0,0.0,0.0,0.0,1.0,0.0,0.0,1.0,1.0,2.0,0.0,2.0,1.0,0.0,0.0,1.0,2.0,3.0,23.0,3.0,4.0,7.0,6.0,6.0,7.0,22.0,Cc1ccc(S(=O)(=O)N(Cc2nnc(Cc3cccc(F)c3)o2)c2cccc(Cl)c2C)cc1
CHEMBL233975,Active,24.0,5.0,2.0,0.0,0.0,1.0,30.0,12.0,3.0,0.0,0.0,2.0,0.0,2.0,0.0,0.0,0.0,0.0,30.0,10.0,5.0,0.0,0.0,2.0,0.0,2.0,0.0,30.0,7.0,4.0,0.0,0.0,2.0,0.0,2.0,1.0,0.0,34.0,4.0,4.0,0.0,0.0,1.0,1.0,0.0,1.0,33.0,9.0,3.0,0.0,0.0,4.0,0.0,4.0,0.0,0.0,0.0,0.0,27.0,12.0,2.0,0.0,0.0,4.0,0.0,4.0,22.0,8.0,1.0,0.0,0.0,4.0,0.0,4.0,0.0,0.0,0.0,18.0,7.0,0.0,0.0,0.0,3.0,0.0,3.0,0.0,0.0,14.0,5.0,0.0,0.0,0.0,1.0,1.0,2.0,0.0,0.0,0.0,1.0,0.0,0.0,0.0,1.0,0.0,0.0,0.0,2.0,0.0,0.0,0.0,0.0,0.0,0.0,0.0,0.0,0.0,0.0,0.0,0.0,0.0,0.0,0.0,0.0,0.0,0.0,0.0,0.0,0.0,0.0,1.0,0.0,0.0,1.0,1.0,1.0,0.0,0.0,0.0,0.0,2.0,4.0,26.0,4.0,0.0,7.0,5.0,5.0,3.0,24.0,Cc1ccc(-c2cc(Cl)ccc2OCc2ccccc2)n1-c1ccc2nn[nH]c2c1
CHEMBL393187,Active,24.0,3.0,2.0,1.0,0.0,1.0,30.0,7.0,5.0,2.0,0.0,2.0,0.0,2.0,2.0,0.0,0.0,0.0,30.0,6.0,9.0,2.0,0.0,2.0,0.0,2.0,0.0,30.0,5.0,8.0,1.0,0.0,2.0,0.0,2.0,1.0,0.0,34.0,3.0,6.0,0.0,0.0,1.0,1.0,0.0,1.0,33.0,1.0,3.0,2.0,0.0,4.0,0.0,4.0,2.0,0.0,0.0,0.0,27.0,4.0,6.0,4.0,0.0,4.0,0.0,4.0,22.0,6.0,9.0,2.0,0.0,4.0,0.0,4.0,0.0,0.0,0.0,18.0,3.0,4.0,2.0,0.0,3.0,0.0,3.0,0.0,0.0,14.0,2.0,4.0,2.0,0.0,1.0,1.0,0.0,0.0,0.0,0.0,1.0,0.0,0.0,0.0,1.0,0.0,0.0,0.0,2.0,0.0,0.0,0.0,0.0,0.0,0.0,0.0,0.0,0.0,0.0,0.0,0.0,0.0,0.0,0.0,0.0,0.0,0.0,0.0,0.0,0.0,0.0,1.0,0.0,0.0,3.0,1.0,1.0,0.0,0.0,0.0,0.0,0.0,1.0,23.0,1.0,4.0,6.0,4.0,4.0,4.0,24.0,Cc1ccc(-c2cc(Cl)ccc2OCc2ccccc2)n1-c1ccc(S(N)(=O)=O)cc1
CHEMBL395523,Active,26.0,3.0,4.0,0.0,4.0,4.0,34.0,6.0,5.0,0.0,5.0,0.0,0.0,5.0,0.0,3.0,3.0,3.0,34.0,4.0,9.0,0.0,8.0,0.0,0.0,8.0,0.0,33.0,4.0,8.0,0.0,9.0,0.0,0.0,9.0,1.0,0.0,37.0,3.0,7.0,0.0,11.0,0.0,11.0,2.0,0.0,41.0,1.0,7.0,0.0,5.0,0.0,0.0,5.0,0.0,3.0,5.0,5.0,33.0,2.0,10.0,0.0,14.0,0.0,0.0,14.0,28.0,2.0,6.0,0.0,15.0,0.0,0.0,15.0,0.0,0.0,0.0,24.0,1.0,4.0,0.0,13.0,0.0,0.0,13.0,2.0,0.0,16.0,0.0,6.0,0.0,14.0,0.0,14.0,0.0,0.0,0.0,0.0,1.0,0.0,0.0,0.0,1.0,1.0,4.0,1.0,4.0,0.0,0.0,0.0,0.0,0.0,0.0,0.0,0.0,0.0,0.0,0.0,0.0,0.0,0.0,0.0,0.0,0.0,0.0,0.0,0.0,0.0,0.0,2.0,4.0,1.0,3.0,2.0,1.0,0.0,3.0,2.0,1.0,0.0,1.0,23.0,1.0,2.0,7.0,4.0,4.0,5.0,25.0,Cc1ccc(-c2cc(C(F)(F)F)ccc2OCc2ccccc2)n1-c1cc(C(=O)O)ccc1F
CHEMBL232924,Inactive,23.0,4.0,2.0,1.0,0.0,2.0,27.0,8.0,4.0,4.0,0.0,4.0,0.0,4.0,4.0,0.0,0.0,0.0,24.0,8.0,9.0,5.0,0.0,5.0,0.0,5.0,1.0,19.0,8.0,13.0,4.0,0.0,3.0,0.0,3.0,0.0,1.0,22.0,10.0,13.0,3.0,0.0,2.0,2.0,2.0,0.0,24.0,13.0,12.0,1.0,0.0,2.0,0.0,2.0,2.0,1.0,0.0,3.0,25.0,11.0,5.0,1.0,0.0,3.0,0.0,3.0,22.0,6.0,3.0,2.0,0.0,4.0,0.0,4.0,0.0,0.0,0.0,21.0,3.0,5.0,2.0,0.0,2.0,0.0,2.0,0.0,0.0,23.0,1.0,4.0,1.0,0.0,3.0,3.0,0.0,0.0,0.0,0.0,2.0,0.0,0.0,0.0,2.0,0.0,0.0,0.0,4.0,0.0,0.0,0.0,0.0,0.0,0.0,0.0,0.0,0.0,0.0,0.0,0.0,0.0,0.0,0.0,0.0,0.0,0.0,0.0,0.0,1.0,0.0,0.0,0.0,0.0,2.0,0.0,2.0,1.0,0.0,0.0,0.0,2.0,3.0,23.0,3.0,4.0,7.0,6.0,6.0,7.0,22.0,Cc1ccc(S(=O)(=O)N(Cc2nnc(Cc3cccc(Cl)c3)o2)c2cccc(Cl)c2C)cc1
CHEMBL395542,Active,25.0,2.0,4.0,0.0,1.0,2.0,33.0,3.0,5.0,0.0,2.0,0.0,2.0,4.0,0.0,0.0,0.0,0.0,30.0,3.0,9.0,0.0,2.0,0.0,2.0,4.0,0.0,28.0,4.0,9.0,0.0,1.0,0.0,2.0,3.0,0.0,0.0,32.0,2.0,6.0,0.0,1.0,0.0,3.0,2.0,1.0,32.0,2.0,5.0,0.0,0.0,0.0,4.0,4.0,1.0,0.0,1.0,1.0,27.0,2.0,8.0,0.0,1.0,0.0,2.0,3.0,24.0,1.0,6.0,0.0,2.0,0.0,4.0,6.0,0.0,0.0,0.0,17.0,2.0,4.0,0.0,3.0,0.0,4.0,7.0,2.0,0.0,11.0,2.0,4.0,0.0,3.0,0.0,4.0,0.0,0.0,2.0,0.0,4.0,0.0,2.0,1.0,0.0,1.0,1.0,1.0,7.0,0.0,4.0,0.0,2.0,3.0,0.0,0.0,2.0,1.0,0.0,0.0,0.0,0.0,0.0,0.0,0.0,0.0,0.0,0.0,0.0,0.0,0.0,2.0,1.0,1.0,3.0,1.0,0.0,3.0,0.0,2.0,1.0,1.0,1.0,18.0,1.0,6.0,6.0,7.0,7.0,6.0,20.0,O=C(O)c1ccnc(C2=C(c3cc(Br)ccc3OCc3ccc(F)cc3)CCC2)c1
CHEMBL234290,Inactive,26.0,2.0,4.0,0.0,3.0,3.0,35.0,3.0,5.0,0.0,3.0,0.0,0.0,3.0,0.0,3.0,3.0,3.0,34.0,1.0,7.0,0.0,6.0,0.0,0.0,6.0,2.0,33.0,1.0,9.0,0.0,6.0,0.0,0.0,6.0,0.0,0.0,34.0,2.0,9.0,0.0,6.0,0.0,6.0,0.0,0.0,35.0,3.0,6.0,0.0,6.0,0.0,0.0,6.0,0.0,0.0,3.0,3.0,30.0,2.0,8.0,0.0,12.0,0.0,0.0,12.0,27.0,2.0,5.0,0.0,9.0,0.0,0.0,9.0,0.0,0.0,0.0,20.0,3.0,4.0,0.0,12.0,0.0,0.0,12.0,2.0,0.0,13.0,1.0,6.0,0.0,9.0,0.0,9.0,3.0,0.0,0.0,0.0,4.0,0.0,2.0,1.0,0.0,1.0,3.0,1.0,8.0,0.0,4.0,0.0,2.0,3.0,0.0,0.0,2.0,1.0,0.0,0.0,0.0,0.0,0.0,0.0,0.0,0.0,0.0,0.0,0.0,0.0,0.0,2.0,3.0,0.0,3.0,1.0,0.0,3.0,3.0,1.0,0.0,1.0,1.0,18.0,1.0,6.0,6.0,7.0,7.0,7.0,21.0,O=C(O)c1cc(C2=C(c3cc(C(F)(F)F)ccc3OCc3ccccc3)CCC2)ccn1
CHEMBL234710,Active,27.0,0.0,4.0,2.0,2.0,2.0,37.0,0.0,9.0,2.0,4.0,0.0,0.0,4.0,0.0,0.0,0.0,0.0,35.0,0.0,13.0,2.0,5.0,0.0,0.0,5.0,0.0,34.0,0.0,13.0,2.0,2.0,0.0,0.0,2.0,0.0,0.0,36.0,0.0,12.0,2.0,2.0,0.0,2.0,0.0,0.0,36.0,0.0,11.0,4.0,2.0,0.0,0.0,2.0,0.0,0.0,1.0,1.0,33.0,0.0,16.0,3.0,4.0,0.0,0.0,4.0,28.0,0.0,12.0,4.0,5.0,0.0,0.0,5.0,0.0,0.0,0.0,23.0,0.0,12.0,4.0,6.0,0.0,0.0,6.0,2.0,0.0,17.0,0.0,12.0,1.0,6.0,0.0,6.0,0.0,0.0,2.0,0.0,4.0,0.0,2.0,1.0,1.0,1.0,2.0,1.0,8.0,0.0,4.0,0.0,2.0,3.0,0.0,0.0,2.0,1.0,0.0,0.0,0.0,0.0,0.0,0.0,0.0,0.0,0.0,0.0,0.0,0.0,0.0,2.0,2.0,2.0,5.0,2.0,0.0,3.0,0.0,2.0,2.0,0.0,0.0,18.0,0.0,10.0,6.0,8.0,8.0,7.0,22.0,CS(=O)(=O)c1ccc(OCc2ccc(F)cc2F)c(C2=C(c3cccc(C(=O)O)c3)CCC2)c1
CHEMBL215400,Active,18.0,3.0,4.0,0.0,0.0,2.0,21.0,8.0,5.0,0.0,0.0,2.0,2.0,4.0,0.0,0.0,0.0,0.0,19.0,5.0,7.0,0.0,0.0,2.0,2.0,4.0,2.0,16.0,4.0,5.0,0.0,0.0,1.0,2.0,3.0,3.0,0.0,19.0,4.0,6.0,0.0,0.0,1.0,1.0,1.0,1.0,22.0,3.0,5.0,0.0,0.0,0.0,2.0,2.0,0.0,1.0,0.0,1.0,19.0,3.0,5.0,0.0,0.0,1.0,4.0,5.0,12.0,4.0,4.0,0.0,0.0,2.0,3.0,5.0,2.0,0.0,0.0,10.0,3.0,4.0,0.0,0.0,3.0,2.0,5.0,0.0,2.0,9.0,1.0,2.0,0.0,0.0,1.0,2.0,1.0,0.0,0.0,0.0,2.0,0.0,0.0,0.0,1.0,1.0,0.0,1.0,4.0,0.0,0.0,0.0,0.0,0.0,0.0,0.0,0.0,0.0,0.0,0.0,0.0,0.0,0.0,0.0,0.0,0.0,0.0,0.0,0.0,0.0,0.0,2.0,0.0,0.0,3.0,1.0,1.0,0.0,0.0,1.0,0.0,1.0,2.0,17.0,2.0,2.0,7.0,6.0,6.0,6.0,17.0,Cc1cc(C(=O)O)nn1Cc1cc(Br)ccc1OCc1ccc(Cl)cc1
CHEMBL548,Active,20.0,0.0,5.0,0.0,0.0,0.0,22.0,0.0,8.0,0.0,0.0,0.0,0.0,0.0,0.0,0.0,0.0,0.0,20.0,0.0,10.0,0.0,0.0,0.0,0.0,0.0,0.0,19.0,0.0,8.0,0.0,0.0,0.0,0.0,0.0,0.0,0.0,18.0,0.0,9.0,0.0,0.0,0.0,0.0,0.0,0.0,17.0,0.0,10.0,0.0,0.0,0.0,0.0,0.0,0.0,0.0,0.0,0.0,16.0,0.0,7.0,0.0,0.0,0.0,0.0,0.0,15.0,0.0,7.0,0.0,0.0,0.0,0.0,0.0,0.0,0.0,0.0,13.0,0.0,9.0,0.0,0.0,0.0,0.0,0.0,0.0,0.0,9.0,0.0,10.0,0.0,0.0,0.0,0.0,0.0,0.0,0.0,4.0,9.0,3.0,5.0,3.0,1.0,3.0,0.0,3.0,20.0,2.0,18.0,2.0,4.0,18.0,7.0,7.0,18.0,12.0,6.0,3.0,1.0,3.0,5.0,0.0,5.0,5.0,0.0,0.0,5.0,0.0,0.0,3.0,0.0,0.0,5.0,0.0,1.0,9.0,0.0,0.0,0.0,0.0,0.0,0.0,0.0,0.0,5.0,21.0,21.0,12.0,10.0,CCCCCC(O)C=CC1C(O)CC(=O)C1CC=CCCCC(=O)O
CHEMBL3127169,Inactive,15.0,5.0,2.0,2.0,0.0,0.0,20.0,9.0,2.0,1.0,0.0,0.0,0.0,0.0,0.0,0.0,0.0,0.0,15.0,10.0,2.0,2.0,0.0,0.0,0.0,0.0,2.0,14.0,13.0,2.0,3.0,0.0,0.0,0.0,0.0,0.0,2.0,19.0,6.0,0.0,3.0,0.0,0.0,0.0,2.0,0.0,17.0,3.0,2.0,3.0,0.0,0.0,0.0,0.0,2.0,0.0,0.0,0.0,11.0,2.0,6.0,2.0,0.0,0.0,0.0,0.0,7.0,0.0,6.0,0.0,0.0,0.0,0.0,0.0,0.0,0.0,0.0,2.0,0.0,6.0,0.0,0.0,0.0,0.0,0.0,0.0,0.0,0.0,0.0,4.0,0.0,0.0,0.0,0.0,0.0,0.0,0.0,0.0,3.0,0.0,2.0,1.0,0.0,1.0,0.0,1.0,6.0,0.0,4.0,0.0,2.0,3.0,0.0,0.0,2.0,1.0,0.0,0.0,0.0,0.0,0.0,0.0,0.0,0.0,0.0,0.0,0.0,0.0,0.0,1.0,0.0,0.0,2.0,0.0,0.0,3.0,0.0,0.0,0.0,2.0,4.0,14.0,4.0,4.0,9.0,5.0,5.0,2.0,14.0,O=C(O)c1csc(-n2nc(C3=CCCC3)c3ccccc32)n1
CHEMBL3127166,Active,16.0,5.0,2.0,2.0,0.0,1.0,21.0,9.0,2.0,1.0,0.0,2.0,0.0,2.0,0.0,0.0,0.0,0.0,18.0,10.0,2.0,2.0,0.0,2.0,0.0,2.0,2.0,15.0,13.0,2.0,3.0,0.0,1.0,0.0,1.0,0.0,2.0,20.0,7.0,0.0,3.0,0.0,1.0,1.0,2.0,0.0,19.0,4.0,2.0,3.0,0.0,1.0,0.0,1.0,2.0,1.0,0.0,0.0,14.0,2.0,6.0,2.0,0.0,2.0,0.0,2.0,8.0,1.0,6.0,1.0,0.0,3.0,0.0,3.0,0.0,0.0,0.0,4.0,0.0,6.0,0.0,0.0,1.0,0.0,1.0,0.0,0.0,1.0,0.0,4.0,0.0,0.0,2.0,2.0,0.0,0.0,0.0,0.0,0.0,0.0,0.0,0.0,0.0,1.0,0.0,1.0,1.0,0.0,0.0,0.0,0.0,0.0,0.0,0.0,0.0,0.0,0.0,0.0,0.0,0.0,0.0,0.0,0.0,0.0,0.0,0.0,0.0,0.0,0.0,1.0,0.0,0.0,2.0,0.0,0.0,0.0,0.0,0.0,0.0,2.0,4.0,20.0,4.0,2.0,9.0,1.0,1.0,1.0,18.0,O=C(O)c1csc(-n2nc(-c3ccc(Cl)cc3)c3ccccc32)n1
CHEMBL3127175,Active,16.0,5.0,2.0,2.0,0.0,0.0,21.0,9.0,2.0,1.0,0.0,0.0,0.0,0.0,0.0,0.0,0.0,0.0,18.0,10.0,2.0,2.0,0.0,0.0,0.0,0.0,2.0,15.0,13.0,2.0,3.0,0.0,0.0,0.0,0.0,0.0,2.0,20.0,7.0,0.0,3.0,0.0,0.0,0.0,2.0,0.0,19.0,4.0,2.0,3.0,0.0,0.0,0.0,0.0,2.0,0.0,0.0,0.0,14.0,2.0,6.0,2.0,0.0,0.0,0.0,0.0,8.0,1.0,6.0,1.0,0.0,0.0,0.0,0.0,0.0,0.0,0.0,4.0,0.0,6.0,0.0,0.0,0.0,0.0,0.0,0.0,0.0,1.0,0.0,4.0,0.0,0.0,0.0,0.0,0.0,0.0,0.0,0.0,0.0,0.0,0.0,0.0,0.0,1.0,0.0,1.0,1.0,0.0,0.0,0.0,0.0,0.0,0.0,0.0,0.0,0.0,0.0,0.0,0.0,0.0,0.0,0.0,0.0,0.0,0.0,0.0,0.0,0.0,0.0,1.0,0.0,0.0,2.0,0.0,0.0,0.0,0.0,0.0,0.0,2.0,4.0,20.0,4.0,2.0,9.0,1.0,1.0,1.0,18.0,O=C(O)c1csc(-n2nc(-c3ccccc3)c3ccccc32)n1
CHEMBL270162,Inactive,16.0,2.0,4.0,2.0,0.0,1.0,20.0,3.0,5.0,2.0,0.0,2.0,0.0,2.0,0.0,0.0,0.0,0.0,16.0,2.0,7.0,3.0,0.0,2.0,0.0,2.0,2.0,14.0,2.0,5.0,2.0,0.0,2.0,0.0,2.0,1.0,3.0,16.0,2.0,5.0,2.0,0.0,0.0,0.0,0.0,1.0,18.0,1.0,5.0,1.0,0.0,3.0,0.0,3.0,0.0,0.0,0.0,0.0,14.0,2.0,4.0,2.0,0.0,2.0,0.0,2.0,10.0,2.0,4.0,2.0,0.0,2.0,0.0,2.0,0.0,0.0,2.0,7.0,1.0,2.0,1.0,0.0,2.0,0.0,2.0,0.0,0.0,4.0,0.0,4.0,0.0,0.0,1.0,1.0,0.0,0.0,0.0,0.0,1.0,0.0,0.0,0.0,0.0,0.0,0.0,0.0,2.0,0.0,0.0,0.0,0.0,0.0,0.0,0.0,0.0,0.0,0.0,0.0,0.0,0.0,0.0,0.0,0.0,0.0,0.0,0.0,0.0,0.0,0.0,2.0,0.0,0.0,3.0,1.0,0.0,0.0,0.0,0.0,0.0,1.0,2.0,17.0,2.0,2.0,8.0,2.0,2.0,4.0,16.0,O=C([O-])c1csc(-c2cc(Cl)ccc2OCc2ccccc2)n1.[Na+]
CHEMBL270208,Active,14.0,3.0,4.0,0.0,0.0,1.0,16.0,8.0,5.0,0.0,0.0,2.0,0.0,2.0,0.0,0.0,0.0,0.0,14.0,5.0,7.0,0.0,0.0,2.0,0.0,2.0,2.0,15.0,4.0,3.0,0.0,0.0,2.0,0.0,2.0,3.0,0.0,17.0,4.0,5.0,0.0,0.0,0.0,0.0,1.0,1.0,17.0,3.0,5.0,0.0,0.0,2.0,0.0,2.0,0.0,1.0,0.0,0.0,11.0,3.0,5.0,0.0,0.0,4.0,0.0,4.0,7.0,2.0,4.0,0.0,0.0,3.0,0.0,3.0,2.0,0.0,0.0,7.0,0.0,4.0,0.0,0.0,0.0,0.0,0.0,0.0,2.0,2.0,0.0,2.0,0.0,0.0,0.0,0.0,0.0,0.0,0.0,1.0,2.0,1.0,0.0,0.0,3.0,0.0,0.0,0.0,7.0,0.0,3.0,1.0,0.0,3.0,0.0,0.0,0.0,0.0,0.0,0.0,0.0,0.0,0.0,0.0,0.0,2.0,0.0,0.0,1.0,0.0,0.0,2.0,0.0,0.0,3.0,0.0,3.0,0.0,0.0,1.0,0.0,1.0,2.0,11.0,2.0,2.0,7.0,7.0,7.0,6.0,12.0,Cc1cc(C(=O)[O-])nn1Cc1cc(Cl)ccc1OCC(C)C.[Na+]
CHEMBL403459,Inactive,19.0,3.0,4.0,0.0,0.0,1.0,25.0,4.0,5.0,0.0,0.0,2.0,0.0,2.0,0.0,0.0,0.0,0.0,21.0,3.0,9.0,0.0,0.0,2.0,0.0,2.0,0.0,18.0,2.0,5.0,0.0,0.0,2.0,0.0,2.0,3.0,0.0,21.0,2.0,7.0,0.0,0.0,0.0,0.0,0.0,1.0,24.0,1.0,5.0,0.0,0.0,3.0,0.0,3.0,0.0,0.0,0.0,0.0,20.0,2.0,5.0,0.0,0.0,4.0,0.0,4.0,14.0,2.0,4.0,0.0,0.0,3.0,0.0,3.0,2.0,0.0,0.0,12.0,1.0,4.0,0.0,0.0,2.0,0.0,2.0,0.0,2.0,10.0,0.0,2.0,0.0,0.0,1.0,1.0,0.0,0.0,0.0,0.0,2.0,0.0,0.0,0.0,1.0,1.0,0.0,1.0,4.0,0.0,0.0,0.0,0.0,0.0,0.0,0.0,0.0,0.0,0.0,0.0,0.0,0.0,0.0,0.0,0.0,0.0,0.0,0.0,0.0,0.0,0.0,2.0,0.0,0.0,3.0,1.0,1.0,0.0,0.0,1.0,0.0,0.0,1.0,17.0,1.0,2.0,7.0,6.0,6.0,6.0,18.0,Cc1cc(C(=O)O)cn1Cc1cc(Cl)ccc1OCc1ccccc1
CHEMBL258226,Inactive,18.0,5.0,5.0,0.0,0.0,1.0,22.0,8.0,4.0,0.0,0.0,2.0,0.0,2.0,2.0,0.0,0.0,0.0,20.0,7.0,8.0,0.0,0.0,2.0,0.0,2.0,0.0,16.0,8.0,6.0,0.0,0.0,2.0,0.0,2.0,3.0,0.0,22.0,6.0,4.0,0.0,0.0,0.0,0.0,3.0,1.0,23.0,7.0,7.0,0.0,0.0,2.0,0.0,2.0,0.0,1.0,0.0,0.0,22.0,6.0,2.0,0.0,0.0,4.0,0.0,4.0,15.0,6.0,5.0,0.0,0.0,2.0,0.0,2.0,0.0,0.0,0.0,14.0,4.0,4.0,0.0,0.0,3.0,0.0,3.0,2.0,0.0,12.0,3.0,5.0,0.0,0.0,1.0,1.0,0.0,2.0,2.0,0.0,3.0,0.0,0.0,0.0,2.0,0.0,0.0,0.0,6.0,0.0,1.0,0.0,0.0,0.0,0.0,0.0,0.0,0.0,0.0,0.0,0.0,0.0,0.0,0.0,0.0,0.0,0.0,0.0,1.0,1.0,0.0,3.0,0.0,0.0,3.0,1.0,2.0,0.0,0.0,0.0,0.0,1.0,2.0,17.0,2.0,0.0,10.0,9.0,9.0,9.0,18.0,CCOC(=O)Nc1cc(C)n(Cc2cc(Cl)ccc2OCc2ccccc2)n1
CHEMBL437796,Active,25.0,7.0,3.0,0.0,0.0,1.0,32.0,12.0,4.0,0.0,0.0,2.0,0.0,2.0,1.0,0.0,0.0,0.0,27.0,13.0,9.0,0.0,0.0,2.0,0.0,2.0,0.0,26.0,9.0,5.0,0.0,0.0,2.0,0.0,2.0,3.0,0.0,28.0,12.0,5.0,0.0,0.0,0.0,0.0,2.0,1.0,29.0,11.0,6.0,0.0,0.0,2.0,0.0,2.0,0.0,1.0,0.0,0.0,30.0,9.0,1.0,0.0,0.0,4.0,0.0,4.0,22.0,11.0,3.0,0.0,0.0,2.0,0.0,2.0,0.0,0.0,0.0,25.0,6.0,3.0,0.0,0.0,3.0,0.0,3.0,1.0,0.0,22.0,5.0,5.0,0.0,0.0,2.0,2.0,0.0,1.0,1.0,0.0,2.0,0.0,0.0,0.0,3.0,0.0,0.0,0.0,7.0,0.0,3.0,1.0,0.0,3.0,0.0,0.0,0.0,0.0,0.0,0.0,0.0,0.0,0.0,0.0,0.0,0.0,1.0,0.0,0.0,1.0,0.0,1.0,0.0,0.0,2.0,1.0,3.0,0.0,0.0,0.0,0.0,2.0,3.0,23.0,3.0,0.0,10.0,9.0,9.0,9.0,24.0,Cc1cc(NC(=O)C(C)(C)c2ccccn2)nn1Cc1cc(Cl)ccc1OCc1ccccc1
CHEMBL403939,Inactive,22.0,5.0,5.0,0.0,0.0,1.0,27.0,9.0,6.0,0.0,0.0,2.0,0.0,2.0,1.0,0.0,0.0,0.0,24.0,8.0,9.0,0.0,0.0,2.0,0.0,2.0,0.0,18.0,10.0,7.0,0.0,0.0,2.0,0.0,2.0,2.0,0.0,25.0,8.0,3.0,0.0,0.0,0.0,0.0,3.0,1.0,27.0,9.0,6.0,0.0,0.0,2.0,0.0,2.0,0.0,1.0,0.0,0.0,26.0,7.0,2.0,0.0,0.0,4.0,0.0,4.0,20.0,6.0,4.0,0.0,0.0,2.0,0.0,2.0,0.0,0.0,0.0,19.0,4.0,5.0,0.0,0.0,3.0,0.0,3.0,1.0,0.0,18.0,3.0,5.0,0.0,0.0,2.0,2.0,0.0,1.0,1.0,1.0,6.0,2.0,2.0,0.0,1.0,0.0,0.0,0.0,9.0,1.0,5.0,1.0,0.0,5.0,2.0,1.0,4.0,1.0,0.0,0.0,0.0,0.0,1.0,2.0,4.0,2.0,1.0,0.0,2.0,1.0,0.0,3.0,0.0,0.0,3.0,1.0,1.0,2.0,0.0,0.0,0.0,1.0,2.0,17.0,3.0,0.0,10.0,14.0,14.0,8.0,19.0,Cc1cc(NC(=O)C2CCOCC2)nn1Cc1cc(Cl)ccc1OCc1ccccc1
CHEMBL233565,Inactive,26.0,7.0,2.0,0.0,2.0,3.0,35.0,9.0,3.0,0.0,4.0,0.0,2.0,6.0,0.0,0.0,0.0,0.0,35.0,7.0,5.0,0.0,5.0,0.0,2.0,7.0,0.0,35.0,7.0,4.0,0.0,2.0,0.0,2.0,4.0,1.0,0.0,37.0,6.0,4.0,0.0,2.0,0.0,3.0,0.0,1.0,36.0,3.0,3.0,0.0,2.0,0.0,4.0,6.0,0.0,0.0,1.0,1.0,33.0,5.0,2.0,0.0,4.0,0.0,4.0,8.0,30.0,8.0,1.0,0.0,4.0,0.0,4.0,8.0,0.0,0.0,0.0,26.0,7.0,1.0,0.0,6.0,0.0,3.0,9.0,0.0,0.0,20.0,4.0,1.0,0.0,5.0,0.0,7.0,1.0,0.0,0.0,0.0,1.0,0.0,0.0,0.0,1.0,0.0,2.0,0.0,2.0,0.0,0.0,0.0,0.0,0.0,0.0,0.0,0.0,0.0,0.0,0.0,0.0,0.0,0.0,0.0,0.0,0.0,0.0,0.0,0.0,0.0,0.0,1.0,2.0,2.0,1.0,1.0,1.0,0.0,0.0,0.0,2.0,1.0,3.0,28.0,3.0,0.0,9.0,5.0,5.0,3.0,27.0,Cc1ccc(-c2cc(Br)ccc2OCc2ccc(F)cc2F)n1-c1ccc(-c2cnc[nH]2)cc1
CHEMBL233137,Active,25.0,5.0,3.0,0.0,2.0,3.0,33.0,7.0,4.0,0.0,4.0,0.0,2.0,6.0,1.0,0.0,0.0,0.0,33.0,6.0,8.0,0.0,5.0,0.0,2.0,7.0,0.0,33.0,5.0,6.0,0.0,2.0,0.0,2.0,4.0,1.0,0.0,36.0,4.0,5.0,0.0,2.0,0.0,3.0,0.0,1.0,36.0,1.0,3.0,0.0,2.0,0.0,4.0,6.0,1.0,0.0,1.0,1.0,31.0,5.0,4.0,0.0,4.0,0.0,4.0,8.0,26.0,6.0,5.0,0.0,4.0,0.0,4.0,8.0,0.0,0.0,0.0,24.0,3.0,3.0,0.0,6.0,0.0,3.0,9.0,0.0,0.0,18.0,2.0,2.0,0.0,5.0,0.0,7.0,1.0,0.0,0.0,0.0,1.0,0.0,0.0,0.0,2.0,0.0,2.0,0.0,4.0,0.0,0.0,0.0,0.0,0.0,0.0,0.0,0.0,0.0,0.0,0.0,0.0,0.0,0.0,0.0,0.0,0.0,0.0,0.0,0.0,2.0,1.0,1.0,2.0,2.0,2.0,1.0,1.0,0.0,0.0,2.0,2.0,0.0,1.0,23.0,1.0,2.0,8.0,5.0,5.0,5.0,25.0,CNC(=O)c1ccc(-n2c(C)ccc2-c2cc(Br)ccc2OCc2ccc(F)cc2F)cc1
CHEMBL232340,Active,31.0,4.0,3.0,1.0,0.0,1.0,38.0,8.0,6.0,3.0,0.0,2.0,0.0,2.0,3.0,0.0,0.0,0.0,36.0,8.0,13.0,3.0,0.0,2.0,0.0,2.0,0.0,34.0,8.0,13.0,3.0,0.0,2.0,0.0,2.0,1.0,0.0,42.0,4.0,13.0,2.0,0.0,1.0,1.0,1.0,1.0,46.0,3.0,11.0,1.0,0.0,4.0,0.0,4.0,0.0,0.0,0.0,0.0,39.0,7.0,9.0,2.0,0.0,4.0,0.0,4.0,34.0,6.0,8.0,4.0,0.0,4.0,0.0,4.0,0.0,0.0,0.0,32.0,5.0,10.0,2.0,0.0,4.0,0.0,4.0,1.0,0.0,30.0,3.0,6.0,2.0,0.0,1.0,1.0,1.0,1.0,1.0,0.0,1.0,0.0,0.0,0.0,1.0,0.0,0.0,0.0,3.0,0.0,0.0,0.0,0.0,0.0,0.0,0.0,0.0,0.0,0.0,0.0,0.0,0.0,0.0,0.0,0.0,0.0,0.0,0.0,0.0,1.0,0.0,1.0,0.0,0.0,4.0,1.0,1.0,0.0,0.0,2.0,0.0,0.0,1.0,29.0,1.0,6.0,8.0,5.0,5.0,7.0,32.0,Cc1ccc(-c2cc(Cl)ccc2OCc2ccccc2)n1-c1cccc(C(=O)NS(=O)(=O)c2ccccc2)c1
CHEMBL232389,Inactive,24.0,4.0,2.0,1.0,3.0,4.0,29.0,8.0,4.0,4.0,3.0,2.0,0.0,5.0,4.0,3.0,3.0,3.0,26.0,8.0,9.0,5.0,6.0,3.0,0.0,9.0,1.0,20.0,8.0,13.0,4.0,6.0,1.0,0.0,7.0,0.0,1.0,23.0,10.0,13.0,3.0,3.0,1.0,4.0,2.0,0.0,25.0,13.0,12.0,1.0,3.0,2.0,0.0,5.0,2.0,0.0,0.0,2.0,25.0,12.0,6.0,1.0,3.0,2.0,0.0,5.0,23.0,7.0,3.0,2.0,0.0,3.0,0.0,3.0,0.0,3.0,3.0,22.0,3.0,5.0,2.0,3.0,2.0,0.0,5.0,0.0,0.0,23.0,2.0,4.0,1.0,3.0,2.0,5.0,0.0,0.0,0.0,0.0,2.0,0.0,0.0,0.0,2.0,0.0,3.0,0.0,5.0,0.0,0.0,0.0,0.0,0.0,0.0,0.0,0.0,0.0,0.0,0.0,0.0,0.0,0.0,0.0,0.0,0.0,0.0,0.0,0.0,1.0,0.0,0.0,3.0,0.0,2.0,0.0,2.0,1.0,3.0,0.0,0.0,2.0,3.0,23.0,3.0,4.0,7.0,6.0,6.0,8.0,23.0,Cc1ccc(S(=O)(=O)N(Cc2nnc(Cc3ccc(C(F)(F)F)cc3)o2)c2cccc(Cl)c2C)cc1
CHEMBL441126,Active,23.0,4.0,4.0,1.0,0.0,2.0,26.0,8.0,7.0,4.0,0.0,4.0,0.0,4.0,4.0,0.0,0.0,0.0,25.0,7.0,11.0,5.0,0.0,4.0,0.0,4.0,1.0,21.0,8.0,14.0,3.0,0.0,3.0,0.0,3.0,0.0,1.0,23.0,10.0,12.0,3.0,0.0,3.0,3.0,2.0,2.0,24.0,12.0,12.0,1.0,0.0,4.0,0.0,4.0,2.0,1.0,0.0,3.0,24.0,10.0,5.0,1.0,0.0,5.0,0.0,5.0,21.0,7.0,5.0,2.0,0.0,5.0,0.0,5.0,0.0,0.0,0.0,20.0,5.0,7.0,2.0,0.0,4.0,0.0,4.0,0.0,0.0,23.0,2.0,4.0,1.0,0.0,4.0,4.0,0.0,0.0,0.0,0.0,3.0,0.0,0.0,0.0,2.0,0.0,0.0,0.0,5.0,0.0,1.0,0.0,0.0,0.0,0.0,0.0,0.0,0.0,0.0,0.0,0.0,0.0,0.0,0.0,0.0,0.0,0.0,0.0,1.0,1.0,0.0,1.0,0.0,0.0,3.0,0.0,2.0,1.0,0.0,0.0,0.0,2.0,3.0,23.0,3.0,4.0,9.0,7.0,7.0,9.0,22.0,CCOc1ccc(Cc2nnc(CN(c3cccc(Cl)c3Cl)S(=O)(=O)c3ccc(C)cc3)o2)cc1
CHEMBL389796,Active,26.0,2.0,4.0,0.0,1.0,2.0,35.0,3.0,5.0,0.0,2.0,2.0,0.0,4.0,0.0,0.0,0.0,0.0,33.0,3.0,9.0,0.0,2.0,2.0,0.0,4.0,0.0,31.0,2.0,9.0,0.0,1.0,2.0,0.0,3.0,2.0,0.0,32.0,3.0,8.0,0.0,1.0,2.0,3.0,0.0,1.0,34.0,2.0,6.0,0.0,0.0,4.0,0.0,4.0,0.0,0.0,1.0,1.0,30.0,2.0,7.0,0.0,1.0,3.0,0.0,4.0,25.0,2.0,6.0,0.0,2.0,3.0,0.0,5.0,0.0,0.0,0.0,20.0,1.0,5.0,0.0,3.0,4.0,0.0,7.0,2.0,0.0,13.0,2.0,4.0,0.0,3.0,2.0,5.0,0.0,2.0,2.0,0.0,4.0,0.0,2.0,1.0,1.0,1.0,1.0,1.0,8.0,0.0,4.0,0.0,2.0,3.0,0.0,0.0,2.0,1.0,0.0,0.0,0.0,0.0,0.0,0.0,0.0,0.0,0.0,0.0,0.0,0.0,0.0,2.0,1.0,1.0,3.0,1.0,1.0,3.0,0.0,2.0,1.0,1.0,1.0,18.0,1.0,6.0,6.0,8.0,8.0,6.0,20.0,Cc1ncc(C2=C(c3cc(Cl)ccc3OCc3ccc(F)cc3)CCC2)cc1C(=O)O
CHEMBL234280,Inactive,27.0,0.0,6.0,0.0,0.0,1.0,37.0,0.0,7.0,0.0,0.0,0.0,2.0,2.0,0.0,0.0,0.0,0.0,35.0,0.0,11.0,0.0,0.0,0.0,2.0,2.0,0.0,34.0,0.0,10.0,0.0,0.0,0.0,2.0,2.0,0.0,0.0,35.0,0.0,9.0,0.0,0.0,0.0,2.0,0.0,1.0,35.0,0.0,6.0,0.0,0.0,0.0,4.0,4.0,0.0,0.0,0.0,0.0,29.0,0.0,10.0,0.0,0.0,0.0,3.0,3.0,26.0,0.0,8.0,0.0,0.0,0.0,4.0,4.0,0.0,0.0,0.0,21.0,0.0,7.0,0.0,0.0,0.0,4.0,4.0,2.0,0.0,16.0,0.0,7.0,0.0,0.0,0.0,1.0,0.0,0.0,2.0,0.0,4.0,0.0,2.0,1.0,1.0,1.0,0.0,1.0,8.0,0.0,4.0,0.0,2.0,3.0,0.0,0.0,2.0,1.0,0.0,0.0,0.0,0.0,0.0,0.0,0.0,0.0,0.0,0.0,0.0,0.0,0.0,3.0,0.0,0.0,4.0,2.0,0.0,3.0,0.0,2.0,0.0,0.0,0.0,18.0,0.0,6.0,6.0,8.0,8.0,7.0,21.0,COc1ccc(COc2ccc(Br)cc2C2=C(c3cccc(C(=O)O)c3)CCC2)cc1
CHEMBL395284,Active,27.0,0.0,4.0,0.0,1.0,2.0,36.0,0.0,5.0,0.0,2.0,0.0,2.0,4.0,0.0,0.0,0.0,0.0,33.0,0.0,9.0,0.0,2.0,0.0,2.0,4.0,0.0,32.0,0.0,9.0,0.0,1.0,0.0,2.0,3.0,0.0,0.0,34.0,0.0,8.0,0.0,1.0,0.0,3.0,0.0,1.0,34.0,0.0,6.0,0.0,0.0,0.0,4.0,4.0,0.0,0.0,1.0,1.0,29.0,0.0,8.0,0.0,1.0,0.0,3.0,4.0,25.0,0.0,6.0,0.0,2.0,0.0,4.0,6.0,0.0,0.0,0.0,19.0,0.0,4.0,0.0,3.0,0.0,4.0,7.0,2.0,0.0,13.0,0.0,4.0,0.0,3.0,0.0,4.0,0.0,0.0,2.0,0.0,4.0,0.0,2.0,1.0,0.0,1.0,1.0,1.0,7.0,0.0,4.0,0.0,2.0,3.0,0.0,0.0,2.0,1.0,0.0,0.0,0.0,0.0,0.0,0.0,0.0,0.0,0.0,0.0,0.0,0.0,0.0,2.0,1.0,1.0,3.0,2.0,0.0,3.0,0.0,2.0,1.0,0.0,0.0,18.0,0.0,6.0,4.0,7.0,7.0,6.0,21.0,O=C(O)c1cccc(C2=C(c3cc(Br)ccc3OCc3ccc(F)cc3)CCC2)c1
CHEMBL233858,Inactive,27.0,0.0,6.0,0.0,0.0,0.0,37.0,0.0,7.0,0.0,0.0,0.0,0.0,0.0,0.0,0.0,0.0,0.0,35.0,0.0,11.0,0.0,0.0,0.0,0.0,0.0,0.0,34.0,0.0,10.0,0.0,0.0,0.0,0.0,0.0,0.0,0.0,35.0,0.0,9.0,0.0,0.0,0.0,0.0,0.0,0.0,35.0,0.0,6.0,0.0,0.0,0.0,0.0,0.0,0.0,0.0,0.0,0.0,29.0,0.0,10.0,0.0,0.0,0.0,0.0,0.0,26.0,0.0,8.0,0.0,0.0,0.0,0.0,0.0,0.0,0.0,0.0,21.0,0.0,7.0,0.0,0.0,0.0,0.0,0.0,2.0,0.0,16.0,0.0,7.0,0.0,0.0,0.0,0.0,0.0,0.0,0.0,0.0,4.0,0.0,2.0,1.0,1.0,1.0,0.0,1.0,8.0,0.0,4.0,0.0,2.0,3.0,0.0,0.0,2.0,1.0,0.0,0.0,0.0,0.0,0.0,0.0,0.0,0.0,0.0,0.0,0.0,0.0,0.0,3.0,0.0,0.0,4.0,2.0,0.0,3.0,0.0,2.0,0.0,0.0,0.0,18.0,0.0,6.0,6.0,8.0,8.0,7.0,21.0,COc1ccc(COc2ccccc2C2=C(c3cccc(C(=O)O)c3)CCC2)cc1
CHEMBL459885,Inactive,23.0,4.0,3.0,1.0,2.0,4.0,29.0,5.0,7.0,3.0,4.0,4.0,0.0,8.0,3.0,0.0,0.0,0.0,26.0,6.0,12.0,3.0,4.0,4.0,0.0,8.0,0.0,24.0,5.0,12.0,2.0,2.0,3.0,0.0,5.0,1.0,0.0,26.0,5.0,10.0,1.0,0.0,2.0,2.0,0.0,3.0,26.0,4.0,7.0,2.0,1.0,4.0,0.0,5.0,1.0,1.0,2.0,2.0,22.0,5.0,8.0,2.0,2.0,5.0,0.0,7.0,18.0,4.0,6.0,3.0,2.0,5.0,0.0,7.0,0.0,1.0,1.0,16.0,4.0,9.0,2.0,2.0,4.0,0.0,6.0,2.0,0.0,15.0,4.0,8.0,2.0,3.0,2.0,5.0,1.0,1.0,1.0,0.0,0.0,0.0,0.0,0.0,1.0,0.0,2.0,0.0,4.0,0.0,1.0,0.0,1.0,0.0,0.0,0.0,0.0,0.0,0.0,0.0,0.0,0.0,0.0,0.0,0.0,0.0,1.0,0.0,0.0,1.0,0.0,0.0,2.0,2.0,4.0,0.0,0.0,0.0,0.0,1.0,2.0,0.0,1.0,21.0,1.0,7.0,8.0,5.0,5.0,7.0,26.0,Cn1cc(C=CC(=O)NS(=O)(=O)c2ccc(F)c(F)c2)c2c(Oc3ccc(Cl)cc3Cl)cccc21
CHEMBL212672,Active,25.0,3.0,4.0,0.0,1.0,2.0,32.0,6.0,5.0,0.0,2.0,0.0,2.0,4.0,0.0,0.0,0.0,0.0,32.0,4.0,9.0,0.0,3.0,0.0,2.0,5.0,0.0,31.0,4.0,8.0,0.0,1.0,0.0,2.0,3.0,1.0,0.0,36.0,2.0,6.0,0.0,1.0,0.0,2.0,2.0,1.0,37.0,1.0,7.0,0.0,2.0,0.0,4.0,6.0,0.0,0.0,0.0,0.0,29.0,2.0,10.0,0.0,3.0,0.0,4.0,7.0,24.0,2.0,6.0,0.0,2.0,0.0,4.0,6.0,0.0,0.0,0.0,20.0,1.0,4.0,0.0,3.0,0.0,4.0,7.0,2.0,0.0,15.0,0.0,4.0,0.0,3.0,0.0,4.0,0.0,0.0,2.0,0.0,1.0,0.0,0.0,0.0,1.0,1.0,1.0,1.0,3.0,0.0,0.0,0.0,0.0,0.0,0.0,0.0,0.0,0.0,0.0,0.0,0.0,0.0,0.0,0.0,0.0,0.0,0.0,0.0,0.0,0.0,0.0,2.0,1.0,1.0,3.0,2.0,1.0,0.0,0.0,2.0,1.0,0.0,1.0,23.0,1.0,2.0,7.0,4.0,4.0,4.0,24.0,Cc1ccc(-c2cc(Br)ccc2OCc2ccccc2F)n1-c1cccc(C(=O)O)c1
CHEMBL210994,Inactive,25.0,3.0,6.0,0.0,2.0,3.0,33.0,6.0,7.0,0.0,0.0,0.0,2.0,2.0,0.0,1.0,1.0,1.0,34.0,4.0,11.0,0.0,2.0,0.0,2.0,4.0,0.0,33.0,4.0,10.0,0.0,4.0,0.0,2.0,6.0,1.0,0.0,38.0,2.0,6.0,0.0,4.0,0.0,5.0,2.0,1.0,37.0,1.0,9.0,0.0,4.0,0.0,4.0,8.0,0.0,0.0,0.0,0.0,30.0,2.0,12.0,0.0,0.0,0.0,4.0,4.0,26.0,2.0,9.0,0.0,2.0,0.0,4.0,6.0,0.0,0.0,0.0,23.0,1.0,6.0,0.0,4.0,0.0,4.0,8.0,2.0,0.0,17.0,1.0,7.0,0.0,6.0,0.0,7.0,0.0,0.0,3.0,1.0,1.0,0.0,0.0,0.0,1.0,1.0,2.0,1.0,4.0,0.0,0.0,0.0,0.0,0.0,0.0,0.0,0.0,0.0,0.0,0.0,0.0,0.0,0.0,0.0,0.0,0.0,0.0,0.0,0.0,0.0,0.0,3.0,2.0,0.0,4.0,2.0,1.0,0.0,2.0,2.0,0.0,0.0,1.0,23.0,1.0,2.0,9.0,7.0,7.0,6.0,25.0,Cc1ccc(-c2cc(Br)ccc2OCc2cccc(OC(F)F)c2)n1-c1cccc(C(=O)O)c1
CHEMBL1915016,Inactive,17.0,3.0,4.0,0.0,0.0,1.0,23.0,8.0,6.0,0.0,0.0,2.0,0.0,2.0,0.0,0.0,0.0,0.0,20.0,5.0,8.0,0.0,0.0,2.0,0.0,2.0,2.0,21.0,4.0,3.0,0.0,0.0,3.0,0.0,3.0,3.0,0.0,18.0,5.0,5.0,0.0,0.0,1.0,1.0,1.0,1.0,20.0,4.0,5.0,0.0,0.0,2.0,0.0,2.0,0.0,1.0,0.0,0.0,12.0,4.0,5.0,0.0,0.0,6.0,0.0,6.0,9.0,3.0,4.0,0.0,0.0,1.0,0.0,1.0,2.0,0.0,0.0,10.0,0.0,6.0,0.0,0.0,0.0,0.0,0.0,0.0,2.0,3.0,0.0,2.0,0.0,0.0,0.0,0.0,0.0,0.0,0.0,0.0,1.0,0.0,0.0,0.0,4.0,1.0,0.0,1.0,7.0,0.0,3.0,1.0,0.0,3.0,0.0,0.0,0.0,0.0,0.0,0.0,0.0,0.0,0.0,0.0,0.0,0.0,0.0,0.0,0.0,0.0,0.0,1.0,0.0,0.0,2.0,0.0,4.0,0.0,0.0,1.0,0.0,1.0,3.0,14.0,3.0,2.0,7.0,7.0,7.0,4.0,14.0,Cc1cc(C(=O)O)nn1Cc1cc(Cl)cc2cc(C(C)(C)C)oc12
CHEMBL255876,Inactive,16.0,5.0,5.0,0.0,3.0,4.0,20.0,8.0,6.0,0.0,3.0,2.0,0.0,5.0,2.0,3.0,3.0,3.0,17.0,7.0,8.0,0.0,6.0,2.0,0.0,8.0,0.0,15.0,10.0,6.0,0.0,3.0,2.0,0.0,5.0,3.0,0.0,22.0,6.0,3.0,0.0,0.0,0.0,0.0,3.0,4.0,20.0,9.0,7.0,0.0,3.0,2.0,0.0,5.0,0.0,1.0,0.0,0.0,16.0,8.0,2.0,0.0,3.0,4.0,0.0,7.0,14.0,4.0,5.0,0.0,3.0,2.0,0.0,5.0,0.0,0.0,0.0,13.0,1.0,4.0,0.0,6.0,1.0,0.0,7.0,2.0,0.0,9.0,2.0,5.0,0.0,3.0,0.0,3.0,0.0,2.0,2.0,1.0,2.0,1.0,0.0,0.0,5.0,0.0,3.0,0.0,11.0,0.0,6.0,2.0,0.0,6.0,0.0,0.0,0.0,0.0,0.0,0.0,0.0,0.0,0.0,0.0,0.0,2.0,0.0,0.0,4.0,1.0,0.0,3.0,3.0,0.0,3.0,0.0,5.0,0.0,3.0,0.0,0.0,1.0,2.0,11.0,2.0,0.0,10.0,11.0,11.0,10.0,15.0,Cc1cc(NC(=O)OC(C)(C)C(F)(F)F)nn1Cc1cc(Cl)ccc1OCC(C)C
CHEMBL257138,Active,23.0,7.0,3.0,0.0,0.0,1.0,27.0,12.0,4.0,0.0,0.0,2.0,0.0,2.0,1.0,0.0,0.0,0.0,25.0,9.0,7.0,0.0,0.0,2.0,0.0,2.0,0.0,20.0,9.0,5.0,0.0,0.0,2.0,0.0,2.0,3.0,0.0,24.0,10.0,5.0,0.0,0.0,0.0,0.0,2.0,1.0,27.0,9.0,6.0,0.0,0.0,2.0,0.0,2.0,0.0,1.0,0.0,0.0,26.0,9.0,1.0,0.0,0.0,4.0,0.0,4.0,20.0,11.0,3.0,0.0,0.0,2.0,0.0,2.0,0.0,0.0,0.0,21.0,6.0,3.0,0.0,0.0,3.0,0.0,3.0,1.0,0.0,18.0,5.0,3.0,0.0,0.0,2.0,2.0,0.0,1.0,1.0,0.0,3.0,0.0,0.0,0.0,1.0,0.0,0.0,0.0,5.0,0.0,1.0,0.0,0.0,0.0,0.0,0.0,0.0,0.0,0.0,0.0,0.0,0.0,0.0,0.0,0.0,0.0,1.0,0.0,0.0,1.0,0.0,1.0,0.0,0.0,2.0,1.0,1.0,1.0,0.0,0.0,0.0,2.0,3.0,23.0,3.0,0.0,10.0,9.0,9.0,9.0,23.0,Cc1cc(NC(=O)Cc2ccccn2)nn1Cc1cc(Cl)ccc1OCc1ccccc1
CHEMBL404297,Active,25.0,5.0,3.0,0.0,0.0,1.0,30.0,9.0,4.0,0.0,0.0,2.0,0.0,2.0,1.0,0.0,0.0,0.0,27.0,7.0,7.0,0.0,0.0,2.0,0.0,2.0,0.0,20.0,10.0,6.0,0.0,0.0,2.0,0.0,2.0,2.0,0.0,25.0,9.0,5.0,0.0,0.0,0.0,0.0,2.0,1.0,28.0,9.0,6.0,0.0,0.0,2.0,0.0,2.0,0.0,1.0,0.0,0.0,27.0,9.0,1.0,0.0,0.0,4.0,0.0,4.0,22.0,9.0,3.0,0.0,0.0,2.0,0.0,2.0,0.0,0.0,0.0,22.0,5.0,3.0,0.0,0.0,3.0,0.0,3.0,1.0,0.0,20.0,3.0,3.0,0.0,0.0,2.0,2.0,0.0,1.0,1.0,1.0,8.0,3.0,4.0,3.0,1.0,0.0,0.0,0.0,11.0,1.0,8.0,1.0,0.0,9.0,3.0,3.0,10.0,10.0,5.0,3.0,1.0,0.0,0.0,2.0,0.0,0.0,1.0,0.0,0.0,1.0,0.0,1.0,0.0,0.0,2.0,1.0,1.0,6.0,0.0,0.0,0.0,1.0,2.0,17.0,2.0,0.0,8.0,15.0,15.0,9.0,19.0,Cc1cc(NC(=O)CC2CCCCC2)nn1Cc1cc(Cl)ccc1OCc1ccccc1
CHEMBL254553,Inactive,23.0,7.0,3.0,0.0,0.0,1.0,28.0,12.0,4.0,0.0,0.0,2.0,0.0,2.0,1.0,0.0,0.0,0.0,24.0,10.0,7.0,0.0,0.0,2.0,0.0,2.0,1.0,21.0,7.0,5.0,0.0,0.0,2.0,0.0,2.0,2.0,0.0,24.0,10.0,6.0,0.0,0.0,0.0,0.0,1.0,1.0,29.0,8.0,5.0,0.0,0.0,2.0,0.0,2.0,1.0,1.0,0.0,0.0,26.0,9.0,4.0,0.0,0.0,4.0,0.0,4.0,21.0,9.0,2.0,0.0,0.0,3.0,0.0,3.0,1.0,0.0,0.0,19.0,8.0,3.0,0.0,0.0,2.0,0.0,2.0,0.0,1.0,20.0,3.0,2.0,0.0,0.0,2.0,2.0,0.0,0.0,0.0,0.0,3.0,0.0,0.0,0.0,1.0,0.0,0.0,0.0,5.0,0.0,0.0,0.0,0.0,0.0,0.0,0.0,0.0,0.0,0.0,0.0,0.0,0.0,0.0,0.0,0.0,0.0,0.0,0.0,0.0,2.0,1.0,1.0,0.0,0.0,2.0,1.0,1.0,0.0,0.0,1.0,0.0,2.0,3.0,23.0,3.0,2.0,10.0,8.0,8.0,9.0,23.0,Cc1cc(C(=O)NCc2cccnc2)nn1Cc1cc(Cl)ccc1OCc1ccccc1
CHEMBL254554,Active,23.0,7.0,3.0,0.0,0.0,1.0,27.0,13.0,4.0,0.0,0.0,2.0,0.0,2.0,1.0,0.0,0.0,0.0,25.0,8.0,7.0,0.0,0.0,2.0,0.0,2.0,1.0,20.0,9.0,5.0,0.0,0.0,2.0,0.0,2.0,2.0,0.0,24.0,10.0,5.0,0.0,0.0,0.0,0.0,2.0,1.0,29.0,7.0,6.0,0.0,0.0,2.0,0.0,2.0,0.0,1.0,0.0,0.0,26.0,9.0,4.0,0.0,0.0,4.0,0.0,4.0,20.0,11.0,2.0,0.0,0.0,3.0,0.0,3.0,1.0,0.0,0.0,20.0,7.0,3.0,0.0,0.0,2.0,0.0,2.0,0.0,1.0,19.0,4.0,2.0,0.0,0.0,2.0,2.0,0.0,0.0,0.0,0.0,3.0,0.0,0.0,0.0,1.0,0.0,0.0,0.0,5.0,0.0,0.0,0.0,0.0,0.0,0.0,0.0,0.0,0.0,0.0,0.0,0.0,0.0,0.0,0.0,0.0,0.0,0.0,0.0,0.0,2.0,1.0,1.0,0.0,0.0,2.0,1.0,1.0,0.0,0.0,1.0,0.0,2.0,3.0,23.0,3.0,2.0,10.0,8.0,8.0,9.0,23.0,Cc1cc(C(=O)NCc2ccccn2)nn1Cc1cc(Cl)ccc1OCc1ccccc1
CHEMBL437399,Inactive,18.0,4.0,3.0,0.0,0.0,1.0,21.0,9.0,4.0,0.0,0.0,2.0,0.0,2.0,1.0,0.0,0.0,0.0,19.0,6.0,6.0,0.0,0.0,2.0,0.0,2.0,1.0,16.0,5.0,4.0,0.0,0.0,2.0,0.0,2.0,2.0,0.0,19.0,6.0,4.0,0.0,0.0,0.0,0.0,1.0,1.0,22.0,4.0,4.0,0.0,0.0,2.0,0.0,2.0,0.0,1.0,0.0,0.0,19.0,5.0,3.0,0.0,0.0,4.0,0.0,4.0,12.0,6.0,2.0,0.0,0.0,3.0,0.0,3.0,1.0,0.0,0.0,10.0,5.0,2.0,0.0,0.0,2.0,0.0,2.0,0.0,1.0,9.0,2.0,1.0,0.0,0.0,1.0,1.0,0.0,0.0,0.0,0.0,2.0,0.0,0.0,0.0,1.0,0.0,0.0,0.0,4.0,0.0,0.0,0.0,0.0,0.0,0.0,0.0,0.0,0.0,0.0,0.0,0.0,0.0,0.0,0.0,0.0,0.0,0.0,0.0,0.0,1.0,0.0,1.0,0.0,0.0,2.0,1.0,1.0,0.0,0.0,1.0,0.0,1.0,2.0,17.0,2.0,2.0,7.0,6.0,6.0,6.0,17.0,Cc1cc(C(N)=O)nn1Cc1cc(Cl)ccc1OCc1ccccc1
CHEMBL257134,Active,14.0,5.0,2.0,2.0,0.0,1.0,21.0,5.0,2.0,1.0,0.0,0.0,2.0,2.0,0.0,0.0,0.0,0.0,17.0,7.0,2.0,3.0,0.0,0.0,2.0,2.0,2.0,18.0,6.0,2.0,3.0,0.0,0.0,1.0,1.0,0.0,2.0,17.0,5.0,0.0,3.0,0.0,0.0,3.0,2.0,0.0,16.0,2.0,4.0,2.0,0.0,0.0,1.0,1.0,0.0,1.0,0.0,0.0,9.0,2.0,6.0,2.0,0.0,0.0,3.0,3.0,6.0,0.0,6.0,0.0,0.0,0.0,3.0,3.0,0.0,0.0,0.0,2.0,0.0,4.0,0.0,0.0,0.0,0.0,0.0,0.0,2.0,0.0,0.0,4.0,0.0,0.0,0.0,0.0,0.0,0.0,0.0,1.0,1.0,1.0,0.0,0.0,2.0,0.0,0.0,0.0,5.0,0.0,3.0,1.0,0.0,3.0,0.0,0.0,0.0,0.0,0.0,0.0,0.0,0.0,0.0,0.0,0.0,0.0,0.0,0.0,0.0,0.0,0.0,1.0,0.0,0.0,2.0,0.0,2.0,1.0,0.0,0.0,0.0,1.0,3.0,14.0,3.0,2.0,9.0,4.0,4.0,3.0,14.0,CC(C)Cc1cn(-c2nc(C(=O)[O-])cs2)c2cc(Br)ccc12.[Na+]
CHEMBL404176,Inactive,12.0,5.0,2.0,2.0,0.0,1.0,18.0,5.0,2.0,1.0,0.0,2.0,0.0,2.0,0.0,0.0,0.0,0.0,15.0,7.0,2.0,3.0,0.0,2.0,0.0,2.0,2.0,14.0,6.0,2.0,3.0,0.0,1.0,0.0,1.0,0.0,2.0,13.0,3.0,0.0,3.0,0.0,3.0,3.0,2.0,0.0,10.0,2.0,4.0,2.0,0.0,1.0,0.0,1.0,0.0,1.0,0.0,0.0,7.0,0.0,6.0,0.0,0.0,3.0,0.0,3.0,2.0,0.0,6.0,0.0,0.0,1.0,0.0,1.0,0.0,0.0,0.0,0.0,0.0,4.0,0.0,0.0,0.0,0.0,0.0,0.0,2.0,0.0,0.0,0.0,0.0,0.0,0.0,0.0,0.0,0.0,0.0,0.0,1.0,0.0,0.0,0.0,1.0,0.0,0.0,0.0,3.0,0.0,1.0,0.0,0.0,0.0,0.0,0.0,0.0,0.0,0.0,0.0,0.0,0.0,0.0,0.0,0.0,0.0,0.0,0.0,0.0,0.0,0.0,1.0,0.0,0.0,2.0,0.0,1.0,1.0,0.0,0.0,0.0,1.0,3.0,14.0,3.0,2.0,9.0,2.0,2.0,2.0,13.0,CCc1cn(-c2nc(C(=O)[O-])cs2)c2cc(Cl)ccc12.[Na+]
CHEMBL3895324,Inactive,22.0,0.0,5.0,0.0,0.0,0.0,27.0,0.0,8.0,0.0,0.0,0.0,0.0,0.0,0.0,0.0,0.0,0.0,24.0,0.0,14.0,0.0,0.0,0.0,0.0,0.0,0.0,23.0,0.0,8.0,0.0,0.0,0.0,0.0,0.0,0.0,0.0,22.0,0.0,9.0,0.0,0.0,0.0,0.0,0.0,0.0,21.0,0.0,10.0,0.0,0.0,0.0,0.0,0.0,0.0,0.0,0.0,0.0,20.0,0.0,9.0,0.0,0.0,0.0,0.0,0.0,19.0,0.0,7.0,0.0,0.0,0.0,0.0,0.0,0.0,0.0,0.0,17.0,0.0,9.0,0.0,0.0,0.0,0.0,0.0,0.0,0.0,13.0,0.0,10.0,0.0,0.0,0.0,0.0,0.0,0.0,0.0,4.0,8.0,2.0,5.0,3.0,3.0,3.0,0.0,3.0,22.0,6.0,20.0,6.0,4.0,23.0,13.0,9.0,22.0,20.0,14.0,5.0,1.0,5.0,5.0,0.0,5.0,7.0,0.0,0.0,5.0,0.0,0.0,3.0,0.0,0.0,5.0,0.0,3.0,8.0,0.0,0.0,0.0,0.0,0.0,0.0,0.0,0.0,5.0,22.0,22.0,12.0,11.0,CCCCCC(O)C=CC1C(CC=CCCCC(=O)O)C(=O)C(C)(C)C1O
CHEMBL3092150,Inactive,19.0,5.0,2.0,2.0,3.0,3.0,25.0,9.0,2.0,1.0,3.0,0.0,0.0,3.0,0.0,3.0,3.0,3.0,22.0,11.0,2.0,2.0,6.0,0.0,0.0,6.0,2.0,21.0,14.0,2.0,3.0,6.0,0.0,0.0,6.0,0.0,2.0,25.0,11.0,0.0,4.0,15.0,0.0,15.0,2.0,0.0,26.0,6.0,2.0,4.0,12.0,0.0,0.0,12.0,2.0,3.0,0.0,0.0,23.0,3.0,6.0,3.0,12.0,0.0,0.0,12.0,18.0,1.0,8.0,1.0,3.0,0.0,0.0,3.0,0.0,0.0,0.0,9.0,0.0,8.0,0.0,0.0,0.0,0.0,0.0,0.0,6.0,2.0,0.0,6.0,0.0,0.0,0.0,0.0,0.0,0.0,0.0,0.0,0.0,0.0,0.0,0.0,0.0,1.0,3.0,1.0,2.0,0.0,0.0,0.0,0.0,0.0,0.0,0.0,0.0,0.0,0.0,0.0,0.0,0.0,0.0,0.0,0.0,0.0,0.0,0.0,0.0,0.0,0.0,1.0,3.0,0.0,2.0,0.0,0.0,0.0,3.0,0.0,0.0,2.0,4.0,22.0,4.0,2.0,9.0,1.0,1.0,2.0,21.0,O=C(O)c1csc(-n2nc(-c3ccccc3)c(C(F)(F)F)c2-c2ccccc2)n1
CHEMBL3092155,Inactive,18.0,5.0,3.0,2.0,0.0,0.0,23.0,9.0,4.0,1.0,0.0,0.0,0.0,0.0,0.0,0.0,0.0,0.0,20.0,9.0,4.0,2.0,0.0,0.0,0.0,0.0,4.0,16.0,14.0,7.0,3.0,0.0,0.0,0.0,0.0,0.0,2.0,21.0,10.0,4.0,3.0,0.0,0.0,0.0,3.0,0.0,22.0,6.0,6.0,4.0,0.0,0.0,0.0,0.0,2.0,0.0,0.0,0.0,22.0,3.0,7.0,3.0,0.0,0.0,0.0,0.0,18.0,1.0,6.0,1.0,0.0,0.0,0.0,0.0,2.0,0.0,0.0,9.0,0.0,8.0,0.0,0.0,0.0,0.0,0.0,0.0,0.0,2.0,0.0,6.0,0.0,0.0,0.0,0.0,0.0,0.0,0.0,0.0,0.0,0.0,0.0,0.0,0.0,2.0,0.0,2.0,1.0,0.0,0.0,0.0,0.0,0.0,0.0,0.0,0.0,0.0,0.0,0.0,0.0,0.0,0.0,0.0,0.0,0.0,0.0,0.0,0.0,0.0,0.0,1.0,0.0,0.0,3.0,0.0,0.0,0.0,0.0,0.0,0.0,2.0,4.0,22.0,4.0,2.0,10.0,2.0,2.0,1.0,20.0,O=C(O)c1csc(-n2nc(-c3ccccc3)c(O)c2-c2ccccc2)n1
CHEMBL3092153,Active,18.0,5.0,2.0,2.0,0.0,1.0,23.0,9.0,2.0,1.0,0.0,0.0,2.0,2.0,0.0,0.0,0.0,0.0,20.0,9.0,2.0,2.0,0.0,0.0,2.0,2.0,2.0,16.0,14.0,2.0,3.0,0.0,0.0,5.0,5.0,0.0,2.0,21.0,10.0,0.0,3.0,0.0,0.0,4.0,2.0,0.0,22.0,6.0,2.0,4.0,0.0,0.0,4.0,4.0,2.0,0.0,0.0,0.0,22.0,3.0,6.0,3.0,0.0,0.0,1.0,1.0,18.0,1.0,6.0,1.0,0.0,0.0,0.0,0.0,0.0,0.0,2.0,9.0,0.0,8.0,0.0,0.0,0.0,0.0,0.0,0.0,0.0,2.0,0.0,6.0,0.0,0.0,0.0,0.0,0.0,0.0,0.0,0.0,0.0,0.0,0.0,0.0,0.0,1.0,0.0,1.0,1.0,0.0,0.0,0.0,0.0,0.0,0.0,0.0,0.0,0.0,0.0,0.0,0.0,0.0,0.0,0.0,0.0,0.0,0.0,0.0,0.0,0.0,0.0,1.0,0.0,0.0,2.0,0.0,0.0,0.0,0.0,0.0,0.0,2.0,4.0,22.0,4.0,2.0,9.0,1.0,1.0,1.0,20.0,O=C(O)c1csc(-n2nc(-c3ccccc3)c(Br)c2-c2ccccc2)n1
CHEMBL3928703,Inactive,26.0,0.0,6.0,0.0,0.0,0.0,34.0,0.0,8.0,0.0,0.0,0.0,0.0,0.0,0.0,0.0,0.0,0.0,30.0,0.0,15.0,0.0,0.0,0.0,0.0,0.0,0.0,27.0,0.0,8.0,0.0,0.0,0.0,0.0,0.0,0.0,0.0,26.0,0.0,10.0,0.0,0.0,0.0,0.0,0.0,0.0,25.0,0.0,11.0,0.0,0.0,0.0,0.0,0.0,0.0,0.0,0.0,0.0,24.0,0.0,10.0,0.0,0.0,0.0,0.0,0.0,24.0,0.0,7.0,0.0,0.0,0.0,0.0,0.0,0.0,0.0,0.0,24.0,0.0,10.0,0.0,0.0,0.0,0.0,0.0,0.0,0.0,23.0,0.0,12.0,0.0,0.0,0.0,0.0,0.0,0.0,0.0,4.0,6.0,2.0,3.0,1.0,3.0,2.0,0.0,2.0,20.0,6.0,17.0,6.0,4.0,20.0,13.0,9.0,19.0,17.0,12.0,4.0,1.0,4.0,4.0,0.0,4.0,7.0,0.0,0.0,5.0,0.0,0.0,4.0,0.0,0.0,5.0,0.0,2.0,6.0,0.0,0.0,0.0,0.0,0.0,6.0,0.0,0.0,6.0,20.0,20.0,12.0,17.0,COC(=O)CCCC=CCC1C(=O)C(C)(C)C(O)C1C=CC(O)CCc1ccccc1
CHEMBL207174,Inactive,28.0,0.0,4.0,0.0,0.0,1.0,37.0,0.0,5.0,0.0,0.0,2.0,0.0,2.0,0.0,0.0,0.0,0.0,36.0,0.0,9.0,0.0,0.0,2.0,0.0,2.0,0.0,34.0,0.0,9.0,0.0,0.0,2.0,0.0,2.0,0.0,0.0,38.0,0.0,8.0,0.0,0.0,2.0,2.0,0.0,1.0,38.0,0.0,7.0,0.0,0.0,4.0,0.0,4.0,0.0,0.0,0.0,0.0,33.0,0.0,8.0,0.0,0.0,4.0,0.0,4.0,26.0,0.0,8.0,0.0,0.0,4.0,0.0,4.0,0.0,0.0,0.0,21.0,0.0,4.0,0.0,0.0,4.0,0.0,4.0,2.0,0.0,15.0,0.0,4.0,0.0,0.0,1.0,1.0,0.0,2.0,2.0,0.0,1.0,0.0,0.0,0.0,0.0,1.0,0.0,1.0,2.0,0.0,0.0,0.0,0.0,0.0,0.0,0.0,0.0,0.0,0.0,0.0,0.0,0.0,0.0,0.0,0.0,0.0,0.0,0.0,0.0,0.0,0.0,2.0,0.0,0.0,3.0,2.0,0.0,0.0,0.0,2.0,0.0,0.0,0.0,24.0,0.0,2.0,4.0,3.0,3.0,4.0,25.0,O=C(O)c1cccc(-c2ccccc2-c2cc(Cl)ccc2OCc2ccccc2)c1
CHEMBL207577,Active,27.0,0.0,4.0,0.0,0.0,1.0,36.0,0.0,5.0,0.0,0.0,2.0,0.0,2.0,0.0,0.0,0.0,0.0,33.0,0.0,9.0,0.0,0.0,2.0,0.0,2.0,0.0,32.0,0.0,9.0,0.0,0.0,2.0,0.0,2.0,0.0,0.0,34.0,0.0,8.0,0.0,0.0,2.0,2.0,0.0,1.0,34.0,0.0,6.0,0.0,0.0,4.0,0.0,4.0,0.0,0.0,0.0,0.0,29.0,0.0,8.0,0.0,0.0,3.0,0.0,3.0,25.0,0.0,6.0,0.0,0.0,4.0,0.0,4.0,0.0,0.0,0.0,19.0,0.0,4.0,0.0,0.0,4.0,0.0,4.0,2.0,0.0,13.0,0.0,4.0,0.0,0.0,1.0,1.0,0.0,2.0,2.0,0.0,4.0,0.0,2.0,1.0,0.0,1.0,0.0,1.0,7.0,0.0,4.0,0.0,2.0,3.0,0.0,0.0,2.0,1.0,0.0,0.0,0.0,0.0,0.0,0.0,0.0,0.0,0.0,0.0,0.0,0.0,0.0,2.0,0.0,0.0,3.0,2.0,0.0,3.0,0.0,2.0,0.0,0.0,0.0,18.0,0.0,6.0,4.0,7.0,7.0,6.0,21.0,O=C(O)c1cccc(C2=C(c3cc(Cl)ccc3OCc3ccccc3)CCC2)c1
CHEMBL208791,Active,25.0,3.0,4.0,0.0,1.0,2.0,32.0,6.0,5.0,0.0,2.0,0.0,2.0,4.0,0.0,0.0,0.0,0.0,32.0,4.0,9.0,0.0,2.0,0.0,2.0,4.0,0.0,31.0,4.0,8.0,0.0,1.0,0.0,2.0,3.0,1.0,0.0,36.0,2.0,6.0,0.0,1.0,0.0,2.0,2.0,1.0,37.0,1.0,7.0,0.0,0.0,0.0,4.0,4.0,0.0,0.0,1.0,1.0,29.0,2.0,10.0,0.0,1.0,0.0,4.0,5.0,24.0,2.0,6.0,0.0,2.0,0.0,4.0,6.0,0.0,0.0,0.0,20.0,1.0,4.0,0.0,3.0,0.0,4.0,7.0,2.0,0.0,15.0,0.0,4.0,0.0,2.0,0.0,3.0,1.0,0.0,2.0,0.0,1.0,0.0,0.0,0.0,1.0,1.0,1.0,1.0,3.0,0.0,0.0,0.0,0.0,0.0,0.0,0.0,0.0,0.0,0.0,0.0,0.0,0.0,0.0,0.0,0.0,0.0,0.0,0.0,0.0,0.0,0.0,2.0,1.0,1.0,3.0,2.0,1.0,0.0,0.0,2.0,1.0,0.0,1.0,23.0,1.0,2.0,7.0,4.0,4.0,4.0,24.0,Cc1ccc(-c2cc(Br)ccc2OCc2ccc(F)cc2)n1-c1cccc(C(=O)O)c1
CHEMBL209800,Active,21.0,3.0,4.0,0.0,0.0,1.0,27.0,6.0,5.0,0.0,0.0,2.0,0.0,2.0,0.0,0.0,0.0,0.0,27.0,4.0,9.0,0.0,0.0,2.0,0.0,2.0,0.0,30.0,4.0,6.0,0.0,0.0,2.0,0.0,2.0,1.0,0.0,34.0,2.0,5.0,0.0,0.0,1.0,1.0,2.0,1.0,32.0,1.0,7.0,0.0,0.0,4.0,0.0,4.0,0.0,0.0,0.0,0.0,21.0,2.0,10.0,0.0,0.0,4.0,0.0,4.0,17.0,0.0,6.0,0.0,0.0,4.0,0.0,4.0,0.0,0.0,0.0,12.0,0.0,4.0,0.0,0.0,2.0,0.0,2.0,2.0,0.0,6.0,0.0,4.0,0.0,0.0,0.0,0.0,0.0,2.0,2.0,1.0,1.0,1.0,0.0,0.0,3.0,1.0,0.0,1.0,6.0,0.0,3.0,1.0,0.0,3.0,0.0,0.0,0.0,0.0,0.0,0.0,0.0,0.0,0.0,0.0,0.0,2.0,0.0,0.0,1.0,0.0,0.0,2.0,0.0,0.0,3.0,1.0,3.0,0.0,0.0,2.0,0.0,0.0,1.0,17.0,1.0,2.0,7.0,6.0,6.0,4.0,19.0,Cc1ccc(-c2cc(Cl)ccc2OCC(C)C)n1-c1cccc(C(=O)O)c1
CHEMBL213221,Active,18.0,3.0,4.0,0.0,0.0,1.0,21.0,8.0,5.0,0.0,0.0,0.0,2.0,2.0,0.0,0.0,0.0,0.0,19.0,5.0,7.0,0.0,0.0,0.0,2.0,2.0,2.0,16.0,4.0,5.0,0.0,0.0,0.0,2.0,2.0,3.0,0.0,19.0,4.0,6.0,0.0,0.0,0.0,0.0,1.0,1.0,22.0,3.0,5.0,0.0,0.0,0.0,2.0,2.0,0.0,1.0,0.0,0.0,19.0,3.0,5.0,0.0,0.0,0.0,4.0,4.0,12.0,4.0,4.0,0.0,0.0,0.0,3.0,3.0,2.0,0.0,0.0,10.0,3.0,4.0,0.0,0.0,0.0,2.0,2.0,0.0,2.0,9.0,1.0,2.0,0.0,0.0,0.0,1.0,0.0,0.0,0.0,0.0,2.0,0.0,0.0,0.0,1.0,1.0,0.0,1.0,4.0,0.0,0.0,0.0,0.0,0.0,0.0,0.0,0.0,0.0,0.0,0.0,0.0,0.0,0.0,0.0,0.0,0.0,0.0,0.0,0.0,0.0,0.0,2.0,0.0,0.0,3.0,1.0,1.0,0.0,0.0,1.0,0.0,1.0,2.0,17.0,2.0,2.0,7.0,6.0,6.0,6.0,17.0,Cc1cc(C(=O)O)nn1Cc1cc(Br)ccc1OCc1ccccc1
CHEMBL232117,Active,30.0,7.0,3.0,0.0,0.0,1.0,38.0,11.0,4.0,0.0,0.0,2.0,0.0,2.0,1.0,0.0,0.0,0.0,38.0,8.0,8.0,0.0,0.0,2.0,0.0,2.0,0.0,36.0,8.0,7.0,0.0,0.0,2.0,0.0,2.0,1.0,0.0,41.0,6.0,6.0,0.0,0.0,1.0,1.0,1.0,1.0,43.0,3.0,5.0,0.0,0.0,4.0,0.0,4.0,1.0,0.0,0.0,0.0,39.0,7.0,5.0,0.0,0.0,4.0,0.0,4.0,33.0,8.0,5.0,0.0,0.0,4.0,0.0,4.0,0.0,0.0,0.0,30.0,4.0,3.0,0.0,0.0,3.0,0.0,3.0,0.0,0.0,25.0,6.0,2.0,0.0,0.0,2.0,2.0,0.0,0.0,0.0,0.0,2.0,0.0,0.0,0.0,1.0,0.0,0.0,0.0,4.0,0.0,0.0,0.0,0.0,0.0,0.0,0.0,0.0,0.0,0.0,0.0,0.0,0.0,0.0,0.0,0.0,0.0,0.0,0.0,0.0,2.0,1.0,1.0,0.0,0.0,2.0,1.0,1.0,0.0,0.0,2.0,0.0,1.0,2.0,29.0,2.0,2.0,10.0,6.0,6.0,7.0,30.0,Cc1ccc(-c2cc(Cl)ccc2OCc2ccccc2)n1-c1ccc(C(=O)NCc2ccccn2)cc1
CHEMBL232158,Inactive,24.0,4.0,4.0,1.0,0.0,0.0,29.0,8.0,6.0,4.0,0.0,0.0,0.0,0.0,4.0,0.0,0.0,0.0,28.0,8.0,11.0,5.0,0.0,0.0,0.0,0.0,1.0,23.0,9.0,14.0,4.0,0.0,0.0,0.0,0.0,0.0,1.0,25.0,10.0,14.0,4.0,0.0,0.0,0.0,2.0,0.0,27.0,13.0,15.0,1.0,0.0,0.0,0.0,0.0,2.0,0.0,0.0,0.0,28.0,12.0,6.0,1.0,0.0,0.0,0.0,0.0,25.0,8.0,5.0,2.0,0.0,0.0,0.0,0.0,0.0,0.0,0.0,24.0,4.0,6.0,2.0,0.0,0.0,0.0,0.0,0.0,0.0,26.0,1.0,4.0,1.0,0.0,0.0,0.0,0.0,0.0,0.0,0.0,3.0,0.0,0.0,0.0,3.0,0.0,0.0,0.0,6.0,0.0,1.0,0.0,0.0,0.0,0.0,0.0,0.0,0.0,0.0,0.0,0.0,0.0,0.0,0.0,0.0,0.0,0.0,0.0,0.0,1.0,0.0,1.0,0.0,0.0,3.0,0.0,2.0,2.0,0.0,0.0,0.0,2.0,3.0,23.0,3.0,4.0,9.0,8.0,8.0,9.0,22.0,CCc1ccccc1N(Cc1nnc(Cc2ccc(OC)cc2)o1)S(=O)(=O)c1ccc(C)cc1
CHEMBL233043,Active,26.0,2.0,4.0,0.0,3.0,3.0,36.0,2.0,5.0,0.0,3.0,0.0,0.0,3.0,0.0,3.0,3.0,3.0,32.0,3.0,9.0,0.0,6.0,0.0,0.0,6.0,0.0,32.0,2.0,7.0,0.0,6.0,0.0,0.0,6.0,2.0,0.0,33.0,3.0,9.0,0.0,6.0,0.0,6.0,0.0,0.0,36.0,2.0,6.0,0.0,6.0,0.0,0.0,6.0,0.0,0.0,3.0,3.0,30.0,2.0,7.0,0.0,12.0,0.0,0.0,12.0,26.0,3.0,6.0,0.0,9.0,0.0,0.0,9.0,0.0,0.0,0.0,22.0,1.0,4.0,0.0,9.0,0.0,0.0,9.0,2.0,0.0,12.0,2.0,6.0,0.0,12.0,0.0,12.0,0.0,0.0,0.0,0.0,4.0,0.0,2.0,1.0,0.0,1.0,3.0,1.0,8.0,0.0,4.0,0.0,2.0,3.0,0.0,0.0,2.0,1.0,0.0,0.0,0.0,0.0,0.0,0.0,0.0,0.0,0.0,0.0,0.0,0.0,0.0,2.0,3.0,0.0,3.0,1.0,0.0,3.0,3.0,1.0,0.0,1.0,1.0,18.0,1.0,6.0,6.0,7.0,7.0,7.0,21.0,O=C(O)c1cncc(C2=C(c3cc(C(F)(F)F)ccc3OCc3ccccc3)CCC2)c1
CHEMBL233140,Active,32.0,5.0,3.0,0.0,0.0,1.0,41.0,8.0,4.0,0.0,0.0,2.0,0.0,2.0,1.0,0.0,0.0,0.0,39.0,8.0,8.0,0.0,0.0,2.0,0.0,2.0,0.0,37.0,8.0,7.0,0.0,0.0,2.0,0.0,2.0,1.0,0.0,44.0,4.0,7.0,0.0,0.0,1.0,1.0,1.0,1.0,47.0,4.0,7.0,0.0,0.0,4.0,0.0,4.0,0.0,0.0,0.0,0.0,41.0,7.0,7.0,0.0,0.0,4.0,0.0,4.0,38.0,6.0,4.0,0.0,0.0,4.0,0.0,4.0,0.0,0.0,0.0,34.0,5.0,2.0,0.0,0.0,4.0,0.0,4.0,1.0,0.0,32.0,3.0,3.0,0.0,0.0,1.0,1.0,1.0,1.0,1.0,0.0,2.0,0.0,0.0,0.0,1.0,0.0,0.0,0.0,4.0,0.0,0.0,0.0,0.0,0.0,0.0,0.0,0.0,0.0,0.0,0.0,0.0,0.0,0.0,0.0,0.0,0.0,0.0,0.0,0.0,2.0,1.0,1.0,0.0,0.0,2.0,1.0,1.0,0.0,0.0,2.0,0.0,0.0,1.0,29.0,1.0,2.0,8.0,6.0,6.0,7.0,31.0,Cc1ccc(-c2cc(Cl)ccc2OCc2ccccc2)n1-c1cccc(C(=O)NCc2ccccc2)c1
CHEMBL234398,Active,23.0,4.0,3.0,1.0,0.0,0.0,28.0,6.0,5.0,4.0,0.0,0.0,0.0,0.0,3.0,0.0,0.0,0.0,26.0,7.0,11.0,5.0,0.0,0.0,0.0,0.0,1.0,22.0,8.0,13.0,4.0,0.0,0.0,0.0,0.0,0.0,1.0,25.0,6.0,14.0,4.0,0.0,0.0,0.0,2.0,0.0,26.0,8.0,15.0,1.0,0.0,0.0,0.0,0.0,1.0,0.0,0.0,0.0,26.0,7.0,8.0,2.0,0.0,0.0,0.0,0.0,28.0,2.0,6.0,2.0,0.0,0.0,0.0,0.0,1.0,0.0,0.0,28.0,1.0,6.0,1.0,0.0,0.0,0.0,0.0,0.0,0.0,25.0,1.0,3.0,0.0,0.0,0.0,0.0,0.0,0.0,0.0,0.0,3.0,0.0,0.0,0.0,3.0,0.0,0.0,0.0,7.0,0.0,2.0,0.0,0.0,0.0,0.0,0.0,0.0,0.0,0.0,0.0,0.0,0.0,0.0,0.0,0.0,0.0,2.0,1.0,0.0,3.0,1.0,1.0,0.0,0.0,4.0,0.0,2.0,1.0,0.0,0.0,0.0,0.0,0.0,18.0,0.0,4.0,8.0,9.0,9.0,10.0,22.0,CCc1ccccc1N(CC(=O)NCc1ccc(OC)cc1)S(=O)(=O)c1ccc(C)cc1
CHEMBL234600,Inactive,23.0,2.0,5.0,1.0,0.0,0.0,28.0,4.0,7.0,4.0,0.0,0.0,0.0,0.0,2.0,0.0,0.0,0.0,26.0,5.0,13.0,5.0,0.0,0.0,0.0,0.0,2.0,22.0,5.0,16.0,4.0,0.0,0.0,0.0,0.0,0.0,2.0,25.0,2.0,18.0,4.0,0.0,0.0,0.0,0.0,0.0,26.0,3.0,20.0,1.0,0.0,0.0,0.0,0.0,0.0,0.0,0.0,0.0,26.0,2.0,13.0,2.0,0.0,0.0,0.0,0.0,28.0,1.0,7.0,2.0,0.0,0.0,0.0,0.0,1.0,0.0,0.0,28.0,0.0,7.0,1.0,0.0,0.0,0.0,0.0,0.0,0.0,25.0,1.0,3.0,0.0,0.0,0.0,0.0,0.0,0.0,0.0,0.0,3.0,0.0,0.0,0.0,3.0,0.0,0.0,0.0,7.0,0.0,2.0,0.0,0.0,0.0,0.0,0.0,0.0,0.0,0.0,0.0,0.0,0.0,0.0,0.0,0.0,0.0,1.0,0.0,1.0,1.0,0.0,3.0,0.0,0.0,5.0,1.0,2.0,1.0,0.0,0.0,0.0,0.0,0.0,18.0,0.0,4.0,8.0,8.0,8.0,10.0,21.0,CCc1ccccc1N(CC(=O)OCc1ccc(OC)cc1)S(=O)(=O)c1ccc(C)cc1
CHEMBL234940,Active,25.0,2.0,4.0,0.0,2.0,3.0,32.0,4.0,5.0,0.0,4.0,2.0,0.0,6.0,0.0,0.0,0.0,0.0,30.0,3.0,7.0,0.0,5.0,2.0,0.0,7.0,2.0,29.0,3.0,9.0,0.0,2.0,2.0,0.0,4.0,0.0,0.0,32.0,2.0,8.0,0.0,2.0,2.0,4.0,0.0,1.0,32.0,2.0,5.0,0.0,2.0,4.0,0.0,6.0,1.0,0.0,1.0,1.0,27.0,2.0,8.0,0.0,4.0,2.0,0.0,6.0,24.0,1.0,6.0,0.0,5.0,4.0,0.0,9.0,0.0,0.0,0.0,17.0,2.0,4.0,0.0,6.0,4.0,0.0,10.0,2.0,0.0,11.0,2.0,4.0,0.0,4.0,1.0,5.0,1.0,2.0,2.0,0.0,4.0,0.0,2.0,1.0,0.0,1.0,2.0,1.0,7.0,0.0,4.0,0.0,2.0,3.0,0.0,0.0,2.0,1.0,0.0,0.0,0.0,0.0,0.0,0.0,0.0,0.0,0.0,0.0,0.0,0.0,0.0,2.0,2.0,2.0,3.0,1.0,0.0,3.0,0.0,1.0,2.0,1.0,1.0,18.0,1.0,6.0,6.0,7.0,7.0,6.0,20.0,O=C(O)c1cccc(C2=C(c3cc(Cl)ccc3OCc3ccc(F)cc3F)CCC2)n1
CHEMBL2442495,Inactive,19.0,5.0,2.0,2.0,0.0,0.0,25.0,9.0,2.0,1.0,0.0,0.0,0.0,0.0,0.0,0.0,0.0,0.0,22.0,11.0,2.0,2.0,0.0,0.0,0.0,0.0,2.0,21.0,14.0,2.0,3.0,0.0,0.0,0.0,0.0,0.0,2.0,25.0,11.0,0.0,4.0,0.0,0.0,0.0,2.0,0.0,26.0,6.0,2.0,4.0,0.0,0.0,0.0,0.0,2.0,0.0,0.0,0.0,23.0,3.0,6.0,3.0,0.0,0.0,0.0,0.0,18.0,1.0,8.0,1.0,0.0,0.0,0.0,0.0,0.0,0.0,0.0,9.0,0.0,8.0,0.0,0.0,0.0,0.0,0.0,0.0,0.0,2.0,0.0,6.0,0.0,0.0,0.0,0.0,0.0,0.0,0.0,0.0,0.0,0.0,0.0,0.0,1.0,1.0,0.0,1.0,2.0,0.0,0.0,0.0,0.0,0.0,0.0,0.0,0.0,0.0,0.0,0.0,0.0,0.0,0.0,0.0,0.0,0.0,0.0,0.0,0.0,0.0,0.0,1.0,0.0,0.0,2.0,0.0,1.0,0.0,0.0,0.0,0.0,2.0,4.0,22.0,4.0,2.0,9.0,2.0,2.0,1.0,20.0,Cc1c(-c2ccccc2)nn(-c2nc(C(=O)O)cs2)c1-c1ccccc1
CHEMBL254990,Active,24.0,5.0,3.0,0.0,0.0,1.0,29.0,9.0,4.0,0.0,0.0,2.0,0.0,2.0,1.0,0.0,0.0,0.0,25.0,8.0,8.0,0.0,0.0,2.0,0.0,2.0,0.0,19.0,10.0,6.0,0.0,0.0,2.0,0.0,2.0,2.0,0.0,25.0,9.0,4.0,0.0,0.0,0.0,0.0,2.0,1.0,28.0,9.0,5.0,0.0,0.0,2.0,0.0,2.0,0.0,1.0,0.0,0.0,27.0,8.0,1.0,0.0,0.0,4.0,0.0,4.0,21.0,7.0,3.0,0.0,0.0,2.0,0.0,2.0,0.0,0.0,0.0,21.0,4.0,3.0,0.0,0.0,3.0,0.0,3.0,1.0,0.0,19.0,3.0,4.0,0.0,0.0,2.0,2.0,0.0,1.0,1.0,0.0,2.0,0.0,0.0,0.0,1.0,0.0,0.0,0.0,4.0,0.0,0.0,0.0,0.0,0.0,0.0,0.0,0.0,0.0,0.0,0.0,0.0,0.0,0.0,0.0,0.0,0.0,0.0,0.0,0.0,1.0,0.0,1.0,0.0,0.0,2.0,1.0,1.0,0.0,0.0,2.0,0.0,1.0,2.0,23.0,2.0,2.0,8.0,7.0,7.0,8.0,24.0,Cc1cc(NC(=O)c2ccccc2)nn1Cc1cc(Cl)ccc1OCc1ccccc1
CHEMBL255009,Active,13.0,2.0,4.0,2.0,0.0,1.0,16.0,3.0,5.0,2.0,0.0,2.0,0.0,2.0,0.0,0.0,0.0,0.0,13.0,1.0,7.0,2.0,0.0,2.0,0.0,2.0,2.0,13.0,2.0,4.0,2.0,0.0,2.0,0.0,2.0,0.0,2.0,15.0,2.0,2.0,2.0,0.0,1.0,1.0,1.0,1.0,14.0,2.0,4.0,2.0,0.0,1.0,0.0,1.0,0.0,1.0,0.0,0.0,10.0,1.0,5.0,1.0,0.0,3.0,0.0,3.0,4.0,2.0,4.0,2.0,0.0,3.0,0.0,3.0,2.0,0.0,0.0,5.0,0.0,4.0,0.0,0.0,0.0,0.0,0.0,0.0,2.0,2.0,0.0,2.0,0.0,0.0,0.0,0.0,0.0,0.0,0.0,1.0,2.0,1.0,0.0,0.0,2.0,0.0,0.0,0.0,6.0,0.0,3.0,1.0,0.0,3.0,0.0,0.0,0.0,0.0,0.0,0.0,0.0,0.0,0.0,0.0,0.0,2.0,0.0,0.0,1.0,0.0,0.0,2.0,0.0,0.0,3.0,0.0,2.0,1.0,0.0,0.0,0.0,1.0,2.0,11.0,2.0,2.0,8.0,6.0,6.0,6.0,11.0,CC(C)COc1ccc(Cl)cc1Cc1nc(C(=O)[O-])cs1.[Na+]
CHEMBL255652,Active,17.0,2.0,4.0,2.0,0.0,1.0,21.0,3.0,5.0,2.0,0.0,2.0,0.0,2.0,0.0,0.0,0.0,0.0,18.0,1.0,7.0,2.0,0.0,2.0,0.0,2.0,2.0,14.0,2.0,6.0,2.0,0.0,2.0,0.0,2.0,0.0,2.0,17.0,2.0,3.0,2.0,0.0,1.0,1.0,1.0,1.0,19.0,2.0,4.0,2.0,0.0,1.0,0.0,1.0,0.0,1.0,0.0,0.0,18.0,1.0,5.0,1.0,0.0,3.0,0.0,3.0,11.0,2.0,4.0,2.0,0.0,3.0,0.0,3.0,2.0,0.0,0.0,7.0,2.0,4.0,2.0,0.0,2.0,0.0,2.0,0.0,2.0,6.0,1.0,2.0,1.0,0.0,1.0,1.0,0.0,0.0,0.0,0.0,2.0,0.0,0.0,0.0,0.0,0.0,0.0,0.0,3.0,0.0,0.0,0.0,0.0,0.0,0.0,0.0,0.0,0.0,0.0,0.0,0.0,0.0,0.0,0.0,0.0,0.0,0.0,0.0,0.0,0.0,0.0,2.0,0.0,0.0,3.0,1.0,0.0,1.0,0.0,0.0,0.0,1.0,2.0,17.0,2.0,2.0,8.0,4.0,4.0,6.0,16.0,O=C([O-])c1csc(Cc2cc(Cl)ccc2OCc2ccccc2)n1.[Na+]
CHEMBL257997,Active,14.0,5.0,2.0,2.0,0.0,1.0,21.0,5.0,2.0,1.0,0.0,2.0,0.0,2.0,0.0,0.0,0.0,0.0,17.0,7.0,2.0,3.0,0.0,2.0,0.0,2.0,2.0,18.0,6.0,2.0,3.0,0.0,1.0,0.0,1.0,0.0,2.0,17.0,5.0,0.0,3.0,0.0,3.0,3.0,2.0,0.0,16.0,2.0,4.0,2.0,0.0,1.0,0.0,1.0,0.0,1.0,0.0,0.0,9.0,2.0,6.0,2.0,0.0,3.0,0.0,3.0,6.0,0.0,6.0,0.0,0.0,3.0,0.0,3.0,0.0,0.0,0.0,2.0,0.0,4.0,0.0,0.0,0.0,0.0,0.0,0.0,2.0,0.0,0.0,4.0,0.0,0.0,0.0,0.0,0.0,0.0,0.0,1.0,1.0,1.0,0.0,0.0,2.0,0.0,0.0,0.0,5.0,0.0,3.0,1.0,0.0,3.0,0.0,0.0,0.0,0.0,0.0,0.0,0.0,0.0,0.0,0.0,0.0,0.0,0.0,0.0,0.0,0.0,0.0,1.0,0.0,0.0,2.0,0.0,2.0,1.0,0.0,0.0,0.0,1.0,3.0,14.0,3.0,2.0,9.0,4.0,4.0,3.0,14.0,CC(C)Cc1cn(-c2nc(C(=O)[O-])cs2)c2cc(Cl)ccc12.[Na+]
CHEMBL257998,Inactive,16.0,2.0,4.0,0.0,0.0,1.0,19.0,4.0,5.0,0.0,0.0,2.0,0.0,2.0,0.0,0.0,0.0,0.0,17.0,2.0,7.0,0.0,0.0,2.0,0.0,2.0,2.0,17.0,2.0,6.0,0.0,0.0,2.0,0.0,2.0,0.0,0.0,18.0,2.0,5.0,0.0,0.0,1.0,1.0,1.0,1.0,18.0,2.0,4.0,0.0,0.0,2.0,0.0,2.0,0.0,1.0,0.0,0.0,13.0,1.0,6.0,0.0,0.0,3.0,0.0,3.0,8.0,2.0,4.0,0.0,0.0,4.0,0.0,4.0,2.0,0.0,0.0,6.0,0.0,4.0,0.0,0.0,0.0,0.0,0.0,0.0,2.0,4.0,0.0,2.0,0.0,0.0,0.0,0.0,0.0,0.0,0.0,1.0,2.0,1.0,0.0,0.0,2.0,0.0,0.0,0.0,6.0,0.0,3.0,1.0,0.0,3.0,0.0,0.0,0.0,0.0,0.0,0.0,0.0,0.0,0.0,0.0,0.0,2.0,0.0,0.0,1.0,0.0,0.0,2.0,0.0,0.0,3.0,0.0,2.0,1.0,0.0,1.0,0.0,1.0,1.0,12.0,1.0,2.0,6.0,6.0,6.0,6.0,13.0,CC(C)COc1ccc(Cl)cc1Cc1cccc(C(=O)[O-])n1.[Na+]
CHEMBL258041,Inactive,20.0,2.0,4.0,0.0,0.0,1.0,24.0,4.0,5.0,0.0,0.0,2.0,0.0,2.0,0.0,0.0,0.0,0.0,22.0,2.0,7.0,0.0,0.0,2.0,0.0,2.0,2.0,18.0,2.0,8.0,0.0,0.0,2.0,0.0,2.0,0.0,0.0,20.0,2.0,6.0,0.0,0.0,1.0,1.0,1.0,1.0,23.0,2.0,4.0,0.0,0.0,2.0,0.0,2.0,0.0,1.0,0.0,0.0,21.0,1.0,6.0,0.0,0.0,3.0,0.0,3.0,15.0,2.0,4.0,0.0,0.0,4.0,0.0,4.0,2.0,0.0,0.0,10.0,2.0,4.0,0.0,0.0,2.0,0.0,2.0,0.0,2.0,9.0,1.0,2.0,0.0,0.0,1.0,1.0,0.0,0.0,0.0,0.0,2.0,0.0,0.0,0.0,0.0,0.0,0.0,0.0,3.0,0.0,0.0,0.0,0.0,0.0,0.0,0.0,0.0,0.0,0.0,0.0,0.0,0.0,0.0,0.0,0.0,0.0,0.0,0.0,0.0,0.0,0.0,2.0,0.0,0.0,3.0,1.0,0.0,1.0,0.0,1.0,0.0,1.0,1.0,18.0,1.0,2.0,6.0,4.0,4.0,6.0,18.0,O=C([O-])c1cccc(Cc2cc(Cl)ccc2OCc2ccccc2)n1.[Na+]
CHEMBL258184,Active,18.0,3.0,4.0,0.0,0.0,1.0,21.0,8.0,5.0,0.0,0.0,0.0,2.0,2.0,0.0,0.0,0.0,0.0,19.0,5.0,7.0,0.0,0.0,0.0,2.0,2.0,2.0,16.0,4.0,5.0,0.0,0.0,0.0,2.0,2.0,3.0,0.0,19.0,4.0,6.0,0.0,0.0,0.0,0.0,1.0,1.0,22.0,3.0,5.0,0.0,0.0,0.0,2.0,2.0,0.0,1.0,0.0,0.0,19.0,3.0,5.0,0.0,0.0,0.0,4.0,4.0,12.0,4.0,4.0,0.0,0.0,0.0,3.0,3.0,2.0,0.0,0.0,10.0,3.0,4.0,0.0,0.0,0.0,2.0,2.0,0.0,2.0,9.0,1.0,2.0,0.0,0.0,0.0,1.0,0.0,0.0,0.0,0.0,2.0,0.0,0.0,0.0,1.0,0.0,0.0,0.0,4.0,0.0,0.0,0.0,0.0,0.0,0.0,0.0,0.0,0.0,0.0,0.0,0.0,0.0,0.0,0.0,0.0,0.0,0.0,0.0,0.0,0.0,0.0,2.0,0.0,0.0,3.0,1.0,1.0,0.0,0.0,1.0,0.0,1.0,2.0,17.0,2.0,2.0,7.0,5.0,5.0,6.0,17.0,Cc1cc(C(=O)[O-])nn1Cc1cc(Br)ccc1OCc1ccccc1.[Na+]
CHEMBL290969,Inactive,24.0,0.0,5.0,0.0,0.0,0.0,28.0,0.0,8.0,0.0,0.0,0.0,0.0,0.0,0.0,0.0,0.0,0.0,25.0,0.0,10.0,0.0,0.0,0.0,0.0,0.0,0.0,22.0,0.0,8.0,0.0,0.0,0.0,0.0,0.0,0.0,0.0,21.0,0.0,10.0,0.0,0.0,0.0,0.0,0.0,0.0,20.0,0.0,11.0,0.0,0.0,0.0,0.0,0.0,0.0,0.0,0.0,0.0,19.0,0.0,8.0,0.0,0.0,0.0,0.0,0.0,19.0,0.0,7.0,0.0,0.0,0.0,0.0,0.0,0.0,0.0,0.0,19.0,0.0,10.0,0.0,0.0,0.0,0.0,0.0,0.0,0.0,15.0,0.0,12.0,0.0,0.0,0.0,0.0,0.0,0.0,0.0,5.0,11.0,6.0,7.0,4.0,0.0,4.0,0.0,4.0,17.0,2.0,17.0,2.0,0.0,19.0,8.0,10.0,22.0,21.0,21.0,21.0,20.0,12.0,11.0,0.0,10.0,9.0,0.0,0.0,7.0,0.0,0.0,4.0,0.0,0.0,5.0,0.0,0.0,11.0,0.0,0.0,0.0,0.0,0.0,6.0,0.0,0.0,5.0,22.0,22.0,13.0,12.0,O=C(O)CCCCCCC1C(O)CC(O)C1CCC(O)CCc1ccccc1
CHEMBL362543,Active,25.0,0.0,4.0,2.0,0.0,1.0,33.0,0.0,5.0,3.0,0.0,2.0,0.0,2.0,0.0,0.0,0.0,0.0,30.0,0.0,9.0,3.0,0.0,2.0,0.0,2.0,0.0,28.0,0.0,9.0,4.0,0.0,2.0,0.0,2.0,0.0,0.0,30.0,0.0,7.0,4.0,0.0,2.0,2.0,0.0,1.0,32.0,0.0,4.0,2.0,0.0,3.0,0.0,3.0,0.0,0.0,0.0,0.0,28.0,0.0,8.0,1.0,0.0,3.0,0.0,3.0,23.0,0.0,6.0,2.0,0.0,4.0,0.0,4.0,0.0,0.0,0.0,17.0,0.0,4.0,2.0,0.0,4.0,0.0,4.0,2.0,0.0,12.0,0.0,4.0,1.0,0.0,1.0,1.0,0.0,2.0,2.0,0.0,1.0,0.0,0.0,0.0,0.0,1.0,0.0,1.0,2.0,0.0,0.0,0.0,0.0,0.0,0.0,0.0,0.0,0.0,0.0,0.0,0.0,0.0,0.0,0.0,0.0,0.0,0.0,0.0,0.0,0.0,0.0,2.0,0.0,0.0,3.0,2.0,0.0,0.0,0.0,2.0,0.0,0.0,1.0,23.0,1.0,2.0,6.0,3.0,3.0,4.0,23.0,O=C(O)c1cccc(-c2sccc2-c2cc(Cl)ccc2OCc2ccccc2)c1
CHEMBL377649,Active,25.0,3.0,4.0,0.0,0.0,1.0,32.0,6.0,5.0,0.0,0.0,0.0,2.0,2.0,0.0,0.0,0.0,0.0,32.0,4.0,9.0,0.0,0.0,0.0,2.0,2.0,0.0,31.0,4.0,8.0,0.0,0.0,0.0,2.0,2.0,1.0,0.0,36.0,2.0,6.0,0.0,0.0,0.0,1.0,2.0,1.0,37.0,1.0,7.0,0.0,0.0,0.0,4.0,4.0,0.0,0.0,0.0,0.0,29.0,2.0,10.0,0.0,0.0,0.0,4.0,4.0,24.0,2.0,6.0,0.0,0.0,0.0,4.0,4.0,0.0,0.0,0.0,20.0,1.0,4.0,0.0,0.0,0.0,4.0,4.0,2.0,0.0,15.0,0.0,4.0,0.0,0.0,0.0,1.0,0.0,0.0,2.0,0.0,1.0,0.0,0.0,0.0,1.0,1.0,0.0,1.0,3.0,0.0,0.0,0.0,0.0,0.0,0.0,0.0,0.0,0.0,0.0,0.0,0.0,0.0,0.0,0.0,0.0,0.0,0.0,0.0,0.0,0.0,0.0,2.0,0.0,0.0,3.0,2.0,1.0,0.0,0.0,2.0,0.0,0.0,1.0,23.0,1.0,2.0,7.0,4.0,4.0,4.0,24.0,Cc1ccc(-c2cc(Br)ccc2OCc2ccccc2)n1-c1cccc(C(=O)O)c1
CHEMBL377852,Active,25.0,3.0,4.0,0.0,0.0,1.0,32.0,6.0,5.0,0.0,0.0,2.0,0.0,2.0,0.0,0.0,0.0,0.0,32.0,4.0,9.0,0.0,0.0,2.0,0.0,2.0,0.0,31.0,4.0,8.0,0.0,0.0,2.0,0.0,2.0,1.0,0.0,36.0,2.0,6.0,0.0,0.0,1.0,1.0,2.0,1.0,37.0,1.0,7.0,0.0,0.0,4.0,0.0,4.0,0.0,0.0,0.0,0.0,29.0,2.0,10.0,0.0,0.0,4.0,0.0,4.0,24.0,2.0,6.0,0.0,0.0,4.0,0.0,4.0,0.0,0.0,0.0,20.0,1.0,4.0,0.0,0.0,4.0,0.0,4.0,2.0,0.0,15.0,0.0,4.0,0.0,0.0,1.0,1.0,0.0,2.0,2.0,0.0,1.0,0.0,0.0,0.0,1.0,1.0,0.0,1.0,3.0,0.0,0.0,0.0,0.0,0.0,0.0,0.0,0.0,0.0,0.0,0.0,0.0,0.0,0.0,0.0,0.0,0.0,0.0,0.0,0.0,0.0,0.0,2.0,0.0,0.0,3.0,2.0,1.0,0.0,0.0,2.0,0.0,0.0,1.0,23.0,1.0,2.0,7.0,4.0,4.0,4.0,24.0,Cc1ccc(-c2cc(Cl)ccc2OCc2ccccc2)n1-c1cccc(C(=O)O)c1
CHEMBL383090,Active,24.0,3.0,4.0,0.0,0.0,1.0,31.0,5.0,5.0,0.0,0.0,2.0,0.0,2.0,0.0,0.0,0.0,0.0,29.0,4.0,9.0,0.0,0.0,2.0,0.0,2.0,0.0,28.0,4.0,8.0,0.0,0.0,2.0,0.0,2.0,1.0,0.0,32.0,2.0,6.0,0.0,0.0,1.0,1.0,2.0,1.0,33.0,1.0,6.0,0.0,0.0,4.0,0.0,4.0,0.0,0.0,0.0,0.0,27.0,2.0,8.0,0.0,0.0,3.0,0.0,3.0,23.0,2.0,6.0,0.0,0.0,4.0,0.0,4.0,0.0,0.0,0.0,18.0,1.0,4.0,0.0,0.0,4.0,0.0,4.0,2.0,0.0,13.0,0.0,4.0,0.0,0.0,1.0,1.0,0.0,2.0,2.0,0.0,1.0,0.0,0.0,0.0,0.0,1.0,0.0,1.0,2.0,0.0,0.0,0.0,0.0,0.0,0.0,0.0,0.0,0.0,0.0,0.0,0.0,0.0,0.0,0.0,0.0,0.0,0.0,0.0,0.0,0.0,0.0,2.0,0.0,0.0,3.0,2.0,0.0,0.0,0.0,2.0,0.0,0.0,1.0,23.0,1.0,2.0,7.0,3.0,3.0,4.0,24.0,O=C(O)c1cccc(-n2cccc2-c2cc(Cl)ccc2OCc2ccccc2)c1
CHEMBL3922155,Inactive,27.0,0.0,5.0,2.0,0.0,0.0,35.0,0.0,8.0,4.0,0.0,0.0,0.0,0.0,0.0,0.0,0.0,0.0,31.0,0.0,14.0,3.0,0.0,0.0,0.0,0.0,0.0,28.0,0.0,8.0,2.0,0.0,0.0,0.0,0.0,0.0,1.0,26.0,0.0,10.0,1.0,0.0,0.0,0.0,0.0,0.0,25.0,0.0,11.0,1.0,0.0,0.0,0.0,0.0,0.0,0.0,0.0,0.0,24.0,0.0,11.0,2.0,0.0,0.0,0.0,0.0,24.0,0.0,7.0,3.0,0.0,0.0,0.0,0.0,0.0,0.0,0.0,24.0,0.0,10.0,3.0,0.0,0.0,0.0,0.0,0.0,0.0,23.0,0.0,12.0,1.0,0.0,0.0,0.0,0.0,0.0,0.0,4.0,5.0,2.0,2.0,1.0,2.0,3.0,0.0,3.0,18.0,6.0,16.0,6.0,4.0,19.0,13.0,9.0,18.0,17.0,12.0,4.0,1.0,4.0,4.0,0.0,4.0,6.0,0.0,0.0,5.0,0.0,0.0,3.0,0.0,0.0,5.0,0.0,2.0,5.0,0.0,0.0,0.0,0.0,1.0,9.0,1.0,0.0,7.0,19.0,19.0,10.0,19.0,CC1(C)C(=O)C(CC=CCCCC(=O)O)C(C=CC(O)Cc2cc3ccccc3s2)C1O
CHEMBL3954031,Inactive,27.0,0.0,5.0,2.0,0.0,0.0,35.0,0.0,8.0,4.0,0.0,0.0,0.0,0.0,0.0,0.0,0.0,0.0,31.0,0.0,14.0,3.0,0.0,0.0,0.0,0.0,0.0,28.0,0.0,8.0,2.0,0.0,0.0,0.0,0.0,0.0,1.0,26.0,0.0,10.0,1.0,0.0,0.0,0.0,0.0,0.0,25.0,0.0,11.0,1.0,0.0,0.0,0.0,0.0,0.0,0.0,0.0,0.0,24.0,0.0,11.0,2.0,0.0,0.0,0.0,0.0,24.0,0.0,7.0,3.0,0.0,0.0,0.0,0.0,0.0,0.0,0.0,24.0,0.0,10.0,3.0,0.0,0.0,0.0,0.0,0.0,0.0,23.0,0.0,12.0,1.0,0.0,0.0,0.0,0.0,0.0,0.0,4.0,5.0,2.0,2.0,1.0,2.0,3.0,0.0,3.0,18.0,6.0,16.0,6.0,2.0,19.0,13.0,9.0,18.0,17.0,12.0,4.0,1.0,4.0,4.0,0.0,4.0,6.0,0.0,0.0,5.0,0.0,0.0,3.0,0.0,0.0,5.0,0.0,2.0,5.0,0.0,0.0,0.0,0.0,1.0,9.0,1.0,0.0,7.0,19.0,19.0,8.0,17.0,CC1(C)C(=O)C(CC#CCCCC(=O)O)C(C=CC(O)Cc2cc3ccccc3s2)C1O
CHEMBL3964563,Inactive,25.0,0.0,5.0,0.0,0.0,0.0,32.0,0.0,8.0,0.0,0.0,0.0,0.0,0.0,0.0,0.0,0.0,0.0,28.0,0.0,14.0,0.0,0.0,0.0,0.0,0.0,0.0,25.0,0.0,9.0,0.0,0.0,0.0,0.0,0.0,0.0,0.0,24.0,0.0,10.0,0.0,0.0,0.0,0.0,0.0,0.0,23.0,0.0,10.0,0.0,0.0,0.0,0.0,0.0,0.0,0.0,0.0,0.0,23.0,0.0,9.0,0.0,0.0,0.0,0.0,0.0,24.0,0.0,8.0,0.0,0.0,0.0,0.0,0.0,0.0,0.0,0.0,23.0,0.0,11.0,0.0,0.0,0.0,0.0,0.0,0.0,0.0,17.0,0.0,11.0,0.0,0.0,0.0,0.0,0.0,0.0,0.0,4.0,5.0,2.0,2.0,1.0,2.0,3.0,0.0,3.0,18.0,6.0,16.0,6.0,4.0,19.0,13.0,9.0,18.0,17.0,12.0,4.0,1.0,4.0,4.0,0.0,4.0,6.0,0.0,0.0,5.0,0.0,0.0,3.0,0.0,0.0,5.0,0.0,2.0,5.0,0.0,0.0,0.0,0.0,0.0,6.0,0.0,0.0,5.0,19.0,19.0,10.0,17.0,CC1(C)C(=O)C(CC=CCCCC(=O)O)C(C=CC(O)Cc2ccccc2)C1O
CHEMBL401768,Active,15.0,4.0,4.0,2.0,0.0,1.0,19.0,4.0,5.0,1.0,0.0,2.0,0.0,2.0,0.0,0.0,0.0,0.0,14.0,5.0,6.0,2.0,0.0,2.0,0.0,2.0,3.0,11.0,5.0,6.0,2.0,0.0,1.0,0.0,1.0,0.0,2.0,16.0,3.0,1.0,2.0,0.0,1.0,1.0,3.0,1.0,17.0,4.0,4.0,2.0,0.0,1.0,0.0,1.0,0.0,1.0,0.0,0.0,16.0,3.0,5.0,1.0,0.0,3.0,0.0,3.0,10.0,3.0,4.0,2.0,0.0,3.0,0.0,3.0,2.0,0.0,0.0,7.0,2.0,4.0,2.0,0.0,2.0,0.0,2.0,0.0,2.0,6.0,1.0,2.0,1.0,0.0,1.0,1.0,0.0,0.0,0.0,0.0,1.0,0.0,0.0,0.0,0.0,0.0,0.0,0.0,2.0,0.0,0.0,0.0,0.0,0.0,0.0,0.0,0.0,0.0,0.0,0.0,0.0,0.0,0.0,0.0,0.0,0.0,0.0,0.0,0.0,0.0,0.0,2.0,0.0,0.0,3.0,1.0,0.0,0.0,0.0,0.0,0.0,1.0,2.0,17.0,2.0,2.0,10.0,4.0,4.0,6.0,17.0,O=C([O-])c1csc(Nc2cc(Cl)ccc2OCc2ccccc2)n1.[Na+]
CHEMBL404525,Active,18.0,3.0,4.0,0.0,0.0,1.0,21.0,8.0,5.0,0.0,0.0,2.0,0.0,2.0,0.0,0.0,0.0,0.0,19.0,5.0,7.0,0.0,0.0,2.0,0.0,2.0,2.0,16.0,4.0,5.0,0.0,0.0,2.0,0.0,2.0,3.0,0.0,19.0,4.0,6.0,0.0,0.0,0.0,0.0,1.0,1.0,22.0,3.0,5.0,0.0,0.0,2.0,0.0,2.0,0.0,1.0,0.0,0.0,19.0,3.0,5.0,0.0,0.0,4.0,0.0,4.0,12.0,4.0,4.0,0.0,0.0,3.0,0.0,3.0,2.0,0.0,0.0,10.0,3.0,4.0,0.0,0.0,2.0,0.0,2.0,0.0,2.0,9.0,1.0,2.0,0.0,0.0,1.0,1.0,0.0,0.0,0.0,0.0,2.0,0.0,0.0,0.0,1.0,0.0,0.0,0.0,4.0,0.0,0.0,0.0,0.0,0.0,0.0,0.0,0.0,0.0,0.0,0.0,0.0,0.0,0.0,0.0,0.0,0.0,0.0,0.0,0.0,0.0,0.0,2.0,0.0,0.0,3.0,1.0,1.0,0.0,0.0,1.0,0.0,1.0,2.0,17.0,2.0,2.0,7.0,5.0,5.0,6.0,17.0,Cc1cc(C(=O)[O-])nn1Cc1cc(Cl)ccc1OCc1ccccc1.[Na+]
CHEMBL404698,Inactive,24.0,5.0,3.0,0.0,0.0,1.0,28.0,11.0,4.0,0.0,0.0,2.0,0.0,2.0,1.0,0.0,0.0,0.0,25.0,8.0,7.0,0.0,0.0,2.0,0.0,2.0,1.0,21.0,7.0,6.0,0.0,0.0,2.0,0.0,2.0,2.0,0.0,25.0,9.0,6.0,0.0,0.0,0.0,0.0,1.0,1.0,29.0,8.0,5.0,0.0,0.0,2.0,0.0,2.0,0.0,1.0,0.0,0.0,27.0,8.0,3.0,0.0,0.0,4.0,0.0,4.0,21.0,7.0,2.0,0.0,0.0,3.0,0.0,3.0,1.0,0.0,0.0,20.0,5.0,3.0,0.0,0.0,2.0,0.0,2.0,0.0,1.0,20.0,2.0,3.0,0.0,0.0,2.0,2.0,0.0,0.0,0.0,0.0,2.0,0.0,0.0,0.0,1.0,0.0,0.0,0.0,4.0,0.0,0.0,0.0,0.0,0.0,0.0,0.0,0.0,0.0,0.0,0.0,0.0,0.0,0.0,0.0,0.0,0.0,0.0,0.0,0.0,1.0,0.0,1.0,0.0,0.0,2.0,1.0,1.0,0.0,0.0,1.0,0.0,1.0,2.0,23.0,2.0,2.0,8.0,7.0,7.0,8.0,24.0,Cc1cc(C(=O)Nc2ccccc2)nn1Cc1cc(Cl)ccc1OCc1ccccc1
CHEMBL467510,Active,22.0,2.0,4.0,0.0,0.0,1.0,28.0,4.0,5.0,0.0,0.0,2.0,0.0,2.0,0.0,0.0,0.0,0.0,28.0,3.0,7.0,0.0,0.0,2.0,0.0,2.0,2.0,30.0,3.0,7.0,0.0,0.0,2.0,0.0,2.0,0.0,0.0,33.0,3.0,7.0,0.0,0.0,2.0,2.0,0.0,1.0,31.0,2.0,6.0,0.0,0.0,4.0,0.0,4.0,1.0,0.0,0.0,0.0,23.0,2.0,8.0,0.0,0.0,3.0,0.0,3.0,16.0,1.0,8.0,0.0,0.0,4.0,0.0,4.0,0.0,0.0,0.0,10.0,2.0,4.0,0.0,0.0,2.0,0.0,2.0,2.0,0.0,6.0,0.0,4.0,0.0,0.0,0.0,0.0,0.0,2.0,2.0,1.0,1.0,1.0,0.0,0.0,2.0,0.0,0.0,0.0,5.0,0.0,3.0,1.0,0.0,3.0,0.0,0.0,0.0,0.0,0.0,0.0,0.0,0.0,0.0,0.0,0.0,2.0,0.0,0.0,1.0,0.0,0.0,2.0,0.0,0.0,3.0,0.0,2.0,0.0,0.0,1.0,0.0,1.0,1.0,18.0,1.0,2.0,6.0,4.0,4.0,4.0,19.0,CC(C)COc1ccc(Cl)cc1-c1ccccc1-c1cccc(C(=O)[O-])n1.[Na+]
CHEMBL815,Inactive,20.0,0.0,5.0,0.0,0.0,0.0,22.0,0.0,8.0,0.0,0.0,0.0,0.0,0.0,0.0,0.0,0.0,0.0,20.0,0.0,10.0,0.0,0.0,0.0,0.0,0.0,0.0,19.0,0.0,8.0,0.0,0.0,0.0,0.0,0.0,0.0,0.0,18.0,0.0,9.0,0.0,0.0,0.0,0.0,0.0,0.0,17.0,0.0,10.0,0.0,0.0,0.0,0.0,0.0,0.0,0.0,0.0,0.0,16.0,0.0,7.0,0.0,0.0,0.0,0.0,0.0,15.0,0.0,7.0,0.0,0.0,0.0,0.0,0.0,0.0,0.0,0.0,13.0,0.0,9.0,0.0,0.0,0.0,0.0,0.0,0.0,0.0,9.0,0.0,10.0,0.0,0.0,0.0,0.0,0.0,0.0,0.0,5.0,9.0,4.0,5.0,3.0,1.0,4.0,0.0,4.0,20.0,2.0,18.0,2.0,4.0,18.0,7.0,7.0,18.0,12.0,6.0,3.0,1.0,4.0,7.0,0.0,9.0,8.0,0.0,0.0,7.0,0.0,0.0,4.0,0.0,0.0,5.0,0.0,1.0,9.0,0.0,0.0,0.0,0.0,0.0,0.0,0.0,0.0,5.0,22.0,22.0,12.0,10.0,CCCCCC(O)C=CC1C(O)CC(O)C1CC=CCCCC(=O)O
