Molecule ChEMBL ID,Activity,APC2D1_C_C,APC2D1_C_N,APC2D1_C_O,APC2D1_C_S,APC2D1_C_F,APC2D1_C_Cl,APC2D1_C_X,APC2D1_N_N,APC2D2_C_C,APC2D2_C_N,APC2D2_C_O,APC2D2_C_S,APC2D2_C_F,APC2D2_C_Cl,APC2D2_C_X,APC2D2_N_N,APC2D2_N_O,APC2D2_O_O,APC2D2_O_F,APC2D2_O_X,APC2D2_F_F,APC2D2_F_X,APC2D2_X_X,APC2D3_C_C,APC2D3_C_N,APC2D3_C_O,APC2D3_C_S,APC2D3_C_F,APC2D3_C_Cl,APC2D3_C_X,APC2D3_N_N,APC2D3_N_O,APC2D4_C_C,APC2D4_C_N,APC2D4_C_O,APC2D4_C_S,APC2D4_C_F,APC2D4_C_Cl,APC2D4_C_X,APC2D4_N_O,APC2D4_O_O,APC2D5_C_C,APC2D5_C_N,APC2D5_C_O,APC2D5_C_S,APC2D5_C_F,APC2D5_C_Cl,APC2D5_C_X,APC2D5_N_N,APC2D5_N_O,APC2D5_N_F,APC2D5_N_Cl,APC2D5_N_X,APC2D5_O_O,APC2D6_C_C,APC2D6_C_N,APC2D6_C_O,APC2D6_C_S,APC2D6_C_F,APC2D6_C_Cl,APC2D6_C_X,APC2D6_N_N,APC2D6_N_O,APC2D6_N_F,APC2D6_N_Cl,APC2D6_N_X,APC2D6_O_O,APC2D6_O_X,APC2D6_F_F,APC2D6_F_X,APC2D6_X_X,APC2D7_C_C,APC2D7_C_N,APC2D7_C_O,APC2D7_C_S,APC2D7_C_F,APC2D7_C_Cl,APC2D7_C_X,APC2D7_N_N,APC2D7_N_O,APC2D7_N_F,APC2D7_N_X,APC2D7_O_O,APC2D8_C_C,APC2D8_C_N,APC2D8_C_O,APC2D8_C_S,APC2D8_C_F,APC2D8_C_Cl,APC2D8_C_X,APC2D8_N_N,APC2D8_N_O,APC2D8_N_F,APC2D8_N_X,APC2D8_O_O,APC2D9_C_C,APC2D9_C_N,APC2D9_C_O,APC2D9_C_S,APC2D9_C_F,APC2D9_C_Cl,APC2D9_C_X,APC2D9_N_N,APC2D9_N_O,APC2D9_N_F,APC2D9_N_X,APC2D9_O_O,APC2D9_O_F,APC2D9_O_X,APC2D10_C_C,APC2D10_C_N,APC2D10_C_O,APC2D10_C_S,APC2D10_C_F,APC2D10_C_Cl,APC2D10_C_X,APC2D10_N_N,APC2D10_N_O,APC2D10_N_X,APC2D10_O_O,KRFPC1,KRFPC14,KRFPC16,KRFPC20,KRFPC92,KRFPC297,KRFPC298,KRFPC302,KRFPC303,KRFPC314,KRFPC341,KRFPC344,KRFPC504,KRFPC669,KRFPC677,KRFPC678,KRFPC839,KRFPC840,KRFPC1146,KRFPC1148,KRFPC1154,KRFPC1193,KRFPC1405,KRFPC1642,KRFPC1645,KRFPC2259,KRFPC2260,KRFPC2547,KRFPC2949,KRFPC2975,KRFPC3025,KRFPC3224,KRFPC3295,KRFPC3302,KRFPC3369,KRFPC3402,KRFPC3404,KRFPC3418,KRFPC3455,KRFPC3640,KRFPC3647,KRFPC3648,KRFPC3649,KRFPC3657,KRFPC3659,KRFPC3660,KRFPC3661,KRFPC3662,KRFPC3671,KRFPC3682,KRFPC3692,KRFPC3693,KRFPC3701,KRFPC3704,KRFPC3706,KRFPC3707,KRFPC3709,KRFPC3712,KRFPC3717,KRFPC3719,KRFPC3722,KRFPC3726,KRFPC3729,KRFPC3733,KRFPC3735,KRFPC3740,KRFPC3741,KRFPC3742,KRFPC3744,KRFPC3750,KRFPC3751,KRFPC3752,KRFPC3773,KRFPC3775,KRFPC3777,KRFPC3781,KRFPC3782,KRFPC3783,KRFPC3785,KRFPC3786,KRFPC3788,KRFPC3821,KRFPC3869,KRFPC3882,KRFPC3926,KRFPC3928,KRFPC3937,KRFPC3942,KRFPC3943,KRFPC3945,KRFPC3948,KRFPC3956,KRFPC4000,KRFPC4032,KRFPC4080,KRFPC4237,KRFPC4281,KRFPC4286,KRFPC4287,KRFPC4291,KRFPC4293,KRFPC4294,KRFPC4295,KRFPC4331,KRFPC4521,KRFPC4531,KRFPC4692,KRFPC4826,Smiles
CHEMBL346226,Active,26.0,2.0,6.0,0.0,3.0,1.0,4.0,1.0,34.0,4.0,8.0,0.0,0.0,2.0,2.0,0.0,1.0,0.0,3.0,3.0,3.0,3.0,3.0,31.0,6.0,11.0,0.0,3.0,2.0,5.0,0.0,1.0,22.0,9.0,10.0,0.0,6.0,2.0,8.0,0.0,0.0,21.0,9.0,7.0,0.0,6.0,0.0,6.0,0.0,0.0,0.0,1.0,1.0,0.0,26.0,5.0,2.0,0.0,3.0,0.0,3.0,0.0,2.0,0.0,1.0,1.0,2.0,0.0,0.0,0.0,0.0,29.0,2.0,5.0,0.0,3.0,1.0,4.0,0.0,2.0,0.0,0.0,0.0,29.0,2.0,7.0,0.0,0.0,1.0,1.0,0.0,0.0,0.0,0.0,0.0,25.0,3.0,6.0,0.0,3.0,2.0,5.0,0.0,0.0,0.0,0.0,1.0,0.0,0.0,18.0,4.0,8.0,0.0,6.0,3.0,9.0,0.0,0.0,0.0,0.0,0.0,0.0,0.0,0.0,0.0,1.0,0.0,0.0,0.0,0.0,0.0,0.0,0.0,0.0,1.0,0.0,1.0,0.0,0.0,1.0,1.0,1.0,0.0,1.0,1.0,1.0,3.0,2.0,1.0,4.0,1.0,0.0,0.0,0.0,0.0,0.0,0.0,0.0,0.0,0.0,0.0,0.0,0.0,0.0,0.0,0.0,0.0,0.0,0.0,0.0,0.0,0.0,0.0,0.0,0.0,0.0,0.0,0.0,0.0,0.0,0.0,0.0,0.0,0.0,0.0,0.0,0.0,0.0,0.0,0.0,0.0,0.0,0.0,0.0,0.0,0.0,0.0,0.0,0.0,0.0,0.0,1.0,1.0,1.0,0.0,0.0,0.0,0.0,0.0,0.0,0.0,2.0,2.0,3.0,2.0,1.0,0.0,0.0,1.0,0.0,0.0,0.0,0.0,4.0,0.0,0.0,3.0,0.0,O=C(NN=Cc1ccc(OCc2ccc(OC(F)(F)F)cc2)c2ccccc12)c1ccc(O)c(Cl)c1
CHEMBL142886,Inactive,24.0,2.0,1.0,0.0,1.0,0.0,1.0,0.0,31.0,4.0,2.0,0.0,2.0,0.0,2.0,0.0,0.0,0.0,0.0,0.0,0.0,0.0,0.0,34.0,7.0,2.0,0.0,2.0,0.0,2.0,0.0,0.0,43.0,3.0,3.0,0.0,1.0,0.0,1.0,1.0,0.0,46.0,3.0,6.0,0.0,1.0,0.0,1.0,0.0,0.0,0.0,0.0,0.0,0.0,42.0,3.0,4.0,0.0,2.0,0.0,2.0,0.0,0.0,0.0,0.0,0.0,0.0,0.0,0.0,0.0,0.0,29.0,2.0,4.0,0.0,4.0,0.0,4.0,0.0,0.0,0.0,0.0,0.0,17.0,0.0,1.0,0.0,4.0,0.0,4.0,0.0,0.0,1.0,1.0,0.0,7.0,0.0,1.0,0.0,5.0,0.0,5.0,0.0,0.0,0.0,0.0,0.0,0.0,0.0,3.0,0.0,0.0,0.0,1.0,0.0,1.0,0.0,0.0,0.0,0.0,3.0,3.0,0.0,0.0,2.0,4.0,0.0,0.0,0.0,0.0,3.0,2.0,0.0,6.0,0.0,0.0,0.0,0.0,0.0,1.0,0.0,0.0,0.0,1.0,0.0,0.0,1.0,0.0,1.0,13.0,0.0,9.0,0.0,0.0,0.0,0.0,0.0,0.0,0.0,5.0,0.0,0.0,0.0,0.0,0.0,0.0,0.0,0.0,0.0,0.0,2.0,0.0,0.0,0.0,1.0,0.0,0.0,0.0,0.0,0.0,0.0,0.0,0.0,0.0,0.0,0.0,0.0,0.0,0.0,0.0,0.0,0.0,0.0,0.0,0.0,0.0,0.0,0.0,0.0,0.0,1.0,0.0,0.0,0.0,0.0,0.0,0.0,0.0,0.0,0.0,0.0,1.0,0.0,1.0,0.0,0.0,0.0,0.0,0.0,0.0,0.0,0.0,0.0,1.0,0.0,0.0,0.0,0.0,CCCCCc1c(C(C)C)nc(C(C)C)c(C(C)O)c1-c1ccc(F)cc1
CHEMBL217901,Inactive,33.0,5.0,4.0,2.0,0.0,1.0,1.0,0.0,44.0,6.0,4.0,3.0,0.0,2.0,2.0,0.0,2.0,1.0,0.0,0.0,0.0,0.0,0.0,40.0,11.0,9.0,3.0,0.0,2.0,2.0,0.0,0.0,42.0,10.0,8.0,1.0,0.0,2.0,2.0,2.0,0.0,53.0,6.0,12.0,2.0,0.0,2.0,2.0,0.0,0.0,0.0,0.0,0.0,0.0,63.0,3.0,10.0,3.0,0.0,0.0,0.0,0.0,0.0,0.0,1.0,1.0,2.0,1.0,0.0,0.0,0.0,65.0,0.0,7.0,6.0,0.0,2.0,2.0,1.0,1.0,0.0,0.0,0.0,55.0,3.0,7.0,6.0,0.0,3.0,3.0,0.0,0.0,0.0,0.0,0.0,41.0,4.0,5.0,3.0,0.0,6.0,6.0,0.0,1.0,0.0,0.0,1.0,0.0,0.0,25.0,7.0,9.0,1.0,0.0,6.0,6.0,0.0,0.0,0.0,0.0,1.0,0.0,0.0,0.0,0.0,3.0,0.0,0.0,0.0,0.0,1.0,0.0,1.0,0.0,1.0,0.0,1.0,0.0,0.0,1.0,0.0,3.0,0.0,1.0,1.0,1.0,0.0,0.0,1.0,7.0,3.0,2.0,0.0,0.0,0.0,0.0,0.0,0.0,1.0,1.0,0.0,0.0,0.0,0.0,0.0,0.0,0.0,0.0,1.0,0.0,0.0,0.0,0.0,0.0,0.0,0.0,0.0,0.0,0.0,0.0,0.0,0.0,0.0,0.0,0.0,1.0,0.0,1.0,1.0,1.0,0.0,0.0,1.0,0.0,0.0,1.0,0.0,0.0,0.0,0.0,1.0,1.0,1.0,5.0,4.0,0.0,0.0,3.0,0.0,0.0,0.0,1.0,0.0,0.0,2.0,2.0,0.0,0.0,4.0,1.0,1.0,0.0,0.0,4.0,0.0,0.0,0.0,0.0,O=C(O)CCNC(=O)c1ccc(CN(C(=O)c2csc3ccc(Cl)cc23)C(c2ccccc2)c2ccccc2)cc1
CHEMBL375000,Inactive,23.0,7.0,10.0,0.0,3.0,0.0,3.0,0.0,31.0,7.0,11.0,0.0,0.0,0.0,0.0,1.0,3.0,2.0,3.0,3.0,3.0,3.0,3.0,29.0,12.0,14.0,0.0,3.0,0.0,3.0,0.0,0.0,26.0,11.0,11.0,0.0,6.0,0.0,6.0,2.0,0.0,29.0,8.0,10.0,0.0,6.0,0.0,6.0,0.0,3.0,0.0,0.0,0.0,0.0,30.0,9.0,12.0,0.0,3.0,0.0,3.0,0.0,0.0,0.0,0.0,0.0,2.0,0.0,0.0,0.0,0.0,38.0,1.0,7.0,0.0,0.0,0.0,0.0,1.0,4.0,3.0,3.0,3.0,28.0,7.0,18.0,0.0,3.0,0.0,3.0,0.0,0.0,0.0,0.0,0.0,27.0,3.0,15.0,0.0,0.0,0.0,0.0,1.0,2.0,3.0,3.0,1.0,3.0,3.0,23.0,5.0,16.0,0.0,6.0,0.0,6.0,0.0,0.0,0.0,0.0,1.0,0.0,0.0,0.0,0.0,9.0,2.0,0.0,0.0,0.0,4.0,0.0,1.0,0.0,2.0,0.0,2.0,0.0,0.0,1.0,2.0,3.0,0.0,2.0,0.0,0.0,3.0,3.0,1.0,15.0,3.0,9.0,0.0,0.0,0.0,1.0,1.0,0.0,1.0,7.0,0.0,0.0,0.0,0.0,0.0,0.0,2.0,2.0,1.0,0.0,6.0,0.0,0.0,0.0,6.0,0.0,0.0,1.0,0.0,0.0,0.0,1.0,2.0,2.0,2.0,3.0,2.0,3.0,5.0,3.0,2.0,0.0,5.0,0.0,0.0,3.0,0.0,0.0,0.0,0.0,7.0,0.0,0.0,6.0,4.0,0.0,2.0,3.0,1.0,0.0,0.0,6.0,1.0,3.0,3.0,3.0,0.0,0.0,2.0,1.0,1.0,0.0,0.0,7.0,0.0,0.0,3.0,0.0,O=C(O)CCNC(=O)c1ccc(CN(C(=O)Nc2ccc(OC(F)(F)F)cc2)C2CCC3(CC2)OCCO3)cc1
CHEMBL1922914,Active,25.0,7.0,4.0,0.0,6.0,0.0,6.0,3.0,36.0,8.0,5.0,0.0,3.0,0.0,3.0,5.0,1.0,0.0,3.0,3.0,6.0,6.0,6.0,35.0,9.0,8.0,0.0,9.0,0.0,9.0,2.0,1.0,30.0,12.0,8.0,0.0,12.0,0.0,12.0,2.0,0.0,36.0,10.0,6.0,0.0,9.0,0.0,9.0,0.0,2.0,3.0,0.0,3.0,0.0,36.0,11.0,6.0,0.0,12.0,0.0,12.0,0.0,0.0,0.0,0.0,0.0,1.0,0.0,0.0,0.0,0.0,36.0,6.0,5.0,0.0,9.0,0.0,9.0,1.0,2.0,0.0,0.0,0.0,29.0,8.0,6.0,0.0,12.0,0.0,12.0,0.0,0.0,0.0,0.0,0.0,22.0,6.0,8.0,0.0,15.0,0.0,15.0,2.0,0.0,3.0,3.0,0.0,0.0,0.0,16.0,7.0,7.0,0.0,18.0,0.0,18.0,2.0,1.0,0.0,1.0,0.0,0.0,0.0,0.0,0.0,1.0,0.0,0.0,0.0,0.0,0.0,0.0,0.0,0.0,1.0,0.0,1.0,0.0,0.0,0.0,2.0,2.0,0.0,2.0,1.0,0.0,6.0,1.0,0.0,5.0,2.0,0.0,0.0,0.0,0.0,0.0,0.0,0.0,0.0,0.0,0.0,0.0,0.0,0.0,0.0,0.0,0.0,0.0,0.0,0.0,0.0,0.0,0.0,0.0,0.0,0.0,0.0,0.0,0.0,0.0,0.0,0.0,0.0,0.0,0.0,0.0,0.0,0.0,0.0,0.0,0.0,0.0,0.0,0.0,0.0,0.0,0.0,0.0,0.0,0.0,0.0,0.0,0.0,1.0,0.0,0.0,0.0,0.0,0.0,0.0,0.0,1.0,1.0,6.0,1.0,1.0,0.0,0.0,1.0,0.0,0.0,0.0,0.0,3.0,0.0,0.0,3.0,0.0,O=C(Nc1nnn[nH]1)c1ccc(Cn2c(C(=O)c3ccc(OC(F)(F)F)cc3)cc3ccc(C(F)(F)F)cc32)cc1
CHEMBL1922917,Active,30.0,5.0,4.0,0.0,0.0,2.0,2.0,0.0,38.0,8.0,5.0,0.0,0.0,4.0,4.0,0.0,1.0,1.0,0.0,0.0,0.0,0.0,0.0,39.0,8.0,8.0,0.0,0.0,4.0,4.0,0.0,1.0,41.0,6.0,8.0,0.0,0.0,3.0,3.0,2.0,0.0,46.0,3.0,11.0,0.0,0.0,1.0,1.0,0.0,0.0,0.0,2.0,2.0,0.0,45.0,4.0,9.0,0.0,0.0,4.0,4.0,0.0,0.0,0.0,0.0,0.0,2.0,0.0,0.0,0.0,0.0,42.0,3.0,7.0,0.0,0.0,7.0,7.0,0.0,0.0,0.0,0.0,0.0,36.0,3.0,7.0,0.0,0.0,7.0,7.0,0.0,0.0,0.0,0.0,0.0,31.0,3.0,4.0,0.0,0.0,6.0,6.0,0.0,1.0,0.0,0.0,1.0,0.0,0.0,23.0,2.0,5.0,0.0,0.0,5.0,5.0,1.0,1.0,0.0,0.0,1.0,0.0,0.0,1.0,0.0,5.0,2.0,2.0,0.0,0.0,2.0,0.0,1.0,1.0,1.0,0.0,1.0,0.0,0.0,1.0,0.0,3.0,0.0,2.0,1.0,2.0,0.0,0.0,1.0,10.0,3.0,7.0,0.0,0.0,1.0,0.0,0.0,0.0,2.0,6.0,0.0,0.0,0.0,0.0,1.0,0.0,0.0,0.0,3.0,1.0,3.0,0.0,1.0,2.0,2.0,0.0,1.0,0.0,0.0,0.0,0.0,0.0,0.0,0.0,0.0,1.0,0.0,1.0,1.0,1.0,0.0,0.0,1.0,0.0,0.0,1.0,0.0,0.0,0.0,0.0,1.0,2.0,2.0,2.0,1.0,0.0,0.0,1.0,0.0,0.0,0.0,1.0,0.0,0.0,1.0,1.0,0.0,0.0,1.0,1.0,1.0,0.0,0.0,4.0,1.0,0.0,0.0,0.0,CCCC(Cc1ccc(C(=O)NCCC(=O)O)cc1)C(=O)c1cc2cc(Cl)ccc2n1-c1ccc(Cl)cc1
CHEMBL1922920,Active,30.0,5.0,6.0,0.0,3.0,1.0,4.0,0.0,39.0,8.0,7.0,0.0,0.0,2.0,2.0,0.0,1.0,1.0,3.0,3.0,3.0,3.0,3.0,41.0,8.0,10.0,0.0,3.0,2.0,5.0,0.0,1.0,43.0,6.0,9.0,0.0,6.0,2.0,8.0,3.0,0.0,47.0,4.0,13.0,0.0,6.0,1.0,7.0,0.0,0.0,0.0,1.0,1.0,0.0,47.0,4.0,13.0,0.0,3.0,2.0,5.0,0.0,0.0,3.0,0.0,3.0,2.0,0.0,0.0,0.0,0.0,46.0,3.0,10.0,0.0,6.0,3.0,9.0,0.0,0.0,0.0,0.0,1.0,39.0,3.0,11.0,0.0,12.0,4.0,16.0,0.0,0.0,0.0,0.0,0.0,34.0,3.0,6.0,0.0,9.0,3.0,12.0,0.0,1.0,0.0,0.0,1.0,3.0,4.0,25.0,2.0,8.0,0.0,9.0,4.0,13.0,1.0,1.0,0.0,0.0,1.0,0.0,0.0,1.0,0.0,5.0,2.0,2.0,0.0,0.0,2.0,0.0,1.0,1.0,1.0,0.0,1.0,0.0,0.0,1.0,1.0,3.0,0.0,1.0,1.0,1.0,3.0,1.0,1.0,11.0,3.0,7.0,0.0,0.0,1.0,0.0,0.0,0.0,2.0,6.0,0.0,0.0,0.0,0.0,1.0,0.0,0.0,0.0,3.0,1.0,3.0,0.0,1.0,2.0,2.0,0.0,1.0,0.0,0.0,0.0,0.0,0.0,0.0,0.0,0.0,1.0,0.0,1.0,1.0,1.0,0.0,0.0,1.0,0.0,0.0,1.0,0.0,0.0,0.0,0.0,1.0,1.0,1.0,2.0,1.0,0.0,0.0,1.0,0.0,0.0,0.0,2.0,1.0,3.0,1.0,1.0,0.0,0.0,1.0,1.0,1.0,0.0,0.0,5.0,1.0,0.0,3.0,0.0,CCCC(Cc1ccc(C(=O)NCCC(=O)O)cc1)C(=O)c1cc2cc(Cl)ccc2n1-c1cccc(OC(F)(F)F)c1
CHEMBL1922929,Active,33.0,7.0,4.0,0.0,0.0,1.0,1.0,0.0,43.0,11.0,5.0,0.0,0.0,2.0,2.0,0.0,1.0,1.0,0.0,0.0,0.0,0.0,0.0,45.0,10.0,8.0,0.0,0.0,2.0,2.0,1.0,1.0,44.0,10.0,8.0,0.0,0.0,2.0,2.0,2.0,0.0,46.0,9.0,11.0,0.0,0.0,1.0,1.0,0.0,0.0,0.0,1.0,1.0,0.0,50.0,8.0,8.0,0.0,0.0,2.0,2.0,0.0,1.0,0.0,0.0,0.0,2.0,0.0,0.0,0.0,0.0,52.0,6.0,8.0,0.0,0.0,3.0,3.0,0.0,0.0,0.0,0.0,0.0,47.0,5.0,9.0,0.0,0.0,3.0,3.0,0.0,0.0,0.0,1.0,0.0,39.0,6.0,5.0,0.0,0.0,4.0,4.0,0.0,1.0,0.0,0.0,1.0,0.0,0.0,31.0,4.0,5.0,0.0,0.0,5.0,5.0,1.0,1.0,0.0,0.0,1.0,0.0,0.0,1.0,0.0,5.0,2.0,2.0,0.0,0.0,2.0,0.0,1.0,1.0,1.0,0.0,1.0,0.0,0.0,1.0,0.0,3.0,0.0,1.0,1.0,1.0,0.0,0.0,1.0,10.0,3.0,7.0,0.0,0.0,1.0,0.0,0.0,0.0,2.0,6.0,0.0,0.0,0.0,0.0,1.0,0.0,0.0,0.0,3.0,1.0,3.0,0.0,1.0,2.0,2.0,0.0,1.0,0.0,0.0,0.0,0.0,0.0,0.0,0.0,0.0,1.0,0.0,1.0,1.0,1.0,0.0,0.0,1.0,0.0,0.0,1.0,0.0,0.0,0.0,0.0,1.0,1.0,1.0,2.0,1.0,0.0,0.0,1.0,0.0,0.0,0.0,1.0,0.0,0.0,1.0,1.0,0.0,0.0,1.0,1.0,1.0,0.0,0.0,4.0,1.0,0.0,0.0,0.0,CCCC(Cc1ccc(C(=O)NCCC(=O)O)cc1)C(=O)c1cc2cc(Cl)ccc2n1-c1cnc2ccccc2c1
CHEMBL1922930,Active,29.0,7.0,4.0,0.0,3.0,1.0,4.0,0.0,37.0,10.0,5.0,0.0,3.0,2.0,5.0,1.0,1.0,1.0,0.0,0.0,3.0,3.0,3.0,38.0,11.0,8.0,0.0,3.0,2.0,5.0,0.0,1.0,38.0,11.0,8.0,0.0,6.0,2.0,8.0,2.0,0.0,45.0,6.0,10.0,0.0,3.0,1.0,4.0,0.0,1.0,3.0,1.0,4.0,0.0,46.0,7.0,9.0,0.0,6.0,2.0,8.0,0.0,0.0,0.0,0.0,0.0,2.0,0.0,0.0,0.0,0.0,43.0,5.0,8.0,0.0,12.0,2.0,14.0,0.0,0.0,0.0,1.0,0.0,36.0,6.0,7.0,0.0,9.0,4.0,13.0,0.0,0.0,0.0,0.0,0.0,31.0,5.0,4.0,0.0,9.0,4.0,13.0,0.0,1.0,0.0,0.0,1.0,0.0,0.0,25.0,3.0,5.0,0.0,6.0,3.0,9.0,1.0,1.0,0.0,0.0,1.0,0.0,0.0,1.0,0.0,5.0,2.0,2.0,0.0,0.0,2.0,0.0,1.0,1.0,1.0,0.0,1.0,0.0,0.0,1.0,1.0,3.0,0.0,1.0,1.0,1.0,3.0,0.0,1.0,11.0,3.0,7.0,0.0,0.0,1.0,0.0,0.0,0.0,2.0,6.0,0.0,0.0,0.0,0.0,1.0,0.0,0.0,0.0,3.0,1.0,3.0,0.0,1.0,2.0,2.0,0.0,1.0,0.0,0.0,0.0,0.0,0.0,0.0,0.0,0.0,1.0,0.0,1.0,1.0,1.0,0.0,0.0,1.0,0.0,0.0,1.0,0.0,0.0,0.0,0.0,1.0,1.0,1.0,2.0,1.0,0.0,0.0,1.0,0.0,0.0,0.0,1.0,0.0,3.0,1.0,1.0,0.0,0.0,1.0,1.0,1.0,0.0,0.0,4.0,1.0,0.0,0.0,0.0,CCCC(Cc1ccc(C(=O)NCCC(=O)O)cc1)C(=O)c1cc2cc(Cl)ccc2n1-c1cccc(C(F)(F)F)n1
CHEMBL1922937,Active,33.0,5.0,6.0,0.0,3.0,0.0,3.0,0.0,43.0,8.0,7.0,0.0,3.0,0.0,3.0,0.0,1.0,1.0,0.0,0.0,3.0,3.0,3.0,45.0,8.0,10.0,0.0,6.0,0.0,6.0,0.0,1.0,46.0,7.0,10.0,0.0,6.0,0.0,6.0,2.0,0.0,53.0,3.0,12.0,0.0,3.0,0.0,3.0,0.0,1.0,3.0,0.0,3.0,0.0,54.0,5.0,12.0,0.0,6.0,0.0,6.0,0.0,0.0,0.0,0.0,0.0,2.0,0.0,0.0,0.0,0.0,52.0,4.0,12.0,0.0,12.0,0.0,12.0,0.0,0.0,0.0,0.0,1.0,50.0,4.0,12.0,0.0,9.0,0.0,9.0,0.0,0.0,0.0,0.0,0.0,47.0,3.0,8.0,0.0,9.0,0.0,9.0,0.0,1.0,0.0,0.0,1.0,0.0,0.0,40.0,2.0,8.0,0.0,6.0,0.0,6.0,1.0,1.0,0.0,0.0,1.0,0.0,0.0,1.0,0.0,7.0,2.0,2.0,0.0,0.0,4.0,2.0,1.0,2.0,1.0,0.0,1.0,0.0,0.0,1.0,1.0,3.0,0.0,1.0,1.0,0.0,3.0,1.0,1.0,14.0,3.0,9.0,0.0,0.0,1.0,0.0,0.0,0.0,2.0,8.0,0.0,0.0,0.0,0.0,1.0,0.0,0.0,0.0,3.0,1.0,5.0,0.0,1.0,2.0,4.0,0.0,1.0,3.0,0.0,2.0,0.0,0.0,0.0,0.0,0.0,1.0,0.0,1.0,1.0,1.0,0.0,0.0,1.0,0.0,0.0,1.0,0.0,0.0,0.0,0.0,1.0,0.0,0.0,2.0,1.0,0.0,0.0,1.0,0.0,0.0,0.0,2.0,1.0,3.0,1.0,1.0,0.0,0.0,1.0,1.0,1.0,0.0,0.0,5.0,1.0,0.0,0.0,0.0,CCCCCC(Cc1ccc(C(=O)NCCC(=O)O)cc1)C(=O)c1cc2cc(OC)ccc2n1-c1cccc(C(F)(F)F)c1
CHEMBL1922931,Inactive,29.0,7.0,4.0,0.0,3.0,1.0,4.0,0.0,37.0,10.0,5.0,0.0,3.0,2.0,5.0,1.0,1.0,1.0,0.0,0.0,3.0,3.0,3.0,38.0,11.0,8.0,0.0,3.0,2.0,5.0,0.0,1.0,38.0,11.0,8.0,0.0,6.0,2.0,8.0,2.0,0.0,45.0,6.0,10.0,0.0,3.0,1.0,4.0,0.0,1.0,3.0,1.0,4.0,0.0,46.0,7.0,9.0,0.0,6.0,2.0,8.0,0.0,0.0,0.0,0.0,0.0,2.0,0.0,0.0,0.0,0.0,43.0,5.0,8.0,0.0,12.0,2.0,14.0,0.0,0.0,0.0,1.0,0.0,36.0,6.0,7.0,0.0,9.0,4.0,13.0,0.0,0.0,0.0,0.0,0.0,31.0,5.0,4.0,0.0,9.0,4.0,13.0,0.0,1.0,0.0,0.0,1.0,0.0,0.0,25.0,3.0,5.0,0.0,6.0,3.0,9.0,1.0,1.0,0.0,0.0,1.0,0.0,0.0,1.0,0.0,5.0,2.0,2.0,0.0,0.0,2.0,0.0,1.0,1.0,1.0,0.0,1.0,0.0,0.0,1.0,1.0,3.0,0.0,1.0,1.0,1.0,3.0,0.0,1.0,11.0,3.0,7.0,0.0,0.0,1.0,0.0,0.0,0.0,2.0,6.0,0.0,0.0,0.0,0.0,1.0,0.0,0.0,0.0,3.0,1.0,3.0,0.0,1.0,2.0,2.0,0.0,1.0,0.0,0.0,0.0,0.0,0.0,0.0,0.0,0.0,1.0,0.0,1.0,1.0,1.0,0.0,0.0,1.0,0.0,0.0,1.0,0.0,0.0,0.0,0.0,1.0,1.0,1.0,2.0,1.0,0.0,0.0,1.0,0.0,0.0,0.0,1.0,0.0,3.0,1.0,1.0,0.0,0.0,1.0,1.0,1.0,0.0,0.0,4.0,1.0,0.0,0.0,0.0,CCCC(Cc1ccc(C(=O)NCCC(=O)O)cc1)C(=O)c1cc2cc(Cl)ccc2n1-c1cccc(C(F)(F)F)n1
CHEMBL1922711,Inactive,23.0,12.0,1.0,0.0,4.0,0.0,4.0,3.0,35.0,10.0,1.0,0.0,5.0,0.0,5.0,8.0,1.0,0.0,0.0,0.0,3.0,3.0,3.0,30.0,21.0,3.0,0.0,8.0,0.0,8.0,2.0,0.0,30.0,22.0,2.0,0.0,7.0,0.0,7.0,2.0,0.0,35.0,21.0,1.0,0.0,6.0,0.0,6.0,0.0,2.0,4.0,0.0,4.0,0.0,37.0,18.0,1.0,0.0,10.0,0.0,10.0,0.0,0.0,3.0,0.0,3.0,0.0,0.0,0.0,0.0,0.0,42.0,8.0,0.0,0.0,6.0,0.0,6.0,1.0,1.0,5.0,5.0,0.0,35.0,9.0,2.0,0.0,13.0,0.0,13.0,0.0,0.0,0.0,0.0,0.0,26.0,4.0,2.0,0.0,15.0,0.0,15.0,4.0,2.0,0.0,0.0,0.0,0.0,0.0,14.0,10.0,4.0,0.0,14.0,0.0,14.0,2.0,0.0,0.0,0.0,0.0,0.0,0.0,0.0,0.0,2.0,0.0,0.0,0.0,0.0,0.0,0.0,0.0,2.0,1.0,0.0,1.0,0.0,0.0,0.0,1.0,1.0,0.0,2.0,0.0,0.0,4.0,0.0,0.0,7.0,1.0,1.0,0.0,0.0,0.0,0.0,0.0,0.0,0.0,0.0,0.0,0.0,0.0,0.0,0.0,0.0,0.0,0.0,0.0,1.0,0.0,0.0,0.0,0.0,0.0,0.0,0.0,0.0,0.0,0.0,0.0,0.0,0.0,0.0,0.0,0.0,0.0,0.0,0.0,0.0,0.0,0.0,0.0,0.0,0.0,0.0,0.0,0.0,0.0,0.0,0.0,0.0,0.0,4.0,1.0,0.0,0.0,0.0,3.0,0.0,0.0,0.0,0.0,4.0,4.0,1.0,0.0,0.0,2.0,0.0,0.0,0.0,0.0,1.0,0.0,0.0,0.0,0.0,CCc1cc(C(F)(F)F)cc2c1n(C)c(=Nc1ccc(F)cc1)n2Cc1ccc(C(=O)Nc2nnn[nH]2)cc1
CHEMBL1922712,Active,21.0,12.0,5.0,0.0,6.0,0.0,6.0,3.0,34.0,10.0,5.0,0.0,3.0,0.0,3.0,8.0,1.0,0.0,3.0,3.0,6.0,6.0,6.0,30.0,20.0,7.0,0.0,9.0,0.0,9.0,2.0,1.0,28.0,21.0,7.0,0.0,12.0,0.0,12.0,3.0,0.0,35.0,20.0,2.0,0.0,9.0,0.0,9.0,0.0,4.0,3.0,0.0,3.0,0.0,35.0,19.0,4.0,0.0,12.0,0.0,12.0,0.0,0.0,3.0,0.0,3.0,0.0,0.0,0.0,0.0,0.0,39.0,8.0,4.0,0.0,6.0,0.0,6.0,1.0,3.0,6.0,6.0,0.0,31.0,11.0,10.0,0.0,12.0,0.0,12.0,0.0,0.0,0.0,0.0,0.0,28.0,4.0,7.0,0.0,12.0,0.0,12.0,4.0,2.0,6.0,6.0,0.0,0.0,0.0,16.0,10.0,9.0,0.0,21.0,0.0,21.0,2.0,0.0,0.0,1.0,0.0,0.0,0.0,0.0,0.0,1.0,0.0,0.0,0.0,0.0,0.0,0.0,0.0,2.0,1.0,0.0,1.0,0.0,0.0,0.0,2.0,1.0,0.0,2.0,0.0,0.0,6.0,2.0,0.0,7.0,1.0,0.0,0.0,0.0,0.0,0.0,0.0,0.0,0.0,0.0,0.0,0.0,0.0,0.0,0.0,0.0,0.0,0.0,0.0,0.0,0.0,0.0,0.0,0.0,0.0,0.0,0.0,0.0,0.0,0.0,0.0,0.0,0.0,0.0,0.0,0.0,0.0,0.0,0.0,0.0,0.0,0.0,0.0,0.0,0.0,0.0,0.0,0.0,0.0,0.0,0.0,0.0,0.0,4.0,1.0,0.0,0.0,0.0,3.0,0.0,0.0,2.0,2.0,6.0,4.0,1.0,0.0,0.0,2.0,0.0,0.0,0.0,0.0,3.0,0.0,0.0,3.0,0.0,COc1cc(C(F)(F)F)cc2c1n(C)c(=Nc1ccc(OC(F)(F)F)cc1)n2Cc1ccc(C(=O)Nc2nnn[nH]2)cc1
CHEMBL1922835,Active,22.0,12.0,5.0,0.0,3.0,1.0,4.0,3.0,33.0,10.0,6.0,0.0,0.0,2.0,2.0,8.0,1.0,0.0,3.0,3.0,3.0,3.0,3.0,29.0,20.0,8.0,0.0,3.0,2.0,5.0,2.0,1.0,30.0,20.0,6.0,0.0,6.0,1.0,7.0,3.0,0.0,36.0,20.0,2.0,0.0,6.0,3.0,9.0,0.0,4.0,0.0,1.0,1.0,0.0,38.0,20.0,4.0,0.0,3.0,3.0,6.0,0.0,0.0,0.0,1.0,1.0,0.0,0.0,0.0,0.0,0.0,40.0,10.0,4.0,0.0,0.0,4.0,4.0,1.0,3.0,3.0,3.0,0.0,30.0,12.0,10.0,0.0,3.0,4.0,7.0,0.0,0.0,0.0,0.0,0.0,31.0,4.0,7.0,0.0,0.0,3.0,3.0,4.0,2.0,6.0,6.0,0.0,0.0,0.0,22.0,10.0,9.0,0.0,12.0,2.0,14.0,2.0,0.0,0.0,1.0,0.0,0.0,0.0,0.0,0.0,3.0,0.0,0.0,0.0,0.0,1.0,0.0,0.0,2.0,1.0,0.0,1.0,0.0,0.0,0.0,1.0,1.0,0.0,2.0,0.0,1.0,3.0,2.0,0.0,8.0,1.0,2.0,0.0,0.0,0.0,0.0,0.0,0.0,0.0,1.0,0.0,0.0,0.0,0.0,0.0,0.0,0.0,0.0,0.0,0.0,0.0,0.0,0.0,0.0,0.0,0.0,0.0,0.0,0.0,0.0,0.0,0.0,0.0,0.0,0.0,0.0,0.0,0.0,1.0,0.0,0.0,0.0,0.0,0.0,0.0,0.0,0.0,0.0,0.0,0.0,1.0,1.0,1.0,4.0,1.0,0.0,0.0,0.0,3.0,0.0,0.0,2.0,2.0,3.0,4.0,1.0,0.0,0.0,2.0,0.0,0.0,0.0,0.0,3.0,0.0,0.0,3.0,0.0,CCCOc1cc(Cl)cc2c1n(C)c(=Nc1ccc(OC(F)(F)F)cc1)n2Cc1ccc(C(=O)Nc2nnn[nH]2)cc1
CHEMBL1922838,Active,22.0,12.0,5.0,0.0,3.0,1.0,4.0,3.0,33.0,10.0,7.0,0.0,0.0,2.0,2.0,8.0,1.0,0.0,3.0,3.0,3.0,3.0,3.0,30.0,20.0,7.0,0.0,3.0,2.0,5.0,2.0,1.0,31.0,20.0,6.0,0.0,6.0,1.0,7.0,3.0,0.0,36.0,21.0,2.0,0.0,6.0,3.0,9.0,0.0,4.0,0.0,1.0,1.0,0.0,39.0,20.0,4.0,0.0,3.0,4.0,7.0,0.0,0.0,0.0,1.0,1.0,0.0,0.0,0.0,0.0,0.0,38.0,10.0,4.0,0.0,0.0,3.0,3.0,1.0,3.0,3.0,3.0,0.0,31.0,11.0,10.0,0.0,3.0,4.0,7.0,0.0,0.0,0.0,0.0,0.0,33.0,4.0,7.0,0.0,0.0,3.0,3.0,4.0,2.0,6.0,6.0,0.0,0.0,0.0,22.0,10.0,9.0,0.0,12.0,2.0,14.0,2.0,0.0,0.0,1.0,1.0,1.0,0.0,0.0,1.0,1.0,0.0,0.0,0.0,0.0,0.0,0.0,0.0,3.0,1.0,0.0,1.0,0.0,0.0,0.0,1.0,1.0,0.0,2.0,0.0,1.0,3.0,2.0,0.0,8.0,1.0,2.0,0.0,0.0,0.0,0.0,0.0,0.0,0.0,1.0,0.0,0.0,0.0,0.0,0.0,0.0,0.0,0.0,0.0,0.0,0.0,0.0,0.0,0.0,0.0,0.0,0.0,0.0,0.0,0.0,0.0,0.0,0.0,0.0,0.0,0.0,0.0,0.0,0.0,0.0,0.0,0.0,0.0,0.0,0.0,0.0,0.0,0.0,0.0,0.0,2.0,1.0,1.0,4.0,1.0,0.0,0.0,0.0,3.0,0.0,0.0,2.0,2.0,3.0,4.0,1.0,0.0,0.0,2.0,0.0,0.0,0.0,0.0,3.0,0.0,0.0,3.0,0.0,CC(C)Oc1cc(Cl)cc2c1n(C)c(=Nc1ccc(OC(F)(F)F)cc1)n2Cc1ccc(C(=O)Nc2nnn[nH]2)cc1
CHEMBL161401,Inactive,22.0,2.0,11.0,0.0,0.0,1.0,1.0,1.0,29.0,4.0,13.0,0.0,0.0,2.0,2.0,0.0,1.0,1.0,0.0,0.0,0.0,0.0,0.0,27.0,6.0,15.0,0.0,0.0,2.0,2.0,0.0,1.0,20.0,8.0,22.0,0.0,0.0,2.0,2.0,0.0,1.0,26.0,6.0,19.0,0.0,0.0,0.0,0.0,0.0,2.0,0.0,1.0,1.0,0.0,29.0,4.0,12.0,0.0,0.0,0.0,0.0,0.0,4.0,0.0,1.0,1.0,5.0,0.0,0.0,0.0,0.0,27.0,3.0,16.0,0.0,0.0,1.0,1.0,0.0,2.0,0.0,0.0,0.0,25.0,3.0,9.0,0.0,0.0,1.0,1.0,0.0,0.0,0.0,0.0,2.0,17.0,4.0,8.0,0.0,0.0,2.0,2.0,0.0,2.0,0.0,0.0,1.0,0.0,0.0,12.0,5.0,9.0,0.0,0.0,2.0,2.0,0.0,2.0,0.0,0.0,1.0,0.0,0.0,1.0,0.0,0.0,0.0,0.0,0.0,0.0,0.0,0.0,0.0,3.0,1.0,0.0,1.0,0.0,0.0,1.0,0.0,2.0,0.0,0.0,1.0,1.0,0.0,4.0,1.0,7.0,2.0,1.0,0.0,0.0,0.0,0.0,0.0,0.0,1.0,0.0,0.0,0.0,0.0,0.0,0.0,0.0,0.0,0.0,0.0,1.0,0.0,0.0,0.0,0.0,0.0,0.0,0.0,0.0,0.0,0.0,0.0,0.0,0.0,0.0,0.0,0.0,0.0,0.0,0.0,0.0,0.0,0.0,0.0,0.0,0.0,0.0,0.0,0.0,0.0,0.0,2.0,1.0,1.0,1.0,0.0,0.0,0.0,0.0,0.0,0.0,0.0,5.0,3.0,0.0,2.0,1.0,0.0,0.0,1.0,0.0,0.0,0.0,0.0,7.0,0.0,0.0,0.0,0.0,COC(=O)C(Oc1c(OC)cc(C=NNC(=O)c2ccc(O)c(Cl)c2)cc1OC)c1ccccc1
CHEMBL506520,Active,31.0,12.0,1.0,0.0,0.0,0.0,0.0,3.0,46.0,11.0,1.0,0.0,0.0,0.0,0.0,8.0,1.0,0.0,0.0,0.0,0.0,0.0,0.0,39.0,22.0,3.0,0.0,0.0,0.0,0.0,2.0,0.0,38.0,23.0,2.0,0.0,0.0,0.0,0.0,2.0,0.0,44.0,24.0,1.0,0.0,0.0,0.0,0.0,0.0,2.0,0.0,0.0,0.0,0.0,54.0,23.0,1.0,0.0,0.0,0.0,0.0,0.0,0.0,0.0,0.0,0.0,0.0,0.0,0.0,0.0,0.0,63.0,12.0,0.0,0.0,0.0,0.0,0.0,1.0,1.0,0.0,0.0,0.0,54.0,15.0,2.0,0.0,0.0,0.0,0.0,0.0,0.0,0.0,0.0,0.0,55.0,4.0,2.0,0.0,0.0,0.0,0.0,4.0,2.0,0.0,0.0,0.0,0.0,0.0,40.0,11.0,5.0,0.0,0.0,0.0,0.0,2.0,0.0,0.0,0.0,2.0,0.0,0.0,0.0,0.0,6.0,4.0,0.0,0.0,0.0,2.0,0.0,0.0,3.0,1.0,0.0,1.0,0.0,0.0,0.0,1.0,1.0,0.0,1.0,0.0,0.0,0.0,0.0,0.0,13.0,1.0,10.0,0.0,0.0,5.0,1.0,0.0,0.0,0.0,14.0,0.0,0.0,0.0,2.0,11.0,7.0,2.0,0.0,0.0,0.0,14.0,0.0,0.0,0.0,14.0,0.0,0.0,9.0,0.0,7.0,3.0,0.0,4.0,2.0,0.0,2.0,0.0,0.0,0.0,2.0,0.0,0.0,2.0,0.0,0.0,0.0,0.0,0.0,0.0,0.0,0.0,0.0,0.0,3.0,1.0,0.0,1.0,0.0,0.0,0.0,0.0,0.0,0.0,0.0,2.0,1.0,0.0,0.0,2.0,0.0,0.0,0.0,0.0,1.0,0.0,0.0,0.0,0.0,CC(C)(C)C1CCC(N(Cc2ccc(C(=O)Nc3nnn[nH]3)cc2)c2nc3ccccc3n2Cc2ccccc2)CC1
CHEMBL152464,Active,28.0,4.0,3.0,0.0,0.0,2.0,2.0,1.0,36.0,6.0,4.0,0.0,0.0,4.0,4.0,0.0,2.0,0.0,0.0,0.0,0.0,0.0,0.0,33.0,9.0,7.0,0.0,0.0,4.0,4.0,0.0,1.0,22.0,14.0,8.0,0.0,0.0,3.0,3.0,0.0,0.0,19.0,14.0,7.0,0.0,0.0,1.0,1.0,0.0,0.0,0.0,1.0,1.0,0.0,21.0,9.0,6.0,0.0,0.0,1.0,1.0,0.0,1.0,0.0,1.0,1.0,1.0,0.0,0.0,0.0,0.0,28.0,2.0,5.0,0.0,0.0,1.0,1.0,1.0,2.0,0.0,1.0,0.0,32.0,1.0,5.0,0.0,0.0,2.0,2.0,1.0,1.0,0.0,0.0,0.0,32.0,3.0,4.0,0.0,0.0,3.0,3.0,0.0,0.0,0.0,0.0,0.0,0.0,1.0,27.0,3.0,3.0,0.0,0.0,5.0,5.0,0.0,1.0,0.0,1.0,0.0,0.0,0.0,0.0,0.0,2.0,0.0,0.0,0.0,0.0,1.0,0.0,0.0,0.0,2.0,0.0,2.0,0.0,0.0,1.0,0.0,2.0,0.0,1.0,1.0,2.0,0.0,0.0,1.0,5.0,2.0,1.0,0.0,0.0,0.0,0.0,0.0,0.0,0.0,0.0,0.0,0.0,0.0,0.0,0.0,0.0,0.0,0.0,0.0,1.0,0.0,0.0,0.0,0.0,0.0,0.0,0.0,0.0,0.0,0.0,0.0,0.0,0.0,0.0,0.0,0.0,0.0,0.0,0.0,1.0,0.0,0.0,1.0,0.0,0.0,1.0,0.0,0.0,0.0,0.0,0.0,2.0,2.0,3.0,1.0,0.0,0.0,1.0,0.0,0.0,0.0,0.0,0.0,0.0,3.0,2.0,0.0,0.0,2.0,0.0,0.0,0.0,0.0,3.0,0.0,0.0,0.0,0.0,O=C(NN=Cc1ccc(C(=O)NCCc2ccc(Cl)cc2)c2ccccc12)c1ccc(O)c(Cl)c1
CHEMBL450411,Inactive,35.0,7.0,3.0,2.0,0.0,0.0,0.0,0.0,50.0,7.0,3.0,1.0,0.0,0.0,0.0,1.0,1.0,1.0,0.0,0.0,0.0,0.0,0.0,45.0,13.0,5.0,3.0,0.0,0.0,0.0,0.0,0.0,42.0,11.0,3.0,5.0,0.0,0.0,0.0,2.0,0.0,41.0,10.0,4.0,6.0,0.0,0.0,0.0,0.0,0.0,0.0,0.0,0.0,0.0,42.0,10.0,3.0,4.0,0.0,0.0,0.0,0.0,0.0,0.0,0.0,0.0,2.0,0.0,0.0,0.0,0.0,44.0,8.0,4.0,3.0,0.0,0.0,0.0,1.0,1.0,0.0,0.0,0.0,42.0,8.0,6.0,6.0,0.0,0.0,0.0,0.0,0.0,0.0,0.0,0.0,43.0,8.0,4.0,2.0,0.0,0.0,0.0,1.0,1.0,0.0,0.0,0.0,0.0,0.0,45.0,7.0,6.0,2.0,0.0,0.0,0.0,0.0,0.0,0.0,0.0,0.0,0.0,0.0,0.0,0.0,7.0,0.0,0.0,0.0,0.0,4.0,2.0,1.0,3.0,1.0,0.0,1.0,0.0,0.0,1.0,1.0,2.0,0.0,3.0,0.0,0.0,0.0,0.0,1.0,15.0,2.0,10.0,0.0,0.0,1.0,0.0,0.0,0.0,1.0,8.0,0.0,0.0,0.0,0.0,0.0,0.0,0.0,0.0,1.0,4.0,3.0,0.0,0.0,1.0,2.0,0.0,0.0,1.0,0.0,0.0,0.0,0.0,0.0,0.0,0.0,1.0,0.0,1.0,1.0,1.0,0.0,0.0,1.0,0.0,0.0,1.0,0.0,0.0,0.0,0.0,1.0,0.0,0.0,3.0,1.0,0.0,0.0,1.0,1.0,0.0,0.0,1.0,0.0,0.0,2.0,1.0,0.0,0.0,2.0,1.0,1.0,0.0,0.0,3.0,0.0,0.0,0.0,0.0,CC(C)(C)c1ccc(-c2csc(N(Cc3ccc(C(=O)NCCC(=O)O)cc3)c3ccc(C4=CCCCC4)cc3)n2)cc1
CHEMBL442651,Active,34.0,7.0,3.0,2.0,3.0,0.0,3.0,0.0,49.0,7.0,3.0,1.0,3.0,0.0,3.0,1.0,1.0,1.0,0.0,0.0,3.0,3.0,3.0,44.0,13.0,5.0,3.0,6.0,0.0,6.0,0.0,0.0,40.0,11.0,3.0,5.0,6.0,0.0,6.0,2.0,0.0,38.0,11.0,4.0,6.0,3.0,0.0,3.0,0.0,0.0,0.0,0.0,0.0,0.0,42.0,8.0,2.0,4.0,3.0,0.0,3.0,1.0,1.0,0.0,0.0,0.0,2.0,0.0,0.0,0.0,0.0,41.0,9.0,6.0,4.0,3.0,0.0,3.0,0.0,0.0,3.0,3.0,0.0,44.0,7.0,5.0,2.0,3.0,0.0,3.0,1.0,1.0,0.0,0.0,0.0,45.0,8.0,6.0,3.0,0.0,0.0,0.0,0.0,0.0,3.0,3.0,0.0,0.0,0.0,44.0,6.0,3.0,3.0,6.0,0.0,6.0,0.0,2.0,0.0,0.0,0.0,0.0,0.0,0.0,0.0,4.0,0.0,0.0,0.0,0.0,1.0,0.0,1.0,0.0,1.0,0.0,1.0,0.0,0.0,1.0,1.0,2.0,0.0,2.0,1.0,0.0,3.0,0.0,1.0,7.0,2.0,2.0,0.0,0.0,0.0,0.0,0.0,0.0,1.0,1.0,0.0,0.0,0.0,0.0,0.0,0.0,0.0,0.0,1.0,0.0,0.0,0.0,0.0,0.0,0.0,0.0,0.0,0.0,0.0,0.0,0.0,0.0,0.0,0.0,0.0,1.0,0.0,1.0,1.0,1.0,0.0,0.0,1.0,0.0,0.0,1.0,0.0,0.0,0.0,0.0,1.0,0.0,0.0,3.0,1.0,0.0,0.0,1.0,1.0,0.0,0.0,1.0,0.0,3.0,2.0,1.0,0.0,0.0,2.0,1.0,1.0,0.0,0.0,3.0,0.0,0.0,0.0,0.0,O=C(O)CCNC(=O)c1ccc(N(Cc2ccc3c(c2)Cc2ccccc2-3)c2nc(-c3ccc(C(F)(F)F)cc3)cs2)cc1
CHEMBL1644180,Active,24.0,7.0,5.0,0.0,6.0,0.0,6.0,4.0,33.0,11.0,5.0,0.0,0.0,0.0,0.0,5.0,1.0,0.0,6.0,6.0,6.0,6.0,6.0,32.0,13.0,7.0,0.0,6.0,0.0,6.0,2.0,0.0,27.0,18.0,4.0,0.0,12.0,0.0,12.0,2.0,0.0,30.0,16.0,3.0,0.0,12.0,0.0,12.0,0.0,2.0,0.0,0.0,0.0,0.0,33.0,13.0,3.0,0.0,6.0,0.0,6.0,0.0,2.0,0.0,0.0,0.0,0.0,0.0,0.0,0.0,0.0,35.0,9.0,3.0,0.0,6.0,0.0,6.0,1.0,3.0,0.0,0.0,0.0,32.0,8.0,5.0,0.0,6.0,0.0,6.0,1.0,1.0,6.0,6.0,0.0,24.0,6.0,10.0,0.0,9.0,0.0,9.0,2.0,0.0,6.0,6.0,0.0,0.0,0.0,20.0,5.0,11.0,0.0,12.0,0.0,12.0,4.0,0.0,0.0,0.0,0.0,0.0,0.0,0.0,0.0,1.0,0.0,0.0,0.0,0.0,0.0,0.0,0.0,0.0,1.0,0.0,1.0,0.0,0.0,0.0,2.0,1.0,0.0,3.0,0.0,0.0,6.0,2.0,0.0,4.0,1.0,0.0,0.0,0.0,0.0,0.0,0.0,0.0,0.0,0.0,0.0,0.0,0.0,0.0,0.0,0.0,0.0,0.0,0.0,0.0,0.0,0.0,0.0,0.0,0.0,0.0,0.0,0.0,0.0,0.0,0.0,0.0,0.0,0.0,0.0,0.0,0.0,0.0,0.0,0.0,0.0,0.0,0.0,0.0,0.0,0.0,0.0,0.0,0.0,0.0,0.0,0.0,0.0,1.0,0.0,0.0,0.0,0.0,0.0,0.0,0.0,2.0,2.0,6.0,1.0,1.0,0.0,0.0,1.0,0.0,0.0,0.0,0.0,3.0,0.0,0.0,6.0,0.0,O=C(Nc1nn[nH]n1)c1ccc(Cn2nc(-c3ccc(OC(F)(F)F)cc3)cc2-c2ccc(OC(F)(F)F)cc2)cc1
CHEMBL1644187,Inactive,27.0,5.0,7.0,0.0,6.0,0.0,6.0,1.0,35.0,11.0,7.0,0.0,0.0,0.0,0.0,0.0,1.0,1.0,6.0,6.0,6.0,6.0,6.0,36.0,13.0,9.0,0.0,6.0,0.0,6.0,0.0,0.0,34.0,14.0,5.0,0.0,12.0,0.0,12.0,2.0,0.0,37.0,10.0,6.0,0.0,12.0,0.0,12.0,0.0,0.0,0.0,0.0,0.0,0.0,42.0,5.0,5.0,0.0,6.0,0.0,6.0,0.0,2.0,0.0,0.0,0.0,2.0,0.0,0.0,0.0,0.0,41.0,4.0,8.0,0.0,6.0,0.0,6.0,1.0,3.0,0.0,0.0,0.0,36.0,4.0,10.0,0.0,6.0,0.0,6.0,1.0,1.0,6.0,6.0,0.0,27.0,5.0,13.0,0.0,9.0,0.0,9.0,0.0,0.0,6.0,6.0,0.0,0.0,0.0,23.0,5.0,13.0,0.0,15.0,0.0,15.0,0.0,0.0,0.0,0.0,1.0,1.0,0.0,0.0,0.0,2.0,0.0,0.0,0.0,0.0,1.0,0.0,1.0,1.0,1.0,0.0,1.0,0.0,0.0,1.0,2.0,2.0,0.0,3.0,0.0,0.0,6.0,2.0,1.0,8.0,2.0,3.0,0.0,0.0,0.0,0.0,0.0,0.0,1.0,1.0,0.0,0.0,0.0,0.0,0.0,0.0,0.0,0.0,1.0,1.0,0.0,0.0,0.0,0.0,0.0,0.0,0.0,0.0,0.0,0.0,0.0,0.0,0.0,0.0,0.0,1.0,0.0,1.0,1.0,1.0,0.0,0.0,1.0,0.0,0.0,1.0,0.0,0.0,0.0,0.0,1.0,0.0,0.0,2.0,1.0,0.0,0.0,1.0,0.0,0.0,0.0,3.0,2.0,6.0,1.0,1.0,0.0,0.0,1.0,1.0,1.0,0.0,0.0,5.0,0.0,0.0,6.0,0.0,CC(c1ccc(C(=O)NCCC(=O)O)cc1)n1nc(-c2ccc(OC(F)(F)F)cc2)cc1-c1ccc(OC(F)(F)F)cc1
CHEMBL1644188,Inactive,25.0,7.0,5.0,0.0,6.0,0.0,6.0,4.0,34.0,12.0,5.0,0.0,0.0,0.0,0.0,5.0,1.0,0.0,6.0,6.0,6.0,6.0,6.0,35.0,14.0,7.0,0.0,6.0,0.0,6.0,2.0,0.0,32.0,18.0,4.0,0.0,12.0,0.0,12.0,2.0,0.0,34.0,16.0,3.0,0.0,12.0,0.0,12.0,0.0,2.0,0.0,0.0,0.0,0.0,38.0,13.0,3.0,0.0,6.0,0.0,6.0,0.0,2.0,0.0,0.0,0.0,0.0,0.0,0.0,0.0,0.0,38.0,10.0,4.0,0.0,6.0,0.0,6.0,1.0,3.0,0.0,0.0,0.0,34.0,8.0,6.0,0.0,6.0,0.0,6.0,1.0,1.0,6.0,6.0,0.0,25.0,8.0,11.0,0.0,9.0,0.0,9.0,2.0,0.0,6.0,6.0,0.0,0.0,0.0,21.0,7.0,11.0,0.0,15.0,0.0,15.0,4.0,0.0,0.0,0.0,1.0,1.0,0.0,0.0,0.0,0.0,0.0,0.0,0.0,0.0,0.0,0.0,0.0,1.0,1.0,0.0,1.0,0.0,0.0,0.0,2.0,1.0,0.0,3.0,0.0,0.0,6.0,2.0,0.0,5.0,1.0,1.0,0.0,0.0,0.0,0.0,0.0,0.0,0.0,0.0,0.0,0.0,0.0,0.0,0.0,0.0,0.0,0.0,0.0,1.0,0.0,0.0,0.0,0.0,0.0,0.0,0.0,0.0,0.0,0.0,0.0,0.0,0.0,0.0,0.0,0.0,0.0,0.0,0.0,0.0,0.0,0.0,0.0,0.0,0.0,0.0,0.0,0.0,0.0,0.0,0.0,0.0,0.0,1.0,0.0,0.0,0.0,0.0,0.0,0.0,0.0,2.0,2.0,6.0,1.0,1.0,0.0,0.0,1.0,0.0,0.0,0.0,0.0,3.0,0.0,0.0,6.0,0.0,CC(c1ccc(C(=O)Nc2nn[nH]n2)cc1)n1nc(-c2ccc(OC(F)(F)F)cc2)cc1-c1ccc(OC(F)(F)F)cc1
CHEMBL160715,Inactive,26.0,2.0,4.0,0.0,0.0,1.0,1.0,1.0,34.0,4.0,6.0,0.0,0.0,2.0,2.0,0.0,1.0,0.0,0.0,0.0,0.0,0.0,0.0,29.0,6.0,10.0,0.0,0.0,2.0,2.0,0.0,1.0,23.0,8.0,7.0,0.0,0.0,2.0,2.0,0.0,0.0,19.0,8.0,5.0,0.0,0.0,0.0,0.0,0.0,0.0,0.0,1.0,1.0,0.0,25.0,4.0,3.0,0.0,0.0,0.0,0.0,0.0,2.0,0.0,1.0,1.0,1.0,0.0,0.0,0.0,0.0,26.0,1.0,4.0,0.0,0.0,1.0,1.0,0.0,2.0,0.0,0.0,0.0,24.0,2.0,5.0,0.0,0.0,1.0,1.0,0.0,0.0,0.0,0.0,0.0,24.0,3.0,2.0,0.0,0.0,2.0,2.0,0.0,0.0,0.0,0.0,1.0,0.0,0.0,20.0,4.0,5.0,0.0,0.0,2.0,2.0,0.0,0.0,0.0,0.0,1.0,1.0,0.0,0.0,1.0,1.0,0.0,0.0,0.0,0.0,0.0,0.0,0.0,4.0,1.0,0.0,1.0,0.0,0.0,1.0,0.0,1.0,0.0,1.0,1.0,1.0,0.0,1.0,1.0,8.0,1.0,2.0,0.0,0.0,0.0,0.0,0.0,0.0,0.0,1.0,0.0,0.0,0.0,0.0,0.0,0.0,0.0,0.0,0.0,2.0,0.0,0.0,0.0,0.0,0.0,0.0,0.0,0.0,0.0,0.0,0.0,0.0,0.0,0.0,0.0,0.0,0.0,0.0,0.0,0.0,0.0,0.0,0.0,0.0,0.0,0.0,0.0,0.0,0.0,0.0,0.0,1.0,1.0,1.0,0.0,0.0,0.0,0.0,0.0,0.0,0.0,1.0,1.0,0.0,2.0,1.0,0.0,0.0,1.0,0.0,0.0,0.0,0.0,3.0,0.0,0.0,0.0,0.0,Cc1cc(C=NNC(=O)c2ccc(O)c(Cl)c2)cc(C)c1OCc1ccc(C(C)C)cc1
CHEMBL159071,Inactive,24.0,2.0,8.0,0.0,1.0,0.0,1.0,1.0,32.0,4.0,10.0,0.0,2.0,0.0,2.0,0.0,1.0,0.0,0.0,0.0,0.0,0.0,0.0,29.0,6.0,12.0,0.0,2.0,0.0,2.0,0.0,1.0,20.0,8.0,15.0,0.0,2.0,0.0,2.0,0.0,1.0,23.0,6.0,9.0,0.0,0.0,0.0,0.0,0.0,2.0,1.0,0.0,1.0,0.0,24.0,4.0,7.0,0.0,0.0,0.0,0.0,0.0,4.0,1.0,0.0,1.0,1.0,0.0,0.0,0.0,0.0,24.0,3.0,10.0,0.0,1.0,0.0,1.0,0.0,2.0,0.0,0.0,0.0,26.0,2.0,7.0,0.0,1.0,0.0,1.0,0.0,0.0,0.0,0.0,2.0,22.0,3.0,10.0,0.0,2.0,0.0,2.0,0.0,0.0,0.0,0.0,1.0,0.0,0.0,18.0,4.0,13.0,0.0,2.0,0.0,2.0,0.0,0.0,0.0,0.0,1.0,1.0,0.0,0.0,1.0,1.0,0.0,0.0,0.0,0.0,0.0,0.0,0.0,4.0,1.0,0.0,1.0,0.0,0.0,1.0,0.0,1.0,0.0,1.0,1.0,0.0,1.0,3.0,1.0,8.0,1.0,2.0,0.0,0.0,0.0,0.0,0.0,0.0,0.0,1.0,0.0,0.0,0.0,0.0,0.0,0.0,0.0,0.0,0.0,2.0,0.0,0.0,0.0,0.0,0.0,0.0,0.0,0.0,0.0,0.0,0.0,0.0,0.0,0.0,0.0,0.0,0.0,0.0,0.0,0.0,0.0,0.0,0.0,0.0,0.0,0.0,0.0,0.0,0.0,0.0,0.0,0.0,0.0,1.0,0.0,0.0,0.0,0.0,0.0,0.0,0.0,3.0,3.0,1.0,2.0,1.0,0.0,0.0,1.0,0.0,0.0,0.0,0.0,5.0,0.0,0.0,0.0,0.0,COc1cc(C=NNC(=O)c2ccc(O)c(F)c2)cc(OC)c1OCc1ccc(C(C)C)cc1
CHEMBL158497,Inactive,18.0,3.0,8.0,0.0,0.0,0.0,0.0,1.0,26.0,4.0,8.0,0.0,0.0,0.0,0.0,0.0,2.0,0.0,0.0,0.0,0.0,0.0,0.0,24.0,6.0,13.0,0.0,0.0,0.0,0.0,0.0,2.0,18.0,8.0,15.0,0.0,0.0,0.0,0.0,1.0,1.0,16.0,9.0,7.0,0.0,0.0,0.0,0.0,0.0,0.0,0.0,0.0,0.0,3.0,8.0,6.0,8.0,0.0,0.0,0.0,0.0,1.0,2.0,0.0,0.0,0.0,1.0,0.0,0.0,0.0,0.0,10.0,3.0,5.0,0.0,0.0,0.0,0.0,1.0,3.0,0.0,0.0,0.0,10.0,5.0,5.0,0.0,0.0,0.0,0.0,0.0,2.0,0.0,0.0,0.0,11.0,5.0,4.0,0.0,0.0,0.0,0.0,0.0,1.0,0.0,0.0,1.0,0.0,0.0,14.0,3.0,4.0,0.0,0.0,0.0,0.0,0.0,0.0,0.0,2.0,1.0,1.0,0.0,0.0,1.0,1.0,0.0,0.0,0.0,0.0,0.0,0.0,0.0,4.0,1.0,0.0,1.0,0.0,0.0,1.0,0.0,1.0,0.0,0.0,1.0,0.0,0.0,3.0,1.0,9.0,1.0,2.0,0.0,0.0,0.0,0.0,0.0,0.0,0.0,1.0,0.0,0.0,0.0,0.0,0.0,0.0,0.0,0.0,0.0,2.0,0.0,0.0,0.0,0.0,0.0,0.0,0.0,0.0,0.0,0.0,0.0,0.0,0.0,0.0,0.0,0.0,0.0,0.0,0.0,0.0,0.0,0.0,0.0,0.0,0.0,0.0,0.0,0.0,0.0,0.0,0.0,0.0,0.0,1.0,0.0,0.0,0.0,0.0,0.0,0.0,0.0,4.0,2.0,0.0,3.0,1.0,0.0,0.0,1.0,0.0,0.0,0.0,0.0,5.0,0.0,0.0,0.0,0.0,COc1cc(COC=NNC(=O)c2ccc(O)c(C#N)c2)cc(OC)c1C(C)C
CHEMBL430163,Active,29.0,7.0,4.0,0.0,0.0,2.0,2.0,0.0,41.0,8.0,3.0,0.0,0.0,4.0,4.0,1.0,3.0,1.0,0.0,0.0,0.0,0.0,0.0,37.0,13.0,8.0,0.0,0.0,4.0,4.0,0.0,0.0,35.0,12.0,9.0,0.0,0.0,2.0,2.0,2.0,0.0,35.0,11.0,12.0,0.0,0.0,2.0,2.0,0.0,0.0,0.0,0.0,0.0,0.0,39.0,10.0,8.0,0.0,0.0,0.0,0.0,0.0,0.0,0.0,2.0,2.0,2.0,2.0,0.0,0.0,0.0,48.0,2.0,6.0,0.0,0.0,4.0,4.0,1.0,1.0,0.0,0.0,0.0,41.0,7.0,10.0,0.0,0.0,8.0,8.0,0.0,0.0,0.0,0.0,0.0,37.0,3.0,6.0,0.0,0.0,10.0,10.0,1.0,2.0,0.0,0.0,1.0,0.0,0.0,27.0,5.0,8.0,0.0,0.0,6.0,6.0,0.0,0.0,0.0,0.0,3.0,0.0,0.0,0.0,0.0,8.0,5.0,0.0,0.0,0.0,4.0,0.0,1.0,3.0,2.0,0.0,2.0,0.0,0.0,1.0,1.0,3.0,0.0,0.0,1.0,2.0,0.0,0.0,1.0,18.0,3.0,14.0,0.0,0.0,5.0,1.0,1.0,0.0,1.0,16.0,0.0,0.0,0.0,2.0,11.0,7.0,2.0,2.0,1.0,2.0,14.0,0.0,0.0,1.0,14.0,0.0,0.0,9.0,6.0,7.0,3.0,7.0,4.0,2.0,2.0,4.0,3.0,4.0,1.0,4.0,3.0,2.0,7.0,0.0,0.0,4.0,2.0,0.0,0.0,0.0,1.0,2.0,2.0,6.0,4.0,0.0,2.0,3.0,1.0,0.0,0.0,1.0,0.0,0.0,3.0,3.0,0.0,0.0,2.0,1.0,1.0,0.0,0.0,4.0,0.0,0.0,0.0,0.0,CC(C)(C)C1CCC(N(C(=O)Nc2cc(Cl)cc(Cl)c2)C2CCc3cc(C(=O)NCCC(=O)O)ccc32)CC1
CHEMBL232037,Active,28.0,7.0,4.0,0.0,3.0,0.0,3.0,3.0,42.0,8.0,4.0,0.0,0.0,0.0,0.0,5.0,2.0,0.0,3.0,3.0,3.0,3.0,3.0,40.0,11.0,9.0,0.0,3.0,0.0,3.0,2.0,0.0,40.0,11.0,9.0,0.0,6.0,0.0,6.0,2.0,0.0,41.0,11.0,9.0,0.0,6.0,0.0,6.0,0.0,2.0,0.0,0.0,0.0,0.0,42.0,14.0,5.0,0.0,3.0,0.0,3.0,0.0,1.0,0.0,0.0,0.0,1.0,0.0,0.0,0.0,0.0,43.0,9.0,5.0,0.0,3.0,0.0,3.0,1.0,1.0,0.0,0.0,0.0,36.0,11.0,10.0,0.0,0.0,0.0,0.0,0.0,0.0,3.0,3.0,0.0,35.0,7.0,8.0,0.0,6.0,0.0,6.0,2.0,1.0,0.0,0.0,1.0,0.0,0.0,26.0,8.0,8.0,0.0,12.0,0.0,12.0,2.0,0.0,0.0,0.0,3.0,0.0,0.0,0.0,0.0,6.0,5.0,0.0,0.0,0.0,3.0,0.0,0.0,3.0,1.0,0.0,1.0,0.0,0.0,0.0,2.0,2.0,0.0,1.0,1.0,0.0,3.0,1.0,0.0,16.0,2.0,12.0,0.0,0.0,5.0,1.0,1.0,0.0,0.0,15.0,0.0,0.0,0.0,2.0,11.0,7.0,2.0,2.0,0.0,2.0,14.0,0.0,0.0,1.0,14.0,0.0,0.0,9.0,6.0,7.0,3.0,7.0,4.0,2.0,2.0,3.0,3.0,3.0,0.0,3.0,3.0,2.0,6.0,0.0,0.0,3.0,2.0,0.0,0.0,0.0,0.0,0.0,0.0,4.0,3.0,0.0,2.0,2.0,0.0,0.0,0.0,1.0,1.0,3.0,2.0,2.0,0.0,0.0,3.0,0.0,0.0,0.0,0.0,3.0,0.0,0.0,3.0,0.0,CC(C)(C)C1CCC(N(C(=O)c2ccc(OC(F)(F)F)cc2)C2CCc3cc(C(=O)Nc4nn[nH]n4)ccc32)CC1
CHEMBL266489,Active,30.0,9.0,4.0,0.0,3.0,0.0,3.0,3.0,43.0,9.0,3.0,0.0,0.0,0.0,0.0,6.0,3.0,0.0,3.0,3.0,3.0,3.0,3.0,41.0,14.0,8.0,0.0,3.0,0.0,3.0,2.0,0.0,38.0,16.0,9.0,0.0,6.0,0.0,6.0,2.0,0.0,38.0,17.0,9.0,0.0,6.0,0.0,6.0,0.0,3.0,0.0,0.0,0.0,0.0,39.0,18.0,7.0,0.0,3.0,0.0,3.0,0.0,0.0,0.0,0.0,0.0,0.0,0.0,0.0,0.0,0.0,44.0,12.0,2.0,0.0,0.0,0.0,0.0,1.0,2.0,3.0,3.0,1.0,39.0,16.0,8.0,0.0,3.0,0.0,3.0,0.0,0.0,0.0,0.0,0.0,39.0,8.0,8.0,0.0,0.0,0.0,0.0,3.0,2.0,3.0,3.0,1.0,3.0,3.0,35.0,9.0,10.0,0.0,6.0,0.0,6.0,2.0,0.0,0.0,0.0,2.0,0.0,0.0,0.0,0.0,7.0,3.0,0.0,0.0,0.0,5.0,3.0,0.0,0.0,2.0,0.0,2.0,0.0,0.0,0.0,1.0,2.0,0.0,2.0,1.0,0.0,3.0,1.0,0.0,12.0,2.0,8.0,0.0,0.0,0.0,0.0,0.0,0.0,0.0,7.0,0.0,0.0,0.0,0.0,0.0,0.0,0.0,0.0,0.0,4.0,6.0,0.0,0.0,3.0,6.0,0.0,0.0,1.0,0.0,0.0,0.0,0.0,0.0,0.0,0.0,1.0,0.0,1.0,0.0,1.0,0.0,0.0,1.0,0.0,0.0,1.0,0.0,0.0,0.0,0.0,0.0,0.0,0.0,4.0,1.0,0.0,0.0,1.0,3.0,0.0,0.0,1.0,1.0,3.0,3.0,3.0,0.0,0.0,2.0,0.0,0.0,0.0,0.0,3.0,0.0,0.0,3.0,0.0,O=C(Nc1nn[nH]n1)c1ccc2c(c1)CCC2N(C(=O)Nc1ccc(OC(F)(F)F)cc1)c1ccc(C2CCCCC2)cc1
CHEMBL4227964,Active,33.0,5.0,5.0,0.0,0.0,2.0,2.0,1.0,44.0,11.0,5.0,0.0,0.0,4.0,4.0,0.0,1.0,1.0,0.0,0.0,0.0,0.0,0.0,45.0,15.0,7.0,0.0,0.0,4.0,4.0,0.0,0.0,44.0,14.0,5.0,0.0,0.0,3.0,3.0,2.0,0.0,48.0,11.0,6.0,0.0,0.0,2.0,2.0,0.0,0.0,0.0,1.0,1.0,0.0,52.0,8.0,4.0,0.0,0.0,3.0,3.0,0.0,0.0,0.0,2.0,2.0,2.0,0.0,0.0,0.0,0.0,52.0,5.0,6.0,0.0,0.0,4.0,4.0,1.0,1.0,0.0,1.0,0.0,48.0,3.0,6.0,0.0,0.0,6.0,6.0,1.0,2.0,0.0,0.0,0.0,39.0,6.0,8.0,0.0,0.0,8.0,8.0,0.0,1.0,0.0,0.0,0.0,0.0,0.0,32.0,7.0,9.0,0.0,0.0,8.0,8.0,0.0,0.0,0.0,0.0,1.0,1.0,0.0,0.0,0.0,2.0,0.0,0.0,0.0,0.0,1.0,0.0,1.0,3.0,1.0,0.0,1.0,0.0,0.0,1.0,0.0,2.0,0.0,1.0,3.0,2.0,0.0,1.0,1.0,8.0,2.0,3.0,0.0,0.0,0.0,0.0,0.0,0.0,1.0,1.0,0.0,0.0,0.0,0.0,0.0,0.0,0.0,0.0,1.0,1.0,0.0,0.0,0.0,0.0,0.0,0.0,0.0,0.0,0.0,0.0,0.0,0.0,0.0,0.0,0.0,1.0,0.0,1.0,1.0,1.0,0.0,0.0,1.0,0.0,0.0,1.0,0.0,0.0,0.0,0.0,1.0,2.0,2.0,2.0,1.0,0.0,0.0,1.0,0.0,0.0,0.0,2.0,1.0,0.0,1.0,1.0,0.0,0.0,1.0,1.0,1.0,0.0,0.0,4.0,0.0,0.0,0.0,0.0,COc1ccc2cc(-c3c(C)c(-c4ccc(Cl)c(Cl)c4)nn3C(C)c3ccc(C(=O)NCCC(=O)O)cc3)ccc2c1
CHEMBL4228703,Inactive,33.0,5.0,5.0,0.0,0.0,0.0,0.0,1.0,44.0,11.0,5.0,0.0,0.0,0.0,0.0,0.0,1.0,1.0,0.0,0.0,0.0,0.0,0.0,45.0,15.0,7.0,0.0,0.0,0.0,0.0,0.0,0.0,44.0,14.0,5.0,0.0,0.0,0.0,0.0,2.0,0.0,48.0,11.0,6.0,0.0,0.0,0.0,0.0,0.0,0.0,0.0,0.0,0.0,0.0,52.0,8.0,4.0,0.0,0.0,0.0,0.0,0.0,0.0,0.0,0.0,0.0,2.0,0.0,0.0,0.0,0.0,52.0,5.0,6.0,0.0,0.0,0.0,0.0,1.0,1.0,0.0,0.0,0.0,48.0,3.0,6.0,0.0,0.0,0.0,0.0,1.0,2.0,0.0,0.0,0.0,39.0,6.0,8.0,0.0,0.0,0.0,0.0,0.0,1.0,0.0,0.0,0.0,0.0,0.0,32.0,7.0,9.0,0.0,0.0,0.0,0.0,0.0,0.0,0.0,0.0,1.0,1.0,0.0,0.0,0.0,2.0,0.0,0.0,0.0,0.0,1.0,0.0,1.0,3.0,1.0,0.0,1.0,0.0,0.0,1.0,0.0,2.0,0.0,1.0,2.0,0.0,0.0,1.0,1.0,8.0,2.0,3.0,0.0,0.0,0.0,0.0,0.0,0.0,1.0,1.0,0.0,0.0,0.0,0.0,0.0,0.0,0.0,0.0,1.0,1.0,0.0,0.0,0.0,0.0,0.0,0.0,0.0,0.0,0.0,0.0,0.0,0.0,0.0,0.0,0.0,1.0,0.0,1.0,1.0,1.0,0.0,0.0,1.0,0.0,0.0,1.0,0.0,0.0,0.0,0.0,1.0,0.0,0.0,2.0,1.0,0.0,0.0,1.0,0.0,0.0,0.0,2.0,1.0,0.0,1.0,1.0,0.0,0.0,1.0,1.0,1.0,0.0,0.0,4.0,0.0,0.0,0.0,0.0,COc1ccc2cc(-c3c(C)c(-c4ccccc4)nn3C(C)c3ccc(C(=O)NCCC(=O)O)cc3)ccc2c1
CHEMBL4227372,Active,29.0,5.0,3.0,0.0,0.0,2.0,2.0,1.0,37.0,11.0,3.0,0.0,0.0,4.0,4.0,0.0,1.0,1.0,0.0,0.0,0.0,0.0,0.0,36.0,15.0,5.0,0.0,0.0,4.0,4.0,0.0,0.0,37.0,14.0,3.0,0.0,0.0,4.0,4.0,2.0,0.0,42.0,11.0,4.0,0.0,0.0,2.0,2.0,0.0,0.0,0.0,2.0,2.0,0.0,47.0,6.0,3.0,0.0,0.0,4.0,4.0,0.0,0.0,0.0,2.0,2.0,2.0,0.0,0.0,0.0,0.0,44.0,2.0,5.0,0.0,0.0,4.0,4.0,1.0,1.0,0.0,0.0,0.0,38.0,2.0,5.0,0.0,0.0,8.0,8.0,1.0,1.0,0.0,0.0,0.0,27.0,5.0,5.0,0.0,0.0,8.0,8.0,0.0,0.0,0.0,0.0,0.0,0.0,0.0,17.0,6.0,6.0,0.0,0.0,8.0,8.0,0.0,0.0,0.0,0.0,1.0,1.0,0.0,0.0,0.0,2.0,0.0,0.0,0.0,0.0,1.0,0.0,1.0,3.0,1.0,0.0,1.0,0.0,0.0,1.0,0.0,2.0,0.0,1.0,0.0,2.0,0.0,0.0,1.0,8.0,2.0,3.0,0.0,0.0,0.0,0.0,0.0,0.0,1.0,1.0,0.0,0.0,0.0,0.0,0.0,0.0,0.0,0.0,1.0,1.0,0.0,0.0,0.0,0.0,0.0,0.0,0.0,0.0,0.0,0.0,0.0,0.0,0.0,0.0,0.0,1.0,0.0,1.0,1.0,1.0,0.0,0.0,1.0,0.0,0.0,1.0,0.0,0.0,0.0,0.0,1.0,2.0,2.0,2.0,1.0,0.0,0.0,1.0,0.0,0.0,0.0,1.0,0.0,0.0,1.0,1.0,0.0,0.0,1.0,1.0,1.0,0.0,0.0,3.0,0.0,0.0,0.0,0.0,Cc1cccc(-c2c(C)c(-c3cc(Cl)cc(Cl)c3)nn2C(C)c2ccc(C(=O)NCCC(=O)O)cc2)c1
CHEMBL1922940,Active,34.0,5.0,4.0,0.0,3.0,0.0,3.0,0.0,44.0,8.0,5.0,0.0,3.0,0.0,3.0,0.0,1.0,1.0,0.0,0.0,3.0,3.0,3.0,45.0,8.0,8.0,0.0,6.0,0.0,6.0,0.0,1.0,46.0,7.0,8.0,0.0,6.0,0.0,6.0,2.0,0.0,52.0,4.0,11.0,0.0,3.0,0.0,3.0,0.0,0.0,3.0,0.0,3.0,0.0,55.0,4.0,10.0,0.0,6.0,0.0,6.0,0.0,0.0,0.0,0.0,0.0,2.0,0.0,0.0,0.0,0.0,53.0,4.0,10.0,0.0,12.0,0.0,12.0,0.0,0.0,0.0,0.0,0.0,51.0,4.0,7.0,0.0,9.0,0.0,9.0,0.0,0.0,0.0,0.0,0.0,47.0,3.0,4.0,0.0,9.0,0.0,9.0,0.0,1.0,0.0,0.0,1.0,0.0,0.0,39.0,2.0,5.0,0.0,9.0,0.0,9.0,1.0,1.0,0.0,0.0,1.0,0.0,0.0,1.0,0.0,7.0,2.0,2.0,0.0,0.0,4.0,2.0,1.0,2.0,1.0,0.0,1.0,0.0,0.0,1.0,1.0,3.0,0.0,1.0,1.0,0.0,3.0,0.0,1.0,14.0,3.0,9.0,0.0,0.0,1.0,0.0,0.0,0.0,2.0,8.0,0.0,0.0,0.0,0.0,1.0,0.0,0.0,0.0,3.0,1.0,5.0,0.0,1.0,2.0,4.0,0.0,1.0,3.0,0.0,2.0,0.0,0.0,0.0,0.0,0.0,1.0,0.0,1.0,1.0,1.0,0.0,0.0,1.0,0.0,0.0,1.0,0.0,0.0,0.0,0.0,1.0,0.0,0.0,2.0,1.0,0.0,0.0,1.0,0.0,0.0,0.0,1.0,0.0,3.0,1.0,1.0,0.0,0.0,1.0,1.0,1.0,0.0,0.0,4.0,1.0,0.0,0.0,0.0,CCCCCC(Cc1ccc(C(=O)NCCC(=O)O)cc1)C(=O)c1cc2cc(C)ccc2n1-c1cccc(C(F)(F)F)c1
CHEMBL1921810,Active,20.0,12.0,5.0,0.0,6.0,0.0,6.0,3.0,32.0,10.0,5.0,0.0,0.0,0.0,0.0,8.0,1.0,0.0,6.0,6.0,6.0,6.0,6.0,28.0,20.0,7.0,0.0,6.0,0.0,6.0,2.0,0.0,27.0,19.0,4.0,0.0,12.0,0.0,12.0,3.0,0.0,30.0,19.0,3.0,0.0,12.0,0.0,12.0,0.0,4.0,0.0,0.0,0.0,0.0,34.0,18.0,4.0,0.0,6.0,0.0,6.0,0.0,1.0,3.0,0.0,3.0,0.0,0.0,0.0,0.0,0.0,36.0,9.0,3.0,0.0,6.0,0.0,6.0,1.0,3.0,6.0,6.0,0.0,26.0,11.0,10.0,0.0,9.0,0.0,9.0,0.0,0.0,3.0,3.0,0.0,25.0,4.0,8.0,0.0,9.0,0.0,9.0,4.0,2.0,6.0,6.0,0.0,0.0,0.0,15.0,10.0,10.0,0.0,24.0,0.0,24.0,2.0,0.0,0.0,0.0,0.0,0.0,0.0,0.0,0.0,1.0,0.0,0.0,0.0,0.0,0.0,0.0,0.0,1.0,1.0,0.0,1.0,0.0,0.0,0.0,2.0,1.0,0.0,2.0,1.0,0.0,6.0,2.0,0.0,6.0,1.0,0.0,0.0,0.0,0.0,0.0,0.0,0.0,0.0,0.0,0.0,0.0,0.0,0.0,0.0,0.0,0.0,0.0,0.0,0.0,0.0,0.0,0.0,0.0,0.0,0.0,0.0,0.0,0.0,0.0,0.0,0.0,0.0,0.0,0.0,0.0,0.0,0.0,0.0,0.0,0.0,0.0,0.0,0.0,0.0,0.0,0.0,0.0,0.0,0.0,0.0,0.0,0.0,4.0,1.0,0.0,0.0,0.0,3.0,0.0,0.0,2.0,2.0,6.0,4.0,1.0,0.0,0.0,2.0,0.0,0.0,0.0,0.0,3.0,0.0,0.0,6.0,0.0,Cn1c(=Nc2ccc(OC(F)(F)F)cc2)n(Cc2ccc(C(=O)Nc3nnn[nH]3)cc2)c2cc(OC(F)(F)F)ccc21
CHEMBL1922834,Active,23.0,12.0,5.0,0.0,6.0,0.0,6.0,3.0,35.0,10.0,6.0,0.0,3.0,0.0,3.0,8.0,1.0,0.0,3.0,3.0,6.0,6.0,6.0,31.0,20.0,8.0,0.0,9.0,0.0,9.0,2.0,1.0,31.0,21.0,7.0,0.0,12.0,0.0,12.0,3.0,0.0,39.0,21.0,2.0,0.0,9.0,0.0,9.0,0.0,4.0,3.0,0.0,3.0,0.0,41.0,21.0,4.0,0.0,12.0,0.0,12.0,0.0,0.0,3.0,0.0,3.0,0.0,0.0,0.0,0.0,0.0,44.0,10.0,4.0,0.0,9.0,0.0,9.0,1.0,3.0,6.0,6.0,0.0,34.0,12.0,10.0,0.0,15.0,0.0,15.0,0.0,0.0,0.0,0.0,0.0,34.0,4.0,7.0,0.0,12.0,0.0,12.0,4.0,2.0,6.0,6.0,0.0,0.0,0.0,24.0,10.0,9.0,0.0,21.0,0.0,21.0,2.0,0.0,0.0,1.0,0.0,0.0,0.0,0.0,0.0,3.0,0.0,0.0,0.0,0.0,1.0,0.0,0.0,2.0,1.0,0.0,1.0,0.0,0.0,0.0,2.0,1.0,0.0,2.0,0.0,0.0,6.0,2.0,0.0,9.0,1.0,2.0,0.0,0.0,0.0,0.0,0.0,0.0,0.0,1.0,0.0,0.0,0.0,0.0,0.0,0.0,0.0,0.0,0.0,0.0,0.0,0.0,0.0,0.0,0.0,0.0,0.0,0.0,0.0,0.0,0.0,0.0,0.0,0.0,0.0,0.0,0.0,0.0,1.0,0.0,0.0,0.0,0.0,0.0,0.0,0.0,0.0,0.0,0.0,0.0,1.0,0.0,0.0,4.0,1.0,0.0,0.0,0.0,3.0,0.0,0.0,2.0,2.0,6.0,4.0,1.0,0.0,0.0,2.0,0.0,0.0,0.0,0.0,3.0,0.0,0.0,3.0,0.0,CCCOc1cc(C(F)(F)F)cc2c1n(C)c(=Nc1ccc(OC(F)(F)F)cc1)n2Cc1ccc(C(=O)Nc2nnn[nH]2)cc1
CHEMBL1922837,Active,23.0,12.0,5.0,0.0,3.0,1.0,4.0,3.0,34.0,10.0,6.0,0.0,0.0,2.0,2.0,8.0,1.0,0.0,3.0,3.0,3.0,3.0,3.0,30.0,20.0,8.0,0.0,3.0,2.0,5.0,2.0,1.0,30.0,20.0,7.0,0.0,6.0,1.0,7.0,3.0,0.0,37.0,20.0,2.0,0.0,6.0,3.0,9.0,0.0,4.0,0.0,1.0,1.0,0.0,40.0,20.0,4.0,0.0,3.0,3.0,6.0,0.0,0.0,0.0,1.0,1.0,0.0,0.0,0.0,0.0,0.0,42.0,11.0,4.0,0.0,0.0,4.0,4.0,1.0,3.0,3.0,3.0,0.0,33.0,13.0,10.0,0.0,3.0,5.0,8.0,0.0,0.0,0.0,0.0,0.0,32.0,5.0,7.0,0.0,0.0,3.0,3.0,4.0,2.0,6.0,6.0,0.0,0.0,0.0,24.0,10.0,9.0,0.0,12.0,2.0,14.0,2.0,0.0,0.0,1.0,0.0,0.0,0.0,0.0,0.0,4.0,0.0,0.0,0.0,0.0,2.0,1.0,0.0,2.0,1.0,0.0,1.0,0.0,0.0,0.0,1.0,1.0,0.0,2.0,0.0,1.0,3.0,2.0,0.0,9.0,1.0,3.0,0.0,0.0,0.0,0.0,0.0,0.0,0.0,2.0,0.0,0.0,0.0,0.0,0.0,0.0,0.0,0.0,0.0,0.0,1.0,0.0,0.0,0.0,0.0,0.0,0.0,0.0,0.0,0.0,0.0,0.0,0.0,0.0,0.0,0.0,0.0,0.0,1.0,0.0,0.0,0.0,0.0,0.0,0.0,0.0,0.0,0.0,0.0,0.0,1.0,1.0,1.0,4.0,1.0,0.0,0.0,0.0,3.0,0.0,0.0,2.0,2.0,3.0,4.0,1.0,0.0,0.0,2.0,0.0,0.0,0.0,0.0,3.0,0.0,0.0,3.0,0.0,CCCCOc1cc(Cl)cc2c1n(C)c(=Nc1ccc(OC(F)(F)F)cc1)n2Cc1ccc(C(=O)Nc2nnn[nH]2)cc1
CHEMBL1922839,Active,27.0,12.0,3.0,0.0,3.0,0.0,3.0,3.0,42.0,10.0,4.0,0.0,3.0,0.0,3.0,8.0,1.0,0.0,0.0,0.0,3.0,3.0,3.0,37.0,20.0,6.0,0.0,6.0,0.0,6.0,2.0,1.0,36.0,21.0,6.0,0.0,6.0,0.0,6.0,3.0,0.0,41.0,22.0,2.0,0.0,3.0,0.0,3.0,0.0,3.0,3.0,0.0,3.0,0.0,42.0,23.0,3.0,0.0,9.0,0.0,9.0,0.0,0.0,3.0,0.0,3.0,0.0,0.0,0.0,0.0,0.0,46.0,12.0,4.0,0.0,9.0,0.0,9.0,1.0,1.0,3.0,3.0,0.0,38.0,16.0,6.0,0.0,12.0,0.0,12.0,0.0,0.0,0.0,0.0,0.0,45.0,4.0,4.0,0.0,12.0,0.0,12.0,4.0,2.0,0.0,0.0,0.0,0.0,0.0,34.0,10.0,6.0,0.0,9.0,0.0,9.0,2.0,0.0,0.0,0.0,0.0,0.0,0.0,0.0,0.0,3.0,0.0,0.0,0.0,0.0,1.0,0.0,0.0,5.0,1.0,0.0,1.0,0.0,0.0,0.0,2.0,1.0,0.0,2.0,0.0,0.0,3.0,1.0,0.0,12.0,1.0,5.0,0.0,0.0,1.0,0.0,0.0,0.0,0.0,4.0,0.0,0.0,0.0,0.0,0.0,0.0,0.0,0.0,0.0,3.0,0.0,0.0,0.0,0.0,0.0,0.0,0.0,0.0,0.0,0.0,0.0,0.0,0.0,0.0,0.0,0.0,0.0,0.0,1.0,0.0,0.0,0.0,0.0,0.0,0.0,0.0,0.0,0.0,0.0,0.0,1.0,0.0,0.0,5.0,2.0,0.0,0.0,0.0,4.0,0.0,0.0,1.0,1.0,3.0,4.0,1.0,0.0,0.0,2.0,0.0,0.0,0.0,0.0,2.0,0.0,0.0,0.0,0.0,CCCOc1cc(C(F)(F)F)cc2c1n(C)c(=Nc1ccc(C(C)(C)C)cc1)n2Cc1ccc(C(=O)Nc2nnn[nH]2)cc1
CHEMBL218838,Active,25.0,7.0,6.0,0.0,3.0,0.0,3.0,0.0,34.0,7.0,5.0,0.0,0.0,0.0,0.0,1.0,3.0,1.0,3.0,3.0,3.0,3.0,3.0,31.0,12.0,10.0,0.0,3.0,0.0,3.0,0.0,0.0,27.0,11.0,9.0,0.0,6.0,0.0,6.0,2.0,0.0,29.0,9.0,10.0,0.0,6.0,0.0,6.0,0.0,1.0,0.0,0.0,0.0,0.0,32.0,9.0,8.0,0.0,3.0,0.0,3.0,0.0,0.0,0.0,0.0,0.0,2.0,0.0,0.0,0.0,0.0,39.0,2.0,6.0,0.0,0.0,0.0,0.0,1.0,2.0,3.0,3.0,1.0,31.0,7.0,12.0,0.0,3.0,0.0,3.0,0.0,0.0,0.0,0.0,0.0,31.0,3.0,7.0,0.0,0.0,0.0,0.0,1.0,2.0,3.0,3.0,1.0,3.0,3.0,26.0,5.0,10.0,0.0,6.0,0.0,6.0,0.0,0.0,0.0,0.0,3.0,1.0,0.0,0.0,1.0,7.0,4.0,0.0,0.0,0.0,3.0,0.0,1.0,2.0,2.0,0.0,2.0,0.0,0.0,1.0,1.0,3.0,0.0,2.0,0.0,0.0,3.0,1.0,1.0,16.0,3.0,11.0,0.0,0.0,2.0,1.0,1.0,0.0,1.0,12.0,0.0,0.0,0.0,0.0,6.0,5.0,2.0,2.0,1.0,0.0,12.0,0.0,0.0,0.0,12.0,0.0,0.0,7.0,4.0,5.0,2.0,5.0,4.0,2.0,2.0,3.0,2.0,3.0,1.0,3.0,2.0,0.0,5.0,0.0,0.0,3.0,0.0,0.0,0.0,0.0,1.0,0.0,0.0,6.0,4.0,0.0,2.0,3.0,1.0,0.0,0.0,2.0,1.0,3.0,3.0,3.0,0.0,0.0,2.0,1.0,1.0,0.0,0.0,5.0,0.0,0.0,3.0,0.0,CC(C)C1CCC(N(Cc2ccc(C(=O)NCCC(=O)O)cc2)C(=O)Nc2ccc(OC(F)(F)F)cc2)CC1
CHEMBL219244,Active,26.0,7.0,6.0,0.0,3.0,0.0,3.0,0.0,37.0,7.0,5.0,0.0,0.0,0.0,0.0,1.0,3.0,1.0,3.0,3.0,3.0,3.0,3.0,33.0,12.0,10.0,0.0,3.0,0.0,3.0,0.0,0.0,29.0,11.0,9.0,0.0,6.0,0.0,6.0,2.0,0.0,30.0,9.0,10.0,0.0,6.0,0.0,6.0,0.0,1.0,0.0,0.0,0.0,0.0,32.0,10.0,8.0,0.0,3.0,0.0,3.0,0.0,0.0,0.0,0.0,0.0,2.0,0.0,0.0,0.0,0.0,41.0,2.0,6.0,0.0,0.0,0.0,0.0,1.0,2.0,3.0,3.0,1.0,32.0,8.0,13.0,0.0,3.0,0.0,3.0,0.0,0.0,0.0,0.0,0.0,34.0,3.0,7.0,0.0,0.0,0.0,0.0,1.0,2.0,3.0,3.0,1.0,3.0,3.0,30.0,5.0,10.0,0.0,6.0,0.0,6.0,0.0,0.0,0.0,0.0,2.0,0.0,0.0,0.0,0.0,7.0,4.0,0.0,0.0,0.0,3.0,0.0,1.0,3.0,2.0,0.0,2.0,0.0,0.0,1.0,2.0,3.0,0.0,2.0,0.0,0.0,3.0,1.0,1.0,17.0,3.0,12.0,0.0,0.0,5.0,1.0,1.0,0.0,1.0,15.0,0.0,0.0,0.0,2.0,11.0,7.0,2.0,2.0,1.0,0.0,14.0,0.0,0.0,0.0,14.0,0.0,0.0,9.0,6.0,7.0,3.0,7.0,4.0,2.0,2.0,3.0,2.0,3.0,1.0,3.0,2.0,0.0,5.0,0.0,0.0,3.0,0.0,0.0,0.0,0.0,1.0,0.0,0.0,6.0,4.0,0.0,2.0,3.0,1.0,0.0,0.0,2.0,1.0,3.0,3.0,3.0,0.0,0.0,2.0,1.0,1.0,0.0,0.0,5.0,0.0,0.0,3.0,0.0,CC(C)(C)C1CCC(N(Cc2ccc(C(=O)NCCC(=O)O)cc2)C(=O)Nc2ccc(OC(F)(F)F)cc2)CC1
CHEMBL158753,Active,24.0,2.0,8.0,0.0,0.0,2.0,2.0,1.0,32.0,4.0,10.0,0.0,0.0,4.0,4.0,0.0,1.0,0.0,0.0,0.0,0.0,0.0,0.0,29.0,6.0,12.0,0.0,0.0,5.0,5.0,0.0,1.0,20.0,8.0,15.0,0.0,0.0,3.0,3.0,0.0,1.0,23.0,6.0,9.0,0.0,0.0,0.0,0.0,0.0,2.0,0.0,2.0,2.0,0.0,24.0,4.0,7.0,0.0,0.0,1.0,1.0,0.0,4.0,0.0,1.0,1.0,1.0,0.0,0.0,0.0,0.0,24.0,3.0,10.0,0.0,0.0,2.0,2.0,0.0,2.0,0.0,0.0,0.0,26.0,2.0,7.0,0.0,0.0,3.0,3.0,0.0,0.0,0.0,0.0,2.0,22.0,3.0,10.0,0.0,0.0,4.0,4.0,0.0,0.0,0.0,0.0,1.0,0.0,0.0,18.0,4.0,13.0,0.0,0.0,3.0,3.0,0.0,0.0,0.0,0.0,1.0,1.0,0.0,0.0,1.0,1.0,0.0,0.0,0.0,0.0,0.0,0.0,0.0,4.0,1.0,0.0,1.0,0.0,0.0,1.0,0.0,1.0,0.0,1.0,0.0,2.0,0.0,3.0,1.0,8.0,1.0,2.0,0.0,0.0,0.0,0.0,0.0,0.0,0.0,1.0,0.0,0.0,0.0,0.0,0.0,0.0,0.0,0.0,0.0,2.0,0.0,0.0,0.0,0.0,0.0,0.0,0.0,0.0,0.0,0.0,0.0,0.0,0.0,0.0,0.0,0.0,0.0,0.0,0.0,0.0,0.0,0.0,0.0,0.0,0.0,0.0,0.0,0.0,0.0,0.0,0.0,2.0,2.0,1.0,0.0,0.0,0.0,0.0,0.0,0.0,0.0,3.0,3.0,0.0,2.0,1.0,0.0,0.0,1.0,0.0,0.0,0.0,0.0,5.0,0.0,0.0,0.0,0.0,COc1cc(C=NNC(=O)c2ccc(O)c(Cl)c2Cl)cc(OC)c1OCc1ccc(C(C)C)cc1
CHEMBL219968,Inactive,29.0,8.0,4.0,0.0,0.0,0.0,0.0,0.0,38.0,9.0,5.0,0.0,0.0,0.0,0.0,1.0,3.0,2.0,0.0,0.0,0.0,0.0,0.0,34.0,14.0,12.0,0.0,0.0,0.0,0.0,0.0,0.0,30.0,12.0,12.0,0.0,0.0,0.0,0.0,2.0,0.0,34.0,10.0,12.0,0.0,0.0,0.0,0.0,0.0,2.0,0.0,0.0,0.0,0.0,36.0,8.0,9.0,0.0,0.0,0.0,0.0,1.0,1.0,0.0,0.0,0.0,2.0,0.0,0.0,0.0,0.0,39.0,6.0,6.0,0.0,0.0,0.0,0.0,1.0,3.0,0.0,0.0,2.0,35.0,10.0,13.0,0.0,0.0,0.0,0.0,0.0,0.0,0.0,0.0,0.0,33.0,9.0,12.0,0.0,0.0,0.0,0.0,1.0,2.0,0.0,0.0,1.0,0.0,0.0,30.0,9.0,15.0,0.0,0.0,0.0,0.0,0.0,0.0,0.0,0.0,1.0,0.0,0.0,0.0,0.0,8.0,2.0,0.0,0.0,0.0,5.0,3.0,1.0,0.0,2.0,0.0,2.0,0.0,0.0,1.0,0.0,3.0,0.0,2.0,0.0,0.0,0.0,0.0,1.0,12.0,3.0,8.0,0.0,0.0,0.0,0.0,0.0,0.0,1.0,7.0,0.0,0.0,0.0,0.0,0.0,0.0,0.0,0.0,1.0,2.0,6.0,0.0,0.0,2.0,6.0,0.0,0.0,1.0,0.0,0.0,0.0,0.0,0.0,0.0,0.0,1.0,0.0,1.0,1.0,1.0,0.0,0.0,1.0,0.0,0.0,1.0,0.0,0.0,0.0,0.0,1.0,0.0,0.0,5.0,2.0,0.0,0.0,2.0,3.0,0.0,0.0,1.0,0.0,0.0,4.0,3.0,0.0,0.0,2.0,1.0,1.0,0.0,0.0,6.0,0.0,0.0,0.0,0.0,O=C(O)CCNC(=O)c1ccc(CN(C(=O)Nc2cccc([N+](=O)[O-])c2)c2ccc(C3CCCCC3)cc2)cc1
CHEMBL2111565,Active,26.0,2.0,6.0,0.0,3.0,1.0,4.0,1.0,34.0,4.0,8.0,0.0,0.0,2.0,2.0,0.0,1.0,0.0,3.0,3.0,3.0,3.0,3.0,31.0,6.0,11.0,0.0,3.0,2.0,5.0,0.0,1.0,22.0,9.0,10.0,0.0,6.0,2.0,8.0,0.0,0.0,21.0,9.0,7.0,0.0,6.0,0.0,6.0,0.0,0.0,0.0,1.0,1.0,0.0,26.0,5.0,2.0,0.0,3.0,0.0,3.0,0.0,2.0,0.0,1.0,1.0,2.0,0.0,0.0,0.0,0.0,29.0,2.0,5.0,0.0,3.0,1.0,4.0,0.0,2.0,0.0,0.0,0.0,29.0,2.0,7.0,0.0,0.0,1.0,1.0,0.0,0.0,0.0,0.0,0.0,25.0,3.0,6.0,0.0,3.0,2.0,5.0,0.0,0.0,0.0,0.0,1.0,0.0,0.0,18.0,4.0,8.0,0.0,6.0,3.0,9.0,0.0,0.0,0.0,0.0,0.0,0.0,0.0,0.0,0.0,1.0,0.0,0.0,0.0,0.0,0.0,0.0,0.0,0.0,1.0,0.0,1.0,0.0,0.0,1.0,1.0,1.0,0.0,1.0,1.0,1.0,3.0,2.0,1.0,4.0,1.0,0.0,0.0,0.0,0.0,0.0,0.0,0.0,0.0,0.0,0.0,0.0,0.0,0.0,0.0,0.0,0.0,0.0,0.0,0.0,0.0,0.0,0.0,0.0,0.0,0.0,0.0,0.0,0.0,0.0,0.0,0.0,0.0,0.0,0.0,0.0,0.0,0.0,0.0,0.0,0.0,0.0,0.0,0.0,0.0,0.0,0.0,0.0,0.0,0.0,0.0,1.0,1.0,1.0,0.0,0.0,0.0,0.0,0.0,0.0,0.0,2.0,2.0,3.0,2.0,1.0,0.0,0.0,1.0,0.0,0.0,0.0,0.0,4.0,0.0,0.0,3.0,0.0,O=C(NN=Cc1cccc2c(OCc3ccc(OC(F)(F)F)cc3)cccc12)c1ccc(O)c(Cl)c1
CHEMBL422506,Active,23.0,5.0,3.0,0.0,0.0,1.0,1.0,1.0,30.0,7.0,4.0,0.0,0.0,2.0,2.0,0.0,2.0,0.0,0.0,0.0,0.0,0.0,0.0,32.0,7.0,7.0,0.0,0.0,2.0,2.0,0.0,1.0,23.0,11.0,8.0,0.0,0.0,2.0,2.0,0.0,0.0,19.0,12.0,6.0,0.0,0.0,0.0,0.0,0.0,0.0,0.0,1.0,1.0,0.0,21.0,9.0,5.0,0.0,0.0,0.0,0.0,0.0,1.0,0.0,1.0,1.0,1.0,0.0,0.0,0.0,0.0,25.0,5.0,5.0,0.0,0.0,1.0,1.0,0.0,1.0,0.0,0.0,0.0,26.0,1.0,4.0,0.0,0.0,1.0,1.0,1.0,1.0,0.0,0.0,0.0,21.0,2.0,3.0,0.0,0.0,2.0,2.0,1.0,1.0,0.0,0.0,0.0,0.0,0.0,14.0,5.0,4.0,0.0,0.0,3.0,3.0,0.0,0.0,0.0,0.0,0.0,0.0,0.0,0.0,0.0,3.0,0.0,0.0,0.0,0.0,0.0,0.0,1.0,2.0,1.0,0.0,1.0,0.0,0.0,1.0,0.0,2.0,0.0,0.0,1.0,1.0,0.0,0.0,1.0,8.0,2.0,3.0,1.0,0.0,0.0,0.0,0.0,0.0,1.0,0.0,0.0,0.0,0.0,0.0,0.0,0.0,0.0,0.0,0.0,1.0,0.0,0.0,0.0,0.0,0.0,0.0,0.0,0.0,0.0,0.0,0.0,0.0,0.0,0.0,0.0,0.0,0.0,0.0,0.0,3.0,3.0,3.0,6.0,2.0,0.0,2.0,3.0,0.0,0.0,0.0,0.0,1.0,1.0,4.0,3.0,2.0,0.0,2.0,0.0,0.0,0.0,0.0,0.0,0.0,3.0,2.0,0.0,0.0,1.0,0.0,0.0,0.0,0.0,3.0,0.0,0.0,0.0,0.0,CCN(CC)C(=O)Cc1ccc(C=NNC(=O)c2ccc(O)c(Cl)c2)c2ccccc12
CHEMBL156777,Inactive,24.0,5.0,6.0,0.0,0.0,2.0,2.0,1.0,32.0,7.0,8.0,0.0,0.0,4.0,4.0,0.0,1.0,0.0,0.0,0.0,0.0,0.0,0.0,30.0,8.0,8.0,0.0,0.0,4.0,4.0,0.0,2.0,18.0,11.0,11.0,0.0,0.0,5.0,5.0,0.0,0.0,18.0,9.0,7.0,0.0,0.0,2.0,2.0,0.0,1.0,0.0,2.0,2.0,0.0,20.0,5.0,4.0,0.0,0.0,0.0,0.0,0.0,4.0,0.0,3.0,3.0,1.0,0.0,0.0,0.0,0.0,22.0,4.0,7.0,0.0,0.0,4.0,4.0,0.0,2.0,0.0,0.0,0.0,25.0,3.0,7.0,0.0,0.0,4.0,4.0,0.0,0.0,0.0,0.0,1.0,25.0,1.0,7.0,0.0,0.0,6.0,6.0,1.0,0.0,0.0,0.0,1.0,0.0,0.0,20.0,2.0,9.0,0.0,0.0,6.0,6.0,1.0,0.0,0.0,0.0,0.0,0.0,0.0,0.0,0.0,5.0,0.0,0.0,0.0,0.0,2.0,0.0,0.0,1.0,1.0,0.0,1.0,0.0,0.0,1.0,0.0,1.0,0.0,0.0,1.0,2.0,0.0,2.0,1.0,8.0,1.0,2.0,0.0,0.0,0.0,0.0,0.0,0.0,0.0,0.0,0.0,0.0,0.0,0.0,0.0,0.0,0.0,0.0,0.0,1.0,0.0,0.0,0.0,0.0,0.0,0.0,0.0,0.0,0.0,0.0,0.0,0.0,0.0,0.0,0.0,0.0,0.0,0.0,0.0,2.0,2.0,1.0,4.0,0.0,0.0,0.0,1.0,0.0,0.0,1.0,1.0,2.0,2.0,4.0,3.0,0.0,0.0,0.0,0.0,0.0,2.0,2.0,2.0,0.0,3.0,1.0,0.0,0.0,2.0,0.0,0.0,0.0,1.0,4.0,0.0,0.0,0.0,0.0,COc1cc(C=NNC(=O)c2ccc(O)c(Cl)c2)cc(Cl)c1OCCN1CCc2ccccc2C1
CHEMBL153157,Active,27.0,5.0,2.0,0.0,0.0,1.0,1.0,1.0,38.0,8.0,3.0,0.0,0.0,2.0,2.0,0.0,1.0,0.0,0.0,0.0,0.0,0.0,0.0,38.0,10.0,4.0,0.0,0.0,2.0,2.0,0.0,1.0,26.0,15.0,4.0,0.0,0.0,2.0,2.0,0.0,0.0,25.0,11.0,3.0,0.0,0.0,0.0,0.0,1.0,0.0,0.0,1.0,1.0,0.0,33.0,4.0,2.0,0.0,0.0,0.0,0.0,1.0,1.0,0.0,1.0,1.0,1.0,0.0,0.0,0.0,0.0,33.0,3.0,3.0,0.0,0.0,1.0,1.0,0.0,1.0,0.0,0.0,0.0,28.0,4.0,3.0,0.0,0.0,1.0,1.0,0.0,1.0,0.0,0.0,0.0,20.0,8.0,2.0,0.0,0.0,2.0,2.0,0.0,0.0,0.0,0.0,0.0,0.0,0.0,12.0,9.0,3.0,0.0,0.0,3.0,3.0,0.0,0.0,0.0,0.0,0.0,0.0,0.0,0.0,0.0,1.0,0.0,0.0,0.0,0.0,0.0,0.0,0.0,4.0,1.0,0.0,1.0,0.0,0.0,1.0,0.0,1.0,0.0,0.0,1.0,1.0,0.0,0.0,1.0,7.0,1.0,0.0,0.0,0.0,0.0,0.0,0.0,0.0,0.0,0.0,0.0,0.0,0.0,0.0,0.0,0.0,0.0,0.0,0.0,0.0,0.0,0.0,0.0,0.0,0.0,0.0,0.0,0.0,0.0,0.0,0.0,0.0,0.0,0.0,0.0,0.0,0.0,0.0,0.0,0.0,0.0,0.0,0.0,0.0,0.0,0.0,0.0,0.0,0.0,0.0,0.0,1.0,1.0,1.0,0.0,0.0,0.0,0.0,0.0,0.0,0.0,0.0,0.0,0.0,2.0,1.0,0.0,0.0,1.0,0.0,0.0,0.0,0.0,2.0,0.0,0.0,0.0,0.0,Cc1cc(C)c(C)c(Cn2ccc3c(C=NNC(=O)c4ccc(O)c(Cl)c4)cccc32)c1C
CHEMBL346694,Active,21.0,4.0,7.0,2.0,3.0,1.0,4.0,1.0,26.0,7.0,8.0,3.0,0.0,2.0,2.0,0.0,2.0,0.0,3.0,3.0,3.0,3.0,3.0,24.0,8.0,10.0,2.0,3.0,2.0,5.0,0.0,1.0,17.0,10.0,9.0,2.0,6.0,2.0,8.0,2.0,0.0,14.0,11.0,8.0,2.0,6.0,0.0,6.0,0.0,1.0,0.0,1.0,1.0,0.0,16.0,5.0,8.0,3.0,3.0,0.0,3.0,1.0,1.0,0.0,1.0,1.0,2.0,0.0,0.0,0.0,0.0,22.0,2.0,7.0,1.0,0.0,1.0,1.0,1.0,1.0,0.0,0.0,1.0,22.0,3.0,6.0,2.0,3.0,1.0,4.0,0.0,2.0,0.0,0.0,1.0,21.0,3.0,7.0,0.0,3.0,2.0,5.0,0.0,2.0,0.0,0.0,0.0,0.0,0.0,17.0,3.0,9.0,0.0,0.0,2.0,2.0,0.0,0.0,3.0,0.0,0.0,0.0,0.0,0.0,0.0,1.0,0.0,0.0,0.0,0.0,0.0,0.0,1.0,1.0,2.0,0.0,2.0,0.0,0.0,1.0,1.0,2.0,0.0,1.0,2.0,1.0,3.0,2.0,1.0,6.0,2.0,1.0,1.0,0.0,0.0,0.0,0.0,0.0,1.0,0.0,0.0,0.0,0.0,0.0,0.0,0.0,0.0,0.0,0.0,0.0,0.0,0.0,0.0,0.0,0.0,0.0,0.0,0.0,0.0,0.0,0.0,0.0,0.0,0.0,0.0,0.0,0.0,0.0,0.0,1.0,0.0,0.0,0.0,0.0,0.0,0.0,0.0,0.0,0.0,0.0,0.0,1.0,1.0,2.0,0.0,0.0,0.0,0.0,1.0,0.0,0.0,2.0,2.0,3.0,3.0,2.0,0.0,0.0,1.0,0.0,0.0,0.0,0.0,5.0,0.0,0.0,3.0,0.0,COc1cc(NC(=O)CSc2ccc(OC(F)(F)F)cc2)ccc1C=NNC(=O)c1ccc(O)c(Cl)c1
CHEMBL3963664,Active,32.0,3.0,3.0,2.0,3.0,1.0,4.0,0.0,44.0,3.0,3.0,3.0,3.0,2.0,5.0,0.0,1.0,1.0,0.0,0.0,3.0,3.0,3.0,46.0,5.0,5.0,4.0,6.0,2.0,8.0,0.0,0.0,52.0,4.0,3.0,3.0,6.0,1.0,7.0,2.0,0.0,56.0,5.0,4.0,5.0,9.0,1.0,10.0,0.0,0.0,0.0,0.0,0.0,0.0,58.0,2.0,3.0,5.0,6.0,2.0,8.0,0.0,0.0,3.0,0.0,3.0,2.0,0.0,0.0,0.0,0.0,51.0,4.0,6.0,4.0,6.0,4.0,10.0,0.0,0.0,0.0,0.0,0.0,39.0,7.0,7.0,1.0,12.0,5.0,17.0,0.0,0.0,0.0,0.0,0.0,25.0,10.0,7.0,1.0,15.0,5.0,20.0,0.0,0.0,0.0,0.0,0.0,0.0,0.0,16.0,8.0,6.0,0.0,12.0,4.0,16.0,0.0,0.0,0.0,0.0,2.0,0.0,0.0,0.0,0.0,4.0,1.0,0.0,0.0,0.0,2.0,0.0,1.0,1.0,1.0,0.0,1.0,0.0,0.0,1.0,1.0,2.0,0.0,2.0,0.0,1.0,3.0,0.0,1.0,11.0,2.0,6.0,0.0,0.0,0.0,0.0,0.0,0.0,1.0,4.0,0.0,0.0,0.0,0.0,0.0,0.0,0.0,0.0,1.0,3.0,2.0,0.0,0.0,2.0,1.0,0.0,0.0,0.0,0.0,0.0,0.0,0.0,0.0,0.0,0.0,1.0,0.0,1.0,1.0,1.0,0.0,0.0,1.0,0.0,0.0,1.0,0.0,0.0,0.0,0.0,1.0,1.0,1.0,2.0,1.0,0.0,0.0,1.0,0.0,0.0,0.0,1.0,0.0,3.0,2.0,1.0,0.0,0.0,1.0,1.0,1.0,0.0,0.0,3.0,0.0,0.0,0.0,0.0,CCCC(c1ccc(C(=O)NCCC(=O)O)cc1)C(c1ccc(Cl)cc1)c1csc2c(C#N)cc(C(F)(F)F)cc12
CHEMBL3918808,Active,31.0,3.0,3.0,2.0,3.0,2.0,5.0,0.0,42.0,3.0,3.0,3.0,3.0,4.0,7.0,0.0,1.0,1.0,0.0,0.0,3.0,3.0,3.0,44.0,5.0,5.0,4.0,3.0,4.0,7.0,0.0,0.0,49.0,4.0,3.0,3.0,3.0,4.0,7.0,2.0,0.0,54.0,4.0,4.0,4.0,6.0,3.0,9.0,0.0,0.0,0.0,1.0,1.0,0.0,56.0,2.0,3.0,5.0,12.0,4.0,16.0,0.0,0.0,0.0,0.0,0.0,2.0,0.0,0.0,0.0,0.0,47.0,4.0,6.0,4.0,18.0,8.0,26.0,0.0,0.0,0.0,0.0,0.0,34.0,7.0,7.0,1.0,15.0,10.0,25.0,0.0,0.0,0.0,0.0,0.0,21.0,10.0,7.0,1.0,12.0,9.0,21.0,0.0,0.0,0.0,0.0,0.0,0.0,0.0,15.0,8.0,6.0,0.0,6.0,4.0,10.0,0.0,0.0,3.0,0.0,2.0,0.0,0.0,0.0,0.0,4.0,1.0,0.0,0.0,0.0,2.0,0.0,1.0,0.0,1.0,0.0,1.0,0.0,0.0,1.0,1.0,2.0,0.0,2.0,0.0,2.0,3.0,0.0,1.0,10.0,2.0,6.0,0.0,0.0,0.0,0.0,0.0,0.0,1.0,4.0,0.0,0.0,0.0,0.0,0.0,0.0,0.0,0.0,1.0,3.0,2.0,0.0,0.0,2.0,1.0,0.0,0.0,0.0,0.0,0.0,0.0,0.0,0.0,0.0,0.0,1.0,0.0,1.0,1.0,1.0,0.0,0.0,1.0,0.0,0.0,1.0,0.0,0.0,0.0,0.0,1.0,2.0,2.0,2.0,1.0,0.0,0.0,1.0,0.0,0.0,0.0,1.0,0.0,3.0,2.0,1.0,0.0,0.0,1.0,1.0,1.0,0.0,0.0,3.0,0.0,0.0,0.0,0.0,N#Cc1cc(Cl)cc2c(C(c3ccc(Cl)cc3)C(CCC(F)(F)F)c3ccc(C(=O)NCCC(=O)O)cc3)csc12
CHEMBL3967446,Active,30.0,2.0,1.0,3.0,0.0,1.0,2.0,0.0,41.0,2.0,4.0,4.0,0.0,2.0,4.0,0.0,1.0,3.0,0.0,0.0,0.0,0.0,0.0,44.0,2.0,6.0,3.0,0.0,2.0,4.0,0.0,0.0,47.0,2.0,3.0,4.0,0.0,1.0,5.0,3.0,0.0,54.0,1.0,4.0,6.0,0.0,1.0,2.0,0.0,0.0,0.0,0.0,0.0,0.0,54.0,1.0,4.0,7.0,0.0,2.0,4.0,0.0,0.0,0.0,0.0,0.0,3.0,0.0,0.0,0.0,0.0,45.0,2.0,8.0,6.0,0.0,4.0,8.0,0.0,0.0,0.0,0.0,0.0,33.0,3.0,9.0,2.0,0.0,5.0,10.0,0.0,0.0,0.0,0.0,0.0,20.0,5.0,8.0,2.0,0.0,5.0,9.0,0.0,0.0,0.0,0.0,0.0,0.0,0.0,13.0,4.0,7.0,2.0,0.0,3.0,4.0,0.0,0.0,0.0,0.0,2.0,0.0,0.0,0.0,0.0,4.0,1.0,0.0,0.0,0.0,2.0,0.0,0.0,2.0,1.0,0.0,1.0,0.0,0.0,1.0,0.0,1.0,0.0,2.0,0.0,1.0,0.0,0.0,1.0,9.0,1.0,5.0,0.0,0.0,0.0,0.0,0.0,0.0,0.0,3.0,0.0,0.0,0.0,0.0,0.0,0.0,0.0,0.0,0.0,3.0,2.0,0.0,0.0,2.0,1.0,0.0,0.0,0.0,0.0,0.0,0.0,0.0,0.0,0.0,0.0,0.0,0.0,0.0,0.0,1.0,0.0,0.0,1.0,0.0,0.0,1.0,0.0,0.0,0.0,0.0,0.0,1.0,1.0,2.0,1.0,0.0,0.0,1.0,0.0,0.0,0.0,0.0,0.0,0.0,1.0,1.0,0.0,0.0,1.0,0.0,0.0,0.0,0.0,4.0,0.0,0.0,0.0,0.0,CCCC(c1ccc(C(=O)NCCS(=O)(=O)O)cc1)C(c1ccc(Cl)cc1)c1csc2c(Br)cc(C)cc12
CHEMBL140267,Inactive,19.0,2.0,1.0,0.0,1.0,0.0,1.0,0.0,26.0,4.0,1.0,0.0,2.0,0.0,2.0,0.0,0.0,0.0,0.0,0.0,0.0,0.0,0.0,27.0,7.0,2.0,0.0,2.0,0.0,2.0,0.0,0.0,33.0,1.0,3.0,0.0,1.0,0.0,1.0,1.0,0.0,28.0,2.0,6.0,0.0,1.0,0.0,1.0,0.0,0.0,0.0,0.0,0.0,0.0,24.0,2.0,3.0,0.0,2.0,0.0,2.0,0.0,0.0,0.0,0.0,0.0,0.0,0.0,0.0,0.0,0.0,10.0,1.0,3.0,0.0,4.0,0.0,4.0,0.0,0.0,0.0,0.0,0.0,4.0,0.0,0.0,0.0,2.0,0.0,2.0,0.0,0.0,1.0,1.0,0.0,0.0,0.0,0.0,0.0,4.0,0.0,4.0,0.0,0.0,0.0,0.0,0.0,0.0,0.0,0.0,0.0,0.0,0.0,0.0,0.0,0.0,0.0,0.0,0.0,0.0,2.0,2.0,0.0,0.0,2.0,1.0,0.0,0.0,0.0,0.0,0.0,0.0,0.0,5.0,0.0,0.0,0.0,0.0,0.0,1.0,0.0,0.0,0.0,1.0,0.0,0.0,1.0,0.0,1.0,8.0,0.0,4.0,0.0,0.0,0.0,0.0,0.0,0.0,0.0,2.0,0.0,0.0,0.0,0.0,0.0,0.0,0.0,0.0,0.0,0.0,0.0,0.0,0.0,0.0,0.0,0.0,0.0,0.0,0.0,0.0,0.0,0.0,0.0,0.0,0.0,0.0,0.0,0.0,0.0,0.0,0.0,0.0,0.0,0.0,0.0,0.0,0.0,0.0,0.0,0.0,0.0,0.0,0.0,0.0,0.0,0.0,0.0,0.0,0.0,0.0,0.0,1.0,0.0,1.0,0.0,0.0,0.0,0.0,0.0,0.0,0.0,0.0,0.0,1.0,0.0,0.0,0.0,0.0,Cc1c(C(C)C)nc(C(C)C)c(CO)c1-c1ccc(F)cc1
CHEMBL140636,Inactive,26.0,2.0,1.0,0.0,1.0,0.0,1.0,0.0,33.0,4.0,1.0,0.0,2.0,0.0,2.0,0.0,0.0,0.0,0.0,0.0,0.0,0.0,0.0,35.0,7.0,2.0,0.0,2.0,0.0,2.0,0.0,0.0,43.0,2.0,3.0,0.0,1.0,0.0,1.0,1.0,0.0,43.0,3.0,6.0,0.0,1.0,0.0,1.0,0.0,0.0,0.0,0.0,0.0,0.0,41.0,3.0,4.0,0.0,2.0,0.0,2.0,0.0,0.0,0.0,0.0,0.0,0.0,0.0,0.0,0.0,0.0,29.0,2.0,4.0,0.0,4.0,0.0,4.0,0.0,0.0,0.0,0.0,0.0,22.0,1.0,1.0,0.0,3.0,0.0,3.0,0.0,0.0,1.0,1.0,0.0,17.0,1.0,1.0,0.0,5.0,0.0,5.0,0.0,0.0,0.0,0.0,0.0,0.0,0.0,15.0,1.0,1.0,0.0,1.0,0.0,1.0,0.0,0.0,0.0,0.0,2.0,2.0,0.0,0.0,2.0,8.0,0.0,0.0,0.0,0.0,6.0,5.0,0.0,5.0,0.0,0.0,0.0,0.0,0.0,1.0,0.0,0.0,0.0,1.0,0.0,0.0,1.0,0.0,1.0,15.0,0.0,11.0,0.0,0.0,0.0,0.0,0.0,0.0,0.0,8.0,0.0,0.0,0.0,0.0,0.0,0.0,0.0,0.0,0.0,0.0,5.0,0.0,0.0,0.0,4.0,0.0,0.0,3.0,0.0,2.0,1.0,0.0,0.0,0.0,0.0,0.0,0.0,0.0,0.0,0.0,0.0,0.0,0.0,0.0,0.0,0.0,0.0,0.0,0.0,0.0,0.0,0.0,0.0,0.0,0.0,0.0,0.0,0.0,0.0,0.0,0.0,1.0,0.0,1.0,0.0,0.0,0.0,0.0,0.0,0.0,0.0,0.0,0.0,1.0,0.0,0.0,0.0,0.0,CCCCCCCCc1c(C(C)C)nc(C(C)C)c(CO)c1-c1ccc(F)cc1
CHEMBL156772,Active,29.0,5.0,5.0,0.0,0.0,1.0,1.0,1.0,39.0,7.0,7.0,0.0,0.0,2.0,2.0,0.0,2.0,0.0,0.0,0.0,0.0,0.0,0.0,38.0,8.0,9.0,0.0,0.0,2.0,2.0,0.0,2.0,25.0,12.0,12.0,0.0,0.0,2.0,2.0,0.0,0.0,21.0,12.0,11.0,0.0,0.0,0.0,0.0,0.0,0.0,0.0,1.0,1.0,0.0,23.0,8.0,9.0,0.0,0.0,0.0,0.0,0.0,2.0,0.0,1.0,1.0,1.0,0.0,0.0,0.0,0.0,28.0,5.0,9.0,0.0,0.0,1.0,1.0,0.0,2.0,0.0,0.0,0.0,33.0,4.0,8.0,0.0,0.0,1.0,1.0,0.0,0.0,0.0,0.0,0.0,37.0,1.0,3.0,0.0,0.0,2.0,2.0,1.0,1.0,0.0,0.0,1.0,0.0,0.0,31.0,2.0,5.0,0.0,0.0,3.0,3.0,1.0,1.0,0.0,0.0,0.0,0.0,0.0,0.0,0.0,4.0,0.0,0.0,0.0,0.0,1.0,0.0,1.0,0.0,1.0,0.0,1.0,0.0,0.0,1.0,0.0,2.0,0.0,0.0,1.0,1.0,0.0,1.0,1.0,7.0,2.0,2.0,1.0,0.0,0.0,0.0,0.0,0.0,1.0,0.0,0.0,0.0,0.0,0.0,0.0,0.0,0.0,0.0,0.0,1.0,0.0,0.0,0.0,0.0,0.0,0.0,0.0,0.0,0.0,0.0,0.0,0.0,0.0,0.0,0.0,0.0,0.0,0.0,0.0,2.0,2.0,1.0,4.0,1.0,0.0,1.0,1.0,0.0,0.0,1.0,1.0,1.0,1.0,4.0,3.0,2.0,0.0,2.0,0.0,0.0,2.0,1.0,1.0,0.0,3.0,2.0,0.0,0.0,2.0,0.0,0.0,0.0,1.0,4.0,0.0,0.0,0.0,0.0,O=C(NN=Cc1ccc(OCC(=O)N2CCc3ccccc3C2)c2ccccc12)c1ccc(O)c(Cl)c1
CHEMBL140586,Inactive,23.0,2.0,1.0,0.0,1.0,0.0,1.0,0.0,31.0,4.0,1.0,0.0,2.0,0.0,2.0,0.0,0.0,0.0,0.0,0.0,0.0,0.0,0.0,32.0,7.0,2.0,0.0,2.0,0.0,2.0,0.0,0.0,40.0,2.0,3.0,0.0,1.0,0.0,1.0,1.0,0.0,41.0,3.0,6.0,0.0,1.0,0.0,1.0,0.0,0.0,0.0,0.0,0.0,0.0,39.0,4.0,4.0,0.0,2.0,0.0,2.0,0.0,0.0,0.0,0.0,0.0,0.0,0.0,0.0,0.0,0.0,28.0,1.0,4.0,0.0,4.0,0.0,4.0,0.0,0.0,0.0,0.0,0.0,13.0,0.0,2.0,0.0,3.0,0.0,3.0,0.0,0.0,1.0,1.0,0.0,6.0,0.0,0.0,0.0,5.0,0.0,5.0,0.0,0.0,0.0,0.0,0.0,0.0,0.0,0.0,0.0,0.0,0.0,2.0,0.0,2.0,0.0,0.0,0.0,0.0,3.0,3.0,0.0,0.0,3.0,3.0,1.0,0.0,0.0,0.0,1.0,0.0,0.0,6.0,0.0,0.0,0.0,0.0,0.0,1.0,0.0,0.0,0.0,1.0,0.0,0.0,1.0,0.0,1.0,12.0,0.0,8.0,0.0,0.0,1.0,0.0,0.0,0.0,0.0,6.0,0.0,0.0,0.0,0.0,1.0,0.0,0.0,0.0,0.0,0.0,2.0,0.0,0.0,0.0,0.0,0.0,0.0,0.0,0.0,0.0,0.0,0.0,0.0,0.0,0.0,0.0,0.0,0.0,0.0,0.0,0.0,0.0,0.0,0.0,0.0,0.0,0.0,0.0,0.0,0.0,0.0,0.0,0.0,0.0,0.0,0.0,0.0,0.0,0.0,0.0,0.0,1.0,0.0,1.0,0.0,0.0,0.0,0.0,0.0,0.0,0.0,0.0,0.0,1.0,0.0,0.0,0.0,0.0,CC(C)CCc1c(C(C)C)nc(C(C)C)c(CO)c1-c1ccc(F)cc1
CHEMBL156207,Inactive,22.0,4.0,0.0,2.0,1.0,0.0,1.0,0.0,30.0,6.0,0.0,2.0,2.0,0.0,2.0,0.0,0.0,0.0,0.0,0.0,0.0,0.0,0.0,30.0,6.0,0.0,2.0,2.0,0.0,2.0,0.0,0.0,28.0,7.0,0.0,1.0,1.0,0.0,1.0,0.0,0.0,30.0,4.0,0.0,1.0,1.0,0.0,1.0,1.0,0.0,0.0,0.0,0.0,0.0,29.0,4.0,0.0,1.0,2.0,0.0,2.0,0.0,0.0,0.0,0.0,0.0,0.0,0.0,0.0,0.0,0.0,26.0,4.0,0.0,2.0,2.0,0.0,2.0,0.0,0.0,1.0,1.0,0.0,18.0,4.0,0.0,2.0,3.0,0.0,3.0,0.0,0.0,0.0,0.0,0.0,8.0,3.0,0.0,4.0,4.0,0.0,4.0,0.0,0.0,0.0,0.0,0.0,0.0,0.0,5.0,1.0,0.0,4.0,2.0,0.0,2.0,0.0,0.0,1.0,0.0,0.0,0.0,0.0,0.0,0.0,0.0,0.0,0.0,0.0,0.0,0.0,0.0,0.0,1.0,0.0,0.0,0.0,0.0,0.0,0.0,0.0,0.0,0.0,2.0,0.0,0.0,1.0,0.0,0.0,1.0,0.0,0.0,0.0,0.0,0.0,0.0,0.0,0.0,0.0,0.0,0.0,0.0,0.0,0.0,0.0,0.0,0.0,0.0,0.0,0.0,0.0,0.0,0.0,0.0,0.0,0.0,0.0,0.0,0.0,0.0,0.0,0.0,0.0,0.0,0.0,0.0,0.0,0.0,0.0,0.0,0.0,0.0,0.0,0.0,0.0,0.0,0.0,0.0,0.0,0.0,0.0,0.0,0.0,0.0,0.0,0.0,0.0,0.0,0.0,0.0,0.0,0.0,0.0,1.0,0.0,0.0,0.0,0.0,0.0,0.0,0.0,0.0,0.0,0.0,0.0,0.0,0.0,0.0,CSc1ccc(-c2cc(-c3ccc(F)cc3)c(-c3ccncc3)[nH]2)cc1
CHEMBL156904,Active,30.0,8.0,3.0,0.0,0.0,1.0,1.0,1.0,41.0,10.0,4.0,0.0,0.0,2.0,2.0,0.0,2.0,0.0,0.0,0.0,0.0,0.0,0.0,41.0,9.0,7.0,0.0,0.0,2.0,2.0,1.0,1.0,29.0,15.0,8.0,0.0,0.0,2.0,2.0,0.0,0.0,28.0,15.0,6.0,0.0,0.0,0.0,0.0,0.0,1.0,0.0,1.0,1.0,0.0,29.0,12.0,6.0,0.0,0.0,0.0,0.0,0.0,1.0,0.0,1.0,1.0,1.0,0.0,0.0,0.0,0.0,31.0,9.0,6.0,0.0,0.0,1.0,1.0,0.0,1.0,0.0,0.0,0.0,33.0,5.0,6.0,0.0,0.0,1.0,1.0,1.0,1.0,0.0,0.0,0.0,31.0,5.0,5.0,0.0,0.0,2.0,2.0,1.0,1.0,0.0,0.0,0.0,0.0,0.0,27.0,7.0,5.0,0.0,0.0,3.0,3.0,0.0,0.0,0.0,0.0,0.0,0.0,0.0,0.0,0.0,6.0,0.0,0.0,0.0,0.0,2.0,0.0,1.0,0.0,1.0,0.0,1.0,0.0,0.0,1.0,0.0,2.0,0.0,0.0,1.0,1.0,0.0,0.0,1.0,9.0,2.0,3.0,1.0,0.0,0.0,0.0,0.0,0.0,1.0,0.0,0.0,0.0,0.0,0.0,0.0,0.0,0.0,0.0,0.0,1.0,0.0,0.0,0.0,0.0,0.0,0.0,0.0,0.0,0.0,0.0,0.0,0.0,0.0,0.0,0.0,0.0,0.0,0.0,0.0,5.0,5.0,4.0,10.0,2.0,0.0,2.0,4.0,0.0,0.0,0.0,0.0,1.0,1.0,7.0,6.0,2.0,0.0,2.0,0.0,0.0,0.0,0.0,0.0,0.0,4.0,2.0,0.0,0.0,2.0,0.0,0.0,2.0,0.0,3.0,0.0,0.0,0.0,0.0,O=C(NN=Cc1ccc(CC(=O)N2CCN(Cc3ccccc3)CC2)c2ccccc12)c1ccc(O)c(Cl)c1
CHEMBL349552,Active,23.0,5.0,4.0,0.0,3.0,1.0,4.0,1.0,31.0,8.0,5.0,0.0,0.0,2.0,2.0,0.0,1.0,0.0,3.0,3.0,3.0,3.0,3.0,28.0,10.0,6.0,0.0,3.0,2.0,5.0,0.0,1.0,20.0,13.0,5.0,0.0,6.0,2.0,8.0,0.0,0.0,20.0,9.0,4.0,0.0,6.0,0.0,6.0,1.0,0.0,0.0,1.0,1.0,0.0,24.0,4.0,2.0,0.0,3.0,0.0,3.0,1.0,2.0,0.0,1.0,1.0,1.0,0.0,0.0,0.0,0.0,23.0,4.0,5.0,0.0,3.0,1.0,4.0,0.0,1.0,0.0,0.0,0.0,22.0,4.0,6.0,0.0,0.0,1.0,1.0,0.0,1.0,3.0,3.0,0.0,19.0,6.0,4.0,0.0,6.0,2.0,8.0,0.0,0.0,0.0,0.0,0.0,0.0,0.0,14.0,5.0,5.0,0.0,9.0,3.0,12.0,0.0,0.0,0.0,0.0,0.0,0.0,0.0,0.0,0.0,1.0,0.0,0.0,0.0,0.0,0.0,0.0,0.0,0.0,1.0,0.0,1.0,0.0,0.0,1.0,1.0,1.0,0.0,1.0,1.0,1.0,3.0,1.0,1.0,4.0,1.0,0.0,0.0,0.0,0.0,0.0,0.0,0.0,0.0,0.0,0.0,0.0,0.0,0.0,0.0,0.0,0.0,0.0,0.0,0.0,0.0,0.0,0.0,0.0,0.0,0.0,0.0,0.0,0.0,0.0,0.0,0.0,0.0,0.0,0.0,0.0,0.0,0.0,0.0,0.0,0.0,0.0,0.0,0.0,0.0,0.0,0.0,0.0,0.0,0.0,0.0,1.0,1.0,1.0,0.0,0.0,0.0,0.0,0.0,0.0,0.0,1.0,1.0,3.0,2.0,1.0,0.0,0.0,1.0,0.0,0.0,0.0,0.0,3.0,0.0,0.0,3.0,0.0,O=C(NN=Cc1cccc2c1ccn2Cc1ccc(OC(F)(F)F)cc1)c1ccc(O)c(Cl)c1
CHEMBL161483,Active,24.0,2.0,8.0,0.0,2.0,0.0,2.0,1.0,32.0,4.0,10.0,0.0,4.0,0.0,4.0,0.0,1.0,0.0,0.0,0.0,0.0,0.0,0.0,29.0,6.0,12.0,0.0,5.0,0.0,5.0,0.0,1.0,20.0,8.0,15.0,0.0,3.0,0.0,3.0,0.0,1.0,23.0,6.0,9.0,0.0,0.0,0.0,0.0,0.0,2.0,2.0,0.0,2.0,0.0,24.0,4.0,7.0,0.0,1.0,0.0,1.0,0.0,4.0,1.0,0.0,1.0,1.0,0.0,0.0,0.0,0.0,24.0,3.0,10.0,0.0,2.0,0.0,2.0,0.0,2.0,0.0,0.0,0.0,26.0,2.0,7.0,0.0,3.0,0.0,3.0,0.0,0.0,0.0,0.0,2.0,22.0,3.0,10.0,0.0,4.0,0.0,4.0,0.0,0.0,0.0,0.0,1.0,0.0,0.0,18.0,4.0,13.0,0.0,3.0,0.0,3.0,0.0,0.0,0.0,0.0,1.0,1.0,0.0,0.0,1.0,1.0,0.0,0.0,0.0,0.0,0.0,0.0,0.0,4.0,1.0,0.0,1.0,0.0,0.0,1.0,0.0,1.0,0.0,1.0,0.0,0.0,2.0,3.0,1.0,8.0,1.0,2.0,0.0,0.0,0.0,0.0,0.0,0.0,0.0,1.0,0.0,0.0,0.0,0.0,0.0,0.0,0.0,0.0,0.0,2.0,0.0,0.0,0.0,0.0,0.0,0.0,0.0,0.0,0.0,0.0,0.0,0.0,0.0,0.0,0.0,0.0,0.0,0.0,0.0,0.0,0.0,0.0,0.0,0.0,0.0,0.0,0.0,0.0,0.0,0.0,0.0,0.0,0.0,1.0,0.0,0.0,0.0,0.0,0.0,0.0,0.0,3.0,3.0,2.0,2.0,1.0,0.0,0.0,1.0,0.0,0.0,0.0,0.0,5.0,0.0,0.0,0.0,0.0,COc1cc(C=NNC(=O)c2ccc(O)c(F)c2F)cc(OC)c1OCc1ccc(C(C)C)cc1
CHEMBL421833,Inactive,26.0,5.0,2.0,0.0,0.0,1.0,1.0,1.0,35.0,8.0,3.0,0.0,0.0,2.0,2.0,0.0,1.0,0.0,0.0,0.0,0.0,0.0,0.0,31.0,11.0,4.0,0.0,0.0,2.0,2.0,0.0,1.0,24.0,11.0,4.0,0.0,0.0,2.0,2.0,0.0,0.0,23.0,9.0,3.0,0.0,0.0,0.0,0.0,1.0,0.0,0.0,1.0,1.0,0.0,25.0,8.0,2.0,0.0,0.0,0.0,0.0,0.0,1.0,0.0,1.0,1.0,1.0,0.0,0.0,0.0,0.0,25.0,7.0,2.0,0.0,0.0,1.0,1.0,0.0,2.0,0.0,0.0,0.0,26.0,6.0,4.0,0.0,0.0,1.0,1.0,0.0,0.0,0.0,0.0,0.0,26.0,5.0,3.0,0.0,0.0,2.0,2.0,0.0,0.0,0.0,0.0,0.0,0.0,0.0,23.0,3.0,4.0,0.0,0.0,2.0,2.0,0.0,0.0,1.0,0.0,1.0,1.0,0.0,0.0,1.0,1.0,0.0,0.0,0.0,0.0,0.0,0.0,0.0,2.0,1.0,0.0,1.0,0.0,0.0,1.0,0.0,1.0,0.0,1.0,1.0,1.0,0.0,0.0,1.0,6.0,1.0,2.0,0.0,0.0,0.0,0.0,0.0,0.0,0.0,1.0,0.0,0.0,0.0,0.0,0.0,0.0,0.0,0.0,0.0,2.0,0.0,0.0,0.0,0.0,0.0,0.0,0.0,0.0,0.0,0.0,0.0,0.0,0.0,0.0,0.0,0.0,0.0,0.0,0.0,0.0,0.0,0.0,0.0,0.0,0.0,0.0,0.0,0.0,0.0,0.0,0.0,1.0,1.0,1.0,0.0,0.0,0.0,0.0,0.0,0.0,0.0,0.0,0.0,0.0,2.0,1.0,0.0,0.0,1.0,0.0,0.0,0.0,0.0,2.0,0.0,0.0,0.0,0.0,CC(C)c1ccc(Cn2cc(C=NNC(=O)c3ccc(O)c(Cl)c3)c3ccccc32)cc1
CHEMBL456738,Active,30.0,7.0,7.0,0.0,3.0,0.0,3.0,0.0,41.0,7.0,7.0,0.0,3.0,0.0,3.0,1.0,3.0,1.0,0.0,0.0,3.0,3.0,3.0,38.0,12.0,10.0,0.0,6.0,0.0,6.0,0.0,1.0,33.0,12.0,11.0,0.0,6.0,0.0,6.0,3.0,0.0,37.0,10.0,12.0,0.0,3.0,0.0,3.0,0.0,0.0,3.0,0.0,3.0,1.0,37.0,9.0,10.0,0.0,6.0,0.0,6.0,0.0,1.0,0.0,0.0,0.0,3.0,0.0,0.0,0.0,0.0,41.0,5.0,11.0,0.0,0.0,0.0,0.0,1.0,1.0,3.0,3.0,0.0,40.0,7.0,13.0,0.0,6.0,0.0,6.0,0.0,0.0,0.0,0.0,0.0,40.0,5.0,11.0,0.0,9.0,0.0,9.0,1.0,2.0,0.0,0.0,1.0,0.0,0.0,37.0,6.0,10.0,0.0,12.0,0.0,12.0,0.0,1.0,0.0,0.0,2.0,0.0,0.0,1.0,0.0,7.0,3.0,1.0,0.0,0.0,4.0,3.0,0.0,1.0,2.0,0.0,2.0,0.0,0.0,2.0,1.0,3.0,0.0,2.0,0.0,0.0,3.0,1.0,2.0,14.0,3.0,8.0,0.0,0.0,0.0,0.0,0.0,0.0,1.0,7.0,0.0,0.0,0.0,0.0,0.0,0.0,0.0,0.0,1.0,2.0,6.0,0.0,0.0,2.0,6.0,0.0,0.0,1.0,0.0,0.0,0.0,0.0,0.0,0.0,0.0,1.0,0.0,1.0,1.0,1.0,0.0,0.0,1.0,0.0,0.0,1.0,0.0,0.0,0.0,0.0,3.0,0.0,0.0,5.0,2.0,0.0,0.0,2.0,3.0,0.0,1.0,3.0,1.0,3.0,3.0,3.0,0.0,0.0,2.0,1.0,1.0,0.0,1.0,6.0,0.0,0.0,0.0,1.0,COc1cc(NC(=O)N(Cc2ccc(C(=O)NCC(O)C(=O)O)cc2)c2ccc(C3CCCCC3)cc2)cc(C(F)(F)F)c1
CHEMBL3616702,Active,33.0,5.0,5.0,0.0,3.0,0.0,3.0,1.0,45.0,10.0,5.0,0.0,3.0,0.0,3.0,0.0,1.0,1.0,0.0,0.0,3.0,3.0,3.0,44.0,13.0,8.0,0.0,6.0,0.0,6.0,0.0,0.0,40.0,14.0,5.0,0.0,6.0,0.0,6.0,3.0,0.0,44.0,12.0,7.0,0.0,6.0,0.0,6.0,0.0,1.0,0.0,0.0,0.0,0.0,48.0,10.0,6.0,0.0,3.0,0.0,3.0,0.0,0.0,3.0,0.0,3.0,2.0,3.0,0.0,0.0,0.0,48.0,4.0,6.0,0.0,9.0,0.0,9.0,1.0,1.0,3.0,3.0,0.0,43.0,4.0,8.0,0.0,9.0,0.0,9.0,1.0,1.0,0.0,0.0,0.0,42.0,6.0,9.0,0.0,6.0,0.0,6.0,0.0,0.0,0.0,0.0,0.0,0.0,0.0,38.0,5.0,8.0,0.0,9.0,0.0,9.0,0.0,0.0,0.0,0.0,0.0,0.0,0.0,0.0,0.0,3.0,0.0,0.0,0.0,0.0,1.0,0.0,1.0,2.0,1.0,0.0,1.0,0.0,0.0,1.0,1.0,2.0,0.0,2.0,2.0,0.0,3.0,1.0,1.0,8.0,2.0,2.0,0.0,0.0,0.0,0.0,0.0,0.0,1.0,1.0,0.0,0.0,0.0,0.0,0.0,0.0,0.0,0.0,1.0,0.0,0.0,0.0,0.0,0.0,0.0,0.0,0.0,0.0,0.0,0.0,0.0,0.0,0.0,0.0,0.0,1.0,0.0,1.0,1.0,1.0,0.0,0.0,1.0,0.0,0.0,1.0,0.0,0.0,0.0,0.0,1.0,0.0,0.0,2.0,1.0,0.0,0.0,1.0,0.0,0.0,0.0,2.0,1.0,3.0,1.0,1.0,0.0,0.0,1.0,1.0,1.0,0.0,0.0,4.0,0.0,0.0,0.0,0.0,COc1ccc(C(F)(F)F)cc1-c1nn(Cc2ccc(C(=O)NCCC(=O)O)cc2)c2cc(-c3ccc(C)cc3)ccc12
CHEMBL3616584,Active,36.0,5.0,5.0,0.0,3.0,0.0,3.0,1.0,48.0,11.0,5.0,0.0,3.0,0.0,3.0,0.0,1.0,1.0,0.0,0.0,3.0,3.0,3.0,49.0,15.0,8.0,0.0,6.0,0.0,6.0,0.0,0.0,49.0,16.0,5.0,0.0,6.0,0.0,6.0,3.0,0.0,56.0,13.0,7.0,0.0,6.0,0.0,6.0,0.0,1.0,0.0,0.0,0.0,0.0,62.0,10.0,6.0,0.0,3.0,0.0,3.0,0.0,0.0,3.0,0.0,3.0,2.0,3.0,0.0,0.0,0.0,61.0,5.0,8.0,0.0,9.0,0.0,9.0,1.0,1.0,3.0,3.0,0.0,58.0,5.0,10.0,0.0,9.0,0.0,9.0,1.0,1.0,0.0,0.0,0.0,54.0,7.0,11.0,0.0,9.0,0.0,9.0,0.0,0.0,0.0,0.0,0.0,0.0,0.0,48.0,5.0,8.0,0.0,12.0,0.0,12.0,0.0,0.0,0.0,0.0,1.0,0.0,0.0,0.0,0.0,4.0,1.0,0.0,0.0,0.0,2.0,0.0,1.0,3.0,1.0,0.0,1.0,0.0,0.0,1.0,1.0,2.0,0.0,2.0,2.0,0.0,3.0,1.0,1.0,11.0,2.0,5.0,0.0,0.0,0.0,0.0,0.0,0.0,1.0,3.0,0.0,0.0,0.0,0.0,0.0,0.0,0.0,0.0,1.0,1.0,1.0,0.0,0.0,1.0,0.0,0.0,0.0,0.0,0.0,0.0,0.0,0.0,0.0,0.0,0.0,1.0,0.0,1.0,1.0,1.0,0.0,0.0,1.0,0.0,0.0,1.0,0.0,0.0,0.0,0.0,1.0,0.0,0.0,2.0,1.0,0.0,0.0,1.0,0.0,0.0,0.0,2.0,1.0,3.0,1.0,1.0,0.0,0.0,1.0,1.0,1.0,0.0,0.0,4.0,0.0,0.0,0.0,0.0,CCCC(c1ccc(C(=O)NCCC(=O)O)cc1)n1nc(-c2cc(C(F)(F)F)ccc2OC)c2ccc(-c3ccc(C)cc3)cc21
CHEMBL3616587,Active,37.0,5.0,5.0,0.0,3.0,0.0,3.0,0.0,52.0,7.0,5.0,0.0,3.0,0.0,3.0,0.0,1.0,1.0,0.0,0.0,3.0,3.0,3.0,55.0,9.0,8.0,0.0,6.0,0.0,6.0,0.0,0.0,56.0,9.0,6.0,0.0,6.0,0.0,6.0,2.0,0.0,63.0,6.0,7.0,0.0,6.0,0.0,6.0,0.0,1.0,0.0,0.0,0.0,0.0,65.0,7.0,6.0,0.0,6.0,0.0,6.0,0.0,0.0,0.0,0.0,0.0,2.0,3.0,0.0,0.0,0.0,64.0,2.0,8.0,0.0,9.0,0.0,9.0,1.0,1.0,3.0,3.0,0.0,59.0,5.0,11.0,0.0,9.0,0.0,9.0,0.0,0.0,0.0,0.0,0.0,56.0,5.0,11.0,0.0,9.0,0.0,9.0,0.0,0.0,0.0,0.0,0.0,0.0,0.0,49.0,4.0,8.0,0.0,12.0,0.0,12.0,0.0,0.0,0.0,0.0,1.0,0.0,0.0,0.0,0.0,4.0,1.0,0.0,0.0,0.0,2.0,0.0,1.0,3.0,1.0,0.0,1.0,0.0,0.0,1.0,1.0,2.0,0.0,2.0,2.0,0.0,3.0,1.0,1.0,11.0,2.0,5.0,0.0,0.0,0.0,0.0,0.0,0.0,1.0,3.0,0.0,0.0,0.0,0.0,0.0,0.0,0.0,0.0,1.0,1.0,1.0,0.0,0.0,1.0,0.0,0.0,0.0,0.0,0.0,0.0,0.0,0.0,0.0,0.0,0.0,1.0,0.0,1.0,1.0,1.0,0.0,0.0,1.0,0.0,0.0,1.0,0.0,0.0,0.0,0.0,1.0,0.0,0.0,2.0,1.0,0.0,0.0,1.0,0.0,0.0,0.0,2.0,1.0,3.0,1.0,1.0,0.0,0.0,1.0,1.0,1.0,0.0,0.0,4.0,0.0,0.0,0.0,0.0,CCCC(c1ccc(C(=O)NCCC(=O)O)cc1)n1cc(-c2cc(C(F)(F)F)ccc2OC)c2ccc(-c3ccc(C)cc3)cc21
CHEMBL3616678,Active,30.0,7.0,7.0,0.0,3.0,0.0,3.0,1.0,41.0,13.0,6.0,0.0,0.0,0.0,0.0,0.0,2.0,1.0,3.0,3.0,3.0,3.0,3.0,42.0,17.0,9.0,0.0,3.0,0.0,3.0,0.0,0.0,42.0,14.0,5.0,0.0,6.0,0.0,6.0,2.0,0.0,44.0,11.0,6.0,0.0,6.0,0.0,6.0,1.0,0.0,0.0,0.0,0.0,0.0,45.0,11.0,6.0,0.0,3.0,0.0,3.0,0.0,1.0,0.0,0.0,0.0,2.0,0.0,0.0,0.0,0.0,44.0,9.0,9.0,0.0,3.0,0.0,3.0,1.0,2.0,0.0,0.0,0.0,43.0,7.0,9.0,0.0,6.0,0.0,6.0,1.0,2.0,0.0,0.0,0.0,36.0,10.0,10.0,0.0,6.0,0.0,6.0,0.0,1.0,0.0,0.0,0.0,0.0,0.0,31.0,9.0,11.0,0.0,3.0,0.0,3.0,0.0,0.0,3.0,0.0,1.0,1.0,0.0,0.0,0.0,2.0,0.0,0.0,0.0,0.0,1.0,0.0,1.0,2.0,1.0,0.0,1.0,0.0,0.0,1.0,1.0,2.0,0.0,2.0,1.0,0.0,3.0,2.0,1.0,8.0,2.0,3.0,0.0,0.0,0.0,0.0,0.0,0.0,1.0,1.0,0.0,0.0,0.0,0.0,0.0,0.0,0.0,0.0,1.0,1.0,0.0,0.0,0.0,0.0,0.0,0.0,0.0,0.0,0.0,0.0,0.0,0.0,0.0,0.0,0.0,1.0,0.0,1.0,1.0,1.0,0.0,0.0,1.0,0.0,0.0,1.0,0.0,0.0,0.0,0.0,1.0,0.0,0.0,2.0,1.0,0.0,0.0,1.0,0.0,0.0,0.0,3.0,1.0,3.0,1.0,1.0,0.0,0.0,1.0,1.0,1.0,0.0,0.0,5.0,0.0,0.0,3.0,0.0,COc1ccc(-c2nn(C(C)c3ccc(C(=O)NCCC(=O)O)cc3)c3cc(-c4ccc(OC(F)(F)F)cc4)ccc23)cn1
CHEMBL3616685,Active,33.0,8.0,6.0,0.0,3.0,0.0,3.0,1.0,46.0,13.0,7.0,0.0,0.0,0.0,0.0,0.0,1.0,1.0,3.0,3.0,3.0,3.0,3.0,48.0,15.0,10.0,0.0,3.0,0.0,3.0,0.0,1.0,45.0,14.0,8.0,0.0,6.0,0.0,6.0,3.0,0.0,46.0,12.0,9.0,0.0,6.0,0.0,6.0,0.0,0.0,0.0,0.0,0.0,0.0,49.0,11.0,8.0,0.0,3.0,0.0,3.0,0.0,1.0,0.0,0.0,0.0,2.0,0.0,0.0,0.0,0.0,50.0,7.0,12.0,0.0,3.0,0.0,3.0,2.0,1.0,0.0,0.0,0.0,48.0,7.0,10.0,0.0,6.0,0.0,6.0,2.0,2.0,0.0,0.0,0.0,44.0,11.0,10.0,0.0,6.0,0.0,6.0,0.0,1.0,0.0,0.0,0.0,0.0,0.0,42.0,9.0,10.0,0.0,3.0,0.0,3.0,0.0,0.0,3.0,0.0,1.0,1.0,0.0,0.0,0.0,2.0,0.0,0.0,0.0,0.0,1.0,0.0,1.0,3.0,1.0,0.0,1.0,0.0,0.0,1.0,1.0,3.0,0.0,3.0,1.0,0.0,3.0,1.0,1.0,10.0,3.0,3.0,0.0,0.0,0.0,0.0,0.0,0.0,1.0,1.0,0.0,0.0,0.0,0.0,0.0,0.0,0.0,0.0,1.0,1.0,0.0,0.0,0.0,0.0,0.0,0.0,0.0,0.0,0.0,0.0,0.0,0.0,0.0,0.0,0.0,1.0,0.0,1.0,1.0,1.0,0.0,0.0,1.0,0.0,0.0,1.0,0.0,0.0,0.0,0.0,1.0,0.0,0.0,4.0,2.0,0.0,0.0,1.0,2.0,0.0,0.0,2.0,1.0,3.0,2.0,1.0,0.0,0.0,1.0,1.0,1.0,0.0,0.0,5.0,0.0,0.0,3.0,0.0,CC(c1ccc(C(=O)NCCC(=O)O)cc1)n1nc(C(=O)c2ccc(N(C)C)cc2)c2ccc(-c3ccc(OC(F)(F)F)cc3)cc21
CHEMBL1644194,Inactive,26.0,5.0,5.0,2.0,3.0,0.0,3.0,1.0,34.0,10.0,9.0,2.0,0.0,0.0,0.0,0.0,1.0,2.0,3.0,3.0,3.0,3.0,3.0,33.0,12.0,11.0,2.0,3.0,0.0,3.0,0.0,0.0,29.0,14.0,8.0,1.0,6.0,0.0,6.0,2.0,0.0,33.0,10.0,7.0,1.0,6.0,0.0,6.0,0.0,0.0,0.0,0.0,0.0,0.0,37.0,5.0,6.0,1.0,3.0,0.0,3.0,0.0,1.0,0.0,0.0,0.0,2.0,0.0,0.0,0.0,0.0,38.0,3.0,7.0,2.0,3.0,0.0,3.0,1.0,4.0,0.0,0.0,0.0,34.0,4.0,11.0,2.0,3.0,0.0,3.0,1.0,3.0,3.0,3.0,0.0,25.0,5.0,12.0,4.0,3.0,0.0,3.0,0.0,0.0,3.0,3.0,0.0,0.0,0.0,21.0,5.0,17.0,4.0,6.0,0.0,6.0,0.0,0.0,0.0,0.0,0.0,0.0,0.0,0.0,0.0,3.0,0.0,0.0,0.0,0.0,1.0,0.0,1.0,1.0,1.0,0.0,1.0,0.0,0.0,1.0,1.0,2.0,0.0,3.0,0.0,0.0,3.0,1.0,1.0,7.0,2.0,2.0,0.0,0.0,0.0,0.0,0.0,0.0,1.0,1.0,0.0,0.0,0.0,0.0,0.0,0.0,0.0,0.0,1.0,0.0,0.0,0.0,0.0,0.0,0.0,0.0,0.0,0.0,0.0,0.0,0.0,0.0,0.0,0.0,0.0,1.0,0.0,1.0,1.0,1.0,0.0,0.0,1.0,0.0,0.0,1.0,0.0,0.0,0.0,0.0,1.0,0.0,0.0,2.0,1.0,0.0,0.0,1.0,0.0,0.0,0.0,2.0,1.0,3.0,1.0,1.0,0.0,0.0,1.0,1.0,1.0,0.0,0.0,6.0,0.0,0.0,3.0,0.0,CS(=O)(=O)c1ccc(-c2cc(-c3ccc(OC(F)(F)F)cc3)nn2Cc2ccc(C(=O)NCCC(=O)O)cc2)cc1
CHEMBL153641,Active,29.0,8.0,3.0,0.0,1.0,1.0,2.0,1.0,39.0,11.0,4.0,0.0,2.0,2.0,4.0,0.0,2.0,0.0,0.0,0.0,0.0,0.0,0.0,41.0,9.0,7.0,0.0,2.0,2.0,4.0,1.0,1.0,30.0,14.0,8.0,0.0,3.0,2.0,5.0,0.0,0.0,26.0,15.0,6.0,0.0,2.0,0.0,2.0,0.0,1.0,0.0,1.0,1.0,0.0,26.0,12.0,6.0,0.0,0.0,0.0,0.0,0.0,1.0,1.0,1.0,2.0,1.0,0.0,0.0,0.0,0.0,30.0,8.0,7.0,0.0,1.0,1.0,2.0,0.0,1.0,0.0,0.0,0.0,33.0,4.0,6.0,0.0,1.0,1.0,2.0,1.0,1.0,0.0,0.0,0.0,31.0,5.0,4.0,0.0,1.0,2.0,3.0,1.0,1.0,0.0,0.0,0.0,0.0,0.0,28.0,7.0,4.0,0.0,2.0,3.0,5.0,0.0,0.0,0.0,0.0,0.0,0.0,0.0,0.0,0.0,5.0,0.0,0.0,0.0,0.0,2.0,0.0,1.0,0.0,1.0,0.0,1.0,0.0,0.0,1.0,0.0,2.0,0.0,0.0,1.0,1.0,1.0,0.0,1.0,8.0,2.0,3.0,1.0,0.0,0.0,0.0,0.0,0.0,1.0,0.0,0.0,0.0,0.0,0.0,0.0,0.0,0.0,0.0,0.0,1.0,0.0,0.0,0.0,0.0,0.0,0.0,0.0,0.0,0.0,0.0,0.0,0.0,0.0,0.0,0.0,0.0,0.0,0.0,0.0,5.0,3.0,3.0,8.0,2.0,0.0,2.0,4.0,0.0,0.0,0.0,0.0,1.0,1.0,6.0,4.0,2.0,0.0,2.0,2.0,0.0,0.0,0.0,0.0,1.0,4.0,2.0,0.0,0.0,1.0,0.0,0.0,2.0,0.0,3.0,0.0,0.0,0.0,0.0,O=C(NN=Cc1ccc(CC(=O)N2CCN(c3ccccc3F)CC2)c2ccccc12)c1ccc(O)c(Cl)c1
CHEMBL358250,Inactive,25.0,2.0,1.0,0.0,1.0,0.0,1.0,0.0,32.0,4.0,2.0,0.0,2.0,0.0,2.0,0.0,0.0,0.0,0.0,0.0,0.0,0.0,0.0,35.0,7.0,2.0,0.0,2.0,0.0,2.0,0.0,0.0,44.0,3.0,3.0,0.0,1.0,0.0,1.0,1.0,0.0,47.0,3.0,6.0,0.0,1.0,0.0,1.0,0.0,0.0,0.0,0.0,0.0,0.0,43.0,3.0,4.0,0.0,2.0,0.0,2.0,0.0,0.0,0.0,0.0,0.0,0.0,0.0,0.0,0.0,0.0,31.0,2.0,4.0,0.0,4.0,0.0,4.0,0.0,0.0,0.0,0.0,0.0,20.0,1.0,1.0,0.0,4.0,0.0,4.0,0.0,0.0,1.0,1.0,0.0,13.0,0.0,1.0,0.0,5.0,0.0,5.0,0.0,0.0,0.0,0.0,0.0,0.0,0.0,7.0,0.0,1.0,0.0,1.0,0.0,1.0,0.0,0.0,0.0,0.0,3.0,3.0,0.0,0.0,2.0,5.0,0.0,0.0,0.0,0.0,4.0,3.0,0.0,6.0,0.0,0.0,0.0,0.0,0.0,1.0,0.0,0.0,0.0,1.0,0.0,0.0,1.0,0.0,1.0,14.0,0.0,10.0,0.0,0.0,0.0,0.0,0.0,0.0,0.0,6.0,0.0,0.0,0.0,0.0,0.0,0.0,0.0,0.0,0.0,0.0,3.0,0.0,0.0,0.0,2.0,0.0,0.0,1.0,0.0,0.0,0.0,0.0,0.0,0.0,0.0,0.0,0.0,0.0,0.0,0.0,0.0,0.0,0.0,0.0,0.0,0.0,0.0,0.0,0.0,0.0,1.0,0.0,0.0,0.0,0.0,0.0,0.0,0.0,0.0,0.0,0.0,1.0,0.0,1.0,0.0,0.0,0.0,0.0,0.0,0.0,0.0,0.0,0.0,1.0,0.0,0.0,0.0,0.0,CCCCCCc1c(C(C)C)nc(C(C)C)c(C(C)O)c1-c1ccc(F)cc1
CHEMBL2111214,Active,24.0,4.0,5.0,0.0,3.0,1.0,4.0,1.0,30.0,7.0,6.0,0.0,3.0,2.0,5.0,0.0,2.0,0.0,0.0,0.0,3.0,3.0,3.0,26.0,9.0,9.0,0.0,6.0,2.0,8.0,0.0,1.0,18.0,10.0,8.0,0.0,6.0,2.0,8.0,2.0,0.0,16.0,11.0,8.0,0.0,3.0,0.0,3.0,0.0,1.0,0.0,1.0,1.0,0.0,19.0,5.0,7.0,0.0,3.0,0.0,3.0,1.0,1.0,0.0,1.0,1.0,2.0,0.0,0.0,0.0,0.0,23.0,2.0,7.0,0.0,3.0,1.0,4.0,1.0,1.0,0.0,0.0,1.0,23.0,4.0,7.0,0.0,3.0,1.0,4.0,0.0,1.0,0.0,0.0,0.0,22.0,3.0,5.0,0.0,0.0,2.0,2.0,0.0,2.0,3.0,3.0,0.0,3.0,3.0,18.0,4.0,7.0,0.0,3.0,2.0,5.0,0.0,0.0,0.0,0.0,0.0,0.0,0.0,0.0,0.0,2.0,0.0,0.0,0.0,0.0,1.0,0.0,1.0,1.0,2.0,0.0,2.0,0.0,0.0,1.0,1.0,2.0,0.0,1.0,2.0,1.0,3.0,1.0,1.0,7.0,2.0,2.0,1.0,0.0,0.0,0.0,0.0,0.0,1.0,1.0,1.0,0.0,0.0,0.0,0.0,0.0,0.0,0.0,1.0,1.0,0.0,0.0,0.0,1.0,0.0,0.0,0.0,0.0,0.0,0.0,0.0,0.0,0.0,0.0,0.0,1.0,0.0,0.0,0.0,1.0,0.0,0.0,0.0,0.0,0.0,0.0,0.0,0.0,0.0,0.0,0.0,1.0,1.0,2.0,0.0,0.0,0.0,0.0,1.0,0.0,0.0,1.0,1.0,3.0,3.0,2.0,0.0,0.0,1.0,0.0,0.0,0.0,0.0,4.0,1.0,0.0,0.0,0.0,COc1cc(NC(=O)CCc2ccc(C(F)(F)F)cc2)ccc1C=NNC(=O)c1ccc(O)c(Cl)c1.O
CHEMBL220184,Inactive,26.0,7.0,6.0,0.0,3.0,0.0,3.0,0.0,33.0,7.0,5.0,0.0,0.0,0.0,0.0,1.0,3.0,1.0,3.0,3.0,3.0,3.0,3.0,31.0,12.0,10.0,0.0,3.0,0.0,3.0,0.0,0.0,27.0,11.0,9.0,0.0,6.0,0.0,6.0,2.0,0.0,29.0,9.0,10.0,0.0,6.0,0.0,6.0,0.0,1.0,0.0,0.0,0.0,0.0,32.0,9.0,8.0,0.0,3.0,0.0,3.0,0.0,0.0,0.0,0.0,0.0,2.0,0.0,0.0,0.0,0.0,39.0,2.0,6.0,0.0,0.0,0.0,0.0,1.0,2.0,3.0,3.0,1.0,31.0,7.0,12.0,0.0,3.0,0.0,3.0,0.0,0.0,0.0,0.0,0.0,31.0,3.0,7.0,0.0,0.0,0.0,0.0,1.0,2.0,3.0,3.0,1.0,3.0,3.0,26.0,5.0,10.0,0.0,6.0,0.0,6.0,0.0,0.0,0.0,0.0,1.0,0.0,0.0,0.0,0.0,8.0,2.0,0.0,0.0,0.0,3.0,0.0,1.0,0.0,2.0,0.0,2.0,0.0,0.0,1.0,1.0,3.0,0.0,2.0,0.0,0.0,3.0,1.0,1.0,16.0,3.0,11.0,0.0,0.0,1.0,1.0,1.0,0.0,1.0,8.0,0.0,0.0,0.0,0.0,0.0,0.0,2.0,2.0,1.0,0.0,6.0,0.0,0.0,0.0,6.0,0.0,0.0,1.0,0.0,0.0,0.0,1.0,2.0,2.0,2.0,3.0,2.0,3.0,1.0,3.0,2.0,0.0,5.0,0.0,0.0,3.0,0.0,0.0,0.0,0.0,1.0,0.0,0.0,6.0,4.0,0.0,2.0,3.0,1.0,0.0,0.0,2.0,1.0,3.0,3.0,3.0,0.0,0.0,2.0,1.0,1.0,0.0,0.0,5.0,0.0,0.0,3.0,0.0,O=C(O)CCNC(=O)c1ccc(CN(C(=O)Nc2ccc(OC(F)(F)F)cc2)C2CCC(=C3CC3)CC2)cc1
CHEMBL160135,Inactive,25.0,3.0,7.0,0.0,0.0,1.0,1.0,0.0,34.0,3.0,9.0,0.0,0.0,2.0,2.0,1.0,0.0,0.0,0.0,0.0,0.0,0.0,0.0,32.0,6.0,10.0,0.0,0.0,2.0,2.0,0.0,0.0,24.0,7.0,12.0,0.0,0.0,2.0,2.0,0.0,1.0,26.0,5.0,9.0,0.0,0.0,0.0,0.0,0.0,0.0,0.0,2.0,2.0,0.0,27.0,3.0,6.0,0.0,0.0,1.0,1.0,0.0,4.0,0.0,0.0,0.0,0.0,0.0,0.0,0.0,0.0,25.0,4.0,9.0,0.0,0.0,1.0,1.0,0.0,1.0,0.0,0.0,0.0,27.0,2.0,6.0,0.0,0.0,1.0,1.0,0.0,2.0,0.0,0.0,0.0,24.0,3.0,8.0,0.0,0.0,2.0,2.0,0.0,1.0,0.0,0.0,0.0,0.0,0.0,20.0,3.0,12.0,0.0,0.0,2.0,2.0,0.0,0.0,0.0,0.0,1.0,1.0,0.0,0.0,1.0,3.0,0.0,0.0,0.0,0.0,1.0,0.0,0.0,4.0,0.0,0.0,0.0,0.0,1.0,1.0,0.0,0.0,0.0,1.0,1.0,1.0,0.0,3.0,1.0,9.0,0.0,3.0,0.0,0.0,0.0,0.0,0.0,0.0,0.0,1.0,0.0,0.0,0.0,0.0,0.0,0.0,0.0,0.0,0.0,3.0,0.0,0.0,0.0,0.0,0.0,0.0,0.0,0.0,0.0,0.0,0.0,0.0,0.0,0.0,0.0,0.0,0.0,0.0,0.0,1.0,0.0,0.0,0.0,0.0,0.0,0.0,0.0,0.0,0.0,0.0,0.0,1.0,1.0,2.0,0.0,0.0,0.0,0.0,0.0,0.0,0.0,3.0,3.0,0.0,2.0,0.0,0.0,0.0,1.0,0.0,0.0,0.0,0.0,4.0,0.0,0.0,0.0,0.0,COc1cc(CCN=C(N)c2ccc(O)c(Cl)c2)cc(OC)c1OCc1ccc(C(C)C)cc1
CHEMBL347370,Inactive,25.0,2.0,8.0,0.0,0.0,1.0,1.0,1.0,33.0,4.0,10.0,0.0,0.0,2.0,2.0,0.0,1.0,1.0,0.0,0.0,0.0,0.0,0.0,29.0,6.0,15.0,0.0,0.0,2.0,2.0,0.0,1.0,21.0,8.0,16.0,0.0,0.0,2.0,2.0,0.0,2.0,22.0,7.0,12.0,0.0,0.0,0.0,0.0,0.0,1.0,0.0,1.0,1.0,2.0,24.0,4.0,9.0,0.0,0.0,0.0,0.0,0.0,5.0,0.0,1.0,1.0,1.0,0.0,0.0,0.0,0.0,25.0,2.0,11.0,0.0,0.0,1.0,1.0,0.0,4.0,0.0,0.0,0.0,25.0,2.0,12.0,0.0,0.0,1.0,1.0,0.0,0.0,0.0,0.0,1.0,23.0,3.0,10.0,0.0,0.0,2.0,2.0,0.0,0.0,0.0,0.0,3.0,0.0,0.0,19.0,4.0,15.0,0.0,0.0,2.0,2.0,0.0,0.0,0.0,0.0,1.0,1.0,0.0,0.0,1.0,1.0,0.0,0.0,0.0,0.0,0.0,0.0,0.0,3.0,1.0,0.0,1.0,0.0,0.0,2.0,0.0,2.0,0.0,1.0,1.0,1.0,0.0,2.0,2.0,8.0,2.0,2.0,0.0,0.0,0.0,0.0,0.0,0.0,0.0,1.0,0.0,0.0,0.0,0.0,0.0,0.0,0.0,0.0,0.0,2.0,0.0,0.0,0.0,0.0,0.0,0.0,0.0,0.0,0.0,0.0,0.0,0.0,0.0,0.0,0.0,0.0,0.0,0.0,0.0,0.0,0.0,0.0,0.0,0.0,0.0,0.0,0.0,0.0,0.0,0.0,0.0,1.0,1.0,1.0,0.0,0.0,0.0,0.0,0.0,0.0,0.0,3.0,2.0,0.0,2.0,1.0,0.0,0.0,1.0,0.0,0.0,0.0,0.0,6.0,0.0,0.0,0.0,0.0,COc1cc(C=NNC(=O)c2ccc(O)c(Cl)c2)cc(C(=O)O)c1OCc1ccc(C(C)C)cc1
CHEMBL502203,Active,26.0,10.0,4.0,0.0,3.0,0.0,3.0,3.0,41.0,10.0,3.0,0.0,0.0,0.0,0.0,6.0,3.0,0.0,3.0,3.0,3.0,3.0,3.0,41.0,14.0,9.0,0.0,3.0,0.0,3.0,2.0,0.0,36.0,15.0,9.0,0.0,6.0,0.0,6.0,2.0,0.0,35.0,15.0,7.0,0.0,6.0,0.0,6.0,0.0,3.0,0.0,0.0,0.0,0.0,37.0,18.0,7.0,0.0,3.0,0.0,3.0,0.0,0.0,0.0,0.0,0.0,0.0,0.0,0.0,0.0,0.0,45.0,8.0,3.0,0.0,0.0,0.0,0.0,1.0,2.0,3.0,3.0,1.0,33.0,12.0,9.0,0.0,6.0,0.0,6.0,0.0,0.0,0.0,0.0,0.0,34.0,5.0,6.0,0.0,3.0,0.0,3.0,3.0,2.0,3.0,3.0,1.0,3.0,3.0,29.0,9.0,9.0,0.0,6.0,0.0,6.0,2.0,0.0,0.0,0.0,1.0,0.0,0.0,0.0,0.0,7.0,2.0,0.0,0.0,0.0,3.0,0.0,0.0,3.0,1.0,0.0,1.0,0.0,0.0,0.0,3.0,2.0,0.0,2.0,0.0,0.0,3.0,1.0,0.0,16.0,2.0,12.0,0.0,0.0,6.0,3.0,3.0,0.0,0.0,17.0,0.0,0.0,0.0,2.0,14.0,10.0,6.0,6.0,0.0,0.0,18.0,0.0,0.0,0.0,18.0,0.0,0.0,15.0,13.0,18.0,10.0,9.0,6.0,4.0,4.0,4.0,3.0,4.0,0.0,4.0,3.0,0.0,7.0,0.0,0.0,4.0,0.0,0.0,0.0,0.0,0.0,0.0,0.0,6.0,4.0,0.0,6.0,3.0,2.0,0.0,0.0,1.0,1.0,3.0,3.0,3.0,0.0,0.0,2.0,0.0,0.0,0.0,0.0,3.0,0.0,0.0,3.0,0.0,CC(C)(C)C1CCC2(CC1)CCN(c1ccc(OC(F)(F)F)cc1)C(=O)N2Cc1ccc(C(=O)Nc2nnn[nH]2)cc1
CHEMBL488682,Active,26.0,10.0,4.0,0.0,0.0,0.0,0.0,0.0,39.0,9.0,5.0,0.0,0.0,0.0,0.0,3.0,1.0,1.0,0.0,0.0,0.0,0.0,0.0,33.0,19.0,5.0,0.0,0.0,0.0,0.0,0.0,1.0,33.0,15.0,4.0,0.0,0.0,0.0,0.0,2.0,0.0,35.0,13.0,5.0,0.0,0.0,0.0,0.0,0.0,0.0,0.0,0.0,0.0,1.0,40.0,11.0,5.0,0.0,0.0,0.0,0.0,0.0,0.0,0.0,0.0,0.0,2.0,0.0,0.0,0.0,0.0,44.0,4.0,6.0,0.0,0.0,0.0,0.0,1.0,1.0,0.0,0.0,0.0,33.0,11.0,7.0,0.0,0.0,0.0,0.0,0.0,0.0,0.0,0.0,0.0,36.0,3.0,5.0,0.0,0.0,0.0,0.0,2.0,2.0,0.0,0.0,0.0,0.0,0.0,24.0,8.0,7.0,0.0,0.0,0.0,0.0,0.0,1.0,0.0,0.0,3.0,0.0,0.0,1.0,0.0,6.0,5.0,1.0,0.0,0.0,2.0,0.0,0.0,4.0,1.0,0.0,1.0,0.0,0.0,2.0,1.0,2.0,0.0,1.0,0.0,0.0,0.0,0.0,2.0,16.0,2.0,12.0,0.0,0.0,5.0,1.0,0.0,0.0,1.0,15.0,0.0,0.0,0.0,2.0,11.0,7.0,2.0,0.0,1.0,0.0,14.0,0.0,0.0,0.0,14.0,0.0,0.0,9.0,0.0,7.0,3.0,0.0,4.0,2.0,0.0,3.0,0.0,1.0,1.0,3.0,0.0,0.0,3.0,0.0,0.0,1.0,0.0,0.0,0.0,0.0,3.0,0.0,0.0,4.0,2.0,0.0,1.0,1.0,0.0,0.0,1.0,2.0,0.0,0.0,2.0,1.0,0.0,0.0,2.0,1.0,1.0,0.0,1.0,4.0,0.0,0.0,0.0,1.0,Cn1c(N(Cc2ccc(C(=O)NCC(O)C(=O)O)cc2)C2CCC(C(C)(C)C)CC2)nc2ccccc21
CHEMBL3616588,Active,35.0,5.0,7.0,0.0,6.0,0.0,6.0,1.0,47.0,11.0,7.0,0.0,3.0,0.0,3.0,0.0,1.0,1.0,3.0,3.0,6.0,6.0,6.0,49.0,15.0,10.0,0.0,9.0,0.0,9.0,0.0,0.0,50.0,16.0,6.0,0.0,12.0,0.0,12.0,3.0,0.0,56.0,13.0,8.0,0.0,12.0,0.0,12.0,0.0,1.0,0.0,0.0,0.0,0.0,61.0,10.0,8.0,0.0,6.0,0.0,6.0,0.0,0.0,3.0,0.0,3.0,2.0,3.0,0.0,0.0,0.0,61.0,5.0,10.0,0.0,12.0,0.0,12.0,1.0,1.0,3.0,3.0,0.0,59.0,4.0,11.0,0.0,15.0,0.0,15.0,1.0,2.0,0.0,0.0,0.0,53.0,7.0,13.0,0.0,15.0,0.0,15.0,0.0,1.0,0.0,0.0,0.0,0.0,0.0,47.0,6.0,11.0,0.0,15.0,0.0,15.0,0.0,0.0,3.0,0.0,1.0,0.0,0.0,0.0,0.0,4.0,1.0,0.0,0.0,0.0,2.0,0.0,1.0,2.0,1.0,0.0,1.0,0.0,0.0,1.0,2.0,2.0,0.0,2.0,2.0,0.0,6.0,2.0,1.0,11.0,2.0,5.0,0.0,0.0,0.0,0.0,0.0,0.0,1.0,3.0,0.0,0.0,0.0,0.0,0.0,0.0,0.0,0.0,1.0,1.0,1.0,0.0,0.0,1.0,0.0,0.0,0.0,0.0,0.0,0.0,0.0,0.0,0.0,0.0,0.0,1.0,0.0,1.0,1.0,1.0,0.0,0.0,1.0,0.0,0.0,1.0,0.0,0.0,0.0,0.0,1.0,0.0,0.0,2.0,1.0,0.0,0.0,1.0,0.0,0.0,0.0,3.0,2.0,6.0,1.0,1.0,0.0,0.0,1.0,1.0,1.0,0.0,0.0,5.0,0.0,0.0,3.0,0.0,CCCC(c1ccc(C(=O)NCCC(=O)O)cc1)n1nc(-c2cc(C(F)(F)F)ccc2OC)c2ccc(-c3ccc(OC(F)(F)F)cc3)cc21
CHEMBL346801,Active,27.0,4.0,6.0,0.0,3.0,1.0,4.0,1.0,35.0,6.0,8.0,0.0,0.0,2.0,2.0,0.0,1.0,0.0,3.0,3.0,3.0,3.0,3.0,33.0,8.0,9.0,0.0,3.0,2.0,5.0,0.0,2.0,23.0,12.0,9.0,0.0,6.0,2.0,8.0,0.0,0.0,20.0,12.0,7.0,0.0,6.0,0.0,6.0,0.0,0.0,0.0,1.0,1.0,0.0,21.0,8.0,4.0,0.0,3.0,0.0,3.0,0.0,3.0,0.0,1.0,1.0,1.0,0.0,0.0,0.0,0.0,23.0,6.0,6.0,0.0,3.0,1.0,4.0,0.0,2.0,0.0,0.0,0.0,28.0,4.0,7.0,0.0,0.0,1.0,1.0,0.0,0.0,3.0,3.0,0.0,33.0,1.0,3.0,0.0,3.0,2.0,5.0,1.0,0.0,0.0,0.0,2.0,0.0,0.0,29.0,1.0,7.0,0.0,3.0,3.0,6.0,1.0,0.0,0.0,0.0,0.0,0.0,0.0,0.0,0.0,3.0,0.0,0.0,0.0,0.0,1.0,0.0,0.0,0.0,2.0,0.0,1.0,0.0,0.0,1.0,1.0,1.0,0.0,1.0,1.0,1.0,3.0,2.0,1.0,6.0,1.0,1.0,0.0,0.0,0.0,0.0,0.0,0.0,0.0,0.0,0.0,0.0,0.0,0.0,0.0,0.0,0.0,0.0,0.0,0.0,0.0,0.0,0.0,0.0,0.0,0.0,0.0,0.0,0.0,0.0,0.0,0.0,0.0,0.0,0.0,0.0,0.0,0.0,0.0,1.0,0.0,0.0,1.0,0.0,0.0,0.0,0.0,0.0,0.0,0.0,1.0,1.0,1.0,3.0,1.0,0.0,0.0,0.0,0.0,0.0,1.0,2.0,2.0,3.0,3.0,1.0,0.0,0.0,2.0,0.0,0.0,0.0,1.0,4.0,0.0,0.0,3.0,0.0,O=C(NN=Cc1ccc(OCCNCc2ccc(OC(F)(F)F)cc2)c2ccccc12)c1ccc(O)c(Cl)c1
CHEMBL407028,Active,29.0,9.0,2.0,0.0,6.0,0.0,6.0,3.0,44.0,9.0,1.0,0.0,6.0,0.0,6.0,6.0,3.0,0.0,0.0,0.0,6.0,6.0,6.0,40.0,14.0,6.0,0.0,12.0,0.0,12.0,2.0,0.0,36.0,18.0,8.0,0.0,12.0,0.0,12.0,2.0,0.0,34.0,17.0,9.0,0.0,12.0,0.0,12.0,0.0,2.0,6.0,0.0,6.0,0.0,35.0,20.0,8.0,0.0,6.0,0.0,6.0,0.0,0.0,0.0,0.0,0.0,0.0,0.0,9.0,9.0,9.0,48.0,10.0,2.0,0.0,0.0,0.0,0.0,1.0,1.0,6.0,6.0,0.0,45.0,15.0,6.0,0.0,12.0,0.0,12.0,0.0,0.0,0.0,0.0,0.0,45.0,6.0,2.0,0.0,24.0,0.0,24.0,3.0,2.0,0.0,0.0,1.0,0.0,0.0,31.0,8.0,4.0,0.0,30.0,0.0,30.0,2.0,0.0,0.0,0.0,3.0,0.0,0.0,0.0,0.0,6.0,5.0,0.0,0.0,0.0,3.0,0.0,0.0,3.0,2.0,0.0,2.0,0.0,0.0,0.0,3.0,2.0,0.0,0.0,1.0,0.0,6.0,0.0,0.0,17.0,2.0,12.0,0.0,0.0,5.0,1.0,1.0,0.0,0.0,15.0,0.0,0.0,0.0,2.0,11.0,7.0,2.0,2.0,0.0,2.0,14.0,0.0,0.0,1.0,14.0,0.0,0.0,9.0,6.0,7.0,3.0,7.0,4.0,2.0,2.0,3.0,3.0,3.0,0.0,3.0,3.0,2.0,6.0,0.0,0.0,3.0,2.0,0.0,0.0,0.0,0.0,0.0,0.0,5.0,3.0,0.0,2.0,2.0,1.0,0.0,0.0,0.0,0.0,6.0,3.0,3.0,0.0,0.0,2.0,0.0,0.0,0.0,0.0,2.0,0.0,0.0,0.0,0.0,CC(C)(C)C1CCC(N(C(=O)Nc2cc(C(F)(F)F)cc(C(F)(F)F)c2)C2CCc3cc(C(=O)Nc4nn[nH]n4)ccc32)CC1
CHEMBL3616674,Active,32.0,5.0,5.0,0.0,6.0,0.0,6.0,1.0,42.0,11.0,5.0,0.0,6.0,0.0,6.0,0.0,1.0,1.0,3.0,3.0,3.0,3.0,3.0,43.0,14.0,7.0,0.0,10.0,0.0,10.0,0.0,0.0,41.0,14.0,4.0,0.0,12.0,0.0,12.0,2.0,0.0,45.0,10.0,5.0,0.0,10.0,0.0,10.0,0.0,0.0,3.0,0.0,3.0,0.0,47.0,8.0,5.0,0.0,10.0,0.0,10.0,0.0,0.0,2.0,0.0,2.0,2.0,0.0,0.0,0.0,0.0,46.0,5.0,7.0,0.0,12.0,0.0,12.0,1.0,1.0,0.0,0.0,0.0,44.0,3.0,6.0,0.0,15.0,0.0,15.0,1.0,2.0,0.0,0.0,0.0,37.0,6.0,7.0,0.0,16.0,0.0,16.0,0.0,1.0,0.0,0.0,0.0,0.0,0.0,31.0,6.0,8.0,0.0,14.0,0.0,14.0,0.0,0.0,3.0,0.0,1.0,1.0,0.0,0.0,0.0,2.0,0.0,0.0,0.0,0.0,1.0,0.0,1.0,1.0,1.0,0.0,1.0,0.0,0.0,1.0,1.0,2.0,0.0,2.0,1.0,0.0,6.0,1.0,1.0,7.0,2.0,3.0,0.0,0.0,0.0,0.0,0.0,0.0,1.0,1.0,0.0,0.0,0.0,0.0,0.0,0.0,0.0,0.0,1.0,1.0,0.0,0.0,0.0,0.0,0.0,0.0,0.0,0.0,0.0,0.0,0.0,0.0,0.0,0.0,0.0,1.0,0.0,1.0,1.0,1.0,0.0,0.0,1.0,0.0,0.0,1.0,0.0,0.0,0.0,0.0,1.0,0.0,0.0,2.0,1.0,0.0,0.0,1.0,0.0,0.0,0.0,2.0,1.0,6.0,1.0,1.0,0.0,0.0,1.0,1.0,1.0,0.0,0.0,4.0,0.0,0.0,3.0,0.0,CC(c1ccc(C(=O)NCCC(=O)O)cc1)n1nc(-c2cc(F)cc(F)c2F)c2ccc(-c3ccc(OC(F)(F)F)cc3)cc21
CHEMBL3616682,Active,32.0,5.0,5.0,0.0,4.0,1.0,5.0,1.0,42.0,11.0,5.0,0.0,2.0,2.0,4.0,0.0,1.0,1.0,3.0,3.0,3.0,3.0,3.0,43.0,14.0,7.0,0.0,5.0,2.0,7.0,0.0,0.0,41.0,14.0,4.0,0.0,8.0,1.0,9.0,2.0,0.0,45.0,10.0,5.0,0.0,7.0,1.0,8.0,0.0,0.0,1.0,0.0,1.0,0.0,47.0,8.0,5.0,0.0,5.0,1.0,6.0,0.0,0.0,1.0,1.0,2.0,2.0,0.0,0.0,0.0,0.0,46.0,5.0,7.0,0.0,6.0,2.0,8.0,1.0,1.0,0.0,1.0,0.0,44.0,3.0,6.0,0.0,9.0,3.0,12.0,1.0,2.0,0.0,0.0,0.0,37.0,6.0,7.0,0.0,9.0,3.0,12.0,0.0,1.0,0.0,0.0,0.0,0.0,0.0,31.0,6.0,8.0,0.0,7.0,3.0,10.0,0.0,0.0,3.0,0.0,1.0,1.0,0.0,0.0,0.0,2.0,0.0,0.0,0.0,0.0,1.0,0.0,1.0,1.0,1.0,0.0,1.0,0.0,0.0,1.0,1.0,2.0,0.0,2.0,2.0,1.0,4.0,1.0,1.0,7.0,2.0,3.0,0.0,0.0,0.0,0.0,0.0,0.0,1.0,1.0,0.0,0.0,0.0,0.0,0.0,0.0,0.0,0.0,1.0,1.0,0.0,0.0,0.0,0.0,0.0,0.0,0.0,0.0,0.0,0.0,0.0,0.0,0.0,0.0,0.0,1.0,0.0,1.0,1.0,1.0,0.0,0.0,1.0,0.0,0.0,1.0,0.0,0.0,0.0,0.0,1.0,1.0,1.0,2.0,1.0,0.0,0.0,1.0,0.0,0.0,0.0,2.0,1.0,4.0,1.0,1.0,0.0,0.0,1.0,1.0,1.0,0.0,0.0,4.0,0.0,0.0,3.0,0.0,CC(c1ccc(C(=O)NCCC(=O)O)cc1)n1nc(-c2ccc(Cl)c(F)c2)c2ccc(-c3ccc(OC(F)(F)F)cc3)cc21
CHEMBL3616693,Active,36.0,5.0,7.0,0.0,6.0,0.0,6.0,1.0,48.0,11.0,7.0,0.0,3.0,0.0,3.0,0.0,1.0,1.0,3.0,3.0,6.0,6.0,6.0,50.0,15.0,10.0,0.0,9.0,0.0,9.0,0.0,0.0,51.0,16.0,6.0,0.0,12.0,0.0,12.0,3.0,0.0,57.0,14.0,8.0,0.0,12.0,0.0,12.0,0.0,1.0,0.0,0.0,0.0,0.0,64.0,11.0,8.0,0.0,6.0,0.0,6.0,0.0,0.0,3.0,0.0,3.0,2.0,3.0,0.0,0.0,0.0,66.0,5.0,10.0,0.0,12.0,0.0,12.0,1.0,1.0,3.0,3.0,0.0,63.0,4.0,11.0,0.0,15.0,0.0,15.0,1.0,2.0,0.0,0.0,0.0,58.0,7.0,13.0,0.0,15.0,0.0,15.0,0.0,1.0,0.0,0.0,0.0,0.0,0.0,51.0,7.0,13.0,0.0,15.0,0.0,15.0,0.0,0.0,3.0,0.0,1.0,0.0,0.0,0.0,0.0,5.0,1.0,0.0,0.0,0.0,3.0,1.0,1.0,2.0,1.0,0.0,1.0,0.0,0.0,1.0,2.0,2.0,0.0,2.0,2.0,0.0,6.0,2.0,1.0,12.0,2.0,6.0,0.0,0.0,0.0,0.0,0.0,0.0,1.0,4.0,0.0,0.0,0.0,0.0,0.0,0.0,0.0,0.0,1.0,1.0,2.0,0.0,0.0,1.0,1.0,0.0,0.0,0.0,0.0,0.0,0.0,0.0,0.0,0.0,0.0,1.0,0.0,1.0,1.0,1.0,0.0,0.0,1.0,0.0,0.0,1.0,0.0,0.0,0.0,0.0,1.0,0.0,0.0,2.0,1.0,0.0,0.0,1.0,0.0,0.0,0.0,3.0,2.0,6.0,1.0,1.0,0.0,0.0,1.0,1.0,1.0,0.0,0.0,5.0,0.0,0.0,3.0,0.0,CCCCC(c1ccc(C(=O)NCCC(=O)O)cc1)n1nc(-c2cc(C(F)(F)F)ccc2OC)c2ccc(-c3ccc(OC(F)(F)F)cc3)cc21
CHEMBL1644185,Active,26.0,5.0,6.0,0.0,3.0,2.0,5.0,1.0,33.0,10.0,7.0,0.0,0.0,4.0,4.0,0.0,1.0,1.0,3.0,3.0,3.0,3.0,3.0,31.0,12.0,7.0,0.0,3.0,4.0,7.0,0.0,1.0,27.0,14.0,5.0,0.0,6.0,4.0,10.0,2.0,0.0,32.0,10.0,6.0,0.0,6.0,2.0,8.0,0.0,0.0,0.0,2.0,2.0,1.0,36.0,5.0,6.0,0.0,3.0,2.0,5.0,0.0,1.0,0.0,2.0,2.0,2.0,0.0,0.0,0.0,0.0,37.0,2.0,8.0,0.0,3.0,4.0,7.0,1.0,2.0,0.0,0.0,0.0,33.0,3.0,8.0,0.0,3.0,6.0,9.0,1.0,1.0,3.0,3.0,0.0,23.0,5.0,10.0,0.0,6.0,8.0,14.0,0.0,0.0,3.0,3.0,0.0,0.0,0.0,18.0,5.0,9.0,0.0,6.0,6.0,12.0,0.0,1.0,0.0,0.0,1.0,0.0,0.0,1.0,0.0,2.0,1.0,1.0,0.0,0.0,0.0,0.0,0.0,0.0,1.0,0.0,1.0,0.0,0.0,2.0,1.0,2.0,0.0,2.0,0.0,2.0,3.0,1.0,2.0,6.0,2.0,2.0,0.0,0.0,0.0,0.0,0.0,0.0,1.0,1.0,0.0,0.0,0.0,0.0,0.0,0.0,0.0,0.0,1.0,0.0,0.0,0.0,0.0,0.0,0.0,0.0,0.0,0.0,0.0,0.0,0.0,0.0,0.0,0.0,0.0,1.0,0.0,1.0,1.0,1.0,0.0,0.0,1.0,0.0,0.0,1.0,0.0,0.0,0.0,0.0,3.0,2.0,2.0,2.0,1.0,0.0,0.0,1.0,0.0,0.0,1.0,3.0,1.0,3.0,1.0,1.0,0.0,0.0,1.0,1.0,1.0,0.0,1.0,5.0,0.0,0.0,3.0,1.0,O=C(NCC(O)C(=O)O)c1ccc(Cn2nc(-c3cc(Cl)cc(Cl)c3)cc2-c2ccc(OC(F)(F)F)cc2)cc1
CHEMBL160291,Inactive,24.0,3.0,8.0,0.0,0.0,0.0,0.0,1.0,32.0,6.0,10.0,0.0,0.0,0.0,0.0,0.0,1.0,0.0,0.0,0.0,0.0,0.0,0.0,29.0,8.0,12.0,0.0,0.0,0.0,0.0,0.0,2.0,20.0,10.0,15.0,0.0,0.0,0.0,0.0,0.0,1.0,23.0,6.0,9.0,0.0,0.0,0.0,0.0,1.0,3.0,0.0,0.0,0.0,0.0,24.0,4.0,7.0,0.0,0.0,0.0,0.0,1.0,4.0,0.0,0.0,0.0,1.0,0.0,0.0,0.0,0.0,24.0,4.0,10.0,0.0,0.0,0.0,0.0,0.0,2.0,0.0,0.0,0.0,26.0,3.0,7.0,0.0,0.0,0.0,0.0,0.0,0.0,0.0,0.0,2.0,22.0,5.0,10.0,0.0,0.0,0.0,0.0,0.0,0.0,0.0,0.0,1.0,0.0,0.0,18.0,6.0,13.0,0.0,0.0,0.0,0.0,0.0,0.0,0.0,0.0,1.0,1.0,0.0,0.0,1.0,1.0,0.0,0.0,0.0,0.0,0.0,0.0,0.0,4.0,1.0,0.0,1.0,0.0,1.0,1.0,0.0,1.0,0.0,1.0,1.0,0.0,0.0,3.0,1.0,8.0,1.0,2.0,0.0,0.0,0.0,0.0,0.0,0.0,0.0,1.0,0.0,0.0,0.0,0.0,0.0,0.0,0.0,0.0,0.0,2.0,0.0,0.0,0.0,0.0,0.0,0.0,0.0,0.0,0.0,0.0,0.0,0.0,0.0,0.0,0.0,0.0,0.0,0.0,0.0,0.0,0.0,0.0,0.0,0.0,0.0,0.0,0.0,0.0,0.0,0.0,0.0,0.0,0.0,1.0,0.0,0.0,0.0,0.0,0.0,0.0,0.0,3.0,3.0,0.0,3.0,1.0,0.0,0.0,1.0,0.0,0.0,0.0,0.0,5.0,0.0,0.0,0.0,0.0,COc1cc(C=NNC(=O)c2ccc(O)c(N)c2)cc(OC)c1OCc1ccc(C(C)C)cc1
CHEMBL1644195,Inactive,24.0,7.0,3.0,2.0,3.0,0.0,3.0,4.0,33.0,11.0,7.0,2.0,0.0,0.0,0.0,5.0,1.0,1.0,3.0,3.0,3.0,3.0,3.0,32.0,13.0,9.0,2.0,3.0,0.0,3.0,2.0,0.0,27.0,18.0,7.0,1.0,6.0,0.0,6.0,2.0,0.0,30.0,16.0,4.0,1.0,6.0,0.0,6.0,0.0,2.0,0.0,0.0,0.0,0.0,33.0,13.0,4.0,1.0,3.0,0.0,3.0,0.0,1.0,0.0,0.0,0.0,0.0,0.0,0.0,0.0,0.0,35.0,9.0,3.0,2.0,3.0,0.0,3.0,1.0,4.0,0.0,0.0,0.0,32.0,8.0,7.0,2.0,3.0,0.0,3.0,1.0,3.0,3.0,3.0,0.0,24.0,6.0,10.0,4.0,3.0,0.0,3.0,2.0,0.0,3.0,3.0,0.0,0.0,0.0,20.0,5.0,15.0,4.0,6.0,0.0,6.0,4.0,0.0,0.0,0.0,0.0,0.0,0.0,0.0,0.0,1.0,0.0,0.0,0.0,0.0,0.0,0.0,0.0,1.0,1.0,0.0,1.0,0.0,0.0,0.0,1.0,1.0,0.0,3.0,0.0,0.0,3.0,1.0,0.0,4.0,1.0,0.0,0.0,0.0,0.0,0.0,0.0,0.0,0.0,0.0,0.0,0.0,0.0,0.0,0.0,0.0,0.0,0.0,0.0,0.0,0.0,0.0,0.0,0.0,0.0,0.0,0.0,0.0,0.0,0.0,0.0,0.0,0.0,0.0,0.0,0.0,0.0,0.0,0.0,0.0,0.0,0.0,0.0,0.0,0.0,0.0,0.0,0.0,0.0,0.0,0.0,0.0,0.0,1.0,0.0,0.0,0.0,0.0,0.0,0.0,0.0,1.0,1.0,3.0,1.0,1.0,0.0,0.0,1.0,0.0,0.0,0.0,0.0,4.0,0.0,0.0,3.0,0.0,CS(=O)(=O)c1ccc(-c2cc(-c3ccc(OC(F)(F)F)cc3)nn2Cc2ccc(C(=O)Nc3nn[nH]n3)cc2)cc1
CHEMBL1644201,Inactive,24.0,7.0,5.0,0.0,6.0,0.0,6.0,4.0,33.0,11.0,5.0,0.0,0.0,0.0,0.0,5.0,1.0,0.0,6.0,6.0,6.0,6.0,6.0,32.0,13.0,7.0,0.0,6.0,0.0,6.0,2.0,0.0,28.0,18.0,4.0,0.0,12.0,0.0,12.0,2.0,0.0,29.0,18.0,4.0,0.0,12.0,0.0,12.0,0.0,2.0,0.0,0.0,0.0,0.0,35.0,12.0,2.0,0.0,6.0,0.0,6.0,1.0,3.0,0.0,0.0,0.0,0.0,0.0,0.0,0.0,0.0,36.0,12.0,4.0,0.0,6.0,0.0,6.0,1.0,3.0,0.0,0.0,0.0,33.0,10.0,7.0,0.0,6.0,0.0,6.0,2.0,0.0,6.0,6.0,0.0,27.0,5.0,10.0,0.0,9.0,0.0,9.0,4.0,0.0,6.0,6.0,0.0,0.0,0.0,19.0,12.0,12.0,0.0,12.0,0.0,12.0,2.0,0.0,0.0,0.0,0.0,0.0,0.0,0.0,0.0,1.0,0.0,0.0,0.0,0.0,0.0,0.0,0.0,0.0,1.0,0.0,1.0,0.0,0.0,0.0,2.0,1.0,0.0,2.0,0.0,0.0,6.0,2.0,0.0,4.0,1.0,0.0,0.0,0.0,0.0,0.0,0.0,0.0,0.0,0.0,0.0,0.0,0.0,0.0,0.0,0.0,0.0,0.0,0.0,0.0,0.0,0.0,0.0,0.0,0.0,0.0,0.0,0.0,0.0,0.0,0.0,0.0,0.0,0.0,0.0,0.0,0.0,0.0,0.0,0.0,0.0,0.0,0.0,0.0,0.0,0.0,0.0,0.0,0.0,0.0,0.0,0.0,0.0,1.0,0.0,0.0,0.0,0.0,0.0,0.0,0.0,2.0,2.0,6.0,1.0,1.0,0.0,0.0,1.0,0.0,0.0,0.0,0.0,3.0,0.0,0.0,6.0,0.0,O=C(Nc1nn[nH]n1)c1cccc(Cn2nc(-c3ccc(OC(F)(F)F)cc3)cc2-c2ccc(OC(F)(F)F)cc2)c1
CHEMBL420290,Inactive,21.0,2.0,6.0,0.0,3.0,0.0,3.0,1.0,26.0,4.0,9.0,0.0,3.0,0.0,3.0,0.0,1.0,0.0,0.0,0.0,3.0,3.0,3.0,22.0,6.0,10.0,0.0,6.0,0.0,6.0,0.0,1.0,15.0,8.0,11.0,0.0,6.0,0.0,6.0,0.0,0.0,19.0,6.0,3.0,0.0,3.0,0.0,3.0,0.0,2.0,0.0,0.0,0.0,1.0,20.0,4.0,3.0,0.0,3.0,0.0,3.0,0.0,3.0,0.0,0.0,0.0,1.0,0.0,0.0,0.0,0.0,18.0,4.0,4.0,0.0,6.0,0.0,6.0,0.0,1.0,0.0,0.0,0.0,16.0,4.0,4.0,0.0,6.0,0.0,6.0,0.0,0.0,0.0,0.0,1.0,12.0,4.0,6.0,0.0,6.0,0.0,6.0,0.0,0.0,0.0,0.0,0.0,0.0,0.0,12.0,2.0,8.0,0.0,0.0,0.0,0.0,0.0,0.0,3.0,0.0,0.0,0.0,0.0,0.0,0.0,0.0,0.0,0.0,0.0,0.0,0.0,0.0,0.0,1.0,1.0,0.0,1.0,0.0,0.0,1.0,1.0,1.0,0.0,0.0,1.0,0.0,3.0,2.0,1.0,4.0,1.0,0.0,0.0,0.0,0.0,0.0,0.0,0.0,0.0,0.0,0.0,0.0,0.0,0.0,0.0,0.0,0.0,0.0,0.0,0.0,0.0,0.0,0.0,0.0,0.0,0.0,0.0,0.0,0.0,0.0,0.0,0.0,0.0,0.0,0.0,0.0,0.0,0.0,0.0,0.0,0.0,0.0,0.0,0.0,0.0,0.0,0.0,0.0,0.0,0.0,0.0,0.0,0.0,1.0,0.0,0.0,0.0,0.0,0.0,0.0,0.0,1.0,1.0,3.0,2.0,1.0,0.0,0.0,1.0,0.0,0.0,0.0,0.0,4.0,0.0,0.0,0.0,0.0,COc1cc(C(=O)NN=Cc2cccc(Oc3cccc(C(F)(F)F)c3)c2)ccc1O
CHEMBL421809,Active,29.0,8.0,3.0,0.0,0.0,1.0,1.0,1.0,41.0,8.0,4.0,0.0,0.0,2.0,2.0,0.0,2.0,0.0,0.0,0.0,0.0,0.0,0.0,39.0,9.0,7.0,0.0,0.0,2.0,2.0,1.0,1.0,28.0,17.0,8.0,0.0,0.0,2.0,2.0,0.0,0.0,31.0,15.0,8.0,0.0,0.0,0.0,0.0,0.0,1.0,0.0,1.0,1.0,0.0,33.0,12.0,9.0,0.0,0.0,0.0,0.0,0.0,1.0,0.0,1.0,1.0,1.0,0.0,0.0,0.0,0.0,39.0,9.0,6.0,0.0,0.0,1.0,1.0,0.0,1.0,0.0,0.0,0.0,45.0,5.0,4.0,0.0,0.0,1.0,1.0,1.0,1.0,0.0,0.0,0.0,43.0,5.0,3.0,0.0,0.0,2.0,2.0,1.0,1.0,0.0,0.0,0.0,0.0,0.0,33.0,7.0,4.0,0.0,0.0,3.0,3.0,0.0,0.0,0.0,0.0,0.0,0.0,0.0,0.0,0.0,4.0,0.0,0.0,0.0,0.0,1.0,0.0,1.0,2.0,1.0,0.0,1.0,0.0,0.0,1.0,0.0,2.0,0.0,0.0,1.0,1.0,0.0,0.0,1.0,9.0,2.0,2.0,1.0,0.0,0.0,0.0,0.0,0.0,1.0,0.0,0.0,0.0,0.0,0.0,0.0,0.0,0.0,0.0,0.0,1.0,0.0,0.0,0.0,0.0,0.0,0.0,0.0,0.0,0.0,0.0,0.0,0.0,0.0,0.0,0.0,0.0,0.0,0.0,0.0,3.0,3.0,1.0,6.0,1.0,0.0,1.0,1.0,0.0,0.0,0.0,0.0,1.0,1.0,7.0,6.0,2.0,0.0,2.0,0.0,0.0,0.0,0.0,0.0,0.0,4.0,2.0,0.0,0.0,2.0,0.0,0.0,1.0,0.0,3.0,0.0,0.0,0.0,0.0,CN(C)CCN(Cc1ccccc1)C(=O)Cc1ccc(C=NNC(=O)c2ccc(O)c(Cl)c2)c2ccccc12
CHEMBL1922915,Active,35.0,5.0,4.0,0.0,0.0,1.0,1.0,0.0,48.0,7.0,5.0,0.0,0.0,2.0,2.0,0.0,1.0,1.0,0.0,0.0,0.0,0.0,0.0,47.0,8.0,8.0,0.0,0.0,2.0,2.0,0.0,1.0,45.0,7.0,8.0,0.0,0.0,2.0,2.0,2.0,0.0,49.0,4.0,10.0,0.0,0.0,1.0,1.0,0.0,0.0,0.0,1.0,1.0,0.0,51.0,5.0,9.0,0.0,0.0,2.0,2.0,0.0,0.0,0.0,0.0,0.0,2.0,0.0,0.0,0.0,0.0,49.0,6.0,8.0,0.0,0.0,2.0,2.0,0.0,0.0,0.0,0.0,0.0,49.0,3.0,8.0,0.0,0.0,4.0,4.0,0.0,0.0,0.0,0.0,0.0,49.0,3.0,5.0,0.0,0.0,4.0,4.0,0.0,1.0,0.0,0.0,1.0,0.0,0.0,39.0,2.0,8.0,0.0,0.0,4.0,4.0,1.0,1.0,0.0,0.0,1.0,0.0,0.0,1.0,0.0,6.0,2.0,2.0,0.0,0.0,2.0,0.0,1.0,4.0,1.0,0.0,1.0,0.0,0.0,1.0,1.0,3.0,0.0,2.0,1.0,1.0,0.0,0.0,1.0,15.0,3.0,10.0,0.0,0.0,2.0,0.0,0.0,0.0,2.0,9.0,0.0,0.0,0.0,0.0,1.0,0.0,0.0,0.0,3.0,4.0,3.0,0.0,1.0,2.0,2.0,0.0,1.0,0.0,0.0,0.0,0.0,0.0,0.0,0.0,0.0,1.0,0.0,1.0,1.0,1.0,0.0,0.0,1.0,0.0,0.0,1.0,0.0,0.0,0.0,0.0,1.0,1.0,1.0,2.0,1.0,0.0,0.0,1.0,0.0,0.0,0.0,1.0,0.0,0.0,1.0,1.0,0.0,0.0,1.0,1.0,1.0,0.0,0.0,4.0,1.0,0.0,0.0,0.0,CCCC(Cc1ccc(C(=O)NCCC(=O)O)cc1)C(=O)c1cc2cc(Cl)ccc2n1Cc1ccc(C(C)(C)C)cc1
CHEMBL1922710,Active,27.0,12.0,1.0,0.0,3.0,0.0,3.0,3.0,43.0,10.0,1.0,0.0,3.0,0.0,3.0,8.0,1.0,0.0,0.0,0.0,3.0,3.0,3.0,38.0,21.0,3.0,0.0,6.0,0.0,6.0,2.0,0.0,37.0,22.0,2.0,0.0,6.0,0.0,6.0,2.0,0.0,38.0,22.0,1.0,0.0,6.0,0.0,6.0,0.0,2.0,3.0,0.0,3.0,0.0,38.0,21.0,1.0,0.0,9.0,0.0,9.0,0.0,0.0,3.0,0.0,3.0,0.0,0.0,0.0,0.0,0.0,45.0,10.0,0.0,0.0,6.0,0.0,6.0,1.0,1.0,3.0,3.0,0.0,39.0,15.0,2.0,0.0,9.0,0.0,9.0,0.0,0.0,0.0,0.0,0.0,41.0,4.0,2.0,0.0,12.0,0.0,12.0,4.0,2.0,0.0,0.0,0.0,0.0,0.0,28.0,10.0,4.0,0.0,9.0,0.0,9.0,2.0,0.0,0.0,0.0,0.0,0.0,0.0,0.0,0.0,2.0,0.0,0.0,0.0,0.0,0.0,0.0,0.0,5.0,1.0,0.0,1.0,0.0,0.0,0.0,2.0,1.0,0.0,2.0,0.0,0.0,3.0,0.0,0.0,11.0,1.0,4.0,0.0,0.0,1.0,0.0,0.0,0.0,0.0,3.0,0.0,0.0,0.0,0.0,0.0,0.0,0.0,0.0,0.0,4.0,0.0,0.0,0.0,0.0,0.0,0.0,0.0,0.0,0.0,0.0,0.0,0.0,0.0,0.0,0.0,0.0,0.0,0.0,0.0,0.0,0.0,0.0,0.0,0.0,0.0,0.0,0.0,0.0,0.0,0.0,0.0,0.0,0.0,5.0,2.0,0.0,0.0,0.0,4.0,0.0,0.0,0.0,0.0,3.0,4.0,1.0,0.0,0.0,2.0,0.0,0.0,0.0,0.0,1.0,0.0,0.0,0.0,0.0,CCc1cc(C(F)(F)F)cc2c1n(C)c(=Nc1ccc(C(C)(C)C)cc1)n2Cc1ccc(C(=O)Nc2nnn[nH]2)cc1
CHEMBL1922844,Active,24.0,12.0,3.0,0.0,7.0,0.0,7.0,3.0,36.0,10.0,4.0,0.0,8.0,0.0,8.0,8.0,1.0,0.0,0.0,0.0,6.0,6.0,6.0,31.0,20.0,6.0,0.0,15.0,0.0,15.0,2.0,1.0,30.0,22.0,6.0,0.0,13.0,0.0,13.0,3.0,0.0,39.0,21.0,2.0,0.0,6.0,0.0,6.0,0.0,3.0,7.0,0.0,7.0,0.0,41.0,22.0,3.0,0.0,13.0,0.0,13.0,0.0,0.0,3.0,0.0,3.0,0.0,0.0,0.0,0.0,0.0,47.0,10.0,4.0,0.0,9.0,0.0,9.0,1.0,1.0,11.0,11.0,0.0,37.0,10.0,6.0,0.0,28.0,0.0,28.0,0.0,0.0,0.0,0.0,0.0,34.0,4.0,5.0,0.0,24.0,0.0,24.0,4.0,2.0,0.0,0.0,0.0,0.0,0.0,25.0,10.0,5.0,0.0,25.0,0.0,25.0,2.0,0.0,0.0,0.0,0.0,0.0,0.0,0.0,0.0,3.0,0.0,0.0,0.0,0.0,1.0,0.0,0.0,2.0,1.0,0.0,1.0,0.0,0.0,0.0,2.0,1.0,0.0,1.0,1.0,0.0,7.0,1.0,0.0,9.0,1.0,2.0,0.0,0.0,0.0,0.0,0.0,0.0,0.0,1.0,0.0,0.0,0.0,0.0,0.0,0.0,0.0,0.0,0.0,0.0,0.0,0.0,0.0,0.0,0.0,0.0,0.0,0.0,0.0,0.0,0.0,0.0,0.0,0.0,0.0,0.0,0.0,0.0,1.0,0.0,0.0,0.0,0.0,0.0,0.0,0.0,0.0,0.0,0.0,0.0,1.0,0.0,0.0,4.0,1.0,0.0,0.0,0.0,3.0,0.0,0.0,1.0,1.0,7.0,4.0,1.0,0.0,0.0,2.0,0.0,0.0,0.0,0.0,2.0,0.0,0.0,0.0,0.0,CCCOc1cc(C(F)(F)F)cc2c1n(C)c(=Nc1ccc(F)c(C(F)(F)F)c1)n2Cc1ccc(C(=O)Nc2nnn[nH]2)cc1
CHEMBL232242,Active,29.0,7.0,4.0,0.0,3.0,0.0,3.0,3.0,43.0,8.0,4.0,0.0,0.0,0.0,0.0,5.0,2.0,0.0,3.0,3.0,3.0,3.0,3.0,42.0,10.0,8.0,0.0,3.0,0.0,3.0,2.0,0.0,40.0,11.0,9.0,0.0,6.0,0.0,6.0,2.0,0.0,38.0,12.0,10.0,0.0,6.0,0.0,6.0,0.0,2.0,0.0,0.0,0.0,0.0,39.0,15.0,7.0,0.0,3.0,0.0,3.0,0.0,0.0,0.0,0.0,0.0,0.0,0.0,0.0,0.0,0.0,47.0,8.0,2.0,0.0,3.0,0.0,3.0,1.0,2.0,0.0,0.0,1.0,41.0,12.0,9.0,0.0,3.0,0.0,3.0,0.0,0.0,0.0,0.0,0.0,37.0,7.0,7.0,0.0,0.0,0.0,0.0,2.0,1.0,3.0,3.0,1.0,3.0,3.0,30.0,7.0,9.0,0.0,6.0,0.0,6.0,2.0,0.0,0.0,0.0,3.0,0.0,0.0,0.0,0.0,7.0,5.0,0.0,0.0,0.0,3.0,0.0,1.0,3.0,1.0,0.0,1.0,0.0,0.0,0.0,2.0,2.0,0.0,1.0,1.0,0.0,3.0,1.0,0.0,17.0,2.0,13.0,1.0,0.0,5.0,1.0,1.0,0.0,1.0,15.0,0.0,0.0,0.0,2.0,11.0,7.0,2.0,2.0,0.0,3.0,14.0,0.0,0.0,1.0,14.0,0.0,0.0,9.0,6.0,7.0,3.0,7.0,4.0,2.0,2.0,3.0,3.0,3.0,0.0,4.0,4.0,5.0,8.0,3.0,0.0,3.0,5.0,0.0,0.0,0.0,0.0,0.0,0.0,4.0,3.0,2.0,2.0,2.0,0.0,0.0,0.0,1.0,1.0,3.0,2.0,2.0,0.0,0.0,2.0,0.0,0.0,0.0,0.0,3.0,0.0,0.0,3.0,0.0,CC(C)(C)C1CCC(N(C(=O)Cc2ccc(OC(F)(F)F)cc2)C2CCc3cc(C(=O)Nc4nn[nH]n4)ccc32)CC1
CHEMBL499372,Active,31.0,12.0,3.0,0.0,0.0,0.0,0.0,3.0,47.0,10.0,4.0,0.0,0.0,0.0,0.0,8.0,1.0,0.0,0.0,0.0,0.0,0.0,0.0,40.0,20.0,7.0,0.0,0.0,0.0,0.0,2.0,0.0,38.0,19.0,5.0,0.0,0.0,0.0,0.0,3.0,0.0,41.0,20.0,3.0,0.0,0.0,0.0,0.0,0.0,3.0,0.0,0.0,0.0,0.0,47.0,21.0,2.0,0.0,0.0,0.0,0.0,0.0,1.0,0.0,0.0,0.0,0.0,0.0,0.0,0.0,0.0,51.0,14.0,2.0,0.0,0.0,0.0,0.0,1.0,1.0,0.0,0.0,0.0,40.0,20.0,5.0,0.0,0.0,0.0,0.0,0.0,0.0,0.0,0.0,0.0,45.0,9.0,6.0,0.0,0.0,0.0,0.0,4.0,2.0,0.0,0.0,0.0,0.0,0.0,36.0,14.0,8.0,0.0,0.0,0.0,0.0,2.0,0.0,0.0,0.0,2.0,0.0,0.0,0.0,0.0,6.0,4.0,0.0,0.0,0.0,2.0,0.0,0.0,4.0,1.0,0.0,1.0,0.0,0.0,0.0,1.0,1.0,0.0,1.0,1.0,0.0,0.0,1.0,0.0,14.0,1.0,10.0,0.0,0.0,5.0,1.0,0.0,0.0,0.0,14.0,0.0,0.0,0.0,2.0,11.0,7.0,2.0,0.0,0.0,0.0,14.0,0.0,0.0,0.0,14.0,0.0,0.0,9.0,0.0,7.0,3.0,0.0,4.0,2.0,0.0,2.0,0.0,0.0,0.0,2.0,0.0,0.0,2.0,0.0,0.0,0.0,0.0,0.0,0.0,0.0,0.0,0.0,0.0,3.0,1.0,0.0,1.0,0.0,0.0,0.0,0.0,1.0,1.0,0.0,2.0,1.0,0.0,0.0,2.0,0.0,0.0,0.0,0.0,2.0,0.0,0.0,0.0,0.0,Cn1c(N(Cc2ccc(C(=O)Nc3nnn[nH]3)cc2)C2CCC(C(C)(C)C)CC2)nc2cc(OCc3ccccc3)ccc21
CHEMBL500315,Active,29.0,12.0,3.0,0.0,0.0,0.0,0.0,3.0,44.0,10.0,5.0,0.0,0.0,0.0,0.0,8.0,1.0,0.0,0.0,0.0,0.0,0.0,0.0,36.0,20.0,7.0,0.0,0.0,0.0,0.0,2.0,0.0,39.0,19.0,3.0,0.0,0.0,0.0,0.0,3.0,0.0,41.0,20.0,2.0,0.0,0.0,0.0,0.0,0.0,3.0,0.0,0.0,0.0,0.0,43.0,22.0,2.0,0.0,0.0,0.0,0.0,0.0,1.0,0.0,0.0,0.0,0.0,0.0,0.0,0.0,0.0,46.0,15.0,2.0,0.0,0.0,0.0,0.0,1.0,1.0,0.0,0.0,0.0,37.0,19.0,5.0,0.0,0.0,0.0,0.0,0.0,0.0,0.0,0.0,0.0,44.0,6.0,6.0,0.0,0.0,0.0,0.0,4.0,2.0,0.0,0.0,0.0,0.0,0.0,36.0,11.0,8.0,0.0,0.0,0.0,0.0,2.0,0.0,0.0,0.0,3.0,0.0,0.0,0.0,0.0,9.0,6.0,0.0,0.0,0.0,5.0,1.0,0.0,4.0,1.0,0.0,1.0,0.0,0.0,0.0,1.0,1.0,0.0,1.0,1.0,0.0,0.0,1.0,0.0,18.0,1.0,15.0,0.0,0.0,5.0,1.0,0.0,0.0,0.0,19.0,0.0,0.0,0.0,2.0,11.0,7.0,2.0,0.0,0.0,0.0,19.0,0.0,0.0,0.0,15.0,0.0,0.0,9.0,0.0,7.0,3.0,0.0,4.0,2.0,0.0,2.0,0.0,0.0,2.0,2.0,0.0,0.0,2.0,0.0,0.0,0.0,0.0,0.0,0.0,0.0,2.0,0.0,0.0,3.0,1.0,0.0,1.0,0.0,0.0,0.0,0.0,1.0,1.0,0.0,2.0,1.0,0.0,0.0,2.0,0.0,0.0,0.0,0.0,2.0,0.0,0.0,0.0,0.0,Cn1c(N(Cc2ccc(C(=O)Nc3nnn[nH]3)cc2)C2CCC(C(C)(C)C)CC2)nc2cc(OC3CCCC3)ccc21
CHEMBL480692,Active,26.0,12.0,3.0,0.0,0.0,0.0,0.0,3.0,40.0,10.0,4.0,0.0,0.0,0.0,0.0,8.0,1.0,0.0,0.0,0.0,0.0,0.0,0.0,35.0,20.0,6.0,0.0,0.0,0.0,0.0,2.0,0.0,36.0,19.0,3.0,0.0,0.0,0.0,0.0,3.0,0.0,37.0,20.0,2.0,0.0,0.0,0.0,0.0,0.0,3.0,0.0,0.0,0.0,0.0,40.0,21.0,2.0,0.0,0.0,0.0,0.0,0.0,1.0,0.0,0.0,0.0,0.0,0.0,0.0,0.0,0.0,44.0,13.0,2.0,0.0,0.0,0.0,0.0,1.0,1.0,0.0,0.0,0.0,35.0,17.0,5.0,0.0,0.0,0.0,0.0,0.0,0.0,0.0,0.0,0.0,41.0,5.0,6.0,0.0,0.0,0.0,0.0,4.0,2.0,0.0,0.0,0.0,0.0,0.0,31.0,11.0,8.0,0.0,0.0,0.0,0.0,2.0,0.0,0.0,0.0,2.0,0.0,0.0,0.0,0.0,7.0,4.0,0.0,0.0,0.0,3.0,0.0,0.0,5.0,1.0,0.0,1.0,0.0,0.0,0.0,1.0,1.0,0.0,1.0,1.0,0.0,0.0,1.0,0.0,16.0,1.0,12.0,0.0,0.0,5.0,1.0,0.0,0.0,0.0,15.0,0.0,0.0,0.0,2.0,11.0,7.0,2.0,0.0,0.0,0.0,14.0,0.0,0.0,0.0,14.0,0.0,0.0,9.0,0.0,7.0,3.0,0.0,4.0,2.0,0.0,2.0,0.0,0.0,1.0,2.0,0.0,0.0,2.0,0.0,0.0,0.0,0.0,0.0,0.0,0.0,1.0,0.0,0.0,3.0,1.0,0.0,1.0,0.0,0.0,0.0,0.0,1.0,1.0,0.0,2.0,1.0,0.0,0.0,2.0,0.0,0.0,0.0,0.0,2.0,0.0,0.0,0.0,0.0,CCCOc1ccc2c(c1)nc(N(Cc1ccc(C(=O)Nc3nnn[nH]3)cc1)C1CCC(C(C)(C)C)CC1)n2C
CHEMBL232448,Active,27.0,9.0,2.0,0.0,0.0,2.0,2.0,3.0,40.0,9.0,1.0,0.0,0.0,4.0,4.0,6.0,3.0,0.0,0.0,0.0,0.0,0.0,0.0,36.0,14.0,6.0,0.0,0.0,4.0,4.0,2.0,0.0,33.0,16.0,8.0,0.0,0.0,2.0,2.0,2.0,0.0,32.0,17.0,9.0,0.0,0.0,2.0,2.0,0.0,2.0,0.0,0.0,0.0,0.0,35.0,18.0,6.0,0.0,0.0,0.0,0.0,0.0,0.0,0.0,2.0,2.0,0.0,2.0,0.0,0.0,0.0,44.0,10.0,2.0,0.0,0.0,4.0,4.0,1.0,1.0,0.0,0.0,0.0,37.0,15.0,6.0,0.0,0.0,8.0,8.0,0.0,0.0,0.0,0.0,0.0,35.0,6.0,2.0,0.0,0.0,10.0,10.0,3.0,2.0,0.0,0.0,1.0,0.0,0.0,25.0,8.0,4.0,0.0,0.0,6.0,6.0,2.0,0.0,0.0,0.0,3.0,0.0,0.0,0.0,0.0,6.0,5.0,0.0,0.0,0.0,3.0,0.0,0.0,3.0,2.0,0.0,2.0,0.0,0.0,0.0,1.0,2.0,0.0,0.0,1.0,2.0,0.0,0.0,0.0,15.0,2.0,12.0,0.0,0.0,5.0,1.0,1.0,0.0,0.0,15.0,0.0,0.0,0.0,2.0,11.0,7.0,2.0,2.0,0.0,2.0,14.0,0.0,0.0,1.0,14.0,0.0,0.0,9.0,6.0,7.0,3.0,7.0,4.0,2.0,2.0,3.0,3.0,3.0,0.0,3.0,3.0,2.0,6.0,0.0,0.0,3.0,2.0,0.0,0.0,0.0,0.0,2.0,2.0,5.0,3.0,0.0,2.0,2.0,1.0,0.0,0.0,0.0,0.0,0.0,3.0,3.0,0.0,0.0,2.0,0.0,0.0,0.0,0.0,2.0,0.0,0.0,0.0,0.0,CC(C)(C)C1CCC(N(C(=O)Nc2cc(Cl)cc(Cl)c2)C2CCc3cc(C(=O)Nc4nn[nH]n4)ccc32)CC1
CHEMBL464663,Active,25.0,7.0,3.0,4.0,6.0,0.0,6.0,0.0,35.0,7.0,3.0,3.0,3.0,0.0,3.0,1.0,1.0,1.0,0.0,0.0,6.0,6.0,6.0,30.0,13.0,5.0,5.0,9.0,0.0,9.0,0.0,0.0,28.0,11.0,3.0,6.0,12.0,0.0,12.0,2.0,0.0,31.0,9.0,4.0,6.0,9.0,0.0,9.0,0.0,0.0,0.0,0.0,0.0,0.0,33.0,9.0,3.0,6.0,6.0,0.0,6.0,0.0,0.0,0.0,0.0,0.0,2.0,0.0,0.0,0.0,0.0,37.0,2.0,4.0,3.0,3.0,0.0,3.0,1.0,1.0,6.0,6.0,0.0,30.0,6.0,6.0,6.0,9.0,0.0,9.0,0.0,0.0,0.0,0.0,0.0,32.0,3.0,4.0,3.0,3.0,0.0,3.0,1.0,1.0,6.0,6.0,0.0,0.0,0.0,24.0,6.0,6.0,4.0,18.0,0.0,18.0,0.0,0.0,0.0,0.0,0.0,0.0,0.0,0.0,0.0,3.0,0.0,0.0,0.0,0.0,1.0,0.0,1.0,0.0,1.0,0.0,1.0,0.0,0.0,1.0,2.0,2.0,0.0,3.0,0.0,0.0,6.0,0.0,1.0,7.0,2.0,2.0,0.0,0.0,0.0,0.0,0.0,0.0,1.0,1.0,0.0,0.0,0.0,0.0,0.0,0.0,0.0,0.0,1.0,0.0,0.0,0.0,0.0,0.0,0.0,0.0,0.0,0.0,0.0,0.0,0.0,0.0,0.0,0.0,0.0,1.0,0.0,1.0,1.0,1.0,0.0,0.0,1.0,0.0,0.0,1.0,0.0,0.0,0.0,0.0,1.0,0.0,0.0,3.0,1.0,0.0,0.0,1.0,1.0,0.0,0.0,1.0,0.0,6.0,2.0,1.0,0.0,0.0,2.0,1.0,1.0,0.0,0.0,3.0,0.0,0.0,0.0,0.0,O=C(O)CCNC(=O)c1ccc(CN(c2ccc(SC(F)(F)F)cc2)c2nc(-c3ccc(C(F)(F)F)cc3)cs2)cc1
CHEMBL179181,Active,21.0,6.0,1.0,2.0,0.0,2.0,2.0,0.0,29.0,6.0,1.0,3.0,0.0,4.0,4.0,0.0,1.0,0.0,0.0,0.0,0.0,0.0,0.0,26.0,11.0,3.0,4.0,0.0,5.0,5.0,0.0,0.0,23.0,9.0,3.0,2.0,0.0,2.0,2.0,0.0,0.0,22.0,8.0,3.0,4.0,0.0,3.0,3.0,0.0,0.0,0.0,0.0,0.0,0.0,27.0,3.0,2.0,3.0,0.0,2.0,2.0,1.0,1.0,0.0,1.0,1.0,0.0,0.0,0.0,0.0,0.0,24.0,5.0,2.0,2.0,0.0,4.0,4.0,1.0,0.0,0.0,0.0,0.0,19.0,6.0,0.0,2.0,0.0,3.0,3.0,0.0,1.0,0.0,0.0,0.0,14.0,5.0,2.0,1.0,0.0,4.0,4.0,0.0,0.0,0.0,0.0,0.0,0.0,0.0,11.0,6.0,1.0,0.0,0.0,2.0,2.0,0.0,0.0,1.0,0.0,2.0,0.0,0.0,1.0,0.0,6.0,4.0,2.0,2.0,0.0,1.0,0.0,0.0,3.0,1.0,0.0,1.0,1.0,0.0,0.0,0.0,1.0,0.0,0.0,1.0,2.0,0.0,0.0,0.0,13.0,1.0,8.0,1.0,0.0,1.0,1.0,0.0,0.0,1.0,7.0,2.0,0.0,0.0,0.0,2.0,1.0,1.0,0.0,2.0,0.0,5.0,2.0,2.0,0.0,1.0,0.0,0.0,0.0,0.0,0.0,0.0,0.0,0.0,2.0,0.0,3.0,1.0,0.0,0.0,3.0,2.0,0.0,4.0,0.0,0.0,0.0,0.0,0.0,0.0,0.0,0.0,2.0,2.0,4.0,3.0,0.0,2.0,0.0,0.0,0.0,0.0,0.0,0.0,0.0,3.0,1.0,0.0,0.0,1.0,0.0,0.0,0.0,0.0,1.0,0.0,0.0,0.0,0.0,CCC(CC)C(=O)Nc1sc2c(c1C#N)CCC(N(C)Cc1ccc(Cl)cc1Cl)C2
CHEMBL2112907,Active,24.0,9.0,3.0,0.0,0.0,0.0,0.0,1.0,35.0,11.0,4.0,0.0,0.0,0.0,0.0,0.0,2.0,0.0,0.0,0.0,0.0,0.0,0.0,31.0,15.0,9.0,0.0,0.0,0.0,0.0,0.0,1.0,25.0,14.0,9.0,0.0,0.0,0.0,0.0,1.0,0.0,22.0,13.0,8.0,0.0,0.0,0.0,0.0,1.0,0.0,0.0,0.0,0.0,0.0,25.0,8.0,3.0,0.0,0.0,0.0,0.0,2.0,4.0,0.0,0.0,0.0,1.0,0.0,0.0,0.0,0.0,24.0,9.0,4.0,0.0,0.0,0.0,0.0,1.0,3.0,0.0,0.0,0.0,24.0,10.0,5.0,0.0,0.0,0.0,0.0,0.0,0.0,0.0,0.0,0.0,25.0,9.0,4.0,0.0,0.0,0.0,0.0,0.0,0.0,0.0,0.0,1.0,0.0,0.0,24.0,6.0,6.0,0.0,0.0,0.0,0.0,1.0,0.0,0.0,0.0,0.0,0.0,0.0,0.0,0.0,0.0,0.0,0.0,0.0,0.0,0.0,0.0,0.0,2.0,1.0,0.0,1.0,0.0,0.0,1.0,0.0,2.0,0.0,1.0,1.0,0.0,0.0,0.0,1.0,6.0,2.0,0.0,0.0,0.0,0.0,0.0,0.0,0.0,0.0,0.0,0.0,0.0,0.0,0.0,0.0,0.0,0.0,0.0,0.0,0.0,0.0,0.0,0.0,0.0,0.0,0.0,0.0,0.0,0.0,0.0,0.0,0.0,0.0,0.0,0.0,0.0,0.0,0.0,0.0,0.0,0.0,0.0,0.0,0.0,0.0,0.0,0.0,0.0,0.0,0.0,0.0,0.0,0.0,3.0,1.0,0.0,0.0,0.0,2.0,0.0,0.0,0.0,0.0,0.0,4.0,1.0,0.0,0.0,1.0,0.0,0.0,0.0,0.0,3.0,0.0,0.0,0.0,0.0,CN(C)c1ccc(C(=O)n2cc(C=NNC(=O)c3ccc(O)c(C#N)c3)c3ccccc32)cc1
CHEMBL284699,Inactive,23.0,2.0,3.0,0.0,0.0,0.0,0.0,0.0,31.0,4.0,3.0,0.0,0.0,0.0,0.0,0.0,0.0,0.0,0.0,0.0,0.0,0.0,0.0,34.0,7.0,4.0,0.0,0.0,0.0,0.0,0.0,0.0,42.0,2.0,5.0,0.0,0.0,0.0,0.0,1.0,0.0,42.0,3.0,8.0,0.0,0.0,0.0,0.0,0.0,0.0,0.0,0.0,0.0,0.0,40.0,3.0,8.0,0.0,0.0,0.0,0.0,0.0,0.0,0.0,0.0,0.0,0.0,0.0,0.0,0.0,0.0,29.0,2.0,7.0,0.0,0.0,0.0,0.0,0.0,1.0,0.0,0.0,1.0,19.0,1.0,7.0,0.0,0.0,0.0,0.0,0.0,0.0,0.0,0.0,0.0,11.0,0.0,2.0,0.0,0.0,0.0,0.0,0.0,0.0,0.0,0.0,0.0,0.0,0.0,4.0,0.0,1.0,0.0,0.0,0.0,0.0,0.0,0.0,0.0,0.0,2.0,2.0,0.0,0.0,2.0,5.0,0.0,0.0,0.0,0.0,3.0,2.0,0.0,6.0,0.0,0.0,0.0,0.0,0.0,1.0,0.0,0.0,0.0,0.0,0.0,0.0,0.0,1.0,1.0,13.0,0.0,8.0,0.0,0.0,0.0,0.0,0.0,0.0,0.0,5.0,0.0,0.0,0.0,0.0,0.0,0.0,0.0,0.0,0.0,0.0,2.0,0.0,0.0,0.0,1.0,0.0,0.0,0.0,0.0,0.0,0.0,0.0,0.0,0.0,0.0,0.0,0.0,0.0,0.0,0.0,0.0,0.0,0.0,0.0,0.0,0.0,0.0,0.0,0.0,0.0,0.0,0.0,0.0,0.0,0.0,0.0,0.0,0.0,0.0,0.0,0.0,2.0,1.0,0.0,0.0,0.0,0.0,0.0,0.0,0.0,0.0,0.0,0.0,2.0,0.0,0.0,0.0,0.0,CCCCCc1c(C(C)C)nc(C(C)C)c(CO)c1-c1cccc(OC)c1
CHEMBL219446,Inactive,30.0,7.0,4.0,0.0,0.0,0.0,0.0,0.0,40.0,7.0,3.0,0.0,0.0,0.0,0.0,1.0,3.0,1.0,0.0,0.0,0.0,0.0,0.0,35.0,12.0,8.0,0.0,0.0,0.0,0.0,0.0,0.0,30.0,12.0,8.0,0.0,0.0,0.0,0.0,2.0,0.0,33.0,11.0,10.0,0.0,0.0,0.0,0.0,0.0,0.0,0.0,0.0,0.0,0.0,39.0,8.0,8.0,0.0,0.0,0.0,0.0,0.0,0.0,0.0,0.0,0.0,2.0,0.0,0.0,0.0,0.0,40.0,5.0,8.0,0.0,0.0,0.0,0.0,1.0,1.0,0.0,0.0,0.0,39.0,6.0,8.0,0.0,0.0,0.0,0.0,0.0,0.0,0.0,0.0,0.0,36.0,4.0,5.0,0.0,0.0,0.0,0.0,1.0,2.0,0.0,0.0,1.0,0.0,0.0,29.0,6.0,7.0,0.0,0.0,0.0,0.0,0.0,0.0,0.0,0.0,1.0,0.0,0.0,0.0,0.0,8.0,2.0,0.0,0.0,0.0,3.0,1.0,1.0,1.0,2.0,0.0,2.0,0.0,0.0,1.0,0.0,3.0,0.0,2.0,0.0,0.0,0.0,0.0,1.0,13.0,3.0,7.0,0.0,0.0,0.0,1.0,1.0,0.0,1.0,4.0,0.0,0.0,0.0,0.0,0.0,0.0,0.0,0.0,1.0,3.0,1.0,0.0,0.0,2.0,0.0,0.0,0.0,0.0,0.0,0.0,0.0,0.0,0.0,0.0,0.0,1.0,0.0,1.0,1.0,3.0,2.0,0.0,5.0,0.0,0.0,3.0,0.0,0.0,0.0,0.0,1.0,0.0,0.0,6.0,4.0,0.0,2.0,3.0,1.0,0.0,0.0,1.0,0.0,0.0,3.0,3.0,0.0,0.0,2.0,1.0,1.0,0.0,0.0,4.0,0.0,0.0,0.0,0.0,CCCCc1ccc(NC(=O)N(Cc2ccc(C(=O)NCCC(=O)O)cc2)C2Cc3ccccc3C2)cc1
CHEMBL4852725,Active,123.0,71.0,47.0,2.0,0.0,0.0,0.0,0.0,140.0,93.0,52.0,1.0,0.0,0.0,0.0,6.0,32.0,3.0,0.0,0.0,0.0,0.0,0.0,158.0,64.0,75.0,1.0,0.0,0.0,0.0,28.0,35.0,147.0,111.0,121.0,1.0,0.0,0.0,0.0,12.0,7.0,165.0,126.0,95.0,1.0,0.0,0.0,0.0,7.0,36.0,0.0,0.0,0.0,38.0,206.0,83.0,120.0,2.0,0.0,0.0,0.0,34.0,45.0,0.0,0.0,0.0,8.0,0.0,0.0,0.0,0.0,213.0,124.0,161.0,3.0,0.0,0.0,0.0,6.0,22.0,0.0,0.0,12.0,229.0,138.0,127.0,3.0,0.0,0.0,0.0,11.0,43.0,0.0,0.0,44.0,257.0,93.0,144.0,4.0,0.0,0.0,0.0,33.0,50.0,0.0,0.0,11.0,0.0,0.0,245.0,134.0,173.0,3.0,0.0,0.0,0.0,6.0,24.0,0.0,15.0,33.0,7.0,26.0,27.0,3.0,36.0,24.0,22.0,22.0,21.0,13.0,5.0,8.0,11.0,29.0,26.0,27.0,26.0,9.0,12.0,0.0,35.0,5.0,2.0,0.0,0.0,0.0,0.0,12.0,117.0,35.0,86.0,32.0,27.0,3.0,27.0,26.0,26.0,35.0,61.0,31.0,26.0,25.0,0.0,3.0,0.0,18.0,18.0,34.0,4.0,31.0,22.0,25.0,4.0,13.0,14.0,15.0,2.0,0.0,0.0,0.0,0.0,19.0,36.0,11.0,52.0,0.0,18.0,10.0,90.0,0.0,0.0,82.0,53.0,51.0,53.0,53.0,27.0,27.0,6.0,13.0,0.0,0.0,67.0,29.0,27.0,26.0,27.0,0.0,27.0,6.0,10.0,0.0,0.0,40.0,32.0,28.0,28.0,0.0,3.0,9.0,28.0,7.0,47.0,4.0,27.0,0.0,6.0,CSCCC(NC(=O)C(CC(C)C)NC(=O)C(Cc1c[nH]c2ccccc12)NC(=O)C(CCC(N)=O)NC(=O)C(NC(=O)C(Cc1ccccc1)NC(=O)C(CC(=O)O)NC(=O)C(CCC(N)=O)NC(=O)C(C)NC(=O)C(CCCNC(=N)N)NC(=O)C(CCCNC(=N)N)NC(=O)C(CO)NC(=O)C(CC(=O)O)NC(=O)C(CC(C)C)NC(=O)C(Cc1ccc(O)cc1)NC(=O)C(CCCCN)NC(=O)C(CO)NC(=O)C(Cc1ccc(O)cc1)NC(=O)C(CCCC(=O)O)NC(=O)C(CO)NC(=O)C(NC(=O)C(Cc1ccccc1)NC(=O)C(NC(=O)CNC(=O)C(CCC(N)=O)NC(=O)C(N)CO)C(C)O)C(C)O)C(C)C)C(=O)NC(CC(N)=O)C(=O)NC(C(N)=O)C(C)O
CHEMBL4865371,Active,122.0,71.0,47.0,4.0,0.0,0.0,0.0,0.0,139.0,93.0,52.0,3.0,0.0,0.0,0.0,6.0,32.0,3.0,0.0,0.0,0.0,0.0,0.0,157.0,63.0,75.0,3.0,0.0,0.0,0.0,28.0,35.0,147.0,110.0,118.0,2.0,0.0,0.0,0.0,12.0,7.0,164.0,126.0,94.0,3.0,0.0,0.0,0.0,7.0,36.0,0.0,0.0,0.0,38.0,204.0,83.0,120.0,5.0,0.0,0.0,0.0,34.0,43.0,0.0,0.0,0.0,8.0,0.0,0.0,0.0,0.0,212.0,124.0,160.0,5.0,0.0,0.0,0.0,6.0,22.0,0.0,0.0,10.0,227.0,138.0,125.0,7.0,0.0,0.0,0.0,11.0,45.0,0.0,0.0,44.0,255.0,93.0,142.0,9.0,0.0,0.0,0.0,33.0,48.0,0.0,0.0,13.0,0.0,0.0,244.0,134.0,174.0,6.0,0.0,0.0,0.0,6.0,24.0,0.0,11.0,33.0,7.0,26.0,27.0,3.0,36.0,24.0,22.0,22.0,21.0,12.0,4.0,8.0,11.0,29.0,26.0,27.0,26.0,9.0,12.0,0.0,35.0,5.0,2.0,0.0,0.0,0.0,0.0,12.0,117.0,35.0,85.0,32.0,27.0,3.0,27.0,26.0,26.0,35.0,59.0,31.0,26.0,25.0,0.0,3.0,0.0,17.0,17.0,34.0,4.0,28.0,21.0,23.0,4.0,11.0,13.0,13.0,1.0,0.0,0.0,0.0,0.0,17.0,34.0,10.0,51.0,0.0,17.0,10.0,90.0,0.0,0.0,82.0,53.0,51.0,53.0,53.0,27.0,27.0,6.0,13.0,0.0,0.0,67.0,29.0,27.0,26.0,27.0,0.0,27.0,6.0,10.0,0.0,0.0,40.0,32.0,28.0,28.0,0.0,3.0,9.0,28.0,7.0,47.0,4.0,27.0,0.0,6.0,CSCCC(NC(=O)C(CC(C)C)NC(=O)C(Cc1c[nH]c2ccccc12)NC(=O)C(CCC(N)=O)NC(=O)C(NC(=O)C(Cc1ccccc1)NC(=O)C(CC(=O)O)NC(=O)C(CCC(N)=O)NC(=O)C(C)NC(=O)C(CCCNC(=N)N)NC(=O)C(CCCNC(=N)N)NC(=O)C(CO)NC(=O)C(CC(=O)O)NC(=O)C(CC(C)C)NC(=O)C(Cc1ccc(O)cc1)NC(=O)C(CCCCN)NC(=O)C(CO)NC(=O)C(Cc1ccc(O)cc1)NC(=O)C(CSCCC(=O)O)NC(=O)C(CO)NC(=O)C(NC(=O)C(Cc1ccccc1)NC(=O)C(NC(=O)CNC(=O)C(CCC(N)=O)NC(=O)C(N)CO)C(C)O)C(C)O)C(C)C)C(=O)NC(CC(N)=O)C(=O)NC(C(N)=O)C(C)O
CHEMBL4865509,Active,115.0,64.0,42.0,2.0,0.0,0.0,0.0,0.0,132.0,84.0,47.0,1.0,0.0,0.0,0.0,6.0,28.0,3.0,0.0,0.0,0.0,0.0,0.0,147.0,60.0,68.0,1.0,0.0,0.0,0.0,25.0,31.0,136.0,102.0,110.0,1.0,0.0,0.0,0.0,11.0,6.0,154.0,115.0,86.0,1.0,0.0,0.0,0.0,6.0,34.0,0.0,0.0,0.0,34.0,193.0,77.0,110.0,2.0,0.0,0.0,0.0,30.0,39.0,0.0,0.0,0.0,9.0,0.0,0.0,0.0,0.0,200.0,114.0,149.0,3.0,0.0,0.0,0.0,6.0,18.0,0.0,0.0,10.0,215.0,126.0,118.0,3.0,0.0,0.0,0.0,10.0,41.0,0.0,0.0,38.0,238.0,88.0,131.0,4.0,0.0,0.0,0.0,29.0,43.0,0.0,0.0,13.0,0.0,0.0,224.0,124.0,160.0,3.0,0.0,0.0,0.0,6.0,21.0,0.0,12.0,31.0,7.0,24.0,25.0,3.0,31.0,22.0,20.0,20.0,20.0,11.0,4.0,6.0,11.0,26.0,24.0,24.0,24.0,8.0,11.0,0.0,31.0,4.0,2.0,0.0,0.0,0.0,0.0,11.0,106.0,31.0,78.0,28.0,24.0,3.0,25.0,24.0,24.0,31.0,56.0,28.0,24.0,24.0,0.0,3.0,0.0,17.0,16.0,31.0,4.0,28.0,20.0,23.0,4.0,11.0,12.0,13.0,1.0,0.0,0.0,0.0,0.0,16.0,33.0,10.0,48.0,0.0,16.0,9.0,81.0,0.0,0.0,74.0,48.0,48.0,48.0,48.0,24.0,24.0,5.0,12.0,0.0,0.0,60.0,26.0,24.0,24.0,24.0,0.0,24.0,5.0,9.0,0.0,0.0,36.0,28.0,25.0,25.0,0.0,3.0,8.0,25.0,6.0,42.0,4.0,24.0,0.0,5.0,CSCCC(NC(=O)C(CC(C)C)NC(=O)C(Cc1c[nH]c2ccccc12)NC(=O)C(CCC(N)=O)NC(=O)C(NC(=O)C(Cc1ccccc1)NC(=O)C(CC(=O)O)NC(=O)C(CCC(N)=O)NC(=O)C(C)NC(=O)C(CCCNC(=N)N)NC(=O)C(CCCNC(=N)N)NC(=O)C(CO)NC(=O)C(CC(=O)O)NC(=O)C(CC(C)C)NC(=O)C(Cc1ccc(O)cc1)NC(=O)C(CCCCN)NC(=O)C(CO)NC(=O)C(Cc1ccc(O)cc1)NC(=O)C(CCC(=O)O)NC(=O)C(CO)NC(=O)C(NC(=O)C(Cc1ccccc1)NC(=O)C(N)C(C)O)C(C)O)C(C)C)C(=O)NC(CC(N)=O)C(=O)NC(C(N)=O)C(C)O
CHEMBL437471,Inactive,103.0,60.0,39.0,2.0,0.0,0.0,0.0,0.0,118.0,78.0,43.0,1.0,0.0,0.0,0.0,6.0,26.0,3.0,0.0,0.0,0.0,0.0,0.0,132.0,56.0,63.0,1.0,0.0,0.0,0.0,23.0,28.0,123.0,94.0,101.0,1.0,0.0,0.0,0.0,10.0,5.0,139.0,105.0,78.0,1.0,0.0,0.0,0.0,6.0,32.0,0.0,0.0,0.0,31.0,174.0,70.0,99.0,2.0,0.0,0.0,0.0,28.0,36.0,0.0,0.0,0.0,9.0,0.0,0.0,0.0,0.0,180.0,105.0,134.0,3.0,0.0,0.0,0.0,6.0,17.0,0.0,0.0,9.0,194.0,116.0,105.0,3.0,0.0,0.0,0.0,10.0,39.0,0.0,0.0,34.0,218.0,82.0,117.0,4.0,0.0,0.0,0.0,27.0,39.0,0.0,0.0,13.0,0.0,0.0,208.0,117.0,145.0,3.0,0.0,0.0,0.0,6.0,20.0,0.0,10.0,28.0,6.0,22.0,23.0,3.0,30.0,21.0,19.0,19.0,19.0,11.0,4.0,6.0,10.0,22.0,22.0,22.0,22.0,10.0,10.0,0.0,29.0,4.0,2.0,0.0,0.0,0.0,0.0,10.0,99.0,29.0,73.0,26.0,22.0,3.0,23.0,22.0,22.0,29.0,53.0,26.0,22.0,22.0,0.0,3.0,0.0,16.0,15.0,29.0,3.0,27.0,19.0,22.0,3.0,11.0,12.0,13.0,1.0,0.0,0.0,0.0,0.0,16.0,32.0,10.0,45.0,0.0,15.0,8.0,75.0,0.0,0.0,66.0,44.0,44.0,44.0,44.0,22.0,22.0,4.0,10.0,0.0,0.0,56.0,22.0,22.0,22.0,22.0,0.0,22.0,4.0,8.0,0.0,0.0,34.0,26.0,23.0,23.0,0.0,3.0,7.0,23.0,5.0,39.0,3.0,22.0,0.0,4.0,CSCCC(NC(=O)C(CC(C)C)NC(=O)C(Cc1c[nH]c2ccccc12)NC(=O)C(CCC(N)=O)NC(=O)C(NC(=O)C(Cc1ccccc1)NC(=O)C(CC(=O)O)NC(=O)C(CCC(N)=O)NC(=O)C(C)NC(=O)C(CCCN=C(N)N)NC(=O)C(CCCN=C(N)N)NC(=O)C(CO)NC(=O)C(CC(=O)O)NC(=O)C(CC(C)C)NC(=O)C(Cc1ccc(O)cc1)NC(=O)C(CCCCN)NC(=O)C(CO)NC(=O)C(Cc1ccc(O)cc1)NC(=O)C(CCC(=O)O)NC(=O)C(CO)NC(=O)C(N)C(C)O)C(C)C)C(=O)NC(CC(N)=O)C(=O)NC(C(N)=O)C(C)O
CHEMBL4860642,Inactive,112.0,62.0,40.0,4.0,0.0,0.0,0.0,0.0,129.0,81.0,44.0,3.0,0.0,0.0,0.0,6.0,27.0,3.0,0.0,0.0,0.0,0.0,0.0,143.0,57.0,65.0,3.0,0.0,0.0,0.0,24.0,29.0,133.0,98.0,103.0,2.0,0.0,0.0,0.0,10.0,5.0,147.0,113.0,82.0,3.0,0.0,0.0,0.0,6.0,31.0,0.0,0.0,0.0,33.0,182.0,76.0,105.0,5.0,0.0,0.0,0.0,29.0,36.0,0.0,0.0,0.0,7.0,0.0,0.0,0.0,0.0,191.0,109.0,139.0,5.0,0.0,0.0,0.0,6.0,19.0,0.0,0.0,7.0,206.0,122.0,107.0,7.0,0.0,0.0,0.0,10.0,40.0,0.0,0.0,38.0,229.0,86.0,126.0,9.0,0.0,0.0,0.0,28.0,39.0,0.0,0.0,11.0,0.0,0.0,222.0,121.0,150.0,6.0,0.0,0.0,0.0,6.0,22.0,0.0,8.0,29.0,6.0,23.0,24.0,3.0,32.0,22.0,20.0,20.0,19.0,11.0,4.0,6.0,10.0,25.0,23.0,23.0,23.0,8.0,10.0,0.0,30.0,4.0,2.0,0.0,0.0,0.0,0.0,10.0,103.0,30.0,75.0,27.0,23.0,3.0,24.0,23.0,23.0,30.0,53.0,27.0,23.0,23.0,0.0,3.0,0.0,15.0,15.0,30.0,4.0,25.0,18.0,20.0,4.0,10.0,11.0,11.0,1.0,0.0,0.0,0.0,0.0,15.0,30.0,9.0,45.0,0.0,15.0,8.0,78.0,0.0,0.0,71.0,46.0,46.0,46.0,46.0,23.0,23.0,5.0,10.0,0.0,0.0,58.0,25.0,23.0,23.0,23.0,0.0,23.0,5.0,8.0,0.0,0.0,35.0,27.0,24.0,24.0,0.0,3.0,7.0,24.0,5.0,40.0,4.0,23.0,0.0,5.0,CSCCC(NC(=O)C(CC(C)C)NC(=O)C(Cc1c[nH]c2ccccc12)NC(=O)C(CCC(N)=O)NC(=O)C(NC(=O)C(Cc1ccccc1)NC(=O)C(CC(=O)O)NC(=O)C(CCC(N)=O)NC(=O)C(C)NC(=O)C(CCCNC(=N)N)NC(=O)C(CCCNC(=N)N)NC(=O)C(CO)NC(=O)C(CC(=O)O)NC(=O)C(CC(C)C)NC(=O)C(Cc1ccc(O)cc1)NC(=O)C(CCCCN)NC(=O)C(CO)NC(=O)C(Cc1ccc(O)cc1)NC(=O)C(CSCCC(=O)O)NC(=O)C(CO)NC(=O)C(NC(=O)C(N)Cc1ccccc1)C(C)O)C(C)C)C(=O)NC(CC(N)=O)C(=O)NC(C(N)=O)C(C)O
CHEMBL4876499,Active,113.0,63.0,41.0,2.0,0.0,0.0,0.0,0.0,130.0,82.0,45.0,1.0,0.0,0.0,0.0,6.0,28.0,3.0,0.0,0.0,0.0,0.0,0.0,146.0,58.0,66.0,1.0,0.0,0.0,0.0,24.0,29.0,135.0,100.0,109.0,1.0,0.0,0.0,0.0,10.0,5.0,151.0,113.0,85.0,1.0,0.0,0.0,0.0,6.0,34.0,0.0,0.0,0.0,34.0,190.0,75.0,107.0,2.0,0.0,0.0,0.0,29.0,38.0,0.0,0.0,0.0,9.0,0.0,0.0,0.0,0.0,196.0,110.0,147.0,3.0,0.0,0.0,0.0,6.0,17.0,0.0,0.0,9.0,208.0,122.0,115.0,3.0,0.0,0.0,0.0,10.0,41.0,0.0,0.0,38.0,232.0,85.0,125.0,4.0,0.0,0.0,0.0,28.0,41.0,0.0,0.0,13.0,0.0,0.0,221.0,122.0,156.0,3.0,0.0,0.0,0.0,6.0,20.0,0.0,10.0,29.0,6.0,24.0,24.0,3.0,31.0,22.0,20.0,20.0,20.0,11.0,4.0,6.0,11.0,26.0,24.0,24.0,23.0,7.0,10.0,0.0,31.0,4.0,2.0,0.0,0.0,0.0,0.0,10.0,104.0,31.0,76.0,28.0,24.0,3.0,24.0,24.0,24.0,31.0,54.0,27.0,23.0,23.0,0.0,3.0,0.0,16.0,16.0,30.0,4.0,27.0,19.0,22.0,4.0,11.0,12.0,13.0,1.0,0.0,0.0,0.0,0.0,16.0,32.0,10.0,46.0,0.0,16.0,8.0,79.0,0.0,0.0,74.0,48.0,46.0,48.0,48.0,24.0,24.0,5.0,10.0,0.0,0.0,59.0,26.0,24.0,24.0,24.0,0.0,24.0,5.0,8.0,0.0,0.0,35.0,28.0,24.0,24.0,0.0,3.0,7.0,24.0,5.0,41.0,4.0,24.0,0.0,5.0,CSCCC(NC(=O)C(CC(C)C)NC(=O)C(Cc1c[nH]c2ccccc12)NC(=O)C(CCC(N)=O)NC(=O)C(NC(=O)C(Cc1ccccc1)NC(=O)C(CC(=O)O)NC(=O)C(CCC(N)=O)NC(=O)C(C)NC(=O)C(CCCNC(=N)N)NC(=O)C(CCCNC(=N)N)NC(=O)C(CO)NC(=O)C(CC(=O)O)NC(=O)C(CC(C)C)NC(=O)C(Cc1ccc(O)cc1)NC(=O)C(CCCCN)NC(=O)C(CO)NC(=O)C(Cc1ccc(O)cc1)NC(=O)C(CCC(=O)O)NC(=O)C(CO)NC(=O)C(NC(=O)C(Cc1ccccc1)NC(C)=O)C(C)O)C(C)C)C(=O)NC(CC(N)=O)C(=O)NC(C(N)=O)C(C)O
CHEMBL4870505,Inactive,113.0,61.0,40.0,2.0,0.0,0.0,0.0,0.0,131.0,79.0,44.0,1.0,0.0,0.0,0.0,6.0,27.0,3.0,0.0,0.0,0.0,0.0,0.0,144.0,58.0,66.0,1.0,0.0,0.0,0.0,23.0,28.0,135.0,96.0,106.0,1.0,0.0,0.0,0.0,10.0,5.0,151.0,108.0,83.0,1.0,0.0,0.0,0.0,6.0,33.0,0.0,0.0,0.0,33.0,185.0,74.0,106.0,2.0,0.0,0.0,0.0,28.0,36.0,0.0,0.0,0.0,9.0,0.0,0.0,0.0,0.0,191.0,108.0,141.0,3.0,0.0,0.0,0.0,6.0,17.0,0.0,0.0,9.0,207.0,119.0,111.0,3.0,0.0,0.0,0.0,10.0,40.0,0.0,0.0,36.0,229.0,86.0,126.0,4.0,0.0,0.0,0.0,27.0,39.0,0.0,0.0,13.0,0.0,0.0,220.0,120.0,152.0,3.0,0.0,0.0,0.0,6.0,20.0,0.0,10.0,29.0,7.0,23.0,24.0,3.0,31.0,22.0,20.0,20.0,19.0,11.0,4.0,6.0,11.0,25.0,23.0,23.0,23.0,7.0,10.0,0.0,30.0,4.0,2.0,0.0,0.0,0.0,0.0,10.0,103.0,30.0,76.0,27.0,23.0,4.0,23.0,23.0,23.0,30.0,56.0,28.0,24.0,24.0,0.0,3.0,0.0,16.0,16.0,31.0,4.0,27.0,19.0,22.0,5.0,11.0,12.0,13.0,1.0,0.0,0.0,0.0,0.0,16.0,32.0,10.0,47.0,0.0,16.0,8.0,76.0,0.0,0.0,71.0,46.0,48.0,46.0,46.0,23.0,23.0,5.0,10.0,0.0,0.0,57.0,25.0,23.0,23.0,23.0,0.0,23.0,5.0,8.0,0.0,0.0,34.0,27.0,23.0,23.0,0.0,3.0,7.0,23.0,5.0,40.0,4.0,23.0,0.0,5.0,CSCCC(NC(=O)C(CC(C)C)NC(=O)C(Cc1c[nH]c2ccccc12)NC(=O)C(CCC(N)=O)NC(=O)C(NC(=O)C(Cc1ccccc1)NC(=O)C(CC(=O)O)NC(=O)C(CCC(N)=O)NC(=O)C(C)NC(=O)C(CCCNC(=N)N)NC(=O)C(CCCNC(=N)N)NC(=O)C(CO)NC(=O)C(CC(=O)O)NC(=O)C(CC(C)C)NC(=O)C(Cc1ccc(O)cc1)NC(=O)C(CCCCN)NC(=O)C(CO)NC(=O)C(Cc1ccc(O)cc1)NC(=O)C(CCC(=O)O)NC(=O)C(CO)NC(=O)C(NC(=O)C(C)Cc1ccccc1)C(C)O)C(C)C)C(=O)NC(CC(N)=O)C(=O)NC(C(N)=O)C(C)O
CHEMBL4870133,Active,113.0,61.0,42.0,2.0,0.0,0.0,0.0,0.0,131.0,79.0,46.0,1.0,0.0,0.0,0.0,6.0,27.0,4.0,0.0,0.0,0.0,0.0,0.0,144.0,58.0,70.0,1.0,0.0,0.0,0.0,23.0,28.0,135.0,96.0,108.0,1.0,0.0,0.0,0.0,12.0,7.0,151.0,108.0,89.0,1.0,0.0,0.0,0.0,6.0,33.0,0.0,0.0,0.0,33.0,185.0,74.0,114.0,2.0,0.0,0.0,0.0,28.0,36.0,0.0,0.0,0.0,9.0,0.0,0.0,0.0,0.0,191.0,108.0,145.0,3.0,0.0,0.0,0.0,6.0,19.0,0.0,0.0,13.0,207.0,119.0,113.0,3.0,0.0,0.0,0.0,10.0,40.0,0.0,0.0,36.0,229.0,86.0,130.0,4.0,0.0,0.0,0.0,27.0,39.0,0.0,0.0,13.0,0.0,0.0,220.0,120.0,152.0,3.0,0.0,0.0,0.0,6.0,22.0,0.0,14.0,29.0,6.0,23.0,25.0,3.0,31.0,22.0,21.0,20.0,19.0,11.0,4.0,6.0,10.0,25.0,23.0,23.0,23.0,7.0,11.0,0.0,31.0,4.0,2.0,0.0,0.0,0.0,0.0,11.0,103.0,31.0,76.0,27.0,23.0,4.0,23.0,23.0,23.0,31.0,56.0,28.0,24.0,24.0,0.0,3.0,0.0,16.0,16.0,33.0,4.0,27.0,19.0,22.0,5.0,11.0,12.0,13.0,1.0,0.0,0.0,0.0,0.0,16.0,32.0,10.0,47.0,0.0,16.0,10.0,76.0,0.0,0.0,71.0,46.0,48.0,46.0,46.0,23.0,23.0,5.0,11.0,0.0,0.0,57.0,25.0,23.0,23.0,23.0,0.0,23.0,5.0,9.0,0.0,0.0,34.0,27.0,23.0,23.0,0.0,4.0,8.0,23.0,5.0,42.0,5.0,23.0,0.0,5.0,CSCCC(NC(=O)C(CC(C)C)NC(=O)C(Cc1c[nH]c2ccccc12)NC(=O)C(CCC(N)=O)NC(=O)C(NC(=O)C(Cc1ccccc1)NC(=O)C(CC(=O)O)NC(=O)C(CCC(N)=O)NC(=O)C(C)NC(=O)C(CCCNC(=N)N)NC(=O)C(CCCNC(=N)N)NC(=O)C(CO)NC(=O)C(CC(=O)O)NC(=O)C(CC(C)C)NC(=O)C(Cc1ccc(O)cc1)NC(=O)C(CCCCN)NC(=O)C(CO)NC(=O)C(Cc1ccc(O)cc1)NC(=O)C(CCC(=O)O)NC(=O)C(CO)NC(=O)C(NC(=O)C(Cc1ccccc1)C(=O)O)C(C)O)C(C)C)C(=O)NC(CC(N)=O)C(=O)NC(C(N)=O)C(C)O
CHEMBL4853767,Active,111.0,60.0,42.0,2.0,0.0,0.0,0.0,0.0,128.0,78.0,47.0,1.0,0.0,0.0,0.0,6.0,26.0,4.0,0.0,0.0,0.0,0.0,0.0,142.0,56.0,67.0,1.0,0.0,0.0,0.0,22.0,30.0,131.0,93.0,111.0,1.0,0.0,0.0,0.0,11.0,6.0,146.0,106.0,87.0,1.0,0.0,0.0,0.0,6.0,32.0,0.0,0.0,0.0,36.0,181.0,72.0,108.0,2.0,0.0,0.0,0.0,27.0,36.0,0.0,0.0,0.0,11.0,0.0,0.0,0.0,0.0,187.0,105.0,146.0,3.0,0.0,0.0,0.0,6.0,19.0,0.0,0.0,7.0,203.0,117.0,110.0,3.0,0.0,0.0,0.0,9.0,39.0,0.0,0.0,42.0,225.0,84.0,128.0,4.0,0.0,0.0,0.0,26.0,39.0,0.0,0.0,13.0,0.0,0.0,214.0,117.0,157.0,3.0,0.0,0.0,0.0,6.0,22.0,0.0,8.0,29.0,6.0,23.0,24.0,3.0,30.0,22.0,20.0,20.0,19.0,10.0,4.0,6.0,10.0,25.0,23.0,23.0,23.0,6.0,12.0,0.0,30.0,3.0,2.0,0.0,0.0,0.0,0.0,12.0,101.0,30.0,74.0,26.0,22.0,3.0,23.0,23.0,22.0,30.0,53.0,26.0,23.0,23.0,0.0,3.0,0.0,16.0,16.0,30.0,4.0,26.0,18.0,22.0,4.0,10.0,11.0,11.0,1.0,0.0,0.0,0.0,0.0,15.0,30.0,9.0,45.0,0.0,16.0,9.0,75.0,0.0,0.0,71.0,46.0,46.0,46.0,46.0,22.0,23.0,8.0,13.0,0.0,0.0,56.0,25.0,23.0,23.0,23.0,0.0,22.0,7.0,10.0,0.0,0.0,33.0,26.0,22.0,23.0,0.0,4.0,7.0,22.0,7.0,42.0,4.0,23.0,0.0,6.0,CSCCC(NC(=O)C(CC(C)C)NC(=O)C(Cc1c[nH]c2ccccc12)NC(=O)C(CCC(N)=O)NC(=O)C(NC(=O)C(Cc1ccccc1)NC(=O)C(CC(=O)O)NC(=O)C(CCC(N)=O)NC(=O)C(C)NC(=O)C(CCCNC(=N)N)NC(=O)C(CCCNC(=N)N)NC(=O)C(CO)NC(=O)C(CC(=O)O)NC(=O)C(CC(C)C)NC(=O)C(Cc1ccc(O)cc1)NC(=O)C(CCCCN)NC(=O)C(CO)NC(=O)C(Cc1ccc(O)cc1)NC(=O)C(CC(=O)O)NC(=O)C(CO)NC(=O)C(NC(=O)C(O)Cc1ccccc1)C(C)O)C(C)C)C(=O)NC(CC(N)=O)C(=O)NC(C(=O)O)C(C)O
CHEMBL2159337,Active,32.0,5.0,5.0,0.0,3.0,2.0,5.0,1.0,42.0,11.0,5.0,0.0,0.0,4.0,4.0,0.0,1.0,1.0,3.0,3.0,3.0,3.0,3.0,43.0,13.0,7.0,0.0,3.0,4.0,7.0,0.0,0.0,39.0,14.0,5.0,0.0,6.0,4.0,10.0,2.0,0.0,42.0,11.0,6.0,0.0,6.0,2.0,8.0,0.0,0.0,0.0,2.0,2.0,0.0,47.0,8.0,4.0,0.0,6.0,2.0,8.0,0.0,0.0,0.0,2.0,2.0,2.0,0.0,0.0,0.0,0.0,48.0,5.0,6.0,0.0,6.0,4.0,10.0,1.0,1.0,0.0,0.0,0.0,46.0,3.0,6.0,0.0,3.0,8.0,11.0,1.0,2.0,0.0,0.0,0.0,38.0,6.0,7.0,0.0,3.0,8.0,11.0,0.0,1.0,0.0,0.0,0.0,0.0,0.0,31.0,6.0,8.0,0.0,3.0,8.0,11.0,0.0,0.0,3.0,0.0,1.0,1.0,0.0,0.0,0.0,2.0,0.0,0.0,0.0,0.0,1.0,0.0,1.0,1.0,1.0,0.0,1.0,0.0,0.0,1.0,1.0,2.0,0.0,1.0,2.0,2.0,3.0,1.0,1.0,7.0,2.0,3.0,0.0,0.0,0.0,0.0,0.0,0.0,1.0,1.0,0.0,0.0,0.0,0.0,0.0,0.0,0.0,0.0,1.0,1.0,0.0,0.0,0.0,0.0,0.0,0.0,0.0,0.0,0.0,0.0,0.0,0.0,0.0,0.0,0.0,1.0,0.0,1.0,1.0,1.0,0.0,0.0,1.0,0.0,0.0,1.0,0.0,0.0,0.0,0.0,1.0,2.0,2.0,2.0,1.0,0.0,0.0,1.0,0.0,0.0,0.0,2.0,1.0,3.0,1.0,1.0,0.0,0.0,1.0,1.0,1.0,0.0,0.0,4.0,0.0,0.0,3.0,0.0,CC(c1ccc(C(=O)NCCC(=O)O)cc1)n1nc(-c2cc(Cl)cc(Cl)c2)cc1-c1ccc2cc(OC(F)(F)F)ccc2c1
CHEMBL107388,Inactive,19.0,2.0,4.0,0.0,0.0,0.0,0.0,1.0,24.0,4.0,7.0,0.0,0.0,0.0,0.0,0.0,1.0,0.0,0.0,0.0,0.0,0.0,0.0,21.0,6.0,9.0,0.0,0.0,0.0,0.0,0.0,1.0,12.0,9.0,9.0,0.0,0.0,0.0,0.0,0.0,0.0,8.0,9.0,5.0,0.0,0.0,0.0,0.0,0.0,1.0,0.0,0.0,0.0,1.0,9.0,5.0,2.0,0.0,0.0,0.0,0.0,0.0,3.0,0.0,0.0,0.0,1.0,0.0,0.0,0.0,0.0,13.0,1.0,4.0,0.0,0.0,0.0,0.0,0.0,2.0,0.0,0.0,0.0,15.0,0.0,6.0,0.0,0.0,0.0,0.0,0.0,0.0,0.0,0.0,0.0,15.0,0.0,5.0,0.0,0.0,0.0,0.0,0.0,0.0,0.0,0.0,1.0,0.0,0.0,11.0,0.0,7.0,0.0,0.0,0.0,0.0,0.0,0.0,0.0,0.0,0.0,0.0,0.0,0.0,0.0,0.0,0.0,0.0,0.0,0.0,0.0,0.0,0.0,0.0,1.0,0.0,1.0,0.0,0.0,3.0,0.0,1.0,0.0,0.0,1.0,0.0,0.0,0.0,3.0,2.0,1.0,0.0,0.0,0.0,0.0,0.0,0.0,0.0,0.0,0.0,0.0,0.0,0.0,0.0,0.0,0.0,0.0,0.0,0.0,0.0,0.0,0.0,0.0,0.0,0.0,0.0,0.0,0.0,0.0,0.0,0.0,0.0,0.0,0.0,0.0,0.0,0.0,0.0,0.0,0.0,0.0,0.0,0.0,0.0,0.0,0.0,0.0,0.0,0.0,0.0,0.0,0.0,0.0,1.0,0.0,0.0,0.0,0.0,0.0,0.0,0.0,0.0,0.0,0.0,2.0,1.0,0.0,0.0,1.0,0.0,0.0,0.0,0.0,4.0,0.0,0.0,0.0,0.0,O=C(NN=Cc1ccc(O)c2ccccc12)c1ccc(O)c(O)c1
CHEMBL2112991,Inactive,15.0,6.0,2.0,2.0,0.0,0.0,0.0,0.0,19.0,7.0,3.0,3.0,0.0,0.0,0.0,1.0,2.0,0.0,0.0,0.0,0.0,0.0,0.0,16.0,11.0,5.0,3.0,0.0,0.0,0.0,0.0,0.0,11.0,14.0,7.0,2.0,0.0,0.0,0.0,0.0,0.0,16.0,6.0,6.0,3.0,0.0,0.0,0.0,1.0,1.0,0.0,0.0,0.0,0.0,17.0,4.0,3.0,3.0,0.0,0.0,0.0,2.0,2.0,0.0,0.0,0.0,0.0,0.0,0.0,0.0,0.0,17.0,6.0,1.0,2.0,0.0,0.0,0.0,1.0,1.0,0.0,0.0,1.0,13.0,7.0,3.0,0.0,0.0,0.0,0.0,0.0,1.0,0.0,0.0,0.0,6.0,7.0,3.0,0.0,0.0,0.0,0.0,0.0,0.0,0.0,0.0,0.0,0.0,0.0,7.0,4.0,1.0,0.0,0.0,0.0,0.0,0.0,0.0,0.0,0.0,2.0,1.0,0.0,1.0,1.0,3.0,3.0,2.0,2.0,0.0,0.0,0.0,0.0,5.0,1.0,0.0,1.0,1.0,0.0,0.0,0.0,1.0,0.0,0.0,0.0,0.0,0.0,0.0,0.0,12.0,1.0,8.0,1.0,0.0,2.0,0.0,0.0,0.0,1.0,8.0,2.0,0.0,0.0,0.0,2.0,1.0,0.0,0.0,2.0,0.0,4.0,2.0,2.0,0.0,1.0,0.0,0.0,0.0,0.0,0.0,0.0,0.0,0.0,2.0,0.0,2.0,0.0,0.0,0.0,1.0,0.0,0.0,0.0,0.0,0.0,0.0,0.0,0.0,0.0,0.0,0.0,0.0,0.0,1.0,0.0,0.0,0.0,0.0,0.0,0.0,0.0,0.0,0.0,0.0,2.0,1.0,0.0,0.0,0.0,0.0,0.0,0.0,0.0,1.0,0.0,0.0,0.0,0.0,CCC(CC)C(=O)Nc1sc(-c2nc(CC(C)C)no2)c(C)c1C#N
CHEMBL160372,Inactive,15.0,4.0,0.0,0.0,0.0,1.0,1.0,0.0,19.0,6.0,0.0,0.0,0.0,2.0,2.0,0.0,0.0,0.0,0.0,0.0,0.0,0.0,0.0,17.0,5.0,0.0,0.0,0.0,2.0,2.0,0.0,0.0,14.0,5.0,0.0,0.0,0.0,1.0,1.0,0.0,0.0,13.0,2.0,0.0,0.0,0.0,1.0,1.0,1.0,0.0,0.0,0.0,0.0,0.0,10.0,2.0,0.0,0.0,0.0,1.0,1.0,0.0,0.0,0.0,1.0,1.0,0.0,0.0,0.0,0.0,0.0,9.0,1.0,0.0,0.0,0.0,2.0,2.0,0.0,0.0,0.0,0.0,0.0,6.0,2.0,0.0,0.0,0.0,1.0,1.0,0.0,0.0,0.0,0.0,0.0,2.0,2.0,0.0,0.0,0.0,2.0,2.0,0.0,0.0,0.0,0.0,0.0,0.0,0.0,0.0,1.0,0.0,0.0,0.0,2.0,2.0,0.0,0.0,0.0,0.0,0.0,0.0,0.0,0.0,0.0,0.0,0.0,0.0,0.0,0.0,0.0,0.0,0.0,0.0,0.0,0.0,0.0,0.0,0.0,0.0,0.0,0.0,0.0,1.0,0.0,1.0,0.0,0.0,0.0,0.0,0.0,0.0,0.0,0.0,0.0,0.0,0.0,0.0,0.0,0.0,0.0,0.0,0.0,0.0,0.0,0.0,0.0,0.0,0.0,0.0,0.0,0.0,0.0,0.0,0.0,0.0,0.0,0.0,0.0,0.0,0.0,0.0,0.0,0.0,0.0,0.0,0.0,0.0,0.0,0.0,0.0,0.0,0.0,0.0,0.0,0.0,0.0,0.0,0.0,0.0,0.0,1.0,1.0,0.0,0.0,0.0,0.0,0.0,0.0,0.0,0.0,0.0,0.0,0.0,0.0,0.0,0.0,0.0,0.0,0.0,0.0,0.0,0.0,0.0,0.0,0.0,0.0,0.0,Clc1ccc(-c2ccc(-c3ccncc3)[nH]2)cc1
CHEMBL380387,Inactive,24.0,3.0,3.0,0.0,0.0,0.0,0.0,0.0,32.0,3.0,5.0,0.0,0.0,0.0,0.0,0.0,0.0,0.0,0.0,0.0,0.0,0.0,0.0,31.0,1.0,7.0,0.0,0.0,0.0,0.0,0.0,0.0,28.0,0.0,6.0,0.0,0.0,0.0,0.0,1.0,0.0,24.0,1.0,7.0,0.0,0.0,0.0,0.0,0.0,0.0,0.0,0.0,0.0,0.0,21.0,2.0,4.0,0.0,0.0,0.0,0.0,0.0,0.0,0.0,0.0,0.0,1.0,0.0,0.0,0.0,0.0,20.0,2.0,3.0,0.0,0.0,0.0,0.0,0.0,0.0,0.0,0.0,0.0,17.0,1.0,4.0,0.0,0.0,0.0,0.0,0.0,0.0,0.0,0.0,0.0,13.0,1.0,4.0,0.0,0.0,0.0,0.0,0.0,0.0,0.0,0.0,0.0,0.0,0.0,12.0,1.0,1.0,0.0,0.0,0.0,0.0,0.0,1.0,0.0,0.0,0.0,0.0,0.0,0.0,0.0,7.0,0.0,0.0,0.0,0.0,5.0,2.0,0.0,0.0,0.0,0.0,0.0,0.0,0.0,0.0,0.0,1.0,0.0,1.0,0.0,0.0,0.0,1.0,0.0,8.0,1.0,5.0,0.0,0.0,0.0,0.0,0.0,0.0,0.0,3.0,0.0,0.0,0.0,0.0,0.0,0.0,0.0,0.0,0.0,0.0,1.0,0.0,0.0,0.0,0.0,0.0,0.0,0.0,0.0,0.0,0.0,0.0,0.0,1.0,0.0,3.0,2.0,0.0,1.0,3.0,3.0,3.0,6.0,0.0,0.0,0.0,3.0,0.0,0.0,0.0,1.0,0.0,0.0,3.0,3.0,0.0,0.0,0.0,0.0,0.0,0.0,1.0,1.0,0.0,1.0,0.0,0.0,0.0,0.0,0.0,1.0,0.0,0.0,2.0,0.0,0.0,0.0,0.0,O=C(c1ccc(OCCCN2CCCC2)cc1)c1cccc2ccccc12
CHEMBL152293,Active,26.0,5.0,2.0,0.0,0.0,1.0,1.0,1.0,36.0,8.0,3.0,0.0,0.0,2.0,2.0,0.0,1.0,0.0,0.0,0.0,0.0,0.0,0.0,34.0,10.0,4.0,0.0,0.0,2.0,2.0,0.0,1.0,24.0,15.0,4.0,0.0,0.0,2.0,2.0,0.0,0.0,24.0,9.0,3.0,0.0,0.0,0.0,0.0,1.0,0.0,0.0,1.0,1.0,0.0,29.0,5.0,2.0,0.0,0.0,0.0,0.0,1.0,1.0,0.0,1.0,1.0,1.0,0.0,0.0,0.0,0.0,29.0,3.0,3.0,0.0,0.0,1.0,1.0,0.0,1.0,0.0,0.0,0.0,27.0,4.0,3.0,0.0,0.0,1.0,1.0,0.0,1.0,0.0,0.0,0.0,18.0,8.0,2.0,0.0,0.0,2.0,2.0,0.0,0.0,0.0,0.0,0.0,0.0,0.0,14.0,7.0,3.0,0.0,0.0,3.0,3.0,0.0,0.0,0.0,0.0,0.0,0.0,0.0,0.0,0.0,1.0,0.0,0.0,0.0,0.0,0.0,0.0,0.0,3.0,1.0,0.0,1.0,0.0,0.0,1.0,0.0,1.0,0.0,0.0,1.0,1.0,0.0,0.0,1.0,6.0,1.0,0.0,0.0,0.0,0.0,0.0,0.0,0.0,0.0,0.0,0.0,0.0,0.0,0.0,0.0,0.0,0.0,0.0,0.0,0.0,0.0,0.0,0.0,0.0,0.0,0.0,0.0,0.0,0.0,0.0,0.0,0.0,0.0,0.0,0.0,0.0,0.0,0.0,0.0,0.0,0.0,0.0,0.0,0.0,0.0,0.0,0.0,0.0,0.0,0.0,0.0,1.0,1.0,1.0,0.0,0.0,0.0,0.0,0.0,0.0,0.0,0.0,0.0,0.0,2.0,1.0,0.0,0.0,1.0,0.0,0.0,0.0,0.0,2.0,0.0,0.0,0.0,0.0,Cc1cc(C)c(Cn2ccc3c(C=NNC(=O)c4ccc(O)c(Cl)c4)cccc32)c(C)c1
CHEMBL208053,Inactive,23.0,3.0,3.0,0.0,0.0,0.0,0.0,0.0,31.0,3.0,5.0,0.0,0.0,0.0,0.0,0.0,0.0,0.0,0.0,0.0,0.0,0.0,0.0,31.0,0.0,6.0,0.0,0.0,0.0,0.0,0.0,1.0,25.0,1.0,8.0,0.0,0.0,0.0,0.0,0.0,0.0,22.0,2.0,7.0,0.0,0.0,0.0,0.0,0.0,0.0,0.0,0.0,0.0,0.0,23.0,2.0,2.0,0.0,0.0,0.0,0.0,0.0,0.0,0.0,0.0,0.0,1.0,0.0,0.0,0.0,0.0,21.0,1.0,3.0,0.0,0.0,0.0,0.0,0.0,0.0,0.0,0.0,0.0,14.0,1.0,4.0,0.0,0.0,0.0,0.0,0.0,0.0,0.0,0.0,0.0,10.0,1.0,3.0,0.0,0.0,0.0,0.0,0.0,1.0,0.0,0.0,0.0,0.0,0.0,10.0,2.0,3.0,0.0,0.0,0.0,0.0,0.0,0.0,0.0,0.0,0.0,0.0,0.0,0.0,0.0,6.0,0.0,0.0,0.0,0.0,4.0,1.0,0.0,0.0,0.0,0.0,0.0,0.0,0.0,0.0,0.0,1.0,0.0,1.0,0.0,0.0,0.0,1.0,0.0,7.0,1.0,4.0,0.0,0.0,0.0,0.0,0.0,0.0,0.0,2.0,0.0,0.0,0.0,0.0,0.0,0.0,0.0,0.0,0.0,0.0,1.0,0.0,0.0,0.0,0.0,0.0,0.0,0.0,0.0,0.0,0.0,0.0,0.0,1.0,0.0,2.0,1.0,0.0,0.0,3.0,3.0,3.0,6.0,0.0,0.0,0.0,3.0,0.0,0.0,2.0,1.0,0.0,0.0,3.0,3.0,0.0,0.0,0.0,0.0,0.0,2.0,1.0,1.0,0.0,1.0,0.0,0.0,0.0,0.0,0.0,0.0,0.0,1.0,2.0,0.0,0.0,0.0,0.0,O=C(c1ccc(OCCN2CCCC2)cc1)c1cccc2ccccc12
CHEMBL25137,Inactive,23.0,2.0,1.0,0.0,1.0,0.0,1.0,0.0,30.0,4.0,1.0,0.0,2.0,0.0,2.0,0.0,0.0,0.0,0.0,0.0,0.0,0.0,0.0,32.0,7.0,2.0,0.0,2.0,0.0,2.0,0.0,0.0,40.0,2.0,3.0,0.0,2.0,0.0,2.0,1.0,0.0,40.0,3.0,6.0,0.0,2.0,0.0,2.0,0.0,0.0,0.0,0.0,0.0,0.0,38.0,3.0,4.0,0.0,4.0,0.0,4.0,0.0,0.0,0.0,0.0,0.0,0.0,0.0,0.0,0.0,0.0,25.0,2.0,4.0,0.0,3.0,0.0,3.0,0.0,0.0,1.0,1.0,0.0,16.0,0.0,1.0,0.0,5.0,0.0,5.0,0.0,0.0,0.0,0.0,0.0,6.0,0.0,1.0,0.0,1.0,0.0,1.0,0.0,0.0,0.0,0.0,0.0,0.0,0.0,3.0,0.0,0.0,0.0,1.0,0.0,1.0,0.0,0.0,0.0,0.0,2.0,2.0,0.0,0.0,2.0,5.0,0.0,0.0,0.0,0.0,3.0,2.0,0.0,5.0,0.0,0.0,0.0,0.0,0.0,1.0,0.0,0.0,0.0,0.0,0.0,0.0,1.0,0.0,1.0,12.0,0.0,8.0,0.0,0.0,0.0,0.0,0.0,0.0,0.0,5.0,0.0,0.0,0.0,0.0,0.0,0.0,0.0,0.0,0.0,0.0,2.0,0.0,0.0,0.0,1.0,0.0,0.0,0.0,0.0,0.0,0.0,0.0,0.0,0.0,0.0,0.0,0.0,0.0,0.0,0.0,0.0,0.0,0.0,0.0,0.0,0.0,0.0,0.0,0.0,0.0,0.0,0.0,0.0,0.0,0.0,0.0,0.0,0.0,0.0,0.0,0.0,1.0,0.0,1.0,0.0,0.0,0.0,0.0,0.0,0.0,0.0,0.0,0.0,1.0,0.0,0.0,0.0,0.0,CCCCCc1c(C(C)C)nc(C(C)C)c(CO)c1-c1cccc(F)c1
CHEMBL505685,Inactive,29.0,7.0,4.0,2.0,3.0,0.0,3.0,0.0,41.0,7.0,5.0,1.0,3.0,0.0,3.0,1.0,1.0,1.0,0.0,0.0,3.0,3.0,3.0,34.0,13.0,5.0,3.0,6.0,0.0,6.0,0.0,1.0,30.0,12.0,4.0,5.0,6.0,0.0,6.0,2.0,0.0,32.0,11.0,5.0,6.0,3.0,0.0,3.0,0.0,0.0,0.0,0.0,0.0,1.0,38.0,9.0,5.0,5.0,3.0,0.0,3.0,0.0,0.0,0.0,0.0,0.0,2.0,0.0,0.0,0.0,0.0,41.0,4.0,6.0,4.0,3.0,0.0,3.0,1.0,1.0,3.0,3.0,0.0,40.0,5.0,7.0,1.0,3.0,0.0,3.0,0.0,0.0,0.0,0.0,0.0,37.0,3.0,5.0,0.0,0.0,0.0,0.0,1.0,1.0,3.0,3.0,0.0,0.0,0.0,30.0,6.0,6.0,1.0,6.0,0.0,6.0,0.0,1.0,0.0,0.0,1.0,0.0,0.0,1.0,0.0,5.0,1.0,1.0,0.0,0.0,2.0,1.0,0.0,0.0,1.0,0.0,1.0,0.0,0.0,2.0,1.0,2.0,0.0,2.0,1.0,0.0,3.0,0.0,2.0,9.0,2.0,4.0,0.0,0.0,0.0,0.0,0.0,0.0,1.0,2.0,0.0,0.0,0.0,0.0,0.0,0.0,0.0,0.0,1.0,2.0,0.0,0.0,0.0,1.0,0.0,0.0,0.0,0.0,0.0,0.0,0.0,0.0,0.0,0.0,0.0,1.0,0.0,1.0,1.0,1.0,0.0,0.0,1.0,0.0,0.0,1.0,0.0,0.0,0.0,0.0,3.0,0.0,0.0,3.0,1.0,0.0,0.0,1.0,1.0,0.0,1.0,2.0,0.0,3.0,2.0,1.0,0.0,0.0,2.0,1.0,1.0,0.0,1.0,4.0,0.0,0.0,0.0,1.0,O=C(NCC(O)C(=O)O)c1ccc(CN(c2ccc3c(c2)CCC3)c2nc(-c3ccc(C(F)(F)F)cc3)cs2)cc1
CHEMBL1644181,Active,26.0,5.0,5.0,0.0,3.0,2.0,5.0,1.0,33.0,10.0,5.0,0.0,0.0,4.0,4.0,0.0,1.0,1.0,3.0,3.0,3.0,3.0,3.0,31.0,12.0,7.0,0.0,3.0,4.0,7.0,0.0,0.0,27.0,14.0,4.0,0.0,6.0,4.0,10.0,2.0,0.0,32.0,10.0,5.0,0.0,6.0,2.0,8.0,0.0,0.0,0.0,2.0,2.0,0.0,36.0,5.0,4.0,0.0,3.0,4.0,7.0,0.0,1.0,0.0,2.0,2.0,2.0,0.0,0.0,0.0,0.0,37.0,2.0,5.0,0.0,3.0,4.0,7.0,1.0,2.0,0.0,0.0,0.0,32.0,3.0,7.0,0.0,3.0,8.0,11.0,1.0,1.0,3.0,3.0,0.0,23.0,5.0,8.0,0.0,3.0,8.0,11.0,0.0,0.0,3.0,3.0,0.0,0.0,0.0,17.0,5.0,9.0,0.0,6.0,4.0,10.0,0.0,0.0,0.0,0.0,0.0,0.0,0.0,0.0,0.0,3.0,0.0,0.0,0.0,0.0,1.0,0.0,1.0,0.0,1.0,0.0,1.0,0.0,0.0,1.0,1.0,2.0,0.0,2.0,0.0,2.0,3.0,1.0,1.0,6.0,2.0,2.0,0.0,0.0,0.0,0.0,0.0,0.0,1.0,1.0,0.0,0.0,0.0,0.0,0.0,0.0,0.0,0.0,1.0,0.0,0.0,0.0,0.0,0.0,0.0,0.0,0.0,0.0,0.0,0.0,0.0,0.0,0.0,0.0,0.0,1.0,0.0,1.0,1.0,1.0,0.0,0.0,1.0,0.0,0.0,1.0,0.0,0.0,0.0,0.0,1.0,2.0,2.0,2.0,1.0,0.0,0.0,1.0,0.0,0.0,0.0,2.0,1.0,3.0,1.0,1.0,0.0,0.0,1.0,1.0,1.0,0.0,0.0,4.0,0.0,0.0,3.0,0.0,O=C(O)CCNC(=O)c1ccc(Cn2nc(-c3ccc(OC(F)(F)F)cc3)cc2-c2cc(Cl)cc(Cl)c2)cc1
CHEMBL1922934,Active,33.0,5.0,4.0,0.0,3.0,1.0,4.0,0.0,43.0,8.0,5.0,0.0,3.0,2.0,5.0,0.0,1.0,1.0,0.0,0.0,3.0,3.0,3.0,43.0,8.0,8.0,0.0,6.0,2.0,8.0,0.0,1.0,44.0,7.0,8.0,0.0,6.0,2.0,8.0,2.0,0.0,52.0,3.0,11.0,0.0,3.0,1.0,4.0,0.0,0.0,3.0,1.0,4.0,0.0,53.0,4.0,11.0,0.0,6.0,2.0,8.0,0.0,0.0,0.0,0.0,0.0,2.0,0.0,0.0,0.0,0.0,51.0,5.0,8.0,0.0,12.0,3.0,15.0,0.0,0.0,0.0,0.0,0.0,49.0,3.0,7.0,0.0,9.0,4.0,13.0,0.0,0.0,0.0,0.0,0.0,43.0,3.0,4.0,0.0,9.0,4.0,13.0,0.0,1.0,0.0,0.0,1.0,0.0,0.0,36.0,2.0,5.0,0.0,6.0,3.0,9.0,1.0,1.0,0.0,0.0,2.0,1.0,0.0,1.0,1.0,5.0,3.0,2.0,0.0,0.0,2.0,0.0,1.0,2.0,1.0,0.0,1.0,0.0,0.0,1.0,1.0,3.0,0.0,1.0,1.0,1.0,3.0,0.0,1.0,13.0,3.0,9.0,0.0,0.0,2.0,0.0,0.0,0.0,2.0,9.0,0.0,0.0,0.0,0.0,2.0,0.0,0.0,0.0,3.0,1.0,5.0,0.0,1.0,2.0,4.0,0.0,1.0,4.0,0.0,0.0,0.0,0.0,0.0,0.0,0.0,1.0,0.0,1.0,1.0,1.0,0.0,0.0,1.0,0.0,0.0,1.0,0.0,0.0,0.0,0.0,1.0,1.0,1.0,2.0,1.0,0.0,0.0,1.0,0.0,0.0,0.0,1.0,0.0,3.0,1.0,1.0,0.0,0.0,1.0,1.0,1.0,0.0,0.0,4.0,1.0,0.0,0.0,0.0,CC(C)CCC(Cc1ccc(C(=O)NCCC(=O)O)cc1)C(=O)c1cc2cc(Cl)ccc2n1-c1cccc(C(F)(F)F)c1
CHEMBL3616691,Active,36.0,5.0,7.0,0.0,3.0,1.0,4.0,1.0,48.0,11.0,7.0,0.0,3.0,2.0,5.0,0.0,1.0,1.0,0.0,0.0,3.0,3.0,3.0,50.0,15.0,10.0,0.0,6.0,3.0,9.0,0.0,0.0,51.0,16.0,6.0,0.0,6.0,3.0,9.0,3.0,0.0,57.0,14.0,8.0,0.0,6.0,3.0,9.0,0.0,1.0,0.0,0.0,0.0,0.0,64.0,11.0,8.0,0.0,3.0,1.0,4.0,0.0,0.0,3.0,1.0,4.0,2.0,3.0,0.0,0.0,0.0,66.0,5.0,10.0,0.0,9.0,2.0,11.0,1.0,1.0,3.0,4.0,0.0,63.0,4.0,11.0,0.0,9.0,3.0,12.0,1.0,2.0,0.0,0.0,0.0,58.0,7.0,13.0,0.0,9.0,5.0,14.0,0.0,1.0,0.0,0.0,0.0,0.0,0.0,51.0,7.0,13.0,0.0,12.0,5.0,17.0,0.0,0.0,0.0,0.0,1.0,0.0,0.0,0.0,0.0,5.0,1.0,0.0,0.0,0.0,3.0,1.0,1.0,3.0,1.0,0.0,1.0,0.0,0.0,1.0,1.0,2.0,0.0,1.0,3.0,1.0,3.0,2.0,1.0,12.0,2.0,6.0,0.0,0.0,0.0,0.0,0.0,0.0,1.0,4.0,0.0,0.0,0.0,0.0,0.0,0.0,0.0,0.0,1.0,1.0,2.0,0.0,0.0,1.0,1.0,0.0,0.0,0.0,0.0,0.0,0.0,0.0,0.0,0.0,0.0,1.0,0.0,1.0,1.0,1.0,0.0,0.0,1.0,0.0,0.0,1.0,0.0,0.0,0.0,0.0,1.0,1.0,1.0,2.0,1.0,0.0,0.0,1.0,0.0,0.0,0.0,3.0,2.0,3.0,1.0,1.0,0.0,0.0,1.0,1.0,1.0,0.0,0.0,5.0,0.0,0.0,0.0,0.0,CCCCC(c1ccc(C(=O)NCCC(=O)O)cc1)n1nc(-c2cc(C(F)(F)F)ccc2OC)c2ccc(-c3ccc(OC)cc3Cl)cc21
CHEMBL154149,Active,30.0,9.0,3.0,0.0,0.0,1.0,1.0,1.0,42.0,11.0,4.0,0.0,0.0,2.0,2.0,0.0,2.0,0.0,0.0,0.0,0.0,0.0,0.0,41.0,12.0,9.0,0.0,0.0,2.0,2.0,1.0,1.0,30.0,18.0,9.0,0.0,0.0,1.0,1.0,1.0,0.0,29.0,18.0,7.0,0.0,0.0,1.0,1.0,0.0,1.0,0.0,0.0,0.0,0.0,29.0,13.0,5.0,0.0,0.0,0.0,0.0,1.0,2.0,0.0,1.0,1.0,1.0,0.0,0.0,0.0,0.0,31.0,7.0,4.0,0.0,0.0,2.0,2.0,2.0,2.0,0.0,0.0,0.0,30.0,7.0,6.0,0.0,0.0,2.0,2.0,1.0,1.0,0.0,0.0,0.0,31.0,8.0,6.0,0.0,0.0,0.0,0.0,0.0,0.0,0.0,1.0,0.0,0.0,0.0,34.0,5.0,4.0,0.0,0.0,1.0,1.0,1.0,1.0,0.0,1.0,0.0,0.0,0.0,0.0,0.0,5.0,0.0,0.0,0.0,0.0,2.0,0.0,0.0,0.0,1.0,0.0,1.0,0.0,0.0,1.0,0.0,2.0,0.0,1.0,1.0,1.0,0.0,0.0,1.0,9.0,2.0,2.0,0.0,0.0,0.0,0.0,0.0,0.0,0.0,0.0,0.0,0.0,0.0,0.0,0.0,0.0,0.0,0.0,0.0,0.0,0.0,0.0,0.0,0.0,0.0,0.0,0.0,0.0,0.0,0.0,0.0,0.0,0.0,0.0,0.0,0.0,0.0,0.0,0.0,4.0,4.0,2.0,8.0,0.0,0.0,2.0,2.0,0.0,0.0,0.0,0.0,1.0,1.0,7.0,6.0,0.0,0.0,2.0,0.0,0.0,0.0,0.0,0.0,0.0,5.0,2.0,0.0,0.0,3.0,0.0,0.0,2.0,0.0,3.0,0.0,0.0,0.0,0.0,N#Cc1cc(C(=O)NN=Cc2ccc(C(=O)N3CCN(Cc4ccc(Cl)cc4)CC3)c3ccccc23)ccc1O
CHEMBL413964,Active,25.0,5.0,5.0,0.0,3.0,0.0,3.0,1.0,32.0,8.0,6.0,0.0,3.0,0.0,3.0,0.0,2.0,0.0,0.0,0.0,3.0,3.0,3.0,28.0,11.0,10.0,0.0,6.0,0.0,6.0,0.0,1.0,20.0,12.0,8.0,0.0,6.0,0.0,6.0,3.0,0.0,16.0,14.0,9.0,0.0,3.0,0.0,3.0,0.0,1.0,0.0,0.0,0.0,0.0,19.0,6.0,7.0,0.0,3.0,0.0,3.0,2.0,2.0,0.0,0.0,0.0,2.0,0.0,0.0,0.0,0.0,24.0,2.0,7.0,0.0,3.0,0.0,3.0,2.0,1.0,0.0,0.0,1.0,24.0,5.0,7.0,0.0,3.0,0.0,3.0,0.0,1.0,0.0,0.0,0.0,24.0,4.0,5.0,0.0,0.0,0.0,0.0,0.0,2.0,3.0,3.0,0.0,3.0,3.0,20.0,6.0,8.0,0.0,3.0,0.0,3.0,0.0,0.0,0.0,0.0,0.0,0.0,0.0,0.0,0.0,2.0,0.0,0.0,0.0,0.0,1.0,0.0,1.0,1.0,2.0,0.0,2.0,0.0,0.0,1.0,1.0,2.0,0.0,1.0,2.0,0.0,3.0,1.0,1.0,8.0,2.0,2.0,1.0,0.0,0.0,0.0,0.0,0.0,1.0,1.0,1.0,0.0,0.0,0.0,0.0,0.0,0.0,0.0,1.0,1.0,0.0,0.0,0.0,1.0,0.0,0.0,0.0,0.0,0.0,0.0,0.0,0.0,0.0,0.0,0.0,1.0,0.0,0.0,0.0,1.0,0.0,0.0,0.0,0.0,0.0,0.0,0.0,0.0,0.0,0.0,0.0,0.0,0.0,2.0,0.0,0.0,0.0,0.0,1.0,0.0,0.0,1.0,1.0,3.0,4.0,2.0,0.0,0.0,1.0,0.0,0.0,0.0,0.0,4.0,1.0,0.0,0.0,0.0,COc1cc(NC(=O)CCc2ccc(C(F)(F)F)cc2)ccc1C=NNC(=O)c1ccc(O)c(C#N)c1
CHEMBL3799656,Inactive,26.0,5.0,5.0,0.0,0.0,2.0,2.0,1.0,33.0,11.0,6.0,0.0,0.0,4.0,4.0,0.0,1.0,1.0,0.0,0.0,0.0,0.0,0.0,30.0,13.0,6.0,0.0,0.0,4.0,4.0,0.0,1.0,30.0,14.0,5.0,0.0,0.0,4.0,4.0,3.0,0.0,34.0,10.0,8.0,0.0,0.0,2.0,2.0,0.0,0.0,0.0,2.0,2.0,0.0,36.0,5.0,9.0,0.0,0.0,2.0,2.0,0.0,0.0,0.0,2.0,2.0,2.0,0.0,0.0,0.0,0.0,38.0,1.0,8.0,0.0,0.0,4.0,4.0,1.0,1.0,0.0,0.0,0.0,30.0,2.0,7.0,0.0,0.0,6.0,6.0,1.0,1.0,0.0,0.0,0.0,18.0,5.0,8.0,0.0,0.0,10.0,10.0,0.0,0.0,0.0,0.0,0.0,0.0,0.0,12.0,4.0,6.0,0.0,0.0,4.0,4.0,0.0,1.0,0.0,1.0,1.0,0.0,0.0,0.0,0.0,4.0,1.0,0.0,0.0,0.0,2.0,0.0,1.0,0.0,1.0,0.0,1.0,0.0,0.0,1.0,0.0,2.0,0.0,0.0,1.0,2.0,0.0,0.0,1.0,7.0,2.0,4.0,0.0,0.0,0.0,0.0,0.0,0.0,1.0,2.0,0.0,0.0,0.0,0.0,0.0,0.0,0.0,0.0,1.0,2.0,0.0,0.0,0.0,1.0,0.0,0.0,0.0,0.0,0.0,0.0,0.0,0.0,0.0,0.0,0.0,1.0,0.0,1.0,1.0,1.0,0.0,0.0,1.0,0.0,0.0,1.0,0.0,0.0,0.0,0.0,1.0,2.0,2.0,2.0,1.0,0.0,0.0,1.0,0.0,0.0,0.0,1.0,0.0,0.0,1.0,1.0,0.0,0.0,1.0,1.0,1.0,0.0,0.0,3.0,0.0,0.0,0.0,0.0,O=C(O)CCNC(=O)c1ccc2c(c1)CCC2n1nc(-c2cc(Cl)cc(Cl)c2)cc1-c1ccco1
CHEMBL443971,Active,38.0,7.0,3.0,2.0,0.0,1.0,1.0,0.0,51.0,7.0,3.0,2.0,0.0,2.0,2.0,1.0,1.0,1.0,0.0,0.0,0.0,0.0,0.0,46.0,14.0,5.0,5.0,0.0,2.0,2.0,0.0,0.0,44.0,14.0,3.0,7.0,0.0,1.0,1.0,2.0,0.0,50.0,14.0,4.0,7.0,0.0,1.0,1.0,0.0,0.0,0.0,0.0,0.0,0.0,56.0,12.0,3.0,4.0,0.0,1.0,1.0,0.0,0.0,0.0,1.0,1.0,2.0,0.0,0.0,0.0,0.0,62.0,6.0,4.0,2.0,0.0,2.0,2.0,1.0,1.0,0.0,0.0,0.0,62.0,7.0,6.0,3.0,0.0,2.0,2.0,0.0,0.0,0.0,1.0,0.0,61.0,5.0,4.0,2.0,0.0,4.0,4.0,1.0,1.0,0.0,0.0,0.0,0.0,0.0,53.0,7.0,6.0,2.0,0.0,4.0,4.0,0.0,0.0,0.0,0.0,0.0,0.0,0.0,0.0,0.0,7.0,0.0,0.0,0.0,0.0,4.0,2.0,1.0,0.0,1.0,0.0,1.0,0.0,0.0,1.0,0.0,2.0,0.0,3.0,0.0,1.0,0.0,0.0,1.0,11.0,2.0,7.0,0.0,0.0,0.0,0.0,0.0,0.0,1.0,5.0,0.0,0.0,0.0,0.0,0.0,0.0,0.0,0.0,1.0,1.0,3.0,0.0,0.0,1.0,2.0,0.0,0.0,1.0,0.0,0.0,0.0,0.0,0.0,0.0,0.0,1.0,0.0,1.0,1.0,1.0,0.0,0.0,1.0,0.0,0.0,1.0,0.0,0.0,0.0,0.0,1.0,1.0,1.0,3.0,1.0,0.0,0.0,1.0,1.0,0.0,0.0,1.0,0.0,0.0,2.0,1.0,0.0,0.0,2.0,1.0,1.0,0.0,0.0,3.0,0.0,0.0,0.0,0.0,O=C(O)CCNC(=O)c1ccc(CN(c2ccc(C3=CCCCC3)cc2)c2nc(-c3ccc(Cl)cc3)c(-c3ccccc3)s2)cc1
CHEMBL491352,Active,28.0,7.0,3.0,2.0,0.0,2.0,2.0,0.0,39.0,7.0,3.0,1.0,0.0,4.0,4.0,1.0,1.0,1.0,0.0,0.0,0.0,0.0,0.0,32.0,13.0,5.0,3.0,0.0,4.0,4.0,0.0,0.0,29.0,12.0,3.0,5.0,0.0,3.0,3.0,2.0,0.0,31.0,11.0,4.0,6.0,0.0,2.0,2.0,0.0,0.0,0.0,1.0,1.0,0.0,37.0,8.0,3.0,5.0,0.0,2.0,2.0,0.0,0.0,0.0,1.0,1.0,2.0,0.0,0.0,0.0,0.0,40.0,4.0,4.0,3.0,0.0,1.0,1.0,1.0,1.0,0.0,1.0,0.0,40.0,4.0,6.0,1.0,0.0,2.0,2.0,0.0,0.0,0.0,1.0,0.0,35.0,3.0,4.0,0.0,0.0,5.0,5.0,1.0,1.0,0.0,0.0,0.0,0.0,0.0,27.0,6.0,6.0,1.0,0.0,7.0,7.0,0.0,0.0,0.0,0.0,0.0,0.0,0.0,0.0,0.0,6.0,0.0,0.0,0.0,0.0,3.0,1.0,1.0,0.0,1.0,0.0,1.0,0.0,0.0,1.0,0.0,2.0,0.0,1.0,2.0,2.0,0.0,0.0,1.0,8.0,2.0,4.0,0.0,0.0,0.0,0.0,0.0,0.0,1.0,2.0,0.0,0.0,0.0,0.0,0.0,0.0,0.0,0.0,1.0,2.0,0.0,0.0,0.0,1.0,0.0,0.0,0.0,0.0,0.0,0.0,0.0,0.0,0.0,0.0,0.0,1.0,0.0,1.0,1.0,1.0,0.0,0.0,1.0,0.0,0.0,1.0,0.0,0.0,0.0,0.0,1.0,2.0,2.0,3.0,1.0,0.0,0.0,1.0,1.0,0.0,0.0,1.0,0.0,0.0,2.0,1.0,0.0,0.0,2.0,1.0,1.0,0.0,0.0,3.0,0.0,0.0,0.0,0.0,O=C(O)CCNC(=O)c1ccc(CN(c2ccc3c(c2)CCC3)c2nc(-c3ccc(Cl)c(Cl)c3)cs2)cc1
CHEMBL502694,Inactive,30.0,7.0,3.0,2.0,6.0,0.0,6.0,0.0,43.0,7.0,3.0,1.0,6.0,0.0,6.0,1.0,1.0,1.0,0.0,0.0,6.0,6.0,6.0,39.0,13.0,5.0,3.0,12.0,0.0,12.0,0.0,0.0,38.0,12.0,3.0,5.0,12.0,0.0,12.0,2.0,0.0,35.0,12.0,4.0,6.0,18.0,0.0,18.0,0.0,0.0,0.0,0.0,0.0,0.0,37.0,10.0,3.0,7.0,6.0,0.0,6.0,0.0,0.0,6.0,0.0,6.0,2.0,0.0,9.0,9.0,9.0,43.0,5.0,4.0,2.0,6.0,0.0,6.0,1.0,1.0,0.0,0.0,0.0,42.0,6.0,6.0,3.0,0.0,0.0,0.0,0.0,0.0,6.0,6.0,0.0,46.0,3.0,4.0,0.0,12.0,0.0,12.0,1.0,1.0,0.0,0.0,0.0,0.0,0.0,38.0,6.0,6.0,1.0,18.0,0.0,18.0,0.0,0.0,0.0,0.0,1.0,1.0,0.0,0.0,1.0,3.0,0.0,0.0,0.0,0.0,1.0,0.0,1.0,3.0,1.0,0.0,1.0,0.0,0.0,1.0,2.0,2.0,0.0,1.0,1.0,0.0,6.0,0.0,1.0,11.0,2.0,4.0,0.0,0.0,0.0,0.0,0.0,0.0,1.0,2.0,0.0,0.0,0.0,0.0,0.0,0.0,0.0,0.0,1.0,2.0,0.0,0.0,0.0,0.0,0.0,0.0,0.0,0.0,0.0,0.0,0.0,0.0,0.0,0.0,0.0,1.0,0.0,1.0,1.0,1.0,0.0,0.0,1.0,0.0,0.0,1.0,0.0,0.0,0.0,0.0,1.0,0.0,0.0,3.0,1.0,0.0,0.0,1.0,1.0,0.0,0.0,1.0,0.0,6.0,2.0,1.0,0.0,0.0,2.0,1.0,1.0,0.0,0.0,3.0,0.0,0.0,0.0,0.0,Cc1cc(N(Cc2ccc(C(=O)NCCC(=O)O)cc2)c2nc(-c3cc(C(F)(F)F)cc(C(F)(F)F)c3)cs2)ccc1C(C)C
CHEMBL494248,Inactive,29.0,7.0,3.0,2.0,0.0,2.0,2.0,0.0,40.0,7.0,3.0,1.0,0.0,4.0,4.0,1.0,1.0,1.0,0.0,0.0,0.0,0.0,0.0,35.0,14.0,5.0,3.0,0.0,4.0,4.0,0.0,0.0,33.0,13.0,3.0,5.0,0.0,3.0,3.0,2.0,0.0,36.0,11.0,4.0,7.0,0.0,2.0,2.0,0.0,0.0,0.0,1.0,1.0,0.0,40.0,9.0,3.0,6.0,0.0,2.0,2.0,0.0,0.0,0.0,1.0,1.0,2.0,0.0,0.0,0.0,0.0,46.0,3.0,4.0,2.0,0.0,1.0,1.0,1.0,1.0,0.0,1.0,0.0,42.0,4.0,6.0,1.0,0.0,2.0,2.0,0.0,0.0,0.0,1.0,0.0,38.0,3.0,4.0,0.0,0.0,5.0,5.0,1.0,1.0,0.0,0.0,0.0,0.0,0.0,28.0,7.0,7.0,1.0,0.0,8.0,8.0,0.0,0.0,0.0,0.0,1.0,0.0,0.0,0.0,0.0,6.0,1.0,0.0,0.0,0.0,3.0,1.0,1.0,0.0,1.0,0.0,1.0,0.0,0.0,1.0,0.0,2.0,0.0,1.0,1.0,2.0,0.0,0.0,1.0,9.0,2.0,5.0,0.0,0.0,0.0,0.0,0.0,0.0,1.0,3.0,0.0,0.0,0.0,0.0,0.0,0.0,0.0,0.0,1.0,2.0,1.0,0.0,0.0,2.0,0.0,0.0,0.0,0.0,0.0,0.0,0.0,0.0,0.0,1.0,0.0,2.0,0.0,1.0,1.0,2.0,0.0,0.0,2.0,0.0,0.0,1.0,0.0,0.0,0.0,0.0,1.0,2.0,2.0,4.0,2.0,0.0,0.0,1.0,0.0,0.0,0.0,1.0,0.0,0.0,2.0,1.0,0.0,0.0,3.0,1.0,1.0,0.0,0.0,3.0,0.0,0.0,0.0,0.0,O=C(O)CCNC(=O)c1ccc(CN(c2nc(-c3ccc(Cl)c(Cl)c3)cs2)C2CCCc3ccccc32)cc1
CHEMBL219138,Inactive,31.0,7.0,6.0,0.0,3.0,0.0,3.0,0.0,41.0,7.0,6.0,0.0,3.0,0.0,3.0,1.0,3.0,1.0,0.0,0.0,3.0,3.0,3.0,36.0,13.0,12.0,0.0,6.0,0.0,6.0,0.0,0.0,35.0,11.0,10.0,0.0,6.0,0.0,6.0,2.0,0.0,37.0,10.0,11.0,0.0,6.0,0.0,6.0,0.0,1.0,0.0,0.0,0.0,0.0,40.0,10.0,8.0,0.0,3.0,0.0,3.0,0.0,0.0,3.0,0.0,3.0,2.0,3.0,0.0,0.0,0.0,48.0,3.0,6.0,0.0,9.0,0.0,9.0,1.0,2.0,0.0,0.0,1.0,37.0,10.0,13.0,0.0,15.0,0.0,15.0,0.0,0.0,0.0,0.0,0.0,39.0,4.0,8.0,0.0,12.0,0.0,12.0,1.0,2.0,0.0,0.0,1.0,0.0,0.0,34.0,7.0,12.0,0.0,9.0,0.0,9.0,0.0,0.0,0.0,0.0,3.0,0.0,0.0,0.0,0.0,9.0,5.0,0.0,0.0,0.0,3.0,0.0,1.0,3.0,2.0,0.0,2.0,0.0,0.0,1.0,2.0,3.0,0.0,1.0,1.0,0.0,3.0,1.0,1.0,21.0,3.0,16.0,0.0,0.0,7.0,1.0,1.0,0.0,1.0,18.0,0.0,0.0,0.0,2.0,11.0,7.0,2.0,2.0,1.0,0.0,15.0,0.0,0.0,0.0,14.0,0.0,0.0,9.0,6.0,7.0,3.0,7.0,4.0,2.0,2.0,3.0,2.0,3.0,3.0,3.0,2.0,0.0,5.0,0.0,0.0,3.0,0.0,0.0,0.0,0.0,2.0,0.0,0.0,6.0,4.0,0.0,2.0,3.0,1.0,0.0,0.0,2.0,1.0,3.0,3.0,3.0,0.0,0.0,2.0,1.0,1.0,0.0,0.0,5.0,0.0,0.0,0.0,0.0,CC(C)(C)C1CCC(N(Cc2ccc(C(=O)NCCC(=O)O)cc2)C(=O)Nc2ccc(OCC3CC3)cc2C(F)(F)F)CC1
CHEMBL373824,Active,27.0,8.0,6.0,0.0,3.0,0.0,3.0,0.0,39.0,8.0,5.0,0.0,0.0,0.0,0.0,1.0,3.0,1.0,3.0,3.0,3.0,3.0,3.0,35.0,15.0,10.0,0.0,3.0,0.0,3.0,0.0,0.0,31.0,13.0,10.0,0.0,6.0,0.0,6.0,2.0,0.0,31.0,12.0,11.0,0.0,6.0,0.0,6.0,0.0,2.0,0.0,0.0,0.0,0.0,34.0,11.0,8.0,0.0,6.0,0.0,6.0,1.0,1.0,0.0,0.0,0.0,2.0,0.0,0.0,0.0,0.0,44.0,4.0,6.0,0.0,0.0,0.0,0.0,1.0,2.0,6.0,6.0,1.0,36.0,11.0,13.0,0.0,3.0,0.0,3.0,0.0,0.0,0.0,0.0,0.0,37.0,7.0,7.0,0.0,0.0,0.0,0.0,1.0,2.0,3.0,3.0,1.0,3.0,3.0,32.0,8.0,10.0,0.0,6.0,0.0,6.0,0.0,0.0,0.0,0.0,2.0,0.0,0.0,0.0,0.0,7.0,4.0,0.0,0.0,0.0,3.0,0.0,1.0,3.0,2.0,0.0,2.0,0.0,0.0,1.0,2.0,3.0,0.0,1.0,1.0,0.0,3.0,1.0,1.0,18.0,3.0,12.0,0.0,0.0,5.0,1.0,1.0,0.0,1.0,15.0,0.0,0.0,0.0,2.0,11.0,7.0,2.0,2.0,1.0,0.0,14.0,0.0,0.0,0.0,14.0,0.0,0.0,9.0,6.0,7.0,3.0,7.0,4.0,2.0,2.0,3.0,2.0,3.0,1.0,3.0,2.0,0.0,5.0,0.0,0.0,3.0,0.0,0.0,0.0,0.0,1.0,0.0,0.0,6.0,4.0,0.0,2.0,3.0,1.0,0.0,0.0,2.0,1.0,3.0,4.0,3.0,0.0,0.0,2.0,1.0,1.0,0.0,0.0,5.0,0.0,0.0,3.0,0.0,CC(C)(C)C1CCC(N(Cc2ccc(C(=O)NCCC(=O)O)cc2)C(=O)Nc2ccc(OC(F)(F)F)cc2C#N)CC1
CHEMBL106134,Inactive,19.0,2.0,4.0,0.0,0.0,0.0,0.0,1.0,25.0,4.0,5.0,0.0,0.0,0.0,0.0,0.0,1.0,0.0,0.0,0.0,0.0,0.0,0.0,23.0,6.0,7.0,0.0,0.0,0.0,0.0,0.0,1.0,15.0,9.0,7.0,0.0,0.0,0.0,0.0,0.0,0.0,11.0,9.0,5.0,0.0,0.0,0.0,0.0,0.0,0.0,0.0,0.0,0.0,0.0,11.0,5.0,2.0,0.0,0.0,0.0,0.0,0.0,2.0,0.0,0.0,0.0,1.0,0.0,0.0,0.0,0.0,13.0,2.0,3.0,0.0,0.0,0.0,0.0,0.0,2.0,0.0,0.0,0.0,15.0,1.0,5.0,0.0,0.0,0.0,0.0,0.0,0.0,0.0,0.0,0.0,16.0,0.0,3.0,0.0,0.0,0.0,0.0,0.0,0.0,0.0,0.0,1.0,0.0,0.0,12.0,0.0,5.0,0.0,0.0,0.0,0.0,0.0,0.0,0.0,0.0,0.0,0.0,0.0,0.0,0.0,0.0,0.0,0.0,0.0,0.0,0.0,0.0,0.0,1.0,1.0,0.0,1.0,0.0,0.0,1.0,0.0,1.0,0.0,1.0,0.0,0.0,0.0,1.0,1.0,3.0,1.0,0.0,0.0,0.0,0.0,0.0,0.0,0.0,0.0,0.0,0.0,0.0,0.0,0.0,0.0,0.0,0.0,0.0,0.0,0.0,0.0,0.0,0.0,0.0,0.0,0.0,0.0,0.0,0.0,0.0,0.0,0.0,0.0,0.0,0.0,0.0,0.0,0.0,0.0,0.0,0.0,0.0,0.0,0.0,0.0,0.0,0.0,0.0,0.0,0.0,0.0,0.0,0.0,1.0,0.0,0.0,0.0,0.0,0.0,0.0,0.0,1.0,1.0,0.0,2.0,1.0,0.0,0.0,1.0,0.0,0.0,0.0,0.0,3.0,0.0,0.0,0.0,0.0,COc1ccc(C=NNC(=O)c2ccc(O)cc2)c2ccccc12
CHEMBL3798548,Inactive,34.0,6.0,5.0,0.0,0.0,2.0,2.0,1.0,47.0,12.0,5.0,0.0,0.0,4.0,4.0,0.0,1.0,1.0,0.0,0.0,0.0,0.0,0.0,46.0,13.0,10.0,0.0,0.0,4.0,4.0,0.0,0.0,42.0,14.0,8.0,0.0,0.0,4.0,4.0,2.0,0.0,46.0,11.0,6.0,0.0,0.0,2.0,2.0,0.0,0.0,0.0,2.0,2.0,0.0,50.0,8.0,4.0,0.0,0.0,2.0,2.0,0.0,0.0,0.0,2.0,2.0,2.0,0.0,0.0,0.0,0.0,50.0,5.0,6.0,0.0,0.0,4.0,4.0,1.0,1.0,0.0,0.0,0.0,48.0,4.0,6.0,0.0,0.0,8.0,8.0,1.0,2.0,0.0,0.0,0.0,40.0,8.0,7.0,0.0,0.0,8.0,8.0,0.0,1.0,0.0,0.0,0.0,0.0,0.0,35.0,7.0,8.0,0.0,0.0,8.0,8.0,0.0,0.0,0.0,0.0,2.0,1.0,0.0,1.0,0.0,3.0,2.0,2.0,0.0,0.0,1.0,0.0,0.0,2.0,0.0,0.0,0.0,0.0,0.0,1.0,0.0,2.0,0.0,1.0,2.0,2.0,0.0,1.0,1.0,9.0,2.0,5.0,0.0,0.0,1.0,0.0,0.0,0.0,1.0,4.0,0.0,0.0,0.0,0.0,1.0,0.0,0.0,0.0,2.0,1.0,2.0,0.0,1.0,0.0,0.0,0.0,0.0,0.0,0.0,0.0,0.0,0.0,0.0,2.0,2.0,3.0,2.0,3.0,2.0,2.0,2.0,1.0,4.0,0.0,0.0,2.0,1.0,0.0,0.0,0.0,1.0,2.0,2.0,3.0,3.0,0.0,0.0,2.0,0.0,0.0,0.0,2.0,1.0,0.0,1.0,1.0,0.0,0.0,1.0,1.0,1.0,0.0,0.0,4.0,0.0,0.0,0.0,0.0,COc1ccc2cc(-c3cc(-c4cc(Cl)cc(Cl)c4)nn3C(C)c3ccc(C(=O)N4CCC(C(=O)O)C4)cc3)ccc2c1
CHEMBL3238230,Active,31.0,9.0,2.0,0.0,0.0,2.0,2.0,3.0,42.0,15.0,2.0,0.0,0.0,4.0,4.0,4.0,2.0,0.0,0.0,0.0,0.0,0.0,0.0,42.0,15.0,6.0,0.0,0.0,4.0,4.0,2.0,1.0,42.0,15.0,9.0,0.0,0.0,4.0,4.0,0.0,0.0,49.0,17.0,8.0,0.0,0.0,2.0,2.0,0.0,2.0,0.0,2.0,2.0,0.0,60.0,14.0,6.0,0.0,0.0,2.0,2.0,0.0,2.0,0.0,2.0,2.0,0.0,2.0,0.0,0.0,0.0,61.0,13.0,6.0,0.0,0.0,6.0,6.0,1.0,1.0,0.0,0.0,0.0,50.0,11.0,5.0,0.0,0.0,8.0,8.0,0.0,0.0,0.0,0.0,0.0,42.0,9.0,4.0,0.0,0.0,8.0,8.0,1.0,2.0,0.0,0.0,1.0,0.0,0.0,31.0,11.0,7.0,0.0,0.0,8.0,8.0,2.0,0.0,0.0,0.0,2.0,0.0,0.0,0.0,0.0,8.0,4.0,0.0,0.0,0.0,3.0,0.0,0.0,4.0,1.0,0.0,1.0,0.0,0.0,0.0,2.0,2.0,0.0,1.0,0.0,2.0,0.0,0.0,0.0,19.0,2.0,15.0,1.0,0.0,5.0,2.0,1.0,0.0,1.0,17.0,0.0,0.0,0.0,1.0,6.0,3.0,4.0,2.0,0.0,2.0,14.0,0.0,0.0,1.0,13.0,0.0,0.0,5.0,2.0,3.0,1.0,3.0,11.0,5.0,3.0,5.0,3.0,3.0,0.0,6.0,4.0,5.0,8.0,3.0,0.0,3.0,5.0,0.0,0.0,0.0,0.0,2.0,2.0,6.0,4.0,2.0,2.0,3.0,0.0,0.0,0.0,0.0,0.0,0.0,3.0,2.0,0.0,0.0,2.0,0.0,0.0,0.0,0.0,2.0,0.0,0.0,0.0,0.0,CCC1CCC2(CC1)N=C(c1cc(Cl)cc(Cl)c1)C(=O)N2C(CCC(C)(C)C)c1ccc(C(=O)NCc2nn[nH]n2)cc1
CHEMBL3237903,Inactive,29.0,7.0,4.0,0.0,1.0,0.0,1.0,0.0,40.0,11.0,4.0,0.0,2.0,0.0,2.0,1.0,2.0,1.0,0.0,0.0,0.0,0.0,0.0,41.0,13.0,8.0,0.0,3.0,0.0,3.0,0.0,1.0,39.0,12.0,9.0,0.0,2.0,0.0,2.0,2.0,0.0,40.0,9.0,10.0,0.0,1.0,0.0,1.0,0.0,0.0,1.0,0.0,1.0,0.0,41.0,11.0,7.0,0.0,3.0,0.0,3.0,0.0,0.0,0.0,0.0,0.0,2.0,0.0,0.0,0.0,0.0,46.0,2.0,7.0,0.0,4.0,0.0,4.0,1.0,1.0,0.0,0.0,0.0,38.0,4.0,10.0,0.0,3.0,0.0,3.0,0.0,0.0,0.0,0.0,0.0,33.0,4.0,5.0,0.0,3.0,0.0,3.0,1.0,2.0,0.0,0.0,1.0,0.0,0.0,27.0,5.0,6.0,0.0,4.0,0.0,4.0,0.0,0.0,0.0,0.0,2.0,1.0,0.0,0.0,0.0,6.0,2.0,0.0,0.0,0.0,3.0,0.0,1.0,4.0,1.0,0.0,1.0,0.0,0.0,1.0,2.0,3.0,0.0,1.0,0.0,0.0,1.0,0.0,1.0,18.0,3.0,14.0,1.0,0.0,5.0,2.0,1.0,0.0,2.0,15.0,0.0,0.0,0.0,2.0,11.0,7.0,4.0,2.0,1.0,2.0,14.0,0.0,0.0,0.0,14.0,0.0,0.0,9.0,6.0,7.0,3.0,7.0,8.0,4.0,2.0,5.0,2.0,3.0,1.0,7.0,4.0,5.0,9.0,3.0,0.0,4.0,5.0,0.0,0.0,0.0,1.0,0.0,0.0,6.0,4.0,2.0,2.0,3.0,0.0,0.0,0.0,1.0,0.0,1.0,3.0,2.0,0.0,0.0,2.0,1.0,1.0,0.0,0.0,4.0,0.0,0.0,0.0,0.0,CC(c1ccc(C(=O)NCCC(=O)O)cc1)N1C(=O)C(c2ccccc2F)=NC12CCC(C(C)(C)C)CC2
CHEMBL3237907,Inactive,30.0,7.0,4.0,0.0,0.0,0.0,0.0,0.0,42.0,11.0,4.0,0.0,0.0,0.0,0.0,1.0,2.0,1.0,0.0,0.0,0.0,0.0,0.0,43.0,13.0,8.0,0.0,0.0,0.0,0.0,0.0,1.0,41.0,12.0,9.0,0.0,0.0,0.0,0.0,2.0,0.0,41.0,10.0,10.0,0.0,0.0,0.0,0.0,0.0,0.0,0.0,0.0,0.0,0.0,42.0,12.0,8.0,0.0,0.0,0.0,0.0,0.0,0.0,0.0,0.0,0.0,2.0,0.0,0.0,0.0,0.0,49.0,2.0,7.0,0.0,0.0,0.0,0.0,1.0,1.0,0.0,0.0,0.0,42.0,4.0,10.0,0.0,0.0,0.0,0.0,0.0,0.0,0.0,0.0,0.0,36.0,4.0,5.0,0.0,0.0,0.0,0.0,1.0,2.0,0.0,0.0,1.0,0.0,0.0,30.0,5.0,6.0,0.0,0.0,0.0,0.0,0.0,0.0,0.0,0.0,2.0,1.0,0.0,0.0,0.0,6.0,2.0,0.0,0.0,0.0,3.0,0.0,1.0,5.0,1.0,0.0,1.0,0.0,0.0,1.0,2.0,3.0,0.0,1.0,0.0,0.0,0.0,0.0,1.0,19.0,3.0,14.0,1.0,0.0,5.0,2.0,1.0,0.0,2.0,15.0,0.0,0.0,0.0,2.0,11.0,7.0,4.0,2.0,1.0,2.0,14.0,0.0,0.0,0.0,14.0,0.0,0.0,9.0,6.0,7.0,3.0,7.0,8.0,4.0,2.0,5.0,2.0,3.0,1.0,7.0,4.0,5.0,9.0,3.0,0.0,4.0,5.0,0.0,0.0,0.0,1.0,0.0,0.0,6.0,4.0,2.0,2.0,3.0,0.0,0.0,0.0,1.0,0.0,0.0,3.0,2.0,0.0,0.0,2.0,1.0,1.0,0.0,0.0,4.0,0.0,0.0,0.0,0.0,Cc1cccc(C2=NC3(CCC(C(C)(C)C)CC3)N(C(C)c3ccc(C(=O)NCCC(=O)O)cc3)C2=O)c1
CHEMBL3237911,Inactive,29.0,7.0,4.0,0.0,1.0,1.0,2.0,0.0,40.0,11.0,4.0,0.0,2.0,2.0,4.0,1.0,2.0,1.0,0.0,0.0,0.0,0.0,0.0,41.0,13.0,8.0,0.0,3.0,2.0,5.0,0.0,1.0,39.0,12.0,9.0,0.0,2.0,2.0,4.0,2.0,0.0,40.0,9.0,10.0,0.0,1.0,1.0,2.0,0.0,0.0,1.0,1.0,2.0,0.0,41.0,11.0,7.0,0.0,3.0,1.0,4.0,0.0,0.0,0.0,1.0,1.0,2.0,1.0,0.0,0.0,0.0,46.0,2.0,7.0,0.0,4.0,3.0,7.0,1.0,1.0,0.0,0.0,0.0,38.0,4.0,10.0,0.0,3.0,4.0,7.0,0.0,0.0,0.0,0.0,0.0,33.0,4.0,5.0,0.0,3.0,3.0,6.0,1.0,2.0,0.0,0.0,1.0,0.0,0.0,27.0,5.0,6.0,0.0,4.0,3.0,7.0,0.0,0.0,0.0,0.0,2.0,1.0,0.0,0.0,0.0,6.0,2.0,0.0,0.0,0.0,3.0,0.0,1.0,4.0,1.0,0.0,1.0,0.0,0.0,1.0,2.0,3.0,0.0,1.0,0.0,1.0,1.0,0.0,1.0,18.0,3.0,14.0,1.0,0.0,5.0,2.0,1.0,0.0,2.0,15.0,0.0,0.0,0.0,2.0,11.0,7.0,4.0,2.0,1.0,2.0,14.0,0.0,0.0,0.0,14.0,0.0,0.0,9.0,6.0,7.0,3.0,7.0,8.0,4.0,2.0,5.0,2.0,3.0,1.0,7.0,4.0,5.0,9.0,3.0,0.0,4.0,5.0,0.0,0.0,0.0,1.0,1.0,1.0,6.0,4.0,2.0,2.0,3.0,0.0,0.0,0.0,1.0,0.0,1.0,3.0,2.0,0.0,0.0,2.0,1.0,1.0,0.0,0.0,4.0,0.0,0.0,0.0,0.0,CC(c1ccc(C(=O)NCCC(=O)O)cc1)N1C(=O)C(c2cccc(Cl)c2F)=NC12CCC(C(C)(C)C)CC2
CHEMBL3237912,Inactive,29.0,7.0,4.0,0.0,1.0,1.0,2.0,0.0,40.0,11.0,4.0,0.0,2.0,2.0,4.0,1.0,2.0,1.0,0.0,0.0,0.0,0.0,0.0,41.0,13.0,8.0,0.0,3.0,2.0,5.0,0.0,1.0,39.0,12.0,9.0,0.0,2.0,2.0,4.0,2.0,0.0,40.0,9.0,10.0,0.0,1.0,1.0,2.0,0.0,0.0,1.0,1.0,2.0,0.0,41.0,11.0,7.0,0.0,3.0,1.0,4.0,0.0,0.0,0.0,1.0,1.0,2.0,1.0,0.0,0.0,0.0,46.0,2.0,7.0,0.0,4.0,3.0,7.0,1.0,1.0,0.0,0.0,0.0,38.0,4.0,10.0,0.0,3.0,4.0,7.0,0.0,0.0,0.0,0.0,0.0,33.0,4.0,5.0,0.0,3.0,3.0,6.0,1.0,2.0,0.0,0.0,1.0,0.0,0.0,27.0,5.0,6.0,0.0,4.0,3.0,7.0,0.0,0.0,0.0,0.0,2.0,1.0,0.0,0.0,0.0,6.0,2.0,0.0,0.0,0.0,3.0,0.0,1.0,4.0,1.0,0.0,1.0,0.0,0.0,1.0,2.0,3.0,0.0,1.0,1.0,1.0,1.0,0.0,1.0,18.0,3.0,14.0,1.0,0.0,5.0,2.0,1.0,0.0,2.0,15.0,0.0,0.0,0.0,2.0,11.0,7.0,4.0,2.0,1.0,2.0,14.0,0.0,0.0,0.0,14.0,0.0,0.0,9.0,6.0,7.0,3.0,7.0,8.0,4.0,2.0,5.0,2.0,3.0,1.0,7.0,4.0,5.0,9.0,3.0,0.0,4.0,5.0,0.0,0.0,0.0,1.0,1.0,1.0,6.0,4.0,2.0,2.0,3.0,0.0,0.0,0.0,1.0,0.0,1.0,3.0,2.0,0.0,0.0,2.0,1.0,1.0,0.0,0.0,4.0,0.0,0.0,0.0,0.0,CC(c1ccc(C(=O)NCCC(=O)O)cc1)N1C(=O)C(c2cc(Cl)ccc2F)=NC12CCC(C(C)(C)C)CC2
CHEMBL3237916,Inactive,29.0,7.0,4.0,0.0,0.0,1.0,1.0,0.0,40.0,11.0,4.0,0.0,0.0,2.0,2.0,1.0,2.0,1.0,0.0,0.0,0.0,0.0,0.0,41.0,13.0,8.0,0.0,0.0,3.0,3.0,0.0,1.0,39.0,12.0,9.0,0.0,0.0,2.0,2.0,2.0,0.0,40.0,9.0,10.0,0.0,0.0,1.0,1.0,0.0,0.0,0.0,1.0,1.0,0.0,41.0,11.0,7.0,0.0,0.0,3.0,3.0,0.0,0.0,0.0,0.0,0.0,2.0,0.0,0.0,0.0,0.0,46.0,2.0,7.0,0.0,0.0,4.0,4.0,1.0,1.0,0.0,0.0,0.0,38.0,4.0,10.0,0.0,0.0,3.0,3.0,0.0,0.0,0.0,0.0,0.0,33.0,4.0,5.0,0.0,0.0,3.0,3.0,1.0,2.0,0.0,0.0,1.0,0.0,0.0,27.0,5.0,6.0,0.0,0.0,4.0,4.0,0.0,0.0,0.0,0.0,2.0,1.0,0.0,0.0,0.0,6.0,2.0,0.0,0.0,0.0,3.0,0.0,1.0,4.0,1.0,0.0,1.0,0.0,0.0,1.0,2.0,3.0,0.0,1.0,0.0,1.0,0.0,0.0,1.0,18.0,3.0,14.0,1.0,0.0,5.0,2.0,1.0,0.0,2.0,15.0,0.0,0.0,0.0,2.0,11.0,7.0,4.0,2.0,1.0,2.0,14.0,0.0,0.0,0.0,14.0,0.0,0.0,9.0,6.0,7.0,3.0,7.0,8.0,4.0,2.0,5.0,2.0,3.0,1.0,7.0,4.0,5.0,9.0,3.0,0.0,4.0,5.0,0.0,0.0,0.0,1.0,1.0,1.0,6.0,4.0,2.0,2.0,3.0,0.0,0.0,0.0,1.0,0.0,0.0,3.0,2.0,0.0,0.0,2.0,1.0,1.0,0.0,0.0,4.0,0.0,0.0,0.0,0.0,CC(c1ccc(C(=O)NCCC(=O)O)cc1)N1C(=O)C(c2ccccc2Cl)=NC12CCC(C(C)(C)C)CC2
CHEMBL1922705,Active,20.0,12.0,3.0,0.0,3.0,1.0,4.0,3.0,31.0,10.0,3.0,0.0,0.0,2.0,2.0,8.0,1.0,0.0,3.0,3.0,3.0,3.0,3.0,26.0,20.0,5.0,0.0,3.0,2.0,5.0,2.0,0.0,25.0,19.0,3.0,0.0,6.0,1.0,7.0,2.0,0.0,29.0,18.0,1.0,0.0,6.0,2.0,8.0,0.0,3.0,0.0,1.0,1.0,0.0,32.0,17.0,2.0,0.0,3.0,1.0,4.0,0.0,0.0,0.0,1.0,1.0,0.0,0.0,0.0,0.0,0.0,34.0,8.0,0.0,0.0,0.0,2.0,2.0,1.0,3.0,3.0,3.0,0.0,23.0,11.0,6.0,0.0,3.0,4.0,7.0,0.0,0.0,0.0,0.0,0.0,21.0,4.0,5.0,0.0,0.0,4.0,4.0,4.0,2.0,6.0,6.0,0.0,0.0,0.0,12.0,10.0,8.0,0.0,12.0,2.0,14.0,2.0,0.0,0.0,0.0,0.0,0.0,0.0,0.0,0.0,1.0,0.0,0.0,0.0,0.0,0.0,0.0,0.0,1.0,1.0,0.0,1.0,0.0,0.0,0.0,1.0,1.0,0.0,2.0,1.0,1.0,3.0,1.0,0.0,5.0,1.0,0.0,0.0,0.0,0.0,0.0,0.0,0.0,0.0,0.0,0.0,0.0,0.0,0.0,0.0,0.0,0.0,0.0,0.0,0.0,0.0,0.0,0.0,0.0,0.0,0.0,0.0,0.0,0.0,0.0,0.0,0.0,0.0,0.0,0.0,0.0,0.0,0.0,0.0,0.0,0.0,0.0,0.0,0.0,0.0,0.0,0.0,0.0,0.0,0.0,0.0,1.0,1.0,4.0,1.0,0.0,0.0,0.0,3.0,0.0,0.0,1.0,1.0,3.0,4.0,1.0,0.0,0.0,2.0,0.0,0.0,0.0,0.0,2.0,0.0,0.0,3.0,0.0,Cn1c(=Nc2ccc(OC(F)(F)F)cc2)n(Cc2ccc(C(=O)Nc3nnn[nH]3)cc2)c2ccc(Cl)cc21
CHEMBL1922708,Active,25.0,12.0,3.0,0.0,6.0,0.0,6.0,3.0,38.0,10.0,3.0,0.0,3.0,0.0,3.0,8.0,1.0,0.0,3.0,3.0,6.0,6.0,6.0,34.0,21.0,5.0,0.0,9.0,0.0,9.0,2.0,0.0,35.0,22.0,3.0,0.0,12.0,0.0,12.0,2.0,0.0,40.0,22.0,1.0,0.0,12.0,0.0,12.0,0.0,3.0,3.0,0.0,3.0,0.0,43.0,21.0,2.0,0.0,12.0,0.0,12.0,0.0,0.0,3.0,0.0,3.0,0.0,0.0,0.0,0.0,0.0,48.0,10.0,0.0,0.0,9.0,0.0,9.0,1.0,3.0,6.0,6.0,0.0,38.0,12.0,6.0,0.0,15.0,0.0,15.0,0.0,0.0,0.0,0.0,0.0,36.0,4.0,5.0,0.0,12.0,0.0,12.0,4.0,2.0,6.0,6.0,0.0,0.0,0.0,25.0,10.0,9.0,0.0,21.0,0.0,21.0,2.0,0.0,0.0,0.0,0.0,0.0,0.0,0.0,0.0,4.0,0.0,0.0,0.0,0.0,2.0,1.0,0.0,2.0,1.0,0.0,1.0,0.0,0.0,0.0,2.0,1.0,0.0,2.0,0.0,0.0,6.0,1.0,0.0,10.0,1.0,3.0,0.0,0.0,0.0,0.0,0.0,0.0,0.0,2.0,0.0,0.0,0.0,0.0,0.0,0.0,0.0,0.0,0.0,1.0,1.0,0.0,0.0,1.0,0.0,0.0,0.0,0.0,0.0,0.0,0.0,0.0,0.0,0.0,0.0,0.0,0.0,0.0,0.0,0.0,0.0,0.0,0.0,0.0,0.0,0.0,0.0,0.0,0.0,0.0,0.0,0.0,0.0,4.0,1.0,0.0,0.0,0.0,3.0,0.0,0.0,1.0,1.0,6.0,4.0,1.0,0.0,0.0,2.0,0.0,0.0,0.0,0.0,2.0,0.0,0.0,3.0,0.0,CCCCc1cc(C(F)(F)F)cc2c1n(C)c(=Nc1ccc(OC(F)(F)F)cc1)n2Cc1ccc(C(=O)Nc2nnn[nH]2)cc1
CHEMBL1922715,Active,21.0,12.0,5.0,0.0,3.0,1.0,4.0,3.0,32.0,10.0,6.0,0.0,0.0,2.0,2.0,8.0,1.0,0.0,3.0,3.0,3.0,3.0,3.0,29.0,20.0,7.0,0.0,3.0,2.0,5.0,2.0,1.0,29.0,20.0,6.0,0.0,6.0,1.0,7.0,3.0,0.0,34.0,20.0,2.0,0.0,6.0,3.0,9.0,0.0,4.0,0.0,1.0,1.0,0.0,36.0,19.0,4.0,0.0,3.0,3.0,6.0,0.0,0.0,0.0,1.0,1.0,0.0,0.0,0.0,0.0,0.0,37.0,9.0,4.0,0.0,0.0,3.0,3.0,1.0,3.0,3.0,3.0,0.0,29.0,11.0,10.0,0.0,3.0,4.0,7.0,0.0,0.0,0.0,0.0,0.0,29.0,4.0,7.0,0.0,0.0,3.0,3.0,4.0,2.0,6.0,6.0,0.0,0.0,0.0,18.0,10.0,9.0,0.0,12.0,2.0,14.0,2.0,0.0,0.0,1.0,0.0,0.0,0.0,0.0,0.0,2.0,0.0,0.0,0.0,0.0,0.0,0.0,0.0,2.0,1.0,0.0,1.0,0.0,0.0,0.0,1.0,1.0,0.0,2.0,0.0,1.0,3.0,2.0,0.0,7.0,1.0,1.0,0.0,0.0,0.0,0.0,0.0,0.0,0.0,0.0,0.0,0.0,0.0,0.0,0.0,0.0,0.0,0.0,0.0,0.0,0.0,0.0,0.0,0.0,0.0,0.0,0.0,0.0,0.0,0.0,0.0,0.0,0.0,0.0,0.0,0.0,0.0,0.0,0.0,0.0,0.0,0.0,0.0,0.0,0.0,0.0,0.0,0.0,0.0,0.0,1.0,1.0,1.0,4.0,1.0,0.0,0.0,0.0,3.0,0.0,0.0,2.0,2.0,3.0,4.0,1.0,0.0,0.0,2.0,0.0,0.0,0.0,0.0,3.0,0.0,0.0,3.0,0.0,CCOc1cc(Cl)cc2c1n(C)c(=Nc1ccc(OC(F)(F)F)cc1)n2Cc1ccc(C(=O)Nc2nnn[nH]2)cc1
CHEMBL157280,Active,24.0,6.0,3.0,0.0,0.0,0.0,0.0,1.0,32.0,8.0,4.0,0.0,0.0,0.0,0.0,0.0,2.0,0.0,0.0,0.0,0.0,0.0,0.0,34.0,9.0,8.0,0.0,0.0,0.0,0.0,0.0,1.0,25.0,13.0,8.0,0.0,0.0,0.0,0.0,1.0,0.0,19.0,15.0,7.0,0.0,0.0,0.0,0.0,0.0,0.0,0.0,0.0,0.0,0.0,21.0,10.0,5.0,0.0,0.0,0.0,0.0,1.0,2.0,0.0,0.0,0.0,1.0,0.0,0.0,0.0,0.0,26.0,5.0,5.0,0.0,0.0,0.0,0.0,1.0,1.0,0.0,0.0,0.0,27.0,2.0,4.0,0.0,0.0,0.0,0.0,1.0,1.0,0.0,0.0,0.0,23.0,3.0,3.0,0.0,0.0,0.0,0.0,1.0,1.0,0.0,0.0,0.0,0.0,0.0,17.0,7.0,4.0,0.0,0.0,0.0,0.0,0.0,0.0,0.0,0.0,0.0,0.0,0.0,0.0,0.0,3.0,0.0,0.0,0.0,0.0,0.0,0.0,1.0,2.0,1.0,0.0,1.0,0.0,0.0,1.0,0.0,2.0,0.0,0.0,1.0,0.0,0.0,0.0,1.0,9.0,2.0,3.0,1.0,0.0,0.0,0.0,0.0,0.0,1.0,0.0,0.0,0.0,0.0,0.0,0.0,0.0,0.0,0.0,0.0,1.0,0.0,0.0,0.0,0.0,0.0,0.0,0.0,0.0,0.0,0.0,0.0,0.0,0.0,0.0,0.0,0.0,0.0,0.0,0.0,3.0,3.0,3.0,6.0,2.0,0.0,2.0,3.0,0.0,0.0,0.0,0.0,0.0,0.0,4.0,3.0,2.0,0.0,2.0,0.0,0.0,0.0,0.0,0.0,0.0,4.0,2.0,0.0,0.0,1.0,0.0,0.0,0.0,0.0,3.0,0.0,0.0,0.0,0.0,CCN(CC)C(=O)Cc1ccc(C=NNC(=O)c2ccc(O)c(C#N)c2)c2ccccc12
CHEMBL157380,Active,26.0,4.0,2.0,0.0,0.0,2.0,2.0,1.0,33.0,7.0,3.0,0.0,0.0,4.0,4.0,0.0,1.0,0.0,0.0,0.0,0.0,0.0,0.0,29.0,11.0,4.0,0.0,0.0,4.0,4.0,0.0,1.0,20.0,14.0,4.0,0.0,0.0,3.0,3.0,0.0,0.0,20.0,12.0,3.0,0.0,0.0,1.0,1.0,0.0,0.0,0.0,1.0,1.0,0.0,25.0,5.0,2.0,0.0,0.0,0.0,0.0,1.0,1.0,0.0,2.0,2.0,1.0,0.0,0.0,0.0,0.0,29.0,2.0,3.0,0.0,0.0,2.0,2.0,1.0,1.0,0.0,0.0,0.0,28.0,3.0,4.0,0.0,0.0,3.0,3.0,0.0,0.0,0.0,0.0,0.0,23.0,4.0,2.0,0.0,0.0,5.0,5.0,0.0,1.0,0.0,0.0,0.0,0.0,0.0,15.0,6.0,3.0,0.0,0.0,6.0,6.0,0.0,0.0,0.0,0.0,0.0,0.0,0.0,0.0,0.0,1.0,0.0,0.0,0.0,0.0,0.0,0.0,0.0,0.0,2.0,0.0,1.0,0.0,0.0,1.0,0.0,1.0,0.0,1.0,1.0,2.0,0.0,0.0,1.0,3.0,1.0,0.0,0.0,0.0,0.0,0.0,0.0,0.0,0.0,0.0,0.0,0.0,0.0,0.0,0.0,0.0,0.0,0.0,0.0,0.0,0.0,0.0,0.0,0.0,0.0,0.0,0.0,0.0,0.0,0.0,0.0,0.0,0.0,0.0,0.0,0.0,0.0,0.0,0.0,0.0,0.0,0.0,0.0,0.0,0.0,0.0,0.0,0.0,0.0,0.0,0.0,2.0,2.0,2.0,0.0,0.0,0.0,0.0,1.0,0.0,0.0,0.0,0.0,0.0,3.0,1.0,0.0,0.0,2.0,0.0,0.0,0.0,0.0,2.0,0.0,0.0,0.0,0.0,O=C(NN=Cc1ccc(NCc2ccc(Cl)cc2)c2ccccc12)c1ccc(O)c(Cl)c1
CHEMBL2112992,Active,19.0,6.0,2.0,2.0,0.0,2.0,2.0,0.0,24.0,7.0,3.0,3.0,0.0,4.0,4.0,1.0,2.0,0.0,0.0,0.0,0.0,0.0,0.0,21.0,11.0,5.0,3.0,0.0,5.0,5.0,0.0,0.0,14.0,14.0,7.0,2.0,0.0,3.0,3.0,0.0,0.0,17.0,10.0,6.0,3.0,0.0,1.0,1.0,1.0,1.0,0.0,2.0,2.0,0.0,19.0,6.0,5.0,3.0,0.0,2.0,2.0,2.0,2.0,0.0,0.0,0.0,0.0,1.0,0.0,0.0,0.0,20.0,6.0,2.0,2.0,0.0,1.0,1.0,1.0,1.0,0.0,2.0,1.0,16.0,7.0,3.0,2.0,0.0,2.0,2.0,0.0,1.0,0.0,0.0,0.0,13.0,7.0,3.0,1.0,0.0,4.0,4.0,0.0,0.0,0.0,0.0,0.0,0.0,0.0,12.0,6.0,1.0,0.0,0.0,2.0,2.0,0.0,0.0,1.0,0.0,1.0,0.0,0.0,1.0,0.0,3.0,2.0,2.0,2.0,0.0,0.0,0.0,0.0,3.0,1.0,0.0,1.0,1.0,0.0,0.0,0.0,1.0,0.0,0.0,1.0,2.0,0.0,0.0,0.0,9.0,1.0,5.0,1.0,0.0,1.0,0.0,0.0,0.0,1.0,5.0,2.0,0.0,0.0,0.0,2.0,1.0,0.0,0.0,2.0,0.0,4.0,2.0,2.0,0.0,1.0,0.0,0.0,0.0,0.0,0.0,0.0,0.0,0.0,2.0,0.0,2.0,0.0,0.0,0.0,1.0,0.0,0.0,0.0,0.0,0.0,0.0,0.0,0.0,0.0,0.0,0.0,2.0,2.0,1.0,0.0,0.0,0.0,0.0,0.0,0.0,0.0,0.0,0.0,0.0,2.0,1.0,0.0,0.0,0.0,0.0,0.0,0.0,0.0,1.0,0.0,0.0,0.0,0.0,CCC(CC)C(=O)Nc1sc(-c2nc(Cc3ccc(Cl)cc3Cl)no2)c(C)c1C#N
CHEMBL3238238,Inactive,35.0,7.0,4.0,0.0,0.0,2.0,2.0,0.0,49.0,12.0,4.0,0.0,0.0,4.0,4.0,1.0,2.0,1.0,0.0,0.0,0.0,0.0,0.0,48.0,14.0,8.0,0.0,0.0,4.0,4.0,0.0,1.0,48.0,13.0,12.0,0.0,0.0,4.0,4.0,2.0,0.0,54.0,13.0,11.0,0.0,0.0,2.0,2.0,0.0,0.0,0.0,2.0,2.0,0.0,64.0,12.0,8.0,0.0,0.0,2.0,2.0,0.0,0.0,0.0,2.0,2.0,2.0,2.0,0.0,0.0,0.0,70.0,5.0,10.0,0.0,0.0,6.0,6.0,1.0,1.0,0.0,0.0,0.0,58.0,5.0,11.0,0.0,0.0,8.0,8.0,0.0,0.0,0.0,0.0,0.0,54.0,6.0,6.0,0.0,0.0,8.0,8.0,1.0,2.0,0.0,0.0,1.0,0.0,0.0,45.0,8.0,9.0,0.0,0.0,8.0,8.0,0.0,0.0,0.0,0.0,3.0,1.0,1.0,0.0,0.0,7.0,4.0,0.0,0.0,0.0,3.0,0.0,1.0,7.0,1.0,1.0,1.0,0.0,0.0,1.0,3.0,3.0,0.0,1.0,0.0,2.0,0.0,0.0,1.0,24.0,3.0,20.0,1.0,0.0,9.0,3.0,2.0,0.0,2.0,24.0,0.0,0.0,0.0,3.0,14.0,7.0,5.0,3.0,1.0,2.0,19.0,0.0,1.0,1.0,17.0,0.0,0.0,9.0,6.0,7.0,3.0,7.0,11.0,5.0,3.0,6.0,3.0,4.0,1.0,8.0,4.0,5.0,10.0,3.0,0.0,5.0,5.0,0.0,0.0,0.0,1.0,2.0,2.0,6.0,4.0,2.0,3.0,3.0,0.0,0.0,0.0,1.0,0.0,0.0,3.0,2.0,0.0,0.0,2.0,1.0,1.0,0.0,0.0,4.0,0.0,0.0,0.0,0.0,CC(CC(=O)O)NC(=O)c1ccc(C(CCC(C)(C)C)N2C(=O)C(c3cc(Cl)cc(Cl)c3)=NC23CCC(C(C)(C)C)CC3)cc1
CHEMBL219307,Inactive,26.0,7.0,4.0,0.0,0.0,2.0,2.0,0.0,36.0,7.0,3.0,0.0,0.0,4.0,4.0,1.0,3.0,1.0,0.0,0.0,0.0,0.0,0.0,31.0,12.0,8.0,0.0,0.0,4.0,4.0,0.0,0.0,27.0,11.0,8.0,0.0,0.0,2.0,2.0,2.0,0.0,29.0,9.0,10.0,0.0,0.0,1.0,1.0,0.0,0.0,0.0,1.0,1.0,0.0,32.0,9.0,7.0,0.0,0.0,1.0,1.0,0.0,0.0,0.0,1.0,1.0,2.0,1.0,0.0,0.0,0.0,40.0,2.0,6.0,0.0,0.0,2.0,2.0,1.0,1.0,0.0,1.0,0.0,32.0,7.0,10.0,0.0,0.0,5.0,5.0,0.0,0.0,0.0,0.0,0.0,32.0,3.0,4.0,0.0,0.0,7.0,7.0,1.0,2.0,0.0,0.0,1.0,0.0,0.0,27.0,5.0,6.0,0.0,0.0,7.0,7.0,0.0,0.0,0.0,0.0,2.0,0.0,0.0,0.0,0.0,7.0,4.0,0.0,0.0,0.0,3.0,0.0,1.0,3.0,2.0,0.0,2.0,0.0,0.0,1.0,1.0,3.0,0.0,1.0,1.0,2.0,0.0,0.0,1.0,16.0,3.0,12.0,0.0,0.0,5.0,1.0,1.0,0.0,1.0,15.0,0.0,0.0,0.0,2.0,11.0,7.0,2.0,2.0,1.0,0.0,14.0,0.0,0.0,0.0,14.0,0.0,0.0,9.0,6.0,7.0,3.0,7.0,4.0,2.0,2.0,3.0,2.0,3.0,1.0,3.0,2.0,0.0,5.0,0.0,0.0,3.0,0.0,0.0,0.0,0.0,1.0,2.0,2.0,6.0,4.0,0.0,2.0,3.0,1.0,0.0,0.0,1.0,0.0,0.0,3.0,3.0,0.0,0.0,2.0,1.0,1.0,0.0,0.0,4.0,0.0,0.0,0.0,0.0,CC(C)(C)C1CCC(N(Cc2ccc(C(=O)NCCC(=O)O)cc2)C(=O)Nc2ccc(Cl)c(Cl)c2)CC1
CHEMBL374293,Inactive,27.0,8.0,4.0,0.0,0.0,0.0,0.0,0.0,38.0,8.0,3.0,0.0,0.0,0.0,0.0,1.0,3.0,1.0,0.0,0.0,0.0,0.0,0.0,33.0,14.0,8.0,0.0,0.0,0.0,0.0,0.0,0.0,28.0,13.0,8.0,0.0,0.0,0.0,0.0,2.0,0.0,29.0,11.0,10.0,0.0,0.0,0.0,0.0,0.0,0.0,0.0,0.0,0.0,0.0,33.0,9.0,7.0,0.0,0.0,0.0,0.0,1.0,0.0,0.0,0.0,0.0,2.0,0.0,0.0,0.0,0.0,40.0,4.0,7.0,0.0,0.0,0.0,0.0,1.0,1.0,0.0,0.0,0.0,34.0,7.0,10.0,0.0,0.0,0.0,0.0,1.0,1.0,0.0,0.0,0.0,35.0,5.0,4.0,0.0,0.0,0.0,0.0,1.0,2.0,0.0,0.0,1.0,0.0,0.0,31.0,8.0,6.0,0.0,0.0,0.0,0.0,0.0,0.0,0.0,0.0,2.0,0.0,0.0,0.0,0.0,7.0,4.0,0.0,0.0,0.0,3.0,0.0,1.0,3.0,2.0,0.0,2.0,0.0,0.0,1.0,1.0,3.0,0.0,2.0,0.0,0.0,0.0,0.0,1.0,17.0,3.0,12.0,0.0,0.0,5.0,1.0,1.0,0.0,1.0,15.0,0.0,0.0,0.0,2.0,11.0,7.0,2.0,2.0,1.0,0.0,14.0,0.0,0.0,0.0,14.0,0.0,0.0,9.0,6.0,7.0,3.0,7.0,4.0,2.0,2.0,3.0,2.0,3.0,1.0,3.0,2.0,0.0,5.0,0.0,0.0,3.0,0.0,0.0,0.0,0.0,1.0,0.0,0.0,6.0,4.0,0.0,2.0,3.0,1.0,0.0,0.0,1.0,0.0,0.0,4.0,3.0,0.0,0.0,2.0,1.0,1.0,0.0,0.0,4.0,0.0,0.0,0.0,0.0,CC(C)(C)C1CCC(N(Cc2ccc(C(=O)NCCC(=O)O)cc2)C(=O)Nc2ccc(C#N)cc2)CC1
CHEMBL3238228,Active,32.0,11.0,2.0,0.0,3.0,0.0,3.0,3.0,47.0,17.0,2.0,0.0,3.0,0.0,3.0,4.0,2.0,0.0,0.0,0.0,3.0,3.0,3.0,47.0,17.0,6.0,0.0,6.0,0.0,6.0,2.0,1.0,46.0,17.0,9.0,0.0,9.0,0.0,9.0,0.0,0.0,51.0,18.0,8.0,0.0,3.0,0.0,3.0,1.0,3.0,6.0,0.0,6.0,0.0,60.0,21.0,6.0,0.0,3.0,0.0,3.0,0.0,2.0,3.0,0.0,3.0,0.0,3.0,0.0,0.0,0.0,67.0,17.0,6.0,0.0,9.0,0.0,9.0,1.0,1.0,0.0,0.0,0.0,56.0,15.0,7.0,0.0,12.0,0.0,12.0,0.0,0.0,0.0,0.0,0.0,52.0,13.0,4.0,0.0,12.0,0.0,12.0,1.0,2.0,0.0,0.0,1.0,0.0,0.0,41.0,18.0,7.0,0.0,12.0,0.0,12.0,2.0,0.0,0.0,0.0,2.0,0.0,0.0,0.0,0.0,7.0,3.0,0.0,0.0,0.0,3.0,0.0,0.0,6.0,1.0,0.0,1.0,0.0,0.0,0.0,4.0,2.0,0.0,1.0,0.0,0.0,3.0,0.0,0.0,22.0,2.0,17.0,1.0,0.0,9.0,2.0,1.0,0.0,1.0,22.0,0.0,0.0,0.0,3.0,14.0,7.0,4.0,2.0,0.0,1.0,18.0,0.0,0.0,1.0,17.0,0.0,0.0,9.0,6.0,7.0,3.0,7.0,11.0,5.0,3.0,5.0,3.0,3.0,0.0,6.0,4.0,5.0,8.0,3.0,0.0,3.0,5.0,0.0,0.0,0.0,0.0,0.0,0.0,6.0,4.0,2.0,2.0,3.0,0.0,0.0,0.0,0.0,0.0,3.0,3.0,2.0,0.0,0.0,2.0,0.0,0.0,0.0,0.0,2.0,0.0,0.0,0.0,0.0,CC(C)(C)CCC(c1ccc(C(=O)NCc2nn[nH]n2)cc1)N1C(=O)C(c2cnccc2C(F)(F)F)=NC12CCC(C(C)(C)C)CC2
CHEMBL143698,Inactive,22.0,2.0,1.0,0.0,1.0,0.0,1.0,0.0,29.0,4.0,1.0,0.0,2.0,0.0,2.0,0.0,0.0,0.0,0.0,0.0,0.0,0.0,0.0,31.0,7.0,2.0,0.0,2.0,0.0,2.0,0.0,0.0,39.0,2.0,3.0,0.0,1.0,0.0,1.0,1.0,0.0,39.0,3.0,6.0,0.0,1.0,0.0,1.0,0.0,0.0,0.0,0.0,0.0,0.0,36.0,3.0,4.0,0.0,2.0,0.0,2.0,0.0,0.0,0.0,0.0,0.0,0.0,0.0,0.0,0.0,0.0,22.0,1.0,4.0,0.0,4.0,0.0,4.0,0.0,0.0,0.0,0.0,0.0,10.0,0.0,1.0,0.0,3.0,0.0,3.0,0.0,0.0,1.0,1.0,0.0,3.0,0.0,0.0,0.0,5.0,0.0,5.0,0.0,0.0,0.0,0.0,0.0,0.0,0.0,0.0,0.0,0.0,0.0,1.0,0.0,1.0,0.0,0.0,0.0,0.0,2.0,2.0,0.0,0.0,2.0,4.0,0.0,0.0,0.0,0.0,2.0,1.0,0.0,5.0,0.0,0.0,0.0,0.0,0.0,1.0,0.0,0.0,0.0,1.0,0.0,0.0,1.0,0.0,1.0,11.0,0.0,7.0,0.0,0.0,0.0,0.0,0.0,0.0,0.0,4.0,0.0,0.0,0.0,0.0,0.0,0.0,0.0,0.0,0.0,0.0,1.0,0.0,0.0,0.0,0.0,0.0,0.0,0.0,0.0,0.0,0.0,0.0,0.0,0.0,0.0,0.0,0.0,0.0,0.0,0.0,0.0,0.0,0.0,0.0,0.0,0.0,0.0,0.0,0.0,0.0,0.0,0.0,0.0,0.0,0.0,0.0,0.0,0.0,0.0,0.0,0.0,1.0,0.0,1.0,0.0,0.0,0.0,0.0,0.0,0.0,0.0,0.0,0.0,1.0,0.0,0.0,0.0,0.0,CCCCc1c(C(C)C)nc(C(C)C)c(CO)c1-c1ccc(F)cc1
CHEMBL3237913,Inactive,29.0,7.0,6.0,0.0,3.0,0.0,3.0,0.0,41.0,11.0,6.0,0.0,0.0,0.0,0.0,1.0,2.0,1.0,3.0,3.0,3.0,3.0,3.0,43.0,13.0,10.0,0.0,3.0,0.0,3.0,0.0,1.0,41.0,12.0,11.0,0.0,6.0,0.0,6.0,2.0,0.0,42.0,9.0,11.0,0.0,6.0,0.0,6.0,0.0,1.0,0.0,0.0,0.0,0.0,42.0,12.0,8.0,0.0,6.0,0.0,6.0,0.0,1.0,0.0,0.0,0.0,3.0,0.0,0.0,0.0,0.0,47.0,3.0,11.0,0.0,3.0,0.0,3.0,1.0,1.0,3.0,3.0,0.0,41.0,4.0,14.0,0.0,3.0,0.0,3.0,0.0,0.0,3.0,3.0,0.0,37.0,4.0,8.0,0.0,9.0,0.0,9.0,1.0,2.0,0.0,0.0,1.0,0.0,0.0,30.0,5.0,9.0,0.0,12.0,0.0,12.0,0.0,0.0,0.0,0.0,2.0,1.0,0.0,0.0,0.0,6.0,2.0,0.0,0.0,0.0,3.0,0.0,1.0,4.0,1.0,0.0,1.0,0.0,0.0,1.0,3.0,3.0,0.0,1.0,0.0,0.0,3.0,1.0,1.0,19.0,3.0,14.0,1.0,0.0,5.0,2.0,1.0,0.0,2.0,15.0,0.0,0.0,0.0,2.0,11.0,7.0,4.0,2.0,1.0,2.0,14.0,0.0,0.0,0.0,14.0,0.0,0.0,9.0,6.0,7.0,3.0,7.0,8.0,4.0,2.0,5.0,2.0,3.0,1.0,7.0,4.0,5.0,9.0,3.0,0.0,4.0,5.0,0.0,0.0,0.0,1.0,0.0,0.0,6.0,4.0,2.0,2.0,3.0,0.0,0.0,0.0,2.0,1.0,3.0,3.0,2.0,0.0,0.0,2.0,1.0,1.0,0.0,0.0,5.0,0.0,0.0,3.0,0.0,CC(c1ccc(C(=O)NCCC(=O)O)cc1)N1C(=O)C(c2cccc(OC(F)(F)F)c2)=NC12CCC(C(C)(C)C)CC2
CHEMBL280724,Inactive,21.0,2.0,1.0,0.0,1.0,0.0,1.0,0.0,28.0,4.0,2.0,0.0,2.0,0.0,2.0,0.0,0.0,0.0,0.0,0.0,0.0,0.0,0.0,28.0,6.0,3.0,0.0,2.0,0.0,2.0,0.0,1.0,34.0,2.0,6.0,0.0,1.0,0.0,1.0,0.0,0.0,36.0,4.0,4.0,0.0,1.0,0.0,1.0,0.0,0.0,0.0,0.0,0.0,0.0,34.0,2.0,5.0,0.0,2.0,0.0,2.0,0.0,0.0,0.0,0.0,0.0,0.0,0.0,0.0,0.0,0.0,19.0,1.0,0.0,0.0,3.0,0.0,3.0,0.0,0.0,0.0,0.0,0.0,10.0,0.0,0.0,0.0,3.0,0.0,3.0,0.0,0.0,1.0,1.0,0.0,0.0,0.0,0.0,0.0,6.0,0.0,6.0,0.0,0.0,0.0,0.0,0.0,0.0,0.0,0.0,0.0,0.0,0.0,0.0,0.0,0.0,0.0,0.0,0.0,0.0,2.0,2.0,0.0,0.0,2.0,0.0,0.0,0.0,0.0,0.0,0.0,0.0,0.0,6.0,0.0,0.0,0.0,0.0,0.0,1.0,0.0,0.0,0.0,1.0,0.0,0.0,1.0,0.0,1.0,10.0,0.0,6.0,0.0,0.0,0.0,0.0,0.0,0.0,0.0,3.0,0.0,0.0,0.0,0.0,0.0,0.0,0.0,0.0,0.0,0.0,0.0,0.0,0.0,0.0,0.0,0.0,0.0,0.0,0.0,0.0,0.0,0.0,0.0,0.0,0.0,0.0,0.0,0.0,0.0,0.0,0.0,0.0,0.0,0.0,0.0,0.0,0.0,0.0,0.0,0.0,0.0,0.0,0.0,0.0,0.0,0.0,0.0,0.0,0.0,0.0,0.0,0.0,0.0,1.0,0.0,0.0,0.0,0.0,0.0,0.0,0.0,0.0,0.0,1.0,0.0,0.0,0.0,0.0,CC(C)=Cc1c(C(C)C)nc(C(C)C)c(O)c1-c1ccc(F)cc1
CHEMBL155065,Active,26.0,5.0,3.0,0.0,0.0,1.0,1.0,1.0,34.0,8.0,4.0,0.0,0.0,2.0,2.0,0.0,2.0,0.0,0.0,0.0,0.0,0.0,0.0,35.0,8.0,7.0,0.0,0.0,2.0,2.0,0.0,1.0,25.0,11.0,9.0,0.0,0.0,2.0,2.0,0.0,0.0,21.0,12.0,7.0,0.0,0.0,0.0,0.0,0.0,0.0,0.0,1.0,1.0,0.0,24.0,9.0,5.0,0.0,0.0,0.0,0.0,0.0,1.0,0.0,1.0,1.0,1.0,0.0,0.0,0.0,0.0,30.0,5.0,5.0,0.0,0.0,1.0,1.0,0.0,1.0,0.0,0.0,0.0,32.0,1.0,4.0,0.0,0.0,1.0,1.0,1.0,1.0,0.0,0.0,0.0,26.0,2.0,3.0,0.0,0.0,2.0,2.0,1.0,1.0,0.0,0.0,0.0,0.0,0.0,16.0,6.0,4.0,0.0,0.0,3.0,3.0,0.0,0.0,0.0,0.0,1.0,1.0,0.0,0.0,0.0,5.0,1.0,0.0,0.0,0.0,3.0,2.0,1.0,1.0,1.0,0.0,1.0,0.0,0.0,1.0,0.0,2.0,0.0,0.0,1.0,1.0,0.0,0.0,1.0,10.0,2.0,6.0,1.0,0.0,0.0,1.0,1.0,0.0,1.0,4.0,0.0,0.0,0.0,0.0,0.0,0.0,1.0,1.0,0.0,1.0,3.0,0.0,0.0,0.0,2.0,0.0,0.0,1.0,0.0,0.0,0.0,1.0,1.0,2.0,2.0,2.0,2.0,2.0,0.0,4.0,4.0,5.0,8.0,3.0,0.0,3.0,5.0,0.0,0.0,0.0,0.0,1.0,1.0,4.0,3.0,2.0,2.0,2.0,0.0,0.0,0.0,0.0,0.0,0.0,3.0,2.0,0.0,0.0,1.0,0.0,0.0,0.0,0.0,3.0,0.0,0.0,0.0,0.0,CC1CCCCN1C(=O)Cc1ccc(C=NNC(=O)c2ccc(O)c(Cl)c2)c2ccccc12
CHEMBL3237918,Inactive,27.0,9.0,2.0,0.0,0.0,2.0,2.0,3.0,39.0,12.0,2.0,0.0,0.0,4.0,4.0,6.0,2.0,0.0,0.0,0.0,0.0,0.0,0.0,40.0,14.0,6.0,0.0,0.0,4.0,4.0,2.0,1.0,37.0,16.0,8.0,0.0,0.0,4.0,4.0,2.0,0.0,37.0,15.0,7.0,0.0,0.0,2.0,2.0,0.0,2.0,0.0,2.0,2.0,0.0,37.0,19.0,5.0,0.0,0.0,2.0,2.0,0.0,0.0,0.0,2.0,2.0,0.0,2.0,0.0,0.0,0.0,43.0,8.0,3.0,0.0,0.0,6.0,6.0,1.0,1.0,0.0,0.0,0.0,36.0,8.0,6.0,0.0,0.0,8.0,8.0,0.0,0.0,0.0,0.0,0.0,31.0,7.0,3.0,0.0,0.0,6.0,6.0,3.0,2.0,0.0,0.0,1.0,0.0,0.0,24.0,10.0,4.0,0.0,0.0,6.0,6.0,2.0,0.0,0.0,0.0,2.0,1.0,0.0,0.0,0.0,4.0,2.0,0.0,0.0,0.0,2.0,0.0,0.0,4.0,1.0,0.0,1.0,0.0,0.0,0.0,2.0,2.0,0.0,1.0,0.0,2.0,0.0,0.0,0.0,15.0,2.0,12.0,1.0,0.0,5.0,2.0,1.0,0.0,1.0,14.0,0.0,0.0,0.0,2.0,11.0,7.0,4.0,2.0,0.0,2.0,14.0,0.0,0.0,0.0,14.0,0.0,0.0,9.0,6.0,7.0,3.0,7.0,8.0,4.0,2.0,4.0,2.0,2.0,0.0,6.0,4.0,5.0,8.0,3.0,0.0,3.0,5.0,0.0,0.0,0.0,0.0,2.0,2.0,5.0,3.0,2.0,2.0,2.0,0.0,0.0,0.0,0.0,0.0,0.0,3.0,2.0,0.0,0.0,2.0,0.0,0.0,0.0,0.0,2.0,0.0,0.0,0.0,0.0,CC(c1ccc(C(=O)Nc2nnn[nH]2)cc1)N1C(=O)C(c2cc(Cl)cc(Cl)c2)=NC12CCC(C(C)(C)C)CC2
CHEMBL486651,Active,28.0,7.0,5.0,0.0,3.0,0.0,3.0,0.0,40.0,7.0,5.0,0.0,3.0,0.0,3.0,1.0,3.0,1.0,0.0,0.0,3.0,3.0,3.0,35.0,12.0,8.0,0.0,6.0,0.0,6.0,0.0,1.0,30.0,13.0,9.0,0.0,6.0,0.0,6.0,2.0,0.0,31.0,9.0,11.0,0.0,6.0,0.0,6.0,0.0,0.0,3.0,0.0,3.0,1.0,32.0,11.0,11.0,0.0,3.0,0.0,3.0,0.0,0.0,0.0,0.0,0.0,2.0,0.0,0.0,0.0,0.0,44.0,2.0,8.0,0.0,0.0,0.0,0.0,1.0,1.0,3.0,3.0,0.0,38.0,7.0,11.0,0.0,6.0,0.0,6.0,0.0,0.0,0.0,0.0,0.0,40.0,3.0,5.0,0.0,9.0,0.0,9.0,1.0,2.0,0.0,0.0,1.0,0.0,0.0,33.0,5.0,6.0,0.0,12.0,0.0,12.0,0.0,1.0,0.0,0.0,3.0,0.0,0.0,1.0,0.0,6.0,5.0,1.0,0.0,0.0,2.0,0.0,0.0,4.0,2.0,0.0,2.0,0.0,0.0,2.0,2.0,3.0,0.0,1.0,0.0,0.0,3.0,0.0,2.0,18.0,3.0,12.0,0.0,0.0,5.0,1.0,1.0,0.0,1.0,15.0,0.0,0.0,0.0,2.0,11.0,7.0,2.0,2.0,1.0,0.0,14.0,0.0,0.0,0.0,14.0,0.0,0.0,9.0,6.0,7.0,3.0,7.0,4.0,2.0,2.0,3.0,2.0,3.0,1.0,3.0,2.0,0.0,5.0,0.0,0.0,3.0,0.0,0.0,0.0,0.0,3.0,0.0,0.0,6.0,4.0,0.0,2.0,3.0,1.0,0.0,1.0,2.0,0.0,3.0,3.0,3.0,0.0,0.0,2.0,1.0,1.0,0.0,1.0,5.0,0.0,0.0,0.0,1.0,Cc1cc(NC(=O)N(Cc2ccc(C(=O)NCC(O)C(=O)O)cc2)C2CCC(C(C)(C)C)CC2)cc(C(F)(F)F)c1
CHEMBL499160,Active,28.0,7.0,5.0,0.0,6.0,0.0,6.0,0.0,40.0,7.0,5.0,0.0,6.0,0.0,6.0,1.0,3.0,1.0,0.0,0.0,6.0,6.0,6.0,35.0,12.0,8.0,0.0,12.0,0.0,12.0,0.0,1.0,30.0,13.0,9.0,0.0,12.0,0.0,12.0,2.0,0.0,31.0,9.0,11.0,0.0,12.0,0.0,12.0,0.0,0.0,6.0,0.0,6.0,1.0,32.0,11.0,11.0,0.0,6.0,0.0,6.0,0.0,0.0,0.0,0.0,0.0,2.0,0.0,9.0,9.0,9.0,44.0,2.0,8.0,0.0,0.0,0.0,0.0,1.0,1.0,6.0,6.0,0.0,38.0,7.0,11.0,0.0,12.0,0.0,12.0,0.0,0.0,0.0,0.0,0.0,40.0,3.0,5.0,0.0,18.0,0.0,18.0,1.0,2.0,0.0,0.0,1.0,0.0,0.0,33.0,5.0,6.0,0.0,24.0,0.0,24.0,0.0,1.0,0.0,0.0,3.0,0.0,0.0,1.0,0.0,6.0,5.0,1.0,0.0,0.0,2.0,0.0,0.0,3.0,2.0,0.0,2.0,0.0,0.0,2.0,3.0,3.0,0.0,1.0,0.0,0.0,6.0,0.0,2.0,18.0,3.0,12.0,0.0,0.0,5.0,1.0,1.0,0.0,1.0,15.0,0.0,0.0,0.0,2.0,11.0,7.0,2.0,2.0,1.0,0.0,14.0,0.0,0.0,0.0,14.0,0.0,0.0,9.0,6.0,7.0,3.0,7.0,4.0,2.0,2.0,3.0,2.0,3.0,1.0,3.0,2.0,0.0,5.0,0.0,0.0,3.0,0.0,0.0,0.0,0.0,3.0,0.0,0.0,6.0,4.0,0.0,2.0,3.0,1.0,0.0,1.0,2.0,0.0,6.0,3.0,3.0,0.0,0.0,2.0,1.0,1.0,0.0,1.0,5.0,0.0,0.0,0.0,1.0,CC(C)(C)C1CCC(N(Cc2ccc(C(=O)NCC(O)C(=O)O)cc2)C(=O)Nc2cc(C(F)(F)F)cc(C(F)(F)F)c2)CC1
CHEMBL487476,Active,29.0,7.0,5.0,0.0,0.0,2.0,2.0,0.0,38.0,7.0,5.0,0.0,0.0,4.0,4.0,1.0,3.0,1.0,0.0,0.0,0.0,0.0,0.0,34.0,12.0,8.0,0.0,0.0,4.0,4.0,0.0,1.0,30.0,11.0,9.0,0.0,0.0,2.0,2.0,2.0,0.0,34.0,9.0,11.0,0.0,0.0,2.0,2.0,0.0,0.0,0.0,0.0,0.0,1.0,36.0,8.0,9.0,0.0,0.0,0.0,0.0,0.0,0.0,0.0,2.0,2.0,2.0,2.0,0.0,0.0,0.0,39.0,4.0,8.0,0.0,0.0,4.0,4.0,1.0,1.0,0.0,0.0,0.0,35.0,7.0,10.0,0.0,0.0,6.0,6.0,0.0,0.0,0.0,0.0,0.0,33.0,5.0,7.0,0.0,0.0,8.0,8.0,1.0,2.0,0.0,0.0,1.0,0.0,0.0,30.0,6.0,7.0,0.0,0.0,6.0,6.0,0.0,1.0,0.0,0.0,1.0,0.0,0.0,1.0,0.0,6.0,1.0,1.0,0.0,0.0,3.0,2.0,0.0,0.0,2.0,0.0,2.0,0.0,0.0,2.0,0.0,3.0,0.0,2.0,0.0,2.0,0.0,0.0,2.0,12.0,3.0,7.0,0.0,0.0,0.0,0.0,0.0,0.0,1.0,5.0,0.0,0.0,0.0,0.0,0.0,0.0,0.0,0.0,1.0,1.0,3.0,0.0,0.0,1.0,2.0,0.0,0.0,1.0,0.0,0.0,0.0,0.0,0.0,0.0,0.0,1.0,0.0,1.0,1.0,1.0,0.0,0.0,1.0,0.0,0.0,1.0,0.0,0.0,0.0,0.0,3.0,2.0,2.0,5.0,2.0,0.0,0.0,2.0,3.0,0.0,1.0,2.0,0.0,0.0,3.0,3.0,0.0,0.0,2.0,1.0,1.0,0.0,1.0,5.0,0.0,0.0,0.0,1.0,O=C(NCC(O)C(=O)O)c1ccc(CN(C(=O)Nc2cc(Cl)cc(Cl)c2)c2ccc(C3=CCCCC3)cc2)cc1
CHEMBL106058,Inactive,19.0,2.0,5.0,0.0,0.0,1.0,1.0,1.0,25.0,4.0,7.0,0.0,0.0,2.0,2.0,0.0,1.0,0.0,0.0,0.0,0.0,0.0,0.0,23.0,6.0,9.0,0.0,0.0,2.0,2.0,0.0,1.0,14.0,9.0,10.0,0.0,0.0,2.0,2.0,0.0,0.0,10.0,9.0,5.0,0.0,0.0,1.0,1.0,0.0,1.0,0.0,1.0,1.0,1.0,9.0,6.0,3.0,0.0,0.0,0.0,0.0,0.0,3.0,0.0,1.0,1.0,1.0,0.0,0.0,0.0,0.0,13.0,2.0,4.0,0.0,0.0,1.0,1.0,0.0,2.0,0.0,0.0,0.0,16.0,0.0,6.0,0.0,0.0,1.0,1.0,0.0,0.0,0.0,0.0,0.0,16.0,0.0,5.0,0.0,0.0,2.0,2.0,0.0,0.0,0.0,0.0,1.0,0.0,0.0,13.0,0.0,7.0,0.0,0.0,3.0,3.0,0.0,0.0,0.0,0.0,0.0,0.0,0.0,0.0,0.0,0.0,0.0,0.0,0.0,0.0,0.0,0.0,0.0,1.0,1.0,0.0,1.0,0.0,0.0,2.0,0.0,1.0,0.0,0.0,0.0,1.0,0.0,1.0,2.0,3.0,1.0,0.0,0.0,0.0,0.0,0.0,0.0,0.0,0.0,0.0,0.0,0.0,0.0,0.0,0.0,0.0,0.0,0.0,0.0,0.0,0.0,0.0,0.0,0.0,0.0,0.0,0.0,0.0,0.0,0.0,0.0,0.0,0.0,0.0,0.0,0.0,0.0,0.0,0.0,0.0,0.0,0.0,0.0,0.0,0.0,0.0,0.0,0.0,0.0,0.0,0.0,1.0,1.0,1.0,0.0,0.0,0.0,0.0,0.0,0.0,0.0,1.0,1.0,0.0,2.0,1.0,0.0,0.0,1.0,0.0,0.0,0.0,0.0,4.0,0.0,0.0,0.0,0.0,COc1cc(C(=O)NN=Cc2ccc(O)c3ccccc23)cc(Cl)c1O
CHEMBL1922918,Active,30.0,5.0,6.0,0.0,3.0,1.0,4.0,0.0,39.0,8.0,7.0,0.0,0.0,2.0,2.0,0.0,1.0,1.0,3.0,3.0,3.0,3.0,3.0,41.0,8.0,10.0,0.0,3.0,2.0,5.0,0.0,1.0,43.0,6.0,9.0,0.0,6.0,2.0,8.0,2.0,0.0,47.0,3.0,11.0,0.0,6.0,1.0,7.0,0.0,1.0,0.0,1.0,1.0,0.0,45.0,5.0,11.0,0.0,3.0,2.0,5.0,0.0,0.0,0.0,0.0,0.0,2.0,0.0,0.0,0.0,0.0,44.0,3.0,11.0,0.0,0.0,3.0,3.0,0.0,0.0,3.0,3.0,0.0,40.0,3.0,10.0,0.0,6.0,4.0,10.0,0.0,0.0,0.0,0.0,1.0,34.0,3.0,8.0,0.0,12.0,3.0,15.0,0.0,1.0,0.0,0.0,1.0,0.0,0.0,26.0,2.0,7.0,0.0,9.0,3.0,12.0,1.0,1.0,0.0,0.0,1.0,0.0,0.0,1.0,0.0,5.0,2.0,2.0,0.0,0.0,2.0,0.0,1.0,1.0,1.0,0.0,1.0,0.0,0.0,1.0,1.0,3.0,0.0,2.0,1.0,1.0,3.0,1.0,1.0,11.0,3.0,7.0,0.0,0.0,1.0,0.0,0.0,0.0,2.0,6.0,0.0,0.0,0.0,0.0,1.0,0.0,0.0,0.0,3.0,1.0,3.0,0.0,1.0,2.0,2.0,0.0,1.0,0.0,0.0,0.0,0.0,0.0,0.0,0.0,0.0,1.0,0.0,1.0,1.0,1.0,0.0,0.0,1.0,0.0,0.0,1.0,0.0,0.0,0.0,0.0,1.0,1.0,1.0,2.0,1.0,0.0,0.0,1.0,0.0,0.0,0.0,2.0,1.0,3.0,1.0,1.0,0.0,0.0,1.0,1.0,1.0,0.0,0.0,5.0,1.0,0.0,3.0,0.0,CCCC(Cc1ccc(C(=O)NCCC(=O)O)cc1)C(=O)c1cc2cc(Cl)ccc2n1-c1ccc(OC(F)(F)F)cc1
CHEMBL1922923,Inactive,30.0,5.0,4.0,0.0,0.0,3.0,3.0,0.0,38.0,8.0,5.0,0.0,0.0,6.0,6.0,0.0,1.0,1.0,0.0,0.0,0.0,0.0,0.0,39.0,8.0,8.0,0.0,0.0,6.0,6.0,0.0,1.0,41.0,6.0,8.0,0.0,0.0,4.0,4.0,2.0,0.0,46.0,3.0,11.0,0.0,0.0,5.0,5.0,0.0,0.0,0.0,1.0,1.0,0.0,45.0,4.0,9.0,0.0,0.0,10.0,10.0,0.0,0.0,0.0,0.0,0.0,2.0,0.0,0.0,0.0,0.0,42.0,3.0,7.0,0.0,0.0,9.0,9.0,0.0,0.0,0.0,0.0,0.0,36.0,3.0,7.0,0.0,0.0,10.0,10.0,0.0,0.0,0.0,0.0,0.0,31.0,3.0,4.0,0.0,0.0,7.0,7.0,0.0,1.0,0.0,0.0,1.0,0.0,0.0,23.0,2.0,5.0,0.0,0.0,9.0,9.0,1.0,1.0,0.0,0.0,1.0,0.0,0.0,1.0,0.0,5.0,2.0,2.0,0.0,0.0,2.0,0.0,1.0,1.0,1.0,0.0,1.0,0.0,0.0,1.0,0.0,3.0,0.0,1.0,1.0,3.0,0.0,0.0,1.0,10.0,3.0,7.0,0.0,0.0,1.0,0.0,0.0,0.0,2.0,6.0,0.0,0.0,0.0,0.0,1.0,0.0,0.0,0.0,3.0,1.0,3.0,0.0,1.0,2.0,2.0,0.0,1.0,0.0,0.0,0.0,0.0,0.0,0.0,0.0,0.0,1.0,0.0,1.0,1.0,1.0,0.0,0.0,1.0,0.0,0.0,1.0,0.0,0.0,0.0,0.0,1.0,3.0,3.0,2.0,1.0,0.0,0.0,1.0,0.0,0.0,0.0,1.0,0.0,0.0,1.0,1.0,0.0,0.0,1.0,1.0,1.0,0.0,0.0,4.0,1.0,0.0,0.0,0.0,CCCC(Cc1ccc(C(=O)NCCC(=O)O)cc1)C(=O)c1cc2cc(Cl)ccc2n1-c1cc(Cl)cc(Cl)c1
CHEMBL1922919,Active,31.0,5.0,4.0,0.0,3.0,1.0,4.0,0.0,40.0,8.0,5.0,0.0,3.0,2.0,5.0,0.0,1.0,1.0,0.0,0.0,3.0,3.0,3.0,41.0,8.0,8.0,0.0,6.0,2.0,8.0,0.0,1.0,42.0,6.0,8.0,0.0,6.0,2.0,8.0,2.0,0.0,46.0,4.0,11.0,0.0,3.0,1.0,4.0,0.0,0.0,0.0,1.0,1.0,0.0,47.0,4.0,9.0,0.0,0.0,2.0,2.0,0.0,0.0,3.0,0.0,3.0,2.0,0.0,0.0,0.0,0.0,46.0,3.0,7.0,0.0,6.0,3.0,9.0,0.0,0.0,0.0,0.0,0.0,39.0,3.0,8.0,0.0,12.0,4.0,16.0,0.0,0.0,0.0,0.0,0.0,34.0,3.0,4.0,0.0,9.0,3.0,12.0,0.0,1.0,0.0,0.0,1.0,3.0,3.0,25.0,2.0,5.0,0.0,9.0,4.0,13.0,1.0,1.0,0.0,0.0,1.0,0.0,0.0,1.0,0.0,5.0,2.0,2.0,0.0,0.0,2.0,0.0,1.0,1.0,1.0,0.0,1.0,0.0,0.0,1.0,1.0,3.0,0.0,2.0,1.0,1.0,3.0,0.0,1.0,11.0,3.0,7.0,0.0,0.0,1.0,0.0,0.0,0.0,2.0,6.0,0.0,0.0,0.0,0.0,1.0,0.0,0.0,0.0,3.0,1.0,3.0,0.0,1.0,2.0,2.0,0.0,1.0,0.0,0.0,0.0,0.0,0.0,0.0,0.0,0.0,1.0,0.0,1.0,1.0,1.0,0.0,0.0,1.0,0.0,0.0,1.0,0.0,0.0,0.0,0.0,1.0,1.0,1.0,2.0,1.0,0.0,0.0,1.0,0.0,0.0,0.0,1.0,0.0,3.0,1.0,1.0,0.0,0.0,1.0,1.0,1.0,0.0,0.0,4.0,1.0,0.0,0.0,0.0,CCCC(Cc1ccc(C(=O)NCCC(=O)O)cc1)C(=O)c1cc2cc(Cl)ccc2n1-c1ccc(C(F)(F)F)cc1
CHEMBL1922925,Active,31.0,5.0,6.0,0.0,3.0,1.0,4.0,0.0,41.0,8.0,7.0,0.0,3.0,2.0,5.0,0.0,1.0,1.0,0.0,0.0,3.0,3.0,3.0,43.0,8.0,11.0,0.0,6.0,2.0,8.0,0.0,1.0,45.0,7.0,9.0,0.0,6.0,2.0,8.0,2.0,0.0,49.0,3.0,11.0,0.0,6.0,1.0,7.0,0.0,1.0,3.0,1.0,4.0,0.0,49.0,5.0,11.0,0.0,6.0,2.0,8.0,0.0,0.0,0.0,0.0,0.0,2.0,0.0,0.0,0.0,0.0,47.0,3.0,12.0,0.0,12.0,3.0,15.0,0.0,0.0,0.0,0.0,0.0,43.0,3.0,10.0,0.0,9.0,4.0,13.0,0.0,0.0,0.0,0.0,1.0,36.0,3.0,8.0,0.0,9.0,4.0,13.0,0.0,1.0,0.0,0.0,1.0,0.0,0.0,29.0,2.0,7.0,0.0,6.0,3.0,9.0,1.0,1.0,0.0,0.0,1.0,0.0,0.0,1.0,0.0,5.0,2.0,2.0,0.0,0.0,2.0,0.0,1.0,2.0,1.0,0.0,1.0,0.0,0.0,1.0,1.0,3.0,0.0,1.0,2.0,1.0,3.0,1.0,1.0,12.0,3.0,7.0,0.0,0.0,1.0,0.0,0.0,0.0,2.0,6.0,0.0,0.0,0.0,0.0,1.0,0.0,0.0,0.0,3.0,1.0,3.0,0.0,1.0,2.0,2.0,0.0,1.0,0.0,0.0,0.0,0.0,0.0,0.0,0.0,0.0,1.0,0.0,1.0,1.0,1.0,0.0,0.0,1.0,0.0,0.0,1.0,0.0,0.0,0.0,0.0,1.0,1.0,1.0,2.0,1.0,0.0,0.0,1.0,0.0,0.0,0.0,2.0,1.0,3.0,1.0,1.0,0.0,0.0,1.0,1.0,1.0,0.0,0.0,5.0,1.0,0.0,0.0,0.0,CCCC(Cc1ccc(C(=O)NCCC(=O)O)cc1)C(=O)c1cc2cc(Cl)ccc2n1-c1ccc(OC)c(C(F)(F)F)c1
CHEMBL1922932,Active,32.0,5.0,4.0,0.0,3.0,1.0,4.0,0.0,41.0,8.0,5.0,0.0,3.0,2.0,5.0,0.0,1.0,1.0,0.0,0.0,3.0,3.0,3.0,42.0,8.0,8.0,0.0,6.0,2.0,8.0,0.0,1.0,43.0,7.0,8.0,0.0,6.0,2.0,8.0,2.0,0.0,50.0,3.0,11.0,0.0,3.0,1.0,4.0,0.0,0.0,3.0,1.0,4.0,0.0,51.0,4.0,10.0,0.0,6.0,2.0,8.0,0.0,0.0,0.0,0.0,0.0,2.0,0.0,0.0,0.0,0.0,48.0,4.0,8.0,0.0,12.0,3.0,15.0,0.0,0.0,0.0,0.0,0.0,44.0,3.0,7.0,0.0,9.0,4.0,13.0,0.0,0.0,0.0,0.0,0.0,38.0,3.0,4.0,0.0,9.0,4.0,13.0,0.0,1.0,0.0,0.0,1.0,0.0,0.0,31.0,2.0,5.0,0.0,6.0,3.0,9.0,1.0,1.0,0.0,0.0,1.0,0.0,0.0,1.0,0.0,6.0,2.0,2.0,0.0,0.0,3.0,1.0,1.0,1.0,1.0,0.0,1.0,0.0,0.0,1.0,1.0,3.0,0.0,1.0,1.0,1.0,3.0,0.0,1.0,12.0,3.0,8.0,0.0,0.0,1.0,0.0,0.0,0.0,2.0,7.0,0.0,0.0,0.0,0.0,1.0,0.0,0.0,0.0,3.0,1.0,4.0,0.0,1.0,2.0,3.0,0.0,1.0,2.0,0.0,0.0,0.0,0.0,0.0,0.0,0.0,1.0,0.0,1.0,1.0,1.0,0.0,0.0,1.0,0.0,0.0,1.0,0.0,0.0,0.0,0.0,1.0,1.0,1.0,2.0,1.0,0.0,0.0,1.0,0.0,0.0,0.0,1.0,0.0,3.0,1.0,1.0,0.0,0.0,1.0,1.0,1.0,0.0,0.0,4.0,1.0,0.0,0.0,0.0,CCCCC(Cc1ccc(C(=O)NCCC(=O)O)cc1)C(=O)c1cc2cc(Cl)ccc2n1-c1cccc(C(F)(F)F)c1
CHEMBL1922938,Active,33.0,5.0,6.0,0.0,6.0,0.0,6.0,0.0,43.0,8.0,7.0,0.0,3.0,0.0,3.0,0.0,1.0,1.0,3.0,3.0,6.0,6.0,6.0,45.0,8.0,10.0,0.0,9.0,0.0,9.0,0.0,1.0,46.0,7.0,10.0,0.0,12.0,0.0,12.0,2.0,0.0,53.0,3.0,12.0,0.0,9.0,0.0,9.0,0.0,1.0,3.0,0.0,3.0,0.0,54.0,5.0,12.0,0.0,12.0,0.0,12.0,0.0,0.0,0.0,0.0,0.0,2.0,0.0,0.0,0.0,0.0,52.0,4.0,12.0,0.0,15.0,0.0,15.0,0.0,0.0,3.0,3.0,1.0,50.0,4.0,12.0,0.0,15.0,0.0,15.0,0.0,0.0,0.0,0.0,0.0,47.0,3.0,8.0,0.0,18.0,0.0,18.0,0.0,1.0,0.0,0.0,1.0,3.0,3.0,40.0,2.0,8.0,0.0,18.0,0.0,18.0,1.0,1.0,0.0,0.0,1.0,0.0,0.0,1.0,0.0,7.0,2.0,2.0,0.0,0.0,4.0,2.0,1.0,1.0,1.0,0.0,1.0,0.0,0.0,1.0,2.0,3.0,0.0,1.0,1.0,0.0,6.0,1.0,1.0,14.0,3.0,9.0,0.0,0.0,1.0,0.0,0.0,0.0,2.0,8.0,0.0,0.0,0.0,0.0,1.0,0.0,0.0,0.0,3.0,1.0,5.0,0.0,1.0,2.0,4.0,0.0,1.0,3.0,0.0,2.0,0.0,0.0,0.0,0.0,0.0,1.0,0.0,1.0,1.0,1.0,0.0,0.0,1.0,0.0,0.0,1.0,0.0,0.0,0.0,0.0,1.0,0.0,0.0,2.0,1.0,0.0,0.0,1.0,0.0,0.0,0.0,2.0,1.0,6.0,1.0,1.0,0.0,0.0,1.0,1.0,1.0,0.0,0.0,5.0,1.0,0.0,3.0,0.0,CCCCCC(Cc1ccc(C(=O)NCCC(=O)O)cc1)C(=O)c1cc2cc(OC(F)(F)F)ccc2n1-c1cccc(C(F)(F)F)c1
CHEMBL1922697,Active,21.0,12.0,3.0,0.0,3.0,2.0,5.0,3.0,31.0,11.0,3.0,0.0,0.0,4.0,4.0,8.0,1.0,0.0,3.0,3.0,3.0,3.0,3.0,28.0,20.0,5.0,0.0,3.0,4.0,7.0,2.0,0.0,27.0,21.0,3.0,0.0,6.0,2.0,8.0,2.0,0.0,33.0,18.0,1.0,0.0,6.0,4.0,10.0,0.0,3.0,0.0,2.0,2.0,0.0,36.0,17.0,2.0,0.0,3.0,4.0,7.0,0.0,0.0,0.0,2.0,2.0,0.0,0.0,0.0,0.0,0.0,38.0,8.0,0.0,0.0,0.0,6.0,6.0,1.0,3.0,3.0,3.0,0.0,26.0,11.0,6.0,0.0,3.0,8.0,11.0,0.0,0.0,0.0,0.0,0.0,22.0,4.0,6.0,0.0,0.0,7.0,7.0,4.0,2.0,6.0,6.0,0.0,0.0,0.0,14.0,10.0,8.0,0.0,12.0,4.0,16.0,2.0,0.0,0.0,0.0,0.0,0.0,0.0,0.0,0.0,2.0,0.0,0.0,0.0,0.0,0.0,0.0,0.0,1.0,1.0,0.0,1.0,0.0,0.0,0.0,1.0,1.0,0.0,2.0,0.0,2.0,3.0,1.0,0.0,6.0,1.0,1.0,0.0,0.0,0.0,0.0,0.0,0.0,0.0,0.0,0.0,0.0,0.0,0.0,0.0,0.0,0.0,0.0,0.0,0.0,0.0,0.0,0.0,0.0,0.0,0.0,0.0,0.0,0.0,0.0,0.0,0.0,0.0,0.0,0.0,0.0,0.0,0.0,0.0,1.0,0.0,0.0,1.0,0.0,0.0,0.0,0.0,0.0,0.0,0.0,0.0,2.0,2.0,4.0,1.0,0.0,0.0,0.0,3.0,0.0,0.0,1.0,1.0,3.0,4.0,1.0,0.0,0.0,2.0,0.0,0.0,0.0,0.0,2.0,0.0,0.0,3.0,0.0,CCn1c(=Nc2ccc(OC(F)(F)F)cc2)n(Cc2ccc(C(=O)Nc3nnn[nH]3)cc2)c2cc(Cl)c(Cl)cc21
CHEMBL344911,Inactive,20.0,2.0,1.0,0.0,0.0,0.0,0.0,0.0,27.0,4.0,1.0,0.0,0.0,0.0,0.0,0.0,0.0,0.0,0.0,0.0,0.0,0.0,0.0,29.0,7.0,2.0,0.0,0.0,0.0,0.0,0.0,0.0,36.0,2.0,3.0,0.0,0.0,0.0,0.0,1.0,0.0,34.0,2.0,6.0,0.0,0.0,0.0,0.0,0.0,0.0,0.0,0.0,0.0,0.0,27.0,2.0,4.0,0.0,0.0,0.0,0.0,0.0,0.0,0.0,0.0,0.0,0.0,0.0,0.0,0.0,0.0,13.0,1.0,3.0,0.0,0.0,0.0,0.0,0.0,0.0,0.0,0.0,0.0,4.0,0.0,0.0,0.0,0.0,0.0,0.0,0.0,0.0,0.0,0.0,0.0,0.0,0.0,0.0,0.0,0.0,0.0,0.0,0.0,0.0,0.0,0.0,0.0,0.0,0.0,0.0,0.0,0.0,0.0,0.0,0.0,0.0,0.0,0.0,0.0,0.0,2.0,2.0,0.0,0.0,2.0,2.0,0.0,0.0,0.0,0.0,0.0,0.0,0.0,5.0,0.0,0.0,0.0,0.0,0.0,1.0,0.0,0.0,0.0,0.0,0.0,0.0,0.0,0.0,1.0,9.0,0.0,5.0,0.0,0.0,0.0,0.0,0.0,0.0,0.0,2.0,0.0,0.0,0.0,0.0,0.0,0.0,0.0,0.0,0.0,0.0,0.0,0.0,0.0,0.0,0.0,0.0,0.0,0.0,0.0,0.0,0.0,0.0,0.0,0.0,0.0,0.0,0.0,0.0,0.0,0.0,0.0,0.0,0.0,0.0,0.0,0.0,0.0,0.0,0.0,0.0,0.0,0.0,0.0,0.0,0.0,0.0,0.0,0.0,0.0,0.0,0.0,1.0,0.0,0.0,0.0,0.0,0.0,0.0,0.0,0.0,0.0,0.0,0.0,1.0,0.0,0.0,0.0,0.0,CCc1c(C(C)C)nc(C(C)C)c(CO)c1-c1ccccc1
CHEMBL504260,Inactive,28.0,7.0,6.0,2.0,3.0,0.0,3.0,0.0,40.0,7.0,7.0,1.0,0.0,0.0,0.0,1.0,1.0,1.0,3.0,3.0,3.0,3.0,3.0,34.0,13.0,7.0,3.0,3.0,0.0,3.0,0.0,1.0,31.0,12.0,5.0,5.0,6.0,0.0,6.0,2.0,0.0,32.0,11.0,6.0,6.0,6.0,0.0,6.0,0.0,0.0,0.0,0.0,0.0,1.0,38.0,8.0,6.0,5.0,3.0,0.0,3.0,0.0,1.0,0.0,0.0,0.0,2.0,0.0,0.0,0.0,0.0,41.0,5.0,7.0,3.0,3.0,0.0,3.0,1.0,1.0,0.0,0.0,0.0,41.0,4.0,7.0,2.0,3.0,0.0,3.0,0.0,1.0,3.0,3.0,0.0,35.0,4.0,7.0,0.0,3.0,0.0,3.0,1.0,1.0,0.0,0.0,0.0,0.0,0.0,29.0,6.0,9.0,1.0,0.0,0.0,0.0,0.0,1.0,3.0,0.0,1.0,0.0,0.0,1.0,0.0,5.0,1.0,1.0,0.0,0.0,2.0,1.0,0.0,0.0,1.0,0.0,1.0,0.0,0.0,2.0,1.0,2.0,0.0,2.0,1.0,0.0,3.0,1.0,2.0,9.0,2.0,4.0,0.0,0.0,0.0,0.0,0.0,0.0,1.0,2.0,0.0,0.0,0.0,0.0,0.0,0.0,0.0,0.0,1.0,2.0,0.0,0.0,0.0,1.0,0.0,0.0,0.0,0.0,0.0,0.0,0.0,0.0,0.0,0.0,0.0,1.0,0.0,1.0,1.0,1.0,0.0,0.0,1.0,0.0,0.0,1.0,0.0,0.0,0.0,0.0,3.0,0.0,0.0,3.0,1.0,0.0,0.0,1.0,1.0,0.0,1.0,3.0,1.0,3.0,2.0,1.0,0.0,0.0,2.0,1.0,1.0,0.0,1.0,5.0,0.0,0.0,3.0,1.0,O=C(NCC(O)C(=O)O)c1ccc(CN(c2ccc3c(c2)CCC3)c2nc(-c3ccc(OC(F)(F)F)cc3)cs2)cc1
CHEMBL4110618,Active,29.0,4.0,1.0,2.0,0.0,1.0,2.0,3.0,41.0,3.0,1.0,3.0,0.0,2.0,4.0,5.0,1.0,0.0,0.0,0.0,0.0,0.0,0.0,43.0,4.0,3.0,3.0,0.0,2.0,4.0,2.0,0.0,46.0,6.0,2.0,3.0,0.0,1.0,5.0,2.0,0.0,52.0,7.0,1.0,5.0,0.0,1.0,2.0,0.0,2.0,0.0,0.0,0.0,0.0,52.0,9.0,1.0,5.0,0.0,2.0,4.0,0.0,0.0,0.0,0.0,0.0,0.0,0.0,0.0,0.0,0.0,44.0,8.0,2.0,4.0,0.0,4.0,8.0,0.0,0.0,0.0,0.0,0.0,32.0,7.0,3.0,1.0,0.0,5.0,10.0,0.0,0.0,0.0,0.0,0.0,18.0,11.0,5.0,1.0,0.0,5.0,9.0,0.0,0.0,0.0,0.0,0.0,0.0,0.0,10.0,14.0,4.0,0.0,0.0,3.0,4.0,0.0,0.0,0.0,0.0,2.0,0.0,0.0,0.0,0.0,2.0,1.0,0.0,0.0,0.0,1.0,0.0,0.0,2.0,1.0,0.0,1.0,0.0,0.0,0.0,0.0,1.0,0.0,2.0,0.0,1.0,0.0,0.0,0.0,7.0,1.0,4.0,0.0,0.0,0.0,0.0,0.0,0.0,0.0,3.0,0.0,0.0,0.0,0.0,0.0,0.0,0.0,0.0,0.0,3.0,2.0,0.0,0.0,2.0,1.0,0.0,0.0,0.0,0.0,0.0,0.0,0.0,0.0,0.0,0.0,0.0,0.0,0.0,0.0,0.0,0.0,0.0,0.0,0.0,0.0,0.0,0.0,0.0,0.0,0.0,0.0,1.0,1.0,1.0,0.0,0.0,0.0,0.0,0.0,0.0,0.0,0.0,0.0,0.0,1.0,1.0,0.0,0.0,1.0,0.0,0.0,0.0,0.0,1.0,0.0,0.0,0.0,0.0,CCCC(c1ccc(C(=O)Nc2nnn[nH]2)cc1)C(c1ccc(Cl)cc1)c1csc2c(Br)cc(C)cc12
CHEMBL4226770,Inactive,33.0,5.0,3.0,0.0,0.0,2.0,2.0,1.0,43.0,11.0,3.0,0.0,0.0,4.0,4.0,0.0,1.0,1.0,0.0,0.0,0.0,0.0,0.0,44.0,15.0,5.0,0.0,0.0,4.0,4.0,0.0,0.0,44.0,15.0,3.0,0.0,0.0,4.0,4.0,2.0,0.0,49.0,13.0,4.0,0.0,0.0,2.0,2.0,0.0,0.0,0.0,2.0,2.0,0.0,54.0,8.0,3.0,0.0,0.0,4.0,4.0,0.0,0.0,0.0,2.0,2.0,2.0,0.0,0.0,0.0,0.0,54.0,3.0,5.0,0.0,0.0,4.0,4.0,1.0,1.0,0.0,0.0,0.0,49.0,2.0,5.0,0.0,0.0,8.0,8.0,1.0,1.0,0.0,0.0,0.0,37.0,5.0,5.0,0.0,0.0,10.0,10.0,0.0,0.0,0.0,0.0,0.0,0.0,0.0,24.0,6.0,6.0,0.0,0.0,10.0,10.0,0.0,0.0,0.0,0.0,1.0,1.0,0.0,0.0,0.0,2.0,0.0,0.0,0.0,0.0,1.0,0.0,1.0,2.0,1.0,0.0,1.0,0.0,0.0,1.0,0.0,2.0,0.0,1.0,0.0,2.0,0.0,0.0,1.0,7.0,2.0,3.0,0.0,0.0,0.0,0.0,0.0,0.0,1.0,1.0,0.0,0.0,0.0,0.0,0.0,0.0,0.0,0.0,1.0,1.0,0.0,0.0,0.0,0.0,0.0,0.0,0.0,0.0,0.0,0.0,0.0,0.0,0.0,0.0,0.0,1.0,0.0,1.0,1.0,1.0,0.0,0.0,1.0,0.0,0.0,1.0,0.0,0.0,0.0,0.0,1.0,2.0,2.0,2.0,1.0,0.0,0.0,1.0,0.0,0.0,0.0,1.0,0.0,0.0,1.0,1.0,0.0,0.0,1.0,1.0,1.0,0.0,0.0,3.0,0.0,0.0,0.0,0.0,Cc1c(-c2cc(Cl)cc(Cl)c2)nn(C(C)c2ccc(C(=O)NCCC(=O)O)cc2)c1-c1cccc2ccccc12
CHEMBL4228470,Inactive,29.0,5.0,3.0,0.0,0.0,2.0,2.0,1.0,37.0,11.0,3.0,0.0,0.0,4.0,4.0,0.0,1.0,1.0,0.0,0.0,0.0,0.0,0.0,36.0,15.0,5.0,0.0,0.0,4.0,4.0,0.0,0.0,36.0,14.0,3.0,0.0,0.0,4.0,4.0,2.0,0.0,42.0,10.0,4.0,0.0,0.0,2.0,2.0,0.0,0.0,0.0,2.0,2.0,0.0,45.0,6.0,3.0,0.0,0.0,4.0,4.0,0.0,0.0,0.0,2.0,2.0,2.0,0.0,0.0,0.0,0.0,44.0,3.0,5.0,0.0,0.0,4.0,4.0,1.0,1.0,0.0,0.0,0.0,37.0,2.0,5.0,0.0,0.0,8.0,8.0,1.0,1.0,0.0,0.0,0.0,27.0,5.0,5.0,0.0,0.0,8.0,8.0,0.0,0.0,0.0,0.0,0.0,0.0,0.0,19.0,6.0,6.0,0.0,0.0,6.0,6.0,0.0,0.0,0.0,0.0,1.0,1.0,0.0,0.0,0.0,2.0,0.0,0.0,0.0,0.0,1.0,0.0,1.0,3.0,1.0,0.0,1.0,0.0,0.0,1.0,0.0,2.0,0.0,2.0,0.0,2.0,0.0,0.0,1.0,8.0,2.0,3.0,0.0,0.0,0.0,0.0,0.0,0.0,1.0,1.0,0.0,0.0,0.0,0.0,0.0,0.0,0.0,0.0,1.0,1.0,0.0,0.0,0.0,0.0,0.0,0.0,0.0,0.0,0.0,0.0,0.0,0.0,0.0,0.0,0.0,1.0,0.0,1.0,1.0,1.0,0.0,0.0,1.0,0.0,0.0,1.0,0.0,0.0,0.0,0.0,1.0,2.0,2.0,2.0,1.0,0.0,0.0,1.0,0.0,0.0,0.0,1.0,0.0,0.0,1.0,1.0,0.0,0.0,1.0,1.0,1.0,0.0,0.0,3.0,0.0,0.0,0.0,0.0,Cc1ccc(-c2c(C)c(-c3cc(Cl)cc(Cl)c3)nn2C(C)c2ccc(C(=O)NCCC(=O)O)cc2)cc1
CHEMBL154159,Active,30.0,8.0,3.0,0.0,0.0,2.0,2.0,1.0,41.0,10.0,4.0,0.0,0.0,4.0,4.0,0.0,2.0,0.0,0.0,0.0,0.0,0.0,0.0,41.0,9.0,7.0,0.0,0.0,4.0,4.0,1.0,1.0,29.0,15.0,8.0,0.0,0.0,3.0,3.0,0.0,0.0,28.0,15.0,6.0,0.0,0.0,1.0,1.0,0.0,1.0,0.0,1.0,1.0,0.0,29.0,12.0,6.0,0.0,0.0,0.0,0.0,0.0,1.0,0.0,2.0,2.0,1.0,0.0,0.0,0.0,0.0,31.0,9.0,6.0,0.0,0.0,3.0,3.0,0.0,1.0,0.0,0.0,0.0,33.0,5.0,6.0,0.0,0.0,3.0,3.0,1.0,1.0,0.0,0.0,0.0,31.0,5.0,5.0,0.0,0.0,2.0,2.0,1.0,1.0,0.0,1.0,0.0,0.0,0.0,27.0,7.0,5.0,0.0,0.0,4.0,4.0,0.0,0.0,0.0,0.0,0.0,0.0,0.0,0.0,0.0,6.0,0.0,0.0,0.0,0.0,2.0,0.0,1.0,0.0,1.0,0.0,1.0,0.0,0.0,1.0,0.0,2.0,0.0,1.0,1.0,2.0,0.0,0.0,1.0,9.0,2.0,3.0,1.0,0.0,0.0,0.0,0.0,0.0,1.0,0.0,0.0,0.0,0.0,0.0,0.0,0.0,0.0,0.0,0.0,1.0,0.0,0.0,0.0,0.0,0.0,0.0,0.0,0.0,0.0,0.0,0.0,0.0,0.0,0.0,0.0,0.0,0.0,0.0,0.0,5.0,5.0,4.0,10.0,2.0,0.0,2.0,4.0,0.0,0.0,0.0,0.0,2.0,2.0,7.0,6.0,2.0,0.0,2.0,0.0,0.0,0.0,0.0,0.0,0.0,4.0,2.0,0.0,0.0,2.0,0.0,0.0,2.0,0.0,3.0,0.0,0.0,0.0,0.0,O=C(NN=Cc1ccc(CC(=O)N2CCN(Cc3ccc(Cl)cc3)CC2)c2ccccc12)c1ccc(O)c(Cl)c1
CHEMBL421795,Inactive,24.0,5.0,6.0,0.0,0.0,1.0,1.0,1.0,32.0,7.0,8.0,0.0,0.0,2.0,2.0,0.0,1.0,0.0,0.0,0.0,0.0,0.0,0.0,30.0,8.0,9.0,0.0,0.0,2.0,2.0,0.0,2.0,19.0,11.0,8.0,0.0,0.0,2.0,2.0,1.0,1.0,16.0,10.0,8.0,0.0,0.0,0.0,0.0,0.0,1.0,0.0,1.0,1.0,0.0,20.0,5.0,6.0,0.0,0.0,0.0,0.0,0.0,2.0,0.0,1.0,1.0,1.0,0.0,0.0,0.0,0.0,24.0,2.0,5.0,0.0,0.0,1.0,1.0,0.0,3.0,0.0,0.0,1.0,23.0,4.0,9.0,0.0,0.0,1.0,1.0,0.0,0.0,0.0,0.0,0.0,26.0,1.0,6.0,0.0,0.0,2.0,2.0,1.0,0.0,0.0,0.0,1.0,0.0,0.0,20.0,2.0,8.0,0.0,0.0,2.0,2.0,1.0,0.0,0.0,0.0,0.0,0.0,0.0,0.0,0.0,5.0,0.0,0.0,0.0,0.0,2.0,0.0,0.0,1.0,1.0,0.0,1.0,0.0,0.0,1.0,0.0,1.0,0.0,0.0,2.0,1.0,0.0,2.0,1.0,8.0,1.0,2.0,0.0,0.0,0.0,0.0,0.0,0.0,0.0,0.0,0.0,0.0,0.0,0.0,0.0,0.0,0.0,0.0,0.0,1.0,0.0,0.0,0.0,0.0,0.0,0.0,0.0,0.0,0.0,0.0,0.0,0.0,0.0,0.0,0.0,0.0,0.0,0.0,0.0,2.0,2.0,1.0,4.0,0.0,0.0,0.0,1.0,0.0,0.0,1.0,1.0,1.0,1.0,4.0,3.0,0.0,0.0,0.0,0.0,0.0,2.0,2.0,2.0,0.0,3.0,1.0,0.0,0.0,2.0,0.0,0.0,0.0,1.0,4.0,0.0,0.0,0.0,0.0,COc1cc(OCCN2CCc3ccccc3C2)ccc1C=NNC(=O)c1ccc(O)c(Cl)c1
CHEMBL154316,Active,31.0,5.0,6.0,0.0,0.0,1.0,2.0,1.0,41.0,7.0,10.0,0.0,0.0,2.0,4.0,0.0,2.0,0.0,0.0,0.0,0.0,0.0,0.0,41.0,7.0,13.0,0.0,0.0,2.0,4.0,0.0,2.0,29.0,11.0,14.0,0.0,0.0,2.0,3.0,1.0,0.0,24.0,13.0,12.0,0.0,0.0,0.0,1.0,0.0,0.0,0.0,1.0,1.0,0.0,25.0,10.0,8.0,0.0,0.0,0.0,2.0,0.0,2.0,0.0,1.0,1.0,2.0,1.0,0.0,0.0,0.0,30.0,6.0,9.0,0.0,0.0,1.0,3.0,0.0,2.0,0.0,0.0,1.0,33.0,4.0,12.0,0.0,0.0,1.0,1.0,0.0,0.0,0.0,1.0,0.0,34.0,1.0,8.0,0.0,0.0,2.0,3.0,1.0,1.0,0.0,0.0,1.0,0.0,0.0,29.0,2.0,9.0,0.0,0.0,3.0,4.0,1.0,1.0,0.0,0.0,0.0,0.0,0.0,0.0,0.0,5.0,0.0,0.0,0.0,0.0,2.0,0.0,1.0,0.0,1.0,0.0,1.0,0.0,0.0,2.0,1.0,2.0,0.0,1.0,1.0,1.0,0.0,1.0,2.0,9.0,2.0,5.0,1.0,0.0,0.0,0.0,0.0,0.0,1.0,3.0,0.0,0.0,0.0,0.0,0.0,0.0,0.0,0.0,0.0,2.0,2.0,0.0,0.0,2.0,1.0,0.0,0.0,0.0,0.0,0.0,0.0,0.0,1.0,2.0,2.0,2.0,2.0,2.0,2.0,3.0,3.0,3.0,6.0,2.0,0.0,2.0,3.0,0.0,0.0,2.0,3.0,1.0,1.0,4.0,3.0,2.0,0.0,2.0,0.0,0.0,2.0,2.0,1.0,0.0,3.0,2.0,0.0,0.0,1.0,0.0,2.0,0.0,1.0,5.0,0.0,0.0,0.0,0.0,O=C(NN=Cc1ccc(OCC(=O)N2CCC(O)(c3ccc(Br)cc3)CC2)c2ccccc12)c1ccc(O)c(Cl)c1
CHEMBL3238237,Inactive,34.0,7.0,5.0,0.0,0.0,2.0,2.0,0.0,48.0,11.0,6.0,0.0,0.0,4.0,4.0,1.0,2.0,1.0,0.0,0.0,0.0,0.0,0.0,46.0,14.0,8.0,0.0,0.0,4.0,4.0,0.0,2.0,47.0,13.0,10.0,0.0,0.0,4.0,4.0,2.0,0.0,52.0,13.0,12.0,0.0,0.0,2.0,2.0,0.0,0.0,0.0,2.0,2.0,1.0,62.0,12.0,10.0,0.0,0.0,2.0,2.0,0.0,0.0,0.0,2.0,2.0,2.0,2.0,0.0,0.0,0.0,69.0,5.0,12.0,0.0,0.0,6.0,6.0,1.0,1.0,0.0,0.0,0.0,57.0,5.0,12.0,0.0,0.0,8.0,8.0,0.0,0.0,0.0,0.0,0.0,53.0,5.0,7.0,0.0,0.0,8.0,8.0,1.0,2.0,0.0,0.0,1.0,0.0,0.0,42.0,8.0,10.0,0.0,0.0,8.0,8.0,0.0,1.0,0.0,0.0,3.0,0.0,0.0,1.0,0.0,7.0,4.0,1.0,0.0,0.0,3.0,0.0,0.0,6.0,1.0,0.0,1.0,0.0,0.0,2.0,3.0,3.0,0.0,1.0,0.0,2.0,0.0,0.0,2.0,23.0,3.0,19.0,1.0,0.0,9.0,2.0,1.0,0.0,2.0,23.0,0.0,0.0,0.0,3.0,14.0,7.0,4.0,2.0,1.0,2.0,18.0,0.0,0.0,1.0,17.0,0.0,0.0,9.0,6.0,7.0,3.0,7.0,11.0,5.0,3.0,6.0,3.0,4.0,1.0,7.0,4.0,5.0,9.0,3.0,0.0,4.0,5.0,0.0,0.0,0.0,3.0,2.0,2.0,6.0,4.0,2.0,2.0,3.0,0.0,0.0,1.0,2.0,0.0,0.0,3.0,2.0,0.0,0.0,2.0,1.0,1.0,0.0,1.0,5.0,0.0,0.0,0.0,1.0,CC(C)(C)CCC(c1ccc(C(=O)NCC(O)C(=O)O)cc1)N1C(=O)C(c2cc(Cl)cc(Cl)c2)=NC12CCC(C(C)(C)C)CC2
CHEMBL4228215,Inactive,28.0,5.0,3.0,0.0,0.0,2.0,2.0,1.0,35.0,11.0,3.0,0.0,0.0,4.0,4.0,0.0,1.0,1.0,0.0,0.0,0.0,0.0,0.0,34.0,15.0,5.0,0.0,0.0,4.0,4.0,0.0,0.0,35.0,14.0,3.0,0.0,0.0,4.0,4.0,2.0,0.0,41.0,10.0,4.0,0.0,0.0,2.0,2.0,0.0,0.0,0.0,2.0,2.0,0.0,44.0,5.0,3.0,0.0,0.0,4.0,4.0,0.0,0.0,0.0,2.0,2.0,2.0,0.0,0.0,0.0,0.0,41.0,2.0,5.0,0.0,0.0,4.0,4.0,1.0,1.0,0.0,0.0,0.0,34.0,2.0,5.0,0.0,0.0,8.0,8.0,1.0,1.0,0.0,0.0,0.0,23.0,5.0,5.0,0.0,0.0,8.0,8.0,0.0,0.0,0.0,0.0,0.0,0.0,0.0,15.0,6.0,6.0,0.0,0.0,6.0,6.0,0.0,0.0,0.0,0.0,1.0,1.0,0.0,0.0,0.0,2.0,0.0,0.0,0.0,0.0,1.0,0.0,1.0,2.0,1.0,0.0,1.0,0.0,0.0,1.0,0.0,2.0,0.0,1.0,0.0,2.0,0.0,0.0,1.0,7.0,2.0,3.0,0.0,0.0,0.0,0.0,0.0,0.0,1.0,1.0,0.0,0.0,0.0,0.0,0.0,0.0,0.0,0.0,1.0,1.0,0.0,0.0,0.0,0.0,0.0,0.0,0.0,0.0,0.0,0.0,0.0,0.0,0.0,0.0,0.0,1.0,0.0,1.0,1.0,1.0,0.0,0.0,1.0,0.0,0.0,1.0,0.0,0.0,0.0,0.0,1.0,2.0,2.0,2.0,1.0,0.0,0.0,1.0,0.0,0.0,0.0,1.0,0.0,0.0,1.0,1.0,0.0,0.0,1.0,1.0,1.0,0.0,0.0,3.0,0.0,0.0,0.0,0.0,Cc1c(-c2cc(Cl)cc(Cl)c2)nn(C(C)c2ccc(C(=O)NCCC(=O)O)cc2)c1-c1ccccc1
CHEMBL4227068,Inactive,27.0,5.0,3.0,0.0,0.0,3.0,3.0,1.0,34.0,10.0,3.0,0.0,0.0,6.0,6.0,0.0,1.0,1.0,0.0,0.0,0.0,0.0,0.0,31.0,14.0,5.0,0.0,0.0,6.0,6.0,0.0,0.0,30.0,14.0,3.0,0.0,0.0,5.0,5.0,2.0,0.0,36.0,10.0,4.0,0.0,0.0,3.0,3.0,0.0,0.0,0.0,2.0,2.0,0.0,39.0,5.0,3.0,0.0,0.0,5.0,5.0,0.0,0.0,0.0,3.0,3.0,2.0,0.0,0.0,0.0,0.0,38.0,1.0,4.0,0.0,0.0,7.0,7.0,1.0,1.0,0.0,1.0,0.0,32.0,2.0,5.0,0.0,0.0,8.0,8.0,1.0,1.0,0.0,0.0,0.0,22.0,5.0,5.0,0.0,0.0,12.0,12.0,0.0,0.0,0.0,0.0,0.0,0.0,0.0,14.0,6.0,6.0,0.0,0.0,10.0,10.0,0.0,0.0,0.0,0.0,0.0,0.0,0.0,0.0,0.0,3.0,0.0,0.0,0.0,0.0,1.0,0.0,1.0,1.0,1.0,0.0,1.0,0.0,0.0,1.0,0.0,2.0,0.0,2.0,0.0,3.0,0.0,0.0,1.0,6.0,2.0,2.0,0.0,0.0,0.0,0.0,0.0,0.0,1.0,1.0,0.0,0.0,0.0,0.0,0.0,0.0,0.0,0.0,1.0,0.0,0.0,0.0,0.0,0.0,0.0,0.0,0.0,0.0,0.0,0.0,0.0,0.0,0.0,0.0,0.0,1.0,0.0,1.0,1.0,1.0,0.0,0.0,1.0,0.0,0.0,1.0,0.0,0.0,0.0,0.0,1.0,3.0,3.0,2.0,1.0,0.0,0.0,1.0,0.0,0.0,0.0,1.0,0.0,0.0,1.0,1.0,0.0,0.0,1.0,1.0,1.0,0.0,0.0,3.0,0.0,0.0,0.0,0.0,Cc1c(-c2cc(Cl)cc(Cl)c2)nn(Cc2ccc(C(=O)NCCC(=O)O)cc2)c1-c1ccc(Cl)cc1
CHEMBL3917291,Active,32.0,3.0,3.0,2.0,0.0,2.0,2.0,0.0,43.0,3.0,3.0,4.0,0.0,4.0,4.0,0.0,1.0,1.0,0.0,0.0,0.0,0.0,0.0,47.0,5.0,5.0,4.0,0.0,4.0,4.0,0.0,0.0,53.0,4.0,3.0,3.0,0.0,4.0,4.0,2.0,0.0,61.0,4.0,4.0,4.0,0.0,3.0,3.0,0.0,0.0,0.0,1.0,1.0,0.0,61.0,3.0,3.0,5.0,0.0,5.0,5.0,0.0,0.0,0.0,0.0,0.0,2.0,0.0,0.0,0.0,0.0,51.0,4.0,6.0,4.0,0.0,8.0,8.0,0.0,0.0,0.0,0.0,0.0,35.0,7.0,7.0,1.0,0.0,11.0,11.0,0.0,0.0,0.0,0.0,0.0,22.0,10.0,7.0,1.0,0.0,9.0,9.0,0.0,0.0,0.0,0.0,0.0,0.0,0.0,15.0,9.0,7.0,0.0,0.0,4.0,4.0,0.0,0.0,0.0,0.0,2.0,0.0,0.0,0.0,0.0,4.0,1.0,0.0,0.0,0.0,2.0,0.0,1.0,2.0,1.0,0.0,1.0,0.0,0.0,1.0,0.0,2.0,0.0,2.0,0.0,2.0,0.0,0.0,1.0,11.0,2.0,6.0,0.0,0.0,0.0,0.0,0.0,0.0,1.0,4.0,0.0,0.0,0.0,0.0,0.0,0.0,0.0,0.0,1.0,3.0,2.0,0.0,0.0,2.0,1.0,0.0,0.0,0.0,0.0,0.0,0.0,0.0,0.0,0.0,0.0,1.0,0.0,1.0,1.0,1.0,0.0,0.0,1.0,0.0,0.0,1.0,0.0,0.0,0.0,0.0,1.0,2.0,2.0,2.0,1.0,0.0,0.0,1.0,0.0,0.0,0.0,1.0,0.0,0.0,2.0,1.0,0.0,0.0,1.0,1.0,1.0,0.0,0.0,3.0,0.0,0.0,0.0,0.0,CCCC(c1ccc(C(=O)NCCC(=O)O)cc1)C(c1ccc(Cl)cc1)c1c(C)sc2c(C#N)cc(Cl)cc12
CHEMBL3974805,Active,32.0,3.0,3.0,2.0,0.0,2.0,2.0,0.0,44.0,3.0,3.0,3.0,0.0,4.0,4.0,0.0,1.0,1.0,0.0,0.0,0.0,0.0,0.0,45.0,5.0,5.0,4.0,0.0,4.0,4.0,0.0,0.0,51.0,4.0,3.0,3.0,0.0,4.0,4.0,2.0,0.0,58.0,4.0,4.0,4.0,0.0,3.0,3.0,0.0,0.0,0.0,1.0,1.0,0.0,62.0,2.0,3.0,5.0,0.0,4.0,4.0,0.0,0.0,0.0,0.0,0.0,2.0,0.0,0.0,0.0,0.0,52.0,4.0,6.0,5.0,0.0,8.0,8.0,0.0,0.0,0.0,0.0,0.0,38.0,7.0,7.0,1.0,0.0,10.0,10.0,0.0,0.0,0.0,0.0,0.0,23.0,11.0,8.0,1.0,0.0,11.0,11.0,0.0,0.0,0.0,0.0,0.0,0.0,0.0,16.0,9.0,6.0,0.0,0.0,4.0,4.0,0.0,0.0,0.0,0.0,3.0,1.0,0.0,0.0,1.0,3.0,2.0,0.0,0.0,0.0,1.0,0.0,1.0,2.0,1.0,0.0,1.0,0.0,0.0,1.0,0.0,2.0,0.0,2.0,0.0,2.0,0.0,0.0,1.0,11.0,2.0,7.0,0.0,0.0,1.0,0.0,0.0,0.0,1.0,6.0,0.0,0.0,0.0,0.0,1.0,0.0,0.0,0.0,1.0,3.0,3.0,0.0,0.0,2.0,2.0,0.0,0.0,0.0,0.0,0.0,0.0,0.0,0.0,0.0,0.0,1.0,0.0,1.0,1.0,1.0,0.0,0.0,1.0,0.0,0.0,1.0,0.0,0.0,0.0,0.0,1.0,2.0,2.0,2.0,1.0,0.0,0.0,1.0,0.0,0.0,0.0,1.0,0.0,0.0,2.0,1.0,0.0,0.0,1.0,1.0,1.0,0.0,0.0,3.0,0.0,0.0,0.0,0.0,CC(C)CC(c1ccc(C(=O)NCCC(=O)O)cc1)C(c1ccc(Cl)cc1)c1csc2c(C#N)cc(Cl)cc12
CHEMBL3656286,Inactive,26.0,7.0,4.0,0.0,1.0,0.0,1.0,0.0,35.0,11.0,4.0,0.0,2.0,0.0,2.0,1.0,2.0,1.0,0.0,0.0,0.0,0.0,0.0,35.0,10.0,8.0,0.0,2.0,0.0,2.0,0.0,1.0,34.0,11.0,9.0,0.0,2.0,0.0,2.0,2.0,0.0,40.0,11.0,9.0,0.0,1.0,0.0,1.0,0.0,0.0,1.0,0.0,1.0,0.0,46.0,6.0,7.0,0.0,1.0,0.0,1.0,0.0,0.0,1.0,0.0,1.0,2.0,1.0,0.0,0.0,0.0,42.0,5.0,9.0,0.0,3.0,0.0,3.0,1.0,1.0,0.0,0.0,0.0,28.0,5.0,8.0,0.0,2.0,0.0,2.0,0.0,0.0,0.0,0.0,0.0,26.0,5.0,6.0,0.0,3.0,0.0,3.0,1.0,2.0,0.0,0.0,1.0,0.0,0.0,21.0,6.0,7.0,0.0,3.0,0.0,3.0,0.0,0.0,0.0,0.0,1.0,0.0,0.0,0.0,0.0,4.0,1.0,0.0,0.0,0.0,2.0,0.0,1.0,5.0,1.0,0.0,1.0,0.0,0.0,1.0,2.0,3.0,0.0,1.0,0.0,0.0,1.0,0.0,1.0,16.0,3.0,11.0,1.0,0.0,4.0,2.0,1.0,0.0,2.0,10.0,0.0,0.0,0.0,1.0,3.0,0.0,0.0,0.0,1.0,2.0,4.0,0.0,0.0,1.0,3.0,0.0,0.0,0.0,0.0,0.0,0.0,0.0,3.0,1.0,1.0,2.0,1.0,2.0,1.0,7.0,4.0,5.0,9.0,3.0,0.0,4.0,5.0,0.0,0.0,0.0,1.0,0.0,0.0,6.0,4.0,2.0,2.0,3.0,0.0,0.0,0.0,1.0,0.0,1.0,3.0,2.0,0.0,0.0,2.0,1.0,1.0,0.0,0.0,4.0,0.0,0.0,0.0,0.0,CC(C)(C)CCC(c1ccc(C(=O)NCCC(=O)O)cc1)N1C(=O)C(c2cccc(F)c2)=NC1(C)C
CHEMBL106795,Inactive,14.0,2.0,6.0,0.0,3.0,0.0,3.0,1.0,18.0,4.0,7.0,0.0,0.0,0.0,0.0,0.0,1.0,0.0,3.0,3.0,3.0,3.0,3.0,15.0,6.0,8.0,0.0,3.0,0.0,3.0,0.0,1.0,8.0,8.0,8.0,0.0,6.0,0.0,6.0,0.0,0.0,8.0,6.0,4.0,0.0,6.0,0.0,6.0,0.0,1.0,0.0,0.0,0.0,1.0,9.0,3.0,3.0,0.0,3.0,0.0,3.0,0.0,3.0,0.0,0.0,0.0,1.0,0.0,0.0,0.0,0.0,10.0,2.0,3.0,0.0,3.0,0.0,3.0,0.0,2.0,0.0,0.0,0.0,11.0,1.0,4.0,0.0,0.0,0.0,0.0,0.0,0.0,3.0,3.0,0.0,10.0,0.0,4.0,0.0,0.0,0.0,0.0,0.0,0.0,3.0,3.0,1.0,0.0,0.0,7.0,0.0,7.0,0.0,3.0,0.0,3.0,0.0,0.0,0.0,0.0,0.0,0.0,0.0,0.0,0.0,0.0,0.0,0.0,0.0,0.0,0.0,0.0,0.0,1.0,1.0,0.0,1.0,0.0,0.0,1.0,1.0,1.0,0.0,1.0,1.0,0.0,3.0,2.0,1.0,4.0,1.0,0.0,0.0,0.0,0.0,0.0,0.0,0.0,0.0,0.0,0.0,0.0,0.0,0.0,0.0,0.0,0.0,0.0,0.0,0.0,0.0,0.0,0.0,0.0,0.0,0.0,0.0,0.0,0.0,0.0,0.0,0.0,0.0,0.0,0.0,0.0,0.0,0.0,0.0,0.0,0.0,0.0,0.0,0.0,0.0,0.0,0.0,0.0,0.0,0.0,0.0,0.0,0.0,1.0,0.0,0.0,0.0,0.0,0.0,0.0,0.0,2.0,2.0,3.0,2.0,1.0,0.0,0.0,1.0,0.0,0.0,0.0,0.0,4.0,0.0,0.0,3.0,0.0,COc1cc(C(=O)NN=Cc2ccc(OC(F)(F)F)cc2)ccc1O
CHEMBL3798581,Inactive,36.0,5.0,3.0,0.0,0.0,2.0,2.0,1.0,47.0,11.0,3.0,0.0,0.0,4.0,4.0,0.0,1.0,1.0,0.0,0.0,0.0,0.0,0.0,45.0,14.0,5.0,0.0,0.0,4.0,4.0,0.0,0.0,43.0,15.0,3.0,0.0,0.0,4.0,4.0,2.0,0.0,47.0,11.0,5.0,0.0,0.0,2.0,2.0,0.0,0.0,0.0,2.0,2.0,0.0,50.0,7.0,4.0,0.0,0.0,2.0,2.0,0.0,0.0,0.0,2.0,2.0,2.0,0.0,0.0,0.0,0.0,52.0,4.0,4.0,0.0,0.0,4.0,4.0,1.0,1.0,0.0,0.0,0.0,47.0,6.0,5.0,0.0,0.0,8.0,8.0,1.0,1.0,0.0,0.0,0.0,39.0,8.0,7.0,0.0,0.0,10.0,10.0,0.0,0.0,0.0,0.0,0.0,0.0,0.0,36.0,6.0,7.0,0.0,0.0,6.0,6.0,0.0,0.0,0.0,0.0,1.0,0.0,0.0,0.0,0.0,4.0,1.0,0.0,0.0,0.0,2.0,0.0,1.0,0.0,1.0,0.0,1.0,0.0,0.0,1.0,0.0,2.0,0.0,1.0,1.0,2.0,0.0,0.0,1.0,7.0,2.0,4.0,0.0,0.0,0.0,0.0,0.0,0.0,1.0,2.0,0.0,0.0,0.0,0.0,0.0,0.0,0.0,0.0,1.0,2.0,0.0,0.0,0.0,1.0,0.0,0.0,0.0,0.0,0.0,0.0,0.0,0.0,0.0,0.0,0.0,1.0,0.0,1.0,1.0,1.0,0.0,0.0,1.0,0.0,0.0,1.0,0.0,0.0,0.0,0.0,1.0,2.0,2.0,2.0,1.0,0.0,0.0,1.0,0.0,0.0,0.0,1.0,0.0,0.0,1.0,1.0,0.0,0.0,1.0,1.0,1.0,0.0,0.0,3.0,0.0,0.0,0.0,0.0,O=C(O)CCNC(=O)c1ccc2c(c1)CCC2n1nc(-c2cc(Cl)cc(Cl)c2)cc1-c1ccc(-c2ccccc2)cc1
CHEMBL2159342,Active,35.0,5.0,3.0,0.0,0.0,2.0,2.0,1.0,46.0,11.0,3.0,0.0,0.0,4.0,4.0,0.0,1.0,1.0,0.0,0.0,0.0,0.0,0.0,47.0,13.0,5.0,0.0,0.0,4.0,4.0,0.0,0.0,43.0,14.0,3.0,0.0,0.0,4.0,4.0,2.0,0.0,46.0,11.0,4.0,0.0,0.0,2.0,2.0,0.0,0.0,0.0,2.0,2.0,0.0,50.0,8.0,3.0,0.0,0.0,2.0,2.0,0.0,0.0,0.0,2.0,2.0,2.0,0.0,0.0,0.0,0.0,50.0,5.0,5.0,0.0,0.0,4.0,4.0,1.0,1.0,0.0,0.0,0.0,48.0,4.0,5.0,0.0,0.0,8.0,8.0,1.0,1.0,0.0,0.0,0.0,41.0,8.0,5.0,0.0,0.0,8.0,8.0,0.0,0.0,0.0,0.0,0.0,0.0,0.0,36.0,7.0,5.0,0.0,0.0,8.0,8.0,0.0,0.0,0.0,0.0,2.0,2.0,0.0,0.0,1.0,2.0,0.0,0.0,0.0,0.0,1.0,0.0,1.0,3.0,1.0,0.0,1.0,0.0,0.0,1.0,0.0,2.0,0.0,1.0,2.0,2.0,0.0,0.0,1.0,9.0,2.0,5.0,0.0,0.0,0.0,0.0,0.0,0.0,1.0,2.0,0.0,0.0,0.0,0.0,0.0,0.0,0.0,0.0,1.0,3.0,0.0,0.0,0.0,0.0,0.0,0.0,0.0,0.0,0.0,0.0,0.0,0.0,0.0,0.0,0.0,1.0,0.0,1.0,1.0,1.0,0.0,0.0,1.0,0.0,0.0,1.0,0.0,0.0,0.0,0.0,1.0,2.0,2.0,2.0,1.0,0.0,0.0,1.0,0.0,0.0,0.0,1.0,0.0,0.0,1.0,1.0,0.0,0.0,1.0,1.0,1.0,0.0,0.0,3.0,0.0,0.0,0.0,0.0,CC(C)c1ccc2cc(-c3cc(-c4cc(Cl)cc(Cl)c4)nn3C(C)c3ccc(C(=O)NCCC(=O)O)cc3)ccc2c1
CHEMBL2159349,Active,33.0,5.0,5.0,0.0,3.0,1.0,4.0,1.0,44.0,11.0,5.0,0.0,3.0,2.0,5.0,0.0,1.0,1.0,0.0,0.0,3.0,3.0,3.0,45.0,13.0,7.0,0.0,6.0,2.0,8.0,0.0,0.0,41.0,14.0,5.0,0.0,6.0,3.0,9.0,2.0,0.0,43.0,12.0,6.0,0.0,6.0,1.0,7.0,0.0,0.0,0.0,1.0,1.0,0.0,48.0,9.0,4.0,0.0,3.0,1.0,4.0,0.0,0.0,3.0,1.0,4.0,2.0,0.0,0.0,0.0,0.0,50.0,5.0,6.0,0.0,3.0,2.0,5.0,1.0,1.0,3.0,3.0,0.0,50.0,3.0,6.0,0.0,6.0,4.0,10.0,1.0,2.0,0.0,0.0,0.0,42.0,6.0,7.0,0.0,12.0,4.0,16.0,0.0,1.0,0.0,0.0,0.0,0.0,0.0,35.0,6.0,8.0,0.0,12.0,4.0,16.0,0.0,0.0,0.0,0.0,1.0,1.0,0.0,0.0,0.0,2.0,0.0,0.0,0.0,0.0,1.0,0.0,1.0,2.0,1.0,0.0,1.0,0.0,0.0,1.0,1.0,2.0,0.0,1.0,2.0,1.0,3.0,1.0,1.0,8.0,2.0,3.0,0.0,0.0,0.0,0.0,0.0,0.0,1.0,1.0,0.0,0.0,0.0,0.0,0.0,0.0,0.0,0.0,1.0,1.0,0.0,0.0,0.0,0.0,0.0,0.0,0.0,0.0,0.0,0.0,0.0,0.0,0.0,0.0,0.0,1.0,0.0,1.0,1.0,1.0,0.0,0.0,1.0,0.0,0.0,1.0,0.0,0.0,0.0,0.0,1.0,1.0,1.0,2.0,1.0,0.0,0.0,1.0,0.0,0.0,0.0,2.0,1.0,3.0,1.0,1.0,0.0,0.0,1.0,1.0,1.0,0.0,0.0,4.0,0.0,0.0,0.0,0.0,COc1ccc2cc(-c3cc(-c4cc(Cl)cc(C(F)(F)F)c4)nn3C(C)c3ccc(C(=O)NCCC(=O)O)cc3)ccc2c1
CHEMBL2159351,Active,34.0,5.0,7.0,0.0,0.0,1.0,1.0,1.0,44.0,11.0,8.0,0.0,0.0,2.0,2.0,0.0,1.0,1.0,0.0,0.0,0.0,0.0,0.0,46.0,13.0,10.0,0.0,0.0,2.0,2.0,0.0,0.0,44.0,14.0,7.0,0.0,0.0,2.0,2.0,2.0,0.0,48.0,11.0,7.0,0.0,0.0,2.0,2.0,0.0,1.0,0.0,1.0,1.0,0.0,52.0,9.0,5.0,0.0,0.0,2.0,2.0,0.0,1.0,0.0,1.0,1.0,2.0,0.0,0.0,0.0,0.0,52.0,7.0,8.0,0.0,0.0,3.0,3.0,1.0,1.0,0.0,0.0,0.0,50.0,5.0,10.0,0.0,0.0,4.0,4.0,1.0,2.0,0.0,0.0,0.0,45.0,7.0,11.0,0.0,0.0,4.0,4.0,0.0,1.0,0.0,0.0,0.0,0.0,0.0,41.0,6.0,12.0,0.0,0.0,4.0,4.0,0.0,0.0,0.0,0.0,1.0,1.0,0.0,0.0,0.0,4.0,0.0,0.0,0.0,0.0,2.0,0.0,1.0,3.0,1.0,0.0,1.0,0.0,0.0,1.0,0.0,2.0,0.0,1.0,2.0,1.0,0.0,2.0,1.0,10.0,2.0,5.0,0.0,0.0,0.0,0.0,0.0,0.0,1.0,2.0,0.0,0.0,0.0,0.0,0.0,0.0,0.0,0.0,1.0,1.0,0.0,0.0,0.0,0.0,0.0,0.0,0.0,0.0,0.0,0.0,0.0,0.0,0.0,0.0,0.0,1.0,0.0,1.0,2.0,1.0,0.0,0.0,1.0,0.0,0.0,1.0,0.0,0.0,0.0,0.0,2.0,1.0,1.0,2.0,1.0,0.0,0.0,1.0,0.0,0.0,0.0,3.0,2.0,0.0,1.0,1.0,0.0,0.0,1.0,1.0,1.0,0.0,0.0,5.0,0.0,0.0,0.0,0.0,CCCOc1cc(Cl)cc(-c2cc(-c3ccc4cc(OC)ccc4c3)n(C(C)c3ccc(C(=O)NCCC(=O)O)cc3)n2)c1
CHEMBL413890,Active,122.0,71.0,47.0,2.0,0.0,0.0,0.0,0.0,139.0,93.0,52.0,1.0,0.0,0.0,0.0,6.0,32.0,3.0,0.0,0.0,0.0,0.0,0.0,157.0,64.0,75.0,1.0,0.0,0.0,0.0,28.0,35.0,146.0,111.0,121.0,1.0,0.0,0.0,0.0,12.0,7.0,164.0,125.0,95.0,1.0,0.0,0.0,0.0,7.0,38.0,0.0,0.0,0.0,38.0,205.0,82.0,119.0,2.0,0.0,0.0,0.0,34.0,45.0,0.0,0.0,0.0,10.0,0.0,0.0,0.0,0.0,211.0,124.0,162.0,3.0,0.0,0.0,0.0,6.0,20.0,0.0,0.0,12.0,226.0,137.0,129.0,3.0,0.0,0.0,0.0,11.0,45.0,0.0,0.0,42.0,255.0,92.0,140.0,4.0,0.0,0.0,0.0,33.0,50.0,0.0,0.0,15.0,0.0,0.0,241.0,134.0,176.0,3.0,0.0,0.0,0.0,6.0,22.0,0.0,13.0,33.0,7.0,26.0,27.0,3.0,35.0,24.0,22.0,22.0,21.0,12.0,4.0,8.0,11.0,27.0,26.0,27.0,26.0,11.0,12.0,0.0,35.0,5.0,2.0,0.0,0.0,0.0,0.0,12.0,116.0,35.0,85.0,32.0,27.0,3.0,27.0,26.0,26.0,35.0,60.0,31.0,26.0,25.0,0.0,3.0,0.0,18.0,18.0,34.0,4.0,30.0,22.0,25.0,4.0,12.0,14.0,15.0,1.0,0.0,0.0,0.0,0.0,18.0,36.0,11.0,52.0,0.0,18.0,10.0,90.0,0.0,0.0,80.0,53.0,51.0,53.0,53.0,27.0,27.0,6.0,13.0,0.0,0.0,67.0,27.0,27.0,26.0,27.0,0.0,27.0,6.0,10.0,0.0,0.0,40.0,32.0,28.0,28.0,0.0,3.0,9.0,28.0,7.0,47.0,4.0,27.0,0.0,6.0,CSCCC(NC(=O)C(CC(C)C)NC(=O)C(Cc1c[nH]c2ccccc12)NC(=O)C(CCC(N)=O)NC(=O)C(NC(=O)C(Cc1ccccc1)NC(=O)C(CC(=O)O)NC(=O)C(CCC(N)=O)NC(=O)C(C)NC(=O)C(CCCN=C(N)N)NC(=O)C(CCCN=C(N)N)NC(=O)C(CO)NC(=O)C(CC(=O)O)NC(=O)C(CC(C)C)NC(=O)C(Cc1ccc(O)cc1)NC(=O)C(CCCCN)NC(=O)C(CO)NC(=O)C(Cc1ccc(O)cc1)NC(=O)C(CCC(=O)O)NC(=O)C(CO)NC(=O)C(NC(=O)C(Cc1ccccc1)NC(=O)C(NC(=O)CNC(=O)C(CCC(N)=O)NC(=O)C(N)CO)C(C)O)C(C)O)C(C)C)C(=O)NC(CC(N)=O)C(=O)NC(C(N)=O)C(C)O
CHEMBL4869368,Active,112.0,62.0,40.0,2.0,2.0,0.0,2.0,0.0,129.0,81.0,44.0,1.0,4.0,0.0,4.0,6.0,27.0,3.0,0.0,0.0,0.0,0.0,0.0,143.0,58.0,65.0,1.0,4.0,0.0,4.0,24.0,29.0,132.0,99.0,106.0,1.0,3.0,0.0,3.0,10.0,5.0,147.0,112.0,83.0,1.0,2.0,0.0,2.0,6.0,33.0,0.0,0.0,0.0,33.0,183.0,75.0,104.0,2.0,2.0,0.0,2.0,29.0,38.0,1.0,0.0,1.0,9.0,0.0,0.0,0.0,0.0,190.0,109.0,141.0,3.0,1.0,0.0,1.0,6.0,17.0,2.0,2.0,9.0,205.0,121.0,111.0,3.0,1.0,0.0,1.0,10.0,40.0,1.0,1.0,36.0,229.0,85.0,124.0,4.0,3.0,0.0,3.0,28.0,41.0,0.0,0.0,13.0,0.0,0.0,219.0,121.0,152.0,3.0,3.0,0.0,3.0,6.0,20.0,1.0,10.0,29.0,6.0,23.0,24.0,3.0,31.0,22.0,20.0,20.0,19.0,11.0,4.0,6.0,10.0,25.0,23.0,23.0,23.0,8.0,10.0,0.0,30.0,4.0,2.0,1.0,0.0,2.0,0.0,10.0,102.0,30.0,75.0,27.0,23.0,3.0,24.0,23.0,23.0,30.0,54.0,27.0,23.0,23.0,0.0,3.0,0.0,16.0,16.0,30.0,4.0,27.0,19.0,22.0,4.0,11.0,12.0,13.0,1.0,0.0,0.0,0.0,0.0,16.0,32.0,10.0,46.0,0.0,16.0,8.0,78.0,0.0,0.0,71.0,46.0,46.0,46.0,46.0,23.0,23.0,5.0,10.0,0.0,0.0,58.0,25.0,23.0,23.0,23.0,0.0,23.0,5.0,8.0,0.0,2.0,35.0,27.0,24.0,24.0,0.0,3.0,7.0,24.0,5.0,40.0,4.0,23.0,0.0,5.0,CSCCC(NC(=O)C(CC(C)C)NC(=O)C(Cc1c[nH]c2ccccc12)NC(=O)C(CCC(N)=O)NC(=O)C(NC(=O)C(Cc1ccccc1)NC(=O)C(CC(=O)O)NC(=O)C(CCC(N)=O)NC(=O)C(C)NC(=O)C(CCCNC(=N)N)NC(=O)C(CCCNC(=N)N)NC(=O)C(CO)NC(=O)C(CC(=O)O)NC(=O)C(CC(C)C)NC(=O)C(Cc1ccc(O)cc1)NC(=O)C(CCCCN)NC(=O)C(CO)NC(=O)C(Cc1ccc(O)cc1)NC(=O)C(CCC(=O)O)NC(=O)C(CO)NC(=O)C(NC(=O)C(N)Cc1ccc(F)c(F)c1)C(C)O)C(C)C)C(=O)NC(CC(N)=O)C(=O)NC(C(N)=O)C(C)O
CHEMBL1922916,Active,34.0,5.0,4.0,0.0,0.0,1.0,1.0,0.0,46.0,8.0,5.0,0.0,0.0,2.0,2.0,0.0,1.0,1.0,0.0,0.0,0.0,0.0,0.0,47.0,8.0,8.0,0.0,0.0,2.0,2.0,0.0,1.0,48.0,6.0,8.0,0.0,0.0,2.0,2.0,2.0,0.0,49.0,4.0,11.0,0.0,0.0,1.0,1.0,0.0,0.0,0.0,1.0,1.0,0.0,47.0,7.0,9.0,0.0,0.0,2.0,2.0,0.0,0.0,0.0,0.0,0.0,2.0,0.0,0.0,0.0,0.0,52.0,3.0,7.0,0.0,0.0,3.0,3.0,0.0,0.0,0.0,0.0,0.0,51.0,3.0,8.0,0.0,0.0,4.0,4.0,0.0,0.0,0.0,0.0,0.0,43.0,3.0,7.0,0.0,0.0,3.0,3.0,0.0,1.0,0.0,0.0,1.0,0.0,0.0,34.0,2.0,5.0,0.0,0.0,4.0,4.0,1.0,1.0,0.0,0.0,1.0,0.0,0.0,1.0,0.0,5.0,2.0,2.0,0.0,0.0,2.0,0.0,1.0,4.0,1.0,0.0,1.0,0.0,0.0,1.0,1.0,3.0,0.0,2.0,1.0,1.0,0.0,0.0,1.0,14.0,3.0,10.0,0.0,0.0,2.0,0.0,0.0,0.0,2.0,9.0,0.0,0.0,0.0,0.0,1.0,0.0,0.0,0.0,3.0,4.0,3.0,0.0,1.0,2.0,2.0,0.0,1.0,0.0,0.0,0.0,0.0,0.0,0.0,0.0,0.0,1.0,0.0,1.0,1.0,1.0,0.0,0.0,1.0,0.0,0.0,1.0,0.0,0.0,0.0,0.0,1.0,1.0,1.0,2.0,1.0,0.0,0.0,1.0,0.0,0.0,0.0,1.0,0.0,0.0,1.0,1.0,0.0,0.0,1.0,1.0,1.0,0.0,0.0,4.0,1.0,0.0,0.0,0.0,CCCC(Cc1ccc(C(=O)NCCC(=O)O)cc1)C(=O)c1cc2cc(Cl)ccc2n1-c1ccc(C(C)(C)C)cc1
CHEMBL422833,Inactive,25.0,2.0,1.0,0.0,1.0,0.0,1.0,0.0,32.0,4.0,2.0,0.0,2.0,0.0,2.0,0.0,0.0,0.0,0.0,0.0,0.0,0.0,0.0,35.0,7.0,2.0,0.0,2.0,0.0,2.0,0.0,0.0,44.0,3.0,3.0,0.0,1.0,0.0,1.0,1.0,0.0,47.0,3.0,6.0,0.0,1.0,0.0,1.0,0.0,0.0,0.0,0.0,0.0,0.0,43.0,3.0,4.0,0.0,2.0,0.0,2.0,0.0,0.0,0.0,0.0,0.0,0.0,0.0,0.0,0.0,0.0,31.0,2.0,4.0,0.0,4.0,0.0,4.0,0.0,0.0,0.0,0.0,0.0,20.0,1.0,1.0,0.0,4.0,0.0,4.0,0.0,0.0,1.0,1.0,0.0,13.0,0.0,1.0,0.0,5.0,0.0,5.0,0.0,0.0,0.0,0.0,0.0,0.0,0.0,7.0,0.0,1.0,0.0,1.0,0.0,1.0,0.0,0.0,0.0,0.0,3.0,3.0,0.0,0.0,2.0,5.0,0.0,0.0,0.0,0.0,4.0,3.0,0.0,6.0,0.0,0.0,0.0,0.0,0.0,1.0,0.0,0.0,0.0,1.0,0.0,0.0,1.0,0.0,1.0,14.0,0.0,10.0,0.0,0.0,0.0,0.0,0.0,0.0,0.0,6.0,0.0,0.0,0.0,0.0,0.0,0.0,0.0,0.0,0.0,0.0,3.0,0.0,0.0,0.0,2.0,0.0,0.0,1.0,0.0,0.0,0.0,0.0,0.0,0.0,0.0,0.0,0.0,0.0,0.0,0.0,0.0,0.0,0.0,0.0,0.0,0.0,0.0,0.0,0.0,0.0,1.0,0.0,0.0,0.0,0.0,0.0,0.0,0.0,0.0,0.0,0.0,1.0,0.0,1.0,0.0,0.0,0.0,0.0,0.0,0.0,0.0,0.0,0.0,1.0,0.0,0.0,0.0,0.0,CCCCCCc1c(C(C)C)nc(C(C)C)c(C(C)O)c1-c1ccc(F)cc1
CHEMBL142414,Inactive,22.0,2.0,1.0,0.0,1.0,0.0,1.0,0.0,29.0,4.0,2.0,0.0,2.0,0.0,2.0,0.0,0.0,0.0,0.0,0.0,0.0,0.0,0.0,32.0,7.0,2.0,0.0,2.0,0.0,2.0,0.0,0.0,41.0,3.0,3.0,0.0,1.0,0.0,1.0,1.0,0.0,43.0,3.0,6.0,0.0,1.0,0.0,1.0,0.0,0.0,0.0,0.0,0.0,0.0,37.0,2.0,4.0,0.0,2.0,0.0,2.0,0.0,0.0,0.0,0.0,0.0,0.0,0.0,0.0,0.0,0.0,20.0,1.0,4.0,0.0,4.0,0.0,4.0,0.0,0.0,0.0,0.0,0.0,7.0,0.0,0.0,0.0,4.0,0.0,4.0,0.0,0.0,1.0,1.0,0.0,0.0,0.0,0.0,0.0,5.0,0.0,5.0,0.0,0.0,0.0,0.0,0.0,0.0,0.0,0.0,0.0,0.0,0.0,0.0,0.0,0.0,0.0,0.0,0.0,0.0,3.0,3.0,0.0,0.0,2.0,2.0,0.0,0.0,0.0,0.0,1.0,0.0,0.0,6.0,0.0,0.0,0.0,0.0,0.0,1.0,0.0,0.0,0.0,1.0,0.0,0.0,1.0,0.0,1.0,11.0,0.0,7.0,0.0,0.0,0.0,0.0,0.0,0.0,0.0,3.0,0.0,0.0,0.0,0.0,0.0,0.0,0.0,0.0,0.0,0.0,0.0,0.0,0.0,0.0,0.0,0.0,0.0,0.0,0.0,0.0,0.0,0.0,0.0,0.0,0.0,0.0,0.0,0.0,0.0,0.0,0.0,0.0,0.0,0.0,0.0,0.0,0.0,0.0,0.0,0.0,1.0,0.0,0.0,0.0,0.0,0.0,0.0,0.0,0.0,0.0,0.0,1.0,0.0,1.0,0.0,0.0,0.0,0.0,0.0,0.0,0.0,0.0,0.0,1.0,0.0,0.0,0.0,0.0,CCCc1c(C(C)C)nc(C(C)C)c(C(C)O)c1-c1ccc(F)cc1
CHEMBL140268,Inactive,25.0,2.0,1.0,0.0,1.0,0.0,1.0,0.0,32.0,4.0,1.0,0.0,2.0,0.0,2.0,0.0,0.0,0.0,0.0,0.0,0.0,0.0,0.0,34.0,7.0,2.0,0.0,2.0,0.0,2.0,0.0,0.0,42.0,2.0,3.0,0.0,1.0,0.0,1.0,1.0,0.0,42.0,3.0,6.0,0.0,1.0,0.0,1.0,0.0,0.0,0.0,0.0,0.0,0.0,40.0,3.0,4.0,0.0,2.0,0.0,2.0,0.0,0.0,0.0,0.0,0.0,0.0,0.0,0.0,0.0,0.0,28.0,2.0,4.0,0.0,4.0,0.0,4.0,0.0,0.0,0.0,0.0,0.0,21.0,1.0,1.0,0.0,3.0,0.0,3.0,0.0,0.0,1.0,1.0,0.0,15.0,1.0,1.0,0.0,5.0,0.0,5.0,0.0,0.0,0.0,0.0,0.0,0.0,0.0,12.0,0.0,1.0,0.0,1.0,0.0,1.0,0.0,0.0,0.0,0.0,2.0,2.0,0.0,0.0,2.0,7.0,0.0,0.0,0.0,0.0,5.0,4.0,0.0,5.0,0.0,0.0,0.0,0.0,0.0,1.0,0.0,0.0,0.0,1.0,0.0,0.0,1.0,0.0,1.0,14.0,0.0,10.0,0.0,0.0,0.0,0.0,0.0,0.0,0.0,7.0,0.0,0.0,0.0,0.0,0.0,0.0,0.0,0.0,0.0,0.0,4.0,0.0,0.0,0.0,3.0,0.0,0.0,2.0,0.0,1.0,0.0,0.0,0.0,0.0,0.0,0.0,0.0,0.0,0.0,0.0,0.0,0.0,0.0,0.0,0.0,0.0,0.0,0.0,0.0,0.0,0.0,0.0,0.0,0.0,0.0,0.0,0.0,0.0,0.0,0.0,0.0,1.0,0.0,1.0,0.0,0.0,0.0,0.0,0.0,0.0,0.0,0.0,0.0,1.0,0.0,0.0,0.0,0.0,CCCCCCCc1c(C(C)C)nc(C(C)C)c(CO)c1-c1ccc(F)cc1
CHEMBL154498,Inactive,22.0,8.0,3.0,0.0,0.0,1.0,1.0,1.0,33.0,7.0,4.0,0.0,0.0,2.0,2.0,0.0,2.0,0.0,0.0,0.0,0.0,0.0,0.0,32.0,7.0,7.0,0.0,0.0,2.0,2.0,1.0,1.0,21.0,15.0,7.0,0.0,0.0,2.0,2.0,0.0,0.0,22.0,13.0,6.0,0.0,0.0,0.0,0.0,0.0,1.0,0.0,1.0,1.0,0.0,21.0,10.0,7.0,0.0,0.0,0.0,0.0,0.0,1.0,0.0,1.0,1.0,1.0,0.0,0.0,0.0,0.0,24.0,7.0,5.0,0.0,0.0,1.0,1.0,0.0,1.0,0.0,0.0,0.0,27.0,4.0,4.0,0.0,0.0,1.0,1.0,1.0,1.0,0.0,0.0,0.0,25.0,5.0,3.0,0.0,0.0,2.0,2.0,1.0,1.0,0.0,0.0,0.0,0.0,0.0,20.0,6.0,4.0,0.0,0.0,3.0,3.0,0.0,0.0,0.0,0.0,0.0,0.0,0.0,0.0,0.0,3.0,0.0,0.0,0.0,0.0,1.0,0.0,1.0,3.0,1.0,0.0,1.0,0.0,0.0,1.0,0.0,2.0,0.0,0.0,1.0,1.0,0.0,0.0,1.0,9.0,2.0,2.0,1.0,0.0,0.0,0.0,0.0,0.0,1.0,0.0,0.0,0.0,0.0,0.0,0.0,0.0,0.0,0.0,0.0,1.0,0.0,0.0,0.0,0.0,0.0,0.0,0.0,0.0,0.0,0.0,0.0,0.0,0.0,0.0,0.0,0.0,0.0,0.0,0.0,3.0,3.0,1.0,6.0,1.0,0.0,1.0,1.0,0.0,0.0,0.0,0.0,1.0,1.0,7.0,6.0,2.0,0.0,2.0,0.0,0.0,0.0,0.0,0.0,0.0,4.0,2.0,0.0,0.0,1.0,0.0,0.0,1.0,0.0,3.0,0.0,0.0,0.0,0.0,CN(C)CCN(C)C(=O)Cc1ccc(C=NNC(=O)c2ccc(O)c(Cl)c2)c2ccccc12
CHEMBL25255,Inactive,23.0,2.0,1.0,0.0,1.0,0.0,1.0,0.0,30.0,4.0,1.0,0.0,2.0,0.0,2.0,0.0,0.0,0.0,0.0,0.0,0.0,0.0,0.0,32.0,7.0,2.0,0.0,3.0,0.0,3.0,0.0,0.0,40.0,2.0,3.0,0.0,3.0,0.0,3.0,1.0,0.0,40.0,3.0,6.0,0.0,4.0,0.0,4.0,0.0,0.0,0.0,0.0,0.0,0.0,38.0,3.0,4.0,0.0,3.0,0.0,3.0,0.0,0.0,1.0,0.0,1.0,0.0,1.0,0.0,0.0,0.0,25.0,2.0,4.0,0.0,5.0,0.0,5.0,0.0,0.0,0.0,0.0,0.0,16.0,0.0,1.0,0.0,1.0,0.0,1.0,0.0,0.0,0.0,0.0,0.0,6.0,0.0,1.0,0.0,1.0,0.0,1.0,0.0,0.0,0.0,0.0,0.0,0.0,0.0,3.0,0.0,0.0,0.0,0.0,0.0,0.0,0.0,0.0,0.0,0.0,2.0,2.0,0.0,0.0,2.0,5.0,0.0,0.0,0.0,0.0,3.0,2.0,0.0,5.0,0.0,0.0,0.0,0.0,0.0,1.0,0.0,0.0,0.0,0.0,0.0,0.0,1.0,0.0,1.0,12.0,0.0,8.0,0.0,0.0,0.0,0.0,0.0,0.0,0.0,5.0,0.0,0.0,0.0,0.0,0.0,0.0,0.0,0.0,0.0,0.0,2.0,0.0,0.0,0.0,1.0,0.0,0.0,0.0,0.0,0.0,0.0,0.0,0.0,0.0,0.0,0.0,0.0,0.0,0.0,0.0,0.0,0.0,0.0,0.0,0.0,0.0,0.0,0.0,0.0,0.0,0.0,0.0,0.0,0.0,0.0,0.0,0.0,0.0,0.0,0.0,0.0,1.0,0.0,1.0,0.0,0.0,0.0,0.0,0.0,0.0,0.0,0.0,0.0,1.0,0.0,0.0,0.0,0.0,CCCCCc1c(C(C)C)nc(C(C)C)c(CO)c1-c1ccccc1F
CHEMBL3656291,Inactive,24.0,7.0,4.0,0.0,0.0,2.0,2.0,0.0,31.0,10.0,4.0,0.0,0.0,4.0,4.0,1.0,2.0,1.0,0.0,0.0,0.0,0.0,0.0,31.0,10.0,8.0,0.0,0.0,4.0,4.0,0.0,1.0,26.0,13.0,8.0,0.0,0.0,4.0,4.0,2.0,0.0,32.0,7.0,8.0,0.0,0.0,2.0,2.0,0.0,0.0,0.0,2.0,2.0,0.0,33.0,5.0,8.0,0.0,0.0,2.0,2.0,0.0,0.0,0.0,2.0,2.0,2.0,2.0,0.0,0.0,0.0,31.0,4.0,7.0,0.0,0.0,6.0,6.0,0.0,0.0,0.0,0.0,0.0,28.0,1.0,5.0,0.0,0.0,4.0,4.0,1.0,1.0,0.0,0.0,0.0,22.0,4.0,5.0,0.0,0.0,6.0,6.0,0.0,0.0,0.0,0.0,0.0,0.0,0.0,15.0,4.0,5.0,0.0,0.0,4.0,4.0,1.0,2.0,0.0,1.0,1.0,1.0,0.0,0.0,1.0,5.0,1.0,0.0,0.0,0.0,2.0,0.0,1.0,3.0,1.0,0.0,1.0,0.0,0.0,1.0,1.0,3.0,0.0,1.0,0.0,2.0,0.0,0.0,1.0,14.0,3.0,9.0,1.0,0.0,1.0,2.0,1.0,0.0,2.0,6.0,0.0,0.0,0.0,0.0,1.0,0.0,2.0,1.0,1.0,2.0,3.0,0.0,0.0,0.0,2.0,0.0,0.0,0.0,0.0,0.0,0.0,0.0,0.0,4.0,2.0,3.0,1.0,2.0,1.0,7.0,4.0,5.0,9.0,3.0,0.0,4.0,5.0,0.0,0.0,0.0,1.0,2.0,2.0,6.0,4.0,2.0,2.0,3.0,0.0,0.0,0.0,1.0,0.0,0.0,3.0,2.0,0.0,0.0,1.0,1.0,1.0,0.0,0.0,4.0,0.0,0.0,0.0,0.0,CC(C)CC1(C)N=C(c2cc(Cl)cc(Cl)c2)C(=O)N1CCc1ccc(C(=O)NCCC(=O)O)cc1
CHEMBL3892787,Active,31.0,2.0,3.0,2.0,0.0,1.0,1.0,0.0,41.0,2.0,3.0,4.0,0.0,2.0,2.0,0.0,1.0,1.0,0.0,0.0,0.0,0.0,0.0,45.0,3.0,5.0,3.0,0.0,2.0,2.0,0.0,0.0,50.0,2.0,3.0,3.0,0.0,1.0,1.0,2.0,0.0,59.0,1.0,4.0,4.0,0.0,1.0,1.0,0.0,0.0,0.0,0.0,0.0,0.0,59.0,1.0,3.0,5.0,0.0,2.0,2.0,0.0,0.0,0.0,0.0,0.0,2.0,0.0,0.0,0.0,0.0,47.0,2.0,6.0,4.0,0.0,4.0,4.0,0.0,0.0,0.0,0.0,0.0,30.0,3.0,7.0,1.0,0.0,6.0,6.0,0.0,0.0,0.0,0.0,0.0,18.0,5.0,7.0,1.0,0.0,5.0,5.0,0.0,0.0,0.0,0.0,0.0,0.0,0.0,14.0,5.0,7.0,0.0,0.0,2.0,2.0,0.0,0.0,0.0,0.0,2.0,0.0,0.0,0.0,0.0,4.0,1.0,0.0,0.0,0.0,2.0,0.0,1.0,2.0,1.0,0.0,1.0,0.0,0.0,1.0,0.0,2.0,0.0,2.0,0.0,1.0,0.0,0.0,1.0,10.0,2.0,6.0,0.0,0.0,0.0,0.0,0.0,0.0,1.0,4.0,0.0,0.0,0.0,0.0,0.0,0.0,0.0,0.0,1.0,3.0,2.0,0.0,0.0,2.0,1.0,0.0,0.0,0.0,0.0,0.0,0.0,0.0,0.0,0.0,0.0,1.0,0.0,1.0,1.0,1.0,0.0,0.0,1.0,0.0,0.0,1.0,0.0,0.0,0.0,0.0,1.0,1.0,1.0,2.0,1.0,0.0,0.0,1.0,0.0,0.0,0.0,1.0,0.0,0.0,1.0,1.0,0.0,0.0,1.0,1.0,1.0,0.0,0.0,3.0,0.0,0.0,0.0,0.0,CCCC(c1ccc(C(=O)NCCC(=O)O)cc1)C(c1ccc(Cl)cc1)c1c(C)sc2ccccc12
CHEMBL452451,Active,29.0,7.0,7.0,2.0,3.0,0.0,3.0,0.0,40.0,7.0,11.0,2.0,0.0,0.0,0.0,1.0,3.0,2.0,3.0,3.0,3.0,3.0,3.0,38.0,12.0,14.0,2.0,3.0,0.0,3.0,0.0,1.0,34.0,11.0,15.0,2.0,6.0,0.0,6.0,2.0,2.0,37.0,10.0,15.0,1.0,6.0,0.0,6.0,0.0,3.0,0.0,0.0,0.0,1.0,37.0,9.0,12.0,0.0,6.0,0.0,6.0,0.0,0.0,0.0,0.0,0.0,2.0,6.0,0.0,0.0,0.0,40.0,5.0,9.0,2.0,0.0,0.0,0.0,1.0,4.0,3.0,3.0,3.0,37.0,8.0,17.0,3.0,3.0,0.0,3.0,0.0,0.0,0.0,0.0,0.0,38.0,5.0,16.0,4.0,0.0,0.0,0.0,1.0,2.0,3.0,3.0,1.0,3.0,3.0,37.0,6.0,19.0,3.0,6.0,0.0,6.0,0.0,1.0,0.0,0.0,1.0,0.0,0.0,1.0,0.0,6.0,1.0,1.0,0.0,0.0,3.0,2.0,0.0,1.0,2.0,0.0,2.0,0.0,0.0,2.0,1.0,3.0,0.0,2.0,1.0,0.0,3.0,1.0,2.0,14.0,3.0,7.0,0.0,0.0,0.0,0.0,0.0,0.0,1.0,5.0,0.0,0.0,0.0,0.0,0.0,0.0,0.0,0.0,1.0,1.0,3.0,0.0,0.0,1.0,2.0,0.0,0.0,1.0,0.0,0.0,0.0,0.0,0.0,0.0,0.0,1.0,0.0,1.0,1.0,1.0,0.0,0.0,1.0,0.0,0.0,1.0,0.0,0.0,0.0,0.0,3.0,0.0,0.0,5.0,2.0,0.0,0.0,2.0,3.0,0.0,1.0,3.0,1.0,3.0,3.0,3.0,0.0,0.0,2.0,1.0,1.0,0.0,1.0,8.0,0.0,0.0,3.0,1.0,CS(=O)(=O)c1cc(NC(=O)N(Cc2ccc(C(=O)NCC(O)C(=O)O)cc2)c2ccc(C3=CCCCC3)cc2)ccc1OC(F)(F)F
CHEMBL376322,Inactive,25.0,8.0,5.0,0.0,3.0,0.0,3.0,0.0,36.0,8.0,5.0,0.0,0.0,0.0,0.0,1.0,4.0,0.0,3.0,3.0,3.0,3.0,3.0,33.0,11.0,9.0,0.0,3.0,0.0,3.0,1.0,1.0,28.0,12.0,10.0,0.0,6.0,0.0,6.0,1.0,0.0,29.0,10.0,9.0,0.0,6.0,0.0,6.0,0.0,2.0,0.0,0.0,0.0,1.0,30.0,12.0,9.0,0.0,3.0,0.0,3.0,0.0,0.0,0.0,0.0,0.0,1.0,0.0,0.0,0.0,0.0,39.0,4.0,6.0,0.0,0.0,0.0,0.0,1.0,2.0,3.0,3.0,1.0,31.0,9.0,12.0,0.0,3.0,0.0,3.0,0.0,0.0,0.0,0.0,0.0,33.0,4.0,7.0,0.0,0.0,0.0,0.0,1.0,2.0,3.0,3.0,1.0,3.0,3.0,30.0,4.0,9.0,0.0,6.0,0.0,6.0,1.0,1.0,0.0,0.0,2.0,0.0,0.0,0.0,0.0,6.0,4.0,0.0,0.0,0.0,2.0,0.0,1.0,3.0,3.0,0.0,3.0,0.0,0.0,1.0,2.0,3.0,0.0,2.0,0.0,0.0,3.0,1.0,1.0,16.0,3.0,11.0,1.0,0.0,5.0,1.0,1.0,0.0,1.0,14.0,0.0,0.0,0.0,2.0,11.0,7.0,2.0,2.0,0.0,0.0,14.0,0.0,0.0,0.0,14.0,0.0,0.0,9.0,6.0,7.0,3.0,7.0,4.0,2.0,2.0,2.0,2.0,2.0,0.0,4.0,2.0,0.0,5.0,0.0,0.0,3.0,0.0,0.0,0.0,0.0,0.0,0.0,0.0,7.0,4.0,0.0,2.0,3.0,1.0,1.0,0.0,1.0,1.0,3.0,4.0,4.0,1.0,1.0,2.0,0.0,0.0,1.0,0.0,5.0,0.0,1.0,3.0,0.0,CC(C)(C)C1CCC(N(Cc2ccc(C(=O)NCC(=O)NO)cc2)C(=O)Nc2ccc(OC(F)(F)F)cc2)CC1
CHEMBL266715,Inactive,25.0,10.0,7.0,0.0,3.0,0.0,3.0,0.0,34.0,10.0,6.0,0.0,0.0,0.0,0.0,1.0,4.0,1.0,3.0,3.0,3.0,3.0,3.0,33.0,14.0,14.0,0.0,3.0,0.0,3.0,0.0,0.0,30.0,13.0,13.0,0.0,6.0,0.0,6.0,2.0,0.0,35.0,10.0,11.0,0.0,6.0,0.0,6.0,0.0,1.0,0.0,0.0,0.0,0.0,38.0,7.0,8.0,0.0,3.0,0.0,3.0,1.0,1.0,0.0,0.0,0.0,2.0,0.0,0.0,0.0,0.0,37.0,6.0,8.0,0.0,0.0,0.0,0.0,1.0,2.0,3.0,3.0,1.0,33.0,8.0,11.0,0.0,3.0,0.0,3.0,1.0,2.0,0.0,0.0,1.0,31.0,8.0,12.0,0.0,0.0,0.0,0.0,1.0,2.0,3.0,3.0,1.0,3.0,3.0,26.0,11.0,16.0,0.0,6.0,0.0,6.0,0.0,0.0,0.0,0.0,2.0,0.0,0.0,1.0,0.0,9.0,4.0,2.0,0.0,0.0,3.0,0.0,1.0,2.0,2.0,0.0,2.0,0.0,0.0,1.0,1.0,4.0,0.0,2.0,0.0,0.0,3.0,1.0,1.0,18.0,4.0,11.0,1.0,0.0,1.0,1.0,1.0,0.0,2.0,9.0,2.0,4.0,0.0,0.0,2.0,1.0,2.0,2.0,3.0,0.0,8.0,2.0,2.0,0.0,8.0,2.0,2.0,3.0,0.0,1.0,0.0,1.0,6.0,4.0,2.0,5.0,4.0,3.0,1.0,6.0,5.0,3.0,11.0,2.0,4.0,5.0,3.0,0.0,0.0,0.0,1.0,0.0,0.0,9.0,7.0,2.0,2.0,5.0,1.0,0.0,0.0,2.0,1.0,3.0,4.0,4.0,0.0,0.0,2.0,1.0,1.0,0.0,0.0,6.0,0.0,0.0,3.0,0.0,CCN(CC)C(=O)C1CCC(N(Cc2ccc(C(=O)NCCC(=O)O)cc2)C(=O)Nc2ccc(OC(F)(F)F)cc2)CC1
CHEMBL487662,Inactive,29.0,7.0,5.0,0.0,0.0,0.0,0.0,0.0,38.0,7.0,5.0,0.0,0.0,0.0,0.0,1.0,3.0,1.0,0.0,0.0,0.0,0.0,0.0,34.0,12.0,8.0,0.0,0.0,0.0,0.0,0.0,1.0,30.0,11.0,9.0,0.0,0.0,0.0,0.0,2.0,0.0,34.0,9.0,11.0,0.0,0.0,0.0,0.0,0.0,0.0,0.0,0.0,0.0,1.0,36.0,8.0,9.0,0.0,0.0,0.0,0.0,0.0,0.0,0.0,0.0,0.0,2.0,0.0,0.0,0.0,0.0,39.0,4.0,8.0,0.0,0.0,0.0,0.0,1.0,1.0,0.0,0.0,0.0,35.0,7.0,10.0,0.0,0.0,0.0,0.0,0.0,0.0,0.0,0.0,0.0,33.0,5.0,7.0,0.0,0.0,0.0,0.0,1.0,2.0,0.0,0.0,1.0,0.0,0.0,30.0,6.0,7.0,0.0,0.0,0.0,0.0,0.0,1.0,0.0,0.0,1.0,0.0,0.0,1.0,0.0,6.0,1.0,1.0,0.0,0.0,3.0,2.0,0.0,0.0,2.0,0.0,2.0,0.0,0.0,2.0,0.0,3.0,0.0,2.0,0.0,0.0,0.0,0.0,2.0,12.0,3.0,7.0,0.0,0.0,0.0,0.0,0.0,0.0,1.0,5.0,0.0,0.0,0.0,0.0,0.0,0.0,0.0,0.0,1.0,1.0,3.0,0.0,0.0,1.0,2.0,0.0,0.0,1.0,0.0,0.0,0.0,0.0,0.0,0.0,0.0,1.0,0.0,1.0,1.0,1.0,0.0,0.0,1.0,0.0,0.0,1.0,0.0,0.0,0.0,0.0,3.0,0.0,0.0,5.0,2.0,0.0,0.0,2.0,3.0,0.0,1.0,2.0,0.0,0.0,3.0,3.0,0.0,0.0,2.0,1.0,1.0,0.0,1.0,5.0,0.0,0.0,0.0,1.0,O=C(NCC(O)C(=O)O)c1ccc(CN(C(=O)Nc2ccccc2)c2ccc(C3=CCCCC3)cc2)cc1
CHEMBL3237895,Active,29.0,7.0,4.0,0.0,0.0,2.0,2.0,0.0,40.0,11.0,4.0,0.0,0.0,4.0,4.0,1.0,2.0,1.0,0.0,0.0,0.0,0.0,0.0,41.0,13.0,8.0,0.0,0.0,4.0,4.0,0.0,1.0,39.0,12.0,9.0,0.0,0.0,4.0,4.0,2.0,0.0,40.0,9.0,10.0,0.0,0.0,2.0,2.0,0.0,0.0,0.0,2.0,2.0,0.0,41.0,11.0,7.0,0.0,0.0,2.0,2.0,0.0,0.0,0.0,2.0,2.0,2.0,2.0,0.0,0.0,0.0,46.0,2.0,7.0,0.0,0.0,6.0,6.0,1.0,1.0,0.0,0.0,0.0,38.0,4.0,10.0,0.0,0.0,8.0,8.0,0.0,0.0,0.0,0.0,0.0,33.0,4.0,5.0,0.0,0.0,6.0,6.0,1.0,2.0,0.0,0.0,1.0,0.0,0.0,27.0,5.0,6.0,0.0,0.0,6.0,6.0,0.0,0.0,0.0,0.0,2.0,1.0,0.0,0.0,0.0,6.0,2.0,0.0,0.0,0.0,3.0,0.0,1.0,4.0,1.0,0.0,1.0,0.0,0.0,1.0,2.0,3.0,0.0,1.0,0.0,2.0,0.0,0.0,1.0,18.0,3.0,14.0,1.0,0.0,5.0,2.0,1.0,0.0,2.0,15.0,0.0,0.0,0.0,2.0,11.0,7.0,4.0,2.0,1.0,2.0,14.0,0.0,0.0,0.0,14.0,0.0,0.0,9.0,6.0,7.0,3.0,7.0,8.0,4.0,2.0,5.0,2.0,3.0,1.0,7.0,4.0,5.0,9.0,3.0,0.0,4.0,5.0,0.0,0.0,0.0,1.0,2.0,2.0,6.0,4.0,2.0,2.0,3.0,0.0,0.0,0.0,1.0,0.0,0.0,3.0,2.0,0.0,0.0,2.0,1.0,1.0,0.0,0.0,4.0,0.0,0.0,0.0,0.0,CC(c1ccc(C(=O)NCCC(=O)O)cc1)N1C(=O)C(c2cc(Cl)cc(Cl)c2)=NC12CCC(C(C)(C)C)CC2
CHEMBL3237908,Active,29.0,7.0,4.0,0.0,0.0,2.0,2.0,0.0,40.0,11.0,4.0,0.0,0.0,4.0,4.0,1.0,2.0,1.0,0.0,0.0,0.0,0.0,0.0,41.0,13.0,8.0,0.0,0.0,4.0,4.0,0.0,1.0,39.0,12.0,9.0,0.0,0.0,3.0,3.0,2.0,0.0,40.0,9.0,10.0,0.0,0.0,2.0,2.0,0.0,0.0,0.0,1.0,1.0,0.0,41.0,11.0,7.0,0.0,0.0,2.0,2.0,0.0,0.0,0.0,2.0,2.0,2.0,1.0,0.0,0.0,0.0,46.0,2.0,7.0,0.0,0.0,4.0,4.0,1.0,1.0,0.0,1.0,0.0,38.0,4.0,10.0,0.0,0.0,7.0,7.0,0.0,0.0,0.0,0.0,0.0,33.0,4.0,5.0,0.0,0.0,7.0,7.0,1.0,2.0,0.0,0.0,1.0,0.0,0.0,27.0,5.0,6.0,0.0,0.0,6.0,6.0,0.0,0.0,0.0,0.0,2.0,1.0,0.0,0.0,0.0,6.0,2.0,0.0,0.0,0.0,3.0,0.0,1.0,4.0,1.0,0.0,1.0,0.0,0.0,1.0,2.0,3.0,0.0,1.0,1.0,2.0,0.0,0.0,1.0,18.0,3.0,14.0,1.0,0.0,5.0,2.0,1.0,0.0,2.0,15.0,0.0,0.0,0.0,2.0,11.0,7.0,4.0,2.0,1.0,2.0,14.0,0.0,0.0,0.0,14.0,0.0,0.0,9.0,6.0,7.0,3.0,7.0,8.0,4.0,2.0,5.0,2.0,3.0,1.0,7.0,4.0,5.0,9.0,3.0,0.0,4.0,5.0,0.0,0.0,0.0,1.0,2.0,2.0,6.0,4.0,2.0,2.0,3.0,0.0,0.0,0.0,1.0,0.0,0.0,3.0,2.0,0.0,0.0,2.0,1.0,1.0,0.0,0.0,4.0,0.0,0.0,0.0,0.0,CC(c1ccc(C(=O)NCCC(=O)O)cc1)N1C(=O)C(c2ccc(Cl)c(Cl)c2)=NC12CCC(C(C)(C)C)CC2
CHEMBL3237915,Active,29.0,7.0,6.0,0.0,3.0,0.0,3.0,0.0,41.0,11.0,6.0,0.0,0.0,0.0,0.0,1.0,2.0,1.0,3.0,3.0,3.0,3.0,3.0,43.0,13.0,10.0,0.0,3.0,0.0,3.0,0.0,1.0,41.0,12.0,10.0,0.0,6.0,0.0,6.0,2.0,0.0,41.0,9.0,11.0,0.0,6.0,0.0,6.0,0.0,0.0,0.0,0.0,0.0,0.0,42.0,11.0,8.0,0.0,3.0,0.0,3.0,0.0,1.0,0.0,0.0,0.0,2.0,0.0,0.0,0.0,0.0,47.0,3.0,8.0,0.0,3.0,0.0,3.0,1.0,2.0,0.0,0.0,1.0,39.0,5.0,14.0,0.0,3.0,0.0,3.0,0.0,0.0,3.0,3.0,0.0,36.0,4.0,9.0,0.0,3.0,0.0,3.0,1.0,2.0,3.0,3.0,1.0,3.0,3.0,31.0,5.0,9.0,0.0,9.0,0.0,9.0,0.0,0.0,0.0,0.0,2.0,1.0,0.0,0.0,0.0,6.0,2.0,0.0,0.0,0.0,3.0,0.0,1.0,4.0,1.0,0.0,1.0,0.0,0.0,1.0,3.0,3.0,0.0,2.0,0.0,0.0,3.0,1.0,1.0,19.0,3.0,14.0,1.0,0.0,5.0,2.0,1.0,0.0,2.0,15.0,0.0,0.0,0.0,2.0,11.0,7.0,4.0,2.0,1.0,2.0,14.0,0.0,0.0,0.0,14.0,0.0,0.0,9.0,6.0,7.0,3.0,7.0,8.0,4.0,2.0,5.0,2.0,3.0,1.0,7.0,4.0,5.0,9.0,3.0,0.0,4.0,5.0,0.0,0.0,0.0,1.0,0.0,0.0,6.0,4.0,2.0,2.0,3.0,0.0,0.0,0.0,2.0,1.0,3.0,3.0,2.0,0.0,0.0,2.0,1.0,1.0,0.0,0.0,5.0,0.0,0.0,3.0,0.0,CC(c1ccc(C(=O)NCCC(=O)O)cc1)N1C(=O)C(c2ccc(OC(F)(F)F)cc2)=NC12CCC(C(C)(C)C)CC2
CHEMBL350237,Inactive,26.0,4.0,0.0,0.0,1.0,0.0,1.0,0.0,37.0,6.0,0.0,0.0,2.0,0.0,2.0,0.0,0.0,0.0,0.0,0.0,0.0,0.0,0.0,36.0,6.0,0.0,0.0,2.0,0.0,2.0,0.0,0.0,33.0,7.0,0.0,0.0,1.0,0.0,1.0,0.0,0.0,33.0,4.0,0.0,0.0,1.0,0.0,1.0,1.0,0.0,0.0,0.0,0.0,0.0,32.0,5.0,0.0,0.0,2.0,0.0,2.0,0.0,0.0,0.0,0.0,0.0,0.0,0.0,0.0,0.0,0.0,30.0,6.0,0.0,0.0,2.0,0.0,2.0,0.0,0.0,1.0,1.0,0.0,24.0,4.0,0.0,0.0,3.0,0.0,3.0,0.0,0.0,0.0,0.0,0.0,16.0,3.0,0.0,0.0,4.0,0.0,4.0,0.0,0.0,0.0,0.0,0.0,0.0,0.0,17.0,1.0,0.0,0.0,2.0,0.0,2.0,0.0,0.0,1.0,0.0,0.0,0.0,0.0,0.0,0.0,0.0,0.0,0.0,0.0,0.0,0.0,0.0,0.0,3.0,0.0,0.0,0.0,0.0,0.0,0.0,1.0,0.0,0.0,2.0,0.0,0.0,1.0,0.0,0.0,4.0,0.0,3.0,0.0,0.0,1.0,0.0,0.0,0.0,0.0,3.0,0.0,0.0,0.0,0.0,0.0,0.0,0.0,0.0,0.0,3.0,0.0,0.0,0.0,0.0,0.0,0.0,0.0,0.0,0.0,0.0,0.0,0.0,0.0,0.0,0.0,0.0,0.0,0.0,0.0,0.0,0.0,0.0,0.0,0.0,0.0,0.0,0.0,0.0,0.0,0.0,0.0,0.0,0.0,0.0,0.0,0.0,0.0,0.0,0.0,0.0,0.0,0.0,0.0,1.0,0.0,0.0,0.0,0.0,0.0,0.0,0.0,0.0,0.0,0.0,0.0,0.0,0.0,0.0,CC(C)(C)c1ccc(-c2cc(-c3ccc(F)cc3)c(-c3ccncc3)[nH]2)cc1
CHEMBL152537,Inactive,23.0,5.0,4.0,0.0,2.0,1.0,3.0,1.0,31.0,8.0,5.0,0.0,0.0,2.0,2.0,0.0,1.0,0.0,2.0,2.0,1.0,1.0,1.0,27.0,11.0,6.0,0.0,2.0,2.0,4.0,0.0,1.0,21.0,11.0,5.0,0.0,4.0,2.0,6.0,0.0,0.0,21.0,9.0,4.0,0.0,4.0,0.0,4.0,1.0,0.0,0.0,1.0,1.0,0.0,24.0,7.0,2.0,0.0,2.0,0.0,2.0,0.0,2.0,0.0,1.0,1.0,1.0,0.0,0.0,0.0,0.0,23.0,6.0,4.0,0.0,2.0,1.0,3.0,0.0,2.0,0.0,0.0,0.0,21.0,6.0,7.0,0.0,0.0,1.0,1.0,0.0,0.0,2.0,2.0,0.0,20.0,5.0,6.0,0.0,4.0,2.0,6.0,0.0,0.0,0.0,0.0,0.0,0.0,0.0,19.0,2.0,5.0,0.0,6.0,2.0,8.0,0.0,1.0,1.0,0.0,1.0,0.0,0.0,0.0,0.0,1.0,0.0,0.0,0.0,0.0,0.0,0.0,0.0,0.0,1.0,0.0,1.0,0.0,0.0,1.0,0.0,1.0,0.0,1.0,1.0,1.0,2.0,1.0,1.0,4.0,1.0,0.0,0.0,0.0,0.0,0.0,0.0,0.0,0.0,0.0,0.0,0.0,0.0,0.0,0.0,0.0,0.0,0.0,0.0,0.0,0.0,0.0,0.0,0.0,0.0,0.0,0.0,0.0,0.0,0.0,0.0,0.0,0.0,0.0,0.0,0.0,0.0,0.0,0.0,0.0,0.0,0.0,0.0,0.0,0.0,0.0,0.0,0.0,0.0,0.0,0.0,1.0,1.0,1.0,0.0,0.0,0.0,0.0,0.0,0.0,0.0,1.0,1.0,2.0,2.0,1.0,0.0,0.0,1.0,0.0,0.0,0.0,0.0,3.0,0.0,0.0,1.0,0.0,O=C(NN=Cc1cn(Cc2ccc(OC(F)F)cc2)c2ccccc12)c1ccc(O)c(Cl)c1
CHEMBL2112041,Active,20.0,2.0,4.0,0.0,0.0,1.0,1.0,1.0,27.0,4.0,4.0,0.0,0.0,2.0,2.0,0.0,1.0,0.0,0.0,0.0,0.0,0.0,0.0,25.0,6.0,6.0,0.0,0.0,2.0,2.0,0.0,1.0,17.0,9.0,7.0,0.0,0.0,2.0,2.0,0.0,0.0,13.0,9.0,6.0,0.0,0.0,0.0,0.0,0.0,0.0,0.0,1.0,1.0,0.0,12.0,6.0,4.0,0.0,0.0,0.0,0.0,0.0,1.0,0.0,1.0,1.0,1.0,0.0,0.0,0.0,0.0,15.0,2.0,3.0,0.0,0.0,1.0,1.0,0.0,2.0,0.0,0.0,0.0,16.0,1.0,4.0,0.0,0.0,1.0,1.0,0.0,1.0,0.0,0.0,0.0,16.0,1.0,4.0,0.0,0.0,2.0,2.0,0.0,0.0,0.0,0.0,0.0,0.0,0.0,14.0,0.0,3.0,0.0,0.0,3.0,3.0,0.0,0.0,0.0,1.0,0.0,0.0,0.0,0.0,0.0,1.0,0.0,0.0,0.0,0.0,0.0,0.0,0.0,1.0,1.0,0.0,1.0,0.0,0.0,1.0,0.0,1.0,0.0,0.0,1.0,1.0,0.0,1.0,1.0,4.0,1.0,0.0,0.0,0.0,0.0,0.0,0.0,0.0,0.0,0.0,0.0,0.0,0.0,0.0,0.0,0.0,0.0,0.0,0.0,0.0,0.0,0.0,0.0,0.0,0.0,0.0,0.0,0.0,0.0,0.0,0.0,0.0,0.0,0.0,0.0,0.0,0.0,0.0,0.0,0.0,0.0,0.0,0.0,0.0,0.0,0.0,0.0,0.0,0.0,0.0,0.0,1.0,1.0,1.0,0.0,0.0,0.0,0.0,0.0,0.0,0.0,2.0,0.0,0.0,2.0,1.0,0.0,0.0,1.0,0.0,0.0,0.0,0.0,3.0,0.0,0.0,0.0,0.0,COCc1ccc(C=NNC(=O)c2ccc(O)c(Cl)c2)c2ccccc12
CHEMBL1644182,Active,24.0,7.0,3.0,0.0,3.0,2.0,5.0,4.0,32.0,11.0,3.0,0.0,0.0,4.0,4.0,5.0,1.0,0.0,3.0,3.0,3.0,3.0,3.0,30.0,13.0,5.0,0.0,3.0,4.0,7.0,2.0,0.0,25.0,18.0,3.0,0.0,6.0,4.0,10.0,2.0,0.0,29.0,16.0,2.0,0.0,6.0,2.0,8.0,0.0,2.0,0.0,2.0,2.0,0.0,32.0,13.0,2.0,0.0,3.0,4.0,7.0,0.0,1.0,0.0,2.0,2.0,0.0,0.0,0.0,0.0,0.0,34.0,8.0,1.0,0.0,3.0,4.0,7.0,1.0,2.0,0.0,0.0,0.0,30.0,7.0,3.0,0.0,3.0,8.0,11.0,1.0,1.0,3.0,3.0,0.0,22.0,6.0,6.0,0.0,3.0,8.0,11.0,2.0,0.0,3.0,3.0,0.0,0.0,0.0,16.0,5.0,7.0,0.0,6.0,4.0,10.0,4.0,0.0,0.0,0.0,0.0,0.0,0.0,0.0,0.0,1.0,0.0,0.0,0.0,0.0,0.0,0.0,0.0,0.0,1.0,0.0,1.0,0.0,0.0,0.0,1.0,1.0,0.0,2.0,0.0,2.0,3.0,1.0,0.0,3.0,1.0,0.0,0.0,0.0,0.0,0.0,0.0,0.0,0.0,0.0,0.0,0.0,0.0,0.0,0.0,0.0,0.0,0.0,0.0,0.0,0.0,0.0,0.0,0.0,0.0,0.0,0.0,0.0,0.0,0.0,0.0,0.0,0.0,0.0,0.0,0.0,0.0,0.0,0.0,0.0,0.0,0.0,0.0,0.0,0.0,0.0,0.0,0.0,0.0,0.0,0.0,2.0,2.0,1.0,0.0,0.0,0.0,0.0,0.0,0.0,0.0,1.0,1.0,3.0,1.0,1.0,0.0,0.0,1.0,0.0,0.0,0.0,0.0,2.0,0.0,0.0,3.0,0.0,O=C(Nc1nn[nH]n1)c1ccc(Cn2nc(-c3ccc(OC(F)(F)F)cc3)cc2-c2cc(Cl)cc(Cl)c2)cc1
CHEMBL1644191,Inactive,26.0,6.0,7.0,0.0,6.0,0.0,6.0,1.0,36.0,10.0,7.0,0.0,0.0,0.0,0.0,0.0,1.0,1.0,6.0,6.0,6.0,6.0,6.0,35.0,12.0,10.0,0.0,6.0,0.0,6.0,0.0,0.0,32.0,14.0,5.0,0.0,12.0,0.0,12.0,2.0,0.0,35.0,10.0,8.0,0.0,12.0,0.0,12.0,0.0,0.0,0.0,0.0,0.0,0.0,38.0,5.0,5.0,0.0,6.0,0.0,6.0,0.0,2.0,0.0,0.0,0.0,2.0,0.0,0.0,0.0,0.0,39.0,3.0,7.0,0.0,6.0,0.0,6.0,1.0,3.0,0.0,0.0,0.0,34.0,5.0,9.0,0.0,6.0,0.0,6.0,1.0,1.0,6.0,6.0,0.0,26.0,6.0,12.0,0.0,9.0,0.0,9.0,0.0,0.0,6.0,6.0,0.0,0.0,0.0,24.0,5.0,13.0,0.0,12.0,0.0,12.0,0.0,0.0,0.0,0.0,0.0,0.0,0.0,0.0,0.0,3.0,0.0,0.0,0.0,0.0,1.0,0.0,1.0,1.0,0.0,0.0,0.0,0.0,0.0,1.0,2.0,2.0,0.0,3.0,0.0,0.0,6.0,2.0,1.0,8.0,2.0,2.0,0.0,0.0,0.0,0.0,0.0,0.0,1.0,1.0,0.0,0.0,0.0,0.0,0.0,0.0,0.0,0.0,1.0,0.0,0.0,0.0,0.0,0.0,0.0,0.0,0.0,0.0,0.0,0.0,0.0,0.0,0.0,0.0,0.0,1.0,1.0,1.0,1.0,1.0,1.0,0.0,2.0,0.0,0.0,1.0,0.0,0.0,0.0,0.0,1.0,0.0,0.0,3.0,3.0,0.0,0.0,2.0,0.0,0.0,0.0,3.0,2.0,6.0,1.0,1.0,0.0,0.0,1.0,1.0,1.0,0.0,0.0,5.0,0.0,0.0,6.0,0.0,CN(CCC(=O)O)C(=O)c1ccc(Cn2nc(-c3ccc(OC(F)(F)F)cc3)cc2-c2ccc(OC(F)(F)F)cc2)cc1
CHEMBL1922922,Active,30.0,5.0,4.0,0.0,1.0,1.0,2.0,0.0,38.0,8.0,5.0,0.0,2.0,2.0,4.0,0.0,1.0,1.0,0.0,0.0,0.0,0.0,0.0,39.0,8.0,8.0,0.0,2.0,2.0,4.0,0.0,1.0,41.0,6.0,8.0,0.0,1.0,2.0,3.0,2.0,0.0,46.0,3.0,11.0,0.0,2.0,1.0,3.0,0.0,0.0,0.0,1.0,1.0,0.0,45.0,4.0,9.0,0.0,4.0,2.0,6.0,0.0,0.0,0.0,0.0,0.0,2.0,0.0,0.0,0.0,0.0,42.0,3.0,7.0,0.0,3.0,3.0,6.0,0.0,0.0,0.0,0.0,0.0,36.0,3.0,7.0,0.0,3.0,4.0,7.0,0.0,0.0,0.0,0.0,0.0,31.0,3.0,4.0,0.0,2.0,3.0,5.0,0.0,1.0,0.0,0.0,1.0,0.0,0.0,23.0,2.0,5.0,0.0,3.0,3.0,6.0,1.0,1.0,0.0,0.0,1.0,0.0,0.0,1.0,0.0,5.0,2.0,2.0,0.0,0.0,2.0,0.0,1.0,1.0,1.0,0.0,1.0,0.0,0.0,1.0,0.0,3.0,0.0,1.0,1.0,1.0,1.0,0.0,1.0,10.0,3.0,7.0,0.0,0.0,1.0,0.0,0.0,0.0,2.0,6.0,0.0,0.0,0.0,0.0,1.0,0.0,0.0,0.0,3.0,1.0,3.0,0.0,1.0,2.0,2.0,0.0,1.0,0.0,0.0,0.0,0.0,0.0,0.0,0.0,0.0,1.0,0.0,1.0,1.0,1.0,0.0,0.0,1.0,0.0,0.0,1.0,0.0,0.0,0.0,0.0,1.0,1.0,1.0,2.0,1.0,0.0,0.0,1.0,0.0,0.0,0.0,1.0,0.0,1.0,1.0,1.0,0.0,0.0,1.0,1.0,1.0,0.0,0.0,4.0,1.0,0.0,0.0,0.0,CCCC(Cc1ccc(C(=O)NCCC(=O)O)cc1)C(=O)c1cc2cc(Cl)ccc2n1-c1cccc(F)c1
CHEMBL1922700,Inactive,21.0,12.0,5.0,0.0,3.0,2.0,5.0,3.0,32.0,11.0,4.0,0.0,0.0,4.0,4.0,8.0,1.0,0.0,3.0,3.0,3.0,3.0,3.0,29.0,20.0,5.0,0.0,3.0,4.0,7.0,2.0,1.0,27.0,22.0,5.0,0.0,6.0,2.0,8.0,2.0,0.0,35.0,18.0,3.0,0.0,6.0,4.0,10.0,0.0,5.0,0.0,2.0,2.0,0.0,38.0,19.0,6.0,0.0,3.0,4.0,7.0,0.0,0.0,0.0,2.0,2.0,0.0,0.0,0.0,0.0,0.0,42.0,8.0,4.0,0.0,0.0,6.0,6.0,1.0,3.0,3.0,3.0,0.0,30.0,11.0,10.0,0.0,3.0,9.0,12.0,0.0,0.0,0.0,0.0,0.0,26.0,4.0,9.0,0.0,0.0,8.0,8.0,4.0,2.0,6.0,6.0,0.0,0.0,0.0,17.0,10.0,9.0,0.0,12.0,4.0,16.0,2.0,0.0,0.0,1.0,0.0,0.0,0.0,0.0,0.0,3.0,0.0,0.0,0.0,0.0,1.0,0.0,0.0,1.0,1.0,0.0,1.0,0.0,0.0,0.0,1.0,1.0,0.0,2.0,0.0,2.0,3.0,2.0,0.0,7.0,1.0,1.0,0.0,0.0,0.0,0.0,0.0,0.0,0.0,0.0,0.0,0.0,0.0,0.0,0.0,0.0,0.0,0.0,0.0,0.0,0.0,0.0,0.0,0.0,0.0,0.0,0.0,0.0,0.0,0.0,0.0,0.0,0.0,0.0,0.0,0.0,0.0,0.0,0.0,1.0,0.0,0.0,1.0,0.0,0.0,0.0,0.0,0.0,0.0,0.0,1.0,2.0,2.0,4.0,1.0,0.0,0.0,0.0,3.0,0.0,1.0,3.0,1.0,3.0,4.0,1.0,0.0,0.0,2.0,0.0,0.0,0.0,1.0,3.0,0.0,0.0,3.0,0.0,COCCn1c(=Nc2ccc(OC(F)(F)F)cc2)n(Cc2ccc(C(=O)Nc3nnn[nH]3)cc2)c2cc(Cl)c(Cl)cc21
CHEMBL218871,Inactive,27.0,8.0,6.0,0.0,3.0,0.0,3.0,0.0,39.0,8.0,5.0,0.0,0.0,0.0,0.0,1.0,3.0,1.0,3.0,3.0,3.0,3.0,3.0,35.0,14.0,10.0,0.0,3.0,0.0,3.0,0.0,1.0,30.0,14.0,11.0,0.0,6.0,0.0,6.0,2.0,0.0,32.0,11.0,10.0,0.0,6.0,0.0,6.0,0.0,2.0,3.0,0.0,3.0,1.0,33.0,11.0,10.0,0.0,9.0,0.0,9.0,1.0,0.0,0.0,0.0,0.0,2.0,0.0,0.0,0.0,0.0,42.0,4.0,10.0,0.0,0.0,0.0,0.0,1.0,1.0,6.0,6.0,0.0,37.0,7.0,14.0,0.0,6.0,0.0,6.0,1.0,1.0,0.0,0.0,0.0,39.0,5.0,7.0,0.0,9.0,0.0,9.0,1.0,2.0,0.0,0.0,1.0,0.0,0.0,34.0,8.0,8.0,0.0,12.0,0.0,12.0,0.0,0.0,0.0,0.0,2.0,0.0,0.0,0.0,0.0,7.0,4.0,0.0,0.0,0.0,3.0,0.0,1.0,3.0,2.0,0.0,2.0,0.0,0.0,1.0,2.0,3.0,0.0,1.0,1.0,0.0,3.0,1.0,1.0,18.0,3.0,12.0,0.0,0.0,5.0,1.0,1.0,0.0,1.0,15.0,0.0,0.0,0.0,2.0,11.0,7.0,2.0,2.0,1.0,0.0,14.0,0.0,0.0,0.0,14.0,0.0,0.0,9.0,6.0,7.0,3.0,7.0,4.0,2.0,2.0,3.0,2.0,3.0,1.0,3.0,2.0,0.0,5.0,0.0,0.0,3.0,0.0,0.0,0.0,0.0,1.0,0.0,0.0,6.0,4.0,0.0,2.0,3.0,1.0,0.0,0.0,2.0,1.0,3.0,4.0,3.0,0.0,0.0,2.0,1.0,1.0,0.0,0.0,5.0,0.0,0.0,3.0,0.0,CC(C)(C)C1CCC(N(Cc2ccc(C(=O)NCCC(=O)O)cc2)C(=O)Nc2ccc(C#N)cc2OC(F)(F)F)CC1
CHEMBL3616677,Active,30.0,7.0,7.0,0.0,3.0,0.0,3.0,1.0,41.0,13.0,7.0,0.0,0.0,0.0,0.0,0.0,1.0,1.0,3.0,3.0,3.0,3.0,3.0,43.0,16.0,8.0,0.0,3.0,0.0,3.0,0.0,1.0,41.0,15.0,6.0,0.0,6.0,0.0,6.0,2.0,0.0,45.0,11.0,6.0,0.0,6.0,0.0,6.0,1.0,1.0,0.0,0.0,0.0,0.0,45.0,12.0,7.0,0.0,3.0,0.0,3.0,0.0,1.0,0.0,0.0,0.0,2.0,0.0,0.0,0.0,0.0,45.0,9.0,10.0,0.0,3.0,0.0,3.0,1.0,1.0,0.0,0.0,0.0,44.0,6.0,9.0,0.0,6.0,0.0,6.0,1.0,2.0,0.0,0.0,0.0,36.0,10.0,10.0,0.0,6.0,0.0,6.0,0.0,1.0,0.0,0.0,0.0,0.0,0.0,31.0,9.0,12.0,0.0,3.0,0.0,3.0,0.0,0.0,3.0,0.0,1.0,1.0,0.0,0.0,0.0,2.0,0.0,0.0,0.0,0.0,1.0,0.0,1.0,2.0,1.0,0.0,1.0,0.0,0.0,1.0,1.0,2.0,0.0,2.0,1.0,0.0,3.0,2.0,1.0,8.0,2.0,3.0,0.0,0.0,0.0,0.0,0.0,0.0,1.0,1.0,0.0,0.0,0.0,0.0,0.0,0.0,0.0,0.0,1.0,1.0,0.0,0.0,0.0,0.0,0.0,0.0,0.0,0.0,0.0,0.0,0.0,0.0,0.0,0.0,0.0,1.0,0.0,1.0,1.0,1.0,0.0,0.0,1.0,0.0,0.0,1.0,0.0,0.0,0.0,0.0,1.0,0.0,0.0,2.0,1.0,0.0,0.0,1.0,0.0,0.0,0.0,3.0,1.0,3.0,1.0,1.0,0.0,0.0,1.0,1.0,1.0,0.0,0.0,5.0,0.0,0.0,3.0,0.0,COc1cncc(-c2nn(C(C)c3ccc(C(=O)NCCC(=O)O)cc3)c3cc(-c4ccc(OC(F)(F)F)cc4)ccc23)c1
CHEMBL3616692,Active,36.0,5.0,7.0,0.0,4.0,0.0,4.0,1.0,48.0,11.0,7.0,0.0,5.0,0.0,5.0,0.0,1.0,1.0,0.0,0.0,3.0,3.0,3.0,50.0,15.0,10.0,0.0,8.0,0.0,8.0,0.0,0.0,51.0,16.0,6.0,0.0,9.0,0.0,9.0,3.0,0.0,57.0,14.0,8.0,0.0,8.0,0.0,8.0,0.0,1.0,0.0,0.0,0.0,0.0,64.0,11.0,8.0,0.0,5.0,0.0,5.0,0.0,0.0,3.0,0.0,3.0,2.0,3.0,0.0,0.0,0.0,66.0,5.0,10.0,0.0,10.0,0.0,10.0,1.0,1.0,4.0,4.0,0.0,63.0,4.0,11.0,0.0,11.0,0.0,11.0,1.0,2.0,1.0,1.0,0.0,58.0,7.0,13.0,0.0,12.0,0.0,12.0,0.0,1.0,0.0,0.0,0.0,0.0,0.0,51.0,7.0,13.0,0.0,17.0,0.0,17.0,0.0,0.0,0.0,0.0,1.0,0.0,0.0,0.0,0.0,5.0,1.0,0.0,0.0,0.0,3.0,1.0,1.0,3.0,1.0,0.0,1.0,0.0,0.0,1.0,1.0,2.0,0.0,1.0,3.0,0.0,4.0,2.0,1.0,12.0,2.0,6.0,0.0,0.0,0.0,0.0,0.0,0.0,1.0,4.0,0.0,0.0,0.0,0.0,0.0,0.0,0.0,0.0,1.0,1.0,2.0,0.0,0.0,1.0,1.0,0.0,0.0,0.0,0.0,0.0,0.0,0.0,0.0,0.0,0.0,1.0,0.0,1.0,1.0,1.0,0.0,0.0,1.0,0.0,0.0,1.0,0.0,0.0,0.0,0.0,1.0,0.0,0.0,2.0,1.0,0.0,0.0,1.0,0.0,0.0,0.0,3.0,2.0,4.0,1.0,1.0,0.0,0.0,1.0,1.0,1.0,0.0,0.0,5.0,0.0,0.0,0.0,0.0,CCCCC(c1ccc(C(=O)NCCC(=O)O)cc1)n1nc(-c2cc(C(F)(F)F)ccc2OC)c2ccc(-c3ccc(OC)c(F)c3)cc21
CHEMBL1922924,Inactive,32.0,5.0,4.0,0.0,0.0,1.0,1.0,0.0,42.0,8.0,5.0,0.0,0.0,2.0,2.0,0.0,1.0,1.0,0.0,0.0,0.0,0.0,0.0,43.0,8.0,8.0,0.0,0.0,2.0,2.0,0.0,1.0,44.0,8.0,8.0,0.0,0.0,2.0,2.0,2.0,0.0,50.0,3.0,11.0,0.0,0.0,1.0,1.0,0.0,0.0,0.0,1.0,1.0,0.0,53.0,4.0,9.0,0.0,0.0,2.0,2.0,0.0,0.0,0.0,0.0,0.0,2.0,0.0,0.0,0.0,0.0,48.0,3.0,9.0,0.0,0.0,3.0,3.0,0.0,0.0,0.0,0.0,0.0,42.0,3.0,7.0,0.0,0.0,4.0,4.0,0.0,0.0,0.0,0.0,0.0,35.0,3.0,4.0,0.0,0.0,5.0,5.0,0.0,1.0,0.0,0.0,1.0,0.0,0.0,29.0,2.0,5.0,0.0,0.0,3.0,3.0,1.0,1.0,0.0,0.0,1.0,0.0,0.0,1.0,0.0,5.0,2.0,2.0,0.0,0.0,2.0,0.0,1.0,3.0,1.0,0.0,1.0,0.0,0.0,1.0,0.0,3.0,0.0,1.0,1.0,1.0,0.0,0.0,1.0,12.0,3.0,7.0,0.0,0.0,1.0,0.0,0.0,0.0,2.0,6.0,0.0,0.0,0.0,0.0,1.0,0.0,0.0,0.0,3.0,1.0,3.0,0.0,1.0,2.0,2.0,0.0,1.0,0.0,0.0,0.0,0.0,0.0,0.0,0.0,0.0,1.0,0.0,1.0,1.0,1.0,0.0,0.0,1.0,0.0,0.0,1.0,0.0,0.0,0.0,0.0,1.0,1.0,1.0,2.0,1.0,0.0,0.0,1.0,0.0,0.0,0.0,1.0,0.0,0.0,1.0,1.0,0.0,0.0,1.0,1.0,1.0,0.0,0.0,4.0,1.0,0.0,0.0,0.0,CCCC(Cc1ccc(C(=O)NCCC(=O)O)cc1)C(=O)c1cc2cc(Cl)ccc2n1-c1cc(C)cc(C)c1
CHEMBL3656283,Inactive,27.0,9.0,2.0,0.0,0.0,2.0,2.0,3.0,38.0,12.0,2.0,0.0,0.0,4.0,4.0,6.0,2.0,0.0,0.0,0.0,0.0,0.0,0.0,37.0,13.0,6.0,0.0,0.0,4.0,4.0,2.0,1.0,37.0,19.0,8.0,0.0,0.0,4.0,4.0,2.0,0.0,46.0,17.0,7.0,0.0,0.0,2.0,2.0,0.0,2.0,0.0,2.0,2.0,0.0,53.0,14.0,7.0,0.0,0.0,2.0,2.0,0.0,0.0,0.0,2.0,2.0,0.0,2.0,0.0,0.0,0.0,54.0,11.0,5.0,0.0,0.0,6.0,6.0,1.0,1.0,0.0,0.0,0.0,41.0,9.0,4.0,0.0,0.0,6.0,6.0,0.0,0.0,0.0,0.0,0.0,35.0,8.0,4.0,0.0,0.0,10.0,10.0,3.0,2.0,0.0,0.0,1.0,0.0,0.0,19.0,14.0,6.0,0.0,0.0,6.0,6.0,2.0,0.0,0.0,0.0,2.0,1.0,0.0,0.0,1.0,3.0,2.0,0.0,0.0,0.0,1.0,0.0,0.0,6.0,1.0,0.0,1.0,0.0,0.0,0.0,2.0,2.0,0.0,1.0,0.0,2.0,0.0,0.0,0.0,16.0,2.0,12.0,1.0,0.0,5.0,2.0,1.0,0.0,1.0,13.0,0.0,0.0,0.0,1.0,4.0,0.0,2.0,1.0,0.0,2.0,7.0,0.0,0.0,1.0,5.0,0.0,0.0,0.0,0.0,0.0,0.0,0.0,3.0,5.0,3.0,3.0,2.0,2.0,0.0,6.0,4.0,5.0,8.0,3.0,0.0,3.0,5.0,0.0,0.0,0.0,0.0,2.0,2.0,5.0,3.0,2.0,2.0,2.0,0.0,0.0,0.0,0.0,0.0,0.0,3.0,2.0,0.0,0.0,2.0,0.0,0.0,0.0,0.0,2.0,0.0,0.0,0.0,0.0,CC(C)CC1(C)N=C(c2cc(Cl)cc(Cl)c2)C(=O)N1C(CCC(C)(C)C)c1ccc(C(=O)Nc2nnn[nH]2)cc1
CHEMBL3656292,Inactive,27.0,7.0,6.0,0.0,3.0,0.0,3.0,0.0,36.0,10.0,6.0,0.0,0.0,0.0,0.0,1.0,2.0,1.0,3.0,3.0,3.0,3.0,3.0,37.0,12.0,10.0,0.0,3.0,0.0,3.0,0.0,1.0,32.0,13.0,9.0,0.0,6.0,0.0,6.0,2.0,0.0,36.0,9.0,10.0,0.0,6.0,0.0,6.0,0.0,0.0,0.0,0.0,0.0,0.0,40.0,5.0,9.0,0.0,3.0,0.0,3.0,0.0,1.0,0.0,0.0,0.0,2.0,0.0,0.0,0.0,0.0,38.0,5.0,9.0,0.0,3.0,0.0,3.0,0.0,1.0,0.0,0.0,1.0,35.0,2.0,9.0,0.0,3.0,0.0,3.0,1.0,1.0,3.0,3.0,0.0,30.0,4.0,8.0,0.0,3.0,0.0,3.0,0.0,0.0,3.0,3.0,0.0,3.0,3.0,22.0,4.0,8.0,0.0,9.0,0.0,9.0,1.0,2.0,0.0,1.0,1.0,0.0,0.0,0.0,0.0,9.0,2.0,0.0,0.0,0.0,6.0,3.0,1.0,1.0,1.0,0.0,1.0,0.0,0.0,1.0,2.0,3.0,0.0,2.0,0.0,0.0,3.0,1.0,1.0,17.0,3.0,12.0,1.0,0.0,1.0,2.0,1.0,0.0,2.0,10.0,0.0,0.0,0.0,0.0,3.0,3.0,4.0,2.0,1.0,2.0,10.0,0.0,0.0,0.0,10.0,0.0,0.0,5.0,2.0,3.0,1.0,2.0,4.0,4.0,2.0,5.0,2.0,3.0,1.0,7.0,4.0,5.0,9.0,3.0,0.0,4.0,5.0,0.0,0.0,0.0,1.0,0.0,0.0,6.0,4.0,2.0,2.0,3.0,0.0,0.0,0.0,2.0,1.0,3.0,3.0,2.0,0.0,0.0,1.0,1.0,1.0,0.0,0.0,5.0,0.0,0.0,3.0,0.0,CC1(C2CCCCC2)N=C(c2ccc(OC(F)(F)F)cc2)C(=O)N1CCc1ccc(C(=O)NCCC(=O)O)cc1
CHEMBL3656295,Inactive,24.0,7.0,4.0,0.0,0.0,2.0,2.0,0.0,29.0,11.0,4.0,0.0,0.0,4.0,4.0,1.0,2.0,1.0,0.0,0.0,0.0,0.0,0.0,32.0,11.0,8.0,0.0,0.0,4.0,4.0,0.0,1.0,34.0,10.0,9.0,0.0,0.0,4.0,4.0,2.0,0.0,38.0,9.0,10.0,0.0,0.0,2.0,2.0,0.0,0.0,0.0,2.0,2.0,0.0,31.0,5.0,6.0,0.0,0.0,2.0,2.0,0.0,0.0,0.0,2.0,2.0,2.0,2.0,0.0,0.0,0.0,28.0,2.0,6.0,0.0,0.0,6.0,6.0,1.0,1.0,0.0,0.0,0.0,21.0,6.0,9.0,0.0,0.0,4.0,4.0,0.0,0.0,0.0,0.0,0.0,17.0,4.0,5.0,0.0,0.0,8.0,8.0,1.0,2.0,0.0,0.0,1.0,0.0,0.0,14.0,3.0,4.0,0.0,0.0,4.0,4.0,0.0,0.0,0.0,0.0,2.0,0.0,0.0,0.0,0.0,3.0,0.0,0.0,0.0,0.0,1.0,0.0,1.0,2.0,1.0,0.0,1.0,0.0,0.0,1.0,1.0,3.0,0.0,1.0,0.0,2.0,0.0,0.0,1.0,13.0,3.0,9.0,1.0,0.0,2.0,2.0,1.0,0.0,2.0,5.0,0.0,0.0,0.0,0.0,0.0,0.0,0.0,0.0,1.0,2.0,1.0,0.0,0.0,2.0,0.0,0.0,0.0,0.0,0.0,0.0,0.0,0.0,0.0,1.0,1.0,3.0,2.0,3.0,1.0,7.0,4.0,5.0,9.0,3.0,0.0,4.0,5.0,0.0,0.0,0.0,1.0,2.0,2.0,6.0,4.0,2.0,2.0,3.0,0.0,0.0,0.0,1.0,0.0,0.0,3.0,2.0,0.0,0.0,2.0,1.0,1.0,0.0,0.0,4.0,0.0,0.0,0.0,0.0,CC1(C)N=C(c2cc(Cl)cc(Cl)c2)C(=O)N1C(c1ccc(C(=O)NCCC(=O)O)cc1)C1CC1
CHEMBL1644178,Active,28.0,7.0,3.0,0.0,3.0,0.0,3.0,4.0,40.0,11.0,3.0,0.0,0.0,0.0,0.0,5.0,1.0,0.0,3.0,3.0,3.0,3.0,3.0,38.0,13.0,5.0,0.0,3.0,0.0,3.0,2.0,0.0,32.0,18.0,3.0,0.0,6.0,0.0,6.0,2.0,0.0,33.0,16.0,2.0,0.0,6.0,0.0,6.0,0.0,2.0,0.0,0.0,0.0,0.0,36.0,14.0,2.0,0.0,3.0,0.0,3.0,0.0,1.0,0.0,0.0,0.0,0.0,0.0,0.0,0.0,0.0,39.0,12.0,1.0,0.0,3.0,0.0,3.0,1.0,2.0,0.0,0.0,0.0,38.0,10.0,3.0,0.0,3.0,0.0,3.0,1.0,1.0,3.0,3.0,0.0,32.0,6.0,6.0,0.0,3.0,0.0,3.0,2.0,0.0,3.0,3.0,0.0,0.0,0.0,32.0,5.0,7.0,0.0,6.0,0.0,6.0,4.0,0.0,0.0,0.0,2.0,0.0,0.0,0.0,0.0,5.0,4.0,0.0,0.0,0.0,2.0,0.0,0.0,3.0,1.0,0.0,1.0,0.0,0.0,0.0,2.0,1.0,0.0,2.0,0.0,0.0,3.0,1.0,0.0,13.0,1.0,10.0,0.0,0.0,5.0,0.0,0.0,0.0,0.0,14.0,0.0,0.0,0.0,2.0,11.0,7.0,0.0,0.0,0.0,0.0,14.0,0.0,0.0,0.0,14.0,0.0,0.0,9.0,0.0,7.0,3.0,0.0,0.0,0.0,0.0,0.0,0.0,0.0,0.0,0.0,0.0,0.0,0.0,0.0,0.0,0.0,0.0,0.0,0.0,0.0,0.0,0.0,0.0,1.0,0.0,0.0,0.0,0.0,0.0,0.0,0.0,1.0,1.0,3.0,1.0,1.0,0.0,0.0,1.0,0.0,0.0,0.0,0.0,2.0,0.0,0.0,3.0,0.0,CC(C)(C)C1CCC(c2cc(-c3ccc(OC(F)(F)F)cc3)nn2Cc2ccc(C(=O)Nc3nn[nH]n3)cc2)CC1
CHEMBL156724,Active,31.0,5.0,4.0,0.0,0.0,1.0,1.0,1.0,41.0,8.0,5.0,0.0,0.0,2.0,2.0,0.0,3.0,0.0,0.0,0.0,0.0,0.0,0.0,33.0,13.0,12.0,0.0,0.0,2.0,2.0,0.0,1.0,31.0,16.0,14.0,0.0,0.0,2.0,2.0,0.0,1.0,40.0,11.0,13.0,0.0,0.0,0.0,0.0,0.0,0.0,0.0,1.0,1.0,0.0,47.0,5.0,12.0,0.0,0.0,0.0,0.0,1.0,1.0,0.0,1.0,1.0,1.0,0.0,0.0,0.0,0.0,49.0,3.0,7.0,0.0,0.0,1.0,1.0,1.0,1.0,0.0,0.0,0.0,39.0,5.0,4.0,0.0,0.0,1.0,1.0,0.0,2.0,0.0,0.0,0.0,25.0,7.0,2.0,0.0,0.0,2.0,2.0,0.0,3.0,0.0,0.0,0.0,0.0,0.0,15.0,10.0,6.0,0.0,0.0,3.0,3.0,0.0,0.0,0.0,0.0,2.0,0.0,0.0,2.0,0.0,8.0,4.0,4.0,0.0,0.0,6.0,2.0,0.0,0.0,1.0,0.0,1.0,0.0,0.0,1.0,0.0,3.0,0.0,0.0,1.0,1.0,0.0,0.0,1.0,14.0,3.0,12.0,2.0,0.0,2.0,0.0,0.0,0.0,2.0,14.0,4.0,4.0,0.0,0.0,4.0,2.0,0.0,0.0,4.0,0.0,14.0,4.0,4.0,0.0,6.0,4.0,4.0,2.0,0.0,0.0,0.0,2.0,4.0,4.0,4.0,4.0,0.0,4.0,0.0,2.0,0.0,0.0,2.0,2.0,4.0,2.0,1.0,0.0,0.0,0.0,0.0,1.0,1.0,3.0,1.0,2.0,0.0,2.0,2.0,0.0,0.0,0.0,0.0,0.0,3.0,3.0,0.0,0.0,1.0,0.0,0.0,0.0,0.0,4.0,0.0,0.0,0.0,0.0,O=C(NN=Cc1ccc(N(C(=O)C2CCCC2)C(=O)C2CCCC2)c2ccccc12)c1ccc(O)c(Cl)c1
CHEMBL155449,Inactive,23.0,8.0,3.0,0.0,0.0,1.0,1.0,1.0,33.0,9.0,4.0,0.0,0.0,2.0,2.0,0.0,2.0,0.0,0.0,0.0,0.0,0.0,0.0,34.0,7.0,7.0,0.0,0.0,2.0,2.0,1.0,1.0,22.0,13.0,8.0,0.0,0.0,2.0,2.0,0.0,0.0,20.0,13.0,6.0,0.0,0.0,0.0,0.0,0.0,1.0,0.0,1.0,1.0,0.0,22.0,10.0,6.0,0.0,0.0,0.0,0.0,0.0,1.0,0.0,1.0,1.0,1.0,0.0,0.0,0.0,0.0,26.0,7.0,5.0,0.0,0.0,1.0,1.0,0.0,1.0,0.0,0.0,0.0,28.0,4.0,4.0,0.0,0.0,1.0,1.0,1.0,1.0,0.0,0.0,0.0,24.0,5.0,3.0,0.0,0.0,2.0,2.0,1.0,1.0,0.0,0.0,0.0,0.0,0.0,17.0,7.0,4.0,0.0,0.0,3.0,3.0,0.0,0.0,0.0,0.0,0.0,0.0,0.0,0.0,0.0,5.0,0.0,0.0,0.0,0.0,2.0,0.0,1.0,1.0,1.0,0.0,1.0,0.0,0.0,1.0,0.0,2.0,0.0,0.0,1.0,1.0,0.0,0.0,1.0,9.0,2.0,3.0,1.0,0.0,0.0,0.0,0.0,0.0,1.0,0.0,0.0,0.0,0.0,0.0,0.0,0.0,0.0,0.0,0.0,1.0,0.0,0.0,0.0,0.0,0.0,0.0,0.0,0.0,0.0,0.0,0.0,0.0,0.0,0.0,0.0,0.0,0.0,0.0,0.0,5.0,5.0,4.0,10.0,2.0,0.0,2.0,4.0,0.0,0.0,0.0,0.0,1.0,1.0,7.0,6.0,2.0,0.0,2.0,0.0,0.0,0.0,0.0,0.0,0.0,4.0,2.0,0.0,0.0,1.0,0.0,0.0,2.0,0.0,3.0,0.0,0.0,0.0,0.0,CN1CCN(C(=O)Cc2ccc(C=NNC(=O)c3ccc(O)c(Cl)c3)c3ccccc23)CC1
CHEMBL439289,Active,126.0,78.0,48.0,2.0,0.0,0.0,0.0,0.0,146.0,99.0,53.0,1.0,0.0,0.0,0.0,7.0,33.0,3.0,0.0,0.0,0.0,0.0,0.0,165.0,68.0,77.0,1.0,0.0,0.0,0.0,29.0,36.0,152.0,118.0,127.0,1.0,0.0,0.0,0.0,12.0,7.0,171.0,132.0,98.0,1.0,0.0,0.0,0.0,9.0,40.0,0.0,0.0,0.0,40.0,214.0,86.0,123.0,2.0,0.0,0.0,0.0,36.0,48.0,0.0,0.0,0.0,10.0,0.0,0.0,0.0,0.0,218.0,131.0,169.0,3.0,0.0,0.0,0.0,6.0,20.0,0.0,0.0,12.0,235.0,143.0,133.0,3.0,0.0,0.0,0.0,12.0,48.0,0.0,0.0,43.0,264.0,97.0,146.0,4.0,0.0,0.0,0.0,35.0,53.0,0.0,0.0,15.0,0.0,0.0,249.0,143.0,181.0,3.0,0.0,0.0,0.0,6.0,23.0,0.0,14.0,34.0,7.0,27.0,28.0,3.0,36.0,25.0,23.0,23.0,22.0,12.0,4.0,8.0,12.0,29.0,28.0,28.0,27.0,10.0,12.0,0.0,36.0,5.0,2.0,0.0,0.0,0.0,0.0,12.0,120.0,36.0,87.0,33.0,28.0,3.0,28.0,27.0,27.0,36.0,61.0,32.0,27.0,26.0,0.0,3.0,0.0,18.0,18.0,35.0,4.0,30.0,22.0,25.0,4.0,12.0,14.0,15.0,1.0,0.0,0.0,0.0,0.0,18.0,36.0,11.0,53.0,0.0,18.0,10.0,93.0,0.0,0.0,85.0,55.0,53.0,55.0,55.0,28.0,28.0,7.0,13.0,0.0,0.0,70.0,29.0,28.0,28.0,28.0,0.0,29.0,7.0,10.0,0.0,0.0,41.0,33.0,29.0,29.0,0.0,3.0,9.0,29.0,7.0,48.0,4.0,28.0,0.0,7.0,CNC(Cc1c[nH]cn1)C(=O)NC(CO)C(=O)NC(CCC(N)=O)C(=O)NCC(=O)NC(C(=O)NC(Cc1ccccc1)C(=O)NC(C(=O)NC(CO)C(=O)NC(CCC(=O)O)C(=O)NC(Cc1ccc(O)cc1)C(=O)NC(CO)C(=O)NC(CCCCN)C(=O)NC(Cc1ccc(O)cc1)C(=O)NC(CC(C)C)C(=O)NC(CC(=O)O)C(=O)NC(CO)C(=O)NC(CCCN=C(N)N)C(=O)NC(CCCN=C(N)N)C(=O)NC(C)C(=O)NC(CCC(N)=O)C(=O)NC(CC(=O)O)C(=O)NC(Cc1ccccc1)C(=O)NC(C(=O)NC(CCC(N)=O)C(=O)NC(Cc1c[nH]c2ccccc12)C(=O)NC(CC(C)C)C(=O)NC(CCSC)C(=O)NC(CC(N)=O)C(=O)NC(C(N)=O)C(C)O)C(C)C)C(C)O)C(C)O
CHEMBL472325,Active,24.0,12.0,1.0,0.0,0.0,0.0,1.0,3.0,38.0,10.0,1.0,0.0,0.0,0.0,2.0,8.0,1.0,0.0,0.0,0.0,0.0,0.0,0.0,32.0,20.0,3.0,0.0,0.0,0.0,2.0,2.0,0.0,31.0,19.0,2.0,0.0,0.0,0.0,1.0,2.0,0.0,32.0,19.0,1.0,0.0,0.0,0.0,1.0,0.0,2.0,0.0,0.0,1.0,0.0,36.0,19.0,1.0,0.0,0.0,0.0,1.0,0.0,0.0,0.0,0.0,1.0,0.0,0.0,0.0,0.0,0.0,41.0,10.0,0.0,0.0,0.0,0.0,2.0,1.0,1.0,0.0,0.0,0.0,31.0,15.0,2.0,0.0,0.0,0.0,3.0,0.0,0.0,0.0,0.0,0.0,35.0,4.0,2.0,0.0,0.0,0.0,4.0,4.0,2.0,0.0,0.0,0.0,0.0,0.0,22.0,11.0,5.0,0.0,0.0,0.0,3.0,2.0,0.0,0.0,0.0,2.0,0.0,0.0,0.0,0.0,5.0,4.0,0.0,0.0,0.0,2.0,0.0,0.0,4.0,1.0,0.0,1.0,0.0,0.0,0.0,1.0,1.0,0.0,1.0,1.0,0.0,0.0,0.0,0.0,13.0,1.0,10.0,0.0,0.0,5.0,1.0,0.0,0.0,0.0,14.0,0.0,0.0,0.0,2.0,11.0,7.0,2.0,0.0,0.0,0.0,14.0,0.0,0.0,0.0,14.0,0.0,0.0,9.0,0.0,7.0,3.0,0.0,4.0,2.0,0.0,2.0,0.0,0.0,0.0,2.0,0.0,0.0,2.0,0.0,0.0,0.0,0.0,0.0,0.0,0.0,0.0,0.0,0.0,3.0,1.0,0.0,1.0,0.0,0.0,0.0,0.0,0.0,0.0,0.0,2.0,1.0,0.0,0.0,2.0,0.0,0.0,0.0,0.0,1.0,0.0,0.0,0.0,0.0,Cn1c(N(Cc2ccc(C(=O)Nc3nnn[nH]3)cc2)C2CCC(C(C)(C)C)CC2)nc2cc(Br)ccc21
CHEMBL2159336,Inactive,32.0,5.0,5.0,0.0,0.0,2.0,2.0,1.0,42.0,11.0,5.0,0.0,0.0,4.0,4.0,0.0,1.0,1.0,0.0,0.0,0.0,0.0,0.0,43.0,13.0,7.0,0.0,0.0,4.0,4.0,0.0,0.0,39.0,14.0,5.0,0.0,0.0,4.0,4.0,2.0,0.0,42.0,11.0,6.0,0.0,0.0,2.0,2.0,0.0,0.0,0.0,2.0,2.0,0.0,47.0,8.0,4.0,0.0,0.0,2.0,2.0,0.0,0.0,0.0,2.0,2.0,2.0,0.0,0.0,0.0,0.0,48.0,5.0,6.0,0.0,0.0,4.0,4.0,1.0,1.0,0.0,0.0,0.0,46.0,3.0,6.0,0.0,0.0,8.0,8.0,1.0,2.0,0.0,0.0,0.0,38.0,6.0,7.0,0.0,0.0,8.0,8.0,0.0,1.0,0.0,0.0,0.0,0.0,0.0,31.0,6.0,8.0,0.0,0.0,8.0,8.0,0.0,0.0,0.0,0.0,1.0,1.0,0.0,0.0,0.0,2.0,0.0,0.0,0.0,0.0,1.0,0.0,1.0,2.0,1.0,0.0,1.0,0.0,0.0,1.0,0.0,2.0,0.0,1.0,2.0,2.0,0.0,1.0,1.0,7.0,2.0,3.0,0.0,0.0,0.0,0.0,0.0,0.0,1.0,1.0,0.0,0.0,0.0,0.0,0.0,0.0,0.0,0.0,1.0,1.0,0.0,0.0,0.0,0.0,0.0,0.0,0.0,0.0,0.0,0.0,0.0,0.0,0.0,0.0,0.0,1.0,0.0,1.0,1.0,1.0,0.0,0.0,1.0,0.0,0.0,1.0,0.0,0.0,0.0,0.0,1.0,2.0,2.0,2.0,1.0,0.0,0.0,1.0,0.0,0.0,0.0,2.0,1.0,0.0,1.0,1.0,0.0,0.0,1.0,1.0,1.0,0.0,0.0,4.0,0.0,0.0,0.0,0.0,COc1ccc2cc(-c3cc(-c4cc(Cl)cc(Cl)c4)nn3C(C)c3ccc(C(=O)NCCC(=O)O)cc3)ccc2c1
CHEMBL1644175,Inactive,26.0,5.0,5.0,0.0,3.0,0.0,3.0,1.0,33.0,10.0,5.0,0.0,0.0,0.0,0.0,0.0,1.0,1.0,3.0,3.0,3.0,3.0,3.0,32.0,12.0,7.0,0.0,3.0,0.0,3.0,0.0,0.0,33.0,11.0,4.0,0.0,6.0,0.0,6.0,2.0,0.0,37.0,9.0,4.0,0.0,6.0,0.0,6.0,0.0,1.0,0.0,0.0,0.0,0.0,36.0,7.0,4.0,0.0,3.0,0.0,3.0,0.0,1.0,0.0,0.0,0.0,2.0,0.0,0.0,0.0,0.0,34.0,4.0,8.0,0.0,0.0,0.0,0.0,0.0,0.0,3.0,3.0,0.0,29.0,4.0,9.0,0.0,3.0,0.0,3.0,0.0,0.0,3.0,3.0,0.0,23.0,1.0,6.0,0.0,9.0,0.0,9.0,2.0,2.0,0.0,0.0,0.0,0.0,0.0,16.0,5.0,8.0,0.0,9.0,0.0,9.0,0.0,0.0,0.0,0.0,1.0,0.0,0.0,0.0,0.0,8.0,2.0,0.0,0.0,0.0,5.0,3.0,1.0,0.0,1.0,0.0,1.0,0.0,0.0,1.0,1.0,2.0,0.0,2.0,0.0,0.0,3.0,1.0,1.0,12.0,2.0,8.0,0.0,0.0,0.0,0.0,0.0,0.0,1.0,7.0,0.0,0.0,0.0,0.0,0.0,0.0,0.0,0.0,1.0,0.0,6.0,0.0,0.0,0.0,6.0,0.0,0.0,1.0,0.0,0.0,0.0,0.0,0.0,0.0,0.0,1.0,0.0,1.0,1.0,1.0,0.0,0.0,1.0,0.0,0.0,1.0,0.0,0.0,0.0,0.0,1.0,0.0,0.0,2.0,1.0,0.0,0.0,1.0,0.0,0.0,0.0,2.0,1.0,3.0,1.0,1.0,0.0,0.0,1.0,1.0,1.0,0.0,0.0,4.0,0.0,0.0,3.0,0.0,O=C(O)CCNC(=O)c1ccc(Cc2cnn(-c3ccc(OC(F)(F)F)cc3)c2C2CCCCC2)cc1
CHEMBL1644179,Inactive,26.0,5.0,7.0,0.0,6.0,0.0,6.0,1.0,34.0,10.0,7.0,0.0,0.0,0.0,0.0,0.0,1.0,1.0,6.0,6.0,6.0,6.0,6.0,33.0,12.0,9.0,0.0,6.0,0.0,6.0,0.0,0.0,29.0,14.0,5.0,0.0,12.0,0.0,12.0,2.0,0.0,33.0,10.0,6.0,0.0,12.0,0.0,12.0,0.0,0.0,0.0,0.0,0.0,0.0,37.0,5.0,5.0,0.0,6.0,0.0,6.0,0.0,2.0,0.0,0.0,0.0,2.0,0.0,0.0,0.0,0.0,38.0,3.0,7.0,0.0,6.0,0.0,6.0,1.0,3.0,0.0,0.0,0.0,34.0,4.0,9.0,0.0,6.0,0.0,6.0,1.0,1.0,6.0,6.0,0.0,25.0,5.0,12.0,0.0,9.0,0.0,9.0,0.0,0.0,6.0,6.0,0.0,0.0,0.0,21.0,5.0,13.0,0.0,12.0,0.0,12.0,0.0,0.0,0.0,0.0,0.0,0.0,0.0,0.0,0.0,3.0,0.0,0.0,0.0,0.0,1.0,0.0,1.0,0.0,1.0,0.0,1.0,0.0,0.0,1.0,2.0,2.0,0.0,3.0,0.0,0.0,6.0,2.0,1.0,7.0,2.0,2.0,0.0,0.0,0.0,0.0,0.0,0.0,1.0,1.0,0.0,0.0,0.0,0.0,0.0,0.0,0.0,0.0,1.0,0.0,0.0,0.0,0.0,0.0,0.0,0.0,0.0,0.0,0.0,0.0,0.0,0.0,0.0,0.0,0.0,1.0,0.0,1.0,1.0,1.0,0.0,0.0,1.0,0.0,0.0,1.0,0.0,0.0,0.0,0.0,1.0,0.0,0.0,2.0,1.0,0.0,0.0,1.0,0.0,0.0,0.0,3.0,2.0,6.0,1.0,1.0,0.0,0.0,1.0,1.0,1.0,0.0,0.0,5.0,0.0,0.0,6.0,0.0,O=C(O)CCNC(=O)c1ccc(Cn2nc(-c3ccc(OC(F)(F)F)cc3)cc2-c2ccc(OC(F)(F)F)cc2)cc1
CHEMBL1644203,Inactive,27.0,5.0,7.0,0.0,6.0,0.0,6.0,1.0,35.0,10.0,7.0,0.0,0.0,0.0,0.0,0.0,1.0,1.0,6.0,6.0,6.0,6.0,6.0,34.0,12.0,9.0,0.0,6.0,0.0,6.0,0.0,0.0,30.0,15.0,7.0,0.0,12.0,0.0,12.0,0.0,0.0,33.0,12.0,5.0,0.0,12.0,0.0,12.0,0.0,2.0,0.0,0.0,0.0,0.0,40.0,4.0,5.0,0.0,6.0,0.0,6.0,1.0,3.0,0.0,0.0,0.0,0.0,0.0,0.0,0.0,0.0,42.0,4.0,6.0,0.0,6.0,0.0,6.0,1.0,3.0,0.0,0.0,2.0,37.0,7.0,11.0,0.0,6.0,0.0,6.0,0.0,0.0,6.0,6.0,0.0,30.0,5.0,14.0,0.0,9.0,0.0,9.0,0.0,0.0,6.0,6.0,0.0,0.0,0.0,23.0,6.0,16.0,0.0,12.0,0.0,12.0,0.0,0.0,0.0,0.0,0.0,0.0,0.0,0.0,0.0,4.0,0.0,0.0,0.0,0.0,2.0,1.0,1.0,0.0,1.0,0.0,1.0,0.0,0.0,1.0,2.0,2.0,0.0,2.0,0.0,0.0,6.0,2.0,1.0,8.0,2.0,3.0,0.0,0.0,0.0,0.0,0.0,0.0,1.0,2.0,0.0,0.0,0.0,0.0,0.0,0.0,0.0,0.0,1.0,0.0,1.0,0.0,1.0,0.0,0.0,0.0,0.0,0.0,0.0,0.0,0.0,0.0,0.0,1.0,1.0,1.0,0.0,1.0,1.0,1.0,0.0,0.0,1.0,0.0,0.0,1.0,0.0,0.0,0.0,0.0,1.0,0.0,0.0,2.0,1.0,0.0,0.0,1.0,0.0,0.0,0.0,3.0,2.0,6.0,1.0,1.0,0.0,0.0,1.0,0.0,0.0,0.0,0.0,5.0,0.0,0.0,6.0,0.0,O=C(O)CCCNC(=O)c1cccc(Cn2nc(-c3ccc(OC(F)(F)F)cc3)cc2-c2ccc(OC(F)(F)F)cc2)c1
CHEMBL3616680,Active,32.0,5.0,5.0,0.0,5.0,0.0,5.0,1.0,42.0,11.0,5.0,0.0,4.0,0.0,4.0,0.0,1.0,1.0,3.0,3.0,3.0,3.0,3.0,43.0,14.0,7.0,0.0,8.0,0.0,8.0,0.0,0.0,41.0,14.0,4.0,0.0,9.0,0.0,9.0,2.0,0.0,45.0,10.0,5.0,0.0,9.0,0.0,9.0,0.0,0.0,1.0,0.0,1.0,0.0,47.0,8.0,5.0,0.0,7.0,0.0,7.0,0.0,0.0,1.0,0.0,1.0,2.0,0.0,0.0,0.0,0.0,46.0,5.0,7.0,0.0,8.0,0.0,8.0,1.0,1.0,1.0,1.0,0.0,44.0,3.0,6.0,0.0,12.0,0.0,12.0,1.0,2.0,0.0,0.0,0.0,37.0,6.0,7.0,0.0,13.0,0.0,13.0,0.0,1.0,0.0,0.0,0.0,0.0,0.0,31.0,6.0,8.0,0.0,9.0,0.0,9.0,0.0,0.0,3.0,0.0,1.0,1.0,0.0,0.0,0.0,2.0,0.0,0.0,0.0,0.0,1.0,0.0,1.0,1.0,1.0,0.0,1.0,0.0,0.0,1.0,1.0,2.0,0.0,2.0,2.0,0.0,5.0,1.0,1.0,7.0,2.0,3.0,0.0,0.0,0.0,0.0,0.0,0.0,1.0,1.0,0.0,0.0,0.0,0.0,0.0,0.0,0.0,0.0,1.0,1.0,0.0,0.0,0.0,0.0,0.0,0.0,0.0,0.0,0.0,0.0,0.0,0.0,0.0,0.0,0.0,1.0,0.0,1.0,1.0,1.0,0.0,0.0,1.0,0.0,0.0,1.0,0.0,0.0,0.0,0.0,1.0,0.0,0.0,2.0,1.0,0.0,0.0,1.0,0.0,0.0,0.0,2.0,1.0,5.0,1.0,1.0,0.0,0.0,1.0,1.0,1.0,0.0,0.0,4.0,0.0,0.0,3.0,0.0,CC(c1ccc(C(=O)NCCC(=O)O)cc1)n1nc(-c2ccc(F)cc2F)c2ccc(-c3ccc(OC(F)(F)F)cc3)cc21
CHEMBL3616697,Active,34.0,5.0,5.0,2.0,3.0,0.0,3.0,1.0,44.0,11.0,5.0,4.0,3.0,0.0,3.0,0.0,1.0,1.0,0.0,0.0,3.0,3.0,3.0,45.0,15.0,8.0,2.0,6.0,0.0,6.0,0.0,0.0,47.0,16.0,5.0,2.0,6.0,0.0,6.0,3.0,0.0,55.0,13.0,7.0,1.0,6.0,0.0,6.0,0.0,1.0,0.0,0.0,0.0,0.0,61.0,10.0,6.0,2.0,3.0,0.0,3.0,0.0,0.0,3.0,0.0,3.0,2.0,3.0,0.0,0.0,0.0,61.0,5.0,8.0,3.0,9.0,0.0,9.0,1.0,1.0,3.0,3.0,0.0,56.0,4.0,10.0,5.0,9.0,0.0,9.0,1.0,1.0,0.0,0.0,0.0,52.0,6.0,10.0,5.0,9.0,0.0,9.0,0.0,0.0,0.0,0.0,0.0,0.0,0.0,44.0,6.0,10.0,5.0,12.0,0.0,12.0,0.0,0.0,0.0,0.0,1.0,0.0,0.0,0.0,0.0,5.0,1.0,0.0,0.0,0.0,3.0,1.0,1.0,3.0,1.0,0.0,1.0,0.0,0.0,1.0,1.0,2.0,0.0,1.0,2.0,0.0,3.0,1.0,1.0,12.0,2.0,6.0,0.0,0.0,0.0,0.0,0.0,0.0,1.0,4.0,0.0,0.0,0.0,0.0,0.0,0.0,0.0,0.0,1.0,1.0,2.0,0.0,0.0,1.0,1.0,0.0,0.0,0.0,0.0,0.0,0.0,0.0,0.0,0.0,0.0,1.0,0.0,1.0,1.0,1.0,0.0,0.0,1.0,0.0,0.0,1.0,0.0,0.0,0.0,0.0,1.0,0.0,0.0,2.0,1.0,0.0,0.0,1.0,0.0,0.0,0.0,2.0,1.0,3.0,1.0,1.0,0.0,0.0,1.0,1.0,1.0,0.0,0.0,4.0,0.0,0.0,0.0,0.0,CCCCC(c1ccc(C(=O)NCCC(=O)O)cc1)n1nc(-c2cc(C(F)(F)F)ccc2OC)c2ccc(-c3ccc(C)s3)cc21
CHEMBL3958315,Active,31.0,2.0,3.0,2.0,0.0,2.0,2.0,0.0,42.0,2.0,3.0,3.0,0.0,4.0,4.0,0.0,1.0,1.0,0.0,0.0,0.0,0.0,0.0,44.0,3.0,5.0,4.0,0.0,4.0,4.0,0.0,0.0,49.0,2.0,3.0,3.0,0.0,4.0,4.0,2.0,0.0,54.0,1.0,4.0,4.0,0.0,3.0,3.0,0.0,0.0,0.0,0.0,0.0,0.0,56.0,1.0,3.0,5.0,0.0,4.0,4.0,0.0,0.0,0.0,0.0,0.0,2.0,0.0,0.0,0.0,0.0,47.0,2.0,6.0,4.0,0.0,8.0,8.0,0.0,0.0,0.0,0.0,0.0,34.0,3.0,7.0,1.0,0.0,10.0,10.0,0.0,0.0,0.0,0.0,0.0,21.0,5.0,7.0,1.0,0.0,9.0,9.0,0.0,0.0,0.0,0.0,0.0,0.0,0.0,15.0,4.0,6.0,0.0,0.0,4.0,4.0,0.0,0.0,0.0,0.0,2.0,0.0,0.0,0.0,0.0,4.0,1.0,0.0,0.0,0.0,2.0,0.0,1.0,2.0,1.0,0.0,1.0,0.0,0.0,1.0,0.0,2.0,0.0,2.0,0.0,2.0,0.0,0.0,1.0,10.0,2.0,6.0,0.0,0.0,0.0,0.0,0.0,0.0,1.0,4.0,0.0,0.0,0.0,0.0,0.0,0.0,0.0,0.0,1.0,3.0,2.0,0.0,0.0,2.0,1.0,0.0,0.0,0.0,0.0,0.0,0.0,0.0,0.0,0.0,0.0,1.0,0.0,1.0,1.0,1.0,0.0,0.0,1.0,0.0,0.0,1.0,0.0,0.0,0.0,0.0,1.0,2.0,2.0,2.0,1.0,0.0,0.0,1.0,0.0,0.0,0.0,1.0,0.0,0.0,1.0,1.0,0.0,0.0,1.0,1.0,1.0,0.0,0.0,3.0,0.0,0.0,0.0,0.0,CCCC(c1ccc(C(=O)NCCC(=O)O)cc1)C(c1ccc(Cl)cc1)c1csc2c(C)cc(Cl)cc12
CHEMBL3957356,Active,31.0,3.0,5.0,2.0,3.0,1.0,4.0,0.0,43.0,3.0,5.0,3.0,0.0,2.0,2.0,0.0,1.0,1.0,3.0,3.0,3.0,3.0,3.0,46.0,5.0,7.0,4.0,3.0,2.0,5.0,0.0,0.0,51.0,4.0,4.0,3.0,6.0,3.0,9.0,2.0,0.0,55.0,4.0,5.0,4.0,6.0,2.0,8.0,0.0,0.0,0.0,1.0,1.0,0.0,57.0,2.0,5.0,5.0,3.0,2.0,5.0,0.0,0.0,0.0,0.0,0.0,2.0,0.0,0.0,0.0,0.0,49.0,4.0,10.0,4.0,3.0,4.0,7.0,0.0,0.0,0.0,0.0,0.0,38.0,7.0,12.0,1.0,6.0,5.0,11.0,0.0,0.0,0.0,0.0,0.0,26.0,10.0,12.0,2.0,12.0,4.0,16.0,0.0,0.0,0.0,0.0,0.0,0.0,0.0,20.0,8.0,9.0,0.0,15.0,1.0,16.0,0.0,0.0,0.0,0.0,2.0,0.0,0.0,0.0,0.0,4.0,1.0,0.0,0.0,0.0,2.0,0.0,1.0,1.0,1.0,0.0,1.0,0.0,0.0,1.0,1.0,2.0,0.0,2.0,0.0,1.0,3.0,1.0,1.0,11.0,2.0,6.0,0.0,0.0,0.0,0.0,0.0,0.0,1.0,4.0,0.0,0.0,0.0,0.0,0.0,0.0,0.0,0.0,1.0,3.0,2.0,0.0,0.0,2.0,1.0,0.0,0.0,0.0,0.0,0.0,0.0,0.0,0.0,0.0,0.0,1.0,0.0,1.0,1.0,1.0,0.0,0.0,1.0,0.0,0.0,1.0,0.0,0.0,0.0,0.0,1.0,1.0,1.0,2.0,1.0,0.0,0.0,1.0,0.0,0.0,0.0,2.0,1.0,3.0,2.0,1.0,0.0,0.0,1.0,1.0,1.0,0.0,0.0,4.0,0.0,0.0,3.0,0.0,CCCC(c1ccc(C(=O)NCCC(=O)O)cc1)C(c1ccc(OC(F)(F)F)cc1)c1csc2c(C#N)cc(Cl)cc12
CHEMBL509900,Active,25.0,11.0,1.0,0.0,0.0,0.0,0.0,3.0,38.0,10.0,1.0,0.0,0.0,0.0,0.0,8.0,1.0,0.0,0.0,0.0,0.0,0.0,0.0,32.0,18.0,3.0,0.0,0.0,0.0,0.0,2.0,0.0,28.0,20.0,2.0,0.0,0.0,0.0,0.0,2.0,0.0,29.0,20.0,1.0,0.0,0.0,0.0,0.0,0.0,2.0,0.0,0.0,0.0,0.0,32.0,20.0,1.0,0.0,0.0,0.0,0.0,0.0,0.0,0.0,0.0,0.0,0.0,0.0,0.0,0.0,0.0,40.0,10.0,0.0,0.0,0.0,0.0,0.0,1.0,1.0,0.0,0.0,0.0,32.0,15.0,2.0,0.0,0.0,0.0,0.0,0.0,0.0,0.0,0.0,0.0,35.0,4.0,2.0,0.0,0.0,0.0,0.0,4.0,2.0,0.0,0.0,0.0,0.0,0.0,25.0,10.0,4.0,0.0,0.0,0.0,0.0,2.0,0.0,0.0,0.0,2.0,0.0,0.0,0.0,0.0,5.0,4.0,0.0,0.0,0.0,2.0,0.0,0.0,4.0,1.0,0.0,1.0,0.0,0.0,0.0,1.0,1.0,0.0,1.0,1.0,0.0,0.0,0.0,0.0,13.0,1.0,10.0,0.0,0.0,5.0,1.0,0.0,0.0,0.0,14.0,0.0,0.0,0.0,2.0,11.0,7.0,2.0,0.0,0.0,0.0,14.0,0.0,0.0,0.0,14.0,0.0,0.0,9.0,0.0,7.0,3.0,0.0,4.0,2.0,0.0,2.0,0.0,0.0,0.0,2.0,0.0,0.0,2.0,0.0,0.0,0.0,0.0,0.0,0.0,0.0,0.0,0.0,0.0,3.0,1.0,0.0,1.0,0.0,0.0,0.0,0.0,0.0,0.0,0.0,2.0,1.0,0.0,0.0,2.0,0.0,0.0,0.0,0.0,1.0,0.0,0.0,0.0,0.0,Cc1ccc2[nH]c(N(Cc3ccc(C(=O)Nc4nnn[nH]4)cc3)C3CCC(C(C)(C)C)CC3)nc2c1
CHEMBL487828,Inactive,26.0,10.0,3.0,0.0,0.0,0.0,0.0,0.0,39.0,9.0,3.0,0.0,0.0,0.0,0.0,3.0,1.0,1.0,0.0,0.0,0.0,0.0,0.0,33.0,19.0,5.0,0.0,0.0,0.0,0.0,0.0,0.0,33.0,15.0,3.0,0.0,0.0,0.0,0.0,2.0,0.0,35.0,13.0,4.0,0.0,0.0,0.0,0.0,0.0,0.0,0.0,0.0,0.0,0.0,40.0,11.0,3.0,0.0,0.0,0.0,0.0,0.0,0.0,0.0,0.0,0.0,2.0,0.0,0.0,0.0,0.0,44.0,4.0,4.0,0.0,0.0,0.0,0.0,1.0,1.0,0.0,0.0,0.0,33.0,11.0,6.0,0.0,0.0,0.0,0.0,0.0,0.0,0.0,0.0,0.0,36.0,3.0,4.0,0.0,0.0,0.0,0.0,2.0,2.0,0.0,0.0,0.0,0.0,0.0,24.0,8.0,7.0,0.0,0.0,0.0,0.0,0.0,0.0,0.0,0.0,2.0,0.0,0.0,0.0,0.0,7.0,4.0,0.0,0.0,0.0,3.0,0.0,1.0,4.0,1.0,0.0,1.0,0.0,0.0,1.0,1.0,2.0,0.0,1.0,0.0,0.0,0.0,0.0,1.0,16.0,2.0,12.0,0.0,0.0,5.0,1.0,0.0,0.0,1.0,15.0,0.0,0.0,0.0,2.0,11.0,7.0,2.0,0.0,1.0,0.0,14.0,0.0,0.0,0.0,14.0,0.0,0.0,9.0,0.0,7.0,3.0,0.0,4.0,2.0,0.0,3.0,0.0,1.0,1.0,3.0,0.0,0.0,3.0,0.0,0.0,1.0,0.0,0.0,0.0,0.0,1.0,0.0,0.0,4.0,2.0,0.0,1.0,1.0,0.0,0.0,0.0,1.0,0.0,0.0,2.0,1.0,0.0,0.0,2.0,1.0,1.0,0.0,0.0,3.0,0.0,0.0,0.0,0.0,Cn1c(N(Cc2ccc(C(=O)NCCC(=O)O)cc2)C2CCC(C(C)(C)C)CC2)nc2ccccc21
CHEMBL506800,Active,31.0,7.0,5.0,2.0,3.0,0.0,3.0,0.0,43.0,7.0,5.0,1.0,0.0,0.0,0.0,1.0,1.0,1.0,3.0,3.0,3.0,3.0,3.0,39.0,13.0,7.0,3.0,3.0,0.0,3.0,0.0,0.0,37.0,11.0,4.0,5.0,6.0,0.0,6.0,2.0,0.0,38.0,10.0,5.0,6.0,6.0,0.0,6.0,0.0,0.0,0.0,0.0,0.0,0.0,39.0,9.0,4.0,4.0,3.0,0.0,3.0,0.0,1.0,0.0,0.0,0.0,2.0,0.0,0.0,0.0,0.0,41.0,6.0,5.0,2.0,3.0,0.0,3.0,1.0,1.0,0.0,0.0,0.0,40.0,7.0,6.0,4.0,3.0,0.0,3.0,0.0,1.0,3.0,3.0,0.0,41.0,6.0,6.0,2.0,3.0,0.0,3.0,1.0,1.0,0.0,0.0,0.0,0.0,0.0,38.0,7.0,9.0,2.0,0.0,0.0,0.0,0.0,0.0,3.0,0.0,0.0,0.0,0.0,0.0,0.0,7.0,0.0,0.0,0.0,0.0,4.0,2.0,1.0,0.0,1.0,0.0,1.0,0.0,0.0,1.0,1.0,2.0,0.0,3.0,0.0,0.0,3.0,1.0,1.0,12.0,2.0,7.0,0.0,0.0,0.0,0.0,0.0,0.0,1.0,5.0,0.0,0.0,0.0,0.0,0.0,0.0,0.0,0.0,1.0,1.0,3.0,0.0,0.0,1.0,2.0,0.0,0.0,1.0,0.0,0.0,0.0,0.0,0.0,0.0,0.0,1.0,0.0,1.0,1.0,1.0,0.0,0.0,1.0,0.0,0.0,1.0,0.0,0.0,0.0,0.0,1.0,0.0,0.0,3.0,1.0,0.0,0.0,1.0,1.0,0.0,0.0,2.0,1.0,3.0,2.0,1.0,0.0,0.0,2.0,1.0,1.0,0.0,0.0,4.0,0.0,0.0,3.0,0.0,O=C(O)CCNC(=O)c1ccc(CN(c2ccc(C3=CCCCC3)cc2)c2nc(-c3ccc(OC(F)(F)F)cc3)cs2)cc1
CHEMBL1644184,Active,24.0,7.0,3.0,0.0,3.0,2.0,5.0,4.0,32.0,11.0,3.0,0.0,0.0,4.0,4.0,5.0,1.0,0.0,3.0,3.0,3.0,3.0,3.0,30.0,13.0,5.0,0.0,3.0,4.0,7.0,2.0,0.0,25.0,18.0,3.0,0.0,6.0,4.0,10.0,2.0,0.0,29.0,16.0,2.0,0.0,6.0,2.0,8.0,0.0,2.0,0.0,2.0,2.0,0.0,32.0,13.0,2.0,0.0,3.0,2.0,5.0,0.0,1.0,0.0,2.0,2.0,0.0,0.0,0.0,0.0,0.0,34.0,8.0,2.0,0.0,3.0,4.0,7.0,1.0,2.0,0.0,0.0,0.0,31.0,7.0,3.0,0.0,3.0,6.0,9.0,1.0,1.0,3.0,3.0,0.0,22.0,6.0,7.0,0.0,6.0,8.0,14.0,2.0,0.0,3.0,3.0,0.0,0.0,0.0,17.0,5.0,7.0,0.0,6.0,6.0,12.0,4.0,0.0,0.0,0.0,0.0,0.0,0.0,0.0,0.0,1.0,0.0,0.0,0.0,0.0,0.0,0.0,0.0,0.0,1.0,0.0,1.0,0.0,0.0,0.0,1.0,1.0,0.0,2.0,0.0,2.0,3.0,1.0,0.0,3.0,1.0,0.0,0.0,0.0,0.0,0.0,0.0,0.0,0.0,0.0,0.0,0.0,0.0,0.0,0.0,0.0,0.0,0.0,0.0,0.0,0.0,0.0,0.0,0.0,0.0,0.0,0.0,0.0,0.0,0.0,0.0,0.0,0.0,0.0,0.0,0.0,0.0,0.0,0.0,0.0,0.0,0.0,0.0,0.0,0.0,0.0,0.0,0.0,0.0,0.0,0.0,2.0,2.0,1.0,0.0,0.0,0.0,0.0,0.0,0.0,0.0,1.0,1.0,3.0,1.0,1.0,0.0,0.0,1.0,0.0,0.0,0.0,0.0,2.0,0.0,0.0,3.0,0.0,O=C(Nc1nn[nH]n1)c1ccc(Cn2nc(-c3cc(Cl)cc(Cl)c3)cc2-c2ccc(OC(F)(F)F)cc2)cc1
CHEMBL374022,Active,26.0,7.0,4.0,0.0,0.0,2.0,2.0,0.0,36.0,7.0,3.0,0.0,0.0,4.0,4.0,1.0,3.0,1.0,0.0,0.0,0.0,0.0,0.0,31.0,12.0,8.0,0.0,0.0,4.0,4.0,0.0,0.0,27.0,11.0,8.0,0.0,0.0,2.0,2.0,2.0,0.0,29.0,9.0,10.0,0.0,0.0,2.0,2.0,0.0,0.0,0.0,0.0,0.0,0.0,32.0,9.0,7.0,0.0,0.0,0.0,0.0,0.0,0.0,0.0,2.0,2.0,2.0,2.0,0.0,0.0,0.0,40.0,2.0,6.0,0.0,0.0,4.0,4.0,1.0,1.0,0.0,0.0,0.0,32.0,7.0,10.0,0.0,0.0,6.0,6.0,0.0,0.0,0.0,0.0,0.0,32.0,3.0,4.0,0.0,0.0,8.0,8.0,1.0,2.0,0.0,0.0,1.0,0.0,0.0,27.0,5.0,6.0,0.0,0.0,6.0,6.0,0.0,0.0,0.0,0.0,2.0,0.0,0.0,0.0,0.0,7.0,4.0,0.0,0.0,0.0,3.0,0.0,1.0,3.0,2.0,0.0,2.0,0.0,0.0,1.0,1.0,3.0,0.0,1.0,0.0,2.0,0.0,0.0,1.0,16.0,3.0,12.0,0.0,0.0,5.0,1.0,1.0,0.0,1.0,15.0,0.0,0.0,0.0,2.0,11.0,7.0,2.0,2.0,1.0,0.0,14.0,0.0,0.0,0.0,14.0,0.0,0.0,9.0,6.0,7.0,3.0,7.0,4.0,2.0,2.0,3.0,2.0,3.0,1.0,3.0,2.0,0.0,5.0,0.0,0.0,3.0,0.0,0.0,0.0,0.0,1.0,2.0,2.0,6.0,4.0,0.0,2.0,3.0,1.0,0.0,0.0,1.0,0.0,0.0,3.0,3.0,0.0,0.0,2.0,1.0,1.0,0.0,0.0,4.0,0.0,0.0,0.0,0.0,CC(C)(C)C1CCC(N(Cc2ccc(C(=O)NCCC(=O)O)cc2)C(=O)Nc2cc(Cl)cc(Cl)c2)CC1
CHEMBL1922702,Active,21.0,12.0,3.0,0.0,6.0,0.0,6.0,3.0,33.0,10.0,3.0,0.0,3.0,0.0,3.0,8.0,1.0,0.0,3.0,3.0,6.0,6.0,6.0,28.0,20.0,5.0,0.0,9.0,0.0,9.0,2.0,0.0,26.0,20.0,3.0,0.0,12.0,0.0,12.0,2.0,0.0,31.0,19.0,1.0,0.0,9.0,0.0,9.0,0.0,3.0,3.0,0.0,3.0,0.0,34.0,18.0,2.0,0.0,9.0,0.0,9.0,0.0,0.0,3.0,0.0,3.0,0.0,0.0,0.0,0.0,0.0,37.0,8.0,0.0,0.0,6.0,0.0,6.0,1.0,3.0,6.0,6.0,0.0,27.0,11.0,6.0,0.0,12.0,0.0,12.0,0.0,0.0,0.0,0.0,0.0,24.0,4.0,5.0,0.0,12.0,0.0,12.0,4.0,2.0,6.0,6.0,0.0,0.0,0.0,14.0,10.0,8.0,0.0,21.0,0.0,21.0,2.0,0.0,0.0,0.0,0.0,0.0,0.0,0.0,0.0,1.0,0.0,0.0,0.0,0.0,0.0,0.0,0.0,1.0,1.0,0.0,1.0,0.0,0.0,0.0,2.0,1.0,0.0,2.0,1.0,0.0,6.0,1.0,0.0,6.0,1.0,0.0,0.0,0.0,0.0,0.0,0.0,0.0,0.0,0.0,0.0,0.0,0.0,0.0,0.0,0.0,0.0,0.0,0.0,0.0,0.0,0.0,0.0,0.0,0.0,0.0,0.0,0.0,0.0,0.0,0.0,0.0,0.0,0.0,0.0,0.0,0.0,0.0,0.0,0.0,0.0,0.0,0.0,0.0,0.0,0.0,0.0,0.0,0.0,0.0,0.0,0.0,0.0,4.0,1.0,0.0,0.0,0.0,3.0,0.0,0.0,1.0,1.0,6.0,4.0,1.0,0.0,0.0,2.0,0.0,0.0,0.0,0.0,2.0,0.0,0.0,3.0,0.0,Cn1c(=Nc2ccc(OC(F)(F)F)cc2)n(Cc2ccc(C(=O)Nc3nnn[nH]3)cc2)c2cc(C(F)(F)F)ccc21
CHEMBL1922706,Active,22.0,12.0,3.0,0.0,6.0,0.0,6.0,3.0,35.0,10.0,3.0,0.0,3.0,0.0,3.0,8.0,1.0,0.0,3.0,3.0,6.0,6.0,6.0,30.0,21.0,5.0,0.0,9.0,0.0,9.0,2.0,0.0,30.0,21.0,3.0,0.0,12.0,0.0,12.0,2.0,0.0,32.0,20.0,1.0,0.0,12.0,0.0,12.0,0.0,3.0,3.0,0.0,3.0,0.0,36.0,18.0,2.0,0.0,9.0,0.0,9.0,0.0,0.0,3.0,0.0,3.0,0.0,0.0,0.0,0.0,0.0,41.0,8.0,0.0,0.0,6.0,0.0,6.0,1.0,3.0,6.0,6.0,0.0,31.0,11.0,6.0,0.0,12.0,0.0,12.0,0.0,0.0,0.0,0.0,0.0,26.0,4.0,5.0,0.0,12.0,0.0,12.0,4.0,2.0,6.0,6.0,0.0,0.0,0.0,15.0,10.0,9.0,0.0,21.0,0.0,21.0,2.0,0.0,0.0,0.0,0.0,0.0,0.0,0.0,0.0,1.0,0.0,0.0,0.0,0.0,0.0,0.0,0.0,2.0,1.0,0.0,1.0,0.0,0.0,0.0,2.0,1.0,0.0,2.0,0.0,0.0,6.0,1.0,0.0,7.0,1.0,0.0,0.0,0.0,0.0,0.0,0.0,0.0,0.0,0.0,0.0,0.0,0.0,0.0,0.0,0.0,0.0,0.0,0.0,0.0,0.0,0.0,0.0,0.0,0.0,0.0,0.0,0.0,0.0,0.0,0.0,0.0,0.0,0.0,0.0,0.0,0.0,0.0,0.0,0.0,0.0,0.0,0.0,0.0,0.0,0.0,0.0,0.0,0.0,0.0,0.0,0.0,0.0,4.0,1.0,0.0,0.0,0.0,3.0,0.0,0.0,1.0,1.0,6.0,4.0,1.0,0.0,0.0,2.0,0.0,0.0,0.0,0.0,2.0,0.0,0.0,3.0,0.0,Cc1cc(C(F)(F)F)cc2c1n(C)c(=Nc1ccc(OC(F)(F)F)cc1)n2Cc1ccc(C(=O)Nc2nnn[nH]2)cc1
CHEMBL1922841,Active,23.0,12.0,5.0,0.0,6.0,0.0,6.0,3.0,35.0,10.0,6.0,0.0,3.0,0.0,3.0,8.0,1.0,0.0,3.0,3.0,6.0,6.0,6.0,31.0,20.0,8.0,0.0,9.0,0.0,9.0,2.0,1.0,31.0,21.0,7.0,0.0,12.0,0.0,12.0,4.0,0.0,39.0,22.0,3.0,0.0,9.0,0.0,9.0,0.0,3.0,3.0,0.0,3.0,0.0,42.0,20.0,3.0,0.0,12.0,0.0,12.0,0.0,2.0,6.0,0.0,6.0,0.0,0.0,0.0,0.0,0.0,43.0,12.0,8.0,0.0,12.0,0.0,12.0,1.0,1.0,3.0,3.0,0.0,38.0,10.0,9.0,0.0,12.0,0.0,12.0,0.0,0.0,6.0,6.0,0.0,33.0,4.0,8.0,0.0,24.0,0.0,24.0,4.0,2.0,0.0,0.0,1.0,0.0,0.0,25.0,10.0,10.0,0.0,18.0,0.0,18.0,2.0,0.0,0.0,0.0,0.0,0.0,0.0,0.0,0.0,3.0,0.0,0.0,0.0,0.0,1.0,0.0,0.0,2.0,1.0,0.0,1.0,0.0,0.0,0.0,2.0,1.0,0.0,1.0,0.0,0.0,6.0,2.0,0.0,9.0,1.0,2.0,0.0,0.0,0.0,0.0,0.0,0.0,0.0,1.0,0.0,0.0,0.0,0.0,0.0,0.0,0.0,0.0,0.0,0.0,0.0,0.0,0.0,0.0,0.0,0.0,0.0,0.0,0.0,0.0,0.0,0.0,0.0,0.0,0.0,0.0,0.0,0.0,1.0,0.0,0.0,0.0,0.0,0.0,0.0,0.0,0.0,0.0,0.0,0.0,1.0,0.0,0.0,4.0,1.0,0.0,0.0,0.0,3.0,0.0,0.0,2.0,2.0,6.0,4.0,1.0,0.0,0.0,2.0,0.0,0.0,0.0,0.0,3.0,0.0,0.0,3.0,0.0,CCCOc1cc(C(F)(F)F)cc2c1n(C)c(=Nc1cccc(OC(F)(F)F)c1)n2Cc1ccc(C(=O)Nc2nnn[nH]2)cc1
CHEMBL1922843,Active,25.0,12.0,3.0,0.0,6.0,0.0,6.0,3.0,38.0,10.0,4.0,0.0,6.0,0.0,6.0,8.0,1.0,0.0,0.0,0.0,6.0,6.0,6.0,34.0,20.0,6.0,0.0,12.0,0.0,12.0,2.0,1.0,31.0,22.0,6.0,0.0,15.0,0.0,15.0,3.0,0.0,39.0,22.0,2.0,0.0,6.0,0.0,6.0,0.0,3.0,6.0,0.0,6.0,0.0,42.0,22.0,3.0,0.0,12.0,0.0,12.0,0.0,0.0,3.0,0.0,3.0,0.0,0.0,0.0,0.0,0.0,47.0,12.0,4.0,0.0,9.0,0.0,9.0,1.0,1.0,9.0,9.0,0.0,41.0,10.0,6.0,0.0,24.0,0.0,24.0,0.0,0.0,0.0,0.0,0.0,37.0,4.0,5.0,0.0,21.0,0.0,21.0,4.0,2.0,0.0,0.0,0.0,0.0,0.0,29.0,10.0,6.0,0.0,21.0,0.0,21.0,2.0,0.0,0.0,0.0,0.0,0.0,0.0,0.0,0.0,3.0,0.0,0.0,0.0,0.0,1.0,0.0,0.0,3.0,1.0,0.0,1.0,0.0,0.0,0.0,2.0,1.0,0.0,1.0,1.0,0.0,6.0,1.0,0.0,10.0,1.0,2.0,0.0,0.0,0.0,0.0,0.0,0.0,0.0,1.0,0.0,0.0,0.0,0.0,0.0,0.0,0.0,0.0,0.0,0.0,0.0,0.0,0.0,0.0,0.0,0.0,0.0,0.0,0.0,0.0,0.0,0.0,0.0,0.0,0.0,0.0,0.0,0.0,1.0,0.0,0.0,0.0,0.0,0.0,0.0,0.0,0.0,0.0,0.0,0.0,1.0,0.0,0.0,5.0,2.0,0.0,0.0,0.0,4.0,0.0,0.0,1.0,1.0,6.0,4.0,1.0,0.0,0.0,2.0,0.0,0.0,0.0,0.0,2.0,0.0,0.0,0.0,0.0,CCCOc1cc(C(F)(F)F)cc2c1n(C)c(=Nc1ccc(C)c(C(F)(F)F)c1)n2Cc1ccc(C(=O)Nc2nnn[nH]2)cc1
CHEMBL91652,Active,22.0,4.0,0.0,2.0,1.0,0.0,1.0,0.0,30.0,6.0,0.0,2.0,2.0,0.0,2.0,0.0,0.0,0.0,0.0,0.0,0.0,0.0,0.0,30.0,6.0,0.0,2.0,2.0,0.0,2.0,0.0,0.0,28.0,7.0,0.0,1.0,1.0,0.0,1.0,0.0,0.0,29.0,6.0,0.0,1.0,1.0,0.0,1.0,0.0,0.0,0.0,0.0,0.0,0.0,30.0,2.0,0.0,1.0,1.0,0.0,1.0,1.0,0.0,1.0,0.0,1.0,0.0,0.0,0.0,0.0,0.0,26.0,4.0,0.0,2.0,3.0,0.0,3.0,0.0,0.0,0.0,0.0,0.0,18.0,4.0,0.0,2.0,3.0,0.0,3.0,0.0,0.0,0.0,0.0,0.0,8.0,3.0,0.0,4.0,4.0,0.0,4.0,0.0,0.0,0.0,0.0,0.0,0.0,0.0,5.0,1.0,0.0,4.0,2.0,0.0,2.0,0.0,0.0,1.0,0.0,0.0,0.0,0.0,0.0,0.0,0.0,0.0,0.0,0.0,0.0,0.0,0.0,0.0,1.0,0.0,0.0,0.0,0.0,0.0,0.0,0.0,0.0,0.0,2.0,0.0,0.0,1.0,0.0,0.0,1.0,0.0,0.0,0.0,0.0,0.0,0.0,0.0,0.0,0.0,0.0,0.0,0.0,0.0,0.0,0.0,0.0,0.0,0.0,0.0,0.0,0.0,0.0,0.0,0.0,0.0,0.0,0.0,0.0,0.0,0.0,0.0,0.0,0.0,0.0,0.0,0.0,0.0,0.0,0.0,0.0,0.0,0.0,0.0,0.0,0.0,0.0,0.0,0.0,0.0,0.0,0.0,0.0,0.0,0.0,0.0,0.0,0.0,0.0,0.0,0.0,0.0,0.0,0.0,1.0,0.0,0.0,0.0,0.0,0.0,0.0,0.0,0.0,0.0,0.0,0.0,0.0,0.0,0.0,CSc1ccc(-c2cc(-c3ccncc3)c(-c3ccc(F)cc3)[nH]2)cc1
CHEMBL1922936,Active,33.0,5.0,4.0,0.0,4.0,0.0,4.0,0.0,42.0,8.0,5.0,0.0,5.0,0.0,5.0,0.0,1.0,1.0,0.0,0.0,3.0,3.0,3.0,43.0,8.0,8.0,0.0,8.0,0.0,8.0,0.0,1.0,44.0,7.0,8.0,0.0,8.0,0.0,8.0,2.0,0.0,51.0,3.0,11.0,0.0,4.0,0.0,4.0,0.0,0.0,4.0,0.0,4.0,0.0,53.0,4.0,10.0,0.0,8.0,0.0,8.0,0.0,0.0,0.0,0.0,0.0,2.0,0.0,0.0,0.0,0.0,50.0,4.0,9.0,0.0,15.0,0.0,15.0,0.0,0.0,0.0,0.0,0.0,47.0,4.0,7.0,0.0,13.0,0.0,13.0,0.0,0.0,0.0,0.0,0.0,43.0,3.0,4.0,0.0,13.0,0.0,13.0,0.0,1.0,0.0,0.0,1.0,0.0,0.0,36.0,2.0,5.0,0.0,9.0,0.0,9.0,1.0,1.0,0.0,0.0,1.0,0.0,0.0,1.0,0.0,7.0,2.0,2.0,0.0,0.0,4.0,2.0,1.0,1.0,1.0,0.0,1.0,0.0,0.0,1.0,1.0,3.0,0.0,1.0,1.0,0.0,4.0,0.0,1.0,13.0,3.0,9.0,0.0,0.0,1.0,0.0,0.0,0.0,2.0,8.0,0.0,0.0,0.0,0.0,1.0,0.0,0.0,0.0,3.0,1.0,5.0,0.0,1.0,2.0,4.0,0.0,1.0,3.0,0.0,2.0,0.0,0.0,0.0,0.0,0.0,1.0,0.0,1.0,1.0,1.0,0.0,0.0,1.0,0.0,0.0,1.0,0.0,0.0,0.0,0.0,1.0,0.0,0.0,2.0,1.0,0.0,0.0,1.0,0.0,0.0,0.0,1.0,0.0,4.0,1.0,1.0,0.0,0.0,1.0,1.0,1.0,0.0,0.0,4.0,1.0,0.0,0.0,0.0,CCCCCC(Cc1ccc(C(=O)NCCC(=O)O)cc1)C(=O)c1cc2cc(F)ccc2n1-c1cccc(C(F)(F)F)c1
CHEMBL1922939,Active,34.0,5.0,4.0,0.0,6.0,0.0,6.0,0.0,44.0,8.0,5.0,0.0,6.0,0.0,6.0,0.0,1.0,1.0,0.0,0.0,6.0,6.0,6.0,45.0,8.0,8.0,0.0,12.0,0.0,12.0,0.0,1.0,46.0,7.0,8.0,0.0,12.0,0.0,12.0,2.0,0.0,52.0,4.0,11.0,0.0,9.0,0.0,9.0,0.0,0.0,3.0,0.0,3.0,0.0,55.0,4.0,10.0,0.0,9.0,0.0,9.0,0.0,0.0,3.0,0.0,3.0,2.0,0.0,0.0,0.0,0.0,53.0,4.0,10.0,0.0,18.0,0.0,18.0,0.0,0.0,0.0,0.0,0.0,51.0,4.0,7.0,0.0,18.0,0.0,18.0,0.0,0.0,0.0,0.0,0.0,47.0,3.0,4.0,0.0,21.0,0.0,21.0,0.0,1.0,0.0,0.0,1.0,0.0,0.0,39.0,2.0,5.0,0.0,21.0,0.0,21.0,1.0,1.0,0.0,0.0,1.0,0.0,0.0,1.0,0.0,7.0,2.0,2.0,0.0,0.0,4.0,2.0,1.0,1.0,1.0,0.0,1.0,0.0,0.0,1.0,2.0,3.0,0.0,1.0,1.0,0.0,6.0,0.0,1.0,14.0,3.0,9.0,0.0,0.0,1.0,0.0,0.0,0.0,2.0,8.0,0.0,0.0,0.0,0.0,1.0,0.0,0.0,0.0,3.0,1.0,5.0,0.0,1.0,2.0,4.0,0.0,1.0,3.0,0.0,2.0,0.0,0.0,0.0,0.0,0.0,1.0,0.0,1.0,1.0,1.0,0.0,0.0,1.0,0.0,0.0,1.0,0.0,0.0,0.0,0.0,1.0,0.0,0.0,2.0,1.0,0.0,0.0,1.0,0.0,0.0,0.0,1.0,0.0,6.0,1.0,1.0,0.0,0.0,1.0,1.0,1.0,0.0,0.0,4.0,1.0,0.0,0.0,0.0,CCCCCC(Cc1ccc(C(=O)NCCC(=O)O)cc1)C(=O)c1cc2cc(C(F)(F)F)ccc2n1-c1cccc(C(F)(F)F)c1
CHEMBL1922704,Active,22.0,12.0,5.0,0.0,3.0,0.0,3.0,3.0,33.0,10.0,6.0,0.0,0.0,0.0,0.0,8.0,1.0,0.0,3.0,3.0,3.0,3.0,3.0,29.0,20.0,8.0,0.0,3.0,0.0,3.0,2.0,0.0,30.0,19.0,4.0,0.0,6.0,0.0,6.0,3.0,0.0,34.0,19.0,3.0,0.0,6.0,0.0,6.0,0.0,4.0,0.0,0.0,0.0,0.0,37.0,19.0,4.0,0.0,3.0,0.0,3.0,0.0,1.0,0.0,0.0,0.0,0.0,0.0,0.0,0.0,0.0,39.0,11.0,3.0,0.0,0.0,0.0,0.0,1.0,3.0,3.0,3.0,0.0,30.0,13.0,10.0,0.0,3.0,0.0,3.0,0.0,0.0,0.0,0.0,0.0,30.0,5.0,8.0,0.0,0.0,0.0,0.0,4.0,2.0,6.0,6.0,0.0,0.0,0.0,22.0,10.0,10.0,0.0,12.0,0.0,12.0,2.0,0.0,0.0,0.0,0.0,0.0,0.0,0.0,0.0,3.0,0.0,0.0,0.0,0.0,1.0,0.0,0.0,2.0,1.0,0.0,1.0,0.0,0.0,0.0,1.0,1.0,0.0,2.0,1.0,0.0,3.0,2.0,0.0,8.0,1.0,2.0,0.0,0.0,0.0,0.0,0.0,0.0,0.0,1.0,0.0,0.0,0.0,0.0,0.0,0.0,0.0,0.0,0.0,0.0,0.0,0.0,0.0,0.0,0.0,0.0,0.0,0.0,0.0,0.0,0.0,0.0,0.0,0.0,0.0,0.0,0.0,0.0,1.0,0.0,0.0,0.0,0.0,0.0,0.0,0.0,0.0,0.0,0.0,0.0,1.0,0.0,0.0,4.0,1.0,0.0,0.0,0.0,3.0,0.0,0.0,2.0,2.0,3.0,4.0,1.0,0.0,0.0,2.0,0.0,0.0,0.0,0.0,3.0,0.0,0.0,3.0,0.0,CCCOc1ccc2c(c1)n(Cc1ccc(C(=O)Nc3nnn[nH]3)cc1)c(=Nc1ccc(OC(F)(F)F)cc1)n2C
CHEMBL1922714,Active,22.0,12.0,5.0,0.0,6.0,0.0,6.0,3.0,34.0,10.0,6.0,0.0,3.0,0.0,3.0,8.0,1.0,0.0,3.0,3.0,6.0,6.0,6.0,31.0,20.0,7.0,0.0,9.0,0.0,9.0,2.0,1.0,30.0,21.0,7.0,0.0,12.0,0.0,12.0,3.0,0.0,37.0,21.0,2.0,0.0,9.0,0.0,9.0,0.0,4.0,3.0,0.0,3.0,0.0,39.0,20.0,4.0,0.0,12.0,0.0,12.0,0.0,0.0,3.0,0.0,3.0,0.0,0.0,0.0,0.0,0.0,40.0,9.0,4.0,0.0,9.0,0.0,9.0,1.0,3.0,6.0,6.0,0.0,33.0,11.0,10.0,0.0,12.0,0.0,12.0,0.0,0.0,0.0,0.0,0.0,32.0,4.0,7.0,0.0,12.0,0.0,12.0,4.0,2.0,6.0,6.0,0.0,0.0,0.0,20.0,10.0,9.0,0.0,21.0,0.0,21.0,2.0,0.0,0.0,1.0,0.0,0.0,0.0,0.0,0.0,2.0,0.0,0.0,0.0,0.0,0.0,0.0,0.0,2.0,1.0,0.0,1.0,0.0,0.0,0.0,2.0,1.0,0.0,2.0,0.0,0.0,6.0,2.0,0.0,8.0,1.0,1.0,0.0,0.0,0.0,0.0,0.0,0.0,0.0,0.0,0.0,0.0,0.0,0.0,0.0,0.0,0.0,0.0,0.0,0.0,0.0,0.0,0.0,0.0,0.0,0.0,0.0,0.0,0.0,0.0,0.0,0.0,0.0,0.0,0.0,0.0,0.0,0.0,0.0,0.0,0.0,0.0,0.0,0.0,0.0,0.0,0.0,0.0,0.0,0.0,1.0,0.0,0.0,4.0,1.0,0.0,0.0,0.0,3.0,0.0,0.0,2.0,2.0,6.0,4.0,1.0,0.0,0.0,2.0,0.0,0.0,0.0,0.0,3.0,0.0,0.0,3.0,0.0,CCOc1cc(C(F)(F)F)cc2c1n(C)c(=Nc1ccc(OC(F)(F)F)cc1)n2Cc1ccc(C(=O)Nc2nnn[nH]2)cc1
CHEMBL1922840,Active,24.0,12.0,3.0,0.0,6.0,0.0,6.0,3.0,36.0,10.0,4.0,0.0,6.0,0.0,6.0,8.0,1.0,0.0,0.0,0.0,6.0,6.0,6.0,31.0,20.0,6.0,0.0,12.0,0.0,12.0,2.0,1.0,30.0,21.0,6.0,0.0,12.0,0.0,12.0,3.0,0.0,38.0,22.0,2.0,0.0,6.0,0.0,6.0,0.0,3.0,3.0,0.0,3.0,0.0,42.0,20.0,3.0,0.0,9.0,0.0,9.0,0.0,0.0,6.0,0.0,6.0,0.0,0.0,0.0,0.0,0.0,43.0,12.0,4.0,0.0,12.0,0.0,12.0,1.0,1.0,3.0,3.0,0.0,38.0,10.0,6.0,0.0,12.0,0.0,12.0,0.0,0.0,6.0,6.0,0.0,33.0,4.0,4.0,0.0,24.0,0.0,24.0,4.0,2.0,0.0,0.0,0.0,0.0,0.0,25.0,10.0,6.0,0.0,18.0,0.0,18.0,2.0,0.0,0.0,0.0,0.0,0.0,0.0,0.0,0.0,3.0,0.0,0.0,0.0,0.0,1.0,0.0,0.0,2.0,1.0,0.0,1.0,0.0,0.0,0.0,2.0,1.0,0.0,2.0,0.0,0.0,6.0,1.0,0.0,9.0,1.0,2.0,0.0,0.0,0.0,0.0,0.0,0.0,0.0,1.0,0.0,0.0,0.0,0.0,0.0,0.0,0.0,0.0,0.0,0.0,0.0,0.0,0.0,0.0,0.0,0.0,0.0,0.0,0.0,0.0,0.0,0.0,0.0,0.0,0.0,0.0,0.0,0.0,1.0,0.0,0.0,0.0,0.0,0.0,0.0,0.0,0.0,0.0,0.0,0.0,1.0,0.0,0.0,4.0,1.0,0.0,0.0,0.0,3.0,0.0,0.0,1.0,1.0,6.0,4.0,1.0,0.0,0.0,2.0,0.0,0.0,0.0,0.0,2.0,0.0,0.0,0.0,0.0,CCCOc1cc(C(F)(F)F)cc2c1n(C)c(=Nc1ccc(C(F)(F)F)cc1)n2Cc1ccc(C(=O)Nc2nnn[nH]2)cc1
CHEMBL346464,Active,29.0,8.0,3.0,0.0,1.0,1.0,2.0,1.0,39.0,11.0,4.0,0.0,2.0,2.0,4.0,0.0,2.0,0.0,0.0,0.0,0.0,0.0,0.0,41.0,9.0,7.0,0.0,2.0,2.0,4.0,1.0,1.0,30.0,14.0,8.0,0.0,1.0,2.0,3.0,0.0,0.0,26.0,15.0,6.0,0.0,0.0,0.0,0.0,0.0,1.0,1.0,1.0,2.0,0.0,26.0,12.0,6.0,0.0,2.0,0.0,2.0,0.0,1.0,0.0,1.0,1.0,1.0,0.0,0.0,0.0,0.0,30.0,8.0,7.0,0.0,2.0,1.0,3.0,0.0,1.0,0.0,0.0,0.0,33.0,4.0,6.0,0.0,0.0,1.0,1.0,1.0,1.0,1.0,1.0,0.0,31.0,5.0,4.0,0.0,1.0,2.0,3.0,1.0,1.0,0.0,0.0,0.0,0.0,0.0,28.0,7.0,4.0,0.0,1.0,3.0,4.0,0.0,0.0,0.0,0.0,0.0,0.0,0.0,0.0,0.0,5.0,0.0,0.0,0.0,0.0,2.0,0.0,1.0,0.0,1.0,0.0,1.0,0.0,0.0,1.0,0.0,2.0,0.0,1.0,1.0,1.0,1.0,0.0,1.0,8.0,2.0,3.0,1.0,0.0,0.0,0.0,0.0,0.0,1.0,0.0,0.0,0.0,0.0,0.0,0.0,0.0,0.0,0.0,0.0,1.0,0.0,0.0,0.0,0.0,0.0,0.0,0.0,0.0,0.0,0.0,0.0,0.0,0.0,0.0,0.0,0.0,0.0,0.0,0.0,5.0,3.0,3.0,8.0,2.0,0.0,2.0,4.0,0.0,0.0,0.0,0.0,1.0,1.0,6.0,4.0,2.0,0.0,2.0,2.0,0.0,0.0,0.0,0.0,1.0,4.0,2.0,0.0,0.0,1.0,0.0,0.0,2.0,0.0,3.0,0.0,0.0,0.0,0.0,O=C(NN=Cc1ccc(CC(=O)N2CCN(c3ccc(F)cc3)CC2)c2ccccc12)c1ccc(O)c(Cl)c1
CHEMBL154437,Inactive,23.0,5.0,4.0,0.0,3.0,1.0,4.0,1.0,31.0,8.0,5.0,0.0,0.0,2.0,2.0,0.0,1.0,0.0,3.0,3.0,3.0,3.0,3.0,27.0,10.0,6.0,0.0,3.0,2.0,5.0,0.0,1.0,20.0,11.0,5.0,0.0,6.0,2.0,8.0,0.0,0.0,20.0,9.0,4.0,0.0,6.0,0.0,6.0,0.0,0.0,0.0,1.0,1.0,0.0,23.0,4.0,2.0,0.0,3.0,0.0,3.0,1.0,2.0,0.0,1.0,1.0,1.0,0.0,0.0,0.0,0.0,21.0,3.0,4.0,0.0,3.0,1.0,4.0,1.0,1.0,0.0,0.0,0.0,20.0,3.0,6.0,0.0,0.0,1.0,1.0,0.0,0.0,3.0,3.0,0.0,18.0,4.0,4.0,0.0,6.0,2.0,8.0,0.0,1.0,0.0,0.0,0.0,0.0,0.0,13.0,6.0,4.0,0.0,9.0,2.0,11.0,0.0,0.0,0.0,0.0,0.0,0.0,0.0,0.0,0.0,1.0,0.0,0.0,0.0,0.0,0.0,0.0,0.0,0.0,1.0,0.0,1.0,0.0,0.0,1.0,1.0,1.0,0.0,1.0,2.0,1.0,3.0,1.0,1.0,4.0,1.0,0.0,0.0,0.0,0.0,0.0,0.0,0.0,0.0,0.0,0.0,0.0,0.0,0.0,0.0,0.0,0.0,0.0,0.0,0.0,0.0,0.0,0.0,0.0,0.0,0.0,0.0,0.0,0.0,0.0,0.0,0.0,0.0,0.0,0.0,0.0,0.0,0.0,0.0,0.0,0.0,0.0,0.0,0.0,0.0,0.0,0.0,0.0,0.0,0.0,0.0,1.0,1.0,1.0,0.0,0.0,0.0,0.0,0.0,0.0,0.0,1.0,1.0,3.0,2.0,1.0,0.0,0.0,1.0,0.0,0.0,0.0,0.0,3.0,0.0,0.0,3.0,0.0,O=C(NN=Cc1ccc2c(ccn2Cc2ccc(OC(F)(F)F)cc2)c1)c1ccc(O)c(Cl)c1
CHEMBL521650,Inactive,31.0,7.0,3.0,2.0,0.0,0.0,0.0,0.0,42.0,7.0,3.0,1.0,0.0,0.0,0.0,1.0,1.0,1.0,0.0,0.0,0.0,0.0,0.0,37.0,13.0,5.0,3.0,0.0,0.0,0.0,0.0,0.0,35.0,11.0,3.0,5.0,0.0,0.0,0.0,2.0,0.0,37.0,10.0,4.0,6.0,0.0,0.0,0.0,0.0,0.0,0.0,0.0,0.0,0.0,38.0,9.0,3.0,4.0,0.0,0.0,0.0,0.0,0.0,0.0,0.0,0.0,2.0,0.0,0.0,0.0,0.0,40.0,5.0,4.0,2.0,0.0,0.0,0.0,1.0,1.0,0.0,0.0,0.0,39.0,7.0,6.0,3.0,0.0,0.0,0.0,0.0,0.0,0.0,0.0,0.0,41.0,5.0,4.0,2.0,0.0,0.0,0.0,1.0,1.0,0.0,0.0,0.0,0.0,0.0,36.0,7.0,6.0,2.0,0.0,0.0,0.0,0.0,0.0,0.0,0.0,0.0,0.0,0.0,0.0,0.0,7.0,0.0,0.0,0.0,0.0,4.0,2.0,1.0,0.0,1.0,0.0,1.0,0.0,0.0,1.0,0.0,2.0,0.0,2.0,0.0,0.0,0.0,0.0,1.0,11.0,2.0,7.0,0.0,0.0,0.0,0.0,0.0,0.0,1.0,5.0,0.0,0.0,0.0,0.0,0.0,0.0,0.0,0.0,1.0,1.0,3.0,0.0,0.0,1.0,2.0,0.0,0.0,1.0,0.0,0.0,0.0,0.0,0.0,0.0,0.0,1.0,0.0,1.0,1.0,1.0,0.0,0.0,1.0,0.0,0.0,1.0,0.0,0.0,0.0,0.0,1.0,0.0,0.0,3.0,1.0,0.0,0.0,1.0,1.0,0.0,0.0,1.0,0.0,0.0,2.0,1.0,0.0,0.0,2.0,1.0,1.0,0.0,0.0,3.0,0.0,0.0,0.0,0.0,O=C(O)CCNC(=O)c1ccc(CN(c2ccc(C3=CCCCC3)cc2)c2nc(-c3ccccc3)cs2)cc1
CHEMBL493020,Active,27.0,4.0,5.0,2.0,3.0,1.0,4.0,0.0,36.0,5.0,5.0,2.0,0.0,2.0,2.0,0.0,1.0,1.0,3.0,3.0,3.0,3.0,3.0,34.0,7.0,7.0,3.0,3.0,2.0,5.0,0.0,0.0,31.0,7.0,4.0,5.0,6.0,1.0,7.0,2.0,0.0,33.0,6.0,5.0,6.0,6.0,1.0,7.0,0.0,0.0,0.0,0.0,0.0,0.0,36.0,4.0,5.0,4.0,3.0,1.0,4.0,0.0,0.0,0.0,1.0,1.0,2.0,0.0,0.0,0.0,0.0,37.0,2.0,6.0,1.0,3.0,1.0,4.0,0.0,1.0,0.0,0.0,0.0,31.0,4.0,10.0,2.0,6.0,1.0,7.0,0.0,0.0,0.0,0.0,0.0,31.0,2.0,7.0,0.0,3.0,2.0,5.0,1.0,1.0,3.0,3.0,0.0,0.0,0.0,22.0,5.0,9.0,1.0,12.0,3.0,15.0,0.0,0.0,0.0,0.0,1.0,0.0,0.0,0.0,0.0,3.0,1.0,0.0,0.0,0.0,1.0,0.0,1.0,0.0,1.0,0.0,1.0,0.0,0.0,1.0,1.0,2.0,0.0,3.0,0.0,1.0,3.0,1.0,1.0,7.0,2.0,3.0,0.0,0.0,0.0,0.0,0.0,0.0,1.0,1.0,0.0,0.0,0.0,0.0,0.0,0.0,0.0,0.0,1.0,2.0,0.0,0.0,0.0,0.0,0.0,0.0,0.0,0.0,0.0,0.0,0.0,0.0,0.0,0.0,0.0,1.0,0.0,1.0,1.0,1.0,0.0,0.0,1.0,0.0,0.0,1.0,0.0,0.0,0.0,0.0,1.0,1.0,1.0,2.0,1.0,0.0,0.0,1.0,0.0,0.0,0.0,2.0,1.0,3.0,1.0,1.0,0.0,0.0,1.0,1.0,1.0,0.0,0.0,4.0,0.0,0.0,3.0,0.0,O=C(O)CCNC(=O)c1ccc(CC(c2ccc(OC(F)(F)F)cc2)c2nc(-c3ccc(Cl)cc3)cs2)cc1
CHEMBL452040,Inactive,19.0,4.0,4.0,0.0,0.0,3.0,3.0,0.0,23.0,3.0,5.0,0.0,0.0,6.0,6.0,1.0,3.0,0.0,0.0,0.0,0.0,0.0,0.0,18.0,6.0,9.0,0.0,0.0,7.0,7.0,0.0,0.0,14.0,6.0,7.0,0.0,0.0,4.0,4.0,1.0,1.0,16.0,5.0,6.0,0.0,0.0,4.0,4.0,0.0,1.0,0.0,0.0,0.0,0.0,15.0,4.0,6.0,0.0,0.0,3.0,3.0,0.0,0.0,0.0,2.0,2.0,0.0,2.0,0.0,0.0,0.0,14.0,3.0,3.0,0.0,0.0,5.0,5.0,0.0,1.0,0.0,0.0,1.0,13.0,3.0,3.0,0.0,0.0,5.0,5.0,0.0,0.0,0.0,0.0,0.0,11.0,3.0,3.0,0.0,0.0,5.0,5.0,0.0,0.0,0.0,0.0,1.0,0.0,0.0,8.0,2.0,5.0,0.0,0.0,3.0,3.0,0.0,0.0,1.0,0.0,0.0,0.0,0.0,0.0,0.0,0.0,0.0,0.0,0.0,0.0,0.0,0.0,0.0,0.0,2.0,0.0,3.0,0.0,0.0,0.0,0.0,2.0,0.0,1.0,1.0,3.0,0.0,1.0,0.0,2.0,2.0,0.0,0.0,0.0,0.0,0.0,0.0,0.0,0.0,0.0,0.0,0.0,0.0,0.0,0.0,0.0,0.0,0.0,0.0,0.0,0.0,0.0,0.0,0.0,0.0,0.0,0.0,0.0,0.0,0.0,0.0,0.0,0.0,0.0,0.0,0.0,0.0,0.0,0.0,0.0,0.0,0.0,0.0,0.0,0.0,0.0,0.0,0.0,0.0,0.0,0.0,3.0,3.0,3.0,1.0,0.0,0.0,2.0,1.0,0.0,0.0,0.0,0.0,0.0,2.0,3.0,0.0,0.0,1.0,0.0,0.0,0.0,0.0,3.0,0.0,0.0,0.0,0.0,O=C(NC(=O)c1ccccc1Cl)Nc1ccc(Oc2ccc(Cl)cc2)c(Cl)c1
CHEMBL513067,Active,24.0,12.0,3.0,0.0,0.0,0.0,0.0,3.0,39.0,10.0,3.0,0.0,0.0,0.0,0.0,8.0,1.0,0.0,0.0,0.0,0.0,0.0,0.0,34.0,20.0,5.0,0.0,0.0,0.0,0.0,2.0,0.0,33.0,19.0,3.0,0.0,0.0,0.0,0.0,3.0,0.0,33.0,20.0,2.0,0.0,0.0,0.0,0.0,0.0,3.0,0.0,0.0,0.0,0.0,37.0,20.0,2.0,0.0,0.0,0.0,0.0,0.0,1.0,0.0,0.0,0.0,0.0,0.0,0.0,0.0,0.0,42.0,11.0,2.0,0.0,0.0,0.0,0.0,1.0,1.0,0.0,0.0,0.0,33.0,15.0,5.0,0.0,0.0,0.0,0.0,0.0,0.0,0.0,0.0,0.0,38.0,4.0,6.0,0.0,0.0,0.0,0.0,4.0,2.0,0.0,0.0,0.0,0.0,0.0,26.0,11.0,8.0,0.0,0.0,0.0,0.0,2.0,0.0,0.0,0.0,2.0,0.0,0.0,0.0,0.0,5.0,4.0,0.0,0.0,0.0,2.0,0.0,0.0,5.0,1.0,0.0,1.0,0.0,0.0,0.0,1.0,1.0,0.0,1.0,1.0,0.0,0.0,1.0,0.0,14.0,1.0,10.0,0.0,0.0,5.0,1.0,0.0,0.0,0.0,14.0,0.0,0.0,0.0,2.0,11.0,7.0,2.0,0.0,0.0,0.0,14.0,0.0,0.0,0.0,14.0,0.0,0.0,9.0,0.0,7.0,3.0,0.0,4.0,2.0,0.0,2.0,0.0,0.0,0.0,2.0,0.0,0.0,2.0,0.0,0.0,0.0,0.0,0.0,0.0,0.0,0.0,0.0,0.0,3.0,1.0,0.0,1.0,0.0,0.0,0.0,0.0,1.0,1.0,0.0,2.0,1.0,0.0,0.0,2.0,0.0,0.0,0.0,0.0,2.0,0.0,0.0,0.0,0.0,COc1ccc2c(c1)nc(N(Cc1ccc(C(=O)Nc3nnn[nH]3)cc1)C1CCC(C(C)(C)C)CC1)n2C
CHEMBL507829,Inactive,30.0,12.0,1.0,0.0,0.0,0.0,0.0,3.0,44.0,12.0,1.0,0.0,0.0,0.0,0.0,8.0,1.0,0.0,0.0,0.0,0.0,0.0,0.0,39.0,22.0,3.0,0.0,0.0,0.0,0.0,2.0,0.0,39.0,24.0,2.0,0.0,0.0,0.0,0.0,2.0,0.0,46.0,23.0,1.0,0.0,0.0,0.0,0.0,0.0,2.0,0.0,0.0,0.0,0.0,54.0,21.0,1.0,0.0,0.0,0.0,0.0,0.0,0.0,0.0,0.0,0.0,0.0,0.0,0.0,0.0,0.0,61.0,10.0,0.0,0.0,0.0,0.0,0.0,1.0,1.0,0.0,0.0,0.0,49.0,15.0,2.0,0.0,0.0,0.0,0.0,0.0,0.0,0.0,0.0,0.0,49.0,4.0,2.0,0.0,0.0,0.0,0.0,4.0,2.0,0.0,0.0,0.0,0.0,0.0,37.0,11.0,5.0,0.0,0.0,0.0,0.0,2.0,0.0,0.0,0.0,2.0,0.0,0.0,0.0,0.0,5.0,4.0,0.0,0.0,0.0,2.0,0.0,0.0,3.0,1.0,0.0,1.0,0.0,0.0,0.0,1.0,1.0,0.0,1.0,0.0,0.0,0.0,0.0,0.0,12.0,1.0,10.0,0.0,0.0,5.0,1.0,0.0,0.0,0.0,14.0,0.0,0.0,0.0,2.0,11.0,7.0,2.0,0.0,0.0,0.0,14.0,0.0,0.0,0.0,14.0,0.0,0.0,9.0,0.0,7.0,3.0,0.0,4.0,2.0,0.0,2.0,0.0,0.0,0.0,2.0,0.0,0.0,2.0,0.0,0.0,0.0,0.0,0.0,0.0,0.0,0.0,0.0,0.0,3.0,1.0,0.0,1.0,0.0,0.0,0.0,0.0,0.0,0.0,0.0,2.0,1.0,0.0,0.0,2.0,0.0,0.0,0.0,0.0,1.0,0.0,0.0,0.0,0.0,CC(C)(C)C1CCC(N(Cc2ccc(C(=O)Nc3nnn[nH]3)cc2)c2nc3ccccc3n2-c2ccccc2)CC1
CHEMBL1643952,Inactive,24.0,3.0,4.0,0.0,3.0,0.0,3.0,1.0,31.0,8.0,4.0,0.0,0.0,0.0,0.0,0.0,0.0,1.0,3.0,3.0,3.0,3.0,3.0,29.0,9.0,6.0,0.0,3.0,0.0,3.0,0.0,0.0,23.0,12.0,5.0,0.0,6.0,0.0,6.0,0.0,0.0,27.0,9.0,3.0,0.0,6.0,0.0,6.0,0.0,0.0,0.0,0.0,0.0,0.0,31.0,4.0,3.0,0.0,3.0,0.0,3.0,0.0,1.0,0.0,0.0,0.0,0.0,0.0,0.0,0.0,0.0,33.0,2.0,2.0,0.0,3.0,0.0,3.0,0.0,3.0,0.0,0.0,0.0,31.0,1.0,4.0,0.0,3.0,0.0,3.0,0.0,2.0,3.0,3.0,0.0,21.0,0.0,10.0,0.0,6.0,0.0,6.0,0.0,0.0,3.0,3.0,0.0,0.0,0.0,14.0,0.0,10.0,0.0,6.0,0.0,6.0,0.0,0.0,0.0,0.0,1.0,0.0,0.0,0.0,0.0,6.0,2.0,0.0,0.0,0.0,4.0,3.0,0.0,0.0,0.0,0.0,0.0,0.0,0.0,1.0,1.0,1.0,0.0,2.0,0.0,0.0,3.0,1.0,1.0,9.0,1.0,6.0,0.0,0.0,0.0,0.0,0.0,0.0,0.0,6.0,0.0,0.0,0.0,0.0,0.0,0.0,0.0,0.0,0.0,0.0,6.0,0.0,0.0,0.0,6.0,0.0,0.0,1.0,0.0,0.0,0.0,0.0,0.0,0.0,0.0,0.0,0.0,0.0,0.0,0.0,0.0,0.0,0.0,0.0,0.0,0.0,0.0,0.0,0.0,0.0,0.0,0.0,0.0,0.0,0.0,0.0,0.0,0.0,0.0,0.0,0.0,2.0,1.0,3.0,0.0,0.0,0.0,0.0,0.0,0.0,0.0,0.0,0.0,3.0,0.0,0.0,3.0,0.0,O=C(O)c1ccc(Cn2nc(C3CCCCC3)cc2-c2ccc(OC(F)(F)F)cc2)cc1
CHEMBL1643954,Inactive,24.0,7.0,3.0,0.0,3.0,0.0,3.0,4.0,32.0,11.0,3.0,0.0,0.0,0.0,0.0,5.0,1.0,0.0,3.0,3.0,3.0,3.0,3.0,30.0,13.0,5.0,0.0,3.0,0.0,3.0,2.0,0.0,25.0,18.0,3.0,0.0,6.0,0.0,6.0,2.0,0.0,29.0,16.0,2.0,0.0,6.0,0.0,6.0,0.0,2.0,0.0,0.0,0.0,0.0,32.0,13.0,2.0,0.0,3.0,0.0,3.0,0.0,1.0,0.0,0.0,0.0,0.0,0.0,0.0,0.0,0.0,34.0,8.0,2.0,0.0,3.0,0.0,3.0,1.0,2.0,0.0,0.0,0.0,31.0,7.0,3.0,0.0,3.0,0.0,3.0,1.0,1.0,3.0,3.0,0.0,22.0,6.0,7.0,0.0,6.0,0.0,6.0,2.0,0.0,3.0,3.0,0.0,0.0,0.0,17.0,5.0,7.0,0.0,6.0,0.0,6.0,4.0,0.0,0.0,0.0,1.0,0.0,0.0,0.0,0.0,6.0,2.0,0.0,0.0,0.0,4.0,3.0,0.0,0.0,1.0,0.0,1.0,0.0,0.0,0.0,1.0,1.0,0.0,2.0,0.0,0.0,3.0,1.0,0.0,9.0,1.0,6.0,0.0,0.0,0.0,0.0,0.0,0.0,0.0,6.0,0.0,0.0,0.0,0.0,0.0,0.0,0.0,0.0,0.0,0.0,6.0,0.0,0.0,0.0,6.0,0.0,0.0,1.0,0.0,0.0,0.0,0.0,0.0,0.0,0.0,0.0,0.0,0.0,0.0,0.0,0.0,0.0,0.0,0.0,0.0,0.0,0.0,0.0,0.0,0.0,0.0,0.0,0.0,1.0,0.0,0.0,0.0,0.0,0.0,0.0,0.0,1.0,1.0,3.0,1.0,1.0,0.0,0.0,1.0,0.0,0.0,0.0,0.0,2.0,0.0,0.0,3.0,0.0,O=C(Nc1nn[nH]n1)c1ccc(Cn2nc(C3CCCCC3)cc2-c2ccc(OC(F)(F)F)cc2)cc1
CHEMBL442389,Inactive,18.0,2.0,4.0,0.0,0.0,0.0,0.0,1.0,25.0,4.0,5.0,0.0,0.0,0.0,0.0,0.0,1.0,0.0,0.0,0.0,0.0,0.0,0.0,21.0,6.0,6.0,0.0,0.0,0.0,0.0,0.0,1.0,13.0,8.0,7.0,0.0,0.0,0.0,0.0,0.0,0.0,11.0,6.0,3.0,0.0,0.0,0.0,0.0,0.0,1.0,0.0,0.0,0.0,1.0,11.0,4.0,3.0,0.0,0.0,0.0,0.0,0.0,2.0,0.0,0.0,0.0,1.0,0.0,0.0,0.0,0.0,10.0,5.0,3.0,0.0,0.0,0.0,0.0,0.0,1.0,0.0,0.0,0.0,12.0,3.0,3.0,0.0,0.0,0.0,0.0,0.0,0.0,0.0,0.0,0.0,13.0,0.0,4.0,0.0,0.0,0.0,0.0,0.0,0.0,0.0,0.0,0.0,0.0,0.0,11.0,0.0,7.0,0.0,0.0,0.0,0.0,0.0,0.0,0.0,0.0,0.0,0.0,0.0,0.0,0.0,0.0,0.0,0.0,0.0,0.0,0.0,0.0,0.0,4.0,1.0,0.0,1.0,0.0,0.0,1.0,1.0,1.0,0.0,1.0,1.0,0.0,0.0,1.0,1.0,7.0,1.0,3.0,0.0,0.0,1.0,0.0,0.0,0.0,0.0,3.0,0.0,0.0,0.0,0.0,0.0,0.0,0.0,0.0,0.0,3.0,0.0,0.0,0.0,0.0,0.0,0.0,0.0,0.0,0.0,0.0,0.0,0.0,0.0,0.0,0.0,0.0,0.0,0.0,0.0,0.0,0.0,0.0,0.0,0.0,0.0,0.0,0.0,0.0,0.0,0.0,0.0,0.0,0.0,1.0,0.0,0.0,0.0,0.0,0.0,0.0,0.0,1.0,1.0,0.0,2.0,1.0,0.0,0.0,1.0,0.0,0.0,0.0,0.0,3.0,0.0,0.0,0.0,0.0,COc1cc(C(=O)NN=Cc2ccc(C(C)(C)C)cc2)ccc1O
CHEMBL104735,Inactive,19.0,2.0,5.0,0.0,0.0,0.0,0.0,1.0,25.0,4.0,7.0,0.0,0.0,0.0,0.0,0.0,1.0,0.0,0.0,0.0,0.0,0.0,0.0,23.0,6.0,9.0,0.0,0.0,0.0,0.0,0.0,1.0,14.0,9.0,10.0,0.0,0.0,0.0,0.0,0.0,0.0,10.0,9.0,5.0,0.0,0.0,0.0,0.0,0.0,1.0,0.0,0.0,0.0,1.0,9.0,6.0,3.0,0.0,0.0,0.0,0.0,0.0,3.0,0.0,0.0,0.0,1.0,0.0,0.0,0.0,0.0,13.0,2.0,4.0,0.0,0.0,0.0,0.0,0.0,2.0,0.0,0.0,0.0,16.0,0.0,6.0,0.0,0.0,0.0,0.0,0.0,0.0,0.0,0.0,0.0,16.0,0.0,5.0,0.0,0.0,0.0,0.0,0.0,0.0,0.0,0.0,1.0,0.0,0.0,13.0,0.0,7.0,0.0,0.0,0.0,0.0,0.0,0.0,0.0,0.0,0.0,0.0,0.0,0.0,0.0,0.0,0.0,0.0,0.0,0.0,0.0,0.0,0.0,1.0,1.0,0.0,1.0,0.0,0.0,2.0,0.0,1.0,0.0,0.0,1.0,0.0,0.0,1.0,2.0,3.0,1.0,0.0,0.0,0.0,0.0,0.0,0.0,0.0,0.0,0.0,0.0,0.0,0.0,0.0,0.0,0.0,0.0,0.0,0.0,0.0,0.0,0.0,0.0,0.0,0.0,0.0,0.0,0.0,0.0,0.0,0.0,0.0,0.0,0.0,0.0,0.0,0.0,0.0,0.0,0.0,0.0,0.0,0.0,0.0,0.0,0.0,0.0,0.0,0.0,0.0,0.0,0.0,0.0,1.0,0.0,0.0,0.0,0.0,0.0,0.0,0.0,1.0,1.0,0.0,2.0,1.0,0.0,0.0,1.0,0.0,0.0,0.0,0.0,4.0,0.0,0.0,0.0,0.0,COc1cc(C(=O)NN=Cc2ccc(O)c3ccccc23)ccc1O
CHEMBL2113259,Inactive,24.0,10.0,7.0,0.0,3.0,0.0,3.0,0.0,31.0,10.0,6.0,0.0,0.0,0.0,0.0,1.0,4.0,1.0,3.0,3.0,3.0,3.0,3.0,28.0,15.0,14.0,0.0,3.0,0.0,3.0,0.0,0.0,29.0,10.0,11.0,0.0,6.0,0.0,6.0,2.0,0.0,30.0,11.0,11.0,0.0,6.0,0.0,6.0,0.0,1.0,0.0,0.0,0.0,0.0,33.0,8.0,7.0,0.0,3.0,0.0,3.0,1.0,2.0,0.0,0.0,0.0,2.0,0.0,0.0,0.0,0.0,34.0,7.0,8.0,0.0,0.0,0.0,0.0,1.0,2.0,3.0,3.0,1.0,30.0,10.0,12.0,0.0,3.0,0.0,3.0,0.0,1.0,0.0,0.0,1.0,27.0,8.0,12.0,0.0,0.0,0.0,0.0,1.0,2.0,3.0,3.0,1.0,3.0,3.0,26.0,7.0,14.0,0.0,6.0,0.0,6.0,0.0,0.0,0.0,0.0,2.0,0.0,0.0,1.0,0.0,8.0,2.0,0.0,0.0,0.0,3.0,0.0,1.0,0.0,2.0,0.0,2.0,0.0,0.0,1.0,1.0,4.0,0.0,2.0,0.0,0.0,3.0,1.0,1.0,16.0,4.0,10.0,1.0,0.0,2.0,1.0,1.0,0.0,2.0,7.0,2.0,4.0,0.0,0.0,0.0,0.0,2.0,2.0,3.0,0.0,3.0,1.0,1.0,0.0,1.0,0.0,0.0,0.0,0.0,0.0,0.0,0.0,1.0,3.0,2.0,7.0,6.0,5.0,1.0,6.0,5.0,3.0,11.0,2.0,4.0,5.0,3.0,0.0,0.0,0.0,1.0,0.0,0.0,9.0,7.0,2.0,2.0,5.0,1.0,0.0,0.0,2.0,1.0,3.0,4.0,4.0,0.0,0.0,2.0,1.0,1.0,0.0,0.0,6.0,0.0,0.0,3.0,0.0,O=C(O)CCNC(=O)c1ccc(CN(C(=O)Nc2ccc(OC(F)(F)F)cc2)C2CCN(C(=O)C3CC3)CC2)cc1
CHEMBL219308,Inactive,22.0,7.0,6.0,0.0,3.0,0.0,3.0,0.0,28.0,7.0,5.0,0.0,0.0,0.0,0.0,1.0,3.0,1.0,3.0,3.0,3.0,3.0,3.0,26.0,12.0,10.0,0.0,3.0,0.0,3.0,0.0,0.0,25.0,11.0,9.0,0.0,6.0,0.0,6.0,2.0,0.0,29.0,9.0,10.0,0.0,6.0,0.0,6.0,0.0,1.0,0.0,0.0,0.0,0.0,33.0,7.0,8.0,0.0,3.0,0.0,3.0,0.0,0.0,0.0,0.0,0.0,2.0,0.0,0.0,0.0,0.0,35.0,2.0,6.0,0.0,0.0,0.0,0.0,1.0,2.0,3.0,3.0,1.0,29.0,5.0,10.0,0.0,3.0,0.0,3.0,0.0,0.0,0.0,0.0,0.0,25.0,3.0,7.0,0.0,0.0,0.0,0.0,1.0,2.0,3.0,3.0,1.0,3.0,3.0,18.0,5.0,10.0,0.0,6.0,0.0,6.0,0.0,0.0,0.0,0.0,1.0,0.0,0.0,0.0,0.0,7.0,2.0,0.0,0.0,0.0,3.0,1.0,1.0,2.0,2.0,0.0,2.0,0.0,0.0,1.0,1.0,3.0,0.0,2.0,0.0,0.0,3.0,1.0,1.0,14.0,3.0,8.0,0.0,0.0,0.0,1.0,1.0,0.0,1.0,6.0,0.0,0.0,0.0,0.0,0.0,0.0,2.0,2.0,1.0,0.0,4.0,0.0,0.0,0.0,3.0,0.0,0.0,2.0,0.0,1.0,0.0,0.0,1.0,1.0,1.0,3.0,2.0,3.0,1.0,3.0,2.0,0.0,5.0,0.0,0.0,3.0,0.0,0.0,0.0,0.0,1.0,0.0,0.0,6.0,4.0,0.0,2.0,3.0,1.0,0.0,0.0,2.0,1.0,3.0,3.0,3.0,0.0,0.0,2.0,1.0,1.0,0.0,0.0,5.0,0.0,0.0,3.0,0.0,CCCCC(CC)N(Cc1ccc(C(=O)NCCC(=O)O)cc1)C(=O)Nc1ccc(OC(F)(F)F)cc1
CHEMBL441160,Inactive,29.0,10.0,5.0,0.0,0.0,0.0,0.0,0.0,41.0,10.0,4.0,0.0,0.0,0.0,0.0,1.0,4.0,1.0,0.0,0.0,0.0,0.0,0.0,39.0,14.0,12.0,0.0,0.0,0.0,0.0,0.0,0.0,35.0,13.0,12.0,0.0,0.0,0.0,0.0,2.0,0.0,37.0,11.0,11.0,0.0,0.0,0.0,0.0,0.0,0.0,0.0,0.0,0.0,0.0,39.0,9.0,7.0,0.0,0.0,0.0,0.0,1.0,1.0,0.0,0.0,0.0,2.0,0.0,0.0,0.0,0.0,42.0,6.0,8.0,0.0,0.0,0.0,0.0,1.0,1.0,0.0,0.0,0.0,36.0,9.0,10.0,0.0,0.0,0.0,0.0,1.0,2.0,0.0,0.0,1.0,37.0,7.0,8.0,0.0,0.0,0.0,0.0,1.0,2.0,0.0,0.0,1.0,0.0,0.0,35.0,10.0,11.0,0.0,0.0,0.0,0.0,0.0,0.0,0.0,0.0,2.0,0.0,0.0,0.0,0.0,9.0,4.0,0.0,0.0,0.0,3.0,0.0,1.0,5.0,2.0,0.0,2.0,0.0,0.0,1.0,1.0,4.0,0.0,2.0,0.0,0.0,0.0,0.0,1.0,21.0,4.0,14.0,0.0,0.0,5.0,1.0,1.0,0.0,1.0,15.0,0.0,0.0,0.0,2.0,11.0,7.0,2.0,2.0,1.0,0.0,14.0,0.0,0.0,0.0,14.0,0.0,0.0,9.0,6.0,7.0,3.0,7.0,4.0,2.0,2.0,3.0,2.0,3.0,1.0,5.0,4.0,1.0,9.0,0.0,0.0,5.0,1.0,0.0,0.0,0.0,1.0,0.0,0.0,9.0,7.0,0.0,2.0,5.0,1.0,0.0,0.0,1.0,0.0,0.0,4.0,4.0,0.0,0.0,3.0,1.0,1.0,0.0,0.0,5.0,0.0,0.0,0.0,0.0,CCN(CC)C(=O)c1ccc(NC(=O)N(Cc2ccc(C(=O)NCCC(=O)O)cc2)C2CCC(C(C)(C)C)CC2)cc1
CHEMBL154460,Active,22.0,5.0,3.0,0.0,0.0,1.0,1.0,1.0,29.0,7.0,4.0,0.0,0.0,2.0,2.0,0.0,2.0,0.0,0.0,0.0,0.0,0.0,0.0,30.0,8.0,8.0,0.0,0.0,2.0,2.0,0.0,1.0,22.0,12.0,9.0,0.0,0.0,2.0,2.0,0.0,0.0,20.0,12.0,6.0,0.0,0.0,0.0,0.0,0.0,0.0,0.0,1.0,1.0,0.0,21.0,8.0,4.0,0.0,0.0,0.0,0.0,0.0,1.0,0.0,1.0,1.0,1.0,0.0,0.0,0.0,0.0,23.0,2.0,3.0,0.0,0.0,1.0,1.0,1.0,2.0,0.0,0.0,0.0,20.0,2.0,4.0,0.0,0.0,1.0,1.0,1.0,1.0,0.0,0.0,0.0,16.0,5.0,4.0,0.0,0.0,2.0,2.0,0.0,0.0,0.0,0.0,0.0,0.0,0.0,15.0,3.0,3.0,0.0,0.0,3.0,3.0,0.0,1.0,0.0,1.0,0.0,0.0,0.0,0.0,0.0,2.0,0.0,0.0,0.0,0.0,0.0,0.0,0.0,2.0,1.0,0.0,1.0,0.0,0.0,1.0,0.0,2.0,0.0,0.0,1.0,1.0,0.0,0.0,1.0,7.0,2.0,2.0,0.0,0.0,0.0,0.0,0.0,0.0,0.0,0.0,0.0,0.0,0.0,0.0,0.0,0.0,0.0,0.0,0.0,0.0,0.0,0.0,0.0,0.0,0.0,0.0,0.0,0.0,0.0,0.0,0.0,0.0,0.0,0.0,0.0,0.0,0.0,0.0,0.0,2.0,2.0,1.0,4.0,0.0,0.0,2.0,1.0,0.0,0.0,0.0,0.0,1.0,1.0,4.0,3.0,0.0,0.0,2.0,0.0,0.0,0.0,0.0,0.0,0.0,3.0,2.0,0.0,0.0,2.0,0.0,0.0,0.0,0.0,3.0,0.0,0.0,0.0,0.0,CCN(CC)C(=O)c1ccc(C=NNC(=O)c2ccc(O)c(Cl)c2)c2ccccc12
CHEMBL157913,Inactive,19.0,8.0,3.0,0.0,0.0,1.0,1.0,1.0,25.0,11.0,4.0,0.0,0.0,2.0,2.0,0.0,2.0,0.0,0.0,0.0,0.0,0.0,0.0,27.0,8.0,6.0,0.0,0.0,2.0,2.0,1.0,2.0,16.0,15.0,8.0,0.0,0.0,2.0,2.0,0.0,0.0,13.0,13.0,6.0,0.0,0.0,0.0,0.0,1.0,0.0,0.0,1.0,1.0,0.0,21.0,6.0,4.0,0.0,0.0,0.0,0.0,1.0,1.0,0.0,1.0,1.0,1.0,0.0,0.0,0.0,0.0,22.0,5.0,5.0,0.0,0.0,1.0,1.0,0.0,1.0,0.0,0.0,0.0,22.0,2.0,3.0,0.0,0.0,1.0,1.0,1.0,2.0,0.0,0.0,0.0,18.0,4.0,2.0,0.0,0.0,2.0,2.0,1.0,1.0,0.0,0.0,0.0,0.0,0.0,10.0,7.0,4.0,0.0,0.0,3.0,3.0,0.0,0.0,0.0,0.0,0.0,0.0,0.0,0.0,0.0,3.0,0.0,0.0,0.0,0.0,0.0,0.0,1.0,2.0,1.0,0.0,1.0,0.0,0.0,1.0,0.0,2.0,0.0,0.0,1.0,1.0,0.0,0.0,1.0,8.0,2.0,3.0,1.0,0.0,0.0,0.0,0.0,0.0,1.0,0.0,0.0,0.0,0.0,0.0,0.0,0.0,0.0,0.0,0.0,0.0,0.0,0.0,0.0,0.0,0.0,0.0,0.0,0.0,0.0,0.0,0.0,0.0,0.0,0.0,0.0,0.0,0.0,0.0,0.0,3.0,3.0,3.0,6.0,2.0,0.0,2.0,3.0,0.0,0.0,0.0,0.0,1.0,1.0,4.0,3.0,2.0,0.0,2.0,0.0,0.0,0.0,0.0,0.0,0.0,3.0,2.0,0.0,0.0,1.0,0.0,0.0,0.0,0.0,3.0,0.0,0.0,0.0,0.0,CCN(CC)C(=O)Cn1ccc2c(C=NNC(=O)c3ccc(O)c(Cl)c3)cccc21
CHEMBL152579,Active,29.0,8.0,2.0,0.0,0.0,2.0,2.0,1.0,40.0,10.0,3.0,0.0,0.0,4.0,4.0,0.0,1.0,0.0,0.0,0.0,0.0,0.0,0.0,39.0,10.0,4.0,0.0,0.0,4.0,4.0,1.0,1.0,28.0,16.0,4.0,0.0,0.0,3.0,3.0,0.0,0.0,29.0,15.0,3.0,0.0,0.0,1.0,1.0,0.0,0.0,0.0,1.0,1.0,0.0,29.0,12.0,2.0,0.0,0.0,0.0,0.0,0.0,1.0,0.0,2.0,2.0,1.0,0.0,0.0,0.0,0.0,30.0,7.0,3.0,0.0,0.0,3.0,3.0,1.0,1.0,0.0,0.0,0.0,29.0,6.0,4.0,0.0,0.0,3.0,3.0,1.0,0.0,0.0,0.0,0.0,29.0,7.0,3.0,0.0,0.0,2.0,2.0,0.0,0.0,0.0,1.0,0.0,0.0,0.0,31.0,3.0,2.0,0.0,0.0,4.0,4.0,1.0,1.0,0.0,0.0,0.0,0.0,0.0,0.0,0.0,6.0,0.0,0.0,0.0,0.0,2.0,0.0,0.0,0.0,1.0,0.0,1.0,0.0,0.0,1.0,0.0,1.0,0.0,1.0,1.0,2.0,0.0,0.0,1.0,8.0,1.0,2.0,0.0,0.0,0.0,0.0,0.0,0.0,0.0,0.0,0.0,0.0,0.0,0.0,0.0,0.0,0.0,0.0,0.0,0.0,0.0,0.0,0.0,0.0,0.0,0.0,0.0,0.0,0.0,0.0,0.0,0.0,0.0,0.0,0.0,0.0,0.0,0.0,0.0,4.0,4.0,2.0,8.0,0.0,0.0,0.0,2.0,0.0,0.0,0.0,0.0,2.0,2.0,7.0,6.0,0.0,0.0,0.0,0.0,0.0,0.0,0.0,0.0,0.0,4.0,1.0,0.0,0.0,3.0,0.0,0.0,2.0,0.0,2.0,0.0,0.0,0.0,0.0,O=C(NN=Cc1ccc(CN2CCN(Cc3ccc(Cl)cc3)CC2)c2ccccc12)c1ccc(O)c(Cl)c1
CHEMBL448584,Active,33.0,7.0,5.0,2.0,3.0,0.0,3.0,0.0,48.0,7.0,5.0,1.0,0.0,0.0,0.0,1.0,1.0,1.0,3.0,3.0,3.0,3.0,3.0,44.0,13.0,7.0,3.0,3.0,0.0,3.0,0.0,0.0,41.0,11.0,4.0,5.0,6.0,0.0,6.0,2.0,0.0,38.0,11.0,5.0,6.0,6.0,0.0,6.0,0.0,0.0,0.0,0.0,0.0,0.0,42.0,7.0,3.0,4.0,3.0,0.0,3.0,1.0,2.0,0.0,0.0,0.0,2.0,0.0,0.0,0.0,0.0,41.0,10.0,7.0,3.0,3.0,0.0,3.0,0.0,0.0,0.0,0.0,0.0,45.0,6.0,5.0,3.0,3.0,0.0,3.0,1.0,2.0,3.0,3.0,0.0,43.0,9.0,8.0,3.0,3.0,0.0,3.0,0.0,0.0,0.0,0.0,0.0,0.0,0.0,43.0,6.0,6.0,3.0,0.0,0.0,0.0,0.0,2.0,3.0,0.0,0.0,0.0,0.0,0.0,0.0,4.0,0.0,0.0,0.0,0.0,1.0,0.0,1.0,0.0,1.0,0.0,1.0,0.0,0.0,1.0,1.0,2.0,0.0,2.0,1.0,0.0,3.0,1.0,1.0,7.0,2.0,2.0,0.0,0.0,0.0,0.0,0.0,0.0,1.0,1.0,0.0,0.0,0.0,0.0,0.0,0.0,0.0,0.0,1.0,0.0,0.0,0.0,0.0,0.0,0.0,0.0,0.0,0.0,0.0,0.0,0.0,0.0,0.0,0.0,0.0,1.0,0.0,1.0,1.0,1.0,0.0,0.0,1.0,0.0,0.0,1.0,0.0,0.0,0.0,0.0,1.0,0.0,0.0,3.0,1.0,0.0,0.0,1.0,1.0,0.0,0.0,2.0,1.0,3.0,2.0,1.0,0.0,0.0,2.0,1.0,1.0,0.0,0.0,4.0,0.0,0.0,3.0,0.0,O=C(O)CCNC(=O)c1ccc(N(Cc2ccc3c(c2)Cc2ccccc2-3)c2nc(-c3ccc(OC(F)(F)F)cc3)cs2)cc1
CHEMBL517861,Active,25.0,12.0,1.0,0.0,0.0,0.0,0.0,3.0,40.0,10.0,1.0,0.0,0.0,0.0,0.0,8.0,1.0,0.0,0.0,0.0,0.0,0.0,0.0,34.0,20.0,3.0,0.0,0.0,0.0,0.0,2.0,0.0,32.0,20.0,2.0,0.0,0.0,0.0,0.0,2.0,0.0,33.0,20.0,1.0,0.0,0.0,0.0,0.0,0.0,2.0,0.0,0.0,0.0,0.0,37.0,20.0,1.0,0.0,0.0,0.0,0.0,0.0,0.0,0.0,0.0,0.0,0.0,0.0,0.0,0.0,0.0,43.0,10.0,0.0,0.0,0.0,0.0,0.0,1.0,1.0,0.0,0.0,0.0,34.0,15.0,2.0,0.0,0.0,0.0,0.0,0.0,0.0,0.0,0.0,0.0,39.0,4.0,2.0,0.0,0.0,0.0,0.0,4.0,2.0,0.0,0.0,0.0,0.0,0.0,25.0,11.0,5.0,0.0,0.0,0.0,0.0,2.0,0.0,0.0,0.0,2.0,0.0,0.0,0.0,0.0,5.0,4.0,0.0,0.0,0.0,2.0,0.0,0.0,5.0,1.0,0.0,1.0,0.0,0.0,0.0,1.0,1.0,0.0,1.0,1.0,0.0,0.0,0.0,0.0,14.0,1.0,10.0,0.0,0.0,5.0,1.0,0.0,0.0,0.0,14.0,0.0,0.0,0.0,2.0,11.0,7.0,2.0,0.0,0.0,0.0,14.0,0.0,0.0,0.0,14.0,0.0,0.0,9.0,0.0,7.0,3.0,0.0,4.0,2.0,0.0,2.0,0.0,0.0,0.0,2.0,0.0,0.0,2.0,0.0,0.0,0.0,0.0,0.0,0.0,0.0,0.0,0.0,0.0,3.0,1.0,0.0,1.0,0.0,0.0,0.0,0.0,0.0,0.0,0.0,2.0,1.0,0.0,0.0,2.0,0.0,0.0,0.0,0.0,1.0,0.0,0.0,0.0,0.0,Cc1ccc2c(c1)nc(N(Cc1ccc(C(=O)Nc3nnn[nH]3)cc1)C1CCC(C(C)(C)C)CC1)n2C
CHEMBL178302,Inactive,15.0,5.0,3.0,2.0,0.0,0.0,0.0,1.0,19.0,7.0,3.0,3.0,0.0,0.0,0.0,0.0,3.0,0.0,0.0,0.0,0.0,0.0,0.0,16.0,11.0,5.0,3.0,0.0,0.0,0.0,0.0,0.0,11.0,13.0,8.0,2.0,0.0,0.0,0.0,0.0,0.0,16.0,8.0,4.0,3.0,0.0,0.0,0.0,1.0,1.0,0.0,0.0,0.0,0.0,17.0,4.0,3.0,3.0,0.0,0.0,0.0,2.0,2.0,0.0,0.0,0.0,0.0,0.0,0.0,0.0,0.0,17.0,6.0,1.0,2.0,0.0,0.0,0.0,1.0,1.0,0.0,0.0,1.0,13.0,7.0,3.0,0.0,0.0,0.0,0.0,0.0,1.0,0.0,0.0,0.0,6.0,7.0,3.0,0.0,0.0,0.0,0.0,0.0,0.0,0.0,0.0,0.0,0.0,0.0,7.0,4.0,1.0,0.0,0.0,0.0,0.0,0.0,0.0,0.0,0.0,2.0,1.0,0.0,1.0,1.0,3.0,3.0,2.0,2.0,0.0,0.0,0.0,0.0,5.0,1.0,0.0,1.0,1.0,0.0,0.0,0.0,1.0,0.0,0.0,0.0,0.0,0.0,0.0,0.0,12.0,1.0,8.0,1.0,0.0,2.0,0.0,0.0,0.0,1.0,8.0,2.0,0.0,0.0,0.0,2.0,1.0,0.0,0.0,2.0,0.0,4.0,2.0,2.0,0.0,1.0,0.0,0.0,0.0,0.0,0.0,0.0,0.0,0.0,2.0,0.0,2.0,0.0,0.0,0.0,1.0,0.0,0.0,0.0,0.0,0.0,0.0,0.0,0.0,0.0,0.0,0.0,0.0,0.0,1.0,0.0,0.0,0.0,0.0,0.0,0.0,0.0,0.0,0.0,0.0,2.0,1.0,0.0,0.0,0.0,0.0,0.0,0.0,0.0,1.0,0.0,0.0,0.0,0.0,CCC(CC)C(=O)Nc1sc(-c2nnc(CC(C)C)o2)c(C)c1C#N
CHEMBL143664,Inactive,24.0,2.0,1.0,0.0,1.0,0.0,1.0,0.0,31.0,4.0,1.0,0.0,2.0,0.0,2.0,0.0,0.0,0.0,0.0,0.0,0.0,0.0,0.0,33.0,7.0,2.0,0.0,2.0,0.0,2.0,0.0,0.0,41.0,2.0,3.0,0.0,1.0,0.0,1.0,1.0,0.0,41.0,3.0,6.0,0.0,1.0,0.0,1.0,0.0,0.0,0.0,0.0,0.0,0.0,39.0,3.0,4.0,0.0,2.0,0.0,2.0,0.0,0.0,0.0,0.0,0.0,0.0,0.0,0.0,0.0,0.0,27.0,2.0,4.0,0.0,4.0,0.0,4.0,0.0,0.0,0.0,0.0,0.0,19.0,1.0,1.0,0.0,3.0,0.0,3.0,0.0,0.0,1.0,1.0,0.0,12.0,0.0,1.0,0.0,5.0,0.0,5.0,0.0,0.0,0.0,0.0,0.0,0.0,0.0,6.0,0.0,1.0,0.0,1.0,0.0,1.0,0.0,0.0,0.0,0.0,2.0,2.0,0.0,0.0,2.0,6.0,0.0,0.0,0.0,0.0,4.0,3.0,0.0,5.0,0.0,0.0,0.0,0.0,0.0,1.0,0.0,0.0,0.0,1.0,0.0,0.0,1.0,0.0,1.0,13.0,0.0,9.0,0.0,0.0,0.0,0.0,0.0,0.0,0.0,6.0,0.0,0.0,0.0,0.0,0.0,0.0,0.0,0.0,0.0,0.0,3.0,0.0,0.0,0.0,2.0,0.0,0.0,1.0,0.0,0.0,0.0,0.0,0.0,0.0,0.0,0.0,0.0,0.0,0.0,0.0,0.0,0.0,0.0,0.0,0.0,0.0,0.0,0.0,0.0,0.0,0.0,0.0,0.0,0.0,0.0,0.0,0.0,0.0,0.0,0.0,0.0,1.0,0.0,1.0,0.0,0.0,0.0,0.0,0.0,0.0,0.0,0.0,0.0,1.0,0.0,0.0,0.0,0.0,CCCCCCc1c(C(C)C)nc(C(C)C)c(CO)c1-c1ccc(F)cc1
CHEMBL3237898,Inactive,30.0,7.0,4.0,0.0,0.0,2.0,2.0,0.0,42.0,10.0,4.0,0.0,0.0,4.0,4.0,1.0,2.0,1.0,0.0,0.0,0.0,0.0,0.0,41.0,13.0,8.0,0.0,0.0,4.0,4.0,0.0,1.0,38.0,11.0,8.0,0.0,0.0,4.0,4.0,2.0,0.0,38.0,10.0,10.0,0.0,0.0,2.0,2.0,0.0,0.0,0.0,2.0,2.0,0.0,41.0,11.0,7.0,0.0,0.0,2.0,2.0,0.0,0.0,0.0,2.0,2.0,2.0,2.0,0.0,0.0,0.0,46.0,5.0,9.0,0.0,0.0,6.0,6.0,0.0,0.0,0.0,0.0,0.0,40.0,1.0,8.0,0.0,0.0,6.0,6.0,1.0,1.0,0.0,0.0,0.0,38.0,4.0,5.0,0.0,0.0,6.0,6.0,0.0,0.0,0.0,0.0,0.0,0.0,0.0,31.0,4.0,5.0,0.0,0.0,6.0,6.0,1.0,2.0,0.0,1.0,2.0,1.0,0.0,0.0,0.0,7.0,3.0,0.0,0.0,0.0,3.0,0.0,1.0,4.0,1.0,0.0,1.0,0.0,0.0,1.0,2.0,3.0,0.0,1.0,0.0,2.0,0.0,0.0,1.0,19.0,3.0,15.0,1.0,0.0,5.0,2.0,1.0,0.0,2.0,16.0,0.0,0.0,0.0,2.0,11.0,7.0,4.0,2.0,1.0,3.0,14.0,0.0,0.0,0.0,14.0,0.0,0.0,9.0,6.0,7.0,3.0,7.0,8.0,4.0,2.0,6.0,3.0,4.0,1.0,7.0,4.0,5.0,9.0,3.0,0.0,4.0,5.0,0.0,0.0,0.0,1.0,2.0,2.0,6.0,4.0,2.0,2.0,3.0,0.0,0.0,0.0,1.0,0.0,0.0,3.0,2.0,0.0,0.0,1.0,1.0,1.0,0.0,0.0,4.0,0.0,0.0,0.0,0.0,CC(CN1C(=O)C(c2cc(Cl)cc(Cl)c2)=NC12CCC(C(C)(C)C)CC2)c1ccc(C(=O)NCCC(=O)O)cc1
CHEMBL3237901,Inactive,30.0,7.0,4.0,0.0,3.0,0.0,3.0,0.0,42.0,11.0,4.0,0.0,3.0,0.0,3.0,1.0,2.0,1.0,0.0,0.0,3.0,3.0,3.0,43.0,13.0,8.0,0.0,6.0,0.0,6.0,0.0,1.0,41.0,12.0,9.0,0.0,6.0,0.0,6.0,2.0,0.0,41.0,10.0,10.0,0.0,6.0,0.0,6.0,0.0,0.0,0.0,0.0,0.0,0.0,42.0,12.0,8.0,0.0,3.0,0.0,3.0,0.0,0.0,3.0,0.0,3.0,2.0,0.0,0.0,0.0,0.0,49.0,2.0,7.0,0.0,3.0,0.0,3.0,1.0,1.0,3.0,3.0,0.0,42.0,4.0,10.0,0.0,9.0,0.0,9.0,0.0,0.0,0.0,0.0,0.0,36.0,4.0,5.0,0.0,12.0,0.0,12.0,1.0,2.0,0.0,0.0,1.0,0.0,0.0,30.0,5.0,6.0,0.0,9.0,0.0,9.0,0.0,0.0,0.0,0.0,2.0,1.0,0.0,0.0,0.0,6.0,2.0,0.0,0.0,0.0,3.0,0.0,1.0,4.0,1.0,0.0,1.0,0.0,0.0,1.0,3.0,3.0,0.0,1.0,0.0,0.0,3.0,0.0,1.0,19.0,3.0,14.0,1.0,0.0,5.0,2.0,1.0,0.0,2.0,15.0,0.0,0.0,0.0,2.0,11.0,7.0,4.0,2.0,1.0,2.0,14.0,0.0,0.0,0.0,14.0,0.0,0.0,9.0,6.0,7.0,3.0,7.0,8.0,4.0,2.0,5.0,2.0,3.0,1.0,7.0,4.0,5.0,9.0,3.0,0.0,4.0,5.0,0.0,0.0,0.0,1.0,0.0,0.0,6.0,4.0,2.0,2.0,3.0,0.0,0.0,0.0,1.0,0.0,3.0,3.0,2.0,0.0,0.0,2.0,1.0,1.0,0.0,0.0,4.0,0.0,0.0,0.0,0.0,CC(c1ccc(C(=O)NCCC(=O)O)cc1)N1C(=O)C(c2cccc(C(F)(F)F)c2)=NC12CCC(C(C)(C)C)CC2
CHEMBL504245,Active,31.0,8.0,5.0,0.0,3.0,0.0,3.0,0.0,42.0,8.0,5.0,0.0,3.0,0.0,3.0,1.0,3.0,1.0,0.0,0.0,3.0,3.0,3.0,39.0,14.0,8.0,0.0,6.0,0.0,6.0,0.0,1.0,32.0,15.0,9.0,0.0,9.0,0.0,9.0,2.0,0.0,35.0,11.0,11.0,0.0,3.0,0.0,3.0,0.0,0.0,6.0,0.0,6.0,1.0,37.0,9.0,10.0,0.0,3.0,0.0,3.0,1.0,0.0,0.0,0.0,0.0,2.0,0.0,0.0,0.0,0.0,41.0,6.0,9.0,0.0,0.0,0.0,0.0,1.0,1.0,3.0,3.0,0.0,40.0,7.0,10.0,0.0,6.0,0.0,6.0,1.0,1.0,0.0,0.0,0.0,40.0,7.0,7.0,0.0,9.0,0.0,9.0,1.0,2.0,0.0,0.0,1.0,0.0,0.0,37.0,9.0,7.0,0.0,12.0,0.0,12.0,0.0,1.0,0.0,0.0,2.0,0.0,0.0,1.0,0.0,7.0,3.0,1.0,0.0,0.0,4.0,3.0,0.0,0.0,2.0,0.0,2.0,0.0,0.0,2.0,1.0,3.0,0.0,2.0,1.0,0.0,3.0,0.0,2.0,14.0,3.0,8.0,0.0,0.0,0.0,0.0,0.0,0.0,1.0,7.0,0.0,0.0,0.0,0.0,0.0,0.0,0.0,0.0,1.0,2.0,6.0,0.0,0.0,2.0,6.0,0.0,0.0,1.0,0.0,0.0,0.0,0.0,0.0,0.0,0.0,1.0,0.0,1.0,1.0,1.0,0.0,0.0,1.0,0.0,0.0,1.0,0.0,0.0,0.0,0.0,3.0,0.0,0.0,5.0,2.0,0.0,0.0,2.0,3.0,0.0,1.0,2.0,0.0,3.0,4.0,3.0,0.0,0.0,2.0,1.0,1.0,0.0,1.0,5.0,0.0,0.0,0.0,1.0,N#Cc1ccc(NC(=O)N(Cc2ccc(C(=O)NCC(O)C(=O)O)cc2)c2ccc(C3CCCCC3)cc2)cc1C(F)(F)F
CHEMBL519903,Active,29.0,7.0,5.0,0.0,0.0,2.0,2.0,0.0,38.0,7.0,5.0,0.0,0.0,4.0,4.0,1.0,3.0,1.0,0.0,0.0,0.0,0.0,0.0,34.0,12.0,8.0,0.0,0.0,4.0,4.0,0.0,1.0,30.0,11.0,9.0,0.0,0.0,2.0,2.0,2.0,0.0,34.0,9.0,11.0,0.0,0.0,2.0,2.0,0.0,0.0,0.0,0.0,0.0,1.0,36.0,8.0,9.0,0.0,0.0,0.0,0.0,0.0,0.0,0.0,2.0,2.0,2.0,2.0,0.0,0.0,0.0,39.0,4.0,8.0,0.0,0.0,4.0,4.0,1.0,1.0,0.0,0.0,0.0,35.0,7.0,10.0,0.0,0.0,6.0,6.0,0.0,0.0,0.0,0.0,0.0,33.0,5.0,7.0,0.0,0.0,8.0,8.0,1.0,2.0,0.0,0.0,1.0,0.0,0.0,30.0,6.0,7.0,0.0,0.0,6.0,6.0,0.0,1.0,0.0,0.0,1.0,0.0,0.0,1.0,0.0,6.0,1.0,1.0,0.0,0.0,3.0,2.0,0.0,0.0,2.0,0.0,2.0,0.0,0.0,2.0,0.0,3.0,0.0,2.0,0.0,2.0,0.0,0.0,2.0,12.0,3.0,7.0,0.0,0.0,0.0,0.0,0.0,0.0,1.0,5.0,0.0,0.0,0.0,0.0,0.0,0.0,0.0,0.0,1.0,1.0,3.0,0.0,0.0,1.0,2.0,0.0,0.0,1.0,0.0,0.0,0.0,0.0,0.0,0.0,0.0,1.0,0.0,1.0,1.0,1.0,0.0,0.0,1.0,0.0,0.0,1.0,0.0,0.0,0.0,0.0,3.0,2.0,2.0,5.0,2.0,0.0,0.0,2.0,3.0,0.0,1.0,2.0,0.0,0.0,3.0,3.0,0.0,0.0,2.0,1.0,1.0,0.0,1.0,5.0,0.0,0.0,0.0,1.0,O=C(NCC(O)C(=O)O)c1ccc(CN(C(=O)Nc2cc(Cl)cc(Cl)c2)c2ccc(C3=CCCCC3)cc2)cc1
CHEMBL152103,Active,24.0,4.0,5.0,0.0,3.0,1.0,4.0,1.0,30.0,7.0,6.0,0.0,3.0,2.0,5.0,0.0,2.0,0.0,0.0,0.0,3.0,3.0,3.0,26.0,9.0,9.0,0.0,6.0,2.0,8.0,0.0,1.0,18.0,10.0,8.0,0.0,6.0,2.0,8.0,2.0,0.0,16.0,11.0,8.0,0.0,3.0,0.0,3.0,0.0,1.0,0.0,1.0,1.0,0.0,19.0,5.0,7.0,0.0,3.0,0.0,3.0,1.0,1.0,0.0,1.0,1.0,2.0,0.0,0.0,0.0,0.0,23.0,2.0,7.0,0.0,3.0,1.0,4.0,1.0,1.0,0.0,0.0,1.0,23.0,4.0,7.0,0.0,3.0,1.0,4.0,0.0,1.0,0.0,0.0,0.0,22.0,3.0,5.0,0.0,0.0,2.0,2.0,0.0,2.0,3.0,3.0,0.0,3.0,3.0,18.0,4.0,7.0,0.0,3.0,2.0,5.0,0.0,0.0,0.0,0.0,0.0,0.0,0.0,0.0,0.0,2.0,0.0,0.0,0.0,0.0,1.0,0.0,1.0,1.0,2.0,0.0,2.0,0.0,0.0,1.0,1.0,2.0,0.0,1.0,2.0,1.0,3.0,1.0,1.0,7.0,2.0,2.0,1.0,0.0,0.0,0.0,0.0,0.0,1.0,1.0,1.0,0.0,0.0,0.0,0.0,0.0,0.0,0.0,1.0,1.0,0.0,0.0,0.0,1.0,0.0,0.0,0.0,0.0,0.0,0.0,0.0,0.0,0.0,0.0,0.0,1.0,0.0,0.0,0.0,1.0,0.0,0.0,0.0,0.0,0.0,0.0,0.0,0.0,0.0,0.0,0.0,1.0,1.0,2.0,0.0,0.0,0.0,0.0,1.0,0.0,0.0,1.0,1.0,3.0,3.0,2.0,0.0,0.0,1.0,0.0,0.0,0.0,0.0,4.0,1.0,0.0,0.0,0.0,COc1cc(NC(=O)CCc2ccc(C(F)(F)F)cc2)ccc1C=NNC(=O)c1ccc(O)c(Cl)c1
CHEMBL140209,Inactive,20.0,2.0,1.0,0.0,1.0,0.0,1.0,0.0,27.0,4.0,1.0,0.0,2.0,0.0,2.0,0.0,0.0,0.0,0.0,0.0,0.0,0.0,0.0,29.0,7.0,2.0,0.0,2.0,0.0,2.0,0.0,0.0,36.0,2.0,3.0,0.0,1.0,0.0,1.0,1.0,0.0,34.0,2.0,6.0,0.0,1.0,0.0,1.0,0.0,0.0,0.0,0.0,0.0,0.0,27.0,2.0,4.0,0.0,2.0,0.0,2.0,0.0,0.0,0.0,0.0,0.0,0.0,0.0,0.0,0.0,0.0,13.0,1.0,3.0,0.0,4.0,0.0,4.0,0.0,0.0,0.0,0.0,0.0,4.0,0.0,0.0,0.0,3.0,0.0,3.0,0.0,0.0,1.0,1.0,0.0,0.0,0.0,0.0,0.0,4.0,0.0,4.0,0.0,0.0,0.0,0.0,0.0,0.0,0.0,0.0,0.0,0.0,0.0,0.0,0.0,0.0,0.0,0.0,0.0,0.0,2.0,2.0,0.0,0.0,2.0,1.0,0.0,0.0,0.0,0.0,0.0,0.0,0.0,4.0,0.0,0.0,0.0,0.0,0.0,1.0,0.0,0.0,0.0,1.0,0.0,0.0,1.0,0.0,1.0,9.0,0.0,4.0,0.0,0.0,0.0,0.0,0.0,0.0,0.0,2.0,0.0,0.0,0.0,0.0,0.0,0.0,0.0,0.0,0.0,0.0,0.0,0.0,0.0,0.0,0.0,0.0,0.0,0.0,0.0,0.0,0.0,0.0,0.0,0.0,0.0,0.0,0.0,0.0,0.0,0.0,0.0,0.0,0.0,0.0,0.0,0.0,0.0,0.0,0.0,0.0,0.0,0.0,0.0,0.0,0.0,0.0,0.0,0.0,0.0,0.0,0.0,1.0,0.0,1.0,0.0,0.0,0.0,0.0,0.0,0.0,0.0,0.0,0.0,1.0,0.0,0.0,0.0,0.0,C=Cc1c(C(C)C)nc(C(C)C)c(CO)c1-c1ccc(F)cc1
CHEMBL3656282,Inactive,28.0,9.0,2.0,0.0,0.0,2.0,2.0,3.0,38.0,15.0,2.0,0.0,0.0,4.0,4.0,4.0,2.0,0.0,0.0,0.0,0.0,0.0,0.0,38.0,13.0,6.0,0.0,0.0,4.0,4.0,2.0,1.0,38.0,17.0,9.0,0.0,0.0,4.0,4.0,0.0,0.0,48.0,15.0,7.0,0.0,0.0,2.0,2.0,0.0,2.0,0.0,2.0,2.0,0.0,55.0,12.0,7.0,0.0,0.0,2.0,2.0,0.0,2.0,0.0,2.0,2.0,0.0,2.0,0.0,0.0,0.0,55.0,13.0,5.0,0.0,0.0,6.0,6.0,1.0,1.0,0.0,0.0,0.0,42.0,11.0,4.0,0.0,0.0,6.0,6.0,0.0,0.0,0.0,0.0,0.0,36.0,9.0,4.0,0.0,0.0,10.0,10.0,1.0,2.0,0.0,0.0,1.0,0.0,0.0,22.0,10.0,6.0,0.0,0.0,6.0,6.0,2.0,0.0,0.0,0.0,2.0,1.0,0.0,0.0,1.0,4.0,2.0,0.0,0.0,0.0,1.0,0.0,0.0,6.0,1.0,0.0,1.0,0.0,0.0,0.0,2.0,2.0,0.0,1.0,0.0,2.0,0.0,0.0,0.0,17.0,2.0,12.0,1.0,0.0,5.0,2.0,1.0,0.0,1.0,13.0,0.0,0.0,0.0,1.0,4.0,0.0,2.0,1.0,0.0,2.0,7.0,0.0,0.0,1.0,5.0,0.0,0.0,0.0,0.0,0.0,0.0,0.0,3.0,5.0,3.0,3.0,2.0,2.0,0.0,6.0,4.0,5.0,8.0,3.0,0.0,3.0,5.0,0.0,0.0,0.0,0.0,2.0,2.0,6.0,4.0,2.0,2.0,3.0,0.0,0.0,0.0,0.0,0.0,0.0,3.0,2.0,0.0,0.0,2.0,0.0,0.0,0.0,0.0,2.0,0.0,0.0,0.0,0.0,CC(C)CC1(C)N=C(c2cc(Cl)cc(Cl)c2)C(=O)N1C(CCC(C)(C)C)c1ccc(C(=O)NCc2nnn[nH]2)cc1
CHEMBL152207,Active,31.0,5.0,5.0,0.0,0.0,1.0,2.0,1.0,41.0,7.0,7.0,0.0,0.0,2.0,4.0,0.0,2.0,0.0,0.0,0.0,0.0,0.0,0.0,41.0,7.0,9.0,0.0,0.0,2.0,4.0,0.0,2.0,29.0,11.0,12.0,0.0,0.0,2.0,3.0,0.0,0.0,24.0,13.0,10.0,0.0,0.0,0.0,1.0,0.0,0.0,0.0,1.0,1.0,0.0,25.0,10.0,7.0,0.0,0.0,0.0,2.0,0.0,2.0,0.0,1.0,1.0,1.0,0.0,0.0,0.0,0.0,30.0,6.0,9.0,0.0,0.0,1.0,3.0,0.0,2.0,0.0,0.0,0.0,33.0,4.0,11.0,0.0,0.0,1.0,1.0,0.0,0.0,0.0,1.0,0.0,34.0,1.0,6.0,0.0,0.0,2.0,3.0,1.0,1.0,0.0,0.0,1.0,0.0,0.0,29.0,2.0,6.0,0.0,0.0,3.0,4.0,1.0,1.0,0.0,0.0,0.0,0.0,0.0,0.0,0.0,4.0,0.0,0.0,0.0,0.0,1.0,0.0,1.0,0.0,1.0,0.0,1.0,0.0,0.0,1.0,0.0,2.0,0.0,1.0,1.0,1.0,0.0,1.0,1.0,9.0,2.0,4.0,1.0,0.0,0.0,0.0,0.0,0.0,1.0,1.0,0.0,0.0,0.0,0.0,0.0,0.0,0.0,0.0,0.0,1.0,0.0,0.0,0.0,1.0,0.0,0.0,0.0,0.0,0.0,0.0,0.0,0.0,0.0,0.0,0.0,1.0,1.0,1.0,0.0,3.0,3.0,3.0,6.0,2.0,0.0,2.0,3.0,0.0,0.0,2.0,1.0,1.0,1.0,4.0,3.0,2.0,0.0,2.0,0.0,0.0,2.0,1.0,1.0,0.0,3.0,2.0,0.0,0.0,1.0,0.0,0.0,0.0,1.0,4.0,0.0,0.0,0.0,0.0,O=C(NN=Cc1ccc(OCC(=O)N2CC=C(c3ccc(Br)cc3)CC2)c2ccccc12)c1ccc(O)c(Cl)c1
CHEMBL156666,Active,24.0,5.0,2.0,0.0,3.0,1.0,4.0,1.0,32.0,8.0,3.0,0.0,3.0,2.0,5.0,0.0,1.0,0.0,0.0,0.0,3.0,3.0,3.0,28.0,10.0,4.0,0.0,6.0,2.0,8.0,0.0,1.0,19.0,13.0,4.0,0.0,6.0,2.0,8.0,0.0,0.0,20.0,9.0,3.0,0.0,3.0,0.0,3.0,1.0,0.0,0.0,1.0,1.0,0.0,23.0,5.0,2.0,0.0,3.0,0.0,3.0,1.0,1.0,0.0,1.0,1.0,1.0,0.0,0.0,0.0,0.0,25.0,3.0,3.0,0.0,0.0,1.0,1.0,0.0,1.0,3.0,3.0,0.0,23.0,4.0,3.0,0.0,6.0,1.0,7.0,0.0,1.0,0.0,0.0,0.0,18.0,6.0,2.0,0.0,9.0,2.0,11.0,0.0,0.0,0.0,0.0,0.0,0.0,0.0,14.0,5.0,3.0,0.0,6.0,3.0,9.0,0.0,0.0,0.0,0.0,0.0,0.0,0.0,0.0,0.0,1.0,0.0,0.0,0.0,0.0,0.0,0.0,0.0,0.0,1.0,0.0,1.0,0.0,0.0,1.0,1.0,1.0,0.0,1.0,1.0,1.0,3.0,0.0,1.0,4.0,1.0,0.0,0.0,0.0,0.0,0.0,0.0,0.0,0.0,0.0,0.0,0.0,0.0,0.0,0.0,0.0,0.0,0.0,0.0,0.0,0.0,0.0,0.0,0.0,0.0,0.0,0.0,0.0,0.0,0.0,0.0,0.0,0.0,0.0,0.0,0.0,0.0,0.0,0.0,0.0,0.0,0.0,0.0,0.0,0.0,0.0,0.0,0.0,0.0,0.0,0.0,1.0,1.0,1.0,0.0,0.0,0.0,0.0,0.0,0.0,0.0,0.0,0.0,3.0,2.0,1.0,0.0,0.0,1.0,0.0,0.0,0.0,0.0,2.0,0.0,0.0,0.0,0.0,O=C(NN=Cc1cccc2c1ccn2Cc1ccc(C(F)(F)F)cc1)c1ccc(O)c(Cl)c1
CHEMBL179281,Inactive,19.0,3.0,1.0,2.0,0.0,0.0,0.0,0.0,27.0,3.0,1.0,3.0,0.0,0.0,0.0,0.0,1.0,0.0,0.0,0.0,0.0,0.0,0.0,26.0,7.0,3.0,4.0,0.0,0.0,0.0,0.0,0.0,21.0,6.0,3.0,3.0,0.0,0.0,0.0,0.0,0.0,17.0,5.0,3.0,5.0,0.0,0.0,0.0,0.0,0.0,0.0,0.0,0.0,0.0,20.0,3.0,2.0,3.0,0.0,0.0,0.0,0.0,1.0,0.0,0.0,0.0,0.0,0.0,0.0,0.0,0.0,18.0,6.0,2.0,0.0,0.0,0.0,0.0,0.0,0.0,0.0,0.0,0.0,13.0,6.0,1.0,0.0,0.0,0.0,0.0,0.0,0.0,0.0,0.0,0.0,10.0,1.0,3.0,0.0,0.0,0.0,0.0,0.0,0.0,0.0,0.0,0.0,0.0,0.0,9.0,0.0,1.0,0.0,0.0,0.0,0.0,0.0,0.0,0.0,0.0,2.0,0.0,0.0,1.0,0.0,6.0,4.0,2.0,2.0,0.0,1.0,0.0,0.0,5.0,1.0,0.0,1.0,1.0,0.0,0.0,1.0,1.0,0.0,0.0,0.0,0.0,0.0,0.0,0.0,16.0,1.0,13.0,1.0,0.0,6.0,0.0,0.0,0.0,1.0,16.0,2.0,0.0,0.0,3.0,15.0,8.0,0.0,0.0,2.0,0.0,15.0,2.0,2.0,0.0,6.0,0.0,0.0,1.0,0.0,0.0,0.0,0.0,0.0,2.0,0.0,2.0,0.0,0.0,0.0,1.0,0.0,0.0,0.0,0.0,0.0,0.0,0.0,0.0,0.0,0.0,0.0,0.0,0.0,1.0,0.0,0.0,0.0,0.0,0.0,0.0,0.0,0.0,0.0,0.0,2.0,1.0,0.0,0.0,0.0,0.0,0.0,0.0,0.0,1.0,0.0,0.0,0.0,0.0,CCC(CC)C(=O)Nc1sc2c(c1C#N)CCC(C(C)(C)CC)C2
CHEMBL503919,Active,28.0,9.0,3.0,2.0,0.0,2.0,2.0,3.0,38.0,8.0,5.0,1.0,0.0,4.0,4.0,6.0,1.0,0.0,0.0,0.0,0.0,0.0,0.0,32.0,14.0,7.0,3.0,0.0,4.0,4.0,2.0,0.0,31.0,15.0,4.0,5.0,0.0,3.0,3.0,2.0,0.0,36.0,15.0,1.0,6.0,0.0,4.0,4.0,0.0,3.0,0.0,0.0,0.0,0.0,36.0,16.0,3.0,4.0,0.0,4.0,4.0,0.0,0.0,0.0,1.0,1.0,0.0,0.0,0.0,0.0,0.0,37.0,10.0,1.0,1.0,0.0,7.0,7.0,1.0,2.0,0.0,0.0,0.0,33.0,11.0,6.0,2.0,0.0,5.0,5.0,0.0,0.0,0.0,0.0,0.0,35.0,7.0,5.0,2.0,0.0,4.0,4.0,3.0,1.0,0.0,0.0,0.0,0.0,0.0,31.0,11.0,7.0,3.0,0.0,3.0,3.0,2.0,0.0,1.0,0.0,0.0,0.0,0.0,0.0,0.0,1.0,0.0,0.0,0.0,0.0,0.0,0.0,0.0,0.0,1.0,0.0,1.0,0.0,0.0,0.0,0.0,1.0,0.0,2.0,1.0,2.0,0.0,1.0,0.0,2.0,1.0,0.0,0.0,0.0,0.0,0.0,0.0,0.0,0.0,0.0,0.0,0.0,0.0,0.0,0.0,0.0,0.0,0.0,0.0,0.0,0.0,0.0,0.0,0.0,0.0,0.0,0.0,0.0,0.0,0.0,0.0,0.0,0.0,0.0,0.0,0.0,0.0,0.0,0.0,0.0,0.0,0.0,0.0,0.0,0.0,0.0,0.0,0.0,0.0,0.0,0.0,2.0,2.0,2.0,0.0,0.0,0.0,0.0,1.0,0.0,0.0,0.0,0.0,0.0,2.0,1.0,0.0,0.0,2.0,0.0,0.0,0.0,0.0,2.0,0.0,0.0,0.0,0.0,O=C(Nc1nnn[nH]1)c1ccc(CN(c2ccc(Oc3ccc(Cl)cc3)c(Cl)c2)c2nc(-c3ccccc3)cs2)cc1
CHEMBL3656287,Inactive,24.0,9.0,2.0,0.0,1.0,0.0,1.0,3.0,34.0,12.0,2.0,0.0,2.0,0.0,2.0,6.0,2.0,0.0,0.0,0.0,0.0,0.0,0.0,34.0,11.0,6.0,0.0,2.0,0.0,2.0,2.0,1.0,32.0,15.0,8.0,0.0,2.0,0.0,2.0,2.0,0.0,37.0,17.0,6.0,0.0,1.0,0.0,1.0,0.0,2.0,1.0,0.0,1.0,0.0,42.0,14.0,5.0,0.0,1.0,0.0,1.0,0.0,0.0,1.0,0.0,1.0,0.0,1.0,0.0,0.0,0.0,39.0,11.0,5.0,0.0,3.0,0.0,3.0,1.0,1.0,0.0,0.0,0.0,26.0,9.0,4.0,0.0,2.0,0.0,2.0,0.0,0.0,0.0,0.0,0.0,24.0,8.0,4.0,0.0,3.0,0.0,3.0,3.0,2.0,0.0,0.0,1.0,0.0,0.0,17.0,13.0,5.0,0.0,3.0,0.0,3.0,2.0,0.0,0.0,0.0,1.0,0.0,0.0,0.0,0.0,2.0,1.0,0.0,0.0,0.0,1.0,0.0,0.0,5.0,1.0,0.0,1.0,0.0,0.0,0.0,2.0,2.0,0.0,1.0,0.0,0.0,1.0,0.0,0.0,13.0,2.0,9.0,1.0,0.0,4.0,2.0,1.0,0.0,1.0,9.0,0.0,0.0,0.0,1.0,3.0,0.0,0.0,0.0,0.0,2.0,4.0,0.0,0.0,1.0,3.0,0.0,0.0,0.0,0.0,0.0,0.0,0.0,3.0,1.0,1.0,1.0,1.0,1.0,0.0,6.0,4.0,5.0,8.0,3.0,0.0,3.0,5.0,0.0,0.0,0.0,0.0,0.0,0.0,5.0,3.0,2.0,2.0,2.0,0.0,0.0,0.0,0.0,0.0,1.0,3.0,2.0,0.0,0.0,2.0,0.0,0.0,0.0,0.0,2.0,0.0,0.0,0.0,0.0,CC(C)(C)CCC(c1ccc(C(=O)Nc2nnn[nH]2)cc1)N1C(=O)C(c2cccc(F)c2)=NC1(C)C
CHEMBL158330,Active,24.0,3.0,8.0,0.0,0.0,0.0,0.0,1.0,32.0,6.0,12.0,0.0,0.0,0.0,0.0,0.0,1.0,1.0,0.0,0.0,0.0,0.0,0.0,29.0,8.0,16.0,0.0,0.0,0.0,0.0,0.0,2.0,20.0,10.0,19.0,0.0,0.0,0.0,0.0,0.0,3.0,23.0,6.0,13.0,0.0,0.0,0.0,0.0,1.0,3.0,0.0,0.0,0.0,0.0,24.0,4.0,7.0,0.0,0.0,0.0,0.0,1.0,6.0,0.0,0.0,0.0,3.0,0.0,0.0,0.0,0.0,24.0,4.0,10.0,0.0,0.0,0.0,0.0,0.0,4.0,0.0,0.0,0.0,26.0,3.0,9.0,0.0,0.0,0.0,0.0,0.0,0.0,0.0,0.0,2.0,22.0,5.0,12.0,0.0,0.0,0.0,0.0,0.0,0.0,0.0,0.0,1.0,0.0,0.0,18.0,6.0,17.0,0.0,0.0,0.0,0.0,0.0,0.0,0.0,0.0,1.0,1.0,0.0,0.0,1.0,1.0,0.0,0.0,0.0,0.0,0.0,0.0,0.0,4.0,1.0,0.0,1.0,0.0,0.0,1.0,0.0,1.0,0.0,1.0,1.0,0.0,0.0,3.0,1.0,8.0,1.0,2.0,0.0,0.0,0.0,0.0,0.0,0.0,0.0,1.0,0.0,0.0,0.0,0.0,0.0,0.0,0.0,0.0,0.0,2.0,0.0,0.0,0.0,0.0,0.0,0.0,0.0,0.0,0.0,0.0,0.0,0.0,0.0,0.0,0.0,0.0,0.0,0.0,0.0,0.0,0.0,0.0,0.0,0.0,0.0,0.0,0.0,0.0,0.0,0.0,0.0,0.0,0.0,1.0,0.0,0.0,0.0,0.0,0.0,0.0,0.0,3.0,3.0,0.0,3.0,1.0,0.0,0.0,1.0,0.0,0.0,0.0,0.0,7.0,0.0,0.0,0.0,0.0,COc1cc(C=NNC(=O)c2ccc(O)c([N+](=O)[O-])c2)cc(OC)c1OCc1ccc(C(C)C)cc1
CHEMBL345713,Active,25.0,6.0,2.0,0.0,3.0,0.0,3.0,1.0,34.0,9.0,3.0,0.0,3.0,0.0,3.0,0.0,1.0,0.0,0.0,0.0,3.0,3.0,3.0,30.0,12.0,5.0,0.0,6.0,0.0,6.0,0.0,1.0,21.0,15.0,4.0,0.0,6.0,0.0,6.0,1.0,0.0,20.0,12.0,4.0,0.0,3.0,0.0,3.0,1.0,0.0,0.0,0.0,0.0,0.0,23.0,6.0,2.0,0.0,3.0,0.0,3.0,2.0,2.0,0.0,0.0,0.0,1.0,0.0,0.0,0.0,0.0,26.0,3.0,3.0,0.0,0.0,0.0,0.0,1.0,1.0,3.0,3.0,0.0,24.0,5.0,3.0,0.0,6.0,0.0,6.0,0.0,1.0,0.0,0.0,0.0,20.0,7.0,2.0,0.0,9.0,0.0,9.0,0.0,0.0,0.0,0.0,0.0,0.0,0.0,17.0,7.0,3.0,0.0,6.0,0.0,6.0,0.0,0.0,0.0,0.0,0.0,0.0,0.0,0.0,0.0,1.0,0.0,0.0,0.0,0.0,0.0,0.0,0.0,0.0,1.0,0.0,1.0,0.0,0.0,1.0,1.0,1.0,0.0,1.0,1.0,0.0,3.0,0.0,1.0,5.0,1.0,0.0,0.0,0.0,0.0,0.0,0.0,0.0,0.0,0.0,0.0,0.0,0.0,0.0,0.0,0.0,0.0,0.0,0.0,0.0,0.0,0.0,0.0,0.0,0.0,0.0,0.0,0.0,0.0,0.0,0.0,0.0,0.0,0.0,0.0,0.0,0.0,0.0,0.0,0.0,0.0,0.0,0.0,0.0,0.0,0.0,0.0,0.0,0.0,0.0,0.0,0.0,0.0,1.0,0.0,0.0,0.0,0.0,0.0,0.0,0.0,0.0,0.0,3.0,3.0,1.0,0.0,0.0,1.0,0.0,0.0,0.0,0.0,2.0,0.0,0.0,0.0,0.0,N#Cc1cc(C(=O)NN=Cc2cccc3c2ccn3Cc2ccc(C(F)(F)F)cc2)ccc1O
CHEMBL155021,Inactive,21.0,2.0,2.0,2.0,0.0,1.0,1.0,1.0,26.0,4.0,7.0,4.0,0.0,2.0,2.0,0.0,1.0,1.0,0.0,0.0,0.0,0.0,0.0,25.0,6.0,12.0,3.0,0.0,2.0,2.0,0.0,1.0,19.0,9.0,10.0,3.0,0.0,2.0,2.0,0.0,0.0,17.0,9.0,9.0,2.0,0.0,0.0,0.0,0.0,0.0,0.0,1.0,1.0,0.0,17.0,5.0,6.0,0.0,0.0,0.0,0.0,0.0,1.0,0.0,1.0,1.0,1.0,0.0,0.0,0.0,0.0,17.0,2.0,3.0,0.0,0.0,1.0,1.0,0.0,3.0,0.0,0.0,0.0,15.0,3.0,4.0,1.0,0.0,1.0,1.0,0.0,2.0,0.0,0.0,0.0,16.0,2.0,4.0,1.0,0.0,2.0,2.0,0.0,0.0,0.0,0.0,0.0,0.0,0.0,14.0,0.0,5.0,2.0,0.0,3.0,3.0,0.0,0.0,0.0,2.0,1.0,1.0,0.0,0.0,1.0,0.0,0.0,0.0,0.0,0.0,0.0,0.0,0.0,2.0,1.0,0.0,1.0,0.0,0.0,1.0,0.0,1.0,0.0,0.0,1.0,1.0,0.0,0.0,1.0,5.0,1.0,2.0,0.0,0.0,0.0,0.0,0.0,0.0,0.0,1.0,0.0,0.0,0.0,0.0,0.0,0.0,0.0,0.0,0.0,0.0,0.0,0.0,0.0,0.0,0.0,0.0,0.0,0.0,0.0,0.0,0.0,0.0,0.0,0.0,0.0,0.0,0.0,0.0,0.0,0.0,0.0,0.0,0.0,0.0,0.0,0.0,0.0,0.0,0.0,0.0,0.0,1.0,1.0,1.0,0.0,0.0,0.0,0.0,0.0,0.0,0.0,0.0,0.0,0.0,2.0,1.0,0.0,0.0,1.0,0.0,0.0,0.0,0.0,4.0,0.0,0.0,0.0,0.0,CC(C)S(=O)(=O)c1ccc(C=NNC(=O)c2ccc(O)c(Cl)c2)c2ccccc12
CHEMBL159093,Inactive,21.0,2.0,10.0,0.0,3.0,1.0,4.0,1.0,28.0,4.0,12.0,0.0,0.0,2.0,2.0,0.0,1.0,0.0,3.0,3.0,3.0,3.0,3.0,25.0,6.0,14.0,0.0,3.0,2.0,5.0,0.0,1.0,17.0,8.0,16.0,0.0,6.0,2.0,8.0,0.0,1.0,21.0,6.0,10.0,0.0,6.0,0.0,6.0,0.0,2.0,0.0,1.0,1.0,0.0,23.0,4.0,6.0,0.0,3.0,0.0,3.0,0.0,4.0,0.0,1.0,1.0,2.0,0.0,0.0,0.0,0.0,23.0,3.0,10.0,0.0,3.0,1.0,4.0,0.0,2.0,0.0,0.0,0.0,23.0,2.0,9.0,0.0,0.0,1.0,1.0,0.0,0.0,0.0,0.0,2.0,18.0,3.0,10.0,0.0,3.0,2.0,5.0,0.0,0.0,0.0,0.0,3.0,0.0,0.0,13.0,4.0,14.0,0.0,6.0,2.0,8.0,0.0,0.0,0.0,0.0,0.0,0.0,0.0,0.0,0.0,1.0,0.0,0.0,0.0,0.0,0.0,0.0,0.0,2.0,1.0,0.0,1.0,0.0,0.0,1.0,1.0,1.0,0.0,1.0,1.0,1.0,3.0,4.0,1.0,6.0,1.0,0.0,0.0,0.0,0.0,0.0,0.0,0.0,0.0,0.0,0.0,0.0,0.0,0.0,0.0,0.0,0.0,0.0,0.0,0.0,0.0,0.0,0.0,0.0,0.0,0.0,0.0,0.0,0.0,0.0,0.0,0.0,0.0,0.0,0.0,0.0,0.0,0.0,0.0,0.0,0.0,0.0,0.0,0.0,0.0,0.0,0.0,0.0,0.0,0.0,0.0,1.0,1.0,1.0,0.0,0.0,0.0,0.0,0.0,0.0,0.0,4.0,4.0,3.0,2.0,1.0,0.0,0.0,1.0,0.0,0.0,0.0,0.0,6.0,0.0,0.0,3.0,0.0,COc1cc(C=NNC(=O)c2ccc(O)c(Cl)c2)cc(OC)c1OCc1ccc(OC(F)(F)F)cc1
CHEMBL1644174,Inactive,24.0,7.0,3.0,0.0,3.0,0.0,3.0,4.0,32.0,11.0,3.0,0.0,0.0,0.0,0.0,5.0,1.0,0.0,3.0,3.0,3.0,3.0,3.0,30.0,13.0,5.0,0.0,3.0,0.0,3.0,2.0,0.0,28.0,15.0,3.0,0.0,6.0,0.0,6.0,2.0,0.0,30.0,15.0,1.0,0.0,6.0,0.0,6.0,0.0,3.0,0.0,0.0,0.0,0.0,30.0,15.0,2.0,0.0,3.0,0.0,3.0,0.0,1.0,0.0,0.0,0.0,0.0,0.0,0.0,0.0,0.0,33.0,10.0,3.0,0.0,0.0,0.0,0.0,0.0,0.0,3.0,3.0,0.0,30.0,8.0,4.0,0.0,3.0,0.0,3.0,0.0,0.0,3.0,3.0,0.0,23.0,5.0,4.0,0.0,6.0,0.0,6.0,2.0,2.0,0.0,0.0,0.0,0.0,0.0,14.0,11.0,7.0,0.0,6.0,0.0,6.0,0.0,0.0,0.0,0.0,1.0,0.0,0.0,0.0,0.0,6.0,2.0,0.0,0.0,0.0,4.0,3.0,0.0,0.0,1.0,0.0,1.0,0.0,0.0,0.0,1.0,1.0,0.0,2.0,0.0,0.0,3.0,1.0,0.0,9.0,1.0,6.0,0.0,0.0,0.0,0.0,0.0,0.0,0.0,6.0,0.0,0.0,0.0,0.0,0.0,0.0,0.0,0.0,0.0,0.0,6.0,0.0,0.0,0.0,6.0,0.0,0.0,1.0,0.0,0.0,0.0,0.0,0.0,0.0,0.0,0.0,0.0,0.0,0.0,0.0,0.0,0.0,0.0,0.0,0.0,0.0,0.0,0.0,0.0,0.0,0.0,0.0,0.0,1.0,0.0,0.0,0.0,0.0,0.0,0.0,0.0,1.0,1.0,3.0,1.0,1.0,0.0,0.0,1.0,0.0,0.0,0.0,0.0,2.0,0.0,0.0,3.0,0.0,O=C(Nc1nn[nH]n1)c1ccc(Cc2cn(-c3ccc(OC(F)(F)F)cc3)nc2C2CCCCC2)cc1
CHEMBL1644196,Inactive,28.0,5.0,5.0,0.0,3.0,1.0,4.0,1.0,36.0,10.0,5.0,0.0,0.0,2.0,2.0,0.0,1.0,1.0,3.0,3.0,3.0,3.0,3.0,35.0,12.0,7.0,0.0,3.0,2.0,5.0,0.0,0.0,31.0,14.0,4.0,0.0,6.0,1.0,7.0,2.0,0.0,35.0,11.0,5.0,0.0,6.0,1.0,7.0,0.0,0.0,0.0,0.0,0.0,0.0,38.0,7.0,4.0,0.0,3.0,2.0,5.0,0.0,1.0,0.0,0.0,0.0,2.0,0.0,0.0,0.0,0.0,40.0,3.0,6.0,0.0,3.0,1.0,4.0,1.0,2.0,0.0,1.0,0.0,38.0,3.0,7.0,0.0,3.0,1.0,4.0,1.0,1.0,3.0,4.0,0.0,30.0,5.0,9.0,0.0,6.0,2.0,8.0,0.0,0.0,3.0,3.0,0.0,0.0,0.0,25.0,5.0,9.0,0.0,6.0,3.0,9.0,0.0,0.0,0.0,0.0,1.0,1.0,0.0,0.0,0.0,3.0,0.0,0.0,0.0,0.0,1.0,0.0,1.0,1.0,1.0,0.0,1.0,0.0,0.0,1.0,1.0,2.0,0.0,3.0,0.0,1.0,3.0,1.0,1.0,8.0,2.0,3.0,0.0,0.0,0.0,0.0,0.0,0.0,1.0,1.0,0.0,0.0,0.0,0.0,0.0,0.0,0.0,0.0,1.0,1.0,0.0,0.0,0.0,0.0,0.0,0.0,0.0,0.0,0.0,0.0,0.0,0.0,0.0,0.0,0.0,1.0,0.0,1.0,1.0,1.0,0.0,0.0,1.0,0.0,0.0,1.0,0.0,0.0,0.0,0.0,1.0,1.0,1.0,2.0,1.0,0.0,0.0,1.0,0.0,0.0,0.0,2.0,1.0,3.0,1.0,1.0,0.0,0.0,1.0,1.0,1.0,0.0,0.0,4.0,0.0,0.0,3.0,0.0,CC(c1ccc(Cl)cc1)c1cc(-c2ccc(OC(F)(F)F)cc2)n(Cc2ccc(C(=O)NCCC(=O)O)cc2)n1
CHEMBL1643957,Inactive,24.0,7.0,3.0,0.0,3.0,0.0,3.0,4.0,31.0,12.0,3.0,0.0,0.0,0.0,0.0,5.0,1.0,0.0,3.0,3.0,3.0,3.0,3.0,30.0,13.0,5.0,0.0,3.0,0.0,3.0,2.0,0.0,27.0,16.0,3.0,0.0,6.0,0.0,6.0,2.0,0.0,30.0,15.0,2.0,0.0,6.0,0.0,6.0,0.0,2.0,0.0,0.0,0.0,0.0,32.0,13.0,2.0,0.0,3.0,0.0,3.0,0.0,1.0,0.0,0.0,0.0,0.0,0.0,0.0,0.0,0.0,33.0,10.0,2.0,0.0,3.0,0.0,3.0,0.0,1.0,0.0,0.0,0.0,30.0,7.0,3.0,0.0,3.0,0.0,3.0,1.0,1.0,3.0,3.0,0.0,22.0,7.0,5.0,0.0,3.0,0.0,3.0,1.0,1.0,3.0,3.0,0.0,0.0,0.0,15.0,8.0,7.0,0.0,6.0,0.0,6.0,2.0,0.0,0.0,0.0,1.0,0.0,0.0,0.0,0.0,6.0,2.0,0.0,0.0,0.0,4.0,3.0,0.0,0.0,1.0,0.0,1.0,0.0,0.0,0.0,1.0,1.0,0.0,2.0,0.0,0.0,3.0,1.0,0.0,9.0,1.0,6.0,0.0,0.0,0.0,0.0,0.0,0.0,0.0,6.0,0.0,0.0,0.0,0.0,0.0,0.0,0.0,0.0,0.0,0.0,6.0,0.0,0.0,0.0,6.0,0.0,0.0,1.0,0.0,0.0,0.0,0.0,0.0,0.0,0.0,0.0,0.0,0.0,0.0,0.0,0.0,0.0,0.0,0.0,0.0,0.0,0.0,0.0,0.0,0.0,0.0,0.0,0.0,1.0,0.0,0.0,0.0,0.0,0.0,0.0,0.0,1.0,1.0,3.0,1.0,1.0,0.0,0.0,1.0,0.0,0.0,0.0,0.0,2.0,0.0,0.0,3.0,0.0,O=C(Nc1nn[nH]n1)c1ccc(Cc2cc(-c3ccc(OC(F)(F)F)cc3)nn2C2CCCCC2)cc1
CHEMBL1644172,Inactive,24.0,7.0,3.0,0.0,3.0,0.0,3.0,4.0,31.0,12.0,3.0,0.0,0.0,0.0,0.0,5.0,1.0,0.0,3.0,3.0,3.0,3.0,3.0,30.0,13.0,5.0,0.0,3.0,0.0,3.0,2.0,0.0,28.0,16.0,3.0,0.0,6.0,0.0,6.0,2.0,0.0,31.0,15.0,2.0,0.0,6.0,0.0,6.0,0.0,2.0,0.0,0.0,0.0,0.0,31.0,13.0,2.0,0.0,3.0,0.0,3.0,0.0,1.0,0.0,0.0,0.0,0.0,0.0,0.0,0.0,0.0,30.0,10.0,3.0,0.0,3.0,0.0,3.0,0.0,1.0,0.0,0.0,0.0,28.0,7.0,4.0,0.0,3.0,0.0,3.0,1.0,1.0,3.0,3.0,0.0,23.0,6.0,4.0,0.0,6.0,0.0,6.0,1.0,1.0,3.0,3.0,0.0,0.0,0.0,16.0,7.0,5.0,0.0,9.0,0.0,9.0,2.0,0.0,0.0,0.0,1.0,0.0,0.0,0.0,0.0,6.0,2.0,0.0,0.0,0.0,4.0,3.0,0.0,0.0,1.0,0.0,1.0,0.0,0.0,0.0,1.0,1.0,0.0,2.0,0.0,0.0,3.0,1.0,0.0,9.0,1.0,6.0,0.0,0.0,0.0,0.0,0.0,0.0,0.0,6.0,0.0,0.0,0.0,0.0,0.0,0.0,0.0,0.0,0.0,0.0,6.0,0.0,0.0,0.0,6.0,0.0,0.0,1.0,0.0,0.0,0.0,0.0,0.0,0.0,0.0,0.0,0.0,0.0,0.0,0.0,0.0,0.0,0.0,0.0,0.0,0.0,0.0,0.0,0.0,0.0,0.0,0.0,0.0,1.0,0.0,0.0,0.0,0.0,0.0,0.0,0.0,1.0,1.0,3.0,1.0,1.0,0.0,0.0,1.0,0.0,0.0,0.0,0.0,2.0,0.0,0.0,3.0,0.0,O=C(Nc1nn[nH]n1)c1ccc(Cc2cc(-c3ccc(OC(F)(F)F)cc3)n(C3CCCCC3)n2)cc1
CHEMBL1644173,Inactive,26.0,5.0,5.0,0.0,3.0,0.0,3.0,1.0,33.0,10.0,5.0,0.0,0.0,0.0,0.0,0.0,1.0,1.0,3.0,3.0,3.0,3.0,3.0,31.0,12.0,7.0,0.0,3.0,0.0,3.0,0.0,0.0,30.0,11.0,4.0,0.0,6.0,0.0,6.0,2.0,0.0,33.0,9.0,4.0,0.0,6.0,0.0,6.0,0.0,1.0,0.0,0.0,0.0,0.0,34.0,7.0,4.0,0.0,3.0,0.0,3.0,0.0,1.0,0.0,0.0,0.0,2.0,0.0,0.0,0.0,0.0,36.0,4.0,7.0,0.0,0.0,0.0,0.0,0.0,0.0,3.0,3.0,0.0,32.0,4.0,8.0,0.0,3.0,0.0,3.0,0.0,0.0,3.0,3.0,0.0,25.0,1.0,6.0,0.0,6.0,0.0,6.0,2.0,2.0,0.0,0.0,0.0,0.0,0.0,17.0,5.0,9.0,0.0,6.0,0.0,6.0,0.0,0.0,0.0,0.0,1.0,0.0,0.0,0.0,0.0,8.0,2.0,0.0,0.0,0.0,5.0,3.0,1.0,0.0,1.0,0.0,1.0,0.0,0.0,1.0,1.0,2.0,0.0,2.0,0.0,0.0,3.0,1.0,1.0,12.0,2.0,8.0,0.0,0.0,0.0,0.0,0.0,0.0,1.0,7.0,0.0,0.0,0.0,0.0,0.0,0.0,0.0,0.0,1.0,0.0,6.0,0.0,0.0,0.0,6.0,0.0,0.0,1.0,0.0,0.0,0.0,0.0,0.0,0.0,0.0,1.0,0.0,1.0,1.0,1.0,0.0,0.0,1.0,0.0,0.0,1.0,0.0,0.0,0.0,0.0,1.0,0.0,0.0,2.0,1.0,0.0,0.0,1.0,0.0,0.0,0.0,2.0,1.0,3.0,1.0,1.0,0.0,0.0,1.0,1.0,1.0,0.0,0.0,4.0,0.0,0.0,3.0,0.0,O=C(O)CCNC(=O)c1ccc(Cc2cn(-c3ccc(OC(F)(F)F)cc3)nc2C2CCCCC2)cc1
CHEMBL1644197,Inactive,26.0,7.0,3.0,0.0,3.0,1.0,4.0,4.0,35.0,11.0,3.0,0.0,0.0,2.0,2.0,5.0,1.0,0.0,3.0,3.0,3.0,3.0,3.0,34.0,13.0,5.0,0.0,3.0,2.0,5.0,2.0,0.0,29.0,18.0,3.0,0.0,6.0,1.0,7.0,2.0,0.0,32.0,17.0,2.0,0.0,6.0,1.0,7.0,0.0,2.0,0.0,0.0,0.0,0.0,34.0,15.0,2.0,0.0,3.0,2.0,5.0,0.0,1.0,0.0,0.0,0.0,0.0,0.0,0.0,0.0,0.0,37.0,9.0,2.0,0.0,3.0,1.0,4.0,1.0,2.0,0.0,1.0,0.0,36.0,7.0,3.0,0.0,3.0,1.0,4.0,1.0,1.0,3.0,4.0,0.0,29.0,6.0,7.0,0.0,6.0,2.0,8.0,2.0,0.0,3.0,3.0,0.0,0.0,0.0,24.0,5.0,7.0,0.0,6.0,3.0,9.0,4.0,0.0,0.0,0.0,1.0,1.0,0.0,0.0,0.0,1.0,0.0,0.0,0.0,0.0,0.0,0.0,0.0,1.0,1.0,0.0,1.0,0.0,0.0,0.0,1.0,1.0,0.0,3.0,0.0,1.0,3.0,1.0,0.0,5.0,1.0,1.0,0.0,0.0,0.0,0.0,0.0,0.0,0.0,0.0,0.0,0.0,0.0,0.0,0.0,0.0,0.0,0.0,0.0,1.0,0.0,0.0,0.0,0.0,0.0,0.0,0.0,0.0,0.0,0.0,0.0,0.0,0.0,0.0,0.0,0.0,0.0,0.0,0.0,0.0,0.0,0.0,0.0,0.0,0.0,0.0,0.0,0.0,0.0,0.0,0.0,1.0,1.0,1.0,0.0,0.0,0.0,0.0,0.0,0.0,0.0,1.0,1.0,3.0,1.0,1.0,0.0,0.0,1.0,0.0,0.0,0.0,0.0,2.0,0.0,0.0,3.0,0.0,CC(c1ccc(Cl)cc1)c1cc(-c2ccc(OC(F)(F)F)cc2)n(Cc2ccc(C(=O)Nc3nn[nH]n3)cc2)n1
CHEMBL1644202,Inactive,25.0,5.0,7.0,0.0,6.0,0.0,6.0,1.0,33.0,10.0,7.0,0.0,0.0,0.0,0.0,0.0,1.0,1.0,6.0,6.0,6.0,6.0,6.0,33.0,11.0,7.0,0.0,6.0,0.0,6.0,0.0,2.0,29.0,14.0,7.0,0.0,12.0,0.0,12.0,0.0,0.0,31.0,12.0,6.0,0.0,12.0,0.0,12.0,0.0,0.0,0.0,0.0,0.0,2.0,37.0,4.0,6.0,0.0,6.0,0.0,6.0,1.0,3.0,0.0,0.0,0.0,0.0,0.0,0.0,0.0,0.0,38.0,4.0,8.0,0.0,6.0,0.0,6.0,1.0,3.0,0.0,0.0,0.0,33.0,7.0,11.0,0.0,6.0,0.0,6.0,0.0,0.0,6.0,6.0,0.0,28.0,4.0,10.0,0.0,9.0,0.0,9.0,0.0,2.0,6.0,6.0,0.0,0.0,0.0,22.0,4.0,14.0,0.0,12.0,0.0,12.0,0.0,2.0,0.0,0.0,0.0,0.0,0.0,0.0,0.0,2.0,0.0,0.0,0.0,0.0,0.0,0.0,1.0,0.0,1.0,0.0,1.0,0.0,0.0,1.0,2.0,2.0,0.0,2.0,0.0,0.0,6.0,2.0,1.0,6.0,2.0,1.0,0.0,0.0,0.0,0.0,0.0,0.0,1.0,0.0,0.0,0.0,0.0,0.0,0.0,0.0,0.0,0.0,0.0,0.0,0.0,0.0,0.0,0.0,0.0,0.0,0.0,0.0,0.0,0.0,0.0,0.0,0.0,0.0,0.0,0.0,0.0,0.0,0.0,1.0,0.0,0.0,1.0,0.0,0.0,1.0,0.0,0.0,0.0,0.0,1.0,0.0,0.0,2.0,1.0,0.0,0.0,1.0,0.0,0.0,1.0,3.0,2.0,6.0,1.0,1.0,0.0,1.0,1.0,0.0,0.0,0.0,1.0,5.0,0.0,1.0,6.0,1.0,O=C(O)CNC(=O)c1cccc(Cn2nc(-c3ccc(OC(F)(F)F)cc3)cc2-c2ccc(OC(F)(F)F)cc2)c1
CHEMBL178768,Inactive,23.0,6.0,1.0,2.0,0.0,2.0,2.0,0.0,30.0,8.0,1.0,3.0,0.0,4.0,4.0,0.0,1.0,0.0,0.0,0.0,0.0,0.0,0.0,30.0,11.0,3.0,4.0,0.0,5.0,5.0,0.0,0.0,29.0,9.0,3.0,2.0,0.0,2.0,2.0,0.0,0.0,30.0,8.0,3.0,4.0,0.0,3.0,3.0,0.0,0.0,0.0,0.0,0.0,0.0,33.0,3.0,2.0,5.0,0.0,4.0,4.0,1.0,1.0,0.0,1.0,1.0,0.0,0.0,0.0,0.0,0.0,30.0,5.0,2.0,2.0,0.0,4.0,4.0,1.0,0.0,0.0,0.0,0.0,21.0,8.0,0.0,2.0,0.0,5.0,5.0,0.0,1.0,0.0,0.0,0.0,16.0,7.0,2.0,1.0,0.0,4.0,4.0,0.0,0.0,0.0,0.0,0.0,0.0,0.0,13.0,6.0,3.0,0.0,0.0,2.0,2.0,0.0,0.0,1.0,0.0,3.0,1.0,0.0,1.0,1.0,6.0,4.0,2.0,2.0,0.0,1.0,0.0,0.0,4.0,1.0,0.0,1.0,1.0,0.0,0.0,0.0,1.0,0.0,0.0,1.0,2.0,0.0,0.0,0.0,15.0,1.0,10.0,1.0,0.0,1.0,2.0,0.0,0.0,1.0,8.0,2.0,0.0,0.0,0.0,2.0,1.0,1.0,0.0,2.0,0.0,5.0,2.0,2.0,0.0,1.0,0.0,0.0,0.0,0.0,0.0,0.0,0.0,0.0,2.0,0.0,3.0,1.0,0.0,0.0,5.0,4.0,4.0,8.0,0.0,0.0,0.0,4.0,0.0,0.0,0.0,0.0,2.0,2.0,4.0,3.0,0.0,4.0,0.0,0.0,0.0,0.0,0.0,0.0,0.0,3.0,1.0,0.0,0.0,1.0,0.0,0.0,0.0,0.0,1.0,0.0,0.0,0.0,0.0,CCC(CC)C(=O)Nc1sc2c(c1C#N)CCC(N(Cc1ccc(Cl)cc1Cl)C(C)C)C2
CHEMBL107526,Inactive,19.0,2.0,3.0,0.0,0.0,0.0,0.0,1.0,24.0,4.0,5.0,0.0,0.0,0.0,0.0,0.0,1.0,0.0,0.0,0.0,0.0,0.0,0.0,21.0,6.0,7.0,0.0,0.0,0.0,0.0,0.0,1.0,12.0,9.0,7.0,0.0,0.0,0.0,0.0,0.0,0.0,8.0,9.0,5.0,0.0,0.0,0.0,0.0,0.0,0.0,0.0,0.0,0.0,0.0,9.0,5.0,2.0,0.0,0.0,0.0,0.0,0.0,2.0,0.0,0.0,0.0,1.0,0.0,0.0,0.0,0.0,13.0,1.0,3.0,0.0,0.0,0.0,0.0,0.0,2.0,0.0,0.0,0.0,15.0,0.0,5.0,0.0,0.0,0.0,0.0,0.0,0.0,0.0,0.0,0.0,15.0,0.0,3.0,0.0,0.0,0.0,0.0,0.0,0.0,0.0,0.0,1.0,0.0,0.0,11.0,0.0,4.0,0.0,0.0,0.0,0.0,0.0,0.0,0.0,0.0,0.0,0.0,0.0,0.0,0.0,0.0,0.0,0.0,0.0,0.0,0.0,0.0,0.0,0.0,1.0,0.0,1.0,0.0,0.0,2.0,0.0,1.0,0.0,1.0,0.0,0.0,0.0,0.0,2.0,2.0,1.0,0.0,0.0,0.0,0.0,0.0,0.0,0.0,0.0,0.0,0.0,0.0,0.0,0.0,0.0,0.0,0.0,0.0,0.0,0.0,0.0,0.0,0.0,0.0,0.0,0.0,0.0,0.0,0.0,0.0,0.0,0.0,0.0,0.0,0.0,0.0,0.0,0.0,0.0,0.0,0.0,0.0,0.0,0.0,0.0,0.0,0.0,0.0,0.0,0.0,0.0,0.0,0.0,1.0,0.0,0.0,0.0,0.0,0.0,0.0,0.0,0.0,0.0,0.0,2.0,1.0,0.0,0.0,1.0,0.0,0.0,0.0,0.0,3.0,0.0,0.0,0.0,0.0,O=C(NN=Cc1ccc(O)c2ccccc12)c1ccc(O)cc1
CHEMBL472154,Active,24.0,12.0,1.0,0.0,1.0,0.0,1.0,3.0,38.0,10.0,1.0,0.0,2.0,0.0,2.0,8.0,1.0,0.0,0.0,0.0,0.0,0.0,0.0,32.0,20.0,3.0,0.0,2.0,0.0,2.0,2.0,0.0,31.0,19.0,2.0,0.0,1.0,0.0,1.0,2.0,0.0,32.0,19.0,1.0,0.0,1.0,0.0,1.0,0.0,2.0,1.0,0.0,1.0,0.0,36.0,19.0,1.0,0.0,1.0,0.0,1.0,0.0,0.0,1.0,0.0,1.0,0.0,0.0,0.0,0.0,0.0,41.0,10.0,0.0,0.0,2.0,0.0,2.0,1.0,1.0,0.0,0.0,0.0,31.0,15.0,2.0,0.0,3.0,0.0,3.0,0.0,0.0,0.0,0.0,0.0,35.0,4.0,2.0,0.0,4.0,0.0,4.0,4.0,2.0,0.0,0.0,0.0,0.0,0.0,22.0,11.0,5.0,0.0,3.0,0.0,3.0,2.0,0.0,0.0,0.0,2.0,0.0,0.0,0.0,0.0,5.0,4.0,0.0,0.0,0.0,2.0,0.0,0.0,4.0,1.0,0.0,1.0,0.0,0.0,0.0,1.0,1.0,0.0,1.0,1.0,0.0,1.0,0.0,0.0,13.0,1.0,10.0,0.0,0.0,5.0,1.0,0.0,0.0,0.0,14.0,0.0,0.0,0.0,2.0,11.0,7.0,2.0,0.0,0.0,0.0,14.0,0.0,0.0,0.0,14.0,0.0,0.0,9.0,0.0,7.0,3.0,0.0,4.0,2.0,0.0,2.0,0.0,0.0,0.0,2.0,0.0,0.0,2.0,0.0,0.0,0.0,0.0,0.0,0.0,0.0,0.0,0.0,0.0,3.0,1.0,0.0,1.0,0.0,0.0,0.0,0.0,0.0,0.0,1.0,2.0,1.0,0.0,0.0,2.0,0.0,0.0,0.0,0.0,1.0,0.0,0.0,0.0,0.0,Cn1c(N(Cc2ccc(C(=O)Nc3nnn[nH]3)cc2)C2CCC(C(C)(C)C)CC2)nc2cc(F)ccc21
CHEMBL493233,Inactive,32.0,7.0,3.0,2.0,0.0,0.0,0.0,0.0,48.0,7.0,3.0,1.0,0.0,0.0,0.0,1.0,1.0,1.0,0.0,0.0,0.0,0.0,0.0,42.0,13.0,5.0,3.0,0.0,0.0,0.0,0.0,0.0,39.0,11.0,3.0,5.0,0.0,0.0,0.0,2.0,0.0,36.0,10.0,4.0,6.0,0.0,0.0,0.0,0.0,0.0,0.0,0.0,0.0,0.0,38.0,11.0,3.0,4.0,0.0,0.0,0.0,0.0,0.0,0.0,0.0,0.0,2.0,0.0,0.0,0.0,0.0,45.0,6.0,4.0,3.0,0.0,0.0,0.0,1.0,1.0,0.0,0.0,0.0,39.0,8.0,6.0,7.0,0.0,0.0,0.0,0.0,0.0,0.0,0.0,0.0,43.0,6.0,4.0,0.0,0.0,0.0,0.0,1.0,1.0,0.0,0.0,0.0,0.0,0.0,39.0,6.0,6.0,1.0,0.0,0.0,0.0,0.0,0.0,0.0,0.0,0.0,0.0,0.0,0.0,0.0,3.0,0.0,0.0,0.0,0.0,1.0,0.0,1.0,6.0,1.0,0.0,1.0,0.0,0.0,1.0,2.0,2.0,0.0,3.0,0.0,0.0,0.0,0.0,1.0,13.0,2.0,8.0,0.0,0.0,2.0,0.0,0.0,0.0,1.0,7.0,0.0,0.0,0.0,0.0,0.0,0.0,0.0,0.0,1.0,6.0,0.0,0.0,0.0,0.0,0.0,0.0,0.0,0.0,0.0,0.0,0.0,0.0,0.0,0.0,0.0,1.0,0.0,1.0,1.0,1.0,0.0,0.0,1.0,0.0,0.0,1.0,0.0,0.0,0.0,0.0,1.0,0.0,0.0,3.0,1.0,0.0,0.0,1.0,1.0,0.0,0.0,1.0,0.0,0.0,2.0,1.0,0.0,0.0,2.0,1.0,1.0,0.0,0.0,3.0,0.0,0.0,0.0,0.0,CC(C)(C)c1ccc(-c2csc(N(Cc3ccc(C(=O)NCCC(=O)O)cc3)c3ccc(C(C)(C)C)cc3)n2)cc1
CHEMBL107258,Inactive,16.0,4.0,4.0,0.0,0.0,0.0,0.0,1.0,21.0,7.0,5.0,0.0,0.0,0.0,0.0,0.0,1.0,0.0,0.0,0.0,0.0,0.0,0.0,17.0,9.0,6.0,0.0,0.0,0.0,0.0,0.0,1.0,10.0,9.0,7.0,0.0,0.0,0.0,0.0,0.0,0.0,8.0,7.0,3.0,0.0,0.0,0.0,0.0,1.0,1.0,0.0,0.0,0.0,1.0,8.0,6.0,3.0,0.0,0.0,0.0,0.0,0.0,2.0,0.0,0.0,0.0,1.0,0.0,0.0,0.0,0.0,11.0,3.0,3.0,0.0,0.0,0.0,0.0,0.0,2.0,0.0,0.0,0.0,13.0,2.0,4.0,0.0,0.0,0.0,0.0,0.0,0.0,0.0,0.0,0.0,12.0,2.0,4.0,0.0,0.0,0.0,0.0,0.0,0.0,0.0,0.0,0.0,0.0,0.0,10.0,1.0,4.0,0.0,0.0,0.0,0.0,0.0,1.0,0.0,0.0,0.0,0.0,0.0,0.0,0.0,0.0,0.0,0.0,0.0,0.0,0.0,0.0,0.0,1.0,1.0,0.0,1.0,0.0,0.0,1.0,0.0,1.0,0.0,0.0,1.0,0.0,0.0,1.0,1.0,3.0,1.0,0.0,0.0,0.0,0.0,0.0,0.0,0.0,0.0,0.0,0.0,0.0,0.0,0.0,0.0,0.0,0.0,0.0,0.0,0.0,0.0,0.0,0.0,0.0,0.0,0.0,0.0,0.0,0.0,0.0,0.0,0.0,0.0,0.0,0.0,0.0,0.0,0.0,0.0,0.0,0.0,0.0,0.0,0.0,0.0,0.0,0.0,0.0,0.0,0.0,0.0,0.0,0.0,1.0,0.0,0.0,0.0,0.0,0.0,0.0,0.0,1.0,1.0,0.0,2.0,1.0,0.0,0.0,1.0,0.0,0.0,0.0,0.0,3.0,0.0,0.0,0.0,0.0,COc1cc(C(=O)NN=Cc2c[nH]c3ccccc23)ccc1O
CHEMBL1643955,Inactive,24.0,7.0,3.0,0.0,3.0,0.0,3.0,4.0,32.0,11.0,3.0,0.0,0.0,0.0,0.0,5.0,1.0,0.0,3.0,3.0,3.0,3.0,3.0,30.0,13.0,5.0,0.0,3.0,0.0,3.0,2.0,0.0,25.0,18.0,3.0,0.0,6.0,0.0,6.0,2.0,0.0,29.0,16.0,2.0,0.0,6.0,0.0,6.0,0.0,2.0,0.0,0.0,0.0,0.0,32.0,13.0,2.0,0.0,3.0,0.0,3.0,0.0,1.0,0.0,0.0,0.0,0.0,0.0,0.0,0.0,0.0,34.0,8.0,1.0,0.0,3.0,0.0,3.0,1.0,2.0,0.0,0.0,0.0,30.0,7.0,3.0,0.0,3.0,0.0,3.0,1.0,1.0,3.0,3.0,0.0,22.0,6.0,6.0,0.0,3.0,0.0,3.0,2.0,0.0,3.0,3.0,0.0,0.0,0.0,16.0,5.0,7.0,0.0,6.0,0.0,6.0,4.0,0.0,0.0,0.0,1.0,0.0,0.0,0.0,0.0,6.0,2.0,0.0,0.0,0.0,4.0,3.0,0.0,0.0,1.0,0.0,1.0,0.0,0.0,0.0,1.0,1.0,0.0,2.0,0.0,0.0,3.0,1.0,0.0,9.0,1.0,6.0,0.0,0.0,0.0,0.0,0.0,0.0,0.0,6.0,0.0,0.0,0.0,0.0,0.0,0.0,0.0,0.0,0.0,0.0,6.0,0.0,0.0,0.0,6.0,0.0,0.0,1.0,0.0,0.0,0.0,0.0,0.0,0.0,0.0,0.0,0.0,0.0,0.0,0.0,0.0,0.0,0.0,0.0,0.0,0.0,0.0,0.0,0.0,0.0,0.0,0.0,0.0,1.0,0.0,0.0,0.0,0.0,0.0,0.0,0.0,1.0,1.0,3.0,1.0,1.0,0.0,0.0,1.0,0.0,0.0,0.0,0.0,2.0,0.0,0.0,3.0,0.0,O=C(Nc1nn[nH]n1)c1ccc(Cn2nc(-c3ccc(OC(F)(F)F)cc3)cc2C2CCCCC2)cc1
CHEMBL1644200,Inactive,26.0,5.0,7.0,0.0,6.0,0.0,6.0,1.0,34.0,10.0,7.0,0.0,0.0,0.0,0.0,0.0,1.0,1.0,6.0,6.0,6.0,6.0,6.0,33.0,12.0,9.0,0.0,6.0,0.0,6.0,0.0,0.0,30.0,14.0,5.0,0.0,12.0,0.0,12.0,2.0,0.0,32.0,12.0,7.0,0.0,12.0,0.0,12.0,0.0,0.0,0.0,0.0,0.0,0.0,39.0,4.0,4.0,0.0,6.0,0.0,6.0,1.0,3.0,0.0,0.0,0.0,2.0,0.0,0.0,0.0,0.0,40.0,4.0,8.0,0.0,6.0,0.0,6.0,1.0,3.0,0.0,0.0,0.0,35.0,7.0,11.0,0.0,6.0,0.0,6.0,0.0,0.0,6.0,6.0,0.0,28.0,5.0,14.0,0.0,9.0,0.0,9.0,0.0,0.0,6.0,6.0,0.0,0.0,0.0,23.0,5.0,12.0,0.0,12.0,0.0,12.0,0.0,2.0,0.0,0.0,0.0,0.0,0.0,0.0,0.0,3.0,0.0,0.0,0.0,0.0,1.0,0.0,1.0,0.0,1.0,0.0,1.0,0.0,0.0,1.0,2.0,2.0,0.0,2.0,0.0,0.0,6.0,2.0,1.0,7.0,2.0,2.0,0.0,0.0,0.0,0.0,0.0,0.0,1.0,1.0,0.0,0.0,0.0,0.0,0.0,0.0,0.0,0.0,1.0,0.0,0.0,0.0,0.0,0.0,0.0,0.0,0.0,0.0,0.0,0.0,0.0,0.0,0.0,0.0,0.0,1.0,0.0,1.0,1.0,1.0,0.0,0.0,1.0,0.0,0.0,1.0,0.0,0.0,0.0,0.0,1.0,0.0,0.0,2.0,1.0,0.0,0.0,1.0,0.0,0.0,0.0,3.0,2.0,6.0,1.0,1.0,0.0,0.0,1.0,1.0,1.0,0.0,0.0,5.0,0.0,0.0,6.0,0.0,O=C(O)CCNC(=O)c1cccc(Cn2nc(-c3ccc(OC(F)(F)F)cc3)cc2-c2ccc(OC(F)(F)F)cc2)c1
CHEMBL1922698,Active,22.0,12.0,3.0,0.0,3.0,2.0,5.0,3.0,32.0,11.0,3.0,0.0,0.0,4.0,4.0,8.0,1.0,0.0,3.0,3.0,3.0,3.0,3.0,28.0,21.0,5.0,0.0,3.0,4.0,7.0,2.0,0.0,29.0,21.0,3.0,0.0,6.0,2.0,8.0,2.0,0.0,35.0,20.0,1.0,0.0,6.0,4.0,10.0,0.0,3.0,0.0,2.0,2.0,0.0,40.0,17.0,2.0,0.0,3.0,4.0,7.0,0.0,0.0,0.0,2.0,2.0,0.0,0.0,0.0,0.0,0.0,42.0,8.0,0.0,0.0,0.0,7.0,7.0,1.0,3.0,3.0,3.0,0.0,30.0,11.0,6.0,0.0,3.0,9.0,12.0,0.0,0.0,0.0,0.0,0.0,25.0,4.0,6.0,0.0,0.0,7.0,7.0,4.0,2.0,6.0,6.0,0.0,0.0,0.0,15.0,10.0,9.0,0.0,12.0,4.0,16.0,2.0,0.0,0.0,0.0,0.0,0.0,0.0,0.0,0.0,3.0,0.0,0.0,0.0,0.0,1.0,0.0,0.0,1.0,1.0,0.0,1.0,0.0,0.0,0.0,1.0,1.0,0.0,2.0,0.0,2.0,3.0,1.0,0.0,7.0,1.0,2.0,0.0,0.0,0.0,0.0,0.0,0.0,0.0,1.0,0.0,0.0,0.0,0.0,0.0,0.0,0.0,0.0,0.0,0.0,0.0,0.0,0.0,0.0,0.0,0.0,0.0,0.0,0.0,0.0,0.0,0.0,0.0,0.0,0.0,1.0,0.0,0.0,0.0,1.0,0.0,0.0,1.0,0.0,0.0,0.0,0.0,0.0,0.0,0.0,0.0,2.0,2.0,4.0,1.0,0.0,0.0,0.0,3.0,0.0,0.0,1.0,1.0,3.0,4.0,1.0,0.0,0.0,2.0,0.0,0.0,0.0,0.0,2.0,0.0,0.0,3.0,0.0,CCCn1c(=Nc2ccc(OC(F)(F)F)cc2)n(Cc2ccc(C(=O)Nc3nnn[nH]3)cc2)c2cc(Cl)c(Cl)cc21
CHEMBL1922713,Active,20.0,12.0,5.0,0.0,3.0,1.0,4.0,3.0,32.0,10.0,5.0,0.0,0.0,2.0,2.0,8.0,1.0,0.0,3.0,3.0,3.0,3.0,3.0,28.0,20.0,7.0,0.0,3.0,2.0,5.0,2.0,1.0,27.0,20.0,6.0,0.0,6.0,1.0,7.0,3.0,0.0,32.0,19.0,2.0,0.0,6.0,3.0,9.0,0.0,4.0,0.0,1.0,1.0,0.0,33.0,18.0,4.0,0.0,3.0,2.0,5.0,0.0,0.0,0.0,1.0,1.0,0.0,0.0,0.0,0.0,0.0,36.0,8.0,4.0,0.0,0.0,3.0,3.0,1.0,3.0,3.0,3.0,0.0,27.0,11.0,10.0,0.0,3.0,4.0,7.0,0.0,0.0,0.0,0.0,0.0,25.0,4.0,7.0,0.0,0.0,3.0,3.0,4.0,2.0,6.0,6.0,0.0,0.0,0.0,14.0,10.0,9.0,0.0,12.0,2.0,14.0,2.0,0.0,0.0,1.0,0.0,0.0,0.0,0.0,0.0,1.0,0.0,0.0,0.0,0.0,0.0,0.0,0.0,2.0,1.0,0.0,1.0,0.0,0.0,0.0,1.0,1.0,0.0,2.0,0.0,1.0,3.0,2.0,0.0,6.0,1.0,0.0,0.0,0.0,0.0,0.0,0.0,0.0,0.0,0.0,0.0,0.0,0.0,0.0,0.0,0.0,0.0,0.0,0.0,0.0,0.0,0.0,0.0,0.0,0.0,0.0,0.0,0.0,0.0,0.0,0.0,0.0,0.0,0.0,0.0,0.0,0.0,0.0,0.0,0.0,0.0,0.0,0.0,0.0,0.0,0.0,0.0,0.0,0.0,0.0,0.0,1.0,1.0,4.0,1.0,0.0,0.0,0.0,3.0,0.0,0.0,2.0,2.0,3.0,4.0,1.0,0.0,0.0,2.0,0.0,0.0,0.0,0.0,3.0,0.0,0.0,3.0,0.0,COc1cc(Cl)cc2c1n(C)c(=Nc1ccc(OC(F)(F)F)cc1)n2Cc1ccc(C(=O)Nc2nnn[nH]2)cc1
CHEMBL2159350,Active,32.0,5.0,7.0,0.0,0.0,1.0,1.0,1.0,43.0,11.0,7.0,0.0,0.0,2.0,2.0,0.0,1.0,1.0,0.0,0.0,0.0,0.0,0.0,45.0,13.0,9.0,0.0,0.0,2.0,2.0,0.0,0.0,41.0,14.0,7.0,0.0,0.0,2.0,2.0,2.0,0.0,44.0,11.0,7.0,0.0,0.0,2.0,2.0,0.0,1.0,0.0,1.0,1.0,0.0,48.0,9.0,5.0,0.0,0.0,1.0,1.0,0.0,1.0,0.0,1.0,1.0,2.0,0.0,0.0,0.0,0.0,49.0,6.0,8.0,0.0,0.0,2.0,2.0,1.0,1.0,0.0,0.0,0.0,48.0,3.0,10.0,0.0,0.0,4.0,4.0,1.0,2.0,0.0,0.0,0.0,42.0,6.0,11.0,0.0,0.0,4.0,4.0,0.0,1.0,0.0,0.0,0.0,0.0,0.0,35.0,6.0,12.0,0.0,0.0,4.0,4.0,0.0,0.0,0.0,0.0,1.0,1.0,0.0,0.0,0.0,2.0,0.0,0.0,0.0,0.0,1.0,0.0,1.0,3.0,1.0,0.0,1.0,0.0,0.0,1.0,0.0,2.0,0.0,1.0,2.0,1.0,0.0,2.0,1.0,8.0,2.0,3.0,0.0,0.0,0.0,0.0,0.0,0.0,1.0,1.0,0.0,0.0,0.0,0.0,0.0,0.0,0.0,0.0,1.0,1.0,0.0,0.0,0.0,0.0,0.0,0.0,0.0,0.0,0.0,0.0,0.0,0.0,0.0,0.0,0.0,1.0,0.0,1.0,1.0,1.0,0.0,0.0,1.0,0.0,0.0,1.0,0.0,0.0,0.0,0.0,1.0,1.0,1.0,2.0,1.0,0.0,0.0,1.0,0.0,0.0,0.0,3.0,2.0,0.0,1.0,1.0,0.0,0.0,1.0,1.0,1.0,0.0,0.0,5.0,0.0,0.0,0.0,0.0,COc1cc(Cl)cc(-c2cc(-c3ccc4cc(OC)ccc4c3)n(C(C)c3ccc(C(=O)NCCC(=O)O)cc3)n2)c1
CHEMBL444126,Active,32.0,7.0,3.0,2.0,3.0,0.0,3.0,0.0,44.0,7.0,3.0,1.0,3.0,0.0,3.0,1.0,1.0,1.0,0.0,0.0,3.0,3.0,3.0,39.0,13.0,5.0,3.0,6.0,0.0,6.0,0.0,0.0,36.0,11.0,3.0,5.0,6.0,0.0,6.0,2.0,0.0,38.0,10.0,4.0,6.0,3.0,0.0,3.0,0.0,0.0,0.0,0.0,0.0,0.0,39.0,10.0,3.0,4.0,3.0,0.0,3.0,0.0,0.0,0.0,0.0,0.0,2.0,0.0,0.0,0.0,0.0,41.0,5.0,4.0,3.0,3.0,0.0,3.0,1.0,1.0,3.0,3.0,0.0,39.0,8.0,6.0,3.0,3.0,0.0,3.0,0.0,0.0,0.0,0.0,0.0,43.0,5.0,4.0,2.0,0.0,0.0,0.0,1.0,1.0,3.0,3.0,0.0,0.0,0.0,39.0,7.0,6.0,2.0,6.0,0.0,6.0,0.0,0.0,0.0,0.0,0.0,0.0,0.0,0.0,0.0,7.0,0.0,0.0,0.0,0.0,4.0,2.0,1.0,0.0,1.0,0.0,1.0,0.0,0.0,1.0,1.0,2.0,0.0,3.0,0.0,0.0,3.0,0.0,1.0,12.0,2.0,7.0,0.0,0.0,0.0,0.0,0.0,0.0,1.0,5.0,0.0,0.0,0.0,0.0,0.0,0.0,0.0,0.0,1.0,1.0,3.0,0.0,0.0,1.0,2.0,0.0,0.0,1.0,0.0,0.0,0.0,0.0,0.0,0.0,0.0,1.0,0.0,1.0,1.0,1.0,0.0,0.0,1.0,0.0,0.0,1.0,0.0,0.0,0.0,0.0,1.0,0.0,0.0,3.0,1.0,0.0,0.0,1.0,1.0,0.0,0.0,1.0,0.0,3.0,2.0,1.0,0.0,0.0,2.0,1.0,1.0,0.0,0.0,3.0,0.0,0.0,0.0,0.0,O=C(O)CCNC(=O)c1ccc(CN(c2ccc(C3=CCCCC3)cc2)c2nc(-c3ccc(C(F)(F)F)cc3)cs2)cc1
CHEMBL459032,Active,24.0,12.0,1.0,0.0,0.0,0.0,0.0,3.0,38.0,10.0,1.0,0.0,0.0,0.0,0.0,8.0,1.0,0.0,0.0,0.0,0.0,0.0,0.0,32.0,20.0,3.0,0.0,0.0,0.0,0.0,2.0,0.0,31.0,19.0,2.0,0.0,0.0,0.0,0.0,2.0,0.0,32.0,19.0,1.0,0.0,0.0,0.0,0.0,0.0,2.0,0.0,0.0,0.0,0.0,36.0,19.0,1.0,0.0,0.0,0.0,0.0,0.0,0.0,0.0,0.0,0.0,0.0,0.0,0.0,0.0,0.0,41.0,10.0,0.0,0.0,0.0,0.0,0.0,1.0,1.0,0.0,0.0,0.0,31.0,15.0,2.0,0.0,0.0,0.0,0.0,0.0,0.0,0.0,0.0,0.0,35.0,4.0,2.0,0.0,0.0,0.0,0.0,4.0,2.0,0.0,0.0,0.0,0.0,0.0,22.0,11.0,5.0,0.0,0.0,0.0,0.0,2.0,0.0,0.0,0.0,0.0,0.0,0.0,0.0,0.0,1.0,0.0,0.0,0.0,0.0,0.0,0.0,0.0,4.0,1.0,0.0,1.0,0.0,0.0,0.0,1.0,1.0,0.0,2.0,0.0,0.0,0.0,0.0,0.0,7.0,1.0,3.0,0.0,0.0,1.0,0.0,0.0,0.0,0.0,3.0,0.0,0.0,0.0,0.0,0.0,0.0,0.0,0.0,0.0,3.0,0.0,0.0,0.0,0.0,0.0,0.0,0.0,0.0,0.0,0.0,0.0,0.0,0.0,0.0,0.0,0.0,0.0,0.0,0.0,0.0,0.0,0.0,0.0,0.0,0.0,0.0,0.0,0.0,0.0,0.0,0.0,0.0,0.0,2.0,0.0,0.0,0.0,0.0,1.0,0.0,0.0,0.0,0.0,0.0,2.0,1.0,0.0,0.0,2.0,0.0,0.0,0.0,0.0,1.0,0.0,0.0,0.0,0.0,Cn1c(N(Cc2ccc(C(=O)Nc3nnn[nH]3)cc2)c2ccc(C(C)(C)C)cc2)nc2ccccc21
CHEMBL456877,Active,26.0,12.0,1.0,0.0,0.0,0.0,0.0,3.0,39.0,11.0,1.0,0.0,0.0,0.0,0.0,8.0,1.0,0.0,0.0,0.0,0.0,0.0,0.0,34.0,21.0,3.0,0.0,0.0,0.0,0.0,2.0,0.0,35.0,21.0,2.0,0.0,0.0,0.0,0.0,2.0,0.0,38.0,21.0,1.0,0.0,0.0,0.0,0.0,0.0,2.0,0.0,0.0,0.0,0.0,44.0,19.0,1.0,0.0,0.0,0.0,0.0,0.0,0.0,0.0,0.0,0.0,0.0,0.0,0.0,0.0,0.0,49.0,10.0,0.0,0.0,0.0,0.0,0.0,1.0,1.0,0.0,0.0,0.0,38.0,15.0,2.0,0.0,0.0,0.0,0.0,0.0,0.0,0.0,0.0,0.0,40.0,4.0,2.0,0.0,0.0,0.0,0.0,4.0,2.0,0.0,0.0,0.0,0.0,0.0,28.0,11.0,5.0,0.0,0.0,0.0,0.0,2.0,0.0,0.0,0.0,2.0,0.0,0.0,0.0,0.0,7.0,4.0,0.0,0.0,0.0,3.0,0.0,0.0,4.0,1.0,0.0,1.0,0.0,0.0,0.0,1.0,1.0,0.0,1.0,0.0,0.0,0.0,0.0,0.0,15.0,1.0,12.0,0.0,0.0,5.0,1.0,0.0,0.0,0.0,15.0,0.0,0.0,0.0,2.0,11.0,7.0,2.0,0.0,0.0,0.0,14.0,0.0,0.0,0.0,14.0,0.0,0.0,9.0,0.0,7.0,3.0,0.0,4.0,2.0,0.0,2.0,0.0,0.0,0.0,2.0,0.0,0.0,2.0,0.0,0.0,0.0,0.0,0.0,0.0,0.0,0.0,0.0,0.0,3.0,1.0,0.0,1.0,0.0,0.0,0.0,0.0,0.0,0.0,0.0,2.0,1.0,0.0,0.0,2.0,0.0,0.0,0.0,0.0,1.0,0.0,0.0,0.0,0.0,CCCn1c(N(Cc2ccc(C(=O)Nc3nnn[nH]3)cc2)C2CCC(C(C)(C)C)CC2)nc2ccccc21
CHEMBL442855,Active,27.0,11.0,3.0,0.0,0.0,2.0,2.0,3.0,37.0,10.0,5.0,0.0,0.0,4.0,4.0,8.0,1.0,0.0,0.0,0.0,0.0,0.0,0.0,31.0,18.0,7.0,0.0,0.0,4.0,4.0,2.0,0.0,29.0,20.0,4.0,0.0,0.0,3.0,3.0,2.0,0.0,36.0,19.0,1.0,0.0,0.0,4.0,4.0,0.0,3.0,0.0,0.0,0.0,0.0,38.0,18.0,3.0,0.0,0.0,4.0,4.0,0.0,0.0,0.0,2.0,2.0,0.0,0.0,0.0,0.0,0.0,39.0,10.0,1.0,0.0,0.0,7.0,7.0,1.0,3.0,0.0,0.0,0.0,31.0,13.0,6.0,0.0,0.0,6.0,6.0,0.0,0.0,0.0,0.0,0.0,29.0,9.0,6.0,0.0,0.0,4.0,4.0,4.0,2.0,0.0,0.0,0.0,0.0,0.0,26.0,14.0,7.0,0.0,0.0,2.0,2.0,2.0,0.0,1.0,0.0,0.0,0.0,0.0,0.0,0.0,1.0,0.0,0.0,0.0,0.0,0.0,0.0,0.0,1.0,1.0,0.0,1.0,0.0,0.0,0.0,0.0,1.0,0.0,2.0,2.0,2.0,0.0,1.0,0.0,3.0,1.0,0.0,0.0,0.0,0.0,0.0,0.0,0.0,0.0,0.0,0.0,0.0,0.0,0.0,0.0,0.0,0.0,0.0,0.0,0.0,0.0,0.0,0.0,0.0,0.0,0.0,0.0,0.0,0.0,0.0,0.0,0.0,0.0,0.0,0.0,0.0,0.0,0.0,0.0,0.0,0.0,0.0,0.0,0.0,0.0,0.0,0.0,0.0,0.0,0.0,0.0,2.0,2.0,2.0,0.0,0.0,0.0,0.0,1.0,0.0,0.0,0.0,0.0,0.0,2.0,1.0,0.0,0.0,2.0,0.0,0.0,0.0,0.0,2.0,0.0,0.0,0.0,0.0,Cc1ccc2[nH]c(N(Cc3ccc(C(=O)Nc4nnn[nH]4)cc3)c3ccc(Oc4ccc(Cl)cc4)c(Cl)c3)nc2c1
CHEMBL469903,Active,20.0,12.0,3.0,0.0,3.0,0.0,3.0,3.0,31.0,10.0,3.0,0.0,0.0,0.0,0.0,8.0,1.0,0.0,3.0,3.0,3.0,3.0,3.0,26.0,20.0,5.0,0.0,3.0,0.0,3.0,2.0,0.0,26.0,19.0,3.0,0.0,6.0,0.0,6.0,2.0,0.0,30.0,18.0,1.0,0.0,6.0,0.0,6.0,0.0,3.0,0.0,0.0,0.0,0.0,34.0,17.0,3.0,0.0,3.0,0.0,3.0,0.0,0.0,0.0,0.0,0.0,0.0,0.0,0.0,0.0,0.0,36.0,8.0,1.0,0.0,0.0,0.0,0.0,1.0,3.0,3.0,3.0,0.0,24.0,11.0,7.0,0.0,6.0,0.0,6.0,0.0,0.0,0.0,0.0,0.0,21.0,4.0,6.0,0.0,3.0,0.0,3.0,4.0,2.0,6.0,6.0,0.0,0.0,0.0,11.0,11.0,8.0,0.0,15.0,0.0,15.0,2.0,0.0,0.0,0.0,0.0,0.0,0.0,0.0,0.0,1.0,0.0,0.0,0.0,0.0,0.0,0.0,0.0,1.0,1.0,0.0,1.0,0.0,0.0,0.0,1.0,1.0,0.0,2.0,0.0,0.0,3.0,1.0,0.0,4.0,1.0,0.0,0.0,0.0,0.0,0.0,0.0,0.0,0.0,0.0,0.0,0.0,0.0,0.0,0.0,0.0,0.0,0.0,0.0,0.0,0.0,0.0,0.0,0.0,0.0,0.0,0.0,0.0,0.0,0.0,0.0,0.0,0.0,0.0,0.0,0.0,0.0,0.0,0.0,0.0,0.0,0.0,0.0,0.0,0.0,0.0,0.0,0.0,0.0,0.0,0.0,0.0,0.0,2.0,0.0,0.0,0.0,0.0,1.0,0.0,0.0,1.0,1.0,3.0,2.0,1.0,0.0,0.0,2.0,0.0,0.0,0.0,0.0,2.0,0.0,0.0,3.0,0.0,Cn1c(N(Cc2ccc(C(=O)Nc3nnn[nH]3)cc2)c2ccc(OC(F)(F)F)cc2)nc2ccccc21
CHEMBL379600,Inactive,27.0,2.0,5.0,0.0,0.0,0.0,0.0,0.0,35.0,3.0,7.0,0.0,0.0,0.0,0.0,0.0,0.0,0.0,0.0,0.0,0.0,0.0,0.0,35.0,3.0,9.0,0.0,0.0,0.0,0.0,0.0,0.0,31.0,1.0,7.0,0.0,0.0,0.0,0.0,1.0,0.0,28.0,1.0,6.0,0.0,0.0,0.0,0.0,0.0,1.0,0.0,0.0,0.0,0.0,23.0,3.0,5.0,0.0,0.0,0.0,0.0,0.0,0.0,0.0,0.0,0.0,1.0,0.0,0.0,0.0,0.0,20.0,2.0,6.0,0.0,0.0,0.0,0.0,0.0,0.0,0.0,0.0,0.0,18.0,1.0,6.0,0.0,0.0,0.0,0.0,0.0,0.0,0.0,0.0,0.0,18.0,1.0,4.0,0.0,0.0,0.0,0.0,0.0,0.0,0.0,0.0,1.0,0.0,0.0,17.0,1.0,3.0,0.0,0.0,0.0,0.0,0.0,1.0,0.0,0.0,0.0,0.0,0.0,0.0,0.0,3.0,0.0,0.0,0.0,0.0,2.0,1.0,0.0,1.0,1.0,0.0,0.0,0.0,0.0,0.0,0.0,1.0,0.0,2.0,0.0,0.0,0.0,2.0,0.0,5.0,1.0,2.0,0.0,0.0,0.0,0.0,0.0,0.0,0.0,1.0,0.0,0.0,0.0,0.0,0.0,0.0,0.0,0.0,0.0,0.0,0.0,0.0,0.0,0.0,0.0,0.0,0.0,0.0,0.0,0.0,0.0,0.0,0.0,0.0,0.0,1.0,0.0,0.0,1.0,1.0,0.0,0.0,0.0,0.0,0.0,0.0,0.0,0.0,0.0,0.0,1.0,0.0,0.0,1.0,0.0,0.0,0.0,0.0,1.0,0.0,0.0,2.0,2.0,0.0,1.0,0.0,0.0,0.0,0.0,0.0,1.0,0.0,0.0,3.0,0.0,0.0,0.0,0.0,COc1ccc(NCCCOc2ccc(C(=O)c3cccc4ccccc34)cc2)cc1
CHEMBL436011,Inactive,19.0,2.0,3.0,0.0,1.0,0.0,1.0,0.0,27.0,4.0,2.0,0.0,2.0,0.0,2.0,0.0,0.0,0.0,0.0,0.0,0.0,0.0,0.0,28.0,7.0,4.0,0.0,2.0,0.0,2.0,0.0,0.0,35.0,1.0,6.0,0.0,1.0,0.0,1.0,2.0,0.0,31.0,3.0,12.0,0.0,1.0,0.0,1.0,0.0,0.0,0.0,0.0,0.0,0.0,30.0,2.0,6.0,0.0,2.0,0.0,2.0,0.0,0.0,0.0,0.0,0.0,1.0,0.0,0.0,0.0,0.0,13.0,1.0,7.0,0.0,4.0,0.0,4.0,0.0,0.0,0.0,0.0,0.0,7.0,0.0,0.0,0.0,2.0,0.0,2.0,0.0,0.0,1.0,1.0,0.0,0.0,0.0,0.0,0.0,5.0,0.0,5.0,0.0,0.0,0.0,0.0,0.0,0.0,0.0,0.0,0.0,0.0,0.0,0.0,0.0,0.0,0.0,0.0,0.0,0.0,2.0,2.0,0.0,0.0,2.0,2.0,0.0,0.0,0.0,0.0,0.0,0.0,0.0,5.0,0.0,0.0,0.0,0.0,0.0,1.0,0.0,0.0,0.0,1.0,0.0,0.0,1.0,1.0,1.0,9.0,0.0,4.0,0.0,0.0,0.0,0.0,0.0,0.0,0.0,2.0,0.0,0.0,0.0,0.0,0.0,0.0,0.0,0.0,0.0,0.0,0.0,0.0,0.0,0.0,0.0,0.0,0.0,0.0,0.0,0.0,0.0,0.0,0.0,0.0,0.0,0.0,0.0,0.0,0.0,0.0,0.0,0.0,0.0,0.0,0.0,0.0,0.0,0.0,0.0,0.0,0.0,0.0,0.0,0.0,0.0,0.0,0.0,0.0,0.0,0.0,0.0,3.0,0.0,1.0,0.0,0.0,0.0,0.0,0.0,0.0,0.0,0.0,0.0,2.0,0.0,0.0,0.0,0.0,COCc1c(C(C)C)nc(C(C)C)c(CO)c1-c1ccc(F)cc1
CHEMBL3238219,Active,33.0,9.0,2.0,0.0,1.0,0.0,1.0,3.0,47.0,15.0,2.0,0.0,2.0,0.0,2.0,4.0,2.0,0.0,0.0,0.0,0.0,0.0,0.0,46.0,15.0,6.0,0.0,2.0,0.0,2.0,2.0,1.0,46.0,15.0,9.0,0.0,2.0,0.0,2.0,0.0,0.0,51.0,17.0,8.0,0.0,1.0,0.0,1.0,0.0,2.0,1.0,0.0,1.0,0.0,60.0,18.0,6.0,0.0,1.0,0.0,1.0,0.0,2.0,1.0,0.0,1.0,0.0,1.0,0.0,0.0,0.0,67.0,13.0,6.0,0.0,3.0,0.0,3.0,1.0,1.0,0.0,0.0,0.0,56.0,11.0,7.0,0.0,4.0,0.0,4.0,0.0,0.0,0.0,0.0,0.0,52.0,9.0,4.0,0.0,4.0,0.0,4.0,1.0,2.0,0.0,0.0,1.0,0.0,0.0,41.0,11.0,7.0,0.0,4.0,0.0,4.0,2.0,0.0,0.0,0.0,2.0,0.0,0.0,0.0,0.0,7.0,3.0,0.0,0.0,0.0,3.0,0.0,0.0,6.0,1.0,0.0,1.0,0.0,0.0,0.0,3.0,2.0,0.0,1.0,0.0,0.0,1.0,0.0,0.0,21.0,2.0,17.0,1.0,0.0,9.0,2.0,1.0,0.0,1.0,22.0,0.0,0.0,0.0,3.0,14.0,7.0,4.0,2.0,0.0,2.0,18.0,0.0,0.0,1.0,17.0,0.0,0.0,9.0,6.0,7.0,3.0,7.0,11.0,5.0,3.0,5.0,3.0,3.0,0.0,6.0,4.0,5.0,8.0,3.0,0.0,3.0,5.0,0.0,0.0,0.0,0.0,0.0,0.0,6.0,4.0,2.0,2.0,3.0,0.0,0.0,0.0,0.0,0.0,1.0,3.0,2.0,0.0,0.0,2.0,0.0,0.0,0.0,0.0,2.0,0.0,0.0,0.0,0.0,CC(C)(C)CCC(c1ccc(C(=O)NCc2nn[nH]n2)cc1)N1C(=O)C(c2cccc(F)c2)=NC12CCC(C(C)(C)C)CC2
CHEMBL105565,Inactive,19.0,2.0,6.0,0.0,0.0,1.0,1.0,1.0,24.0,4.0,9.0,0.0,0.0,2.0,2.0,0.0,1.0,0.0,0.0,0.0,0.0,0.0,0.0,21.0,5.0,8.0,0.0,0.0,3.0,3.0,0.0,2.0,14.0,7.0,9.0,0.0,0.0,2.0,2.0,1.0,0.0,14.0,6.0,5.0,0.0,0.0,1.0,1.0,0.0,1.0,0.0,0.0,0.0,1.0,12.0,5.0,4.0,0.0,0.0,2.0,2.0,0.0,2.0,0.0,0.0,0.0,2.0,0.0,0.0,0.0,0.0,11.0,5.0,5.0,0.0,0.0,1.0,1.0,0.0,1.0,0.0,0.0,0.0,12.0,3.0,5.0,0.0,0.0,0.0,0.0,0.0,0.0,0.0,1.0,0.0,12.0,2.0,5.0,0.0,0.0,0.0,0.0,0.0,0.0,0.0,1.0,1.0,0.0,0.0,12.0,1.0,6.0,0.0,0.0,1.0,1.0,0.0,0.0,0.0,1.0,0.0,0.0,0.0,0.0,0.0,0.0,0.0,0.0,0.0,0.0,0.0,0.0,0.0,2.0,1.0,0.0,1.0,0.0,0.0,1.0,0.0,1.0,0.0,0.0,2.0,1.0,0.0,1.0,1.0,4.0,1.0,0.0,0.0,0.0,0.0,0.0,0.0,0.0,0.0,0.0,0.0,0.0,0.0,0.0,0.0,0.0,0.0,0.0,0.0,0.0,0.0,0.0,0.0,0.0,0.0,0.0,0.0,0.0,0.0,0.0,0.0,0.0,0.0,0.0,0.0,0.0,0.0,0.0,0.0,0.0,0.0,0.0,0.0,0.0,0.0,0.0,0.0,0.0,0.0,0.0,0.0,1.0,1.0,1.0,0.0,0.0,0.0,0.0,0.0,0.0,0.0,1.0,1.0,0.0,2.0,1.0,0.0,0.0,1.0,0.0,0.0,0.0,0.0,3.0,0.0,0.0,0.0,0.0,COc1cc(C(=O)NN=Cc2ccc(-c3ccc(C)c(Cl)c3)o2)ccc1O
CHEMBL156828,Active,21.0,4.0,9.0,0.0,3.0,1.0,4.0,1.0,26.0,7.0,11.0,0.0,0.0,2.0,2.0,0.0,2.0,0.0,3.0,3.0,3.0,3.0,3.0,24.0,8.0,11.0,0.0,3.0,2.0,5.0,0.0,3.0,16.0,11.0,13.0,0.0,6.0,2.0,8.0,0.0,0.0,16.0,9.0,10.0,0.0,6.0,0.0,6.0,0.0,1.0,0.0,1.0,1.0,2.0,16.0,5.0,10.0,0.0,3.0,0.0,3.0,1.0,2.0,0.0,1.0,1.0,2.0,0.0,0.0,0.0,0.0,20.0,3.0,9.0,0.0,0.0,1.0,1.0,1.0,1.0,0.0,0.0,0.0,23.0,3.0,6.0,0.0,3.0,1.0,4.0,0.0,2.0,0.0,0.0,2.0,21.0,3.0,8.0,0.0,3.0,2.0,5.0,0.0,3.0,0.0,0.0,0.0,0.0,0.0,17.0,3.0,9.0,0.0,0.0,2.0,2.0,0.0,1.0,3.0,0.0,0.0,0.0,0.0,0.0,0.0,1.0,0.0,0.0,0.0,0.0,0.0,0.0,1.0,1.0,2.0,0.0,2.0,0.0,0.0,1.0,1.0,2.0,0.0,1.0,2.0,1.0,3.0,3.0,1.0,6.0,2.0,1.0,1.0,0.0,0.0,0.0,0.0,0.0,1.0,0.0,0.0,0.0,0.0,0.0,0.0,0.0,0.0,0.0,0.0,0.0,0.0,0.0,0.0,0.0,0.0,0.0,0.0,0.0,0.0,0.0,0.0,0.0,0.0,0.0,0.0,0.0,0.0,0.0,0.0,1.0,0.0,0.0,0.0,0.0,0.0,0.0,0.0,0.0,0.0,0.0,1.0,1.0,1.0,2.0,0.0,0.0,0.0,0.0,1.0,0.0,0.0,3.0,3.0,3.0,3.0,2.0,0.0,0.0,1.0,0.0,0.0,0.0,1.0,6.0,0.0,0.0,3.0,0.0,COc1cc(C=NNC(=O)c2ccc(O)c(Cl)c2)ccc1NC(=O)COc1ccc(OC(F)(F)F)cc1
CHEMBL140514,Inactive,21.0,2.0,1.0,0.0,1.0,0.0,1.0,0.0,28.0,4.0,1.0,0.0,2.0,0.0,2.0,0.0,0.0,0.0,0.0,0.0,0.0,0.0,0.0,30.0,7.0,2.0,0.0,2.0,0.0,2.0,0.0,0.0,38.0,2.0,3.0,0.0,1.0,0.0,1.0,1.0,0.0,37.0,3.0,6.0,0.0,1.0,0.0,1.0,0.0,0.0,0.0,0.0,0.0,0.0,33.0,2.0,4.0,0.0,2.0,0.0,2.0,0.0,0.0,0.0,0.0,0.0,0.0,0.0,0.0,0.0,0.0,16.0,1.0,4.0,0.0,4.0,0.0,4.0,0.0,0.0,0.0,0.0,0.0,7.0,0.0,0.0,0.0,3.0,0.0,3.0,0.0,0.0,1.0,1.0,0.0,0.0,0.0,0.0,0.0,5.0,0.0,5.0,0.0,0.0,0.0,0.0,0.0,0.0,0.0,0.0,0.0,0.0,0.0,0.0,0.0,0.0,0.0,0.0,0.0,0.0,2.0,2.0,0.0,0.0,2.0,3.0,0.0,0.0,0.0,0.0,1.0,0.0,0.0,5.0,0.0,0.0,0.0,0.0,0.0,1.0,0.0,0.0,0.0,1.0,0.0,0.0,1.0,0.0,1.0,10.0,0.0,6.0,0.0,0.0,0.0,0.0,0.0,0.0,0.0,3.0,0.0,0.0,0.0,0.0,0.0,0.0,0.0,0.0,0.0,0.0,0.0,0.0,0.0,0.0,0.0,0.0,0.0,0.0,0.0,0.0,0.0,0.0,0.0,0.0,0.0,0.0,0.0,0.0,0.0,0.0,0.0,0.0,0.0,0.0,0.0,0.0,0.0,0.0,0.0,0.0,0.0,0.0,0.0,0.0,0.0,0.0,0.0,0.0,0.0,0.0,0.0,1.0,0.0,1.0,0.0,0.0,0.0,0.0,0.0,0.0,0.0,0.0,0.0,1.0,0.0,0.0,0.0,0.0,CCCc1c(C(C)C)nc(C(C)C)c(CO)c1-c1ccc(F)cc1
CHEMBL160138,Inactive,24.0,2.0,6.0,0.0,0.0,1.0,1.0,1.0,31.0,4.0,8.0,0.0,0.0,2.0,2.0,0.0,1.0,0.0,0.0,0.0,0.0,0.0,0.0,27.0,6.0,10.0,0.0,0.0,2.0,2.0,0.0,1.0,18.0,8.0,11.0,0.0,0.0,2.0,2.0,0.0,0.0,20.0,6.0,6.0,0.0,0.0,0.0,0.0,0.0,1.0,0.0,1.0,1.0,0.0,22.0,3.0,5.0,0.0,0.0,0.0,0.0,0.0,3.0,0.0,1.0,1.0,1.0,0.0,0.0,0.0,0.0,22.0,2.0,7.0,0.0,0.0,1.0,1.0,0.0,2.0,0.0,0.0,0.0,23.0,2.0,5.0,0.0,0.0,1.0,1.0,0.0,0.0,0.0,0.0,1.0,20.0,3.0,6.0,0.0,0.0,2.0,2.0,0.0,0.0,0.0,0.0,1.0,0.0,0.0,15.0,4.0,9.0,0.0,0.0,2.0,2.0,0.0,0.0,0.0,0.0,1.0,1.0,0.0,0.0,1.0,1.0,0.0,0.0,0.0,0.0,0.0,0.0,0.0,3.0,1.0,0.0,1.0,0.0,0.0,1.0,0.0,1.0,0.0,1.0,2.0,1.0,0.0,2.0,1.0,7.0,1.0,2.0,0.0,0.0,0.0,0.0,0.0,0.0,0.0,1.0,0.0,0.0,0.0,0.0,0.0,0.0,0.0,0.0,0.0,2.0,0.0,0.0,0.0,0.0,0.0,0.0,0.0,0.0,0.0,0.0,0.0,0.0,0.0,0.0,0.0,0.0,0.0,0.0,0.0,0.0,0.0,0.0,0.0,0.0,0.0,0.0,0.0,0.0,0.0,0.0,0.0,1.0,1.0,1.0,0.0,0.0,0.0,0.0,0.0,0.0,0.0,2.0,2.0,0.0,2.0,1.0,0.0,0.0,1.0,0.0,0.0,0.0,0.0,4.0,0.0,0.0,0.0,0.0,COc1cc(C=NNC(=O)c2ccc(O)c(Cl)c2)ccc1OCc1ccc(C(C)C)cc1
CHEMBL444343,Inactive,24.0,2.0,8.0,0.0,0.0,0.0,0.0,1.0,32.0,4.0,10.0,0.0,0.0,0.0,0.0,0.0,1.0,0.0,0.0,0.0,0.0,0.0,0.0,29.0,6.0,12.0,0.0,0.0,0.0,0.0,0.0,1.0,20.0,8.0,15.0,0.0,0.0,0.0,0.0,0.0,1.0,23.0,6.0,9.0,0.0,0.0,0.0,0.0,0.0,2.0,0.0,0.0,0.0,0.0,24.0,4.0,7.0,0.0,0.0,0.0,0.0,0.0,4.0,0.0,0.0,0.0,1.0,0.0,0.0,0.0,0.0,24.0,3.0,10.0,0.0,0.0,0.0,0.0,0.0,2.0,0.0,0.0,0.0,26.0,2.0,7.0,0.0,0.0,0.0,0.0,0.0,0.0,0.0,0.0,2.0,22.0,3.0,10.0,0.0,0.0,0.0,0.0,0.0,0.0,0.0,0.0,1.0,0.0,0.0,18.0,4.0,13.0,0.0,0.0,0.0,0.0,0.0,0.0,0.0,0.0,1.0,1.0,0.0,0.0,1.0,1.0,0.0,0.0,0.0,0.0,0.0,0.0,0.0,4.0,1.0,0.0,1.0,0.0,0.0,1.0,0.0,1.0,0.0,2.0,0.0,0.0,0.0,3.0,1.0,8.0,1.0,2.0,0.0,0.0,0.0,0.0,0.0,0.0,0.0,1.0,0.0,0.0,0.0,0.0,0.0,0.0,0.0,0.0,0.0,2.0,0.0,0.0,0.0,0.0,0.0,0.0,0.0,0.0,0.0,0.0,0.0,0.0,0.0,0.0,0.0,0.0,0.0,0.0,0.0,0.0,0.0,0.0,0.0,0.0,0.0,0.0,0.0,0.0,0.0,0.0,0.0,0.0,0.0,1.0,0.0,0.0,0.0,0.0,0.0,0.0,0.0,3.0,3.0,0.0,2.0,1.0,0.0,0.0,1.0,0.0,0.0,0.0,0.0,5.0,0.0,0.0,0.0,0.0,COc1cc(C=NNC(=O)c2ccc(O)cc2)cc(OC)c1OCc1ccc(C(C)C)cc1
CHEMBL435445,Inactive,26.0,2.0,4.0,0.0,0.0,1.0,1.0,1.0,34.0,4.0,6.0,0.0,0.0,2.0,2.0,0.0,1.0,0.0,0.0,0.0,0.0,0.0,0.0,31.0,6.0,9.0,0.0,0.0,2.0,2.0,0.0,1.0,20.0,9.0,8.0,0.0,0.0,2.0,2.0,0.0,0.0,19.0,8.0,5.0,0.0,0.0,0.0,0.0,0.0,0.0,0.0,1.0,1.0,0.0,25.0,3.0,3.0,0.0,0.0,0.0,0.0,0.0,2.0,0.0,1.0,1.0,1.0,0.0,0.0,0.0,0.0,26.0,1.0,5.0,0.0,0.0,1.0,1.0,0.0,2.0,0.0,0.0,0.0,26.0,2.0,4.0,0.0,0.0,1.0,1.0,0.0,0.0,0.0,0.0,0.0,24.0,3.0,2.0,0.0,0.0,2.0,2.0,0.0,0.0,0.0,0.0,1.0,0.0,0.0,18.0,4.0,5.0,0.0,0.0,3.0,3.0,0.0,0.0,0.0,0.0,1.0,1.0,0.0,0.0,1.0,1.0,0.0,0.0,0.0,0.0,0.0,0.0,0.0,4.0,1.0,0.0,1.0,0.0,0.0,1.0,0.0,1.0,0.0,1.0,1.0,1.0,0.0,1.0,1.0,8.0,1.0,2.0,0.0,0.0,0.0,0.0,0.0,0.0,0.0,1.0,0.0,0.0,0.0,0.0,0.0,0.0,0.0,0.0,0.0,2.0,0.0,0.0,0.0,0.0,0.0,0.0,0.0,0.0,0.0,0.0,0.0,0.0,0.0,0.0,0.0,0.0,0.0,0.0,0.0,0.0,0.0,0.0,0.0,0.0,0.0,0.0,0.0,0.0,0.0,0.0,0.0,1.0,1.0,1.0,0.0,0.0,0.0,0.0,0.0,0.0,0.0,1.0,1.0,0.0,2.0,1.0,0.0,0.0,1.0,0.0,0.0,0.0,0.0,3.0,0.0,0.0,0.0,0.0,Cc1c(C=NNC(=O)c2ccc(O)c(Cl)c2)ccc(OCc2ccc(C(C)C)cc2)c1C
CHEMBL24527,Inactive,24.0,2.0,2.0,0.0,1.0,0.0,1.0,0.0,32.0,4.0,2.0,0.0,2.0,0.0,2.0,0.0,0.0,0.0,0.0,0.0,0.0,0.0,0.0,34.0,7.0,4.0,0.0,3.0,0.0,3.0,0.0,0.0,42.0,2.0,5.0,0.0,1.0,0.0,1.0,1.0,0.0,42.0,3.0,8.0,0.0,1.0,0.0,1.0,0.0,0.0,0.0,0.0,0.0,0.0,42.0,3.0,6.0,0.0,2.0,0.0,2.0,0.0,0.0,0.0,0.0,0.0,0.0,0.0,0.0,0.0,0.0,28.0,3.0,9.0,0.0,4.0,0.0,4.0,0.0,0.0,0.0,0.0,0.0,21.0,0.0,4.0,0.0,3.0,0.0,3.0,0.0,1.0,1.0,1.0,1.0,7.0,0.0,6.0,0.0,5.0,0.0,5.0,0.0,0.0,0.0,0.0,0.0,0.0,0.0,4.0,0.0,1.0,0.0,1.0,0.0,1.0,0.0,0.0,0.0,0.0,2.0,2.0,0.0,0.0,2.0,6.0,0.0,0.0,0.0,0.0,3.0,2.0,0.0,5.0,0.0,0.0,0.0,0.0,0.0,2.0,0.0,0.0,0.0,0.0,1.0,0.0,1.0,0.0,2.0,13.0,0.0,8.0,0.0,0.0,0.0,0.0,0.0,0.0,0.0,5.0,0.0,0.0,0.0,0.0,0.0,0.0,0.0,0.0,0.0,0.0,2.0,0.0,0.0,0.0,1.0,0.0,0.0,0.0,0.0,0.0,0.0,0.0,0.0,0.0,0.0,0.0,0.0,0.0,0.0,0.0,0.0,0.0,0.0,0.0,0.0,0.0,0.0,0.0,0.0,0.0,0.0,0.0,0.0,0.0,0.0,0.0,0.0,0.0,0.0,0.0,0.0,2.0,0.0,1.0,0.0,0.0,0.0,0.0,0.0,0.0,0.0,0.0,0.0,2.0,0.0,0.0,0.0,0.0,CCCCCc1c(C(C)C)nc(C(C)C)c(CO)c1-c1ccc(F)c(CO)c1
CHEMBL395760,Active,23.0,9.0,6.0,0.0,6.0,0.0,6.0,3.0,34.0,9.0,5.0,0.0,0.0,0.0,0.0,6.0,3.0,0.0,6.0,6.0,6.0,6.0,6.0,32.0,14.0,10.0,0.0,6.0,0.0,6.0,2.0,0.0,30.0,16.0,10.0,0.0,12.0,0.0,12.0,2.0,0.0,31.0,16.0,9.0,0.0,12.0,0.0,12.0,0.0,4.0,0.0,0.0,0.0,0.0,33.0,17.0,9.0,0.0,6.0,0.0,6.0,0.0,0.0,0.0,0.0,0.0,0.0,0.0,0.0,0.0,0.0,39.0,9.0,3.0,0.0,0.0,0.0,0.0,1.0,3.0,6.0,6.0,2.0,29.0,14.0,11.0,0.0,9.0,0.0,9.0,0.0,0.0,0.0,0.0,0.0,25.0,6.0,10.0,0.0,6.0,0.0,6.0,3.0,2.0,6.0,6.0,1.0,6.0,6.0,18.0,8.0,12.0,0.0,18.0,0.0,18.0,2.0,0.0,0.0,0.0,1.0,0.0,0.0,0.0,0.0,2.0,1.0,0.0,0.0,0.0,1.0,0.0,0.0,0.0,2.0,0.0,2.0,0.0,0.0,0.0,2.0,2.0,0.0,2.0,1.0,0.0,6.0,2.0,0.0,7.0,2.0,2.0,0.0,0.0,0.0,0.0,0.0,0.0,0.0,1.0,0.0,0.0,0.0,0.0,0.0,0.0,0.0,0.0,0.0,2.0,0.0,0.0,0.0,1.0,0.0,0.0,0.0,0.0,0.0,0.0,0.0,0.0,0.0,0.0,0.0,1.0,0.0,1.0,0.0,1.0,0.0,0.0,1.0,0.0,0.0,1.0,0.0,0.0,0.0,0.0,0.0,0.0,0.0,4.0,1.0,0.0,0.0,1.0,3.0,0.0,0.0,2.0,2.0,6.0,3.0,3.0,0.0,0.0,2.0,0.0,0.0,0.0,0.0,4.0,0.0,0.0,6.0,0.0,O=C(Nc1nn[nH]n1)c1ccc2c(c1)CCC2N(C(=O)Nc1ccc(OC(F)(F)F)cc1)c1ccc(OC(F)(F)F)cc1
CHEMBL154125,Active,23.0,4.0,9.0,0.0,0.0,1.0,1.0,1.0,30.0,7.0,12.0,0.0,0.0,2.0,2.0,0.0,2.0,0.0,0.0,0.0,0.0,0.0,0.0,27.0,9.0,13.0,0.0,0.0,2.0,2.0,0.0,2.0,19.0,11.0,13.0,0.0,0.0,2.0,2.0,2.0,0.0,17.0,11.0,11.0,0.0,0.0,0.0,0.0,0.0,1.0,0.0,1.0,1.0,1.0,20.0,5.0,11.0,0.0,0.0,0.0,0.0,1.0,1.0,0.0,1.0,1.0,2.0,0.0,0.0,0.0,0.0,25.0,1.0,7.0,0.0,0.0,1.0,1.0,1.0,2.0,0.0,0.0,3.0,23.0,4.0,11.0,0.0,0.0,1.0,1.0,0.0,1.0,0.0,0.0,0.0,22.0,3.0,7.0,0.0,0.0,2.0,2.0,0.0,3.0,0.0,0.0,0.0,0.0,0.0,16.0,5.0,9.0,0.0,0.0,2.0,2.0,0.0,1.0,0.0,0.0,0.0,0.0,0.0,0.0,0.0,0.0,0.0,0.0,0.0,0.0,0.0,0.0,0.0,2.0,2.0,0.0,2.0,0.0,0.0,1.0,0.0,2.0,0.0,0.0,3.0,1.0,0.0,2.0,1.0,5.0,2.0,0.0,0.0,0.0,0.0,0.0,0.0,0.0,0.0,0.0,0.0,0.0,0.0,0.0,0.0,0.0,0.0,0.0,0.0,0.0,0.0,0.0,0.0,0.0,0.0,0.0,0.0,0.0,0.0,0.0,0.0,0.0,0.0,0.0,0.0,0.0,0.0,0.0,0.0,0.0,0.0,0.0,0.0,0.0,0.0,0.0,0.0,0.0,0.0,0.0,0.0,1.0,1.0,2.0,0.0,0.0,0.0,0.0,1.0,0.0,0.0,2.0,2.0,0.0,3.0,2.0,0.0,0.0,1.0,0.0,0.0,0.0,0.0,5.0,0.0,0.0,0.0,0.0,COc1ccc2oc(C(=O)Nc3ccc(C=NNC(=O)c4ccc(O)c(Cl)c4)c(OC)c3)cc2c1
CHEMBL153838,Active,30.0,7.0,5.0,0.0,0.0,1.0,1.0,1.0,39.0,10.0,7.0,0.0,0.0,2.0,2.0,0.0,2.0,0.0,0.0,0.0,0.0,0.0,0.0,36.0,9.0,8.0,0.0,0.0,2.0,2.0,1.0,2.0,27.0,14.0,11.0,0.0,0.0,2.0,2.0,0.0,0.0,25.0,14.0,10.0,0.0,0.0,0.0,0.0,0.0,1.0,0.0,1.0,1.0,0.0,26.0,10.0,7.0,0.0,0.0,0.0,0.0,0.0,3.0,0.0,1.0,1.0,1.0,0.0,0.0,0.0,0.0,28.0,8.0,8.0,0.0,0.0,1.0,1.0,0.0,2.0,0.0,0.0,0.0,31.0,7.0,10.0,0.0,0.0,1.0,1.0,0.0,0.0,0.0,0.0,0.0,33.0,4.0,7.0,0.0,0.0,2.0,2.0,1.0,1.0,0.0,0.0,1.0,0.0,0.0,28.0,4.0,8.0,0.0,0.0,3.0,3.0,1.0,1.0,0.0,0.0,1.0,0.0,1.0,0.0,0.0,5.0,2.0,0.0,0.0,0.0,1.0,0.0,1.0,0.0,2.0,1.0,2.0,0.0,0.0,1.0,0.0,2.0,0.0,0.0,1.0,1.0,0.0,1.0,1.0,9.0,2.0,4.0,1.0,0.0,0.0,1.0,1.0,0.0,1.0,2.0,0.0,0.0,0.0,0.0,0.0,0.0,1.0,1.0,0.0,0.0,1.0,0.0,0.0,0.0,0.0,0.0,0.0,0.0,0.0,0.0,0.0,0.0,0.0,1.0,0.0,3.0,1.0,1.0,0.0,5.0,2.0,1.0,7.0,2.0,0.0,2.0,3.0,0.0,0.0,2.0,1.0,1.0,1.0,6.0,4.0,1.0,1.0,1.0,0.0,0.0,1.0,1.0,1.0,0.0,4.0,2.0,0.0,0.0,2.0,0.0,0.0,1.0,1.0,4.0,0.0,0.0,0.0,0.0,O=C(COc1ccc(C=NNC(=O)c2ccc(O)c(Cl)c2)c2ccccc12)NC1CCN(Cc2ccccc2)C1
CHEMBL3237900,Active,29.0,7.0,4.0,0.0,1.0,1.0,2.0,0.0,40.0,11.0,4.0,0.0,2.0,2.0,4.0,1.0,2.0,1.0,0.0,0.0,0.0,0.0,0.0,41.0,13.0,8.0,0.0,2.0,2.0,4.0,0.0,1.0,39.0,12.0,9.0,0.0,2.0,2.0,4.0,2.0,0.0,40.0,9.0,10.0,0.0,1.0,1.0,2.0,0.0,0.0,1.0,1.0,2.0,0.0,41.0,11.0,7.0,0.0,1.0,1.0,2.0,0.0,0.0,1.0,1.0,2.0,2.0,2.0,0.0,0.0,0.0,46.0,2.0,7.0,0.0,3.0,3.0,6.0,1.0,1.0,0.0,0.0,0.0,38.0,4.0,10.0,0.0,4.0,4.0,8.0,0.0,0.0,0.0,0.0,0.0,33.0,4.0,5.0,0.0,3.0,3.0,6.0,1.0,2.0,0.0,0.0,1.0,0.0,0.0,27.0,5.0,6.0,0.0,3.0,3.0,6.0,0.0,0.0,0.0,0.0,2.0,1.0,0.0,0.0,0.0,6.0,2.0,0.0,0.0,0.0,3.0,0.0,1.0,4.0,1.0,0.0,1.0,0.0,0.0,1.0,2.0,3.0,0.0,1.0,0.0,1.0,1.0,0.0,1.0,18.0,3.0,14.0,1.0,0.0,5.0,2.0,1.0,0.0,2.0,15.0,0.0,0.0,0.0,2.0,11.0,7.0,4.0,2.0,1.0,2.0,14.0,0.0,0.0,0.0,14.0,0.0,0.0,9.0,6.0,7.0,3.0,7.0,8.0,4.0,2.0,5.0,2.0,3.0,1.0,7.0,4.0,5.0,9.0,3.0,0.0,4.0,5.0,0.0,0.0,0.0,1.0,1.0,1.0,6.0,4.0,2.0,2.0,3.0,0.0,0.0,0.0,1.0,0.0,1.0,3.0,2.0,0.0,0.0,2.0,1.0,1.0,0.0,0.0,4.0,0.0,0.0,0.0,0.0,CC(c1ccc(C(=O)NCCC(=O)O)cc1)N1C(=O)C(c2cc(F)cc(Cl)c2)=NC12CCC(C(C)(C)C)CC2
CHEMBL3237904,Active,29.0,7.0,4.0,0.0,1.0,0.0,1.0,0.0,40.0,11.0,4.0,0.0,2.0,0.0,2.0,1.0,2.0,1.0,0.0,0.0,0.0,0.0,0.0,41.0,13.0,8.0,0.0,2.0,0.0,2.0,0.0,1.0,39.0,12.0,9.0,0.0,1.0,0.0,1.0,2.0,0.0,40.0,9.0,10.0,0.0,1.0,0.0,1.0,0.0,0.0,0.0,0.0,0.0,0.0,41.0,11.0,7.0,0.0,1.0,0.0,1.0,0.0,0.0,1.0,0.0,1.0,2.0,0.0,0.0,0.0,0.0,46.0,2.0,7.0,0.0,1.0,0.0,1.0,1.0,1.0,1.0,1.0,0.0,38.0,4.0,10.0,0.0,3.0,0.0,3.0,0.0,0.0,0.0,0.0,0.0,33.0,4.0,5.0,0.0,4.0,0.0,4.0,1.0,2.0,0.0,0.0,1.0,0.0,0.0,27.0,5.0,6.0,0.0,3.0,0.0,3.0,0.0,0.0,0.0,0.0,2.0,1.0,0.0,0.0,0.0,6.0,2.0,0.0,0.0,0.0,3.0,0.0,1.0,4.0,1.0,0.0,1.0,0.0,0.0,1.0,2.0,3.0,0.0,2.0,0.0,0.0,1.0,0.0,1.0,18.0,3.0,14.0,1.0,0.0,5.0,2.0,1.0,0.0,2.0,15.0,0.0,0.0,0.0,2.0,11.0,7.0,4.0,2.0,1.0,2.0,14.0,0.0,0.0,0.0,14.0,0.0,0.0,9.0,6.0,7.0,3.0,7.0,8.0,4.0,2.0,5.0,2.0,3.0,1.0,7.0,4.0,5.0,9.0,3.0,0.0,4.0,5.0,0.0,0.0,0.0,1.0,0.0,0.0,6.0,4.0,2.0,2.0,3.0,0.0,0.0,0.0,1.0,0.0,1.0,3.0,2.0,0.0,0.0,2.0,1.0,1.0,0.0,0.0,4.0,0.0,0.0,0.0,0.0,CC(c1ccc(C(=O)NCCC(=O)O)cc1)N1C(=O)C(c2ccc(F)cc2)=NC12CCC(C(C)(C)C)CC2
CHEMBL2159328,Active,31.0,5.0,3.0,0.0,0.0,2.0,2.0,1.0,40.0,10.0,3.0,0.0,0.0,4.0,4.0,0.0,1.0,1.0,0.0,0.0,0.0,0.0,0.0,38.0,12.0,5.0,0.0,0.0,4.0,4.0,0.0,0.0,32.0,14.0,3.0,0.0,0.0,4.0,4.0,2.0,0.0,36.0,11.0,4.0,0.0,0.0,2.0,2.0,0.0,0.0,0.0,2.0,2.0,0.0,40.0,8.0,3.0,0.0,0.0,2.0,2.0,0.0,0.0,0.0,2.0,2.0,2.0,0.0,0.0,0.0,0.0,43.0,4.0,4.0,0.0,0.0,4.0,4.0,1.0,1.0,0.0,0.0,0.0,41.0,3.0,5.0,0.0,0.0,6.0,6.0,1.0,1.0,0.0,0.0,0.0,35.0,5.0,5.0,0.0,0.0,8.0,8.0,0.0,0.0,0.0,0.0,0.0,0.0,0.0,28.0,5.0,5.0,0.0,0.0,8.0,8.0,0.0,0.0,0.0,0.0,0.0,0.0,0.0,0.0,0.0,3.0,0.0,0.0,0.0,0.0,1.0,0.0,1.0,0.0,1.0,0.0,1.0,0.0,0.0,1.0,0.0,2.0,0.0,1.0,1.0,2.0,0.0,0.0,1.0,5.0,2.0,2.0,0.0,0.0,0.0,0.0,0.0,0.0,1.0,1.0,0.0,0.0,0.0,0.0,0.0,0.0,0.0,0.0,1.0,0.0,0.0,0.0,0.0,0.0,0.0,0.0,0.0,0.0,0.0,0.0,0.0,0.0,0.0,0.0,0.0,1.0,0.0,1.0,1.0,1.0,0.0,0.0,1.0,0.0,0.0,1.0,0.0,0.0,0.0,0.0,1.0,2.0,2.0,2.0,1.0,0.0,0.0,1.0,0.0,0.0,0.0,1.0,0.0,0.0,1.0,1.0,0.0,0.0,1.0,1.0,1.0,0.0,0.0,3.0,0.0,0.0,0.0,0.0,O=C(O)CCNC(=O)c1ccc(Cn2nc(-c3cc(Cl)cc(Cl)c3)cc2-c2ccc3ccccc3c2)cc1
CHEMBL2159331,Active,31.0,5.0,5.0,0.0,3.0,2.0,5.0,1.0,41.0,10.0,5.0,0.0,0.0,4.0,4.0,0.0,1.0,1.0,3.0,3.0,3.0,3.0,3.0,40.0,12.0,7.0,0.0,3.0,4.0,7.0,0.0,0.0,34.0,14.0,5.0,0.0,6.0,4.0,10.0,2.0,0.0,38.0,11.0,6.0,0.0,6.0,2.0,8.0,0.0,0.0,0.0,2.0,2.0,0.0,42.0,8.0,4.0,0.0,6.0,2.0,8.0,0.0,0.0,0.0,2.0,2.0,2.0,0.0,0.0,0.0,0.0,44.0,4.0,5.0,0.0,6.0,4.0,10.0,1.0,1.0,0.0,0.0,0.0,42.0,3.0,6.0,0.0,3.0,6.0,9.0,1.0,2.0,0.0,0.0,0.0,36.0,6.0,7.0,0.0,3.0,8.0,11.0,0.0,1.0,0.0,0.0,0.0,0.0,0.0,30.0,6.0,7.0,0.0,3.0,8.0,11.0,0.0,0.0,3.0,0.0,0.0,0.0,0.0,0.0,0.0,3.0,0.0,0.0,0.0,0.0,1.0,0.0,1.0,0.0,1.0,0.0,1.0,0.0,0.0,1.0,1.0,2.0,0.0,1.0,2.0,2.0,3.0,1.0,1.0,6.0,2.0,2.0,0.0,0.0,0.0,0.0,0.0,0.0,1.0,1.0,0.0,0.0,0.0,0.0,0.0,0.0,0.0,0.0,1.0,0.0,0.0,0.0,0.0,0.0,0.0,0.0,0.0,0.0,0.0,0.0,0.0,0.0,0.0,0.0,0.0,1.0,0.0,1.0,1.0,1.0,0.0,0.0,1.0,0.0,0.0,1.0,0.0,0.0,0.0,0.0,1.0,2.0,2.0,2.0,1.0,0.0,0.0,1.0,0.0,0.0,0.0,2.0,1.0,3.0,1.0,1.0,0.0,0.0,1.0,1.0,1.0,0.0,0.0,4.0,0.0,0.0,3.0,0.0,O=C(O)CCNC(=O)c1ccc(Cn2nc(-c3cc(Cl)cc(Cl)c3)cc2-c2ccc3cc(OC(F)(F)F)ccc3c2)cc1
CHEMBL1922703,Active,20.0,12.0,3.0,0.0,3.0,1.0,4.0,3.0,31.0,10.0,3.0,0.0,0.0,2.0,2.0,8.0,1.0,0.0,3.0,3.0,3.0,3.0,3.0,26.0,20.0,5.0,0.0,3.0,2.0,5.0,2.0,0.0,25.0,19.0,3.0,0.0,6.0,1.0,7.0,2.0,0.0,29.0,18.0,1.0,0.0,6.0,2.0,8.0,0.0,3.0,0.0,1.0,1.0,0.0,32.0,17.0,2.0,0.0,3.0,2.0,5.0,0.0,0.0,0.0,1.0,1.0,0.0,0.0,0.0,0.0,0.0,34.0,8.0,0.0,0.0,0.0,3.0,3.0,1.0,3.0,3.0,3.0,0.0,23.0,11.0,6.0,0.0,3.0,4.0,7.0,0.0,0.0,0.0,0.0,0.0,21.0,4.0,5.0,0.0,0.0,3.0,3.0,4.0,2.0,6.0,6.0,0.0,0.0,0.0,12.0,10.0,8.0,0.0,12.0,2.0,14.0,2.0,0.0,0.0,0.0,0.0,0.0,0.0,0.0,0.0,1.0,0.0,0.0,0.0,0.0,0.0,0.0,0.0,1.0,1.0,0.0,1.0,0.0,0.0,0.0,1.0,1.0,0.0,2.0,1.0,1.0,3.0,1.0,0.0,5.0,1.0,0.0,0.0,0.0,0.0,0.0,0.0,0.0,0.0,0.0,0.0,0.0,0.0,0.0,0.0,0.0,0.0,0.0,0.0,0.0,0.0,0.0,0.0,0.0,0.0,0.0,0.0,0.0,0.0,0.0,0.0,0.0,0.0,0.0,0.0,0.0,0.0,0.0,0.0,0.0,0.0,0.0,0.0,0.0,0.0,0.0,0.0,0.0,0.0,0.0,0.0,1.0,1.0,4.0,1.0,0.0,0.0,0.0,3.0,0.0,0.0,1.0,1.0,3.0,4.0,1.0,0.0,0.0,2.0,0.0,0.0,0.0,0.0,2.0,0.0,0.0,3.0,0.0,Cn1c(=Nc2ccc(OC(F)(F)F)cc2)n(Cc2ccc(C(=O)Nc3nnn[nH]3)cc2)c2cc(Cl)ccc21
CHEMBL1922842,Active,24.0,12.0,3.0,0.0,6.0,0.0,6.0,3.0,36.0,10.0,4.0,0.0,6.0,0.0,6.0,8.0,1.0,0.0,0.0,0.0,6.0,6.0,6.0,31.0,20.0,6.0,0.0,12.0,0.0,12.0,2.0,1.0,30.0,22.0,6.0,0.0,12.0,0.0,12.0,3.0,0.0,39.0,21.0,2.0,0.0,6.0,0.0,6.0,0.0,3.0,6.0,0.0,6.0,0.0,41.0,22.0,3.0,0.0,12.0,0.0,12.0,0.0,0.0,3.0,0.0,3.0,0.0,0.0,0.0,0.0,0.0,47.0,10.0,4.0,0.0,9.0,0.0,9.0,1.0,1.0,9.0,9.0,0.0,37.0,10.0,6.0,0.0,24.0,0.0,24.0,0.0,0.0,0.0,0.0,0.0,34.0,4.0,5.0,0.0,21.0,0.0,21.0,4.0,2.0,0.0,0.0,0.0,0.0,0.0,25.0,10.0,5.0,0.0,21.0,0.0,21.0,2.0,0.0,0.0,0.0,0.0,0.0,0.0,0.0,0.0,3.0,0.0,0.0,0.0,0.0,1.0,0.0,0.0,2.0,1.0,0.0,1.0,0.0,0.0,0.0,2.0,1.0,0.0,1.0,0.0,0.0,6.0,1.0,0.0,9.0,1.0,2.0,0.0,0.0,0.0,0.0,0.0,0.0,0.0,1.0,0.0,0.0,0.0,0.0,0.0,0.0,0.0,0.0,0.0,0.0,0.0,0.0,0.0,0.0,0.0,0.0,0.0,0.0,0.0,0.0,0.0,0.0,0.0,0.0,0.0,0.0,0.0,0.0,1.0,0.0,0.0,0.0,0.0,0.0,0.0,0.0,0.0,0.0,0.0,0.0,1.0,0.0,0.0,4.0,1.0,0.0,0.0,0.0,3.0,0.0,0.0,1.0,1.0,6.0,4.0,1.0,0.0,0.0,2.0,0.0,0.0,0.0,0.0,2.0,0.0,0.0,0.0,0.0,CCCOc1cc(C(F)(F)F)cc2c1n(C)c(=Nc1cccc(C(F)(F)F)c1)n2Cc1ccc(C(=O)Nc2nnn[nH]2)cc1
CHEMBL88045,Inactive,20.0,7.0,0.0,2.0,1.0,0.0,1.0,0.0,29.0,8.0,0.0,2.0,2.0,0.0,2.0,1.0,0.0,0.0,0.0,0.0,0.0,0.0,0.0,28.0,12.0,0.0,2.0,2.0,0.0,2.0,0.0,0.0,27.0,13.0,0.0,1.0,1.0,0.0,1.0,0.0,0.0,32.0,8.0,0.0,1.0,1.0,0.0,1.0,1.0,0.0,0.0,0.0,0.0,0.0,32.0,4.0,0.0,0.0,1.0,0.0,1.0,1.0,0.0,1.0,0.0,1.0,0.0,0.0,0.0,0.0,0.0,26.0,5.0,0.0,3.0,2.0,0.0,2.0,0.0,0.0,1.0,1.0,0.0,19.0,4.0,0.0,2.0,4.0,0.0,4.0,0.0,0.0,0.0,0.0,0.0,8.0,3.0,0.0,4.0,4.0,0.0,4.0,0.0,0.0,0.0,0.0,0.0,0.0,0.0,5.0,1.0,0.0,4.0,2.0,0.0,2.0,0.0,0.0,1.0,0.0,0.0,0.0,0.0,0.0,0.0,0.0,0.0,0.0,0.0,0.0,0.0,0.0,0.0,2.0,0.0,0.0,0.0,0.0,0.0,0.0,0.0,0.0,0.0,2.0,0.0,0.0,1.0,0.0,0.0,2.0,0.0,0.0,0.0,0.0,0.0,0.0,0.0,0.0,0.0,0.0,0.0,0.0,0.0,0.0,0.0,0.0,0.0,0.0,0.0,0.0,0.0,0.0,0.0,0.0,0.0,0.0,0.0,0.0,0.0,0.0,0.0,0.0,0.0,0.0,0.0,0.0,0.0,0.0,0.0,0.0,0.0,0.0,0.0,0.0,0.0,0.0,0.0,0.0,0.0,0.0,0.0,0.0,0.0,0.0,0.0,0.0,0.0,0.0,0.0,0.0,0.0,0.0,0.0,1.0,0.0,0.0,0.0,0.0,0.0,0.0,0.0,0.0,0.0,0.0,0.0,0.0,0.0,0.0,CSc1ccc(-c2nc(-c3ccc(F)cc3)c(-c3ccncc3)n2C)cc1
CHEMBL142944,Inactive,23.0,2.0,1.0,0.0,1.0,0.0,1.0,0.0,30.0,4.0,2.0,0.0,2.0,0.0,2.0,0.0,0.0,0.0,0.0,0.0,0.0,0.0,0.0,33.0,7.0,2.0,0.0,2.0,0.0,2.0,0.0,0.0,42.0,3.0,3.0,0.0,1.0,0.0,1.0,1.0,0.0,45.0,3.0,6.0,0.0,1.0,0.0,1.0,0.0,0.0,0.0,0.0,0.0,0.0,40.0,3.0,4.0,0.0,2.0,0.0,2.0,0.0,0.0,0.0,0.0,0.0,0.0,0.0,0.0,0.0,0.0,26.0,1.0,4.0,0.0,4.0,0.0,4.0,0.0,0.0,0.0,0.0,0.0,11.0,0.0,1.0,0.0,4.0,0.0,4.0,0.0,0.0,1.0,1.0,0.0,3.0,0.0,0.0,0.0,5.0,0.0,5.0,0.0,0.0,0.0,0.0,0.0,0.0,0.0,0.0,0.0,0.0,0.0,1.0,0.0,1.0,0.0,0.0,0.0,0.0,3.0,3.0,0.0,0.0,2.0,3.0,0.0,0.0,0.0,0.0,2.0,1.0,0.0,6.0,0.0,0.0,0.0,0.0,0.0,1.0,0.0,0.0,0.0,1.0,0.0,0.0,1.0,0.0,1.0,12.0,0.0,8.0,0.0,0.0,0.0,0.0,0.0,0.0,0.0,4.0,0.0,0.0,0.0,0.0,0.0,0.0,0.0,0.0,0.0,0.0,1.0,0.0,0.0,0.0,0.0,0.0,0.0,0.0,0.0,0.0,0.0,0.0,0.0,0.0,0.0,0.0,0.0,0.0,0.0,0.0,0.0,0.0,0.0,0.0,0.0,0.0,0.0,0.0,0.0,0.0,1.0,0.0,0.0,0.0,0.0,0.0,0.0,0.0,0.0,0.0,0.0,1.0,0.0,1.0,0.0,0.0,0.0,0.0,0.0,0.0,0.0,0.0,0.0,1.0,0.0,0.0,0.0,0.0,CCCCc1c(C(C)C)nc(C(C)C)c(C(C)O)c1-c1ccc(F)cc1
CHEMBL471979,Active,24.0,12.0,3.0,0.0,0.0,0.0,0.0,3.0,39.0,10.0,3.0,0.0,0.0,0.0,0.0,8.0,1.0,0.0,0.0,0.0,0.0,0.0,0.0,34.0,20.0,5.0,0.0,0.0,0.0,0.0,2.0,0.0,33.0,19.0,3.0,0.0,0.0,0.0,0.0,3.0,0.0,33.0,20.0,3.0,0.0,0.0,0.0,0.0,0.0,3.0,0.0,0.0,0.0,0.0,38.0,20.0,1.0,0.0,0.0,0.0,0.0,0.0,1.0,0.0,0.0,0.0,0.0,0.0,0.0,0.0,0.0,41.0,11.0,2.0,0.0,0.0,0.0,0.0,1.0,1.0,0.0,0.0,0.0,33.0,15.0,5.0,0.0,0.0,0.0,0.0,0.0,0.0,0.0,0.0,0.0,38.0,4.0,6.0,0.0,0.0,0.0,0.0,4.0,2.0,0.0,0.0,0.0,0.0,0.0,26.0,11.0,8.0,0.0,0.0,0.0,0.0,2.0,0.0,0.0,0.0,2.0,0.0,0.0,0.0,0.0,5.0,4.0,0.0,0.0,0.0,2.0,0.0,0.0,5.0,1.0,0.0,1.0,0.0,0.0,0.0,1.0,1.0,0.0,1.0,1.0,0.0,0.0,1.0,0.0,14.0,1.0,10.0,0.0,0.0,5.0,1.0,0.0,0.0,0.0,14.0,0.0,0.0,0.0,2.0,11.0,7.0,2.0,0.0,0.0,0.0,14.0,0.0,0.0,0.0,14.0,0.0,0.0,9.0,0.0,7.0,3.0,0.0,4.0,2.0,0.0,2.0,0.0,0.0,0.0,2.0,0.0,0.0,2.0,0.0,0.0,0.0,0.0,0.0,0.0,0.0,0.0,0.0,0.0,3.0,1.0,0.0,1.0,0.0,0.0,0.0,0.0,1.0,1.0,0.0,2.0,1.0,0.0,0.0,2.0,0.0,0.0,0.0,0.0,2.0,0.0,0.0,0.0,0.0,COc1ccc2nc(N(Cc3ccc(C(=O)Nc4nnn[nH]4)cc3)C3CCC(C(C)(C)C)CC3)n(C)c2c1
CHEMBL515202,Inactive,24.0,12.0,1.0,0.0,0.0,0.0,0.0,3.0,38.0,10.0,1.0,0.0,0.0,0.0,0.0,8.0,1.0,0.0,0.0,0.0,0.0,0.0,0.0,32.0,20.0,3.0,0.0,0.0,0.0,0.0,2.0,0.0,31.0,19.0,2.0,0.0,0.0,0.0,0.0,2.0,0.0,32.0,19.0,1.0,0.0,0.0,0.0,0.0,0.0,2.0,0.0,0.0,0.0,0.0,36.0,19.0,1.0,0.0,0.0,0.0,0.0,0.0,0.0,0.0,0.0,0.0,0.0,0.0,0.0,0.0,0.0,41.0,10.0,0.0,0.0,0.0,0.0,0.0,1.0,1.0,0.0,0.0,0.0,31.0,15.0,2.0,0.0,0.0,0.0,0.0,0.0,0.0,0.0,0.0,0.0,35.0,4.0,2.0,0.0,0.0,0.0,0.0,4.0,2.0,0.0,0.0,0.0,0.0,0.0,22.0,11.0,5.0,0.0,0.0,0.0,0.0,2.0,0.0,0.0,0.0,2.0,0.0,0.0,0.0,0.0,5.0,4.0,0.0,0.0,0.0,2.0,0.0,0.0,4.0,1.0,0.0,1.0,0.0,0.0,0.0,1.0,1.0,0.0,1.0,0.0,0.0,0.0,0.0,0.0,13.0,1.0,10.0,0.0,0.0,5.0,1.0,0.0,0.0,0.0,14.0,0.0,0.0,0.0,2.0,11.0,7.0,2.0,0.0,0.0,0.0,14.0,0.0,0.0,0.0,14.0,0.0,0.0,9.0,0.0,7.0,3.0,0.0,4.0,2.0,0.0,2.0,0.0,0.0,0.0,2.0,0.0,0.0,2.0,0.0,0.0,0.0,0.0,0.0,0.0,0.0,0.0,0.0,0.0,3.0,1.0,0.0,1.0,0.0,0.0,0.0,0.0,0.0,0.0,0.0,2.0,1.0,0.0,0.0,2.0,0.0,0.0,0.0,0.0,1.0,0.0,0.0,0.0,0.0,Cn1c(N(Cc2ccc(C(=O)Nc3nnn[nH]3)cc2)C2CCC(C(C)(C)C)CC2)nc2ccccc21
CHEMBL452067,Active,28.0,7.0,5.0,0.0,0.0,0.0,0.0,0.0,40.0,7.0,5.0,0.0,0.0,0.0,0.0,1.0,3.0,1.0,0.0,0.0,0.0,0.0,0.0,35.0,12.0,8.0,0.0,0.0,0.0,0.0,0.0,1.0,30.0,13.0,9.0,0.0,0.0,0.0,0.0,2.0,0.0,31.0,9.0,11.0,0.0,0.0,0.0,0.0,0.0,0.0,0.0,0.0,0.0,1.0,32.0,11.0,11.0,0.0,0.0,0.0,0.0,0.0,0.0,0.0,0.0,0.0,2.0,0.0,0.0,0.0,0.0,44.0,2.0,8.0,0.0,0.0,0.0,0.0,1.0,1.0,0.0,0.0,0.0,38.0,7.0,11.0,0.0,0.0,0.0,0.0,0.0,0.0,0.0,0.0,0.0,40.0,3.0,5.0,0.0,0.0,0.0,0.0,1.0,2.0,0.0,0.0,1.0,0.0,0.0,33.0,5.0,6.0,0.0,0.0,0.0,0.0,0.0,1.0,0.0,0.0,3.0,0.0,0.0,1.0,0.0,6.0,5.0,1.0,0.0,0.0,2.0,0.0,0.0,5.0,2.0,0.0,2.0,0.0,0.0,2.0,1.0,3.0,0.0,1.0,0.0,0.0,0.0,0.0,2.0,18.0,3.0,12.0,0.0,0.0,5.0,1.0,1.0,0.0,1.0,15.0,0.0,0.0,0.0,2.0,11.0,7.0,2.0,2.0,1.0,0.0,14.0,0.0,0.0,0.0,14.0,0.0,0.0,9.0,6.0,7.0,3.0,7.0,4.0,2.0,2.0,3.0,2.0,3.0,1.0,3.0,2.0,0.0,5.0,0.0,0.0,3.0,0.0,0.0,0.0,0.0,3.0,0.0,0.0,6.0,4.0,0.0,2.0,3.0,1.0,0.0,1.0,2.0,0.0,0.0,3.0,3.0,0.0,0.0,2.0,1.0,1.0,0.0,1.0,5.0,0.0,0.0,0.0,1.0,Cc1cc(C)cc(NC(=O)N(Cc2ccc(C(=O)NCC(O)C(=O)O)cc2)C2CCC(C(C)(C)C)CC2)c1
CHEMBL88486,Active,22.0,4.0,0.0,2.0,1.0,0.0,1.0,0.0,30.0,6.0,2.0,2.0,2.0,0.0,2.0,0.0,0.0,0.0,0.0,0.0,0.0,0.0,0.0,30.0,6.0,2.0,2.0,2.0,0.0,2.0,0.0,0.0,28.0,7.0,2.0,1.0,1.0,0.0,1.0,0.0,0.0,29.0,6.0,1.0,1.0,1.0,0.0,1.0,0.0,0.0,0.0,0.0,0.0,0.0,30.0,2.0,1.0,1.0,1.0,0.0,1.0,1.0,0.0,1.0,0.0,1.0,0.0,0.0,0.0,0.0,0.0,26.0,4.0,1.0,2.0,3.0,0.0,3.0,0.0,1.0,0.0,0.0,0.0,18.0,4.0,2.0,2.0,3.0,0.0,3.0,0.0,0.0,0.0,0.0,0.0,8.0,3.0,2.0,4.0,4.0,0.0,4.0,0.0,0.0,0.0,0.0,0.0,0.0,0.0,5.0,1.0,4.0,4.0,2.0,0.0,2.0,0.0,0.0,1.0,0.0,0.0,0.0,0.0,0.0,0.0,0.0,0.0,0.0,0.0,0.0,0.0,0.0,0.0,1.0,0.0,0.0,0.0,0.0,0.0,0.0,0.0,0.0,0.0,2.0,0.0,0.0,1.0,0.0,0.0,1.0,0.0,0.0,0.0,0.0,0.0,0.0,0.0,0.0,0.0,0.0,0.0,0.0,0.0,0.0,0.0,0.0,0.0,0.0,0.0,0.0,0.0,0.0,0.0,0.0,0.0,0.0,0.0,0.0,0.0,0.0,0.0,0.0,0.0,0.0,0.0,0.0,0.0,0.0,0.0,0.0,0.0,0.0,0.0,0.0,0.0,0.0,0.0,0.0,0.0,0.0,0.0,0.0,0.0,0.0,0.0,0.0,0.0,0.0,0.0,0.0,0.0,0.0,0.0,1.0,0.0,0.0,0.0,0.0,0.0,0.0,0.0,0.0,0.0,1.0,0.0,0.0,0.0,0.0,C[S+]([O-])c1ccc(-c2cc(-c3ccncc3)c(-c3ccc(F)cc3)[nH]2)cc1
CHEMBL3238226,Active,31.0,11.0,2.0,0.0,0.0,1.0,1.0,3.0,45.0,17.0,2.0,0.0,0.0,2.0,2.0,4.0,2.0,0.0,0.0,0.0,0.0,0.0,0.0,44.0,17.0,6.0,0.0,0.0,1.0,1.0,2.0,1.0,45.0,15.0,9.0,0.0,0.0,2.0,2.0,0.0,0.0,50.0,17.0,7.0,0.0,0.0,1.0,1.0,1.0,3.0,0.0,1.0,1.0,0.0,57.0,21.0,6.0,0.0,0.0,1.0,1.0,0.0,2.0,0.0,1.0,1.0,0.0,1.0,0.0,0.0,0.0,63.0,17.0,6.0,0.0,0.0,3.0,3.0,1.0,1.0,0.0,0.0,0.0,52.0,15.0,7.0,0.0,0.0,4.0,4.0,0.0,0.0,0.0,0.0,0.0,48.0,13.0,4.0,0.0,0.0,4.0,4.0,1.0,2.0,0.0,0.0,1.0,0.0,0.0,34.0,18.0,7.0,0.0,0.0,4.0,4.0,2.0,0.0,0.0,0.0,2.0,0.0,0.0,0.0,0.0,7.0,3.0,0.0,0.0,0.0,3.0,0.0,0.0,6.0,1.0,0.0,1.0,0.0,0.0,0.0,3.0,2.0,0.0,1.0,0.0,1.0,0.0,0.0,0.0,21.0,2.0,17.0,1.0,0.0,9.0,2.0,1.0,0.0,1.0,22.0,0.0,0.0,0.0,3.0,14.0,7.0,4.0,2.0,0.0,1.0,18.0,0.0,0.0,1.0,17.0,0.0,0.0,9.0,6.0,7.0,3.0,7.0,11.0,5.0,3.0,5.0,3.0,3.0,0.0,6.0,4.0,5.0,8.0,3.0,0.0,3.0,5.0,0.0,0.0,0.0,0.0,1.0,0.0,6.0,4.0,2.0,2.0,3.0,0.0,0.0,0.0,0.0,0.0,0.0,3.0,2.0,0.0,0.0,2.0,0.0,0.0,0.0,0.0,2.0,0.0,0.0,0.0,0.0,CC(C)(C)CCC(c1ccc(C(=O)NCc2nn[nH]n2)cc1)N1C(=O)C(c2cncc(Cl)c2)=NC12CCC(C(C)(C)C)CC2
CHEMBL160314,Inactive,15.0,4.0,0.0,0.0,1.0,0.0,1.0,0.0,20.0,5.0,0.0,0.0,2.0,0.0,2.0,0.0,0.0,0.0,0.0,0.0,0.0,0.0,0.0,19.0,4.0,0.0,0.0,2.0,0.0,2.0,0.0,0.0,17.0,5.0,0.0,0.0,1.0,0.0,1.0,0.0,0.0,16.0,3.0,0.0,0.0,1.0,0.0,1.0,1.0,0.0,0.0,0.0,0.0,0.0,10.0,4.0,0.0,0.0,2.0,0.0,2.0,0.0,0.0,0.0,0.0,0.0,0.0,0.0,0.0,0.0,0.0,6.0,2.0,0.0,0.0,2.0,0.0,2.0,0.0,0.0,1.0,1.0,0.0,2.0,2.0,0.0,0.0,2.0,0.0,2.0,0.0,0.0,0.0,0.0,0.0,0.0,1.0,0.0,0.0,2.0,0.0,2.0,0.0,0.0,0.0,0.0,0.0,0.0,0.0,0.0,0.0,0.0,0.0,0.0,0.0,0.0,0.0,0.0,1.0,0.0,0.0,0.0,0.0,0.0,0.0,0.0,0.0,0.0,0.0,0.0,0.0,0.0,0.0,0.0,0.0,0.0,0.0,0.0,0.0,0.0,0.0,0.0,0.0,1.0,0.0,0.0,1.0,0.0,0.0,0.0,0.0,0.0,0.0,0.0,0.0,0.0,0.0,0.0,0.0,0.0,0.0,0.0,0.0,0.0,0.0,0.0,0.0,0.0,0.0,0.0,0.0,0.0,0.0,0.0,0.0,0.0,0.0,0.0,0.0,0.0,0.0,0.0,0.0,0.0,0.0,0.0,0.0,0.0,0.0,0.0,0.0,0.0,0.0,0.0,0.0,0.0,0.0,0.0,0.0,0.0,0.0,0.0,0.0,0.0,0.0,0.0,0.0,0.0,0.0,0.0,0.0,0.0,0.0,1.0,0.0,0.0,0.0,0.0,0.0,0.0,0.0,0.0,0.0,0.0,0.0,0.0,0.0,0.0,Fc1ccc(-c2cc[nH]c2-c2ccncc2)cc1
CHEMBL84373,Active,22.0,4.0,1.0,0.0,0.0,0.0,1.0,0.0,28.0,6.0,2.0,0.0,0.0,0.0,2.0,1.0,0.0,0.0,0.0,0.0,0.0,0.0,0.0,24.0,10.0,2.0,0.0,0.0,0.0,2.0,0.0,0.0,21.0,12.0,1.0,0.0,0.0,0.0,1.0,0.0,0.0,26.0,8.0,1.0,0.0,0.0,0.0,1.0,0.0,0.0,0.0,0.0,0.0,0.0,30.0,2.0,1.0,0.0,0.0,0.0,0.0,0.0,1.0,0.0,0.0,2.0,0.0,0.0,0.0,0.0,0.0,28.0,0.0,2.0,0.0,0.0,0.0,2.0,0.0,1.0,0.0,0.0,0.0,20.0,0.0,3.0,0.0,0.0,0.0,2.0,0.0,0.0,0.0,0.0,0.0,9.0,0.0,4.0,0.0,0.0,0.0,4.0,0.0,0.0,0.0,0.0,0.0,0.0,0.0,2.0,0.0,3.0,0.0,0.0,0.0,4.0,0.0,0.0,0.0,0.0,0.0,0.0,0.0,0.0,0.0,0.0,0.0,0.0,0.0,0.0,0.0,0.0,0.0,0.0,0.0,0.0,0.0,0.0,0.0,1.0,0.0,0.0,0.0,2.0,0.0,0.0,0.0,0.0,1.0,0.0,0.0,0.0,0.0,0.0,0.0,0.0,0.0,0.0,0.0,0.0,0.0,0.0,0.0,0.0,0.0,0.0,0.0,0.0,0.0,0.0,0.0,0.0,0.0,0.0,0.0,0.0,0.0,0.0,0.0,0.0,0.0,0.0,0.0,0.0,0.0,0.0,0.0,0.0,0.0,0.0,0.0,0.0,0.0,0.0,0.0,0.0,0.0,0.0,0.0,0.0,0.0,0.0,0.0,0.0,0.0,0.0,0.0,0.0,0.0,0.0,0.0,0.0,0.0,0.0,0.0,0.0,0.0,0.0,0.0,0.0,0.0,0.0,0.0,1.0,0.0,0.0,0.0,0.0,Oc1ccc(-c2[nH]c(-c3ccc(Br)cc3)nc2-c2ccccc2)cc1
CHEMBL87248,Inactive,17.0,6.0,2.0,0.0,1.0,0.0,2.0,0.0,22.0,8.0,3.0,0.0,2.0,0.0,3.0,1.0,0.0,0.0,0.0,1.0,0.0,0.0,0.0,20.0,9.0,0.0,0.0,2.0,0.0,4.0,0.0,2.0,17.0,13.0,2.0,0.0,1.0,0.0,2.0,0.0,0.0,23.0,6.0,2.0,0.0,1.0,0.0,1.0,1.0,0.0,0.0,0.0,2.0,0.0,22.0,3.0,4.0,0.0,1.0,0.0,3.0,1.0,0.0,1.0,0.0,1.0,0.0,0.0,0.0,0.0,0.0,19.0,3.0,4.0,0.0,2.0,0.0,4.0,0.0,0.0,1.0,1.0,0.0,11.0,3.0,1.0,0.0,3.0,0.0,7.0,0.0,1.0,0.0,0.0,0.0,2.0,3.0,0.0,0.0,3.0,0.0,7.0,0.0,0.0,0.0,0.0,0.0,1.0,1.0,0.0,0.0,0.0,0.0,2.0,0.0,3.0,0.0,0.0,2.0,0.0,0.0,0.0,0.0,0.0,0.0,0.0,0.0,0.0,0.0,0.0,0.0,0.0,0.0,0.0,0.0,0.0,0.0,0.0,0.0,0.0,0.0,0.0,0.0,1.0,0.0,0.0,1.0,0.0,0.0,0.0,0.0,0.0,0.0,0.0,0.0,0.0,0.0,0.0,0.0,0.0,0.0,0.0,0.0,0.0,0.0,0.0,0.0,0.0,0.0,0.0,0.0,0.0,0.0,0.0,0.0,0.0,0.0,0.0,0.0,0.0,0.0,0.0,0.0,0.0,0.0,0.0,0.0,0.0,0.0,0.0,0.0,0.0,0.0,0.0,0.0,0.0,0.0,0.0,0.0,0.0,0.0,0.0,0.0,0.0,0.0,0.0,0.0,0.0,0.0,0.0,0.0,0.0,0.0,1.0,0.0,0.0,0.0,0.0,0.0,0.0,0.0,0.0,0.0,0.0,0.0,0.0,0.0,0.0,Fc1ccc(-c2[nH]c(-c3ccc(Br)o3)nc2-c2ccncc2)cc1
CHEMBL2159353,Active,33.0,5.0,5.0,0.0,4.0,0.0,4.0,1.0,44.0,11.0,5.0,0.0,5.0,0.0,5.0,0.0,1.0,1.0,0.0,0.0,3.0,3.0,3.0,45.0,13.0,7.0,0.0,9.0,0.0,9.0,0.0,0.0,41.0,14.0,5.0,0.0,8.0,0.0,8.0,2.0,0.0,43.0,12.0,6.0,0.0,8.0,0.0,8.0,0.0,0.0,1.0,0.0,1.0,0.0,48.0,9.0,4.0,0.0,5.0,0.0,5.0,0.0,0.0,3.0,0.0,3.0,2.0,0.0,3.0,3.0,3.0,50.0,5.0,6.0,0.0,7.0,0.0,7.0,1.0,1.0,3.0,3.0,0.0,50.0,3.0,6.0,0.0,10.0,0.0,10.0,1.0,2.0,0.0,0.0,0.0,42.0,6.0,7.0,0.0,16.0,0.0,16.0,0.0,1.0,0.0,0.0,0.0,0.0,0.0,35.0,6.0,8.0,0.0,15.0,0.0,15.0,0.0,0.0,0.0,0.0,1.0,1.0,0.0,0.0,0.0,2.0,0.0,0.0,0.0,0.0,1.0,0.0,1.0,2.0,1.0,0.0,1.0,0.0,0.0,1.0,1.0,2.0,0.0,1.0,3.0,0.0,4.0,1.0,1.0,8.0,2.0,3.0,0.0,0.0,0.0,0.0,0.0,0.0,1.0,1.0,0.0,0.0,0.0,0.0,0.0,0.0,0.0,0.0,1.0,1.0,0.0,0.0,0.0,0.0,0.0,0.0,0.0,0.0,0.0,0.0,0.0,0.0,0.0,0.0,0.0,1.0,0.0,1.0,1.0,1.0,0.0,0.0,1.0,0.0,0.0,1.0,0.0,0.0,0.0,0.0,1.0,0.0,0.0,2.0,1.0,0.0,0.0,1.0,0.0,0.0,0.0,2.0,1.0,4.0,1.0,1.0,0.0,0.0,1.0,1.0,1.0,0.0,0.0,4.0,0.0,0.0,0.0,0.0,COc1ccc2cc(-c3cc(-c4cc(C(F)(F)F)ccc4F)nn3C(C)c3ccc(C(=O)NCCC(=O)O)cc3)ccc2c1
CHEMBL2159329,Active,31.0,5.0,5.0,0.0,0.0,2.0,2.0,1.0,41.0,10.0,5.0,0.0,0.0,4.0,4.0,0.0,1.0,1.0,0.0,0.0,0.0,0.0,0.0,40.0,12.0,7.0,0.0,0.0,4.0,4.0,0.0,0.0,34.0,14.0,5.0,0.0,0.0,4.0,4.0,2.0,0.0,38.0,11.0,6.0,0.0,0.0,2.0,2.0,0.0,0.0,0.0,2.0,2.0,0.0,42.0,8.0,4.0,0.0,0.0,2.0,2.0,0.0,0.0,0.0,2.0,2.0,2.0,0.0,0.0,0.0,0.0,44.0,4.0,5.0,0.0,0.0,4.0,4.0,1.0,1.0,0.0,0.0,0.0,42.0,3.0,6.0,0.0,0.0,6.0,6.0,1.0,2.0,0.0,0.0,0.0,36.0,6.0,7.0,0.0,0.0,8.0,8.0,0.0,1.0,0.0,0.0,0.0,0.0,0.0,30.0,6.0,7.0,0.0,0.0,8.0,8.0,0.0,0.0,0.0,0.0,0.0,0.0,0.0,0.0,0.0,3.0,0.0,0.0,0.0,0.0,1.0,0.0,1.0,1.0,1.0,0.0,1.0,0.0,0.0,1.0,0.0,2.0,0.0,1.0,2.0,2.0,0.0,1.0,1.0,6.0,2.0,2.0,0.0,0.0,0.0,0.0,0.0,0.0,1.0,1.0,0.0,0.0,0.0,0.0,0.0,0.0,0.0,0.0,1.0,0.0,0.0,0.0,0.0,0.0,0.0,0.0,0.0,0.0,0.0,0.0,0.0,0.0,0.0,0.0,0.0,1.0,0.0,1.0,1.0,1.0,0.0,0.0,1.0,0.0,0.0,1.0,0.0,0.0,0.0,0.0,1.0,2.0,2.0,2.0,1.0,0.0,0.0,1.0,0.0,0.0,0.0,2.0,1.0,0.0,1.0,1.0,0.0,0.0,1.0,1.0,1.0,0.0,0.0,4.0,0.0,0.0,0.0,0.0,COc1ccc2cc(-c3cc(-c4cc(Cl)cc(Cl)c4)nn3Cc3ccc(C(=O)NCCC(=O)O)cc3)ccc2c1
CHEMBL2112909,Inactive,25.0,2.0,2.0,2.0,0.0,1.0,1.0,1.0,32.0,4.0,7.0,3.0,0.0,2.0,2.0,0.0,1.0,1.0,0.0,0.0,0.0,0.0,0.0,27.0,6.0,10.0,4.0,0.0,2.0,2.0,0.0,1.0,21.0,9.0,12.0,3.0,0.0,2.0,2.0,0.0,0.0,19.0,9.0,9.0,3.0,0.0,0.0,0.0,0.0,0.0,0.0,1.0,1.0,0.0,22.0,6.0,8.0,2.0,0.0,0.0,0.0,0.0,1.0,0.0,1.0,1.0,1.0,0.0,0.0,0.0,0.0,27.0,2.0,7.0,0.0,0.0,1.0,1.0,0.0,1.0,0.0,0.0,0.0,26.0,1.0,4.0,0.0,0.0,1.0,1.0,0.0,2.0,0.0,0.0,0.0,20.0,3.0,3.0,1.0,0.0,2.0,2.0,0.0,2.0,0.0,0.0,0.0,0.0,0.0,14.0,4.0,4.0,1.0,0.0,3.0,3.0,0.0,0.0,0.0,0.0,1.0,0.0,0.0,0.0,0.0,5.0,2.0,0.0,0.0,0.0,3.0,1.0,0.0,0.0,1.0,0.0,1.0,0.0,0.0,1.0,0.0,1.0,0.0,0.0,1.0,1.0,0.0,0.0,1.0,8.0,1.0,5.0,0.0,0.0,0.0,0.0,0.0,0.0,0.0,5.0,0.0,0.0,0.0,0.0,0.0,0.0,0.0,0.0,0.0,0.0,5.0,0.0,0.0,0.0,1.0,0.0,0.0,0.0,0.0,0.0,0.0,0.0,0.0,0.0,0.0,0.0,0.0,0.0,0.0,0.0,0.0,0.0,0.0,0.0,0.0,0.0,0.0,0.0,0.0,0.0,0.0,1.0,1.0,1.0,0.0,0.0,0.0,0.0,0.0,0.0,0.0,0.0,0.0,0.0,2.0,1.0,0.0,0.0,1.0,0.0,0.0,0.0,0.0,4.0,0.0,0.0,0.0,0.0,O=C(NN=Cc1ccc(CS(=O)(=O)C2CCCC2)c2ccccc12)c1ccc(O)c(Cl)c1
CHEMBL157226,Inactive,23.0,4.0,6.0,0.0,3.0,1.0,4.0,1.0,29.0,6.0,8.0,0.0,3.0,2.0,5.0,0.0,1.0,0.0,0.0,0.0,3.0,3.0,3.0,25.0,8.0,9.0,0.0,6.0,2.0,8.0,0.0,2.0,16.0,11.0,7.0,0.0,6.0,2.0,8.0,1.0,1.0,15.0,10.0,7.0,0.0,3.0,0.0,3.0,0.0,1.0,0.0,1.0,1.0,0.0,17.0,6.0,6.0,0.0,3.0,0.0,3.0,0.0,2.0,0.0,1.0,1.0,1.0,0.0,0.0,0.0,0.0,21.0,2.0,5.0,0.0,0.0,1.0,1.0,0.0,3.0,3.0,3.0,1.0,21.0,4.0,8.0,0.0,3.0,1.0,4.0,0.0,0.0,0.0,0.0,0.0,23.0,1.0,6.0,0.0,3.0,2.0,5.0,1.0,0.0,0.0,0.0,1.0,0.0,0.0,19.0,1.0,8.0,0.0,0.0,2.0,2.0,1.0,0.0,0.0,0.0,0.0,0.0,0.0,0.0,0.0,3.0,0.0,0.0,0.0,0.0,1.0,0.0,0.0,1.0,2.0,0.0,1.0,0.0,0.0,1.0,1.0,1.0,0.0,1.0,2.0,1.0,3.0,2.0,1.0,7.0,1.0,1.0,0.0,0.0,0.0,0.0,0.0,0.0,0.0,0.0,0.0,0.0,0.0,0.0,0.0,0.0,0.0,0.0,0.0,0.0,0.0,0.0,0.0,0.0,0.0,0.0,0.0,0.0,0.0,0.0,0.0,0.0,0.0,0.0,0.0,0.0,0.0,0.0,0.0,1.0,0.0,0.0,1.0,0.0,0.0,0.0,0.0,0.0,0.0,0.0,1.0,1.0,1.0,3.0,1.0,0.0,0.0,0.0,0.0,0.0,1.0,2.0,2.0,3.0,3.0,1.0,0.0,0.0,2.0,0.0,0.0,0.0,1.0,4.0,0.0,0.0,0.0,0.0,COc1cc(OCCNCc2ccc(C(F)(F)F)cc2)ccc1C=NNC(=O)c1ccc(O)c(Cl)c1
CHEMBL1644193,Inactive,24.0,7.0,3.0,2.0,3.0,0.0,3.0,4.0,33.0,11.0,7.0,2.0,0.0,0.0,0.0,5.0,1.0,1.0,3.0,3.0,3.0,3.0,3.0,32.0,13.0,9.0,2.0,3.0,0.0,3.0,2.0,0.0,27.0,18.0,7.0,1.0,6.0,0.0,6.0,2.0,0.0,30.0,16.0,4.0,1.0,6.0,0.0,6.0,0.0,2.0,0.0,0.0,0.0,0.0,33.0,13.0,4.0,1.0,3.0,0.0,3.0,0.0,1.0,0.0,0.0,0.0,0.0,0.0,0.0,0.0,0.0,35.0,9.0,4.0,1.0,3.0,0.0,3.0,1.0,4.0,0.0,0.0,0.0,32.0,8.0,5.0,2.0,3.0,0.0,3.0,1.0,3.0,3.0,3.0,0.0,24.0,6.0,11.0,3.0,6.0,0.0,6.0,2.0,0.0,3.0,3.0,0.0,0.0,0.0,20.0,5.0,13.0,4.0,6.0,0.0,6.0,4.0,0.0,0.0,0.0,0.0,0.0,0.0,0.0,0.0,1.0,0.0,0.0,0.0,0.0,0.0,0.0,0.0,1.0,1.0,0.0,1.0,0.0,0.0,0.0,1.0,1.0,0.0,3.0,0.0,0.0,3.0,1.0,0.0,4.0,1.0,0.0,0.0,0.0,0.0,0.0,0.0,0.0,0.0,0.0,0.0,0.0,0.0,0.0,0.0,0.0,0.0,0.0,0.0,0.0,0.0,0.0,0.0,0.0,0.0,0.0,0.0,0.0,0.0,0.0,0.0,0.0,0.0,0.0,0.0,0.0,0.0,0.0,0.0,0.0,0.0,0.0,0.0,0.0,0.0,0.0,0.0,0.0,0.0,0.0,0.0,0.0,0.0,1.0,0.0,0.0,0.0,0.0,0.0,0.0,0.0,1.0,1.0,3.0,1.0,1.0,0.0,0.0,1.0,0.0,0.0,0.0,0.0,4.0,0.0,0.0,3.0,0.0,CS(=O)(=O)c1ccc(-c2cc(-c3ccc(OC(F)(F)F)cc3)n(Cc3ccc(C(=O)Nc4nn[nH]n4)cc3)n2)cc1
CHEMBL486650,Active,26.0,7.0,7.0,0.0,3.0,0.0,3.0,0.0,37.0,7.0,7.0,0.0,0.0,0.0,0.0,1.0,3.0,1.0,3.0,3.0,3.0,3.0,3.0,33.0,12.0,10.0,0.0,3.0,0.0,3.0,0.0,1.0,29.0,11.0,10.0,0.0,6.0,0.0,6.0,2.0,0.0,30.0,9.0,11.0,0.0,6.0,0.0,6.0,0.0,1.0,0.0,0.0,0.0,1.0,32.0,10.0,10.0,0.0,3.0,0.0,3.0,0.0,0.0,0.0,0.0,0.0,2.0,0.0,0.0,0.0,0.0,41.0,2.0,8.0,0.0,0.0,0.0,0.0,1.0,2.0,3.0,3.0,1.0,32.0,8.0,14.0,0.0,3.0,0.0,3.0,0.0,0.0,0.0,0.0,0.0,34.0,3.0,8.0,0.0,0.0,0.0,0.0,1.0,2.0,3.0,3.0,1.0,3.0,3.0,30.0,5.0,10.0,0.0,6.0,0.0,6.0,0.0,1.0,0.0,0.0,1.0,0.0,0.0,1.0,0.0,2.0,1.0,1.0,0.0,0.0,0.0,0.0,0.0,3.0,2.0,0.0,2.0,0.0,0.0,2.0,2.0,3.0,0.0,3.0,0.0,0.0,3.0,1.0,2.0,11.0,3.0,5.0,0.0,0.0,1.0,0.0,0.0,0.0,1.0,4.0,0.0,0.0,0.0,0.0,0.0,0.0,0.0,0.0,1.0,3.0,0.0,0.0,0.0,0.0,0.0,0.0,0.0,0.0,0.0,0.0,0.0,0.0,0.0,0.0,0.0,1.0,0.0,1.0,1.0,1.0,0.0,0.0,1.0,0.0,0.0,1.0,0.0,0.0,0.0,0.0,3.0,0.0,0.0,5.0,2.0,0.0,0.0,2.0,3.0,0.0,1.0,3.0,1.0,3.0,3.0,3.0,0.0,0.0,2.0,1.0,1.0,0.0,1.0,6.0,0.0,0.0,3.0,1.0,CC(C)(C)c1ccc(N(Cc2ccc(C(=O)NCC(O)C(=O)O)cc2)C(=O)Nc2ccc(OC(F)(F)F)cc2)cc1
CHEMBL455214,Active,30.0,7.0,9.0,0.0,4.0,0.0,4.0,0.0,42.0,7.0,8.0,0.0,2.0,0.0,2.0,1.0,3.0,2.0,6.0,6.0,2.0,2.0,2.0,38.0,12.0,13.0,0.0,10.0,0.0,10.0,0.0,1.0,33.0,12.0,12.0,0.0,8.0,0.0,8.0,2.0,0.0,36.0,9.0,12.0,0.0,6.0,0.0,6.0,0.0,2.0,2.0,0.0,2.0,1.0,36.0,10.0,12.0,0.0,4.0,0.0,4.0,0.0,0.0,0.0,0.0,0.0,2.0,0.0,0.0,0.0,0.0,42.0,4.0,8.0,0.0,0.0,0.0,0.0,1.0,3.0,4.0,4.0,2.0,38.0,8.0,15.0,0.0,6.0,0.0,6.0,0.0,0.0,0.0,0.0,0.0,39.0,5.0,13.0,0.0,6.0,0.0,6.0,1.0,2.0,2.0,2.0,1.0,2.0,2.0,36.0,6.0,15.0,0.0,12.0,0.0,12.0,0.0,1.0,0.0,0.0,1.0,0.0,0.0,1.0,0.0,6.0,1.0,1.0,0.0,0.0,3.0,2.0,0.0,0.0,2.0,0.0,2.0,0.0,0.0,2.0,2.0,3.0,0.0,2.0,1.0,0.0,4.0,2.0,2.0,14.0,3.0,7.0,0.0,0.0,0.0,0.0,0.0,0.0,1.0,5.0,0.0,0.0,0.0,0.0,0.0,0.0,0.0,0.0,1.0,1.0,3.0,0.0,0.0,1.0,2.0,0.0,0.0,1.0,0.0,0.0,0.0,0.0,0.0,0.0,0.0,1.0,0.0,1.0,1.0,1.0,0.0,0.0,1.0,0.0,0.0,1.0,0.0,0.0,0.0,0.0,3.0,0.0,0.0,5.0,2.0,0.0,0.0,2.0,3.0,0.0,1.0,5.0,1.0,4.0,3.0,3.0,0.0,0.0,2.0,1.0,1.0,0.0,1.0,7.0,0.0,0.0,3.0,1.0,O=C(NCC(O)C(=O)O)c1ccc(CN(C(=O)Nc2ccc3c(c2)C(F)(F)OC(F)(F)O3)c2ccc(C3=CCCCC3)cc2)cc1
CHEMBL452310,Inactive,29.0,7.0,6.0,0.0,0.0,2.0,2.0,0.0,39.0,7.0,5.0,0.0,0.0,4.0,4.0,1.0,3.0,1.0,0.0,0.0,0.0,0.0,0.0,36.0,12.0,8.0,0.0,0.0,4.0,4.0,0.0,1.0,30.0,12.0,11.0,0.0,0.0,2.0,2.0,2.0,0.0,35.0,9.0,11.0,0.0,0.0,2.0,2.0,0.0,0.0,0.0,0.0,0.0,1.0,37.0,8.0,10.0,0.0,0.0,0.0,0.0,0.0,0.0,0.0,2.0,2.0,2.0,2.0,0.0,0.0,0.0,41.0,4.0,8.0,0.0,0.0,4.0,4.0,1.0,1.0,0.0,0.0,0.0,37.0,7.0,10.0,0.0,0.0,6.0,6.0,0.0,0.0,0.0,0.0,0.0,34.0,5.0,7.0,0.0,0.0,8.0,8.0,1.0,2.0,0.0,0.0,1.0,0.0,0.0,31.0,6.0,7.0,0.0,0.0,6.0,6.0,0.0,1.0,0.0,0.0,1.0,0.0,0.0,1.0,0.0,6.0,1.0,1.0,0.0,0.0,3.0,2.0,0.0,1.0,2.0,0.0,2.0,0.0,0.0,1.0,0.0,3.0,0.0,2.0,0.0,2.0,0.0,1.0,1.0,13.0,3.0,7.0,0.0,0.0,0.0,0.0,0.0,0.0,1.0,5.0,0.0,0.0,0.0,0.0,0.0,0.0,0.0,0.0,1.0,1.0,3.0,0.0,0.0,1.0,2.0,0.0,0.0,1.0,0.0,0.0,0.0,0.0,0.0,0.0,0.0,1.0,0.0,1.0,1.0,1.0,0.0,0.0,1.0,0.0,0.0,1.0,0.0,0.0,0.0,0.0,3.0,2.0,2.0,5.0,2.0,0.0,0.0,2.0,3.0,0.0,1.0,3.0,0.0,0.0,3.0,3.0,0.0,0.0,2.0,1.0,1.0,0.0,1.0,5.0,0.0,0.0,0.0,1.0,COC(CNC(=O)c1ccc(CN(C(=O)Nc2cc(Cl)cc(Cl)c2)c2ccc(C3=CCCCC3)cc2)cc1)C(=O)O
CHEMBL3616582,Inactive,35.0,5.0,7.0,0.0,3.0,0.0,3.0,1.0,47.0,11.0,7.0,0.0,3.0,0.0,3.0,0.0,1.0,1.0,0.0,0.0,3.0,3.0,3.0,49.0,16.0,10.0,0.0,6.0,0.0,6.0,0.0,0.0,52.0,18.0,6.0,0.0,6.0,0.0,6.0,3.0,0.0,61.0,14.0,8.0,0.0,6.0,0.0,6.0,0.0,1.0,0.0,0.0,0.0,0.0,69.0,9.0,8.0,0.0,3.0,0.0,3.0,0.0,0.0,3.0,0.0,3.0,2.0,3.0,0.0,0.0,0.0,69.0,3.0,11.0,0.0,9.0,0.0,9.0,1.0,2.0,3.0,3.0,0.0,63.0,4.0,14.0,0.0,9.0,0.0,9.0,1.0,2.0,0.0,0.0,0.0,52.0,7.0,14.0,0.0,12.0,0.0,12.0,0.0,0.0,0.0,0.0,0.0,0.0,0.0,39.0,6.0,13.0,0.0,15.0,0.0,15.0,0.0,0.0,0.0,0.0,1.0,0.0,0.0,0.0,0.0,4.0,1.0,0.0,0.0,0.0,2.0,0.0,1.0,3.0,1.0,0.0,1.0,0.0,0.0,1.0,1.0,2.0,0.0,2.0,1.0,0.0,3.0,2.0,1.0,11.0,2.0,5.0,0.0,0.0,0.0,0.0,0.0,0.0,1.0,3.0,0.0,0.0,0.0,0.0,0.0,0.0,0.0,0.0,1.0,1.0,1.0,0.0,0.0,1.0,0.0,0.0,0.0,0.0,0.0,0.0,0.0,0.0,0.0,0.0,0.0,1.0,0.0,1.0,1.0,1.0,0.0,0.0,1.0,0.0,0.0,1.0,0.0,0.0,0.0,0.0,1.0,0.0,0.0,2.0,1.0,0.0,0.0,1.0,0.0,0.0,0.0,3.0,2.0,3.0,1.0,1.0,0.0,0.0,1.0,1.0,1.0,0.0,0.0,5.0,0.0,0.0,0.0,0.0,CCCC(c1ccc(C(=O)NCCC(=O)O)cc1)n1nc(-c2cc(C(F)(F)F)ccc2OC)c2cccc(-c3ccc(OC)cc3)c21
CHEMBL3616583,Active,36.0,5.0,5.0,0.0,3.0,0.0,3.0,1.0,48.0,11.0,5.0,0.0,3.0,0.0,3.0,0.0,1.0,1.0,0.0,0.0,3.0,3.0,3.0,49.0,15.0,8.0,0.0,6.0,0.0,6.0,0.0,0.0,50.0,15.0,5.0,0.0,6.0,0.0,6.0,3.0,0.0,57.0,12.0,7.0,0.0,6.0,0.0,6.0,0.0,1.0,0.0,0.0,0.0,0.0,62.0,10.0,6.0,0.0,3.0,0.0,3.0,0.0,0.0,3.0,0.0,3.0,2.0,3.0,0.0,0.0,0.0,59.0,6.0,9.0,0.0,9.0,0.0,9.0,1.0,1.0,3.0,3.0,0.0,57.0,5.0,11.0,0.0,9.0,0.0,9.0,1.0,1.0,0.0,0.0,0.0,52.0,8.0,11.0,0.0,12.0,0.0,12.0,0.0,0.0,0.0,0.0,0.0,0.0,0.0,47.0,5.0,7.0,0.0,15.0,0.0,15.0,0.0,0.0,0.0,0.0,1.0,0.0,0.0,0.0,0.0,4.0,1.0,0.0,0.0,0.0,2.0,0.0,1.0,3.0,1.0,0.0,1.0,0.0,0.0,1.0,1.0,2.0,0.0,2.0,2.0,0.0,3.0,1.0,1.0,11.0,2.0,5.0,0.0,0.0,0.0,0.0,0.0,0.0,1.0,3.0,0.0,0.0,0.0,0.0,0.0,0.0,0.0,0.0,1.0,1.0,1.0,0.0,0.0,1.0,0.0,0.0,0.0,0.0,0.0,0.0,0.0,0.0,0.0,0.0,0.0,1.0,0.0,1.0,1.0,1.0,0.0,0.0,1.0,0.0,0.0,1.0,0.0,0.0,0.0,0.0,1.0,0.0,0.0,2.0,1.0,0.0,0.0,1.0,0.0,0.0,0.0,2.0,1.0,3.0,1.0,1.0,0.0,0.0,1.0,1.0,1.0,0.0,0.0,4.0,0.0,0.0,0.0,0.0,CCCC(c1ccc(C(=O)NCCC(=O)O)cc1)n1nc(-c2cc(C(F)(F)F)ccc2OC)c2cc(-c3ccc(C)cc3)ccc21
CHEMBL3616585,Inactive,36.0,5.0,5.0,0.0,3.0,0.0,3.0,1.0,48.0,11.0,5.0,0.0,3.0,0.0,3.0,0.0,1.0,1.0,0.0,0.0,3.0,3.0,3.0,49.0,16.0,8.0,0.0,6.0,0.0,6.0,0.0,0.0,51.0,18.0,5.0,0.0,6.0,0.0,6.0,3.0,0.0,61.0,14.0,7.0,0.0,6.0,0.0,6.0,0.0,1.0,0.0,0.0,0.0,0.0,70.0,9.0,6.0,0.0,3.0,0.0,3.0,0.0,0.0,3.0,0.0,3.0,2.0,3.0,0.0,0.0,0.0,69.0,4.0,9.0,0.0,9.0,0.0,9.0,1.0,1.0,3.0,3.0,0.0,64.0,4.0,11.0,0.0,9.0,0.0,9.0,1.0,1.0,0.0,0.0,0.0,52.0,6.0,11.0,0.0,12.0,0.0,12.0,0.0,0.0,0.0,0.0,0.0,0.0,0.0,41.0,6.0,8.0,0.0,15.0,0.0,15.0,0.0,0.0,0.0,0.0,1.0,0.0,0.0,0.0,0.0,4.0,1.0,0.0,0.0,0.0,2.0,0.0,1.0,3.0,1.0,0.0,1.0,0.0,0.0,1.0,1.0,2.0,0.0,2.0,1.0,0.0,3.0,1.0,1.0,11.0,2.0,5.0,0.0,0.0,0.0,0.0,0.0,0.0,1.0,3.0,0.0,0.0,0.0,0.0,0.0,0.0,0.0,0.0,1.0,1.0,1.0,0.0,0.0,1.0,0.0,0.0,0.0,0.0,0.0,0.0,0.0,0.0,0.0,0.0,0.0,1.0,0.0,1.0,1.0,1.0,0.0,0.0,1.0,0.0,0.0,1.0,0.0,0.0,0.0,0.0,1.0,0.0,0.0,2.0,1.0,0.0,0.0,1.0,0.0,0.0,0.0,2.0,1.0,3.0,1.0,1.0,0.0,0.0,1.0,1.0,1.0,0.0,0.0,4.0,0.0,0.0,0.0,0.0,CCCC(c1ccc(C(=O)NCCC(=O)O)cc1)n1nc(-c2cc(C(F)(F)F)ccc2OC)c2cccc(-c3ccc(C)cc3)c21
CHEMBL3616586,Active,36.0,5.0,7.0,0.0,3.0,0.0,3.0,0.0,51.0,7.0,7.0,0.0,3.0,0.0,3.0,0.0,1.0,1.0,0.0,0.0,3.0,3.0,3.0,55.0,9.0,10.0,0.0,6.0,0.0,6.0,0.0,0.0,57.0,9.0,7.0,0.0,6.0,0.0,6.0,2.0,0.0,63.0,6.0,8.0,0.0,6.0,0.0,6.0,0.0,1.0,0.0,0.0,0.0,0.0,64.0,7.0,8.0,0.0,6.0,0.0,6.0,0.0,0.0,0.0,0.0,0.0,2.0,3.0,0.0,0.0,0.0,64.0,2.0,10.0,0.0,9.0,0.0,9.0,1.0,1.0,3.0,3.0,0.0,60.0,4.0,12.0,0.0,9.0,0.0,9.0,0.0,1.0,0.0,0.0,0.0,54.0,6.0,14.0,0.0,9.0,0.0,9.0,0.0,0.0,0.0,0.0,0.0,0.0,0.0,49.0,4.0,11.0,0.0,12.0,0.0,12.0,0.0,0.0,0.0,0.0,1.0,0.0,0.0,0.0,0.0,4.0,1.0,0.0,0.0,0.0,2.0,0.0,1.0,3.0,1.0,0.0,1.0,0.0,0.0,1.0,1.0,2.0,0.0,2.0,2.0,0.0,3.0,2.0,1.0,11.0,2.0,5.0,0.0,0.0,0.0,0.0,0.0,0.0,1.0,3.0,0.0,0.0,0.0,0.0,0.0,0.0,0.0,0.0,1.0,1.0,1.0,0.0,0.0,1.0,0.0,0.0,0.0,0.0,0.0,0.0,0.0,0.0,0.0,0.0,0.0,1.0,0.0,1.0,1.0,1.0,0.0,0.0,1.0,0.0,0.0,1.0,0.0,0.0,0.0,0.0,1.0,0.0,0.0,2.0,1.0,0.0,0.0,1.0,0.0,0.0,0.0,3.0,2.0,3.0,1.0,1.0,0.0,0.0,1.0,1.0,1.0,0.0,0.0,5.0,0.0,0.0,0.0,0.0,CCCC(c1ccc(C(=O)NCCC(=O)O)cc1)n1cc(-c2cc(C(F)(F)F)ccc2OC)c2ccc(-c3ccc(OC)cc3)cc21
CHEMBL3616591,Active,32.0,5.0,7.0,0.0,3.0,1.0,4.0,1.0,43.0,11.0,7.0,0.0,0.0,2.0,2.0,0.0,1.0,1.0,3.0,3.0,3.0,3.0,3.0,45.0,14.0,10.0,0.0,3.0,2.0,5.0,0.0,0.0,44.0,14.0,6.0,0.0,6.0,2.0,8.0,3.0,0.0,47.0,11.0,7.0,0.0,6.0,1.0,7.0,0.0,1.0,0.0,1.0,1.0,0.0,49.0,9.0,8.0,0.0,3.0,3.0,6.0,0.0,0.0,0.0,1.0,1.0,2.0,0.0,0.0,0.0,0.0,49.0,5.0,10.0,0.0,3.0,3.0,6.0,1.0,1.0,0.0,0.0,0.0,47.0,3.0,9.0,0.0,6.0,3.0,9.0,1.0,2.0,0.0,0.0,0.0,40.0,6.0,11.0,0.0,6.0,3.0,9.0,0.0,1.0,0.0,0.0,0.0,0.0,0.0,35.0,6.0,11.0,0.0,3.0,4.0,7.0,0.0,0.0,3.0,0.0,1.0,1.0,0.0,0.0,0.0,2.0,0.0,0.0,0.0,0.0,1.0,0.0,1.0,2.0,1.0,0.0,1.0,0.0,0.0,1.0,1.0,2.0,0.0,2.0,2.0,1.0,3.0,2.0,1.0,8.0,2.0,3.0,0.0,0.0,0.0,0.0,0.0,0.0,1.0,1.0,0.0,0.0,0.0,0.0,0.0,0.0,0.0,0.0,1.0,1.0,0.0,0.0,0.0,0.0,0.0,0.0,0.0,0.0,0.0,0.0,0.0,0.0,0.0,0.0,0.0,1.0,0.0,1.0,1.0,1.0,0.0,0.0,1.0,0.0,0.0,1.0,0.0,0.0,0.0,0.0,1.0,1.0,1.0,2.0,1.0,0.0,0.0,1.0,0.0,0.0,0.0,3.0,2.0,3.0,1.0,1.0,0.0,0.0,1.0,1.0,1.0,0.0,0.0,5.0,0.0,0.0,3.0,0.0,COc1ccc(Cl)cc1-c1nn(C(C)c2ccc(C(=O)NCCC(=O)O)cc2)c2cc(-c3ccc(OC(F)(F)F)cc3)ccc12
CHEMBL3616688,Active,37.0,5.0,5.0,0.0,3.0,0.0,3.0,1.0,49.0,11.0,5.0,0.0,3.0,0.0,3.0,0.0,1.0,1.0,0.0,0.0,3.0,3.0,3.0,50.0,15.0,8.0,0.0,6.0,0.0,6.0,0.0,0.0,50.0,16.0,5.0,0.0,6.0,0.0,6.0,3.0,0.0,57.0,14.0,7.0,0.0,6.0,0.0,6.0,0.0,1.0,0.0,0.0,0.0,0.0,65.0,11.0,6.0,0.0,3.0,0.0,3.0,0.0,0.0,3.0,0.0,3.0,2.0,3.0,0.0,0.0,0.0,66.0,5.0,8.0,0.0,9.0,0.0,9.0,1.0,1.0,3.0,3.0,0.0,62.0,5.0,10.0,0.0,9.0,0.0,9.0,1.0,1.0,0.0,0.0,0.0,59.0,7.0,11.0,0.0,9.0,0.0,9.0,0.0,0.0,0.0,0.0,0.0,0.0,0.0,52.0,6.0,10.0,0.0,12.0,0.0,12.0,0.0,0.0,0.0,0.0,1.0,0.0,0.0,0.0,0.0,5.0,1.0,0.0,0.0,0.0,3.0,1.0,1.0,3.0,1.0,0.0,1.0,0.0,0.0,1.0,1.0,2.0,0.0,2.0,2.0,0.0,3.0,1.0,1.0,12.0,2.0,6.0,0.0,0.0,0.0,0.0,0.0,0.0,1.0,4.0,0.0,0.0,0.0,0.0,0.0,0.0,0.0,0.0,1.0,1.0,2.0,0.0,0.0,1.0,1.0,0.0,0.0,0.0,0.0,0.0,0.0,0.0,0.0,0.0,0.0,1.0,0.0,1.0,1.0,1.0,0.0,0.0,1.0,0.0,0.0,1.0,0.0,0.0,0.0,0.0,1.0,0.0,0.0,2.0,1.0,0.0,0.0,1.0,0.0,0.0,0.0,2.0,1.0,3.0,1.0,1.0,0.0,0.0,1.0,1.0,1.0,0.0,0.0,4.0,0.0,0.0,0.0,0.0,CCCCC(c1ccc(C(=O)NCCC(=O)O)cc1)n1nc(-c2cc(C(F)(F)F)ccc2OC)c2ccc(-c3ccc(C)cc3)cc21
CHEMBL3616700,Active,35.0,5.0,5.0,0.0,3.0,0.0,3.0,1.0,47.0,11.0,5.0,0.0,3.0,0.0,3.0,0.0,1.0,1.0,0.0,0.0,3.0,3.0,3.0,48.0,15.0,8.0,0.0,6.0,0.0,6.0,0.0,0.0,48.0,15.0,5.0,0.0,6.0,0.0,6.0,3.0,0.0,53.0,12.0,7.0,0.0,6.0,0.0,6.0,0.0,1.0,0.0,0.0,0.0,0.0,57.0,10.0,6.0,0.0,3.0,0.0,3.0,0.0,0.0,3.0,0.0,3.0,2.0,3.0,0.0,0.0,0.0,57.0,5.0,8.0,0.0,9.0,0.0,9.0,1.0,1.0,3.0,3.0,0.0,53.0,5.0,10.0,0.0,9.0,0.0,9.0,1.0,1.0,0.0,0.0,0.0,50.0,6.0,9.0,0.0,9.0,0.0,9.0,0.0,0.0,0.0,0.0,0.0,0.0,0.0,42.0,5.0,8.0,0.0,12.0,0.0,12.0,0.0,0.0,0.0,0.0,1.0,0.0,0.0,0.0,0.0,3.0,1.0,0.0,0.0,0.0,1.0,0.0,1.0,3.0,1.0,0.0,1.0,0.0,0.0,1.0,1.0,2.0,0.0,2.0,2.0,0.0,3.0,1.0,1.0,10.0,2.0,4.0,0.0,0.0,0.0,0.0,0.0,0.0,1.0,2.0,0.0,0.0,0.0,0.0,0.0,0.0,0.0,0.0,1.0,1.0,0.0,0.0,0.0,1.0,0.0,0.0,0.0,0.0,0.0,0.0,0.0,0.0,0.0,0.0,0.0,1.0,0.0,1.0,1.0,1.0,0.0,0.0,1.0,0.0,0.0,1.0,0.0,0.0,0.0,0.0,1.0,0.0,0.0,2.0,1.0,0.0,0.0,1.0,0.0,0.0,0.0,2.0,1.0,3.0,1.0,1.0,0.0,0.0,1.0,1.0,1.0,0.0,0.0,4.0,0.0,0.0,0.0,0.0,CCC(c1ccc(C(=O)NCCC(=O)O)cc1)n1nc(-c2cc(C(F)(F)F)ccc2OC)c2ccc(-c3ccc(C)cc3)cc21
CHEMBL3616701,Active,34.0,5.0,5.0,0.0,3.0,0.0,3.0,1.0,46.0,11.0,5.0,0.0,3.0,0.0,3.0,0.0,1.0,1.0,0.0,0.0,3.0,3.0,3.0,47.0,14.0,8.0,0.0,6.0,0.0,6.0,0.0,0.0,45.0,14.0,5.0,0.0,6.0,0.0,6.0,3.0,0.0,48.0,12.0,7.0,0.0,6.0,0.0,6.0,0.0,1.0,0.0,0.0,0.0,0.0,53.0,10.0,6.0,0.0,3.0,0.0,3.0,0.0,0.0,3.0,0.0,3.0,2.0,3.0,0.0,0.0,0.0,52.0,5.0,8.0,0.0,9.0,0.0,9.0,1.0,1.0,3.0,3.0,0.0,49.0,4.0,8.0,0.0,9.0,0.0,9.0,1.0,1.0,0.0,0.0,0.0,44.0,6.0,9.0,0.0,9.0,0.0,9.0,0.0,0.0,0.0,0.0,0.0,0.0,0.0,40.0,5.0,8.0,0.0,9.0,0.0,9.0,0.0,0.0,0.0,0.0,1.0,1.0,0.0,0.0,0.0,2.0,0.0,0.0,0.0,0.0,1.0,0.0,1.0,3.0,1.0,0.0,1.0,0.0,0.0,1.0,1.0,2.0,0.0,2.0,2.0,0.0,3.0,1.0,1.0,9.0,2.0,3.0,0.0,0.0,0.0,0.0,0.0,0.0,1.0,1.0,0.0,0.0,0.0,0.0,0.0,0.0,0.0,0.0,1.0,1.0,0.0,0.0,0.0,0.0,0.0,0.0,0.0,0.0,0.0,0.0,0.0,0.0,0.0,0.0,0.0,1.0,0.0,1.0,1.0,1.0,0.0,0.0,1.0,0.0,0.0,1.0,0.0,0.0,0.0,0.0,1.0,0.0,0.0,2.0,1.0,0.0,0.0,1.0,0.0,0.0,0.0,2.0,1.0,3.0,1.0,1.0,0.0,0.0,1.0,1.0,1.0,0.0,0.0,4.0,0.0,0.0,0.0,0.0,COc1ccc(C(F)(F)F)cc1-c1nn(C(C)c2ccc(C(=O)NCCC(=O)O)cc2)c2cc(-c3ccc(C)cc3)ccc12
CHEMBL3926079,Active,32.0,3.0,3.0,2.0,0.0,1.0,1.0,0.0,44.0,3.0,3.0,3.0,0.0,2.0,2.0,0.0,1.0,1.0,0.0,0.0,0.0,0.0,0.0,46.0,5.0,5.0,4.0,0.0,2.0,2.0,0.0,0.0,52.0,4.0,3.0,3.0,0.0,1.0,1.0,2.0,0.0,56.0,5.0,4.0,5.0,0.0,1.0,1.0,0.0,0.0,0.0,0.0,0.0,0.0,58.0,2.0,3.0,5.0,0.0,2.0,2.0,0.0,0.0,0.0,0.0,0.0,2.0,0.0,0.0,0.0,0.0,51.0,4.0,6.0,4.0,0.0,4.0,4.0,0.0,0.0,0.0,0.0,0.0,39.0,7.0,7.0,1.0,0.0,5.0,5.0,0.0,0.0,0.0,0.0,0.0,25.0,10.0,7.0,1.0,0.0,5.0,5.0,0.0,0.0,0.0,0.0,0.0,0.0,0.0,16.0,8.0,6.0,0.0,0.0,4.0,4.0,0.0,0.0,0.0,0.0,2.0,0.0,0.0,0.0,0.0,4.0,1.0,0.0,0.0,0.0,2.0,0.0,1.0,2.0,1.0,0.0,1.0,0.0,0.0,1.0,0.0,2.0,0.0,2.0,0.0,1.0,0.0,0.0,1.0,11.0,2.0,6.0,0.0,0.0,0.0,0.0,0.0,0.0,1.0,4.0,0.0,0.0,0.0,0.0,0.0,0.0,0.0,0.0,1.0,3.0,2.0,0.0,0.0,2.0,1.0,0.0,0.0,0.0,0.0,0.0,0.0,0.0,0.0,0.0,0.0,1.0,0.0,1.0,1.0,1.0,0.0,0.0,1.0,0.0,0.0,1.0,0.0,0.0,0.0,0.0,1.0,1.0,1.0,2.0,1.0,0.0,0.0,1.0,0.0,0.0,0.0,1.0,0.0,0.0,2.0,1.0,0.0,0.0,1.0,1.0,1.0,0.0,0.0,3.0,0.0,0.0,0.0,0.0,CCCC(c1ccc(C(=O)NCCC(=O)O)cc1)C(c1ccc(Cl)cc1)c1csc2c(C#N)cc(C)cc12
CHEMBL3898694,Active,31.0,3.0,3.0,2.0,0.0,3.0,3.0,0.0,42.0,3.0,3.0,3.0,0.0,6.0,6.0,0.0,1.0,1.0,0.0,0.0,0.0,0.0,0.0,44.0,5.0,5.0,4.0,0.0,6.0,6.0,0.0,0.0,49.0,4.0,3.0,3.0,0.0,6.0,6.0,2.0,0.0,54.0,4.0,4.0,4.0,0.0,5.0,5.0,0.0,0.0,0.0,1.0,1.0,0.0,56.0,2.0,3.0,5.0,0.0,8.0,8.0,0.0,0.0,0.0,0.0,0.0,2.0,0.0,0.0,0.0,0.0,47.0,4.0,6.0,4.0,0.0,13.0,13.0,0.0,0.0,0.0,0.0,0.0,34.0,7.0,7.0,1.0,0.0,15.0,15.0,0.0,0.0,0.0,0.0,0.0,21.0,10.0,7.0,1.0,0.0,12.0,12.0,0.0,0.0,0.0,0.0,0.0,0.0,0.0,15.0,8.0,6.0,0.0,0.0,5.0,5.0,0.0,0.0,1.0,0.0,2.0,0.0,0.0,0.0,0.0,4.0,1.0,0.0,0.0,0.0,2.0,0.0,1.0,1.0,1.0,0.0,1.0,0.0,0.0,1.0,0.0,2.0,0.0,1.0,1.0,3.0,0.0,0.0,1.0,10.0,2.0,6.0,0.0,0.0,0.0,0.0,0.0,0.0,1.0,4.0,0.0,0.0,0.0,0.0,0.0,0.0,0.0,0.0,1.0,3.0,2.0,0.0,0.0,2.0,1.0,0.0,0.0,0.0,0.0,0.0,0.0,0.0,0.0,0.0,0.0,1.0,0.0,1.0,1.0,1.0,0.0,0.0,1.0,0.0,0.0,1.0,0.0,0.0,0.0,0.0,1.0,3.0,3.0,2.0,1.0,0.0,0.0,1.0,0.0,0.0,0.0,1.0,0.0,0.0,2.0,1.0,0.0,0.0,1.0,1.0,1.0,0.0,0.0,3.0,0.0,0.0,0.0,0.0,CCCC(c1ccc(C(=O)NCCC(=O)O)cc1)C(c1ccc(Cl)c(Cl)c1)c1csc2c(C#N)cc(Cl)cc12
CHEMBL3237910,Inactive,29.0,7.0,4.0,0.0,0.0,0.0,0.0,0.0,40.0,11.0,4.0,0.0,0.0,0.0,0.0,1.0,2.0,1.0,0.0,0.0,0.0,0.0,0.0,41.0,13.0,8.0,0.0,0.0,0.0,0.0,0.0,1.0,39.0,12.0,9.0,0.0,0.0,0.0,0.0,2.0,0.0,40.0,9.0,10.0,0.0,0.0,0.0,0.0,0.0,0.0,0.0,0.0,0.0,0.0,41.0,11.0,7.0,0.0,0.0,0.0,0.0,0.0,0.0,0.0,0.0,0.0,2.0,0.0,0.0,0.0,0.0,46.0,2.0,7.0,0.0,0.0,0.0,0.0,1.0,1.0,0.0,0.0,0.0,38.0,4.0,10.0,0.0,0.0,0.0,0.0,0.0,0.0,0.0,0.0,0.0,33.0,4.0,5.0,0.0,0.0,0.0,0.0,1.0,2.0,0.0,0.0,1.0,0.0,0.0,27.0,5.0,6.0,0.0,0.0,0.0,0.0,0.0,0.0,0.0,0.0,2.0,1.0,0.0,0.0,0.0,6.0,2.0,0.0,0.0,0.0,3.0,0.0,1.0,4.0,1.0,0.0,1.0,0.0,0.0,1.0,2.0,3.0,0.0,1.0,0.0,0.0,0.0,0.0,1.0,18.0,3.0,14.0,1.0,0.0,5.0,2.0,1.0,0.0,2.0,15.0,0.0,0.0,0.0,2.0,11.0,7.0,4.0,2.0,1.0,2.0,14.0,0.0,0.0,0.0,14.0,0.0,0.0,9.0,6.0,7.0,3.0,7.0,8.0,4.0,2.0,5.0,2.0,3.0,1.0,7.0,4.0,5.0,9.0,3.0,0.0,4.0,5.0,0.0,0.0,0.0,1.0,0.0,0.0,6.0,4.0,2.0,2.0,3.0,0.0,0.0,0.0,1.0,0.0,0.0,3.0,2.0,0.0,0.0,2.0,1.0,1.0,0.0,0.0,4.0,0.0,0.0,0.0,0.0,CC(c1ccc(C(=O)NCCC(=O)O)cc1)N1C(=O)C(c2ccccc2)=NC12CCC(C(C)(C)C)CC2
CHEMBL3237919,Inactive,29.0,7.0,5.0,0.0,0.0,2.0,2.0,0.0,40.0,11.0,6.0,0.0,0.0,4.0,4.0,1.0,2.0,1.0,0.0,0.0,0.0,0.0,0.0,41.0,13.0,8.0,0.0,0.0,4.0,4.0,0.0,2.0,39.0,12.0,10.0,0.0,0.0,4.0,4.0,2.0,0.0,40.0,9.0,11.0,0.0,0.0,2.0,2.0,0.0,0.0,0.0,2.0,2.0,1.0,41.0,11.0,9.0,0.0,0.0,2.0,2.0,0.0,0.0,0.0,2.0,2.0,2.0,2.0,0.0,0.0,0.0,46.0,2.0,9.0,0.0,0.0,6.0,6.0,1.0,1.0,0.0,0.0,0.0,38.0,4.0,11.0,0.0,0.0,8.0,8.0,0.0,0.0,0.0,0.0,0.0,33.0,4.0,6.0,0.0,0.0,6.0,6.0,1.0,2.0,0.0,0.0,1.0,0.0,0.0,27.0,5.0,7.0,0.0,0.0,6.0,6.0,0.0,1.0,0.0,0.0,3.0,1.0,0.0,1.0,0.0,5.0,3.0,1.0,0.0,0.0,2.0,0.0,0.0,4.0,1.0,0.0,1.0,0.0,0.0,2.0,2.0,3.0,0.0,1.0,0.0,2.0,0.0,0.0,2.0,18.0,3.0,14.0,1.0,0.0,5.0,2.0,1.0,0.0,2.0,15.0,0.0,0.0,0.0,2.0,11.0,7.0,4.0,2.0,1.0,2.0,14.0,0.0,0.0,0.0,14.0,0.0,0.0,9.0,6.0,7.0,3.0,7.0,8.0,4.0,2.0,5.0,2.0,3.0,1.0,7.0,4.0,5.0,9.0,3.0,0.0,4.0,5.0,0.0,0.0,0.0,3.0,2.0,2.0,6.0,4.0,2.0,2.0,3.0,0.0,0.0,1.0,2.0,0.0,0.0,3.0,2.0,0.0,0.0,2.0,1.0,1.0,0.0,1.0,5.0,0.0,0.0,0.0,1.0,CC(c1ccc(C(=O)NCC(O)C(=O)O)cc1)N1C(=O)C(c2cc(Cl)cc(Cl)c2)=NC12CCC(C(C)(C)C)CC2
CHEMBL3237899,Inactive,30.0,7.0,4.0,0.0,0.0,2.0,2.0,0.0,41.0,11.0,4.0,0.0,0.0,4.0,4.0,1.0,2.0,1.0,0.0,0.0,0.0,0.0,0.0,42.0,12.0,8.0,0.0,0.0,4.0,4.0,0.0,1.0,39.0,12.0,9.0,0.0,0.0,4.0,4.0,2.0,0.0,39.0,9.0,9.0,0.0,0.0,2.0,2.0,0.0,0.0,0.0,2.0,2.0,0.0,41.0,11.0,7.0,0.0,0.0,2.0,2.0,0.0,0.0,0.0,2.0,2.0,2.0,2.0,0.0,0.0,0.0,47.0,4.0,8.0,0.0,0.0,6.0,6.0,0.0,0.0,0.0,0.0,0.0,40.0,2.0,9.0,0.0,0.0,8.0,8.0,1.0,1.0,0.0,0.0,0.0,34.0,4.0,5.0,0.0,0.0,4.0,4.0,0.0,0.0,0.0,0.0,0.0,0.0,0.0,31.0,4.0,5.0,0.0,0.0,6.0,6.0,1.0,2.0,0.0,1.0,2.0,1.0,0.0,0.0,0.0,7.0,3.0,0.0,0.0,0.0,3.0,0.0,1.0,4.0,1.0,0.0,1.0,0.0,0.0,1.0,2.0,3.0,0.0,1.0,0.0,2.0,0.0,0.0,1.0,19.0,3.0,15.0,1.0,0.0,5.0,3.0,2.0,0.0,2.0,16.0,0.0,0.0,0.0,2.0,11.0,7.0,4.0,2.0,1.0,2.0,14.0,0.0,0.0,1.0,14.0,0.0,0.0,9.0,6.0,7.0,3.0,7.0,8.0,4.0,2.0,5.0,2.0,3.0,1.0,8.0,5.0,8.0,11.0,4.0,0.0,5.0,8.0,0.0,0.0,0.0,1.0,2.0,2.0,6.0,4.0,2.0,4.0,3.0,0.0,0.0,0.0,1.0,0.0,0.0,3.0,2.0,0.0,0.0,1.0,1.0,1.0,0.0,0.0,4.0,0.0,0.0,0.0,0.0,CC(Cc1ccc(C(=O)NCCC(=O)O)cc1)N1C(=O)C(c2cc(Cl)cc(Cl)c2)=NC12CCC(C(C)(C)C)CC2
CHEMBL3656280,Inactive,26.0,7.0,4.0,0.0,0.0,2.0,2.0,0.0,35.0,11.0,4.0,0.0,0.0,4.0,4.0,1.0,2.0,1.0,0.0,0.0,0.0,0.0,0.0,35.0,10.0,8.0,0.0,0.0,4.0,4.0,0.0,1.0,34.0,11.0,9.0,0.0,0.0,4.0,4.0,2.0,0.0,40.0,11.0,9.0,0.0,0.0,2.0,2.0,0.0,0.0,0.0,2.0,2.0,0.0,46.0,6.0,7.0,0.0,0.0,2.0,2.0,0.0,0.0,0.0,2.0,2.0,2.0,2.0,0.0,0.0,0.0,42.0,5.0,9.0,0.0,0.0,6.0,6.0,1.0,1.0,0.0,0.0,0.0,28.0,5.0,8.0,0.0,0.0,4.0,4.0,0.0,0.0,0.0,0.0,0.0,26.0,5.0,6.0,0.0,0.0,6.0,6.0,1.0,2.0,0.0,0.0,1.0,0.0,0.0,21.0,6.0,7.0,0.0,0.0,6.0,6.0,0.0,0.0,0.0,0.0,1.0,0.0,0.0,0.0,0.0,4.0,1.0,0.0,0.0,0.0,2.0,0.0,1.0,5.0,1.0,0.0,1.0,0.0,0.0,1.0,2.0,3.0,0.0,1.0,0.0,2.0,0.0,0.0,1.0,16.0,3.0,11.0,1.0,0.0,4.0,2.0,1.0,0.0,2.0,10.0,0.0,0.0,0.0,1.0,3.0,0.0,0.0,0.0,1.0,2.0,4.0,0.0,0.0,1.0,3.0,0.0,0.0,0.0,0.0,0.0,0.0,0.0,3.0,1.0,1.0,2.0,1.0,2.0,1.0,7.0,4.0,5.0,9.0,3.0,0.0,4.0,5.0,0.0,0.0,0.0,1.0,2.0,2.0,6.0,4.0,2.0,2.0,3.0,0.0,0.0,0.0,1.0,0.0,0.0,3.0,2.0,0.0,0.0,2.0,1.0,1.0,0.0,0.0,4.0,0.0,0.0,0.0,0.0,CC(C)(C)CCC(c1ccc(C(=O)NCCC(=O)O)cc1)N1C(=O)C(c2cc(Cl)cc(Cl)c2)=NC1(C)C
CHEMBL219882,Inactive,31.0,7.0,4.0,0.0,0.0,1.0,1.0,0.0,41.0,7.0,4.0,0.0,0.0,1.0,1.0,0.0,2.0,1.0,0.0,0.0,0.0,0.0,0.0,38.0,10.0,9.0,0.0,0.0,2.0,2.0,0.0,0.0,38.0,7.0,6.0,0.0,0.0,1.0,1.0,3.0,0.0,42.0,9.0,8.0,0.0,0.0,1.0,1.0,0.0,0.0,0.0,0.0,0.0,0.0,45.0,8.0,7.0,0.0,0.0,0.0,0.0,0.0,0.0,0.0,1.0,1.0,2.0,1.0,0.0,0.0,0.0,47.0,5.0,9.0,0.0,0.0,2.0,2.0,1.0,1.0,0.0,0.0,0.0,47.0,7.0,11.0,0.0,0.0,2.0,2.0,0.0,0.0,0.0,0.0,0.0,45.0,8.0,6.0,0.0,0.0,3.0,3.0,0.0,1.0,0.0,0.0,1.0,0.0,0.0,36.0,9.0,6.0,0.0,0.0,4.0,4.0,0.0,0.0,0.0,0.0,1.0,0.0,0.0,0.0,0.0,5.0,1.0,0.0,0.0,0.0,2.0,0.0,1.0,0.0,1.0,0.0,1.0,0.0,0.0,1.0,0.0,3.0,0.0,1.0,0.0,1.0,0.0,0.0,1.0,9.0,3.0,4.0,0.0,0.0,0.0,0.0,0.0,0.0,1.0,2.0,0.0,0.0,0.0,0.0,0.0,0.0,0.0,0.0,1.0,2.0,0.0,0.0,0.0,2.0,0.0,0.0,0.0,0.0,0.0,0.0,0.0,0.0,0.0,0.0,0.0,2.0,1.0,2.0,1.0,2.0,1.0,0.0,3.0,0.0,0.0,2.0,0.0,0.0,0.0,0.0,1.0,1.0,0.0,5.0,4.0,0.0,0.0,3.0,0.0,0.0,0.0,1.0,0.0,0.0,2.0,2.0,0.0,0.0,2.0,1.0,1.0,0.0,0.0,4.0,0.0,0.0,0.0,0.0,O=C(O)CCNC(=O)c1ccc(CN(CCC(c2ccccc2)c2ccccc2)C(=O)c2ccc(Cl)nc2)cc1
CHEMBL2159352,Active,34.0,5.0,5.0,0.0,3.0,0.0,3.0,1.0,46.0,11.0,5.0,0.0,3.0,0.0,3.0,0.0,1.0,1.0,0.0,0.0,3.0,3.0,3.0,48.0,13.0,7.0,0.0,6.0,0.0,6.0,0.0,0.0,43.0,15.0,5.0,0.0,6.0,0.0,6.0,2.0,0.0,45.0,13.0,6.0,0.0,6.0,0.0,6.0,0.0,0.0,0.0,0.0,0.0,0.0,50.0,9.0,4.0,0.0,6.0,0.0,6.0,0.0,0.0,3.0,0.0,3.0,2.0,0.0,0.0,0.0,0.0,54.0,5.0,6.0,0.0,3.0,0.0,3.0,1.0,1.0,3.0,3.0,0.0,54.0,3.0,6.0,0.0,6.0,0.0,6.0,1.0,2.0,0.0,0.0,0.0,46.0,6.0,7.0,0.0,12.0,0.0,12.0,0.0,1.0,0.0,0.0,0.0,0.0,0.0,38.0,6.0,8.0,0.0,12.0,0.0,12.0,0.0,0.0,0.0,0.0,1.0,1.0,0.0,0.0,0.0,2.0,0.0,0.0,0.0,0.0,1.0,0.0,1.0,3.0,1.0,0.0,1.0,0.0,0.0,1.0,1.0,2.0,0.0,1.0,3.0,0.0,3.0,1.0,1.0,9.0,2.0,3.0,0.0,0.0,0.0,0.0,0.0,0.0,1.0,1.0,0.0,0.0,0.0,0.0,0.0,0.0,0.0,0.0,1.0,1.0,0.0,0.0,0.0,0.0,0.0,0.0,0.0,0.0,0.0,0.0,0.0,0.0,0.0,0.0,0.0,1.0,0.0,1.0,1.0,1.0,0.0,0.0,1.0,0.0,0.0,1.0,0.0,0.0,0.0,0.0,1.0,0.0,0.0,2.0,1.0,0.0,0.0,1.0,0.0,0.0,0.0,2.0,1.0,3.0,1.0,1.0,0.0,0.0,1.0,1.0,1.0,0.0,0.0,4.0,0.0,0.0,0.0,0.0,COc1ccc2cc(-c3cc(-c4cc(C(F)(F)F)ccc4C)nn3C(C)c3ccc(C(=O)NCCC(=O)O)cc3)ccc2c1
CHEMBL161431,Inactive,21.0,2.0,8.0,0.0,2.0,1.0,3.0,1.0,27.0,4.0,10.0,0.0,4.0,2.0,6.0,0.0,1.0,0.0,0.0,0.0,0.0,0.0,0.0,23.0,6.0,12.0,0.0,4.0,2.0,6.0,0.0,1.0,15.0,8.0,15.0,0.0,3.0,2.0,5.0,0.0,1.0,20.0,6.0,9.0,0.0,1.0,0.0,1.0,0.0,2.0,0.0,1.0,1.0,0.0,22.0,4.0,6.0,0.0,1.0,0.0,1.0,0.0,4.0,0.0,1.0,1.0,1.0,1.0,0.0,0.0,0.0,23.0,3.0,8.0,0.0,3.0,1.0,4.0,0.0,2.0,0.0,0.0,0.0,22.0,2.0,7.0,0.0,4.0,1.0,5.0,0.0,0.0,0.0,0.0,2.0,16.0,3.0,8.0,0.0,5.0,2.0,7.0,0.0,0.0,0.0,0.0,1.0,2.0,2.0,11.0,4.0,9.0,0.0,4.0,2.0,6.0,0.0,0.0,0.0,0.0,0.0,0.0,0.0,0.0,0.0,1.0,0.0,0.0,0.0,0.0,0.0,0.0,0.0,2.0,1.0,0.0,1.0,0.0,0.0,1.0,0.0,1.0,0.0,0.0,2.0,1.0,2.0,3.0,1.0,5.0,1.0,0.0,0.0,0.0,0.0,0.0,0.0,0.0,0.0,0.0,0.0,0.0,0.0,0.0,0.0,0.0,0.0,0.0,0.0,0.0,0.0,0.0,0.0,0.0,0.0,0.0,0.0,0.0,0.0,0.0,0.0,0.0,0.0,0.0,0.0,0.0,0.0,0.0,0.0,0.0,0.0,0.0,0.0,0.0,0.0,0.0,0.0,0.0,0.0,0.0,0.0,1.0,1.0,1.0,0.0,0.0,0.0,0.0,0.0,0.0,0.0,3.0,3.0,2.0,2.0,1.0,0.0,0.0,1.0,0.0,0.0,0.0,0.0,5.0,0.0,0.0,0.0,0.0,COc1cc(C=NNC(=O)c2ccc(O)c(Cl)c2)cc(OC)c1OCc1ccc(F)c(F)c1
CHEMBL152691,Active,32.0,6.0,5.0,0.0,0.0,0.0,1.0,1.0,43.0,8.0,7.0,0.0,0.0,0.0,2.0,0.0,2.0,0.0,0.0,0.0,0.0,0.0,0.0,43.0,9.0,10.0,0.0,0.0,0.0,2.0,0.0,2.0,31.0,13.0,12.0,0.0,0.0,0.0,1.0,1.0,0.0,24.0,16.0,11.0,0.0,0.0,0.0,1.0,0.0,0.0,0.0,0.0,0.0,0.0,25.0,11.0,7.0,0.0,0.0,0.0,2.0,1.0,3.0,0.0,0.0,0.0,1.0,0.0,0.0,0.0,0.0,31.0,6.0,9.0,0.0,0.0,0.0,2.0,1.0,2.0,0.0,0.0,0.0,34.0,5.0,11.0,0.0,0.0,0.0,0.0,0.0,0.0,0.0,1.0,0.0,36.0,2.0,6.0,0.0,0.0,0.0,1.0,1.0,1.0,0.0,0.0,1.0,0.0,0.0,32.0,4.0,6.0,0.0,0.0,0.0,1.0,1.0,1.0,0.0,0.0,0.0,0.0,0.0,0.0,0.0,4.0,0.0,0.0,0.0,0.0,1.0,0.0,1.0,0.0,1.0,0.0,1.0,0.0,0.0,1.0,0.0,2.0,0.0,1.0,1.0,0.0,0.0,1.0,1.0,10.0,2.0,4.0,1.0,0.0,0.0,0.0,0.0,0.0,1.0,1.0,0.0,0.0,0.0,0.0,0.0,0.0,0.0,0.0,0.0,1.0,0.0,0.0,0.0,1.0,0.0,0.0,0.0,0.0,0.0,0.0,0.0,0.0,0.0,0.0,0.0,1.0,1.0,1.0,0.0,3.0,3.0,3.0,6.0,2.0,0.0,2.0,3.0,0.0,0.0,2.0,1.0,0.0,0.0,4.0,3.0,2.0,0.0,2.0,0.0,0.0,2.0,1.0,1.0,0.0,4.0,2.0,0.0,0.0,1.0,0.0,0.0,0.0,1.0,4.0,0.0,0.0,0.0,0.0,N#Cc1cc(C(=O)NN=Cc2ccc(OCC(=O)N3CC=C(c4ccc(Br)cc4)CC3)c3ccccc23)ccc1O
CHEMBL3939861,Active,31.0,3.0,3.0,2.0,1.0,1.0,2.0,0.0,42.0,3.0,3.0,3.0,2.0,2.0,4.0,0.0,1.0,1.0,0.0,0.0,0.0,0.0,0.0,44.0,5.0,5.0,4.0,2.0,2.0,4.0,0.0,0.0,49.0,4.0,3.0,3.0,3.0,1.0,4.0,2.0,0.0,54.0,4.0,4.0,4.0,2.0,1.0,3.0,0.0,0.0,1.0,0.0,1.0,0.0,56.0,2.0,3.0,5.0,2.0,2.0,4.0,0.0,0.0,0.0,0.0,0.0,2.0,0.0,0.0,0.0,0.0,47.0,4.0,6.0,4.0,4.0,4.0,8.0,0.0,0.0,0.0,0.0,0.0,34.0,7.0,7.0,1.0,5.0,5.0,10.0,0.0,0.0,0.0,0.0,0.0,21.0,10.0,7.0,1.0,4.0,5.0,9.0,0.0,0.0,0.0,0.0,0.0,0.0,0.0,15.0,8.0,6.0,0.0,1.0,3.0,4.0,0.0,0.0,0.0,0.0,2.0,0.0,0.0,0.0,0.0,4.0,1.0,0.0,0.0,0.0,2.0,0.0,1.0,1.0,1.0,0.0,1.0,0.0,0.0,1.0,0.0,2.0,0.0,2.0,0.0,1.0,1.0,0.0,1.0,10.0,2.0,6.0,0.0,0.0,0.0,0.0,0.0,0.0,1.0,4.0,0.0,0.0,0.0,0.0,0.0,0.0,0.0,0.0,1.0,3.0,2.0,0.0,0.0,2.0,1.0,0.0,0.0,0.0,0.0,0.0,0.0,0.0,0.0,0.0,0.0,1.0,0.0,1.0,1.0,1.0,0.0,0.0,1.0,0.0,0.0,1.0,0.0,0.0,0.0,0.0,1.0,1.0,1.0,2.0,1.0,0.0,0.0,1.0,0.0,0.0,0.0,1.0,0.0,1.0,2.0,1.0,0.0,0.0,1.0,1.0,1.0,0.0,0.0,3.0,0.0,0.0,0.0,0.0,CCCC(c1ccc(C(=O)NCCC(=O)O)cc1)C(c1ccc(Cl)cc1)c1csc2c(C#N)cc(F)cc12
CHEMBL3800146,Inactive,26.0,5.0,3.0,2.0,0.0,2.0,2.0,1.0,33.0,11.0,3.0,3.0,0.0,4.0,4.0,0.0,1.0,1.0,0.0,0.0,0.0,0.0,0.0,30.0,13.0,5.0,1.0,0.0,4.0,4.0,0.0,0.0,30.0,14.0,3.0,2.0,0.0,4.0,4.0,2.0,0.0,34.0,10.0,5.0,3.0,0.0,2.0,2.0,0.0,0.0,0.0,2.0,2.0,0.0,36.0,5.0,4.0,5.0,0.0,2.0,2.0,0.0,0.0,0.0,2.0,2.0,2.0,0.0,0.0,0.0,0.0,38.0,1.0,4.0,4.0,0.0,4.0,4.0,1.0,1.0,0.0,0.0,0.0,30.0,2.0,5.0,2.0,0.0,6.0,6.0,1.0,1.0,0.0,0.0,0.0,18.0,5.0,7.0,1.0,0.0,10.0,10.0,0.0,0.0,0.0,0.0,0.0,0.0,0.0,12.0,4.0,6.0,0.0,0.0,4.0,4.0,0.0,0.0,0.0,0.0,1.0,0.0,0.0,0.0,0.0,4.0,1.0,0.0,0.0,0.0,2.0,0.0,1.0,0.0,1.0,0.0,1.0,0.0,0.0,1.0,0.0,2.0,0.0,0.0,1.0,2.0,0.0,0.0,1.0,7.0,2.0,4.0,0.0,0.0,0.0,0.0,0.0,0.0,1.0,2.0,0.0,0.0,0.0,0.0,0.0,0.0,0.0,0.0,1.0,2.0,0.0,0.0,0.0,1.0,0.0,0.0,0.0,0.0,0.0,0.0,0.0,0.0,0.0,0.0,0.0,1.0,0.0,1.0,1.0,1.0,0.0,0.0,1.0,0.0,0.0,1.0,0.0,0.0,0.0,0.0,1.0,2.0,2.0,2.0,1.0,0.0,0.0,1.0,0.0,0.0,0.0,1.0,0.0,0.0,1.0,1.0,0.0,0.0,1.0,1.0,1.0,0.0,0.0,3.0,0.0,0.0,0.0,0.0,O=C(O)CCNC(=O)c1ccc2c(c1)CCC2n1nc(-c2cc(Cl)cc(Cl)c2)cc1-c1cccs1
CHEMBL3797757,Inactive,33.0,5.0,5.0,0.0,0.0,2.0,2.0,1.0,43.0,12.0,5.0,0.0,0.0,4.0,4.0,0.0,1.0,1.0,0.0,0.0,0.0,0.0,0.0,45.0,13.0,7.0,0.0,0.0,4.0,4.0,0.0,0.0,40.0,14.0,8.0,0.0,0.0,4.0,4.0,2.0,0.0,44.0,11.0,6.0,0.0,0.0,2.0,2.0,0.0,0.0,0.0,2.0,2.0,0.0,49.0,8.0,4.0,0.0,0.0,2.0,2.0,0.0,0.0,0.0,2.0,2.0,2.0,0.0,0.0,0.0,0.0,49.0,5.0,6.0,0.0,0.0,4.0,4.0,1.0,1.0,0.0,0.0,0.0,47.0,3.0,6.0,0.0,0.0,8.0,8.0,1.0,2.0,0.0,0.0,0.0,39.0,7.0,7.0,0.0,0.0,8.0,8.0,0.0,1.0,0.0,0.0,0.0,0.0,0.0,32.0,7.0,8.0,0.0,0.0,8.0,8.0,0.0,0.0,0.0,0.0,2.0,2.0,1.0,0.0,0.0,1.0,1.0,0.0,0.0,0.0,0.0,0.0,1.0,3.0,1.0,1.0,1.0,0.0,0.0,1.0,0.0,2.0,0.0,1.0,2.0,2.0,0.0,1.0,1.0,8.0,2.0,4.0,0.0,0.0,0.0,1.0,1.0,0.0,1.0,2.0,0.0,0.0,0.0,0.0,0.0,0.0,1.0,1.0,1.0,1.0,1.0,0.0,1.0,0.0,0.0,0.0,0.0,0.0,0.0,0.0,0.0,0.0,0.0,0.0,0.0,1.0,0.0,1.0,1.0,2.0,0.0,0.0,2.0,0.0,0.0,2.0,0.0,0.0,0.0,0.0,1.0,2.0,2.0,2.0,1.0,0.0,1.0,1.0,0.0,0.0,0.0,2.0,1.0,0.0,1.0,1.0,0.0,0.0,1.0,1.0,1.0,0.0,0.0,4.0,0.0,0.0,0.0,0.0,COc1ccc2cc(-c3cc(-c4cc(Cl)cc(Cl)c4)nn3C(C)c3ccc(C(=O)NC(C)CC(=O)O)cc3)ccc2c1
CHEMBL104761,Inactive,19.0,2.0,4.0,0.0,0.0,0.0,0.0,1.0,25.0,4.0,5.0,0.0,0.0,0.0,0.0,0.0,1.0,0.0,0.0,0.0,0.0,0.0,0.0,23.0,6.0,6.0,0.0,0.0,0.0,0.0,0.0,1.0,14.0,9.0,7.0,0.0,0.0,0.0,0.0,0.0,0.0,10.0,9.0,3.0,0.0,0.0,0.0,0.0,0.0,1.0,0.0,0.0,0.0,1.0,9.0,6.0,3.0,0.0,0.0,0.0,0.0,0.0,2.0,0.0,0.0,0.0,1.0,0.0,0.0,0.0,0.0,13.0,2.0,4.0,0.0,0.0,0.0,0.0,0.0,1.0,0.0,0.0,0.0,16.0,0.0,5.0,0.0,0.0,0.0,0.0,0.0,0.0,0.0,0.0,0.0,16.0,0.0,4.0,0.0,0.0,0.0,0.0,0.0,0.0,0.0,0.0,0.0,0.0,0.0,13.0,0.0,5.0,0.0,0.0,0.0,0.0,0.0,0.0,0.0,0.0,0.0,0.0,0.0,0.0,0.0,0.0,0.0,0.0,0.0,0.0,0.0,0.0,0.0,1.0,1.0,0.0,1.0,0.0,0.0,1.0,0.0,1.0,0.0,0.0,1.0,0.0,0.0,1.0,1.0,3.0,1.0,0.0,0.0,0.0,0.0,0.0,0.0,0.0,0.0,0.0,0.0,0.0,0.0,0.0,0.0,0.0,0.0,0.0,0.0,0.0,0.0,0.0,0.0,0.0,0.0,0.0,0.0,0.0,0.0,0.0,0.0,0.0,0.0,0.0,0.0,0.0,0.0,0.0,0.0,0.0,0.0,0.0,0.0,0.0,0.0,0.0,0.0,0.0,0.0,0.0,0.0,0.0,0.0,1.0,0.0,0.0,0.0,0.0,0.0,0.0,0.0,1.0,1.0,0.0,2.0,1.0,0.0,0.0,1.0,0.0,0.0,0.0,0.0,3.0,0.0,0.0,0.0,0.0,COc1cc(C(=O)NN=Cc2cccc3ccccc23)ccc1O
CHEMBL4857992,Active,123.0,71.0,47.0,2.0,0.0,0.0,0.0,0.0,140.0,93.0,52.0,1.0,0.0,0.0,0.0,6.0,32.0,3.0,0.0,0.0,0.0,0.0,0.0,158.0,65.0,75.0,1.0,0.0,0.0,0.0,27.0,34.0,148.0,109.0,120.0,1.0,0.0,0.0,0.0,13.0,7.0,165.0,124.0,96.0,1.0,0.0,0.0,0.0,7.0,37.0,0.0,0.0,0.0,37.0,204.0,85.0,121.0,2.0,0.0,0.0,0.0,32.0,42.0,0.0,0.0,0.0,9.0,0.0,0.0,0.0,0.0,212.0,120.0,159.0,3.0,0.0,0.0,0.0,8.0,23.0,0.0,0.0,13.0,226.0,135.0,128.0,3.0,0.0,0.0,0.0,11.0,44.0,0.0,0.0,41.0,253.0,98.0,139.0,4.0,0.0,0.0,0.0,30.0,46.0,0.0,0.0,15.0,0.0,0.0,245.0,129.0,169.0,3.0,0.0,0.0,0.0,9.0,25.0,0.0,13.0,33.0,7.0,26.0,26.0,3.0,36.0,25.0,21.0,21.0,20.0,12.0,4.0,9.0,11.0,29.0,26.0,27.0,25.0,9.0,12.0,0.0,35.0,5.0,2.0,0.0,0.0,0.0,0.0,12.0,117.0,35.0,86.0,32.0,26.0,3.0,27.0,26.0,25.0,35.0,61.0,31.0,26.0,25.0,0.0,3.0,0.0,19.0,19.0,34.0,4.0,31.0,22.0,25.0,4.0,13.0,14.0,15.0,2.0,0.0,0.0,0.0,0.0,18.0,36.0,11.0,53.0,0.0,19.0,10.0,90.0,0.0,0.0,82.0,53.0,51.0,53.0,53.0,26.0,26.0,6.0,13.0,0.0,0.0,67.0,29.0,27.0,26.0,27.0,0.0,26.0,6.0,10.0,0.0,0.0,40.0,32.0,27.0,27.0,0.0,4.0,9.0,27.0,7.0,47.0,4.0,26.0,0.0,6.0,CSCCC(NC(=O)C(CC(C)C)NC(=O)C(Cc1c[nH]c2ccccc12)NC(=O)C(CCC(N)=O)NC(=O)C(NC(=O)C(Cc1ccccc1)NC(=O)C(CC(=O)O)NC(=O)C(CCC(N)=O)NC(=O)C(C)NC(=O)C(CCCNC(=N)N)NC(=O)C(CCCNC(=N)N)NC(=O)C(CO)NC(=O)C(CC(=O)O)NC(=O)C(CC(C)C)NC(=O)C(Cc1ccc(O)cc1)NC(=O)C(CCCCN)NC(=O)C(CO)NC(=O)C(Cc1ccc(O)cc1)NC(=O)CC(CCC(=O)O)NC(=O)C(CO)NC(=O)C(NC(=O)C(Cc1ccccc1)NC(=O)C(NC(=O)CNC(=O)C(CCC(N)=O)NC(=O)C(N)CO)C(C)O)C(C)O)C(C)C)C(=O)NC(CC(N)=O)C(=O)NC(C(N)=O)C(C)O
CHEMBL3238246,Active,33.0,9.0,2.0,0.0,0.0,2.0,2.0,3.0,47.0,15.0,2.0,0.0,0.0,4.0,4.0,4.0,2.0,0.0,0.0,0.0,0.0,0.0,0.0,46.0,15.0,6.0,0.0,0.0,4.0,4.0,2.0,1.0,46.0,15.0,9.0,0.0,0.0,4.0,4.0,0.0,0.0,51.0,17.0,8.0,0.0,0.0,2.0,2.0,0.0,2.0,0.0,2.0,2.0,0.0,60.0,18.0,6.0,0.0,0.0,2.0,2.0,0.0,2.0,0.0,2.0,2.0,0.0,2.0,0.0,0.0,0.0,67.0,13.0,6.0,0.0,0.0,6.0,6.0,1.0,1.0,0.0,0.0,0.0,56.0,11.0,7.0,0.0,0.0,8.0,8.0,0.0,0.0,0.0,0.0,0.0,52.0,9.0,4.0,0.0,0.0,8.0,8.0,1.0,2.0,0.0,0.0,1.0,0.0,0.0,41.0,11.0,7.0,0.0,0.0,8.0,8.0,2.0,0.0,0.0,0.0,2.0,0.0,0.0,0.0,0.0,7.0,3.0,0.0,0.0,0.0,3.0,0.0,0.0,6.0,1.0,0.0,1.0,0.0,0.0,0.0,3.0,2.0,0.0,1.0,0.0,2.0,0.0,0.0,0.0,21.0,2.0,17.0,1.0,0.0,9.0,2.0,1.0,0.0,1.0,22.0,0.0,0.0,0.0,3.0,14.0,7.0,4.0,2.0,0.0,2.0,18.0,0.0,0.0,1.0,17.0,0.0,0.0,9.0,6.0,7.0,3.0,7.0,11.0,5.0,3.0,5.0,3.0,3.0,0.0,6.0,4.0,5.0,8.0,3.0,0.0,3.0,5.0,0.0,0.0,0.0,0.0,2.0,2.0,6.0,4.0,2.0,2.0,3.0,0.0,0.0,0.0,0.0,0.0,0.0,3.0,2.0,0.0,0.0,2.0,0.0,0.0,0.0,0.0,2.0,0.0,0.0,0.0,0.0,CC(C)(C)CCC(c1ccc(C(=O)NCc2nn[nH]n2)cc1)N1C(=O)C(c2cc(Cl)cc(Cl)c2)=NC12CCC(C(C)(C)C)CC2
CHEMBL3237921,Active,31.0,9.0,2.0,0.0,0.0,2.0,2.0,3.0,41.0,15.0,2.0,0.0,0.0,4.0,4.0,4.0,2.0,0.0,0.0,0.0,0.0,0.0,0.0,43.0,16.0,6.0,0.0,0.0,4.0,4.0,2.0,1.0,46.0,14.0,9.0,0.0,0.0,4.0,4.0,0.0,0.0,49.0,15.0,9.0,0.0,0.0,2.0,2.0,0.0,2.0,0.0,2.0,2.0,0.0,47.0,17.0,5.0,0.0,0.0,2.0,2.0,0.0,2.0,0.0,2.0,2.0,0.0,2.0,0.0,0.0,0.0,52.0,10.0,3.0,0.0,0.0,6.0,6.0,1.0,1.0,0.0,0.0,0.0,43.0,12.0,8.0,0.0,0.0,8.0,8.0,0.0,0.0,0.0,0.0,0.0,42.0,8.0,3.0,0.0,0.0,10.0,10.0,1.0,2.0,0.0,0.0,1.0,0.0,0.0,28.0,8.0,4.0,0.0,0.0,6.0,6.0,2.0,0.0,0.0,0.0,3.0,0.0,0.0,0.0,0.0,6.0,2.0,0.0,0.0,0.0,2.0,0.0,0.0,3.0,1.0,0.0,1.0,0.0,0.0,0.0,2.0,2.0,0.0,1.0,0.0,2.0,0.0,0.0,0.0,18.0,2.0,15.0,1.0,0.0,7.0,2.0,1.0,0.0,1.0,17.0,0.0,0.0,0.0,2.0,11.0,7.0,4.0,2.0,0.0,2.0,15.0,0.0,0.0,2.0,14.0,0.0,0.0,9.0,6.0,7.0,3.0,7.0,8.0,5.0,3.0,6.0,4.0,4.0,0.0,6.0,4.0,5.0,8.0,3.0,0.0,3.0,5.0,0.0,0.0,0.0,0.0,2.0,2.0,6.0,4.0,2.0,2.0,3.0,0.0,0.0,0.0,0.0,0.0,0.0,3.0,2.0,0.0,0.0,2.0,0.0,0.0,0.0,0.0,2.0,0.0,0.0,0.0,0.0,CC(C)(C)C1CCC2(CC1)N=C(c1cc(Cl)cc(Cl)c1)C(=O)N2C(c1ccc(C(=O)NCc2nn[nH]n2)cc1)C1CC1
CHEMBL3237923,Active,30.0,9.0,2.0,0.0,0.0,2.0,2.0,3.0,41.0,15.0,2.0,0.0,0.0,4.0,4.0,4.0,2.0,0.0,0.0,0.0,0.0,0.0,0.0,43.0,15.0,6.0,0.0,0.0,4.0,4.0,2.0,1.0,43.0,15.0,9.0,0.0,0.0,4.0,4.0,0.0,0.0,48.0,14.0,8.0,0.0,0.0,2.0,2.0,0.0,2.0,0.0,2.0,2.0,0.0,48.0,18.0,6.0,0.0,0.0,2.0,2.0,0.0,2.0,0.0,2.0,2.0,0.0,2.0,0.0,0.0,0.0,52.0,10.0,3.0,0.0,0.0,6.0,6.0,1.0,1.0,0.0,0.0,0.0,44.0,11.0,7.0,0.0,0.0,8.0,8.0,0.0,0.0,0.0,0.0,0.0,40.0,9.0,4.0,0.0,0.0,8.0,8.0,1.0,2.0,0.0,0.0,1.0,0.0,0.0,32.0,8.0,4.0,0.0,0.0,8.0,8.0,2.0,0.0,0.0,0.0,2.0,0.0,0.0,0.0,0.0,7.0,3.0,0.0,0.0,0.0,3.0,0.0,0.0,4.0,1.0,0.0,1.0,0.0,0.0,0.0,2.0,2.0,0.0,1.0,0.0,2.0,0.0,0.0,0.0,18.0,2.0,14.0,1.0,0.0,5.0,2.0,1.0,0.0,1.0,16.0,0.0,0.0,0.0,2.0,11.0,7.0,4.0,2.0,0.0,2.0,15.0,0.0,0.0,1.0,14.0,0.0,0.0,9.0,6.0,7.0,3.0,7.0,8.0,5.0,3.0,5.0,3.0,3.0,0.0,6.0,4.0,5.0,8.0,3.0,0.0,3.0,5.0,0.0,0.0,0.0,0.0,2.0,2.0,6.0,4.0,2.0,2.0,3.0,0.0,0.0,0.0,0.0,0.0,0.0,3.0,2.0,0.0,0.0,2.0,0.0,0.0,0.0,0.0,2.0,0.0,0.0,0.0,0.0,CCCC(c1ccc(C(=O)NCc2nn[nH]n2)cc1)N1C(=O)C(c2cc(Cl)cc(Cl)c2)=NC12CCC(C(C)(C)C)CC2
CHEMBL3238222,Active,33.0,9.0,2.0,0.0,2.0,0.0,2.0,3.0,47.0,15.0,2.0,0.0,4.0,0.0,4.0,4.0,2.0,0.0,0.0,0.0,0.0,0.0,0.0,46.0,15.0,6.0,0.0,4.0,0.0,4.0,2.0,1.0,46.0,15.0,9.0,0.0,3.0,0.0,3.0,0.0,0.0,51.0,17.0,8.0,0.0,2.0,0.0,2.0,0.0,2.0,1.0,0.0,1.0,0.0,60.0,18.0,6.0,0.0,2.0,0.0,2.0,0.0,2.0,2.0,0.0,2.0,0.0,1.0,0.0,0.0,0.0,67.0,13.0,6.0,0.0,4.0,0.0,4.0,1.0,1.0,1.0,1.0,0.0,56.0,11.0,7.0,0.0,7.0,0.0,7.0,0.0,0.0,0.0,0.0,0.0,52.0,9.0,4.0,0.0,8.0,0.0,8.0,1.0,2.0,0.0,0.0,1.0,0.0,0.0,41.0,11.0,7.0,0.0,8.0,0.0,8.0,2.0,0.0,0.0,0.0,2.0,0.0,0.0,0.0,0.0,7.0,3.0,0.0,0.0,0.0,3.0,0.0,0.0,6.0,1.0,0.0,1.0,0.0,0.0,0.0,3.0,2.0,0.0,1.0,1.0,0.0,2.0,0.0,0.0,21.0,2.0,17.0,1.0,0.0,9.0,2.0,1.0,0.0,1.0,22.0,0.0,0.0,0.0,3.0,14.0,7.0,4.0,2.0,0.0,2.0,18.0,0.0,0.0,1.0,17.0,0.0,0.0,9.0,6.0,7.0,3.0,7.0,11.0,5.0,3.0,5.0,3.0,3.0,0.0,6.0,4.0,5.0,8.0,3.0,0.0,3.0,5.0,0.0,0.0,0.0,0.0,0.0,0.0,6.0,4.0,2.0,2.0,3.0,0.0,0.0,0.0,0.0,0.0,2.0,3.0,2.0,0.0,0.0,2.0,0.0,0.0,0.0,0.0,2.0,0.0,0.0,0.0,0.0,CC(C)(C)CCC(c1ccc(C(=O)NCc2nn[nH]n2)cc1)N1C(=O)C(c2ccc(F)c(F)c2)=NC12CCC(C(C)(C)C)CC2
CHEMBL3238224,Active,33.0,9.0,4.0,0.0,0.0,0.0,0.0,3.0,48.0,15.0,4.0,0.0,0.0,0.0,0.0,4.0,2.0,0.0,0.0,0.0,0.0,0.0,0.0,48.0,15.0,8.0,0.0,0.0,0.0,0.0,2.0,1.0,48.0,15.0,11.0,0.0,0.0,0.0,0.0,0.0,0.0,53.0,17.0,9.0,0.0,0.0,0.0,0.0,0.0,3.0,0.0,0.0,0.0,0.0,61.0,19.0,7.0,0.0,0.0,0.0,0.0,0.0,3.0,0.0,0.0,0.0,1.0,0.0,0.0,0.0,0.0,68.0,14.0,10.0,0.0,0.0,0.0,0.0,1.0,1.0,0.0,0.0,0.0,59.0,11.0,11.0,0.0,0.0,0.0,0.0,0.0,0.0,0.0,0.0,0.0,56.0,9.0,8.0,0.0,0.0,0.0,0.0,1.0,2.0,0.0,0.0,1.0,0.0,0.0,45.0,11.0,11.0,0.0,0.0,0.0,0.0,2.0,0.0,0.0,0.0,2.0,0.0,0.0,0.0,0.0,7.0,3.0,0.0,0.0,0.0,3.0,0.0,0.0,7.0,1.0,0.0,1.0,0.0,0.0,0.0,3.0,2.0,0.0,1.0,0.0,0.0,0.0,1.0,0.0,22.0,2.0,17.0,1.0,0.0,9.0,2.0,1.0,0.0,1.0,22.0,0.0,0.0,0.0,3.0,14.0,7.0,4.0,2.0,0.0,2.0,18.0,0.0,0.0,1.0,17.0,0.0,0.0,9.0,6.0,7.0,3.0,7.0,11.0,5.0,3.0,5.0,3.0,3.0,0.0,6.0,4.0,5.0,8.0,3.0,0.0,3.0,5.0,0.0,0.0,0.0,0.0,0.0,0.0,6.0,4.0,2.0,2.0,3.0,0.0,0.0,0.0,1.0,1.0,0.0,3.0,2.0,0.0,0.0,2.0,0.0,0.0,0.0,0.0,3.0,0.0,0.0,0.0,0.0,COc1cccc(C2=NC3(CCC(C(C)(C)C)CC3)N(C(CCC(C)(C)C)c3ccc(C(=O)NCc4nn[nH]n4)cc3)C2=O)c1
CHEMBL3238235,Inactive,32.0,9.0,2.0,0.0,0.0,2.0,2.0,3.0,47.0,12.0,2.0,0.0,0.0,4.0,4.0,6.0,2.0,0.0,0.0,0.0,0.0,0.0,0.0,45.0,15.0,6.0,0.0,0.0,4.0,4.0,2.0,1.0,45.0,17.0,8.0,0.0,0.0,4.0,4.0,2.0,0.0,49.0,19.0,8.0,0.0,0.0,2.0,2.0,0.0,2.0,0.0,2.0,2.0,0.0,58.0,20.0,6.0,0.0,0.0,2.0,2.0,0.0,0.0,0.0,2.0,2.0,0.0,2.0,0.0,0.0,0.0,66.0,11.0,6.0,0.0,0.0,6.0,6.0,1.0,1.0,0.0,0.0,0.0,55.0,9.0,7.0,0.0,0.0,8.0,8.0,0.0,0.0,0.0,0.0,0.0,51.0,8.0,4.0,0.0,0.0,8.0,8.0,3.0,2.0,0.0,0.0,1.0,0.0,0.0,38.0,15.0,7.0,0.0,0.0,8.0,8.0,2.0,0.0,0.0,0.0,2.0,0.0,0.0,0.0,0.0,6.0,3.0,0.0,0.0,0.0,3.0,0.0,0.0,6.0,1.0,0.0,1.0,0.0,0.0,0.0,3.0,2.0,0.0,1.0,0.0,2.0,0.0,0.0,0.0,20.0,2.0,17.0,1.0,0.0,9.0,2.0,1.0,0.0,1.0,22.0,0.0,0.0,0.0,3.0,14.0,7.0,4.0,2.0,0.0,2.0,18.0,0.0,0.0,1.0,17.0,0.0,0.0,9.0,6.0,7.0,3.0,7.0,11.0,5.0,3.0,5.0,3.0,3.0,0.0,6.0,4.0,5.0,8.0,3.0,0.0,3.0,5.0,0.0,0.0,0.0,0.0,2.0,2.0,5.0,3.0,2.0,2.0,2.0,0.0,0.0,0.0,0.0,0.0,0.0,3.0,2.0,0.0,0.0,2.0,0.0,0.0,0.0,0.0,2.0,0.0,0.0,0.0,0.0,CC(C)(C)CCC(c1ccc(C(=O)Nc2nnn[nH]2)cc1)N1C(=O)C(c2cc(Cl)cc(Cl)c2)=NC12CCC(C(C)(C)C)CC2
CHEMBL3238236,Active,34.0,7.0,5.0,0.0,0.0,2.0,2.0,0.0,48.0,11.0,6.0,0.0,0.0,4.0,4.0,1.0,2.0,1.0,0.0,0.0,0.0,0.0,0.0,46.0,14.0,8.0,0.0,0.0,4.0,4.0,0.0,2.0,47.0,13.0,10.0,0.0,0.0,4.0,4.0,2.0,0.0,52.0,13.0,12.0,0.0,0.0,2.0,2.0,0.0,0.0,0.0,2.0,2.0,1.0,62.0,12.0,10.0,0.0,0.0,2.0,2.0,0.0,0.0,0.0,2.0,2.0,2.0,2.0,0.0,0.0,0.0,69.0,5.0,12.0,0.0,0.0,6.0,6.0,1.0,1.0,0.0,0.0,0.0,57.0,5.0,12.0,0.0,0.0,8.0,8.0,0.0,0.0,0.0,0.0,0.0,53.0,5.0,7.0,0.0,0.0,8.0,8.0,1.0,2.0,0.0,0.0,1.0,0.0,0.0,42.0,8.0,10.0,0.0,0.0,8.0,8.0,0.0,1.0,0.0,0.0,3.0,0.0,0.0,1.0,0.0,7.0,4.0,1.0,0.0,0.0,3.0,0.0,0.0,6.0,1.0,0.0,1.0,0.0,0.0,2.0,3.0,3.0,0.0,1.0,0.0,2.0,0.0,0.0,2.0,23.0,3.0,19.0,1.0,0.0,9.0,2.0,1.0,0.0,2.0,23.0,0.0,0.0,0.0,3.0,14.0,7.0,4.0,2.0,1.0,2.0,18.0,0.0,0.0,1.0,17.0,0.0,0.0,9.0,6.0,7.0,3.0,7.0,11.0,5.0,3.0,6.0,3.0,4.0,1.0,7.0,4.0,5.0,9.0,3.0,0.0,4.0,5.0,0.0,0.0,0.0,3.0,2.0,2.0,6.0,4.0,2.0,2.0,3.0,0.0,0.0,1.0,2.0,0.0,0.0,3.0,2.0,0.0,0.0,2.0,1.0,1.0,0.0,1.0,5.0,0.0,0.0,0.0,1.0,CC(C)(C)CCC(c1ccc(C(=O)NCC(O)C(=O)O)cc1)N1C(=O)C(c2cc(Cl)cc(Cl)c2)=NC12CCC(C(C)(C)C)CC2
CHEMBL423781,Active,23.0,4.0,2.0,0.0,1.0,0.0,1.0,0.0,31.0,6.0,2.0,0.0,2.0,0.0,2.0,0.0,0.0,1.0,0.0,0.0,0.0,0.0,0.0,30.0,6.0,4.0,0.0,2.0,0.0,2.0,0.0,0.0,27.0,7.0,4.0,0.0,1.0,0.0,1.0,0.0,0.0,30.0,4.0,2.0,0.0,1.0,0.0,1.0,1.0,0.0,0.0,0.0,0.0,0.0,29.0,5.0,2.0,0.0,2.0,0.0,2.0,0.0,0.0,0.0,0.0,0.0,0.0,0.0,0.0,0.0,0.0,27.0,3.0,2.0,0.0,2.0,0.0,2.0,0.0,2.0,1.0,1.0,0.0,18.0,4.0,4.0,0.0,3.0,0.0,3.0,0.0,0.0,0.0,0.0,0.0,10.0,3.0,4.0,0.0,4.0,0.0,4.0,0.0,0.0,0.0,0.0,0.0,0.0,0.0,5.0,1.0,8.0,0.0,2.0,0.0,2.0,0.0,0.0,1.0,0.0,0.0,0.0,0.0,0.0,0.0,0.0,0.0,0.0,0.0,0.0,0.0,0.0,0.0,0.0,0.0,0.0,0.0,0.0,0.0,1.0,0.0,1.0,0.0,2.0,0.0,0.0,1.0,0.0,1.0,1.0,1.0,0.0,0.0,0.0,0.0,0.0,0.0,0.0,0.0,0.0,0.0,0.0,0.0,0.0,0.0,0.0,0.0,0.0,0.0,0.0,0.0,0.0,0.0,0.0,0.0,0.0,0.0,0.0,0.0,0.0,0.0,0.0,0.0,0.0,0.0,0.0,0.0,0.0,0.0,0.0,0.0,0.0,0.0,0.0,0.0,0.0,0.0,0.0,0.0,0.0,0.0,0.0,0.0,0.0,0.0,0.0,0.0,0.0,0.0,0.0,0.0,1.0,0.0,1.0,0.0,0.0,0.0,0.0,0.0,0.0,0.0,0.0,0.0,2.0,0.0,0.0,0.0,0.0,O=C(O)c1ccc(-c2cc(-c3ccc(F)cc3)c(-c3ccncc3)[nH]2)cc1
CHEMBL154485,Active,24.0,5.0,5.0,0.0,3.0,0.0,3.0,1.0,31.0,8.0,6.0,0.0,3.0,0.0,3.0,0.0,2.0,0.0,0.0,0.0,3.0,3.0,3.0,27.0,11.0,10.0,0.0,6.0,0.0,6.0,0.0,1.0,19.0,13.0,9.0,0.0,6.0,0.0,6.0,3.0,0.0,15.0,14.0,9.0,0.0,6.0,0.0,6.0,0.0,1.0,0.0,0.0,0.0,0.0,19.0,6.0,7.0,0.0,3.0,0.0,3.0,2.0,2.0,0.0,0.0,0.0,2.0,0.0,0.0,0.0,0.0,25.0,1.0,6.0,0.0,0.0,0.0,0.0,2.0,1.0,3.0,3.0,1.0,24.0,4.0,7.0,0.0,3.0,0.0,3.0,0.0,1.0,0.0,0.0,0.0,23.0,4.0,5.0,0.0,6.0,0.0,6.0,0.0,2.0,0.0,0.0,0.0,0.0,0.0,16.0,7.0,8.0,0.0,6.0,0.0,6.0,0.0,0.0,0.0,0.0,0.0,0.0,0.0,0.0,0.0,1.0,0.0,0.0,0.0,0.0,0.0,0.0,1.0,1.0,2.0,0.0,2.0,0.0,0.0,1.0,1.0,2.0,0.0,0.0,2.0,0.0,3.0,1.0,1.0,7.0,2.0,1.0,1.0,0.0,0.0,0.0,0.0,0.0,1.0,0.0,0.0,0.0,0.0,0.0,0.0,0.0,0.0,0.0,0.0,1.0,0.0,0.0,0.0,0.0,0.0,0.0,0.0,0.0,0.0,0.0,0.0,0.0,0.0,0.0,0.0,0.0,0.0,0.0,0.0,1.0,0.0,0.0,0.0,0.0,0.0,0.0,0.0,0.0,0.0,0.0,0.0,0.0,0.0,2.0,0.0,0.0,0.0,0.0,1.0,0.0,0.0,1.0,1.0,3.0,4.0,2.0,0.0,0.0,1.0,0.0,0.0,0.0,0.0,4.0,0.0,0.0,0.0,0.0,COc1cc(NC(=O)Cc2cccc(C(F)(F)F)c2)ccc1C=NNC(=O)c1ccc(O)c(C#N)c1
CHEMBL25066,Inactive,23.0,2.0,2.0,0.0,0.0,0.0,0.0,0.0,30.0,4.0,3.0,0.0,0.0,0.0,0.0,0.0,0.0,0.0,0.0,0.0,0.0,0.0,0.0,32.0,7.0,5.0,0.0,0.0,0.0,0.0,0.0,0.0,40.0,2.0,6.0,0.0,0.0,0.0,0.0,1.0,0.0,40.0,3.0,10.0,0.0,0.0,0.0,0.0,0.0,0.0,0.0,0.0,0.0,0.0,38.0,3.0,7.0,0.0,0.0,0.0,0.0,0.0,1.0,0.0,0.0,0.0,1.0,0.0,0.0,0.0,0.0,25.0,2.0,9.0,0.0,0.0,0.0,0.0,0.0,0.0,0.0,0.0,0.0,16.0,0.0,2.0,0.0,0.0,0.0,0.0,0.0,0.0,0.0,0.0,0.0,6.0,0.0,2.0,0.0,0.0,0.0,0.0,0.0,0.0,0.0,0.0,0.0,0.0,0.0,3.0,0.0,0.0,0.0,0.0,0.0,0.0,0.0,0.0,0.0,0.0,2.0,2.0,0.0,0.0,2.0,5.0,0.0,0.0,0.0,0.0,3.0,2.0,0.0,5.0,0.0,0.0,0.0,0.0,0.0,2.0,0.0,0.0,0.0,0.0,0.0,0.0,0.0,0.0,2.0,12.0,0.0,8.0,0.0,0.0,0.0,0.0,0.0,0.0,0.0,5.0,0.0,0.0,0.0,0.0,0.0,0.0,0.0,0.0,0.0,0.0,2.0,0.0,0.0,0.0,1.0,0.0,0.0,0.0,0.0,0.0,0.0,0.0,0.0,0.0,0.0,0.0,0.0,0.0,0.0,0.0,0.0,0.0,0.0,0.0,0.0,0.0,0.0,0.0,0.0,0.0,0.0,0.0,0.0,0.0,0.0,0.0,0.0,0.0,0.0,0.0,0.0,1.0,0.0,0.0,0.0,0.0,0.0,0.0,0.0,0.0,0.0,0.0,0.0,2.0,0.0,0.0,0.0,0.0,CCCCCc1c(C(C)C)nc(C(C)C)c(CO)c1-c1ccccc1O
CHEMBL286098,Inactive,23.0,2.0,1.0,0.0,0.0,1.0,1.0,0.0,30.0,4.0,1.0,0.0,0.0,2.0,2.0,0.0,0.0,0.0,0.0,0.0,0.0,0.0,0.0,32.0,7.0,2.0,0.0,0.0,2.0,2.0,0.0,0.0,40.0,2.0,3.0,0.0,0.0,1.0,1.0,1.0,0.0,40.0,3.0,6.0,0.0,0.0,1.0,1.0,0.0,0.0,0.0,0.0,0.0,0.0,38.0,3.0,4.0,0.0,0.0,2.0,2.0,0.0,0.0,0.0,0.0,0.0,0.0,0.0,0.0,0.0,0.0,25.0,2.0,4.0,0.0,0.0,4.0,4.0,0.0,0.0,0.0,0.0,0.0,16.0,0.0,1.0,0.0,0.0,3.0,3.0,0.0,0.0,0.0,1.0,0.0,6.0,0.0,1.0,0.0,0.0,5.0,5.0,0.0,0.0,0.0,0.0,0.0,0.0,0.0,3.0,0.0,0.0,0.0,0.0,1.0,1.0,0.0,0.0,0.0,0.0,2.0,2.0,0.0,0.0,2.0,5.0,0.0,0.0,0.0,0.0,3.0,2.0,0.0,5.0,0.0,0.0,0.0,0.0,0.0,1.0,0.0,0.0,0.0,1.0,0.0,1.0,0.0,0.0,1.0,12.0,0.0,8.0,0.0,0.0,0.0,0.0,0.0,0.0,0.0,5.0,0.0,0.0,0.0,0.0,0.0,0.0,0.0,0.0,0.0,0.0,2.0,0.0,0.0,0.0,1.0,0.0,0.0,0.0,0.0,0.0,0.0,0.0,0.0,0.0,0.0,0.0,0.0,0.0,0.0,0.0,0.0,0.0,0.0,0.0,0.0,0.0,0.0,0.0,0.0,0.0,0.0,1.0,1.0,0.0,0.0,0.0,0.0,0.0,0.0,0.0,0.0,1.0,0.0,0.0,0.0,0.0,0.0,0.0,0.0,0.0,0.0,0.0,0.0,1.0,0.0,0.0,0.0,0.0,CCCCCc1c(C(C)C)nc(C(C)C)c(CO)c1-c1ccc(Cl)cc1
CHEMBL2159346,Active,29.0,5.0,5.0,0.0,0.0,0.0,0.0,1.0,40.0,11.0,5.0,0.0,0.0,0.0,0.0,0.0,1.0,1.0,0.0,0.0,0.0,0.0,0.0,39.0,14.0,7.0,0.0,0.0,0.0,0.0,0.0,0.0,37.0,13.0,5.0,0.0,0.0,0.0,0.0,2.0,0.0,41.0,8.0,6.0,0.0,0.0,0.0,0.0,0.0,0.0,0.0,0.0,0.0,0.0,46.0,7.0,4.0,0.0,0.0,0.0,0.0,0.0,0.0,0.0,0.0,0.0,2.0,0.0,0.0,0.0,0.0,42.0,5.0,6.0,0.0,0.0,0.0,0.0,1.0,1.0,0.0,0.0,0.0,38.0,3.0,6.0,0.0,0.0,0.0,0.0,1.0,2.0,0.0,0.0,0.0,29.0,6.0,7.0,0.0,0.0,0.0,0.0,0.0,1.0,0.0,0.0,0.0,0.0,0.0,23.0,6.0,8.0,0.0,0.0,0.0,0.0,0.0,0.0,0.0,0.0,1.0,1.0,0.0,0.0,0.0,2.0,0.0,0.0,0.0,0.0,1.0,0.0,1.0,5.0,1.0,0.0,1.0,0.0,0.0,1.0,1.0,2.0,0.0,1.0,2.0,0.0,0.0,1.0,1.0,11.0,2.0,6.0,0.0,0.0,1.0,0.0,0.0,0.0,1.0,4.0,0.0,0.0,0.0,0.0,0.0,0.0,0.0,0.0,1.0,1.0,0.0,0.0,0.0,0.0,0.0,0.0,0.0,0.0,0.0,0.0,0.0,0.0,0.0,0.0,0.0,1.0,0.0,1.0,1.0,1.0,0.0,0.0,1.0,0.0,0.0,1.0,0.0,0.0,0.0,0.0,1.0,0.0,0.0,2.0,1.0,0.0,0.0,1.0,0.0,0.0,0.0,2.0,1.0,0.0,1.0,1.0,0.0,0.0,1.0,1.0,1.0,0.0,0.0,4.0,0.0,0.0,0.0,0.0,COc1ccc2cc(-c3cc(C(C)(C)C)nn3C(C)c3ccc(C(=O)NCCC(=O)O)cc3)ccc2c1
CHEMBL4226911,Inactive,31.0,7.0,3.0,0.0,0.0,2.0,2.0,1.0,40.0,14.0,3.0,0.0,0.0,4.0,4.0,0.0,1.0,1.0,0.0,0.0,0.0,0.0,0.0,40.0,18.0,5.0,0.0,0.0,4.0,4.0,0.0,0.0,41.0,15.0,3.0,0.0,0.0,4.0,4.0,2.0,0.0,45.0,12.0,4.0,0.0,0.0,2.0,2.0,0.0,0.0,0.0,2.0,2.0,0.0,49.0,8.0,3.0,0.0,0.0,4.0,4.0,1.0,0.0,0.0,2.0,2.0,2.0,0.0,0.0,0.0,0.0,48.0,7.0,5.0,0.0,0.0,4.0,4.0,2.0,1.0,0.0,0.0,0.0,44.0,6.0,5.0,0.0,0.0,8.0,8.0,1.0,1.0,0.0,0.0,0.0,34.0,9.0,5.0,0.0,0.0,8.0,8.0,0.0,0.0,0.0,0.0,0.0,0.0,0.0,25.0,10.0,6.0,0.0,0.0,8.0,8.0,0.0,0.0,0.0,0.0,1.0,1.0,0.0,0.0,0.0,2.0,0.0,0.0,0.0,0.0,1.0,0.0,1.0,2.0,1.0,0.0,1.0,0.0,0.0,1.0,0.0,2.0,0.0,1.0,1.0,2.0,0.0,0.0,1.0,7.0,2.0,3.0,0.0,0.0,0.0,0.0,0.0,0.0,1.0,1.0,0.0,0.0,0.0,0.0,0.0,0.0,0.0,0.0,1.0,1.0,0.0,0.0,0.0,0.0,0.0,0.0,0.0,0.0,0.0,0.0,0.0,0.0,0.0,0.0,0.0,1.0,0.0,1.0,1.0,1.0,0.0,0.0,1.0,0.0,0.0,1.0,0.0,0.0,0.0,0.0,1.0,2.0,2.0,2.0,1.0,0.0,0.0,1.0,0.0,0.0,0.0,1.0,0.0,0.0,1.0,1.0,0.0,0.0,1.0,1.0,1.0,0.0,0.0,3.0,0.0,0.0,0.0,0.0,Cc1c(-c2cc(Cl)cc(Cl)c2)nn(C(C)c2ccc(C(=O)NCCC(=O)O)cc2)c1-c1ccc2ncccc2c1
CHEMBL4227634,Inactive,35.0,5.0,3.0,0.0,0.0,2.0,2.0,1.0,45.0,11.0,3.0,0.0,0.0,4.0,4.0,0.0,1.0,1.0,0.0,0.0,0.0,0.0,0.0,46.0,15.0,5.0,0.0,0.0,4.0,4.0,0.0,0.0,48.0,15.0,3.0,0.0,0.0,4.0,4.0,2.0,0.0,56.0,13.0,4.0,0.0,0.0,2.0,2.0,0.0,0.0,0.0,2.0,2.0,0.0,60.0,9.0,3.0,0.0,0.0,4.0,4.0,0.0,0.0,0.0,2.0,2.0,2.0,0.0,0.0,0.0,0.0,59.0,5.0,5.0,0.0,0.0,4.0,4.0,1.0,1.0,0.0,0.0,0.0,55.0,3.0,5.0,0.0,0.0,8.0,8.0,1.0,1.0,0.0,0.0,0.0,44.0,5.0,5.0,0.0,0.0,10.0,10.0,0.0,0.0,0.0,0.0,0.0,0.0,0.0,32.0,6.0,6.0,0.0,0.0,10.0,10.0,0.0,0.0,0.0,0.0,1.0,1.0,0.0,0.0,0.0,2.0,0.0,0.0,0.0,0.0,1.0,0.0,1.0,2.0,1.0,0.0,1.0,0.0,0.0,1.0,0.0,2.0,0.0,1.0,0.0,2.0,0.0,0.0,1.0,7.0,2.0,3.0,0.0,0.0,0.0,0.0,0.0,0.0,1.0,1.0,0.0,0.0,0.0,0.0,0.0,0.0,0.0,0.0,1.0,1.0,0.0,0.0,0.0,0.0,0.0,0.0,0.0,0.0,0.0,0.0,0.0,0.0,0.0,0.0,0.0,1.0,0.0,1.0,1.0,1.0,0.0,0.0,1.0,0.0,0.0,1.0,0.0,0.0,0.0,0.0,1.0,2.0,2.0,2.0,1.0,0.0,0.0,1.0,0.0,0.0,0.0,1.0,0.0,0.0,1.0,1.0,0.0,0.0,1.0,1.0,1.0,0.0,0.0,3.0,0.0,0.0,0.0,0.0,Cc1c(-c2cc(Cl)cc(Cl)c2)nn(C(C)c2ccc(C(=O)NCCC(=O)O)cc2)c1-c1ccccc1-c1ccccc1
CHEMBL3616672,Active,33.0,5.0,5.0,0.0,7.0,0.0,7.0,1.0,44.0,11.0,5.0,0.0,5.0,0.0,5.0,0.0,1.0,1.0,3.0,3.0,6.0,6.0,6.0,45.0,14.0,7.0,0.0,12.0,0.0,12.0,0.0,0.0,43.0,14.0,4.0,0.0,14.0,0.0,14.0,2.0,0.0,46.0,11.0,5.0,0.0,15.0,0.0,15.0,0.0,0.0,1.0,0.0,1.0,0.0,49.0,9.0,5.0,0.0,9.0,0.0,9.0,0.0,0.0,3.0,0.0,3.0,2.0,0.0,3.0,3.0,3.0,49.0,5.0,7.0,0.0,12.0,0.0,12.0,1.0,1.0,3.0,3.0,0.0,47.0,3.0,6.0,0.0,18.0,0.0,18.0,1.0,2.0,0.0,0.0,0.0,40.0,6.0,7.0,0.0,19.0,0.0,19.0,0.0,1.0,0.0,0.0,0.0,0.0,0.0,35.0,6.0,8.0,0.0,15.0,0.0,15.0,0.0,0.0,3.0,0.0,1.0,1.0,0.0,0.0,0.0,2.0,0.0,0.0,0.0,0.0,1.0,0.0,1.0,1.0,1.0,0.0,1.0,0.0,0.0,1.0,2.0,2.0,0.0,2.0,2.0,0.0,7.0,1.0,1.0,8.0,2.0,3.0,0.0,0.0,0.0,0.0,0.0,0.0,1.0,1.0,0.0,0.0,0.0,0.0,0.0,0.0,0.0,0.0,1.0,1.0,0.0,0.0,0.0,0.0,0.0,0.0,0.0,0.0,0.0,0.0,0.0,0.0,0.0,0.0,0.0,1.0,0.0,1.0,1.0,1.0,0.0,0.0,1.0,0.0,0.0,1.0,0.0,0.0,0.0,0.0,1.0,0.0,0.0,2.0,1.0,0.0,0.0,1.0,0.0,0.0,0.0,2.0,1.0,7.0,1.0,1.0,0.0,0.0,1.0,1.0,1.0,0.0,0.0,4.0,0.0,0.0,3.0,0.0,CC(c1ccc(C(=O)NCCC(=O)O)cc1)n1nc(-c2cc(C(F)(F)F)ccc2F)c2ccc(-c3ccc(OC(F)(F)F)cc3)cc21
CHEMBL3616690,Active,36.0,5.0,5.0,0.0,3.0,0.0,3.0,1.0,47.0,11.0,5.0,0.0,3.0,0.0,3.0,0.0,1.0,1.0,0.0,0.0,3.0,3.0,3.0,48.0,15.0,8.0,0.0,6.0,0.0,6.0,0.0,0.0,49.0,16.0,5.0,0.0,6.0,0.0,6.0,3.0,0.0,56.0,14.0,7.0,0.0,6.0,0.0,6.0,0.0,1.0,0.0,0.0,0.0,0.0,63.0,11.0,6.0,0.0,3.0,0.0,3.0,0.0,0.0,3.0,0.0,3.0,2.0,3.0,0.0,0.0,0.0,64.0,5.0,8.0,0.0,9.0,0.0,9.0,1.0,1.0,3.0,3.0,0.0,61.0,4.0,10.0,0.0,9.0,0.0,9.0,1.0,1.0,0.0,0.0,0.0,57.0,6.0,11.0,0.0,9.0,0.0,9.0,0.0,0.0,0.0,0.0,0.0,0.0,0.0,49.0,6.0,10.0,0.0,12.0,0.0,12.0,0.0,0.0,0.0,0.0,1.0,0.0,0.0,0.0,0.0,5.0,1.0,0.0,0.0,0.0,3.0,1.0,1.0,2.0,1.0,0.0,1.0,0.0,0.0,1.0,1.0,2.0,0.0,1.0,2.0,0.0,3.0,1.0,1.0,11.0,2.0,6.0,0.0,0.0,0.0,0.0,0.0,0.0,1.0,4.0,0.0,0.0,0.0,0.0,0.0,0.0,0.0,0.0,1.0,1.0,2.0,0.0,0.0,1.0,1.0,0.0,0.0,0.0,0.0,0.0,0.0,0.0,0.0,0.0,0.0,1.0,0.0,1.0,1.0,1.0,0.0,0.0,1.0,0.0,0.0,1.0,0.0,0.0,0.0,0.0,1.0,0.0,0.0,2.0,1.0,0.0,0.0,1.0,0.0,0.0,0.0,2.0,1.0,3.0,1.0,1.0,0.0,0.0,1.0,1.0,1.0,0.0,0.0,4.0,0.0,0.0,0.0,0.0,CCCCC(c1ccc(C(=O)NCCC(=O)O)cc1)n1nc(-c2cc(C(F)(F)F)ccc2OC)c2ccc(-c3ccccc3)cc21
CHEMBL312825,Inactive,17.0,6.0,0.0,2.0,1.0,0.0,2.0,0.0,22.0,8.0,0.0,3.0,2.0,0.0,4.0,1.0,0.0,0.0,0.0,0.0,0.0,0.0,0.0,20.0,9.0,0.0,0.0,2.0,0.0,3.0,0.0,0.0,17.0,13.0,0.0,2.0,1.0,0.0,2.0,0.0,0.0,23.0,6.0,0.0,2.0,1.0,0.0,1.0,1.0,0.0,0.0,0.0,2.0,0.0,22.0,3.0,0.0,4.0,1.0,0.0,3.0,1.0,0.0,1.0,0.0,1.0,0.0,0.0,0.0,0.0,0.0,19.0,3.0,0.0,4.0,2.0,0.0,4.0,0.0,0.0,1.0,1.0,0.0,11.0,3.0,0.0,1.0,3.0,0.0,7.0,0.0,0.0,0.0,0.0,0.0,2.0,3.0,0.0,0.0,3.0,0.0,7.0,0.0,0.0,0.0,0.0,0.0,0.0,0.0,0.0,0.0,0.0,0.0,2.0,0.0,3.0,0.0,0.0,2.0,0.0,0.0,0.0,0.0,0.0,0.0,0.0,0.0,0.0,0.0,0.0,0.0,0.0,0.0,0.0,0.0,0.0,0.0,0.0,0.0,0.0,0.0,0.0,0.0,1.0,0.0,0.0,1.0,0.0,0.0,0.0,0.0,0.0,0.0,0.0,0.0,0.0,0.0,0.0,0.0,0.0,0.0,0.0,0.0,0.0,0.0,0.0,0.0,0.0,0.0,0.0,0.0,0.0,0.0,0.0,0.0,0.0,0.0,0.0,0.0,0.0,0.0,0.0,0.0,0.0,0.0,0.0,0.0,0.0,0.0,0.0,0.0,0.0,0.0,0.0,0.0,0.0,0.0,0.0,0.0,0.0,0.0,0.0,0.0,0.0,0.0,0.0,0.0,0.0,0.0,0.0,0.0,0.0,0.0,1.0,0.0,0.0,0.0,0.0,0.0,0.0,0.0,0.0,0.0,0.0,0.0,0.0,0.0,0.0,Fc1ccc(-c2[nH]c(-c3cc(Br)cs3)nc2-c2ccncc2)cc1
CHEMBL104137,Inactive,17.0,4.0,4.0,0.0,0.0,0.0,0.0,1.0,22.0,7.0,5.0,0.0,0.0,0.0,0.0,0.0,1.0,0.0,0.0,0.0,0.0,0.0,0.0,20.0,9.0,6.0,0.0,0.0,0.0,0.0,0.0,1.0,12.0,11.0,7.0,0.0,0.0,0.0,0.0,0.0,0.0,10.0,8.0,3.0,0.0,0.0,0.0,0.0,1.0,1.0,0.0,0.0,0.0,1.0,9.0,5.0,3.0,0.0,0.0,0.0,0.0,1.0,2.0,0.0,0.0,0.0,1.0,0.0,0.0,0.0,0.0,12.0,3.0,4.0,0.0,0.0,0.0,0.0,0.0,1.0,0.0,0.0,0.0,15.0,1.0,4.0,0.0,0.0,0.0,0.0,0.0,1.0,0.0,0.0,0.0,14.0,2.0,4.0,0.0,0.0,0.0,0.0,0.0,0.0,0.0,0.0,0.0,0.0,0.0,11.0,2.0,5.0,0.0,0.0,0.0,0.0,0.0,0.0,0.0,0.0,0.0,0.0,0.0,0.0,0.0,0.0,0.0,0.0,0.0,0.0,0.0,0.0,0.0,1.0,1.0,0.0,1.0,0.0,0.0,1.0,0.0,1.0,0.0,0.0,1.0,0.0,0.0,1.0,1.0,3.0,1.0,0.0,0.0,0.0,0.0,0.0,0.0,0.0,0.0,0.0,0.0,0.0,0.0,0.0,0.0,0.0,0.0,0.0,0.0,0.0,0.0,0.0,0.0,0.0,0.0,0.0,0.0,0.0,0.0,0.0,0.0,0.0,0.0,0.0,0.0,0.0,0.0,0.0,0.0,0.0,0.0,0.0,0.0,0.0,0.0,0.0,0.0,0.0,0.0,0.0,0.0,0.0,0.0,1.0,0.0,0.0,0.0,0.0,0.0,0.0,0.0,1.0,1.0,0.0,2.0,1.0,0.0,0.0,1.0,0.0,0.0,0.0,0.0,3.0,0.0,0.0,0.0,0.0,COc1cc(C(=O)NN=Cc2ccnc3ccccc23)ccc1O
CHEMBL277627,Inactive,23.0,3.0,1.0,0.0,0.0,0.0,0.0,0.0,30.0,6.0,1.0,0.0,0.0,0.0,0.0,0.0,0.0,0.0,0.0,0.0,0.0,0.0,0.0,32.0,10.0,2.0,0.0,0.0,0.0,0.0,0.0,0.0,40.0,5.0,3.0,0.0,0.0,0.0,0.0,1.0,0.0,40.0,7.0,6.0,0.0,0.0,0.0,0.0,0.0,0.0,0.0,0.0,0.0,0.0,38.0,6.0,4.0,0.0,0.0,0.0,0.0,1.0,1.0,0.0,0.0,0.0,0.0,0.0,0.0,0.0,0.0,25.0,7.0,4.0,0.0,0.0,0.0,0.0,0.0,0.0,0.0,0.0,0.0,16.0,1.0,1.0,0.0,0.0,0.0,0.0,0.0,0.0,0.0,0.0,0.0,6.0,1.0,1.0,0.0,0.0,0.0,0.0,0.0,0.0,0.0,0.0,0.0,0.0,0.0,3.0,0.0,0.0,0.0,0.0,0.0,0.0,0.0,0.0,0.0,0.0,2.0,2.0,0.0,0.0,2.0,5.0,0.0,0.0,0.0,0.0,3.0,2.0,0.0,5.0,0.0,0.0,0.0,0.0,1.0,1.0,0.0,0.0,0.0,0.0,0.0,0.0,0.0,0.0,1.0,12.0,0.0,8.0,0.0,0.0,0.0,0.0,0.0,0.0,0.0,5.0,0.0,0.0,0.0,0.0,0.0,0.0,0.0,0.0,0.0,0.0,2.0,0.0,0.0,0.0,1.0,0.0,0.0,0.0,0.0,0.0,0.0,0.0,0.0,0.0,0.0,0.0,0.0,0.0,0.0,0.0,0.0,0.0,0.0,0.0,0.0,0.0,0.0,0.0,0.0,0.0,0.0,0.0,0.0,0.0,0.0,0.0,0.0,0.0,0.0,0.0,0.0,1.0,0.0,0.0,1.0,0.0,0.0,0.0,0.0,0.0,0.0,0.0,0.0,1.0,0.0,0.0,0.0,0.0,CCCCCc1c(C(C)C)nc(C(C)C)c(CO)c1-c1ccccc1N
CHEMBL452311,Active,29.0,7.0,5.0,0.0,0.0,0.0,1.0,0.0,38.0,7.0,5.0,0.0,0.0,0.0,2.0,1.0,3.0,1.0,0.0,0.0,0.0,0.0,0.0,34.0,12.0,8.0,0.0,0.0,0.0,2.0,0.0,1.0,30.0,11.0,9.0,0.0,0.0,0.0,1.0,2.0,0.0,34.0,9.0,11.0,0.0,0.0,0.0,1.0,0.0,0.0,0.0,0.0,0.0,1.0,36.0,8.0,9.0,0.0,0.0,0.0,0.0,0.0,0.0,0.0,0.0,1.0,2.0,1.0,0.0,0.0,0.0,39.0,4.0,8.0,0.0,0.0,0.0,2.0,1.0,1.0,0.0,0.0,0.0,35.0,7.0,10.0,0.0,0.0,0.0,3.0,0.0,0.0,0.0,0.0,0.0,33.0,5.0,7.0,0.0,0.0,0.0,4.0,1.0,2.0,0.0,0.0,1.0,0.0,0.0,30.0,6.0,7.0,0.0,0.0,0.0,3.0,0.0,1.0,0.0,0.0,2.0,0.0,0.0,1.0,0.0,7.0,3.0,1.0,0.0,0.0,4.0,3.0,0.0,0.0,2.0,0.0,2.0,0.0,0.0,2.0,0.0,3.0,0.0,2.0,0.0,0.0,0.0,0.0,2.0,12.0,3.0,8.0,0.0,0.0,0.0,0.0,0.0,0.0,1.0,7.0,0.0,0.0,0.0,0.0,0.0,0.0,0.0,0.0,1.0,2.0,6.0,0.0,0.0,2.0,6.0,0.0,0.0,1.0,0.0,0.0,0.0,0.0,0.0,0.0,0.0,1.0,0.0,1.0,1.0,1.0,0.0,0.0,1.0,0.0,0.0,1.0,0.0,0.0,0.0,0.0,3.0,0.0,0.0,5.0,2.0,0.0,0.0,2.0,3.0,0.0,1.0,2.0,0.0,0.0,3.0,3.0,0.0,0.0,2.0,1.0,1.0,0.0,1.0,5.0,0.0,0.0,0.0,1.0,O=C(NCC(O)C(=O)O)c1ccc(CN(C(=O)Nc2cccc(Br)c2)c2ccc(C3CCCCC3)cc2)cc1
CHEMBL321010,Inactive,19.0,2.0,3.0,0.0,0.0,0.0,1.0,1.0,24.0,4.0,5.0,0.0,0.0,0.0,2.0,0.0,1.0,0.0,0.0,0.0,0.0,0.0,0.0,21.0,6.0,7.0,0.0,0.0,0.0,2.0,0.0,1.0,12.0,9.0,7.0,0.0,0.0,0.0,2.0,0.0,0.0,8.0,9.0,5.0,0.0,0.0,0.0,0.0,0.0,0.0,0.0,0.0,1.0,0.0,9.0,5.0,2.0,0.0,0.0,0.0,0.0,0.0,2.0,0.0,0.0,1.0,1.0,0.0,0.0,0.0,0.0,13.0,1.0,3.0,0.0,0.0,0.0,1.0,0.0,2.0,0.0,0.0,0.0,15.0,0.0,5.0,0.0,0.0,0.0,1.0,0.0,0.0,0.0,0.0,0.0,15.0,0.0,3.0,0.0,0.0,0.0,2.0,0.0,0.0,0.0,0.0,1.0,0.0,0.0,11.0,0.0,4.0,0.0,0.0,0.0,3.0,0.0,0.0,0.0,0.0,0.0,0.0,0.0,0.0,0.0,0.0,0.0,0.0,0.0,0.0,0.0,0.0,0.0,0.0,1.0,0.0,1.0,0.0,0.0,2.0,0.0,1.0,0.0,0.0,1.0,0.0,0.0,0.0,2.0,2.0,1.0,0.0,0.0,0.0,0.0,0.0,0.0,0.0,0.0,0.0,0.0,0.0,0.0,0.0,0.0,0.0,0.0,0.0,0.0,0.0,0.0,0.0,0.0,0.0,0.0,0.0,0.0,0.0,0.0,0.0,0.0,0.0,0.0,0.0,0.0,0.0,0.0,0.0,0.0,0.0,0.0,0.0,0.0,0.0,0.0,0.0,0.0,0.0,0.0,0.0,0.0,0.0,0.0,1.0,0.0,0.0,0.0,0.0,0.0,0.0,0.0,0.0,0.0,0.0,2.0,1.0,0.0,0.0,1.0,0.0,0.0,0.0,0.0,3.0,0.0,0.0,0.0,0.0,O=C(NN=Cc1ccc(O)c2ccccc12)c1ccc(O)c(Br)c1
CHEMBL107069,Inactive,19.0,2.0,3.0,0.0,1.0,0.0,1.0,1.0,24.0,4.0,5.0,0.0,2.0,0.0,2.0,0.0,1.0,0.0,0.0,0.0,0.0,0.0,0.0,21.0,6.0,7.0,0.0,2.0,0.0,2.0,0.0,1.0,12.0,9.0,7.0,0.0,2.0,0.0,2.0,0.0,0.0,8.0,9.0,5.0,0.0,0.0,0.0,0.0,0.0,0.0,1.0,0.0,1.0,0.0,9.0,5.0,2.0,0.0,0.0,0.0,0.0,0.0,2.0,1.0,0.0,1.0,1.0,0.0,0.0,0.0,0.0,13.0,1.0,3.0,0.0,1.0,0.0,1.0,0.0,2.0,0.0,0.0,0.0,15.0,0.0,5.0,0.0,1.0,0.0,1.0,0.0,0.0,0.0,0.0,0.0,15.0,0.0,3.0,0.0,2.0,0.0,2.0,0.0,0.0,0.0,0.0,1.0,0.0,0.0,11.0,0.0,4.0,0.0,3.0,0.0,3.0,0.0,0.0,0.0,0.0,0.0,0.0,0.0,0.0,0.0,0.0,0.0,0.0,0.0,0.0,0.0,0.0,0.0,0.0,1.0,0.0,1.0,0.0,0.0,2.0,0.0,1.0,0.0,0.0,1.0,0.0,1.0,0.0,2.0,2.0,1.0,0.0,0.0,0.0,0.0,0.0,0.0,0.0,0.0,0.0,0.0,0.0,0.0,0.0,0.0,0.0,0.0,0.0,0.0,0.0,0.0,0.0,0.0,0.0,0.0,0.0,0.0,0.0,0.0,0.0,0.0,0.0,0.0,0.0,0.0,0.0,0.0,0.0,0.0,0.0,0.0,0.0,0.0,0.0,0.0,0.0,0.0,0.0,0.0,0.0,0.0,0.0,0.0,1.0,0.0,0.0,0.0,0.0,0.0,0.0,0.0,0.0,0.0,1.0,2.0,1.0,0.0,0.0,1.0,0.0,0.0,0.0,0.0,3.0,0.0,0.0,0.0,0.0,O=C(NN=Cc1ccc(O)c2ccccc12)c1ccc(O)c(F)c1
CHEMBL2159339,Active,33.0,5.0,3.0,0.0,3.0,2.0,5.0,1.0,43.0,11.0,3.0,0.0,3.0,4.0,7.0,0.0,1.0,1.0,0.0,0.0,3.0,3.0,3.0,43.0,13.0,5.0,0.0,6.0,4.0,10.0,0.0,0.0,39.0,14.0,3.0,0.0,6.0,4.0,10.0,2.0,0.0,42.0,11.0,4.0,0.0,6.0,2.0,8.0,0.0,0.0,0.0,2.0,2.0,0.0,46.0,8.0,3.0,0.0,6.0,2.0,8.0,0.0,0.0,0.0,2.0,2.0,2.0,0.0,0.0,0.0,0.0,48.0,5.0,5.0,0.0,3.0,4.0,7.0,1.0,1.0,0.0,0.0,0.0,46.0,4.0,5.0,0.0,3.0,8.0,11.0,1.0,1.0,0.0,0.0,0.0,39.0,6.0,5.0,0.0,3.0,8.0,11.0,0.0,0.0,3.0,3.0,0.0,0.0,0.0,32.0,5.0,5.0,0.0,6.0,8.0,14.0,0.0,0.0,3.0,0.0,1.0,1.0,0.0,0.0,0.0,2.0,0.0,0.0,0.0,0.0,1.0,0.0,1.0,1.0,1.0,0.0,1.0,0.0,0.0,1.0,1.0,2.0,0.0,1.0,2.0,2.0,3.0,0.0,1.0,7.0,2.0,3.0,0.0,0.0,0.0,0.0,0.0,0.0,1.0,1.0,0.0,0.0,0.0,0.0,0.0,0.0,0.0,0.0,1.0,1.0,0.0,0.0,0.0,0.0,0.0,0.0,0.0,0.0,0.0,0.0,0.0,0.0,0.0,0.0,0.0,1.0,0.0,1.0,1.0,1.0,0.0,0.0,1.0,0.0,0.0,1.0,0.0,0.0,0.0,0.0,1.0,2.0,2.0,2.0,1.0,0.0,0.0,1.0,0.0,0.0,0.0,1.0,0.0,3.0,1.0,1.0,0.0,0.0,1.0,1.0,1.0,0.0,0.0,3.0,0.0,0.0,0.0,0.0,CC(c1ccc(C(=O)NCCC(=O)O)cc1)n1nc(-c2cc(Cl)cc(Cl)c2)cc1-c1ccc2cc(C(F)(F)F)ccc2c1
CHEMBL2435136,Inactive,22.0,4.0,0.0,2.0,1.0,0.0,1.0,0.0,30.0,6.0,2.0,2.0,2.0,0.0,2.0,0.0,0.0,0.0,0.0,0.0,0.0,0.0,0.0,30.0,6.0,2.0,2.0,2.0,0.0,2.0,0.0,0.0,28.0,7.0,2.0,1.0,1.0,0.0,1.0,0.0,0.0,30.0,4.0,1.0,1.0,1.0,0.0,1.0,1.0,0.0,0.0,0.0,0.0,0.0,29.0,4.0,1.0,1.0,2.0,0.0,2.0,0.0,0.0,0.0,0.0,0.0,0.0,0.0,0.0,0.0,0.0,26.0,4.0,1.0,2.0,2.0,0.0,2.0,0.0,1.0,1.0,1.0,0.0,18.0,4.0,2.0,2.0,3.0,0.0,3.0,0.0,0.0,0.0,0.0,0.0,8.0,3.0,2.0,4.0,4.0,0.0,4.0,0.0,0.0,0.0,0.0,0.0,0.0,0.0,5.0,1.0,4.0,4.0,2.0,0.0,2.0,0.0,0.0,1.0,0.0,0.0,0.0,0.0,0.0,0.0,1.0,0.0,0.0,0.0,0.0,0.0,0.0,0.0,1.0,0.0,0.0,0.0,0.0,0.0,0.0,0.0,0.0,0.0,2.0,0.0,0.0,1.0,0.0,0.0,5.0,0.0,2.0,0.0,0.0,0.0,0.0,0.0,0.0,0.0,1.0,0.0,0.0,0.0,0.0,0.0,0.0,0.0,0.0,0.0,2.0,0.0,0.0,0.0,2.0,0.0,0.0,0.0,0.0,0.0,0.0,0.0,0.0,0.0,0.0,0.0,0.0,0.0,0.0,0.0,0.0,0.0,0.0,0.0,0.0,0.0,0.0,0.0,0.0,0.0,0.0,0.0,0.0,0.0,1.0,0.0,0.0,0.0,0.0,0.0,0.0,0.0,0.0,0.0,1.0,1.0,0.0,0.0,0.0,0.0,0.0,0.0,0.0,0.0,1.0,0.0,0.0,0.0,0.0,C[S+]([O-])c1ccc(C2=NC(c3ccncc3)=C(c3ccc(F)cc3)C2)cc1
CHEMBL153905,Active,20.0,2.0,3.0,0.0,1.0,0.0,1.0,1.0,26.0,4.0,4.0,0.0,2.0,0.0,2.0,0.0,1.0,0.0,0.0,0.0,0.0,0.0,0.0,24.0,6.0,6.0,0.0,2.0,0.0,2.0,0.0,1.0,15.0,9.0,7.0,0.0,2.0,0.0,2.0,0.0,0.0,10.0,9.0,6.0,0.0,0.0,0.0,0.0,0.0,0.0,1.0,0.0,1.0,0.0,9.0,6.0,4.0,0.0,0.0,0.0,0.0,0.0,1.0,1.0,0.0,1.0,1.0,0.0,0.0,0.0,0.0,13.0,2.0,3.0,0.0,1.0,0.0,1.0,0.0,2.0,0.0,0.0,0.0,16.0,0.0,4.0,0.0,1.0,0.0,1.0,0.0,1.0,0.0,0.0,0.0,16.0,0.0,4.0,0.0,2.0,0.0,2.0,0.0,0.0,0.0,0.0,0.0,0.0,0.0,13.0,0.0,3.0,0.0,3.0,0.0,3.0,0.0,0.0,0.0,1.0,0.0,0.0,0.0,0.0,0.0,1.0,0.0,0.0,0.0,0.0,0.0,0.0,0.0,0.0,1.0,0.0,1.0,0.0,0.0,2.0,0.0,1.0,0.0,0.0,1.0,0.0,1.0,0.0,2.0,3.0,1.0,0.0,0.0,0.0,0.0,0.0,0.0,0.0,0.0,0.0,0.0,0.0,0.0,0.0,0.0,0.0,0.0,0.0,0.0,0.0,0.0,0.0,0.0,0.0,0.0,0.0,0.0,0.0,0.0,0.0,0.0,0.0,0.0,0.0,0.0,0.0,0.0,0.0,0.0,0.0,0.0,0.0,0.0,0.0,0.0,0.0,0.0,0.0,0.0,0.0,0.0,0.0,0.0,1.0,0.0,0.0,0.0,0.0,0.0,0.0,0.0,1.0,0.0,1.0,2.0,1.0,0.0,0.0,1.0,0.0,0.0,0.0,0.0,3.0,0.0,0.0,0.0,0.0,O=C(NN=Cc1ccc(CO)c2ccccc12)c1ccc(O)c(F)c1
CHEMBL362657,Inactive,20.0,6.0,2.0,2.0,0.0,2.0,2.0,0.0,26.0,7.0,2.0,3.0,0.0,4.0,4.0,0.0,2.0,0.0,0.0,0.0,0.0,0.0,0.0,25.0,10.0,6.0,3.0,0.0,5.0,5.0,0.0,0.0,20.0,11.0,9.0,3.0,0.0,2.0,2.0,0.0,0.0,28.0,4.0,6.0,5.0,0.0,3.0,3.0,1.0,1.0,0.0,0.0,0.0,0.0,31.0,4.0,5.0,4.0,0.0,3.0,3.0,1.0,2.0,0.0,1.0,1.0,0.0,1.0,0.0,0.0,0.0,26.0,8.0,2.0,2.0,0.0,3.0,3.0,0.0,1.0,0.0,0.0,1.0,18.0,9.0,4.0,1.0,0.0,6.0,6.0,0.0,0.0,0.0,0.0,0.0,14.0,6.0,5.0,0.0,0.0,2.0,2.0,0.0,0.0,0.0,1.0,0.0,0.0,0.0,15.0,3.0,2.0,0.0,0.0,4.0,4.0,0.0,0.0,1.0,0.0,2.0,1.0,0.0,1.0,1.0,3.0,2.0,2.0,2.0,0.0,0.0,0.0,0.0,5.0,1.0,0.0,1.0,1.0,0.0,0.0,0.0,2.0,0.0,0.0,1.0,2.0,0.0,0.0,0.0,13.0,2.0,7.0,1.0,0.0,1.0,1.0,1.0,0.0,1.0,6.0,2.0,0.0,0.0,0.0,2.0,1.0,0.0,0.0,2.0,0.0,4.0,2.0,2.0,0.0,1.0,0.0,0.0,0.0,0.0,0.0,0.0,0.0,0.0,2.0,0.0,2.0,0.0,0.0,0.0,3.0,2.0,0.0,4.0,0.0,0.0,2.0,0.0,0.0,0.0,0.0,0.0,2.0,2.0,4.0,3.0,0.0,2.0,2.0,0.0,0.0,0.0,0.0,0.0,0.0,3.0,2.0,0.0,0.0,1.0,0.0,0.0,0.0,0.0,2.0,0.0,0.0,0.0,0.0,CCC(CC)C(=O)Nc1sc(C(=O)N(Cc2ccc(Cl)cc2Cl)C(C)C)c(C)c1C#N
CHEMBL154505,Active,27.0,4.0,6.0,0.0,3.0,1.0,4.0,1.0,35.0,6.0,8.0,0.0,0.0,2.0,2.0,0.0,1.0,0.0,3.0,3.0,3.0,3.0,3.0,33.0,8.0,10.0,0.0,3.0,2.0,5.0,0.0,2.0,24.0,12.0,9.0,0.0,6.0,2.0,8.0,1.0,0.0,20.0,13.0,7.0,0.0,9.0,0.0,9.0,0.0,0.0,0.0,1.0,1.0,0.0,21.0,8.0,5.0,0.0,3.0,0.0,3.0,0.0,2.0,3.0,1.0,4.0,1.0,0.0,0.0,0.0,0.0,24.0,5.0,5.0,0.0,3.0,1.0,4.0,0.0,2.0,0.0,0.0,1.0,27.0,4.0,8.0,0.0,3.0,1.0,4.0,0.0,0.0,0.0,0.0,0.0,33.0,1.0,5.0,0.0,0.0,2.0,2.0,1.0,0.0,0.0,0.0,1.0,3.0,3.0,31.0,1.0,8.0,0.0,3.0,3.0,6.0,1.0,0.0,0.0,0.0,0.0,0.0,0.0,0.0,0.0,3.0,0.0,0.0,0.0,0.0,1.0,0.0,0.0,0.0,2.0,0.0,1.0,0.0,0.0,1.0,1.0,1.0,0.0,0.0,1.0,1.0,3.0,2.0,1.0,6.0,1.0,1.0,0.0,0.0,0.0,0.0,0.0,0.0,0.0,0.0,0.0,0.0,0.0,0.0,0.0,0.0,0.0,0.0,0.0,0.0,0.0,0.0,0.0,0.0,0.0,0.0,0.0,0.0,0.0,0.0,0.0,0.0,0.0,0.0,0.0,0.0,0.0,0.0,0.0,1.0,0.0,0.0,1.0,0.0,0.0,0.0,0.0,0.0,0.0,0.0,1.0,1.0,1.0,3.0,1.0,0.0,0.0,0.0,0.0,0.0,1.0,2.0,2.0,3.0,3.0,1.0,0.0,0.0,2.0,0.0,0.0,0.0,1.0,4.0,0.0,0.0,3.0,0.0,O=C(NN=Cc1ccc(OCCNCc2ccccc2OC(F)(F)F)c2ccccc12)c1ccc(O)c(Cl)c1
CHEMBL3616683,Active,32.0,5.0,5.0,0.0,6.0,0.0,6.0,1.0,42.0,11.0,5.0,0.0,6.0,0.0,6.0,0.0,1.0,1.0,3.0,3.0,3.0,3.0,3.0,43.0,14.0,7.0,0.0,9.0,0.0,9.0,0.0,0.0,41.0,14.0,4.0,0.0,11.0,0.0,11.0,2.0,0.0,45.0,10.0,5.0,0.0,9.0,0.0,9.0,0.0,0.0,2.0,0.0,2.0,0.0,47.0,8.0,5.0,0.0,8.0,0.0,8.0,0.0,0.0,3.0,0.0,3.0,2.0,0.0,0.0,0.0,0.0,46.0,5.0,7.0,0.0,11.0,0.0,11.0,1.0,1.0,1.0,1.0,0.0,44.0,3.0,6.0,0.0,15.0,0.0,15.0,1.0,2.0,0.0,0.0,0.0,37.0,6.0,7.0,0.0,15.0,0.0,15.0,0.0,1.0,0.0,0.0,0.0,0.0,0.0,31.0,6.0,8.0,0.0,14.0,0.0,14.0,0.0,0.0,3.0,0.0,1.0,1.0,0.0,0.0,0.0,2.0,0.0,0.0,0.0,0.0,1.0,0.0,1.0,1.0,1.0,0.0,1.0,0.0,0.0,1.0,1.0,2.0,0.0,2.0,1.0,0.0,6.0,1.0,1.0,7.0,2.0,3.0,0.0,0.0,0.0,0.0,0.0,0.0,1.0,1.0,0.0,0.0,0.0,0.0,0.0,0.0,0.0,0.0,1.0,1.0,0.0,0.0,0.0,0.0,0.0,0.0,0.0,0.0,0.0,0.0,0.0,0.0,0.0,0.0,0.0,1.0,0.0,1.0,1.0,1.0,0.0,0.0,1.0,0.0,0.0,1.0,0.0,0.0,0.0,0.0,1.0,0.0,0.0,2.0,1.0,0.0,0.0,1.0,0.0,0.0,0.0,2.0,1.0,6.0,1.0,1.0,0.0,0.0,1.0,1.0,1.0,0.0,0.0,4.0,0.0,0.0,3.0,0.0,CC(c1ccc(C(=O)NCCC(=O)O)cc1)n1nc(-c2cc(F)c(F)c(F)c2)c2ccc(-c3ccc(OC(F)(F)F)cc3)cc21
CHEMBL386030,Inactive,29.0,8.0,6.0,0.0,3.0,0.0,3.0,0.0,43.0,8.0,5.0,0.0,0.0,0.0,0.0,1.0,3.0,1.0,3.0,3.0,3.0,3.0,3.0,38.0,13.0,13.0,0.0,3.0,0.0,3.0,0.0,0.0,34.0,11.0,12.0,0.0,6.0,0.0,6.0,2.0,0.0,35.0,9.0,13.0,0.0,6.0,0.0,6.0,0.0,1.0,0.0,0.0,0.0,0.0,37.0,10.0,8.0,0.0,3.0,0.0,3.0,0.0,0.0,0.0,0.0,0.0,2.0,0.0,0.0,0.0,0.0,45.0,2.0,6.0,0.0,0.0,0.0,0.0,1.0,2.0,3.0,3.0,1.0,34.0,9.0,13.0,0.0,3.0,0.0,3.0,0.0,0.0,0.0,0.0,0.0,37.0,4.0,7.0,0.0,0.0,0.0,0.0,1.0,2.0,3.0,3.0,1.0,3.0,3.0,34.0,7.0,11.0,0.0,6.0,0.0,6.0,0.0,0.0,0.0,0.0,3.0,0.0,0.0,1.0,0.0,9.0,6.0,2.0,0.0,0.0,4.0,1.0,0.0,3.0,1.0,0.0,1.0,0.0,0.0,1.0,2.0,3.0,0.0,2.0,0.0,0.0,3.0,1.0,1.0,20.0,3.0,15.0,0.0,0.0,6.0,1.0,1.0,0.0,1.0,19.0,0.0,0.0,0.0,2.0,12.0,7.0,2.0,2.0,2.0,0.0,17.0,0.0,1.0,0.0,16.0,0.0,1.0,9.0,6.0,7.0,3.0,7.0,6.0,4.0,4.0,5.0,5.0,5.0,2.0,4.0,4.0,1.0,8.0,0.0,0.0,4.0,1.0,0.0,0.0,0.0,1.0,0.0,0.0,7.0,6.0,0.0,2.0,4.0,1.0,0.0,0.0,2.0,1.0,3.0,3.0,3.0,0.0,0.0,2.0,1.0,1.0,0.0,0.0,5.0,0.0,0.0,3.0,0.0,CC(C)(C)C1CCC(N(Cc2ccc(C(=O)N3CCCC(C(=O)O)C3)cc2)C(=O)Nc2ccc(OC(F)(F)F)cc2)CC1
CHEMBL373542,Inactive,25.0,7.0,6.0,0.0,3.0,0.0,3.0,0.0,33.0,7.0,5.0,0.0,0.0,0.0,0.0,1.0,3.0,1.0,3.0,3.0,3.0,3.0,3.0,30.0,12.0,10.0,0.0,3.0,0.0,3.0,0.0,0.0,27.0,11.0,9.0,0.0,6.0,0.0,6.0,2.0,0.0,30.0,9.0,10.0,0.0,6.0,0.0,6.0,0.0,1.0,0.0,0.0,0.0,0.0,33.0,8.0,8.0,0.0,3.0,0.0,3.0,0.0,0.0,0.0,0.0,0.0,2.0,0.0,0.0,0.0,0.0,37.0,3.0,6.0,0.0,0.0,0.0,0.0,1.0,2.0,3.0,3.0,1.0,32.0,6.0,11.0,0.0,3.0,0.0,3.0,0.0,0.0,0.0,0.0,0.0,29.0,4.0,8.0,0.0,0.0,0.0,0.0,1.0,2.0,3.0,3.0,1.0,3.0,3.0,25.0,5.0,10.0,0.0,6.0,0.0,6.0,0.0,0.0,0.0,0.0,2.0,0.0,0.0,0.0,0.0,9.0,5.0,0.0,0.0,0.0,4.0,0.0,1.0,1.0,2.0,0.0,2.0,0.0,0.0,1.0,1.0,3.0,0.0,2.0,0.0,0.0,3.0,1.0,1.0,16.0,3.0,11.0,0.0,0.0,1.0,1.0,1.0,0.0,1.0,11.0,0.0,0.0,0.0,0.0,3.0,3.0,2.0,2.0,1.0,0.0,11.0,0.0,0.0,0.0,12.0,0.0,0.0,7.0,2.0,5.0,3.0,3.0,4.0,2.0,2.0,3.0,2.0,3.0,1.0,3.0,2.0,0.0,5.0,0.0,0.0,3.0,0.0,0.0,0.0,0.0,1.0,0.0,0.0,6.0,4.0,0.0,2.0,3.0,1.0,0.0,0.0,2.0,1.0,3.0,3.0,3.0,0.0,0.0,2.0,1.0,1.0,0.0,0.0,5.0,0.0,0.0,3.0,0.0,CCCC1CCC(N(Cc2ccc(C(=O)NCCC(=O)O)cc2)C(=O)Nc2ccc(OC(F)(F)F)cc2)CC1
CHEMBL374994,Inactive,26.0,7.0,4.0,0.0,0.0,0.0,0.0,0.0,36.0,7.0,3.0,0.0,0.0,0.0,0.0,1.0,3.0,1.0,0.0,0.0,0.0,0.0,0.0,31.0,12.0,8.0,0.0,0.0,0.0,0.0,0.0,0.0,27.0,11.0,8.0,0.0,0.0,0.0,0.0,2.0,0.0,29.0,9.0,10.0,0.0,0.0,0.0,0.0,0.0,0.0,0.0,0.0,0.0,0.0,32.0,9.0,7.0,0.0,0.0,0.0,0.0,0.0,0.0,0.0,0.0,0.0,2.0,0.0,0.0,0.0,0.0,40.0,2.0,6.0,0.0,0.0,0.0,0.0,1.0,1.0,0.0,0.0,0.0,32.0,7.0,10.0,0.0,0.0,0.0,0.0,0.0,0.0,0.0,0.0,0.0,32.0,3.0,4.0,0.0,0.0,0.0,0.0,1.0,2.0,0.0,0.0,1.0,0.0,0.0,27.0,5.0,6.0,0.0,0.0,0.0,0.0,0.0,0.0,0.0,0.0,2.0,0.0,0.0,0.0,0.0,7.0,4.0,0.0,0.0,0.0,3.0,0.0,1.0,3.0,2.0,0.0,2.0,0.0,0.0,1.0,1.0,3.0,0.0,1.0,0.0,0.0,0.0,0.0,1.0,16.0,3.0,12.0,0.0,0.0,5.0,1.0,1.0,0.0,1.0,15.0,0.0,0.0,0.0,2.0,11.0,7.0,2.0,2.0,1.0,0.0,14.0,0.0,0.0,0.0,14.0,0.0,0.0,9.0,6.0,7.0,3.0,7.0,4.0,2.0,2.0,3.0,2.0,3.0,1.0,3.0,2.0,0.0,5.0,0.0,0.0,3.0,0.0,0.0,0.0,0.0,1.0,0.0,0.0,6.0,4.0,0.0,2.0,3.0,1.0,0.0,0.0,1.0,0.0,0.0,3.0,3.0,0.0,0.0,2.0,1.0,1.0,0.0,0.0,4.0,0.0,0.0,0.0,0.0,CC(C)(C)C1CCC(N(Cc2ccc(C(=O)NCCC(=O)O)cc2)C(=O)Nc2ccccc2)CC1
CHEMBL219030,Active,29.0,7.0,4.0,0.0,0.0,0.0,0.0,0.0,41.0,7.0,3.0,0.0,0.0,0.0,0.0,1.0,3.0,1.0,0.0,0.0,0.0,0.0,0.0,37.0,12.0,8.0,0.0,0.0,0.0,0.0,0.0,0.0,32.0,11.0,8.0,0.0,0.0,0.0,0.0,2.0,0.0,31.0,10.0,10.0,0.0,0.0,0.0,0.0,0.0,0.0,0.0,0.0,0.0,0.0,33.0,11.0,7.0,0.0,0.0,0.0,0.0,0.0,0.0,0.0,0.0,0.0,2.0,0.0,0.0,0.0,0.0,42.0,3.0,7.0,0.0,0.0,0.0,0.0,1.0,1.0,0.0,0.0,0.0,34.0,9.0,12.0,0.0,0.0,0.0,0.0,0.0,0.0,0.0,0.0,0.0,39.0,3.0,4.0,0.0,0.0,0.0,0.0,1.0,2.0,0.0,0.0,1.0,0.0,0.0,37.0,5.0,6.0,0.0,0.0,0.0,0.0,0.0,0.0,0.0,0.0,3.0,1.0,0.0,0.0,1.0,7.0,4.0,0.0,0.0,0.0,3.0,0.0,1.0,5.0,2.0,0.0,2.0,0.0,0.0,1.0,1.0,3.0,0.0,2.0,0.0,0.0,0.0,0.0,1.0,19.0,3.0,14.0,0.0,0.0,5.0,1.0,1.0,0.0,1.0,16.0,0.0,0.0,0.0,2.0,11.0,7.0,2.0,2.0,1.0,2.0,14.0,0.0,0.0,0.0,14.0,0.0,0.0,9.0,6.0,7.0,3.0,7.0,4.0,2.0,2.0,3.0,2.0,3.0,1.0,3.0,2.0,0.0,5.0,0.0,0.0,3.0,0.0,0.0,0.0,0.0,1.0,0.0,0.0,6.0,4.0,0.0,2.0,3.0,1.0,0.0,0.0,1.0,0.0,0.0,3.0,3.0,0.0,0.0,2.0,1.0,1.0,0.0,0.0,4.0,0.0,0.0,0.0,0.0,CC(C)c1ccc(NC(=O)N(Cc2ccc(C(=O)NCCC(=O)O)cc2)C2CCC(C(C)(C)C)CC2)cc1
CHEMBL528775,Active,29.0,7.0,5.0,2.0,0.0,0.0,0.0,0.0,39.0,7.0,5.0,2.0,0.0,0.0,0.0,1.0,3.0,1.0,0.0,0.0,0.0,0.0,0.0,36.0,12.0,8.0,2.0,0.0,0.0,0.0,0.0,1.0,32.0,11.0,9.0,1.0,0.0,0.0,0.0,2.0,0.0,35.0,10.0,11.0,1.0,0.0,0.0,0.0,0.0,0.0,0.0,0.0,0.0,1.0,37.0,8.0,9.0,0.0,0.0,0.0,0.0,0.0,0.0,0.0,0.0,0.0,2.0,0.0,0.0,0.0,0.0,39.0,5.0,9.0,2.0,0.0,0.0,0.0,1.0,1.0,0.0,0.0,0.0,37.0,7.0,10.0,3.0,0.0,0.0,0.0,0.0,0.0,0.0,0.0,0.0,36.0,5.0,7.0,4.0,0.0,0.0,0.0,1.0,2.0,0.0,0.0,1.0,0.0,0.0,34.0,6.0,7.0,3.0,0.0,0.0,0.0,0.0,1.0,0.0,0.0,2.0,0.0,0.0,1.0,0.0,7.0,3.0,1.0,0.0,0.0,4.0,3.0,0.0,1.0,2.0,0.0,2.0,0.0,0.0,2.0,0.0,3.0,0.0,2.0,0.0,0.0,0.0,0.0,2.0,13.0,3.0,8.0,0.0,0.0,0.0,0.0,0.0,0.0,1.0,7.0,0.0,0.0,0.0,0.0,0.0,0.0,0.0,0.0,1.0,2.0,6.0,0.0,0.0,2.0,6.0,0.0,0.0,1.0,0.0,0.0,0.0,0.0,0.0,0.0,0.0,1.0,0.0,1.0,1.0,1.0,0.0,0.0,1.0,0.0,0.0,1.0,0.0,0.0,0.0,0.0,3.0,0.0,0.0,5.0,2.0,0.0,0.0,2.0,3.0,0.0,1.0,2.0,0.0,0.0,3.0,3.0,0.0,0.0,2.0,1.0,1.0,0.0,1.0,5.0,0.0,0.0,0.0,1.0,CSc1cccc(NC(=O)N(Cc2ccc(C(=O)NCC(O)C(=O)O)cc2)c2ccc(C3CCCCC3)cc2)c1
CHEMBL347922,Inactive,23.0,5.0,2.0,0.0,0.0,1.0,1.0,1.0,30.0,8.0,3.0,0.0,0.0,2.0,2.0,0.0,1.0,0.0,0.0,0.0,0.0,0.0,0.0,25.0,11.0,4.0,0.0,0.0,2.0,2.0,0.0,1.0,19.0,11.0,4.0,0.0,0.0,2.0,2.0,0.0,0.0,20.0,9.0,3.0,0.0,0.0,0.0,0.0,1.0,0.0,0.0,1.0,1.0,0.0,23.0,7.0,2.0,0.0,0.0,0.0,0.0,0.0,1.0,0.0,1.0,1.0,1.0,0.0,0.0,0.0,0.0,23.0,5.0,2.0,0.0,0.0,1.0,1.0,0.0,2.0,0.0,0.0,0.0,19.0,6.0,4.0,0.0,0.0,1.0,1.0,0.0,0.0,0.0,0.0,0.0,17.0,5.0,3.0,0.0,0.0,2.0,2.0,0.0,0.0,0.0,0.0,0.0,0.0,0.0,16.0,2.0,4.0,0.0,0.0,2.0,2.0,0.0,0.0,1.0,0.0,0.0,0.0,0.0,0.0,0.0,1.0,0.0,0.0,0.0,0.0,0.0,0.0,0.0,0.0,1.0,0.0,1.0,0.0,0.0,1.0,0.0,1.0,0.0,0.0,1.0,1.0,0.0,0.0,1.0,3.0,1.0,0.0,0.0,0.0,0.0,0.0,0.0,0.0,0.0,0.0,0.0,0.0,0.0,0.0,0.0,0.0,0.0,0.0,0.0,0.0,0.0,0.0,0.0,0.0,0.0,0.0,0.0,0.0,0.0,0.0,0.0,0.0,0.0,0.0,0.0,0.0,0.0,0.0,0.0,0.0,0.0,0.0,0.0,0.0,0.0,0.0,0.0,0.0,0.0,0.0,0.0,1.0,1.0,1.0,0.0,0.0,0.0,0.0,0.0,0.0,0.0,0.0,0.0,0.0,2.0,1.0,0.0,0.0,1.0,0.0,0.0,0.0,0.0,2.0,0.0,0.0,0.0,0.0,O=C(NN=Cc1cn(Cc2ccccc2)c2ccccc12)c1ccc(O)c(Cl)c1
CHEMBL157064,Inactive,19.0,2.0,4.0,0.0,0.0,1.0,1.0,1.0,25.0,4.0,5.0,0.0,0.0,2.0,2.0,0.0,1.0,0.0,0.0,0.0,0.0,0.0,0.0,23.0,6.0,7.0,0.0,0.0,2.0,2.0,0.0,1.0,15.0,9.0,7.0,0.0,0.0,2.0,2.0,0.0,0.0,11.0,9.0,5.0,0.0,0.0,0.0,0.0,0.0,0.0,0.0,1.0,1.0,0.0,11.0,5.0,2.0,0.0,0.0,0.0,0.0,0.0,2.0,0.0,1.0,1.0,1.0,0.0,0.0,0.0,0.0,13.0,2.0,3.0,0.0,0.0,1.0,1.0,0.0,2.0,0.0,0.0,0.0,15.0,1.0,5.0,0.0,0.0,1.0,1.0,0.0,0.0,0.0,0.0,0.0,16.0,0.0,3.0,0.0,0.0,2.0,2.0,0.0,0.0,0.0,0.0,1.0,0.0,0.0,12.0,0.0,5.0,0.0,0.0,3.0,3.0,0.0,0.0,0.0,0.0,0.0,0.0,0.0,0.0,0.0,0.0,0.0,0.0,0.0,0.0,0.0,0.0,0.0,1.0,1.0,0.0,1.0,0.0,0.0,1.0,0.0,1.0,0.0,0.0,1.0,1.0,0.0,1.0,1.0,3.0,1.0,0.0,0.0,0.0,0.0,0.0,0.0,0.0,0.0,0.0,0.0,0.0,0.0,0.0,0.0,0.0,0.0,0.0,0.0,0.0,0.0,0.0,0.0,0.0,0.0,0.0,0.0,0.0,0.0,0.0,0.0,0.0,0.0,0.0,0.0,0.0,0.0,0.0,0.0,0.0,0.0,0.0,0.0,0.0,0.0,0.0,0.0,0.0,0.0,0.0,0.0,1.0,1.0,1.0,0.0,0.0,0.0,0.0,0.0,0.0,0.0,1.0,1.0,0.0,2.0,1.0,0.0,0.0,1.0,0.0,0.0,0.0,0.0,3.0,0.0,0.0,0.0,0.0,COc1ccc(C=NNC(=O)c2ccc(O)c(Cl)c2)c2ccccc12
CHEMBL219191,Inactive,25.0,7.0,6.0,0.0,3.0,0.0,3.0,0.0,36.0,7.0,5.0,0.0,0.0,0.0,0.0,1.0,3.0,1.0,3.0,3.0,3.0,3.0,3.0,33.0,11.0,8.0,0.0,3.0,0.0,3.0,0.0,2.0,28.0,11.0,11.0,0.0,6.0,0.0,6.0,0.0,0.0,29.0,9.0,9.0,0.0,6.0,0.0,6.0,0.0,1.0,0.0,0.0,0.0,2.0,30.0,10.0,10.0,0.0,3.0,0.0,3.0,0.0,0.0,0.0,0.0,0.0,0.0,0.0,0.0,0.0,0.0,39.0,2.0,6.0,0.0,0.0,0.0,0.0,1.0,2.0,3.0,3.0,1.0,31.0,8.0,11.0,0.0,3.0,0.0,3.0,0.0,0.0,0.0,0.0,0.0,33.0,3.0,7.0,0.0,0.0,0.0,0.0,1.0,2.0,3.0,3.0,1.0,3.0,3.0,30.0,4.0,8.0,0.0,6.0,0.0,6.0,0.0,2.0,0.0,0.0,2.0,0.0,0.0,0.0,0.0,6.0,4.0,0.0,0.0,0.0,2.0,0.0,1.0,3.0,2.0,0.0,2.0,0.0,0.0,1.0,2.0,3.0,0.0,2.0,0.0,0.0,3.0,1.0,1.0,16.0,3.0,11.0,0.0,0.0,5.0,1.0,1.0,0.0,1.0,14.0,0.0,0.0,0.0,2.0,11.0,7.0,2.0,2.0,0.0,0.0,14.0,0.0,0.0,0.0,14.0,0.0,0.0,9.0,6.0,7.0,3.0,7.0,4.0,2.0,2.0,2.0,2.0,2.0,0.0,3.0,2.0,0.0,5.0,0.0,0.0,3.0,0.0,0.0,0.0,0.0,1.0,0.0,0.0,6.0,4.0,0.0,2.0,3.0,1.0,0.0,1.0,2.0,1.0,3.0,3.0,3.0,0.0,1.0,2.0,0.0,0.0,0.0,1.0,5.0,0.0,1.0,3.0,1.0,CC(C)(C)C1CCC(N(Cc2ccc(C(=O)NCC(=O)O)cc2)C(=O)Nc2ccc(OC(F)(F)F)cc2)CC1
CHEMBL219252,Inactive,26.0,7.0,6.0,0.0,3.0,0.0,4.0,0.0,37.0,7.0,5.0,0.0,0.0,0.0,2.0,1.0,3.0,1.0,3.0,3.0,3.0,3.0,3.0,33.0,12.0,10.0,0.0,3.0,0.0,5.0,0.0,0.0,29.0,11.0,9.0,0.0,6.0,0.0,8.0,2.0,0.0,30.0,9.0,10.0,0.0,6.0,0.0,7.0,0.0,1.0,0.0,0.0,1.0,0.0,32.0,10.0,8.0,0.0,3.0,0.0,5.0,0.0,0.0,0.0,0.0,0.0,2.0,0.0,0.0,3.0,3.0,41.0,2.0,6.0,0.0,0.0,0.0,3.0,1.0,2.0,3.0,3.0,1.0,32.0,8.0,13.0,0.0,3.0,0.0,7.0,0.0,0.0,0.0,0.0,0.0,34.0,3.0,7.0,0.0,0.0,0.0,3.0,1.0,2.0,3.0,3.0,1.0,3.0,3.0,30.0,5.0,10.0,0.0,6.0,0.0,8.0,0.0,0.0,0.0,0.0,2.0,0.0,0.0,0.0,0.0,7.0,4.0,0.0,0.0,0.0,3.0,0.0,1.0,3.0,2.0,0.0,2.0,0.0,0.0,1.0,2.0,3.0,0.0,1.0,1.0,0.0,3.0,1.0,1.0,17.0,3.0,12.0,0.0,0.0,5.0,1.0,1.0,0.0,1.0,15.0,0.0,0.0,0.0,2.0,11.0,7.0,2.0,2.0,1.0,0.0,14.0,0.0,0.0,0.0,14.0,0.0,0.0,9.0,6.0,7.0,3.0,7.0,4.0,2.0,2.0,3.0,2.0,3.0,1.0,3.0,2.0,0.0,5.0,0.0,0.0,3.0,0.0,0.0,0.0,0.0,1.0,0.0,0.0,6.0,4.0,0.0,2.0,3.0,1.0,0.0,0.0,2.0,1.0,3.0,3.0,3.0,0.0,0.0,2.0,1.0,1.0,0.0,0.0,5.0,0.0,0.0,3.0,0.0,CC(C)(C)C1CCC(N(Cc2ccc(C(=O)NCCC(=O)O)cc2)C(=O)Nc2ccc(OC(F)(F)F)cc2Br)CC1
CHEMBL160735,Active,22.0,4.0,0.0,0.0,0.0,1.0,1.0,0.0,29.0,6.0,0.0,0.0,0.0,2.0,2.0,0.0,0.0,0.0,0.0,0.0,0.0,0.0,0.0,28.0,6.0,0.0,0.0,0.0,2.0,2.0,0.0,0.0,26.0,7.0,0.0,0.0,0.0,1.0,1.0,0.0,0.0,29.0,4.0,0.0,0.0,0.0,1.0,1.0,1.0,0.0,0.0,0.0,0.0,0.0,28.0,4.0,0.0,0.0,0.0,1.0,1.0,0.0,0.0,0.0,1.0,1.0,0.0,0.0,0.0,0.0,0.0,25.0,3.0,0.0,0.0,0.0,2.0,2.0,0.0,0.0,0.0,0.0,0.0,16.0,4.0,0.0,0.0,0.0,2.0,2.0,0.0,0.0,0.0,0.0,0.0,6.0,3.0,0.0,0.0,0.0,4.0,4.0,0.0,0.0,0.0,0.0,0.0,0.0,0.0,1.0,1.0,0.0,0.0,0.0,4.0,4.0,0.0,0.0,0.0,0.0,1.0,0.0,0.0,0.0,0.0,5.0,2.0,0.0,0.0,0.0,4.0,3.0,0.0,0.0,0.0,0.0,0.0,0.0,0.0,0.0,0.0,0.0,0.0,1.0,0.0,1.0,0.0,0.0,0.0,6.0,0.0,6.0,0.0,0.0,0.0,0.0,0.0,0.0,0.0,6.0,0.0,0.0,0.0,0.0,0.0,0.0,0.0,0.0,0.0,0.0,6.0,0.0,0.0,0.0,6.0,0.0,0.0,1.0,0.0,0.0,0.0,0.0,0.0,0.0,0.0,0.0,0.0,0.0,0.0,0.0,0.0,0.0,0.0,0.0,0.0,0.0,0.0,0.0,0.0,0.0,0.0,1.0,1.0,0.0,0.0,0.0,0.0,0.0,0.0,0.0,0.0,0.0,0.0,0.0,0.0,0.0,0.0,0.0,0.0,0.0,0.0,0.0,0.0,0.0,0.0,0.0,0.0,0.0,Clc1ccc(-c2cc(C3CCCCC3)c(-c3ccncc3)[nH]2)cc1
CHEMBL2159332,Active,31.0,5.0,5.0,0.0,3.0,2.0,5.0,1.0,41.0,10.0,5.0,0.0,0.0,4.0,4.0,0.0,1.0,1.0,3.0,3.0,3.0,3.0,3.0,40.0,12.0,7.0,0.0,3.0,4.0,7.0,0.0,0.0,34.0,14.0,5.0,0.0,6.0,4.0,10.0,2.0,0.0,38.0,11.0,6.0,0.0,6.0,2.0,8.0,0.0,0.0,0.0,2.0,2.0,0.0,42.0,8.0,5.0,0.0,6.0,2.0,8.0,0.0,0.0,0.0,2.0,2.0,2.0,0.0,0.0,0.0,0.0,45.0,4.0,5.0,0.0,6.0,4.0,10.0,1.0,2.0,0.0,0.0,0.0,42.0,4.0,7.0,0.0,6.0,6.0,12.0,1.0,2.0,0.0,0.0,0.0,37.0,6.0,7.0,0.0,3.0,8.0,11.0,0.0,0.0,3.0,3.0,0.0,0.0,0.0,30.0,5.0,9.0,0.0,6.0,8.0,14.0,0.0,0.0,3.0,0.0,0.0,0.0,0.0,0.0,0.0,3.0,0.0,0.0,0.0,0.0,1.0,0.0,1.0,0.0,1.0,0.0,1.0,0.0,0.0,1.0,1.0,2.0,0.0,1.0,2.0,2.0,3.0,1.0,1.0,6.0,2.0,2.0,0.0,0.0,0.0,0.0,0.0,0.0,1.0,1.0,0.0,0.0,0.0,0.0,0.0,0.0,0.0,0.0,1.0,0.0,0.0,0.0,0.0,0.0,0.0,0.0,0.0,0.0,0.0,0.0,0.0,0.0,0.0,0.0,0.0,1.0,0.0,1.0,1.0,1.0,0.0,0.0,1.0,0.0,0.0,1.0,0.0,0.0,0.0,0.0,1.0,2.0,2.0,2.0,1.0,0.0,0.0,1.0,0.0,0.0,0.0,2.0,1.0,3.0,1.0,1.0,0.0,0.0,1.0,1.0,1.0,0.0,0.0,4.0,0.0,0.0,3.0,0.0,O=C(O)CCNC(=O)c1ccc(Cn2nc(-c3cc(Cl)cc(Cl)c3)cc2-c2ccc3ccc(OC(F)(F)F)cc3c2)cc1
CHEMBL2159338,Active,32.0,5.0,5.0,0.0,3.0,2.0,5.0,1.0,42.0,11.0,5.0,0.0,0.0,4.0,4.0,0.0,1.0,1.0,3.0,3.0,3.0,3.0,3.0,43.0,13.0,7.0,0.0,3.0,4.0,7.0,0.0,0.0,39.0,14.0,5.0,0.0,6.0,4.0,10.0,2.0,0.0,42.0,11.0,6.0,0.0,6.0,2.0,8.0,0.0,0.0,0.0,2.0,2.0,0.0,47.0,8.0,4.0,0.0,6.0,2.0,8.0,0.0,0.0,0.0,2.0,2.0,2.0,0.0,0.0,0.0,0.0,48.0,5.0,6.0,0.0,6.0,4.0,10.0,1.0,1.0,0.0,0.0,0.0,46.0,3.0,6.0,0.0,3.0,8.0,11.0,1.0,2.0,0.0,0.0,0.0,38.0,6.0,7.0,0.0,3.0,8.0,11.0,0.0,1.0,0.0,0.0,0.0,0.0,0.0,31.0,6.0,8.0,0.0,3.0,8.0,11.0,0.0,0.0,3.0,0.0,1.0,1.0,0.0,0.0,0.0,2.0,0.0,0.0,0.0,0.0,1.0,0.0,1.0,1.0,1.0,0.0,1.0,0.0,0.0,1.0,1.0,2.0,0.0,1.0,2.0,2.0,3.0,1.0,1.0,7.0,2.0,3.0,0.0,0.0,0.0,0.0,0.0,0.0,1.0,1.0,0.0,0.0,0.0,0.0,0.0,0.0,0.0,0.0,1.0,1.0,0.0,0.0,0.0,0.0,0.0,0.0,0.0,0.0,0.0,0.0,0.0,0.0,0.0,0.0,0.0,1.0,0.0,1.0,1.0,1.0,0.0,0.0,1.0,0.0,0.0,1.0,0.0,0.0,0.0,0.0,1.0,2.0,2.0,2.0,1.0,0.0,0.0,1.0,0.0,0.0,0.0,2.0,1.0,3.0,1.0,1.0,0.0,0.0,1.0,1.0,1.0,0.0,0.0,4.0,0.0,0.0,3.0,0.0,CC(c1ccc(C(=O)NCCC(=O)O)cc1)n1nc(-c2cc(Cl)cc(Cl)c2)cc1-c1ccc2cc(OC(F)(F)F)ccc2c1
CHEMBL2159325,Inactive,26.0,5.0,5.0,0.0,3.0,2.0,5.0,1.0,33.0,10.0,5.0,0.0,0.0,4.0,4.0,0.0,1.0,1.0,3.0,3.0,3.0,3.0,3.0,31.0,12.0,8.0,0.0,3.0,4.0,7.0,0.0,0.0,28.0,14.0,5.0,0.0,6.0,4.0,10.0,3.0,0.0,33.0,11.0,6.0,0.0,9.0,2.0,11.0,0.0,1.0,0.0,2.0,2.0,0.0,37.0,6.0,5.0,0.0,6.0,2.0,8.0,0.0,0.0,3.0,2.0,5.0,2.0,0.0,0.0,0.0,0.0,38.0,1.0,8.0,0.0,6.0,4.0,10.0,1.0,1.0,3.0,3.0,0.0,35.0,2.0,9.0,0.0,6.0,6.0,12.0,1.0,1.0,0.0,0.0,0.0,25.0,5.0,7.0,0.0,12.0,8.0,20.0,0.0,0.0,0.0,0.0,0.0,0.0,2.0,16.0,5.0,6.0,0.0,12.0,8.0,20.0,0.0,0.0,0.0,0.0,0.0,0.0,0.0,0.0,0.0,3.0,0.0,0.0,0.0,0.0,1.0,0.0,1.0,0.0,1.0,0.0,1.0,0.0,0.0,1.0,1.0,2.0,0.0,1.0,0.0,2.0,3.0,1.0,1.0,6.0,2.0,2.0,0.0,0.0,0.0,0.0,0.0,0.0,1.0,1.0,0.0,0.0,0.0,0.0,0.0,0.0,0.0,0.0,1.0,0.0,0.0,0.0,0.0,0.0,0.0,0.0,0.0,0.0,0.0,0.0,0.0,0.0,0.0,0.0,0.0,1.0,0.0,1.0,1.0,1.0,0.0,0.0,1.0,0.0,0.0,1.0,0.0,0.0,0.0,0.0,1.0,2.0,2.0,2.0,1.0,0.0,0.0,1.0,0.0,0.0,0.0,2.0,1.0,3.0,1.0,1.0,0.0,0.0,1.0,1.0,1.0,0.0,0.0,4.0,0.0,0.0,3.0,0.0,O=C(O)CCNC(=O)c1ccc(Cn2nc(-c3cc(Cl)cc(Cl)c3)cc2-c2ccccc2OC(F)(F)F)cc1
CHEMBL2159343,Active,33.0,5.0,5.0,0.0,0.0,2.0,2.0,1.0,42.0,11.0,6.0,0.0,0.0,4.0,4.0,0.0,1.0,1.0,0.0,0.0,0.0,0.0,0.0,44.0,13.0,7.0,0.0,0.0,4.0,4.0,0.0,0.0,41.0,14.0,5.0,0.0,0.0,4.0,4.0,2.0,0.0,44.0,11.0,6.0,0.0,0.0,2.0,2.0,0.0,0.0,0.0,2.0,2.0,0.0,49.0,8.0,4.0,0.0,0.0,2.0,2.0,0.0,0.0,0.0,2.0,2.0,2.0,0.0,0.0,0.0,0.0,50.0,5.0,6.0,0.0,0.0,4.0,4.0,1.0,1.0,0.0,0.0,0.0,47.0,3.0,6.0,0.0,0.0,8.0,8.0,1.0,2.0,0.0,0.0,0.0,39.0,6.0,7.0,0.0,0.0,8.0,8.0,0.0,1.0,0.0,0.0,0.0,0.0,0.0,32.0,7.0,8.0,0.0,0.0,8.0,8.0,0.0,0.0,0.0,0.0,1.0,1.0,0.0,0.0,0.0,3.0,0.0,0.0,0.0,0.0,1.0,0.0,1.0,2.0,1.0,0.0,1.0,0.0,0.0,1.0,0.0,2.0,0.0,1.0,2.0,2.0,0.0,1.0,1.0,8.0,2.0,4.0,0.0,0.0,0.0,0.0,0.0,0.0,1.0,1.0,0.0,0.0,0.0,0.0,0.0,0.0,0.0,0.0,1.0,1.0,0.0,0.0,0.0,0.0,0.0,0.0,0.0,0.0,0.0,0.0,0.0,0.0,0.0,0.0,0.0,1.0,0.0,1.0,1.0,1.0,0.0,0.0,1.0,0.0,0.0,1.0,0.0,0.0,0.0,0.0,2.0,2.0,2.0,2.0,1.0,0.0,0.0,1.0,0.0,0.0,0.0,2.0,1.0,0.0,1.0,1.0,0.0,0.0,1.0,1.0,1.0,0.0,0.0,4.0,0.0,0.0,0.0,0.0,CCOc1ccc2cc(-c3cc(-c4cc(Cl)cc(Cl)c4)nn3C(C)c3ccc(C(=O)NCCC(=O)O)cc3)ccc2c1
CHEMBL2159347,Active,32.0,5.0,5.0,0.0,0.0,2.0,2.0,1.0,42.0,11.0,5.0,0.0,0.0,4.0,4.0,0.0,1.0,1.0,0.0,0.0,0.0,0.0,0.0,43.0,13.0,7.0,0.0,0.0,5.0,5.0,0.0,0.0,39.0,14.0,5.0,0.0,0.0,4.0,4.0,2.0,0.0,42.0,11.0,6.0,0.0,0.0,2.0,2.0,0.0,0.0,0.0,2.0,2.0,0.0,47.0,8.0,4.0,0.0,0.0,3.0,3.0,0.0,0.0,0.0,1.0,1.0,2.0,0.0,0.0,0.0,0.0,48.0,5.0,6.0,0.0,0.0,6.0,6.0,1.0,1.0,0.0,0.0,0.0,46.0,3.0,6.0,0.0,0.0,8.0,8.0,1.0,2.0,0.0,0.0,0.0,38.0,6.0,7.0,0.0,0.0,8.0,8.0,0.0,1.0,0.0,0.0,0.0,0.0,0.0,31.0,6.0,8.0,0.0,0.0,7.0,7.0,0.0,0.0,0.0,0.0,1.0,1.0,0.0,0.0,0.0,2.0,0.0,0.0,0.0,0.0,1.0,0.0,1.0,2.0,1.0,0.0,1.0,0.0,0.0,1.0,0.0,2.0,0.0,1.0,3.0,2.0,0.0,1.0,1.0,7.0,2.0,3.0,0.0,0.0,0.0,0.0,0.0,0.0,1.0,1.0,0.0,0.0,0.0,0.0,0.0,0.0,0.0,0.0,1.0,1.0,0.0,0.0,0.0,0.0,0.0,0.0,0.0,0.0,0.0,0.0,0.0,0.0,0.0,0.0,0.0,1.0,0.0,1.0,1.0,1.0,0.0,0.0,1.0,0.0,0.0,1.0,0.0,0.0,0.0,0.0,1.0,2.0,2.0,2.0,1.0,0.0,0.0,1.0,0.0,0.0,0.0,2.0,1.0,0.0,1.0,1.0,0.0,0.0,1.0,1.0,1.0,0.0,0.0,4.0,0.0,0.0,0.0,0.0,COc1ccc2cc(-c3cc(-c4cc(Cl)ccc4Cl)nn3C(C)c3ccc(C(=O)NCCC(=O)O)cc3)ccc2c1
CHEMBL107473,Inactive,19.0,2.0,3.0,0.0,0.0,2.0,2.0,1.0,24.0,4.0,5.0,0.0,0.0,4.0,4.0,0.0,1.0,0.0,0.0,0.0,0.0,0.0,0.0,21.0,6.0,7.0,0.0,0.0,4.0,4.0,0.0,1.0,12.0,9.0,7.0,0.0,0.0,4.0,4.0,0.0,0.0,8.0,9.0,5.0,0.0,0.0,0.0,0.0,0.0,0.0,0.0,2.0,2.0,0.0,9.0,5.0,2.0,0.0,0.0,0.0,0.0,0.0,2.0,0.0,2.0,2.0,1.0,0.0,0.0,0.0,0.0,13.0,1.0,3.0,0.0,0.0,2.0,2.0,0.0,2.0,0.0,0.0,0.0,15.0,0.0,5.0,0.0,0.0,2.0,2.0,0.0,0.0,0.0,0.0,0.0,15.0,0.0,3.0,0.0,0.0,4.0,4.0,0.0,0.0,0.0,0.0,1.0,0.0,0.0,11.0,0.0,4.0,0.0,0.0,6.0,6.0,0.0,0.0,0.0,0.0,0.0,0.0,0.0,0.0,0.0,0.0,0.0,0.0,0.0,0.0,0.0,0.0,0.0,0.0,1.0,0.0,1.0,0.0,0.0,2.0,0.0,1.0,0.0,0.0,0.0,2.0,0.0,0.0,2.0,2.0,1.0,0.0,0.0,0.0,0.0,0.0,0.0,0.0,0.0,0.0,0.0,0.0,0.0,0.0,0.0,0.0,0.0,0.0,0.0,0.0,0.0,0.0,0.0,0.0,0.0,0.0,0.0,0.0,0.0,0.0,0.0,0.0,0.0,0.0,0.0,0.0,0.0,0.0,0.0,0.0,0.0,0.0,0.0,0.0,0.0,0.0,0.0,0.0,0.0,0.0,0.0,2.0,2.0,1.0,0.0,0.0,0.0,0.0,0.0,0.0,0.0,0.0,0.0,0.0,2.0,1.0,0.0,0.0,1.0,0.0,0.0,0.0,0.0,3.0,0.0,0.0,0.0,0.0,O=C(NN=Cc1ccc(O)c2ccccc12)c1cc(Cl)c(O)c(Cl)c1
CHEMBL4225050,Inactive,34.0,5.0,5.0,0.0,0.0,0.0,0.0,1.0,46.0,11.0,5.0,0.0,0.0,0.0,0.0,0.0,1.0,1.0,0.0,0.0,0.0,0.0,0.0,47.0,15.0,7.0,0.0,0.0,0.0,0.0,0.0,0.0,46.0,14.0,5.0,0.0,0.0,0.0,0.0,2.0,0.0,49.0,12.0,6.0,0.0,0.0,0.0,0.0,0.0,0.0,0.0,0.0,0.0,0.0,54.0,9.0,4.0,0.0,0.0,0.0,0.0,0.0,0.0,0.0,0.0,0.0,2.0,0.0,0.0,0.0,0.0,54.0,5.0,6.0,0.0,0.0,0.0,0.0,1.0,1.0,0.0,0.0,0.0,52.0,3.0,6.0,0.0,0.0,0.0,0.0,1.0,2.0,0.0,0.0,0.0,43.0,6.0,8.0,0.0,0.0,0.0,0.0,0.0,1.0,0.0,0.0,0.0,0.0,0.0,36.0,7.0,9.0,0.0,0.0,0.0,0.0,0.0,0.0,0.0,0.0,1.0,1.0,0.0,0.0,0.0,2.0,0.0,0.0,0.0,0.0,1.0,0.0,1.0,4.0,1.0,0.0,1.0,0.0,0.0,1.0,0.0,2.0,0.0,1.0,2.0,0.0,0.0,1.0,1.0,9.0,2.0,3.0,0.0,0.0,0.0,0.0,0.0,0.0,1.0,1.0,0.0,0.0,0.0,0.0,0.0,0.0,0.0,0.0,1.0,1.0,0.0,0.0,0.0,0.0,0.0,0.0,0.0,0.0,0.0,0.0,0.0,0.0,0.0,0.0,0.0,1.0,0.0,1.0,1.0,1.0,0.0,0.0,1.0,0.0,0.0,1.0,0.0,0.0,0.0,0.0,1.0,0.0,0.0,2.0,1.0,0.0,0.0,1.0,0.0,0.0,0.0,2.0,1.0,0.0,1.0,1.0,0.0,0.0,1.0,1.0,1.0,0.0,0.0,4.0,0.0,0.0,0.0,0.0,COc1ccc2cc(-c3c(C)c(-c4cccc(C)c4)nn3C(C)c3ccc(C(=O)NCCC(=O)O)cc3)ccc2c1
CHEMBL351724,Inactive,24.0,2.0,6.0,0.0,0.0,1.0,1.0,1.0,30.0,4.0,9.0,0.0,0.0,2.0,2.0,0.0,1.0,0.0,0.0,0.0,0.0,0.0,0.0,28.0,6.0,9.0,0.0,0.0,2.0,2.0,0.0,1.0,19.0,9.0,10.0,0.0,0.0,2.0,2.0,0.0,0.0,18.0,9.0,8.0,0.0,0.0,0.0,0.0,0.0,0.0,0.0,1.0,1.0,0.0,22.0,5.0,5.0,0.0,0.0,0.0,0.0,0.0,2.0,0.0,1.0,1.0,1.0,0.0,0.0,0.0,0.0,26.0,2.0,6.0,0.0,0.0,1.0,1.0,0.0,2.0,0.0,0.0,0.0,26.0,2.0,7.0,0.0,0.0,1.0,1.0,0.0,0.0,0.0,0.0,0.0,23.0,2.0,3.0,0.0,0.0,2.0,2.0,0.0,1.0,0.0,0.0,1.0,0.0,0.0,15.0,3.0,5.0,0.0,0.0,3.0,3.0,0.0,1.0,0.0,0.0,1.0,0.0,0.0,0.0,0.0,5.0,2.0,0.0,0.0,0.0,3.0,2.0,0.0,0.0,1.0,0.0,1.0,0.0,0.0,1.0,0.0,1.0,0.0,0.0,1.0,1.0,0.0,2.0,1.0,8.0,1.0,5.0,0.0,0.0,0.0,0.0,0.0,0.0,0.0,4.0,0.0,0.0,0.0,0.0,0.0,0.0,0.0,0.0,0.0,0.0,3.0,0.0,0.0,0.0,2.0,0.0,0.0,1.0,0.0,0.0,0.0,0.0,0.0,0.0,0.0,0.0,0.0,0.0,3.0,0.0,0.0,0.0,0.0,0.0,0.0,0.0,0.0,0.0,0.0,0.0,4.0,1.0,1.0,1.0,0.0,0.0,0.0,0.0,0.0,0.0,0.0,3.0,1.0,0.0,2.0,1.0,0.0,0.0,1.0,0.0,0.0,0.0,0.0,4.0,0.0,0.0,0.0,0.0,O=C(NN=Cc1ccc(OCC2CCCCO2)c2ccccc12)c1ccc(O)c(Cl)c1
CHEMBL153950,Active,27.0,4.0,4.0,0.0,0.0,3.0,3.0,1.0,34.0,6.0,6.0,0.0,0.0,6.0,6.0,0.0,1.0,0.0,0.0,0.0,0.0,0.0,0.0,31.0,8.0,7.0,0.0,0.0,6.0,6.0,0.0,2.0,21.0,12.0,8.0,0.0,0.0,5.0,5.0,0.0,0.0,19.0,12.0,6.0,0.0,0.0,1.0,1.0,0.0,0.0,0.0,2.0,2.0,0.0,20.0,8.0,4.0,0.0,0.0,1.0,1.0,0.0,2.0,0.0,2.0,2.0,1.0,0.0,0.0,0.0,0.0,23.0,5.0,5.0,0.0,0.0,3.0,3.0,0.0,2.0,0.0,0.0,0.0,27.0,4.0,6.0,0.0,0.0,2.0,2.0,0.0,0.0,0.0,0.0,0.0,32.0,1.0,3.0,0.0,0.0,3.0,3.0,1.0,0.0,0.0,0.0,1.0,0.0,1.0,29.0,1.0,5.0,0.0,0.0,6.0,6.0,1.0,0.0,0.0,0.0,0.0,0.0,0.0,0.0,0.0,3.0,0.0,0.0,0.0,0.0,1.0,0.0,0.0,0.0,2.0,0.0,1.0,0.0,0.0,1.0,0.0,1.0,0.0,0.0,2.0,3.0,0.0,1.0,1.0,5.0,1.0,1.0,0.0,0.0,0.0,0.0,0.0,0.0,0.0,0.0,0.0,0.0,0.0,0.0,0.0,0.0,0.0,0.0,0.0,0.0,0.0,0.0,0.0,0.0,0.0,0.0,0.0,0.0,0.0,0.0,0.0,0.0,0.0,0.0,0.0,0.0,0.0,0.0,0.0,1.0,0.0,0.0,1.0,0.0,0.0,0.0,0.0,0.0,0.0,0.0,1.0,3.0,3.0,3.0,1.0,0.0,0.0,0.0,0.0,0.0,1.0,1.0,1.0,0.0,3.0,1.0,0.0,0.0,2.0,0.0,0.0,0.0,1.0,3.0,0.0,0.0,0.0,0.0,O=C(NN=Cc1ccc(OCCNCc2ccc(Cl)c(Cl)c2)c2ccccc12)c1ccc(O)c(Cl)c1
CHEMBL152477,Active,32.0,6.0,4.0,0.0,0.0,0.0,0.0,1.0,43.0,9.0,5.0,0.0,0.0,0.0,0.0,0.0,3.0,0.0,0.0,0.0,0.0,0.0,0.0,35.0,15.0,13.0,0.0,0.0,0.0,0.0,0.0,1.0,33.0,18.0,14.0,0.0,0.0,0.0,0.0,1.0,1.0,40.0,14.0,14.0,0.0,0.0,0.0,0.0,0.0,0.0,0.0,0.0,0.0,0.0,47.0,6.0,12.0,0.0,0.0,0.0,0.0,2.0,2.0,0.0,0.0,0.0,1.0,0.0,0.0,0.0,0.0,50.0,3.0,7.0,0.0,0.0,0.0,0.0,2.0,1.0,0.0,0.0,0.0,40.0,6.0,4.0,0.0,0.0,0.0,0.0,0.0,2.0,0.0,0.0,0.0,27.0,8.0,2.0,0.0,0.0,0.0,0.0,0.0,3.0,0.0,0.0,0.0,0.0,0.0,18.0,12.0,6.0,0.0,0.0,0.0,0.0,0.0,0.0,0.0,0.0,2.0,0.0,0.0,2.0,0.0,8.0,4.0,4.0,0.0,0.0,6.0,2.0,0.0,0.0,1.0,0.0,1.0,0.0,0.0,1.0,0.0,3.0,0.0,0.0,1.0,0.0,0.0,0.0,1.0,15.0,3.0,12.0,2.0,0.0,2.0,0.0,0.0,0.0,2.0,14.0,4.0,4.0,0.0,0.0,4.0,2.0,0.0,0.0,4.0,0.0,14.0,4.0,4.0,0.0,6.0,4.0,4.0,2.0,0.0,0.0,0.0,2.0,4.0,4.0,4.0,4.0,0.0,4.0,0.0,2.0,0.0,0.0,2.0,2.0,4.0,2.0,1.0,0.0,0.0,0.0,0.0,0.0,0.0,3.0,1.0,2.0,0.0,2.0,2.0,0.0,0.0,0.0,0.0,0.0,4.0,3.0,0.0,0.0,1.0,0.0,0.0,0.0,0.0,4.0,0.0,0.0,0.0,0.0,N#Cc1cc(C(=O)NN=Cc2ccc(N(C(=O)C3CCCC3)C(=O)C3CCCC3)c3ccccc23)ccc1O
CHEMBL487668,Active,29.0,7.0,5.0,0.0,0.0,2.0,2.0,0.0,38.0,7.0,5.0,0.0,0.0,4.0,4.0,1.0,3.0,1.0,0.0,0.0,0.0,0.0,0.0,34.0,12.0,8.0,0.0,0.0,4.0,4.0,0.0,1.0,30.0,11.0,9.0,0.0,0.0,2.0,2.0,2.0,0.0,34.0,9.0,11.0,0.0,0.0,2.0,2.0,0.0,0.0,0.0,0.0,0.0,1.0,36.0,8.0,9.0,0.0,0.0,0.0,0.0,0.0,0.0,0.0,2.0,2.0,2.0,2.0,0.0,0.0,0.0,39.0,4.0,8.0,0.0,0.0,4.0,4.0,1.0,1.0,0.0,0.0,0.0,35.0,7.0,10.0,0.0,0.0,6.0,6.0,0.0,0.0,0.0,0.0,0.0,33.0,5.0,7.0,0.0,0.0,8.0,8.0,1.0,2.0,0.0,0.0,1.0,0.0,0.0,30.0,6.0,7.0,0.0,0.0,6.0,6.0,0.0,1.0,0.0,0.0,2.0,0.0,0.0,1.0,0.0,7.0,3.0,1.0,0.0,0.0,4.0,3.0,0.0,0.0,2.0,0.0,2.0,0.0,0.0,2.0,0.0,3.0,0.0,2.0,0.0,2.0,0.0,0.0,2.0,12.0,3.0,8.0,0.0,0.0,0.0,0.0,0.0,0.0,1.0,7.0,0.0,0.0,0.0,0.0,0.0,0.0,0.0,0.0,1.0,2.0,6.0,0.0,0.0,2.0,6.0,0.0,0.0,1.0,0.0,0.0,0.0,0.0,0.0,0.0,0.0,1.0,0.0,1.0,1.0,1.0,0.0,0.0,1.0,0.0,0.0,1.0,0.0,0.0,0.0,0.0,3.0,2.0,2.0,5.0,2.0,0.0,0.0,2.0,3.0,0.0,1.0,2.0,0.0,0.0,3.0,3.0,0.0,0.0,2.0,1.0,1.0,0.0,1.0,5.0,0.0,0.0,0.0,1.0,O=C(NCC(O)C(=O)O)c1ccc(CN(C(=O)Nc2cc(Cl)cc(Cl)c2)c2ccc(C3CCCCC3)cc2)cc1
CHEMBL2159340,Active,32.0,5.0,3.0,0.0,0.0,3.0,3.0,1.0,41.0,11.0,3.0,0.0,0.0,6.0,6.0,0.0,1.0,1.0,0.0,0.0,0.0,0.0,0.0,41.0,13.0,5.0,0.0,0.0,6.0,6.0,0.0,0.0,37.0,14.0,3.0,0.0,0.0,6.0,6.0,2.0,0.0,40.0,11.0,4.0,0.0,0.0,4.0,4.0,0.0,0.0,0.0,2.0,2.0,0.0,45.0,8.0,3.0,0.0,0.0,3.0,3.0,0.0,0.0,0.0,2.0,2.0,2.0,0.0,0.0,0.0,0.0,47.0,5.0,5.0,0.0,0.0,5.0,5.0,1.0,1.0,0.0,0.0,0.0,45.0,3.0,5.0,0.0,0.0,9.0,9.0,1.0,1.0,0.0,1.0,0.0,37.0,5.0,5.0,0.0,0.0,10.0,10.0,0.0,0.0,0.0,1.0,0.0,0.0,0.0,29.0,5.0,5.0,0.0,0.0,11.0,11.0,0.0,0.0,0.0,0.0,1.0,1.0,0.0,0.0,0.0,2.0,0.0,0.0,0.0,0.0,1.0,0.0,1.0,1.0,1.0,0.0,1.0,0.0,0.0,1.0,0.0,2.0,0.0,1.0,2.0,3.0,0.0,0.0,1.0,6.0,2.0,3.0,0.0,0.0,0.0,0.0,0.0,0.0,1.0,1.0,0.0,0.0,0.0,0.0,0.0,0.0,0.0,0.0,1.0,1.0,0.0,0.0,0.0,0.0,0.0,0.0,0.0,0.0,0.0,0.0,0.0,0.0,0.0,0.0,0.0,1.0,0.0,1.0,1.0,1.0,0.0,0.0,1.0,0.0,0.0,1.0,0.0,0.0,0.0,0.0,1.0,3.0,3.0,2.0,1.0,0.0,0.0,1.0,0.0,0.0,0.0,1.0,0.0,0.0,1.0,1.0,0.0,0.0,1.0,1.0,1.0,0.0,0.0,3.0,0.0,0.0,0.0,0.0,CC(c1ccc(C(=O)NCCC(=O)O)cc1)n1nc(-c2cc(Cl)cc(Cl)c2)cc1-c1ccc2cc(Cl)ccc2c1
CHEMBL1644177,Inactive,30.0,5.0,5.0,0.0,3.0,0.0,3.0,1.0,41.0,10.0,5.0,0.0,0.0,0.0,0.0,0.0,1.0,1.0,3.0,3.0,3.0,3.0,3.0,39.0,12.0,7.0,0.0,3.0,0.0,3.0,0.0,0.0,34.0,14.0,4.0,0.0,6.0,0.0,6.0,2.0,0.0,36.0,10.0,5.0,0.0,6.0,0.0,6.0,0.0,0.0,0.0,0.0,0.0,0.0,40.0,6.0,4.0,0.0,3.0,0.0,3.0,0.0,1.0,0.0,0.0,0.0,2.0,0.0,0.0,0.0,0.0,42.0,6.0,5.0,0.0,3.0,0.0,3.0,1.0,2.0,0.0,0.0,0.0,40.0,6.0,7.0,0.0,3.0,0.0,3.0,1.0,1.0,3.0,3.0,0.0,33.0,5.0,8.0,0.0,3.0,0.0,3.0,0.0,0.0,3.0,3.0,0.0,0.0,0.0,33.0,5.0,9.0,0.0,6.0,0.0,6.0,0.0,0.0,0.0,0.0,2.0,0.0,0.0,0.0,0.0,7.0,4.0,0.0,0.0,0.0,3.0,0.0,1.0,3.0,1.0,0.0,1.0,0.0,0.0,1.0,2.0,2.0,0.0,2.0,0.0,0.0,3.0,1.0,1.0,16.0,2.0,12.0,0.0,0.0,5.0,0.0,0.0,0.0,1.0,15.0,0.0,0.0,0.0,2.0,11.0,7.0,0.0,0.0,1.0,0.0,14.0,0.0,0.0,0.0,14.0,0.0,0.0,9.0,0.0,7.0,3.0,0.0,0.0,0.0,0.0,1.0,0.0,1.0,1.0,1.0,0.0,0.0,1.0,0.0,0.0,1.0,0.0,0.0,0.0,0.0,1.0,0.0,0.0,2.0,1.0,0.0,0.0,1.0,0.0,0.0,0.0,2.0,1.0,3.0,1.0,1.0,0.0,0.0,1.0,1.0,1.0,0.0,0.0,4.0,0.0,0.0,3.0,0.0,CC(C)(C)C1CCC(c2cc(-c3ccc(OC(F)(F)F)cc3)nn2Cc2ccc(C(=O)NCCC(=O)O)cc2)CC1
CHEMBL1644190,Inactive,27.0,5.0,7.0,0.0,6.0,0.0,6.0,1.0,35.0,10.0,7.0,0.0,0.0,0.0,0.0,0.0,1.0,1.0,6.0,6.0,6.0,6.0,6.0,34.0,12.0,9.0,0.0,6.0,0.0,6.0,0.0,0.0,29.0,15.0,7.0,0.0,12.0,0.0,12.0,0.0,0.0,34.0,10.0,4.0,0.0,12.0,0.0,12.0,0.0,2.0,0.0,0.0,0.0,0.0,38.0,5.0,6.0,0.0,6.0,0.0,6.0,0.0,2.0,0.0,0.0,0.0,0.0,0.0,0.0,0.0,0.0,40.0,3.0,5.0,0.0,6.0,0.0,6.0,1.0,3.0,0.0,0.0,2.0,36.0,4.0,9.0,0.0,6.0,0.0,6.0,1.0,1.0,6.0,6.0,0.0,26.0,5.0,14.0,0.0,9.0,0.0,9.0,0.0,0.0,6.0,6.0,0.0,0.0,0.0,22.0,5.0,13.0,0.0,12.0,0.0,12.0,0.0,0.0,0.0,0.0,0.0,0.0,0.0,0.0,0.0,4.0,0.0,0.0,0.0,0.0,2.0,1.0,1.0,0.0,1.0,0.0,1.0,0.0,0.0,1.0,2.0,2.0,0.0,3.0,0.0,0.0,6.0,2.0,1.0,8.0,2.0,3.0,0.0,0.0,0.0,0.0,0.0,0.0,1.0,2.0,0.0,0.0,0.0,0.0,0.0,0.0,0.0,0.0,1.0,0.0,1.0,0.0,1.0,0.0,0.0,0.0,0.0,0.0,0.0,0.0,0.0,0.0,0.0,1.0,1.0,1.0,0.0,1.0,1.0,1.0,0.0,0.0,1.0,0.0,0.0,1.0,0.0,0.0,0.0,0.0,1.0,0.0,0.0,2.0,1.0,0.0,0.0,1.0,0.0,0.0,0.0,3.0,2.0,6.0,1.0,1.0,0.0,0.0,1.0,0.0,0.0,0.0,0.0,5.0,0.0,0.0,6.0,0.0,O=C(O)CCCNC(=O)c1ccc(Cn2nc(-c3ccc(OC(F)(F)F)cc3)cc2-c2ccc(OC(F)(F)F)cc2)cc1
CHEMBL1644176,Inactive,24.0,7.0,3.0,0.0,3.0,0.0,3.0,4.0,32.0,11.0,3.0,0.0,0.0,0.0,0.0,5.0,1.0,0.0,3.0,3.0,3.0,3.0,3.0,31.0,13.0,5.0,0.0,3.0,0.0,3.0,2.0,0.0,31.0,15.0,3.0,0.0,6.0,0.0,6.0,2.0,0.0,34.0,15.0,1.0,0.0,6.0,0.0,6.0,0.0,3.0,0.0,0.0,0.0,0.0,32.0,15.0,2.0,0.0,3.0,0.0,3.0,0.0,1.0,0.0,0.0,0.0,0.0,0.0,0.0,0.0,0.0,31.0,10.0,4.0,0.0,0.0,0.0,0.0,0.0,0.0,3.0,3.0,0.0,27.0,8.0,5.0,0.0,3.0,0.0,3.0,0.0,0.0,3.0,3.0,0.0,21.0,5.0,4.0,0.0,9.0,0.0,9.0,2.0,2.0,0.0,0.0,0.0,0.0,0.0,13.0,11.0,6.0,0.0,9.0,0.0,9.0,0.0,0.0,0.0,0.0,1.0,0.0,0.0,0.0,0.0,6.0,2.0,0.0,0.0,0.0,4.0,3.0,0.0,0.0,1.0,0.0,1.0,0.0,0.0,0.0,1.0,1.0,0.0,2.0,0.0,0.0,3.0,1.0,0.0,9.0,1.0,6.0,0.0,0.0,0.0,0.0,0.0,0.0,0.0,6.0,0.0,0.0,0.0,0.0,0.0,0.0,0.0,0.0,0.0,0.0,6.0,0.0,0.0,0.0,6.0,0.0,0.0,1.0,0.0,0.0,0.0,0.0,0.0,0.0,0.0,0.0,0.0,0.0,0.0,0.0,0.0,0.0,0.0,0.0,0.0,0.0,0.0,0.0,0.0,0.0,0.0,0.0,0.0,1.0,0.0,0.0,0.0,0.0,0.0,0.0,0.0,1.0,1.0,3.0,1.0,1.0,0.0,0.0,1.0,0.0,0.0,0.0,0.0,2.0,0.0,0.0,3.0,0.0,O=C(Nc1nn[nH]n1)c1ccc(Cc2cnn(-c3ccc(OC(F)(F)F)cc3)c2C2CCCCC2)cc1
CHEMBL1644198,Inactive,35.0,5.0,5.0,0.0,3.0,1.0,4.0,1.0,46.0,10.0,5.0,0.0,0.0,2.0,2.0,0.0,1.0,1.0,3.0,3.0,3.0,3.0,3.0,46.0,12.0,7.0,0.0,3.0,2.0,5.0,0.0,0.0,41.0,14.0,4.0,0.0,6.0,1.0,7.0,2.0,0.0,45.0,10.0,5.0,0.0,6.0,1.0,7.0,0.0,0.0,0.0,0.0,0.0,0.0,47.0,6.0,4.0,0.0,3.0,2.0,5.0,0.0,1.0,0.0,0.0,0.0,2.0,0.0,0.0,0.0,0.0,47.0,5.0,5.0,0.0,3.0,2.0,5.0,1.0,2.0,0.0,0.0,0.0,43.0,7.0,7.0,0.0,3.0,2.0,5.0,1.0,1.0,3.0,3.0,0.0,38.0,9.0,8.0,0.0,3.0,1.0,4.0,0.0,0.0,3.0,3.0,0.0,0.0,0.0,38.0,8.0,9.0,0.0,6.0,1.0,7.0,0.0,0.0,0.0,0.0,1.0,1.0,0.0,0.0,0.0,3.0,0.0,0.0,0.0,0.0,1.0,0.0,1.0,1.0,1.0,0.0,1.0,0.0,0.0,1.0,1.0,2.0,0.0,4.0,0.0,1.0,3.0,1.0,1.0,8.0,2.0,3.0,0.0,0.0,0.0,0.0,0.0,0.0,1.0,1.0,0.0,0.0,0.0,0.0,0.0,0.0,0.0,0.0,1.0,2.0,0.0,0.0,0.0,0.0,0.0,0.0,0.0,0.0,0.0,0.0,0.0,0.0,0.0,0.0,0.0,1.0,0.0,1.0,1.0,1.0,0.0,0.0,1.0,0.0,0.0,1.0,0.0,0.0,0.0,0.0,1.0,1.0,1.0,2.0,1.0,0.0,0.0,1.0,0.0,0.0,0.0,2.0,1.0,3.0,1.0,1.0,0.0,0.0,1.0,1.0,1.0,0.0,0.0,4.0,0.0,0.0,3.0,0.0,CC(c1ccc(Cl)cc1)c1ccc(-c2cc(-c3ccc(OC(F)(F)F)cc3)nn2Cc2ccc(C(=O)NCCC(=O)O)cc2)cc1
CHEMBL2112329,Active,29.0,5.0,3.0,0.0,0.0,1.0,1.0,1.0,37.0,8.0,4.0,0.0,0.0,2.0,2.0,0.0,2.0,0.0,0.0,0.0,0.0,0.0,0.0,35.0,10.0,5.0,0.0,0.0,2.0,2.0,1.0,2.0,25.0,16.0,6.0,0.0,0.0,2.0,2.0,0.0,0.0,23.0,17.0,6.0,0.0,0.0,0.0,0.0,0.0,0.0,0.0,1.0,1.0,0.0,25.0,13.0,6.0,0.0,0.0,0.0,0.0,0.0,1.0,0.0,1.0,1.0,1.0,0.0,0.0,0.0,0.0,31.0,6.0,7.0,0.0,0.0,1.0,1.0,1.0,1.0,0.0,0.0,0.0,34.0,4.0,7.0,0.0,0.0,1.0,1.0,1.0,0.0,0.0,0.0,0.0,32.0,6.0,5.0,0.0,0.0,2.0,2.0,0.0,0.0,0.0,0.0,0.0,0.0,0.0,27.0,4.0,2.0,0.0,0.0,3.0,3.0,1.0,2.0,0.0,0.0,1.0,0.0,0.0,1.0,0.0,2.0,1.0,1.0,0.0,0.0,0.0,0.0,0.0,0.0,2.0,1.0,1.0,0.0,1.0,1.0,0.0,2.0,1.0,0.0,1.0,1.0,0.0,0.0,1.0,6.0,2.0,2.0,1.0,0.0,0.0,1.0,0.0,0.0,1.0,1.0,1.0,0.0,0.0,0.0,0.0,0.0,0.0,0.0,1.0,1.0,0.0,0.0,0.0,1.0,0.0,0.0,0.0,0.0,0.0,0.0,0.0,0.0,0.0,0.0,0.0,1.0,0.0,0.0,0.0,3.0,0.0,0.0,2.0,0.0,0.0,0.0,0.0,0.0,0.0,0.0,0.0,1.0,1.0,4.0,1.0,0.0,1.0,0.0,0.0,1.0,0.0,0.0,0.0,0.0,4.0,2.0,1.0,1.0,2.0,0.0,0.0,1.0,0.0,3.0,1.0,0.0,0.0,0.0,NC(=O)C(Cc1ccccc1)NCc1ccc(C=NNC(=O)c2ccc(O)c(Cl)c2)c2ccccc12
CHEMBL286555,Inactive,23.0,2.0,1.0,0.0,2.0,0.0,2.0,0.0,30.0,4.0,1.0,0.0,4.0,0.0,4.0,0.0,0.0,0.0,0.0,0.0,0.0,0.0,0.0,32.0,7.0,2.0,0.0,4.0,0.0,4.0,0.0,0.0,40.0,2.0,3.0,0.0,3.0,0.0,3.0,1.0,0.0,40.0,3.0,6.0,0.0,3.0,0.0,3.0,0.0,0.0,0.0,0.0,0.0,0.0,38.0,3.0,4.0,0.0,6.0,0.0,6.0,0.0,0.0,0.0,0.0,0.0,0.0,0.0,0.0,0.0,0.0,25.0,2.0,4.0,0.0,7.0,0.0,7.0,0.0,0.0,1.0,1.0,0.0,16.0,0.0,1.0,0.0,8.0,0.0,8.0,0.0,0.0,1.0,1.0,0.0,6.0,0.0,1.0,0.0,6.0,0.0,6.0,0.0,0.0,0.0,0.0,0.0,0.0,0.0,3.0,0.0,0.0,0.0,2.0,0.0,2.0,0.0,0.0,0.0,0.0,2.0,2.0,0.0,0.0,2.0,5.0,0.0,0.0,0.0,0.0,3.0,2.0,0.0,5.0,0.0,0.0,0.0,0.0,0.0,1.0,0.0,0.0,0.0,0.0,1.0,0.0,2.0,0.0,1.0,12.0,0.0,8.0,0.0,0.0,0.0,0.0,0.0,0.0,0.0,5.0,0.0,0.0,0.0,0.0,0.0,0.0,0.0,0.0,0.0,0.0,2.0,0.0,0.0,0.0,1.0,0.0,0.0,0.0,0.0,0.0,0.0,0.0,0.0,0.0,0.0,0.0,0.0,0.0,0.0,0.0,0.0,0.0,0.0,0.0,0.0,0.0,0.0,0.0,0.0,0.0,0.0,0.0,0.0,0.0,0.0,0.0,0.0,0.0,0.0,0.0,0.0,1.0,0.0,2.0,0.0,0.0,0.0,0.0,0.0,0.0,0.0,0.0,0.0,1.0,0.0,0.0,0.0,0.0,CCCCCc1c(C(C)C)nc(C(C)C)c(CO)c1-c1ccc(F)c(F)c1
CHEMBL152461,Inactive,22.0,2.0,2.0,2.0,0.0,1.0,1.0,1.0,28.0,4.0,7.0,3.0,0.0,2.0,2.0,0.0,1.0,1.0,0.0,0.0,0.0,0.0,0.0,24.0,6.0,10.0,5.0,0.0,2.0,2.0,0.0,1.0,19.0,9.0,14.0,3.0,0.0,2.0,2.0,0.0,0.0,18.0,9.0,9.0,2.0,0.0,0.0,0.0,0.0,0.0,0.0,1.0,1.0,0.0,20.0,5.0,6.0,0.0,0.0,0.0,0.0,0.0,1.0,0.0,1.0,1.0,1.0,0.0,0.0,0.0,0.0,21.0,2.0,3.0,0.0,0.0,1.0,1.0,0.0,3.0,0.0,0.0,0.0,19.0,2.0,4.0,1.0,0.0,1.0,1.0,0.0,2.0,0.0,0.0,0.0,16.0,3.0,4.0,1.0,0.0,2.0,2.0,0.0,0.0,0.0,0.0,0.0,0.0,0.0,13.0,2.0,5.0,2.0,0.0,3.0,3.0,0.0,0.0,0.0,2.0,1.0,1.0,0.0,0.0,1.0,1.0,1.0,0.0,0.0,0.0,0.0,0.0,0.0,2.0,1.0,0.0,1.0,0.0,0.0,1.0,0.0,1.0,0.0,0.0,1.0,1.0,0.0,0.0,1.0,6.0,1.0,3.0,0.0,0.0,1.0,0.0,0.0,0.0,0.0,3.0,0.0,0.0,0.0,0.0,0.0,0.0,0.0,0.0,0.0,0.0,0.0,0.0,0.0,0.0,0.0,0.0,0.0,0.0,0.0,0.0,0.0,0.0,0.0,0.0,0.0,0.0,0.0,0.0,0.0,0.0,0.0,0.0,0.0,0.0,0.0,0.0,0.0,0.0,0.0,0.0,0.0,1.0,1.0,1.0,0.0,0.0,0.0,0.0,0.0,0.0,0.0,0.0,0.0,0.0,2.0,1.0,0.0,0.0,1.0,0.0,0.0,0.0,0.0,4.0,0.0,0.0,0.0,0.0,CC(C)CS(=O)(=O)c1ccc(C=NNC(=O)c2ccc(O)c(Cl)c2)c2ccccc12
CHEMBL509710,Active,30.0,7.0,7.0,0.0,3.0,0.0,3.0,0.0,41.0,7.0,7.0,0.0,3.0,0.0,3.0,1.0,3.0,1.0,0.0,0.0,3.0,3.0,3.0,38.0,12.0,10.0,0.0,6.0,0.0,6.0,0.0,1.0,33.0,12.0,11.0,0.0,6.0,0.0,6.0,3.0,0.0,37.0,10.0,12.0,0.0,3.0,0.0,3.0,0.0,0.0,3.0,0.0,3.0,1.0,37.0,9.0,10.0,0.0,6.0,0.0,6.0,0.0,1.0,0.0,0.0,0.0,3.0,0.0,0.0,0.0,0.0,41.0,5.0,11.0,0.0,0.0,0.0,0.0,1.0,1.0,3.0,3.0,0.0,40.0,7.0,13.0,0.0,6.0,0.0,6.0,0.0,0.0,0.0,0.0,0.0,40.0,5.0,11.0,0.0,9.0,0.0,9.0,1.0,2.0,0.0,0.0,1.0,0.0,0.0,37.0,6.0,10.0,0.0,12.0,0.0,12.0,0.0,1.0,0.0,0.0,1.0,0.0,0.0,1.0,0.0,6.0,1.0,1.0,0.0,0.0,3.0,2.0,0.0,1.0,2.0,0.0,2.0,0.0,0.0,2.0,1.0,3.0,0.0,2.0,0.0,0.0,3.0,1.0,2.0,14.0,3.0,7.0,0.0,0.0,0.0,0.0,0.0,0.0,1.0,5.0,0.0,0.0,0.0,0.0,0.0,0.0,0.0,0.0,1.0,1.0,3.0,0.0,0.0,1.0,2.0,0.0,0.0,1.0,0.0,0.0,0.0,0.0,0.0,0.0,0.0,1.0,0.0,1.0,1.0,1.0,0.0,0.0,1.0,0.0,0.0,1.0,0.0,0.0,0.0,0.0,3.0,0.0,0.0,5.0,2.0,0.0,0.0,2.0,3.0,0.0,1.0,3.0,1.0,3.0,3.0,3.0,0.0,0.0,2.0,1.0,1.0,0.0,1.0,6.0,0.0,0.0,0.0,1.0,COc1cc(NC(=O)N(Cc2ccc(C(=O)NCC(O)C(=O)O)cc2)c2ccc(C3=CCCCC3)cc2)cc(C(F)(F)F)c1
CHEMBL3237927,Active,31.0,9.0,2.0,0.0,0.0,2.0,2.0,3.0,43.0,15.0,2.0,0.0,0.0,4.0,4.0,4.0,2.0,0.0,0.0,0.0,0.0,0.0,0.0,44.0,15.0,6.0,0.0,0.0,4.0,4.0,2.0,1.0,44.0,16.0,9.0,0.0,0.0,4.0,4.0,0.0,0.0,52.0,14.0,8.0,0.0,0.0,2.0,2.0,0.0,2.0,0.0,2.0,2.0,0.0,53.0,19.0,7.0,0.0,0.0,2.0,2.0,0.0,2.0,0.0,2.0,2.0,0.0,2.0,0.0,0.0,0.0,56.0,10.0,3.0,0.0,0.0,6.0,6.0,1.0,1.0,0.0,0.0,0.0,48.0,11.0,7.0,0.0,0.0,8.0,8.0,0.0,0.0,0.0,0.0,0.0,43.0,10.0,5.0,0.0,0.0,8.0,8.0,1.0,2.0,0.0,0.0,1.0,0.0,0.0,37.0,8.0,4.0,0.0,0.0,10.0,10.0,2.0,0.0,0.0,0.0,3.0,1.0,0.0,0.0,1.0,6.0,4.0,0.0,0.0,0.0,2.0,0.0,0.0,5.0,1.0,0.0,1.0,0.0,0.0,0.0,2.0,2.0,0.0,1.0,0.0,2.0,0.0,0.0,0.0,19.0,2.0,15.0,1.0,0.0,6.0,2.0,1.0,0.0,1.0,18.0,0.0,0.0,0.0,2.0,12.0,7.0,4.0,2.0,0.0,2.0,16.0,0.0,0.0,1.0,14.0,0.0,0.0,9.0,6.0,7.0,3.0,7.0,8.0,6.0,4.0,5.0,3.0,3.0,0.0,6.0,4.0,5.0,8.0,3.0,0.0,3.0,5.0,0.0,0.0,0.0,0.0,2.0,2.0,6.0,4.0,2.0,2.0,3.0,0.0,0.0,0.0,0.0,0.0,0.0,3.0,2.0,0.0,0.0,2.0,0.0,0.0,0.0,0.0,2.0,0.0,0.0,0.0,0.0,CC(C)CC(c1ccc(C(=O)NCc2nn[nH]n2)cc1)N1C(=O)C(c2cc(Cl)cc(Cl)c2)=NC12CCC(C(C)(C)C)CC2
CHEMBL2159345,Active,26.0,5.0,5.0,0.0,3.0,0.0,3.0,1.0,34.0,11.0,5.0,0.0,3.0,0.0,3.0,0.0,1.0,1.0,0.0,0.0,3.0,3.0,3.0,36.0,11.0,7.0,0.0,3.0,0.0,3.0,0.0,0.0,34.0,10.0,5.0,0.0,3.0,0.0,3.0,2.0,0.0,35.0,8.0,6.0,0.0,6.0,0.0,6.0,0.0,0.0,0.0,0.0,0.0,0.0,34.0,7.0,4.0,0.0,12.0,0.0,12.0,0.0,0.0,0.0,0.0,0.0,2.0,0.0,0.0,0.0,0.0,30.0,5.0,6.0,0.0,12.0,0.0,12.0,1.0,1.0,0.0,0.0,0.0,26.0,3.0,6.0,0.0,12.0,0.0,12.0,1.0,2.0,0.0,0.0,0.0,20.0,6.0,7.0,0.0,9.0,0.0,9.0,0.0,1.0,0.0,0.0,0.0,0.0,0.0,17.0,6.0,8.0,0.0,6.0,0.0,6.0,0.0,0.0,0.0,0.0,1.0,1.0,0.0,0.0,0.0,2.0,0.0,0.0,0.0,0.0,1.0,0.0,1.0,2.0,1.0,0.0,1.0,0.0,0.0,1.0,1.0,2.0,0.0,1.0,2.0,0.0,3.0,1.0,1.0,8.0,2.0,3.0,0.0,0.0,0.0,0.0,0.0,0.0,1.0,1.0,0.0,0.0,0.0,0.0,0.0,0.0,0.0,0.0,1.0,1.0,0.0,0.0,0.0,0.0,0.0,0.0,0.0,0.0,0.0,0.0,0.0,0.0,0.0,0.0,0.0,1.0,0.0,1.0,1.0,1.0,0.0,0.0,1.0,0.0,0.0,1.0,0.0,0.0,0.0,0.0,1.0,0.0,0.0,2.0,1.0,0.0,0.0,1.0,0.0,0.0,0.0,2.0,1.0,3.0,1.0,1.0,0.0,0.0,1.0,1.0,1.0,0.0,0.0,4.0,0.0,0.0,0.0,0.0,COc1ccc2cc(-c3cc(C(F)(F)F)nn3C(C)c3ccc(C(=O)NCCC(=O)O)cc3)ccc2c1
CHEMBL3238214,Active,30.0,9.0,2.0,0.0,3.0,2.0,5.0,3.0,41.0,15.0,2.0,0.0,3.0,4.0,7.0,4.0,2.0,0.0,0.0,0.0,3.0,3.0,3.0,43.0,15.0,6.0,0.0,3.0,4.0,7.0,2.0,1.0,43.0,15.0,9.0,0.0,3.0,4.0,7.0,0.0,0.0,48.0,14.0,8.0,0.0,3.0,2.0,5.0,0.0,2.0,3.0,2.0,5.0,0.0,48.0,18.0,6.0,0.0,12.0,2.0,14.0,0.0,2.0,0.0,2.0,2.0,0.0,2.0,0.0,0.0,0.0,52.0,10.0,3.0,0.0,15.0,6.0,21.0,1.0,1.0,3.0,3.0,0.0,44.0,11.0,7.0,0.0,12.0,8.0,20.0,0.0,0.0,0.0,0.0,0.0,40.0,9.0,4.0,0.0,12.0,8.0,20.0,1.0,2.0,0.0,0.0,1.0,0.0,0.0,32.0,8.0,4.0,0.0,9.0,8.0,17.0,2.0,0.0,3.0,0.0,2.0,0.0,0.0,0.0,0.0,7.0,3.0,0.0,0.0,0.0,3.0,0.0,0.0,3.0,1.0,0.0,1.0,0.0,0.0,0.0,3.0,2.0,0.0,1.0,0.0,2.0,3.0,0.0,0.0,18.0,2.0,14.0,1.0,0.0,5.0,2.0,1.0,0.0,1.0,16.0,0.0,0.0,0.0,2.0,11.0,7.0,4.0,2.0,0.0,2.0,15.0,0.0,0.0,1.0,14.0,0.0,0.0,9.0,6.0,7.0,3.0,7.0,8.0,5.0,3.0,5.0,3.0,3.0,0.0,6.0,4.0,5.0,8.0,3.0,0.0,3.0,5.0,0.0,0.0,0.0,0.0,2.0,2.0,6.0,4.0,2.0,2.0,3.0,0.0,0.0,0.0,0.0,0.0,3.0,3.0,2.0,0.0,0.0,2.0,0.0,0.0,0.0,0.0,2.0,0.0,0.0,0.0,0.0,CC(C)(C)C1CCC2(CC1)N=C(c1cc(Cl)cc(Cl)c1)C(=O)N2C(CCC(F)(F)F)c1ccc(C(=O)NCc2nn[nH]n2)cc1
CHEMBL3238229,Active,32.0,9.0,2.0,0.0,0.0,2.0,2.0,3.0,44.0,15.0,2.0,0.0,0.0,4.0,4.0,4.0,2.0,0.0,0.0,0.0,0.0,0.0,0.0,44.0,15.0,6.0,0.0,0.0,4.0,4.0,2.0,1.0,44.0,15.0,9.0,0.0,0.0,4.0,4.0,0.0,0.0,50.0,17.0,8.0,0.0,0.0,2.0,2.0,0.0,2.0,0.0,2.0,2.0,0.0,60.0,16.0,6.0,0.0,0.0,2.0,2.0,0.0,2.0,0.0,2.0,2.0,0.0,2.0,0.0,0.0,0.0,64.0,13.0,6.0,0.0,0.0,6.0,6.0,1.0,1.0,0.0,0.0,0.0,53.0,11.0,6.0,0.0,0.0,8.0,8.0,0.0,0.0,0.0,0.0,0.0,47.0,9.0,4.0,0.0,0.0,8.0,8.0,1.0,2.0,0.0,0.0,1.0,0.0,0.0,36.0,11.0,7.0,0.0,0.0,8.0,8.0,2.0,0.0,0.0,0.0,3.0,1.0,0.0,0.0,1.0,7.0,3.0,0.0,0.0,0.0,3.0,0.0,0.0,5.0,1.0,0.0,1.0,0.0,0.0,0.0,2.0,2.0,0.0,1.0,0.0,2.0,0.0,0.0,0.0,20.0,2.0,16.0,1.0,0.0,6.0,2.0,1.0,0.0,1.0,19.0,0.0,0.0,0.0,1.0,9.0,5.0,4.0,2.0,0.0,2.0,16.0,0.0,0.0,1.0,15.0,0.0,0.0,7.0,4.0,5.0,2.0,5.0,11.0,5.0,3.0,5.0,3.0,3.0,0.0,6.0,4.0,5.0,8.0,3.0,0.0,3.0,5.0,0.0,0.0,0.0,0.0,2.0,2.0,6.0,4.0,2.0,2.0,3.0,0.0,0.0,0.0,0.0,0.0,0.0,3.0,2.0,0.0,0.0,2.0,0.0,0.0,0.0,0.0,2.0,0.0,0.0,0.0,0.0,CC(C)C1CCC2(CC1)N=C(c1cc(Cl)cc(Cl)c1)C(=O)N2C(CCC(C)(C)C)c1ccc(C(=O)NCc2nn[nH]n2)cc1
CHEMBL155687,Inactive,22.0,4.0,0.0,2.0,1.0,0.0,1.0,0.0,30.0,6.0,2.0,2.0,2.0,0.0,2.0,0.0,0.0,0.0,0.0,0.0,0.0,0.0,0.0,30.0,6.0,2.0,2.0,2.0,0.0,2.0,0.0,0.0,28.0,7.0,2.0,1.0,1.0,0.0,1.0,0.0,0.0,30.0,4.0,1.0,1.0,1.0,0.0,1.0,1.0,0.0,0.0,0.0,0.0,0.0,29.0,4.0,1.0,1.0,2.0,0.0,2.0,0.0,0.0,0.0,0.0,0.0,0.0,0.0,0.0,0.0,0.0,26.0,4.0,1.0,2.0,2.0,0.0,2.0,0.0,1.0,1.0,1.0,0.0,18.0,4.0,2.0,2.0,3.0,0.0,3.0,0.0,0.0,0.0,0.0,0.0,8.0,3.0,2.0,4.0,4.0,0.0,4.0,0.0,0.0,0.0,0.0,0.0,0.0,0.0,5.0,1.0,4.0,4.0,2.0,0.0,2.0,0.0,0.0,1.0,0.0,0.0,0.0,0.0,0.0,0.0,0.0,0.0,0.0,0.0,0.0,0.0,0.0,0.0,1.0,0.0,0.0,0.0,0.0,0.0,0.0,0.0,0.0,0.0,2.0,0.0,0.0,1.0,0.0,0.0,1.0,0.0,0.0,0.0,0.0,0.0,0.0,0.0,0.0,0.0,0.0,0.0,0.0,0.0,0.0,0.0,0.0,0.0,0.0,0.0,0.0,0.0,0.0,0.0,0.0,0.0,0.0,0.0,0.0,0.0,0.0,0.0,0.0,0.0,0.0,0.0,0.0,0.0,0.0,0.0,0.0,0.0,0.0,0.0,0.0,0.0,0.0,0.0,0.0,0.0,0.0,0.0,0.0,0.0,0.0,0.0,0.0,0.0,0.0,0.0,0.0,0.0,0.0,0.0,1.0,0.0,0.0,0.0,0.0,0.0,0.0,0.0,0.0,0.0,1.0,0.0,0.0,0.0,0.0,C[S+]([O-])c1ccc(-c2cc(-c3ccc(F)cc3)c(-c3ccncc3)[nH]2)cc1
CHEMBL156837,Active,25.0,4.0,3.0,0.0,0.0,1.0,1.0,1.0,32.0,7.0,4.0,0.0,0.0,2.0,2.0,0.0,2.0,0.0,0.0,0.0,0.0,0.0,0.0,26.0,11.0,7.0,0.0,0.0,2.0,2.0,0.0,1.0,19.0,14.0,8.0,0.0,0.0,2.0,2.0,0.0,0.0,20.0,11.0,6.0,0.0,0.0,0.0,0.0,0.0,0.0,0.0,1.0,1.0,0.0,24.0,5.0,5.0,0.0,0.0,0.0,0.0,1.0,1.0,0.0,1.0,1.0,1.0,0.0,0.0,0.0,0.0,27.0,2.0,5.0,0.0,0.0,1.0,1.0,1.0,1.0,0.0,0.0,0.0,25.0,3.0,4.0,0.0,0.0,1.0,1.0,0.0,1.0,0.0,0.0,0.0,20.0,4.0,2.0,0.0,0.0,2.0,2.0,0.0,2.0,0.0,0.0,0.0,0.0,0.0,13.0,6.0,4.0,0.0,0.0,3.0,3.0,0.0,0.0,0.0,0.0,1.0,0.0,0.0,1.0,0.0,4.0,2.0,2.0,2.0,0.0,3.0,1.0,0.0,0.0,2.0,0.0,2.0,1.0,0.0,1.0,0.0,2.0,0.0,0.0,1.0,1.0,0.0,0.0,1.0,8.0,2.0,6.0,1.0,0.0,1.0,0.0,0.0,0.0,1.0,7.0,2.0,0.0,0.0,0.0,2.0,1.0,0.0,0.0,2.0,0.0,7.0,2.0,2.0,0.0,3.0,2.0,2.0,1.0,0.0,0.0,0.0,0.0,2.0,2.0,0.0,2.0,0.0,0.0,0.0,1.0,0.0,0.0,0.0,0.0,0.0,0.0,0.0,0.0,0.0,0.0,0.0,1.0,1.0,2.0,0.0,0.0,0.0,0.0,1.0,0.0,0.0,0.0,0.0,0.0,3.0,2.0,0.0,0.0,1.0,0.0,0.0,0.0,0.0,3.0,0.0,0.0,0.0,0.0,O=C(NN=Cc1ccc(NC(=O)C2CCCC2)c2ccccc12)c1ccc(O)c(Cl)c1
CHEMBL157000,Active,23.0,5.0,5.0,0.0,0.0,1.0,1.0,1.0,29.0,8.0,6.0,0.0,0.0,2.0,2.0,0.0,2.0,0.0,0.0,0.0,0.0,0.0,0.0,25.0,11.0,10.0,0.0,0.0,2.0,2.0,0.0,1.0,17.0,13.0,9.0,0.0,0.0,1.0,1.0,3.0,0.0,14.0,14.0,9.0,0.0,0.0,1.0,1.0,0.0,1.0,0.0,0.0,0.0,0.0,19.0,5.0,6.0,0.0,0.0,1.0,1.0,2.0,2.0,0.0,0.0,0.0,2.0,0.0,0.0,0.0,0.0,24.0,1.0,6.0,0.0,0.0,0.0,0.0,2.0,1.0,0.0,1.0,1.0,22.0,4.0,7.0,0.0,0.0,1.0,1.0,0.0,1.0,0.0,0.0,0.0,21.0,4.0,5.0,0.0,0.0,2.0,2.0,0.0,2.0,0.0,0.0,0.0,0.0,0.0,15.0,7.0,7.0,0.0,0.0,2.0,2.0,0.0,0.0,0.0,0.0,0.0,0.0,0.0,0.0,0.0,1.0,0.0,0.0,0.0,0.0,0.0,0.0,1.0,1.0,2.0,0.0,2.0,0.0,0.0,1.0,0.0,2.0,0.0,1.0,2.0,1.0,0.0,1.0,1.0,6.0,2.0,1.0,1.0,0.0,0.0,0.0,0.0,0.0,1.0,0.0,0.0,0.0,0.0,0.0,0.0,0.0,0.0,0.0,0.0,1.0,0.0,0.0,0.0,0.0,0.0,0.0,0.0,0.0,0.0,0.0,0.0,0.0,0.0,0.0,0.0,0.0,0.0,0.0,0.0,1.0,0.0,0.0,0.0,0.0,0.0,0.0,0.0,0.0,0.0,0.0,0.0,1.0,1.0,2.0,0.0,0.0,0.0,0.0,1.0,0.0,0.0,1.0,1.0,0.0,4.0,2.0,0.0,0.0,1.0,0.0,0.0,0.0,0.0,4.0,0.0,0.0,0.0,0.0,COc1cc(NC(=O)Cc2ccc(Cl)cc2)ccc1C=NNC(=O)c1ccc(O)c(C#N)c1
CHEMBL160419,Inactive,20.0,3.0,5.0,0.0,0.0,1.0,1.0,1.0,25.0,5.0,7.0,0.0,0.0,2.0,2.0,0.0,2.0,0.0,0.0,0.0,0.0,0.0,0.0,24.0,6.0,7.0,0.0,0.0,2.0,2.0,0.0,2.0,17.0,10.0,8.0,0.0,0.0,2.0,2.0,0.0,0.0,14.0,11.0,7.0,0.0,0.0,0.0,0.0,0.0,0.0,0.0,1.0,1.0,0.0,14.0,8.0,5.0,0.0,0.0,0.0,0.0,0.0,2.0,0.0,1.0,1.0,1.0,0.0,0.0,0.0,0.0,15.0,5.0,6.0,0.0,0.0,1.0,1.0,0.0,2.0,0.0,0.0,0.0,15.0,4.0,7.0,0.0,0.0,1.0,1.0,0.0,0.0,0.0,0.0,0.0,16.0,1.0,3.0,0.0,0.0,2.0,2.0,1.0,1.0,0.0,0.0,1.0,0.0,0.0,13.0,0.0,5.0,0.0,0.0,3.0,3.0,1.0,1.0,0.0,0.0,0.0,0.0,0.0,0.0,0.0,1.0,0.0,0.0,0.0,0.0,0.0,0.0,1.0,0.0,1.0,0.0,1.0,0.0,1.0,1.0,0.0,2.0,1.0,0.0,1.0,1.0,0.0,1.0,1.0,4.0,2.0,1.0,1.0,0.0,0.0,0.0,0.0,0.0,1.0,0.0,0.0,0.0,0.0,0.0,0.0,0.0,0.0,0.0,0.0,0.0,0.0,0.0,0.0,0.0,0.0,0.0,0.0,0.0,0.0,0.0,0.0,0.0,0.0,0.0,0.0,0.0,0.0,0.0,0.0,1.0,0.0,0.0,0.0,0.0,0.0,0.0,0.0,0.0,0.0,0.0,1.0,1.0,1.0,2.0,0.0,0.0,0.0,0.0,0.0,0.0,0.0,1.0,1.0,0.0,3.0,2.0,0.0,0.0,1.0,0.0,0.0,0.0,1.0,4.0,0.0,0.0,0.0,0.0,NC(=O)COc1ccc(C=NNC(=O)c2ccc(O)c(Cl)c2)c2ccccc12
CHEMBL161494,Inactive,25.0,2.0,8.0,0.0,0.0,1.0,1.0,0.0,34.0,2.0,10.0,0.0,0.0,2.0,2.0,0.0,1.0,0.0,0.0,0.0,0.0,0.0,0.0,32.0,3.0,13.0,0.0,0.0,2.0,2.0,0.0,0.0,24.0,4.0,15.0,0.0,0.0,2.0,2.0,0.0,1.0,26.0,3.0,11.0,0.0,0.0,0.0,0.0,0.0,0.0,0.0,1.0,1.0,0.0,27.0,1.0,8.0,0.0,0.0,1.0,1.0,0.0,3.0,0.0,0.0,0.0,1.0,0.0,0.0,0.0,0.0,25.0,2.0,11.0,0.0,0.0,1.0,1.0,0.0,1.0,0.0,0.0,0.0,27.0,1.0,7.0,0.0,0.0,1.0,1.0,0.0,0.0,0.0,0.0,2.0,24.0,1.0,10.0,0.0,0.0,2.0,2.0,0.0,0.0,0.0,0.0,1.0,0.0,0.0,20.0,2.0,13.0,0.0,0.0,2.0,2.0,0.0,0.0,0.0,0.0,1.0,1.0,0.0,0.0,1.0,3.0,0.0,0.0,0.0,0.0,1.0,0.0,0.0,4.0,1.0,0.0,1.0,0.0,0.0,1.0,0.0,1.0,0.0,1.0,1.0,1.0,0.0,3.0,1.0,9.0,1.0,3.0,0.0,0.0,0.0,0.0,0.0,0.0,0.0,1.0,0.0,0.0,0.0,0.0,0.0,0.0,0.0,0.0,0.0,3.0,0.0,0.0,0.0,0.0,0.0,0.0,0.0,0.0,0.0,0.0,0.0,0.0,0.0,0.0,0.0,0.0,0.0,0.0,0.0,1.0,0.0,0.0,1.0,0.0,0.0,1.0,0.0,0.0,0.0,0.0,0.0,1.0,1.0,2.0,1.0,0.0,0.0,1.0,0.0,0.0,0.0,3.0,3.0,0.0,1.0,1.0,0.0,0.0,1.0,0.0,0.0,0.0,0.0,5.0,0.0,0.0,0.0,0.0,COc1cc(CCNC(=O)c2ccc(O)c(Cl)c2)cc(OC)c1OCc1ccc(C(C)C)cc1
CHEMBL158556,Inactive,24.0,2.0,9.0,0.0,0.0,0.0,0.0,1.0,32.0,4.0,12.0,0.0,0.0,0.0,0.0,0.0,1.0,0.0,0.0,0.0,0.0,0.0,0.0,29.0,6.0,14.0,0.0,0.0,0.0,0.0,0.0,1.0,20.0,8.0,17.0,0.0,0.0,0.0,0.0,0.0,1.0,23.0,6.0,9.0,0.0,0.0,0.0,0.0,0.0,3.0,0.0,0.0,0.0,1.0,24.0,4.0,7.0,0.0,0.0,0.0,0.0,0.0,5.0,0.0,0.0,0.0,1.0,0.0,0.0,0.0,0.0,24.0,3.0,11.0,0.0,0.0,0.0,0.0,0.0,2.0,0.0,0.0,0.0,26.0,2.0,8.0,0.0,0.0,0.0,0.0,0.0,0.0,0.0,0.0,2.0,22.0,3.0,12.0,0.0,0.0,0.0,0.0,0.0,0.0,0.0,0.0,1.0,0.0,0.0,18.0,4.0,15.0,0.0,0.0,0.0,0.0,0.0,0.0,0.0,0.0,1.0,1.0,0.0,0.0,1.0,1.0,0.0,0.0,0.0,0.0,0.0,0.0,0.0,4.0,1.0,0.0,1.0,0.0,0.0,2.0,0.0,1.0,0.0,1.0,1.0,0.0,0.0,3.0,2.0,8.0,1.0,2.0,0.0,0.0,0.0,0.0,0.0,0.0,0.0,1.0,0.0,0.0,0.0,0.0,0.0,0.0,0.0,0.0,0.0,2.0,0.0,0.0,0.0,0.0,0.0,0.0,0.0,0.0,0.0,0.0,0.0,0.0,0.0,0.0,0.0,0.0,0.0,0.0,0.0,0.0,0.0,0.0,0.0,0.0,0.0,0.0,0.0,0.0,0.0,0.0,0.0,0.0,0.0,1.0,0.0,0.0,0.0,0.0,0.0,0.0,0.0,3.0,3.0,0.0,2.0,1.0,0.0,0.0,1.0,0.0,0.0,0.0,0.0,6.0,0.0,0.0,0.0,0.0,COc1cc(C=NNC(=O)c2ccc(O)c(O)c2)cc(OC)c1OCc1ccc(C(C)C)cc1
CHEMBL2159330,Active,31.0,5.0,5.0,0.0,3.0,2.0,5.0,1.0,41.0,10.0,5.0,0.0,0.0,4.0,4.0,0.0,1.0,1.0,3.0,3.0,3.0,3.0,3.0,40.0,12.0,8.0,0.0,3.0,4.0,7.0,0.0,0.0,35.0,14.0,6.0,0.0,6.0,4.0,10.0,2.0,0.0,39.0,11.0,5.0,0.0,9.0,2.0,11.0,0.0,0.0,0.0,2.0,2.0,0.0,41.0,8.0,4.0,0.0,9.0,2.0,11.0,0.0,0.0,0.0,2.0,2.0,2.0,0.0,0.0,0.0,0.0,44.0,4.0,5.0,0.0,3.0,4.0,7.0,1.0,2.0,0.0,0.0,0.0,42.0,4.0,7.0,0.0,3.0,6.0,9.0,1.0,2.0,0.0,0.0,0.0,37.0,6.0,7.0,0.0,3.0,8.0,11.0,0.0,0.0,3.0,3.0,0.0,0.0,0.0,30.0,5.0,9.0,0.0,6.0,8.0,14.0,0.0,0.0,3.0,0.0,0.0,0.0,0.0,0.0,0.0,3.0,0.0,0.0,0.0,0.0,1.0,0.0,1.0,0.0,1.0,0.0,1.0,0.0,0.0,1.0,1.0,2.0,0.0,1.0,1.0,2.0,3.0,1.0,1.0,6.0,2.0,2.0,0.0,0.0,0.0,0.0,0.0,0.0,1.0,1.0,0.0,0.0,0.0,0.0,0.0,0.0,0.0,0.0,1.0,0.0,0.0,0.0,0.0,0.0,0.0,0.0,0.0,0.0,0.0,0.0,0.0,0.0,0.0,0.0,0.0,1.0,0.0,1.0,1.0,1.0,0.0,0.0,1.0,0.0,0.0,1.0,0.0,0.0,0.0,0.0,1.0,2.0,2.0,2.0,1.0,0.0,0.0,1.0,0.0,0.0,0.0,2.0,1.0,3.0,1.0,1.0,0.0,0.0,1.0,1.0,1.0,0.0,0.0,4.0,0.0,0.0,3.0,0.0,O=C(O)CCNC(=O)c1ccc(Cn2nc(-c3cc(Cl)cc(Cl)c3)cc2-c2ccc3c(OC(F)(F)F)cccc3c2)cc1
CHEMBL2159341,Active,33.0,5.0,3.0,0.0,0.0,2.0,2.0,1.0,43.0,11.0,3.0,0.0,0.0,4.0,4.0,0.0,1.0,1.0,0.0,0.0,0.0,0.0,0.0,43.0,13.0,5.0,0.0,0.0,4.0,4.0,0.0,0.0,39.0,14.0,3.0,0.0,0.0,4.0,4.0,2.0,0.0,42.0,11.0,4.0,0.0,0.0,2.0,2.0,0.0,0.0,0.0,2.0,2.0,0.0,46.0,8.0,3.0,0.0,0.0,2.0,2.0,0.0,0.0,0.0,2.0,2.0,2.0,0.0,0.0,0.0,0.0,48.0,5.0,5.0,0.0,0.0,4.0,4.0,1.0,1.0,0.0,0.0,0.0,46.0,4.0,5.0,0.0,0.0,8.0,8.0,1.0,1.0,0.0,0.0,0.0,39.0,6.0,5.0,0.0,0.0,8.0,8.0,0.0,0.0,0.0,0.0,0.0,0.0,0.0,32.0,5.0,5.0,0.0,0.0,8.0,8.0,0.0,0.0,0.0,0.0,1.0,1.0,0.0,0.0,0.0,2.0,0.0,0.0,0.0,0.0,1.0,0.0,1.0,2.0,1.0,0.0,1.0,0.0,0.0,1.0,0.0,2.0,0.0,1.0,2.0,2.0,0.0,0.0,1.0,7.0,2.0,3.0,0.0,0.0,0.0,0.0,0.0,0.0,1.0,1.0,0.0,0.0,0.0,0.0,0.0,0.0,0.0,0.0,1.0,1.0,0.0,0.0,0.0,0.0,0.0,0.0,0.0,0.0,0.0,0.0,0.0,0.0,0.0,0.0,0.0,1.0,0.0,1.0,1.0,1.0,0.0,0.0,1.0,0.0,0.0,1.0,0.0,0.0,0.0,0.0,1.0,2.0,2.0,2.0,1.0,0.0,0.0,1.0,0.0,0.0,0.0,1.0,0.0,0.0,1.0,1.0,0.0,0.0,1.0,1.0,1.0,0.0,0.0,3.0,0.0,0.0,0.0,0.0,Cc1ccc2cc(-c3cc(-c4cc(Cl)cc(Cl)c4)nn3C(C)c3ccc(C(=O)NCCC(=O)O)cc3)ccc2c1
CHEMBL2159348,Active,32.0,5.0,5.0,0.0,0.0,2.0,2.0,1.0,42.0,11.0,5.0,0.0,0.0,4.0,4.0,0.0,1.0,1.0,0.0,0.0,0.0,0.0,0.0,43.0,13.0,7.0,0.0,0.0,4.0,4.0,0.0,0.0,39.0,14.0,5.0,0.0,0.0,3.0,3.0,2.0,0.0,42.0,11.0,6.0,0.0,0.0,2.0,2.0,0.0,0.0,0.0,1.0,1.0,0.0,47.0,8.0,4.0,0.0,0.0,2.0,2.0,0.0,0.0,0.0,2.0,2.0,2.0,0.0,0.0,0.0,0.0,48.0,5.0,6.0,0.0,0.0,3.0,3.0,1.0,1.0,0.0,1.0,0.0,46.0,3.0,6.0,0.0,0.0,6.0,6.0,1.0,2.0,0.0,0.0,0.0,38.0,6.0,7.0,0.0,0.0,8.0,8.0,0.0,1.0,0.0,0.0,0.0,0.0,0.0,31.0,6.0,8.0,0.0,0.0,8.0,8.0,0.0,0.0,0.0,0.0,1.0,1.0,0.0,0.0,0.0,2.0,0.0,0.0,0.0,0.0,1.0,0.0,1.0,2.0,1.0,0.0,1.0,0.0,0.0,1.0,0.0,2.0,0.0,1.0,3.0,2.0,0.0,1.0,1.0,7.0,2.0,3.0,0.0,0.0,0.0,0.0,0.0,0.0,1.0,1.0,0.0,0.0,0.0,0.0,0.0,0.0,0.0,0.0,1.0,1.0,0.0,0.0,0.0,0.0,0.0,0.0,0.0,0.0,0.0,0.0,0.0,0.0,0.0,0.0,0.0,1.0,0.0,1.0,1.0,1.0,0.0,0.0,1.0,0.0,0.0,1.0,0.0,0.0,0.0,0.0,1.0,2.0,2.0,2.0,1.0,0.0,0.0,1.0,0.0,0.0,0.0,2.0,1.0,0.0,1.0,1.0,0.0,0.0,1.0,1.0,1.0,0.0,0.0,4.0,0.0,0.0,0.0,0.0,COc1ccc2cc(-c3cc(-c4ccc(Cl)c(Cl)c4)nn3C(C)c3ccc(C(=O)NCCC(=O)O)cc3)ccc2c1
CHEMBL3798135,Inactive,29.0,5.0,3.0,0.0,1.0,2.0,3.0,1.0,37.0,11.0,3.0,0.0,2.0,4.0,6.0,0.0,1.0,1.0,0.0,0.0,0.0,0.0,0.0,34.0,14.0,5.0,0.0,2.0,4.0,6.0,0.0,0.0,33.0,15.0,3.0,0.0,1.0,4.0,5.0,2.0,0.0,38.0,11.0,5.0,0.0,1.0,2.0,3.0,0.0,0.0,0.0,2.0,2.0,0.0,43.0,6.0,4.0,0.0,1.0,2.0,3.0,0.0,0.0,1.0,2.0,3.0,2.0,0.0,0.0,0.0,0.0,45.0,1.0,4.0,0.0,2.0,4.0,6.0,1.0,1.0,1.0,1.0,0.0,37.0,2.0,5.0,0.0,3.0,8.0,11.0,1.0,1.0,0.0,0.0,0.0,23.0,5.0,7.0,0.0,5.0,10.0,15.0,0.0,0.0,0.0,0.0,0.0,0.0,0.0,14.0,5.0,7.0,0.0,4.0,6.0,10.0,0.0,0.0,0.0,0.0,1.0,0.0,0.0,0.0,0.0,4.0,1.0,0.0,0.0,0.0,2.0,0.0,1.0,0.0,1.0,0.0,1.0,0.0,0.0,1.0,0.0,2.0,0.0,1.0,1.0,2.0,1.0,0.0,1.0,7.0,2.0,4.0,0.0,0.0,0.0,0.0,0.0,0.0,1.0,2.0,0.0,0.0,0.0,0.0,0.0,0.0,0.0,0.0,1.0,2.0,0.0,0.0,0.0,1.0,0.0,0.0,0.0,0.0,0.0,0.0,0.0,0.0,0.0,0.0,0.0,1.0,0.0,1.0,1.0,1.0,0.0,0.0,1.0,0.0,0.0,1.0,0.0,0.0,0.0,0.0,1.0,2.0,2.0,2.0,1.0,0.0,0.0,1.0,0.0,0.0,0.0,1.0,0.0,1.0,1.0,1.0,0.0,0.0,1.0,1.0,1.0,0.0,0.0,3.0,0.0,0.0,0.0,0.0,O=C(O)CCNC(=O)c1ccc2c(c1)CCC2n1nc(-c2cc(Cl)cc(Cl)c2)cc1-c1ccc(F)cc1
CHEMBL3799499,Inactive,30.0,5.0,3.0,0.0,0.0,2.0,2.0,1.0,39.0,11.0,3.0,0.0,0.0,4.0,4.0,0.0,1.0,1.0,0.0,0.0,0.0,0.0,0.0,37.0,14.0,5.0,0.0,0.0,4.0,4.0,0.0,0.0,35.0,16.0,3.0,0.0,0.0,4.0,4.0,2.0,0.0,40.0,12.0,5.0,0.0,0.0,2.0,2.0,0.0,0.0,0.0,2.0,2.0,0.0,46.0,6.0,4.0,0.0,0.0,2.0,2.0,0.0,0.0,0.0,2.0,2.0,2.0,0.0,0.0,0.0,0.0,50.0,1.0,4.0,0.0,0.0,4.0,4.0,1.0,1.0,0.0,0.0,0.0,41.0,2.0,5.0,0.0,0.0,8.0,8.0,1.0,1.0,0.0,0.0,0.0,25.0,5.0,7.0,0.0,0.0,12.0,12.0,0.0,0.0,0.0,0.0,0.0,0.0,0.0,15.0,5.0,7.0,0.0,0.0,6.0,6.0,0.0,0.0,0.0,0.0,1.0,0.0,0.0,0.0,0.0,4.0,1.0,0.0,0.0,0.0,2.0,0.0,1.0,1.0,1.0,0.0,1.0,0.0,0.0,1.0,0.0,2.0,0.0,0.0,1.0,2.0,0.0,0.0,1.0,8.0,2.0,4.0,0.0,0.0,0.0,0.0,0.0,0.0,1.0,2.0,0.0,0.0,0.0,0.0,0.0,0.0,0.0,0.0,1.0,2.0,0.0,0.0,0.0,1.0,0.0,0.0,0.0,0.0,0.0,0.0,0.0,0.0,0.0,0.0,0.0,1.0,0.0,1.0,1.0,1.0,0.0,0.0,1.0,0.0,0.0,1.0,0.0,0.0,0.0,0.0,1.0,2.0,2.0,2.0,1.0,0.0,0.0,1.0,0.0,0.0,0.0,1.0,0.0,0.0,1.0,1.0,0.0,0.0,1.0,1.0,1.0,0.0,0.0,3.0,0.0,0.0,0.0,0.0,Cc1ccccc1-c1cc(-c2cc(Cl)cc(Cl)c2)nn1C1CCc2cc(C(=O)NCCC(=O)O)ccc21
CHEMBL3238233,Inactive,25.0,9.0,2.0,0.0,0.0,2.0,2.0,3.0,34.0,15.0,2.0,0.0,0.0,4.0,4.0,4.0,2.0,0.0,0.0,0.0,0.0,0.0,0.0,35.0,11.0,6.0,0.0,0.0,4.0,4.0,2.0,1.0,33.0,13.0,9.0,0.0,0.0,4.0,4.0,0.0,0.0,39.0,15.0,6.0,0.0,0.0,2.0,2.0,0.0,2.0,0.0,2.0,2.0,0.0,44.0,12.0,5.0,0.0,0.0,2.0,2.0,0.0,2.0,0.0,2.0,2.0,0.0,2.0,0.0,0.0,0.0,40.0,13.0,5.0,0.0,0.0,6.0,6.0,1.0,1.0,0.0,0.0,0.0,27.0,11.0,4.0,0.0,0.0,4.0,4.0,0.0,0.0,0.0,0.0,0.0,25.0,9.0,4.0,0.0,0.0,6.0,6.0,1.0,2.0,0.0,0.0,1.0,0.0,0.0,20.0,9.0,5.0,0.0,0.0,6.0,6.0,2.0,0.0,0.0,0.0,1.0,0.0,0.0,0.0,0.0,3.0,1.0,0.0,0.0,0.0,1.0,0.0,0.0,5.0,1.0,0.0,1.0,0.0,0.0,0.0,2.0,2.0,0.0,1.0,0.0,2.0,0.0,0.0,0.0,14.0,2.0,9.0,1.0,0.0,4.0,2.0,1.0,0.0,1.0,9.0,0.0,0.0,0.0,1.0,3.0,0.0,0.0,0.0,0.0,2.0,4.0,0.0,0.0,1.0,3.0,0.0,0.0,0.0,0.0,0.0,0.0,0.0,3.0,1.0,1.0,1.0,1.0,1.0,0.0,6.0,4.0,5.0,8.0,3.0,0.0,3.0,5.0,0.0,0.0,0.0,0.0,2.0,2.0,6.0,4.0,2.0,2.0,3.0,0.0,0.0,0.0,0.0,0.0,0.0,3.0,2.0,0.0,0.0,2.0,0.0,0.0,0.0,0.0,2.0,0.0,0.0,0.0,0.0,CC(C)(C)CCC(c1ccc(C(=O)NCc2nnn[nH]2)cc1)N1C(=O)C(c2cc(Cl)cc(Cl)c2)=NC1(C)C
CHEMBL3237922,Active,29.0,9.0,2.0,0.0,0.0,2.0,2.0,3.0,40.0,15.0,2.0,0.0,0.0,4.0,4.0,4.0,2.0,0.0,0.0,0.0,0.0,0.0,0.0,42.0,15.0,6.0,0.0,0.0,4.0,4.0,2.0,1.0,42.0,14.0,9.0,0.0,0.0,4.0,4.0,0.0,0.0,44.0,14.0,8.0,0.0,0.0,2.0,2.0,0.0,2.0,0.0,2.0,2.0,0.0,43.0,17.0,5.0,0.0,0.0,2.0,2.0,0.0,2.0,0.0,2.0,2.0,0.0,2.0,0.0,0.0,0.0,48.0,10.0,3.0,0.0,0.0,6.0,6.0,1.0,1.0,0.0,0.0,0.0,40.0,11.0,7.0,0.0,0.0,8.0,8.0,0.0,0.0,0.0,0.0,0.0,37.0,8.0,3.0,0.0,0.0,8.0,8.0,1.0,2.0,0.0,0.0,1.0,0.0,0.0,27.0,8.0,4.0,0.0,0.0,6.0,6.0,2.0,0.0,0.0,0.0,2.0,0.0,0.0,0.0,0.0,6.0,3.0,0.0,0.0,0.0,2.0,0.0,0.0,4.0,1.0,0.0,1.0,0.0,0.0,0.0,2.0,2.0,0.0,1.0,0.0,2.0,0.0,0.0,0.0,17.0,2.0,13.0,1.0,0.0,5.0,2.0,1.0,0.0,1.0,15.0,0.0,0.0,0.0,2.0,11.0,7.0,4.0,2.0,0.0,2.0,14.0,0.0,0.0,1.0,14.0,0.0,0.0,9.0,6.0,7.0,3.0,7.0,8.0,4.0,2.0,5.0,3.0,3.0,0.0,6.0,4.0,5.0,8.0,3.0,0.0,3.0,5.0,0.0,0.0,0.0,0.0,2.0,2.0,6.0,4.0,2.0,2.0,3.0,0.0,0.0,0.0,0.0,0.0,0.0,3.0,2.0,0.0,0.0,2.0,0.0,0.0,0.0,0.0,2.0,0.0,0.0,0.0,0.0,CCC(c1ccc(C(=O)NCc2nn[nH]n2)cc1)N1C(=O)C(c2cc(Cl)cc(Cl)c2)=NC12CCC(C(C)(C)C)CC2
CHEMBL3238215,Active,34.0,9.0,2.0,0.0,0.0,2.0,2.0,3.0,46.0,15.0,2.0,0.0,0.0,4.0,4.0,4.0,2.0,0.0,0.0,0.0,0.0,0.0,0.0,46.0,15.0,6.0,0.0,0.0,4.0,4.0,2.0,1.0,46.0,15.0,9.0,0.0,0.0,4.0,4.0,0.0,0.0,51.0,17.0,8.0,0.0,0.0,2.0,2.0,0.0,2.0,0.0,2.0,2.0,0.0,60.0,18.0,6.0,0.0,0.0,2.0,2.0,0.0,2.0,0.0,2.0,2.0,0.0,2.0,0.0,0.0,0.0,67.0,13.0,6.0,0.0,0.0,6.0,6.0,1.0,1.0,0.0,0.0,0.0,56.0,11.0,7.0,0.0,0.0,8.0,8.0,0.0,0.0,0.0,0.0,0.0,52.0,9.0,4.0,0.0,0.0,8.0,8.0,1.0,2.0,0.0,0.0,1.0,0.0,0.0,41.0,11.0,7.0,0.0,0.0,8.0,8.0,2.0,0.0,0.0,0.0,2.0,0.0,0.0,0.0,0.0,8.0,3.0,0.0,0.0,0.0,3.0,0.0,0.0,4.0,1.0,0.0,1.0,0.0,0.0,0.0,3.0,2.0,0.0,1.0,0.0,2.0,0.0,0.0,0.0,21.0,2.0,18.0,1.0,0.0,10.0,2.0,1.0,0.0,1.0,22.0,0.0,0.0,0.0,3.0,15.0,8.0,4.0,2.0,0.0,2.0,20.0,0.0,0.0,1.0,18.0,0.0,0.0,10.0,6.0,7.0,3.0,8.0,11.0,5.0,3.0,5.0,3.0,3.0,0.0,6.0,4.0,5.0,8.0,3.0,0.0,3.0,5.0,0.0,0.0,0.0,0.0,2.0,2.0,6.0,4.0,2.0,2.0,3.0,0.0,0.0,0.0,0.0,0.0,0.0,3.0,2.0,0.0,0.0,2.0,0.0,0.0,0.0,0.0,2.0,0.0,0.0,0.0,0.0,CC1(CCC(c2ccc(C(=O)NCc3nn[nH]n3)cc2)N2C(=O)C(c3cc(Cl)cc(Cl)c3)=NC23CCC(C(C)(C)C)CC3)CC1
CHEMBL3238240,Inactive,35.0,7.0,4.0,0.0,0.0,2.0,2.0,0.0,49.0,11.0,4.0,0.0,0.0,4.0,4.0,1.0,2.0,1.0,0.0,0.0,0.0,0.0,0.0,47.0,14.0,8.0,0.0,0.0,4.0,4.0,0.0,1.0,47.0,14.0,11.0,0.0,0.0,4.0,4.0,0.0,0.0,53.0,13.0,9.0,0.0,0.0,2.0,2.0,0.0,2.0,0.0,2.0,2.0,0.0,63.0,12.0,9.0,0.0,0.0,2.0,2.0,0.0,0.0,0.0,2.0,2.0,0.0,2.0,0.0,0.0,0.0,71.0,5.0,8.0,0.0,0.0,6.0,6.0,1.0,1.0,0.0,0.0,2.0,59.0,5.0,11.0,0.0,0.0,8.0,8.0,0.0,0.0,0.0,0.0,0.0,54.0,5.0,8.0,0.0,0.0,8.0,8.0,1.0,2.0,0.0,0.0,1.0,0.0,0.0,43.0,8.0,9.0,0.0,0.0,8.0,8.0,0.0,0.0,0.0,0.0,2.0,0.0,0.0,0.0,0.0,9.0,3.0,0.0,0.0,0.0,5.0,1.0,1.0,6.0,1.0,0.0,1.0,0.0,0.0,1.0,3.0,3.0,0.0,1.0,0.0,2.0,0.0,0.0,1.0,24.0,3.0,20.0,1.0,0.0,9.0,2.0,1.0,0.0,2.0,24.0,0.0,0.0,0.0,3.0,14.0,7.0,4.0,2.0,1.0,2.0,19.0,0.0,1.0,1.0,17.0,0.0,0.0,9.0,6.0,7.0,3.0,7.0,11.0,6.0,4.0,6.0,3.0,4.0,1.0,7.0,4.0,5.0,9.0,3.0,0.0,4.0,5.0,0.0,0.0,0.0,1.0,2.0,2.0,6.0,4.0,2.0,2.0,3.0,0.0,0.0,0.0,1.0,0.0,0.0,3.0,2.0,0.0,0.0,2.0,0.0,0.0,0.0,0.0,4.0,0.0,0.0,0.0,0.0,CC(C)(C)CCC(c1ccc(C(=O)NCCCC(=O)O)cc1)N1C(=O)C(c2cc(Cl)cc(Cl)c2)=NC12CCC(C(C)(C)C)CC2
CHEMBL3238234,Active,34.0,7.0,4.0,0.0,0.0,2.0,2.0,0.0,48.0,11.0,4.0,0.0,0.0,4.0,4.0,1.0,2.0,1.0,0.0,0.0,0.0,0.0,0.0,46.0,14.0,8.0,0.0,0.0,4.0,4.0,0.0,1.0,47.0,13.0,9.0,0.0,0.0,4.0,4.0,2.0,0.0,52.0,13.0,11.0,0.0,0.0,2.0,2.0,0.0,0.0,0.0,2.0,2.0,0.0,62.0,12.0,8.0,0.0,0.0,2.0,2.0,0.0,0.0,0.0,2.0,2.0,2.0,2.0,0.0,0.0,0.0,69.0,5.0,10.0,0.0,0.0,6.0,6.0,1.0,1.0,0.0,0.0,0.0,57.0,5.0,11.0,0.0,0.0,8.0,8.0,0.0,0.0,0.0,0.0,0.0,53.0,5.0,6.0,0.0,0.0,8.0,8.0,1.0,2.0,0.0,0.0,1.0,0.0,0.0,42.0,8.0,9.0,0.0,0.0,8.0,8.0,0.0,0.0,0.0,0.0,2.0,0.0,0.0,0.0,0.0,8.0,3.0,0.0,0.0,0.0,4.0,0.0,1.0,6.0,1.0,0.0,1.0,0.0,0.0,1.0,3.0,3.0,0.0,1.0,0.0,2.0,0.0,0.0,1.0,23.0,3.0,19.0,1.0,0.0,9.0,2.0,1.0,0.0,2.0,23.0,0.0,0.0,0.0,3.0,14.0,7.0,4.0,2.0,1.0,2.0,18.0,0.0,0.0,1.0,17.0,0.0,0.0,9.0,6.0,7.0,3.0,7.0,11.0,5.0,3.0,6.0,3.0,4.0,1.0,7.0,4.0,5.0,9.0,3.0,0.0,4.0,5.0,0.0,0.0,0.0,1.0,2.0,2.0,6.0,4.0,2.0,2.0,3.0,0.0,0.0,0.0,1.0,0.0,0.0,3.0,2.0,0.0,0.0,2.0,1.0,1.0,0.0,0.0,4.0,0.0,0.0,0.0,0.0,CC(C)(C)CCC(c1ccc(C(=O)NCCC(=O)O)cc1)N1C(=O)C(c2cc(Cl)cc(Cl)c2)=NC12CCC(C(C)(C)C)CC2
CHEMBL2159335,Active,29.0,5.0,5.0,0.0,0.0,3.0,3.0,1.0,35.0,11.0,6.0,0.0,0.0,6.0,6.0,0.0,1.0,1.0,0.0,0.0,0.0,0.0,0.0,35.0,13.0,8.0,0.0,0.0,6.0,6.0,0.0,0.0,35.0,14.0,4.0,0.0,0.0,7.0,7.0,2.0,0.0,40.0,10.0,5.0,0.0,0.0,4.0,4.0,0.0,0.0,0.0,3.0,3.0,0.0,44.0,5.0,4.0,0.0,0.0,5.0,5.0,0.0,1.0,0.0,3.0,3.0,2.0,0.0,0.0,0.0,0.0,42.0,3.0,7.0,0.0,0.0,7.0,7.0,1.0,2.0,0.0,0.0,0.0,37.0,4.0,8.0,0.0,0.0,12.0,12.0,1.0,1.0,0.0,0.0,0.0,28.0,7.0,9.0,0.0,0.0,12.0,12.0,0.0,0.0,0.0,0.0,0.0,0.0,0.0,24.0,6.0,9.0,0.0,0.0,8.0,8.0,0.0,0.0,0.0,0.0,1.0,1.0,0.0,0.0,0.0,4.0,0.0,0.0,0.0,0.0,2.0,0.0,1.0,2.0,1.0,0.0,1.0,0.0,0.0,1.0,0.0,2.0,0.0,1.0,1.0,3.0,0.0,1.0,1.0,9.0,2.0,5.0,0.0,0.0,0.0,0.0,0.0,0.0,1.0,2.0,0.0,0.0,0.0,0.0,0.0,0.0,0.0,0.0,1.0,1.0,0.0,0.0,0.0,0.0,0.0,0.0,0.0,0.0,0.0,0.0,0.0,0.0,0.0,0.0,0.0,1.0,0.0,1.0,2.0,1.0,0.0,0.0,1.0,0.0,0.0,1.0,0.0,0.0,0.0,0.0,2.0,3.0,3.0,2.0,1.0,0.0,0.0,1.0,0.0,0.0,0.0,2.0,1.0,0.0,1.0,1.0,0.0,0.0,1.0,1.0,1.0,0.0,0.0,4.0,0.0,0.0,0.0,0.0,CCCOc1ccc(-c2cc(-c3cc(Cl)cc(Cl)c3)nn2C(C)c2ccc(C(=O)NCCC(=O)O)cc2)cc1Cl
CHEMBL2159344,Inactive,34.0,5.0,3.0,0.0,0.0,2.0,2.0,1.0,43.0,11.0,3.0,0.0,0.0,4.0,4.0,0.0,1.0,1.0,0.0,0.0,0.0,0.0,0.0,44.0,13.0,5.0,0.0,0.0,4.0,4.0,0.0,0.0,43.0,15.0,3.0,0.0,0.0,4.0,4.0,2.0,0.0,49.0,13.0,4.0,0.0,0.0,2.0,2.0,0.0,0.0,0.0,2.0,2.0,0.0,54.0,9.0,3.0,0.0,0.0,2.0,2.0,0.0,0.0,0.0,2.0,2.0,2.0,0.0,0.0,0.0,0.0,55.0,5.0,5.0,0.0,0.0,4.0,4.0,1.0,1.0,0.0,0.0,0.0,53.0,3.0,5.0,0.0,0.0,8.0,8.0,1.0,1.0,0.0,0.0,0.0,43.0,5.0,5.0,0.0,0.0,10.0,10.0,0.0,0.0,0.0,0.0,0.0,0.0,0.0,32.0,5.0,5.0,0.0,0.0,10.0,10.0,0.0,0.0,0.0,0.0,2.0,1.0,0.0,0.0,0.0,7.0,2.0,0.0,0.0,0.0,5.0,3.0,1.0,1.0,1.0,0.0,1.0,0.0,0.0,1.0,0.0,2.0,0.0,1.0,0.0,2.0,0.0,0.0,1.0,12.0,2.0,9.0,0.0,0.0,0.0,0.0,0.0,0.0,1.0,7.0,0.0,0.0,0.0,0.0,0.0,0.0,0.0,0.0,1.0,3.0,6.0,0.0,0.0,2.0,6.0,0.0,0.0,1.0,0.0,0.0,0.0,0.0,0.0,0.0,0.0,1.0,0.0,1.0,1.0,1.0,0.0,0.0,1.0,0.0,0.0,1.0,0.0,0.0,0.0,0.0,1.0,2.0,2.0,2.0,1.0,0.0,0.0,1.0,0.0,0.0,0.0,1.0,0.0,0.0,1.0,1.0,0.0,0.0,1.0,1.0,1.0,0.0,0.0,3.0,0.0,0.0,0.0,0.0,CC(c1ccc(C(=O)NCCC(=O)O)cc1)n1nc(-c2cc(Cl)cc(Cl)c2)cc1-c1ccccc1C1CCCCC1
CHEMBL1922935,Active,33.0,5.0,4.0,0.0,3.0,1.0,4.0,0.0,41.0,8.0,5.0,0.0,3.0,2.0,5.0,0.0,1.0,1.0,0.0,0.0,3.0,3.0,3.0,42.0,8.0,8.0,0.0,6.0,2.0,8.0,0.0,1.0,44.0,7.0,8.0,0.0,6.0,2.0,8.0,2.0,0.0,50.0,3.0,12.0,0.0,3.0,1.0,4.0,0.0,0.0,3.0,1.0,4.0,0.0,52.0,5.0,9.0,0.0,6.0,2.0,8.0,0.0,0.0,0.0,0.0,0.0,2.0,0.0,0.0,0.0,0.0,50.0,3.0,8.0,0.0,12.0,3.0,15.0,0.0,0.0,0.0,0.0,0.0,44.0,3.0,7.0,0.0,9.0,4.0,13.0,0.0,0.0,0.0,0.0,0.0,38.0,3.0,4.0,0.0,9.0,4.0,13.0,0.0,1.0,0.0,0.0,1.0,0.0,0.0,28.0,3.0,6.0,0.0,6.0,4.0,10.0,1.0,1.0,0.0,0.0,2.0,0.0,0.0,1.0,0.0,5.0,3.0,2.0,0.0,0.0,1.0,0.0,1.0,0.0,1.0,0.0,1.0,0.0,0.0,1.0,1.0,3.0,0.0,1.0,1.0,1.0,3.0,0.0,1.0,12.0,3.0,9.0,0.0,0.0,3.0,0.0,0.0,0.0,2.0,8.0,0.0,0.0,0.0,0.0,2.0,0.0,0.0,0.0,3.0,1.0,5.0,0.0,1.0,2.0,5.0,0.0,2.0,2.0,0.0,0.0,0.0,0.0,0.0,0.0,0.0,1.0,0.0,1.0,1.0,1.0,0.0,0.0,1.0,0.0,0.0,1.0,0.0,0.0,0.0,0.0,1.0,1.0,1.0,2.0,1.0,0.0,0.0,1.0,0.0,0.0,0.0,1.0,0.0,3.0,1.0,1.0,0.0,0.0,1.0,1.0,1.0,0.0,0.0,4.0,1.0,0.0,0.0,0.0,O=C(O)CCNC(=O)c1ccc(CC(CC2CC2)C(=O)c2cc3cc(Cl)ccc3n2-c2cccc(C(F)(F)F)c2)cc1
CHEMBL1922701,Active,22.0,12.0,5.0,0.0,3.0,0.0,3.0,3.0,33.0,10.0,6.0,0.0,0.0,0.0,0.0,8.0,1.0,0.0,3.0,3.0,3.0,3.0,3.0,29.0,20.0,8.0,0.0,3.0,0.0,3.0,2.0,1.0,30.0,20.0,6.0,0.0,6.0,0.0,6.0,3.0,0.0,36.0,20.0,2.0,0.0,6.0,0.0,6.0,0.0,4.0,0.0,0.0,0.0,0.0,38.0,20.0,4.0,0.0,3.0,0.0,3.0,0.0,0.0,0.0,0.0,0.0,0.0,0.0,0.0,0.0,0.0,40.0,10.0,4.0,0.0,0.0,0.0,0.0,1.0,3.0,3.0,3.0,0.0,30.0,12.0,10.0,0.0,3.0,0.0,3.0,0.0,0.0,0.0,0.0,0.0,31.0,4.0,7.0,0.0,0.0,0.0,0.0,4.0,2.0,6.0,6.0,0.0,0.0,0.0,22.0,10.0,9.0,0.0,12.0,0.0,12.0,2.0,0.0,0.0,1.0,0.0,0.0,0.0,0.0,0.0,3.0,0.0,0.0,0.0,0.0,1.0,0.0,0.0,2.0,1.0,0.0,1.0,0.0,0.0,0.0,1.0,1.0,0.0,2.0,0.0,0.0,3.0,2.0,0.0,8.0,1.0,2.0,0.0,0.0,0.0,0.0,0.0,0.0,0.0,1.0,0.0,0.0,0.0,0.0,0.0,0.0,0.0,0.0,0.0,0.0,0.0,0.0,0.0,0.0,0.0,0.0,0.0,0.0,0.0,0.0,0.0,0.0,0.0,0.0,0.0,0.0,0.0,0.0,1.0,0.0,0.0,0.0,0.0,0.0,0.0,0.0,0.0,0.0,0.0,0.0,1.0,0.0,0.0,4.0,1.0,0.0,0.0,0.0,3.0,0.0,0.0,2.0,2.0,3.0,4.0,1.0,0.0,0.0,2.0,0.0,0.0,0.0,0.0,3.0,0.0,0.0,3.0,0.0,CCCOc1cccc2c1n(C)c(=Nc1ccc(OC(F)(F)F)cc1)n2Cc1ccc(C(=O)Nc2nnn[nH]2)cc1
CHEMBL1922709,Active,24.0,12.0,1.0,0.0,3.0,0.0,3.0,3.0,37.0,10.0,1.0,0.0,3.0,0.0,3.0,8.0,1.0,0.0,0.0,0.0,3.0,3.0,3.0,32.0,21.0,3.0,0.0,6.0,0.0,6.0,2.0,0.0,31.0,22.0,2.0,0.0,6.0,0.0,6.0,2.0,0.0,35.0,22.0,1.0,0.0,6.0,0.0,6.0,0.0,2.0,3.0,0.0,3.0,0.0,38.0,18.0,1.0,0.0,9.0,0.0,9.0,0.0,0.0,3.0,0.0,3.0,0.0,0.0,0.0,0.0,0.0,42.0,10.0,0.0,0.0,6.0,0.0,6.0,1.0,1.0,3.0,3.0,0.0,39.0,9.0,2.0,0.0,9.0,0.0,9.0,0.0,0.0,0.0,0.0,0.0,29.0,4.0,2.0,0.0,12.0,0.0,12.0,4.0,2.0,0.0,0.0,0.0,0.0,0.0,19.0,10.0,4.0,0.0,9.0,0.0,9.0,2.0,0.0,0.0,0.0,0.0,0.0,0.0,0.0,0.0,2.0,0.0,0.0,0.0,0.0,0.0,0.0,0.0,3.0,1.0,0.0,1.0,0.0,0.0,0.0,1.0,1.0,0.0,2.0,0.0,0.0,3.0,0.0,0.0,8.0,1.0,1.0,0.0,0.0,0.0,0.0,0.0,0.0,0.0,0.0,0.0,0.0,0.0,0.0,0.0,0.0,0.0,0.0,0.0,1.0,0.0,0.0,0.0,0.0,0.0,0.0,0.0,0.0,0.0,0.0,0.0,0.0,0.0,0.0,0.0,0.0,0.0,0.0,0.0,0.0,0.0,0.0,0.0,0.0,0.0,0.0,0.0,0.0,0.0,0.0,0.0,0.0,0.0,4.0,1.0,0.0,0.0,0.0,3.0,0.0,0.0,0.0,0.0,3.0,4.0,1.0,0.0,0.0,2.0,0.0,0.0,0.0,0.0,1.0,0.0,0.0,0.0,0.0,CCc1cc(C(F)(F)F)cc2c1n(C)c(=Nc1ccc(C)cc1)n2Cc1ccc(C(=O)Nc2nnn[nH]2)cc1
CHEMBL1644192,Inactive,26.0,5.0,5.0,2.0,3.0,0.0,3.0,1.0,34.0,10.0,9.0,2.0,0.0,0.0,0.0,0.0,1.0,2.0,3.0,3.0,3.0,3.0,3.0,33.0,12.0,11.0,2.0,3.0,0.0,3.0,0.0,0.0,29.0,14.0,8.0,1.0,6.0,0.0,6.0,2.0,0.0,33.0,10.0,7.0,1.0,6.0,0.0,6.0,0.0,0.0,0.0,0.0,0.0,0.0,37.0,5.0,6.0,1.0,3.0,0.0,3.0,0.0,1.0,0.0,0.0,0.0,2.0,0.0,0.0,0.0,0.0,38.0,3.0,8.0,1.0,3.0,0.0,3.0,1.0,4.0,0.0,0.0,0.0,34.0,4.0,9.0,2.0,3.0,0.0,3.0,1.0,3.0,3.0,3.0,0.0,25.0,5.0,13.0,3.0,6.0,0.0,6.0,0.0,0.0,3.0,3.0,0.0,0.0,0.0,21.0,5.0,15.0,4.0,6.0,0.0,6.0,0.0,0.0,0.0,0.0,0.0,0.0,0.0,0.0,0.0,3.0,0.0,0.0,0.0,0.0,1.0,0.0,1.0,1.0,1.0,0.0,1.0,0.0,0.0,1.0,1.0,2.0,0.0,3.0,0.0,0.0,3.0,1.0,1.0,7.0,2.0,2.0,0.0,0.0,0.0,0.0,0.0,0.0,1.0,1.0,0.0,0.0,0.0,0.0,0.0,0.0,0.0,0.0,1.0,0.0,0.0,0.0,0.0,0.0,0.0,0.0,0.0,0.0,0.0,0.0,0.0,0.0,0.0,0.0,0.0,1.0,0.0,1.0,1.0,1.0,0.0,0.0,1.0,0.0,0.0,1.0,0.0,0.0,0.0,0.0,1.0,0.0,0.0,2.0,1.0,0.0,0.0,1.0,0.0,0.0,0.0,2.0,1.0,3.0,1.0,1.0,0.0,0.0,1.0,1.0,1.0,0.0,0.0,6.0,0.0,0.0,3.0,0.0,CS(=O)(=O)c1ccc(-c2cc(-c3ccc(OC(F)(F)F)cc3)n(Cc3ccc(C(=O)NCCC(=O)O)cc3)n2)cc1
CHEMBL1644199,Inactive,33.0,7.0,3.0,0.0,3.0,1.0,4.0,4.0,45.0,11.0,3.0,0.0,0.0,2.0,2.0,5.0,1.0,0.0,3.0,3.0,3.0,3.0,3.0,45.0,13.0,5.0,0.0,3.0,2.0,5.0,2.0,0.0,39.0,18.0,3.0,0.0,6.0,1.0,7.0,2.0,0.0,42.0,16.0,2.0,0.0,6.0,1.0,7.0,0.0,2.0,0.0,0.0,0.0,0.0,43.0,14.0,2.0,0.0,3.0,2.0,5.0,0.0,1.0,0.0,0.0,0.0,0.0,0.0,0.0,0.0,0.0,44.0,11.0,1.0,0.0,3.0,2.0,5.0,1.0,2.0,0.0,0.0,0.0,41.0,11.0,3.0,0.0,3.0,2.0,5.0,1.0,1.0,3.0,3.0,0.0,37.0,10.0,6.0,0.0,3.0,1.0,4.0,2.0,0.0,3.0,3.0,0.0,0.0,0.0,37.0,8.0,7.0,0.0,6.0,1.0,7.0,4.0,0.0,0.0,0.0,1.0,1.0,0.0,0.0,0.0,1.0,0.0,0.0,0.0,0.0,0.0,0.0,0.0,1.0,1.0,0.0,1.0,0.0,0.0,0.0,1.0,1.0,0.0,4.0,0.0,1.0,3.0,1.0,0.0,5.0,1.0,1.0,0.0,0.0,0.0,0.0,0.0,0.0,0.0,0.0,0.0,0.0,0.0,0.0,0.0,0.0,0.0,0.0,0.0,2.0,0.0,0.0,0.0,0.0,0.0,0.0,0.0,0.0,0.0,0.0,0.0,0.0,0.0,0.0,0.0,0.0,0.0,0.0,0.0,0.0,0.0,0.0,0.0,0.0,0.0,0.0,0.0,0.0,0.0,0.0,0.0,1.0,1.0,1.0,0.0,0.0,0.0,0.0,0.0,0.0,0.0,1.0,1.0,3.0,1.0,1.0,0.0,0.0,1.0,0.0,0.0,0.0,0.0,2.0,0.0,0.0,3.0,0.0,CC(c1ccc(Cl)cc1)c1ccc(-c2cc(-c3ccc(OC(F)(F)F)cc3)nn2Cc2ccc(C(=O)Nc3nn[nH]n3)cc2)cc1
CHEMBL3238218,Active,33.0,9.0,2.0,0.0,0.0,1.0,1.0,3.0,47.0,15.0,2.0,0.0,0.0,2.0,2.0,4.0,2.0,0.0,0.0,0.0,0.0,0.0,0.0,46.0,15.0,6.0,0.0,0.0,2.0,2.0,2.0,1.0,46.0,15.0,9.0,0.0,0.0,2.0,2.0,0.0,0.0,51.0,17.0,8.0,0.0,0.0,1.0,1.0,0.0,2.0,0.0,1.0,1.0,0.0,60.0,18.0,6.0,0.0,0.0,1.0,1.0,0.0,2.0,0.0,1.0,1.0,0.0,1.0,0.0,0.0,0.0,67.0,13.0,6.0,0.0,0.0,3.0,3.0,1.0,1.0,0.0,0.0,0.0,56.0,11.0,7.0,0.0,0.0,4.0,4.0,0.0,0.0,0.0,0.0,0.0,52.0,9.0,4.0,0.0,0.0,4.0,4.0,1.0,2.0,0.0,0.0,1.0,0.0,0.0,41.0,11.0,7.0,0.0,0.0,4.0,4.0,2.0,0.0,0.0,0.0,2.0,0.0,0.0,0.0,0.0,7.0,3.0,0.0,0.0,0.0,3.0,0.0,0.0,6.0,1.0,0.0,1.0,0.0,0.0,0.0,3.0,2.0,0.0,1.0,0.0,1.0,0.0,0.0,0.0,21.0,2.0,17.0,1.0,0.0,9.0,2.0,1.0,0.0,1.0,22.0,0.0,0.0,0.0,3.0,14.0,7.0,4.0,2.0,0.0,2.0,18.0,0.0,0.0,1.0,17.0,0.0,0.0,9.0,6.0,7.0,3.0,7.0,11.0,5.0,3.0,5.0,3.0,3.0,0.0,6.0,4.0,5.0,8.0,3.0,0.0,3.0,5.0,0.0,0.0,0.0,0.0,1.0,1.0,6.0,4.0,2.0,2.0,3.0,0.0,0.0,0.0,0.0,0.0,0.0,3.0,2.0,0.0,0.0,2.0,0.0,0.0,0.0,0.0,2.0,0.0,0.0,0.0,0.0,CC(C)(C)CCC(c1ccc(C(=O)NCc2nn[nH]n2)cc1)N1C(=O)C(c2cccc(Cl)c2)=NC12CCC(C(C)(C)C)CC2
CHEMBL1643956,Inactive,26.0,5.0,5.0,0.0,3.0,0.0,3.0,1.0,32.0,11.0,5.0,0.0,0.0,0.0,0.0,0.0,1.0,1.0,3.0,3.0,3.0,3.0,3.0,31.0,12.0,7.0,0.0,3.0,0.0,3.0,0.0,0.0,29.0,12.0,4.0,0.0,6.0,0.0,6.0,2.0,0.0,33.0,9.0,5.0,0.0,6.0,0.0,6.0,0.0,0.0,0.0,0.0,0.0,0.0,36.0,5.0,4.0,0.0,3.0,0.0,3.0,0.0,1.0,0.0,0.0,0.0,2.0,0.0,0.0,0.0,0.0,36.0,4.0,6.0,0.0,3.0,0.0,3.0,0.0,1.0,0.0,0.0,0.0,32.0,3.0,7.0,0.0,3.0,0.0,3.0,1.0,1.0,3.0,3.0,0.0,24.0,3.0,7.0,0.0,3.0,0.0,3.0,1.0,1.0,3.0,3.0,0.0,0.0,0.0,17.0,5.0,9.0,0.0,6.0,0.0,6.0,0.0,0.0,0.0,0.0,1.0,0.0,0.0,0.0,0.0,8.0,2.0,0.0,0.0,0.0,5.0,3.0,1.0,0.0,1.0,0.0,1.0,0.0,0.0,1.0,1.0,2.0,0.0,2.0,0.0,0.0,3.0,1.0,1.0,12.0,2.0,8.0,0.0,0.0,0.0,0.0,0.0,0.0,1.0,7.0,0.0,0.0,0.0,0.0,0.0,0.0,0.0,0.0,1.0,0.0,6.0,0.0,0.0,0.0,6.0,0.0,0.0,1.0,0.0,0.0,0.0,0.0,0.0,0.0,0.0,1.0,0.0,1.0,1.0,1.0,0.0,0.0,1.0,0.0,0.0,1.0,0.0,0.0,0.0,0.0,1.0,0.0,0.0,2.0,1.0,0.0,0.0,1.0,0.0,0.0,0.0,2.0,1.0,3.0,1.0,1.0,0.0,0.0,1.0,1.0,1.0,0.0,0.0,4.0,0.0,0.0,3.0,0.0,O=C(O)CCNC(=O)c1ccc(Cc2cc(-c3ccc(OC(F)(F)F)cc3)nn2C2CCCCC2)cc1
CHEMBL1643958,Inactive,26.0,5.0,5.0,0.0,3.0,0.0,3.0,1.0,32.0,11.0,5.0,0.0,0.0,0.0,0.0,0.0,1.0,1.0,3.0,3.0,3.0,3.0,3.0,31.0,12.0,7.0,0.0,3.0,0.0,3.0,0.0,0.0,30.0,12.0,4.0,0.0,6.0,0.0,6.0,2.0,0.0,34.0,9.0,5.0,0.0,6.0,0.0,6.0,0.0,0.0,0.0,0.0,0.0,0.0,35.0,5.0,4.0,0.0,3.0,0.0,3.0,0.0,1.0,0.0,0.0,0.0,2.0,0.0,0.0,0.0,0.0,33.0,4.0,7.0,0.0,3.0,0.0,3.0,0.0,1.0,0.0,0.0,0.0,30.0,3.0,8.0,0.0,3.0,0.0,3.0,1.0,1.0,3.0,3.0,0.0,25.0,2.0,6.0,0.0,6.0,0.0,6.0,1.0,1.0,3.0,3.0,0.0,0.0,0.0,18.0,4.0,7.0,0.0,9.0,0.0,9.0,0.0,0.0,0.0,0.0,1.0,0.0,0.0,0.0,0.0,8.0,2.0,0.0,0.0,0.0,5.0,3.0,1.0,0.0,1.0,0.0,1.0,0.0,0.0,1.0,1.0,2.0,0.0,2.0,0.0,0.0,3.0,1.0,1.0,12.0,2.0,8.0,0.0,0.0,0.0,0.0,0.0,0.0,1.0,7.0,0.0,0.0,0.0,0.0,0.0,0.0,0.0,0.0,1.0,0.0,6.0,0.0,0.0,0.0,6.0,0.0,0.0,1.0,0.0,0.0,0.0,0.0,0.0,0.0,0.0,1.0,0.0,1.0,1.0,1.0,0.0,0.0,1.0,0.0,0.0,1.0,0.0,0.0,0.0,0.0,1.0,0.0,0.0,2.0,1.0,0.0,0.0,1.0,0.0,0.0,0.0,2.0,1.0,3.0,1.0,1.0,0.0,0.0,1.0,1.0,1.0,0.0,0.0,4.0,0.0,0.0,3.0,0.0,O=C(O)CCNC(=O)c1ccc(Cc2cc(-c3ccc(OC(F)(F)F)cc3)n(C3CCCCC3)n2)cc1
CHEMBL4114029,Active,34.0,5.0,3.0,2.0,1.0,1.0,2.0,1.0,46.0,8.0,3.0,3.0,2.0,2.0,4.0,0.0,1.0,1.0,0.0,0.0,0.0,0.0,0.0,51.0,6.0,5.0,4.0,2.0,2.0,4.0,0.0,0.0,56.0,6.0,3.0,4.0,3.0,1.0,4.0,2.0,0.0,63.0,6.0,4.0,6.0,3.0,1.0,4.0,0.0,0.0,1.0,0.0,1.0,0.0,67.0,5.0,3.0,5.0,4.0,2.0,6.0,0.0,0.0,1.0,0.0,1.0,2.0,0.0,0.0,0.0,0.0,57.0,5.0,6.0,4.0,4.0,4.0,8.0,0.0,0.0,0.0,0.0,0.0,47.0,9.0,7.0,2.0,5.0,5.0,10.0,0.0,0.0,0.0,0.0,0.0,38.0,14.0,7.0,1.0,4.0,5.0,9.0,0.0,0.0,0.0,0.0,0.0,0.0,0.0,31.0,14.0,7.0,0.0,2.0,4.0,6.0,0.0,0.0,0.0,0.0,2.0,0.0,0.0,0.0,0.0,5.0,1.0,0.0,0.0,0.0,3.0,1.0,1.0,2.0,1.0,0.0,1.0,0.0,0.0,1.0,0.0,2.0,0.0,2.0,0.0,1.0,1.0,0.0,1.0,11.0,2.0,7.0,0.0,0.0,0.0,0.0,0.0,0.0,1.0,5.0,0.0,0.0,0.0,0.0,0.0,0.0,0.0,0.0,1.0,3.0,3.0,0.0,0.0,2.0,2.0,0.0,0.0,1.0,0.0,0.0,0.0,0.0,0.0,0.0,0.0,1.0,0.0,1.0,1.0,1.0,0.0,0.0,1.0,0.0,0.0,1.0,0.0,0.0,0.0,0.0,1.0,1.0,1.0,2.0,1.0,0.0,0.0,1.0,0.0,0.0,0.0,1.0,0.0,1.0,1.0,1.0,0.0,0.0,1.0,1.0,1.0,0.0,0.0,3.0,0.0,0.0,0.0,0.0,CCCCC(c1ccc(C(=O)NCCC(=O)O)cc1)C(c1ccc(Cl)cc1)c1csc2c(-c3ccnn3C)cc(F)cc12
CHEMBL4106672,Active,30.0,4.0,1.0,2.0,0.0,1.0,2.0,3.0,41.0,6.0,1.0,3.0,0.0,2.0,4.0,3.0,1.0,0.0,0.0,0.0,0.0,0.0,0.0,44.0,4.0,3.0,3.0,0.0,2.0,4.0,2.0,0.0,47.0,4.0,3.0,3.0,0.0,1.0,5.0,0.0,0.0,54.0,5.0,1.0,5.0,0.0,1.0,2.0,0.0,2.0,0.0,0.0,0.0,0.0,54.0,7.0,1.0,5.0,0.0,2.0,4.0,0.0,2.0,0.0,0.0,0.0,0.0,0.0,0.0,0.0,0.0,45.0,10.0,2.0,4.0,0.0,4.0,8.0,0.0,0.0,0.0,0.0,0.0,33.0,9.0,3.0,1.0,0.0,5.0,10.0,0.0,0.0,0.0,0.0,0.0,20.0,9.0,5.0,1.0,0.0,5.0,9.0,0.0,0.0,0.0,0.0,0.0,0.0,0.0,13.0,10.0,4.0,0.0,0.0,3.0,4.0,0.0,0.0,0.0,0.0,2.0,0.0,0.0,0.0,0.0,3.0,1.0,0.0,0.0,0.0,1.0,0.0,0.0,2.0,1.0,0.0,1.0,0.0,0.0,0.0,0.0,1.0,0.0,2.0,0.0,1.0,0.0,0.0,0.0,8.0,1.0,4.0,0.0,0.0,0.0,0.0,0.0,0.0,0.0,3.0,0.0,0.0,0.0,0.0,0.0,0.0,0.0,0.0,0.0,3.0,2.0,0.0,0.0,2.0,1.0,0.0,0.0,0.0,0.0,0.0,0.0,0.0,0.0,0.0,0.0,0.0,0.0,0.0,0.0,0.0,0.0,0.0,0.0,0.0,0.0,0.0,0.0,0.0,0.0,0.0,0.0,1.0,1.0,2.0,1.0,0.0,0.0,1.0,0.0,0.0,0.0,0.0,0.0,0.0,1.0,1.0,0.0,0.0,1.0,0.0,0.0,0.0,0.0,1.0,0.0,0.0,0.0,0.0,CCCC(c1ccc(C(=O)NCc2nn[nH]n2)cc1)C(c1ccc(Cl)cc1)c1csc2c(Br)cc(C)cc12
CHEMBL3943204,Active,31.0,2.0,3.0,2.0,0.0,1.0,1.0,0.0,41.0,2.0,3.0,4.0,0.0,2.0,2.0,0.0,1.0,1.0,0.0,0.0,0.0,0.0,0.0,43.0,3.0,5.0,5.0,0.0,2.0,2.0,0.0,0.0,46.0,2.0,3.0,5.0,0.0,1.0,1.0,2.0,0.0,54.0,1.0,4.0,5.0,0.0,1.0,1.0,0.0,0.0,0.0,0.0,0.0,0.0,57.0,1.0,3.0,4.0,0.0,2.0,2.0,0.0,0.0,0.0,0.0,0.0,2.0,0.0,0.0,0.0,0.0,50.0,2.0,6.0,1.0,0.0,3.0,3.0,0.0,0.0,0.0,0.0,0.0,34.0,3.0,7.0,1.0,0.0,6.0,6.0,0.0,0.0,0.0,0.0,0.0,22.0,4.0,6.0,0.0,0.0,5.0,5.0,0.0,0.0,0.0,0.0,0.0,0.0,0.0,14.0,5.0,7.0,1.0,0.0,3.0,3.0,0.0,0.0,0.0,0.0,2.0,0.0,0.0,0.0,0.0,4.0,1.0,0.0,0.0,0.0,2.0,0.0,1.0,2.0,1.0,0.0,1.0,0.0,0.0,1.0,0.0,2.0,0.0,2.0,0.0,1.0,0.0,0.0,1.0,10.0,2.0,6.0,0.0,0.0,0.0,0.0,0.0,0.0,1.0,4.0,0.0,0.0,0.0,0.0,0.0,0.0,0.0,0.0,1.0,3.0,2.0,0.0,0.0,2.0,1.0,0.0,0.0,0.0,0.0,0.0,0.0,0.0,0.0,0.0,0.0,1.0,0.0,1.0,1.0,1.0,0.0,0.0,1.0,0.0,0.0,1.0,0.0,0.0,0.0,0.0,1.0,1.0,1.0,2.0,1.0,0.0,0.0,1.0,0.0,0.0,0.0,1.0,0.0,0.0,1.0,1.0,0.0,0.0,1.0,1.0,1.0,0.0,0.0,3.0,0.0,0.0,0.0,0.0,CCCC(c1ccc(C(=O)NCCC(=O)O)cc1)C(c1ccc(Cl)cc1)c1sc2ccccc2c1C
CHEMBL447684,Active,30.0,7.0,5.0,0.0,4.0,0.0,4.0,0.0,40.0,7.0,5.0,0.0,5.0,0.0,5.0,1.0,3.0,1.0,0.0,0.0,3.0,3.0,3.0,36.0,12.0,8.0,0.0,8.0,0.0,8.0,0.0,1.0,31.0,12.0,9.0,0.0,8.0,0.0,8.0,2.0,0.0,35.0,9.0,11.0,0.0,4.0,0.0,4.0,0.0,0.0,3.0,0.0,3.0,1.0,36.0,9.0,10.0,0.0,3.0,0.0,3.0,0.0,0.0,1.0,0.0,1.0,2.0,1.0,0.0,0.0,0.0,41.0,4.0,8.0,0.0,2.0,0.0,2.0,1.0,1.0,3.0,3.0,0.0,38.0,7.0,10.0,0.0,9.0,0.0,9.0,0.0,0.0,0.0,0.0,0.0,37.0,5.0,7.0,0.0,13.0,0.0,13.0,1.0,2.0,0.0,0.0,1.0,0.0,0.0,33.0,6.0,7.0,0.0,15.0,0.0,15.0,0.0,1.0,0.0,0.0,1.0,0.0,0.0,1.0,0.0,6.0,1.0,1.0,0.0,0.0,3.0,2.0,0.0,0.0,2.0,0.0,2.0,0.0,0.0,2.0,1.0,3.0,0.0,2.0,0.0,0.0,4.0,0.0,2.0,13.0,3.0,7.0,0.0,0.0,0.0,0.0,0.0,0.0,1.0,5.0,0.0,0.0,0.0,0.0,0.0,0.0,0.0,0.0,1.0,1.0,3.0,0.0,0.0,1.0,2.0,0.0,0.0,1.0,0.0,0.0,0.0,0.0,0.0,0.0,0.0,1.0,0.0,1.0,1.0,1.0,0.0,0.0,1.0,0.0,0.0,1.0,0.0,0.0,0.0,0.0,3.0,0.0,0.0,5.0,2.0,0.0,0.0,2.0,3.0,0.0,1.0,2.0,0.0,4.0,3.0,3.0,0.0,0.0,2.0,1.0,1.0,0.0,1.0,5.0,0.0,0.0,0.0,1.0,O=C(NCC(O)C(=O)O)c1ccc(CN(C(=O)Nc2cc(F)cc(C(F)(F)F)c2)c2ccc(C3=CCCCC3)cc2)cc1
CHEMBL453457,Active,29.0,7.0,5.0,2.0,3.0,0.0,3.0,0.0,39.0,7.0,5.0,2.0,0.0,0.0,0.0,1.0,3.0,1.0,0.0,0.0,3.0,3.0,3.0,36.0,12.0,8.0,2.0,3.0,0.0,3.0,0.0,1.0,32.0,11.0,9.0,1.0,6.0,0.0,6.0,2.0,0.0,35.0,9.0,11.0,0.0,6.0,0.0,6.0,0.0,0.0,0.0,0.0,0.0,1.0,36.0,9.0,9.0,1.0,3.0,0.0,3.0,0.0,0.0,0.0,0.0,0.0,2.0,0.0,0.0,0.0,0.0,40.0,4.0,8.0,0.0,0.0,0.0,0.0,1.0,1.0,3.0,3.0,0.0,35.0,8.0,11.0,2.0,3.0,0.0,3.0,0.0,0.0,0.0,0.0,0.0,35.0,5.0,7.0,3.0,0.0,0.0,0.0,1.0,2.0,3.0,3.0,1.0,3.0,3.0,33.0,6.0,7.0,4.0,6.0,0.0,6.0,0.0,1.0,0.0,0.0,2.0,0.0,0.0,1.0,0.0,7.0,3.0,1.0,0.0,0.0,4.0,3.0,0.0,0.0,2.0,0.0,2.0,0.0,0.0,2.0,1.0,3.0,0.0,3.0,0.0,0.0,3.0,0.0,2.0,13.0,3.0,8.0,0.0,0.0,0.0,0.0,0.0,0.0,1.0,7.0,0.0,0.0,0.0,0.0,0.0,0.0,0.0,0.0,1.0,2.0,6.0,0.0,0.0,2.0,6.0,0.0,0.0,1.0,0.0,0.0,0.0,0.0,0.0,0.0,0.0,1.0,0.0,1.0,1.0,1.0,0.0,0.0,1.0,0.0,0.0,1.0,0.0,0.0,0.0,0.0,3.0,0.0,0.0,5.0,2.0,0.0,0.0,2.0,3.0,0.0,1.0,2.0,0.0,3.0,3.0,3.0,0.0,0.0,2.0,1.0,1.0,0.0,1.0,5.0,0.0,0.0,0.0,1.0,O=C(NCC(O)C(=O)O)c1ccc(CN(C(=O)Nc2ccc(SC(F)(F)F)cc2)c2ccc(C3CCCCC3)cc2)cc1
CHEMBL3937819,Active,31.0,2.0,3.0,2.0,2.0,1.0,4.0,0.0,42.0,2.0,3.0,3.0,4.0,2.0,8.0,0.0,1.0,1.0,0.0,0.0,1.0,1.0,1.0,44.0,3.0,5.0,3.0,0.0,2.0,4.0,0.0,0.0,48.0,2.0,3.0,3.0,2.0,1.0,7.0,2.0,0.0,55.0,1.0,4.0,5.0,2.0,1.0,4.0,0.0,0.0,0.0,0.0,0.0,0.0,56.0,1.0,3.0,5.0,4.0,2.0,8.0,0.0,0.0,0.0,0.0,0.0,2.0,0.0,0.0,0.0,0.0,47.0,2.0,6.0,4.0,4.0,4.0,12.0,0.0,0.0,0.0,0.0,0.0,34.0,3.0,7.0,1.0,2.0,5.0,12.0,0.0,0.0,0.0,0.0,0.0,21.0,5.0,7.0,1.0,2.0,5.0,11.0,0.0,0.0,0.0,0.0,0.0,0.0,0.0,15.0,4.0,6.0,0.0,4.0,3.0,8.0,0.0,0.0,0.0,0.0,2.0,0.0,0.0,0.0,0.0,3.0,1.0,0.0,0.0,0.0,1.0,0.0,0.0,2.0,1.0,0.0,1.0,0.0,0.0,1.0,1.0,2.0,0.0,2.0,0.0,1.0,2.0,0.0,1.0,10.0,2.0,6.0,0.0,0.0,0.0,0.0,0.0,0.0,1.0,4.0,0.0,0.0,0.0,0.0,0.0,0.0,0.0,0.0,1.0,3.0,2.0,0.0,0.0,2.0,1.0,0.0,0.0,0.0,0.0,0.0,0.0,0.0,0.0,0.0,0.0,1.0,0.0,1.0,1.0,1.0,0.0,0.0,1.0,0.0,0.0,1.0,0.0,0.0,0.0,0.0,1.0,1.0,1.0,2.0,1.0,0.0,0.0,1.0,0.0,0.0,0.0,1.0,0.0,2.0,1.0,1.0,0.0,0.0,1.0,1.0,1.0,0.0,0.0,3.0,0.0,0.0,0.0,0.0,CCCC(c1ccc(C(=O)NCC(F)(F)C(=O)O)cc1)C(c1ccc(Cl)cc1)c1csc2c(Br)cc(C)cc12
CHEMBL501392,Inactive,28.0,4.0,6.0,2.0,6.0,0.0,6.0,0.0,38.0,5.0,7.0,2.0,3.0,0.0,3.0,0.0,1.0,1.0,3.0,3.0,6.0,6.0,6.0,36.0,7.0,7.0,3.0,9.0,0.0,9.0,0.0,1.0,32.0,7.0,5.0,5.0,12.0,0.0,12.0,2.0,0.0,34.0,6.0,6.0,6.0,9.0,0.0,9.0,0.0,0.0,0.0,0.0,0.0,1.0,37.0,5.0,7.0,4.0,6.0,0.0,6.0,0.0,0.0,0.0,0.0,0.0,2.0,0.0,0.0,0.0,0.0,38.0,2.0,8.0,2.0,6.0,0.0,6.0,0.0,1.0,3.0,3.0,0.0,32.0,4.0,11.0,2.0,9.0,0.0,9.0,0.0,0.0,0.0,0.0,0.0,33.0,2.0,8.0,0.0,6.0,0.0,6.0,1.0,1.0,3.0,3.0,0.0,0.0,0.0,25.0,5.0,10.0,1.0,18.0,0.0,18.0,0.0,0.0,0.0,0.0,2.0,0.0,0.0,1.0,0.0,2.0,2.0,1.0,0.0,0.0,0.0,0.0,0.0,0.0,1.0,0.0,1.0,0.0,0.0,2.0,2.0,2.0,0.0,3.0,0.0,0.0,6.0,1.0,2.0,8.0,2.0,3.0,0.0,0.0,0.0,0.0,0.0,0.0,1.0,1.0,0.0,0.0,0.0,0.0,0.0,0.0,0.0,0.0,1.0,2.0,0.0,0.0,0.0,0.0,0.0,0.0,0.0,0.0,0.0,0.0,0.0,0.0,0.0,0.0,0.0,1.0,0.0,1.0,1.0,1.0,0.0,0.0,1.0,0.0,0.0,1.0,0.0,0.0,0.0,0.0,3.0,0.0,0.0,2.0,1.0,0.0,0.0,1.0,0.0,0.0,1.0,3.0,1.0,6.0,1.0,1.0,0.0,0.0,1.0,1.0,1.0,0.0,1.0,5.0,0.0,0.0,3.0,1.0,O=C(NCC(O)C(=O)O)c1ccc(CC(c2ccc(OC(F)(F)F)cc2)c2nc(-c3ccc(C(F)(F)F)cc3)cs2)cc1
CHEMBL3238220,Active,34.0,9.0,2.0,0.0,3.0,0.0,3.0,3.0,49.0,15.0,2.0,0.0,3.0,0.0,3.0,4.0,2.0,0.0,0.0,0.0,3.0,3.0,3.0,48.0,15.0,6.0,0.0,6.0,0.0,6.0,2.0,1.0,47.0,15.0,9.0,0.0,6.0,0.0,6.0,0.0,0.0,52.0,17.0,8.0,0.0,3.0,0.0,3.0,0.0,2.0,0.0,0.0,0.0,0.0,61.0,19.0,6.0,0.0,3.0,0.0,3.0,0.0,2.0,0.0,0.0,0.0,0.0,0.0,0.0,0.0,0.0,68.0,14.0,7.0,0.0,3.0,0.0,3.0,1.0,1.0,3.0,3.0,0.0,59.0,11.0,7.0,0.0,3.0,0.0,3.0,0.0,0.0,3.0,3.0,0.0,56.0,9.0,4.0,0.0,9.0,0.0,9.0,1.0,2.0,0.0,0.0,1.0,0.0,0.0,45.0,11.0,7.0,0.0,12.0,0.0,12.0,2.0,0.0,0.0,0.0,2.0,0.0,0.0,0.0,0.0,7.0,3.0,0.0,0.0,0.0,3.0,0.0,0.0,6.0,1.0,0.0,1.0,0.0,0.0,0.0,4.0,2.0,0.0,2.0,0.0,0.0,3.0,0.0,0.0,22.0,2.0,17.0,1.0,0.0,9.0,2.0,1.0,0.0,1.0,22.0,0.0,0.0,0.0,3.0,14.0,7.0,4.0,2.0,0.0,2.0,18.0,0.0,0.0,1.0,17.0,0.0,0.0,9.0,6.0,7.0,3.0,7.0,11.0,5.0,3.0,5.0,3.0,3.0,0.0,6.0,4.0,5.0,8.0,3.0,0.0,3.0,5.0,0.0,0.0,0.0,0.0,0.0,0.0,6.0,4.0,2.0,2.0,3.0,0.0,0.0,0.0,0.0,0.0,3.0,3.0,2.0,0.0,0.0,2.0,0.0,0.0,0.0,0.0,2.0,0.0,0.0,0.0,0.0,CC(C)(C)CCC(c1ccc(C(=O)NCc2nn[nH]n2)cc1)N1C(=O)C(c2ccc(C(F)(F)F)cc2)=NC12CCC(C(C)(C)C)CC2
CHEMBL362169,Inactive,19.0,3.0,2.0,2.0,0.0,0.0,0.0,0.0,27.0,3.0,2.0,3.0,0.0,0.0,0.0,0.0,2.0,0.0,0.0,0.0,0.0,0.0,0.0,26.0,7.0,5.0,4.0,0.0,0.0,0.0,0.0,0.0,21.0,6.0,5.0,3.0,0.0,0.0,0.0,1.0,0.0,17.0,5.0,6.0,5.0,0.0,0.0,0.0,0.0,0.0,0.0,0.0,0.0,0.0,20.0,3.0,4.0,3.0,0.0,0.0,0.0,0.0,1.0,0.0,0.0,0.0,1.0,0.0,0.0,0.0,0.0,18.0,6.0,5.0,0.0,0.0,0.0,0.0,0.0,0.0,0.0,0.0,0.0,13.0,6.0,6.0,0.0,0.0,0.0,0.0,0.0,0.0,0.0,0.0,0.0,10.0,1.0,4.0,0.0,0.0,0.0,0.0,0.0,0.0,0.0,0.0,0.0,0.0,0.0,9.0,0.0,1.0,0.0,0.0,0.0,0.0,0.0,0.0,0.0,0.0,2.0,0.0,0.0,1.0,0.0,6.0,4.0,2.0,2.0,0.0,1.0,0.0,0.0,5.0,1.0,0.0,1.0,1.0,1.0,0.0,1.0,2.0,1.0,0.0,0.0,0.0,0.0,0.0,0.0,16.0,2.0,13.0,1.0,0.0,6.0,0.0,0.0,0.0,1.0,16.0,2.0,0.0,0.0,3.0,15.0,8.0,0.0,0.0,2.0,0.0,15.0,2.0,2.0,0.0,6.0,0.0,0.0,1.0,0.0,0.0,0.0,0.0,0.0,2.0,0.0,2.0,0.0,0.0,0.0,1.0,0.0,0.0,0.0,0.0,0.0,0.0,0.0,0.0,0.0,0.0,0.0,0.0,0.0,2.0,0.0,0.0,0.0,0.0,0.0,0.0,0.0,0.0,0.0,0.0,2.0,2.0,0.0,0.0,0.0,0.0,0.0,0.0,0.0,2.0,0.0,0.0,0.0,0.0,CCC(CC)C(=O)Nc1sc2c(c1C(N)=O)CCC(C(C)(C)CC)C2
CHEMBL181669,Inactive,21.0,6.0,1.0,2.0,0.0,0.0,0.0,0.0,29.0,6.0,1.0,3.0,0.0,0.0,0.0,0.0,1.0,0.0,0.0,0.0,0.0,0.0,0.0,26.0,11.0,3.0,4.0,0.0,0.0,0.0,0.0,0.0,23.0,9.0,3.0,2.0,0.0,0.0,0.0,0.0,0.0,22.0,8.0,3.0,4.0,0.0,0.0,0.0,0.0,0.0,0.0,0.0,0.0,0.0,27.0,3.0,2.0,3.0,0.0,0.0,0.0,1.0,1.0,0.0,0.0,0.0,0.0,0.0,0.0,0.0,0.0,24.0,5.0,2.0,2.0,0.0,0.0,0.0,1.0,0.0,0.0,0.0,0.0,19.0,6.0,0.0,2.0,0.0,0.0,0.0,0.0,1.0,0.0,0.0,0.0,14.0,5.0,2.0,1.0,0.0,0.0,0.0,0.0,0.0,0.0,0.0,0.0,0.0,0.0,11.0,6.0,1.0,0.0,0.0,0.0,0.0,0.0,0.0,0.0,0.0,2.0,0.0,0.0,1.0,0.0,6.0,4.0,2.0,2.0,0.0,1.0,0.0,0.0,3.0,1.0,0.0,1.0,1.0,0.0,0.0,0.0,1.0,0.0,0.0,0.0,0.0,0.0,0.0,0.0,13.0,1.0,8.0,1.0,0.0,1.0,1.0,0.0,0.0,1.0,7.0,2.0,0.0,0.0,0.0,2.0,1.0,1.0,0.0,2.0,0.0,5.0,2.0,2.0,0.0,1.0,0.0,0.0,0.0,0.0,0.0,0.0,0.0,0.0,2.0,0.0,3.0,1.0,0.0,0.0,3.0,2.0,0.0,4.0,0.0,0.0,0.0,0.0,0.0,0.0,0.0,0.0,0.0,0.0,4.0,3.0,0.0,2.0,0.0,0.0,0.0,0.0,0.0,0.0,0.0,3.0,1.0,0.0,0.0,1.0,0.0,0.0,0.0,0.0,1.0,0.0,0.0,0.0,0.0,CCC(CC)C(=O)Nc1sc2c(c1C#N)CCC(N(C)Cc1ccccc1)C2
CHEMBL106320,Inactive,17.0,2.0,4.0,0.0,0.0,0.0,0.0,1.0,22.0,4.0,5.0,0.0,0.0,0.0,0.0,0.0,1.0,0.0,0.0,0.0,0.0,0.0,0.0,19.0,6.0,6.0,0.0,0.0,0.0,0.0,0.0,1.0,11.0,8.0,7.0,0.0,0.0,0.0,0.0,0.0,0.0,10.0,6.0,3.0,0.0,0.0,0.0,0.0,0.0,1.0,0.0,0.0,0.0,1.0,10.0,4.0,3.0,0.0,0.0,0.0,0.0,0.0,2.0,0.0,0.0,0.0,1.0,0.0,0.0,0.0,0.0,10.0,4.0,3.0,0.0,0.0,0.0,0.0,0.0,1.0,0.0,0.0,0.0,12.0,2.0,3.0,0.0,0.0,0.0,0.0,0.0,0.0,0.0,0.0,0.0,12.0,0.0,4.0,0.0,0.0,0.0,0.0,0.0,0.0,0.0,0.0,0.0,0.0,0.0,10.0,0.0,6.0,0.0,0.0,0.0,0.0,0.0,0.0,0.0,0.0,1.0,1.0,0.0,0.0,1.0,0.0,0.0,0.0,0.0,0.0,0.0,0.0,0.0,3.0,1.0,0.0,1.0,0.0,0.0,1.0,0.0,1.0,0.0,1.0,1.0,0.0,0.0,1.0,1.0,6.0,1.0,2.0,0.0,0.0,0.0,0.0,0.0,0.0,0.0,1.0,0.0,0.0,0.0,0.0,0.0,0.0,0.0,0.0,0.0,2.0,0.0,0.0,0.0,0.0,0.0,0.0,0.0,0.0,0.0,0.0,0.0,0.0,0.0,0.0,0.0,0.0,0.0,0.0,0.0,0.0,0.0,0.0,0.0,0.0,0.0,0.0,0.0,0.0,0.0,0.0,0.0,0.0,0.0,1.0,0.0,0.0,0.0,0.0,0.0,0.0,0.0,1.0,1.0,0.0,2.0,1.0,0.0,0.0,1.0,0.0,0.0,0.0,0.0,3.0,0.0,0.0,0.0,0.0,COc1cc(C(=O)NN=Cc2ccc(C(C)C)cc2)ccc1O
CHEMBL1644186,Inactive,25.0,7.0,3.0,0.0,3.0,2.0,5.0,4.0,32.0,14.0,3.0,0.0,0.0,4.0,4.0,3.0,1.0,0.0,3.0,3.0,3.0,3.0,3.0,31.0,13.0,5.0,0.0,3.0,4.0,7.0,2.0,0.0,26.0,16.0,4.0,0.0,6.0,4.0,10.0,0.0,0.0,31.0,14.0,2.0,0.0,6.0,2.0,8.0,0.0,2.0,0.0,2.0,2.0,0.0,34.0,11.0,2.0,0.0,3.0,2.0,5.0,0.0,3.0,0.0,2.0,2.0,0.0,0.0,0.0,0.0,0.0,35.0,10.0,2.0,0.0,3.0,4.0,7.0,1.0,2.0,0.0,0.0,0.0,32.0,9.0,3.0,0.0,3.0,6.0,9.0,1.0,1.0,3.0,3.0,0.0,22.0,9.0,7.0,0.0,6.0,8.0,14.0,0.0,0.0,3.0,3.0,0.0,0.0,0.0,18.0,6.0,7.0,0.0,6.0,6.0,12.0,2.0,0.0,0.0,0.0,0.0,0.0,0.0,0.0,0.0,2.0,0.0,0.0,0.0,0.0,0.0,0.0,0.0,0.0,1.0,0.0,1.0,0.0,0.0,0.0,1.0,1.0,0.0,2.0,0.0,2.0,3.0,1.0,0.0,4.0,1.0,0.0,0.0,0.0,0.0,0.0,0.0,0.0,0.0,0.0,0.0,0.0,0.0,0.0,0.0,0.0,0.0,0.0,0.0,0.0,0.0,0.0,0.0,0.0,0.0,0.0,0.0,0.0,0.0,0.0,0.0,0.0,0.0,0.0,0.0,0.0,0.0,0.0,0.0,0.0,0.0,0.0,0.0,0.0,0.0,0.0,0.0,0.0,0.0,0.0,0.0,2.0,2.0,2.0,1.0,0.0,0.0,1.0,0.0,0.0,0.0,1.0,1.0,3.0,1.0,1.0,0.0,0.0,1.0,0.0,0.0,0.0,0.0,2.0,0.0,0.0,3.0,0.0,O=C(NCc1nn[nH]n1)c1ccc(Cn2nc(-c3cc(Cl)cc(Cl)c3)cc2-c2ccc(OC(F)(F)F)cc2)cc1
CHEMBL1922921,Active,31.0,5.0,4.0,0.0,3.0,1.0,4.0,0.0,40.0,8.0,5.0,0.0,3.0,2.0,5.0,0.0,1.0,1.0,0.0,0.0,3.0,3.0,3.0,41.0,8.0,8.0,0.0,6.0,2.0,8.0,0.0,1.0,42.0,7.0,8.0,0.0,6.0,2.0,8.0,2.0,0.0,48.0,3.0,11.0,0.0,3.0,1.0,4.0,0.0,0.0,3.0,1.0,4.0,0.0,49.0,4.0,9.0,0.0,6.0,2.0,8.0,0.0,0.0,0.0,0.0,0.0,2.0,0.0,0.0,0.0,0.0,45.0,3.0,8.0,0.0,12.0,3.0,15.0,0.0,0.0,0.0,0.0,0.0,39.0,3.0,7.0,0.0,9.0,4.0,13.0,0.0,0.0,0.0,0.0,0.0,33.0,3.0,4.0,0.0,9.0,4.0,13.0,0.0,1.0,0.0,0.0,1.0,0.0,0.0,26.0,2.0,5.0,0.0,6.0,3.0,9.0,1.0,1.0,0.0,0.0,1.0,0.0,0.0,1.0,0.0,5.0,2.0,2.0,0.0,0.0,2.0,0.0,1.0,1.0,1.0,0.0,1.0,0.0,0.0,1.0,1.0,3.0,0.0,1.0,1.0,1.0,3.0,0.0,1.0,11.0,3.0,7.0,0.0,0.0,1.0,0.0,0.0,0.0,2.0,6.0,0.0,0.0,0.0,0.0,1.0,0.0,0.0,0.0,3.0,1.0,3.0,0.0,1.0,2.0,2.0,0.0,1.0,0.0,0.0,0.0,0.0,0.0,0.0,0.0,0.0,1.0,0.0,1.0,1.0,1.0,0.0,0.0,1.0,0.0,0.0,1.0,0.0,0.0,0.0,0.0,1.0,1.0,1.0,2.0,1.0,0.0,0.0,1.0,0.0,0.0,0.0,1.0,0.0,3.0,1.0,1.0,0.0,0.0,1.0,1.0,1.0,0.0,0.0,4.0,1.0,0.0,0.0,0.0,CCCC(Cc1ccc(C(=O)NCCC(=O)O)cc1)C(=O)c1cc2cc(Cl)ccc2n1-c1cccc(C(F)(F)F)c1
CHEMBL3616687,Active,36.0,5.0,7.0,0.0,3.0,0.0,3.0,1.0,48.0,11.0,7.0,0.0,3.0,0.0,3.0,0.0,1.0,1.0,0.0,0.0,3.0,3.0,3.0,50.0,15.0,10.0,0.0,6.0,0.0,6.0,0.0,0.0,51.0,16.0,6.0,0.0,6.0,0.0,6.0,3.0,0.0,57.0,14.0,8.0,0.0,6.0,0.0,6.0,0.0,1.0,0.0,0.0,0.0,0.0,64.0,11.0,8.0,0.0,3.0,0.0,3.0,0.0,0.0,3.0,0.0,3.0,2.0,3.0,0.0,0.0,0.0,66.0,5.0,10.0,0.0,9.0,0.0,9.0,1.0,1.0,3.0,3.0,0.0,63.0,4.0,11.0,0.0,9.0,0.0,9.0,1.0,2.0,0.0,0.0,0.0,58.0,7.0,13.0,0.0,9.0,0.0,9.0,0.0,1.0,0.0,0.0,0.0,0.0,0.0,51.0,7.0,13.0,0.0,12.0,0.0,12.0,0.0,0.0,0.0,0.0,1.0,0.0,0.0,0.0,0.0,5.0,1.0,0.0,0.0,0.0,3.0,1.0,1.0,3.0,1.0,0.0,1.0,0.0,0.0,1.0,1.0,2.0,0.0,2.0,2.0,0.0,3.0,2.0,1.0,12.0,2.0,6.0,0.0,0.0,0.0,0.0,0.0,0.0,1.0,4.0,0.0,0.0,0.0,0.0,0.0,0.0,0.0,0.0,1.0,1.0,2.0,0.0,0.0,1.0,1.0,0.0,0.0,0.0,0.0,0.0,0.0,0.0,0.0,0.0,0.0,1.0,0.0,1.0,1.0,1.0,0.0,0.0,1.0,0.0,0.0,1.0,0.0,0.0,0.0,0.0,1.0,0.0,0.0,2.0,1.0,0.0,0.0,1.0,0.0,0.0,0.0,3.0,2.0,3.0,1.0,1.0,0.0,0.0,1.0,1.0,1.0,0.0,0.0,5.0,0.0,0.0,0.0,0.0,CCCCC(c1ccc(C(=O)NCCC(=O)O)cc1)n1nc(-c2cc(C(F)(F)F)ccc2OC)c2ccc(-c3ccc(OC)cc3)cc21
CHEMBL356089,Inactive,24.0,2.0,1.0,0.0,1.0,0.0,1.0,0.0,31.0,4.0,2.0,0.0,2.0,0.0,2.0,0.0,0.0,0.0,0.0,0.0,0.0,0.0,0.0,34.0,7.0,2.0,0.0,2.0,0.0,2.0,0.0,0.0,43.0,3.0,3.0,0.0,1.0,0.0,1.0,1.0,0.0,46.0,3.0,6.0,0.0,1.0,0.0,1.0,0.0,0.0,0.0,0.0,0.0,0.0,42.0,3.0,4.0,0.0,2.0,0.0,2.0,0.0,0.0,0.0,0.0,0.0,0.0,0.0,0.0,0.0,0.0,29.0,2.0,4.0,0.0,4.0,0.0,4.0,0.0,0.0,0.0,0.0,0.0,17.0,0.0,1.0,0.0,4.0,0.0,4.0,0.0,0.0,1.0,1.0,0.0,7.0,0.0,1.0,0.0,5.0,0.0,5.0,0.0,0.0,0.0,0.0,0.0,0.0,0.0,3.0,0.0,0.0,0.0,1.0,0.0,1.0,0.0,0.0,0.0,0.0,3.0,3.0,0.0,0.0,2.0,4.0,0.0,0.0,0.0,0.0,3.0,2.0,0.0,6.0,0.0,0.0,0.0,0.0,0.0,1.0,0.0,0.0,0.0,1.0,0.0,0.0,1.0,0.0,1.0,13.0,0.0,9.0,0.0,0.0,0.0,0.0,0.0,0.0,0.0,5.0,0.0,0.0,0.0,0.0,0.0,0.0,0.0,0.0,0.0,0.0,2.0,0.0,0.0,0.0,1.0,0.0,0.0,0.0,0.0,0.0,0.0,0.0,0.0,0.0,0.0,0.0,0.0,0.0,0.0,0.0,0.0,0.0,0.0,0.0,0.0,0.0,0.0,0.0,0.0,0.0,1.0,0.0,0.0,0.0,0.0,0.0,0.0,0.0,0.0,0.0,0.0,1.0,0.0,1.0,0.0,0.0,0.0,0.0,0.0,0.0,0.0,0.0,0.0,1.0,0.0,0.0,0.0,0.0,CCCCCc1c(C(C)C)nc(C(C)C)c(C(C)O)c1-c1ccc(F)cc1
CHEMBL160627,Inactive,16.0,4.0,0.0,0.0,1.0,0.0,1.0,0.0,21.0,6.0,0.0,0.0,2.0,0.0,2.0,0.0,0.0,0.0,0.0,0.0,0.0,0.0,0.0,21.0,4.0,0.0,0.0,2.0,0.0,2.0,0.0,0.0,19.0,5.0,0.0,0.0,1.0,0.0,1.0,0.0,0.0,20.0,3.0,0.0,0.0,1.0,0.0,1.0,1.0,0.0,0.0,0.0,0.0,0.0,14.0,4.0,0.0,0.0,2.0,0.0,2.0,0.0,0.0,0.0,0.0,0.0,0.0,0.0,0.0,0.0,0.0,7.0,3.0,0.0,0.0,2.0,0.0,2.0,0.0,0.0,1.0,1.0,0.0,2.0,2.0,0.0,0.0,3.0,0.0,3.0,0.0,0.0,0.0,0.0,0.0,0.0,1.0,0.0,0.0,2.0,0.0,2.0,0.0,0.0,0.0,0.0,0.0,0.0,0.0,0.0,0.0,0.0,0.0,0.0,0.0,0.0,0.0,0.0,1.0,0.0,0.0,0.0,0.0,0.0,0.0,0.0,0.0,0.0,0.0,0.0,0.0,0.0,0.0,1.0,0.0,0.0,0.0,0.0,0.0,0.0,0.0,0.0,0.0,1.0,0.0,0.0,1.0,0.0,0.0,1.0,0.0,0.0,0.0,0.0,0.0,0.0,0.0,0.0,0.0,0.0,0.0,0.0,0.0,0.0,0.0,0.0,0.0,0.0,0.0,0.0,0.0,0.0,0.0,0.0,0.0,0.0,0.0,0.0,0.0,0.0,0.0,0.0,0.0,0.0,0.0,0.0,0.0,0.0,0.0,0.0,0.0,0.0,0.0,0.0,0.0,0.0,0.0,0.0,0.0,0.0,0.0,0.0,0.0,0.0,0.0,0.0,0.0,0.0,0.0,0.0,0.0,0.0,0.0,1.0,0.0,0.0,0.0,0.0,0.0,0.0,0.0,0.0,0.0,0.0,0.0,0.0,0.0,0.0,Cc1cc(-c2ccc(F)cc2)c(-c2ccncc2)[nH]1
CHEMBL161505,Inactive,24.0,5.0,5.0,0.0,0.0,1.0,1.0,1.0,32.0,8.0,8.0,0.0,0.0,2.0,2.0,1.0,2.0,0.0,0.0,0.0,0.0,0.0,0.0,26.0,10.0,11.0,0.0,0.0,2.0,2.0,0.0,3.0,21.0,14.0,8.0,0.0,0.0,2.0,2.0,0.0,1.0,18.0,13.0,7.0,0.0,0.0,0.0,0.0,0.0,0.0,0.0,1.0,1.0,0.0,17.0,11.0,7.0,0.0,0.0,0.0,0.0,0.0,2.0,0.0,1.0,1.0,1.0,0.0,0.0,0.0,0.0,23.0,8.0,6.0,0.0,0.0,1.0,1.0,0.0,2.0,0.0,0.0,0.0,27.0,6.0,8.0,0.0,0.0,1.0,1.0,0.0,0.0,0.0,0.0,0.0,30.0,1.0,5.0,0.0,0.0,2.0,2.0,2.0,0.0,0.0,0.0,1.0,0.0,0.0,24.0,1.0,5.0,0.0,0.0,3.0,3.0,2.0,1.0,0.0,0.0,0.0,0.0,0.0,0.0,0.0,1.0,0.0,0.0,0.0,0.0,0.0,0.0,0.0,3.0,1.0,0.0,1.0,0.0,0.0,1.0,1.0,1.0,0.0,0.0,1.0,1.0,0.0,1.0,1.0,7.0,1.0,3.0,0.0,0.0,1.0,0.0,0.0,0.0,0.0,3.0,0.0,0.0,0.0,0.0,0.0,0.0,0.0,0.0,0.0,0.0,0.0,0.0,0.0,0.0,0.0,0.0,0.0,0.0,0.0,0.0,0.0,0.0,0.0,0.0,0.0,0.0,0.0,0.0,0.0,0.0,0.0,0.0,0.0,0.0,0.0,0.0,0.0,0.0,0.0,0.0,0.0,1.0,1.0,1.0,0.0,0.0,0.0,0.0,0.0,0.0,0.0,1.0,1.0,0.0,2.0,1.0,0.0,0.0,1.0,0.0,0.0,0.0,0.0,3.0,0.0,0.0,0.0,0.0,CC(C)(C)c1nc(COc2ccc(C=NNC(=O)c3ccc(O)c(Cl)c3)c3ccccc23)no1
CHEMBL160652,Inactive,24.0,2.0,4.0,0.0,0.0,1.0,1.0,1.0,30.0,4.0,6.0,0.0,0.0,2.0,2.0,0.0,1.0,0.0,0.0,0.0,0.0,0.0,0.0,25.0,6.0,8.0,0.0,0.0,2.0,2.0,0.0,1.0,16.0,8.0,7.0,0.0,0.0,2.0,2.0,0.0,0.0,17.0,6.0,5.0,0.0,0.0,0.0,0.0,0.0,0.0,0.0,1.0,1.0,0.0,21.0,2.0,3.0,0.0,0.0,0.0,0.0,0.0,2.0,0.0,1.0,1.0,1.0,0.0,0.0,0.0,0.0,20.0,1.0,4.0,0.0,0.0,1.0,1.0,0.0,2.0,0.0,0.0,0.0,20.0,2.0,3.0,0.0,0.0,1.0,1.0,0.0,0.0,0.0,0.0,0.0,18.0,3.0,2.0,0.0,0.0,2.0,2.0,0.0,0.0,0.0,0.0,1.0,0.0,0.0,12.0,4.0,5.0,0.0,0.0,2.0,2.0,0.0,0.0,0.0,0.0,1.0,1.0,0.0,0.0,1.0,1.0,0.0,0.0,0.0,0.0,0.0,0.0,0.0,2.0,1.0,0.0,1.0,0.0,0.0,1.0,0.0,1.0,0.0,2.0,1.0,1.0,0.0,1.0,1.0,6.0,1.0,2.0,0.0,0.0,0.0,0.0,0.0,0.0,0.0,1.0,0.0,0.0,0.0,0.0,0.0,0.0,0.0,0.0,0.0,2.0,0.0,0.0,0.0,0.0,0.0,0.0,0.0,0.0,0.0,0.0,0.0,0.0,0.0,0.0,0.0,0.0,0.0,0.0,0.0,0.0,0.0,0.0,0.0,0.0,0.0,0.0,0.0,0.0,0.0,0.0,0.0,1.0,1.0,1.0,0.0,0.0,0.0,0.0,0.0,0.0,0.0,1.0,1.0,0.0,2.0,1.0,0.0,0.0,1.0,0.0,0.0,0.0,0.0,3.0,0.0,0.0,0.0,0.0,CC(C)c1ccc(COc2ccc(C=NNC(=O)c3ccc(O)c(Cl)c3)cc2)cc1
CHEMBL278041,Active,20.0,6.0,1.0,0.0,1.0,0.0,1.0,0.0,26.0,8.0,2.0,0.0,2.0,0.0,2.0,1.0,0.0,0.0,0.0,0.0,0.0,0.0,0.0,23.0,11.0,2.0,0.0,2.0,0.0,2.0,0.0,0.0,20.0,13.0,1.0,0.0,1.0,0.0,1.0,0.0,0.0,25.0,8.0,1.0,0.0,1.0,0.0,1.0,1.0,0.0,0.0,0.0,0.0,0.0,28.0,3.0,0.0,0.0,1.0,0.0,1.0,1.0,2.0,1.0,0.0,1.0,0.0,0.0,0.0,0.0,0.0,25.0,3.0,2.0,0.0,2.0,0.0,2.0,0.0,0.0,1.0,1.0,0.0,16.0,4.0,2.0,0.0,3.0,0.0,3.0,0.0,0.0,0.0,0.0,0.0,6.0,3.0,4.0,0.0,4.0,0.0,4.0,0.0,0.0,0.0,0.0,0.0,0.0,0.0,1.0,1.0,4.0,0.0,2.0,0.0,2.0,0.0,0.0,1.0,0.0,0.0,0.0,0.0,0.0,0.0,0.0,0.0,0.0,0.0,0.0,0.0,0.0,0.0,0.0,0.0,0.0,0.0,0.0,0.0,1.0,0.0,0.0,0.0,2.0,0.0,0.0,1.0,0.0,1.0,0.0,0.0,0.0,0.0,0.0,0.0,0.0,0.0,0.0,0.0,0.0,0.0,0.0,0.0,0.0,0.0,0.0,0.0,0.0,0.0,0.0,0.0,0.0,0.0,0.0,0.0,0.0,0.0,0.0,0.0,0.0,0.0,0.0,0.0,0.0,0.0,0.0,0.0,0.0,0.0,0.0,0.0,0.0,0.0,0.0,0.0,0.0,0.0,0.0,0.0,0.0,0.0,0.0,0.0,0.0,0.0,0.0,0.0,0.0,0.0,0.0,0.0,0.0,0.0,1.0,0.0,0.0,0.0,0.0,0.0,0.0,0.0,0.0,0.0,1.0,0.0,0.0,0.0,0.0,Oc1ccc(-c2nc(-c3ccc(F)cc3)c(-c3ccncc3)[nH]2)cc1
CHEMBL87365,Active,20.0,6.0,0.0,0.0,1.0,0.0,2.0,0.0,26.0,8.0,0.0,0.0,2.0,0.0,4.0,1.0,0.0,0.0,0.0,0.0,0.0,0.0,0.0,23.0,11.0,0.0,0.0,2.0,0.0,5.0,0.0,0.0,20.0,13.0,0.0,0.0,1.0,0.0,2.0,0.0,0.0,25.0,8.0,0.0,0.0,1.0,0.0,3.0,1.0,0.0,0.0,0.0,0.0,0.0,28.0,3.0,0.0,0.0,1.0,0.0,3.0,1.0,0.0,1.0,0.0,1.0,0.0,0.0,0.0,0.0,0.0,25.0,3.0,0.0,0.0,2.0,0.0,6.0,0.0,0.0,1.0,1.0,0.0,16.0,4.0,0.0,0.0,3.0,0.0,7.0,0.0,0.0,0.0,0.0,0.0,6.0,3.0,0.0,0.0,4.0,0.0,5.0,0.0,0.0,0.0,1.0,0.0,0.0,0.0,1.0,1.0,0.0,0.0,2.0,0.0,2.0,0.0,0.0,1.0,0.0,0.0,0.0,0.0,0.0,0.0,0.0,0.0,0.0,0.0,0.0,0.0,0.0,0.0,0.0,0.0,0.0,0.0,0.0,0.0,0.0,0.0,0.0,0.0,1.0,0.0,0.0,1.0,0.0,0.0,0.0,0.0,0.0,0.0,0.0,0.0,0.0,0.0,0.0,0.0,0.0,0.0,0.0,0.0,0.0,0.0,0.0,0.0,0.0,0.0,0.0,0.0,0.0,0.0,0.0,0.0,0.0,0.0,0.0,0.0,0.0,0.0,0.0,0.0,0.0,0.0,0.0,0.0,0.0,0.0,0.0,0.0,0.0,0.0,0.0,0.0,0.0,0.0,0.0,0.0,0.0,0.0,0.0,0.0,0.0,0.0,0.0,0.0,0.0,0.0,0.0,0.0,0.0,0.0,1.0,0.0,0.0,0.0,0.0,0.0,0.0,0.0,0.0,0.0,0.0,0.0,0.0,0.0,0.0,Fc1ccc(-c2[nH]c(-c3ccccc3Br)nc2-c2ccncc2)cc1
CHEMBL445532,Active,30.0,7.0,5.0,0.0,3.0,0.0,4.0,0.0,40.0,7.0,5.0,0.0,3.0,0.0,5.0,1.0,3.0,1.0,0.0,0.0,3.0,3.0,3.0,36.0,12.0,8.0,0.0,6.0,0.0,8.0,0.0,1.0,31.0,12.0,9.0,0.0,6.0,0.0,8.0,2.0,0.0,35.0,9.0,11.0,0.0,3.0,0.0,4.0,0.0,0.0,3.0,0.0,3.0,1.0,36.0,9.0,10.0,0.0,3.0,0.0,3.0,0.0,0.0,0.0,0.0,1.0,2.0,1.0,0.0,0.0,0.0,41.0,4.0,8.0,0.0,0.0,0.0,2.0,1.0,1.0,3.0,3.0,0.0,38.0,7.0,10.0,0.0,6.0,0.0,9.0,0.0,0.0,0.0,0.0,0.0,37.0,5.0,7.0,0.0,9.0,0.0,13.0,1.0,2.0,0.0,0.0,1.0,0.0,0.0,33.0,6.0,7.0,0.0,12.0,0.0,15.0,0.0,1.0,0.0,0.0,1.0,0.0,0.0,1.0,0.0,6.0,1.0,1.0,0.0,0.0,3.0,2.0,0.0,0.0,2.0,0.0,2.0,0.0,0.0,2.0,1.0,3.0,0.0,2.0,0.0,0.0,3.0,0.0,2.0,13.0,3.0,7.0,0.0,0.0,0.0,0.0,0.0,0.0,1.0,5.0,0.0,0.0,0.0,0.0,0.0,0.0,0.0,0.0,1.0,1.0,3.0,0.0,0.0,1.0,2.0,0.0,0.0,1.0,0.0,0.0,0.0,0.0,0.0,0.0,0.0,1.0,0.0,1.0,1.0,1.0,0.0,0.0,1.0,0.0,0.0,1.0,0.0,0.0,0.0,0.0,3.0,0.0,0.0,5.0,2.0,0.0,0.0,2.0,3.0,0.0,1.0,2.0,0.0,3.0,3.0,3.0,0.0,0.0,2.0,1.0,1.0,0.0,1.0,5.0,0.0,0.0,0.0,1.0,O=C(NCC(O)C(=O)O)c1ccc(CN(C(=O)Nc2cc(Br)cc(C(F)(F)F)c2)c2ccc(C3=CCCCC3)cc2)cc1
CHEMBL504156,Active,28.0,7.0,5.0,0.0,6.0,0.0,6.0,0.0,40.0,7.0,5.0,0.0,6.0,0.0,6.0,1.0,3.0,1.0,0.0,0.0,6.0,6.0,6.0,35.0,12.0,8.0,0.0,12.0,0.0,12.0,0.0,1.0,30.0,13.0,9.0,0.0,12.0,0.0,12.0,2.0,0.0,31.0,9.0,11.0,0.0,12.0,0.0,12.0,0.0,0.0,6.0,0.0,6.0,1.0,32.0,11.0,11.0,0.0,6.0,0.0,6.0,0.0,0.0,0.0,0.0,0.0,2.0,0.0,9.0,9.0,9.0,44.0,2.0,8.0,0.0,0.0,0.0,0.0,1.0,1.0,6.0,6.0,0.0,38.0,7.0,11.0,0.0,12.0,0.0,12.0,0.0,0.0,0.0,0.0,0.0,40.0,3.0,5.0,0.0,18.0,0.0,18.0,1.0,2.0,0.0,0.0,1.0,0.0,0.0,33.0,5.0,6.0,0.0,24.0,0.0,24.0,0.0,1.0,0.0,0.0,3.0,0.0,0.0,1.0,0.0,6.0,5.0,1.0,0.0,0.0,2.0,0.0,0.0,3.0,2.0,0.0,2.0,0.0,0.0,2.0,3.0,3.0,0.0,1.0,0.0,0.0,6.0,0.0,2.0,18.0,3.0,12.0,0.0,0.0,5.0,1.0,1.0,0.0,1.0,15.0,0.0,0.0,0.0,2.0,11.0,7.0,2.0,2.0,1.0,0.0,14.0,0.0,0.0,0.0,14.0,0.0,0.0,9.0,6.0,7.0,3.0,7.0,4.0,2.0,2.0,3.0,2.0,3.0,1.0,3.0,2.0,0.0,5.0,0.0,0.0,3.0,0.0,0.0,0.0,0.0,3.0,0.0,0.0,6.0,4.0,0.0,2.0,3.0,1.0,0.0,1.0,2.0,0.0,6.0,3.0,3.0,0.0,0.0,2.0,1.0,1.0,0.0,1.0,5.0,0.0,0.0,0.0,1.0,CC(C)(C)C1CCC(N(Cc2ccc(C(=O)NCC(O)C(=O)O)cc2)C(=O)Nc2cc(C(F)(F)F)cc(C(F)(F)F)c2)CC1
CHEMBL486634,Active,29.0,7.0,5.0,0.0,0.0,2.0,2.0,0.0,38.0,7.0,5.0,0.0,0.0,4.0,4.0,1.0,3.0,1.0,0.0,0.0,0.0,0.0,0.0,34.0,12.0,8.0,0.0,0.0,4.0,4.0,0.0,1.0,30.0,11.0,9.0,0.0,0.0,2.0,2.0,2.0,0.0,34.0,9.0,11.0,0.0,0.0,2.0,2.0,0.0,0.0,0.0,0.0,0.0,1.0,36.0,8.0,9.0,0.0,0.0,0.0,0.0,0.0,0.0,0.0,2.0,2.0,2.0,2.0,0.0,0.0,0.0,39.0,4.0,8.0,0.0,0.0,4.0,4.0,1.0,1.0,0.0,0.0,0.0,35.0,7.0,10.0,0.0,0.0,6.0,6.0,0.0,0.0,0.0,0.0,0.0,33.0,5.0,7.0,0.0,0.0,8.0,8.0,1.0,2.0,0.0,0.0,1.0,0.0,0.0,30.0,6.0,7.0,0.0,0.0,6.0,6.0,0.0,1.0,0.0,0.0,1.0,0.0,0.0,1.0,0.0,6.0,1.0,1.0,0.0,0.0,3.0,2.0,0.0,0.0,2.0,0.0,2.0,0.0,0.0,2.0,0.0,3.0,0.0,2.0,0.0,2.0,0.0,0.0,2.0,12.0,3.0,7.0,0.0,0.0,0.0,0.0,0.0,0.0,1.0,5.0,0.0,0.0,0.0,0.0,0.0,0.0,0.0,0.0,1.0,1.0,3.0,0.0,0.0,1.0,2.0,0.0,0.0,1.0,0.0,0.0,0.0,0.0,0.0,0.0,0.0,1.0,0.0,1.0,1.0,1.0,0.0,0.0,1.0,0.0,0.0,1.0,0.0,0.0,0.0,0.0,3.0,2.0,2.0,5.0,2.0,0.0,0.0,2.0,3.0,0.0,1.0,2.0,0.0,0.0,3.0,3.0,0.0,0.0,2.0,1.0,1.0,0.0,1.0,5.0,0.0,0.0,0.0,1.0,O=C(NCC(O)C(=O)O)c1ccc(CN(C(=O)Nc2cc(Cl)cc(Cl)c2)c2ccc(C3=CCCCC3)cc2)cc1
CHEMBL106294,Inactive,19.0,5.0,4.0,0.0,0.0,0.0,0.0,1.0,28.0,6.0,5.0,0.0,0.0,0.0,0.0,0.0,1.0,0.0,0.0,0.0,0.0,0.0,0.0,27.0,9.0,6.0,0.0,0.0,0.0,0.0,0.0,1.0,20.0,12.0,7.0,0.0,0.0,0.0,0.0,0.0,0.0,16.0,11.0,3.0,0.0,0.0,0.0,0.0,0.0,1.0,0.0,0.0,0.0,1.0,13.0,6.0,3.0,0.0,0.0,0.0,0.0,1.0,2.0,0.0,0.0,0.0,1.0,0.0,0.0,0.0,0.0,13.0,4.0,4.0,0.0,0.0,0.0,0.0,1.0,1.0,0.0,0.0,0.0,16.0,3.0,5.0,0.0,0.0,0.0,0.0,0.0,0.0,0.0,0.0,0.0,18.0,1.0,4.0,0.0,0.0,0.0,0.0,0.0,1.0,0.0,0.0,0.0,0.0,0.0,15.0,2.0,7.0,0.0,0.0,0.0,0.0,0.0,0.0,0.0,0.0,0.0,0.0,0.0,0.0,0.0,0.0,0.0,0.0,0.0,0.0,0.0,0.0,0.0,3.0,1.0,0.0,1.0,0.0,0.0,1.0,0.0,1.0,0.0,0.0,1.0,0.0,0.0,1.0,1.0,5.0,1.0,0.0,0.0,0.0,0.0,0.0,0.0,0.0,0.0,0.0,0.0,0.0,0.0,0.0,0.0,0.0,0.0,0.0,0.0,0.0,0.0,0.0,0.0,0.0,0.0,0.0,0.0,0.0,0.0,0.0,0.0,0.0,0.0,0.0,0.0,0.0,0.0,0.0,0.0,0.0,0.0,0.0,0.0,0.0,0.0,0.0,0.0,0.0,0.0,0.0,0.0,0.0,0.0,3.0,1.0,0.0,0.0,0.0,2.0,0.0,0.0,1.0,1.0,0.0,3.0,1.0,0.0,0.0,1.0,0.0,0.0,0.0,0.0,3.0,0.0,0.0,0.0,0.0,COc1cc(C(=O)NN=Cc2ccc(N(C)C)c3ccccc23)ccc1O
CHEMBL24905,Inactive,23.0,2.0,1.0,0.0,2.0,0.0,2.0,0.0,30.0,4.0,1.0,0.0,4.0,0.0,4.0,0.0,0.0,0.0,0.0,0.0,0.0,0.0,0.0,32.0,7.0,2.0,0.0,5.0,0.0,5.0,0.0,0.0,40.0,2.0,3.0,0.0,4.0,0.0,4.0,1.0,0.0,40.0,3.0,6.0,0.0,5.0,0.0,5.0,0.0,0.0,0.0,0.0,0.0,0.0,38.0,3.0,4.0,0.0,5.0,0.0,5.0,0.0,0.0,1.0,0.0,1.0,0.0,1.0,0.0,0.0,0.0,25.0,2.0,4.0,0.0,9.0,0.0,9.0,0.0,0.0,0.0,0.0,0.0,16.0,0.0,1.0,0.0,4.0,0.0,4.0,0.0,0.0,1.0,1.0,0.0,6.0,0.0,1.0,0.0,6.0,0.0,6.0,0.0,0.0,0.0,0.0,0.0,0.0,0.0,3.0,0.0,0.0,0.0,1.0,0.0,1.0,0.0,0.0,0.0,0.0,2.0,2.0,0.0,0.0,2.0,5.0,0.0,0.0,0.0,0.0,3.0,2.0,0.0,5.0,0.0,0.0,0.0,0.0,0.0,1.0,0.0,0.0,0.0,0.0,1.0,0.0,2.0,0.0,1.0,12.0,0.0,8.0,0.0,0.0,0.0,0.0,0.0,0.0,0.0,5.0,0.0,0.0,0.0,0.0,0.0,0.0,0.0,0.0,0.0,0.0,2.0,0.0,0.0,0.0,1.0,0.0,0.0,0.0,0.0,0.0,0.0,0.0,0.0,0.0,0.0,0.0,0.0,0.0,0.0,0.0,0.0,0.0,0.0,0.0,0.0,0.0,0.0,0.0,0.0,0.0,0.0,0.0,0.0,0.0,0.0,0.0,0.0,0.0,0.0,0.0,0.0,1.0,0.0,2.0,0.0,0.0,0.0,0.0,0.0,0.0,0.0,0.0,0.0,1.0,0.0,0.0,0.0,0.0,CCCCCc1c(C(C)C)nc(C(C)C)c(CO)c1-c1ccc(F)cc1F
CHEMBL348785,Active,24.0,2.0,8.0,0.0,0.0,1.0,1.0,1.0,32.0,4.0,10.0,0.0,0.0,2.0,2.0,0.0,1.0,0.0,0.0,0.0,0.0,0.0,0.0,29.0,6.0,12.0,0.0,0.0,2.0,2.0,0.0,1.0,20.0,8.0,15.0,0.0,0.0,2.0,2.0,0.0,1.0,23.0,6.0,9.0,0.0,0.0,0.0,0.0,0.0,2.0,0.0,1.0,1.0,0.0,24.0,4.0,7.0,0.0,0.0,0.0,0.0,0.0,4.0,0.0,1.0,1.0,1.0,0.0,0.0,0.0,0.0,24.0,3.0,10.0,0.0,0.0,1.0,1.0,0.0,2.0,0.0,0.0,0.0,26.0,2.0,7.0,0.0,0.0,1.0,1.0,0.0,0.0,0.0,0.0,2.0,22.0,3.0,10.0,0.0,0.0,2.0,2.0,0.0,0.0,0.0,0.0,1.0,0.0,0.0,18.0,4.0,13.0,0.0,0.0,2.0,2.0,0.0,0.0,0.0,0.0,1.0,1.0,0.0,0.0,1.0,1.0,0.0,0.0,0.0,0.0,0.0,0.0,0.0,4.0,1.0,0.0,1.0,0.0,0.0,1.0,0.0,1.0,0.0,1.0,1.0,1.0,0.0,3.0,1.0,8.0,1.0,2.0,0.0,0.0,0.0,0.0,0.0,0.0,0.0,1.0,0.0,0.0,0.0,0.0,0.0,0.0,0.0,0.0,0.0,2.0,0.0,0.0,0.0,0.0,0.0,0.0,0.0,0.0,0.0,0.0,0.0,0.0,0.0,0.0,0.0,0.0,0.0,0.0,0.0,0.0,0.0,0.0,0.0,0.0,0.0,0.0,0.0,0.0,0.0,0.0,0.0,1.0,1.0,1.0,0.0,0.0,0.0,0.0,0.0,0.0,0.0,3.0,3.0,0.0,2.0,1.0,0.0,0.0,1.0,0.0,0.0,0.0,0.0,5.0,0.0,0.0,0.0,0.0,COc1cc(C=NNC(=O)c2ccc(O)c(Cl)c2)cc(OC)c1OCc1ccc(C(C)C)cc1
CHEMBL107795,Inactive,19.0,2.0,4.0,0.0,0.0,0.0,0.0,1.0,24.0,4.0,7.0,0.0,0.0,0.0,0.0,0.0,1.0,0.0,0.0,0.0,0.0,0.0,0.0,21.0,6.0,10.0,0.0,0.0,0.0,0.0,0.0,1.0,12.0,9.0,8.0,0.0,0.0,0.0,0.0,1.0,2.0,8.0,9.0,5.0,0.0,0.0,0.0,0.0,0.0,1.0,0.0,0.0,0.0,0.0,9.0,5.0,3.0,0.0,0.0,0.0,0.0,0.0,2.0,0.0,0.0,0.0,1.0,0.0,0.0,0.0,0.0,13.0,1.0,4.0,0.0,0.0,0.0,0.0,0.0,2.0,0.0,0.0,0.0,15.0,0.0,7.0,0.0,0.0,0.0,0.0,0.0,0.0,0.0,0.0,0.0,15.0,0.0,6.0,0.0,0.0,0.0,0.0,0.0,0.0,0.0,0.0,1.0,0.0,0.0,11.0,0.0,7.0,0.0,0.0,0.0,0.0,0.0,0.0,0.0,0.0,0.0,0.0,0.0,0.0,0.0,0.0,0.0,0.0,0.0,0.0,0.0,0.0,0.0,0.0,1.0,0.0,1.0,0.0,0.0,3.0,0.0,1.0,0.0,0.0,1.0,0.0,0.0,0.0,3.0,2.0,1.0,0.0,0.0,0.0,0.0,0.0,0.0,0.0,0.0,0.0,0.0,0.0,0.0,0.0,0.0,0.0,0.0,0.0,0.0,0.0,0.0,0.0,0.0,0.0,0.0,0.0,0.0,0.0,0.0,0.0,0.0,0.0,0.0,0.0,0.0,0.0,0.0,0.0,0.0,0.0,0.0,0.0,0.0,0.0,0.0,0.0,0.0,0.0,0.0,0.0,0.0,0.0,0.0,1.0,0.0,0.0,0.0,0.0,0.0,0.0,0.0,0.0,0.0,0.0,2.0,1.0,0.0,0.0,1.0,0.0,0.0,0.0,0.0,4.0,0.0,0.0,0.0,0.0,O=C(NN=Cc1ccc(O)c2ccccc12)c1ccc(O)cc1O
CHEMBL480113,Active,26.0,12.0,3.0,0.0,0.0,0.0,0.0,3.0,40.0,10.0,4.0,0.0,0.0,0.0,0.0,8.0,1.0,0.0,0.0,0.0,0.0,0.0,0.0,35.0,20.0,6.0,0.0,0.0,0.0,0.0,2.0,0.0,36.0,19.0,3.0,0.0,0.0,0.0,0.0,3.0,0.0,37.0,20.0,3.0,0.0,0.0,0.0,0.0,0.0,3.0,0.0,0.0,0.0,0.0,41.0,21.0,1.0,0.0,0.0,0.0,0.0,0.0,1.0,0.0,0.0,0.0,0.0,0.0,0.0,0.0,0.0,44.0,13.0,2.0,0.0,0.0,0.0,0.0,1.0,1.0,0.0,0.0,0.0,35.0,17.0,5.0,0.0,0.0,0.0,0.0,0.0,0.0,0.0,0.0,0.0,40.0,5.0,6.0,0.0,0.0,0.0,0.0,4.0,2.0,0.0,0.0,0.0,0.0,0.0,31.0,11.0,8.0,0.0,0.0,0.0,0.0,2.0,0.0,0.0,0.0,2.0,0.0,0.0,0.0,0.0,7.0,4.0,0.0,0.0,0.0,3.0,0.0,0.0,5.0,1.0,0.0,1.0,0.0,0.0,0.0,1.0,1.0,0.0,1.0,1.0,0.0,0.0,1.0,0.0,16.0,1.0,12.0,0.0,0.0,5.0,1.0,0.0,0.0,0.0,15.0,0.0,0.0,0.0,2.0,11.0,7.0,2.0,0.0,0.0,0.0,14.0,0.0,0.0,0.0,14.0,0.0,0.0,9.0,0.0,7.0,3.0,0.0,4.0,2.0,0.0,2.0,0.0,0.0,1.0,2.0,0.0,0.0,2.0,0.0,0.0,0.0,0.0,0.0,0.0,0.0,1.0,0.0,0.0,3.0,1.0,0.0,1.0,0.0,0.0,0.0,0.0,1.0,1.0,0.0,2.0,1.0,0.0,0.0,2.0,0.0,0.0,0.0,0.0,2.0,0.0,0.0,0.0,0.0,CCCOc1ccc2nc(N(Cc3ccc(C(=O)Nc4nnn[nH]4)cc3)C3CCC(C(C)(C)C)CC3)n(C)c2c1
CHEMBL448921,Active,30.0,12.0,3.0,0.0,0.0,0.0,0.0,3.0,46.0,10.0,4.0,0.0,0.0,0.0,0.0,8.0,1.0,0.0,0.0,0.0,0.0,0.0,0.0,37.0,20.0,7.0,0.0,0.0,0.0,0.0,2.0,0.0,37.0,19.0,5.0,0.0,0.0,0.0,0.0,3.0,0.0,41.0,20.0,2.0,0.0,0.0,0.0,0.0,0.0,3.0,0.0,0.0,0.0,0.0,46.0,21.0,2.0,0.0,0.0,0.0,0.0,0.0,1.0,0.0,0.0,0.0,0.0,0.0,0.0,0.0,0.0,49.0,14.0,2.0,0.0,0.0,0.0,0.0,1.0,1.0,0.0,0.0,0.0,38.0,20.0,5.0,0.0,0.0,0.0,0.0,0.0,0.0,0.0,0.0,0.0,44.0,8.0,6.0,0.0,0.0,0.0,0.0,4.0,2.0,0.0,0.0,0.0,0.0,0.0,35.0,13.0,8.0,0.0,0.0,0.0,0.0,2.0,0.0,0.0,0.0,3.0,0.0,0.0,0.0,0.0,10.0,7.0,0.0,0.0,0.0,5.0,1.0,0.0,4.0,1.0,0.0,1.0,0.0,0.0,0.0,1.0,1.0,0.0,1.0,1.0,0.0,0.0,1.0,0.0,19.0,1.0,16.0,0.0,0.0,6.0,1.0,0.0,0.0,0.0,21.0,0.0,0.0,0.0,2.0,13.0,8.0,2.0,0.0,0.0,0.0,21.0,0.0,0.0,0.0,17.0,0.0,0.0,10.0,0.0,7.0,3.0,0.0,4.0,2.0,0.0,2.0,0.0,0.0,2.0,2.0,0.0,0.0,2.0,0.0,0.0,0.0,0.0,0.0,0.0,0.0,1.0,0.0,0.0,3.0,1.0,0.0,1.0,0.0,0.0,0.0,0.0,1.0,1.0,0.0,2.0,1.0,0.0,0.0,2.0,0.0,0.0,0.0,0.0,2.0,0.0,0.0,0.0,0.0,Cn1c(N(Cc2ccc(C(=O)Nc3nnn[nH]3)cc2)C2CCC(C(C)(C)C)CC2)nc2cc(OCC3CCCC3)ccc21
CHEMBL459208,Active,27.0,12.0,1.0,0.0,0.0,0.0,0.0,3.0,40.0,10.0,1.0,0.0,0.0,0.0,0.0,8.0,1.0,0.0,0.0,0.0,0.0,0.0,0.0,35.0,20.0,3.0,0.0,0.0,0.0,0.0,2.0,0.0,34.0,19.0,2.0,0.0,0.0,0.0,0.0,2.0,0.0,37.0,19.0,1.0,0.0,0.0,0.0,0.0,0.0,2.0,0.0,0.0,0.0,0.0,40.0,18.0,1.0,0.0,0.0,0.0,0.0,0.0,0.0,0.0,0.0,0.0,0.0,0.0,0.0,0.0,0.0,40.0,12.0,0.0,0.0,0.0,0.0,0.0,1.0,1.0,0.0,0.0,0.0,34.0,14.0,2.0,0.0,0.0,0.0,0.0,0.0,0.0,0.0,0.0,0.0,34.0,8.0,2.0,0.0,0.0,0.0,0.0,4.0,2.0,0.0,0.0,0.0,0.0,0.0,29.0,13.0,5.0,0.0,0.0,0.0,0.0,2.0,0.0,0.0,0.0,1.0,0.0,0.0,0.0,0.0,6.0,2.0,0.0,0.0,0.0,4.0,3.0,0.0,1.0,1.0,0.0,1.0,0.0,0.0,0.0,0.0,1.0,0.0,2.0,0.0,0.0,0.0,0.0,0.0,9.0,1.0,6.0,0.0,0.0,0.0,0.0,0.0,0.0,0.0,6.0,0.0,0.0,0.0,0.0,0.0,0.0,0.0,0.0,0.0,2.0,6.0,0.0,0.0,2.0,6.0,0.0,0.0,1.0,0.0,0.0,0.0,0.0,0.0,0.0,0.0,0.0,0.0,0.0,0.0,0.0,0.0,0.0,0.0,0.0,0.0,0.0,0.0,0.0,0.0,0.0,0.0,0.0,0.0,2.0,0.0,0.0,0.0,0.0,1.0,0.0,0.0,0.0,0.0,0.0,2.0,1.0,0.0,0.0,2.0,0.0,0.0,0.0,0.0,1.0,0.0,0.0,0.0,0.0,Cn1c(N(Cc2ccc(C(=O)Nc3nnn[nH]3)cc2)c2ccc(C3CCCCC3)cc2)nc2ccccc21
CHEMBL1922696,Active,20.0,12.0,3.0,0.0,3.0,2.0,5.0,3.0,31.0,10.0,3.0,0.0,0.0,4.0,4.0,8.0,1.0,0.0,3.0,3.0,3.0,3.0,3.0,26.0,20.0,5.0,0.0,3.0,4.0,7.0,2.0,0.0,25.0,19.0,3.0,0.0,6.0,2.0,8.0,2.0,0.0,29.0,18.0,1.0,0.0,6.0,4.0,10.0,0.0,3.0,0.0,2.0,2.0,0.0,32.0,17.0,2.0,0.0,3.0,3.0,6.0,0.0,0.0,0.0,2.0,2.0,0.0,0.0,0.0,0.0,0.0,34.0,8.0,0.0,0.0,0.0,5.0,5.0,1.0,3.0,3.0,3.0,0.0,23.0,11.0,6.0,0.0,3.0,8.0,11.0,0.0,0.0,0.0,0.0,0.0,21.0,4.0,5.0,0.0,0.0,7.0,7.0,4.0,2.0,6.0,6.0,0.0,0.0,0.0,12.0,10.0,8.0,0.0,12.0,4.0,16.0,2.0,0.0,0.0,0.0,0.0,0.0,0.0,0.0,0.0,1.0,0.0,0.0,0.0,0.0,0.0,0.0,0.0,1.0,1.0,0.0,1.0,0.0,0.0,0.0,1.0,1.0,0.0,2.0,0.0,2.0,3.0,1.0,0.0,5.0,1.0,0.0,0.0,0.0,0.0,0.0,0.0,0.0,0.0,0.0,0.0,0.0,0.0,0.0,0.0,0.0,0.0,0.0,0.0,0.0,0.0,0.0,0.0,0.0,0.0,0.0,0.0,0.0,0.0,0.0,0.0,0.0,0.0,0.0,0.0,0.0,0.0,0.0,0.0,0.0,0.0,0.0,0.0,0.0,0.0,0.0,0.0,0.0,0.0,0.0,0.0,2.0,2.0,4.0,1.0,0.0,0.0,0.0,3.0,0.0,0.0,1.0,1.0,3.0,4.0,1.0,0.0,0.0,2.0,0.0,0.0,0.0,0.0,2.0,0.0,0.0,3.0,0.0,Cn1c(=Nc2ccc(OC(F)(F)F)cc2)n(Cc2ccc(C(=O)Nc3nnn[nH]3)cc2)c2cc(Cl)c(Cl)cc21
CHEMBL1922845,Active,20.0,12.0,3.0,0.0,3.0,2.0,5.0,3.0,31.0,10.0,3.0,0.0,0.0,4.0,4.0,8.0,1.0,0.0,3.0,3.0,3.0,3.0,3.0,26.0,20.0,5.0,0.0,3.0,4.0,7.0,2.0,0.0,26.0,19.0,3.0,0.0,6.0,2.0,8.0,2.0,0.0,30.0,18.0,1.0,0.0,6.0,3.0,9.0,0.0,3.0,0.0,2.0,2.0,0.0,34.0,17.0,3.0,0.0,3.0,1.0,4.0,0.0,0.0,0.0,2.0,2.0,0.0,0.0,0.0,0.0,0.0,36.0,8.0,1.0,0.0,0.0,4.0,4.0,1.0,3.0,3.0,3.0,0.0,24.0,11.0,7.0,0.0,6.0,6.0,12.0,0.0,0.0,0.0,0.0,0.0,21.0,4.0,6.0,0.0,3.0,8.0,11.0,4.0,2.0,6.0,6.0,0.0,0.0,0.0,11.0,11.0,8.0,0.0,15.0,6.0,21.0,2.0,0.0,0.0,0.0,0.0,0.0,0.0,0.0,0.0,1.0,0.0,0.0,0.0,0.0,0.0,0.0,0.0,1.0,1.0,0.0,1.0,0.0,0.0,0.0,1.0,1.0,0.0,2.0,0.0,2.0,3.0,1.0,0.0,4.0,1.0,0.0,0.0,0.0,0.0,0.0,0.0,0.0,0.0,0.0,0.0,0.0,0.0,0.0,0.0,0.0,0.0,0.0,0.0,0.0,0.0,0.0,0.0,0.0,0.0,0.0,0.0,0.0,0.0,0.0,0.0,0.0,0.0,0.0,0.0,0.0,0.0,0.0,0.0,0.0,0.0,0.0,0.0,0.0,0.0,0.0,0.0,0.0,0.0,0.0,0.0,2.0,2.0,2.0,0.0,0.0,0.0,0.0,1.0,0.0,0.0,1.0,1.0,3.0,2.0,1.0,0.0,0.0,2.0,0.0,0.0,0.0,0.0,2.0,0.0,0.0,3.0,0.0,Cn1c(N(Cc2ccc(C(=O)Nc3nnn[nH]3)cc2)c2ccc(OC(F)(F)F)cc2)nc2cc(Cl)c(Cl)cc21
CHEMBL142589,Inactive,21.0,2.0,1.0,0.0,0.0,0.0,0.0,0.0,26.0,4.0,1.0,0.0,0.0,0.0,0.0,0.0,0.0,0.0,0.0,0.0,0.0,0.0,0.0,30.0,5.0,2.0,0.0,0.0,0.0,0.0,0.0,0.0,34.0,2.0,3.0,0.0,0.0,0.0,0.0,1.0,0.0,33.0,3.0,5.0,0.0,0.0,0.0,0.0,0.0,0.0,0.0,0.0,0.0,0.0,28.0,3.0,4.0,0.0,0.0,0.0,0.0,0.0,0.0,0.0,0.0,0.0,0.0,0.0,0.0,0.0,0.0,19.0,2.0,3.0,0.0,0.0,0.0,0.0,0.0,0.0,0.0,0.0,0.0,12.0,0.0,1.0,0.0,0.0,0.0,0.0,0.0,0.0,0.0,0.0,0.0,5.0,0.0,1.0,0.0,0.0,0.0,0.0,0.0,0.0,0.0,0.0,0.0,0.0,0.0,2.0,0.0,0.0,0.0,0.0,0.0,0.0,0.0,0.0,0.0,0.0,0.0,0.0,0.0,0.0,0.0,7.0,0.0,0.0,0.0,0.0,3.0,2.0,0.0,3.0,0.0,0.0,0.0,0.0,0.0,1.0,0.0,0.0,0.0,0.0,0.0,0.0,0.0,0.0,1.0,10.0,0.0,6.0,0.0,0.0,0.0,0.0,0.0,0.0,0.0,3.0,0.0,0.0,0.0,0.0,0.0,0.0,0.0,0.0,0.0,0.0,2.0,0.0,0.0,0.0,1.0,0.0,0.0,0.0,0.0,0.0,0.0,0.0,0.0,0.0,0.0,0.0,0.0,0.0,0.0,0.0,0.0,0.0,0.0,0.0,0.0,0.0,0.0,0.0,0.0,0.0,0.0,0.0,0.0,0.0,0.0,0.0,0.0,0.0,0.0,0.0,0.0,1.0,0.0,0.0,0.0,0.0,0.0,0.0,0.0,0.0,0.0,0.0,0.0,1.0,0.0,0.0,0.0,0.0,CCCCCc1c(CC)nc(CC)c(CO)c1-c1ccccc1
CHEMBL106577,Inactive,22.0,5.0,4.0,0.0,0.0,0.0,0.0,1.0,30.0,9.0,5.0,0.0,0.0,0.0,0.0,0.0,1.0,0.0,0.0,0.0,0.0,0.0,0.0,31.0,10.0,6.0,0.0,0.0,0.0,0.0,0.0,1.0,26.0,10.0,7.0,0.0,0.0,0.0,0.0,0.0,0.0,22.0,8.0,3.0,0.0,0.0,0.0,0.0,0.0,1.0,0.0,0.0,0.0,1.0,16.0,6.0,3.0,0.0,0.0,0.0,0.0,1.0,2.0,0.0,0.0,0.0,1.0,0.0,0.0,0.0,0.0,13.0,6.0,3.0,0.0,0.0,0.0,0.0,1.0,1.0,0.0,0.0,0.0,14.0,6.0,4.0,0.0,0.0,0.0,0.0,0.0,0.0,0.0,0.0,0.0,16.0,3.0,5.0,0.0,0.0,0.0,0.0,0.0,1.0,0.0,0.0,0.0,0.0,0.0,17.0,2.0,7.0,0.0,0.0,0.0,0.0,0.0,0.0,0.0,0.0,0.0,0.0,0.0,0.0,0.0,1.0,0.0,0.0,0.0,0.0,0.0,0.0,0.0,2.0,1.0,0.0,1.0,0.0,0.0,1.0,0.0,1.0,0.0,0.0,2.0,0.0,0.0,1.0,1.0,5.0,1.0,1.0,0.0,0.0,0.0,0.0,0.0,0.0,0.0,0.0,0.0,0.0,0.0,0.0,0.0,0.0,0.0,0.0,0.0,0.0,0.0,0.0,0.0,0.0,0.0,0.0,0.0,0.0,0.0,0.0,0.0,0.0,0.0,0.0,0.0,0.0,0.0,0.0,0.0,0.0,0.0,0.0,0.0,0.0,0.0,0.0,0.0,0.0,0.0,0.0,0.0,0.0,0.0,1.0,0.0,0.0,0.0,0.0,0.0,0.0,0.0,1.0,1.0,0.0,2.0,1.0,0.0,0.0,1.0,0.0,0.0,0.0,0.0,3.0,0.0,0.0,0.0,0.0,CCn1c2ccccc2c2cc(C=NNC(=O)c3ccc(O)c(OC)c3)ccc21
CHEMBL470955,Active,26.0,12.0,1.0,0.0,0.0,0.0,0.0,3.0,42.0,10.0,1.0,0.0,0.0,0.0,0.0,8.0,1.0,0.0,0.0,0.0,0.0,0.0,0.0,37.0,20.0,3.0,0.0,0.0,0.0,0.0,2.0,0.0,33.0,21.0,2.0,0.0,0.0,0.0,0.0,2.0,0.0,35.0,21.0,1.0,0.0,0.0,0.0,0.0,0.0,2.0,0.0,0.0,0.0,0.0,37.0,21.0,1.0,0.0,0.0,0.0,0.0,0.0,0.0,0.0,0.0,0.0,0.0,0.0,0.0,0.0,0.0,45.0,10.0,0.0,0.0,0.0,0.0,0.0,1.0,1.0,0.0,0.0,0.0,37.0,15.0,2.0,0.0,0.0,0.0,0.0,0.0,0.0,0.0,0.0,0.0,43.0,4.0,2.0,0.0,0.0,0.0,0.0,4.0,2.0,0.0,0.0,0.0,0.0,0.0,28.0,11.0,5.0,0.0,0.0,0.0,0.0,2.0,0.0,0.0,0.0,2.0,0.0,0.0,0.0,0.0,5.0,4.0,0.0,0.0,0.0,2.0,0.0,0.0,6.0,1.0,0.0,1.0,0.0,0.0,0.0,1.0,1.0,0.0,1.0,0.0,0.0,0.0,0.0,0.0,15.0,1.0,10.0,0.0,0.0,5.0,1.0,0.0,0.0,0.0,14.0,0.0,0.0,0.0,2.0,11.0,7.0,2.0,0.0,0.0,0.0,14.0,0.0,0.0,0.0,14.0,0.0,0.0,9.0,0.0,7.0,3.0,0.0,4.0,2.0,0.0,2.0,0.0,0.0,0.0,2.0,0.0,0.0,2.0,0.0,0.0,0.0,0.0,0.0,0.0,0.0,0.0,0.0,0.0,3.0,1.0,0.0,1.0,0.0,0.0,0.0,0.0,0.0,0.0,0.0,2.0,1.0,0.0,0.0,2.0,0.0,0.0,0.0,0.0,1.0,0.0,0.0,0.0,0.0,Cc1cc2nc(N(Cc3ccc(C(=O)Nc4nnn[nH]4)cc3)C3CCC(C(C)(C)C)CC3)n(C)c2cc1C
CHEMBL518939,Active,25.0,12.0,3.0,0.0,0.0,0.0,0.0,3.0,39.0,10.0,4.0,0.0,0.0,0.0,0.0,8.0,1.0,0.0,0.0,0.0,0.0,0.0,0.0,35.0,20.0,5.0,0.0,0.0,0.0,0.0,2.0,0.0,35.0,19.0,3.0,0.0,0.0,0.0,0.0,3.0,0.0,35.0,20.0,2.0,0.0,0.0,0.0,0.0,0.0,3.0,0.0,0.0,0.0,0.0,38.0,21.0,2.0,0.0,0.0,0.0,0.0,0.0,1.0,0.0,0.0,0.0,0.0,0.0,0.0,0.0,0.0,43.0,12.0,2.0,0.0,0.0,0.0,0.0,1.0,1.0,0.0,0.0,0.0,34.0,16.0,5.0,0.0,0.0,0.0,0.0,0.0,0.0,0.0,0.0,0.0,40.0,4.0,6.0,0.0,0.0,0.0,0.0,4.0,2.0,0.0,0.0,0.0,0.0,0.0,29.0,11.0,8.0,0.0,0.0,0.0,0.0,2.0,0.0,0.0,0.0,2.0,0.0,0.0,0.0,0.0,6.0,4.0,0.0,0.0,0.0,2.0,0.0,0.0,5.0,1.0,0.0,1.0,0.0,0.0,0.0,1.0,1.0,0.0,1.0,1.0,0.0,0.0,1.0,0.0,15.0,1.0,11.0,0.0,0.0,5.0,1.0,0.0,0.0,0.0,14.0,0.0,0.0,0.0,2.0,11.0,7.0,2.0,0.0,0.0,0.0,14.0,0.0,0.0,0.0,14.0,0.0,0.0,9.0,0.0,7.0,3.0,0.0,4.0,2.0,0.0,2.0,0.0,0.0,0.0,2.0,0.0,0.0,2.0,0.0,0.0,0.0,0.0,0.0,0.0,0.0,1.0,0.0,0.0,3.0,1.0,0.0,1.0,0.0,0.0,0.0,0.0,1.0,1.0,0.0,2.0,1.0,0.0,0.0,2.0,0.0,0.0,0.0,0.0,2.0,0.0,0.0,0.0,0.0,CCOc1ccc2c(c1)nc(N(Cc1ccc(C(=O)Nc3nnn[nH]3)cc1)C1CCC(C(C)(C)C)CC1)n2C
CHEMBL458145,Active,24.0,12.0,2.0,0.0,0.0,0.0,0.0,3.0,38.0,10.0,3.0,0.0,0.0,0.0,0.0,8.0,1.0,0.0,0.0,0.0,0.0,0.0,0.0,32.0,20.0,5.0,0.0,0.0,0.0,0.0,2.0,0.0,31.0,19.0,3.0,0.0,0.0,0.0,0.0,3.0,0.0,32.0,19.0,2.0,0.0,0.0,0.0,0.0,0.0,3.0,0.0,0.0,0.0,0.0,36.0,19.0,2.0,0.0,0.0,0.0,0.0,0.0,1.0,0.0,0.0,0.0,0.0,0.0,0.0,0.0,0.0,41.0,10.0,2.0,0.0,0.0,0.0,0.0,1.0,1.0,0.0,0.0,0.0,31.0,15.0,5.0,0.0,0.0,0.0,0.0,0.0,0.0,0.0,0.0,0.0,35.0,4.0,6.0,0.0,0.0,0.0,0.0,4.0,2.0,0.0,0.0,0.0,0.0,0.0,22.0,11.0,8.0,0.0,0.0,0.0,0.0,2.0,0.0,0.0,0.0,2.0,0.0,0.0,0.0,0.0,5.0,4.0,0.0,0.0,0.0,2.0,0.0,0.0,4.0,1.0,0.0,1.0,0.0,0.0,1.0,1.0,1.0,0.0,1.0,1.0,0.0,0.0,0.0,1.0,13.0,1.0,10.0,0.0,0.0,5.0,1.0,0.0,0.0,0.0,14.0,0.0,0.0,0.0,2.0,11.0,7.0,2.0,0.0,0.0,0.0,14.0,0.0,0.0,0.0,14.0,0.0,0.0,9.0,0.0,7.0,3.0,0.0,4.0,2.0,0.0,2.0,0.0,0.0,0.0,2.0,0.0,0.0,2.0,0.0,0.0,0.0,0.0,0.0,0.0,0.0,0.0,0.0,0.0,3.0,1.0,0.0,1.0,0.0,0.0,0.0,0.0,0.0,0.0,0.0,2.0,1.0,0.0,0.0,2.0,0.0,0.0,0.0,0.0,2.0,0.0,0.0,0.0,0.0,Cn1c(N(Cc2ccc(C(=O)Nc3nnn[nH]3)cc2)C2CCC(C(C)(C)C)CC2)nc2cc(O)ccc21
CHEMBL419364,Inactive,19.0,3.0,3.0,0.0,0.0,0.0,0.0,1.0,24.0,6.0,5.0,0.0,0.0,0.0,0.0,0.0,1.0,0.0,0.0,0.0,0.0,0.0,0.0,21.0,8.0,7.0,0.0,0.0,0.0,0.0,0.0,2.0,12.0,11.0,7.0,0.0,0.0,0.0,0.0,0.0,0.0,8.0,9.0,5.0,0.0,0.0,0.0,0.0,1.0,1.0,0.0,0.0,0.0,0.0,9.0,5.0,2.0,0.0,0.0,0.0,0.0,1.0,2.0,0.0,0.0,0.0,1.0,0.0,0.0,0.0,0.0,13.0,2.0,3.0,0.0,0.0,0.0,0.0,0.0,2.0,0.0,0.0,0.0,15.0,1.0,5.0,0.0,0.0,0.0,0.0,0.0,0.0,0.0,0.0,0.0,15.0,2.0,3.0,0.0,0.0,0.0,0.0,0.0,0.0,0.0,0.0,1.0,0.0,0.0,11.0,3.0,4.0,0.0,0.0,0.0,0.0,0.0,0.0,0.0,0.0,0.0,0.0,0.0,0.0,0.0,0.0,0.0,0.0,0.0,0.0,0.0,0.0,0.0,0.0,1.0,0.0,1.0,0.0,1.0,2.0,0.0,1.0,0.0,0.0,1.0,0.0,0.0,0.0,2.0,2.0,1.0,0.0,0.0,0.0,0.0,0.0,0.0,0.0,0.0,0.0,0.0,0.0,0.0,0.0,0.0,0.0,0.0,0.0,0.0,0.0,0.0,0.0,0.0,0.0,0.0,0.0,0.0,0.0,0.0,0.0,0.0,0.0,0.0,0.0,0.0,0.0,0.0,0.0,0.0,0.0,0.0,0.0,0.0,0.0,0.0,0.0,0.0,0.0,0.0,0.0,0.0,0.0,0.0,1.0,0.0,0.0,0.0,0.0,0.0,0.0,0.0,0.0,0.0,0.0,3.0,1.0,0.0,0.0,1.0,0.0,0.0,0.0,0.0,3.0,0.0,0.0,0.0,0.0,Nc1cc(C(=O)NN=Cc2ccc(O)c3ccccc23)ccc1O
CHEMBL161827,Inactive,24.0,2.0,8.0,0.0,0.0,1.0,1.0,1.0,32.0,4.0,10.0,0.0,0.0,2.0,2.0,0.0,1.0,0.0,0.0,0.0,0.0,0.0,0.0,29.0,6.0,12.0,0.0,0.0,2.0,2.0,0.0,1.0,20.0,8.0,15.0,0.0,0.0,2.0,2.0,0.0,1.0,23.0,6.0,9.0,0.0,0.0,0.0,0.0,0.0,2.0,0.0,1.0,1.0,0.0,24.0,4.0,7.0,0.0,0.0,0.0,0.0,0.0,4.0,0.0,1.0,1.0,1.0,0.0,0.0,0.0,0.0,24.0,3.0,10.0,0.0,0.0,1.0,1.0,0.0,2.0,0.0,0.0,0.0,26.0,2.0,7.0,0.0,0.0,1.0,1.0,0.0,0.0,0.0,0.0,2.0,22.0,3.0,10.0,0.0,0.0,2.0,2.0,0.0,0.0,0.0,0.0,1.0,0.0,0.0,18.0,4.0,13.0,0.0,0.0,2.0,2.0,0.0,0.0,0.0,0.0,1.0,1.0,0.0,0.0,1.0,2.0,0.0,0.0,0.0,0.0,0.0,0.0,0.0,4.0,2.0,0.0,1.0,0.0,0.0,1.0,0.0,1.0,0.0,1.0,1.0,1.0,0.0,3.0,1.0,8.0,1.0,2.0,0.0,0.0,0.0,0.0,0.0,0.0,0.0,1.0,0.0,0.0,0.0,0.0,0.0,0.0,0.0,0.0,0.0,2.0,0.0,0.0,0.0,0.0,0.0,0.0,0.0,0.0,0.0,0.0,0.0,0.0,0.0,0.0,0.0,0.0,0.0,0.0,0.0,0.0,0.0,0.0,0.0,0.0,0.0,0.0,0.0,0.0,0.0,0.0,0.0,1.0,1.0,2.0,0.0,0.0,0.0,0.0,0.0,0.0,0.0,3.0,3.0,0.0,2.0,1.0,0.0,0.0,2.0,0.0,0.0,0.0,0.0,5.0,0.0,0.0,0.0,0.0,COc1cc(CNNC(=O)c2ccc(O)c(Cl)c2)cc(OC)c1OCc1ccc(C(C)C)cc1
CHEMBL515045,Inactive,29.0,12.0,1.0,0.0,0.0,0.0,0.0,3.0,43.0,12.0,1.0,0.0,0.0,0.0,0.0,8.0,1.0,0.0,0.0,0.0,0.0,0.0,0.0,36.0,22.0,3.0,0.0,0.0,0.0,0.0,2.0,0.0,39.0,23.0,2.0,0.0,0.0,0.0,0.0,2.0,0.0,44.0,23.0,1.0,0.0,0.0,0.0,0.0,0.0,2.0,0.0,0.0,0.0,0.0,52.0,19.0,1.0,0.0,0.0,0.0,0.0,0.0,0.0,0.0,0.0,0.0,0.0,0.0,0.0,0.0,0.0,57.0,10.0,0.0,0.0,0.0,0.0,0.0,1.0,1.0,0.0,0.0,0.0,45.0,15.0,2.0,0.0,0.0,0.0,0.0,0.0,0.0,0.0,0.0,0.0,45.0,4.0,2.0,0.0,0.0,0.0,0.0,4.0,2.0,0.0,0.0,0.0,0.0,0.0,34.0,11.0,5.0,0.0,0.0,0.0,0.0,2.0,0.0,0.0,0.0,3.0,0.0,0.0,0.0,0.0,9.0,6.0,0.0,0.0,0.0,5.0,1.0,0.0,3.0,1.0,0.0,1.0,0.0,0.0,0.0,1.0,1.0,0.0,1.0,0.0,0.0,0.0,0.0,0.0,17.0,1.0,15.0,0.0,0.0,5.0,1.0,0.0,0.0,0.0,19.0,0.0,0.0,0.0,2.0,11.0,7.0,2.0,0.0,0.0,0.0,19.0,0.0,0.0,0.0,15.0,0.0,0.0,9.0,0.0,7.0,3.0,0.0,4.0,2.0,0.0,2.0,0.0,0.0,0.0,2.0,0.0,0.0,2.0,0.0,0.0,0.0,0.0,0.0,0.0,0.0,0.0,0.0,0.0,3.0,1.0,0.0,1.0,0.0,0.0,0.0,0.0,0.0,0.0,0.0,2.0,1.0,0.0,0.0,2.0,0.0,0.0,0.0,0.0,1.0,0.0,0.0,0.0,0.0,CC(C)(C)C1CCC(N(Cc2ccc(C(=O)Nc3nnn[nH]3)cc2)c2nc3ccccc3n2C2CCCC2)CC1
CHEMBL2159326,Inactive,26.0,5.0,5.0,0.0,3.0,2.0,5.0,1.0,33.0,10.0,5.0,0.0,0.0,4.0,4.0,0.0,1.0,1.0,3.0,3.0,3.0,3.0,3.0,31.0,12.0,7.0,0.0,3.0,4.0,7.0,0.0,0.0,27.0,14.0,5.0,0.0,6.0,4.0,10.0,2.0,0.0,33.0,10.0,5.0,0.0,6.0,2.0,8.0,0.0,1.0,0.0,2.0,2.0,0.0,36.0,6.0,5.0,0.0,6.0,2.0,8.0,0.0,1.0,0.0,2.0,2.0,2.0,0.0,0.0,0.0,0.0,38.0,2.0,6.0,0.0,3.0,4.0,7.0,1.0,1.0,3.0,3.0,0.0,33.0,2.0,9.0,0.0,6.0,6.0,12.0,1.0,1.0,3.0,3.0,0.0,25.0,5.0,9.0,0.0,6.0,8.0,14.0,0.0,0.0,0.0,0.0,0.0,0.0,0.0,18.0,5.0,7.0,0.0,12.0,6.0,18.0,0.0,0.0,0.0,0.0,0.0,0.0,0.0,0.0,0.0,3.0,0.0,0.0,0.0,0.0,1.0,0.0,1.0,0.0,1.0,0.0,1.0,0.0,0.0,1.0,1.0,2.0,0.0,1.0,0.0,2.0,3.0,1.0,1.0,6.0,2.0,2.0,0.0,0.0,0.0,0.0,0.0,0.0,1.0,1.0,0.0,0.0,0.0,0.0,0.0,0.0,0.0,0.0,1.0,0.0,0.0,0.0,0.0,0.0,0.0,0.0,0.0,0.0,0.0,0.0,0.0,0.0,0.0,0.0,0.0,1.0,0.0,1.0,1.0,1.0,0.0,0.0,1.0,0.0,0.0,1.0,0.0,0.0,0.0,0.0,1.0,2.0,2.0,2.0,1.0,0.0,0.0,1.0,0.0,0.0,0.0,2.0,1.0,3.0,1.0,1.0,0.0,0.0,1.0,1.0,1.0,0.0,0.0,4.0,0.0,0.0,3.0,0.0,O=C(O)CCNC(=O)c1ccc(Cn2nc(-c3cc(Cl)cc(Cl)c3)cc2-c2cccc(OC(F)(F)F)c2)cc1
CHEMBL2159333,Inactive,31.0,5.0,5.0,0.0,3.0,2.0,5.0,1.0,41.0,10.0,5.0,0.0,0.0,4.0,4.0,0.0,1.0,1.0,3.0,3.0,3.0,3.0,3.0,40.0,12.0,8.0,0.0,3.0,4.0,7.0,0.0,0.0,35.0,14.0,6.0,0.0,6.0,4.0,10.0,2.0,0.0,39.0,11.0,6.0,0.0,9.0,2.0,11.0,0.0,0.0,0.0,2.0,2.0,0.0,42.0,8.0,4.0,0.0,9.0,2.0,11.0,0.0,1.0,0.0,2.0,2.0,2.0,0.0,0.0,0.0,0.0,44.0,5.0,6.0,0.0,6.0,4.0,10.0,1.0,2.0,0.0,0.0,0.0,43.0,4.0,7.0,0.0,3.0,6.0,9.0,1.0,1.0,3.0,3.0,0.0,37.0,5.0,9.0,0.0,6.0,8.0,14.0,0.0,0.0,3.0,3.0,0.0,0.0,0.0,32.0,5.0,9.0,0.0,6.0,8.0,14.0,0.0,0.0,0.0,0.0,0.0,0.0,0.0,0.0,0.0,3.0,0.0,0.0,0.0,0.0,1.0,0.0,1.0,0.0,1.0,0.0,1.0,0.0,0.0,1.0,1.0,2.0,0.0,1.0,1.0,2.0,3.0,1.0,1.0,6.0,2.0,2.0,0.0,0.0,0.0,0.0,0.0,0.0,1.0,1.0,0.0,0.0,0.0,0.0,0.0,0.0,0.0,0.0,1.0,0.0,0.0,0.0,0.0,0.0,0.0,0.0,0.0,0.0,0.0,0.0,0.0,0.0,0.0,0.0,0.0,1.0,0.0,1.0,1.0,1.0,0.0,0.0,1.0,0.0,0.0,1.0,0.0,0.0,0.0,0.0,1.0,2.0,2.0,2.0,1.0,0.0,0.0,1.0,0.0,0.0,0.0,2.0,1.0,3.0,1.0,1.0,0.0,0.0,1.0,1.0,1.0,0.0,0.0,4.0,0.0,0.0,3.0,0.0,O=C(O)CCNC(=O)c1ccc(Cn2nc(-c3cc(Cl)cc(Cl)c3)cc2-c2ccc3cccc(OC(F)(F)F)c3c2)cc1
CHEMBL153438,Active,20.0,2.0,3.0,0.0,0.0,1.0,1.0,1.0,26.0,4.0,4.0,0.0,0.0,2.0,2.0,0.0,1.0,0.0,0.0,0.0,0.0,0.0,0.0,24.0,6.0,6.0,0.0,0.0,2.0,2.0,0.0,1.0,15.0,9.0,7.0,0.0,0.0,2.0,2.0,0.0,0.0,10.0,9.0,6.0,0.0,0.0,0.0,0.0,0.0,0.0,0.0,1.0,1.0,0.0,9.0,6.0,4.0,0.0,0.0,0.0,0.0,0.0,1.0,0.0,1.0,1.0,1.0,0.0,0.0,0.0,0.0,13.0,2.0,3.0,0.0,0.0,1.0,1.0,0.0,2.0,0.0,0.0,0.0,16.0,0.0,4.0,0.0,0.0,1.0,1.0,0.0,1.0,0.0,0.0,0.0,16.0,0.0,4.0,0.0,0.0,2.0,2.0,0.0,0.0,0.0,0.0,0.0,0.0,0.0,13.0,0.0,3.0,0.0,0.0,3.0,3.0,0.0,0.0,0.0,1.0,0.0,0.0,0.0,0.0,0.0,1.0,0.0,0.0,0.0,0.0,0.0,0.0,0.0,0.0,1.0,0.0,1.0,0.0,0.0,2.0,0.0,1.0,0.0,0.0,1.0,1.0,0.0,0.0,2.0,3.0,1.0,0.0,0.0,0.0,0.0,0.0,0.0,0.0,0.0,0.0,0.0,0.0,0.0,0.0,0.0,0.0,0.0,0.0,0.0,0.0,0.0,0.0,0.0,0.0,0.0,0.0,0.0,0.0,0.0,0.0,0.0,0.0,0.0,0.0,0.0,0.0,0.0,0.0,0.0,0.0,0.0,0.0,0.0,0.0,0.0,0.0,0.0,0.0,0.0,0.0,0.0,1.0,1.0,1.0,0.0,0.0,0.0,0.0,0.0,0.0,0.0,1.0,0.0,0.0,2.0,1.0,0.0,0.0,1.0,0.0,0.0,0.0,0.0,3.0,0.0,0.0,0.0,0.0,O=C(NN=Cc1ccc(CO)c2ccccc12)c1ccc(O)c(Cl)c1
CHEMBL156654,Inactive,20.0,2.0,3.0,0.0,0.0,1.0,1.0,1.0,26.0,4.0,4.0,0.0,0.0,2.0,2.0,0.0,1.0,0.0,0.0,0.0,0.0,0.0,0.0,24.0,6.0,6.0,0.0,0.0,2.0,2.0,0.0,1.0,15.0,9.0,7.0,0.0,0.0,2.0,2.0,0.0,0.0,10.0,9.0,6.0,0.0,0.0,0.0,0.0,0.0,0.0,0.0,1.0,1.0,0.0,9.0,6.0,4.0,0.0,0.0,0.0,0.0,0.0,1.0,0.0,1.0,1.0,1.0,0.0,0.0,0.0,0.0,13.0,2.0,3.0,0.0,0.0,1.0,1.0,0.0,2.0,0.0,0.0,0.0,16.0,0.0,4.0,0.0,0.0,1.0,1.0,0.0,1.0,0.0,0.0,0.0,16.0,0.0,4.0,0.0,0.0,2.0,2.0,0.0,0.0,0.0,0.0,0.0,0.0,0.0,13.0,0.0,3.0,0.0,0.0,3.0,3.0,0.0,0.0,0.0,1.0,0.0,0.0,0.0,0.0,0.0,1.0,0.0,0.0,0.0,0.0,0.0,0.0,0.0,0.0,1.0,0.0,1.0,0.0,0.0,2.0,0.0,1.0,0.0,0.0,1.0,1.0,0.0,0.0,2.0,3.0,1.0,0.0,0.0,0.0,0.0,0.0,0.0,0.0,0.0,0.0,0.0,0.0,0.0,0.0,0.0,0.0,0.0,0.0,0.0,0.0,0.0,0.0,0.0,0.0,0.0,0.0,0.0,0.0,0.0,0.0,0.0,0.0,0.0,0.0,0.0,0.0,0.0,0.0,0.0,0.0,0.0,0.0,0.0,0.0,0.0,0.0,0.0,0.0,0.0,0.0,0.0,1.0,1.0,1.0,0.0,0.0,0.0,0.0,0.0,0.0,0.0,1.0,0.0,0.0,2.0,1.0,0.0,0.0,1.0,0.0,0.0,0.0,0.0,3.0,0.0,0.0,0.0,0.0,O=C(NN=Cc1cccc2c(CO)cccc12)c1ccc(O)c(Cl)c1
CHEMBL2112908,Active,24.0,6.0,3.0,0.0,0.0,0.0,0.0,1.0,32.0,9.0,4.0,0.0,0.0,0.0,0.0,0.0,2.0,0.0,0.0,0.0,0.0,0.0,0.0,26.0,12.0,8.0,0.0,0.0,0.0,0.0,0.0,1.0,20.0,13.0,9.0,0.0,0.0,0.0,0.0,1.0,0.0,17.0,13.0,9.0,0.0,0.0,0.0,0.0,1.0,0.0,0.0,0.0,0.0,0.0,22.0,8.0,3.0,0.0,0.0,0.0,0.0,1.0,3.0,0.0,0.0,0.0,1.0,0.0,0.0,0.0,0.0,26.0,4.0,2.0,0.0,0.0,0.0,0.0,1.0,3.0,0.0,0.0,0.0,23.0,6.0,5.0,0.0,0.0,0.0,0.0,0.0,0.0,0.0,0.0,0.0,19.0,7.0,4.0,0.0,0.0,0.0,0.0,0.0,0.0,0.0,0.0,1.0,0.0,0.0,17.0,6.0,5.0,0.0,0.0,0.0,0.0,0.0,0.0,0.0,0.0,1.0,0.0,0.0,0.0,0.0,5.0,3.0,0.0,0.0,0.0,3.0,1.0,1.0,0.0,1.0,0.0,1.0,0.0,0.0,1.0,0.0,2.0,0.0,0.0,1.0,0.0,0.0,0.0,1.0,10.0,2.0,7.0,0.0,0.0,1.0,0.0,0.0,0.0,1.0,8.0,0.0,0.0,0.0,0.0,3.0,3.0,0.0,0.0,1.0,0.0,9.0,0.0,2.0,0.0,5.0,0.0,2.0,3.0,0.0,1.0,0.0,0.0,0.0,0.0,0.0,0.0,0.0,0.0,0.0,0.0,0.0,0.0,0.0,0.0,0.0,0.0,0.0,0.0,0.0,0.0,0.0,0.0,0.0,1.0,0.0,0.0,0.0,0.0,0.0,0.0,0.0,0.0,0.0,0.0,3.0,1.0,0.0,0.0,1.0,0.0,0.0,0.0,0.0,3.0,0.0,0.0,0.0,0.0,N#Cc1cc(C(=O)NN=Cc2cn(C(=O)CC3CCCC3)c3ccccc23)ccc1O
CHEMBL152348,Active,24.0,4.0,5.0,2.0,0.0,1.0,1.0,1.0,31.0,7.0,6.0,3.0,0.0,2.0,2.0,0.0,2.0,0.0,0.0,0.0,0.0,0.0,0.0,27.0,9.0,8.0,3.0,0.0,2.0,2.0,0.0,2.0,18.0,12.0,11.0,2.0,0.0,2.0,2.0,0.0,0.0,18.0,9.0,8.0,0.0,0.0,0.0,0.0,0.0,1.0,0.0,1.0,1.0,1.0,20.0,5.0,7.0,1.0,0.0,0.0,0.0,1.0,2.0,0.0,1.0,1.0,1.0,0.0,0.0,0.0,0.0,23.0,3.0,7.0,2.0,0.0,1.0,1.0,1.0,1.0,0.0,0.0,0.0,25.0,3.0,5.0,2.0,0.0,1.0,1.0,0.0,1.0,0.0,0.0,1.0,22.0,3.0,6.0,2.0,0.0,2.0,2.0,0.0,2.0,0.0,0.0,0.0,0.0,0.0,16.0,5.0,7.0,1.0,0.0,2.0,2.0,0.0,0.0,0.0,0.0,0.0,0.0,0.0,0.0,0.0,1.0,0.0,0.0,0.0,0.0,0.0,0.0,1.0,1.0,2.0,0.0,2.0,0.0,0.0,1.0,0.0,2.0,0.0,0.0,2.0,1.0,0.0,1.0,1.0,5.0,2.0,1.0,1.0,0.0,0.0,0.0,0.0,0.0,1.0,0.0,0.0,0.0,0.0,0.0,0.0,0.0,0.0,0.0,0.0,0.0,0.0,0.0,0.0,0.0,0.0,0.0,0.0,0.0,0.0,0.0,0.0,0.0,0.0,0.0,0.0,0.0,0.0,0.0,0.0,1.0,0.0,0.0,0.0,0.0,0.0,0.0,0.0,0.0,0.0,0.0,0.0,1.0,1.0,2.0,0.0,0.0,0.0,0.0,1.0,0.0,0.0,1.0,1.0,0.0,3.0,2.0,0.0,0.0,1.0,0.0,0.0,0.0,0.0,4.0,0.0,0.0,0.0,0.0,COc1cc(C=NNC(=O)c2ccc(O)c(Cl)c2)ccc1NC(=O)Cc1csc2ccccc12
CHEMBL447742,Active,33.0,7.0,5.0,0.0,0.0,0.0,0.0,0.0,46.0,7.0,5.0,0.0,0.0,0.0,0.0,1.0,3.0,1.0,0.0,0.0,0.0,0.0,0.0,42.0,12.0,8.0,0.0,0.0,0.0,0.0,0.0,1.0,37.0,12.0,9.0,0.0,0.0,0.0,0.0,2.0,0.0,38.0,12.0,11.0,0.0,0.0,0.0,0.0,0.0,0.0,0.0,0.0,0.0,1.0,39.0,9.0,10.0,0.0,0.0,0.0,0.0,0.0,0.0,0.0,0.0,0.0,2.0,0.0,0.0,0.0,0.0,41.0,7.0,11.0,0.0,0.0,0.0,0.0,1.0,1.0,0.0,0.0,0.0,44.0,7.0,10.0,0.0,0.0,0.0,0.0,0.0,0.0,0.0,0.0,0.0,46.0,5.0,7.0,0.0,0.0,0.0,0.0,1.0,2.0,0.0,0.0,1.0,0.0,0.0,45.0,6.0,7.0,0.0,0.0,0.0,0.0,0.0,1.0,0.0,0.0,2.0,0.0,0.0,1.0,0.0,7.0,3.0,1.0,0.0,0.0,4.0,3.0,0.0,3.0,2.0,0.0,2.0,0.0,0.0,2.0,1.0,3.0,0.0,2.0,0.0,0.0,0.0,0.0,2.0,16.0,3.0,11.0,0.0,0.0,1.0,0.0,0.0,0.0,1.0,10.0,0.0,0.0,0.0,0.0,0.0,0.0,0.0,0.0,1.0,5.0,6.0,0.0,0.0,2.0,6.0,0.0,0.0,1.0,0.0,0.0,0.0,0.0,0.0,0.0,0.0,1.0,0.0,1.0,1.0,1.0,0.0,0.0,1.0,0.0,0.0,1.0,0.0,0.0,0.0,0.0,3.0,0.0,0.0,5.0,2.0,0.0,0.0,2.0,3.0,0.0,1.0,2.0,0.0,0.0,3.0,3.0,0.0,0.0,2.0,1.0,1.0,0.0,1.0,5.0,0.0,0.0,0.0,1.0,CC(C)(C)c1cccc(NC(=O)N(Cc2ccc(C(=O)NCC(O)C(=O)O)cc2)c2ccc(C3CCCCC3)cc2)c1
CHEMBL520893,Active,29.0,7.0,5.0,0.0,0.0,1.0,1.0,0.0,38.0,7.0,5.0,0.0,0.0,2.0,2.0,1.0,3.0,1.0,0.0,0.0,0.0,0.0,0.0,34.0,12.0,8.0,0.0,0.0,2.0,2.0,0.0,1.0,30.0,11.0,9.0,0.0,0.0,1.0,1.0,2.0,0.0,34.0,9.0,11.0,0.0,0.0,1.0,1.0,0.0,0.0,0.0,0.0,0.0,1.0,36.0,8.0,9.0,0.0,0.0,0.0,0.0,0.0,0.0,0.0,1.0,1.0,2.0,1.0,0.0,0.0,0.0,39.0,4.0,8.0,0.0,0.0,2.0,2.0,1.0,1.0,0.0,0.0,0.0,35.0,7.0,10.0,0.0,0.0,3.0,3.0,0.0,0.0,0.0,0.0,0.0,33.0,5.0,7.0,0.0,0.0,4.0,4.0,1.0,2.0,0.0,0.0,1.0,0.0,0.0,30.0,6.0,7.0,0.0,0.0,3.0,3.0,0.0,1.0,0.0,0.0,1.0,0.0,0.0,1.0,0.0,6.0,1.0,1.0,0.0,0.0,3.0,2.0,0.0,0.0,2.0,0.0,2.0,0.0,0.0,2.0,0.0,3.0,0.0,2.0,0.0,1.0,0.0,0.0,2.0,12.0,3.0,7.0,0.0,0.0,0.0,0.0,0.0,0.0,1.0,5.0,0.0,0.0,0.0,0.0,0.0,0.0,0.0,0.0,1.0,1.0,3.0,0.0,0.0,1.0,2.0,0.0,0.0,1.0,0.0,0.0,0.0,0.0,0.0,0.0,0.0,1.0,0.0,1.0,1.0,1.0,0.0,0.0,1.0,0.0,0.0,1.0,0.0,0.0,0.0,0.0,3.0,1.0,1.0,5.0,2.0,0.0,0.0,2.0,3.0,0.0,1.0,2.0,0.0,0.0,3.0,3.0,0.0,0.0,2.0,1.0,1.0,0.0,1.0,5.0,0.0,0.0,0.0,1.0,O=C(NCC(O)C(=O)O)c1ccc(CN(C(=O)Nc2cccc(Cl)c2)c2ccc(C3=CCCCC3)cc2)cc1
CHEMBL3237924,Active,31.0,9.0,2.0,0.0,0.0,2.0,2.0,3.0,42.0,15.0,2.0,0.0,0.0,4.0,4.0,4.0,2.0,0.0,0.0,0.0,0.0,0.0,0.0,44.0,15.0,6.0,0.0,0.0,4.0,4.0,2.0,1.0,44.0,15.0,9.0,0.0,0.0,4.0,4.0,0.0,0.0,49.0,15.0,8.0,0.0,0.0,2.0,2.0,0.0,2.0,0.0,2.0,2.0,0.0,52.0,18.0,6.0,0.0,0.0,2.0,2.0,0.0,2.0,0.0,2.0,2.0,0.0,2.0,0.0,0.0,0.0,57.0,11.0,4.0,0.0,0.0,6.0,6.0,1.0,1.0,0.0,0.0,0.0,48.0,11.0,7.0,0.0,0.0,8.0,8.0,0.0,0.0,0.0,0.0,0.0,44.0,9.0,4.0,0.0,0.0,8.0,8.0,1.0,2.0,0.0,0.0,1.0,0.0,0.0,35.0,9.0,5.0,0.0,0.0,8.0,8.0,2.0,0.0,0.0,0.0,2.0,0.0,0.0,0.0,0.0,8.0,3.0,0.0,0.0,0.0,4.0,1.0,0.0,4.0,1.0,0.0,1.0,0.0,0.0,0.0,2.0,2.0,0.0,1.0,0.0,2.0,0.0,0.0,0.0,19.0,2.0,15.0,1.0,0.0,5.0,2.0,1.0,0.0,1.0,17.0,0.0,0.0,0.0,2.0,11.0,7.0,4.0,2.0,0.0,2.0,16.0,0.0,0.0,1.0,15.0,0.0,0.0,9.0,6.0,7.0,3.0,7.0,9.0,5.0,3.0,5.0,3.0,3.0,0.0,6.0,4.0,5.0,8.0,3.0,0.0,3.0,5.0,0.0,0.0,0.0,0.0,2.0,2.0,6.0,4.0,2.0,2.0,3.0,0.0,0.0,0.0,0.0,0.0,0.0,3.0,2.0,0.0,0.0,2.0,0.0,0.0,0.0,0.0,2.0,0.0,0.0,0.0,0.0,CCCCC(c1ccc(C(=O)NCc2nn[nH]n2)cc1)N1C(=O)C(c2cc(Cl)cc(Cl)c2)=NC12CCC(C(C)(C)C)CC2
CHEMBL3237928,Active,32.0,9.0,2.0,0.0,0.0,2.0,2.0,3.0,44.0,15.0,2.0,0.0,0.0,4.0,4.0,4.0,2.0,0.0,0.0,0.0,0.0,0.0,0.0,45.0,15.0,6.0,0.0,0.0,4.0,4.0,2.0,1.0,45.0,15.0,9.0,0.0,0.0,4.0,4.0,0.0,0.0,50.0,16.0,8.0,0.0,0.0,2.0,2.0,0.0,2.0,0.0,2.0,2.0,0.0,56.0,18.0,6.0,0.0,0.0,2.0,2.0,0.0,2.0,0.0,2.0,2.0,0.0,2.0,0.0,0.0,0.0,62.0,12.0,5.0,0.0,0.0,6.0,6.0,1.0,1.0,0.0,0.0,0.0,52.0,11.0,7.0,0.0,0.0,8.0,8.0,0.0,0.0,0.0,0.0,0.0,48.0,9.0,4.0,0.0,0.0,8.0,8.0,1.0,2.0,0.0,0.0,1.0,0.0,0.0,38.0,10.0,6.0,0.0,0.0,8.0,8.0,2.0,0.0,0.0,0.0,3.0,1.0,0.0,0.0,1.0,7.0,4.0,0.0,0.0,0.0,3.0,0.0,0.0,5.0,1.0,0.0,1.0,0.0,0.0,0.0,2.0,2.0,0.0,1.0,0.0,2.0,0.0,0.0,0.0,20.0,2.0,16.0,1.0,0.0,6.0,2.0,1.0,0.0,1.0,19.0,0.0,0.0,0.0,2.0,12.0,7.0,4.0,2.0,0.0,2.0,17.0,0.0,0.0,1.0,16.0,0.0,0.0,9.0,6.0,7.0,3.0,7.0,10.0,5.0,3.0,5.0,3.0,3.0,0.0,6.0,4.0,5.0,8.0,3.0,0.0,3.0,5.0,0.0,0.0,0.0,0.0,2.0,2.0,6.0,4.0,2.0,2.0,3.0,0.0,0.0,0.0,0.0,0.0,0.0,3.0,2.0,0.0,0.0,2.0,0.0,0.0,0.0,0.0,2.0,0.0,0.0,0.0,0.0,CC(C)CCC(c1ccc(C(=O)NCc2nn[nH]n2)cc1)N1C(=O)C(c2cc(Cl)cc(Cl)c2)=NC12CCC(C(C)(C)C)CC2
CHEMBL3238221,Active,33.0,9.0,2.0,0.0,1.0,0.0,1.0,3.0,47.0,15.0,2.0,0.0,2.0,0.0,2.0,4.0,2.0,0.0,0.0,0.0,0.0,0.0,0.0,46.0,15.0,6.0,0.0,2.0,0.0,2.0,2.0,1.0,46.0,15.0,9.0,0.0,1.0,0.0,1.0,0.0,0.0,51.0,17.0,8.0,0.0,1.0,0.0,1.0,0.0,2.0,0.0,0.0,0.0,0.0,60.0,18.0,6.0,0.0,1.0,0.0,1.0,0.0,2.0,1.0,0.0,1.0,0.0,0.0,0.0,0.0,0.0,67.0,13.0,6.0,0.0,1.0,0.0,1.0,1.0,1.0,1.0,1.0,0.0,56.0,11.0,7.0,0.0,3.0,0.0,3.0,0.0,0.0,0.0,0.0,0.0,52.0,9.0,4.0,0.0,4.0,0.0,4.0,1.0,2.0,0.0,0.0,1.0,0.0,0.0,41.0,11.0,7.0,0.0,4.0,0.0,4.0,2.0,0.0,0.0,0.0,2.0,0.0,0.0,0.0,0.0,7.0,3.0,0.0,0.0,0.0,3.0,0.0,0.0,6.0,1.0,0.0,1.0,0.0,0.0,0.0,3.0,2.0,0.0,2.0,0.0,0.0,1.0,0.0,0.0,21.0,2.0,17.0,1.0,0.0,9.0,2.0,1.0,0.0,1.0,22.0,0.0,0.0,0.0,3.0,14.0,7.0,4.0,2.0,0.0,2.0,18.0,0.0,0.0,1.0,17.0,0.0,0.0,9.0,6.0,7.0,3.0,7.0,11.0,5.0,3.0,5.0,3.0,3.0,0.0,6.0,4.0,5.0,8.0,3.0,0.0,3.0,5.0,0.0,0.0,0.0,0.0,0.0,0.0,6.0,4.0,2.0,2.0,3.0,0.0,0.0,0.0,0.0,0.0,1.0,3.0,2.0,0.0,0.0,2.0,0.0,0.0,0.0,0.0,2.0,0.0,0.0,0.0,0.0,CC(C)(C)CCC(c1ccc(C(=O)NCc2nn[nH]n2)cc1)N1C(=O)C(c2ccc(F)cc2)=NC12CCC(C(C)(C)C)CC2
CHEMBL3238225,Active,33.0,9.0,4.0,0.0,0.0,0.0,0.0,3.0,48.0,15.0,4.0,0.0,0.0,0.0,0.0,4.0,2.0,0.0,0.0,0.0,0.0,0.0,0.0,48.0,15.0,8.0,0.0,0.0,0.0,0.0,2.0,1.0,48.0,15.0,10.0,0.0,0.0,0.0,0.0,0.0,0.0,52.0,17.0,9.0,0.0,0.0,0.0,0.0,0.0,2.0,0.0,0.0,0.0,0.0,61.0,18.0,7.0,0.0,0.0,0.0,0.0,0.0,3.0,0.0,0.0,0.0,0.0,0.0,0.0,0.0,0.0,68.0,14.0,7.0,0.0,0.0,0.0,0.0,1.0,2.0,0.0,0.0,1.0,57.0,12.0,11.0,0.0,0.0,0.0,0.0,0.0,0.0,0.0,0.0,0.0,55.0,9.0,8.0,0.0,0.0,0.0,0.0,1.0,2.0,0.0,0.0,1.0,0.0,0.0,45.0,11.0,11.0,0.0,0.0,0.0,0.0,2.0,0.0,0.0,0.0,2.0,0.0,0.0,0.0,0.0,7.0,3.0,0.0,0.0,0.0,3.0,0.0,0.0,7.0,1.0,0.0,1.0,0.0,0.0,0.0,3.0,2.0,0.0,2.0,0.0,0.0,0.0,1.0,0.0,22.0,2.0,17.0,1.0,0.0,9.0,2.0,1.0,0.0,1.0,22.0,0.0,0.0,0.0,3.0,14.0,7.0,4.0,2.0,0.0,2.0,18.0,0.0,0.0,1.0,17.0,0.0,0.0,9.0,6.0,7.0,3.0,7.0,11.0,5.0,3.0,5.0,3.0,3.0,0.0,6.0,4.0,5.0,8.0,3.0,0.0,3.0,5.0,0.0,0.0,0.0,0.0,0.0,0.0,6.0,4.0,2.0,2.0,3.0,0.0,0.0,0.0,1.0,1.0,0.0,3.0,2.0,0.0,0.0,2.0,0.0,0.0,0.0,0.0,3.0,0.0,0.0,0.0,0.0,COc1ccc(C2=NC3(CCC(C(C)(C)C)CC3)N(C(CCC(C)(C)C)c3ccc(C(=O)NCc4nn[nH]n4)cc3)C2=O)cc1
CHEMBL4229115,Active,33.0,5.0,5.0,0.0,0.0,2.0,2.0,1.0,44.0,11.0,5.0,0.0,0.0,4.0,4.0,0.0,1.0,1.0,0.0,0.0,0.0,0.0,0.0,45.0,15.0,7.0,0.0,0.0,4.0,4.0,0.0,0.0,44.0,14.0,5.0,0.0,0.0,4.0,4.0,2.0,0.0,48.0,11.0,6.0,0.0,0.0,2.0,2.0,0.0,0.0,0.0,2.0,2.0,0.0,52.0,8.0,4.0,0.0,0.0,4.0,4.0,0.0,0.0,0.0,2.0,2.0,2.0,0.0,0.0,0.0,0.0,52.0,5.0,6.0,0.0,0.0,4.0,4.0,1.0,1.0,0.0,0.0,0.0,48.0,3.0,6.0,0.0,0.0,8.0,8.0,1.0,2.0,0.0,0.0,0.0,39.0,6.0,8.0,0.0,0.0,8.0,8.0,0.0,1.0,0.0,0.0,0.0,0.0,0.0,32.0,7.0,9.0,0.0,0.0,8.0,8.0,0.0,0.0,0.0,0.0,1.0,1.0,0.0,0.0,0.0,2.0,0.0,0.0,0.0,0.0,1.0,0.0,1.0,3.0,1.0,0.0,1.0,0.0,0.0,1.0,0.0,2.0,0.0,1.0,2.0,2.0,0.0,1.0,1.0,8.0,2.0,3.0,0.0,0.0,0.0,0.0,0.0,0.0,1.0,1.0,0.0,0.0,0.0,0.0,0.0,0.0,0.0,0.0,1.0,1.0,0.0,0.0,0.0,0.0,0.0,0.0,0.0,0.0,0.0,0.0,0.0,0.0,0.0,0.0,0.0,1.0,0.0,1.0,1.0,1.0,0.0,0.0,1.0,0.0,0.0,1.0,0.0,0.0,0.0,0.0,1.0,2.0,2.0,2.0,1.0,0.0,0.0,1.0,0.0,0.0,0.0,2.0,1.0,0.0,1.0,1.0,0.0,0.0,1.0,1.0,1.0,0.0,0.0,4.0,0.0,0.0,0.0,0.0,COc1ccc2cc(-c3c(C)c(-c4cc(Cl)cc(Cl)c4)nn3C(C)c3ccc(C(=O)NCCC(=O)O)cc3)ccc2c1
CHEMBL4226972,Inactive,34.0,5.0,5.0,0.0,0.0,2.0,2.0,1.0,44.0,11.0,6.0,0.0,0.0,4.0,4.0,0.0,1.0,1.0,0.0,0.0,0.0,0.0,0.0,46.0,15.0,7.0,0.0,0.0,4.0,4.0,0.0,0.0,46.0,14.0,5.0,0.0,0.0,4.0,4.0,2.0,0.0,50.0,11.0,6.0,0.0,0.0,2.0,2.0,0.0,0.0,0.0,2.0,2.0,0.0,54.0,8.0,4.0,0.0,0.0,4.0,4.0,0.0,0.0,0.0,2.0,2.0,2.0,0.0,0.0,0.0,0.0,54.0,5.0,6.0,0.0,0.0,4.0,4.0,1.0,1.0,0.0,0.0,0.0,49.0,3.0,6.0,0.0,0.0,8.0,8.0,1.0,2.0,0.0,0.0,0.0,40.0,6.0,8.0,0.0,0.0,8.0,8.0,0.0,1.0,0.0,0.0,0.0,0.0,0.0,33.0,8.0,9.0,0.0,0.0,8.0,8.0,0.0,0.0,0.0,0.0,1.0,1.0,0.0,0.0,0.0,3.0,0.0,0.0,0.0,0.0,1.0,0.0,1.0,3.0,1.0,0.0,1.0,0.0,0.0,1.0,0.0,2.0,0.0,1.0,2.0,2.0,0.0,1.0,1.0,9.0,2.0,4.0,0.0,0.0,0.0,0.0,0.0,0.0,1.0,1.0,0.0,0.0,0.0,0.0,0.0,0.0,0.0,0.0,1.0,1.0,0.0,0.0,0.0,0.0,0.0,0.0,0.0,0.0,0.0,0.0,0.0,0.0,0.0,0.0,0.0,1.0,0.0,1.0,1.0,1.0,0.0,0.0,1.0,0.0,0.0,1.0,0.0,0.0,0.0,0.0,2.0,2.0,2.0,2.0,1.0,0.0,0.0,1.0,0.0,0.0,0.0,2.0,1.0,0.0,1.0,1.0,0.0,0.0,1.0,1.0,1.0,0.0,0.0,4.0,0.0,0.0,0.0,0.0,CCOc1ccc2cc(-c3c(C)c(-c4cc(Cl)cc(Cl)c4)nn3C(C)c3ccc(C(=O)NCCC(=O)O)cc3)ccc2c1
CHEMBL4228281,Inactive,30.0,5.0,5.0,0.0,0.0,2.0,2.0,1.0,39.0,11.0,6.0,0.0,0.0,4.0,4.0,0.0,1.0,1.0,0.0,0.0,0.0,0.0,0.0,38.0,15.0,7.0,0.0,0.0,4.0,4.0,0.0,0.0,39.0,14.0,4.0,0.0,0.0,4.0,4.0,2.0,0.0,43.0,11.0,5.0,0.0,0.0,2.0,2.0,0.0,0.0,0.0,2.0,2.0,0.0,48.0,7.0,4.0,0.0,0.0,4.0,4.0,0.0,1.0,0.0,2.0,2.0,2.0,0.0,0.0,0.0,0.0,47.0,3.0,8.0,0.0,0.0,4.0,4.0,1.0,2.0,0.0,0.0,0.0,41.0,2.0,8.0,0.0,0.0,8.0,8.0,1.0,1.0,0.0,0.0,0.0,31.0,5.0,9.0,0.0,0.0,8.0,8.0,0.0,0.0,0.0,0.0,0.0,0.0,0.0,21.0,6.0,10.0,0.0,0.0,8.0,8.0,0.0,0.0,0.0,0.0,1.0,1.0,0.0,0.0,0.0,2.0,0.0,0.0,0.0,0.0,1.0,0.0,1.0,2.0,1.0,0.0,1.0,0.0,0.0,1.0,0.0,2.0,0.0,1.0,1.0,2.0,0.0,0.0,1.0,7.0,2.0,3.0,0.0,0.0,0.0,0.0,0.0,0.0,1.0,1.0,0.0,0.0,0.0,0.0,0.0,0.0,0.0,0.0,1.0,1.0,0.0,0.0,0.0,0.0,0.0,0.0,0.0,0.0,0.0,0.0,0.0,0.0,0.0,0.0,0.0,1.0,0.0,1.0,1.0,1.0,0.0,0.0,1.0,0.0,0.0,1.0,0.0,0.0,0.0,0.0,1.0,2.0,2.0,2.0,1.0,0.0,0.0,1.0,0.0,0.0,0.0,1.0,0.0,0.0,1.0,1.0,0.0,0.0,1.0,1.0,1.0,0.0,0.0,3.0,0.0,0.0,0.0,0.0,Cc1c(-c2cc(Cl)cc(Cl)c2)nn(C(C)c2ccc(C(=O)NCCC(=O)O)cc2)c1-c1ccc2occc2c1
CHEMBL4227906,Inactive,25.0,5.0,3.0,2.0,0.0,2.0,2.0,1.0,31.0,11.0,3.0,3.0,0.0,4.0,4.0,0.0,1.0,1.0,0.0,0.0,0.0,0.0,0.0,30.0,14.0,5.0,1.0,0.0,4.0,4.0,0.0,0.0,31.0,13.0,3.0,3.0,0.0,4.0,4.0,2.0,0.0,37.0,9.0,4.0,3.0,0.0,2.0,2.0,0.0,0.0,0.0,2.0,2.0,0.0,37.0,4.0,3.0,4.0,0.0,4.0,4.0,0.0,0.0,0.0,2.0,2.0,2.0,0.0,0.0,0.0,0.0,34.0,2.0,5.0,4.0,0.0,4.0,4.0,1.0,1.0,0.0,0.0,0.0,28.0,2.0,5.0,2.0,0.0,6.0,6.0,1.0,1.0,0.0,0.0,0.0,18.0,5.0,5.0,1.0,0.0,8.0,8.0,0.0,0.0,0.0,0.0,0.0,0.0,0.0,13.0,5.0,5.0,0.0,0.0,4.0,4.0,0.0,0.0,0.0,0.0,1.0,1.0,0.0,0.0,0.0,2.0,0.0,0.0,0.0,0.0,1.0,0.0,1.0,2.0,1.0,0.0,1.0,0.0,0.0,1.0,0.0,2.0,0.0,1.0,0.0,2.0,0.0,0.0,1.0,7.0,2.0,3.0,0.0,0.0,0.0,0.0,0.0,0.0,1.0,1.0,0.0,0.0,0.0,0.0,0.0,0.0,0.0,0.0,1.0,1.0,0.0,0.0,0.0,0.0,0.0,0.0,0.0,0.0,0.0,0.0,0.0,0.0,0.0,0.0,0.0,1.0,0.0,1.0,1.0,1.0,0.0,0.0,1.0,0.0,0.0,1.0,0.0,0.0,0.0,0.0,1.0,2.0,2.0,2.0,1.0,0.0,0.0,1.0,0.0,0.0,0.0,1.0,0.0,0.0,1.0,1.0,0.0,0.0,1.0,1.0,1.0,0.0,0.0,3.0,0.0,0.0,0.0,0.0,Cc1c(-c2cc(Cl)cc(Cl)c2)nn(C(C)c2ccc(C(=O)NCCC(=O)O)cc2)c1-c1cccs1
CHEMBL4225922,Inactive,35.0,5.0,3.0,0.0,0.0,2.0,2.0,1.0,45.0,11.0,3.0,0.0,0.0,4.0,4.0,0.0,1.0,1.0,0.0,0.0,0.0,0.0,0.0,45.0,15.0,5.0,0.0,0.0,4.0,4.0,0.0,0.0,46.0,14.0,3.0,0.0,0.0,4.0,4.0,2.0,0.0,52.0,11.0,4.0,0.0,0.0,2.0,2.0,0.0,0.0,0.0,2.0,2.0,0.0,55.0,8.0,3.0,0.0,0.0,4.0,4.0,0.0,0.0,0.0,2.0,2.0,2.0,0.0,0.0,0.0,0.0,54.0,6.0,5.0,0.0,0.0,4.0,4.0,1.0,1.0,0.0,0.0,0.0,51.0,5.0,5.0,0.0,0.0,8.0,8.0,1.0,1.0,0.0,0.0,0.0,44.0,6.0,5.0,0.0,0.0,8.0,8.0,0.0,0.0,0.0,0.0,0.0,0.0,0.0,36.0,6.0,6.0,0.0,0.0,8.0,8.0,0.0,0.0,0.0,0.0,1.0,1.0,0.0,0.0,0.0,2.0,0.0,0.0,0.0,0.0,1.0,0.0,1.0,2.0,1.0,0.0,1.0,0.0,0.0,1.0,0.0,2.0,0.0,1.0,0.0,2.0,0.0,0.0,1.0,7.0,2.0,3.0,0.0,0.0,0.0,0.0,0.0,0.0,1.0,1.0,0.0,0.0,0.0,0.0,0.0,0.0,0.0,0.0,1.0,1.0,0.0,0.0,0.0,0.0,0.0,0.0,0.0,0.0,0.0,0.0,0.0,0.0,0.0,0.0,0.0,1.0,0.0,1.0,1.0,1.0,0.0,0.0,1.0,0.0,0.0,1.0,0.0,0.0,0.0,0.0,1.0,2.0,2.0,2.0,1.0,0.0,0.0,1.0,0.0,0.0,0.0,1.0,0.0,0.0,1.0,1.0,0.0,0.0,1.0,1.0,1.0,0.0,0.0,3.0,0.0,0.0,0.0,0.0,Cc1c(-c2cc(Cl)cc(Cl)c2)nn(C(C)c2ccc(C(=O)NCCC(=O)O)cc2)c1-c1cccc(-c2ccccc2)c1
CHEMBL158295,Active,27.0,6.0,3.0,0.0,0.0,0.0,0.0,1.0,36.0,9.0,4.0,0.0,0.0,0.0,0.0,0.0,2.0,0.0,0.0,0.0,0.0,0.0,0.0,37.0,10.0,8.0,0.0,0.0,0.0,0.0,0.0,1.0,27.0,13.0,9.0,0.0,0.0,0.0,0.0,1.0,0.0,21.0,15.0,8.0,0.0,0.0,0.0,0.0,0.0,0.0,0.0,0.0,0.0,0.0,24.0,10.0,5.0,0.0,0.0,0.0,0.0,1.0,2.0,0.0,0.0,0.0,1.0,0.0,0.0,0.0,0.0,31.0,5.0,5.0,0.0,0.0,0.0,0.0,1.0,1.0,0.0,0.0,0.0,33.0,2.0,4.0,0.0,0.0,0.0,0.0,1.0,1.0,0.0,0.0,0.0,28.0,3.0,3.0,0.0,0.0,0.0,0.0,1.0,1.0,0.0,0.0,0.0,0.0,0.0,19.0,8.0,4.0,0.0,0.0,0.0,0.0,0.0,0.0,0.0,0.0,1.0,1.0,0.0,0.0,0.0,5.0,1.0,0.0,0.0,0.0,3.0,2.0,1.0,1.0,1.0,0.0,1.0,0.0,0.0,1.0,0.0,2.0,0.0,0.0,1.0,0.0,0.0,0.0,1.0,11.0,2.0,6.0,1.0,0.0,0.0,1.0,1.0,0.0,1.0,4.0,0.0,0.0,0.0,0.0,0.0,0.0,1.0,1.0,0.0,1.0,3.0,0.0,0.0,0.0,2.0,0.0,0.0,1.0,0.0,0.0,0.0,1.0,1.0,2.0,2.0,2.0,2.0,2.0,0.0,4.0,4.0,5.0,8.0,3.0,0.0,3.0,5.0,0.0,0.0,0.0,0.0,0.0,0.0,4.0,3.0,2.0,2.0,2.0,0.0,0.0,0.0,0.0,0.0,0.0,4.0,2.0,0.0,0.0,1.0,0.0,0.0,0.0,0.0,3.0,0.0,0.0,0.0,0.0,CC1CCCCN1C(=O)Cc1ccc(C=NNC(=O)c2ccc(O)c(C#N)c2)c2ccccc12
CHEMBL198736,Active,26.0,7.0,6.0,0.0,3.0,0.0,3.0,0.0,37.0,7.0,5.0,0.0,0.0,0.0,0.0,1.0,3.0,1.0,3.0,3.0,3.0,3.0,3.0,33.0,12.0,10.0,0.0,3.0,0.0,3.0,0.0,0.0,29.0,11.0,9.0,0.0,6.0,0.0,6.0,2.0,0.0,30.0,9.0,10.0,0.0,6.0,0.0,6.0,0.0,1.0,0.0,0.0,0.0,0.0,32.0,10.0,8.0,0.0,3.0,0.0,3.0,0.0,0.0,0.0,0.0,0.0,2.0,0.0,0.0,0.0,0.0,41.0,2.0,6.0,0.0,0.0,0.0,0.0,1.0,2.0,3.0,3.0,1.0,32.0,8.0,13.0,0.0,3.0,0.0,3.0,0.0,0.0,0.0,0.0,0.0,34.0,3.0,7.0,0.0,0.0,0.0,0.0,1.0,2.0,3.0,3.0,1.0,3.0,3.0,30.0,5.0,10.0,0.0,6.0,0.0,6.0,0.0,0.0,0.0,0.0,2.0,0.0,0.0,0.0,0.0,7.0,4.0,0.0,0.0,0.0,3.0,0.0,1.0,3.0,2.0,0.0,2.0,0.0,0.0,1.0,2.0,3.0,0.0,2.0,0.0,0.0,3.0,1.0,1.0,17.0,3.0,12.0,0.0,0.0,5.0,1.0,1.0,0.0,1.0,15.0,0.0,0.0,0.0,2.0,11.0,7.0,2.0,2.0,1.0,0.0,14.0,0.0,0.0,0.0,14.0,0.0,0.0,9.0,6.0,7.0,3.0,7.0,4.0,2.0,2.0,3.0,2.0,3.0,1.0,3.0,2.0,0.0,5.0,0.0,0.0,3.0,0.0,0.0,0.0,0.0,1.0,0.0,0.0,6.0,4.0,0.0,2.0,3.0,1.0,0.0,0.0,2.0,1.0,3.0,3.0,3.0,0.0,0.0,2.0,1.0,1.0,0.0,0.0,5.0,0.0,0.0,3.0,0.0,CC(C)(C)C1CCC(N(Cc2ccc(C(=O)NCCC(=O)O)cc2)C(=O)Nc2ccc(OC(F)(F)F)cc2)CC1
CHEMBL3799017,Inactive,33.0,5.0,5.0,0.0,0.0,2.0,2.0,1.0,44.0,11.0,5.0,0.0,0.0,4.0,4.0,0.0,1.0,1.0,0.0,0.0,0.0,0.0,0.0,43.0,14.0,9.0,0.0,0.0,4.0,4.0,0.0,0.0,40.0,14.0,5.0,0.0,0.0,4.0,4.0,2.0,0.0,43.0,11.0,7.0,0.0,0.0,2.0,2.0,0.0,0.0,0.0,2.0,2.0,0.0,49.0,8.0,4.0,0.0,0.0,2.0,2.0,0.0,0.0,0.0,2.0,2.0,2.0,0.0,0.0,0.0,0.0,50.0,5.0,6.0,0.0,0.0,4.0,4.0,1.0,1.0,0.0,0.0,0.0,47.0,3.0,6.0,0.0,0.0,8.0,8.0,1.0,2.0,0.0,0.0,0.0,39.0,6.0,7.0,0.0,0.0,8.0,8.0,0.0,1.0,0.0,0.0,0.0,0.0,0.0,32.0,7.0,8.0,0.0,0.0,8.0,8.0,0.0,0.0,0.0,0.0,2.0,2.0,0.0,1.0,0.0,1.0,1.0,1.0,0.0,0.0,0.0,0.0,0.0,3.0,1.0,0.0,1.0,0.0,0.0,1.0,0.0,2.0,0.0,1.0,2.0,2.0,0.0,1.0,1.0,8.0,2.0,4.0,0.0,0.0,1.0,0.0,0.0,0.0,1.0,3.0,0.0,0.0,0.0,0.0,0.0,0.0,0.0,0.0,2.0,1.0,0.0,0.0,0.0,0.0,0.0,0.0,0.0,0.0,0.0,0.0,0.0,0.0,0.0,0.0,0.0,2.0,0.0,2.0,2.0,1.0,0.0,0.0,1.0,0.0,0.0,1.0,0.0,0.0,0.0,0.0,1.0,2.0,2.0,2.0,1.0,0.0,0.0,1.0,0.0,0.0,0.0,2.0,1.0,0.0,1.0,1.0,0.0,0.0,1.0,1.0,1.0,0.0,0.0,4.0,0.0,0.0,0.0,0.0,COc1ccc2cc(-c3cc(-c4cc(Cl)cc(Cl)c4)nn3C(C)c3ccc(C(=O)NCC(C)C(=O)O)cc3)ccc2c1
CHEMBL1643951,Active,24.0,9.0,4.0,0.0,3.0,0.0,3.0,3.0,36.0,8.0,3.0,0.0,0.0,0.0,0.0,6.0,3.0,0.0,3.0,3.0,3.0,3.0,3.0,32.0,13.0,8.0,0.0,3.0,0.0,3.0,2.0,0.0,27.0,15.0,8.0,0.0,6.0,0.0,6.0,2.0,0.0,27.0,15.0,7.0,0.0,6.0,0.0,6.0,0.0,3.0,0.0,0.0,0.0,0.0,28.0,18.0,6.0,0.0,3.0,0.0,3.0,0.0,0.0,0.0,0.0,0.0,0.0,0.0,0.0,0.0,0.0,38.0,8.0,2.0,0.0,0.0,0.0,0.0,1.0,2.0,3.0,3.0,1.0,30.0,12.0,9.0,0.0,3.0,0.0,3.0,0.0,0.0,0.0,0.0,0.0,33.0,4.0,5.0,0.0,0.0,0.0,0.0,3.0,2.0,3.0,3.0,1.0,3.0,3.0,28.0,8.0,8.0,0.0,6.0,0.0,6.0,2.0,0.0,0.0,0.0,2.0,0.0,0.0,0.0,0.0,5.0,4.0,0.0,0.0,0.0,2.0,0.0,0.0,3.0,2.0,0.0,2.0,0.0,0.0,0.0,2.0,2.0,0.0,2.0,0.0,0.0,3.0,1.0,0.0,14.0,2.0,10.0,0.0,0.0,5.0,1.0,1.0,0.0,0.0,14.0,0.0,0.0,0.0,2.0,11.0,7.0,2.0,2.0,0.0,0.0,14.0,0.0,0.0,0.0,14.0,0.0,0.0,9.0,6.0,7.0,3.0,7.0,4.0,2.0,2.0,2.0,2.0,2.0,0.0,2.0,2.0,0.0,4.0,0.0,0.0,2.0,0.0,0.0,0.0,0.0,0.0,0.0,0.0,5.0,3.0,0.0,2.0,2.0,1.0,0.0,0.0,1.0,1.0,3.0,3.0,3.0,0.0,0.0,2.0,0.0,0.0,0.0,0.0,3.0,0.0,0.0,3.0,0.0,CC(C)(C)C1CCC(N(Cc2ccc(C(=O)Nc3nn[nH]n3)cc2)C(=O)Nc2ccc(OC(F)(F)F)cc2)CC1
CHEMBL152184,Active,29.0,8.0,3.0,0.0,0.0,2.0,2.0,1.0,40.0,10.0,4.0,0.0,0.0,4.0,4.0,0.0,2.0,0.0,0.0,0.0,0.0,0.0,0.0,39.0,10.0,8.0,0.0,0.0,4.0,4.0,1.0,1.0,28.0,16.0,9.0,0.0,0.0,3.0,3.0,0.0,0.0,29.0,15.0,6.0,0.0,0.0,1.0,1.0,0.0,1.0,0.0,1.0,1.0,0.0,29.0,12.0,5.0,0.0,0.0,0.0,0.0,0.0,1.0,0.0,2.0,2.0,1.0,0.0,0.0,0.0,0.0,30.0,7.0,4.0,0.0,0.0,3.0,3.0,1.0,2.0,0.0,0.0,0.0,29.0,6.0,6.0,0.0,0.0,3.0,3.0,1.0,1.0,0.0,0.0,0.0,29.0,7.0,6.0,0.0,0.0,2.0,2.0,0.0,0.0,0.0,1.0,0.0,0.0,0.0,31.0,3.0,4.0,0.0,0.0,4.0,4.0,1.0,1.0,0.0,1.0,0.0,0.0,0.0,0.0,0.0,5.0,0.0,0.0,0.0,0.0,2.0,0.0,0.0,0.0,1.0,0.0,1.0,0.0,0.0,1.0,0.0,2.0,0.0,1.0,1.0,2.0,0.0,0.0,1.0,8.0,2.0,2.0,0.0,0.0,0.0,0.0,0.0,0.0,0.0,0.0,0.0,0.0,0.0,0.0,0.0,0.0,0.0,0.0,0.0,0.0,0.0,0.0,0.0,0.0,0.0,0.0,0.0,0.0,0.0,0.0,0.0,0.0,0.0,0.0,0.0,0.0,0.0,0.0,0.0,4.0,4.0,2.0,8.0,0.0,0.0,2.0,2.0,0.0,0.0,0.0,0.0,2.0,2.0,7.0,6.0,0.0,0.0,2.0,0.0,0.0,0.0,0.0,0.0,0.0,4.0,2.0,0.0,0.0,3.0,0.0,0.0,2.0,0.0,3.0,0.0,0.0,0.0,0.0,O=C(NN=Cc1ccc(C(=O)N2CCN(Cc3ccc(Cl)cc3)CC2)c2ccccc12)c1ccc(O)c(Cl)c1
CHEMBL154514,Active,20.0,2.0,3.0,0.0,0.0,2.0,2.0,1.0,26.0,4.0,4.0,0.0,0.0,4.0,4.0,0.0,1.0,0.0,0.0,0.0,0.0,0.0,0.0,24.0,6.0,6.0,0.0,0.0,5.0,5.0,0.0,1.0,15.0,9.0,7.0,0.0,0.0,3.0,3.0,0.0,0.0,10.0,9.0,6.0,0.0,0.0,0.0,0.0,0.0,0.0,0.0,2.0,2.0,0.0,9.0,6.0,4.0,0.0,0.0,1.0,1.0,0.0,1.0,0.0,1.0,1.0,1.0,0.0,0.0,0.0,0.0,13.0,2.0,3.0,0.0,0.0,2.0,2.0,0.0,2.0,0.0,0.0,0.0,16.0,0.0,4.0,0.0,0.0,3.0,3.0,0.0,1.0,0.0,0.0,0.0,16.0,0.0,4.0,0.0,0.0,5.0,5.0,0.0,0.0,0.0,0.0,0.0,0.0,0.0,13.0,0.0,3.0,0.0,0.0,6.0,6.0,0.0,0.0,0.0,1.0,0.0,0.0,0.0,0.0,0.0,1.0,0.0,0.0,0.0,0.0,0.0,0.0,0.0,0.0,1.0,0.0,1.0,0.0,0.0,2.0,0.0,1.0,0.0,0.0,0.0,2.0,0.0,0.0,2.0,3.0,1.0,0.0,0.0,0.0,0.0,0.0,0.0,0.0,0.0,0.0,0.0,0.0,0.0,0.0,0.0,0.0,0.0,0.0,0.0,0.0,0.0,0.0,0.0,0.0,0.0,0.0,0.0,0.0,0.0,0.0,0.0,0.0,0.0,0.0,0.0,0.0,0.0,0.0,0.0,0.0,0.0,0.0,0.0,0.0,0.0,0.0,0.0,0.0,0.0,0.0,0.0,2.0,2.0,1.0,0.0,0.0,0.0,0.0,0.0,0.0,0.0,1.0,0.0,0.0,2.0,1.0,0.0,0.0,1.0,0.0,0.0,0.0,0.0,3.0,0.0,0.0,0.0,0.0,O=C(NN=Cc1ccc(CO)c2ccccc12)c1ccc(O)c(Cl)c1Cl
CHEMBL1922836,Active,24.0,12.0,5.0,0.0,6.0,0.0,6.0,3.0,36.0,10.0,6.0,0.0,3.0,0.0,3.0,8.0,1.0,0.0,3.0,3.0,6.0,6.0,6.0,32.0,20.0,8.0,0.0,9.0,0.0,9.0,2.0,1.0,31.0,21.0,8.0,0.0,12.0,0.0,12.0,3.0,0.0,40.0,21.0,2.0,0.0,9.0,0.0,9.0,0.0,4.0,3.0,0.0,3.0,0.0,43.0,21.0,4.0,0.0,12.0,0.0,12.0,0.0,0.0,3.0,0.0,3.0,0.0,0.0,0.0,0.0,0.0,46.0,11.0,4.0,0.0,9.0,0.0,9.0,1.0,3.0,6.0,6.0,0.0,38.0,13.0,10.0,0.0,15.0,0.0,15.0,0.0,0.0,0.0,0.0,0.0,35.0,5.0,7.0,0.0,15.0,0.0,15.0,4.0,2.0,6.0,6.0,0.0,0.0,0.0,26.0,10.0,9.0,0.0,21.0,0.0,21.0,2.0,0.0,0.0,1.0,0.0,0.0,0.0,0.0,0.0,4.0,0.0,0.0,0.0,0.0,2.0,1.0,0.0,2.0,1.0,0.0,1.0,0.0,0.0,0.0,2.0,1.0,0.0,2.0,0.0,0.0,6.0,2.0,0.0,10.0,1.0,3.0,0.0,0.0,0.0,0.0,0.0,0.0,0.0,2.0,0.0,0.0,0.0,0.0,0.0,0.0,0.0,0.0,0.0,0.0,1.0,0.0,0.0,0.0,0.0,0.0,0.0,0.0,0.0,0.0,0.0,0.0,0.0,0.0,0.0,0.0,0.0,0.0,1.0,0.0,0.0,0.0,0.0,0.0,0.0,0.0,0.0,0.0,0.0,0.0,1.0,0.0,0.0,4.0,1.0,0.0,0.0,0.0,3.0,0.0,0.0,2.0,2.0,6.0,4.0,1.0,0.0,0.0,2.0,0.0,0.0,0.0,0.0,3.0,0.0,0.0,3.0,0.0,CCCCOc1cc(C(F)(F)F)cc2c1n(C)c(=Nc1ccc(OC(F)(F)F)cc1)n2Cc1ccc(C(=O)Nc2nnn[nH]2)cc1
CHEMBL158886,Inactive,23.0,1.0,7.0,1.0,0.0,1.0,1.0,1.0,30.0,3.0,11.0,2.0,0.0,2.0,2.0,0.0,2.0,1.0,0.0,0.0,0.0,0.0,0.0,26.0,6.0,14.0,3.0,0.0,2.0,2.0,0.0,2.0,18.0,8.0,18.0,2.0,0.0,1.0,1.0,0.0,1.0,21.0,6.0,10.0,2.0,0.0,0.0,0.0,0.0,2.0,0.0,1.0,1.0,0.0,22.0,4.0,9.0,2.0,0.0,0.0,0.0,0.0,4.0,0.0,1.0,1.0,2.0,0.0,0.0,0.0,0.0,23.0,3.0,10.0,1.0,0.0,1.0,1.0,0.0,2.0,0.0,0.0,0.0,24.0,2.0,7.0,2.0,0.0,1.0,1.0,0.0,0.0,0.0,0.0,4.0,21.0,3.0,12.0,1.0,0.0,2.0,2.0,0.0,0.0,0.0,0.0,2.0,0.0,0.0,17.0,4.0,14.0,1.0,0.0,2.0,2.0,0.0,0.0,0.0,0.0,1.0,1.0,0.0,0.0,1.0,1.0,0.0,0.0,0.0,0.0,0.0,0.0,0.0,4.0,1.0,0.0,0.0,0.0,0.0,1.0,0.0,0.0,0.0,1.0,1.0,1.0,0.0,3.0,1.0,7.0,0.0,2.0,0.0,0.0,0.0,0.0,0.0,0.0,0.0,1.0,0.0,0.0,0.0,0.0,0.0,0.0,0.0,0.0,0.0,2.0,0.0,0.0,0.0,0.0,0.0,0.0,0.0,0.0,0.0,0.0,0.0,0.0,0.0,0.0,0.0,0.0,0.0,0.0,0.0,0.0,0.0,0.0,0.0,0.0,0.0,0.0,0.0,0.0,0.0,0.0,0.0,1.0,1.0,0.0,0.0,0.0,0.0,0.0,0.0,0.0,0.0,3.0,3.0,0.0,2.0,0.0,0.0,0.0,0.0,0.0,0.0,0.0,0.0,6.0,0.0,0.0,0.0,0.0,COc1cc(C=NNS(=O)(=O)c2ccc(O)c(Cl)c2)cc(OC)c1OCc1ccc(C(C)C)cc1
CHEMBL143609,Inactive,20.0,2.0,1.0,0.0,1.0,0.0,1.0,0.0,27.0,4.0,1.0,0.0,2.0,0.0,2.0,0.0,0.0,0.0,0.0,0.0,0.0,0.0,0.0,29.0,7.0,2.0,0.0,2.0,0.0,2.0,0.0,0.0,36.0,2.0,3.0,0.0,1.0,0.0,1.0,1.0,0.0,34.0,2.0,6.0,0.0,1.0,0.0,1.0,0.0,0.0,0.0,0.0,0.0,0.0,27.0,2.0,4.0,0.0,2.0,0.0,2.0,0.0,0.0,0.0,0.0,0.0,0.0,0.0,0.0,0.0,0.0,13.0,1.0,3.0,0.0,4.0,0.0,4.0,0.0,0.0,0.0,0.0,0.0,4.0,0.0,0.0,0.0,3.0,0.0,3.0,0.0,0.0,1.0,1.0,0.0,0.0,0.0,0.0,0.0,4.0,0.0,4.0,0.0,0.0,0.0,0.0,0.0,0.0,0.0,0.0,0.0,0.0,0.0,0.0,0.0,0.0,0.0,0.0,0.0,0.0,2.0,2.0,0.0,0.0,2.0,2.0,0.0,0.0,0.0,0.0,0.0,0.0,0.0,5.0,0.0,0.0,0.0,0.0,0.0,1.0,0.0,0.0,0.0,1.0,0.0,0.0,1.0,0.0,1.0,9.0,0.0,5.0,0.0,0.0,0.0,0.0,0.0,0.0,0.0,2.0,0.0,0.0,0.0,0.0,0.0,0.0,0.0,0.0,0.0,0.0,0.0,0.0,0.0,0.0,0.0,0.0,0.0,0.0,0.0,0.0,0.0,0.0,0.0,0.0,0.0,0.0,0.0,0.0,0.0,0.0,0.0,0.0,0.0,0.0,0.0,0.0,0.0,0.0,0.0,0.0,0.0,0.0,0.0,0.0,0.0,0.0,0.0,0.0,0.0,0.0,0.0,1.0,0.0,1.0,0.0,0.0,0.0,0.0,0.0,0.0,0.0,0.0,0.0,1.0,0.0,0.0,0.0,0.0,CCc1c(C(C)C)nc(C(C)C)c(CO)c1-c1ccc(F)cc1
CHEMBL315836,Active,21.0,6.0,0.0,0.0,1.0,1.0,2.0,0.0,27.0,9.0,0.0,0.0,2.0,2.0,4.0,1.0,0.0,0.0,0.0,0.0,0.0,0.0,0.0,25.0,11.0,0.0,0.0,2.0,2.0,4.0,0.0,0.0,22.0,13.0,0.0,0.0,1.0,1.0,2.0,0.0,0.0,26.0,9.0,0.0,0.0,1.0,1.0,2.0,1.0,0.0,0.0,0.0,0.0,0.0,30.0,4.0,0.0,0.0,1.0,0.0,1.0,1.0,0.0,1.0,2.0,3.0,0.0,0.0,0.0,0.0,0.0,28.0,3.0,0.0,0.0,2.0,2.0,4.0,0.0,0.0,1.0,1.0,0.0,20.0,4.0,0.0,0.0,3.0,2.0,5.0,0.0,0.0,0.0,0.0,0.0,9.0,3.0,0.0,0.0,4.0,4.0,8.0,0.0,0.0,0.0,0.0,0.0,0.0,0.0,2.0,1.0,0.0,0.0,3.0,4.0,7.0,0.0,0.0,1.0,0.0,0.0,0.0,0.0,0.0,0.0,0.0,0.0,0.0,0.0,0.0,0.0,0.0,0.0,1.0,0.0,0.0,0.0,0.0,0.0,0.0,0.0,0.0,0.0,2.0,0.0,1.0,1.0,0.0,0.0,1.0,0.0,0.0,0.0,0.0,0.0,0.0,0.0,0.0,0.0,0.0,0.0,0.0,0.0,0.0,0.0,0.0,0.0,0.0,0.0,0.0,0.0,0.0,0.0,0.0,0.0,0.0,0.0,0.0,0.0,0.0,0.0,0.0,0.0,0.0,0.0,0.0,0.0,0.0,0.0,0.0,0.0,0.0,0.0,0.0,0.0,0.0,0.0,0.0,0.0,0.0,0.0,1.0,1.0,0.0,0.0,0.0,0.0,0.0,0.0,0.0,0.0,0.0,0.0,1.0,0.0,0.0,0.0,0.0,0.0,0.0,0.0,0.0,0.0,0.0,0.0,0.0,0.0,0.0,Cc1cc(-c2[nH]c(-c3ccc(Cl)cc3)nc2-c2ccc(F)cc2)ccn1
CHEMBL87858,Inactive,22.0,6.0,0.0,0.0,1.0,0.0,1.0,0.0,28.0,8.0,0.0,0.0,2.0,0.0,2.0,1.0,0.0,0.0,0.0,0.0,0.0,0.0,0.0,26.0,9.0,0.0,0.0,2.0,0.0,2.0,0.0,0.0,22.0,11.0,0.0,0.0,1.0,0.0,1.0,0.0,0.0,24.0,10.0,0.0,0.0,1.0,0.0,1.0,1.0,0.0,0.0,0.0,0.0,0.0,25.0,7.0,0.0,0.0,1.0,0.0,1.0,1.0,0.0,1.0,0.0,1.0,0.0,0.0,0.0,0.0,0.0,23.0,5.0,0.0,0.0,2.0,0.0,2.0,0.0,0.0,1.0,1.0,0.0,21.0,3.0,0.0,0.0,3.0,0.0,3.0,0.0,0.0,0.0,0.0,0.0,19.0,2.0,0.0,0.0,3.0,0.0,3.0,0.0,0.0,0.0,0.0,0.0,0.0,0.0,14.0,2.0,0.0,0.0,1.0,0.0,1.0,0.0,0.0,1.0,0.0,0.0,0.0,0.0,0.0,0.0,2.0,0.0,0.0,0.0,0.0,1.0,0.0,0.0,0.0,0.0,0.0,0.0,0.0,0.0,0.0,0.0,0.0,0.0,1.0,0.0,0.0,1.0,0.0,0.0,2.0,0.0,1.0,0.0,0.0,0.0,0.0,0.0,0.0,0.0,0.0,0.0,0.0,0.0,0.0,0.0,0.0,0.0,0.0,0.0,1.0,0.0,0.0,0.0,0.0,0.0,0.0,0.0,0.0,0.0,0.0,0.0,0.0,0.0,0.0,0.0,0.0,0.0,0.0,0.0,0.0,0.0,0.0,0.0,0.0,0.0,0.0,0.0,0.0,0.0,0.0,0.0,0.0,0.0,0.0,0.0,0.0,0.0,0.0,0.0,0.0,0.0,0.0,0.0,1.0,0.0,0.0,0.0,0.0,0.0,0.0,0.0,0.0,0.0,0.0,0.0,0.0,0.0,0.0,Fc1ccc(-c2[nH]c(CCc3ccccc3)nc2-c2ccncc2)cc1
CHEMBL265337,Active,32.0,7.0,6.0,0.0,3.0,0.0,3.0,0.0,44.0,8.0,5.0,0.0,0.0,0.0,0.0,1.0,3.0,1.0,3.0,3.0,3.0,3.0,3.0,42.0,13.0,10.0,0.0,3.0,0.0,3.0,0.0,0.0,40.0,12.0,10.0,0.0,6.0,0.0,6.0,2.0,0.0,41.0,11.0,12.0,0.0,6.0,0.0,6.0,0.0,1.0,0.0,0.0,0.0,0.0,43.0,10.0,9.0,0.0,3.0,0.0,3.0,0.0,0.0,0.0,0.0,0.0,2.0,0.0,0.0,0.0,0.0,48.0,4.0,6.0,0.0,0.0,0.0,0.0,1.0,2.0,3.0,3.0,1.0,43.0,8.0,12.0,0.0,3.0,0.0,3.0,0.0,0.0,0.0,0.0,0.0,41.0,5.0,12.0,0.0,0.0,0.0,0.0,1.0,2.0,3.0,3.0,1.0,3.0,3.0,37.0,6.0,14.0,0.0,6.0,0.0,6.0,0.0,0.0,0.0,0.0,2.0,0.0,0.0,0.0,0.0,9.0,3.0,0.0,0.0,0.0,6.0,3.0,1.0,0.0,2.0,0.0,2.0,0.0,0.0,1.0,1.0,3.0,0.0,2.0,1.0,0.0,3.0,1.0,1.0,15.0,3.0,10.0,0.0,0.0,0.0,0.0,0.0,0.0,1.0,8.0,0.0,0.0,0.0,0.0,0.0,0.0,0.0,0.0,1.0,4.0,6.0,0.0,0.0,3.0,6.0,0.0,0.0,1.0,0.0,0.0,0.0,0.0,0.0,0.0,0.0,2.0,0.0,2.0,1.0,2.0,0.0,0.0,2.0,0.0,0.0,2.0,0.0,0.0,0.0,0.0,1.0,0.0,0.0,5.0,2.0,0.0,0.0,2.0,3.0,0.0,0.0,2.0,1.0,3.0,3.0,3.0,0.0,0.0,2.0,1.0,1.0,0.0,0.0,5.0,0.0,0.0,3.0,0.0,O=C(O)CCNC(=O)c1ccc2c(c1)CCC2N(C(=O)Nc1ccc(OC(F)(F)F)cc1)c1ccc(C2CCCCC2)cc1
CHEMBL1922927,Active,35.0,5.0,6.0,0.0,0.0,1.0,1.0,0.0,47.0,8.0,7.0,0.0,0.0,2.0,2.0,0.0,1.0,1.0,0.0,0.0,0.0,0.0,0.0,50.0,8.0,10.0,0.0,0.0,2.0,2.0,0.0,1.0,49.0,7.0,10.0,0.0,0.0,2.0,2.0,2.0,0.0,52.0,5.0,13.0,0.0,0.0,1.0,1.0,0.0,0.0,0.0,1.0,1.0,0.0,55.0,5.0,10.0,0.0,0.0,2.0,2.0,0.0,0.0,0.0,0.0,0.0,2.0,0.0,0.0,0.0,0.0,56.0,3.0,8.0,0.0,0.0,3.0,3.0,0.0,1.0,0.0,0.0,0.0,49.0,4.0,11.0,0.0,0.0,4.0,4.0,0.0,0.0,0.0,0.0,0.0,44.0,3.0,9.0,0.0,0.0,4.0,4.0,0.0,1.0,0.0,0.0,1.0,0.0,0.0,37.0,2.0,8.0,0.0,0.0,5.0,5.0,1.0,1.0,0.0,1.0,1.0,0.0,0.0,1.0,0.0,5.0,2.0,2.0,0.0,0.0,2.0,0.0,1.0,2.0,1.0,0.0,1.0,0.0,0.0,1.0,0.0,3.0,0.0,1.0,3.0,1.0,0.0,1.0,1.0,11.0,3.0,7.0,0.0,0.0,1.0,0.0,0.0,0.0,2.0,6.0,0.0,0.0,0.0,0.0,1.0,0.0,0.0,0.0,3.0,1.0,3.0,0.0,1.0,2.0,2.0,0.0,1.0,0.0,0.0,0.0,0.0,0.0,0.0,0.0,0.0,1.0,0.0,1.0,1.0,1.0,0.0,0.0,1.0,0.0,0.0,1.0,0.0,0.0,0.0,0.0,1.0,1.0,1.0,2.0,1.0,0.0,0.0,1.0,0.0,0.0,0.0,2.0,1.0,0.0,1.0,1.0,0.0,0.0,1.0,1.0,1.0,0.0,0.0,5.0,1.0,0.0,0.0,0.0,CCCC(Cc1ccc(C(=O)NCCC(=O)O)cc1)C(=O)c1cc2cc(Cl)ccc2n1-c1ccc2cc(OC)ccc2c1
CHEMBL416169,Inactive,20.0,6.0,0.0,0.0,1.0,0.0,1.0,0.0,26.0,8.0,0.0,0.0,2.0,0.0,2.0,1.0,0.0,0.0,0.0,0.0,0.0,0.0,0.0,23.0,11.0,0.0,0.0,2.0,0.0,2.0,0.0,0.0,20.0,13.0,0.0,0.0,1.0,0.0,1.0,0.0,0.0,25.0,8.0,0.0,0.0,1.0,0.0,1.0,1.0,0.0,0.0,0.0,0.0,0.0,28.0,3.0,0.0,0.0,1.0,0.0,1.0,1.0,0.0,1.0,0.0,1.0,0.0,0.0,0.0,0.0,0.0,25.0,3.0,0.0,0.0,2.0,0.0,2.0,0.0,0.0,1.0,1.0,0.0,16.0,4.0,0.0,0.0,3.0,0.0,3.0,0.0,0.0,0.0,0.0,0.0,6.0,3.0,0.0,0.0,4.0,0.0,4.0,0.0,0.0,0.0,0.0,0.0,0.0,0.0,1.0,1.0,0.0,0.0,2.0,0.0,2.0,0.0,0.0,1.0,0.0,0.0,0.0,0.0,0.0,0.0,0.0,0.0,0.0,0.0,0.0,0.0,0.0,0.0,0.0,0.0,0.0,0.0,0.0,0.0,0.0,0.0,0.0,0.0,1.0,0.0,0.0,1.0,0.0,0.0,0.0,0.0,0.0,0.0,0.0,0.0,0.0,0.0,0.0,0.0,0.0,0.0,0.0,0.0,0.0,0.0,0.0,0.0,0.0,0.0,0.0,0.0,0.0,0.0,0.0,0.0,0.0,0.0,0.0,0.0,0.0,0.0,0.0,0.0,0.0,0.0,0.0,0.0,0.0,0.0,0.0,0.0,0.0,0.0,0.0,0.0,0.0,0.0,0.0,0.0,0.0,0.0,0.0,0.0,0.0,0.0,0.0,0.0,0.0,0.0,0.0,0.0,0.0,0.0,1.0,0.0,0.0,0.0,0.0,0.0,0.0,0.0,0.0,0.0,0.0,0.0,0.0,0.0,0.0,Fc1ccc(-c2[nH]c(-c3ccccc3)nc2-c2ccncc2)cc1
CHEMBL25421,Inactive,23.0,2.0,2.0,0.0,0.0,0.0,0.0,0.0,30.0,4.0,3.0,0.0,0.0,0.0,0.0,0.0,0.0,0.0,0.0,0.0,0.0,0.0,0.0,32.0,7.0,4.0,0.0,0.0,0.0,0.0,0.0,0.0,40.0,2.0,5.0,0.0,0.0,0.0,0.0,1.0,0.0,40.0,3.0,8.0,0.0,0.0,0.0,0.0,0.0,0.0,0.0,0.0,0.0,0.0,38.0,3.0,8.0,0.0,0.0,0.0,0.0,0.0,0.0,0.0,0.0,0.0,0.0,0.0,0.0,0.0,0.0,25.0,2.0,7.0,0.0,0.0,0.0,0.0,0.0,1.0,0.0,0.0,1.0,16.0,0.0,6.0,0.0,0.0,0.0,0.0,0.0,0.0,0.0,0.0,0.0,6.0,0.0,2.0,0.0,0.0,0.0,0.0,0.0,0.0,0.0,0.0,0.0,0.0,0.0,3.0,0.0,1.0,0.0,0.0,0.0,0.0,0.0,0.0,0.0,0.0,2.0,2.0,0.0,0.0,2.0,5.0,0.0,0.0,0.0,0.0,3.0,2.0,0.0,5.0,0.0,0.0,0.0,0.0,0.0,2.0,0.0,0.0,0.0,0.0,0.0,0.0,0.0,0.0,2.0,12.0,0.0,8.0,0.0,0.0,0.0,0.0,0.0,0.0,0.0,5.0,0.0,0.0,0.0,0.0,0.0,0.0,0.0,0.0,0.0,0.0,2.0,0.0,0.0,0.0,1.0,0.0,0.0,0.0,0.0,0.0,0.0,0.0,0.0,0.0,0.0,0.0,0.0,0.0,0.0,0.0,0.0,0.0,0.0,0.0,0.0,0.0,0.0,0.0,0.0,0.0,0.0,0.0,0.0,0.0,0.0,0.0,0.0,0.0,0.0,0.0,0.0,1.0,0.0,0.0,0.0,0.0,0.0,0.0,0.0,0.0,0.0,0.0,0.0,2.0,0.0,0.0,0.0,0.0,CCCCCc1c(C(C)C)nc(C(C)C)c(CO)c1-c1cccc(O)c1
CHEMBL265336,Inactive,25.0,7.0,8.0,0.0,6.0,0.0,6.0,0.0,35.0,8.0,7.0,0.0,0.0,0.0,0.0,1.0,3.0,1.0,6.0,6.0,6.0,6.0,6.0,33.0,13.0,12.0,0.0,6.0,0.0,6.0,0.0,0.0,32.0,12.0,11.0,0.0,12.0,0.0,12.0,2.0,0.0,34.0,10.0,12.0,0.0,12.0,0.0,12.0,0.0,2.0,0.0,0.0,0.0,0.0,37.0,9.0,11.0,0.0,6.0,0.0,6.0,0.0,0.0,0.0,0.0,0.0,2.0,0.0,0.0,0.0,0.0,43.0,1.0,7.0,0.0,0.0,0.0,0.0,1.0,3.0,6.0,6.0,2.0,33.0,6.0,15.0,0.0,9.0,0.0,9.0,0.0,0.0,0.0,0.0,0.0,27.0,3.0,14.0,0.0,6.0,0.0,6.0,1.0,2.0,6.0,6.0,1.0,6.0,6.0,20.0,5.0,16.0,0.0,18.0,0.0,18.0,0.0,0.0,0.0,0.0,1.0,0.0,0.0,0.0,0.0,4.0,1.0,0.0,0.0,0.0,2.0,0.0,1.0,0.0,2.0,0.0,2.0,0.0,0.0,1.0,2.0,3.0,0.0,2.0,1.0,0.0,6.0,2.0,1.0,10.0,3.0,4.0,0.0,0.0,0.0,0.0,0.0,0.0,1.0,2.0,0.0,0.0,0.0,0.0,0.0,0.0,0.0,0.0,1.0,2.0,0.0,0.0,0.0,1.0,0.0,0.0,0.0,0.0,0.0,0.0,0.0,0.0,0.0,0.0,0.0,2.0,0.0,2.0,1.0,2.0,0.0,0.0,2.0,0.0,0.0,2.0,0.0,0.0,0.0,0.0,1.0,0.0,0.0,5.0,2.0,0.0,0.0,2.0,3.0,0.0,0.0,3.0,2.0,6.0,3.0,3.0,0.0,0.0,2.0,1.0,1.0,0.0,0.0,6.0,0.0,0.0,6.0,0.0,O=C(O)CCNC(=O)c1ccc2c(c1)CCC2N(C(=O)Nc1ccc(OC(F)(F)F)cc1)c1ccc(OC(F)(F)F)cc1
CHEMBL107802,Inactive,21.0,2.0,4.0,0.0,0.0,0.0,0.0,1.0,27.0,4.0,5.0,0.0,0.0,0.0,0.0,0.0,1.0,0.0,0.0,0.0,0.0,0.0,0.0,24.0,6.0,6.0,0.0,0.0,0.0,0.0,0.0,1.0,16.0,8.0,7.0,0.0,0.0,0.0,0.0,0.0,0.0,16.0,6.0,3.0,0.0,0.0,0.0,0.0,0.0,1.0,0.0,0.0,0.0,1.0,14.0,4.0,3.0,0.0,0.0,0.0,0.0,0.0,2.0,0.0,0.0,0.0,1.0,0.0,0.0,0.0,0.0,13.0,4.0,3.0,0.0,0.0,0.0,0.0,0.0,1.0,0.0,0.0,0.0,13.0,4.0,3.0,0.0,0.0,0.0,0.0,0.0,0.0,0.0,0.0,0.0,12.0,3.0,4.0,0.0,0.0,0.0,0.0,0.0,0.0,0.0,0.0,0.0,0.0,0.0,12.0,1.0,6.0,0.0,0.0,0.0,0.0,0.0,0.0,0.0,0.0,0.0,0.0,0.0,0.0,0.0,0.0,0.0,0.0,0.0,0.0,0.0,0.0,0.0,1.0,1.0,0.0,1.0,0.0,0.0,1.0,0.0,1.0,0.0,1.0,1.0,0.0,0.0,1.0,1.0,3.0,1.0,0.0,0.0,0.0,0.0,0.0,0.0,0.0,0.0,0.0,0.0,0.0,0.0,0.0,0.0,0.0,0.0,0.0,0.0,0.0,0.0,0.0,0.0,0.0,0.0,0.0,0.0,0.0,0.0,0.0,0.0,0.0,0.0,0.0,0.0,0.0,0.0,0.0,0.0,0.0,0.0,0.0,0.0,0.0,0.0,0.0,0.0,0.0,0.0,0.0,0.0,0.0,0.0,1.0,0.0,0.0,0.0,0.0,0.0,0.0,0.0,1.0,1.0,0.0,2.0,1.0,0.0,0.0,1.0,0.0,0.0,0.0,0.0,3.0,0.0,0.0,0.0,0.0,COc1cc(C(=O)NN=Cc2ccc(-c3ccccc3)cc2)ccc1O
CHEMBL511964,Active,24.0,12.0,1.0,0.0,0.0,2.0,2.0,3.0,38.0,10.0,1.0,0.0,0.0,4.0,4.0,8.0,1.0,0.0,0.0,0.0,0.0,0.0,0.0,32.0,20.0,3.0,0.0,0.0,4.0,4.0,2.0,0.0,31.0,19.0,2.0,0.0,0.0,2.0,2.0,2.0,0.0,32.0,19.0,1.0,0.0,0.0,3.0,3.0,0.0,2.0,0.0,2.0,2.0,0.0,36.0,19.0,1.0,0.0,0.0,1.0,1.0,0.0,0.0,0.0,2.0,2.0,0.0,0.0,0.0,0.0,0.0,41.0,10.0,0.0,0.0,0.0,4.0,4.0,1.0,1.0,0.0,0.0,0.0,31.0,15.0,2.0,0.0,0.0,6.0,6.0,0.0,0.0,0.0,0.0,0.0,35.0,4.0,2.0,0.0,0.0,8.0,8.0,4.0,2.0,0.0,0.0,0.0,0.0,0.0,22.0,11.0,5.0,0.0,0.0,6.0,6.0,2.0,0.0,0.0,0.0,2.0,0.0,0.0,0.0,0.0,5.0,4.0,0.0,0.0,0.0,2.0,0.0,0.0,4.0,1.0,0.0,1.0,0.0,0.0,0.0,1.0,1.0,0.0,1.0,0.0,2.0,0.0,0.0,0.0,13.0,1.0,10.0,0.0,0.0,5.0,1.0,0.0,0.0,0.0,14.0,0.0,0.0,0.0,2.0,11.0,7.0,2.0,0.0,0.0,0.0,14.0,0.0,0.0,0.0,14.0,0.0,0.0,9.0,0.0,7.0,3.0,0.0,4.0,2.0,0.0,2.0,0.0,0.0,0.0,2.0,0.0,0.0,2.0,0.0,0.0,0.0,0.0,0.0,0.0,0.0,0.0,2.0,2.0,3.0,1.0,0.0,1.0,0.0,0.0,0.0,0.0,0.0,0.0,0.0,2.0,1.0,0.0,0.0,2.0,0.0,0.0,0.0,0.0,1.0,0.0,0.0,0.0,0.0,Cn1c(N(Cc2ccc(C(=O)Nc3nnn[nH]3)cc2)C2CCC(C(C)(C)C)CC2)nc2cc(Cl)c(Cl)cc21
CHEMBL480501,Active,25.0,12.0,1.0,0.0,3.0,0.0,3.0,3.0,40.0,10.0,1.0,0.0,3.0,0.0,3.0,8.0,1.0,0.0,0.0,0.0,3.0,3.0,3.0,34.0,20.0,3.0,0.0,6.0,0.0,6.0,2.0,0.0,32.0,20.0,2.0,0.0,6.0,0.0,6.0,2.0,0.0,33.0,20.0,1.0,0.0,3.0,0.0,3.0,0.0,2.0,3.0,0.0,3.0,0.0,37.0,20.0,1.0,0.0,3.0,0.0,3.0,0.0,0.0,3.0,0.0,3.0,0.0,0.0,0.0,0.0,0.0,43.0,10.0,0.0,0.0,3.0,0.0,3.0,1.0,1.0,3.0,3.0,0.0,34.0,15.0,2.0,0.0,6.0,0.0,6.0,0.0,0.0,0.0,0.0,0.0,39.0,4.0,2.0,0.0,9.0,0.0,9.0,4.0,2.0,0.0,0.0,0.0,0.0,0.0,25.0,11.0,5.0,0.0,12.0,0.0,12.0,2.0,0.0,0.0,0.0,2.0,0.0,0.0,0.0,0.0,5.0,4.0,0.0,0.0,0.0,2.0,0.0,0.0,4.0,1.0,0.0,1.0,0.0,0.0,0.0,2.0,1.0,0.0,1.0,1.0,0.0,3.0,0.0,0.0,14.0,1.0,10.0,0.0,0.0,5.0,1.0,0.0,0.0,0.0,14.0,0.0,0.0,0.0,2.0,11.0,7.0,2.0,0.0,0.0,0.0,14.0,0.0,0.0,0.0,14.0,0.0,0.0,9.0,0.0,7.0,3.0,0.0,4.0,2.0,0.0,2.0,0.0,0.0,0.0,2.0,0.0,0.0,2.0,0.0,0.0,0.0,0.0,0.0,0.0,0.0,0.0,0.0,0.0,3.0,1.0,0.0,1.0,0.0,0.0,0.0,0.0,0.0,0.0,3.0,2.0,1.0,0.0,0.0,2.0,0.0,0.0,0.0,0.0,1.0,0.0,0.0,0.0,0.0,Cn1c(N(Cc2ccc(C(=O)Nc3nnn[nH]3)cc2)C2CCC(C(C)(C)C)CC2)nc2cc(C(F)(F)F)ccc21
CHEMBL459458,Active,25.0,12.0,1.0,0.0,0.0,0.0,0.0,3.0,38.0,11.0,1.0,0.0,0.0,0.0,0.0,8.0,1.0,0.0,0.0,0.0,0.0,0.0,0.0,34.0,20.0,3.0,0.0,0.0,0.0,0.0,2.0,0.0,33.0,21.0,2.0,0.0,0.0,0.0,0.0,2.0,0.0,36.0,19.0,1.0,0.0,0.0,0.0,0.0,0.0,2.0,0.0,0.0,0.0,0.0,40.0,19.0,1.0,0.0,0.0,0.0,0.0,0.0,0.0,0.0,0.0,0.0,0.0,0.0,0.0,0.0,0.0,45.0,10.0,0.0,0.0,0.0,0.0,0.0,1.0,1.0,0.0,0.0,0.0,34.0,15.0,2.0,0.0,0.0,0.0,0.0,0.0,0.0,0.0,0.0,0.0,37.0,4.0,2.0,0.0,0.0,0.0,0.0,4.0,2.0,0.0,0.0,0.0,0.0,0.0,26.0,11.0,5.0,0.0,0.0,0.0,0.0,2.0,0.0,0.0,0.0,2.0,0.0,0.0,0.0,0.0,6.0,4.0,0.0,0.0,0.0,2.0,0.0,0.0,4.0,1.0,0.0,1.0,0.0,0.0,0.0,1.0,1.0,0.0,1.0,0.0,0.0,0.0,0.0,0.0,14.0,1.0,11.0,0.0,0.0,5.0,1.0,0.0,0.0,0.0,14.0,0.0,0.0,0.0,2.0,11.0,7.0,2.0,0.0,0.0,0.0,14.0,0.0,0.0,0.0,14.0,0.0,0.0,9.0,0.0,7.0,3.0,0.0,4.0,2.0,0.0,2.0,0.0,0.0,0.0,2.0,0.0,0.0,2.0,0.0,0.0,0.0,0.0,0.0,0.0,0.0,0.0,0.0,0.0,3.0,1.0,0.0,1.0,0.0,0.0,0.0,0.0,0.0,0.0,0.0,2.0,1.0,0.0,0.0,2.0,0.0,0.0,0.0,0.0,1.0,0.0,0.0,0.0,0.0,CCn1c(N(Cc2ccc(C(=O)Nc3nnn[nH]3)cc2)C2CCC(C(C)(C)C)CC2)nc2ccccc21
CHEMBL459457,Active,24.0,12.0,1.0,0.0,0.0,0.0,0.0,3.0,38.0,10.0,1.0,0.0,0.0,0.0,0.0,8.0,1.0,0.0,0.0,0.0,0.0,0.0,0.0,32.0,20.0,3.0,0.0,0.0,0.0,0.0,2.0,0.0,31.0,19.0,2.0,0.0,0.0,0.0,0.0,2.0,0.0,32.0,19.0,1.0,0.0,0.0,0.0,0.0,0.0,2.0,0.0,0.0,0.0,0.0,36.0,19.0,1.0,0.0,0.0,0.0,0.0,0.0,0.0,0.0,0.0,0.0,0.0,0.0,0.0,0.0,0.0,41.0,10.0,0.0,0.0,0.0,0.0,0.0,1.0,1.0,0.0,0.0,0.0,31.0,15.0,2.0,0.0,0.0,0.0,0.0,0.0,0.0,0.0,0.0,0.0,35.0,4.0,2.0,0.0,0.0,0.0,0.0,4.0,2.0,0.0,0.0,0.0,0.0,0.0,22.0,11.0,5.0,0.0,0.0,0.0,0.0,2.0,0.0,0.0,0.0,2.0,0.0,0.0,0.0,0.0,5.0,4.0,0.0,0.0,0.0,2.0,0.0,0.0,4.0,1.0,0.0,1.0,0.0,0.0,0.0,1.0,1.0,0.0,1.0,0.0,0.0,0.0,0.0,0.0,13.0,1.0,10.0,0.0,0.0,5.0,1.0,0.0,0.0,0.0,14.0,0.0,0.0,0.0,2.0,11.0,7.0,2.0,0.0,0.0,0.0,14.0,0.0,0.0,0.0,14.0,0.0,0.0,9.0,0.0,7.0,3.0,0.0,4.0,2.0,0.0,2.0,0.0,0.0,0.0,2.0,0.0,0.0,2.0,0.0,0.0,0.0,0.0,0.0,0.0,0.0,0.0,0.0,0.0,3.0,1.0,0.0,1.0,0.0,0.0,0.0,0.0,0.0,0.0,0.0,2.0,1.0,0.0,0.0,2.0,0.0,0.0,0.0,0.0,1.0,0.0,0.0,0.0,0.0,Cn1c(N(Cc2ccc(C(=O)Nc3nnn[nH]3)cc2)C2CCC(C(C)(C)C)CC2)nc2ccccc21
CHEMBL469904,Inactive,25.0,12.0,1.0,0.0,0.0,0.0,0.0,3.0,38.0,13.0,1.0,0.0,0.0,0.0,0.0,6.0,1.0,0.0,0.0,0.0,0.0,0.0,0.0,33.0,20.0,3.0,0.0,0.0,0.0,0.0,2.0,0.0,32.0,17.0,3.0,0.0,0.0,0.0,0.0,0.0,0.0,34.0,17.0,1.0,0.0,0.0,0.0,0.0,0.0,2.0,0.0,0.0,0.0,0.0,38.0,17.0,1.0,0.0,0.0,0.0,0.0,0.0,2.0,0.0,0.0,0.0,0.0,0.0,0.0,0.0,0.0,42.0,12.0,0.0,0.0,0.0,0.0,0.0,1.0,1.0,0.0,0.0,0.0,32.0,17.0,2.0,0.0,0.0,0.0,0.0,0.0,0.0,0.0,0.0,0.0,35.0,7.0,2.0,0.0,0.0,0.0,0.0,2.0,2.0,0.0,0.0,0.0,0.0,0.0,24.0,9.0,5.0,0.0,0.0,0.0,0.0,2.0,0.0,0.0,0.0,2.0,0.0,0.0,0.0,0.0,6.0,4.0,0.0,0.0,0.0,2.0,0.0,0.0,4.0,1.0,0.0,1.0,0.0,0.0,0.0,1.0,1.0,0.0,1.0,0.0,0.0,0.0,0.0,0.0,14.0,1.0,10.0,0.0,0.0,5.0,1.0,0.0,0.0,0.0,14.0,0.0,0.0,0.0,2.0,11.0,7.0,2.0,0.0,0.0,0.0,14.0,0.0,0.0,0.0,14.0,0.0,0.0,9.0,0.0,7.0,3.0,0.0,4.0,2.0,0.0,2.0,0.0,0.0,0.0,2.0,0.0,0.0,2.0,0.0,0.0,0.0,0.0,0.0,0.0,0.0,0.0,0.0,0.0,4.0,2.0,0.0,1.0,1.0,0.0,0.0,0.0,0.0,0.0,0.0,2.0,1.0,0.0,0.0,2.0,0.0,0.0,0.0,0.0,1.0,0.0,0.0,0.0,0.0,Cn1c(N(Cc2ccc(C(=O)NCc3nnn[nH]3)cc2)C2CCC(C(C)(C)C)CC2)nc2ccccc21
CHEMBL2111262,Active,28.0,5.0,3.0,0.0,0.0,1.0,1.0,1.0,35.0,9.0,4.0,0.0,0.0,2.0,2.0,0.0,2.0,0.0,0.0,0.0,0.0,0.0,0.0,33.0,11.0,5.0,0.0,0.0,2.0,2.0,1.0,2.0,25.0,16.0,6.0,0.0,0.0,2.0,2.0,0.0,0.0,24.0,17.0,7.0,0.0,0.0,0.0,0.0,0.0,0.0,0.0,1.0,1.0,0.0,27.0,11.0,7.0,0.0,0.0,0.0,0.0,1.0,1.0,0.0,1.0,1.0,1.0,0.0,0.0,0.0,0.0,31.0,6.0,7.0,0.0,0.0,1.0,1.0,1.0,1.0,0.0,0.0,0.0,31.0,6.0,6.0,0.0,0.0,1.0,1.0,0.0,0.0,0.0,0.0,0.0,29.0,4.0,2.0,0.0,0.0,2.0,2.0,1.0,2.0,0.0,0.0,0.0,0.0,0.0,21.0,5.0,3.0,0.0,0.0,3.0,3.0,1.0,1.0,0.0,0.0,1.0,0.0,0.0,1.0,0.0,1.0,1.0,1.0,0.0,0.0,0.0,0.0,0.0,0.0,2.0,1.0,1.0,0.0,1.0,1.0,0.0,2.0,1.0,0.0,1.0,1.0,0.0,0.0,1.0,5.0,2.0,2.0,1.0,0.0,0.0,1.0,0.0,0.0,1.0,1.0,1.0,0.0,0.0,0.0,0.0,0.0,0.0,0.0,1.0,1.0,0.0,0.0,0.0,1.0,0.0,0.0,0.0,0.0,0.0,0.0,0.0,0.0,0.0,0.0,0.0,1.0,0.0,0.0,0.0,3.0,0.0,0.0,0.0,0.0,0.0,0.0,0.0,0.0,0.0,0.0,0.0,1.0,1.0,3.0,0.0,0.0,0.0,0.0,1.0,0.0,0.0,0.0,0.0,0.0,4.0,2.0,1.0,1.0,1.0,0.0,0.0,1.0,0.0,3.0,1.0,0.0,0.0,0.0,NC(=O)C(Cc1ccccc1)Nc1ccc(C=NNC(=O)c2ccc(O)c(Cl)c2)c2ccccc12
CHEMBL352005,Active,23.0,4.0,3.0,0.0,0.0,1.0,1.0,1.0,31.0,7.0,4.0,0.0,0.0,2.0,2.0,0.0,2.0,0.0,0.0,0.0,0.0,0.0,0.0,24.0,12.0,8.0,0.0,0.0,2.0,2.0,0.0,1.0,20.0,12.0,6.0,0.0,0.0,2.0,2.0,0.0,0.0,20.0,11.0,6.0,0.0,0.0,0.0,0.0,0.0,0.0,0.0,1.0,1.0,0.0,23.0,5.0,5.0,0.0,0.0,0.0,0.0,1.0,1.0,0.0,1.0,1.0,1.0,0.0,0.0,0.0,0.0,24.0,2.0,5.0,0.0,0.0,1.0,1.0,1.0,1.0,0.0,0.0,0.0,21.0,3.0,4.0,0.0,0.0,1.0,1.0,0.0,1.0,0.0,0.0,0.0,16.0,5.0,2.0,0.0,0.0,2.0,2.0,0.0,2.0,0.0,0.0,0.0,0.0,0.0,13.0,5.0,4.0,0.0,0.0,3.0,3.0,0.0,0.0,0.0,0.0,0.0,0.0,0.0,0.0,0.0,0.0,0.0,0.0,0.0,0.0,0.0,0.0,0.0,3.0,2.0,0.0,2.0,0.0,0.0,1.0,1.0,2.0,0.0,0.0,1.0,1.0,0.0,0.0,1.0,7.0,2.0,4.0,1.0,0.0,4.0,0.0,0.0,0.0,1.0,6.0,3.0,0.0,0.0,0.0,0.0,0.0,0.0,0.0,3.0,0.0,0.0,0.0,0.0,0.0,0.0,0.0,0.0,0.0,0.0,0.0,0.0,0.0,0.0,0.0,0.0,3.0,0.0,0.0,0.0,1.0,0.0,0.0,0.0,0.0,0.0,0.0,0.0,0.0,0.0,0.0,0.0,1.0,1.0,2.0,0.0,0.0,0.0,0.0,1.0,0.0,0.0,0.0,0.0,0.0,3.0,2.0,0.0,0.0,1.0,0.0,0.0,0.0,0.0,3.0,0.0,0.0,0.0,0.0,CC(C)(C)C(=O)Nc1ccc(C=NNC(=O)c2ccc(O)c(Cl)c2)c2ccccc12
CHEMBL2112906,Active,27.0,2.0,4.0,2.0,3.0,1.0,4.0,1.0,36.0,4.0,9.0,2.0,0.0,2.0,2.0,0.0,1.0,1.0,3.0,3.0,3.0,3.0,3.0,33.0,6.0,10.0,4.0,3.0,2.0,5.0,0.0,1.0,23.0,9.0,13.0,5.0,6.0,2.0,8.0,0.0,0.0,20.0,9.0,14.0,4.0,6.0,0.0,6.0,0.0,0.0,0.0,1.0,1.0,0.0,23.0,6.0,10.0,2.0,3.0,0.0,3.0,0.0,1.0,0.0,1.0,1.0,1.0,0.0,0.0,0.0,0.0,29.0,2.0,8.0,1.0,3.0,1.0,4.0,0.0,1.0,0.0,0.0,2.0,33.0,1.0,7.0,0.0,0.0,1.0,1.0,0.0,2.0,0.0,0.0,0.0,30.0,2.0,5.0,1.0,3.0,2.0,5.0,0.0,2.0,0.0,0.0,0.0,6.0,6.0,23.0,3.0,7.0,1.0,3.0,3.0,6.0,0.0,0.0,0.0,0.0,0.0,0.0,0.0,0.0,0.0,2.0,0.0,0.0,0.0,0.0,0.0,0.0,0.0,0.0,1.0,0.0,1.0,0.0,0.0,1.0,1.0,1.0,0.0,1.0,1.0,1.0,3.0,1.0,1.0,5.0,1.0,0.0,0.0,0.0,0.0,0.0,0.0,0.0,0.0,0.0,0.0,0.0,0.0,0.0,0.0,0.0,0.0,0.0,0.0,0.0,0.0,0.0,0.0,0.0,0.0,0.0,0.0,0.0,0.0,0.0,0.0,0.0,0.0,0.0,0.0,0.0,0.0,0.0,0.0,0.0,0.0,0.0,0.0,0.0,0.0,0.0,0.0,0.0,0.0,0.0,0.0,1.0,1.0,1.0,0.0,0.0,0.0,0.0,0.0,0.0,0.0,1.0,1.0,3.0,2.0,1.0,0.0,0.0,1.0,0.0,0.0,0.0,0.0,5.0,0.0,0.0,3.0,0.0,O=C(NN=Cc1ccc(CS(=O)(=O)Cc2ccc(OC(F)(F)F)cc2)c2ccccc12)c1ccc(O)c(Cl)c1
CHEMBL4848485,Inactive,122.0,72.0,47.0,2.0,0.0,0.0,0.0,0.0,140.0,93.0,52.0,1.0,0.0,0.0,0.0,6.0,32.0,3.0,0.0,0.0,0.0,0.0,0.0,159.0,63.0,75.0,1.0,0.0,0.0,0.0,28.0,35.0,147.0,112.0,121.0,1.0,0.0,0.0,0.0,12.0,7.0,165.0,125.0,94.0,1.0,0.0,0.0,0.0,7.0,38.0,0.0,0.0,0.0,38.0,206.0,82.0,122.0,2.0,0.0,0.0,0.0,34.0,43.0,0.0,0.0,0.0,8.0,0.0,0.0,0.0,0.0,210.0,126.0,163.0,3.0,0.0,0.0,0.0,6.0,20.0,0.0,0.0,12.0,227.0,137.0,126.0,3.0,0.0,0.0,0.0,11.0,47.0,0.0,0.0,44.0,258.0,92.0,140.0,4.0,0.0,0.0,0.0,33.0,48.0,0.0,0.0,13.0,0.0,0.0,245.0,136.0,174.0,3.0,0.0,0.0,0.0,6.0,22.0,0.0,13.0,32.0,7.0,25.0,26.0,3.0,37.0,23.0,21.0,20.0,19.0,13.0,5.0,9.0,11.0,28.0,25.0,26.0,24.0,9.0,12.0,0.0,35.0,5.0,2.0,0.0,0.0,0.0,0.0,12.0,117.0,35.0,85.0,32.0,27.0,3.0,26.0,25.0,25.0,35.0,59.0,30.0,26.0,23.0,0.0,3.0,0.0,17.0,17.0,33.0,4.0,29.0,21.0,24.0,4.0,11.0,13.0,13.0,1.0,0.0,0.0,0.0,0.0,17.0,35.0,11.0,51.0,2.0,18.0,10.0,90.0,3.0,3.0,85.0,53.0,49.0,53.0,54.0,28.0,28.0,6.0,13.0,0.0,0.0,68.0,31.0,28.0,25.0,28.0,0.0,28.0,6.0,10.0,0.0,0.0,40.0,32.0,28.0,28.0,0.0,3.0,9.0,28.0,7.0,47.0,4.0,27.0,0.0,6.0,CSCCC(NC(=O)C(CC(C)C)NC(=O)C(Cc1c[nH]c2ccccc12)NC(=O)C(CCC(N)=O)NC(=O)C(NC(=O)C(Cc1ccccc1)NC(=O)C(CC(=O)O)NC(=O)C(CCC(N)=O)NC(=O)C(C)NC(=O)C(CCCNC(=N)N)NC(=O)C(CCCNC(=N)N)NC(=O)C(CO)NC(=O)C(CC(=O)O)NC(=O)C(CC(C)C)NC(=O)C(Cc1ccc(O)cc1)NC(=O)C(CCCCN)NC(=O)C(CO)NC(=O)C(Cc1ccc(O)cc1)NC(=O)CN(CCCC(=O)O)C(=O)C(CO)NC(=O)C(NC(=O)C(Cc1ccccc1)NC(=O)C(NC(=O)CNC(=O)C(CCC(N)=O)NC(=O)C(N)CO)C(C)O)C(C)O)C(C)C)C(=O)NC(CC(N)=O)C(=O)NC(C(N)=O)C(C)O
CHEMBL4875380,Inactive,116.0,66.0,43.0,2.0,0.0,0.0,0.0,0.0,133.0,86.0,48.0,1.0,0.0,0.0,0.0,6.0,29.0,3.0,0.0,0.0,0.0,0.0,0.0,150.0,60.0,69.0,1.0,0.0,0.0,0.0,26.0,32.0,139.0,104.0,114.0,1.0,0.0,0.0,0.0,11.0,6.0,156.0,118.0,89.0,1.0,0.0,0.0,0.0,6.0,35.0,0.0,0.0,0.0,36.0,196.0,78.0,111.0,2.0,0.0,0.0,0.0,31.0,41.0,0.0,0.0,0.0,9.0,0.0,0.0,0.0,0.0,203.0,116.0,152.0,3.0,0.0,0.0,0.0,6.0,18.0,0.0,0.0,10.0,219.0,129.0,120.0,3.0,0.0,0.0,0.0,10.0,42.0,0.0,0.0,39.0,245.0,89.0,134.0,4.0,0.0,0.0,0.0,30.0,44.0,0.0,0.0,13.0,0.0,0.0,230.0,128.0,166.0,3.0,0.0,0.0,0.0,6.0,21.0,0.0,12.0,31.0,7.0,25.0,25.0,3.0,32.0,22.0,20.0,20.0,20.0,11.0,4.0,7.0,11.0,27.0,25.0,25.0,24.0,8.0,11.0,0.0,32.0,4.0,2.0,0.0,0.0,0.0,0.0,11.0,108.0,32.0,79.0,29.0,25.0,3.0,25.0,25.0,25.0,32.0,56.0,28.0,24.0,24.0,0.0,3.0,0.0,17.0,17.0,31.0,4.0,28.0,20.0,23.0,4.0,11.0,12.0,13.0,1.0,0.0,0.0,0.0,0.0,16.0,33.0,10.0,48.0,0.0,17.0,9.0,83.0,0.0,0.0,77.0,50.0,48.0,50.0,50.0,25.0,25.0,6.0,12.0,0.0,0.0,62.0,27.0,25.0,25.0,25.0,0.0,25.0,6.0,9.0,0.0,0.0,37.0,29.0,26.0,26.0,0.0,3.0,8.0,26.0,6.0,43.0,4.0,25.0,0.0,6.0,CSCCC(NC(=O)C(CC(C)C)NC(=O)C(Cc1c[nH]c2ccccc12)NC(=O)C(CCC(N)=O)NC(=O)C(NC(=O)C(Cc1ccccc1)NC(=O)C(CC(=O)O)NC(=O)C(CCC(N)=O)NC(=O)C(C)NC(=O)C(CCCNC(=N)N)NC(=O)C(CCCNC(=N)N)NC(=O)C(CO)NC(=O)C(CC(=O)O)NC(=O)C(CC(C)C)NC(=O)C(Cc1ccc(O)cc1)NC(=O)C(CCCCN)NC(=O)C(CO)NC(=O)C(Cc1ccc(O)cc1)NC(=O)C(CCC(=O)O)NC(=O)C(CO)NC(=O)C(NC(=O)C(Cc1ccccc1)NC(=O)C(NC(=O)CN)C(C)O)C(C)O)C(C)C)C(=O)NC(CC(N)=O)C(=O)NC(C(N)=O)C(C)O
CHEMBL4861024,Active,112.0,62.0,40.0,2.0,0.0,0.0,0.0,0.0,129.0,81.0,44.0,1.0,0.0,0.0,0.0,6.0,27.0,3.0,0.0,0.0,0.0,0.0,0.0,143.0,58.0,65.0,1.0,0.0,0.0,0.0,24.0,29.0,132.0,99.0,106.0,1.0,0.0,0.0,0.0,10.0,5.0,147.0,112.0,83.0,1.0,0.0,0.0,0.0,6.0,33.0,0.0,0.0,0.0,33.0,183.0,75.0,104.0,2.0,0.0,0.0,0.0,29.0,38.0,0.0,0.0,0.0,9.0,0.0,0.0,0.0,0.0,190.0,109.0,141.0,3.0,0.0,0.0,0.0,6.0,17.0,0.0,0.0,9.0,205.0,121.0,111.0,3.0,0.0,0.0,0.0,10.0,40.0,0.0,0.0,36.0,229.0,85.0,124.0,4.0,0.0,0.0,0.0,28.0,41.0,0.0,0.0,13.0,0.0,0.0,219.0,121.0,152.0,3.0,0.0,0.0,0.0,6.0,20.0,0.0,10.0,29.0,6.0,23.0,24.0,3.0,31.0,22.0,20.0,20.0,19.0,11.0,4.0,6.0,10.0,25.0,23.0,23.0,23.0,8.0,10.0,0.0,30.0,4.0,2.0,0.0,0.0,0.0,0.0,10.0,102.0,30.0,75.0,27.0,23.0,3.0,24.0,23.0,23.0,30.0,54.0,27.0,23.0,23.0,0.0,3.0,0.0,16.0,16.0,30.0,4.0,27.0,19.0,22.0,4.0,11.0,12.0,13.0,1.0,0.0,0.0,0.0,0.0,16.0,32.0,10.0,46.0,0.0,16.0,8.0,78.0,0.0,0.0,71.0,46.0,46.0,46.0,46.0,23.0,23.0,5.0,10.0,0.0,0.0,58.0,25.0,23.0,23.0,23.0,0.0,23.0,5.0,8.0,0.0,0.0,35.0,27.0,24.0,24.0,0.0,3.0,7.0,24.0,5.0,40.0,4.0,23.0,0.0,5.0,CSCCC(NC(=O)C(CC(C)C)NC(=O)C(Cc1c[nH]c2ccccc12)NC(=O)C(CCC(N)=O)NC(=O)C(NC(=O)C(Cc1ccccc1)NC(=O)C(CC(=O)O)NC(=O)C(CCC(N)=O)NC(=O)C(C)NC(=O)C(CCCNC(=N)N)NC(=O)C(CCCNC(=N)N)NC(=O)C(CO)NC(=O)C(CC(=O)O)NC(=O)C(CC(C)C)NC(=O)C(Cc1ccc(O)cc1)NC(=O)C(CCCCN)NC(=O)C(CO)NC(=O)C(Cc1ccc(O)cc1)NC(=O)C(CCC(=O)O)NC(=O)C(CO)NC(=O)C(NC(=O)C(N)Cc1ccccc1)C(C)O)C(C)C)C(=O)NC(CC(N)=O)C(=O)NC(C(N)=O)C(C)O
CHEMBL2112904,Inactive,23.0,3.0,2.0,2.0,0.0,0.0,0.0,1.0,30.0,5.0,7.0,3.0,0.0,0.0,0.0,0.0,1.0,1.0,0.0,0.0,0.0,0.0,0.0,29.0,8.0,11.0,2.0,0.0,0.0,0.0,0.0,1.0,21.0,11.0,8.0,3.0,0.0,0.0,0.0,1.0,0.0,17.0,12.0,10.0,3.0,0.0,0.0,0.0,0.0,0.0,0.0,0.0,0.0,0.0,18.0,7.0,8.0,2.0,0.0,0.0,0.0,1.0,2.0,0.0,0.0,0.0,1.0,0.0,0.0,0.0,0.0,22.0,2.0,7.0,0.0,0.0,0.0,0.0,1.0,1.0,0.0,0.0,0.0,21.0,2.0,4.0,0.0,0.0,0.0,0.0,0.0,2.0,0.0,0.0,0.0,18.0,4.0,3.0,1.0,0.0,0.0,0.0,0.0,2.0,0.0,0.0,0.0,0.0,0.0,17.0,4.0,4.0,1.0,0.0,0.0,0.0,0.0,0.0,0.0,0.0,1.0,1.0,0.0,0.0,1.0,1.0,0.0,0.0,0.0,0.0,0.0,0.0,0.0,2.0,1.0,0.0,1.0,0.0,0.0,1.0,0.0,1.0,0.0,0.0,1.0,0.0,0.0,0.0,1.0,7.0,1.0,2.0,0.0,0.0,0.0,0.0,0.0,0.0,0.0,1.0,0.0,0.0,0.0,0.0,0.0,0.0,0.0,0.0,0.0,0.0,0.0,0.0,0.0,0.0,0.0,0.0,0.0,0.0,0.0,0.0,0.0,0.0,0.0,0.0,0.0,0.0,0.0,0.0,0.0,0.0,0.0,0.0,0.0,0.0,0.0,0.0,0.0,0.0,0.0,0.0,0.0,0.0,0.0,1.0,0.0,0.0,0.0,0.0,0.0,0.0,0.0,0.0,0.0,0.0,3.0,1.0,0.0,0.0,1.0,0.0,0.0,0.0,0.0,4.0,0.0,0.0,0.0,0.0,CC(C)S(=O)(=O)Cc1ccc(C=NNC(=O)c2ccc(O)c(C#N)c2)c2ccccc12
CHEMBL152747,Active,26.0,4.0,5.0,0.0,0.0,2.0,2.0,1.0,32.0,7.0,7.0,0.0,0.0,4.0,4.0,0.0,2.0,0.0,0.0,0.0,0.0,0.0,0.0,30.0,8.0,8.0,0.0,0.0,4.0,4.0,0.0,2.0,21.0,11.0,11.0,0.0,0.0,3.0,3.0,0.0,0.0,18.0,11.0,11.0,0.0,0.0,0.0,0.0,0.0,0.0,0.0,2.0,2.0,0.0,19.0,8.0,8.0,0.0,0.0,1.0,1.0,0.0,2.0,0.0,1.0,1.0,1.0,0.0,0.0,0.0,0.0,24.0,5.0,7.0,0.0,0.0,2.0,2.0,0.0,2.0,0.0,0.0,0.0,29.0,4.0,7.0,0.0,0.0,1.0,1.0,0.0,0.0,0.0,0.0,0.0,32.0,1.0,3.0,0.0,0.0,3.0,3.0,1.0,1.0,0.0,0.0,1.0,0.0,0.0,26.0,1.0,5.0,0.0,0.0,5.0,5.0,1.0,1.0,0.0,0.0,0.0,0.0,0.0,0.0,0.0,1.0,0.0,0.0,0.0,0.0,0.0,0.0,1.0,0.0,2.0,0.0,2.0,0.0,0.0,1.0,0.0,2.0,0.0,1.0,1.0,2.0,0.0,1.0,1.0,4.0,2.0,1.0,1.0,0.0,0.0,0.0,0.0,0.0,1.0,0.0,0.0,0.0,0.0,0.0,0.0,0.0,0.0,0.0,0.0,0.0,0.0,0.0,0.0,0.0,0.0,0.0,0.0,0.0,0.0,0.0,0.0,0.0,0.0,0.0,0.0,0.0,0.0,0.0,0.0,1.0,0.0,0.0,0.0,0.0,0.0,0.0,0.0,0.0,0.0,0.0,1.0,2.0,2.0,2.0,0.0,0.0,0.0,0.0,1.0,0.0,0.0,1.0,1.0,0.0,3.0,2.0,0.0,0.0,1.0,0.0,0.0,0.0,1.0,4.0,0.0,0.0,0.0,0.0,O=C(COc1ccc(C=NNC(=O)c2ccc(O)c(Cl)c2)c2ccccc12)Nc1ccc(Cl)cc1
CHEMBL153879,Active,30.0,9.0,3.0,0.0,0.0,0.0,0.0,1.0,43.0,9.0,4.0,0.0,0.0,0.0,0.0,0.0,2.0,0.0,0.0,0.0,0.0,0.0,0.0,41.0,11.0,8.0,0.0,0.0,0.0,0.0,1.0,1.0,30.0,19.0,8.0,0.0,0.0,0.0,0.0,1.0,0.0,31.0,18.0,9.0,0.0,0.0,0.0,0.0,0.0,1.0,0.0,0.0,0.0,0.0,33.0,13.0,9.0,0.0,0.0,0.0,0.0,1.0,2.0,0.0,0.0,0.0,1.0,0.0,0.0,0.0,0.0,40.0,9.0,6.0,0.0,0.0,0.0,0.0,1.0,1.0,0.0,0.0,0.0,46.0,6.0,4.0,0.0,0.0,0.0,0.0,1.0,1.0,0.0,0.0,0.0,45.0,6.0,3.0,0.0,0.0,0.0,0.0,1.0,1.0,0.0,0.0,0.0,0.0,0.0,36.0,9.0,4.0,0.0,0.0,0.0,0.0,0.0,0.0,0.0,0.0,0.0,0.0,0.0,0.0,0.0,4.0,0.0,0.0,0.0,0.0,1.0,0.0,1.0,2.0,1.0,0.0,1.0,0.0,0.0,1.0,0.0,2.0,0.0,0.0,1.0,0.0,0.0,0.0,1.0,10.0,2.0,2.0,1.0,0.0,0.0,0.0,0.0,0.0,1.0,0.0,0.0,0.0,0.0,0.0,0.0,0.0,0.0,0.0,0.0,1.0,0.0,0.0,0.0,0.0,0.0,0.0,0.0,0.0,0.0,0.0,0.0,0.0,0.0,0.0,0.0,0.0,0.0,0.0,0.0,3.0,3.0,1.0,6.0,1.0,0.0,1.0,1.0,0.0,0.0,0.0,0.0,0.0,0.0,7.0,6.0,2.0,0.0,2.0,0.0,0.0,0.0,0.0,0.0,0.0,5.0,2.0,0.0,0.0,2.0,0.0,0.0,1.0,0.0,3.0,0.0,0.0,0.0,0.0,CN(C)CCN(Cc1ccccc1)C(=O)Cc1ccc(C=NNC(=O)c2ccc(O)c(C#N)c2)c2ccccc12
CHEMBL4876913,Inactive,113.0,62.0,40.0,2.0,0.0,0.0,0.0,0.0,130.0,81.0,44.0,1.0,0.0,0.0,0.0,6.0,27.0,3.0,0.0,0.0,0.0,0.0,0.0,144.0,58.0,65.0,1.0,0.0,0.0,0.0,24.0,29.0,133.0,99.0,106.0,1.0,0.0,0.0,0.0,10.0,5.0,148.0,113.0,83.0,1.0,0.0,0.0,0.0,6.0,31.0,0.0,0.0,0.0,33.0,184.0,76.0,105.0,2.0,0.0,0.0,0.0,29.0,38.0,0.0,0.0,0.0,7.0,0.0,0.0,0.0,0.0,192.0,109.0,140.0,3.0,0.0,0.0,0.0,6.0,19.0,0.0,0.0,9.0,208.0,122.0,109.0,3.0,0.0,0.0,0.0,10.0,38.0,0.0,0.0,38.0,231.0,86.0,128.0,4.0,0.0,0.0,0.0,28.0,41.0,0.0,0.0,9.0,0.0,0.0,223.0,121.0,149.0,3.0,0.0,0.0,0.0,6.0,22.0,0.0,12.0,29.0,6.0,23.0,24.0,3.0,32.0,22.0,20.0,20.0,19.0,12.0,5.0,6.0,10.0,25.0,23.0,23.0,23.0,8.0,10.0,0.0,30.0,4.0,2.0,0.0,0.0,0.0,0.0,10.0,103.0,30.0,76.0,27.0,23.0,3.0,24.0,23.0,23.0,30.0,55.0,27.0,23.0,23.0,0.0,3.0,0.0,16.0,16.0,30.0,4.0,28.0,19.0,22.0,4.0,12.0,12.0,13.0,2.0,0.0,0.0,0.0,0.0,17.0,32.0,10.0,46.0,0.0,16.0,8.0,78.0,0.0,0.0,71.0,46.0,46.0,46.0,46.0,23.0,23.0,5.0,10.0,0.0,0.0,58.0,25.0,23.0,23.0,23.0,0.0,23.0,5.0,8.0,0.0,0.0,35.0,27.0,24.0,24.0,0.0,3.0,7.0,24.0,5.0,40.0,4.0,23.0,0.0,5.0,CSCCC(NC(=O)C(CC(C)C)NC(=O)C(Cc1c[nH]c2ccccc12)NC(=O)C(CCC(N)=O)NC(=O)C(NC(=O)C(Cc1ccccc1)NC(=O)C(CC(=O)O)NC(=O)C(CCC(N)=O)NC(=O)C(C)NC(=O)C(CCCNC(=N)N)NC(=O)C(CCCNC(=N)N)NC(=O)C(CO)NC(=O)C(CC(=O)O)NC(=O)C(CC(C)C)NC(=O)C(Cc1ccc(O)cc1)NC(=O)C(CCCCN)NC(=O)C(CO)NC(=O)C(Cc1ccc(O)cc1)NC(=O)C(CCCC(=O)O)NC(=O)C(CO)NC(=O)C(NC(=O)C(N)Cc1ccccc1)C(C)O)C(C)C)C(=O)NC(CC(N)=O)C(=O)NC(C(N)=O)C(C)O
CHEMBL2159327,Active,28.0,5.0,5.0,0.0,0.0,3.0,3.0,1.0,34.0,10.0,6.0,0.0,0.0,6.0,6.0,0.0,1.0,1.0,0.0,0.0,0.0,0.0,0.0,32.0,12.0,8.0,0.0,0.0,6.0,6.0,0.0,0.0,30.0,14.0,4.0,0.0,0.0,7.0,7.0,2.0,0.0,36.0,10.0,5.0,0.0,0.0,4.0,4.0,0.0,0.0,0.0,3.0,3.0,0.0,39.0,5.0,4.0,0.0,0.0,5.0,5.0,0.0,1.0,0.0,3.0,3.0,2.0,0.0,0.0,0.0,0.0,39.0,2.0,6.0,0.0,0.0,6.0,6.0,1.0,2.0,0.0,0.0,0.0,35.0,4.0,7.0,0.0,0.0,10.0,10.0,1.0,1.0,0.0,0.0,0.0,26.0,7.0,9.0,0.0,0.0,12.0,12.0,0.0,0.0,0.0,0.0,0.0,0.0,0.0,22.0,6.0,9.0,0.0,0.0,8.0,8.0,0.0,0.0,0.0,0.0,0.0,0.0,0.0,0.0,0.0,5.0,0.0,0.0,0.0,0.0,2.0,0.0,1.0,1.0,1.0,0.0,1.0,0.0,0.0,1.0,0.0,2.0,0.0,1.0,1.0,3.0,0.0,1.0,1.0,8.0,2.0,4.0,0.0,0.0,0.0,0.0,0.0,0.0,1.0,2.0,0.0,0.0,0.0,0.0,0.0,0.0,0.0,0.0,1.0,0.0,0.0,0.0,0.0,0.0,0.0,0.0,0.0,0.0,0.0,0.0,0.0,0.0,0.0,0.0,0.0,1.0,0.0,1.0,2.0,1.0,0.0,0.0,1.0,0.0,0.0,1.0,0.0,0.0,0.0,0.0,2.0,3.0,3.0,2.0,1.0,0.0,0.0,1.0,0.0,0.0,0.0,2.0,1.0,0.0,1.0,1.0,0.0,0.0,1.0,1.0,1.0,0.0,0.0,4.0,0.0,0.0,0.0,0.0,CCCOc1ccc(-c2cc(-c3cc(Cl)cc(Cl)c3)nn2Cc2ccc(C(=O)NCCC(=O)O)cc2)cc1Cl
CHEMBL2159334,Inactive,27.0,5.0,5.0,0.0,3.0,2.0,5.0,1.0,34.0,11.0,5.0,0.0,0.0,4.0,4.0,0.0,1.0,1.0,3.0,3.0,3.0,3.0,3.0,34.0,13.0,7.0,0.0,3.0,4.0,7.0,0.0,0.0,32.0,14.0,4.0,0.0,6.0,4.0,10.0,2.0,0.0,36.0,10.0,5.0,0.0,6.0,2.0,8.0,0.0,0.0,0.0,2.0,2.0,0.0,41.0,5.0,4.0,0.0,3.0,2.0,5.0,0.0,1.0,0.0,2.0,2.0,2.0,0.0,0.0,0.0,0.0,40.0,3.0,7.0,0.0,3.0,4.0,7.0,1.0,2.0,0.0,0.0,0.0,35.0,3.0,8.0,0.0,3.0,8.0,11.0,1.0,1.0,3.0,3.0,0.0,25.0,5.0,9.0,0.0,6.0,8.0,14.0,0.0,0.0,3.0,3.0,0.0,0.0,0.0,19.0,5.0,9.0,0.0,9.0,6.0,15.0,0.0,0.0,0.0,0.0,1.0,1.0,0.0,0.0,0.0,2.0,0.0,0.0,0.0,0.0,1.0,0.0,1.0,1.0,1.0,0.0,1.0,0.0,0.0,1.0,1.0,2.0,0.0,2.0,0.0,2.0,3.0,1.0,1.0,7.0,2.0,3.0,0.0,0.0,0.0,0.0,0.0,0.0,1.0,1.0,0.0,0.0,0.0,0.0,0.0,0.0,0.0,0.0,1.0,1.0,0.0,0.0,0.0,0.0,0.0,0.0,0.0,0.0,0.0,0.0,0.0,0.0,0.0,0.0,0.0,1.0,0.0,1.0,1.0,1.0,0.0,0.0,1.0,0.0,0.0,1.0,0.0,0.0,0.0,0.0,1.0,2.0,2.0,2.0,1.0,0.0,0.0,1.0,0.0,0.0,0.0,2.0,1.0,3.0,1.0,1.0,0.0,0.0,1.0,1.0,1.0,0.0,0.0,4.0,0.0,0.0,3.0,0.0,CC(c1ccc(C(=O)NCCC(=O)O)cc1)n1nc(-c2cc(Cl)cc(Cl)c2)cc1-c1ccc(OC(F)(F)F)cc1
CHEMBL345589,Active,21.0,3.0,3.0,0.0,0.0,0.0,0.0,1.0,28.0,5.0,4.0,0.0,0.0,0.0,0.0,0.0,1.0,0.0,0.0,0.0,0.0,0.0,0.0,26.0,8.0,7.0,0.0,0.0,0.0,0.0,0.0,1.0,17.0,11.0,7.0,0.0,0.0,0.0,0.0,1.0,0.0,10.0,12.0,7.0,0.0,0.0,0.0,0.0,0.0,0.0,0.0,0.0,0.0,0.0,9.0,7.0,4.0,0.0,0.0,0.0,0.0,1.0,2.0,0.0,0.0,0.0,1.0,0.0,0.0,0.0,0.0,14.0,2.0,3.0,0.0,0.0,0.0,0.0,1.0,2.0,0.0,0.0,0.0,17.0,1.0,4.0,0.0,0.0,0.0,0.0,0.0,1.0,0.0,0.0,0.0,18.0,1.0,4.0,0.0,0.0,0.0,0.0,0.0,0.0,0.0,0.0,0.0,0.0,0.0,16.0,2.0,3.0,0.0,0.0,0.0,0.0,0.0,0.0,0.0,1.0,0.0,0.0,0.0,0.0,0.0,1.0,0.0,0.0,0.0,0.0,0.0,0.0,0.0,0.0,1.0,0.0,1.0,0.0,0.0,2.0,0.0,1.0,0.0,0.0,1.0,0.0,0.0,0.0,2.0,4.0,1.0,0.0,0.0,0.0,0.0,0.0,0.0,0.0,0.0,0.0,0.0,0.0,0.0,0.0,0.0,0.0,0.0,0.0,0.0,0.0,0.0,0.0,0.0,0.0,0.0,0.0,0.0,0.0,0.0,0.0,0.0,0.0,0.0,0.0,0.0,0.0,0.0,0.0,0.0,0.0,0.0,0.0,0.0,0.0,0.0,0.0,0.0,0.0,0.0,0.0,0.0,0.0,0.0,1.0,0.0,0.0,0.0,0.0,0.0,0.0,0.0,1.0,0.0,0.0,3.0,1.0,0.0,0.0,1.0,0.0,0.0,0.0,0.0,3.0,0.0,0.0,0.0,0.0,N#Cc1cc(C(=O)NN=Cc2ccc(CO)c3ccccc23)ccc1O
CHEMBL472586,Inactive,24.0,7.0,5.0,4.0,3.0,0.0,3.0,0.0,34.0,7.0,5.0,3.0,0.0,0.0,0.0,1.0,1.0,1.0,0.0,0.0,3.0,3.0,3.0,30.0,13.0,8.0,5.0,3.0,0.0,3.0,0.0,0.0,30.0,11.0,5.0,6.0,6.0,0.0,6.0,3.0,0.0,32.0,10.0,5.0,6.0,6.0,0.0,6.0,0.0,0.0,0.0,0.0,0.0,0.0,33.0,8.0,3.0,7.0,3.0,0.0,3.0,0.0,1.0,0.0,0.0,0.0,2.0,0.0,0.0,0.0,0.0,36.0,3.0,6.0,2.0,0.0,0.0,0.0,1.0,1.0,3.0,3.0,0.0,32.0,5.0,9.0,6.0,6.0,0.0,6.0,0.0,0.0,0.0,0.0,0.0,33.0,3.0,8.0,3.0,3.0,0.0,3.0,1.0,1.0,3.0,3.0,0.0,0.0,0.0,25.0,6.0,9.0,4.0,12.0,0.0,12.0,0.0,0.0,0.0,0.0,0.0,0.0,0.0,0.0,0.0,3.0,0.0,0.0,0.0,0.0,1.0,0.0,1.0,1.0,1.0,0.0,1.0,0.0,0.0,1.0,1.0,2.0,0.0,2.0,0.0,0.0,3.0,1.0,1.0,7.0,2.0,2.0,0.0,0.0,0.0,0.0,0.0,0.0,1.0,1.0,0.0,0.0,0.0,0.0,0.0,0.0,0.0,0.0,1.0,0.0,0.0,0.0,0.0,0.0,0.0,0.0,0.0,0.0,0.0,0.0,0.0,0.0,0.0,0.0,0.0,1.0,0.0,1.0,1.0,1.0,0.0,0.0,1.0,0.0,0.0,1.0,0.0,0.0,0.0,0.0,1.0,0.0,0.0,3.0,1.0,0.0,0.0,1.0,1.0,0.0,0.0,2.0,1.0,3.0,2.0,1.0,0.0,0.0,2.0,1.0,1.0,0.0,0.0,4.0,0.0,0.0,0.0,0.0,COc1ccccc1-c1csc(N(Cc2ccc(C(=O)NCCC(=O)O)cc2)c2ccc(SC(F)(F)F)cc2)n1
CHEMBL351333,Inactive,25.0,2.0,8.0,0.0,0.0,1.0,1.0,0.0,33.0,3.0,10.0,0.0,0.0,2.0,2.0,0.0,1.0,0.0,0.0,0.0,0.0,0.0,0.0,32.0,3.0,12.0,0.0,0.0,2.0,2.0,0.0,0.0,26.0,2.0,15.0,0.0,0.0,1.0,1.0,0.0,1.0,27.0,2.0,12.0,0.0,0.0,1.0,1.0,0.0,1.0,0.0,0.0,0.0,0.0,26.0,2.0,12.0,0.0,0.0,1.0,1.0,0.0,0.0,0.0,0.0,0.0,0.0,1.0,0.0,0.0,0.0,26.0,1.0,9.0,0.0,0.0,1.0,1.0,0.0,2.0,0.0,0.0,3.0,26.0,2.0,7.0,0.0,0.0,1.0,1.0,0.0,1.0,0.0,0.0,1.0,24.0,1.0,9.0,0.0,0.0,2.0,2.0,0.0,0.0,0.0,0.0,0.0,0.0,0.0,21.0,1.0,13.0,0.0,0.0,2.0,2.0,0.0,0.0,0.0,0.0,1.0,1.0,0.0,0.0,1.0,1.0,0.0,0.0,0.0,0.0,0.0,0.0,0.0,4.0,1.0,0.0,1.0,0.0,0.0,1.0,0.0,1.0,0.0,1.0,1.0,1.0,0.0,3.0,1.0,9.0,1.0,3.0,1.0,0.0,0.0,0.0,0.0,0.0,1.0,1.0,0.0,0.0,0.0,0.0,0.0,0.0,0.0,0.0,0.0,2.0,0.0,0.0,0.0,0.0,0.0,0.0,0.0,0.0,0.0,0.0,0.0,0.0,0.0,0.0,0.0,0.0,0.0,0.0,0.0,1.0,0.0,0.0,0.0,0.0,0.0,0.0,0.0,0.0,0.0,0.0,0.0,1.0,1.0,1.0,0.0,0.0,0.0,0.0,1.0,0.0,0.0,3.0,3.0,0.0,1.0,1.0,0.0,0.0,0.0,0.0,0.0,0.0,0.0,5.0,0.0,0.0,0.0,0.0,COc1cc(C=CC(=O)Nc2ccc(O)c(Cl)c2)cc(OC)c1OCc1ccc(C(C)C)cc1
CHEMBL1922926,Active,31.0,5.0,4.0,0.0,3.0,2.0,5.0,0.0,40.0,8.0,5.0,0.0,3.0,4.0,7.0,0.0,1.0,1.0,0.0,0.0,3.0,3.0,3.0,41.0,8.0,8.0,0.0,6.0,5.0,11.0,0.0,1.0,42.0,7.0,8.0,0.0,6.0,3.0,9.0,2.0,0.0,48.0,3.0,11.0,0.0,3.0,1.0,4.0,0.0,0.0,3.0,2.0,5.0,0.0,49.0,4.0,9.0,0.0,6.0,4.0,10.0,0.0,0.0,0.0,0.0,0.0,2.0,0.0,0.0,0.0,0.0,45.0,3.0,8.0,0.0,12.0,7.0,19.0,0.0,0.0,0.0,0.0,0.0,39.0,3.0,7.0,0.0,9.0,7.0,16.0,0.0,0.0,0.0,0.0,0.0,33.0,3.0,4.0,0.0,9.0,7.0,16.0,0.0,1.0,0.0,0.0,1.0,0.0,0.0,26.0,2.0,5.0,0.0,6.0,5.0,11.0,1.0,1.0,0.0,0.0,1.0,0.0,0.0,1.0,0.0,5.0,2.0,2.0,0.0,0.0,2.0,0.0,1.0,1.0,1.0,0.0,1.0,0.0,0.0,1.0,1.0,3.0,0.0,1.0,2.0,2.0,3.0,0.0,1.0,11.0,3.0,7.0,0.0,0.0,1.0,0.0,0.0,0.0,2.0,6.0,0.0,0.0,0.0,0.0,1.0,0.0,0.0,0.0,3.0,1.0,3.0,0.0,1.0,2.0,2.0,0.0,1.0,0.0,0.0,0.0,0.0,0.0,0.0,0.0,0.0,1.0,0.0,1.0,1.0,1.0,0.0,0.0,1.0,0.0,0.0,1.0,0.0,0.0,0.0,0.0,1.0,2.0,2.0,2.0,1.0,0.0,0.0,1.0,0.0,0.0,0.0,1.0,0.0,3.0,1.0,1.0,0.0,0.0,1.0,1.0,1.0,0.0,0.0,4.0,1.0,0.0,0.0,0.0,CCCC(Cc1ccc(C(=O)NCCC(=O)O)cc1)C(=O)c1cc2cc(Cl)ccc2n1-c1ccc(Cl)c(C(F)(F)F)c1
CHEMBL1922928,Active,31.0,5.0,8.0,0.0,0.0,1.0,1.0,0.0,40.0,8.0,11.0,0.0,0.0,2.0,2.0,0.0,1.0,1.0,0.0,0.0,0.0,0.0,0.0,43.0,8.0,12.0,0.0,0.0,2.0,2.0,0.0,1.0,45.0,6.0,10.0,0.0,0.0,2.0,2.0,3.0,0.0,48.0,4.0,13.0,0.0,0.0,1.0,1.0,0.0,1.0,0.0,1.0,1.0,0.0,47.0,5.0,15.0,0.0,0.0,2.0,2.0,0.0,0.0,0.0,0.0,0.0,2.0,0.0,0.0,0.0,0.0,48.0,3.0,14.0,0.0,0.0,3.0,3.0,0.0,0.0,0.0,0.0,1.0,43.0,3.0,14.0,0.0,0.0,4.0,4.0,0.0,0.0,0.0,0.0,1.0,37.0,3.0,10.0,0.0,0.0,3.0,3.0,0.0,1.0,0.0,0.0,1.0,0.0,1.0,28.0,2.0,10.0,0.0,0.0,4.0,4.0,1.0,1.0,0.0,0.0,1.0,0.0,0.0,1.0,0.0,7.0,2.0,2.0,0.0,0.0,3.0,0.0,1.0,1.0,1.0,0.0,1.0,0.0,0.0,1.0,0.0,3.0,0.0,1.0,2.0,1.0,0.0,2.0,1.0,12.0,3.0,8.0,0.0,0.0,1.0,0.0,0.0,0.0,2.0,6.0,0.0,0.0,0.0,0.0,1.0,0.0,0.0,0.0,3.0,1.0,3.0,0.0,1.0,2.0,2.0,0.0,1.0,0.0,0.0,0.0,0.0,0.0,0.0,0.0,0.0,1.0,0.0,1.0,1.0,1.0,0.0,0.0,1.0,0.0,0.0,1.0,0.0,0.0,0.0,0.0,3.0,1.0,1.0,2.0,1.0,0.0,0.0,1.0,0.0,0.0,0.0,3.0,2.0,0.0,1.0,1.0,0.0,0.0,1.0,1.0,1.0,0.0,0.0,6.0,1.0,0.0,0.0,0.0,CCCC(Cc1ccc(C(=O)NCCC(=O)O)cc1)C(=O)c1cc2cc(Cl)ccc2n1-c1ccc2c(c1)OCCO2
CHEMBL1922933,Active,33.0,5.0,4.0,0.0,3.0,1.0,4.0,0.0,42.0,8.0,5.0,0.0,3.0,2.0,5.0,0.0,1.0,1.0,0.0,0.0,3.0,3.0,3.0,43.0,8.0,8.0,0.0,6.0,2.0,8.0,0.0,1.0,44.0,7.0,8.0,0.0,6.0,2.0,8.0,2.0,0.0,51.0,3.0,11.0,0.0,3.0,1.0,4.0,0.0,0.0,3.0,1.0,4.0,0.0,53.0,4.0,10.0,0.0,6.0,2.0,8.0,0.0,0.0,0.0,0.0,0.0,2.0,0.0,0.0,0.0,0.0,50.0,4.0,9.0,0.0,12.0,3.0,15.0,0.0,0.0,0.0,0.0,0.0,47.0,4.0,7.0,0.0,9.0,4.0,13.0,0.0,0.0,0.0,0.0,0.0,43.0,3.0,4.0,0.0,9.0,4.0,13.0,0.0,1.0,0.0,0.0,1.0,0.0,0.0,36.0,2.0,5.0,0.0,6.0,3.0,9.0,1.0,1.0,0.0,0.0,1.0,0.0,0.0,1.0,0.0,7.0,2.0,2.0,0.0,0.0,4.0,2.0,1.0,1.0,1.0,0.0,1.0,0.0,0.0,1.0,1.0,3.0,0.0,1.0,1.0,1.0,3.0,0.0,1.0,13.0,3.0,9.0,0.0,0.0,1.0,0.0,0.0,0.0,2.0,8.0,0.0,0.0,0.0,0.0,1.0,0.0,0.0,0.0,3.0,1.0,5.0,0.0,1.0,2.0,4.0,0.0,1.0,3.0,0.0,2.0,0.0,0.0,0.0,0.0,0.0,1.0,0.0,1.0,1.0,1.0,0.0,0.0,1.0,0.0,0.0,1.0,0.0,0.0,0.0,0.0,1.0,1.0,1.0,2.0,1.0,0.0,0.0,1.0,0.0,0.0,0.0,1.0,0.0,3.0,1.0,1.0,0.0,0.0,1.0,1.0,1.0,0.0,0.0,4.0,1.0,0.0,0.0,0.0,CCCCCC(Cc1ccc(C(=O)NCCC(=O)O)cc1)C(=O)c1cc2cc(Cl)ccc2n1-c1cccc(C(F)(F)F)c1
CHEMBL2435137,Inactive,22.0,4.0,0.0,2.0,1.0,0.0,1.0,0.0,30.0,6.0,0.0,2.0,2.0,0.0,2.0,0.0,0.0,0.0,0.0,0.0,0.0,0.0,0.0,30.0,6.0,0.0,2.0,2.0,0.0,2.0,0.0,0.0,28.0,7.0,0.0,1.0,1.0,0.0,1.0,0.0,0.0,30.0,4.0,0.0,1.0,1.0,0.0,1.0,1.0,0.0,0.0,0.0,0.0,0.0,29.0,4.0,0.0,1.0,2.0,0.0,2.0,0.0,0.0,0.0,0.0,0.0,0.0,0.0,0.0,0.0,0.0,26.0,4.0,0.0,2.0,2.0,0.0,2.0,0.0,0.0,1.0,1.0,0.0,18.0,4.0,0.0,2.0,3.0,0.0,3.0,0.0,0.0,0.0,0.0,0.0,8.0,3.0,0.0,4.0,4.0,0.0,4.0,0.0,0.0,0.0,0.0,0.0,0.0,0.0,5.0,1.0,0.0,4.0,2.0,0.0,2.0,0.0,0.0,1.0,0.0,0.0,0.0,0.0,0.0,0.0,1.0,0.0,0.0,0.0,0.0,0.0,0.0,0.0,1.0,0.0,0.0,0.0,0.0,0.0,0.0,0.0,0.0,0.0,2.0,0.0,0.0,1.0,0.0,0.0,5.0,0.0,2.0,0.0,0.0,0.0,0.0,0.0,0.0,0.0,1.0,0.0,0.0,0.0,0.0,0.0,0.0,0.0,0.0,0.0,2.0,0.0,0.0,0.0,2.0,0.0,0.0,0.0,0.0,0.0,0.0,0.0,0.0,0.0,0.0,0.0,0.0,0.0,0.0,0.0,0.0,0.0,0.0,0.0,0.0,0.0,0.0,0.0,0.0,0.0,0.0,0.0,0.0,0.0,1.0,0.0,0.0,0.0,0.0,0.0,0.0,0.0,0.0,0.0,1.0,1.0,0.0,0.0,0.0,0.0,0.0,0.0,0.0,0.0,0.0,0.0,0.0,0.0,0.0,CSc1ccc(C2=NC(c3ccncc3)=C(c3ccc(F)cc3)C2)cc1
CHEMBL26238,Inactive,24.0,2.0,1.0,0.0,0.0,0.0,0.0,0.0,32.0,4.0,1.0,0.0,0.0,0.0,0.0,0.0,0.0,0.0,0.0,0.0,0.0,0.0,0.0,34.0,7.0,2.0,0.0,0.0,0.0,0.0,0.0,0.0,41.0,2.0,3.0,0.0,0.0,0.0,0.0,1.0,0.0,41.0,3.0,6.0,0.0,0.0,0.0,0.0,0.0,0.0,0.0,0.0,0.0,0.0,40.0,3.0,4.0,0.0,0.0,0.0,0.0,0.0,0.0,0.0,0.0,0.0,0.0,0.0,0.0,0.0,0.0,29.0,2.0,4.0,0.0,0.0,0.0,0.0,0.0,0.0,0.0,0.0,0.0,19.0,1.0,2.0,0.0,0.0,0.0,0.0,0.0,0.0,0.0,0.0,0.0,11.0,0.0,1.0,0.0,0.0,0.0,0.0,0.0,0.0,0.0,0.0,0.0,0.0,0.0,4.0,0.0,0.0,0.0,0.0,0.0,0.0,0.0,0.0,0.0,0.0,2.0,2.0,0.0,0.0,2.0,5.0,0.0,0.0,0.0,0.0,3.0,2.0,0.0,6.0,0.0,0.0,0.0,0.0,0.0,1.0,0.0,0.0,0.0,1.0,0.0,0.0,0.0,0.0,1.0,13.0,0.0,8.0,0.0,0.0,0.0,0.0,0.0,0.0,0.0,5.0,0.0,0.0,0.0,0.0,0.0,0.0,0.0,0.0,0.0,0.0,2.0,0.0,0.0,0.0,1.0,0.0,0.0,0.0,0.0,0.0,0.0,0.0,0.0,0.0,0.0,0.0,0.0,0.0,0.0,0.0,0.0,0.0,0.0,0.0,0.0,0.0,0.0,0.0,0.0,0.0,0.0,0.0,0.0,0.0,0.0,0.0,0.0,0.0,0.0,0.0,0.0,1.0,0.0,0.0,0.0,0.0,0.0,0.0,0.0,0.0,0.0,0.0,0.0,1.0,0.0,0.0,0.0,0.0,CCCCCc1c(C(C)C)nc(C(C)C)c(CO)c1-c1ccc(C)cc1
CHEMBL4227229,Inactive,33.0,5.0,3.0,0.0,0.0,2.0,2.0,1.0,43.0,11.0,3.0,0.0,0.0,4.0,4.0,0.0,1.0,1.0,0.0,0.0,0.0,0.0,0.0,43.0,15.0,5.0,0.0,0.0,4.0,4.0,0.0,0.0,42.0,14.0,3.0,0.0,0.0,4.0,4.0,2.0,0.0,46.0,11.0,4.0,0.0,0.0,2.0,2.0,0.0,0.0,0.0,2.0,2.0,0.0,50.0,8.0,3.0,0.0,0.0,4.0,4.0,0.0,0.0,0.0,2.0,2.0,2.0,0.0,0.0,0.0,0.0,51.0,5.0,5.0,0.0,0.0,4.0,4.0,1.0,1.0,0.0,0.0,0.0,47.0,3.0,5.0,0.0,0.0,8.0,8.0,1.0,1.0,0.0,0.0,0.0,38.0,5.0,5.0,0.0,0.0,8.0,8.0,0.0,0.0,0.0,0.0,0.0,0.0,0.0,29.0,6.0,6.0,0.0,0.0,8.0,8.0,0.0,0.0,0.0,0.0,1.0,1.0,0.0,0.0,0.0,2.0,0.0,0.0,0.0,0.0,1.0,0.0,1.0,2.0,1.0,0.0,1.0,0.0,0.0,1.0,0.0,2.0,0.0,1.0,1.0,2.0,0.0,0.0,1.0,7.0,2.0,3.0,0.0,0.0,0.0,0.0,0.0,0.0,1.0,1.0,0.0,0.0,0.0,0.0,0.0,0.0,0.0,0.0,1.0,1.0,0.0,0.0,0.0,0.0,0.0,0.0,0.0,0.0,0.0,0.0,0.0,0.0,0.0,0.0,0.0,1.0,0.0,1.0,1.0,1.0,0.0,0.0,1.0,0.0,0.0,1.0,0.0,0.0,0.0,0.0,1.0,2.0,2.0,2.0,1.0,0.0,0.0,1.0,0.0,0.0,0.0,1.0,0.0,0.0,1.0,1.0,0.0,0.0,1.0,1.0,1.0,0.0,0.0,3.0,0.0,0.0,0.0,0.0,Cc1c(-c2cc(Cl)cc(Cl)c2)nn(C(C)c2ccc(C(=O)NCCC(=O)O)cc2)c1-c1ccc2ccccc2c1
CHEMBL4227111,Inactive,32.0,5.0,5.0,0.0,0.0,2.0,2.0,1.0,43.0,10.0,5.0,0.0,0.0,4.0,4.0,0.0,1.0,1.0,0.0,0.0,0.0,0.0,0.0,42.0,14.0,7.0,0.0,0.0,4.0,4.0,0.0,0.0,39.0,14.0,5.0,0.0,0.0,4.0,4.0,2.0,0.0,43.0,11.0,6.0,0.0,0.0,2.0,2.0,0.0,0.0,0.0,2.0,2.0,0.0,47.0,8.0,4.0,0.0,0.0,4.0,4.0,0.0,0.0,0.0,2.0,2.0,2.0,0.0,0.0,0.0,0.0,48.0,4.0,5.0,0.0,0.0,4.0,4.0,1.0,1.0,0.0,0.0,0.0,44.0,3.0,6.0,0.0,0.0,6.0,6.0,1.0,2.0,0.0,0.0,0.0,37.0,6.0,8.0,0.0,0.0,8.0,8.0,0.0,1.0,0.0,0.0,0.0,0.0,0.0,31.0,7.0,8.0,0.0,0.0,8.0,8.0,0.0,0.0,0.0,0.0,0.0,0.0,0.0,0.0,0.0,3.0,0.0,0.0,0.0,0.0,1.0,0.0,1.0,2.0,1.0,0.0,1.0,0.0,0.0,1.0,0.0,2.0,0.0,1.0,2.0,2.0,0.0,1.0,1.0,7.0,2.0,2.0,0.0,0.0,0.0,0.0,0.0,0.0,1.0,1.0,0.0,0.0,0.0,0.0,0.0,0.0,0.0,0.0,1.0,0.0,0.0,0.0,0.0,0.0,0.0,0.0,0.0,0.0,0.0,0.0,0.0,0.0,0.0,0.0,0.0,1.0,0.0,1.0,1.0,1.0,0.0,0.0,1.0,0.0,0.0,1.0,0.0,0.0,0.0,0.0,1.0,2.0,2.0,2.0,1.0,0.0,0.0,1.0,0.0,0.0,0.0,2.0,1.0,0.0,1.0,1.0,0.0,0.0,1.0,1.0,1.0,0.0,0.0,4.0,0.0,0.0,0.0,0.0,COc1ccc2cc(-c3c(C)c(-c4cc(Cl)cc(Cl)c4)nn3Cc3ccc(C(=O)NCCC(=O)O)cc3)ccc2c1
CHEMBL1643953,Inactive,26.0,5.0,5.0,0.0,3.0,0.0,3.0,1.0,33.0,10.0,5.0,0.0,0.0,0.0,0.0,0.0,1.0,1.0,3.0,3.0,3.0,3.0,3.0,31.0,12.0,7.0,0.0,3.0,0.0,3.0,0.0,0.0,27.0,14.0,4.0,0.0,6.0,0.0,6.0,2.0,0.0,32.0,10.0,5.0,0.0,6.0,0.0,6.0,0.0,0.0,0.0,0.0,0.0,0.0,36.0,5.0,4.0,0.0,3.0,0.0,3.0,0.0,1.0,0.0,0.0,0.0,2.0,0.0,0.0,0.0,0.0,37.0,2.0,5.0,0.0,3.0,0.0,3.0,1.0,2.0,0.0,0.0,0.0,32.0,3.0,7.0,0.0,3.0,0.0,3.0,1.0,1.0,3.0,3.0,0.0,23.0,5.0,8.0,0.0,3.0,0.0,3.0,0.0,0.0,3.0,3.0,0.0,0.0,0.0,17.0,5.0,9.0,0.0,6.0,0.0,6.0,0.0,0.0,0.0,0.0,1.0,0.0,0.0,0.0,0.0,8.0,2.0,0.0,0.0,0.0,5.0,3.0,1.0,0.0,1.0,0.0,1.0,0.0,0.0,1.0,1.0,2.0,0.0,2.0,0.0,0.0,3.0,1.0,1.0,12.0,2.0,8.0,0.0,0.0,0.0,0.0,0.0,0.0,1.0,7.0,0.0,0.0,0.0,0.0,0.0,0.0,0.0,0.0,1.0,0.0,6.0,0.0,0.0,0.0,6.0,0.0,0.0,1.0,0.0,0.0,0.0,0.0,0.0,0.0,0.0,1.0,0.0,1.0,1.0,1.0,0.0,0.0,1.0,0.0,0.0,1.0,0.0,0.0,0.0,0.0,1.0,0.0,0.0,2.0,1.0,0.0,0.0,1.0,0.0,0.0,0.0,2.0,1.0,3.0,1.0,1.0,0.0,0.0,1.0,1.0,1.0,0.0,0.0,4.0,0.0,0.0,3.0,0.0,O=C(O)CCNC(=O)c1ccc(Cn2nc(-c3ccc(OC(F)(F)F)cc3)cc2C2CCCCC2)cc1
CHEMBL1644189,Inactive,25.0,5.0,7.0,0.0,6.0,0.0,6.0,1.0,33.0,10.0,7.0,0.0,0.0,0.0,0.0,0.0,1.0,1.0,6.0,6.0,6.0,6.0,6.0,33.0,11.0,7.0,0.0,6.0,0.0,6.0,0.0,2.0,28.0,14.0,7.0,0.0,12.0,0.0,12.0,0.0,0.0,32.0,10.0,5.0,0.0,12.0,0.0,12.0,0.0,0.0,0.0,0.0,0.0,2.0,35.0,5.0,7.0,0.0,6.0,0.0,6.0,0.0,2.0,0.0,0.0,0.0,0.0,0.0,0.0,0.0,0.0,36.0,3.0,7.0,0.0,6.0,0.0,6.0,1.0,3.0,0.0,0.0,0.0,33.0,4.0,7.0,0.0,6.0,0.0,6.0,1.0,1.0,6.0,6.0,0.0,24.0,5.0,12.0,0.0,9.0,0.0,9.0,0.0,0.0,6.0,6.0,0.0,0.0,0.0,21.0,4.0,11.0,0.0,12.0,0.0,12.0,0.0,2.0,0.0,0.0,0.0,0.0,0.0,0.0,0.0,2.0,0.0,0.0,0.0,0.0,0.0,0.0,1.0,0.0,1.0,0.0,1.0,0.0,0.0,1.0,2.0,2.0,0.0,3.0,0.0,0.0,6.0,2.0,1.0,6.0,2.0,1.0,0.0,0.0,0.0,0.0,0.0,0.0,1.0,0.0,0.0,0.0,0.0,0.0,0.0,0.0,0.0,0.0,0.0,0.0,0.0,0.0,0.0,0.0,0.0,0.0,0.0,0.0,0.0,0.0,0.0,0.0,0.0,0.0,0.0,0.0,0.0,0.0,0.0,1.0,0.0,0.0,1.0,0.0,0.0,1.0,0.0,0.0,0.0,0.0,1.0,0.0,0.0,2.0,1.0,0.0,0.0,1.0,0.0,0.0,1.0,3.0,2.0,6.0,1.0,1.0,0.0,1.0,1.0,0.0,0.0,0.0,1.0,5.0,0.0,1.0,6.0,1.0,O=C(O)CNC(=O)c1ccc(Cn2nc(-c3ccc(OC(F)(F)F)cc3)cc2-c2ccc(OC(F)(F)F)cc2)cc1
CHEMBL385528,Active,29.0,7.0,6.0,0.0,3.0,0.0,3.0,0.0,39.0,7.0,5.0,0.0,0.0,0.0,0.0,1.0,3.0,1.0,3.0,3.0,3.0,3.0,3.0,36.0,12.0,10.0,0.0,3.0,0.0,3.0,0.0,0.0,32.0,11.0,9.0,0.0,6.0,0.0,6.0,2.0,0.0,35.0,9.0,10.0,0.0,6.0,0.0,6.0,0.0,1.0,0.0,0.0,0.0,0.0,36.0,9.0,8.0,0.0,3.0,0.0,3.0,0.0,0.0,0.0,0.0,0.0,2.0,0.0,0.0,0.0,0.0,40.0,4.0,6.0,0.0,0.0,0.0,0.0,1.0,2.0,3.0,3.0,1.0,35.0,8.0,12.0,0.0,3.0,0.0,3.0,0.0,0.0,0.0,0.0,0.0,35.0,5.0,9.0,0.0,0.0,0.0,0.0,1.0,2.0,3.0,3.0,1.0,3.0,3.0,33.0,6.0,11.0,0.0,6.0,0.0,6.0,0.0,0.0,0.0,0.0,1.0,0.0,0.0,0.0,0.0,8.0,2.0,0.0,0.0,0.0,5.0,3.0,1.0,0.0,2.0,0.0,2.0,0.0,0.0,1.0,1.0,3.0,0.0,3.0,0.0,0.0,3.0,1.0,1.0,13.0,3.0,8.0,0.0,0.0,0.0,0.0,0.0,0.0,1.0,7.0,0.0,0.0,0.0,0.0,0.0,0.0,0.0,0.0,1.0,2.0,6.0,0.0,0.0,2.0,6.0,0.0,0.0,1.0,0.0,0.0,0.0,0.0,0.0,0.0,0.0,1.0,0.0,1.0,1.0,1.0,0.0,0.0,1.0,0.0,0.0,1.0,0.0,0.0,0.0,0.0,1.0,0.0,0.0,5.0,2.0,0.0,0.0,2.0,3.0,0.0,0.0,2.0,1.0,3.0,3.0,3.0,0.0,0.0,2.0,1.0,1.0,0.0,0.0,5.0,0.0,0.0,3.0,0.0,O=C(O)CCNC(=O)c1ccc(CN(C(=O)Nc2ccc(OC(F)(F)F)cc2)c2ccc(C3CCCCC3)cc2)cc1
CHEMBL219010,Inactive,26.0,7.0,4.0,2.0,3.0,0.0,3.0,0.0,36.0,7.0,3.0,2.0,0.0,0.0,0.0,1.0,3.0,1.0,0.0,0.0,3.0,3.0,3.0,31.0,12.0,8.0,2.0,3.0,0.0,3.0,0.0,0.0,26.0,12.0,8.0,1.0,6.0,0.0,6.0,2.0,0.0,29.0,10.0,10.0,0.0,6.0,0.0,6.0,0.0,0.0,0.0,0.0,0.0,0.0,35.0,8.0,8.0,1.0,3.0,0.0,3.0,0.0,0.0,0.0,0.0,0.0,2.0,0.0,0.0,0.0,0.0,39.0,3.0,7.0,0.0,0.0,0.0,0.0,1.0,1.0,3.0,3.0,0.0,36.0,5.0,8.0,2.0,3.0,0.0,3.0,0.0,0.0,0.0,0.0,0.0,32.0,3.0,4.0,3.0,0.0,0.0,0.0,1.0,2.0,3.0,3.0,1.0,3.0,3.0,23.0,5.0,6.0,4.0,6.0,0.0,6.0,0.0,0.0,0.0,0.0,1.0,0.0,0.0,0.0,0.0,5.0,2.0,0.0,0.0,0.0,1.0,0.0,1.0,0.0,2.0,0.0,2.0,0.0,0.0,1.0,1.0,3.0,0.0,2.0,0.0,0.0,3.0,0.0,1.0,10.0,3.0,4.0,0.0,0.0,0.0,1.0,1.0,0.0,1.0,2.0,0.0,0.0,0.0,0.0,0.0,0.0,0.0,0.0,1.0,2.0,0.0,0.0,0.0,1.0,0.0,0.0,0.0,0.0,0.0,0.0,0.0,0.0,0.0,0.0,0.0,1.0,0.0,1.0,1.0,3.0,2.0,0.0,5.0,0.0,0.0,3.0,0.0,0.0,0.0,0.0,1.0,0.0,0.0,6.0,4.0,0.0,2.0,3.0,1.0,0.0,0.0,1.0,0.0,3.0,3.0,3.0,0.0,0.0,2.0,1.0,1.0,0.0,0.0,4.0,0.0,0.0,0.0,0.0,O=C(O)CCNC(=O)c1ccc(CN(C(=O)Nc2ccc(SC(F)(F)F)cc2)C2Cc3ccccc3C2)cc1
CHEMBL218740,Inactive,28.0,7.0,6.0,0.0,3.0,0.0,3.0,0.0,38.0,7.0,5.0,0.0,0.0,0.0,0.0,1.0,3.0,1.0,3.0,3.0,3.0,3.0,3.0,37.0,12.0,10.0,0.0,3.0,0.0,3.0,0.0,0.0,35.0,11.0,9.0,0.0,6.0,0.0,6.0,2.0,0.0,35.0,10.0,10.0,0.0,6.0,0.0,6.0,0.0,1.0,0.0,0.0,0.0,0.0,37.0,9.0,8.0,0.0,3.0,0.0,3.0,0.0,0.0,0.0,0.0,0.0,2.0,0.0,0.0,0.0,0.0,40.0,5.0,7.0,0.0,0.0,0.0,0.0,1.0,2.0,3.0,3.0,1.0,38.0,7.0,12.0,0.0,3.0,0.0,3.0,0.0,0.0,0.0,0.0,0.0,37.0,5.0,9.0,0.0,0.0,0.0,0.0,1.0,2.0,3.0,3.0,1.0,3.0,3.0,35.0,5.0,10.0,0.0,6.0,0.0,6.0,0.0,0.0,0.0,0.0,1.0,0.0,0.0,0.0,0.0,11.0,2.0,0.0,0.0,0.0,5.0,0.0,1.0,2.0,2.0,0.0,2.0,0.0,0.0,1.0,2.0,3.0,0.0,2.0,0.0,0.0,3.0,1.0,1.0,19.0,3.0,14.0,0.0,0.0,4.0,1.0,1.0,0.0,1.0,16.0,0.0,0.0,0.0,4.0,12.0,12.0,2.0,2.0,1.0,0.0,18.0,0.0,0.0,0.0,21.0,0.0,0.0,15.0,4.0,11.0,6.0,5.0,6.0,2.0,2.0,3.0,2.0,3.0,1.0,3.0,2.0,0.0,5.0,0.0,0.0,3.0,0.0,0.0,0.0,0.0,1.0,0.0,0.0,6.0,4.0,0.0,2.0,3.0,1.0,0.0,0.0,2.0,1.0,3.0,3.0,3.0,0.0,0.0,2.0,1.0,1.0,0.0,0.0,5.0,0.0,0.0,3.0,0.0,CCCC1(CCC)CCC(N(Cc2ccc(C(=O)NCCC(=O)O)cc2)C(=O)Nc2ccc(OC(F)(F)F)cc2)CC1
CHEMBL218833,Inactive,28.0,7.0,8.0,0.0,3.0,0.0,3.0,0.0,36.0,7.0,9.0,0.0,0.0,0.0,0.0,1.0,3.0,1.0,3.0,3.0,3.0,3.0,3.0,32.0,12.0,14.0,0.0,3.0,0.0,3.0,0.0,0.0,30.0,11.0,11.0,0.0,6.0,0.0,6.0,2.0,0.0,37.0,8.0,10.0,0.0,6.0,0.0,6.0,0.0,2.0,0.0,0.0,0.0,0.0,38.0,8.0,10.0,0.0,3.0,0.0,3.0,0.0,0.0,0.0,0.0,0.0,2.0,0.0,0.0,0.0,0.0,40.0,3.0,6.0,0.0,0.0,0.0,0.0,1.0,3.0,3.0,3.0,2.0,32.0,8.0,14.0,0.0,3.0,0.0,3.0,0.0,0.0,0.0,0.0,0.0,30.0,6.0,13.0,0.0,0.0,0.0,0.0,1.0,2.0,3.0,3.0,1.0,3.0,3.0,29.0,7.0,15.0,0.0,6.0,0.0,6.0,0.0,0.0,0.0,0.0,2.0,0.0,0.0,0.0,0.0,7.0,4.0,0.0,0.0,0.0,3.0,0.0,1.0,0.0,2.0,0.0,2.0,0.0,0.0,1.0,1.0,3.0,0.0,2.0,0.0,0.0,3.0,2.0,1.0,13.0,3.0,8.0,0.0,0.0,0.0,1.0,1.0,0.0,1.0,7.0,0.0,0.0,0.0,0.0,0.0,0.0,2.0,2.0,1.0,0.0,6.0,0.0,0.0,0.0,6.0,0.0,0.0,1.0,0.0,0.0,0.0,1.0,2.0,2.0,2.0,3.0,2.0,3.0,3.0,3.0,2.0,0.0,5.0,0.0,0.0,3.0,0.0,0.0,0.0,0.0,3.0,0.0,0.0,6.0,4.0,0.0,2.0,3.0,1.0,0.0,0.0,3.0,2.0,3.0,3.0,3.0,0.0,0.0,2.0,1.0,1.0,0.0,0.0,6.0,0.0,0.0,3.0,0.0,O=C(O)CCNC(=O)c1ccc(CN(C(=O)Nc2ccc(OC(F)(F)F)cc2)C2CCC(Oc3ccccc3)CC2)cc1
CHEMBL373541,Inactive,30.0,7.0,6.0,0.0,0.0,0.0,0.0,0.0,39.0,7.0,6.0,0.0,0.0,0.0,0.0,1.0,3.0,1.0,0.0,0.0,0.0,0.0,0.0,34.0,12.0,12.0,0.0,0.0,0.0,0.0,0.0,0.0,33.0,11.0,9.0,0.0,0.0,0.0,0.0,2.0,0.0,36.0,9.0,10.0,0.0,0.0,0.0,0.0,0.0,1.0,0.0,0.0,0.0,0.0,37.0,10.0,8.0,0.0,0.0,0.0,0.0,0.0,0.0,0.0,0.0,0.0,2.0,0.0,0.0,0.0,0.0,43.0,3.0,6.0,0.0,0.0,0.0,0.0,1.0,2.0,0.0,0.0,1.0,33.0,10.0,13.0,0.0,0.0,0.0,0.0,0.0,0.0,0.0,0.0,0.0,36.0,4.0,8.0,0.0,0.0,0.0,0.0,1.0,2.0,0.0,0.0,1.0,0.0,0.0,32.0,7.0,12.0,0.0,0.0,0.0,0.0,0.0,0.0,0.0,0.0,3.0,0.0,0.0,0.0,0.0,9.0,5.0,0.0,0.0,0.0,3.0,0.0,1.0,3.0,2.0,0.0,2.0,0.0,0.0,1.0,1.0,3.0,0.0,2.0,0.0,0.0,0.0,1.0,1.0,20.0,3.0,16.0,0.0,0.0,7.0,1.0,1.0,0.0,1.0,18.0,0.0,0.0,0.0,2.0,11.0,7.0,2.0,2.0,1.0,0.0,15.0,0.0,0.0,0.0,14.0,0.0,0.0,9.0,6.0,7.0,3.0,7.0,4.0,2.0,2.0,3.0,2.0,3.0,3.0,3.0,2.0,0.0,5.0,0.0,0.0,3.0,0.0,0.0,0.0,0.0,2.0,0.0,0.0,6.0,4.0,0.0,2.0,3.0,1.0,0.0,0.0,2.0,1.0,0.0,3.0,3.0,0.0,0.0,2.0,1.0,1.0,0.0,0.0,5.0,0.0,0.0,0.0,0.0,CC(C)(C)C1CCC(N(Cc2ccc(C(=O)NCCC(=O)O)cc2)C(=O)Nc2ccc(OCC3CC3)cc2)CC1
CHEMBL3616681,Active,33.0,5.0,5.0,0.0,6.0,1.0,7.0,1.0,44.0,11.0,5.0,0.0,3.0,2.0,5.0,0.0,1.0,1.0,3.0,3.0,6.0,6.0,6.0,45.0,14.0,7.0,0.0,9.0,2.0,11.0,0.0,0.0,43.0,14.0,4.0,0.0,12.0,3.0,15.0,2.0,0.0,46.0,11.0,5.0,0.0,12.0,1.0,13.0,0.0,0.0,0.0,1.0,1.0,0.0,49.0,9.0,5.0,0.0,6.0,2.0,8.0,0.0,0.0,3.0,1.0,4.0,2.0,0.0,0.0,0.0,0.0,49.0,5.0,7.0,0.0,9.0,3.0,12.0,1.0,1.0,3.0,3.0,0.0,47.0,3.0,6.0,0.0,15.0,3.0,18.0,1.0,2.0,0.0,0.0,0.0,40.0,6.0,7.0,0.0,15.0,3.0,18.0,0.0,1.0,0.0,0.0,0.0,0.0,0.0,35.0,6.0,8.0,0.0,12.0,4.0,16.0,0.0,0.0,3.0,0.0,1.0,1.0,0.0,0.0,0.0,2.0,0.0,0.0,0.0,0.0,1.0,0.0,1.0,1.0,1.0,0.0,1.0,0.0,0.0,1.0,2.0,2.0,0.0,2.0,1.0,1.0,6.0,1.0,1.0,8.0,2.0,3.0,0.0,0.0,0.0,0.0,0.0,0.0,1.0,1.0,0.0,0.0,0.0,0.0,0.0,0.0,0.0,0.0,1.0,1.0,0.0,0.0,0.0,0.0,0.0,0.0,0.0,0.0,0.0,0.0,0.0,0.0,0.0,0.0,0.0,1.0,0.0,1.0,1.0,1.0,0.0,0.0,1.0,0.0,0.0,1.0,0.0,0.0,0.0,0.0,1.0,1.0,1.0,2.0,1.0,0.0,0.0,1.0,0.0,0.0,0.0,2.0,1.0,6.0,1.0,1.0,0.0,0.0,1.0,1.0,1.0,0.0,0.0,4.0,0.0,0.0,3.0,0.0,CC(c1ccc(C(=O)NCCC(=O)O)cc1)n1nc(-c2cc(Cl)cc(C(F)(F)F)c2)c2ccc(-c3ccc(OC(F)(F)F)cc3)cc21
CHEMBL140317,Inactive,19.0,2.0,4.0,0.0,1.0,0.0,1.0,0.0,27.0,4.0,3.0,0.0,2.0,0.0,2.0,0.0,0.0,1.0,0.0,0.0,0.0,0.0,0.0,28.0,7.0,7.0,0.0,2.0,0.0,2.0,0.0,0.0,35.0,1.0,9.0,0.0,1.0,0.0,1.0,3.0,0.0,31.0,3.0,18.0,0.0,1.0,0.0,1.0,0.0,0.0,0.0,0.0,0.0,0.0,30.0,2.0,9.0,0.0,2.0,0.0,2.0,0.0,0.0,0.0,0.0,0.0,2.0,0.0,0.0,0.0,0.0,13.0,1.0,10.0,0.0,4.0,0.0,4.0,0.0,0.0,0.0,0.0,0.0,7.0,0.0,0.0,0.0,2.0,0.0,2.0,0.0,0.0,1.0,1.0,0.0,0.0,0.0,0.0,0.0,5.0,0.0,5.0,0.0,0.0,0.0,0.0,0.0,0.0,0.0,0.0,0.0,0.0,0.0,0.0,0.0,0.0,0.0,0.0,0.0,0.0,2.0,2.0,0.0,0.0,2.0,1.0,0.0,0.0,0.0,0.0,0.0,0.0,0.0,5.0,0.0,0.0,0.0,0.0,0.0,1.0,0.0,1.0,0.0,1.0,0.0,0.0,1.0,1.0,1.0,9.0,1.0,4.0,0.0,0.0,0.0,0.0,0.0,0.0,0.0,2.0,0.0,0.0,0.0,0.0,0.0,0.0,0.0,0.0,0.0,0.0,0.0,0.0,0.0,0.0,0.0,0.0,0.0,0.0,0.0,0.0,0.0,0.0,0.0,0.0,0.0,0.0,0.0,0.0,0.0,0.0,0.0,0.0,0.0,0.0,0.0,0.0,0.0,0.0,0.0,0.0,0.0,0.0,0.0,0.0,0.0,0.0,0.0,0.0,0.0,0.0,0.0,3.0,0.0,1.0,0.0,0.0,0.0,0.0,0.0,0.0,0.0,0.0,0.0,3.0,0.0,0.0,0.0,0.0,COC(=O)c1c(C(C)C)nc(C(C)C)c(CO)c1-c1ccc(F)cc1
CHEMBL104338,Inactive,19.0,2.0,6.0,0.0,0.0,0.0,0.0,1.0,26.0,4.0,7.0,0.0,0.0,0.0,0.0,0.0,1.0,0.0,0.0,0.0,0.0,0.0,0.0,25.0,6.0,9.0,0.0,0.0,0.0,0.0,0.0,1.0,17.0,9.0,10.0,0.0,0.0,0.0,0.0,0.0,0.0,13.0,9.0,5.0,0.0,0.0,0.0,0.0,0.0,1.0,0.0,0.0,0.0,1.0,11.0,6.0,3.0,0.0,0.0,0.0,0.0,0.0,3.0,0.0,0.0,0.0,1.0,0.0,0.0,0.0,0.0,13.0,3.0,4.0,0.0,0.0,0.0,0.0,0.0,2.0,0.0,0.0,0.0,16.0,1.0,6.0,0.0,0.0,0.0,0.0,0.0,0.0,0.0,0.0,0.0,17.0,0.0,5.0,0.0,0.0,0.0,0.0,0.0,0.0,0.0,0.0,1.0,0.0,0.0,14.0,0.0,8.0,0.0,0.0,0.0,0.0,0.0,0.0,0.0,0.0,0.0,0.0,0.0,0.0,0.0,0.0,0.0,0.0,0.0,0.0,0.0,0.0,0.0,2.0,1.0,0.0,1.0,0.0,0.0,1.0,0.0,1.0,0.0,0.0,1.0,0.0,0.0,2.0,1.0,4.0,1.0,0.0,0.0,0.0,0.0,0.0,0.0,0.0,0.0,0.0,0.0,0.0,0.0,0.0,0.0,0.0,0.0,0.0,0.0,0.0,0.0,0.0,0.0,0.0,0.0,0.0,0.0,0.0,0.0,0.0,0.0,0.0,0.0,0.0,0.0,0.0,0.0,0.0,0.0,0.0,0.0,0.0,0.0,0.0,0.0,0.0,0.0,0.0,0.0,0.0,0.0,0.0,0.0,1.0,0.0,0.0,0.0,0.0,0.0,0.0,0.0,2.0,2.0,0.0,2.0,1.0,0.0,0.0,1.0,0.0,0.0,0.0,0.0,4.0,0.0,0.0,0.0,0.0,COc1cc(C(=O)NN=Cc2ccc(OC)c3ccccc23)ccc1O
CHEMBL411833,Active,31.0,7.0,4.0,0.0,6.0,0.0,6.0,0.0,45.0,8.0,3.0,0.0,6.0,0.0,6.0,1.0,3.0,1.0,0.0,0.0,6.0,6.0,6.0,41.0,13.0,8.0,0.0,12.0,0.0,12.0,0.0,0.0,38.0,14.0,9.0,0.0,12.0,0.0,12.0,2.0,0.0,37.0,11.0,12.0,0.0,12.0,0.0,12.0,0.0,0.0,6.0,0.0,6.0,0.0,39.0,12.0,10.0,0.0,6.0,0.0,6.0,0.0,0.0,0.0,0.0,0.0,2.0,0.0,9.0,9.0,9.0,52.0,2.0,6.0,0.0,0.0,0.0,0.0,1.0,1.0,6.0,6.0,0.0,49.0,7.0,10.0,0.0,12.0,0.0,12.0,0.0,0.0,0.0,0.0,0.0,47.0,3.0,6.0,0.0,24.0,0.0,24.0,1.0,2.0,0.0,0.0,1.0,0.0,0.0,33.0,5.0,8.0,0.0,30.0,0.0,30.0,0.0,0.0,0.0,0.0,3.0,0.0,0.0,0.0,0.0,8.0,5.0,0.0,0.0,0.0,4.0,0.0,1.0,3.0,2.0,0.0,2.0,0.0,0.0,1.0,3.0,3.0,0.0,0.0,1.0,0.0,6.0,0.0,1.0,20.0,3.0,14.0,0.0,0.0,5.0,1.0,1.0,0.0,1.0,16.0,0.0,0.0,0.0,2.0,11.0,7.0,2.0,2.0,1.0,2.0,14.0,0.0,0.0,1.0,14.0,0.0,0.0,9.0,6.0,7.0,3.0,7.0,4.0,2.0,2.0,4.0,3.0,4.0,1.0,4.0,3.0,2.0,7.0,0.0,0.0,4.0,2.0,0.0,0.0,0.0,1.0,0.0,0.0,6.0,4.0,0.0,2.0,3.0,1.0,0.0,0.0,1.0,0.0,6.0,3.0,3.0,0.0,0.0,2.0,1.0,1.0,0.0,0.0,4.0,0.0,0.0,0.0,0.0,CC(C)(C)C1CCC(N(C(=O)Nc2cc(C(F)(F)F)cc(C(F)(F)F)c2)C2CCc3cc(C(=O)NCCC(=O)O)ccc32)CC1
CHEMBL390469,Inactive,30.0,5.0,6.0,0.0,3.0,0.0,3.0,0.0,43.0,7.0,6.0,0.0,0.0,0.0,0.0,0.0,2.0,1.0,3.0,3.0,3.0,3.0,3.0,41.0,10.0,11.0,0.0,3.0,0.0,3.0,0.0,0.0,42.0,7.0,10.0,0.0,6.0,0.0,6.0,2.0,0.0,44.0,5.0,12.0,0.0,6.0,0.0,6.0,0.0,0.0,0.0,0.0,0.0,0.0,46.0,6.0,7.0,0.0,3.0,0.0,3.0,0.0,1.0,0.0,0.0,0.0,3.0,0.0,0.0,0.0,0.0,47.0,1.0,9.0,0.0,3.0,0.0,3.0,1.0,1.0,0.0,0.0,0.0,40.0,3.0,14.0,0.0,0.0,0.0,0.0,0.0,0.0,3.0,3.0,0.0,37.0,4.0,12.0,0.0,6.0,0.0,6.0,0.0,1.0,0.0,0.0,1.0,0.0,0.0,28.0,5.0,12.0,0.0,12.0,0.0,12.0,0.0,0.0,0.0,0.0,3.0,0.0,0.0,0.0,0.0,8.0,5.0,0.0,0.0,0.0,4.0,0.0,1.0,3.0,1.0,0.0,1.0,0.0,0.0,1.0,2.0,3.0,0.0,1.0,1.0,0.0,3.0,1.0,1.0,19.0,3.0,14.0,0.0,0.0,5.0,1.0,1.0,0.0,1.0,16.0,0.0,0.0,0.0,2.0,11.0,7.0,2.0,2.0,1.0,2.0,14.0,0.0,0.0,1.0,14.0,0.0,0.0,9.0,6.0,7.0,3.0,7.0,4.0,2.0,2.0,4.0,3.0,4.0,1.0,4.0,3.0,2.0,7.0,0.0,0.0,4.0,2.0,0.0,0.0,0.0,1.0,0.0,0.0,5.0,4.0,0.0,2.0,3.0,0.0,0.0,0.0,2.0,1.0,3.0,2.0,2.0,0.0,0.0,3.0,1.0,1.0,0.0,0.0,5.0,0.0,0.0,3.0,0.0,CC(C)(C)C1CCC(N(C(=O)c2ccc(OC(F)(F)F)cc2)C2CCc3cc(C(=O)NCCC(=O)O)ccc32)CC1
CHEMBL232224,Active,31.0,5.0,6.0,0.0,3.0,0.0,3.0,0.0,44.0,7.0,6.0,0.0,0.0,0.0,0.0,0.0,2.0,1.0,3.0,3.0,3.0,3.0,3.0,43.0,9.0,10.0,0.0,3.0,0.0,3.0,0.0,0.0,42.0,7.0,10.0,0.0,6.0,0.0,6.0,2.0,0.0,41.0,6.0,13.0,0.0,6.0,0.0,6.0,0.0,0.0,0.0,0.0,0.0,0.0,43.0,7.0,9.0,0.0,3.0,0.0,3.0,0.0,0.0,0.0,0.0,0.0,2.0,0.0,0.0,0.0,0.0,51.0,0.0,6.0,0.0,3.0,0.0,3.0,1.0,2.0,0.0,0.0,1.0,45.0,4.0,13.0,0.0,3.0,0.0,3.0,0.0,0.0,0.0,0.0,0.0,39.0,4.0,11.0,0.0,0.0,0.0,0.0,0.0,1.0,3.0,3.0,1.0,3.0,3.0,32.0,4.0,13.0,0.0,6.0,0.0,6.0,0.0,0.0,0.0,0.0,3.0,0.0,0.0,0.0,0.0,9.0,5.0,0.0,0.0,0.0,4.0,0.0,2.0,3.0,1.0,0.0,1.0,0.0,0.0,1.0,2.0,3.0,0.0,1.0,1.0,0.0,3.0,1.0,1.0,20.0,3.0,15.0,1.0,0.0,5.0,1.0,1.0,0.0,2.0,16.0,0.0,0.0,0.0,2.0,11.0,7.0,2.0,2.0,1.0,3.0,14.0,0.0,0.0,1.0,14.0,0.0,0.0,9.0,6.0,7.0,3.0,7.0,4.0,2.0,2.0,4.0,3.0,4.0,1.0,5.0,4.0,5.0,9.0,3.0,0.0,4.0,5.0,0.0,0.0,0.0,1.0,0.0,0.0,5.0,4.0,2.0,2.0,3.0,0.0,0.0,0.0,2.0,1.0,3.0,2.0,2.0,0.0,0.0,2.0,1.0,1.0,0.0,0.0,5.0,0.0,0.0,3.0,0.0,CC(C)(C)C1CCC(N(C(=O)Cc2ccc(OC(F)(F)F)cc2)C2CCc3cc(C(=O)NCCC(=O)O)ccc32)CC1
CHEMBL447535,Inactive,19.0,2.0,2.0,0.0,0.0,0.0,0.0,1.0,24.0,4.0,3.0,0.0,0.0,0.0,0.0,0.0,1.0,0.0,0.0,0.0,0.0,0.0,0.0,21.0,6.0,4.0,0.0,0.0,0.0,0.0,0.0,1.0,12.0,9.0,4.0,0.0,0.0,0.0,0.0,0.0,0.0,8.0,9.0,3.0,0.0,0.0,0.0,0.0,0.0,0.0,0.0,0.0,0.0,0.0,9.0,5.0,2.0,0.0,0.0,0.0,0.0,0.0,1.0,0.0,0.0,0.0,1.0,0.0,0.0,0.0,0.0,13.0,1.0,3.0,0.0,0.0,0.0,0.0,0.0,1.0,0.0,0.0,0.0,15.0,0.0,4.0,0.0,0.0,0.0,0.0,0.0,0.0,0.0,0.0,0.0,15.0,0.0,2.0,0.0,0.0,0.0,0.0,0.0,0.0,0.0,0.0,0.0,0.0,0.0,11.0,0.0,2.0,0.0,0.0,0.0,0.0,0.0,0.0,0.0,0.0,0.0,0.0,0.0,0.0,0.0,0.0,0.0,0.0,0.0,0.0,0.0,0.0,0.0,0.0,1.0,0.0,1.0,0.0,0.0,1.0,0.0,1.0,0.0,1.0,0.0,0.0,0.0,0.0,1.0,2.0,1.0,0.0,0.0,0.0,0.0,0.0,0.0,0.0,0.0,0.0,0.0,0.0,0.0,0.0,0.0,0.0,0.0,0.0,0.0,0.0,0.0,0.0,0.0,0.0,0.0,0.0,0.0,0.0,0.0,0.0,0.0,0.0,0.0,0.0,0.0,0.0,0.0,0.0,0.0,0.0,0.0,0.0,0.0,0.0,0.0,0.0,0.0,0.0,0.0,0.0,0.0,0.0,0.0,1.0,0.0,0.0,0.0,0.0,0.0,0.0,0.0,0.0,0.0,0.0,2.0,1.0,0.0,0.0,1.0,0.0,0.0,0.0,0.0,2.0,0.0,0.0,0.0,0.0,O=C(NN=Cc1cccc2ccccc12)c1ccc(O)cc1
CHEMBL1922699,Active,22.0,12.0,3.0,0.0,3.0,2.0,5.0,3.0,32.0,12.0,3.0,0.0,0.0,4.0,4.0,8.0,1.0,0.0,3.0,3.0,3.0,3.0,3.0,30.0,20.0,5.0,0.0,3.0,4.0,7.0,2.0,0.0,29.0,23.0,3.0,0.0,6.0,2.0,8.0,2.0,0.0,37.0,18.0,1.0,0.0,6.0,4.0,10.0,0.0,3.0,0.0,2.0,2.0,0.0,40.0,17.0,2.0,0.0,3.0,5.0,8.0,0.0,0.0,0.0,2.0,2.0,0.0,0.0,0.0,0.0,0.0,42.0,8.0,0.0,0.0,0.0,7.0,7.0,1.0,3.0,3.0,3.0,0.0,29.0,11.0,6.0,0.0,3.0,8.0,11.0,0.0,0.0,0.0,0.0,0.0,23.0,4.0,7.0,0.0,0.0,7.0,7.0,4.0,2.0,6.0,6.0,0.0,0.0,0.0,16.0,10.0,8.0,0.0,12.0,4.0,16.0,2.0,0.0,0.0,0.0,1.0,1.0,0.0,0.0,1.0,1.0,0.0,0.0,0.0,0.0,0.0,0.0,0.0,2.0,1.0,0.0,1.0,0.0,0.0,0.0,1.0,1.0,0.0,2.0,0.0,2.0,3.0,1.0,0.0,7.0,1.0,2.0,0.0,0.0,0.0,1.0,0.0,0.0,0.0,1.0,0.0,0.0,0.0,0.0,0.0,0.0,0.0,0.0,0.0,0.0,0.0,0.0,0.0,0.0,0.0,0.0,0.0,0.0,0.0,0.0,0.0,0.0,0.0,0.0,0.0,0.0,0.0,0.0,0.0,2.0,0.0,0.0,2.0,0.0,0.0,0.0,0.0,0.0,0.0,0.0,0.0,2.0,2.0,4.0,1.0,0.0,1.0,0.0,3.0,0.0,0.0,1.0,1.0,3.0,4.0,1.0,0.0,0.0,2.0,0.0,0.0,0.0,0.0,2.0,0.0,0.0,3.0,0.0,CC(C)n1c(=Nc2ccc(OC(F)(F)F)cc2)n(Cc2ccc(C(=O)Nc3nnn[nH]3)cc2)c2cc(Cl)c(Cl)cc21
CHEMBL85713,Inactive,20.0,7.0,0.0,2.0,1.0,0.0,1.0,0.0,29.0,8.0,0.0,2.0,2.0,0.0,2.0,1.0,0.0,0.0,0.0,0.0,0.0,0.0,0.0,28.0,12.0,0.0,2.0,2.0,0.0,2.0,0.0,0.0,27.0,13.0,0.0,1.0,1.0,0.0,1.0,0.0,0.0,32.0,8.0,0.0,1.0,1.0,0.0,1.0,1.0,0.0,0.0,0.0,0.0,0.0,33.0,3.0,0.0,0.0,1.0,0.0,1.0,1.0,0.0,1.0,0.0,1.0,0.0,0.0,0.0,0.0,0.0,25.0,6.0,0.0,3.0,3.0,0.0,3.0,0.0,0.0,1.0,1.0,0.0,19.0,4.0,0.0,2.0,3.0,0.0,3.0,0.0,0.0,0.0,0.0,0.0,8.0,3.0,0.0,4.0,4.0,0.0,4.0,0.0,0.0,0.0,0.0,0.0,0.0,0.0,5.0,1.0,0.0,4.0,2.0,0.0,2.0,0.0,0.0,1.0,0.0,0.0,0.0,0.0,0.0,0.0,0.0,0.0,0.0,0.0,0.0,0.0,0.0,0.0,2.0,0.0,0.0,0.0,0.0,0.0,0.0,0.0,0.0,0.0,2.0,0.0,0.0,1.0,0.0,0.0,2.0,0.0,0.0,0.0,0.0,0.0,0.0,0.0,0.0,0.0,0.0,0.0,0.0,0.0,0.0,0.0,0.0,0.0,0.0,0.0,0.0,0.0,0.0,0.0,0.0,0.0,0.0,0.0,0.0,0.0,0.0,0.0,0.0,0.0,0.0,0.0,0.0,0.0,0.0,0.0,0.0,0.0,0.0,0.0,0.0,0.0,0.0,0.0,0.0,0.0,0.0,0.0,0.0,0.0,0.0,0.0,0.0,0.0,0.0,0.0,0.0,0.0,0.0,0.0,1.0,0.0,0.0,0.0,0.0,0.0,0.0,0.0,0.0,0.0,0.0,0.0,0.0,0.0,0.0,CSc1ccc(-c2nc(-c3ccncc3)c(-c3ccc(F)cc3)n2C)cc1
CHEMBL88044,Inactive,20.0,4.0,2.0,2.0,1.0,0.0,1.0,0.0,27.0,5.0,3.0,2.0,2.0,0.0,2.0,0.0,1.0,0.0,0.0,0.0,0.0,0.0,0.0,25.0,6.0,5.0,2.0,2.0,0.0,2.0,0.0,0.0,22.0,7.0,6.0,1.0,1.0,0.0,1.0,0.0,0.0,26.0,5.0,3.0,1.0,1.0,0.0,1.0,0.0,1.0,0.0,0.0,0.0,0.0,29.0,2.0,1.0,0.0,1.0,0.0,1.0,1.0,0.0,1.0,0.0,1.0,0.0,0.0,0.0,0.0,0.0,25.0,4.0,1.0,2.0,2.0,0.0,2.0,0.0,0.0,0.0,0.0,0.0,18.0,4.0,0.0,2.0,3.0,0.0,3.0,0.0,0.0,0.0,0.0,0.0,8.0,3.0,0.0,4.0,4.0,0.0,4.0,0.0,0.0,0.0,0.0,0.0,0.0,0.0,5.0,1.0,0.0,4.0,2.0,0.0,2.0,0.0,0.0,1.0,0.0,0.0,0.0,0.0,0.0,0.0,0.0,0.0,0.0,0.0,0.0,0.0,0.0,0.0,1.0,0.0,0.0,0.0,0.0,0.0,0.0,0.0,0.0,0.0,2.0,0.0,0.0,1.0,0.0,0.0,1.0,0.0,0.0,0.0,0.0,0.0,0.0,0.0,0.0,0.0,0.0,0.0,0.0,0.0,0.0,0.0,0.0,0.0,0.0,0.0,0.0,0.0,0.0,0.0,0.0,0.0,0.0,0.0,0.0,0.0,0.0,0.0,0.0,0.0,0.0,0.0,0.0,0.0,0.0,0.0,0.0,0.0,0.0,0.0,0.0,0.0,0.0,0.0,0.0,0.0,0.0,0.0,0.0,0.0,0.0,0.0,0.0,0.0,0.0,0.0,0.0,0.0,0.0,0.0,1.0,0.0,0.0,0.0,0.0,0.0,0.0,0.0,0.0,0.0,0.0,0.0,0.0,0.0,0.0,CSc1ccc(-c2nc(-c3ccc(F)cc3)c(-c3ccncc3)o2)cc1
CHEMBL3616684,Active,33.0,6.0,5.0,0.0,3.0,0.0,3.0,1.0,44.0,12.0,5.0,0.0,0.0,0.0,0.0,0.0,1.0,1.0,3.0,3.0,3.0,3.0,3.0,45.0,16.0,7.0,0.0,3.0,0.0,3.0,0.0,0.0,42.0,16.0,4.0,0.0,6.0,0.0,6.0,2.0,0.0,46.0,11.0,5.0,0.0,6.0,0.0,6.0,0.0,0.0,0.0,0.0,0.0,0.0,48.0,10.0,5.0,0.0,3.0,0.0,3.0,0.0,0.0,0.0,0.0,0.0,2.0,0.0,0.0,0.0,0.0,48.0,7.0,7.0,0.0,3.0,0.0,3.0,2.0,1.0,0.0,0.0,0.0,47.0,5.0,6.0,0.0,6.0,0.0,6.0,2.0,2.0,0.0,0.0,0.0,40.0,9.0,7.0,0.0,6.0,0.0,6.0,0.0,1.0,0.0,0.0,0.0,0.0,0.0,34.0,9.0,8.0,0.0,3.0,0.0,3.0,0.0,0.0,3.0,0.0,1.0,1.0,0.0,0.0,0.0,2.0,0.0,0.0,0.0,0.0,1.0,0.0,1.0,1.0,1.0,0.0,1.0,0.0,0.0,1.0,1.0,2.0,0.0,3.0,1.0,0.0,3.0,1.0,1.0,8.0,2.0,3.0,0.0,0.0,0.0,0.0,0.0,0.0,1.0,1.0,0.0,0.0,0.0,0.0,0.0,0.0,0.0,0.0,1.0,1.0,0.0,0.0,0.0,0.0,0.0,0.0,0.0,0.0,0.0,0.0,0.0,0.0,0.0,0.0,0.0,1.0,0.0,1.0,1.0,1.0,0.0,0.0,1.0,0.0,0.0,1.0,0.0,0.0,0.0,0.0,1.0,0.0,0.0,2.0,1.0,0.0,0.0,1.0,0.0,0.0,0.0,2.0,1.0,3.0,2.0,1.0,0.0,0.0,1.0,1.0,1.0,0.0,0.0,4.0,0.0,0.0,3.0,0.0,CC(c1ccc(C(=O)NCCC(=O)O)cc1)n1nc(-c2ccc(C#N)cc2)c2ccc(-c3ccc(OC(F)(F)F)cc3)cc21
CHEMBL1922707,Active,23.0,12.0,3.0,0.0,6.0,0.0,6.0,3.0,36.0,10.0,3.0,0.0,3.0,0.0,3.0,8.0,1.0,0.0,3.0,3.0,6.0,6.0,6.0,32.0,21.0,5.0,0.0,9.0,0.0,9.0,2.0,0.0,32.0,22.0,3.0,0.0,12.0,0.0,12.0,2.0,0.0,36.0,21.0,1.0,0.0,12.0,0.0,12.0,0.0,3.0,3.0,0.0,3.0,0.0,37.0,19.0,2.0,0.0,12.0,0.0,12.0,0.0,0.0,3.0,0.0,3.0,0.0,0.0,0.0,0.0,0.0,43.0,8.0,0.0,0.0,6.0,0.0,6.0,1.0,3.0,6.0,6.0,0.0,35.0,11.0,6.0,0.0,12.0,0.0,12.0,0.0,0.0,0.0,0.0,0.0,30.0,4.0,5.0,0.0,12.0,0.0,12.0,4.0,2.0,6.0,6.0,0.0,0.0,0.0,17.0,10.0,9.0,0.0,21.0,0.0,21.0,2.0,0.0,0.0,0.0,0.0,0.0,0.0,0.0,0.0,2.0,0.0,0.0,0.0,0.0,0.0,0.0,0.0,2.0,1.0,0.0,1.0,0.0,0.0,0.0,2.0,1.0,0.0,2.0,0.0,0.0,6.0,1.0,0.0,8.0,1.0,1.0,0.0,0.0,0.0,0.0,0.0,0.0,0.0,0.0,0.0,0.0,0.0,0.0,0.0,0.0,0.0,0.0,0.0,1.0,0.0,0.0,0.0,0.0,0.0,0.0,0.0,0.0,0.0,0.0,0.0,0.0,0.0,0.0,0.0,0.0,0.0,0.0,0.0,0.0,0.0,0.0,0.0,0.0,0.0,0.0,0.0,0.0,0.0,0.0,0.0,0.0,0.0,4.0,1.0,0.0,0.0,0.0,3.0,0.0,0.0,1.0,1.0,6.0,4.0,1.0,0.0,0.0,2.0,0.0,0.0,0.0,0.0,2.0,0.0,0.0,3.0,0.0,CCc1cc(C(F)(F)F)cc2c1n(C)c(=Nc1ccc(OC(F)(F)F)cc1)n2Cc1ccc(C(=O)Nc2nnn[nH]2)cc1
CHEMBL3616581,Active,35.0,5.0,7.0,0.0,3.0,0.0,3.0,1.0,47.0,11.0,7.0,0.0,3.0,0.0,3.0,0.0,1.0,1.0,0.0,0.0,3.0,3.0,3.0,49.0,15.0,10.0,0.0,6.0,0.0,6.0,0.0,0.0,50.0,16.0,6.0,0.0,6.0,0.0,6.0,3.0,0.0,56.0,13.0,8.0,0.0,6.0,0.0,6.0,0.0,1.0,0.0,0.0,0.0,0.0,61.0,10.0,8.0,0.0,3.0,0.0,3.0,0.0,0.0,3.0,0.0,3.0,2.0,3.0,0.0,0.0,0.0,61.0,5.0,10.0,0.0,9.0,0.0,9.0,1.0,1.0,3.0,3.0,0.0,59.0,4.0,11.0,0.0,9.0,0.0,9.0,1.0,2.0,0.0,0.0,0.0,53.0,7.0,13.0,0.0,9.0,0.0,9.0,0.0,1.0,0.0,0.0,0.0,0.0,0.0,47.0,6.0,11.0,0.0,12.0,0.0,12.0,0.0,0.0,0.0,0.0,1.0,0.0,0.0,0.0,0.0,4.0,1.0,0.0,0.0,0.0,2.0,0.0,1.0,3.0,1.0,0.0,1.0,0.0,0.0,1.0,1.0,2.0,0.0,2.0,2.0,0.0,3.0,2.0,1.0,11.0,2.0,5.0,0.0,0.0,0.0,0.0,0.0,0.0,1.0,3.0,0.0,0.0,0.0,0.0,0.0,0.0,0.0,0.0,1.0,1.0,1.0,0.0,0.0,1.0,0.0,0.0,0.0,0.0,0.0,0.0,0.0,0.0,0.0,0.0,0.0,1.0,0.0,1.0,1.0,1.0,0.0,0.0,1.0,0.0,0.0,1.0,0.0,0.0,0.0,0.0,1.0,0.0,0.0,2.0,1.0,0.0,0.0,1.0,0.0,0.0,0.0,3.0,2.0,3.0,1.0,1.0,0.0,0.0,1.0,1.0,1.0,0.0,0.0,5.0,0.0,0.0,0.0,0.0,CCCC(c1ccc(C(=O)NCCC(=O)O)cc1)n1nc(-c2cc(C(F)(F)F)ccc2OC)c2ccc(-c3ccc(OC)cc3)cc21
CHEMBL3616590,Active,32.0,5.0,9.0,0.0,6.0,0.0,6.0,1.0,44.0,11.0,9.0,0.0,0.0,0.0,0.0,0.0,1.0,1.0,6.0,6.0,6.0,6.0,6.0,47.0,14.0,12.0,0.0,6.0,0.0,6.0,0.0,0.0,46.0,14.0,8.0,0.0,12.0,0.0,12.0,3.0,0.0,49.0,11.0,8.0,0.0,12.0,0.0,12.0,0.0,2.0,0.0,0.0,0.0,1.0,50.0,10.0,12.0,0.0,9.0,0.0,9.0,0.0,1.0,0.0,0.0,0.0,2.0,0.0,0.0,0.0,0.0,52.0,6.0,13.0,0.0,6.0,0.0,6.0,1.0,1.0,3.0,3.0,0.0,50.0,3.0,12.0,0.0,15.0,0.0,15.0,1.0,2.0,3.0,3.0,0.0,43.0,6.0,14.0,0.0,15.0,0.0,15.0,0.0,1.0,0.0,0.0,0.0,0.0,0.0,38.0,6.0,15.0,0.0,12.0,0.0,12.0,0.0,0.0,3.0,0.0,1.0,1.0,0.0,0.0,0.0,2.0,0.0,0.0,0.0,0.0,1.0,0.0,1.0,2.0,1.0,0.0,1.0,0.0,0.0,1.0,2.0,2.0,0.0,2.0,2.0,0.0,6.0,3.0,1.0,9.0,2.0,3.0,0.0,0.0,0.0,0.0,0.0,0.0,1.0,1.0,0.0,0.0,0.0,0.0,0.0,0.0,0.0,0.0,1.0,1.0,0.0,0.0,0.0,0.0,0.0,0.0,0.0,0.0,0.0,0.0,0.0,0.0,0.0,0.0,0.0,1.0,0.0,1.0,1.0,1.0,0.0,0.0,1.0,0.0,0.0,1.0,0.0,0.0,0.0,0.0,1.0,0.0,0.0,2.0,1.0,0.0,0.0,1.0,0.0,0.0,0.0,4.0,3.0,6.0,1.0,1.0,0.0,0.0,1.0,1.0,1.0,0.0,0.0,6.0,0.0,0.0,6.0,0.0,COc1ccc(OC(F)(F)F)cc1-c1nn(C(C)c2ccc(C(=O)NCCC(=O)O)cc2)c2cc(-c3ccc(OC(F)(F)F)cc3)ccc12
CHEMBL3616694,Active,37.0,5.0,5.0,0.0,6.0,0.0,6.0,1.0,49.0,11.0,5.0,0.0,6.0,0.0,6.0,0.0,1.0,1.0,0.0,0.0,6.0,6.0,6.0,50.0,15.0,8.0,0.0,12.0,0.0,12.0,0.0,0.0,50.0,16.0,5.0,0.0,12.0,0.0,12.0,3.0,0.0,57.0,14.0,7.0,0.0,9.0,0.0,9.0,0.0,1.0,0.0,0.0,0.0,0.0,65.0,11.0,6.0,0.0,6.0,0.0,6.0,0.0,0.0,3.0,0.0,3.0,2.0,3.0,0.0,0.0,0.0,66.0,5.0,8.0,0.0,15.0,0.0,15.0,1.0,1.0,3.0,3.0,0.0,62.0,5.0,10.0,0.0,15.0,0.0,15.0,1.0,1.0,0.0,0.0,0.0,59.0,7.0,11.0,0.0,12.0,0.0,12.0,0.0,0.0,3.0,3.0,0.0,0.0,0.0,52.0,6.0,10.0,0.0,18.0,0.0,18.0,0.0,0.0,3.0,0.0,1.0,0.0,0.0,0.0,0.0,5.0,1.0,0.0,0.0,0.0,3.0,1.0,1.0,2.0,1.0,0.0,1.0,0.0,0.0,1.0,2.0,2.0,0.0,2.0,2.0,0.0,6.0,1.0,1.0,12.0,2.0,6.0,0.0,0.0,0.0,0.0,0.0,0.0,1.0,4.0,0.0,0.0,0.0,0.0,0.0,0.0,0.0,0.0,1.0,1.0,2.0,0.0,0.0,1.0,1.0,0.0,0.0,0.0,0.0,0.0,0.0,0.0,0.0,0.0,0.0,1.0,0.0,1.0,1.0,1.0,0.0,0.0,1.0,0.0,0.0,1.0,0.0,0.0,0.0,0.0,1.0,0.0,0.0,2.0,1.0,0.0,0.0,1.0,0.0,0.0,0.0,2.0,1.0,6.0,1.0,1.0,0.0,0.0,1.0,1.0,1.0,0.0,0.0,4.0,0.0,0.0,0.0,0.0,CCCCC(c1ccc(C(=O)NCCC(=O)O)cc1)n1nc(-c2cc(C(F)(F)F)ccc2OC)c2ccc(-c3ccc(C(F)(F)F)cc3)cc21
CHEMBL3616695,Active,34.0,7.0,7.0,0.0,3.0,0.0,3.0,1.0,46.0,13.0,6.0,0.0,3.0,0.0,3.0,0.0,2.0,1.0,0.0,0.0,3.0,3.0,3.0,47.0,18.0,10.0,0.0,6.0,0.0,6.0,0.0,0.0,49.0,18.0,6.0,0.0,6.0,0.0,6.0,3.0,0.0,55.0,16.0,8.0,0.0,6.0,0.0,6.0,0.0,1.0,0.0,0.0,0.0,0.0,63.0,11.0,8.0,0.0,3.0,0.0,3.0,1.0,0.0,3.0,0.0,3.0,2.0,3.0,0.0,0.0,0.0,64.0,6.0,10.0,0.0,9.0,0.0,9.0,2.0,1.0,3.0,3.0,0.0,60.0,7.0,11.0,0.0,9.0,0.0,9.0,1.0,2.0,0.0,0.0,0.0,53.0,12.0,13.0,0.0,9.0,0.0,9.0,0.0,1.0,0.0,0.0,0.0,0.0,0.0,46.0,12.0,12.0,0.0,12.0,0.0,12.0,0.0,1.0,0.0,0.0,1.0,0.0,0.0,0.0,0.0,5.0,1.0,0.0,0.0,0.0,3.0,1.0,1.0,3.0,1.0,0.0,1.0,0.0,0.0,1.0,1.0,2.0,0.0,1.0,2.0,0.0,3.0,2.0,1.0,12.0,2.0,6.0,0.0,0.0,0.0,0.0,0.0,0.0,1.0,4.0,0.0,0.0,0.0,0.0,0.0,0.0,0.0,0.0,1.0,1.0,2.0,0.0,0.0,1.0,1.0,0.0,0.0,0.0,0.0,0.0,0.0,0.0,0.0,0.0,0.0,1.0,0.0,1.0,1.0,1.0,0.0,0.0,1.0,0.0,0.0,1.0,0.0,0.0,0.0,0.0,1.0,0.0,0.0,2.0,1.0,0.0,0.0,1.0,0.0,0.0,0.0,3.0,1.0,3.0,1.0,1.0,0.0,0.0,1.0,1.0,1.0,0.0,0.0,5.0,0.0,0.0,0.0,0.0,CCCCC(c1ccc(C(=O)NCCC(=O)O)cc1)n1nc(-c2cc(C(F)(F)F)ccc2OC)c2ccc(-c3ccc(OC)nc3)cc21
CHEMBL3616698,Active,36.0,5.0,5.0,0.0,6.0,0.0,6.0,1.0,47.0,11.0,5.0,0.0,9.0,0.0,9.0,0.0,1.0,1.0,0.0,0.0,3.0,3.0,3.0,48.0,15.0,8.0,0.0,12.0,0.0,12.0,0.0,0.0,49.0,16.0,5.0,0.0,11.0,0.0,11.0,3.0,0.0,56.0,14.0,7.0,0.0,11.0,0.0,11.0,0.0,1.0,0.0,0.0,0.0,0.0,63.0,11.0,6.0,0.0,9.0,0.0,9.0,0.0,0.0,3.0,0.0,3.0,2.0,3.0,0.0,0.0,0.0,64.0,5.0,8.0,0.0,13.0,0.0,13.0,1.0,1.0,5.0,5.0,0.0,61.0,4.0,10.0,0.0,14.0,0.0,14.0,1.0,1.0,3.0,3.0,0.0,57.0,6.0,11.0,0.0,17.0,0.0,17.0,0.0,0.0,1.0,1.0,0.0,0.0,0.0,49.0,6.0,10.0,0.0,25.0,0.0,25.0,0.0,0.0,0.0,0.0,1.0,0.0,0.0,0.0,0.0,5.0,1.0,0.0,0.0,0.0,3.0,1.0,1.0,2.0,1.0,0.0,1.0,0.0,0.0,1.0,1.0,2.0,0.0,1.0,2.0,0.0,6.0,1.0,1.0,11.0,2.0,6.0,0.0,0.0,0.0,0.0,0.0,0.0,1.0,4.0,0.0,0.0,0.0,0.0,0.0,0.0,0.0,0.0,1.0,1.0,2.0,0.0,0.0,1.0,1.0,0.0,0.0,0.0,0.0,0.0,0.0,0.0,0.0,0.0,0.0,1.0,0.0,1.0,1.0,1.0,0.0,0.0,1.0,0.0,0.0,1.0,0.0,0.0,0.0,0.0,1.0,0.0,0.0,2.0,1.0,0.0,0.0,1.0,0.0,0.0,0.0,2.0,1.0,6.0,1.0,1.0,0.0,0.0,1.0,1.0,1.0,0.0,0.0,4.0,0.0,0.0,0.0,0.0,CCCCC(c1ccc(C(=O)NCCC(=O)O)cc1)n1nc(-c2cc(C(F)(F)F)ccc2OC)c2ccc(-c3cc(F)c(F)c(F)c3)cc21
CHEMBL3800525,Inactive,34.0,5.0,3.0,0.0,0.0,2.0,2.0,1.0,45.0,11.0,3.0,0.0,0.0,4.0,4.0,0.0,1.0,1.0,0.0,0.0,0.0,0.0,0.0,43.0,14.0,5.0,0.0,0.0,4.0,4.0,0.0,0.0,40.0,15.0,3.0,0.0,0.0,4.0,4.0,2.0,0.0,43.0,12.0,5.0,0.0,0.0,2.0,2.0,0.0,0.0,0.0,2.0,2.0,0.0,48.0,9.0,4.0,0.0,0.0,2.0,2.0,0.0,0.0,0.0,2.0,2.0,2.0,0.0,0.0,0.0,0.0,53.0,4.0,4.0,0.0,0.0,4.0,4.0,1.0,1.0,0.0,0.0,0.0,50.0,3.0,5.0,0.0,0.0,8.0,8.0,1.0,1.0,0.0,0.0,0.0,40.0,5.0,7.0,0.0,0.0,10.0,10.0,0.0,0.0,0.0,0.0,0.0,0.0,0.0,29.0,5.0,7.0,0.0,0.0,8.0,8.0,0.0,0.0,0.0,0.0,1.0,0.0,0.0,0.0,0.0,4.0,1.0,0.0,0.0,0.0,2.0,0.0,1.0,0.0,1.0,0.0,1.0,0.0,0.0,1.0,0.0,2.0,0.0,0.0,2.0,2.0,0.0,0.0,1.0,7.0,2.0,4.0,0.0,0.0,0.0,0.0,0.0,0.0,1.0,2.0,0.0,0.0,0.0,0.0,0.0,0.0,0.0,0.0,1.0,2.0,0.0,0.0,0.0,1.0,0.0,0.0,0.0,0.0,0.0,0.0,0.0,0.0,0.0,0.0,0.0,1.0,0.0,1.0,1.0,1.0,0.0,0.0,1.0,0.0,0.0,1.0,0.0,0.0,0.0,0.0,1.0,2.0,2.0,2.0,1.0,0.0,0.0,1.0,0.0,0.0,0.0,1.0,0.0,0.0,1.0,1.0,0.0,0.0,1.0,1.0,1.0,0.0,0.0,3.0,0.0,0.0,0.0,0.0,O=C(O)CCNC(=O)c1ccc2c(c1)CCC2n1nc(-c2cc(Cl)cc(Cl)c2)cc1-c1ccc2ccccc2c1
CHEMBL3797325,Inactive,30.0,5.0,5.0,0.0,0.0,2.0,2.0,1.0,38.0,12.0,6.0,0.0,0.0,4.0,4.0,0.0,1.0,1.0,0.0,0.0,0.0,0.0,0.0,38.0,13.0,7.0,0.0,0.0,4.0,4.0,0.0,0.0,35.0,14.0,7.0,0.0,0.0,4.0,4.0,2.0,0.0,39.0,11.0,5.0,0.0,0.0,2.0,2.0,0.0,0.0,0.0,2.0,2.0,0.0,45.0,7.0,4.0,0.0,0.0,2.0,2.0,0.0,1.0,0.0,2.0,2.0,2.0,0.0,0.0,0.0,0.0,45.0,3.0,7.0,0.0,0.0,4.0,4.0,1.0,2.0,0.0,0.0,0.0,41.0,2.0,8.0,0.0,0.0,8.0,8.0,1.0,1.0,0.0,0.0,0.0,31.0,6.0,9.0,0.0,0.0,8.0,8.0,0.0,0.0,0.0,0.0,0.0,0.0,0.0,22.0,6.0,9.0,0.0,0.0,8.0,8.0,0.0,0.0,0.0,0.0,2.0,2.0,1.0,0.0,0.0,3.0,1.0,0.0,0.0,0.0,1.0,0.0,1.0,2.0,1.0,1.0,1.0,0.0,0.0,1.0,0.0,2.0,0.0,1.0,1.0,2.0,0.0,1.0,1.0,9.0,2.0,5.0,0.0,0.0,0.0,1.0,1.0,0.0,1.0,2.0,0.0,0.0,0.0,0.0,0.0,0.0,1.0,1.0,1.0,2.0,1.0,0.0,1.0,0.0,0.0,0.0,0.0,0.0,0.0,0.0,0.0,0.0,0.0,0.0,0.0,1.0,0.0,1.0,1.0,2.0,0.0,0.0,2.0,0.0,0.0,2.0,0.0,0.0,0.0,0.0,2.0,2.0,2.0,2.0,1.0,0.0,1.0,1.0,0.0,0.0,0.0,2.0,1.0,0.0,1.0,1.0,0.0,0.0,1.0,1.0,1.0,0.0,0.0,4.0,0.0,0.0,0.0,0.0,CC(CC(=O)O)NC(=O)c1ccc(C(C)n2nc(-c3cc(Cl)cc(Cl)c3)cc2-c2ccc3c(c2)CCO3)cc1
CHEMBL4228690,Inactive,33.0,5.0,5.0,0.0,0.0,2.0,2.0,1.0,44.0,11.0,5.0,0.0,0.0,4.0,4.0,0.0,1.0,1.0,0.0,0.0,0.0,0.0,0.0,45.0,15.0,7.0,0.0,0.0,4.0,4.0,0.0,0.0,44.0,14.0,5.0,0.0,0.0,4.0,4.0,2.0,0.0,48.0,11.0,6.0,0.0,0.0,2.0,2.0,0.0,0.0,0.0,2.0,2.0,0.0,52.0,8.0,4.0,0.0,0.0,4.0,4.0,0.0,0.0,0.0,2.0,2.0,2.0,0.0,0.0,0.0,0.0,52.0,5.0,6.0,0.0,0.0,4.0,4.0,1.0,1.0,0.0,0.0,0.0,48.0,3.0,6.0,0.0,0.0,8.0,8.0,1.0,2.0,0.0,0.0,0.0,39.0,6.0,8.0,0.0,0.0,8.0,8.0,0.0,1.0,0.0,0.0,0.0,0.0,0.0,32.0,7.0,9.0,0.0,0.0,8.0,8.0,0.0,0.0,0.0,0.0,1.0,1.0,0.0,0.0,0.0,2.0,0.0,0.0,0.0,0.0,1.0,0.0,1.0,3.0,1.0,0.0,1.0,0.0,0.0,1.0,0.0,2.0,0.0,1.0,2.0,2.0,0.0,1.0,1.0,8.0,2.0,3.0,0.0,0.0,0.0,0.0,0.0,0.0,1.0,1.0,0.0,0.0,0.0,0.0,0.0,0.0,0.0,0.0,1.0,1.0,0.0,0.0,0.0,0.0,0.0,0.0,0.0,0.0,0.0,0.0,0.0,0.0,0.0,0.0,0.0,1.0,0.0,1.0,1.0,1.0,0.0,0.0,1.0,0.0,0.0,1.0,0.0,0.0,0.0,0.0,1.0,2.0,2.0,2.0,1.0,0.0,0.0,1.0,0.0,0.0,0.0,2.0,1.0,0.0,1.0,1.0,0.0,0.0,1.0,1.0,1.0,0.0,0.0,4.0,0.0,0.0,0.0,0.0,COc1ccc2cc(-c3c(C)c(-c4cc(Cl)cc(Cl)c4)nn3C(C)c3ccc(C(=O)NCCC(=O)O)cc3)ccc2c1
CHEMBL3616592,Active,32.0,5.0,7.0,0.0,5.0,0.0,5.0,1.0,43.0,11.0,7.0,0.0,4.0,0.0,4.0,0.0,1.0,1.0,3.0,3.0,3.0,3.0,3.0,45.0,14.0,10.0,0.0,7.0,0.0,7.0,0.0,0.0,44.0,14.0,6.0,0.0,9.0,0.0,9.0,3.0,0.0,47.0,11.0,7.0,0.0,9.0,0.0,9.0,0.0,1.0,1.0,0.0,1.0,0.0,49.0,9.0,8.0,0.0,7.0,0.0,7.0,0.0,0.0,2.0,0.0,2.0,2.0,0.0,0.0,0.0,0.0,49.0,5.0,10.0,0.0,8.0,0.0,8.0,1.0,1.0,1.0,1.0,0.0,47.0,3.0,9.0,0.0,12.0,0.0,12.0,1.0,2.0,0.0,0.0,0.0,40.0,6.0,11.0,0.0,12.0,0.0,12.0,0.0,1.0,0.0,0.0,0.0,0.0,0.0,35.0,6.0,11.0,0.0,10.0,0.0,10.0,0.0,0.0,3.0,0.0,1.0,1.0,0.0,0.0,0.0,2.0,0.0,0.0,0.0,0.0,1.0,0.0,1.0,2.0,1.0,0.0,1.0,0.0,0.0,1.0,1.0,2.0,0.0,2.0,1.0,0.0,5.0,2.0,1.0,8.0,2.0,3.0,0.0,0.0,0.0,0.0,0.0,0.0,1.0,1.0,0.0,0.0,0.0,0.0,0.0,0.0,0.0,0.0,1.0,1.0,0.0,0.0,0.0,0.0,0.0,0.0,0.0,0.0,0.0,0.0,0.0,0.0,0.0,0.0,0.0,1.0,0.0,1.0,1.0,1.0,0.0,0.0,1.0,0.0,0.0,1.0,0.0,0.0,0.0,0.0,1.0,0.0,0.0,2.0,1.0,0.0,0.0,1.0,0.0,0.0,0.0,3.0,2.0,5.0,1.0,1.0,0.0,0.0,1.0,1.0,1.0,0.0,0.0,5.0,0.0,0.0,3.0,0.0,COc1cc(F)c(F)cc1-c1nn(C(C)c2ccc(C(=O)NCCC(=O)O)cc2)c2cc(-c3ccc(OC(F)(F)F)cc3)ccc12
CHEMBL3616676,Inactive,30.0,7.0,7.0,0.0,3.0,0.0,3.0,1.0,41.0,13.0,7.0,0.0,0.0,0.0,0.0,0.0,1.0,1.0,3.0,3.0,3.0,3.0,3.0,43.0,16.0,10.0,0.0,3.0,0.0,3.0,0.0,0.0,43.0,14.0,5.0,0.0,6.0,0.0,6.0,4.0,0.0,44.0,13.0,7.0,0.0,6.0,0.0,6.0,1.0,1.0,0.0,0.0,0.0,0.0,46.0,12.0,8.0,0.0,3.0,0.0,3.0,0.0,0.0,0.0,0.0,0.0,2.0,0.0,0.0,0.0,0.0,46.0,8.0,10.0,0.0,3.0,0.0,3.0,1.0,1.0,0.0,0.0,0.0,44.0,6.0,9.0,0.0,6.0,0.0,6.0,1.0,2.0,0.0,0.0,0.0,36.0,10.0,11.0,0.0,6.0,0.0,6.0,0.0,1.0,0.0,0.0,0.0,0.0,0.0,32.0,9.0,11.0,0.0,3.0,0.0,3.0,0.0,0.0,3.0,0.0,1.0,1.0,0.0,0.0,0.0,2.0,0.0,0.0,0.0,0.0,1.0,0.0,1.0,2.0,1.0,0.0,1.0,0.0,0.0,1.0,1.0,2.0,0.0,2.0,1.0,0.0,3.0,2.0,1.0,8.0,2.0,3.0,0.0,0.0,0.0,0.0,0.0,0.0,1.0,1.0,0.0,0.0,0.0,0.0,0.0,0.0,0.0,0.0,1.0,1.0,0.0,0.0,0.0,0.0,0.0,0.0,0.0,0.0,0.0,0.0,0.0,0.0,0.0,0.0,0.0,1.0,0.0,1.0,1.0,1.0,0.0,0.0,1.0,0.0,0.0,1.0,0.0,0.0,0.0,0.0,1.0,0.0,0.0,2.0,1.0,0.0,0.0,1.0,0.0,0.0,0.0,3.0,1.0,3.0,1.0,1.0,0.0,0.0,1.0,1.0,1.0,0.0,0.0,5.0,0.0,0.0,3.0,0.0,COc1ccncc1-c1nn(C(C)c2ccc(C(=O)NCCC(=O)O)cc2)c2cc(-c3ccc(OC(F)(F)F)cc3)ccc12
CHEMBL3616686,Active,28.0,9.0,7.0,0.0,3.0,0.0,3.0,1.0,39.0,14.0,5.0,0.0,0.0,0.0,0.0,1.0,3.0,1.0,3.0,3.0,3.0,3.0,3.0,40.0,18.0,9.0,0.0,3.0,0.0,3.0,1.0,0.0,40.0,16.0,6.0,0.0,6.0,0.0,6.0,2.0,0.0,43.0,13.0,6.0,0.0,6.0,0.0,6.0,1.0,1.0,0.0,0.0,0.0,0.0,43.0,13.0,7.0,0.0,3.0,0.0,3.0,1.0,1.0,0.0,0.0,0.0,2.0,0.0,0.0,0.0,0.0,42.0,12.0,10.0,0.0,3.0,0.0,3.0,1.0,1.0,0.0,0.0,0.0,40.0,10.0,9.0,0.0,6.0,0.0,6.0,1.0,2.0,0.0,0.0,0.0,34.0,12.0,10.0,0.0,6.0,0.0,6.0,0.0,1.0,0.0,0.0,0.0,0.0,0.0,28.0,12.0,12.0,0.0,3.0,0.0,3.0,0.0,0.0,3.0,0.0,1.0,1.0,0.0,0.0,0.0,2.0,0.0,0.0,0.0,0.0,1.0,0.0,1.0,2.0,1.0,0.0,1.0,0.0,0.0,1.0,1.0,2.0,0.0,2.0,1.0,0.0,3.0,2.0,1.0,8.0,2.0,3.0,0.0,0.0,0.0,0.0,0.0,0.0,1.0,1.0,0.0,0.0,0.0,0.0,0.0,0.0,0.0,0.0,1.0,1.0,0.0,0.0,0.0,0.0,0.0,0.0,0.0,0.0,0.0,0.0,0.0,0.0,0.0,0.0,0.0,1.0,0.0,1.0,1.0,1.0,0.0,0.0,1.0,0.0,0.0,1.0,0.0,0.0,0.0,0.0,1.0,0.0,0.0,2.0,1.0,0.0,0.0,1.0,0.0,0.0,0.0,3.0,1.0,3.0,1.0,1.0,0.0,0.0,1.0,1.0,1.0,0.0,0.0,5.0,0.0,0.0,3.0,0.0,COc1nccc(-c2nn(C(C)c3ccc(C(=O)NCCC(=O)O)cc3)c3cc(-c4ccc(OC(F)(F)F)cc4)ccc23)n1
CHEMBL3799439,Inactive,29.0,5.0,7.0,0.0,0.0,2.0,2.0,1.0,39.0,11.0,7.0,0.0,0.0,4.0,4.0,0.0,1.0,1.0,0.0,0.0,0.0,0.0,0.0,38.0,14.0,9.0,0.0,0.0,4.0,4.0,0.0,0.0,37.0,15.0,7.0,0.0,0.0,4.0,4.0,2.0,1.0,42.0,11.0,9.0,0.0,0.0,2.0,2.0,0.0,2.0,0.0,2.0,2.0,0.0,46.0,8.0,8.0,0.0,0.0,2.0,2.0,0.0,2.0,0.0,2.0,2.0,2.0,0.0,0.0,0.0,0.0,49.0,3.0,10.0,0.0,0.0,4.0,4.0,1.0,1.0,0.0,0.0,0.0,43.0,2.0,15.0,0.0,0.0,8.0,8.0,1.0,1.0,0.0,0.0,0.0,33.0,5.0,15.0,0.0,0.0,10.0,10.0,0.0,0.0,0.0,0.0,0.0,0.0,0.0,22.0,5.0,11.0,0.0,0.0,6.0,6.0,0.0,0.0,0.0,0.0,1.0,0.0,0.0,0.0,0.0,4.0,1.0,0.0,0.0,0.0,2.0,0.0,1.0,2.0,1.0,0.0,1.0,0.0,0.0,1.0,0.0,2.0,0.0,0.0,1.0,2.0,0.0,2.0,1.0,9.0,2.0,4.0,0.0,0.0,0.0,0.0,0.0,0.0,1.0,2.0,0.0,0.0,0.0,0.0,0.0,0.0,0.0,0.0,1.0,2.0,0.0,0.0,0.0,1.0,0.0,0.0,0.0,0.0,0.0,0.0,0.0,0.0,0.0,0.0,0.0,1.0,0.0,1.0,1.0,1.0,0.0,0.0,1.0,0.0,0.0,1.0,0.0,0.0,0.0,0.0,1.0,2.0,2.0,2.0,1.0,0.0,0.0,1.0,0.0,0.0,0.0,3.0,2.0,0.0,1.0,1.0,0.0,0.0,1.0,1.0,1.0,0.0,0.0,5.0,0.0,0.0,0.0,0.0,COc1cc(OC)cc(-c2cc(-c3cc(Cl)cc(Cl)c3)nn2C2CCc3cc(C(=O)NCCC(=O)O)ccc32)c1
CHEMBL3799556,Inactive,35.0,6.0,5.0,0.0,0.0,2.0,2.0,1.0,48.0,12.0,5.0,0.0,0.0,4.0,4.0,0.0,1.0,1.0,0.0,0.0,0.0,0.0,0.0,49.0,13.0,10.0,0.0,0.0,4.0,4.0,0.0,0.0,42.0,15.0,10.0,0.0,0.0,4.0,4.0,0.0,0.0,47.0,11.0,4.0,0.0,0.0,2.0,2.0,0.0,2.0,0.0,2.0,2.0,0.0,51.0,8.0,5.0,0.0,0.0,2.0,2.0,0.0,0.0,0.0,2.0,2.0,0.0,0.0,0.0,0.0,0.0,52.0,5.0,4.0,0.0,0.0,4.0,4.0,1.0,1.0,0.0,0.0,2.0,50.0,4.0,6.0,0.0,0.0,8.0,8.0,1.0,2.0,0.0,0.0,0.0,41.0,8.0,9.0,0.0,0.0,8.0,8.0,0.0,1.0,0.0,0.0,0.0,0.0,0.0,36.0,7.0,8.0,0.0,0.0,8.0,8.0,0.0,0.0,0.0,0.0,2.0,1.0,0.0,1.0,0.0,4.0,2.0,2.0,0.0,0.0,2.0,0.0,0.0,2.0,0.0,0.0,0.0,0.0,0.0,1.0,0.0,2.0,0.0,1.0,2.0,2.0,0.0,1.0,1.0,10.0,2.0,6.0,0.0,0.0,1.0,0.0,0.0,0.0,1.0,5.0,0.0,0.0,0.0,0.0,2.0,1.0,0.0,0.0,2.0,1.0,4.0,0.0,2.0,0.0,1.0,0.0,0.0,0.0,0.0,0.0,0.0,0.0,1.0,4.0,4.0,2.0,2.0,2.0,2.0,2.0,2.0,1.0,4.0,0.0,0.0,2.0,1.0,0.0,0.0,0.0,1.0,2.0,2.0,3.0,3.0,0.0,0.0,2.0,0.0,0.0,0.0,2.0,1.0,0.0,1.0,1.0,0.0,0.0,1.0,0.0,0.0,0.0,0.0,4.0,0.0,0.0,0.0,0.0,COc1ccc2cc(-c3cc(-c4cc(Cl)cc(Cl)c4)nn3C(C)c3ccc(C(=O)N4CCC(C(=O)O)CC4)cc3)ccc2c1
CHEMBL3798731,Inactive,35.0,6.0,5.0,0.0,0.0,2.0,2.0,1.0,48.0,12.0,5.0,0.0,0.0,4.0,4.0,0.0,1.0,1.0,0.0,0.0,0.0,0.0,0.0,48.0,14.0,10.0,0.0,0.0,4.0,4.0,0.0,0.0,44.0,14.0,8.0,0.0,0.0,4.0,4.0,2.0,0.0,47.0,11.0,9.0,0.0,0.0,2.0,2.0,0.0,0.0,0.0,2.0,2.0,0.0,52.0,8.0,4.0,0.0,0.0,2.0,2.0,0.0,0.0,0.0,2.0,2.0,2.0,0.0,0.0,0.0,0.0,52.0,5.0,6.0,0.0,0.0,4.0,4.0,1.0,1.0,0.0,0.0,0.0,49.0,4.0,6.0,0.0,0.0,8.0,8.0,1.0,2.0,0.0,0.0,0.0,41.0,8.0,7.0,0.0,0.0,8.0,8.0,0.0,1.0,0.0,0.0,0.0,0.0,0.0,36.0,8.0,8.0,0.0,0.0,8.0,8.0,0.0,0.0,0.0,0.0,2.0,1.0,0.0,1.0,0.0,4.0,2.0,2.0,0.0,0.0,2.0,1.0,0.0,2.0,0.0,0.0,0.0,0.0,0.0,1.0,0.0,2.0,0.0,1.0,2.0,2.0,0.0,1.0,1.0,10.0,2.0,6.0,0.0,0.0,1.0,0.0,0.0,0.0,1.0,5.0,0.0,0.0,0.0,0.0,1.0,0.0,0.0,0.0,2.0,1.0,3.0,0.0,1.0,0.0,2.0,0.0,1.0,0.0,0.0,0.0,0.0,0.0,2.0,2.0,2.0,3.0,3.0,3.0,2.0,2.0,2.0,1.0,4.0,0.0,0.0,2.0,1.0,0.0,0.0,0.0,1.0,2.0,2.0,3.0,3.0,0.0,0.0,2.0,0.0,0.0,0.0,2.0,1.0,0.0,1.0,1.0,0.0,0.0,1.0,1.0,1.0,0.0,0.0,4.0,0.0,0.0,0.0,0.0,COc1ccc2cc(-c3cc(-c4cc(Cl)cc(Cl)c4)nn3C(C)c3ccc(C(=O)N4CCCC(C(=O)O)C4)cc3)ccc2c1
CHEMBL3798761,Inactive,32.0,5.0,3.0,0.0,0.0,2.0,2.0,1.0,42.0,12.0,3.0,0.0,0.0,4.0,4.0,0.0,1.0,1.0,0.0,0.0,0.0,0.0,0.0,42.0,13.0,5.0,0.0,0.0,4.0,4.0,0.0,0.0,38.0,14.0,6.0,0.0,0.0,4.0,4.0,2.0,0.0,41.0,10.0,4.0,0.0,0.0,2.0,2.0,0.0,0.0,0.0,2.0,2.0,0.0,46.0,6.0,3.0,0.0,0.0,2.0,2.0,0.0,0.0,0.0,2.0,2.0,2.0,0.0,0.0,0.0,0.0,45.0,6.0,5.0,0.0,0.0,4.0,4.0,1.0,1.0,0.0,0.0,0.0,43.0,5.0,5.0,0.0,0.0,8.0,8.0,1.0,1.0,0.0,0.0,0.0,36.0,6.0,5.0,0.0,0.0,8.0,8.0,0.0,0.0,0.0,0.0,0.0,0.0,0.0,32.0,6.0,5.0,0.0,0.0,6.0,6.0,0.0,0.0,0.0,0.0,2.0,2.0,1.0,0.0,0.0,1.0,1.0,0.0,0.0,0.0,0.0,0.0,1.0,5.0,1.0,1.0,1.0,0.0,0.0,1.0,1.0,2.0,0.0,2.0,0.0,2.0,0.0,0.0,1.0,11.0,2.0,7.0,0.0,0.0,1.0,1.0,1.0,0.0,1.0,5.0,0.0,0.0,0.0,0.0,0.0,0.0,1.0,1.0,1.0,4.0,1.0,0.0,1.0,0.0,0.0,0.0,0.0,0.0,0.0,0.0,0.0,0.0,0.0,0.0,0.0,1.0,0.0,1.0,1.0,2.0,0.0,0.0,2.0,0.0,0.0,2.0,0.0,0.0,0.0,0.0,1.0,2.0,2.0,2.0,1.0,0.0,1.0,1.0,0.0,0.0,0.0,1.0,0.0,0.0,1.0,1.0,0.0,0.0,1.0,1.0,1.0,0.0,0.0,3.0,0.0,0.0,0.0,0.0,CC(CC(=O)O)NC(=O)c1ccc(C(C)n2nc(-c3cc(Cl)cc(Cl)c3)cc2-c2ccc(C(C)(C)C)cc2)cc1
CHEMBL152409,Active,28.0,4.0,4.0,0.0,0.0,1.0,2.0,1.0,35.0,6.0,6.0,0.0,0.0,2.0,4.0,0.0,1.0,0.0,0.0,0.0,0.0,0.0,0.0,33.0,7.0,7.0,0.0,0.0,2.0,4.0,0.0,2.0,22.0,12.0,8.0,0.0,0.0,2.0,3.0,0.0,0.0,19.0,13.0,6.0,0.0,0.0,0.0,1.0,0.0,0.0,0.0,1.0,1.0,0.0,21.0,9.0,3.0,0.0,0.0,0.0,1.0,0.0,2.0,0.0,1.0,1.0,1.0,0.0,0.0,0.0,0.0,24.0,5.0,5.0,0.0,0.0,1.0,1.0,0.0,2.0,0.0,1.0,0.0,26.0,4.0,7.0,0.0,0.0,1.0,2.0,0.0,0.0,0.0,0.0,0.0,30.0,1.0,4.0,0.0,0.0,2.0,3.0,1.0,0.0,0.0,0.0,1.0,0.0,0.0,29.0,1.0,5.0,0.0,0.0,3.0,3.0,1.0,0.0,0.0,0.0,0.0,0.0,0.0,0.0,0.0,4.0,0.0,0.0,0.0,0.0,2.0,0.0,0.0,0.0,2.0,0.0,1.0,0.0,0.0,1.0,0.0,1.0,0.0,1.0,1.0,1.0,0.0,1.0,1.0,6.0,1.0,2.0,0.0,0.0,0.0,0.0,0.0,0.0,0.0,0.0,0.0,0.0,0.0,0.0,0.0,0.0,0.0,0.0,0.0,1.0,0.0,0.0,0.0,0.0,0.0,0.0,0.0,0.0,0.0,0.0,0.0,0.0,0.0,0.0,0.0,0.0,0.0,0.0,0.0,2.0,0.0,0.0,2.0,0.0,0.0,0.0,1.0,0.0,0.0,1.0,1.0,1.0,1.0,3.0,1.0,0.0,0.0,0.0,0.0,0.0,1.0,1.0,1.0,0.0,3.0,1.0,0.0,0.0,1.0,0.0,0.0,0.0,1.0,3.0,0.0,0.0,0.0,0.0,O=C(NN=Cc1ccc(OCCNCCc2ccc(Br)cc2)c2ccccc12)c1ccc(O)c(Cl)c1
CHEMBL4848344,Active,120.0,66.0,43.0,2.0,0.0,0.0,0.0,0.0,138.0,87.0,48.0,1.0,0.0,0.0,0.0,6.0,29.0,3.0,0.0,0.0,0.0,0.0,0.0,153.0,62.0,70.0,1.0,0.0,0.0,0.0,26.0,32.0,142.0,107.0,115.0,1.0,0.0,0.0,0.0,11.0,6.0,159.0,120.0,91.0,1.0,0.0,0.0,0.0,6.0,35.0,0.0,0.0,0.0,36.0,201.0,79.0,113.0,2.0,0.0,0.0,0.0,31.0,41.0,0.0,0.0,0.0,9.0,0.0,0.0,0.0,0.0,209.0,117.0,154.0,3.0,0.0,0.0,0.0,6.0,18.0,0.0,0.0,10.0,224.0,131.0,124.0,3.0,0.0,0.0,0.0,10.0,42.0,0.0,0.0,39.0,250.0,90.0,135.0,4.0,0.0,0.0,0.0,30.0,44.0,0.0,0.0,13.0,0.0,0.0,238.0,129.0,167.0,3.0,0.0,0.0,0.0,6.0,21.0,0.0,12.0,33.0,8.0,25.0,26.0,4.0,32.0,24.0,21.0,21.0,20.0,11.0,4.0,6.0,13.0,27.0,25.0,25.0,25.0,8.0,11.0,0.0,32.0,4.0,2.0,0.0,0.0,0.0,0.0,11.0,112.0,32.0,83.0,29.0,25.0,4.0,26.0,25.0,25.0,32.0,61.0,29.0,25.0,25.0,0.0,4.0,0.0,18.0,17.0,32.0,4.0,31.0,21.0,24.0,4.0,13.0,14.0,15.0,1.0,0.0,0.0,0.0,0.0,18.0,36.0,10.0,50.0,0.0,17.0,9.0,84.0,0.0,0.0,77.0,50.0,50.0,50.0,50.0,25.0,25.0,6.0,12.0,0.0,0.0,62.0,27.0,25.0,25.0,25.0,0.0,25.0,6.0,9.0,0.0,0.0,37.0,29.0,26.0,26.0,0.0,3.0,8.0,26.0,6.0,43.0,4.0,25.0,0.0,6.0,CSCCC(NC(=O)C(CC(C)C)NC(=O)C(Cc1c[nH]c2ccccc12)NC(=O)C(CCC(N)=O)NC(=O)C(NC(=O)C(Cc1ccccc1)NC(=O)C(CC(=O)O)NC(=O)C(CCC(N)=O)NC(=O)C(C)NC(=O)C(CCCNC(=N)N)NC(=O)C(CCCNC(=N)N)NC(=O)C(CO)NC(=O)C(CC(=O)O)NC(=O)C(CC(C)C)NC(=O)C(Cc1ccc(O)cc1)NC(=O)C(CCCCN)NC(=O)C(CO)NC(=O)C(Cc1ccc(O)cc1)NC(=O)C(CCC(=O)O)NC(=O)C(CO)NC(=O)C(NC(=O)C(Cc1ccccc1)NC(=O)C(NC(=O)C(N)CC(C)C)C(C)O)C(C)O)C(C)C)C(=O)NC(CC(N)=O)C(=O)NC(C(N)=O)C(C)O
CHEMBL4876838,Inactive,111.0,62.0,40.0,4.0,0.0,0.0,0.0,0.0,128.0,81.0,44.0,3.0,0.0,0.0,0.0,6.0,27.0,3.0,0.0,0.0,0.0,0.0,0.0,143.0,57.0,63.0,2.0,0.0,0.0,0.0,24.0,29.0,132.0,98.0,105.0,2.0,0.0,0.0,0.0,10.0,5.0,146.0,113.0,82.0,3.0,0.0,0.0,0.0,6.0,31.0,0.0,0.0,0.0,33.0,181.0,75.0,105.0,5.0,0.0,0.0,0.0,29.0,38.0,0.0,0.0,0.0,7.0,0.0,0.0,0.0,0.0,190.0,108.0,138.0,5.0,0.0,0.0,0.0,6.0,19.0,0.0,0.0,9.0,204.0,122.0,108.0,7.0,0.0,0.0,0.0,10.0,38.0,0.0,0.0,38.0,226.0,85.0,128.0,9.0,0.0,0.0,0.0,28.0,41.0,0.0,0.0,9.0,0.0,0.0,220.0,120.0,146.0,6.0,0.0,0.0,0.0,6.0,22.0,0.0,12.0,29.0,6.0,23.0,24.0,3.0,31.0,22.0,20.0,20.0,19.0,10.0,4.0,6.0,10.0,25.0,23.0,23.0,23.0,8.0,10.0,0.0,30.0,4.0,2.0,0.0,0.0,0.0,0.0,10.0,102.0,30.0,74.0,27.0,23.0,3.0,24.0,23.0,23.0,30.0,52.0,27.0,23.0,23.0,0.0,3.0,0.0,15.0,15.0,29.0,4.0,25.0,18.0,20.0,4.0,10.0,11.0,11.0,1.0,0.0,0.0,0.0,0.0,15.0,30.0,9.0,45.0,0.0,15.0,7.0,78.0,0.0,0.0,71.0,46.0,46.0,46.0,46.0,23.0,23.0,5.0,10.0,0.0,0.0,58.0,25.0,23.0,23.0,23.0,0.0,23.0,5.0,8.0,0.0,0.0,35.0,27.0,24.0,24.0,0.0,3.0,7.0,24.0,5.0,40.0,4.0,23.0,0.0,5.0,CSCCC(NC(=O)C(CC(C)C)NC(=O)C(Cc1c[nH]c2ccccc12)NC(=O)C(CCC(N)=O)NC(=O)C(NC(=O)C(Cc1ccccc1)NC(=O)C(CC(=O)O)NC(=O)C(CCC(N)=O)NC(=O)C(C)NC(=O)C(CCCNC(=N)N)NC(=O)C(CCCNC(=N)N)NC(=O)C(CO)NC(=O)C(CC(=O)O)NC(=O)C(CC(C)C)NC(=O)C(Cc1ccc(O)cc1)NC(=O)C(CCCCN)NC(=O)C(CO)NC(=O)C(Cc1ccc(O)cc1)NC(=O)C(CSCC(=O)O)NC(=O)C(CO)NC(=O)C(NC(=O)C(N)Cc1ccccc1)C(C)O)C(C)C)C(=O)NC(CC(N)=O)C(=O)NC(C(N)=O)C(C)O
CHEMBL4849980,Active,112.0,61.0,41.0,2.0,0.0,0.0,0.0,0.0,129.0,79.0,46.0,1.0,0.0,0.0,0.0,6.0,27.0,3.0,0.0,0.0,0.0,0.0,0.0,143.0,57.0,66.0,1.0,0.0,0.0,0.0,23.0,29.0,132.0,96.0,109.0,1.0,0.0,0.0,0.0,10.0,5.0,147.0,108.0,87.0,1.0,0.0,0.0,0.0,6.0,33.0,0.0,0.0,0.0,33.0,183.0,73.0,106.0,2.0,0.0,0.0,0.0,28.0,37.0,0.0,0.0,0.0,11.0,0.0,0.0,0.0,0.0,190.0,108.0,142.0,3.0,0.0,0.0,0.0,6.0,17.0,0.0,0.0,9.0,205.0,119.0,113.0,3.0,0.0,0.0,0.0,10.0,40.0,0.0,0.0,36.0,229.0,85.0,124.0,4.0,0.0,0.0,0.0,27.0,40.0,0.0,0.0,15.0,0.0,0.0,219.0,120.0,153.0,3.0,0.0,0.0,0.0,6.0,20.0,0.0,10.0,29.0,6.0,23.0,24.0,3.0,31.0,22.0,20.0,20.0,19.0,11.0,4.0,6.0,10.0,25.0,23.0,23.0,23.0,7.0,11.0,0.0,30.0,4.0,2.0,0.0,0.0,0.0,0.0,11.0,102.0,30.0,75.0,27.0,23.0,3.0,23.0,23.0,23.0,30.0,54.0,27.0,23.0,23.0,0.0,3.0,0.0,16.0,16.0,30.0,4.0,27.0,19.0,22.0,4.0,11.0,12.0,13.0,1.0,0.0,0.0,0.0,0.0,16.0,32.0,10.0,46.0,0.0,16.0,8.0,76.0,0.0,0.0,71.0,46.0,46.0,46.0,46.0,23.0,23.0,7.0,12.0,0.0,0.0,57.0,25.0,23.0,23.0,23.0,0.0,23.0,6.0,9.0,0.0,0.0,34.0,27.0,23.0,23.0,0.0,3.0,7.0,23.0,6.0,41.0,4.0,23.0,0.0,5.0,CSCCC(NC(=O)C(CC(C)C)NC(=O)C(Cc1c[nH]c2ccccc12)NC(=O)C(CCC(N)=O)NC(=O)C(NC(=O)C(Cc1ccccc1)NC(=O)C(CC(=O)O)NC(=O)C(CCC(N)=O)NC(=O)C(C)NC(=O)C(CCCNC(=N)N)NC(=O)C(CCCNC(=N)N)NC(=O)C(CO)NC(=O)C(CC(=O)O)NC(=O)C(CC(C)C)NC(=O)C(Cc1ccc(O)cc1)NC(=O)C(CCCCN)NC(=O)C(CO)NC(=O)C(Cc1ccc(O)cc1)NC(=O)C(CCC(=O)O)NC(=O)C(CO)NC(=O)C(NC(=O)C(O)Cc1ccccc1)C(C)O)C(C)C)C(=O)NC(CC(N)=O)C(=O)NC(C(N)=O)C(C)O
CHEMBL3237906,Inactive,29.0,7.0,4.0,0.0,0.0,1.0,1.0,0.0,40.0,11.0,4.0,0.0,0.0,2.0,2.0,1.0,2.0,1.0,0.0,0.0,0.0,0.0,0.0,41.0,13.0,8.0,0.0,0.0,2.0,2.0,0.0,1.0,39.0,12.0,9.0,0.0,0.0,2.0,2.0,2.0,0.0,40.0,9.0,10.0,0.0,0.0,1.0,1.0,0.0,0.0,0.0,1.0,1.0,0.0,41.0,11.0,7.0,0.0,0.0,1.0,1.0,0.0,0.0,0.0,1.0,1.0,2.0,1.0,0.0,0.0,0.0,46.0,2.0,7.0,0.0,0.0,3.0,3.0,1.0,1.0,0.0,0.0,0.0,38.0,4.0,10.0,0.0,0.0,4.0,4.0,0.0,0.0,0.0,0.0,0.0,33.0,4.0,5.0,0.0,0.0,3.0,3.0,1.0,2.0,0.0,0.0,1.0,0.0,0.0,27.0,5.0,6.0,0.0,0.0,3.0,3.0,0.0,0.0,0.0,0.0,2.0,1.0,0.0,0.0,0.0,6.0,2.0,0.0,0.0,0.0,3.0,0.0,1.0,4.0,1.0,0.0,1.0,0.0,0.0,1.0,2.0,3.0,0.0,1.0,0.0,1.0,0.0,0.0,1.0,18.0,3.0,14.0,1.0,0.0,5.0,2.0,1.0,0.0,2.0,15.0,0.0,0.0,0.0,2.0,11.0,7.0,4.0,2.0,1.0,2.0,14.0,0.0,0.0,0.0,14.0,0.0,0.0,9.0,6.0,7.0,3.0,7.0,8.0,4.0,2.0,5.0,2.0,3.0,1.0,7.0,4.0,5.0,9.0,3.0,0.0,4.0,5.0,0.0,0.0,0.0,1.0,1.0,1.0,6.0,4.0,2.0,2.0,3.0,0.0,0.0,0.0,1.0,0.0,0.0,3.0,2.0,0.0,0.0,2.0,1.0,1.0,0.0,0.0,4.0,0.0,0.0,0.0,0.0,CC(c1ccc(C(=O)NCCC(=O)O)cc1)N1C(=O)C(c2cccc(Cl)c2)=NC12CCC(C(C)(C)C)CC2
CHEMBL3237914,Inactive,30.0,7.0,4.0,0.0,3.0,0.0,3.0,0.0,42.0,11.0,4.0,0.0,3.0,0.0,3.0,1.0,2.0,1.0,0.0,0.0,3.0,3.0,3.0,43.0,13.0,8.0,0.0,6.0,0.0,6.0,0.0,1.0,40.0,12.0,9.0,0.0,6.0,0.0,6.0,2.0,0.0,41.0,9.0,10.0,0.0,3.0,0.0,3.0,0.0,0.0,0.0,0.0,0.0,0.0,42.0,12.0,7.0,0.0,3.0,0.0,3.0,0.0,0.0,0.0,0.0,0.0,2.0,0.0,0.0,0.0,0.0,47.0,3.0,8.0,0.0,3.0,0.0,3.0,1.0,1.0,3.0,3.0,0.0,41.0,4.0,10.0,0.0,3.0,0.0,3.0,0.0,0.0,3.0,3.0,0.0,37.0,4.0,5.0,0.0,9.0,0.0,9.0,1.0,2.0,0.0,0.0,1.0,0.0,0.0,30.0,5.0,6.0,0.0,12.0,0.0,12.0,0.0,0.0,0.0,0.0,2.0,1.0,0.0,0.0,0.0,6.0,2.0,0.0,0.0,0.0,3.0,0.0,1.0,4.0,1.0,0.0,1.0,0.0,0.0,1.0,3.0,3.0,0.0,2.0,0.0,0.0,3.0,0.0,1.0,19.0,3.0,14.0,1.0,0.0,5.0,2.0,1.0,0.0,2.0,15.0,0.0,0.0,0.0,2.0,11.0,7.0,4.0,2.0,1.0,2.0,14.0,0.0,0.0,0.0,14.0,0.0,0.0,9.0,6.0,7.0,3.0,7.0,8.0,4.0,2.0,5.0,2.0,3.0,1.0,7.0,4.0,5.0,9.0,3.0,0.0,4.0,5.0,0.0,0.0,0.0,1.0,0.0,0.0,6.0,4.0,2.0,2.0,3.0,0.0,0.0,0.0,1.0,0.0,3.0,3.0,2.0,0.0,0.0,2.0,1.0,1.0,0.0,0.0,4.0,0.0,0.0,0.0,0.0,CC(c1ccc(C(=O)NCCC(=O)O)cc1)N1C(=O)C(c2ccc(C(F)(F)F)cc2)=NC12CCC(C(C)(C)C)CC2
CHEMBL3237917,Inactive,28.0,9.0,2.0,0.0,0.0,2.0,2.0,3.0,39.0,15.0,2.0,0.0,0.0,4.0,4.0,4.0,2.0,0.0,0.0,0.0,0.0,0.0,0.0,41.0,14.0,6.0,0.0,0.0,4.0,4.0,2.0,1.0,38.0,14.0,9.0,0.0,0.0,4.0,4.0,0.0,0.0,39.0,13.0,7.0,0.0,0.0,2.0,2.0,0.0,2.0,0.0,2.0,2.0,0.0,39.0,17.0,5.0,0.0,0.0,2.0,2.0,0.0,2.0,0.0,2.0,2.0,0.0,2.0,0.0,0.0,0.0,44.0,10.0,3.0,0.0,0.0,6.0,6.0,1.0,1.0,0.0,0.0,0.0,37.0,10.0,6.0,0.0,0.0,8.0,8.0,0.0,0.0,0.0,0.0,0.0,32.0,8.0,3.0,0.0,0.0,6.0,6.0,1.0,2.0,0.0,0.0,1.0,0.0,0.0,26.0,8.0,4.0,0.0,0.0,6.0,6.0,2.0,0.0,0.0,0.0,2.0,1.0,0.0,0.0,0.0,5.0,2.0,0.0,0.0,0.0,2.0,0.0,0.0,4.0,1.0,0.0,1.0,0.0,0.0,0.0,2.0,2.0,0.0,1.0,0.0,2.0,0.0,0.0,0.0,16.0,2.0,12.0,1.0,0.0,5.0,2.0,1.0,0.0,1.0,14.0,0.0,0.0,0.0,2.0,11.0,7.0,4.0,2.0,0.0,2.0,14.0,0.0,0.0,0.0,14.0,0.0,0.0,9.0,6.0,7.0,3.0,7.0,8.0,4.0,2.0,4.0,2.0,2.0,0.0,6.0,4.0,5.0,8.0,3.0,0.0,3.0,5.0,0.0,0.0,0.0,0.0,2.0,2.0,6.0,4.0,2.0,2.0,3.0,0.0,0.0,0.0,0.0,0.0,0.0,3.0,2.0,0.0,0.0,2.0,0.0,0.0,0.0,0.0,2.0,0.0,0.0,0.0,0.0,CC(c1ccc(C(=O)NCc2nnn[nH]2)cc1)N1C(=O)C(c2cc(Cl)cc(Cl)c2)=NC12CCC(C(C)(C)C)CC2
CHEMBL154400,Active,27.0,5.0,3.0,0.0,0.0,1.0,1.0,1.0,35.0,8.0,4.0,0.0,0.0,2.0,2.0,0.0,2.0,0.0,0.0,0.0,0.0,0.0,0.0,36.0,9.0,7.0,0.0,0.0,2.0,2.0,0.0,1.0,28.0,11.0,9.0,0.0,0.0,2.0,2.0,0.0,0.0,23.0,12.0,8.0,0.0,0.0,0.0,0.0,0.0,0.0,0.0,1.0,1.0,0.0,25.0,9.0,5.0,0.0,0.0,0.0,0.0,0.0,1.0,0.0,1.0,1.0,1.0,0.0,0.0,0.0,0.0,32.0,5.0,5.0,0.0,0.0,1.0,1.0,0.0,1.0,0.0,0.0,0.0,35.0,1.0,4.0,0.0,0.0,1.0,1.0,1.0,1.0,0.0,0.0,0.0,29.0,2.0,3.0,0.0,0.0,2.0,2.0,1.0,1.0,0.0,0.0,0.0,0.0,0.0,18.0,6.0,4.0,0.0,0.0,3.0,3.0,0.0,0.0,0.0,0.0,1.0,0.0,0.0,0.0,0.0,6.0,2.0,0.0,0.0,0.0,3.0,2.0,1.0,1.0,1.0,0.0,1.0,0.0,0.0,1.0,0.0,2.0,0.0,0.0,1.0,1.0,0.0,0.0,1.0,11.0,2.0,7.0,1.0,0.0,0.0,1.0,1.0,0.0,1.0,5.0,0.0,0.0,0.0,0.0,0.0,0.0,2.0,2.0,0.0,1.0,4.0,0.0,0.0,0.0,3.0,0.0,0.0,2.0,0.0,1.0,0.0,1.0,1.0,2.0,2.0,3.0,3.0,3.0,0.0,4.0,4.0,5.0,8.0,3.0,0.0,3.0,5.0,0.0,0.0,0.0,0.0,1.0,1.0,4.0,3.0,2.0,2.0,2.0,0.0,0.0,0.0,0.0,0.0,0.0,3.0,2.0,0.0,0.0,1.0,0.0,0.0,0.0,0.0,3.0,0.0,0.0,0.0,0.0,CCC1CCCCN1C(=O)Cc1ccc(C=NNC(=O)c2ccc(O)c(Cl)c2)c2ccccc12
CHEMBL359126,Active,23.0,5.0,2.0,0.0,0.0,3.0,3.0,1.0,30.0,8.0,3.0,0.0,0.0,6.0,6.0,0.0,1.0,0.0,0.0,0.0,0.0,0.0,0.0,26.0,10.0,4.0,0.0,0.0,6.0,6.0,0.0,1.0,18.0,13.0,4.0,0.0,0.0,5.0,5.0,0.0,0.0,19.0,9.0,3.0,0.0,0.0,1.0,1.0,1.0,0.0,0.0,2.0,2.0,0.0,23.0,4.0,2.0,0.0,0.0,2.0,2.0,1.0,1.0,0.0,2.0,2.0,1.0,0.0,0.0,0.0,0.0,23.0,3.0,3.0,0.0,0.0,6.0,6.0,0.0,1.0,0.0,0.0,0.0,20.0,4.0,3.0,0.0,0.0,6.0,6.0,0.0,1.0,0.0,0.0,0.0,16.0,6.0,2.0,0.0,0.0,6.0,6.0,0.0,0.0,0.0,0.0,0.0,0.0,0.0,12.0,5.0,3.0,0.0,0.0,5.0,5.0,0.0,0.0,1.0,0.0,0.0,0.0,0.0,0.0,0.0,1.0,0.0,0.0,0.0,0.0,0.0,0.0,0.0,0.0,1.0,0.0,1.0,0.0,0.0,1.0,0.0,1.0,0.0,0.0,2.0,3.0,0.0,0.0,1.0,3.0,1.0,0.0,0.0,0.0,0.0,0.0,0.0,0.0,0.0,0.0,0.0,0.0,0.0,0.0,0.0,0.0,0.0,0.0,0.0,0.0,0.0,0.0,0.0,0.0,0.0,0.0,0.0,0.0,0.0,0.0,0.0,0.0,0.0,0.0,0.0,0.0,0.0,0.0,0.0,0.0,0.0,0.0,0.0,0.0,0.0,0.0,0.0,0.0,0.0,0.0,0.0,3.0,3.0,1.0,0.0,0.0,0.0,0.0,0.0,0.0,0.0,0.0,0.0,0.0,2.0,1.0,0.0,0.0,1.0,0.0,0.0,0.0,0.0,2.0,0.0,0.0,0.0,0.0,O=C(NN=Cc1cccc2c1ccn2Cc1ccc(Cl)c(Cl)c1)c1ccc(O)c(Cl)c1
CHEMBL4876736,Active,111.0,60.0,42.0,2.0,0.0,0.0,0.0,0.0,128.0,78.0,47.0,1.0,0.0,0.0,0.0,6.0,26.0,4.0,0.0,0.0,0.0,0.0,0.0,142.0,56.0,67.0,1.0,0.0,0.0,0.0,23.0,29.0,131.0,94.0,110.0,1.0,0.0,0.0,0.0,13.0,5.0,146.0,106.0,87.0,1.0,0.0,0.0,0.0,5.0,33.0,0.0,0.0,0.0,36.0,181.0,71.0,109.0,2.0,0.0,0.0,0.0,28.0,34.0,0.0,0.0,0.0,12.0,0.0,0.0,0.0,0.0,187.0,104.0,147.0,3.0,0.0,0.0,0.0,5.0,20.0,0.0,0.0,7.0,203.0,115.0,112.0,3.0,0.0,0.0,0.0,9.0,39.0,0.0,0.0,42.0,225.0,84.0,128.0,4.0,0.0,0.0,0.0,27.0,37.0,0.0,0.0,14.0,0.0,0.0,214.0,117.0,157.0,3.0,0.0,0.0,0.0,5.0,23.0,0.0,8.0,29.0,6.0,23.0,24.0,3.0,30.0,22.0,20.0,20.0,19.0,10.0,4.0,6.0,10.0,25.0,23.0,23.0,23.0,6.0,12.0,0.0,30.0,3.0,2.0,0.0,0.0,0.0,0.0,12.0,101.0,30.0,74.0,26.0,23.0,3.0,23.0,23.0,23.0,30.0,53.0,26.0,23.0,23.0,0.0,3.0,0.0,16.0,16.0,30.0,4.0,26.0,18.0,22.0,4.0,10.0,11.0,11.0,1.0,0.0,0.0,0.0,0.0,15.0,30.0,9.0,45.0,0.0,16.0,9.0,75.0,0.0,0.0,71.0,46.0,46.0,46.0,46.0,23.0,23.0,7.0,13.0,0.0,0.0,56.0,25.0,23.0,23.0,23.0,0.0,23.0,6.0,10.0,0.0,0.0,33.0,26.0,23.0,23.0,0.0,4.0,9.0,23.0,6.0,42.0,4.0,23.0,0.0,5.0,CSCCC(NC(=O)C(CC(C)C)NC(=O)C(Cc1c[nH]c2ccccc12)NC(=O)C(CCC(N)=O)NC(=O)C(NC(=O)C(Cc1ccccc1)NC(=O)C(CC(=O)O)NC(=O)C(CCC(N)=O)NC(=O)C(C)NC(=O)C(CCCNC(=N)N)NC(=O)C(CCCNC(=N)N)NC(=O)C(CO)NC(=O)C(CC(=O)O)NC(=O)C(CC(C)C)NC(=O)C(Cc1ccc(O)cc1)NC(=O)C(CCCCN)NC(=O)C(CO)NC(=O)C(Cc1ccc(O)cc1)NC(=O)C(CC(=O)O)NC(=O)C(CO)NC(=O)C(NC(=O)C(O)Cc1ccccc1)C(C)O)C(C)C)C(=O)NC(CC(=O)O)C(=O)NC(C(N)=O)C(C)O
CHEMBL10,Active,20.0,6.0,0.0,2.0,1.0,0.0,1.0,0.0,27.0,8.0,2.0,2.0,2.0,0.0,2.0,1.0,0.0,0.0,0.0,0.0,0.0,0.0,0.0,25.0,11.0,2.0,2.0,2.0,0.0,2.0,0.0,0.0,22.0,13.0,2.0,1.0,1.0,0.0,1.0,0.0,0.0,26.0,8.0,1.0,1.0,1.0,0.0,1.0,1.0,0.0,0.0,0.0,0.0,0.0,29.0,3.0,1.0,0.0,1.0,0.0,1.0,1.0,0.0,1.0,0.0,1.0,0.0,0.0,0.0,0.0,0.0,25.0,5.0,0.0,2.0,2.0,0.0,2.0,0.0,2.0,1.0,1.0,0.0,18.0,4.0,2.0,2.0,3.0,0.0,3.0,0.0,0.0,0.0,0.0,0.0,8.0,3.0,2.0,4.0,4.0,0.0,4.0,0.0,0.0,0.0,0.0,0.0,0.0,0.0,5.0,1.0,4.0,4.0,2.0,0.0,2.0,0.0,0.0,1.0,0.0,0.0,0.0,0.0,0.0,0.0,0.0,0.0,0.0,0.0,0.0,0.0,0.0,0.0,1.0,0.0,0.0,0.0,0.0,0.0,0.0,0.0,0.0,0.0,2.0,0.0,0.0,1.0,0.0,0.0,1.0,0.0,0.0,0.0,0.0,0.0,0.0,0.0,0.0,0.0,0.0,0.0,0.0,0.0,0.0,0.0,0.0,0.0,0.0,0.0,0.0,0.0,0.0,0.0,0.0,0.0,0.0,0.0,0.0,0.0,0.0,0.0,0.0,0.0,0.0,0.0,0.0,0.0,0.0,0.0,0.0,0.0,0.0,0.0,0.0,0.0,0.0,0.0,0.0,0.0,0.0,0.0,0.0,0.0,0.0,0.0,0.0,0.0,0.0,0.0,0.0,0.0,0.0,0.0,1.0,0.0,0.0,0.0,0.0,0.0,0.0,0.0,0.0,0.0,1.0,0.0,0.0,0.0,0.0,C[S+]([O-])c1ccc(-c2nc(-c3ccc(F)cc3)c(-c3ccncc3)[nH]2)cc1
CHEMBL3237925,Active,32.0,9.0,2.0,0.0,0.0,2.0,2.0,3.0,43.0,15.0,2.0,0.0,0.0,4.0,4.0,4.0,2.0,0.0,0.0,0.0,0.0,0.0,0.0,45.0,15.0,6.0,0.0,0.0,4.0,4.0,2.0,1.0,45.0,15.0,9.0,0.0,0.0,4.0,4.0,0.0,0.0,50.0,15.0,8.0,0.0,0.0,2.0,2.0,0.0,2.0,0.0,2.0,2.0,0.0,53.0,19.0,6.0,0.0,0.0,2.0,2.0,0.0,2.0,0.0,2.0,2.0,0.0,2.0,0.0,0.0,0.0,61.0,11.0,4.0,0.0,0.0,6.0,6.0,1.0,1.0,0.0,0.0,0.0,53.0,12.0,8.0,0.0,0.0,8.0,8.0,0.0,0.0,0.0,0.0,0.0,48.0,9.0,4.0,0.0,0.0,8.0,8.0,1.0,2.0,0.0,0.0,1.0,0.0,0.0,39.0,9.0,5.0,0.0,0.0,8.0,8.0,2.0,0.0,0.0,0.0,2.0,0.0,0.0,0.0,0.0,9.0,3.0,0.0,0.0,0.0,5.0,2.0,0.0,4.0,1.0,0.0,1.0,0.0,0.0,0.0,2.0,2.0,0.0,1.0,0.0,2.0,0.0,0.0,0.0,20.0,2.0,16.0,1.0,0.0,5.0,2.0,1.0,0.0,1.0,18.0,0.0,0.0,0.0,2.0,11.0,7.0,4.0,2.0,0.0,2.0,17.0,0.0,0.0,1.0,16.0,0.0,0.0,10.0,6.0,7.0,3.0,8.0,9.0,5.0,3.0,5.0,3.0,3.0,0.0,6.0,4.0,5.0,8.0,3.0,0.0,3.0,5.0,0.0,0.0,0.0,0.0,2.0,2.0,6.0,4.0,2.0,2.0,3.0,0.0,0.0,0.0,0.0,0.0,0.0,3.0,2.0,0.0,0.0,2.0,0.0,0.0,0.0,0.0,2.0,0.0,0.0,0.0,0.0,CCCCCC(c1ccc(C(=O)NCc2nn[nH]n2)cc1)N1C(=O)C(c2cc(Cl)cc(Cl)c2)=NC12CCC(C(C)(C)C)CC2
CHEMBL3238217,Active,33.0,9.0,2.0,0.0,2.0,0.0,2.0,3.0,47.0,15.0,2.0,0.0,4.0,0.0,4.0,4.0,2.0,0.0,0.0,0.0,0.0,0.0,0.0,46.0,15.0,6.0,0.0,4.0,0.0,4.0,2.0,1.0,46.0,15.0,9.0,0.0,4.0,0.0,4.0,0.0,0.0,51.0,17.0,8.0,0.0,2.0,0.0,2.0,0.0,2.0,2.0,0.0,2.0,0.0,60.0,18.0,6.0,0.0,2.0,0.0,2.0,0.0,2.0,2.0,0.0,2.0,0.0,2.0,0.0,0.0,0.0,67.0,13.0,6.0,0.0,6.0,0.0,6.0,1.0,1.0,0.0,0.0,0.0,56.0,11.0,7.0,0.0,8.0,0.0,8.0,0.0,0.0,0.0,0.0,0.0,52.0,9.0,4.0,0.0,8.0,0.0,8.0,1.0,2.0,0.0,0.0,1.0,0.0,0.0,41.0,11.0,7.0,0.0,8.0,0.0,8.0,2.0,0.0,0.0,0.0,2.0,0.0,0.0,0.0,0.0,7.0,3.0,0.0,0.0,0.0,3.0,0.0,0.0,6.0,1.0,0.0,1.0,0.0,0.0,0.0,3.0,2.0,0.0,1.0,0.0,0.0,2.0,0.0,0.0,21.0,2.0,17.0,1.0,0.0,9.0,2.0,1.0,0.0,1.0,22.0,0.0,0.0,0.0,3.0,14.0,7.0,4.0,2.0,0.0,2.0,18.0,0.0,0.0,1.0,17.0,0.0,0.0,9.0,6.0,7.0,3.0,7.0,11.0,5.0,3.0,5.0,3.0,3.0,0.0,6.0,4.0,5.0,8.0,3.0,0.0,3.0,5.0,0.0,0.0,0.0,0.0,0.0,0.0,6.0,4.0,2.0,2.0,3.0,0.0,0.0,0.0,0.0,0.0,2.0,3.0,2.0,0.0,0.0,2.0,0.0,0.0,0.0,0.0,2.0,0.0,0.0,0.0,0.0,CC(C)(C)CCC(c1ccc(C(=O)NCc2nn[nH]n2)cc1)N1C(=O)C(c2cc(F)cc(F)c2)=NC12CCC(C(C)(C)C)CC2
CHEMBL3238231,Active,30.0,9.0,2.0,0.0,0.0,2.0,2.0,3.0,41.0,15.0,2.0,0.0,0.0,4.0,4.0,4.0,2.0,0.0,0.0,0.0,0.0,0.0,0.0,40.0,15.0,6.0,0.0,0.0,4.0,4.0,2.0,1.0,40.0,15.0,9.0,0.0,0.0,4.0,4.0,0.0,0.0,48.0,17.0,8.0,0.0,0.0,2.0,2.0,0.0,2.0,0.0,2.0,2.0,0.0,60.0,12.0,6.0,0.0,0.0,2.0,2.0,0.0,2.0,0.0,2.0,2.0,0.0,2.0,0.0,0.0,0.0,58.0,13.0,6.0,0.0,0.0,6.0,6.0,1.0,1.0,0.0,0.0,0.0,47.0,11.0,4.0,0.0,0.0,8.0,8.0,0.0,0.0,0.0,0.0,0.0,37.0,9.0,4.0,0.0,0.0,8.0,8.0,1.0,2.0,0.0,0.0,1.0,0.0,0.0,26.0,11.0,7.0,0.0,0.0,8.0,8.0,2.0,0.0,0.0,0.0,2.0,1.0,0.0,0.0,0.0,7.0,3.0,0.0,0.0,0.0,3.0,0.0,0.0,4.0,1.0,0.0,1.0,0.0,0.0,0.0,2.0,2.0,0.0,1.0,0.0,2.0,0.0,0.0,0.0,18.0,2.0,14.0,1.0,0.0,5.0,2.0,1.0,0.0,1.0,16.0,0.0,0.0,0.0,1.0,5.0,1.0,4.0,2.0,0.0,2.0,12.0,0.0,0.0,1.0,11.0,0.0,0.0,3.0,0.0,1.0,0.0,1.0,11.0,5.0,3.0,5.0,3.0,3.0,0.0,6.0,4.0,5.0,8.0,3.0,0.0,3.0,5.0,0.0,0.0,0.0,0.0,2.0,2.0,6.0,4.0,2.0,2.0,3.0,0.0,0.0,0.0,0.0,0.0,0.0,3.0,2.0,0.0,0.0,2.0,0.0,0.0,0.0,0.0,2.0,0.0,0.0,0.0,0.0,CC1CCC2(CC1)N=C(c1cc(Cl)cc(Cl)c1)C(=O)N2C(CCC(C)(C)C)c1ccc(C(=O)NCc2nn[nH]n2)cc1
CHEMBL3799468,Inactive,34.0,5.0,5.0,0.0,0.0,2.0,2.0,1.0,46.0,11.0,5.0,0.0,0.0,4.0,4.0,0.0,1.0,1.0,0.0,0.0,0.0,0.0,0.0,45.0,14.0,7.0,0.0,0.0,4.0,4.0,0.0,0.0,42.0,15.0,5.0,0.0,0.0,4.0,4.0,2.0,0.0,45.0,12.0,7.0,0.0,0.0,2.0,2.0,0.0,0.0,0.0,2.0,2.0,0.0,50.0,9.0,5.0,0.0,0.0,2.0,2.0,0.0,0.0,0.0,2.0,2.0,2.0,0.0,0.0,0.0,0.0,54.0,4.0,5.0,0.0,0.0,4.0,4.0,1.0,1.0,0.0,0.0,0.0,51.0,3.0,6.0,0.0,0.0,8.0,8.0,1.0,2.0,0.0,0.0,0.0,41.0,6.0,9.0,0.0,0.0,10.0,10.0,0.0,1.0,0.0,0.0,0.0,0.0,0.0,31.0,6.0,10.0,0.0,0.0,8.0,8.0,0.0,0.0,0.0,0.0,1.0,0.0,0.0,0.0,0.0,4.0,1.0,0.0,0.0,0.0,2.0,0.0,1.0,1.0,1.0,0.0,1.0,0.0,0.0,1.0,0.0,2.0,0.0,0.0,3.0,2.0,0.0,1.0,1.0,8.0,2.0,4.0,0.0,0.0,0.0,0.0,0.0,0.0,1.0,2.0,0.0,0.0,0.0,0.0,0.0,0.0,0.0,0.0,1.0,2.0,0.0,0.0,0.0,1.0,0.0,0.0,0.0,0.0,0.0,0.0,0.0,0.0,0.0,0.0,0.0,1.0,0.0,1.0,1.0,1.0,0.0,0.0,1.0,0.0,0.0,1.0,0.0,0.0,0.0,0.0,1.0,2.0,2.0,2.0,1.0,0.0,0.0,1.0,0.0,0.0,0.0,2.0,1.0,0.0,1.0,1.0,0.0,0.0,1.0,1.0,1.0,0.0,0.0,4.0,0.0,0.0,0.0,0.0,COc1ccc2cc(-c3cc(-c4cc(Cl)cc(Cl)c4)nn3C3CCc4cc(C(=O)NCCC(=O)O)ccc43)ccc2c1
CHEMBL3800473,Inactive,29.0,5.0,3.0,0.0,0.0,3.0,3.0,1.0,37.0,11.0,3.0,0.0,0.0,6.0,6.0,0.0,1.0,1.0,0.0,0.0,0.0,0.0,0.0,34.0,14.0,5.0,0.0,0.0,6.0,6.0,0.0,0.0,33.0,15.0,3.0,0.0,0.0,5.0,5.0,2.0,0.0,38.0,11.0,5.0,0.0,0.0,3.0,3.0,0.0,0.0,0.0,2.0,2.0,0.0,43.0,6.0,4.0,0.0,0.0,3.0,3.0,0.0,0.0,0.0,3.0,3.0,2.0,0.0,0.0,0.0,0.0,45.0,1.0,4.0,0.0,0.0,6.0,6.0,1.0,1.0,0.0,1.0,0.0,37.0,2.0,5.0,0.0,0.0,11.0,11.0,1.0,1.0,0.0,0.0,0.0,23.0,5.0,7.0,0.0,0.0,15.0,15.0,0.0,0.0,0.0,0.0,0.0,0.0,0.0,14.0,5.0,7.0,0.0,0.0,10.0,10.0,0.0,0.0,0.0,0.0,1.0,0.0,0.0,0.0,0.0,4.0,1.0,0.0,0.0,0.0,2.0,0.0,1.0,0.0,1.0,0.0,1.0,0.0,0.0,1.0,0.0,2.0,0.0,1.0,1.0,3.0,0.0,0.0,1.0,7.0,2.0,4.0,0.0,0.0,0.0,0.0,0.0,0.0,1.0,2.0,0.0,0.0,0.0,0.0,0.0,0.0,0.0,0.0,1.0,2.0,0.0,0.0,0.0,1.0,0.0,0.0,0.0,0.0,0.0,0.0,0.0,0.0,0.0,0.0,0.0,1.0,0.0,1.0,1.0,1.0,0.0,0.0,1.0,0.0,0.0,1.0,0.0,0.0,0.0,0.0,1.0,3.0,3.0,2.0,1.0,0.0,0.0,1.0,0.0,0.0,0.0,1.0,0.0,0.0,1.0,1.0,0.0,0.0,1.0,1.0,1.0,0.0,0.0,3.0,0.0,0.0,0.0,0.0,O=C(O)CCNC(=O)c1ccc2c(c1)CCC2n1nc(-c2cc(Cl)cc(Cl)c2)cc1-c1ccc(Cl)cc1
CHEMBL3799820,Inactive,29.0,5.0,3.0,0.0,0.0,2.0,2.0,1.0,37.0,11.0,3.0,0.0,0.0,4.0,4.0,0.0,1.0,1.0,0.0,0.0,0.0,0.0,0.0,34.0,14.0,5.0,0.0,0.0,4.0,4.0,0.0,0.0,33.0,15.0,3.0,0.0,0.0,4.0,4.0,2.0,0.0,38.0,11.0,5.0,0.0,0.0,2.0,2.0,0.0,0.0,0.0,2.0,2.0,0.0,43.0,6.0,4.0,0.0,0.0,2.0,2.0,0.0,0.0,0.0,2.0,2.0,2.0,0.0,0.0,0.0,0.0,45.0,1.0,4.0,0.0,0.0,4.0,4.0,1.0,1.0,0.0,0.0,0.0,37.0,2.0,5.0,0.0,0.0,8.0,8.0,1.0,1.0,0.0,0.0,0.0,23.0,5.0,7.0,0.0,0.0,10.0,10.0,0.0,0.0,0.0,0.0,0.0,0.0,0.0,14.0,5.0,7.0,0.0,0.0,6.0,6.0,0.0,0.0,0.0,0.0,1.0,0.0,0.0,0.0,0.0,4.0,1.0,0.0,0.0,0.0,2.0,0.0,1.0,0.0,1.0,0.0,1.0,0.0,0.0,1.0,0.0,2.0,0.0,0.0,1.0,2.0,0.0,0.0,1.0,7.0,2.0,4.0,0.0,0.0,0.0,0.0,0.0,0.0,1.0,2.0,0.0,0.0,0.0,0.0,0.0,0.0,0.0,0.0,1.0,2.0,0.0,0.0,0.0,1.0,0.0,0.0,0.0,0.0,0.0,0.0,0.0,0.0,0.0,0.0,0.0,1.0,0.0,1.0,1.0,1.0,0.0,0.0,1.0,0.0,0.0,1.0,0.0,0.0,0.0,0.0,1.0,2.0,2.0,2.0,1.0,0.0,0.0,1.0,0.0,0.0,0.0,1.0,0.0,0.0,1.0,1.0,0.0,0.0,1.0,1.0,1.0,0.0,0.0,3.0,0.0,0.0,0.0,0.0,O=C(O)CCNC(=O)c1ccc2c(c1)CCC2n1nc(-c2cc(Cl)cc(Cl)c2)cc1-c1ccccc1
CHEMBL4228938,Inactive,30.0,7.0,3.0,0.0,0.0,2.0,2.0,1.0,39.0,14.0,3.0,0.0,0.0,4.0,4.0,0.0,1.0,1.0,0.0,0.0,0.0,0.0,0.0,38.0,17.0,5.0,0.0,0.0,4.0,4.0,0.0,0.0,39.0,15.0,3.0,0.0,0.0,4.0,4.0,2.0,0.0,43.0,12.0,4.0,0.0,0.0,2.0,2.0,0.0,0.0,0.0,2.0,2.0,0.0,48.0,8.0,3.0,0.0,0.0,4.0,4.0,1.0,0.0,0.0,2.0,2.0,2.0,0.0,0.0,0.0,0.0,47.0,6.0,5.0,0.0,0.0,4.0,4.0,2.0,1.0,0.0,0.0,0.0,41.0,5.0,5.0,0.0,0.0,8.0,8.0,1.0,1.0,0.0,0.0,0.0,31.0,9.0,5.0,0.0,0.0,8.0,8.0,0.0,0.0,0.0,0.0,0.0,0.0,0.0,21.0,10.0,6.0,0.0,0.0,8.0,8.0,0.0,0.0,0.0,0.0,1.0,1.0,0.0,0.0,0.0,2.0,0.0,0.0,0.0,0.0,1.0,0.0,1.0,2.0,1.0,0.0,1.0,0.0,0.0,1.0,0.0,2.0,0.0,1.0,1.0,2.0,0.0,0.0,1.0,7.0,2.0,3.0,0.0,0.0,0.0,0.0,0.0,0.0,1.0,1.0,0.0,0.0,0.0,0.0,0.0,0.0,0.0,0.0,1.0,1.0,0.0,0.0,0.0,0.0,0.0,0.0,0.0,0.0,0.0,0.0,0.0,0.0,0.0,0.0,0.0,1.0,0.0,1.0,1.0,1.0,0.0,0.0,1.0,0.0,0.0,1.0,0.0,0.0,0.0,0.0,1.0,2.0,2.0,2.0,1.0,0.0,0.0,1.0,0.0,0.0,0.0,1.0,0.0,0.0,1.0,1.0,0.0,0.0,1.0,1.0,1.0,0.0,0.0,3.0,0.0,0.0,0.0,0.0,Cc1c(-c2cc(Cl)cc(Cl)c2)nn(C(C)c2ccc(C(=O)NCCC(=O)O)cc2)c1-c1ccc2[nH]ccc2c1
CHEMBL3237905,Active,29.0,7.0,4.0,0.0,1.0,1.0,2.0,0.0,40.0,11.0,4.0,0.0,2.0,2.0,4.0,1.0,2.0,1.0,0.0,0.0,0.0,0.0,0.0,41.0,13.0,8.0,0.0,2.0,2.0,4.0,0.0,1.0,39.0,12.0,9.0,0.0,1.0,2.0,3.0,2.0,0.0,40.0,9.0,10.0,0.0,1.0,1.0,2.0,0.0,0.0,0.0,1.0,1.0,0.0,41.0,11.0,7.0,0.0,1.0,1.0,2.0,0.0,0.0,1.0,1.0,2.0,2.0,1.0,0.0,0.0,0.0,46.0,2.0,7.0,0.0,1.0,3.0,4.0,1.0,1.0,1.0,1.0,0.0,38.0,4.0,10.0,0.0,3.0,4.0,7.0,0.0,0.0,0.0,0.0,0.0,33.0,4.0,5.0,0.0,4.0,3.0,7.0,1.0,2.0,0.0,0.0,1.0,0.0,0.0,27.0,5.0,6.0,0.0,3.0,3.0,6.0,0.0,0.0,0.0,0.0,2.0,1.0,0.0,0.0,0.0,6.0,2.0,0.0,0.0,0.0,3.0,0.0,1.0,4.0,1.0,0.0,1.0,0.0,0.0,1.0,2.0,3.0,0.0,1.0,1.0,1.0,1.0,0.0,1.0,18.0,3.0,14.0,1.0,0.0,5.0,2.0,1.0,0.0,2.0,15.0,0.0,0.0,0.0,2.0,11.0,7.0,4.0,2.0,1.0,2.0,14.0,0.0,0.0,0.0,14.0,0.0,0.0,9.0,6.0,7.0,3.0,7.0,8.0,4.0,2.0,5.0,2.0,3.0,1.0,7.0,4.0,5.0,9.0,3.0,0.0,4.0,5.0,0.0,0.0,0.0,1.0,1.0,1.0,6.0,4.0,2.0,2.0,3.0,0.0,0.0,0.0,1.0,0.0,1.0,3.0,2.0,0.0,0.0,2.0,1.0,1.0,0.0,0.0,4.0,0.0,0.0,0.0,0.0,CC(c1ccc(C(=O)NCCC(=O)O)cc1)N1C(=O)C(c2ccc(F)c(Cl)c2)=NC12CCC(C(C)(C)C)CC2
CHEMBL4227364,Active,33.0,5.0,5.0,0.0,0.0,2.0,2.0,1.0,44.0,11.0,5.0,0.0,0.0,4.0,4.0,0.0,1.0,1.0,0.0,0.0,0.0,0.0,0.0,45.0,15.0,7.0,0.0,0.0,4.0,4.0,0.0,0.0,44.0,14.0,5.0,0.0,0.0,4.0,4.0,2.0,0.0,48.0,11.0,6.0,0.0,0.0,2.0,2.0,0.0,0.0,0.0,2.0,2.0,0.0,52.0,8.0,4.0,0.0,0.0,4.0,4.0,0.0,0.0,0.0,2.0,2.0,2.0,0.0,0.0,0.0,0.0,52.0,5.0,6.0,0.0,0.0,4.0,4.0,1.0,1.0,0.0,0.0,0.0,48.0,3.0,6.0,0.0,0.0,8.0,8.0,1.0,2.0,0.0,0.0,0.0,39.0,6.0,8.0,0.0,0.0,8.0,8.0,0.0,1.0,0.0,0.0,0.0,0.0,0.0,32.0,7.0,9.0,0.0,0.0,8.0,8.0,0.0,0.0,0.0,0.0,1.0,1.0,0.0,0.0,0.0,2.0,0.0,0.0,0.0,0.0,1.0,0.0,1.0,3.0,1.0,0.0,1.0,0.0,0.0,1.0,0.0,2.0,0.0,1.0,2.0,2.0,0.0,1.0,1.0,8.0,2.0,3.0,0.0,0.0,0.0,0.0,0.0,0.0,1.0,1.0,0.0,0.0,0.0,0.0,0.0,0.0,0.0,0.0,1.0,1.0,0.0,0.0,0.0,0.0,0.0,0.0,0.0,0.0,0.0,0.0,0.0,0.0,0.0,0.0,0.0,1.0,0.0,1.0,1.0,1.0,0.0,0.0,1.0,0.0,0.0,1.0,0.0,0.0,0.0,0.0,1.0,2.0,2.0,2.0,1.0,0.0,0.0,1.0,0.0,0.0,0.0,2.0,1.0,0.0,1.0,1.0,0.0,0.0,1.0,1.0,1.0,0.0,0.0,4.0,0.0,0.0,0.0,0.0,COc1ccc2cc(-c3c(C)c(-c4cc(Cl)cc(Cl)c4)nn3C(C)c3ccc(C(=O)NCCC(=O)O)cc3)ccc2c1
CHEMBL3656290,Inactive,21.0,7.0,4.0,0.0,0.0,2.0,2.0,0.0,27.0,10.0,4.0,0.0,0.0,4.0,4.0,1.0,2.0,1.0,0.0,0.0,0.0,0.0,0.0,28.0,8.0,8.0,0.0,0.0,4.0,4.0,0.0,1.0,21.0,9.0,8.0,0.0,0.0,4.0,4.0,2.0,0.0,24.0,7.0,7.0,0.0,0.0,2.0,2.0,0.0,0.0,0.0,2.0,2.0,0.0,26.0,5.0,6.0,0.0,0.0,2.0,2.0,0.0,0.0,0.0,2.0,2.0,2.0,2.0,0.0,0.0,0.0,21.0,4.0,7.0,0.0,0.0,6.0,6.0,0.0,0.0,0.0,0.0,0.0,17.0,1.0,5.0,0.0,0.0,2.0,2.0,1.0,1.0,0.0,0.0,0.0,15.0,4.0,5.0,0.0,0.0,2.0,2.0,0.0,0.0,0.0,0.0,0.0,0.0,0.0,12.0,4.0,5.0,0.0,0.0,4.0,4.0,1.0,2.0,0.0,1.0,0.0,0.0,0.0,0.0,0.0,4.0,0.0,0.0,0.0,0.0,2.0,0.0,1.0,2.0,1.0,0.0,1.0,0.0,0.0,1.0,1.0,3.0,0.0,1.0,0.0,2.0,0.0,0.0,1.0,11.0,3.0,6.0,1.0,0.0,0.0,2.0,1.0,0.0,2.0,2.0,0.0,0.0,0.0,0.0,0.0,0.0,0.0,0.0,1.0,2.0,0.0,0.0,0.0,0.0,0.0,0.0,0.0,0.0,0.0,0.0,0.0,0.0,0.0,0.0,0.0,1.0,0.0,1.0,1.0,7.0,4.0,5.0,9.0,3.0,0.0,4.0,5.0,0.0,0.0,0.0,1.0,2.0,2.0,6.0,4.0,2.0,2.0,3.0,0.0,0.0,0.0,1.0,0.0,0.0,3.0,2.0,0.0,0.0,1.0,1.0,1.0,0.0,0.0,4.0,0.0,0.0,0.0,0.0,CC1(C)N=C(c2cc(Cl)cc(Cl)c2)C(=O)N1CCc1ccc(C(=O)NCCC(=O)O)cc1
CHEMBL3656293,Inactive,28.0,7.0,4.0,0.0,3.0,0.0,3.0,0.0,37.0,10.0,4.0,0.0,3.0,0.0,3.0,1.0,2.0,1.0,0.0,0.0,3.0,3.0,3.0,37.0,12.0,8.0,0.0,6.0,0.0,6.0,0.0,1.0,32.0,13.0,8.0,0.0,6.0,0.0,6.0,2.0,0.0,36.0,10.0,9.0,0.0,6.0,0.0,6.0,0.0,0.0,0.0,0.0,0.0,0.0,40.0,6.0,9.0,0.0,3.0,0.0,3.0,0.0,0.0,3.0,0.0,3.0,2.0,0.0,0.0,0.0,0.0,40.0,4.0,8.0,0.0,3.0,0.0,3.0,0.0,0.0,3.0,3.0,0.0,37.0,1.0,5.0,0.0,9.0,0.0,9.0,1.0,1.0,0.0,0.0,0.0,30.0,4.0,5.0,0.0,9.0,0.0,9.0,0.0,0.0,0.0,0.0,0.0,0.0,0.0,22.0,4.0,5.0,0.0,9.0,0.0,9.0,1.0,2.0,0.0,1.0,2.0,0.0,0.0,1.0,0.0,9.0,2.0,0.0,0.0,0.0,6.0,3.0,1.0,1.0,2.0,1.0,1.0,0.0,0.0,1.0,2.0,3.0,0.0,1.0,0.0,0.0,3.0,0.0,1.0,17.0,3.0,12.0,1.0,0.0,1.0,2.0,1.0,0.0,2.0,10.0,0.0,0.0,0.0,0.0,3.0,3.0,4.0,2.0,1.0,2.0,10.0,0.0,0.0,0.0,10.0,0.0,0.0,5.0,2.0,3.0,1.0,2.0,4.0,4.0,2.0,5.0,2.0,3.0,1.0,8.0,4.0,5.0,12.0,3.0,0.0,4.0,7.0,2.0,2.0,0.0,1.0,0.0,0.0,7.0,5.0,2.0,3.0,3.0,0.0,1.0,0.0,1.0,0.0,3.0,3.0,2.0,1.0,1.0,2.0,1.0,1.0,1.0,0.0,4.0,0.0,0.0,0.0,0.0,CC1(C2CCCCC2)NC(c2cccc(C(F)(F)F)c2)C(=O)N1CCc1ccc(C(=O)NCCC(=O)O)cc1
CHEMBL3656296,Inactive,31.0,7.0,4.0,0.0,0.0,2.0,2.0,0.0,40.0,11.0,4.0,0.0,0.0,4.0,4.0,1.0,2.0,1.0,0.0,0.0,0.0,0.0,0.0,44.0,10.0,8.0,0.0,0.0,4.0,4.0,0.0,1.0,42.0,11.0,9.0,0.0,0.0,4.0,4.0,2.0,0.0,47.0,9.0,9.0,0.0,0.0,4.0,4.0,0.0,0.0,0.0,0.0,0.0,0.0,45.0,7.0,7.0,0.0,0.0,4.0,4.0,0.0,0.0,0.0,0.0,0.0,2.0,0.0,0.0,0.0,0.0,38.0,6.0,8.0,0.0,0.0,2.0,2.0,1.0,1.0,0.0,0.0,0.0,32.0,9.0,10.0,0.0,0.0,2.0,2.0,0.0,0.0,0.0,0.0,0.0,31.0,8.0,8.0,0.0,0.0,2.0,2.0,1.0,2.0,0.0,2.0,1.0,0.0,0.0,31.0,5.0,6.0,0.0,0.0,2.0,2.0,0.0,0.0,2.0,0.0,1.0,0.0,0.0,0.0,0.0,5.0,1.0,0.0,0.0,0.0,3.0,1.0,1.0,3.0,1.0,0.0,1.0,0.0,0.0,1.0,1.0,3.0,0.0,2.0,0.0,2.0,0.0,0.0,1.0,14.0,3.0,9.0,1.0,0.0,0.0,2.0,1.0,0.0,2.0,5.0,0.0,0.0,0.0,0.0,0.0,0.0,0.0,0.0,1.0,2.0,2.0,0.0,0.0,1.0,1.0,0.0,0.0,0.0,0.0,0.0,0.0,0.0,1.0,1.0,1.0,2.0,1.0,2.0,1.0,7.0,4.0,5.0,9.0,3.0,0.0,4.0,5.0,0.0,0.0,0.0,1.0,2.0,2.0,6.0,4.0,2.0,2.0,3.0,0.0,0.0,0.0,1.0,0.0,0.0,3.0,2.0,0.0,0.0,2.0,1.0,1.0,0.0,0.0,4.0,0.0,0.0,0.0,0.0,CCCCC(c1ccc(C(=O)NCCC(=O)O)cc1)N1C(=O)C(c2ccc(-c3cc(Cl)cc(Cl)c3)cc2)=NC1(C)C
CHEMBL3616673,Active,32.0,5.0,5.0,0.0,4.0,1.0,5.0,1.0,42.0,11.0,5.0,0.0,2.0,2.0,4.0,0.0,1.0,1.0,3.0,3.0,3.0,3.0,3.0,43.0,14.0,7.0,0.0,5.0,3.0,8.0,0.0,0.0,41.0,14.0,4.0,0.0,8.0,2.0,10.0,2.0,0.0,45.0,10.0,5.0,0.0,7.0,2.0,9.0,0.0,0.0,1.0,1.0,2.0,0.0,47.0,8.0,5.0,0.0,5.0,3.0,8.0,0.0,0.0,1.0,0.0,1.0,2.0,0.0,0.0,0.0,0.0,46.0,5.0,7.0,0.0,6.0,3.0,9.0,1.0,1.0,0.0,0.0,0.0,44.0,3.0,6.0,0.0,9.0,3.0,12.0,1.0,2.0,0.0,0.0,0.0,37.0,6.0,7.0,0.0,9.0,4.0,13.0,0.0,1.0,0.0,0.0,0.0,0.0,0.0,31.0,6.0,8.0,0.0,7.0,3.0,10.0,0.0,0.0,3.0,0.0,1.0,1.0,0.0,0.0,0.0,2.0,0.0,0.0,0.0,0.0,1.0,0.0,1.0,1.0,1.0,0.0,1.0,0.0,0.0,1.0,1.0,2.0,0.0,2.0,2.0,1.0,4.0,1.0,1.0,7.0,2.0,3.0,0.0,0.0,0.0,0.0,0.0,0.0,1.0,1.0,0.0,0.0,0.0,0.0,0.0,0.0,0.0,0.0,1.0,1.0,0.0,0.0,0.0,0.0,0.0,0.0,0.0,0.0,0.0,0.0,0.0,0.0,0.0,0.0,0.0,1.0,0.0,1.0,1.0,1.0,0.0,0.0,1.0,0.0,0.0,1.0,0.0,0.0,0.0,0.0,1.0,1.0,1.0,2.0,1.0,0.0,0.0,1.0,0.0,0.0,0.0,2.0,1.0,4.0,1.0,1.0,0.0,0.0,1.0,1.0,1.0,0.0,0.0,4.0,0.0,0.0,3.0,0.0,CC(c1ccc(C(=O)NCCC(=O)O)cc1)n1nc(-c2cc(F)ccc2Cl)c2ccc(-c3ccc(OC(F)(F)F)cc3)cc21
CHEMBL3616675,Active,33.0,6.0,6.0,0.0,3.0,1.0,4.0,1.0,44.0,12.0,6.0,0.0,0.0,2.0,2.0,0.0,2.0,1.0,3.0,3.0,3.0,3.0,3.0,46.0,16.0,9.0,0.0,3.0,2.0,5.0,0.0,0.0,43.0,18.0,7.0,0.0,6.0,2.0,8.0,2.0,0.0,47.0,13.0,7.0,0.0,6.0,2.0,8.0,1.0,1.0,0.0,1.0,1.0,0.0,50.0,10.0,7.0,0.0,3.0,2.0,5.0,1.0,1.0,0.0,2.0,2.0,2.0,1.0,0.0,0.0,0.0,49.0,8.0,10.0,0.0,3.0,3.0,6.0,1.0,1.0,0.0,0.0,0.0,47.0,6.0,9.0,0.0,6.0,3.0,9.0,1.0,2.0,0.0,0.0,0.0,41.0,9.0,10.0,0.0,6.0,3.0,9.0,0.0,1.0,0.0,0.0,0.0,0.0,0.0,34.0,10.0,12.0,0.0,3.0,4.0,7.0,0.0,0.0,3.0,0.0,1.0,1.0,0.0,0.0,0.0,2.0,0.0,0.0,0.0,0.0,1.0,0.0,1.0,1.0,1.0,0.0,1.0,0.0,1.0,1.0,1.0,3.0,1.0,2.0,2.0,1.0,3.0,1.0,1.0,8.0,3.0,3.0,0.0,0.0,0.0,0.0,0.0,0.0,1.0,1.0,0.0,0.0,0.0,0.0,0.0,0.0,0.0,0.0,1.0,1.0,0.0,0.0,0.0,0.0,0.0,0.0,0.0,0.0,0.0,0.0,0.0,0.0,0.0,0.0,0.0,1.0,0.0,1.0,1.0,1.0,0.0,0.0,1.0,0.0,0.0,1.0,0.0,0.0,0.0,0.0,1.0,1.0,1.0,3.0,1.0,0.0,0.0,1.0,0.0,0.0,0.0,2.0,1.0,3.0,2.0,2.0,0.0,0.0,2.0,1.0,1.0,0.0,0.0,5.0,0.0,0.0,3.0,0.0,CC(c1ccc(C(=O)NCCC(=O)O)cc1)n1nc(-c2cc(Cl)ccc2C(N)=O)c2ccc(-c3ccc(OC(F)(F)F)cc3)cc21
CHEMBL3616679,Active,30.0,7.0,7.0,0.0,3.0,0.0,3.0,1.0,41.0,13.0,6.0,0.0,0.0,0.0,0.0,0.0,2.0,1.0,3.0,3.0,3.0,3.0,3.0,42.0,17.0,10.0,0.0,3.0,0.0,3.0,0.0,0.0,43.0,14.0,6.0,0.0,6.0,0.0,6.0,3.0,0.0,45.0,12.0,7.0,0.0,6.0,0.0,6.0,1.0,1.0,0.0,0.0,0.0,0.0,46.0,12.0,8.0,0.0,3.0,0.0,3.0,0.0,0.0,0.0,0.0,0.0,2.0,0.0,0.0,0.0,0.0,46.0,8.0,10.0,0.0,3.0,0.0,3.0,1.0,1.0,0.0,0.0,0.0,44.0,6.0,9.0,0.0,6.0,0.0,6.0,1.0,2.0,0.0,0.0,0.0,36.0,10.0,11.0,0.0,6.0,0.0,6.0,0.0,1.0,0.0,0.0,0.0,0.0,0.0,32.0,9.0,11.0,0.0,3.0,0.0,3.0,0.0,0.0,3.0,0.0,1.0,1.0,0.0,0.0,0.0,2.0,0.0,0.0,0.0,0.0,1.0,0.0,1.0,2.0,1.0,0.0,1.0,0.0,0.0,1.0,1.0,2.0,0.0,2.0,1.0,0.0,3.0,2.0,1.0,8.0,2.0,3.0,0.0,0.0,0.0,0.0,0.0,0.0,1.0,1.0,0.0,0.0,0.0,0.0,0.0,0.0,0.0,0.0,1.0,1.0,0.0,0.0,0.0,0.0,0.0,0.0,0.0,0.0,0.0,0.0,0.0,0.0,0.0,0.0,0.0,1.0,0.0,1.0,1.0,1.0,0.0,0.0,1.0,0.0,0.0,1.0,0.0,0.0,0.0,0.0,1.0,0.0,0.0,2.0,1.0,0.0,0.0,1.0,0.0,0.0,0.0,3.0,1.0,3.0,1.0,1.0,0.0,0.0,1.0,1.0,1.0,0.0,0.0,5.0,0.0,0.0,3.0,0.0,COc1ncccc1-c1nn(C(C)c2ccc(C(=O)NCCC(=O)O)cc2)c2cc(-c3ccc(OC(F)(F)F)cc3)ccc12
CHEMBL3616699,Active,36.0,5.0,5.0,0.0,3.0,0.0,3.0,1.0,49.0,11.0,5.0,0.0,3.0,0.0,3.0,0.0,1.0,1.0,0.0,0.0,3.0,3.0,3.0,49.0,16.0,8.0,0.0,6.0,0.0,6.0,0.0,0.0,51.0,16.0,5.0,0.0,6.0,0.0,6.0,3.0,0.0,58.0,12.0,7.0,0.0,6.0,0.0,6.0,0.0,1.0,0.0,0.0,0.0,0.0,61.0,10.0,6.0,0.0,3.0,0.0,3.0,0.0,0.0,3.0,0.0,3.0,2.0,3.0,0.0,0.0,0.0,62.0,5.0,8.0,0.0,9.0,0.0,9.0,1.0,1.0,3.0,3.0,0.0,57.0,6.0,12.0,0.0,9.0,0.0,9.0,1.0,1.0,0.0,0.0,0.0,56.0,6.0,9.0,0.0,9.0,0.0,9.0,0.0,0.0,0.0,0.0,0.0,0.0,0.0,44.0,5.0,8.0,0.0,15.0,0.0,15.0,0.0,0.0,0.0,0.0,2.0,1.0,0.0,0.0,1.0,2.0,0.0,0.0,0.0,0.0,1.0,0.0,1.0,4.0,1.0,0.0,1.0,0.0,0.0,1.0,1.0,2.0,0.0,2.0,2.0,0.0,3.0,1.0,1.0,11.0,2.0,5.0,0.0,0.0,1.0,0.0,0.0,0.0,1.0,4.0,0.0,0.0,0.0,0.0,0.0,0.0,0.0,0.0,1.0,1.0,0.0,0.0,0.0,2.0,0.0,0.0,0.0,0.0,0.0,0.0,0.0,0.0,0.0,0.0,0.0,1.0,0.0,1.0,1.0,1.0,0.0,0.0,1.0,0.0,0.0,1.0,0.0,0.0,0.0,0.0,1.0,0.0,0.0,2.0,1.0,0.0,0.0,1.0,0.0,0.0,0.0,2.0,1.0,3.0,1.0,1.0,0.0,0.0,1.0,1.0,1.0,0.0,0.0,4.0,0.0,0.0,0.0,0.0,COc1ccc(C(F)(F)F)cc1-c1nn(C(c2ccc(C(=O)NCCC(=O)O)cc2)C(C)C)c2cc(-c3ccc(C)cc3)ccc12
CHEMBL3616580,Active,35.0,5.0,7.0,0.0,3.0,0.0,3.0,1.0,47.0,11.0,7.0,0.0,3.0,0.0,3.0,0.0,1.0,1.0,0.0,0.0,3.0,3.0,3.0,49.0,15.0,10.0,0.0,6.0,0.0,6.0,0.0,0.0,51.0,15.0,6.0,0.0,6.0,0.0,6.0,3.0,0.0,57.0,12.0,8.0,0.0,6.0,0.0,6.0,0.0,1.0,0.0,0.0,0.0,0.0,61.0,10.0,8.0,0.0,3.0,0.0,3.0,0.0,0.0,3.0,0.0,3.0,2.0,3.0,0.0,0.0,0.0,59.0,6.0,11.0,0.0,9.0,0.0,9.0,1.0,1.0,3.0,3.0,0.0,57.0,5.0,13.0,0.0,9.0,0.0,9.0,1.0,1.0,0.0,0.0,0.0,53.0,6.0,12.0,0.0,12.0,0.0,12.0,0.0,2.0,0.0,0.0,0.0,0.0,0.0,45.0,7.0,10.0,0.0,15.0,0.0,15.0,0.0,0.0,0.0,0.0,1.0,0.0,0.0,0.0,0.0,4.0,1.0,0.0,0.0,0.0,2.0,0.0,1.0,3.0,1.0,0.0,1.0,0.0,0.0,1.0,1.0,2.0,0.0,2.0,2.0,0.0,3.0,2.0,1.0,11.0,2.0,5.0,0.0,0.0,0.0,0.0,0.0,0.0,1.0,3.0,0.0,0.0,0.0,0.0,0.0,0.0,0.0,0.0,1.0,1.0,1.0,0.0,0.0,1.0,0.0,0.0,0.0,0.0,0.0,0.0,0.0,0.0,0.0,0.0,0.0,1.0,0.0,1.0,1.0,1.0,0.0,0.0,1.0,0.0,0.0,1.0,0.0,0.0,0.0,0.0,1.0,0.0,0.0,2.0,1.0,0.0,0.0,1.0,0.0,0.0,0.0,3.0,2.0,3.0,1.0,1.0,0.0,0.0,1.0,1.0,1.0,0.0,0.0,5.0,0.0,0.0,0.0,0.0,CCCC(c1ccc(C(=O)NCCC(=O)O)cc1)n1nc(-c2cc(C(F)(F)F)ccc2OC)c2cc(-c3ccc(OC)cc3)ccc21
CHEMBL3616589,Active,34.0,7.0,7.0,0.0,6.0,0.0,6.0,0.0,48.0,9.0,7.0,0.0,3.0,0.0,3.0,1.0,1.0,1.0,3.0,3.0,6.0,6.0,6.0,49.0,15.0,10.0,0.0,9.0,0.0,9.0,0.0,0.0,52.0,14.0,7.0,0.0,12.0,0.0,12.0,2.0,0.0,57.0,12.0,8.0,0.0,12.0,0.0,12.0,0.0,1.0,0.0,0.0,0.0,0.0,59.0,12.0,6.0,0.0,9.0,0.0,9.0,0.0,2.0,0.0,0.0,0.0,2.0,3.0,0.0,0.0,0.0,59.0,7.0,10.0,0.0,12.0,0.0,12.0,1.0,1.0,3.0,3.0,0.0,59.0,5.0,12.0,0.0,9.0,0.0,9.0,0.0,1.0,6.0,6.0,0.0,54.0,5.0,13.0,0.0,15.0,0.0,15.0,1.0,1.0,0.0,0.0,0.0,0.0,0.0,48.0,5.0,11.0,0.0,15.0,0.0,15.0,0.0,0.0,3.0,0.0,1.0,0.0,0.0,0.0,0.0,4.0,1.0,0.0,0.0,0.0,2.0,0.0,1.0,2.0,1.0,0.0,1.0,0.0,0.0,1.0,2.0,2.0,0.0,2.0,1.0,0.0,6.0,2.0,1.0,11.0,2.0,5.0,0.0,0.0,0.0,0.0,0.0,0.0,1.0,3.0,0.0,0.0,0.0,0.0,0.0,0.0,0.0,0.0,1.0,1.0,1.0,0.0,0.0,1.0,0.0,0.0,0.0,0.0,0.0,0.0,0.0,0.0,0.0,0.0,0.0,1.0,0.0,1.0,1.0,1.0,0.0,0.0,1.0,0.0,0.0,1.0,0.0,0.0,0.0,0.0,1.0,0.0,0.0,2.0,1.0,0.0,0.0,1.0,0.0,0.0,0.0,3.0,2.0,6.0,1.0,1.0,0.0,0.0,1.0,1.0,1.0,0.0,0.0,5.0,0.0,0.0,3.0,0.0,CCCC(c1ccc(C(=O)NCCC(=O)O)cc1)n1cc(-c2cc(C(F)(F)F)ccc2OC)c2ccc(-c3ccc(OC(F)(F)F)cc3)nc21
CHEMBL3237902,Active,33.0,7.0,4.0,0.0,0.0,0.0,0.0,0.0,44.0,11.0,4.0,0.0,0.0,0.0,0.0,1.0,2.0,1.0,0.0,0.0,0.0,0.0,0.0,47.0,13.0,8.0,0.0,0.0,0.0,0.0,0.0,1.0,45.0,12.0,9.0,0.0,0.0,0.0,0.0,2.0,0.0,45.0,10.0,10.0,0.0,0.0,0.0,0.0,0.0,0.0,0.0,0.0,0.0,0.0,44.0,14.0,8.0,0.0,0.0,0.0,0.0,0.0,0.0,0.0,0.0,0.0,2.0,0.0,0.0,0.0,0.0,51.0,4.0,9.0,0.0,0.0,0.0,0.0,1.0,1.0,0.0,0.0,0.0,48.0,4.0,10.0,0.0,0.0,0.0,0.0,0.0,0.0,0.0,0.0,0.0,44.0,4.0,5.0,0.0,0.0,0.0,0.0,1.0,2.0,0.0,0.0,1.0,0.0,0.0,36.0,5.0,6.0,0.0,0.0,0.0,0.0,0.0,0.0,0.0,0.0,3.0,1.0,0.0,0.0,0.0,7.0,2.0,0.0,0.0,0.0,3.0,0.0,1.0,4.0,1.0,0.0,1.0,0.0,0.0,1.0,2.0,3.0,0.0,1.0,0.0,0.0,0.0,0.0,1.0,21.0,3.0,17.0,1.0,0.0,6.0,2.0,1.0,0.0,2.0,16.0,0.0,0.0,0.0,2.0,11.0,7.0,4.0,2.0,1.0,4.0,14.0,0.0,0.0,1.0,14.0,0.0,0.0,9.0,6.0,7.0,3.0,7.0,8.0,4.0,2.0,5.0,2.0,3.0,1.0,7.0,4.0,5.0,9.0,3.0,0.0,4.0,5.0,0.0,0.0,0.0,1.0,0.0,0.0,6.0,4.0,2.0,2.0,3.0,0.0,0.0,0.0,1.0,0.0,0.0,3.0,2.0,0.0,0.0,2.0,1.0,1.0,0.0,0.0,4.0,0.0,0.0,0.0,0.0,CC(c1ccc(C(=O)NCCC(=O)O)cc1)N1C(=O)C(c2cccc(C3CC3)c2)=NC12CCC(C(C)(C)C)CC2
CHEMBL3238216,Active,33.0,9.0,2.0,0.0,1.0,1.0,2.0,3.0,47.0,15.0,2.0,0.0,2.0,2.0,4.0,4.0,2.0,0.0,0.0,0.0,0.0,0.0,0.0,46.0,15.0,6.0,0.0,2.0,2.0,4.0,2.0,1.0,46.0,15.0,9.0,0.0,2.0,2.0,4.0,0.0,0.0,51.0,17.0,8.0,0.0,1.0,1.0,2.0,0.0,2.0,1.0,1.0,2.0,0.0,60.0,18.0,6.0,0.0,1.0,1.0,2.0,0.0,2.0,1.0,1.0,2.0,0.0,2.0,0.0,0.0,0.0,67.0,13.0,6.0,0.0,3.0,3.0,6.0,1.0,1.0,0.0,0.0,0.0,56.0,11.0,7.0,0.0,4.0,4.0,8.0,0.0,0.0,0.0,0.0,0.0,52.0,9.0,4.0,0.0,4.0,4.0,8.0,1.0,2.0,0.0,0.0,1.0,0.0,0.0,41.0,11.0,7.0,0.0,4.0,4.0,8.0,2.0,0.0,0.0,0.0,2.0,0.0,0.0,0.0,0.0,7.0,3.0,0.0,0.0,0.0,3.0,0.0,0.0,6.0,1.0,0.0,1.0,0.0,0.0,0.0,3.0,2.0,0.0,1.0,0.0,1.0,1.0,0.0,0.0,21.0,2.0,17.0,1.0,0.0,9.0,2.0,1.0,0.0,1.0,22.0,0.0,0.0,0.0,3.0,14.0,7.0,4.0,2.0,0.0,2.0,18.0,0.0,0.0,1.0,17.0,0.0,0.0,9.0,6.0,7.0,3.0,7.0,11.0,5.0,3.0,5.0,3.0,3.0,0.0,6.0,4.0,5.0,8.0,3.0,0.0,3.0,5.0,0.0,0.0,0.0,0.0,1.0,1.0,6.0,4.0,2.0,2.0,3.0,0.0,0.0,0.0,0.0,0.0,1.0,3.0,2.0,0.0,0.0,2.0,0.0,0.0,0.0,0.0,2.0,0.0,0.0,0.0,0.0,CC(C)(C)CCC(c1ccc(C(=O)NCc2nn[nH]n2)cc1)N1C(=O)C(c2cc(F)cc(Cl)c2)=NC12CCC(C(C)(C)C)CC2
CHEMBL3238223,Active,34.0,9.0,2.0,0.0,3.0,0.0,3.0,3.0,49.0,15.0,2.0,0.0,3.0,0.0,3.0,4.0,2.0,0.0,0.0,0.0,3.0,3.0,3.0,48.0,15.0,6.0,0.0,6.0,0.0,6.0,2.0,1.0,48.0,15.0,9.0,0.0,6.0,0.0,6.0,0.0,0.0,52.0,18.0,8.0,0.0,6.0,0.0,6.0,0.0,2.0,0.0,0.0,0.0,0.0,61.0,19.0,7.0,0.0,3.0,0.0,3.0,0.0,2.0,3.0,0.0,3.0,0.0,0.0,0.0,0.0,0.0,70.0,13.0,6.0,0.0,3.0,0.0,3.0,1.0,1.0,3.0,3.0,0.0,60.0,11.0,7.0,0.0,9.0,0.0,9.0,0.0,0.0,0.0,0.0,0.0,56.0,9.0,4.0,0.0,12.0,0.0,12.0,1.0,2.0,0.0,0.0,1.0,0.0,0.0,45.0,11.0,7.0,0.0,12.0,0.0,12.0,2.0,0.0,0.0,0.0,2.0,0.0,0.0,0.0,0.0,7.0,3.0,0.0,0.0,0.0,3.0,0.0,0.0,6.0,1.0,0.0,1.0,0.0,0.0,0.0,4.0,2.0,0.0,1.0,0.0,0.0,3.0,0.0,0.0,22.0,2.0,17.0,1.0,0.0,9.0,2.0,1.0,0.0,1.0,22.0,0.0,0.0,0.0,3.0,14.0,7.0,4.0,2.0,0.0,2.0,18.0,0.0,0.0,1.0,17.0,0.0,0.0,9.0,6.0,7.0,3.0,7.0,11.0,5.0,3.0,5.0,3.0,3.0,0.0,6.0,4.0,5.0,8.0,3.0,0.0,3.0,5.0,0.0,0.0,0.0,0.0,0.0,0.0,6.0,4.0,2.0,2.0,3.0,0.0,0.0,0.0,0.0,0.0,3.0,3.0,2.0,0.0,0.0,2.0,0.0,0.0,0.0,0.0,2.0,0.0,0.0,0.0,0.0,CC(C)(C)CCC(c1ccc(C(=O)NCc2nn[nH]n2)cc1)N1C(=O)C(c2cccc(C(F)(F)F)c2)=NC12CCC(C(C)(C)C)CC2
CHEMBL3238232,Inactive,29.0,9.0,2.0,0.0,0.0,2.0,2.0,3.0,39.0,15.0,2.0,0.0,0.0,4.0,4.0,4.0,2.0,0.0,0.0,0.0,0.0,0.0,0.0,38.0,15.0,6.0,0.0,0.0,4.0,4.0,2.0,1.0,39.0,15.0,9.0,0.0,0.0,4.0,4.0,0.0,0.0,48.0,15.0,8.0,0.0,0.0,2.0,2.0,0.0,2.0,0.0,2.0,2.0,0.0,57.0,12.0,6.0,0.0,0.0,2.0,2.0,0.0,2.0,0.0,2.0,2.0,0.0,2.0,0.0,0.0,0.0,55.0,13.0,5.0,0.0,0.0,6.0,6.0,1.0,1.0,0.0,0.0,0.0,42.0,11.0,4.0,0.0,0.0,8.0,8.0,0.0,0.0,0.0,0.0,0.0,32.0,9.0,4.0,0.0,0.0,8.0,8.0,1.0,2.0,0.0,0.0,1.0,0.0,0.0,21.0,11.0,7.0,0.0,0.0,6.0,6.0,2.0,0.0,0.0,0.0,1.0,0.0,0.0,0.0,0.0,8.0,1.0,0.0,0.0,0.0,5.0,3.0,0.0,3.0,1.0,0.0,1.0,0.0,0.0,0.0,2.0,2.0,0.0,1.0,0.0,2.0,0.0,0.0,0.0,17.0,2.0,13.0,1.0,0.0,4.0,2.0,1.0,0.0,1.0,14.0,0.0,0.0,0.0,1.0,3.0,0.0,4.0,2.0,0.0,2.0,10.0,0.0,0.0,1.0,9.0,0.0,0.0,1.0,0.0,0.0,0.0,1.0,7.0,5.0,3.0,5.0,3.0,3.0,0.0,6.0,4.0,5.0,8.0,3.0,0.0,3.0,5.0,0.0,0.0,0.0,0.0,2.0,2.0,6.0,4.0,2.0,2.0,3.0,0.0,0.0,0.0,0.0,0.0,0.0,3.0,2.0,0.0,0.0,2.0,0.0,0.0,0.0,0.0,2.0,0.0,0.0,0.0,0.0,CC(C)(C)CCC(c1ccc(C(=O)NCc2nn[nH]n2)cc1)N1C(=O)C(c2cc(Cl)cc(Cl)c2)=NC12CCCCC2
CHEMBL3238243,Active,34.0,9.0,2.0,0.0,0.0,2.0,2.0,3.0,48.0,15.0,2.0,0.0,0.0,4.0,4.0,4.0,2.0,0.0,0.0,0.0,0.0,0.0,0.0,46.0,18.0,6.0,0.0,0.0,4.0,4.0,0.0,1.0,47.0,15.0,9.0,0.0,0.0,4.0,4.0,0.0,0.0,52.0,15.0,9.0,0.0,0.0,2.0,2.0,2.0,0.0,0.0,2.0,2.0,0.0,62.0,16.0,6.0,0.0,0.0,2.0,2.0,0.0,2.0,0.0,2.0,2.0,0.0,2.0,0.0,0.0,0.0,69.0,11.0,6.0,0.0,0.0,6.0,6.0,1.0,3.0,0.0,0.0,0.0,57.0,13.0,7.0,0.0,0.0,8.0,8.0,0.0,0.0,0.0,0.0,0.0,53.0,11.0,4.0,0.0,0.0,8.0,8.0,1.0,2.0,0.0,0.0,1.0,0.0,0.0,42.0,12.0,7.0,0.0,0.0,8.0,8.0,0.0,0.0,0.0,0.0,2.0,0.0,0.0,0.0,0.0,8.0,3.0,0.0,0.0,0.0,4.0,0.0,0.0,6.0,4.0,0.0,1.0,0.0,0.0,0.0,3.0,2.0,0.0,1.0,0.0,2.0,0.0,0.0,0.0,23.0,2.0,19.0,1.0,0.0,9.0,2.0,1.0,0.0,1.0,23.0,0.0,0.0,0.0,3.0,14.0,7.0,4.0,2.0,0.0,2.0,18.0,0.0,0.0,1.0,17.0,0.0,0.0,9.0,6.0,7.0,3.0,7.0,11.0,5.0,3.0,7.0,3.0,4.0,0.0,8.0,4.0,5.0,9.0,3.0,0.0,4.0,5.0,0.0,0.0,0.0,0.0,2.0,2.0,7.0,4.0,2.0,2.0,3.0,0.0,0.0,0.0,0.0,0.0,0.0,7.0,2.0,0.0,0.0,2.0,0.0,0.0,0.0,0.0,2.0,0.0,0.0,0.0,0.0,CC(C)(C)CCC(c1ccc(C(=O)NCCC2=NNNN2)cc1)N1C(=O)C(c2cc(Cl)cc(Cl)c2)=NC12CCC(C(C)(C)C)CC2
CHEMBL4224961,Active,34.0,5.0,5.0,0.0,3.0,0.0,3.0,1.0,46.0,11.0,5.0,0.0,3.0,0.0,3.0,0.0,1.0,1.0,0.0,0.0,3.0,3.0,3.0,47.0,15.0,7.0,0.0,6.0,0.0,6.0,0.0,0.0,46.0,14.0,5.0,0.0,6.0,0.0,6.0,2.0,0.0,49.0,12.0,6.0,0.0,6.0,0.0,6.0,0.0,0.0,0.0,0.0,0.0,0.0,54.0,9.0,4.0,0.0,3.0,0.0,3.0,0.0,0.0,3.0,0.0,3.0,2.0,0.0,0.0,0.0,0.0,54.0,5.0,6.0,0.0,6.0,0.0,6.0,1.0,1.0,3.0,3.0,0.0,52.0,3.0,6.0,0.0,6.0,0.0,6.0,1.0,2.0,0.0,0.0,0.0,43.0,6.0,8.0,0.0,12.0,0.0,12.0,0.0,1.0,0.0,0.0,0.0,0.0,0.0,36.0,7.0,9.0,0.0,12.0,0.0,12.0,0.0,0.0,0.0,0.0,1.0,1.0,0.0,0.0,0.0,2.0,0.0,0.0,0.0,0.0,1.0,0.0,1.0,3.0,1.0,0.0,1.0,0.0,0.0,1.0,1.0,2.0,0.0,1.0,2.0,0.0,3.0,1.0,1.0,9.0,2.0,3.0,0.0,0.0,0.0,0.0,0.0,0.0,1.0,1.0,0.0,0.0,0.0,0.0,0.0,0.0,0.0,0.0,1.0,1.0,0.0,0.0,0.0,0.0,0.0,0.0,0.0,0.0,0.0,0.0,0.0,0.0,0.0,0.0,0.0,1.0,0.0,1.0,1.0,1.0,0.0,0.0,1.0,0.0,0.0,1.0,0.0,0.0,0.0,0.0,1.0,0.0,0.0,2.0,1.0,0.0,0.0,1.0,0.0,0.0,0.0,2.0,1.0,3.0,1.0,1.0,0.0,0.0,1.0,1.0,1.0,0.0,0.0,4.0,0.0,0.0,0.0,0.0,COc1ccc2cc(-c3c(C)c(-c4cccc(C(F)(F)F)c4)nn3C(C)c3ccc(C(=O)NCCC(=O)O)cc3)ccc2c1
CHEMBL4227667,Inactive,34.0,5.0,5.0,0.0,3.0,0.0,3.0,1.0,46.0,11.0,5.0,0.0,3.0,0.0,3.0,0.0,1.0,1.0,0.0,0.0,3.0,3.0,3.0,48.0,15.0,7.0,0.0,6.0,0.0,6.0,0.0,0.0,46.0,15.0,5.0,0.0,9.0,0.0,9.0,2.0,0.0,50.0,12.0,6.0,0.0,6.0,0.0,6.0,0.0,0.0,3.0,0.0,3.0,0.0,54.0,8.0,4.0,0.0,6.0,0.0,6.0,0.0,0.0,3.0,0.0,3.0,2.0,0.0,0.0,0.0,0.0,56.0,5.0,6.0,0.0,6.0,0.0,6.0,1.0,1.0,0.0,0.0,0.0,52.0,3.0,6.0,0.0,12.0,0.0,12.0,1.0,2.0,0.0,0.0,0.0,43.0,6.0,8.0,0.0,12.0,0.0,12.0,0.0,1.0,0.0,0.0,0.0,0.0,0.0,35.0,7.0,9.0,0.0,12.0,0.0,12.0,0.0,0.0,0.0,0.0,1.0,1.0,0.0,0.0,0.0,2.0,0.0,0.0,0.0,0.0,1.0,0.0,1.0,3.0,1.0,0.0,1.0,0.0,0.0,1.0,1.0,2.0,0.0,1.0,2.0,0.0,3.0,1.0,1.0,9.0,2.0,3.0,0.0,0.0,0.0,0.0,0.0,0.0,1.0,1.0,0.0,0.0,0.0,0.0,0.0,0.0,0.0,0.0,1.0,1.0,0.0,0.0,0.0,0.0,0.0,0.0,0.0,0.0,0.0,0.0,0.0,0.0,0.0,0.0,0.0,1.0,0.0,1.0,1.0,1.0,0.0,0.0,1.0,0.0,0.0,1.0,0.0,0.0,0.0,0.0,1.0,0.0,0.0,2.0,1.0,0.0,0.0,1.0,0.0,0.0,0.0,2.0,1.0,3.0,1.0,1.0,0.0,0.0,1.0,1.0,1.0,0.0,0.0,4.0,0.0,0.0,0.0,0.0,COc1ccc2cc(-c3c(C)c(-c4ccccc4C(F)(F)F)nn3C(C)c3ccc(C(=O)NCCC(=O)O)cc3)ccc2c1
CHEMBL3237884,Inactive,28.0,7.0,4.0,0.0,0.0,2.0,2.0,0.0,39.0,10.0,4.0,0.0,0.0,4.0,4.0,1.0,2.0,1.0,0.0,0.0,0.0,0.0,0.0,37.0,13.0,8.0,0.0,0.0,4.0,4.0,0.0,1.0,34.0,11.0,8.0,0.0,0.0,4.0,4.0,2.0,0.0,36.0,9.0,10.0,0.0,0.0,2.0,2.0,0.0,0.0,0.0,2.0,2.0,0.0,37.0,11.0,7.0,0.0,0.0,2.0,2.0,0.0,0.0,0.0,2.0,2.0,2.0,2.0,0.0,0.0,0.0,43.0,1.0,6.0,0.0,0.0,6.0,6.0,1.0,1.0,0.0,0.0,0.0,33.0,4.0,10.0,0.0,0.0,6.0,6.0,0.0,0.0,0.0,0.0,0.0,32.0,4.0,5.0,0.0,0.0,6.0,6.0,1.0,2.0,0.0,0.0,1.0,0.0,0.0,26.0,5.0,6.0,0.0,0.0,6.0,6.0,0.0,0.0,0.0,0.0,1.0,0.0,0.0,0.0,0.0,7.0,2.0,0.0,0.0,0.0,3.0,0.0,1.0,3.0,1.0,0.0,1.0,0.0,0.0,1.0,2.0,3.0,0.0,1.0,0.0,2.0,0.0,0.0,1.0,17.0,3.0,13.0,1.0,0.0,5.0,2.0,1.0,0.0,2.0,15.0,0.0,0.0,0.0,2.0,11.0,7.0,4.0,2.0,1.0,1.0,14.0,0.0,0.0,0.0,14.0,0.0,0.0,9.0,6.0,7.0,3.0,7.0,8.0,4.0,2.0,5.0,2.0,3.0,1.0,6.0,3.0,2.0,7.0,2.0,0.0,3.0,2.0,0.0,0.0,0.0,1.0,2.0,2.0,6.0,4.0,2.0,2.0,3.0,0.0,0.0,0.0,1.0,0.0,0.0,3.0,2.0,0.0,0.0,2.0,1.0,1.0,0.0,0.0,4.0,0.0,0.0,0.0,0.0,CC(C)(C)C1CCC2(CC1)N=C(c1cc(Cl)cc(Cl)c1)C(=O)N2Cc1ccc(C(=O)NCCC(=O)O)cc1
CHEMBL3237909,Inactive,29.0,7.0,4.0,0.0,1.0,0.0,1.0,0.0,40.0,11.0,4.0,0.0,2.0,0.0,2.0,1.0,2.0,1.0,0.0,0.0,0.0,0.0,0.0,41.0,13.0,8.0,0.0,2.0,0.0,2.0,0.0,1.0,39.0,12.0,9.0,0.0,2.0,0.0,2.0,2.0,0.0,40.0,9.0,10.0,0.0,1.0,0.0,1.0,0.0,0.0,1.0,0.0,1.0,0.0,41.0,11.0,7.0,0.0,1.0,0.0,1.0,0.0,0.0,1.0,0.0,1.0,2.0,1.0,0.0,0.0,0.0,46.0,2.0,7.0,0.0,3.0,0.0,3.0,1.0,1.0,0.0,0.0,0.0,38.0,4.0,10.0,0.0,4.0,0.0,4.0,0.0,0.0,0.0,0.0,0.0,33.0,4.0,5.0,0.0,3.0,0.0,3.0,1.0,2.0,0.0,0.0,1.0,0.0,0.0,27.0,5.0,6.0,0.0,3.0,0.0,3.0,0.0,0.0,0.0,0.0,2.0,1.0,0.0,0.0,0.0,6.0,2.0,0.0,0.0,0.0,3.0,0.0,1.0,4.0,1.0,0.0,1.0,0.0,0.0,1.0,2.0,3.0,0.0,1.0,0.0,0.0,1.0,0.0,1.0,18.0,3.0,14.0,1.0,0.0,5.0,2.0,1.0,0.0,2.0,15.0,0.0,0.0,0.0,2.0,11.0,7.0,4.0,2.0,1.0,2.0,14.0,0.0,0.0,0.0,14.0,0.0,0.0,9.0,6.0,7.0,3.0,7.0,8.0,4.0,2.0,5.0,2.0,3.0,1.0,7.0,4.0,5.0,9.0,3.0,0.0,4.0,5.0,0.0,0.0,0.0,1.0,0.0,0.0,6.0,4.0,2.0,2.0,3.0,0.0,0.0,0.0,1.0,0.0,1.0,3.0,2.0,0.0,0.0,2.0,1.0,1.0,0.0,0.0,4.0,0.0,0.0,0.0,0.0,CC(c1ccc(C(=O)NCCC(=O)O)cc1)N1C(=O)C(c2cccc(F)c2)=NC12CCC(C(C)(C)C)CC2
CHEMBL3237889,Inactive,28.0,7.0,4.0,0.0,0.0,1.0,1.0,0.0,39.0,10.0,4.0,0.0,0.0,2.0,2.0,1.0,2.0,1.0,0.0,0.0,0.0,0.0,0.0,37.0,13.0,8.0,0.0,0.0,2.0,2.0,0.0,1.0,34.0,11.0,8.0,0.0,0.0,1.0,1.0,2.0,0.0,36.0,9.0,10.0,0.0,0.0,1.0,1.0,0.0,0.0,0.0,0.0,0.0,0.0,37.0,11.0,7.0,0.0,0.0,1.0,1.0,0.0,0.0,0.0,1.0,1.0,2.0,0.0,0.0,0.0,0.0,43.0,1.0,6.0,0.0,0.0,1.0,1.0,1.0,1.0,0.0,1.0,0.0,33.0,4.0,10.0,0.0,0.0,3.0,3.0,0.0,0.0,0.0,0.0,0.0,32.0,4.0,5.0,0.0,0.0,3.0,3.0,1.0,2.0,0.0,0.0,1.0,0.0,0.0,26.0,5.0,6.0,0.0,0.0,3.0,3.0,0.0,0.0,0.0,0.0,1.0,0.0,0.0,0.0,0.0,7.0,2.0,0.0,0.0,0.0,3.0,0.0,1.0,3.0,1.0,0.0,1.0,0.0,0.0,1.0,2.0,3.0,0.0,2.0,0.0,1.0,0.0,0.0,1.0,17.0,3.0,13.0,1.0,0.0,5.0,2.0,1.0,0.0,2.0,15.0,0.0,0.0,0.0,2.0,11.0,7.0,4.0,2.0,1.0,1.0,14.0,0.0,0.0,0.0,14.0,0.0,0.0,9.0,6.0,7.0,3.0,7.0,8.0,4.0,2.0,5.0,2.0,3.0,1.0,6.0,3.0,2.0,7.0,2.0,0.0,3.0,2.0,0.0,0.0,0.0,1.0,1.0,1.0,6.0,4.0,2.0,2.0,3.0,0.0,0.0,0.0,1.0,0.0,0.0,3.0,2.0,0.0,0.0,2.0,1.0,1.0,0.0,0.0,4.0,0.0,0.0,0.0,0.0,CC(C)(C)C1CCC2(CC1)N=C(c1ccc(Cl)cc1)C(=O)N2Cc1ccc(C(=O)NCCC(=O)O)cc1
CHEMBL3237920,Inactive,29.0,7.0,5.0,0.0,0.0,2.0,2.0,0.0,40.0,11.0,6.0,0.0,0.0,4.0,4.0,1.0,2.0,1.0,0.0,0.0,0.0,0.0,0.0,41.0,13.0,8.0,0.0,0.0,4.0,4.0,0.0,2.0,39.0,12.0,10.0,0.0,0.0,4.0,4.0,2.0,0.0,40.0,9.0,11.0,0.0,0.0,2.0,2.0,0.0,0.0,0.0,2.0,2.0,1.0,41.0,11.0,9.0,0.0,0.0,2.0,2.0,0.0,0.0,0.0,2.0,2.0,2.0,2.0,0.0,0.0,0.0,46.0,2.0,9.0,0.0,0.0,6.0,6.0,1.0,1.0,0.0,0.0,0.0,38.0,4.0,11.0,0.0,0.0,8.0,8.0,0.0,0.0,0.0,0.0,0.0,33.0,4.0,6.0,0.0,0.0,6.0,6.0,1.0,2.0,0.0,0.0,1.0,0.0,0.0,27.0,5.0,7.0,0.0,0.0,6.0,6.0,0.0,1.0,0.0,0.0,3.0,1.0,0.0,1.0,0.0,5.0,3.0,1.0,0.0,0.0,2.0,0.0,0.0,4.0,1.0,0.0,1.0,0.0,0.0,2.0,2.0,3.0,0.0,1.0,0.0,2.0,0.0,0.0,2.0,18.0,3.0,14.0,1.0,0.0,5.0,2.0,1.0,0.0,2.0,15.0,0.0,0.0,0.0,2.0,11.0,7.0,4.0,2.0,1.0,2.0,14.0,0.0,0.0,0.0,14.0,0.0,0.0,9.0,6.0,7.0,3.0,7.0,8.0,4.0,2.0,5.0,2.0,3.0,1.0,7.0,4.0,5.0,9.0,3.0,0.0,4.0,5.0,0.0,0.0,0.0,3.0,2.0,2.0,6.0,4.0,2.0,2.0,3.0,0.0,0.0,1.0,2.0,0.0,0.0,3.0,2.0,0.0,0.0,2.0,1.0,1.0,0.0,1.0,5.0,0.0,0.0,0.0,1.0,CC(c1ccc(C(=O)NCC(O)C(=O)O)cc1)N1C(=O)C(c2cc(Cl)cc(Cl)c2)=NC12CCC(C(C)(C)C)CC2
CHEMBL3656288,Inactive,25.0,9.0,2.0,0.0,1.0,0.0,1.0,3.0,34.0,15.0,2.0,0.0,2.0,0.0,2.0,4.0,2.0,0.0,0.0,0.0,0.0,0.0,0.0,35.0,11.0,6.0,0.0,2.0,0.0,2.0,2.0,1.0,33.0,13.0,9.0,0.0,2.0,0.0,2.0,0.0,0.0,39.0,15.0,6.0,0.0,1.0,0.0,1.0,0.0,2.0,1.0,0.0,1.0,0.0,44.0,12.0,5.0,0.0,1.0,0.0,1.0,0.0,2.0,1.0,0.0,1.0,0.0,1.0,0.0,0.0,0.0,40.0,13.0,5.0,0.0,3.0,0.0,3.0,1.0,1.0,0.0,0.0,0.0,27.0,11.0,4.0,0.0,2.0,0.0,2.0,0.0,0.0,0.0,0.0,0.0,25.0,9.0,4.0,0.0,3.0,0.0,3.0,1.0,2.0,0.0,0.0,1.0,0.0,0.0,20.0,9.0,5.0,0.0,3.0,0.0,3.0,2.0,0.0,0.0,0.0,1.0,0.0,0.0,0.0,0.0,3.0,1.0,0.0,0.0,0.0,1.0,0.0,0.0,5.0,1.0,0.0,1.0,0.0,0.0,0.0,2.0,2.0,0.0,1.0,0.0,0.0,1.0,0.0,0.0,14.0,2.0,9.0,1.0,0.0,4.0,2.0,1.0,0.0,1.0,9.0,0.0,0.0,0.0,1.0,3.0,0.0,0.0,0.0,0.0,2.0,4.0,0.0,0.0,1.0,3.0,0.0,0.0,0.0,0.0,0.0,0.0,0.0,3.0,1.0,1.0,1.0,1.0,1.0,0.0,6.0,4.0,5.0,8.0,3.0,0.0,3.0,5.0,0.0,0.0,0.0,0.0,0.0,0.0,6.0,4.0,2.0,2.0,3.0,0.0,0.0,0.0,0.0,0.0,1.0,3.0,2.0,0.0,0.0,2.0,0.0,0.0,0.0,0.0,2.0,0.0,0.0,0.0,0.0,CC(C)(C)CCC(c1ccc(C(=O)NCc2nnn[nH]2)cc1)N1C(=O)C(c2cccc(F)c2)=NC1(C)C
CHEMBL3656289,Inactive,27.0,7.0,4.0,0.0,0.0,2.0,2.0,0.0,35.0,10.0,4.0,0.0,0.0,4.0,4.0,1.0,2.0,1.0,0.0,0.0,0.0,0.0,0.0,35.0,12.0,8.0,0.0,0.0,4.0,4.0,0.0,1.0,30.0,13.0,8.0,0.0,0.0,4.0,4.0,2.0,0.0,35.0,9.0,9.0,0.0,0.0,2.0,2.0,0.0,0.0,0.0,2.0,2.0,0.0,39.0,5.0,8.0,0.0,0.0,2.0,2.0,0.0,0.0,0.0,2.0,2.0,2.0,2.0,0.0,0.0,0.0,37.0,4.0,8.0,0.0,0.0,6.0,6.0,0.0,0.0,0.0,0.0,0.0,34.0,1.0,5.0,0.0,0.0,6.0,6.0,1.0,1.0,0.0,0.0,0.0,27.0,4.0,5.0,0.0,0.0,6.0,6.0,0.0,0.0,0.0,0.0,0.0,0.0,0.0,19.0,4.0,5.0,0.0,0.0,6.0,6.0,1.0,2.0,0.0,1.0,1.0,0.0,0.0,0.0,0.0,9.0,2.0,0.0,0.0,0.0,6.0,3.0,1.0,1.0,1.0,0.0,1.0,0.0,0.0,1.0,1.0,3.0,0.0,1.0,0.0,2.0,0.0,0.0,1.0,16.0,3.0,12.0,1.0,0.0,1.0,2.0,1.0,0.0,2.0,10.0,0.0,0.0,0.0,0.0,3.0,3.0,4.0,2.0,1.0,2.0,10.0,0.0,0.0,0.0,10.0,0.0,0.0,5.0,2.0,3.0,1.0,2.0,4.0,4.0,2.0,5.0,2.0,3.0,1.0,7.0,4.0,5.0,9.0,3.0,0.0,4.0,5.0,0.0,0.0,0.0,1.0,2.0,2.0,6.0,4.0,2.0,2.0,3.0,0.0,0.0,0.0,1.0,0.0,0.0,3.0,2.0,0.0,0.0,1.0,1.0,1.0,0.0,0.0,4.0,0.0,0.0,0.0,0.0,CC1(C2CCCCC2)N=C(c2cc(Cl)cc(Cl)c2)C(=O)N1CCc1ccc(C(=O)NCCC(=O)O)cc1
CHEMBL3656297,Inactive,23.0,7.0,4.0,0.0,0.0,2.0,2.0,0.0,30.0,11.0,4.0,0.0,0.0,4.0,4.0,1.0,2.0,1.0,0.0,0.0,0.0,0.0,0.0,32.0,11.0,8.0,0.0,0.0,4.0,4.0,0.0,1.0,34.0,10.0,9.0,0.0,0.0,4.0,4.0,2.0,0.0,38.0,9.0,10.0,0.0,0.0,2.0,2.0,0.0,0.0,0.0,2.0,2.0,0.0,31.0,5.0,6.0,0.0,0.0,2.0,2.0,0.0,0.0,0.0,2.0,2.0,2.0,2.0,0.0,0.0,0.0,28.0,2.0,6.0,0.0,0.0,6.0,6.0,1.0,1.0,0.0,0.0,0.0,21.0,6.0,9.0,0.0,0.0,4.0,4.0,0.0,0.0,0.0,0.0,0.0,17.0,4.0,5.0,0.0,0.0,8.0,8.0,1.0,2.0,0.0,0.0,1.0,0.0,0.0,14.0,3.0,4.0,0.0,0.0,4.0,4.0,0.0,0.0,0.0,0.0,2.0,1.0,0.0,0.0,1.0,2.0,0.0,0.0,0.0,0.0,1.0,0.0,1.0,4.0,1.0,0.0,1.0,0.0,0.0,1.0,1.0,3.0,0.0,1.0,0.0,2.0,0.0,0.0,1.0,13.0,3.0,8.0,1.0,0.0,1.0,2.0,1.0,0.0,2.0,5.0,0.0,0.0,0.0,0.0,0.0,0.0,0.0,0.0,1.0,2.0,0.0,0.0,0.0,2.0,0.0,0.0,0.0,0.0,0.0,0.0,0.0,0.0,0.0,0.0,0.0,3.0,2.0,3.0,1.0,7.0,4.0,5.0,9.0,3.0,0.0,4.0,5.0,0.0,0.0,0.0,1.0,2.0,2.0,6.0,4.0,2.0,2.0,3.0,0.0,0.0,0.0,1.0,0.0,0.0,3.0,2.0,0.0,0.0,2.0,1.0,1.0,0.0,0.0,4.0,0.0,0.0,0.0,0.0,CC(C)C(c1ccc(C(=O)NCCC(=O)O)cc1)N1C(=O)C(c2cc(Cl)cc(Cl)c2)=NC1(C)C
CHEMBL4114081,Active,31.0,3.0,3.0,2.0,0.0,2.0,2.0,0.0,42.0,3.0,3.0,3.0,0.0,4.0,4.0,0.0,1.0,1.0,0.0,0.0,0.0,0.0,0.0,44.0,5.0,5.0,4.0,0.0,4.0,4.0,0.0,0.0,49.0,4.0,3.0,3.0,0.0,4.0,4.0,2.0,0.0,54.0,4.0,4.0,4.0,0.0,3.0,3.0,0.0,0.0,0.0,1.0,1.0,0.0,56.0,2.0,3.0,5.0,0.0,4.0,4.0,0.0,0.0,0.0,0.0,0.0,2.0,0.0,0.0,0.0,0.0,47.0,4.0,6.0,4.0,0.0,8.0,8.0,0.0,0.0,0.0,0.0,0.0,34.0,7.0,7.0,1.0,0.0,10.0,10.0,0.0,0.0,0.0,0.0,0.0,21.0,10.0,7.0,1.0,0.0,9.0,9.0,0.0,0.0,0.0,0.0,0.0,0.0,0.0,15.0,8.0,6.0,0.0,0.0,4.0,4.0,0.0,0.0,0.0,0.0,2.0,0.0,0.0,0.0,0.0,4.0,1.0,0.0,0.0,0.0,2.0,0.0,1.0,1.0,1.0,0.0,1.0,0.0,0.0,1.0,0.0,2.0,0.0,2.0,0.0,2.0,0.0,0.0,1.0,10.0,2.0,6.0,0.0,0.0,0.0,0.0,0.0,0.0,1.0,4.0,0.0,0.0,0.0,0.0,0.0,0.0,0.0,0.0,1.0,3.0,2.0,0.0,0.0,2.0,1.0,0.0,0.0,0.0,0.0,0.0,0.0,0.0,0.0,0.0,0.0,1.0,0.0,1.0,1.0,1.0,0.0,0.0,1.0,0.0,0.0,1.0,0.0,0.0,0.0,0.0,1.0,2.0,2.0,2.0,1.0,0.0,0.0,1.0,0.0,0.0,0.0,1.0,0.0,0.0,2.0,1.0,0.0,0.0,1.0,1.0,1.0,0.0,0.0,3.0,0.0,0.0,0.0,0.0,CCCC(c1ccc(C(=O)NCCC(=O)O)cc1)C(c1ccc(Cl)cc1)c1csc2c(C#N)cc(Cl)cc12
CHEMBL4850520,Inactive,111.0,62.0,40.0,2.0,0.0,0.0,0.0,0.0,128.0,81.0,44.0,1.0,0.0,0.0,0.0,6.0,27.0,3.0,0.0,0.0,0.0,0.0,0.0,142.0,58.0,65.0,1.0,0.0,0.0,0.0,24.0,29.0,131.0,98.0,106.0,1.0,0.0,0.0,0.0,12.0,5.0,146.0,111.0,82.0,1.0,0.0,0.0,0.0,6.0,33.0,0.0,0.0,0.0,35.0,181.0,75.0,105.0,2.0,0.0,0.0,0.0,29.0,36.0,0.0,0.0,0.0,9.0,0.0,0.0,0.0,0.0,187.0,108.0,143.0,3.0,0.0,0.0,0.0,6.0,19.0,0.0,0.0,7.0,203.0,120.0,107.0,3.0,0.0,0.0,0.0,10.0,40.0,0.0,0.0,40.0,225.0,85.0,127.0,4.0,0.0,0.0,0.0,28.0,39.0,0.0,0.0,11.0,0.0,0.0,214.0,120.0,154.0,3.0,0.0,0.0,0.0,6.0,22.0,0.0,8.0,29.0,6.0,23.0,24.0,3.0,30.0,22.0,20.0,20.0,19.0,10.0,4.0,6.0,10.0,25.0,23.0,23.0,23.0,8.0,10.0,0.0,30.0,4.0,2.0,0.0,0.0,0.0,0.0,10.0,101.0,30.0,74.0,27.0,23.0,3.0,24.0,23.0,23.0,30.0,53.0,27.0,23.0,23.0,0.0,3.0,0.0,16.0,16.0,30.0,4.0,26.0,19.0,22.0,4.0,10.0,11.0,11.0,1.0,0.0,0.0,0.0,0.0,15.0,31.0,9.0,46.0,0.0,16.0,8.0,78.0,0.0,0.0,71.0,46.0,46.0,46.0,46.0,23.0,23.0,5.0,10.0,0.0,0.0,58.0,25.0,23.0,23.0,23.0,0.0,23.0,5.0,8.0,0.0,0.0,35.0,27.0,24.0,24.0,0.0,4.0,8.0,24.0,5.0,40.0,4.0,23.0,0.0,5.0,CSCCC(NC(=O)C(CC(C)C)NC(=O)C(Cc1c[nH]c2ccccc12)NC(=O)C(CCC(N)=O)NC(=O)C(NC(=O)C(Cc1ccccc1)NC(=O)C(CC(=O)O)NC(=O)C(CCC(N)=O)NC(=O)C(C)NC(=O)C(CCCNC(=N)N)NC(=O)C(CCCNC(=N)N)NC(=O)C(CO)NC(=O)C(CC(=O)O)NC(=O)C(CC(C)C)NC(=O)C(Cc1ccc(O)cc1)NC(=O)C(CCCCN)NC(=O)C(CO)NC(=O)C(Cc1ccc(O)cc1)NC(=O)C(CC(=O)O)NC(=O)C(CO)NC(=O)C(NC(=O)C(N)Cc1ccccc1)C(C)O)C(C)C)C(=O)NC(CC(N)=O)C(=O)NC(C(N)=O)C(C)O
CHEMBL4867132,Active,111.0,61.0,41.0,2.0,0.0,0.0,0.0,0.0,128.0,79.0,46.0,1.0,0.0,0.0,0.0,6.0,27.0,3.0,0.0,0.0,0.0,0.0,0.0,142.0,57.0,66.0,1.0,0.0,0.0,0.0,23.0,29.0,131.0,95.0,109.0,1.0,0.0,0.0,0.0,12.0,5.0,146.0,107.0,86.0,1.0,0.0,0.0,0.0,6.0,33.0,0.0,0.0,0.0,35.0,181.0,73.0,107.0,2.0,0.0,0.0,0.0,28.0,35.0,0.0,0.0,0.0,11.0,0.0,0.0,0.0,0.0,187.0,107.0,144.0,3.0,0.0,0.0,0.0,6.0,19.0,0.0,0.0,7.0,203.0,118.0,109.0,3.0,0.0,0.0,0.0,10.0,40.0,0.0,0.0,40.0,225.0,85.0,127.0,4.0,0.0,0.0,0.0,27.0,38.0,0.0,0.0,13.0,0.0,0.0,214.0,119.0,155.0,3.0,0.0,0.0,0.0,6.0,22.0,0.0,8.0,29.0,6.0,23.0,24.0,3.0,30.0,22.0,20.0,20.0,19.0,10.0,4.0,6.0,10.0,25.0,23.0,23.0,23.0,7.0,11.0,0.0,30.0,4.0,2.0,0.0,0.0,0.0,0.0,11.0,101.0,30.0,74.0,27.0,23.0,3.0,23.0,23.0,23.0,30.0,53.0,27.0,23.0,23.0,0.0,3.0,0.0,16.0,16.0,30.0,4.0,26.0,19.0,22.0,4.0,10.0,11.0,11.0,1.0,0.0,0.0,0.0,0.0,15.0,31.0,9.0,46.0,0.0,16.0,8.0,76.0,0.0,0.0,71.0,46.0,46.0,46.0,46.0,23.0,23.0,7.0,12.0,0.0,0.0,57.0,25.0,23.0,23.0,23.0,0.0,23.0,6.0,9.0,0.0,0.0,34.0,27.0,23.0,23.0,0.0,4.0,8.0,23.0,6.0,41.0,4.0,23.0,0.0,5.0,CSCCC(NC(=O)C(CC(C)C)NC(=O)C(Cc1c[nH]c2ccccc12)NC(=O)C(CCC(N)=O)NC(=O)C(NC(=O)C(Cc1ccccc1)NC(=O)C(CC(=O)O)NC(=O)C(CCC(N)=O)NC(=O)C(C)NC(=O)C(CCCNC(=N)N)NC(=O)C(CCCNC(=N)N)NC(=O)C(CO)NC(=O)C(CC(=O)O)NC(=O)C(CC(C)C)NC(=O)C(Cc1ccc(O)cc1)NC(=O)C(CCCCN)NC(=O)C(CO)NC(=O)C(Cc1ccc(O)cc1)NC(=O)C(CC(=O)O)NC(=O)C(CO)NC(=O)C(NC(=O)C(O)Cc1ccccc1)C(C)O)C(C)C)C(=O)NC(CC(N)=O)C(=O)NC(C(N)=O)C(C)O
CHEMBL4227099,Inactive,30.0,8.0,3.0,0.0,0.0,2.0,2.0,1.0,41.0,14.0,3.0,0.0,0.0,4.0,4.0,0.0,1.0,1.0,0.0,0.0,0.0,0.0,0.0,41.0,17.0,5.0,0.0,0.0,4.0,4.0,0.0,0.0,41.0,15.0,3.0,0.0,0.0,4.0,4.0,2.0,0.0,44.0,12.0,4.0,0.0,0.0,2.0,2.0,0.0,0.0,0.0,2.0,2.0,0.0,49.0,8.0,3.0,0.0,0.0,4.0,4.0,1.0,0.0,0.0,2.0,2.0,2.0,0.0,0.0,0.0,0.0,48.0,7.0,5.0,0.0,0.0,4.0,4.0,2.0,1.0,0.0,0.0,0.0,44.0,6.0,5.0,0.0,0.0,8.0,8.0,1.0,1.0,0.0,0.0,0.0,34.0,9.0,5.0,0.0,0.0,8.0,8.0,0.0,0.0,0.0,0.0,0.0,0.0,0.0,25.0,10.0,6.0,0.0,0.0,8.0,8.0,0.0,0.0,0.0,0.0,1.0,1.0,0.0,0.0,0.0,2.0,0.0,0.0,0.0,0.0,1.0,0.0,1.0,3.0,1.0,0.0,1.0,0.0,0.0,1.0,0.0,2.0,0.0,1.0,1.0,2.0,0.0,0.0,1.0,8.0,2.0,3.0,0.0,0.0,0.0,0.0,0.0,0.0,1.0,1.0,0.0,0.0,0.0,0.0,0.0,0.0,0.0,0.0,1.0,1.0,0.0,0.0,0.0,0.0,0.0,0.0,0.0,0.0,0.0,0.0,0.0,0.0,0.0,0.0,0.0,1.0,0.0,1.0,1.0,1.0,0.0,0.0,1.0,0.0,0.0,1.0,0.0,0.0,0.0,0.0,1.0,2.0,2.0,2.0,1.0,0.0,0.0,1.0,0.0,0.0,0.0,1.0,0.0,0.0,1.0,1.0,0.0,0.0,1.0,1.0,1.0,0.0,0.0,3.0,0.0,0.0,0.0,0.0,Cc1c(-c2cc(Cl)cc(Cl)c2)nn(C(C)c2ccc(C(=O)NCCC(=O)O)cc2)c1-c1ccc2c(ccn2C)c1
CHEMBL4227967,Inactive,32.0,5.0,3.0,0.0,0.0,2.0,2.0,1.0,42.0,10.0,3.0,0.0,0.0,4.0,4.0,0.0,1.0,1.0,0.0,0.0,0.0,0.0,0.0,41.0,14.0,5.0,0.0,0.0,4.0,4.0,0.0,0.0,39.0,15.0,3.0,0.0,0.0,4.0,4.0,2.0,0.0,44.0,13.0,4.0,0.0,0.0,2.0,2.0,0.0,0.0,0.0,2.0,2.0,0.0,48.0,8.0,3.0,0.0,0.0,4.0,4.0,0.0,0.0,0.0,2.0,2.0,2.0,0.0,0.0,0.0,0.0,49.0,2.0,4.0,0.0,0.0,4.0,4.0,1.0,1.0,0.0,0.0,0.0,46.0,2.0,5.0,0.0,0.0,6.0,6.0,1.0,1.0,0.0,0.0,0.0,36.0,5.0,5.0,0.0,0.0,10.0,10.0,0.0,0.0,0.0,0.0,0.0,0.0,0.0,23.0,6.0,6.0,0.0,0.0,10.0,10.0,0.0,0.0,0.0,0.0,0.0,0.0,0.0,0.0,0.0,3.0,0.0,0.0,0.0,0.0,1.0,0.0,1.0,1.0,1.0,0.0,1.0,0.0,0.0,1.0,0.0,2.0,0.0,1.0,0.0,2.0,0.0,0.0,1.0,6.0,2.0,2.0,0.0,0.0,0.0,0.0,0.0,0.0,1.0,1.0,0.0,0.0,0.0,0.0,0.0,0.0,0.0,0.0,1.0,0.0,0.0,0.0,0.0,0.0,0.0,0.0,0.0,0.0,0.0,0.0,0.0,0.0,0.0,0.0,0.0,1.0,0.0,1.0,1.0,1.0,0.0,0.0,1.0,0.0,0.0,1.0,0.0,0.0,0.0,0.0,1.0,2.0,2.0,2.0,1.0,0.0,0.0,1.0,0.0,0.0,0.0,1.0,0.0,0.0,1.0,1.0,0.0,0.0,1.0,1.0,1.0,0.0,0.0,3.0,0.0,0.0,0.0,0.0,Cc1c(-c2cc(Cl)cc(Cl)c2)nn(Cc2ccc(C(=O)NCCC(=O)O)cc2)c1-c1cccc2ccccc12
CHEMBL3797782,Inactive,34.0,5.0,3.0,0.0,0.0,2.0,2.0,1.0,45.0,11.0,3.0,0.0,0.0,4.0,4.0,0.0,1.0,1.0,0.0,0.0,0.0,0.0,0.0,44.0,14.0,5.0,0.0,0.0,4.0,4.0,0.0,0.0,42.0,16.0,3.0,0.0,0.0,4.0,4.0,2.0,0.0,45.0,14.0,5.0,0.0,0.0,2.0,2.0,0.0,0.0,0.0,2.0,2.0,0.0,51.0,9.0,4.0,0.0,0.0,2.0,2.0,0.0,0.0,0.0,2.0,2.0,2.0,0.0,0.0,0.0,0.0,58.0,2.0,4.0,0.0,0.0,4.0,4.0,1.0,1.0,0.0,0.0,0.0,54.0,2.0,5.0,0.0,0.0,8.0,8.0,1.0,1.0,0.0,0.0,0.0,38.0,5.0,7.0,0.0,0.0,12.0,12.0,0.0,0.0,0.0,0.0,0.0,0.0,0.0,23.0,5.0,7.0,0.0,0.0,10.0,10.0,0.0,0.0,0.0,0.0,1.0,0.0,0.0,0.0,0.0,4.0,1.0,0.0,0.0,0.0,2.0,0.0,1.0,0.0,1.0,0.0,1.0,0.0,0.0,1.0,0.0,2.0,0.0,0.0,1.0,2.0,0.0,0.0,1.0,7.0,2.0,4.0,0.0,0.0,0.0,0.0,0.0,0.0,1.0,2.0,0.0,0.0,0.0,0.0,0.0,0.0,0.0,0.0,1.0,2.0,0.0,0.0,0.0,1.0,0.0,0.0,0.0,0.0,0.0,0.0,0.0,0.0,0.0,0.0,0.0,1.0,0.0,1.0,1.0,1.0,0.0,0.0,1.0,0.0,0.0,1.0,0.0,0.0,0.0,0.0,1.0,2.0,2.0,2.0,1.0,0.0,0.0,1.0,0.0,0.0,0.0,1.0,0.0,0.0,1.0,1.0,0.0,0.0,1.0,1.0,1.0,0.0,0.0,3.0,0.0,0.0,0.0,0.0,O=C(O)CCNC(=O)c1ccc2c(c1)CCC2n1nc(-c2cc(Cl)cc(Cl)c2)cc1-c1cccc2ccccc12
CHEMBL3898076,Active,32.0,3.0,5.0,2.0,3.0,0.0,3.0,0.0,45.0,3.0,5.0,3.0,0.0,0.0,0.0,0.0,1.0,1.0,3.0,3.0,3.0,3.0,3.0,48.0,5.0,7.0,4.0,3.0,0.0,3.0,0.0,0.0,54.0,4.0,4.0,3.0,6.0,0.0,6.0,2.0,0.0,57.0,5.0,5.0,5.0,6.0,0.0,6.0,0.0,0.0,0.0,0.0,0.0,0.0,59.0,2.0,5.0,5.0,3.0,0.0,3.0,0.0,0.0,0.0,0.0,0.0,2.0,0.0,0.0,0.0,0.0,53.0,4.0,10.0,4.0,3.0,0.0,3.0,0.0,0.0,0.0,0.0,0.0,43.0,7.0,12.0,1.0,6.0,0.0,6.0,0.0,0.0,0.0,0.0,0.0,30.0,10.0,12.0,2.0,12.0,0.0,12.0,0.0,0.0,0.0,0.0,0.0,0.0,0.0,21.0,8.0,10.0,0.0,15.0,0.0,15.0,0.0,0.0,0.0,0.0,2.0,0.0,0.0,0.0,0.0,4.0,1.0,0.0,0.0,0.0,2.0,0.0,1.0,2.0,1.0,0.0,1.0,0.0,0.0,1.0,1.0,2.0,0.0,2.0,0.0,0.0,3.0,1.0,1.0,12.0,2.0,6.0,0.0,0.0,0.0,0.0,0.0,0.0,1.0,4.0,0.0,0.0,0.0,0.0,0.0,0.0,0.0,0.0,1.0,3.0,2.0,0.0,0.0,2.0,1.0,0.0,0.0,0.0,0.0,0.0,0.0,0.0,0.0,0.0,0.0,1.0,0.0,1.0,1.0,1.0,0.0,0.0,1.0,0.0,0.0,1.0,0.0,0.0,0.0,0.0,1.0,0.0,0.0,2.0,1.0,0.0,0.0,1.0,0.0,0.0,0.0,2.0,1.0,3.0,2.0,1.0,0.0,0.0,1.0,1.0,1.0,0.0,0.0,4.0,0.0,0.0,3.0,0.0,CCCC(c1ccc(C(=O)NCCC(=O)O)cc1)C(c1ccc(OC(F)(F)F)cc1)c1csc2c(C#N)cc(C)cc12
CHEMBL4846293,Inactive,121.0,72.0,47.0,2.0,0.0,0.0,0.0,0.0,139.0,93.0,52.0,1.0,0.0,0.0,0.0,6.0,32.0,3.0,0.0,0.0,0.0,0.0,0.0,158.0,63.0,75.0,1.0,0.0,0.0,0.0,28.0,35.0,147.0,111.0,119.0,1.0,0.0,0.0,0.0,14.0,7.0,163.0,125.0,98.0,1.0,0.0,0.0,0.0,7.0,36.0,0.0,0.0,0.0,38.0,204.0,82.0,121.0,2.0,0.0,0.0,0.0,34.0,43.0,0.0,0.0,0.0,10.0,0.0,0.0,0.0,0.0,209.0,124.0,160.0,3.0,0.0,0.0,0.0,6.0,24.0,0.0,0.0,12.0,225.0,137.0,127.0,3.0,0.0,0.0,0.0,11.0,43.0,0.0,0.0,44.0,255.0,92.0,141.0,4.0,0.0,0.0,0.0,33.0,48.0,0.0,0.0,13.0,0.0,0.0,243.0,134.0,171.0,3.0,0.0,0.0,0.0,6.0,26.0,0.0,13.0,32.0,7.0,25.0,26.0,3.0,36.0,23.0,21.0,20.0,19.0,12.0,4.0,9.0,11.0,28.0,25.0,26.0,24.0,9.0,12.0,0.0,35.0,5.0,2.0,0.0,0.0,0.0,0.0,12.0,116.0,35.0,84.0,32.0,27.0,3.0,26.0,25.0,25.0,35.0,58.0,30.0,26.0,23.0,0.0,3.0,0.0,17.0,17.0,33.0,4.0,28.0,21.0,23.0,4.0,11.0,13.0,13.0,1.0,0.0,0.0,0.0,0.0,17.0,34.0,10.0,51.0,2.0,18.0,10.0,90.0,3.0,3.0,85.0,53.0,49.0,53.0,54.0,28.0,28.0,6.0,13.0,0.0,0.0,68.0,31.0,28.0,25.0,28.0,0.0,28.0,6.0,10.0,0.0,0.0,40.0,32.0,28.0,28.0,0.0,4.0,10.0,28.0,7.0,47.0,4.0,27.0,0.0,6.0,CSCCC(NC(=O)C(CC(C)C)NC(=O)C(Cc1c[nH]c2ccccc12)NC(=O)C(CCC(N)=O)NC(=O)C(NC(=O)C(Cc1ccccc1)NC(=O)C(CC(=O)O)NC(=O)C(CCC(N)=O)NC(=O)C(C)NC(=O)C(CCCNC(=N)N)NC(=O)C(CCCNC(=N)N)NC(=O)C(CO)NC(=O)C(CC(=O)O)NC(=O)C(CC(C)C)NC(=O)C(Cc1ccc(O)cc1)NC(=O)C(CCCCN)NC(=O)C(CO)NC(=O)C(Cc1ccc(O)cc1)NC(=O)CN(CCC(=O)O)C(=O)C(CO)NC(=O)C(NC(=O)C(Cc1ccccc1)NC(=O)C(NC(=O)CNC(=O)C(CCC(N)=O)NC(=O)C(N)CO)C(C)O)C(C)O)C(C)C)C(=O)NC(CC(N)=O)C(=O)NC(C(N)=O)C(C)O
CHEMBL4875003,Active,117.0,62.0,40.0,2.0,0.0,0.0,0.0,0.0,137.0,81.0,44.0,1.0,0.0,0.0,0.0,6.0,27.0,3.0,0.0,0.0,0.0,0.0,0.0,152.0,58.0,65.0,1.0,0.0,0.0,0.0,24.0,29.0,139.0,99.0,106.0,1.0,0.0,0.0,0.0,10.0,5.0,152.0,112.0,83.0,1.0,0.0,0.0,0.0,6.0,33.0,0.0,0.0,0.0,33.0,187.0,76.0,104.0,2.0,0.0,0.0,0.0,29.0,38.0,0.0,0.0,0.0,9.0,0.0,0.0,0.0,0.0,193.0,112.0,142.0,3.0,0.0,0.0,0.0,6.0,17.0,0.0,0.0,9.0,207.0,124.0,113.0,3.0,0.0,0.0,0.0,10.0,40.0,0.0,0.0,36.0,233.0,86.0,125.0,4.0,0.0,0.0,0.0,28.0,41.0,0.0,0.0,13.0,0.0,0.0,225.0,122.0,154.0,3.0,0.0,0.0,0.0,6.0,20.0,0.0,10.0,29.0,6.0,23.0,24.0,3.0,31.0,22.0,20.0,20.0,19.0,11.0,4.0,6.0,10.0,25.0,23.0,23.0,23.0,8.0,10.0,0.0,30.0,4.0,2.0,1.0,0.0,0.0,0.0,10.0,102.0,30.0,75.0,27.0,23.0,3.0,24.0,23.0,23.0,30.0,54.0,27.0,23.0,23.0,0.0,3.0,0.0,16.0,16.0,30.0,4.0,27.0,19.0,22.0,4.0,11.0,12.0,13.0,1.0,0.0,0.0,0.0,0.0,16.0,32.0,10.0,46.0,0.0,16.0,8.0,78.0,0.0,0.0,71.0,46.0,46.0,46.0,46.0,23.0,23.0,5.0,10.0,0.0,0.0,58.0,25.0,23.0,23.0,23.0,0.0,23.0,5.0,8.0,0.0,0.0,35.0,27.0,24.0,24.0,0.0,3.0,7.0,24.0,5.0,40.0,4.0,23.0,0.0,5.0,CSCCC(NC(=O)C(CC(C)C)NC(=O)C(Cc1c[nH]c2ccccc12)NC(=O)C(CCC(N)=O)NC(=O)C(NC(=O)C(Cc1ccccc1)NC(=O)C(CC(=O)O)NC(=O)C(CCC(N)=O)NC(=O)C(C)NC(=O)C(CCCNC(=N)N)NC(=O)C(CCCNC(=N)N)NC(=O)C(CO)NC(=O)C(CC(=O)O)NC(=O)C(CC(C)C)NC(=O)C(Cc1ccc(O)cc1)NC(=O)C(CCCCN)NC(=O)C(CO)NC(=O)C(Cc1ccc(O)cc1)NC(=O)C(CCC(=O)O)NC(=O)C(CO)NC(=O)C(NC(=O)C(N)Cc1ccc2ccccc2c1)C(C)O)C(C)C)C(=O)NC(CC(N)=O)C(=O)NC(C(N)=O)C(C)O
CHEMBL3656281,Inactive,24.0,9.0,2.0,0.0,0.0,2.0,2.0,3.0,34.0,12.0,2.0,0.0,0.0,4.0,4.0,6.0,2.0,0.0,0.0,0.0,0.0,0.0,0.0,34.0,11.0,6.0,0.0,0.0,4.0,4.0,2.0,1.0,32.0,15.0,8.0,0.0,0.0,4.0,4.0,2.0,0.0,37.0,17.0,6.0,0.0,0.0,2.0,2.0,0.0,2.0,0.0,2.0,2.0,0.0,42.0,14.0,5.0,0.0,0.0,2.0,2.0,0.0,0.0,0.0,2.0,2.0,0.0,2.0,0.0,0.0,0.0,39.0,11.0,5.0,0.0,0.0,6.0,6.0,1.0,1.0,0.0,0.0,0.0,26.0,9.0,4.0,0.0,0.0,4.0,4.0,0.0,0.0,0.0,0.0,0.0,24.0,8.0,4.0,0.0,0.0,6.0,6.0,3.0,2.0,0.0,0.0,1.0,0.0,0.0,17.0,13.0,5.0,0.0,0.0,6.0,6.0,2.0,0.0,0.0,0.0,1.0,0.0,0.0,0.0,0.0,2.0,1.0,0.0,0.0,0.0,1.0,0.0,0.0,5.0,1.0,0.0,1.0,0.0,0.0,0.0,2.0,2.0,0.0,1.0,0.0,2.0,0.0,0.0,0.0,13.0,2.0,9.0,1.0,0.0,4.0,2.0,1.0,0.0,1.0,9.0,0.0,0.0,0.0,1.0,3.0,0.0,0.0,0.0,0.0,2.0,4.0,0.0,0.0,1.0,3.0,0.0,0.0,0.0,0.0,0.0,0.0,0.0,3.0,1.0,1.0,1.0,1.0,1.0,0.0,6.0,4.0,5.0,8.0,3.0,0.0,3.0,5.0,0.0,0.0,0.0,0.0,2.0,2.0,5.0,3.0,2.0,2.0,2.0,0.0,0.0,0.0,0.0,0.0,0.0,3.0,2.0,0.0,0.0,2.0,0.0,0.0,0.0,0.0,2.0,0.0,0.0,0.0,0.0,CC(C)(C)CCC(c1ccc(C(=O)Nc2nnn[nH]2)cc1)N1C(=O)C(c2cc(Cl)cc(Cl)c2)=NC1(C)C
CHEMBL3656298,Inactive,24.0,7.0,4.0,0.0,0.0,2.0,2.0,0.0,30.0,11.0,4.0,0.0,0.0,4.0,4.0,1.0,2.0,1.0,0.0,0.0,0.0,0.0,0.0,33.0,10.0,8.0,0.0,0.0,4.0,4.0,0.0,1.0,32.0,11.0,9.0,0.0,0.0,4.0,4.0,2.0,0.0,38.0,9.0,9.0,0.0,0.0,2.0,2.0,0.0,0.0,0.0,2.0,2.0,0.0,38.0,6.0,7.0,0.0,0.0,2.0,2.0,0.0,0.0,0.0,2.0,2.0,2.0,2.0,0.0,0.0,0.0,32.0,3.0,7.0,0.0,0.0,6.0,6.0,1.0,1.0,0.0,0.0,0.0,24.0,5.0,8.0,0.0,0.0,4.0,4.0,0.0,0.0,0.0,0.0,0.0,20.0,5.0,6.0,0.0,0.0,6.0,6.0,1.0,2.0,0.0,0.0,1.0,0.0,0.0,17.0,4.0,5.0,0.0,0.0,6.0,6.0,0.0,0.0,0.0,0.0,1.0,0.0,0.0,0.0,0.0,5.0,1.0,0.0,0.0,0.0,3.0,1.0,1.0,3.0,1.0,0.0,1.0,0.0,0.0,1.0,1.0,3.0,0.0,1.0,0.0,2.0,0.0,0.0,1.0,14.0,3.0,9.0,1.0,0.0,0.0,2.0,1.0,0.0,2.0,5.0,0.0,0.0,0.0,0.0,0.0,0.0,0.0,0.0,1.0,2.0,2.0,0.0,0.0,1.0,1.0,0.0,0.0,0.0,0.0,0.0,0.0,0.0,1.0,1.0,1.0,2.0,1.0,2.0,1.0,7.0,4.0,5.0,9.0,3.0,0.0,4.0,5.0,0.0,0.0,0.0,1.0,2.0,2.0,6.0,4.0,2.0,2.0,3.0,0.0,0.0,0.0,1.0,0.0,0.0,3.0,2.0,0.0,0.0,2.0,1.0,1.0,0.0,0.0,4.0,0.0,0.0,0.0,0.0,CCCCC(c1ccc(C(=O)NCCC(=O)O)cc1)N1C(=O)C(c2cc(Cl)cc(Cl)c2)=NC1(C)C
CHEMBL3237887,Inactive,28.0,7.0,4.0,0.0,0.0,1.0,1.0,0.0,39.0,10.0,4.0,0.0,0.0,2.0,2.0,1.0,2.0,1.0,0.0,0.0,0.0,0.0,0.0,37.0,13.0,8.0,0.0,0.0,2.0,2.0,0.0,1.0,34.0,11.0,8.0,0.0,0.0,2.0,2.0,2.0,0.0,36.0,9.0,10.0,0.0,0.0,1.0,1.0,0.0,0.0,0.0,1.0,1.0,0.0,37.0,11.0,7.0,0.0,0.0,1.0,1.0,0.0,0.0,0.0,1.0,1.0,2.0,1.0,0.0,0.0,0.0,43.0,1.0,6.0,0.0,0.0,3.0,3.0,1.0,1.0,0.0,0.0,0.0,33.0,4.0,10.0,0.0,0.0,3.0,3.0,0.0,0.0,0.0,0.0,0.0,32.0,4.0,5.0,0.0,0.0,3.0,3.0,1.0,2.0,0.0,0.0,1.0,0.0,0.0,26.0,5.0,6.0,0.0,0.0,3.0,3.0,0.0,0.0,0.0,0.0,1.0,0.0,0.0,0.0,0.0,7.0,2.0,0.0,0.0,0.0,3.0,0.0,1.0,3.0,1.0,0.0,1.0,0.0,0.0,1.0,2.0,3.0,0.0,1.0,0.0,1.0,0.0,0.0,1.0,17.0,3.0,13.0,1.0,0.0,5.0,2.0,1.0,0.0,2.0,15.0,0.0,0.0,0.0,2.0,11.0,7.0,4.0,2.0,1.0,1.0,14.0,0.0,0.0,0.0,14.0,0.0,0.0,9.0,6.0,7.0,3.0,7.0,8.0,4.0,2.0,5.0,2.0,3.0,1.0,6.0,3.0,2.0,7.0,2.0,0.0,3.0,2.0,0.0,0.0,0.0,1.0,1.0,1.0,6.0,4.0,2.0,2.0,3.0,0.0,0.0,0.0,1.0,0.0,0.0,3.0,2.0,0.0,0.0,2.0,1.0,1.0,0.0,0.0,4.0,0.0,0.0,0.0,0.0,CC(C)(C)C1CCC2(CC1)N=C(c1cccc(Cl)c1)C(=O)N2Cc1ccc(C(=O)NCCC(=O)O)cc1
CHEMBL4873721,Inactive,113.0,63.0,38.0,2.0,0.0,0.0,0.0,0.0,130.0,82.0,42.0,1.0,0.0,0.0,0.0,6.0,27.0,2.0,0.0,0.0,0.0,0.0,0.0,144.0,59.0,63.0,1.0,0.0,0.0,0.0,24.0,29.0,133.0,100.0,104.0,1.0,0.0,0.0,0.0,10.0,5.0,148.0,114.0,81.0,1.0,0.0,0.0,0.0,6.0,31.0,0.0,0.0,0.0,33.0,184.0,77.0,103.0,2.0,0.0,0.0,0.0,30.0,36.0,0.0,0.0,0.0,7.0,0.0,0.0,0.0,0.0,192.0,110.0,138.0,3.0,0.0,0.0,0.0,7.0,18.0,0.0,0.0,7.0,208.0,124.0,105.0,3.0,0.0,0.0,0.0,10.0,39.0,0.0,0.0,36.0,231.0,89.0,122.0,4.0,0.0,0.0,0.0,29.0,39.0,0.0,0.0,9.0,0.0,0.0,223.0,123.0,145.0,3.0,0.0,0.0,0.0,7.0,22.0,0.0,8.0,29.0,6.0,23.0,24.0,3.0,33.0,22.0,20.0,20.0,19.0,13.0,6.0,5.0,10.0,25.0,23.0,23.0,23.0,9.0,9.0,0.0,29.0,4.0,2.0,0.0,0.0,0.0,0.0,9.0,103.0,29.0,76.0,27.0,23.0,3.0,24.0,23.0,23.0,29.0,55.0,27.0,23.0,23.0,0.0,3.0,0.0,16.0,16.0,29.0,4.0,28.0,19.0,21.0,4.0,12.0,12.0,12.0,2.0,0.0,0.0,0.0,0.0,18.0,33.0,10.0,47.0,0.0,16.0,7.0,79.0,0.0,0.0,71.0,46.0,46.0,46.0,46.0,23.0,23.0,5.0,9.0,0.0,0.0,59.0,25.0,23.0,23.0,23.0,0.0,23.0,5.0,7.0,0.0,0.0,36.0,27.0,24.0,24.0,0.0,3.0,7.0,24.0,5.0,38.0,4.0,23.0,0.0,5.0,CSCCC(NC(=O)C(CC(C)C)NC(=O)C(Cc1c[nH]c2ccccc12)NC(=O)C(CCC(N)=O)NC(=O)C(NC(=O)C(Cc1ccccc1)NC(=O)C(CC(=O)O)NC(=O)C(CCC(N)=O)NC(=O)C(C)NC(=O)C(CCCNC(=N)N)NC(=O)C(CCCNC(=N)N)NC(=O)C(CO)NC(=O)C(CC(=O)O)NC(=O)C(CC(C)C)NC(=O)C(Cc1ccc(O)cc1)NC(=O)C(CCCCN)NC(=O)C(CO)NC(=O)C(Cc1ccc(O)cc1)NC(=O)C(CCCCN)NC(=O)C(CO)NC(=O)C(NC(=O)C(N)Cc1ccccc1)C(C)O)C(C)C)C(=O)NC(CC(N)=O)C(=O)NC(C(N)=O)C(C)O
CHEMBL4866685,Active,121.0,71.0,47.0,4.0,0.0,0.0,0.0,0.0,138.0,93.0,52.0,3.0,0.0,0.0,0.0,6.0,32.0,3.0,0.0,0.0,0.0,0.0,0.0,157.0,63.0,73.0,2.0,0.0,0.0,0.0,28.0,35.0,146.0,110.0,120.0,2.0,0.0,0.0,0.0,12.0,7.0,163.0,126.0,94.0,3.0,0.0,0.0,0.0,7.0,36.0,0.0,0.0,0.0,38.0,203.0,82.0,120.0,5.0,0.0,0.0,0.0,34.0,45.0,0.0,0.0,0.0,8.0,0.0,0.0,0.0,0.0,211.0,123.0,159.0,5.0,0.0,0.0,0.0,6.0,22.0,0.0,0.0,12.0,225.0,138.0,126.0,7.0,0.0,0.0,0.0,11.0,43.0,0.0,0.0,44.0,252.0,92.0,144.0,9.0,0.0,0.0,0.0,33.0,50.0,0.0,0.0,11.0,0.0,0.0,242.0,133.0,170.0,6.0,0.0,0.0,0.0,6.0,24.0,0.0,15.0,33.0,7.0,26.0,27.0,3.0,35.0,24.0,22.0,22.0,21.0,11.0,4.0,8.0,11.0,29.0,26.0,27.0,26.0,9.0,12.0,0.0,35.0,5.0,2.0,0.0,0.0,0.0,0.0,12.0,116.0,35.0,84.0,32.0,27.0,3.0,27.0,26.0,26.0,35.0,58.0,31.0,26.0,25.0,0.0,3.0,0.0,17.0,17.0,33.0,4.0,28.0,21.0,23.0,4.0,11.0,13.0,13.0,1.0,0.0,0.0,0.0,0.0,17.0,34.0,10.0,51.0,0.0,17.0,9.0,90.0,0.0,0.0,82.0,53.0,51.0,53.0,53.0,27.0,27.0,6.0,13.0,0.0,0.0,67.0,29.0,27.0,26.0,27.0,0.0,27.0,6.0,10.0,0.0,0.0,40.0,32.0,28.0,28.0,0.0,3.0,9.0,28.0,7.0,47.0,4.0,27.0,0.0,6.0,CSCCC(NC(=O)C(CC(C)C)NC(=O)C(Cc1c[nH]c2ccccc12)NC(=O)C(CCC(N)=O)NC(=O)C(NC(=O)C(Cc1ccccc1)NC(=O)C(CC(=O)O)NC(=O)C(CCC(N)=O)NC(=O)C(C)NC(=O)C(CCCNC(=N)N)NC(=O)C(CCCNC(=N)N)NC(=O)C(CO)NC(=O)C(CC(=O)O)NC(=O)C(CC(C)C)NC(=O)C(Cc1ccc(O)cc1)NC(=O)C(CCCCN)NC(=O)C(CO)NC(=O)C(Cc1ccc(O)cc1)NC(=O)C(CSCC(=O)O)NC(=O)C(CO)NC(=O)C(NC(=O)C(Cc1ccccc1)NC(=O)C(NC(=O)CNC(=O)C(CCC(N)=O)NC(=O)C(N)CO)C(C)O)C(C)O)C(C)C)C(=O)NC(CC(N)=O)C(=O)NC(C(N)=O)C(C)O
CHEMBL3616689,Active,36.0,5.0,5.0,2.0,3.0,0.0,3.0,1.0,48.0,11.0,5.0,2.0,3.0,0.0,3.0,0.0,1.0,1.0,0.0,0.0,3.0,3.0,3.0,50.0,15.0,8.0,2.0,6.0,0.0,6.0,0.0,0.0,51.0,16.0,5.0,1.0,6.0,0.0,6.0,3.0,0.0,57.0,14.0,7.0,1.0,6.0,0.0,6.0,0.0,1.0,0.0,0.0,0.0,0.0,64.0,11.0,6.0,2.0,3.0,0.0,3.0,0.0,0.0,3.0,0.0,3.0,2.0,3.0,0.0,0.0,0.0,66.0,5.0,8.0,2.0,9.0,0.0,9.0,1.0,1.0,3.0,3.0,0.0,63.0,4.0,10.0,1.0,9.0,0.0,9.0,1.0,1.0,0.0,0.0,0.0,58.0,7.0,11.0,2.0,9.0,0.0,9.0,0.0,0.0,0.0,0.0,0.0,0.0,0.0,51.0,7.0,10.0,3.0,12.0,0.0,12.0,0.0,0.0,0.0,0.0,1.0,0.0,0.0,0.0,0.0,5.0,1.0,0.0,0.0,0.0,3.0,1.0,1.0,3.0,1.0,0.0,1.0,0.0,0.0,1.0,1.0,2.0,0.0,2.0,2.0,0.0,3.0,1.0,1.0,12.0,2.0,6.0,0.0,0.0,0.0,0.0,0.0,0.0,1.0,4.0,0.0,0.0,0.0,0.0,0.0,0.0,0.0,0.0,1.0,1.0,2.0,0.0,0.0,1.0,1.0,0.0,0.0,0.0,0.0,0.0,0.0,0.0,0.0,0.0,0.0,1.0,0.0,1.0,1.0,1.0,0.0,0.0,1.0,0.0,0.0,1.0,0.0,0.0,0.0,0.0,1.0,0.0,0.0,2.0,1.0,0.0,0.0,1.0,0.0,0.0,0.0,2.0,1.0,3.0,1.0,1.0,0.0,0.0,1.0,1.0,1.0,0.0,0.0,4.0,0.0,0.0,0.0,0.0,CCCCC(c1ccc(C(=O)NCCC(=O)O)cc1)n1nc(-c2cc(C(F)(F)F)ccc2OC)c2ccc(-c3ccc(SC)cc3)cc21
CHEMBL3616696,Active,36.0,5.0,5.0,0.0,4.0,1.0,5.0,1.0,47.0,11.0,5.0,0.0,5.0,2.0,7.0,0.0,1.0,1.0,0.0,0.0,3.0,3.0,3.0,48.0,15.0,8.0,0.0,8.0,2.0,10.0,0.0,0.0,49.0,16.0,5.0,0.0,8.0,2.0,10.0,3.0,0.0,56.0,14.0,7.0,0.0,8.0,2.0,10.0,0.0,1.0,0.0,0.0,0.0,0.0,63.0,11.0,6.0,0.0,5.0,2.0,7.0,0.0,0.0,3.0,0.0,3.0,2.0,3.0,0.0,0.0,0.0,64.0,5.0,8.0,0.0,10.0,1.0,11.0,1.0,1.0,4.0,5.0,0.0,61.0,4.0,10.0,0.0,11.0,2.0,13.0,1.0,1.0,1.0,2.0,0.0,57.0,6.0,11.0,0.0,12.0,3.0,15.0,0.0,0.0,0.0,0.0,0.0,0.0,0.0,49.0,6.0,10.0,0.0,17.0,5.0,22.0,0.0,0.0,0.0,0.0,1.0,0.0,0.0,0.0,0.0,5.0,1.0,0.0,0.0,0.0,3.0,1.0,1.0,2.0,1.0,0.0,1.0,0.0,0.0,1.0,1.0,2.0,0.0,1.0,2.0,1.0,4.0,1.0,1.0,11.0,2.0,6.0,0.0,0.0,0.0,0.0,0.0,0.0,1.0,4.0,0.0,0.0,0.0,0.0,0.0,0.0,0.0,0.0,1.0,1.0,2.0,0.0,0.0,1.0,1.0,0.0,0.0,0.0,0.0,0.0,0.0,0.0,0.0,0.0,0.0,1.0,0.0,1.0,1.0,1.0,0.0,0.0,1.0,0.0,0.0,1.0,0.0,0.0,0.0,0.0,1.0,1.0,1.0,2.0,1.0,0.0,0.0,1.0,0.0,0.0,0.0,2.0,1.0,4.0,1.0,1.0,0.0,0.0,1.0,1.0,1.0,0.0,0.0,4.0,0.0,0.0,0.0,0.0,CCCCC(c1ccc(C(=O)NCCC(=O)O)cc1)n1nc(-c2cc(C(F)(F)F)ccc2OC)c2ccc(-c3cc(F)cc(Cl)c3)cc21
CHEMBL3617565,Active,30.0,4.0,5.0,0.0,4.0,1.0,5.0,0.0,41.0,5.0,5.0,0.0,2.0,2.0,4.0,0.0,1.0,1.0,3.0,3.0,3.0,3.0,3.0,44.0,6.0,7.0,0.0,5.0,2.0,7.0,0.0,0.0,48.0,5.0,4.0,0.0,9.0,2.0,11.0,2.0,0.0,54.0,5.0,5.0,0.0,7.0,2.0,9.0,0.0,0.0,0.0,1.0,1.0,0.0,55.0,6.0,5.0,0.0,5.0,2.0,7.0,0.0,0.0,0.0,0.0,0.0,2.0,0.0,0.0,0.0,0.0,45.0,6.0,10.0,0.0,7.0,4.0,11.0,0.0,0.0,0.0,0.0,0.0,33.0,4.0,12.0,0.0,11.0,5.0,16.0,0.0,1.0,0.0,0.0,0.0,22.0,7.0,12.0,0.0,16.0,4.0,20.0,0.0,0.0,0.0,0.0,0.0,0.0,0.0,19.0,4.0,8.0,0.0,16.0,1.0,17.0,1.0,1.0,3.0,0.0,2.0,0.0,0.0,0.0,0.0,4.0,1.0,0.0,0.0,0.0,2.0,0.0,1.0,1.0,1.0,0.0,1.0,0.0,0.0,1.0,1.0,2.0,0.0,2.0,0.0,1.0,4.0,1.0,1.0,10.0,2.0,6.0,0.0,0.0,0.0,0.0,0.0,0.0,1.0,4.0,0.0,0.0,0.0,0.0,0.0,0.0,0.0,0.0,1.0,3.0,2.0,0.0,0.0,2.0,1.0,0.0,0.0,0.0,0.0,0.0,0.0,0.0,0.0,0.0,0.0,1.0,0.0,1.0,1.0,1.0,0.0,0.0,1.0,0.0,0.0,1.0,0.0,0.0,0.0,0.0,1.0,1.0,1.0,2.0,1.0,0.0,0.0,1.0,0.0,0.0,0.0,2.0,1.0,4.0,1.0,1.0,0.0,0.0,1.0,1.0,1.0,0.0,0.0,4.0,0.0,0.0,3.0,0.0,CCCC(c1ccc(C(=O)NCCC(=O)O)cc1)C(c1ccc(OC(F)(F)F)cc1)c1c[nH]c2c(F)cc(Cl)cc12
CHEMBL3656285,Inactive,29.0,7.0,4.0,0.0,0.0,2.0,2.0,0.0,39.0,11.0,4.0,0.0,0.0,4.0,4.0,1.0,2.0,1.0,0.0,0.0,0.0,0.0,0.0,38.0,12.0,8.0,0.0,0.0,4.0,4.0,0.0,1.0,39.0,15.0,9.0,0.0,0.0,4.0,4.0,2.0,0.0,49.0,11.0,10.0,0.0,0.0,2.0,2.0,0.0,0.0,0.0,2.0,2.0,0.0,57.0,6.0,9.0,0.0,0.0,2.0,2.0,0.0,0.0,0.0,2.0,2.0,2.0,2.0,0.0,0.0,0.0,57.0,5.0,9.0,0.0,0.0,6.0,6.0,1.0,1.0,0.0,0.0,0.0,43.0,5.0,8.0,0.0,0.0,6.0,6.0,0.0,0.0,0.0,0.0,0.0,37.0,5.0,6.0,0.0,0.0,10.0,10.0,1.0,2.0,0.0,0.0,1.0,0.0,0.0,23.0,7.0,8.0,0.0,0.0,6.0,6.0,0.0,0.0,0.0,0.0,2.0,1.0,0.0,0.0,1.0,5.0,2.0,0.0,0.0,0.0,2.0,0.0,1.0,6.0,1.0,0.0,1.0,0.0,0.0,1.0,2.0,3.0,0.0,1.0,0.0,2.0,0.0,0.0,1.0,19.0,3.0,14.0,1.0,0.0,5.0,2.0,1.0,0.0,2.0,14.0,0.0,0.0,0.0,1.0,4.0,0.0,2.0,1.0,1.0,2.0,7.0,0.0,0.0,1.0,5.0,0.0,0.0,0.0,0.0,0.0,0.0,0.0,3.0,5.0,3.0,4.0,2.0,3.0,1.0,7.0,4.0,5.0,9.0,3.0,0.0,4.0,5.0,0.0,0.0,0.0,1.0,2.0,2.0,6.0,4.0,2.0,2.0,3.0,0.0,0.0,0.0,1.0,0.0,0.0,3.0,2.0,0.0,0.0,2.0,1.0,1.0,0.0,0.0,4.0,0.0,0.0,0.0,0.0,CC(C)CC1(C)N=C(c2cc(Cl)cc(Cl)c2)C(=O)N1C(CCC(C)(C)C)c1ccc(C(=O)NCCC(=O)O)cc1
CHEMBL3656294,Inactive,21.0,7.0,6.0,0.0,3.0,0.0,3.0,0.0,28.0,10.0,6.0,0.0,0.0,0.0,0.0,1.0,2.0,1.0,3.0,3.0,3.0,3.0,3.0,30.0,8.0,10.0,0.0,3.0,0.0,3.0,0.0,1.0,23.0,9.0,9.0,0.0,6.0,0.0,6.0,2.0,0.0,25.0,7.0,8.0,0.0,6.0,0.0,6.0,0.0,0.0,0.0,0.0,0.0,0.0,27.0,5.0,7.0,0.0,3.0,0.0,3.0,0.0,1.0,0.0,0.0,0.0,2.0,0.0,0.0,0.0,0.0,22.0,5.0,8.0,0.0,3.0,0.0,3.0,0.0,1.0,0.0,0.0,1.0,18.0,2.0,9.0,0.0,3.0,0.0,3.0,1.0,1.0,3.0,3.0,0.0,18.0,4.0,6.0,0.0,3.0,0.0,3.0,0.0,0.0,3.0,3.0,0.0,3.0,3.0,13.0,4.0,6.0,0.0,9.0,0.0,9.0,1.0,2.0,0.0,1.0,0.0,0.0,0.0,0.0,0.0,4.0,0.0,0.0,0.0,0.0,2.0,0.0,1.0,2.0,1.0,0.0,1.0,0.0,0.0,1.0,2.0,3.0,0.0,2.0,0.0,0.0,3.0,1.0,1.0,12.0,3.0,6.0,1.0,0.0,0.0,2.0,1.0,0.0,2.0,2.0,0.0,0.0,0.0,0.0,0.0,0.0,0.0,0.0,1.0,2.0,0.0,0.0,0.0,0.0,0.0,0.0,0.0,0.0,0.0,0.0,0.0,0.0,0.0,0.0,0.0,1.0,0.0,1.0,1.0,7.0,4.0,5.0,9.0,3.0,0.0,4.0,5.0,0.0,0.0,0.0,1.0,0.0,0.0,6.0,4.0,2.0,2.0,3.0,0.0,0.0,0.0,2.0,1.0,3.0,3.0,2.0,0.0,0.0,1.0,1.0,1.0,0.0,0.0,5.0,0.0,0.0,3.0,0.0,CC1(C)N=C(c2ccc(OC(F)(F)F)cc2)C(=O)N1CCc1ccc(C(=O)NCCC(=O)O)cc1
CHEMBL84952,Inactive,22.0,4.0,0.0,0.0,0.0,0.0,1.0,0.0,28.0,6.0,0.0,0.0,0.0,0.0,2.0,1.0,0.0,0.0,0.0,0.0,0.0,0.0,0.0,24.0,10.0,0.0,0.0,0.0,0.0,2.0,0.0,0.0,21.0,12.0,0.0,0.0,0.0,0.0,1.0,0.0,0.0,26.0,8.0,0.0,0.0,0.0,0.0,1.0,0.0,0.0,0.0,0.0,0.0,0.0,30.0,2.0,0.0,0.0,0.0,0.0,0.0,0.0,0.0,0.0,0.0,2.0,0.0,0.0,0.0,0.0,0.0,28.0,0.0,0.0,0.0,0.0,0.0,2.0,0.0,0.0,0.0,0.0,0.0,20.0,0.0,0.0,0.0,0.0,0.0,2.0,0.0,0.0,0.0,0.0,0.0,9.0,0.0,0.0,0.0,0.0,0.0,4.0,0.0,0.0,0.0,0.0,0.0,0.0,0.0,2.0,0.0,0.0,0.0,0.0,0.0,4.0,0.0,0.0,0.0,0.0,0.0,0.0,0.0,0.0,0.0,0.0,0.0,0.0,0.0,0.0,0.0,0.0,0.0,0.0,0.0,0.0,0.0,0.0,0.0,0.0,0.0,0.0,0.0,1.0,0.0,0.0,0.0,0.0,0.0,0.0,0.0,0.0,0.0,0.0,0.0,0.0,0.0,0.0,0.0,0.0,0.0,0.0,0.0,0.0,0.0,0.0,0.0,0.0,0.0,0.0,0.0,0.0,0.0,0.0,0.0,0.0,0.0,0.0,0.0,0.0,0.0,0.0,0.0,0.0,0.0,0.0,0.0,0.0,0.0,0.0,0.0,0.0,0.0,0.0,0.0,0.0,0.0,0.0,0.0,0.0,0.0,0.0,0.0,0.0,0.0,0.0,0.0,0.0,0.0,0.0,0.0,0.0,0.0,0.0,0.0,0.0,0.0,0.0,0.0,0.0,0.0,0.0,0.0,0.0,0.0,0.0,0.0,0.0,Brc1ccc(-c2nc(-c3ccccc3)c(-c3ccccc3)[nH]2)cc1
CHEMBL3798231,Inactive,30.0,5.0,7.0,0.0,0.0,2.0,2.0,1.0,39.0,11.0,9.0,0.0,0.0,4.0,4.0,0.0,1.0,1.0,0.0,0.0,0.0,0.0,0.0,38.0,14.0,9.0,0.0,0.0,4.0,4.0,0.0,0.0,37.0,15.0,6.0,0.0,0.0,4.0,4.0,2.0,0.0,41.0,11.0,7.0,0.0,0.0,2.0,2.0,0.0,1.0,0.0,2.0,2.0,0.0,45.0,7.0,7.0,0.0,0.0,2.0,2.0,0.0,2.0,0.0,2.0,2.0,2.0,0.0,0.0,0.0,0.0,48.0,3.0,9.0,0.0,0.0,4.0,4.0,1.0,2.0,0.0,0.0,0.0,42.0,3.0,13.0,0.0,0.0,8.0,8.0,1.0,1.0,0.0,0.0,0.0,31.0,5.0,16.0,0.0,0.0,10.0,10.0,0.0,0.0,0.0,0.0,0.0,0.0,0.0,23.0,5.0,13.0,0.0,0.0,6.0,6.0,0.0,0.0,0.0,0.0,1.0,0.0,0.0,0.0,0.0,6.0,1.0,0.0,0.0,0.0,3.0,0.0,1.0,0.0,1.0,0.0,1.0,0.0,0.0,1.0,0.0,2.0,0.0,0.0,2.0,2.0,0.0,2.0,1.0,9.0,2.0,5.0,0.0,0.0,0.0,0.0,0.0,0.0,1.0,2.0,0.0,0.0,0.0,0.0,0.0,0.0,0.0,0.0,1.0,2.0,0.0,0.0,0.0,1.0,0.0,0.0,0.0,0.0,0.0,0.0,0.0,0.0,0.0,0.0,0.0,1.0,0.0,1.0,1.0,1.0,0.0,0.0,1.0,0.0,0.0,1.0,0.0,0.0,0.0,0.0,3.0,2.0,2.0,2.0,1.0,0.0,0.0,1.0,0.0,0.0,0.0,3.0,2.0,0.0,1.0,1.0,0.0,0.0,1.0,1.0,1.0,0.0,0.0,5.0,0.0,0.0,0.0,0.0,O=C(O)CCNC(=O)c1ccc2c(c1)CCC2n1nc(-c2cc(Cl)cc(Cl)c2)cc1-c1ccc2c(c1)OCCO2
CHEMBL3656284,Inactive,28.0,9.0,2.0,0.0,1.0,0.0,1.0,3.0,38.0,15.0,2.0,0.0,2.0,0.0,2.0,4.0,2.0,0.0,0.0,0.0,0.0,0.0,0.0,38.0,13.0,6.0,0.0,2.0,0.0,2.0,2.0,1.0,38.0,17.0,9.0,0.0,2.0,0.0,2.0,0.0,0.0,48.0,15.0,7.0,0.0,1.0,0.0,1.0,0.0,2.0,1.0,0.0,1.0,0.0,55.0,12.0,7.0,0.0,1.0,0.0,1.0,0.0,2.0,1.0,0.0,1.0,0.0,1.0,0.0,0.0,0.0,55.0,13.0,5.0,0.0,3.0,0.0,3.0,1.0,1.0,0.0,0.0,0.0,42.0,11.0,4.0,0.0,3.0,0.0,3.0,0.0,0.0,0.0,0.0,0.0,36.0,9.0,4.0,0.0,5.0,0.0,5.0,1.0,2.0,0.0,0.0,1.0,0.0,0.0,22.0,10.0,6.0,0.0,3.0,0.0,3.0,2.0,0.0,0.0,0.0,2.0,1.0,0.0,0.0,1.0,4.0,2.0,0.0,0.0,0.0,1.0,0.0,0.0,6.0,1.0,0.0,1.0,0.0,0.0,0.0,2.0,2.0,0.0,1.0,0.0,0.0,1.0,0.0,0.0,17.0,2.0,12.0,1.0,0.0,5.0,2.0,1.0,0.0,1.0,13.0,0.0,0.0,0.0,1.0,4.0,0.0,2.0,1.0,0.0,2.0,7.0,0.0,0.0,1.0,5.0,0.0,0.0,0.0,0.0,0.0,0.0,0.0,3.0,5.0,3.0,3.0,2.0,2.0,0.0,6.0,4.0,5.0,8.0,3.0,0.0,3.0,5.0,0.0,0.0,0.0,0.0,0.0,0.0,6.0,4.0,2.0,2.0,3.0,0.0,0.0,0.0,0.0,0.0,1.0,3.0,2.0,0.0,0.0,2.0,0.0,0.0,0.0,0.0,2.0,0.0,0.0,0.0,0.0,CC(C)CC1(C)N=C(c2cccc(F)c2)C(=O)N1C(CCC(C)(C)C)c1ccc(C(=O)NCc2nnn[nH]2)cc1
CHEMBL3237897,Inactive,29.0,7.0,4.0,0.0,0.0,2.0,2.0,0.0,40.0,10.0,4.0,0.0,0.0,4.0,4.0,1.0,2.0,1.0,0.0,0.0,0.0,0.0,0.0,39.0,12.0,8.0,0.0,0.0,4.0,4.0,0.0,1.0,34.0,11.0,8.0,0.0,0.0,4.0,4.0,2.0,0.0,34.0,9.0,9.0,0.0,0.0,2.0,2.0,0.0,0.0,0.0,2.0,2.0,0.0,37.0,11.0,7.0,0.0,0.0,2.0,2.0,0.0,0.0,0.0,2.0,2.0,2.0,2.0,0.0,0.0,0.0,43.0,4.0,8.0,0.0,0.0,6.0,6.0,0.0,0.0,0.0,0.0,0.0,36.0,1.0,8.0,0.0,0.0,6.0,6.0,1.0,1.0,0.0,0.0,0.0,33.0,4.0,5.0,0.0,0.0,4.0,4.0,0.0,0.0,0.0,0.0,0.0,0.0,0.0,30.0,4.0,5.0,0.0,0.0,6.0,6.0,1.0,2.0,0.0,1.0,1.0,0.0,0.0,0.0,0.0,8.0,2.0,0.0,0.0,0.0,4.0,0.0,1.0,3.0,1.0,0.0,1.0,0.0,0.0,1.0,2.0,3.0,0.0,1.0,0.0,2.0,0.0,0.0,1.0,18.0,3.0,14.0,1.0,0.0,5.0,2.0,1.0,0.0,2.0,15.0,0.0,0.0,0.0,2.0,11.0,7.0,4.0,2.0,1.0,2.0,14.0,0.0,0.0,0.0,14.0,0.0,0.0,9.0,6.0,7.0,3.0,7.0,8.0,4.0,2.0,5.0,2.0,3.0,1.0,7.0,4.0,5.0,9.0,3.0,0.0,4.0,5.0,0.0,0.0,0.0,1.0,2.0,2.0,6.0,4.0,2.0,2.0,3.0,0.0,0.0,0.0,1.0,0.0,0.0,3.0,2.0,0.0,0.0,1.0,1.0,1.0,0.0,0.0,4.0,0.0,0.0,0.0,0.0,CC(C)(C)C1CCC2(CC1)N=C(c1cc(Cl)cc(Cl)c1)C(=O)N2CCc1ccc(C(=O)NCCC(=O)O)cc1
CHEMBL3903921,Active,32.0,3.0,3.0,2.0,0.0,2.0,2.0,0.0,43.0,3.0,3.0,3.0,0.0,4.0,4.0,0.0,1.0,1.0,0.0,0.0,0.0,0.0,0.0,45.0,5.0,5.0,4.0,0.0,4.0,4.0,0.0,0.0,50.0,4.0,3.0,3.0,0.0,4.0,4.0,2.0,0.0,56.0,4.0,4.0,4.0,0.0,3.0,3.0,0.0,0.0,0.0,1.0,1.0,0.0,60.0,2.0,3.0,5.0,0.0,4.0,4.0,0.0,0.0,0.0,0.0,0.0,2.0,0.0,0.0,0.0,0.0,53.0,4.0,6.0,4.0,0.0,8.0,8.0,0.0,0.0,0.0,0.0,0.0,39.0,7.0,7.0,2.0,0.0,10.0,10.0,0.0,0.0,0.0,0.0,0.0,25.0,10.0,7.0,1.0,0.0,9.0,9.0,0.0,0.0,0.0,0.0,0.0,0.0,0.0,17.0,9.0,7.0,0.0,0.0,6.0,6.0,0.0,0.0,0.0,0.0,2.0,0.0,0.0,0.0,0.0,5.0,1.0,0.0,0.0,0.0,3.0,1.0,1.0,1.0,1.0,0.0,1.0,0.0,0.0,1.0,0.0,2.0,0.0,2.0,0.0,2.0,0.0,0.0,1.0,11.0,2.0,7.0,0.0,0.0,0.0,0.0,0.0,0.0,1.0,5.0,0.0,0.0,0.0,0.0,0.0,0.0,0.0,0.0,1.0,3.0,3.0,0.0,0.0,2.0,2.0,0.0,0.0,1.0,0.0,0.0,0.0,0.0,0.0,0.0,0.0,1.0,0.0,1.0,1.0,1.0,0.0,0.0,1.0,0.0,0.0,1.0,0.0,0.0,0.0,0.0,1.0,2.0,2.0,2.0,1.0,0.0,0.0,1.0,0.0,0.0,0.0,1.0,0.0,0.0,2.0,1.0,0.0,0.0,1.0,1.0,1.0,0.0,0.0,3.0,0.0,0.0,0.0,0.0,CCCCC(c1ccc(C(=O)NCCC(=O)O)cc1)C(c1ccc(Cl)cc1)c1csc2c(C#N)cc(Cl)cc12
CHEMBL107070,Inactive,19.0,2.0,3.0,0.0,0.0,1.0,1.0,1.0,24.0,4.0,5.0,0.0,0.0,2.0,2.0,0.0,1.0,0.0,0.0,0.0,0.0,0.0,0.0,21.0,6.0,7.0,0.0,0.0,2.0,2.0,0.0,1.0,12.0,9.0,7.0,0.0,0.0,2.0,2.0,0.0,0.0,8.0,9.0,5.0,0.0,0.0,0.0,0.0,0.0,0.0,0.0,1.0,1.0,0.0,9.0,5.0,2.0,0.0,0.0,0.0,0.0,0.0,2.0,0.0,1.0,1.0,1.0,0.0,0.0,0.0,0.0,13.0,1.0,3.0,0.0,0.0,1.0,1.0,0.0,2.0,0.0,0.0,0.0,15.0,0.0,5.0,0.0,0.0,1.0,1.0,0.0,0.0,0.0,0.0,0.0,15.0,0.0,3.0,0.0,0.0,2.0,2.0,0.0,0.0,0.0,0.0,1.0,0.0,0.0,11.0,0.0,4.0,0.0,0.0,3.0,3.0,0.0,0.0,0.0,0.0,0.0,0.0,0.0,0.0,0.0,0.0,0.0,0.0,0.0,0.0,0.0,0.0,0.0,0.0,1.0,0.0,1.0,0.0,0.0,2.0,0.0,1.0,0.0,0.0,1.0,1.0,0.0,0.0,2.0,2.0,1.0,0.0,0.0,0.0,0.0,0.0,0.0,0.0,0.0,0.0,0.0,0.0,0.0,0.0,0.0,0.0,0.0,0.0,0.0,0.0,0.0,0.0,0.0,0.0,0.0,0.0,0.0,0.0,0.0,0.0,0.0,0.0,0.0,0.0,0.0,0.0,0.0,0.0,0.0,0.0,0.0,0.0,0.0,0.0,0.0,0.0,0.0,0.0,0.0,0.0,0.0,1.0,1.0,1.0,0.0,0.0,0.0,0.0,0.0,0.0,0.0,0.0,0.0,0.0,2.0,1.0,0.0,0.0,1.0,0.0,0.0,0.0,0.0,3.0,0.0,0.0,0.0,0.0,O=C(NN=Cc1ccc(O)c2ccccc12)c1ccc(O)c(Cl)c1
CHEMBL114761,Inactive,22.0,2.0,1.0,0.0,1.0,0.0,1.0,0.0,30.0,4.0,1.0,0.0,2.0,0.0,2.0,0.0,0.0,0.0,0.0,0.0,0.0,0.0,0.0,31.0,7.0,2.0,0.0,2.0,0.0,2.0,0.0,0.0,40.0,2.0,3.0,0.0,1.0,0.0,1.0,1.0,0.0,40.0,4.0,6.0,0.0,1.0,0.0,1.0,0.0,0.0,0.0,0.0,0.0,0.0,39.0,2.0,4.0,0.0,2.0,0.0,2.0,0.0,0.0,0.0,0.0,0.0,0.0,0.0,0.0,0.0,0.0,19.0,1.0,5.0,0.0,4.0,0.0,4.0,0.0,0.0,0.0,0.0,0.0,10.0,0.0,0.0,0.0,3.0,0.0,3.0,0.0,0.0,1.0,1.0,0.0,0.0,0.0,0.0,0.0,6.0,0.0,6.0,0.0,0.0,0.0,0.0,0.0,0.0,0.0,0.0,0.0,0.0,0.0,0.0,0.0,0.0,0.0,0.0,0.0,0.0,2.0,2.0,0.0,0.0,2.0,1.0,0.0,0.0,0.0,0.0,0.0,0.0,0.0,6.0,0.0,0.0,0.0,0.0,0.0,1.0,0.0,0.0,0.0,1.0,0.0,0.0,1.0,0.0,1.0,11.0,0.0,6.0,0.0,0.0,0.0,0.0,0.0,0.0,0.0,3.0,0.0,0.0,0.0,0.0,0.0,0.0,0.0,0.0,0.0,0.0,0.0,0.0,0.0,0.0,0.0,0.0,0.0,0.0,0.0,0.0,0.0,0.0,0.0,0.0,0.0,0.0,0.0,0.0,0.0,0.0,0.0,0.0,0.0,0.0,0.0,0.0,0.0,0.0,0.0,0.0,0.0,0.0,0.0,0.0,0.0,0.0,0.0,0.0,0.0,0.0,0.0,1.0,0.0,1.0,0.0,0.0,0.0,0.0,0.0,0.0,0.0,0.0,0.0,1.0,0.0,0.0,0.0,0.0,CC(C)=Cc1c(C(C)C)nc(C(C)C)c(CO)c1-c1ccc(F)cc1
CHEMBL114762,Inactive,21.0,2.0,2.0,0.0,1.0,0.0,1.0,0.0,28.0,4.0,4.0,0.0,2.0,0.0,2.0,0.0,0.0,0.0,0.0,0.0,0.0,0.0,0.0,31.0,7.0,5.0,0.0,2.0,0.0,2.0,0.0,0.0,39.0,3.0,6.0,0.0,1.0,0.0,1.0,1.0,0.0,40.0,2.0,10.0,0.0,1.0,0.0,1.0,0.0,0.0,0.0,0.0,0.0,0.0,31.0,2.0,8.0,0.0,2.0,0.0,2.0,0.0,1.0,0.0,0.0,0.0,1.0,0.0,0.0,0.0,0.0,16.0,1.0,7.0,0.0,4.0,0.0,4.0,0.0,0.0,0.0,0.0,0.0,4.0,0.0,0.0,0.0,4.0,0.0,4.0,0.0,0.0,1.0,1.0,0.0,0.0,0.0,0.0,0.0,4.0,0.0,4.0,0.0,0.0,0.0,0.0,0.0,0.0,0.0,0.0,0.0,0.0,0.0,0.0,0.0,0.0,0.0,0.0,0.0,0.0,3.0,3.0,0.0,0.0,2.0,1.0,0.0,0.0,0.0,0.0,0.0,0.0,0.0,6.0,0.0,0.0,0.0,0.0,0.0,2.0,0.0,0.0,0.0,0.0,1.0,0.0,1.0,0.0,2.0,10.0,0.0,6.0,0.0,0.0,0.0,0.0,0.0,0.0,0.0,2.0,0.0,0.0,0.0,0.0,0.0,0.0,0.0,0.0,0.0,0.0,0.0,0.0,0.0,0.0,0.0,0.0,0.0,0.0,0.0,0.0,0.0,0.0,0.0,0.0,0.0,0.0,0.0,0.0,0.0,0.0,0.0,0.0,0.0,0.0,0.0,0.0,0.0,0.0,0.0,0.0,1.0,0.0,0.0,0.0,0.0,0.0,0.0,0.0,0.0,0.0,0.0,1.0,0.0,1.0,0.0,0.0,0.0,0.0,0.0,0.0,0.0,0.0,0.0,2.0,0.0,0.0,0.0,0.0,CCc1c(C(C)C)nc(C(C)C)c(C(C)O)c1-c1ccc(F)cc1O
CHEMBL114799,Inactive,23.0,2.0,2.0,0.0,1.0,0.0,1.0,0.0,30.0,4.0,4.0,0.0,2.0,0.0,2.0,0.0,0.0,0.0,0.0,0.0,0.0,0.0,0.0,33.0,7.0,5.0,0.0,2.0,0.0,2.0,0.0,0.0,42.0,3.0,6.0,0.0,1.0,0.0,1.0,1.0,0.0,45.0,3.0,10.0,0.0,1.0,0.0,1.0,0.0,0.0,0.0,0.0,0.0,0.0,40.0,3.0,8.0,0.0,2.0,0.0,2.0,0.0,1.0,0.0,0.0,0.0,1.0,0.0,0.0,0.0,0.0,26.0,1.0,9.0,0.0,4.0,0.0,4.0,0.0,0.0,0.0,0.0,0.0,11.0,0.0,2.0,0.0,4.0,0.0,4.0,0.0,0.0,1.0,1.0,0.0,3.0,0.0,0.0,0.0,5.0,0.0,5.0,0.0,0.0,0.0,0.0,0.0,0.0,0.0,0.0,0.0,0.0,0.0,1.0,0.0,1.0,0.0,0.0,0.0,0.0,3.0,3.0,0.0,0.0,2.0,3.0,0.0,0.0,0.0,0.0,2.0,1.0,0.0,6.0,0.0,0.0,0.0,0.0,0.0,2.0,0.0,0.0,0.0,0.0,1.0,0.0,1.0,0.0,2.0,12.0,0.0,8.0,0.0,0.0,0.0,0.0,0.0,0.0,0.0,4.0,0.0,0.0,0.0,0.0,0.0,0.0,0.0,0.0,0.0,0.0,1.0,0.0,0.0,0.0,0.0,0.0,0.0,0.0,0.0,0.0,0.0,0.0,0.0,0.0,0.0,0.0,0.0,0.0,0.0,0.0,0.0,0.0,0.0,0.0,0.0,0.0,0.0,0.0,0.0,0.0,1.0,0.0,0.0,0.0,0.0,0.0,0.0,0.0,0.0,0.0,0.0,1.0,0.0,1.0,0.0,0.0,0.0,0.0,0.0,0.0,0.0,0.0,0.0,2.0,0.0,0.0,0.0,0.0,CCCCc1c(C(C)C)nc(C(C)C)c(C(C)O)c1-c1ccc(F)cc1O
CHEMBL116413,Inactive,22.0,2.0,2.0,0.0,0.0,0.0,0.0,0.0,29.0,4.0,4.0,0.0,0.0,0.0,0.0,0.0,0.0,0.0,0.0,0.0,0.0,0.0,0.0,32.0,7.0,5.0,0.0,0.0,0.0,0.0,0.0,0.0,41.0,3.0,6.0,0.0,0.0,0.0,0.0,1.0,0.0,43.0,3.0,10.0,0.0,0.0,0.0,0.0,0.0,0.0,0.0,0.0,0.0,0.0,37.0,2.0,8.0,0.0,0.0,0.0,0.0,0.0,1.0,0.0,0.0,0.0,1.0,0.0,0.0,0.0,0.0,20.0,1.0,9.0,0.0,0.0,0.0,0.0,0.0,0.0,0.0,0.0,0.0,7.0,0.0,0.0,0.0,0.0,0.0,0.0,0.0,0.0,0.0,0.0,0.0,0.0,0.0,0.0,0.0,0.0,0.0,0.0,0.0,0.0,0.0,0.0,0.0,0.0,0.0,0.0,0.0,0.0,0.0,0.0,0.0,0.0,0.0,0.0,0.0,0.0,3.0,3.0,0.0,0.0,2.0,2.0,0.0,0.0,0.0,0.0,1.0,0.0,0.0,6.0,0.0,0.0,0.0,0.0,0.0,2.0,0.0,0.0,0.0,0.0,0.0,0.0,0.0,0.0,2.0,11.0,0.0,7.0,0.0,0.0,0.0,0.0,0.0,0.0,0.0,3.0,0.0,0.0,0.0,0.0,0.0,0.0,0.0,0.0,0.0,0.0,0.0,0.0,0.0,0.0,0.0,0.0,0.0,0.0,0.0,0.0,0.0,0.0,0.0,0.0,0.0,0.0,0.0,0.0,0.0,0.0,0.0,0.0,0.0,0.0,0.0,0.0,0.0,0.0,0.0,0.0,1.0,0.0,0.0,0.0,0.0,0.0,0.0,0.0,0.0,0.0,0.0,1.0,0.0,0.0,0.0,0.0,0.0,0.0,0.0,0.0,0.0,0.0,0.0,2.0,0.0,0.0,0.0,0.0,CCCc1c(C(C)C)nc(C(C)C)c(C(C)O)c1-c1ccccc1O
CHEMBL152640,Active,28.0,6.0,2.0,0.0,0.0,0.0,0.0,1.0,40.0,9.0,3.0,0.0,0.0,0.0,0.0,0.0,1.0,0.0,0.0,0.0,0.0,0.0,0.0,40.0,12.0,5.0,0.0,0.0,0.0,0.0,0.0,1.0,28.0,17.0,4.0,0.0,0.0,0.0,0.0,1.0,0.0,25.0,14.0,4.0,0.0,0.0,0.0,0.0,1.0,0.0,0.0,0.0,0.0,0.0,33.0,5.0,2.0,0.0,0.0,0.0,0.0,2.0,2.0,0.0,0.0,0.0,1.0,0.0,0.0,0.0,0.0,34.0,3.0,3.0,0.0,0.0,0.0,0.0,1.0,1.0,0.0,0.0,0.0,29.0,5.0,3.0,0.0,0.0,0.0,0.0,0.0,1.0,0.0,0.0,0.0,22.0,9.0,2.0,0.0,0.0,0.0,0.0,0.0,0.0,0.0,0.0,0.0,0.0,0.0,15.0,11.0,3.0,0.0,0.0,0.0,0.0,0.0,0.0,0.0,0.0,0.0,0.0,0.0,0.0,0.0,1.0,0.0,0.0,0.0,0.0,0.0,0.0,0.0,4.0,1.0,0.0,1.0,0.0,0.0,1.0,0.0,1.0,0.0,0.0,1.0,0.0,0.0,0.0,1.0,8.0,1.0,0.0,0.0,0.0,0.0,0.0,0.0,0.0,0.0,0.0,0.0,0.0,0.0,0.0,0.0,0.0,0.0,0.0,0.0,0.0,0.0,0.0,0.0,0.0,0.0,0.0,0.0,0.0,0.0,0.0,0.0,0.0,0.0,0.0,0.0,0.0,0.0,0.0,0.0,0.0,0.0,0.0,0.0,0.0,0.0,0.0,0.0,0.0,0.0,0.0,0.0,0.0,0.0,1.0,0.0,0.0,0.0,0.0,0.0,0.0,0.0,0.0,0.0,0.0,3.0,1.0,0.0,0.0,1.0,0.0,0.0,0.0,0.0,2.0,0.0,0.0,0.0,0.0,Cc1cc(C)c(C)c(Cn2ccc3c(C=NNC(=O)c4ccc(O)c(C#N)c4)cccc32)c1C
CHEMBL152765,Active,25.0,3.0,8.0,0.0,0.0,0.0,0.0,1.0,34.0,5.0,10.0,0.0,0.0,0.0,0.0,0.0,1.0,0.0,0.0,0.0,0.0,0.0,0.0,31.0,8.0,13.0,0.0,0.0,0.0,0.0,0.0,1.0,22.0,10.0,15.0,0.0,0.0,0.0,0.0,1.0,1.0,23.0,9.0,10.0,0.0,0.0,0.0,0.0,0.0,2.0,0.0,0.0,0.0,0.0,24.0,5.0,7.0,0.0,0.0,0.0,0.0,1.0,5.0,0.0,0.0,0.0,1.0,0.0,0.0,0.0,0.0,25.0,3.0,10.0,0.0,0.0,0.0,0.0,1.0,2.0,0.0,0.0,0.0,27.0,3.0,7.0,0.0,0.0,0.0,0.0,0.0,0.0,0.0,0.0,2.0,24.0,4.0,10.0,0.0,0.0,0.0,0.0,0.0,0.0,0.0,0.0,1.0,0.0,0.0,20.0,6.0,13.0,0.0,0.0,0.0,0.0,0.0,0.0,0.0,0.0,1.0,1.0,0.0,0.0,1.0,1.0,0.0,0.0,0.0,0.0,0.0,0.0,0.0,4.0,1.0,0.0,1.0,0.0,0.0,1.0,0.0,1.0,0.0,1.0,1.0,0.0,0.0,3.0,1.0,9.0,1.0,2.0,0.0,0.0,0.0,0.0,0.0,0.0,0.0,1.0,0.0,0.0,0.0,0.0,0.0,0.0,0.0,0.0,0.0,2.0,0.0,0.0,0.0,0.0,0.0,0.0,0.0,0.0,0.0,0.0,0.0,0.0,0.0,0.0,0.0,0.0,0.0,0.0,0.0,0.0,0.0,0.0,0.0,0.0,0.0,0.0,0.0,0.0,0.0,0.0,0.0,0.0,0.0,1.0,0.0,0.0,0.0,0.0,0.0,0.0,0.0,3.0,3.0,0.0,3.0,1.0,0.0,0.0,1.0,0.0,0.0,0.0,0.0,5.0,0.0,0.0,0.0,0.0,COc1cc(C=NNC(=O)c2ccc(O)c(C#N)c2)cc(OC)c1OCc1ccc(C(C)C)cc1
CHEMBL153038,Active,26.0,5.0,2.0,0.0,0.0,1.0,1.0,1.0,35.0,8.0,3.0,0.0,0.0,2.0,2.0,0.0,1.0,0.0,0.0,0.0,0.0,0.0,0.0,32.0,10.0,4.0,0.0,0.0,2.0,2.0,0.0,1.0,23.0,13.0,4.0,0.0,0.0,2.0,2.0,0.0,0.0,22.0,9.0,3.0,0.0,0.0,0.0,0.0,1.0,0.0,0.0,1.0,1.0,0.0,25.0,5.0,2.0,0.0,0.0,0.0,0.0,1.0,1.0,0.0,1.0,1.0,1.0,0.0,0.0,0.0,0.0,25.0,5.0,3.0,0.0,0.0,1.0,1.0,0.0,1.0,0.0,0.0,0.0,27.0,4.0,3.0,0.0,0.0,1.0,1.0,0.0,1.0,0.0,0.0,0.0,24.0,6.0,2.0,0.0,0.0,2.0,2.0,0.0,0.0,0.0,0.0,0.0,0.0,0.0,18.0,5.0,3.0,0.0,0.0,3.0,3.0,0.0,0.0,0.0,0.0,1.0,1.0,0.0,0.0,1.0,1.0,0.0,0.0,0.0,0.0,0.0,0.0,0.0,2.0,1.0,0.0,1.0,0.0,0.0,1.0,0.0,1.0,0.0,1.0,1.0,1.0,0.0,0.0,1.0,6.0,1.0,2.0,0.0,0.0,0.0,0.0,0.0,0.0,0.0,1.0,0.0,0.0,0.0,0.0,0.0,0.0,0.0,0.0,0.0,2.0,0.0,0.0,0.0,0.0,0.0,0.0,0.0,0.0,0.0,0.0,0.0,0.0,0.0,0.0,0.0,0.0,0.0,0.0,0.0,0.0,0.0,0.0,0.0,0.0,0.0,0.0,0.0,0.0,0.0,0.0,0.0,1.0,1.0,1.0,0.0,0.0,0.0,0.0,0.0,0.0,0.0,0.0,0.0,0.0,2.0,1.0,0.0,0.0,1.0,0.0,0.0,0.0,0.0,2.0,0.0,0.0,0.0,0.0,CC(C)c1ccc(Cn2ccc3c(C=NNC(=O)c4ccc(O)c(Cl)c4)cccc32)cc1
CHEMBL154269,Active,22.0,5.0,5.0,0.0,0.0,1.0,1.0,1.0,28.0,7.0,7.0,0.0,0.0,2.0,2.0,0.0,2.0,0.0,0.0,0.0,0.0,0.0,0.0,30.0,6.0,9.0,0.0,0.0,2.0,2.0,0.0,2.0,20.0,10.0,12.0,0.0,0.0,2.0,2.0,0.0,0.0,16.0,11.0,9.0,0.0,0.0,0.0,0.0,0.0,0.0,0.0,1.0,1.0,0.0,20.0,8.0,5.0,0.0,0.0,0.0,0.0,0.0,2.0,0.0,1.0,1.0,1.0,0.0,0.0,0.0,0.0,25.0,5.0,6.0,0.0,0.0,1.0,1.0,0.0,2.0,0.0,0.0,0.0,27.0,4.0,7.0,0.0,0.0,1.0,1.0,0.0,0.0,0.0,0.0,0.0,26.0,1.0,3.0,0.0,0.0,2.0,2.0,1.0,1.0,0.0,0.0,1.0,0.0,0.0,17.0,2.0,5.0,0.0,0.0,3.0,3.0,1.0,1.0,0.0,0.0,0.0,0.0,0.0,0.0,0.0,3.0,0.0,0.0,0.0,0.0,0.0,0.0,1.0,2.0,1.0,0.0,1.0,0.0,0.0,1.0,0.0,2.0,0.0,0.0,1.0,1.0,0.0,1.0,1.0,8.0,2.0,3.0,1.0,0.0,0.0,0.0,0.0,0.0,1.0,0.0,0.0,0.0,0.0,0.0,0.0,0.0,0.0,0.0,0.0,0.0,0.0,0.0,0.0,0.0,0.0,0.0,0.0,0.0,0.0,0.0,0.0,0.0,0.0,0.0,0.0,0.0,0.0,0.0,0.0,3.0,3.0,3.0,6.0,2.0,0.0,2.0,3.0,0.0,0.0,2.0,1.0,1.0,1.0,4.0,3.0,2.0,0.0,2.0,0.0,0.0,2.0,1.0,1.0,0.0,3.0,2.0,0.0,0.0,1.0,0.0,0.0,0.0,1.0,4.0,0.0,0.0,0.0,0.0,CCN(CC)C(=O)COc1ccc(C=NNC(=O)c2ccc(O)c(Cl)c2)c2ccccc12
CHEMBL155686,Active,24.0,4.0,2.0,0.0,0.0,2.0,2.0,0.0,31.0,6.0,3.0,0.0,0.0,4.0,4.0,0.0,0.0,0.0,0.0,0.0,0.0,0.0,0.0,31.0,6.0,4.0,0.0,0.0,4.0,4.0,0.0,0.0,32.0,7.0,3.0,0.0,0.0,3.0,3.0,0.0,0.0,37.0,4.0,2.0,0.0,0.0,3.0,3.0,1.0,1.0,0.0,0.0,0.0,0.0,36.0,5.0,3.0,0.0,0.0,4.0,4.0,0.0,0.0,0.0,2.0,2.0,0.0,0.0,0.0,0.0,0.0,33.0,4.0,4.0,0.0,0.0,6.0,6.0,0.0,0.0,0.0,0.0,0.0,25.0,5.0,2.0,0.0,0.0,7.0,7.0,0.0,1.0,0.0,0.0,0.0,15.0,4.0,1.0,0.0,0.0,6.0,6.0,0.0,0.0,0.0,1.0,0.0,0.0,0.0,8.0,2.0,0.0,0.0,0.0,5.0,5.0,0.0,0.0,0.0,0.0,0.0,0.0,0.0,0.0,0.0,2.0,0.0,0.0,0.0,0.0,1.0,0.0,0.0,1.0,0.0,0.0,0.0,0.0,0.0,0.0,0.0,0.0,0.0,1.0,1.0,2.0,0.0,1.0,0.0,3.0,0.0,2.0,0.0,0.0,0.0,0.0,0.0,0.0,0.0,1.0,0.0,0.0,0.0,0.0,0.0,0.0,0.0,0.0,0.0,0.0,0.0,0.0,0.0,0.0,0.0,0.0,0.0,0.0,0.0,0.0,0.0,0.0,0.0,0.0,0.0,0.0,0.0,0.0,1.0,0.0,0.0,0.0,0.0,0.0,0.0,0.0,0.0,0.0,0.0,0.0,1.0,2.0,2.0,0.0,0.0,0.0,0.0,0.0,0.0,0.0,0.0,1.0,1.0,0.0,0.0,0.0,0.0,0.0,0.0,0.0,0.0,0.0,0.0,1.0,0.0,0.0,0.0,0.0,CCCOc1ccc(Cl)cc1-c1cc(-c2ccc(Cl)cc2)[nH]c1-c1ccncc1
CHEMBL155694,Inactive,22.0,4.0,2.0,0.0,0.0,1.0,1.0,0.0,30.0,6.0,2.0,0.0,0.0,2.0,2.0,0.0,0.0,0.0,0.0,0.0,0.0,0.0,0.0,30.0,6.0,2.0,0.0,0.0,2.0,2.0,0.0,0.0,28.0,7.0,1.0,0.0,0.0,1.0,1.0,0.0,0.0,30.0,4.0,1.0,0.0,0.0,1.0,1.0,1.0,0.0,0.0,0.0,0.0,0.0,29.0,4.0,2.0,0.0,0.0,1.0,1.0,0.0,0.0,0.0,1.0,1.0,0.0,0.0,0.0,0.0,0.0,27.0,3.0,2.0,0.0,0.0,2.0,2.0,0.0,1.0,0.0,0.0,0.0,18.0,5.0,3.0,0.0,0.0,2.0,2.0,0.0,0.0,0.0,0.0,0.0,9.0,3.0,4.0,0.0,0.0,4.0,4.0,0.0,0.0,0.0,0.0,0.0,0.0,0.0,5.0,1.0,2.0,0.0,0.0,4.0,4.0,0.0,1.0,0.0,0.0,0.0,0.0,0.0,0.0,0.0,0.0,0.0,0.0,0.0,0.0,0.0,0.0,0.0,1.0,0.0,0.0,0.0,0.0,0.0,0.0,0.0,0.0,0.0,2.0,0.0,1.0,0.0,1.0,0.0,1.0,0.0,0.0,0.0,0.0,0.0,0.0,0.0,0.0,0.0,0.0,0.0,0.0,0.0,0.0,0.0,0.0,0.0,0.0,0.0,0.0,0.0,0.0,0.0,0.0,0.0,0.0,0.0,0.0,0.0,0.0,0.0,0.0,0.0,0.0,0.0,0.0,0.0,0.0,0.0,0.0,0.0,0.0,0.0,0.0,0.0,0.0,0.0,0.0,0.0,0.0,0.0,1.0,1.0,0.0,0.0,0.0,0.0,0.0,0.0,0.0,0.0,1.0,1.0,0.0,0.0,0.0,0.0,0.0,0.0,0.0,0.0,0.0,0.0,1.0,0.0,0.0,0.0,0.0,COc1ccc(-c2cc(-c3ccc(Cl)cc3)[nH]c2-c2ccncc2)cc1
CHEMBL156458,Inactive,24.0,4.0,2.0,0.0,0.0,1.0,1.0,0.0,31.0,6.0,3.0,0.0,0.0,2.0,2.0,0.0,0.0,0.0,0.0,0.0,0.0,0.0,0.0,31.0,6.0,4.0,0.0,0.0,2.0,2.0,0.0,0.0,32.0,7.0,3.0,0.0,0.0,1.0,1.0,0.0,0.0,37.0,4.0,2.0,0.0,0.0,1.0,1.0,1.0,1.0,0.0,0.0,0.0,0.0,36.0,5.0,3.0,0.0,0.0,1.0,1.0,0.0,0.0,0.0,1.0,1.0,0.0,0.0,0.0,0.0,0.0,33.0,4.0,4.0,0.0,0.0,2.0,2.0,0.0,0.0,0.0,0.0,0.0,25.0,5.0,2.0,0.0,0.0,2.0,2.0,0.0,1.0,0.0,0.0,0.0,15.0,4.0,1.0,0.0,0.0,4.0,4.0,0.0,0.0,0.0,0.0,0.0,0.0,0.0,8.0,2.0,0.0,0.0,0.0,4.0,4.0,0.0,0.0,0.0,0.0,0.0,0.0,0.0,0.0,0.0,2.0,0.0,0.0,0.0,0.0,1.0,0.0,0.0,1.0,0.0,0.0,0.0,0.0,0.0,0.0,0.0,0.0,0.0,1.0,0.0,1.0,0.0,1.0,0.0,3.0,0.0,2.0,0.0,0.0,0.0,0.0,0.0,0.0,0.0,1.0,0.0,0.0,0.0,0.0,0.0,0.0,0.0,0.0,0.0,0.0,0.0,0.0,0.0,0.0,0.0,0.0,0.0,0.0,0.0,0.0,0.0,0.0,0.0,0.0,0.0,0.0,0.0,0.0,1.0,0.0,0.0,0.0,0.0,0.0,0.0,0.0,0.0,0.0,0.0,0.0,1.0,1.0,1.0,0.0,0.0,0.0,0.0,0.0,0.0,0.0,0.0,1.0,1.0,0.0,0.0,0.0,0.0,0.0,0.0,0.0,0.0,0.0,0.0,1.0,0.0,0.0,0.0,0.0,CCCOc1ccccc1-c1cc(-c2ccc(Cl)cc2)[nH]c1-c1ccncc1
CHEMBL157529,Inactive,22.0,4.0,0.0,0.0,2.0,0.0,2.0,0.0,29.0,6.0,0.0,0.0,4.0,0.0,4.0,0.0,0.0,0.0,0.0,0.0,0.0,0.0,0.0,28.0,6.0,0.0,0.0,4.0,0.0,4.0,0.0,0.0,26.0,7.0,0.0,0.0,2.0,0.0,2.0,0.0,0.0,29.0,4.0,0.0,0.0,2.0,0.0,2.0,1.0,0.0,0.0,0.0,0.0,0.0,28.0,4.0,0.0,0.0,3.0,0.0,3.0,0.0,0.0,1.0,0.0,1.0,0.0,0.0,0.0,0.0,0.0,25.0,3.0,0.0,0.0,4.0,0.0,4.0,0.0,0.0,1.0,1.0,0.0,16.0,4.0,0.0,0.0,5.0,0.0,5.0,0.0,0.0,0.0,0.0,0.0,6.0,3.0,0.0,0.0,8.0,0.0,8.0,0.0,0.0,0.0,0.0,0.0,0.0,0.0,1.0,1.0,0.0,0.0,6.0,0.0,6.0,0.0,0.0,1.0,0.0,0.0,0.0,0.0,0.0,0.0,0.0,0.0,0.0,0.0,0.0,0.0,0.0,0.0,0.0,0.0,0.0,0.0,0.0,0.0,0.0,0.0,0.0,0.0,2.0,0.0,0.0,2.0,0.0,0.0,0.0,0.0,0.0,0.0,0.0,0.0,0.0,0.0,0.0,0.0,0.0,0.0,0.0,0.0,0.0,0.0,0.0,0.0,0.0,0.0,0.0,0.0,0.0,0.0,0.0,0.0,0.0,0.0,0.0,0.0,0.0,0.0,0.0,0.0,0.0,0.0,0.0,0.0,0.0,0.0,0.0,0.0,0.0,0.0,0.0,0.0,0.0,0.0,0.0,0.0,0.0,0.0,0.0,0.0,0.0,0.0,0.0,0.0,0.0,0.0,0.0,0.0,0.0,0.0,2.0,0.0,0.0,0.0,0.0,0.0,0.0,0.0,0.0,0.0,0.0,0.0,0.0,0.0,0.0,Fc1ccc(-c2cc(-c3ccc(F)cc3)c(-c3ccncc3)[nH]2)cc1
CHEMBL158477,Inactive,22.0,4.0,2.0,0.0,0.0,1.0,1.0,0.0,30.0,6.0,2.0,0.0,0.0,2.0,2.0,0.0,0.0,0.0,0.0,0.0,0.0,0.0,0.0,30.0,6.0,2.0,0.0,0.0,2.0,2.0,0.0,0.0,28.0,7.0,2.0,0.0,0.0,1.0,1.0,0.0,0.0,31.0,4.0,2.0,0.0,0.0,1.0,1.0,1.0,0.0,0.0,0.0,0.0,0.0,30.0,4.0,2.0,0.0,0.0,1.0,1.0,0.0,1.0,0.0,1.0,1.0,0.0,0.0,0.0,0.0,0.0,27.0,4.0,3.0,0.0,0.0,2.0,2.0,0.0,0.0,0.0,0.0,0.0,19.0,4.0,4.0,0.0,0.0,2.0,2.0,0.0,0.0,0.0,0.0,0.0,10.0,3.0,2.0,0.0,0.0,4.0,4.0,0.0,1.0,0.0,0.0,0.0,0.0,0.0,3.0,2.0,1.0,0.0,0.0,4.0,4.0,0.0,0.0,0.0,0.0,0.0,0.0,0.0,0.0,0.0,0.0,0.0,0.0,0.0,0.0,0.0,0.0,0.0,1.0,0.0,0.0,0.0,0.0,0.0,0.0,0.0,0.0,0.0,1.0,0.0,1.0,0.0,1.0,0.0,1.0,0.0,0.0,0.0,0.0,0.0,0.0,0.0,0.0,0.0,0.0,0.0,0.0,0.0,0.0,0.0,0.0,0.0,0.0,0.0,0.0,0.0,0.0,0.0,0.0,0.0,0.0,0.0,0.0,0.0,0.0,0.0,0.0,0.0,0.0,0.0,0.0,0.0,0.0,0.0,0.0,0.0,0.0,0.0,0.0,0.0,0.0,0.0,0.0,0.0,0.0,0.0,1.0,1.0,0.0,0.0,0.0,0.0,0.0,0.0,0.0,0.0,1.0,1.0,0.0,0.0,0.0,0.0,0.0,0.0,0.0,0.0,0.0,0.0,1.0,0.0,0.0,0.0,0.0,COc1cccc(-c2cc(-c3ccc(Cl)cc3)[nH]c2-c2ccncc2)c1
CHEMBL158535,Inactive,24.0,4.0,2.0,0.0,0.0,1.0,1.0,0.0,31.0,6.0,3.0,0.0,0.0,2.0,2.0,0.0,0.0,0.0,0.0,0.0,0.0,0.0,0.0,31.0,6.0,4.0,0.0,0.0,2.0,2.0,0.0,0.0,32.0,7.0,3.0,0.0,0.0,1.0,1.0,0.0,0.0,37.0,4.0,2.0,0.0,0.0,1.0,1.0,1.0,1.0,0.0,0.0,0.0,0.0,36.0,5.0,3.0,0.0,0.0,1.0,1.0,0.0,0.0,0.0,1.0,1.0,0.0,0.0,0.0,0.0,0.0,33.0,4.0,4.0,0.0,0.0,2.0,2.0,0.0,0.0,0.0,0.0,0.0,25.0,5.0,2.0,0.0,0.0,2.0,2.0,0.0,1.0,0.0,0.0,0.0,15.0,4.0,1.0,0.0,0.0,4.0,4.0,0.0,0.0,0.0,0.0,0.0,0.0,0.0,8.0,2.0,0.0,0.0,0.0,4.0,4.0,0.0,0.0,0.0,0.0,0.0,0.0,0.0,0.0,0.0,1.0,0.0,0.0,0.0,0.0,0.0,0.0,0.0,0.0,0.0,0.0,0.0,0.0,0.0,0.0,0.0,0.0,0.0,1.0,0.0,1.0,0.0,1.0,0.0,3.0,0.0,1.0,0.0,0.0,0.0,0.0,0.0,0.0,0.0,0.0,0.0,0.0,0.0,0.0,0.0,0.0,0.0,0.0,0.0,0.0,0.0,0.0,0.0,0.0,0.0,0.0,0.0,0.0,0.0,0.0,0.0,0.0,0.0,0.0,0.0,0.0,0.0,0.0,0.0,0.0,0.0,0.0,0.0,0.0,0.0,0.0,0.0,0.0,0.0,0.0,1.0,1.0,1.0,0.0,0.0,0.0,0.0,0.0,0.0,0.0,0.0,1.0,1.0,0.0,0.0,0.0,0.0,0.0,0.0,0.0,0.0,0.0,0.0,1.0,0.0,0.0,0.0,0.0,C=CCOc1ccccc1-c1cc(-c2ccc(Cl)cc2)[nH]c1-c1ccncc1
CHEMBL158548,Inactive,18.0,4.0,0.0,0.0,0.0,1.0,1.0,0.0,24.0,6.0,0.0,0.0,0.0,2.0,2.0,0.0,0.0,0.0,0.0,0.0,0.0,0.0,0.0,23.0,6.0,0.0,0.0,0.0,2.0,2.0,0.0,0.0,21.0,7.0,0.0,0.0,0.0,1.0,1.0,0.0,0.0,23.0,2.0,0.0,0.0,0.0,1.0,1.0,1.0,0.0,0.0,0.0,0.0,0.0,20.0,3.0,0.0,0.0,0.0,1.0,1.0,0.0,0.0,0.0,1.0,1.0,0.0,0.0,0.0,0.0,0.0,14.0,3.0,0.0,0.0,0.0,2.0,2.0,0.0,0.0,0.0,0.0,0.0,8.0,2.0,0.0,0.0,0.0,2.0,2.0,0.0,0.0,0.0,0.0,0.0,2.0,2.0,0.0,0.0,0.0,4.0,4.0,0.0,0.0,0.0,0.0,0.0,0.0,0.0,0.0,1.0,0.0,0.0,0.0,2.0,2.0,0.0,0.0,0.0,0.0,1.0,1.0,0.0,0.0,1.0,0.0,0.0,0.0,0.0,0.0,0.0,0.0,0.0,2.0,0.0,0.0,0.0,0.0,0.0,0.0,0.0,0.0,0.0,1.0,0.0,1.0,0.0,0.0,0.0,3.0,0.0,2.0,0.0,0.0,0.0,0.0,0.0,0.0,0.0,1.0,0.0,0.0,0.0,0.0,0.0,0.0,0.0,0.0,0.0,0.0,0.0,0.0,0.0,0.0,0.0,0.0,0.0,0.0,0.0,0.0,0.0,0.0,0.0,0.0,0.0,0.0,0.0,0.0,0.0,0.0,0.0,0.0,0.0,0.0,0.0,0.0,0.0,0.0,0.0,0.0,0.0,1.0,1.0,0.0,0.0,0.0,0.0,0.0,0.0,0.0,0.0,0.0,0.0,0.0,0.0,0.0,0.0,0.0,0.0,0.0,0.0,0.0,0.0,0.0,0.0,0.0,0.0,0.0,CC(C)c1cc(-c2ccc(Cl)cc2)[nH]c1-c1ccncc1
CHEMBL158671,Inactive,22.0,4.0,0.0,0.0,1.0,0.0,1.0,0.0,29.0,6.0,0.0,0.0,2.0,0.0,2.0,0.0,0.0,0.0,0.0,0.0,0.0,0.0,0.0,28.0,6.0,0.0,0.0,2.0,0.0,2.0,0.0,0.0,26.0,7.0,0.0,0.0,1.0,0.0,1.0,0.0,0.0,29.0,4.0,0.0,0.0,1.0,0.0,1.0,1.0,0.0,0.0,0.0,0.0,0.0,28.0,4.0,0.0,0.0,2.0,0.0,2.0,0.0,0.0,0.0,0.0,0.0,0.0,0.0,0.0,0.0,0.0,25.0,3.0,0.0,0.0,2.0,0.0,2.0,0.0,0.0,1.0,1.0,0.0,16.0,4.0,0.0,0.0,3.0,0.0,3.0,0.0,0.0,0.0,0.0,0.0,6.0,3.0,0.0,0.0,4.0,0.0,4.0,0.0,0.0,0.0,0.0,0.0,0.0,0.0,1.0,1.0,0.0,0.0,2.0,0.0,2.0,0.0,0.0,1.0,0.0,0.0,0.0,0.0,0.0,0.0,0.0,0.0,0.0,0.0,0.0,0.0,0.0,0.0,0.0,0.0,0.0,0.0,0.0,0.0,0.0,0.0,0.0,0.0,1.0,0.0,0.0,1.0,0.0,0.0,0.0,0.0,0.0,0.0,0.0,0.0,0.0,0.0,0.0,0.0,0.0,0.0,0.0,0.0,0.0,0.0,0.0,0.0,0.0,0.0,0.0,0.0,0.0,0.0,0.0,0.0,0.0,0.0,0.0,0.0,0.0,0.0,0.0,0.0,0.0,0.0,0.0,0.0,0.0,0.0,0.0,0.0,0.0,0.0,0.0,0.0,0.0,0.0,0.0,0.0,0.0,0.0,0.0,0.0,0.0,0.0,0.0,0.0,0.0,0.0,0.0,0.0,0.0,0.0,1.0,0.0,0.0,0.0,0.0,0.0,0.0,0.0,0.0,0.0,0.0,0.0,0.0,0.0,0.0,Fc1ccc(-c2cc(-c3ccccc3)[nH]c2-c2ccncc2)cc1
CHEMBL158676,Active,25.0,4.0,2.0,0.0,0.0,1.0,1.0,0.0,32.0,6.0,3.0,0.0,0.0,2.0,2.0,0.0,0.0,0.0,0.0,0.0,0.0,0.0,0.0,32.0,6.0,4.0,0.0,0.0,2.0,2.0,0.0,0.0,32.0,7.0,4.0,0.0,0.0,1.0,1.0,0.0,0.0,38.0,4.0,2.0,0.0,0.0,1.0,1.0,1.0,1.0,0.0,0.0,0.0,0.0,38.0,5.0,3.0,0.0,0.0,1.0,1.0,0.0,0.0,0.0,1.0,1.0,0.0,0.0,0.0,0.0,0.0,36.0,4.0,4.0,0.0,0.0,2.0,2.0,0.0,0.0,0.0,0.0,0.0,28.0,5.0,2.0,0.0,0.0,2.0,2.0,0.0,1.0,0.0,0.0,0.0,17.0,5.0,1.0,0.0,0.0,4.0,4.0,0.0,0.0,0.0,0.0,0.0,0.0,0.0,11.0,2.0,0.0,0.0,0.0,4.0,4.0,0.0,0.0,0.0,0.0,0.0,0.0,0.0,0.0,0.0,3.0,0.0,0.0,0.0,0.0,2.0,1.0,0.0,1.0,0.0,0.0,0.0,0.0,0.0,0.0,0.0,0.0,0.0,1.0,0.0,1.0,0.0,1.0,0.0,4.0,0.0,3.0,0.0,0.0,0.0,0.0,0.0,0.0,0.0,2.0,0.0,0.0,0.0,0.0,0.0,0.0,0.0,0.0,0.0,0.0,1.0,0.0,0.0,0.0,0.0,0.0,0.0,0.0,0.0,0.0,0.0,0.0,0.0,0.0,0.0,0.0,0.0,0.0,1.0,0.0,0.0,0.0,0.0,0.0,0.0,0.0,0.0,0.0,0.0,0.0,1.0,1.0,1.0,0.0,0.0,0.0,0.0,0.0,0.0,0.0,0.0,1.0,1.0,0.0,0.0,0.0,0.0,0.0,0.0,0.0,0.0,0.0,0.0,1.0,0.0,0.0,0.0,0.0,CCCCOc1ccccc1-c1cc(-c2ccc(Cl)cc2)[nH]c1-c1ccncc1
CHEMBL158989,Inactive,23.0,5.0,0.0,0.0,1.0,0.0,1.0,0.0,31.0,7.0,0.0,0.0,2.0,0.0,2.0,0.0,0.0,0.0,0.0,0.0,0.0,0.0,0.0,30.0,8.0,0.0,0.0,2.0,0.0,2.0,0.0,0.0,27.0,9.0,0.0,0.0,1.0,0.0,1.0,0.0,0.0,30.0,5.0,0.0,0.0,1.0,0.0,1.0,1.0,0.0,0.0,0.0,0.0,0.0,29.0,6.0,0.0,0.0,2.0,0.0,2.0,0.0,0.0,0.0,0.0,0.0,0.0,0.0,0.0,0.0,0.0,27.0,4.0,0.0,0.0,2.0,0.0,2.0,1.0,0.0,1.0,1.0,0.0,18.0,6.0,0.0,0.0,3.0,0.0,3.0,0.0,0.0,0.0,0.0,0.0,10.0,5.0,0.0,0.0,4.0,0.0,4.0,0.0,0.0,0.0,0.0,0.0,0.0,0.0,5.0,5.0,0.0,0.0,2.0,0.0,2.0,0.0,0.0,1.0,0.0,0.0,0.0,0.0,0.0,0.0,0.0,0.0,0.0,0.0,0.0,0.0,0.0,0.0,0.0,0.0,0.0,0.0,0.0,0.0,0.0,0.0,0.0,0.0,2.0,0.0,0.0,1.0,0.0,0.0,1.0,0.0,0.0,0.0,0.0,0.0,0.0,0.0,0.0,0.0,0.0,0.0,0.0,0.0,0.0,0.0,0.0,0.0,0.0,0.0,0.0,0.0,0.0,0.0,0.0,0.0,0.0,0.0,0.0,0.0,0.0,0.0,0.0,0.0,0.0,0.0,0.0,0.0,0.0,0.0,0.0,0.0,0.0,0.0,0.0,0.0,0.0,0.0,0.0,0.0,0.0,0.0,0.0,0.0,0.0,0.0,0.0,0.0,0.0,0.0,0.0,0.0,0.0,0.0,1.0,1.0,0.0,0.0,0.0,0.0,0.0,0.0,0.0,0.0,0.0,0.0,0.0,0.0,0.0,N#Cc1ccc(-c2cc(-c3ccc(F)cc3)c(-c3ccncc3)[nH]2)cc1
CHEMBL159163,Inactive,22.0,5.0,0.0,0.0,1.0,0.0,1.0,0.0,29.0,8.0,0.0,0.0,2.0,0.0,2.0,0.0,0.0,0.0,0.0,0.0,0.0,0.0,0.0,28.0,8.0,0.0,0.0,2.0,0.0,2.0,0.0,0.0,26.0,8.0,0.0,0.0,1.0,0.0,1.0,0.0,0.0,29.0,5.0,0.0,0.0,1.0,0.0,1.0,1.0,0.0,0.0,0.0,0.0,0.0,28.0,5.0,0.0,0.0,2.0,0.0,2.0,1.0,0.0,0.0,0.0,0.0,0.0,0.0,0.0,0.0,0.0,25.0,5.0,0.0,0.0,2.0,0.0,2.0,0.0,0.0,1.0,1.0,0.0,16.0,6.0,0.0,0.0,3.0,0.0,3.0,0.0,0.0,0.0,0.0,0.0,6.0,7.0,0.0,0.0,4.0,0.0,4.0,0.0,0.0,0.0,0.0,0.0,0.0,0.0,1.0,5.0,0.0,0.0,2.0,0.0,2.0,0.0,0.0,1.0,0.0,0.0,0.0,0.0,0.0,0.0,0.0,0.0,0.0,0.0,0.0,0.0,0.0,0.0,0.0,0.0,0.0,0.0,0.0,1.0,0.0,0.0,0.0,0.0,2.0,0.0,0.0,1.0,0.0,0.0,0.0,0.0,0.0,0.0,0.0,0.0,0.0,0.0,0.0,0.0,0.0,0.0,0.0,0.0,0.0,0.0,0.0,0.0,0.0,0.0,0.0,0.0,0.0,0.0,0.0,0.0,0.0,0.0,0.0,0.0,0.0,0.0,0.0,0.0,0.0,0.0,0.0,0.0,0.0,0.0,0.0,0.0,0.0,0.0,0.0,0.0,0.0,0.0,0.0,0.0,0.0,0.0,0.0,0.0,0.0,0.0,0.0,0.0,0.0,0.0,0.0,0.0,0.0,0.0,1.0,1.0,0.0,0.0,0.0,0.0,0.0,0.0,0.0,0.0,0.0,0.0,0.0,0.0,0.0,Nc1ccc(-c2cc(-c3ccc(F)cc3)c(-c3ccncc3)[nH]2)cc1
CHEMBL159198,Inactive,22.0,4.0,0.0,0.0,0.0,1.0,2.0,0.0,29.0,6.0,0.0,0.0,0.0,2.0,4.0,0.0,0.0,0.0,0.0,0.0,0.0,0.0,0.0,28.0,6.0,0.0,0.0,0.0,2.0,4.0,0.0,0.0,26.0,7.0,0.0,0.0,0.0,1.0,2.0,0.0,0.0,29.0,4.0,0.0,0.0,0.0,1.0,2.0,1.0,0.0,0.0,0.0,0.0,0.0,28.0,4.0,0.0,0.0,0.0,1.0,3.0,0.0,0.0,0.0,1.0,1.0,0.0,0.0,0.0,0.0,0.0,25.0,3.0,0.0,0.0,0.0,2.0,4.0,0.0,0.0,0.0,1.0,0.0,16.0,4.0,0.0,0.0,0.0,2.0,5.0,0.0,0.0,0.0,0.0,0.0,6.0,3.0,0.0,0.0,0.0,4.0,8.0,0.0,0.0,0.0,0.0,0.0,0.0,0.0,1.0,1.0,0.0,0.0,0.0,4.0,6.0,0.0,0.0,1.0,0.0,0.0,0.0,0.0,0.0,0.0,0.0,0.0,0.0,0.0,0.0,0.0,0.0,0.0,0.0,0.0,0.0,0.0,0.0,0.0,0.0,0.0,0.0,0.0,2.0,0.0,1.0,0.0,0.0,0.0,0.0,0.0,0.0,0.0,0.0,0.0,0.0,0.0,0.0,0.0,0.0,0.0,0.0,0.0,0.0,0.0,0.0,0.0,0.0,0.0,0.0,0.0,0.0,0.0,0.0,0.0,0.0,0.0,0.0,0.0,0.0,0.0,0.0,0.0,0.0,0.0,0.0,0.0,0.0,0.0,0.0,0.0,0.0,0.0,0.0,0.0,0.0,0.0,0.0,0.0,0.0,0.0,1.0,1.0,0.0,0.0,0.0,0.0,0.0,0.0,0.0,0.0,0.0,0.0,0.0,0.0,0.0,0.0,0.0,0.0,0.0,0.0,0.0,0.0,0.0,0.0,0.0,0.0,0.0,Clc1ccc(-c2cc(-c3ccc(Br)cc3)c(-c3ccncc3)[nH]2)cc1
CHEMBL160238,Inactive,24.0,4.0,0.0,0.0,1.0,0.0,1.0,0.0,32.0,6.0,0.0,0.0,2.0,0.0,2.0,0.0,0.0,0.0,0.0,0.0,0.0,0.0,0.0,32.0,6.0,0.0,0.0,2.0,0.0,2.0,0.0,0.0,29.0,7.0,0.0,0.0,1.0,0.0,1.0,0.0,0.0,31.0,4.0,0.0,0.0,1.0,0.0,1.0,1.0,0.0,0.0,0.0,0.0,0.0,30.0,5.0,0.0,0.0,2.0,0.0,2.0,0.0,0.0,0.0,0.0,0.0,0.0,0.0,0.0,0.0,0.0,28.0,4.0,0.0,0.0,2.0,0.0,2.0,0.0,0.0,1.0,1.0,0.0,20.0,4.0,0.0,0.0,3.0,0.0,3.0,0.0,0.0,0.0,0.0,0.0,12.0,3.0,0.0,0.0,4.0,0.0,4.0,0.0,0.0,0.0,0.0,0.0,0.0,0.0,9.0,1.0,0.0,0.0,2.0,0.0,2.0,0.0,0.0,1.0,0.0,0.0,0.0,0.0,0.0,0.0,1.0,0.0,0.0,0.0,0.0,0.0,0.0,0.0,1.0,0.0,0.0,0.0,0.0,0.0,0.0,0.0,0.0,0.0,2.0,0.0,0.0,1.0,0.0,0.0,2.0,0.0,1.0,0.0,0.0,0.0,0.0,0.0,0.0,0.0,0.0,0.0,0.0,0.0,0.0,0.0,0.0,0.0,0.0,0.0,1.0,0.0,0.0,0.0,0.0,0.0,0.0,0.0,0.0,0.0,0.0,0.0,0.0,0.0,0.0,0.0,0.0,0.0,0.0,0.0,0.0,0.0,0.0,0.0,0.0,0.0,0.0,0.0,0.0,0.0,0.0,0.0,0.0,0.0,0.0,0.0,0.0,0.0,0.0,0.0,0.0,0.0,0.0,0.0,1.0,0.0,0.0,0.0,0.0,0.0,0.0,0.0,0.0,0.0,0.0,0.0,0.0,0.0,0.0,CCc1ccc(-c2cc(-c3ccc(F)cc3)c(-c3ccncc3)[nH]2)cc1
CHEMBL160281,Inactive,22.0,4.0,0.0,0.0,1.0,1.0,2.0,0.0,29.0,6.0,0.0,0.0,2.0,2.0,4.0,0.0,0.0,0.0,0.0,0.0,0.0,0.0,0.0,28.0,6.0,0.0,0.0,2.0,2.0,4.0,0.0,0.0,26.0,7.0,0.0,0.0,1.0,2.0,3.0,0.0,0.0,29.0,4.0,0.0,0.0,1.0,1.0,2.0,1.0,0.0,0.0,1.0,1.0,0.0,28.0,4.0,0.0,0.0,2.0,2.0,4.0,0.0,0.0,0.0,0.0,0.0,0.0,0.0,0.0,0.0,0.0,25.0,3.0,0.0,0.0,2.0,2.0,4.0,0.0,0.0,1.0,1.0,0.0,16.0,4.0,0.0,0.0,3.0,4.0,7.0,0.0,0.0,0.0,0.0,0.0,6.0,3.0,0.0,0.0,4.0,4.0,8.0,0.0,0.0,0.0,0.0,0.0,0.0,0.0,1.0,1.0,0.0,0.0,2.0,1.0,3.0,0.0,0.0,2.0,0.0,0.0,0.0,0.0,0.0,0.0,0.0,0.0,0.0,0.0,0.0,0.0,0.0,0.0,0.0,0.0,0.0,0.0,0.0,0.0,0.0,0.0,0.0,0.0,1.0,0.0,1.0,1.0,0.0,0.0,0.0,0.0,0.0,0.0,0.0,0.0,0.0,0.0,0.0,0.0,0.0,0.0,0.0,0.0,0.0,0.0,0.0,0.0,0.0,0.0,0.0,0.0,0.0,0.0,0.0,0.0,0.0,0.0,0.0,0.0,0.0,0.0,0.0,0.0,0.0,0.0,0.0,0.0,0.0,0.0,0.0,0.0,0.0,0.0,0.0,0.0,0.0,0.0,0.0,0.0,0.0,0.0,1.0,1.0,0.0,0.0,0.0,0.0,0.0,0.0,0.0,0.0,0.0,0.0,1.0,0.0,0.0,0.0,0.0,0.0,0.0,0.0,0.0,0.0,0.0,0.0,0.0,0.0,0.0,Fc1ccc(-c2cc(-c3cccc(Cl)c3)[nH]c2-c2ccncc2)cc1
CHEMBL160287,Active,24.0,4.0,2.0,0.0,0.0,1.0,2.0,0.0,31.0,6.0,3.0,0.0,0.0,2.0,4.0,0.0,0.0,0.0,0.0,0.0,0.0,0.0,0.0,31.0,6.0,4.0,0.0,0.0,2.0,4.0,0.0,0.0,32.0,7.0,3.0,0.0,0.0,1.0,2.0,0.0,0.0,37.0,4.0,2.0,0.0,0.0,1.0,3.0,1.0,1.0,0.0,0.0,0.0,0.0,36.0,5.0,3.0,0.0,0.0,1.0,4.0,0.0,0.0,0.0,1.0,1.0,0.0,0.0,0.0,0.0,0.0,33.0,4.0,4.0,0.0,0.0,2.0,5.0,0.0,0.0,0.0,1.0,0.0,25.0,5.0,2.0,0.0,0.0,2.0,5.0,0.0,1.0,0.0,0.0,0.0,15.0,4.0,1.0,0.0,0.0,4.0,8.0,0.0,0.0,0.0,0.0,0.0,0.0,0.0,8.0,2.0,0.0,0.0,0.0,4.0,6.0,0.0,0.0,1.0,0.0,0.0,0.0,0.0,0.0,0.0,2.0,0.0,0.0,0.0,0.0,1.0,0.0,0.0,1.0,0.0,0.0,0.0,0.0,0.0,0.0,0.0,0.0,0.0,1.0,1.0,1.0,0.0,1.0,0.0,3.0,0.0,2.0,0.0,0.0,0.0,0.0,0.0,0.0,0.0,1.0,0.0,0.0,0.0,0.0,0.0,0.0,0.0,0.0,0.0,0.0,0.0,0.0,0.0,0.0,0.0,0.0,0.0,0.0,0.0,0.0,0.0,0.0,0.0,0.0,0.0,0.0,0.0,0.0,1.0,0.0,0.0,0.0,0.0,0.0,0.0,0.0,0.0,0.0,0.0,0.0,1.0,1.0,1.0,0.0,0.0,0.0,0.0,0.0,0.0,0.0,0.0,1.0,1.0,0.0,0.0,0.0,0.0,0.0,0.0,0.0,0.0,0.0,0.0,1.0,0.0,0.0,0.0,0.0,CCCOc1cc(Br)ccc1-c1cc(-c2ccc(Cl)cc2)[nH]c1-c1ccncc1
CHEMBL160289,Inactive,23.0,4.0,0.0,0.0,1.0,0.0,1.0,0.0,31.0,6.0,0.0,0.0,2.0,0.0,2.0,0.0,0.0,0.0,0.0,0.0,0.0,0.0,0.0,30.0,6.0,0.0,0.0,2.0,0.0,2.0,0.0,0.0,27.0,7.0,0.0,0.0,1.0,0.0,1.0,0.0,0.0,30.0,4.0,0.0,0.0,1.0,0.0,1.0,1.0,0.0,0.0,0.0,0.0,0.0,29.0,5.0,0.0,0.0,2.0,0.0,2.0,0.0,0.0,0.0,0.0,0.0,0.0,0.0,0.0,0.0,0.0,27.0,3.0,0.0,0.0,2.0,0.0,2.0,0.0,0.0,1.0,1.0,0.0,18.0,4.0,0.0,0.0,3.0,0.0,3.0,0.0,0.0,0.0,0.0,0.0,10.0,3.0,0.0,0.0,4.0,0.0,4.0,0.0,0.0,0.0,0.0,0.0,0.0,0.0,5.0,1.0,0.0,0.0,2.0,0.0,2.0,0.0,0.0,1.0,0.0,0.0,0.0,0.0,0.0,0.0,0.0,0.0,0.0,0.0,0.0,0.0,0.0,0.0,1.0,0.0,0.0,0.0,0.0,0.0,0.0,0.0,0.0,0.0,2.0,0.0,0.0,1.0,0.0,0.0,1.0,0.0,0.0,0.0,0.0,0.0,0.0,0.0,0.0,0.0,0.0,0.0,0.0,0.0,0.0,0.0,0.0,0.0,0.0,0.0,0.0,0.0,0.0,0.0,0.0,0.0,0.0,0.0,0.0,0.0,0.0,0.0,0.0,0.0,0.0,0.0,0.0,0.0,0.0,0.0,0.0,0.0,0.0,0.0,0.0,0.0,0.0,0.0,0.0,0.0,0.0,0.0,0.0,0.0,0.0,0.0,0.0,0.0,0.0,0.0,0.0,0.0,0.0,0.0,1.0,0.0,0.0,0.0,0.0,0.0,0.0,0.0,0.0,0.0,0.0,0.0,0.0,0.0,0.0,Cc1ccc(-c2cc(-c3ccc(F)cc3)c(-c3ccncc3)[nH]2)cc1
CHEMBL160380,Inactive,22.0,4.0,2.0,0.0,0.0,1.0,1.0,0.0,30.0,6.0,2.0,0.0,0.0,2.0,2.0,0.0,0.0,0.0,0.0,0.0,0.0,0.0,0.0,30.0,6.0,3.0,0.0,0.0,2.0,2.0,0.0,0.0,29.0,7.0,3.0,0.0,0.0,1.0,1.0,0.0,0.0,32.0,4.0,2.0,0.0,0.0,1.0,1.0,1.0,1.0,0.0,0.0,0.0,0.0,30.0,5.0,3.0,0.0,0.0,1.0,1.0,0.0,0.0,0.0,1.0,1.0,0.0,0.0,0.0,0.0,0.0,28.0,3.0,4.0,0.0,0.0,2.0,2.0,0.0,0.0,0.0,0.0,0.0,20.0,4.0,2.0,0.0,0.0,2.0,2.0,0.0,1.0,0.0,0.0,0.0,8.0,4.0,1.0,0.0,0.0,4.0,4.0,0.0,0.0,0.0,0.0,0.0,0.0,0.0,2.0,1.0,0.0,0.0,0.0,4.0,4.0,0.0,0.0,0.0,0.0,0.0,0.0,0.0,0.0,0.0,0.0,0.0,0.0,0.0,0.0,0.0,0.0,0.0,1.0,0.0,0.0,0.0,0.0,0.0,0.0,0.0,0.0,0.0,1.0,0.0,1.0,0.0,1.0,0.0,1.0,0.0,0.0,0.0,0.0,0.0,0.0,0.0,0.0,0.0,0.0,0.0,0.0,0.0,0.0,0.0,0.0,0.0,0.0,0.0,0.0,0.0,0.0,0.0,0.0,0.0,0.0,0.0,0.0,0.0,0.0,0.0,0.0,0.0,0.0,0.0,0.0,0.0,0.0,0.0,0.0,0.0,0.0,0.0,0.0,0.0,0.0,0.0,0.0,0.0,0.0,0.0,1.0,1.0,0.0,0.0,0.0,0.0,0.0,0.0,0.0,0.0,1.0,1.0,0.0,0.0,0.0,0.0,0.0,0.0,0.0,0.0,0.0,0.0,1.0,0.0,0.0,0.0,0.0,COc1ccccc1-c1cc(-c2ccc(Cl)cc2)[nH]c1-c1ccncc1
CHEMBL160401,Inactive,22.0,4.0,2.0,0.0,1.0,0.0,1.0,0.0,30.0,6.0,2.0,0.0,2.0,0.0,2.0,0.0,0.0,0.0,0.0,0.0,0.0,0.0,0.0,30.0,6.0,2.0,0.0,2.0,0.0,2.0,0.0,0.0,28.0,7.0,1.0,0.0,1.0,0.0,1.0,0.0,0.0,30.0,4.0,1.0,0.0,1.0,0.0,1.0,1.0,0.0,0.0,0.0,0.0,0.0,29.0,4.0,1.0,0.0,2.0,0.0,2.0,0.0,1.0,0.0,0.0,0.0,0.0,0.0,0.0,0.0,0.0,26.0,4.0,2.0,0.0,2.0,0.0,2.0,0.0,0.0,1.0,1.0,0.0,18.0,4.0,2.0,0.0,3.0,0.0,3.0,0.0,0.0,0.0,0.0,0.0,8.0,3.0,4.0,0.0,4.0,0.0,4.0,0.0,0.0,0.0,0.0,0.0,0.0,0.0,5.0,1.0,4.0,0.0,2.0,0.0,2.0,0.0,0.0,1.0,0.0,0.0,0.0,0.0,0.0,0.0,0.0,0.0,0.0,0.0,0.0,0.0,0.0,0.0,1.0,0.0,0.0,0.0,0.0,0.0,0.0,0.0,0.0,0.0,2.0,0.0,0.0,1.0,1.0,0.0,1.0,0.0,0.0,0.0,0.0,0.0,0.0,0.0,0.0,0.0,0.0,0.0,0.0,0.0,0.0,0.0,0.0,0.0,0.0,0.0,0.0,0.0,0.0,0.0,0.0,0.0,0.0,0.0,0.0,0.0,0.0,0.0,0.0,0.0,0.0,0.0,0.0,0.0,0.0,0.0,0.0,0.0,0.0,0.0,0.0,0.0,0.0,0.0,0.0,0.0,0.0,0.0,0.0,0.0,0.0,0.0,0.0,0.0,0.0,0.0,0.0,0.0,1.0,1.0,1.0,0.0,0.0,0.0,0.0,0.0,0.0,0.0,0.0,0.0,1.0,0.0,0.0,0.0,0.0,COc1ccc(-c2cc(-c3ccc(F)cc3)c(-c3ccncc3)[nH]2)cc1
CHEMBL160490,Inactive,22.0,4.0,0.0,0.0,0.0,2.0,2.0,0.0,29.0,6.0,0.0,0.0,0.0,4.0,4.0,0.0,0.0,0.0,0.0,0.0,0.0,0.0,0.0,28.0,6.0,0.0,0.0,0.0,4.0,4.0,0.0,0.0,26.0,7.0,0.0,0.0,0.0,2.0,2.0,0.0,0.0,29.0,4.0,0.0,0.0,0.0,2.0,2.0,1.0,0.0,0.0,0.0,0.0,0.0,28.0,4.0,0.0,0.0,0.0,3.0,3.0,0.0,0.0,0.0,1.0,1.0,0.0,0.0,0.0,0.0,0.0,25.0,3.0,0.0,0.0,0.0,4.0,4.0,0.0,0.0,0.0,1.0,0.0,16.0,4.0,0.0,0.0,0.0,5.0,5.0,0.0,0.0,0.0,0.0,0.0,6.0,3.0,0.0,0.0,0.0,8.0,8.0,0.0,0.0,0.0,0.0,0.0,0.0,0.0,1.0,1.0,0.0,0.0,0.0,6.0,6.0,0.0,0.0,1.0,0.0,0.0,0.0,0.0,0.0,0.0,0.0,0.0,0.0,0.0,0.0,0.0,0.0,0.0,0.0,0.0,0.0,0.0,0.0,0.0,0.0,0.0,0.0,0.0,2.0,0.0,2.0,0.0,0.0,0.0,0.0,0.0,0.0,0.0,0.0,0.0,0.0,0.0,0.0,0.0,0.0,0.0,0.0,0.0,0.0,0.0,0.0,0.0,0.0,0.0,0.0,0.0,0.0,0.0,0.0,0.0,0.0,0.0,0.0,0.0,0.0,0.0,0.0,0.0,0.0,0.0,0.0,0.0,0.0,0.0,0.0,0.0,0.0,0.0,0.0,0.0,0.0,0.0,0.0,0.0,0.0,0.0,2.0,2.0,0.0,0.0,0.0,0.0,0.0,0.0,0.0,0.0,0.0,0.0,0.0,0.0,0.0,0.0,0.0,0.0,0.0,0.0,0.0,0.0,0.0,0.0,0.0,0.0,0.0,Clc1ccc(-c2cc(-c3ccc(Cl)cc3)c(-c3ccncc3)[nH]2)cc1
CHEMBL160525,Inactive,22.0,5.0,0.0,0.0,1.0,0.0,1.0,0.0,29.0,8.0,2.0,0.0,2.0,0.0,2.0,0.0,0.0,1.0,0.0,0.0,0.0,0.0,0.0,28.0,8.0,4.0,0.0,2.0,0.0,2.0,0.0,0.0,26.0,8.0,4.0,0.0,1.0,0.0,1.0,0.0,0.0,29.0,5.0,2.0,0.0,1.0,0.0,1.0,1.0,0.0,0.0,0.0,0.0,0.0,28.0,5.0,2.0,0.0,2.0,0.0,2.0,1.0,0.0,0.0,0.0,0.0,0.0,0.0,0.0,0.0,0.0,25.0,5.0,2.0,0.0,2.0,0.0,2.0,0.0,2.0,1.0,1.0,0.0,16.0,6.0,4.0,0.0,3.0,0.0,3.0,0.0,0.0,0.0,0.0,0.0,6.0,7.0,4.0,0.0,4.0,0.0,4.0,0.0,0.0,0.0,0.0,0.0,0.0,0.0,1.0,5.0,8.0,0.0,2.0,0.0,2.0,0.0,0.0,1.0,0.0,0.0,0.0,0.0,0.0,0.0,0.0,0.0,0.0,0.0,0.0,0.0,0.0,0.0,0.0,0.0,0.0,0.0,0.0,0.0,0.0,0.0,0.0,0.0,2.0,0.0,0.0,1.0,0.0,0.0,0.0,0.0,0.0,0.0,0.0,0.0,0.0,0.0,0.0,0.0,0.0,0.0,0.0,0.0,0.0,0.0,0.0,0.0,0.0,0.0,0.0,0.0,0.0,0.0,0.0,0.0,0.0,0.0,0.0,0.0,0.0,0.0,0.0,0.0,0.0,0.0,0.0,0.0,0.0,0.0,0.0,0.0,0.0,0.0,0.0,0.0,0.0,0.0,0.0,0.0,0.0,0.0,0.0,0.0,0.0,0.0,0.0,0.0,0.0,0.0,0.0,0.0,0.0,0.0,1.0,1.0,0.0,0.0,0.0,0.0,0.0,0.0,0.0,0.0,2.0,0.0,0.0,0.0,0.0,O=[N+]([O-])c1ccc(-c2cc(-c3ccc(F)cc3)c(-c3ccncc3)[nH]2)cc1
CHEMBL160550,Inactive,22.0,4.0,0.0,0.0,0.0,1.0,1.0,0.0,29.0,6.0,0.0,0.0,0.0,2.0,2.0,0.0,0.0,0.0,0.0,0.0,0.0,0.0,0.0,28.0,6.0,0.0,0.0,0.0,2.0,2.0,0.0,0.0,26.0,7.0,0.0,0.0,0.0,1.0,1.0,0.0,0.0,29.0,4.0,0.0,0.0,0.0,1.0,1.0,1.0,0.0,0.0,0.0,0.0,0.0,28.0,4.0,0.0,0.0,0.0,1.0,1.0,0.0,0.0,0.0,1.0,1.0,0.0,0.0,0.0,0.0,0.0,25.0,3.0,0.0,0.0,0.0,2.0,2.0,0.0,0.0,0.0,0.0,0.0,16.0,4.0,0.0,0.0,0.0,2.0,2.0,0.0,0.0,0.0,0.0,0.0,6.0,3.0,0.0,0.0,0.0,4.0,4.0,0.0,0.0,0.0,0.0,0.0,0.0,0.0,1.0,1.0,0.0,0.0,0.0,4.0,4.0,0.0,0.0,0.0,0.0,0.0,0.0,0.0,0.0,0.0,0.0,0.0,0.0,0.0,0.0,0.0,0.0,0.0,0.0,0.0,0.0,0.0,0.0,0.0,0.0,0.0,0.0,0.0,1.0,0.0,1.0,0.0,0.0,0.0,0.0,0.0,0.0,0.0,0.0,0.0,0.0,0.0,0.0,0.0,0.0,0.0,0.0,0.0,0.0,0.0,0.0,0.0,0.0,0.0,0.0,0.0,0.0,0.0,0.0,0.0,0.0,0.0,0.0,0.0,0.0,0.0,0.0,0.0,0.0,0.0,0.0,0.0,0.0,0.0,0.0,0.0,0.0,0.0,0.0,0.0,0.0,0.0,0.0,0.0,0.0,0.0,1.0,1.0,0.0,0.0,0.0,0.0,0.0,0.0,0.0,0.0,0.0,0.0,0.0,0.0,0.0,0.0,0.0,0.0,0.0,0.0,0.0,0.0,0.0,0.0,0.0,0.0,0.0,Clc1ccc(-c2cc(-c3ccccc3)c(-c3ccncc3)[nH]2)cc1
CHEMBL160561,Inactive,24.0,4.0,2.0,0.0,0.0,1.0,1.0,0.0,31.0,6.0,4.0,0.0,0.0,2.0,2.0,0.0,0.0,0.0,0.0,0.0,0.0,0.0,0.0,32.0,6.0,3.0,0.0,0.0,2.0,2.0,0.0,0.0,33.0,7.0,3.0,0.0,0.0,1.0,1.0,0.0,0.0,38.0,4.0,2.0,0.0,0.0,1.0,1.0,1.0,1.0,0.0,0.0,0.0,0.0,36.0,5.0,3.0,0.0,0.0,1.0,1.0,0.0,0.0,0.0,1.0,1.0,0.0,0.0,0.0,0.0,0.0,32.0,5.0,4.0,0.0,0.0,2.0,2.0,0.0,0.0,0.0,0.0,0.0,26.0,4.0,2.0,0.0,0.0,2.0,2.0,0.0,1.0,0.0,0.0,0.0,16.0,4.0,1.0,0.0,0.0,4.0,4.0,0.0,0.0,0.0,0.0,0.0,0.0,0.0,6.0,3.0,0.0,0.0,0.0,4.0,4.0,0.0,0.0,0.0,0.0,1.0,1.0,0.0,0.0,1.0,0.0,0.0,0.0,0.0,0.0,0.0,0.0,0.0,2.0,0.0,0.0,0.0,0.0,0.0,0.0,0.0,0.0,0.0,1.0,0.0,1.0,0.0,1.0,0.0,3.0,0.0,2.0,0.0,0.0,0.0,0.0,0.0,0.0,0.0,1.0,0.0,0.0,0.0,0.0,0.0,0.0,0.0,0.0,0.0,0.0,0.0,0.0,0.0,0.0,0.0,0.0,0.0,0.0,0.0,0.0,0.0,0.0,0.0,0.0,0.0,0.0,0.0,0.0,0.0,0.0,0.0,0.0,0.0,0.0,0.0,0.0,0.0,0.0,0.0,0.0,2.0,1.0,1.0,0.0,0.0,0.0,0.0,0.0,0.0,0.0,0.0,1.0,1.0,0.0,0.0,0.0,0.0,0.0,0.0,0.0,0.0,0.0,0.0,1.0,0.0,0.0,0.0,0.0,CC(C)Oc1ccccc1-c1cc(-c2ccc(Cl)cc2)[nH]c1-c1ccncc1
CHEMBL160638,Inactive,22.0,4.0,0.0,0.0,1.0,2.0,3.0,0.0,29.0,6.0,0.0,0.0,2.0,4.0,6.0,0.0,0.0,0.0,0.0,0.0,0.0,0.0,0.0,28.0,6.0,0.0,0.0,2.0,5.0,7.0,0.0,0.0,26.0,7.0,0.0,0.0,1.0,3.0,4.0,0.0,0.0,29.0,4.0,0.0,0.0,1.0,3.0,4.0,1.0,0.0,0.0,0.0,0.0,0.0,28.0,4.0,0.0,0.0,2.0,3.0,5.0,0.0,0.0,0.0,1.0,1.0,0.0,0.0,0.0,0.0,0.0,25.0,3.0,0.0,0.0,2.0,6.0,8.0,0.0,0.0,1.0,1.0,0.0,16.0,4.0,0.0,0.0,3.0,6.0,9.0,0.0,0.0,0.0,0.0,0.0,6.0,3.0,0.0,0.0,4.0,5.0,9.0,0.0,0.0,0.0,1.0,0.0,0.0,0.0,1.0,1.0,0.0,0.0,2.0,4.0,6.0,0.0,0.0,1.0,0.0,0.0,0.0,0.0,0.0,0.0,0.0,0.0,0.0,0.0,0.0,0.0,0.0,0.0,0.0,0.0,0.0,0.0,0.0,0.0,0.0,0.0,0.0,0.0,1.0,1.0,2.0,1.0,0.0,0.0,0.0,0.0,0.0,0.0,0.0,0.0,0.0,0.0,0.0,0.0,0.0,0.0,0.0,0.0,0.0,0.0,0.0,0.0,0.0,0.0,0.0,0.0,0.0,0.0,0.0,0.0,0.0,0.0,0.0,0.0,0.0,0.0,0.0,0.0,0.0,0.0,0.0,0.0,0.0,0.0,0.0,0.0,0.0,0.0,0.0,0.0,0.0,0.0,0.0,0.0,0.0,0.0,2.0,2.0,0.0,0.0,0.0,0.0,0.0,0.0,0.0,0.0,0.0,0.0,1.0,0.0,0.0,0.0,0.0,0.0,0.0,0.0,0.0,0.0,0.0,0.0,0.0,0.0,0.0,Fc1ccc(-c2cc(-c3ccc(Cl)cc3Cl)[nH]c2-c2ccncc2)cc1
CHEMBL160690,Inactive,24.0,4.0,3.0,0.0,1.0,0.0,1.0,0.0,32.0,6.0,3.0,0.0,2.0,0.0,2.0,0.0,0.0,1.0,0.0,0.0,0.0,0.0,0.0,32.0,6.0,5.0,0.0,2.0,0.0,2.0,0.0,0.0,30.0,7.0,5.0,0.0,1.0,0.0,1.0,0.0,0.0,34.0,4.0,2.0,0.0,1.0,0.0,1.0,1.0,0.0,0.0,0.0,0.0,0.0,32.0,5.0,2.0,0.0,2.0,0.0,2.0,0.0,0.0,0.0,0.0,0.0,0.0,0.0,0.0,0.0,0.0,29.0,3.0,2.0,0.0,2.0,0.0,2.0,0.0,2.0,1.0,1.0,0.0,20.0,5.0,4.0,0.0,3.0,0.0,3.0,0.0,0.0,0.0,0.0,0.0,13.0,4.0,4.0,0.0,4.0,0.0,4.0,0.0,0.0,0.0,0.0,0.0,0.0,0.0,9.0,1.0,8.0,0.0,2.0,0.0,2.0,0.0,0.0,1.0,0.0,0.0,0.0,0.0,0.0,0.0,1.0,0.0,0.0,0.0,0.0,0.0,0.0,0.0,1.0,0.0,0.0,0.0,0.0,0.0,0.0,0.0,1.0,0.0,2.0,0.0,0.0,1.0,1.0,0.0,3.0,1.0,1.0,0.0,0.0,0.0,0.0,0.0,0.0,0.0,0.0,0.0,0.0,0.0,0.0,0.0,0.0,0.0,0.0,0.0,0.0,0.0,0.0,0.0,0.0,0.0,0.0,0.0,0.0,0.0,0.0,0.0,0.0,0.0,0.0,0.0,0.0,0.0,0.0,0.0,0.0,0.0,0.0,0.0,0.0,0.0,0.0,0.0,0.0,0.0,0.0,1.0,0.0,0.0,0.0,0.0,0.0,0.0,0.0,0.0,0.0,0.0,2.0,0.0,1.0,0.0,0.0,0.0,0.0,0.0,0.0,0.0,0.0,0.0,2.0,0.0,0.0,0.0,0.0,CCOC(=O)c1ccc(-c2cc(-c3ccc(F)cc3)c(-c3ccncc3)[nH]2)cc1
CHEMBL1644183,Active,26.0,5.0,5.0,0.0,3.0,2.0,5.0,1.0,33.0,10.0,5.0,0.0,0.0,4.0,4.0,0.0,1.0,1.0,3.0,3.0,3.0,3.0,3.0,31.0,12.0,7.0,0.0,3.0,4.0,7.0,0.0,0.0,27.0,14.0,4.0,0.0,6.0,4.0,10.0,2.0,0.0,32.0,10.0,5.0,0.0,6.0,2.0,8.0,0.0,0.0,0.0,2.0,2.0,0.0,36.0,5.0,4.0,0.0,3.0,2.0,5.0,0.0,1.0,0.0,2.0,2.0,2.0,0.0,0.0,0.0,0.0,37.0,2.0,6.0,0.0,3.0,4.0,7.0,1.0,2.0,0.0,0.0,0.0,33.0,3.0,7.0,0.0,3.0,6.0,9.0,1.0,1.0,3.0,3.0,0.0,23.0,5.0,9.0,0.0,6.0,8.0,14.0,0.0,0.0,3.0,3.0,0.0,0.0,0.0,18.0,5.0,9.0,0.0,6.0,6.0,12.0,0.0,0.0,0.0,0.0,0.0,0.0,0.0,0.0,0.0,3.0,0.0,0.0,0.0,0.0,1.0,0.0,1.0,0.0,1.0,0.0,1.0,0.0,0.0,1.0,1.0,2.0,0.0,2.0,0.0,2.0,3.0,1.0,1.0,6.0,2.0,2.0,0.0,0.0,0.0,0.0,0.0,0.0,1.0,1.0,0.0,0.0,0.0,0.0,0.0,0.0,0.0,0.0,1.0,0.0,0.0,0.0,0.0,0.0,0.0,0.0,0.0,0.0,0.0,0.0,0.0,0.0,0.0,0.0,0.0,1.0,0.0,1.0,1.0,1.0,0.0,0.0,1.0,0.0,0.0,1.0,0.0,0.0,0.0,0.0,1.0,2.0,2.0,2.0,1.0,0.0,0.0,1.0,0.0,0.0,0.0,2.0,1.0,3.0,1.0,1.0,0.0,0.0,1.0,1.0,1.0,0.0,0.0,4.0,0.0,0.0,3.0,0.0,O=C(O)CCNC(=O)c1ccc(Cn2nc(-c3cc(Cl)cc(Cl)c3)cc2-c2ccc(OC(F)(F)F)cc2)cc1
CHEMBL17370,Inactive,20.0,6.0,0.0,2.0,1.0,0.0,1.0,0.0,27.0,8.0,0.0,2.0,2.0,0.0,2.0,1.0,0.0,0.0,0.0,0.0,0.0,0.0,0.0,25.0,11.0,0.0,2.0,2.0,0.0,2.0,0.0,0.0,22.0,13.0,0.0,1.0,1.0,0.0,1.0,0.0,0.0,26.0,8.0,0.0,1.0,1.0,0.0,1.0,1.0,0.0,0.0,0.0,0.0,0.0,29.0,3.0,0.0,0.0,1.0,0.0,1.0,1.0,0.0,1.0,0.0,1.0,0.0,0.0,0.0,0.0,0.0,25.0,5.0,0.0,2.0,2.0,0.0,2.0,0.0,0.0,1.0,1.0,0.0,18.0,4.0,0.0,2.0,3.0,0.0,3.0,0.0,0.0,0.0,0.0,0.0,8.0,3.0,0.0,4.0,4.0,0.0,4.0,0.0,0.0,0.0,0.0,0.0,0.0,0.0,5.0,1.0,0.0,4.0,2.0,0.0,2.0,0.0,0.0,1.0,0.0,0.0,0.0,0.0,0.0,0.0,0.0,0.0,0.0,0.0,0.0,0.0,0.0,0.0,1.0,0.0,0.0,0.0,0.0,0.0,0.0,0.0,0.0,0.0,2.0,0.0,0.0,1.0,0.0,0.0,1.0,0.0,0.0,0.0,0.0,0.0,0.0,0.0,0.0,0.0,0.0,0.0,0.0,0.0,0.0,0.0,0.0,0.0,0.0,0.0,0.0,0.0,0.0,0.0,0.0,0.0,0.0,0.0,0.0,0.0,0.0,0.0,0.0,0.0,0.0,0.0,0.0,0.0,0.0,0.0,0.0,0.0,0.0,0.0,0.0,0.0,0.0,0.0,0.0,0.0,0.0,0.0,0.0,0.0,0.0,0.0,0.0,0.0,0.0,0.0,0.0,0.0,0.0,0.0,1.0,0.0,0.0,0.0,0.0,0.0,0.0,0.0,0.0,0.0,0.0,0.0,0.0,0.0,0.0,CSc1ccc(-c2nc(-c3ccc(F)cc3)c(-c3ccncc3)[nH]2)cc1
CHEMBL17396,Inactive,21.0,7.0,0.0,0.0,1.0,0.0,1.0,0.0,28.0,9.0,0.0,0.0,2.0,0.0,2.0,1.0,0.0,0.0,0.0,0.0,0.0,0.0,0.0,25.0,13.0,0.0,0.0,2.0,0.0,2.0,0.0,0.0,21.0,15.0,0.0,0.0,1.0,0.0,1.0,0.0,0.0,26.0,9.0,0.0,0.0,1.0,0.0,1.0,1.0,0.0,0.0,0.0,0.0,0.0,28.0,6.0,0.0,0.0,1.0,0.0,1.0,1.0,0.0,1.0,0.0,1.0,0.0,0.0,0.0,0.0,0.0,27.0,3.0,0.0,0.0,2.0,0.0,2.0,2.0,0.0,1.0,1.0,0.0,18.0,6.0,0.0,0.0,3.0,0.0,3.0,0.0,0.0,0.0,0.0,0.0,10.0,5.0,0.0,0.0,4.0,0.0,4.0,0.0,0.0,0.0,0.0,0.0,0.0,0.0,5.0,5.0,0.0,0.0,2.0,0.0,2.0,0.0,0.0,1.0,0.0,0.0,0.0,0.0,0.0,0.0,0.0,0.0,0.0,0.0,0.0,0.0,0.0,0.0,0.0,0.0,0.0,0.0,0.0,0.0,0.0,0.0,0.0,0.0,2.0,0.0,0.0,1.0,0.0,0.0,1.0,0.0,0.0,0.0,0.0,0.0,0.0,0.0,0.0,0.0,0.0,0.0,0.0,0.0,0.0,0.0,0.0,0.0,0.0,0.0,0.0,0.0,0.0,0.0,0.0,0.0,0.0,0.0,0.0,0.0,0.0,0.0,0.0,0.0,0.0,0.0,0.0,0.0,0.0,0.0,0.0,0.0,0.0,0.0,0.0,0.0,0.0,0.0,0.0,0.0,0.0,0.0,0.0,0.0,0.0,0.0,0.0,0.0,0.0,0.0,0.0,0.0,0.0,0.0,1.0,1.0,0.0,0.0,0.0,0.0,0.0,0.0,0.0,0.0,0.0,0.0,0.0,0.0,0.0,N#Cc1ccc(-c2nc(-c3ccncc3)c(-c3ccc(F)cc3)[nH]2)cc1
CHEMBL17722,Inactive,21.0,6.0,3.0,0.0,1.0,0.0,1.0,0.0,29.0,8.0,2.0,0.0,2.0,0.0,2.0,1.0,0.0,1.0,0.0,0.0,0.0,0.0,0.0,26.0,11.0,5.0,0.0,2.0,0.0,2.0,0.0,0.0,23.0,13.0,4.0,0.0,1.0,0.0,1.0,0.0,0.0,28.0,8.0,2.0,0.0,1.0,0.0,1.0,1.0,0.0,0.0,0.0,0.0,0.0,29.0,5.0,2.0,0.0,1.0,0.0,1.0,1.0,0.0,1.0,0.0,1.0,0.0,0.0,0.0,0.0,0.0,28.0,3.0,0.0,0.0,2.0,0.0,2.0,0.0,4.0,1.0,1.0,0.0,18.0,6.0,4.0,0.0,3.0,0.0,3.0,0.0,0.0,0.0,0.0,0.0,12.0,3.0,4.0,0.0,4.0,0.0,4.0,0.0,0.0,0.0,0.0,0.0,0.0,0.0,7.0,1.0,8.0,0.0,2.0,0.0,2.0,0.0,0.0,1.0,0.0,0.0,0.0,0.0,0.0,0.0,0.0,0.0,0.0,0.0,0.0,0.0,0.0,0.0,1.0,0.0,0.0,0.0,0.0,0.0,0.0,0.0,1.0,0.0,2.0,0.0,0.0,1.0,1.0,0.0,2.0,1.0,0.0,0.0,0.0,0.0,0.0,0.0,0.0,0.0,0.0,0.0,0.0,0.0,0.0,0.0,0.0,0.0,0.0,0.0,0.0,0.0,0.0,0.0,0.0,0.0,0.0,0.0,0.0,0.0,0.0,0.0,0.0,0.0,0.0,0.0,0.0,0.0,0.0,0.0,0.0,0.0,0.0,0.0,0.0,0.0,0.0,0.0,0.0,0.0,0.0,0.0,0.0,0.0,0.0,0.0,0.0,0.0,0.0,0.0,0.0,0.0,2.0,0.0,1.0,0.0,0.0,0.0,0.0,0.0,0.0,0.0,0.0,0.0,2.0,0.0,0.0,0.0,0.0,COC(=O)c1ccc(-c2nc(-c3ccc(F)cc3)c(-c3ccncc3)[nH]2)cc1
CHEMBL17736,Inactive,20.0,7.0,0.0,0.0,1.0,0.0,1.0,0.0,26.0,10.0,0.0,0.0,2.0,0.0,2.0,1.0,0.0,0.0,0.0,0.0,0.0,0.0,0.0,23.0,13.0,0.0,0.0,2.0,0.0,2.0,0.0,0.0,20.0,14.0,0.0,0.0,1.0,0.0,1.0,0.0,0.0,25.0,9.0,0.0,0.0,1.0,0.0,1.0,1.0,0.0,0.0,0.0,0.0,0.0,28.0,3.0,0.0,0.0,1.0,0.0,1.0,3.0,0.0,1.0,0.0,1.0,0.0,0.0,0.0,0.0,0.0,25.0,5.0,0.0,0.0,2.0,0.0,2.0,0.0,0.0,1.0,1.0,0.0,16.0,6.0,0.0,0.0,3.0,0.0,3.0,0.0,0.0,0.0,0.0,0.0,6.0,7.0,0.0,0.0,4.0,0.0,4.0,0.0,0.0,0.0,0.0,0.0,0.0,0.0,1.0,5.0,0.0,0.0,2.0,0.0,2.0,0.0,0.0,1.0,0.0,0.0,0.0,0.0,0.0,0.0,0.0,0.0,0.0,0.0,0.0,0.0,0.0,0.0,0.0,0.0,0.0,0.0,0.0,1.0,0.0,0.0,0.0,0.0,2.0,0.0,0.0,1.0,0.0,0.0,0.0,0.0,0.0,0.0,0.0,0.0,0.0,0.0,0.0,0.0,0.0,0.0,0.0,0.0,0.0,0.0,0.0,0.0,0.0,0.0,0.0,0.0,0.0,0.0,0.0,0.0,0.0,0.0,0.0,0.0,0.0,0.0,0.0,0.0,0.0,0.0,0.0,0.0,0.0,0.0,0.0,0.0,0.0,0.0,0.0,0.0,0.0,0.0,0.0,0.0,0.0,0.0,0.0,0.0,0.0,0.0,0.0,0.0,0.0,0.0,0.0,0.0,0.0,0.0,1.0,1.0,0.0,0.0,0.0,0.0,0.0,0.0,0.0,0.0,0.0,0.0,0.0,0.0,0.0,Nc1ccc(-c2nc(-c3ccc(F)cc3)c(-c3ccncc3)[nH]2)cc1
CHEMBL182148,Inactive,25.0,6.0,1.0,2.0,0.0,0.0,0.0,0.0,35.0,7.0,1.0,3.0,0.0,0.0,0.0,0.0,1.0,0.0,0.0,0.0,0.0,0.0,0.0,35.0,12.0,3.0,4.0,0.0,0.0,0.0,0.0,0.0,32.0,10.0,3.0,2.0,0.0,0.0,0.0,0.0,0.0,30.0,8.0,3.0,4.0,0.0,0.0,0.0,0.0,0.0,0.0,0.0,0.0,0.0,32.0,3.0,2.0,4.0,0.0,0.0,0.0,1.0,1.0,0.0,0.0,0.0,0.0,0.0,0.0,0.0,0.0,29.0,5.0,2.0,3.0,0.0,0.0,0.0,1.0,0.0,0.0,0.0,0.0,23.0,7.0,0.0,3.0,0.0,0.0,0.0,0.0,1.0,0.0,0.0,0.0,18.0,7.0,2.0,1.0,0.0,0.0,0.0,0.0,0.0,0.0,0.0,0.0,0.0,0.0,14.0,8.0,2.0,0.0,0.0,0.0,0.0,0.0,0.0,0.0,0.0,3.0,0.0,0.0,1.0,0.0,8.0,5.0,2.0,2.0,0.0,3.0,1.0,0.0,3.0,1.0,0.0,1.0,1.0,0.0,0.0,0.0,1.0,0.0,0.0,0.0,0.0,0.0,0.0,0.0,16.0,1.0,11.0,1.0,0.0,1.0,1.0,0.0,0.0,1.0,9.0,2.0,0.0,0.0,0.0,2.0,1.0,1.0,0.0,2.0,2.0,6.0,2.0,2.0,2.0,1.0,0.0,0.0,0.0,0.0,0.0,0.0,0.0,0.0,3.0,0.0,4.0,2.0,0.0,0.0,4.0,3.0,2.0,6.0,0.0,0.0,0.0,2.0,0.0,0.0,0.0,0.0,0.0,0.0,4.0,3.0,0.0,2.0,0.0,0.0,0.0,0.0,0.0,0.0,0.0,3.0,1.0,0.0,0.0,1.0,0.0,0.0,0.0,0.0,1.0,0.0,0.0,0.0,0.0,CCC(CC)C(=O)Nc1sc2c(c1C#N)CCC(N(C)C1CCCc3ccccc31)C2
CHEMBL1933349,Active,32.0,5.0,5.0,0.0,0.0,2.0,2.0,1.0,42.0,11.0,5.0,0.0,0.0,4.0,4.0,0.0,1.0,1.0,0.0,0.0,0.0,0.0,0.0,43.0,13.0,7.0,0.0,0.0,4.0,4.0,0.0,0.0,39.0,14.0,5.0,0.0,0.0,4.0,4.0,2.0,0.0,42.0,11.0,6.0,0.0,0.0,2.0,2.0,0.0,0.0,0.0,2.0,2.0,0.0,47.0,8.0,4.0,0.0,0.0,2.0,2.0,0.0,0.0,0.0,2.0,2.0,2.0,0.0,0.0,0.0,0.0,48.0,5.0,6.0,0.0,0.0,4.0,4.0,1.0,1.0,0.0,0.0,0.0,46.0,3.0,6.0,0.0,0.0,8.0,8.0,1.0,2.0,0.0,0.0,0.0,38.0,6.0,7.0,0.0,0.0,8.0,8.0,0.0,1.0,0.0,0.0,0.0,0.0,0.0,31.0,6.0,8.0,0.0,0.0,8.0,8.0,0.0,0.0,0.0,0.0,1.0,1.0,0.0,0.0,0.0,2.0,0.0,0.0,0.0,0.0,1.0,0.0,1.0,2.0,1.0,0.0,1.0,0.0,0.0,1.0,0.0,2.0,0.0,1.0,2.0,2.0,0.0,1.0,1.0,7.0,2.0,3.0,0.0,0.0,0.0,0.0,0.0,0.0,1.0,1.0,0.0,0.0,0.0,0.0,0.0,0.0,0.0,0.0,1.0,1.0,0.0,0.0,0.0,0.0,0.0,0.0,0.0,0.0,0.0,0.0,0.0,0.0,0.0,0.0,0.0,1.0,0.0,1.0,1.0,1.0,0.0,0.0,1.0,0.0,0.0,1.0,0.0,0.0,0.0,0.0,1.0,2.0,2.0,2.0,1.0,0.0,0.0,1.0,0.0,0.0,0.0,2.0,1.0,0.0,1.0,1.0,0.0,0.0,1.0,1.0,1.0,0.0,0.0,4.0,0.0,0.0,0.0,0.0,COc1ccc2cc(-c3cc(-c4cc(Cl)cc(Cl)c4)nn3C(C)c3ccc(C(=O)NCCC(=O)O)cc3)ccc2c1
CHEMBL219384,Active,26.0,7.0,6.0,0.0,3.0,0.0,3.0,0.0,37.0,7.0,5.0,0.0,0.0,0.0,0.0,1.0,3.0,1.0,3.0,3.0,3.0,3.0,3.0,33.0,12.0,10.0,0.0,3.0,0.0,3.0,0.0,0.0,29.0,11.0,9.0,0.0,6.0,0.0,6.0,2.0,0.0,30.0,9.0,10.0,0.0,6.0,0.0,6.0,0.0,1.0,0.0,0.0,0.0,0.0,32.0,10.0,8.0,0.0,3.0,0.0,3.0,0.0,0.0,0.0,0.0,0.0,2.0,0.0,0.0,0.0,0.0,41.0,2.0,6.0,0.0,0.0,0.0,0.0,1.0,2.0,3.0,3.0,1.0,32.0,8.0,13.0,0.0,3.0,0.0,3.0,0.0,0.0,0.0,0.0,0.0,34.0,3.0,7.0,0.0,0.0,0.0,0.0,1.0,2.0,3.0,3.0,1.0,3.0,3.0,30.0,5.0,10.0,0.0,6.0,0.0,6.0,0.0,0.0,0.0,0.0,0.0,0.0,0.0,0.0,0.0,3.0,0.0,0.0,0.0,0.0,1.0,0.0,1.0,3.0,2.0,0.0,2.0,0.0,0.0,1.0,2.0,3.0,0.0,3.0,0.0,0.0,3.0,1.0,1.0,11.0,3.0,5.0,0.0,0.0,1.0,0.0,0.0,0.0,1.0,4.0,0.0,0.0,0.0,0.0,0.0,0.0,0.0,0.0,1.0,3.0,0.0,0.0,0.0,0.0,0.0,0.0,0.0,0.0,0.0,0.0,0.0,0.0,0.0,0.0,0.0,1.0,0.0,1.0,1.0,1.0,0.0,0.0,1.0,0.0,0.0,1.0,0.0,0.0,0.0,0.0,1.0,0.0,0.0,5.0,2.0,0.0,0.0,2.0,3.0,0.0,0.0,2.0,1.0,3.0,3.0,3.0,0.0,0.0,2.0,1.0,1.0,0.0,0.0,5.0,0.0,0.0,3.0,0.0,CC(C)(C)c1ccc(N(Cc2ccc(C(=O)NCCC(=O)O)cc2)C(=O)Nc2ccc(OC(F)(F)F)cc2)cc1
CHEMBL232239,Inactive,27.0,9.0,4.0,0.0,3.0,0.0,3.0,3.0,41.0,9.0,3.0,0.0,0.0,0.0,0.0,6.0,3.0,0.0,3.0,3.0,3.0,3.0,3.0,38.0,14.0,8.0,0.0,3.0,0.0,3.0,2.0,0.0,35.0,16.0,9.0,0.0,6.0,0.0,6.0,2.0,0.0,33.0,17.0,9.0,0.0,6.0,0.0,6.0,0.0,3.0,0.0,0.0,0.0,0.0,35.0,19.0,7.0,0.0,3.0,0.0,3.0,0.0,0.0,0.0,0.0,0.0,0.0,0.0,0.0,0.0,0.0,45.0,10.0,2.0,0.0,0.0,0.0,0.0,1.0,2.0,3.0,3.0,1.0,37.0,16.0,9.0,0.0,3.0,0.0,3.0,0.0,0.0,0.0,0.0,0.0,37.0,6.0,6.0,0.0,0.0,0.0,0.0,3.0,2.0,3.0,3.0,1.0,3.0,3.0,29.0,8.0,9.0,0.0,6.0,0.0,6.0,2.0,0.0,0.0,0.0,3.0,0.0,0.0,0.0,0.0,6.0,5.0,0.0,0.0,0.0,3.0,0.0,0.0,3.0,2.0,0.0,2.0,0.0,0.0,0.0,2.0,2.0,0.0,1.0,1.0,0.0,3.0,1.0,0.0,16.0,2.0,12.0,0.0,0.0,5.0,1.0,1.0,0.0,0.0,15.0,0.0,0.0,0.0,2.0,11.0,7.0,2.0,2.0,0.0,2.0,14.0,0.0,0.0,1.0,14.0,0.0,0.0,9.0,6.0,7.0,3.0,7.0,4.0,2.0,2.0,3.0,3.0,3.0,0.0,3.0,3.0,2.0,6.0,0.0,0.0,3.0,2.0,0.0,0.0,0.0,0.0,0.0,0.0,5.0,3.0,0.0,2.0,2.0,1.0,0.0,0.0,1.0,1.0,3.0,3.0,3.0,0.0,0.0,2.0,0.0,0.0,0.0,0.0,3.0,0.0,0.0,3.0,0.0,CC(C)(C)C1CCC(N(C(=O)Nc2ccc(OC(F)(F)F)cc2)C2CCc3cc(C(=O)Nc4nn[nH]n4)ccc32)CC1
CHEMBL232241,Inactive,30.0,7.0,6.0,0.0,3.0,0.0,3.0,0.0,43.0,8.0,5.0,0.0,0.0,0.0,0.0,1.0,3.0,1.0,3.0,3.0,3.0,3.0,3.0,42.0,13.0,10.0,0.0,3.0,0.0,3.0,0.0,0.0,39.0,13.0,10.0,0.0,6.0,0.0,6.0,2.0,0.0,40.0,11.0,12.0,0.0,6.0,0.0,6.0,0.0,1.0,0.0,0.0,0.0,0.0,42.0,12.0,10.0,0.0,3.0,0.0,3.0,0.0,0.0,0.0,0.0,0.0,2.0,0.0,0.0,0.0,0.0,52.0,3.0,7.0,0.0,0.0,0.0,0.0,1.0,2.0,3.0,3.0,1.0,45.0,8.0,13.0,0.0,3.0,0.0,3.0,0.0,0.0,0.0,0.0,0.0,43.0,3.0,10.0,0.0,0.0,0.0,0.0,1.0,2.0,3.0,3.0,1.0,3.0,3.0,36.0,5.0,13.0,0.0,6.0,0.0,6.0,0.0,0.0,0.0,0.0,3.0,0.0,0.0,0.0,0.0,9.0,5.0,0.0,0.0,0.0,5.0,1.0,1.0,3.0,2.0,0.0,2.0,0.0,0.0,1.0,2.0,3.0,0.0,1.0,1.0,0.0,3.0,1.0,1.0,20.0,3.0,15.0,0.0,0.0,5.0,1.0,1.0,0.0,1.0,17.0,0.0,0.0,0.0,2.0,11.0,7.0,2.0,2.0,1.0,2.0,15.0,0.0,0.0,2.0,14.0,0.0,0.0,9.0,6.0,7.0,3.0,7.0,4.0,3.0,3.0,4.0,3.0,4.0,1.0,4.0,3.0,2.0,7.0,0.0,0.0,4.0,2.0,0.0,0.0,0.0,1.0,0.0,0.0,6.0,4.0,0.0,2.0,3.0,1.0,0.0,0.0,2.0,1.0,3.0,3.0,3.0,0.0,0.0,2.0,1.0,1.0,0.0,0.0,5.0,0.0,0.0,3.0,0.0,CC(C)(C)C1CCC(N(C(=O)Nc2ccc(OC(F)(F)F)cc2)C2CCCc3cc(C(=O)NCCC(=O)O)ccc32)CC1
CHEMBL234087,Inactive,29.0,7.0,6.0,0.0,3.0,0.0,3.0,0.0,42.0,8.0,5.0,0.0,0.0,0.0,0.0,1.0,3.0,1.0,3.0,3.0,3.0,3.0,3.0,39.0,13.0,10.0,0.0,3.0,0.0,3.0,0.0,0.0,37.0,12.0,10.0,0.0,6.0,0.0,6.0,2.0,0.0,36.0,11.0,12.0,0.0,6.0,0.0,6.0,0.0,1.0,0.0,0.0,0.0,0.0,39.0,11.0,9.0,0.0,3.0,0.0,3.0,0.0,0.0,0.0,0.0,0.0,2.0,0.0,0.0,0.0,0.0,49.0,2.0,6.0,0.0,0.0,0.0,0.0,1.0,2.0,3.0,3.0,1.0,41.0,8.0,13.0,0.0,3.0,0.0,3.0,0.0,0.0,0.0,0.0,0.0,39.0,3.0,10.0,0.0,0.0,0.0,0.0,1.0,2.0,3.0,3.0,1.0,3.0,3.0,31.0,5.0,13.0,0.0,6.0,0.0,6.0,0.0,0.0,0.0,0.0,3.0,0.0,0.0,0.0,0.0,8.0,5.0,0.0,0.0,0.0,4.0,0.0,1.0,3.0,2.0,0.0,2.0,0.0,0.0,1.0,2.0,3.0,0.0,1.0,1.0,0.0,3.0,1.0,1.0,19.0,3.0,14.0,0.0,0.0,5.0,1.0,1.0,0.0,1.0,16.0,0.0,0.0,0.0,2.0,11.0,7.0,2.0,2.0,1.0,2.0,14.0,0.0,0.0,1.0,14.0,0.0,0.0,9.0,6.0,7.0,3.0,7.0,4.0,2.0,2.0,4.0,3.0,4.0,1.0,4.0,3.0,2.0,7.0,0.0,0.0,4.0,2.0,0.0,0.0,0.0,1.0,0.0,0.0,6.0,4.0,0.0,2.0,3.0,1.0,0.0,0.0,2.0,1.0,3.0,3.0,3.0,0.0,0.0,2.0,1.0,1.0,0.0,0.0,5.0,0.0,0.0,3.0,0.0,CC(C)(C)C1CCC(N(C(=O)Nc2ccc(OC(F)(F)F)cc2)C2CCc3cc(C(=O)NCCC(=O)O)ccc32)CC1
CHEMBL24388,Inactive,23.0,2.0,2.0,0.0,1.0,0.0,1.0,0.0,30.0,4.0,3.0,0.0,2.0,0.0,2.0,0.0,0.0,0.0,0.0,0.0,0.0,0.0,0.0,32.0,7.0,5.0,0.0,2.0,0.0,2.0,0.0,0.0,40.0,2.0,6.0,0.0,1.0,0.0,1.0,1.0,0.0,40.0,3.0,10.0,0.0,1.0,0.0,1.0,0.0,0.0,0.0,0.0,0.0,0.0,38.0,3.0,7.0,0.0,2.0,0.0,2.0,0.0,1.0,0.0,0.0,0.0,1.0,0.0,0.0,0.0,0.0,25.0,2.0,9.0,0.0,4.0,0.0,4.0,0.0,0.0,0.0,0.0,0.0,16.0,0.0,2.0,0.0,3.0,0.0,3.0,0.0,0.0,1.0,1.0,0.0,6.0,0.0,2.0,0.0,5.0,0.0,5.0,0.0,0.0,0.0,0.0,0.0,0.0,0.0,3.0,0.0,0.0,0.0,1.0,0.0,1.0,0.0,0.0,0.0,0.0,2.0,2.0,0.0,0.0,2.0,5.0,0.0,0.0,0.0,0.0,3.0,2.0,0.0,5.0,0.0,0.0,0.0,0.0,0.0,2.0,0.0,0.0,0.0,0.0,1.0,0.0,1.0,0.0,2.0,12.0,0.0,8.0,0.0,0.0,0.0,0.0,0.0,0.0,0.0,5.0,0.0,0.0,0.0,0.0,0.0,0.0,0.0,0.0,0.0,0.0,2.0,0.0,0.0,0.0,1.0,0.0,0.0,0.0,0.0,0.0,0.0,0.0,0.0,0.0,0.0,0.0,0.0,0.0,0.0,0.0,0.0,0.0,0.0,0.0,0.0,0.0,0.0,0.0,0.0,0.0,0.0,0.0,0.0,0.0,0.0,0.0,0.0,0.0,0.0,0.0,0.0,1.0,0.0,1.0,0.0,0.0,0.0,0.0,0.0,0.0,0.0,0.0,0.0,2.0,0.0,0.0,0.0,0.0,CCCCCc1c(C(C)C)nc(C(C)C)c(CO)c1-c1ccc(F)cc1O
CHEMBL24616,Inactive,23.0,2.0,1.0,0.0,1.0,0.0,1.0,0.0,30.0,4.0,1.0,0.0,2.0,0.0,2.0,0.0,0.0,0.0,0.0,0.0,0.0,0.0,0.0,32.0,7.0,2.0,0.0,2.0,0.0,2.0,0.0,0.0,40.0,2.0,3.0,0.0,1.0,0.0,1.0,1.0,0.0,40.0,3.0,6.0,0.0,1.0,0.0,1.0,0.0,0.0,0.0,0.0,0.0,0.0,38.0,3.0,4.0,0.0,2.0,0.0,2.0,0.0,0.0,0.0,0.0,0.0,0.0,0.0,0.0,0.0,0.0,25.0,2.0,4.0,0.0,4.0,0.0,4.0,0.0,0.0,0.0,0.0,0.0,16.0,0.0,1.0,0.0,3.0,0.0,3.0,0.0,0.0,1.0,1.0,0.0,6.0,0.0,1.0,0.0,5.0,0.0,5.0,0.0,0.0,0.0,0.0,0.0,0.0,0.0,3.0,0.0,0.0,0.0,1.0,0.0,1.0,0.0,0.0,0.0,0.0,2.0,2.0,0.0,0.0,2.0,5.0,0.0,0.0,0.0,0.0,3.0,2.0,0.0,5.0,0.0,0.0,0.0,0.0,0.0,1.0,0.0,0.0,0.0,1.0,0.0,0.0,1.0,0.0,1.0,12.0,0.0,8.0,0.0,0.0,0.0,0.0,0.0,0.0,0.0,5.0,0.0,0.0,0.0,0.0,0.0,0.0,0.0,0.0,0.0,0.0,2.0,0.0,0.0,0.0,1.0,0.0,0.0,0.0,0.0,0.0,0.0,0.0,0.0,0.0,0.0,0.0,0.0,0.0,0.0,0.0,0.0,0.0,0.0,0.0,0.0,0.0,0.0,0.0,0.0,0.0,0.0,0.0,0.0,0.0,0.0,0.0,0.0,0.0,0.0,0.0,0.0,1.0,0.0,1.0,0.0,0.0,0.0,0.0,0.0,0.0,0.0,0.0,0.0,1.0,0.0,0.0,0.0,0.0,CCCCCc1c(C(C)C)nc(C(C)C)c(CO)c1-c1ccc(F)cc1
CHEMBL25115,Inactive,23.0,2.0,1.0,0.0,0.0,0.0,0.0,0.0,30.0,4.0,1.0,0.0,0.0,0.0,0.0,0.0,0.0,0.0,0.0,0.0,0.0,0.0,0.0,32.0,7.0,2.0,0.0,0.0,0.0,0.0,0.0,0.0,40.0,2.0,3.0,0.0,0.0,0.0,0.0,1.0,0.0,40.0,3.0,6.0,0.0,0.0,0.0,0.0,0.0,0.0,0.0,0.0,0.0,0.0,38.0,3.0,4.0,0.0,0.0,0.0,0.0,0.0,0.0,0.0,0.0,0.0,0.0,0.0,0.0,0.0,0.0,25.0,2.0,4.0,0.0,0.0,0.0,0.0,0.0,0.0,0.0,0.0,0.0,16.0,0.0,1.0,0.0,0.0,0.0,0.0,0.0,0.0,0.0,0.0,0.0,6.0,0.0,1.0,0.0,0.0,0.0,0.0,0.0,0.0,0.0,0.0,0.0,0.0,0.0,3.0,0.0,0.0,0.0,0.0,0.0,0.0,0.0,0.0,0.0,0.0,2.0,2.0,0.0,0.0,2.0,5.0,0.0,0.0,0.0,0.0,3.0,2.0,0.0,5.0,0.0,0.0,0.0,0.0,0.0,1.0,0.0,0.0,0.0,0.0,0.0,0.0,0.0,0.0,1.0,12.0,0.0,8.0,0.0,0.0,0.0,0.0,0.0,0.0,0.0,5.0,0.0,0.0,0.0,0.0,0.0,0.0,0.0,0.0,0.0,0.0,2.0,0.0,0.0,0.0,1.0,0.0,0.0,0.0,0.0,0.0,0.0,0.0,0.0,0.0,0.0,0.0,0.0,0.0,0.0,0.0,0.0,0.0,0.0,0.0,0.0,0.0,0.0,0.0,0.0,0.0,0.0,0.0,0.0,0.0,0.0,0.0,0.0,0.0,0.0,0.0,0.0,1.0,0.0,0.0,0.0,0.0,0.0,0.0,0.0,0.0,0.0,0.0,0.0,1.0,0.0,0.0,0.0,0.0,CCCCCc1c(C(C)C)nc(C(C)C)c(CO)c1-c1ccccc1
CHEMBL25637,Inactive,22.0,2.0,1.0,0.0,1.0,0.0,1.0,0.0,29.0,4.0,2.0,0.0,2.0,0.0,2.0,0.0,0.0,0.0,0.0,0.0,0.0,0.0,0.0,32.0,7.0,2.0,0.0,2.0,0.0,2.0,0.0,0.0,41.0,3.0,3.0,0.0,1.0,0.0,1.0,1.0,0.0,43.0,3.0,6.0,0.0,1.0,0.0,1.0,0.0,0.0,0.0,0.0,0.0,0.0,37.0,2.0,4.0,0.0,2.0,0.0,2.0,0.0,0.0,0.0,0.0,0.0,0.0,0.0,0.0,0.0,0.0,20.0,1.0,4.0,0.0,4.0,0.0,4.0,0.0,0.0,0.0,0.0,0.0,7.0,0.0,0.0,0.0,4.0,0.0,4.0,0.0,0.0,1.0,1.0,0.0,0.0,0.0,0.0,0.0,5.0,0.0,5.0,0.0,0.0,0.0,0.0,0.0,0.0,0.0,0.0,0.0,0.0,0.0,0.0,0.0,0.0,0.0,0.0,0.0,0.0,3.0,3.0,0.0,0.0,2.0,2.0,0.0,0.0,0.0,0.0,1.0,0.0,0.0,6.0,0.0,0.0,0.0,0.0,0.0,1.0,0.0,0.0,0.0,1.0,0.0,0.0,1.0,0.0,1.0,11.0,0.0,7.0,0.0,0.0,0.0,0.0,0.0,0.0,0.0,3.0,0.0,0.0,0.0,0.0,0.0,0.0,0.0,0.0,0.0,0.0,0.0,0.0,0.0,0.0,0.0,0.0,0.0,0.0,0.0,0.0,0.0,0.0,0.0,0.0,0.0,0.0,0.0,0.0,0.0,0.0,0.0,0.0,0.0,0.0,0.0,0.0,0.0,0.0,0.0,0.0,1.0,0.0,0.0,0.0,0.0,0.0,0.0,0.0,0.0,0.0,0.0,1.0,0.0,1.0,0.0,0.0,0.0,0.0,0.0,0.0,0.0,0.0,0.0,1.0,0.0,0.0,0.0,0.0,CCCc1c(C(C)C)nc(C(C)C)c(C(C)O)c1-c1ccc(F)cc1
CHEMBL276063,Inactive,20.0,6.0,2.0,0.0,1.0,0.0,1.0,0.0,27.0,8.0,2.0,0.0,2.0,0.0,2.0,1.0,0.0,0.0,0.0,0.0,0.0,0.0,0.0,25.0,11.0,2.0,0.0,2.0,0.0,2.0,0.0,0.0,22.0,13.0,1.0,0.0,1.0,0.0,1.0,0.0,0.0,26.0,8.0,1.0,0.0,1.0,0.0,1.0,1.0,0.0,0.0,0.0,0.0,0.0,29.0,3.0,0.0,0.0,1.0,0.0,1.0,1.0,2.0,1.0,0.0,1.0,0.0,0.0,0.0,0.0,0.0,25.0,5.0,2.0,0.0,2.0,0.0,2.0,0.0,0.0,1.0,1.0,0.0,18.0,4.0,2.0,0.0,3.0,0.0,3.0,0.0,0.0,0.0,0.0,0.0,8.0,3.0,4.0,0.0,4.0,0.0,4.0,0.0,0.0,0.0,0.0,0.0,0.0,0.0,5.0,1.0,4.0,0.0,2.0,0.0,2.0,0.0,0.0,1.0,0.0,0.0,0.0,0.0,0.0,0.0,0.0,0.0,0.0,0.0,0.0,0.0,0.0,0.0,1.0,0.0,0.0,0.0,0.0,0.0,0.0,0.0,0.0,0.0,2.0,0.0,0.0,1.0,1.0,0.0,1.0,0.0,0.0,0.0,0.0,0.0,0.0,0.0,0.0,0.0,0.0,0.0,0.0,0.0,0.0,0.0,0.0,0.0,0.0,0.0,0.0,0.0,0.0,0.0,0.0,0.0,0.0,0.0,0.0,0.0,0.0,0.0,0.0,0.0,0.0,0.0,0.0,0.0,0.0,0.0,0.0,0.0,0.0,0.0,0.0,0.0,0.0,0.0,0.0,0.0,0.0,0.0,0.0,0.0,0.0,0.0,0.0,0.0,0.0,0.0,0.0,0.0,1.0,1.0,1.0,0.0,0.0,0.0,0.0,0.0,0.0,0.0,0.0,0.0,1.0,0.0,0.0,0.0,0.0,COc1ccc(-c2nc(-c3ccc(F)cc3)c(-c3ccncc3)[nH]2)cc1
CHEMBL312928,Inactive,20.0,6.0,0.0,0.0,0.0,0.0,1.0,0.0,26.0,8.0,0.0,0.0,0.0,0.0,2.0,1.0,0.0,0.0,0.0,0.0,0.0,0.0,0.0,23.0,11.0,0.0,0.0,0.0,0.0,2.0,0.0,0.0,20.0,13.0,0.0,0.0,0.0,0.0,1.0,0.0,0.0,25.0,8.0,0.0,0.0,0.0,0.0,1.0,1.0,0.0,0.0,0.0,0.0,0.0,28.0,3.0,0.0,0.0,0.0,0.0,0.0,1.0,0.0,0.0,0.0,2.0,0.0,0.0,0.0,0.0,0.0,25.0,3.0,0.0,0.0,0.0,0.0,2.0,0.0,0.0,0.0,0.0,0.0,16.0,4.0,0.0,0.0,0.0,0.0,2.0,0.0,0.0,0.0,0.0,0.0,6.0,3.0,0.0,0.0,0.0,0.0,4.0,0.0,0.0,0.0,0.0,0.0,0.0,0.0,1.0,1.0,0.0,0.0,0.0,0.0,4.0,0.0,0.0,0.0,0.0,0.0,0.0,0.0,0.0,0.0,0.0,0.0,0.0,0.0,0.0,0.0,0.0,0.0,0.0,0.0,0.0,0.0,0.0,0.0,0.0,0.0,0.0,0.0,1.0,0.0,0.0,0.0,0.0,0.0,0.0,0.0,0.0,0.0,0.0,0.0,0.0,0.0,0.0,0.0,0.0,0.0,0.0,0.0,0.0,0.0,0.0,0.0,0.0,0.0,0.0,0.0,0.0,0.0,0.0,0.0,0.0,0.0,0.0,0.0,0.0,0.0,0.0,0.0,0.0,0.0,0.0,0.0,0.0,0.0,0.0,0.0,0.0,0.0,0.0,0.0,0.0,0.0,0.0,0.0,0.0,0.0,0.0,0.0,0.0,0.0,0.0,0.0,0.0,0.0,0.0,0.0,0.0,0.0,0.0,0.0,0.0,0.0,0.0,0.0,0.0,0.0,0.0,0.0,0.0,0.0,0.0,0.0,0.0,Brc1ccc(-c2nc(-c3ccccc3)c(-c3ccncc3)[nH]2)cc1
CHEMBL314181,Inactive,20.0,6.0,0.0,0.0,1.0,0.0,2.0,0.0,26.0,8.0,0.0,0.0,2.0,0.0,4.0,1.0,0.0,0.0,0.0,0.0,0.0,0.0,0.0,23.0,11.0,0.0,0.0,2.0,0.0,4.0,0.0,0.0,20.0,13.0,0.0,0.0,1.0,0.0,2.0,0.0,0.0,25.0,8.0,0.0,0.0,1.0,0.0,2.0,1.0,0.0,0.0,0.0,0.0,0.0,28.0,3.0,0.0,0.0,1.0,0.0,1.0,1.0,0.0,1.0,0.0,3.0,0.0,0.0,0.0,0.0,0.0,25.0,3.0,0.0,0.0,2.0,0.0,4.0,0.0,0.0,1.0,1.0,0.0,16.0,4.0,0.0,0.0,3.0,0.0,5.0,0.0,0.0,0.0,0.0,0.0,6.0,3.0,0.0,0.0,4.0,0.0,8.0,0.0,0.0,0.0,0.0,0.0,0.0,0.0,1.0,1.0,0.0,0.0,2.0,0.0,6.0,0.0,0.0,1.0,0.0,0.0,0.0,0.0,0.0,0.0,0.0,0.0,0.0,0.0,0.0,0.0,0.0,0.0,0.0,0.0,0.0,0.0,0.0,0.0,0.0,0.0,0.0,0.0,2.0,0.0,0.0,1.0,0.0,0.0,0.0,0.0,0.0,0.0,0.0,0.0,0.0,0.0,0.0,0.0,0.0,0.0,0.0,0.0,0.0,0.0,0.0,0.0,0.0,0.0,0.0,0.0,0.0,0.0,0.0,0.0,0.0,0.0,0.0,0.0,0.0,0.0,0.0,0.0,0.0,0.0,0.0,0.0,0.0,0.0,0.0,0.0,0.0,0.0,0.0,0.0,0.0,0.0,0.0,0.0,0.0,0.0,0.0,0.0,0.0,0.0,0.0,0.0,0.0,0.0,0.0,0.0,0.0,0.0,1.0,0.0,0.0,0.0,0.0,0.0,0.0,0.0,0.0,0.0,0.0,0.0,0.0,0.0,0.0,Fc1ccc(-c2[nH]c(-c3ccc(I)cc3)nc2-c2ccncc2)cc1
CHEMBL314238,Inactive,20.0,6.0,0.0,0.0,1.0,1.0,2.0,0.0,26.0,8.0,0.0,0.0,2.0,2.0,4.0,1.0,0.0,0.0,0.0,0.0,0.0,0.0,0.0,23.0,11.0,0.0,0.0,2.0,2.0,4.0,0.0,0.0,20.0,13.0,0.0,0.0,1.0,1.0,2.0,0.0,0.0,25.0,8.0,0.0,0.0,1.0,1.0,2.0,1.0,0.0,0.0,0.0,0.0,0.0,28.0,3.0,0.0,0.0,1.0,0.0,1.0,1.0,0.0,1.0,2.0,3.0,0.0,0.0,0.0,0.0,0.0,25.0,3.0,0.0,0.0,2.0,2.0,4.0,0.0,0.0,1.0,1.0,0.0,16.0,4.0,0.0,0.0,3.0,2.0,5.0,0.0,0.0,0.0,0.0,0.0,6.0,3.0,0.0,0.0,4.0,4.0,8.0,0.0,0.0,0.0,0.0,0.0,0.0,0.0,1.0,1.0,0.0,0.0,2.0,4.0,6.0,0.0,0.0,1.0,0.0,0.0,0.0,0.0,0.0,0.0,0.0,0.0,0.0,0.0,0.0,0.0,0.0,0.0,0.0,0.0,0.0,0.0,0.0,0.0,0.0,0.0,0.0,0.0,2.0,0.0,1.0,1.0,0.0,0.0,0.0,0.0,0.0,0.0,0.0,0.0,0.0,0.0,0.0,0.0,0.0,0.0,0.0,0.0,0.0,0.0,0.0,0.0,0.0,0.0,0.0,0.0,0.0,0.0,0.0,0.0,0.0,0.0,0.0,0.0,0.0,0.0,0.0,0.0,0.0,0.0,0.0,0.0,0.0,0.0,0.0,0.0,0.0,0.0,0.0,0.0,0.0,0.0,0.0,0.0,0.0,0.0,1.0,1.0,0.0,0.0,0.0,0.0,0.0,0.0,0.0,0.0,0.0,0.0,1.0,0.0,0.0,0.0,0.0,0.0,0.0,0.0,0.0,0.0,0.0,0.0,0.0,0.0,0.0,Fc1ccc(-c2[nH]c(-c3ccc(Cl)cc3)nc2-c2ccncc2)cc1
CHEMBL314652,Inactive,25.0,6.0,0.0,0.0,1.0,0.0,1.0,0.0,34.0,8.0,0.0,0.0,2.0,0.0,2.0,1.0,0.0,0.0,0.0,0.0,0.0,0.0,0.0,33.0,11.0,0.0,0.0,2.0,0.0,2.0,0.0,0.0,28.0,15.0,0.0,0.0,1.0,0.0,1.0,0.0,0.0,30.0,12.0,0.0,0.0,1.0,0.0,1.0,1.0,0.0,0.0,0.0,0.0,0.0,34.0,5.0,0.0,0.0,1.0,0.0,1.0,1.0,0.0,1.0,0.0,1.0,0.0,0.0,0.0,0.0,0.0,35.0,3.0,0.0,0.0,2.0,0.0,2.0,0.0,0.0,1.0,1.0,0.0,30.0,4.0,0.0,0.0,3.0,0.0,3.0,0.0,0.0,0.0,0.0,0.0,19.0,4.0,0.0,0.0,4.0,0.0,4.0,0.0,0.0,0.0,0.0,0.0,0.0,0.0,7.0,3.0,0.0,0.0,3.0,0.0,3.0,0.0,0.0,1.0,0.0,0.0,0.0,0.0,0.0,0.0,0.0,0.0,0.0,0.0,0.0,0.0,0.0,0.0,0.0,0.0,0.0,0.0,0.0,0.0,0.0,0.0,0.0,0.0,1.0,0.0,0.0,1.0,0.0,0.0,0.0,0.0,0.0,0.0,0.0,0.0,0.0,0.0,0.0,0.0,0.0,0.0,0.0,0.0,0.0,0.0,0.0,0.0,0.0,0.0,0.0,0.0,0.0,0.0,0.0,0.0,0.0,0.0,0.0,0.0,0.0,0.0,0.0,0.0,0.0,0.0,0.0,0.0,0.0,0.0,0.0,0.0,0.0,0.0,0.0,0.0,0.0,0.0,0.0,0.0,0.0,0.0,0.0,0.0,0.0,0.0,0.0,0.0,0.0,0.0,0.0,0.0,0.0,0.0,1.0,0.0,0.0,0.0,0.0,0.0,0.0,0.0,0.0,0.0,0.0,0.0,0.0,0.0,0.0,Fc1ccc(-c2[nH]c(-c3cccc4ccccc34)nc2-c2ccncc2)cc1
CHEMBL314701,Inactive,26.0,6.0,2.0,0.0,0.0,1.0,1.0,0.0,33.0,8.0,4.0,0.0,0.0,2.0,2.0,1.0,0.0,0.0,0.0,0.0,0.0,0.0,0.0,30.0,11.0,5.0,0.0,0.0,2.0,2.0,0.0,0.0,29.0,13.0,3.0,0.0,0.0,1.0,1.0,1.0,0.0,38.0,9.0,2.0,0.0,0.0,1.0,1.0,1.0,1.0,0.0,0.0,0.0,0.0,42.0,6.0,3.0,0.0,0.0,0.0,0.0,1.0,0.0,0.0,2.0,2.0,0.0,0.0,0.0,0.0,0.0,39.0,7.0,4.0,0.0,0.0,2.0,2.0,0.0,0.0,0.0,0.0,0.0,32.0,7.0,2.0,0.0,0.0,2.0,2.0,0.0,1.0,0.0,0.0,0.0,24.0,5.0,1.0,0.0,0.0,4.0,4.0,0.0,0.0,0.0,0.0,0.0,0.0,0.0,17.0,3.0,0.0,0.0,0.0,4.0,4.0,0.0,0.0,0.0,0.0,0.0,0.0,0.0,0.0,0.0,0.0,0.0,0.0,0.0,0.0,0.0,0.0,0.0,0.0,0.0,0.0,0.0,0.0,0.0,0.0,0.0,0.0,0.0,1.0,0.0,1.0,0.0,1.0,0.0,0.0,0.0,0.0,0.0,0.0,0.0,0.0,0.0,0.0,0.0,0.0,0.0,0.0,0.0,0.0,0.0,0.0,0.0,0.0,0.0,0.0,0.0,0.0,0.0,0.0,0.0,0.0,0.0,0.0,0.0,0.0,0.0,0.0,0.0,0.0,0.0,0.0,0.0,0.0,0.0,0.0,0.0,0.0,0.0,0.0,0.0,0.0,0.0,0.0,0.0,0.0,0.0,1.0,1.0,0.0,0.0,0.0,0.0,0.0,0.0,0.0,0.0,0.0,0.0,0.0,0.0,0.0,0.0,0.0,0.0,0.0,0.0,0.0,0.0,1.0,0.0,0.0,0.0,0.0,Clc1ccc(-c2nc(-c3ccccc3Oc3ccccc3)c(-c3ccncc3)[nH]2)cc1
CHEMBL315311,Inactive,20.0,6.0,0.0,0.0,0.0,1.0,2.0,0.0,26.0,8.0,0.0,0.0,0.0,2.0,4.0,1.0,0.0,0.0,0.0,0.0,0.0,0.0,0.0,23.0,11.0,0.0,0.0,0.0,2.0,4.0,0.0,0.0,20.0,13.0,0.0,0.0,0.0,1.0,2.0,0.0,0.0,25.0,8.0,0.0,0.0,0.0,1.0,2.0,1.0,0.0,0.0,0.0,0.0,0.0,28.0,3.0,0.0,0.0,0.0,0.0,1.0,1.0,0.0,0.0,2.0,3.0,0.0,0.0,0.0,0.0,0.0,25.0,3.0,0.0,0.0,0.0,2.0,4.0,0.0,0.0,0.0,1.0,0.0,16.0,4.0,0.0,0.0,0.0,2.0,5.0,0.0,0.0,0.0,0.0,0.0,6.0,3.0,0.0,0.0,0.0,4.0,8.0,0.0,0.0,0.0,0.0,0.0,0.0,0.0,1.0,1.0,0.0,0.0,0.0,4.0,6.0,0.0,0.0,1.0,0.0,0.0,0.0,0.0,0.0,0.0,0.0,0.0,0.0,0.0,0.0,0.0,0.0,0.0,0.0,0.0,0.0,0.0,0.0,0.0,0.0,0.0,0.0,0.0,2.0,0.0,1.0,0.0,0.0,0.0,0.0,0.0,0.0,0.0,0.0,0.0,0.0,0.0,0.0,0.0,0.0,0.0,0.0,0.0,0.0,0.0,0.0,0.0,0.0,0.0,0.0,0.0,0.0,0.0,0.0,0.0,0.0,0.0,0.0,0.0,0.0,0.0,0.0,0.0,0.0,0.0,0.0,0.0,0.0,0.0,0.0,0.0,0.0,0.0,0.0,0.0,0.0,0.0,0.0,0.0,0.0,0.0,1.0,1.0,0.0,0.0,0.0,0.0,0.0,0.0,0.0,0.0,0.0,0.0,0.0,0.0,0.0,0.0,0.0,0.0,0.0,0.0,0.0,0.0,0.0,0.0,0.0,0.0,0.0,Clc1ccc(-c2nc(-c3ccc(I)cc3)c(-c3ccncc3)[nH]2)cc1
CHEMBL315613,Inactive,26.0,6.0,2.0,0.0,0.0,1.0,1.0,0.0,33.0,8.0,4.0,0.0,0.0,2.0,2.0,1.0,0.0,0.0,0.0,0.0,0.0,0.0,0.0,30.0,11.0,4.0,0.0,0.0,2.0,2.0,0.0,0.0,28.0,13.0,2.0,0.0,0.0,1.0,1.0,0.0,0.0,35.0,8.0,1.0,0.0,0.0,1.0,1.0,1.0,0.0,0.0,0.0,0.0,0.0,37.0,3.0,1.0,0.0,0.0,0.0,0.0,1.0,1.0,0.0,2.0,2.0,0.0,0.0,0.0,0.0,0.0,32.0,4.0,2.0,0.0,0.0,2.0,2.0,0.0,1.0,0.0,0.0,0.0,23.0,7.0,3.0,0.0,0.0,2.0,2.0,0.0,0.0,0.0,0.0,0.0,16.0,7.0,4.0,0.0,0.0,4.0,4.0,0.0,0.0,0.0,0.0,0.0,0.0,0.0,16.0,4.0,2.0,0.0,0.0,4.0,4.0,0.0,1.0,0.0,0.0,0.0,0.0,0.0,0.0,0.0,0.0,0.0,0.0,0.0,0.0,0.0,0.0,0.0,0.0,0.0,0.0,0.0,0.0,0.0,0.0,0.0,0.0,0.0,2.0,0.0,1.0,0.0,1.0,0.0,0.0,0.0,0.0,0.0,0.0,0.0,0.0,0.0,0.0,0.0,0.0,0.0,0.0,0.0,0.0,0.0,0.0,0.0,0.0,0.0,0.0,0.0,0.0,0.0,0.0,0.0,0.0,0.0,0.0,0.0,0.0,0.0,0.0,0.0,0.0,0.0,0.0,0.0,0.0,0.0,0.0,0.0,0.0,0.0,0.0,0.0,0.0,0.0,0.0,0.0,0.0,0.0,1.0,1.0,0.0,0.0,0.0,0.0,0.0,0.0,0.0,0.0,0.0,0.0,0.0,0.0,0.0,0.0,0.0,0.0,0.0,0.0,0.0,0.0,1.0,0.0,0.0,0.0,0.0,Clc1ccc(-c2nc(-c3ccc(Oc4ccccc4)cc3)c(-c3ccncc3)[nH]2)cc1
CHEMBL315800,Inactive,24.0,6.0,0.0,0.0,0.0,1.0,1.0,0.0,34.0,8.0,0.0,0.0,0.0,2.0,2.0,1.0,0.0,0.0,0.0,0.0,0.0,0.0,0.0,31.0,11.0,0.0,0.0,0.0,2.0,2.0,0.0,0.0,27.0,13.0,0.0,0.0,0.0,1.0,1.0,0.0,0.0,29.0,8.0,0.0,0.0,0.0,1.0,1.0,1.0,0.0,0.0,0.0,0.0,0.0,32.0,4.0,0.0,0.0,0.0,0.0,0.0,1.0,0.0,0.0,2.0,2.0,0.0,0.0,0.0,0.0,0.0,30.0,7.0,0.0,0.0,0.0,2.0,2.0,0.0,0.0,0.0,0.0,0.0,25.0,7.0,0.0,0.0,0.0,2.0,2.0,0.0,0.0,0.0,0.0,0.0,19.0,3.0,0.0,0.0,0.0,4.0,4.0,0.0,0.0,0.0,0.0,0.0,0.0,0.0,15.0,2.0,0.0,0.0,0.0,4.0,4.0,0.0,0.0,0.0,0.0,0.0,0.0,0.0,0.0,0.0,0.0,0.0,0.0,0.0,0.0,0.0,0.0,0.0,3.0,0.0,0.0,0.0,0.0,0.0,0.0,1.0,0.0,0.0,2.0,0.0,1.0,0.0,0.0,0.0,4.0,0.0,3.0,0.0,0.0,1.0,0.0,0.0,0.0,0.0,3.0,0.0,0.0,0.0,0.0,0.0,0.0,0.0,0.0,0.0,3.0,0.0,0.0,0.0,0.0,0.0,0.0,0.0,0.0,0.0,0.0,0.0,0.0,0.0,0.0,0.0,0.0,0.0,0.0,0.0,0.0,0.0,0.0,0.0,0.0,0.0,0.0,0.0,0.0,0.0,0.0,0.0,1.0,1.0,0.0,0.0,0.0,0.0,0.0,0.0,0.0,0.0,0.0,0.0,0.0,0.0,0.0,0.0,0.0,0.0,0.0,0.0,0.0,0.0,0.0,0.0,0.0,0.0,0.0,CC(C)(C)c1ccc(-c2[nH]c(-c3ccc(Cl)cc3)nc2-c2ccncc2)cc1
CHEMBL315828,Active,23.0,6.0,2.0,0.0,0.0,1.0,1.0,0.0,29.0,8.0,3.0,0.0,0.0,2.0,2.0,1.0,0.0,0.0,0.0,0.0,0.0,0.0,0.0,27.0,11.0,4.0,0.0,0.0,2.0,2.0,0.0,0.0,26.0,13.0,3.0,0.0,0.0,1.0,1.0,1.0,0.0,33.0,9.0,2.0,0.0,0.0,1.0,1.0,1.0,1.0,0.0,0.0,0.0,0.0,37.0,5.0,3.0,0.0,0.0,0.0,0.0,1.0,0.0,0.0,2.0,2.0,0.0,0.0,0.0,0.0,0.0,35.0,5.0,4.0,0.0,0.0,2.0,2.0,0.0,0.0,0.0,0.0,0.0,27.0,6.0,2.0,0.0,0.0,2.0,2.0,0.0,1.0,0.0,0.0,0.0,17.0,5.0,1.0,0.0,0.0,4.0,4.0,0.0,0.0,0.0,0.0,0.0,0.0,0.0,11.0,2.0,0.0,0.0,0.0,4.0,4.0,0.0,0.0,0.0,0.0,0.0,0.0,0.0,0.0,0.0,3.0,0.0,0.0,0.0,0.0,2.0,1.0,0.0,1.0,0.0,0.0,0.0,0.0,0.0,0.0,0.0,0.0,0.0,1.0,0.0,1.0,0.0,1.0,0.0,4.0,0.0,3.0,0.0,0.0,0.0,0.0,0.0,0.0,0.0,2.0,0.0,0.0,0.0,0.0,0.0,0.0,0.0,0.0,0.0,0.0,1.0,0.0,0.0,0.0,0.0,0.0,0.0,0.0,0.0,0.0,0.0,0.0,0.0,0.0,0.0,0.0,0.0,0.0,1.0,0.0,0.0,0.0,0.0,0.0,0.0,0.0,0.0,0.0,0.0,0.0,1.0,1.0,1.0,0.0,0.0,0.0,0.0,0.0,0.0,0.0,0.0,1.0,1.0,0.0,0.0,0.0,0.0,0.0,0.0,0.0,0.0,0.0,0.0,1.0,0.0,0.0,0.0,0.0,CCCCOc1ccccc1-c1[nH]c(-c2ccc(Cl)cc2)nc1-c1ccncc1
CHEMBL316264,Inactive,20.0,6.0,0.0,0.0,2.0,0.0,2.0,0.0,26.0,8.0,0.0,0.0,4.0,0.0,4.0,1.0,0.0,0.0,0.0,0.0,0.0,0.0,0.0,23.0,11.0,0.0,0.0,4.0,0.0,4.0,0.0,0.0,20.0,13.0,0.0,0.0,2.0,0.0,2.0,0.0,0.0,25.0,8.0,0.0,0.0,2.0,0.0,2.0,1.0,0.0,0.0,0.0,0.0,0.0,28.0,3.0,0.0,0.0,1.0,0.0,1.0,1.0,0.0,3.0,0.0,3.0,0.0,0.0,0.0,0.0,0.0,25.0,3.0,0.0,0.0,4.0,0.0,4.0,0.0,0.0,1.0,1.0,0.0,16.0,4.0,0.0,0.0,5.0,0.0,5.0,0.0,0.0,0.0,0.0,0.0,6.0,3.0,0.0,0.0,8.0,0.0,8.0,0.0,0.0,0.0,0.0,0.0,0.0,0.0,1.0,1.0,0.0,0.0,6.0,0.0,6.0,0.0,0.0,1.0,0.0,0.0,0.0,0.0,0.0,0.0,0.0,0.0,0.0,0.0,0.0,0.0,0.0,0.0,0.0,0.0,0.0,0.0,0.0,0.0,0.0,0.0,0.0,0.0,2.0,0.0,0.0,2.0,0.0,0.0,0.0,0.0,0.0,0.0,0.0,0.0,0.0,0.0,0.0,0.0,0.0,0.0,0.0,0.0,0.0,0.0,0.0,0.0,0.0,0.0,0.0,0.0,0.0,0.0,0.0,0.0,0.0,0.0,0.0,0.0,0.0,0.0,0.0,0.0,0.0,0.0,0.0,0.0,0.0,0.0,0.0,0.0,0.0,0.0,0.0,0.0,0.0,0.0,0.0,0.0,0.0,0.0,0.0,0.0,0.0,0.0,0.0,0.0,0.0,0.0,0.0,0.0,0.0,0.0,2.0,0.0,0.0,0.0,0.0,0.0,0.0,0.0,0.0,0.0,0.0,0.0,0.0,0.0,0.0,Fc1ccc(-c2nc(-c3ccc(F)cc3)c(-c3ccncc3)[nH]2)cc1
CHEMBL316361,Inactive,24.0,6.0,4.0,0.0,0.0,1.0,1.0,0.0,30.0,8.0,6.0,0.0,0.0,2.0,2.0,1.0,0.0,0.0,0.0,0.0,0.0,0.0,0.0,29.0,11.0,7.0,0.0,0.0,2.0,2.0,0.0,0.0,31.0,13.0,3.0,0.0,0.0,1.0,1.0,1.0,1.0,37.0,9.0,5.0,0.0,0.0,1.0,1.0,1.0,1.0,0.0,0.0,0.0,0.0,40.0,5.0,6.0,0.0,0.0,0.0,0.0,1.0,1.0,0.0,2.0,2.0,0.0,0.0,0.0,0.0,0.0,37.0,6.0,8.0,0.0,0.0,2.0,2.0,0.0,1.0,0.0,0.0,0.0,32.0,7.0,5.0,0.0,0.0,2.0,2.0,0.0,1.0,0.0,0.0,0.0,23.0,6.0,5.0,0.0,0.0,4.0,4.0,0.0,0.0,0.0,0.0,0.0,0.0,0.0,18.0,3.0,2.0,0.0,0.0,4.0,4.0,0.0,1.0,0.0,0.0,0.0,0.0,0.0,0.0,0.0,4.0,0.0,0.0,0.0,0.0,2.0,0.0,0.0,2.0,0.0,0.0,0.0,0.0,0.0,0.0,0.0,0.0,0.0,1.0,1.0,1.0,0.0,2.0,0.0,6.0,0.0,4.0,0.0,0.0,0.0,0.0,0.0,0.0,0.0,2.0,0.0,0.0,0.0,0.0,0.0,0.0,0.0,0.0,0.0,0.0,0.0,0.0,0.0,0.0,0.0,0.0,0.0,0.0,0.0,0.0,0.0,0.0,0.0,0.0,0.0,0.0,0.0,0.0,2.0,0.0,0.0,0.0,0.0,0.0,0.0,0.0,0.0,0.0,0.0,0.0,2.0,1.0,1.0,0.0,0.0,0.0,0.0,0.0,0.0,0.0,0.0,2.0,2.0,0.0,0.0,0.0,0.0,0.0,0.0,0.0,0.0,0.0,0.0,2.0,0.0,0.0,0.0,0.0,CCCOc1ccc(-c2[nH]c(-c3ccc(Cl)cc3)nc2-c2ccncc2)c(OCCC)c1
CHEMBL323913,Inactive,22.0,2.0,2.0,0.0,1.0,0.0,1.0,0.0,29.0,4.0,4.0,0.0,2.0,0.0,2.0,0.0,0.0,0.0,0.0,0.0,0.0,0.0,0.0,32.0,7.0,5.0,0.0,2.0,0.0,2.0,0.0,0.0,41.0,3.0,6.0,0.0,1.0,0.0,1.0,1.0,0.0,43.0,3.0,10.0,0.0,1.0,0.0,1.0,0.0,0.0,0.0,0.0,0.0,0.0,37.0,2.0,8.0,0.0,2.0,0.0,2.0,0.0,1.0,0.0,0.0,0.0,1.0,0.0,0.0,0.0,0.0,20.0,1.0,9.0,0.0,4.0,0.0,4.0,0.0,0.0,0.0,0.0,0.0,7.0,0.0,0.0,0.0,4.0,0.0,4.0,0.0,0.0,1.0,1.0,0.0,0.0,0.0,0.0,0.0,5.0,0.0,5.0,0.0,0.0,0.0,0.0,0.0,0.0,0.0,0.0,0.0,0.0,0.0,0.0,0.0,0.0,0.0,0.0,0.0,0.0,3.0,3.0,0.0,0.0,2.0,2.0,0.0,0.0,0.0,0.0,1.0,0.0,0.0,6.0,0.0,0.0,0.0,0.0,0.0,2.0,0.0,0.0,0.0,0.0,1.0,0.0,1.0,0.0,2.0,11.0,0.0,7.0,0.0,0.0,0.0,0.0,0.0,0.0,0.0,3.0,0.0,0.0,0.0,0.0,0.0,0.0,0.0,0.0,0.0,0.0,0.0,0.0,0.0,0.0,0.0,0.0,0.0,0.0,0.0,0.0,0.0,0.0,0.0,0.0,0.0,0.0,0.0,0.0,0.0,0.0,0.0,0.0,0.0,0.0,0.0,0.0,0.0,0.0,0.0,0.0,1.0,0.0,0.0,0.0,0.0,0.0,0.0,0.0,0.0,0.0,0.0,1.0,0.0,1.0,0.0,0.0,0.0,0.0,0.0,0.0,0.0,0.0,0.0,2.0,0.0,0.0,0.0,0.0,CCCc1c(C(C)C)nc(C(C)C)c(C(C)O)c1-c1ccc(F)cc1O
CHEMBL328126,Inactive,22.0,4.0,0.0,0.0,1.0,1.0,2.0,0.0,29.0,6.0,0.0,0.0,2.0,2.0,4.0,0.0,0.0,0.0,0.0,0.0,0.0,0.0,0.0,28.0,6.0,0.0,0.0,2.0,2.0,4.0,0.0,0.0,26.0,7.0,0.0,0.0,1.0,1.0,2.0,0.0,0.0,29.0,4.0,0.0,0.0,1.0,1.0,2.0,1.0,0.0,0.0,0.0,0.0,0.0,28.0,4.0,0.0,0.0,2.0,1.0,3.0,0.0,0.0,0.0,1.0,1.0,0.0,0.0,0.0,0.0,0.0,25.0,3.0,0.0,0.0,2.0,2.0,4.0,0.0,0.0,1.0,1.0,0.0,16.0,4.0,0.0,0.0,3.0,2.0,5.0,0.0,0.0,0.0,0.0,0.0,6.0,3.0,0.0,0.0,4.0,4.0,8.0,0.0,0.0,0.0,0.0,0.0,0.0,0.0,1.0,1.0,0.0,0.0,2.0,4.0,6.0,0.0,0.0,1.0,0.0,0.0,0.0,0.0,0.0,0.0,0.0,0.0,0.0,0.0,0.0,0.0,0.0,0.0,0.0,0.0,0.0,0.0,0.0,0.0,0.0,0.0,0.0,0.0,2.0,0.0,1.0,1.0,0.0,0.0,0.0,0.0,0.0,0.0,0.0,0.0,0.0,0.0,0.0,0.0,0.0,0.0,0.0,0.0,0.0,0.0,0.0,0.0,0.0,0.0,0.0,0.0,0.0,0.0,0.0,0.0,0.0,0.0,0.0,0.0,0.0,0.0,0.0,0.0,0.0,0.0,0.0,0.0,0.0,0.0,0.0,0.0,0.0,0.0,0.0,0.0,0.0,0.0,0.0,0.0,0.0,0.0,1.0,1.0,0.0,0.0,0.0,0.0,0.0,0.0,0.0,0.0,0.0,0.0,1.0,0.0,0.0,0.0,0.0,0.0,0.0,0.0,0.0,0.0,0.0,0.0,0.0,0.0,0.0,Fc1ccc(-c2cc(-c3ccc(Cl)cc3)[nH]c2-c2ccncc2)cc1
CHEMBL333147,Inactive,24.0,2.0,2.0,0.0,1.0,0.0,1.0,0.0,31.0,4.0,4.0,0.0,2.0,0.0,2.0,0.0,0.0,0.0,0.0,0.0,0.0,0.0,0.0,34.0,7.0,5.0,0.0,2.0,0.0,2.0,0.0,0.0,43.0,3.0,6.0,0.0,1.0,0.0,1.0,1.0,0.0,46.0,3.0,10.0,0.0,1.0,0.0,1.0,0.0,0.0,0.0,0.0,0.0,0.0,42.0,3.0,8.0,0.0,2.0,0.0,2.0,0.0,1.0,0.0,0.0,0.0,1.0,0.0,0.0,0.0,0.0,29.0,2.0,9.0,0.0,4.0,0.0,4.0,0.0,0.0,0.0,0.0,0.0,17.0,0.0,2.0,0.0,4.0,0.0,4.0,0.0,0.0,1.0,1.0,0.0,7.0,0.0,2.0,0.0,5.0,0.0,5.0,0.0,0.0,0.0,0.0,0.0,0.0,0.0,3.0,0.0,0.0,0.0,1.0,0.0,1.0,0.0,0.0,0.0,0.0,3.0,3.0,0.0,0.0,2.0,4.0,0.0,0.0,0.0,0.0,3.0,2.0,0.0,6.0,0.0,0.0,0.0,0.0,0.0,2.0,0.0,0.0,0.0,0.0,1.0,0.0,1.0,0.0,2.0,13.0,0.0,9.0,0.0,0.0,0.0,0.0,0.0,0.0,0.0,5.0,0.0,0.0,0.0,0.0,0.0,0.0,0.0,0.0,0.0,0.0,2.0,0.0,0.0,0.0,1.0,0.0,0.0,0.0,0.0,0.0,0.0,0.0,0.0,0.0,0.0,0.0,0.0,0.0,0.0,0.0,0.0,0.0,0.0,0.0,0.0,0.0,0.0,0.0,0.0,0.0,1.0,0.0,0.0,0.0,0.0,0.0,0.0,0.0,0.0,0.0,0.0,1.0,0.0,1.0,0.0,0.0,0.0,0.0,0.0,0.0,0.0,0.0,0.0,2.0,0.0,0.0,0.0,0.0,CCCCCc1c(C(C)C)nc(C(C)C)c(C(C)O)c1-c1ccc(F)cc1O
CHEMBL345834,Inactive,27.0,4.0,2.0,0.0,0.0,1.0,1.0,0.0,34.0,6.0,3.0,0.0,0.0,2.0,2.0,0.0,0.0,0.0,0.0,0.0,0.0,0.0,0.0,34.0,6.0,4.0,0.0,0.0,2.0,2.0,0.0,0.0,34.0,7.0,4.0,0.0,0.0,1.0,1.0,0.0,0.0,39.0,4.0,3.0,0.0,0.0,1.0,1.0,1.0,1.0,0.0,0.0,0.0,0.0,39.0,5.0,4.0,0.0,0.0,1.0,1.0,0.0,0.0,0.0,1.0,1.0,0.0,0.0,0.0,0.0,0.0,39.0,4.0,4.0,0.0,0.0,2.0,2.0,0.0,0.0,0.0,0.0,0.0,33.0,5.0,2.0,0.0,0.0,2.0,2.0,0.0,1.0,0.0,0.0,0.0,23.0,5.0,1.0,0.0,0.0,4.0,4.0,0.0,0.0,0.0,0.0,0.0,0.0,0.0,16.0,3.0,0.0,0.0,0.0,4.0,4.0,0.0,0.0,0.0,0.0,0.0,0.0,0.0,0.0,0.0,5.0,0.0,0.0,0.0,0.0,4.0,3.0,0.0,1.0,0.0,0.0,0.0,0.0,0.0,0.0,0.0,0.0,0.0,1.0,0.0,1.0,0.0,1.0,0.0,6.0,0.0,5.0,0.0,0.0,0.0,0.0,0.0,0.0,0.0,4.0,0.0,0.0,0.0,0.0,0.0,0.0,0.0,0.0,0.0,0.0,3.0,0.0,0.0,0.0,2.0,0.0,0.0,1.0,0.0,0.0,0.0,0.0,0.0,0.0,0.0,0.0,0.0,0.0,1.0,0.0,0.0,0.0,0.0,0.0,0.0,0.0,0.0,0.0,0.0,0.0,1.0,1.0,1.0,0.0,0.0,0.0,0.0,0.0,0.0,0.0,0.0,1.0,1.0,0.0,0.0,0.0,0.0,0.0,0.0,0.0,0.0,0.0,0.0,1.0,0.0,0.0,0.0,0.0,CCCCCCOc1ccccc1-c1cc(-c2ccc(Cl)cc2)[nH]c1-c1ccncc1
CHEMBL345863,Inactive,17.0,4.0,3.0,0.0,0.0,1.0,1.0,0.0,22.0,6.0,3.0,0.0,0.0,2.0,2.0,0.0,0.0,1.0,0.0,0.0,0.0,0.0,0.0,21.0,6.0,5.0,0.0,0.0,2.0,2.0,0.0,0.0,20.0,5.0,5.0,0.0,0.0,1.0,1.0,2.0,0.0,21.0,3.0,6.0,0.0,0.0,1.0,1.0,1.0,0.0,0.0,0.0,0.0,0.0,17.0,4.0,8.0,0.0,0.0,1.0,1.0,0.0,0.0,0.0,1.0,1.0,0.0,0.0,0.0,0.0,0.0,17.0,1.0,4.0,0.0,0.0,2.0,2.0,0.0,2.0,0.0,0.0,0.0,12.0,3.0,2.0,0.0,0.0,2.0,2.0,0.0,0.0,0.0,0.0,0.0,5.0,3.0,0.0,0.0,0.0,2.0,2.0,0.0,0.0,0.0,0.0,0.0,0.0,2.0,1.0,1.0,0.0,0.0,0.0,3.0,3.0,0.0,0.0,0.0,0.0,0.0,0.0,0.0,0.0,0.0,1.0,0.0,0.0,0.0,0.0,0.0,0.0,0.0,1.0,0.0,0.0,0.0,0.0,0.0,0.0,0.0,1.0,0.0,1.0,0.0,1.0,0.0,1.0,0.0,3.0,1.0,1.0,0.0,0.0,0.0,0.0,0.0,0.0,0.0,0.0,0.0,0.0,0.0,0.0,0.0,0.0,0.0,0.0,0.0,0.0,0.0,0.0,0.0,0.0,0.0,0.0,0.0,0.0,0.0,0.0,0.0,0.0,0.0,0.0,0.0,0.0,0.0,0.0,0.0,0.0,0.0,0.0,0.0,0.0,0.0,0.0,0.0,0.0,0.0,0.0,1.0,1.0,1.0,0.0,0.0,0.0,0.0,0.0,0.0,0.0,0.0,2.0,0.0,0.0,0.0,0.0,0.0,0.0,0.0,0.0,0.0,0.0,0.0,2.0,0.0,0.0,0.0,0.0,CCOC(=O)c1cc(-c2ccc(Cl)cc2)[nH]c1-c1ccncc1
CHEMBL346698,Inactive,23.0,4.0,2.0,0.0,0.0,1.0,1.0,0.0,30.0,6.0,3.0,0.0,0.0,2.0,2.0,0.0,0.0,0.0,0.0,0.0,0.0,0.0,0.0,31.0,6.0,3.0,0.0,0.0,2.0,2.0,0.0,0.0,31.0,7.0,3.0,0.0,0.0,1.0,1.0,0.0,0.0,35.0,4.0,2.0,0.0,0.0,1.0,1.0,1.0,1.0,0.0,0.0,0.0,0.0,33.0,5.0,3.0,0.0,0.0,1.0,1.0,0.0,0.0,0.0,1.0,1.0,0.0,0.0,0.0,0.0,0.0,30.0,4.0,4.0,0.0,0.0,2.0,2.0,0.0,0.0,0.0,0.0,0.0,23.0,4.0,2.0,0.0,0.0,2.0,2.0,0.0,1.0,0.0,0.0,0.0,12.0,4.0,1.0,0.0,0.0,4.0,4.0,0.0,0.0,0.0,0.0,0.0,0.0,0.0,4.0,2.0,0.0,0.0,0.0,4.0,4.0,0.0,0.0,0.0,0.0,0.0,0.0,0.0,0.0,0.0,1.0,0.0,0.0,0.0,0.0,0.0,0.0,0.0,1.0,0.0,0.0,0.0,0.0,0.0,0.0,0.0,0.0,0.0,1.0,0.0,1.0,0.0,1.0,0.0,2.0,0.0,1.0,0.0,0.0,0.0,0.0,0.0,0.0,0.0,0.0,0.0,0.0,0.0,0.0,0.0,0.0,0.0,0.0,0.0,0.0,0.0,0.0,0.0,0.0,0.0,0.0,0.0,0.0,0.0,0.0,0.0,0.0,0.0,0.0,0.0,0.0,0.0,0.0,0.0,0.0,0.0,0.0,0.0,0.0,0.0,0.0,0.0,0.0,0.0,0.0,1.0,1.0,1.0,0.0,0.0,0.0,0.0,0.0,0.0,0.0,0.0,1.0,1.0,0.0,0.0,0.0,0.0,0.0,0.0,0.0,0.0,0.0,0.0,1.0,0.0,0.0,0.0,0.0,CCOc1ccccc1-c1cc(-c2ccc(Cl)cc2)[nH]c1-c1ccncc1
CHEMBL347462,Inactive,26.0,4.0,4.0,0.0,0.0,1.0,1.0,0.0,33.0,6.0,6.0,0.0,0.0,2.0,2.0,0.0,0.0,0.0,0.0,0.0,0.0,0.0,0.0,34.0,6.0,8.0,0.0,0.0,2.0,2.0,0.0,0.0,38.0,7.0,6.0,0.0,0.0,1.0,1.0,0.0,1.0,45.0,4.0,6.0,0.0,0.0,1.0,1.0,1.0,2.0,0.0,0.0,0.0,0.0,45.0,6.0,8.0,0.0,0.0,1.0,1.0,0.0,0.0,0.0,1.0,1.0,0.0,0.0,0.0,0.0,0.0,43.0,5.0,10.0,0.0,0.0,2.0,2.0,0.0,0.0,0.0,0.0,0.0,37.0,6.0,4.0,0.0,0.0,2.0,2.0,0.0,2.0,0.0,0.0,0.0,26.0,5.0,2.0,0.0,0.0,4.0,4.0,0.0,0.0,0.0,0.0,0.0,0.0,0.0,16.0,3.0,0.0,0.0,0.0,4.0,4.0,0.0,0.0,0.0,0.0,0.0,0.0,0.0,0.0,0.0,4.0,0.0,0.0,0.0,0.0,2.0,0.0,0.0,2.0,0.0,0.0,0.0,0.0,0.0,0.0,0.0,0.0,0.0,1.0,0.0,1.0,0.0,2.0,0.0,6.0,0.0,4.0,0.0,0.0,0.0,0.0,0.0,0.0,0.0,2.0,0.0,0.0,0.0,0.0,0.0,0.0,0.0,0.0,0.0,0.0,0.0,0.0,0.0,0.0,0.0,0.0,0.0,0.0,0.0,0.0,0.0,0.0,0.0,0.0,0.0,0.0,0.0,0.0,2.0,0.0,0.0,0.0,0.0,0.0,0.0,0.0,0.0,0.0,0.0,0.0,2.0,1.0,1.0,0.0,0.0,0.0,0.0,0.0,0.0,0.0,0.0,2.0,2.0,0.0,0.0,0.0,0.0,0.0,0.0,0.0,0.0,0.0,0.0,2.0,0.0,0.0,0.0,0.0,CCCOc1cccc(OCCC)c1-c1cc(-c2ccc(Cl)cc2)[nH]c1-c1ccncc1
CHEMBL347663,Inactive,25.0,4.0,2.0,0.0,0.0,1.0,1.0,0.0,33.0,6.0,3.0,0.0,0.0,2.0,2.0,0.0,0.0,0.0,0.0,0.0,0.0,0.0,0.0,31.0,6.0,5.0,0.0,0.0,2.0,2.0,0.0,0.0,33.0,7.0,3.0,0.0,0.0,1.0,1.0,0.0,0.0,39.0,4.0,2.0,0.0,0.0,1.0,1.0,1.0,1.0,0.0,0.0,0.0,0.0,39.0,5.0,3.0,0.0,0.0,1.0,1.0,0.0,0.0,0.0,1.0,1.0,0.0,0.0,0.0,0.0,0.0,36.0,4.0,4.0,0.0,0.0,2.0,2.0,0.0,0.0,0.0,0.0,0.0,27.0,6.0,2.0,0.0,0.0,2.0,2.0,0.0,1.0,0.0,0.0,0.0,18.0,4.0,1.0,0.0,0.0,4.0,4.0,0.0,0.0,0.0,0.0,0.0,0.0,0.0,12.0,2.0,0.0,0.0,0.0,4.0,4.0,0.0,0.0,0.0,0.0,1.0,1.0,0.0,0.0,1.0,1.0,1.0,0.0,0.0,0.0,0.0,0.0,0.0,2.0,0.0,0.0,0.0,0.0,0.0,0.0,0.0,0.0,0.0,1.0,0.0,1.0,0.0,1.0,0.0,4.0,0.0,3.0,0.0,0.0,1.0,0.0,0.0,0.0,0.0,3.0,0.0,0.0,0.0,0.0,0.0,0.0,0.0,0.0,0.0,0.0,0.0,0.0,0.0,0.0,0.0,0.0,0.0,0.0,0.0,0.0,0.0,0.0,0.0,0.0,0.0,0.0,0.0,0.0,2.0,0.0,0.0,0.0,0.0,0.0,0.0,0.0,0.0,0.0,0.0,0.0,1.0,1.0,1.0,0.0,0.0,0.0,0.0,0.0,0.0,0.0,0.0,1.0,1.0,0.0,0.0,0.0,0.0,0.0,0.0,0.0,0.0,0.0,0.0,1.0,0.0,0.0,0.0,0.0,CC(C)COc1ccccc1-c1cc(-c2ccc(Cl)cc2)[nH]c1-c1ccncc1
CHEMBL348401,Inactive,22.0,4.0,0.0,0.0,1.0,0.0,1.0,0.0,29.0,6.0,0.0,0.0,2.0,0.0,2.0,0.0,0.0,0.0,0.0,0.0,0.0,0.0,0.0,28.0,6.0,0.0,0.0,2.0,0.0,2.0,0.0,0.0,26.0,7.0,0.0,0.0,1.0,0.0,1.0,0.0,0.0,29.0,4.0,0.0,0.0,1.0,0.0,1.0,1.0,0.0,0.0,0.0,0.0,0.0,28.0,4.0,0.0,0.0,2.0,0.0,2.0,0.0,0.0,0.0,0.0,0.0,0.0,0.0,0.0,0.0,0.0,25.0,3.0,0.0,0.0,2.0,0.0,2.0,0.0,0.0,1.0,1.0,0.0,16.0,4.0,0.0,0.0,3.0,0.0,3.0,0.0,0.0,0.0,0.0,0.0,6.0,3.0,0.0,0.0,4.0,0.0,4.0,0.0,0.0,0.0,0.0,0.0,0.0,0.0,1.0,1.0,0.0,0.0,2.0,0.0,2.0,0.0,0.0,1.0,0.0,1.0,0.0,0.0,0.0,0.0,5.0,2.0,0.0,0.0,0.0,4.0,3.0,0.0,0.0,0.0,0.0,0.0,0.0,0.0,0.0,0.0,0.0,0.0,1.0,0.0,0.0,1.0,0.0,0.0,6.0,0.0,6.0,0.0,0.0,0.0,0.0,0.0,0.0,0.0,6.0,0.0,0.0,0.0,0.0,0.0,0.0,0.0,0.0,0.0,0.0,6.0,0.0,0.0,0.0,6.0,0.0,0.0,1.0,0.0,0.0,0.0,0.0,0.0,0.0,0.0,0.0,0.0,0.0,0.0,0.0,0.0,0.0,0.0,0.0,0.0,0.0,0.0,0.0,0.0,0.0,0.0,0.0,0.0,0.0,0.0,0.0,0.0,0.0,0.0,0.0,0.0,0.0,0.0,1.0,0.0,0.0,0.0,0.0,0.0,0.0,0.0,0.0,0.0,0.0,0.0,0.0,0.0,0.0,Fc1ccc(-c2cc(C3CCCCC3)[nH]c2-c2ccncc2)cc1
CHEMBL348555,Inactive,24.0,6.0,0.0,0.0,0.0,1.0,1.0,0.0,31.0,9.0,0.0,0.0,0.0,2.0,2.0,0.0,0.0,0.0,0.0,0.0,0.0,0.0,0.0,31.0,10.0,0.0,0.0,0.0,2.0,2.0,0.0,0.0,32.0,10.0,0.0,0.0,0.0,1.0,1.0,0.0,0.0,37.0,6.0,0.0,0.0,0.0,1.0,1.0,2.0,0.0,0.0,0.0,0.0,0.0,36.0,8.0,0.0,0.0,0.0,1.0,1.0,0.0,0.0,0.0,1.0,1.0,0.0,0.0,0.0,0.0,0.0,33.0,8.0,0.0,0.0,0.0,2.0,2.0,0.0,0.0,0.0,0.0,0.0,25.0,7.0,0.0,0.0,0.0,2.0,2.0,1.0,0.0,0.0,0.0,0.0,15.0,5.0,0.0,0.0,0.0,4.0,4.0,0.0,0.0,0.0,0.0,0.0,0.0,0.0,8.0,2.0,0.0,0.0,0.0,4.0,4.0,0.0,0.0,1.0,0.0,0.0,0.0,0.0,0.0,0.0,2.0,0.0,0.0,0.0,0.0,1.0,0.0,0.0,1.0,1.0,0.0,0.0,0.0,0.0,0.0,0.0,0.0,0.0,1.0,0.0,1.0,0.0,0.0,0.0,3.0,0.0,2.0,0.0,0.0,0.0,0.0,0.0,0.0,0.0,1.0,0.0,0.0,0.0,0.0,0.0,0.0,0.0,0.0,0.0,0.0,0.0,0.0,0.0,0.0,0.0,0.0,0.0,0.0,0.0,0.0,0.0,0.0,0.0,0.0,0.0,1.0,0.0,0.0,0.0,1.0,0.0,0.0,0.0,0.0,0.0,0.0,0.0,0.0,0.0,0.0,0.0,1.0,1.0,1.0,0.0,0.0,0.0,0.0,1.0,0.0,0.0,0.0,0.0,0.0,1.0,0.0,0.0,0.0,0.0,0.0,0.0,0.0,0.0,0.0,0.0,0.0,0.0,0.0,CCCNc1ccccc1-c1cc(-c2ccc(Cl)cc2)[nH]c1-c1ccncc1
CHEMBL348702,Active,29.0,2.0,4.0,0.0,0.0,1.0,1.0,1.0,38.0,4.0,6.0,0.0,0.0,2.0,2.0,0.0,1.0,0.0,0.0,0.0,0.0,0.0,0.0,35.0,6.0,9.0,0.0,0.0,2.0,2.0,0.0,1.0,25.0,9.0,9.0,0.0,0.0,2.0,2.0,0.0,0.0,23.0,9.0,6.0,0.0,0.0,0.0,0.0,0.0,0.0,0.0,1.0,1.0,0.0,27.0,5.0,3.0,0.0,0.0,0.0,0.0,0.0,2.0,0.0,1.0,1.0,1.0,0.0,0.0,0.0,0.0,30.0,2.0,5.0,0.0,0.0,1.0,1.0,0.0,2.0,0.0,0.0,0.0,32.0,2.0,5.0,0.0,0.0,1.0,1.0,0.0,0.0,0.0,0.0,0.0,30.0,3.0,3.0,0.0,0.0,2.0,2.0,0.0,0.0,0.0,0.0,1.0,0.0,0.0,24.0,4.0,5.0,0.0,0.0,3.0,3.0,0.0,0.0,0.0,0.0,1.0,1.0,0.0,0.0,1.0,1.0,0.0,0.0,0.0,0.0,0.0,0.0,0.0,2.0,1.0,0.0,1.0,0.0,0.0,1.0,0.0,1.0,0.0,1.0,1.0,1.0,0.0,1.0,1.0,6.0,1.0,2.0,0.0,0.0,0.0,0.0,0.0,0.0,0.0,1.0,0.0,0.0,0.0,0.0,0.0,0.0,0.0,0.0,0.0,2.0,0.0,0.0,0.0,0.0,0.0,0.0,0.0,0.0,0.0,0.0,0.0,0.0,0.0,0.0,0.0,0.0,0.0,0.0,0.0,0.0,0.0,0.0,0.0,0.0,0.0,0.0,0.0,0.0,0.0,0.0,0.0,1.0,1.0,1.0,0.0,0.0,0.0,0.0,0.0,0.0,0.0,1.0,1.0,0.0,2.0,1.0,0.0,0.0,1.0,0.0,0.0,0.0,0.0,3.0,0.0,0.0,0.0,0.0,CC(C)c1ccc(COc2ccc(C=NNC(=O)c3ccc(O)c(Cl)c3)c3ccccc23)cc1
CHEMBL350255,Inactive,22.0,4.0,0.0,0.0,0.0,1.0,2.0,0.0,29.0,6.0,0.0,0.0,0.0,2.0,4.0,0.0,0.0,0.0,0.0,0.0,0.0,0.0,0.0,28.0,6.0,0.0,0.0,0.0,2.0,4.0,0.0,0.0,26.0,7.0,0.0,0.0,0.0,1.0,3.0,0.0,0.0,29.0,4.0,0.0,0.0,0.0,1.0,3.0,1.0,0.0,0.0,0.0,0.0,0.0,28.0,4.0,0.0,0.0,0.0,1.0,3.0,0.0,0.0,0.0,1.0,2.0,0.0,0.0,0.0,0.0,0.0,25.0,3.0,0.0,0.0,0.0,2.0,5.0,0.0,0.0,0.0,0.0,0.0,16.0,4.0,0.0,0.0,0.0,2.0,6.0,0.0,0.0,0.0,0.0,0.0,6.0,3.0,0.0,0.0,0.0,4.0,6.0,0.0,0.0,0.0,1.0,0.0,0.0,0.0,1.0,1.0,0.0,0.0,0.0,4.0,5.0,0.0,0.0,0.0,0.0,0.0,0.0,0.0,0.0,0.0,0.0,0.0,0.0,0.0,0.0,0.0,0.0,0.0,0.0,0.0,0.0,0.0,0.0,0.0,0.0,0.0,0.0,0.0,1.0,0.0,1.0,0.0,0.0,0.0,0.0,0.0,0.0,0.0,0.0,0.0,0.0,0.0,0.0,0.0,0.0,0.0,0.0,0.0,0.0,0.0,0.0,0.0,0.0,0.0,0.0,0.0,0.0,0.0,0.0,0.0,0.0,0.0,0.0,0.0,0.0,0.0,0.0,0.0,0.0,0.0,0.0,0.0,0.0,0.0,0.0,0.0,0.0,0.0,0.0,0.0,0.0,0.0,0.0,0.0,0.0,0.0,1.0,1.0,0.0,0.0,0.0,0.0,0.0,0.0,0.0,0.0,0.0,0.0,0.0,0.0,0.0,0.0,0.0,0.0,0.0,0.0,0.0,0.0,0.0,0.0,0.0,0.0,0.0,Clc1ccc(-c2cc(-c3cccc(Br)c3)c(-c3ccncc3)[nH]2)cc1
CHEMBL351104,Inactive,23.0,4.0,3.0,0.0,0.0,1.0,1.0,0.0,30.0,6.0,3.0,0.0,0.0,2.0,2.0,0.0,0.0,1.0,0.0,0.0,0.0,0.0,0.0,26.0,6.0,7.0,0.0,0.0,2.0,2.0,0.0,0.0,23.0,5.0,7.0,0.0,0.0,1.0,1.0,2.0,0.0,25.0,3.0,9.0,0.0,0.0,1.0,1.0,1.0,0.0,0.0,0.0,0.0,0.0,24.0,4.0,10.0,0.0,0.0,1.0,1.0,0.0,0.0,0.0,1.0,1.0,0.0,0.0,0.0,0.0,0.0,26.0,3.0,5.0,0.0,0.0,2.0,2.0,0.0,2.0,0.0,0.0,0.0,24.0,5.0,2.0,0.0,0.0,2.0,2.0,0.0,0.0,0.0,0.0,0.0,21.0,4.0,0.0,0.0,0.0,2.0,2.0,0.0,0.0,0.0,0.0,0.0,0.0,2.0,16.0,3.0,0.0,0.0,0.0,3.0,3.0,0.0,0.0,0.0,0.0,0.0,0.0,0.0,0.0,0.0,1.0,0.0,0.0,0.0,0.0,0.0,0.0,0.0,0.0,0.0,0.0,0.0,0.0,0.0,0.0,0.0,1.0,0.0,1.0,0.0,1.0,0.0,1.0,0.0,2.0,1.0,0.0,0.0,0.0,0.0,0.0,0.0,0.0,0.0,0.0,0.0,0.0,0.0,0.0,0.0,0.0,0.0,0.0,0.0,0.0,0.0,0.0,0.0,0.0,0.0,0.0,0.0,0.0,0.0,0.0,0.0,0.0,0.0,0.0,0.0,0.0,0.0,0.0,0.0,0.0,0.0,0.0,0.0,0.0,0.0,0.0,0.0,0.0,0.0,0.0,0.0,1.0,1.0,0.0,0.0,0.0,0.0,0.0,0.0,0.0,0.0,2.0,0.0,0.0,0.0,0.0,0.0,0.0,0.0,0.0,0.0,0.0,0.0,2.0,0.0,0.0,0.0,0.0,O=C(OCc1ccccc1)c1cc(-c2ccc(Cl)cc2)[nH]c1-c1ccncc1
CHEMBL351772,Inactive,24.0,4.0,2.0,0.0,0.0,1.0,2.0,0.0,31.0,6.0,3.0,0.0,0.0,2.0,4.0,0.0,0.0,0.0,0.0,0.0,0.0,0.0,0.0,31.0,6.0,4.0,0.0,0.0,2.0,4.0,0.0,0.0,32.0,7.0,3.0,0.0,0.0,1.0,3.0,0.0,0.0,37.0,4.0,2.0,0.0,0.0,1.0,3.0,1.0,1.0,0.0,0.0,0.0,0.0,36.0,5.0,3.0,0.0,0.0,1.0,4.0,0.0,0.0,0.0,1.0,2.0,0.0,0.0,0.0,0.0,0.0,33.0,4.0,4.0,0.0,0.0,2.0,6.0,0.0,0.0,0.0,0.0,0.0,25.0,5.0,2.0,0.0,0.0,2.0,7.0,0.0,1.0,0.0,0.0,0.0,15.0,4.0,1.0,0.0,0.0,4.0,6.0,0.0,0.0,0.0,1.0,0.0,0.0,0.0,8.0,2.0,0.0,0.0,0.0,4.0,5.0,0.0,0.0,0.0,0.0,0.0,0.0,0.0,0.0,0.0,2.0,0.0,0.0,0.0,0.0,1.0,0.0,0.0,1.0,0.0,0.0,0.0,0.0,0.0,0.0,0.0,0.0,0.0,1.0,1.0,1.0,0.0,1.0,0.0,3.0,0.0,2.0,0.0,0.0,0.0,0.0,0.0,0.0,0.0,1.0,0.0,0.0,0.0,0.0,0.0,0.0,0.0,0.0,0.0,0.0,0.0,0.0,0.0,0.0,0.0,0.0,0.0,0.0,0.0,0.0,0.0,0.0,0.0,0.0,0.0,0.0,0.0,0.0,1.0,0.0,0.0,0.0,0.0,0.0,0.0,0.0,0.0,0.0,0.0,0.0,1.0,1.0,1.0,0.0,0.0,0.0,0.0,0.0,0.0,0.0,0.0,1.0,1.0,0.0,0.0,0.0,0.0,0.0,0.0,0.0,0.0,0.0,0.0,1.0,0.0,0.0,0.0,0.0,CCCOc1ccc(Br)cc1-c1cc(-c2ccc(Cl)cc2)[nH]c1-c1ccncc1
CHEMBL375167,Active,28.0,7.0,4.0,0.0,6.0,0.0,6.0,0.0,40.0,7.0,3.0,0.0,6.0,0.0,6.0,1.0,3.0,1.0,0.0,0.0,6.0,6.0,6.0,35.0,12.0,8.0,0.0,12.0,0.0,12.0,0.0,0.0,30.0,13.0,8.0,0.0,12.0,0.0,12.0,2.0,0.0,31.0,9.0,10.0,0.0,12.0,0.0,12.0,0.0,0.0,6.0,0.0,6.0,0.0,32.0,11.0,9.0,0.0,6.0,0.0,6.0,0.0,0.0,0.0,0.0,0.0,2.0,0.0,9.0,9.0,9.0,44.0,2.0,6.0,0.0,0.0,0.0,0.0,1.0,1.0,6.0,6.0,0.0,38.0,7.0,10.0,0.0,12.0,0.0,12.0,0.0,0.0,0.0,0.0,0.0,40.0,3.0,4.0,0.0,18.0,0.0,18.0,1.0,2.0,0.0,0.0,1.0,0.0,0.0,33.0,5.0,6.0,0.0,24.0,0.0,24.0,0.0,0.0,0.0,0.0,2.0,0.0,0.0,0.0,0.0,7.0,4.0,0.0,0.0,0.0,3.0,0.0,1.0,3.0,2.0,0.0,2.0,0.0,0.0,1.0,3.0,3.0,0.0,1.0,0.0,0.0,6.0,0.0,1.0,18.0,3.0,12.0,0.0,0.0,5.0,1.0,1.0,0.0,1.0,15.0,0.0,0.0,0.0,2.0,11.0,7.0,2.0,2.0,1.0,0.0,14.0,0.0,0.0,0.0,14.0,0.0,0.0,9.0,6.0,7.0,3.0,7.0,4.0,2.0,2.0,3.0,2.0,3.0,1.0,3.0,2.0,0.0,5.0,0.0,0.0,3.0,0.0,0.0,0.0,0.0,1.0,0.0,0.0,6.0,4.0,0.0,2.0,3.0,1.0,0.0,0.0,1.0,0.0,6.0,3.0,3.0,0.0,0.0,2.0,1.0,1.0,0.0,0.0,4.0,0.0,0.0,0.0,0.0,CC(C)(C)C1CCC(N(Cc2ccc(C(=O)NCCC(=O)O)cc2)C(=O)Nc2cc(C(F)(F)F)cc(C(F)(F)F)c2)CC1
CHEMBL3799802,Inactive,32.0,5.0,5.0,0.0,0.0,2.0,2.0,1.0,42.0,11.0,5.0,0.0,0.0,4.0,4.0,0.0,1.0,1.0,0.0,0.0,0.0,0.0,0.0,43.0,13.0,7.0,0.0,0.0,4.0,4.0,0.0,0.0,39.0,14.0,5.0,0.0,0.0,4.0,4.0,2.0,0.0,42.0,11.0,6.0,0.0,0.0,2.0,2.0,0.0,0.0,0.0,2.0,2.0,0.0,47.0,8.0,4.0,0.0,0.0,2.0,2.0,0.0,0.0,0.0,2.0,2.0,2.0,0.0,0.0,0.0,0.0,48.0,5.0,6.0,0.0,0.0,4.0,4.0,1.0,1.0,0.0,0.0,0.0,46.0,3.0,6.0,0.0,0.0,8.0,8.0,1.0,2.0,0.0,0.0,0.0,38.0,6.0,7.0,0.0,0.0,8.0,8.0,0.0,1.0,0.0,0.0,0.0,0.0,0.0,31.0,6.0,8.0,0.0,0.0,8.0,8.0,0.0,0.0,0.0,0.0,1.0,1.0,0.0,0.0,0.0,2.0,0.0,0.0,0.0,0.0,1.0,0.0,1.0,2.0,1.0,0.0,1.0,0.0,0.0,1.0,0.0,2.0,0.0,1.0,2.0,2.0,0.0,1.0,1.0,7.0,2.0,3.0,0.0,0.0,0.0,0.0,0.0,0.0,1.0,1.0,0.0,0.0,0.0,0.0,0.0,0.0,0.0,0.0,1.0,1.0,0.0,0.0,0.0,0.0,0.0,0.0,0.0,0.0,0.0,0.0,0.0,0.0,0.0,0.0,0.0,1.0,0.0,1.0,1.0,1.0,0.0,0.0,1.0,0.0,0.0,1.0,0.0,0.0,0.0,0.0,1.0,2.0,2.0,2.0,1.0,0.0,0.0,1.0,0.0,0.0,0.0,2.0,1.0,0.0,1.0,1.0,0.0,0.0,1.0,1.0,1.0,0.0,0.0,4.0,0.0,0.0,0.0,0.0,COc1ccc2cc(-c3cc(-c4cc(Cl)cc(Cl)c4)nn3C(C)c3ccc(C(=O)NCCC(=O)O)cc3)ccc2c1
CHEMBL386446,Active,29.0,7.0,4.0,0.0,0.0,2.0,2.0,0.0,38.0,7.0,3.0,0.0,0.0,4.0,4.0,1.0,3.0,1.0,0.0,0.0,0.0,0.0,0.0,34.0,12.0,8.0,0.0,0.0,4.0,4.0,0.0,0.0,30.0,11.0,8.0,0.0,0.0,2.0,2.0,2.0,0.0,34.0,9.0,10.0,0.0,0.0,2.0,2.0,0.0,0.0,0.0,0.0,0.0,0.0,36.0,8.0,7.0,0.0,0.0,0.0,0.0,0.0,0.0,0.0,2.0,2.0,2.0,2.0,0.0,0.0,0.0,39.0,4.0,6.0,0.0,0.0,4.0,4.0,1.0,1.0,0.0,0.0,0.0,35.0,7.0,9.0,0.0,0.0,6.0,6.0,0.0,0.0,0.0,0.0,0.0,33.0,5.0,6.0,0.0,0.0,8.0,8.0,1.0,2.0,0.0,0.0,1.0,0.0,0.0,30.0,6.0,7.0,0.0,0.0,6.0,6.0,0.0,0.0,0.0,0.0,0.0,0.0,0.0,0.0,0.0,7.0,0.0,0.0,0.0,0.0,4.0,2.0,1.0,0.0,2.0,0.0,2.0,0.0,0.0,1.0,0.0,3.0,0.0,2.0,0.0,2.0,0.0,0.0,1.0,12.0,3.0,7.0,0.0,0.0,0.0,0.0,0.0,0.0,1.0,5.0,0.0,0.0,0.0,0.0,0.0,0.0,0.0,0.0,1.0,1.0,3.0,0.0,0.0,1.0,2.0,0.0,0.0,1.0,0.0,0.0,0.0,0.0,0.0,0.0,0.0,1.0,0.0,1.0,1.0,1.0,0.0,0.0,1.0,0.0,0.0,1.0,0.0,0.0,0.0,0.0,1.0,2.0,2.0,5.0,2.0,0.0,0.0,2.0,3.0,0.0,0.0,1.0,0.0,0.0,3.0,3.0,0.0,0.0,2.0,1.0,1.0,0.0,0.0,4.0,0.0,0.0,0.0,0.0,O=C(O)CCNC(=O)c1ccc(CN(C(=O)Nc2cc(Cl)cc(Cl)c2)c2ccc(C3=CCCCC3)cc2)cc1
CHEMBL395759,Inactive,28.0,7.0,8.0,0.0,3.0,0.0,3.0,0.0,40.0,8.0,8.0,0.0,0.0,0.0,0.0,1.0,3.0,1.0,3.0,3.0,3.0,3.0,3.0,39.0,13.0,13.0,0.0,3.0,0.0,3.0,0.0,0.0,37.0,12.0,12.0,0.0,6.0,0.0,6.0,3.0,0.0,38.0,10.0,13.0,0.0,6.0,0.0,6.0,0.0,2.0,0.0,0.0,0.0,1.0,39.0,11.0,12.0,0.0,3.0,0.0,3.0,0.0,1.0,0.0,0.0,0.0,3.0,0.0,0.0,0.0,0.0,48.0,3.0,11.0,0.0,0.0,0.0,0.0,1.0,2.0,3.0,3.0,1.0,41.0,8.0,17.0,0.0,3.0,0.0,3.0,0.0,0.0,0.0,0.0,0.0,40.0,3.0,11.0,0.0,0.0,0.0,0.0,1.0,2.0,3.0,3.0,3.0,3.0,3.0,32.0,5.0,17.0,0.0,6.0,0.0,6.0,0.0,0.0,0.0,0.0,3.0,0.0,0.0,0.0,0.0,8.0,5.0,0.0,0.0,0.0,4.0,0.0,1.0,3.0,2.0,0.0,2.0,0.0,0.0,1.0,2.0,3.0,0.0,1.0,1.0,0.0,3.0,2.0,1.0,19.0,3.0,14.0,0.0,0.0,5.0,1.0,1.0,0.0,1.0,16.0,0.0,0.0,0.0,2.0,11.0,7.0,2.0,2.0,1.0,1.0,14.0,0.0,0.0,1.0,14.0,0.0,0.0,9.0,6.0,7.0,3.0,7.0,4.0,2.0,2.0,4.0,3.0,4.0,2.0,4.0,3.0,2.0,7.0,0.0,0.0,4.0,2.0,0.0,0.0,0.0,2.0,0.0,0.0,6.0,4.0,0.0,2.0,3.0,1.0,0.0,0.0,3.0,2.0,3.0,3.0,3.0,0.0,0.0,2.0,1.0,2.0,0.0,0.0,6.0,0.0,0.0,3.0,0.0,CC(C)(C)C1CCC(N(C(=O)Nc2ccc(OC(F)(F)F)cc2)C2CCOc3cc(C(=O)NCCC(=O)O)ccc32)CC1
CHEMBL396215,Inactive,27.0,9.0,4.0,0.0,3.0,0.0,3.0,3.0,41.0,9.0,3.0,0.0,0.0,0.0,0.0,6.0,3.0,0.0,3.0,3.0,3.0,3.0,3.0,38.0,14.0,8.0,0.0,3.0,0.0,3.0,2.0,0.0,35.0,16.0,9.0,0.0,6.0,0.0,6.0,2.0,0.0,33.0,17.0,9.0,0.0,6.0,0.0,6.0,0.0,3.0,0.0,0.0,0.0,0.0,35.0,19.0,7.0,0.0,3.0,0.0,3.0,0.0,0.0,0.0,0.0,0.0,0.0,0.0,0.0,0.0,0.0,45.0,10.0,2.0,0.0,0.0,0.0,0.0,1.0,2.0,3.0,3.0,1.0,37.0,16.0,9.0,0.0,3.0,0.0,3.0,0.0,0.0,0.0,0.0,0.0,37.0,6.0,6.0,0.0,0.0,0.0,0.0,3.0,2.0,3.0,3.0,1.0,3.0,3.0,29.0,8.0,9.0,0.0,6.0,0.0,6.0,2.0,0.0,0.0,0.0,3.0,0.0,0.0,0.0,0.0,6.0,5.0,0.0,0.0,0.0,3.0,0.0,0.0,3.0,2.0,0.0,2.0,0.0,0.0,0.0,2.0,2.0,0.0,1.0,1.0,0.0,3.0,1.0,0.0,16.0,2.0,12.0,0.0,0.0,5.0,1.0,1.0,0.0,0.0,15.0,0.0,0.0,0.0,2.0,11.0,7.0,2.0,2.0,0.0,2.0,14.0,0.0,0.0,1.0,14.0,0.0,0.0,9.0,6.0,7.0,3.0,7.0,4.0,2.0,2.0,3.0,3.0,3.0,0.0,3.0,3.0,2.0,6.0,0.0,0.0,3.0,2.0,0.0,0.0,0.0,0.0,0.0,0.0,5.0,3.0,0.0,2.0,2.0,1.0,0.0,0.0,1.0,1.0,3.0,3.0,3.0,0.0,0.0,2.0,0.0,0.0,0.0,0.0,3.0,0.0,0.0,3.0,0.0,CC(C)(C)C1CCC(N(C(=O)Nc2ccc(OC(F)(F)F)cc2)C2CCc3cc(C(=O)Nc4nn[nH]n4)ccc32)CC1
CHEMBL398180,Inactive,29.0,7.0,6.0,0.0,3.0,0.0,3.0,0.0,42.0,8.0,5.0,0.0,0.0,0.0,0.0,1.0,3.0,1.0,3.0,3.0,3.0,3.0,3.0,39.0,13.0,10.0,0.0,3.0,0.0,3.0,0.0,0.0,37.0,12.0,10.0,0.0,6.0,0.0,6.0,2.0,0.0,36.0,11.0,12.0,0.0,6.0,0.0,6.0,0.0,1.0,0.0,0.0,0.0,0.0,39.0,11.0,9.0,0.0,3.0,0.0,3.0,0.0,0.0,0.0,0.0,0.0,2.0,0.0,0.0,0.0,0.0,49.0,2.0,6.0,0.0,0.0,0.0,0.0,1.0,2.0,3.0,3.0,1.0,41.0,8.0,13.0,0.0,3.0,0.0,3.0,0.0,0.0,0.0,0.0,0.0,39.0,3.0,10.0,0.0,0.0,0.0,0.0,1.0,2.0,3.0,3.0,1.0,3.0,3.0,31.0,5.0,13.0,0.0,6.0,0.0,6.0,0.0,0.0,0.0,0.0,3.0,0.0,0.0,0.0,0.0,8.0,5.0,0.0,0.0,0.0,4.0,0.0,1.0,3.0,2.0,0.0,2.0,0.0,0.0,1.0,2.0,3.0,0.0,1.0,1.0,0.0,3.0,1.0,1.0,19.0,3.0,14.0,0.0,0.0,5.0,1.0,1.0,0.0,1.0,16.0,0.0,0.0,0.0,2.0,11.0,7.0,2.0,2.0,1.0,2.0,14.0,0.0,0.0,1.0,14.0,0.0,0.0,9.0,6.0,7.0,3.0,7.0,4.0,2.0,2.0,4.0,3.0,4.0,1.0,4.0,3.0,2.0,7.0,0.0,0.0,4.0,2.0,0.0,0.0,0.0,1.0,0.0,0.0,6.0,4.0,0.0,2.0,3.0,1.0,0.0,0.0,2.0,1.0,3.0,3.0,3.0,0.0,0.0,2.0,1.0,1.0,0.0,0.0,5.0,0.0,0.0,3.0,0.0,CC(C)(C)C1CCC(N(C(=O)Nc2ccc(OC(F)(F)F)cc2)C2CCc3cc(C(=O)NCCC(=O)O)ccc32)CC1
CHEMBL411831,Active,28.0,9.0,4.0,0.0,3.0,0.0,3.0,3.0,42.0,9.0,3.0,0.0,0.0,0.0,0.0,6.0,3.0,0.0,3.0,3.0,3.0,3.0,3.0,41.0,14.0,8.0,0.0,3.0,0.0,3.0,2.0,0.0,37.0,17.0,9.0,0.0,6.0,0.0,6.0,2.0,0.0,37.0,17.0,9.0,0.0,6.0,0.0,6.0,0.0,3.0,0.0,0.0,0.0,0.0,38.0,20.0,8.0,0.0,3.0,0.0,3.0,0.0,0.0,0.0,0.0,0.0,0.0,0.0,0.0,0.0,0.0,48.0,11.0,3.0,0.0,0.0,0.0,0.0,1.0,2.0,3.0,3.0,1.0,41.0,16.0,9.0,0.0,3.0,0.0,3.0,0.0,0.0,0.0,0.0,0.0,40.0,8.0,6.0,0.0,0.0,0.0,0.0,3.0,2.0,3.0,3.0,1.0,3.0,3.0,33.0,10.0,9.0,0.0,6.0,0.0,6.0,2.0,0.0,0.0,0.0,3.0,0.0,0.0,0.0,0.0,7.0,5.0,0.0,0.0,0.0,4.0,1.0,0.0,3.0,2.0,0.0,2.0,0.0,0.0,0.0,2.0,2.0,0.0,1.0,1.0,0.0,3.0,1.0,0.0,17.0,2.0,13.0,0.0,0.0,5.0,1.0,1.0,0.0,0.0,16.0,0.0,0.0,0.0,2.0,11.0,7.0,2.0,2.0,0.0,2.0,15.0,0.0,0.0,2.0,14.0,0.0,0.0,9.0,6.0,7.0,3.0,7.0,4.0,3.0,3.0,3.0,3.0,3.0,0.0,3.0,3.0,2.0,6.0,0.0,0.0,3.0,2.0,0.0,0.0,0.0,0.0,0.0,0.0,5.0,3.0,0.0,2.0,2.0,1.0,0.0,0.0,1.0,1.0,3.0,3.0,3.0,0.0,0.0,2.0,0.0,0.0,0.0,0.0,3.0,0.0,0.0,3.0,0.0,CC(C)(C)C1CCC(N(C(=O)Nc2ccc(OC(F)(F)F)cc2)C2CCCc3cc(C(=O)Nc4nn[nH]n4)ccc32)CC1
CHEMBL411832,Active,26.0,9.0,6.0,0.0,3.0,0.0,3.0,3.0,39.0,9.0,6.0,0.0,0.0,0.0,0.0,6.0,3.0,0.0,3.0,3.0,3.0,3.0,3.0,38.0,14.0,11.0,0.0,3.0,0.0,3.0,2.0,0.0,35.0,16.0,11.0,0.0,6.0,0.0,6.0,3.0,0.0,35.0,16.0,10.0,0.0,6.0,0.0,6.0,0.0,4.0,0.0,0.0,0.0,1.0,35.0,19.0,10.0,0.0,3.0,0.0,3.0,0.0,1.0,0.0,0.0,0.0,1.0,0.0,0.0,0.0,0.0,45.0,9.0,6.0,0.0,0.0,0.0,0.0,1.0,4.0,3.0,3.0,1.0,38.0,14.0,12.0,0.0,3.0,0.0,3.0,0.0,2.0,0.0,0.0,0.0,37.0,8.0,9.0,0.0,0.0,0.0,0.0,3.0,2.0,3.0,3.0,1.0,3.0,3.0,29.0,10.0,13.0,0.0,6.0,0.0,6.0,2.0,0.0,0.0,0.0,3.0,0.0,0.0,0.0,0.0,6.0,5.0,0.0,0.0,0.0,3.0,0.0,0.0,3.0,2.0,0.0,2.0,0.0,0.0,0.0,2.0,2.0,0.0,1.0,1.0,0.0,3.0,2.0,0.0,16.0,2.0,12.0,0.0,0.0,5.0,1.0,1.0,0.0,0.0,15.0,0.0,0.0,0.0,2.0,11.0,7.0,2.0,2.0,0.0,1.0,14.0,0.0,0.0,1.0,14.0,0.0,0.0,9.0,6.0,7.0,3.0,7.0,4.0,2.0,2.0,3.0,3.0,3.0,1.0,3.0,3.0,2.0,6.0,0.0,0.0,3.0,2.0,0.0,0.0,0.0,1.0,0.0,0.0,5.0,3.0,0.0,2.0,2.0,1.0,0.0,0.0,2.0,2.0,3.0,3.0,3.0,0.0,0.0,2.0,0.0,1.0,0.0,0.0,4.0,0.0,0.0,3.0,0.0,CC(C)(C)C1CCC(N(C(=O)Nc2ccc(OC(F)(F)F)cc2)C2CCOc3cc(C(=O)Nc4nn[nH]n4)ccc32)CC1
CHEMBL420232,Inactive,21.0,6.0,0.0,0.0,1.0,0.0,1.0,0.0,28.0,8.0,0.0,0.0,2.0,0.0,2.0,1.0,0.0,0.0,0.0,0.0,0.0,0.0,0.0,25.0,11.0,0.0,0.0,2.0,0.0,2.0,0.0,0.0,21.0,13.0,0.0,0.0,1.0,0.0,1.0,0.0,0.0,26.0,8.0,0.0,0.0,1.0,0.0,1.0,1.0,0.0,0.0,0.0,0.0,0.0,28.0,5.0,0.0,0.0,1.0,0.0,1.0,1.0,0.0,1.0,0.0,1.0,0.0,0.0,0.0,0.0,0.0,27.0,3.0,0.0,0.0,2.0,0.0,2.0,0.0,0.0,1.0,1.0,0.0,18.0,4.0,0.0,0.0,3.0,0.0,3.0,0.0,0.0,0.0,0.0,0.0,10.0,3.0,0.0,0.0,4.0,0.0,4.0,0.0,0.0,0.0,0.0,0.0,0.0,0.0,5.0,1.0,0.0,0.0,2.0,0.0,2.0,0.0,0.0,1.0,0.0,0.0,0.0,0.0,0.0,0.0,0.0,0.0,0.0,0.0,0.0,0.0,0.0,0.0,1.0,0.0,0.0,0.0,0.0,0.0,0.0,0.0,0.0,0.0,2.0,0.0,0.0,1.0,0.0,0.0,1.0,0.0,0.0,0.0,0.0,0.0,0.0,0.0,0.0,0.0,0.0,0.0,0.0,0.0,0.0,0.0,0.0,0.0,0.0,0.0,0.0,0.0,0.0,0.0,0.0,0.0,0.0,0.0,0.0,0.0,0.0,0.0,0.0,0.0,0.0,0.0,0.0,0.0,0.0,0.0,0.0,0.0,0.0,0.0,0.0,0.0,0.0,0.0,0.0,0.0,0.0,0.0,0.0,0.0,0.0,0.0,0.0,0.0,0.0,0.0,0.0,0.0,0.0,0.0,1.0,0.0,0.0,0.0,0.0,0.0,0.0,0.0,0.0,0.0,0.0,0.0,0.0,0.0,0.0,Cc1ccc(-c2nc(-c3ccc(F)cc3)c(-c3ccncc3)[nH]2)cc1
CHEMBL436022,Inactive,22.0,4.0,0.0,0.0,0.0,1.0,2.0,0.0,29.0,6.0,0.0,0.0,0.0,2.0,4.0,0.0,0.0,0.0,0.0,0.0,0.0,0.0,0.0,28.0,6.0,0.0,0.0,0.0,2.0,5.0,0.0,0.0,26.0,7.0,0.0,0.0,0.0,1.0,4.0,0.0,0.0,29.0,4.0,0.0,0.0,0.0,1.0,3.0,1.0,0.0,0.0,0.0,1.0,0.0,28.0,4.0,0.0,0.0,0.0,1.0,4.0,0.0,0.0,0.0,1.0,1.0,0.0,0.0,0.0,0.0,0.0,25.0,3.0,0.0,0.0,0.0,2.0,6.0,0.0,0.0,0.0,0.0,0.0,16.0,4.0,0.0,0.0,0.0,2.0,4.0,0.0,0.0,0.0,1.0,0.0,6.0,3.0,0.0,0.0,0.0,4.0,5.0,0.0,0.0,0.0,0.0,0.0,0.0,0.0,1.0,1.0,0.0,0.0,0.0,4.0,4.0,0.0,0.0,0.0,0.0,0.0,0.0,0.0,0.0,0.0,0.0,0.0,0.0,0.0,0.0,0.0,0.0,0.0,0.0,0.0,0.0,0.0,0.0,0.0,0.0,0.0,0.0,0.0,1.0,0.0,1.0,0.0,0.0,0.0,0.0,0.0,0.0,0.0,0.0,0.0,0.0,0.0,0.0,0.0,0.0,0.0,0.0,0.0,0.0,0.0,0.0,0.0,0.0,0.0,0.0,0.0,0.0,0.0,0.0,0.0,0.0,0.0,0.0,0.0,0.0,0.0,0.0,0.0,0.0,0.0,0.0,0.0,0.0,0.0,0.0,0.0,0.0,0.0,0.0,0.0,0.0,0.0,0.0,0.0,0.0,0.0,1.0,1.0,0.0,0.0,0.0,0.0,0.0,0.0,0.0,0.0,0.0,0.0,0.0,0.0,0.0,0.0,0.0,0.0,0.0,0.0,0.0,0.0,0.0,0.0,0.0,0.0,0.0,Clc1ccc(-c2cc(-c3ccccc3Br)c(-c3ccncc3)[nH]2)cc1
CHEMBL446821,Active,28.0,7.0,5.0,2.0,3.0,0.0,3.0,0.0,40.0,7.0,5.0,1.0,0.0,0.0,0.0,1.0,1.0,1.0,3.0,3.0,3.0,3.0,3.0,34.0,13.0,7.0,3.0,3.0,0.0,3.0,0.0,0.0,31.0,12.0,4.0,5.0,6.0,0.0,6.0,2.0,0.0,32.0,11.0,5.0,6.0,6.0,0.0,6.0,0.0,0.0,0.0,0.0,0.0,0.0,38.0,8.0,4.0,5.0,3.0,0.0,3.0,0.0,1.0,0.0,0.0,0.0,2.0,0.0,0.0,0.0,0.0,41.0,5.0,5.0,3.0,3.0,0.0,3.0,1.0,1.0,0.0,0.0,0.0,41.0,4.0,6.0,2.0,3.0,0.0,3.0,0.0,1.0,3.0,3.0,0.0,35.0,4.0,6.0,0.0,3.0,0.0,3.0,1.0,1.0,0.0,0.0,0.0,0.0,0.0,29.0,6.0,9.0,1.0,0.0,0.0,0.0,0.0,0.0,3.0,0.0,0.0,0.0,0.0,0.0,0.0,6.0,0.0,0.0,0.0,0.0,3.0,1.0,1.0,0.0,1.0,0.0,1.0,0.0,0.0,1.0,1.0,2.0,0.0,2.0,1.0,0.0,3.0,1.0,1.0,9.0,2.0,4.0,0.0,0.0,0.0,0.0,0.0,0.0,1.0,2.0,0.0,0.0,0.0,0.0,0.0,0.0,0.0,0.0,1.0,2.0,0.0,0.0,0.0,1.0,0.0,0.0,0.0,0.0,0.0,0.0,0.0,0.0,0.0,0.0,0.0,1.0,0.0,1.0,1.0,1.0,0.0,0.0,1.0,0.0,0.0,1.0,0.0,0.0,0.0,0.0,1.0,0.0,0.0,3.0,1.0,0.0,0.0,1.0,1.0,0.0,0.0,2.0,1.0,3.0,2.0,1.0,0.0,0.0,2.0,1.0,1.0,0.0,0.0,4.0,0.0,0.0,3.0,0.0,O=C(O)CCNC(=O)c1ccc(CN(c2ccc3c(c2)CCC3)c2nc(-c3ccc(OC(F)(F)F)cc3)cs2)cc1
CHEMBL448561,Active,33.0,7.0,3.0,2.0,0.0,1.0,1.0,0.0,47.0,7.0,3.0,1.0,0.0,2.0,2.0,1.0,1.0,1.0,0.0,0.0,0.0,0.0,0.0,42.0,13.0,5.0,3.0,0.0,2.0,2.0,0.0,0.0,39.0,11.0,3.0,5.0,0.0,1.0,1.0,2.0,0.0,37.0,11.0,4.0,6.0,0.0,1.0,1.0,0.0,0.0,0.0,0.0,0.0,0.0,41.0,7.0,2.0,4.0,0.0,1.0,1.0,1.0,1.0,0.0,1.0,1.0,2.0,0.0,0.0,0.0,0.0,40.0,9.0,6.0,3.0,0.0,1.0,1.0,0.0,0.0,0.0,0.0,0.0,44.0,6.0,5.0,2.0,0.0,0.0,0.0,1.0,1.0,0.0,1.0,0.0,43.0,8.0,6.0,3.0,0.0,2.0,2.0,0.0,0.0,0.0,0.0,0.0,0.0,0.0,41.0,6.0,3.0,3.0,0.0,3.0,3.0,0.0,2.0,0.0,0.0,0.0,0.0,0.0,0.0,0.0,4.0,0.0,0.0,0.0,0.0,1.0,0.0,1.0,0.0,1.0,0.0,1.0,0.0,0.0,1.0,0.0,2.0,0.0,2.0,1.0,1.0,0.0,0.0,1.0,6.0,2.0,2.0,0.0,0.0,0.0,0.0,0.0,0.0,1.0,1.0,0.0,0.0,0.0,0.0,0.0,0.0,0.0,0.0,1.0,0.0,0.0,0.0,0.0,0.0,0.0,0.0,0.0,0.0,0.0,0.0,0.0,0.0,0.0,0.0,0.0,1.0,0.0,1.0,1.0,1.0,0.0,0.0,1.0,0.0,0.0,1.0,0.0,0.0,0.0,0.0,1.0,1.0,1.0,3.0,1.0,0.0,0.0,1.0,1.0,0.0,0.0,1.0,0.0,0.0,2.0,1.0,0.0,0.0,2.0,1.0,1.0,0.0,0.0,3.0,0.0,0.0,0.0,0.0,O=C(O)CCNC(=O)c1ccc(N(Cc2ccc3c(c2)Cc2ccccc2-3)c2nc(-c3ccc(Cl)cc3)cs2)cc1
CHEMBL451288,Active,30.0,7.0,3.0,2.0,3.0,0.0,3.0,0.0,42.0,7.0,3.0,1.0,3.0,0.0,3.0,1.0,1.0,1.0,0.0,0.0,3.0,3.0,3.0,37.0,13.0,5.0,3.0,6.0,0.0,6.0,0.0,0.0,32.0,12.0,3.0,5.0,6.0,0.0,6.0,2.0,0.0,34.0,11.0,4.0,6.0,3.0,0.0,3.0,0.0,0.0,0.0,0.0,0.0,0.0,38.0,10.0,3.0,5.0,3.0,0.0,3.0,0.0,0.0,0.0,0.0,0.0,2.0,0.0,0.0,0.0,0.0,43.0,4.0,4.0,4.0,3.0,0.0,3.0,1.0,1.0,3.0,3.0,0.0,41.0,6.0,6.0,2.0,3.0,0.0,3.0,0.0,0.0,0.0,0.0,0.0,41.0,3.0,4.0,0.0,0.0,0.0,0.0,1.0,1.0,3.0,3.0,0.0,0.0,0.0,33.0,6.0,6.0,1.0,6.0,0.0,6.0,0.0,0.0,0.0,0.0,0.0,0.0,0.0,0.0,0.0,7.0,0.0,0.0,0.0,0.0,4.0,2.0,1.0,0.0,1.0,0.0,1.0,0.0,0.0,1.0,1.0,2.0,0.0,2.0,1.0,0.0,3.0,0.0,1.0,10.0,2.0,5.0,0.0,0.0,0.0,0.0,0.0,0.0,1.0,3.0,0.0,0.0,0.0,0.0,0.0,0.0,0.0,0.0,1.0,2.0,1.0,0.0,0.0,2.0,0.0,0.0,0.0,0.0,0.0,0.0,0.0,0.0,0.0,0.0,0.0,1.0,0.0,1.0,1.0,1.0,0.0,0.0,1.0,0.0,0.0,1.0,0.0,0.0,0.0,0.0,1.0,0.0,0.0,3.0,1.0,0.0,0.0,1.0,1.0,0.0,0.0,1.0,0.0,3.0,2.0,1.0,0.0,0.0,2.0,1.0,1.0,0.0,0.0,3.0,0.0,0.0,0.0,0.0,O=C(O)CCNC(=O)c1ccc(CN(c2ccc3c(c2)CCCC3)c2nc(-c3ccc(C(F)(F)F)cc3)cs2)cc1
CHEMBL455323,Active,33.0,7.0,5.0,2.0,3.0,0.0,3.0,0.0,48.0,7.0,5.0,1.0,0.0,0.0,0.0,1.0,1.0,1.0,3.0,3.0,3.0,3.0,3.0,44.0,13.0,7.0,3.0,3.0,0.0,3.0,0.0,0.0,40.0,12.0,4.0,5.0,6.0,0.0,6.0,2.0,0.0,39.0,11.0,5.0,6.0,6.0,0.0,6.0,0.0,0.0,0.0,0.0,0.0,0.0,41.0,10.0,4.0,5.0,3.0,0.0,3.0,0.0,1.0,0.0,0.0,0.0,2.0,0.0,0.0,0.0,0.0,45.0,7.0,5.0,3.0,3.0,0.0,3.0,1.0,1.0,0.0,0.0,0.0,47.0,6.0,6.0,4.0,3.0,0.0,3.0,0.0,1.0,3.0,3.0,0.0,45.0,6.0,6.0,2.0,3.0,0.0,3.0,1.0,1.0,0.0,0.0,0.0,0.0,0.0,43.0,6.0,9.0,1.0,0.0,0.0,0.0,0.0,0.0,3.0,0.0,0.0,0.0,0.0,0.0,0.0,4.0,0.0,0.0,0.0,0.0,1.0,0.0,1.0,0.0,1.0,0.0,1.0,0.0,0.0,1.0,1.0,2.0,0.0,2.0,1.0,0.0,3.0,1.0,1.0,7.0,2.0,2.0,0.0,0.0,0.0,0.0,0.0,0.0,1.0,1.0,0.0,0.0,0.0,0.0,0.0,0.0,0.0,0.0,1.0,0.0,0.0,0.0,0.0,0.0,0.0,0.0,0.0,0.0,0.0,0.0,0.0,0.0,0.0,0.0,0.0,1.0,0.0,1.0,1.0,1.0,0.0,0.0,1.0,0.0,0.0,1.0,0.0,0.0,0.0,0.0,1.0,0.0,0.0,3.0,1.0,0.0,0.0,1.0,1.0,0.0,0.0,2.0,1.0,3.0,2.0,1.0,0.0,0.0,2.0,1.0,1.0,0.0,0.0,4.0,0.0,0.0,3.0,0.0,O=C(O)CCNC(=O)c1ccc(CN(c2ccc3c(c2)Cc2ccccc2-3)c2nc(-c3ccc(OC(F)(F)F)cc3)cs2)cc1
CHEMBL470729,Active,25.0,7.0,3.0,2.0,3.0,1.0,4.0,0.0,34.0,7.0,3.0,1.0,3.0,2.0,5.0,1.0,1.0,1.0,0.0,0.0,3.0,3.0,3.0,28.0,13.0,5.0,3.0,6.0,2.0,8.0,0.0,0.0,26.0,11.0,3.0,5.0,6.0,1.0,7.0,2.0,0.0,29.0,10.0,4.0,6.0,3.0,1.0,4.0,0.0,0.0,0.0,0.0,0.0,0.0,34.0,7.0,3.0,4.0,0.0,1.0,1.0,0.0,0.0,3.0,1.0,4.0,2.0,0.0,0.0,0.0,0.0,35.0,3.0,4.0,2.0,6.0,1.0,7.0,1.0,1.0,0.0,0.0,0.0,33.0,4.0,6.0,1.0,3.0,0.0,3.0,0.0,0.0,3.0,4.0,0.0,29.0,3.0,4.0,0.0,12.0,2.0,14.0,1.0,1.0,0.0,0.0,0.0,0.0,0.0,21.0,6.0,6.0,1.0,9.0,3.0,12.0,0.0,0.0,0.0,0.0,0.0,0.0,0.0,0.0,0.0,3.0,0.0,0.0,0.0,0.0,1.0,0.0,1.0,0.0,1.0,0.0,1.0,0.0,0.0,1.0,1.0,2.0,0.0,3.0,0.0,1.0,3.0,0.0,1.0,6.0,2.0,2.0,0.0,0.0,0.0,0.0,0.0,0.0,1.0,1.0,0.0,0.0,0.0,0.0,0.0,0.0,0.0,0.0,1.0,0.0,0.0,0.0,0.0,0.0,0.0,0.0,0.0,0.0,0.0,0.0,0.0,0.0,0.0,0.0,0.0,1.0,0.0,1.0,1.0,1.0,0.0,0.0,1.0,0.0,0.0,1.0,0.0,0.0,0.0,0.0,1.0,1.0,1.0,3.0,1.0,0.0,0.0,1.0,1.0,0.0,0.0,1.0,0.0,3.0,2.0,1.0,0.0,0.0,2.0,1.0,1.0,0.0,0.0,3.0,0.0,0.0,0.0,0.0,O=C(O)CCNC(=O)c1ccc(CN(c2ccc(C(F)(F)F)cc2)c2nc(-c3ccc(Cl)cc3)cs2)cc1
CHEMBL471580,Active,25.0,7.0,3.0,2.0,3.0,1.0,4.0,0.0,34.0,7.0,3.0,1.0,3.0,2.0,5.0,1.0,1.0,1.0,0.0,0.0,3.0,3.0,3.0,28.0,13.0,5.0,3.0,6.0,2.0,8.0,0.0,0.0,26.0,11.0,3.0,5.0,6.0,1.0,7.0,2.0,0.0,30.0,9.0,4.0,6.0,3.0,0.0,3.0,0.0,0.0,0.0,1.0,1.0,0.0,33.0,8.0,3.0,4.0,3.0,2.0,5.0,0.0,0.0,0.0,0.0,0.0,2.0,0.0,0.0,0.0,0.0,35.0,2.0,4.0,2.0,3.0,1.0,4.0,1.0,1.0,3.0,4.0,0.0,29.0,5.0,6.0,1.0,3.0,4.0,7.0,0.0,0.0,0.0,0.0,0.0,28.0,3.0,4.0,0.0,0.0,3.0,3.0,1.0,1.0,3.0,3.0,0.0,0.0,0.0,21.0,6.0,6.0,1.0,6.0,3.0,9.0,0.0,0.0,0.0,0.0,0.0,0.0,0.0,0.0,0.0,3.0,0.0,0.0,0.0,0.0,1.0,0.0,1.0,0.0,1.0,0.0,1.0,0.0,0.0,1.0,1.0,2.0,0.0,3.0,0.0,1.0,3.0,0.0,1.0,6.0,2.0,2.0,0.0,0.0,0.0,0.0,0.0,0.0,1.0,1.0,0.0,0.0,0.0,0.0,0.0,0.0,0.0,0.0,1.0,0.0,0.0,0.0,0.0,0.0,0.0,0.0,0.0,0.0,0.0,0.0,0.0,0.0,0.0,0.0,0.0,1.0,0.0,1.0,1.0,1.0,0.0,0.0,1.0,0.0,0.0,1.0,0.0,0.0,0.0,0.0,1.0,1.0,1.0,3.0,1.0,0.0,0.0,1.0,1.0,0.0,0.0,1.0,0.0,3.0,2.0,1.0,0.0,0.0,2.0,1.0,1.0,0.0,0.0,3.0,0.0,0.0,0.0,0.0,O=C(O)CCNC(=O)c1ccc(CN(c2ccc(Cl)cc2)c2nc(-c3ccc(C(F)(F)F)cc3)cs2)cc1
CHEMBL491920,Active,28.0,4.0,3.0,2.0,3.0,1.0,4.0,0.0,37.0,5.0,3.0,2.0,3.0,2.0,5.0,0.0,1.0,1.0,0.0,0.0,3.0,3.0,3.0,34.0,7.0,5.0,3.0,6.0,2.0,8.0,0.0,0.0,30.0,7.0,3.0,5.0,6.0,1.0,7.0,2.0,0.0,33.0,6.0,4.0,6.0,3.0,1.0,4.0,0.0,0.0,0.0,0.0,0.0,0.0,36.0,5.0,3.0,4.0,3.0,2.0,5.0,0.0,0.0,0.0,0.0,0.0,2.0,0.0,0.0,0.0,0.0,36.0,2.0,5.0,2.0,3.0,1.0,4.0,0.0,0.0,3.0,4.0,0.0,31.0,3.0,6.0,1.0,3.0,4.0,7.0,0.0,0.0,0.0,0.0,0.0,29.0,2.0,4.0,0.0,3.0,3.0,6.0,1.0,1.0,0.0,0.0,0.0,0.0,0.0,22.0,5.0,6.0,1.0,6.0,3.0,9.0,0.0,0.0,0.0,0.0,1.0,0.0,0.0,0.0,0.0,3.0,1.0,0.0,0.0,0.0,1.0,0.0,1.0,0.0,1.0,0.0,1.0,0.0,0.0,1.0,1.0,2.0,0.0,3.0,0.0,1.0,3.0,0.0,1.0,7.0,2.0,3.0,0.0,0.0,0.0,0.0,0.0,0.0,1.0,1.0,0.0,0.0,0.0,0.0,0.0,0.0,0.0,0.0,1.0,2.0,0.0,0.0,0.0,0.0,0.0,0.0,0.0,0.0,0.0,0.0,0.0,0.0,0.0,0.0,0.0,1.0,0.0,1.0,1.0,1.0,0.0,0.0,1.0,0.0,0.0,1.0,0.0,0.0,0.0,0.0,1.0,1.0,1.0,2.0,1.0,0.0,0.0,1.0,0.0,0.0,0.0,1.0,0.0,3.0,1.0,1.0,0.0,0.0,1.0,1.0,1.0,0.0,0.0,3.0,0.0,0.0,0.0,0.0,O=C(O)CCNC(=O)c1ccc(CC(c2ccc(Cl)cc2)c2nc(-c3ccc(C(F)(F)F)cc3)cs2)cc1
CHEMBL492605,Active,29.0,7.0,3.0,2.0,3.0,0.0,3.0,0.0,41.0,7.0,3.0,1.0,3.0,0.0,3.0,1.0,1.0,1.0,0.0,0.0,3.0,3.0,3.0,34.0,13.0,5.0,3.0,6.0,0.0,6.0,0.0,0.0,30.0,12.0,3.0,5.0,6.0,0.0,6.0,2.0,0.0,32.0,11.0,4.0,6.0,3.0,0.0,3.0,0.0,0.0,0.0,0.0,0.0,0.0,38.0,9.0,3.0,5.0,3.0,0.0,3.0,0.0,0.0,0.0,0.0,0.0,2.0,0.0,0.0,0.0,0.0,41.0,4.0,4.0,4.0,3.0,0.0,3.0,1.0,1.0,3.0,3.0,0.0,40.0,5.0,6.0,1.0,3.0,0.0,3.0,0.0,0.0,0.0,0.0,0.0,37.0,3.0,4.0,0.0,0.0,0.0,0.0,1.0,1.0,3.0,3.0,0.0,0.0,0.0,30.0,6.0,6.0,1.0,6.0,0.0,6.0,0.0,0.0,0.0,0.0,0.0,0.0,0.0,0.0,0.0,6.0,0.0,0.0,0.0,0.0,3.0,1.0,1.0,0.0,1.0,0.0,1.0,0.0,0.0,1.0,1.0,2.0,0.0,2.0,1.0,0.0,3.0,0.0,1.0,9.0,2.0,4.0,0.0,0.0,0.0,0.0,0.0,0.0,1.0,2.0,0.0,0.0,0.0,0.0,0.0,0.0,0.0,0.0,1.0,2.0,0.0,0.0,0.0,1.0,0.0,0.0,0.0,0.0,0.0,0.0,0.0,0.0,0.0,0.0,0.0,1.0,0.0,1.0,1.0,1.0,0.0,0.0,1.0,0.0,0.0,1.0,0.0,0.0,0.0,0.0,1.0,0.0,0.0,3.0,1.0,0.0,0.0,1.0,1.0,0.0,0.0,1.0,0.0,3.0,2.0,1.0,0.0,0.0,2.0,1.0,1.0,0.0,0.0,3.0,0.0,0.0,0.0,0.0,O=C(O)CCNC(=O)c1ccc(CN(c2ccc3c(c2)CCC3)c2nc(-c3ccc(C(F)(F)F)cc3)cs2)cc1
CHEMBL492813,Active,29.0,7.0,3.0,2.0,0.0,2.0,2.0,0.0,40.0,7.0,3.0,1.0,0.0,4.0,4.0,1.0,1.0,1.0,0.0,0.0,0.0,0.0,0.0,35.0,13.0,5.0,3.0,0.0,4.0,4.0,0.0,0.0,31.0,12.0,3.0,5.0,0.0,3.0,3.0,2.0,0.0,33.0,11.0,4.0,6.0,0.0,2.0,2.0,0.0,0.0,0.0,1.0,1.0,0.0,37.0,9.0,3.0,5.0,0.0,2.0,2.0,0.0,0.0,0.0,1.0,1.0,2.0,0.0,0.0,0.0,0.0,42.0,4.0,4.0,3.0,0.0,1.0,1.0,1.0,1.0,0.0,1.0,0.0,41.0,5.0,6.0,2.0,0.0,2.0,2.0,0.0,0.0,0.0,1.0,0.0,39.0,3.0,4.0,0.0,0.0,5.0,5.0,1.0,1.0,0.0,0.0,0.0,0.0,0.0,30.0,6.0,6.0,1.0,0.0,7.0,7.0,0.0,0.0,0.0,0.0,0.0,0.0,0.0,0.0,0.0,7.0,0.0,0.0,0.0,0.0,4.0,2.0,1.0,0.0,1.0,0.0,1.0,0.0,0.0,1.0,0.0,2.0,0.0,1.0,2.0,2.0,0.0,0.0,1.0,9.0,2.0,5.0,0.0,0.0,0.0,0.0,0.0,0.0,1.0,3.0,0.0,0.0,0.0,0.0,0.0,0.0,0.0,0.0,1.0,2.0,1.0,0.0,0.0,2.0,0.0,0.0,0.0,0.0,0.0,0.0,0.0,0.0,0.0,0.0,0.0,1.0,0.0,1.0,1.0,1.0,0.0,0.0,1.0,0.0,0.0,1.0,0.0,0.0,0.0,0.0,1.0,2.0,2.0,3.0,1.0,0.0,0.0,1.0,1.0,0.0,0.0,1.0,0.0,0.0,2.0,1.0,0.0,0.0,2.0,1.0,1.0,0.0,0.0,3.0,0.0,0.0,0.0,0.0,O=C(O)CCNC(=O)c1ccc(CN(c2ccc3c(c2)CCCC3)c2nc(-c3ccc(Cl)c(Cl)c3)cs2)cc1
CHEMBL493019,Active,27.0,4.0,5.0,2.0,3.0,1.0,4.0,0.0,36.0,5.0,5.0,2.0,0.0,2.0,2.0,0.0,1.0,1.0,3.0,3.0,3.0,3.0,3.0,34.0,7.0,7.0,3.0,3.0,2.0,5.0,0.0,0.0,31.0,7.0,4.0,5.0,6.0,1.0,7.0,2.0,0.0,33.0,6.0,5.0,6.0,6.0,1.0,7.0,0.0,0.0,0.0,0.0,0.0,0.0,36.0,4.0,4.0,4.0,3.0,2.0,5.0,0.0,1.0,0.0,0.0,0.0,2.0,0.0,0.0,0.0,0.0,36.0,3.0,6.0,1.0,3.0,1.0,4.0,0.0,0.0,0.0,1.0,0.0,31.0,3.0,7.0,2.0,3.0,4.0,7.0,0.0,0.0,3.0,3.0,0.0,28.0,2.0,6.0,0.0,3.0,3.0,6.0,1.0,1.0,0.0,0.0,0.0,0.0,0.0,21.0,5.0,9.0,1.0,3.0,3.0,6.0,0.0,0.0,0.0,0.0,1.0,0.0,0.0,0.0,0.0,3.0,1.0,0.0,0.0,0.0,1.0,0.0,1.0,0.0,1.0,0.0,1.0,0.0,0.0,1.0,1.0,2.0,0.0,3.0,0.0,1.0,3.0,1.0,1.0,7.0,2.0,3.0,0.0,0.0,0.0,0.0,0.0,0.0,1.0,1.0,0.0,0.0,0.0,0.0,0.0,0.0,0.0,0.0,1.0,2.0,0.0,0.0,0.0,0.0,0.0,0.0,0.0,0.0,0.0,0.0,0.0,0.0,0.0,0.0,0.0,1.0,0.0,1.0,1.0,1.0,0.0,0.0,1.0,0.0,0.0,1.0,0.0,0.0,0.0,0.0,1.0,1.0,1.0,2.0,1.0,0.0,0.0,1.0,0.0,0.0,0.0,2.0,1.0,3.0,1.0,1.0,0.0,0.0,1.0,1.0,1.0,0.0,0.0,4.0,0.0,0.0,3.0,0.0,O=C(O)CCNC(=O)c1ccc(CC(c2ccc(Cl)cc2)c2nc(-c3ccc(OC(F)(F)F)cc3)cs2)cc1
CHEMBL501628,Active,25.0,7.0,5.0,2.0,6.0,0.0,6.0,0.0,35.0,7.0,5.0,1.0,3.0,0.0,3.0,1.0,1.0,1.0,3.0,3.0,6.0,6.0,6.0,30.0,13.0,7.0,3.0,9.0,0.0,9.0,0.0,0.0,28.0,11.0,4.0,5.0,12.0,0.0,12.0,2.0,0.0,31.0,9.0,4.0,6.0,9.0,0.0,9.0,0.0,1.0,0.0,0.0,0.0,0.0,33.0,9.0,5.0,4.0,6.0,0.0,6.0,0.0,0.0,0.0,0.0,0.0,2.0,0.0,0.0,0.0,0.0,37.0,2.0,5.0,2.0,3.0,0.0,3.0,1.0,2.0,6.0,6.0,0.0,30.0,6.0,10.0,2.0,9.0,0.0,9.0,0.0,0.0,0.0,0.0,0.0,32.0,3.0,7.0,0.0,3.0,0.0,3.0,1.0,1.0,6.0,6.0,0.0,0.0,0.0,24.0,6.0,9.0,1.0,18.0,0.0,18.0,0.0,0.0,0.0,0.0,0.0,0.0,0.0,0.0,0.0,3.0,0.0,0.0,0.0,0.0,1.0,0.0,1.0,0.0,1.0,0.0,1.0,0.0,0.0,1.0,2.0,2.0,0.0,3.0,0.0,0.0,6.0,1.0,1.0,7.0,2.0,2.0,0.0,0.0,0.0,0.0,0.0,0.0,1.0,1.0,0.0,0.0,0.0,0.0,0.0,0.0,0.0,0.0,1.0,0.0,0.0,0.0,0.0,0.0,0.0,0.0,0.0,0.0,0.0,0.0,0.0,0.0,0.0,0.0,0.0,1.0,0.0,1.0,1.0,1.0,0.0,0.0,1.0,0.0,0.0,1.0,0.0,0.0,0.0,0.0,1.0,0.0,0.0,3.0,1.0,0.0,0.0,1.0,1.0,0.0,0.0,2.0,1.0,6.0,2.0,1.0,0.0,0.0,2.0,1.0,1.0,0.0,0.0,4.0,0.0,0.0,3.0,0.0,O=C(O)CCNC(=O)c1ccc(CN(c2ccc(OC(F)(F)F)cc2)c2nc(-c3ccc(C(F)(F)F)cc3)cs2)cc1
CHEMBL519776,Active,24.0,7.0,5.0,2.0,3.0,1.0,4.0,0.0,33.0,7.0,5.0,1.0,0.0,2.0,2.0,1.0,1.0,1.0,3.0,3.0,3.0,3.0,3.0,28.0,13.0,7.0,3.0,3.0,2.0,5.0,0.0,0.0,27.0,11.0,4.0,5.0,6.0,1.0,7.0,2.0,0.0,30.0,9.0,5.0,6.0,6.0,0.0,6.0,0.0,0.0,0.0,1.0,1.0,0.0,33.0,7.0,4.0,4.0,3.0,2.0,5.0,0.0,1.0,0.0,0.0,0.0,2.0,0.0,0.0,0.0,0.0,35.0,3.0,5.0,1.0,3.0,1.0,4.0,1.0,1.0,0.0,1.0,0.0,30.0,4.0,6.0,2.0,3.0,4.0,7.0,0.0,1.0,3.0,3.0,0.0,26.0,4.0,6.0,0.0,3.0,3.0,6.0,1.0,1.0,0.0,0.0,0.0,0.0,0.0,20.0,6.0,9.0,1.0,0.0,3.0,3.0,0.0,0.0,3.0,0.0,0.0,0.0,0.0,0.0,0.0,3.0,0.0,0.0,0.0,0.0,1.0,0.0,1.0,0.0,1.0,0.0,1.0,0.0,0.0,1.0,1.0,2.0,0.0,3.0,0.0,1.0,3.0,1.0,1.0,6.0,2.0,2.0,0.0,0.0,0.0,0.0,0.0,0.0,1.0,1.0,0.0,0.0,0.0,0.0,0.0,0.0,0.0,0.0,1.0,0.0,0.0,0.0,0.0,0.0,0.0,0.0,0.0,0.0,0.0,0.0,0.0,0.0,0.0,0.0,0.0,1.0,0.0,1.0,1.0,1.0,0.0,0.0,1.0,0.0,0.0,1.0,0.0,0.0,0.0,0.0,1.0,1.0,1.0,3.0,1.0,0.0,0.0,1.0,1.0,0.0,0.0,2.0,1.0,3.0,2.0,1.0,0.0,0.0,2.0,1.0,1.0,0.0,0.0,4.0,0.0,0.0,3.0,0.0,O=C(O)CCNC(=O)c1ccc(CN(c2ccc(Cl)cc2)c2nc(-c3ccc(OC(F)(F)F)cc3)cs2)cc1
CHEMBL523847,Inactive,29.0,7.0,3.0,2.0,3.0,0.0,3.0,0.0,41.0,7.0,3.0,1.0,3.0,0.0,3.0,1.0,1.0,1.0,0.0,0.0,3.0,3.0,3.0,37.0,13.0,5.0,3.0,6.0,0.0,6.0,0.0,0.0,34.0,12.0,3.0,5.0,6.0,0.0,6.0,2.0,0.0,34.0,10.0,4.0,6.0,3.0,0.0,3.0,0.0,0.0,0.0,0.0,0.0,0.0,36.0,11.0,3.0,5.0,3.0,0.0,3.0,0.0,0.0,0.0,0.0,0.0,2.0,0.0,0.0,0.0,0.0,44.0,3.0,4.0,3.0,3.0,0.0,3.0,1.0,1.0,3.0,3.0,0.0,38.0,7.0,6.0,3.0,3.0,0.0,3.0,0.0,0.0,0.0,0.0,0.0,42.0,3.0,4.0,0.0,0.0,0.0,0.0,1.0,1.0,3.0,3.0,0.0,0.0,0.0,33.0,6.0,6.0,1.0,6.0,0.0,6.0,0.0,0.0,0.0,0.0,1.0,1.0,0.0,0.0,1.0,3.0,0.0,0.0,0.0,0.0,1.0,0.0,1.0,3.0,1.0,0.0,1.0,0.0,0.0,1.0,1.0,2.0,0.0,2.0,1.0,0.0,3.0,0.0,1.0,10.0,2.0,4.0,0.0,0.0,0.0,0.0,0.0,0.0,1.0,2.0,0.0,0.0,0.0,0.0,0.0,0.0,0.0,0.0,1.0,2.0,0.0,0.0,0.0,0.0,0.0,0.0,0.0,0.0,0.0,0.0,0.0,0.0,0.0,0.0,0.0,1.0,0.0,1.0,1.0,1.0,0.0,0.0,1.0,0.0,0.0,1.0,0.0,0.0,0.0,0.0,1.0,0.0,0.0,3.0,1.0,0.0,0.0,1.0,1.0,0.0,0.0,1.0,0.0,3.0,2.0,1.0,0.0,0.0,2.0,1.0,1.0,0.0,0.0,3.0,0.0,0.0,0.0,0.0,Cc1cc(N(Cc2ccc(C(=O)NCCC(=O)O)cc2)c2nc(-c3ccc(C(F)(F)F)cc3)cs2)ccc1C(C)C
CHEMBL62444,Active,26.0,7.0,6.0,0.0,3.0,0.0,3.0,0.0,37.0,7.0,5.0,0.0,0.0,0.0,0.0,1.0,3.0,1.0,3.0,3.0,3.0,3.0,3.0,33.0,12.0,10.0,0.0,3.0,0.0,3.0,0.0,0.0,29.0,11.0,9.0,0.0,6.0,0.0,6.0,2.0,0.0,30.0,9.0,10.0,0.0,6.0,0.0,6.0,0.0,1.0,0.0,0.0,0.0,0.0,32.0,10.0,8.0,0.0,3.0,0.0,3.0,0.0,0.0,0.0,0.0,0.0,2.0,0.0,0.0,0.0,0.0,41.0,2.0,6.0,0.0,0.0,0.0,0.0,1.0,2.0,3.0,3.0,1.0,32.0,8.0,13.0,0.0,3.0,0.0,3.0,0.0,0.0,0.0,0.0,0.0,34.0,3.0,7.0,0.0,0.0,0.0,0.0,1.0,2.0,3.0,3.0,1.0,3.0,3.0,30.0,5.0,10.0,0.0,6.0,0.0,6.0,0.0,0.0,0.0,0.0,2.0,0.0,0.0,0.0,0.0,7.0,4.0,0.0,0.0,0.0,3.0,0.0,1.0,3.0,2.0,0.0,2.0,0.0,0.0,1.0,2.0,3.0,0.0,2.0,0.0,0.0,3.0,1.0,1.0,17.0,3.0,12.0,0.0,0.0,5.0,1.0,1.0,0.0,1.0,15.0,0.0,0.0,0.0,2.0,11.0,7.0,2.0,2.0,1.0,0.0,14.0,0.0,0.0,0.0,14.0,0.0,0.0,9.0,6.0,7.0,3.0,7.0,4.0,2.0,2.0,3.0,2.0,3.0,1.0,3.0,2.0,0.0,5.0,0.0,0.0,3.0,0.0,0.0,0.0,0.0,1.0,0.0,0.0,6.0,4.0,0.0,2.0,3.0,1.0,0.0,0.0,2.0,1.0,3.0,3.0,3.0,0.0,0.0,2.0,1.0,1.0,0.0,0.0,5.0,0.0,0.0,3.0,0.0,CC(C)(C)C1CCC(N(Cc2ccc(C(=O)NCCC(=O)O)cc2)C(=O)Nc2ccc(OC(F)(F)F)cc2)CC1
CHEMBL84759,Inactive,21.0,6.0,0.0,0.0,1.0,1.0,2.0,0.0,28.0,8.0,0.0,0.0,2.0,2.0,4.0,1.0,0.0,0.0,0.0,0.0,0.0,0.0,0.0,25.0,12.0,0.0,0.0,2.0,2.0,4.0,0.0,0.0,22.0,14.0,0.0,0.0,1.0,1.0,2.0,0.0,0.0,27.0,9.0,0.0,0.0,1.0,1.0,2.0,1.0,0.0,0.0,0.0,0.0,0.0,31.0,3.0,0.0,0.0,1.0,0.0,1.0,1.0,0.0,1.0,2.0,3.0,0.0,0.0,0.0,0.0,0.0,29.0,3.0,0.0,0.0,2.0,2.0,4.0,0.0,0.0,1.0,1.0,0.0,19.0,4.0,0.0,0.0,3.0,2.0,5.0,0.0,0.0,0.0,0.0,0.0,7.0,3.0,0.0,0.0,5.0,4.0,9.0,0.0,0.0,0.0,0.0,0.0,0.0,0.0,1.0,1.0,0.0,0.0,2.0,5.0,7.0,0.0,0.0,1.0,0.0,0.0,0.0,0.0,0.0,0.0,0.0,0.0,0.0,0.0,0.0,0.0,0.0,0.0,1.0,0.0,0.0,0.0,0.0,0.0,0.0,0.0,0.0,0.0,2.0,0.0,1.0,1.0,0.0,0.0,1.0,0.0,0.0,0.0,0.0,0.0,0.0,0.0,0.0,0.0,0.0,0.0,0.0,0.0,0.0,0.0,0.0,0.0,0.0,0.0,0.0,0.0,0.0,0.0,0.0,0.0,0.0,0.0,0.0,0.0,0.0,0.0,0.0,0.0,0.0,0.0,0.0,0.0,0.0,0.0,0.0,0.0,0.0,0.0,0.0,0.0,0.0,0.0,0.0,0.0,0.0,0.0,1.0,1.0,0.0,0.0,0.0,0.0,0.0,0.0,0.0,0.0,0.0,0.0,1.0,0.0,0.0,0.0,0.0,0.0,0.0,0.0,0.0,0.0,0.0,0.0,0.0,0.0,0.0,Cc1cnccc1-c1[nH]c(-c2ccc(Cl)cc2)nc1-c1ccc(F)cc1
CHEMBL84840,Inactive,24.0,6.0,0.0,0.0,0.0,1.0,1.0,0.0,31.0,8.0,0.0,0.0,0.0,2.0,2.0,1.0,0.0,0.0,0.0,0.0,0.0,0.0,0.0,29.0,11.0,0.0,0.0,0.0,2.0,2.0,0.0,0.0,26.0,13.0,0.0,0.0,0.0,1.0,1.0,0.0,0.0,31.0,8.0,0.0,0.0,0.0,1.0,1.0,1.0,0.0,0.0,0.0,0.0,0.0,33.0,4.0,0.0,0.0,0.0,0.0,0.0,1.0,0.0,0.0,2.0,2.0,0.0,0.0,0.0,0.0,0.0,30.0,5.0,0.0,0.0,0.0,2.0,2.0,0.0,0.0,0.0,0.0,0.0,23.0,6.0,0.0,0.0,0.0,2.0,2.0,0.0,0.0,0.0,0.0,0.0,16.0,5.0,0.0,0.0,0.0,4.0,4.0,0.0,0.0,0.0,0.0,0.0,0.0,0.0,12.0,3.0,0.0,0.0,0.0,4.0,4.0,0.0,0.0,0.0,0.0,0.0,0.0,0.0,0.0,0.0,3.0,0.0,0.0,0.0,0.0,2.0,1.0,0.0,1.0,0.0,0.0,0.0,0.0,0.0,0.0,0.0,0.0,0.0,2.0,0.0,1.0,0.0,0.0,0.0,4.0,0.0,3.0,0.0,0.0,0.0,0.0,0.0,0.0,0.0,2.0,0.0,0.0,0.0,0.0,0.0,0.0,0.0,0.0,0.0,1.0,1.0,0.0,0.0,1.0,0.0,0.0,0.0,0.0,0.0,0.0,0.0,0.0,0.0,0.0,0.0,0.0,0.0,0.0,0.0,0.0,0.0,0.0,0.0,0.0,0.0,0.0,0.0,0.0,0.0,0.0,0.0,1.0,1.0,0.0,0.0,0.0,0.0,0.0,0.0,0.0,0.0,0.0,0.0,0.0,0.0,0.0,0.0,0.0,0.0,0.0,0.0,0.0,0.0,0.0,0.0,0.0,0.0,0.0,CCCCc1ccc(-c2[nH]c(-c3ccc(Cl)cc3)nc2-c2ccncc2)cc1
CHEMBL84917,Inactive,17.0,6.0,0.0,2.0,1.0,0.0,2.0,0.0,22.0,8.0,0.0,3.0,2.0,0.0,3.0,1.0,0.0,0.0,0.0,0.0,0.0,0.0,0.0,20.0,9.0,0.0,0.0,2.0,0.0,4.0,0.0,0.0,17.0,13.0,0.0,2.0,1.0,0.0,2.0,0.0,0.0,23.0,6.0,0.0,2.0,1.0,0.0,1.0,1.0,0.0,0.0,0.0,2.0,0.0,22.0,3.0,0.0,4.0,1.0,0.0,3.0,1.0,0.0,1.0,0.0,1.0,0.0,0.0,0.0,0.0,0.0,19.0,3.0,0.0,4.0,2.0,0.0,4.0,0.0,0.0,1.0,1.0,0.0,11.0,3.0,0.0,1.0,3.0,0.0,7.0,0.0,0.0,0.0,0.0,0.0,2.0,3.0,0.0,0.0,3.0,0.0,7.0,0.0,0.0,0.0,0.0,0.0,0.0,0.0,0.0,0.0,0.0,0.0,2.0,0.0,3.0,0.0,0.0,2.0,0.0,0.0,0.0,0.0,0.0,0.0,0.0,0.0,0.0,0.0,0.0,0.0,0.0,0.0,0.0,0.0,0.0,0.0,0.0,0.0,0.0,0.0,0.0,0.0,1.0,0.0,0.0,1.0,0.0,0.0,0.0,0.0,0.0,0.0,0.0,0.0,0.0,0.0,0.0,0.0,0.0,0.0,0.0,0.0,0.0,0.0,0.0,0.0,0.0,0.0,0.0,0.0,0.0,0.0,0.0,0.0,0.0,0.0,0.0,0.0,0.0,0.0,0.0,0.0,0.0,0.0,0.0,0.0,0.0,0.0,0.0,0.0,0.0,0.0,0.0,0.0,0.0,0.0,0.0,0.0,0.0,0.0,0.0,0.0,0.0,0.0,0.0,0.0,0.0,0.0,0.0,0.0,0.0,0.0,1.0,0.0,0.0,0.0,0.0,0.0,0.0,0.0,0.0,0.0,0.0,0.0,0.0,0.0,0.0,Fc1ccc(-c2[nH]c(-c3ccc(Br)s3)nc2-c2ccncc2)cc1
CHEMBL85009,Inactive,20.0,6.0,0.0,0.0,0.0,2.0,2.0,0.0,26.0,8.0,0.0,0.0,0.0,4.0,4.0,1.0,0.0,0.0,0.0,0.0,0.0,0.0,0.0,23.0,11.0,0.0,0.0,0.0,4.0,4.0,0.0,0.0,20.0,13.0,0.0,0.0,0.0,2.0,2.0,0.0,0.0,25.0,8.0,0.0,0.0,0.0,2.0,2.0,1.0,0.0,0.0,0.0,0.0,0.0,28.0,3.0,0.0,0.0,0.0,1.0,1.0,1.0,0.0,0.0,3.0,3.0,0.0,0.0,0.0,0.0,0.0,25.0,3.0,0.0,0.0,0.0,4.0,4.0,0.0,0.0,0.0,1.0,0.0,16.0,4.0,0.0,0.0,0.0,5.0,5.0,0.0,0.0,0.0,0.0,0.0,6.0,3.0,0.0,0.0,0.0,8.0,8.0,0.0,0.0,0.0,0.0,0.0,0.0,0.0,1.0,1.0,0.0,0.0,0.0,6.0,6.0,0.0,0.0,1.0,0.0,0.0,0.0,0.0,0.0,0.0,0.0,0.0,0.0,0.0,0.0,0.0,0.0,0.0,0.0,0.0,0.0,0.0,0.0,0.0,0.0,0.0,0.0,0.0,2.0,0.0,2.0,0.0,0.0,0.0,0.0,0.0,0.0,0.0,0.0,0.0,0.0,0.0,0.0,0.0,0.0,0.0,0.0,0.0,0.0,0.0,0.0,0.0,0.0,0.0,0.0,0.0,0.0,0.0,0.0,0.0,0.0,0.0,0.0,0.0,0.0,0.0,0.0,0.0,0.0,0.0,0.0,0.0,0.0,0.0,0.0,0.0,0.0,0.0,0.0,0.0,0.0,0.0,0.0,0.0,0.0,0.0,2.0,2.0,0.0,0.0,0.0,0.0,0.0,0.0,0.0,0.0,0.0,0.0,0.0,0.0,0.0,0.0,0.0,0.0,0.0,0.0,0.0,0.0,0.0,0.0,0.0,0.0,0.0,Clc1ccc(-c2nc(-c3ccc(Cl)cc3)c(-c3ccncc3)[nH]2)cc1
CHEMBL85102,Inactive,27.0,6.0,0.0,0.0,0.0,1.0,1.0,0.0,36.0,8.0,0.0,0.0,0.0,2.0,2.0,1.0,0.0,0.0,0.0,0.0,0.0,0.0,0.0,34.0,11.0,0.0,0.0,0.0,2.0,2.0,0.0,0.0,30.0,13.0,0.0,0.0,0.0,1.0,1.0,0.0,0.0,34.0,8.0,0.0,0.0,0.0,1.0,1.0,1.0,0.0,0.0,0.0,0.0,0.0,35.0,4.0,0.0,0.0,0.0,0.0,0.0,1.0,0.0,0.0,2.0,2.0,0.0,0.0,0.0,0.0,0.0,32.0,6.0,0.0,0.0,0.0,2.0,2.0,0.0,0.0,0.0,0.0,0.0,26.0,8.0,0.0,0.0,0.0,2.0,2.0,0.0,0.0,0.0,0.0,0.0,21.0,6.0,0.0,0.0,0.0,4.0,4.0,0.0,0.0,0.0,0.0,0.0,0.0,0.0,19.0,3.0,0.0,0.0,0.0,4.0,4.0,0.0,0.0,0.0,0.0,0.0,0.0,0.0,0.0,0.0,0.0,0.0,0.0,0.0,0.0,0.0,0.0,0.0,0.0,0.0,0.0,0.0,0.0,0.0,0.0,0.0,0.0,0.0,2.0,0.0,1.0,0.0,0.0,0.0,0.0,0.0,0.0,0.0,0.0,0.0,0.0,0.0,0.0,0.0,0.0,0.0,0.0,0.0,0.0,0.0,0.0,0.0,0.0,0.0,0.0,0.0,0.0,0.0,0.0,0.0,0.0,0.0,0.0,0.0,0.0,0.0,0.0,0.0,0.0,0.0,0.0,0.0,0.0,0.0,0.0,0.0,0.0,0.0,0.0,0.0,0.0,0.0,0.0,0.0,0.0,0.0,1.0,1.0,0.0,0.0,0.0,0.0,0.0,0.0,0.0,0.0,0.0,0.0,0.0,0.0,0.0,0.0,0.0,0.0,0.0,0.0,0.0,0.0,0.0,0.0,0.0,0.0,0.0,Clc1ccc(-c2nc(-c3ccc(-c4ccccc4)cc3)c(-c3ccncc3)[nH]2)cc1
CHEMBL85534,Inactive,20.0,6.0,0.0,0.0,1.0,0.0,2.0,0.0,26.0,8.0,0.0,0.0,2.0,0.0,4.0,1.0,0.0,0.0,0.0,0.0,0.0,0.0,0.0,23.0,11.0,0.0,0.0,2.0,0.0,4.0,0.0,0.0,20.0,13.0,0.0,0.0,1.0,0.0,3.0,0.0,0.0,25.0,8.0,0.0,0.0,1.0,0.0,1.0,1.0,0.0,0.0,0.0,2.0,0.0,28.0,3.0,0.0,0.0,1.0,0.0,3.0,1.0,0.0,1.0,0.0,1.0,0.0,0.0,0.0,0.0,0.0,25.0,3.0,0.0,0.0,2.0,0.0,4.0,0.0,0.0,1.0,1.0,0.0,16.0,4.0,0.0,0.0,3.0,0.0,7.0,0.0,0.0,0.0,0.0,0.0,6.0,3.0,0.0,0.0,4.0,0.0,8.0,0.0,0.0,0.0,0.0,0.0,0.0,0.0,1.0,1.0,0.0,0.0,2.0,0.0,3.0,0.0,0.0,2.0,0.0,0.0,0.0,0.0,0.0,0.0,0.0,0.0,0.0,0.0,0.0,0.0,0.0,0.0,0.0,0.0,0.0,0.0,0.0,0.0,0.0,0.0,0.0,0.0,1.0,0.0,0.0,1.0,0.0,0.0,0.0,0.0,0.0,0.0,0.0,0.0,0.0,0.0,0.0,0.0,0.0,0.0,0.0,0.0,0.0,0.0,0.0,0.0,0.0,0.0,0.0,0.0,0.0,0.0,0.0,0.0,0.0,0.0,0.0,0.0,0.0,0.0,0.0,0.0,0.0,0.0,0.0,0.0,0.0,0.0,0.0,0.0,0.0,0.0,0.0,0.0,0.0,0.0,0.0,0.0,0.0,0.0,0.0,0.0,0.0,0.0,0.0,0.0,0.0,0.0,0.0,0.0,0.0,0.0,1.0,0.0,0.0,0.0,0.0,0.0,0.0,0.0,0.0,0.0,0.0,0.0,0.0,0.0,0.0,Fc1ccc(-c2[nH]c(-c3cccc(Br)c3)nc2-c2ccncc2)cc1
CHEMBL85741,Inactive,27.0,6.0,0.0,0.0,1.0,0.0,1.0,0.0,36.0,8.0,0.0,0.0,2.0,0.0,2.0,1.0,0.0,0.0,0.0,0.0,0.0,0.0,0.0,34.0,11.0,0.0,0.0,2.0,0.0,2.0,0.0,0.0,30.0,13.0,0.0,0.0,1.0,0.0,1.0,0.0,0.0,34.0,8.0,0.0,0.0,1.0,0.0,1.0,1.0,0.0,0.0,0.0,0.0,0.0,34.0,5.0,0.0,0.0,1.0,0.0,1.0,1.0,0.0,1.0,0.0,1.0,0.0,0.0,0.0,0.0,0.0,30.0,7.0,0.0,0.0,2.0,0.0,2.0,0.0,0.0,1.0,1.0,0.0,23.0,8.0,0.0,0.0,3.0,0.0,3.0,0.0,0.0,0.0,0.0,0.0,18.0,5.0,0.0,0.0,4.0,0.0,4.0,0.0,0.0,0.0,0.0,0.0,0.0,0.0,19.0,1.0,0.0,0.0,2.0,0.0,2.0,0.0,0.0,1.0,0.0,0.0,0.0,0.0,0.0,0.0,0.0,0.0,0.0,0.0,0.0,0.0,0.0,0.0,0.0,0.0,0.0,0.0,0.0,0.0,0.0,0.0,0.0,0.0,2.0,0.0,0.0,1.0,0.0,0.0,0.0,0.0,0.0,0.0,0.0,0.0,0.0,0.0,0.0,0.0,0.0,0.0,0.0,0.0,0.0,0.0,0.0,0.0,0.0,0.0,0.0,0.0,0.0,0.0,0.0,0.0,0.0,0.0,0.0,0.0,0.0,0.0,0.0,0.0,0.0,0.0,0.0,0.0,0.0,0.0,0.0,0.0,0.0,0.0,0.0,0.0,0.0,0.0,0.0,0.0,0.0,0.0,0.0,0.0,0.0,0.0,0.0,0.0,0.0,0.0,0.0,0.0,0.0,0.0,1.0,0.0,0.0,0.0,0.0,0.0,0.0,0.0,0.0,0.0,0.0,0.0,0.0,0.0,0.0,Fc1ccc(-c2[nH]c(-c3ccc(-c4ccccc4)cc3)nc2-c2ccncc2)cc1
CHEMBL85807,Inactive,26.0,6.0,2.0,0.0,0.0,1.0,1.0,0.0,33.0,8.0,4.0,0.0,0.0,2.0,2.0,1.0,0.0,0.0,0.0,0.0,0.0,0.0,0.0,30.0,11.0,4.0,0.0,0.0,2.0,2.0,0.0,0.0,28.0,13.0,3.0,0.0,0.0,1.0,1.0,0.0,0.0,36.0,8.0,1.0,0.0,0.0,1.0,1.0,1.0,1.0,0.0,0.0,0.0,0.0,39.0,4.0,2.0,0.0,0.0,0.0,0.0,1.0,1.0,0.0,2.0,2.0,0.0,0.0,0.0,0.0,0.0,35.0,6.0,3.0,0.0,0.0,2.0,2.0,0.0,0.0,0.0,0.0,0.0,27.0,8.0,4.0,0.0,0.0,2.0,2.0,0.0,0.0,0.0,0.0,0.0,21.0,6.0,2.0,0.0,0.0,4.0,4.0,0.0,1.0,0.0,0.0,0.0,0.0,0.0,19.0,3.0,1.0,0.0,0.0,4.0,4.0,0.0,0.0,0.0,0.0,0.0,0.0,0.0,0.0,0.0,0.0,0.0,0.0,0.0,0.0,0.0,0.0,0.0,0.0,0.0,0.0,0.0,0.0,0.0,0.0,0.0,0.0,0.0,1.0,0.0,1.0,0.0,1.0,0.0,0.0,0.0,0.0,0.0,0.0,0.0,0.0,0.0,0.0,0.0,0.0,0.0,0.0,0.0,0.0,0.0,0.0,0.0,0.0,0.0,0.0,0.0,0.0,0.0,0.0,0.0,0.0,0.0,0.0,0.0,0.0,0.0,0.0,0.0,0.0,0.0,0.0,0.0,0.0,0.0,0.0,0.0,0.0,0.0,0.0,0.0,0.0,0.0,0.0,0.0,0.0,0.0,1.0,1.0,0.0,0.0,0.0,0.0,0.0,0.0,0.0,0.0,0.0,0.0,0.0,0.0,0.0,0.0,0.0,0.0,0.0,0.0,0.0,0.0,1.0,0.0,0.0,0.0,0.0,Clc1ccc(-c2nc(-c3cccc(Oc4ccccc4)c3)c(-c3ccncc3)[nH]2)cc1
CHEMBL86086,Active,26.0,6.0,4.0,0.0,0.0,1.0,1.0,0.0,32.0,8.0,6.0,0.0,0.0,2.0,2.0,1.0,0.0,0.0,0.0,0.0,0.0,0.0,0.0,31.0,11.0,7.0,0.0,0.0,2.0,2.0,0.0,0.0,31.0,13.0,5.0,0.0,0.0,1.0,1.0,1.0,1.0,39.0,9.0,5.0,0.0,0.0,1.0,1.0,1.0,1.0,0.0,0.0,0.0,0.0,44.0,5.0,6.0,0.0,0.0,0.0,0.0,1.0,1.0,0.0,2.0,2.0,0.0,0.0,0.0,0.0,0.0,42.0,6.0,8.0,0.0,0.0,2.0,2.0,0.0,1.0,0.0,0.0,0.0,35.0,8.0,7.0,0.0,0.0,2.0,2.0,0.0,1.0,0.0,0.0,0.0,28.0,7.0,5.0,0.0,0.0,4.0,4.0,0.0,0.0,0.0,0.0,0.0,0.0,0.0,24.0,4.0,2.0,0.0,0.0,4.0,4.0,0.0,1.0,0.0,0.0,0.0,0.0,0.0,0.0,0.0,6.0,0.0,0.0,0.0,0.0,4.0,2.0,0.0,2.0,0.0,0.0,0.0,0.0,0.0,0.0,0.0,0.0,0.0,1.0,1.0,1.0,0.0,2.0,0.0,8.0,0.0,6.0,0.0,0.0,0.0,0.0,0.0,0.0,0.0,4.0,0.0,0.0,0.0,0.0,0.0,0.0,0.0,0.0,0.0,0.0,2.0,0.0,0.0,0.0,0.0,0.0,0.0,0.0,0.0,0.0,0.0,0.0,0.0,0.0,0.0,0.0,0.0,0.0,2.0,0.0,0.0,0.0,0.0,0.0,0.0,0.0,0.0,0.0,0.0,0.0,2.0,1.0,1.0,0.0,0.0,0.0,0.0,0.0,0.0,0.0,0.0,2.0,2.0,0.0,0.0,0.0,0.0,0.0,0.0,0.0,0.0,0.0,0.0,2.0,0.0,0.0,0.0,0.0,CCCCOc1ccc(-c2[nH]c(-c3ccc(Cl)cc3)nc2-c2ccncc2)c(OCCCC)c1
CHEMBL86250,Inactive,23.0,6.0,0.0,0.0,1.0,0.0,1.0,0.0,31.0,8.0,0.0,0.0,2.0,0.0,2.0,1.0,0.0,0.0,0.0,0.0,0.0,0.0,0.0,29.0,11.0,0.0,0.0,2.0,0.0,2.0,0.0,0.0,25.0,13.0,0.0,0.0,1.0,0.0,1.0,0.0,0.0,28.0,8.0,0.0,0.0,1.0,0.0,1.0,1.0,0.0,0.0,0.0,0.0,0.0,30.0,5.0,0.0,0.0,1.0,0.0,1.0,1.0,0.0,1.0,0.0,1.0,0.0,0.0,0.0,0.0,0.0,27.0,7.0,0.0,0.0,2.0,0.0,2.0,0.0,0.0,1.0,1.0,0.0,22.0,4.0,0.0,0.0,3.0,0.0,3.0,0.0,0.0,0.0,0.0,0.0,14.0,3.0,0.0,0.0,4.0,0.0,4.0,0.0,0.0,0.0,0.0,0.0,0.0,0.0,13.0,1.0,0.0,0.0,2.0,0.0,2.0,0.0,0.0,1.0,0.0,1.0,1.0,0.0,0.0,1.0,0.0,0.0,0.0,0.0,0.0,0.0,0.0,0.0,2.0,0.0,0.0,0.0,0.0,0.0,0.0,0.0,0.0,0.0,2.0,0.0,0.0,1.0,0.0,0.0,3.0,0.0,2.0,0.0,0.0,0.0,0.0,0.0,0.0,0.0,1.0,0.0,0.0,0.0,0.0,0.0,0.0,0.0,0.0,0.0,2.0,0.0,0.0,0.0,0.0,0.0,0.0,0.0,0.0,0.0,0.0,0.0,0.0,0.0,0.0,0.0,0.0,0.0,0.0,0.0,0.0,0.0,0.0,0.0,0.0,0.0,0.0,0.0,0.0,0.0,0.0,0.0,0.0,0.0,0.0,0.0,0.0,0.0,0.0,0.0,0.0,0.0,0.0,0.0,1.0,0.0,0.0,0.0,0.0,0.0,0.0,0.0,0.0,0.0,0.0,0.0,0.0,0.0,0.0,CC(C)c1ccc(-c2nc(-c3ccc(F)cc3)c(-c3ccncc3)[nH]2)cc1
CHEMBL87588,Inactive,20.0,6.0,0.0,0.0,1.0,0.0,2.0,0.0,26.0,8.0,0.0,0.0,2.0,0.0,4.0,1.0,0.0,0.0,0.0,0.0,0.0,0.0,0.0,23.0,11.0,0.0,0.0,2.0,0.0,4.0,0.0,0.0,20.0,13.0,0.0,0.0,1.0,0.0,2.0,0.0,0.0,25.0,8.0,0.0,0.0,1.0,0.0,2.0,1.0,0.0,0.0,0.0,0.0,0.0,28.0,3.0,0.0,0.0,1.0,0.0,1.0,1.0,0.0,1.0,0.0,3.0,0.0,0.0,0.0,0.0,0.0,25.0,3.0,0.0,0.0,2.0,0.0,4.0,0.0,0.0,1.0,1.0,0.0,16.0,4.0,0.0,0.0,3.0,0.0,5.0,0.0,0.0,0.0,0.0,0.0,6.0,3.0,0.0,0.0,4.0,0.0,8.0,0.0,0.0,0.0,0.0,0.0,0.0,0.0,1.0,1.0,0.0,0.0,2.0,0.0,6.0,0.0,0.0,1.0,0.0,0.0,0.0,0.0,0.0,0.0,0.0,0.0,0.0,0.0,0.0,0.0,0.0,0.0,0.0,0.0,0.0,0.0,0.0,0.0,0.0,0.0,0.0,0.0,2.0,0.0,0.0,1.0,0.0,0.0,0.0,0.0,0.0,0.0,0.0,0.0,0.0,0.0,0.0,0.0,0.0,0.0,0.0,0.0,0.0,0.0,0.0,0.0,0.0,0.0,0.0,0.0,0.0,0.0,0.0,0.0,0.0,0.0,0.0,0.0,0.0,0.0,0.0,0.0,0.0,0.0,0.0,0.0,0.0,0.0,0.0,0.0,0.0,0.0,0.0,0.0,0.0,0.0,0.0,0.0,0.0,0.0,0.0,0.0,0.0,0.0,0.0,0.0,0.0,0.0,0.0,0.0,0.0,0.0,1.0,0.0,0.0,0.0,0.0,0.0,0.0,0.0,0.0,0.0,0.0,0.0,0.0,0.0,0.0,Fc1ccc(-c2[nH]c(-c3ccc(Br)cc3)nc2-c2ccncc2)cc1
CHEMBL87611,Inactive,27.0,6.0,0.0,0.0,0.0,1.0,1.0,0.0,36.0,8.0,0.0,0.0,0.0,2.0,2.0,1.0,0.0,0.0,0.0,0.0,0.0,0.0,0.0,34.0,11.0,0.0,0.0,0.0,2.0,2.0,0.0,0.0,31.0,13.0,0.0,0.0,0.0,1.0,1.0,0.0,0.0,36.0,9.0,0.0,0.0,0.0,1.0,1.0,1.0,0.0,0.0,0.0,0.0,0.0,38.0,6.0,0.0,0.0,0.0,0.0,0.0,1.0,0.0,0.0,2.0,2.0,0.0,0.0,0.0,0.0,0.0,36.0,7.0,0.0,0.0,0.0,2.0,2.0,0.0,0.0,0.0,0.0,0.0,31.0,7.0,0.0,0.0,0.0,2.0,2.0,0.0,0.0,0.0,0.0,0.0,24.0,5.0,0.0,0.0,0.0,4.0,4.0,0.0,0.0,0.0,0.0,0.0,0.0,0.0,17.0,3.0,0.0,0.0,0.0,4.0,4.0,0.0,0.0,0.0,0.0,0.0,0.0,0.0,0.0,0.0,0.0,0.0,0.0,0.0,0.0,0.0,0.0,0.0,0.0,0.0,0.0,0.0,0.0,0.0,0.0,0.0,0.0,0.0,1.0,0.0,1.0,0.0,0.0,0.0,0.0,0.0,0.0,0.0,0.0,0.0,0.0,0.0,0.0,0.0,0.0,0.0,0.0,0.0,0.0,0.0,0.0,0.0,0.0,0.0,0.0,0.0,0.0,0.0,0.0,0.0,0.0,0.0,0.0,0.0,0.0,0.0,0.0,0.0,0.0,0.0,0.0,0.0,0.0,0.0,0.0,0.0,0.0,0.0,0.0,0.0,0.0,0.0,0.0,0.0,0.0,0.0,1.0,1.0,0.0,0.0,0.0,0.0,0.0,0.0,0.0,0.0,0.0,0.0,0.0,0.0,0.0,0.0,0.0,0.0,0.0,0.0,0.0,0.0,0.0,0.0,0.0,0.0,0.0,Clc1ccc(-c2nc(-c3cccc(-c4ccccc4)c3)c(-c3ccncc3)[nH]2)cc1
