Molecule ChEMBL ID,Standard Type,Standard Value,APC2D1_C_C,APC2D1_C_N,APC2D1_C_O,APC2D1_C_S,APC2D2_C_C,APC2D2_C_N,APC2D2_C_O,APC2D2_C_S,APC2D2_C_X,APC2D2_N_N,APC2D3_C_C,APC2D3_C_N,APC2D3_C_O,APC2D3_C_S,APC2D3_C_X,APC2D3_N_N,APC2D3_N_S,APC2D4_C_C,APC2D4_C_N,APC2D4_C_O,APC2D4_C_S,APC2D4_C_Cl,APC2D4_C_X,APC2D4_N_N,APC2D4_N_O,APC2D5_C_C,APC2D5_C_N,APC2D5_C_O,APC2D5_C_S,APC2D5_C_X,APC2D5_N_N,APC2D5_N_O,APC2D6_C_C,APC2D6_C_N,APC2D6_C_O,APC2D6_C_S,APC2D6_C_Cl,APC2D6_C_X,APC2D6_N_O,APC2D7_C_C,APC2D7_C_N,APC2D7_C_O,APC2D7_C_S,APC2D7_C_Cl,APC2D7_C_X,APC2D7_O_O,APC2D8_C_C,APC2D8_C_N,APC2D8_C_O,APC2D8_C_X,APC2D8_N_N,APC2D8_N_O,APC2D9_C_C,APC2D9_C_N,APC2D9_C_O,APC2D9_C_S,APC2D9_N_N,APC2D10_C_C,APC2D10_C_N,APC2D10_C_O,APC2D10_C_S,KRFPC1,KRFPC297,KRFPC298,KRFPC341,KRFPC383,KRFPC467,KRFPC669,KRFPC677,KRFPC758,KRFPC2975,KRFPC3058,KRFPC3150,KRFPC3224,KRFPC3369,KRFPC3396,KRFPC3402,KRFPC3440,KRFPC3540,KRFPC3593,KRFPC3640,KRFPC3659,KRFPC3660,KRFPC3661,KRFPC3662,KRFPC3682,KRFPC3692,KRFPC3706,KRFPC3712,KRFPC3717,KRFPC3719,KRFPC3722,KRFPC3726,KRFPC3729,KRFPC3733,KRFPC3735,KRFPC3740,KRFPC3742,KRFPC3744,KRFPC3750,KRFPC3773,KRFPC3781,KRFPC3782,KRFPC3788,KRFPC3789,KRFPC3882,KRFPC3926,KRFPC3956,KRFPC4264,KRFPC4331,SubFPC1,SubFPC2,SubFPC3,SubFPC137,SubFPC181,SubFPC184,SubFPC274,SubFPC275,SubFPC279,SubFPC280,SubFPC287,SubFPC295,SubFPC300,SubFPC301,SubFPC302,SubFPC307
CHEMBL3715626,IC50,1300.0,14.0,8.0,2.0,0.0,16.0,11.0,3.0,0.0,0.0,1.0,12.0,12.0,5.0,0.0,0.0,1.0,0.0,15.0,6.0,6.0,0.0,0.0,0.0,1.0,2.0,14.0,4.0,5.0,0.0,0.0,1.0,2.0,14.0,6.0,3.0,0.0,0.0,0.0,1.0,7.0,7.0,3.0,0.0,0.0,0.0,0.0,6.0,3.0,2.0,0.0,1.0,0.0,5.0,1.0,1.0,0.0,0.0,2.0,2.0,0.0,0.0,2.0,4.0,2.0,1.0,1.0,2.0,0.0,2.0,1.0,8.0,1.0,0.0,6.0,1.0,0.0,1.0,0.0,0.0,0.0,3.0,0.0,0.0,1.0,1.0,0.0,1.0,0.0,0.0,0.0,0.0,0.0,0.0,0.0,1.0,0.0,3.0,1.0,0.0,4.0,4.0,2.0,1.0,0.0,0.0,4.0,2.0,0.0,0.0,2.0,0.0,2.0,1.0,2.0,1.0,2.0,9.0,3.0,3.0,3.0,2.0,10.0,14.0,14.0,4.0,15.0
CHEMBL3719268,IC50,16000.0,14.0,8.0,0.0,2.0,19.0,11.0,0.0,3.0,0.0,1.0,17.0,11.0,0.0,1.0,0.0,1.0,1.0,19.0,7.0,0.0,2.0,0.0,0.0,2.0,0.0,17.0,8.0,0.0,1.0,0.0,0.0,0.0,11.0,10.0,0.0,2.0,0.0,0.0,0.0,9.0,5.0,0.0,2.0,0.0,0.0,0.0,7.0,1.0,0.0,0.0,0.0,0.0,5.0,1.0,0.0,1.0,0.0,2.0,2.0,0.0,0.0,1.0,4.0,2.0,2.0,0.0,0.0,0.0,0.0,0.0,5.0,0.0,0.0,4.0,0.0,0.0,1.0,0.0,0.0,0.0,3.0,0.0,0.0,1.0,0.0,0.0,2.0,1.0,0.0,0.0,0.0,0.0,0.0,1.0,3.0,0.0,3.0,0.0,0.0,4.0,2.0,0.0,1.0,0.0,0.0,3.0,1.0,0.0,0.0,0.0,0.0,2.0,0.0,0.0,1.0,3.0,14.0,4.0,0.0,0.0,0.0,10.0,9.0,9.0,1.0,14.0
CHEMBL3719067,IC50,110.0,16.0,13.0,2.0,2.0,22.0,15.0,3.0,3.0,0.0,2.0,18.0,14.0,4.0,2.0,0.0,2.0,2.0,17.0,14.0,5.0,4.0,0.0,0.0,1.0,1.0,22.0,4.0,3.0,1.0,0.0,4.0,3.0,15.0,15.0,4.0,3.0,0.0,0.0,0.0,17.0,13.0,2.0,0.0,0.0,0.0,0.0,12.0,11.0,2.0,0.0,2.0,2.0,14.0,5.0,2.0,2.0,1.0,12.0,4.0,3.0,1.0,2.0,7.0,4.0,3.0,1.0,2.0,0.0,2.0,1.0,10.0,0.0,0.0,7.0,0.0,0.0,1.0,0.0,0.0,0.0,5.0,0.0,0.0,1.0,1.0,0.0,3.0,1.0,0.0,0.0,0.0,0.0,0.0,1.0,4.0,1.0,5.0,1.0,1.0,6.0,6.0,2.0,2.0,2.0,0.0,6.0,3.0,1.0,0.0,2.0,0.0,3.0,0.0,2.0,2.0,4.0,14.0,6.0,0.0,0.0,2.0,17.0,16.0,16.0,4.0,17.0
CHEMBL3718575,IC50,490.0,22.0,9.0,1.0,0.0,32.0,10.0,1.0,0.0,0.0,2.0,21.0,16.0,3.0,0.0,0.0,1.0,0.0,16.0,17.0,3.0,0.0,0.0,0.0,1.0,1.0,20.0,8.0,3.0,0.0,0.0,2.0,2.0,21.0,9.0,3.0,0.0,0.0,0.0,0.0,22.0,7.0,3.0,0.0,0.0,0.0,0.0,15.0,10.0,4.0,0.0,0.0,0.0,13.0,7.0,1.0,0.0,0.0,13.0,5.0,0.0,0.0,5.0,10.0,12.0,3.0,0.0,1.0,0.0,1.0,1.0,16.0,4.0,2.0,16.0,4.0,2.0,0.0,0.0,0.0,3.0,21.0,10.0,8.0,0.0,0.0,0.0,24.0,20.0,12.0,0.0,3.0,0.0,4.0,4.0,4.0,2.0,4.0,2.0,0.0,2.0,1.0,1.0,0.0,0.0,0.0,3.0,1.0,0.0,0.0,1.0,0.0,8.0,5.0,2.0,2.0,3.0,9.0,3.0,0.0,0.0,2.0,10.0,22.0,22.0,6.0,14.0
CHEMBL3715412,IC50,300.0,15.0,9.0,1.0,2.0,19.0,12.0,1.0,3.0,0.0,2.0,15.0,14.0,3.0,0.0,0.0,1.0,2.0,12.0,13.0,4.0,2.0,0.0,0.0,1.0,1.0,17.0,3.0,3.0,1.0,0.0,3.0,2.0,15.0,8.0,2.0,3.0,0.0,0.0,0.0,15.0,8.0,1.0,0.0,0.0,0.0,0.0,7.0,9.0,2.0,0.0,0.0,0.0,7.0,4.0,0.0,2.0,1.0,7.0,1.0,0.0,2.0,2.0,4.0,4.0,2.0,0.0,0.0,0.0,1.0,0.0,7.0,0.0,1.0,6.0,0.0,0.0,2.0,0.0,0.0,0.0,6.0,0.0,0.0,4.0,2.0,0.0,6.0,6.0,1.0,0.0,0.0,0.0,1.0,4.0,4.0,2.0,4.0,2.0,0.0,4.0,2.0,2.0,0.0,0.0,0.0,3.0,1.0,0.0,2.0,1.0,0.0,4.0,0.0,2.0,2.0,4.0,14.0,4.0,0.0,0.0,2.0,12.0,11.0,11.0,3.0,15.0
CHEMBL3719157,IC50,20000.0,15.0,8.0,1.0,2.0,20.0,10.0,1.0,3.0,0.0,1.0,15.0,13.0,3.0,1.0,0.0,0.0,1.0,16.0,6.0,3.0,2.0,0.0,0.0,3.0,1.0,16.0,6.0,4.0,1.0,0.0,0.0,0.0,15.0,7.0,1.0,2.0,0.0,0.0,2.0,13.0,9.0,1.0,1.0,0.0,0.0,0.0,9.0,3.0,1.0,0.0,2.0,0.0,6.0,3.0,2.0,2.0,0.0,6.0,1.0,0.0,1.0,1.0,4.0,2.0,2.0,1.0,2.0,0.0,2.0,1.0,6.0,1.0,0.0,5.0,1.0,2.0,0.0,0.0,0.0,0.0,5.0,1.0,0.0,0.0,0.0,0.0,3.0,2.0,0.0,0.0,0.0,0.0,0.0,3.0,3.0,0.0,5.0,0.0,0.0,3.0,2.0,0.0,1.0,0.0,0.0,3.0,1.0,0.0,0.0,1.0,0.0,2.0,1.0,0.0,1.0,3.0,14.0,4.0,0.0,0.0,0.0,11.0,11.0,11.0,3.0,16.0
CHEMBL3716516,IC50,2300.0,15.0,10.0,2.0,2.0,20.0,11.0,3.0,3.0,0.0,2.0,15.0,14.0,4.0,1.0,0.0,1.0,0.0,14.0,10.0,7.0,0.0,0.0,0.0,2.0,1.0,13.0,9.0,4.0,2.0,0.0,2.0,3.0,17.0,6.0,5.0,1.0,0.0,0.0,1.0,14.0,9.0,2.0,3.0,0.0,0.0,1.0,14.0,8.0,2.0,0.0,1.0,0.0,7.0,6.0,3.0,1.0,2.0,7.0,3.0,2.0,1.0,1.0,5.0,3.0,2.0,1.0,3.0,0.0,2.0,2.0,8.0,1.0,0.0,5.0,1.0,2.0,0.0,0.0,0.0,0.0,5.0,1.0,0.0,0.0,0.0,0.0,3.0,2.0,0.0,0.0,0.0,0.0,0.0,3.0,3.0,1.0,5.0,2.0,0.0,3.0,3.0,1.0,1.0,0.0,0.0,4.0,2.0,0.0,0.0,2.0,0.0,2.0,1.0,3.0,2.0,4.0,14.0,5.0,0.0,0.0,6.0,14.0,11.0,11.0,6.0,16.0
CHEMBL3714837,IC50,300.0,18.0,8.0,2.0,0.0,23.0,11.0,3.0,0.0,0.0,1.0,19.0,13.0,5.0,0.0,0.0,1.0,0.0,16.0,11.0,6.0,0.0,0.0,0.0,1.0,2.0,19.0,6.0,5.0,0.0,0.0,1.0,2.0,21.0,6.0,4.0,0.0,0.0,0.0,1.0,17.0,7.0,5.0,0.0,0.0,0.0,0.0,11.0,6.0,5.0,0.0,1.0,0.0,9.0,3.0,2.0,0.0,0.0,8.0,2.0,1.0,0.0,1.0,4.0,2.0,2.0,1.0,2.0,0.0,2.0,1.0,6.0,0.0,0.0,4.0,0.0,0.0,1.0,0.0,0.0,0.0,3.0,0.0,0.0,1.0,1.0,0.0,2.0,1.0,0.0,0.0,0.0,0.0,0.0,1.0,3.0,1.0,3.0,1.0,0.0,4.0,4.0,2.0,1.0,0.0,0.0,4.0,2.0,0.0,0.0,2.0,0.0,2.0,0.0,2.0,1.0,2.0,15.0,3.0,0.0,0.0,2.0,10.0,11.0,11.0,3.0,18.0
CHEMBL3716979,IC50,620.0,16.0,8.0,2.0,2.0,20.0,11.0,3.0,3.0,0.0,1.0,17.0,11.0,5.0,0.0,0.0,1.0,2.0,13.0,12.0,5.0,2.0,0.0,0.0,1.0,2.0,16.0,5.0,5.0,2.0,0.0,1.0,2.0,16.0,5.0,4.0,3.0,0.0,0.0,1.0,16.0,5.0,5.0,0.0,0.0,0.0,0.0,10.0,7.0,3.0,0.0,1.0,0.0,10.0,4.0,1.0,1.0,0.0,7.0,2.0,2.0,1.0,1.0,5.0,2.0,3.0,1.0,2.0,0.0,2.0,1.0,7.0,0.0,0.0,5.0,0.0,0.0,1.0,0.0,0.0,0.0,4.0,0.0,0.0,1.0,0.0,0.0,3.0,2.0,1.0,0.0,0.0,0.0,1.0,2.0,3.0,1.0,3.0,1.0,0.0,4.0,4.0,1.0,2.0,0.0,0.0,4.0,2.0,0.0,0.0,2.0,0.0,3.0,0.0,2.0,1.0,3.0,14.0,4.0,0.0,0.0,2.0,12.0,12.0,12.0,4.0,16.0
CHEMBL3717110,IC50,850.0,20.0,8.0,2.0,0.0,28.0,11.0,3.0,0.0,0.0,1.0,19.0,13.0,5.0,0.0,0.0,1.0,0.0,16.0,13.0,6.0,0.0,0.0,0.0,1.0,2.0,21.0,6.0,5.0,0.0,0.0,1.0,2.0,23.0,6.0,4.0,0.0,0.0,0.0,1.0,20.0,7.0,6.0,0.0,0.0,0.0,0.0,11.0,7.0,6.0,0.0,1.0,0.0,10.0,3.0,2.0,0.0,0.0,10.0,2.0,1.0,0.0,4.0,8.0,8.0,3.0,1.0,2.0,0.0,2.0,1.0,13.0,2.0,1.0,12.0,2.0,0.0,1.0,0.0,0.0,1.0,14.0,6.0,6.0,1.0,1.0,0.0,16.0,11.0,5.0,0.0,1.0,0.0,0.0,1.0,3.0,1.0,3.0,1.0,0.0,4.0,4.0,2.0,1.0,0.0,0.0,4.0,2.0,0.0,0.0,2.0,0.0,6.0,3.0,2.0,1.0,2.0,9.0,3.0,0.0,0.0,2.0,10.0,20.0,20.0,4.0,15.0
CHEMBL4440222,IC50,2.71,23.0,3.0,2.0,0.0,32.0,5.0,3.0,0.0,2.0,0.0,34.0,6.0,6.0,0.0,2.0,0.0,0.0,30.0,6.0,8.0,0.0,3.0,3.0,0.0,0.0,28.0,4.0,7.0,0.0,3.0,0.0,1.0,23.0,3.0,6.0,0.0,4.0,4.0,0.0,17.0,3.0,4.0,0.0,3.0,3.0,1.0,11.0,4.0,3.0,1.0,0.0,1.0,7.0,4.0,1.0,0.0,1.0,4.0,3.0,1.0,0.0,1.0,0.0,0.0,0.0,0.0,0.0,1.0,0.0,0.0,3.0,0.0,0.0,1.0,0.0,0.0,0.0,0.0,1.0,0.0,0.0,0.0,0.0,0.0,0.0,1.0,0.0,0.0,0.0,0.0,0.0,0.0,0.0,0.0,0.0,0.0,0.0,0.0,0.0,1.0,0.0,0.0,0.0,0.0,0.0,1.0,0.0,0.0,0.0,2.0,1.0,0.0,0.0,3.0,0.0,0.0,18.0,1.0,0.0,0.0,6.0,5.0,4.0,4.0,1.0,19.0
CHEMBL3672295,IC50,2.6,22.0,3.0,2.0,2.0,32.0,4.0,3.0,3.0,0.0,0.0,34.0,6.0,5.0,1.0,0.0,0.0,1.0,31.0,6.0,9.0,2.0,0.0,0.0,0.0,0.0,27.0,4.0,7.0,3.0,0.0,0.0,1.0,21.0,3.0,5.0,4.0,0.0,0.0,0.0,16.0,2.0,3.0,2.0,0.0,0.0,1.0,12.0,3.0,4.0,0.0,0.0,0.0,9.0,5.0,1.0,1.0,0.0,6.0,3.0,1.0,2.0,1.0,1.0,1.0,0.0,0.0,0.0,2.0,0.0,0.0,5.0,0.0,0.0,2.0,0.0,0.0,0.0,0.0,2.0,0.0,1.0,0.0,0.0,0.0,0.0,2.0,0.0,0.0,0.0,0.0,0.0,0.0,0.0,0.0,0.0,0.0,1.0,0.0,0.0,1.0,0.0,0.0,0.0,0.0,0.0,1.0,0.0,0.0,0.0,2.0,2.0,0.0,1.0,2.0,0.0,1.0,17.0,2.0,0.0,0.0,6.0,7.0,6.0,6.0,2.0,17.0
CHEMBL3717234,IC50,11000.0,14.0,10.0,1.0,2.0,19.0,11.0,1.0,3.0,2.0,2.0,14.0,14.0,3.0,0.0,1.0,1.0,2.0,12.0,12.0,3.0,2.0,0.0,1.0,2.0,1.0,15.0,5.0,3.0,1.0,0.0,2.0,2.0,14.0,7.0,2.0,3.0,0.0,2.0,1.0,15.0,7.0,2.0,0.0,0.0,1.0,0.0,8.0,9.0,2.0,3.0,1.0,0.0,8.0,4.0,0.0,1.0,2.0,6.0,3.0,0.0,2.0,1.0,5.0,3.0,2.0,1.0,3.0,0.0,2.0,2.0,7.0,1.0,0.0,5.0,1.0,2.0,0.0,0.0,0.0,0.0,5.0,1.0,0.0,0.0,0.0,0.0,3.0,2.0,0.0,0.0,0.0,0.0,0.0,3.0,3.0,1.0,5.0,2.0,0.0,3.0,3.0,1.0,1.0,0.0,0.0,4.0,2.0,0.0,0.0,1.0,0.0,2.0,1.0,2.0,2.0,4.0,14.0,5.0,0.0,0.0,2.0,13.0,11.0,11.0,4.0,15.0
CHEMBL3718776,IC50,4200.0,16.0,13.0,2.0,2.0,22.0,16.0,3.0,3.0,0.0,2.0,20.0,13.0,4.0,0.0,0.0,2.0,3.0,17.0,14.0,5.0,4.0,0.0,0.0,1.0,1.0,20.0,4.0,4.0,3.0,0.0,4.0,3.0,15.0,15.0,3.0,3.0,0.0,0.0,0.0,17.0,13.0,2.0,0.0,0.0,0.0,0.0,12.0,11.0,2.0,0.0,2.0,2.0,14.0,5.0,2.0,2.0,1.0,12.0,4.0,3.0,1.0,2.0,7.0,4.0,3.0,1.0,2.0,0.0,2.0,1.0,10.0,0.0,0.0,7.0,0.0,0.0,1.0,0.0,0.0,0.0,5.0,0.0,0.0,1.0,1.0,0.0,3.0,1.0,0.0,0.0,0.0,0.0,0.0,1.0,4.0,1.0,5.0,1.0,1.0,6.0,6.0,2.0,2.0,2.0,0.0,6.0,3.0,1.0,0.0,2.0,0.0,3.0,0.0,2.0,2.0,4.0,14.0,6.0,0.0,0.0,2.0,17.0,16.0,16.0,4.0,17.0
CHEMBL3716309,IC50,700.0,14.0,10.0,2.0,2.0,18.0,12.0,3.0,3.0,0.0,2.0,15.0,12.0,4.0,1.0,0.0,2.0,0.0,13.0,11.0,8.0,0.0,0.0,0.0,1.0,1.0,14.0,8.0,3.0,2.0,0.0,2.0,4.0,16.0,8.0,5.0,1.0,0.0,0.0,0.0,12.0,10.0,1.0,3.0,0.0,0.0,1.0,12.0,5.0,2.0,0.0,2.0,0.0,5.0,5.0,4.0,1.0,0.0,6.0,1.0,1.0,2.0,1.0,4.0,2.0,2.0,1.0,2.0,0.0,2.0,1.0,7.0,0.0,0.0,4.0,0.0,0.0,1.0,0.0,0.0,0.0,3.0,0.0,0.0,1.0,1.0,0.0,2.0,1.0,0.0,0.0,0.0,0.0,0.0,1.0,3.0,1.0,3.0,1.0,0.0,4.0,4.0,2.0,1.0,0.0,0.0,4.0,2.0,0.0,0.0,2.0,0.0,2.0,0.0,3.0,2.0,4.0,14.0,5.0,0.0,0.0,6.0,14.0,10.0,10.0,5.0,16.0
CHEMBL4537262,IC50,10.69,22.0,3.0,2.0,2.0,32.0,4.0,3.0,3.0,0.0,0.0,34.0,6.0,5.0,1.0,0.0,0.0,1.0,31.0,6.0,9.0,2.0,0.0,0.0,0.0,0.0,27.0,4.0,7.0,3.0,0.0,0.0,1.0,21.0,3.0,5.0,4.0,0.0,0.0,0.0,16.0,2.0,3.0,2.0,0.0,0.0,1.0,12.0,3.0,4.0,0.0,0.0,0.0,9.0,5.0,1.0,1.0,0.0,6.0,3.0,1.0,2.0,1.0,1.0,1.0,0.0,0.0,0.0,2.0,0.0,0.0,5.0,0.0,0.0,2.0,0.0,0.0,0.0,0.0,2.0,0.0,1.0,0.0,0.0,0.0,0.0,2.0,0.0,0.0,0.0,0.0,0.0,0.0,0.0,0.0,0.0,0.0,1.0,0.0,0.0,1.0,0.0,0.0,0.0,0.0,0.0,1.0,0.0,0.0,0.0,2.0,2.0,0.0,1.0,2.0,0.0,1.0,17.0,2.0,0.0,0.0,6.0,7.0,6.0,6.0,2.0,17.0
CHEMBL4527920,IC50,2.94,24.0,3.0,2.0,0.0,34.0,5.0,3.0,0.0,0.0,0.0,36.0,7.0,6.0,0.0,0.0,0.0,0.0,33.0,6.0,9.0,0.0,0.0,0.0,0.0,0.0,31.0,4.0,8.0,0.0,0.0,0.0,1.0,27.0,3.0,6.0,0.0,0.0,0.0,0.0,20.0,3.0,4.0,0.0,0.0,0.0,1.0,12.0,4.0,3.0,0.0,0.0,1.0,8.0,4.0,1.0,0.0,1.0,5.0,4.0,1.0,0.0,1.0,0.0,0.0,0.0,0.0,0.0,2.0,0.0,0.0,4.0,0.0,0.0,1.0,0.0,0.0,0.0,0.0,2.0,0.0,0.0,0.0,0.0,0.0,0.0,1.0,0.0,0.0,0.0,0.0,0.0,0.0,0.0,0.0,0.0,0.0,0.0,0.0,0.0,1.0,0.0,0.0,0.0,0.0,0.0,1.0,0.0,0.0,0.0,2.0,2.0,0.0,0.0,3.0,0.0,0.0,18.0,1.0,0.0,0.0,6.0,5.0,5.0,5.0,1.0,19.0
CHEMBL4473141,IC50,61.41,24.0,3.0,2.0,0.0,34.0,5.0,3.0,0.0,2.0,0.0,36.0,7.0,6.0,0.0,3.0,0.0,0.0,33.0,6.0,9.0,0.0,0.0,2.0,0.0,0.0,31.0,4.0,8.0,0.0,2.0,0.0,1.0,27.0,3.0,6.0,0.0,0.0,3.0,0.0,20.0,3.0,4.0,0.0,0.0,4.0,1.0,12.0,4.0,3.0,2.0,0.0,1.0,8.0,4.0,1.0,0.0,1.0,5.0,4.0,1.0,0.0,1.0,0.0,0.0,0.0,0.0,0.0,2.0,0.0,0.0,4.0,0.0,0.0,1.0,0.0,0.0,0.0,0.0,2.0,0.0,0.0,0.0,0.0,0.0,0.0,1.0,0.0,0.0,0.0,0.0,0.0,0.0,0.0,0.0,0.0,0.0,0.0,0.0,0.0,1.0,0.0,0.0,0.0,0.0,0.0,1.0,0.0,0.0,0.0,2.0,2.0,0.0,0.0,3.0,0.0,0.0,18.0,1.0,0.0,0.0,6.0,5.0,5.0,5.0,1.0,19.0
CHEMBL4467180,IC50,894.3,25.0,3.0,2.0,0.0,36.0,5.0,3.0,0.0,0.0,0.0,38.0,7.0,6.0,0.0,0.0,0.0,0.0,35.0,6.0,9.0,0.0,0.0,0.0,0.0,0.0,32.0,5.0,9.0,0.0,0.0,0.0,1.0,29.0,3.0,6.0,0.0,0.0,0.0,0.0,23.0,3.0,4.0,0.0,0.0,0.0,1.0,16.0,4.0,4.0,0.0,0.0,1.0,10.0,4.0,1.0,0.0,1.0,6.0,4.0,1.0,0.0,1.0,0.0,0.0,0.0,0.0,0.0,3.0,0.0,0.0,5.0,0.0,0.0,1.0,0.0,0.0,0.0,0.0,3.0,0.0,0.0,0.0,0.0,0.0,0.0,1.0,0.0,0.0,0.0,0.0,0.0,0.0,0.0,0.0,0.0,0.0,0.0,0.0,0.0,1.0,0.0,0.0,0.0,0.0,0.0,1.0,0.0,0.0,0.0,2.0,3.0,0.0,0.0,3.0,0.0,0.0,18.0,1.0,0.0,0.0,6.0,5.0,6.0,6.0,1.0,19.0
CHEMBL4573944,IC50,6415.0,25.0,5.0,2.0,0.0,39.0,5.0,3.0,0.0,0.0,0.0,42.0,7.0,6.0,0.0,0.0,0.0,0.0,39.0,6.0,9.0,0.0,0.0,0.0,0.0,0.0,36.0,5.0,9.0,0.0,0.0,0.0,1.0,31.0,3.0,6.0,0.0,0.0,0.0,0.0,25.0,3.0,4.0,0.0,0.0,0.0,1.0,20.0,4.0,4.0,0.0,0.0,1.0,16.0,4.0,3.0,0.0,1.0,12.0,6.0,1.0,0.0,1.0,0.0,0.0,0.0,0.0,0.0,5.0,0.0,0.0,7.0,0.0,0.0,1.0,0.0,0.0,0.0,0.0,3.0,0.0,0.0,0.0,0.0,0.0,0.0,1.0,0.0,0.0,0.0,0.0,0.0,0.0,0.0,0.0,0.0,0.0,0.0,0.0,0.0,1.0,2.0,0.0,0.0,0.0,0.0,3.0,3.0,0.0,0.0,2.0,3.0,0.0,0.0,3.0,0.0,0.0,18.0,1.0,0.0,0.0,6.0,7.0,8.0,8.0,2.0,20.0
CHEMBL3715755,IC50,17000.0,17.0,6.0,3.0,2.0,21.0,9.0,5.0,3.0,0.0,1.0,17.0,11.0,7.0,0.0,0.0,0.0,2.0,14.0,10.0,7.0,2.0,0.0,0.0,1.0,2.0,18.0,3.0,6.0,2.0,0.0,1.0,2.0,18.0,4.0,4.0,3.0,0.0,0.0,1.0,17.0,5.0,5.0,0.0,0.0,0.0,1.0,9.0,5.0,6.0,0.0,0.0,0.0,8.0,1.0,4.0,2.0,0.0,7.0,0.0,3.0,2.0,2.0,4.0,4.0,2.0,0.0,0.0,0.0,1.0,0.0,7.0,0.0,1.0,6.0,0.0,0.0,1.0,0.0,0.0,0.0,6.0,0.0,0.0,2.0,2.0,0.0,6.0,6.0,1.0,0.0,0.0,0.0,1.0,2.0,2.0,2.0,2.0,2.0,2.0,2.0,2.0,2.0,0.0,2.0,0.0,2.0,1.0,1.0,1.0,3.0,0.0,4.0,0.0,2.0,1.0,3.0,14.0,3.0,0.0,0.0,2.0,11.0,12.0,12.0,3.0,16.0
CHEMBL3718662,IC50,180.0,15.0,8.0,2.0,2.0,19.0,11.0,3.0,3.0,0.0,1.0,16.0,11.0,5.0,0.0,0.0,1.0,2.0,13.0,11.0,6.0,2.0,0.0,0.0,1.0,2.0,17.0,4.0,5.0,2.0,0.0,1.0,2.0,16.0,6.0,3.0,3.0,0.0,0.0,1.0,15.0,6.0,4.0,0.0,0.0,0.0,0.0,7.0,6.0,4.0,0.0,1.0,0.0,7.0,2.0,1.0,2.0,0.0,6.0,1.0,1.0,1.0,1.0,4.0,2.0,2.0,1.0,2.0,0.0,2.0,1.0,6.0,0.0,0.0,4.0,0.0,0.0,1.0,0.0,0.0,0.0,3.0,0.0,0.0,1.0,1.0,0.0,2.0,1.0,0.0,0.0,0.0,0.0,0.0,1.0,3.0,1.0,3.0,1.0,0.0,4.0,4.0,2.0,1.0,0.0,0.0,4.0,2.0,0.0,0.0,2.0,0.0,2.0,0.0,2.0,1.0,3.0,14.0,4.0,0.0,0.0,2.0,12.0,11.0,11.0,3.0,16.0
CHEMBL3717226,IC50,200.0,16.0,8.0,2.0,2.0,21.0,10.0,3.0,3.0,0.0,1.0,16.0,13.0,5.0,0.0,0.0,0.0,2.0,14.0,10.0,5.0,2.0,0.0,0.0,2.0,2.0,16.0,5.0,6.0,2.0,0.0,1.0,1.0,17.0,4.0,3.0,3.0,0.0,0.0,2.0,16.0,6.0,5.0,0.0,0.0,0.0,0.0,10.0,7.0,3.0,0.0,1.0,0.0,9.0,4.0,2.0,1.0,1.0,7.0,2.0,1.0,2.0,1.0,5.0,3.0,2.0,1.0,3.0,0.0,2.0,2.0,7.0,1.0,0.0,5.0,1.0,2.0,0.0,0.0,0.0,0.0,5.0,1.0,0.0,0.0,0.0,0.0,3.0,2.0,0.0,0.0,0.0,0.0,0.0,3.0,3.0,1.0,5.0,2.0,0.0,3.0,3.0,1.0,1.0,0.0,0.0,4.0,2.0,0.0,0.0,2.0,0.0,2.0,1.0,2.0,1.0,3.0,14.0,4.0,0.0,0.0,2.0,12.0,12.0,12.0,4.0,16.0
CHEMBL3718881,IC50,500.0,16.0,8.0,2.0,2.0,20.0,11.0,3.0,3.0,0.0,1.0,17.0,11.0,5.0,1.0,0.0,1.0,0.0,15.0,9.0,6.0,0.0,0.0,0.0,1.0,2.0,15.0,8.0,5.0,2.0,0.0,1.0,2.0,18.0,6.0,3.0,2.0,0.0,0.0,1.0,16.0,6.0,3.0,3.0,0.0,0.0,0.0,13.0,5.0,5.0,0.0,1.0,0.0,6.0,4.0,3.0,1.0,0.0,6.0,1.0,1.0,2.0,1.0,5.0,2.0,2.0,1.0,2.0,0.0,2.0,1.0,7.0,0.0,0.0,4.0,0.0,0.0,1.0,0.0,0.0,0.0,3.0,0.0,0.0,1.0,1.0,0.0,2.0,1.0,0.0,0.0,0.0,0.0,0.0,1.0,3.0,1.0,3.0,1.0,0.0,4.0,4.0,2.0,1.0,0.0,0.0,4.0,2.0,0.0,0.0,2.0,0.0,3.0,0.0,2.0,1.0,3.0,14.0,4.0,0.0,0.0,2.0,12.0,13.0,13.0,5.0,16.0
CHEMBL3717174,IC50,330.0,17.0,9.0,1.0,2.0,23.0,10.0,1.0,3.0,0.0,2.0,18.0,14.0,3.0,0.0,0.0,1.0,2.0,13.0,15.0,3.0,2.0,0.0,0.0,1.0,1.0,17.0,5.0,3.0,1.0,0.0,2.0,2.0,15.0,8.0,3.0,3.0,0.0,0.0,0.0,18.0,5.0,2.0,0.0,0.0,0.0,0.0,11.0,9.0,3.0,0.0,0.0,0.0,11.0,6.0,0.0,1.0,0.0,9.0,5.0,0.0,2.0,2.0,6.0,6.0,2.0,0.0,1.0,0.0,1.0,1.0,9.0,2.0,1.0,8.0,2.0,2.0,0.0,0.0,0.0,2.0,10.0,4.0,2.0,0.0,0.0,0.0,10.0,10.0,7.0,0.0,2.0,0.0,4.0,4.0,4.0,2.0,4.0,2.0,0.0,2.0,1.0,1.0,0.0,0.0,0.0,3.0,1.0,0.0,0.0,1.0,0.0,4.0,2.0,2.0,2.0,4.0,14.0,4.0,0.0,0.0,2.0,12.0,13.0,13.0,5.0,15.0
CHEMBL3715360,IC50,5.2,15.0,15.0,1.0,2.0,21.0,17.0,1.0,3.0,0.0,2.0,20.0,14.0,3.0,2.0,0.0,3.0,2.0,17.0,15.0,4.0,4.0,0.0,0.0,1.0,1.0,22.0,5.0,2.0,1.0,0.0,4.0,3.0,15.0,17.0,2.0,3.0,0.0,0.0,0.0,17.0,14.0,1.0,0.0,0.0,0.0,0.0,12.0,11.0,2.0,0.0,4.0,0.0,14.0,7.0,0.0,2.0,1.0,12.0,5.0,2.0,1.0,1.0,8.0,2.0,4.0,3.0,4.0,0.0,3.0,1.0,10.0,0.0,0.0,6.0,0.0,0.0,1.0,0.0,0.0,0.0,3.0,0.0,0.0,1.0,1.0,0.0,2.0,1.0,0.0,0.0,0.0,0.0,0.0,1.0,3.0,1.0,3.0,1.0,0.0,8.0,8.0,2.0,3.0,0.0,0.0,8.0,4.0,0.0,0.0,1.0,0.0,2.0,0.0,2.0,2.0,4.0,14.0,7.0,0.0,0.0,2.0,18.0,16.0,16.0,4.0,17.0
CHEMBL3715121,IC50,34.0,14.0,10.0,1.0,0.0,17.0,11.0,1.0,0.0,0.0,2.0,12.0,16.0,3.0,0.0,0.0,1.0,0.0,14.0,8.0,3.0,0.0,0.0,0.0,2.0,1.0,12.0,6.0,3.0,0.0,0.0,2.0,2.0,15.0,5.0,2.0,0.0,0.0,0.0,1.0,9.0,8.0,3.0,0.0,0.0,0.0,0.0,9.0,7.0,0.0,0.0,1.0,0.0,7.0,4.0,0.0,0.0,2.0,6.0,3.0,0.0,0.0,2.0,6.0,3.0,2.0,1.0,3.0,0.0,2.0,2.0,10.0,2.0,0.0,8.0,2.0,2.0,0.0,0.0,0.0,0.0,6.0,1.0,0.0,0.0,0.0,0.0,3.0,2.0,0.0,0.0,0.0,0.0,0.0,3.0,3.0,1.0,5.0,2.0,0.0,3.0,3.0,1.0,1.0,0.0,0.0,4.0,2.0,0.0,0.0,1.0,0.0,3.0,2.0,2.0,2.0,3.0,9.0,4.0,3.0,3.0,2.0,11.0,15.0,15.0,5.0,14.0
CHEMBL3715939,IC50,8300.0,9.0,10.0,1.0,0.0,13.0,10.0,1.0,0.0,0.0,2.0,10.0,10.0,3.0,0.0,0.0,2.0,0.0,8.0,8.0,4.0,0.0,0.0,0.0,1.0,1.0,8.0,3.0,2.0,0.0,0.0,2.0,3.0,8.0,6.0,1.0,0.0,0.0,0.0,0.0,6.0,7.0,0.0,0.0,0.0,0.0,0.0,3.0,4.0,0.0,0.0,2.0,0.0,1.0,2.0,0.0,0.0,0.0,0.0,0.0,0.0,0.0,1.0,4.0,2.0,2.0,1.0,2.0,0.0,2.0,1.0,6.0,0.0,0.0,4.0,0.0,0.0,1.0,0.0,0.0,0.0,3.0,0.0,0.0,1.0,1.0,0.0,2.0,1.0,0.0,0.0,0.0,0.0,0.0,1.0,3.0,1.0,3.0,1.0,0.0,4.0,4.0,2.0,1.0,0.0,0.0,4.0,2.0,0.0,0.0,1.0,0.0,2.0,0.0,2.0,2.0,3.0,9.0,4.0,0.0,0.0,2.0,11.0,10.0,10.0,3.0,11.0
CHEMBL3716396,IC50,2200.0,14.0,10.0,1.0,2.0,19.0,11.0,1.0,3.0,1.0,2.0,14.0,14.0,3.0,0.0,2.0,1.0,2.0,12.0,12.0,3.0,2.0,0.0,1.0,2.0,1.0,15.0,5.0,3.0,1.0,0.0,2.0,2.0,14.0,7.0,2.0,3.0,0.0,2.0,1.0,15.0,7.0,2.0,0.0,0.0,1.0,0.0,8.0,9.0,2.0,3.0,1.0,0.0,8.0,4.0,0.0,1.0,2.0,6.0,3.0,0.0,2.0,1.0,5.0,3.0,2.0,1.0,3.0,0.0,2.0,2.0,7.0,1.0,0.0,5.0,1.0,2.0,0.0,0.0,0.0,0.0,5.0,1.0,0.0,0.0,0.0,0.0,3.0,2.0,0.0,0.0,0.0,0.0,0.0,3.0,3.0,1.0,5.0,2.0,0.0,3.0,3.0,1.0,1.0,0.0,0.0,4.0,2.0,0.0,0.0,1.0,0.0,2.0,1.0,2.0,2.0,4.0,14.0,5.0,0.0,0.0,2.0,13.0,11.0,11.0,4.0,15.0
CHEMBL3714835,IC50,3200.0,15.0,8.0,2.0,2.0,19.0,11.0,3.0,3.0,0.0,1.0,16.0,11.0,5.0,0.0,0.0,1.0,2.0,13.0,11.0,6.0,2.0,0.0,0.0,1.0,2.0,17.0,4.0,5.0,2.0,0.0,1.0,2.0,16.0,6.0,3.0,3.0,0.0,0.0,1.0,15.0,6.0,4.0,0.0,0.0,0.0,0.0,7.0,6.0,4.0,0.0,1.0,0.0,7.0,2.0,1.0,2.0,0.0,6.0,1.0,1.0,1.0,1.0,4.0,2.0,2.0,1.0,2.0,0.0,2.0,1.0,6.0,0.0,0.0,4.0,0.0,0.0,1.0,0.0,0.0,0.0,3.0,0.0,0.0,1.0,1.0,0.0,2.0,1.0,0.0,0.0,0.0,0.0,0.0,1.0,3.0,1.0,3.0,1.0,0.0,4.0,4.0,2.0,1.0,0.0,0.0,4.0,2.0,0.0,0.0,2.0,0.0,2.0,0.0,2.0,1.0,3.0,14.0,4.0,0.0,0.0,2.0,12.0,11.0,11.0,3.0,16.0
CHEMBL3717841,IC50,86.0,15.0,8.0,2.0,2.0,19.0,11.0,3.0,3.0,0.0,1.0,16.0,11.0,5.0,0.0,0.0,1.0,2.0,13.0,11.0,6.0,2.0,0.0,0.0,1.0,2.0,17.0,4.0,5.0,2.0,0.0,1.0,2.0,16.0,6.0,3.0,3.0,0.0,0.0,1.0,15.0,6.0,4.0,0.0,0.0,0.0,0.0,7.0,6.0,4.0,0.0,1.0,0.0,7.0,2.0,1.0,2.0,0.0,6.0,1.0,1.0,1.0,1.0,4.0,2.0,2.0,1.0,2.0,0.0,2.0,1.0,6.0,0.0,0.0,4.0,0.0,0.0,1.0,0.0,0.0,0.0,3.0,0.0,0.0,1.0,1.0,0.0,2.0,1.0,0.0,0.0,0.0,0.0,0.0,1.0,3.0,1.0,3.0,1.0,0.0,4.0,4.0,2.0,1.0,0.0,0.0,4.0,2.0,0.0,0.0,2.0,0.0,2.0,0.0,2.0,1.0,3.0,14.0,4.0,0.0,0.0,2.0,12.0,11.0,11.0,3.0,16.0
CHEMBL3719145,IC50,1800.0,15.0,8.0,2.0,2.0,19.0,11.0,3.0,3.0,0.0,1.0,16.0,12.0,5.0,0.0,0.0,0.0,2.0,14.0,9.0,6.0,2.0,0.0,0.0,2.0,2.0,17.0,4.0,6.0,2.0,0.0,1.0,1.0,17.0,5.0,2.0,3.0,0.0,0.0,2.0,15.0,7.0,4.0,0.0,0.0,0.0,0.0,7.0,6.0,4.0,0.0,1.0,0.0,6.0,2.0,2.0,2.0,1.0,6.0,1.0,0.0,2.0,1.0,4.0,2.0,2.0,2.0,2.0,0.0,2.0,0.0,6.0,0.0,0.0,4.0,0.0,0.0,1.0,0.0,0.0,0.0,3.0,0.0,0.0,2.0,2.0,0.0,2.0,1.0,0.0,0.0,0.0,0.0,0.0,1.0,2.0,0.0,4.0,2.0,0.0,4.0,4.0,2.0,1.0,0.0,0.0,4.0,2.0,0.0,0.0,2.0,0.0,2.0,0.0,2.0,1.0,3.0,14.0,4.0,0.0,0.0,2.0,12.0,11.0,11.0,3.0,16.0
CHEMBL3716966,IC50,730.0,14.0,8.0,2.0,2.0,18.0,11.0,3.0,3.0,0.0,1.0,14.0,10.0,5.0,0.0,0.0,1.0,2.0,13.0,10.0,6.0,2.0,0.0,0.0,1.0,2.0,16.0,4.0,5.0,2.0,0.0,1.0,2.0,15.0,6.0,2.0,3.0,0.0,0.0,1.0,13.0,6.0,4.0,0.0,0.0,0.0,0.0,5.0,5.0,4.0,0.0,1.0,0.0,5.0,1.0,1.0,2.0,0.0,5.0,1.0,0.0,1.0,1.0,3.0,2.0,1.0,1.0,2.0,0.0,2.0,1.0,5.0,0.0,0.0,3.0,0.0,0.0,1.0,0.0,0.0,0.0,2.0,0.0,0.0,1.0,1.0,0.0,1.0,0.0,0.0,0.0,0.0,0.0,0.0,0.0,1.0,0.0,3.0,1.0,0.0,4.0,4.0,2.0,1.0,0.0,0.0,4.0,2.0,0.0,0.0,2.0,0.0,1.0,0.0,2.0,1.0,3.0,14.0,4.0,0.0,0.0,2.0,12.0,10.0,10.0,3.0,16.0
CHEMBL3719302,IC50,7400.0,15.0,13.0,3.0,2.0,20.0,16.0,3.0,3.0,0.0,2.0,22.0,13.0,3.0,0.0,0.0,2.0,3.0,18.0,14.0,8.0,4.0,0.0,0.0,1.0,1.0,20.0,4.0,8.0,3.0,0.0,4.0,3.0,15.0,15.0,4.0,3.0,0.0,0.0,0.0,17.0,13.0,3.0,0.0,0.0,0.0,0.0,12.0,11.0,2.0,0.0,2.0,4.0,14.0,5.0,4.0,2.0,1.0,12.0,4.0,4.0,1.0,1.0,8.0,2.0,4.0,1.0,2.0,0.0,2.0,1.0,10.0,0.0,0.0,6.0,0.0,0.0,1.0,0.0,0.0,0.0,3.0,0.0,0.0,1.0,1.0,0.0,2.0,1.0,0.0,0.0,0.0,0.0,0.0,1.0,3.0,1.0,3.0,1.0,0.0,6.0,6.0,2.0,2.0,2.0,0.0,6.0,3.0,2.0,0.0,3.0,0.0,2.0,0.0,2.0,2.0,4.0,14.0,5.0,0.0,0.0,2.0,18.0,16.0,16.0,8.0,16.0
CHEMBL3717281,IC50,520.0,17.0,7.0,2.0,2.0,21.0,11.0,3.0,3.0,0.0,1.0,17.0,13.0,5.0,0.0,0.0,0.0,2.0,14.0,11.0,6.0,2.0,0.0,0.0,1.0,2.0,18.0,3.0,6.0,2.0,0.0,2.0,1.0,18.0,5.0,3.0,3.0,0.0,0.0,1.0,17.0,6.0,4.0,0.0,0.0,0.0,0.0,9.0,7.0,4.0,0.0,0.0,0.0,8.0,3.0,2.0,2.0,1.0,7.0,2.0,1.0,2.0,2.0,4.0,4.0,2.0,0.0,0.0,0.0,1.0,0.0,7.0,0.0,1.0,6.0,0.0,0.0,2.0,0.0,0.0,0.0,6.0,0.0,0.0,4.0,2.0,0.0,6.0,6.0,1.0,0.0,0.0,0.0,1.0,4.0,4.0,2.0,4.0,2.0,0.0,4.0,2.0,2.0,0.0,0.0,0.0,3.0,1.0,0.0,2.0,2.0,0.0,4.0,0.0,2.0,1.0,3.0,14.0,3.0,0.0,0.0,2.0,11.0,12.0,12.0,3.0,16.0
CHEMBL3719148,IC50,9900.0,15.0,10.0,2.0,2.0,20.0,11.0,3.0,3.0,0.0,2.0,15.0,14.0,4.0,1.0,0.0,1.0,0.0,14.0,10.0,7.0,0.0,0.0,0.0,2.0,1.0,13.0,9.0,4.0,2.0,0.0,2.0,3.0,17.0,6.0,5.0,1.0,0.0,0.0,1.0,14.0,9.0,2.0,3.0,0.0,0.0,1.0,14.0,8.0,2.0,0.0,1.0,0.0,7.0,6.0,3.0,1.0,2.0,7.0,3.0,2.0,1.0,1.0,5.0,3.0,2.0,1.0,3.0,0.0,2.0,2.0,8.0,1.0,0.0,5.0,1.0,2.0,0.0,0.0,0.0,0.0,5.0,1.0,0.0,0.0,0.0,0.0,3.0,2.0,0.0,0.0,0.0,0.0,0.0,3.0,3.0,1.0,5.0,2.0,0.0,3.0,3.0,1.0,1.0,0.0,0.0,4.0,2.0,0.0,0.0,2.0,0.0,2.0,1.0,3.0,2.0,4.0,14.0,5.0,0.0,0.0,6.0,14.0,11.0,11.0,6.0,16.0
CHEMBL4455728,IC50,143.9,27.0,5.0,2.0,0.0,41.0,4.0,3.0,0.0,0.0,0.0,42.0,8.0,6.0,0.0,0.0,0.0,0.0,43.0,6.0,9.0,0.0,0.0,0.0,0.0,0.0,37.0,5.0,8.0,0.0,0.0,0.0,1.0,33.0,3.0,6.0,0.0,0.0,0.0,0.0,26.0,2.0,4.0,0.0,0.0,0.0,1.0,20.0,3.0,5.0,0.0,0.0,0.0,18.0,6.0,1.0,0.0,0.0,19.0,3.0,3.0,0.0,0.0,2.0,0.0,0.0,0.0,0.0,3.0,0.0,0.0,8.0,2.0,0.0,4.0,2.0,1.0,0.0,0.0,2.0,0.0,3.0,0.0,0.0,0.0,0.0,3.0,1.0,0.0,0.0,0.0,0.0,0.0,0.0,0.0,1.0,0.0,2.0,0.0,0.0,1.0,2.0,0.0,0.0,0.0,0.0,3.0,3.0,0.0,0.0,2.0,1.0,1.0,0.0,3.0,0.0,0.0,18.0,1.0,3.0,3.0,6.0,7.0,9.0,9.0,3.0,22.0
CHEMBL3715032,IC50,72.0,16.0,9.0,1.0,2.0,21.0,11.0,1.0,3.0,0.0,2.0,16.0,14.0,3.0,0.0,0.0,1.0,2.0,12.0,14.0,3.0,2.0,0.0,0.0,1.0,1.0,16.0,5.0,3.0,1.0,0.0,2.0,2.0,15.0,6.0,3.0,3.0,0.0,0.0,0.0,17.0,6.0,2.0,0.0,0.0,0.0,0.0,10.0,9.0,2.0,0.0,0.0,1.0,9.0,7.0,0.0,1.0,0.0,7.0,4.0,0.0,2.0,2.0,5.0,5.0,2.0,0.0,1.0,0.0,1.0,1.0,8.0,1.0,1.0,7.0,1.0,1.0,1.0,0.0,0.0,1.0,8.0,2.0,1.0,2.0,0.0,0.0,8.0,8.0,3.0,0.0,1.0,0.0,2.0,6.0,4.0,2.0,4.0,2.0,0.0,3.0,1.0,1.0,0.0,0.0,0.0,3.0,1.0,0.0,1.0,1.0,0.0,4.0,1.0,2.0,2.0,4.0,14.0,4.0,0.0,0.0,2.0,12.0,12.0,12.0,4.0,15.0
CHEMBL4534499,IC50,65.0,24.0,5.0,2.0,0.0,37.0,4.0,3.0,0.0,2.0,0.0,38.0,6.0,6.0,0.0,2.0,0.0,0.0,36.0,6.0,8.0,0.0,3.0,3.0,0.0,0.0,33.0,5.0,7.0,0.0,3.0,0.0,1.0,28.0,3.0,6.0,0.0,4.0,4.0,0.0,21.0,2.0,4.0,0.0,3.0,3.0,1.0,16.0,3.0,4.0,1.0,0.0,0.0,14.0,5.0,1.0,0.0,0.0,13.0,3.0,3.0,0.0,1.0,1.0,1.0,0.0,0.0,0.0,3.0,0.0,0.0,6.0,0.0,0.0,2.0,0.0,0.0,0.0,0.0,1.0,0.0,1.0,0.0,0.0,0.0,0.0,2.0,0.0,0.0,0.0,0.0,0.0,0.0,0.0,0.0,0.0,0.0,1.0,0.0,0.0,1.0,2.0,0.0,0.0,0.0,0.0,3.0,3.0,0.0,0.0,2.0,1.0,0.0,1.0,3.0,0.0,0.0,18.0,1.0,0.0,0.0,6.0,7.0,7.0,7.0,3.0,20.0
CHEMBL3716635,IC50,33.0,15.0,9.0,1.0,0.0,17.0,12.0,1.0,0.0,0.0,2.0,13.0,16.0,3.0,0.0,0.0,1.0,0.0,14.0,9.0,4.0,0.0,0.0,0.0,1.0,1.0,14.0,4.0,3.0,0.0,0.0,3.0,2.0,16.0,6.0,2.0,0.0,0.0,0.0,0.0,9.0,9.0,2.0,0.0,0.0,0.0,0.0,8.0,7.0,0.0,0.0,0.0,0.0,7.0,4.0,0.0,0.0,1.0,5.0,1.0,0.0,0.0,3.0,5.0,4.0,2.0,0.0,0.0,0.0,1.0,0.0,10.0,1.0,1.0,9.0,1.0,0.0,2.0,0.0,0.0,0.0,7.0,0.0,0.0,4.0,2.0,0.0,6.0,6.0,1.0,0.0,0.0,0.0,1.0,4.0,4.0,2.0,4.0,2.0,0.0,4.0,2.0,2.0,0.0,0.0,0.0,3.0,1.0,0.0,2.0,1.0,0.0,5.0,1.0,2.0,2.0,3.0,9.0,3.0,3.0,3.0,2.0,10.0,15.0,15.0,4.0,14.0
CHEMBL4555026,IC50,2663.0,24.0,5.0,3.0,0.0,37.0,4.0,5.0,0.0,2.0,0.0,38.0,6.0,9.0,0.0,2.0,0.0,0.0,36.0,6.0,10.0,0.0,3.0,3.0,0.0,1.0,33.0,5.0,9.0,0.0,3.0,0.0,1.0,28.0,3.0,9.0,0.0,4.0,4.0,0.0,21.0,2.0,7.0,0.0,3.0,3.0,2.0,16.0,3.0,6.0,1.0,0.0,0.0,14.0,5.0,2.0,0.0,0.0,13.0,3.0,4.0,0.0,1.0,1.0,1.0,0.0,0.0,0.0,3.0,0.0,0.0,6.0,0.0,0.0,2.0,0.0,0.0,0.0,0.0,1.0,0.0,1.0,0.0,0.0,0.0,0.0,2.0,0.0,0.0,0.0,0.0,0.0,0.0,0.0,0.0,0.0,0.0,1.0,0.0,0.0,1.0,2.0,0.0,0.0,0.0,0.0,3.0,3.0,0.0,0.0,3.0,1.0,0.0,1.0,3.0,0.0,0.0,18.0,1.0,0.0,0.0,6.0,8.0,8.0,8.0,3.0,20.0
CHEMBL4455498,IC50,20.88,25.0,5.0,2.0,0.0,39.0,5.0,3.0,0.0,0.0,0.0,42.0,7.0,6.0,0.0,0.0,0.0,0.0,39.0,6.0,9.0,0.0,0.0,0.0,0.0,0.0,38.0,4.0,8.0,0.0,0.0,0.0,1.0,32.0,4.0,7.0,0.0,0.0,0.0,0.0,26.0,3.0,5.0,0.0,0.0,0.0,1.0,18.0,4.0,3.0,0.0,0.0,1.0,15.0,4.0,3.0,0.0,1.0,12.0,6.0,1.0,0.0,1.0,0.0,0.0,0.0,0.0,0.0,5.0,0.0,0.0,7.0,0.0,0.0,1.0,0.0,0.0,0.0,0.0,2.0,0.0,0.0,0.0,0.0,0.0,0.0,1.0,0.0,0.0,0.0,0.0,0.0,0.0,0.0,0.0,0.0,0.0,0.0,0.0,0.0,1.0,2.0,0.0,0.0,0.0,0.0,3.0,3.0,0.0,0.0,2.0,3.0,0.0,0.0,3.0,0.0,0.0,18.0,1.0,0.0,0.0,6.0,7.0,8.0,8.0,2.0,20.0
CHEMBL4452595,IC50,6.44,26.0,3.0,2.0,0.0,38.0,4.0,3.0,0.0,0.0,0.0,40.0,7.0,6.0,0.0,0.0,0.0,0.0,37.0,6.0,9.0,0.0,0.0,0.0,0.0,0.0,35.0,5.0,8.0,0.0,0.0,0.0,1.0,31.0,4.0,7.0,0.0,0.0,0.0,0.0,26.0,2.0,5.0,0.0,0.0,0.0,1.0,17.0,3.0,4.0,0.0,0.0,0.0,12.0,5.0,1.0,0.0,0.0,10.0,3.0,1.0,0.0,1.0,1.0,1.0,0.0,0.0,0.0,3.0,0.0,0.0,6.0,0.0,0.0,2.0,0.0,0.0,0.0,0.0,2.0,0.0,1.0,0.0,0.0,0.0,0.0,2.0,0.0,0.0,0.0,0.0,0.0,0.0,0.0,0.0,0.0,0.0,1.0,0.0,0.0,1.0,0.0,0.0,0.0,0.0,0.0,1.0,0.0,0.0,0.0,2.0,3.0,0.0,1.0,3.0,0.0,0.0,18.0,1.0,0.0,0.0,6.0,5.0,7.0,7.0,2.0,19.0
CHEMBL3719153,IC50,970.0,14.0,8.0,2.0,2.0,18.0,9.0,3.0,3.0,0.0,1.0,13.0,12.0,5.0,0.0,0.0,0.0,2.0,13.0,9.0,5.0,2.0,0.0,0.0,2.0,2.0,15.0,4.0,6.0,2.0,0.0,1.0,1.0,15.0,4.0,2.0,3.0,0.0,0.0,2.0,13.0,6.0,4.0,0.0,0.0,0.0,0.0,6.0,6.0,3.0,0.0,1.0,0.0,5.0,2.0,2.0,1.0,1.0,4.0,1.0,0.0,2.0,1.0,3.0,2.0,0.0,0.0,2.0,0.0,2.0,1.0,5.0,1.0,0.0,3.0,1.0,2.0,0.0,0.0,0.0,0.0,3.0,0.0,0.0,0.0,0.0,0.0,0.0,0.0,0.0,0.0,0.0,0.0,0.0,0.0,0.0,0.0,5.0,2.0,0.0,3.0,2.0,1.0,0.0,0.0,0.0,4.0,2.0,0.0,0.0,2.0,0.0,0.0,1.0,2.0,1.0,3.0,14.0,4.0,0.0,0.0,2.0,12.0,10.0,10.0,4.0,16.0
CHEMBL3715228,IC50,2600.0,15.0,8.0,2.0,0.0,17.0,11.0,3.0,0.0,0.0,1.0,14.0,14.0,5.0,0.0,0.0,0.0,0.0,16.0,5.0,6.0,0.0,0.0,0.0,2.0,2.0,15.0,4.0,6.0,0.0,0.0,1.0,1.0,16.0,5.0,3.0,0.0,0.0,0.0,2.0,9.0,8.0,3.0,0.0,0.0,0.0,0.0,8.0,4.0,2.0,0.0,1.0,0.0,6.0,2.0,2.0,0.0,1.0,4.0,1.0,0.0,0.0,2.0,5.0,2.0,2.0,2.0,2.0,0.0,2.0,0.0,9.0,1.0,0.0,7.0,1.0,0.0,1.0,0.0,0.0,0.0,4.0,0.0,0.0,2.0,2.0,0.0,2.0,1.0,0.0,0.0,0.0,0.0,0.0,1.0,2.0,0.0,4.0,2.0,0.0,4.0,4.0,2.0,1.0,0.0,0.0,4.0,2.0,0.0,0.0,2.0,0.0,3.0,1.0,2.0,1.0,2.0,9.0,3.0,3.0,3.0,2.0,10.0,15.0,15.0,4.0,15.0
CHEMBL3714883,IC50,410.0,15.0,8.0,2.0,0.0,17.0,11.0,3.0,0.0,0.0,1.0,14.0,13.0,5.0,0.0,0.0,1.0,0.0,15.0,7.0,6.0,0.0,0.0,0.0,1.0,2.0,15.0,4.0,5.0,0.0,0.0,1.0,2.0,15.0,6.0,4.0,0.0,0.0,0.0,1.0,9.0,7.0,3.0,0.0,0.0,0.0,0.0,8.0,4.0,2.0,0.0,1.0,0.0,7.0,2.0,1.0,0.0,0.0,3.0,2.0,1.0,0.0,2.0,5.0,2.0,2.0,1.0,2.0,0.0,2.0,1.0,9.0,1.0,0.0,7.0,1.0,0.0,1.0,0.0,0.0,0.0,4.0,0.0,0.0,1.0,1.0,0.0,2.0,1.0,0.0,0.0,0.0,0.0,0.0,1.0,3.0,1.0,3.0,1.0,0.0,4.0,4.0,2.0,1.0,0.0,0.0,4.0,2.0,0.0,0.0,2.0,0.0,3.0,1.0,2.0,1.0,2.0,9.0,3.0,3.0,3.0,2.0,10.0,15.0,15.0,4.0,15.0
CHEMBL3718223,IC50,1600.0,14.0,8.0,2.0,0.0,16.0,9.0,3.0,0.0,0.0,1.0,11.0,14.0,5.0,0.0,0.0,0.0,0.0,15.0,5.0,5.0,0.0,0.0,0.0,2.0,2.0,13.0,4.0,6.0,0.0,0.0,1.0,1.0,14.0,4.0,3.0,0.0,0.0,0.0,2.0,7.0,7.0,3.0,0.0,0.0,0.0,0.0,7.0,4.0,1.0,0.0,1.0,0.0,4.0,2.0,2.0,0.0,1.0,4.0,1.0,0.0,0.0,2.0,4.0,2.0,0.0,0.0,2.0,0.0,2.0,1.0,8.0,2.0,0.0,6.0,2.0,2.0,0.0,0.0,0.0,0.0,4.0,0.0,0.0,0.0,0.0,0.0,0.0,0.0,0.0,0.0,0.0,0.0,0.0,0.0,0.0,0.0,5.0,2.0,0.0,3.0,2.0,1.0,0.0,0.0,0.0,4.0,2.0,0.0,0.0,2.0,0.0,1.0,2.0,2.0,1.0,2.0,9.0,3.0,3.0,3.0,2.0,10.0,14.0,14.0,5.0,15.0
CHEMBL3716964,IC50,270.0,17.0,8.0,2.0,0.0,22.0,11.0,3.0,0.0,0.0,1.0,16.0,13.0,5.0,0.0,0.0,1.0,0.0,15.0,11.0,6.0,0.0,0.0,0.0,1.0,2.0,19.0,4.0,5.0,0.0,0.0,1.0,2.0,19.0,6.0,4.0,0.0,0.0,0.0,1.0,15.0,7.0,5.0,0.0,0.0,0.0,0.0,8.0,6.0,4.0,0.0,1.0,0.0,9.0,2.0,1.0,0.0,0.0,7.0,2.0,1.0,0.0,2.0,8.0,4.0,5.0,1.0,2.0,0.0,2.0,1.0,11.0,0.0,0.0,9.0,0.0,0.0,1.0,0.0,0.0,0.0,8.0,0.0,0.0,1.0,1.0,0.0,7.0,2.0,0.0,0.0,0.0,0.0,0.0,1.0,3.0,1.0,3.0,1.0,0.0,4.0,4.0,2.0,1.0,0.0,0.0,4.0,2.0,0.0,0.0,2.0,0.0,6.0,1.0,2.0,1.0,2.0,9.0,3.0,0.0,0.0,2.0,10.0,17.0,17.0,4.0,13.0
CHEMBL3714949,IC50,910.0,19.0,8.0,2.0,0.0,25.0,10.0,3.0,0.0,0.0,1.0,19.0,15.0,5.0,0.0,0.0,0.0,0.0,17.0,10.0,5.0,0.0,0.0,0.0,2.0,2.0,18.0,7.0,6.0,0.0,0.0,1.0,1.0,22.0,4.0,4.0,0.0,0.0,0.0,2.0,18.0,7.0,6.0,0.0,0.0,0.0,0.0,14.0,7.0,4.0,0.0,1.0,0.0,10.0,5.0,3.0,0.0,1.0,10.0,2.0,1.0,0.0,1.0,5.0,3.0,2.0,1.0,3.0,0.0,2.0,2.0,7.0,1.0,0.0,5.0,1.0,2.0,0.0,0.0,0.0,0.0,5.0,1.0,0.0,0.0,0.0,0.0,3.0,2.0,0.0,0.0,0.0,0.0,0.0,3.0,3.0,1.0,5.0,2.0,0.0,3.0,3.0,1.0,1.0,0.0,0.0,4.0,2.0,0.0,0.0,2.0,0.0,2.0,1.0,2.0,1.0,2.0,15.0,3.0,0.0,0.0,2.0,10.0,12.0,12.0,4.0,18.0
CHEMBL3718701,IC50,18000.0,13.0,9.0,2.0,2.0,18.0,11.0,3.0,3.0,0.0,1.0,17.0,9.0,6.0,0.0,0.0,1.0,2.0,14.0,10.0,6.0,2.0,0.0,0.0,1.0,2.0,17.0,5.0,4.0,2.0,0.0,1.0,2.0,15.0,7.0,2.0,3.0,0.0,0.0,1.0,12.0,5.0,5.0,0.0,0.0,0.0,0.0,4.0,4.0,4.0,0.0,1.0,0.0,6.0,1.0,0.0,2.0,0.0,4.0,1.0,0.0,0.0,0.0,4.0,0.0,2.0,2.0,2.0,0.0,1.0,0.0,5.0,0.0,0.0,2.0,0.0,0.0,0.0,0.0,0.0,0.0,0.0,0.0,0.0,0.0,0.0,0.0,0.0,0.0,0.0,0.0,0.0,0.0,0.0,0.0,0.0,0.0,0.0,0.0,0.0,4.0,6.0,2.0,2.0,0.0,0.0,5.0,4.0,0.0,0.0,2.0,0.0,0.0,0.0,2.0,1.0,3.0,14.0,5.0,0.0,0.0,2.0,13.0,9.0,9.0,2.0,15.0
CHEMBL3715171,IC50,630.0,15.0,8.0,2.0,2.0,20.0,10.0,3.0,3.0,0.0,1.0,14.0,12.0,5.0,0.0,0.0,0.0,2.0,13.0,10.0,5.0,2.0,0.0,0.0,2.0,2.0,16.0,4.0,6.0,2.0,0.0,1.0,1.0,16.0,4.0,3.0,3.0,0.0,0.0,2.0,15.0,6.0,4.0,0.0,0.0,0.0,0.0,8.0,7.0,3.0,0.0,1.0,0.0,7.0,3.0,2.0,1.0,1.0,5.0,1.0,1.0,2.0,1.0,4.0,3.0,1.0,1.0,3.0,0.0,2.0,2.0,6.0,1.0,0.0,4.0,1.0,2.0,0.0,0.0,0.0,0.0,4.0,1.0,0.0,0.0,0.0,0.0,2.0,0.0,0.0,0.0,0.0,0.0,0.0,0.0,3.0,1.0,5.0,2.0,0.0,3.0,3.0,1.0,1.0,0.0,0.0,4.0,2.0,0.0,0.0,2.0,0.0,1.0,1.0,2.0,1.0,3.0,14.0,4.0,0.0,0.0,2.0,12.0,11.0,11.0,4.0,16.0
CHEMBL3718151,IC50,1100.0,21.0,8.0,2.0,0.0,30.0,10.0,3.0,0.0,0.0,1.0,19.0,15.0,5.0,0.0,0.0,0.0,0.0,17.0,12.0,5.0,0.0,0.0,0.0,2.0,2.0,20.0,7.0,6.0,0.0,0.0,1.0,1.0,24.0,4.0,4.0,0.0,0.0,0.0,2.0,21.0,7.0,7.0,0.0,0.0,0.0,0.0,14.0,8.0,5.0,0.0,1.0,0.0,11.0,5.0,3.0,0.0,1.0,11.0,2.0,1.0,0.0,4.0,9.0,9.0,3.0,1.0,3.0,0.0,2.0,2.0,14.0,3.0,1.0,13.0,3.0,2.0,0.0,0.0,0.0,1.0,16.0,7.0,6.0,0.0,0.0,0.0,17.0,12.0,5.0,0.0,1.0,0.0,0.0,3.0,3.0,1.0,5.0,2.0,0.0,3.0,3.0,1.0,1.0,0.0,0.0,4.0,2.0,0.0,0.0,2.0,0.0,6.0,4.0,2.0,1.0,2.0,9.0,3.0,0.0,0.0,2.0,10.0,21.0,21.0,5.0,15.0
CHEMBL3716900,IC50,3300.0,10.0,8.0,0.0,0.0,14.0,10.0,0.0,0.0,0.0,1.0,12.0,10.0,0.0,0.0,0.0,1.0,0.0,14.0,4.0,0.0,0.0,0.0,0.0,2.0,0.0,10.0,6.0,0.0,0.0,0.0,0.0,0.0,5.0,7.0,0.0,0.0,0.0,0.0,0.0,1.0,3.0,0.0,0.0,0.0,0.0,0.0,0.0,0.0,0.0,0.0,0.0,0.0,0.0,0.0,0.0,0.0,0.0,0.0,0.0,0.0,0.0,1.0,4.0,2.0,2.0,0.0,0.0,0.0,0.0,0.0,5.0,0.0,0.0,4.0,0.0,0.0,1.0,0.0,0.0,0.0,3.0,0.0,0.0,1.0,0.0,0.0,2.0,1.0,0.0,0.0,0.0,0.0,0.0,1.0,3.0,0.0,3.0,0.0,0.0,4.0,2.0,0.0,1.0,0.0,0.0,3.0,1.0,0.0,0.0,0.0,0.0,2.0,0.0,0.0,1.0,2.0,9.0,3.0,0.0,0.0,0.0,8.0,9.0,9.0,1.0,10.0
CHEMBL3715494,IC50,36.0,14.0,10.0,1.0,0.0,16.0,12.0,1.0,0.0,0.0,2.0,14.0,12.0,3.0,0.0,0.0,2.0,0.0,11.0,13.0,4.0,0.0,0.0,0.0,1.0,1.0,16.0,4.0,2.0,0.0,0.0,2.0,3.0,13.0,9.0,2.0,0.0,0.0,0.0,0.0,13.0,8.0,1.0,0.0,0.0,0.0,0.0,6.0,6.0,2.0,0.0,2.0,0.0,6.0,3.0,0.0,0.0,0.0,6.0,1.0,0.0,0.0,2.0,6.0,3.0,2.0,1.0,2.0,0.0,2.0,1.0,10.0,2.0,0.0,8.0,2.0,0.0,1.0,0.0,0.0,0.0,6.0,0.0,0.0,1.0,1.0,0.0,3.0,1.0,0.0,0.0,0.0,0.0,0.0,1.0,3.0,1.0,3.0,1.0,0.0,4.0,4.0,2.0,1.0,0.0,0.0,4.0,2.0,0.0,0.0,1.0,0.0,4.0,1.0,2.0,2.0,3.0,9.0,4.0,3.0,3.0,2.0,11.0,15.0,15.0,5.0,14.0
CHEMBL3717191,IC50,8800.0,13.0,10.0,1.0,2.0,17.0,12.0,1.0,3.0,2.0,2.0,14.0,12.0,3.0,0.0,1.0,2.0,2.0,11.0,13.0,4.0,2.0,0.0,1.0,1.0,1.0,16.0,4.0,2.0,1.0,0.0,2.0,3.0,13.0,9.0,2.0,3.0,0.0,2.0,0.0,13.0,8.0,1.0,0.0,0.0,1.0,0.0,6.0,6.0,2.0,3.0,2.0,0.0,6.0,3.0,0.0,2.0,0.0,6.0,1.0,0.0,1.0,1.0,4.0,2.0,2.0,1.0,2.0,0.0,2.0,1.0,6.0,0.0,0.0,4.0,0.0,0.0,1.0,0.0,0.0,0.0,3.0,0.0,0.0,1.0,1.0,0.0,2.0,1.0,0.0,0.0,0.0,0.0,0.0,1.0,3.0,1.0,3.0,1.0,0.0,4.0,4.0,2.0,1.0,0.0,0.0,4.0,2.0,0.0,0.0,1.0,0.0,2.0,0.0,2.0,2.0,4.0,14.0,5.0,0.0,0.0,2.0,13.0,10.0,10.0,3.0,15.0
CHEMBL3717823,IC50,37000.0,10.0,10.0,1.0,0.0,15.0,9.0,1.0,0.0,0.0,2.0,10.0,12.0,3.0,0.0,0.0,1.0,0.0,9.0,7.0,3.0,0.0,0.0,0.0,2.0,1.0,7.0,4.0,3.0,0.0,0.0,2.0,2.0,9.0,4.0,1.0,0.0,0.0,0.0,1.0,8.0,6.0,1.0,0.0,0.0,0.0,0.0,6.0,7.0,0.0,0.0,1.0,0.0,3.0,4.0,0.0,0.0,2.0,1.0,2.0,0.0,0.0,1.0,5.0,3.0,2.0,1.0,3.0,0.0,2.0,2.0,7.0,1.0,0.0,5.0,1.0,2.0,0.0,0.0,0.0,0.0,5.0,1.0,0.0,0.0,0.0,0.0,3.0,2.0,0.0,0.0,0.0,0.0,0.0,3.0,3.0,1.0,5.0,2.0,0.0,3.0,3.0,1.0,1.0,0.0,0.0,4.0,2.0,0.0,0.0,1.0,0.0,2.0,1.0,2.0,2.0,3.0,9.0,4.0,0.0,0.0,2.0,11.0,11.0,11.0,4.0,11.0
CHEMBL3715259,IC50,340.0,19.0,9.0,1.0,2.0,29.0,11.0,1.0,3.0,0.0,2.0,23.0,15.0,3.0,0.0,0.0,1.0,2.0,20.0,18.0,4.0,2.0,0.0,0.0,1.0,1.0,21.0,6.0,3.0,1.0,0.0,3.0,2.0,19.0,8.0,6.0,3.0,0.0,0.0,0.0,23.0,8.0,1.0,0.0,0.0,0.0,0.0,15.0,13.0,2.0,0.0,0.0,0.0,11.0,12.0,0.0,2.0,1.0,11.0,1.0,0.0,2.0,1.0,4.0,2.0,0.0,0.0,0.0,3.0,1.0,0.0,11.0,8.0,1.0,10.0,8.0,3.0,1.0,0.0,0.0,4.0,16.0,12.0,4.0,2.0,2.0,0.0,14.0,18.0,9.0,4.0,8.0,0.0,5.0,6.0,8.0,6.0,5.0,2.0,0.0,3.0,2.0,2.0,0.0,0.0,0.0,3.0,1.0,0.0,1.0,1.0,3.0,3.0,0.0,2.0,2.0,4.0,14.0,4.0,0.0,0.0,2.0,12.0,15.0,15.0,4.0,16.0
CHEMBL3715388,IC50,24.0,21.0,9.0,1.0,2.0,31.0,14.0,1.0,3.0,0.0,2.0,25.0,16.0,3.0,0.0,0.0,1.0,2.0,17.0,17.0,5.0,2.0,0.0,0.0,2.0,1.0,22.0,4.0,4.0,1.0,0.0,2.0,2.0,21.0,9.0,4.0,3.0,0.0,0.0,1.0,22.0,12.0,1.0,0.0,0.0,0.0,0.0,13.0,13.0,2.0,0.0,1.0,0.0,11.0,7.0,0.0,3.0,2.0,12.0,1.0,0.0,3.0,2.0,6.0,6.0,0.0,0.0,0.0,0.0,1.0,0.0,11.0,4.0,4.0,12.0,4.0,0.0,6.0,0.0,0.0,12.0,18.0,12.0,12.0,12.0,6.0,0.0,24.0,36.0,28.0,15.0,36.0,15.0,9.0,12.0,12.0,6.0,6.0,3.0,0.0,6.0,3.0,3.0,0.0,0.0,0.0,3.0,1.0,0.0,6.0,1.0,0.0,6.0,2.0,2.0,2.0,4.0,14.0,4.0,0.0,0.0,2.0,12.0,17.0,17.0,3.0,17.0
CHEMBL3717765,IC50,1000.0,15.0,10.0,1.0,2.0,20.0,11.0,1.0,3.0,0.0,2.0,16.0,13.0,3.0,0.0,0.0,1.0,2.0,12.0,14.0,3.0,2.0,0.0,0.0,1.0,1.0,16.0,4.0,2.0,1.0,0.0,3.0,2.0,13.0,8.0,3.0,3.0,0.0,0.0,0.0,16.0,5.0,2.0,0.0,0.0,0.0,0.0,10.0,8.0,3.0,0.0,0.0,0.0,10.0,7.0,0.0,1.0,1.0,8.0,4.0,0.0,1.0,1.0,6.0,3.0,3.0,2.0,3.0,0.0,2.0,1.0,8.0,1.0,0.0,6.0,1.0,1.0,0.0,0.0,0.0,0.0,6.0,2.0,1.0,0.0,0.0,0.0,5.0,3.0,1.0,0.0,0.0,0.0,1.0,3.0,5.0,2.0,4.0,1.0,0.0,3.0,3.0,1.0,1.0,0.0,0.0,4.0,2.0,0.0,0.0,1.0,0.0,3.0,1.0,2.0,2.0,4.0,14.0,5.0,0.0,0.0,2.0,13.0,12.0,12.0,5.0,15.0
CHEMBL3718019,IC50,23000.0,15.0,12.0,1.0,0.0,21.0,12.0,1.0,0.0,2.0,3.0,16.0,15.0,3.0,0.0,2.0,1.0,0.0,14.0,13.0,3.0,0.0,1.0,1.0,2.0,1.0,15.0,8.0,2.0,0.0,1.0,3.0,2.0,17.0,8.0,2.0,0.0,0.0,0.0,1.0,14.0,9.0,3.0,0.0,2.0,2.0,0.0,11.0,9.0,2.0,1.0,1.0,0.0,8.0,7.0,1.0,0.0,3.0,7.0,4.0,0.0,0.0,0.0,2.0,0.0,1.0,1.0,1.0,0.0,1.0,0.0,3.0,0.0,0.0,1.0,0.0,0.0,0.0,0.0,0.0,0.0,0.0,0.0,0.0,0.0,0.0,0.0,0.0,0.0,0.0,0.0,0.0,0.0,0.0,0.0,0.0,0.0,0.0,0.0,0.0,1.0,1.0,1.0,0.0,0.0,0.0,2.0,1.0,0.0,0.0,1.0,0.0,1.0,0.0,2.0,3.0,5.0,20.0,5.0,0.0,0.0,2.0,13.0,8.0,8.0,5.0,19.0
CHEMBL4444190,IC50,63.83,25.0,5.0,2.0,0.0,39.0,4.0,3.0,0.0,0.0,0.0,40.0,7.0,6.0,0.0,0.0,0.0,0.0,39.0,6.0,9.0,0.0,0.0,0.0,0.0,0.0,36.0,5.0,8.0,0.0,0.0,0.0,1.0,32.0,3.0,6.0,0.0,0.0,0.0,0.0,24.0,2.0,4.0,0.0,0.0,0.0,1.0,17.0,3.0,4.0,0.0,0.0,0.0,15.0,5.0,1.0,0.0,0.0,15.0,3.0,3.0,0.0,1.0,1.0,1.0,0.0,0.0,0.0,4.0,0.0,0.0,7.0,0.0,0.0,2.0,0.0,0.0,0.0,0.0,2.0,0.0,1.0,0.0,0.0,0.0,0.0,2.0,0.0,0.0,0.0,0.0,0.0,0.0,0.0,0.0,0.0,0.0,1.0,0.0,0.0,1.0,2.0,0.0,0.0,0.0,0.0,3.0,3.0,0.0,0.0,2.0,2.0,0.0,1.0,3.0,0.0,0.0,18.0,1.0,0.0,0.0,6.0,7.0,8.0,8.0,3.0,20.0
CHEMBL4528387,IC50,5238.0,26.0,5.0,3.0,0.0,39.0,4.0,5.0,0.0,2.0,0.0,40.0,7.0,9.0,0.0,2.0,0.0,0.0,40.0,6.0,10.0,0.0,3.0,3.0,0.0,1.0,34.0,5.0,9.0,0.0,3.0,0.0,1.0,29.0,3.0,9.0,0.0,4.0,4.0,0.0,23.0,2.0,7.0,0.0,3.0,3.0,2.0,19.0,3.0,7.0,1.0,0.0,0.0,17.0,6.0,2.0,0.0,0.0,16.0,3.0,4.0,0.0,0.0,2.0,0.0,0.0,0.0,0.0,2.0,0.0,0.0,7.0,2.0,0.0,4.0,2.0,1.0,0.0,0.0,1.0,0.0,3.0,0.0,0.0,0.0,0.0,3.0,1.0,0.0,0.0,0.0,0.0,0.0,0.0,0.0,1.0,0.0,2.0,0.0,0.0,1.0,2.0,0.0,0.0,0.0,0.0,3.0,3.0,0.0,0.0,3.0,0.0,1.0,0.0,3.0,0.0,0.0,18.0,1.0,3.0,3.0,6.0,8.0,9.0,9.0,3.0,22.0
CHEMBL4442377,IC50,3013.0,25.0,5.0,2.0,0.0,39.0,5.0,3.0,0.0,0.0,0.0,43.0,7.0,6.0,0.0,0.0,0.0,0.0,39.0,7.0,10.0,0.0,0.0,0.0,0.0,0.0,37.0,4.0,8.0,0.0,0.0,0.0,1.0,32.0,3.0,6.0,0.0,0.0,0.0,0.0,26.0,3.0,5.0,0.0,0.0,0.0,1.0,18.0,4.0,3.0,0.0,0.0,1.0,15.0,4.0,3.0,0.0,1.0,12.0,6.0,1.0,0.0,1.0,0.0,0.0,0.0,0.0,0.0,5.0,0.0,0.0,7.0,0.0,0.0,1.0,0.0,0.0,0.0,0.0,2.0,0.0,0.0,0.0,0.0,0.0,0.0,1.0,0.0,0.0,0.0,0.0,0.0,0.0,0.0,0.0,0.0,0.0,0.0,0.0,0.0,1.0,2.0,0.0,0.0,0.0,0.0,3.0,3.0,0.0,0.0,2.0,3.0,0.0,0.0,4.0,0.0,0.0,18.0,1.0,0.0,0.0,6.0,7.0,8.0,8.0,2.0,20.0
CHEMBL3714866,IC50,10000.0,18.0,8.0,2.0,0.0,23.0,11.0,3.0,0.0,0.0,1.0,17.0,13.0,5.0,0.0,0.0,1.0,0.0,15.0,12.0,5.0,0.0,0.0,0.0,1.0,2.0,18.0,5.0,5.0,0.0,0.0,1.0,2.0,19.0,5.0,5.0,0.0,0.0,0.0,1.0,16.0,6.0,6.0,0.0,0.0,0.0,0.0,11.0,7.0,3.0,0.0,1.0,0.0,11.0,4.0,1.0,0.0,0.0,8.0,3.0,2.0,0.0,2.0,9.0,4.0,6.0,1.0,2.0,0.0,2.0,1.0,12.0,0.0,0.0,10.0,0.0,0.0,1.0,0.0,0.0,0.0,9.0,0.0,0.0,1.0,0.0,0.0,8.0,3.0,1.0,0.0,0.0,0.0,1.0,2.0,3.0,1.0,3.0,1.0,0.0,4.0,4.0,1.0,2.0,0.0,0.0,4.0,2.0,0.0,0.0,2.0,0.0,7.0,1.0,2.0,1.0,2.0,9.0,3.0,0.0,0.0,2.0,10.0,18.0,18.0,5.0,13.0
CHEMBL3718588,IC50,570.0,22.0,7.0,2.0,0.0,30.0,11.0,3.0,0.0,0.0,1.0,20.0,15.0,5.0,0.0,0.0,0.0,0.0,17.0,13.0,6.0,0.0,0.0,0.0,2.0,2.0,22.0,6.0,6.0,0.0,0.0,1.0,1.0,25.0,5.0,4.0,0.0,0.0,0.0,2.0,22.0,8.0,6.0,0.0,0.0,0.0,0.0,13.0,8.0,6.0,0.0,1.0,0.0,11.0,4.0,3.0,0.0,1.0,12.0,1.0,1.0,0.0,5.0,8.0,10.0,3.0,0.0,0.0,0.0,1.0,0.0,14.0,2.0,2.0,14.0,2.0,0.0,2.0,0.0,0.0,1.0,17.0,6.0,6.0,4.0,2.0,0.0,20.0,16.0,6.0,0.0,1.0,0.0,1.0,4.0,4.0,2.0,4.0,2.0,0.0,4.0,2.0,2.0,0.0,0.0,0.0,3.0,1.0,0.0,2.0,2.0,0.0,8.0,3.0,2.0,1.0,2.0,9.0,2.0,0.0,0.0,2.0,9.0,21.0,21.0,4.0,15.0
CHEMBL3719247,IC50,690.0,17.0,8.0,2.0,2.0,22.0,10.0,3.0,3.0,0.0,1.0,17.0,13.0,5.0,1.0,0.0,0.0,0.0,16.0,8.0,5.0,0.0,0.0,0.0,2.0,2.0,14.0,9.0,6.0,2.0,0.0,1.0,1.0,19.0,4.0,3.0,2.0,0.0,0.0,2.0,17.0,6.0,4.0,3.0,0.0,0.0,0.0,16.0,6.0,4.0,0.0,1.0,0.0,8.0,6.0,4.0,1.0,1.0,8.0,2.0,1.0,1.0,1.0,6.0,3.0,2.0,1.0,3.0,0.0,2.0,2.0,8.0,1.0,0.0,5.0,1.0,2.0,0.0,0.0,0.0,0.0,5.0,1.0,0.0,0.0,0.0,0.0,3.0,2.0,0.0,0.0,0.0,0.0,0.0,3.0,3.0,1.0,5.0,2.0,0.0,3.0,3.0,1.0,1.0,0.0,0.0,4.0,2.0,0.0,0.0,2.0,0.0,3.0,1.0,2.0,1.0,3.0,14.0,4.0,0.0,0.0,2.0,12.0,14.0,14.0,6.0,16.0
CHEMBL3718405,IC50,96000.0,15.0,9.0,1.0,2.0,19.0,12.0,1.0,3.0,0.0,2.0,15.0,14.0,3.0,0.0,0.0,1.0,2.0,12.0,13.0,4.0,2.0,0.0,0.0,2.0,1.0,17.0,4.0,3.0,1.0,0.0,2.0,2.0,15.0,8.0,2.0,3.0,0.0,0.0,1.0,15.0,9.0,1.0,0.0,0.0,0.0,0.0,7.0,9.0,2.0,0.0,1.0,0.0,7.0,3.0,0.0,2.0,2.0,7.0,1.0,0.0,2.0,0.0,0.0,0.0,0.0,0.0,0.0,0.0,1.0,0.0,1.0,0.0,0.0,0.0,0.0,0.0,0.0,0.0,0.0,0.0,0.0,0.0,0.0,0.0,0.0,0.0,0.0,0.0,0.0,0.0,0.0,0.0,0.0,0.0,0.0,0.0,0.0,0.0,0.0,0.0,0.0,0.0,0.0,0.0,0.0,1.0,0.0,0.0,0.0,1.0,0.0,0.0,0.0,2.0,2.0,4.0,20.0,4.0,0.0,0.0,2.0,12.0,5.0,5.0,3.0,19.0
CHEMBL3718783,IC50,340.0,15.0,13.0,3.0,2.0,21.0,15.0,3.0,3.0,0.0,2.0,20.0,14.0,3.0,2.0,0.0,2.0,2.0,17.0,14.0,5.0,4.0,0.0,0.0,1.0,1.0,22.0,4.0,3.0,1.0,0.0,4.0,3.0,15.0,15.0,4.0,3.0,0.0,0.0,0.0,17.0,13.0,2.0,0.0,0.0,0.0,0.0,12.0,11.0,2.0,0.0,2.0,2.0,14.0,5.0,2.0,2.0,1.0,12.0,4.0,3.0,1.0,1.0,8.0,2.0,4.0,1.0,2.0,0.0,2.0,1.0,10.0,0.0,0.0,6.0,0.0,0.0,1.0,0.0,0.0,0.0,3.0,0.0,0.0,1.0,1.0,0.0,2.0,1.0,0.0,0.0,0.0,0.0,0.0,1.0,3.0,1.0,3.0,1.0,0.0,6.0,6.0,2.0,2.0,2.0,2.0,6.0,3.0,2.0,0.0,2.0,0.0,2.0,0.0,2.0,2.0,4.0,14.0,7.0,0.0,0.0,2.0,18.0,16.0,16.0,4.0,16.0
CHEMBL3716245,IC50,2900.0,19.0,8.0,2.0,0.0,24.0,11.0,3.0,0.0,0.0,1.0,20.0,13.0,5.0,0.0,0.0,1.0,0.0,16.0,12.0,5.0,0.0,0.0,0.0,1.0,2.0,18.0,7.0,5.0,0.0,0.0,1.0,2.0,21.0,5.0,5.0,0.0,0.0,0.0,1.0,18.0,6.0,6.0,0.0,0.0,0.0,0.0,14.0,7.0,4.0,0.0,1.0,0.0,11.0,5.0,2.0,0.0,0.0,9.0,3.0,2.0,0.0,1.0,5.0,2.0,3.0,1.0,2.0,0.0,2.0,1.0,7.0,0.0,0.0,5.0,0.0,0.0,1.0,0.0,0.0,0.0,4.0,0.0,0.0,1.0,0.0,0.0,3.0,2.0,1.0,0.0,0.0,0.0,1.0,2.0,3.0,1.0,3.0,1.0,0.0,4.0,4.0,1.0,2.0,0.0,0.0,4.0,2.0,0.0,0.0,2.0,0.0,3.0,0.0,2.0,1.0,2.0,15.0,3.0,0.0,0.0,2.0,10.0,12.0,12.0,4.0,18.0
CHEMBL3717059,IC50,59.0,14.0,10.0,1.0,2.0,18.0,12.0,1.0,3.0,0.0,2.0,15.0,12.0,3.0,1.0,0.0,2.0,0.0,13.0,11.0,4.0,0.0,0.0,0.0,1.0,1.0,14.0,8.0,2.0,2.0,0.0,2.0,3.0,16.0,8.0,2.0,1.0,0.0,0.0,0.0,12.0,10.0,1.0,3.0,0.0,0.0,0.0,12.0,5.0,1.0,0.0,2.0,0.0,5.0,5.0,2.0,1.0,0.0,6.0,1.0,0.0,2.0,1.0,5.0,2.0,2.0,1.0,2.0,0.0,2.0,1.0,7.0,0.0,0.0,4.0,0.0,0.0,1.0,0.0,0.0,0.0,3.0,0.0,0.0,1.0,1.0,0.0,2.0,1.0,0.0,0.0,0.0,0.0,0.0,1.0,3.0,1.0,3.0,1.0,0.0,4.0,4.0,2.0,1.0,0.0,0.0,4.0,2.0,0.0,0.0,1.0,0.0,3.0,0.0,2.0,2.0,4.0,14.0,5.0,0.0,0.0,2.0,13.0,12.0,12.0,5.0,15.0
CHEMBL3715533,IC50,630.0,17.0,13.0,2.0,2.0,23.0,15.0,3.0,3.0,0.0,2.0,20.0,15.0,4.0,2.0,0.0,2.0,2.0,18.0,14.0,6.0,4.0,0.0,0.0,1.0,1.0,23.0,4.0,3.0,2.0,0.0,4.0,3.0,17.0,15.0,4.0,3.0,0.0,0.0,0.0,18.0,13.0,2.0,0.0,0.0,0.0,0.0,12.0,13.0,2.0,0.0,2.0,2.0,16.0,5.0,2.0,2.0,1.0,13.0,5.0,3.0,1.0,2.0,8.0,4.0,4.0,1.0,2.0,0.0,2.0,1.0,11.0,0.0,0.0,8.0,0.0,0.0,1.0,0.0,0.0,0.0,6.0,0.0,0.0,1.0,1.0,0.0,4.0,2.0,0.0,0.0,0.0,0.0,0.0,2.0,5.0,1.0,5.0,1.0,1.0,6.0,6.0,2.0,2.0,2.0,0.0,6.0,3.0,1.0,0.0,2.0,0.0,4.0,0.0,2.0,2.0,4.0,14.0,6.0,0.0,0.0,2.0,17.0,17.0,17.0,4.0,17.0
CHEMBL3717368,IC50,8800.0,15.0,10.0,2.0,2.0,20.0,11.0,3.0,3.0,0.0,2.0,15.0,14.0,4.0,1.0,0.0,1.0,0.0,14.0,10.0,7.0,0.0,0.0,0.0,2.0,1.0,13.0,9.0,4.0,2.0,0.0,2.0,3.0,17.0,6.0,5.0,1.0,0.0,0.0,1.0,14.0,9.0,2.0,3.0,0.0,0.0,1.0,14.0,8.0,2.0,0.0,1.0,0.0,7.0,6.0,3.0,1.0,2.0,7.0,3.0,2.0,1.0,2.0,5.0,3.0,2.0,1.0,3.0,0.0,2.0,2.0,8.0,1.0,0.0,5.0,1.0,2.0,0.0,0.0,0.0,0.0,5.0,1.0,0.0,0.0,0.0,0.0,3.0,2.0,0.0,0.0,0.0,0.0,0.0,3.0,3.0,1.0,5.0,2.0,0.0,3.0,3.0,1.0,1.0,0.0,0.0,4.0,2.0,1.0,0.0,2.0,0.0,2.0,1.0,2.0,2.0,4.0,14.0,5.0,0.0,0.0,2.0,14.0,14.0,14.0,6.0,16.0
CHEMBL3715553,IC50,2500.0,15.0,15.0,3.0,0.0,21.0,17.0,4.0,0.0,0.0,2.0,20.0,14.0,5.0,0.0,0.0,3.0,0.0,17.0,15.0,8.0,0.0,0.0,0.0,1.0,1.0,22.0,5.0,3.0,0.0,0.0,4.0,5.0,15.0,17.0,5.0,0.0,0.0,0.0,0.0,17.0,14.0,1.0,0.0,0.0,0.0,1.0,12.0,11.0,3.0,0.0,4.0,0.0,14.0,7.0,2.0,0.0,1.0,12.0,5.0,3.0,0.0,1.0,8.0,2.0,4.0,3.0,4.0,0.0,3.0,1.0,10.0,0.0,0.0,6.0,0.0,0.0,1.0,0.0,0.0,0.0,3.0,0.0,0.0,1.0,1.0,0.0,2.0,1.0,0.0,0.0,0.0,0.0,0.0,1.0,3.0,1.0,3.0,1.0,0.0,8.0,8.0,2.0,3.0,0.0,0.0,8.0,4.0,0.0,0.0,1.0,0.0,2.0,0.0,2.0,2.0,4.0,14.0,7.0,0.0,0.0,2.0,18.0,16.0,16.0,4.0,17.0
CHEMBL3716143,IC50,460.0,19.0,10.0,4.0,0.0,24.0,11.0,4.0,0.0,0.0,2.0,19.0,17.0,6.0,0.0,0.0,1.0,0.0,18.0,13.0,9.0,0.0,0.0,0.0,1.0,1.0,20.0,6.0,7.0,0.0,0.0,2.0,2.0,23.0,5.0,6.0,0.0,0.0,0.0,0.0,18.0,10.0,5.0,0.0,0.0,0.0,0.0,18.0,6.0,0.0,0.0,0.0,3.0,13.0,6.0,3.0,0.0,0.0,9.0,7.0,2.0,0.0,3.0,6.0,5.0,2.0,0.0,1.0,3.0,2.0,1.0,16.0,2.0,1.0,13.0,3.0,1.0,1.0,0.0,0.0,1.0,12.0,2.0,1.0,2.0,2.0,0.0,8.0,8.0,3.0,0.0,1.0,0.0,3.0,6.0,4.0,4.0,4.0,4.0,0.0,3.0,3.0,3.0,0.0,3.0,3.0,4.0,2.0,2.0,1.0,3.0,3.0,5.0,2.0,2.0,2.0,3.0,9.0,3.0,3.0,3.0,2.0,14.0,20.0,20.0,9.0,17.0
CHEMBL3718956,IC50,220.0,15.0,15.0,1.0,2.0,21.0,18.0,1.0,3.0,0.0,2.0,22.0,13.0,3.0,0.0,0.0,3.0,3.0,17.0,15.0,4.0,4.0,0.0,0.0,1.0,1.0,20.0,6.0,2.0,3.0,0.0,4.0,3.0,15.0,16.0,2.0,3.0,0.0,0.0,0.0,17.0,14.0,1.0,0.0,0.0,0.0,0.0,12.0,11.0,2.0,0.0,4.0,0.0,14.0,7.0,0.0,2.0,1.0,12.0,5.0,2.0,1.0,1.0,8.0,2.0,4.0,3.0,4.0,0.0,3.0,1.0,10.0,0.0,0.0,6.0,0.0,0.0,1.0,0.0,0.0,0.0,3.0,0.0,0.0,1.0,1.0,0.0,2.0,1.0,0.0,0.0,0.0,0.0,0.0,1.0,3.0,1.0,3.0,1.0,0.0,8.0,8.0,2.0,3.0,0.0,0.0,8.0,4.0,0.0,0.0,1.0,0.0,2.0,0.0,2.0,2.0,4.0,14.0,7.0,0.0,0.0,2.0,18.0,16.0,16.0,4.0,17.0
CHEMBL3718423,IC50,430.0,15.0,10.0,1.0,2.0,20.0,11.0,1.0,3.0,0.0,2.0,15.0,14.0,3.0,1.0,0.0,1.0,0.0,14.0,10.0,3.0,0.0,0.0,0.0,2.0,1.0,13.0,9.0,3.0,2.0,0.0,2.0,2.0,17.0,6.0,2.0,1.0,0.0,0.0,1.0,14.0,9.0,2.0,3.0,0.0,0.0,0.0,14.0,8.0,1.0,0.0,1.0,0.0,7.0,6.0,2.0,1.0,2.0,7.0,3.0,0.0,1.0,1.0,6.0,3.0,2.0,1.0,3.0,0.0,2.0,2.0,8.0,1.0,0.0,5.0,1.0,2.0,0.0,0.0,0.0,0.0,5.0,1.0,0.0,0.0,0.0,0.0,3.0,2.0,0.0,0.0,0.0,0.0,0.0,3.0,3.0,1.0,5.0,2.0,0.0,3.0,3.0,1.0,1.0,0.0,0.0,4.0,2.0,0.0,0.0,1.0,0.0,3.0,1.0,2.0,2.0,4.0,14.0,5.0,0.0,0.0,2.0,13.0,13.0,13.0,6.0,15.0
CHEMBL3716999,IC50,3200.0,17.0,13.0,2.0,2.0,23.0,16.0,3.0,3.0,0.0,1.0,22.0,13.0,5.0,2.0,0.0,2.0,2.0,19.0,13.0,6.0,4.0,0.0,0.0,1.0,2.0,23.0,5.0,5.0,2.0,0.0,3.0,2.0,18.0,14.0,3.0,3.0,0.0,0.0,1.0,19.0,13.0,4.0,0.0,0.0,0.0,0.0,15.0,9.0,4.0,0.0,3.0,1.0,17.0,4.0,3.0,2.0,1.0,12.0,6.0,5.0,1.0,1.0,8.0,2.0,4.0,3.0,4.0,0.0,3.0,1.0,10.0,0.0,0.0,6.0,0.0,0.0,1.0,0.0,0.0,0.0,3.0,0.0,0.0,1.0,1.0,0.0,2.0,1.0,0.0,0.0,0.0,0.0,0.0,1.0,3.0,1.0,3.0,1.0,0.0,8.0,8.0,2.0,3.0,0.0,0.0,8.0,4.0,0.0,0.0,2.0,0.0,2.0,0.0,2.0,1.0,3.0,14.0,6.0,0.0,0.0,2.0,17.0,17.0,17.0,4.0,18.0
CHEMBL3718039,IC50,39.0,14.0,10.0,1.0,2.0,19.0,11.0,1.0,3.0,0.0,2.0,14.0,14.0,3.0,0.0,0.0,1.0,2.0,12.0,12.0,3.0,2.0,0.0,0.0,2.0,1.0,15.0,5.0,3.0,1.0,0.0,2.0,2.0,14.0,7.0,2.0,3.0,0.0,0.0,1.0,15.0,7.0,2.0,0.0,0.0,0.0,0.0,8.0,9.0,2.0,0.0,1.0,0.0,8.0,4.0,0.0,1.0,2.0,6.0,3.0,0.0,2.0,1.0,5.0,3.0,2.0,1.0,3.0,0.0,2.0,2.0,7.0,1.0,0.0,5.0,1.0,2.0,0.0,0.0,0.0,0.0,5.0,1.0,0.0,0.0,0.0,0.0,3.0,2.0,0.0,0.0,0.0,0.0,0.0,3.0,3.0,1.0,5.0,2.0,0.0,3.0,3.0,1.0,1.0,0.0,0.0,4.0,2.0,0.0,0.0,1.0,0.0,2.0,1.0,2.0,2.0,4.0,14.0,5.0,0.0,0.0,2.0,13.0,11.0,11.0,4.0,15.0
CHEMBL3714773,IC50,1200.0,12.0,12.0,1.0,2.0,17.0,12.0,1.0,3.0,0.0,3.0,13.0,13.0,3.0,0.0,0.0,1.0,2.0,11.0,13.0,3.0,2.0,0.0,0.0,2.0,1.0,14.0,5.0,2.0,1.0,0.0,3.0,2.0,12.0,8.0,2.0,3.0,0.0,0.0,1.0,13.0,7.0,2.0,0.0,0.0,0.0,0.0,7.0,9.0,2.0,0.0,1.0,0.0,7.0,6.0,0.0,1.0,3.0,5.0,4.0,0.0,1.0,0.0,2.0,0.0,1.0,1.0,1.0,0.0,1.0,0.0,3.0,0.0,0.0,1.0,0.0,0.0,0.0,0.0,0.0,0.0,0.0,0.0,0.0,0.0,0.0,0.0,0.0,0.0,0.0,0.0,0.0,0.0,0.0,0.0,0.0,0.0,0.0,0.0,0.0,1.0,1.0,1.0,0.0,0.0,0.0,2.0,1.0,0.0,0.0,1.0,0.0,1.0,0.0,2.0,3.0,6.0,19.0,6.0,0.0,0.0,2.0,15.0,8.0,8.0,5.0,17.0
CHEMBL3719325,IC50,1900.0,15.0,10.0,2.0,2.0,20.0,11.0,3.0,3.0,0.0,2.0,15.0,14.0,4.0,1.0,0.0,1.0,0.0,14.0,10.0,7.0,0.0,0.0,0.0,2.0,1.0,13.0,9.0,4.0,2.0,0.0,2.0,3.0,17.0,6.0,5.0,1.0,0.0,0.0,1.0,14.0,9.0,2.0,3.0,0.0,0.0,1.0,14.0,8.0,2.0,0.0,1.0,0.0,7.0,6.0,3.0,1.0,2.0,7.0,3.0,2.0,1.0,2.0,5.0,3.0,2.0,1.0,3.0,0.0,2.0,2.0,8.0,1.0,0.0,5.0,1.0,2.0,0.0,0.0,0.0,0.0,5.0,1.0,0.0,0.0,0.0,0.0,3.0,2.0,0.0,0.0,0.0,0.0,0.0,3.0,3.0,1.0,5.0,2.0,0.0,3.0,3.0,1.0,1.0,0.0,0.0,4.0,2.0,1.0,0.0,2.0,0.0,2.0,1.0,2.0,2.0,4.0,14.0,5.0,0.0,0.0,2.0,14.0,14.0,14.0,6.0,16.0
CHEMBL4536593,IC50,5.44,25.0,3.0,3.0,0.0,37.0,4.0,3.0,0.0,0.0,0.0,40.0,7.0,6.0,0.0,0.0,0.0,0.0,38.0,6.0,9.0,0.0,0.0,0.0,0.0,0.0,37.0,5.0,8.0,0.0,0.0,0.0,1.0,32.0,4.0,6.0,0.0,0.0,0.0,0.0,26.0,2.0,4.0,0.0,0.0,0.0,1.0,17.0,3.0,5.0,0.0,0.0,0.0,13.0,5.0,1.0,0.0,0.0,9.0,4.0,1.0,0.0,1.0,1.0,1.0,0.0,0.0,0.0,3.0,0.0,0.0,6.0,0.0,0.0,2.0,0.0,0.0,0.0,0.0,2.0,0.0,1.0,0.0,0.0,0.0,0.0,2.0,0.0,0.0,0.0,0.0,0.0,0.0,0.0,0.0,0.0,0.0,1.0,0.0,0.0,1.0,0.0,0.0,0.0,0.0,0.0,1.0,0.0,1.0,0.0,2.0,2.0,0.0,1.0,3.0,0.0,0.0,18.0,1.0,0.0,0.0,6.0,6.0,6.0,6.0,3.0,19.0
CHEMBL4436998,IC50,335.7,25.0,3.0,3.0,0.0,36.0,4.0,5.0,0.0,0.0,0.0,38.0,7.0,9.0,0.0,0.0,0.0,0.0,35.0,6.0,11.0,0.0,0.0,0.0,0.0,1.0,32.0,5.0,10.0,0.0,0.0,0.0,1.0,28.0,3.0,9.0,0.0,0.0,0.0,0.0,22.0,2.0,8.0,0.0,0.0,0.0,2.0,15.0,3.0,6.0,0.0,0.0,0.0,11.0,5.0,2.0,0.0,0.0,9.0,3.0,2.0,0.0,1.0,1.0,1.0,0.0,0.0,0.0,2.0,0.0,0.0,5.0,0.0,0.0,2.0,0.0,0.0,0.0,0.0,2.0,0.0,1.0,0.0,0.0,0.0,0.0,2.0,0.0,0.0,0.0,0.0,0.0,0.0,0.0,0.0,0.0,0.0,1.0,0.0,0.0,1.0,0.0,0.0,0.0,0.0,0.0,1.0,0.0,0.0,0.0,3.0,2.0,0.0,1.0,3.0,0.0,0.0,18.0,1.0,0.0,0.0,6.0,6.0,7.0,7.0,2.0,19.0
CHEMBL4438486,IC50,26.13,23.0,5.0,2.0,0.0,35.0,5.0,3.0,0.0,2.0,0.0,38.0,6.0,6.0,0.0,2.0,0.0,0.0,34.0,6.0,8.0,0.0,3.0,3.0,0.0,0.0,32.0,4.0,7.0,0.0,3.0,0.0,1.0,25.0,3.0,6.0,0.0,4.0,4.0,0.0,19.0,3.0,4.0,0.0,3.0,3.0,1.0,15.0,4.0,3.0,1.0,0.0,1.0,13.0,4.0,3.0,0.0,1.0,10.0,5.0,1.0,0.0,1.0,0.0,0.0,0.0,0.0,0.0,3.0,0.0,0.0,5.0,0.0,0.0,1.0,0.0,0.0,0.0,0.0,1.0,0.0,0.0,0.0,0.0,0.0,0.0,1.0,0.0,0.0,0.0,0.0,0.0,0.0,0.0,0.0,0.0,0.0,0.0,0.0,0.0,1.0,2.0,0.0,0.0,0.0,0.0,3.0,3.0,0.0,0.0,2.0,1.0,0.0,0.0,3.0,0.0,0.0,18.0,1.0,0.0,0.0,6.0,7.0,6.0,6.0,2.0,20.0
CHEMBL3716499,IC50,3000.0,14.0,11.0,2.0,2.0,19.0,13.0,3.0,3.0,0.0,1.0,19.0,9.0,5.0,0.0,0.0,2.0,2.0,13.0,13.0,5.0,2.0,0.0,0.0,1.0,2.0,15.0,7.0,4.0,2.0,0.0,1.0,2.0,15.0,5.0,4.0,3.0,0.0,0.0,1.0,15.0,5.0,6.0,0.0,0.0,0.0,0.0,10.0,7.0,3.0,0.0,1.0,1.0,11.0,7.0,0.0,1.0,0.0,8.0,5.0,2.0,0.0,0.0,6.0,0.0,3.0,3.0,3.0,0.0,2.0,0.0,7.0,0.0,0.0,3.0,0.0,0.0,0.0,0.0,0.0,0.0,0.0,0.0,0.0,0.0,0.0,0.0,0.0,0.0,0.0,0.0,0.0,0.0,0.0,0.0,0.0,0.0,0.0,0.0,0.0,6.0,9.0,1.0,4.0,0.0,0.0,7.0,5.0,0.0,0.0,2.0,0.0,0.0,0.0,2.0,1.0,3.0,14.0,5.0,0.0,0.0,2.0,15.0,13.0,13.0,5.0,16.0
CHEMBL3715897,IC50,2200.0,23.0,7.0,2.0,0.0,32.0,10.0,3.0,0.0,0.0,1.0,21.0,15.0,5.0,0.0,0.0,0.0,0.0,17.0,14.0,5.0,0.0,0.0,0.0,1.0,2.0,21.0,7.0,6.0,0.0,0.0,1.0,1.0,25.0,3.0,5.0,0.0,0.0,0.0,1.0,23.0,6.0,7.0,0.0,0.0,0.0,0.0,16.0,8.0,5.0,0.0,0.0,1.0,13.0,6.0,3.0,0.0,0.0,12.0,3.0,2.0,0.0,5.0,9.0,11.0,3.0,0.0,1.0,0.0,1.0,1.0,15.0,3.0,2.0,15.0,3.0,1.0,1.0,0.0,0.0,2.0,19.0,8.0,7.0,2.0,0.0,0.0,22.0,18.0,8.0,0.0,2.0,0.0,2.0,6.0,4.0,2.0,4.0,2.0,0.0,3.0,1.0,1.0,0.0,0.0,0.0,3.0,1.0,0.0,1.0,2.0,0.0,8.0,4.0,2.0,1.0,2.0,9.0,2.0,0.0,0.0,2.0,9.0,22.0,22.0,5.0,15.0
CHEMBL3718636,IC50,450.0,12.0,10.0,1.0,2.0,16.0,12.0,1.0,3.0,0.0,2.0,12.0,11.0,3.0,0.0,0.0,2.0,2.0,11.0,12.0,4.0,2.0,0.0,0.0,1.0,1.0,15.0,4.0,2.0,1.0,0.0,2.0,3.0,12.0,9.0,1.0,3.0,0.0,0.0,0.0,11.0,8.0,1.0,0.0,0.0,0.0,0.0,4.0,5.0,2.0,0.0,2.0,0.0,5.0,1.0,0.0,2.0,0.0,5.0,1.0,0.0,1.0,1.0,3.0,2.0,1.0,1.0,2.0,0.0,2.0,1.0,5.0,0.0,0.0,3.0,0.0,0.0,1.0,0.0,0.0,0.0,2.0,0.0,0.0,1.0,1.0,0.0,1.0,0.0,0.0,0.0,0.0,0.0,0.0,0.0,1.0,0.0,3.0,1.0,0.0,4.0,4.0,2.0,1.0,0.0,0.0,4.0,2.0,0.0,0.0,1.0,0.0,1.0,0.0,2.0,2.0,4.0,14.0,5.0,0.0,0.0,2.0,13.0,9.0,9.0,3.0,15.0
CHEMBL3715508,IC50,74.0,14.0,10.0,1.0,2.0,19.0,11.0,1.0,3.0,0.0,2.0,14.0,14.0,3.0,0.0,0.0,1.0,2.0,12.0,12.0,3.0,2.0,0.0,0.0,2.0,1.0,15.0,5.0,3.0,1.0,0.0,2.0,2.0,14.0,7.0,2.0,3.0,0.0,0.0,1.0,15.0,7.0,2.0,0.0,0.0,0.0,0.0,8.0,9.0,2.0,0.0,1.0,0.0,8.0,4.0,0.0,1.0,2.0,6.0,3.0,0.0,2.0,1.0,5.0,3.0,2.0,1.0,3.0,0.0,2.0,2.0,7.0,1.0,0.0,5.0,1.0,2.0,0.0,0.0,0.0,0.0,5.0,1.0,0.0,0.0,0.0,0.0,3.0,2.0,0.0,0.0,0.0,0.0,0.0,3.0,3.0,1.0,5.0,2.0,0.0,3.0,3.0,1.0,1.0,0.0,0.0,4.0,2.0,0.0,0.0,1.0,0.0,2.0,1.0,2.0,2.0,4.0,14.0,5.0,0.0,0.0,2.0,13.0,11.0,11.0,4.0,15.0
CHEMBL3718105,IC50,34.0,13.0,10.0,1.0,0.0,15.0,12.0,1.0,0.0,0.0,2.0,12.0,14.0,3.0,0.0,0.0,2.0,0.0,13.0,9.0,4.0,0.0,0.0,0.0,1.0,1.0,13.0,5.0,2.0,0.0,0.0,2.0,3.0,14.0,7.0,2.0,0.0,0.0,0.0,0.0,7.0,9.0,2.0,0.0,0.0,0.0,0.0,7.0,4.0,0.0,0.0,2.0,0.0,6.0,3.0,0.0,0.0,0.0,3.0,2.0,0.0,0.0,2.0,5.0,2.0,2.0,1.0,2.0,0.0,2.0,1.0,9.0,1.0,0.0,7.0,1.0,0.0,1.0,0.0,0.0,0.0,4.0,0.0,0.0,1.0,1.0,0.0,2.0,1.0,0.0,0.0,0.0,0.0,0.0,1.0,3.0,1.0,3.0,1.0,0.0,4.0,4.0,2.0,1.0,0.0,0.0,4.0,2.0,0.0,0.0,1.0,0.0,3.0,1.0,2.0,2.0,3.0,9.0,4.0,3.0,3.0,2.0,11.0,14.0,14.0,4.0,14.0
CHEMBL3716839,IC50,7100.0,15.0,8.0,1.0,2.0,20.0,10.0,1.0,3.0,0.0,1.0,17.0,10.0,3.0,1.0,0.0,1.0,1.0,14.0,11.0,5.0,2.0,0.0,0.0,0.0,0.0,17.0,3.0,2.0,1.0,0.0,2.0,3.0,15.0,7.0,2.0,3.0,0.0,0.0,0.0,14.0,8.0,1.0,0.0,0.0,0.0,0.0,7.0,5.0,2.0,0.0,2.0,0.0,6.0,3.0,0.0,2.0,0.0,6.0,1.0,0.0,1.0,1.0,4.0,2.0,2.0,1.0,2.0,0.0,2.0,1.0,6.0,0.0,0.0,4.0,0.0,0.0,1.0,0.0,0.0,0.0,3.0,0.0,0.0,1.0,1.0,0.0,2.0,1.0,0.0,0.0,0.0,0.0,0.0,1.0,3.0,1.0,3.0,1.0,0.0,4.0,4.0,2.0,1.0,0.0,0.0,4.0,2.0,0.0,0.0,1.0,0.0,2.0,0.0,3.0,1.0,3.0,14.0,4.0,0.0,0.0,2.0,11.0,10.0,10.0,3.0,16.0
CHEMBL3718276,IC50,6200.0,16.0,8.0,2.0,0.0,19.0,10.0,3.0,0.0,0.0,1.0,14.0,15.0,5.0,0.0,0.0,0.0,0.0,16.0,6.0,5.0,0.0,0.0,0.0,2.0,2.0,14.0,5.0,6.0,0.0,0.0,1.0,1.0,16.0,4.0,4.0,0.0,0.0,0.0,2.0,10.0,7.0,4.0,0.0,0.0,0.0,0.0,11.0,5.0,1.0,0.0,1.0,0.0,8.0,4.0,2.0,0.0,1.0,7.0,2.0,1.0,0.0,2.0,6.0,3.0,2.0,1.0,3.0,0.0,2.0,2.0,10.0,2.0,0.0,8.0,2.0,2.0,0.0,0.0,0.0,0.0,6.0,1.0,0.0,0.0,0.0,0.0,3.0,2.0,0.0,0.0,0.0,0.0,0.0,3.0,3.0,1.0,5.0,2.0,0.0,3.0,3.0,1.0,1.0,0.0,0.0,4.0,2.0,0.0,0.0,2.0,0.0,3.0,2.0,2.0,1.0,2.0,9.0,3.0,3.0,3.0,2.0,10.0,16.0,16.0,5.0,15.0
CHEMBL3717192,IC50,450.0,20.0,8.0,2.0,0.0,28.0,11.0,3.0,0.0,0.0,1.0,19.0,13.0,5.0,0.0,0.0,1.0,0.0,16.0,13.0,6.0,0.0,0.0,0.0,1.0,2.0,21.0,6.0,5.0,0.0,0.0,1.0,2.0,23.0,6.0,4.0,0.0,0.0,0.0,1.0,20.0,7.0,6.0,0.0,0.0,0.0,0.0,11.0,7.0,6.0,0.0,1.0,0.0,10.0,3.0,2.0,0.0,0.0,10.0,2.0,1.0,0.0,4.0,8.0,8.0,3.0,1.0,2.0,0.0,2.0,1.0,13.0,2.0,1.0,12.0,2.0,0.0,1.0,0.0,0.0,1.0,14.0,6.0,6.0,1.0,1.0,0.0,16.0,11.0,5.0,0.0,1.0,0.0,0.0,1.0,3.0,1.0,3.0,1.0,0.0,4.0,4.0,2.0,1.0,0.0,0.0,4.0,2.0,0.0,0.0,2.0,0.0,6.0,3.0,2.0,1.0,2.0,9.0,3.0,0.0,0.0,2.0,10.0,20.0,20.0,4.0,15.0
CHEMBL3718855,IC50,77000.0,13.0,10.0,0.0,2.0,18.0,12.0,0.0,3.0,0.0,2.0,16.0,13.0,0.0,0.0,0.0,2.0,2.0,16.0,11.0,0.0,2.0,0.0,0.0,3.0,0.0,17.0,10.0,0.0,1.0,0.0,0.0,0.0,12.0,11.0,0.0,2.0,0.0,0.0,0.0,10.0,8.0,0.0,2.0,0.0,0.0,0.0,8.0,1.0,0.0,0.0,2.0,0.0,6.0,1.0,0.0,2.0,0.0,4.0,1.0,0.0,0.0,1.0,5.0,3.0,2.0,0.0,0.0,0.0,0.0,0.0,6.0,1.0,0.0,5.0,1.0,2.0,0.0,0.0,0.0,0.0,5.0,1.0,0.0,0.0,0.0,0.0,3.0,2.0,0.0,0.0,0.0,0.0,0.0,3.0,3.0,0.0,5.0,0.0,0.0,3.0,2.0,0.0,1.0,0.0,0.0,3.0,1.0,0.0,0.0,0.0,0.0,2.0,1.0,0.0,2.0,4.0,14.0,5.0,0.0,0.0,0.0,12.0,10.0,10.0,2.0,13.0
CHEMBL3714893,IC50,1500.0,14.0,10.0,2.0,2.0,18.0,12.0,3.0,3.0,0.0,2.0,15.0,12.0,4.0,1.0,0.0,2.0,0.0,13.0,11.0,8.0,0.0,0.0,0.0,1.0,1.0,14.0,8.0,3.0,2.0,0.0,2.0,4.0,16.0,8.0,5.0,1.0,0.0,0.0,0.0,12.0,10.0,1.0,3.0,0.0,0.0,1.0,12.0,5.0,2.0,0.0,2.0,0.0,5.0,5.0,4.0,1.0,0.0,6.0,1.0,1.0,2.0,2.0,4.0,2.0,2.0,1.0,2.0,0.0,2.0,1.0,7.0,0.0,0.0,4.0,0.0,0.0,1.0,0.0,0.0,0.0,3.0,0.0,0.0,1.0,1.0,0.0,2.0,1.0,0.0,0.0,0.0,0.0,0.0,1.0,3.0,1.0,3.0,1.0,0.0,4.0,4.0,2.0,1.0,0.0,0.0,4.0,2.0,1.0,0.0,2.0,0.0,2.0,0.0,2.0,2.0,4.0,14.0,5.0,0.0,0.0,2.0,14.0,13.0,13.0,5.0,16.0
CHEMBL3717295,IC50,3600.0,16.0,10.0,1.0,0.0,21.0,12.0,1.0,0.0,2.0,2.0,17.0,14.0,3.0,0.0,2.0,2.0,0.0,14.0,13.0,4.0,0.0,1.0,1.0,1.0,1.0,17.0,7.0,2.0,0.0,1.0,2.0,3.0,18.0,9.0,2.0,0.0,0.0,0.0,0.0,14.0,10.0,2.0,0.0,2.0,2.0,0.0,10.0,6.0,2.0,1.0,2.0,0.0,8.0,4.0,1.0,0.0,0.0,8.0,2.0,0.0,0.0,1.0,4.0,2.0,2.0,1.0,2.0,0.0,2.0,1.0,6.0,0.0,0.0,4.0,0.0,0.0,1.0,0.0,0.0,0.0,3.0,0.0,0.0,1.0,1.0,0.0,2.0,1.0,0.0,0.0,0.0,0.0,0.0,1.0,3.0,1.0,3.0,1.0,0.0,4.0,4.0,2.0,1.0,0.0,0.0,4.0,2.0,0.0,0.0,1.0,0.0,2.0,0.0,2.0,2.0,3.0,15.0,4.0,0.0,0.0,2.0,11.0,10.0,10.0,3.0,17.0
CHEMBL3718730,IC50,55.0,16.0,9.0,1.0,0.0,19.0,11.0,1.0,0.0,0.0,2.0,15.0,16.0,3.0,0.0,0.0,1.0,0.0,15.0,10.0,4.0,0.0,0.0,0.0,1.0,1.0,14.0,6.0,3.0,0.0,0.0,2.0,2.0,17.0,5.0,2.0,0.0,0.0,0.0,0.0,10.0,9.0,3.0,0.0,0.0,0.0,0.0,10.0,6.0,0.0,0.0,0.0,1.0,9.0,5.0,0.0,0.0,0.0,6.0,4.0,0.0,0.0,3.0,6.0,5.0,2.0,0.0,0.0,0.0,1.0,0.0,11.0,2.0,1.0,10.0,2.0,1.0,1.0,0.0,0.0,1.0,9.0,2.0,1.0,2.0,2.0,0.0,8.0,8.0,3.0,0.0,1.0,0.0,1.0,6.0,4.0,2.0,4.0,2.0,0.0,3.0,2.0,2.0,0.0,0.0,0.0,3.0,1.0,0.0,1.0,1.0,0.0,5.0,2.0,2.0,2.0,3.0,9.0,3.0,3.0,3.0,2.0,10.0,16.0,16.0,5.0,14.0
CHEMBL3717200,IC50,290.0,14.0,10.0,3.0,0.0,19.0,11.0,4.0,0.0,1.0,2.0,14.0,14.0,3.0,0.0,2.0,1.0,0.0,12.0,12.0,5.0,0.0,0.0,1.0,2.0,1.0,15.0,5.0,4.0,0.0,0.0,2.0,3.0,14.0,7.0,5.0,0.0,0.0,2.0,1.0,15.0,7.0,2.0,0.0,0.0,1.0,1.0,8.0,9.0,3.0,3.0,1.0,0.0,8.0,4.0,1.0,0.0,2.0,6.0,3.0,2.0,0.0,1.0,5.0,3.0,2.0,1.0,3.0,0.0,2.0,2.0,7.0,1.0,0.0,5.0,1.0,2.0,0.0,0.0,0.0,0.0,5.0,1.0,0.0,0.0,0.0,0.0,3.0,2.0,0.0,0.0,0.0,0.0,0.0,3.0,3.0,1.0,5.0,2.0,0.0,3.0,3.0,1.0,1.0,0.0,0.0,4.0,2.0,0.0,0.0,1.0,0.0,2.0,1.0,2.0,2.0,4.0,14.0,5.0,0.0,0.0,2.0,13.0,11.0,11.0,4.0,15.0
CHEMBL3718268,IC50,63.0,17.0,9.0,1.0,2.0,23.0,10.0,1.0,3.0,0.0,2.0,18.0,14.0,3.0,0.0,0.0,1.0,2.0,14.0,15.0,3.0,2.0,0.0,0.0,1.0,1.0,16.0,7.0,3.0,1.0,0.0,2.0,2.0,16.0,6.0,3.0,3.0,0.0,0.0,0.0,18.0,6.0,3.0,0.0,0.0,0.0,0.0,12.0,9.0,2.0,0.0,0.0,1.0,11.0,8.0,0.0,1.0,0.0,8.0,6.0,0.0,2.0,2.0,6.0,6.0,2.0,0.0,1.0,0.0,1.0,1.0,9.0,2.0,1.0,8.0,2.0,2.0,0.0,0.0,0.0,2.0,10.0,4.0,2.0,0.0,0.0,0.0,10.0,11.0,5.0,0.0,3.0,0.0,2.0,6.0,4.0,2.0,4.0,2.0,0.0,2.0,1.0,1.0,0.0,0.0,0.0,3.0,1.0,0.0,0.0,1.0,0.0,4.0,2.0,2.0,2.0,4.0,14.0,4.0,0.0,0.0,2.0,12.0,13.0,13.0,5.0,15.0
CHEMBL3718661,IC50,410.0,12.0,10.0,1.0,2.0,16.0,10.0,1.0,3.0,0.0,2.0,11.0,13.0,3.0,0.0,0.0,1.0,2.0,11.0,11.0,3.0,2.0,0.0,0.0,2.0,1.0,14.0,4.0,3.0,1.0,0.0,2.0,2.0,12.0,7.0,1.0,3.0,0.0,0.0,1.0,12.0,7.0,1.0,0.0,0.0,0.0,0.0,4.0,8.0,2.0,0.0,1.0,0.0,5.0,1.0,0.0,1.0,2.0,4.0,1.0,0.0,2.0,1.0,3.0,2.0,0.0,0.0,2.0,0.0,2.0,1.0,5.0,1.0,0.0,3.0,1.0,2.0,0.0,0.0,0.0,0.0,3.0,0.0,0.0,0.0,0.0,0.0,0.0,0.0,0.0,0.0,0.0,0.0,0.0,0.0,0.0,0.0,5.0,2.0,0.0,3.0,2.0,1.0,0.0,0.0,0.0,4.0,2.0,0.0,0.0,1.0,0.0,0.0,1.0,2.0,2.0,4.0,14.0,5.0,0.0,0.0,2.0,13.0,9.0,9.0,4.0,15.0
CHEMBL3716727,IC50,740.0,14.0,10.0,1.0,2.0,18.0,12.0,1.0,3.0,0.0,2.0,15.0,12.0,3.0,0.0,0.0,2.0,2.0,11.0,14.0,3.0,2.0,0.0,0.0,1.0,1.0,15.0,5.0,2.0,1.0,0.0,2.0,3.0,13.0,8.0,3.0,3.0,0.0,0.0,0.0,15.0,6.0,2.0,0.0,0.0,0.0,0.0,9.0,7.0,2.0,0.0,2.0,0.0,8.0,6.0,0.0,1.0,0.0,6.0,3.0,0.0,1.0,1.0,5.0,2.0,3.0,1.0,2.0,0.0,2.0,1.0,7.0,0.0,0.0,5.0,0.0,0.0,1.0,0.0,0.0,0.0,4.0,0.0,0.0,1.0,0.0,0.0,3.0,2.0,1.0,0.0,0.0,0.0,1.0,2.0,3.0,1.0,3.0,1.0,0.0,4.0,4.0,1.0,2.0,0.0,0.0,4.0,2.0,0.0,0.0,1.0,0.0,3.0,0.0,2.0,2.0,4.0,14.0,5.0,0.0,0.0,2.0,13.0,11.0,11.0,4.0,15.0
CHEMBL3718962,IC50,4500.0,15.0,9.0,2.0,2.0,21.0,11.0,3.0,3.0,0.0,1.0,18.0,11.0,5.0,0.0,0.0,1.0,2.0,14.0,12.0,6.0,2.0,0.0,0.0,1.0,2.0,18.0,4.0,5.0,2.0,0.0,1.0,2.0,17.0,6.0,4.0,3.0,0.0,0.0,1.0,17.0,6.0,4.0,0.0,0.0,0.0,0.0,9.0,7.0,4.0,0.0,1.0,0.0,9.0,3.0,1.0,2.0,0.0,7.0,1.0,2.0,1.0,1.0,4.0,2.0,2.0,0.0,0.0,1.0,1.0,0.0,7.0,0.0,0.0,4.0,0.0,0.0,1.0,0.0,0.0,0.0,3.0,0.0,0.0,1.0,1.0,0.0,2.0,1.0,0.0,0.0,0.0,0.0,0.0,1.0,3.0,1.0,3.0,1.0,0.0,4.0,6.0,2.0,1.0,0.0,0.0,5.0,4.0,0.0,0.0,2.0,0.0,2.0,0.0,2.0,1.0,3.0,14.0,4.0,0.0,0.0,2.0,13.0,12.0,12.0,3.0,16.0
CHEMBL3716223,IC50,620.0,16.0,8.0,2.0,0.0,18.0,11.0,3.0,0.0,0.0,1.0,15.0,13.0,5.0,0.0,0.0,1.0,0.0,15.0,8.0,5.0,0.0,0.0,0.0,1.0,2.0,14.0,5.0,5.0,0.0,0.0,1.0,2.0,15.0,5.0,5.0,0.0,0.0,0.0,1.0,10.0,6.0,4.0,0.0,0.0,0.0,0.0,11.0,5.0,1.0,0.0,1.0,0.0,9.0,4.0,1.0,0.0,0.0,6.0,3.0,2.0,0.0,2.0,6.0,2.0,3.0,1.0,2.0,0.0,2.0,1.0,10.0,1.0,0.0,8.0,1.0,0.0,1.0,0.0,0.0,0.0,5.0,0.0,0.0,1.0,0.0,0.0,3.0,2.0,1.0,0.0,0.0,0.0,1.0,2.0,3.0,1.0,3.0,1.0,0.0,4.0,4.0,1.0,2.0,0.0,0.0,4.0,2.0,0.0,0.0,2.0,0.0,4.0,1.0,2.0,1.0,2.0,9.0,3.0,3.0,3.0,2.0,10.0,16.0,16.0,5.0,15.0
CHEMBL3715919,IC50,4800.0,13.0,11.0,1.0,2.0,19.0,12.0,1.0,3.0,0.0,2.0,16.0,12.0,3.0,0.0,0.0,2.0,2.0,12.0,14.0,4.0,2.0,0.0,0.0,1.0,1.0,17.0,4.0,2.0,1.0,0.0,2.0,3.0,14.0,9.0,3.0,3.0,0.0,0.0,0.0,15.0,8.0,1.0,0.0,0.0,0.0,0.0,8.0,7.0,2.0,0.0,2.0,0.0,7.0,5.0,0.0,2.0,0.0,7.0,1.0,0.0,1.0,1.0,4.0,2.0,2.0,0.0,0.0,1.0,1.0,0.0,7.0,0.0,0.0,4.0,0.0,0.0,1.0,0.0,0.0,0.0,3.0,0.0,0.0,1.0,1.0,0.0,2.0,1.0,0.0,0.0,0.0,0.0,0.0,1.0,3.0,1.0,3.0,1.0,0.0,4.0,6.0,2.0,1.0,0.0,0.0,5.0,4.0,0.0,0.0,1.0,0.0,2.0,0.0,2.0,2.0,4.0,14.0,5.0,0.0,0.0,2.0,14.0,11.0,11.0,3.0,15.0
CHEMBL4579248,IC50,321.3,24.0,3.0,3.0,0.0,34.0,4.0,5.0,0.0,2.0,0.0,36.0,6.0,9.0,0.0,2.0,0.0,0.0,32.0,6.0,10.0,0.0,3.0,3.0,0.0,1.0,29.0,5.0,9.0,0.0,3.0,0.0,1.0,24.0,3.0,9.0,0.0,4.0,4.0,0.0,19.0,2.0,7.0,0.0,3.0,3.0,2.0,14.0,3.0,6.0,1.0,0.0,0.0,10.0,5.0,2.0,0.0,0.0,7.0,3.0,2.0,0.0,1.0,1.0,1.0,0.0,0.0,0.0,1.0,0.0,0.0,4.0,0.0,0.0,2.0,0.0,0.0,0.0,0.0,1.0,0.0,1.0,0.0,0.0,0.0,0.0,2.0,0.0,0.0,0.0,0.0,0.0,0.0,0.0,0.0,0.0,0.0,1.0,0.0,0.0,1.0,0.0,0.0,0.0,0.0,0.0,1.0,0.0,0.0,0.0,3.0,1.0,0.0,1.0,3.0,0.0,0.0,18.0,1.0,0.0,0.0,6.0,6.0,6.0,6.0,2.0,19.0
CHEMBL3717297,IC50,78.0,13.0,10.0,1.0,2.0,17.0,12.0,1.0,3.0,0.0,2.0,14.0,12.0,3.0,0.0,0.0,2.0,2.0,11.0,13.0,4.0,2.0,0.0,0.0,1.0,1.0,16.0,4.0,2.0,1.0,0.0,2.0,3.0,13.0,9.0,2.0,3.0,0.0,0.0,0.0,13.0,8.0,1.0,0.0,0.0,0.0,0.0,6.0,6.0,2.0,0.0,2.0,0.0,6.0,3.0,0.0,2.0,0.0,6.0,1.0,0.0,1.0,1.0,4.0,2.0,2.0,1.0,2.0,0.0,2.0,1.0,6.0,0.0,0.0,4.0,0.0,0.0,1.0,0.0,0.0,0.0,3.0,0.0,0.0,1.0,1.0,0.0,2.0,1.0,0.0,0.0,0.0,0.0,0.0,1.0,3.0,1.0,3.0,1.0,0.0,4.0,4.0,2.0,1.0,0.0,0.0,4.0,2.0,0.0,0.0,1.0,0.0,2.0,0.0,2.0,2.0,4.0,14.0,5.0,0.0,0.0,2.0,13.0,10.0,10.0,3.0,15.0
CHEMBL3716414,IC50,500.0,28.0,7.0,2.0,0.0,42.0,13.0,3.0,0.0,0.0,1.0,30.0,17.0,5.0,0.0,0.0,0.0,0.0,22.0,17.0,7.0,0.0,0.0,0.0,2.0,2.0,27.0,6.0,7.0,0.0,0.0,1.0,1.0,31.0,6.0,6.0,0.0,0.0,0.0,2.0,30.0,10.0,6.0,0.0,0.0,0.0,0.0,20.0,11.0,7.0,0.0,1.0,0.0,18.0,6.0,4.0,0.0,1.0,19.0,1.0,3.0,0.0,5.0,10.0,12.0,1.0,0.0,0.0,0.0,1.0,0.0,18.0,6.0,5.0,20.0,6.0,0.0,6.0,0.0,0.0,13.0,29.0,18.0,18.0,12.0,6.0,0.0,38.0,46.0,33.0,15.0,37.0,15.0,9.0,12.0,12.0,6.0,6.0,3.0,0.0,6.0,3.0,3.0,0.0,0.0,0.0,3.0,1.0,0.0,6.0,2.0,0.0,10.0,5.0,2.0,1.0,2.0,9.0,2.0,0.0,0.0,2.0,9.0,27.0,27.0,4.0,17.0
CHEMBL3718848,IC50,770.0,15.0,8.0,2.0,2.0,19.0,11.0,3.0,3.0,1.0,1.0,16.0,11.0,5.0,0.0,2.0,1.0,2.0,13.0,11.0,6.0,2.0,0.0,1.0,1.0,2.0,17.0,4.0,5.0,2.0,0.0,1.0,2.0,16.0,6.0,3.0,3.0,0.0,2.0,1.0,15.0,6.0,4.0,0.0,0.0,2.0,0.0,7.0,6.0,4.0,3.0,1.0,0.0,7.0,2.0,1.0,2.0,0.0,6.0,1.0,1.0,1.0,1.0,4.0,2.0,2.0,1.0,2.0,0.0,2.0,1.0,6.0,0.0,0.0,4.0,0.0,0.0,1.0,0.0,0.0,0.0,3.0,0.0,0.0,1.0,1.0,0.0,2.0,1.0,0.0,0.0,0.0,0.0,0.0,1.0,3.0,1.0,3.0,1.0,0.0,4.0,4.0,2.0,1.0,0.0,0.0,4.0,2.0,0.0,0.0,2.0,0.0,2.0,0.0,2.0,1.0,3.0,14.0,4.0,0.0,0.0,2.0,12.0,11.0,11.0,3.0,16.0
CHEMBL3717190,IC50,20000.0,11.0,8.0,1.0,0.0,16.0,9.0,1.0,0.0,0.0,1.0,13.0,12.0,2.0,0.0,0.0,0.0,0.0,16.0,3.0,1.0,0.0,0.0,0.0,3.0,1.0,12.0,6.0,2.0,0.0,0.0,0.0,0.0,8.0,6.0,2.0,0.0,0.0,0.0,0.0,2.0,7.0,3.0,0.0,0.0,0.0,0.0,0.0,1.0,1.0,0.0,2.0,2.0,0.0,0.0,0.0,0.0,0.0,0.0,0.0,0.0,0.0,1.0,4.0,2.0,2.0,0.0,0.0,0.0,0.0,0.0,6.0,1.0,0.0,5.0,1.0,2.0,0.0,0.0,0.0,0.0,5.0,1.0,0.0,0.0,0.0,0.0,3.0,2.0,0.0,0.0,0.0,0.0,0.0,3.0,3.0,0.0,5.0,0.0,0.0,3.0,2.0,0.0,1.0,0.0,0.0,3.0,1.0,0.0,0.0,1.0,0.0,2.0,1.0,0.0,1.0,2.0,9.0,3.0,0.0,0.0,0.0,9.0,10.0,10.0,2.0,11.0
CHEMBL3718407,IC50,460.0,17.0,13.0,1.0,2.0,23.0,15.0,1.0,3.0,0.0,2.0,20.0,15.0,3.0,2.0,0.0,2.0,2.0,18.0,14.0,4.0,4.0,0.0,0.0,1.0,1.0,23.0,4.0,2.0,2.0,0.0,4.0,3.0,17.0,15.0,2.0,3.0,0.0,0.0,0.0,18.0,13.0,1.0,0.0,0.0,0.0,0.0,12.0,13.0,2.0,0.0,2.0,0.0,16.0,5.0,0.0,2.0,1.0,13.0,5.0,2.0,1.0,1.0,9.0,2.0,6.0,1.0,2.0,0.0,2.0,1.0,11.0,0.0,0.0,8.0,0.0,0.0,1.0,0.0,0.0,0.0,6.0,0.0,0.0,1.0,1.0,0.0,4.0,2.0,0.0,0.0,0.0,0.0,0.0,2.0,5.0,1.0,5.0,1.0,0.0,6.0,6.0,2.0,2.0,0.0,0.0,6.0,3.0,0.0,0.0,1.0,0.0,5.0,0.0,2.0,2.0,4.0,14.0,6.0,0.0,0.0,2.0,16.0,16.0,16.0,4.0,16.0
CHEMBL4451419,IC50,44.89,24.0,5.0,2.0,0.0,37.0,5.0,3.0,0.0,0.0,0.0,40.0,7.0,6.0,0.0,0.0,0.0,0.0,37.0,6.0,9.0,0.0,0.0,0.0,0.0,0.0,35.0,4.0,8.0,0.0,0.0,0.0,1.0,29.0,3.0,6.0,0.0,0.0,0.0,0.0,22.0,3.0,4.0,0.0,0.0,0.0,1.0,16.0,4.0,3.0,0.0,0.0,1.0,14.0,4.0,3.0,0.0,1.0,11.0,6.0,1.0,0.0,1.0,0.0,0.0,0.0,0.0,0.0,4.0,0.0,0.0,6.0,0.0,0.0,1.0,0.0,0.0,0.0,0.0,2.0,0.0,0.0,0.0,0.0,0.0,0.0,1.0,0.0,0.0,0.0,0.0,0.0,0.0,0.0,0.0,0.0,0.0,0.0,0.0,0.0,1.0,2.0,0.0,0.0,0.0,0.0,3.0,3.0,0.0,0.0,2.0,2.0,0.0,0.0,3.0,0.0,0.0,18.0,1.0,0.0,0.0,6.0,7.0,7.0,7.0,2.0,20.0
CHEMBL3672271,IC50,23.0,21.0,3.0,2.0,2.0,30.0,5.0,3.0,3.0,0.0,0.0,32.0,6.0,5.0,1.0,0.0,0.0,1.0,29.0,6.0,9.0,2.0,0.0,0.0,0.0,0.0,26.0,3.0,7.0,3.0,0.0,0.0,1.0,20.0,3.0,5.0,4.0,0.0,0.0,0.0,14.0,3.0,3.0,2.0,0.0,0.0,1.0,9.0,4.0,3.0,0.0,0.0,1.0,6.0,4.0,1.0,1.0,1.0,3.0,3.0,1.0,1.0,1.0,0.0,0.0,0.0,0.0,0.0,2.0,0.0,0.0,4.0,0.0,0.0,1.0,0.0,0.0,0.0,0.0,2.0,0.0,0.0,0.0,0.0,0.0,0.0,1.0,0.0,0.0,0.0,0.0,0.0,0.0,0.0,0.0,0.0,0.0,0.0,0.0,0.0,1.0,0.0,0.0,0.0,0.0,0.0,1.0,0.0,0.0,0.0,2.0,2.0,0.0,0.0,2.0,0.0,1.0,17.0,2.0,0.0,0.0,6.0,7.0,5.0,5.0,1.0,17.0
CHEMBL4552688,IC50,142.5,24.0,3.0,3.0,0.0,35.0,5.0,3.0,0.0,0.0,0.0,38.0,7.0,6.0,0.0,0.0,0.0,0.0,36.0,6.0,9.0,0.0,0.0,0.0,0.0,0.0,36.0,4.0,8.0,0.0,0.0,0.0,1.0,31.0,4.0,6.0,0.0,0.0,0.0,0.0,24.0,3.0,4.0,0.0,0.0,0.0,1.0,14.0,4.0,4.0,0.0,0.0,1.0,9.0,5.0,1.0,0.0,1.0,5.0,4.0,1.0,0.0,1.0,0.0,0.0,0.0,0.0,0.0,3.0,0.0,0.0,5.0,0.0,0.0,1.0,0.0,0.0,0.0,0.0,2.0,0.0,0.0,0.0,0.0,0.0,0.0,1.0,0.0,0.0,0.0,0.0,0.0,0.0,0.0,0.0,0.0,0.0,0.0,0.0,0.0,1.0,0.0,0.0,0.0,0.0,0.0,1.0,0.0,1.0,0.0,2.0,2.0,0.0,0.0,3.0,0.0,0.0,18.0,1.0,0.0,0.0,6.0,6.0,5.0,5.0,2.0,19.0
CHEMBL4534841,IC50,64.46,25.0,3.0,2.0,0.0,36.0,4.0,3.0,0.0,2.0,0.0,38.0,7.0,6.0,0.0,3.0,0.0,0.0,35.0,6.0,9.0,0.0,0.0,2.0,0.0,0.0,32.0,5.0,8.0,0.0,2.0,0.0,1.0,28.0,3.0,6.0,0.0,0.0,3.0,0.0,22.0,2.0,4.0,0.0,0.0,4.0,1.0,15.0,3.0,4.0,2.0,0.0,0.0,11.0,5.0,1.0,0.0,0.0,9.0,3.0,1.0,0.0,1.0,1.0,1.0,0.0,0.0,0.0,2.0,0.0,0.0,5.0,0.0,0.0,2.0,0.0,0.0,0.0,0.0,2.0,0.0,1.0,0.0,0.0,0.0,0.0,2.0,0.0,0.0,0.0,0.0,0.0,0.0,0.0,0.0,0.0,0.0,1.0,0.0,0.0,1.0,0.0,0.0,0.0,0.0,0.0,1.0,0.0,0.0,0.0,2.0,2.0,0.0,1.0,3.0,0.0,0.0,18.0,1.0,0.0,0.0,6.0,5.0,6.0,6.0,2.0,19.0
CHEMBL4537653,IC50,1505.0,27.0,3.0,3.0,0.0,38.0,4.0,5.0,0.0,0.0,0.0,40.0,8.0,9.0,0.0,0.0,0.0,0.0,37.0,6.0,11.0,0.0,0.0,0.0,0.0,1.0,33.0,5.0,10.0,0.0,0.0,0.0,1.0,29.0,3.0,9.0,0.0,0.0,0.0,0.0,24.0,2.0,8.0,0.0,0.0,0.0,2.0,18.0,3.0,7.0,0.0,0.0,0.0,14.0,6.0,2.0,0.0,0.0,13.0,3.0,2.0,0.0,0.0,2.0,0.0,0.0,0.0,0.0,1.0,1.0,0.0,6.0,2.0,0.0,4.0,2.0,1.0,0.0,0.0,2.0,0.0,3.0,0.0,0.0,0.0,0.0,3.0,1.0,0.0,0.0,0.0,0.0,0.0,0.0,0.0,1.0,0.0,2.0,0.0,0.0,1.0,0.0,0.0,0.0,0.0,0.0,2.0,0.0,0.0,0.0,3.0,1.0,1.0,0.0,3.0,0.0,0.0,18.0,1.0,3.0,3.0,3.0,6.0,10.0,10.0,2.0,23.0
CHEMBL4564624,IC50,4.59,24.0,3.0,2.0,0.0,34.0,4.0,3.0,0.0,2.0,0.0,36.0,6.0,6.0,0.0,2.0,0.0,0.0,32.0,6.0,8.0,0.0,3.0,3.0,0.0,0.0,29.0,5.0,7.0,0.0,3.0,0.0,1.0,24.0,3.0,6.0,0.0,4.0,4.0,0.0,19.0,2.0,4.0,0.0,3.0,3.0,1.0,14.0,3.0,4.0,1.0,0.0,0.0,10.0,5.0,1.0,0.0,0.0,7.0,3.0,1.0,0.0,1.0,1.0,1.0,0.0,0.0,0.0,1.0,0.0,0.0,4.0,0.0,0.0,2.0,0.0,0.0,0.0,0.0,1.0,0.0,1.0,0.0,0.0,0.0,0.0,2.0,0.0,0.0,0.0,0.0,0.0,0.0,0.0,0.0,0.0,0.0,1.0,0.0,0.0,1.0,0.0,0.0,0.0,0.0,0.0,1.0,0.0,0.0,0.0,2.0,1.0,0.0,1.0,3.0,0.0,0.0,18.0,1.0,0.0,0.0,6.0,5.0,5.0,5.0,2.0,19.0
CHEMBL4535216,IC50,642.9,23.0,3.0,3.0,0.0,32.0,5.0,5.0,0.0,2.0,0.0,34.0,6.0,9.0,0.0,2.0,0.0,0.0,30.0,6.0,10.0,0.0,3.0,3.0,0.0,1.0,28.0,4.0,9.0,0.0,3.0,0.0,1.0,23.0,3.0,9.0,0.0,4.0,4.0,0.0,17.0,3.0,7.0,0.0,3.0,3.0,2.0,11.0,4.0,5.0,1.0,0.0,1.0,7.0,4.0,2.0,0.0,1.0,4.0,3.0,2.0,0.0,1.0,0.0,0.0,0.0,0.0,0.0,1.0,0.0,0.0,3.0,0.0,0.0,1.0,0.0,0.0,0.0,0.0,1.0,0.0,0.0,0.0,0.0,0.0,0.0,1.0,0.0,0.0,0.0,0.0,0.0,0.0,0.0,0.0,0.0,0.0,0.0,0.0,0.0,1.0,0.0,0.0,0.0,0.0,0.0,1.0,0.0,0.0,0.0,3.0,1.0,0.0,0.0,3.0,0.0,0.0,18.0,1.0,0.0,0.0,6.0,6.0,5.0,5.0,1.0,19.0
CHEMBL4585042,IC50,7055.0,26.0,5.0,2.0,0.0,41.0,4.0,3.0,0.0,0.0,0.0,42.0,7.0,6.0,0.0,0.0,0.0,0.0,41.0,6.0,9.0,0.0,0.0,0.0,0.0,0.0,37.0,6.0,9.0,0.0,0.0,0.0,1.0,34.0,3.0,6.0,0.0,0.0,0.0,0.0,27.0,2.0,4.0,0.0,0.0,0.0,1.0,21.0,3.0,5.0,0.0,0.0,0.0,17.0,5.0,1.0,0.0,0.0,16.0,3.0,3.0,0.0,1.0,1.0,1.0,0.0,0.0,0.0,5.0,0.0,0.0,8.0,0.0,0.0,2.0,0.0,0.0,0.0,0.0,3.0,0.0,1.0,0.0,0.0,0.0,0.0,2.0,0.0,0.0,0.0,0.0,0.0,0.0,0.0,0.0,0.0,0.0,1.0,0.0,0.0,1.0,2.0,0.0,0.0,0.0,0.0,3.0,3.0,0.0,0.0,2.0,3.0,0.0,1.0,3.0,0.0,0.0,18.0,1.0,0.0,0.0,6.0,7.0,9.0,9.0,3.0,20.0
CHEMBL4452726,IC50,1.56,25.0,3.0,2.0,0.0,36.0,5.0,3.0,0.0,0.0,0.0,38.0,7.0,6.0,0.0,0.0,0.0,0.0,35.0,6.0,9.0,0.0,0.0,0.0,0.0,0.0,34.0,4.0,8.0,0.0,0.0,0.0,1.0,30.0,4.0,7.0,0.0,0.0,0.0,0.0,24.0,3.0,5.0,0.0,0.0,0.0,1.0,14.0,4.0,3.0,0.0,0.0,1.0,9.0,4.0,1.0,0.0,1.0,6.0,4.0,1.0,0.0,1.0,0.0,0.0,0.0,0.0,0.0,3.0,0.0,0.0,5.0,0.0,0.0,1.0,0.0,0.0,0.0,0.0,2.0,0.0,0.0,0.0,0.0,0.0,0.0,1.0,0.0,0.0,0.0,0.0,0.0,0.0,0.0,0.0,0.0,0.0,0.0,0.0,0.0,1.0,0.0,0.0,0.0,0.0,0.0,1.0,0.0,0.0,0.0,2.0,3.0,0.0,0.0,3.0,0.0,0.0,18.0,1.0,0.0,0.0,6.0,5.0,6.0,6.0,1.0,19.0
CHEMBL4469640,IC50,19.06,26.0,5.0,2.0,0.0,41.0,4.0,3.0,0.0,0.0,0.0,42.0,7.0,6.0,0.0,0.0,0.0,0.0,41.0,6.0,9.0,0.0,0.0,0.0,0.0,0.0,39.0,5.0,8.0,0.0,0.0,0.0,1.0,35.0,4.0,7.0,0.0,0.0,0.0,0.0,28.0,2.0,5.0,0.0,0.0,0.0,1.0,19.0,3.0,4.0,0.0,0.0,0.0,16.0,5.0,1.0,0.0,0.0,16.0,3.0,3.0,0.0,1.0,1.0,1.0,0.0,0.0,0.0,5.0,0.0,0.0,8.0,0.0,0.0,2.0,0.0,0.0,0.0,0.0,2.0,0.0,1.0,0.0,0.0,0.0,0.0,2.0,0.0,0.0,0.0,0.0,0.0,0.0,0.0,0.0,0.0,0.0,1.0,0.0,0.0,1.0,2.0,0.0,0.0,0.0,0.0,3.0,3.0,0.0,0.0,2.0,3.0,0.0,1.0,3.0,0.0,0.0,18.0,1.0,0.0,0.0,6.0,7.0,9.0,9.0,3.0,20.0
CHEMBL3715542,IC50,590.0,18.0,8.0,2.0,0.0,24.0,10.0,3.0,0.0,0.0,1.0,16.0,15.0,5.0,0.0,0.0,0.0,0.0,16.0,10.0,5.0,0.0,0.0,0.0,2.0,2.0,18.0,5.0,6.0,0.0,0.0,1.0,1.0,20.0,4.0,4.0,0.0,0.0,0.0,2.0,16.0,7.0,6.0,0.0,0.0,0.0,0.0,11.0,7.0,3.0,0.0,1.0,0.0,10.0,4.0,2.0,0.0,1.0,9.0,2.0,1.0,0.0,2.0,9.0,5.0,5.0,1.0,3.0,0.0,2.0,2.0,12.0,1.0,0.0,10.0,1.0,2.0,0.0,0.0,0.0,0.0,10.0,1.0,0.0,0.0,0.0,0.0,8.0,3.0,0.0,0.0,0.0,0.0,0.0,3.0,3.0,1.0,5.0,2.0,0.0,3.0,3.0,1.0,1.0,0.0,0.0,4.0,2.0,0.0,0.0,2.0,0.0,6.0,2.0,2.0,1.0,2.0,9.0,3.0,0.0,0.0,2.0,10.0,18.0,18.0,5.0,13.0
CHEMBL3716048,IC50,4900.0,13.0,10.0,3.0,0.0,17.0,12.0,4.0,0.0,1.0,2.0,14.0,12.0,3.0,0.0,2.0,2.0,0.0,11.0,13.0,6.0,0.0,0.0,1.0,1.0,1.0,16.0,4.0,3.0,0.0,0.0,2.0,4.0,13.0,9.0,5.0,0.0,0.0,2.0,0.0,13.0,8.0,1.0,0.0,0.0,1.0,1.0,6.0,6.0,3.0,3.0,2.0,0.0,6.0,3.0,2.0,0.0,0.0,6.0,1.0,1.0,0.0,1.0,4.0,2.0,2.0,1.0,2.0,0.0,2.0,1.0,6.0,0.0,0.0,4.0,0.0,0.0,1.0,0.0,0.0,0.0,3.0,0.0,0.0,1.0,1.0,0.0,2.0,1.0,0.0,0.0,0.0,0.0,0.0,1.0,3.0,1.0,3.0,1.0,0.0,4.0,4.0,2.0,1.0,0.0,0.0,4.0,2.0,0.0,0.0,1.0,0.0,2.0,0.0,2.0,2.0,4.0,14.0,5.0,0.0,0.0,2.0,13.0,10.0,10.0,3.0,15.0
CHEMBL3719168,IC50,1200.0,14.0,10.0,1.0,2.0,19.0,11.0,1.0,3.0,1.0,2.0,14.0,14.0,3.0,0.0,2.0,1.0,2.0,12.0,12.0,3.0,2.0,0.0,1.0,2.0,1.0,15.0,5.0,3.0,1.0,0.0,2.0,2.0,14.0,7.0,2.0,3.0,0.0,2.0,1.0,15.0,7.0,2.0,0.0,0.0,1.0,0.0,8.0,9.0,2.0,3.0,1.0,0.0,8.0,4.0,0.0,1.0,2.0,6.0,3.0,0.0,2.0,1.0,5.0,3.0,2.0,1.0,3.0,0.0,2.0,2.0,7.0,1.0,0.0,5.0,1.0,2.0,0.0,0.0,0.0,0.0,5.0,1.0,0.0,0.0,0.0,0.0,3.0,2.0,0.0,0.0,0.0,0.0,0.0,3.0,3.0,1.0,5.0,2.0,0.0,3.0,3.0,1.0,1.0,0.0,0.0,4.0,2.0,0.0,0.0,1.0,0.0,2.0,1.0,2.0,2.0,4.0,14.0,5.0,0.0,0.0,2.0,13.0,11.0,11.0,4.0,15.0
CHEMBL3717063,IC50,140.0,16.0,9.0,1.0,2.0,21.0,11.0,1.0,3.0,0.0,2.0,17.0,14.0,3.0,0.0,0.0,1.0,2.0,13.0,14.0,4.0,2.0,0.0,0.0,1.0,1.0,17.0,5.0,3.0,1.0,0.0,2.0,2.0,16.0,7.0,2.0,3.0,0.0,0.0,0.0,16.0,8.0,2.0,0.0,0.0,0.0,0.0,9.0,8.0,2.0,0.0,0.0,1.0,9.0,5.0,0.0,2.0,0.0,8.0,4.0,0.0,2.0,2.0,5.0,5.0,2.0,0.0,0.0,0.0,1.0,0.0,8.0,1.0,1.0,7.0,1.0,1.0,1.0,0.0,0.0,1.0,8.0,2.0,1.0,2.0,2.0,0.0,8.0,8.0,3.0,0.0,1.0,0.0,1.0,6.0,4.0,2.0,4.0,2.0,0.0,3.0,2.0,2.0,0.0,0.0,0.0,3.0,1.0,0.0,1.0,1.0,0.0,4.0,1.0,2.0,2.0,4.0,14.0,4.0,0.0,0.0,2.0,12.0,12.0,12.0,4.0,15.0
CHEMBL3715871,IC50,4000.0,11.0,9.0,1.0,0.0,15.0,10.0,1.0,0.0,0.0,2.0,11.0,12.0,3.0,0.0,0.0,1.0,0.0,9.0,8.0,4.0,0.0,0.0,0.0,2.0,1.0,9.0,3.0,3.0,0.0,0.0,2.0,2.0,10.0,5.0,1.0,0.0,0.0,0.0,1.0,8.0,8.0,0.0,0.0,0.0,0.0,0.0,4.0,7.0,0.0,0.0,1.0,0.0,1.0,3.0,0.0,0.0,2.0,0.0,0.0,0.0,0.0,2.0,4.0,4.0,2.0,0.0,0.0,0.0,1.0,0.0,7.0,0.0,1.0,6.0,0.0,0.0,2.0,0.0,0.0,0.0,6.0,0.0,0.0,4.0,2.0,0.0,6.0,6.0,1.0,0.0,0.0,0.0,1.0,4.0,4.0,2.0,4.0,2.0,0.0,4.0,2.0,2.0,0.0,0.0,0.0,3.0,1.0,0.0,2.0,1.0,0.0,4.0,0.0,2.0,2.0,3.0,9.0,3.0,0.0,0.0,2.0,10.0,11.0,11.0,3.0,11.0
CHEMBL4535960,IC50,721.4,25.0,3.0,2.0,0.0,36.0,5.0,3.0,0.0,0.0,0.0,39.0,7.0,6.0,0.0,0.0,0.0,0.0,35.0,7.0,10.0,0.0,0.0,0.0,0.0,0.0,33.0,4.0,8.0,0.0,0.0,0.0,1.0,30.0,3.0,6.0,0.0,0.0,0.0,0.0,24.0,3.0,5.0,0.0,0.0,0.0,1.0,14.0,4.0,3.0,0.0,0.0,1.0,9.0,4.0,1.0,0.0,1.0,6.0,4.0,1.0,0.0,1.0,0.0,0.0,0.0,0.0,0.0,3.0,0.0,0.0,5.0,0.0,0.0,1.0,0.0,0.0,0.0,0.0,2.0,0.0,0.0,0.0,0.0,0.0,0.0,1.0,0.0,0.0,0.0,0.0,0.0,0.0,0.0,0.0,0.0,0.0,0.0,0.0,0.0,1.0,0.0,0.0,0.0,0.0,0.0,1.0,0.0,0.0,0.0,2.0,3.0,0.0,0.0,4.0,0.0,0.0,18.0,1.0,0.0,0.0,6.0,5.0,6.0,6.0,1.0,19.0
CHEMBL3717206,IC50,1700.0,16.0,8.0,2.0,2.0,21.0,10.0,3.0,3.0,0.0,1.0,17.0,12.0,5.0,0.0,0.0,0.0,2.0,13.0,12.0,5.0,2.0,0.0,0.0,1.0,2.0,17.0,3.0,6.0,2.0,0.0,2.0,1.0,17.0,4.0,4.0,3.0,0.0,0.0,1.0,17.0,5.0,4.0,0.0,0.0,0.0,0.0,10.0,8.0,3.0,0.0,0.0,0.0,9.0,4.0,2.0,1.0,1.0,6.0,2.0,2.0,2.0,1.0,5.0,3.0,2.0,2.0,3.0,0.0,2.0,1.0,7.0,1.0,0.0,5.0,1.0,1.0,0.0,0.0,0.0,0.0,5.0,2.0,1.0,0.0,0.0,0.0,4.0,1.0,0.0,0.0,0.0,0.0,0.0,1.0,6.0,2.0,4.0,2.0,0.0,3.0,3.0,1.0,1.0,0.0,0.0,4.0,2.0,0.0,0.0,2.0,0.0,2.0,1.0,2.0,1.0,3.0,14.0,4.0,0.0,0.0,2.0,12.0,12.0,12.0,4.0,16.0
CHEMBL3715740,IC50,200.0,15.0,8.0,2.0,0.0,17.0,11.0,3.0,0.0,0.0,1.0,14.0,13.0,5.0,0.0,0.0,1.0,0.0,15.0,7.0,6.0,0.0,0.0,0.0,1.0,2.0,15.0,4.0,5.0,0.0,0.0,1.0,2.0,15.0,6.0,4.0,0.0,0.0,0.0,1.0,9.0,7.0,3.0,0.0,0.0,0.0,0.0,8.0,4.0,2.0,0.0,1.0,0.0,7.0,2.0,1.0,0.0,0.0,3.0,2.0,1.0,0.0,2.0,5.0,2.0,2.0,1.0,2.0,0.0,2.0,1.0,9.0,1.0,0.0,7.0,1.0,0.0,1.0,0.0,0.0,0.0,4.0,0.0,0.0,1.0,1.0,0.0,2.0,1.0,0.0,0.0,0.0,0.0,0.0,1.0,3.0,1.0,3.0,1.0,0.0,4.0,4.0,2.0,1.0,0.0,0.0,4.0,2.0,0.0,0.0,2.0,0.0,3.0,1.0,2.0,1.0,2.0,9.0,3.0,3.0,3.0,2.0,10.0,15.0,15.0,4.0,15.0
CHEMBL3716598,IC50,1800.0,17.0,9.0,1.0,0.0,27.0,12.0,1.0,0.0,0.0,2.0,21.0,14.0,3.0,0.0,0.0,1.0,0.0,14.0,12.0,5.0,0.0,0.0,0.0,2.0,1.0,14.0,3.0,4.0,0.0,0.0,2.0,2.0,16.0,6.0,3.0,0.0,0.0,0.0,1.0,15.0,11.0,0.0,0.0,0.0,0.0,0.0,9.0,11.0,0.0,0.0,1.0,0.0,3.0,7.0,0.0,0.0,2.0,0.0,0.0,0.0,0.0,2.0,6.0,6.0,0.0,0.0,0.0,0.0,1.0,0.0,11.0,4.0,4.0,12.0,4.0,0.0,6.0,0.0,0.0,12.0,18.0,12.0,12.0,12.0,6.0,0.0,24.0,36.0,28.0,15.0,36.0,15.0,9.0,12.0,12.0,6.0,6.0,3.0,0.0,6.0,3.0,3.0,0.0,0.0,0.0,3.0,1.0,0.0,6.0,1.0,0.0,6.0,2.0,2.0,2.0,3.0,9.0,3.0,0.0,0.0,2.0,10.0,17.0,17.0,3.0,13.0
CHEMBL3716771,IC50,5900.0,13.0,10.0,1.0,2.0,17.0,12.0,1.0,3.0,0.0,2.0,14.0,12.0,3.0,0.0,0.0,2.0,2.0,11.0,13.0,4.0,2.0,0.0,0.0,1.0,1.0,16.0,4.0,2.0,1.0,0.0,2.0,3.0,13.0,9.0,2.0,3.0,0.0,0.0,0.0,13.0,8.0,1.0,0.0,0.0,0.0,0.0,6.0,6.0,2.0,0.0,2.0,0.0,6.0,3.0,0.0,2.0,0.0,6.0,1.0,0.0,1.0,1.0,4.0,2.0,2.0,1.0,2.0,0.0,2.0,1.0,6.0,0.0,0.0,4.0,0.0,0.0,1.0,0.0,0.0,0.0,3.0,0.0,0.0,1.0,1.0,0.0,2.0,1.0,0.0,0.0,0.0,0.0,0.0,1.0,3.0,1.0,3.0,1.0,0.0,4.0,4.0,2.0,1.0,0.0,0.0,4.0,2.0,0.0,0.0,1.0,0.0,2.0,0.0,2.0,2.0,4.0,14.0,5.0,0.0,0.0,2.0,13.0,10.0,10.0,3.0,15.0
CHEMBL4591205,IC50,223.7,26.0,3.0,2.0,0.0,38.0,4.0,3.0,0.0,0.0,0.0,40.0,7.0,6.0,0.0,0.0,0.0,0.0,37.0,6.0,9.0,0.0,0.0,0.0,0.0,0.0,33.0,6.0,9.0,0.0,0.0,0.0,1.0,30.0,3.0,6.0,0.0,0.0,0.0,0.0,25.0,2.0,4.0,0.0,0.0,0.0,1.0,19.0,3.0,5.0,0.0,0.0,0.0,13.0,5.0,1.0,0.0,0.0,10.0,3.0,1.0,0.0,1.0,1.0,1.0,0.0,0.0,0.0,3.0,0.0,0.0,6.0,0.0,0.0,2.0,0.0,0.0,0.0,0.0,3.0,0.0,1.0,0.0,0.0,0.0,0.0,2.0,0.0,0.0,0.0,0.0,0.0,0.0,0.0,0.0,0.0,0.0,1.0,0.0,0.0,1.0,0.0,0.0,0.0,0.0,0.0,1.0,0.0,0.0,0.0,2.0,3.0,0.0,1.0,3.0,0.0,0.0,18.0,1.0,0.0,0.0,6.0,5.0,7.0,7.0,2.0,19.0
CHEMBL4445123,IC50,0.5,25.0,3.0,2.0,0.0,36.0,4.0,3.0,0.0,0.0,0.0,38.0,7.0,6.0,0.0,0.0,0.0,0.0,35.0,6.0,9.0,0.0,0.0,0.0,0.0,0.0,32.0,5.0,8.0,0.0,0.0,0.0,1.0,28.0,3.0,6.0,0.0,0.0,0.0,0.0,22.0,2.0,4.0,0.0,0.0,0.0,1.0,15.0,3.0,4.0,0.0,0.0,0.0,11.0,5.0,1.0,0.0,0.0,9.0,3.0,1.0,0.0,1.0,1.0,1.0,0.0,0.0,0.0,2.0,0.0,0.0,5.0,0.0,0.0,2.0,0.0,0.0,0.0,0.0,2.0,0.0,1.0,0.0,0.0,0.0,0.0,2.0,0.0,0.0,0.0,0.0,0.0,0.0,0.0,0.0,0.0,0.0,1.0,0.0,0.0,1.0,0.0,0.0,0.0,0.0,0.0,1.0,0.0,0.0,0.0,2.0,2.0,0.0,1.0,3.0,0.0,0.0,18.0,1.0,0.0,0.0,6.0,5.0,6.0,6.0,2.0,19.0
CHEMBL4474776,IC50,977.5,24.0,3.0,3.0,0.0,34.0,5.0,5.0,0.0,0.0,0.0,36.0,7.0,9.0,0.0,0.0,0.0,0.0,33.0,6.0,11.0,0.0,0.0,0.0,0.0,1.0,31.0,4.0,10.0,0.0,0.0,0.0,1.0,27.0,3.0,9.0,0.0,0.0,0.0,0.0,20.0,3.0,8.0,0.0,0.0,0.0,2.0,12.0,4.0,5.0,0.0,0.0,1.0,8.0,4.0,2.0,0.0,1.0,5.0,4.0,2.0,0.0,1.0,0.0,0.0,0.0,0.0,0.0,2.0,0.0,0.0,4.0,0.0,0.0,1.0,0.0,0.0,0.0,0.0,2.0,0.0,0.0,0.0,0.0,0.0,0.0,1.0,0.0,0.0,0.0,0.0,0.0,0.0,0.0,0.0,0.0,0.0,0.0,0.0,0.0,1.0,0.0,0.0,0.0,0.0,0.0,1.0,0.0,0.0,0.0,3.0,2.0,0.0,0.0,3.0,0.0,0.0,18.0,1.0,0.0,0.0,6.0,6.0,6.0,6.0,1.0,19.0
CHEMBL4588267,IC50,2440.0,23.0,5.0,3.0,0.0,35.0,5.0,5.0,0.0,2.0,0.0,38.0,6.0,9.0,0.0,2.0,0.0,0.0,34.0,6.0,10.0,0.0,3.0,3.0,0.0,1.0,32.0,4.0,9.0,0.0,3.0,0.0,1.0,25.0,3.0,9.0,0.0,4.0,4.0,0.0,19.0,3.0,7.0,0.0,3.0,3.0,2.0,15.0,4.0,5.0,1.0,0.0,1.0,13.0,4.0,4.0,0.0,1.0,10.0,5.0,2.0,0.0,1.0,0.0,0.0,0.0,0.0,0.0,3.0,0.0,0.0,5.0,0.0,0.0,1.0,0.0,0.0,0.0,0.0,1.0,0.0,0.0,0.0,0.0,0.0,0.0,1.0,0.0,0.0,0.0,0.0,0.0,0.0,0.0,0.0,0.0,0.0,0.0,0.0,0.0,1.0,2.0,0.0,0.0,0.0,0.0,3.0,3.0,0.0,0.0,3.0,1.0,0.0,0.0,3.0,0.0,0.0,18.0,1.0,0.0,0.0,6.0,8.0,7.0,7.0,2.0,20.0
CHEMBL3717479,IC50,190.0,23.0,7.0,2.0,2.0,33.0,13.0,3.0,3.0,0.0,1.0,27.0,15.0,5.0,0.0,0.0,0.0,2.0,19.0,15.0,7.0,2.0,0.0,0.0,2.0,2.0,23.0,4.0,7.0,2.0,0.0,1.0,1.0,24.0,6.0,5.0,3.0,0.0,0.0,2.0,25.0,9.0,4.0,0.0,0.0,0.0,0.0,16.0,10.0,5.0,0.0,1.0,0.0,14.0,5.0,3.0,3.0,1.0,12.0,1.0,3.0,3.0,2.0,6.0,6.0,0.0,0.0,0.0,0.0,1.0,0.0,11.0,4.0,4.0,12.0,4.0,0.0,6.0,0.0,0.0,12.0,18.0,12.0,12.0,12.0,6.0,0.0,24.0,36.0,28.0,15.0,36.0,15.0,9.0,12.0,12.0,6.0,6.0,3.0,0.0,6.0,3.0,3.0,0.0,0.0,0.0,3.0,1.0,0.0,6.0,2.0,0.0,6.0,2.0,2.0,1.0,3.0,14.0,3.0,0.0,0.0,2.0,11.0,18.0,18.0,3.0,18.0
CHEMBL3718092,IC50,2900.0,16.0,8.0,2.0,0.0,19.0,10.0,3.0,0.0,0.0,1.0,15.0,14.0,5.0,0.0,0.0,0.0,0.0,15.0,8.0,5.0,0.0,0.0,0.0,1.0,2.0,15.0,3.0,6.0,0.0,0.0,2.0,1.0,16.0,4.0,5.0,0.0,0.0,0.0,1.0,11.0,6.0,3.0,0.0,0.0,0.0,0.0,11.0,6.0,1.0,0.0,0.0,0.0,8.0,4.0,2.0,0.0,1.0,6.0,2.0,2.0,0.0,2.0,6.0,3.0,2.0,2.0,3.0,0.0,2.0,1.0,10.0,2.0,0.0,8.0,2.0,1.0,0.0,0.0,0.0,0.0,6.0,2.0,1.0,0.0,0.0,0.0,4.0,1.0,0.0,0.0,0.0,0.0,0.0,1.0,6.0,2.0,4.0,2.0,0.0,3.0,3.0,1.0,1.0,0.0,0.0,4.0,2.0,0.0,0.0,2.0,0.0,3.0,2.0,2.0,1.0,2.0,9.0,3.0,3.0,3.0,2.0,10.0,16.0,16.0,5.0,15.0
CHEMBL3716274,IC50,22000.0,15.0,13.0,3.0,2.0,21.0,16.0,3.0,3.0,0.0,2.0,22.0,13.0,3.0,0.0,0.0,2.0,3.0,17.0,14.0,5.0,4.0,0.0,0.0,1.0,1.0,20.0,4.0,4.0,3.0,0.0,4.0,3.0,15.0,15.0,3.0,3.0,0.0,0.0,0.0,17.0,13.0,2.0,0.0,0.0,0.0,0.0,12.0,11.0,2.0,0.0,2.0,2.0,14.0,5.0,2.0,2.0,1.0,12.0,4.0,3.0,1.0,1.0,8.0,2.0,4.0,1.0,2.0,0.0,2.0,1.0,10.0,0.0,0.0,6.0,0.0,0.0,1.0,0.0,0.0,0.0,3.0,0.0,0.0,1.0,1.0,0.0,2.0,1.0,0.0,0.0,0.0,0.0,0.0,1.0,3.0,1.0,3.0,1.0,0.0,6.0,6.0,2.0,2.0,2.0,2.0,6.0,3.0,2.0,0.0,2.0,0.0,2.0,0.0,2.0,2.0,4.0,14.0,7.0,0.0,0.0,2.0,18.0,16.0,16.0,4.0,16.0
CHEMBL3718368,IC50,150.0,14.0,13.0,2.0,2.0,20.0,14.0,2.0,3.0,0.0,2.0,18.0,14.0,3.0,2.0,0.0,2.0,2.0,16.0,14.0,6.0,3.0,0.0,0.0,1.0,1.0,20.0,4.0,3.0,1.0,0.0,4.0,3.0,14.0,15.0,4.0,3.0,0.0,0.0,0.0,17.0,11.0,2.0,0.0,0.0,0.0,0.0,10.0,11.0,2.0,0.0,2.0,2.0,13.0,4.0,2.0,2.0,1.0,9.0,4.0,3.0,1.0,1.0,6.0,2.0,3.0,1.0,2.0,1.0,2.0,1.0,9.0,0.0,0.0,5.0,0.0,0.0,1.0,0.0,0.0,0.0,3.0,0.0,0.0,1.0,1.0,0.0,2.0,1.0,0.0,0.0,0.0,0.0,0.0,1.0,3.0,1.0,3.0,1.0,0.0,5.0,5.0,2.0,1.0,1.0,0.0,6.0,3.0,1.0,0.0,2.0,0.0,2.0,0.0,2.0,2.0,4.0,14.0,5.0,0.0,0.0,2.0,17.0,14.0,14.0,6.0,16.0
CHEMBL3718758,IC50,98.0,15.0,10.0,1.0,2.0,20.0,11.0,1.0,3.0,0.0,2.0,15.0,14.0,3.0,1.0,0.0,1.0,0.0,14.0,10.0,3.0,0.0,0.0,0.0,2.0,1.0,13.0,9.0,3.0,2.0,0.0,2.0,2.0,17.0,6.0,2.0,1.0,0.0,0.0,1.0,14.0,9.0,2.0,3.0,0.0,0.0,0.0,14.0,8.0,1.0,0.0,1.0,0.0,7.0,6.0,2.0,1.0,2.0,7.0,3.0,0.0,1.0,1.0,6.0,3.0,2.0,1.0,3.0,0.0,2.0,2.0,8.0,1.0,0.0,5.0,1.0,2.0,0.0,0.0,0.0,0.0,5.0,1.0,0.0,0.0,0.0,0.0,3.0,2.0,0.0,0.0,0.0,0.0,0.0,3.0,3.0,1.0,5.0,2.0,0.0,3.0,3.0,1.0,1.0,0.0,0.0,4.0,2.0,0.0,0.0,1.0,0.0,3.0,1.0,2.0,2.0,4.0,14.0,5.0,0.0,0.0,2.0,13.0,13.0,13.0,6.0,15.0
CHEMBL3716544,IC50,5.3,21.0,9.0,1.0,0.0,29.0,14.0,1.0,0.0,0.0,2.0,23.0,18.0,3.0,0.0,0.0,1.0,0.0,19.0,13.0,5.0,0.0,0.0,0.0,2.0,1.0,19.0,5.0,4.0,0.0,0.0,2.0,2.0,22.0,7.0,4.0,0.0,0.0,0.0,1.0,16.0,13.0,2.0,0.0,0.0,0.0,0.0,14.0,11.0,0.0,0.0,1.0,0.0,12.0,7.0,0.0,0.0,2.0,9.0,1.0,0.0,0.0,3.0,7.0,6.0,0.0,0.0,0.0,0.0,1.0,0.0,14.0,5.0,4.0,15.0,5.0,0.0,6.0,0.0,0.0,12.0,19.0,12.0,12.0,12.0,6.0,0.0,24.0,36.0,28.0,15.0,36.0,15.0,9.0,12.0,12.0,6.0,6.0,3.0,0.0,6.0,3.0,3.0,0.0,0.0,0.0,3.0,1.0,0.0,6.0,1.0,0.0,7.0,3.0,2.0,2.0,3.0,9.0,3.0,3.0,3.0,2.0,10.0,21.0,21.0,4.0,16.0
CHEMBL3716044,IC50,1000.0,13.0,10.0,1.0,2.0,17.0,12.0,1.0,3.0,1.0,2.0,14.0,12.0,3.0,0.0,2.0,2.0,2.0,11.0,13.0,4.0,2.0,0.0,1.0,1.0,1.0,16.0,4.0,2.0,1.0,0.0,2.0,3.0,13.0,9.0,2.0,3.0,0.0,2.0,0.0,13.0,8.0,1.0,0.0,0.0,1.0,0.0,6.0,6.0,2.0,3.0,2.0,0.0,6.0,3.0,0.0,2.0,0.0,6.0,1.0,0.0,1.0,1.0,4.0,2.0,2.0,1.0,2.0,0.0,2.0,1.0,6.0,0.0,0.0,4.0,0.0,0.0,1.0,0.0,0.0,0.0,3.0,0.0,0.0,1.0,1.0,0.0,2.0,1.0,0.0,0.0,0.0,0.0,0.0,1.0,3.0,1.0,3.0,1.0,0.0,4.0,4.0,2.0,1.0,0.0,0.0,4.0,2.0,0.0,0.0,1.0,0.0,2.0,0.0,2.0,2.0,4.0,14.0,5.0,0.0,0.0,2.0,13.0,10.0,10.0,3.0,15.0
CHEMBL3716403,IC50,12000.0,14.0,10.0,1.0,2.0,18.0,12.0,1.0,3.0,1.0,2.0,15.0,12.0,3.0,0.0,2.0,2.0,2.0,11.0,14.0,3.0,2.0,0.0,1.0,1.0,1.0,15.0,5.0,2.0,1.0,0.0,2.0,3.0,13.0,8.0,3.0,3.0,0.0,2.0,0.0,15.0,6.0,2.0,0.0,0.0,1.0,0.0,9.0,7.0,2.0,3.0,2.0,0.0,8.0,6.0,0.0,1.0,0.0,6.0,3.0,0.0,1.0,1.0,5.0,2.0,3.0,1.0,2.0,0.0,2.0,1.0,7.0,0.0,0.0,5.0,0.0,0.0,1.0,0.0,0.0,0.0,4.0,0.0,0.0,1.0,0.0,0.0,3.0,2.0,1.0,0.0,0.0,0.0,1.0,2.0,3.0,1.0,3.0,1.0,0.0,4.0,4.0,1.0,2.0,0.0,0.0,4.0,2.0,0.0,0.0,1.0,0.0,3.0,0.0,2.0,2.0,4.0,14.0,5.0,0.0,0.0,2.0,13.0,11.0,11.0,4.0,15.0
CHEMBL3718439,IC50,35.0,15.0,9.0,1.0,2.0,19.0,12.0,1.0,3.0,0.0,2.0,15.0,14.0,3.0,0.0,0.0,1.0,2.0,12.0,13.0,4.0,2.0,0.0,0.0,2.0,1.0,17.0,4.0,3.0,1.0,0.0,2.0,2.0,15.0,8.0,2.0,3.0,0.0,0.0,1.0,15.0,9.0,1.0,0.0,0.0,0.0,0.0,7.0,9.0,2.0,0.0,1.0,0.0,7.0,3.0,0.0,2.0,2.0,7.0,1.0,0.0,2.0,2.0,4.0,4.0,2.0,0.0,0.0,0.0,1.0,0.0,7.0,0.0,1.0,6.0,0.0,0.0,2.0,0.0,0.0,0.0,6.0,0.0,0.0,4.0,2.0,0.0,6.0,6.0,1.0,0.0,0.0,0.0,1.0,4.0,4.0,2.0,4.0,2.0,0.0,4.0,2.0,2.0,0.0,0.0,0.0,3.0,1.0,0.0,2.0,1.0,0.0,4.0,0.0,2.0,2.0,4.0,14.0,4.0,0.0,0.0,2.0,12.0,11.0,11.0,3.0,15.0
CHEMBL3717030,IC50,590.0,15.0,10.0,1.0,2.0,20.0,11.0,1.0,3.0,0.0,2.0,16.0,13.0,3.0,0.0,0.0,1.0,2.0,12.0,14.0,3.0,2.0,0.0,0.0,1.0,1.0,16.0,4.0,2.0,1.0,0.0,3.0,2.0,13.0,8.0,3.0,3.0,0.0,0.0,0.0,16.0,5.0,2.0,0.0,0.0,0.0,0.0,10.0,8.0,3.0,0.0,0.0,0.0,10.0,7.0,0.0,1.0,1.0,8.0,4.0,0.0,1.0,1.0,6.0,3.0,3.0,2.0,3.0,0.0,2.0,1.0,8.0,1.0,0.0,6.0,1.0,1.0,0.0,0.0,0.0,0.0,6.0,2.0,1.0,0.0,0.0,0.0,5.0,3.0,1.0,0.0,0.0,0.0,1.0,3.0,5.0,2.0,4.0,1.0,0.0,3.0,3.0,1.0,1.0,0.0,0.0,4.0,2.0,0.0,0.0,1.0,0.0,3.0,1.0,2.0,2.0,4.0,14.0,5.0,0.0,0.0,2.0,13.0,12.0,12.0,5.0,15.0
CHEMBL3715825,IC50,99.0,14.0,10.0,1.0,2.0,19.0,11.0,1.0,3.0,0.0,2.0,14.0,14.0,3.0,0.0,0.0,1.0,2.0,12.0,12.0,3.0,2.0,0.0,0.0,2.0,1.0,15.0,5.0,3.0,1.0,0.0,2.0,2.0,14.0,7.0,2.0,3.0,0.0,0.0,1.0,15.0,7.0,2.0,0.0,0.0,0.0,0.0,8.0,9.0,2.0,0.0,1.0,0.0,8.0,4.0,0.0,1.0,2.0,6.0,3.0,0.0,2.0,1.0,5.0,3.0,2.0,1.0,3.0,0.0,2.0,2.0,7.0,1.0,0.0,5.0,1.0,2.0,0.0,0.0,0.0,0.0,5.0,1.0,0.0,0.0,0.0,0.0,3.0,2.0,0.0,0.0,0.0,0.0,0.0,3.0,3.0,1.0,5.0,2.0,0.0,3.0,3.0,1.0,1.0,0.0,0.0,4.0,2.0,0.0,0.0,1.0,0.0,2.0,1.0,2.0,2.0,4.0,14.0,5.0,0.0,0.0,2.0,13.0,11.0,11.0,4.0,15.0
CHEMBL3716936,IC50,4100.0,13.0,12.0,1.0,2.0,17.0,13.0,1.0,3.0,0.0,3.0,14.0,13.0,3.0,0.0,0.0,1.0,2.0,12.0,14.0,3.0,2.0,0.0,0.0,1.0,1.0,16.0,3.0,2.0,1.0,0.0,4.0,2.0,11.0,10.0,2.0,3.0,0.0,0.0,0.0,14.0,6.0,1.0,0.0,0.0,0.0,0.0,7.0,9.0,4.0,0.0,0.0,0.0,9.0,6.0,0.0,1.0,2.0,8.0,4.0,0.0,1.0,0.0,3.0,0.0,2.0,1.0,1.0,0.0,1.0,0.0,4.0,0.0,0.0,2.0,0.0,0.0,0.0,0.0,0.0,0.0,1.0,0.0,0.0,0.0,0.0,0.0,0.0,0.0,0.0,0.0,0.0,0.0,0.0,0.0,0.0,0.0,1.0,1.0,0.0,1.0,1.0,1.0,0.0,0.0,0.0,2.0,1.0,0.0,0.0,1.0,0.0,2.0,0.0,2.0,3.0,6.0,19.0,6.0,0.0,0.0,2.0,15.0,9.0,9.0,6.0,17.0
CHEMBL3716639,IC50,160.0,13.0,10.0,1.0,2.0,17.0,12.0,1.0,3.0,0.0,2.0,14.0,12.0,3.0,0.0,0.0,2.0,2.0,11.0,13.0,4.0,2.0,0.0,0.0,1.0,1.0,16.0,4.0,2.0,1.0,0.0,2.0,3.0,13.0,9.0,2.0,3.0,0.0,0.0,0.0,13.0,8.0,1.0,0.0,0.0,0.0,0.0,6.0,6.0,2.0,0.0,2.0,0.0,6.0,3.0,0.0,2.0,0.0,6.0,1.0,0.0,1.0,1.0,4.0,2.0,2.0,1.0,2.0,0.0,2.0,1.0,6.0,0.0,0.0,4.0,0.0,0.0,1.0,0.0,0.0,0.0,3.0,0.0,0.0,1.0,1.0,0.0,2.0,1.0,0.0,0.0,0.0,0.0,0.0,1.0,3.0,1.0,3.0,1.0,0.0,4.0,4.0,2.0,1.0,0.0,0.0,4.0,2.0,0.0,0.0,1.0,0.0,2.0,0.0,2.0,2.0,4.0,14.0,5.0,0.0,0.0,2.0,13.0,10.0,10.0,3.0,15.0
CHEMBL3716376,IC50,26000.0,15.0,9.0,2.0,0.0,19.0,11.0,3.0,0.0,0.0,1.0,16.0,13.0,5.0,0.0,0.0,1.0,0.0,16.0,8.0,6.0,0.0,0.0,0.0,1.0,2.0,16.0,4.0,5.0,0.0,0.0,1.0,2.0,16.0,6.0,5.0,0.0,0.0,0.0,1.0,11.0,7.0,3.0,0.0,0.0,0.0,0.0,10.0,5.0,2.0,0.0,1.0,0.0,9.0,3.0,1.0,0.0,0.0,4.0,2.0,2.0,0.0,2.0,5.0,2.0,2.0,0.0,0.0,1.0,1.0,0.0,10.0,1.0,0.0,7.0,1.0,0.0,1.0,0.0,0.0,0.0,4.0,0.0,0.0,1.0,1.0,0.0,2.0,1.0,0.0,0.0,0.0,0.0,0.0,1.0,3.0,1.0,3.0,1.0,0.0,4.0,6.0,2.0,1.0,0.0,0.0,5.0,4.0,0.0,0.0,2.0,0.0,3.0,1.0,2.0,1.0,2.0,9.0,3.0,3.0,3.0,2.0,11.0,16.0,16.0,4.0,15.0
CHEMBL4562809,IC50,4790.0,24.0,5.0,3.0,0.0,37.0,5.0,5.0,0.0,0.0,0.0,40.0,7.0,9.0,0.0,0.0,0.0,0.0,37.0,6.0,11.0,0.0,0.0,0.0,0.0,1.0,35.0,4.0,10.0,0.0,0.0,0.0,1.0,29.0,3.0,9.0,0.0,0.0,0.0,0.0,22.0,3.0,8.0,0.0,0.0,0.0,2.0,16.0,4.0,5.0,0.0,0.0,1.0,14.0,4.0,4.0,0.0,1.0,11.0,6.0,2.0,0.0,1.0,0.0,0.0,0.0,0.0,0.0,4.0,0.0,0.0,6.0,0.0,0.0,1.0,0.0,0.0,0.0,0.0,2.0,0.0,0.0,0.0,0.0,0.0,0.0,1.0,0.0,0.0,0.0,0.0,0.0,0.0,0.0,0.0,0.0,0.0,0.0,0.0,0.0,1.0,2.0,0.0,0.0,0.0,0.0,3.0,3.0,0.0,0.0,3.0,2.0,0.0,0.0,3.0,0.0,0.0,18.0,1.0,0.0,0.0,6.0,8.0,8.0,8.0,2.0,20.0
CHEMBL4439067,IC50,1266.0,26.0,3.0,3.0,0.0,36.0,4.0,5.0,0.0,2.0,0.0,38.0,7.0,9.0,0.0,2.0,0.0,0.0,34.0,6.0,10.0,0.0,3.0,3.0,0.0,1.0,30.0,5.0,9.0,0.0,3.0,0.0,1.0,25.0,3.0,9.0,0.0,4.0,4.0,0.0,21.0,2.0,7.0,0.0,3.0,3.0,2.0,17.0,3.0,7.0,1.0,0.0,0.0,13.0,6.0,2.0,0.0,0.0,10.0,3.0,2.0,0.0,0.0,2.0,0.0,0.0,0.0,0.0,0.0,0.0,0.0,5.0,2.0,0.0,4.0,2.0,1.0,0.0,0.0,1.0,0.0,3.0,0.0,0.0,0.0,0.0,3.0,1.0,0.0,0.0,0.0,0.0,0.0,0.0,0.0,1.0,0.0,2.0,0.0,0.0,1.0,0.0,0.0,0.0,0.0,0.0,1.0,0.0,0.0,0.0,3.0,0.0,1.0,0.0,3.0,0.0,0.0,18.0,1.0,3.0,3.0,6.0,6.0,7.0,7.0,2.0,21.0
CHEMBL4458873,IC50,586.1,26.0,3.0,2.0,0.0,38.0,4.0,3.0,0.0,0.0,0.0,41.0,7.0,6.0,0.0,0.0,0.0,0.0,37.0,7.0,10.0,0.0,0.0,0.0,0.0,0.0,34.0,5.0,8.0,0.0,0.0,0.0,1.0,31.0,3.0,6.0,0.0,0.0,0.0,0.0,26.0,2.0,5.0,0.0,0.0,0.0,1.0,17.0,3.0,4.0,0.0,0.0,0.0,12.0,5.0,1.0,0.0,0.0,10.0,3.0,1.0,0.0,1.0,1.0,1.0,0.0,0.0,0.0,3.0,0.0,0.0,6.0,0.0,0.0,2.0,0.0,0.0,0.0,0.0,2.0,0.0,1.0,0.0,0.0,0.0,0.0,2.0,0.0,0.0,0.0,0.0,0.0,0.0,0.0,0.0,0.0,0.0,1.0,0.0,0.0,1.0,0.0,0.0,0.0,0.0,0.0,1.0,0.0,0.0,0.0,2.0,3.0,0.0,1.0,4.0,0.0,0.0,18.0,1.0,0.0,0.0,6.0,5.0,7.0,7.0,2.0,19.0
CHEMBL3716415,IC50,16000.0,16.0,8.0,1.0,2.0,22.0,9.0,1.0,3.0,0.0,1.0,17.0,12.0,3.0,1.0,0.0,0.0,1.0,15.0,10.0,4.0,2.0,0.0,0.0,1.0,0.0,16.0,4.0,3.0,1.0,0.0,2.0,2.0,15.0,6.0,2.0,3.0,0.0,0.0,1.0,17.0,5.0,2.0,0.0,0.0,0.0,0.0,9.0,9.0,2.0,0.0,0.0,0.0,9.0,3.0,0.0,1.0,2.0,6.0,3.0,0.0,2.0,1.0,5.0,3.0,2.0,1.0,3.0,0.0,2.0,2.0,7.0,1.0,0.0,5.0,1.0,2.0,0.0,0.0,0.0,0.0,5.0,1.0,0.0,0.0,0.0,0.0,3.0,2.0,0.0,0.0,0.0,0.0,0.0,3.0,3.0,1.0,5.0,2.0,0.0,3.0,3.0,1.0,1.0,0.0,0.0,4.0,2.0,0.0,0.0,1.0,0.0,2.0,1.0,3.0,1.0,3.0,14.0,4.0,0.0,0.0,2.0,11.0,11.0,11.0,4.0,16.0
CHEMBL3717532,IC50,63.0,16.0,14.0,1.0,2.0,22.0,17.0,1.0,3.0,0.0,2.0,18.0,15.0,3.0,2.0,0.0,3.0,2.0,17.0,15.0,4.0,4.0,0.0,0.0,1.0,1.0,22.0,5.0,2.0,1.0,0.0,4.0,3.0,15.0,17.0,2.0,3.0,0.0,0.0,0.0,17.0,14.0,1.0,0.0,0.0,0.0,0.0,12.0,11.0,2.0,0.0,4.0,0.0,14.0,7.0,0.0,2.0,1.0,12.0,5.0,2.0,1.0,2.0,7.0,4.0,3.0,1.0,2.0,0.0,2.0,1.0,10.0,0.0,0.0,7.0,0.0,0.0,2.0,0.0,0.0,0.0,5.0,0.0,0.0,2.0,1.0,0.0,3.0,1.0,0.0,0.0,0.0,0.0,0.0,1.0,4.0,1.0,6.0,1.0,0.0,8.0,6.0,2.0,2.0,0.0,0.0,7.0,3.0,0.0,0.0,1.0,0.0,3.0,0.0,2.0,2.0,4.0,14.0,6.0,0.0,0.0,2.0,17.0,16.0,16.0,4.0,17.0
CHEMBL3717466,IC50,550.0,17.0,8.0,2.0,2.0,22.0,10.0,3.0,3.0,0.0,1.0,17.0,13.0,5.0,1.0,0.0,0.0,0.0,16.0,8.0,5.0,0.0,0.0,0.0,2.0,2.0,14.0,9.0,6.0,2.0,0.0,1.0,1.0,19.0,4.0,3.0,2.0,0.0,0.0,2.0,17.0,6.0,4.0,3.0,0.0,0.0,0.0,16.0,6.0,4.0,0.0,1.0,0.0,8.0,6.0,4.0,1.0,1.0,8.0,2.0,1.0,1.0,1.0,6.0,3.0,2.0,1.0,3.0,0.0,2.0,2.0,8.0,1.0,0.0,5.0,1.0,2.0,0.0,0.0,0.0,0.0,5.0,1.0,0.0,0.0,0.0,0.0,3.0,2.0,0.0,0.0,0.0,0.0,0.0,3.0,3.0,1.0,5.0,2.0,0.0,3.0,3.0,1.0,1.0,0.0,0.0,4.0,2.0,0.0,0.0,2.0,0.0,3.0,1.0,2.0,1.0,3.0,14.0,4.0,0.0,0.0,2.0,12.0,14.0,14.0,6.0,16.0
CHEMBL4458265,IC50,25.1,27.0,3.0,2.0,0.0,38.0,4.0,3.0,0.0,0.0,0.0,40.0,8.0,6.0,0.0,0.0,0.0,0.0,37.0,6.0,9.0,0.0,0.0,0.0,0.0,0.0,33.0,5.0,8.0,0.0,0.0,0.0,1.0,29.0,3.0,6.0,0.0,0.0,0.0,0.0,24.0,2.0,4.0,0.0,0.0,0.0,1.0,18.0,3.0,5.0,0.0,0.0,0.0,14.0,6.0,1.0,0.0,0.0,13.0,3.0,1.0,0.0,0.0,2.0,0.0,0.0,0.0,0.0,1.0,0.0,0.0,6.0,2.0,0.0,4.0,2.0,1.0,0.0,0.0,2.0,0.0,3.0,0.0,0.0,0.0,0.0,3.0,1.0,0.0,0.0,0.0,0.0,0.0,0.0,0.0,1.0,0.0,2.0,0.0,0.0,1.0,0.0,0.0,0.0,0.0,0.0,1.0,0.0,0.0,0.0,2.0,1.0,1.0,0.0,3.0,0.0,0.0,18.0,1.0,3.0,3.0,6.0,5.0,7.0,7.0,2.0,21.0
CHEMBL3718349,IC50,100000.0,18.0,9.0,5.0,2.0,25.0,11.0,6.0,3.0,1.0,1.0,21.0,12.0,10.0,0.0,2.0,1.0,2.0,16.0,15.0,13.0,2.0,0.0,1.0,1.0,2.0,26.0,4.0,7.0,2.0,0.0,1.0,4.0,24.0,7.0,6.0,3.0,0.0,2.0,1.0,21.0,9.0,6.0,0.0,0.0,2.0,2.0,13.0,7.0,9.0,3.0,1.0,0.0,14.0,3.0,8.0,2.0,0.0,15.0,2.0,6.0,1.0,1.0,4.0,2.0,2.0,0.0,0.0,3.0,1.0,0.0,11.0,0.0,0.0,7.0,1.0,0.0,1.0,0.0,0.0,0.0,6.0,0.0,0.0,1.0,1.0,0.0,2.0,1.0,0.0,0.0,0.0,0.0,0.0,1.0,3.0,3.0,3.0,3.0,0.0,4.0,6.0,4.0,1.0,3.0,3.0,5.0,4.0,2.0,0.0,4.0,3.0,2.0,0.0,2.0,1.0,3.0,14.0,4.0,0.0,0.0,2.0,16.0,14.0,14.0,6.0,18.0
CHEMBL56543,Thermal melting change,0.7,17.0,3.0,3.0,0.0,21.0,3.0,5.0,0.0,0.0,0.0,16.0,6.0,7.0,0.0,0.0,0.0,0.0,13.0,4.0,5.0,0.0,0.0,0.0,1.0,1.0,12.0,6.0,6.0,0.0,0.0,0.0,0.0,12.0,5.0,7.0,0.0,0.0,0.0,0.0,11.0,4.0,4.0,0.0,0.0,0.0,1.0,11.0,2.0,1.0,0.0,0.0,2.0,10.0,1.0,2.0,0.0,0.0,8.0,0.0,3.0,0.0,0.0,1.0,0.0,0.0,0.0,1.0,0.0,1.0,0.0,5.0,0.0,0.0,2.0,0.0,0.0,0.0,2.0,0.0,0.0,1.0,0.0,0.0,0.0,0.0,0.0,0.0,0.0,0.0,0.0,0.0,0.0,0.0,0.0,0.0,0.0,1.0,0.0,0.0,1.0,1.0,0.0,0.0,0.0,0.0,2.0,1.0,0.0,0.0,3.0,0.0,0.0,0.0,1.0,0.0,0.0,12.0,0.0,0.0,0.0,4.0,6.0,6.0,6.0,5.0,16.0
CHEMBL97162,Thermal melting change,0.7,17.0,9.0,3.0,0.0,25.0,9.0,2.0,0.0,2.0,2.0,23.0,13.0,4.0,0.0,2.0,1.0,0.0,23.0,14.0,3.0,0.0,0.0,1.0,1.0,0.0,27.0,12.0,1.0,0.0,1.0,1.0,2.0,25.0,10.0,5.0,0.0,0.0,1.0,1.0,23.0,7.0,6.0,0.0,0.0,2.0,0.0,16.0,4.0,6.0,2.0,0.0,1.0,8.0,2.0,6.0,0.0,0.0,3.0,0.0,2.0,0.0,2.0,4.0,4.0,2.0,0.0,0.0,1.0,0.0,0.0,7.0,0.0,1.0,6.0,0.0,0.0,0.0,0.0,0.0,0.0,6.0,0.0,0.0,0.0,0.0,0.0,6.0,6.0,1.0,0.0,0.0,0.0,0.0,0.0,0.0,0.0,0.0,0.0,2.0,0.0,0.0,0.0,0.0,2.0,0.0,0.0,0.0,2.0,0.0,2.0,0.0,4.0,0.0,0.0,3.0,4.0,17.0,4.0,0.0,0.0,0.0,12.0,9.0,9.0,2.0,16.0
CHEMBL259526,Thermal melting change,-1.1,1.0,3.0,0.0,0.0,1.0,1.0,0.0,0.0,0.0,1.0,1.0,1.0,0.0,0.0,0.0,0.0,0.0,0.0,1.0,0.0,0.0,0.0,0.0,0.0,0.0,0.0,0.0,0.0,0.0,0.0,0.0,0.0,0.0,0.0,0.0,0.0,0.0,0.0,0.0,0.0,0.0,0.0,0.0,0.0,0.0,0.0,0.0,0.0,0.0,0.0,0.0,0.0,0.0,0.0,0.0,0.0,0.0,0.0,0.0,0.0,0.0,0.0,0.0,0.0,0.0,0.0,0.0,1.0,0.0,0.0,3.0,0.0,0.0,1.0,0.0,0.0,0.0,0.0,0.0,0.0,0.0,0.0,0.0,0.0,0.0,0.0,0.0,0.0,0.0,0.0,0.0,0.0,0.0,0.0,0.0,0.0,0.0,0.0,0.0,0.0,0.0,0.0,0.0,0.0,0.0,1.0,0.0,0.0,0.0,0.0,1.0,0.0,0.0,0.0,0.0,0.0,0.0,0.0,0.0,0.0,1.0,3.0,1.0,1.0,0.0,1.0
CHEMBL261720,Thermal melting change,-0.2,12.0,10.0,0.0,2.0,16.0,8.0,2.0,2.0,4.0,7.0,11.0,14.0,4.0,4.0,4.0,3.0,1.0,6.0,14.0,4.0,4.0,0.0,4.0,3.0,0.0,8.0,14.0,2.0,2.0,0.0,1.0,0.0,8.0,15.0,0.0,3.0,0.0,2.0,2.0,7.0,13.0,2.0,2.0,0.0,2.0,0.0,6.0,7.0,0.0,0.0,2.0,4.0,8.0,3.0,2.0,2.0,1.0,10.0,1.0,2.0,0.0,0.0,0.0,0.0,0.0,0.0,0.0,0.0,1.0,0.0,1.0,0.0,0.0,0.0,0.0,0.0,0.0,0.0,0.0,0.0,0.0,0.0,0.0,0.0,0.0,0.0,0.0,0.0,0.0,0.0,0.0,0.0,0.0,0.0,0.0,0.0,0.0,0.0,0.0,0.0,0.0,0.0,0.0,0.0,0.0,0.0,0.0,0.0,0.0,2.0,0.0,0.0,0.0,0.0,2.0,3.0,17.0,3.0,0.0,0.0,8.0,12.0,5.0,5.0,5.0,18.0
CHEMBL406375,Thermal melting change,-0.2,16.0,2.0,2.0,0.0,20.0,6.0,4.0,0.0,0.0,0.0,17.0,6.0,3.0,0.0,0.0,0.0,0.0,12.0,8.0,3.0,0.0,0.0,0.0,0.0,0.0,11.0,6.0,2.0,0.0,0.0,0.0,0.0,11.0,2.0,1.0,0.0,0.0,0.0,0.0,10.0,0.0,0.0,0.0,0.0,0.0,0.0,6.0,0.0,0.0,0.0,0.0,0.0,2.0,0.0,0.0,0.0,0.0,0.0,0.0,0.0,0.0,0.0,0.0,0.0,0.0,0.0,0.0,0.0,0.0,0.0,0.0,0.0,0.0,0.0,0.0,0.0,0.0,0.0,0.0,0.0,0.0,0.0,0.0,0.0,0.0,0.0,0.0,0.0,0.0,0.0,0.0,0.0,0.0,0.0,0.0,0.0,0.0,0.0,0.0,0.0,0.0,0.0,0.0,0.0,0.0,0.0,0.0,0.0,0.0,0.0,0.0,0.0,0.0,0.0,1.0,3.0,18.0,3.0,0.0,0.0,0.0,4.0,2.0,2.0,0.0,16.0
CHEMBL162,Thermal melting change,0.4,27.0,10.0,5.0,0.0,44.0,15.0,6.0,0.0,0.0,0.0,55.0,16.0,10.0,0.0,0.0,1.0,0.0,61.0,20.0,14.0,0.0,0.0,0.0,2.0,1.0,62.0,16.0,15.0,0.0,0.0,2.0,2.0,55.0,17.0,14.0,0.0,0.0,0.0,1.0,40.0,11.0,10.0,0.0,0.0,0.0,1.0,22.0,5.0,7.0,0.0,0.0,1.0,11.0,1.0,1.0,0.0,1.0,1.0,1.0,2.0,0.0,3.0,2.0,2.0,0.0,0.0,1.0,3.0,2.0,0.0,10.0,0.0,0.0,5.0,0.0,0.0,1.0,0.0,0.0,0.0,4.0,0.0,0.0,2.0,0.0,0.0,3.0,2.0,1.0,0.0,0.0,0.0,0.0,0.0,1.0,0.0,2.0,0.0,4.0,2.0,2.0,0.0,0.0,5.0,5.0,4.0,2.0,4.0,0.0,3.0,1.0,1.0,0.0,4.0,0.0,2.0,20.0,4.0,0.0,0.0,2.0,15.0,14.0,14.0,2.0,27.0
CHEMBL266487,Thermal melting change,-0.2,21.0,6.0,2.0,0.0,31.0,8.0,2.0,0.0,0.0,0.0,29.0,8.0,6.0,0.0,0.0,0.0,0.0,26.0,10.0,6.0,0.0,0.0,0.0,0.0,0.0,22.0,8.0,8.0,0.0,0.0,2.0,2.0,20.0,8.0,8.0,0.0,0.0,0.0,2.0,16.0,6.0,6.0,0.0,0.0,0.0,0.0,12.0,4.0,2.0,0.0,0.0,0.0,8.0,2.0,0.0,0.0,0.0,4.0,0.0,0.0,0.0,0.0,0.0,0.0,0.0,0.0,0.0,0.0,1.0,0.0,4.0,0.0,0.0,2.0,0.0,0.0,0.0,2.0,0.0,0.0,0.0,0.0,0.0,0.0,0.0,0.0,0.0,0.0,0.0,0.0,0.0,0.0,0.0,0.0,0.0,0.0,0.0,0.0,0.0,2.0,2.0,2.0,1.0,0.0,0.0,2.0,1.0,0.0,0.0,2.0,0.0,0.0,0.0,4.0,0.0,2.0,18.0,3.0,0.0,0.0,6.0,8.0,6.0,6.0,2.0,23.0
CHEMBL405992,Thermal melting change,-0.6,17.0,0.0,4.0,0.0,24.0,0.0,8.0,0.0,0.0,0.0,23.0,0.0,13.0,0.0,0.0,0.0,0.0,16.0,0.0,15.0,0.0,0.0,0.0,0.0,0.0,12.0,0.0,9.0,0.0,0.0,0.0,0.0,8.0,0.0,5.0,0.0,0.0,0.0,0.0,4.0,0.0,3.0,0.0,0.0,0.0,0.0,1.0,0.0,3.0,0.0,0.0,0.0,0.0,0.0,0.0,0.0,0.0,0.0,0.0,0.0,0.0,0.0,0.0,0.0,0.0,0.0,0.0,1.0,0.0,0.0,3.0,0.0,0.0,0.0,0.0,0.0,0.0,0.0,0.0,0.0,0.0,0.0,0.0,0.0,0.0,0.0,0.0,0.0,0.0,0.0,0.0,0.0,0.0,0.0,0.0,0.0,0.0,0.0,0.0,0.0,0.0,0.0,0.0,0.0,0.0,0.0,0.0,0.0,0.0,4.0,1.0,0.0,0.0,12.0,0.0,0.0,12.0,0.0,0.0,0.0,8.0,4.0,3.0,3.0,0.0,14.0
CHEMBL244948,Thermal melting change,-0.4,9.0,0.0,5.0,0.0,11.0,0.0,8.0,0.0,0.0,0.0,9.0,0.0,9.0,0.0,0.0,0.0,0.0,5.0,0.0,7.0,0.0,0.0,0.0,0.0,0.0,2.0,0.0,5.0,0.0,0.0,0.0,0.0,0.0,0.0,2.0,0.0,0.0,0.0,0.0,0.0,0.0,0.0,0.0,0.0,0.0,0.0,0.0,0.0,0.0,0.0,0.0,0.0,0.0,0.0,0.0,0.0,0.0,0.0,0.0,0.0,0.0,0.0,0.0,0.0,0.0,0.0,0.0,0.0,0.0,0.0,3.0,0.0,0.0,1.0,0.0,0.0,0.0,1.0,0.0,0.0,0.0,0.0,0.0,0.0,0.0,0.0,0.0,0.0,0.0,0.0,0.0,0.0,0.0,0.0,0.0,0.0,0.0,0.0,0.0,0.0,0.0,0.0,0.0,0.0,0.0,0.0,0.0,0.0,0.0,4.0,0.0,0.0,0.0,1.0,0.0,0.0,6.0,1.0,0.0,0.0,6.0,5.0,4.0,4.0,0.0,8.0
CHEMBL10,Thermal melting change,0.2,20.0,6.0,0.0,2.0,27.0,8.0,2.0,2.0,2.0,1.0,25.0,11.0,2.0,2.0,2.0,0.0,0.0,22.0,13.0,2.0,1.0,0.0,1.0,0.0,0.0,26.0,8.0,1.0,1.0,1.0,1.0,0.0,29.0,3.0,1.0,0.0,0.0,1.0,0.0,25.0,5.0,0.0,2.0,0.0,2.0,0.0,18.0,4.0,2.0,3.0,0.0,0.0,8.0,3.0,2.0,4.0,0.0,5.0,1.0,4.0,4.0,0.0,0.0,0.0,0.0,0.0,0.0,1.0,0.0,0.0,1.0,0.0,0.0,0.0,0.0,0.0,0.0,0.0,0.0,0.0,0.0,0.0,0.0,0.0,0.0,0.0,0.0,0.0,0.0,0.0,0.0,0.0,0.0,0.0,0.0,0.0,0.0,0.0,0.0,0.0,0.0,0.0,0.0,0.0,0.0,0.0,0.0,0.0,0.0,1.0,0.0,0.0,0.0,0.0,2.0,3.0,23.0,3.0,0.0,0.0,0.0,8.0,3.0,3.0,1.0,22.0
CHEMBL407391,Thermal melting change,0.5,2.0,11.0,0.0,0.0,8.0,6.0,0.0,0.0,0.0,4.0,4.0,9.0,0.0,0.0,0.0,3.0,0.0,5.0,5.0,0.0,0.0,0.0,0.0,3.0,0.0,2.0,4.0,0.0,0.0,0.0,0.0,0.0,0.0,0.0,0.0,0.0,0.0,0.0,0.0,0.0,0.0,0.0,0.0,0.0,0.0,0.0,0.0,0.0,0.0,0.0,0.0,0.0,0.0,0.0,0.0,0.0,0.0,0.0,0.0,0.0,0.0,0.0,0.0,0.0,0.0,0.0,0.0,2.0,0.0,0.0,2.0,0.0,0.0,0.0,0.0,0.0,0.0,0.0,0.0,0.0,0.0,0.0,0.0,0.0,0.0,0.0,0.0,0.0,0.0,0.0,0.0,0.0,0.0,0.0,0.0,0.0,0.0,0.0,0.0,0.0,0.0,0.0,0.0,0.0,0.0,2.0,1.0,0.0,0.0,0.0,0.0,0.0,0.0,0.0,3.0,4.0,9.0,4.0,0.0,0.0,0.0,11.0,4.0,4.0,1.0,7.0
CHEMBL258765,Thermal melting change,0.6,19.0,5.0,1.0,0.0,27.0,9.0,2.0,0.0,0.0,0.0,28.0,7.0,3.0,0.0,0.0,1.0,0.0,23.0,7.0,4.0,0.0,0.0,0.0,0.0,1.0,18.0,4.0,4.0,0.0,0.0,0.0,0.0,14.0,4.0,2.0,0.0,0.0,0.0,0.0,12.0,0.0,2.0,0.0,0.0,0.0,0.0,8.0,0.0,0.0,0.0,0.0,0.0,4.0,0.0,0.0,0.0,0.0,0.0,0.0,0.0,0.0,0.0,0.0,0.0,0.0,0.0,0.0,0.0,0.0,0.0,1.0,0.0,0.0,0.0,0.0,0.0,0.0,0.0,0.0,0.0,0.0,0.0,0.0,0.0,0.0,0.0,0.0,0.0,0.0,0.0,0.0,0.0,0.0,0.0,0.0,0.0,0.0,0.0,0.0,0.0,0.0,0.0,0.0,0.0,0.0,0.0,0.0,0.0,0.0,1.0,0.0,0.0,0.0,3.0,1.0,2.0,19.0,2.0,0.0,0.0,4.0,6.0,2.0,2.0,0.0,20.0
CHEMBL186526,Thermal melting change,0.4,21.0,7.0,3.0,0.0,29.0,8.0,4.0,0.0,0.0,0.0,25.0,11.0,8.0,0.0,0.0,0.0,0.0,20.0,8.0,9.0,0.0,0.0,0.0,1.0,0.0,23.0,5.0,8.0,0.0,0.0,1.0,1.0,24.0,5.0,4.0,0.0,0.0,0.0,3.0,23.0,6.0,4.0,0.0,0.0,0.0,0.0,20.0,6.0,4.0,0.0,0.0,0.0,16.0,3.0,7.0,0.0,1.0,13.0,4.0,5.0,0.0,0.0,0.0,0.0,0.0,0.0,0.0,3.0,2.0,0.0,5.0,0.0,0.0,0.0,0.0,0.0,0.0,0.0,0.0,0.0,0.0,0.0,0.0,0.0,0.0,0.0,0.0,0.0,0.0,0.0,0.0,0.0,0.0,0.0,0.0,0.0,0.0,0.0,0.0,0.0,0.0,0.0,0.0,0.0,0.0,4.0,1.0,0.0,0.0,3.0,1.0,0.0,0.0,4.0,0.0,0.0,18.0,0.0,0.0,0.0,4.0,10.0,8.0,8.0,7.0,23.0
CHEMBL14762,Thermal melting change,0.8,14.0,13.0,1.0,0.0,20.0,11.0,1.0,0.0,0.0,6.0,17.0,17.0,1.0,0.0,0.0,3.0,0.0,14.0,16.0,2.0,0.0,0.0,0.0,5.0,0.0,16.0,15.0,0.0,0.0,0.0,1.0,2.0,16.0,18.0,2.0,0.0,0.0,0.0,0.0,20.0,13.0,1.0,0.0,0.0,0.0,0.0,19.0,8.0,3.0,0.0,0.0,1.0,16.0,3.0,3.0,0.0,0.0,12.0,0.0,2.0,0.0,2.0,3.0,2.0,0.0,0.0,1.0,3.0,2.0,0.0,8.0,0.0,0.0,5.0,0.0,0.0,1.0,0.0,0.0,0.0,3.0,0.0,0.0,1.0,0.0,0.0,1.0,0.0,0.0,0.0,0.0,0.0,0.0,0.0,0.0,0.0,1.0,0.0,1.0,2.0,0.0,0.0,0.0,1.0,0.0,2.0,0.0,1.0,0.0,1.0,3.0,1.0,0.0,0.0,3.0,4.0,15.0,4.0,0.0,0.0,0.0,14.0,12.0,12.0,8.0,16.0
CHEMBL50,Thermal melting change,0.4,16.0,0.0,8.0,0.0,20.0,0.0,16.0,0.0,0.0,0.0,18.0,0.0,19.0,0.0,0.0,0.0,0.0,14.0,0.0,16.0,0.0,0.0,0.0,0.0,0.0,13.0,0.0,13.0,0.0,0.0,0.0,0.0,11.0,0.0,10.0,0.0,0.0,0.0,0.0,8.0,0.0,9.0,0.0,0.0,0.0,3.0,4.0,0.0,8.0,0.0,0.0,0.0,1.0,0.0,5.0,0.0,0.0,0.0,0.0,1.0,0.0,0.0,0.0,0.0,0.0,0.0,0.0,0.0,0.0,0.0,3.0,0.0,0.0,2.0,0.0,0.0,0.0,0.0,0.0,0.0,1.0,0.0,0.0,0.0,0.0,2.0,0.0,0.0,0.0,0.0,0.0,0.0,0.0,0.0,0.0,0.0,0.0,0.0,0.0,0.0,0.0,0.0,0.0,0.0,0.0,0.0,0.0,0.0,0.0,7.0,0.0,0.0,0.0,0.0,0.0,0.0,12.0,1.0,0.0,0.0,8.0,8.0,6.0,6.0,1.0,15.0
CHEMBL261692,Thermal melting change,0.1,11.0,6.0,1.0,0.0,16.0,6.0,1.0,0.0,0.0,1.0,13.0,5.0,3.0,0.0,0.0,0.0,0.0,10.0,5.0,3.0,0.0,0.0,0.0,0.0,0.0,7.0,5.0,3.0,0.0,0.0,1.0,1.0,5.0,5.0,1.0,0.0,0.0,0.0,1.0,3.0,3.0,0.0,0.0,0.0,0.0,0.0,1.0,1.0,0.0,0.0,0.0,0.0,0.0,0.0,0.0,0.0,0.0,0.0,0.0,0.0,0.0,0.0,0.0,0.0,0.0,0.0,0.0,0.0,1.0,0.0,3.0,0.0,0.0,1.0,0.0,0.0,0.0,1.0,0.0,0.0,0.0,0.0,0.0,0.0,0.0,1.0,0.0,0.0,0.0,0.0,0.0,0.0,0.0,0.0,0.0,0.0,0.0,0.0,0.0,1.0,0.0,0.0,0.0,0.0,0.0,1.0,0.0,0.0,0.0,1.0,0.0,0.0,0.0,1.0,1.0,2.0,11.0,3.0,0.0,0.0,5.0,7.0,5.0,5.0,1.0,14.0
CHEMBL437612,Thermal melting change,0.2,15.0,0.0,3.0,0.0,20.0,0.0,6.0,0.0,0.0,0.0,15.0,0.0,10.0,0.0,0.0,0.0,0.0,14.0,0.0,3.0,0.0,0.0,0.0,0.0,0.0,11.0,0.0,5.0,0.0,0.0,0.0,0.0,10.0,0.0,5.0,0.0,0.0,0.0,0.0,6.0,0.0,8.0,0.0,0.0,0.0,0.0,0.0,0.0,2.0,0.0,0.0,0.0,0.0,0.0,0.0,0.0,0.0,0.0,0.0,0.0,0.0,0.0,0.0,0.0,0.0,0.0,0.0,2.0,0.0,0.0,8.0,0.0,0.0,4.0,0.0,0.0,0.0,4.0,0.0,0.0,3.0,0.0,0.0,0.0,0.0,0.0,2.0,1.0,0.0,0.0,0.0,0.0,0.0,0.0,0.0,0.0,0.0,0.0,0.0,0.0,0.0,0.0,0.0,0.0,0.0,0.0,0.0,0.0,0.0,3.0,2.0,0.0,0.0,4.0,0.0,0.0,6.0,0.0,0.0,0.0,6.0,3.0,6.0,6.0,1.0,12.0
CHEMBL429298,Thermal melting change,0.0,14.0,4.0,0.0,1.0,17.0,5.0,2.0,4.0,2.0,0.0,18.0,4.0,8.0,5.0,3.0,1.0,0.0,12.0,3.0,10.0,4.0,3.0,3.0,0.0,0.0,13.0,4.0,8.0,1.0,1.0,0.0,2.0,14.0,3.0,2.0,0.0,0.0,0.0,0.0,11.0,3.0,0.0,0.0,2.0,2.0,0.0,5.0,3.0,0.0,2.0,0.0,0.0,1.0,1.0,0.0,0.0,0.0,0.0,0.0,0.0,0.0,0.0,5.0,0.0,3.0,2.0,2.0,0.0,1.0,0.0,5.0,0.0,0.0,3.0,0.0,0.0,0.0,0.0,0.0,0.0,1.0,0.0,0.0,0.0,0.0,0.0,0.0,0.0,0.0,0.0,0.0,0.0,0.0,0.0,0.0,0.0,2.0,0.0,0.0,4.0,4.0,0.0,2.0,0.0,0.0,4.0,2.0,0.0,0.0,2.0,0.0,1.0,0.0,0.0,0.0,0.0,10.0,2.0,0.0,0.0,4.0,5.0,7.0,7.0,2.0,13.0
CHEMBL278315,Thermal melting change,0.6,25.0,3.0,13.0,0.0,35.0,3.0,15.0,0.0,0.0,0.0,38.0,5.0,22.0,0.0,0.0,0.0,0.0,42.0,5.0,27.0,0.0,0.0,0.0,0.0,1.0,45.0,5.0,25.0,0.0,0.0,0.0,2.0,42.0,7.0,26.0,0.0,0.0,0.0,0.0,44.0,5.0,23.0,0.0,0.0,0.0,6.0,43.0,5.0,28.0,0.0,0.0,3.0,42.0,8.0,29.0,0.0,0.0,28.0,3.0,22.0,0.0,6.0,2.0,3.0,0.0,0.0,0.0,7.0,1.0,0.0,29.0,5.0,0.0,20.0,2.0,0.0,0.0,13.0,0.0,0.0,17.0,3.0,1.0,0.0,0.0,0.0,12.0,10.0,8.0,0.0,7.0,4.0,2.0,1.0,1.0,1.0,2.0,1.0,9.0,2.0,2.0,1.0,1.0,9.0,7.0,3.0,1.0,9.0,0.0,9.0,4.0,2.0,2.0,6.0,0.0,0.0,0.0,1.0,0.0,0.0,6.0,16.0,26.0,26.0,5.0,21.0
CHEMBL405759,Thermal melting change,0.6,17.0,7.0,3.0,0.0,23.0,7.0,5.0,0.0,0.0,2.0,17.0,12.0,7.0,0.0,0.0,0.0,0.0,17.0,8.0,3.0,0.0,0.0,0.0,1.0,2.0,18.0,9.0,2.0,0.0,0.0,1.0,0.0,16.0,11.0,3.0,0.0,0.0,0.0,1.0,12.0,8.0,5.0,0.0,0.0,0.0,0.0,10.0,4.0,2.0,0.0,1.0,3.0,10.0,1.0,1.0,0.0,0.0,8.0,2.0,2.0,0.0,0.0,0.0,0.0,0.0,0.0,0.0,0.0,0.0,0.0,0.0,0.0,0.0,0.0,0.0,0.0,0.0,0.0,0.0,0.0,0.0,0.0,0.0,0.0,0.0,0.0,0.0,0.0,0.0,0.0,0.0,0.0,0.0,0.0,0.0,0.0,0.0,0.0,0.0,0.0,0.0,0.0,0.0,0.0,0.0,0.0,0.0,0.0,0.0,2.0,0.0,0.0,0.0,0.0,2.0,3.0,21.0,3.0,0.0,0.0,0.0,10.0,4.0,4.0,2.0,19.0
CHEMBL413188,Thermal melting change,1.0,14.0,9.0,2.0,0.0,24.0,9.0,2.0,0.0,0.0,2.0,21.0,13.0,6.0,0.0,0.0,0.0,0.0,19.0,13.0,5.0,0.0,0.0,0.0,2.0,1.0,14.0,9.0,6.0,0.0,0.0,2.0,3.0,10.0,4.0,5.0,0.0,0.0,0.0,2.0,3.0,3.0,3.0,0.0,0.0,0.0,0.0,0.0,0.0,1.0,0.0,0.0,0.0,0.0,0.0,0.0,0.0,0.0,0.0,0.0,0.0,0.0,0.0,0.0,0.0,0.0,0.0,0.0,0.0,1.0,0.0,4.0,0.0,0.0,2.0,0.0,0.0,0.0,2.0,0.0,0.0,0.0,0.0,0.0,0.0,0.0,0.0,0.0,0.0,0.0,0.0,0.0,0.0,0.0,0.0,0.0,0.0,0.0,0.0,0.0,2.0,2.0,2.0,1.0,0.0,0.0,2.0,1.0,0.0,0.0,2.0,0.0,0.0,0.0,4.0,1.0,3.0,14.0,4.0,0.0,0.0,6.0,11.0,4.0,4.0,0.0,18.0
CHEMBL1642,Thermal melting change,0.8,24.0,16.0,1.0,1.0,36.0,15.0,4.0,0.0,0.0,3.0,33.0,19.0,3.0,0.0,0.0,1.0,0.0,26.0,17.0,4.0,0.0,0.0,0.0,2.0,0.0,29.0,19.0,3.0,0.0,0.0,0.0,0.0,33.0,9.0,2.0,0.0,0.0,0.0,1.0,30.0,11.0,2.0,0.0,0.0,0.0,0.0,27.0,12.0,2.0,0.0,0.0,2.0,21.0,15.0,4.0,0.0,0.0,22.0,9.0,2.0,0.0,0.0,5.0,0.0,2.0,0.0,0.0,3.0,2.0,0.0,9.0,0.0,0.0,2.0,0.0,0.0,0.0,0.0,0.0,0.0,0.0,0.0,0.0,0.0,0.0,0.0,0.0,0.0,0.0,0.0,0.0,0.0,0.0,0.0,0.0,0.0,0.0,0.0,0.0,4.0,8.0,0.0,2.0,0.0,0.0,7.0,6.0,0.0,0.0,4.0,1.0,0.0,0.0,2.0,3.0,3.0,24.0,5.0,0.0,0.0,2.0,18.0,16.0,16.0,7.0,27.0
CHEMBL359482,Thermal melting change,0.9,17.0,8.0,0.0,0.0,21.0,12.0,0.0,0.0,0.0,3.0,17.0,16.0,0.0,0.0,0.0,1.0,0.0,15.0,14.0,0.0,0.0,0.0,0.0,2.0,0.0,19.0,12.0,0.0,0.0,0.0,1.0,0.0,21.0,10.0,0.0,0.0,0.0,0.0,0.0,19.0,8.0,0.0,0.0,0.0,0.0,0.0,13.0,6.0,0.0,0.0,0.0,0.0,7.0,3.0,0.0,0.0,0.0,3.0,1.0,0.0,0.0,0.0,0.0,0.0,0.0,0.0,0.0,1.0,1.0,0.0,1.0,0.0,0.0,0.0,0.0,0.0,0.0,0.0,0.0,0.0,0.0,0.0,0.0,0.0,0.0,0.0,0.0,0.0,0.0,0.0,0.0,0.0,0.0,0.0,0.0,0.0,0.0,0.0,0.0,0.0,0.0,0.0,0.0,0.0,0.0,0.0,0.0,0.0,0.0,0.0,1.0,0.0,0.0,0.0,3.0,4.0,21.0,4.0,0.0,0.0,0.0,8.0,5.0,5.0,2.0,19.0
CHEMBL104264,Thermal melting change,0.6,19.0,5.0,0.0,1.0,23.0,6.0,2.0,3.0,2.0,0.0,21.0,5.0,6.0,4.0,2.0,1.0,0.0,14.0,7.0,8.0,3.0,0.0,1.0,0.0,0.0,11.0,8.0,6.0,1.0,1.0,0.0,2.0,11.0,5.0,2.0,1.0,0.0,1.0,2.0,10.0,6.0,2.0,1.0,0.0,1.0,0.0,9.0,6.0,2.0,0.0,0.0,0.0,10.0,2.0,2.0,2.0,1.0,10.0,2.0,4.0,2.0,0.0,3.0,0.0,1.0,2.0,3.0,0.0,2.0,0.0,5.0,0.0,0.0,2.0,0.0,0.0,0.0,1.0,0.0,0.0,0.0,0.0,0.0,0.0,0.0,0.0,0.0,0.0,0.0,0.0,0.0,0.0,0.0,0.0,0.0,0.0,0.0,0.0,0.0,3.0,2.0,0.0,1.0,0.0,0.0,3.0,1.0,0.0,0.0,2.0,0.0,0.0,0.0,0.0,1.0,1.0,16.0,1.0,0.0,0.0,6.0,6.0,7.0,7.0,8.0,20.0
CHEMBL274064,Thermal melting change,0.5,15.0,12.0,0.0,0.0,22.0,11.0,0.0,0.0,2.0,4.0,22.0,14.0,0.0,0.0,2.0,1.0,0.0,21.0,15.0,0.0,0.0,0.0,1.0,2.0,0.0,23.0,15.0,0.0,0.0,1.0,2.0,0.0,22.0,13.0,0.0,0.0,0.0,1.0,0.0,18.0,11.0,0.0,0.0,0.0,2.0,0.0,8.0,12.0,0.0,2.0,0.0,0.0,2.0,4.0,0.0,0.0,2.0,0.0,1.0,0.0,0.0,1.0,4.0,2.0,2.0,2.0,2.0,0.0,1.0,0.0,5.0,0.0,0.0,4.0,0.0,0.0,0.0,0.0,0.0,0.0,3.0,0.0,0.0,0.0,0.0,0.0,2.0,1.0,0.0,0.0,0.0,0.0,0.0,1.0,2.0,0.0,2.0,0.0,0.0,2.0,2.0,0.0,1.0,0.0,0.0,2.0,1.0,0.0,0.0,0.0,0.0,2.0,0.0,0.0,3.0,4.0,17.0,5.0,0.0,0.0,0.0,12.0,8.0,8.0,1.0,16.0
CHEMBL76904,Thermal melting change,0.4,10.0,2.0,2.0,0.0,12.0,2.0,4.0,0.0,0.0,0.0,9.0,4.0,4.0,0.0,0.0,0.0,0.0,7.0,2.0,3.0,0.0,0.0,0.0,1.0,0.0,5.0,4.0,2.0,0.0,0.0,0.0,0.0,2.0,4.0,3.0,0.0,0.0,0.0,0.0,0.0,2.0,2.0,0.0,0.0,0.0,0.0,0.0,0.0,0.0,0.0,0.0,2.0,0.0,0.0,0.0,0.0,0.0,0.0,0.0,0.0,0.0,0.0,0.0,0.0,0.0,0.0,0.0,0.0,0.0,0.0,4.0,0.0,0.0,2.0,0.0,0.0,0.0,2.0,0.0,0.0,1.0,0.0,0.0,0.0,0.0,0.0,0.0,0.0,0.0,0.0,0.0,0.0,0.0,0.0,0.0,0.0,0.0,0.0,0.0,0.0,0.0,0.0,0.0,0.0,0.0,0.0,0.0,0.0,0.0,2.0,0.0,0.0,0.0,0.0,0.0,0.0,6.0,0.0,0.0,0.0,4.0,4.0,3.0,3.0,1.0,8.0
CHEMBL56731,Thermal melting change,0.5,16.0,3.0,3.0,0.0,19.0,4.0,5.0,0.0,0.0,0.0,15.0,6.0,7.0,0.0,0.0,0.0,0.0,13.0,3.0,6.0,0.0,0.0,0.0,1.0,1.0,13.0,5.0,6.0,0.0,0.0,0.0,0.0,11.0,6.0,6.0,0.0,0.0,0.0,0.0,10.0,4.0,3.0,0.0,0.0,0.0,1.0,10.0,1.0,1.0,0.0,0.0,2.0,8.0,0.0,3.0,0.0,0.0,4.0,0.0,4.0,0.0,0.0,0.0,0.0,0.0,0.0,0.0,0.0,1.0,0.0,4.0,0.0,0.0,2.0,0.0,0.0,0.0,2.0,0.0,0.0,1.0,0.0,0.0,0.0,0.0,0.0,0.0,0.0,0.0,0.0,0.0,0.0,0.0,0.0,0.0,0.0,1.0,0.0,0.0,1.0,0.0,0.0,0.0,0.0,0.0,1.0,0.0,0.0,0.0,3.0,0.0,0.0,0.0,1.0,0.0,0.0,12.0,0.0,0.0,0.0,4.0,6.0,5.0,5.0,4.0,16.0
CHEMBL120077,Thermal melting change,0.2,17.0,4.0,4.0,0.0,24.0,8.0,4.0,0.0,2.0,1.0,21.0,10.0,4.0,0.0,2.0,1.0,0.0,16.0,10.0,6.0,0.0,0.0,1.0,0.0,0.0,16.0,9.0,4.0,0.0,1.0,0.0,1.0,15.0,7.0,2.0,0.0,0.0,1.0,2.0,14.0,3.0,0.0,0.0,0.0,2.0,0.0,10.0,3.0,2.0,2.0,0.0,0.0,8.0,0.0,4.0,0.0,0.0,6.0,0.0,4.0,0.0,0.0,1.0,0.0,0.0,0.0,0.0,2.0,1.0,0.0,3.0,0.0,0.0,0.0,0.0,0.0,0.0,0.0,0.0,0.0,0.0,0.0,0.0,0.0,0.0,0.0,0.0,0.0,0.0,0.0,0.0,0.0,0.0,0.0,0.0,0.0,0.0,0.0,0.0,0.0,0.0,0.0,0.0,0.0,0.0,0.0,0.0,2.0,0.0,2.0,0.0,1.0,0.0,0.0,1.0,2.0,17.0,2.0,0.0,0.0,0.0,8.0,8.0,8.0,4.0,17.0
CHEMBL3430786,Thermal melting change,-0.3,,,,,,,,,,,,,,,,,,,,,,,,,,,,,,,,,,,,,,,,,,,,,,,,,,,,,,,,,,,,,,,,,,,,,,,,,,,,,,,,,,,,,,,,,,,,,,,,,,,,,,,,,,,,,,,,,,,,,,,,,,,,,,
CHEMBL155333,Thermal melting change,-0.1,,,,,,,,,,,,,,,,,,,,,,,,,,,,,,,,,,,,,,,,,,,,,,,,,,,,,,,,,,,,,,,,,,,,,,,,,,,,,,,,,,,,,,,,,,,,,,,,,,,,,,,,,,,,,,,,,,,,,,,,,,,,,,
CHEMBL404939,Thermal melting change,-4.4,,,,,,,,,,,,,,,,,,,,,,,,,,,,,,,,,,,,,,,,,,,,,,,,,,,,,,,,,,,,,,,,,,,,,,,,,,,,,,,,,,,,,,,,,,,,,,,,,,,,,,,,,,,,,,,,,,,,,,,,,,,,,,
CHEMBL485070,Thermal melting change,0.5,,,,,,,,,,,,,,,,,,,,,,,,,,,,,,,,,,,,,,,,,,,,,,,,,,,,,,,,,,,,,,,,,,,,,,,,,,,,,,,,,,,,,,,,,,,,,,,,,,,,,,,,,,,,,,,,,,,,,,,,,,,,,,
CHEMBL264949,Thermal melting change,0.9,,,,,,,,,,,,,,,,,,,,,,,,,,,,,,,,,,,,,,,,,,,,,,,,,,,,,,,,,,,,,,,,,,,,,,,,,,,,,,,,,,,,,,,,,,,,,,,,,,,,,,,,,,,,,,,,,,,,,,,,,,,,,,
CHEMBL99203,Thermal melting change,0.0,,,,,,,,,,,,,,,,,,,,,,,,,,,,,,,,,,,,,,,,,,,,,,,,,,,,,,,,,,,,,,,,,,,,,,,,,,,,,,,,,,,,,,,,,,,,,,,,,,,,,,,,,,,,,,,,,,,,,,,,,,,,,,
CHEMBL29197,Thermal melting change,0.3,,,,,,,,,,,,,,,,,,,,,,,,,,,,,,,,,,,,,,,,,,,,,,,,,,,,,,,,,,,,,,,,,,,,,,,,,,,,,,,,,,,,,,,,,,,,,,,,,,,,,,,,,,,,,,,,,,,,,,,,,,,,,,
CHEMBL191384,Thermal melting change,0.8,,,,,,,,,,,,,,,,,,,,,,,,,,,,,,,,,,,,,,,,,,,,,,,,,,,,,,,,,,,,,,,,,,,,,,,,,,,,,,,,,,,,,,,,,,,,,,,,,,,,,,,,,,,,,,,,,,,,,,,,,,,,,,
CHEMBL375530,Thermal melting change,0.6,,,,,,,,,,,,,,,,,,,,,,,,,,,,,,,,,,,,,,,,,,,,,,,,,,,,,,,,,,,,,,,,,,,,,,,,,,,,,,,,,,,,,,,,,,,,,,,,,,,,,,,,,,,,,,,,,,,,,,,,,,,,,,
CHEMBL411645,Thermal melting change,-2.4,,,,,,,,,,,,,,,,,,,,,,,,,,,,,,,,,,,,,,,,,,,,,,,,,,,,,,,,,,,,,,,,,,,,,,,,,,,,,,,,,,,,,,,,,,,,,,,,,,,,,,,,,,,,,,,,,,,,,,,,,,,,,,
CHEMBL126077,Thermal melting change,0.5,,,,,,,,,,,,,,,,,,,,,,,,,,,,,,,,,,,,,,,,,,,,,,,,,,,,,,,,,,,,,,,,,,,,,,,,,,,,,,,,,,,,,,,,,,,,,,,,,,,,,,,,,,,,,,,,,,,,,,,,,,,,,,
CHEMBL416056,Thermal melting change,0.4,,,,,,,,,,,,,,,,,,,,,,,,,,,,,,,,,,,,,,,,,,,,,,,,,,,,,,,,,,,,,,,,,,,,,,,,,,,,,,,,,,,,,,,,,,,,,,,,,,,,,,,,,,,,,,,,,,,,,,,,,,,,,,
CHEMBL44,Thermal melting change,0.7,,,,,,,,,,,,,,,,,,,,,,,,,,,,,,,,,,,,,,,,,,,,,,,,,,,,,,,,,,,,,,,,,,,,,,,,,,,,,,,,,,,,,,,,,,,,,,,,,,,,,,,,,,,,,,,,,,,,,,,,,,,,,,
CHEMBL264406,Thermal melting change,0.5,,,,,,,,,,,,,,,,,,,,,,,,,,,,,,,,,,,,,,,,,,,,,,,,,,,,,,,,,,,,,,,,,,,,,,,,,,,,,,,,,,,,,,,,,,,,,,,,,,,,,,,,,,,,,,,,,,,,,,,,,,,,,,
CHEMBL103552,Thermal melting change,0.0,,,,,,,,,,,,,,,,,,,,,,,,,,,,,,,,,,,,,,,,,,,,,,,,,,,,,,,,,,,,,,,,,,,,,,,,,,,,,,,,,,,,,,,,,,,,,,,,,,,,,,,,,,,,,,,,,,,,,,,,,,,,,,
CHEMBL132904,Thermal melting change,-0.2,,,,,,,,,,,,,,,,,,,,,,,,,,,,,,,,,,,,,,,,,,,,,,,,,,,,,,,,,,,,,,,,,,,,,,,,,,,,,,,,,,,,,,,,,,,,,,,,,,,,,,,,,,,,,,,,,,,,,,,,,,,,,,
CHEMBL366266,Thermal melting change,0.8,,,,,,,,,,,,,,,,,,,,,,,,,,,,,,,,,,,,,,,,,,,,,,,,,,,,,,,,,,,,,,,,,,,,,,,,,,,,,,,,,,,,,,,,,,,,,,,,,,,,,,,,,,,,,,,,,,,,,,,,,,,,,,
CHEMBL13485,Thermal melting change,-0.4,,,,,,,,,,,,,,,,,,,,,,,,,,,,,,,,,,,,,,,,,,,,,,,,,,,,,,,,,,,,,,,,,,,,,,,,,,,,,,,,,,,,,,,,,,,,,,,,,,,,,,,,,,,,,,,,,,,,,,,,,,,,,,
CHEMBL278041,Thermal melting change,0.3,,,,,,,,,,,,,,,,,,,,,,,,,,,,,,,,,,,,,,,,,,,,,,,,,,,,,,,,,,,,,,,,,,,,,,,,,,,,,,,,,,,,,,,,,,,,,,,,,,,,,,,,,,,,,,,,,,,,,,,,,,,,,,
CHEMBL258726,Thermal melting change,-0.1,,,,,,,,,,,,,,,,,,,,,,,,,,,,,,,,,,,,,,,,,,,,,,,,,,,,,,,,,,,,,,,,,,,,,,,,,,,,,,,,,,,,,,,,,,,,,,,,,,,,,,,,,,,,,,,,,,,,,,,,,,,,,,
CHEMBL319620,Thermal melting change,0.0,,,,,,,,,,,,,,,,,,,,,,,,,,,,,,,,,,,,,,,,,,,,,,,,,,,,,,,,,,,,,,,,,,,,,,,,,,,,,,,,,,,,,,,,,,,,,,,,,,,,,,,,,,,,,,,,,,,,,,,,,,,,,,
CHEMBL104468,Thermal melting change,0.7,,,,,,,,,,,,,,,,,,,,,,,,,,,,,,,,,,,,,,,,,,,,,,,,,,,,,,,,,,,,,,,,,,,,,,,,,,,,,,,,,,,,,,,,,,,,,,,,,,,,,,,,,,,,,,,,,,,,,,,,,,,,,,
CHEMBL553,Thermal melting change,0.7,,,,,,,,,,,,,,,,,,,,,,,,,,,,,,,,,,,,,,,,,,,,,,,,,,,,,,,,,,,,,,,,,,,,,,,,,,,,,,,,,,,,,,,,,,,,,,,,,,,,,,,,,,,,,,,,,,,,,,,,,,,,,,
CHEMBL262615,Thermal melting change,0.2,,,,,,,,,,,,,,,,,,,,,,,,,,,,,,,,,,,,,,,,,,,,,,,,,,,,,,,,,,,,,,,,,,,,,,,,,,,,,,,,,,,,,,,,,,,,,,,,,,,,,,,,,,,,,,,,,,,,,,,,,,,,,,
CHEMBL260138,Thermal melting change,0.0,,,,,,,,,,,,,,,,,,,,,,,,,,,,,,,,,,,,,,,,,,,,,,,,,,,,,,,,,,,,,,,,,,,,,,,,,,,,,,,,,,,,,,,,,,,,,,,,,,,,,,,,,,,,,,,,,,,,,,,,,,,,,,
CHEMBL261641,Thermal melting change,0.1,,,,,,,,,,,,,,,,,,,,,,,,,,,,,,,,,,,,,,,,,,,,,,,,,,,,,,,,,,,,,,,,,,,,,,,,,,,,,,,,,,,,,,,,,,,,,,,,,,,,,,,,,,,,,,,,,,,,,,,,,,,,,,
CHEMBL111456,Thermal melting change,0.5,,,,,,,,,,,,,,,,,,,,,,,,,,,,,,,,,,,,,,,,,,,,,,,,,,,,,,,,,,,,,,,,,,,,,,,,,,,,,,,,,,,,,,,,,,,,,,,,,,,,,,,,,,,,,,,,,,,,,,,,,,,,,,
CHEMBL100473,Thermal melting change,-1.0,,,,,,,,,,,,,,,,,,,,,,,,,,,,,,,,,,,,,,,,,,,,,,,,,,,,,,,,,,,,,,,,,,,,,,,,,,,,,,,,,,,,,,,,,,,,,,,,,,,,,,,,,,,,,,,,,,,,,,,,,,,,,,
CHEMBL259551,Thermal melting change,0.2,,,,,,,,,,,,,,,,,,,,,,,,,,,,,,,,,,,,,,,,,,,,,,,,,,,,,,,,,,,,,,,,,,,,,,,,,,,,,,,,,,,,,,,,,,,,,,,,,,,,,,,,,,,,,,,,,,,,,,,,,,,,,,
CHEMBL35820,Thermal melting change,0.1,,,,,,,,,,,,,,,,,,,,,,,,,,,,,,,,,,,,,,,,,,,,,,,,,,,,,,,,,,,,,,,,,,,,,,,,,,,,,,,,,,,,,,,,,,,,,,,,,,,,,,,,,,,,,,,,,,,,,,,,,,,,,,
CHEMBL179583,Thermal melting change,0.9,,,,,,,,,,,,,,,,,,,,,,,,,,,,,,,,,,,,,,,,,,,,,,,,,,,,,,,,,,,,,,,,,,,,,,,,,,,,,,,,,,,,,,,,,,,,,,,,,,,,,,,,,,,,,,,,,,,,,,,,,,,,,,
CHEMBL127907,Thermal melting change,-0.1,,,,,,,,,,,,,,,,,,,,,,,,,,,,,,,,,,,,,,,,,,,,,,,,,,,,,,,,,,,,,,,,,,,,,,,,,,,,,,,,,,,,,,,,,,,,,,,,,,,,,,,,,,,,,,,,,,,,,,,,,,,,,,
CHEMBL361708,Thermal melting change,0.1,,,,,,,,,,,,,,,,,,,,,,,,,,,,,,,,,,,,,,,,,,,,,,,,,,,,,,,,,,,,,,,,,,,,,,,,,,,,,,,,,,,,,,,,,,,,,,,,,,,,,,,,,,,,,,,,,,,,,,,,,,,,,,
CHEMBL259388,Thermal melting change,-0.5,,,,,,,,,,,,,,,,,,,,,,,,,,,,,,,,,,,,,,,,,,,,,,,,,,,,,,,,,,,,,,,,,,,,,,,,,,,,,,,,,,,,,,,,,,,,,,,,,,,,,,,,,,,,,,,,,,,,,,,,,,,,,,
CHEMBL98350,Thermal melting change,-0.5,,,,,,,,,,,,,,,,,,,,,,,,,,,,,,,,,,,,,,,,,,,,,,,,,,,,,,,,,,,,,,,,,,,,,,,,,,,,,,,,,,,,,,,,,,,,,,,,,,,,,,,,,,,,,,,,,,,,,,,,,,,,,,
CHEMBL28,Thermal melting change,0.5,,,,,,,,,,,,,,,,,,,,,,,,,,,,,,,,,,,,,,,,,,,,,,,,,,,,,,,,,,,,,,,,,,,,,,,,,,,,,,,,,,,,,,,,,,,,,,,,,,,,,,,,,,,,,,,,,,,,,,,,,,,,,,
CHEMBL50894,Thermal melting change,0.1,,,,,,,,,,,,,,,,,,,,,,,,,,,,,,,,,,,,,,,,,,,,,,,,,,,,,,,,,,,,,,,,,,,,,,,,,,,,,,,,,,,,,,,,,,,,,,,,,,,,,,,,,,,,,,,,,,,,,,,,,,,,,,
CHEMBL430226,Thermal melting change,-0.3,,,,,,,,,,,,,,,,,,,,,,,,,,,,,,,,,,,,,,,,,,,,,,,,,,,,,,,,,,,,,,,,,,,,,,,,,,,,,,,,,,,,,,,,,,,,,,,,,,,,,,,,,,,,,,,,,,,,,,,,,,,,,,
CHEMBL288064,Thermal melting change,0.3,,,,,,,,,,,,,,,,,,,,,,,,,,,,,,,,,,,,,,,,,,,,,,,,,,,,,,,,,,,,,,,,,,,,,,,,,,,,,,,,,,,,,,,,,,,,,,,,,,,,,,,,,,,,,,,,,,,,,,,,,,,,,,
CHEMBL17331,Thermal melting change,0.3,,,,,,,,,,,,,,,,,,,,,,,,,,,,,,,,,,,,,,,,,,,,,,,,,,,,,,,,,,,,,,,,,,,,,,,,,,,,,,,,,,,,,,,,,,,,,,,,,,,,,,,,,,,,,,,,,,,,,,,,,,,,,,
CHEMBL501822,Thermal melting change,0.6,,,,,,,,,,,,,,,,,,,,,,,,,,,,,,,,,,,,,,,,,,,,,,,,,,,,,,,,,,,,,,,,,,,,,,,,,,,,,,,,,,,,,,,,,,,,,,,,,,,,,,,,,,,,,,,,,,,,,,,,,,,,,,
CHEMBL75680,Thermal melting change,0.7,,,,,,,,,,,,,,,,,,,,,,,,,,,,,,,,,,,,,,,,,,,,,,,,,,,,,,,,,,,,,,,,,,,,,,,,,,,,,,,,,,,,,,,,,,,,,,,,,,,,,,,,,,,,,,,,,,,,,,,,,,,,,,
CHEMBL259850,Thermal melting change,0.3,,,,,,,,,,,,,,,,,,,,,,,,,,,,,,,,,,,,,,,,,,,,,,,,,,,,,,,,,,,,,,,,,,,,,,,,,,,,,,,,,,,,,,,,,,,,,,,,,,,,,,,,,,,,,,,,,,,,,,,,,,,,,,
CHEMBL419931,Thermal melting change,0.7,,,,,,,,,,,,,,,,,,,,,,,,,,,,,,,,,,,,,,,,,,,,,,,,,,,,,,,,,,,,,,,,,,,,,,,,,,,,,,,,,,,,,,,,,,,,,,,,,,,,,,,,,,,,,,,,,,,,,,,,,,,,,,
CHEMBL3430785,Thermal melting change,-1.2,,,,,,,,,,,,,,,,,,,,,,,,,,,,,,,,,,,,,,,,,,,,,,,,,,,,,,,,,,,,,,,,,,,,,,,,,,,,,,,,,,,,,,,,,,,,,,,,,,,,,,,,,,,,,,,,,,,,,,,,,,,,,,
CHEMBL406845,Thermal melting change,0.7,,,,,,,,,,,,,,,,,,,,,,,,,,,,,,,,,,,,,,,,,,,,,,,,,,,,,,,,,,,,,,,,,,,,,,,,,,,,,,,,,,,,,,,,,,,,,,,,,,,,,,,,,,,,,,,,,,,,,,,,,,,,,,
CHEMBL264685,Thermal melting change,0.8,,,,,,,,,,,,,,,,,,,,,,,,,,,,,,,,,,,,,,,,,,,,,,,,,,,,,,,,,,,,,,,,,,,,,,,,,,,,,,,,,,,,,,,,,,,,,,,,,,,,,,,,,,,,,,,,,,,,,,,,,,,,,,
CHEMBL440411,Thermal melting change,0.4,,,,,,,,,,,,,,,,,,,,,,,,,,,,,,,,,,,,,,,,,,,,,,,,,,,,,,,,,,,,,,,,,,,,,,,,,,,,,,,,,,,,,,,,,,,,,,,,,,,,,,,,,,,,,,,,,,,,,,,,,,,,,,
CHEMBL123,Thermal melting change,0.3,,,,,,,,,,,,,,,,,,,,,,,,,,,,,,,,,,,,,,,,,,,,,,,,,,,,,,,,,,,,,,,,,,,,,,,,,,,,,,,,,,,,,,,,,,,,,,,,,,,,,,,,,,,,,,,,,,,,,,,,,,,,,,
CHEMBL177820,Thermal melting change,-0.3,,,,,,,,,,,,,,,,,,,,,,,,,,,,,,,,,,,,,,,,,,,,,,,,,,,,,,,,,,,,,,,,,,,,,,,,,,,,,,,,,,,,,,,,,,,,,,,,,,,,,,,,,,,,,,,,,,,,,,,,,,,,,,
CHEMBL408953,Thermal melting change,0.9,,,,,,,,,,,,,,,,,,,,,,,,,,,,,,,,,,,,,,,,,,,,,,,,,,,,,,,,,,,,,,,,,,,,,,,,,,,,,,,,,,,,,,,,,,,,,,,,,,,,,,,,,,,,,,,,,,,,,,,,,,,,,,
CHEMBL261849,Thermal melting change,-0.1,,,,,,,,,,,,,,,,,,,,,,,,,,,,,,,,,,,,,,,,,,,,,,,,,,,,,,,,,,,,,,,,,,,,,,,,,,,,,,,,,,,,,,,,,,,,,,,,,,,,,,,,,,,,,,,,,,,,,,,,,,,,,,
CHEMBL408982,Thermal melting change,1.1,,,,,,,,,,,,,,,,,,,,,,,,,,,,,,,,,,,,,,,,,,,,,,,,,,,,,,,,,,,,,,,,,,,,,,,,,,,,,,,,,,,,,,,,,,,,,,,,,,,,,,,,,,,,,,,,,,,,,,,,,,,,,,
CHEMBL101797,Thermal melting change,-0.5,,,,,,,,,,,,,,,,,,,,,,,,,,,,,,,,,,,,,,,,,,,,,,,,,,,,,,,,,,,,,,,,,,,,,,,,,,,,,,,,,,,,,,,,,,,,,,,,,,,,,,,,,,,,,,,,,,,,,,,,,,,,,,
CHEMBL304428,Thermal melting change,-0.3,,,,,,,,,,,,,,,,,,,,,,,,,,,,,,,,,,,,,,,,,,,,,,,,,,,,,,,,,,,,,,,,,,,,,,,,,,,,,,,,,,,,,,,,,,,,,,,,,,,,,,,,,,,,,,,,,,,,,,,,,,,,,,
CHEMBL573339,Thermal melting change,0.5,,,,,,,,,,,,,,,,,,,,,,,,,,,,,,,,,,,,,,,,,,,,,,,,,,,,,,,,,,,,,,,,,,,,,,,,,,,,,,,,,,,,,,,,,,,,,,,,,,,,,,,,,,,,,,,,,,,,,,,,,,,,,,
CHEMBL605003,Thermal melting change,1.0,,,,,,,,,,,,,,,,,,,,,,,,,,,,,,,,,,,,,,,,,,,,,,,,,,,,,,,,,,,,,,,,,,,,,,,,,,,,,,,,,,,,,,,,,,,,,,,,,,,,,,,,,,,,,,,,,,,,,,,,,,,,,,
CHEMBL258805,Thermal melting change,0.0,,,,,,,,,,,,,,,,,,,,,,,,,,,,,,,,,,,,,,,,,,,,,,,,,,,,,,,,,,,,,,,,,,,,,,,,,,,,,,,,,,,,,,,,,,,,,,,,,,,,,,,,,,,,,,,,,,,,,,,,,,,,,,
CHEMBL410456,Thermal melting change,-1.4,,,,,,,,,,,,,,,,,,,,,,,,,,,,,,,,,,,,,,,,,,,,,,,,,,,,,,,,,,,,,,,,,,,,,,,,,,,,,,,,,,,,,,,,,,,,,,,,,,,,,,,,,,,,,,,,,,,,,,,,,,,,,,
CHEMBL541401,Thermal melting change,-0.6,,,,,,,,,,,,,,,,,,,,,,,,,,,,,,,,,,,,,,,,,,,,,,,,,,,,,,,,,,,,,,,,,,,,,,,,,,,,,,,,,,,,,,,,,,,,,,,,,,,,,,,,,,,,,,,,,,,,,,,,,,,,,,
CHEMBL255465,Thermal melting change,-0.4,,,,,,,,,,,,,,,,,,,,,,,,,,,,,,,,,,,,,,,,,,,,,,,,,,,,,,,,,,,,,,,,,,,,,,,,,,,,,,,,,,,,,,,,,,,,,,,,,,,,,,,,,,,,,,,,,,,,,,,,,,,,,,
CHEMBL559147,Thermal melting change,0.9,,,,,,,,,,,,,,,,,,,,,,,,,,,,,,,,,,,,,,,,,,,,,,,,,,,,,,,,,,,,,,,,,,,,,,,,,,,,,,,,,,,,,,,,,,,,,,,,,,,,,,,,,,,,,,,,,,,,,,,,,,,,,,
CHEMBL406381,Thermal melting change,0.2,,,,,,,,,,,,,,,,,,,,,,,,,,,,,,,,,,,,,,,,,,,,,,,,,,,,,,,,,,,,,,,,,,,,,,,,,,,,,,,,,,,,,,,,,,,,,,,,,,,,,,,,,,,,,,,,,,,,,,,,,,,,,,
CHEMBL116438,Thermal melting change,0.7,,,,,,,,,,,,,,,,,,,,,,,,,,,,,,,,,,,,,,,,,,,,,,,,,,,,,,,,,,,,,,,,,,,,,,,,,,,,,,,,,,,,,,,,,,,,,,,,,,,,,,,,,,,,,,,,,,,,,,,,,,,,,,
CHEMBL7724,Thermal melting change,-0.6,,,,,,,,,,,,,,,,,,,,,,,,,,,,,,,,,,,,,,,,,,,,,,,,,,,,,,,,,,,,,,,,,,,,,,,,,,,,,,,,,,,,,,,,,,,,,,,,,,,,,,,,,,,,,,,,,,,,,,,,,,,,,,
CHEMBL261131,Thermal melting change,0.1,,,,,,,,,,,,,,,,,,,,,,,,,,,,,,,,,,,,,,,,,,,,,,,,,,,,,,,,,,,,,,,,,,,,,,,,,,,,,,,,,,,,,,,,,,,,,,,,,,,,,,,,,,,,,,,,,,,,,,,,,,,,,,
CHEMBL83980,Thermal melting change,0.2,,,,,,,,,,,,,,,,,,,,,,,,,,,,,,,,,,,,,,,,,,,,,,,,,,,,,,,,,,,,,,,,,,,,,,,,,,,,,,,,,,,,,,,,,,,,,,,,,,,,,,,,,,,,,,,,,,,,,,,,,,,,,,
CHEMBL228043,Thermal melting change,0.8,,,,,,,,,,,,,,,,,,,,,,,,,,,,,,,,,,,,,,,,,,,,,,,,,,,,,,,,,,,,,,,,,,,,,,,,,,,,,,,,,,,,,,,,,,,,,,,,,,,,,,,,,,,,,,,,,,,,,,,,,,,,,,
CHEMBL411901,Thermal melting change,0.0,,,,,,,,,,,,,,,,,,,,,,,,,,,,,,,,,,,,,,,,,,,,,,,,,,,,,,,,,,,,,,,,,,,,,,,,,,,,,,,,,,,,,,,,,,,,,,,,,,,,,,,,,,,,,,,,,,,,,,,,,,,,,,
CHEMBL21156,Thermal melting change,-0.6,,,,,,,,,,,,,,,,,,,,,,,,,,,,,,,,,,,,,,,,,,,,,,,,,,,,,,,,,,,,,,,,,,,,,,,,,,,,,,,,,,,,,,,,,,,,,,,,,,,,,,,,,,,,,,,,,,,,,,,,,,,,,,
CHEMBL435734,Thermal melting change,-0.7,,,,,,,,,,,,,,,,,,,,,,,,,,,,,,,,,,,,,,,,,,,,,,,,,,,,,,,,,,,,,,,,,,,,,,,,,,,,,,,,,,,,,,,,,,,,,,,,,,,,,,,,,,,,,,,,,,,,,,,,,,,,,,
CHEMBL382590,Thermal melting change,0.3,,,,,,,,,,,,,,,,,,,,,,,,,,,,,,,,,,,,,,,,,,,,,,,,,,,,,,,,,,,,,,,,,,,,,,,,,,,,,,,,,,,,,,,,,,,,,,,,,,,,,,,,,,,,,,,,,,,,,,,,,,,,,,
CHEMBL408565,Thermal melting change,1.0,,,,,,,,,,,,,,,,,,,,,,,,,,,,,,,,,,,,,,,,,,,,,,,,,,,,,,,,,,,,,,,,,,,,,,,,,,,,,,,,,,,,,,,,,,,,,,,,,,,,,,,,,,,,,,,,,,,,,,,,,,,,,,
CHEMBL319467,Thermal melting change,0.9,,,,,,,,,,,,,,,,,,,,,,,,,,,,,,,,,,,,,,,,,,,,,,,,,,,,,,,,,,,,,,,,,,,,,,,,,,,,,,,,,,,,,,,,,,,,,,,,,,,,,,,,,,,,,,,,,,,,,,,,,,,,,,
CHEMBL1373282,Thermal melting change,0.1,,,,,,,,,,,,,,,,,,,,,,,,,,,,,,,,,,,,,,,,,,,,,,,,,,,,,,,,,,,,,,,,,,,,,,,,,,,,,,,,,,,,,,,,,,,,,,,,,,,,,,,,,,,,,,,,,,,,,,,,,,,,,,
CHEMBL1255867,Thermal melting change,-0.2,,,,,,,,,,,,,,,,,,,,,,,,,,,,,,,,,,,,,,,,,,,,,,,,,,,,,,,,,,,,,,,,,,,,,,,,,,,,,,,,,,,,,,,,,,,,,,,,,,,,,,,,,,,,,,,,,,,,,,,,,,,,,,
CHEMBL409450,Thermal melting change,1.1,,,,,,,,,,,,,,,,,,,,,,,,,,,,,,,,,,,,,,,,,,,,,,,,,,,,,,,,,,,,,,,,,,,,,,,,,,,,,,,,,,,,,,,,,,,,,,,,,,,,,,,,,,,,,,,,,,,,,,,,,,,,,,
CHEMBL3430783,Thermal melting change,0.6,,,,,,,,,,,,,,,,,,,,,,,,,,,,,,,,,,,,,,,,,,,,,,,,,,,,,,,,,,,,,,,,,,,,,,,,,,,,,,,,,,,,,,,,,,,,,,,,,,,,,,,,,,,,,,,,,,,,,,,,,,,,,,
CHEMBL406821,Thermal melting change,1.0,,,,,,,,,,,,,,,,,,,,,,,,,,,,,,,,,,,,,,,,,,,,,,,,,,,,,,,,,,,,,,,,,,,,,,,,,,,,,,,,,,,,,,,,,,,,,,,,,,,,,,,,,,,,,,,,,,,,,,,,,,,,,,
CHEMBL86943,Thermal melting change,0.3,,,,,,,,,,,,,,,,,,,,,,,,,,,,,,,,,,,,,,,,,,,,,,,,,,,,,,,,,,,,,,,,,,,,,,,,,,,,,,,,,,,,,,,,,,,,,,,,,,,,,,,,,,,,,,,,,,,,,,,,,,,,,,
CHEMBL7064,Thermal melting change,0.8,,,,,,,,,,,,,,,,,,,,,,,,,,,,,,,,,,,,,,,,,,,,,,,,,,,,,,,,,,,,,,,,,,,,,,,,,,,,,,,,,,,,,,,,,,,,,,,,,,,,,,,,,,,,,,,,,,,,,,,,,,,,,,
CHEMBL296586,Thermal melting change,-2.0,,,,,,,,,,,,,,,,,,,,,,,,,,,,,,,,,,,,,,,,,,,,,,,,,,,,,,,,,,,,,,,,,,,,,,,,,,,,,,,,,,,,,,,,,,,,,,,,,,,,,,,,,,,,,,,,,,,,,,,,,,,,,,
CHEMBL97453,Thermal melting change,0.0,,,,,,,,,,,,,,,,,,,,,,,,,,,,,,,,,,,,,,,,,,,,,,,,,,,,,,,,,,,,,,,,,,,,,,,,,,,,,,,,,,,,,,,,,,,,,,,,,,,,,,,,,,,,,,,,,,,,,,,,,,,,,,
CHEMBL939,Thermal melting change,0.6,,,,,,,,,,,,,,,,,,,,,,,,,,,,,,,,,,,,,,,,,,,,,,,,,,,,,,,,,,,,,,,,,,,,,,,,,,,,,,,,,,,,,,,,,,,,,,,,,,,,,,,,,,,,,,,,,,,,,,,,,,,,,,
CHEMBL414883,Thermal melting change,0.2,,,,,,,,,,,,,,,,,,,,,,,,,,,,,,,,,,,,,,,,,,,,,,,,,,,,,,,,,,,,,,,,,,,,,,,,,,,,,,,,,,,,,,,,,,,,,,,,,,,,,,,,,,,,,,,,,,,,,,,,,,,,,,
CHEMBL1591531,Thermal melting change,-0.1,,,,,,,,,,,,,,,,,,,,,,,,,,,,,,,,,,,,,,,,,,,,,,,,,,,,,,,,,,,,,,,,,,,,,,,,,,,,,,,,,,,,,,,,,,,,,,,,,,,,,,,,,,,,,,,,,,,,,,,,,,,,,,
CHEMBL258893,Thermal melting change,-0.4,,,,,,,,,,,,,,,,,,,,,,,,,,,,,,,,,,,,,,,,,,,,,,,,,,,,,,,,,,,,,,,,,,,,,,,,,,,,,,,,,,,,,,,,,,,,,,,,,,,,,,,,,,,,,,,,,,,,,,,,,,,,,,
CHEMBL7463,Thermal melting change,0.2,,,,,,,,,,,,,,,,,,,,,,,,,,,,,,,,,,,,,,,,,,,,,,,,,,,,,,,,,,,,,,,,,,,,,,,,,,,,,,,,,,,,,,,,,,,,,,,,,,,,,,,,,,,,,,,,,,,,,,,,,,,,,,
CHEMBL69863,Thermal melting change,0.0,,,,,,,,,,,,,,,,,,,,,,,,,,,,,,,,,,,,,,,,,,,,,,,,,,,,,,,,,,,,,,,,,,,,,,,,,,,,,,,,,,,,,,,,,,,,,,,,,,,,,,,,,,,,,,,,,,,,,,,,,,,,,,
CHEMBL261237,Thermal melting change,-0.4,,,,,,,,,,,,,,,,,,,,,,,,,,,,,,,,,,,,,,,,,,,,,,,,,,,,,,,,,,,,,,,,,,,,,,,,,,,,,,,,,,,,,,,,,,,,,,,,,,,,,,,,,,,,,,,,,,,,,,,,,,,,,,
CHEMBL3430782,Thermal melting change,-0.1,,,,,,,,,,,,,,,,,,,,,,,,,,,,,,,,,,,,,,,,,,,,,,,,,,,,,,,,,,,,,,,,,,,,,,,,,,,,,,,,,,,,,,,,,,,,,,,,,,,,,,,,,,,,,,,,,,,,,,,,,,,,,,
CHEMBL35482,Thermal melting change,1.2,,,,,,,,,,,,,,,,,,,,,,,,,,,,,,,,,,,,,,,,,,,,,,,,,,,,,,,,,,,,,,,,,,,,,,,,,,,,,,,,,,,,,,,,,,,,,,,,,,,,,,,,,,,,,,,,,,,,,,,,,,,,,,
CHEMBL558969,Thermal melting change,0.5,,,,,,,,,,,,,,,,,,,,,,,,,,,,,,,,,,,,,,,,,,,,,,,,,,,,,,,,,,,,,,,,,,,,,,,,,,,,,,,,,,,,,,,,,,,,,,,,,,,,,,,,,,,,,,,,,,,,,,,,,,,,,,
CHEMBL328216,Thermal melting change,-0.2,,,,,,,,,,,,,,,,,,,,,,,,,,,,,,,,,,,,,,,,,,,,,,,,,,,,,,,,,,,,,,,,,,,,,,,,,,,,,,,,,,,,,,,,,,,,,,,,,,,,,,,,,,,,,,,,,,,,,,,,,,,,,,
CHEMBL24338,Thermal melting change,-0.4,,,,,,,,,,,,,,,,,,,,,,,,,,,,,,,,,,,,,,,,,,,,,,,,,,,,,,,,,,,,,,,,,,,,,,,,,,,,,,,,,,,,,,,,,,,,,,,,,,,,,,,,,,,,,,,,,,,,,,,,,,,,,,
CHEMBL3430781,Thermal melting change,-0.8,,,,,,,,,,,,,,,,,,,,,,,,,,,,,,,,,,,,,,,,,,,,,,,,,,,,,,,,,,,,,,,,,,,,,,,,,,,,,,,,,,,,,,,,,,,,,,,,,,,,,,,,,,,,,,,,,,,,,,,,,,,,,,
CHEMBL404941,Thermal melting change,0.5,,,,,,,,,,,,,,,,,,,,,,,,,,,,,,,,,,,,,,,,,,,,,,,,,,,,,,,,,,,,,,,,,,,,,,,,,,,,,,,,,,,,,,,,,,,,,,,,,,,,,,,,,,,,,,,,,,,,,,,,,,,,,,
CHEMBL80713,Thermal melting change,0.7,,,,,,,,,,,,,,,,,,,,,,,,,,,,,,,,,,,,,,,,,,,,,,,,,,,,,,,,,,,,,,,,,,,,,,,,,,,,,,,,,,,,,,,,,,,,,,,,,,,,,,,,,,,,,,,,,,,,,,,,,,,,,,
CHEMBL407534,Thermal melting change,0.8,,,,,,,,,,,,,,,,,,,,,,,,,,,,,,,,,,,,,,,,,,,,,,,,,,,,,,,,,,,,,,,,,,,,,,,,,,,,,,,,,,,,,,,,,,,,,,,,,,,,,,,,,,,,,,,,,,,,,,,,,,,,,,
CHEMBL216543,Thermal melting change,0.0,,,,,,,,,,,,,,,,,,,,,,,,,,,,,,,,,,,,,,,,,,,,,,,,,,,,,,,,,,,,,,,,,,,,,,,,,,,,,,,,,,,,,,,,,,,,,,,,,,,,,,,,,,,,,,,,,,,,,,,,,,,,,,
CHEMBL91829,Thermal melting change,0.9,,,,,,,,,,,,,,,,,,,,,,,,,,,,,,,,,,,,,,,,,,,,,,,,,,,,,,,,,,,,,,,,,,,,,,,,,,,,,,,,,,,,,,,,,,,,,,,,,,,,,,,,,,,,,,,,,,,,,,,,,,,,,,
CHEMBL3430787,Thermal melting change,-0.6,,,,,,,,,,,,,,,,,,,,,,,,,,,,,,,,,,,,,,,,,,,,,,,,,,,,,,,,,,,,,,,,,,,,,,,,,,,,,,,,,,,,,,,,,,,,,,,,,,,,,,,,,,,,,,,,,,,,,,,,,,,,,,
CHEMBL111364,Thermal melting change,0.4,,,,,,,,,,,,,,,,,,,,,,,,,,,,,,,,,,,,,,,,,,,,,,,,,,,,,,,,,,,,,,,,,,,,,,,,,,,,,,,,,,,,,,,,,,,,,,,,,,,,,,,,,,,,,,,,,,,,,,,,,,,,,,
CHEMBL261508,Thermal melting change,-0.2,,,,,,,,,,,,,,,,,,,,,,,,,,,,,,,,,,,,,,,,,,,,,,,,,,,,,,,,,,,,,,,,,,,,,,,,,,,,,,,,,,,,,,,,,,,,,,,,,,,,,,,,,,,,,,,,,,,,,,,,,,,,,,
CHEMBL259389,Thermal melting change,0.5,,,,,,,,,,,,,,,,,,,,,,,,,,,,,,,,,,,,,,,,,,,,,,,,,,,,,,,,,,,,,,,,,,,,,,,,,,,,,,,,,,,,,,,,,,,,,,,,,,,,,,,,,,,,,,,,,,,,,,,,,,,,,,
CHEMBL535,Thermal melting change,0.4,,,,,,,,,,,,,,,,,,,,,,,,,,,,,,,,,,,,,,,,,,,,,,,,,,,,,,,,,,,,,,,,,,,,,,,,,,,,,,,,,,,,,,,,,,,,,,,,,,,,,,,,,,,,,,,,,,,,,,,,,,,,,,
CHEMBL372585,Thermal melting change,-0.8,,,,,,,,,,,,,,,,,,,,,,,,,,,,,,,,,,,,,,,,,,,,,,,,,,,,,,,,,,,,,,,,,,,,,,,,,,,,,,,,,,,,,,,,,,,,,,,,,,,,,,,,,,,,,,,,,,,,,,,,,,,,,,
CHEMBL143054,Thermal melting change,0.6,,,,,,,,,,,,,,,,,,,,,,,,,,,,,,,,,,,,,,,,,,,,,,,,,,,,,,,,,,,,,,,,,,,,,,,,,,,,,,,,,,,,,,,,,,,,,,,,,,,,,,,,,,,,,,,,,,,,,,,,,,,,,,
CHEMBL280074,Thermal melting change,0.4,,,,,,,,,,,,,,,,,,,,,,,,,,,,,,,,,,,,,,,,,,,,,,,,,,,,,,,,,,,,,,,,,,,,,,,,,,,,,,,,,,,,,,,,,,,,,,,,,,,,,,,,,,,,,,,,,,,,,,,,,,,,,,
CHEMBL3430784,Thermal melting change,0.0,,,,,,,,,,,,,,,,,,,,,,,,,,,,,,,,,,,,,,,,,,,,,,,,,,,,,,,,,,,,,,,,,,,,,,,,,,,,,,,,,,,,,,,,,,,,,,,,,,,,,,,,,,,,,,,,,,,,,,,,,,,,,,
CHEMBL408678,Thermal melting change,0.8,,,,,,,,,,,,,,,,,,,,,,,,,,,,,,,,,,,,,,,,,,,,,,,,,,,,,,,,,,,,,,,,,,,,,,,,,,,,,,,,,,,,,,,,,,,,,,,,,,,,,,,,,,,,,,,,,,,,,,,,,,,,,,
CHEMBL38380,Thermal melting change,0.7,,,,,,,,,,,,,,,,,,,,,,,,,,,,,,,,,,,,,,,,,,,,,,,,,,,,,,,,,,,,,,,,,,,,,,,,,,,,,,,,,,,,,,,,,,,,,,,,,,,,,,,,,,,,,,,,,,,,,,,,,,,,,,
CHEMBL311228,Thermal melting change,-0.1,,,,,,,,,,,,,,,,,,,,,,,,,,,,,,,,,,,,,,,,,,,,,,,,,,,,,,,,,,,,,,,,,,,,,,,,,,,,,,,,,,,,,,,,,,,,,,,,,,,,,,,,,,,,,,,,,,,,,,,,,,,,,,
CHEMBL126254,Thermal melting change,0.0,,,,,,,,,,,,,,,,,,,,,,,,,,,,,,,,,,,,,,,,,,,,,,,,,,,,,,,,,,,,,,,,,,,,,,,,,,,,,,,,,,,,,,,,,,,,,,,,,,,,,,,,,,,,,,,,,,,,,,,,,,,,,,
